Copyright 1986-2022 Xilinx, Inc. All Rights Reserved. Copyright 2022-2024 Advanced Micro Devices, Inc. All Rights Reserved.
------------------------------------------------------------------------------------------------------------------------------------------------------------------------------------------
| Tool Version : Vivado v.2024.2 (win64) Build 5239630 Fri Nov 08 22:35:27 MST 2024
| Date         : Wed Jul  1 02:45:42 2026
| Host         : WIN-20240824NZS running 64-bit major release  (build 9200)
| Command      : report_methodology -file E:/HDEC/cva6-vhdc-core/tmp/hdec_v15_pointmul_worktree/reports/cva6_hdec_lite_impl_2026_07_01/impl_zynq7020_lite_bufg/methodology_post_route.rpt
| Design       : cva6_hdec_lite_impl_wrapper
| Device       : xc7z020clg400-2
| Speed File   : -2
| Design State : Fully Routed
------------------------------------------------------------------------------------------------------------------------------------------------------------------------------------------

Report Methodology

Table of Contents
-----------------
1. REPORT SUMMARY
2. REPORT DETAILS

1. REPORT SUMMARY
-----------------
            Netlist: cva6_hdec_lite_impl_wrapper
          Floorplan: design_1
      Design limits: <entire design considered>
             Max checks: <unlimited>
             Checks found: 1040
+-----------+----------+--------------------------------------------+--------+
| Rule      | Severity | Description                                | Checks |
+-----------+----------+--------------------------------------------+--------+
| SYNTH-6   | Warning  | Timing of a RAM block might be sub-optimal | 8      |
| SYNTH-10  | Warning  | Wide multiplier                            | 16     |
| TIMING-16 | Warning  | Large setup violation                      | 1000   |
| XDCH-2    | Warning  | Same min and max delay values on IO port   | 16     |
+-----------+----------+--------------------------------------------+--------+

2. REPORT DETAILS
-----------------
SYNTH-6#1 Warning
Timing of a RAM block might be sub-optimal  
The timing for the instance i_ariane/i_cva6/gen_cache_wt.i_cache_subsystem/i_cva6_icache/gen_sram[0].tag_sram/data_sram/gen_cut[0].i_tc_sram_wrapper/i_ram/Mem_DP_reg, implemented as a RAM block, might be sub-optimal as no output register was merged into the block.
Related violations: <none>

SYNTH-6#2 Warning
Timing of a RAM block might be sub-optimal  
The timing for the instance i_ariane/i_cva6/gen_cache_wt.i_cache_subsystem/i_cva6_icache/gen_sram[1].data_sram/data_sram/gen_cut[1].i_tc_sram_wrapper/i_ram/Mem_DP_reg, implemented as a RAM block, might be sub-optimal as no output register was merged into the block.
Related violations: <none>

SYNTH-6#3 Warning
Timing of a RAM block might be sub-optimal  
The timing for the instance i_ariane/i_cva6/gen_cache_wt.i_cache_subsystem/i_cva6_icache/gen_sram[1].tag_sram/data_sram/gen_cut[0].i_tc_sram_wrapper/i_ram/Mem_DP_reg, implemented as a RAM block, might be sub-optimal as no output register was merged into the block.
Related violations: <none>

SYNTH-6#4 Warning
Timing of a RAM block might be sub-optimal  
The timing for the instance i_ariane/i_cva6/gen_cache_wt.i_cache_subsystem/i_wt_dcache/i_wt_dcache_mem/gen_data_banks[0].i_data_sram/data_sram/gen_cut[0].i_tc_sram_wrapper/i_ram/Mem_DP_reg, implemented as a RAM block, might be sub-optimal as no output register was merged into the block.
Related violations: <none>

SYNTH-6#5 Warning
Timing of a RAM block might be sub-optimal  
The timing for the instance i_ariane/i_cva6/gen_cache_wt.i_cache_subsystem/i_wt_dcache/i_wt_dcache_mem/gen_data_banks[0].i_data_sram/data_sram/gen_cut[1].i_tc_sram_wrapper/i_ram/Mem_DP_reg, implemented as a RAM block, might be sub-optimal as no output register was merged into the block.
Related violations: <none>

SYNTH-6#6 Warning
Timing of a RAM block might be sub-optimal  
The timing for the instance i_ariane/i_cva6/gen_cache_wt.i_cache_subsystem/i_wt_dcache/i_wt_dcache_mem/gen_data_banks[1].i_data_sram/data_sram/gen_cut[0].i_tc_sram_wrapper/i_ram/Mem_DP_reg, implemented as a RAM block, might be sub-optimal as no output register was merged into the block.
Related violations: <none>

SYNTH-6#7 Warning
Timing of a RAM block might be sub-optimal  
The timing for the instance i_ariane/i_cva6/gen_cache_wt.i_cache_subsystem/i_wt_dcache/i_wt_dcache_mem/gen_data_banks[1].i_data_sram/data_sram/gen_cut[1].i_tc_sram_wrapper/i_ram/Mem_DP_reg, implemented as a RAM block, might be sub-optimal as no output register was merged into the block.
Related violations: <none>

SYNTH-6#8 Warning
Timing of a RAM block might be sub-optimal  
The timing for the instance i_ariane/i_cva6/gen_cache_wt.i_cache_subsystem/i_wt_dcache/i_wt_dcache_mem/gen_tag_srams[1].i_tag_sram/data_sram/gen_cut[0].i_tc_sram_wrapper/i_ram/Mem_DP_reg, implemented as a RAM block, might be sub-optimal as no output register was merged into the block.
Related violations: <none>

SYNTH-10#1 Warning
Wide multiplier  
Detected multiplier at i_ariane/i_cva6/ex_stage_i/i_mult/i_multiplier/mult_result_d of size 14x18, it is decomposed from a wide multipler into 16 DSP blocks.
Related violations: <none>

SYNTH-10#2 Warning
Wide multiplier  
Detected multiplier at i_ariane/i_cva6/ex_stage_i/i_mult/i_multiplier/mult_result_d__0 of size 18x14, it is decomposed from a wide multipler into 16 DSP blocks.
Related violations: <none>

SYNTH-10#3 Warning
Wide multiplier  
Detected multiplier at i_ariane/i_cva6/ex_stage_i/i_mult/i_multiplier/mult_result_d__1 of size 14x18, it is decomposed from a wide multipler into 16 DSP blocks.
Related violations: <none>

SYNTH-10#4 Warning
Wide multiplier  
Detected multiplier at i_ariane/i_cva6/ex_stage_i/i_mult/i_multiplier/mult_result_d__10 of size 18x18, it is decomposed from a wide multipler into 16 DSP blocks.
Related violations: <none>

SYNTH-10#5 Warning
Wide multiplier  
Detected multiplier at i_ariane/i_cva6/ex_stage_i/i_mult/i_multiplier/mult_result_d__11 of size 18x18, it is decomposed from a wide multipler into 16 DSP blocks.
Related violations: <none>

SYNTH-10#6 Warning
Wide multiplier  
Detected multiplier at i_ariane/i_cva6/ex_stage_i/i_mult/i_multiplier/mult_result_d__12 of size 18x18, it is decomposed from a wide multipler into 16 DSP blocks.
Related violations: <none>

SYNTH-10#7 Warning
Wide multiplier  
Detected multiplier at i_ariane/i_cva6/ex_stage_i/i_mult/i_multiplier/mult_result_d__13 of size 18x18, it is decomposed from a wide multipler into 16 DSP blocks.
Related violations: <none>

SYNTH-10#8 Warning
Wide multiplier  
Detected multiplier at i_ariane/i_cva6/ex_stage_i/i_mult/i_multiplier/mult_result_d__14 of size 18x18, it is decomposed from a wide multipler into 16 DSP blocks.
Related violations: <none>

SYNTH-10#9 Warning
Wide multiplier  
Detected multiplier at i_ariane/i_cva6/ex_stage_i/i_mult/i_multiplier/mult_result_d__2 of size 14x14, it is decomposed from a wide multipler into 16 DSP blocks.
Related violations: <none>

SYNTH-10#10 Warning
Wide multiplier  
Detected multiplier at i_ariane/i_cva6/ex_stage_i/i_mult/i_multiplier/mult_result_d__3 of size 18x18, it is decomposed from a wide multipler into 16 DSP blocks.
Related violations: <none>

SYNTH-10#11 Warning
Wide multiplier  
Detected multiplier at i_ariane/i_cva6/ex_stage_i/i_mult/i_multiplier/mult_result_d__4 of size 14x18, it is decomposed from a wide multipler into 16 DSP blocks.
Related violations: <none>

SYNTH-10#12 Warning
Wide multiplier  
Detected multiplier at i_ariane/i_cva6/ex_stage_i/i_mult/i_multiplier/mult_result_d__5 of size 18x14, it is decomposed from a wide multipler into 16 DSP blocks.
Related violations: <none>

SYNTH-10#13 Warning
Wide multiplier  
Detected multiplier at i_ariane/i_cva6/ex_stage_i/i_mult/i_multiplier/mult_result_d__6 of size 18x18, it is decomposed from a wide multipler into 16 DSP blocks.
Related violations: <none>

SYNTH-10#14 Warning
Wide multiplier  
Detected multiplier at i_ariane/i_cva6/ex_stage_i/i_mult/i_multiplier/mult_result_d__7 of size 18x18, it is decomposed from a wide multipler into 16 DSP blocks.
Related violations: <none>

SYNTH-10#15 Warning
Wide multiplier  
Detected multiplier at i_ariane/i_cva6/ex_stage_i/i_mult/i_multiplier/mult_result_d__8 of size 18x18, it is decomposed from a wide multipler into 16 DSP blocks.
Related violations: <none>

SYNTH-10#16 Warning
Wide multiplier  
Detected multiplier at i_ariane/i_cva6/ex_stage_i/i_mult/i_multiplier/mult_result_d__9 of size 18x14, it is decomposed from a wide multipler into 16 DSP blocks.
Related violations: <none>

TIMING-16#1 Warning
Large setup violation  
There is a large setup violation of -1.000 ns between i_ariane/gen_hdec_coprocessor.i_hdec_coprocessor/i_hdec_top/FSM_onehot_st_q_reg[45]/C (clocked by sys_clk) and i_ariane/gen_hdec_coprocessor.i_hdec_coprocessor/i_hdec_top/i_vrf/gen_bank[0].vrf_mem_reg/DIBDI[25] (clocked by sys_clk). Large setup violations at the end of those stages might be difficult to fix during the post-placement implementation flow and could be the result of non-optimal XDC constraints or non-optimal design architecture
Related violations: <none>

TIMING-16#2 Warning
Large setup violation  
There is a large setup violation of -1.002 ns between i_ariane/gen_hdec_coprocessor.i_hdec_coprocessor/i_hdec_top/uop_p3_q_reg[op_type][2]/C (clocked by sys_clk) and i_ariane/gen_hdec_coprocessor.i_hdec_coprocessor/i_hdec_top/hdc_src0_q_reg[2][54]/CE (clocked by sys_clk). Large setup violations at the end of those stages might be difficult to fix during the post-placement implementation flow and could be the result of non-optimal XDC constraints or non-optimal design architecture
Related violations: <none>

TIMING-16#3 Warning
Large setup violation  
There is a large setup violation of -1.003 ns between i_ariane/gen_hdec_coprocessor.i_hdec_coprocessor/i_hdec_top/FSM_onehot_st_q_reg[1]/C (clocked by sys_clk) and i_ariane/gen_hdec_coprocessor.i_hdec_coprocessor/i_hdec_top/i_vrf/gen_bank[1].vrf_mem_reg/ADDRBWRADDR[9] (clocked by sys_clk). Large setup violations at the end of those stages might be difficult to fix during the post-placement implementation flow and could be the result of non-optimal XDC constraints or non-optimal design architecture
Related violations: <none>

TIMING-16#4 Warning
Large setup violation  
There is a large setup violation of -1.003 ns between i_ariane/gen_hdec_coprocessor.i_hdec_coprocessor/i_hdec_top/ecc_leaf_path_q_reg[2]/C (clocked by sys_clk) and i_ariane/gen_hdec_coprocessor.i_hdec_coprocessor/i_hdec_top/ecc_leaf_a_q_reg[24]/CE (clocked by sys_clk). Large setup violations at the end of those stages might be difficult to fix during the post-placement implementation flow and could be the result of non-optimal XDC constraints or non-optimal design architecture
Related violations: <none>

TIMING-16#5 Warning
Large setup violation  
There is a large setup violation of -1.004 ns between i_ariane/gen_hdec_coprocessor.i_hdec_coprocessor/i_hdec_top/i_vrf/gen_bank[2].vrf_mem_reg/CLKARDCLK (clocked by sys_clk) and i_ariane/gen_hdec_coprocessor.i_hdec_coprocessor/i_hdec_top/hperm_stage_q_reg[24]/D (clocked by sys_clk). Large setup violations at the end of those stages might be difficult to fix during the post-placement implementation flow and could be the result of non-optimal XDC constraints or non-optimal design architecture
Related violations: <none>

TIMING-16#6 Warning
Large setup violation  
There is a large setup violation of -1.005 ns between i_ariane/gen_hdec_coprocessor.i_hdec_coprocessor/i_hdec_top/FSM_onehot_st_q_reg[15]_rep__1/C (clocked by sys_clk) and i_ariane/gen_hdec_coprocessor.i_hdec_coprocessor/i_hdec_top/i_vrf/gen_bank[0].vrf_mem_reg/DIADI[28] (clocked by sys_clk). Large setup violations at the end of those stages might be difficult to fix during the post-placement implementation flow and could be the result of non-optimal XDC constraints or non-optimal design architecture
Related violations: <none>

TIMING-16#7 Warning
Large setup violation  
There is a large setup violation of -1.008 ns between i_ariane/gen_hdec_coprocessor.i_hdec_coprocessor/i_hdec_top/uop_p2_q_reg[op_type][1]/C (clocked by sys_clk) and i_ariane/gen_hdec_coprocessor.i_hdec_coprocessor/i_hdec_top/i_vec/payload_q_reg[2][29]/CE (clocked by sys_clk). Large setup violations at the end of those stages might be difficult to fix during the post-placement implementation flow and could be the result of non-optimal XDC constraints or non-optimal design architecture
Related violations: <none>

TIMING-16#8 Warning
Large setup violation  
There is a large setup violation of -1.011 ns between i_ariane/gen_hdec_coprocessor.i_hdec_coprocessor/i_hdec_top/FSM_onehot_st_q_reg[45]/C (clocked by sys_clk) and i_ariane/gen_hdec_coprocessor.i_hdec_coprocessor/i_hdec_top/i_vrf/gen_bank[2].vrf_mem_reg/DIADI[24] (clocked by sys_clk). Large setup violations at the end of those stages might be difficult to fix during the post-placement implementation flow and could be the result of non-optimal XDC constraints or non-optimal design architecture
Related violations: <none>

TIMING-16#9 Warning
Large setup violation  
There is a large setup violation of -1.011 ns between i_ariane/gen_hdec_coprocessor.i_hdec_coprocessor/i_hdec_top/ecc_kpd64_sub_q_reg[1]/C (clocked by sys_clk) and i_ariane/gen_hdec_coprocessor.i_hdec_coprocessor/i_hdec_top/ecc_leaf128_prod_q_reg[51]/D (clocked by sys_clk). Large setup violations at the end of those stages might be difficult to fix during the post-placement implementation flow and could be the result of non-optimal XDC constraints or non-optimal design architecture
Related violations: <none>

TIMING-16#10 Warning
Large setup violation  
There is a large setup violation of -1.012 ns between i_ariane/gen_hdec_coprocessor.i_hdec_coprocessor/i_hdec_top/uop_p2_q_reg[op_type][1]/C (clocked by sys_clk) and i_ariane/gen_hdec_coprocessor.i_hdec_coprocessor/i_hdec_top/i_vec/payload_q_reg[1][8]/CE (clocked by sys_clk). Large setup violations at the end of those stages might be difficult to fix during the post-placement implementation flow and could be the result of non-optimal XDC constraints or non-optimal design architecture
Related violations: <none>

TIMING-16#11 Warning
Large setup violation  
There is a large setup violation of -1.017 ns between i_ariane/gen_hdec_coprocessor.i_hdec_coprocessor/i_hdec_top/uop_p2_q_reg[op_type][1]/C (clocked by sys_clk) and i_ariane/gen_hdec_coprocessor.i_hdec_coprocessor/i_hdec_top/i_vec/payload_q_reg[2][46]/CE (clocked by sys_clk). Large setup violations at the end of those stages might be difficult to fix during the post-placement implementation flow and could be the result of non-optimal XDC constraints or non-optimal design architecture
Related violations: <none>

TIMING-16#12 Warning
Large setup violation  
There is a large setup violation of -1.018 ns between i_ariane/gen_hdec_coprocessor.i_hdec_coprocessor/i_hdec_top/ecc_fold_word_q_reg[1]/C (clocked by sys_clk) and i_ariane/gen_hdec_coprocessor.i_hdec_coprocessor/i_hdec_top/ecc_leaf128_prod_q_reg[30]/CE (clocked by sys_clk). Large setup violations at the end of those stages might be difficult to fix during the post-placement implementation flow and could be the result of non-optimal XDC constraints or non-optimal design architecture
Related violations: <none>

TIMING-16#13 Warning
Large setup violation  
There is a large setup violation of -1.018 ns between i_ariane/gen_hdec_coprocessor.i_hdec_coprocessor/i_hdec_top/ecc_fold_word_q_reg[1]/C (clocked by sys_clk) and i_ariane/gen_hdec_coprocessor.i_hdec_coprocessor/i_hdec_top/ecc_leaf128_prod_q_reg[94]/CE (clocked by sys_clk). Large setup violations at the end of those stages might be difficult to fix during the post-placement implementation flow and could be the result of non-optimal XDC constraints or non-optimal design architecture
Related violations: <none>

TIMING-16#14 Warning
Large setup violation  
There is a large setup violation of -1.020 ns between i_ariane/gen_hdec_coprocessor.i_hdec_coprocessor/i_hdec_top/uop_p2_q_reg[op_type][1]/C (clocked by sys_clk) and i_ariane/gen_hdec_coprocessor.i_hdec_coprocessor/i_hdec_top/i_vec/payload_q_reg[3][39]/CE (clocked by sys_clk). Large setup violations at the end of those stages might be difficult to fix during the post-placement implementation flow and could be the result of non-optimal XDC constraints or non-optimal design architecture
Related violations: <none>

TIMING-16#15 Warning
Large setup violation  
There is a large setup violation of -1.020 ns between i_ariane/gen_hdec_coprocessor.i_hdec_coprocessor/i_hdec_top/uop_p2_q_reg[op_type][1]/C (clocked by sys_clk) and i_ariane/gen_hdec_coprocessor.i_hdec_coprocessor/i_hdec_top/i_vec/payload_q_reg[3][55]/CE (clocked by sys_clk). Large setup violations at the end of those stages might be difficult to fix during the post-placement implementation flow and could be the result of non-optimal XDC constraints or non-optimal design architecture
Related violations: <none>

TIMING-16#16 Warning
Large setup violation  
There is a large setup violation of -1.023 ns between i_ariane/gen_hdec_coprocessor.i_hdec_coprocessor/i_hdec_top/ecc_leaf_path_q_reg[2]/C (clocked by sys_clk) and i_ariane/gen_hdec_coprocessor.i_hdec_coprocessor/i_hdec_top/ecc_leaf_a_q_reg[11]/CE (clocked by sys_clk). Large setup violations at the end of those stages might be difficult to fix during the post-placement implementation flow and could be the result of non-optimal XDC constraints or non-optimal design architecture
Related violations: <none>

TIMING-16#17 Warning
Large setup violation  
There is a large setup violation of -1.023 ns between i_ariane/gen_hdec_coprocessor.i_hdec_coprocessor/i_hdec_top/ecc_leaf_path_q_reg[2]/C (clocked by sys_clk) and i_ariane/gen_hdec_coprocessor.i_hdec_coprocessor/i_hdec_top/ecc_leaf_a_q_reg[13]/CE (clocked by sys_clk). Large setup violations at the end of those stages might be difficult to fix during the post-placement implementation flow and could be the result of non-optimal XDC constraints or non-optimal design architecture
Related violations: <none>

TIMING-16#18 Warning
Large setup violation  
There is a large setup violation of -1.023 ns between i_ariane/gen_hdec_coprocessor.i_hdec_coprocessor/i_hdec_top/ecc_leaf_path_q_reg[2]/C (clocked by sys_clk) and i_ariane/gen_hdec_coprocessor.i_hdec_coprocessor/i_hdec_top/ecc_leaf_a_q_reg[25]/CE (clocked by sys_clk). Large setup violations at the end of those stages might be difficult to fix during the post-placement implementation flow and could be the result of non-optimal XDC constraints or non-optimal design architecture
Related violations: <none>

TIMING-16#19 Warning
Large setup violation  
There is a large setup violation of -1.023 ns between i_ariane/gen_hdec_coprocessor.i_hdec_coprocessor/i_hdec_top/ecc_leaf_path_q_reg[2]/C (clocked by sys_clk) and i_ariane/gen_hdec_coprocessor.i_hdec_coprocessor/i_hdec_top/ecc_leaf_a_q_reg[9]/CE (clocked by sys_clk). Large setup violations at the end of those stages might be difficult to fix during the post-placement implementation flow and could be the result of non-optimal XDC constraints or non-optimal design architecture
Related violations: <none>

TIMING-16#20 Warning
Large setup violation  
There is a large setup violation of -1.024 ns between i_ariane/gen_hdec_coprocessor.i_hdec_coprocessor/i_hdec_top/uop_p2_q_reg[op_type][1]/C (clocked by sys_clk) and i_ariane/gen_hdec_coprocessor.i_hdec_coprocessor/i_hdec_top/i_vec/payload_q_reg[0][47]/CE (clocked by sys_clk). Large setup violations at the end of those stages might be difficult to fix during the post-placement implementation flow and could be the result of non-optimal XDC constraints or non-optimal design architecture
Related violations: <none>

TIMING-16#21 Warning
Large setup violation  
There is a large setup violation of -1.027 ns between i_ariane/gen_hdec_coprocessor.i_hdec_coprocessor/i_hdec_top/ecc_fold_word_q_reg[1]/C (clocked by sys_clk) and i_ariane/gen_hdec_coprocessor.i_hdec_coprocessor/i_hdec_top/ecc_leaf128_prod_q_reg[103]/CE (clocked by sys_clk). Large setup violations at the end of those stages might be difficult to fix during the post-placement implementation flow and could be the result of non-optimal XDC constraints or non-optimal design architecture
Related violations: <none>

TIMING-16#22 Warning
Large setup violation  
There is a large setup violation of -1.027 ns between i_ariane/gen_hdec_coprocessor.i_hdec_coprocessor/i_hdec_top/ecc_fold_word_q_reg[1]/C (clocked by sys_clk) and i_ariane/gen_hdec_coprocessor.i_hdec_coprocessor/i_hdec_top/ecc_leaf128_prod_q_reg[121]/CE (clocked by sys_clk). Large setup violations at the end of those stages might be difficult to fix during the post-placement implementation flow and could be the result of non-optimal XDC constraints or non-optimal design architecture
Related violations: <none>

TIMING-16#23 Warning
Large setup violation  
There is a large setup violation of -1.027 ns between i_ariane/gen_hdec_coprocessor.i_hdec_coprocessor/i_hdec_top/ecc_fold_word_q_reg[1]/C (clocked by sys_clk) and i_ariane/gen_hdec_coprocessor.i_hdec_coprocessor/i_hdec_top/ecc_leaf128_prod_q_reg[57]/CE (clocked by sys_clk). Large setup violations at the end of those stages might be difficult to fix during the post-placement implementation flow and could be the result of non-optimal XDC constraints or non-optimal design architecture
Related violations: <none>

TIMING-16#24 Warning
Large setup violation  
There is a large setup violation of -1.028 ns between i_ariane/gen_hdec_coprocessor.i_hdec_coprocessor/i_hdec_top/FSM_onehot_st_q_reg[1]_rep/C (clocked by sys_clk) and i_ariane/gen_hdec_coprocessor.i_hdec_coprocessor/i_hdec_top/i_vrf/gen_bank[1].vrf_mem_reg/DIADI[27] (clocked by sys_clk). Large setup violations at the end of those stages might be difficult to fix during the post-placement implementation flow and could be the result of non-optimal XDC constraints or non-optimal design architecture
Related violations: <none>

TIMING-16#25 Warning
Large setup violation  
There is a large setup violation of -1.030 ns between i_ariane/gen_hdec_coprocessor.i_hdec_coprocessor/i_hdec_top/ecc_leaf_path_q_reg[2]/C (clocked by sys_clk) and i_ariane/gen_hdec_coprocessor.i_hdec_coprocessor/i_hdec_top/ecc_leaf_a_q_reg[22]/CE (clocked by sys_clk). Large setup violations at the end of those stages might be difficult to fix during the post-placement implementation flow and could be the result of non-optimal XDC constraints or non-optimal design architecture
Related violations: <none>

TIMING-16#26 Warning
Large setup violation  
There is a large setup violation of -1.030 ns between i_ariane/gen_hdec_coprocessor.i_hdec_coprocessor/i_hdec_top/ecc_leaf_path_q_reg[2]/C (clocked by sys_clk) and i_ariane/gen_hdec_coprocessor.i_hdec_coprocessor/i_hdec_top/ecc_leaf_a_q_reg[5]/CE (clocked by sys_clk). Large setup violations at the end of those stages might be difficult to fix during the post-placement implementation flow and could be the result of non-optimal XDC constraints or non-optimal design architecture
Related violations: <none>

TIMING-16#27 Warning
Large setup violation  
There is a large setup violation of -1.030 ns between i_ariane/gen_hdec_coprocessor.i_hdec_coprocessor/i_hdec_top/uop_p3_q_reg[op_type][2]/C (clocked by sys_clk) and i_ariane/gen_hdec_coprocessor.i_hdec_coprocessor/i_hdec_top/hdc_src0_q_reg[0][25]/CE (clocked by sys_clk). Large setup violations at the end of those stages might be difficult to fix during the post-placement implementation flow and could be the result of non-optimal XDC constraints or non-optimal design architecture
Related violations: <none>

TIMING-16#28 Warning
Large setup violation  
There is a large setup violation of -1.030 ns between i_ariane/gen_hdec_coprocessor.i_hdec_coprocessor/i_hdec_top/uop_p3_q_reg[op_type][2]/C (clocked by sys_clk) and i_ariane/gen_hdec_coprocessor.i_hdec_coprocessor/i_hdec_top/hdc_src0_q_reg[0][26]/CE (clocked by sys_clk). Large setup violations at the end of those stages might be difficult to fix during the post-placement implementation flow and could be the result of non-optimal XDC constraints or non-optimal design architecture
Related violations: <none>

TIMING-16#29 Warning
Large setup violation  
There is a large setup violation of -1.034 ns between i_ariane/gen_hdec_coprocessor.i_hdec_coprocessor/i_hdec_top/ecc_pmul_subop_q_reg[0]/C (clocked by sys_clk) and i_ariane/gen_hdec_coprocessor.i_hdec_coprocessor/i_hdec_top/ecc_pmul_step_q_reg[5]/D (clocked by sys_clk). Large setup violations at the end of those stages might be difficult to fix during the post-placement implementation flow and could be the result of non-optimal XDC constraints or non-optimal design architecture
Related violations: <none>

TIMING-16#30 Warning
Large setup violation  
There is a large setup violation of -1.040 ns between i_ariane/gen_hdec_coprocessor.i_hdec_coprocessor/i_hdec_top/uop_p2_q_reg[op_type][1]/C (clocked by sys_clk) and i_ariane/gen_hdec_coprocessor.i_hdec_coprocessor/i_hdec_top/i_vec/payload_q_reg[1][11]/CE (clocked by sys_clk). Large setup violations at the end of those stages might be difficult to fix during the post-placement implementation flow and could be the result of non-optimal XDC constraints or non-optimal design architecture
Related violations: <none>

TIMING-16#31 Warning
Large setup violation  
There is a large setup violation of -1.040 ns between i_ariane/gen_hdec_coprocessor.i_hdec_coprocessor/i_hdec_top/uop_p3_q_reg[op_type][2]/C (clocked by sys_clk) and i_ariane/gen_hdec_coprocessor.i_hdec_coprocessor/i_hdec_top/hdc_src0_q_reg[2][61]/CE (clocked by sys_clk). Large setup violations at the end of those stages might be difficult to fix during the post-placement implementation flow and could be the result of non-optimal XDC constraints or non-optimal design architecture
Related violations: <none>

TIMING-16#32 Warning
Large setup violation  
There is a large setup violation of -1.040 ns between i_ariane/gen_hdec_coprocessor.i_hdec_coprocessor/i_hdec_top/uop_p3_q_reg[op_type][2]/C (clocked by sys_clk) and i_ariane/gen_hdec_coprocessor.i_hdec_coprocessor/i_hdec_top/hdc_src0_q_reg[2][63]/CE (clocked by sys_clk). Large setup violations at the end of those stages might be difficult to fix during the post-placement implementation flow and could be the result of non-optimal XDC constraints or non-optimal design architecture
Related violations: <none>

TIMING-16#33 Warning
Large setup violation  
There is a large setup violation of -1.041 ns between i_ariane/gen_hdec_coprocessor.i_hdec_coprocessor/i_hdec_top/ecc_fold_word_q_reg[1]/C (clocked by sys_clk) and i_ariane/gen_hdec_coprocessor.i_hdec_coprocessor/i_hdec_top/ecc_leaf128_prod_q_reg[46]/CE (clocked by sys_clk). Large setup violations at the end of those stages might be difficult to fix during the post-placement implementation flow and could be the result of non-optimal XDC constraints or non-optimal design architecture
Related violations: <none>

TIMING-16#34 Warning
Large setup violation  
There is a large setup violation of -1.041 ns between i_ariane/gen_hdec_coprocessor.i_hdec_coprocessor/i_hdec_top/ecc_fold_word_q_reg[1]/C (clocked by sys_clk) and i_ariane/gen_hdec_coprocessor.i_hdec_coprocessor/i_hdec_top/ecc_leaf128_prod_q_reg[89]/CE (clocked by sys_clk). Large setup violations at the end of those stages might be difficult to fix during the post-placement implementation flow and could be the result of non-optimal XDC constraints or non-optimal design architecture
Related violations: <none>

TIMING-16#35 Warning
Large setup violation  
There is a large setup violation of -1.042 ns between i_ariane/gen_hdec_coprocessor.i_hdec_coprocessor/i_hdec_top/FSM_onehot_st_q_reg[15]_rep__1/C (clocked by sys_clk) and i_ariane/gen_hdec_coprocessor.i_hdec_coprocessor/i_hdec_top/i_vrf/gen_bank[0].vrf_mem_reg/DIADI[11] (clocked by sys_clk). Large setup violations at the end of those stages might be difficult to fix during the post-placement implementation flow and could be the result of non-optimal XDC constraints or non-optimal design architecture
Related violations: <none>

TIMING-16#36 Warning
Large setup violation  
There is a large setup violation of -1.043 ns between i_ariane/gen_hdec_coprocessor.i_hdec_coprocessor/i_hdec_top/p2_lane_compute_q_reg/C (clocked by sys_clk) and i_ariane/gen_hdec_coprocessor.i_hdec_coprocessor/i_hdec_top/i_vec/payload_q_reg[0][61]/D (clocked by sys_clk). Large setup violations at the end of those stages might be difficult to fix during the post-placement implementation flow and could be the result of non-optimal XDC constraints or non-optimal design architecture
Related violations: <none>

TIMING-16#37 Warning
Large setup violation  
There is a large setup violation of -1.043 ns between i_ariane/gen_hdec_coprocessor.i_hdec_coprocessor/i_hdec_top/uop_p2_q_reg[op_type][1]/C (clocked by sys_clk) and i_ariane/gen_hdec_coprocessor.i_hdec_coprocessor/i_hdec_top/i_vec/payload_q_reg[2][27]/CE (clocked by sys_clk). Large setup violations at the end of those stages might be difficult to fix during the post-placement implementation flow and could be the result of non-optimal XDC constraints or non-optimal design architecture
Related violations: <none>

TIMING-16#38 Warning
Large setup violation  
There is a large setup violation of -1.043 ns between i_ariane/gen_hdec_coprocessor.i_hdec_coprocessor/i_hdec_top/uop_p3_q_reg[op_type][2]/C (clocked by sys_clk) and i_ariane/gen_hdec_coprocessor.i_hdec_coprocessor/i_hdec_top/hdc_src0_q_reg[2][53]/CE (clocked by sys_clk). Large setup violations at the end of those stages might be difficult to fix during the post-placement implementation flow and could be the result of non-optimal XDC constraints or non-optimal design architecture
Related violations: <none>

TIMING-16#39 Warning
Large setup violation  
There is a large setup violation of -1.044 ns between i_ariane/gen_hdec_coprocessor.i_hdec_coprocessor/i_hdec_top/FSM_onehot_st_q_reg[45]/C (clocked by sys_clk) and i_ariane/gen_hdec_coprocessor.i_hdec_coprocessor/i_hdec_top/i_vrf/gen_bank[1].vrf_mem_reg/DIBDI[18] (clocked by sys_clk). Large setup violations at the end of those stages might be difficult to fix during the post-placement implementation flow and could be the result of non-optimal XDC constraints or non-optimal design architecture
Related violations: <none>

TIMING-16#40 Warning
Large setup violation  
There is a large setup violation of -1.044 ns between i_ariane/gen_hdec_coprocessor.i_hdec_coprocessor/i_hdec_top/uop_p3_q_reg[subgroup_idx][1]_rep/C (clocked by sys_clk) and i_ariane/gen_hdec_coprocessor.i_hdec_coprocessor/i_hdec_top/hdc_src0_q_reg[0][36]/CE (clocked by sys_clk). Large setup violations at the end of those stages might be difficult to fix during the post-placement implementation flow and could be the result of non-optimal XDC constraints or non-optimal design architecture
Related violations: <none>

TIMING-16#41 Warning
Large setup violation  
There is a large setup violation of -1.045 ns between i_ariane/gen_hdec_coprocessor.i_hdec_coprocessor/i_hdec_top/FSM_onehot_st_q_reg[45]/C (clocked by sys_clk) and i_ariane/gen_hdec_coprocessor.i_hdec_coprocessor/i_hdec_top/i_vrf/gen_bank[0].vrf_mem_reg/DIADI[9] (clocked by sys_clk). Large setup violations at the end of those stages might be difficult to fix during the post-placement implementation flow and could be the result of non-optimal XDC constraints or non-optimal design architecture
Related violations: <none>

TIMING-16#42 Warning
Large setup violation  
There is a large setup violation of -1.045 ns between i_ariane/gen_hdec_coprocessor.i_hdec_coprocessor/i_hdec_top/FSM_onehot_st_q_reg[45]/C (clocked by sys_clk) and i_ariane/gen_hdec_coprocessor.i_hdec_coprocessor/i_hdec_top/i_vrf/gen_bank[0].vrf_mem_reg/DIBDI[22] (clocked by sys_clk). Large setup violations at the end of those stages might be difficult to fix during the post-placement implementation flow and could be the result of non-optimal XDC constraints or non-optimal design architecture
Related violations: <none>

TIMING-16#43 Warning
Large setup violation  
There is a large setup violation of -1.045 ns between i_ariane/gen_hdec_coprocessor.i_hdec_coprocessor/i_hdec_top/FSM_onehot_st_q_reg[45]/C (clocked by sys_clk) and i_ariane/gen_hdec_coprocessor.i_hdec_coprocessor/i_hdec_top/i_vrf/gen_bank[0].vrf_mem_reg/DIBDI[26] (clocked by sys_clk). Large setup violations at the end of those stages might be difficult to fix during the post-placement implementation flow and could be the result of non-optimal XDC constraints or non-optimal design architecture
Related violations: <none>

TIMING-16#44 Warning
Large setup violation  
There is a large setup violation of -1.047 ns between i_ariane/gen_hdec_coprocessor.i_hdec_coprocessor/i_hdec_top/i_vrf/gen_bank[2].vrf_mem_reg/CLKARDCLK (clocked by sys_clk) and i_ariane/gen_hdec_coprocessor.i_hdec_coprocessor/i_hdec_top/ecc_leaf_xor_b_q_reg[18]/D (clocked by sys_clk). Large setup violations at the end of those stages might be difficult to fix during the post-placement implementation flow and could be the result of non-optimal XDC constraints or non-optimal design architecture
Related violations: <none>

TIMING-16#45 Warning
Large setup violation  
There is a large setup violation of -1.048 ns between i_ariane/gen_hdec_coprocessor.i_hdec_coprocessor/i_hdec_top/ecc_fold_word_q_reg[1]/C (clocked by sys_clk) and i_ariane/gen_hdec_coprocessor.i_hdec_coprocessor/i_hdec_top/ecc_leaf128_prod_q_reg[107]/CE (clocked by sys_clk). Large setup violations at the end of those stages might be difficult to fix during the post-placement implementation flow and could be the result of non-optimal XDC constraints or non-optimal design architecture
Related violations: <none>

TIMING-16#46 Warning
Large setup violation  
There is a large setup violation of -1.048 ns between i_ariane/gen_hdec_coprocessor.i_hdec_coprocessor/i_hdec_top/ecc_fold_word_q_reg[1]/C (clocked by sys_clk) and i_ariane/gen_hdec_coprocessor.i_hdec_coprocessor/i_hdec_top/ecc_leaf128_prod_q_reg[110]/CE (clocked by sys_clk). Large setup violations at the end of those stages might be difficult to fix during the post-placement implementation flow and could be the result of non-optimal XDC constraints or non-optimal design architecture
Related violations: <none>

TIMING-16#47 Warning
Large setup violation  
There is a large setup violation of -1.048 ns between i_ariane/gen_hdec_coprocessor.i_hdec_coprocessor/i_hdec_top/ecc_fold_word_q_reg[1]/C (clocked by sys_clk) and i_ariane/gen_hdec_coprocessor.i_hdec_coprocessor/i_hdec_top/ecc_leaf128_prod_q_reg[16]/CE (clocked by sys_clk). Large setup violations at the end of those stages might be difficult to fix during the post-placement implementation flow and could be the result of non-optimal XDC constraints or non-optimal design architecture
Related violations: <none>

TIMING-16#48 Warning
Large setup violation  
There is a large setup violation of -1.048 ns between i_ariane/gen_hdec_coprocessor.i_hdec_coprocessor/i_hdec_top/ecc_fold_word_q_reg[1]/C (clocked by sys_clk) and i_ariane/gen_hdec_coprocessor.i_hdec_coprocessor/i_hdec_top/ecc_leaf128_prod_q_reg[43]/CE (clocked by sys_clk). Large setup violations at the end of those stages might be difficult to fix during the post-placement implementation flow and could be the result of non-optimal XDC constraints or non-optimal design architecture
Related violations: <none>

TIMING-16#49 Warning
Large setup violation  
There is a large setup violation of -1.049 ns between i_ariane/gen_hdec_coprocessor.i_hdec_coprocessor/i_hdec_top/uop_p3_q_reg[subgroup_idx][1]_rep/C (clocked by sys_clk) and i_ariane/gen_hdec_coprocessor.i_hdec_coprocessor/i_hdec_top/hdc_src0_q_reg[2][1]/CE (clocked by sys_clk). Large setup violations at the end of those stages might be difficult to fix during the post-placement implementation flow and could be the result of non-optimal XDC constraints or non-optimal design architecture
Related violations: <none>

TIMING-16#50 Warning
Large setup violation  
There is a large setup violation of -1.049 ns between i_ariane/gen_hdec_coprocessor.i_hdec_coprocessor/i_hdec_top/uop_p3_q_reg[subgroup_idx][1]_rep/C (clocked by sys_clk) and i_ariane/gen_hdec_coprocessor.i_hdec_coprocessor/i_hdec_top/hdc_src0_q_reg[2][2]/CE (clocked by sys_clk). Large setup violations at the end of those stages might be difficult to fix during the post-placement implementation flow and could be the result of non-optimal XDC constraints or non-optimal design architecture
Related violations: <none>

TIMING-16#51 Warning
Large setup violation  
There is a large setup violation of -1.052 ns between i_ariane/gen_hdec_coprocessor.i_hdec_coprocessor/i_hdec_top/FSM_onehot_st_q_reg[45]/C (clocked by sys_clk) and i_ariane/gen_hdec_coprocessor.i_hdec_coprocessor/i_hdec_top/i_vrf/gen_bank[0].vrf_mem_reg/DIADI[15] (clocked by sys_clk). Large setup violations at the end of those stages might be difficult to fix during the post-placement implementation flow and could be the result of non-optimal XDC constraints or non-optimal design architecture
Related violations: <none>

TIMING-16#52 Warning
Large setup violation  
There is a large setup violation of -1.052 ns between i_ariane/gen_hdec_coprocessor.i_hdec_coprocessor/i_hdec_top/uop_p2_q_reg[op_type][1]/C (clocked by sys_clk) and i_ariane/gen_hdec_coprocessor.i_hdec_coprocessor/i_hdec_top/i_vec/payload_q_reg[3][51]/CE (clocked by sys_clk). Large setup violations at the end of those stages might be difficult to fix during the post-placement implementation flow and could be the result of non-optimal XDC constraints or non-optimal design architecture
Related violations: <none>

TIMING-16#53 Warning
Large setup violation  
There is a large setup violation of -1.055 ns between i_ariane/gen_hdec_coprocessor.i_hdec_coprocessor/i_hdec_top/ecc_fold_word_q_reg[1]/C (clocked by sys_clk) and i_ariane/gen_hdec_coprocessor.i_hdec_coprocessor/i_hdec_top/ecc_leaf_b_q_reg[19]/CE (clocked by sys_clk). Large setup violations at the end of those stages might be difficult to fix during the post-placement implementation flow and could be the result of non-optimal XDC constraints or non-optimal design architecture
Related violations: <none>

TIMING-16#54 Warning
Large setup violation  
There is a large setup violation of -1.055 ns between i_ariane/gen_hdec_coprocessor.i_hdec_coprocessor/i_hdec_top/ecc_fold_word_q_reg[1]/C (clocked by sys_clk) and i_ariane/gen_hdec_coprocessor.i_hdec_coprocessor/i_hdec_top/ecc_leaf_b_q_reg[21]/CE (clocked by sys_clk). Large setup violations at the end of those stages might be difficult to fix during the post-placement implementation flow and could be the result of non-optimal XDC constraints or non-optimal design architecture
Related violations: <none>

TIMING-16#55 Warning
Large setup violation  
There is a large setup violation of -1.055 ns between i_ariane/gen_hdec_coprocessor.i_hdec_coprocessor/i_hdec_top/ecc_fold_word_q_reg[1]/C (clocked by sys_clk) and i_ariane/gen_hdec_coprocessor.i_hdec_coprocessor/i_hdec_top/ecc_leaf_b_q_reg[22]/CE (clocked by sys_clk). Large setup violations at the end of those stages might be difficult to fix during the post-placement implementation flow and could be the result of non-optimal XDC constraints or non-optimal design architecture
Related violations: <none>

TIMING-16#56 Warning
Large setup violation  
There is a large setup violation of -1.055 ns between i_ariane/gen_hdec_coprocessor.i_hdec_coprocessor/i_hdec_top/ecc_fold_word_q_reg[1]/C (clocked by sys_clk) and i_ariane/gen_hdec_coprocessor.i_hdec_coprocessor/i_hdec_top/ecc_leaf_b_q_reg[23]/CE (clocked by sys_clk). Large setup violations at the end of those stages might be difficult to fix during the post-placement implementation flow and could be the result of non-optimal XDC constraints or non-optimal design architecture
Related violations: <none>

TIMING-16#57 Warning
Large setup violation  
There is a large setup violation of -1.055 ns between i_ariane/gen_hdec_coprocessor.i_hdec_coprocessor/i_hdec_top/ecc_fold_word_q_reg[1]/C (clocked by sys_clk) and i_ariane/gen_hdec_coprocessor.i_hdec_coprocessor/i_hdec_top/ecc_leaf_b_q_reg[28]/CE (clocked by sys_clk). Large setup violations at the end of those stages might be difficult to fix during the post-placement implementation flow and could be the result of non-optimal XDC constraints or non-optimal design architecture
Related violations: <none>

TIMING-16#58 Warning
Large setup violation  
There is a large setup violation of -1.055 ns between i_ariane/gen_hdec_coprocessor.i_hdec_coprocessor/i_hdec_top/ecc_fold_word_q_reg[1]/C (clocked by sys_clk) and i_ariane/gen_hdec_coprocessor.i_hdec_coprocessor/i_hdec_top/ecc_leaf_b_q_reg[5]/CE (clocked by sys_clk). Large setup violations at the end of those stages might be difficult to fix during the post-placement implementation flow and could be the result of non-optimal XDC constraints or non-optimal design architecture
Related violations: <none>

TIMING-16#59 Warning
Large setup violation  
There is a large setup violation of -1.057 ns between i_ariane/gen_hdec_coprocessor.i_hdec_coprocessor/i_hdec_top/uop_p2_q_reg[op_type][1]/C (clocked by sys_clk) and i_ariane/gen_hdec_coprocessor.i_hdec_coprocessor/i_hdec_top/i_vec/payload_q_reg[0][15]/CE (clocked by sys_clk). Large setup violations at the end of those stages might be difficult to fix during the post-placement implementation flow and could be the result of non-optimal XDC constraints or non-optimal design architecture
Related violations: <none>

TIMING-16#60 Warning
Large setup violation  
There is a large setup violation of -1.057 ns between i_ariane/gen_hdec_coprocessor.i_hdec_coprocessor/i_hdec_top/uop_p3_q_reg[subgroup_idx][1]_rep/C (clocked by sys_clk) and i_ariane/gen_hdec_coprocessor.i_hdec_coprocessor/i_hdec_top/hdc_src0_q_reg[3][41]/D (clocked by sys_clk). Large setup violations at the end of those stages might be difficult to fix during the post-placement implementation flow and could be the result of non-optimal XDC constraints or non-optimal design architecture
Related violations: <none>

TIMING-16#61 Warning
Large setup violation  
There is a large setup violation of -1.064 ns between i_ariane/gen_hdec_coprocessor.i_hdec_coprocessor/i_hdec_top/FSM_onehot_st_q_reg[45]/C (clocked by sys_clk) and i_ariane/gen_hdec_coprocessor.i_hdec_coprocessor/i_hdec_top/i_vrf/gen_bank[1].vrf_mem_reg/DIADI[31] (clocked by sys_clk). Large setup violations at the end of those stages might be difficult to fix during the post-placement implementation flow and could be the result of non-optimal XDC constraints or non-optimal design architecture
Related violations: <none>

TIMING-16#62 Warning
Large setup violation  
There is a large setup violation of -1.064 ns between i_ariane/gen_hdec_coprocessor.i_hdec_coprocessor/i_hdec_top/i_vrf/gen_bank[3].vrf_mem_reg/CLKARDCLK (clocked by sys_clk) and i_ariane/gen_hdec_coprocessor.i_hdec_coprocessor/i_hdec_top/hperm_stage_q_reg[64]/D (clocked by sys_clk). Large setup violations at the end of those stages might be difficult to fix during the post-placement implementation flow and could be the result of non-optimal XDC constraints or non-optimal design architecture
Related violations: <none>

TIMING-16#63 Warning
Large setup violation  
There is a large setup violation of -1.065 ns between i_ariane/gen_hdec_coprocessor.i_hdec_coprocessor/i_hdec_top/FSM_onehot_st_q_reg[15]_rep__1/C (clocked by sys_clk) and i_ariane/gen_hdec_coprocessor.i_hdec_coprocessor/i_hdec_top/i_vrf/gen_bank[0].vrf_mem_reg/DIBDI[31] (clocked by sys_clk). Large setup violations at the end of those stages might be difficult to fix during the post-placement implementation flow and could be the result of non-optimal XDC constraints or non-optimal design architecture
Related violations: <none>

TIMING-16#64 Warning
Large setup violation  
There is a large setup violation of -1.068 ns between i_ariane/gen_hdec_coprocessor.i_hdec_coprocessor/i_hdec_top/uop_p2_q_reg[op_type][1]/C (clocked by sys_clk) and i_ariane/gen_hdec_coprocessor.i_hdec_coprocessor/i_hdec_top/i_vec/payload_q_reg[3][41]/CE (clocked by sys_clk). Large setup violations at the end of those stages might be difficult to fix during the post-placement implementation flow and could be the result of non-optimal XDC constraints or non-optimal design architecture
Related violations: <none>

TIMING-16#65 Warning
Large setup violation  
There is a large setup violation of -1.068 ns between i_ariane/gen_hdec_coprocessor.i_hdec_coprocessor/i_hdec_top/uop_p2_q_reg[op_type][1]/C (clocked by sys_clk) and i_ariane/gen_hdec_coprocessor.i_hdec_coprocessor/i_hdec_top/i_vec/payload_q_reg[3][57]/CE (clocked by sys_clk). Large setup violations at the end of those stages might be difficult to fix during the post-placement implementation flow and could be the result of non-optimal XDC constraints or non-optimal design architecture
Related violations: <none>

TIMING-16#66 Warning
Large setup violation  
There is a large setup violation of -1.068 ns between i_ariane/gen_hdec_coprocessor.i_hdec_coprocessor/i_hdec_top/uop_p3_q_reg[op_type][2]/C (clocked by sys_clk) and i_ariane/gen_hdec_coprocessor.i_hdec_coprocessor/i_hdec_top/hdc_src0_q_reg[0][21]/CE (clocked by sys_clk). Large setup violations at the end of those stages might be difficult to fix during the post-placement implementation flow and could be the result of non-optimal XDC constraints or non-optimal design architecture
Related violations: <none>

TIMING-16#67 Warning
Large setup violation  
There is a large setup violation of -1.068 ns between i_ariane/gen_hdec_coprocessor.i_hdec_coprocessor/i_hdec_top/uop_p3_q_reg[op_type][2]/C (clocked by sys_clk) and i_ariane/gen_hdec_coprocessor.i_hdec_coprocessor/i_hdec_top/hdc_src0_q_reg[0][30]/CE (clocked by sys_clk). Large setup violations at the end of those stages might be difficult to fix during the post-placement implementation flow and could be the result of non-optimal XDC constraints or non-optimal design architecture
Related violations: <none>

TIMING-16#68 Warning
Large setup violation  
There is a large setup violation of -1.069 ns between i_ariane/gen_hdec_coprocessor.i_hdec_coprocessor/i_hdec_top/uop_p2_q_reg[op_type][1]/C (clocked by sys_clk) and i_ariane/gen_hdec_coprocessor.i_hdec_coprocessor/i_hdec_top/i_vec/payload_q_reg[3][18]/CE (clocked by sys_clk). Large setup violations at the end of those stages might be difficult to fix during the post-placement implementation flow and could be the result of non-optimal XDC constraints or non-optimal design architecture
Related violations: <none>

TIMING-16#69 Warning
Large setup violation  
There is a large setup violation of -1.071 ns between i_ariane/gen_hdec_coprocessor.i_hdec_coprocessor/i_hdec_top/FSM_onehot_st_q_reg[45]/C (clocked by sys_clk) and i_ariane/gen_hdec_coprocessor.i_hdec_coprocessor/i_hdec_top/i_vrf/gen_bank[1].vrf_mem_reg/DIBDI[3] (clocked by sys_clk). Large setup violations at the end of those stages might be difficult to fix during the post-placement implementation flow and could be the result of non-optimal XDC constraints or non-optimal design architecture
Related violations: <none>

TIMING-16#70 Warning
Large setup violation  
There is a large setup violation of -1.073 ns between i_ariane/gen_hdec_coprocessor.i_hdec_coprocessor/i_hdec_top/i_vrf/gen_bank[3].vrf_mem_reg/CLKARDCLK (clocked by sys_clk) and i_ariane/gen_hdec_coprocessor.i_hdec_coprocessor/i_hdec_top/i_vec/payload_q_reg[3][0]/D (clocked by sys_clk). Large setup violations at the end of those stages might be difficult to fix during the post-placement implementation flow and could be the result of non-optimal XDC constraints or non-optimal design architecture
Related violations: <none>

TIMING-16#71 Warning
Large setup violation  
There is a large setup violation of -1.074 ns between i_ariane/gen_hdec_coprocessor.i_hdec_coprocessor/i_hdec_top/ecc_fold_word_q_reg[1]/C (clocked by sys_clk) and i_ariane/gen_hdec_coprocessor.i_hdec_coprocessor/i_hdec_top/ecc_leaf128_prod_q_reg[119]/CE (clocked by sys_clk). Large setup violations at the end of those stages might be difficult to fix during the post-placement implementation flow and could be the result of non-optimal XDC constraints or non-optimal design architecture
Related violations: <none>

TIMING-16#72 Warning
Large setup violation  
There is a large setup violation of -1.074 ns between i_ariane/gen_hdec_coprocessor.i_hdec_coprocessor/i_hdec_top/ecc_fold_word_q_reg[1]/C (clocked by sys_clk) and i_ariane/gen_hdec_coprocessor.i_hdec_coprocessor/i_hdec_top/ecc_leaf128_prod_q_reg[14]/CE (clocked by sys_clk). Large setup violations at the end of those stages might be difficult to fix during the post-placement implementation flow and could be the result of non-optimal XDC constraints or non-optimal design architecture
Related violations: <none>

TIMING-16#73 Warning
Large setup violation  
There is a large setup violation of -1.074 ns between i_ariane/gen_hdec_coprocessor.i_hdec_coprocessor/i_hdec_top/ecc_fold_word_q_reg[1]/C (clocked by sys_clk) and i_ariane/gen_hdec_coprocessor.i_hdec_coprocessor/i_hdec_top/ecc_leaf128_prod_q_reg[55]/CE (clocked by sys_clk). Large setup violations at the end of those stages might be difficult to fix during the post-placement implementation flow and could be the result of non-optimal XDC constraints or non-optimal design architecture
Related violations: <none>

TIMING-16#74 Warning
Large setup violation  
There is a large setup violation of -1.074 ns between i_ariane/gen_hdec_coprocessor.i_hdec_coprocessor/i_hdec_top/ecc_fold_word_q_reg[1]/C (clocked by sys_clk) and i_ariane/gen_hdec_coprocessor.i_hdec_coprocessor/i_hdec_top/ecc_leaf128_prod_q_reg[78]/CE (clocked by sys_clk). Large setup violations at the end of those stages might be difficult to fix during the post-placement implementation flow and could be the result of non-optimal XDC constraints or non-optimal design architecture
Related violations: <none>

TIMING-16#75 Warning
Large setup violation  
There is a large setup violation of -1.076 ns between i_ariane/gen_hdec_coprocessor.i_hdec_coprocessor/i_hdec_top/ecc_autoreduce_q_reg/C (clocked by sys_clk) and i_ariane/gen_hdec_coprocessor.i_hdec_coprocessor/i_hdec_top/hdc_src0_q_reg[2][33]/CE (clocked by sys_clk). Large setup violations at the end of those stages might be difficult to fix during the post-placement implementation flow and could be the result of non-optimal XDC constraints or non-optimal design architecture
Related violations: <none>

TIMING-16#76 Warning
Large setup violation  
There is a large setup violation of -1.076 ns between i_ariane/gen_hdec_coprocessor.i_hdec_coprocessor/i_hdec_top/ecc_autoreduce_q_reg/C (clocked by sys_clk) and i_ariane/gen_hdec_coprocessor.i_hdec_coprocessor/i_hdec_top/hdc_src0_q_reg[2][34]/CE (clocked by sys_clk). Large setup violations at the end of those stages might be difficult to fix during the post-placement implementation flow and could be the result of non-optimal XDC constraints or non-optimal design architecture
Related violations: <none>

TIMING-16#77 Warning
Large setup violation  
There is a large setup violation of -1.077 ns between i_ariane/gen_hdec_coprocessor.i_hdec_coprocessor/i_hdec_top/uop_p3_q_reg[op_type][2]/C (clocked by sys_clk) and i_ariane/gen_hdec_coprocessor.i_hdec_coprocessor/i_hdec_top/hdc_src0_q_reg[1][25]/CE (clocked by sys_clk). Large setup violations at the end of those stages might be difficult to fix during the post-placement implementation flow and could be the result of non-optimal XDC constraints or non-optimal design architecture
Related violations: <none>

TIMING-16#78 Warning
Large setup violation  
There is a large setup violation of -1.079 ns between i_ariane/gen_hdec_coprocessor.i_hdec_coprocessor/i_hdec_top/uop_p3_q_reg[op_type][2]/C (clocked by sys_clk) and i_ariane/gen_hdec_coprocessor.i_hdec_coprocessor/i_hdec_top/hdc_src0_q_reg[0][28]/CE (clocked by sys_clk). Large setup violations at the end of those stages might be difficult to fix during the post-placement implementation flow and could be the result of non-optimal XDC constraints or non-optimal design architecture
Related violations: <none>

TIMING-16#79 Warning
Large setup violation  
There is a large setup violation of -1.082 ns between i_ariane/gen_hdec_coprocessor.i_hdec_coprocessor/i_hdec_top/ecc_fold_word_q_reg[1]/C (clocked by sys_clk) and i_ariane/gen_hdec_coprocessor.i_hdec_coprocessor/i_hdec_top/ecc_leaf128_prod_q_reg[6]/CE (clocked by sys_clk). Large setup violations at the end of those stages might be difficult to fix during the post-placement implementation flow and could be the result of non-optimal XDC constraints or non-optimal design architecture
Related violations: <none>

TIMING-16#80 Warning
Large setup violation  
There is a large setup violation of -1.082 ns between i_ariane/gen_hdec_coprocessor.i_hdec_coprocessor/i_hdec_top/hperm_lane_slot_q_reg[1]/C (clocked by sys_clk) and i_ariane/gen_hdec_coprocessor.i_hdec_coprocessor/i_hdec_top/hperm_stage_q_reg[0]/D (clocked by sys_clk). Large setup violations at the end of those stages might be difficult to fix during the post-placement implementation flow and could be the result of non-optimal XDC constraints or non-optimal design architecture
Related violations: <none>

TIMING-16#81 Warning
Large setup violation  
There is a large setup violation of -1.096 ns between i_ariane/gen_hdec_coprocessor.i_hdec_coprocessor/i_hdec_top/i_vrf/gen_bank[2].vrf_mem_reg/CLKARDCLK (clocked by sys_clk) and i_ariane/gen_hdec_coprocessor.i_hdec_coprocessor/i_hdec_top/i_vrf/gen_bank[2].vrf_mem_reg/DIBDI[0] (clocked by sys_clk). Large setup violations at the end of those stages might be difficult to fix during the post-placement implementation flow and could be the result of non-optimal XDC constraints or non-optimal design architecture
Related violations: <none>

TIMING-16#82 Warning
Large setup violation  
There is a large setup violation of -1.097 ns between i_ariane/gen_hdec_coprocessor.i_hdec_coprocessor/i_hdec_top/ecc_pmul_step_q_reg[1]/C (clocked by sys_clk) and i_ariane/gen_hdec_coprocessor.i_hdec_coprocessor/i_hdec_top/ecc_pmul_bit_q_reg[5]/CE (clocked by sys_clk). Large setup violations at the end of those stages might be difficult to fix during the post-placement implementation flow and could be the result of non-optimal XDC constraints or non-optimal design architecture
Related violations: <none>

TIMING-16#83 Warning
Large setup violation  
There is a large setup violation of -1.098 ns between i_ariane/gen_hdec_coprocessor.i_hdec_coprocessor/i_hdec_top/ecc_pmul_subop_q_reg[1]/C (clocked by sys_clk) and i_ariane/gen_hdec_coprocessor.i_hdec_coprocessor/i_hdec_top/ecc_src_a_q_reg[4]/CE (clocked by sys_clk). Large setup violations at the end of those stages might be difficult to fix during the post-placement implementation flow and could be the result of non-optimal XDC constraints or non-optimal design architecture
Related violations: <none>

TIMING-16#84 Warning
Large setup violation  
There is a large setup violation of -1.098 ns between i_ariane/gen_hdec_coprocessor.i_hdec_coprocessor/i_hdec_top/hperm_lane_slot_q_reg[1]/C (clocked by sys_clk) and i_ariane/gen_hdec_coprocessor.i_hdec_coprocessor/i_hdec_top/hperm_stage_q_reg[46]/D (clocked by sys_clk). Large setup violations at the end of those stages might be difficult to fix during the post-placement implementation flow and could be the result of non-optimal XDC constraints or non-optimal design architecture
Related violations: <none>

TIMING-16#85 Warning
Large setup violation  
There is a large setup violation of -1.100 ns between i_ariane/gen_hdec_coprocessor.i_hdec_coprocessor/i_hdec_top/ecc_fold_word_q_reg[1]/C (clocked by sys_clk) and i_ariane/gen_hdec_coprocessor.i_hdec_coprocessor/i_hdec_top/ecc_leaf128_prod_q_reg[102]/CE (clocked by sys_clk). Large setup violations at the end of those stages might be difficult to fix during the post-placement implementation flow and could be the result of non-optimal XDC constraints or non-optimal design architecture
Related violations: <none>

TIMING-16#86 Warning
Large setup violation  
There is a large setup violation of -1.100 ns between i_ariane/gen_hdec_coprocessor.i_hdec_coprocessor/i_hdec_top/ecc_fold_word_q_reg[1]/C (clocked by sys_clk) and i_ariane/gen_hdec_coprocessor.i_hdec_coprocessor/i_hdec_top/ecc_leaf128_prod_q_reg[22]/CE (clocked by sys_clk). Large setup violations at the end of those stages might be difficult to fix during the post-placement implementation flow and could be the result of non-optimal XDC constraints or non-optimal design architecture
Related violations: <none>

TIMING-16#87 Warning
Large setup violation  
There is a large setup violation of -1.100 ns between i_ariane/gen_hdec_coprocessor.i_hdec_coprocessor/i_hdec_top/ecc_fold_word_q_reg[1]/C (clocked by sys_clk) and i_ariane/gen_hdec_coprocessor.i_hdec_coprocessor/i_hdec_top/ecc_leaf128_prod_q_reg[28]/CE (clocked by sys_clk). Large setup violations at the end of those stages might be difficult to fix during the post-placement implementation flow and could be the result of non-optimal XDC constraints or non-optimal design architecture
Related violations: <none>

TIMING-16#88 Warning
Large setup violation  
There is a large setup violation of -1.100 ns between i_ariane/gen_hdec_coprocessor.i_hdec_coprocessor/i_hdec_top/ecc_fold_word_q_reg[1]/C (clocked by sys_clk) and i_ariane/gen_hdec_coprocessor.i_hdec_coprocessor/i_hdec_top/ecc_leaf128_prod_q_reg[92]/CE (clocked by sys_clk). Large setup violations at the end of those stages might be difficult to fix during the post-placement implementation flow and could be the result of non-optimal XDC constraints or non-optimal design architecture
Related violations: <none>

TIMING-16#89 Warning
Large setup violation  
There is a large setup violation of -1.101 ns between i_ariane/gen_hdec_coprocessor.i_hdec_coprocessor/i_hdec_top/ecc_autoreduce_q_reg/C (clocked by sys_clk) and i_ariane/gen_hdec_coprocessor.i_hdec_coprocessor/i_hdec_top/hdc_src0_q_reg[2][44]/CE (clocked by sys_clk). Large setup violations at the end of those stages might be difficult to fix during the post-placement implementation flow and could be the result of non-optimal XDC constraints or non-optimal design architecture
Related violations: <none>

TIMING-16#90 Warning
Large setup violation  
There is a large setup violation of -1.102 ns between i_ariane/gen_hdec_coprocessor.i_hdec_coprocessor/i_hdec_top/FSM_onehot_st_q_reg[1]_rep/C (clocked by sys_clk) and i_ariane/gen_hdec_coprocessor.i_hdec_coprocessor/i_hdec_top/i_vrf/gen_bank[1].vrf_mem_reg/DIBDI[6] (clocked by sys_clk). Large setup violations at the end of those stages might be difficult to fix during the post-placement implementation flow and could be the result of non-optimal XDC constraints or non-optimal design architecture
Related violations: <none>

TIMING-16#91 Warning
Large setup violation  
There is a large setup violation of -1.102 ns between i_ariane/gen_hdec_coprocessor.i_hdec_coprocessor/i_hdec_top/FSM_onehot_st_q_reg[45]/C (clocked by sys_clk) and i_ariane/gen_hdec_coprocessor.i_hdec_coprocessor/i_hdec_top/i_vrf/gen_bank[1].vrf_mem_reg/DIADI[1] (clocked by sys_clk). Large setup violations at the end of those stages might be difficult to fix during the post-placement implementation flow and could be the result of non-optimal XDC constraints or non-optimal design architecture
Related violations: <none>

TIMING-16#92 Warning
Large setup violation  
There is a large setup violation of -1.108 ns between i_ariane/gen_hdec_coprocessor.i_hdec_coprocessor/i_hdec_top/ecc_pmul_subop_q_reg[0]/C (clocked by sys_clk) and i_ariane/gen_hdec_coprocessor.i_hdec_coprocessor/i_hdec_top/ecc_job_phase_q_reg[0]/D (clocked by sys_clk). Large setup violations at the end of those stages might be difficult to fix during the post-placement implementation flow and could be the result of non-optimal XDC constraints or non-optimal design architecture
Related violations: <none>

TIMING-16#93 Warning
Large setup violation  
There is a large setup violation of -1.111 ns between i_ariane/gen_hdec_coprocessor.i_hdec_coprocessor/i_hdec_top/FSM_onehot_st_q_reg[45]/C (clocked by sys_clk) and i_ariane/gen_hdec_coprocessor.i_hdec_coprocessor/i_hdec_top/i_vrf/gen_bank[1].vrf_mem_reg/DIADI[6] (clocked by sys_clk). Large setup violations at the end of those stages might be difficult to fix during the post-placement implementation flow and could be the result of non-optimal XDC constraints or non-optimal design architecture
Related violations: <none>

TIMING-16#94 Warning
Large setup violation  
There is a large setup violation of -1.113 ns between i_ariane/gen_hdec_coprocessor.i_hdec_coprocessor/i_hdec_top/ecc_fold_word_q_reg[1]/C (clocked by sys_clk) and i_ariane/gen_hdec_coprocessor.i_hdec_coprocessor/i_hdec_top/ecc_leaf128_prod_q_reg[111]/CE (clocked by sys_clk). Large setup violations at the end of those stages might be difficult to fix during the post-placement implementation flow and could be the result of non-optimal XDC constraints or non-optimal design architecture
Related violations: <none>

TIMING-16#95 Warning
Large setup violation  
There is a large setup violation of -1.113 ns between i_ariane/gen_hdec_coprocessor.i_hdec_coprocessor/i_hdec_top/ecc_fold_word_q_reg[1]/C (clocked by sys_clk) and i_ariane/gen_hdec_coprocessor.i_hdec_coprocessor/i_hdec_top/ecc_leaf128_prod_q_reg[115]/CE (clocked by sys_clk). Large setup violations at the end of those stages might be difficult to fix during the post-placement implementation flow and could be the result of non-optimal XDC constraints or non-optimal design architecture
Related violations: <none>

TIMING-16#96 Warning
Large setup violation  
There is a large setup violation of -1.113 ns between i_ariane/gen_hdec_coprocessor.i_hdec_coprocessor/i_hdec_top/ecc_fold_word_q_reg[1]/C (clocked by sys_clk) and i_ariane/gen_hdec_coprocessor.i_hdec_coprocessor/i_hdec_top/ecc_leaf128_prod_q_reg[20]/CE (clocked by sys_clk). Large setup violations at the end of those stages might be difficult to fix during the post-placement implementation flow and could be the result of non-optimal XDC constraints or non-optimal design architecture
Related violations: <none>

TIMING-16#97 Warning
Large setup violation  
There is a large setup violation of -1.113 ns between i_ariane/gen_hdec_coprocessor.i_hdec_coprocessor/i_hdec_top/ecc_fold_word_q_reg[1]/C (clocked by sys_clk) and i_ariane/gen_hdec_coprocessor.i_hdec_coprocessor/i_hdec_top/ecc_leaf128_prod_q_reg[84]/CE (clocked by sys_clk). Large setup violations at the end of those stages might be difficult to fix during the post-placement implementation flow and could be the result of non-optimal XDC constraints or non-optimal design architecture
Related violations: <none>

TIMING-16#98 Warning
Large setup violation  
There is a large setup violation of -1.121 ns between i_ariane/gen_hdec_coprocessor.i_hdec_coprocessor/i_hdec_top/i_vrf/gen_bank[2].vrf_mem_reg/CLKARDCLK (clocked by sys_clk) and i_ariane/gen_hdec_coprocessor.i_hdec_coprocessor/i_hdec_top/hperm_stage_q_reg[32]/D (clocked by sys_clk). Large setup violations at the end of those stages might be difficult to fix during the post-placement implementation flow and could be the result of non-optimal XDC constraints or non-optimal design architecture
Related violations: <none>

TIMING-16#99 Warning
Large setup violation  
There is a large setup violation of -1.125 ns between i_ariane/gen_hdec_coprocessor.i_hdec_coprocessor/i_hdec_top/ecc_fold_word_q_reg[1]/C (clocked by sys_clk) and i_ariane/gen_hdec_coprocessor.i_hdec_coprocessor/i_hdec_top/ecc_leaf128_prod_q_reg[40]/CE (clocked by sys_clk). Large setup violations at the end of those stages might be difficult to fix during the post-placement implementation flow and could be the result of non-optimal XDC constraints or non-optimal design architecture
Related violations: <none>

TIMING-16#100 Warning
Large setup violation  
There is a large setup violation of -1.125 ns between i_ariane/gen_hdec_coprocessor.i_hdec_coprocessor/i_hdec_top/ecc_fold_word_q_reg[1]/C (clocked by sys_clk) and i_ariane/gen_hdec_coprocessor.i_hdec_coprocessor/i_hdec_top/ecc_leaf128_prod_q_reg[72]/CE (clocked by sys_clk). Large setup violations at the end of those stages might be difficult to fix during the post-placement implementation flow and could be the result of non-optimal XDC constraints or non-optimal design architecture
Related violations: <none>

TIMING-16#101 Warning
Large setup violation  
There is a large setup violation of -1.125 ns between i_ariane/gen_hdec_coprocessor.i_hdec_coprocessor/i_hdec_top/ecc_fold_word_q_reg[1]/C (clocked by sys_clk) and i_ariane/gen_hdec_coprocessor.i_hdec_coprocessor/i_hdec_top/ecc_leaf128_prod_q_reg[8]/CE (clocked by sys_clk). Large setup violations at the end of those stages might be difficult to fix during the post-placement implementation flow and could be the result of non-optimal XDC constraints or non-optimal design architecture
Related violations: <none>

TIMING-16#102 Warning
Large setup violation  
There is a large setup violation of -1.127 ns between i_ariane/gen_hdec_coprocessor.i_hdec_coprocessor/i_hdec_top/FSM_onehot_st_q_reg[45]/C (clocked by sys_clk) and i_ariane/gen_hdec_coprocessor.i_hdec_coprocessor/i_hdec_top/i_vrf/gen_bank[0].vrf_mem_reg/DIBDI[28] (clocked by sys_clk). Large setup violations at the end of those stages might be difficult to fix during the post-placement implementation flow and could be the result of non-optimal XDC constraints or non-optimal design architecture
Related violations: <none>

TIMING-16#103 Warning
Large setup violation  
There is a large setup violation of -1.127 ns between i_ariane/gen_hdec_coprocessor.i_hdec_coprocessor/i_hdec_top/FSM_onehot_st_q_reg[45]/C (clocked by sys_clk) and i_ariane/gen_hdec_coprocessor.i_hdec_coprocessor/i_hdec_top/i_vrf/gen_bank[1].vrf_mem_reg/DIADI[13] (clocked by sys_clk). Large setup violations at the end of those stages might be difficult to fix during the post-placement implementation flow and could be the result of non-optimal XDC constraints or non-optimal design architecture
Related violations: <none>

TIMING-16#104 Warning
Large setup violation  
There is a large setup violation of -1.129 ns between i_ariane/gen_hdec_coprocessor.i_hdec_coprocessor/i_hdec_top/ecc_pmul_step_q_reg[1]/C (clocked by sys_clk) and i_ariane/gen_hdec_coprocessor.i_hdec_coprocessor/i_hdec_top/ecc_pmul_bit_q_reg[3]/CE (clocked by sys_clk). Large setup violations at the end of those stages might be difficult to fix during the post-placement implementation flow and could be the result of non-optimal XDC constraints or non-optimal design architecture
Related violations: <none>

TIMING-16#105 Warning
Large setup violation  
There is a large setup violation of -1.132 ns between i_ariane/gen_hdec_coprocessor.i_hdec_coprocessor/i_hdec_top/FSM_onehot_st_q_reg[1]_rep__0/C (clocked by sys_clk) and i_ariane/gen_hdec_coprocessor.i_hdec_coprocessor/i_hdec_top/i_vrf/gen_bank[2].vrf_mem_reg/DIBDI[15] (clocked by sys_clk). Large setup violations at the end of those stages might be difficult to fix during the post-placement implementation flow and could be the result of non-optimal XDC constraints or non-optimal design architecture
Related violations: <none>

TIMING-16#106 Warning
Large setup violation  
There is a large setup violation of -1.135 ns between i_ariane/gen_hdec_coprocessor.i_hdec_coprocessor/i_hdec_top/uop_p2_q_reg[op_type][1]/C (clocked by sys_clk) and i_ariane/gen_hdec_coprocessor.i_hdec_coprocessor/i_hdec_top/i_vec/payload_q_reg[1][3]/CE (clocked by sys_clk). Large setup violations at the end of those stages might be difficult to fix during the post-placement implementation flow and could be the result of non-optimal XDC constraints or non-optimal design architecture
Related violations: <none>

TIMING-16#107 Warning
Large setup violation  
There is a large setup violation of -1.135 ns between i_ariane/gen_hdec_coprocessor.i_hdec_coprocessor/i_hdec_top/uop_p2_q_reg[op_type][1]/C (clocked by sys_clk) and i_ariane/gen_hdec_coprocessor.i_hdec_coprocessor/i_hdec_top/i_vec/payload_q_reg[1][4]/CE (clocked by sys_clk). Large setup violations at the end of those stages might be difficult to fix during the post-placement implementation flow and could be the result of non-optimal XDC constraints or non-optimal design architecture
Related violations: <none>

TIMING-16#108 Warning
Large setup violation  
There is a large setup violation of -1.135 ns between i_ariane/gen_hdec_coprocessor.i_hdec_coprocessor/i_hdec_top/uop_p2_q_reg[op_type][1]/C (clocked by sys_clk) and i_ariane/gen_hdec_coprocessor.i_hdec_coprocessor/i_hdec_top/i_vec/payload_q_reg[1][5]/CE (clocked by sys_clk). Large setup violations at the end of those stages might be difficult to fix during the post-placement implementation flow and could be the result of non-optimal XDC constraints or non-optimal design architecture
Related violations: <none>

TIMING-16#109 Warning
Large setup violation  
There is a large setup violation of -1.136 ns between i_ariane/gen_hdec_coprocessor.i_hdec_coprocessor/i_hdec_top/ecc_leaf_path_q_reg[2]/C (clocked by sys_clk) and i_ariane/gen_hdec_coprocessor.i_hdec_coprocessor/i_hdec_top/ecc_leaf_a_q_reg[14]/CE (clocked by sys_clk). Large setup violations at the end of those stages might be difficult to fix during the post-placement implementation flow and could be the result of non-optimal XDC constraints or non-optimal design architecture
Related violations: <none>

TIMING-16#110 Warning
Large setup violation  
There is a large setup violation of -1.136 ns between i_ariane/gen_hdec_coprocessor.i_hdec_coprocessor/i_hdec_top/ecc_leaf_path_q_reg[2]/C (clocked by sys_clk) and i_ariane/gen_hdec_coprocessor.i_hdec_coprocessor/i_hdec_top/ecc_leaf_a_q_reg[26]/CE (clocked by sys_clk). Large setup violations at the end of those stages might be difficult to fix during the post-placement implementation flow and could be the result of non-optimal XDC constraints or non-optimal design architecture
Related violations: <none>

TIMING-16#111 Warning
Large setup violation  
There is a large setup violation of -1.136 ns between i_ariane/gen_hdec_coprocessor.i_hdec_coprocessor/i_hdec_top/ecc_leaf_path_q_reg[2]/C (clocked by sys_clk) and i_ariane/gen_hdec_coprocessor.i_hdec_coprocessor/i_hdec_top/ecc_leaf_a_q_reg[28]/CE (clocked by sys_clk). Large setup violations at the end of those stages might be difficult to fix during the post-placement implementation flow and could be the result of non-optimal XDC constraints or non-optimal design architecture
Related violations: <none>

TIMING-16#112 Warning
Large setup violation  
There is a large setup violation of -1.136 ns between i_ariane/gen_hdec_coprocessor.i_hdec_coprocessor/i_hdec_top/ecc_leaf_path_q_reg[2]/C (clocked by sys_clk) and i_ariane/gen_hdec_coprocessor.i_hdec_coprocessor/i_hdec_top/ecc_leaf_a_q_reg[6]/CE (clocked by sys_clk). Large setup violations at the end of those stages might be difficult to fix during the post-placement implementation flow and could be the result of non-optimal XDC constraints or non-optimal design architecture
Related violations: <none>

TIMING-16#113 Warning
Large setup violation  
There is a large setup violation of -1.137 ns between i_ariane/gen_hdec_coprocessor.i_hdec_coprocessor/i_hdec_top/ecc_autoreduce_q_reg/C (clocked by sys_clk) and i_ariane/gen_hdec_coprocessor.i_hdec_coprocessor/i_hdec_top/hdc_src0_q_reg[2][27]/CE (clocked by sys_clk). Large setup violations at the end of those stages might be difficult to fix during the post-placement implementation flow and could be the result of non-optimal XDC constraints or non-optimal design architecture
Related violations: <none>

TIMING-16#114 Warning
Large setup violation  
There is a large setup violation of -1.137 ns between i_ariane/gen_hdec_coprocessor.i_hdec_coprocessor/i_hdec_top/uop_p2_q_reg[op_type][1]/C (clocked by sys_clk) and i_ariane/gen_hdec_coprocessor.i_hdec_coprocessor/i_hdec_top/i_vec/payload_q_reg[0][43]/CE (clocked by sys_clk). Large setup violations at the end of those stages might be difficult to fix during the post-placement implementation flow and could be the result of non-optimal XDC constraints or non-optimal design architecture
Related violations: <none>

TIMING-16#115 Warning
Large setup violation  
There is a large setup violation of -1.140 ns between i_ariane/gen_hdec_coprocessor.i_hdec_coprocessor/i_hdec_top/uop_p2_q_reg[op_type][1]/C (clocked by sys_clk) and i_ariane/gen_hdec_coprocessor.i_hdec_coprocessor/i_hdec_top/i_vec/payload_q_reg[0][59]/CE (clocked by sys_clk). Large setup violations at the end of those stages might be difficult to fix during the post-placement implementation flow and could be the result of non-optimal XDC constraints or non-optimal design architecture
Related violations: <none>

TIMING-16#116 Warning
Large setup violation  
There is a large setup violation of -1.143 ns between i_ariane/gen_hdec_coprocessor.i_hdec_coprocessor/i_hdec_top/uop_p3_q_reg[op_type][2]/C (clocked by sys_clk) and i_ariane/gen_hdec_coprocessor.i_hdec_coprocessor/i_hdec_top/hdc_src0_q_reg[0][27]/CE (clocked by sys_clk). Large setup violations at the end of those stages might be difficult to fix during the post-placement implementation flow and could be the result of non-optimal XDC constraints or non-optimal design architecture
Related violations: <none>

TIMING-16#117 Warning
Large setup violation  
There is a large setup violation of -1.143 ns between i_ariane/gen_hdec_coprocessor.i_hdec_coprocessor/i_hdec_top/uop_p3_q_reg[op_type][2]/C (clocked by sys_clk) and i_ariane/gen_hdec_coprocessor.i_hdec_coprocessor/i_hdec_top/hdc_src0_q_reg[1][31]/CE (clocked by sys_clk). Large setup violations at the end of those stages might be difficult to fix during the post-placement implementation flow and could be the result of non-optimal XDC constraints or non-optimal design architecture
Related violations: <none>

TIMING-16#118 Warning
Large setup violation  
There is a large setup violation of -1.145 ns between i_ariane/gen_hdec_coprocessor.i_hdec_coprocessor/i_hdec_top/uop_p3_q_reg[op_type][2]/C (clocked by sys_clk) and i_ariane/gen_hdec_coprocessor.i_hdec_coprocessor/i_hdec_top/hdc_src0_q_reg[1][56]/CE (clocked by sys_clk). Large setup violations at the end of those stages might be difficult to fix during the post-placement implementation flow and could be the result of non-optimal XDC constraints or non-optimal design architecture
Related violations: <none>

TIMING-16#119 Warning
Large setup violation  
There is a large setup violation of -1.145 ns between i_ariane/gen_hdec_coprocessor.i_hdec_coprocessor/i_hdec_top/uop_p3_q_reg[op_type][2]/C (clocked by sys_clk) and i_ariane/gen_hdec_coprocessor.i_hdec_coprocessor/i_hdec_top/hdc_src0_q_reg[1][61]/CE (clocked by sys_clk). Large setup violations at the end of those stages might be difficult to fix during the post-placement implementation flow and could be the result of non-optimal XDC constraints or non-optimal design architecture
Related violations: <none>

TIMING-16#120 Warning
Large setup violation  
There is a large setup violation of -1.150 ns between i_ariane/gen_hdec_coprocessor.i_hdec_coprocessor/i_hdec_top/ecc_fold_word_q_reg[1]/C (clocked by sys_clk) and i_ariane/gen_hdec_coprocessor.i_hdec_coprocessor/i_hdec_top/ecc_leaf128_prod_q_reg[25]/CE (clocked by sys_clk). Large setup violations at the end of those stages might be difficult to fix during the post-placement implementation flow and could be the result of non-optimal XDC constraints or non-optimal design architecture
Related violations: <none>

TIMING-16#121 Warning
Large setup violation  
There is a large setup violation of -1.150 ns between i_ariane/gen_hdec_coprocessor.i_hdec_coprocessor/i_hdec_top/uop_p2_q_reg[op_type][1]/C (clocked by sys_clk) and i_ariane/gen_hdec_coprocessor.i_hdec_coprocessor/i_hdec_top/i_vec/payload_q_reg[1][7]/CE (clocked by sys_clk). Large setup violations at the end of those stages might be difficult to fix during the post-placement implementation flow and could be the result of non-optimal XDC constraints or non-optimal design architecture
Related violations: <none>

TIMING-16#122 Warning
Large setup violation  
There is a large setup violation of -1.153 ns between i_ariane/gen_hdec_coprocessor.i_hdec_coprocessor/i_hdec_top/ecc_autoreduce_q_reg/C (clocked by sys_clk) and i_ariane/gen_hdec_coprocessor.i_hdec_coprocessor/i_hdec_top/hdc_src0_q_reg[2][23]/CE (clocked by sys_clk). Large setup violations at the end of those stages might be difficult to fix during the post-placement implementation flow and could be the result of non-optimal XDC constraints or non-optimal design architecture
Related violations: <none>

TIMING-16#123 Warning
Large setup violation  
There is a large setup violation of -1.154 ns between i_ariane/gen_hdec_coprocessor.i_hdec_coprocessor/i_hdec_top/ecc_leaf_path_q_reg[2]/C (clocked by sys_clk) and i_ariane/gen_hdec_coprocessor.i_hdec_coprocessor/i_hdec_top/ecc_leaf_a_q_reg[19]/CE (clocked by sys_clk). Large setup violations at the end of those stages might be difficult to fix during the post-placement implementation flow and could be the result of non-optimal XDC constraints or non-optimal design architecture
Related violations: <none>

TIMING-16#124 Warning
Large setup violation  
There is a large setup violation of -1.154 ns between i_ariane/gen_hdec_coprocessor.i_hdec_coprocessor/i_hdec_top/ecc_leaf_path_q_reg[2]/C (clocked by sys_clk) and i_ariane/gen_hdec_coprocessor.i_hdec_coprocessor/i_hdec_top/ecc_leaf_a_q_reg[21]/CE (clocked by sys_clk). Large setup violations at the end of those stages might be difficult to fix during the post-placement implementation flow and could be the result of non-optimal XDC constraints or non-optimal design architecture
Related violations: <none>

TIMING-16#125 Warning
Large setup violation  
There is a large setup violation of -1.154 ns between i_ariane/gen_hdec_coprocessor.i_hdec_coprocessor/i_hdec_top/ecc_leaf_path_q_reg[2]/C (clocked by sys_clk) and i_ariane/gen_hdec_coprocessor.i_hdec_coprocessor/i_hdec_top/ecc_leaf_a_q_reg[23]/CE (clocked by sys_clk). Large setup violations at the end of those stages might be difficult to fix during the post-placement implementation flow and could be the result of non-optimal XDC constraints or non-optimal design architecture
Related violations: <none>

TIMING-16#126 Warning
Large setup violation  
There is a large setup violation of -1.158 ns between i_ariane/gen_hdec_coprocessor.i_hdec_coprocessor/i_hdec_top/uop_p2_q_reg[op_type][1]/C (clocked by sys_clk) and i_ariane/gen_hdec_coprocessor.i_hdec_coprocessor/i_hdec_top/i_vec/payload_q_reg[2][30]/CE (clocked by sys_clk). Large setup violations at the end of those stages might be difficult to fix during the post-placement implementation flow and could be the result of non-optimal XDC constraints or non-optimal design architecture
Related violations: <none>

TIMING-16#127 Warning
Large setup violation  
There is a large setup violation of -1.159 ns between i_ariane/gen_hdec_coprocessor.i_hdec_coprocessor/i_hdec_top/uop_p2_q_reg[op_type][1]/C (clocked by sys_clk) and i_ariane/gen_hdec_coprocessor.i_hdec_coprocessor/i_hdec_top/i_vec/payload_q_reg[1][9]/CE (clocked by sys_clk). Large setup violations at the end of those stages might be difficult to fix during the post-placement implementation flow and could be the result of non-optimal XDC constraints or non-optimal design architecture
Related violations: <none>

TIMING-16#128 Warning
Large setup violation  
There is a large setup violation of -1.160 ns between i_ariane/gen_hdec_coprocessor.i_hdec_coprocessor/i_hdec_top/uop_p2_q_reg[op_type][1]/C (clocked by sys_clk) and i_ariane/gen_hdec_coprocessor.i_hdec_coprocessor/i_hdec_top/i_vec/payload_q_reg[1][1]/CE (clocked by sys_clk). Large setup violations at the end of those stages might be difficult to fix during the post-placement implementation flow and could be the result of non-optimal XDC constraints or non-optimal design architecture
Related violations: <none>

TIMING-16#129 Warning
Large setup violation  
There is a large setup violation of -1.161 ns between i_ariane/gen_hdec_coprocessor.i_hdec_coprocessor/i_hdec_top/ecc_fold_word_q_reg[1]/C (clocked by sys_clk) and i_ariane/gen_hdec_coprocessor.i_hdec_coprocessor/i_hdec_top/ecc_leaf128_prod_q_reg[126]/CE (clocked by sys_clk). Large setup violations at the end of those stages might be difficult to fix during the post-placement implementation flow and could be the result of non-optimal XDC constraints or non-optimal design architecture
Related violations: <none>

TIMING-16#130 Warning
Large setup violation  
There is a large setup violation of -1.161 ns between i_ariane/gen_hdec_coprocessor.i_hdec_coprocessor/i_hdec_top/ecc_fold_word_q_reg[1]/C (clocked by sys_clk) and i_ariane/gen_hdec_coprocessor.i_hdec_coprocessor/i_hdec_top/ecc_leaf128_prod_q_reg[62]/CE (clocked by sys_clk). Large setup violations at the end of those stages might be difficult to fix during the post-placement implementation flow and could be the result of non-optimal XDC constraints or non-optimal design architecture
Related violations: <none>

TIMING-16#131 Warning
Large setup violation  
There is a large setup violation of -1.161 ns between i_ariane/gen_hdec_coprocessor.i_hdec_coprocessor/i_hdec_top/uop_p2_q_reg[op_type][1]/C (clocked by sys_clk) and i_ariane/gen_hdec_coprocessor.i_hdec_coprocessor/i_hdec_top/i_vec/payload_q_reg[0][61]/CE (clocked by sys_clk). Large setup violations at the end of those stages might be difficult to fix during the post-placement implementation flow and could be the result of non-optimal XDC constraints or non-optimal design architecture
Related violations: <none>

TIMING-16#132 Warning
Large setup violation  
There is a large setup violation of -1.173 ns between i_ariane/gen_hdec_coprocessor.i_hdec_coprocessor/i_hdec_top/FSM_onehot_st_q_reg[45]/C (clocked by sys_clk) and i_ariane/gen_hdec_coprocessor.i_hdec_coprocessor/i_hdec_top/i_vrf/gen_bank[0].vrf_mem_reg/DIBDI[29] (clocked by sys_clk). Large setup violations at the end of those stages might be difficult to fix during the post-placement implementation flow and could be the result of non-optimal XDC constraints or non-optimal design architecture
Related violations: <none>

TIMING-16#133 Warning
Large setup violation  
There is a large setup violation of -1.176 ns between i_ariane/gen_hdec_coprocessor.i_hdec_coprocessor/i_hdec_top/uop_p3_q_reg[op_type][2]/C (clocked by sys_clk) and i_ariane/gen_hdec_coprocessor.i_hdec_coprocessor/i_hdec_top/hdc_src0_q_reg[1][23]/CE (clocked by sys_clk). Large setup violations at the end of those stages might be difficult to fix during the post-placement implementation flow and could be the result of non-optimal XDC constraints or non-optimal design architecture
Related violations: <none>

TIMING-16#134 Warning
Large setup violation  
There is a large setup violation of -1.177 ns between i_ariane/gen_hdec_coprocessor.i_hdec_coprocessor/i_hdec_top/uop_p3_q_reg[op_type][2]/C (clocked by sys_clk) and i_ariane/gen_hdec_coprocessor.i_hdec_coprocessor/i_hdec_top/hdc_src0_q_reg[0][61]/CE (clocked by sys_clk). Large setup violations at the end of those stages might be difficult to fix during the post-placement implementation flow and could be the result of non-optimal XDC constraints or non-optimal design architecture
Related violations: <none>

TIMING-16#135 Warning
Large setup violation  
There is a large setup violation of -1.181 ns between i_ariane/gen_hdec_coprocessor.i_hdec_coprocessor/i_hdec_top/FSM_onehot_st_q_reg[45]/C (clocked by sys_clk) and i_ariane/gen_hdec_coprocessor.i_hdec_coprocessor/i_hdec_top/i_vrf/gen_bank[1].vrf_mem_reg/DIBDI[9] (clocked by sys_clk). Large setup violations at the end of those stages might be difficult to fix during the post-placement implementation flow and could be the result of non-optimal XDC constraints or non-optimal design architecture
Related violations: <none>

TIMING-16#136 Warning
Large setup violation  
There is a large setup violation of -1.183 ns between i_ariane/gen_hdec_coprocessor.i_hdec_coprocessor/i_hdec_top/uop_p3_q_reg[op_type][2]/C (clocked by sys_clk) and i_ariane/gen_hdec_coprocessor.i_hdec_coprocessor/i_hdec_top/hdc_src0_q_reg[2][52]/CE (clocked by sys_clk). Large setup violations at the end of those stages might be difficult to fix during the post-placement implementation flow and could be the result of non-optimal XDC constraints or non-optimal design architecture
Related violations: <none>

TIMING-16#137 Warning
Large setup violation  
There is a large setup violation of -1.185 ns between i_ariane/gen_hdec_coprocessor.i_hdec_coprocessor/i_hdec_top/uop_p2_q_reg[op_type][1]/C (clocked by sys_clk) and i_ariane/gen_hdec_coprocessor.i_hdec_coprocessor/i_hdec_top/i_vec/payload_q_reg[2][59]/CE (clocked by sys_clk). Large setup violations at the end of those stages might be difficult to fix during the post-placement implementation flow and could be the result of non-optimal XDC constraints or non-optimal design architecture
Related violations: <none>

TIMING-16#138 Warning
Large setup violation  
There is a large setup violation of -1.187 ns between i_ariane/gen_hdec_coprocessor.i_hdec_coprocessor/i_hdec_top/FSM_onehot_st_q_reg[52]/C (clocked by sys_clk) and i_ariane/gen_hdec_coprocessor.i_hdec_coprocessor/i_hdec_top/i_vrf/gen_bank[0].vrf_mem_reg/DIBDI[6] (clocked by sys_clk). Large setup violations at the end of those stages might be difficult to fix during the post-placement implementation flow and could be the result of non-optimal XDC constraints or non-optimal design architecture
Related violations: <none>

TIMING-16#139 Warning
Large setup violation  
There is a large setup violation of -1.192 ns between i_ariane/gen_hdec_coprocessor.i_hdec_coprocessor/i_hdec_top/FSM_onehot_st_q_reg[44]/C (clocked by sys_clk) and i_ariane/gen_hdec_coprocessor.i_hdec_coprocessor/i_hdec_top/ecc_leaf_a_q_reg[28]/D (clocked by sys_clk). Large setup violations at the end of those stages might be difficult to fix during the post-placement implementation flow and could be the result of non-optimal XDC constraints or non-optimal design architecture
Related violations: <none>

TIMING-16#140 Warning
Large setup violation  
There is a large setup violation of -1.198 ns between i_ariane/gen_hdec_coprocessor.i_hdec_coprocessor/i_hdec_top/FSM_onehot_st_q_reg[1]_rep/C (clocked by sys_clk) and i_ariane/gen_hdec_coprocessor.i_hdec_coprocessor/i_hdec_top/i_vrf/gen_bank[1].vrf_mem_reg/DIBDI[10] (clocked by sys_clk). Large setup violations at the end of those stages might be difficult to fix during the post-placement implementation flow and could be the result of non-optimal XDC constraints or non-optimal design architecture
Related violations: <none>

TIMING-16#141 Warning
Large setup violation  
There is a large setup violation of -1.202 ns between i_ariane/gen_hdec_coprocessor.i_hdec_coprocessor/i_hdec_top/uop_p3_q_reg[subgroup_idx][1]_rep/C (clocked by sys_clk) and i_ariane/gen_hdec_coprocessor.i_hdec_coprocessor/i_hdec_top/hdc_src0_q_reg[0][32]/CE (clocked by sys_clk). Large setup violations at the end of those stages might be difficult to fix during the post-placement implementation flow and could be the result of non-optimal XDC constraints or non-optimal design architecture
Related violations: <none>

TIMING-16#142 Warning
Large setup violation  
There is a large setup violation of -1.202 ns between i_ariane/gen_hdec_coprocessor.i_hdec_coprocessor/i_hdec_top/uop_p3_q_reg[subgroup_idx][1]_rep/C (clocked by sys_clk) and i_ariane/gen_hdec_coprocessor.i_hdec_coprocessor/i_hdec_top/hdc_src0_q_reg[0][40]/CE (clocked by sys_clk). Large setup violations at the end of those stages might be difficult to fix during the post-placement implementation flow and could be the result of non-optimal XDC constraints or non-optimal design architecture
Related violations: <none>

TIMING-16#143 Warning
Large setup violation  
There is a large setup violation of -1.215 ns between i_ariane/gen_hdec_coprocessor.i_hdec_coprocessor/i_hdec_top/i_vrf/gen_bank[2].vrf_mem_reg/CLKARDCLK (clocked by sys_clk) and i_ariane/gen_hdec_coprocessor.i_hdec_coprocessor/i_hdec_top/hperm_stage_q_reg[48]/D (clocked by sys_clk). Large setup violations at the end of those stages might be difficult to fix during the post-placement implementation flow and could be the result of non-optimal XDC constraints or non-optimal design architecture
Related violations: <none>

TIMING-16#144 Warning
Large setup violation  
There is a large setup violation of -1.219 ns between i_ariane/gen_hdec_coprocessor.i_hdec_coprocessor/i_hdec_top/uop_p3_q_reg[subgroup_idx][1]_rep/C (clocked by sys_clk) and i_ariane/gen_hdec_coprocessor.i_hdec_coprocessor/i_hdec_top/hdc_src0_q_reg[2][4]/CE (clocked by sys_clk). Large setup violations at the end of those stages might be difficult to fix during the post-placement implementation flow and could be the result of non-optimal XDC constraints or non-optimal design architecture
Related violations: <none>

TIMING-16#145 Warning
Large setup violation  
There is a large setup violation of -1.220 ns between i_ariane/gen_hdec_coprocessor.i_hdec_coprocessor/i_hdec_top/uop_p3_q_reg[subgroup_idx][1]_rep/C (clocked by sys_clk) and i_ariane/gen_hdec_coprocessor.i_hdec_coprocessor/i_hdec_top/hdc_src0_q_reg[2][0]/CE (clocked by sys_clk). Large setup violations at the end of those stages might be difficult to fix during the post-placement implementation flow and could be the result of non-optimal XDC constraints or non-optimal design architecture
Related violations: <none>

TIMING-16#146 Warning
Large setup violation  
There is a large setup violation of -1.220 ns between i_ariane/gen_hdec_coprocessor.i_hdec_coprocessor/i_hdec_top/uop_p3_q_reg[subgroup_idx][1]_rep/C (clocked by sys_clk) and i_ariane/gen_hdec_coprocessor.i_hdec_coprocessor/i_hdec_top/hdc_src0_q_reg[3][11]/CE (clocked by sys_clk). Large setup violations at the end of those stages might be difficult to fix during the post-placement implementation flow and could be the result of non-optimal XDC constraints or non-optimal design architecture
Related violations: <none>

TIMING-16#147 Warning
Large setup violation  
There is a large setup violation of -1.222 ns between i_ariane/gen_hdec_coprocessor.i_hdec_coprocessor/i_hdec_top/FSM_onehot_st_q_reg[45]/C (clocked by sys_clk) and i_ariane/gen_hdec_coprocessor.i_hdec_coprocessor/i_hdec_top/i_vrf/gen_bank[2].vrf_mem_reg/DIADI[12] (clocked by sys_clk). Large setup violations at the end of those stages might be difficult to fix during the post-placement implementation flow and could be the result of non-optimal XDC constraints or non-optimal design architecture
Related violations: <none>

TIMING-16#148 Warning
Large setup violation  
There is a large setup violation of -1.222 ns between i_ariane/gen_hdec_coprocessor.i_hdec_coprocessor/i_hdec_top/ecc_fold_word_q_reg[1]/C (clocked by sys_clk) and i_ariane/gen_hdec_coprocessor.i_hdec_coprocessor/i_hdec_top/ecc_leaf128_prod_q_reg[80]/CE (clocked by sys_clk). Large setup violations at the end of those stages might be difficult to fix during the post-placement implementation flow and could be the result of non-optimal XDC constraints or non-optimal design architecture
Related violations: <none>

TIMING-16#149 Warning
Large setup violation  
There is a large setup violation of -1.224 ns between i_ariane/gen_hdec_coprocessor.i_hdec_coprocessor/i_hdec_top/ecc_fold_word_q_reg[1]/C (clocked by sys_clk) and i_ariane/gen_hdec_coprocessor.i_hdec_coprocessor/i_hdec_top/ecc_leaf128_prod_q_reg[51]/CE (clocked by sys_clk). Large setup violations at the end of those stages might be difficult to fix during the post-placement implementation flow and could be the result of non-optimal XDC constraints or non-optimal design architecture
Related violations: <none>

TIMING-16#150 Warning
Large setup violation  
There is a large setup violation of -1.224 ns between i_ariane/gen_hdec_coprocessor.i_hdec_coprocessor/i_hdec_top/ecc_fold_word_q_reg[1]/C (clocked by sys_clk) and i_ariane/gen_hdec_coprocessor.i_hdec_coprocessor/i_hdec_top/ecc_leaf128_prod_q_reg[99]/CE (clocked by sys_clk). Large setup violations at the end of those stages might be difficult to fix during the post-placement implementation flow and could be the result of non-optimal XDC constraints or non-optimal design architecture
Related violations: <none>

TIMING-16#151 Warning
Large setup violation  
There is a large setup violation of -1.228 ns between i_ariane/gen_hdec_coprocessor.i_hdec_coprocessor/i_hdec_top/uop_p3_q_reg[op_type][2]/C (clocked by sys_clk) and i_ariane/gen_hdec_coprocessor.i_hdec_coprocessor/i_hdec_top/hdc_src0_q_reg[0][29]/CE (clocked by sys_clk). Large setup violations at the end of those stages might be difficult to fix during the post-placement implementation flow and could be the result of non-optimal XDC constraints or non-optimal design architecture
Related violations: <none>

TIMING-16#152 Warning
Large setup violation  
There is a large setup violation of -1.229 ns between i_ariane/gen_hdec_coprocessor.i_hdec_coprocessor/i_hdec_top/FSM_onehot_st_q_reg[45]/C (clocked by sys_clk) and i_ariane/gen_hdec_coprocessor.i_hdec_coprocessor/i_hdec_top/i_vrf/gen_bank[2].vrf_mem_reg/DIADI[2] (clocked by sys_clk). Large setup violations at the end of those stages might be difficult to fix during the post-placement implementation flow and could be the result of non-optimal XDC constraints or non-optimal design architecture
Related violations: <none>

TIMING-16#153 Warning
Large setup violation  
There is a large setup violation of -1.231 ns between i_ariane/gen_hdec_coprocessor.i_hdec_coprocessor/i_hdec_top/FSM_onehot_st_q_reg[45]/C (clocked by sys_clk) and i_ariane/gen_hdec_coprocessor.i_hdec_coprocessor/i_hdec_top/i_vrf/gen_bank[1].vrf_mem_reg/DIBDI[8] (clocked by sys_clk). Large setup violations at the end of those stages might be difficult to fix during the post-placement implementation flow and could be the result of non-optimal XDC constraints or non-optimal design architecture
Related violations: <none>

TIMING-16#154 Warning
Large setup violation  
There is a large setup violation of -1.235 ns between i_ariane/gen_hdec_coprocessor.i_hdec_coprocessor/i_hdec_top/ecc_pmul_subop_q_reg[1]/C (clocked by sys_clk) and i_ariane/gen_hdec_coprocessor.i_hdec_coprocessor/i_hdec_top/ecc_src_a_q_reg[0]/CE (clocked by sys_clk). Large setup violations at the end of those stages might be difficult to fix during the post-placement implementation flow and could be the result of non-optimal XDC constraints or non-optimal design architecture
Related violations: <none>

TIMING-16#155 Warning
Large setup violation  
There is a large setup violation of -1.235 ns between i_ariane/gen_hdec_coprocessor.i_hdec_coprocessor/i_hdec_top/ecc_pmul_subop_q_reg[1]/C (clocked by sys_clk) and i_ariane/gen_hdec_coprocessor.i_hdec_coprocessor/i_hdec_top/ecc_src_a_q_reg[3]/CE (clocked by sys_clk). Large setup violations at the end of those stages might be difficult to fix during the post-placement implementation flow and could be the result of non-optimal XDC constraints or non-optimal design architecture
Related violations: <none>

TIMING-16#156 Warning
Large setup violation  
There is a large setup violation of -1.241 ns between i_ariane/gen_hdec_coprocessor.i_hdec_coprocessor/i_hdec_top/FSM_onehot_st_q_reg[45]/C (clocked by sys_clk) and i_ariane/gen_hdec_coprocessor.i_hdec_coprocessor/i_hdec_top/i_vrf/gen_bank[1].vrf_mem_reg/DIADI[23] (clocked by sys_clk). Large setup violations at the end of those stages might be difficult to fix during the post-placement implementation flow and could be the result of non-optimal XDC constraints or non-optimal design architecture
Related violations: <none>

TIMING-16#157 Warning
Large setup violation  
There is a large setup violation of -1.243 ns between i_ariane/gen_hdec_coprocessor.i_hdec_coprocessor/i_hdec_top/ecc_leaf_path_q_reg[2]/C (clocked by sys_clk) and i_ariane/gen_hdec_coprocessor.i_hdec_coprocessor/i_hdec_top/ecc_leaf_a_q_reg[20]/CE (clocked by sys_clk). Large setup violations at the end of those stages might be difficult to fix during the post-placement implementation flow and could be the result of non-optimal XDC constraints or non-optimal design architecture
Related violations: <none>

TIMING-16#158 Warning
Large setup violation  
There is a large setup violation of -1.246 ns between i_ariane/gen_hdec_coprocessor.i_hdec_coprocessor/i_hdec_top/ecc_fold_word_q_reg[1]/C (clocked by sys_clk) and i_ariane/gen_hdec_coprocessor.i_hdec_coprocessor/i_hdec_top/ecc_leaf128_prod_q_reg[35]/CE (clocked by sys_clk). Large setup violations at the end of those stages might be difficult to fix during the post-placement implementation flow and could be the result of non-optimal XDC constraints or non-optimal design architecture
Related violations: <none>

TIMING-16#159 Warning
Large setup violation  
There is a large setup violation of -1.246 ns between i_ariane/gen_hdec_coprocessor.i_hdec_coprocessor/i_hdec_top/ecc_fold_word_q_reg[1]/C (clocked by sys_clk) and i_ariane/gen_hdec_coprocessor.i_hdec_coprocessor/i_hdec_top/ecc_leaf128_prod_q_reg[41]/CE (clocked by sys_clk). Large setup violations at the end of those stages might be difficult to fix during the post-placement implementation flow and could be the result of non-optimal XDC constraints or non-optimal design architecture
Related violations: <none>

TIMING-16#160 Warning
Large setup violation  
There is a large setup violation of -1.246 ns between i_ariane/gen_hdec_coprocessor.i_hdec_coprocessor/i_hdec_top/ecc_fold_word_q_reg[1]/C (clocked by sys_clk) and i_ariane/gen_hdec_coprocessor.i_hdec_coprocessor/i_hdec_top/ecc_leaf128_prod_q_reg[73]/CE (clocked by sys_clk). Large setup violations at the end of those stages might be difficult to fix during the post-placement implementation flow and could be the result of non-optimal XDC constraints or non-optimal design architecture
Related violations: <none>

TIMING-16#161 Warning
Large setup violation  
There is a large setup violation of -1.247 ns between i_ariane/gen_hdec_coprocessor.i_hdec_coprocessor/i_hdec_top/i_vrf/gen_bank[3].vrf_mem_reg/CLKARDCLK (clocked by sys_clk) and i_ariane/gen_hdec_coprocessor.i_hdec_coprocessor/i_hdec_top/ecc_leaf_a_q_reg[20]/D (clocked by sys_clk). Large setup violations at the end of those stages might be difficult to fix during the post-placement implementation flow and could be the result of non-optimal XDC constraints or non-optimal design architecture
Related violations: <none>

TIMING-16#162 Warning
Large setup violation  
There is a large setup violation of -1.252 ns between i_ariane/gen_hdec_coprocessor.i_hdec_coprocessor/i_hdec_top/uop_p3_q_reg[subgroup_idx][1]_rep/C (clocked by sys_clk) and i_ariane/gen_hdec_coprocessor.i_hdec_coprocessor/i_hdec_top/hdc_src0_q_reg[2][10]/CE (clocked by sys_clk). Large setup violations at the end of those stages might be difficult to fix during the post-placement implementation flow and could be the result of non-optimal XDC constraints or non-optimal design architecture
Related violations: <none>

TIMING-16#163 Warning
Large setup violation  
There is a large setup violation of -1.255 ns between i_ariane/gen_hdec_coprocessor.i_hdec_coprocessor/i_hdec_top/FSM_onehot_st_q_reg[45]/C (clocked by sys_clk) and i_ariane/gen_hdec_coprocessor.i_hdec_coprocessor/i_hdec_top/i_vrf/gen_bank[1].vrf_mem_reg/DIBDI[25] (clocked by sys_clk). Large setup violations at the end of those stages might be difficult to fix during the post-placement implementation flow and could be the result of non-optimal XDC constraints or non-optimal design architecture
Related violations: <none>

TIMING-16#164 Warning
Large setup violation  
There is a large setup violation of -1.256 ns between i_ariane/gen_hdec_coprocessor.i_hdec_coprocessor/i_hdec_top/uop_p2_q_reg[op_type][1]/C (clocked by sys_clk) and i_ariane/gen_hdec_coprocessor.i_hdec_coprocessor/i_hdec_top/i_vec/payload_q_reg[2][15]/CE (clocked by sys_clk). Large setup violations at the end of those stages might be difficult to fix during the post-placement implementation flow and could be the result of non-optimal XDC constraints or non-optimal design architecture
Related violations: <none>

TIMING-16#165 Warning
Large setup violation  
There is a large setup violation of -1.258 ns between i_ariane/gen_hdec_coprocessor.i_hdec_coprocessor/i_hdec_top/hperm_lane_slot_q_reg[1]/C (clocked by sys_clk) and i_ariane/gen_hdec_coprocessor.i_hdec_coprocessor/i_hdec_top/hperm_stage_q_reg[54]/D (clocked by sys_clk). Large setup violations at the end of those stages might be difficult to fix during the post-placement implementation flow and could be the result of non-optimal XDC constraints or non-optimal design architecture
Related violations: <none>

TIMING-16#166 Warning
Large setup violation  
There is a large setup violation of -1.259 ns between i_ariane/gen_hdec_coprocessor.i_hdec_coprocessor/i_hdec_top/FSM_onehot_st_q_reg[45]/C (clocked by sys_clk) and i_ariane/gen_hdec_coprocessor.i_hdec_coprocessor/i_hdec_top/i_vrf/gen_bank[1].vrf_mem_reg/DIBDI[11] (clocked by sys_clk). Large setup violations at the end of those stages might be difficult to fix during the post-placement implementation flow and could be the result of non-optimal XDC constraints or non-optimal design architecture
Related violations: <none>

TIMING-16#167 Warning
Large setup violation  
There is a large setup violation of -1.264 ns between i_ariane/gen_hdec_coprocessor.i_hdec_coprocessor/i_hdec_top/ecc_autoreduce_q_reg/C (clocked by sys_clk) and i_ariane/gen_hdec_coprocessor.i_hdec_coprocessor/i_hdec_top/hdc_src0_q_reg[3][28]/CE (clocked by sys_clk). Large setup violations at the end of those stages might be difficult to fix during the post-placement implementation flow and could be the result of non-optimal XDC constraints or non-optimal design architecture
Related violations: <none>

TIMING-16#168 Warning
Large setup violation  
There is a large setup violation of -1.269 ns between i_ariane/gen_hdec_coprocessor.i_hdec_coprocessor/i_hdec_top/hperm_lane_slot_q_reg[1]/C (clocked by sys_clk) and i_ariane/gen_hdec_coprocessor.i_hdec_coprocessor/i_hdec_top/hperm_stage_q_reg[70]/D (clocked by sys_clk). Large setup violations at the end of those stages might be difficult to fix during the post-placement implementation flow and could be the result of non-optimal XDC constraints or non-optimal design architecture
Related violations: <none>

TIMING-16#169 Warning
Large setup violation  
There is a large setup violation of -1.269 ns between i_ariane/gen_hdec_coprocessor.i_hdec_coprocessor/i_hdec_top/uop_p2_q_reg[op_type][1]/C (clocked by sys_clk) and i_ariane/gen_hdec_coprocessor.i_hdec_coprocessor/i_hdec_top/i_vec/payload_q_reg[2][62]/CE (clocked by sys_clk). Large setup violations at the end of those stages might be difficult to fix during the post-placement implementation flow and could be the result of non-optimal XDC constraints or non-optimal design architecture
Related violations: <none>

TIMING-16#170 Warning
Large setup violation  
There is a large setup violation of -1.274 ns between i_ariane/gen_hdec_coprocessor.i_hdec_coprocessor/i_hdec_top/FSM_onehot_st_q_reg[15]_rep__1/C (clocked by sys_clk) and i_ariane/gen_hdec_coprocessor.i_hdec_coprocessor/i_hdec_top/i_vrf/gen_bank[2].vrf_mem_reg/DIADI[19] (clocked by sys_clk). Large setup violations at the end of those stages might be difficult to fix during the post-placement implementation flow and could be the result of non-optimal XDC constraints or non-optimal design architecture
Related violations: <none>

TIMING-16#171 Warning
Large setup violation  
There is a large setup violation of -1.275 ns between i_ariane/gen_hdec_coprocessor.i_hdec_coprocessor/i_hdec_top/FSM_onehot_st_q_reg[45]/C (clocked by sys_clk) and i_ariane/gen_hdec_coprocessor.i_hdec_coprocessor/i_hdec_top/i_vrf/gen_bank[1].vrf_mem_reg/DIADI[19] (clocked by sys_clk). Large setup violations at the end of those stages might be difficult to fix during the post-placement implementation flow and could be the result of non-optimal XDC constraints or non-optimal design architecture
Related violations: <none>

TIMING-16#172 Warning
Large setup violation  
There is a large setup violation of -1.277 ns between i_ariane/gen_hdec_coprocessor.i_hdec_coprocessor/i_hdec_top/FSM_onehot_st_q_reg[45]/C (clocked by sys_clk) and i_ariane/gen_hdec_coprocessor.i_hdec_coprocessor/i_hdec_top/i_vrf/gen_bank[1].vrf_mem_reg/DIADI[14] (clocked by sys_clk). Large setup violations at the end of those stages might be difficult to fix during the post-placement implementation flow and could be the result of non-optimal XDC constraints or non-optimal design architecture
Related violations: <none>

TIMING-16#173 Warning
Large setup violation  
There is a large setup violation of -1.280 ns between i_ariane/gen_hdec_coprocessor.i_hdec_coprocessor/i_hdec_top/FSM_onehot_st_q_reg[45]/C (clocked by sys_clk) and i_ariane/gen_hdec_coprocessor.i_hdec_coprocessor/i_hdec_top/i_vrf/gen_bank[1].vrf_mem_reg/DIADI[7] (clocked by sys_clk). Large setup violations at the end of those stages might be difficult to fix during the post-placement implementation flow and could be the result of non-optimal XDC constraints or non-optimal design architecture
Related violations: <none>

TIMING-16#174 Warning
Large setup violation  
There is a large setup violation of -1.280 ns between i_ariane/gen_hdec_coprocessor.i_hdec_coprocessor/i_hdec_top/ecc_fold_word_q_reg[1]/C (clocked by sys_clk) and i_ariane/gen_hdec_coprocessor.i_hdec_coprocessor/i_hdec_top/ecc_leaf128_prod_q_reg[100]/CE (clocked by sys_clk). Large setup violations at the end of those stages might be difficult to fix during the post-placement implementation flow and could be the result of non-optimal XDC constraints or non-optimal design architecture
Related violations: <none>

TIMING-16#175 Warning
Large setup violation  
There is a large setup violation of -1.280 ns between i_ariane/gen_hdec_coprocessor.i_hdec_coprocessor/i_hdec_top/ecc_fold_word_q_reg[1]/C (clocked by sys_clk) and i_ariane/gen_hdec_coprocessor.i_hdec_coprocessor/i_hdec_top/ecc_leaf128_prod_q_reg[36]/CE (clocked by sys_clk). Large setup violations at the end of those stages might be difficult to fix during the post-placement implementation flow and could be the result of non-optimal XDC constraints or non-optimal design architecture
Related violations: <none>

TIMING-16#176 Warning
Large setup violation  
There is a large setup violation of -1.280 ns between i_ariane/gen_hdec_coprocessor.i_hdec_coprocessor/i_hdec_top/ecc_fold_word_q_reg[1]/C (clocked by sys_clk) and i_ariane/gen_hdec_coprocessor.i_hdec_coprocessor/i_hdec_top/ecc_leaf128_prod_q_reg[9]/CE (clocked by sys_clk). Large setup violations at the end of those stages might be difficult to fix during the post-placement implementation flow and could be the result of non-optimal XDC constraints or non-optimal design architecture
Related violations: <none>

TIMING-16#177 Warning
Large setup violation  
There is a large setup violation of -1.281 ns between i_ariane/gen_hdec_coprocessor.i_hdec_coprocessor/i_hdec_top/FSM_onehot_st_q_reg[45]/C (clocked by sys_clk) and i_ariane/gen_hdec_coprocessor.i_hdec_coprocessor/i_hdec_top/i_vrf/gen_bank[1].vrf_mem_reg/DIBDI[27] (clocked by sys_clk). Large setup violations at the end of those stages might be difficult to fix during the post-placement implementation flow and could be the result of non-optimal XDC constraints or non-optimal design architecture
Related violations: <none>

TIMING-16#178 Warning
Large setup violation  
There is a large setup violation of -1.282 ns between i_ariane/gen_hdec_coprocessor.i_hdec_coprocessor/i_hdec_top/FSM_onehot_st_q_reg[45]/C (clocked by sys_clk) and i_ariane/gen_hdec_coprocessor.i_hdec_coprocessor/i_hdec_top/i_vrf/gen_bank[1].vrf_mem_reg/DIADI[15] (clocked by sys_clk). Large setup violations at the end of those stages might be difficult to fix during the post-placement implementation flow and could be the result of non-optimal XDC constraints or non-optimal design architecture
Related violations: <none>

TIMING-16#179 Warning
Large setup violation  
There is a large setup violation of -1.284 ns between i_ariane/gen_hdec_coprocessor.i_hdec_coprocessor/i_hdec_top/FSM_onehot_st_q_reg[52]/C (clocked by sys_clk) and i_ariane/gen_hdec_coprocessor.i_hdec_coprocessor/i_hdec_top/i_vrf/gen_bank[0].vrf_mem_reg/DIADI[10] (clocked by sys_clk). Large setup violations at the end of those stages might be difficult to fix during the post-placement implementation flow and could be the result of non-optimal XDC constraints or non-optimal design architecture
Related violations: <none>

TIMING-16#180 Warning
Large setup violation  
There is a large setup violation of -1.287 ns between i_ariane/gen_hdec_coprocessor.i_hdec_coprocessor/i_hdec_top/FSM_onehot_st_q_reg[1]_rep/C (clocked by sys_clk) and i_ariane/gen_hdec_coprocessor.i_hdec_coprocessor/i_hdec_top/i_vrf/gen_bank[1].vrf_mem_reg/DIADI[26] (clocked by sys_clk). Large setup violations at the end of those stages might be difficult to fix during the post-placement implementation flow and could be the result of non-optimal XDC constraints or non-optimal design architecture
Related violations: <none>

TIMING-16#181 Warning
Large setup violation  
There is a large setup violation of -1.288 ns between i_ariane/gen_hdec_coprocessor.i_hdec_coprocessor/i_hdec_top/FSM_onehot_st_q_reg[15]_rep__1/C (clocked by sys_clk) and i_ariane/gen_hdec_coprocessor.i_hdec_coprocessor/i_hdec_top/i_vrf/gen_bank[0].vrf_mem_reg/DIBDI[9] (clocked by sys_clk). Large setup violations at the end of those stages might be difficult to fix during the post-placement implementation flow and could be the result of non-optimal XDC constraints or non-optimal design architecture
Related violations: <none>

TIMING-16#182 Warning
Large setup violation  
There is a large setup violation of -1.291 ns between i_ariane/gen_hdec_coprocessor.i_hdec_coprocessor/i_hdec_top/uop_p3_q_reg[op_type][2]/C (clocked by sys_clk) and i_ariane/gen_hdec_coprocessor.i_hdec_coprocessor/i_hdec_top/hdc_src0_q_reg[0][54]/CE (clocked by sys_clk). Large setup violations at the end of those stages might be difficult to fix during the post-placement implementation flow and could be the result of non-optimal XDC constraints or non-optimal design architecture
Related violations: <none>

TIMING-16#183 Warning
Large setup violation  
There is a large setup violation of -1.291 ns between i_ariane/gen_hdec_coprocessor.i_hdec_coprocessor/i_hdec_top/uop_p3_q_reg[op_type][2]/C (clocked by sys_clk) and i_ariane/gen_hdec_coprocessor.i_hdec_coprocessor/i_hdec_top/hdc_src0_q_reg[1][63]/CE (clocked by sys_clk). Large setup violations at the end of those stages might be difficult to fix during the post-placement implementation flow and could be the result of non-optimal XDC constraints or non-optimal design architecture
Related violations: <none>

TIMING-16#184 Warning
Large setup violation  
There is a large setup violation of -1.292 ns between i_ariane/gen_hdec_coprocessor.i_hdec_coprocessor/i_hdec_top/uop_p3_q_reg[op_type][2]/C (clocked by sys_clk) and i_ariane/gen_hdec_coprocessor.i_hdec_coprocessor/i_hdec_top/hdc_src0_q_reg[2][60]/CE (clocked by sys_clk). Large setup violations at the end of those stages might be difficult to fix during the post-placement implementation flow and could be the result of non-optimal XDC constraints or non-optimal design architecture
Related violations: <none>

TIMING-16#185 Warning
Large setup violation  
There is a large setup violation of -1.293 ns between i_ariane/gen_hdec_coprocessor.i_hdec_coprocessor/i_hdec_top/uop_p3_q_reg[subgroup_idx][1]_rep/C (clocked by sys_clk) and i_ariane/gen_hdec_coprocessor.i_hdec_coprocessor/i_hdec_top/hdc_src0_q_reg[1][42]/CE (clocked by sys_clk). Large setup violations at the end of those stages might be difficult to fix during the post-placement implementation flow and could be the result of non-optimal XDC constraints or non-optimal design architecture
Related violations: <none>

TIMING-16#186 Warning
Large setup violation  
There is a large setup violation of -1.293 ns between i_ariane/gen_hdec_coprocessor.i_hdec_coprocessor/i_hdec_top/uop_p3_q_reg[subgroup_idx][1]_rep/C (clocked by sys_clk) and i_ariane/gen_hdec_coprocessor.i_hdec_coprocessor/i_hdec_top/hdc_src0_q_reg[1][44]/CE (clocked by sys_clk). Large setup violations at the end of those stages might be difficult to fix during the post-placement implementation flow and could be the result of non-optimal XDC constraints or non-optimal design architecture
Related violations: <none>

TIMING-16#187 Warning
Large setup violation  
There is a large setup violation of -1.297 ns between i_ariane/gen_hdec_coprocessor.i_hdec_coprocessor/i_hdec_top/ecc_autoreduce_q_reg/C (clocked by sys_clk) and i_ariane/gen_hdec_coprocessor.i_hdec_coprocessor/i_hdec_top/hdc_src0_q_reg[2][32]/CE (clocked by sys_clk). Large setup violations at the end of those stages might be difficult to fix during the post-placement implementation flow and could be the result of non-optimal XDC constraints or non-optimal design architecture
Related violations: <none>

TIMING-16#188 Warning
Large setup violation  
There is a large setup violation of -1.298 ns between i_ariane/gen_hdec_coprocessor.i_hdec_coprocessor/i_hdec_top/FSM_onehot_st_q_reg[45]/C (clocked by sys_clk) and i_ariane/gen_hdec_coprocessor.i_hdec_coprocessor/i_hdec_top/i_vrf/gen_bank[2].vrf_mem_reg/DIADI[27] (clocked by sys_clk). Large setup violations at the end of those stages might be difficult to fix during the post-placement implementation flow and could be the result of non-optimal XDC constraints or non-optimal design architecture
Related violations: <none>

TIMING-16#189 Warning
Large setup violation  
There is a large setup violation of -1.299 ns between i_ariane/gen_hdec_coprocessor.i_hdec_coprocessor/i_hdec_top/FSM_onehot_st_q_reg[45]/C (clocked by sys_clk) and i_ariane/gen_hdec_coprocessor.i_hdec_coprocessor/i_hdec_top/i_vrf/gen_bank[1].vrf_mem_reg/DIADI[20] (clocked by sys_clk). Large setup violations at the end of those stages might be difficult to fix during the post-placement implementation flow and could be the result of non-optimal XDC constraints or non-optimal design architecture
Related violations: <none>

TIMING-16#190 Warning
Large setup violation  
There is a large setup violation of -1.304 ns between i_ariane/gen_hdec_coprocessor.i_hdec_coprocessor/i_hdec_top/ecc_fold_word_q_reg[1]/C (clocked by sys_clk) and i_ariane/gen_hdec_coprocessor.i_hdec_coprocessor/i_hdec_top/ecc_leaf_b_q_reg[20]/CE (clocked by sys_clk). Large setup violations at the end of those stages might be difficult to fix during the post-placement implementation flow and could be the result of non-optimal XDC constraints or non-optimal design architecture
Related violations: <none>

TIMING-16#191 Warning
Large setup violation  
There is a large setup violation of -1.304 ns between i_ariane/gen_hdec_coprocessor.i_hdec_coprocessor/i_hdec_top/uop_p2_q_reg[op_type][1]/C (clocked by sys_clk) and i_ariane/gen_hdec_coprocessor.i_hdec_coprocessor/i_hdec_top/i_vec/payload_q_reg[2][43]/CE (clocked by sys_clk). Large setup violations at the end of those stages might be difficult to fix during the post-placement implementation flow and could be the result of non-optimal XDC constraints or non-optimal design architecture
Related violations: <none>

TIMING-16#192 Warning
Large setup violation  
There is a large setup violation of -1.305 ns between i_ariane/gen_hdec_coprocessor.i_hdec_coprocessor/i_hdec_top/ecc_leaf_b_q_reg[11]/C (clocked by sys_clk) and i_ariane/gen_hdec_coprocessor.i_hdec_coprocessor/i_hdec_top/ecc_leaf_prod_q_reg[34]/D (clocked by sys_clk). Large setup violations at the end of those stages might be difficult to fix during the post-placement implementation flow and could be the result of non-optimal XDC constraints or non-optimal design architecture
Related violations: <none>

TIMING-16#193 Warning
Large setup violation  
There is a large setup violation of -1.306 ns between i_ariane/gen_hdec_coprocessor.i_hdec_coprocessor/i_hdec_top/FSM_onehot_st_q_reg[1]_rep__0/C (clocked by sys_clk) and i_ariane/gen_hdec_coprocessor.i_hdec_coprocessor/i_hdec_top/i_vrf/gen_bank[2].vrf_mem_reg/DIBDI[11] (clocked by sys_clk). Large setup violations at the end of those stages might be difficult to fix during the post-placement implementation flow and could be the result of non-optimal XDC constraints or non-optimal design architecture
Related violations: <none>

TIMING-16#194 Warning
Large setup violation  
There is a large setup violation of -1.306 ns between i_ariane/gen_hdec_coprocessor.i_hdec_coprocessor/i_hdec_top/ecc_pmul_subop_q_reg[0]/C (clocked by sys_clk) and i_ariane/gen_hdec_coprocessor.i_hdec_coprocessor/i_hdec_top/ecc_pmul_step_q_reg[3]/D (clocked by sys_clk). Large setup violations at the end of those stages might be difficult to fix during the post-placement implementation flow and could be the result of non-optimal XDC constraints or non-optimal design architecture
Related violations: <none>

TIMING-16#195 Warning
Large setup violation  
There is a large setup violation of -1.307 ns between i_ariane/gen_hdec_coprocessor.i_hdec_coprocessor/i_hdec_top/ecc_fold_word_q_reg[1]/C (clocked by sys_clk) and i_ariane/gen_hdec_coprocessor.i_hdec_coprocessor/i_hdec_top/ecc_leaf_b_q_reg[14]/CE (clocked by sys_clk). Large setup violations at the end of those stages might be difficult to fix during the post-placement implementation flow and could be the result of non-optimal XDC constraints or non-optimal design architecture
Related violations: <none>

TIMING-16#196 Warning
Large setup violation  
There is a large setup violation of -1.307 ns between i_ariane/gen_hdec_coprocessor.i_hdec_coprocessor/i_hdec_top/ecc_fold_word_q_reg[1]/C (clocked by sys_clk) and i_ariane/gen_hdec_coprocessor.i_hdec_coprocessor/i_hdec_top/ecc_leaf_b_q_reg[26]/CE (clocked by sys_clk). Large setup violations at the end of those stages might be difficult to fix during the post-placement implementation flow and could be the result of non-optimal XDC constraints or non-optimal design architecture
Related violations: <none>

TIMING-16#197 Warning
Large setup violation  
There is a large setup violation of -1.307 ns between i_ariane/gen_hdec_coprocessor.i_hdec_coprocessor/i_hdec_top/ecc_fold_word_q_reg[1]/C (clocked by sys_clk) and i_ariane/gen_hdec_coprocessor.i_hdec_coprocessor/i_hdec_top/ecc_leaf_b_q_reg[6]/CE (clocked by sys_clk). Large setup violations at the end of those stages might be difficult to fix during the post-placement implementation flow and could be the result of non-optimal XDC constraints or non-optimal design architecture
Related violations: <none>

TIMING-16#198 Warning
Large setup violation  
There is a large setup violation of -1.307 ns between i_ariane/gen_hdec_coprocessor.i_hdec_coprocessor/i_hdec_top/ecc_fold_word_q_reg[1]/C (clocked by sys_clk) and i_ariane/gen_hdec_coprocessor.i_hdec_coprocessor/i_hdec_top/ecc_leaf_b_q_reg[7]/CE (clocked by sys_clk). Large setup violations at the end of those stages might be difficult to fix during the post-placement implementation flow and could be the result of non-optimal XDC constraints or non-optimal design architecture
Related violations: <none>

TIMING-16#199 Warning
Large setup violation  
There is a large setup violation of -1.310 ns between i_ariane/gen_hdec_coprocessor.i_hdec_coprocessor/i_hdec_top/i_vrf/gen_bank[2].vrf_mem_reg/CLKARDCLK (clocked by sys_clk) and i_ariane/gen_hdec_coprocessor.i_hdec_coprocessor/i_hdec_top/ecc_leaf_xor_a_q_reg[18]/D (clocked by sys_clk). Large setup violations at the end of those stages might be difficult to fix during the post-placement implementation flow and could be the result of non-optimal XDC constraints or non-optimal design architecture
Related violations: <none>

TIMING-16#200 Warning
Large setup violation  
There is a large setup violation of -1.311 ns between i_ariane/gen_hdec_coprocessor.i_hdec_coprocessor/i_hdec_top/ecc_fold_word_q_reg[1]/C (clocked by sys_clk) and i_ariane/gen_hdec_coprocessor.i_hdec_coprocessor/i_hdec_top/ecc_leaf128_prod_q_reg[113]/CE (clocked by sys_clk). Large setup violations at the end of those stages might be difficult to fix during the post-placement implementation flow and could be the result of non-optimal XDC constraints or non-optimal design architecture
Related violations: <none>

TIMING-16#201 Warning
Large setup violation  
There is a large setup violation of -1.311 ns between i_ariane/gen_hdec_coprocessor.i_hdec_coprocessor/i_hdec_top/ecc_fold_word_q_reg[1]/C (clocked by sys_clk) and i_ariane/gen_hdec_coprocessor.i_hdec_coprocessor/i_hdec_top/ecc_leaf128_prod_q_reg[49]/CE (clocked by sys_clk). Large setup violations at the end of those stages might be difficult to fix during the post-placement implementation flow and could be the result of non-optimal XDC constraints or non-optimal design architecture
Related violations: <none>

TIMING-16#202 Warning
Large setup violation  
There is a large setup violation of -1.311 ns between i_ariane/gen_hdec_coprocessor.i_hdec_coprocessor/i_hdec_top/ecc_fold_word_q_reg[1]/C (clocked by sys_clk) and i_ariane/gen_hdec_coprocessor.i_hdec_coprocessor/i_hdec_top/ecc_leaf128_prod_q_reg[69]/CE (clocked by sys_clk). Large setup violations at the end of those stages might be difficult to fix during the post-placement implementation flow and could be the result of non-optimal XDC constraints or non-optimal design architecture
Related violations: <none>

TIMING-16#203 Warning
Large setup violation  
There is a large setup violation of -1.313 ns between i_ariane/gen_hdec_coprocessor.i_hdec_coprocessor/i_hdec_top/FSM_onehot_st_q_reg[45]/C (clocked by sys_clk) and i_ariane/gen_hdec_coprocessor.i_hdec_coprocessor/i_hdec_top/i_vrf/gen_bank[0].vrf_mem_reg/DIBDI[2] (clocked by sys_clk). Large setup violations at the end of those stages might be difficult to fix during the post-placement implementation flow and could be the result of non-optimal XDC constraints or non-optimal design architecture
Related violations: <none>

TIMING-16#204 Warning
Large setup violation  
There is a large setup violation of -1.313 ns between i_ariane/gen_hdec_coprocessor.i_hdec_coprocessor/i_hdec_top/ecc_pmul_subop_q_reg[0]/C (clocked by sys_clk) and i_ariane/gen_hdec_coprocessor.i_hdec_coprocessor/i_hdec_top/ecc_pmul_step_q_reg[1]/D (clocked by sys_clk). Large setup violations at the end of those stages might be difficult to fix during the post-placement implementation flow and could be the result of non-optimal XDC constraints or non-optimal design architecture
Related violations: <none>

TIMING-16#205 Warning
Large setup violation  
There is a large setup violation of -1.314 ns between i_ariane/gen_hdec_coprocessor.i_hdec_coprocessor/i_hdec_top/ecc_pmul_subop_q_reg[0]/C (clocked by sys_clk) and i_ariane/gen_hdec_coprocessor.i_hdec_coprocessor/i_hdec_top/ecc_pmul_step_q_reg[4]/D (clocked by sys_clk). Large setup violations at the end of those stages might be difficult to fix during the post-placement implementation flow and could be the result of non-optimal XDC constraints or non-optimal design architecture
Related violations: <none>

TIMING-16#206 Warning
Large setup violation  
There is a large setup violation of -1.315 ns between i_ariane/gen_hdec_coprocessor.i_hdec_coprocessor/i_hdec_top/FSM_onehot_st_q_reg[33]/C (clocked by sys_clk) and i_ariane/gen_hdec_coprocessor.i_hdec_coprocessor/i_hdec_top/i_vrf/gen_bank[0].vrf_mem_reg/DIBDI[27] (clocked by sys_clk). Large setup violations at the end of those stages might be difficult to fix during the post-placement implementation flow and could be the result of non-optimal XDC constraints or non-optimal design architecture
Related violations: <none>

TIMING-16#207 Warning
Large setup violation  
There is a large setup violation of -1.315 ns between i_ariane/gen_hdec_coprocessor.i_hdec_coprocessor/i_hdec_top/uop_p2_q_reg[op_type][1]/C (clocked by sys_clk) and i_ariane/gen_hdec_coprocessor.i_hdec_coprocessor/i_hdec_top/i_vec/payload_q_reg[1][10]/CE (clocked by sys_clk). Large setup violations at the end of those stages might be difficult to fix during the post-placement implementation flow and could be the result of non-optimal XDC constraints or non-optimal design architecture
Related violations: <none>

TIMING-16#208 Warning
Large setup violation  
There is a large setup violation of -1.321 ns between i_ariane/gen_hdec_coprocessor.i_hdec_coprocessor/i_hdec_top/FSM_onehot_st_q_reg[44]/C (clocked by sys_clk) and i_ariane/gen_hdec_coprocessor.i_hdec_coprocessor/i_hdec_top/ecc_leaf_a_q_reg[4]/D (clocked by sys_clk). Large setup violations at the end of those stages might be difficult to fix during the post-placement implementation flow and could be the result of non-optimal XDC constraints or non-optimal design architecture
Related violations: <none>

TIMING-16#209 Warning
Large setup violation  
There is a large setup violation of -1.321 ns between i_ariane/gen_hdec_coprocessor.i_hdec_coprocessor/i_hdec_top/i_vrf/gen_bank[3].vrf_mem_reg/CLKARDCLK (clocked by sys_clk) and i_ariane/gen_hdec_coprocessor.i_hdec_coprocessor/i_hdec_top/ecc_leaf_b_q_reg[24]/D (clocked by sys_clk). Large setup violations at the end of those stages might be difficult to fix during the post-placement implementation flow and could be the result of non-optimal XDC constraints or non-optimal design architecture
Related violations: <none>

TIMING-16#210 Warning
Large setup violation  
There is a large setup violation of -1.322 ns between i_ariane/gen_hdec_coprocessor.i_hdec_coprocessor/i_hdec_top/ecc_pmul_subop_q_reg[0]/C (clocked by sys_clk) and i_ariane/gen_hdec_coprocessor.i_hdec_coprocessor/i_hdec_top/ecc_pmul_step_q_reg[2]/D (clocked by sys_clk). Large setup violations at the end of those stages might be difficult to fix during the post-placement implementation flow and could be the result of non-optimal XDC constraints or non-optimal design architecture
Related violations: <none>

TIMING-16#211 Warning
Large setup violation  
There is a large setup violation of -1.324 ns between i_ariane/gen_hdec_coprocessor.i_hdec_coprocessor/i_hdec_top/FSM_onehot_st_q_reg[1]_rep__0/C (clocked by sys_clk) and i_ariane/gen_hdec_coprocessor.i_hdec_coprocessor/i_hdec_top/i_vrf/gen_bank[2].vrf_mem_reg/DIADI[31] (clocked by sys_clk). Large setup violations at the end of those stages might be difficult to fix during the post-placement implementation flow and could be the result of non-optimal XDC constraints or non-optimal design architecture
Related violations: <none>

TIMING-16#212 Warning
Large setup violation  
There is a large setup violation of -1.324 ns between i_ariane/gen_hdec_coprocessor.i_hdec_coprocessor/i_hdec_top/uop_p2_q_reg[op_type][1]/C (clocked by sys_clk) and i_ariane/gen_hdec_coprocessor.i_hdec_coprocessor/i_hdec_top/i_vec/payload_q_reg[2][41]/CE (clocked by sys_clk). Large setup violations at the end of those stages might be difficult to fix during the post-placement implementation flow and could be the result of non-optimal XDC constraints or non-optimal design architecture
Related violations: <none>

TIMING-16#213 Warning
Large setup violation  
There is a large setup violation of -1.328 ns between i_ariane/gen_hdec_coprocessor.i_hdec_coprocessor/i_hdec_top/i_vrf/gen_bank[3].vrf_mem_reg/CLKARDCLK (clocked by sys_clk) and i_ariane/gen_hdec_coprocessor.i_hdec_coprocessor/i_hdec_top/ecc_leaf_b_q_reg[2]/D (clocked by sys_clk). Large setup violations at the end of those stages might be difficult to fix during the post-placement implementation flow and could be the result of non-optimal XDC constraints or non-optimal design architecture
Related violations: <none>

TIMING-16#214 Warning
Large setup violation  
There is a large setup violation of -1.329 ns between i_ariane/gen_hdec_coprocessor.i_hdec_coprocessor/i_hdec_top/i_vrf/gen_bank[2].vrf_mem_reg/CLKARDCLK (clocked by sys_clk) and i_ariane/gen_hdec_coprocessor.i_hdec_coprocessor/i_hdec_top/i_vec/payload_q_reg[2][0]/D (clocked by sys_clk). Large setup violations at the end of those stages might be difficult to fix during the post-placement implementation flow and could be the result of non-optimal XDC constraints or non-optimal design architecture
Related violations: <none>

TIMING-16#215 Warning
Large setup violation  
There is a large setup violation of -1.330 ns between i_ariane/gen_hdec_coprocessor.i_hdec_coprocessor/i_hdec_top/FSM_onehot_st_q_reg[1]_rep/C (clocked by sys_clk) and i_ariane/gen_hdec_coprocessor.i_hdec_coprocessor/i_hdec_top/i_vrf/gen_bank[0].vrf_mem_reg/DIBDI[1] (clocked by sys_clk). Large setup violations at the end of those stages might be difficult to fix during the post-placement implementation flow and could be the result of non-optimal XDC constraints or non-optimal design architecture
Related violations: <none>

TIMING-16#216 Warning
Large setup violation  
There is a large setup violation of -1.331 ns between i_ariane/gen_hdec_coprocessor.i_hdec_coprocessor/i_hdec_top/ecc_pmul_subop_q_reg[0]/C (clocked by sys_clk) and i_ariane/gen_hdec_coprocessor.i_hdec_coprocessor/i_hdec_top/ecc_pmul_step_q_reg[0]/D (clocked by sys_clk). Large setup violations at the end of those stages might be difficult to fix during the post-placement implementation flow and could be the result of non-optimal XDC constraints or non-optimal design architecture
Related violations: <none>

TIMING-16#217 Warning
Large setup violation  
There is a large setup violation of -1.331 ns between i_ariane/gen_hdec_coprocessor.i_hdec_coprocessor/i_hdec_top/uop_p2_q_reg[op_type][1]/C (clocked by sys_clk) and i_ariane/gen_hdec_coprocessor.i_hdec_coprocessor/i_hdec_top/i_vec/payload_q_reg[2][7]/CE (clocked by sys_clk). Large setup violations at the end of those stages might be difficult to fix during the post-placement implementation flow and could be the result of non-optimal XDC constraints or non-optimal design architecture
Related violations: <none>

TIMING-16#218 Warning
Large setup violation  
There is a large setup violation of -1.331 ns between i_ariane/gen_hdec_coprocessor.i_hdec_coprocessor/i_hdec_top/uop_p3_q_reg[subgroup_idx][1]_rep/C (clocked by sys_clk) and i_ariane/gen_hdec_coprocessor.i_hdec_coprocessor/i_hdec_top/hdc_src0_q_reg[2][9]/CE (clocked by sys_clk). Large setup violations at the end of those stages might be difficult to fix during the post-placement implementation flow and could be the result of non-optimal XDC constraints or non-optimal design architecture
Related violations: <none>

TIMING-16#219 Warning
Large setup violation  
There is a large setup violation of -1.336 ns between i_ariane/gen_hdec_coprocessor.i_hdec_coprocessor/i_hdec_top/ecc_fold_word_q_reg[1]/C (clocked by sys_clk) and i_ariane/gen_hdec_coprocessor.i_hdec_coprocessor/i_hdec_top/ecc_leaf128_prod_q_reg[18]/CE (clocked by sys_clk). Large setup violations at the end of those stages might be difficult to fix during the post-placement implementation flow and could be the result of non-optimal XDC constraints or non-optimal design architecture
Related violations: <none>

TIMING-16#220 Warning
Large setup violation  
There is a large setup violation of -1.336 ns between i_ariane/gen_hdec_coprocessor.i_hdec_coprocessor/i_hdec_top/ecc_fold_word_q_reg[1]/C (clocked by sys_clk) and i_ariane/gen_hdec_coprocessor.i_hdec_coprocessor/i_hdec_top/ecc_leaf128_prod_q_reg[47]/CE (clocked by sys_clk). Large setup violations at the end of those stages might be difficult to fix during the post-placement implementation flow and could be the result of non-optimal XDC constraints or non-optimal design architecture
Related violations: <none>

TIMING-16#221 Warning
Large setup violation  
There is a large setup violation of -1.336 ns between i_ariane/gen_hdec_coprocessor.i_hdec_coprocessor/i_hdec_top/ecc_fold_word_q_reg[1]/C (clocked by sys_clk) and i_ariane/gen_hdec_coprocessor.i_hdec_coprocessor/i_hdec_top/ecc_leaf128_prod_q_reg[79]/CE (clocked by sys_clk). Large setup violations at the end of those stages might be difficult to fix during the post-placement implementation flow and could be the result of non-optimal XDC constraints or non-optimal design architecture
Related violations: <none>

TIMING-16#222 Warning
Large setup violation  
There is a large setup violation of -1.343 ns between i_ariane/gen_hdec_coprocessor.i_hdec_coprocessor/i_hdec_top/hperm_lane_slot_q_reg[1]/C (clocked by sys_clk) and i_ariane/gen_hdec_coprocessor.i_hdec_coprocessor/i_hdec_top/hperm_stage_q_reg[12]/D (clocked by sys_clk). Large setup violations at the end of those stages might be difficult to fix during the post-placement implementation flow and could be the result of non-optimal XDC constraints or non-optimal design architecture
Related violations: <none>

TIMING-16#223 Warning
Large setup violation  
There is a large setup violation of -1.345 ns between i_ariane/gen_hdec_coprocessor.i_hdec_coprocessor/i_hdec_top/FSM_onehot_st_q_reg[1]_rep/C (clocked by sys_clk) and i_ariane/gen_hdec_coprocessor.i_hdec_coprocessor/i_hdec_top/i_vrf/gen_bank[0].vrf_mem_reg/DIBDI[18] (clocked by sys_clk). Large setup violations at the end of those stages might be difficult to fix during the post-placement implementation flow and could be the result of non-optimal XDC constraints or non-optimal design architecture
Related violations: <none>

TIMING-16#224 Warning
Large setup violation  
There is a large setup violation of -1.346 ns between i_ariane/gen_hdec_coprocessor.i_hdec_coprocessor/i_hdec_top/uop_p3_q_reg[op_type][2]/C (clocked by sys_clk) and i_ariane/gen_hdec_coprocessor.i_hdec_coprocessor/i_hdec_top/hdc_src0_q_reg[0][31]/CE (clocked by sys_clk). Large setup violations at the end of those stages might be difficult to fix during the post-placement implementation flow and could be the result of non-optimal XDC constraints or non-optimal design architecture
Related violations: <none>

TIMING-16#225 Warning
Large setup violation  
There is a large setup violation of -1.346 ns between i_ariane/gen_hdec_coprocessor.i_hdec_coprocessor/i_hdec_top/uop_p3_q_reg[op_type][2]/C (clocked by sys_clk) and i_ariane/gen_hdec_coprocessor.i_hdec_coprocessor/i_hdec_top/hdc_src0_q_reg[1][30]/CE (clocked by sys_clk). Large setup violations at the end of those stages might be difficult to fix during the post-placement implementation flow and could be the result of non-optimal XDC constraints or non-optimal design architecture
Related violations: <none>

TIMING-16#226 Warning
Large setup violation  
There is a large setup violation of -1.346 ns between i_ariane/gen_hdec_coprocessor.i_hdec_coprocessor/i_hdec_top/uop_p3_q_reg[subgroup_idx][1]_rep/C (clocked by sys_clk) and i_ariane/gen_hdec_coprocessor.i_hdec_coprocessor/i_hdec_top/hdc_src0_q_reg[2][3]/CE (clocked by sys_clk). Large setup violations at the end of those stages might be difficult to fix during the post-placement implementation flow and could be the result of non-optimal XDC constraints or non-optimal design architecture
Related violations: <none>

TIMING-16#227 Warning
Large setup violation  
There is a large setup violation of -1.347 ns between i_ariane/gen_hdec_coprocessor.i_hdec_coprocessor/i_hdec_top/i_vrf/gen_bank[3].vrf_mem_reg/CLKARDCLK (clocked by sys_clk) and i_ariane/gen_hdec_coprocessor.i_hdec_coprocessor/i_hdec_top/ecc_leaf_b_q_reg[17]/D (clocked by sys_clk). Large setup violations at the end of those stages might be difficult to fix during the post-placement implementation flow and could be the result of non-optimal XDC constraints or non-optimal design architecture
Related violations: <none>

TIMING-16#228 Warning
Large setup violation  
There is a large setup violation of -1.347 ns between i_ariane/gen_hdec_coprocessor.i_hdec_coprocessor/i_hdec_top/uop_p2_q_reg[op_type][1]/C (clocked by sys_clk) and i_ariane/gen_hdec_coprocessor.i_hdec_coprocessor/i_hdec_top/i_vec/payload_q_reg[2][6]/CE (clocked by sys_clk). Large setup violations at the end of those stages might be difficult to fix during the post-placement implementation flow and could be the result of non-optimal XDC constraints or non-optimal design architecture
Related violations: <none>

TIMING-16#229 Warning
Large setup violation  
There is a large setup violation of -1.351 ns between i_ariane/gen_hdec_coprocessor.i_hdec_coprocessor/i_hdec_top/FSM_onehot_st_q_reg[45]/C (clocked by sys_clk) and i_ariane/gen_hdec_coprocessor.i_hdec_coprocessor/i_hdec_top/i_vrf/gen_bank[1].vrf_mem_reg/DIADI[22] (clocked by sys_clk). Large setup violations at the end of those stages might be difficult to fix during the post-placement implementation flow and could be the result of non-optimal XDC constraints or non-optimal design architecture
Related violations: <none>

TIMING-16#230 Warning
Large setup violation  
There is a large setup violation of -1.354 ns between i_ariane/gen_hdec_coprocessor.i_hdec_coprocessor/i_hdec_top/i_vrf/gen_bank[3].vrf_mem_reg/CLKARDCLK (clocked by sys_clk) and i_ariane/gen_hdec_coprocessor.i_hdec_coprocessor/i_hdec_top/ecc_leaf_a_q_reg[2]/D (clocked by sys_clk). Large setup violations at the end of those stages might be difficult to fix during the post-placement implementation flow and could be the result of non-optimal XDC constraints or non-optimal design architecture
Related violations: <none>

TIMING-16#231 Warning
Large setup violation  
There is a large setup violation of -1.356 ns between i_ariane/gen_hdec_coprocessor.i_hdec_coprocessor/i_hdec_top/i_vrf/gen_bank[1].vrf_mem_reg/CLKARDCLK (clocked by sys_clk) and i_ariane/gen_hdec_coprocessor.i_hdec_coprocessor/i_hdec_top/i_vec/payload_q_reg[1][10]/D (clocked by sys_clk). Large setup violations at the end of those stages might be difficult to fix during the post-placement implementation flow and could be the result of non-optimal XDC constraints or non-optimal design architecture
Related violations: <none>

TIMING-16#232 Warning
Large setup violation  
There is a large setup violation of -1.358 ns between i_ariane/gen_hdec_coprocessor.i_hdec_coprocessor/i_hdec_top/i_vrf/gen_bank[1].vrf_mem_reg/CLKARDCLK (clocked by sys_clk) and i_ariane/gen_hdec_coprocessor.i_hdec_coprocessor/i_hdec_top/i_vec/payload_q_reg[1][11]/D (clocked by sys_clk). Large setup violations at the end of those stages might be difficult to fix during the post-placement implementation flow and could be the result of non-optimal XDC constraints or non-optimal design architecture
Related violations: <none>

TIMING-16#233 Warning
Large setup violation  
There is a large setup violation of -1.359 ns between i_ariane/gen_hdec_coprocessor.i_hdec_coprocessor/i_hdec_top/FSM_onehot_st_q_reg[45]/C (clocked by sys_clk) and i_ariane/gen_hdec_coprocessor.i_hdec_coprocessor/i_hdec_top/i_vrf/gen_bank[0].vrf_mem_reg/DIADI[0] (clocked by sys_clk). Large setup violations at the end of those stages might be difficult to fix during the post-placement implementation flow and could be the result of non-optimal XDC constraints or non-optimal design architecture
Related violations: <none>

TIMING-16#234 Warning
Large setup violation  
There is a large setup violation of -1.360 ns between i_ariane/gen_hdec_coprocessor.i_hdec_coprocessor/i_hdec_top/uop_p3_q_reg[subgroup_idx][1]_rep/C (clocked by sys_clk) and i_ariane/gen_hdec_coprocessor.i_hdec_coprocessor/i_hdec_top/hdc_src0_q_reg[3][1]/CE (clocked by sys_clk). Large setup violations at the end of those stages might be difficult to fix during the post-placement implementation flow and could be the result of non-optimal XDC constraints or non-optimal design architecture
Related violations: <none>

TIMING-16#235 Warning
Large setup violation  
There is a large setup violation of -1.362 ns between i_ariane/gen_hdec_coprocessor.i_hdec_coprocessor/i_hdec_top/FSM_onehot_st_q_reg[45]/C (clocked by sys_clk) and i_ariane/gen_hdec_coprocessor.i_hdec_coprocessor/i_hdec_top/i_vrf/gen_bank[0].vrf_mem_reg/DIADI[8] (clocked by sys_clk). Large setup violations at the end of those stages might be difficult to fix during the post-placement implementation flow and could be the result of non-optimal XDC constraints or non-optimal design architecture
Related violations: <none>

TIMING-16#236 Warning
Large setup violation  
There is a large setup violation of -1.363 ns between i_ariane/gen_hdec_coprocessor.i_hdec_coprocessor/i_hdec_top/ecc_autoreduce_q_reg/C (clocked by sys_clk) and i_ariane/gen_hdec_coprocessor.i_hdec_coprocessor/i_hdec_top/hdc_src0_q_reg[3][35]/CE (clocked by sys_clk). Large setup violations at the end of those stages might be difficult to fix during the post-placement implementation flow and could be the result of non-optimal XDC constraints or non-optimal design architecture
Related violations: <none>

TIMING-16#237 Warning
Large setup violation  
There is a large setup violation of -1.370 ns between i_ariane/gen_hdec_coprocessor.i_hdec_coprocessor/i_hdec_top/ecc_autoreduce_q_reg/C (clocked by sys_clk) and i_ariane/gen_hdec_coprocessor.i_hdec_coprocessor/i_hdec_top/hdc_src0_q_reg[2][36]/CE (clocked by sys_clk). Large setup violations at the end of those stages might be difficult to fix during the post-placement implementation flow and could be the result of non-optimal XDC constraints or non-optimal design architecture
Related violations: <none>

TIMING-16#238 Warning
Large setup violation  
There is a large setup violation of -1.371 ns between i_ariane/gen_hdec_coprocessor.i_hdec_coprocessor/i_hdec_top/uop_p2_q_reg[op_type][1]/C (clocked by sys_clk) and i_ariane/gen_hdec_coprocessor.i_hdec_coprocessor/i_hdec_top/i_vec/payload_q_reg[0][19]/CE (clocked by sys_clk). Large setup violations at the end of those stages might be difficult to fix during the post-placement implementation flow and could be the result of non-optimal XDC constraints or non-optimal design architecture
Related violations: <none>

TIMING-16#239 Warning
Large setup violation  
There is a large setup violation of -1.376 ns between i_ariane/gen_hdec_coprocessor.i_hdec_coprocessor/i_hdec_top/uop_p2_q_reg[op_type][1]/C (clocked by sys_clk) and i_ariane/gen_hdec_coprocessor.i_hdec_coprocessor/i_hdec_top/i_vec/payload_q_reg[0][41]/CE (clocked by sys_clk). Large setup violations at the end of those stages might be difficult to fix during the post-placement implementation flow and could be the result of non-optimal XDC constraints or non-optimal design architecture
Related violations: <none>

TIMING-16#240 Warning
Large setup violation  
There is a large setup violation of -1.379 ns between i_ariane/gen_hdec_coprocessor.i_hdec_coprocessor/i_hdec_top/i_vrf/gen_bank[3].vrf_mem_reg/CLKARDCLK (clocked by sys_clk) and i_ariane/gen_hdec_coprocessor.i_hdec_coprocessor/i_hdec_top/ecc_leaf_xor_a_q_reg[1]/D (clocked by sys_clk). Large setup violations at the end of those stages might be difficult to fix during the post-placement implementation flow and could be the result of non-optimal XDC constraints or non-optimal design architecture
Related violations: <none>

TIMING-16#241 Warning
Large setup violation  
There is a large setup violation of -1.381 ns between i_ariane/gen_hdec_coprocessor.i_hdec_coprocessor/i_hdec_top/FSM_onehot_st_q_reg[45]/C (clocked by sys_clk) and i_ariane/gen_hdec_coprocessor.i_hdec_coprocessor/i_hdec_top/i_vrf/gen_bank[1].vrf_mem_reg/DIBDI[23] (clocked by sys_clk). Large setup violations at the end of those stages might be difficult to fix during the post-placement implementation flow and could be the result of non-optimal XDC constraints or non-optimal design architecture
Related violations: <none>

TIMING-16#242 Warning
Large setup violation  
There is a large setup violation of -1.381 ns between i_ariane/gen_hdec_coprocessor.i_hdec_coprocessor/i_hdec_top/ecc_autoreduce_q_reg/C (clocked by sys_clk) and i_ariane/gen_hdec_coprocessor.i_hdec_coprocessor/i_hdec_top/hdc_src0_q_reg[2][22]/CE (clocked by sys_clk). Large setup violations at the end of those stages might be difficult to fix during the post-placement implementation flow and could be the result of non-optimal XDC constraints or non-optimal design architecture
Related violations: <none>

TIMING-16#243 Warning
Large setup violation  
There is a large setup violation of -1.383 ns between i_ariane/gen_hdec_coprocessor.i_hdec_coprocessor/i_hdec_top/FSM_onehot_st_q_reg[45]/C (clocked by sys_clk) and i_ariane/gen_hdec_coprocessor.i_hdec_coprocessor/i_hdec_top/i_vrf/gen_bank[0].vrf_mem_reg/DIADI[1] (clocked by sys_clk). Large setup violations at the end of those stages might be difficult to fix during the post-placement implementation flow and could be the result of non-optimal XDC constraints or non-optimal design architecture
Related violations: <none>

TIMING-16#244 Warning
Large setup violation  
There is a large setup violation of -1.383 ns between i_ariane/gen_hdec_coprocessor.i_hdec_coprocessor/i_hdec_top/FSM_onehot_st_q_reg[45]/C (clocked by sys_clk) and i_ariane/gen_hdec_coprocessor.i_hdec_coprocessor/i_hdec_top/i_vrf/gen_bank[1].vrf_mem_reg/DIADI[28] (clocked by sys_clk). Large setup violations at the end of those stages might be difficult to fix during the post-placement implementation flow and could be the result of non-optimal XDC constraints or non-optimal design architecture
Related violations: <none>

TIMING-16#245 Warning
Large setup violation  
There is a large setup violation of -1.384 ns between i_ariane/gen_hdec_coprocessor.i_hdec_coprocessor/i_hdec_top/ecc_leaf_path_q_reg[2]/C (clocked by sys_clk) and i_ariane/gen_hdec_coprocessor.i_hdec_coprocessor/i_hdec_top/ecc_leaf_a_q_reg[17]/CE (clocked by sys_clk). Large setup violations at the end of those stages might be difficult to fix during the post-placement implementation flow and could be the result of non-optimal XDC constraints or non-optimal design architecture
Related violations: <none>

TIMING-16#246 Warning
Large setup violation  
There is a large setup violation of -1.384 ns between i_ariane/gen_hdec_coprocessor.i_hdec_coprocessor/i_hdec_top/hperm_lane_slot_q_reg[1]/C (clocked by sys_clk) and i_ariane/gen_hdec_coprocessor.i_hdec_coprocessor/i_hdec_top/hperm_stage_q_reg[7]/D (clocked by sys_clk). Large setup violations at the end of those stages might be difficult to fix during the post-placement implementation flow and could be the result of non-optimal XDC constraints or non-optimal design architecture
Related violations: <none>

TIMING-16#247 Warning
Large setup violation  
There is a large setup violation of -1.384 ns between i_ariane/gen_hdec_coprocessor.i_hdec_coprocessor/i_hdec_top/uop_p2_q_reg[op_type][1]/C (clocked by sys_clk) and i_ariane/gen_hdec_coprocessor.i_hdec_coprocessor/i_hdec_top/i_vec/payload_q_reg[1][43]/CE (clocked by sys_clk). Large setup violations at the end of those stages might be difficult to fix during the post-placement implementation flow and could be the result of non-optimal XDC constraints or non-optimal design architecture
Related violations: <none>

TIMING-16#248 Warning
Large setup violation  
There is a large setup violation of -1.385 ns between i_ariane/gen_hdec_coprocessor.i_hdec_coprocessor/i_hdec_top/uop_p2_q_reg[op_type][1]/C (clocked by sys_clk) and i_ariane/gen_hdec_coprocessor.i_hdec_coprocessor/i_hdec_top/i_vec/payload_q_reg[0][10]/CE (clocked by sys_clk). Large setup violations at the end of those stages might be difficult to fix during the post-placement implementation flow and could be the result of non-optimal XDC constraints or non-optimal design architecture
Related violations: <none>

TIMING-16#249 Warning
Large setup violation  
There is a large setup violation of -1.390 ns between i_ariane/gen_hdec_coprocessor.i_hdec_coprocessor/i_hdec_top/ecc_fold_word_q_reg[1]/C (clocked by sys_clk) and i_ariane/gen_hdec_coprocessor.i_hdec_coprocessor/i_hdec_top/ecc_leaf128_prod_q_reg[105]/CE (clocked by sys_clk). Large setup violations at the end of those stages might be difficult to fix during the post-placement implementation flow and could be the result of non-optimal XDC constraints or non-optimal design architecture
Related violations: <none>

TIMING-16#250 Warning
Large setup violation  
There is a large setup violation of -1.390 ns between i_ariane/gen_hdec_coprocessor.i_hdec_coprocessor/i_hdec_top/ecc_fold_word_q_reg[1]/C (clocked by sys_clk) and i_ariane/gen_hdec_coprocessor.i_hdec_coprocessor/i_hdec_top/ecc_leaf128_prod_q_reg[26]/CE (clocked by sys_clk). Large setup violations at the end of those stages might be difficult to fix during the post-placement implementation flow and could be the result of non-optimal XDC constraints or non-optimal design architecture
Related violations: <none>

TIMING-16#251 Warning
Large setup violation  
There is a large setup violation of -1.390 ns between i_ariane/gen_hdec_coprocessor.i_hdec_coprocessor/i_hdec_top/ecc_fold_word_q_reg[1]/C (clocked by sys_clk) and i_ariane/gen_hdec_coprocessor.i_hdec_coprocessor/i_hdec_top/ecc_leaf128_prod_q_reg[58]/CE (clocked by sys_clk). Large setup violations at the end of those stages might be difficult to fix during the post-placement implementation flow and could be the result of non-optimal XDC constraints or non-optimal design architecture
Related violations: <none>

TIMING-16#252 Warning
Large setup violation  
There is a large setup violation of -1.390 ns between i_ariane/gen_hdec_coprocessor.i_hdec_coprocessor/i_hdec_top/ecc_fold_word_q_reg[1]/C (clocked by sys_clk) and i_ariane/gen_hdec_coprocessor.i_hdec_coprocessor/i_hdec_top/ecc_leaf128_prod_q_reg[90]/CE (clocked by sys_clk). Large setup violations at the end of those stages might be difficult to fix during the post-placement implementation flow and could be the result of non-optimal XDC constraints or non-optimal design architecture
Related violations: <none>

TIMING-16#253 Warning
Large setup violation  
There is a large setup violation of -1.392 ns between i_ariane/gen_hdec_coprocessor.i_hdec_coprocessor/i_hdec_top/uop_p3_q_reg[op_type][2]/C (clocked by sys_clk) and i_ariane/gen_hdec_coprocessor.i_hdec_coprocessor/i_hdec_top/hdc_src0_q_reg[2][50]/CE (clocked by sys_clk). Large setup violations at the end of those stages might be difficult to fix during the post-placement implementation flow and could be the result of non-optimal XDC constraints or non-optimal design architecture
Related violations: <none>

TIMING-16#254 Warning
Large setup violation  
There is a large setup violation of -1.397 ns between i_ariane/gen_hdec_coprocessor.i_hdec_coprocessor/i_hdec_top/uop_p3_q_reg[op_type][2]/C (clocked by sys_clk) and i_ariane/gen_hdec_coprocessor.i_hdec_coprocessor/i_hdec_top/hdc_src0_q_reg[1][57]/CE (clocked by sys_clk). Large setup violations at the end of those stages might be difficult to fix during the post-placement implementation flow and could be the result of non-optimal XDC constraints or non-optimal design architecture
Related violations: <none>

TIMING-16#255 Warning
Large setup violation  
There is a large setup violation of -1.401 ns between i_ariane/gen_hdec_coprocessor.i_hdec_coprocessor/i_hdec_top/FSM_onehot_st_q_reg[15]_rep__1/C (clocked by sys_clk) and i_ariane/gen_hdec_coprocessor.i_hdec_coprocessor/i_hdec_top/i_vrf/gen_bank[0].vrf_mem_reg/DIBDI[14] (clocked by sys_clk). Large setup violations at the end of those stages might be difficult to fix during the post-placement implementation flow and could be the result of non-optimal XDC constraints or non-optimal design architecture
Related violations: <none>

TIMING-16#256 Warning
Large setup violation  
There is a large setup violation of -1.401 ns between i_ariane/gen_hdec_coprocessor.i_hdec_coprocessor/i_hdec_top/i_vrf/gen_bank[2].vrf_mem_reg/CLKARDCLK (clocked by sys_clk) and i_ariane/gen_hdec_coprocessor.i_hdec_coprocessor/i_hdec_top/hperm_stage_q_reg[56]/D (clocked by sys_clk). Large setup violations at the end of those stages might be difficult to fix during the post-placement implementation flow and could be the result of non-optimal XDC constraints or non-optimal design architecture
Related violations: <none>

TIMING-16#257 Warning
Large setup violation  
There is a large setup violation of -1.404 ns between i_ariane/gen_hdec_coprocessor.i_hdec_coprocessor/i_hdec_top/ecc_autoreduce_q_reg/C (clocked by sys_clk) and i_ariane/gen_hdec_coprocessor.i_hdec_coprocessor/i_hdec_top/hdc_src0_q_reg[2][25]/CE (clocked by sys_clk). Large setup violations at the end of those stages might be difficult to fix during the post-placement implementation flow and could be the result of non-optimal XDC constraints or non-optimal design architecture
Related violations: <none>

TIMING-16#258 Warning
Large setup violation  
There is a large setup violation of -1.407 ns between i_ariane/gen_hdec_coprocessor.i_hdec_coprocessor/i_hdec_top/ecc_autoreduce_q_reg/C (clocked by sys_clk) and i_ariane/gen_hdec_coprocessor.i_hdec_coprocessor/i_hdec_top/hdc_src0_q_reg[2][29]/CE (clocked by sys_clk). Large setup violations at the end of those stages might be difficult to fix during the post-placement implementation flow and could be the result of non-optimal XDC constraints or non-optimal design architecture
Related violations: <none>

TIMING-16#259 Warning
Large setup violation  
There is a large setup violation of -1.407 ns between i_ariane/gen_hdec_coprocessor.i_hdec_coprocessor/i_hdec_top/ecc_autoreduce_q_reg/C (clocked by sys_clk) and i_ariane/gen_hdec_coprocessor.i_hdec_coprocessor/i_hdec_top/hdc_src0_q_reg[3][25]/CE (clocked by sys_clk). Large setup violations at the end of those stages might be difficult to fix during the post-placement implementation flow and could be the result of non-optimal XDC constraints or non-optimal design architecture
Related violations: <none>

TIMING-16#260 Warning
Large setup violation  
There is a large setup violation of -1.410 ns between i_ariane/gen_hdec_coprocessor.i_hdec_coprocessor/i_hdec_top/hperm_lane_slot_q_reg[1]/C (clocked by sys_clk) and i_ariane/gen_hdec_coprocessor.i_hdec_coprocessor/i_hdec_top/hperm_stage_q_reg[26]/D (clocked by sys_clk). Large setup violations at the end of those stages might be difficult to fix during the post-placement implementation flow and could be the result of non-optimal XDC constraints or non-optimal design architecture
Related violations: <none>

TIMING-16#261 Warning
Large setup violation  
There is a large setup violation of -1.412 ns between i_ariane/gen_hdec_coprocessor.i_hdec_coprocessor/i_hdec_top/uop_p3_q_reg[op_type][2]/C (clocked by sys_clk) and i_ariane/gen_hdec_coprocessor.i_hdec_coprocessor/i_hdec_top/hdc_src0_q_reg[1][48]/CE (clocked by sys_clk). Large setup violations at the end of those stages might be difficult to fix during the post-placement implementation flow and could be the result of non-optimal XDC constraints or non-optimal design architecture
Related violations: <none>

TIMING-16#262 Warning
Large setup violation  
There is a large setup violation of -1.414 ns between i_ariane/gen_hdec_coprocessor.i_hdec_coprocessor/i_hdec_top/hperm_lane_slot_q_reg[1]/C (clocked by sys_clk) and i_ariane/gen_hdec_coprocessor.i_hdec_coprocessor/i_hdec_top/hperm_stage_q_reg[38]/D (clocked by sys_clk). Large setup violations at the end of those stages might be difficult to fix during the post-placement implementation flow and could be the result of non-optimal XDC constraints or non-optimal design architecture
Related violations: <none>

TIMING-16#263 Warning
Large setup violation  
There is a large setup violation of -1.414 ns between i_ariane/gen_hdec_coprocessor.i_hdec_coprocessor/i_hdec_top/uop_p2_q_reg[op_type][1]/C (clocked by sys_clk) and i_ariane/gen_hdec_coprocessor.i_hdec_coprocessor/i_hdec_top/i_vec/payload_q_reg[2][13]/CE (clocked by sys_clk). Large setup violations at the end of those stages might be difficult to fix during the post-placement implementation flow and could be the result of non-optimal XDC constraints or non-optimal design architecture
Related violations: <none>

TIMING-16#264 Warning
Large setup violation  
There is a large setup violation of -1.416 ns between i_ariane/gen_hdec_coprocessor.i_hdec_coprocessor/i_hdec_top/i_vrf/gen_bank[1].vrf_mem_reg/CLKARDCLK (clocked by sys_clk) and i_ariane/gen_hdec_coprocessor.i_hdec_coprocessor/i_hdec_top/ecc_leaf_a_q_reg[12]/D (clocked by sys_clk). Large setup violations at the end of those stages might be difficult to fix during the post-placement implementation flow and could be the result of non-optimal XDC constraints or non-optimal design architecture
Related violations: <none>

TIMING-16#265 Warning
Large setup violation  
There is a large setup violation of -1.416 ns between i_ariane/gen_hdec_coprocessor.i_hdec_coprocessor/i_hdec_top/uop_p3_q_reg[op_type][2]/C (clocked by sys_clk) and i_ariane/gen_hdec_coprocessor.i_hdec_coprocessor/i_hdec_top/hdc_src0_q_reg[1][55]/CE (clocked by sys_clk). Large setup violations at the end of those stages might be difficult to fix during the post-placement implementation flow and could be the result of non-optimal XDC constraints or non-optimal design architecture
Related violations: <none>

TIMING-16#266 Warning
Large setup violation  
There is a large setup violation of -1.418 ns between i_ariane/gen_hdec_coprocessor.i_hdec_coprocessor/i_hdec_top/uop_p2_q_reg[op_type][1]/C (clocked by sys_clk) and i_ariane/gen_hdec_coprocessor.i_hdec_coprocessor/i_hdec_top/i_vec/payload_q_reg[1][2]/CE (clocked by sys_clk). Large setup violations at the end of those stages might be difficult to fix during the post-placement implementation flow and could be the result of non-optimal XDC constraints or non-optimal design architecture
Related violations: <none>

TIMING-16#267 Warning
Large setup violation  
There is a large setup violation of -1.422 ns between i_ariane/gen_hdec_coprocessor.i_hdec_coprocessor/i_hdec_top/ecc_fold_word_q_reg[1]/C (clocked by sys_clk) and i_ariane/gen_hdec_coprocessor.i_hdec_coprocessor/i_hdec_top/ecc_leaf128_prod_q_reg[17]/CE (clocked by sys_clk). Large setup violations at the end of those stages might be difficult to fix during the post-placement implementation flow and could be the result of non-optimal XDC constraints or non-optimal design architecture
Related violations: <none>

TIMING-16#268 Warning
Large setup violation  
There is a large setup violation of -1.422 ns between i_ariane/gen_hdec_coprocessor.i_hdec_coprocessor/i_hdec_top/ecc_fold_word_q_reg[1]/C (clocked by sys_clk) and i_ariane/gen_hdec_coprocessor.i_hdec_coprocessor/i_hdec_top/ecc_leaf128_prod_q_reg[4]/CE (clocked by sys_clk). Large setup violations at the end of those stages might be difficult to fix during the post-placement implementation flow and could be the result of non-optimal XDC constraints or non-optimal design architecture
Related violations: <none>

TIMING-16#269 Warning
Large setup violation  
There is a large setup violation of -1.422 ns between i_ariane/gen_hdec_coprocessor.i_hdec_coprocessor/i_hdec_top/ecc_fold_word_q_reg[1]/C (clocked by sys_clk) and i_ariane/gen_hdec_coprocessor.i_hdec_coprocessor/i_hdec_top/ecc_leaf128_prod_q_reg[81]/CE (clocked by sys_clk). Large setup violations at the end of those stages might be difficult to fix during the post-placement implementation flow and could be the result of non-optimal XDC constraints or non-optimal design architecture
Related violations: <none>

TIMING-16#270 Warning
Large setup violation  
There is a large setup violation of -1.425 ns between i_ariane/gen_hdec_coprocessor.i_hdec_coprocessor/i_hdec_top/ecc_fold_word_q_reg[1]/C (clocked by sys_clk) and i_ariane/gen_hdec_coprocessor.i_hdec_coprocessor/i_hdec_top/ecc_leaf_b_q_reg[30]/CE (clocked by sys_clk). Large setup violations at the end of those stages might be difficult to fix during the post-placement implementation flow and could be the result of non-optimal XDC constraints or non-optimal design architecture
Related violations: <none>

TIMING-16#271 Warning
Large setup violation  
There is a large setup violation of -1.425 ns between i_ariane/gen_hdec_coprocessor.i_hdec_coprocessor/i_hdec_top/uop_p2_q_reg[op_type][1]/C (clocked by sys_clk) and i_ariane/gen_hdec_coprocessor.i_hdec_coprocessor/i_hdec_top/i_vec/payload_q_reg[1][6]/CE (clocked by sys_clk). Large setup violations at the end of those stages might be difficult to fix during the post-placement implementation flow and could be the result of non-optimal XDC constraints or non-optimal design architecture
Related violations: <none>

TIMING-16#272 Warning
Large setup violation  
There is a large setup violation of -1.426 ns between i_ariane/gen_hdec_coprocessor.i_hdec_coprocessor/i_hdec_top/uop_p2_q_reg[op_type][1]/C (clocked by sys_clk) and i_ariane/gen_hdec_coprocessor.i_hdec_coprocessor/i_hdec_top/i_vec/payload_q_reg[2][25]/CE (clocked by sys_clk). Large setup violations at the end of those stages might be difficult to fix during the post-placement implementation flow and could be the result of non-optimal XDC constraints or non-optimal design architecture
Related violations: <none>

TIMING-16#273 Warning
Large setup violation  
There is a large setup violation of -1.426 ns between i_ariane/gen_hdec_coprocessor.i_hdec_coprocessor/i_hdec_top/uop_p2_q_reg[op_type][1]/C (clocked by sys_clk) and i_ariane/gen_hdec_coprocessor.i_hdec_coprocessor/i_hdec_top/i_vec/payload_q_reg[2][57]/CE (clocked by sys_clk). Large setup violations at the end of those stages might be difficult to fix during the post-placement implementation flow and could be the result of non-optimal XDC constraints or non-optimal design architecture
Related violations: <none>

TIMING-16#274 Warning
Large setup violation  
There is a large setup violation of -1.429 ns between i_ariane/gen_hdec_coprocessor.i_hdec_coprocessor/i_hdec_top/uop_p3_q_reg[op_type][2]/C (clocked by sys_clk) and i_ariane/gen_hdec_coprocessor.i_hdec_coprocessor/i_hdec_top/hdc_src0_q_reg[0][62]/CE (clocked by sys_clk). Large setup violations at the end of those stages might be difficult to fix during the post-placement implementation flow and could be the result of non-optimal XDC constraints or non-optimal design architecture
Related violations: <none>

TIMING-16#275 Warning
Large setup violation  
There is a large setup violation of -1.431 ns between i_ariane/gen_hdec_coprocessor.i_hdec_coprocessor/i_hdec_top/ecc_pmul_subop_q_reg[1]/C (clocked by sys_clk) and i_ariane/gen_hdec_coprocessor.i_hdec_coprocessor/i_hdec_top/hperm_dst_base_q_reg[2]/CE (clocked by sys_clk). Large setup violations at the end of those stages might be difficult to fix during the post-placement implementation flow and could be the result of non-optimal XDC constraints or non-optimal design architecture
Related violations: <none>

TIMING-16#276 Warning
Large setup violation  
There is a large setup violation of -1.431 ns between i_ariane/gen_hdec_coprocessor.i_hdec_coprocessor/i_hdec_top/ecc_pmul_subop_q_reg[1]/C (clocked by sys_clk) and i_ariane/gen_hdec_coprocessor.i_hdec_coprocessor/i_hdec_top/hperm_dst_base_q_reg[3]/CE (clocked by sys_clk). Large setup violations at the end of those stages might be difficult to fix during the post-placement implementation flow and could be the result of non-optimal XDC constraints or non-optimal design architecture
Related violations: <none>

TIMING-16#277 Warning
Large setup violation  
There is a large setup violation of -1.432 ns between i_ariane/gen_hdec_coprocessor.i_hdec_coprocessor/i_hdec_top/uop_p3_q_reg[op_type][2]/C (clocked by sys_clk) and i_ariane/gen_hdec_coprocessor.i_hdec_coprocessor/i_hdec_top/hdc_src0_q_reg[0][20]/CE (clocked by sys_clk). Large setup violations at the end of those stages might be difficult to fix during the post-placement implementation flow and could be the result of non-optimal XDC constraints or non-optimal design architecture
Related violations: <none>

TIMING-16#278 Warning
Large setup violation  
There is a large setup violation of -1.434 ns between i_ariane/gen_hdec_coprocessor.i_hdec_coprocessor/i_hdec_top/p2_lane_compute_q_reg/C (clocked by sys_clk) and i_ariane/gen_hdec_coprocessor.i_hdec_coprocessor/i_hdec_top/i_vec/payload_q_reg[1][7]/D (clocked by sys_clk). Large setup violations at the end of those stages might be difficult to fix during the post-placement implementation flow and could be the result of non-optimal XDC constraints or non-optimal design architecture
Related violations: <none>

TIMING-16#279 Warning
Large setup violation  
There is a large setup violation of -1.435 ns between i_ariane/gen_hdec_coprocessor.i_hdec_coprocessor/i_hdec_top/i_vrf/gen_bank[2].vrf_mem_reg/CLKARDCLK (clocked by sys_clk) and i_ariane/gen_hdec_coprocessor.i_hdec_coprocessor/i_hdec_top/ecc_leaf_b_q_reg[16]/D (clocked by sys_clk). Large setup violations at the end of those stages might be difficult to fix during the post-placement implementation flow and could be the result of non-optimal XDC constraints or non-optimal design architecture
Related violations: <none>

TIMING-16#280 Warning
Large setup violation  
There is a large setup violation of -1.436 ns between i_ariane/gen_hdec_coprocessor.i_hdec_coprocessor/i_hdec_top/FSM_onehot_st_q_reg[45]/C (clocked by sys_clk) and i_ariane/gen_hdec_coprocessor.i_hdec_coprocessor/i_hdec_top/i_vrf/gen_bank[1].vrf_mem_reg/DIADI[0] (clocked by sys_clk). Large setup violations at the end of those stages might be difficult to fix during the post-placement implementation flow and could be the result of non-optimal XDC constraints or non-optimal design architecture
Related violations: <none>

TIMING-16#281 Warning
Large setup violation  
There is a large setup violation of -1.439 ns between i_ariane/gen_hdec_coprocessor.i_hdec_coprocessor/i_hdec_top/FSM_onehot_st_q_reg[45]/C (clocked by sys_clk) and i_ariane/gen_hdec_coprocessor.i_hdec_coprocessor/i_hdec_top/i_vrf/gen_bank[0].vrf_mem_reg/DIADI[2] (clocked by sys_clk). Large setup violations at the end of those stages might be difficult to fix during the post-placement implementation flow and could be the result of non-optimal XDC constraints or non-optimal design architecture
Related violations: <none>

TIMING-16#282 Warning
Large setup violation  
There is a large setup violation of -1.439 ns between i_ariane/gen_hdec_coprocessor.i_hdec_coprocessor/i_hdec_top/i_vrf/gen_bank[2].vrf_mem_reg/CLKARDCLK (clocked by sys_clk) and i_ariane/gen_hdec_coprocessor.i_hdec_coprocessor/i_hdec_top/ecc_leaf_a_q_reg[8]/D (clocked by sys_clk). Large setup violations at the end of those stages might be difficult to fix during the post-placement implementation flow and could be the result of non-optimal XDC constraints or non-optimal design architecture
Related violations: <none>

TIMING-16#283 Warning
Large setup violation  
There is a large setup violation of -1.445 ns between i_ariane/gen_hdec_coprocessor.i_hdec_coprocessor/i_hdec_top/p2_lane_compute_q_reg/C (clocked by sys_clk) and i_ariane/gen_hdec_coprocessor.i_hdec_coprocessor/i_hdec_top/i_vec/payload_q_reg[0][7]/D (clocked by sys_clk). Large setup violations at the end of those stages might be difficult to fix during the post-placement implementation flow and could be the result of non-optimal XDC constraints or non-optimal design architecture
Related violations: <none>

TIMING-16#284 Warning
Large setup violation  
There is a large setup violation of -1.453 ns between i_ariane/gen_hdec_coprocessor.i_hdec_coprocessor/i_hdec_top/FSM_onehot_st_q_reg[45]/C (clocked by sys_clk) and i_ariane/gen_hdec_coprocessor.i_hdec_coprocessor/i_hdec_top/i_vrf/gen_bank[1].vrf_mem_reg/DIADI[29] (clocked by sys_clk). Large setup violations at the end of those stages might be difficult to fix during the post-placement implementation flow and could be the result of non-optimal XDC constraints or non-optimal design architecture
Related violations: <none>

TIMING-16#285 Warning
Large setup violation  
There is a large setup violation of -1.453 ns between i_ariane/gen_hdec_coprocessor.i_hdec_coprocessor/i_hdec_top/i_vrf/gen_bank[1].vrf_mem_reg/CLKARDCLK (clocked by sys_clk) and i_ariane/gen_hdec_coprocessor.i_hdec_coprocessor/i_hdec_top/i_vec/payload_q_reg[1][9]/D (clocked by sys_clk). Large setup violations at the end of those stages might be difficult to fix during the post-placement implementation flow and could be the result of non-optimal XDC constraints or non-optimal design architecture
Related violations: <none>

TIMING-16#286 Warning
Large setup violation  
There is a large setup violation of -1.454 ns between i_ariane/gen_hdec_coprocessor.i_hdec_coprocessor/i_hdec_top/uop_p2_q_reg[op_type][1]/C (clocked by sys_clk) and i_ariane/gen_hdec_coprocessor.i_hdec_coprocessor/i_hdec_top/i_vec/payload_q_reg[2][63]/CE (clocked by sys_clk). Large setup violations at the end of those stages might be difficult to fix during the post-placement implementation flow and could be the result of non-optimal XDC constraints or non-optimal design architecture
Related violations: <none>

TIMING-16#287 Warning
Large setup violation  
There is a large setup violation of -1.455 ns between i_ariane/gen_hdec_coprocessor.i_hdec_coprocessor/i_hdec_top/FSM_onehot_st_q_reg[45]/C (clocked by sys_clk) and i_ariane/gen_hdec_coprocessor.i_hdec_coprocessor/i_hdec_top/i_vrf/gen_bank[1].vrf_mem_reg/DIBDI[29] (clocked by sys_clk). Large setup violations at the end of those stages might be difficult to fix during the post-placement implementation flow and could be the result of non-optimal XDC constraints or non-optimal design architecture
Related violations: <none>

TIMING-16#288 Warning
Large setup violation  
There is a large setup violation of -1.456 ns between i_ariane/gen_hdec_coprocessor.i_hdec_coprocessor/i_hdec_top/i_vrf/gen_bank[1].vrf_mem_reg/CLKARDCLK (clocked by sys_clk) and i_ariane/gen_hdec_coprocessor.i_hdec_coprocessor/i_hdec_top/i_vec/payload_q_reg[1][8]/D (clocked by sys_clk). Large setup violations at the end of those stages might be difficult to fix during the post-placement implementation flow and could be the result of non-optimal XDC constraints or non-optimal design architecture
Related violations: <none>

TIMING-16#289 Warning
Large setup violation  
There is a large setup violation of -1.457 ns between i_ariane/gen_hdec_coprocessor.i_hdec_coprocessor/i_hdec_top/i_vrf/gen_bank[3].vrf_mem_reg/CLKARDCLK (clocked by sys_clk) and i_ariane/gen_hdec_coprocessor.i_hdec_coprocessor/i_hdec_top/ecc_leaf_b_q_reg[1]/D (clocked by sys_clk). Large setup violations at the end of those stages might be difficult to fix during the post-placement implementation flow and could be the result of non-optimal XDC constraints or non-optimal design architecture
Related violations: <none>

TIMING-16#290 Warning
Large setup violation  
There is a large setup violation of -1.458 ns between i_ariane/gen_hdec_coprocessor.i_hdec_coprocessor/i_hdec_top/FSM_onehot_st_q_reg[45]/C (clocked by sys_clk) and i_ariane/gen_hdec_coprocessor.i_hdec_coprocessor/i_hdec_top/i_vrf/gen_bank[1].vrf_mem_reg/DIBDI[13] (clocked by sys_clk). Large setup violations at the end of those stages might be difficult to fix during the post-placement implementation flow and could be the result of non-optimal XDC constraints or non-optimal design architecture
Related violations: <none>

TIMING-16#291 Warning
Large setup violation  
There is a large setup violation of -1.458 ns between i_ariane/gen_hdec_coprocessor.i_hdec_coprocessor/i_hdec_top/ecc_fold_word_q_reg[1]/C (clocked by sys_clk) and i_ariane/gen_hdec_coprocessor.i_hdec_coprocessor/i_hdec_top/ecc_leaf128_prod_q_reg[66]/CE (clocked by sys_clk). Large setup violations at the end of those stages might be difficult to fix during the post-placement implementation flow and could be the result of non-optimal XDC constraints or non-optimal design architecture
Related violations: <none>

TIMING-16#292 Warning
Large setup violation  
There is a large setup violation of -1.458 ns between i_ariane/gen_hdec_coprocessor.i_hdec_coprocessor/i_hdec_top/ecc_fold_word_q_reg[1]/C (clocked by sys_clk) and i_ariane/gen_hdec_coprocessor.i_hdec_coprocessor/i_hdec_top/ecc_leaf128_prod_q_reg[98]/CE (clocked by sys_clk). Large setup violations at the end of those stages might be difficult to fix during the post-placement implementation flow and could be the result of non-optimal XDC constraints or non-optimal design architecture
Related violations: <none>

TIMING-16#293 Warning
Large setup violation  
There is a large setup violation of -1.459 ns between i_ariane/gen_hdec_coprocessor.i_hdec_coprocessor/i_hdec_top/uop_p2_q_reg[op_type][1]/C (clocked by sys_clk) and i_ariane/gen_hdec_coprocessor.i_hdec_coprocessor/i_hdec_top/i_vec/payload_q_reg[2][8]/CE (clocked by sys_clk). Large setup violations at the end of those stages might be difficult to fix during the post-placement implementation flow and could be the result of non-optimal XDC constraints or non-optimal design architecture
Related violations: <none>

TIMING-16#294 Warning
Large setup violation  
There is a large setup violation of -1.462 ns between i_ariane/gen_hdec_coprocessor.i_hdec_coprocessor/i_hdec_top/FSM_onehot_st_q_reg[45]/C (clocked by sys_clk) and i_ariane/gen_hdec_coprocessor.i_hdec_coprocessor/i_hdec_top/i_vrf/gen_bank[1].vrf_mem_reg/DIADI[25] (clocked by sys_clk). Large setup violations at the end of those stages might be difficult to fix during the post-placement implementation flow and could be the result of non-optimal XDC constraints or non-optimal design architecture
Related violations: <none>

TIMING-16#295 Warning
Large setup violation  
There is a large setup violation of -1.468 ns between i_ariane/gen_hdec_coprocessor.i_hdec_coprocessor/i_hdec_top/i_vrf/gen_bank[2].vrf_mem_reg/CLKARDCLK (clocked by sys_clk) and i_ariane/gen_hdec_coprocessor.i_hdec_coprocessor/i_hdec_top/hperm_stage_q_reg[40]/D (clocked by sys_clk). Large setup violations at the end of those stages might be difficult to fix during the post-placement implementation flow and could be the result of non-optimal XDC constraints or non-optimal design architecture
Related violations: <none>

TIMING-16#296 Warning
Large setup violation  
There is a large setup violation of -1.479 ns between i_ariane/gen_hdec_coprocessor.i_hdec_coprocessor/i_hdec_top/ecc_fold_word_q_reg[1]/C (clocked by sys_clk) and i_ariane/gen_hdec_coprocessor.i_hdec_coprocessor/i_hdec_top/ecc_leaf_b_q_reg[1]/CE (clocked by sys_clk). Large setup violations at the end of those stages might be difficult to fix during the post-placement implementation flow and could be the result of non-optimal XDC constraints or non-optimal design architecture
Related violations: <none>

TIMING-16#297 Warning
Large setup violation  
There is a large setup violation of -1.482 ns between i_ariane/gen_hdec_coprocessor.i_hdec_coprocessor/i_hdec_top/hperm_lane_slot_q_reg[0]/C (clocked by sys_clk) and i_ariane/gen_hdec_coprocessor.i_hdec_coprocessor/i_hdec_top/hperm_stage_q_reg[31]/D (clocked by sys_clk). Large setup violations at the end of those stages might be difficult to fix during the post-placement implementation flow and could be the result of non-optimal XDC constraints or non-optimal design architecture
Related violations: <none>

TIMING-16#298 Warning
Large setup violation  
There is a large setup violation of -1.483 ns between i_ariane/gen_hdec_coprocessor.i_hdec_coprocessor/i_hdec_top/ecc_autoreduce_q_reg/C (clocked by sys_clk) and i_ariane/gen_hdec_coprocessor.i_hdec_coprocessor/i_hdec_top/hdc_src0_q_reg[2][30]/CE (clocked by sys_clk). Large setup violations at the end of those stages might be difficult to fix during the post-placement implementation flow and could be the result of non-optimal XDC constraints or non-optimal design architecture
Related violations: <none>

TIMING-16#299 Warning
Large setup violation  
There is a large setup violation of -1.485 ns between i_ariane/gen_hdec_coprocessor.i_hdec_coprocessor/i_hdec_top/FSM_onehot_st_q_reg[41]/C (clocked by sys_clk) and i_ariane/gen_hdec_coprocessor.i_hdec_coprocessor/i_hdec_top/FSM_onehot_st_q_reg[12]/CE (clocked by sys_clk). Large setup violations at the end of those stages might be difficult to fix during the post-placement implementation flow and could be the result of non-optimal XDC constraints or non-optimal design architecture
Related violations: <none>

TIMING-16#300 Warning
Large setup violation  
There is a large setup violation of -1.485 ns between i_ariane/gen_hdec_coprocessor.i_hdec_coprocessor/i_hdec_top/FSM_onehot_st_q_reg[41]/C (clocked by sys_clk) and i_ariane/gen_hdec_coprocessor.i_hdec_coprocessor/i_hdec_top/FSM_onehot_st_q_reg[13]/CE (clocked by sys_clk). Large setup violations at the end of those stages might be difficult to fix during the post-placement implementation flow and could be the result of non-optimal XDC constraints or non-optimal design architecture
Related violations: <none>

TIMING-16#301 Warning
Large setup violation  
There is a large setup violation of -1.485 ns between i_ariane/gen_hdec_coprocessor.i_hdec_coprocessor/i_hdec_top/FSM_onehot_st_q_reg[41]/C (clocked by sys_clk) and i_ariane/gen_hdec_coprocessor.i_hdec_coprocessor/i_hdec_top/FSM_onehot_st_q_reg[16]/CE (clocked by sys_clk). Large setup violations at the end of those stages might be difficult to fix during the post-placement implementation flow and could be the result of non-optimal XDC constraints or non-optimal design architecture
Related violations: <none>

TIMING-16#302 Warning
Large setup violation  
There is a large setup violation of -1.490 ns between i_ariane/gen_hdec_coprocessor.i_hdec_coprocessor/i_hdec_top/FSM_onehot_st_q_reg[41]/C (clocked by sys_clk) and i_ariane/gen_hdec_coprocessor.i_hdec_coprocessor/i_hdec_top/FSM_onehot_st_q_reg[5]/CE (clocked by sys_clk). Large setup violations at the end of those stages might be difficult to fix during the post-placement implementation flow and could be the result of non-optimal XDC constraints or non-optimal design architecture
Related violations: <none>

TIMING-16#303 Warning
Large setup violation  
There is a large setup violation of -1.494 ns between i_ariane/gen_hdec_coprocessor.i_hdec_coprocessor/i_hdec_top/FSM_onehot_st_q_reg[45]/C (clocked by sys_clk) and i_ariane/gen_hdec_coprocessor.i_hdec_coprocessor/i_hdec_top/i_vrf/gen_bank[1].vrf_mem_reg/DIADI[12] (clocked by sys_clk). Large setup violations at the end of those stages might be difficult to fix during the post-placement implementation flow and could be the result of non-optimal XDC constraints or non-optimal design architecture
Related violations: <none>

TIMING-16#304 Warning
Large setup violation  
There is a large setup violation of -1.499 ns between i_ariane/gen_hdec_coprocessor.i_hdec_coprocessor/i_hdec_top/hperm_lane_slot_q_reg[1]/C (clocked by sys_clk) and i_ariane/gen_hdec_coprocessor.i_hdec_coprocessor/i_hdec_top/hperm_stage_q_reg[10]/D (clocked by sys_clk). Large setup violations at the end of those stages might be difficult to fix during the post-placement implementation flow and could be the result of non-optimal XDC constraints or non-optimal design architecture
Related violations: <none>

TIMING-16#305 Warning
Large setup violation  
There is a large setup violation of -1.499 ns between i_ariane/gen_hdec_coprocessor.i_hdec_coprocessor/i_hdec_top/hperm_lane_slot_q_reg[1]/C (clocked by sys_clk) and i_ariane/gen_hdec_coprocessor.i_hdec_coprocessor/i_hdec_top/hperm_stage_q_reg[47]/D (clocked by sys_clk). Large setup violations at the end of those stages might be difficult to fix during the post-placement implementation flow and could be the result of non-optimal XDC constraints or non-optimal design architecture
Related violations: <none>

TIMING-16#306 Warning
Large setup violation  
There is a large setup violation of -1.499 ns between i_ariane/gen_hdec_coprocessor.i_hdec_coprocessor/i_hdec_top/i_vrf/gen_bank[3].vrf_mem_reg/CLKARDCLK (clocked by sys_clk) and i_ariane/gen_hdec_coprocessor.i_hdec_coprocessor/i_hdec_top/ecc_leaf_xor_b_q_reg[2]/D (clocked by sys_clk). Large setup violations at the end of those stages might be difficult to fix during the post-placement implementation flow and could be the result of non-optimal XDC constraints or non-optimal design architecture
Related violations: <none>

TIMING-16#307 Warning
Large setup violation  
There is a large setup violation of -1.501 ns between i_ariane/gen_hdec_coprocessor.i_hdec_coprocessor/i_hdec_top/FSM_onehot_st_q_reg[45]/C (clocked by sys_clk) and i_ariane/gen_hdec_coprocessor.i_hdec_coprocessor/i_hdec_top/i_vrf/gen_bank[1].vrf_mem_reg/DIADI[9] (clocked by sys_clk). Large setup violations at the end of those stages might be difficult to fix during the post-placement implementation flow and could be the result of non-optimal XDC constraints or non-optimal design architecture
Related violations: <none>

TIMING-16#308 Warning
Large setup violation  
There is a large setup violation of -1.503 ns between i_ariane/gen_hdec_coprocessor.i_hdec_coprocessor/i_hdec_top/ecc_autoreduce_q_reg/C (clocked by sys_clk) and i_ariane/gen_hdec_coprocessor.i_hdec_coprocessor/i_hdec_top/hdc_src0_q_reg[2][21]/CE (clocked by sys_clk). Large setup violations at the end of those stages might be difficult to fix during the post-placement implementation flow and could be the result of non-optimal XDC constraints or non-optimal design architecture
Related violations: <none>

TIMING-16#309 Warning
Large setup violation  
There is a large setup violation of -1.504 ns between i_ariane/gen_hdec_coprocessor.i_hdec_coprocessor/i_hdec_top/FSM_onehot_st_q_reg[1]_rep__0/C (clocked by sys_clk) and i_ariane/gen_hdec_coprocessor.i_hdec_coprocessor/i_hdec_top/i_vrf/gen_bank[2].vrf_mem_reg/DIADI[25] (clocked by sys_clk). Large setup violations at the end of those stages might be difficult to fix during the post-placement implementation flow and could be the result of non-optimal XDC constraints or non-optimal design architecture
Related violations: <none>

TIMING-16#310 Warning
Large setup violation  
There is a large setup violation of -1.508 ns between i_ariane/gen_hdec_coprocessor.i_hdec_coprocessor/i_hdec_top/i_vrf/gen_bank[0].vrf_mem_reg/CLKARDCLK (clocked by sys_clk) and i_ariane/gen_hdec_coprocessor.i_hdec_coprocessor/i_hdec_top/i_vec/payload_q_reg[0][1]/D (clocked by sys_clk). Large setup violations at the end of those stages might be difficult to fix during the post-placement implementation flow and could be the result of non-optimal XDC constraints or non-optimal design architecture
Related violations: <none>

TIMING-16#311 Warning
Large setup violation  
There is a large setup violation of -1.509 ns between i_ariane/gen_hdec_coprocessor.i_hdec_coprocessor/i_hdec_top/FSM_onehot_st_q_reg[1]_rep/C (clocked by sys_clk) and i_ariane/gen_hdec_coprocessor.i_hdec_coprocessor/i_hdec_top/i_vrf/gen_bank[0].vrf_mem_reg/DIADI[31] (clocked by sys_clk). Large setup violations at the end of those stages might be difficult to fix during the post-placement implementation flow and could be the result of non-optimal XDC constraints or non-optimal design architecture
Related violations: <none>

TIMING-16#312 Warning
Large setup violation  
There is a large setup violation of -1.509 ns between i_ariane/gen_hdec_coprocessor.i_hdec_coprocessor/i_hdec_top/uop_p3_q_reg[op_type][2]/C (clocked by sys_clk) and i_ariane/gen_hdec_coprocessor.i_hdec_coprocessor/i_hdec_top/hdc_src0_q_reg[0][63]/CE (clocked by sys_clk). Large setup violations at the end of those stages might be difficult to fix during the post-placement implementation flow and could be the result of non-optimal XDC constraints or non-optimal design architecture
Related violations: <none>

TIMING-16#313 Warning
Large setup violation  
There is a large setup violation of -1.517 ns between i_ariane/gen_hdec_coprocessor.i_hdec_coprocessor/i_hdec_top/ecc_autoreduce_q_reg/C (clocked by sys_clk) and i_ariane/gen_hdec_coprocessor.i_hdec_coprocessor/i_hdec_top/hdc_src0_q_reg[2][42]/CE (clocked by sys_clk). Large setup violations at the end of those stages might be difficult to fix during the post-placement implementation flow and could be the result of non-optimal XDC constraints or non-optimal design architecture
Related violations: <none>

TIMING-16#314 Warning
Large setup violation  
There is a large setup violation of -1.517 ns between i_ariane/gen_hdec_coprocessor.i_hdec_coprocessor/i_hdec_top/ecc_fold_word_q_reg[0]/C (clocked by sys_clk) and i_ariane/gen_hdec_coprocessor.i_hdec_coprocessor/i_hdec_top/hdc_src0_q_reg[1][1]/D (clocked by sys_clk). Large setup violations at the end of those stages might be difficult to fix during the post-placement implementation flow and could be the result of non-optimal XDC constraints or non-optimal design architecture
Related violations: <none>

TIMING-16#315 Warning
Large setup violation  
There is a large setup violation of -1.518 ns between i_ariane/gen_hdec_coprocessor.i_hdec_coprocessor/i_hdec_top/i_vrf/gen_bank[3].vrf_mem_reg/CLKARDCLK (clocked by sys_clk) and i_ariane/gen_hdec_coprocessor.i_hdec_coprocessor/i_hdec_top/ecc_leaf_xor_a_q_reg[20]/D (clocked by sys_clk). Large setup violations at the end of those stages might be difficult to fix during the post-placement implementation flow and could be the result of non-optimal XDC constraints or non-optimal design architecture
Related violations: <none>

TIMING-16#316 Warning
Large setup violation  
There is a large setup violation of -1.521 ns between i_ariane/gen_hdec_coprocessor.i_hdec_coprocessor/i_hdec_top/uop_p3_q_reg[subgroup_idx][1]_rep/C (clocked by sys_clk) and i_ariane/gen_hdec_coprocessor.i_hdec_coprocessor/i_hdec_top/hdc_src0_q_reg[3][12]/CE (clocked by sys_clk). Large setup violations at the end of those stages might be difficult to fix during the post-placement implementation flow and could be the result of non-optimal XDC constraints or non-optimal design architecture
Related violations: <none>

TIMING-16#317 Warning
Large setup violation  
There is a large setup violation of -1.522 ns between i_ariane/gen_hdec_coprocessor.i_hdec_coprocessor/i_hdec_top/uop_p3_q_reg[subgroup_idx][1]_rep/C (clocked by sys_clk) and i_ariane/gen_hdec_coprocessor.i_hdec_coprocessor/i_hdec_top/hdc_src0_q_reg[0][44]/CE (clocked by sys_clk). Large setup violations at the end of those stages might be difficult to fix during the post-placement implementation flow and could be the result of non-optimal XDC constraints or non-optimal design architecture
Related violations: <none>

TIMING-16#318 Warning
Large setup violation  
There is a large setup violation of -1.522 ns between i_ariane/gen_hdec_coprocessor.i_hdec_coprocessor/i_hdec_top/uop_p3_q_reg[subgroup_idx][1]_rep/C (clocked by sys_clk) and i_ariane/gen_hdec_coprocessor.i_hdec_coprocessor/i_hdec_top/hdc_src0_q_reg[1][40]/CE (clocked by sys_clk). Large setup violations at the end of those stages might be difficult to fix during the post-placement implementation flow and could be the result of non-optimal XDC constraints or non-optimal design architecture
Related violations: <none>

TIMING-16#319 Warning
Large setup violation  
There is a large setup violation of -1.522 ns between i_ariane/gen_hdec_coprocessor.i_hdec_coprocessor/i_hdec_top/uop_p3_q_reg[subgroup_idx][1]_rep/C (clocked by sys_clk) and i_ariane/gen_hdec_coprocessor.i_hdec_coprocessor/i_hdec_top/hdc_src0_q_reg[3][0]/CE (clocked by sys_clk). Large setup violations at the end of those stages might be difficult to fix during the post-placement implementation flow and could be the result of non-optimal XDC constraints or non-optimal design architecture
Related violations: <none>

TIMING-16#320 Warning
Large setup violation  
There is a large setup violation of -1.524 ns between i_ariane/gen_hdec_coprocessor.i_hdec_coprocessor/i_hdec_top/FSM_onehot_st_q_reg[45]/C (clocked by sys_clk) and i_ariane/gen_hdec_coprocessor.i_hdec_coprocessor/i_hdec_top/i_vrf/gen_bank[1].vrf_mem_reg/DIBDI[7] (clocked by sys_clk). Large setup violations at the end of those stages might be difficult to fix during the post-placement implementation flow and could be the result of non-optimal XDC constraints or non-optimal design architecture
Related violations: <none>

TIMING-16#321 Warning
Large setup violation  
There is a large setup violation of -1.524 ns between i_ariane/gen_hdec_coprocessor.i_hdec_coprocessor/i_hdec_top/i_vrf/gen_bank[2].vrf_mem_reg/CLKARDCLK (clocked by sys_clk) and i_ariane/gen_hdec_coprocessor.i_hdec_coprocessor/i_hdec_top/i_vec/payload_q_reg[2][8]/D (clocked by sys_clk). Large setup violations at the end of those stages might be difficult to fix during the post-placement implementation flow and could be the result of non-optimal XDC constraints or non-optimal design architecture
Related violations: <none>

TIMING-16#322 Warning
Large setup violation  
There is a large setup violation of -1.525 ns between i_ariane/gen_hdec_coprocessor.i_hdec_coprocessor/i_hdec_top/uop_p2_q_reg[op_type][1]/C (clocked by sys_clk) and i_ariane/gen_hdec_coprocessor.i_hdec_coprocessor/i_hdec_top/i_vec/payload_q_reg[0][23]/CE (clocked by sys_clk). Large setup violations at the end of those stages might be difficult to fix during the post-placement implementation flow and could be the result of non-optimal XDC constraints or non-optimal design architecture
Related violations: <none>

TIMING-16#323 Warning
Large setup violation  
There is a large setup violation of -1.525 ns between i_ariane/gen_hdec_coprocessor.i_hdec_coprocessor/i_hdec_top/uop_p2_q_reg[op_type][1]/C (clocked by sys_clk) and i_ariane/gen_hdec_coprocessor.i_hdec_coprocessor/i_hdec_top/i_vec/payload_q_reg[0][39]/CE (clocked by sys_clk). Large setup violations at the end of those stages might be difficult to fix during the post-placement implementation flow and could be the result of non-optimal XDC constraints or non-optimal design architecture
Related violations: <none>

TIMING-16#324 Warning
Large setup violation  
There is a large setup violation of -1.529 ns between i_ariane/gen_hdec_coprocessor.i_hdec_coprocessor/i_hdec_top/ecc_autoreduce_q_reg/C (clocked by sys_clk) and i_ariane/gen_hdec_coprocessor.i_hdec_coprocessor/i_hdec_top/hdc_src0_q_reg[2][40]/CE (clocked by sys_clk). Large setup violations at the end of those stages might be difficult to fix during the post-placement implementation flow and could be the result of non-optimal XDC constraints or non-optimal design architecture
Related violations: <none>

TIMING-16#325 Warning
Large setup violation  
There is a large setup violation of -1.530 ns between i_ariane/gen_hdec_coprocessor.i_hdec_coprocessor/i_hdec_top/ecc_leaf_path_q_reg[2]/C (clocked by sys_clk) and i_ariane/gen_hdec_coprocessor.i_hdec_coprocessor/i_hdec_top/ecc_leaf_a_q_reg[0]/CE (clocked by sys_clk). Large setup violations at the end of those stages might be difficult to fix during the post-placement implementation flow and could be the result of non-optimal XDC constraints or non-optimal design architecture
Related violations: <none>

TIMING-16#326 Warning
Large setup violation  
There is a large setup violation of -1.530 ns between i_ariane/gen_hdec_coprocessor.i_hdec_coprocessor/i_hdec_top/ecc_leaf_path_q_reg[2]/C (clocked by sys_clk) and i_ariane/gen_hdec_coprocessor.i_hdec_coprocessor/i_hdec_top/ecc_leaf_a_q_reg[12]/CE (clocked by sys_clk). Large setup violations at the end of those stages might be difficult to fix during the post-placement implementation flow and could be the result of non-optimal XDC constraints or non-optimal design architecture
Related violations: <none>

TIMING-16#327 Warning
Large setup violation  
There is a large setup violation of -1.530 ns between i_ariane/gen_hdec_coprocessor.i_hdec_coprocessor/i_hdec_top/ecc_leaf_path_q_reg[2]/C (clocked by sys_clk) and i_ariane/gen_hdec_coprocessor.i_hdec_coprocessor/i_hdec_top/ecc_leaf_a_q_reg[16]/CE (clocked by sys_clk). Large setup violations at the end of those stages might be difficult to fix during the post-placement implementation flow and could be the result of non-optimal XDC constraints or non-optimal design architecture
Related violations: <none>

TIMING-16#328 Warning
Large setup violation  
There is a large setup violation of -1.530 ns between i_ariane/gen_hdec_coprocessor.i_hdec_coprocessor/i_hdec_top/ecc_leaf_path_q_reg[2]/C (clocked by sys_clk) and i_ariane/gen_hdec_coprocessor.i_hdec_coprocessor/i_hdec_top/ecc_leaf_a_q_reg[1]/CE (clocked by sys_clk). Large setup violations at the end of those stages might be difficult to fix during the post-placement implementation flow and could be the result of non-optimal XDC constraints or non-optimal design architecture
Related violations: <none>

TIMING-16#329 Warning
Large setup violation  
There is a large setup violation of -1.532 ns between i_ariane/gen_hdec_coprocessor.i_hdec_coprocessor/i_hdec_top/uop_p3_q_reg[op_type][2]/C (clocked by sys_clk) and i_ariane/gen_hdec_coprocessor.i_hdec_coprocessor/i_hdec_top/hdc_src0_q_reg[2][48]/CE (clocked by sys_clk). Large setup violations at the end of those stages might be difficult to fix during the post-placement implementation flow and could be the result of non-optimal XDC constraints or non-optimal design architecture
Related violations: <none>

TIMING-16#330 Warning
Large setup violation  
There is a large setup violation of -1.532 ns between i_ariane/gen_hdec_coprocessor.i_hdec_coprocessor/i_hdec_top/uop_p3_q_reg[op_type][2]/C (clocked by sys_clk) and i_ariane/gen_hdec_coprocessor.i_hdec_coprocessor/i_hdec_top/hdc_src0_q_reg[2][49]/CE (clocked by sys_clk). Large setup violations at the end of those stages might be difficult to fix during the post-placement implementation flow and could be the result of non-optimal XDC constraints or non-optimal design architecture
Related violations: <none>

TIMING-16#331 Warning
Large setup violation  
There is a large setup violation of -1.533 ns between i_ariane/gen_hdec_coprocessor.i_hdec_coprocessor/i_hdec_top/ecc_autoreduce_q_reg/C (clocked by sys_clk) and i_ariane/gen_hdec_coprocessor.i_hdec_coprocessor/i_hdec_top/hdc_src0_q_reg[2][26]/CE (clocked by sys_clk). Large setup violations at the end of those stages might be difficult to fix during the post-placement implementation flow and could be the result of non-optimal XDC constraints or non-optimal design architecture
Related violations: <none>

TIMING-16#332 Warning
Large setup violation  
There is a large setup violation of -1.533 ns between i_ariane/gen_hdec_coprocessor.i_hdec_coprocessor/i_hdec_top/ecc_autoreduce_q_reg/C (clocked by sys_clk) and i_ariane/gen_hdec_coprocessor.i_hdec_coprocessor/i_hdec_top/hdc_src0_q_reg[3][23]/CE (clocked by sys_clk). Large setup violations at the end of those stages might be difficult to fix during the post-placement implementation flow and could be the result of non-optimal XDC constraints or non-optimal design architecture
Related violations: <none>

TIMING-16#333 Warning
Large setup violation  
There is a large setup violation of -1.533 ns between i_ariane/gen_hdec_coprocessor.i_hdec_coprocessor/i_hdec_top/ecc_fold_word_q_reg[1]/C (clocked by sys_clk) and i_ariane/gen_hdec_coprocessor.i_hdec_coprocessor/i_hdec_top/ecc_leaf128_prod_q_reg[104]/CE (clocked by sys_clk). Large setup violations at the end of those stages might be difficult to fix during the post-placement implementation flow and could be the result of non-optimal XDC constraints or non-optimal design architecture
Related violations: <none>

TIMING-16#334 Warning
Large setup violation  
There is a large setup violation of -1.533 ns between i_ariane/gen_hdec_coprocessor.i_hdec_coprocessor/i_hdec_top/ecc_fold_word_q_reg[1]/C (clocked by sys_clk) and i_ariane/gen_hdec_coprocessor.i_hdec_coprocessor/i_hdec_top/ecc_leaf128_prod_q_reg[122]/CE (clocked by sys_clk). Large setup violations at the end of those stages might be difficult to fix during the post-placement implementation flow and could be the result of non-optimal XDC constraints or non-optimal design architecture
Related violations: <none>

TIMING-16#335 Warning
Large setup violation  
There is a large setup violation of -1.533 ns between i_ariane/gen_hdec_coprocessor.i_hdec_coprocessor/i_hdec_top/ecc_fold_word_q_reg[1]/C (clocked by sys_clk) and i_ariane/gen_hdec_coprocessor.i_hdec_coprocessor/i_hdec_top/ecc_leaf128_prod_q_reg[12]/CE (clocked by sys_clk). Large setup violations at the end of those stages might be difficult to fix during the post-placement implementation flow and could be the result of non-optimal XDC constraints or non-optimal design architecture
Related violations: <none>

TIMING-16#336 Warning
Large setup violation  
There is a large setup violation of -1.533 ns between i_ariane/gen_hdec_coprocessor.i_hdec_coprocessor/i_hdec_top/ecc_fold_word_q_reg[1]/C (clocked by sys_clk) and i_ariane/gen_hdec_coprocessor.i_hdec_coprocessor/i_hdec_top/ecc_leaf128_prod_q_reg[76]/CE (clocked by sys_clk). Large setup violations at the end of those stages might be difficult to fix during the post-placement implementation flow and could be the result of non-optimal XDC constraints or non-optimal design architecture
Related violations: <none>

TIMING-16#337 Warning
Large setup violation  
There is a large setup violation of -1.539 ns between i_ariane/gen_hdec_coprocessor.i_hdec_coprocessor/i_hdec_top/uop_p3_q_reg[op_type][2]/C (clocked by sys_clk) and i_ariane/gen_hdec_coprocessor.i_hdec_coprocessor/i_hdec_top/hdc_src0_q_reg[0][18]/CE (clocked by sys_clk). Large setup violations at the end of those stages might be difficult to fix during the post-placement implementation flow and could be the result of non-optimal XDC constraints or non-optimal design architecture
Related violations: <none>

TIMING-16#338 Warning
Large setup violation  
There is a large setup violation of -1.550 ns between i_ariane/gen_hdec_coprocessor.i_hdec_coprocessor/i_hdec_top/hperm_lane_slot_q_reg[1]/C (clocked by sys_clk) and i_ariane/gen_hdec_coprocessor.i_hdec_coprocessor/i_hdec_top/hperm_stage_q_reg[58]/D (clocked by sys_clk). Large setup violations at the end of those stages might be difficult to fix during the post-placement implementation flow and could be the result of non-optimal XDC constraints or non-optimal design architecture
Related violations: <none>

TIMING-16#339 Warning
Large setup violation  
There is a large setup violation of -1.553 ns between i_ariane/gen_hdec_coprocessor.i_hdec_coprocessor/i_hdec_top/uop_p2_q_reg[op_type][1]/C (clocked by sys_clk) and i_ariane/gen_hdec_coprocessor.i_hdec_coprocessor/i_hdec_top/i_vec/payload_q_reg[2][31]/CE (clocked by sys_clk). Large setup violations at the end of those stages might be difficult to fix during the post-placement implementation flow and could be the result of non-optimal XDC constraints or non-optimal design architecture
Related violations: <none>

TIMING-16#340 Warning
Large setup violation  
There is a large setup violation of -1.553 ns between i_ariane/gen_hdec_coprocessor.i_hdec_coprocessor/i_hdec_top/uop_p2_q_reg[op_type][1]/C (clocked by sys_clk) and i_ariane/gen_hdec_coprocessor.i_hdec_coprocessor/i_hdec_top/i_vec/payload_q_reg[2][61]/CE (clocked by sys_clk). Large setup violations at the end of those stages might be difficult to fix during the post-placement implementation flow and could be the result of non-optimal XDC constraints or non-optimal design architecture
Related violations: <none>

TIMING-16#341 Warning
Large setup violation  
There is a large setup violation of -1.554 ns between i_ariane/gen_hdec_coprocessor.i_hdec_coprocessor/i_hdec_top/ecc_fold_word_q_reg[1]/C (clocked by sys_clk) and i_ariane/gen_hdec_coprocessor.i_hdec_coprocessor/i_hdec_top/ecc_leaf_b_q_reg[0]/CE (clocked by sys_clk). Large setup violations at the end of those stages might be difficult to fix during the post-placement implementation flow and could be the result of non-optimal XDC constraints or non-optimal design architecture
Related violations: <none>

TIMING-16#342 Warning
Large setup violation  
There is a large setup violation of -1.554 ns between i_ariane/gen_hdec_coprocessor.i_hdec_coprocessor/i_hdec_top/ecc_fold_word_q_reg[1]/C (clocked by sys_clk) and i_ariane/gen_hdec_coprocessor.i_hdec_coprocessor/i_hdec_top/ecc_leaf_b_q_reg[12]/CE (clocked by sys_clk). Large setup violations at the end of those stages might be difficult to fix during the post-placement implementation flow and could be the result of non-optimal XDC constraints or non-optimal design architecture
Related violations: <none>

TIMING-16#343 Warning
Large setup violation  
There is a large setup violation of -1.554 ns between i_ariane/gen_hdec_coprocessor.i_hdec_coprocessor/i_hdec_top/ecc_fold_word_q_reg[1]/C (clocked by sys_clk) and i_ariane/gen_hdec_coprocessor.i_hdec_coprocessor/i_hdec_top/ecc_leaf_b_q_reg[16]/CE (clocked by sys_clk). Large setup violations at the end of those stages might be difficult to fix during the post-placement implementation flow and could be the result of non-optimal XDC constraints or non-optimal design architecture
Related violations: <none>

TIMING-16#344 Warning
Large setup violation  
There is a large setup violation of -1.557 ns between i_ariane/gen_hdec_coprocessor.i_hdec_coprocessor/i_hdec_top/i_vrf/gen_bank[1].vrf_mem_reg/CLKARDCLK (clocked by sys_clk) and i_ariane/gen_hdec_coprocessor.i_hdec_coprocessor/i_hdec_top/ecc_leaf_xor_a_q_reg[12]/D (clocked by sys_clk). Large setup violations at the end of those stages might be difficult to fix during the post-placement implementation flow and could be the result of non-optimal XDC constraints or non-optimal design architecture
Related violations: <none>

TIMING-16#345 Warning
Large setup violation  
There is a large setup violation of -1.560 ns between i_ariane/gen_hdec_coprocessor.i_hdec_coprocessor/i_hdec_top/i_vrf/gen_bank[3].vrf_mem_reg/CLKARDCLK (clocked by sys_clk) and i_ariane/gen_hdec_coprocessor.i_hdec_coprocessor/i_hdec_top/ecc_leaf_a_q_reg[24]/D (clocked by sys_clk). Large setup violations at the end of those stages might be difficult to fix during the post-placement implementation flow and could be the result of non-optimal XDC constraints or non-optimal design architecture
Related violations: <none>

TIMING-16#346 Warning
Large setup violation  
There is a large setup violation of -1.561 ns between i_ariane/gen_hdec_coprocessor.i_hdec_coprocessor/i_hdec_top/ecc_fold_word_q_reg[1]/C (clocked by sys_clk) and i_ariane/gen_hdec_coprocessor.i_hdec_coprocessor/i_hdec_top/ecc_leaf128_prod_q_reg[5]/CE (clocked by sys_clk). Large setup violations at the end of those stages might be difficult to fix during the post-placement implementation flow and could be the result of non-optimal XDC constraints or non-optimal design architecture
Related violations: <none>

TIMING-16#347 Warning
Large setup violation  
There is a large setup violation of -1.562 ns between i_ariane/gen_hdec_coprocessor.i_hdec_coprocessor/i_hdec_top/hperm_lane_slot_q_reg[1]/C (clocked by sys_clk) and i_ariane/gen_hdec_coprocessor.i_hdec_coprocessor/i_hdec_top/hperm_stage_q_reg[51]/D (clocked by sys_clk). Large setup violations at the end of those stages might be difficult to fix during the post-placement implementation flow and could be the result of non-optimal XDC constraints or non-optimal design architecture
Related violations: <none>

TIMING-16#348 Warning
Large setup violation  
There is a large setup violation of -1.569 ns between i_ariane/gen_hdec_coprocessor.i_hdec_coprocessor/i_hdec_top/hperm_lane_slot_q_reg[1]/C (clocked by sys_clk) and i_ariane/gen_hdec_coprocessor.i_hdec_coprocessor/i_hdec_top/hperm_stage_q_reg[39]/D (clocked by sys_clk). Large setup violations at the end of those stages might be difficult to fix during the post-placement implementation flow and could be the result of non-optimal XDC constraints or non-optimal design architecture
Related violations: <none>

TIMING-16#349 Warning
Large setup violation  
There is a large setup violation of -1.571 ns between i_ariane/gen_hdec_coprocessor.i_hdec_coprocessor/i_hdec_top/uop_p2_q_reg[op_type][1]/C (clocked by sys_clk) and i_ariane/gen_hdec_coprocessor.i_hdec_coprocessor/i_hdec_top/i_vec/payload_q_reg[2][45]/CE (clocked by sys_clk). Large setup violations at the end of those stages might be difficult to fix during the post-placement implementation flow and could be the result of non-optimal XDC constraints or non-optimal design architecture
Related violations: <none>

TIMING-16#350 Warning
Large setup violation  
There is a large setup violation of -1.572 ns between i_ariane/gen_hdec_coprocessor.i_hdec_coprocessor/i_hdec_top/p2_lane_compute_q_reg/C (clocked by sys_clk) and i_ariane/gen_hdec_coprocessor.i_hdec_coprocessor/i_hdec_top/i_vec/payload_q_reg[0][6]/D (clocked by sys_clk). Large setup violations at the end of those stages might be difficult to fix during the post-placement implementation flow and could be the result of non-optimal XDC constraints or non-optimal design architecture
Related violations: <none>

TIMING-16#351 Warning
Large setup violation  
There is a large setup violation of -1.577 ns between i_ariane/gen_hdec_coprocessor.i_hdec_coprocessor/i_hdec_top/i_vrf/gen_bank[1].vrf_mem_reg/CLKARDCLK (clocked by sys_clk) and i_ariane/gen_hdec_coprocessor.i_hdec_coprocessor/i_hdec_top/ecc_leaf_b_q_reg[12]/D (clocked by sys_clk). Large setup violations at the end of those stages might be difficult to fix during the post-placement implementation flow and could be the result of non-optimal XDC constraints or non-optimal design architecture
Related violations: <none>

TIMING-16#352 Warning
Large setup violation  
There is a large setup violation of -1.578 ns between i_ariane/gen_hdec_coprocessor.i_hdec_coprocessor/i_hdec_top/i_vrf/gen_bank[3].vrf_mem_reg/CLKARDCLK (clocked by sys_clk) and i_ariane/gen_hdec_coprocessor.i_hdec_coprocessor/i_hdec_top/ecc_leaf_xor_a_q_reg[2]/D (clocked by sys_clk). Large setup violations at the end of those stages might be difficult to fix during the post-placement implementation flow and could be the result of non-optimal XDC constraints or non-optimal design architecture
Related violations: <none>

TIMING-16#353 Warning
Large setup violation  
There is a large setup violation of -1.580 ns between i_ariane/gen_hdec_coprocessor.i_hdec_coprocessor/i_hdec_top/FSM_onehot_st_q_reg[45]/C (clocked by sys_clk) and i_ariane/gen_hdec_coprocessor.i_hdec_coprocessor/i_hdec_top/i_vrf/gen_bank[1].vrf_mem_reg/DIBDI[31] (clocked by sys_clk). Large setup violations at the end of those stages might be difficult to fix during the post-placement implementation flow and could be the result of non-optimal XDC constraints or non-optimal design architecture
Related violations: <none>

TIMING-16#354 Warning
Large setup violation  
There is a large setup violation of -1.580 ns between i_ariane/gen_hdec_coprocessor.i_hdec_coprocessor/i_hdec_top/uop_p2_q_reg[op_type][1]/C (clocked by sys_clk) and i_ariane/gen_hdec_coprocessor.i_hdec_coprocessor/i_hdec_top/i_vec/payload_q_reg[2][47]/CE (clocked by sys_clk). Large setup violations at the end of those stages might be difficult to fix during the post-placement implementation flow and could be the result of non-optimal XDC constraints or non-optimal design architecture
Related violations: <none>

TIMING-16#355 Warning
Large setup violation  
There is a large setup violation of -1.581 ns between i_ariane/gen_hdec_coprocessor.i_hdec_coprocessor/i_hdec_top/hperm_lane_slot_q_reg[1]/C (clocked by sys_clk) and i_ariane/gen_hdec_coprocessor.i_hdec_coprocessor/i_hdec_top/hperm_stage_q_reg[67]/D (clocked by sys_clk). Large setup violations at the end of those stages might be difficult to fix during the post-placement implementation flow and could be the result of non-optimal XDC constraints or non-optimal design architecture
Related violations: <none>

TIMING-16#356 Warning
Large setup violation  
There is a large setup violation of -1.582 ns between i_ariane/gen_hdec_coprocessor.i_hdec_coprocessor/i_hdec_top/ecc_pmul_subop_q_reg[1]/C (clocked by sys_clk) and i_ariane/gen_hdec_coprocessor.i_hdec_coprocessor/i_hdec_top/hperm_dst_base_q_reg[4]/CE (clocked by sys_clk). Large setup violations at the end of those stages might be difficult to fix during the post-placement implementation flow and could be the result of non-optimal XDC constraints or non-optimal design architecture
Related violations: <none>

TIMING-16#357 Warning
Large setup violation  
There is a large setup violation of -1.582 ns between i_ariane/gen_hdec_coprocessor.i_hdec_coprocessor/i_hdec_top/uop_p3_q_reg[op_type][2]/C (clocked by sys_clk) and i_ariane/gen_hdec_coprocessor.i_hdec_coprocessor/i_hdec_top/hdc_src0_q_reg[0][22]/CE (clocked by sys_clk). Large setup violations at the end of those stages might be difficult to fix during the post-placement implementation flow and could be the result of non-optimal XDC constraints or non-optimal design architecture
Related violations: <none>

TIMING-16#358 Warning
Large setup violation  
There is a large setup violation of -1.589 ns between i_ariane/gen_hdec_coprocessor.i_hdec_coprocessor/i_hdec_top/FSM_onehot_st_q_reg[44]/C (clocked by sys_clk) and i_ariane/gen_hdec_coprocessor.i_hdec_coprocessor/i_hdec_top/ecc_leaf_b_q_reg[28]/D (clocked by sys_clk). Large setup violations at the end of those stages might be difficult to fix during the post-placement implementation flow and could be the result of non-optimal XDC constraints or non-optimal design architecture
Related violations: <none>

TIMING-16#359 Warning
Large setup violation  
There is a large setup violation of -1.594 ns between i_ariane/gen_hdec_coprocessor.i_hdec_coprocessor/i_hdec_top/ecc_fold_word_q_reg[1]/C (clocked by sys_clk) and i_ariane/gen_hdec_coprocessor.i_hdec_coprocessor/i_hdec_top/hdc_src0_q_reg[3][35]/D (clocked by sys_clk). Large setup violations at the end of those stages might be difficult to fix during the post-placement implementation flow and could be the result of non-optimal XDC constraints or non-optimal design architecture
Related violations: <none>

TIMING-16#360 Warning
Large setup violation  
There is a large setup violation of -1.597 ns between i_ariane/gen_hdec_coprocessor.i_hdec_coprocessor/i_hdec_top/ecc_pmul_subop_q_reg[1]/C (clocked by sys_clk) and i_ariane/gen_hdec_coprocessor.i_hdec_coprocessor/i_hdec_top/hperm_dst_base_q_reg[1]/CE (clocked by sys_clk). Large setup violations at the end of those stages might be difficult to fix during the post-placement implementation flow and could be the result of non-optimal XDC constraints or non-optimal design architecture
Related violations: <none>

TIMING-16#361 Warning
Large setup violation  
There is a large setup violation of -1.597 ns between i_ariane/gen_hdec_coprocessor.i_hdec_coprocessor/i_hdec_top/ecc_pmul_subop_q_reg[1]/C (clocked by sys_clk) and i_ariane/gen_hdec_coprocessor.i_hdec_coprocessor/i_hdec_top/hperm_dst_base_q_reg[5]/CE (clocked by sys_clk). Large setup violations at the end of those stages might be difficult to fix during the post-placement implementation flow and could be the result of non-optimal XDC constraints or non-optimal design architecture
Related violations: <none>

TIMING-16#362 Warning
Large setup violation  
There is a large setup violation of -1.599 ns between i_ariane/gen_hdec_coprocessor.i_hdec_coprocessor/i_hdec_top/ecc_fold_word_q_reg[1]/C (clocked by sys_clk) and i_ariane/gen_hdec_coprocessor.i_hdec_coprocessor/i_hdec_top/FSM_onehot_st_q_reg[42]/D (clocked by sys_clk). Large setup violations at the end of those stages might be difficult to fix during the post-placement implementation flow and could be the result of non-optimal XDC constraints or non-optimal design architecture
Related violations: <none>

TIMING-16#363 Warning
Large setup violation  
There is a large setup violation of -1.601 ns between i_ariane/gen_hdec_coprocessor.i_hdec_coprocessor/i_hdec_top/ecc_pmul_step_q_reg[1]/C (clocked by sys_clk) and i_ariane/gen_hdec_coprocessor.i_hdec_coprocessor/i_hdec_top/FSM_onehot_st_q_reg[23]/D (clocked by sys_clk). Large setup violations at the end of those stages might be difficult to fix during the post-placement implementation flow and could be the result of non-optimal XDC constraints or non-optimal design architecture
Related violations: <none>

TIMING-16#364 Warning
Large setup violation  
There is a large setup violation of -1.602 ns between i_ariane/gen_hdec_coprocessor.i_hdec_coprocessor/i_hdec_top/uop_p2_q_reg[op_type][1]/C (clocked by sys_clk) and i_ariane/gen_hdec_coprocessor.i_hdec_coprocessor/i_hdec_top/i_vec/payload_q_reg[2][10]/CE (clocked by sys_clk). Large setup violations at the end of those stages might be difficult to fix during the post-placement implementation flow and could be the result of non-optimal XDC constraints or non-optimal design architecture
Related violations: <none>

TIMING-16#365 Warning
Large setup violation  
There is a large setup violation of -1.602 ns between i_ariane/gen_hdec_coprocessor.i_hdec_coprocessor/i_hdec_top/uop_p2_q_reg[op_type][1]/C (clocked by sys_clk) and i_ariane/gen_hdec_coprocessor.i_hdec_coprocessor/i_hdec_top/i_vec/payload_q_reg[2][9]/CE (clocked by sys_clk). Large setup violations at the end of those stages might be difficult to fix during the post-placement implementation flow and could be the result of non-optimal XDC constraints or non-optimal design architecture
Related violations: <none>

TIMING-16#366 Warning
Large setup violation  
There is a large setup violation of -1.606 ns between i_ariane/gen_hdec_coprocessor.i_hdec_coprocessor/i_hdec_top/hperm_lane_slot_q_reg[0]/C (clocked by sys_clk) and i_ariane/gen_hdec_coprocessor.i_hdec_coprocessor/i_hdec_top/hperm_stage_q_reg[5]/D (clocked by sys_clk). Large setup violations at the end of those stages might be difficult to fix during the post-placement implementation flow and could be the result of non-optimal XDC constraints or non-optimal design architecture
Related violations: <none>

TIMING-16#367 Warning
Large setup violation  
There is a large setup violation of -1.610 ns between i_ariane/gen_hdec_coprocessor.i_hdec_coprocessor/i_hdec_top/FSM_onehot_st_q_reg[45]/C (clocked by sys_clk) and i_ariane/gen_hdec_coprocessor.i_hdec_coprocessor/i_hdec_top/i_vrf/gen_bank[0].vrf_mem_reg/DIBDI[30] (clocked by sys_clk). Large setup violations at the end of those stages might be difficult to fix during the post-placement implementation flow and could be the result of non-optimal XDC constraints or non-optimal design architecture
Related violations: <none>

TIMING-16#368 Warning
Large setup violation  
There is a large setup violation of -1.612 ns between i_ariane/gen_hdec_coprocessor.i_hdec_coprocessor/i_hdec_top/FSM_onehot_st_q_reg[41]/C (clocked by sys_clk) and i_ariane/gen_hdec_coprocessor.i_hdec_coprocessor/i_hdec_top/FSM_onehot_st_q_reg[20]/CE (clocked by sys_clk). Large setup violations at the end of those stages might be difficult to fix during the post-placement implementation flow and could be the result of non-optimal XDC constraints or non-optimal design architecture
Related violations: <none>

TIMING-16#369 Warning
Large setup violation  
There is a large setup violation of -1.612 ns between i_ariane/gen_hdec_coprocessor.i_hdec_coprocessor/i_hdec_top/FSM_onehot_st_q_reg[41]/C (clocked by sys_clk) and i_ariane/gen_hdec_coprocessor.i_hdec_coprocessor/i_hdec_top/FSM_onehot_st_q_reg[22]/CE (clocked by sys_clk). Large setup violations at the end of those stages might be difficult to fix during the post-placement implementation flow and could be the result of non-optimal XDC constraints or non-optimal design architecture
Related violations: <none>

TIMING-16#370 Warning
Large setup violation  
There is a large setup violation of -1.613 ns between i_ariane/gen_hdec_coprocessor.i_hdec_coprocessor/i_hdec_top/i_vrf/gen_bank[3].vrf_mem_reg/CLKARDCLK (clocked by sys_clk) and i_ariane/gen_hdec_coprocessor.i_hdec_coprocessor/i_hdec_top/ecc_leaf_xor_a_q_reg[17]/D (clocked by sys_clk). Large setup violations at the end of those stages might be difficult to fix during the post-placement implementation flow and could be the result of non-optimal XDC constraints or non-optimal design architecture
Related violations: <none>

TIMING-16#371 Warning
Large setup violation  
There is a large setup violation of -1.615 ns between i_ariane/gen_hdec_coprocessor.i_hdec_coprocessor/i_hdec_top/i_vrf/gen_bank[2].vrf_mem_reg/CLKARDCLK (clocked by sys_clk) and i_ariane/gen_hdec_coprocessor.i_hdec_coprocessor/i_hdec_top/ecc_leaf_b_q_reg[8]/D (clocked by sys_clk). Large setup violations at the end of those stages might be difficult to fix during the post-placement implementation flow and could be the result of non-optimal XDC constraints or non-optimal design architecture
Related violations: <none>

TIMING-16#372 Warning
Large setup violation  
There is a large setup violation of -1.622 ns between i_ariane/gen_hdec_coprocessor.i_hdec_coprocessor/i_hdec_top/uop_p3_q_reg[subgroup_idx][1]_rep/C (clocked by sys_clk) and i_ariane/gen_hdec_coprocessor.i_hdec_coprocessor/i_hdec_top/hdc_src0_q_reg[0][41]/CE (clocked by sys_clk). Large setup violations at the end of those stages might be difficult to fix during the post-placement implementation flow and could be the result of non-optimal XDC constraints or non-optimal design architecture
Related violations: <none>

TIMING-16#373 Warning
Large setup violation  
There is a large setup violation of -1.622 ns between i_ariane/gen_hdec_coprocessor.i_hdec_coprocessor/i_hdec_top/uop_p3_q_reg[subgroup_idx][1]_rep/C (clocked by sys_clk) and i_ariane/gen_hdec_coprocessor.i_hdec_coprocessor/i_hdec_top/hdc_src0_q_reg[1][41]/CE (clocked by sys_clk). Large setup violations at the end of those stages might be difficult to fix during the post-placement implementation flow and could be the result of non-optimal XDC constraints or non-optimal design architecture
Related violations: <none>

TIMING-16#374 Warning
Large setup violation  
There is a large setup violation of -1.625 ns between i_ariane/gen_hdec_coprocessor.i_hdec_coprocessor/i_hdec_top/i_vrf/gen_bank[3].vrf_mem_reg/CLKARDCLK (clocked by sys_clk) and i_ariane/gen_hdec_coprocessor.i_hdec_coprocessor/i_hdec_top/ecc_leaf_xor_b_q_reg[1]/D (clocked by sys_clk). Large setup violations at the end of those stages might be difficult to fix during the post-placement implementation flow and could be the result of non-optimal XDC constraints or non-optimal design architecture
Related violations: <none>

TIMING-16#375 Warning
Large setup violation  
There is a large setup violation of -1.626 ns between i_ariane/gen_hdec_coprocessor.i_hdec_coprocessor/i_hdec_top/hperm_lane_slot_q_reg[1]/C (clocked by sys_clk) and i_ariane/gen_hdec_coprocessor.i_hdec_coprocessor/i_hdec_top/hperm_stage_q_reg[35]/D (clocked by sys_clk). Large setup violations at the end of those stages might be difficult to fix during the post-placement implementation flow and could be the result of non-optimal XDC constraints or non-optimal design architecture
Related violations: <none>

TIMING-16#376 Warning
Large setup violation  
There is a large setup violation of -1.627 ns between i_ariane/gen_hdec_coprocessor.i_hdec_coprocessor/i_hdec_top/FSM_onehot_st_q_reg[45]/C (clocked by sys_clk) and i_ariane/gen_hdec_coprocessor.i_hdec_coprocessor/i_hdec_top/i_vrf/gen_bank[1].vrf_mem_reg/DIBDI[21] (clocked by sys_clk). Large setup violations at the end of those stages might be difficult to fix during the post-placement implementation flow and could be the result of non-optimal XDC constraints or non-optimal design architecture
Related violations: <none>

TIMING-16#377 Warning
Large setup violation  
There is a large setup violation of -1.627 ns between i_ariane/gen_hdec_coprocessor.i_hdec_coprocessor/i_hdec_top/uop_p3_q_reg[subgroup_idx][1]_rep/C (clocked by sys_clk) and i_ariane/gen_hdec_coprocessor.i_hdec_coprocessor/i_hdec_top/hdc_src0_q_reg[0][42]/CE (clocked by sys_clk). Large setup violations at the end of those stages might be difficult to fix during the post-placement implementation flow and could be the result of non-optimal XDC constraints or non-optimal design architecture
Related violations: <none>

TIMING-16#378 Warning
Large setup violation  
There is a large setup violation of -1.628 ns between i_ariane/gen_hdec_coprocessor.i_hdec_coprocessor/i_hdec_top/FSM_onehot_st_q_reg[41]/C (clocked by sys_clk) and i_ariane/gen_hdec_coprocessor.i_hdec_coprocessor/i_hdec_top/FSM_onehot_st_q_reg[25]/CE (clocked by sys_clk). Large setup violations at the end of those stages might be difficult to fix during the post-placement implementation flow and could be the result of non-optimal XDC constraints or non-optimal design architecture
Related violations: <none>

TIMING-16#379 Warning
Large setup violation  
There is a large setup violation of -1.633 ns between i_ariane/gen_hdec_coprocessor.i_hdec_coprocessor/i_hdec_top/uop_p2_q_reg[op_type][1]/C (clocked by sys_clk) and i_ariane/gen_hdec_coprocessor.i_hdec_coprocessor/i_hdec_top/i_vec/payload_q_reg[0][8]/CE (clocked by sys_clk). Large setup violations at the end of those stages might be difficult to fix during the post-placement implementation flow and could be the result of non-optimal XDC constraints or non-optimal design architecture
Related violations: <none>

TIMING-16#380 Warning
Large setup violation  
There is a large setup violation of -1.634 ns between i_ariane/gen_hdec_coprocessor.i_hdec_coprocessor/i_hdec_top/hperm_lane_slot_q_reg[1]/C (clocked by sys_clk) and i_ariane/gen_hdec_coprocessor.i_hdec_coprocessor/i_hdec_top/hperm_stage_q_reg[23]/D (clocked by sys_clk). Large setup violations at the end of those stages might be difficult to fix during the post-placement implementation flow and could be the result of non-optimal XDC constraints or non-optimal design architecture
Related violations: <none>

TIMING-16#381 Warning
Large setup violation  
There is a large setup violation of -1.636 ns between i_ariane/gen_hdec_coprocessor.i_hdec_coprocessor/i_hdec_top/FSM_onehot_st_q_reg[45]/C (clocked by sys_clk) and i_ariane/gen_hdec_coprocessor.i_hdec_coprocessor/i_hdec_top/i_vrf/gen_bank[1].vrf_mem_reg/DIADI[11] (clocked by sys_clk). Large setup violations at the end of those stages might be difficult to fix during the post-placement implementation flow and could be the result of non-optimal XDC constraints or non-optimal design architecture
Related violations: <none>

TIMING-16#382 Warning
Large setup violation  
There is a large setup violation of -1.637 ns between i_ariane/gen_hdec_coprocessor.i_hdec_coprocessor/i_hdec_top/FSM_onehot_st_q_reg[45]/C (clocked by sys_clk) and i_ariane/gen_hdec_coprocessor.i_hdec_coprocessor/i_hdec_top/i_vrf/gen_bank[0].vrf_mem_reg/DIADI[5] (clocked by sys_clk). Large setup violations at the end of those stages might be difficult to fix during the post-placement implementation flow and could be the result of non-optimal XDC constraints or non-optimal design architecture
Related violations: <none>

TIMING-16#383 Warning
Large setup violation  
There is a large setup violation of -1.641 ns between i_ariane/gen_hdec_coprocessor.i_hdec_coprocessor/i_hdec_top/FSM_onehot_st_q_reg[45]/C (clocked by sys_clk) and i_ariane/gen_hdec_coprocessor.i_hdec_coprocessor/i_hdec_top/i_vrf/gen_bank[1].vrf_mem_reg/DIBDI[17] (clocked by sys_clk). Large setup violations at the end of those stages might be difficult to fix during the post-placement implementation flow and could be the result of non-optimal XDC constraints or non-optimal design architecture
Related violations: <none>

TIMING-16#384 Warning
Large setup violation  
There is a large setup violation of -1.641 ns between i_ariane/gen_hdec_coprocessor.i_hdec_coprocessor/i_hdec_top/uop_p3_q_reg[subgroup_idx][1]_rep/C (clocked by sys_clk) and i_ariane/gen_hdec_coprocessor.i_hdec_coprocessor/i_hdec_top/hdc_src0_q_reg[2][8]/CE (clocked by sys_clk). Large setup violations at the end of those stages might be difficult to fix during the post-placement implementation flow and could be the result of non-optimal XDC constraints or non-optimal design architecture
Related violations: <none>

TIMING-16#385 Warning
Large setup violation  
There is a large setup violation of -1.641 ns between i_ariane/gen_hdec_coprocessor.i_hdec_coprocessor/i_hdec_top/uop_p3_q_reg[subgroup_idx][1]_rep/C (clocked by sys_clk) and i_ariane/gen_hdec_coprocessor.i_hdec_coprocessor/i_hdec_top/hdc_src0_q_reg[3][8]/CE (clocked by sys_clk). Large setup violations at the end of those stages might be difficult to fix during the post-placement implementation flow and could be the result of non-optimal XDC constraints or non-optimal design architecture
Related violations: <none>

TIMING-16#386 Warning
Large setup violation  
There is a large setup violation of -1.646 ns between i_ariane/gen_hdec_coprocessor.i_hdec_coprocessor/i_hdec_top/uop_p2_q_reg[op_type][1]/C (clocked by sys_clk) and i_ariane/gen_hdec_coprocessor.i_hdec_coprocessor/i_hdec_top/i_vec/payload_q_reg[0][11]/CE (clocked by sys_clk). Large setup violations at the end of those stages might be difficult to fix during the post-placement implementation flow and could be the result of non-optimal XDC constraints or non-optimal design architecture
Related violations: <none>

TIMING-16#387 Warning
Large setup violation  
There is a large setup violation of -1.646 ns between i_ariane/gen_hdec_coprocessor.i_hdec_coprocessor/i_hdec_top/uop_p2_q_reg[op_type][1]/C (clocked by sys_clk) and i_ariane/gen_hdec_coprocessor.i_hdec_coprocessor/i_hdec_top/i_vec/payload_q_reg[0][9]/CE (clocked by sys_clk). Large setup violations at the end of those stages might be difficult to fix during the post-placement implementation flow and could be the result of non-optimal XDC constraints or non-optimal design architecture
Related violations: <none>

TIMING-16#388 Warning
Large setup violation  
There is a large setup violation of -1.647 ns between i_ariane/gen_hdec_coprocessor.i_hdec_coprocessor/i_hdec_top/ecc_fold_word_q_reg[1]/C (clocked by sys_clk) and i_ariane/gen_hdec_coprocessor.i_hdec_coprocessor/i_hdec_top/ecc_leaf128_prod_q_reg[32]/CE (clocked by sys_clk). Large setup violations at the end of those stages might be difficult to fix during the post-placement implementation flow and could be the result of non-optimal XDC constraints or non-optimal design architecture
Related violations: <none>

TIMING-16#389 Warning
Large setup violation  
There is a large setup violation of -1.647 ns between i_ariane/gen_hdec_coprocessor.i_hdec_coprocessor/i_hdec_top/ecc_fold_word_q_reg[1]/C (clocked by sys_clk) and i_ariane/gen_hdec_coprocessor.i_hdec_coprocessor/i_hdec_top/ecc_leaf128_prod_q_reg[64]/CE (clocked by sys_clk). Large setup violations at the end of those stages might be difficult to fix during the post-placement implementation flow and could be the result of non-optimal XDC constraints or non-optimal design architecture
Related violations: <none>

TIMING-16#390 Warning
Large setup violation  
There is a large setup violation of -1.647 ns between i_ariane/gen_hdec_coprocessor.i_hdec_coprocessor/i_hdec_top/ecc_fold_word_q_reg[1]/C (clocked by sys_clk) and i_ariane/gen_hdec_coprocessor.i_hdec_coprocessor/i_hdec_top/ecc_leaf128_prod_q_reg[96]/CE (clocked by sys_clk). Large setup violations at the end of those stages might be difficult to fix during the post-placement implementation flow and could be the result of non-optimal XDC constraints or non-optimal design architecture
Related violations: <none>

TIMING-16#391 Warning
Large setup violation  
There is a large setup violation of -1.657 ns between i_ariane/gen_hdec_coprocessor.i_hdec_coprocessor/i_hdec_top/ecc_fold_word_q_reg[1]/C (clocked by sys_clk) and i_ariane/gen_hdec_coprocessor.i_hdec_coprocessor/i_hdec_top/ecc_kpd64_sub_q_reg[0]/CE (clocked by sys_clk). Large setup violations at the end of those stages might be difficult to fix during the post-placement implementation flow and could be the result of non-optimal XDC constraints or non-optimal design architecture
Related violations: <none>

TIMING-16#392 Warning
Large setup violation  
There is a large setup violation of -1.657 ns between i_ariane/gen_hdec_coprocessor.i_hdec_coprocessor/i_hdec_top/ecc_fold_word_q_reg[1]/C (clocked by sys_clk) and i_ariane/gen_hdec_coprocessor.i_hdec_coprocessor/i_hdec_top/ecc_leaf128_prod_q_reg[19]/CE (clocked by sys_clk). Large setup violations at the end of those stages might be difficult to fix during the post-placement implementation flow and could be the result of non-optimal XDC constraints or non-optimal design architecture
Related violations: <none>

TIMING-16#393 Warning
Large setup violation  
There is a large setup violation of -1.657 ns between i_ariane/gen_hdec_coprocessor.i_hdec_coprocessor/i_hdec_top/ecc_fold_word_q_reg[1]/C (clocked by sys_clk) and i_ariane/gen_hdec_coprocessor.i_hdec_coprocessor/i_hdec_top/ecc_leaf128_prod_q_reg[31]/CE (clocked by sys_clk). Large setup violations at the end of those stages might be difficult to fix during the post-placement implementation flow and could be the result of non-optimal XDC constraints or non-optimal design architecture
Related violations: <none>

TIMING-16#394 Warning
Large setup violation  
There is a large setup violation of -1.657 ns between i_ariane/gen_hdec_coprocessor.i_hdec_coprocessor/i_hdec_top/ecc_fold_word_q_reg[1]/C (clocked by sys_clk) and i_ariane/gen_hdec_coprocessor.i_hdec_coprocessor/i_hdec_top/ecc_leaf128_prod_q_reg[63]/CE (clocked by sys_clk). Large setup violations at the end of those stages might be difficult to fix during the post-placement implementation flow and could be the result of non-optimal XDC constraints or non-optimal design architecture
Related violations: <none>

TIMING-16#395 Warning
Large setup violation  
There is a large setup violation of -1.657 ns between i_ariane/gen_hdec_coprocessor.i_hdec_coprocessor/i_hdec_top/ecc_fold_word_q_reg[1]/C (clocked by sys_clk) and i_ariane/gen_hdec_coprocessor.i_hdec_coprocessor/i_hdec_top/ecc_leaf128_prod_q_reg[95]/CE (clocked by sys_clk). Large setup violations at the end of those stages might be difficult to fix during the post-placement implementation flow and could be the result of non-optimal XDC constraints or non-optimal design architecture
Related violations: <none>

TIMING-16#396 Warning
Large setup violation  
There is a large setup violation of -1.660 ns between i_ariane/gen_hdec_coprocessor.i_hdec_coprocessor/i_hdec_top/i_vec/payload_q_reg[2][0]/C (clocked by sys_clk) and i_ariane/gen_hdec_coprocessor.i_hdec_coprocessor/i_hdec_top/group_dist_q_reg[3]/D (clocked by sys_clk). Large setup violations at the end of those stages might be difficult to fix during the post-placement implementation flow and could be the result of non-optimal XDC constraints or non-optimal design architecture
Related violations: <none>

TIMING-16#397 Warning
Large setup violation  
There is a large setup violation of -1.662 ns between i_ariane/gen_hdec_coprocessor.i_hdec_coprocessor/i_hdec_top/ecc_fold_word_q_reg[1]/C (clocked by sys_clk) and i_ariane/gen_hdec_coprocessor.i_hdec_coprocessor/i_hdec_top/ecc_leaf_b_q_reg[17]/CE (clocked by sys_clk). Large setup violations at the end of those stages might be difficult to fix during the post-placement implementation flow and could be the result of non-optimal XDC constraints or non-optimal design architecture
Related violations: <none>

TIMING-16#398 Warning
Large setup violation  
There is a large setup violation of -1.662 ns between i_ariane/gen_hdec_coprocessor.i_hdec_coprocessor/i_hdec_top/ecc_fold_word_q_reg[1]/C (clocked by sys_clk) and i_ariane/gen_hdec_coprocessor.i_hdec_coprocessor/i_hdec_top/ecc_leaf_b_q_reg[18]/CE (clocked by sys_clk). Large setup violations at the end of those stages might be difficult to fix during the post-placement implementation flow and could be the result of non-optimal XDC constraints or non-optimal design architecture
Related violations: <none>

TIMING-16#399 Warning
Large setup violation  
There is a large setup violation of -1.662 ns between i_ariane/gen_hdec_coprocessor.i_hdec_coprocessor/i_hdec_top/ecc_fold_word_q_reg[1]/C (clocked by sys_clk) and i_ariane/gen_hdec_coprocessor.i_hdec_coprocessor/i_hdec_top/ecc_leaf_b_q_reg[2]/CE (clocked by sys_clk). Large setup violations at the end of those stages might be difficult to fix during the post-placement implementation flow and could be the result of non-optimal XDC constraints or non-optimal design architecture
Related violations: <none>

TIMING-16#400 Warning
Large setup violation  
There is a large setup violation of -1.662 ns between i_ariane/gen_hdec_coprocessor.i_hdec_coprocessor/i_hdec_top/ecc_fold_word_q_reg[1]/C (clocked by sys_clk) and i_ariane/gen_hdec_coprocessor.i_hdec_coprocessor/i_hdec_top/ecc_leaf_b_q_reg[4]/CE (clocked by sys_clk). Large setup violations at the end of those stages might be difficult to fix during the post-placement implementation flow and could be the result of non-optimal XDC constraints or non-optimal design architecture
Related violations: <none>

TIMING-16#401 Warning
Large setup violation  
There is a large setup violation of -1.664 ns between i_ariane/gen_hdec_coprocessor.i_hdec_coprocessor/i_hdec_top/i_vrf/gen_bank[3].vrf_mem_reg/CLKARDCLK (clocked by sys_clk) and i_ariane/gen_hdec_coprocessor.i_hdec_coprocessor/i_hdec_top/i_vec/payload_q_reg[3][7]/D (clocked by sys_clk). Large setup violations at the end of those stages might be difficult to fix during the post-placement implementation flow and could be the result of non-optimal XDC constraints or non-optimal design architecture
Related violations: <none>

TIMING-16#402 Warning
Large setup violation  
There is a large setup violation of -1.671 ns between i_ariane/gen_hdec_coprocessor.i_hdec_coprocessor/i_hdec_top/FSM_onehot_st_q_reg[41]/C (clocked by sys_clk) and i_ariane/gen_hdec_coprocessor.i_hdec_coprocessor/i_hdec_top/FSM_onehot_st_q_reg[14]/CE (clocked by sys_clk). Large setup violations at the end of those stages might be difficult to fix during the post-placement implementation flow and could be the result of non-optimal XDC constraints or non-optimal design architecture
Related violations: <none>

TIMING-16#403 Warning
Large setup violation  
There is a large setup violation of -1.671 ns between i_ariane/gen_hdec_coprocessor.i_hdec_coprocessor/i_hdec_top/FSM_onehot_st_q_reg[41]/C (clocked by sys_clk) and i_ariane/gen_hdec_coprocessor.i_hdec_coprocessor/i_hdec_top/FSM_onehot_st_q_reg[15]/CE (clocked by sys_clk). Large setup violations at the end of those stages might be difficult to fix during the post-placement implementation flow and could be the result of non-optimal XDC constraints or non-optimal design architecture
Related violations: <none>

TIMING-16#404 Warning
Large setup violation  
There is a large setup violation of -1.671 ns between i_ariane/gen_hdec_coprocessor.i_hdec_coprocessor/i_hdec_top/FSM_onehot_st_q_reg[41]/C (clocked by sys_clk) and i_ariane/gen_hdec_coprocessor.i_hdec_coprocessor/i_hdec_top/FSM_onehot_st_q_reg[15]_rep__3/CE (clocked by sys_clk). Large setup violations at the end of those stages might be difficult to fix during the post-placement implementation flow and could be the result of non-optimal XDC constraints or non-optimal design architecture
Related violations: <none>

TIMING-16#405 Warning
Large setup violation  
There is a large setup violation of -1.671 ns between i_ariane/gen_hdec_coprocessor.i_hdec_coprocessor/i_hdec_top/FSM_onehot_st_q_reg[41]/C (clocked by sys_clk) and i_ariane/gen_hdec_coprocessor.i_hdec_coprocessor/i_hdec_top/FSM_onehot_st_q_reg[40]/CE (clocked by sys_clk). Large setup violations at the end of those stages might be difficult to fix during the post-placement implementation flow and could be the result of non-optimal XDC constraints or non-optimal design architecture
Related violations: <none>

TIMING-16#406 Warning
Large setup violation  
There is a large setup violation of -1.671 ns between i_ariane/gen_hdec_coprocessor.i_hdec_coprocessor/i_hdec_top/FSM_onehot_st_q_reg[41]/C (clocked by sys_clk) and i_ariane/gen_hdec_coprocessor.i_hdec_coprocessor/i_hdec_top/FSM_onehot_st_q_reg[41]/CE (clocked by sys_clk). Large setup violations at the end of those stages might be difficult to fix during the post-placement implementation flow and could be the result of non-optimal XDC constraints or non-optimal design architecture
Related violations: <none>

TIMING-16#407 Warning
Large setup violation  
There is a large setup violation of -1.671 ns between i_ariane/gen_hdec_coprocessor.i_hdec_coprocessor/i_hdec_top/FSM_onehot_st_q_reg[41]/C (clocked by sys_clk) and i_ariane/gen_hdec_coprocessor.i_hdec_coprocessor/i_hdec_top/FSM_onehot_st_q_reg[46]/CE (clocked by sys_clk). Large setup violations at the end of those stages might be difficult to fix during the post-placement implementation flow and could be the result of non-optimal XDC constraints or non-optimal design architecture
Related violations: <none>

TIMING-16#408 Warning
Large setup violation  
There is a large setup violation of -1.674 ns between i_ariane/gen_hdec_coprocessor.i_hdec_coprocessor/i_hdec_top/hperm_lane_slot_q_reg[1]/C (clocked by sys_clk) and i_ariane/gen_hdec_coprocessor.i_hdec_coprocessor/i_hdec_top/hperm_stage_q_reg[17]/D (clocked by sys_clk). Large setup violations at the end of those stages might be difficult to fix during the post-placement implementation flow and could be the result of non-optimal XDC constraints or non-optimal design architecture
Related violations: <none>

TIMING-16#409 Warning
Large setup violation  
There is a large setup violation of -1.677 ns between i_ariane/gen_hdec_coprocessor.i_hdec_coprocessor/i_hdec_top/uop_p2_q_reg[op_type][1]/C (clocked by sys_clk) and i_ariane/gen_hdec_coprocessor.i_hdec_coprocessor/i_hdec_top/i_vec/payload_q_reg[0][55]/CE (clocked by sys_clk). Large setup violations at the end of those stages might be difficult to fix during the post-placement implementation flow and could be the result of non-optimal XDC constraints or non-optimal design architecture
Related violations: <none>

TIMING-16#410 Warning
Large setup violation  
There is a large setup violation of -1.677 ns between i_ariane/gen_hdec_coprocessor.i_hdec_coprocessor/i_hdec_top/uop_p2_q_reg[op_type][1]/C (clocked by sys_clk) and i_ariane/gen_hdec_coprocessor.i_hdec_coprocessor/i_hdec_top/i_vec/payload_q_reg[2][11]/CE (clocked by sys_clk). Large setup violations at the end of those stages might be difficult to fix during the post-placement implementation flow and could be the result of non-optimal XDC constraints or non-optimal design architecture
Related violations: <none>

TIMING-16#411 Warning
Large setup violation  
There is a large setup violation of -1.681 ns between i_ariane/gen_hdec_coprocessor.i_hdec_coprocessor/i_hdec_top/FSM_onehot_st_q_reg[45]/C (clocked by sys_clk) and i_ariane/gen_hdec_coprocessor.i_hdec_coprocessor/i_hdec_top/i_vrf/gen_bank[0].vrf_mem_reg/DIADI[4] (clocked by sys_clk). Large setup violations at the end of those stages might be difficult to fix during the post-placement implementation flow and could be the result of non-optimal XDC constraints or non-optimal design architecture
Related violations: <none>

TIMING-16#412 Warning
Large setup violation  
There is a large setup violation of -1.681 ns between i_ariane/gen_hdec_coprocessor.i_hdec_coprocessor/i_hdec_top/ecc_fold_word_q_reg[1]/C (clocked by sys_clk) and i_ariane/gen_hdec_coprocessor.i_hdec_coprocessor/i_hdec_top/ecc_leaf128_prod_q_reg[33]/CE (clocked by sys_clk). Large setup violations at the end of those stages might be difficult to fix during the post-placement implementation flow and could be the result of non-optimal XDC constraints or non-optimal design architecture
Related violations: <none>

TIMING-16#413 Warning
Large setup violation  
There is a large setup violation of -1.681 ns between i_ariane/gen_hdec_coprocessor.i_hdec_coprocessor/i_hdec_top/ecc_fold_word_q_reg[1]/C (clocked by sys_clk) and i_ariane/gen_hdec_coprocessor.i_hdec_coprocessor/i_hdec_top/ecc_leaf128_prod_q_reg[3]/CE (clocked by sys_clk). Large setup violations at the end of those stages might be difficult to fix during the post-placement implementation flow and could be the result of non-optimal XDC constraints or non-optimal design architecture
Related violations: <none>

TIMING-16#414 Warning
Large setup violation  
There is a large setup violation of -1.681 ns between i_ariane/gen_hdec_coprocessor.i_hdec_coprocessor/i_hdec_top/ecc_fold_word_q_reg[1]/C (clocked by sys_clk) and i_ariane/gen_hdec_coprocessor.i_hdec_coprocessor/i_hdec_top/ecc_leaf128_prod_q_reg[67]/CE (clocked by sys_clk). Large setup violations at the end of those stages might be difficult to fix during the post-placement implementation flow and could be the result of non-optimal XDC constraints or non-optimal design architecture
Related violations: <none>

TIMING-16#415 Warning
Large setup violation  
There is a large setup violation of -1.681 ns between i_ariane/gen_hdec_coprocessor.i_hdec_coprocessor/i_hdec_top/ecc_fold_word_q_reg[1]/C (clocked by sys_clk) and i_ariane/gen_hdec_coprocessor.i_hdec_coprocessor/i_hdec_top/ecc_leaf128_prod_q_reg[97]/CE (clocked by sys_clk). Large setup violations at the end of those stages might be difficult to fix during the post-placement implementation flow and could be the result of non-optimal XDC constraints or non-optimal design architecture
Related violations: <none>

TIMING-16#416 Warning
Large setup violation  
There is a large setup violation of -1.683 ns between i_ariane/gen_hdec_coprocessor.i_hdec_coprocessor/i_hdec_top/FSM_onehot_st_q_reg[45]/C (clocked by sys_clk) and i_ariane/gen_hdec_coprocessor.i_hdec_coprocessor/i_hdec_top/i_vrf/gen_bank[1].vrf_mem_reg/DIADI[8] (clocked by sys_clk). Large setup violations at the end of those stages might be difficult to fix during the post-placement implementation flow and could be the result of non-optimal XDC constraints or non-optimal design architecture
Related violations: <none>

TIMING-16#417 Warning
Large setup violation  
There is a large setup violation of -1.692 ns between i_ariane/gen_hdec_coprocessor.i_hdec_coprocessor/i_hdec_top/ecc_fold_word_q_reg[0]/C (clocked by sys_clk) and i_ariane/gen_hdec_coprocessor.i_hdec_coprocessor/i_hdec_top/hdc_src0_q_reg[3][22]/D (clocked by sys_clk). Large setup violations at the end of those stages might be difficult to fix during the post-placement implementation flow and could be the result of non-optimal XDC constraints or non-optimal design architecture
Related violations: <none>

TIMING-16#418 Warning
Large setup violation  
There is a large setup violation of -1.694 ns between i_ariane/gen_hdec_coprocessor.i_hdec_coprocessor/i_hdec_top/i_vrf/gen_bank[1].vrf_mem_reg/CLKARDCLK (clocked by sys_clk) and i_ariane/gen_hdec_coprocessor.i_hdec_coprocessor/i_hdec_top/i_vec/payload_q_reg[1][1]/D (clocked by sys_clk). Large setup violations at the end of those stages might be difficult to fix during the post-placement implementation flow and could be the result of non-optimal XDC constraints or non-optimal design architecture
Related violations: <none>

TIMING-16#419 Warning
Large setup violation  
There is a large setup violation of -1.694 ns between i_ariane/gen_hdec_coprocessor.i_hdec_coprocessor/i_hdec_top/uop_p2_q_reg[op_type][1]/C (clocked by sys_clk) and i_ariane/gen_hdec_coprocessor.i_hdec_coprocessor/i_hdec_top/i_vec/payload_q_reg[2][39]/CE (clocked by sys_clk). Large setup violations at the end of those stages might be difficult to fix during the post-placement implementation flow and could be the result of non-optimal XDC constraints or non-optimal design architecture
Related violations: <none>

TIMING-16#420 Warning
Large setup violation  
There is a large setup violation of -1.698 ns between i_ariane/gen_hdec_coprocessor.i_hdec_coprocessor/i_hdec_top/hperm_lane_slot_q_reg[1]/C (clocked by sys_clk) and i_ariane/gen_hdec_coprocessor.i_hdec_coprocessor/i_hdec_top/hperm_stage_q_reg[55]/D (clocked by sys_clk). Large setup violations at the end of those stages might be difficult to fix during the post-placement implementation flow and could be the result of non-optimal XDC constraints or non-optimal design architecture
Related violations: <none>

TIMING-16#421 Warning
Large setup violation  
There is a large setup violation of -1.706 ns between i_ariane/gen_hdec_coprocessor.i_hdec_coprocessor/i_hdec_top/ecc_fold_word_q_reg[1]/C (clocked by sys_clk) and i_ariane/gen_hdec_coprocessor.i_hdec_coprocessor/i_hdec_top/ecc_leaf_b_q_reg[27]/CE (clocked by sys_clk). Large setup violations at the end of those stages might be difficult to fix during the post-placement implementation flow and could be the result of non-optimal XDC constraints or non-optimal design architecture
Related violations: <none>

TIMING-16#422 Warning
Large setup violation  
There is a large setup violation of -1.706 ns between i_ariane/gen_hdec_coprocessor.i_hdec_coprocessor/i_hdec_top/ecc_fold_word_q_reg[1]/C (clocked by sys_clk) and i_ariane/gen_hdec_coprocessor.i_hdec_coprocessor/i_hdec_top/ecc_leaf_b_q_reg[31]/CE (clocked by sys_clk). Large setup violations at the end of those stages might be difficult to fix during the post-placement implementation flow and could be the result of non-optimal XDC constraints or non-optimal design architecture
Related violations: <none>

TIMING-16#423 Warning
Large setup violation  
There is a large setup violation of -1.706 ns between i_ariane/gen_hdec_coprocessor.i_hdec_coprocessor/i_hdec_top/i_vrf/gen_bank[2].vrf_mem_reg/CLKARDCLK (clocked by sys_clk) and i_ariane/gen_hdec_coprocessor.i_hdec_coprocessor/i_hdec_top/ecc_leaf_a_q_reg[16]/D (clocked by sys_clk). Large setup violations at the end of those stages might be difficult to fix during the post-placement implementation flow and could be the result of non-optimal XDC constraints or non-optimal design architecture
Related violations: <none>

TIMING-16#424 Warning
Large setup violation  
There is a large setup violation of -1.709 ns between i_ariane/gen_hdec_coprocessor.i_hdec_coprocessor/i_hdec_top/ecc_fold_word_q_reg[1]/C (clocked by sys_clk) and i_ariane/gen_hdec_coprocessor.i_hdec_coprocessor/i_hdec_top/ecc_leaf_b_q_reg[11]/CE (clocked by sys_clk). Large setup violations at the end of those stages might be difficult to fix during the post-placement implementation flow and could be the result of non-optimal XDC constraints or non-optimal design architecture
Related violations: <none>

TIMING-16#425 Warning
Large setup violation  
There is a large setup violation of -1.709 ns between i_ariane/gen_hdec_coprocessor.i_hdec_coprocessor/i_hdec_top/ecc_fold_word_q_reg[1]/C (clocked by sys_clk) and i_ariane/gen_hdec_coprocessor.i_hdec_coprocessor/i_hdec_top/ecc_leaf_b_q_reg[15]/CE (clocked by sys_clk). Large setup violations at the end of those stages might be difficult to fix during the post-placement implementation flow and could be the result of non-optimal XDC constraints or non-optimal design architecture
Related violations: <none>

TIMING-16#426 Warning
Large setup violation  
There is a large setup violation of -1.709 ns between i_ariane/gen_hdec_coprocessor.i_hdec_coprocessor/i_hdec_top/ecc_fold_word_q_reg[1]/C (clocked by sys_clk) and i_ariane/gen_hdec_coprocessor.i_hdec_coprocessor/i_hdec_top/ecc_leaf_b_q_reg[25]/CE (clocked by sys_clk). Large setup violations at the end of those stages might be difficult to fix during the post-placement implementation flow and could be the result of non-optimal XDC constraints or non-optimal design architecture
Related violations: <none>

TIMING-16#427 Warning
Large setup violation  
There is a large setup violation of -1.709 ns between i_ariane/gen_hdec_coprocessor.i_hdec_coprocessor/i_hdec_top/ecc_fold_word_q_reg[1]/C (clocked by sys_clk) and i_ariane/gen_hdec_coprocessor.i_hdec_coprocessor/i_hdec_top/ecc_leaf_b_q_reg[9]/CE (clocked by sys_clk). Large setup violations at the end of those stages might be difficult to fix during the post-placement implementation flow and could be the result of non-optimal XDC constraints or non-optimal design architecture
Related violations: <none>

TIMING-16#428 Warning
Large setup violation  
There is a large setup violation of -1.711 ns between i_ariane/gen_hdec_coprocessor.i_hdec_coprocessor/i_hdec_top/p2_lane_compute_q_reg/C (clocked by sys_clk) and i_ariane/gen_hdec_coprocessor.i_hdec_coprocessor/i_hdec_top/i_vec/payload_q_reg[2][11]/D (clocked by sys_clk). Large setup violations at the end of those stages might be difficult to fix during the post-placement implementation flow and could be the result of non-optimal XDC constraints or non-optimal design architecture
Related violations: <none>

TIMING-16#429 Warning
Large setup violation  
There is a large setup violation of -1.717 ns between i_ariane/gen_hdec_coprocessor.i_hdec_coprocessor/i_hdec_top/ecc_leaf_path_q_reg[2]/C (clocked by sys_clk) and i_ariane/gen_hdec_coprocessor.i_hdec_coprocessor/i_hdec_top/ecc_leaf_a_q_reg[18]/CE (clocked by sys_clk). Large setup violations at the end of those stages might be difficult to fix during the post-placement implementation flow and could be the result of non-optimal XDC constraints or non-optimal design architecture
Related violations: <none>

TIMING-16#430 Warning
Large setup violation  
There is a large setup violation of -1.717 ns between i_ariane/gen_hdec_coprocessor.i_hdec_coprocessor/i_hdec_top/ecc_leaf_path_q_reg[2]/C (clocked by sys_clk) and i_ariane/gen_hdec_coprocessor.i_hdec_coprocessor/i_hdec_top/ecc_leaf_a_q_reg[2]/CE (clocked by sys_clk). Large setup violations at the end of those stages might be difficult to fix during the post-placement implementation flow and could be the result of non-optimal XDC constraints or non-optimal design architecture
Related violations: <none>

TIMING-16#431 Warning
Large setup violation  
There is a large setup violation of -1.717 ns between i_ariane/gen_hdec_coprocessor.i_hdec_coprocessor/i_hdec_top/ecc_leaf_path_q_reg[2]/C (clocked by sys_clk) and i_ariane/gen_hdec_coprocessor.i_hdec_coprocessor/i_hdec_top/ecc_leaf_a_q_reg[4]/CE (clocked by sys_clk). Large setup violations at the end of those stages might be difficult to fix during the post-placement implementation flow and could be the result of non-optimal XDC constraints or non-optimal design architecture
Related violations: <none>

TIMING-16#432 Warning
Large setup violation  
There is a large setup violation of -1.718 ns between i_ariane/gen_hdec_coprocessor.i_hdec_coprocessor/i_hdec_top/uop_p3_q_reg[op_type][2]/C (clocked by sys_clk) and i_ariane/gen_hdec_coprocessor.i_hdec_coprocessor/i_hdec_top/hdc_src0_q_reg[1][29]/CE (clocked by sys_clk). Large setup violations at the end of those stages might be difficult to fix during the post-placement implementation flow and could be the result of non-optimal XDC constraints or non-optimal design architecture
Related violations: <none>

TIMING-16#433 Warning
Large setup violation  
There is a large setup violation of -1.728 ns between i_ariane/gen_hdec_coprocessor.i_hdec_coprocessor/i_hdec_top/FSM_onehot_st_q_reg[41]/C (clocked by sys_clk) and i_ariane/gen_hdec_coprocessor.i_hdec_coprocessor/i_hdec_top/FSM_onehot_st_q_reg[10]/CE (clocked by sys_clk). Large setup violations at the end of those stages might be difficult to fix during the post-placement implementation flow and could be the result of non-optimal XDC constraints or non-optimal design architecture
Related violations: <none>

TIMING-16#434 Warning
Large setup violation  
There is a large setup violation of -1.728 ns between i_ariane/gen_hdec_coprocessor.i_hdec_coprocessor/i_hdec_top/FSM_onehot_st_q_reg[41]/C (clocked by sys_clk) and i_ariane/gen_hdec_coprocessor.i_hdec_coprocessor/i_hdec_top/FSM_onehot_st_q_reg[11]/CE (clocked by sys_clk). Large setup violations at the end of those stages might be difficult to fix during the post-placement implementation flow and could be the result of non-optimal XDC constraints or non-optimal design architecture
Related violations: <none>

TIMING-16#435 Warning
Large setup violation  
There is a large setup violation of -1.728 ns between i_ariane/gen_hdec_coprocessor.i_hdec_coprocessor/i_hdec_top/FSM_onehot_st_q_reg[41]/C (clocked by sys_clk) and i_ariane/gen_hdec_coprocessor.i_hdec_coprocessor/i_hdec_top/FSM_onehot_st_q_reg[9]/CE (clocked by sys_clk). Large setup violations at the end of those stages might be difficult to fix during the post-placement implementation flow and could be the result of non-optimal XDC constraints or non-optimal design architecture
Related violations: <none>

TIMING-16#436 Warning
Large setup violation  
There is a large setup violation of -1.733 ns between i_ariane/gen_hdec_coprocessor.i_hdec_coprocessor/i_hdec_top/p2_lane_compute_q_reg/C (clocked by sys_clk) and i_ariane/gen_hdec_coprocessor.i_hdec_coprocessor/i_hdec_top/i_vec/payload_q_reg[2][7]/D (clocked by sys_clk). Large setup violations at the end of those stages might be difficult to fix during the post-placement implementation flow and could be the result of non-optimal XDC constraints or non-optimal design architecture
Related violations: <none>

TIMING-16#437 Warning
Large setup violation  
There is a large setup violation of -1.738 ns between i_ariane/gen_hdec_coprocessor.i_hdec_coprocessor/i_hdec_top/FSM_onehot_st_q_reg[45]/C (clocked by sys_clk) and i_ariane/gen_hdec_coprocessor.i_hdec_coprocessor/i_hdec_top/i_vrf/gen_bank[2].vrf_mem_reg/DIADI[0] (clocked by sys_clk). Large setup violations at the end of those stages might be difficult to fix during the post-placement implementation flow and could be the result of non-optimal XDC constraints or non-optimal design architecture
Related violations: <none>

TIMING-16#438 Warning
Large setup violation  
There is a large setup violation of -1.740 ns between i_ariane/gen_hdec_coprocessor.i_hdec_coprocessor/i_hdec_top/ecc_pmul_subop_q_reg[1]/C (clocked by sys_clk) and i_ariane/gen_hdec_coprocessor.i_hdec_coprocessor/i_hdec_top/hperm_dst_base_q_reg[0]/CE (clocked by sys_clk). Large setup violations at the end of those stages might be difficult to fix during the post-placement implementation flow and could be the result of non-optimal XDC constraints or non-optimal design architecture
Related violations: <none>

TIMING-16#439 Warning
Large setup violation  
There is a large setup violation of -1.747 ns between i_ariane/gen_hdec_coprocessor.i_hdec_coprocessor/i_hdec_top/hperm_lane_slot_q_reg[1]/C (clocked by sys_clk) and i_ariane/gen_hdec_coprocessor.i_hdec_coprocessor/i_hdec_top/hperm_stage_q_reg[13]/D (clocked by sys_clk). Large setup violations at the end of those stages might be difficult to fix during the post-placement implementation flow and could be the result of non-optimal XDC constraints or non-optimal design architecture
Related violations: <none>

TIMING-16#440 Warning
Large setup violation  
There is a large setup violation of -1.751 ns between i_ariane/gen_hdec_coprocessor.i_hdec_coprocessor/i_hdec_top/uop_p3_q_reg[subgroup_idx][1]_rep/C (clocked by sys_clk) and i_ariane/gen_hdec_coprocessor.i_hdec_coprocessor/i_hdec_top/hdc_src0_q_reg[2][12]/CE (clocked by sys_clk). Large setup violations at the end of those stages might be difficult to fix during the post-placement implementation flow and could be the result of non-optimal XDC constraints or non-optimal design architecture
Related violations: <none>

TIMING-16#441 Warning
Large setup violation  
There is a large setup violation of -1.755 ns between i_ariane/gen_hdec_coprocessor.i_hdec_coprocessor/i_hdec_top/ecc_fold_word_q_reg[1]/C (clocked by sys_clk) and i_ariane/gen_hdec_coprocessor.i_hdec_coprocessor/i_hdec_top/ecc_kpd64_sub_q_reg[1]/CE (clocked by sys_clk). Large setup violations at the end of those stages might be difficult to fix during the post-placement implementation flow and could be the result of non-optimal XDC constraints or non-optimal design architecture
Related violations: <none>

TIMING-16#442 Warning
Large setup violation  
There is a large setup violation of -1.755 ns between i_ariane/gen_hdec_coprocessor.i_hdec_coprocessor/i_hdec_top/ecc_fold_word_q_reg[1]/C (clocked by sys_clk) and i_ariane/gen_hdec_coprocessor.i_hdec_coprocessor/i_hdec_top/ecc_leaf128_prod_q_reg[0]/CE (clocked by sys_clk). Large setup violations at the end of those stages might be difficult to fix during the post-placement implementation flow and could be the result of non-optimal XDC constraints or non-optimal design architecture
Related violations: <none>

TIMING-16#443 Warning
Large setup violation  
There is a large setup violation of -1.755 ns between i_ariane/gen_hdec_coprocessor.i_hdec_coprocessor/i_hdec_top/i_vrf/gen_bank[3].vrf_mem_reg/CLKARDCLK (clocked by sys_clk) and i_ariane/gen_hdec_coprocessor.i_hdec_coprocessor/i_hdec_top/ecc_leaf_a_q_reg[17]/D (clocked by sys_clk). Large setup violations at the end of those stages might be difficult to fix during the post-placement implementation flow and could be the result of non-optimal XDC constraints or non-optimal design architecture
Related violations: <none>

TIMING-16#444 Warning
Large setup violation  
There is a large setup violation of -1.758 ns between i_ariane/gen_hdec_coprocessor.i_hdec_coprocessor/i_hdec_top/FSM_onehot_st_q_reg[41]/C (clocked by sys_clk) and i_ariane/gen_hdec_coprocessor.i_hdec_coprocessor/i_hdec_top/FSM_onehot_st_q_reg[18]/CE (clocked by sys_clk). Large setup violations at the end of those stages might be difficult to fix during the post-placement implementation flow and could be the result of non-optimal XDC constraints or non-optimal design architecture
Related violations: <none>

TIMING-16#445 Warning
Large setup violation  
There is a large setup violation of -1.758 ns between i_ariane/gen_hdec_coprocessor.i_hdec_coprocessor/i_hdec_top/FSM_onehot_st_q_reg[41]/C (clocked by sys_clk) and i_ariane/gen_hdec_coprocessor.i_hdec_coprocessor/i_hdec_top/FSM_onehot_st_q_reg[19]/CE (clocked by sys_clk). Large setup violations at the end of those stages might be difficult to fix during the post-placement implementation flow and could be the result of non-optimal XDC constraints or non-optimal design architecture
Related violations: <none>

TIMING-16#446 Warning
Large setup violation  
There is a large setup violation of -1.758 ns between i_ariane/gen_hdec_coprocessor.i_hdec_coprocessor/i_hdec_top/FSM_onehot_st_q_reg[41]/C (clocked by sys_clk) and i_ariane/gen_hdec_coprocessor.i_hdec_coprocessor/i_hdec_top/FSM_onehot_st_q_reg[35]/CE (clocked by sys_clk). Large setup violations at the end of those stages might be difficult to fix during the post-placement implementation flow and could be the result of non-optimal XDC constraints or non-optimal design architecture
Related violations: <none>

TIMING-16#447 Warning
Large setup violation  
There is a large setup violation of -1.758 ns between i_ariane/gen_hdec_coprocessor.i_hdec_coprocessor/i_hdec_top/FSM_onehot_st_q_reg[41]/C (clocked by sys_clk) and i_ariane/gen_hdec_coprocessor.i_hdec_coprocessor/i_hdec_top/FSM_onehot_st_q_reg[38]/CE (clocked by sys_clk). Large setup violations at the end of those stages might be difficult to fix during the post-placement implementation flow and could be the result of non-optimal XDC constraints or non-optimal design architecture
Related violations: <none>

TIMING-16#448 Warning
Large setup violation  
There is a large setup violation of -1.758 ns between i_ariane/gen_hdec_coprocessor.i_hdec_coprocessor/i_hdec_top/FSM_onehot_st_q_reg[41]/C (clocked by sys_clk) and i_ariane/gen_hdec_coprocessor.i_hdec_coprocessor/i_hdec_top/FSM_onehot_st_q_reg[39]/CE (clocked by sys_clk). Large setup violations at the end of those stages might be difficult to fix during the post-placement implementation flow and could be the result of non-optimal XDC constraints or non-optimal design architecture
Related violations: <none>

TIMING-16#449 Warning
Large setup violation  
There is a large setup violation of -1.758 ns between i_ariane/gen_hdec_coprocessor.i_hdec_coprocessor/i_hdec_top/FSM_onehot_st_q_reg[41]/C (clocked by sys_clk) and i_ariane/gen_hdec_coprocessor.i_hdec_coprocessor/i_hdec_top/FSM_onehot_st_q_reg[49]/CE (clocked by sys_clk). Large setup violations at the end of those stages might be difficult to fix during the post-placement implementation flow and could be the result of non-optimal XDC constraints or non-optimal design architecture
Related violations: <none>

TIMING-16#450 Warning
Large setup violation  
There is a large setup violation of -1.758 ns between i_ariane/gen_hdec_coprocessor.i_hdec_coprocessor/i_hdec_top/FSM_onehot_st_q_reg[41]/C (clocked by sys_clk) and i_ariane/gen_hdec_coprocessor.i_hdec_coprocessor/i_hdec_top/FSM_onehot_st_q_reg[50]/CE (clocked by sys_clk). Large setup violations at the end of those stages might be difficult to fix during the post-placement implementation flow and could be the result of non-optimal XDC constraints or non-optimal design architecture
Related violations: <none>

TIMING-16#451 Warning
Large setup violation  
There is a large setup violation of -1.758 ns between i_ariane/gen_hdec_coprocessor.i_hdec_coprocessor/i_hdec_top/FSM_onehot_st_q_reg[41]/C (clocked by sys_clk) and i_ariane/gen_hdec_coprocessor.i_hdec_coprocessor/i_hdec_top/FSM_onehot_st_q_reg[51]/CE (clocked by sys_clk). Large setup violations at the end of those stages might be difficult to fix during the post-placement implementation flow and could be the result of non-optimal XDC constraints or non-optimal design architecture
Related violations: <none>

TIMING-16#452 Warning
Large setup violation  
There is a large setup violation of -1.760 ns between i_ariane/gen_hdec_coprocessor.i_hdec_coprocessor/i_hdec_top/FSM_onehot_st_q_reg[41]/C (clocked by sys_clk) and i_ariane/gen_hdec_coprocessor.i_hdec_coprocessor/i_hdec_top/FSM_onehot_st_q_reg[27]/CE (clocked by sys_clk). Large setup violations at the end of those stages might be difficult to fix during the post-placement implementation flow and could be the result of non-optimal XDC constraints or non-optimal design architecture
Related violations: <none>

TIMING-16#453 Warning
Large setup violation  
There is a large setup violation of -1.760 ns between i_ariane/gen_hdec_coprocessor.i_hdec_coprocessor/i_hdec_top/FSM_onehot_st_q_reg[41]/C (clocked by sys_clk) and i_ariane/gen_hdec_coprocessor.i_hdec_coprocessor/i_hdec_top/FSM_onehot_st_q_reg[28]/CE (clocked by sys_clk). Large setup violations at the end of those stages might be difficult to fix during the post-placement implementation flow and could be the result of non-optimal XDC constraints or non-optimal design architecture
Related violations: <none>

TIMING-16#454 Warning
Large setup violation  
There is a large setup violation of -1.760 ns between i_ariane/gen_hdec_coprocessor.i_hdec_coprocessor/i_hdec_top/ecc_autoreduce_q_reg/C (clocked by sys_clk) and i_ariane/gen_hdec_coprocessor.i_hdec_coprocessor/i_hdec_top/hdc_src0_q_reg[2][20]/CE (clocked by sys_clk). Large setup violations at the end of those stages might be difficult to fix during the post-placement implementation flow and could be the result of non-optimal XDC constraints or non-optimal design architecture
Related violations: <none>

TIMING-16#455 Warning
Large setup violation  
There is a large setup violation of -1.760 ns between i_ariane/gen_hdec_coprocessor.i_hdec_coprocessor/i_hdec_top/ecc_autoreduce_q_reg/C (clocked by sys_clk) and i_ariane/gen_hdec_coprocessor.i_hdec_coprocessor/i_hdec_top/hdc_src0_q_reg[3][30]/CE (clocked by sys_clk). Large setup violations at the end of those stages might be difficult to fix during the post-placement implementation flow and could be the result of non-optimal XDC constraints or non-optimal design architecture
Related violations: <none>

TIMING-16#456 Warning
Large setup violation  
There is a large setup violation of -1.766 ns between i_ariane/gen_hdec_coprocessor.i_hdec_coprocessor/i_hdec_top/i_vrf/gen_bank[2].vrf_mem_reg/CLKARDCLK (clocked by sys_clk) and i_ariane/gen_hdec_coprocessor.i_hdec_coprocessor/i_hdec_top/i_vrf/gen_bank[2].vrf_mem_reg/DIADI[20] (clocked by sys_clk). Large setup violations at the end of those stages might be difficult to fix during the post-placement implementation flow and could be the result of non-optimal XDC constraints or non-optimal design architecture
Related violations: <none>

TIMING-16#457 Warning
Large setup violation  
There is a large setup violation of -1.767 ns between i_ariane/gen_hdec_coprocessor.i_hdec_coprocessor/i_hdec_top/i_vrf/gen_bank[3].vrf_mem_reg/CLKARDCLK (clocked by sys_clk) and i_ariane/gen_hdec_coprocessor.i_hdec_coprocessor/i_hdec_top/ecc_leaf_xor_b_q_reg[20]/D (clocked by sys_clk). Large setup violations at the end of those stages might be difficult to fix during the post-placement implementation flow and could be the result of non-optimal XDC constraints or non-optimal design architecture
Related violations: <none>

TIMING-16#458 Warning
Large setup violation  
There is a large setup violation of -1.769 ns between i_ariane/gen_hdec_coprocessor.i_hdec_coprocessor/i_hdec_top/hperm_lane_slot_q_reg[1]/C (clocked by sys_clk) and i_ariane/gen_hdec_coprocessor.i_hdec_coprocessor/i_hdec_top/hperm_stage_q_reg[60]/D (clocked by sys_clk). Large setup violations at the end of those stages might be difficult to fix during the post-placement implementation flow and could be the result of non-optimal XDC constraints or non-optimal design architecture
Related violations: <none>

TIMING-16#459 Warning
Large setup violation  
There is a large setup violation of -1.771 ns between i_ariane/gen_hdec_coprocessor.i_hdec_coprocessor/i_hdec_top/FSM_onehot_st_q_reg[44]/C (clocked by sys_clk) and i_ariane/gen_hdec_coprocessor.i_hdec_coprocessor/i_hdec_top/ecc_leaf_xor_b_q_reg[4]/D (clocked by sys_clk). Large setup violations at the end of those stages might be difficult to fix during the post-placement implementation flow and could be the result of non-optimal XDC constraints or non-optimal design architecture
Related violations: <none>

TIMING-16#460 Warning
Large setup violation  
There is a large setup violation of -1.771 ns between i_ariane/gen_hdec_coprocessor.i_hdec_coprocessor/i_hdec_top/uop_p3_q_reg[subgroup_idx][1]_rep/C (clocked by sys_clk) and i_ariane/gen_hdec_coprocessor.i_hdec_coprocessor/i_hdec_top/hdc_src0_q_reg[2][6]/CE (clocked by sys_clk). Large setup violations at the end of those stages might be difficult to fix during the post-placement implementation flow and could be the result of non-optimal XDC constraints or non-optimal design architecture
Related violations: <none>

TIMING-16#461 Warning
Large setup violation  
There is a large setup violation of -1.771 ns between i_ariane/gen_hdec_coprocessor.i_hdec_coprocessor/i_hdec_top/uop_p3_q_reg[subgroup_idx][1]_rep/C (clocked by sys_clk) and i_ariane/gen_hdec_coprocessor.i_hdec_coprocessor/i_hdec_top/hdc_src0_q_reg[3][7]/CE (clocked by sys_clk). Large setup violations at the end of those stages might be difficult to fix during the post-placement implementation flow and could be the result of non-optimal XDC constraints or non-optimal design architecture
Related violations: <none>

TIMING-16#462 Warning
Large setup violation  
There is a large setup violation of -1.773 ns between i_ariane/gen_hdec_coprocessor.i_hdec_coprocessor/i_hdec_top/ecc_autoreduce_q_reg/C (clocked by sys_clk) and i_ariane/gen_hdec_coprocessor.i_hdec_coprocessor/i_hdec_top/hdc_src0_q_reg[3][40]/CE (clocked by sys_clk). Large setup violations at the end of those stages might be difficult to fix during the post-placement implementation flow and could be the result of non-optimal XDC constraints or non-optimal design architecture
Related violations: <none>

TIMING-16#463 Warning
Large setup violation  
There is a large setup violation of -1.773 ns between i_ariane/gen_hdec_coprocessor.i_hdec_coprocessor/i_hdec_top/ecc_autoreduce_q_reg/C (clocked by sys_clk) and i_ariane/gen_hdec_coprocessor.i_hdec_coprocessor/i_hdec_top/hdc_src0_q_reg[3][42]/CE (clocked by sys_clk). Large setup violations at the end of those stages might be difficult to fix during the post-placement implementation flow and could be the result of non-optimal XDC constraints or non-optimal design architecture
Related violations: <none>

TIMING-16#464 Warning
Large setup violation  
There is a large setup violation of -1.773 ns between i_ariane/gen_hdec_coprocessor.i_hdec_coprocessor/i_hdec_top/ecc_autoreduce_q_reg/C (clocked by sys_clk) and i_ariane/gen_hdec_coprocessor.i_hdec_coprocessor/i_hdec_top/hdc_src0_q_reg[3][44]/CE (clocked by sys_clk). Large setup violations at the end of those stages might be difficult to fix during the post-placement implementation flow and could be the result of non-optimal XDC constraints or non-optimal design architecture
Related violations: <none>

TIMING-16#465 Warning
Large setup violation  
There is a large setup violation of -1.775 ns between i_ariane/gen_hdec_coprocessor.i_hdec_coprocessor/i_hdec_top/hperm_lane_slot_q_reg[1]/C (clocked by sys_clk) and i_ariane/gen_hdec_coprocessor.i_hdec_coprocessor/i_hdec_top/hperm_stage_q_reg[63]/D (clocked by sys_clk). Large setup violations at the end of those stages might be difficult to fix during the post-placement implementation flow and could be the result of non-optimal XDC constraints or non-optimal design architecture
Related violations: <none>

TIMING-16#466 Warning
Large setup violation  
There is a large setup violation of -1.776 ns between i_ariane/gen_hdec_coprocessor.i_hdec_coprocessor/i_hdec_top/hperm_lane_slot_q_reg[1]/C (clocked by sys_clk) and i_ariane/gen_hdec_coprocessor.i_hdec_coprocessor/i_hdec_top/hperm_stage_q_reg[4]/D (clocked by sys_clk). Large setup violations at the end of those stages might be difficult to fix during the post-placement implementation flow and could be the result of non-optimal XDC constraints or non-optimal design architecture
Related violations: <none>

TIMING-16#467 Warning
Large setup violation  
There is a large setup violation of -1.788 ns between i_ariane/gen_hdec_coprocessor.i_hdec_coprocessor/i_hdec_top/ecc_fold_word_q_reg[1]/C (clocked by sys_clk) and i_ariane/gen_hdec_coprocessor.i_hdec_coprocessor/i_hdec_top/hdc_src0_q_reg[0][26]/D (clocked by sys_clk). Large setup violations at the end of those stages might be difficult to fix during the post-placement implementation flow and could be the result of non-optimal XDC constraints or non-optimal design architecture
Related violations: <none>

TIMING-16#468 Warning
Large setup violation  
There is a large setup violation of -1.788 ns between i_ariane/gen_hdec_coprocessor.i_hdec_coprocessor/i_hdec_top/hperm_lane_slot_q_reg[1]/C (clocked by sys_clk) and i_ariane/gen_hdec_coprocessor.i_hdec_coprocessor/i_hdec_top/hperm_stage_q_reg[1]/D (clocked by sys_clk). Large setup violations at the end of those stages might be difficult to fix during the post-placement implementation flow and could be the result of non-optimal XDC constraints or non-optimal design architecture
Related violations: <none>

TIMING-16#469 Warning
Large setup violation  
There is a large setup violation of -1.789 ns between i_ariane/gen_hdec_coprocessor.i_hdec_coprocessor/i_hdec_top/p2_lane_compute_q_reg/C (clocked by sys_clk) and i_ariane/gen_hdec_coprocessor.i_hdec_coprocessor/i_hdec_top/i_vec/payload_q_reg[2][6]/D (clocked by sys_clk). Large setup violations at the end of those stages might be difficult to fix during the post-placement implementation flow and could be the result of non-optimal XDC constraints or non-optimal design architecture
Related violations: <none>

TIMING-16#470 Warning
Large setup violation  
There is a large setup violation of -1.792 ns between i_ariane/gen_hdec_coprocessor.i_hdec_coprocessor/i_hdec_top/ecc_fold_word_q_reg[1]/C (clocked by sys_clk) and i_ariane/gen_hdec_coprocessor.i_hdec_coprocessor/i_hdec_top/ecc_leaf128_prod_q_reg[1]/CE (clocked by sys_clk). Large setup violations at the end of those stages might be difficult to fix during the post-placement implementation flow and could be the result of non-optimal XDC constraints or non-optimal design architecture
Related violations: <none>

TIMING-16#471 Warning
Large setup violation  
There is a large setup violation of -1.792 ns between i_ariane/gen_hdec_coprocessor.i_hdec_coprocessor/i_hdec_top/ecc_fold_word_q_reg[1]/C (clocked by sys_clk) and i_ariane/gen_hdec_coprocessor.i_hdec_coprocessor/i_hdec_top/ecc_leaf128_prod_q_reg[34]/CE (clocked by sys_clk). Large setup violations at the end of those stages might be difficult to fix during the post-placement implementation flow and could be the result of non-optimal XDC constraints or non-optimal design architecture
Related violations: <none>

TIMING-16#472 Warning
Large setup violation  
There is a large setup violation of -1.792 ns between i_ariane/gen_hdec_coprocessor.i_hdec_coprocessor/i_hdec_top/ecc_fold_word_q_reg[1]/C (clocked by sys_clk) and i_ariane/gen_hdec_coprocessor.i_hdec_coprocessor/i_hdec_top/ecc_leaf128_prod_q_reg[65]/CE (clocked by sys_clk). Large setup violations at the end of those stages might be difficult to fix during the post-placement implementation flow and could be the result of non-optimal XDC constraints or non-optimal design architecture
Related violations: <none>

TIMING-16#473 Warning
Large setup violation  
There is a large setup violation of -1.793 ns between i_ariane/gen_hdec_coprocessor.i_hdec_coprocessor/i_hdec_top/uop_p3_q_reg[subgroup_idx][1]_rep/C (clocked by sys_clk) and i_ariane/gen_hdec_coprocessor.i_hdec_coprocessor/i_hdec_top/hdc_src0_q_reg[3][4]/CE (clocked by sys_clk). Large setup violations at the end of those stages might be difficult to fix during the post-placement implementation flow and could be the result of non-optimal XDC constraints or non-optimal design architecture
Related violations: <none>

TIMING-16#474 Warning
Large setup violation  
There is a large setup violation of -1.795 ns between i_ariane/gen_hdec_coprocessor.i_hdec_coprocessor/i_hdec_top/ecc_autoreduce_q_reg/C (clocked by sys_clk) and i_ariane/gen_hdec_coprocessor.i_hdec_coprocessor/i_hdec_top/hdc_src0_q_reg[2][31]/CE (clocked by sys_clk). Large setup violations at the end of those stages might be difficult to fix during the post-placement implementation flow and could be the result of non-optimal XDC constraints or non-optimal design architecture
Related violations: <none>

TIMING-16#475 Warning
Large setup violation  
There is a large setup violation of -1.796 ns between i_ariane/gen_hdec_coprocessor.i_hdec_coprocessor/i_hdec_top/hperm_lane_slot_q_reg[1]/C (clocked by sys_clk) and i_ariane/gen_hdec_coprocessor.i_hdec_coprocessor/i_hdec_top/hperm_stage_q_reg[21]/D (clocked by sys_clk). Large setup violations at the end of those stages might be difficult to fix during the post-placement implementation flow and could be the result of non-optimal XDC constraints or non-optimal design architecture
Related violations: <none>

TIMING-16#476 Warning
Large setup violation  
There is a large setup violation of -1.796 ns between i_ariane/gen_hdec_coprocessor.i_hdec_coprocessor/i_hdec_top/i_vrf/gen_bank[2].vrf_mem_reg/CLKARDCLK (clocked by sys_clk) and i_ariane/gen_hdec_coprocessor.i_hdec_coprocessor/i_hdec_top/i_vec/payload_q_reg[2][9]/D (clocked by sys_clk). Large setup violations at the end of those stages might be difficult to fix during the post-placement implementation flow and could be the result of non-optimal XDC constraints or non-optimal design architecture
Related violations: <none>

TIMING-16#477 Warning
Large setup violation  
There is a large setup violation of -1.797 ns between i_ariane/gen_hdec_coprocessor.i_hdec_coprocessor/i_hdec_top/uop_p2_q_reg[op_type][1]/C (clocked by sys_clk) and i_ariane/gen_hdec_coprocessor.i_hdec_coprocessor/i_hdec_top/i_vec/payload_q_reg[0][46]/CE (clocked by sys_clk). Large setup violations at the end of those stages might be difficult to fix during the post-placement implementation flow and could be the result of non-optimal XDC constraints or non-optimal design architecture
Related violations: <none>

TIMING-16#478 Warning
Large setup violation  
There is a large setup violation of -1.797 ns between i_ariane/gen_hdec_coprocessor.i_hdec_coprocessor/i_hdec_top/uop_p2_q_reg[op_type][1]/C (clocked by sys_clk) and i_ariane/gen_hdec_coprocessor.i_hdec_coprocessor/i_hdec_top/i_vec/payload_q_reg[0][62]/CE (clocked by sys_clk). Large setup violations at the end of those stages might be difficult to fix during the post-placement implementation flow and could be the result of non-optimal XDC constraints or non-optimal design architecture
Related violations: <none>

TIMING-16#479 Warning
Large setup violation  
There is a large setup violation of -1.804 ns between i_ariane/gen_hdec_coprocessor.i_hdec_coprocessor/i_hdec_top/FSM_onehot_st_q_reg[15]_rep__1/C (clocked by sys_clk) and i_ariane/gen_hdec_coprocessor.i_hdec_coprocessor/i_hdec_top/i_vrf/gen_bank[0].vrf_mem_reg/DIBDI[19] (clocked by sys_clk). Large setup violations at the end of those stages might be difficult to fix during the post-placement implementation flow and could be the result of non-optimal XDC constraints or non-optimal design architecture
Related violations: <none>

TIMING-16#480 Warning
Large setup violation  
There is a large setup violation of -1.804 ns between i_ariane/gen_hdec_coprocessor.i_hdec_coprocessor/i_hdec_top/FSM_onehot_st_q_reg[41]/C (clocked by sys_clk) and i_ariane/gen_hdec_coprocessor.i_hdec_coprocessor/i_hdec_top/FSM_onehot_st_q_reg[47]/CE (clocked by sys_clk). Large setup violations at the end of those stages might be difficult to fix during the post-placement implementation flow and could be the result of non-optimal XDC constraints or non-optimal design architecture
Related violations: <none>

TIMING-16#481 Warning
Large setup violation  
There is a large setup violation of -1.805 ns between i_ariane/gen_hdec_coprocessor.i_hdec_coprocessor/i_hdec_top/hperm_lane_slot_q_reg[1]/C (clocked by sys_clk) and i_ariane/gen_hdec_coprocessor.i_hdec_coprocessor/i_hdec_top/hperm_stage_q_reg[66]/D (clocked by sys_clk). Large setup violations at the end of those stages might be difficult to fix during the post-placement implementation flow and could be the result of non-optimal XDC constraints or non-optimal design architecture
Related violations: <none>

TIMING-16#482 Warning
Large setup violation  
There is a large setup violation of -1.805 ns between i_ariane/gen_hdec_coprocessor.i_hdec_coprocessor/i_hdec_top/i_vrf/gen_bank[2].vrf_mem_reg/CLKARDCLK (clocked by sys_clk) and i_ariane/gen_hdec_coprocessor.i_hdec_coprocessor/i_hdec_top/i_vec/payload_q_reg[2][10]/D (clocked by sys_clk). Large setup violations at the end of those stages might be difficult to fix during the post-placement implementation flow and could be the result of non-optimal XDC constraints or non-optimal design architecture
Related violations: <none>

TIMING-16#483 Warning
Large setup violation  
There is a large setup violation of -1.808 ns between i_ariane/gen_hdec_coprocessor.i_hdec_coprocessor/i_hdec_top/FSM_onehot_st_q_reg[45]/C (clocked by sys_clk) and i_ariane/gen_hdec_coprocessor.i_hdec_coprocessor/i_hdec_top/i_vrf/gen_bank[1].vrf_mem_reg/DIADI[10] (clocked by sys_clk). Large setup violations at the end of those stages might be difficult to fix during the post-placement implementation flow and could be the result of non-optimal XDC constraints or non-optimal design architecture
Related violations: <none>

TIMING-16#484 Warning
Large setup violation  
There is a large setup violation of -1.808 ns between i_ariane/gen_hdec_coprocessor.i_hdec_coprocessor/i_hdec_top/ecc_fold_word_q_reg[0]/C (clocked by sys_clk) and i_ariane/gen_hdec_coprocessor.i_hdec_coprocessor/i_hdec_top/hdc_src0_q_reg[2][30]/D (clocked by sys_clk). Large setup violations at the end of those stages might be difficult to fix during the post-placement implementation flow and could be the result of non-optimal XDC constraints or non-optimal design architecture
Related violations: <none>

TIMING-16#485 Warning
Large setup violation  
There is a large setup violation of -1.810 ns between i_ariane/gen_hdec_coprocessor.i_hdec_coprocessor/i_hdec_top/hperm_lane_slot_q_reg[1]/C (clocked by sys_clk) and i_ariane/gen_hdec_coprocessor.i_hdec_coprocessor/i_hdec_top/hperm_stage_q_reg[42]/D (clocked by sys_clk). Large setup violations at the end of those stages might be difficult to fix during the post-placement implementation flow and could be the result of non-optimal XDC constraints or non-optimal design architecture
Related violations: <none>

TIMING-16#486 Warning
Large setup violation  
There is a large setup violation of -1.814 ns between i_ariane/gen_hdec_coprocessor.i_hdec_coprocessor/i_hdec_top/ecc_fold_word_q_reg[1]/C (clocked by sys_clk) and i_ariane/gen_hdec_coprocessor.i_hdec_coprocessor/i_hdec_top/hdc_src0_q_reg[2][3]/D (clocked by sys_clk). Large setup violations at the end of those stages might be difficult to fix during the post-placement implementation flow and could be the result of non-optimal XDC constraints or non-optimal design architecture
Related violations: <none>

TIMING-16#487 Warning
Large setup violation  
There is a large setup violation of -1.814 ns between i_ariane/gen_hdec_coprocessor.i_hdec_coprocessor/i_hdec_top/hperm_lane_slot_q_reg[1]/C (clocked by sys_clk) and i_ariane/gen_hdec_coprocessor.i_hdec_coprocessor/i_hdec_top/hperm_stage_q_reg[15]/D (clocked by sys_clk). Large setup violations at the end of those stages might be difficult to fix during the post-placement implementation flow and could be the result of non-optimal XDC constraints or non-optimal design architecture
Related violations: <none>

TIMING-16#488 Warning
Large setup violation  
There is a large setup violation of -1.815 ns between i_ariane/gen_hdec_coprocessor.i_hdec_coprocessor/i_hdec_top/uop_p2_q_reg[op_type][1]/C (clocked by sys_clk) and i_ariane/gen_hdec_coprocessor.i_hdec_coprocessor/i_hdec_top/i_vec/payload_q_reg[0][29]/CE (clocked by sys_clk). Large setup violations at the end of those stages might be difficult to fix during the post-placement implementation flow and could be the result of non-optimal XDC constraints or non-optimal design architecture
Related violations: <none>

TIMING-16#489 Warning
Large setup violation  
There is a large setup violation of -1.815 ns between i_ariane/gen_hdec_coprocessor.i_hdec_coprocessor/i_hdec_top/uop_p2_q_reg[op_type][1]/C (clocked by sys_clk) and i_ariane/gen_hdec_coprocessor.i_hdec_coprocessor/i_hdec_top/i_vec/payload_q_reg[0][30]/CE (clocked by sys_clk). Large setup violations at the end of those stages might be difficult to fix during the post-placement implementation flow and could be the result of non-optimal XDC constraints or non-optimal design architecture
Related violations: <none>

TIMING-16#490 Warning
Large setup violation  
There is a large setup violation of -1.818 ns between i_ariane/gen_hdec_coprocessor.i_hdec_coprocessor/i_hdec_top/FSM_onehot_st_q_reg[41]/C (clocked by sys_clk) and i_ariane/gen_hdec_coprocessor.i_hdec_coprocessor/i_hdec_top/FSM_onehot_st_q_reg[15]_rep/CE (clocked by sys_clk). Large setup violations at the end of those stages might be difficult to fix during the post-placement implementation flow and could be the result of non-optimal XDC constraints or non-optimal design architecture
Related violations: <none>

TIMING-16#491 Warning
Large setup violation  
There is a large setup violation of -1.818 ns between i_ariane/gen_hdec_coprocessor.i_hdec_coprocessor/i_hdec_top/FSM_onehot_st_q_reg[41]/C (clocked by sys_clk) and i_ariane/gen_hdec_coprocessor.i_hdec_coprocessor/i_hdec_top/FSM_onehot_st_q_reg[15]_rep__0/CE (clocked by sys_clk). Large setup violations at the end of those stages might be difficult to fix during the post-placement implementation flow and could be the result of non-optimal XDC constraints or non-optimal design architecture
Related violations: <none>

TIMING-16#492 Warning
Large setup violation  
There is a large setup violation of -1.818 ns between i_ariane/gen_hdec_coprocessor.i_hdec_coprocessor/i_hdec_top/FSM_onehot_st_q_reg[41]/C (clocked by sys_clk) and i_ariane/gen_hdec_coprocessor.i_hdec_coprocessor/i_hdec_top/FSM_onehot_st_q_reg[15]_rep__1/CE (clocked by sys_clk). Large setup violations at the end of those stages might be difficult to fix during the post-placement implementation flow and could be the result of non-optimal XDC constraints or non-optimal design architecture
Related violations: <none>

TIMING-16#493 Warning
Large setup violation  
There is a large setup violation of -1.827 ns between i_ariane/gen_hdec_coprocessor.i_hdec_coprocessor/i_hdec_top/FSM_onehot_st_q_reg[44]/C (clocked by sys_clk) and i_ariane/gen_hdec_coprocessor.i_hdec_coprocessor/i_hdec_top/ecc_leaf_b_q_reg[22]/D (clocked by sys_clk). Large setup violations at the end of those stages might be difficult to fix during the post-placement implementation flow and could be the result of non-optimal XDC constraints or non-optimal design architecture
Related violations: <none>

TIMING-16#494 Warning
Large setup violation  
There is a large setup violation of -1.828 ns between i_ariane/gen_hdec_coprocessor.i_hdec_coprocessor/i_hdec_top/ecc_fold_word_q_reg[1]/C (clocked by sys_clk) and i_ariane/gen_hdec_coprocessor.i_hdec_coprocessor/i_hdec_top/hdc_src0_q_reg[1][22]/D (clocked by sys_clk). Large setup violations at the end of those stages might be difficult to fix during the post-placement implementation flow and could be the result of non-optimal XDC constraints or non-optimal design architecture
Related violations: <none>

TIMING-16#495 Warning
Large setup violation  
There is a large setup violation of -1.834 ns between i_ariane/gen_hdec_coprocessor.i_hdec_coprocessor/i_hdec_top/uop_p3_q_reg[op_type][2]/C (clocked by sys_clk) and i_ariane/gen_hdec_coprocessor.i_hdec_coprocessor/i_hdec_top/hdc_src0_q_reg[1][21]/CE (clocked by sys_clk). Large setup violations at the end of those stages might be difficult to fix during the post-placement implementation flow and could be the result of non-optimal XDC constraints or non-optimal design architecture
Related violations: <none>

TIMING-16#496 Warning
Large setup violation  
There is a large setup violation of -1.834 ns between i_ariane/gen_hdec_coprocessor.i_hdec_coprocessor/i_hdec_top/uop_p3_q_reg[op_type][2]/C (clocked by sys_clk) and i_ariane/gen_hdec_coprocessor.i_hdec_coprocessor/i_hdec_top/hdc_src0_q_reg[1][22]/CE (clocked by sys_clk). Large setup violations at the end of those stages might be difficult to fix during the post-placement implementation flow and could be the result of non-optimal XDC constraints or non-optimal design architecture
Related violations: <none>

TIMING-16#497 Warning
Large setup violation  
There is a large setup violation of -1.841 ns between i_ariane/gen_hdec_coprocessor.i_hdec_coprocessor/i_hdec_top/FSM_onehot_st_q_reg[1]_rep__0/C (clocked by sys_clk) and i_ariane/gen_hdec_coprocessor.i_hdec_coprocessor/i_hdec_top/i_vrf/gen_bank[2].vrf_mem_reg/DIADI[7] (clocked by sys_clk). Large setup violations at the end of those stages might be difficult to fix during the post-placement implementation flow and could be the result of non-optimal XDC constraints or non-optimal design architecture
Related violations: <none>

TIMING-16#498 Warning
Large setup violation  
There is a large setup violation of -1.847 ns between i_ariane/gen_hdec_coprocessor.i_hdec_coprocessor/i_hdec_top/ecc_fold_word_q_reg[1]/C (clocked by sys_clk) and i_ariane/gen_hdec_coprocessor.i_hdec_coprocessor/i_hdec_top/ecc_leaf_b_q_reg[29]/CE (clocked by sys_clk). Large setup violations at the end of those stages might be difficult to fix during the post-placement implementation flow and could be the result of non-optimal XDC constraints or non-optimal design architecture
Related violations: <none>

TIMING-16#499 Warning
Large setup violation  
There is a large setup violation of -1.847 ns between i_ariane/gen_hdec_coprocessor.i_hdec_coprocessor/i_hdec_top/hperm_lane_slot_q_reg[1]/C (clocked by sys_clk) and i_ariane/gen_hdec_coprocessor.i_hdec_coprocessor/i_hdec_top/hperm_stage_q_reg[53]/D (clocked by sys_clk). Large setup violations at the end of those stages might be difficult to fix during the post-placement implementation flow and could be the result of non-optimal XDC constraints or non-optimal design architecture
Related violations: <none>

TIMING-16#500 Warning
Large setup violation  
There is a large setup violation of -1.849 ns between i_ariane/gen_hdec_coprocessor.i_hdec_coprocessor/i_hdec_top/ecc_fold_word_q_reg[1]/C (clocked by sys_clk) and i_ariane/gen_hdec_coprocessor.i_hdec_coprocessor/i_hdec_top/hdc_src0_q_reg[2][1]/D (clocked by sys_clk). Large setup violations at the end of those stages might be difficult to fix during the post-placement implementation flow and could be the result of non-optimal XDC constraints or non-optimal design architecture
Related violations: <none>

TIMING-16#501 Warning
Large setup violation  
There is a large setup violation of -1.849 ns between i_ariane/gen_hdec_coprocessor.i_hdec_coprocessor/i_hdec_top/hperm_lane_slot_q_reg[1]/C (clocked by sys_clk) and i_ariane/gen_hdec_coprocessor.i_hdec_coprocessor/i_hdec_top/hperm_stage_q_reg[50]/D (clocked by sys_clk). Large setup violations at the end of those stages might be difficult to fix during the post-placement implementation flow and could be the result of non-optimal XDC constraints or non-optimal design architecture
Related violations: <none>

TIMING-16#502 Warning
Large setup violation  
There is a large setup violation of -1.852 ns between i_ariane/gen_hdec_coprocessor.i_hdec_coprocessor/i_hdec_top/hperm_lane_slot_q_reg[1]/C (clocked by sys_clk) and i_ariane/gen_hdec_coprocessor.i_hdec_coprocessor/i_hdec_top/hperm_stage_q_reg[59]/D (clocked by sys_clk). Large setup violations at the end of those stages might be difficult to fix during the post-placement implementation flow and could be the result of non-optimal XDC constraints or non-optimal design architecture
Related violations: <none>

TIMING-16#503 Warning
Large setup violation  
There is a large setup violation of -1.858 ns between i_ariane/gen_hdec_coprocessor.i_hdec_coprocessor/i_hdec_top/FSM_onehot_st_q_reg[41]/C (clocked by sys_clk) and i_ariane/gen_hdec_coprocessor.i_hdec_coprocessor/i_hdec_top/FSM_onehot_st_q_reg[2]/CE (clocked by sys_clk). Large setup violations at the end of those stages might be difficult to fix during the post-placement implementation flow and could be the result of non-optimal XDC constraints or non-optimal design architecture
Related violations: <none>

TIMING-16#504 Warning
Large setup violation  
There is a large setup violation of -1.859 ns between i_ariane/gen_hdec_coprocessor.i_hdec_coprocessor/i_hdec_top/FSM_onehot_st_q_reg[41]/C (clocked by sys_clk) and i_ariane/gen_hdec_coprocessor.i_hdec_coprocessor/i_hdec_top/FSM_onehot_st_q_reg[31]/CE (clocked by sys_clk). Large setup violations at the end of those stages might be difficult to fix during the post-placement implementation flow and could be the result of non-optimal XDC constraints or non-optimal design architecture
Related violations: <none>

TIMING-16#505 Warning
Large setup violation  
There is a large setup violation of -1.859 ns between i_ariane/gen_hdec_coprocessor.i_hdec_coprocessor/i_hdec_top/FSM_onehot_st_q_reg[41]/C (clocked by sys_clk) and i_ariane/gen_hdec_coprocessor.i_hdec_coprocessor/i_hdec_top/FSM_onehot_st_q_reg[36]/CE (clocked by sys_clk). Large setup violations at the end of those stages might be difficult to fix during the post-placement implementation flow and could be the result of non-optimal XDC constraints or non-optimal design architecture
Related violations: <none>

TIMING-16#506 Warning
Large setup violation  
There is a large setup violation of -1.860 ns between i_ariane/gen_hdec_coprocessor.i_hdec_coprocessor/i_hdec_top/FSM_onehot_st_q_reg[41]/C (clocked by sys_clk) and i_ariane/gen_hdec_coprocessor.i_hdec_coprocessor/i_hdec_top/FSM_onehot_st_q_reg[15]_rep__2/CE (clocked by sys_clk). Large setup violations at the end of those stages might be difficult to fix during the post-placement implementation flow and could be the result of non-optimal XDC constraints or non-optimal design architecture
Related violations: <none>

TIMING-16#507 Warning
Large setup violation  
There is a large setup violation of -1.860 ns between i_ariane/gen_hdec_coprocessor.i_hdec_coprocessor/i_hdec_top/FSM_onehot_st_q_reg[41]/C (clocked by sys_clk) and i_ariane/gen_hdec_coprocessor.i_hdec_coprocessor/i_hdec_top/FSM_onehot_st_q_reg[17]/CE (clocked by sys_clk). Large setup violations at the end of those stages might be difficult to fix during the post-placement implementation flow and could be the result of non-optimal XDC constraints or non-optimal design architecture
Related violations: <none>

TIMING-16#508 Warning
Large setup violation  
There is a large setup violation of -1.860 ns between i_ariane/gen_hdec_coprocessor.i_hdec_coprocessor/i_hdec_top/FSM_onehot_st_q_reg[41]/C (clocked by sys_clk) and i_ariane/gen_hdec_coprocessor.i_hdec_coprocessor/i_hdec_top/FSM_onehot_st_q_reg[44]/CE (clocked by sys_clk). Large setup violations at the end of those stages might be difficult to fix during the post-placement implementation flow and could be the result of non-optimal XDC constraints or non-optimal design architecture
Related violations: <none>

TIMING-16#509 Warning
Large setup violation  
There is a large setup violation of -1.860 ns between i_ariane/gen_hdec_coprocessor.i_hdec_coprocessor/i_hdec_top/FSM_onehot_st_q_reg[44]/C (clocked by sys_clk) and i_ariane/gen_hdec_coprocessor.i_hdec_coprocessor/i_hdec_top/ecc_leaf_a_q_reg[26]/D (clocked by sys_clk). Large setup violations at the end of those stages might be difficult to fix during the post-placement implementation flow and could be the result of non-optimal XDC constraints or non-optimal design architecture
Related violations: <none>

TIMING-16#510 Warning
Large setup violation  
There is a large setup violation of -1.860 ns between i_ariane/gen_hdec_coprocessor.i_hdec_coprocessor/i_hdec_top/FSM_onehot_st_q_reg[44]/C (clocked by sys_clk) and i_ariane/gen_hdec_coprocessor.i_hdec_coprocessor/i_hdec_top/ecc_leaf_b_q_reg[26]/D (clocked by sys_clk). Large setup violations at the end of those stages might be difficult to fix during the post-placement implementation flow and could be the result of non-optimal XDC constraints or non-optimal design architecture
Related violations: <none>

TIMING-16#511 Warning
Large setup violation  
There is a large setup violation of -1.860 ns between i_ariane/gen_hdec_coprocessor.i_hdec_coprocessor/i_hdec_top/FSM_onehot_st_q_reg[45]/C (clocked by sys_clk) and i_ariane/gen_hdec_coprocessor.i_hdec_coprocessor/i_hdec_top/i_vrf/gen_bank[0].vrf_mem_reg/DIADI[12] (clocked by sys_clk). Large setup violations at the end of those stages might be difficult to fix during the post-placement implementation flow and could be the result of non-optimal XDC constraints or non-optimal design architecture
Related violations: <none>

TIMING-16#512 Warning
Large setup violation  
There is a large setup violation of -1.862 ns between i_ariane/gen_hdec_coprocessor.i_hdec_coprocessor/i_hdec_top/FSM_onehot_st_q_reg[44]/C (clocked by sys_clk) and i_ariane/gen_hdec_coprocessor.i_hdec_coprocessor/i_hdec_top/ecc_leaf_b_q_reg[4]/D (clocked by sys_clk). Large setup violations at the end of those stages might be difficult to fix during the post-placement implementation flow and could be the result of non-optimal XDC constraints or non-optimal design architecture
Related violations: <none>

TIMING-16#513 Warning
Large setup violation  
There is a large setup violation of -1.870 ns between i_ariane/gen_hdec_coprocessor.i_hdec_coprocessor/i_hdec_top/FSM_onehot_st_q_reg[41]/C (clocked by sys_clk) and i_ariane/gen_hdec_coprocessor.i_hdec_coprocessor/i_hdec_top/FSM_onehot_st_q_reg[21]/CE (clocked by sys_clk). Large setup violations at the end of those stages might be difficult to fix during the post-placement implementation flow and could be the result of non-optimal XDC constraints or non-optimal design architecture
Related violations: <none>

TIMING-16#514 Warning
Large setup violation  
There is a large setup violation of -1.870 ns between i_ariane/gen_hdec_coprocessor.i_hdec_coprocessor/i_hdec_top/FSM_onehot_st_q_reg[41]/C (clocked by sys_clk) and i_ariane/gen_hdec_coprocessor.i_hdec_coprocessor/i_hdec_top/FSM_onehot_st_q_reg[4]/CE (clocked by sys_clk). Large setup violations at the end of those stages might be difficult to fix during the post-placement implementation flow and could be the result of non-optimal XDC constraints or non-optimal design architecture
Related violations: <none>

TIMING-16#515 Warning
Large setup violation  
There is a large setup violation of -1.870 ns between i_ariane/gen_hdec_coprocessor.i_hdec_coprocessor/i_hdec_top/ecc_autoreduce_q_reg/C (clocked by sys_clk) and i_ariane/gen_hdec_coprocessor.i_hdec_coprocessor/i_hdec_top/hdc_src0_q_reg[3][29]/CE (clocked by sys_clk). Large setup violations at the end of those stages might be difficult to fix during the post-placement implementation flow and could be the result of non-optimal XDC constraints or non-optimal design architecture
Related violations: <none>

TIMING-16#516 Warning
Large setup violation  
There is a large setup violation of -1.877 ns between i_ariane/gen_hdec_coprocessor.i_hdec_coprocessor/i_hdec_top/FSM_onehot_st_q_reg[41]/C (clocked by sys_clk) and i_ariane/gen_hdec_coprocessor.i_hdec_coprocessor/i_hdec_top/FSM_onehot_st_q_reg[23]/CE (clocked by sys_clk). Large setup violations at the end of those stages might be difficult to fix during the post-placement implementation flow and could be the result of non-optimal XDC constraints or non-optimal design architecture
Related violations: <none>

TIMING-16#517 Warning
Large setup violation  
There is a large setup violation of -1.877 ns between i_ariane/gen_hdec_coprocessor.i_hdec_coprocessor/i_hdec_top/FSM_onehot_st_q_reg[41]/C (clocked by sys_clk) and i_ariane/gen_hdec_coprocessor.i_hdec_coprocessor/i_hdec_top/FSM_onehot_st_q_reg[32]/CE (clocked by sys_clk). Large setup violations at the end of those stages might be difficult to fix during the post-placement implementation flow and could be the result of non-optimal XDC constraints or non-optimal design architecture
Related violations: <none>

TIMING-16#518 Warning
Large setup violation  
There is a large setup violation of -1.884 ns between i_ariane/gen_hdec_coprocessor.i_hdec_coprocessor/i_hdec_top/uop_p2_q_reg[op_type][1]/C (clocked by sys_clk) and i_ariane/gen_hdec_coprocessor.i_hdec_coprocessor/i_hdec_top/i_vec/payload_q_reg[0][7]/CE (clocked by sys_clk). Large setup violations at the end of those stages might be difficult to fix during the post-placement implementation flow and could be the result of non-optimal XDC constraints or non-optimal design architecture
Related violations: <none>

TIMING-16#519 Warning
Large setup violation  
There is a large setup violation of -1.888 ns between i_ariane/gen_hdec_coprocessor.i_hdec_coprocessor/i_hdec_top/FSM_onehot_st_q_reg[44]/C (clocked by sys_clk) and i_ariane/gen_hdec_coprocessor.i_hdec_coprocessor/i_hdec_top/ecc_leaf_xor_a_q_reg[28]/D (clocked by sys_clk). Large setup violations at the end of those stages might be difficult to fix during the post-placement implementation flow and could be the result of non-optimal XDC constraints or non-optimal design architecture
Related violations: <none>

TIMING-16#520 Warning
Large setup violation  
There is a large setup violation of -1.888 ns between i_ariane/gen_hdec_coprocessor.i_hdec_coprocessor/i_hdec_top/ecc_fold_word_q_reg[1]/C (clocked by sys_clk) and i_ariane/gen_hdec_coprocessor.i_hdec_coprocessor/i_hdec_top/ecc_leaf128_prod_q_reg[10]/CE (clocked by sys_clk). Large setup violations at the end of those stages might be difficult to fix during the post-placement implementation flow and could be the result of non-optimal XDC constraints or non-optimal design architecture
Related violations: <none>

TIMING-16#521 Warning
Large setup violation  
There is a large setup violation of -1.888 ns between i_ariane/gen_hdec_coprocessor.i_hdec_coprocessor/i_hdec_top/ecc_fold_word_q_reg[1]/C (clocked by sys_clk) and i_ariane/gen_hdec_coprocessor.i_hdec_coprocessor/i_hdec_top/ecc_leaf128_prod_q_reg[2]/CE (clocked by sys_clk). Large setup violations at the end of those stages might be difficult to fix during the post-placement implementation flow and could be the result of non-optimal XDC constraints or non-optimal design architecture
Related violations: <none>

TIMING-16#522 Warning
Large setup violation  
There is a large setup violation of -1.888 ns between i_ariane/gen_hdec_coprocessor.i_hdec_coprocessor/i_hdec_top/i_vrf/gen_bank[3].vrf_mem_reg/CLKARDCLK (clocked by sys_clk) and i_ariane/gen_hdec_coprocessor.i_hdec_coprocessor/i_hdec_top/ecc_leaf_xor_b_q_reg[17]/D (clocked by sys_clk). Large setup violations at the end of those stages might be difficult to fix during the post-placement implementation flow and could be the result of non-optimal XDC constraints or non-optimal design architecture
Related violations: <none>

TIMING-16#523 Warning
Large setup violation  
There is a large setup violation of -1.888 ns between i_ariane/gen_hdec_coprocessor.i_hdec_coprocessor/i_hdec_top/uop_p3_q_reg[subgroup_idx][1]_rep/C (clocked by sys_clk) and i_ariane/gen_hdec_coprocessor.i_hdec_coprocessor/i_hdec_top/hdc_src0_q_reg[0][43]/CE (clocked by sys_clk). Large setup violations at the end of those stages might be difficult to fix during the post-placement implementation flow and could be the result of non-optimal XDC constraints or non-optimal design architecture
Related violations: <none>

TIMING-16#524 Warning
Large setup violation  
There is a large setup violation of -1.888 ns between i_ariane/gen_hdec_coprocessor.i_hdec_coprocessor/i_hdec_top/uop_p3_q_reg[subgroup_idx][1]_rep/C (clocked by sys_clk) and i_ariane/gen_hdec_coprocessor.i_hdec_coprocessor/i_hdec_top/hdc_src0_q_reg[1][46]/CE (clocked by sys_clk). Large setup violations at the end of those stages might be difficult to fix during the post-placement implementation flow and could be the result of non-optimal XDC constraints or non-optimal design architecture
Related violations: <none>

TIMING-16#525 Warning
Large setup violation  
There is a large setup violation of -1.893 ns between i_ariane/gen_hdec_coprocessor.i_hdec_coprocessor/i_hdec_top/FSM_onehot_st_q_reg[44]/C (clocked by sys_clk) and i_ariane/gen_hdec_coprocessor.i_hdec_coprocessor/i_hdec_top/ecc_leaf_b_q_reg[5]/D (clocked by sys_clk). Large setup violations at the end of those stages might be difficult to fix during the post-placement implementation flow and could be the result of non-optimal XDC constraints or non-optimal design architecture
Related violations: <none>

TIMING-16#526 Warning
Large setup violation  
There is a large setup violation of -1.894 ns between i_ariane/gen_hdec_coprocessor.i_hdec_coprocessor/i_hdec_top/ecc_fold_word_q_reg[1]/C (clocked by sys_clk) and i_ariane/gen_hdec_coprocessor.i_hdec_coprocessor/i_hdec_top/hdc_src0_q_reg[0][58]/D (clocked by sys_clk). Large setup violations at the end of those stages might be difficult to fix during the post-placement implementation flow and could be the result of non-optimal XDC constraints or non-optimal design architecture
Related violations: <none>

TIMING-16#527 Warning
Large setup violation  
There is a large setup violation of -1.896 ns between i_ariane/gen_hdec_coprocessor.i_hdec_coprocessor/i_hdec_top/FSM_onehot_st_q_reg[41]/C (clocked by sys_clk) and i_ariane/gen_hdec_coprocessor.i_hdec_coprocessor/i_hdec_top/FSM_onehot_st_q_reg[3]/CE (clocked by sys_clk). Large setup violations at the end of those stages might be difficult to fix during the post-placement implementation flow and could be the result of non-optimal XDC constraints or non-optimal design architecture
Related violations: <none>

TIMING-16#528 Warning
Large setup violation  
There is a large setup violation of -1.897 ns between i_ariane/gen_hdec_coprocessor.i_hdec_coprocessor/i_hdec_top/ecc_fold_word_q_reg[1]/C (clocked by sys_clk) and i_ariane/gen_hdec_coprocessor.i_hdec_coprocessor/i_hdec_top/hdc_src0_q_reg[3][17]/D (clocked by sys_clk). Large setup violations at the end of those stages might be difficult to fix during the post-placement implementation flow and could be the result of non-optimal XDC constraints or non-optimal design architecture
Related violations: <none>

TIMING-16#529 Warning
Large setup violation  
There is a large setup violation of -1.901 ns between i_ariane/gen_hdec_coprocessor.i_hdec_coprocessor/i_hdec_top/FSM_onehot_st_q_reg[44]/C (clocked by sys_clk) and i_ariane/gen_hdec_coprocessor.i_hdec_coprocessor/i_hdec_top/ecc_leaf_xor_b_q_reg[28]/D (clocked by sys_clk). Large setup violations at the end of those stages might be difficult to fix during the post-placement implementation flow and could be the result of non-optimal XDC constraints or non-optimal design architecture
Related violations: <none>

TIMING-16#530 Warning
Large setup violation  
There is a large setup violation of -1.901 ns between i_ariane/gen_hdec_coprocessor.i_hdec_coprocessor/i_hdec_top/ecc_fold_word_q_reg[0]/C (clocked by sys_clk) and i_ariane/gen_hdec_coprocessor.i_hdec_coprocessor/i_hdec_top/hdc_src0_q_reg[1][28]/D (clocked by sys_clk). Large setup violations at the end of those stages might be difficult to fix during the post-placement implementation flow and could be the result of non-optimal XDC constraints or non-optimal design architecture
Related violations: <none>

TIMING-16#531 Warning
Large setup violation  
There is a large setup violation of -1.902 ns between i_ariane/gen_hdec_coprocessor.i_hdec_coprocessor/i_hdec_top/hperm_lane_slot_q_reg[1]/C (clocked by sys_clk) and i_ariane/gen_hdec_coprocessor.i_hdec_coprocessor/i_hdec_top/hperm_stage_q_reg[69]/D (clocked by sys_clk). Large setup violations at the end of those stages might be difficult to fix during the post-placement implementation flow and could be the result of non-optimal XDC constraints or non-optimal design architecture
Related violations: <none>

TIMING-16#532 Warning
Large setup violation  
There is a large setup violation of -1.908 ns between i_ariane/gen_hdec_coprocessor.i_hdec_coprocessor/i_hdec_top/ecc_fold_word_q_reg[1]/C (clocked by sys_clk) and i_ariane/gen_hdec_coprocessor.i_hdec_coprocessor/i_hdec_top/ecc_leaf128_prod_q_reg[106]/CE (clocked by sys_clk). Large setup violations at the end of those stages might be difficult to fix during the post-placement implementation flow and could be the result of non-optimal XDC constraints or non-optimal design architecture
Related violations: <none>

TIMING-16#533 Warning
Large setup violation  
There is a large setup violation of -1.908 ns between i_ariane/gen_hdec_coprocessor.i_hdec_coprocessor/i_hdec_top/ecc_fold_word_q_reg[1]/C (clocked by sys_clk) and i_ariane/gen_hdec_coprocessor.i_hdec_coprocessor/i_hdec_top/ecc_leaf128_prod_q_reg[42]/CE (clocked by sys_clk). Large setup violations at the end of those stages might be difficult to fix during the post-placement implementation flow and could be the result of non-optimal XDC constraints or non-optimal design architecture
Related violations: <none>

TIMING-16#534 Warning
Large setup violation  
There is a large setup violation of -1.908 ns between i_ariane/gen_hdec_coprocessor.i_hdec_coprocessor/i_hdec_top/ecc_fold_word_q_reg[1]/C (clocked by sys_clk) and i_ariane/gen_hdec_coprocessor.i_hdec_coprocessor/i_hdec_top/ecc_leaf128_prod_q_reg[74]/CE (clocked by sys_clk). Large setup violations at the end of those stages might be difficult to fix during the post-placement implementation flow and could be the result of non-optimal XDC constraints or non-optimal design architecture
Related violations: <none>

TIMING-16#535 Warning
Large setup violation  
There is a large setup violation of -1.909 ns between i_ariane/gen_hdec_coprocessor.i_hdec_coprocessor/i_hdec_top/uop_p3_q_reg[subgroup_idx][1]_rep/C (clocked by sys_clk) and i_ariane/gen_hdec_coprocessor.i_hdec_coprocessor/i_hdec_top/hdc_src0_q_reg[2][11]/CE (clocked by sys_clk). Large setup violations at the end of those stages might be difficult to fix during the post-placement implementation flow and could be the result of non-optimal XDC constraints or non-optimal design architecture
Related violations: <none>

TIMING-16#536 Warning
Large setup violation  
There is a large setup violation of -1.909 ns between i_ariane/gen_hdec_coprocessor.i_hdec_coprocessor/i_hdec_top/uop_p3_q_reg[subgroup_idx][1]_rep/C (clocked by sys_clk) and i_ariane/gen_hdec_coprocessor.i_hdec_coprocessor/i_hdec_top/hdc_src0_q_reg[2][5]/CE (clocked by sys_clk). Large setup violations at the end of those stages might be difficult to fix during the post-placement implementation flow and could be the result of non-optimal XDC constraints or non-optimal design architecture
Related violations: <none>

TIMING-16#537 Warning
Large setup violation  
There is a large setup violation of -1.915 ns between i_ariane/gen_hdec_coprocessor.i_hdec_coprocessor/i_hdec_top/uop_p3_q_reg[subgroup_idx][1]_rep/C (clocked by sys_clk) and i_ariane/gen_hdec_coprocessor.i_hdec_coprocessor/i_hdec_top/hdc_src0_q_reg[1][43]/CE (clocked by sys_clk). Large setup violations at the end of those stages might be difficult to fix during the post-placement implementation flow and could be the result of non-optimal XDC constraints or non-optimal design architecture
Related violations: <none>

TIMING-16#538 Warning
Large setup violation  
There is a large setup violation of -1.919 ns between i_ariane/gen_hdec_coprocessor.i_hdec_coprocessor/i_hdec_top/FSM_onehot_st_q_reg[44]/C (clocked by sys_clk) and i_ariane/gen_hdec_coprocessor.i_hdec_coprocessor/i_hdec_top/ecc_leaf_a_q_reg[30]/D (clocked by sys_clk). Large setup violations at the end of those stages might be difficult to fix during the post-placement implementation flow and could be the result of non-optimal XDC constraints or non-optimal design architecture
Related violations: <none>

TIMING-16#539 Warning
Large setup violation  
There is a large setup violation of -1.925 ns between i_ariane/gen_hdec_coprocessor.i_hdec_coprocessor/i_hdec_top/hperm_lane_slot_q_reg[1]/C (clocked by sys_clk) and i_ariane/gen_hdec_coprocessor.i_hdec_coprocessor/i_hdec_top/hperm_stage_q_reg[45]/D (clocked by sys_clk). Large setup violations at the end of those stages might be difficult to fix during the post-placement implementation flow and could be the result of non-optimal XDC constraints or non-optimal design architecture
Related violations: <none>

TIMING-16#540 Warning
Large setup violation  
There is a large setup violation of -1.930 ns between i_ariane/gen_hdec_coprocessor.i_hdec_coprocessor/i_hdec_top/i_vrf/gen_bank[2].vrf_mem_reg/CLKARDCLK (clocked by sys_clk) and i_ariane/gen_hdec_coprocessor.i_hdec_coprocessor/i_hdec_top/ecc_leaf_xor_a_q_reg[16]/D (clocked by sys_clk). Large setup violations at the end of those stages might be difficult to fix during the post-placement implementation flow and could be the result of non-optimal XDC constraints or non-optimal design architecture
Related violations: <none>

TIMING-16#541 Warning
Large setup violation  
There is a large setup violation of -1.933 ns between i_ariane/gen_hdec_coprocessor.i_hdec_coprocessor/i_hdec_top/ecc_fold_word_q_reg[1]/C (clocked by sys_clk) and i_ariane/gen_hdec_coprocessor.i_hdec_coprocessor/i_hdec_top/ecc_leaf_b_q_reg[13]/CE (clocked by sys_clk). Large setup violations at the end of those stages might be difficult to fix during the post-placement implementation flow and could be the result of non-optimal XDC constraints or non-optimal design architecture
Related violations: <none>

TIMING-16#542 Warning
Large setup violation  
There is a large setup violation of -1.936 ns between i_ariane/gen_hdec_coprocessor.i_hdec_coprocessor/i_hdec_top/ecc_fold_word_q_reg[1]/C (clocked by sys_clk) and i_ariane/gen_hdec_coprocessor.i_hdec_coprocessor/i_hdec_top/hdc_src0_q_reg[2][33]/D (clocked by sys_clk). Large setup violations at the end of those stages might be difficult to fix during the post-placement implementation flow and could be the result of non-optimal XDC constraints or non-optimal design architecture
Related violations: <none>

TIMING-16#543 Warning
Large setup violation  
There is a large setup violation of -1.946 ns between i_ariane/gen_hdec_coprocessor.i_hdec_coprocessor/i_hdec_top/FSM_onehot_st_q_reg[45]/C (clocked by sys_clk) and i_ariane/gen_hdec_coprocessor.i_hdec_coprocessor/i_hdec_top/i_vrf/gen_bank[1].vrf_mem_reg/DIADI[4] (clocked by sys_clk). Large setup violations at the end of those stages might be difficult to fix during the post-placement implementation flow and could be the result of non-optimal XDC constraints or non-optimal design architecture
Related violations: <none>

TIMING-16#544 Warning
Large setup violation  
There is a large setup violation of -1.949 ns between i_ariane/gen_hdec_coprocessor.i_hdec_coprocessor/i_hdec_top/i_vrf/gen_bank[1].vrf_mem_reg/CLKARDCLK (clocked by sys_clk) and i_ariane/gen_hdec_coprocessor.i_hdec_coprocessor/i_hdec_top/ecc_leaf_xor_b_q_reg[12]/D (clocked by sys_clk). Large setup violations at the end of those stages might be difficult to fix during the post-placement implementation flow and could be the result of non-optimal XDC constraints or non-optimal design architecture
Related violations: <none>

TIMING-16#545 Warning
Large setup violation  
There is a large setup violation of -1.950 ns between i_ariane/gen_hdec_coprocessor.i_hdec_coprocessor/i_hdec_top/ecc_fold_word_q_reg[0]/C (clocked by sys_clk) and i_ariane/gen_hdec_coprocessor.i_hdec_coprocessor/i_hdec_top/hdc_src0_q_reg[3][31]/D (clocked by sys_clk). Large setup violations at the end of those stages might be difficult to fix during the post-placement implementation flow and could be the result of non-optimal XDC constraints or non-optimal design architecture
Related violations: <none>

TIMING-16#546 Warning
Large setup violation  
There is a large setup violation of -1.950 ns between i_ariane/gen_hdec_coprocessor.i_hdec_coprocessor/i_hdec_top/uop_p3_q_reg[subgroup_idx][1]_rep/C (clocked by sys_clk) and i_ariane/gen_hdec_coprocessor.i_hdec_coprocessor/i_hdec_top/hdc_src0_q_reg[0][37]/CE (clocked by sys_clk). Large setup violations at the end of those stages might be difficult to fix during the post-placement implementation flow and could be the result of non-optimal XDC constraints or non-optimal design architecture
Related violations: <none>

TIMING-16#547 Warning
Large setup violation  
There is a large setup violation of -1.950 ns between i_ariane/gen_hdec_coprocessor.i_hdec_coprocessor/i_hdec_top/uop_p3_q_reg[subgroup_idx][1]_rep/C (clocked by sys_clk) and i_ariane/gen_hdec_coprocessor.i_hdec_coprocessor/i_hdec_top/hdc_src0_q_reg[0][38]/CE (clocked by sys_clk). Large setup violations at the end of those stages might be difficult to fix during the post-placement implementation flow and could be the result of non-optimal XDC constraints or non-optimal design architecture
Related violations: <none>

TIMING-16#548 Warning
Large setup violation  
There is a large setup violation of -1.952 ns between i_ariane/gen_hdec_coprocessor.i_hdec_coprocessor/i_hdec_top/ecc_autoreduce_q_reg/C (clocked by sys_clk) and i_ariane/gen_hdec_coprocessor.i_hdec_coprocessor/i_hdec_top/hdc_src0_q_reg[2][35]/CE (clocked by sys_clk). Large setup violations at the end of those stages might be difficult to fix during the post-placement implementation flow and could be the result of non-optimal XDC constraints or non-optimal design architecture
Related violations: <none>

TIMING-16#549 Warning
Large setup violation  
There is a large setup violation of -1.952 ns between i_ariane/gen_hdec_coprocessor.i_hdec_coprocessor/i_hdec_top/ecc_autoreduce_q_reg/C (clocked by sys_clk) and i_ariane/gen_hdec_coprocessor.i_hdec_coprocessor/i_hdec_top/hdc_src0_q_reg[2][41]/CE (clocked by sys_clk). Large setup violations at the end of those stages might be difficult to fix during the post-placement implementation flow and could be the result of non-optimal XDC constraints or non-optimal design architecture
Related violations: <none>

TIMING-16#550 Warning
Large setup violation  
There is a large setup violation of -1.952 ns between i_ariane/gen_hdec_coprocessor.i_hdec_coprocessor/i_hdec_top/ecc_autoreduce_q_reg/C (clocked by sys_clk) and i_ariane/gen_hdec_coprocessor.i_hdec_coprocessor/i_hdec_top/hdc_src0_q_reg[3][38]/CE (clocked by sys_clk). Large setup violations at the end of those stages might be difficult to fix during the post-placement implementation flow and could be the result of non-optimal XDC constraints or non-optimal design architecture
Related violations: <none>

TIMING-16#551 Warning
Large setup violation  
There is a large setup violation of -1.952 ns between i_ariane/gen_hdec_coprocessor.i_hdec_coprocessor/i_hdec_top/i_vrf/gen_bank[0].vrf_mem_reg/CLKARDCLK (clocked by sys_clk) and i_ariane/gen_hdec_coprocessor.i_hdec_coprocessor/i_hdec_top/hperm_stage_q_reg[65]/D (clocked by sys_clk). Large setup violations at the end of those stages might be difficult to fix during the post-placement implementation flow and could be the result of non-optimal XDC constraints or non-optimal design architecture
Related violations: <none>

TIMING-16#552 Warning
Large setup violation  
There is a large setup violation of -1.958 ns between i_ariane/gen_hdec_coprocessor.i_hdec_coprocessor/i_hdec_top/hperm_lane_slot_q_reg[1]/C (clocked by sys_clk) and i_ariane/gen_hdec_coprocessor.i_hdec_coprocessor/i_hdec_top/hperm_stage_q_reg[43]/D (clocked by sys_clk). Large setup violations at the end of those stages might be difficult to fix during the post-placement implementation flow and could be the result of non-optimal XDC constraints or non-optimal design architecture
Related violations: <none>

TIMING-16#553 Warning
Large setup violation  
There is a large setup violation of -1.960 ns between i_ariane/gen_hdec_coprocessor.i_hdec_coprocessor/i_hdec_top/i_vrf/gen_bank[2].vrf_mem_reg/CLKARDCLK (clocked by sys_clk) and i_ariane/gen_hdec_coprocessor.i_hdec_coprocessor/i_hdec_top/ecc_leaf_xor_b_q_reg[16]/D (clocked by sys_clk). Large setup violations at the end of those stages might be difficult to fix during the post-placement implementation flow and could be the result of non-optimal XDC constraints or non-optimal design architecture
Related violations: <none>

TIMING-16#554 Warning
Large setup violation  
There is a large setup violation of -1.965 ns between i_ariane/gen_hdec_coprocessor.i_hdec_coprocessor/i_hdec_top/FSM_onehot_st_q_reg[41]/C (clocked by sys_clk) and i_ariane/gen_hdec_coprocessor.i_hdec_coprocessor/i_hdec_top/FSM_onehot_st_q_reg[29]/CE (clocked by sys_clk). Large setup violations at the end of those stages might be difficult to fix during the post-placement implementation flow and could be the result of non-optimal XDC constraints or non-optimal design architecture
Related violations: <none>

TIMING-16#555 Warning
Large setup violation  
There is a large setup violation of -1.965 ns between i_ariane/gen_hdec_coprocessor.i_hdec_coprocessor/i_hdec_top/FSM_onehot_st_q_reg[41]/C (clocked by sys_clk) and i_ariane/gen_hdec_coprocessor.i_hdec_coprocessor/i_hdec_top/FSM_onehot_st_q_reg[48]/CE (clocked by sys_clk). Large setup violations at the end of those stages might be difficult to fix during the post-placement implementation flow and could be the result of non-optimal XDC constraints or non-optimal design architecture
Related violations: <none>

TIMING-16#556 Warning
Large setup violation  
There is a large setup violation of -1.966 ns between i_ariane/gen_hdec_coprocessor.i_hdec_coprocessor/i_hdec_top/i_vec/payload_q_reg[2][0]/C (clocked by sys_clk) and i_ariane/gen_hdec_coprocessor.i_hdec_coprocessor/i_hdec_top/group_dist_q_reg[4]/D (clocked by sys_clk). Large setup violations at the end of those stages might be difficult to fix during the post-placement implementation flow and could be the result of non-optimal XDC constraints or non-optimal design architecture
Related violations: <none>

TIMING-16#557 Warning
Large setup violation  
There is a large setup violation of -1.970 ns between i_ariane/gen_hdec_coprocessor.i_hdec_coprocessor/i_hdec_top/hperm_lane_slot_q_reg[1]/C (clocked by sys_clk) and i_ariane/gen_hdec_coprocessor.i_hdec_coprocessor/i_hdec_top/hperm_stage_q_reg[2]/D (clocked by sys_clk). Large setup violations at the end of those stages might be difficult to fix during the post-placement implementation flow and could be the result of non-optimal XDC constraints or non-optimal design architecture
Related violations: <none>

TIMING-16#558 Warning
Large setup violation  
There is a large setup violation of -1.970 ns between i_ariane/gen_hdec_coprocessor.i_hdec_coprocessor/i_hdec_top/hperm_lane_slot_q_reg[1]/C (clocked by sys_clk) and i_ariane/gen_hdec_coprocessor.i_hdec_coprocessor/i_hdec_top/hperm_stage_q_reg[34]/D (clocked by sys_clk). Large setup violations at the end of those stages might be difficult to fix during the post-placement implementation flow and could be the result of non-optimal XDC constraints or non-optimal design architecture
Related violations: <none>

TIMING-16#559 Warning
Large setup violation  
There is a large setup violation of -1.971 ns between i_ariane/gen_hdec_coprocessor.i_hdec_coprocessor/i_hdec_top/FSM_onehot_st_q_reg[45]/C (clocked by sys_clk) and i_ariane/gen_hdec_coprocessor.i_hdec_coprocessor/i_hdec_top/i_vrf/gen_bank[1].vrf_mem_reg/DIADI[16] (clocked by sys_clk). Large setup violations at the end of those stages might be difficult to fix during the post-placement implementation flow and could be the result of non-optimal XDC constraints or non-optimal design architecture
Related violations: <none>

TIMING-16#560 Warning
Large setup violation  
There is a large setup violation of -1.976 ns between i_ariane/gen_hdec_coprocessor.i_hdec_coprocessor/i_hdec_top/uop_p3_q_reg[subgroup_idx][1]_rep/C (clocked by sys_clk) and i_ariane/gen_hdec_coprocessor.i_hdec_coprocessor/i_hdec_top/hdc_src0_q_reg[2][7]/CE (clocked by sys_clk). Large setup violations at the end of those stages might be difficult to fix during the post-placement implementation flow and could be the result of non-optimal XDC constraints or non-optimal design architecture
Related violations: <none>

TIMING-16#561 Warning
Large setup violation  
There is a large setup violation of -1.976 ns between i_ariane/gen_hdec_coprocessor.i_hdec_coprocessor/i_hdec_top/uop_p3_q_reg[subgroup_idx][1]_rep/C (clocked by sys_clk) and i_ariane/gen_hdec_coprocessor.i_hdec_coprocessor/i_hdec_top/hdc_src0_q_reg[3][14]/CE (clocked by sys_clk). Large setup violations at the end of those stages might be difficult to fix during the post-placement implementation flow and could be the result of non-optimal XDC constraints or non-optimal design architecture
Related violations: <none>

TIMING-16#562 Warning
Large setup violation  
There is a large setup violation of -1.983 ns between i_ariane/gen_hdec_coprocessor.i_hdec_coprocessor/i_hdec_top/hperm_lane_slot_q_reg[1]/C (clocked by sys_clk) and i_ariane/gen_hdec_coprocessor.i_hdec_coprocessor/i_hdec_top/hperm_stage_q_reg[18]/D (clocked by sys_clk). Large setup violations at the end of those stages might be difficult to fix during the post-placement implementation flow and could be the result of non-optimal XDC constraints or non-optimal design architecture
Related violations: <none>

TIMING-16#563 Warning
Large setup violation  
There is a large setup violation of -1.985 ns between i_ariane/gen_hdec_coprocessor.i_hdec_coprocessor/i_hdec_top/i_vec/payload_q_reg[2][0]/C (clocked by sys_clk) and i_ariane/gen_hdec_coprocessor.i_hdec_coprocessor/i_hdec_top/group_dist_q_reg[6]/D (clocked by sys_clk). Large setup violations at the end of those stages might be difficult to fix during the post-placement implementation flow and could be the result of non-optimal XDC constraints or non-optimal design architecture
Related violations: <none>

TIMING-16#564 Warning
Large setup violation  
There is a large setup violation of -1.987 ns between i_ariane/gen_hdec_coprocessor.i_hdec_coprocessor/i_hdec_top/ecc_fold_word_q_reg[0]/C (clocked by sys_clk) and i_ariane/gen_hdec_coprocessor.i_hdec_coprocessor/i_hdec_top/hdc_src0_q_reg[2][14]/D (clocked by sys_clk). Large setup violations at the end of those stages might be difficult to fix during the post-placement implementation flow and could be the result of non-optimal XDC constraints or non-optimal design architecture
Related violations: <none>

TIMING-16#565 Warning
Large setup violation  
There is a large setup violation of -1.989 ns between i_ariane/gen_hdec_coprocessor.i_hdec_coprocessor/i_hdec_top/ecc_fold_word_q_reg[1]/C (clocked by sys_clk) and i_ariane/gen_hdec_coprocessor.i_hdec_coprocessor/i_hdec_top/hdc_src0_q_reg[2][2]/D (clocked by sys_clk). Large setup violations at the end of those stages might be difficult to fix during the post-placement implementation flow and could be the result of non-optimal XDC constraints or non-optimal design architecture
Related violations: <none>

TIMING-16#566 Warning
Large setup violation  
There is a large setup violation of -1.990 ns between i_ariane/gen_hdec_coprocessor.i_hdec_coprocessor/i_hdec_top/FSM_onehot_st_q_reg[45]/C (clocked by sys_clk) and i_ariane/gen_hdec_coprocessor.i_hdec_coprocessor/i_hdec_top/i_vrf/gen_bank[1].vrf_mem_reg/DIADI[17] (clocked by sys_clk). Large setup violations at the end of those stages might be difficult to fix during the post-placement implementation flow and could be the result of non-optimal XDC constraints or non-optimal design architecture
Related violations: <none>

TIMING-16#567 Warning
Large setup violation  
There is a large setup violation of -1.991 ns between i_ariane/gen_hdec_coprocessor.i_hdec_coprocessor/i_hdec_top/i_vrf/gen_bank[0].vrf_mem_reg/CLKARDCLK (clocked by sys_clk) and i_ariane/gen_hdec_coprocessor.i_hdec_coprocessor/i_hdec_top/i_vec/payload_q_reg[0][8]/D (clocked by sys_clk). Large setup violations at the end of those stages might be difficult to fix during the post-placement implementation flow and could be the result of non-optimal XDC constraints or non-optimal design architecture
Related violations: <none>

TIMING-16#568 Warning
Large setup violation  
There is a large setup violation of -1.993 ns between i_ariane/gen_hdec_coprocessor.i_hdec_coprocessor/i_hdec_top/FSM_onehot_st_q_reg[41]/C (clocked by sys_clk) and i_ariane/gen_hdec_coprocessor.i_hdec_coprocessor/i_hdec_top/FSM_onehot_st_q_reg[0]/CE (clocked by sys_clk). Large setup violations at the end of those stages might be difficult to fix during the post-placement implementation flow and could be the result of non-optimal XDC constraints or non-optimal design architecture
Related violations: <none>

TIMING-16#569 Warning
Large setup violation  
There is a large setup violation of -1.993 ns between i_ariane/gen_hdec_coprocessor.i_hdec_coprocessor/i_hdec_top/FSM_onehot_st_q_reg[41]/C (clocked by sys_clk) and i_ariane/gen_hdec_coprocessor.i_hdec_coprocessor/i_hdec_top/FSM_onehot_st_q_reg[1]/CE (clocked by sys_clk). Large setup violations at the end of those stages might be difficult to fix during the post-placement implementation flow and could be the result of non-optimal XDC constraints or non-optimal design architecture
Related violations: <none>

TIMING-16#570 Warning
Large setup violation  
There is a large setup violation of -1.993 ns between i_ariane/gen_hdec_coprocessor.i_hdec_coprocessor/i_hdec_top/FSM_onehot_st_q_reg[41]/C (clocked by sys_clk) and i_ariane/gen_hdec_coprocessor.i_hdec_coprocessor/i_hdec_top/FSM_onehot_st_q_reg[1]_rep/CE (clocked by sys_clk). Large setup violations at the end of those stages might be difficult to fix during the post-placement implementation flow and could be the result of non-optimal XDC constraints or non-optimal design architecture
Related violations: <none>

TIMING-16#571 Warning
Large setup violation  
There is a large setup violation of -1.993 ns between i_ariane/gen_hdec_coprocessor.i_hdec_coprocessor/i_hdec_top/FSM_onehot_st_q_reg[41]/C (clocked by sys_clk) and i_ariane/gen_hdec_coprocessor.i_hdec_coprocessor/i_hdec_top/FSM_onehot_st_q_reg[1]_rep__0/CE (clocked by sys_clk). Large setup violations at the end of those stages might be difficult to fix during the post-placement implementation flow and could be the result of non-optimal XDC constraints or non-optimal design architecture
Related violations: <none>

TIMING-16#572 Warning
Large setup violation  
There is a large setup violation of -1.993 ns between i_ariane/gen_hdec_coprocessor.i_hdec_coprocessor/i_hdec_top/FSM_onehot_st_q_reg[41]/C (clocked by sys_clk) and i_ariane/gen_hdec_coprocessor.i_hdec_coprocessor/i_hdec_top/FSM_onehot_st_q_reg[7]/CE (clocked by sys_clk). Large setup violations at the end of those stages might be difficult to fix during the post-placement implementation flow and could be the result of non-optimal XDC constraints or non-optimal design architecture
Related violations: <none>

TIMING-16#573 Warning
Large setup violation  
There is a large setup violation of -1.997 ns between i_ariane/gen_hdec_coprocessor.i_hdec_coprocessor/i_hdec_top/FSM_onehot_st_q_reg[45]/C (clocked by sys_clk) and i_ariane/gen_hdec_coprocessor.i_hdec_coprocessor/i_hdec_top/i_vrf/gen_bank[1].vrf_mem_reg/DIADI[21] (clocked by sys_clk). Large setup violations at the end of those stages might be difficult to fix during the post-placement implementation flow and could be the result of non-optimal XDC constraints or non-optimal design architecture
Related violations: <none>

TIMING-16#574 Warning
Large setup violation  
There is a large setup violation of -2.007 ns between i_ariane/gen_hdec_coprocessor.i_hdec_coprocessor/i_hdec_top/ecc_fold_word_q_reg[1]/C (clocked by sys_clk) and i_ariane/gen_hdec_coprocessor.i_hdec_coprocessor/i_hdec_top/hdc_src0_q_reg[0][55]/D (clocked by sys_clk). Large setup violations at the end of those stages might be difficult to fix during the post-placement implementation flow and could be the result of non-optimal XDC constraints or non-optimal design architecture
Related violations: <none>

TIMING-16#575 Warning
Large setup violation  
There is a large setup violation of -2.007 ns between i_ariane/gen_hdec_coprocessor.i_hdec_coprocessor/i_hdec_top/hperm_lane_slot_q_reg[1]/C (clocked by sys_clk) and i_ariane/gen_hdec_coprocessor.i_hdec_coprocessor/i_hdec_top/hperm_stage_q_reg[29]/D (clocked by sys_clk). Large setup violations at the end of those stages might be difficult to fix during the post-placement implementation flow and could be the result of non-optimal XDC constraints or non-optimal design architecture
Related violations: <none>

TIMING-16#576 Warning
Large setup violation  
There is a large setup violation of -2.012 ns between i_ariane/gen_hdec_coprocessor.i_hdec_coprocessor/i_hdec_top/ecc_autoreduce_q_reg/C (clocked by sys_clk) and i_ariane/gen_hdec_coprocessor.i_hdec_coprocessor/i_hdec_top/hdc_src0_q_reg[2][16]/CE (clocked by sys_clk). Large setup violations at the end of those stages might be difficult to fix during the post-placement implementation flow and could be the result of non-optimal XDC constraints or non-optimal design architecture
Related violations: <none>

TIMING-16#577 Warning
Large setup violation  
There is a large setup violation of -2.015 ns between i_ariane/gen_hdec_coprocessor.i_hdec_coprocessor/i_hdec_top/FSM_onehot_st_q_reg[15]_rep__1/C (clocked by sys_clk) and i_ariane/gen_hdec_coprocessor.i_hdec_coprocessor/i_hdec_top/i_vrf/gen_bank[0].vrf_mem_reg/DIBDI[5] (clocked by sys_clk). Large setup violations at the end of those stages might be difficult to fix during the post-placement implementation flow and could be the result of non-optimal XDC constraints or non-optimal design architecture
Related violations: <none>

TIMING-16#578 Warning
Large setup violation  
There is a large setup violation of -2.015 ns between i_ariane/gen_hdec_coprocessor.i_hdec_coprocessor/i_hdec_top/FSM_onehot_st_q_reg[41]/C (clocked by sys_clk) and i_ariane/gen_hdec_coprocessor.i_hdec_coprocessor/i_hdec_top/FSM_onehot_st_q_reg[53]/CE (clocked by sys_clk). Large setup violations at the end of those stages might be difficult to fix during the post-placement implementation flow and could be the result of non-optimal XDC constraints or non-optimal design architecture
Related violations: <none>

TIMING-16#579 Warning
Large setup violation  
There is a large setup violation of -2.015 ns between i_ariane/gen_hdec_coprocessor.i_hdec_coprocessor/i_hdec_top/FSM_onehot_st_q_reg[41]/C (clocked by sys_clk) and i_ariane/gen_hdec_coprocessor.i_hdec_coprocessor/i_hdec_top/FSM_onehot_st_q_reg[6]/CE (clocked by sys_clk). Large setup violations at the end of those stages might be difficult to fix during the post-placement implementation flow and could be the result of non-optimal XDC constraints or non-optimal design architecture
Related violations: <none>

TIMING-16#580 Warning
Large setup violation  
There is a large setup violation of -2.018 ns between i_ariane/gen_hdec_coprocessor.i_hdec_coprocessor/i_hdec_top/FSM_onehot_st_q_reg[44]/C (clocked by sys_clk) and i_ariane/gen_hdec_coprocessor.i_hdec_coprocessor/i_hdec_top/ecc_leaf_b_q_reg[15]/D (clocked by sys_clk). Large setup violations at the end of those stages might be difficult to fix during the post-placement implementation flow and could be the result of non-optimal XDC constraints or non-optimal design architecture
Related violations: <none>

TIMING-16#581 Warning
Large setup violation  
There is a large setup violation of -2.020 ns between i_ariane/gen_hdec_coprocessor.i_hdec_coprocessor/i_hdec_top/FSM_onehot_st_q_reg[41]/C (clocked by sys_clk) and i_ariane/gen_hdec_coprocessor.i_hdec_coprocessor/i_hdec_top/FSM_onehot_st_q_reg[24]/CE (clocked by sys_clk). Large setup violations at the end of those stages might be difficult to fix during the post-placement implementation flow and could be the result of non-optimal XDC constraints or non-optimal design architecture
Related violations: <none>

TIMING-16#582 Warning
Large setup violation  
There is a large setup violation of -2.020 ns between i_ariane/gen_hdec_coprocessor.i_hdec_coprocessor/i_hdec_top/FSM_onehot_st_q_reg[41]/C (clocked by sys_clk) and i_ariane/gen_hdec_coprocessor.i_hdec_coprocessor/i_hdec_top/FSM_onehot_st_q_reg[33]/CE (clocked by sys_clk). Large setup violations at the end of those stages might be difficult to fix during the post-placement implementation flow and could be the result of non-optimal XDC constraints or non-optimal design architecture
Related violations: <none>

TIMING-16#583 Warning
Large setup violation  
There is a large setup violation of -2.020 ns between i_ariane/gen_hdec_coprocessor.i_hdec_coprocessor/i_hdec_top/FSM_onehot_st_q_reg[41]/C (clocked by sys_clk) and i_ariane/gen_hdec_coprocessor.i_hdec_coprocessor/i_hdec_top/FSM_onehot_st_q_reg[52]/CE (clocked by sys_clk). Large setup violations at the end of those stages might be difficult to fix during the post-placement implementation flow and could be the result of non-optimal XDC constraints or non-optimal design architecture
Related violations: <none>

TIMING-16#584 Warning
Large setup violation  
There is a large setup violation of -2.020 ns between i_ariane/gen_hdec_coprocessor.i_hdec_coprocessor/i_hdec_top/FSM_onehot_st_q_reg[41]/C (clocked by sys_clk) and i_ariane/gen_hdec_coprocessor.i_hdec_coprocessor/i_hdec_top/FSM_onehot_st_q_reg[54]/CE (clocked by sys_clk). Large setup violations at the end of those stages might be difficult to fix during the post-placement implementation flow and could be the result of non-optimal XDC constraints or non-optimal design architecture
Related violations: <none>

TIMING-16#585 Warning
Large setup violation  
There is a large setup violation of -2.020 ns between i_ariane/gen_hdec_coprocessor.i_hdec_coprocessor/i_hdec_top/ecc_fold_word_q_reg[1]/C (clocked by sys_clk) and i_ariane/gen_hdec_coprocessor.i_hdec_coprocessor/i_hdec_top/hdc_src0_q_reg[1][7]/D (clocked by sys_clk). Large setup violations at the end of those stages might be difficult to fix during the post-placement implementation flow and could be the result of non-optimal XDC constraints or non-optimal design architecture
Related violations: <none>

TIMING-16#586 Warning
Large setup violation  
There is a large setup violation of -2.030 ns between i_ariane/gen_hdec_coprocessor.i_hdec_coprocessor/i_hdec_top/ecc_fold_word_q_reg[1]/C (clocked by sys_clk) and i_ariane/gen_hdec_coprocessor.i_hdec_coprocessor/i_hdec_top/hdc_src0_q_reg[0][27]/D (clocked by sys_clk). Large setup violations at the end of those stages might be difficult to fix during the post-placement implementation flow and could be the result of non-optimal XDC constraints or non-optimal design architecture
Related violations: <none>

TIMING-16#587 Warning
Large setup violation  
There is a large setup violation of -2.031 ns between i_ariane/gen_hdec_coprocessor.i_hdec_coprocessor/i_hdec_top/i_vrf/gen_bank[2].vrf_mem_reg/CLKARDCLK (clocked by sys_clk) and i_ariane/gen_hdec_coprocessor.i_hdec_coprocessor/i_hdec_top/i_vec/payload_q_reg[2][1]/D (clocked by sys_clk). Large setup violations at the end of those stages might be difficult to fix during the post-placement implementation flow and could be the result of non-optimal XDC constraints or non-optimal design architecture
Related violations: <none>

TIMING-16#588 Warning
Large setup violation  
There is a large setup violation of -2.032 ns between i_ariane/gen_hdec_coprocessor.i_hdec_coprocessor/i_hdec_top/uop_p3_q_reg[subgroup_idx][1]_rep/C (clocked by sys_clk) and i_ariane/gen_hdec_coprocessor.i_hdec_coprocessor/i_hdec_top/hdc_src0_q_reg[3][15]/CE (clocked by sys_clk). Large setup violations at the end of those stages might be difficult to fix during the post-placement implementation flow and could be the result of non-optimal XDC constraints or non-optimal design architecture
Related violations: <none>

TIMING-16#589 Warning
Large setup violation  
There is a large setup violation of -2.032 ns between i_ariane/gen_hdec_coprocessor.i_hdec_coprocessor/i_hdec_top/uop_p3_q_reg[subgroup_idx][1]_rep/C (clocked by sys_clk) and i_ariane/gen_hdec_coprocessor.i_hdec_coprocessor/i_hdec_top/hdc_src0_q_reg[3][6]/CE (clocked by sys_clk). Large setup violations at the end of those stages might be difficult to fix during the post-placement implementation flow and could be the result of non-optimal XDC constraints or non-optimal design architecture
Related violations: <none>

TIMING-16#590 Warning
Large setup violation  
There is a large setup violation of -2.036 ns between i_ariane/gen_hdec_coprocessor.i_hdec_coprocessor/i_hdec_top/i_vrf/gen_bank[0].vrf_mem_reg/CLKARDCLK (clocked by sys_clk) and i_ariane/gen_hdec_coprocessor.i_hdec_coprocessor/i_hdec_top/ecc_pmul_r0_inf_q_reg/D (clocked by sys_clk). Large setup violations at the end of those stages might be difficult to fix during the post-placement implementation flow and could be the result of non-optimal XDC constraints or non-optimal design architecture
Related violations: <none>

TIMING-16#591 Warning
Large setup violation  
There is a large setup violation of -2.036 ns between i_ariane/gen_hdec_coprocessor.i_hdec_coprocessor/i_hdec_top/i_vrf/gen_bank[0].vrf_mem_reg/CLKARDCLK (clocked by sys_clk) and i_ariane/gen_hdec_coprocessor.i_hdec_coprocessor/i_hdec_top/ecc_pmul_scalar_bit_q_reg/D (clocked by sys_clk). Large setup violations at the end of those stages might be difficult to fix during the post-placement implementation flow and could be the result of non-optimal XDC constraints or non-optimal design architecture
Related violations: <none>

TIMING-16#592 Warning
Large setup violation  
There is a large setup violation of -2.039 ns between i_ariane/gen_hdec_coprocessor.i_hdec_coprocessor/i_hdec_top/FSM_onehot_st_q_reg[44]/C (clocked by sys_clk) and i_ariane/gen_hdec_coprocessor.i_hdec_coprocessor/i_hdec_top/ecc_leaf_xor_b_q_reg[26]/D (clocked by sys_clk). Large setup violations at the end of those stages might be difficult to fix during the post-placement implementation flow and could be the result of non-optimal XDC constraints or non-optimal design architecture
Related violations: <none>

TIMING-16#593 Warning
Large setup violation  
There is a large setup violation of -2.042 ns between i_ariane/gen_hdec_coprocessor.i_hdec_coprocessor/i_hdec_top/FSM_onehot_st_q_reg[52]/C (clocked by sys_clk) and i_ariane/gen_hdec_coprocessor.i_hdec_coprocessor/i_hdec_top/i_vrf/gen_bank[2].vrf_mem_reg/DIADI[6] (clocked by sys_clk). Large setup violations at the end of those stages might be difficult to fix during the post-placement implementation flow and could be the result of non-optimal XDC constraints or non-optimal design architecture
Related violations: <none>

TIMING-16#594 Warning
Large setup violation  
There is a large setup violation of -2.045 ns between i_ariane/gen_hdec_coprocessor.i_hdec_coprocessor/i_hdec_top/i_vec/payload_q_reg[2][0]/C (clocked by sys_clk) and i_ariane/gen_hdec_coprocessor.i_hdec_coprocessor/i_hdec_top/group_dist_q_reg[7]/D (clocked by sys_clk). Large setup violations at the end of those stages might be difficult to fix during the post-placement implementation flow and could be the result of non-optimal XDC constraints or non-optimal design architecture
Related violations: <none>

TIMING-16#595 Warning
Large setup violation  
There is a large setup violation of -2.047 ns between i_ariane/gen_hdec_coprocessor.i_hdec_coprocessor/i_hdec_top/FSM_onehot_st_q_reg[44]/C (clocked by sys_clk) and i_ariane/gen_hdec_coprocessor.i_hdec_coprocessor/i_hdec_top/ecc_leaf_xor_a_q_reg[26]/D (clocked by sys_clk). Large setup violations at the end of those stages might be difficult to fix during the post-placement implementation flow and could be the result of non-optimal XDC constraints or non-optimal design architecture
Related violations: <none>

TIMING-16#596 Warning
Large setup violation  
There is a large setup violation of -2.049 ns between i_ariane/gen_hdec_coprocessor.i_hdec_coprocessor/i_hdec_top/uop_p3_q_reg[subgroup_idx][1]_rep/C (clocked by sys_clk) and i_ariane/gen_hdec_coprocessor.i_hdec_coprocessor/i_hdec_top/hdc_src0_q_reg[2][13]/CE (clocked by sys_clk). Large setup violations at the end of those stages might be difficult to fix during the post-placement implementation flow and could be the result of non-optimal XDC constraints or non-optimal design architecture
Related violations: <none>

TIMING-16#597 Warning
Large setup violation  
There is a large setup violation of -2.049 ns between i_ariane/gen_hdec_coprocessor.i_hdec_coprocessor/i_hdec_top/uop_p3_q_reg[subgroup_idx][1]_rep/C (clocked by sys_clk) and i_ariane/gen_hdec_coprocessor.i_hdec_coprocessor/i_hdec_top/hdc_src0_q_reg[3][9]/CE (clocked by sys_clk). Large setup violations at the end of those stages might be difficult to fix during the post-placement implementation flow and could be the result of non-optimal XDC constraints or non-optimal design architecture
Related violations: <none>

TIMING-16#598 Warning
Large setup violation  
There is a large setup violation of -2.050 ns between i_ariane/gen_hdec_coprocessor.i_hdec_coprocessor/i_hdec_top/i_vec/payload_q_reg[2][0]/C (clocked by sys_clk) and i_ariane/gen_hdec_coprocessor.i_hdec_coprocessor/i_hdec_top/group_dist_q_reg[5]/D (clocked by sys_clk). Large setup violations at the end of those stages might be difficult to fix during the post-placement implementation flow and could be the result of non-optimal XDC constraints or non-optimal design architecture
Related violations: <none>

TIMING-16#599 Warning
Large setup violation  
There is a large setup violation of -2.052 ns between i_ariane/gen_hdec_coprocessor.i_hdec_coprocessor/i_hdec_top/i_vrf/gen_bank[3].vrf_mem_reg/CLKARDCLK (clocked by sys_clk) and i_ariane/gen_hdec_coprocessor.i_hdec_coprocessor/i_hdec_top/i_vec/payload_q_reg[3][1]/D (clocked by sys_clk). Large setup violations at the end of those stages might be difficult to fix during the post-placement implementation flow and could be the result of non-optimal XDC constraints or non-optimal design architecture
Related violations: <none>

TIMING-16#600 Warning
Large setup violation  
There is a large setup violation of -2.055 ns between i_ariane/gen_hdec_coprocessor.i_hdec_coprocessor/i_hdec_top/hperm_lane_slot_q_reg[1]/C (clocked by sys_clk) and i_ariane/gen_hdec_coprocessor.i_hdec_coprocessor/i_hdec_top/hperm_stage_q_reg[9]/D (clocked by sys_clk). Large setup violations at the end of those stages might be difficult to fix during the post-placement implementation flow and could be the result of non-optimal XDC constraints or non-optimal design architecture
Related violations: <none>

TIMING-16#601 Warning
Large setup violation  
There is a large setup violation of -2.063 ns between i_ariane/gen_hdec_coprocessor.i_hdec_coprocessor/i_hdec_top/i_vec/payload_q_reg[2][0]/C (clocked by sys_clk) and i_ariane/gen_hdec_coprocessor.i_hdec_coprocessor/i_hdec_top/group_dist_q_reg[8]/D (clocked by sys_clk). Large setup violations at the end of those stages might be difficult to fix during the post-placement implementation flow and could be the result of non-optimal XDC constraints or non-optimal design architecture
Related violations: <none>

TIMING-16#602 Warning
Large setup violation  
There is a large setup violation of -2.068 ns between i_ariane/gen_hdec_coprocessor.i_hdec_coprocessor/i_hdec_top/ecc_fold_word_q_reg[1]/C (clocked by sys_clk) and i_ariane/gen_hdec_coprocessor.i_hdec_coprocessor/i_hdec_top/ecc_leaf128_prod_q_reg[118]/CE (clocked by sys_clk). Large setup violations at the end of those stages might be difficult to fix during the post-placement implementation flow and could be the result of non-optimal XDC constraints or non-optimal design architecture
Related violations: <none>

TIMING-16#603 Warning
Large setup violation  
There is a large setup violation of -2.068 ns between i_ariane/gen_hdec_coprocessor.i_hdec_coprocessor/i_hdec_top/ecc_fold_word_q_reg[1]/C (clocked by sys_clk) and i_ariane/gen_hdec_coprocessor.i_hdec_coprocessor/i_hdec_top/hdc_src0_q_reg[0][2]/D (clocked by sys_clk). Large setup violations at the end of those stages might be difficult to fix during the post-placement implementation flow and could be the result of non-optimal XDC constraints or non-optimal design architecture
Related violations: <none>

TIMING-16#604 Warning
Large setup violation  
There is a large setup violation of -2.072 ns between i_ariane/gen_hdec_coprocessor.i_hdec_coprocessor/i_hdec_top/ecc_fold_word_q_reg[0]/C (clocked by sys_clk) and i_ariane/gen_hdec_coprocessor.i_hdec_coprocessor/i_hdec_top/hdc_src0_q_reg[3][28]/D (clocked by sys_clk). Large setup violations at the end of those stages might be difficult to fix during the post-placement implementation flow and could be the result of non-optimal XDC constraints or non-optimal design architecture
Related violations: <none>

TIMING-16#605 Warning
Large setup violation  
There is a large setup violation of -2.080 ns between i_ariane/gen_hdec_coprocessor.i_hdec_coprocessor/i_hdec_top/uop_p3_q_reg[subgroup_idx][1]_rep/C (clocked by sys_clk) and i_ariane/gen_hdec_coprocessor.i_hdec_coprocessor/i_hdec_top/hdc_src0_q_reg[0][46]/CE (clocked by sys_clk). Large setup violations at the end of those stages might be difficult to fix during the post-placement implementation flow and could be the result of non-optimal XDC constraints or non-optimal design architecture
Related violations: <none>

TIMING-16#606 Warning
Large setup violation  
There is a large setup violation of -2.083 ns between i_ariane/gen_hdec_coprocessor.i_hdec_coprocessor/i_hdec_top/ecc_fold_word_q_reg[0]/C (clocked by sys_clk) and i_ariane/gen_hdec_coprocessor.i_hdec_coprocessor/i_hdec_top/hdc_src0_q_reg[2][58]/D (clocked by sys_clk). Large setup violations at the end of those stages might be difficult to fix during the post-placement implementation flow and could be the result of non-optimal XDC constraints or non-optimal design architecture
Related violations: <none>

TIMING-16#607 Warning
Large setup violation  
There is a large setup violation of -2.089 ns between i_ariane/gen_hdec_coprocessor.i_hdec_coprocessor/i_hdec_top/ecc_fold_word_q_reg[0]/C (clocked by sys_clk) and i_ariane/gen_hdec_coprocessor.i_hdec_coprocessor/i_hdec_top/hdc_src0_q_reg[3][11]/D (clocked by sys_clk). Large setup violations at the end of those stages might be difficult to fix during the post-placement implementation flow and could be the result of non-optimal XDC constraints or non-optimal design architecture
Related violations: <none>

TIMING-16#608 Warning
Large setup violation  
There is a large setup violation of -2.094 ns between i_ariane/gen_hdec_coprocessor.i_hdec_coprocessor/i_hdec_top/ecc_fold_word_q_reg[1]/C (clocked by sys_clk) and i_ariane/gen_hdec_coprocessor.i_hdec_coprocessor/i_hdec_top/hdc_src0_q_reg[1][0]/D (clocked by sys_clk). Large setup violations at the end of those stages might be difficult to fix during the post-placement implementation flow and could be the result of non-optimal XDC constraints or non-optimal design architecture
Related violations: <none>

TIMING-16#609 Warning
Large setup violation  
There is a large setup violation of -2.110 ns between i_ariane/gen_hdec_coprocessor.i_hdec_coprocessor/i_hdec_top/hperm_lane_slot_q_reg[1]/C (clocked by sys_clk) and i_ariane/gen_hdec_coprocessor.i_hdec_coprocessor/i_hdec_top/hperm_stage_q_reg[19]/D (clocked by sys_clk). Large setup violations at the end of those stages might be difficult to fix during the post-placement implementation flow and could be the result of non-optimal XDC constraints or non-optimal design architecture
Related violations: <none>

TIMING-16#610 Warning
Large setup violation  
There is a large setup violation of -2.110 ns between i_ariane/gen_hdec_coprocessor.i_hdec_coprocessor/i_hdec_top/i_vrf/gen_bank[0].vrf_mem_reg/CLKARDCLK (clocked by sys_clk) and i_ariane/gen_hdec_coprocessor.i_hdec_coprocessor/i_hdec_top/i_vec/payload_q_reg[0][2]/D (clocked by sys_clk). Large setup violations at the end of those stages might be difficult to fix during the post-placement implementation flow and could be the result of non-optimal XDC constraints or non-optimal design architecture
Related violations: <none>

TIMING-16#611 Warning
Large setup violation  
There is a large setup violation of -2.111 ns between i_ariane/gen_hdec_coprocessor.i_hdec_coprocessor/i_hdec_top/uop_p3_q_reg[subgroup_idx][1]_rep/C (clocked by sys_clk) and i_ariane/gen_hdec_coprocessor.i_hdec_coprocessor/i_hdec_top/hdc_src0_q_reg[0][45]/CE (clocked by sys_clk). Large setup violations at the end of those stages might be difficult to fix during the post-placement implementation flow and could be the result of non-optimal XDC constraints or non-optimal design architecture
Related violations: <none>

TIMING-16#612 Warning
Large setup violation  
There is a large setup violation of -2.111 ns between i_ariane/gen_hdec_coprocessor.i_hdec_coprocessor/i_hdec_top/uop_p3_q_reg[subgroup_idx][1]_rep/C (clocked by sys_clk) and i_ariane/gen_hdec_coprocessor.i_hdec_coprocessor/i_hdec_top/hdc_src0_q_reg[1][39]/CE (clocked by sys_clk). Large setup violations at the end of those stages might be difficult to fix during the post-placement implementation flow and could be the result of non-optimal XDC constraints or non-optimal design architecture
Related violations: <none>

TIMING-16#613 Warning
Large setup violation  
There is a large setup violation of -2.118 ns between i_ariane/gen_hdec_coprocessor.i_hdec_coprocessor/i_hdec_top/hperm_lane_slot_q_reg[1]/C (clocked by sys_clk) and i_ariane/gen_hdec_coprocessor.i_hdec_coprocessor/i_hdec_top/hperm_stage_q_reg[6]/D (clocked by sys_clk). Large setup violations at the end of those stages might be difficult to fix during the post-placement implementation flow and could be the result of non-optimal XDC constraints or non-optimal design architecture
Related violations: <none>

TIMING-16#614 Warning
Large setup violation  
There is a large setup violation of -2.119 ns between i_ariane/gen_hdec_coprocessor.i_hdec_coprocessor/i_hdec_top/ecc_fold_word_q_reg[1]/C (clocked by sys_clk) and i_ariane/gen_hdec_coprocessor.i_hdec_coprocessor/i_hdec_top/hdc_src0_q_reg[3][8]/D (clocked by sys_clk). Large setup violations at the end of those stages might be difficult to fix during the post-placement implementation flow and could be the result of non-optimal XDC constraints or non-optimal design architecture
Related violations: <none>

TIMING-16#615 Warning
Large setup violation  
There is a large setup violation of -2.120 ns between i_ariane/gen_hdec_coprocessor.i_hdec_coprocessor/i_hdec_top/hperm_lane_slot_q_reg[1]/C (clocked by sys_clk) and i_ariane/gen_hdec_coprocessor.i_hdec_coprocessor/i_hdec_top/hperm_stage_q_reg[22]/D (clocked by sys_clk). Large setup violations at the end of those stages might be difficult to fix during the post-placement implementation flow and could be the result of non-optimal XDC constraints or non-optimal design architecture
Related violations: <none>

TIMING-16#616 Warning
Large setup violation  
There is a large setup violation of -2.122 ns between i_ariane/gen_hdec_coprocessor.i_hdec_coprocessor/i_hdec_top/ecc_fold_word_q_reg[0]/C (clocked by sys_clk) and i_ariane/gen_hdec_coprocessor.i_hdec_coprocessor/i_hdec_top/hdc_src0_q_reg[0][57]/D (clocked by sys_clk). Large setup violations at the end of those stages might be difficult to fix during the post-placement implementation flow and could be the result of non-optimal XDC constraints or non-optimal design architecture
Related violations: <none>

TIMING-16#617 Warning
Large setup violation  
There is a large setup violation of -2.124 ns between i_ariane/gen_hdec_coprocessor.i_hdec_coprocessor/i_hdec_top/FSM_onehot_st_q_reg[44]/C (clocked by sys_clk) and i_ariane/gen_hdec_coprocessor.i_hdec_coprocessor/i_hdec_top/ecc_leaf_b_q_reg[3]/D (clocked by sys_clk). Large setup violations at the end of those stages might be difficult to fix during the post-placement implementation flow and could be the result of non-optimal XDC constraints or non-optimal design architecture
Related violations: <none>

TIMING-16#618 Warning
Large setup violation  
There is a large setup violation of -2.127 ns between i_ariane/gen_hdec_coprocessor.i_hdec_coprocessor/i_hdec_top/uop_p3_q_reg[subgroup_idx][1]_rep/C (clocked by sys_clk) and i_ariane/gen_hdec_coprocessor.i_hdec_coprocessor/i_hdec_top/hdc_src0_q_reg[2][15]/CE (clocked by sys_clk). Large setup violations at the end of those stages might be difficult to fix during the post-placement implementation flow and could be the result of non-optimal XDC constraints or non-optimal design architecture
Related violations: <none>

TIMING-16#619 Warning
Large setup violation  
There is a large setup violation of -2.127 ns between i_ariane/gen_hdec_coprocessor.i_hdec_coprocessor/i_hdec_top/uop_p3_q_reg[subgroup_idx][1]_rep/C (clocked by sys_clk) and i_ariane/gen_hdec_coprocessor.i_hdec_coprocessor/i_hdec_top/hdc_src0_q_reg[3][13]/CE (clocked by sys_clk). Large setup violations at the end of those stages might be difficult to fix during the post-placement implementation flow and could be the result of non-optimal XDC constraints or non-optimal design architecture
Related violations: <none>

TIMING-16#620 Warning
Large setup violation  
There is a large setup violation of -2.129 ns between i_ariane/gen_hdec_coprocessor.i_hdec_coprocessor/i_hdec_top/FSM_onehot_st_q_reg[41]/C (clocked by sys_clk) and i_ariane/gen_hdec_coprocessor.i_hdec_coprocessor/i_hdec_top/FSM_onehot_st_q_reg[8]/CE (clocked by sys_clk). Large setup violations at the end of those stages might be difficult to fix during the post-placement implementation flow and could be the result of non-optimal XDC constraints or non-optimal design architecture
Related violations: <none>

TIMING-16#621 Warning
Large setup violation  
There is a large setup violation of -2.130 ns between i_ariane/gen_hdec_coprocessor.i_hdec_coprocessor/i_hdec_top/ecc_fold_word_q_reg[1]/C (clocked by sys_clk) and i_ariane/gen_hdec_coprocessor.i_hdec_coprocessor/i_hdec_top/hdc_src0_q_reg[0][28]/D (clocked by sys_clk). Large setup violations at the end of those stages might be difficult to fix during the post-placement implementation flow and could be the result of non-optimal XDC constraints or non-optimal design architecture
Related violations: <none>

TIMING-16#622 Warning
Large setup violation  
There is a large setup violation of -2.130 ns between i_ariane/gen_hdec_coprocessor.i_hdec_coprocessor/i_hdec_top/uop_p2_q_reg[op_type][1]/C (clocked by sys_clk) and i_ariane/gen_hdec_coprocessor.i_hdec_coprocessor/i_hdec_top/i_vec/payload_q_reg[0][6]/CE (clocked by sys_clk). Large setup violations at the end of those stages might be difficult to fix during the post-placement implementation flow and could be the result of non-optimal XDC constraints or non-optimal design architecture
Related violations: <none>

TIMING-16#623 Warning
Large setup violation  
There is a large setup violation of -2.136 ns between i_ariane/gen_hdec_coprocessor.i_hdec_coprocessor/i_hdec_top/FSM_onehot_st_q_reg[41]/C (clocked by sys_clk) and i_ariane/gen_hdec_coprocessor.i_hdec_coprocessor/i_hdec_top/FSM_onehot_st_q_reg[34]/CE (clocked by sys_clk). Large setup violations at the end of those stages might be difficult to fix during the post-placement implementation flow and could be the result of non-optimal XDC constraints or non-optimal design architecture
Related violations: <none>

TIMING-16#624 Warning
Large setup violation  
There is a large setup violation of -2.138 ns between i_ariane/gen_hdec_coprocessor.i_hdec_coprocessor/i_hdec_top/ecc_fold_word_q_reg[1]/C (clocked by sys_clk) and i_ariane/gen_hdec_coprocessor.i_hdec_coprocessor/i_hdec_top/hdc_src0_q_reg[2][5]/D (clocked by sys_clk). Large setup violations at the end of those stages might be difficult to fix during the post-placement implementation flow and could be the result of non-optimal XDC constraints or non-optimal design architecture
Related violations: <none>

TIMING-16#625 Warning
Large setup violation  
There is a large setup violation of -2.138 ns between i_ariane/gen_hdec_coprocessor.i_hdec_coprocessor/i_hdec_top/i_vrf/gen_bank[3].vrf_mem_reg/CLKARDCLK (clocked by sys_clk) and i_ariane/gen_hdec_coprocessor.i_hdec_coprocessor/i_hdec_top/i_vec/payload_q_reg[3][10]/D (clocked by sys_clk). Large setup violations at the end of those stages might be difficult to fix during the post-placement implementation flow and could be the result of non-optimal XDC constraints or non-optimal design architecture
Related violations: <none>

TIMING-16#626 Warning
Large setup violation  
There is a large setup violation of -2.139 ns between i_ariane/gen_hdec_coprocessor.i_hdec_coprocessor/i_hdec_top/FSM_onehot_st_q_reg[44]/C (clocked by sys_clk) and i_ariane/gen_hdec_coprocessor.i_hdec_coprocessor/i_hdec_top/ecc_leaf_xor_b_q_reg[22]/D (clocked by sys_clk). Large setup violations at the end of those stages might be difficult to fix during the post-placement implementation flow and could be the result of non-optimal XDC constraints or non-optimal design architecture
Related violations: <none>

TIMING-16#627 Warning
Large setup violation  
There is a large setup violation of -2.141 ns between i_ariane/gen_hdec_coprocessor.i_hdec_coprocessor/i_hdec_top/FSM_onehot_st_q_reg[44]/C (clocked by sys_clk) and i_ariane/gen_hdec_coprocessor.i_hdec_coprocessor/i_hdec_top/ecc_leaf_xor_a_q_reg[14]/D (clocked by sys_clk). Large setup violations at the end of those stages might be difficult to fix during the post-placement implementation flow and could be the result of non-optimal XDC constraints or non-optimal design architecture
Related violations: <none>

TIMING-16#628 Warning
Large setup violation  
There is a large setup violation of -2.142 ns between i_ariane/gen_hdec_coprocessor.i_hdec_coprocessor/i_hdec_top/hperm_lane_slot_q_reg[1]/C (clocked by sys_clk) and i_ariane/gen_hdec_coprocessor.i_hdec_coprocessor/i_hdec_top/hperm_stage_q_reg[37]/D (clocked by sys_clk). Large setup violations at the end of those stages might be difficult to fix during the post-placement implementation flow and could be the result of non-optimal XDC constraints or non-optimal design architecture
Related violations: <none>

TIMING-16#629 Warning
Large setup violation  
There is a large setup violation of -2.159 ns between i_ariane/gen_hdec_coprocessor.i_hdec_coprocessor/i_hdec_top/i_vrf/gen_bank[0].vrf_mem_reg/CLKARDCLK (clocked by sys_clk) and i_ariane/gen_hdec_coprocessor.i_hdec_coprocessor/i_hdec_top/hperm_stage_q_reg[49]/D (clocked by sys_clk). Large setup violations at the end of those stages might be difficult to fix during the post-placement implementation flow and could be the result of non-optimal XDC constraints or non-optimal design architecture
Related violations: <none>

TIMING-16#630 Warning
Large setup violation  
There is a large setup violation of -2.161 ns between i_ariane/gen_hdec_coprocessor.i_hdec_coprocessor/i_hdec_top/FSM_onehot_st_q_reg[44]/C (clocked by sys_clk) and i_ariane/gen_hdec_coprocessor.i_hdec_coprocessor/i_hdec_top/ecc_leaf_xor_a_q_reg[22]/D (clocked by sys_clk). Large setup violations at the end of those stages might be difficult to fix during the post-placement implementation flow and could be the result of non-optimal XDC constraints or non-optimal design architecture
Related violations: <none>

TIMING-16#631 Warning
Large setup violation  
There is a large setup violation of -2.164 ns between i_ariane/gen_hdec_coprocessor.i_hdec_coprocessor/i_hdec_top/FSM_onehot_st_q_reg[44]/C (clocked by sys_clk) and i_ariane/gen_hdec_coprocessor.i_hdec_coprocessor/i_hdec_top/ecc_leaf_xor_a_q_reg[4]/D (clocked by sys_clk). Large setup violations at the end of those stages might be difficult to fix during the post-placement implementation flow and could be the result of non-optimal XDC constraints or non-optimal design architecture
Related violations: <none>

TIMING-16#632 Warning
Large setup violation  
There is a large setup violation of -2.168 ns between i_ariane/gen_hdec_coprocessor.i_hdec_coprocessor/i_hdec_top/ecc_autoreduce_q_reg/C (clocked by sys_clk) and i_ariane/gen_hdec_coprocessor.i_hdec_coprocessor/i_hdec_top/hdc_src0_q_reg[2][37]/CE (clocked by sys_clk). Large setup violations at the end of those stages might be difficult to fix during the post-placement implementation flow and could be the result of non-optimal XDC constraints or non-optimal design architecture
Related violations: <none>

TIMING-16#633 Warning
Large setup violation  
There is a large setup violation of -2.168 ns between i_ariane/gen_hdec_coprocessor.i_hdec_coprocessor/i_hdec_top/ecc_autoreduce_q_reg/C (clocked by sys_clk) and i_ariane/gen_hdec_coprocessor.i_hdec_coprocessor/i_hdec_top/hdc_src0_q_reg[2][38]/CE (clocked by sys_clk). Large setup violations at the end of those stages might be difficult to fix during the post-placement implementation flow and could be the result of non-optimal XDC constraints or non-optimal design architecture
Related violations: <none>

TIMING-16#634 Warning
Large setup violation  
There is a large setup violation of -2.172 ns between i_ariane/gen_hdec_coprocessor.i_hdec_coprocessor/i_hdec_top/i_vrf/gen_bank[2].vrf_mem_reg/CLKARDCLK (clocked by sys_clk) and i_ariane/gen_hdec_coprocessor.i_hdec_coprocessor/i_hdec_top/ecc_leaf_xor_b_q_reg[8]/D (clocked by sys_clk). Large setup violations at the end of those stages might be difficult to fix during the post-placement implementation flow and could be the result of non-optimal XDC constraints or non-optimal design architecture
Related violations: <none>

TIMING-16#635 Warning
Large setup violation  
There is a large setup violation of -2.176 ns between i_ariane/gen_hdec_coprocessor.i_hdec_coprocessor/i_hdec_top/i_vrf/gen_bank[1].vrf_mem_reg/CLKARDCLK (clocked by sys_clk) and i_ariane/gen_hdec_coprocessor.i_hdec_coprocessor/i_hdec_top/i_vec/payload_q_reg[1][2]/D (clocked by sys_clk). Large setup violations at the end of those stages might be difficult to fix during the post-placement implementation flow and could be the result of non-optimal XDC constraints or non-optimal design architecture
Related violations: <none>

TIMING-16#636 Warning
Large setup violation  
There is a large setup violation of -2.180 ns between i_ariane/gen_hdec_coprocessor.i_hdec_coprocessor/i_hdec_top/ecc_fold_word_q_reg[1]/C (clocked by sys_clk) and i_ariane/gen_hdec_coprocessor.i_hdec_coprocessor/i_hdec_top/hdc_src0_q_reg[0][59]/D (clocked by sys_clk). Large setup violations at the end of those stages might be difficult to fix during the post-placement implementation flow and could be the result of non-optimal XDC constraints or non-optimal design architecture
Related violations: <none>

TIMING-16#637 Warning
Large setup violation  
There is a large setup violation of -2.186 ns between i_ariane/gen_hdec_coprocessor.i_hdec_coprocessor/i_hdec_top/hperm_lane_slot_q_reg[1]/C (clocked by sys_clk) and i_ariane/gen_hdec_coprocessor.i_hdec_coprocessor/i_hdec_top/hperm_stage_q_reg[25]/D (clocked by sys_clk). Large setup violations at the end of those stages might be difficult to fix during the post-placement implementation flow and could be the result of non-optimal XDC constraints or non-optimal design architecture
Related violations: <none>

TIMING-16#638 Warning
Large setup violation  
There is a large setup violation of -2.187 ns between i_ariane/gen_hdec_coprocessor.i_hdec_coprocessor/i_hdec_top/i_vrf/gen_bank[0].vrf_mem_reg/CLKARDCLK (clocked by sys_clk) and i_ariane/gen_hdec_coprocessor.i_hdec_coprocessor/i_hdec_top/hperm_stage_q_reg[33]/D (clocked by sys_clk). Large setup violations at the end of those stages might be difficult to fix during the post-placement implementation flow and could be the result of non-optimal XDC constraints or non-optimal design architecture
Related violations: <none>

TIMING-16#639 Warning
Large setup violation  
There is a large setup violation of -2.189 ns between i_ariane/gen_hdec_coprocessor.i_hdec_coprocessor/i_hdec_top/i_vrf/gen_bank[0].vrf_mem_reg/CLKARDCLK (clocked by sys_clk) and i_ariane/gen_hdec_coprocessor.i_hdec_coprocessor/i_hdec_top/hperm_stage_q_reg[57]/D (clocked by sys_clk). Large setup violations at the end of those stages might be difficult to fix during the post-placement implementation flow and could be the result of non-optimal XDC constraints or non-optimal design architecture
Related violations: <none>

TIMING-16#640 Warning
Large setup violation  
There is a large setup violation of -2.191 ns between i_ariane/gen_hdec_coprocessor.i_hdec_coprocessor/i_hdec_top/ecc_fold_word_q_reg[1]/C (clocked by sys_clk) and i_ariane/gen_hdec_coprocessor.i_hdec_coprocessor/i_hdec_top/hdc_src0_q_reg[1][2]/D (clocked by sys_clk). Large setup violations at the end of those stages might be difficult to fix during the post-placement implementation flow and could be the result of non-optimal XDC constraints or non-optimal design architecture
Related violations: <none>

TIMING-16#641 Warning
Large setup violation  
There is a large setup violation of -2.199 ns between i_ariane/gen_hdec_coprocessor.i_hdec_coprocessor/i_hdec_top/i_vrf/gen_bank[3].vrf_mem_reg/CLKARDCLK (clocked by sys_clk) and i_ariane/gen_hdec_coprocessor.i_hdec_coprocessor/i_hdec_top/ecc_leaf_xor_b_q_reg[24]/D (clocked by sys_clk). Large setup violations at the end of those stages might be difficult to fix during the post-placement implementation flow and could be the result of non-optimal XDC constraints or non-optimal design architecture
Related violations: <none>

TIMING-16#642 Warning
Large setup violation  
There is a large setup violation of -2.206 ns between i_ariane/gen_hdec_coprocessor.i_hdec_coprocessor/i_hdec_top/ecc_fold_word_q_reg[1]/C (clocked by sys_clk) and i_ariane/gen_hdec_coprocessor.i_hdec_coprocessor/i_hdec_top/hdc_src0_q_reg[0][49]/D (clocked by sys_clk). Large setup violations at the end of those stages might be difficult to fix during the post-placement implementation flow and could be the result of non-optimal XDC constraints or non-optimal design architecture
Related violations: <none>

TIMING-16#643 Warning
Large setup violation  
There is a large setup violation of -2.209 ns between i_ariane/gen_hdec_coprocessor.i_hdec_coprocessor/i_hdec_top/ecc_fold_word_q_reg[1]/C (clocked by sys_clk) and i_ariane/gen_hdec_coprocessor.i_hdec_coprocessor/i_hdec_top/hdc_src0_q_reg[0][63]/D (clocked by sys_clk). Large setup violations at the end of those stages might be difficult to fix during the post-placement implementation flow and could be the result of non-optimal XDC constraints or non-optimal design architecture
Related violations: <none>

TIMING-16#644 Warning
Large setup violation  
There is a large setup violation of -2.210 ns between i_ariane/gen_hdec_coprocessor.i_hdec_coprocessor/i_hdec_top/hperm_lane_slot_q_reg[1]/C (clocked by sys_clk) and i_ariane/gen_hdec_coprocessor.i_hdec_coprocessor/i_hdec_top/hperm_stage_q_reg[3]/D (clocked by sys_clk). Large setup violations at the end of those stages might be difficult to fix during the post-placement implementation flow and could be the result of non-optimal XDC constraints or non-optimal design architecture
Related violations: <none>

TIMING-16#645 Warning
Large setup violation  
There is a large setup violation of -2.220 ns between i_ariane/gen_hdec_coprocessor.i_hdec_coprocessor/i_hdec_top/ecc_fold_word_q_reg[0]/C (clocked by sys_clk) and i_ariane/gen_hdec_coprocessor.i_hdec_coprocessor/i_hdec_top/hdc_src0_q_reg[3][24]/D (clocked by sys_clk). Large setup violations at the end of those stages might be difficult to fix during the post-placement implementation flow and could be the result of non-optimal XDC constraints or non-optimal design architecture
Related violations: <none>

TIMING-16#646 Warning
Large setup violation  
There is a large setup violation of -2.220 ns between i_ariane/gen_hdec_coprocessor.i_hdec_coprocessor/i_hdec_top/uop_p3_q_reg[subgroup_idx][1]_rep/C (clocked by sys_clk) and i_ariane/gen_hdec_coprocessor.i_hdec_coprocessor/i_hdec_top/hdc_src0_q_reg[1][47]/CE (clocked by sys_clk). Large setup violations at the end of those stages might be difficult to fix during the post-placement implementation flow and could be the result of non-optimal XDC constraints or non-optimal design architecture
Related violations: <none>

TIMING-16#647 Warning
Large setup violation  
There is a large setup violation of -2.222 ns between i_ariane/gen_hdec_coprocessor.i_hdec_coprocessor/i_hdec_top/hperm_lane_slot_q_reg[1]/C (clocked by sys_clk) and i_ariane/gen_hdec_coprocessor.i_hdec_coprocessor/i_hdec_top/hperm_stage_q_reg[68]/D (clocked by sys_clk). Large setup violations at the end of those stages might be difficult to fix during the post-placement implementation flow and could be the result of non-optimal XDC constraints or non-optimal design architecture
Related violations: <none>

TIMING-16#648 Warning
Large setup violation  
There is a large setup violation of -2.225 ns between i_ariane/gen_hdec_coprocessor.i_hdec_coprocessor/i_hdec_top/FSM_onehot_st_q_reg[44]/C (clocked by sys_clk) and i_ariane/gen_hdec_coprocessor.i_hdec_coprocessor/i_hdec_top/ecc_leaf_b_q_reg[14]/D (clocked by sys_clk). Large setup violations at the end of those stages might be difficult to fix during the post-placement implementation flow and could be the result of non-optimal XDC constraints or non-optimal design architecture
Related violations: <none>

TIMING-16#649 Warning
Large setup violation  
There is a large setup violation of -2.226 ns between i_ariane/gen_hdec_coprocessor.i_hdec_coprocessor/i_hdec_top/ecc_fold_word_q_reg[0]/C (clocked by sys_clk) and i_ariane/gen_hdec_coprocessor.i_hdec_coprocessor/i_hdec_top/hdc_src0_q_reg[2][59]/D (clocked by sys_clk). Large setup violations at the end of those stages might be difficult to fix during the post-placement implementation flow and could be the result of non-optimal XDC constraints or non-optimal design architecture
Related violations: <none>

TIMING-16#650 Warning
Large setup violation  
There is a large setup violation of -2.226 ns between i_ariane/gen_hdec_coprocessor.i_hdec_coprocessor/i_hdec_top/uop_p3_q_reg[subgroup_idx][1]_rep/C (clocked by sys_clk) and i_ariane/gen_hdec_coprocessor.i_hdec_coprocessor/i_hdec_top/hdc_src0_q_reg[2][14]/CE (clocked by sys_clk). Large setup violations at the end of those stages might be difficult to fix during the post-placement implementation flow and could be the result of non-optimal XDC constraints or non-optimal design architecture
Related violations: <none>

TIMING-16#651 Warning
Large setup violation  
There is a large setup violation of -2.228 ns between i_ariane/gen_hdec_coprocessor.i_hdec_coprocessor/i_hdec_top/ecc_autoreduce_q_reg/C (clocked by sys_clk) and i_ariane/gen_hdec_coprocessor.i_hdec_coprocessor/i_hdec_top/hdc_src0_q_reg[2][39]/CE (clocked by sys_clk). Large setup violations at the end of those stages might be difficult to fix during the post-placement implementation flow and could be the result of non-optimal XDC constraints or non-optimal design architecture
Related violations: <none>

TIMING-16#652 Warning
Large setup violation  
There is a large setup violation of -2.228 ns between i_ariane/gen_hdec_coprocessor.i_hdec_coprocessor/i_hdec_top/ecc_autoreduce_q_reg/C (clocked by sys_clk) and i_ariane/gen_hdec_coprocessor.i_hdec_coprocessor/i_hdec_top/hdc_src0_q_reg[2][45]/CE (clocked by sys_clk). Large setup violations at the end of those stages might be difficult to fix during the post-placement implementation flow and could be the result of non-optimal XDC constraints or non-optimal design architecture
Related violations: <none>

TIMING-16#653 Warning
Large setup violation  
There is a large setup violation of -2.228 ns between i_ariane/gen_hdec_coprocessor.i_hdec_coprocessor/i_hdec_top/ecc_autoreduce_q_reg/C (clocked by sys_clk) and i_ariane/gen_hdec_coprocessor.i_hdec_coprocessor/i_hdec_top/hdc_src0_q_reg[3][39]/CE (clocked by sys_clk). Large setup violations at the end of those stages might be difficult to fix during the post-placement implementation flow and could be the result of non-optimal XDC constraints or non-optimal design architecture
Related violations: <none>

TIMING-16#654 Warning
Large setup violation  
There is a large setup violation of -2.229 ns between i_ariane/gen_hdec_coprocessor.i_hdec_coprocessor/i_hdec_top/FSM_onehot_st_q_reg[44]/C (clocked by sys_clk) and i_ariane/gen_hdec_coprocessor.i_hdec_coprocessor/i_hdec_top/ecc_leaf_b_q_reg[30]/D (clocked by sys_clk). Large setup violations at the end of those stages might be difficult to fix during the post-placement implementation flow and could be the result of non-optimal XDC constraints or non-optimal design architecture
Related violations: <none>

TIMING-16#655 Warning
Large setup violation  
There is a large setup violation of -2.232 ns between i_ariane/gen_hdec_coprocessor.i_hdec_coprocessor/i_hdec_top/hperm_lane_slot_q_reg[1]/C (clocked by sys_clk) and i_ariane/gen_hdec_coprocessor.i_hdec_coprocessor/i_hdec_top/hperm_stage_q_reg[11]/D (clocked by sys_clk). Large setup violations at the end of those stages might be difficult to fix during the post-placement implementation flow and could be the result of non-optimal XDC constraints or non-optimal design architecture
Related violations: <none>

TIMING-16#656 Warning
Large setup violation  
There is a large setup violation of -2.233 ns between i_ariane/gen_hdec_coprocessor.i_hdec_coprocessor/i_hdec_top/FSM_onehot_st_q_reg[44]/C (clocked by sys_clk) and i_ariane/gen_hdec_coprocessor.i_hdec_coprocessor/i_hdec_top/ecc_leaf_b_q_reg[27]/D (clocked by sys_clk). Large setup violations at the end of those stages might be difficult to fix during the post-placement implementation flow and could be the result of non-optimal XDC constraints or non-optimal design architecture
Related violations: <none>

TIMING-16#657 Warning
Large setup violation  
There is a large setup violation of -2.234 ns between i_ariane/gen_hdec_coprocessor.i_hdec_coprocessor/i_hdec_top/hperm_lane_slot_q_reg[1]/C (clocked by sys_clk) and i_ariane/gen_hdec_coprocessor.i_hdec_coprocessor/i_hdec_top/hperm_stage_q_reg[27]/D (clocked by sys_clk). Large setup violations at the end of those stages might be difficult to fix during the post-placement implementation flow and could be the result of non-optimal XDC constraints or non-optimal design architecture
Related violations: <none>

TIMING-16#658 Warning
Large setup violation  
There is a large setup violation of -2.236 ns between i_ariane/gen_hdec_coprocessor.i_hdec_coprocessor/i_hdec_top/i_vrf/gen_bank[3].vrf_mem_reg/CLKARDCLK (clocked by sys_clk) and i_ariane/gen_hdec_coprocessor.i_hdec_coprocessor/i_hdec_top/ecc_leaf_xor_a_q_reg[24]/D (clocked by sys_clk). Large setup violations at the end of those stages might be difficult to fix during the post-placement implementation flow and could be the result of non-optimal XDC constraints or non-optimal design architecture
Related violations: <none>

TIMING-16#659 Warning
Large setup violation  
There is a large setup violation of -2.239 ns between i_ariane/gen_hdec_coprocessor.i_hdec_coprocessor/i_hdec_top/ecc_fold_word_q_reg[1]/C (clocked by sys_clk) and i_ariane/gen_hdec_coprocessor.i_hdec_coprocessor/i_hdec_top/hdc_src0_q_reg[3][3]/D (clocked by sys_clk). Large setup violations at the end of those stages might be difficult to fix during the post-placement implementation flow and could be the result of non-optimal XDC constraints or non-optimal design architecture
Related violations: <none>

TIMING-16#660 Warning
Large setup violation  
There is a large setup violation of -2.241 ns between i_ariane/gen_hdec_coprocessor.i_hdec_coprocessor/i_hdec_top/i_vrf/gen_bank[2].vrf_mem_reg/CLKARDCLK (clocked by sys_clk) and i_ariane/gen_hdec_coprocessor.i_hdec_coprocessor/i_hdec_top/ecc_leaf_xor_a_q_reg[8]/D (clocked by sys_clk). Large setup violations at the end of those stages might be difficult to fix during the post-placement implementation flow and could be the result of non-optimal XDC constraints or non-optimal design architecture
Related violations: <none>

TIMING-16#661 Warning
Large setup violation  
There is a large setup violation of -2.246 ns between i_ariane/gen_hdec_coprocessor.i_hdec_coprocessor/i_hdec_top/ecc_fold_word_q_reg[0]/C (clocked by sys_clk) and i_ariane/gen_hdec_coprocessor.i_hdec_coprocessor/i_hdec_top/hdc_src0_q_reg[2][37]/D (clocked by sys_clk). Large setup violations at the end of those stages might be difficult to fix during the post-placement implementation flow and could be the result of non-optimal XDC constraints or non-optimal design architecture
Related violations: <none>

TIMING-16#662 Warning
Large setup violation  
There is a large setup violation of -2.246 ns between i_ariane/gen_hdec_coprocessor.i_hdec_coprocessor/i_hdec_top/i_vrf/gen_bank[0].vrf_mem_reg/CLKARDCLK (clocked by sys_clk) and i_ariane/gen_hdec_coprocessor.i_hdec_coprocessor/i_hdec_top/i_vec/payload_q_reg[0][10]/D (clocked by sys_clk). Large setup violations at the end of those stages might be difficult to fix during the post-placement implementation flow and could be the result of non-optimal XDC constraints or non-optimal design architecture
Related violations: <none>

TIMING-16#663 Warning
Large setup violation  
There is a large setup violation of -2.250 ns between i_ariane/gen_hdec_coprocessor.i_hdec_coprocessor/i_hdec_top/hperm_lane_slot_q_reg[1]/C (clocked by sys_clk) and i_ariane/gen_hdec_coprocessor.i_hdec_coprocessor/i_hdec_top/hperm_stage_q_reg[20]/D (clocked by sys_clk). Large setup violations at the end of those stages might be difficult to fix during the post-placement implementation flow and could be the result of non-optimal XDC constraints or non-optimal design architecture
Related violations: <none>

TIMING-16#664 Warning
Large setup violation  
There is a large setup violation of -2.251 ns between i_ariane/gen_hdec_coprocessor.i_hdec_coprocessor/i_hdec_top/FSM_onehot_st_q_reg[44]/C (clocked by sys_clk) and i_ariane/gen_hdec_coprocessor.i_hdec_coprocessor/i_hdec_top/ecc_leaf_b_q_reg[19]/D (clocked by sys_clk). Large setup violations at the end of those stages might be difficult to fix during the post-placement implementation flow and could be the result of non-optimal XDC constraints or non-optimal design architecture
Related violations: <none>

TIMING-16#665 Warning
Large setup violation  
There is a large setup violation of -2.259 ns between i_ariane/gen_hdec_coprocessor.i_hdec_coprocessor/i_hdec_top/hperm_lane_slot_q_reg[1]/C (clocked by sys_clk) and i_ariane/gen_hdec_coprocessor.i_hdec_coprocessor/i_hdec_top/hperm_stage_q_reg[52]/D (clocked by sys_clk). Large setup violations at the end of those stages might be difficult to fix during the post-placement implementation flow and could be the result of non-optimal XDC constraints or non-optimal design architecture
Related violations: <none>

TIMING-16#666 Warning
Large setup violation  
There is a large setup violation of -2.260 ns between i_ariane/gen_hdec_coprocessor.i_hdec_coprocessor/i_hdec_top/hperm_lane_slot_q_reg[1]/C (clocked by sys_clk) and i_ariane/gen_hdec_coprocessor.i_hdec_coprocessor/i_hdec_top/hperm_stage_q_reg[36]/D (clocked by sys_clk). Large setup violations at the end of those stages might be difficult to fix during the post-placement implementation flow and could be the result of non-optimal XDC constraints or non-optimal design architecture
Related violations: <none>

TIMING-16#667 Warning
Large setup violation  
There is a large setup violation of -2.261 ns between i_ariane/gen_hdec_coprocessor.i_hdec_coprocessor/i_hdec_top/hperm_lane_slot_q_reg[1]/C (clocked by sys_clk) and i_ariane/gen_hdec_coprocessor.i_hdec_coprocessor/i_hdec_top/hperm_stage_q_reg[44]/D (clocked by sys_clk). Large setup violations at the end of those stages might be difficult to fix during the post-placement implementation flow and could be the result of non-optimal XDC constraints or non-optimal design architecture
Related violations: <none>

TIMING-16#668 Warning
Large setup violation  
There is a large setup violation of -2.271 ns between i_ariane/gen_hdec_coprocessor.i_hdec_coprocessor/i_hdec_top/FSM_onehot_st_q_reg[44]/C (clocked by sys_clk) and i_ariane/gen_hdec_coprocessor.i_hdec_coprocessor/i_hdec_top/ecc_leaf_b_q_reg[6]/D (clocked by sys_clk). Large setup violations at the end of those stages might be difficult to fix during the post-placement implementation flow and could be the result of non-optimal XDC constraints or non-optimal design architecture
Related violations: <none>

TIMING-16#669 Warning
Large setup violation  
There is a large setup violation of -2.273 ns between i_ariane/gen_hdec_coprocessor.i_hdec_coprocessor/i_hdec_top/i_vrf/gen_bank[1].vrf_mem_reg/CLKARDCLK (clocked by sys_clk) and i_ariane/gen_hdec_coprocessor.i_hdec_coprocessor/i_hdec_top/i_vec/payload_q_reg[1][4]/D (clocked by sys_clk). Large setup violations at the end of those stages might be difficult to fix during the post-placement implementation flow and could be the result of non-optimal XDC constraints or non-optimal design architecture
Related violations: <none>

TIMING-16#670 Warning
Large setup violation  
There is a large setup violation of -2.274 ns between i_ariane/gen_hdec_coprocessor.i_hdec_coprocessor/i_hdec_top/ecc_fold_word_q_reg[1]/C (clocked by sys_clk) and i_ariane/gen_hdec_coprocessor.i_hdec_coprocessor/i_hdec_top/hdc_src0_q_reg[0][53]/D (clocked by sys_clk). Large setup violations at the end of those stages might be difficult to fix during the post-placement implementation flow and could be the result of non-optimal XDC constraints or non-optimal design architecture
Related violations: <none>

TIMING-16#671 Warning
Large setup violation  
There is a large setup violation of -2.276 ns between i_ariane/gen_hdec_coprocessor.i_hdec_coprocessor/i_hdec_top/ecc_fold_word_q_reg[0]/C (clocked by sys_clk) and i_ariane/gen_hdec_coprocessor.i_hdec_coprocessor/i_hdec_top/hdc_src0_q_reg[2][57]/D (clocked by sys_clk). Large setup violations at the end of those stages might be difficult to fix during the post-placement implementation flow and could be the result of non-optimal XDC constraints or non-optimal design architecture
Related violations: <none>

TIMING-16#672 Warning
Large setup violation  
There is a large setup violation of -2.278 ns between i_ariane/gen_hdec_coprocessor.i_hdec_coprocessor/i_hdec_top/FSM_onehot_st_q_reg[41]/C (clocked by sys_clk) and i_ariane/gen_hdec_coprocessor.i_hdec_coprocessor/i_hdec_top/FSM_onehot_st_q_reg[26]/CE (clocked by sys_clk). Large setup violations at the end of those stages might be difficult to fix during the post-placement implementation flow and could be the result of non-optimal XDC constraints or non-optimal design architecture
Related violations: <none>

TIMING-16#673 Warning
Large setup violation  
There is a large setup violation of -2.278 ns between i_ariane/gen_hdec_coprocessor.i_hdec_coprocessor/i_hdec_top/i_vrf/gen_bank[0].vrf_mem_reg/CLKARDCLK (clocked by sys_clk) and i_ariane/gen_hdec_coprocessor.i_hdec_coprocessor/i_hdec_top/hperm_stage_q_reg[41]/D (clocked by sys_clk). Large setup violations at the end of those stages might be difficult to fix during the post-placement implementation flow and could be the result of non-optimal XDC constraints or non-optimal design architecture
Related violations: <none>

TIMING-16#674 Warning
Large setup violation  
There is a large setup violation of -2.279 ns between i_ariane/gen_hdec_coprocessor.i_hdec_coprocessor/i_hdec_top/FSM_onehot_st_q_reg[44]/C (clocked by sys_clk) and i_ariane/gen_hdec_coprocessor.i_hdec_coprocessor/i_hdec_top/ecc_leaf_xor_b_q_reg[30]/D (clocked by sys_clk). Large setup violations at the end of those stages might be difficult to fix during the post-placement implementation flow and could be the result of non-optimal XDC constraints or non-optimal design architecture
Related violations: <none>

TIMING-16#675 Warning
Large setup violation  
There is a large setup violation of -2.281 ns between i_ariane/gen_hdec_coprocessor.i_hdec_coprocessor/i_hdec_top/hperm_lane_slot_q_reg[1]/C (clocked by sys_clk) and i_ariane/gen_hdec_coprocessor.i_hdec_coprocessor/i_hdec_top/hperm_stage_q_reg[61]/D (clocked by sys_clk). Large setup violations at the end of those stages might be difficult to fix during the post-placement implementation flow and could be the result of non-optimal XDC constraints or non-optimal design architecture
Related violations: <none>

TIMING-16#676 Warning
Large setup violation  
There is a large setup violation of -2.282 ns between i_ariane/gen_hdec_coprocessor.i_hdec_coprocessor/i_hdec_top/ecc_fold_word_q_reg[1]/C (clocked by sys_clk) and i_ariane/gen_hdec_coprocessor.i_hdec_coprocessor/i_hdec_top/hdc_src0_q_reg[2][51]/D (clocked by sys_clk). Large setup violations at the end of those stages might be difficult to fix during the post-placement implementation flow and could be the result of non-optimal XDC constraints or non-optimal design architecture
Related violations: <none>

TIMING-16#677 Warning
Large setup violation  
There is a large setup violation of -2.287 ns between i_ariane/gen_hdec_coprocessor.i_hdec_coprocessor/i_hdec_top/FSM_onehot_st_q_reg[41]/C (clocked by sys_clk) and i_ariane/gen_hdec_coprocessor.i_hdec_coprocessor/i_hdec_top/FSM_onehot_st_q_reg[42]/CE (clocked by sys_clk). Large setup violations at the end of those stages might be difficult to fix during the post-placement implementation flow and could be the result of non-optimal XDC constraints or non-optimal design architecture
Related violations: <none>

TIMING-16#678 Warning
Large setup violation  
There is a large setup violation of -2.299 ns between i_ariane/gen_hdec_coprocessor.i_hdec_coprocessor/i_hdec_top/i_vrf/gen_bank[3].vrf_mem_reg/CLKARDCLK (clocked by sys_clk) and i_ariane/gen_hdec_coprocessor.i_hdec_coprocessor/i_hdec_top/i_vec/payload_q_reg[3][11]/D (clocked by sys_clk). Large setup violations at the end of those stages might be difficult to fix during the post-placement implementation flow and could be the result of non-optimal XDC constraints or non-optimal design architecture
Related violations: <none>

TIMING-16#679 Warning
Large setup violation  
There is a large setup violation of -2.301 ns between i_ariane/gen_hdec_coprocessor.i_hdec_coprocessor/i_hdec_top/ecc_fold_word_q_reg[1]/C (clocked by sys_clk) and i_ariane/gen_hdec_coprocessor.i_hdec_coprocessor/i_hdec_top/hdc_src0_q_reg[1][9]/D (clocked by sys_clk). Large setup violations at the end of those stages might be difficult to fix during the post-placement implementation flow and could be the result of non-optimal XDC constraints or non-optimal design architecture
Related violations: <none>

TIMING-16#680 Warning
Large setup violation  
There is a large setup violation of -2.304 ns between i_ariane/gen_hdec_coprocessor.i_hdec_coprocessor/i_hdec_top/ecc_fold_word_q_reg[1]/C (clocked by sys_clk) and i_ariane/gen_hdec_coprocessor.i_hdec_coprocessor/i_hdec_top/hdc_src0_q_reg[0][52]/D (clocked by sys_clk). Large setup violations at the end of those stages might be difficult to fix during the post-placement implementation flow and could be the result of non-optimal XDC constraints or non-optimal design architecture
Related violations: <none>

TIMING-16#681 Warning
Large setup violation  
There is a large setup violation of -2.306 ns between i_ariane/gen_hdec_coprocessor.i_hdec_coprocessor/i_hdec_top/FSM_onehot_st_q_reg[45]/C (clocked by sys_clk) and i_ariane/gen_hdec_coprocessor.i_hdec_coprocessor/i_hdec_top/i_vrf/gen_bank[1].vrf_mem_reg/DIBDI[15] (clocked by sys_clk). Large setup violations at the end of those stages might be difficult to fix during the post-placement implementation flow and could be the result of non-optimal XDC constraints or non-optimal design architecture
Related violations: <none>

TIMING-16#682 Warning
Large setup violation  
There is a large setup violation of -2.307 ns between i_ariane/gen_hdec_coprocessor.i_hdec_coprocessor/i_hdec_top/FSM_onehot_st_q_reg[44]/C (clocked by sys_clk) and i_ariane/gen_hdec_coprocessor.i_hdec_coprocessor/i_hdec_top/ecc_leaf_a_q_reg[5]/D (clocked by sys_clk). Large setup violations at the end of those stages might be difficult to fix during the post-placement implementation flow and could be the result of non-optimal XDC constraints or non-optimal design architecture
Related violations: <none>

TIMING-16#683 Warning
Large setup violation  
There is a large setup violation of -2.312 ns between i_ariane/gen_hdec_coprocessor.i_hdec_coprocessor/i_hdec_top/uop_p3_q_reg[subgroup_idx][1]_rep/C (clocked by sys_clk) and i_ariane/gen_hdec_coprocessor.i_hdec_coprocessor/i_hdec_top/hdc_src0_q_reg[0][35]/CE (clocked by sys_clk). Large setup violations at the end of those stages might be difficult to fix during the post-placement implementation flow and could be the result of non-optimal XDC constraints or non-optimal design architecture
Related violations: <none>

TIMING-16#684 Warning
Large setup violation  
There is a large setup violation of -2.312 ns between i_ariane/gen_hdec_coprocessor.i_hdec_coprocessor/i_hdec_top/uop_p3_q_reg[subgroup_idx][1]_rep/C (clocked by sys_clk) and i_ariane/gen_hdec_coprocessor.i_hdec_coprocessor/i_hdec_top/hdc_src0_q_reg[1][35]/CE (clocked by sys_clk). Large setup violations at the end of those stages might be difficult to fix during the post-placement implementation flow and could be the result of non-optimal XDC constraints or non-optimal design architecture
Related violations: <none>

TIMING-16#685 Warning
Large setup violation  
There is a large setup violation of -2.312 ns between i_ariane/gen_hdec_coprocessor.i_hdec_coprocessor/i_hdec_top/uop_p3_q_reg[subgroup_idx][1]_rep/C (clocked by sys_clk) and i_ariane/gen_hdec_coprocessor.i_hdec_coprocessor/i_hdec_top/hdc_src0_q_reg[1][38]/CE (clocked by sys_clk). Large setup violations at the end of those stages might be difficult to fix during the post-placement implementation flow and could be the result of non-optimal XDC constraints or non-optimal design architecture
Related violations: <none>

TIMING-16#686 Warning
Large setup violation  
There is a large setup violation of -2.315 ns between i_ariane/gen_hdec_coprocessor.i_hdec_coprocessor/i_hdec_top/ecc_fold_word_q_reg[1]/C (clocked by sys_clk) and i_ariane/gen_hdec_coprocessor.i_hdec_coprocessor/i_hdec_top/hdc_src0_q_reg[3][33]/D (clocked by sys_clk). Large setup violations at the end of those stages might be difficult to fix during the post-placement implementation flow and could be the result of non-optimal XDC constraints or non-optimal design architecture
Related violations: <none>

TIMING-16#687 Warning
Large setup violation  
There is a large setup violation of -2.320 ns between i_ariane/gen_hdec_coprocessor.i_hdec_coprocessor/i_hdec_top/ecc_autoreduce_q_reg/C (clocked by sys_clk) and i_ariane/gen_hdec_coprocessor.i_hdec_coprocessor/i_hdec_top/hdc_src0_q_reg[3][41]/CE (clocked by sys_clk). Large setup violations at the end of those stages might be difficult to fix during the post-placement implementation flow and could be the result of non-optimal XDC constraints or non-optimal design architecture
Related violations: <none>

TIMING-16#688 Warning
Large setup violation  
There is a large setup violation of -2.324 ns between i_ariane/gen_hdec_coprocessor.i_hdec_coprocessor/i_hdec_top/uop_p3_q_reg[subgroup_idx][1]_rep/C (clocked by sys_clk) and i_ariane/gen_hdec_coprocessor.i_hdec_coprocessor/i_hdec_top/hdc_src0_q_reg[3][47]/D (clocked by sys_clk). Large setup violations at the end of those stages might be difficult to fix during the post-placement implementation flow and could be the result of non-optimal XDC constraints or non-optimal design architecture
Related violations: <none>

TIMING-16#689 Warning
Large setup violation  
There is a large setup violation of -2.327 ns between i_ariane/gen_hdec_coprocessor.i_hdec_coprocessor/i_hdec_top/ecc_fold_word_q_reg[0]/C (clocked by sys_clk) and i_ariane/gen_hdec_coprocessor.i_hdec_coprocessor/i_hdec_top/hdc_src0_q_reg[3][14]/D (clocked by sys_clk). Large setup violations at the end of those stages might be difficult to fix during the post-placement implementation flow and could be the result of non-optimal XDC constraints or non-optimal design architecture
Related violations: <none>

TIMING-16#690 Warning
Large setup violation  
There is a large setup violation of -2.327 ns between i_ariane/gen_hdec_coprocessor.i_hdec_coprocessor/i_hdec_top/ecc_fold_word_q_reg[0]/C (clocked by sys_clk) and i_ariane/gen_hdec_coprocessor.i_hdec_coprocessor/i_hdec_top/hdc_src0_q_reg[3][23]/D (clocked by sys_clk). Large setup violations at the end of those stages might be difficult to fix during the post-placement implementation flow and could be the result of non-optimal XDC constraints or non-optimal design architecture
Related violations: <none>

TIMING-16#691 Warning
Large setup violation  
There is a large setup violation of -2.328 ns between i_ariane/gen_hdec_coprocessor.i_hdec_coprocessor/i_hdec_top/FSM_onehot_st_q_reg[44]/C (clocked by sys_clk) and i_ariane/gen_hdec_coprocessor.i_hdec_coprocessor/i_hdec_top/ecc_leaf_a_q_reg[15]/D (clocked by sys_clk). Large setup violations at the end of those stages might be difficult to fix during the post-placement implementation flow and could be the result of non-optimal XDC constraints or non-optimal design architecture
Related violations: <none>

TIMING-16#692 Warning
Large setup violation  
There is a large setup violation of -2.329 ns between i_ariane/gen_hdec_coprocessor.i_hdec_coprocessor/i_hdec_top/i_vrf/gen_bank[0].vrf_mem_reg/CLKARDCLK (clocked by sys_clk) and i_ariane/gen_hdec_coprocessor.i_hdec_coprocessor/i_hdec_top/i_vec/payload_q_reg[0][9]/D (clocked by sys_clk). Large setup violations at the end of those stages might be difficult to fix during the post-placement implementation flow and could be the result of non-optimal XDC constraints or non-optimal design architecture
Related violations: <none>

TIMING-16#693 Warning
Large setup violation  
There is a large setup violation of -2.331 ns between i_ariane/gen_hdec_coprocessor.i_hdec_coprocessor/i_hdec_top/ecc_fold_word_q_reg[1]/C (clocked by sys_clk) and i_ariane/gen_hdec_coprocessor.i_hdec_coprocessor/i_hdec_top/hdc_src0_q_reg[2][53]/D (clocked by sys_clk). Large setup violations at the end of those stages might be difficult to fix during the post-placement implementation flow and could be the result of non-optimal XDC constraints or non-optimal design architecture
Related violations: <none>

TIMING-16#694 Warning
Large setup violation  
There is a large setup violation of -2.331 ns between i_ariane/gen_hdec_coprocessor.i_hdec_coprocessor/i_hdec_top/i_vrf/gen_bank[0].vrf_mem_reg/CLKARDCLK (clocked by sys_clk) and i_ariane/gen_hdec_coprocessor.i_hdec_coprocessor/i_hdec_top/i_vec/payload_q_reg[0][11]/D (clocked by sys_clk). Large setup violations at the end of those stages might be difficult to fix during the post-placement implementation flow and could be the result of non-optimal XDC constraints or non-optimal design architecture
Related violations: <none>

TIMING-16#695 Warning
Large setup violation  
There is a large setup violation of -2.335 ns between i_ariane/gen_hdec_coprocessor.i_hdec_coprocessor/i_hdec_top/ecc_fold_word_q_reg[1]/C (clocked by sys_clk) and i_ariane/gen_hdec_coprocessor.i_hdec_coprocessor/i_hdec_top/hdc_src0_q_reg[1][8]/D (clocked by sys_clk). Large setup violations at the end of those stages might be difficult to fix during the post-placement implementation flow and could be the result of non-optimal XDC constraints or non-optimal design architecture
Related violations: <none>

TIMING-16#696 Warning
Large setup violation  
There is a large setup violation of -2.337 ns between i_ariane/gen_hdec_coprocessor.i_hdec_coprocessor/i_hdec_top/uop_p3_q_reg[subgroup_idx][1]_rep/C (clocked by sys_clk) and i_ariane/gen_hdec_coprocessor.i_hdec_coprocessor/i_hdec_top/hdc_src0_q_reg[1][37]/CE (clocked by sys_clk). Large setup violations at the end of those stages might be difficult to fix during the post-placement implementation flow and could be the result of non-optimal XDC constraints or non-optimal design architecture
Related violations: <none>

TIMING-16#697 Warning
Large setup violation  
There is a large setup violation of -2.339 ns between i_ariane/gen_hdec_coprocessor.i_hdec_coprocessor/i_hdec_top/ecc_fold_word_q_reg[1]/C (clocked by sys_clk) and i_ariane/gen_hdec_coprocessor.i_hdec_coprocessor/i_hdec_top/hdc_src0_q_reg[1][31]/D (clocked by sys_clk). Large setup violations at the end of those stages might be difficult to fix during the post-placement implementation flow and could be the result of non-optimal XDC constraints or non-optimal design architecture
Related violations: <none>

TIMING-16#698 Warning
Large setup violation  
There is a large setup violation of -2.340 ns between i_ariane/gen_hdec_coprocessor.i_hdec_coprocessor/i_hdec_top/hperm_lane_slot_q_reg[1]/C (clocked by sys_clk) and i_ariane/gen_hdec_coprocessor.i_hdec_coprocessor/i_hdec_top/hperm_stage_q_reg[28]/D (clocked by sys_clk). Large setup violations at the end of those stages might be difficult to fix during the post-placement implementation flow and could be the result of non-optimal XDC constraints or non-optimal design architecture
Related violations: <none>

TIMING-16#699 Warning
Large setup violation  
There is a large setup violation of -2.343 ns between i_ariane/gen_hdec_coprocessor.i_hdec_coprocessor/i_hdec_top/i_vrf/gen_bank[1].vrf_mem_reg/CLKARDCLK (clocked by sys_clk) and i_ariane/gen_hdec_coprocessor.i_hdec_coprocessor/i_hdec_top/i_vec/payload_q_reg[1][3]/D (clocked by sys_clk). Large setup violations at the end of those stages might be difficult to fix during the post-placement implementation flow and could be the result of non-optimal XDC constraints or non-optimal design architecture
Related violations: <none>

TIMING-16#700 Warning
Large setup violation  
There is a large setup violation of -2.345 ns between i_ariane/gen_hdec_coprocessor.i_hdec_coprocessor/i_hdec_top/ecc_fold_word_q_reg[0]/C (clocked by sys_clk) and i_ariane/gen_hdec_coprocessor.i_hdec_coprocessor/i_hdec_top/hdc_src0_q_reg[3][32]/D (clocked by sys_clk). Large setup violations at the end of those stages might be difficult to fix during the post-placement implementation flow and could be the result of non-optimal XDC constraints or non-optimal design architecture
Related violations: <none>

TIMING-16#701 Warning
Large setup violation  
There is a large setup violation of -2.347 ns between i_ariane/gen_hdec_coprocessor.i_hdec_coprocessor/i_hdec_top/FSM_onehot_st_q_reg[45]/C (clocked by sys_clk) and i_ariane/gen_hdec_coprocessor.i_hdec_coprocessor/i_hdec_top/i_vrf/gen_bank[1].vrf_mem_reg/DIADI[2] (clocked by sys_clk). Large setup violations at the end of those stages might be difficult to fix during the post-placement implementation flow and could be the result of non-optimal XDC constraints or non-optimal design architecture
Related violations: <none>

TIMING-16#702 Warning
Large setup violation  
There is a large setup violation of -2.349 ns between i_ariane/gen_hdec_coprocessor.i_hdec_coprocessor/i_hdec_top/FSM_onehot_st_q_reg[44]/C (clocked by sys_clk) and i_ariane/gen_hdec_coprocessor.i_hdec_coprocessor/i_hdec_top/ecc_leaf_b_q_reg[9]/D (clocked by sys_clk). Large setup violations at the end of those stages might be difficult to fix during the post-placement implementation flow and could be the result of non-optimal XDC constraints or non-optimal design architecture
Related violations: <none>

TIMING-16#703 Warning
Large setup violation  
There is a large setup violation of -2.353 ns between i_ariane/gen_hdec_coprocessor.i_hdec_coprocessor/i_hdec_top/ecc_fold_word_q_reg[0]/C (clocked by sys_clk) and i_ariane/gen_hdec_coprocessor.i_hdec_coprocessor/i_hdec_top/hdc_src0_q_reg[1][27]/D (clocked by sys_clk). Large setup violations at the end of those stages might be difficult to fix during the post-placement implementation flow and could be the result of non-optimal XDC constraints or non-optimal design architecture
Related violations: <none>

TIMING-16#704 Warning
Large setup violation  
There is a large setup violation of -2.363 ns between i_ariane/gen_hdec_coprocessor.i_hdec_coprocessor/i_hdec_top/FSM_onehot_st_q_reg[41]/C (clocked by sys_clk) and i_ariane/gen_hdec_coprocessor.i_hdec_coprocessor/i_hdec_top/FSM_onehot_st_q_reg[45]/CE (clocked by sys_clk). Large setup violations at the end of those stages might be difficult to fix during the post-placement implementation flow and could be the result of non-optimal XDC constraints or non-optimal design architecture
Related violations: <none>

TIMING-16#705 Warning
Large setup violation  
There is a large setup violation of -2.366 ns between i_ariane/gen_hdec_coprocessor.i_hdec_coprocessor/i_hdec_top/FSM_onehot_st_q_reg[44]/C (clocked by sys_clk) and i_ariane/gen_hdec_coprocessor.i_hdec_coprocessor/i_hdec_top/ecc_leaf_xor_b_q_reg[14]/D (clocked by sys_clk). Large setup violations at the end of those stages might be difficult to fix during the post-placement implementation flow and could be the result of non-optimal XDC constraints or non-optimal design architecture
Related violations: <none>

TIMING-16#706 Warning
Large setup violation  
There is a large setup violation of -2.366 ns between i_ariane/gen_hdec_coprocessor.i_hdec_coprocessor/i_hdec_top/ecc_fold_word_q_reg[1]/C (clocked by sys_clk) and i_ariane/gen_hdec_coprocessor.i_hdec_coprocessor/i_hdec_top/hdc_src0_q_reg[1][23]/D (clocked by sys_clk). Large setup violations at the end of those stages might be difficult to fix during the post-placement implementation flow and could be the result of non-optimal XDC constraints or non-optimal design architecture
Related violations: <none>

TIMING-16#707 Warning
Large setup violation  
There is a large setup violation of -2.367 ns between i_ariane/gen_hdec_coprocessor.i_hdec_coprocessor/i_hdec_top/ecc_fold_word_q_reg[0]/C (clocked by sys_clk) and i_ariane/gen_hdec_coprocessor.i_hdec_coprocessor/i_hdec_top/hdc_src0_q_reg[3][25]/D (clocked by sys_clk). Large setup violations at the end of those stages might be difficult to fix during the post-placement implementation flow and could be the result of non-optimal XDC constraints or non-optimal design architecture
Related violations: <none>

TIMING-16#708 Warning
Large setup violation  
There is a large setup violation of -2.369 ns between i_ariane/gen_hdec_coprocessor.i_hdec_coprocessor/i_hdec_top/i_vrf/gen_bank[3].vrf_mem_reg/CLKARDCLK (clocked by sys_clk) and i_ariane/gen_hdec_coprocessor.i_hdec_coprocessor/i_hdec_top/i_vec/payload_q_reg[3][9]/D (clocked by sys_clk). Large setup violations at the end of those stages might be difficult to fix during the post-placement implementation flow and could be the result of non-optimal XDC constraints or non-optimal design architecture
Related violations: <none>

TIMING-16#709 Warning
Large setup violation  
There is a large setup violation of -2.373 ns between i_ariane/gen_hdec_coprocessor.i_hdec_coprocessor/i_hdec_top/ecc_fold_word_q_reg[1]/C (clocked by sys_clk) and i_ariane/gen_hdec_coprocessor.i_hdec_coprocessor/i_hdec_top/hdc_src0_q_reg[0][50]/D (clocked by sys_clk). Large setup violations at the end of those stages might be difficult to fix during the post-placement implementation flow and could be the result of non-optimal XDC constraints or non-optimal design architecture
Related violations: <none>

TIMING-16#710 Warning
Large setup violation  
There is a large setup violation of -2.382 ns between i_ariane/gen_hdec_coprocessor.i_hdec_coprocessor/i_hdec_top/FSM_onehot_st_q_reg[44]/C (clocked by sys_clk) and i_ariane/gen_hdec_coprocessor.i_hdec_coprocessor/i_hdec_top/ecc_leaf_xor_a_q_reg[30]/D (clocked by sys_clk). Large setup violations at the end of those stages might be difficult to fix during the post-placement implementation flow and could be the result of non-optimal XDC constraints or non-optimal design architecture
Related violations: <none>

TIMING-16#711 Warning
Large setup violation  
There is a large setup violation of -2.387 ns between i_ariane/gen_hdec_coprocessor.i_hdec_coprocessor/i_hdec_top/FSM_onehot_st_q_reg[41]/C (clocked by sys_clk) and i_ariane/gen_hdec_coprocessor.i_hdec_coprocessor/i_hdec_top/FSM_onehot_st_q_reg[43]/CE (clocked by sys_clk). Large setup violations at the end of those stages might be difficult to fix during the post-placement implementation flow and could be the result of non-optimal XDC constraints or non-optimal design architecture
Related violations: <none>

TIMING-16#712 Warning
Large setup violation  
There is a large setup violation of -2.387 ns between i_ariane/gen_hdec_coprocessor.i_hdec_coprocessor/i_hdec_top/FSM_onehot_st_q_reg[41]/C (clocked by sys_clk) and i_ariane/gen_hdec_coprocessor.i_hdec_coprocessor/i_hdec_top/FSM_onehot_st_q_reg[43]_rep/CE (clocked by sys_clk). Large setup violations at the end of those stages might be difficult to fix during the post-placement implementation flow and could be the result of non-optimal XDC constraints or non-optimal design architecture
Related violations: <none>

TIMING-16#713 Warning
Large setup violation  
There is a large setup violation of -2.394 ns between i_ariane/gen_hdec_coprocessor.i_hdec_coprocessor/i_hdec_top/ecc_fold_word_q_reg[0]/C (clocked by sys_clk) and i_ariane/gen_hdec_coprocessor.i_hdec_coprocessor/i_hdec_top/hdc_src0_q_reg[3][4]/D (clocked by sys_clk). Large setup violations at the end of those stages might be difficult to fix during the post-placement implementation flow and could be the result of non-optimal XDC constraints or non-optimal design architecture
Related violations: <none>

TIMING-16#714 Warning
Large setup violation  
There is a large setup violation of -2.397 ns between i_ariane/gen_hdec_coprocessor.i_hdec_coprocessor/i_hdec_top/ecc_fold_word_q_reg[1]/C (clocked by sys_clk) and i_ariane/gen_hdec_coprocessor.i_hdec_coprocessor/i_hdec_top/hdc_src0_q_reg[2][60]/D (clocked by sys_clk). Large setup violations at the end of those stages might be difficult to fix during the post-placement implementation flow and could be the result of non-optimal XDC constraints or non-optimal design architecture
Related violations: <none>

TIMING-16#715 Warning
Large setup violation  
There is a large setup violation of -2.402 ns between i_ariane/gen_hdec_coprocessor.i_hdec_coprocessor/i_hdec_top/ecc_fold_word_q_reg[1]/C (clocked by sys_clk) and i_ariane/gen_hdec_coprocessor.i_hdec_coprocessor/i_hdec_top/hdc_src0_q_reg[3][2]/D (clocked by sys_clk). Large setup violations at the end of those stages might be difficult to fix during the post-placement implementation flow and could be the result of non-optimal XDC constraints or non-optimal design architecture
Related violations: <none>

TIMING-16#716 Warning
Large setup violation  
There is a large setup violation of -2.413 ns between i_ariane/gen_hdec_coprocessor.i_hdec_coprocessor/i_hdec_top/ecc_fold_word_q_reg[1]/C (clocked by sys_clk) and i_ariane/gen_hdec_coprocessor.i_hdec_coprocessor/i_hdec_top/hdc_src0_q_reg[2][49]/D (clocked by sys_clk). Large setup violations at the end of those stages might be difficult to fix during the post-placement implementation flow and could be the result of non-optimal XDC constraints or non-optimal design architecture
Related violations: <none>

TIMING-16#717 Warning
Large setup violation  
There is a large setup violation of -2.413 ns between i_ariane/gen_hdec_coprocessor.i_hdec_coprocessor/i_hdec_top/ecc_fold_word_q_reg[1]/C (clocked by sys_clk) and i_ariane/gen_hdec_coprocessor.i_hdec_coprocessor/i_hdec_top/hdc_src0_q_reg[2][8]/D (clocked by sys_clk). Large setup violations at the end of those stages might be difficult to fix during the post-placement implementation flow and could be the result of non-optimal XDC constraints or non-optimal design architecture
Related violations: <none>

TIMING-16#718 Warning
Large setup violation  
There is a large setup violation of -2.422 ns between i_ariane/gen_hdec_coprocessor.i_hdec_coprocessor/i_hdec_top/ecc_fold_word_q_reg[0]/C (clocked by sys_clk) and i_ariane/gen_hdec_coprocessor.i_hdec_coprocessor/i_hdec_top/hdc_src0_q_reg[3][27]/D (clocked by sys_clk). Large setup violations at the end of those stages might be difficult to fix during the post-placement implementation flow and could be the result of non-optimal XDC constraints or non-optimal design architecture
Related violations: <none>

TIMING-16#719 Warning
Large setup violation  
There is a large setup violation of -2.425 ns between i_ariane/gen_hdec_coprocessor.i_hdec_coprocessor/i_hdec_top/ecc_fold_word_q_reg[1]/C (clocked by sys_clk) and i_ariane/gen_hdec_coprocessor.i_hdec_coprocessor/i_hdec_top/hdc_src0_q_reg[3][20]/D (clocked by sys_clk). Large setup violations at the end of those stages might be difficult to fix during the post-placement implementation flow and could be the result of non-optimal XDC constraints or non-optimal design architecture
Related violations: <none>

TIMING-16#720 Warning
Large setup violation  
There is a large setup violation of -2.430 ns between i_ariane/gen_hdec_coprocessor.i_hdec_coprocessor/i_hdec_top/ecc_fold_word_q_reg[0]/C (clocked by sys_clk) and i_ariane/gen_hdec_coprocessor.i_hdec_coprocessor/i_hdec_top/hdc_src0_q_reg[3][30]/D (clocked by sys_clk). Large setup violations at the end of those stages might be difficult to fix during the post-placement implementation flow and could be the result of non-optimal XDC constraints or non-optimal design architecture
Related violations: <none>

TIMING-16#721 Warning
Large setup violation  
There is a large setup violation of -2.430 ns between i_ariane/gen_hdec_coprocessor.i_hdec_coprocessor/i_hdec_top/i_vrf/gen_bank[1].vrf_mem_reg/CLKARDCLK (clocked by sys_clk) and i_ariane/gen_hdec_coprocessor.i_hdec_coprocessor/i_hdec_top/i_vec/payload_q_reg[1][5]/D (clocked by sys_clk). Large setup violations at the end of those stages might be difficult to fix during the post-placement implementation flow and could be the result of non-optimal XDC constraints or non-optimal design architecture
Related violations: <none>

TIMING-16#722 Warning
Large setup violation  
There is a large setup violation of -2.432 ns between i_ariane/gen_hdec_coprocessor.i_hdec_coprocessor/i_hdec_top/ecc_fold_word_q_reg[1]/C (clocked by sys_clk) and i_ariane/gen_hdec_coprocessor.i_hdec_coprocessor/i_hdec_top/hdc_src0_q_reg[3][7]/D (clocked by sys_clk). Large setup violations at the end of those stages might be difficult to fix during the post-placement implementation flow and could be the result of non-optimal XDC constraints or non-optimal design architecture
Related violations: <none>

TIMING-16#723 Warning
Large setup violation  
There is a large setup violation of -2.433 ns between i_ariane/gen_hdec_coprocessor.i_hdec_coprocessor/i_hdec_top/FSM_onehot_st_q_reg[44]/C (clocked by sys_clk) and i_ariane/gen_hdec_coprocessor.i_hdec_coprocessor/i_hdec_top/ecc_leaf_xor_b_q_reg[21]/D (clocked by sys_clk). Large setup violations at the end of those stages might be difficult to fix during the post-placement implementation flow and could be the result of non-optimal XDC constraints or non-optimal design architecture
Related violations: <none>

TIMING-16#724 Warning
Large setup violation  
There is a large setup violation of -2.433 ns between i_ariane/gen_hdec_coprocessor.i_hdec_coprocessor/i_hdec_top/ecc_fold_word_q_reg[1]/C (clocked by sys_clk) and i_ariane/gen_hdec_coprocessor.i_hdec_coprocessor/i_hdec_top/hdc_src0_q_reg[2][10]/D (clocked by sys_clk). Large setup violations at the end of those stages might be difficult to fix during the post-placement implementation flow and could be the result of non-optimal XDC constraints or non-optimal design architecture
Related violations: <none>

TIMING-16#725 Warning
Large setup violation  
There is a large setup violation of -2.433 ns between i_ariane/gen_hdec_coprocessor.i_hdec_coprocessor/i_hdec_top/i_vrf/gen_bank[0].vrf_mem_reg/CLKARDCLK (clocked by sys_clk) and i_ariane/gen_hdec_coprocessor.i_hdec_coprocessor/i_hdec_top/i_vec/payload_q_reg[0][5]/D (clocked by sys_clk). Large setup violations at the end of those stages might be difficult to fix during the post-placement implementation flow and could be the result of non-optimal XDC constraints or non-optimal design architecture
Related violations: <none>

TIMING-16#726 Warning
Large setup violation  
There is a large setup violation of -2.437 ns between i_ariane/gen_hdec_coprocessor.i_hdec_coprocessor/i_hdec_top/ecc_fold_word_q_reg[1]/C (clocked by sys_clk) and i_ariane/gen_hdec_coprocessor.i_hdec_coprocessor/i_hdec_top/hdc_src0_q_reg[2][40]/D (clocked by sys_clk). Large setup violations at the end of those stages might be difficult to fix during the post-placement implementation flow and could be the result of non-optimal XDC constraints or non-optimal design architecture
Related violations: <none>

TIMING-16#727 Warning
Large setup violation  
There is a large setup violation of -2.440 ns between i_ariane/gen_hdec_coprocessor.i_hdec_coprocessor/i_hdec_top/ecc_fold_word_q_reg[0]/C (clocked by sys_clk) and i_ariane/gen_hdec_coprocessor.i_hdec_coprocessor/i_hdec_top/hdc_src0_q_reg[1][3]/D (clocked by sys_clk). Large setup violations at the end of those stages might be difficult to fix during the post-placement implementation flow and could be the result of non-optimal XDC constraints or non-optimal design architecture
Related violations: <none>

TIMING-16#728 Warning
Large setup violation  
There is a large setup violation of -2.441 ns between i_ariane/gen_hdec_coprocessor.i_hdec_coprocessor/i_hdec_top/ecc_fold_word_q_reg[1]/C (clocked by sys_clk) and i_ariane/gen_hdec_coprocessor.i_hdec_coprocessor/i_hdec_top/hdc_src0_q_reg[1][11]/D (clocked by sys_clk). Large setup violations at the end of those stages might be difficult to fix during the post-placement implementation flow and could be the result of non-optimal XDC constraints or non-optimal design architecture
Related violations: <none>

TIMING-16#729 Warning
Large setup violation  
There is a large setup violation of -2.441 ns between i_ariane/gen_hdec_coprocessor.i_hdec_coprocessor/i_hdec_top/i_vrf/gen_bank[3].vrf_mem_reg/CLKARDCLK (clocked by sys_clk) and i_ariane/gen_hdec_coprocessor.i_hdec_coprocessor/i_hdec_top/i_vec/payload_q_reg[3][8]/D (clocked by sys_clk). Large setup violations at the end of those stages might be difficult to fix during the post-placement implementation flow and could be the result of non-optimal XDC constraints or non-optimal design architecture
Related violations: <none>

TIMING-16#730 Warning
Large setup violation  
There is a large setup violation of -2.451 ns between i_ariane/gen_hdec_coprocessor.i_hdec_coprocessor/i_hdec_top/ecc_autoreduce_q_reg/C (clocked by sys_clk) and i_ariane/gen_hdec_coprocessor.i_hdec_coprocessor/i_hdec_top/hdc_src0_q_reg[3][45]/CE (clocked by sys_clk). Large setup violations at the end of those stages might be difficult to fix during the post-placement implementation flow and could be the result of non-optimal XDC constraints or non-optimal design architecture
Related violations: <none>

TIMING-16#731 Warning
Large setup violation  
There is a large setup violation of -2.454 ns between i_ariane/gen_hdec_coprocessor.i_hdec_coprocessor/i_hdec_top/FSM_onehot_st_q_reg[41]/C (clocked by sys_clk) and i_ariane/gen_hdec_coprocessor.i_hdec_coprocessor/i_hdec_top/FSM_onehot_st_q_reg[30]/CE (clocked by sys_clk). Large setup violations at the end of those stages might be difficult to fix during the post-placement implementation flow and could be the result of non-optimal XDC constraints or non-optimal design architecture
Related violations: <none>

TIMING-16#732 Warning
Large setup violation  
There is a large setup violation of -2.461 ns between i_ariane/gen_hdec_coprocessor.i_hdec_coprocessor/i_hdec_top/FSM_onehot_st_q_reg[44]/C (clocked by sys_clk) and i_ariane/gen_hdec_coprocessor.i_hdec_coprocessor/i_hdec_top/ecc_leaf_a_q_reg[31]/D (clocked by sys_clk). Large setup violations at the end of those stages might be difficult to fix during the post-placement implementation flow and could be the result of non-optimal XDC constraints or non-optimal design architecture
Related violations: <none>

TIMING-16#733 Warning
Large setup violation  
There is a large setup violation of -2.466 ns between i_ariane/gen_hdec_coprocessor.i_hdec_coprocessor/i_hdec_top/uop_p3_q_reg[subgroup_idx][1]_rep/C (clocked by sys_clk) and i_ariane/gen_hdec_coprocessor.i_hdec_coprocessor/i_hdec_top/hdc_src0_q_reg[0][39]/CE (clocked by sys_clk). Large setup violations at the end of those stages might be difficult to fix during the post-placement implementation flow and could be the result of non-optimal XDC constraints or non-optimal design architecture
Related violations: <none>

TIMING-16#734 Warning
Large setup violation  
There is a large setup violation of -2.468 ns between i_ariane/gen_hdec_coprocessor.i_hdec_coprocessor/i_hdec_top/FSM_onehot_st_q_reg[44]/C (clocked by sys_clk) and i_ariane/gen_hdec_coprocessor.i_hdec_coprocessor/i_hdec_top/ecc_leaf_a_q_reg[27]/D (clocked by sys_clk). Large setup violations at the end of those stages might be difficult to fix during the post-placement implementation flow and could be the result of non-optimal XDC constraints or non-optimal design architecture
Related violations: <none>

TIMING-16#735 Warning
Large setup violation  
There is a large setup violation of -2.479 ns between i_ariane/gen_hdec_coprocessor.i_hdec_coprocessor/i_hdec_top/ecc_fold_word_q_reg[1]/C (clocked by sys_clk) and i_ariane/gen_hdec_coprocessor.i_hdec_coprocessor/i_hdec_top/hdc_src0_q_reg[3][38]/D (clocked by sys_clk). Large setup violations at the end of those stages might be difficult to fix during the post-placement implementation flow and could be the result of non-optimal XDC constraints or non-optimal design architecture
Related violations: <none>

TIMING-16#736 Warning
Large setup violation  
There is a large setup violation of -2.479 ns between i_ariane/gen_hdec_coprocessor.i_hdec_coprocessor/i_hdec_top/uop_p3_q_reg[subgroup_idx][1]_rep/C (clocked by sys_clk) and i_ariane/gen_hdec_coprocessor.i_hdec_coprocessor/i_hdec_top/hdc_src0_q_reg[0][47]/CE (clocked by sys_clk). Large setup violations at the end of those stages might be difficult to fix during the post-placement implementation flow and could be the result of non-optimal XDC constraints or non-optimal design architecture
Related violations: <none>

TIMING-16#737 Warning
Large setup violation  
There is a large setup violation of -2.479 ns between i_ariane/gen_hdec_coprocessor.i_hdec_coprocessor/i_hdec_top/uop_p3_q_reg[subgroup_idx][1]_rep/C (clocked by sys_clk) and i_ariane/gen_hdec_coprocessor.i_hdec_coprocessor/i_hdec_top/hdc_src0_q_reg[1][45]/CE (clocked by sys_clk). Large setup violations at the end of those stages might be difficult to fix during the post-placement implementation flow and could be the result of non-optimal XDC constraints or non-optimal design architecture
Related violations: <none>

TIMING-16#738 Warning
Large setup violation  
There is a large setup violation of -2.486 ns between i_ariane/gen_hdec_coprocessor.i_hdec_coprocessor/i_hdec_top/ecc_fold_word_q_reg[1]/C (clocked by sys_clk) and i_ariane/gen_hdec_coprocessor.i_hdec_coprocessor/i_hdec_top/hdc_src0_q_reg[2][27]/D (clocked by sys_clk). Large setup violations at the end of those stages might be difficult to fix during the post-placement implementation flow and could be the result of non-optimal XDC constraints or non-optimal design architecture
Related violations: <none>

TIMING-16#739 Warning
Large setup violation  
There is a large setup violation of -2.487 ns between i_ariane/gen_hdec_coprocessor.i_hdec_coprocessor/i_hdec_top/ecc_fold_word_q_reg[1]/C (clocked by sys_clk) and i_ariane/gen_hdec_coprocessor.i_hdec_coprocessor/i_hdec_top/hdc_src0_q_reg[0][32]/D (clocked by sys_clk). Large setup violations at the end of those stages might be difficult to fix during the post-placement implementation flow and could be the result of non-optimal XDC constraints or non-optimal design architecture
Related violations: <none>

TIMING-16#740 Warning
Large setup violation  
There is a large setup violation of -2.493 ns between i_ariane/gen_hdec_coprocessor.i_hdec_coprocessor/i_hdec_top/FSM_onehot_st_q_reg[44]/C (clocked by sys_clk) and i_ariane/gen_hdec_coprocessor.i_hdec_coprocessor/i_hdec_top/ecc_leaf_a_q_reg[9]/D (clocked by sys_clk). Large setup violations at the end of those stages might be difficult to fix during the post-placement implementation flow and could be the result of non-optimal XDC constraints or non-optimal design architecture
Related violations: <none>

TIMING-16#741 Warning
Large setup violation  
There is a large setup violation of -2.493 ns between i_ariane/gen_hdec_coprocessor.i_hdec_coprocessor/i_hdec_top/FSM_onehot_st_q_reg[44]/C (clocked by sys_clk) and i_ariane/gen_hdec_coprocessor.i_hdec_coprocessor/i_hdec_top/ecc_leaf_b_q_reg[10]/D (clocked by sys_clk). Large setup violations at the end of those stages might be difficult to fix during the post-placement implementation flow and could be the result of non-optimal XDC constraints or non-optimal design architecture
Related violations: <none>

TIMING-16#742 Warning
Large setup violation  
There is a large setup violation of -2.498 ns between i_ariane/gen_hdec_coprocessor.i_hdec_coprocessor/i_hdec_top/ecc_autoreduce_q_reg/C (clocked by sys_clk) and i_ariane/gen_hdec_coprocessor.i_hdec_coprocessor/i_hdec_top/hdc_src0_q_reg[2][46]/CE (clocked by sys_clk). Large setup violations at the end of those stages might be difficult to fix during the post-placement implementation flow and could be the result of non-optimal XDC constraints or non-optimal design architecture
Related violations: <none>

TIMING-16#743 Warning
Large setup violation  
There is a large setup violation of -2.498 ns between i_ariane/gen_hdec_coprocessor.i_hdec_coprocessor/i_hdec_top/ecc_autoreduce_q_reg/C (clocked by sys_clk) and i_ariane/gen_hdec_coprocessor.i_hdec_coprocessor/i_hdec_top/hdc_src0_q_reg[2][47]/CE (clocked by sys_clk). Large setup violations at the end of those stages might be difficult to fix during the post-placement implementation flow and could be the result of non-optimal XDC constraints or non-optimal design architecture
Related violations: <none>

TIMING-16#744 Warning
Large setup violation  
There is a large setup violation of -2.498 ns between i_ariane/gen_hdec_coprocessor.i_hdec_coprocessor/i_hdec_top/i_vrf/gen_bank[0].vrf_mem_reg/CLKARDCLK (clocked by sys_clk) and i_ariane/gen_hdec_coprocessor.i_hdec_coprocessor/i_hdec_top/i_vec/payload_q_reg[0][4]/D (clocked by sys_clk). Large setup violations at the end of those stages might be difficult to fix during the post-placement implementation flow and could be the result of non-optimal XDC constraints or non-optimal design architecture
Related violations: <none>

TIMING-16#745 Warning
Large setup violation  
There is a large setup violation of -2.499 ns between i_ariane/gen_hdec_coprocessor.i_hdec_coprocessor/i_hdec_top/ecc_fold_word_q_reg[0]/C (clocked by sys_clk) and i_ariane/gen_hdec_coprocessor.i_hdec_coprocessor/i_hdec_top/hdc_src0_q_reg[3][9]/D (clocked by sys_clk). Large setup violations at the end of those stages might be difficult to fix during the post-placement implementation flow and could be the result of non-optimal XDC constraints or non-optimal design architecture
Related violations: <none>

TIMING-16#746 Warning
Large setup violation  
There is a large setup violation of -2.504 ns between i_ariane/gen_hdec_coprocessor.i_hdec_coprocessor/i_hdec_top/ecc_fold_word_q_reg[1]/C (clocked by sys_clk) and i_ariane/gen_hdec_coprocessor.i_hdec_coprocessor/i_hdec_top/hdc_src0_q_reg[2][55]/D (clocked by sys_clk). Large setup violations at the end of those stages might be difficult to fix during the post-placement implementation flow and could be the result of non-optimal XDC constraints or non-optimal design architecture
Related violations: <none>

TIMING-16#747 Warning
Large setup violation  
There is a large setup violation of -2.507 ns between i_ariane/gen_hdec_coprocessor.i_hdec_coprocessor/i_hdec_top/ecc_fold_word_q_reg[0]/C (clocked by sys_clk) and i_ariane/gen_hdec_coprocessor.i_hdec_coprocessor/i_hdec_top/hdc_src0_q_reg[1][62]/D (clocked by sys_clk). Large setup violations at the end of those stages might be difficult to fix during the post-placement implementation flow and could be the result of non-optimal XDC constraints or non-optimal design architecture
Related violations: <none>

TIMING-16#748 Warning
Large setup violation  
There is a large setup violation of -2.513 ns between i_ariane/gen_hdec_coprocessor.i_hdec_coprocessor/i_hdec_top/ecc_fold_word_q_reg[1]/C (clocked by sys_clk) and i_ariane/gen_hdec_coprocessor.i_hdec_coprocessor/i_hdec_top/hdc_src0_q_reg[0][51]/D (clocked by sys_clk). Large setup violations at the end of those stages might be difficult to fix during the post-placement implementation flow and could be the result of non-optimal XDC constraints or non-optimal design architecture
Related violations: <none>

TIMING-16#749 Warning
Large setup violation  
There is a large setup violation of -2.514 ns between i_ariane/gen_hdec_coprocessor.i_hdec_coprocessor/i_hdec_top/FSM_onehot_st_q_reg[44]/C (clocked by sys_clk) and i_ariane/gen_hdec_coprocessor.i_hdec_coprocessor/i_hdec_top/ecc_leaf_a_q_reg[22]/D (clocked by sys_clk). Large setup violations at the end of those stages might be difficult to fix during the post-placement implementation flow and could be the result of non-optimal XDC constraints or non-optimal design architecture
Related violations: <none>

TIMING-16#750 Warning
Large setup violation  
There is a large setup violation of -2.514 ns between i_ariane/gen_hdec_coprocessor.i_hdec_coprocessor/i_hdec_top/ecc_fold_word_q_reg[0]/C (clocked by sys_clk) and i_ariane/gen_hdec_coprocessor.i_hdec_coprocessor/i_hdec_top/hdc_src0_q_reg[1][30]/D (clocked by sys_clk). Large setup violations at the end of those stages might be difficult to fix during the post-placement implementation flow and could be the result of non-optimal XDC constraints or non-optimal design architecture
Related violations: <none>

TIMING-16#751 Warning
Large setup violation  
There is a large setup violation of -2.515 ns between i_ariane/gen_hdec_coprocessor.i_hdec_coprocessor/i_hdec_top/ecc_fold_word_q_reg[1]/C (clocked by sys_clk) and i_ariane/gen_hdec_coprocessor.i_hdec_coprocessor/i_hdec_top/hdc_src0_q_reg[2][17]/D (clocked by sys_clk). Large setup violations at the end of those stages might be difficult to fix during the post-placement implementation flow and could be the result of non-optimal XDC constraints or non-optimal design architecture
Related violations: <none>

TIMING-16#752 Warning
Large setup violation  
There is a large setup violation of -2.519 ns between i_ariane/gen_hdec_coprocessor.i_hdec_coprocessor/i_hdec_top/FSM_onehot_st_q_reg[44]/C (clocked by sys_clk) and i_ariane/gen_hdec_coprocessor.i_hdec_coprocessor/i_hdec_top/ecc_leaf_a_q_reg[19]/D (clocked by sys_clk). Large setup violations at the end of those stages might be difficult to fix during the post-placement implementation flow and could be the result of non-optimal XDC constraints or non-optimal design architecture
Related violations: <none>

TIMING-16#753 Warning
Large setup violation  
There is a large setup violation of -2.521 ns between i_ariane/gen_hdec_coprocessor.i_hdec_coprocessor/i_hdec_top/ecc_fold_word_q_reg[0]/C (clocked by sys_clk) and i_ariane/gen_hdec_coprocessor.i_hdec_coprocessor/i_hdec_top/hdc_src0_q_reg[2][4]/D (clocked by sys_clk). Large setup violations at the end of those stages might be difficult to fix during the post-placement implementation flow and could be the result of non-optimal XDC constraints or non-optimal design architecture
Related violations: <none>

TIMING-16#754 Warning
Large setup violation  
There is a large setup violation of -2.537 ns between i_ariane/gen_hdec_coprocessor.i_hdec_coprocessor/i_hdec_top/FSM_onehot_st_q_reg[44]/C (clocked by sys_clk) and i_ariane/gen_hdec_coprocessor.i_hdec_coprocessor/i_hdec_top/ecc_leaf_xor_b_q_reg[15]/D (clocked by sys_clk). Large setup violations at the end of those stages might be difficult to fix during the post-placement implementation flow and could be the result of non-optimal XDC constraints or non-optimal design architecture
Related violations: <none>

TIMING-16#755 Warning
Large setup violation  
There is a large setup violation of -2.549 ns between i_ariane/gen_hdec_coprocessor.i_hdec_coprocessor/i_hdec_top/ecc_fold_word_q_reg[1]/C (clocked by sys_clk) and i_ariane/gen_hdec_coprocessor.i_hdec_coprocessor/i_hdec_top/hdc_src0_q_reg[2][6]/D (clocked by sys_clk). Large setup violations at the end of those stages might be difficult to fix during the post-placement implementation flow and could be the result of non-optimal XDC constraints or non-optimal design architecture
Related violations: <none>

TIMING-16#756 Warning
Large setup violation  
There is a large setup violation of -2.550 ns between i_ariane/gen_hdec_coprocessor.i_hdec_coprocessor/i_hdec_top/i_vrf/gen_bank[3].vrf_mem_reg/CLKARDCLK (clocked by sys_clk) and i_ariane/gen_hdec_coprocessor.i_hdec_coprocessor/i_hdec_top/i_vec/payload_q_reg[3][3]/D (clocked by sys_clk). Large setup violations at the end of those stages might be difficult to fix during the post-placement implementation flow and could be the result of non-optimal XDC constraints or non-optimal design architecture
Related violations: <none>

TIMING-16#757 Warning
Large setup violation  
There is a large setup violation of -2.550 ns between i_ariane/gen_hdec_coprocessor.i_hdec_coprocessor/i_hdec_top/uop_p3_q_reg[subgroup_idx][1]_rep/C (clocked by sys_clk) and i_ariane/gen_hdec_coprocessor.i_hdec_coprocessor/i_hdec_top/hdc_src0_q_reg[0][37]/D (clocked by sys_clk). Large setup violations at the end of those stages might be difficult to fix during the post-placement implementation flow and could be the result of non-optimal XDC constraints or non-optimal design architecture
Related violations: <none>

TIMING-16#758 Warning
Large setup violation  
There is a large setup violation of -2.562 ns between i_ariane/gen_hdec_coprocessor.i_hdec_coprocessor/i_hdec_top/FSM_onehot_st_q_reg[44]/C (clocked by sys_clk) and i_ariane/gen_hdec_coprocessor.i_hdec_coprocessor/i_hdec_top/ecc_leaf_a_q_reg[3]/D (clocked by sys_clk). Large setup violations at the end of those stages might be difficult to fix during the post-placement implementation flow and could be the result of non-optimal XDC constraints or non-optimal design architecture
Related violations: <none>

TIMING-16#759 Warning
Large setup violation  
There is a large setup violation of -2.562 ns between i_ariane/gen_hdec_coprocessor.i_hdec_coprocessor/i_hdec_top/ecc_autoreduce_q_reg/C (clocked by sys_clk) and i_ariane/gen_hdec_coprocessor.i_hdec_coprocessor/i_hdec_top/hdc_src0_q_reg[3][46]/CE (clocked by sys_clk). Large setup violations at the end of those stages might be difficult to fix during the post-placement implementation flow and could be the result of non-optimal XDC constraints or non-optimal design architecture
Related violations: <none>

TIMING-16#760 Warning
Large setup violation  
There is a large setup violation of -2.571 ns between i_ariane/gen_hdec_coprocessor.i_hdec_coprocessor/i_hdec_top/FSM_onehot_st_q_reg[44]/C (clocked by sys_clk) and i_ariane/gen_hdec_coprocessor.i_hdec_coprocessor/i_hdec_top/ecc_leaf_a_q_reg[7]/D (clocked by sys_clk). Large setup violations at the end of those stages might be difficult to fix during the post-placement implementation flow and could be the result of non-optimal XDC constraints or non-optimal design architecture
Related violations: <none>

TIMING-16#761 Warning
Large setup violation  
There is a large setup violation of -2.571 ns between i_ariane/gen_hdec_coprocessor.i_hdec_coprocessor/i_hdec_top/uop_p3_q_reg[subgroup_idx][1]_rep/C (clocked by sys_clk) and i_ariane/gen_hdec_coprocessor.i_hdec_coprocessor/i_hdec_top/hdc_src0_q_reg[3][45]/D (clocked by sys_clk). Large setup violations at the end of those stages might be difficult to fix during the post-placement implementation flow and could be the result of non-optimal XDC constraints or non-optimal design architecture
Related violations: <none>

TIMING-16#762 Warning
Large setup violation  
There is a large setup violation of -2.577 ns between i_ariane/gen_hdec_coprocessor.i_hdec_coprocessor/i_hdec_top/ecc_fold_word_q_reg[1]/C (clocked by sys_clk) and i_ariane/gen_hdec_coprocessor.i_hdec_coprocessor/i_hdec_top/hdc_src0_q_reg[2][52]/D (clocked by sys_clk). Large setup violations at the end of those stages might be difficult to fix during the post-placement implementation flow and could be the result of non-optimal XDC constraints or non-optimal design architecture
Related violations: <none>

TIMING-16#763 Warning
Large setup violation  
There is a large setup violation of -2.579 ns between i_ariane/gen_hdec_coprocessor.i_hdec_coprocessor/i_hdec_top/FSM_onehot_st_q_reg[44]/C (clocked by sys_clk) and i_ariane/gen_hdec_coprocessor.i_hdec_coprocessor/i_hdec_top/ecc_leaf_a_q_reg[6]/D (clocked by sys_clk). Large setup violations at the end of those stages might be difficult to fix during the post-placement implementation flow and could be the result of non-optimal XDC constraints or non-optimal design architecture
Related violations: <none>

TIMING-16#764 Warning
Large setup violation  
There is a large setup violation of -2.582 ns between i_ariane/gen_hdec_coprocessor.i_hdec_coprocessor/i_hdec_top/FSM_onehot_st_q_reg[44]/C (clocked by sys_clk) and i_ariane/gen_hdec_coprocessor.i_hdec_coprocessor/i_hdec_top/ecc_leaf_b_q_reg[31]/D (clocked by sys_clk). Large setup violations at the end of those stages might be difficult to fix during the post-placement implementation flow and could be the result of non-optimal XDC constraints or non-optimal design architecture
Related violations: <none>

TIMING-16#765 Warning
Large setup violation  
There is a large setup violation of -2.584 ns between i_ariane/gen_hdec_coprocessor.i_hdec_coprocessor/i_hdec_top/ecc_fold_word_q_reg[0]/C (clocked by sys_clk) and i_ariane/gen_hdec_coprocessor.i_hdec_coprocessor/i_hdec_top/hdc_src0_q_reg[3][15]/D (clocked by sys_clk). Large setup violations at the end of those stages might be difficult to fix during the post-placement implementation flow and could be the result of non-optimal XDC constraints or non-optimal design architecture
Related violations: <none>

TIMING-16#766 Warning
Large setup violation  
There is a large setup violation of -2.585 ns between i_ariane/gen_hdec_coprocessor.i_hdec_coprocessor/i_hdec_top/ecc_autoreduce_q_reg/C (clocked by sys_clk) and i_ariane/gen_hdec_coprocessor.i_hdec_coprocessor/i_hdec_top/hdc_src0_q_reg[2][43]/CE (clocked by sys_clk). Large setup violations at the end of those stages might be difficult to fix during the post-placement implementation flow and could be the result of non-optimal XDC constraints or non-optimal design architecture
Related violations: <none>

TIMING-16#767 Warning
Large setup violation  
There is a large setup violation of -2.589 ns between i_ariane/gen_hdec_coprocessor.i_hdec_coprocessor/i_hdec_top/hperm_lane_slot_q_reg[1]/C (clocked by sys_clk) and i_ariane/gen_hdec_coprocessor.i_hdec_coprocessor/i_hdec_top/hperm_stage_q_reg[30]/D (clocked by sys_clk). Large setup violations at the end of those stages might be difficult to fix during the post-placement implementation flow and could be the result of non-optimal XDC constraints or non-optimal design architecture
Related violations: <none>

TIMING-16#768 Warning
Large setup violation  
There is a large setup violation of -2.592 ns between i_ariane/gen_hdec_coprocessor.i_hdec_coprocessor/i_hdec_top/FSM_onehot_st_q_reg[44]/C (clocked by sys_clk) and i_ariane/gen_hdec_coprocessor.i_hdec_coprocessor/i_hdec_top/ecc_leaf_xor_b_q_reg[5]/D (clocked by sys_clk). Large setup violations at the end of those stages might be difficult to fix during the post-placement implementation flow and could be the result of non-optimal XDC constraints or non-optimal design architecture
Related violations: <none>

TIMING-16#769 Warning
Large setup violation  
There is a large setup violation of -2.593 ns between i_ariane/gen_hdec_coprocessor.i_hdec_coprocessor/i_hdec_top/ecc_fold_word_q_reg[1]/C (clocked by sys_clk) and i_ariane/gen_hdec_coprocessor.i_hdec_coprocessor/i_hdec_top/hdc_src0_q_reg[3][0]/D (clocked by sys_clk). Large setup violations at the end of those stages might be difficult to fix during the post-placement implementation flow and could be the result of non-optimal XDC constraints or non-optimal design architecture
Related violations: <none>

TIMING-16#770 Warning
Large setup violation  
There is a large setup violation of -2.594 ns between i_ariane/gen_hdec_coprocessor.i_hdec_coprocessor/i_hdec_top/i_vrf/gen_bank[0].vrf_mem_reg/CLKARDCLK (clocked by sys_clk) and i_ariane/gen_hdec_coprocessor.i_hdec_coprocessor/i_hdec_top/i_vec/payload_q_reg[0][3]/D (clocked by sys_clk). Large setup violations at the end of those stages might be difficult to fix during the post-placement implementation flow and could be the result of non-optimal XDC constraints or non-optimal design architecture
Related violations: <none>

TIMING-16#771 Warning
Large setup violation  
There is a large setup violation of -2.597 ns between i_ariane/gen_hdec_coprocessor.i_hdec_coprocessor/i_hdec_top/ecc_fold_word_q_reg[1]/C (clocked by sys_clk) and i_ariane/gen_hdec_coprocessor.i_hdec_coprocessor/i_hdec_top/hdc_src0_q_reg[3][12]/D (clocked by sys_clk). Large setup violations at the end of those stages might be difficult to fix during the post-placement implementation flow and could be the result of non-optimal XDC constraints or non-optimal design architecture
Related violations: <none>

TIMING-16#772 Warning
Large setup violation  
There is a large setup violation of -2.599 ns between i_ariane/gen_hdec_coprocessor.i_hdec_coprocessor/i_hdec_top/FSM_onehot_st_q_reg[44]/C (clocked by sys_clk) and i_ariane/gen_hdec_coprocessor.i_hdec_coprocessor/i_hdec_top/ecc_leaf_xor_b_q_reg[3]/D (clocked by sys_clk). Large setup violations at the end of those stages might be difficult to fix during the post-placement implementation flow and could be the result of non-optimal XDC constraints or non-optimal design architecture
Related violations: <none>

TIMING-16#773 Warning
Large setup violation  
There is a large setup violation of -2.601 ns between i_ariane/gen_hdec_coprocessor.i_hdec_coprocessor/i_hdec_top/i_vrf/gen_bank[3].vrf_mem_reg/CLKARDCLK (clocked by sys_clk) and i_ariane/gen_hdec_coprocessor.i_hdec_coprocessor/i_hdec_top/i_vec/payload_q_reg[3][4]/D (clocked by sys_clk). Large setup violations at the end of those stages might be difficult to fix during the post-placement implementation flow and could be the result of non-optimal XDC constraints or non-optimal design architecture
Related violations: <none>

TIMING-16#774 Warning
Large setup violation  
There is a large setup violation of -2.611 ns between i_ariane/gen_hdec_coprocessor.i_hdec_coprocessor/i_hdec_top/ecc_fold_word_q_reg[0]/C (clocked by sys_clk) and i_ariane/gen_hdec_coprocessor.i_hdec_coprocessor/i_hdec_top/hdc_src0_q_reg[0][14]/D (clocked by sys_clk). Large setup violations at the end of those stages might be difficult to fix during the post-placement implementation flow and could be the result of non-optimal XDC constraints or non-optimal design architecture
Related violations: <none>

TIMING-16#775 Warning
Large setup violation  
There is a large setup violation of -2.612 ns between i_ariane/gen_hdec_coprocessor.i_hdec_coprocessor/i_hdec_top/FSM_onehot_st_q_reg[44]/C (clocked by sys_clk) and i_ariane/gen_hdec_coprocessor.i_hdec_coprocessor/i_hdec_top/ecc_leaf_xor_a_q_reg[11]/D (clocked by sys_clk). Large setup violations at the end of those stages might be difficult to fix during the post-placement implementation flow and could be the result of non-optimal XDC constraints or non-optimal design architecture
Related violations: <none>

TIMING-16#776 Warning
Large setup violation  
There is a large setup violation of -2.617 ns between i_ariane/gen_hdec_coprocessor.i_hdec_coprocessor/i_hdec_top/FSM_onehot_st_q_reg[44]/C (clocked by sys_clk) and i_ariane/gen_hdec_coprocessor.i_hdec_coprocessor/i_hdec_top/ecc_leaf_a_q_reg[14]/D (clocked by sys_clk). Large setup violations at the end of those stages might be difficult to fix during the post-placement implementation flow and could be the result of non-optimal XDC constraints or non-optimal design architecture
Related violations: <none>

TIMING-16#777 Warning
Large setup violation  
There is a large setup violation of -2.618 ns between i_ariane/gen_hdec_coprocessor.i_hdec_coprocessor/i_hdec_top/ecc_fold_word_q_reg[0]/C (clocked by sys_clk) and i_ariane/gen_hdec_coprocessor.i_hdec_coprocessor/i_hdec_top/hdc_src0_q_reg[3][26]/D (clocked by sys_clk). Large setup violations at the end of those stages might be difficult to fix during the post-placement implementation flow and could be the result of non-optimal XDC constraints or non-optimal design architecture
Related violations: <none>

TIMING-16#778 Warning
Large setup violation  
There is a large setup violation of -2.621 ns between i_ariane/gen_hdec_coprocessor.i_hdec_coprocessor/i_hdec_top/FSM_onehot_st_q_reg[44]/C (clocked by sys_clk) and i_ariane/gen_hdec_coprocessor.i_hdec_coprocessor/i_hdec_top/ecc_leaf_xor_a_q_reg[5]/D (clocked by sys_clk). Large setup violations at the end of those stages might be difficult to fix during the post-placement implementation flow and could be the result of non-optimal XDC constraints or non-optimal design architecture
Related violations: <none>

TIMING-16#779 Warning
Large setup violation  
There is a large setup violation of -2.621 ns between i_ariane/gen_hdec_coprocessor.i_hdec_coprocessor/i_hdec_top/ecc_fold_word_q_reg[1]/C (clocked by sys_clk) and i_ariane/gen_hdec_coprocessor.i_hdec_coprocessor/i_hdec_top/hdc_src0_q_reg[2][21]/D (clocked by sys_clk). Large setup violations at the end of those stages might be difficult to fix during the post-placement implementation flow and could be the result of non-optimal XDC constraints or non-optimal design architecture
Related violations: <none>

TIMING-16#780 Warning
Large setup violation  
There is a large setup violation of -2.625 ns between i_ariane/gen_hdec_coprocessor.i_hdec_coprocessor/i_hdec_top/FSM_onehot_st_q_reg[44]/C (clocked by sys_clk) and i_ariane/gen_hdec_coprocessor.i_hdec_coprocessor/i_hdec_top/ecc_leaf_b_q_reg[21]/D (clocked by sys_clk). Large setup violations at the end of those stages might be difficult to fix during the post-placement implementation flow and could be the result of non-optimal XDC constraints or non-optimal design architecture
Related violations: <none>

TIMING-16#781 Warning
Large setup violation  
There is a large setup violation of -2.625 ns between i_ariane/gen_hdec_coprocessor.i_hdec_coprocessor/i_hdec_top/hperm_lane_slot_q_reg[1]/C (clocked by sys_clk) and i_ariane/gen_hdec_coprocessor.i_hdec_coprocessor/i_hdec_top/hperm_stage_q_reg[14]/D (clocked by sys_clk). Large setup violations at the end of those stages might be difficult to fix during the post-placement implementation flow and could be the result of non-optimal XDC constraints or non-optimal design architecture
Related violations: <none>

TIMING-16#782 Warning
Large setup violation  
There is a large setup violation of -2.628 ns between i_ariane/gen_hdec_coprocessor.i_hdec_coprocessor/i_hdec_top/ecc_fold_word_q_reg[1]/C (clocked by sys_clk) and i_ariane/gen_hdec_coprocessor.i_hdec_coprocessor/i_hdec_top/hdc_src0_q_reg[2][56]/D (clocked by sys_clk). Large setup violations at the end of those stages might be difficult to fix during the post-placement implementation flow and could be the result of non-optimal XDC constraints or non-optimal design architecture
Related violations: <none>

TIMING-16#783 Warning
Large setup violation  
There is a large setup violation of -2.638 ns between i_ariane/gen_hdec_coprocessor.i_hdec_coprocessor/i_hdec_top/ecc_autoreduce_q_reg/C (clocked by sys_clk) and i_ariane/gen_hdec_coprocessor.i_hdec_coprocessor/i_hdec_top/hdc_src0_q_reg[3][37]/CE (clocked by sys_clk). Large setup violations at the end of those stages might be difficult to fix during the post-placement implementation flow and could be the result of non-optimal XDC constraints or non-optimal design architecture
Related violations: <none>

TIMING-16#784 Warning
Large setup violation  
There is a large setup violation of -2.641 ns between i_ariane/gen_hdec_coprocessor.i_hdec_coprocessor/i_hdec_top/FSM_onehot_st_q_reg[44]/C (clocked by sys_clk) and i_ariane/gen_hdec_coprocessor.i_hdec_coprocessor/i_hdec_top/ecc_leaf_xor_a_q_reg[15]/D (clocked by sys_clk). Large setup violations at the end of those stages might be difficult to fix during the post-placement implementation flow and could be the result of non-optimal XDC constraints or non-optimal design architecture
Related violations: <none>

TIMING-16#785 Warning
Large setup violation  
There is a large setup violation of -2.645 ns between i_ariane/gen_hdec_coprocessor.i_hdec_coprocessor/i_hdec_top/ecc_fold_word_q_reg[1]/C (clocked by sys_clk) and i_ariane/gen_hdec_coprocessor.i_hdec_coprocessor/i_hdec_top/hdc_src0_q_reg[3][16]/D (clocked by sys_clk). Large setup violations at the end of those stages might be difficult to fix during the post-placement implementation flow and could be the result of non-optimal XDC constraints or non-optimal design architecture
Related violations: <none>

TIMING-16#786 Warning
Large setup violation  
There is a large setup violation of -2.648 ns between i_ariane/gen_hdec_coprocessor.i_hdec_coprocessor/i_hdec_top/FSM_onehot_st_q_reg[44]/C (clocked by sys_clk) and i_ariane/gen_hdec_coprocessor.i_hdec_coprocessor/i_hdec_top/ecc_leaf_xor_a_q_reg[21]/D (clocked by sys_clk). Large setup violations at the end of those stages might be difficult to fix during the post-placement implementation flow and could be the result of non-optimal XDC constraints or non-optimal design architecture
Related violations: <none>

TIMING-16#787 Warning
Large setup violation  
There is a large setup violation of -2.650 ns between i_ariane/gen_hdec_coprocessor.i_hdec_coprocessor/i_hdec_top/ecc_fold_word_q_reg[0]/C (clocked by sys_clk) and i_ariane/gen_hdec_coprocessor.i_hdec_coprocessor/i_hdec_top/hdc_src0_q_reg[1][32]/D (clocked by sys_clk). Large setup violations at the end of those stages might be difficult to fix during the post-placement implementation flow and could be the result of non-optimal XDC constraints or non-optimal design architecture
Related violations: <none>

TIMING-16#788 Warning
Large setup violation  
There is a large setup violation of -2.652 ns between i_ariane/gen_hdec_coprocessor.i_hdec_coprocessor/i_hdec_top/ecc_fold_word_q_reg[0]/C (clocked by sys_clk) and i_ariane/gen_hdec_coprocessor.i_hdec_coprocessor/i_hdec_top/hdc_src0_q_reg[1][24]/D (clocked by sys_clk). Large setup violations at the end of those stages might be difficult to fix during the post-placement implementation flow and could be the result of non-optimal XDC constraints or non-optimal design architecture
Related violations: <none>

TIMING-16#789 Warning
Large setup violation  
There is a large setup violation of -2.653 ns between i_ariane/gen_hdec_coprocessor.i_hdec_coprocessor/i_hdec_top/ecc_fold_word_q_reg[1]/C (clocked by sys_clk) and i_ariane/gen_hdec_coprocessor.i_hdec_coprocessor/i_hdec_top/hdc_src0_q_reg[1][33]/D (clocked by sys_clk). Large setup violations at the end of those stages might be difficult to fix during the post-placement implementation flow and could be the result of non-optimal XDC constraints or non-optimal design architecture
Related violations: <none>

TIMING-16#790 Warning
Large setup violation  
There is a large setup violation of -2.654 ns between i_ariane/gen_hdec_coprocessor.i_hdec_coprocessor/i_hdec_top/ecc_fold_word_q_reg[0]/C (clocked by sys_clk) and i_ariane/gen_hdec_coprocessor.i_hdec_coprocessor/i_hdec_top/hdc_src0_q_reg[2][28]/D (clocked by sys_clk). Large setup violations at the end of those stages might be difficult to fix during the post-placement implementation flow and could be the result of non-optimal XDC constraints or non-optimal design architecture
Related violations: <none>

TIMING-16#791 Warning
Large setup violation  
There is a large setup violation of -2.654 ns between i_ariane/gen_hdec_coprocessor.i_hdec_coprocessor/i_hdec_top/ecc_fold_word_q_reg[1]/C (clocked by sys_clk) and i_ariane/gen_hdec_coprocessor.i_hdec_coprocessor/i_hdec_top/hdc_src0_q_reg[0][9]/D (clocked by sys_clk). Large setup violations at the end of those stages might be difficult to fix during the post-placement implementation flow and could be the result of non-optimal XDC constraints or non-optimal design architecture
Related violations: <none>

TIMING-16#792 Warning
Large setup violation  
There is a large setup violation of -2.665 ns between i_ariane/gen_hdec_coprocessor.i_hdec_coprocessor/i_hdec_top/ecc_fold_word_q_reg[1]/C (clocked by sys_clk) and i_ariane/gen_hdec_coprocessor.i_hdec_coprocessor/i_hdec_top/hdc_src0_q_reg[2][9]/D (clocked by sys_clk). Large setup violations at the end of those stages might be difficult to fix during the post-placement implementation flow and could be the result of non-optimal XDC constraints or non-optimal design architecture
Related violations: <none>

TIMING-16#793 Warning
Large setup violation  
There is a large setup violation of -2.679 ns between i_ariane/gen_hdec_coprocessor.i_hdec_coprocessor/i_hdec_top/FSM_onehot_st_q_reg[44]/C (clocked by sys_clk) and i_ariane/gen_hdec_coprocessor.i_hdec_coprocessor/i_hdec_top/ecc_leaf_a_q_reg[13]/D (clocked by sys_clk). Large setup violations at the end of those stages might be difficult to fix during the post-placement implementation flow and could be the result of non-optimal XDC constraints or non-optimal design architecture
Related violations: <none>

TIMING-16#794 Warning
Large setup violation  
There is a large setup violation of -2.687 ns between i_ariane/gen_hdec_coprocessor.i_hdec_coprocessor/i_hdec_top/ecc_fold_word_q_reg[1]/C (clocked by sys_clk) and i_ariane/gen_hdec_coprocessor.i_hdec_coprocessor/i_hdec_top/hdc_src0_q_reg[0][31]/D (clocked by sys_clk). Large setup violations at the end of those stages might be difficult to fix during the post-placement implementation flow and could be the result of non-optimal XDC constraints or non-optimal design architecture
Related violations: <none>

TIMING-16#795 Warning
Large setup violation  
There is a large setup violation of -2.689 ns between i_ariane/gen_hdec_coprocessor.i_hdec_coprocessor/i_hdec_top/ecc_fold_word_q_reg[1]/C (clocked by sys_clk) and i_ariane/gen_hdec_coprocessor.i_hdec_coprocessor/i_hdec_top/hdc_src0_q_reg[1][17]/D (clocked by sys_clk). Large setup violations at the end of those stages might be difficult to fix during the post-placement implementation flow and could be the result of non-optimal XDC constraints or non-optimal design architecture
Related violations: <none>

TIMING-16#796 Warning
Large setup violation  
There is a large setup violation of -2.691 ns between i_ariane/gen_hdec_coprocessor.i_hdec_coprocessor/i_hdec_top/ecc_fold_word_q_reg[1]/C (clocked by sys_clk) and i_ariane/gen_hdec_coprocessor.i_hdec_coprocessor/i_hdec_top/hdc_src0_q_reg[0][47]/D (clocked by sys_clk). Large setup violations at the end of those stages might be difficult to fix during the post-placement implementation flow and could be the result of non-optimal XDC constraints or non-optimal design architecture
Related violations: <none>

TIMING-16#797 Warning
Large setup violation  
There is a large setup violation of -2.696 ns between i_ariane/gen_hdec_coprocessor.i_hdec_coprocessor/i_hdec_top/ecc_fold_word_q_reg[1]/C (clocked by sys_clk) and i_ariane/gen_hdec_coprocessor.i_hdec_coprocessor/i_hdec_top/hdc_src0_q_reg[2][11]/D (clocked by sys_clk). Large setup violations at the end of those stages might be difficult to fix during the post-placement implementation flow and could be the result of non-optimal XDC constraints or non-optimal design architecture
Related violations: <none>

TIMING-16#798 Warning
Large setup violation  
There is a large setup violation of -2.703 ns between i_ariane/gen_hdec_coprocessor.i_hdec_coprocessor/i_hdec_top/ecc_fold_word_q_reg[1]/C (clocked by sys_clk) and i_ariane/gen_hdec_coprocessor.i_hdec_coprocessor/i_hdec_top/hdc_src0_q_reg[1][26]/D (clocked by sys_clk). Large setup violations at the end of those stages might be difficult to fix during the post-placement implementation flow and could be the result of non-optimal XDC constraints or non-optimal design architecture
Related violations: <none>

TIMING-16#799 Warning
Large setup violation  
There is a large setup violation of -2.705 ns between i_ariane/gen_hdec_coprocessor.i_hdec_coprocessor/i_hdec_top/ecc_autoreduce_q_reg/C (clocked by sys_clk) and i_ariane/gen_hdec_coprocessor.i_hdec_coprocessor/i_hdec_top/hdc_src0_q_reg[3][43]/CE (clocked by sys_clk). Large setup violations at the end of those stages might be difficult to fix during the post-placement implementation flow and could be the result of non-optimal XDC constraints or non-optimal design architecture
Related violations: <none>

TIMING-16#800 Warning
Large setup violation  
There is a large setup violation of -2.706 ns between i_ariane/gen_hdec_coprocessor.i_hdec_coprocessor/i_hdec_top/ecc_fold_word_q_reg[1]/C (clocked by sys_clk) and i_ariane/gen_hdec_coprocessor.i_hdec_coprocessor/i_hdec_top/hdc_src0_q_reg[3][19]/D (clocked by sys_clk). Large setup violations at the end of those stages might be difficult to fix during the post-placement implementation flow and could be the result of non-optimal XDC constraints or non-optimal design architecture
Related violations: <none>

TIMING-16#801 Warning
Large setup violation  
There is a large setup violation of -2.709 ns between i_ariane/gen_hdec_coprocessor.i_hdec_coprocessor/i_hdec_top/FSM_onehot_st_q_reg[44]/C (clocked by sys_clk) and i_ariane/gen_hdec_coprocessor.i_hdec_coprocessor/i_hdec_top/ecc_leaf_xor_a_q_reg[7]/D (clocked by sys_clk). Large setup violations at the end of those stages might be difficult to fix during the post-placement implementation flow and could be the result of non-optimal XDC constraints or non-optimal design architecture
Related violations: <none>

TIMING-16#802 Warning
Large setup violation  
There is a large setup violation of -2.711 ns between i_ariane/gen_hdec_coprocessor.i_hdec_coprocessor/i_hdec_top/ecc_fold_word_q_reg[1]/C (clocked by sys_clk) and i_ariane/gen_hdec_coprocessor.i_hdec_coprocessor/i_hdec_top/hdc_src0_q_reg[2][13]/D (clocked by sys_clk). Large setup violations at the end of those stages might be difficult to fix during the post-placement implementation flow and could be the result of non-optimal XDC constraints or non-optimal design architecture
Related violations: <none>

TIMING-16#803 Warning
Large setup violation  
There is a large setup violation of -2.715 ns between i_ariane/gen_hdec_coprocessor.i_hdec_coprocessor/i_hdec_top/FSM_onehot_st_q_reg[44]/C (clocked by sys_clk) and i_ariane/gen_hdec_coprocessor.i_hdec_coprocessor/i_hdec_top/ecc_leaf_xor_a_q_reg[9]/D (clocked by sys_clk). Large setup violations at the end of those stages might be difficult to fix during the post-placement implementation flow and could be the result of non-optimal XDC constraints or non-optimal design architecture
Related violations: <none>

TIMING-16#804 Warning
Large setup violation  
There is a large setup violation of -2.715 ns between i_ariane/gen_hdec_coprocessor.i_hdec_coprocessor/i_hdec_top/ecc_fold_word_q_reg[1]/C (clocked by sys_clk) and i_ariane/gen_hdec_coprocessor.i_hdec_coprocessor/i_hdec_top/hdc_src0_q_reg[0][60]/D (clocked by sys_clk). Large setup violations at the end of those stages might be difficult to fix during the post-placement implementation flow and could be the result of non-optimal XDC constraints or non-optimal design architecture
Related violations: <none>

TIMING-16#805 Warning
Large setup violation  
There is a large setup violation of -2.716 ns between i_ariane/gen_hdec_coprocessor.i_hdec_coprocessor/i_hdec_top/FSM_onehot_st_q_reg[44]/C (clocked by sys_clk) and i_ariane/gen_hdec_coprocessor.i_hdec_coprocessor/i_hdec_top/ecc_leaf_xor_a_q_reg[3]/D (clocked by sys_clk). Large setup violations at the end of those stages might be difficult to fix during the post-placement implementation flow and could be the result of non-optimal XDC constraints or non-optimal design architecture
Related violations: <none>

TIMING-16#806 Warning
Large setup violation  
There is a large setup violation of -2.716 ns between i_ariane/gen_hdec_coprocessor.i_hdec_coprocessor/i_hdec_top/ecc_fold_word_q_reg[1]/C (clocked by sys_clk) and i_ariane/gen_hdec_coprocessor.i_hdec_coprocessor/i_hdec_top/hdc_src0_q_reg[2][54]/D (clocked by sys_clk). Large setup violations at the end of those stages might be difficult to fix during the post-placement implementation flow and could be the result of non-optimal XDC constraints or non-optimal design architecture
Related violations: <none>

TIMING-16#807 Warning
Large setup violation  
There is a large setup violation of -2.716 ns between i_ariane/gen_hdec_coprocessor.i_hdec_coprocessor/i_hdec_top/ecc_fold_word_q_reg[1]/C (clocked by sys_clk) and i_ariane/gen_hdec_coprocessor.i_hdec_coprocessor/i_hdec_top/hdc_src0_q_reg[2][63]/D (clocked by sys_clk). Large setup violations at the end of those stages might be difficult to fix during the post-placement implementation flow and could be the result of non-optimal XDC constraints or non-optimal design architecture
Related violations: <none>

TIMING-16#808 Warning
Large setup violation  
There is a large setup violation of -2.732 ns between i_ariane/gen_hdec_coprocessor.i_hdec_coprocessor/i_hdec_top/ecc_fold_word_q_reg[1]/C (clocked by sys_clk) and i_ariane/gen_hdec_coprocessor.i_hdec_coprocessor/i_hdec_top/hdc_src0_q_reg[0][24]/D (clocked by sys_clk). Large setup violations at the end of those stages might be difficult to fix during the post-placement implementation flow and could be the result of non-optimal XDC constraints or non-optimal design architecture
Related violations: <none>

TIMING-16#809 Warning
Large setup violation  
There is a large setup violation of -2.739 ns between i_ariane/gen_hdec_coprocessor.i_hdec_coprocessor/i_hdec_top/ecc_fold_word_q_reg[0]/C (clocked by sys_clk) and i_ariane/gen_hdec_coprocessor.i_hdec_coprocessor/i_hdec_top/hdc_src0_q_reg[3][40]/D (clocked by sys_clk). Large setup violations at the end of those stages might be difficult to fix during the post-placement implementation flow and could be the result of non-optimal XDC constraints or non-optimal design architecture
Related violations: <none>

TIMING-16#810 Warning
Large setup violation  
There is a large setup violation of -2.742 ns between i_ariane/gen_hdec_coprocessor.i_hdec_coprocessor/i_hdec_top/ecc_fold_word_q_reg[1]/C (clocked by sys_clk) and i_ariane/gen_hdec_coprocessor.i_hdec_coprocessor/i_hdec_top/hdc_src0_q_reg[2][48]/D (clocked by sys_clk). Large setup violations at the end of those stages might be difficult to fix during the post-placement implementation flow and could be the result of non-optimal XDC constraints or non-optimal design architecture
Related violations: <none>

TIMING-16#811 Warning
Large setup violation  
There is a large setup violation of -2.744 ns between i_ariane/gen_hdec_coprocessor.i_hdec_coprocessor/i_hdec_top/ecc_fold_word_q_reg[1]/C (clocked by sys_clk) and i_ariane/gen_hdec_coprocessor.i_hdec_coprocessor/i_hdec_top/hdc_src0_q_reg[0][48]/D (clocked by sys_clk). Large setup violations at the end of those stages might be difficult to fix during the post-placement implementation flow and could be the result of non-optimal XDC constraints or non-optimal design architecture
Related violations: <none>

TIMING-16#812 Warning
Large setup violation  
There is a large setup violation of -2.749 ns between i_ariane/gen_hdec_coprocessor.i_hdec_coprocessor/i_hdec_top/i_vrf/gen_bank[2].vrf_mem_reg/CLKARDCLK (clocked by sys_clk) and i_ariane/gen_hdec_coprocessor.i_hdec_coprocessor/i_hdec_top/i_vec/payload_q_reg[2][2]/D (clocked by sys_clk). Large setup violations at the end of those stages might be difficult to fix during the post-placement implementation flow and could be the result of non-optimal XDC constraints or non-optimal design architecture
Related violations: <none>

TIMING-16#813 Warning
Large setup violation  
There is a large setup violation of -2.753 ns between i_ariane/gen_hdec_coprocessor.i_hdec_coprocessor/i_hdec_top/FSM_onehot_st_q_reg[44]/C (clocked by sys_clk) and i_ariane/gen_hdec_coprocessor.i_hdec_coprocessor/i_hdec_top/ecc_leaf_a_q_reg[10]/D (clocked by sys_clk). Large setup violations at the end of those stages might be difficult to fix during the post-placement implementation flow and could be the result of non-optimal XDC constraints or non-optimal design architecture
Related violations: <none>

TIMING-16#814 Warning
Large setup violation  
There is a large setup violation of -2.763 ns between i_ariane/gen_hdec_coprocessor.i_hdec_coprocessor/i_hdec_top/i_vrf/gen_bank[3].vrf_mem_reg/CLKARDCLK (clocked by sys_clk) and i_ariane/gen_hdec_coprocessor.i_hdec_coprocessor/i_hdec_top/i_vec/payload_q_reg[3][5]/D (clocked by sys_clk). Large setup violations at the end of those stages might be difficult to fix during the post-placement implementation flow and could be the result of non-optimal XDC constraints or non-optimal design architecture
Related violations: <none>

TIMING-16#815 Warning
Large setup violation  
There is a large setup violation of -2.769 ns between i_ariane/gen_hdec_coprocessor.i_hdec_coprocessor/i_hdec_top/ecc_fold_word_q_reg[1]/C (clocked by sys_clk) and i_ariane/gen_hdec_coprocessor.i_hdec_coprocessor/i_hdec_top/hdc_src0_q_reg[0][56]/D (clocked by sys_clk). Large setup violations at the end of those stages might be difficult to fix during the post-placement implementation flow and could be the result of non-optimal XDC constraints or non-optimal design architecture
Related violations: <none>

TIMING-16#816 Warning
Large setup violation  
There is a large setup violation of -2.770 ns between i_ariane/gen_hdec_coprocessor.i_hdec_coprocessor/i_hdec_top/FSM_onehot_st_q_reg[44]/C (clocked by sys_clk) and i_ariane/gen_hdec_coprocessor.i_hdec_coprocessor/i_hdec_top/ecc_leaf_b_q_reg[7]/D (clocked by sys_clk). Large setup violations at the end of those stages might be difficult to fix during the post-placement implementation flow and could be the result of non-optimal XDC constraints or non-optimal design architecture
Related violations: <none>

TIMING-16#817 Warning
Large setup violation  
There is a large setup violation of -2.778 ns between i_ariane/gen_hdec_coprocessor.i_hdec_coprocessor/i_hdec_top/ecc_fold_word_q_reg[1]/C (clocked by sys_clk) and i_ariane/gen_hdec_coprocessor.i_hdec_coprocessor/i_hdec_top/hdc_src0_q_reg[0][43]/D (clocked by sys_clk). Large setup violations at the end of those stages might be difficult to fix during the post-placement implementation flow and could be the result of non-optimal XDC constraints or non-optimal design architecture
Related violations: <none>

TIMING-16#818 Warning
Large setup violation  
There is a large setup violation of -2.779 ns between i_ariane/gen_hdec_coprocessor.i_hdec_coprocessor/i_hdec_top/uop_p3_q_reg[subgroup_idx][1]_rep/C (clocked by sys_clk) and i_ariane/gen_hdec_coprocessor.i_hdec_coprocessor/i_hdec_top/hdc_src0_q_reg[2][43]/D (clocked by sys_clk). Large setup violations at the end of those stages might be difficult to fix during the post-placement implementation flow and could be the result of non-optimal XDC constraints or non-optimal design architecture
Related violations: <none>

TIMING-16#819 Warning
Large setup violation  
There is a large setup violation of -2.780 ns between i_ariane/gen_hdec_coprocessor.i_hdec_coprocessor/i_hdec_top/ecc_fold_word_q_reg[1]/C (clocked by sys_clk) and i_ariane/gen_hdec_coprocessor.i_hdec_coprocessor/i_hdec_top/hdc_src0_q_reg[2][50]/D (clocked by sys_clk). Large setup violations at the end of those stages might be difficult to fix during the post-placement implementation flow and could be the result of non-optimal XDC constraints or non-optimal design architecture
Related violations: <none>

TIMING-16#820 Warning
Large setup violation  
There is a large setup violation of -2.786 ns between i_ariane/gen_hdec_coprocessor.i_hdec_coprocessor/i_hdec_top/ecc_fold_word_q_reg[0]/C (clocked by sys_clk) and i_ariane/gen_hdec_coprocessor.i_hdec_coprocessor/i_hdec_top/hdc_src0_q_reg[0][17]/D (clocked by sys_clk). Large setup violations at the end of those stages might be difficult to fix during the post-placement implementation flow and could be the result of non-optimal XDC constraints or non-optimal design architecture
Related violations: <none>

TIMING-16#821 Warning
Large setup violation  
There is a large setup violation of -2.786 ns between i_ariane/gen_hdec_coprocessor.i_hdec_coprocessor/i_hdec_top/ecc_fold_word_q_reg[0]/C (clocked by sys_clk) and i_ariane/gen_hdec_coprocessor.i_hdec_coprocessor/i_hdec_top/hdc_src0_q_reg[1][4]/D (clocked by sys_clk). Large setup violations at the end of those stages might be difficult to fix during the post-placement implementation flow and could be the result of non-optimal XDC constraints or non-optimal design architecture
Related violations: <none>

TIMING-16#822 Warning
Large setup violation  
There is a large setup violation of -2.788 ns between i_ariane/gen_hdec_coprocessor.i_hdec_coprocessor/i_hdec_top/FSM_onehot_st_q_reg[44]/C (clocked by sys_clk) and i_ariane/gen_hdec_coprocessor.i_hdec_coprocessor/i_hdec_top/ecc_leaf_xor_a_q_reg[6]/D (clocked by sys_clk). Large setup violations at the end of those stages might be difficult to fix during the post-placement implementation flow and could be the result of non-optimal XDC constraints or non-optimal design architecture
Related violations: <none>

TIMING-16#823 Warning
Large setup violation  
There is a large setup violation of -2.788 ns between i_ariane/gen_hdec_coprocessor.i_hdec_coprocessor/i_hdec_top/ecc_fold_word_q_reg[1]/C (clocked by sys_clk) and i_ariane/gen_hdec_coprocessor.i_hdec_coprocessor/i_hdec_top/hdc_src0_q_reg[0][25]/D (clocked by sys_clk). Large setup violations at the end of those stages might be difficult to fix during the post-placement implementation flow and could be the result of non-optimal XDC constraints or non-optimal design architecture
Related violations: <none>

TIMING-16#824 Warning
Large setup violation  
There is a large setup violation of -2.790 ns between i_ariane/gen_hdec_coprocessor.i_hdec_coprocessor/i_hdec_top/ecc_fold_word_q_reg[1]/C (clocked by sys_clk) and i_ariane/gen_hdec_coprocessor.i_hdec_coprocessor/i_hdec_top/hdc_src0_q_reg[3][6]/D (clocked by sys_clk). Large setup violations at the end of those stages might be difficult to fix during the post-placement implementation flow and could be the result of non-optimal XDC constraints or non-optimal design architecture
Related violations: <none>

TIMING-16#825 Warning
Large setup violation  
There is a large setup violation of -2.791 ns between i_ariane/gen_hdec_coprocessor.i_hdec_coprocessor/i_hdec_top/ecc_fold_word_q_reg[0]/C (clocked by sys_clk) and i_ariane/gen_hdec_coprocessor.i_hdec_coprocessor/i_hdec_top/hdc_src0_q_reg[1][59]/D (clocked by sys_clk). Large setup violations at the end of those stages might be difficult to fix during the post-placement implementation flow and could be the result of non-optimal XDC constraints or non-optimal design architecture
Related violations: <none>

TIMING-16#826 Warning
Large setup violation  
There is a large setup violation of -2.798 ns between i_ariane/gen_hdec_coprocessor.i_hdec_coprocessor/i_hdec_top/ecc_autoreduce_q_reg/C (clocked by sys_clk) and i_ariane/gen_hdec_coprocessor.i_hdec_coprocessor/i_hdec_top/hdc_src0_q_reg[3][47]/CE (clocked by sys_clk). Large setup violations at the end of those stages might be difficult to fix during the post-placement implementation flow and could be the result of non-optimal XDC constraints or non-optimal design architecture
Related violations: <none>

TIMING-16#827 Warning
Large setup violation  
There is a large setup violation of -2.814 ns between i_ariane/gen_hdec_coprocessor.i_hdec_coprocessor/i_hdec_top/FSM_onehot_st_q_reg[44]/C (clocked by sys_clk) and i_ariane/gen_hdec_coprocessor.i_hdec_coprocessor/i_hdec_top/ecc_leaf_xor_a_q_reg[10]/D (clocked by sys_clk). Large setup violations at the end of those stages might be difficult to fix during the post-placement implementation flow and could be the result of non-optimal XDC constraints or non-optimal design architecture
Related violations: <none>

TIMING-16#828 Warning
Large setup violation  
There is a large setup violation of -2.820 ns between i_ariane/gen_hdec_coprocessor.i_hdec_coprocessor/i_hdec_top/FSM_onehot_st_q_reg[44]/C (clocked by sys_clk) and i_ariane/gen_hdec_coprocessor.i_hdec_coprocessor/i_hdec_top/ecc_leaf_xor_b_q_reg[7]/D (clocked by sys_clk). Large setup violations at the end of those stages might be difficult to fix during the post-placement implementation flow and could be the result of non-optimal XDC constraints or non-optimal design architecture
Related violations: <none>

TIMING-16#829 Warning
Large setup violation  
There is a large setup violation of -2.820 ns between i_ariane/gen_hdec_coprocessor.i_hdec_coprocessor/i_hdec_top/ecc_fold_word_q_reg[0]/C (clocked by sys_clk) and i_ariane/gen_hdec_coprocessor.i_hdec_coprocessor/i_hdec_top/hdc_src0_q_reg[1][29]/D (clocked by sys_clk). Large setup violations at the end of those stages might be difficult to fix during the post-placement implementation flow and could be the result of non-optimal XDC constraints or non-optimal design architecture
Related violations: <none>

TIMING-16#830 Warning
Large setup violation  
There is a large setup violation of -2.830 ns between i_ariane/gen_hdec_coprocessor.i_hdec_coprocessor/i_hdec_top/FSM_onehot_st_q_reg[44]/C (clocked by sys_clk) and i_ariane/gen_hdec_coprocessor.i_hdec_coprocessor/i_hdec_top/ecc_leaf_xor_b_q_reg[9]/D (clocked by sys_clk). Large setup violations at the end of those stages might be difficult to fix during the post-placement implementation flow and could be the result of non-optimal XDC constraints or non-optimal design architecture
Related violations: <none>

TIMING-16#831 Warning
Large setup violation  
There is a large setup violation of -2.838 ns between i_ariane/gen_hdec_coprocessor.i_hdec_coprocessor/i_hdec_top/FSM_onehot_st_q_reg[44]/C (clocked by sys_clk) and i_ariane/gen_hdec_coprocessor.i_hdec_coprocessor/i_hdec_top/ecc_leaf_xor_b_q_reg[11]/D (clocked by sys_clk). Large setup violations at the end of those stages might be difficult to fix during the post-placement implementation flow and could be the result of non-optimal XDC constraints or non-optimal design architecture
Related violations: <none>

TIMING-16#832 Warning
Large setup violation  
There is a large setup violation of -2.841 ns between i_ariane/gen_hdec_coprocessor.i_hdec_coprocessor/i_hdec_top/ecc_fold_word_q_reg[0]/C (clocked by sys_clk) and i_ariane/gen_hdec_coprocessor.i_hdec_coprocessor/i_hdec_top/hdc_src0_q_reg[1][58]/D (clocked by sys_clk). Large setup violations at the end of those stages might be difficult to fix during the post-placement implementation flow and could be the result of non-optimal XDC constraints or non-optimal design architecture
Related violations: <none>

TIMING-16#833 Warning
Large setup violation  
There is a large setup violation of -2.844 ns between i_ariane/gen_hdec_coprocessor.i_hdec_coprocessor/i_hdec_top/ecc_fold_word_q_reg[1]/C (clocked by sys_clk) and i_ariane/gen_hdec_coprocessor.i_hdec_coprocessor/i_hdec_top/hdc_src0_q_reg[2][26]/D (clocked by sys_clk). Large setup violations at the end of those stages might be difficult to fix during the post-placement implementation flow and could be the result of non-optimal XDC constraints or non-optimal design architecture
Related violations: <none>

TIMING-16#834 Warning
Large setup violation  
There is a large setup violation of -2.845 ns between i_ariane/gen_hdec_coprocessor.i_hdec_coprocessor/i_hdec_top/ecc_fold_word_q_reg[1]/C (clocked by sys_clk) and i_ariane/gen_hdec_coprocessor.i_hdec_coprocessor/i_hdec_top/hdc_src0_q_reg[2][24]/D (clocked by sys_clk). Large setup violations at the end of those stages might be difficult to fix during the post-placement implementation flow and could be the result of non-optimal XDC constraints or non-optimal design architecture
Related violations: <none>

TIMING-16#835 Warning
Large setup violation  
There is a large setup violation of -2.848 ns between i_ariane/gen_hdec_coprocessor.i_hdec_coprocessor/i_hdec_top/ecc_fold_word_q_reg[1]/C (clocked by sys_clk) and i_ariane/gen_hdec_coprocessor.i_hdec_coprocessor/i_hdec_top/hdc_src0_q_reg[2][23]/D (clocked by sys_clk). Large setup violations at the end of those stages might be difficult to fix during the post-placement implementation flow and could be the result of non-optimal XDC constraints or non-optimal design architecture
Related violations: <none>

TIMING-16#836 Warning
Large setup violation  
There is a large setup violation of -2.849 ns between i_ariane/gen_hdec_coprocessor.i_hdec_coprocessor/i_hdec_top/FSM_onehot_st_q_reg[41]/C (clocked by sys_clk) and i_ariane/gen_hdec_coprocessor.i_hdec_coprocessor/i_hdec_top/FSM_onehot_st_q_reg[37]/CE (clocked by sys_clk). Large setup violations at the end of those stages might be difficult to fix during the post-placement implementation flow and could be the result of non-optimal XDC constraints or non-optimal design architecture
Related violations: <none>

TIMING-16#837 Warning
Large setup violation  
There is a large setup violation of -2.849 ns between i_ariane/gen_hdec_coprocessor.i_hdec_coprocessor/i_hdec_top/ecc_fold_word_q_reg[1]/C (clocked by sys_clk) and i_ariane/gen_hdec_coprocessor.i_hdec_coprocessor/i_hdec_top/hdc_src0_q_reg[0][7]/D (clocked by sys_clk). Large setup violations at the end of those stages might be difficult to fix during the post-placement implementation flow and could be the result of non-optimal XDC constraints or non-optimal design architecture
Related violations: <none>

TIMING-16#838 Warning
Large setup violation  
There is a large setup violation of -2.849 ns between i_ariane/gen_hdec_coprocessor.i_hdec_coprocessor/i_hdec_top/ecc_fold_word_q_reg[1]/C (clocked by sys_clk) and i_ariane/gen_hdec_coprocessor.i_hdec_coprocessor/i_hdec_top/hdc_src0_q_reg[2][19]/D (clocked by sys_clk). Large setup violations at the end of those stages might be difficult to fix during the post-placement implementation flow and could be the result of non-optimal XDC constraints or non-optimal design architecture
Related violations: <none>

TIMING-16#839 Warning
Large setup violation  
There is a large setup violation of -2.851 ns between i_ariane/gen_hdec_coprocessor.i_hdec_coprocessor/i_hdec_top/ecc_fold_word_q_reg[1]/C (clocked by sys_clk) and i_ariane/gen_hdec_coprocessor.i_hdec_coprocessor/i_hdec_top/hdc_src0_q_reg[2][29]/D (clocked by sys_clk). Large setup violations at the end of those stages might be difficult to fix during the post-placement implementation flow and could be the result of non-optimal XDC constraints or non-optimal design architecture
Related violations: <none>

TIMING-16#840 Warning
Large setup violation  
There is a large setup violation of -2.859 ns between i_ariane/gen_hdec_coprocessor.i_hdec_coprocessor/i_hdec_top/ecc_fold_word_q_reg[1]/C (clocked by sys_clk) and i_ariane/gen_hdec_coprocessor.i_hdec_coprocessor/i_hdec_top/hdc_src0_q_reg[0][29]/D (clocked by sys_clk). Large setup violations at the end of those stages might be difficult to fix during the post-placement implementation flow and could be the result of non-optimal XDC constraints or non-optimal design architecture
Related violations: <none>

TIMING-16#841 Warning
Large setup violation  
There is a large setup violation of -2.864 ns between i_ariane/gen_hdec_coprocessor.i_hdec_coprocessor/i_hdec_top/ecc_fold_word_q_reg[1]/C (clocked by sys_clk) and i_ariane/gen_hdec_coprocessor.i_hdec_coprocessor/i_hdec_top/hdc_src0_q_reg[0][61]/D (clocked by sys_clk). Large setup violations at the end of those stages might be difficult to fix during the post-placement implementation flow and could be the result of non-optimal XDC constraints or non-optimal design architecture
Related violations: <none>

TIMING-16#842 Warning
Large setup violation  
There is a large setup violation of -2.864 ns between i_ariane/gen_hdec_coprocessor.i_hdec_coprocessor/i_hdec_top/ecc_fold_word_q_reg[1]/C (clocked by sys_clk) and i_ariane/gen_hdec_coprocessor.i_hdec_coprocessor/i_hdec_top/hdc_src0_q_reg[2][0]/D (clocked by sys_clk). Large setup violations at the end of those stages might be difficult to fix during the post-placement implementation flow and could be the result of non-optimal XDC constraints or non-optimal design architecture
Related violations: <none>

TIMING-16#843 Warning
Large setup violation  
There is a large setup violation of -2.872 ns between i_ariane/gen_hdec_coprocessor.i_hdec_coprocessor/i_hdec_top/FSM_onehot_st_q_reg[44]/C (clocked by sys_clk) and i_ariane/gen_hdec_coprocessor.i_hdec_coprocessor/i_hdec_top/ecc_leaf_xor_b_q_reg[19]/D (clocked by sys_clk). Large setup violations at the end of those stages might be difficult to fix during the post-placement implementation flow and could be the result of non-optimal XDC constraints or non-optimal design architecture
Related violations: <none>

TIMING-16#844 Warning
Large setup violation  
There is a large setup violation of -2.876 ns between i_ariane/gen_hdec_coprocessor.i_hdec_coprocessor/i_hdec_top/FSM_onehot_st_q_reg[44]/C (clocked by sys_clk) and i_ariane/gen_hdec_coprocessor.i_hdec_coprocessor/i_hdec_top/ecc_leaf_a_q_reg[23]/D (clocked by sys_clk). Large setup violations at the end of those stages might be difficult to fix during the post-placement implementation flow and could be the result of non-optimal XDC constraints or non-optimal design architecture
Related violations: <none>

TIMING-16#845 Warning
Large setup violation  
There is a large setup violation of -2.881 ns between i_ariane/gen_hdec_coprocessor.i_hdec_coprocessor/i_hdec_top/ecc_fold_word_q_reg[1]/C (clocked by sys_clk) and i_ariane/gen_hdec_coprocessor.i_hdec_coprocessor/i_hdec_top/hdc_src0_q_reg[1][10]/D (clocked by sys_clk). Large setup violations at the end of those stages might be difficult to fix during the post-placement implementation flow and could be the result of non-optimal XDC constraints or non-optimal design architecture
Related violations: <none>

TIMING-16#846 Warning
Large setup violation  
There is a large setup violation of -2.882 ns between i_ariane/gen_hdec_coprocessor.i_hdec_coprocessor/i_hdec_top/FSM_onehot_st_q_reg[44]/C (clocked by sys_clk) and i_ariane/gen_hdec_coprocessor.i_hdec_coprocessor/i_hdec_top/ecc_leaf_a_q_reg[21]/D (clocked by sys_clk). Large setup violations at the end of those stages might be difficult to fix during the post-placement implementation flow and could be the result of non-optimal XDC constraints or non-optimal design architecture
Related violations: <none>

TIMING-16#847 Warning
Large setup violation  
There is a large setup violation of -2.882 ns between i_ariane/gen_hdec_coprocessor.i_hdec_coprocessor/i_hdec_top/FSM_onehot_st_q_reg[44]/C (clocked by sys_clk) and i_ariane/gen_hdec_coprocessor.i_hdec_coprocessor/i_hdec_top/ecc_leaf_xor_b_q_reg[31]/D (clocked by sys_clk). Large setup violations at the end of those stages might be difficult to fix during the post-placement implementation flow and could be the result of non-optimal XDC constraints or non-optimal design architecture
Related violations: <none>

TIMING-16#848 Warning
Large setup violation  
There is a large setup violation of -2.891 ns between i_ariane/gen_hdec_coprocessor.i_hdec_coprocessor/i_hdec_top/ecc_fold_word_q_reg[1]/C (clocked by sys_clk) and i_ariane/gen_hdec_coprocessor.i_hdec_coprocessor/i_hdec_top/hdc_src0_q_reg[1][35]/D (clocked by sys_clk). Large setup violations at the end of those stages might be difficult to fix during the post-placement implementation flow and could be the result of non-optimal XDC constraints or non-optimal design architecture
Related violations: <none>

TIMING-16#849 Warning
Large setup violation  
There is a large setup violation of -2.898 ns between i_ariane/gen_hdec_coprocessor.i_hdec_coprocessor/i_hdec_top/FSM_onehot_st_q_reg[44]/C (clocked by sys_clk) and i_ariane/gen_hdec_coprocessor.i_hdec_coprocessor/i_hdec_top/ecc_leaf_b_q_reg[23]/D (clocked by sys_clk). Large setup violations at the end of those stages might be difficult to fix during the post-placement implementation flow and could be the result of non-optimal XDC constraints or non-optimal design architecture
Related violations: <none>

TIMING-16#850 Warning
Large setup violation  
There is a large setup violation of -2.901 ns between i_ariane/gen_hdec_coprocessor.i_hdec_coprocessor/i_hdec_top/FSM_onehot_st_q_reg[44]/C (clocked by sys_clk) and i_ariane/gen_hdec_coprocessor.i_hdec_coprocessor/i_hdec_top/ecc_leaf_xor_a_q_reg[19]/D (clocked by sys_clk). Large setup violations at the end of those stages might be difficult to fix during the post-placement implementation flow and could be the result of non-optimal XDC constraints or non-optimal design architecture
Related violations: <none>

TIMING-16#851 Warning
Large setup violation  
There is a large setup violation of -2.902 ns between i_ariane/gen_hdec_coprocessor.i_hdec_coprocessor/i_hdec_top/ecc_fold_word_q_reg[1]/C (clocked by sys_clk) and i_ariane/gen_hdec_coprocessor.i_hdec_coprocessor/i_hdec_top/hdc_src0_q_reg[1][50]/D (clocked by sys_clk). Large setup violations at the end of those stages might be difficult to fix during the post-placement implementation flow and could be the result of non-optimal XDC constraints or non-optimal design architecture
Related violations: <none>

TIMING-16#852 Warning
Large setup violation  
There is a large setup violation of -2.905 ns between i_ariane/gen_hdec_coprocessor.i_hdec_coprocessor/i_hdec_top/ecc_fold_word_q_reg[1]/C (clocked by sys_clk) and i_ariane/gen_hdec_coprocessor.i_hdec_coprocessor/i_hdec_top/hdc_src0_q_reg[3][10]/D (clocked by sys_clk). Large setup violations at the end of those stages might be difficult to fix during the post-placement implementation flow and could be the result of non-optimal XDC constraints or non-optimal design architecture
Related violations: <none>

TIMING-16#853 Warning
Large setup violation  
There is a large setup violation of -2.907 ns between i_ariane/gen_hdec_coprocessor.i_hdec_coprocessor/i_hdec_top/FSM_onehot_st_q_reg[44]/C (clocked by sys_clk) and i_ariane/gen_hdec_coprocessor.i_hdec_coprocessor/i_hdec_top/ecc_leaf_xor_a_q_reg[31]/D (clocked by sys_clk). Large setup violations at the end of those stages might be difficult to fix during the post-placement implementation flow and could be the result of non-optimal XDC constraints or non-optimal design architecture
Related violations: <none>

TIMING-16#854 Warning
Large setup violation  
There is a large setup violation of -2.910 ns between i_ariane/gen_hdec_coprocessor.i_hdec_coprocessor/i_hdec_top/ecc_fold_word_q_reg[1]/C (clocked by sys_clk) and i_ariane/gen_hdec_coprocessor.i_hdec_coprocessor/i_hdec_top/hdc_src0_q_reg[1][48]/D (clocked by sys_clk). Large setup violations at the end of those stages might be difficult to fix during the post-placement implementation flow and could be the result of non-optimal XDC constraints or non-optimal design architecture
Related violations: <none>

TIMING-16#855 Warning
Large setup violation  
There is a large setup violation of -2.915 ns between i_ariane/gen_hdec_coprocessor.i_hdec_coprocessor/i_hdec_top/FSM_onehot_st_q_reg[44]/C (clocked by sys_clk) and i_ariane/gen_hdec_coprocessor.i_hdec_coprocessor/i_hdec_top/ecc_leaf_xor_b_q_reg[6]/D (clocked by sys_clk). Large setup violations at the end of those stages might be difficult to fix during the post-placement implementation flow and could be the result of non-optimal XDC constraints or non-optimal design architecture
Related violations: <none>

TIMING-16#856 Warning
Large setup violation  
There is a large setup violation of -2.920 ns between i_ariane/gen_hdec_coprocessor.i_hdec_coprocessor/i_hdec_top/ecc_fold_word_q_reg[0]/C (clocked by sys_clk) and i_ariane/gen_hdec_coprocessor.i_hdec_coprocessor/i_hdec_top/hdc_src0_q_reg[1][60]/D (clocked by sys_clk). Large setup violations at the end of those stages might be difficult to fix during the post-placement implementation flow and could be the result of non-optimal XDC constraints or non-optimal design architecture
Related violations: <none>

TIMING-16#857 Warning
Large setup violation  
There is a large setup violation of -2.926 ns between i_ariane/gen_hdec_coprocessor.i_hdec_coprocessor/i_hdec_top/ecc_fold_word_q_reg[1]/C (clocked by sys_clk) and i_ariane/gen_hdec_coprocessor.i_hdec_coprocessor/i_hdec_top/hdc_src0_q_reg[0][3]/D (clocked by sys_clk). Large setup violations at the end of those stages might be difficult to fix during the post-placement implementation flow and could be the result of non-optimal XDC constraints or non-optimal design architecture
Related violations: <none>

TIMING-16#858 Warning
Large setup violation  
There is a large setup violation of -2.933 ns between i_ariane/gen_hdec_coprocessor.i_hdec_coprocessor/i_hdec_top/FSM_onehot_st_q_reg[44]/C (clocked by sys_clk) and i_ariane/gen_hdec_coprocessor.i_hdec_coprocessor/i_hdec_top/ecc_leaf_b_q_reg[13]/D (clocked by sys_clk). Large setup violations at the end of those stages might be difficult to fix during the post-placement implementation flow and could be the result of non-optimal XDC constraints or non-optimal design architecture
Related violations: <none>

TIMING-16#859 Warning
Large setup violation  
There is a large setup violation of -2.934 ns between i_ariane/gen_hdec_coprocessor.i_hdec_coprocessor/i_hdec_top/ecc_fold_word_q_reg[1]/C (clocked by sys_clk) and i_ariane/gen_hdec_coprocessor.i_hdec_coprocessor/i_hdec_top/hdc_src0_q_reg[0][42]/D (clocked by sys_clk). Large setup violations at the end of those stages might be difficult to fix during the post-placement implementation flow and could be the result of non-optimal XDC constraints or non-optimal design architecture
Related violations: <none>

TIMING-16#860 Warning
Large setup violation  
There is a large setup violation of -2.934 ns between i_ariane/gen_hdec_coprocessor.i_hdec_coprocessor/i_hdec_top/ecc_fold_word_q_reg[1]/C (clocked by sys_clk) and i_ariane/gen_hdec_coprocessor.i_hdec_coprocessor/i_hdec_top/hdc_src0_q_reg[2][20]/D (clocked by sys_clk). Large setup violations at the end of those stages might be difficult to fix during the post-placement implementation flow and could be the result of non-optimal XDC constraints or non-optimal design architecture
Related violations: <none>

TIMING-16#861 Warning
Large setup violation  
There is a large setup violation of -2.941 ns between i_ariane/gen_hdec_coprocessor.i_hdec_coprocessor/i_hdec_top/ecc_fold_word_q_reg[0]/C (clocked by sys_clk) and i_ariane/gen_hdec_coprocessor.i_hdec_coprocessor/i_hdec_top/hdc_src0_q_reg[3][36]/D (clocked by sys_clk). Large setup violations at the end of those stages might be difficult to fix during the post-placement implementation flow and could be the result of non-optimal XDC constraints or non-optimal design architecture
Related violations: <none>

TIMING-16#862 Warning
Large setup violation  
There is a large setup violation of -2.943 ns between i_ariane/gen_hdec_coprocessor.i_hdec_coprocessor/i_hdec_top/ecc_fold_word_q_reg[0]/C (clocked by sys_clk) and i_ariane/gen_hdec_coprocessor.i_hdec_coprocessor/i_hdec_top/hdc_src0_q_reg[3][37]/D (clocked by sys_clk). Large setup violations at the end of those stages might be difficult to fix during the post-placement implementation flow and could be the result of non-optimal XDC constraints or non-optimal design architecture
Related violations: <none>

TIMING-16#863 Warning
Large setup violation  
There is a large setup violation of -2.954 ns between i_ariane/gen_hdec_coprocessor.i_hdec_coprocessor/i_hdec_top/FSM_onehot_st_q_reg[44]/C (clocked by sys_clk) and i_ariane/gen_hdec_coprocessor.i_hdec_coprocessor/i_hdec_top/ecc_leaf_xor_b_q_reg[27]/D (clocked by sys_clk). Large setup violations at the end of those stages might be difficult to fix during the post-placement implementation flow and could be the result of non-optimal XDC constraints or non-optimal design architecture
Related violations: <none>

TIMING-16#864 Warning
Large setup violation  
There is a large setup violation of -2.955 ns between i_ariane/gen_hdec_coprocessor.i_hdec_coprocessor/i_hdec_top/i_vrf/gen_bank[2].vrf_mem_reg/CLKARDCLK (clocked by sys_clk) and i_ariane/gen_hdec_coprocessor.i_hdec_coprocessor/i_hdec_top/i_vec/payload_q_reg[2][4]/D (clocked by sys_clk). Large setup violations at the end of those stages might be difficult to fix during the post-placement implementation flow and could be the result of non-optimal XDC constraints or non-optimal design architecture
Related violations: <none>

TIMING-16#865 Warning
Large setup violation  
There is a large setup violation of -2.962 ns between i_ariane/gen_hdec_coprocessor.i_hdec_coprocessor/i_hdec_top/ecc_fold_word_q_reg[0]/C (clocked by sys_clk) and i_ariane/gen_hdec_coprocessor.i_hdec_coprocessor/i_hdec_top/hdc_src0_q_reg[1][16]/D (clocked by sys_clk). Large setup violations at the end of those stages might be difficult to fix during the post-placement implementation flow and could be the result of non-optimal XDC constraints or non-optimal design architecture
Related violations: <none>

TIMING-16#866 Warning
Large setup violation  
There is a large setup violation of -2.963 ns between i_ariane/gen_hdec_coprocessor.i_hdec_coprocessor/i_hdec_top/ecc_fold_word_q_reg[1]/C (clocked by sys_clk) and i_ariane/gen_hdec_coprocessor.i_hdec_coprocessor/i_hdec_top/hdc_src0_q_reg[2][36]/D (clocked by sys_clk). Large setup violations at the end of those stages might be difficult to fix during the post-placement implementation flow and could be the result of non-optimal XDC constraints or non-optimal design architecture
Related violations: <none>

TIMING-16#867 Warning
Large setup violation  
There is a large setup violation of -2.964 ns between i_ariane/gen_hdec_coprocessor.i_hdec_coprocessor/i_hdec_top/ecc_fold_word_q_reg[0]/C (clocked by sys_clk) and i_ariane/gen_hdec_coprocessor.i_hdec_coprocessor/i_hdec_top/hdc_src0_q_reg[3][18]/D (clocked by sys_clk). Large setup violations at the end of those stages might be difficult to fix during the post-placement implementation flow and could be the result of non-optimal XDC constraints or non-optimal design architecture
Related violations: <none>

TIMING-16#868 Warning
Large setup violation  
There is a large setup violation of -2.966 ns between i_ariane/gen_hdec_coprocessor.i_hdec_coprocessor/i_hdec_top/ecc_fold_word_q_reg[0]/C (clocked by sys_clk) and i_ariane/gen_hdec_coprocessor.i_hdec_coprocessor/i_hdec_top/hdc_src0_q_reg[1][63]/D (clocked by sys_clk). Large setup violations at the end of those stages might be difficult to fix during the post-placement implementation flow and could be the result of non-optimal XDC constraints or non-optimal design architecture
Related violations: <none>

TIMING-16#869 Warning
Large setup violation  
There is a large setup violation of -2.970 ns between i_ariane/gen_hdec_coprocessor.i_hdec_coprocessor/i_hdec_top/ecc_fold_word_q_reg[1]/C (clocked by sys_clk) and i_ariane/gen_hdec_coprocessor.i_hdec_coprocessor/i_hdec_top/hdc_src0_q_reg[0][44]/D (clocked by sys_clk). Large setup violations at the end of those stages might be difficult to fix during the post-placement implementation flow and could be the result of non-optimal XDC constraints or non-optimal design architecture
Related violations: <none>

TIMING-16#870 Warning
Large setup violation  
There is a large setup violation of -2.971 ns between i_ariane/gen_hdec_coprocessor.i_hdec_coprocessor/i_hdec_top/FSM_onehot_st_q_reg[44]/C (clocked by sys_clk) and i_ariane/gen_hdec_coprocessor.i_hdec_coprocessor/i_hdec_top/ecc_leaf_xor_b_q_reg[10]/D (clocked by sys_clk). Large setup violations at the end of those stages might be difficult to fix during the post-placement implementation flow and could be the result of non-optimal XDC constraints or non-optimal design architecture
Related violations: <none>

TIMING-16#871 Warning
Large setup violation  
There is a large setup violation of -2.972 ns between i_ariane/gen_hdec_coprocessor.i_hdec_coprocessor/i_hdec_top/ecc_fold_word_q_reg[1]/C (clocked by sys_clk) and i_ariane/gen_hdec_coprocessor.i_hdec_coprocessor/i_hdec_top/hdc_src0_q_reg[0][40]/D (clocked by sys_clk). Large setup violations at the end of those stages might be difficult to fix during the post-placement implementation flow and could be the result of non-optimal XDC constraints or non-optimal design architecture
Related violations: <none>

TIMING-16#872 Warning
Large setup violation  
There is a large setup violation of -2.976 ns between i_ariane/gen_hdec_coprocessor.i_hdec_coprocessor/i_hdec_top/FSM_onehot_st_q_reg[44]/C (clocked by sys_clk) and i_ariane/gen_hdec_coprocessor.i_hdec_coprocessor/i_hdec_top/ecc_leaf_a_q_reg[11]/D (clocked by sys_clk). Large setup violations at the end of those stages might be difficult to fix during the post-placement implementation flow and could be the result of non-optimal XDC constraints or non-optimal design architecture
Related violations: <none>

TIMING-16#873 Warning
Large setup violation  
There is a large setup violation of -2.977 ns between i_ariane/gen_hdec_coprocessor.i_hdec_coprocessor/i_hdec_top/FSM_onehot_st_q_reg[44]/C (clocked by sys_clk) and i_ariane/gen_hdec_coprocessor.i_hdec_coprocessor/i_hdec_top/ecc_leaf_b_q_reg[11]/D (clocked by sys_clk). Large setup violations at the end of those stages might be difficult to fix during the post-placement implementation flow and could be the result of non-optimal XDC constraints or non-optimal design architecture
Related violations: <none>

TIMING-16#874 Warning
Large setup violation  
There is a large setup violation of -2.982 ns between i_ariane/gen_hdec_coprocessor.i_hdec_coprocessor/i_hdec_top/ecc_fold_word_q_reg[1]/C (clocked by sys_clk) and i_ariane/gen_hdec_coprocessor.i_hdec_coprocessor/i_hdec_top/hdc_src0_q_reg[0][33]/D (clocked by sys_clk). Large setup violations at the end of those stages might be difficult to fix during the post-placement implementation flow and could be the result of non-optimal XDC constraints or non-optimal design architecture
Related violations: <none>

TIMING-16#875 Warning
Large setup violation  
There is a large setup violation of -2.992 ns between i_ariane/gen_hdec_coprocessor.i_hdec_coprocessor/i_hdec_top/ecc_fold_word_q_reg[0]/C (clocked by sys_clk) and i_ariane/gen_hdec_coprocessor.i_hdec_coprocessor/i_hdec_top/hdc_src0_q_reg[3][29]/D (clocked by sys_clk). Large setup violations at the end of those stages might be difficult to fix during the post-placement implementation flow and could be the result of non-optimal XDC constraints or non-optimal design architecture
Related violations: <none>

TIMING-16#876 Warning
Large setup violation  
There is a large setup violation of -2.993 ns between i_ariane/gen_hdec_coprocessor.i_hdec_coprocessor/i_hdec_top/ecc_fold_word_q_reg[1]/C (clocked by sys_clk) and i_ariane/gen_hdec_coprocessor.i_hdec_coprocessor/i_hdec_top/hdc_src0_q_reg[2][22]/D (clocked by sys_clk). Large setup violations at the end of those stages might be difficult to fix during the post-placement implementation flow and could be the result of non-optimal XDC constraints or non-optimal design architecture
Related violations: <none>

TIMING-16#877 Warning
Large setup violation  
There is a large setup violation of -2.997 ns between i_ariane/gen_hdec_coprocessor.i_hdec_coprocessor/i_hdec_top/FSM_onehot_st_q_reg[44]/C (clocked by sys_clk) and i_ariane/gen_hdec_coprocessor.i_hdec_coprocessor/i_hdec_top/ecc_leaf_xor_a_q_reg[25]/D (clocked by sys_clk). Large setup violations at the end of those stages might be difficult to fix during the post-placement implementation flow and could be the result of non-optimal XDC constraints or non-optimal design architecture
Related violations: <none>

TIMING-16#878 Warning
Large setup violation  
There is a large setup violation of -2.997 ns between i_ariane/gen_hdec_coprocessor.i_hdec_coprocessor/i_hdec_top/ecc_fold_word_q_reg[0]/C (clocked by sys_clk) and i_ariane/gen_hdec_coprocessor.i_hdec_coprocessor/i_hdec_top/hdc_src0_q_reg[3][34]/D (clocked by sys_clk). Large setup violations at the end of those stages might be difficult to fix during the post-placement implementation flow and could be the result of non-optimal XDC constraints or non-optimal design architecture
Related violations: <none>

TIMING-16#879 Warning
Large setup violation  
There is a large setup violation of -3.000 ns between i_ariane/gen_hdec_coprocessor.i_hdec_coprocessor/i_hdec_top/i_vrf/gen_bank[3].vrf_mem_reg/CLKARDCLK (clocked by sys_clk) and i_ariane/gen_hdec_coprocessor.i_hdec_coprocessor/i_hdec_top/i_vec/payload_q_reg[3][2]/D (clocked by sys_clk). Large setup violations at the end of those stages might be difficult to fix during the post-placement implementation flow and could be the result of non-optimal XDC constraints or non-optimal design architecture
Related violations: <none>

TIMING-16#880 Warning
Large setup violation  
There is a large setup violation of -3.006 ns between i_ariane/gen_hdec_coprocessor.i_hdec_coprocessor/i_hdec_top/ecc_fold_word_q_reg[0]/C (clocked by sys_clk) and i_ariane/gen_hdec_coprocessor.i_hdec_coprocessor/i_hdec_top/hdc_src0_q_reg[1][47]/D (clocked by sys_clk). Large setup violations at the end of those stages might be difficult to fix during the post-placement implementation flow and could be the result of non-optimal XDC constraints or non-optimal design architecture
Related violations: <none>

TIMING-16#881 Warning
Large setup violation  
There is a large setup violation of -3.010 ns between i_ariane/gen_hdec_coprocessor.i_hdec_coprocessor/i_hdec_top/ecc_fold_word_q_reg[1]/C (clocked by sys_clk) and i_ariane/gen_hdec_coprocessor.i_hdec_coprocessor/i_hdec_top/hdc_src0_q_reg[0][4]/D (clocked by sys_clk). Large setup violations at the end of those stages might be difficult to fix during the post-placement implementation flow and could be the result of non-optimal XDC constraints or non-optimal design architecture
Related violations: <none>

TIMING-16#882 Warning
Large setup violation  
There is a large setup violation of -3.015 ns between i_ariane/gen_hdec_coprocessor.i_hdec_coprocessor/i_hdec_top/FSM_onehot_st_q_reg[44]/C (clocked by sys_clk) and i_ariane/gen_hdec_coprocessor.i_hdec_coprocessor/i_hdec_top/ecc_leaf_xor_b_q_reg[13]/D (clocked by sys_clk). Large setup violations at the end of those stages might be difficult to fix during the post-placement implementation flow and could be the result of non-optimal XDC constraints or non-optimal design architecture
Related violations: <none>

TIMING-16#883 Warning
Large setup violation  
There is a large setup violation of -3.036 ns between i_ariane/gen_hdec_coprocessor.i_hdec_coprocessor/i_hdec_top/ecc_fold_word_q_reg[1]/C (clocked by sys_clk) and i_ariane/gen_hdec_coprocessor.i_hdec_coprocessor/i_hdec_top/hdc_src0_q_reg[1][6]/D (clocked by sys_clk). Large setup violations at the end of those stages might be difficult to fix during the post-placement implementation flow and could be the result of non-optimal XDC constraints or non-optimal design architecture
Related violations: <none>

TIMING-16#884 Warning
Large setup violation  
There is a large setup violation of -3.041 ns between i_ariane/gen_hdec_coprocessor.i_hdec_coprocessor/i_hdec_top/ecc_fold_word_q_reg[1]/C (clocked by sys_clk) and i_ariane/gen_hdec_coprocessor.i_hdec_coprocessor/i_hdec_top/hdc_src0_q_reg[1][14]/D (clocked by sys_clk). Large setup violations at the end of those stages might be difficult to fix during the post-placement implementation flow and could be the result of non-optimal XDC constraints or non-optimal design architecture
Related violations: <none>

TIMING-16#885 Warning
Large setup violation  
There is a large setup violation of -3.042 ns between i_ariane/gen_hdec_coprocessor.i_hdec_coprocessor/i_hdec_top/ecc_fold_word_q_reg[1]/C (clocked by sys_clk) and i_ariane/gen_hdec_coprocessor.i_hdec_coprocessor/i_hdec_top/hdc_src0_q_reg[2][45]/D (clocked by sys_clk). Large setup violations at the end of those stages might be difficult to fix during the post-placement implementation flow and could be the result of non-optimal XDC constraints or non-optimal design architecture
Related violations: <none>

TIMING-16#886 Warning
Large setup violation  
There is a large setup violation of -3.053 ns between i_ariane/gen_hdec_coprocessor.i_hdec_coprocessor/i_hdec_top/ecc_fold_word_q_reg[1]/C (clocked by sys_clk) and i_ariane/gen_hdec_coprocessor.i_hdec_coprocessor/i_hdec_top/hdc_src0_q_reg[0][34]/D (clocked by sys_clk). Large setup violations at the end of those stages might be difficult to fix during the post-placement implementation flow and could be the result of non-optimal XDC constraints or non-optimal design architecture
Related violations: <none>

TIMING-16#887 Warning
Large setup violation  
There is a large setup violation of -3.058 ns between i_ariane/gen_hdec_coprocessor.i_hdec_coprocessor/i_hdec_top/ecc_fold_word_q_reg[0]/C (clocked by sys_clk) and i_ariane/gen_hdec_coprocessor.i_hdec_coprocessor/i_hdec_top/hdc_src0_q_reg[2][25]/D (clocked by sys_clk). Large setup violations at the end of those stages might be difficult to fix during the post-placement implementation flow and could be the result of non-optimal XDC constraints or non-optimal design architecture
Related violations: <none>

TIMING-16#888 Warning
Large setup violation  
There is a large setup violation of -3.059 ns between i_ariane/gen_hdec_coprocessor.i_hdec_coprocessor/i_hdec_top/ecc_fold_word_q_reg[0]/C (clocked by sys_clk) and i_ariane/gen_hdec_coprocessor.i_hdec_coprocessor/i_hdec_top/hdc_src0_q_reg[0][0]/D (clocked by sys_clk). Large setup violations at the end of those stages might be difficult to fix during the post-placement implementation flow and could be the result of non-optimal XDC constraints or non-optimal design architecture
Related violations: <none>

TIMING-16#889 Warning
Large setup violation  
There is a large setup violation of -3.064 ns between i_ariane/gen_hdec_coprocessor.i_hdec_coprocessor/i_hdec_top/ecc_fold_word_q_reg[1]/C (clocked by sys_clk) and i_ariane/gen_hdec_coprocessor.i_hdec_coprocessor/i_hdec_top/hdc_src0_q_reg[0][21]/D (clocked by sys_clk). Large setup violations at the end of those stages might be difficult to fix during the post-placement implementation flow and could be the result of non-optimal XDC constraints or non-optimal design architecture
Related violations: <none>

TIMING-16#890 Warning
Large setup violation  
There is a large setup violation of -3.065 ns between i_ariane/gen_hdec_coprocessor.i_hdec_coprocessor/i_hdec_top/ecc_fold_word_q_reg[1]/C (clocked by sys_clk) and i_ariane/gen_hdec_coprocessor.i_hdec_coprocessor/i_hdec_top/hdc_src0_q_reg[1][13]/D (clocked by sys_clk). Large setup violations at the end of those stages might be difficult to fix during the post-placement implementation flow and could be the result of non-optimal XDC constraints or non-optimal design architecture
Related violations: <none>

TIMING-16#891 Warning
Large setup violation  
There is a large setup violation of -3.089 ns between i_ariane/gen_hdec_coprocessor.i_hdec_coprocessor/i_hdec_top/FSM_onehot_st_q_reg[44]/C (clocked by sys_clk) and i_ariane/gen_hdec_coprocessor.i_hdec_coprocessor/i_hdec_top/ecc_leaf_xor_a_q_reg[13]/D (clocked by sys_clk). Large setup violations at the end of those stages might be difficult to fix during the post-placement implementation flow and could be the result of non-optimal XDC constraints or non-optimal design architecture
Related violations: <none>

TIMING-16#892 Warning
Large setup violation  
There is a large setup violation of -3.090 ns between i_ariane/gen_hdec_coprocessor.i_hdec_coprocessor/i_hdec_top/ecc_fold_word_q_reg[1]/C (clocked by sys_clk) and i_ariane/gen_hdec_coprocessor.i_hdec_coprocessor/i_hdec_top/hdc_src0_q_reg[1][55]/D (clocked by sys_clk). Large setup violations at the end of those stages might be difficult to fix during the post-placement implementation flow and could be the result of non-optimal XDC constraints or non-optimal design architecture
Related violations: <none>

TIMING-16#893 Warning
Large setup violation  
There is a large setup violation of -3.094 ns between i_ariane/gen_hdec_coprocessor.i_hdec_coprocessor/i_hdec_top/ecc_fold_word_q_reg[1]/C (clocked by sys_clk) and i_ariane/gen_hdec_coprocessor.i_hdec_coprocessor/i_hdec_top/hdc_src0_q_reg[1][25]/D (clocked by sys_clk). Large setup violations at the end of those stages might be difficult to fix during the post-placement implementation flow and could be the result of non-optimal XDC constraints or non-optimal design architecture
Related violations: <none>

TIMING-16#894 Warning
Large setup violation  
There is a large setup violation of -3.106 ns between i_ariane/gen_hdec_coprocessor.i_hdec_coprocessor/i_hdec_top/ecc_fold_word_q_reg[0]/C (clocked by sys_clk) and i_ariane/gen_hdec_coprocessor.i_hdec_coprocessor/i_hdec_top/hdc_src0_q_reg[1][61]/D (clocked by sys_clk). Large setup violations at the end of those stages might be difficult to fix during the post-placement implementation flow and could be the result of non-optimal XDC constraints or non-optimal design architecture
Related violations: <none>

TIMING-16#895 Warning
Large setup violation  
There is a large setup violation of -3.108 ns between i_ariane/gen_hdec_coprocessor.i_hdec_coprocessor/i_hdec_top/FSM_onehot_st_q_reg[44]/C (clocked by sys_clk) and i_ariane/gen_hdec_coprocessor.i_hdec_coprocessor/i_hdec_top/ecc_leaf_xor_b_q_reg[25]/D (clocked by sys_clk). Large setup violations at the end of those stages might be difficult to fix during the post-placement implementation flow and could be the result of non-optimal XDC constraints or non-optimal design architecture
Related violations: <none>

TIMING-16#896 Warning
Large setup violation  
There is a large setup violation of -3.110 ns between i_ariane/gen_hdec_coprocessor.i_hdec_coprocessor/i_hdec_top/i_vrf/gen_bank[2].vrf_mem_reg/CLKARDCLK (clocked by sys_clk) and i_ariane/gen_hdec_coprocessor.i_hdec_coprocessor/i_hdec_top/i_vec/payload_q_reg[2][5]/D (clocked by sys_clk). Large setup violations at the end of those stages might be difficult to fix during the post-placement implementation flow and could be the result of non-optimal XDC constraints or non-optimal design architecture
Related violations: <none>

TIMING-16#897 Warning
Large setup violation  
There is a large setup violation of -3.120 ns between i_ariane/gen_hdec_coprocessor.i_hdec_coprocessor/i_hdec_top/ecc_fold_word_q_reg[1]/C (clocked by sys_clk) and i_ariane/gen_hdec_coprocessor.i_hdec_coprocessor/i_hdec_top/hdc_src0_q_reg[2][41]/D (clocked by sys_clk). Large setup violations at the end of those stages might be difficult to fix during the post-placement implementation flow and could be the result of non-optimal XDC constraints or non-optimal design architecture
Related violations: <none>

TIMING-16#898 Warning
Large setup violation  
There is a large setup violation of -3.122 ns between i_ariane/gen_hdec_coprocessor.i_hdec_coprocessor/i_hdec_top/FSM_onehot_st_q_reg[44]/C (clocked by sys_clk) and i_ariane/gen_hdec_coprocessor.i_hdec_coprocessor/i_hdec_top/ecc_leaf_b_q_reg[29]/D (clocked by sys_clk). Large setup violations at the end of those stages might be difficult to fix during the post-placement implementation flow and could be the result of non-optimal XDC constraints or non-optimal design architecture
Related violations: <none>

TIMING-16#899 Warning
Large setup violation  
There is a large setup violation of -3.123 ns between i_ariane/gen_hdec_coprocessor.i_hdec_coprocessor/i_hdec_top/ecc_fold_word_q_reg[1]/C (clocked by sys_clk) and i_ariane/gen_hdec_coprocessor.i_hdec_coprocessor/i_hdec_top/hdc_src0_q_reg[0][35]/D (clocked by sys_clk). Large setup violations at the end of those stages might be difficult to fix during the post-placement implementation flow and could be the result of non-optimal XDC constraints or non-optimal design architecture
Related violations: <none>

TIMING-16#900 Warning
Large setup violation  
There is a large setup violation of -3.127 ns between i_ariane/gen_hdec_coprocessor.i_hdec_coprocessor/i_hdec_top/ecc_fold_word_q_reg[1]/C (clocked by sys_clk) and i_ariane/gen_hdec_coprocessor.i_hdec_coprocessor/i_hdec_top/hdc_src0_q_reg[0][36]/D (clocked by sys_clk). Large setup violations at the end of those stages might be difficult to fix during the post-placement implementation flow and could be the result of non-optimal XDC constraints or non-optimal design architecture
Related violations: <none>

TIMING-16#901 Warning
Large setup violation  
There is a large setup violation of -3.137 ns between i_ariane/gen_hdec_coprocessor.i_hdec_coprocessor/i_hdec_top/FSM_onehot_st_q_reg[44]/C (clocked by sys_clk) and i_ariane/gen_hdec_coprocessor.i_hdec_coprocessor/i_hdec_top/ecc_leaf_xor_a_q_reg[29]/D (clocked by sys_clk). Large setup violations at the end of those stages might be difficult to fix during the post-placement implementation flow and could be the result of non-optimal XDC constraints or non-optimal design architecture
Related violations: <none>

TIMING-16#902 Warning
Large setup violation  
There is a large setup violation of -3.146 ns between i_ariane/gen_hdec_coprocessor.i_hdec_coprocessor/i_hdec_top/ecc_fold_word_q_reg[0]/C (clocked by sys_clk) and i_ariane/gen_hdec_coprocessor.i_hdec_coprocessor/i_hdec_top/hdc_src0_q_reg[0][6]/D (clocked by sys_clk). Large setup violations at the end of those stages might be difficult to fix during the post-placement implementation flow and could be the result of non-optimal XDC constraints or non-optimal design architecture
Related violations: <none>

TIMING-16#903 Warning
Large setup violation  
There is a large setup violation of -3.150 ns between i_ariane/gen_hdec_coprocessor.i_hdec_coprocessor/i_hdec_top/ecc_fold_word_q_reg[1]/C (clocked by sys_clk) and i_ariane/gen_hdec_coprocessor.i_hdec_coprocessor/i_hdec_top/hdc_src0_q_reg[3][21]/D (clocked by sys_clk). Large setup violations at the end of those stages might be difficult to fix during the post-placement implementation flow and could be the result of non-optimal XDC constraints or non-optimal design architecture
Related violations: <none>

TIMING-16#904 Warning
Large setup violation  
There is a large setup violation of -3.155 ns between i_ariane/gen_hdec_coprocessor.i_hdec_coprocessor/i_hdec_top/ecc_fold_word_q_reg[0]/C (clocked by sys_clk) and i_ariane/gen_hdec_coprocessor.i_hdec_coprocessor/i_hdec_top/hdc_src0_q_reg[0][20]/D (clocked by sys_clk). Large setup violations at the end of those stages might be difficult to fix during the post-placement implementation flow and could be the result of non-optimal XDC constraints or non-optimal design architecture
Related violations: <none>

TIMING-16#905 Warning
Large setup violation  
There is a large setup violation of -3.156 ns between i_ariane/gen_hdec_coprocessor.i_hdec_coprocessor/i_hdec_top/ecc_fold_word_q_reg[1]/C (clocked by sys_clk) and i_ariane/gen_hdec_coprocessor.i_hdec_coprocessor/i_hdec_top/hdc_src0_q_reg[2][15]/D (clocked by sys_clk). Large setup violations at the end of those stages might be difficult to fix during the post-placement implementation flow and could be the result of non-optimal XDC constraints or non-optimal design architecture
Related violations: <none>

TIMING-16#906 Warning
Large setup violation  
There is a large setup violation of -3.157 ns between i_ariane/gen_hdec_coprocessor.i_hdec_coprocessor/i_hdec_top/ecc_fold_word_q_reg[1]/C (clocked by sys_clk) and i_ariane/gen_hdec_coprocessor.i_hdec_coprocessor/i_hdec_top/hdc_src0_q_reg[0][13]/D (clocked by sys_clk). Large setup violations at the end of those stages might be difficult to fix during the post-placement implementation flow and could be the result of non-optimal XDC constraints or non-optimal design architecture
Related violations: <none>

TIMING-16#907 Warning
Large setup violation  
There is a large setup violation of -3.160 ns between i_ariane/gen_hdec_coprocessor.i_hdec_coprocessor/i_hdec_top/FSM_onehot_st_q_reg[44]/C (clocked by sys_clk) and i_ariane/gen_hdec_coprocessor.i_hdec_coprocessor/i_hdec_top/ecc_leaf_xor_a_q_reg[27]/D (clocked by sys_clk). Large setup violations at the end of those stages might be difficult to fix during the post-placement implementation flow and could be the result of non-optimal XDC constraints or non-optimal design architecture
Related violations: <none>

TIMING-16#908 Warning
Large setup violation  
There is a large setup violation of -3.161 ns between i_ariane/gen_hdec_coprocessor.i_hdec_coprocessor/i_hdec_top/ecc_fold_word_q_reg[1]/C (clocked by sys_clk) and i_ariane/gen_hdec_coprocessor.i_hdec_coprocessor/i_hdec_top/hdc_src0_q_reg[1][43]/D (clocked by sys_clk). Large setup violations at the end of those stages might be difficult to fix during the post-placement implementation flow and could be the result of non-optimal XDC constraints or non-optimal design architecture
Related violations: <none>

TIMING-16#909 Warning
Large setup violation  
There is a large setup violation of -3.165 ns between i_ariane/gen_hdec_coprocessor.i_hdec_coprocessor/i_hdec_top/ecc_fold_word_q_reg[0]/C (clocked by sys_clk) and i_ariane/gen_hdec_coprocessor.i_hdec_coprocessor/i_hdec_top/hdc_src0_q_reg[0][11]/D (clocked by sys_clk). Large setup violations at the end of those stages might be difficult to fix during the post-placement implementation flow and could be the result of non-optimal XDC constraints or non-optimal design architecture
Related violations: <none>

TIMING-16#910 Warning
Large setup violation  
There is a large setup violation of -3.168 ns between i_ariane/gen_hdec_coprocessor.i_hdec_coprocessor/i_hdec_top/ecc_fold_word_q_reg[1]/C (clocked by sys_clk) and i_ariane/gen_hdec_coprocessor.i_hdec_coprocessor/i_hdec_top/hdc_src0_q_reg[1][19]/D (clocked by sys_clk). Large setup violations at the end of those stages might be difficult to fix during the post-placement implementation flow and could be the result of non-optimal XDC constraints or non-optimal design architecture
Related violations: <none>

TIMING-16#911 Warning
Large setup violation  
There is a large setup violation of -3.175 ns between i_ariane/gen_hdec_coprocessor.i_hdec_coprocessor/i_hdec_top/ecc_fold_word_q_reg[0]/C (clocked by sys_clk) and i_ariane/gen_hdec_coprocessor.i_hdec_coprocessor/i_hdec_top/hdc_src0_q_reg[0][5]/D (clocked by sys_clk). Large setup violations at the end of those stages might be difficult to fix during the post-placement implementation flow and could be the result of non-optimal XDC constraints or non-optimal design architecture
Related violations: <none>

TIMING-16#912 Warning
Large setup violation  
There is a large setup violation of -3.176 ns between i_ariane/gen_hdec_coprocessor.i_hdec_coprocessor/i_hdec_top/ecc_fold_word_q_reg[0]/C (clocked by sys_clk) and i_ariane/gen_hdec_coprocessor.i_hdec_coprocessor/i_hdec_top/hdc_src0_q_reg[1][38]/D (clocked by sys_clk). Large setup violations at the end of those stages might be difficult to fix during the post-placement implementation flow and could be the result of non-optimal XDC constraints or non-optimal design architecture
Related violations: <none>

TIMING-16#913 Warning
Large setup violation  
There is a large setup violation of -3.185 ns between i_ariane/gen_hdec_coprocessor.i_hdec_coprocessor/i_hdec_top/ecc_fold_word_q_reg[1]/C (clocked by sys_clk) and i_ariane/gen_hdec_coprocessor.i_hdec_coprocessor/i_hdec_top/hdc_src0_q_reg[0][23]/D (clocked by sys_clk). Large setup violations at the end of those stages might be difficult to fix during the post-placement implementation flow and could be the result of non-optimal XDC constraints or non-optimal design architecture
Related violations: <none>

TIMING-16#914 Warning
Large setup violation  
There is a large setup violation of -3.187 ns between i_ariane/gen_hdec_coprocessor.i_hdec_coprocessor/i_hdec_top/ecc_fold_word_q_reg[0]/C (clocked by sys_clk) and i_ariane/gen_hdec_coprocessor.i_hdec_coprocessor/i_hdec_top/hdc_src0_q_reg[2][42]/D (clocked by sys_clk). Large setup violations at the end of those stages might be difficult to fix during the post-placement implementation flow and could be the result of non-optimal XDC constraints or non-optimal design architecture
Related violations: <none>

TIMING-16#915 Warning
Large setup violation  
There is a large setup violation of -3.196 ns between i_ariane/gen_hdec_coprocessor.i_hdec_coprocessor/i_hdec_top/i_vrf/gen_bank[2].vrf_mem_reg/CLKARDCLK (clocked by sys_clk) and i_ariane/gen_hdec_coprocessor.i_hdec_coprocessor/i_hdec_top/i_vec/payload_q_reg[2][3]/D (clocked by sys_clk). Large setup violations at the end of those stages might be difficult to fix during the post-placement implementation flow and could be the result of non-optimal XDC constraints or non-optimal design architecture
Related violations: <none>

TIMING-16#916 Warning
Large setup violation  
There is a large setup violation of -3.198 ns between i_ariane/gen_hdec_coprocessor.i_hdec_coprocessor/i_hdec_top/ecc_fold_word_q_reg[1]/C (clocked by sys_clk) and i_ariane/gen_hdec_coprocessor.i_hdec_coprocessor/i_hdec_top/hdc_src0_q_reg[1][20]/D (clocked by sys_clk). Large setup violations at the end of those stages might be difficult to fix during the post-placement implementation flow and could be the result of non-optimal XDC constraints or non-optimal design architecture
Related violations: <none>

TIMING-16#917 Warning
Large setup violation  
There is a large setup violation of -3.208 ns between i_ariane/gen_hdec_coprocessor.i_hdec_coprocessor/i_hdec_top/ecc_fold_word_q_reg[1]/C (clocked by sys_clk) and i_ariane/gen_hdec_coprocessor.i_hdec_coprocessor/i_hdec_top/hdc_src0_q_reg[0][46]/D (clocked by sys_clk). Large setup violations at the end of those stages might be difficult to fix during the post-placement implementation flow and could be the result of non-optimal XDC constraints or non-optimal design architecture
Related violations: <none>

TIMING-16#918 Warning
Large setup violation  
There is a large setup violation of -3.219 ns between i_ariane/gen_hdec_coprocessor.i_hdec_coprocessor/i_hdec_top/ecc_fold_word_q_reg[1]/C (clocked by sys_clk) and i_ariane/gen_hdec_coprocessor.i_hdec_coprocessor/i_hdec_top/hdc_src0_q_reg[1][45]/D (clocked by sys_clk). Large setup violations at the end of those stages might be difficult to fix during the post-placement implementation flow and could be the result of non-optimal XDC constraints or non-optimal design architecture
Related violations: <none>

TIMING-16#919 Warning
Large setup violation  
There is a large setup violation of -3.223 ns between i_ariane/gen_hdec_coprocessor.i_hdec_coprocessor/i_hdec_top/ecc_fold_word_q_reg[0]/C (clocked by sys_clk) and i_ariane/gen_hdec_coprocessor.i_hdec_coprocessor/i_hdec_top/hdc_src0_q_reg[0][22]/D (clocked by sys_clk). Large setup violations at the end of those stages might be difficult to fix during the post-placement implementation flow and could be the result of non-optimal XDC constraints or non-optimal design architecture
Related violations: <none>

TIMING-16#920 Warning
Large setup violation  
There is a large setup violation of -3.224 ns between i_ariane/gen_hdec_coprocessor.i_hdec_coprocessor/i_hdec_top/FSM_onehot_st_q_reg[44]/C (clocked by sys_clk) and i_ariane/gen_hdec_coprocessor.i_hdec_coprocessor/i_hdec_top/ecc_leaf_a_q_reg[25]/D (clocked by sys_clk). Large setup violations at the end of those stages might be difficult to fix during the post-placement implementation flow and could be the result of non-optimal XDC constraints or non-optimal design architecture
Related violations: <none>

TIMING-16#921 Warning
Large setup violation  
There is a large setup violation of -3.241 ns between i_ariane/gen_hdec_coprocessor.i_hdec_coprocessor/i_hdec_top/FSM_onehot_st_q_reg[44]/C (clocked by sys_clk) and i_ariane/gen_hdec_coprocessor.i_hdec_coprocessor/i_hdec_top/ecc_leaf_xor_b_q_reg[29]/D (clocked by sys_clk). Large setup violations at the end of those stages might be difficult to fix during the post-placement implementation flow and could be the result of non-optimal XDC constraints or non-optimal design architecture
Related violations: <none>

TIMING-16#922 Warning
Large setup violation  
There is a large setup violation of -3.243 ns between i_ariane/gen_hdec_coprocessor.i_hdec_coprocessor/i_hdec_top/ecc_fold_word_q_reg[1]/C (clocked by sys_clk) and i_ariane/gen_hdec_coprocessor.i_hdec_coprocessor/i_hdec_top/hdc_src0_q_reg[2][12]/D (clocked by sys_clk). Large setup violations at the end of those stages might be difficult to fix during the post-placement implementation flow and could be the result of non-optimal XDC constraints or non-optimal design architecture
Related violations: <none>

TIMING-16#923 Warning
Large setup violation  
There is a large setup violation of -3.244 ns between i_ariane/gen_hdec_coprocessor.i_hdec_coprocessor/i_hdec_top/ecc_fold_word_q_reg[1]/C (clocked by sys_clk) and i_ariane/gen_hdec_coprocessor.i_hdec_coprocessor/i_hdec_top/hdc_src0_q_reg[0][30]/D (clocked by sys_clk). Large setup violations at the end of those stages might be difficult to fix during the post-placement implementation flow and could be the result of non-optimal XDC constraints or non-optimal design architecture
Related violations: <none>

TIMING-16#924 Warning
Large setup violation  
There is a large setup violation of -3.250 ns between i_ariane/gen_hdec_coprocessor.i_hdec_coprocessor/i_hdec_top/ecc_fold_word_q_reg[0]/C (clocked by sys_clk) and i_ariane/gen_hdec_coprocessor.i_hdec_coprocessor/i_hdec_top/hdc_src0_q_reg[1][52]/D (clocked by sys_clk). Large setup violations at the end of those stages might be difficult to fix during the post-placement implementation flow and could be the result of non-optimal XDC constraints or non-optimal design architecture
Related violations: <none>

TIMING-16#925 Warning
Large setup violation  
There is a large setup violation of -3.251 ns between i_ariane/gen_hdec_coprocessor.i_hdec_coprocessor/i_hdec_top/ecc_fold_word_q_reg[1]/C (clocked by sys_clk) and i_ariane/gen_hdec_coprocessor.i_hdec_coprocessor/i_hdec_top/hdc_src0_q_reg[1][42]/D (clocked by sys_clk). Large setup violations at the end of those stages might be difficult to fix during the post-placement implementation flow and could be the result of non-optimal XDC constraints or non-optimal design architecture
Related violations: <none>

TIMING-16#926 Warning
Large setup violation  
There is a large setup violation of -3.259 ns between i_ariane/gen_hdec_coprocessor.i_hdec_coprocessor/i_hdec_top/ecc_fold_word_q_reg[1]/C (clocked by sys_clk) and i_ariane/gen_hdec_coprocessor.i_hdec_coprocessor/i_hdec_top/hdc_src0_q_reg[2][35]/D (clocked by sys_clk). Large setup violations at the end of those stages might be difficult to fix during the post-placement implementation flow and could be the result of non-optimal XDC constraints or non-optimal design architecture
Related violations: <none>

TIMING-16#927 Warning
Large setup violation  
There is a large setup violation of -3.285 ns between i_ariane/gen_hdec_coprocessor.i_hdec_coprocessor/i_hdec_top/ecc_fold_word_q_reg[1]/C (clocked by sys_clk) and i_ariane/gen_hdec_coprocessor.i_hdec_coprocessor/i_hdec_top/hdc_src0_q_reg[2][7]/D (clocked by sys_clk). Large setup violations at the end of those stages might be difficult to fix during the post-placement implementation flow and could be the result of non-optimal XDC constraints or non-optimal design architecture
Related violations: <none>

TIMING-16#928 Warning
Large setup violation  
There is a large setup violation of -3.287 ns between i_ariane/gen_hdec_coprocessor.i_hdec_coprocessor/i_hdec_top/ecc_fold_word_q_reg[1]/C (clocked by sys_clk) and i_ariane/gen_hdec_coprocessor.i_hdec_coprocessor/i_hdec_top/hdc_src0_q_reg[0][10]/D (clocked by sys_clk). Large setup violations at the end of those stages might be difficult to fix during the post-placement implementation flow and could be the result of non-optimal XDC constraints or non-optimal design architecture
Related violations: <none>

TIMING-16#929 Warning
Large setup violation  
There is a large setup violation of -3.290 ns between i_ariane/gen_hdec_coprocessor.i_hdec_coprocessor/i_hdec_top/FSM_onehot_st_q_reg[44]/C (clocked by sys_clk) and i_ariane/gen_hdec_coprocessor.i_hdec_coprocessor/i_hdec_top/ecc_leaf_xor_a_q_reg[23]/D (clocked by sys_clk). Large setup violations at the end of those stages might be difficult to fix during the post-placement implementation flow and could be the result of non-optimal XDC constraints or non-optimal design architecture
Related violations: <none>

TIMING-16#930 Warning
Large setup violation  
There is a large setup violation of -3.292 ns between i_ariane/gen_hdec_coprocessor.i_hdec_coprocessor/i_hdec_top/ecc_fold_word_q_reg[1]/C (clocked by sys_clk) and i_ariane/gen_hdec_coprocessor.i_hdec_coprocessor/i_hdec_top/hdc_src0_q_reg[0][45]/D (clocked by sys_clk). Large setup violations at the end of those stages might be difficult to fix during the post-placement implementation flow and could be the result of non-optimal XDC constraints or non-optimal design architecture
Related violations: <none>

TIMING-16#931 Warning
Large setup violation  
There is a large setup violation of -3.294 ns between i_ariane/gen_hdec_coprocessor.i_hdec_coprocessor/i_hdec_top/ecc_fold_word_q_reg[0]/C (clocked by sys_clk) and i_ariane/gen_hdec_coprocessor.i_hdec_coprocessor/i_hdec_top/hdc_src0_q_reg[0][18]/D (clocked by sys_clk). Large setup violations at the end of those stages might be difficult to fix during the post-placement implementation flow and could be the result of non-optimal XDC constraints or non-optimal design architecture
Related violations: <none>

TIMING-16#932 Warning
Large setup violation  
There is a large setup violation of -3.300 ns between i_ariane/gen_hdec_coprocessor.i_hdec_coprocessor/i_hdec_top/ecc_fold_word_q_reg[1]/C (clocked by sys_clk) and i_ariane/gen_hdec_coprocessor.i_hdec_coprocessor/i_hdec_top/hdc_src0_q_reg[1][54]/D (clocked by sys_clk). Large setup violations at the end of those stages might be difficult to fix during the post-placement implementation flow and could be the result of non-optimal XDC constraints or non-optimal design architecture
Related violations: <none>

TIMING-16#933 Warning
Large setup violation  
There is a large setup violation of -3.303 ns between i_ariane/gen_hdec_coprocessor.i_hdec_coprocessor/i_hdec_top/ecc_fold_word_q_reg[1]/C (clocked by sys_clk) and i_ariane/gen_hdec_coprocessor.i_hdec_coprocessor/i_hdec_top/hdc_src0_q_reg[2][31]/D (clocked by sys_clk). Large setup violations at the end of those stages might be difficult to fix during the post-placement implementation flow and could be the result of non-optimal XDC constraints or non-optimal design architecture
Related violations: <none>

TIMING-16#934 Warning
Large setup violation  
There is a large setup violation of -3.304 ns between i_ariane/gen_hdec_coprocessor.i_hdec_coprocessor/i_hdec_top/ecc_fold_word_q_reg[1]/C (clocked by sys_clk) and i_ariane/gen_hdec_coprocessor.i_hdec_coprocessor/i_hdec_top/hdc_src0_q_reg[0][62]/D (clocked by sys_clk). Large setup violations at the end of those stages might be difficult to fix during the post-placement implementation flow and could be the result of non-optimal XDC constraints or non-optimal design architecture
Related violations: <none>

TIMING-16#935 Warning
Large setup violation  
There is a large setup violation of -3.305 ns between i_ariane/gen_hdec_coprocessor.i_hdec_coprocessor/i_hdec_top/ecc_fold_word_q_reg[0]/C (clocked by sys_clk) and i_ariane/gen_hdec_coprocessor.i_hdec_coprocessor/i_hdec_top/hdc_src0_q_reg[1][37]/D (clocked by sys_clk). Large setup violations at the end of those stages might be difficult to fix during the post-placement implementation flow and could be the result of non-optimal XDC constraints or non-optimal design architecture
Related violations: <none>

TIMING-16#936 Warning
Large setup violation  
There is a large setup violation of -3.308 ns between i_ariane/gen_hdec_coprocessor.i_hdec_coprocessor/i_hdec_top/ecc_fold_word_q_reg[1]/C (clocked by sys_clk) and i_ariane/gen_hdec_coprocessor.i_hdec_coprocessor/i_hdec_top/hdc_src0_q_reg[1][39]/D (clocked by sys_clk). Large setup violations at the end of those stages might be difficult to fix during the post-placement implementation flow and could be the result of non-optimal XDC constraints or non-optimal design architecture
Related violations: <none>

TIMING-16#937 Warning
Large setup violation  
There is a large setup violation of -3.311 ns between i_ariane/gen_hdec_coprocessor.i_hdec_coprocessor/i_hdec_top/ecc_fold_word_q_reg[1]/C (clocked by sys_clk) and i_ariane/gen_hdec_coprocessor.i_hdec_coprocessor/i_hdec_top/hdc_src0_q_reg[1][5]/D (clocked by sys_clk). Large setup violations at the end of those stages might be difficult to fix during the post-placement implementation flow and could be the result of non-optimal XDC constraints or non-optimal design architecture
Related violations: <none>

TIMING-16#938 Warning
Large setup violation  
There is a large setup violation of -3.330 ns between i_ariane/gen_hdec_coprocessor.i_hdec_coprocessor/i_hdec_top/ecc_fold_word_q_reg[1]/C (clocked by sys_clk) and i_ariane/gen_hdec_coprocessor.i_hdec_coprocessor/i_hdec_top/hdc_src0_q_reg[3][13]/D (clocked by sys_clk). Large setup violations at the end of those stages might be difficult to fix during the post-placement implementation flow and could be the result of non-optimal XDC constraints or non-optimal design architecture
Related violations: <none>

TIMING-16#939 Warning
Large setup violation  
There is a large setup violation of -3.348 ns between i_ariane/gen_hdec_coprocessor.i_hdec_coprocessor/i_hdec_top/ecc_fold_word_q_reg[1]/C (clocked by sys_clk) and i_ariane/gen_hdec_coprocessor.i_hdec_coprocessor/i_hdec_top/hdc_src0_q_reg[1][18]/D (clocked by sys_clk). Large setup violations at the end of those stages might be difficult to fix during the post-placement implementation flow and could be the result of non-optimal XDC constraints or non-optimal design architecture
Related violations: <none>

TIMING-16#940 Warning
Large setup violation  
There is a large setup violation of -3.352 ns between i_ariane/gen_hdec_coprocessor.i_hdec_coprocessor/i_hdec_top/ecc_fold_word_q_reg[1]/C (clocked by sys_clk) and i_ariane/gen_hdec_coprocessor.i_hdec_coprocessor/i_hdec_top/hdc_src0_q_reg[0][38]/D (clocked by sys_clk). Large setup violations at the end of those stages might be difficult to fix during the post-placement implementation flow and could be the result of non-optimal XDC constraints or non-optimal design architecture
Related violations: <none>

TIMING-16#941 Warning
Large setup violation  
There is a large setup violation of -3.354 ns between i_ariane/gen_hdec_coprocessor.i_hdec_coprocessor/i_hdec_top/ecc_fold_word_q_reg[1]/C (clocked by sys_clk) and i_ariane/gen_hdec_coprocessor.i_hdec_coprocessor/i_hdec_top/hdc_src0_q_reg[3][39]/D (clocked by sys_clk). Large setup violations at the end of those stages might be difficult to fix during the post-placement implementation flow and could be the result of non-optimal XDC constraints or non-optimal design architecture
Related violations: <none>

TIMING-16#942 Warning
Large setup violation  
There is a large setup violation of -3.361 ns between i_ariane/gen_hdec_coprocessor.i_hdec_coprocessor/i_hdec_top/ecc_fold_word_q_reg[1]/C (clocked by sys_clk) and i_ariane/gen_hdec_coprocessor.i_hdec_coprocessor/i_hdec_top/hdc_src0_q_reg[1][15]/D (clocked by sys_clk). Large setup violations at the end of those stages might be difficult to fix during the post-placement implementation flow and could be the result of non-optimal XDC constraints or non-optimal design architecture
Related violations: <none>

TIMING-16#943 Warning
Large setup violation  
There is a large setup violation of -3.368 ns between i_ariane/gen_hdec_coprocessor.i_hdec_coprocessor/i_hdec_top/ecc_fold_word_q_reg[1]/C (clocked by sys_clk) and i_ariane/gen_hdec_coprocessor.i_hdec_coprocessor/i_hdec_top/hdc_src0_q_reg[2][32]/D (clocked by sys_clk). Large setup violations at the end of those stages might be difficult to fix during the post-placement implementation flow and could be the result of non-optimal XDC constraints or non-optimal design architecture
Related violations: <none>

TIMING-16#944 Warning
Large setup violation  
There is a large setup violation of -3.374 ns between i_ariane/gen_hdec_coprocessor.i_hdec_coprocessor/i_hdec_top/ecc_fold_word_q_reg[0]/C (clocked by sys_clk) and i_ariane/gen_hdec_coprocessor.i_hdec_coprocessor/i_hdec_top/hdc_src0_q_reg[1][46]/D (clocked by sys_clk). Large setup violations at the end of those stages might be difficult to fix during the post-placement implementation flow and could be the result of non-optimal XDC constraints or non-optimal design architecture
Related violations: <none>

TIMING-16#945 Warning
Large setup violation  
There is a large setup violation of -3.396 ns between i_ariane/gen_hdec_coprocessor.i_hdec_coprocessor/i_hdec_top/FSM_onehot_st_q_reg[44]/C (clocked by sys_clk) and i_ariane/gen_hdec_coprocessor.i_hdec_coprocessor/i_hdec_top/ecc_leaf_a_q_reg[29]/D (clocked by sys_clk). Large setup violations at the end of those stages might be difficult to fix during the post-placement implementation flow and could be the result of non-optimal XDC constraints or non-optimal design architecture
Related violations: <none>

TIMING-16#946 Warning
Large setup violation  
There is a large setup violation of -3.406 ns between i_ariane/gen_hdec_coprocessor.i_hdec_coprocessor/i_hdec_top/ecc_fold_word_q_reg[0]/C (clocked by sys_clk) and i_ariane/gen_hdec_coprocessor.i_hdec_coprocessor/i_hdec_top/hdc_src0_q_reg[0][16]/D (clocked by sys_clk). Large setup violations at the end of those stages might be difficult to fix during the post-placement implementation flow and could be the result of non-optimal XDC constraints or non-optimal design architecture
Related violations: <none>

TIMING-16#947 Warning
Large setup violation  
There is a large setup violation of -3.429 ns between i_ariane/gen_hdec_coprocessor.i_hdec_coprocessor/i_hdec_top/ecc_fold_word_q_reg[0]/C (clocked by sys_clk) and i_ariane/gen_hdec_coprocessor.i_hdec_coprocessor/i_hdec_top/hdc_src0_q_reg[1][57]/D (clocked by sys_clk). Large setup violations at the end of those stages might be difficult to fix during the post-placement implementation flow and could be the result of non-optimal XDC constraints or non-optimal design architecture
Related violations: <none>

TIMING-16#948 Warning
Large setup violation  
There is a large setup violation of -3.429 ns between i_ariane/gen_hdec_coprocessor.i_hdec_coprocessor/i_hdec_top/ecc_fold_word_q_reg[1]/C (clocked by sys_clk) and i_ariane/gen_hdec_coprocessor.i_hdec_coprocessor/i_hdec_top/hdc_src0_q_reg[2][16]/D (clocked by sys_clk). Large setup violations at the end of those stages might be difficult to fix during the post-placement implementation flow and could be the result of non-optimal XDC constraints or non-optimal design architecture
Related violations: <none>

TIMING-16#949 Warning
Large setup violation  
There is a large setup violation of -3.430 ns between i_ariane/gen_hdec_coprocessor.i_hdec_coprocessor/i_hdec_top/ecc_fold_word_q_reg[0]/C (clocked by sys_clk) and i_ariane/gen_hdec_coprocessor.i_hdec_coprocessor/i_hdec_top/hdc_src0_q_reg[1][36]/D (clocked by sys_clk). Large setup violations at the end of those stages might be difficult to fix during the post-placement implementation flow and could be the result of non-optimal XDC constraints or non-optimal design architecture
Related violations: <none>

TIMING-16#950 Warning
Large setup violation  
There is a large setup violation of -3.438 ns between i_ariane/gen_hdec_coprocessor.i_hdec_coprocessor/i_hdec_top/ecc_fold_word_q_reg[1]/C (clocked by sys_clk) and i_ariane/gen_hdec_coprocessor.i_hdec_coprocessor/i_hdec_top/hdc_src0_q_reg[0][1]/D (clocked by sys_clk). Large setup violations at the end of those stages might be difficult to fix during the post-placement implementation flow and could be the result of non-optimal XDC constraints or non-optimal design architecture
Related violations: <none>

TIMING-16#951 Warning
Large setup violation  
There is a large setup violation of -3.448 ns between i_ariane/gen_hdec_coprocessor.i_hdec_coprocessor/i_hdec_top/ecc_fold_word_q_reg[1]/C (clocked by sys_clk) and i_ariane/gen_hdec_coprocessor.i_hdec_coprocessor/i_hdec_top/hdc_src0_q_reg[0][39]/D (clocked by sys_clk). Large setup violations at the end of those stages might be difficult to fix during the post-placement implementation flow and could be the result of non-optimal XDC constraints or non-optimal design architecture
Related violations: <none>

TIMING-16#952 Warning
Large setup violation  
There is a large setup violation of -3.466 ns between i_ariane/gen_hdec_coprocessor.i_hdec_coprocessor/i_hdec_top/ecc_fold_word_q_reg[1]/C (clocked by sys_clk) and i_ariane/gen_hdec_coprocessor.i_hdec_coprocessor/i_hdec_top/hdc_src0_q_reg[3][5]/D (clocked by sys_clk). Large setup violations at the end of those stages might be difficult to fix during the post-placement implementation flow and could be the result of non-optimal XDC constraints or non-optimal design architecture
Related violations: <none>

TIMING-16#953 Warning
Large setup violation  
There is a large setup violation of -3.472 ns between i_ariane/gen_hdec_coprocessor.i_hdec_coprocessor/i_hdec_top/ecc_fold_word_q_reg[0]/C (clocked by sys_clk) and i_ariane/gen_hdec_coprocessor.i_hdec_coprocessor/i_hdec_top/hdc_src0_q_reg[0][19]/D (clocked by sys_clk). Large setup violations at the end of those stages might be difficult to fix during the post-placement implementation flow and could be the result of non-optimal XDC constraints or non-optimal design architecture
Related violations: <none>

TIMING-16#954 Warning
Large setup violation  
There is a large setup violation of -3.472 ns between i_ariane/gen_hdec_coprocessor.i_hdec_coprocessor/i_hdec_top/ecc_fold_word_q_reg[1]/C (clocked by sys_clk) and i_ariane/gen_hdec_coprocessor.i_hdec_coprocessor/i_hdec_top/hdc_src0_q_reg[0][15]/D (clocked by sys_clk). Large setup violations at the end of those stages might be difficult to fix during the post-placement implementation flow and could be the result of non-optimal XDC constraints or non-optimal design architecture
Related violations: <none>

TIMING-16#955 Warning
Large setup violation  
There is a large setup violation of -3.472 ns between i_ariane/gen_hdec_coprocessor.i_hdec_coprocessor/i_hdec_top/ecc_fold_word_q_reg[1]/C (clocked by sys_clk) and i_ariane/gen_hdec_coprocessor.i_hdec_coprocessor/i_hdec_top/hdc_src0_q_reg[1][12]/D (clocked by sys_clk). Large setup violations at the end of those stages might be difficult to fix during the post-placement implementation flow and could be the result of non-optimal XDC constraints or non-optimal design architecture
Related violations: <none>

TIMING-16#956 Warning
Large setup violation  
There is a large setup violation of -3.491 ns between i_ariane/gen_hdec_coprocessor.i_hdec_coprocessor/i_hdec_top/ecc_fold_word_q_reg[1]/C (clocked by sys_clk) and i_ariane/gen_hdec_coprocessor.i_hdec_coprocessor/i_hdec_top/hdc_src0_q_reg[1][53]/D (clocked by sys_clk). Large setup violations at the end of those stages might be difficult to fix during the post-placement implementation flow and could be the result of non-optimal XDC constraints or non-optimal design architecture
Related violations: <none>

TIMING-16#957 Warning
Large setup violation  
There is a large setup violation of -3.526 ns between i_ariane/gen_hdec_coprocessor.i_hdec_coprocessor/i_hdec_top/FSM_onehot_st_q_reg[44]/C (clocked by sys_clk) and i_ariane/gen_hdec_coprocessor.i_hdec_coprocessor/i_hdec_top/ecc_leaf_b_q_reg[25]/D (clocked by sys_clk). Large setup violations at the end of those stages might be difficult to fix during the post-placement implementation flow and could be the result of non-optimal XDC constraints or non-optimal design architecture
Related violations: <none>

TIMING-16#958 Warning
Large setup violation  
There is a large setup violation of -3.535 ns between i_ariane/gen_hdec_coprocessor.i_hdec_coprocessor/i_hdec_top/FSM_onehot_st_q_reg[44]/C (clocked by sys_clk) and i_ariane/gen_hdec_coprocessor.i_hdec_coprocessor/i_hdec_top/ecc_leaf_xor_b_q_reg[23]/D (clocked by sys_clk). Large setup violations at the end of those stages might be difficult to fix during the post-placement implementation flow and could be the result of non-optimal XDC constraints or non-optimal design architecture
Related violations: <none>

TIMING-16#959 Warning
Large setup violation  
There is a large setup violation of -3.542 ns between i_ariane/gen_hdec_coprocessor.i_hdec_coprocessor/i_hdec_top/ecc_fold_word_q_reg[1]/C (clocked by sys_clk) and i_ariane/gen_hdec_coprocessor.i_hdec_coprocessor/i_hdec_top/hdc_src0_q_reg[0][41]/D (clocked by sys_clk). Large setup violations at the end of those stages might be difficult to fix during the post-placement implementation flow and could be the result of non-optimal XDC constraints or non-optimal design architecture
Related violations: <none>

TIMING-16#960 Warning
Large setup violation  
There is a large setup violation of -3.547 ns between i_ariane/gen_hdec_coprocessor.i_hdec_coprocessor/i_hdec_top/ecc_fold_word_q_reg[1]/C (clocked by sys_clk) and i_ariane/gen_hdec_coprocessor.i_hdec_coprocessor/i_hdec_top/hdc_src0_q_reg[2][47]/D (clocked by sys_clk). Large setup violations at the end of those stages might be difficult to fix during the post-placement implementation flow and could be the result of non-optimal XDC constraints or non-optimal design architecture
Related violations: <none>

TIMING-16#961 Warning
Large setup violation  
There is a large setup violation of -3.552 ns between i_ariane/gen_hdec_coprocessor.i_hdec_coprocessor/i_hdec_top/ecc_fold_word_q_reg[1]/C (clocked by sys_clk) and i_ariane/gen_hdec_coprocessor.i_hdec_coprocessor/i_hdec_top/hdc_src0_q_reg[2][18]/D (clocked by sys_clk). Large setup violations at the end of those stages might be difficult to fix during the post-placement implementation flow and could be the result of non-optimal XDC constraints or non-optimal design architecture
Related violations: <none>

TIMING-16#962 Warning
Large setup violation  
There is a large setup violation of -3.556 ns between i_ariane/gen_hdec_coprocessor.i_hdec_coprocessor/i_hdec_top/ecc_fold_word_q_reg[1]/C (clocked by sys_clk) and i_ariane/gen_hdec_coprocessor.i_hdec_coprocessor/i_hdec_top/hdc_src0_q_reg[2][38]/D (clocked by sys_clk). Large setup violations at the end of those stages might be difficult to fix during the post-placement implementation flow and could be the result of non-optimal XDC constraints or non-optimal design architecture
Related violations: <none>

TIMING-16#963 Warning
Large setup violation  
There is a large setup violation of -3.575 ns between i_ariane/gen_hdec_coprocessor.i_hdec_coprocessor/i_hdec_top/ecc_fold_word_q_reg[1]/C (clocked by sys_clk) and i_ariane/gen_hdec_coprocessor.i_hdec_coprocessor/i_hdec_top/hdc_src0_q_reg[1][40]/D (clocked by sys_clk). Large setup violations at the end of those stages might be difficult to fix during the post-placement implementation flow and could be the result of non-optimal XDC constraints or non-optimal design architecture
Related violations: <none>

TIMING-16#964 Warning
Large setup violation  
There is a large setup violation of -3.581 ns between i_ariane/gen_hdec_coprocessor.i_hdec_coprocessor/i_hdec_top/ecc_fold_word_q_reg[1]/C (clocked by sys_clk) and i_ariane/gen_hdec_coprocessor.i_hdec_coprocessor/i_hdec_top/hdc_src0_q_reg[1][21]/D (clocked by sys_clk). Large setup violations at the end of those stages might be difficult to fix during the post-placement implementation flow and could be the result of non-optimal XDC constraints or non-optimal design architecture
Related violations: <none>

TIMING-16#965 Warning
Large setup violation  
There is a large setup violation of -3.594 ns between i_ariane/gen_hdec_coprocessor.i_hdec_coprocessor/i_hdec_top/ecc_fold_word_q_reg[1]/C (clocked by sys_clk) and i_ariane/gen_hdec_coprocessor.i_hdec_coprocessor/i_hdec_top/hdc_src0_q_reg[0][54]/D (clocked by sys_clk). Large setup violations at the end of those stages might be difficult to fix during the post-placement implementation flow and could be the result of non-optimal XDC constraints or non-optimal design architecture
Related violations: <none>

TIMING-16#966 Warning
Large setup violation  
There is a large setup violation of -3.617 ns between i_ariane/gen_hdec_coprocessor.i_hdec_coprocessor/i_hdec_top/ecc_fold_word_q_reg[1]/C (clocked by sys_clk) and i_ariane/gen_hdec_coprocessor.i_hdec_coprocessor/i_hdec_top/hdc_src0_q_reg[2][46]/D (clocked by sys_clk). Large setup violations at the end of those stages might be difficult to fix during the post-placement implementation flow and could be the result of non-optimal XDC constraints or non-optimal design architecture
Related violations: <none>

TIMING-16#967 Warning
Large setup violation  
There is a large setup violation of -3.621 ns between i_ariane/gen_hdec_coprocessor.i_hdec_coprocessor/i_hdec_top/ecc_fold_word_q_reg[1]/C (clocked by sys_clk) and i_ariane/gen_hdec_coprocessor.i_hdec_coprocessor/i_hdec_top/hdc_src0_q_reg[1][49]/D (clocked by sys_clk). Large setup violations at the end of those stages might be difficult to fix during the post-placement implementation flow and could be the result of non-optimal XDC constraints or non-optimal design architecture
Related violations: <none>

TIMING-16#968 Warning
Large setup violation  
There is a large setup violation of -3.643 ns between i_ariane/gen_hdec_coprocessor.i_hdec_coprocessor/i_hdec_top/ecc_fold_word_q_reg[1]/C (clocked by sys_clk) and i_ariane/gen_hdec_coprocessor.i_hdec_coprocessor/i_hdec_top/hdc_src0_q_reg[2][62]/D (clocked by sys_clk). Large setup violations at the end of those stages might be difficult to fix during the post-placement implementation flow and could be the result of non-optimal XDC constraints or non-optimal design architecture
Related violations: <none>

TIMING-16#969 Warning
Large setup violation  
There is a large setup violation of -3.665 ns between i_ariane/gen_hdec_coprocessor.i_hdec_coprocessor/i_hdec_top/ecc_fold_word_q_reg[0]/C (clocked by sys_clk) and i_ariane/gen_hdec_coprocessor.i_hdec_coprocessor/i_hdec_top/hdc_src0_q_reg[1][41]/D (clocked by sys_clk). Large setup violations at the end of those stages might be difficult to fix during the post-placement implementation flow and could be the result of non-optimal XDC constraints or non-optimal design architecture
Related violations: <none>

TIMING-16#970 Warning
Large setup violation  
There is a large setup violation of -3.666 ns between i_ariane/gen_hdec_coprocessor.i_hdec_coprocessor/i_hdec_top/ecc_fold_word_q_reg[1]/C (clocked by sys_clk) and i_ariane/gen_hdec_coprocessor.i_hdec_coprocessor/i_hdec_top/hdc_src0_q_reg[1][51]/D (clocked by sys_clk). Large setup violations at the end of those stages might be difficult to fix during the post-placement implementation flow and could be the result of non-optimal XDC constraints or non-optimal design architecture
Related violations: <none>

TIMING-16#971 Warning
Large setup violation  
There is a large setup violation of -3.686 ns between i_ariane/gen_hdec_coprocessor.i_hdec_coprocessor/i_hdec_top/ecc_fold_word_q_reg[1]/C (clocked by sys_clk) and i_ariane/gen_hdec_coprocessor.i_hdec_coprocessor/i_hdec_top/hdc_src0_q_reg[1][56]/D (clocked by sys_clk). Large setup violations at the end of those stages might be difficult to fix during the post-placement implementation flow and could be the result of non-optimal XDC constraints or non-optimal design architecture
Related violations: <none>

TIMING-16#972 Warning
Large setup violation  
There is a large setup violation of -3.770 ns between i_ariane/gen_hdec_coprocessor.i_hdec_coprocessor/i_hdec_top/ecc_fold_word_q_reg[1]/C (clocked by sys_clk) and i_ariane/gen_hdec_coprocessor.i_hdec_coprocessor/i_hdec_top/hdc_src0_q_reg[2][44]/D (clocked by sys_clk). Large setup violations at the end of those stages might be difficult to fix during the post-placement implementation flow and could be the result of non-optimal XDC constraints or non-optimal design architecture
Related violations: <none>

TIMING-16#973 Warning
Large setup violation  
There is a large setup violation of -3.783 ns between i_ariane/gen_hdec_coprocessor.i_hdec_coprocessor/i_hdec_top/ecc_fold_word_q_reg[1]/C (clocked by sys_clk) and i_ariane/gen_hdec_coprocessor.i_hdec_coprocessor/i_hdec_top/hdc_src0_q_reg[0][12]/D (clocked by sys_clk). Large setup violations at the end of those stages might be difficult to fix during the post-placement implementation flow and could be the result of non-optimal XDC constraints or non-optimal design architecture
Related violations: <none>

TIMING-16#974 Warning
Large setup violation  
There is a large setup violation of -3.863 ns between i_ariane/gen_hdec_coprocessor.i_hdec_coprocessor/i_hdec_top/ecc_fold_word_q_reg[0]/C (clocked by sys_clk) and i_ariane/gen_hdec_coprocessor.i_hdec_coprocessor/i_hdec_top/hdc_src0_q_reg[1][34]/D (clocked by sys_clk). Large setup violations at the end of those stages might be difficult to fix during the post-placement implementation flow and could be the result of non-optimal XDC constraints or non-optimal design architecture
Related violations: <none>

TIMING-16#975 Warning
Large setup violation  
There is a large setup violation of -3.897 ns between i_ariane/gen_hdec_coprocessor.i_hdec_coprocessor/i_hdec_top/ecc_fold_word_q_reg[1]/C (clocked by sys_clk) and i_ariane/gen_hdec_coprocessor.i_hdec_coprocessor/i_hdec_top/hdc_src0_q_reg[0][8]/D (clocked by sys_clk). Large setup violations at the end of those stages might be difficult to fix during the post-placement implementation flow and could be the result of non-optimal XDC constraints or non-optimal design architecture
Related violations: <none>

TIMING-16#976 Warning
Large setup violation  
There is a large setup violation of -3.899 ns between i_ariane/gen_hdec_coprocessor.i_hdec_coprocessor/i_hdec_top/ecc_fold_word_q_reg[1]/C (clocked by sys_clk) and i_ariane/gen_hdec_coprocessor.i_hdec_coprocessor/i_hdec_top/hdc_src0_q_reg[2][34]/D (clocked by sys_clk). Large setup violations at the end of those stages might be difficult to fix during the post-placement implementation flow and could be the result of non-optimal XDC constraints or non-optimal design architecture
Related violations: <none>

TIMING-16#977 Warning
Large setup violation  
There is a large setup violation of -3.918 ns between i_ariane/gen_hdec_coprocessor.i_hdec_coprocessor/i_hdec_top/ecc_fold_word_q_reg[1]/C (clocked by sys_clk) and i_ariane/gen_hdec_coprocessor.i_hdec_coprocessor/i_hdec_top/hdc_src0_q_reg[2][61]/D (clocked by sys_clk). Large setup violations at the end of those stages might be difficult to fix during the post-placement implementation flow and could be the result of non-optimal XDC constraints or non-optimal design architecture
Related violations: <none>

TIMING-16#978 Warning
Large setup violation  
There is a large setup violation of -3.961 ns between i_ariane/gen_hdec_coprocessor.i_hdec_coprocessor/i_hdec_top/ecc_fold_word_q_reg[1]/C (clocked by sys_clk) and i_ariane/gen_hdec_coprocessor.i_hdec_coprocessor/i_hdec_top/hdc_src0_q_reg[1][44]/D (clocked by sys_clk). Large setup violations at the end of those stages might be difficult to fix during the post-placement implementation flow and could be the result of non-optimal XDC constraints or non-optimal design architecture
Related violations: <none>

TIMING-16#979 Warning
Large setup violation  
There is a large setup violation of -3.995 ns between i_ariane/gen_hdec_coprocessor.i_hdec_coprocessor/i_hdec_top/ecc_fold_word_q_reg[1]/C (clocked by sys_clk) and i_ariane/gen_hdec_coprocessor.i_hdec_coprocessor/i_hdec_top/hdc_src0_q_reg[2][39]/D (clocked by sys_clk). Large setup violations at the end of those stages might be difficult to fix during the post-placement implementation flow and could be the result of non-optimal XDC constraints or non-optimal design architecture
Related violations: <none>

TIMING-16#980 Warning
Large setup violation  
There is a large setup violation of -5.857 ns between i_ariane/i_cva6/issue_stage_i/i_issue_read_operands/csr_valid_q_reg[0]_replica/C (clocked by sys_clk) and i_ariane/gen_hdec_coprocessor.i_hdec_coprocessor/FSM_onehot_wstate_q_reg[2]/D (clocked by sys_clk). Large setup violations at the end of those stages might be difficult to fix during the post-placement implementation flow and could be the result of non-optimal XDC constraints or non-optimal design architecture
Related violations: <none>

TIMING-16#981 Warning
Large setup violation  
There is a large setup violation of -5.891 ns between i_ariane/i_cva6/issue_stage_i/i_issue_read_operands/csr_valid_q_reg[0]_replica/C (clocked by sys_clk) and i_ariane/gen_hdec_coprocessor.i_hdec_coprocessor/FSM_onehot_wstate_q_reg[1]/D (clocked by sys_clk). Large setup violations at the end of those stages might be difficult to fix during the post-placement implementation flow and could be the result of non-optimal XDC constraints or non-optimal design architecture
Related violations: <none>

TIMING-16#982 Warning
Large setup violation  
There is a large setup violation of -5.956 ns between i_ariane/i_cva6/gen_cache_wt.i_cache_subsystem/i_adapter/i_b_fifo/status_cnt_q_reg[1]/C (clocked by sys_clk) and keep_o[6] (clocked by sys_clk). Large setup violations at the end of those stages might be difficult to fix during the post-placement implementation flow and could be the result of non-optimal XDC constraints or non-optimal design architecture
Related violations: <none>

TIMING-16#983 Warning
Large setup violation  
There is a large setup violation of -6.156 ns between i_ariane/i_cva6/gen_cache_wt.i_cache_subsystem/i_adapter/i_icache_data_fifo/status_cnt_q_reg[1]/C (clocked by sys_clk) and keep_o[4] (clocked by sys_clk). Large setup violations at the end of those stages might be difficult to fix during the post-placement implementation flow and could be the result of non-optimal XDC constraints or non-optimal design architecture
Related violations: <none>

TIMING-16#984 Warning
Large setup violation  
There is a large setup violation of -6.222 ns between i_ariane/i_cva6/gen_cache_wt.i_cache_subsystem/i_adapter/i_icache_data_fifo/status_cnt_q_reg[1]/C (clocked by sys_clk) and keep_o[3] (clocked by sys_clk). Large setup violations at the end of those stages might be difficult to fix during the post-placement implementation flow and could be the result of non-optimal XDC constraints or non-optimal design architecture
Related violations: <none>

TIMING-16#985 Warning
Large setup violation  
There is a large setup violation of -6.498 ns between i_ariane/i_cva6/gen_cache_wt.i_cache_subsystem/i_adapter/i_dcache_data_fifo/gen_fpga_queue.fifo_ram/mem_reg_0_1_66_71/RAMC/CLK (clocked by sys_clk) and keep_o[0] (clocked by sys_clk). Large setup violations at the end of those stages might be difficult to fix during the post-placement implementation flow and could be the result of non-optimal XDC constraints or non-optimal design architecture
Related violations: <none>

TIMING-16#986 Warning
Large setup violation  
There is a large setup violation of -6.546 ns between i_ariane/i_cva6/issue_stage_i/i_issue_read_operands/csr_valid_q_reg[0]_replica/C (clocked by sys_clk) and i_ariane/gen_hdec_coprocessor.i_hdec_coprocessor/FSM_onehot_wstate_q_reg[0]/CE (clocked by sys_clk). Large setup violations at the end of those stages might be difficult to fix during the post-placement implementation flow and could be the result of non-optimal XDC constraints or non-optimal design architecture
Related violations: <none>

TIMING-16#987 Warning
Large setup violation  
There is a large setup violation of -6.546 ns between i_ariane/i_cva6/issue_stage_i/i_issue_read_operands/csr_valid_q_reg[0]_replica/C (clocked by sys_clk) and i_ariane/gen_hdec_coprocessor.i_hdec_coprocessor/FSM_onehot_wstate_q_reg[3]/CE (clocked by sys_clk). Large setup violations at the end of those stages might be difficult to fix during the post-placement implementation flow and could be the result of non-optimal XDC constraints or non-optimal design architecture
Related violations: <none>

TIMING-16#988 Warning
Large setup violation  
There is a large setup violation of -6.546 ns between i_ariane/i_cva6/issue_stage_i/i_issue_read_operands/csr_valid_q_reg[0]_replica/C (clocked by sys_clk) and i_ariane/gen_hdec_coprocessor.i_hdec_coprocessor/FSM_onehot_wstate_q_reg[4]/CE (clocked by sys_clk). Large setup violations at the end of those stages might be difficult to fix during the post-placement implementation flow and could be the result of non-optimal XDC constraints or non-optimal design architecture
Related violations: <none>

TIMING-16#989 Warning
Large setup violation  
There is a large setup violation of -6.652 ns between i_ariane/i_cva6/issue_stage_i/i_issue_read_operands/csr_valid_q_reg[0]_replica/C (clocked by sys_clk) and i_ariane/gen_hdec_coprocessor.i_hdec_coprocessor/FSM_onehot_wstate_q_reg[1]/CE (clocked by sys_clk). Large setup violations at the end of those stages might be difficult to fix during the post-placement implementation flow and could be the result of non-optimal XDC constraints or non-optimal design architecture
Related violations: <none>

TIMING-16#990 Warning
Large setup violation  
There is a large setup violation of -6.652 ns between i_ariane/i_cva6/issue_stage_i/i_issue_read_operands/csr_valid_q_reg[0]_replica/C (clocked by sys_clk) and i_ariane/gen_hdec_coprocessor.i_hdec_coprocessor/FSM_onehot_wstate_q_reg[2]/CE (clocked by sys_clk). Large setup violations at the end of those stages might be difficult to fix during the post-placement implementation flow and could be the result of non-optimal XDC constraints or non-optimal design architecture
Related violations: <none>

TIMING-16#991 Warning
Large setup violation  
There is a large setup violation of -6.827 ns between i_ariane/i_cva6/gen_cache_wt.i_cache_subsystem/i_adapter/i_dcache_data_fifo/status_cnt_q_reg[0]/C (clocked by sys_clk) and keep_o[9] (clocked by sys_clk). Large setup violations at the end of those stages might be difficult to fix during the post-placement implementation flow and could be the result of non-optimal XDC constraints or non-optimal design architecture
Related violations: <none>

TIMING-16#992 Warning
Large setup violation  
There is a large setup violation of -6.914 ns between i_ariane/i_cva6/gen_cache_wt.i_cache_subsystem/i_adapter/i_dcache_data_fifo/status_cnt_q_reg[0]/C (clocked by sys_clk) and keep_o[7] (clocked by sys_clk). Large setup violations at the end of those stages might be difficult to fix during the post-placement implementation flow and could be the result of non-optimal XDC constraints or non-optimal design architecture
Related violations: <none>

TIMING-16#993 Warning
Large setup violation  
There is a large setup violation of -6.915 ns between i_ariane/i_cva6/gen_cache_wt.i_cache_subsystem/i_adapter/i_dcache_data_fifo/status_cnt_q_reg[0]/C (clocked by sys_clk) and keep_o[8] (clocked by sys_clk). Large setup violations at the end of those stages might be difficult to fix during the post-placement implementation flow and could be the result of non-optimal XDC constraints or non-optimal design architecture
Related violations: <none>

TIMING-16#994 Warning
Large setup violation  
There is a large setup violation of -7.649 ns between i_ariane/i_cva6/gen_cache_wt.i_cache_subsystem/i_adapter/i_dcache_data_fifo/gen_fpga_queue.fifo_ram/mem_reg_0_1_102_107/RAMC/CLK (clocked by sys_clk) and keep_o[11] (clocked by sys_clk). Large setup violations at the end of those stages might be difficult to fix during the post-placement implementation flow and could be the result of non-optimal XDC constraints or non-optimal design architecture
Related violations: <none>

TIMING-16#995 Warning
Large setup violation  
There is a large setup violation of -7.772 ns between i_ariane/i_cva6/gen_cache_wt.i_cache_subsystem/i_adapter/i_dcache_data_fifo/gen_fpga_queue.fifo_ram/mem_reg_0_1_174_179/RAMA/CLK (clocked by sys_clk) and keep_o[15] (clocked by sys_clk). Large setup violations at the end of those stages might be difficult to fix during the post-placement implementation flow and could be the result of non-optimal XDC constraints or non-optimal design architecture
Related violations: <none>

TIMING-16#996 Warning
Large setup violation  
There is a large setup violation of -7.935 ns between i_ariane/i_cva6/gen_cache_wt.i_cache_subsystem/i_adapter/i_dcache_data_fifo/gen_fpga_queue.fifo_ram/mem_reg_0_1_84_89/RAMA/CLK (clocked by sys_clk) and keep_o[10] (clocked by sys_clk). Large setup violations at the end of those stages might be difficult to fix during the post-placement implementation flow and could be the result of non-optimal XDC constraints or non-optimal design architecture
Related violations: <none>

TIMING-16#997 Warning
Large setup violation  
There is a large setup violation of -8.062 ns between i_ariane/i_cva6/gen_cache_wt.i_cache_subsystem/i_adapter/i_dcache_data_fifo/gen_fpga_queue.fifo_ram/mem_reg_0_1_132_137/RAMC_D1/CLK (clocked by sys_clk) and keep_o[14] (clocked by sys_clk). Large setup violations at the end of those stages might be difficult to fix during the post-placement implementation flow and could be the result of non-optimal XDC constraints or non-optimal design architecture
Related violations: <none>

TIMING-16#998 Warning
Large setup violation  
There is a large setup violation of -8.214 ns between i_ariane/i_cva6/gen_cache_wt.i_cache_subsystem/i_adapter/i_dcache_data_fifo/gen_fpga_queue.fifo_ram/mem_reg_0_1_132_137/RAMC/CLK (clocked by sys_clk) and keep_o[2] (clocked by sys_clk). Large setup violations at the end of those stages might be difficult to fix during the post-placement implementation flow and could be the result of non-optimal XDC constraints or non-optimal design architecture
Related violations: <none>

TIMING-16#999 Warning
Large setup violation  
There is a large setup violation of -8.418 ns between i_ariane/i_cva6/gen_cache_wt.i_cache_subsystem/i_adapter/i_dcache_data_fifo/gen_fpga_queue.fifo_ram/mem_reg_0_1_174_179/RAMC/CLK (clocked by sys_clk) and keep_o[13] (clocked by sys_clk). Large setup violations at the end of those stages might be difficult to fix during the post-placement implementation flow and could be the result of non-optimal XDC constraints or non-optimal design architecture
Related violations: <none>

TIMING-16#1000 Warning
Large setup violation  
There is a large setup violation of -8.454 ns between i_ariane/i_cva6/gen_cache_wt.i_cache_subsystem/i_adapter/i_icache_data_fifo/gen_fpga_queue.fifo_ram/mem_reg_0_1_12_17/RAMB/CLK (clocked by sys_clk) and keep_o[12] (clocked by sys_clk). Large setup violations at the end of those stages might be difficult to fix during the post-placement implementation flow and could be the result of non-optimal XDC constraints or non-optimal design architecture
Related violations: <none>

XDCH-2#1 Warning
Same min and max delay values on IO port  
The same output delay of 0.000 ns has been defined on port 'keep_o[0]' relative to clock sys_clk for both max and min. Make sure this reflects the design intent.
set_output_delay -clock [get_clocks sys_clk] 0.000 [get_ports {keep_o[*]}]
E:/HDEC/cva6-vhdc-core/tmp/hdec_v15_pointmul_worktree/reports/cva6_hdec_lite_impl_2026_07_01/cva6_hdec_lite_impl.xdc (Line: 5)
Related violations: <none>

XDCH-2#2 Warning
Same min and max delay values on IO port  
The same output delay of 0.000 ns has been defined on port 'keep_o[10]' relative to clock sys_clk for both max and min. Make sure this reflects the design intent.
set_output_delay -clock [get_clocks sys_clk] 0.000 [get_ports {keep_o[*]}]
E:/HDEC/cva6-vhdc-core/tmp/hdec_v15_pointmul_worktree/reports/cva6_hdec_lite_impl_2026_07_01/cva6_hdec_lite_impl.xdc (Line: 5)
Related violations: <none>

XDCH-2#3 Warning
Same min and max delay values on IO port  
The same output delay of 0.000 ns has been defined on port 'keep_o[11]' relative to clock sys_clk for both max and min. Make sure this reflects the design intent.
set_output_delay -clock [get_clocks sys_clk] 0.000 [get_ports {keep_o[*]}]
E:/HDEC/cva6-vhdc-core/tmp/hdec_v15_pointmul_worktree/reports/cva6_hdec_lite_impl_2026_07_01/cva6_hdec_lite_impl.xdc (Line: 5)
Related violations: <none>

XDCH-2#4 Warning
Same min and max delay values on IO port  
The same output delay of 0.000 ns has been defined on port 'keep_o[12]' relative to clock sys_clk for both max and min. Make sure this reflects the design intent.
set_output_delay -clock [get_clocks sys_clk] 0.000 [get_ports {keep_o[*]}]
E:/HDEC/cva6-vhdc-core/tmp/hdec_v15_pointmul_worktree/reports/cva6_hdec_lite_impl_2026_07_01/cva6_hdec_lite_impl.xdc (Line: 5)
Related violations: <none>

XDCH-2#5 Warning
Same min and max delay values on IO port  
The same output delay of 0.000 ns has been defined on port 'keep_o[13]' relative to clock sys_clk for both max and min. Make sure this reflects the design intent.
set_output_delay -clock [get_clocks sys_clk] 0.000 [get_ports {keep_o[*]}]
E:/HDEC/cva6-vhdc-core/tmp/hdec_v15_pointmul_worktree/reports/cva6_hdec_lite_impl_2026_07_01/cva6_hdec_lite_impl.xdc (Line: 5)
Related violations: <none>

XDCH-2#6 Warning
Same min and max delay values on IO port  
The same output delay of 0.000 ns has been defined on port 'keep_o[14]' relative to clock sys_clk for both max and min. Make sure this reflects the design intent.
set_output_delay -clock [get_clocks sys_clk] 0.000 [get_ports {keep_o[*]}]
E:/HDEC/cva6-vhdc-core/tmp/hdec_v15_pointmul_worktree/reports/cva6_hdec_lite_impl_2026_07_01/cva6_hdec_lite_impl.xdc (Line: 5)
Related violations: <none>

XDCH-2#7 Warning
Same min and max delay values on IO port  
The same output delay of 0.000 ns has been defined on port 'keep_o[15]' relative to clock sys_clk for both max and min. Make sure this reflects the design intent.
set_output_delay -clock [get_clocks sys_clk] 0.000 [get_ports {keep_o[*]}]
E:/HDEC/cva6-vhdc-core/tmp/hdec_v15_pointmul_worktree/reports/cva6_hdec_lite_impl_2026_07_01/cva6_hdec_lite_impl.xdc (Line: 5)
Related violations: <none>

XDCH-2#8 Warning
Same min and max delay values on IO port  
The same output delay of 0.000 ns has been defined on port 'keep_o[1]' relative to clock sys_clk for both max and min. Make sure this reflects the design intent.
set_output_delay -clock [get_clocks sys_clk] 0.000 [get_ports {keep_o[*]}]
E:/HDEC/cva6-vhdc-core/tmp/hdec_v15_pointmul_worktree/reports/cva6_hdec_lite_impl_2026_07_01/cva6_hdec_lite_impl.xdc (Line: 5)
Related violations: <none>

XDCH-2#9 Warning
Same min and max delay values on IO port  
The same output delay of 0.000 ns has been defined on port 'keep_o[2]' relative to clock sys_clk for both max and min. Make sure this reflects the design intent.
set_output_delay -clock [get_clocks sys_clk] 0.000 [get_ports {keep_o[*]}]
E:/HDEC/cva6-vhdc-core/tmp/hdec_v15_pointmul_worktree/reports/cva6_hdec_lite_impl_2026_07_01/cva6_hdec_lite_impl.xdc (Line: 5)
Related violations: <none>

XDCH-2#10 Warning
Same min and max delay values on IO port  
The same output delay of 0.000 ns has been defined on port 'keep_o[3]' relative to clock sys_clk for both max and min. Make sure this reflects the design intent.
set_output_delay -clock [get_clocks sys_clk] 0.000 [get_ports {keep_o[*]}]
E:/HDEC/cva6-vhdc-core/tmp/hdec_v15_pointmul_worktree/reports/cva6_hdec_lite_impl_2026_07_01/cva6_hdec_lite_impl.xdc (Line: 5)
Related violations: <none>

XDCH-2#11 Warning
Same min and max delay values on IO port  
The same output delay of 0.000 ns has been defined on port 'keep_o[4]' relative to clock sys_clk for both max and min. Make sure this reflects the design intent.
set_output_delay -clock [get_clocks sys_clk] 0.000 [get_ports {keep_o[*]}]
E:/HDEC/cva6-vhdc-core/tmp/hdec_v15_pointmul_worktree/reports/cva6_hdec_lite_impl_2026_07_01/cva6_hdec_lite_impl.xdc (Line: 5)
Related violations: <none>

XDCH-2#12 Warning
Same min and max delay values on IO port  
The same output delay of 0.000 ns has been defined on port 'keep_o[5]' relative to clock sys_clk for both max and min. Make sure this reflects the design intent.
set_output_delay -clock [get_clocks sys_clk] 0.000 [get_ports {keep_o[*]}]
E:/HDEC/cva6-vhdc-core/tmp/hdec_v15_pointmul_worktree/reports/cva6_hdec_lite_impl_2026_07_01/cva6_hdec_lite_impl.xdc (Line: 5)
Related violations: <none>

XDCH-2#13 Warning
Same min and max delay values on IO port  
The same output delay of 0.000 ns has been defined on port 'keep_o[6]' relative to clock sys_clk for both max and min. Make sure this reflects the design intent.
set_output_delay -clock [get_clocks sys_clk] 0.000 [get_ports {keep_o[*]}]
E:/HDEC/cva6-vhdc-core/tmp/hdec_v15_pointmul_worktree/reports/cva6_hdec_lite_impl_2026_07_01/cva6_hdec_lite_impl.xdc (Line: 5)
Related violations: <none>

XDCH-2#14 Warning
Same min and max delay values on IO port  
The same output delay of 0.000 ns has been defined on port 'keep_o[7]' relative to clock sys_clk for both max and min. Make sure this reflects the design intent.
set_output_delay -clock [get_clocks sys_clk] 0.000 [get_ports {keep_o[*]}]
E:/HDEC/cva6-vhdc-core/tmp/hdec_v15_pointmul_worktree/reports/cva6_hdec_lite_impl_2026_07_01/cva6_hdec_lite_impl.xdc (Line: 5)
Related violations: <none>

XDCH-2#15 Warning
Same min and max delay values on IO port  
The same output delay of 0.000 ns has been defined on port 'keep_o[8]' relative to clock sys_clk for both max and min. Make sure this reflects the design intent.
set_output_delay -clock [get_clocks sys_clk] 0.000 [get_ports {keep_o[*]}]
E:/HDEC/cva6-vhdc-core/tmp/hdec_v15_pointmul_worktree/reports/cva6_hdec_lite_impl_2026_07_01/cva6_hdec_lite_impl.xdc (Line: 5)
Related violations: <none>

XDCH-2#16 Warning
Same min and max delay values on IO port  
The same output delay of 0.000 ns has been defined on port 'keep_o[9]' relative to clock sys_clk for both max and min. Make sure this reflects the design intent.
set_output_delay -clock [get_clocks sys_clk] 0.000 [get_ports {keep_o[*]}]
E:/HDEC/cva6-vhdc-core/tmp/hdec_v15_pointmul_worktree/reports/cva6_hdec_lite_impl_2026_07_01/cva6_hdec_lite_impl.xdc (Line: 5)
Related violations: <none>


