Copyright 1986-2022 Xilinx, Inc. All Rights Reserved. Copyright 2022-2024 Advanced Micro Devices, Inc. All Rights Reserved.
----------------------------------------------------------------------------------------------------------------------------------------------------------------------------------------------------------------------
| Tool Version : Vivado v.2024.2 (win64) Build 5239630 Fri Nov 08 22:35:27 MST 2024
| Date         : Wed Jul  1 02:44:08 2026
| Host         : WIN-20240824NZS running 64-bit major release  (build 9200)
| Command      : report_timing_summary -delay_type max -max_paths 20 -file E:/HDEC/cva6-vhdc-core/tmp/hdec_v15_pointmul_worktree/reports/cva6_hdec_lite_impl_2026_07_01/impl_zynq7020_lite_bufg/timing_post_place.rpt
| Design       : cva6_hdec_lite_impl_wrapper
| Device       : 7z020-clg400
| Speed File   : -2  PRODUCTION 1.12 2019-11-22
| Design State : Fully Placed
----------------------------------------------------------------------------------------------------------------------------------------------------------------------------------------------------------------------

Timing Summary Report

------------------------------------------------------------------------------------------------
| Timer Settings
| --------------
------------------------------------------------------------------------------------------------

  Enable Multi Corner Analysis               :  Yes
  Enable Pessimism Removal                   :  Yes
  Pessimism Removal Resolution               :  Nearest Common Node
  Enable Input Delay Default Clock           :  No
  Enable Preset / Clear Arcs                 :  No
  Disable Flight Delays                      :  No
  Ignore I/O Paths                           :  No
  Timing Early Launch at Borrowing Latches   :  No
  Borrow Time for Max Delay Exceptions       :  Yes
  Merge Timing Exceptions                    :  Yes
  Inter-SLR Compensation                     :  Conservative

  Corner  Analyze    Analyze    
  Name    Max Paths  Min Paths  
  ------  ---------  ---------  
  Slow    Yes        Yes        
  Fast    Yes        Yes        


------------------------------------------------------------------------------------------------
| Report Methodology
| ------------------
------------------------------------------------------------------------------------------------

No report available as report_methodology has not been run prior. Run report_methodology on the current design for the summary of methodology violations.



check_timing report

Table of Contents
-----------------
1. checking no_clock (0)
2. checking constant_clock (0)
3. checking pulse_width_clock (0)
4. checking unconstrained_internal_endpoints (0)
5. checking no_input_delay (1)
6. checking no_output_delay (0)
7. checking multiple_clock (0)
8. checking generated_clocks (0)
9. checking loops (0)
10. checking partial_input_delay (0)
11. checking partial_output_delay (0)
12. checking latch_loops (0)

1. checking no_clock (0)
------------------------
 There are 0 register/latch pins with no clock.


2. checking constant_clock (0)
------------------------------
 There are 0 register/latch pins with constant_clock.


3. checking pulse_width_clock (0)
---------------------------------
 There are 0 register/latch pins which need pulse_width check


4. checking unconstrained_internal_endpoints (0)
------------------------------------------------
 There are 0 pins that are not constrained for maximum delay.

 There are 0 pins that are not constrained for maximum delay due to constant clock.


5. checking no_input_delay (1)
------------------------------
 There are 0 input ports with no input delay specified.

 There is 1 input port with no input delay but user has a false path constraint. (MEDIUM)


6. checking no_output_delay (0)
-------------------------------
 There are 0 ports with no output delay specified.

 There are 0 ports with no output delay but user has a false path constraint

 There are 0 ports with no output delay but with a timing clock defined on it or propagating through it


7. checking multiple_clock (0)
------------------------------
 There are 0 register/latch pins with multiple clocks.


8. checking generated_clocks (0)
--------------------------------
 There are 0 generated clocks that are not connected to a clock source.


9. checking loops (0)
---------------------
 There are 0 combinational loops in the design.


10. checking partial_input_delay (0)
------------------------------------
 There are 0 input ports with partial input delay specified.


11. checking partial_output_delay (0)
-------------------------------------
 There are 0 ports with partial output delay specified.


12. checking latch_loops (0)
----------------------------
 There are 0 combinational latch loops in the design through latch input



------------------------------------------------------------------------------------------------
| Design Timing Summary
| ---------------------
------------------------------------------------------------------------------------------------

    WNS(ns)      TNS(ns)  TNS Failing Endpoints  TNS Total Endpoints     WPWS(ns)     TPWS(ns)  TPWS Failing Endpoints  TPWS Total Endpoints  
    -------      -------  ---------------------  -------------------     --------     --------  ----------------------  --------------------  
     -8.487   -41846.070                   9307                16428        1.370        0.000                       0                  7370  


Timing constraints are not met.


------------------------------------------------------------------------------------------------
| Clock Summary
| -------------
------------------------------------------------------------------------------------------------

Clock    Waveform(ns)         Period(ns)      Frequency(MHz)
-----    ------------         ----------      --------------
sys_clk  {0.000 2.500}        5.000           200.000         


------------------------------------------------------------------------------------------------
| Intra Clock Table
| -----------------
------------------------------------------------------------------------------------------------

Clock             WNS(ns)      TNS(ns)  TNS Failing Endpoints  TNS Total Endpoints     WPWS(ns)     TPWS(ns)  TPWS Failing Endpoints  TPWS Total Endpoints  
-----             -------      -------  ---------------------  -------------------     --------     --------  ----------------------  --------------------  
sys_clk            -8.487   -41846.070                   9307                16428        1.370        0.000                       0                  7370  


------------------------------------------------------------------------------------------------
| Inter Clock Table
| -----------------
------------------------------------------------------------------------------------------------

From Clock    To Clock          WNS(ns)      TNS(ns)  TNS Failing Endpoints  TNS Total Endpoints  
----------    --------          -------      -------  ---------------------  -------------------  


------------------------------------------------------------------------------------------------
| Other Path Groups Table
| -----------------------
------------------------------------------------------------------------------------------------

Path Group    From Clock    To Clock          WNS(ns)      TNS(ns)  TNS Failing Endpoints  TNS Total Endpoints  
----------    ----------    --------          -------      -------  ---------------------  -------------------  


------------------------------------------------------------------------------------------------
| Timing Details
| --------------
------------------------------------------------------------------------------------------------


---------------------------------------------------------------------------------------------------
From Clock:  sys_clk
  To Clock:  sys_clk

Setup :         9307  Failing Endpoints,  Worst Slack       -8.487ns,  Total Violation   -41846.070ns
Hold  :           NA  Failing Endpoints,  Worst Slack           NA  ,  Total Violation           NA
PW    :            0  Failing Endpoints,  Worst Slack        1.370ns,  Total Violation        0.000ns
---------------------------------------------------------------------------------------------------


Max Delay Paths
--------------------------------------------------------------------------------------
Slack (VIOLATED) :        -8.487ns  (required time - arrival time)
  Source:                 i_ariane/i_cva6/issue_stage_i/i_issue_read_operands/csr_valid_q_reg[0]/C
                            (rising edge-triggered cell FDCE clocked by sys_clk  {rise@0.000ns fall@2.500ns period=5.000ns})
  Destination:            i_ariane/i_cva6/issue_stage_i/i_scoreboard/mem_q_reg[2][sbe][rd][2]/D
                            (rising edge-triggered cell FDCE clocked by sys_clk  {rise@0.000ns fall@2.500ns period=5.000ns})
  Path Group:             sys_clk
  Path Type:              Setup (Max at Slow Process Corner)
  Requirement:            5.000ns  (sys_clk rise@5.000ns - sys_clk rise@0.000ns)
  Data Path Delay:        13.363ns  (logic 4.510ns (33.750%)  route 8.853ns (66.250%))
  Logic Levels:           34  (CARRY4=16 LUT2=1 LUT4=2 LUT5=2 LUT6=13)
  Clock Path Skew:        -0.065ns (DCD - SCD + CPR)
    Destination Clock Delay (DCD):    4.504ns = ( 9.504 - 5.000 ) 
    Source Clock Delay      (SCD):    4.832ns
    Clock Pessimism Removal (CPR):    0.264ns
  Clock Uncertainty:      0.135ns  ((TSJ^2 + TIJ^2)^1/2 + DJ) / 2 + PE + UU
    Total System Jitter     (TSJ):    0.071ns
    Total Input Jitter      (TIJ):    0.000ns
    Discrete Jitter          (DJ):    0.000ns
    Phase Error              (PE):    0.000ns
    User Uncertainty         (UU):    0.100ns

    Location             Delay type                Incr(ns)  Path(ns)    Netlist Resource(s)
  -------------------------------------------------------------------    -------------------
                         (clock sys_clk rise edge)    0.000     0.000 r  
    U7                                                0.000     0.000 r  clk_pad_i (IN)
                         net (fo=0)                   0.000     0.000    clk_pad_i
    U7                   IBUF (Prop_ibuf_I_O)         1.504     1.504 r  clk_pad_i_IBUF_inst/O
                         net (fo=1, estimated)        1.843     3.347    clk_pad_i_IBUF
    BUFGCTRL_X0Y0        BUFG (Prop_bufg_I_O)         0.085     3.432 r  i_clk_bufg/O
                         net (fo=7369, estimated)     1.400     4.832    i_ariane/i_cva6/issue_stage_i/i_issue_read_operands/clk_core
    SLICE_X43Y14         FDCE                                         r  i_ariane/i_cva6/issue_stage_i/i_issue_read_operands/csr_valid_q_reg[0]/C
  -------------------------------------------------------------------    -------------------
    SLICE_X43Y14         FDCE (Prop_fdce_C_Q)         0.379     5.211 r  i_ariane/i_cva6/issue_stage_i/i_issue_read_operands/csr_valid_q_reg[0]/Q
                         net (fo=158, estimated)      0.770     5.981    i_ariane/i_cva6/issue_stage_i/i_issue_read_operands/csr_valid_q_reg[0]_0
    SLICE_X40Y14         LUT6 (Prop_lut6_I0_O)        0.105     6.086 r  i_ariane/i_cva6/issue_stage_i/i_issue_read_operands/adder_result_ext_o_carry_i_13/O
                         net (fo=13, estimated)       0.405     6.491    i_ariane/i_cva6/issue_stage_i/i_issue_read_operands/adder_result_ext_o_carry_i_13_n_0
    SLICE_X40Y14         LUT6 (Prop_lut6_I1_O)        0.105     6.596 f  i_ariane/i_cva6/issue_stage_i/i_issue_read_operands/adder_result_ext_o_carry_i_10/O
                         net (fo=3, estimated)        0.346     6.942    i_ariane/i_cva6/issue_stage_i/i_issue_read_operands/adder_result_ext_o_carry_i_10_n_0
    SLICE_X40Y13         LUT6 (Prop_lut6_I0_O)        0.105     7.047 r  i_ariane/i_cva6/issue_stage_i/i_issue_read_operands/adder_result_ext_o_carry_i_16/O
                         net (fo=100, estimated)      0.334     7.381    i_ariane/i_cva6/issue_stage_i/i_issue_read_operands/adder_result_ext_o_carry_i_16_n_0
    SLICE_X40Y12         LUT6 (Prop_lut6_I5_O)        0.105     7.486 r  i_ariane/i_cva6/issue_stage_i/i_issue_read_operands/adder_result_ext_o_carry_i_9/O
                         net (fo=1, estimated)        0.655     8.141    i_ariane/i_cva6/ex_stage_i/alu_i/S[0]
    SLICE_X41Y11         CARRY4 (Prop_carry4_S[0]_CO[3])
                                                      0.545     8.686 r  i_ariane/i_cva6/ex_stage_i/alu_i/adder_result_ext_o_carry/CO[3]
                         net (fo=1, estimated)        0.000     8.686    i_ariane/i_cva6/ex_stage_i/alu_i/adder_result_ext_o_carry_n_0
    SLICE_X41Y12         CARRY4 (Prop_carry4_CI_CO[3])
                                                      0.098     8.784 r  i_ariane/i_cva6/ex_stage_i/alu_i/adder_result_ext_o_carry__0/CO[3]
                         net (fo=1, estimated)        0.000     8.784    i_ariane/i_cva6/ex_stage_i/alu_i/adder_result_ext_o_carry__0_n_0
    SLICE_X41Y13         CARRY4 (Prop_carry4_CI_CO[3])
                                                      0.098     8.882 r  i_ariane/i_cva6/ex_stage_i/alu_i/adder_result_ext_o_carry__1/CO[3]
                         net (fo=1, estimated)        0.000     8.882    i_ariane/i_cva6/ex_stage_i/alu_i/adder_result_ext_o_carry__1_n_0
    SLICE_X41Y14         CARRY4 (Prop_carry4_CI_CO[3])
                                                      0.098     8.980 r  i_ariane/i_cva6/ex_stage_i/alu_i/adder_result_ext_o_carry__2/CO[3]
                         net (fo=1, estimated)        0.000     8.980    i_ariane/i_cva6/ex_stage_i/alu_i/adder_result_ext_o_carry__2_n_0
    SLICE_X41Y15         CARRY4 (Prop_carry4_CI_CO[3])
                                                      0.098     9.078 r  i_ariane/i_cva6/ex_stage_i/alu_i/adder_result_ext_o_carry__3/CO[3]
                         net (fo=1, estimated)        0.000     9.078    i_ariane/i_cva6/ex_stage_i/alu_i/adder_result_ext_o_carry__3_n_0
    SLICE_X41Y16         CARRY4 (Prop_carry4_CI_CO[3])
                                                      0.098     9.176 r  i_ariane/i_cva6/ex_stage_i/alu_i/adder_result_ext_o_carry__4/CO[3]
                         net (fo=1, estimated)        0.000     9.176    i_ariane/i_cva6/ex_stage_i/alu_i/adder_result_ext_o_carry__4_n_0
    SLICE_X41Y17         CARRY4 (Prop_carry4_CI_CO[3])
                                                      0.098     9.274 r  i_ariane/i_cva6/ex_stage_i/alu_i/adder_result_ext_o_carry__5/CO[3]
                         net (fo=1, estimated)        0.000     9.274    i_ariane/i_cva6/ex_stage_i/alu_i/adder_result_ext_o_carry__5_n_0
    SLICE_X41Y18         CARRY4 (Prop_carry4_CI_CO[3])
                                                      0.098     9.372 r  i_ariane/i_cva6/ex_stage_i/alu_i/adder_result_ext_o_carry__6/CO[3]
                         net (fo=1, estimated)        0.000     9.372    i_ariane/i_cva6/ex_stage_i/alu_i/adder_result_ext_o_carry__6_n_0
    SLICE_X41Y19         CARRY4 (Prop_carry4_CI_CO[3])
                                                      0.098     9.470 r  i_ariane/i_cva6/ex_stage_i/alu_i/adder_result_ext_o_carry__7/CO[3]
                         net (fo=1, estimated)        0.000     9.470    i_ariane/i_cva6/ex_stage_i/alu_i/adder_result_ext_o_carry__7_n_0
    SLICE_X41Y20         CARRY4 (Prop_carry4_CI_CO[3])
                                                      0.098     9.568 r  i_ariane/i_cva6/ex_stage_i/alu_i/adder_result_ext_o_carry__8/CO[3]
                         net (fo=1, estimated)        0.000     9.568    i_ariane/i_cva6/ex_stage_i/alu_i/adder_result_ext_o_carry__8_n_0
    SLICE_X41Y21         CARRY4 (Prop_carry4_CI_CO[3])
                                                      0.098     9.666 r  i_ariane/i_cva6/ex_stage_i/alu_i/adder_result_ext_o_carry__9/CO[3]
                         net (fo=1, estimated)        0.000     9.666    i_ariane/i_cva6/ex_stage_i/alu_i/adder_result_ext_o_carry__9_n_0
    SLICE_X41Y22         CARRY4 (Prop_carry4_CI_CO[3])
                                                      0.098     9.764 r  i_ariane/i_cva6/ex_stage_i/alu_i/adder_result_ext_o_carry__10/CO[3]
                         net (fo=1, estimated)        0.000     9.764    i_ariane/i_cva6/ex_stage_i/alu_i/adder_result_ext_o_carry__10_n_0
    SLICE_X41Y23         CARRY4 (Prop_carry4_CI_CO[3])
                                                      0.098     9.862 r  i_ariane/i_cva6/ex_stage_i/alu_i/adder_result_ext_o_carry__11/CO[3]
                         net (fo=1, estimated)        0.000     9.862    i_ariane/i_cva6/ex_stage_i/alu_i/adder_result_ext_o_carry__11_n_0
    SLICE_X41Y24         CARRY4 (Prop_carry4_CI_CO[3])
                                                      0.098     9.960 r  i_ariane/i_cva6/ex_stage_i/alu_i/adder_result_ext_o_carry__12/CO[3]
                         net (fo=1, estimated)        0.008     9.968    i_ariane/i_cva6/ex_stage_i/alu_i/adder_result_ext_o_carry__12_n_0
    SLICE_X41Y25         CARRY4 (Prop_carry4_CI_CO[3])
                                                      0.098    10.066 r  i_ariane/i_cva6/ex_stage_i/alu_i/adder_result_ext_o_carry__13/CO[3]
                         net (fo=1, estimated)        0.000    10.066    i_ariane/i_cva6/ex_stage_i/alu_i/adder_result_ext_o_carry__13_n_0
    SLICE_X41Y26         CARRY4 (Prop_carry4_CI_O[0])
                                                      0.180    10.246 f  i_ariane/i_cva6/ex_stage_i/alu_i/adder_result_ext_o_carry__14/O[0]
                         net (fo=2, estimated)        0.643    10.889    i_ariane/i_cva6/issue_stage_i/i_issue_read_operands/adder_result[60]
    SLICE_X43Y25         LUT4 (Prop_lut4_I0_O)        0.249    11.138 f  i_ariane/i_cva6/issue_stage_i/i_issue_read_operands/i___65_i_25/O
                         net (fo=1, estimated)        0.113    11.251    i_ariane/i_cva6/ex_stage_i/alu_i/i___65_i_10_1
    SLICE_X43Y25         LUT5 (Prop_lut5_I4_O)        0.105    11.356 f  i_ariane/i_cva6/ex_stage_i/alu_i/i___65_i_21/O
                         net (fo=1, estimated)        0.230    11.586    i_ariane/i_cva6/ex_stage_i/alu_i/i___65_i_21_n_0
    SLICE_X40Y25         LUT6 (Prop_lut6_I5_O)        0.105    11.691 f  i_ariane/i_cva6/ex_stage_i/alu_i/i___65_i_10/O
                         net (fo=2, estimated)        0.573    12.264    i_ariane/i_cva6/ex_stage_i/alu_i/i___65_i_10_n_0
    SLICE_X35Y16         LUT4 (Prop_lut4_I3_O)        0.105    12.369 f  i_ariane/i_cva6/ex_stage_i/alu_i/i___65_i_3/O
                         net (fo=1, estimated)        0.331    12.700    i_ariane/i_cva6/issue_stage_i/i_issue_read_operands/issue_q[0][valid]_i_4
    SLICE_X34Y16         LUT6 (Prop_lut6_I2_O)        0.105    12.805 r  i_ariane/i_cva6/issue_stage_i/i_issue_read_operands/i___65_i_1__0/O
                         net (fo=70, estimated)       0.334    13.139    i_ariane/i_cva6/issue_stage_i/i_issue_read_operands/fu_data_q_reg[0][operation][0]_32
    SLICE_X34Y15         LUT6 (Prop_lut6_I1_O)        0.105    13.244 r  i_ariane/i_cva6/issue_stage_i/i_issue_read_operands/npc_q[63]_bret__277_i_2/O
                         net (fo=9, estimated)        0.265    13.509    i_ariane/i_cva6/controller_i/resolved_branch[is_mispredict]
    SLICE_X35Y15         LUT6 (Prop_lut6_I3_O)        0.105    13.614 r  i_ariane/i_cva6/controller_i/i___63_i_1/O
                         net (fo=40, estimated)       0.511    14.125    i_ariane/i_cva6/issue_stage_i/i_scoreboard/flush_ctrl_if
    SLICE_X35Y18         LUT2 (Prop_lut2_I0_O)        0.105    14.230 r  i_ariane/i_cva6/issue_stage_i/i_scoreboard/i__i_2__0/O
                         net (fo=1, estimated)        0.463    14.693    i_ariane/i_cva6/issue_stage_i/i_scoreboard/i__i_2__0_n_0
    SLICE_X35Y20         LUT6 (Prop_lut6_I0_O)        0.105    14.798 r  i_ariane/i_cva6/issue_stage_i/i_scoreboard/i__i_1__0/O
                         net (fo=58, estimated)       0.573    15.371    i_ariane/i_cva6/issue_stage_i/i_scoreboard/issue_q_reg[0][sbe][valid]
    SLICE_X36Y22         LUT5 (Prop_lut5_I0_O)        0.105    15.476 r  i_ariane/i_cva6/issue_stage_i/i_scoreboard/i___0_i_10__0/O
                         net (fo=4, estimated)        0.486    15.962    i_ariane/i_cva6/issue_stage_i/i_scoreboard/i___0_i_10__0_n_0
    SLICE_X39Y23         LUT6 (Prop_lut6_I1_O)        0.105    16.067 r  i_ariane/i_cva6/issue_stage_i/i_scoreboard/mem_q[1][sbe][rd][4]_i_7/O
                         net (fo=3, estimated)        0.806    16.873    i_ariane/i_cva6/issue_stage_i/i_scoreboard/mem_q[1][sbe][rd][4]_i_7_n_0
    SLICE_X43Y24         LUT6 (Prop_lut6_I1_O)        0.105    16.978 f  i_ariane/i_cva6/issue_stage_i/i_scoreboard/mem_q[2][sbe][rd][4]_i_10/O
                         net (fo=3, estimated)        0.469    17.447    i_ariane/i_cva6/issue_stage_i/i_scoreboard/mem_q[2][sbe][rd][4]_i_10_n_0
    SLICE_X43Y25         LUT6 (Prop_lut6_I0_O)        0.105    17.552 f  i_ariane/i_cva6/issue_stage_i/i_scoreboard/mem_q[2][sbe][rd][2]_i_2/O
                         net (fo=1, estimated)        0.538    18.090    i_ariane/i_cva6/issue_stage_i/i_scoreboard/mem_q[2][sbe][rd][2]_i_2_n_0
    SLICE_X38Y25         LUT6 (Prop_lut6_I0_O)        0.105    18.195 r  i_ariane/i_cva6/issue_stage_i/i_scoreboard/mem_q[2][sbe][rd][2]_i_1/O
                         net (fo=1, routed)           0.000    18.195    i_ariane/i_cva6/issue_stage_i/i_scoreboard/mem_q[2][sbe][rd][2]_i_1_n_0
    SLICE_X38Y25         FDCE                                         r  i_ariane/i_cva6/issue_stage_i/i_scoreboard/mem_q_reg[2][sbe][rd][2]/D
  -------------------------------------------------------------------    -------------------

                         (clock sys_clk rise edge)    5.000     5.000 r  
    U7                                                0.000     5.000 r  clk_pad_i (IN)
                         net (fo=0)                   0.000     5.000    clk_pad_i
    U7                   IBUF (Prop_ibuf_I_O)         1.438     6.438 r  clk_pad_i_IBUF_inst/O
                         net (fo=1, estimated)        1.751     8.189    clk_pad_i_IBUF
    BUFGCTRL_X0Y0        BUFG (Prop_bufg_I_O)         0.077     8.266 r  i_clk_bufg/O
                         net (fo=7369, estimated)     1.238     9.504    i_ariane/i_cva6/issue_stage_i/i_scoreboard/clk_core
    SLICE_X38Y25         FDCE                                         r  i_ariane/i_cva6/issue_stage_i/i_scoreboard/mem_q_reg[2][sbe][rd][2]/C
                         clock pessimism              0.264     9.767    
                         clock uncertainty           -0.135     9.632    
    SLICE_X38Y25         FDCE (Setup_fdce_C_D)        0.076     9.708    i_ariane/i_cva6/issue_stage_i/i_scoreboard/mem_q_reg[2][sbe][rd][2]
  -------------------------------------------------------------------
                         required time                          9.708    
                         arrival time                         -18.195    
  -------------------------------------------------------------------
                         slack                                 -8.487    

Slack (VIOLATED) :        -8.475ns  (required time - arrival time)
  Source:                 i_ariane/i_cva6/issue_stage_i/i_issue_read_operands/csr_valid_q_reg[0]/C
                            (rising edge-triggered cell FDCE clocked by sys_clk  {rise@0.000ns fall@2.500ns period=5.000ns})
  Destination:            i_ariane/i_cva6/issue_stage_i/i_scoreboard/mem_q_reg[2][sbe][rd][4]/D
                            (rising edge-triggered cell FDCE clocked by sys_clk  {rise@0.000ns fall@2.500ns period=5.000ns})
  Path Group:             sys_clk
  Path Type:              Setup (Max at Slow Process Corner)
  Requirement:            5.000ns  (sys_clk rise@5.000ns - sys_clk rise@0.000ns)
  Data Path Delay:        13.307ns  (logic 4.510ns (33.892%)  route 8.797ns (66.108%))
  Logic Levels:           34  (CARRY4=16 LUT2=1 LUT4=2 LUT5=2 LUT6=13)
  Clock Path Skew:        -0.065ns (DCD - SCD + CPR)
    Destination Clock Delay (DCD):    4.504ns = ( 9.504 - 5.000 ) 
    Source Clock Delay      (SCD):    4.832ns
    Clock Pessimism Removal (CPR):    0.264ns
  Clock Uncertainty:      0.135ns  ((TSJ^2 + TIJ^2)^1/2 + DJ) / 2 + PE + UU
    Total System Jitter     (TSJ):    0.071ns
    Total Input Jitter      (TIJ):    0.000ns
    Discrete Jitter          (DJ):    0.000ns
    Phase Error              (PE):    0.000ns
    User Uncertainty         (UU):    0.100ns

    Location             Delay type                Incr(ns)  Path(ns)    Netlist Resource(s)
  -------------------------------------------------------------------    -------------------
                         (clock sys_clk rise edge)    0.000     0.000 r  
    U7                                                0.000     0.000 r  clk_pad_i (IN)
                         net (fo=0)                   0.000     0.000    clk_pad_i
    U7                   IBUF (Prop_ibuf_I_O)         1.504     1.504 r  clk_pad_i_IBUF_inst/O
                         net (fo=1, estimated)        1.843     3.347    clk_pad_i_IBUF
    BUFGCTRL_X0Y0        BUFG (Prop_bufg_I_O)         0.085     3.432 r  i_clk_bufg/O
                         net (fo=7369, estimated)     1.400     4.832    i_ariane/i_cva6/issue_stage_i/i_issue_read_operands/clk_core
    SLICE_X43Y14         FDCE                                         r  i_ariane/i_cva6/issue_stage_i/i_issue_read_operands/csr_valid_q_reg[0]/C
  -------------------------------------------------------------------    -------------------
    SLICE_X43Y14         FDCE (Prop_fdce_C_Q)         0.379     5.211 r  i_ariane/i_cva6/issue_stage_i/i_issue_read_operands/csr_valid_q_reg[0]/Q
                         net (fo=158, estimated)      0.770     5.981    i_ariane/i_cva6/issue_stage_i/i_issue_read_operands/csr_valid_q_reg[0]_0
    SLICE_X40Y14         LUT6 (Prop_lut6_I0_O)        0.105     6.086 r  i_ariane/i_cva6/issue_stage_i/i_issue_read_operands/adder_result_ext_o_carry_i_13/O
                         net (fo=13, estimated)       0.405     6.491    i_ariane/i_cva6/issue_stage_i/i_issue_read_operands/adder_result_ext_o_carry_i_13_n_0
    SLICE_X40Y14         LUT6 (Prop_lut6_I1_O)        0.105     6.596 f  i_ariane/i_cva6/issue_stage_i/i_issue_read_operands/adder_result_ext_o_carry_i_10/O
                         net (fo=3, estimated)        0.346     6.942    i_ariane/i_cva6/issue_stage_i/i_issue_read_operands/adder_result_ext_o_carry_i_10_n_0
    SLICE_X40Y13         LUT6 (Prop_lut6_I0_O)        0.105     7.047 r  i_ariane/i_cva6/issue_stage_i/i_issue_read_operands/adder_result_ext_o_carry_i_16/O
                         net (fo=100, estimated)      0.334     7.381    i_ariane/i_cva6/issue_stage_i/i_issue_read_operands/adder_result_ext_o_carry_i_16_n_0
    SLICE_X40Y12         LUT6 (Prop_lut6_I5_O)        0.105     7.486 r  i_ariane/i_cva6/issue_stage_i/i_issue_read_operands/adder_result_ext_o_carry_i_9/O
                         net (fo=1, estimated)        0.655     8.141    i_ariane/i_cva6/ex_stage_i/alu_i/S[0]
    SLICE_X41Y11         CARRY4 (Prop_carry4_S[0]_CO[3])
                                                      0.545     8.686 r  i_ariane/i_cva6/ex_stage_i/alu_i/adder_result_ext_o_carry/CO[3]
                         net (fo=1, estimated)        0.000     8.686    i_ariane/i_cva6/ex_stage_i/alu_i/adder_result_ext_o_carry_n_0
    SLICE_X41Y12         CARRY4 (Prop_carry4_CI_CO[3])
                                                      0.098     8.784 r  i_ariane/i_cva6/ex_stage_i/alu_i/adder_result_ext_o_carry__0/CO[3]
                         net (fo=1, estimated)        0.000     8.784    i_ariane/i_cva6/ex_stage_i/alu_i/adder_result_ext_o_carry__0_n_0
    SLICE_X41Y13         CARRY4 (Prop_carry4_CI_CO[3])
                                                      0.098     8.882 r  i_ariane/i_cva6/ex_stage_i/alu_i/adder_result_ext_o_carry__1/CO[3]
                         net (fo=1, estimated)        0.000     8.882    i_ariane/i_cva6/ex_stage_i/alu_i/adder_result_ext_o_carry__1_n_0
    SLICE_X41Y14         CARRY4 (Prop_carry4_CI_CO[3])
                                                      0.098     8.980 r  i_ariane/i_cva6/ex_stage_i/alu_i/adder_result_ext_o_carry__2/CO[3]
                         net (fo=1, estimated)        0.000     8.980    i_ariane/i_cva6/ex_stage_i/alu_i/adder_result_ext_o_carry__2_n_0
    SLICE_X41Y15         CARRY4 (Prop_carry4_CI_CO[3])
                                                      0.098     9.078 r  i_ariane/i_cva6/ex_stage_i/alu_i/adder_result_ext_o_carry__3/CO[3]
                         net (fo=1, estimated)        0.000     9.078    i_ariane/i_cva6/ex_stage_i/alu_i/adder_result_ext_o_carry__3_n_0
    SLICE_X41Y16         CARRY4 (Prop_carry4_CI_CO[3])
                                                      0.098     9.176 r  i_ariane/i_cva6/ex_stage_i/alu_i/adder_result_ext_o_carry__4/CO[3]
                         net (fo=1, estimated)        0.000     9.176    i_ariane/i_cva6/ex_stage_i/alu_i/adder_result_ext_o_carry__4_n_0
    SLICE_X41Y17         CARRY4 (Prop_carry4_CI_CO[3])
                                                      0.098     9.274 r  i_ariane/i_cva6/ex_stage_i/alu_i/adder_result_ext_o_carry__5/CO[3]
                         net (fo=1, estimated)        0.000     9.274    i_ariane/i_cva6/ex_stage_i/alu_i/adder_result_ext_o_carry__5_n_0
    SLICE_X41Y18         CARRY4 (Prop_carry4_CI_CO[3])
                                                      0.098     9.372 r  i_ariane/i_cva6/ex_stage_i/alu_i/adder_result_ext_o_carry__6/CO[3]
                         net (fo=1, estimated)        0.000     9.372    i_ariane/i_cva6/ex_stage_i/alu_i/adder_result_ext_o_carry__6_n_0
    SLICE_X41Y19         CARRY4 (Prop_carry4_CI_CO[3])
                                                      0.098     9.470 r  i_ariane/i_cva6/ex_stage_i/alu_i/adder_result_ext_o_carry__7/CO[3]
                         net (fo=1, estimated)        0.000     9.470    i_ariane/i_cva6/ex_stage_i/alu_i/adder_result_ext_o_carry__7_n_0
    SLICE_X41Y20         CARRY4 (Prop_carry4_CI_CO[3])
                                                      0.098     9.568 r  i_ariane/i_cva6/ex_stage_i/alu_i/adder_result_ext_o_carry__8/CO[3]
                         net (fo=1, estimated)        0.000     9.568    i_ariane/i_cva6/ex_stage_i/alu_i/adder_result_ext_o_carry__8_n_0
    SLICE_X41Y21         CARRY4 (Prop_carry4_CI_CO[3])
                                                      0.098     9.666 r  i_ariane/i_cva6/ex_stage_i/alu_i/adder_result_ext_o_carry__9/CO[3]
                         net (fo=1, estimated)        0.000     9.666    i_ariane/i_cva6/ex_stage_i/alu_i/adder_result_ext_o_carry__9_n_0
    SLICE_X41Y22         CARRY4 (Prop_carry4_CI_CO[3])
                                                      0.098     9.764 r  i_ariane/i_cva6/ex_stage_i/alu_i/adder_result_ext_o_carry__10/CO[3]
                         net (fo=1, estimated)        0.000     9.764    i_ariane/i_cva6/ex_stage_i/alu_i/adder_result_ext_o_carry__10_n_0
    SLICE_X41Y23         CARRY4 (Prop_carry4_CI_CO[3])
                                                      0.098     9.862 r  i_ariane/i_cva6/ex_stage_i/alu_i/adder_result_ext_o_carry__11/CO[3]
                         net (fo=1, estimated)        0.000     9.862    i_ariane/i_cva6/ex_stage_i/alu_i/adder_result_ext_o_carry__11_n_0
    SLICE_X41Y24         CARRY4 (Prop_carry4_CI_CO[3])
                                                      0.098     9.960 r  i_ariane/i_cva6/ex_stage_i/alu_i/adder_result_ext_o_carry__12/CO[3]
                         net (fo=1, estimated)        0.008     9.968    i_ariane/i_cva6/ex_stage_i/alu_i/adder_result_ext_o_carry__12_n_0
    SLICE_X41Y25         CARRY4 (Prop_carry4_CI_CO[3])
                                                      0.098    10.066 r  i_ariane/i_cva6/ex_stage_i/alu_i/adder_result_ext_o_carry__13/CO[3]
                         net (fo=1, estimated)        0.000    10.066    i_ariane/i_cva6/ex_stage_i/alu_i/adder_result_ext_o_carry__13_n_0
    SLICE_X41Y26         CARRY4 (Prop_carry4_CI_O[0])
                                                      0.180    10.246 f  i_ariane/i_cva6/ex_stage_i/alu_i/adder_result_ext_o_carry__14/O[0]
                         net (fo=2, estimated)        0.643    10.889    i_ariane/i_cva6/issue_stage_i/i_issue_read_operands/adder_result[60]
    SLICE_X43Y25         LUT4 (Prop_lut4_I0_O)        0.249    11.138 f  i_ariane/i_cva6/issue_stage_i/i_issue_read_operands/i___65_i_25/O
                         net (fo=1, estimated)        0.113    11.251    i_ariane/i_cva6/ex_stage_i/alu_i/i___65_i_10_1
    SLICE_X43Y25         LUT5 (Prop_lut5_I4_O)        0.105    11.356 f  i_ariane/i_cva6/ex_stage_i/alu_i/i___65_i_21/O
                         net (fo=1, estimated)        0.230    11.586    i_ariane/i_cva6/ex_stage_i/alu_i/i___65_i_21_n_0
    SLICE_X40Y25         LUT6 (Prop_lut6_I5_O)        0.105    11.691 f  i_ariane/i_cva6/ex_stage_i/alu_i/i___65_i_10/O
                         net (fo=2, estimated)        0.573    12.264    i_ariane/i_cva6/ex_stage_i/alu_i/i___65_i_10_n_0
    SLICE_X35Y16         LUT4 (Prop_lut4_I3_O)        0.105    12.369 f  i_ariane/i_cva6/ex_stage_i/alu_i/i___65_i_3/O
                         net (fo=1, estimated)        0.331    12.700    i_ariane/i_cva6/issue_stage_i/i_issue_read_operands/issue_q[0][valid]_i_4
    SLICE_X34Y16         LUT6 (Prop_lut6_I2_O)        0.105    12.805 r  i_ariane/i_cva6/issue_stage_i/i_issue_read_operands/i___65_i_1__0/O
                         net (fo=70, estimated)       0.334    13.139    i_ariane/i_cva6/issue_stage_i/i_issue_read_operands/fu_data_q_reg[0][operation][0]_32
    SLICE_X34Y15         LUT6 (Prop_lut6_I1_O)        0.105    13.244 r  i_ariane/i_cva6/issue_stage_i/i_issue_read_operands/npc_q[63]_bret__277_i_2/O
                         net (fo=9, estimated)        0.265    13.509    i_ariane/i_cva6/controller_i/resolved_branch[is_mispredict]
    SLICE_X35Y15         LUT6 (Prop_lut6_I3_O)        0.105    13.614 r  i_ariane/i_cva6/controller_i/i___63_i_1/O
                         net (fo=40, estimated)       0.511    14.125    i_ariane/i_cva6/issue_stage_i/i_scoreboard/flush_ctrl_if
    SLICE_X35Y18         LUT2 (Prop_lut2_I0_O)        0.105    14.230 r  i_ariane/i_cva6/issue_stage_i/i_scoreboard/i__i_2__0/O
                         net (fo=1, estimated)        0.463    14.693    i_ariane/i_cva6/issue_stage_i/i_scoreboard/i__i_2__0_n_0
    SLICE_X35Y20         LUT6 (Prop_lut6_I0_O)        0.105    14.798 r  i_ariane/i_cva6/issue_stage_i/i_scoreboard/i__i_1__0/O
                         net (fo=58, estimated)       0.573    15.371    i_ariane/i_cva6/issue_stage_i/i_scoreboard/issue_q_reg[0][sbe][valid]
    SLICE_X36Y22         LUT5 (Prop_lut5_I0_O)        0.105    15.476 r  i_ariane/i_cva6/issue_stage_i/i_scoreboard/i___0_i_10__0/O
                         net (fo=4, estimated)        0.486    15.962    i_ariane/i_cva6/issue_stage_i/i_scoreboard/i___0_i_10__0_n_0
    SLICE_X39Y23         LUT6 (Prop_lut6_I1_O)        0.105    16.067 r  i_ariane/i_cva6/issue_stage_i/i_scoreboard/mem_q[1][sbe][rd][4]_i_7/O
                         net (fo=3, estimated)        0.806    16.873    i_ariane/i_cva6/issue_stage_i/i_scoreboard/mem_q[1][sbe][rd][4]_i_7_n_0
    SLICE_X43Y24         LUT6 (Prop_lut6_I1_O)        0.105    16.978 f  i_ariane/i_cva6/issue_stage_i/i_scoreboard/mem_q[2][sbe][rd][4]_i_10/O
                         net (fo=3, estimated)        0.487    17.465    i_ariane/i_cva6/issue_stage_i/i_scoreboard/mem_q[2][sbe][rd][4]_i_10_n_0
    SLICE_X40Y25         LUT6 (Prop_lut6_I0_O)        0.105    17.570 f  i_ariane/i_cva6/issue_stage_i/i_scoreboard/mem_q[2][sbe][rd][4]_i_4/O
                         net (fo=1, estimated)        0.464    18.034    i_ariane/i_cva6/issue_stage_i/i_scoreboard/mem_q[2][sbe][rd][4]_i_4_n_0
    SLICE_X39Y25         LUT6 (Prop_lut6_I2_O)        0.105    18.139 r  i_ariane/i_cva6/issue_stage_i/i_scoreboard/mem_q[2][sbe][rd][4]_i_1/O
                         net (fo=1, routed)           0.000    18.139    i_ariane/i_cva6/issue_stage_i/i_scoreboard/mem_q[2][sbe][rd][4]_i_1_n_0
    SLICE_X39Y25         FDCE                                         r  i_ariane/i_cva6/issue_stage_i/i_scoreboard/mem_q_reg[2][sbe][rd][4]/D
  -------------------------------------------------------------------    -------------------

                         (clock sys_clk rise edge)    5.000     5.000 r  
    U7                                                0.000     5.000 r  clk_pad_i (IN)
                         net (fo=0)                   0.000     5.000    clk_pad_i
    U7                   IBUF (Prop_ibuf_I_O)         1.438     6.438 r  clk_pad_i_IBUF_inst/O
                         net (fo=1, estimated)        1.751     8.189    clk_pad_i_IBUF
    BUFGCTRL_X0Y0        BUFG (Prop_bufg_I_O)         0.077     8.266 r  i_clk_bufg/O
                         net (fo=7369, estimated)     1.238     9.504    i_ariane/i_cva6/issue_stage_i/i_scoreboard/clk_core
    SLICE_X39Y25         FDCE                                         r  i_ariane/i_cva6/issue_stage_i/i_scoreboard/mem_q_reg[2][sbe][rd][4]/C
                         clock pessimism              0.264     9.767    
                         clock uncertainty           -0.135     9.632    
    SLICE_X39Y25         FDCE (Setup_fdce_C_D)        0.032     9.664    i_ariane/i_cva6/issue_stage_i/i_scoreboard/mem_q_reg[2][sbe][rd][4]
  -------------------------------------------------------------------
                         required time                          9.664    
                         arrival time                         -18.139    
  -------------------------------------------------------------------
                         slack                                 -8.475    

Slack (VIOLATED) :        -8.458ns  (required time - arrival time)
  Source:                 i_ariane/i_cva6/issue_stage_i/i_issue_read_operands/csr_valid_q_reg[0]/C
                            (rising edge-triggered cell FDCE clocked by sys_clk  {rise@0.000ns fall@2.500ns period=5.000ns})
  Destination:            i_ariane/i_cva6/issue_stage_i/i_scoreboard/mem_q_reg[3][sbe][rd][3]/D
                            (rising edge-triggered cell FDCE clocked by sys_clk  {rise@0.000ns fall@2.500ns period=5.000ns})
  Path Group:             sys_clk
  Path Type:              Setup (Max at Slow Process Corner)
  Requirement:            5.000ns  (sys_clk rise@5.000ns - sys_clk rise@0.000ns)
  Data Path Delay:        13.333ns  (logic 4.510ns (33.826%)  route 8.823ns (66.174%))
  Logic Levels:           34  (CARRY4=16 LUT2=1 LUT3=1 LUT4=2 LUT5=1 LUT6=13)
  Clock Path Skew:        -0.064ns (DCD - SCD + CPR)
    Destination Clock Delay (DCD):    4.505ns = ( 9.505 - 5.000 ) 
    Source Clock Delay      (SCD):    4.832ns
    Clock Pessimism Removal (CPR):    0.264ns
  Clock Uncertainty:      0.135ns  ((TSJ^2 + TIJ^2)^1/2 + DJ) / 2 + PE + UU
    Total System Jitter     (TSJ):    0.071ns
    Total Input Jitter      (TIJ):    0.000ns
    Discrete Jitter          (DJ):    0.000ns
    Phase Error              (PE):    0.000ns
    User Uncertainty         (UU):    0.100ns

    Location             Delay type                Incr(ns)  Path(ns)    Netlist Resource(s)
  -------------------------------------------------------------------    -------------------
                         (clock sys_clk rise edge)    0.000     0.000 r  
    U7                                                0.000     0.000 r  clk_pad_i (IN)
                         net (fo=0)                   0.000     0.000    clk_pad_i
    U7                   IBUF (Prop_ibuf_I_O)         1.504     1.504 r  clk_pad_i_IBUF_inst/O
                         net (fo=1, estimated)        1.843     3.347    clk_pad_i_IBUF
    BUFGCTRL_X0Y0        BUFG (Prop_bufg_I_O)         0.085     3.432 r  i_clk_bufg/O
                         net (fo=7369, estimated)     1.400     4.832    i_ariane/i_cva6/issue_stage_i/i_issue_read_operands/clk_core
    SLICE_X43Y14         FDCE                                         r  i_ariane/i_cva6/issue_stage_i/i_issue_read_operands/csr_valid_q_reg[0]/C
  -------------------------------------------------------------------    -------------------
    SLICE_X43Y14         FDCE (Prop_fdce_C_Q)         0.379     5.211 r  i_ariane/i_cva6/issue_stage_i/i_issue_read_operands/csr_valid_q_reg[0]/Q
                         net (fo=158, estimated)      0.770     5.981    i_ariane/i_cva6/issue_stage_i/i_issue_read_operands/csr_valid_q_reg[0]_0
    SLICE_X40Y14         LUT6 (Prop_lut6_I0_O)        0.105     6.086 r  i_ariane/i_cva6/issue_stage_i/i_issue_read_operands/adder_result_ext_o_carry_i_13/O
                         net (fo=13, estimated)       0.405     6.491    i_ariane/i_cva6/issue_stage_i/i_issue_read_operands/adder_result_ext_o_carry_i_13_n_0
    SLICE_X40Y14         LUT6 (Prop_lut6_I1_O)        0.105     6.596 f  i_ariane/i_cva6/issue_stage_i/i_issue_read_operands/adder_result_ext_o_carry_i_10/O
                         net (fo=3, estimated)        0.346     6.942    i_ariane/i_cva6/issue_stage_i/i_issue_read_operands/adder_result_ext_o_carry_i_10_n_0
    SLICE_X40Y13         LUT6 (Prop_lut6_I0_O)        0.105     7.047 r  i_ariane/i_cva6/issue_stage_i/i_issue_read_operands/adder_result_ext_o_carry_i_16/O
                         net (fo=100, estimated)      0.334     7.381    i_ariane/i_cva6/issue_stage_i/i_issue_read_operands/adder_result_ext_o_carry_i_16_n_0
    SLICE_X40Y12         LUT6 (Prop_lut6_I5_O)        0.105     7.486 r  i_ariane/i_cva6/issue_stage_i/i_issue_read_operands/adder_result_ext_o_carry_i_9/O
                         net (fo=1, estimated)        0.655     8.141    i_ariane/i_cva6/ex_stage_i/alu_i/S[0]
    SLICE_X41Y11         CARRY4 (Prop_carry4_S[0]_CO[3])
                                                      0.545     8.686 r  i_ariane/i_cva6/ex_stage_i/alu_i/adder_result_ext_o_carry/CO[3]
                         net (fo=1, estimated)        0.000     8.686    i_ariane/i_cva6/ex_stage_i/alu_i/adder_result_ext_o_carry_n_0
    SLICE_X41Y12         CARRY4 (Prop_carry4_CI_CO[3])
                                                      0.098     8.784 r  i_ariane/i_cva6/ex_stage_i/alu_i/adder_result_ext_o_carry__0/CO[3]
                         net (fo=1, estimated)        0.000     8.784    i_ariane/i_cva6/ex_stage_i/alu_i/adder_result_ext_o_carry__0_n_0
    SLICE_X41Y13         CARRY4 (Prop_carry4_CI_CO[3])
                                                      0.098     8.882 r  i_ariane/i_cva6/ex_stage_i/alu_i/adder_result_ext_o_carry__1/CO[3]
                         net (fo=1, estimated)        0.000     8.882    i_ariane/i_cva6/ex_stage_i/alu_i/adder_result_ext_o_carry__1_n_0
    SLICE_X41Y14         CARRY4 (Prop_carry4_CI_CO[3])
                                                      0.098     8.980 r  i_ariane/i_cva6/ex_stage_i/alu_i/adder_result_ext_o_carry__2/CO[3]
                         net (fo=1, estimated)        0.000     8.980    i_ariane/i_cva6/ex_stage_i/alu_i/adder_result_ext_o_carry__2_n_0
    SLICE_X41Y15         CARRY4 (Prop_carry4_CI_CO[3])
                                                      0.098     9.078 r  i_ariane/i_cva6/ex_stage_i/alu_i/adder_result_ext_o_carry__3/CO[3]
                         net (fo=1, estimated)        0.000     9.078    i_ariane/i_cva6/ex_stage_i/alu_i/adder_result_ext_o_carry__3_n_0
    SLICE_X41Y16         CARRY4 (Prop_carry4_CI_CO[3])
                                                      0.098     9.176 r  i_ariane/i_cva6/ex_stage_i/alu_i/adder_result_ext_o_carry__4/CO[3]
                         net (fo=1, estimated)        0.000     9.176    i_ariane/i_cva6/ex_stage_i/alu_i/adder_result_ext_o_carry__4_n_0
    SLICE_X41Y17         CARRY4 (Prop_carry4_CI_CO[3])
                                                      0.098     9.274 r  i_ariane/i_cva6/ex_stage_i/alu_i/adder_result_ext_o_carry__5/CO[3]
                         net (fo=1, estimated)        0.000     9.274    i_ariane/i_cva6/ex_stage_i/alu_i/adder_result_ext_o_carry__5_n_0
    SLICE_X41Y18         CARRY4 (Prop_carry4_CI_CO[3])
                                                      0.098     9.372 r  i_ariane/i_cva6/ex_stage_i/alu_i/adder_result_ext_o_carry__6/CO[3]
                         net (fo=1, estimated)        0.000     9.372    i_ariane/i_cva6/ex_stage_i/alu_i/adder_result_ext_o_carry__6_n_0
    SLICE_X41Y19         CARRY4 (Prop_carry4_CI_CO[3])
                                                      0.098     9.470 r  i_ariane/i_cva6/ex_stage_i/alu_i/adder_result_ext_o_carry__7/CO[3]
                         net (fo=1, estimated)        0.000     9.470    i_ariane/i_cva6/ex_stage_i/alu_i/adder_result_ext_o_carry__7_n_0
    SLICE_X41Y20         CARRY4 (Prop_carry4_CI_CO[3])
                                                      0.098     9.568 r  i_ariane/i_cva6/ex_stage_i/alu_i/adder_result_ext_o_carry__8/CO[3]
                         net (fo=1, estimated)        0.000     9.568    i_ariane/i_cva6/ex_stage_i/alu_i/adder_result_ext_o_carry__8_n_0
    SLICE_X41Y21         CARRY4 (Prop_carry4_CI_CO[3])
                                                      0.098     9.666 r  i_ariane/i_cva6/ex_stage_i/alu_i/adder_result_ext_o_carry__9/CO[3]
                         net (fo=1, estimated)        0.000     9.666    i_ariane/i_cva6/ex_stage_i/alu_i/adder_result_ext_o_carry__9_n_0
    SLICE_X41Y22         CARRY4 (Prop_carry4_CI_CO[3])
                                                      0.098     9.764 r  i_ariane/i_cva6/ex_stage_i/alu_i/adder_result_ext_o_carry__10/CO[3]
                         net (fo=1, estimated)        0.000     9.764    i_ariane/i_cva6/ex_stage_i/alu_i/adder_result_ext_o_carry__10_n_0
    SLICE_X41Y23         CARRY4 (Prop_carry4_CI_CO[3])
                                                      0.098     9.862 r  i_ariane/i_cva6/ex_stage_i/alu_i/adder_result_ext_o_carry__11/CO[3]
                         net (fo=1, estimated)        0.000     9.862    i_ariane/i_cva6/ex_stage_i/alu_i/adder_result_ext_o_carry__11_n_0
    SLICE_X41Y24         CARRY4 (Prop_carry4_CI_CO[3])
                                                      0.098     9.960 r  i_ariane/i_cva6/ex_stage_i/alu_i/adder_result_ext_o_carry__12/CO[3]
                         net (fo=1, estimated)        0.008     9.968    i_ariane/i_cva6/ex_stage_i/alu_i/adder_result_ext_o_carry__12_n_0
    SLICE_X41Y25         CARRY4 (Prop_carry4_CI_CO[3])
                                                      0.098    10.066 r  i_ariane/i_cva6/ex_stage_i/alu_i/adder_result_ext_o_carry__13/CO[3]
                         net (fo=1, estimated)        0.000    10.066    i_ariane/i_cva6/ex_stage_i/alu_i/adder_result_ext_o_carry__13_n_0
    SLICE_X41Y26         CARRY4 (Prop_carry4_CI_O[0])
                                                      0.180    10.246 f  i_ariane/i_cva6/ex_stage_i/alu_i/adder_result_ext_o_carry__14/O[0]
                         net (fo=2, estimated)        0.643    10.889    i_ariane/i_cva6/issue_stage_i/i_issue_read_operands/adder_result[60]
    SLICE_X43Y25         LUT4 (Prop_lut4_I0_O)        0.249    11.138 f  i_ariane/i_cva6/issue_stage_i/i_issue_read_operands/i___65_i_25/O
                         net (fo=1, estimated)        0.113    11.251    i_ariane/i_cva6/ex_stage_i/alu_i/i___65_i_10_1
    SLICE_X43Y25         LUT5 (Prop_lut5_I4_O)        0.105    11.356 f  i_ariane/i_cva6/ex_stage_i/alu_i/i___65_i_21/O
                         net (fo=1, estimated)        0.230    11.586    i_ariane/i_cva6/ex_stage_i/alu_i/i___65_i_21_n_0
    SLICE_X40Y25         LUT6 (Prop_lut6_I5_O)        0.105    11.691 f  i_ariane/i_cva6/ex_stage_i/alu_i/i___65_i_10/O
                         net (fo=2, estimated)        0.573    12.264    i_ariane/i_cva6/ex_stage_i/alu_i/i___65_i_10_n_0
    SLICE_X35Y16         LUT4 (Prop_lut4_I3_O)        0.105    12.369 f  i_ariane/i_cva6/ex_stage_i/alu_i/i___65_i_3/O
                         net (fo=1, estimated)        0.331    12.700    i_ariane/i_cva6/issue_stage_i/i_issue_read_operands/issue_q[0][valid]_i_4
    SLICE_X34Y16         LUT6 (Prop_lut6_I2_O)        0.105    12.805 r  i_ariane/i_cva6/issue_stage_i/i_issue_read_operands/i___65_i_1__0/O
                         net (fo=70, estimated)       0.334    13.139    i_ariane/i_cva6/issue_stage_i/i_issue_read_operands/fu_data_q_reg[0][operation][0]_32
    SLICE_X34Y15         LUT6 (Prop_lut6_I1_O)        0.105    13.244 f  i_ariane/i_cva6/issue_stage_i/i_issue_read_operands/npc_q[63]_bret__277_i_2/O
                         net (fo=9, estimated)        0.265    13.509    i_ariane/i_cva6/controller_i/resolved_branch[is_mispredict]
    SLICE_X35Y15         LUT6 (Prop_lut6_I3_O)        0.105    13.614 f  i_ariane/i_cva6/controller_i/i___63_i_1/O
                         net (fo=40, estimated)       0.511    14.125    i_ariane/i_cva6/issue_stage_i/i_scoreboard/flush_ctrl_if
    SLICE_X35Y18         LUT2 (Prop_lut2_I0_O)        0.105    14.230 f  i_ariane/i_cva6/issue_stage_i/i_scoreboard/i__i_2__0/O
                         net (fo=1, estimated)        0.463    14.693    i_ariane/i_cva6/issue_stage_i/i_scoreboard/i__i_2__0_n_0
    SLICE_X35Y20         LUT6 (Prop_lut6_I0_O)        0.105    14.798 f  i_ariane/i_cva6/issue_stage_i/i_scoreboard/i__i_1__0/O
                         net (fo=58, estimated)       0.543    15.341    i_ariane/i_cva6/issue_stage_i/i_scoreboard/issue_q_reg[0][sbe][valid]
    SLICE_X35Y21         LUT3 (Prop_lut3_I0_O)        0.105    15.446 r  i_ariane/i_cva6/issue_stage_i/i_scoreboard/mem_q[3][sbe][pc][63]_i_1/O
                         net (fo=79, estimated)       0.458    15.904    i_ariane/i_cva6/issue_stage_i/i_scoreboard/mem_q[3][sbe][pc][63]_i_1_n_0
    SLICE_X39Y22         LUT6 (Prop_lut6_I2_O)        0.105    16.009 r  i_ariane/i_cva6/issue_stage_i/i_scoreboard/mem_q[0][sbe][rd][4]_i_13/O
                         net (fo=1, estimated)        0.814    16.823    i_ariane/i_cva6/issue_stage_i/i_scoreboard/mem_q[0][sbe][rd][4]_i_13_n_0
    SLICE_X40Y26         LUT6 (Prop_lut6_I1_O)        0.105    16.928 r  i_ariane/i_cva6/issue_stage_i/i_scoreboard/mem_q[0][sbe][rd][4]_i_6/O
                         net (fo=10, estimated)       0.650    17.578    i_ariane/i_cva6/issue_stage_i/i_scoreboard/issue_q_reg[0][sbe][fu][1]_1
    SLICE_X40Y24         LUT6 (Prop_lut6_I1_O)        0.105    17.683 r  i_ariane/i_cva6/issue_stage_i/i_scoreboard/mem_q[3][sbe][rd][3]_i_3/O
                         net (fo=2, estimated)        0.377    18.060    i_ariane/i_cva6/issue_stage_i/i_scoreboard/mem_q[3][sbe][rd][3]_i_3_n_0
    SLICE_X38Y26         LUT6 (Prop_lut6_I1_O)        0.105    18.165 r  i_ariane/i_cva6/issue_stage_i/i_scoreboard/mem_q[3][sbe][rd][3]_i_1/O
                         net (fo=1, routed)           0.000    18.165    i_ariane/i_cva6/issue_stage_i/i_scoreboard/mem_q[3][sbe][rd][3]_i_1_n_0
    SLICE_X38Y26         FDCE                                         r  i_ariane/i_cva6/issue_stage_i/i_scoreboard/mem_q_reg[3][sbe][rd][3]/D
  -------------------------------------------------------------------    -------------------

                         (clock sys_clk rise edge)    5.000     5.000 r  
    U7                                                0.000     5.000 r  clk_pad_i (IN)
                         net (fo=0)                   0.000     5.000    clk_pad_i
    U7                   IBUF (Prop_ibuf_I_O)         1.438     6.438 r  clk_pad_i_IBUF_inst/O
                         net (fo=1, estimated)        1.751     8.189    clk_pad_i_IBUF
    BUFGCTRL_X0Y0        BUFG (Prop_bufg_I_O)         0.077     8.266 r  i_clk_bufg/O
                         net (fo=7369, estimated)     1.239     9.505    i_ariane/i_cva6/issue_stage_i/i_scoreboard/clk_core
    SLICE_X38Y26         FDCE                                         r  i_ariane/i_cva6/issue_stage_i/i_scoreboard/mem_q_reg[3][sbe][rd][3]/C
                         clock pessimism              0.264     9.768    
                         clock uncertainty           -0.135     9.633    
    SLICE_X38Y26         FDCE (Setup_fdce_C_D)        0.074     9.707    i_ariane/i_cva6/issue_stage_i/i_scoreboard/mem_q_reg[3][sbe][rd][3]
  -------------------------------------------------------------------
                         required time                          9.707    
                         arrival time                         -18.165    
  -------------------------------------------------------------------
                         slack                                 -8.458    

Slack (VIOLATED) :        -8.457ns  (required time - arrival time)
  Source:                 i_ariane/i_cva6/issue_stage_i/i_issue_read_operands/csr_valid_q_reg[0]/C
                            (rising edge-triggered cell FDCE clocked by sys_clk  {rise@0.000ns fall@2.500ns period=5.000ns})
  Destination:            i_ariane/i_cva6/issue_stage_i/i_scoreboard/mem_q_reg[3][sbe][rd][1]/D
                            (rising edge-triggered cell FDCE clocked by sys_clk  {rise@0.000ns fall@2.500ns period=5.000ns})
  Path Group:             sys_clk
  Path Type:              Setup (Max at Slow Process Corner)
  Requirement:            5.000ns  (sys_clk rise@5.000ns - sys_clk rise@0.000ns)
  Data Path Delay:        13.329ns  (logic 4.510ns (33.836%)  route 8.819ns (66.164%))
  Logic Levels:           34  (CARRY4=16 LUT2=1 LUT3=1 LUT4=2 LUT5=1 LUT6=13)
  Clock Path Skew:        -0.065ns (DCD - SCD + CPR)
    Destination Clock Delay (DCD):    4.504ns = ( 9.504 - 5.000 ) 
    Source Clock Delay      (SCD):    4.832ns
    Clock Pessimism Removal (CPR):    0.264ns
  Clock Uncertainty:      0.135ns  ((TSJ^2 + TIJ^2)^1/2 + DJ) / 2 + PE + UU
    Total System Jitter     (TSJ):    0.071ns
    Total Input Jitter      (TIJ):    0.000ns
    Discrete Jitter          (DJ):    0.000ns
    Phase Error              (PE):    0.000ns
    User Uncertainty         (UU):    0.100ns

    Location             Delay type                Incr(ns)  Path(ns)    Netlist Resource(s)
  -------------------------------------------------------------------    -------------------
                         (clock sys_clk rise edge)    0.000     0.000 r  
    U7                                                0.000     0.000 r  clk_pad_i (IN)
                         net (fo=0)                   0.000     0.000    clk_pad_i
    U7                   IBUF (Prop_ibuf_I_O)         1.504     1.504 r  clk_pad_i_IBUF_inst/O
                         net (fo=1, estimated)        1.843     3.347    clk_pad_i_IBUF
    BUFGCTRL_X0Y0        BUFG (Prop_bufg_I_O)         0.085     3.432 r  i_clk_bufg/O
                         net (fo=7369, estimated)     1.400     4.832    i_ariane/i_cva6/issue_stage_i/i_issue_read_operands/clk_core
    SLICE_X43Y14         FDCE                                         r  i_ariane/i_cva6/issue_stage_i/i_issue_read_operands/csr_valid_q_reg[0]/C
  -------------------------------------------------------------------    -------------------
    SLICE_X43Y14         FDCE (Prop_fdce_C_Q)         0.379     5.211 r  i_ariane/i_cva6/issue_stage_i/i_issue_read_operands/csr_valid_q_reg[0]/Q
                         net (fo=158, estimated)      0.770     5.981    i_ariane/i_cva6/issue_stage_i/i_issue_read_operands/csr_valid_q_reg[0]_0
    SLICE_X40Y14         LUT6 (Prop_lut6_I0_O)        0.105     6.086 r  i_ariane/i_cva6/issue_stage_i/i_issue_read_operands/adder_result_ext_o_carry_i_13/O
                         net (fo=13, estimated)       0.405     6.491    i_ariane/i_cva6/issue_stage_i/i_issue_read_operands/adder_result_ext_o_carry_i_13_n_0
    SLICE_X40Y14         LUT6 (Prop_lut6_I1_O)        0.105     6.596 f  i_ariane/i_cva6/issue_stage_i/i_issue_read_operands/adder_result_ext_o_carry_i_10/O
                         net (fo=3, estimated)        0.346     6.942    i_ariane/i_cva6/issue_stage_i/i_issue_read_operands/adder_result_ext_o_carry_i_10_n_0
    SLICE_X40Y13         LUT6 (Prop_lut6_I0_O)        0.105     7.047 r  i_ariane/i_cva6/issue_stage_i/i_issue_read_operands/adder_result_ext_o_carry_i_16/O
                         net (fo=100, estimated)      0.334     7.381    i_ariane/i_cva6/issue_stage_i/i_issue_read_operands/adder_result_ext_o_carry_i_16_n_0
    SLICE_X40Y12         LUT6 (Prop_lut6_I5_O)        0.105     7.486 r  i_ariane/i_cva6/issue_stage_i/i_issue_read_operands/adder_result_ext_o_carry_i_9/O
                         net (fo=1, estimated)        0.655     8.141    i_ariane/i_cva6/ex_stage_i/alu_i/S[0]
    SLICE_X41Y11         CARRY4 (Prop_carry4_S[0]_CO[3])
                                                      0.545     8.686 r  i_ariane/i_cva6/ex_stage_i/alu_i/adder_result_ext_o_carry/CO[3]
                         net (fo=1, estimated)        0.000     8.686    i_ariane/i_cva6/ex_stage_i/alu_i/adder_result_ext_o_carry_n_0
    SLICE_X41Y12         CARRY4 (Prop_carry4_CI_CO[3])
                                                      0.098     8.784 r  i_ariane/i_cva6/ex_stage_i/alu_i/adder_result_ext_o_carry__0/CO[3]
                         net (fo=1, estimated)        0.000     8.784    i_ariane/i_cva6/ex_stage_i/alu_i/adder_result_ext_o_carry__0_n_0
    SLICE_X41Y13         CARRY4 (Prop_carry4_CI_CO[3])
                                                      0.098     8.882 r  i_ariane/i_cva6/ex_stage_i/alu_i/adder_result_ext_o_carry__1/CO[3]
                         net (fo=1, estimated)        0.000     8.882    i_ariane/i_cva6/ex_stage_i/alu_i/adder_result_ext_o_carry__1_n_0
    SLICE_X41Y14         CARRY4 (Prop_carry4_CI_CO[3])
                                                      0.098     8.980 r  i_ariane/i_cva6/ex_stage_i/alu_i/adder_result_ext_o_carry__2/CO[3]
                         net (fo=1, estimated)        0.000     8.980    i_ariane/i_cva6/ex_stage_i/alu_i/adder_result_ext_o_carry__2_n_0
    SLICE_X41Y15         CARRY4 (Prop_carry4_CI_CO[3])
                                                      0.098     9.078 r  i_ariane/i_cva6/ex_stage_i/alu_i/adder_result_ext_o_carry__3/CO[3]
                         net (fo=1, estimated)        0.000     9.078    i_ariane/i_cva6/ex_stage_i/alu_i/adder_result_ext_o_carry__3_n_0
    SLICE_X41Y16         CARRY4 (Prop_carry4_CI_CO[3])
                                                      0.098     9.176 r  i_ariane/i_cva6/ex_stage_i/alu_i/adder_result_ext_o_carry__4/CO[3]
                         net (fo=1, estimated)        0.000     9.176    i_ariane/i_cva6/ex_stage_i/alu_i/adder_result_ext_o_carry__4_n_0
    SLICE_X41Y17         CARRY4 (Prop_carry4_CI_CO[3])
                                                      0.098     9.274 r  i_ariane/i_cva6/ex_stage_i/alu_i/adder_result_ext_o_carry__5/CO[3]
                         net (fo=1, estimated)        0.000     9.274    i_ariane/i_cva6/ex_stage_i/alu_i/adder_result_ext_o_carry__5_n_0
    SLICE_X41Y18         CARRY4 (Prop_carry4_CI_CO[3])
                                                      0.098     9.372 r  i_ariane/i_cva6/ex_stage_i/alu_i/adder_result_ext_o_carry__6/CO[3]
                         net (fo=1, estimated)        0.000     9.372    i_ariane/i_cva6/ex_stage_i/alu_i/adder_result_ext_o_carry__6_n_0
    SLICE_X41Y19         CARRY4 (Prop_carry4_CI_CO[3])
                                                      0.098     9.470 r  i_ariane/i_cva6/ex_stage_i/alu_i/adder_result_ext_o_carry__7/CO[3]
                         net (fo=1, estimated)        0.000     9.470    i_ariane/i_cva6/ex_stage_i/alu_i/adder_result_ext_o_carry__7_n_0
    SLICE_X41Y20         CARRY4 (Prop_carry4_CI_CO[3])
                                                      0.098     9.568 r  i_ariane/i_cva6/ex_stage_i/alu_i/adder_result_ext_o_carry__8/CO[3]
                         net (fo=1, estimated)        0.000     9.568    i_ariane/i_cva6/ex_stage_i/alu_i/adder_result_ext_o_carry__8_n_0
    SLICE_X41Y21         CARRY4 (Prop_carry4_CI_CO[3])
                                                      0.098     9.666 r  i_ariane/i_cva6/ex_stage_i/alu_i/adder_result_ext_o_carry__9/CO[3]
                         net (fo=1, estimated)        0.000     9.666    i_ariane/i_cva6/ex_stage_i/alu_i/adder_result_ext_o_carry__9_n_0
    SLICE_X41Y22         CARRY4 (Prop_carry4_CI_CO[3])
                                                      0.098     9.764 r  i_ariane/i_cva6/ex_stage_i/alu_i/adder_result_ext_o_carry__10/CO[3]
                         net (fo=1, estimated)        0.000     9.764    i_ariane/i_cva6/ex_stage_i/alu_i/adder_result_ext_o_carry__10_n_0
    SLICE_X41Y23         CARRY4 (Prop_carry4_CI_CO[3])
                                                      0.098     9.862 r  i_ariane/i_cva6/ex_stage_i/alu_i/adder_result_ext_o_carry__11/CO[3]
                         net (fo=1, estimated)        0.000     9.862    i_ariane/i_cva6/ex_stage_i/alu_i/adder_result_ext_o_carry__11_n_0
    SLICE_X41Y24         CARRY4 (Prop_carry4_CI_CO[3])
                                                      0.098     9.960 r  i_ariane/i_cva6/ex_stage_i/alu_i/adder_result_ext_o_carry__12/CO[3]
                         net (fo=1, estimated)        0.008     9.968    i_ariane/i_cva6/ex_stage_i/alu_i/adder_result_ext_o_carry__12_n_0
    SLICE_X41Y25         CARRY4 (Prop_carry4_CI_CO[3])
                                                      0.098    10.066 r  i_ariane/i_cva6/ex_stage_i/alu_i/adder_result_ext_o_carry__13/CO[3]
                         net (fo=1, estimated)        0.000    10.066    i_ariane/i_cva6/ex_stage_i/alu_i/adder_result_ext_o_carry__13_n_0
    SLICE_X41Y26         CARRY4 (Prop_carry4_CI_O[0])
                                                      0.180    10.246 f  i_ariane/i_cva6/ex_stage_i/alu_i/adder_result_ext_o_carry__14/O[0]
                         net (fo=2, estimated)        0.643    10.889    i_ariane/i_cva6/issue_stage_i/i_issue_read_operands/adder_result[60]
    SLICE_X43Y25         LUT4 (Prop_lut4_I0_O)        0.249    11.138 f  i_ariane/i_cva6/issue_stage_i/i_issue_read_operands/i___65_i_25/O
                         net (fo=1, estimated)        0.113    11.251    i_ariane/i_cva6/ex_stage_i/alu_i/i___65_i_10_1
    SLICE_X43Y25         LUT5 (Prop_lut5_I4_O)        0.105    11.356 f  i_ariane/i_cva6/ex_stage_i/alu_i/i___65_i_21/O
                         net (fo=1, estimated)        0.230    11.586    i_ariane/i_cva6/ex_stage_i/alu_i/i___65_i_21_n_0
    SLICE_X40Y25         LUT6 (Prop_lut6_I5_O)        0.105    11.691 f  i_ariane/i_cva6/ex_stage_i/alu_i/i___65_i_10/O
                         net (fo=2, estimated)        0.573    12.264    i_ariane/i_cva6/ex_stage_i/alu_i/i___65_i_10_n_0
    SLICE_X35Y16         LUT4 (Prop_lut4_I3_O)        0.105    12.369 f  i_ariane/i_cva6/ex_stage_i/alu_i/i___65_i_3/O
                         net (fo=1, estimated)        0.331    12.700    i_ariane/i_cva6/issue_stage_i/i_issue_read_operands/issue_q[0][valid]_i_4
    SLICE_X34Y16         LUT6 (Prop_lut6_I2_O)        0.105    12.805 r  i_ariane/i_cva6/issue_stage_i/i_issue_read_operands/i___65_i_1__0/O
                         net (fo=70, estimated)       0.334    13.139    i_ariane/i_cva6/issue_stage_i/i_issue_read_operands/fu_data_q_reg[0][operation][0]_32
    SLICE_X34Y15         LUT6 (Prop_lut6_I1_O)        0.105    13.244 f  i_ariane/i_cva6/issue_stage_i/i_issue_read_operands/npc_q[63]_bret__277_i_2/O
                         net (fo=9, estimated)        0.265    13.509    i_ariane/i_cva6/controller_i/resolved_branch[is_mispredict]
    SLICE_X35Y15         LUT6 (Prop_lut6_I3_O)        0.105    13.614 f  i_ariane/i_cva6/controller_i/i___63_i_1/O
                         net (fo=40, estimated)       0.511    14.125    i_ariane/i_cva6/issue_stage_i/i_scoreboard/flush_ctrl_if
    SLICE_X35Y18         LUT2 (Prop_lut2_I0_O)        0.105    14.230 f  i_ariane/i_cva6/issue_stage_i/i_scoreboard/i__i_2__0/O
                         net (fo=1, estimated)        0.463    14.693    i_ariane/i_cva6/issue_stage_i/i_scoreboard/i__i_2__0_n_0
    SLICE_X35Y20         LUT6 (Prop_lut6_I0_O)        0.105    14.798 f  i_ariane/i_cva6/issue_stage_i/i_scoreboard/i__i_1__0/O
                         net (fo=58, estimated)       0.543    15.341    i_ariane/i_cva6/issue_stage_i/i_scoreboard/issue_q_reg[0][sbe][valid]
    SLICE_X35Y21         LUT3 (Prop_lut3_I0_O)        0.105    15.446 r  i_ariane/i_cva6/issue_stage_i/i_scoreboard/mem_q[3][sbe][pc][63]_i_1/O
                         net (fo=79, estimated)       0.458    15.904    i_ariane/i_cva6/issue_stage_i/i_scoreboard/mem_q[3][sbe][pc][63]_i_1_n_0
    SLICE_X39Y22         LUT6 (Prop_lut6_I2_O)        0.105    16.009 r  i_ariane/i_cva6/issue_stage_i/i_scoreboard/mem_q[0][sbe][rd][4]_i_13/O
                         net (fo=1, estimated)        0.814    16.823    i_ariane/i_cva6/issue_stage_i/i_scoreboard/mem_q[0][sbe][rd][4]_i_13_n_0
    SLICE_X40Y26         LUT6 (Prop_lut6_I1_O)        0.105    16.928 r  i_ariane/i_cva6/issue_stage_i/i_scoreboard/mem_q[0][sbe][rd][4]_i_6/O
                         net (fo=10, estimated)       0.650    17.578    i_ariane/i_cva6/issue_stage_i/i_scoreboard/issue_q_reg[0][sbe][fu][1]_1
    SLICE_X40Y24         LUT6 (Prop_lut6_I1_O)        0.105    17.683 r  i_ariane/i_cva6/issue_stage_i/i_scoreboard/mem_q[3][sbe][rd][3]_i_3/O
                         net (fo=2, estimated)        0.373    18.056    i_ariane/i_cva6/issue_stage_i/i_scoreboard/mem_q[3][sbe][rd][3]_i_3_n_0
    SLICE_X38Y25         LUT6 (Prop_lut6_I1_O)        0.105    18.161 r  i_ariane/i_cva6/issue_stage_i/i_scoreboard/mem_q[3][sbe][rd][1]_i_1/O
                         net (fo=1, routed)           0.000    18.161    i_ariane/i_cva6/issue_stage_i/i_scoreboard/mem_q[3][sbe][rd][1]_i_1_n_0
    SLICE_X38Y25         FDCE                                         r  i_ariane/i_cva6/issue_stage_i/i_scoreboard/mem_q_reg[3][sbe][rd][1]/D
  -------------------------------------------------------------------    -------------------

                         (clock sys_clk rise edge)    5.000     5.000 r  
    U7                                                0.000     5.000 r  clk_pad_i (IN)
                         net (fo=0)                   0.000     5.000    clk_pad_i
    U7                   IBUF (Prop_ibuf_I_O)         1.438     6.438 r  clk_pad_i_IBUF_inst/O
                         net (fo=1, estimated)        1.751     8.189    clk_pad_i_IBUF
    BUFGCTRL_X0Y0        BUFG (Prop_bufg_I_O)         0.077     8.266 r  i_clk_bufg/O
                         net (fo=7369, estimated)     1.238     9.504    i_ariane/i_cva6/issue_stage_i/i_scoreboard/clk_core
    SLICE_X38Y25         FDCE                                         r  i_ariane/i_cva6/issue_stage_i/i_scoreboard/mem_q_reg[3][sbe][rd][1]/C
                         clock pessimism              0.264     9.767    
                         clock uncertainty           -0.135     9.632    
    SLICE_X38Y25         FDCE (Setup_fdce_C_D)        0.072     9.704    i_ariane/i_cva6/issue_stage_i/i_scoreboard/mem_q_reg[3][sbe][rd][1]
  -------------------------------------------------------------------
                         required time                          9.704    
                         arrival time                         -18.161    
  -------------------------------------------------------------------
                         slack                                 -8.457    

Slack (VIOLATED) :        -8.434ns  (required time - arrival time)
  Source:                 i_ariane/i_cva6/gen_cache_wt.i_cache_subsystem/i_adapter/i_icache_data_fifo/gen_fpga_queue.fifo_ram/mem_reg_0_1_36_41/RAMA/CLK
                            (rising edge-triggered cell RAMD32 clocked by sys_clk  {rise@0.000ns fall@2.500ns period=5.000ns})
  Destination:            keep_o[13]
                            (output port clocked by sys_clk  {rise@0.000ns fall@2.500ns period=5.000ns})
  Path Group:             sys_clk
  Path Type:              Max at Slow Process Corner
  Requirement:            5.000ns  (sys_clk rise@5.000ns - sys_clk rise@0.000ns)
  Data Path Delay:        8.313ns  (logic 4.917ns (59.149%)  route 3.396ns (40.851%))
  Logic Levels:           4  (LUT4=1 LUT6=2 OBUF=1)
  Output Delay:           0.000ns
  Clock Path Skew:        -4.985ns (DCD - SCD + CPR)
    Destination Clock Delay (DCD):    0.000ns = ( 5.000 - 5.000 ) 
    Source Clock Delay      (SCD):    4.985ns
    Clock Pessimism Removal (CPR):    0.000ns
  Clock Uncertainty:      0.135ns  ((TSJ^2 + TIJ^2)^1/2 + DJ) / 2 + PE + UU
    Total System Jitter     (TSJ):    0.071ns
    Total Input Jitter      (TIJ):    0.000ns
    Discrete Jitter          (DJ):    0.000ns
    Phase Error              (PE):    0.000ns
    User Uncertainty         (UU):    0.100ns

    Location             Delay type                Incr(ns)  Path(ns)    Netlist Resource(s)
  -------------------------------------------------------------------    -------------------
                         (clock sys_clk rise edge)    0.000     0.000 r  
    U7                                                0.000     0.000 r  clk_pad_i (IN)
                         net (fo=0)                   0.000     0.000    clk_pad_i
    U7                   IBUF (Prop_ibuf_I_O)         1.504     1.504 r  clk_pad_i_IBUF_inst/O
                         net (fo=1, estimated)        1.843     3.347    clk_pad_i_IBUF
    BUFGCTRL_X0Y0        BUFG (Prop_bufg_I_O)         0.085     3.432 r  i_clk_bufg/O
                         net (fo=7369, estimated)     1.553     4.985    i_ariane/i_cva6/gen_cache_wt.i_cache_subsystem/i_adapter/i_icache_data_fifo/gen_fpga_queue.fifo_ram/mem_reg_0_1_36_41/WCLK
    SLICE_X4Y6           RAMD32                                       r  i_ariane/i_cva6/gen_cache_wt.i_cache_subsystem/i_adapter/i_icache_data_fifo/gen_fpga_queue.fifo_ram/mem_reg_0_1_36_41/RAMA/CLK
  -------------------------------------------------------------------    -------------------
    SLICE_X4Y6           RAMD32 (Prop_ramd32_CLK_O)
                                                      1.109     6.094 r  i_ariane/i_cva6/gen_cache_wt.i_cache_subsystem/i_adapter/i_icache_data_fifo/gen_fpga_queue.fifo_ram/mem_reg_0_1_36_41/RAMA/O
                         net (fo=1, estimated)        0.966     7.060    i_ariane/i_cva6/gen_cache_wt.i_cache_subsystem/i_adapter/i_icache_data_fifo/gen_fpga_queue.fifo_ram/mem_reg_0_1_36_41_n_1
    SLICE_X0Y14          LUT6 (Prop_lut6_I0_O)        0.264     7.324 r  i_ariane/i_cva6/gen_cache_wt.i_cache_subsystem/i_adapter/i_icache_data_fifo/gen_fpga_queue.fifo_ram/keep_o_OBUF[13]_inst_i_7/O
                         net (fo=1, estimated)        0.541     7.865    i_ariane/i_cva6/gen_cache_wt.i_cache_subsystem/i_adapter/i_icache_data_fifo/gen_fpga_queue.fifo_ram/noc_req[ar][addr][33]
    SLICE_X1Y14          LUT6 (Prop_lut6_I1_O)        0.105     7.970 r  i_ariane/i_cva6/gen_cache_wt.i_cache_subsystem/i_adapter/i_icache_data_fifo/gen_fpga_queue.fifo_ram/keep_o_OBUF[13]_inst_i_2/O
                         net (fo=1, estimated)        0.634     8.604    i_ariane/i_cva6/gen_cache_wt.i_cache_subsystem/i_adapter/i_icache_data_fifo/gen_fpga_queue.fifo_ram/keep_o_OBUF[13]_inst_i_2_n_0
    SLICE_X1Y18          LUT4 (Prop_lut4_I0_O)        0.105     8.709 r  i_ariane/i_cva6/gen_cache_wt.i_cache_subsystem/i_adapter/i_icache_data_fifo/gen_fpga_queue.fifo_ram/keep_o_OBUF[13]_inst_i_1/O
                         net (fo=1, estimated)        1.255     9.964    keep_o_OBUF[13]
    W10                  OBUF (Prop_obuf_I_O)         3.334    13.299 r  keep_o_OBUF[13]_inst/O
                         net (fo=0)                   0.000    13.299    keep_o[13]
    W10                                                               r  keep_o[13] (OUT)
  -------------------------------------------------------------------    -------------------

                         (clock sys_clk rise edge)    5.000     5.000 r  
                         clock pessimism              0.000     5.000    
                         clock uncertainty           -0.135     4.865    
                         output delay                -0.000     4.865    
  -------------------------------------------------------------------
                         required time                          4.865    
                         arrival time                         -13.299    
  -------------------------------------------------------------------
                         slack                                 -8.434    

Slack (VIOLATED) :        -8.421ns  (required time - arrival time)
  Source:                 i_ariane/i_cva6/issue_stage_i/i_issue_read_operands/csr_valid_q_reg[0]/C
                            (rising edge-triggered cell FDCE clocked by sys_clk  {rise@0.000ns fall@2.500ns period=5.000ns})
  Destination:            i_ariane/i_cva6/issue_stage_i/i_scoreboard/mem_q_reg[2][sbe][rd][3]/D
                            (rising edge-triggered cell FDCE clocked by sys_clk  {rise@0.000ns fall@2.500ns period=5.000ns})
  Path Group:             sys_clk
  Path Type:              Setup (Max at Slow Process Corner)
  Requirement:            5.000ns  (sys_clk rise@5.000ns - sys_clk rise@0.000ns)
  Data Path Delay:        13.254ns  (logic 4.510ns (34.027%)  route 8.744ns (65.973%))
  Logic Levels:           34  (CARRY4=16 LUT2=1 LUT3=1 LUT4=2 LUT5=1 LUT6=13)
  Clock Path Skew:        -0.065ns (DCD - SCD + CPR)
    Destination Clock Delay (DCD):    4.504ns = ( 9.504 - 5.000 ) 
    Source Clock Delay      (SCD):    4.832ns
    Clock Pessimism Removal (CPR):    0.264ns
  Clock Uncertainty:      0.135ns  ((TSJ^2 + TIJ^2)^1/2 + DJ) / 2 + PE + UU
    Total System Jitter     (TSJ):    0.071ns
    Total Input Jitter      (TIJ):    0.000ns
    Discrete Jitter          (DJ):    0.000ns
    Phase Error              (PE):    0.000ns
    User Uncertainty         (UU):    0.100ns

    Location             Delay type                Incr(ns)  Path(ns)    Netlist Resource(s)
  -------------------------------------------------------------------    -------------------
                         (clock sys_clk rise edge)    0.000     0.000 r  
    U7                                                0.000     0.000 r  clk_pad_i (IN)
                         net (fo=0)                   0.000     0.000    clk_pad_i
    U7                   IBUF (Prop_ibuf_I_O)         1.504     1.504 r  clk_pad_i_IBUF_inst/O
                         net (fo=1, estimated)        1.843     3.347    clk_pad_i_IBUF
    BUFGCTRL_X0Y0        BUFG (Prop_bufg_I_O)         0.085     3.432 r  i_clk_bufg/O
                         net (fo=7369, estimated)     1.400     4.832    i_ariane/i_cva6/issue_stage_i/i_issue_read_operands/clk_core
    SLICE_X43Y14         FDCE                                         r  i_ariane/i_cva6/issue_stage_i/i_issue_read_operands/csr_valid_q_reg[0]/C
  -------------------------------------------------------------------    -------------------
    SLICE_X43Y14         FDCE (Prop_fdce_C_Q)         0.379     5.211 r  i_ariane/i_cva6/issue_stage_i/i_issue_read_operands/csr_valid_q_reg[0]/Q
                         net (fo=158, estimated)      0.770     5.981    i_ariane/i_cva6/issue_stage_i/i_issue_read_operands/csr_valid_q_reg[0]_0
    SLICE_X40Y14         LUT6 (Prop_lut6_I0_O)        0.105     6.086 r  i_ariane/i_cva6/issue_stage_i/i_issue_read_operands/adder_result_ext_o_carry_i_13/O
                         net (fo=13, estimated)       0.405     6.491    i_ariane/i_cva6/issue_stage_i/i_issue_read_operands/adder_result_ext_o_carry_i_13_n_0
    SLICE_X40Y14         LUT6 (Prop_lut6_I1_O)        0.105     6.596 f  i_ariane/i_cva6/issue_stage_i/i_issue_read_operands/adder_result_ext_o_carry_i_10/O
                         net (fo=3, estimated)        0.346     6.942    i_ariane/i_cva6/issue_stage_i/i_issue_read_operands/adder_result_ext_o_carry_i_10_n_0
    SLICE_X40Y13         LUT6 (Prop_lut6_I0_O)        0.105     7.047 r  i_ariane/i_cva6/issue_stage_i/i_issue_read_operands/adder_result_ext_o_carry_i_16/O
                         net (fo=100, estimated)      0.334     7.381    i_ariane/i_cva6/issue_stage_i/i_issue_read_operands/adder_result_ext_o_carry_i_16_n_0
    SLICE_X40Y12         LUT6 (Prop_lut6_I5_O)        0.105     7.486 r  i_ariane/i_cva6/issue_stage_i/i_issue_read_operands/adder_result_ext_o_carry_i_9/O
                         net (fo=1, estimated)        0.655     8.141    i_ariane/i_cva6/ex_stage_i/alu_i/S[0]
    SLICE_X41Y11         CARRY4 (Prop_carry4_S[0]_CO[3])
                                                      0.545     8.686 r  i_ariane/i_cva6/ex_stage_i/alu_i/adder_result_ext_o_carry/CO[3]
                         net (fo=1, estimated)        0.000     8.686    i_ariane/i_cva6/ex_stage_i/alu_i/adder_result_ext_o_carry_n_0
    SLICE_X41Y12         CARRY4 (Prop_carry4_CI_CO[3])
                                                      0.098     8.784 r  i_ariane/i_cva6/ex_stage_i/alu_i/adder_result_ext_o_carry__0/CO[3]
                         net (fo=1, estimated)        0.000     8.784    i_ariane/i_cva6/ex_stage_i/alu_i/adder_result_ext_o_carry__0_n_0
    SLICE_X41Y13         CARRY4 (Prop_carry4_CI_CO[3])
                                                      0.098     8.882 r  i_ariane/i_cva6/ex_stage_i/alu_i/adder_result_ext_o_carry__1/CO[3]
                         net (fo=1, estimated)        0.000     8.882    i_ariane/i_cva6/ex_stage_i/alu_i/adder_result_ext_o_carry__1_n_0
    SLICE_X41Y14         CARRY4 (Prop_carry4_CI_CO[3])
                                                      0.098     8.980 r  i_ariane/i_cva6/ex_stage_i/alu_i/adder_result_ext_o_carry__2/CO[3]
                         net (fo=1, estimated)        0.000     8.980    i_ariane/i_cva6/ex_stage_i/alu_i/adder_result_ext_o_carry__2_n_0
    SLICE_X41Y15         CARRY4 (Prop_carry4_CI_CO[3])
                                                      0.098     9.078 r  i_ariane/i_cva6/ex_stage_i/alu_i/adder_result_ext_o_carry__3/CO[3]
                         net (fo=1, estimated)        0.000     9.078    i_ariane/i_cva6/ex_stage_i/alu_i/adder_result_ext_o_carry__3_n_0
    SLICE_X41Y16         CARRY4 (Prop_carry4_CI_CO[3])
                                                      0.098     9.176 r  i_ariane/i_cva6/ex_stage_i/alu_i/adder_result_ext_o_carry__4/CO[3]
                         net (fo=1, estimated)        0.000     9.176    i_ariane/i_cva6/ex_stage_i/alu_i/adder_result_ext_o_carry__4_n_0
    SLICE_X41Y17         CARRY4 (Prop_carry4_CI_CO[3])
                                                      0.098     9.274 r  i_ariane/i_cva6/ex_stage_i/alu_i/adder_result_ext_o_carry__5/CO[3]
                         net (fo=1, estimated)        0.000     9.274    i_ariane/i_cva6/ex_stage_i/alu_i/adder_result_ext_o_carry__5_n_0
    SLICE_X41Y18         CARRY4 (Prop_carry4_CI_CO[3])
                                                      0.098     9.372 r  i_ariane/i_cva6/ex_stage_i/alu_i/adder_result_ext_o_carry__6/CO[3]
                         net (fo=1, estimated)        0.000     9.372    i_ariane/i_cva6/ex_stage_i/alu_i/adder_result_ext_o_carry__6_n_0
    SLICE_X41Y19         CARRY4 (Prop_carry4_CI_CO[3])
                                                      0.098     9.470 r  i_ariane/i_cva6/ex_stage_i/alu_i/adder_result_ext_o_carry__7/CO[3]
                         net (fo=1, estimated)        0.000     9.470    i_ariane/i_cva6/ex_stage_i/alu_i/adder_result_ext_o_carry__7_n_0
    SLICE_X41Y20         CARRY4 (Prop_carry4_CI_CO[3])
                                                      0.098     9.568 r  i_ariane/i_cva6/ex_stage_i/alu_i/adder_result_ext_o_carry__8/CO[3]
                         net (fo=1, estimated)        0.000     9.568    i_ariane/i_cva6/ex_stage_i/alu_i/adder_result_ext_o_carry__8_n_0
    SLICE_X41Y21         CARRY4 (Prop_carry4_CI_CO[3])
                                                      0.098     9.666 r  i_ariane/i_cva6/ex_stage_i/alu_i/adder_result_ext_o_carry__9/CO[3]
                         net (fo=1, estimated)        0.000     9.666    i_ariane/i_cva6/ex_stage_i/alu_i/adder_result_ext_o_carry__9_n_0
    SLICE_X41Y22         CARRY4 (Prop_carry4_CI_CO[3])
                                                      0.098     9.764 r  i_ariane/i_cva6/ex_stage_i/alu_i/adder_result_ext_o_carry__10/CO[3]
                         net (fo=1, estimated)        0.000     9.764    i_ariane/i_cva6/ex_stage_i/alu_i/adder_result_ext_o_carry__10_n_0
    SLICE_X41Y23         CARRY4 (Prop_carry4_CI_CO[3])
                                                      0.098     9.862 r  i_ariane/i_cva6/ex_stage_i/alu_i/adder_result_ext_o_carry__11/CO[3]
                         net (fo=1, estimated)        0.000     9.862    i_ariane/i_cva6/ex_stage_i/alu_i/adder_result_ext_o_carry__11_n_0
    SLICE_X41Y24         CARRY4 (Prop_carry4_CI_CO[3])
                                                      0.098     9.960 r  i_ariane/i_cva6/ex_stage_i/alu_i/adder_result_ext_o_carry__12/CO[3]
                         net (fo=1, estimated)        0.008     9.968    i_ariane/i_cva6/ex_stage_i/alu_i/adder_result_ext_o_carry__12_n_0
    SLICE_X41Y25         CARRY4 (Prop_carry4_CI_CO[3])
                                                      0.098    10.066 r  i_ariane/i_cva6/ex_stage_i/alu_i/adder_result_ext_o_carry__13/CO[3]
                         net (fo=1, estimated)        0.000    10.066    i_ariane/i_cva6/ex_stage_i/alu_i/adder_result_ext_o_carry__13_n_0
    SLICE_X41Y26         CARRY4 (Prop_carry4_CI_O[0])
                                                      0.180    10.246 f  i_ariane/i_cva6/ex_stage_i/alu_i/adder_result_ext_o_carry__14/O[0]
                         net (fo=2, estimated)        0.643    10.889    i_ariane/i_cva6/issue_stage_i/i_issue_read_operands/adder_result[60]
    SLICE_X43Y25         LUT4 (Prop_lut4_I0_O)        0.249    11.138 f  i_ariane/i_cva6/issue_stage_i/i_issue_read_operands/i___65_i_25/O
                         net (fo=1, estimated)        0.113    11.251    i_ariane/i_cva6/ex_stage_i/alu_i/i___65_i_10_1
    SLICE_X43Y25         LUT5 (Prop_lut5_I4_O)        0.105    11.356 f  i_ariane/i_cva6/ex_stage_i/alu_i/i___65_i_21/O
                         net (fo=1, estimated)        0.230    11.586    i_ariane/i_cva6/ex_stage_i/alu_i/i___65_i_21_n_0
    SLICE_X40Y25         LUT6 (Prop_lut6_I5_O)        0.105    11.691 f  i_ariane/i_cva6/ex_stage_i/alu_i/i___65_i_10/O
                         net (fo=2, estimated)        0.573    12.264    i_ariane/i_cva6/ex_stage_i/alu_i/i___65_i_10_n_0
    SLICE_X35Y16         LUT4 (Prop_lut4_I3_O)        0.105    12.369 f  i_ariane/i_cva6/ex_stage_i/alu_i/i___65_i_3/O
                         net (fo=1, estimated)        0.331    12.700    i_ariane/i_cva6/issue_stage_i/i_issue_read_operands/issue_q[0][valid]_i_4
    SLICE_X34Y16         LUT6 (Prop_lut6_I2_O)        0.105    12.805 r  i_ariane/i_cva6/issue_stage_i/i_issue_read_operands/i___65_i_1__0/O
                         net (fo=70, estimated)       0.334    13.139    i_ariane/i_cva6/issue_stage_i/i_issue_read_operands/fu_data_q_reg[0][operation][0]_32
    SLICE_X34Y15         LUT6 (Prop_lut6_I1_O)        0.105    13.244 f  i_ariane/i_cva6/issue_stage_i/i_issue_read_operands/npc_q[63]_bret__277_i_2/O
                         net (fo=9, estimated)        0.265    13.509    i_ariane/i_cva6/controller_i/resolved_branch[is_mispredict]
    SLICE_X35Y15         LUT6 (Prop_lut6_I3_O)        0.105    13.614 f  i_ariane/i_cva6/controller_i/i___63_i_1/O
                         net (fo=40, estimated)       0.511    14.125    i_ariane/i_cva6/issue_stage_i/i_scoreboard/flush_ctrl_if
    SLICE_X35Y18         LUT2 (Prop_lut2_I0_O)        0.105    14.230 f  i_ariane/i_cva6/issue_stage_i/i_scoreboard/i__i_2__0/O
                         net (fo=1, estimated)        0.463    14.693    i_ariane/i_cva6/issue_stage_i/i_scoreboard/i__i_2__0_n_0
    SLICE_X35Y20         LUT6 (Prop_lut6_I0_O)        0.105    14.798 f  i_ariane/i_cva6/issue_stage_i/i_scoreboard/i__i_1__0/O
                         net (fo=58, estimated)       0.543    15.341    i_ariane/i_cva6/issue_stage_i/i_scoreboard/issue_q_reg[0][sbe][valid]
    SLICE_X35Y21         LUT3 (Prop_lut3_I0_O)        0.105    15.446 r  i_ariane/i_cva6/issue_stage_i/i_scoreboard/mem_q[3][sbe][pc][63]_i_1/O
                         net (fo=79, estimated)       0.318    15.764    i_ariane/i_cva6/issue_stage_i/i_scoreboard/mem_q[3][sbe][pc][63]_i_1_n_0
    SLICE_X35Y22         LUT6 (Prop_lut6_I2_O)        0.105    15.869 f  i_ariane/i_cva6/issue_stage_i/i_scoreboard/mem_q[0][sbe][rd][4]_i_8/O
                         net (fo=1, estimated)        0.947    16.816    i_ariane/i_cva6/issue_stage_i/i_scoreboard/mem_q[0][sbe][rd][4]_i_8_n_0
    SLICE_X41Y27         LUT6 (Prop_lut6_I1_O)        0.105    16.921 f  i_ariane/i_cva6/issue_stage_i/i_scoreboard/mem_q[0][sbe][rd][4]_i_5/O
                         net (fo=10, estimated)       0.511    17.432    i_ariane/i_cva6/issue_stage_i/i_scoreboard/issue_q_reg[0][sbe][fu][1]_0
    SLICE_X40Y25         LUT6 (Prop_lut6_I1_O)        0.105    17.537 f  i_ariane/i_cva6/issue_stage_i/i_scoreboard/mem_q[2][sbe][rd][4]_i_5/O
                         net (fo=3, estimated)        0.444    17.981    i_ariane/i_cva6/issue_stage_i/i_scoreboard/mem_q[2][sbe][rd][4]_i_5_n_0
    SLICE_X43Y26         LUT6 (Prop_lut6_I3_O)        0.105    18.086 r  i_ariane/i_cva6/issue_stage_i/i_scoreboard/mem_q[2][sbe][rd][3]_i_1/O
                         net (fo=1, routed)           0.000    18.086    i_ariane/i_cva6/issue_stage_i/i_scoreboard/mem_q[2][sbe][rd][3]_i_1_n_0
    SLICE_X43Y26         FDCE                                         r  i_ariane/i_cva6/issue_stage_i/i_scoreboard/mem_q_reg[2][sbe][rd][3]/D
  -------------------------------------------------------------------    -------------------

                         (clock sys_clk rise edge)    5.000     5.000 r  
    U7                                                0.000     5.000 r  clk_pad_i (IN)
                         net (fo=0)                   0.000     5.000    clk_pad_i
    U7                   IBUF (Prop_ibuf_I_O)         1.438     6.438 r  clk_pad_i_IBUF_inst/O
                         net (fo=1, estimated)        1.751     8.189    clk_pad_i_IBUF
    BUFGCTRL_X0Y0        BUFG (Prop_bufg_I_O)         0.077     8.266 r  i_clk_bufg/O
                         net (fo=7369, estimated)     1.238     9.504    i_ariane/i_cva6/issue_stage_i/i_scoreboard/clk_core
    SLICE_X43Y26         FDCE                                         r  i_ariane/i_cva6/issue_stage_i/i_scoreboard/mem_q_reg[2][sbe][rd][3]/C
                         clock pessimism              0.264     9.767    
                         clock uncertainty           -0.135     9.632    
    SLICE_X43Y26         FDCE (Setup_fdce_C_D)        0.033     9.665    i_ariane/i_cva6/issue_stage_i/i_scoreboard/mem_q_reg[2][sbe][rd][3]
  -------------------------------------------------------------------
                         required time                          9.665    
                         arrival time                         -18.086    
  -------------------------------------------------------------------
                         slack                                 -8.421    

Slack (VIOLATED) :        -8.416ns  (required time - arrival time)
  Source:                 i_ariane/i_cva6/issue_stage_i/i_issue_read_operands/csr_valid_q_reg[0]/C
                            (rising edge-triggered cell FDCE clocked by sys_clk  {rise@0.000ns fall@2.500ns period=5.000ns})
  Destination:            i_ariane/i_cva6/issue_stage_i/i_scoreboard/mem_q_reg[0][sbe][rd][2]/D
                            (rising edge-triggered cell FDCE clocked by sys_clk  {rise@0.000ns fall@2.500ns period=5.000ns})
  Path Group:             sys_clk
  Path Type:              Setup (Max at Slow Process Corner)
  Requirement:            5.000ns  (sys_clk rise@5.000ns - sys_clk rise@0.000ns)
  Data Path Delay:        13.250ns  (logic 4.510ns (34.038%)  route 8.740ns (65.962%))
  Logic Levels:           34  (CARRY4=16 LUT2=1 LUT3=1 LUT4=3 LUT5=1 LUT6=12)
  Clock Path Skew:        -0.063ns (DCD - SCD + CPR)
    Destination Clock Delay (DCD):    4.506ns = ( 9.506 - 5.000 ) 
    Source Clock Delay      (SCD):    4.832ns
    Clock Pessimism Removal (CPR):    0.264ns
  Clock Uncertainty:      0.135ns  ((TSJ^2 + TIJ^2)^1/2 + DJ) / 2 + PE + UU
    Total System Jitter     (TSJ):    0.071ns
    Total Input Jitter      (TIJ):    0.000ns
    Discrete Jitter          (DJ):    0.000ns
    Phase Error              (PE):    0.000ns
    User Uncertainty         (UU):    0.100ns

    Location             Delay type                Incr(ns)  Path(ns)    Netlist Resource(s)
  -------------------------------------------------------------------    -------------------
                         (clock sys_clk rise edge)    0.000     0.000 r  
    U7                                                0.000     0.000 r  clk_pad_i (IN)
                         net (fo=0)                   0.000     0.000    clk_pad_i
    U7                   IBUF (Prop_ibuf_I_O)         1.504     1.504 r  clk_pad_i_IBUF_inst/O
                         net (fo=1, estimated)        1.843     3.347    clk_pad_i_IBUF
    BUFGCTRL_X0Y0        BUFG (Prop_bufg_I_O)         0.085     3.432 r  i_clk_bufg/O
                         net (fo=7369, estimated)     1.400     4.832    i_ariane/i_cva6/issue_stage_i/i_issue_read_operands/clk_core
    SLICE_X43Y14         FDCE                                         r  i_ariane/i_cva6/issue_stage_i/i_issue_read_operands/csr_valid_q_reg[0]/C
  -------------------------------------------------------------------    -------------------
    SLICE_X43Y14         FDCE (Prop_fdce_C_Q)         0.379     5.211 r  i_ariane/i_cva6/issue_stage_i/i_issue_read_operands/csr_valid_q_reg[0]/Q
                         net (fo=158, estimated)      0.770     5.981    i_ariane/i_cva6/issue_stage_i/i_issue_read_operands/csr_valid_q_reg[0]_0
    SLICE_X40Y14         LUT6 (Prop_lut6_I0_O)        0.105     6.086 r  i_ariane/i_cva6/issue_stage_i/i_issue_read_operands/adder_result_ext_o_carry_i_13/O
                         net (fo=13, estimated)       0.405     6.491    i_ariane/i_cva6/issue_stage_i/i_issue_read_operands/adder_result_ext_o_carry_i_13_n_0
    SLICE_X40Y14         LUT6 (Prop_lut6_I1_O)        0.105     6.596 f  i_ariane/i_cva6/issue_stage_i/i_issue_read_operands/adder_result_ext_o_carry_i_10/O
                         net (fo=3, estimated)        0.346     6.942    i_ariane/i_cva6/issue_stage_i/i_issue_read_operands/adder_result_ext_o_carry_i_10_n_0
    SLICE_X40Y13         LUT6 (Prop_lut6_I0_O)        0.105     7.047 r  i_ariane/i_cva6/issue_stage_i/i_issue_read_operands/adder_result_ext_o_carry_i_16/O
                         net (fo=100, estimated)      0.334     7.381    i_ariane/i_cva6/issue_stage_i/i_issue_read_operands/adder_result_ext_o_carry_i_16_n_0
    SLICE_X40Y12         LUT6 (Prop_lut6_I5_O)        0.105     7.486 r  i_ariane/i_cva6/issue_stage_i/i_issue_read_operands/adder_result_ext_o_carry_i_9/O
                         net (fo=1, estimated)        0.655     8.141    i_ariane/i_cva6/ex_stage_i/alu_i/S[0]
    SLICE_X41Y11         CARRY4 (Prop_carry4_S[0]_CO[3])
                                                      0.545     8.686 r  i_ariane/i_cva6/ex_stage_i/alu_i/adder_result_ext_o_carry/CO[3]
                         net (fo=1, estimated)        0.000     8.686    i_ariane/i_cva6/ex_stage_i/alu_i/adder_result_ext_o_carry_n_0
    SLICE_X41Y12         CARRY4 (Prop_carry4_CI_CO[3])
                                                      0.098     8.784 r  i_ariane/i_cva6/ex_stage_i/alu_i/adder_result_ext_o_carry__0/CO[3]
                         net (fo=1, estimated)        0.000     8.784    i_ariane/i_cva6/ex_stage_i/alu_i/adder_result_ext_o_carry__0_n_0
    SLICE_X41Y13         CARRY4 (Prop_carry4_CI_CO[3])
                                                      0.098     8.882 r  i_ariane/i_cva6/ex_stage_i/alu_i/adder_result_ext_o_carry__1/CO[3]
                         net (fo=1, estimated)        0.000     8.882    i_ariane/i_cva6/ex_stage_i/alu_i/adder_result_ext_o_carry__1_n_0
    SLICE_X41Y14         CARRY4 (Prop_carry4_CI_CO[3])
                                                      0.098     8.980 r  i_ariane/i_cva6/ex_stage_i/alu_i/adder_result_ext_o_carry__2/CO[3]
                         net (fo=1, estimated)        0.000     8.980    i_ariane/i_cva6/ex_stage_i/alu_i/adder_result_ext_o_carry__2_n_0
    SLICE_X41Y15         CARRY4 (Prop_carry4_CI_CO[3])
                                                      0.098     9.078 r  i_ariane/i_cva6/ex_stage_i/alu_i/adder_result_ext_o_carry__3/CO[3]
                         net (fo=1, estimated)        0.000     9.078    i_ariane/i_cva6/ex_stage_i/alu_i/adder_result_ext_o_carry__3_n_0
    SLICE_X41Y16         CARRY4 (Prop_carry4_CI_CO[3])
                                                      0.098     9.176 r  i_ariane/i_cva6/ex_stage_i/alu_i/adder_result_ext_o_carry__4/CO[3]
                         net (fo=1, estimated)        0.000     9.176    i_ariane/i_cva6/ex_stage_i/alu_i/adder_result_ext_o_carry__4_n_0
    SLICE_X41Y17         CARRY4 (Prop_carry4_CI_CO[3])
                                                      0.098     9.274 r  i_ariane/i_cva6/ex_stage_i/alu_i/adder_result_ext_o_carry__5/CO[3]
                         net (fo=1, estimated)        0.000     9.274    i_ariane/i_cva6/ex_stage_i/alu_i/adder_result_ext_o_carry__5_n_0
    SLICE_X41Y18         CARRY4 (Prop_carry4_CI_CO[3])
                                                      0.098     9.372 r  i_ariane/i_cva6/ex_stage_i/alu_i/adder_result_ext_o_carry__6/CO[3]
                         net (fo=1, estimated)        0.000     9.372    i_ariane/i_cva6/ex_stage_i/alu_i/adder_result_ext_o_carry__6_n_0
    SLICE_X41Y19         CARRY4 (Prop_carry4_CI_CO[3])
                                                      0.098     9.470 r  i_ariane/i_cva6/ex_stage_i/alu_i/adder_result_ext_o_carry__7/CO[3]
                         net (fo=1, estimated)        0.000     9.470    i_ariane/i_cva6/ex_stage_i/alu_i/adder_result_ext_o_carry__7_n_0
    SLICE_X41Y20         CARRY4 (Prop_carry4_CI_CO[3])
                                                      0.098     9.568 r  i_ariane/i_cva6/ex_stage_i/alu_i/adder_result_ext_o_carry__8/CO[3]
                         net (fo=1, estimated)        0.000     9.568    i_ariane/i_cva6/ex_stage_i/alu_i/adder_result_ext_o_carry__8_n_0
    SLICE_X41Y21         CARRY4 (Prop_carry4_CI_CO[3])
                                                      0.098     9.666 r  i_ariane/i_cva6/ex_stage_i/alu_i/adder_result_ext_o_carry__9/CO[3]
                         net (fo=1, estimated)        0.000     9.666    i_ariane/i_cva6/ex_stage_i/alu_i/adder_result_ext_o_carry__9_n_0
    SLICE_X41Y22         CARRY4 (Prop_carry4_CI_CO[3])
                                                      0.098     9.764 r  i_ariane/i_cva6/ex_stage_i/alu_i/adder_result_ext_o_carry__10/CO[3]
                         net (fo=1, estimated)        0.000     9.764    i_ariane/i_cva6/ex_stage_i/alu_i/adder_result_ext_o_carry__10_n_0
    SLICE_X41Y23         CARRY4 (Prop_carry4_CI_CO[3])
                                                      0.098     9.862 r  i_ariane/i_cva6/ex_stage_i/alu_i/adder_result_ext_o_carry__11/CO[3]
                         net (fo=1, estimated)        0.000     9.862    i_ariane/i_cva6/ex_stage_i/alu_i/adder_result_ext_o_carry__11_n_0
    SLICE_X41Y24         CARRY4 (Prop_carry4_CI_CO[3])
                                                      0.098     9.960 r  i_ariane/i_cva6/ex_stage_i/alu_i/adder_result_ext_o_carry__12/CO[3]
                         net (fo=1, estimated)        0.008     9.968    i_ariane/i_cva6/ex_stage_i/alu_i/adder_result_ext_o_carry__12_n_0
    SLICE_X41Y25         CARRY4 (Prop_carry4_CI_CO[3])
                                                      0.098    10.066 r  i_ariane/i_cva6/ex_stage_i/alu_i/adder_result_ext_o_carry__13/CO[3]
                         net (fo=1, estimated)        0.000    10.066    i_ariane/i_cva6/ex_stage_i/alu_i/adder_result_ext_o_carry__13_n_0
    SLICE_X41Y26         CARRY4 (Prop_carry4_CI_O[0])
                                                      0.180    10.246 f  i_ariane/i_cva6/ex_stage_i/alu_i/adder_result_ext_o_carry__14/O[0]
                         net (fo=2, estimated)        0.643    10.889    i_ariane/i_cva6/issue_stage_i/i_issue_read_operands/adder_result[60]
    SLICE_X43Y25         LUT4 (Prop_lut4_I0_O)        0.249    11.138 f  i_ariane/i_cva6/issue_stage_i/i_issue_read_operands/i___65_i_25/O
                         net (fo=1, estimated)        0.113    11.251    i_ariane/i_cva6/ex_stage_i/alu_i/i___65_i_10_1
    SLICE_X43Y25         LUT5 (Prop_lut5_I4_O)        0.105    11.356 f  i_ariane/i_cva6/ex_stage_i/alu_i/i___65_i_21/O
                         net (fo=1, estimated)        0.230    11.586    i_ariane/i_cva6/ex_stage_i/alu_i/i___65_i_21_n_0
    SLICE_X40Y25         LUT6 (Prop_lut6_I5_O)        0.105    11.691 f  i_ariane/i_cva6/ex_stage_i/alu_i/i___65_i_10/O
                         net (fo=2, estimated)        0.573    12.264    i_ariane/i_cva6/ex_stage_i/alu_i/i___65_i_10_n_0
    SLICE_X35Y16         LUT4 (Prop_lut4_I3_O)        0.105    12.369 f  i_ariane/i_cva6/ex_stage_i/alu_i/i___65_i_3/O
                         net (fo=1, estimated)        0.331    12.700    i_ariane/i_cva6/issue_stage_i/i_issue_read_operands/issue_q[0][valid]_i_4
    SLICE_X34Y16         LUT6 (Prop_lut6_I2_O)        0.105    12.805 r  i_ariane/i_cva6/issue_stage_i/i_issue_read_operands/i___65_i_1__0/O
                         net (fo=70, estimated)       0.334    13.139    i_ariane/i_cva6/issue_stage_i/i_issue_read_operands/fu_data_q_reg[0][operation][0]_32
    SLICE_X34Y15         LUT6 (Prop_lut6_I1_O)        0.105    13.244 f  i_ariane/i_cva6/issue_stage_i/i_issue_read_operands/npc_q[63]_bret__277_i_2/O
                         net (fo=9, estimated)        0.265    13.509    i_ariane/i_cva6/controller_i/resolved_branch[is_mispredict]
    SLICE_X35Y15         LUT6 (Prop_lut6_I3_O)        0.105    13.614 f  i_ariane/i_cva6/controller_i/i___63_i_1/O
                         net (fo=40, estimated)       0.511    14.125    i_ariane/i_cva6/issue_stage_i/i_scoreboard/flush_ctrl_if
    SLICE_X35Y18         LUT2 (Prop_lut2_I0_O)        0.105    14.230 f  i_ariane/i_cva6/issue_stage_i/i_scoreboard/i__i_2__0/O
                         net (fo=1, estimated)        0.463    14.693    i_ariane/i_cva6/issue_stage_i/i_scoreboard/i__i_2__0_n_0
    SLICE_X35Y20         LUT6 (Prop_lut6_I0_O)        0.105    14.798 f  i_ariane/i_cva6/issue_stage_i/i_scoreboard/i__i_1__0/O
                         net (fo=58, estimated)       0.543    15.341    i_ariane/i_cva6/issue_stage_i/i_scoreboard/issue_q_reg[0][sbe][valid]
    SLICE_X35Y21         LUT3 (Prop_lut3_I0_O)        0.105    15.446 r  i_ariane/i_cva6/issue_stage_i/i_scoreboard/mem_q[3][sbe][pc][63]_i_1/O
                         net (fo=79, estimated)       0.318    15.764    i_ariane/i_cva6/issue_stage_i/i_scoreboard/mem_q[3][sbe][pc][63]_i_1_n_0
    SLICE_X35Y22         LUT6 (Prop_lut6_I2_O)        0.105    15.869 r  i_ariane/i_cva6/issue_stage_i/i_scoreboard/mem_q[0][sbe][rd][4]_i_8/O
                         net (fo=1, estimated)        0.947    16.816    i_ariane/i_cva6/issue_stage_i/i_scoreboard/mem_q[0][sbe][rd][4]_i_8_n_0
    SLICE_X41Y27         LUT6 (Prop_lut6_I1_O)        0.105    16.921 r  i_ariane/i_cva6/issue_stage_i/i_scoreboard/mem_q[0][sbe][rd][4]_i_5/O
                         net (fo=10, estimated)       0.468    17.389    i_ariane/i_cva6/ex_stage_i/lsu_i/i_pipe_reg_load/mem_q_reg[0][sbe][rd][2]_3
    SLICE_X41Y29         LUT4 (Prop_lut4_I1_O)        0.105    17.494 r  i_ariane/i_cva6/ex_stage_i/lsu_i/i_pipe_reg_load/mem_q[0][sbe][rd][4]_i_3/O
                         net (fo=5, estimated)        0.483    17.977    i_ariane/i_cva6/ex_stage_i/lsu_i/i_pipe_reg_load/gen_register.d_o_reg[269]_4
    SLICE_X40Y28         LUT6 (Prop_lut6_I0_O)        0.105    18.082 r  i_ariane/i_cva6/ex_stage_i/lsu_i/i_pipe_reg_load/mem_q[0][sbe][rd][2]_i_1/O
                         net (fo=1, routed)           0.000    18.082    i_ariane/i_cva6/issue_stage_i/i_scoreboard/mem_q_reg[0][sbe][rd][4]_2[2]
    SLICE_X40Y28         FDCE                                         r  i_ariane/i_cva6/issue_stage_i/i_scoreboard/mem_q_reg[0][sbe][rd][2]/D
  -------------------------------------------------------------------    -------------------

                         (clock sys_clk rise edge)    5.000     5.000 r  
    U7                                                0.000     5.000 r  clk_pad_i (IN)
                         net (fo=0)                   0.000     5.000    clk_pad_i
    U7                   IBUF (Prop_ibuf_I_O)         1.438     6.438 r  clk_pad_i_IBUF_inst/O
                         net (fo=1, estimated)        1.751     8.189    clk_pad_i_IBUF
    BUFGCTRL_X0Y0        BUFG (Prop_bufg_I_O)         0.077     8.266 r  i_clk_bufg/O
                         net (fo=7369, estimated)     1.240     9.506    i_ariane/i_cva6/issue_stage_i/i_scoreboard/clk_core
    SLICE_X40Y28         FDCE                                         r  i_ariane/i_cva6/issue_stage_i/i_scoreboard/mem_q_reg[0][sbe][rd][2]/C
                         clock pessimism              0.264     9.769    
                         clock uncertainty           -0.135     9.634    
    SLICE_X40Y28         FDCE (Setup_fdce_C_D)        0.032     9.666    i_ariane/i_cva6/issue_stage_i/i_scoreboard/mem_q_reg[0][sbe][rd][2]
  -------------------------------------------------------------------
                         required time                          9.666    
                         arrival time                         -18.082    
  -------------------------------------------------------------------
                         slack                                 -8.416    

Slack (VIOLATED) :        -8.414ns  (required time - arrival time)
  Source:                 i_ariane/i_cva6/gen_cache_wt.i_cache_subsystem/i_adapter/i_icache_data_fifo/gen_fpga_queue.fifo_ram/mem_reg_0_1_30_35/RAMA/CLK
                            (rising edge-triggered cell RAMD32 clocked by sys_clk  {rise@0.000ns fall@2.500ns period=5.000ns})
  Destination:            keep_o[12]
                            (output port clocked by sys_clk  {rise@0.000ns fall@2.500ns period=5.000ns})
  Path Group:             sys_clk
  Path Type:              Max at Slow Process Corner
  Requirement:            5.000ns  (sys_clk rise@5.000ns - sys_clk rise@0.000ns)
  Data Path Delay:        8.295ns  (logic 4.899ns (59.062%)  route 3.396ns (40.938%))
  Logic Levels:           4  (LUT6=3 OBUF=1)
  Output Delay:           0.000ns
  Clock Path Skew:        -4.983ns (DCD - SCD + CPR)
    Destination Clock Delay (DCD):    0.000ns = ( 5.000 - 5.000 ) 
    Source Clock Delay      (SCD):    4.983ns
    Clock Pessimism Removal (CPR):    0.000ns
  Clock Uncertainty:      0.135ns  ((TSJ^2 + TIJ^2)^1/2 + DJ) / 2 + PE + UU
    Total System Jitter     (TSJ):    0.071ns
    Total Input Jitter      (TIJ):    0.000ns
    Discrete Jitter          (DJ):    0.000ns
    Phase Error              (PE):    0.000ns
    User Uncertainty         (UU):    0.100ns

    Location             Delay type                Incr(ns)  Path(ns)    Netlist Resource(s)
  -------------------------------------------------------------------    -------------------
                         (clock sys_clk rise edge)    0.000     0.000 r  
    U7                                                0.000     0.000 r  clk_pad_i (IN)
                         net (fo=0)                   0.000     0.000    clk_pad_i
    U7                   IBUF (Prop_ibuf_I_O)         1.504     1.504 r  clk_pad_i_IBUF_inst/O
                         net (fo=1, estimated)        1.843     3.347    clk_pad_i_IBUF
    BUFGCTRL_X0Y0        BUFG (Prop_bufg_I_O)         0.085     3.432 r  i_clk_bufg/O
                         net (fo=7369, estimated)     1.551     4.983    i_ariane/i_cva6/gen_cache_wt.i_cache_subsystem/i_adapter/i_icache_data_fifo/gen_fpga_queue.fifo_ram/mem_reg_0_1_30_35/WCLK
    SLICE_X4Y8           RAMD32                                       r  i_ariane/i_cva6/gen_cache_wt.i_cache_subsystem/i_adapter/i_icache_data_fifo/gen_fpga_queue.fifo_ram/mem_reg_0_1_30_35/RAMA/CLK
  -------------------------------------------------------------------    -------------------
    SLICE_X4Y8           RAMD32 (Prop_ramd32_CLK_O)
                                                      1.109     6.092 r  i_ariane/i_cva6/gen_cache_wt.i_cache_subsystem/i_adapter/i_icache_data_fifo/gen_fpga_queue.fifo_ram/mem_reg_0_1_30_35/RAMA/O
                         net (fo=1, estimated)        0.674     6.766    i_ariane/i_cva6/gen_cache_wt.i_cache_subsystem/i_adapter/i_icache_data_fifo/gen_fpga_queue.fifo_ram/mem_reg_0_1_30_35_n_1
    SLICE_X3Y8           LUT6 (Prop_lut6_I0_O)        0.264     7.030 r  i_ariane/i_cva6/gen_cache_wt.i_cache_subsystem/i_adapter/i_icache_data_fifo/gen_fpga_queue.fifo_ram/keep_o_OBUF[12]_inst_i_8/O
                         net (fo=1, estimated)        0.792     7.822    i_ariane/i_cva6/gen_cache_wt.i_cache_subsystem/i_adapter/i_icache_data_fifo/gen_fpga_queue.fifo_ram/noc_req[ar][addr][27]
    SLICE_X3Y12          LUT6 (Prop_lut6_I0_O)        0.105     7.927 r  i_ariane/i_cva6/gen_cache_wt.i_cache_subsystem/i_adapter/i_icache_data_fifo/gen_fpga_queue.fifo_ram/keep_o_OBUF[12]_inst_i_2/O
                         net (fo=1, estimated)        0.547     8.474    i_ariane/i_cva6/gen_cache_wt.i_cache_subsystem/i_adapter/i_icache_data_fifo/gen_fpga_queue.fifo_ram/keep_o_OBUF[12]_inst_i_2_n_0
    SLICE_X3Y12          LUT6 (Prop_lut6_I0_O)        0.105     8.579 r  i_ariane/i_cva6/gen_cache_wt.i_cache_subsystem/i_adapter/i_icache_data_fifo/gen_fpga_queue.fifo_ram/keep_o_OBUF[12]_inst_i_1/O
                         net (fo=1, estimated)        1.383     9.962    keep_o_OBUF[12]
    W9                   OBUF (Prop_obuf_I_O)         3.316    13.279 r  keep_o_OBUF[12]_inst/O
                         net (fo=0)                   0.000    13.279    keep_o[12]
    W9                                                                r  keep_o[12] (OUT)
  -------------------------------------------------------------------    -------------------

                         (clock sys_clk rise edge)    5.000     5.000 r  
                         clock pessimism              0.000     5.000    
                         clock uncertainty           -0.135     4.865    
                         output delay                -0.000     4.865    
  -------------------------------------------------------------------
                         required time                          4.865    
                         arrival time                         -13.279    
  -------------------------------------------------------------------
                         slack                                 -8.414    

Slack (VIOLATED) :        -8.398ns  (required time - arrival time)
  Source:                 i_ariane/i_cva6/issue_stage_i/i_issue_read_operands/csr_valid_q_reg[0]/C
                            (rising edge-triggered cell FDCE clocked by sys_clk  {rise@0.000ns fall@2.500ns period=5.000ns})
  Destination:            i_ariane/i_cva6/issue_stage_i/i_scoreboard/mem_q_reg[0][sbe][rd][3]/D
                            (rising edge-triggered cell FDCE clocked by sys_clk  {rise@0.000ns fall@2.500ns period=5.000ns})
  Path Group:             sys_clk
  Path Type:              Setup (Max at Slow Process Corner)
  Requirement:            5.000ns  (sys_clk rise@5.000ns - sys_clk rise@0.000ns)
  Data Path Delay:        13.230ns  (logic 4.510ns (34.089%)  route 8.720ns (65.911%))
  Logic Levels:           34  (CARRY4=16 LUT2=1 LUT3=1 LUT4=3 LUT5=1 LUT6=12)
  Clock Path Skew:        -0.063ns (DCD - SCD + CPR)
    Destination Clock Delay (DCD):    4.506ns = ( 9.506 - 5.000 ) 
    Source Clock Delay      (SCD):    4.832ns
    Clock Pessimism Removal (CPR):    0.264ns
  Clock Uncertainty:      0.135ns  ((TSJ^2 + TIJ^2)^1/2 + DJ) / 2 + PE + UU
    Total System Jitter     (TSJ):    0.071ns
    Total Input Jitter      (TIJ):    0.000ns
    Discrete Jitter          (DJ):    0.000ns
    Phase Error              (PE):    0.000ns
    User Uncertainty         (UU):    0.100ns

    Location             Delay type                Incr(ns)  Path(ns)    Netlist Resource(s)
  -------------------------------------------------------------------    -------------------
                         (clock sys_clk rise edge)    0.000     0.000 r  
    U7                                                0.000     0.000 r  clk_pad_i (IN)
                         net (fo=0)                   0.000     0.000    clk_pad_i
    U7                   IBUF (Prop_ibuf_I_O)         1.504     1.504 r  clk_pad_i_IBUF_inst/O
                         net (fo=1, estimated)        1.843     3.347    clk_pad_i_IBUF
    BUFGCTRL_X0Y0        BUFG (Prop_bufg_I_O)         0.085     3.432 r  i_clk_bufg/O
                         net (fo=7369, estimated)     1.400     4.832    i_ariane/i_cva6/issue_stage_i/i_issue_read_operands/clk_core
    SLICE_X43Y14         FDCE                                         r  i_ariane/i_cva6/issue_stage_i/i_issue_read_operands/csr_valid_q_reg[0]/C
  -------------------------------------------------------------------    -------------------
    SLICE_X43Y14         FDCE (Prop_fdce_C_Q)         0.379     5.211 r  i_ariane/i_cva6/issue_stage_i/i_issue_read_operands/csr_valid_q_reg[0]/Q
                         net (fo=158, estimated)      0.770     5.981    i_ariane/i_cva6/issue_stage_i/i_issue_read_operands/csr_valid_q_reg[0]_0
    SLICE_X40Y14         LUT6 (Prop_lut6_I0_O)        0.105     6.086 r  i_ariane/i_cva6/issue_stage_i/i_issue_read_operands/adder_result_ext_o_carry_i_13/O
                         net (fo=13, estimated)       0.405     6.491    i_ariane/i_cva6/issue_stage_i/i_issue_read_operands/adder_result_ext_o_carry_i_13_n_0
    SLICE_X40Y14         LUT6 (Prop_lut6_I1_O)        0.105     6.596 f  i_ariane/i_cva6/issue_stage_i/i_issue_read_operands/adder_result_ext_o_carry_i_10/O
                         net (fo=3, estimated)        0.346     6.942    i_ariane/i_cva6/issue_stage_i/i_issue_read_operands/adder_result_ext_o_carry_i_10_n_0
    SLICE_X40Y13         LUT6 (Prop_lut6_I0_O)        0.105     7.047 r  i_ariane/i_cva6/issue_stage_i/i_issue_read_operands/adder_result_ext_o_carry_i_16/O
                         net (fo=100, estimated)      0.334     7.381    i_ariane/i_cva6/issue_stage_i/i_issue_read_operands/adder_result_ext_o_carry_i_16_n_0
    SLICE_X40Y12         LUT6 (Prop_lut6_I5_O)        0.105     7.486 r  i_ariane/i_cva6/issue_stage_i/i_issue_read_operands/adder_result_ext_o_carry_i_9/O
                         net (fo=1, estimated)        0.655     8.141    i_ariane/i_cva6/ex_stage_i/alu_i/S[0]
    SLICE_X41Y11         CARRY4 (Prop_carry4_S[0]_CO[3])
                                                      0.545     8.686 r  i_ariane/i_cva6/ex_stage_i/alu_i/adder_result_ext_o_carry/CO[3]
                         net (fo=1, estimated)        0.000     8.686    i_ariane/i_cva6/ex_stage_i/alu_i/adder_result_ext_o_carry_n_0
    SLICE_X41Y12         CARRY4 (Prop_carry4_CI_CO[3])
                                                      0.098     8.784 r  i_ariane/i_cva6/ex_stage_i/alu_i/adder_result_ext_o_carry__0/CO[3]
                         net (fo=1, estimated)        0.000     8.784    i_ariane/i_cva6/ex_stage_i/alu_i/adder_result_ext_o_carry__0_n_0
    SLICE_X41Y13         CARRY4 (Prop_carry4_CI_CO[3])
                                                      0.098     8.882 r  i_ariane/i_cva6/ex_stage_i/alu_i/adder_result_ext_o_carry__1/CO[3]
                         net (fo=1, estimated)        0.000     8.882    i_ariane/i_cva6/ex_stage_i/alu_i/adder_result_ext_o_carry__1_n_0
    SLICE_X41Y14         CARRY4 (Prop_carry4_CI_CO[3])
                                                      0.098     8.980 r  i_ariane/i_cva6/ex_stage_i/alu_i/adder_result_ext_o_carry__2/CO[3]
                         net (fo=1, estimated)        0.000     8.980    i_ariane/i_cva6/ex_stage_i/alu_i/adder_result_ext_o_carry__2_n_0
    SLICE_X41Y15         CARRY4 (Prop_carry4_CI_CO[3])
                                                      0.098     9.078 r  i_ariane/i_cva6/ex_stage_i/alu_i/adder_result_ext_o_carry__3/CO[3]
                         net (fo=1, estimated)        0.000     9.078    i_ariane/i_cva6/ex_stage_i/alu_i/adder_result_ext_o_carry__3_n_0
    SLICE_X41Y16         CARRY4 (Prop_carry4_CI_CO[3])
                                                      0.098     9.176 r  i_ariane/i_cva6/ex_stage_i/alu_i/adder_result_ext_o_carry__4/CO[3]
                         net (fo=1, estimated)        0.000     9.176    i_ariane/i_cva6/ex_stage_i/alu_i/adder_result_ext_o_carry__4_n_0
    SLICE_X41Y17         CARRY4 (Prop_carry4_CI_CO[3])
                                                      0.098     9.274 r  i_ariane/i_cva6/ex_stage_i/alu_i/adder_result_ext_o_carry__5/CO[3]
                         net (fo=1, estimated)        0.000     9.274    i_ariane/i_cva6/ex_stage_i/alu_i/adder_result_ext_o_carry__5_n_0
    SLICE_X41Y18         CARRY4 (Prop_carry4_CI_CO[3])
                                                      0.098     9.372 r  i_ariane/i_cva6/ex_stage_i/alu_i/adder_result_ext_o_carry__6/CO[3]
                         net (fo=1, estimated)        0.000     9.372    i_ariane/i_cva6/ex_stage_i/alu_i/adder_result_ext_o_carry__6_n_0
    SLICE_X41Y19         CARRY4 (Prop_carry4_CI_CO[3])
                                                      0.098     9.470 r  i_ariane/i_cva6/ex_stage_i/alu_i/adder_result_ext_o_carry__7/CO[3]
                         net (fo=1, estimated)        0.000     9.470    i_ariane/i_cva6/ex_stage_i/alu_i/adder_result_ext_o_carry__7_n_0
    SLICE_X41Y20         CARRY4 (Prop_carry4_CI_CO[3])
                                                      0.098     9.568 r  i_ariane/i_cva6/ex_stage_i/alu_i/adder_result_ext_o_carry__8/CO[3]
                         net (fo=1, estimated)        0.000     9.568    i_ariane/i_cva6/ex_stage_i/alu_i/adder_result_ext_o_carry__8_n_0
    SLICE_X41Y21         CARRY4 (Prop_carry4_CI_CO[3])
                                                      0.098     9.666 r  i_ariane/i_cva6/ex_stage_i/alu_i/adder_result_ext_o_carry__9/CO[3]
                         net (fo=1, estimated)        0.000     9.666    i_ariane/i_cva6/ex_stage_i/alu_i/adder_result_ext_o_carry__9_n_0
    SLICE_X41Y22         CARRY4 (Prop_carry4_CI_CO[3])
                                                      0.098     9.764 r  i_ariane/i_cva6/ex_stage_i/alu_i/adder_result_ext_o_carry__10/CO[3]
                         net (fo=1, estimated)        0.000     9.764    i_ariane/i_cva6/ex_stage_i/alu_i/adder_result_ext_o_carry__10_n_0
    SLICE_X41Y23         CARRY4 (Prop_carry4_CI_CO[3])
                                                      0.098     9.862 r  i_ariane/i_cva6/ex_stage_i/alu_i/adder_result_ext_o_carry__11/CO[3]
                         net (fo=1, estimated)        0.000     9.862    i_ariane/i_cva6/ex_stage_i/alu_i/adder_result_ext_o_carry__11_n_0
    SLICE_X41Y24         CARRY4 (Prop_carry4_CI_CO[3])
                                                      0.098     9.960 r  i_ariane/i_cva6/ex_stage_i/alu_i/adder_result_ext_o_carry__12/CO[3]
                         net (fo=1, estimated)        0.008     9.968    i_ariane/i_cva6/ex_stage_i/alu_i/adder_result_ext_o_carry__12_n_0
    SLICE_X41Y25         CARRY4 (Prop_carry4_CI_CO[3])
                                                      0.098    10.066 r  i_ariane/i_cva6/ex_stage_i/alu_i/adder_result_ext_o_carry__13/CO[3]
                         net (fo=1, estimated)        0.000    10.066    i_ariane/i_cva6/ex_stage_i/alu_i/adder_result_ext_o_carry__13_n_0
    SLICE_X41Y26         CARRY4 (Prop_carry4_CI_O[0])
                                                      0.180    10.246 f  i_ariane/i_cva6/ex_stage_i/alu_i/adder_result_ext_o_carry__14/O[0]
                         net (fo=2, estimated)        0.643    10.889    i_ariane/i_cva6/issue_stage_i/i_issue_read_operands/adder_result[60]
    SLICE_X43Y25         LUT4 (Prop_lut4_I0_O)        0.249    11.138 f  i_ariane/i_cva6/issue_stage_i/i_issue_read_operands/i___65_i_25/O
                         net (fo=1, estimated)        0.113    11.251    i_ariane/i_cva6/ex_stage_i/alu_i/i___65_i_10_1
    SLICE_X43Y25         LUT5 (Prop_lut5_I4_O)        0.105    11.356 f  i_ariane/i_cva6/ex_stage_i/alu_i/i___65_i_21/O
                         net (fo=1, estimated)        0.230    11.586    i_ariane/i_cva6/ex_stage_i/alu_i/i___65_i_21_n_0
    SLICE_X40Y25         LUT6 (Prop_lut6_I5_O)        0.105    11.691 f  i_ariane/i_cva6/ex_stage_i/alu_i/i___65_i_10/O
                         net (fo=2, estimated)        0.573    12.264    i_ariane/i_cva6/ex_stage_i/alu_i/i___65_i_10_n_0
    SLICE_X35Y16         LUT4 (Prop_lut4_I3_O)        0.105    12.369 f  i_ariane/i_cva6/ex_stage_i/alu_i/i___65_i_3/O
                         net (fo=1, estimated)        0.331    12.700    i_ariane/i_cva6/issue_stage_i/i_issue_read_operands/issue_q[0][valid]_i_4
    SLICE_X34Y16         LUT6 (Prop_lut6_I2_O)        0.105    12.805 r  i_ariane/i_cva6/issue_stage_i/i_issue_read_operands/i___65_i_1__0/O
                         net (fo=70, estimated)       0.334    13.139    i_ariane/i_cva6/issue_stage_i/i_issue_read_operands/fu_data_q_reg[0][operation][0]_32
    SLICE_X34Y15         LUT6 (Prop_lut6_I1_O)        0.105    13.244 f  i_ariane/i_cva6/issue_stage_i/i_issue_read_operands/npc_q[63]_bret__277_i_2/O
                         net (fo=9, estimated)        0.265    13.509    i_ariane/i_cva6/controller_i/resolved_branch[is_mispredict]
    SLICE_X35Y15         LUT6 (Prop_lut6_I3_O)        0.105    13.614 f  i_ariane/i_cva6/controller_i/i___63_i_1/O
                         net (fo=40, estimated)       0.511    14.125    i_ariane/i_cva6/issue_stage_i/i_scoreboard/flush_ctrl_if
    SLICE_X35Y18         LUT2 (Prop_lut2_I0_O)        0.105    14.230 f  i_ariane/i_cva6/issue_stage_i/i_scoreboard/i__i_2__0/O
                         net (fo=1, estimated)        0.463    14.693    i_ariane/i_cva6/issue_stage_i/i_scoreboard/i__i_2__0_n_0
    SLICE_X35Y20         LUT6 (Prop_lut6_I0_O)        0.105    14.798 f  i_ariane/i_cva6/issue_stage_i/i_scoreboard/i__i_1__0/O
                         net (fo=58, estimated)       0.543    15.341    i_ariane/i_cva6/issue_stage_i/i_scoreboard/issue_q_reg[0][sbe][valid]
    SLICE_X35Y21         LUT3 (Prop_lut3_I0_O)        0.105    15.446 r  i_ariane/i_cva6/issue_stage_i/i_scoreboard/mem_q[3][sbe][pc][63]_i_1/O
                         net (fo=79, estimated)       0.318    15.764    i_ariane/i_cva6/issue_stage_i/i_scoreboard/mem_q[3][sbe][pc][63]_i_1_n_0
    SLICE_X35Y22         LUT6 (Prop_lut6_I2_O)        0.105    15.869 r  i_ariane/i_cva6/issue_stage_i/i_scoreboard/mem_q[0][sbe][rd][4]_i_8/O
                         net (fo=1, estimated)        0.947    16.816    i_ariane/i_cva6/issue_stage_i/i_scoreboard/mem_q[0][sbe][rd][4]_i_8_n_0
    SLICE_X41Y27         LUT6 (Prop_lut6_I1_O)        0.105    16.921 r  i_ariane/i_cva6/issue_stage_i/i_scoreboard/mem_q[0][sbe][rd][4]_i_5/O
                         net (fo=10, estimated)       0.468    17.389    i_ariane/i_cva6/ex_stage_i/lsu_i/i_pipe_reg_load/mem_q_reg[0][sbe][rd][2]_3
    SLICE_X41Y29         LUT4 (Prop_lut4_I1_O)        0.105    17.494 r  i_ariane/i_cva6/ex_stage_i/lsu_i/i_pipe_reg_load/mem_q[0][sbe][rd][4]_i_3/O
                         net (fo=5, estimated)        0.463    17.957    i_ariane/i_cva6/issue_stage_i/i_issue_read_operands/mem_q_reg[0][sbe][rd][4]_0
    SLICE_X43Y27         LUT6 (Prop_lut6_I1_O)        0.105    18.062 r  i_ariane/i_cva6/issue_stage_i/i_issue_read_operands/mem_q[0][sbe][rd][3]_i_1/O
                         net (fo=1, routed)           0.000    18.062    i_ariane/i_cva6/issue_stage_i/i_scoreboard/mem_q_reg[0][sbe][rd][4]_2[3]
    SLICE_X43Y27         FDCE                                         r  i_ariane/i_cva6/issue_stage_i/i_scoreboard/mem_q_reg[0][sbe][rd][3]/D
  -------------------------------------------------------------------    -------------------

                         (clock sys_clk rise edge)    5.000     5.000 r  
    U7                                                0.000     5.000 r  clk_pad_i (IN)
                         net (fo=0)                   0.000     5.000    clk_pad_i
    U7                   IBUF (Prop_ibuf_I_O)         1.438     6.438 r  clk_pad_i_IBUF_inst/O
                         net (fo=1, estimated)        1.751     8.189    clk_pad_i_IBUF
    BUFGCTRL_X0Y0        BUFG (Prop_bufg_I_O)         0.077     8.266 r  i_clk_bufg/O
                         net (fo=7369, estimated)     1.240     9.506    i_ariane/i_cva6/issue_stage_i/i_scoreboard/clk_core
    SLICE_X43Y27         FDCE                                         r  i_ariane/i_cva6/issue_stage_i/i_scoreboard/mem_q_reg[0][sbe][rd][3]/C
                         clock pessimism              0.264     9.769    
                         clock uncertainty           -0.135     9.634    
    SLICE_X43Y27         FDCE (Setup_fdce_C_D)        0.030     9.664    i_ariane/i_cva6/issue_stage_i/i_scoreboard/mem_q_reg[0][sbe][rd][3]
  -------------------------------------------------------------------
                         required time                          9.664    
                         arrival time                         -18.062    
  -------------------------------------------------------------------
                         slack                                 -8.398    

Slack (VIOLATED) :        -8.385ns  (required time - arrival time)
  Source:                 i_ariane/i_cva6/issue_stage_i/i_issue_read_operands/csr_valid_q_reg[0]/C
                            (rising edge-triggered cell FDCE clocked by sys_clk  {rise@0.000ns fall@2.500ns period=5.000ns})
  Destination:            i_ariane/i_cva6/issue_stage_i/i_scoreboard/mem_q_reg[0][sbe][rd][1]/D
                            (rising edge-triggered cell FDCE clocked by sys_clk  {rise@0.000ns fall@2.500ns period=5.000ns})
  Path Group:             sys_clk
  Path Type:              Setup (Max at Slow Process Corner)
  Requirement:            5.000ns  (sys_clk rise@5.000ns - sys_clk rise@0.000ns)
  Data Path Delay:        13.263ns  (logic 4.510ns (34.004%)  route 8.753ns (65.996%))
  Logic Levels:           34  (CARRY4=16 LUT2=1 LUT3=1 LUT4=3 LUT5=1 LUT6=12)
  Clock Path Skew:        -0.061ns (DCD - SCD + CPR)
    Destination Clock Delay (DCD):    4.508ns = ( 9.508 - 5.000 ) 
    Source Clock Delay      (SCD):    4.832ns
    Clock Pessimism Removal (CPR):    0.264ns
  Clock Uncertainty:      0.135ns  ((TSJ^2 + TIJ^2)^1/2 + DJ) / 2 + PE + UU
    Total System Jitter     (TSJ):    0.071ns
    Total Input Jitter      (TIJ):    0.000ns
    Discrete Jitter          (DJ):    0.000ns
    Phase Error              (PE):    0.000ns
    User Uncertainty         (UU):    0.100ns

    Location             Delay type                Incr(ns)  Path(ns)    Netlist Resource(s)
  -------------------------------------------------------------------    -------------------
                         (clock sys_clk rise edge)    0.000     0.000 r  
    U7                                                0.000     0.000 r  clk_pad_i (IN)
                         net (fo=0)                   0.000     0.000    clk_pad_i
    U7                   IBUF (Prop_ibuf_I_O)         1.504     1.504 r  clk_pad_i_IBUF_inst/O
                         net (fo=1, estimated)        1.843     3.347    clk_pad_i_IBUF
    BUFGCTRL_X0Y0        BUFG (Prop_bufg_I_O)         0.085     3.432 r  i_clk_bufg/O
                         net (fo=7369, estimated)     1.400     4.832    i_ariane/i_cva6/issue_stage_i/i_issue_read_operands/clk_core
    SLICE_X43Y14         FDCE                                         r  i_ariane/i_cva6/issue_stage_i/i_issue_read_operands/csr_valid_q_reg[0]/C
  -------------------------------------------------------------------    -------------------
    SLICE_X43Y14         FDCE (Prop_fdce_C_Q)         0.379     5.211 r  i_ariane/i_cva6/issue_stage_i/i_issue_read_operands/csr_valid_q_reg[0]/Q
                         net (fo=158, estimated)      0.770     5.981    i_ariane/i_cva6/issue_stage_i/i_issue_read_operands/csr_valid_q_reg[0]_0
    SLICE_X40Y14         LUT6 (Prop_lut6_I0_O)        0.105     6.086 r  i_ariane/i_cva6/issue_stage_i/i_issue_read_operands/adder_result_ext_o_carry_i_13/O
                         net (fo=13, estimated)       0.405     6.491    i_ariane/i_cva6/issue_stage_i/i_issue_read_operands/adder_result_ext_o_carry_i_13_n_0
    SLICE_X40Y14         LUT6 (Prop_lut6_I1_O)        0.105     6.596 f  i_ariane/i_cva6/issue_stage_i/i_issue_read_operands/adder_result_ext_o_carry_i_10/O
                         net (fo=3, estimated)        0.346     6.942    i_ariane/i_cva6/issue_stage_i/i_issue_read_operands/adder_result_ext_o_carry_i_10_n_0
    SLICE_X40Y13         LUT6 (Prop_lut6_I0_O)        0.105     7.047 r  i_ariane/i_cva6/issue_stage_i/i_issue_read_operands/adder_result_ext_o_carry_i_16/O
                         net (fo=100, estimated)      0.334     7.381    i_ariane/i_cva6/issue_stage_i/i_issue_read_operands/adder_result_ext_o_carry_i_16_n_0
    SLICE_X40Y12         LUT6 (Prop_lut6_I5_O)        0.105     7.486 r  i_ariane/i_cva6/issue_stage_i/i_issue_read_operands/adder_result_ext_o_carry_i_9/O
                         net (fo=1, estimated)        0.655     8.141    i_ariane/i_cva6/ex_stage_i/alu_i/S[0]
    SLICE_X41Y11         CARRY4 (Prop_carry4_S[0]_CO[3])
                                                      0.545     8.686 r  i_ariane/i_cva6/ex_stage_i/alu_i/adder_result_ext_o_carry/CO[3]
                         net (fo=1, estimated)        0.000     8.686    i_ariane/i_cva6/ex_stage_i/alu_i/adder_result_ext_o_carry_n_0
    SLICE_X41Y12         CARRY4 (Prop_carry4_CI_CO[3])
                                                      0.098     8.784 r  i_ariane/i_cva6/ex_stage_i/alu_i/adder_result_ext_o_carry__0/CO[3]
                         net (fo=1, estimated)        0.000     8.784    i_ariane/i_cva6/ex_stage_i/alu_i/adder_result_ext_o_carry__0_n_0
    SLICE_X41Y13         CARRY4 (Prop_carry4_CI_CO[3])
                                                      0.098     8.882 r  i_ariane/i_cva6/ex_stage_i/alu_i/adder_result_ext_o_carry__1/CO[3]
                         net (fo=1, estimated)        0.000     8.882    i_ariane/i_cva6/ex_stage_i/alu_i/adder_result_ext_o_carry__1_n_0
    SLICE_X41Y14         CARRY4 (Prop_carry4_CI_CO[3])
                                                      0.098     8.980 r  i_ariane/i_cva6/ex_stage_i/alu_i/adder_result_ext_o_carry__2/CO[3]
                         net (fo=1, estimated)        0.000     8.980    i_ariane/i_cva6/ex_stage_i/alu_i/adder_result_ext_o_carry__2_n_0
    SLICE_X41Y15         CARRY4 (Prop_carry4_CI_CO[3])
                                                      0.098     9.078 r  i_ariane/i_cva6/ex_stage_i/alu_i/adder_result_ext_o_carry__3/CO[3]
                         net (fo=1, estimated)        0.000     9.078    i_ariane/i_cva6/ex_stage_i/alu_i/adder_result_ext_o_carry__3_n_0
    SLICE_X41Y16         CARRY4 (Prop_carry4_CI_CO[3])
                                                      0.098     9.176 r  i_ariane/i_cva6/ex_stage_i/alu_i/adder_result_ext_o_carry__4/CO[3]
                         net (fo=1, estimated)        0.000     9.176    i_ariane/i_cva6/ex_stage_i/alu_i/adder_result_ext_o_carry__4_n_0
    SLICE_X41Y17         CARRY4 (Prop_carry4_CI_CO[3])
                                                      0.098     9.274 r  i_ariane/i_cva6/ex_stage_i/alu_i/adder_result_ext_o_carry__5/CO[3]
                         net (fo=1, estimated)        0.000     9.274    i_ariane/i_cva6/ex_stage_i/alu_i/adder_result_ext_o_carry__5_n_0
    SLICE_X41Y18         CARRY4 (Prop_carry4_CI_CO[3])
                                                      0.098     9.372 r  i_ariane/i_cva6/ex_stage_i/alu_i/adder_result_ext_o_carry__6/CO[3]
                         net (fo=1, estimated)        0.000     9.372    i_ariane/i_cva6/ex_stage_i/alu_i/adder_result_ext_o_carry__6_n_0
    SLICE_X41Y19         CARRY4 (Prop_carry4_CI_CO[3])
                                                      0.098     9.470 r  i_ariane/i_cva6/ex_stage_i/alu_i/adder_result_ext_o_carry__7/CO[3]
                         net (fo=1, estimated)        0.000     9.470    i_ariane/i_cva6/ex_stage_i/alu_i/adder_result_ext_o_carry__7_n_0
    SLICE_X41Y20         CARRY4 (Prop_carry4_CI_CO[3])
                                                      0.098     9.568 r  i_ariane/i_cva6/ex_stage_i/alu_i/adder_result_ext_o_carry__8/CO[3]
                         net (fo=1, estimated)        0.000     9.568    i_ariane/i_cva6/ex_stage_i/alu_i/adder_result_ext_o_carry__8_n_0
    SLICE_X41Y21         CARRY4 (Prop_carry4_CI_CO[3])
                                                      0.098     9.666 r  i_ariane/i_cva6/ex_stage_i/alu_i/adder_result_ext_o_carry__9/CO[3]
                         net (fo=1, estimated)        0.000     9.666    i_ariane/i_cva6/ex_stage_i/alu_i/adder_result_ext_o_carry__9_n_0
    SLICE_X41Y22         CARRY4 (Prop_carry4_CI_CO[3])
                                                      0.098     9.764 r  i_ariane/i_cva6/ex_stage_i/alu_i/adder_result_ext_o_carry__10/CO[3]
                         net (fo=1, estimated)        0.000     9.764    i_ariane/i_cva6/ex_stage_i/alu_i/adder_result_ext_o_carry__10_n_0
    SLICE_X41Y23         CARRY4 (Prop_carry4_CI_CO[3])
                                                      0.098     9.862 r  i_ariane/i_cva6/ex_stage_i/alu_i/adder_result_ext_o_carry__11/CO[3]
                         net (fo=1, estimated)        0.000     9.862    i_ariane/i_cva6/ex_stage_i/alu_i/adder_result_ext_o_carry__11_n_0
    SLICE_X41Y24         CARRY4 (Prop_carry4_CI_CO[3])
                                                      0.098     9.960 r  i_ariane/i_cva6/ex_stage_i/alu_i/adder_result_ext_o_carry__12/CO[3]
                         net (fo=1, estimated)        0.008     9.968    i_ariane/i_cva6/ex_stage_i/alu_i/adder_result_ext_o_carry__12_n_0
    SLICE_X41Y25         CARRY4 (Prop_carry4_CI_CO[3])
                                                      0.098    10.066 r  i_ariane/i_cva6/ex_stage_i/alu_i/adder_result_ext_o_carry__13/CO[3]
                         net (fo=1, estimated)        0.000    10.066    i_ariane/i_cva6/ex_stage_i/alu_i/adder_result_ext_o_carry__13_n_0
    SLICE_X41Y26         CARRY4 (Prop_carry4_CI_O[0])
                                                      0.180    10.246 f  i_ariane/i_cva6/ex_stage_i/alu_i/adder_result_ext_o_carry__14/O[0]
                         net (fo=2, estimated)        0.643    10.889    i_ariane/i_cva6/issue_stage_i/i_issue_read_operands/adder_result[60]
    SLICE_X43Y25         LUT4 (Prop_lut4_I0_O)        0.249    11.138 f  i_ariane/i_cva6/issue_stage_i/i_issue_read_operands/i___65_i_25/O
                         net (fo=1, estimated)        0.113    11.251    i_ariane/i_cva6/ex_stage_i/alu_i/i___65_i_10_1
    SLICE_X43Y25         LUT5 (Prop_lut5_I4_O)        0.105    11.356 f  i_ariane/i_cva6/ex_stage_i/alu_i/i___65_i_21/O
                         net (fo=1, estimated)        0.230    11.586    i_ariane/i_cva6/ex_stage_i/alu_i/i___65_i_21_n_0
    SLICE_X40Y25         LUT6 (Prop_lut6_I5_O)        0.105    11.691 f  i_ariane/i_cva6/ex_stage_i/alu_i/i___65_i_10/O
                         net (fo=2, estimated)        0.573    12.264    i_ariane/i_cva6/ex_stage_i/alu_i/i___65_i_10_n_0
    SLICE_X35Y16         LUT4 (Prop_lut4_I3_O)        0.105    12.369 f  i_ariane/i_cva6/ex_stage_i/alu_i/i___65_i_3/O
                         net (fo=1, estimated)        0.331    12.700    i_ariane/i_cva6/issue_stage_i/i_issue_read_operands/issue_q[0][valid]_i_4
    SLICE_X34Y16         LUT6 (Prop_lut6_I2_O)        0.105    12.805 r  i_ariane/i_cva6/issue_stage_i/i_issue_read_operands/i___65_i_1__0/O
                         net (fo=70, estimated)       0.334    13.139    i_ariane/i_cva6/issue_stage_i/i_issue_read_operands/fu_data_q_reg[0][operation][0]_32
    SLICE_X34Y15         LUT6 (Prop_lut6_I1_O)        0.105    13.244 f  i_ariane/i_cva6/issue_stage_i/i_issue_read_operands/npc_q[63]_bret__277_i_2/O
                         net (fo=9, estimated)        0.265    13.509    i_ariane/i_cva6/controller_i/resolved_branch[is_mispredict]
    SLICE_X35Y15         LUT6 (Prop_lut6_I3_O)        0.105    13.614 f  i_ariane/i_cva6/controller_i/i___63_i_1/O
                         net (fo=40, estimated)       0.511    14.125    i_ariane/i_cva6/issue_stage_i/i_scoreboard/flush_ctrl_if
    SLICE_X35Y18         LUT2 (Prop_lut2_I0_O)        0.105    14.230 f  i_ariane/i_cva6/issue_stage_i/i_scoreboard/i__i_2__0/O
                         net (fo=1, estimated)        0.463    14.693    i_ariane/i_cva6/issue_stage_i/i_scoreboard/i__i_2__0_n_0
    SLICE_X35Y20         LUT6 (Prop_lut6_I0_O)        0.105    14.798 f  i_ariane/i_cva6/issue_stage_i/i_scoreboard/i__i_1__0/O
                         net (fo=58, estimated)       0.543    15.341    i_ariane/i_cva6/issue_stage_i/i_scoreboard/issue_q_reg[0][sbe][valid]
    SLICE_X35Y21         LUT3 (Prop_lut3_I0_O)        0.105    15.446 r  i_ariane/i_cva6/issue_stage_i/i_scoreboard/mem_q[3][sbe][pc][63]_i_1/O
                         net (fo=79, estimated)       0.318    15.764    i_ariane/i_cva6/issue_stage_i/i_scoreboard/mem_q[3][sbe][pc][63]_i_1_n_0
    SLICE_X35Y22         LUT6 (Prop_lut6_I2_O)        0.105    15.869 r  i_ariane/i_cva6/issue_stage_i/i_scoreboard/mem_q[0][sbe][rd][4]_i_8/O
                         net (fo=1, estimated)        0.947    16.816    i_ariane/i_cva6/issue_stage_i/i_scoreboard/mem_q[0][sbe][rd][4]_i_8_n_0
    SLICE_X41Y27         LUT6 (Prop_lut6_I1_O)        0.105    16.921 r  i_ariane/i_cva6/issue_stage_i/i_scoreboard/mem_q[0][sbe][rd][4]_i_5/O
                         net (fo=10, estimated)       0.468    17.389    i_ariane/i_cva6/ex_stage_i/lsu_i/i_pipe_reg_load/mem_q_reg[0][sbe][rd][2]_3
    SLICE_X41Y29         LUT4 (Prop_lut4_I1_O)        0.105    17.494 r  i_ariane/i_cva6/ex_stage_i/lsu_i/i_pipe_reg_load/mem_q[0][sbe][rd][4]_i_3/O
                         net (fo=5, estimated)        0.496    17.990    i_ariane/i_cva6/ex_stage_i/lsu_i/i_pipe_reg_load/gen_register.d_o_reg[269]_4
    SLICE_X42Y29         LUT6 (Prop_lut6_I0_O)        0.105    18.095 r  i_ariane/i_cva6/ex_stage_i/lsu_i/i_pipe_reg_load/mem_q[0][sbe][rd][1]_i_1/O
                         net (fo=1, routed)           0.000    18.095    i_ariane/i_cva6/issue_stage_i/i_scoreboard/mem_q_reg[0][sbe][rd][4]_2[1]
    SLICE_X42Y29         FDCE                                         r  i_ariane/i_cva6/issue_stage_i/i_scoreboard/mem_q_reg[0][sbe][rd][1]/D
  -------------------------------------------------------------------    -------------------

                         (clock sys_clk rise edge)    5.000     5.000 r  
    U7                                                0.000     5.000 r  clk_pad_i (IN)
                         net (fo=0)                   0.000     5.000    clk_pad_i
    U7                   IBUF (Prop_ibuf_I_O)         1.438     6.438 r  clk_pad_i_IBUF_inst/O
                         net (fo=1, estimated)        1.751     8.189    clk_pad_i_IBUF
    BUFGCTRL_X0Y0        BUFG (Prop_bufg_I_O)         0.077     8.266 r  i_clk_bufg/O
                         net (fo=7369, estimated)     1.242     9.508    i_ariane/i_cva6/issue_stage_i/i_scoreboard/clk_core
    SLICE_X42Y29         FDCE                                         r  i_ariane/i_cva6/issue_stage_i/i_scoreboard/mem_q_reg[0][sbe][rd][1]/C
                         clock pessimism              0.264     9.771    
                         clock uncertainty           -0.135     9.636    
    SLICE_X42Y29         FDCE (Setup_fdce_C_D)        0.074     9.710    i_ariane/i_cva6/issue_stage_i/i_scoreboard/mem_q_reg[0][sbe][rd][1]
  -------------------------------------------------------------------
                         required time                          9.710    
                         arrival time                         -18.095    
  -------------------------------------------------------------------
                         slack                                 -8.385    

Slack (VIOLATED) :        -8.369ns  (required time - arrival time)
  Source:                 i_ariane/i_cva6/issue_stage_i/i_issue_read_operands/csr_valid_q_reg[0]/C
                            (rising edge-triggered cell FDCE clocked by sys_clk  {rise@0.000ns fall@2.500ns period=5.000ns})
  Destination:            i_ariane/i_cva6/issue_stage_i/i_scoreboard/mem_q_reg[0][sbe][rd][4]/D
                            (rising edge-triggered cell FDCE clocked by sys_clk  {rise@0.000ns fall@2.500ns period=5.000ns})
  Path Group:             sys_clk
  Path Type:              Setup (Max at Slow Process Corner)
  Requirement:            5.000ns  (sys_clk rise@5.000ns - sys_clk rise@0.000ns)
  Data Path Delay:        13.249ns  (logic 4.510ns (34.040%)  route 8.739ns (65.960%))
  Logic Levels:           34  (CARRY4=16 LUT2=2 LUT3=1 LUT4=2 LUT5=1 LUT6=12)
  Clock Path Skew:        -0.061ns (DCD - SCD + CPR)
    Destination Clock Delay (DCD):    4.508ns = ( 9.508 - 5.000 ) 
    Source Clock Delay      (SCD):    4.832ns
    Clock Pessimism Removal (CPR):    0.264ns
  Clock Uncertainty:      0.135ns  ((TSJ^2 + TIJ^2)^1/2 + DJ) / 2 + PE + UU
    Total System Jitter     (TSJ):    0.071ns
    Total Input Jitter      (TIJ):    0.000ns
    Discrete Jitter          (DJ):    0.000ns
    Phase Error              (PE):    0.000ns
    User Uncertainty         (UU):    0.100ns

    Location             Delay type                Incr(ns)  Path(ns)    Netlist Resource(s)
  -------------------------------------------------------------------    -------------------
                         (clock sys_clk rise edge)    0.000     0.000 r  
    U7                                                0.000     0.000 r  clk_pad_i (IN)
                         net (fo=0)                   0.000     0.000    clk_pad_i
    U7                   IBUF (Prop_ibuf_I_O)         1.504     1.504 r  clk_pad_i_IBUF_inst/O
                         net (fo=1, estimated)        1.843     3.347    clk_pad_i_IBUF
    BUFGCTRL_X0Y0        BUFG (Prop_bufg_I_O)         0.085     3.432 r  i_clk_bufg/O
                         net (fo=7369, estimated)     1.400     4.832    i_ariane/i_cva6/issue_stage_i/i_issue_read_operands/clk_core
    SLICE_X43Y14         FDCE                                         r  i_ariane/i_cva6/issue_stage_i/i_issue_read_operands/csr_valid_q_reg[0]/C
  -------------------------------------------------------------------    -------------------
    SLICE_X43Y14         FDCE (Prop_fdce_C_Q)         0.379     5.211 r  i_ariane/i_cva6/issue_stage_i/i_issue_read_operands/csr_valid_q_reg[0]/Q
                         net (fo=158, estimated)      0.770     5.981    i_ariane/i_cva6/issue_stage_i/i_issue_read_operands/csr_valid_q_reg[0]_0
    SLICE_X40Y14         LUT6 (Prop_lut6_I0_O)        0.105     6.086 r  i_ariane/i_cva6/issue_stage_i/i_issue_read_operands/adder_result_ext_o_carry_i_13/O
                         net (fo=13, estimated)       0.405     6.491    i_ariane/i_cva6/issue_stage_i/i_issue_read_operands/adder_result_ext_o_carry_i_13_n_0
    SLICE_X40Y14         LUT6 (Prop_lut6_I1_O)        0.105     6.596 f  i_ariane/i_cva6/issue_stage_i/i_issue_read_operands/adder_result_ext_o_carry_i_10/O
                         net (fo=3, estimated)        0.346     6.942    i_ariane/i_cva6/issue_stage_i/i_issue_read_operands/adder_result_ext_o_carry_i_10_n_0
    SLICE_X40Y13         LUT6 (Prop_lut6_I0_O)        0.105     7.047 r  i_ariane/i_cva6/issue_stage_i/i_issue_read_operands/adder_result_ext_o_carry_i_16/O
                         net (fo=100, estimated)      0.334     7.381    i_ariane/i_cva6/issue_stage_i/i_issue_read_operands/adder_result_ext_o_carry_i_16_n_0
    SLICE_X40Y12         LUT6 (Prop_lut6_I5_O)        0.105     7.486 r  i_ariane/i_cva6/issue_stage_i/i_issue_read_operands/adder_result_ext_o_carry_i_9/O
                         net (fo=1, estimated)        0.655     8.141    i_ariane/i_cva6/ex_stage_i/alu_i/S[0]
    SLICE_X41Y11         CARRY4 (Prop_carry4_S[0]_CO[3])
                                                      0.545     8.686 r  i_ariane/i_cva6/ex_stage_i/alu_i/adder_result_ext_o_carry/CO[3]
                         net (fo=1, estimated)        0.000     8.686    i_ariane/i_cva6/ex_stage_i/alu_i/adder_result_ext_o_carry_n_0
    SLICE_X41Y12         CARRY4 (Prop_carry4_CI_CO[3])
                                                      0.098     8.784 r  i_ariane/i_cva6/ex_stage_i/alu_i/adder_result_ext_o_carry__0/CO[3]
                         net (fo=1, estimated)        0.000     8.784    i_ariane/i_cva6/ex_stage_i/alu_i/adder_result_ext_o_carry__0_n_0
    SLICE_X41Y13         CARRY4 (Prop_carry4_CI_CO[3])
                                                      0.098     8.882 r  i_ariane/i_cva6/ex_stage_i/alu_i/adder_result_ext_o_carry__1/CO[3]
                         net (fo=1, estimated)        0.000     8.882    i_ariane/i_cva6/ex_stage_i/alu_i/adder_result_ext_o_carry__1_n_0
    SLICE_X41Y14         CARRY4 (Prop_carry4_CI_CO[3])
                                                      0.098     8.980 r  i_ariane/i_cva6/ex_stage_i/alu_i/adder_result_ext_o_carry__2/CO[3]
                         net (fo=1, estimated)        0.000     8.980    i_ariane/i_cva6/ex_stage_i/alu_i/adder_result_ext_o_carry__2_n_0
    SLICE_X41Y15         CARRY4 (Prop_carry4_CI_CO[3])
                                                      0.098     9.078 r  i_ariane/i_cva6/ex_stage_i/alu_i/adder_result_ext_o_carry__3/CO[3]
                         net (fo=1, estimated)        0.000     9.078    i_ariane/i_cva6/ex_stage_i/alu_i/adder_result_ext_o_carry__3_n_0
    SLICE_X41Y16         CARRY4 (Prop_carry4_CI_CO[3])
                                                      0.098     9.176 r  i_ariane/i_cva6/ex_stage_i/alu_i/adder_result_ext_o_carry__4/CO[3]
                         net (fo=1, estimated)        0.000     9.176    i_ariane/i_cva6/ex_stage_i/alu_i/adder_result_ext_o_carry__4_n_0
    SLICE_X41Y17         CARRY4 (Prop_carry4_CI_CO[3])
                                                      0.098     9.274 r  i_ariane/i_cva6/ex_stage_i/alu_i/adder_result_ext_o_carry__5/CO[3]
                         net (fo=1, estimated)        0.000     9.274    i_ariane/i_cva6/ex_stage_i/alu_i/adder_result_ext_o_carry__5_n_0
    SLICE_X41Y18         CARRY4 (Prop_carry4_CI_CO[3])
                                                      0.098     9.372 r  i_ariane/i_cva6/ex_stage_i/alu_i/adder_result_ext_o_carry__6/CO[3]
                         net (fo=1, estimated)        0.000     9.372    i_ariane/i_cva6/ex_stage_i/alu_i/adder_result_ext_o_carry__6_n_0
    SLICE_X41Y19         CARRY4 (Prop_carry4_CI_CO[3])
                                                      0.098     9.470 r  i_ariane/i_cva6/ex_stage_i/alu_i/adder_result_ext_o_carry__7/CO[3]
                         net (fo=1, estimated)        0.000     9.470    i_ariane/i_cva6/ex_stage_i/alu_i/adder_result_ext_o_carry__7_n_0
    SLICE_X41Y20         CARRY4 (Prop_carry4_CI_CO[3])
                                                      0.098     9.568 r  i_ariane/i_cva6/ex_stage_i/alu_i/adder_result_ext_o_carry__8/CO[3]
                         net (fo=1, estimated)        0.000     9.568    i_ariane/i_cva6/ex_stage_i/alu_i/adder_result_ext_o_carry__8_n_0
    SLICE_X41Y21         CARRY4 (Prop_carry4_CI_CO[3])
                                                      0.098     9.666 r  i_ariane/i_cva6/ex_stage_i/alu_i/adder_result_ext_o_carry__9/CO[3]
                         net (fo=1, estimated)        0.000     9.666    i_ariane/i_cva6/ex_stage_i/alu_i/adder_result_ext_o_carry__9_n_0
    SLICE_X41Y22         CARRY4 (Prop_carry4_CI_CO[3])
                                                      0.098     9.764 r  i_ariane/i_cva6/ex_stage_i/alu_i/adder_result_ext_o_carry__10/CO[3]
                         net (fo=1, estimated)        0.000     9.764    i_ariane/i_cva6/ex_stage_i/alu_i/adder_result_ext_o_carry__10_n_0
    SLICE_X41Y23         CARRY4 (Prop_carry4_CI_CO[3])
                                                      0.098     9.862 r  i_ariane/i_cva6/ex_stage_i/alu_i/adder_result_ext_o_carry__11/CO[3]
                         net (fo=1, estimated)        0.000     9.862    i_ariane/i_cva6/ex_stage_i/alu_i/adder_result_ext_o_carry__11_n_0
    SLICE_X41Y24         CARRY4 (Prop_carry4_CI_CO[3])
                                                      0.098     9.960 r  i_ariane/i_cva6/ex_stage_i/alu_i/adder_result_ext_o_carry__12/CO[3]
                         net (fo=1, estimated)        0.008     9.968    i_ariane/i_cva6/ex_stage_i/alu_i/adder_result_ext_o_carry__12_n_0
    SLICE_X41Y25         CARRY4 (Prop_carry4_CI_CO[3])
                                                      0.098    10.066 r  i_ariane/i_cva6/ex_stage_i/alu_i/adder_result_ext_o_carry__13/CO[3]
                         net (fo=1, estimated)        0.000    10.066    i_ariane/i_cva6/ex_stage_i/alu_i/adder_result_ext_o_carry__13_n_0
    SLICE_X41Y26         CARRY4 (Prop_carry4_CI_O[0])
                                                      0.180    10.246 f  i_ariane/i_cva6/ex_stage_i/alu_i/adder_result_ext_o_carry__14/O[0]
                         net (fo=2, estimated)        0.643    10.889    i_ariane/i_cva6/issue_stage_i/i_issue_read_operands/adder_result[60]
    SLICE_X43Y25         LUT4 (Prop_lut4_I0_O)        0.249    11.138 f  i_ariane/i_cva6/issue_stage_i/i_issue_read_operands/i___65_i_25/O
                         net (fo=1, estimated)        0.113    11.251    i_ariane/i_cva6/ex_stage_i/alu_i/i___65_i_10_1
    SLICE_X43Y25         LUT5 (Prop_lut5_I4_O)        0.105    11.356 f  i_ariane/i_cva6/ex_stage_i/alu_i/i___65_i_21/O
                         net (fo=1, estimated)        0.230    11.586    i_ariane/i_cva6/ex_stage_i/alu_i/i___65_i_21_n_0
    SLICE_X40Y25         LUT6 (Prop_lut6_I5_O)        0.105    11.691 f  i_ariane/i_cva6/ex_stage_i/alu_i/i___65_i_10/O
                         net (fo=2, estimated)        0.573    12.264    i_ariane/i_cva6/ex_stage_i/alu_i/i___65_i_10_n_0
    SLICE_X35Y16         LUT4 (Prop_lut4_I3_O)        0.105    12.369 f  i_ariane/i_cva6/ex_stage_i/alu_i/i___65_i_3/O
                         net (fo=1, estimated)        0.331    12.700    i_ariane/i_cva6/issue_stage_i/i_issue_read_operands/issue_q[0][valid]_i_4
    SLICE_X34Y16         LUT6 (Prop_lut6_I2_O)        0.105    12.805 r  i_ariane/i_cva6/issue_stage_i/i_issue_read_operands/i___65_i_1__0/O
                         net (fo=70, estimated)       0.334    13.139    i_ariane/i_cva6/issue_stage_i/i_issue_read_operands/fu_data_q_reg[0][operation][0]_32
    SLICE_X34Y15         LUT6 (Prop_lut6_I1_O)        0.105    13.244 f  i_ariane/i_cva6/issue_stage_i/i_issue_read_operands/npc_q[63]_bret__277_i_2/O
                         net (fo=9, estimated)        0.265    13.509    i_ariane/i_cva6/controller_i/resolved_branch[is_mispredict]
    SLICE_X35Y15         LUT6 (Prop_lut6_I3_O)        0.105    13.614 f  i_ariane/i_cva6/controller_i/i___63_i_1/O
                         net (fo=40, estimated)       0.511    14.125    i_ariane/i_cva6/issue_stage_i/i_scoreboard/flush_ctrl_if
    SLICE_X35Y18         LUT2 (Prop_lut2_I0_O)        0.105    14.230 f  i_ariane/i_cva6/issue_stage_i/i_scoreboard/i__i_2__0/O
                         net (fo=1, estimated)        0.463    14.693    i_ariane/i_cva6/issue_stage_i/i_scoreboard/i__i_2__0_n_0
    SLICE_X35Y20         LUT6 (Prop_lut6_I0_O)        0.105    14.798 f  i_ariane/i_cva6/issue_stage_i/i_scoreboard/i__i_1__0/O
                         net (fo=58, estimated)       0.543    15.341    i_ariane/i_cva6/issue_stage_i/i_scoreboard/issue_q_reg[0][sbe][valid]
    SLICE_X35Y21         LUT3 (Prop_lut3_I0_O)        0.105    15.446 r  i_ariane/i_cva6/issue_stage_i/i_scoreboard/mem_q[3][sbe][pc][63]_i_1/O
                         net (fo=79, estimated)       0.572    16.018    i_ariane/i_cva6/issue_stage_i/i_scoreboard/mem_q[3][sbe][pc][63]_i_1_n_0
    SLICE_X38Y22         LUT6 (Prop_lut6_I2_O)        0.105    16.123 f  i_ariane/i_cva6/issue_stage_i/i_scoreboard/mem_q[2][sbe][rd][1]_i_6/O
                         net (fo=1, estimated)        0.632    16.755    i_ariane/i_cva6/issue_stage_i/i_scoreboard/mem_q[2][sbe][rd][1]_i_6_n_0
    SLICE_X39Y25         LUT6 (Prop_lut6_I2_O)        0.105    16.860 f  i_ariane/i_cva6/issue_stage_i/i_scoreboard/mem_q[2][sbe][rd][1]_i_3/O
                         net (fo=7, estimated)        0.395    17.255    i_ariane/i_cva6/issue_stage_i/i_issue_read_operands/mem_q_reg[0][sbe][rd][4]_3
    SLICE_X41Y27         LUT2 (Prop_lut2_I1_O)        0.105    17.360 r  i_ariane/i_cva6/issue_stage_i/i_issue_read_operands/mem_q[0][sbe][rd][4]_i_2/O
                         net (fo=5, estimated)        0.616    17.976    i_ariane/i_cva6/issue_stage_i/i_issue_read_operands/mem_q[2][sbe][rd][1]_i_3
    SLICE_X42Y29         LUT6 (Prop_lut6_I0_O)        0.105    18.081 r  i_ariane/i_cva6/issue_stage_i/i_issue_read_operands/mem_q[0][sbe][rd][4]_i_1/O
                         net (fo=1, routed)           0.000    18.081    i_ariane/i_cva6/issue_stage_i/i_scoreboard/mem_q_reg[0][sbe][rd][4]_2[4]
    SLICE_X42Y29         FDCE                                         r  i_ariane/i_cva6/issue_stage_i/i_scoreboard/mem_q_reg[0][sbe][rd][4]/D
  -------------------------------------------------------------------    -------------------

                         (clock sys_clk rise edge)    5.000     5.000 r  
    U7                                                0.000     5.000 r  clk_pad_i (IN)
                         net (fo=0)                   0.000     5.000    clk_pad_i
    U7                   IBUF (Prop_ibuf_I_O)         1.438     6.438 r  clk_pad_i_IBUF_inst/O
                         net (fo=1, estimated)        1.751     8.189    clk_pad_i_IBUF
    BUFGCTRL_X0Y0        BUFG (Prop_bufg_I_O)         0.077     8.266 r  i_clk_bufg/O
                         net (fo=7369, estimated)     1.242     9.508    i_ariane/i_cva6/issue_stage_i/i_scoreboard/clk_core
    SLICE_X42Y29         FDCE                                         r  i_ariane/i_cva6/issue_stage_i/i_scoreboard/mem_q_reg[0][sbe][rd][4]/C
                         clock pessimism              0.264     9.771    
                         clock uncertainty           -0.135     9.636    
    SLICE_X42Y29         FDCE (Setup_fdce_C_D)        0.076     9.712    i_ariane/i_cva6/issue_stage_i/i_scoreboard/mem_q_reg[0][sbe][rd][4]
  -------------------------------------------------------------------
                         required time                          9.712    
                         arrival time                         -18.081    
  -------------------------------------------------------------------
                         slack                                 -8.369    

Slack (VIOLATED) :        -8.349ns  (required time - arrival time)
  Source:                 i_ariane/i_cva6/issue_stage_i/i_issue_read_operands/csr_valid_q_reg[0]/C
                            (rising edge-triggered cell FDCE clocked by sys_clk  {rise@0.000ns fall@2.500ns period=5.000ns})
  Destination:            i_ariane/i_cva6/issue_stage_i/i_scoreboard/mem_q_reg[0][sbe][rd][0]/D
                            (rising edge-triggered cell FDCE clocked by sys_clk  {rise@0.000ns fall@2.500ns period=5.000ns})
  Path Group:             sys_clk
  Path Type:              Setup (Max at Slow Process Corner)
  Requirement:            5.000ns  (sys_clk rise@5.000ns - sys_clk rise@0.000ns)
  Data Path Delay:        13.227ns  (logic 4.510ns (34.097%)  route 8.717ns (65.903%))
  Logic Levels:           34  (CARRY4=16 LUT2=1 LUT3=2 LUT4=2 LUT5=1 LUT6=12)
  Clock Path Skew:        -0.063ns (DCD - SCD + CPR)
    Destination Clock Delay (DCD):    4.506ns = ( 9.506 - 5.000 ) 
    Source Clock Delay      (SCD):    4.832ns
    Clock Pessimism Removal (CPR):    0.264ns
  Clock Uncertainty:      0.135ns  ((TSJ^2 + TIJ^2)^1/2 + DJ) / 2 + PE + UU
    Total System Jitter     (TSJ):    0.071ns
    Total Input Jitter      (TIJ):    0.000ns
    Discrete Jitter          (DJ):    0.000ns
    Phase Error              (PE):    0.000ns
    User Uncertainty         (UU):    0.100ns

    Location             Delay type                Incr(ns)  Path(ns)    Netlist Resource(s)
  -------------------------------------------------------------------    -------------------
                         (clock sys_clk rise edge)    0.000     0.000 r  
    U7                                                0.000     0.000 r  clk_pad_i (IN)
                         net (fo=0)                   0.000     0.000    clk_pad_i
    U7                   IBUF (Prop_ibuf_I_O)         1.504     1.504 r  clk_pad_i_IBUF_inst/O
                         net (fo=1, estimated)        1.843     3.347    clk_pad_i_IBUF
    BUFGCTRL_X0Y0        BUFG (Prop_bufg_I_O)         0.085     3.432 r  i_clk_bufg/O
                         net (fo=7369, estimated)     1.400     4.832    i_ariane/i_cva6/issue_stage_i/i_issue_read_operands/clk_core
    SLICE_X43Y14         FDCE                                         r  i_ariane/i_cva6/issue_stage_i/i_issue_read_operands/csr_valid_q_reg[0]/C
  -------------------------------------------------------------------    -------------------
    SLICE_X43Y14         FDCE (Prop_fdce_C_Q)         0.379     5.211 r  i_ariane/i_cva6/issue_stage_i/i_issue_read_operands/csr_valid_q_reg[0]/Q
                         net (fo=158, estimated)      0.770     5.981    i_ariane/i_cva6/issue_stage_i/i_issue_read_operands/csr_valid_q_reg[0]_0
    SLICE_X40Y14         LUT6 (Prop_lut6_I0_O)        0.105     6.086 r  i_ariane/i_cva6/issue_stage_i/i_issue_read_operands/adder_result_ext_o_carry_i_13/O
                         net (fo=13, estimated)       0.405     6.491    i_ariane/i_cva6/issue_stage_i/i_issue_read_operands/adder_result_ext_o_carry_i_13_n_0
    SLICE_X40Y14         LUT6 (Prop_lut6_I1_O)        0.105     6.596 f  i_ariane/i_cva6/issue_stage_i/i_issue_read_operands/adder_result_ext_o_carry_i_10/O
                         net (fo=3, estimated)        0.346     6.942    i_ariane/i_cva6/issue_stage_i/i_issue_read_operands/adder_result_ext_o_carry_i_10_n_0
    SLICE_X40Y13         LUT6 (Prop_lut6_I0_O)        0.105     7.047 r  i_ariane/i_cva6/issue_stage_i/i_issue_read_operands/adder_result_ext_o_carry_i_16/O
                         net (fo=100, estimated)      0.334     7.381    i_ariane/i_cva6/issue_stage_i/i_issue_read_operands/adder_result_ext_o_carry_i_16_n_0
    SLICE_X40Y12         LUT6 (Prop_lut6_I5_O)        0.105     7.486 r  i_ariane/i_cva6/issue_stage_i/i_issue_read_operands/adder_result_ext_o_carry_i_9/O
                         net (fo=1, estimated)        0.655     8.141    i_ariane/i_cva6/ex_stage_i/alu_i/S[0]
    SLICE_X41Y11         CARRY4 (Prop_carry4_S[0]_CO[3])
                                                      0.545     8.686 r  i_ariane/i_cva6/ex_stage_i/alu_i/adder_result_ext_o_carry/CO[3]
                         net (fo=1, estimated)        0.000     8.686    i_ariane/i_cva6/ex_stage_i/alu_i/adder_result_ext_o_carry_n_0
    SLICE_X41Y12         CARRY4 (Prop_carry4_CI_CO[3])
                                                      0.098     8.784 r  i_ariane/i_cva6/ex_stage_i/alu_i/adder_result_ext_o_carry__0/CO[3]
                         net (fo=1, estimated)        0.000     8.784    i_ariane/i_cva6/ex_stage_i/alu_i/adder_result_ext_o_carry__0_n_0
    SLICE_X41Y13         CARRY4 (Prop_carry4_CI_CO[3])
                                                      0.098     8.882 r  i_ariane/i_cva6/ex_stage_i/alu_i/adder_result_ext_o_carry__1/CO[3]
                         net (fo=1, estimated)        0.000     8.882    i_ariane/i_cva6/ex_stage_i/alu_i/adder_result_ext_o_carry__1_n_0
    SLICE_X41Y14         CARRY4 (Prop_carry4_CI_CO[3])
                                                      0.098     8.980 r  i_ariane/i_cva6/ex_stage_i/alu_i/adder_result_ext_o_carry__2/CO[3]
                         net (fo=1, estimated)        0.000     8.980    i_ariane/i_cva6/ex_stage_i/alu_i/adder_result_ext_o_carry__2_n_0
    SLICE_X41Y15         CARRY4 (Prop_carry4_CI_CO[3])
                                                      0.098     9.078 r  i_ariane/i_cva6/ex_stage_i/alu_i/adder_result_ext_o_carry__3/CO[3]
                         net (fo=1, estimated)        0.000     9.078    i_ariane/i_cva6/ex_stage_i/alu_i/adder_result_ext_o_carry__3_n_0
    SLICE_X41Y16         CARRY4 (Prop_carry4_CI_CO[3])
                                                      0.098     9.176 r  i_ariane/i_cva6/ex_stage_i/alu_i/adder_result_ext_o_carry__4/CO[3]
                         net (fo=1, estimated)        0.000     9.176    i_ariane/i_cva6/ex_stage_i/alu_i/adder_result_ext_o_carry__4_n_0
    SLICE_X41Y17         CARRY4 (Prop_carry4_CI_CO[3])
                                                      0.098     9.274 r  i_ariane/i_cva6/ex_stage_i/alu_i/adder_result_ext_o_carry__5/CO[3]
                         net (fo=1, estimated)        0.000     9.274    i_ariane/i_cva6/ex_stage_i/alu_i/adder_result_ext_o_carry__5_n_0
    SLICE_X41Y18         CARRY4 (Prop_carry4_CI_CO[3])
                                                      0.098     9.372 r  i_ariane/i_cva6/ex_stage_i/alu_i/adder_result_ext_o_carry__6/CO[3]
                         net (fo=1, estimated)        0.000     9.372    i_ariane/i_cva6/ex_stage_i/alu_i/adder_result_ext_o_carry__6_n_0
    SLICE_X41Y19         CARRY4 (Prop_carry4_CI_CO[3])
                                                      0.098     9.470 r  i_ariane/i_cva6/ex_stage_i/alu_i/adder_result_ext_o_carry__7/CO[3]
                         net (fo=1, estimated)        0.000     9.470    i_ariane/i_cva6/ex_stage_i/alu_i/adder_result_ext_o_carry__7_n_0
    SLICE_X41Y20         CARRY4 (Prop_carry4_CI_CO[3])
                                                      0.098     9.568 r  i_ariane/i_cva6/ex_stage_i/alu_i/adder_result_ext_o_carry__8/CO[3]
                         net (fo=1, estimated)        0.000     9.568    i_ariane/i_cva6/ex_stage_i/alu_i/adder_result_ext_o_carry__8_n_0
    SLICE_X41Y21         CARRY4 (Prop_carry4_CI_CO[3])
                                                      0.098     9.666 r  i_ariane/i_cva6/ex_stage_i/alu_i/adder_result_ext_o_carry__9/CO[3]
                         net (fo=1, estimated)        0.000     9.666    i_ariane/i_cva6/ex_stage_i/alu_i/adder_result_ext_o_carry__9_n_0
    SLICE_X41Y22         CARRY4 (Prop_carry4_CI_CO[3])
                                                      0.098     9.764 r  i_ariane/i_cva6/ex_stage_i/alu_i/adder_result_ext_o_carry__10/CO[3]
                         net (fo=1, estimated)        0.000     9.764    i_ariane/i_cva6/ex_stage_i/alu_i/adder_result_ext_o_carry__10_n_0
    SLICE_X41Y23         CARRY4 (Prop_carry4_CI_CO[3])
                                                      0.098     9.862 r  i_ariane/i_cva6/ex_stage_i/alu_i/adder_result_ext_o_carry__11/CO[3]
                         net (fo=1, estimated)        0.000     9.862    i_ariane/i_cva6/ex_stage_i/alu_i/adder_result_ext_o_carry__11_n_0
    SLICE_X41Y24         CARRY4 (Prop_carry4_CI_CO[3])
                                                      0.098     9.960 r  i_ariane/i_cva6/ex_stage_i/alu_i/adder_result_ext_o_carry__12/CO[3]
                         net (fo=1, estimated)        0.008     9.968    i_ariane/i_cva6/ex_stage_i/alu_i/adder_result_ext_o_carry__12_n_0
    SLICE_X41Y25         CARRY4 (Prop_carry4_CI_CO[3])
                                                      0.098    10.066 r  i_ariane/i_cva6/ex_stage_i/alu_i/adder_result_ext_o_carry__13/CO[3]
                         net (fo=1, estimated)        0.000    10.066    i_ariane/i_cva6/ex_stage_i/alu_i/adder_result_ext_o_carry__13_n_0
    SLICE_X41Y26         CARRY4 (Prop_carry4_CI_O[0])
                                                      0.180    10.246 f  i_ariane/i_cva6/ex_stage_i/alu_i/adder_result_ext_o_carry__14/O[0]
                         net (fo=2, estimated)        0.643    10.889    i_ariane/i_cva6/issue_stage_i/i_issue_read_operands/adder_result[60]
    SLICE_X43Y25         LUT4 (Prop_lut4_I0_O)        0.249    11.138 f  i_ariane/i_cva6/issue_stage_i/i_issue_read_operands/i___65_i_25/O
                         net (fo=1, estimated)        0.113    11.251    i_ariane/i_cva6/ex_stage_i/alu_i/i___65_i_10_1
    SLICE_X43Y25         LUT5 (Prop_lut5_I4_O)        0.105    11.356 f  i_ariane/i_cva6/ex_stage_i/alu_i/i___65_i_21/O
                         net (fo=1, estimated)        0.230    11.586    i_ariane/i_cva6/ex_stage_i/alu_i/i___65_i_21_n_0
    SLICE_X40Y25         LUT6 (Prop_lut6_I5_O)        0.105    11.691 f  i_ariane/i_cva6/ex_stage_i/alu_i/i___65_i_10/O
                         net (fo=2, estimated)        0.573    12.264    i_ariane/i_cva6/ex_stage_i/alu_i/i___65_i_10_n_0
    SLICE_X35Y16         LUT4 (Prop_lut4_I3_O)        0.105    12.369 f  i_ariane/i_cva6/ex_stage_i/alu_i/i___65_i_3/O
                         net (fo=1, estimated)        0.331    12.700    i_ariane/i_cva6/issue_stage_i/i_issue_read_operands/issue_q[0][valid]_i_4
    SLICE_X34Y16         LUT6 (Prop_lut6_I2_O)        0.105    12.805 r  i_ariane/i_cva6/issue_stage_i/i_issue_read_operands/i___65_i_1__0/O
                         net (fo=70, estimated)       0.334    13.139    i_ariane/i_cva6/issue_stage_i/i_issue_read_operands/fu_data_q_reg[0][operation][0]_32
    SLICE_X34Y15         LUT6 (Prop_lut6_I1_O)        0.105    13.244 f  i_ariane/i_cva6/issue_stage_i/i_issue_read_operands/npc_q[63]_bret__277_i_2/O
                         net (fo=9, estimated)        0.265    13.509    i_ariane/i_cva6/controller_i/resolved_branch[is_mispredict]
    SLICE_X35Y15         LUT6 (Prop_lut6_I3_O)        0.105    13.614 f  i_ariane/i_cva6/controller_i/i___63_i_1/O
                         net (fo=40, estimated)       0.511    14.125    i_ariane/i_cva6/issue_stage_i/i_scoreboard/flush_ctrl_if
    SLICE_X35Y18         LUT2 (Prop_lut2_I0_O)        0.105    14.230 f  i_ariane/i_cva6/issue_stage_i/i_scoreboard/i__i_2__0/O
                         net (fo=1, estimated)        0.463    14.693    i_ariane/i_cva6/issue_stage_i/i_scoreboard/i__i_2__0_n_0
    SLICE_X35Y20         LUT6 (Prop_lut6_I0_O)        0.105    14.798 f  i_ariane/i_cva6/issue_stage_i/i_scoreboard/i__i_1__0/O
                         net (fo=58, estimated)       0.594    15.392    i_ariane/i_cva6/issue_stage_i/i_scoreboard/issue_q_reg[0][sbe][valid]
    SLICE_X38Y23         LUT3 (Prop_lut3_I0_O)        0.105    15.497 r  i_ariane/i_cva6/issue_stage_i/i_scoreboard/mem_q[0][sbe][pc][63]_i_1/O
                         net (fo=79, estimated)       0.678    16.175    i_ariane/i_cva6/issue_stage_i/i_scoreboard/E[0]
    SLICE_X34Y24         LUT6 (Prop_lut6_I1_O)        0.105    16.280 f  i_ariane/i_cva6/issue_stage_i/i_scoreboard/i___0_i_3/O
                         net (fo=4, estimated)        0.622    16.902    i_ariane/i_cva6/issue_stage_i/i_scoreboard/issue_q_reg[0][sbe][fu][2]
    SLICE_X36Y25         LUT6 (Prop_lut6_I3_O)        0.105    17.007 f  i_ariane/i_cva6/issue_stage_i/i_scoreboard/i___1_i_3/O
                         net (fo=1, estimated)        0.347    17.354    i_ariane/i_cva6/issue_stage_i/i_scoreboard_n_379
    SLICE_X39Y27         LUT3 (Prop_lut3_I2_O)        0.105    17.459 r  i_ariane/i_cva6/issue_stage_i/i___1/O
                         net (fo=5, estimated)        0.495    17.954    i_ariane/i_cva6/issue_stage_i/i_issue_read_operands/mem_q_reg[0][sbe][rd][4]
    SLICE_X42Y27         LUT6 (Prop_lut6_I2_O)        0.105    18.059 r  i_ariane/i_cva6/issue_stage_i/i_issue_read_operands/mem_q[0][sbe][rd][0]_i_1/O
                         net (fo=1, routed)           0.000    18.059    i_ariane/i_cva6/issue_stage_i/i_scoreboard/mem_q_reg[0][sbe][rd][4]_2[0]
    SLICE_X42Y27         FDCE                                         r  i_ariane/i_cva6/issue_stage_i/i_scoreboard/mem_q_reg[0][sbe][rd][0]/D
  -------------------------------------------------------------------    -------------------

                         (clock sys_clk rise edge)    5.000     5.000 r  
    U7                                                0.000     5.000 r  clk_pad_i (IN)
                         net (fo=0)                   0.000     5.000    clk_pad_i
    U7                   IBUF (Prop_ibuf_I_O)         1.438     6.438 r  clk_pad_i_IBUF_inst/O
                         net (fo=1, estimated)        1.751     8.189    clk_pad_i_IBUF
    BUFGCTRL_X0Y0        BUFG (Prop_bufg_I_O)         0.077     8.266 r  i_clk_bufg/O
                         net (fo=7369, estimated)     1.240     9.506    i_ariane/i_cva6/issue_stage_i/i_scoreboard/clk_core
    SLICE_X42Y27         FDCE                                         r  i_ariane/i_cva6/issue_stage_i/i_scoreboard/mem_q_reg[0][sbe][rd][0]/C
                         clock pessimism              0.264     9.769    
                         clock uncertainty           -0.135     9.634    
    SLICE_X42Y27         FDCE (Setup_fdce_C_D)        0.076     9.710    i_ariane/i_cva6/issue_stage_i/i_scoreboard/mem_q_reg[0][sbe][rd][0]
  -------------------------------------------------------------------
                         required time                          9.710    
                         arrival time                         -18.059    
  -------------------------------------------------------------------
                         slack                                 -8.349    

Slack (VIOLATED) :        -8.342ns  (required time - arrival time)
  Source:                 i_ariane/i_cva6/issue_stage_i/i_issue_read_operands/csr_valid_q_reg[0]/C
                            (rising edge-triggered cell FDCE clocked by sys_clk  {rise@0.000ns fall@2.500ns period=5.000ns})
  Destination:            i_ariane/i_cva6/issue_stage_i/i_scoreboard/mem_q_reg[1][sbe][rd][4]/D
                            (rising edge-triggered cell FDCE clocked by sys_clk  {rise@0.000ns fall@2.500ns period=5.000ns})
  Path Group:             sys_clk
  Path Type:              Setup (Max at Slow Process Corner)
  Requirement:            5.000ns  (sys_clk rise@5.000ns - sys_clk rise@0.000ns)
  Data Path Delay:        13.174ns  (logic 4.510ns (34.234%)  route 8.664ns (65.766%))
  Logic Levels:           34  (CARRY4=16 LUT2=1 LUT3=1 LUT4=3 LUT5=1 LUT6=12)
  Clock Path Skew:        -0.065ns (DCD - SCD + CPR)
    Destination Clock Delay (DCD):    4.504ns = ( 9.504 - 5.000 ) 
    Source Clock Delay      (SCD):    4.832ns
    Clock Pessimism Removal (CPR):    0.264ns
  Clock Uncertainty:      0.135ns  ((TSJ^2 + TIJ^2)^1/2 + DJ) / 2 + PE + UU
    Total System Jitter     (TSJ):    0.071ns
    Total Input Jitter      (TIJ):    0.000ns
    Discrete Jitter          (DJ):    0.000ns
    Phase Error              (PE):    0.000ns
    User Uncertainty         (UU):    0.100ns

    Location             Delay type                Incr(ns)  Path(ns)    Netlist Resource(s)
  -------------------------------------------------------------------    -------------------
                         (clock sys_clk rise edge)    0.000     0.000 r  
    U7                                                0.000     0.000 r  clk_pad_i (IN)
                         net (fo=0)                   0.000     0.000    clk_pad_i
    U7                   IBUF (Prop_ibuf_I_O)         1.504     1.504 r  clk_pad_i_IBUF_inst/O
                         net (fo=1, estimated)        1.843     3.347    clk_pad_i_IBUF
    BUFGCTRL_X0Y0        BUFG (Prop_bufg_I_O)         0.085     3.432 r  i_clk_bufg/O
                         net (fo=7369, estimated)     1.400     4.832    i_ariane/i_cva6/issue_stage_i/i_issue_read_operands/clk_core
    SLICE_X43Y14         FDCE                                         r  i_ariane/i_cva6/issue_stage_i/i_issue_read_operands/csr_valid_q_reg[0]/C
  -------------------------------------------------------------------    -------------------
    SLICE_X43Y14         FDCE (Prop_fdce_C_Q)         0.379     5.211 r  i_ariane/i_cva6/issue_stage_i/i_issue_read_operands/csr_valid_q_reg[0]/Q
                         net (fo=158, estimated)      0.770     5.981    i_ariane/i_cva6/issue_stage_i/i_issue_read_operands/csr_valid_q_reg[0]_0
    SLICE_X40Y14         LUT6 (Prop_lut6_I0_O)        0.105     6.086 r  i_ariane/i_cva6/issue_stage_i/i_issue_read_operands/adder_result_ext_o_carry_i_13/O
                         net (fo=13, estimated)       0.405     6.491    i_ariane/i_cva6/issue_stage_i/i_issue_read_operands/adder_result_ext_o_carry_i_13_n_0
    SLICE_X40Y14         LUT6 (Prop_lut6_I1_O)        0.105     6.596 f  i_ariane/i_cva6/issue_stage_i/i_issue_read_operands/adder_result_ext_o_carry_i_10/O
                         net (fo=3, estimated)        0.346     6.942    i_ariane/i_cva6/issue_stage_i/i_issue_read_operands/adder_result_ext_o_carry_i_10_n_0
    SLICE_X40Y13         LUT6 (Prop_lut6_I0_O)        0.105     7.047 r  i_ariane/i_cva6/issue_stage_i/i_issue_read_operands/adder_result_ext_o_carry_i_16/O
                         net (fo=100, estimated)      0.334     7.381    i_ariane/i_cva6/issue_stage_i/i_issue_read_operands/adder_result_ext_o_carry_i_16_n_0
    SLICE_X40Y12         LUT6 (Prop_lut6_I5_O)        0.105     7.486 r  i_ariane/i_cva6/issue_stage_i/i_issue_read_operands/adder_result_ext_o_carry_i_9/O
                         net (fo=1, estimated)        0.655     8.141    i_ariane/i_cva6/ex_stage_i/alu_i/S[0]
    SLICE_X41Y11         CARRY4 (Prop_carry4_S[0]_CO[3])
                                                      0.545     8.686 r  i_ariane/i_cva6/ex_stage_i/alu_i/adder_result_ext_o_carry/CO[3]
                         net (fo=1, estimated)        0.000     8.686    i_ariane/i_cva6/ex_stage_i/alu_i/adder_result_ext_o_carry_n_0
    SLICE_X41Y12         CARRY4 (Prop_carry4_CI_CO[3])
                                                      0.098     8.784 r  i_ariane/i_cva6/ex_stage_i/alu_i/adder_result_ext_o_carry__0/CO[3]
                         net (fo=1, estimated)        0.000     8.784    i_ariane/i_cva6/ex_stage_i/alu_i/adder_result_ext_o_carry__0_n_0
    SLICE_X41Y13         CARRY4 (Prop_carry4_CI_CO[3])
                                                      0.098     8.882 r  i_ariane/i_cva6/ex_stage_i/alu_i/adder_result_ext_o_carry__1/CO[3]
                         net (fo=1, estimated)        0.000     8.882    i_ariane/i_cva6/ex_stage_i/alu_i/adder_result_ext_o_carry__1_n_0
    SLICE_X41Y14         CARRY4 (Prop_carry4_CI_CO[3])
                                                      0.098     8.980 r  i_ariane/i_cva6/ex_stage_i/alu_i/adder_result_ext_o_carry__2/CO[3]
                         net (fo=1, estimated)        0.000     8.980    i_ariane/i_cva6/ex_stage_i/alu_i/adder_result_ext_o_carry__2_n_0
    SLICE_X41Y15         CARRY4 (Prop_carry4_CI_CO[3])
                                                      0.098     9.078 r  i_ariane/i_cva6/ex_stage_i/alu_i/adder_result_ext_o_carry__3/CO[3]
                         net (fo=1, estimated)        0.000     9.078    i_ariane/i_cva6/ex_stage_i/alu_i/adder_result_ext_o_carry__3_n_0
    SLICE_X41Y16         CARRY4 (Prop_carry4_CI_CO[3])
                                                      0.098     9.176 r  i_ariane/i_cva6/ex_stage_i/alu_i/adder_result_ext_o_carry__4/CO[3]
                         net (fo=1, estimated)        0.000     9.176    i_ariane/i_cva6/ex_stage_i/alu_i/adder_result_ext_o_carry__4_n_0
    SLICE_X41Y17         CARRY4 (Prop_carry4_CI_CO[3])
                                                      0.098     9.274 r  i_ariane/i_cva6/ex_stage_i/alu_i/adder_result_ext_o_carry__5/CO[3]
                         net (fo=1, estimated)        0.000     9.274    i_ariane/i_cva6/ex_stage_i/alu_i/adder_result_ext_o_carry__5_n_0
    SLICE_X41Y18         CARRY4 (Prop_carry4_CI_CO[3])
                                                      0.098     9.372 r  i_ariane/i_cva6/ex_stage_i/alu_i/adder_result_ext_o_carry__6/CO[3]
                         net (fo=1, estimated)        0.000     9.372    i_ariane/i_cva6/ex_stage_i/alu_i/adder_result_ext_o_carry__6_n_0
    SLICE_X41Y19         CARRY4 (Prop_carry4_CI_CO[3])
                                                      0.098     9.470 r  i_ariane/i_cva6/ex_stage_i/alu_i/adder_result_ext_o_carry__7/CO[3]
                         net (fo=1, estimated)        0.000     9.470    i_ariane/i_cva6/ex_stage_i/alu_i/adder_result_ext_o_carry__7_n_0
    SLICE_X41Y20         CARRY4 (Prop_carry4_CI_CO[3])
                                                      0.098     9.568 r  i_ariane/i_cva6/ex_stage_i/alu_i/adder_result_ext_o_carry__8/CO[3]
                         net (fo=1, estimated)        0.000     9.568    i_ariane/i_cva6/ex_stage_i/alu_i/adder_result_ext_o_carry__8_n_0
    SLICE_X41Y21         CARRY4 (Prop_carry4_CI_CO[3])
                                                      0.098     9.666 r  i_ariane/i_cva6/ex_stage_i/alu_i/adder_result_ext_o_carry__9/CO[3]
                         net (fo=1, estimated)        0.000     9.666    i_ariane/i_cva6/ex_stage_i/alu_i/adder_result_ext_o_carry__9_n_0
    SLICE_X41Y22         CARRY4 (Prop_carry4_CI_CO[3])
                                                      0.098     9.764 r  i_ariane/i_cva6/ex_stage_i/alu_i/adder_result_ext_o_carry__10/CO[3]
                         net (fo=1, estimated)        0.000     9.764    i_ariane/i_cva6/ex_stage_i/alu_i/adder_result_ext_o_carry__10_n_0
    SLICE_X41Y23         CARRY4 (Prop_carry4_CI_CO[3])
                                                      0.098     9.862 r  i_ariane/i_cva6/ex_stage_i/alu_i/adder_result_ext_o_carry__11/CO[3]
                         net (fo=1, estimated)        0.000     9.862    i_ariane/i_cva6/ex_stage_i/alu_i/adder_result_ext_o_carry__11_n_0
    SLICE_X41Y24         CARRY4 (Prop_carry4_CI_CO[3])
                                                      0.098     9.960 r  i_ariane/i_cva6/ex_stage_i/alu_i/adder_result_ext_o_carry__12/CO[3]
                         net (fo=1, estimated)        0.008     9.968    i_ariane/i_cva6/ex_stage_i/alu_i/adder_result_ext_o_carry__12_n_0
    SLICE_X41Y25         CARRY4 (Prop_carry4_CI_CO[3])
                                                      0.098    10.066 r  i_ariane/i_cva6/ex_stage_i/alu_i/adder_result_ext_o_carry__13/CO[3]
                         net (fo=1, estimated)        0.000    10.066    i_ariane/i_cva6/ex_stage_i/alu_i/adder_result_ext_o_carry__13_n_0
    SLICE_X41Y26         CARRY4 (Prop_carry4_CI_O[0])
                                                      0.180    10.246 f  i_ariane/i_cva6/ex_stage_i/alu_i/adder_result_ext_o_carry__14/O[0]
                         net (fo=2, estimated)        0.643    10.889    i_ariane/i_cva6/issue_stage_i/i_issue_read_operands/adder_result[60]
    SLICE_X43Y25         LUT4 (Prop_lut4_I0_O)        0.249    11.138 f  i_ariane/i_cva6/issue_stage_i/i_issue_read_operands/i___65_i_25/O
                         net (fo=1, estimated)        0.113    11.251    i_ariane/i_cva6/ex_stage_i/alu_i/i___65_i_10_1
    SLICE_X43Y25         LUT5 (Prop_lut5_I4_O)        0.105    11.356 f  i_ariane/i_cva6/ex_stage_i/alu_i/i___65_i_21/O
                         net (fo=1, estimated)        0.230    11.586    i_ariane/i_cva6/ex_stage_i/alu_i/i___65_i_21_n_0
    SLICE_X40Y25         LUT6 (Prop_lut6_I5_O)        0.105    11.691 f  i_ariane/i_cva6/ex_stage_i/alu_i/i___65_i_10/O
                         net (fo=2, estimated)        0.573    12.264    i_ariane/i_cva6/ex_stage_i/alu_i/i___65_i_10_n_0
    SLICE_X35Y16         LUT4 (Prop_lut4_I3_O)        0.105    12.369 f  i_ariane/i_cva6/ex_stage_i/alu_i/i___65_i_3/O
                         net (fo=1, estimated)        0.331    12.700    i_ariane/i_cva6/issue_stage_i/i_issue_read_operands/issue_q[0][valid]_i_4
    SLICE_X34Y16         LUT6 (Prop_lut6_I2_O)        0.105    12.805 r  i_ariane/i_cva6/issue_stage_i/i_issue_read_operands/i___65_i_1__0/O
                         net (fo=70, estimated)       0.334    13.139    i_ariane/i_cva6/issue_stage_i/i_issue_read_operands/fu_data_q_reg[0][operation][0]_32
    SLICE_X34Y15         LUT6 (Prop_lut6_I1_O)        0.105    13.244 f  i_ariane/i_cva6/issue_stage_i/i_issue_read_operands/npc_q[63]_bret__277_i_2/O
                         net (fo=9, estimated)        0.265    13.509    i_ariane/i_cva6/controller_i/resolved_branch[is_mispredict]
    SLICE_X35Y15         LUT6 (Prop_lut6_I3_O)        0.105    13.614 f  i_ariane/i_cva6/controller_i/i___63_i_1/O
                         net (fo=40, estimated)       0.511    14.125    i_ariane/i_cva6/issue_stage_i/i_scoreboard/flush_ctrl_if
    SLICE_X35Y18         LUT2 (Prop_lut2_I0_O)        0.105    14.230 f  i_ariane/i_cva6/issue_stage_i/i_scoreboard/i__i_2__0/O
                         net (fo=1, estimated)        0.463    14.693    i_ariane/i_cva6/issue_stage_i/i_scoreboard/i__i_2__0_n_0
    SLICE_X35Y20         LUT6 (Prop_lut6_I0_O)        0.105    14.798 f  i_ariane/i_cva6/issue_stage_i/i_scoreboard/i__i_1__0/O
                         net (fo=58, estimated)       0.543    15.341    i_ariane/i_cva6/issue_stage_i/i_scoreboard/issue_q_reg[0][sbe][valid]
    SLICE_X35Y21         LUT3 (Prop_lut3_I0_O)        0.105    15.446 r  i_ariane/i_cva6/issue_stage_i/i_scoreboard/mem_q[3][sbe][pc][63]_i_1/O
                         net (fo=79, estimated)       0.318    15.764    i_ariane/i_cva6/issue_stage_i/i_scoreboard/mem_q[3][sbe][pc][63]_i_1_n_0
    SLICE_X35Y22         LUT6 (Prop_lut6_I2_O)        0.105    15.869 r  i_ariane/i_cva6/issue_stage_i/i_scoreboard/mem_q[0][sbe][rd][4]_i_8/O
                         net (fo=1, estimated)        0.947    16.816    i_ariane/i_cva6/issue_stage_i/i_scoreboard/mem_q[0][sbe][rd][4]_i_8_n_0
    SLICE_X41Y27         LUT6 (Prop_lut6_I1_O)        0.105    16.921 r  i_ariane/i_cva6/issue_stage_i/i_scoreboard/mem_q[0][sbe][rd][4]_i_5/O
                         net (fo=10, estimated)       0.487    17.408    i_ariane/i_cva6/ex_stage_i/lsu_i/i_pipe_reg_load/mem_q_reg[0][sbe][rd][2]_3
    SLICE_X39Y26         LUT4 (Prop_lut4_I1_O)        0.105    17.513 r  i_ariane/i_cva6/ex_stage_i/lsu_i/i_pipe_reg_load/mem_q[1][sbe][rd][4]_i_5/O
                         net (fo=4, estimated)        0.388    17.901    i_ariane/i_cva6/issue_stage_i/i_scoreboard/mem_q_reg[1][sbe][rd][4]_2
    SLICE_X40Y26         LUT6 (Prop_lut6_I3_O)        0.105    18.006 r  i_ariane/i_cva6/issue_stage_i/i_scoreboard/mem_q[1][sbe][rd][4]_i_1/O
                         net (fo=1, routed)           0.000    18.006    i_ariane/i_cva6/issue_stage_i/i_scoreboard/mem_q[1][sbe][rd][4]_i_1_n_0
    SLICE_X40Y26         FDCE                                         r  i_ariane/i_cva6/issue_stage_i/i_scoreboard/mem_q_reg[1][sbe][rd][4]/D
  -------------------------------------------------------------------    -------------------

                         (clock sys_clk rise edge)    5.000     5.000 r  
    U7                                                0.000     5.000 r  clk_pad_i (IN)
                         net (fo=0)                   0.000     5.000    clk_pad_i
    U7                   IBUF (Prop_ibuf_I_O)         1.438     6.438 r  clk_pad_i_IBUF_inst/O
                         net (fo=1, estimated)        1.751     8.189    clk_pad_i_IBUF
    BUFGCTRL_X0Y0        BUFG (Prop_bufg_I_O)         0.077     8.266 r  i_clk_bufg/O
                         net (fo=7369, estimated)     1.238     9.504    i_ariane/i_cva6/issue_stage_i/i_scoreboard/clk_core
    SLICE_X40Y26         FDCE                                         r  i_ariane/i_cva6/issue_stage_i/i_scoreboard/mem_q_reg[1][sbe][rd][4]/C
                         clock pessimism              0.264     9.767    
                         clock uncertainty           -0.135     9.632    
    SLICE_X40Y26         FDCE (Setup_fdce_C_D)        0.032     9.664    i_ariane/i_cva6/issue_stage_i/i_scoreboard/mem_q_reg[1][sbe][rd][4]
  -------------------------------------------------------------------
                         required time                          9.664    
                         arrival time                         -18.006    
  -------------------------------------------------------------------
                         slack                                 -8.342    

Slack (VIOLATED) :        -8.324ns  (required time - arrival time)
  Source:                 i_ariane/i_cva6/issue_stage_i/i_issue_read_operands/csr_valid_q_reg[0]/C
                            (rising edge-triggered cell FDCE clocked by sys_clk  {rise@0.000ns fall@2.500ns period=5.000ns})
  Destination:            i_ariane/i_cva6/issue_stage_i/i_scoreboard/mem_q_reg[1][sbe][rd][1]/D
                            (rising edge-triggered cell FDCE clocked by sys_clk  {rise@0.000ns fall@2.500ns period=5.000ns})
  Path Group:             sys_clk
  Path Type:              Setup (Max at Slow Process Corner)
  Requirement:            5.000ns  (sys_clk rise@5.000ns - sys_clk rise@0.000ns)
  Data Path Delay:        13.201ns  (logic 4.510ns (34.164%)  route 8.691ns (65.836%))
  Logic Levels:           34  (CARRY4=16 LUT2=1 LUT3=1 LUT4=2 LUT5=1 LUT6=13)
  Clock Path Skew:        -0.064ns (DCD - SCD + CPR)
    Destination Clock Delay (DCD):    4.505ns = ( 9.505 - 5.000 ) 
    Source Clock Delay      (SCD):    4.832ns
    Clock Pessimism Removal (CPR):    0.264ns
  Clock Uncertainty:      0.135ns  ((TSJ^2 + TIJ^2)^1/2 + DJ) / 2 + PE + UU
    Total System Jitter     (TSJ):    0.071ns
    Total Input Jitter      (TIJ):    0.000ns
    Discrete Jitter          (DJ):    0.000ns
    Phase Error              (PE):    0.000ns
    User Uncertainty         (UU):    0.100ns

    Location             Delay type                Incr(ns)  Path(ns)    Netlist Resource(s)
  -------------------------------------------------------------------    -------------------
                         (clock sys_clk rise edge)    0.000     0.000 r  
    U7                                                0.000     0.000 r  clk_pad_i (IN)
                         net (fo=0)                   0.000     0.000    clk_pad_i
    U7                   IBUF (Prop_ibuf_I_O)         1.504     1.504 r  clk_pad_i_IBUF_inst/O
                         net (fo=1, estimated)        1.843     3.347    clk_pad_i_IBUF
    BUFGCTRL_X0Y0        BUFG (Prop_bufg_I_O)         0.085     3.432 r  i_clk_bufg/O
                         net (fo=7369, estimated)     1.400     4.832    i_ariane/i_cva6/issue_stage_i/i_issue_read_operands/clk_core
    SLICE_X43Y14         FDCE                                         r  i_ariane/i_cva6/issue_stage_i/i_issue_read_operands/csr_valid_q_reg[0]/C
  -------------------------------------------------------------------    -------------------
    SLICE_X43Y14         FDCE (Prop_fdce_C_Q)         0.379     5.211 r  i_ariane/i_cva6/issue_stage_i/i_issue_read_operands/csr_valid_q_reg[0]/Q
                         net (fo=158, estimated)      0.770     5.981    i_ariane/i_cva6/issue_stage_i/i_issue_read_operands/csr_valid_q_reg[0]_0
    SLICE_X40Y14         LUT6 (Prop_lut6_I0_O)        0.105     6.086 r  i_ariane/i_cva6/issue_stage_i/i_issue_read_operands/adder_result_ext_o_carry_i_13/O
                         net (fo=13, estimated)       0.405     6.491    i_ariane/i_cva6/issue_stage_i/i_issue_read_operands/adder_result_ext_o_carry_i_13_n_0
    SLICE_X40Y14         LUT6 (Prop_lut6_I1_O)        0.105     6.596 f  i_ariane/i_cva6/issue_stage_i/i_issue_read_operands/adder_result_ext_o_carry_i_10/O
                         net (fo=3, estimated)        0.346     6.942    i_ariane/i_cva6/issue_stage_i/i_issue_read_operands/adder_result_ext_o_carry_i_10_n_0
    SLICE_X40Y13         LUT6 (Prop_lut6_I0_O)        0.105     7.047 r  i_ariane/i_cva6/issue_stage_i/i_issue_read_operands/adder_result_ext_o_carry_i_16/O
                         net (fo=100, estimated)      0.334     7.381    i_ariane/i_cva6/issue_stage_i/i_issue_read_operands/adder_result_ext_o_carry_i_16_n_0
    SLICE_X40Y12         LUT6 (Prop_lut6_I5_O)        0.105     7.486 r  i_ariane/i_cva6/issue_stage_i/i_issue_read_operands/adder_result_ext_o_carry_i_9/O
                         net (fo=1, estimated)        0.655     8.141    i_ariane/i_cva6/ex_stage_i/alu_i/S[0]
    SLICE_X41Y11         CARRY4 (Prop_carry4_S[0]_CO[3])
                                                      0.545     8.686 r  i_ariane/i_cva6/ex_stage_i/alu_i/adder_result_ext_o_carry/CO[3]
                         net (fo=1, estimated)        0.000     8.686    i_ariane/i_cva6/ex_stage_i/alu_i/adder_result_ext_o_carry_n_0
    SLICE_X41Y12         CARRY4 (Prop_carry4_CI_CO[3])
                                                      0.098     8.784 r  i_ariane/i_cva6/ex_stage_i/alu_i/adder_result_ext_o_carry__0/CO[3]
                         net (fo=1, estimated)        0.000     8.784    i_ariane/i_cva6/ex_stage_i/alu_i/adder_result_ext_o_carry__0_n_0
    SLICE_X41Y13         CARRY4 (Prop_carry4_CI_CO[3])
                                                      0.098     8.882 r  i_ariane/i_cva6/ex_stage_i/alu_i/adder_result_ext_o_carry__1/CO[3]
                         net (fo=1, estimated)        0.000     8.882    i_ariane/i_cva6/ex_stage_i/alu_i/adder_result_ext_o_carry__1_n_0
    SLICE_X41Y14         CARRY4 (Prop_carry4_CI_CO[3])
                                                      0.098     8.980 r  i_ariane/i_cva6/ex_stage_i/alu_i/adder_result_ext_o_carry__2/CO[3]
                         net (fo=1, estimated)        0.000     8.980    i_ariane/i_cva6/ex_stage_i/alu_i/adder_result_ext_o_carry__2_n_0
    SLICE_X41Y15         CARRY4 (Prop_carry4_CI_CO[3])
                                                      0.098     9.078 r  i_ariane/i_cva6/ex_stage_i/alu_i/adder_result_ext_o_carry__3/CO[3]
                         net (fo=1, estimated)        0.000     9.078    i_ariane/i_cva6/ex_stage_i/alu_i/adder_result_ext_o_carry__3_n_0
    SLICE_X41Y16         CARRY4 (Prop_carry4_CI_CO[3])
                                                      0.098     9.176 r  i_ariane/i_cva6/ex_stage_i/alu_i/adder_result_ext_o_carry__4/CO[3]
                         net (fo=1, estimated)        0.000     9.176    i_ariane/i_cva6/ex_stage_i/alu_i/adder_result_ext_o_carry__4_n_0
    SLICE_X41Y17         CARRY4 (Prop_carry4_CI_CO[3])
                                                      0.098     9.274 r  i_ariane/i_cva6/ex_stage_i/alu_i/adder_result_ext_o_carry__5/CO[3]
                         net (fo=1, estimated)        0.000     9.274    i_ariane/i_cva6/ex_stage_i/alu_i/adder_result_ext_o_carry__5_n_0
    SLICE_X41Y18         CARRY4 (Prop_carry4_CI_CO[3])
                                                      0.098     9.372 r  i_ariane/i_cva6/ex_stage_i/alu_i/adder_result_ext_o_carry__6/CO[3]
                         net (fo=1, estimated)        0.000     9.372    i_ariane/i_cva6/ex_stage_i/alu_i/adder_result_ext_o_carry__6_n_0
    SLICE_X41Y19         CARRY4 (Prop_carry4_CI_CO[3])
                                                      0.098     9.470 r  i_ariane/i_cva6/ex_stage_i/alu_i/adder_result_ext_o_carry__7/CO[3]
                         net (fo=1, estimated)        0.000     9.470    i_ariane/i_cva6/ex_stage_i/alu_i/adder_result_ext_o_carry__7_n_0
    SLICE_X41Y20         CARRY4 (Prop_carry4_CI_CO[3])
                                                      0.098     9.568 r  i_ariane/i_cva6/ex_stage_i/alu_i/adder_result_ext_o_carry__8/CO[3]
                         net (fo=1, estimated)        0.000     9.568    i_ariane/i_cva6/ex_stage_i/alu_i/adder_result_ext_o_carry__8_n_0
    SLICE_X41Y21         CARRY4 (Prop_carry4_CI_CO[3])
                                                      0.098     9.666 r  i_ariane/i_cva6/ex_stage_i/alu_i/adder_result_ext_o_carry__9/CO[3]
                         net (fo=1, estimated)        0.000     9.666    i_ariane/i_cva6/ex_stage_i/alu_i/adder_result_ext_o_carry__9_n_0
    SLICE_X41Y22         CARRY4 (Prop_carry4_CI_CO[3])
                                                      0.098     9.764 r  i_ariane/i_cva6/ex_stage_i/alu_i/adder_result_ext_o_carry__10/CO[3]
                         net (fo=1, estimated)        0.000     9.764    i_ariane/i_cva6/ex_stage_i/alu_i/adder_result_ext_o_carry__10_n_0
    SLICE_X41Y23         CARRY4 (Prop_carry4_CI_CO[3])
                                                      0.098     9.862 r  i_ariane/i_cva6/ex_stage_i/alu_i/adder_result_ext_o_carry__11/CO[3]
                         net (fo=1, estimated)        0.000     9.862    i_ariane/i_cva6/ex_stage_i/alu_i/adder_result_ext_o_carry__11_n_0
    SLICE_X41Y24         CARRY4 (Prop_carry4_CI_CO[3])
                                                      0.098     9.960 r  i_ariane/i_cva6/ex_stage_i/alu_i/adder_result_ext_o_carry__12/CO[3]
                         net (fo=1, estimated)        0.008     9.968    i_ariane/i_cva6/ex_stage_i/alu_i/adder_result_ext_o_carry__12_n_0
    SLICE_X41Y25         CARRY4 (Prop_carry4_CI_CO[3])
                                                      0.098    10.066 r  i_ariane/i_cva6/ex_stage_i/alu_i/adder_result_ext_o_carry__13/CO[3]
                         net (fo=1, estimated)        0.000    10.066    i_ariane/i_cva6/ex_stage_i/alu_i/adder_result_ext_o_carry__13_n_0
    SLICE_X41Y26         CARRY4 (Prop_carry4_CI_O[0])
                                                      0.180    10.246 f  i_ariane/i_cva6/ex_stage_i/alu_i/adder_result_ext_o_carry__14/O[0]
                         net (fo=2, estimated)        0.643    10.889    i_ariane/i_cva6/issue_stage_i/i_issue_read_operands/adder_result[60]
    SLICE_X43Y25         LUT4 (Prop_lut4_I0_O)        0.249    11.138 f  i_ariane/i_cva6/issue_stage_i/i_issue_read_operands/i___65_i_25/O
                         net (fo=1, estimated)        0.113    11.251    i_ariane/i_cva6/ex_stage_i/alu_i/i___65_i_10_1
    SLICE_X43Y25         LUT5 (Prop_lut5_I4_O)        0.105    11.356 f  i_ariane/i_cva6/ex_stage_i/alu_i/i___65_i_21/O
                         net (fo=1, estimated)        0.230    11.586    i_ariane/i_cva6/ex_stage_i/alu_i/i___65_i_21_n_0
    SLICE_X40Y25         LUT6 (Prop_lut6_I5_O)        0.105    11.691 f  i_ariane/i_cva6/ex_stage_i/alu_i/i___65_i_10/O
                         net (fo=2, estimated)        0.573    12.264    i_ariane/i_cva6/ex_stage_i/alu_i/i___65_i_10_n_0
    SLICE_X35Y16         LUT4 (Prop_lut4_I3_O)        0.105    12.369 f  i_ariane/i_cva6/ex_stage_i/alu_i/i___65_i_3/O
                         net (fo=1, estimated)        0.331    12.700    i_ariane/i_cva6/issue_stage_i/i_issue_read_operands/issue_q[0][valid]_i_4
    SLICE_X34Y16         LUT6 (Prop_lut6_I2_O)        0.105    12.805 r  i_ariane/i_cva6/issue_stage_i/i_issue_read_operands/i___65_i_1__0/O
                         net (fo=70, estimated)       0.334    13.139    i_ariane/i_cva6/issue_stage_i/i_issue_read_operands/fu_data_q_reg[0][operation][0]_32
    SLICE_X34Y15         LUT6 (Prop_lut6_I1_O)        0.105    13.244 f  i_ariane/i_cva6/issue_stage_i/i_issue_read_operands/npc_q[63]_bret__277_i_2/O
                         net (fo=9, estimated)        0.265    13.509    i_ariane/i_cva6/controller_i/resolved_branch[is_mispredict]
    SLICE_X35Y15         LUT6 (Prop_lut6_I3_O)        0.105    13.614 f  i_ariane/i_cva6/controller_i/i___63_i_1/O
                         net (fo=40, estimated)       0.511    14.125    i_ariane/i_cva6/issue_stage_i/i_scoreboard/flush_ctrl_if
    SLICE_X35Y18         LUT2 (Prop_lut2_I0_O)        0.105    14.230 f  i_ariane/i_cva6/issue_stage_i/i_scoreboard/i__i_2__0/O
                         net (fo=1, estimated)        0.463    14.693    i_ariane/i_cva6/issue_stage_i/i_scoreboard/i__i_2__0_n_0
    SLICE_X35Y20         LUT6 (Prop_lut6_I0_O)        0.105    14.798 f  i_ariane/i_cva6/issue_stage_i/i_scoreboard/i__i_1__0/O
                         net (fo=58, estimated)       0.543    15.341    i_ariane/i_cva6/issue_stage_i/i_scoreboard/issue_q_reg[0][sbe][valid]
    SLICE_X35Y21         LUT3 (Prop_lut3_I0_O)        0.105    15.446 r  i_ariane/i_cva6/issue_stage_i/i_scoreboard/mem_q[3][sbe][pc][63]_i_1/O
                         net (fo=79, estimated)       0.458    15.904    i_ariane/i_cva6/issue_stage_i/i_scoreboard/mem_q[3][sbe][pc][63]_i_1_n_0
    SLICE_X39Y22         LUT6 (Prop_lut6_I2_O)        0.105    16.009 r  i_ariane/i_cva6/issue_stage_i/i_scoreboard/mem_q[0][sbe][rd][4]_i_13/O
                         net (fo=1, estimated)        0.814    16.823    i_ariane/i_cva6/issue_stage_i/i_scoreboard/mem_q[0][sbe][rd][4]_i_13_n_0
    SLICE_X40Y26         LUT6 (Prop_lut6_I1_O)        0.105    16.928 r  i_ariane/i_cva6/issue_stage_i/i_scoreboard/mem_q[0][sbe][rd][4]_i_6/O
                         net (fo=10, estimated)       0.664    17.592    i_ariane/i_cva6/issue_stage_i/i_scoreboard/issue_q_reg[0][sbe][fu][1]_1
    SLICE_X36Y27         LUT6 (Prop_lut6_I1_O)        0.105    17.697 r  i_ariane/i_cva6/issue_stage_i/i_scoreboard/mem_q[1][sbe][rd][1]_i_2/O
                         net (fo=1, estimated)        0.231    17.928    i_ariane/i_cva6/issue_stage_i/i_scoreboard/mem_q[1][sbe][rd][1]_i_2_n_0
    SLICE_X36Y26         LUT6 (Prop_lut6_I3_O)        0.105    18.033 r  i_ariane/i_cva6/issue_stage_i/i_scoreboard/mem_q[1][sbe][rd][1]_i_1/O
                         net (fo=1, routed)           0.000    18.033    i_ariane/i_cva6/issue_stage_i/i_scoreboard/mem_q[1][sbe][rd][1]_i_1_n_0
    SLICE_X36Y26         FDCE                                         r  i_ariane/i_cva6/issue_stage_i/i_scoreboard/mem_q_reg[1][sbe][rd][1]/D
  -------------------------------------------------------------------    -------------------

                         (clock sys_clk rise edge)    5.000     5.000 r  
    U7                                                0.000     5.000 r  clk_pad_i (IN)
                         net (fo=0)                   0.000     5.000    clk_pad_i
    U7                   IBUF (Prop_ibuf_I_O)         1.438     6.438 r  clk_pad_i_IBUF_inst/O
                         net (fo=1, estimated)        1.751     8.189    clk_pad_i_IBUF
    BUFGCTRL_X0Y0        BUFG (Prop_bufg_I_O)         0.077     8.266 r  i_clk_bufg/O
                         net (fo=7369, estimated)     1.239     9.505    i_ariane/i_cva6/issue_stage_i/i_scoreboard/clk_core
    SLICE_X36Y26         FDCE                                         r  i_ariane/i_cva6/issue_stage_i/i_scoreboard/mem_q_reg[1][sbe][rd][1]/C
                         clock pessimism              0.264     9.768    
                         clock uncertainty           -0.135     9.633    
    SLICE_X36Y26         FDCE (Setup_fdce_C_D)        0.076     9.709    i_ariane/i_cva6/issue_stage_i/i_scoreboard/mem_q_reg[1][sbe][rd][1]
  -------------------------------------------------------------------
                         required time                          9.709    
                         arrival time                         -18.033    
  -------------------------------------------------------------------
                         slack                                 -8.324    

Slack (VIOLATED) :        -8.323ns  (required time - arrival time)
  Source:                 i_ariane/i_cva6/issue_stage_i/i_issue_read_operands/csr_valid_q_reg[0]/C
                            (rising edge-triggered cell FDCE clocked by sys_clk  {rise@0.000ns fall@2.500ns period=5.000ns})
  Destination:            i_ariane/i_cva6/issue_stage_i/i_scoreboard/mem_q_reg[2][sbe][rd][1]/D
                            (rising edge-triggered cell FDCE clocked by sys_clk  {rise@0.000ns fall@2.500ns period=5.000ns})
  Path Group:             sys_clk
  Path Type:              Setup (Max at Slow Process Corner)
  Requirement:            5.000ns  (sys_clk rise@5.000ns - sys_clk rise@0.000ns)
  Data Path Delay:        13.198ns  (logic 4.510ns (34.172%)  route 8.688ns (65.828%))
  Logic Levels:           34  (CARRY4=16 LUT2=1 LUT3=1 LUT4=2 LUT5=2 LUT6=12)
  Clock Path Skew:        -0.064ns (DCD - SCD + CPR)
    Destination Clock Delay (DCD):    4.505ns = ( 9.505 - 5.000 ) 
    Source Clock Delay      (SCD):    4.832ns
    Clock Pessimism Removal (CPR):    0.264ns
  Clock Uncertainty:      0.135ns  ((TSJ^2 + TIJ^2)^1/2 + DJ) / 2 + PE + UU
    Total System Jitter     (TSJ):    0.071ns
    Total Input Jitter      (TIJ):    0.000ns
    Discrete Jitter          (DJ):    0.000ns
    Phase Error              (PE):    0.000ns
    User Uncertainty         (UU):    0.100ns

    Location             Delay type                Incr(ns)  Path(ns)    Netlist Resource(s)
  -------------------------------------------------------------------    -------------------
                         (clock sys_clk rise edge)    0.000     0.000 r  
    U7                                                0.000     0.000 r  clk_pad_i (IN)
                         net (fo=0)                   0.000     0.000    clk_pad_i
    U7                   IBUF (Prop_ibuf_I_O)         1.504     1.504 r  clk_pad_i_IBUF_inst/O
                         net (fo=1, estimated)        1.843     3.347    clk_pad_i_IBUF
    BUFGCTRL_X0Y0        BUFG (Prop_bufg_I_O)         0.085     3.432 r  i_clk_bufg/O
                         net (fo=7369, estimated)     1.400     4.832    i_ariane/i_cva6/issue_stage_i/i_issue_read_operands/clk_core
    SLICE_X43Y14         FDCE                                         r  i_ariane/i_cva6/issue_stage_i/i_issue_read_operands/csr_valid_q_reg[0]/C
  -------------------------------------------------------------------    -------------------
    SLICE_X43Y14         FDCE (Prop_fdce_C_Q)         0.379     5.211 r  i_ariane/i_cva6/issue_stage_i/i_issue_read_operands/csr_valid_q_reg[0]/Q
                         net (fo=158, estimated)      0.770     5.981    i_ariane/i_cva6/issue_stage_i/i_issue_read_operands/csr_valid_q_reg[0]_0
    SLICE_X40Y14         LUT6 (Prop_lut6_I0_O)        0.105     6.086 r  i_ariane/i_cva6/issue_stage_i/i_issue_read_operands/adder_result_ext_o_carry_i_13/O
                         net (fo=13, estimated)       0.405     6.491    i_ariane/i_cva6/issue_stage_i/i_issue_read_operands/adder_result_ext_o_carry_i_13_n_0
    SLICE_X40Y14         LUT6 (Prop_lut6_I1_O)        0.105     6.596 f  i_ariane/i_cva6/issue_stage_i/i_issue_read_operands/adder_result_ext_o_carry_i_10/O
                         net (fo=3, estimated)        0.346     6.942    i_ariane/i_cva6/issue_stage_i/i_issue_read_operands/adder_result_ext_o_carry_i_10_n_0
    SLICE_X40Y13         LUT6 (Prop_lut6_I0_O)        0.105     7.047 r  i_ariane/i_cva6/issue_stage_i/i_issue_read_operands/adder_result_ext_o_carry_i_16/O
                         net (fo=100, estimated)      0.334     7.381    i_ariane/i_cva6/issue_stage_i/i_issue_read_operands/adder_result_ext_o_carry_i_16_n_0
    SLICE_X40Y12         LUT6 (Prop_lut6_I5_O)        0.105     7.486 r  i_ariane/i_cva6/issue_stage_i/i_issue_read_operands/adder_result_ext_o_carry_i_9/O
                         net (fo=1, estimated)        0.655     8.141    i_ariane/i_cva6/ex_stage_i/alu_i/S[0]
    SLICE_X41Y11         CARRY4 (Prop_carry4_S[0]_CO[3])
                                                      0.545     8.686 r  i_ariane/i_cva6/ex_stage_i/alu_i/adder_result_ext_o_carry/CO[3]
                         net (fo=1, estimated)        0.000     8.686    i_ariane/i_cva6/ex_stage_i/alu_i/adder_result_ext_o_carry_n_0
    SLICE_X41Y12         CARRY4 (Prop_carry4_CI_CO[3])
                                                      0.098     8.784 r  i_ariane/i_cva6/ex_stage_i/alu_i/adder_result_ext_o_carry__0/CO[3]
                         net (fo=1, estimated)        0.000     8.784    i_ariane/i_cva6/ex_stage_i/alu_i/adder_result_ext_o_carry__0_n_0
    SLICE_X41Y13         CARRY4 (Prop_carry4_CI_CO[3])
                                                      0.098     8.882 r  i_ariane/i_cva6/ex_stage_i/alu_i/adder_result_ext_o_carry__1/CO[3]
                         net (fo=1, estimated)        0.000     8.882    i_ariane/i_cva6/ex_stage_i/alu_i/adder_result_ext_o_carry__1_n_0
    SLICE_X41Y14         CARRY4 (Prop_carry4_CI_CO[3])
                                                      0.098     8.980 r  i_ariane/i_cva6/ex_stage_i/alu_i/adder_result_ext_o_carry__2/CO[3]
                         net (fo=1, estimated)        0.000     8.980    i_ariane/i_cva6/ex_stage_i/alu_i/adder_result_ext_o_carry__2_n_0
    SLICE_X41Y15         CARRY4 (Prop_carry4_CI_CO[3])
                                                      0.098     9.078 r  i_ariane/i_cva6/ex_stage_i/alu_i/adder_result_ext_o_carry__3/CO[3]
                         net (fo=1, estimated)        0.000     9.078    i_ariane/i_cva6/ex_stage_i/alu_i/adder_result_ext_o_carry__3_n_0
    SLICE_X41Y16         CARRY4 (Prop_carry4_CI_CO[3])
                                                      0.098     9.176 r  i_ariane/i_cva6/ex_stage_i/alu_i/adder_result_ext_o_carry__4/CO[3]
                         net (fo=1, estimated)        0.000     9.176    i_ariane/i_cva6/ex_stage_i/alu_i/adder_result_ext_o_carry__4_n_0
    SLICE_X41Y17         CARRY4 (Prop_carry4_CI_CO[3])
                                                      0.098     9.274 r  i_ariane/i_cva6/ex_stage_i/alu_i/adder_result_ext_o_carry__5/CO[3]
                         net (fo=1, estimated)        0.000     9.274    i_ariane/i_cva6/ex_stage_i/alu_i/adder_result_ext_o_carry__5_n_0
    SLICE_X41Y18         CARRY4 (Prop_carry4_CI_CO[3])
                                                      0.098     9.372 r  i_ariane/i_cva6/ex_stage_i/alu_i/adder_result_ext_o_carry__6/CO[3]
                         net (fo=1, estimated)        0.000     9.372    i_ariane/i_cva6/ex_stage_i/alu_i/adder_result_ext_o_carry__6_n_0
    SLICE_X41Y19         CARRY4 (Prop_carry4_CI_CO[3])
                                                      0.098     9.470 r  i_ariane/i_cva6/ex_stage_i/alu_i/adder_result_ext_o_carry__7/CO[3]
                         net (fo=1, estimated)        0.000     9.470    i_ariane/i_cva6/ex_stage_i/alu_i/adder_result_ext_o_carry__7_n_0
    SLICE_X41Y20         CARRY4 (Prop_carry4_CI_CO[3])
                                                      0.098     9.568 r  i_ariane/i_cva6/ex_stage_i/alu_i/adder_result_ext_o_carry__8/CO[3]
                         net (fo=1, estimated)        0.000     9.568    i_ariane/i_cva6/ex_stage_i/alu_i/adder_result_ext_o_carry__8_n_0
    SLICE_X41Y21         CARRY4 (Prop_carry4_CI_CO[3])
                                                      0.098     9.666 r  i_ariane/i_cva6/ex_stage_i/alu_i/adder_result_ext_o_carry__9/CO[3]
                         net (fo=1, estimated)        0.000     9.666    i_ariane/i_cva6/ex_stage_i/alu_i/adder_result_ext_o_carry__9_n_0
    SLICE_X41Y22         CARRY4 (Prop_carry4_CI_CO[3])
                                                      0.098     9.764 r  i_ariane/i_cva6/ex_stage_i/alu_i/adder_result_ext_o_carry__10/CO[3]
                         net (fo=1, estimated)        0.000     9.764    i_ariane/i_cva6/ex_stage_i/alu_i/adder_result_ext_o_carry__10_n_0
    SLICE_X41Y23         CARRY4 (Prop_carry4_CI_CO[3])
                                                      0.098     9.862 r  i_ariane/i_cva6/ex_stage_i/alu_i/adder_result_ext_o_carry__11/CO[3]
                         net (fo=1, estimated)        0.000     9.862    i_ariane/i_cva6/ex_stage_i/alu_i/adder_result_ext_o_carry__11_n_0
    SLICE_X41Y24         CARRY4 (Prop_carry4_CI_CO[3])
                                                      0.098     9.960 r  i_ariane/i_cva6/ex_stage_i/alu_i/adder_result_ext_o_carry__12/CO[3]
                         net (fo=1, estimated)        0.008     9.968    i_ariane/i_cva6/ex_stage_i/alu_i/adder_result_ext_o_carry__12_n_0
    SLICE_X41Y25         CARRY4 (Prop_carry4_CI_CO[3])
                                                      0.098    10.066 r  i_ariane/i_cva6/ex_stage_i/alu_i/adder_result_ext_o_carry__13/CO[3]
                         net (fo=1, estimated)        0.000    10.066    i_ariane/i_cva6/ex_stage_i/alu_i/adder_result_ext_o_carry__13_n_0
    SLICE_X41Y26         CARRY4 (Prop_carry4_CI_O[0])
                                                      0.180    10.246 f  i_ariane/i_cva6/ex_stage_i/alu_i/adder_result_ext_o_carry__14/O[0]
                         net (fo=2, estimated)        0.643    10.889    i_ariane/i_cva6/issue_stage_i/i_issue_read_operands/adder_result[60]
    SLICE_X43Y25         LUT4 (Prop_lut4_I0_O)        0.249    11.138 f  i_ariane/i_cva6/issue_stage_i/i_issue_read_operands/i___65_i_25/O
                         net (fo=1, estimated)        0.113    11.251    i_ariane/i_cva6/ex_stage_i/alu_i/i___65_i_10_1
    SLICE_X43Y25         LUT5 (Prop_lut5_I4_O)        0.105    11.356 f  i_ariane/i_cva6/ex_stage_i/alu_i/i___65_i_21/O
                         net (fo=1, estimated)        0.230    11.586    i_ariane/i_cva6/ex_stage_i/alu_i/i___65_i_21_n_0
    SLICE_X40Y25         LUT6 (Prop_lut6_I5_O)        0.105    11.691 f  i_ariane/i_cva6/ex_stage_i/alu_i/i___65_i_10/O
                         net (fo=2, estimated)        0.573    12.264    i_ariane/i_cva6/ex_stage_i/alu_i/i___65_i_10_n_0
    SLICE_X35Y16         LUT4 (Prop_lut4_I3_O)        0.105    12.369 f  i_ariane/i_cva6/ex_stage_i/alu_i/i___65_i_3/O
                         net (fo=1, estimated)        0.331    12.700    i_ariane/i_cva6/issue_stage_i/i_issue_read_operands/issue_q[0][valid]_i_4
    SLICE_X34Y16         LUT6 (Prop_lut6_I2_O)        0.105    12.805 r  i_ariane/i_cva6/issue_stage_i/i_issue_read_operands/i___65_i_1__0/O
                         net (fo=70, estimated)       0.334    13.139    i_ariane/i_cva6/issue_stage_i/i_issue_read_operands/fu_data_q_reg[0][operation][0]_32
    SLICE_X34Y15         LUT6 (Prop_lut6_I1_O)        0.105    13.244 f  i_ariane/i_cva6/issue_stage_i/i_issue_read_operands/npc_q[63]_bret__277_i_2/O
                         net (fo=9, estimated)        0.265    13.509    i_ariane/i_cva6/controller_i/resolved_branch[is_mispredict]
    SLICE_X35Y15         LUT6 (Prop_lut6_I3_O)        0.105    13.614 f  i_ariane/i_cva6/controller_i/i___63_i_1/O
                         net (fo=40, estimated)       0.511    14.125    i_ariane/i_cva6/issue_stage_i/i_scoreboard/flush_ctrl_if
    SLICE_X35Y18         LUT2 (Prop_lut2_I0_O)        0.105    14.230 f  i_ariane/i_cva6/issue_stage_i/i_scoreboard/i__i_2__0/O
                         net (fo=1, estimated)        0.463    14.693    i_ariane/i_cva6/issue_stage_i/i_scoreboard/i__i_2__0_n_0
    SLICE_X35Y20         LUT6 (Prop_lut6_I0_O)        0.105    14.798 f  i_ariane/i_cva6/issue_stage_i/i_scoreboard/i__i_1__0/O
                         net (fo=58, estimated)       0.543    15.341    i_ariane/i_cva6/issue_stage_i/i_scoreboard/issue_q_reg[0][sbe][valid]
    SLICE_X35Y21         LUT3 (Prop_lut3_I0_O)        0.105    15.446 r  i_ariane/i_cva6/issue_stage_i/i_scoreboard/mem_q[3][sbe][pc][63]_i_1/O
                         net (fo=79, estimated)       0.318    15.764    i_ariane/i_cva6/issue_stage_i/i_scoreboard/mem_q[3][sbe][pc][63]_i_1_n_0
    SLICE_X35Y22         LUT6 (Prop_lut6_I2_O)        0.105    15.869 f  i_ariane/i_cva6/issue_stage_i/i_scoreboard/mem_q[0][sbe][rd][4]_i_8/O
                         net (fo=1, estimated)        0.947    16.816    i_ariane/i_cva6/issue_stage_i/i_scoreboard/mem_q[0][sbe][rd][4]_i_8_n_0
    SLICE_X41Y27         LUT6 (Prop_lut6_I1_O)        0.105    16.921 f  i_ariane/i_cva6/issue_stage_i/i_scoreboard/mem_q[0][sbe][rd][4]_i_5/O
                         net (fo=10, estimated)       0.643    17.564    i_ariane/i_cva6/issue_stage_i/i_scoreboard/issue_q_reg[0][sbe][fu][1]_0
    SLICE_X38Y25         LUT5 (Prop_lut5_I1_O)        0.105    17.669 r  i_ariane/i_cva6/issue_stage_i/i_scoreboard/mem_q[2][sbe][rd][1]_i_2/O
                         net (fo=2, estimated)        0.256    17.925    i_ariane/i_cva6/issue_stage_i/i_scoreboard/mem_q[2][sbe][rd][1]_i_2_n_0
    SLICE_X36Y26         LUT6 (Prop_lut6_I2_O)        0.105    18.030 r  i_ariane/i_cva6/issue_stage_i/i_scoreboard/mem_q[2][sbe][rd][1]_i_1/O
                         net (fo=1, routed)           0.000    18.030    i_ariane/i_cva6/issue_stage_i/i_scoreboard/mem_q[2][sbe][rd][1]_i_1_n_0
    SLICE_X36Y26         FDCE                                         r  i_ariane/i_cva6/issue_stage_i/i_scoreboard/mem_q_reg[2][sbe][rd][1]/D
  -------------------------------------------------------------------    -------------------

                         (clock sys_clk rise edge)    5.000     5.000 r  
    U7                                                0.000     5.000 r  clk_pad_i (IN)
                         net (fo=0)                   0.000     5.000    clk_pad_i
    U7                   IBUF (Prop_ibuf_I_O)         1.438     6.438 r  clk_pad_i_IBUF_inst/O
                         net (fo=1, estimated)        1.751     8.189    clk_pad_i_IBUF
    BUFGCTRL_X0Y0        BUFG (Prop_bufg_I_O)         0.077     8.266 r  i_clk_bufg/O
                         net (fo=7369, estimated)     1.239     9.505    i_ariane/i_cva6/issue_stage_i/i_scoreboard/clk_core
    SLICE_X36Y26         FDCE                                         r  i_ariane/i_cva6/issue_stage_i/i_scoreboard/mem_q_reg[2][sbe][rd][1]/C
                         clock pessimism              0.264     9.768    
                         clock uncertainty           -0.135     9.633    
    SLICE_X36Y26         FDCE (Setup_fdce_C_D)        0.074     9.707    i_ariane/i_cva6/issue_stage_i/i_scoreboard/mem_q_reg[2][sbe][rd][1]
  -------------------------------------------------------------------
                         required time                          9.707    
                         arrival time                         -18.030    
  -------------------------------------------------------------------
                         slack                                 -8.323    

Slack (VIOLATED) :        -8.322ns  (required time - arrival time)
  Source:                 i_ariane/i_cva6/issue_stage_i/i_issue_read_operands/csr_valid_q_reg[0]/C
                            (rising edge-triggered cell FDCE clocked by sys_clk  {rise@0.000ns fall@2.500ns period=5.000ns})
  Destination:            i_ariane/i_cva6/issue_stage_i/i_scoreboard/mem_q_reg[3][sbe][rd][2]/D
                            (rising edge-triggered cell FDCE clocked by sys_clk  {rise@0.000ns fall@2.500ns period=5.000ns})
  Path Group:             sys_clk
  Path Type:              Setup (Max at Slow Process Corner)
  Requirement:            5.000ns  (sys_clk rise@5.000ns - sys_clk rise@0.000ns)
  Data Path Delay:        13.156ns  (logic 4.405ns (33.483%)  route 8.751ns (66.517%))
  Logic Levels:           33  (CARRY4=16 LUT2=1 LUT4=2 LUT5=2 LUT6=12)
  Clock Path Skew:        -0.063ns (DCD - SCD + CPR)
    Destination Clock Delay (DCD):    4.506ns = ( 9.506 - 5.000 ) 
    Source Clock Delay      (SCD):    4.832ns
    Clock Pessimism Removal (CPR):    0.264ns
  Clock Uncertainty:      0.135ns  ((TSJ^2 + TIJ^2)^1/2 + DJ) / 2 + PE + UU
    Total System Jitter     (TSJ):    0.071ns
    Total Input Jitter      (TIJ):    0.000ns
    Discrete Jitter          (DJ):    0.000ns
    Phase Error              (PE):    0.000ns
    User Uncertainty         (UU):    0.100ns

    Location             Delay type                Incr(ns)  Path(ns)    Netlist Resource(s)
  -------------------------------------------------------------------    -------------------
                         (clock sys_clk rise edge)    0.000     0.000 r  
    U7                                                0.000     0.000 r  clk_pad_i (IN)
                         net (fo=0)                   0.000     0.000    clk_pad_i
    U7                   IBUF (Prop_ibuf_I_O)         1.504     1.504 r  clk_pad_i_IBUF_inst/O
                         net (fo=1, estimated)        1.843     3.347    clk_pad_i_IBUF
    BUFGCTRL_X0Y0        BUFG (Prop_bufg_I_O)         0.085     3.432 r  i_clk_bufg/O
                         net (fo=7369, estimated)     1.400     4.832    i_ariane/i_cva6/issue_stage_i/i_issue_read_operands/clk_core
    SLICE_X43Y14         FDCE                                         r  i_ariane/i_cva6/issue_stage_i/i_issue_read_operands/csr_valid_q_reg[0]/C
  -------------------------------------------------------------------    -------------------
    SLICE_X43Y14         FDCE (Prop_fdce_C_Q)         0.379     5.211 r  i_ariane/i_cva6/issue_stage_i/i_issue_read_operands/csr_valid_q_reg[0]/Q
                         net (fo=158, estimated)      0.770     5.981    i_ariane/i_cva6/issue_stage_i/i_issue_read_operands/csr_valid_q_reg[0]_0
    SLICE_X40Y14         LUT6 (Prop_lut6_I0_O)        0.105     6.086 r  i_ariane/i_cva6/issue_stage_i/i_issue_read_operands/adder_result_ext_o_carry_i_13/O
                         net (fo=13, estimated)       0.405     6.491    i_ariane/i_cva6/issue_stage_i/i_issue_read_operands/adder_result_ext_o_carry_i_13_n_0
    SLICE_X40Y14         LUT6 (Prop_lut6_I1_O)        0.105     6.596 f  i_ariane/i_cva6/issue_stage_i/i_issue_read_operands/adder_result_ext_o_carry_i_10/O
                         net (fo=3, estimated)        0.346     6.942    i_ariane/i_cva6/issue_stage_i/i_issue_read_operands/adder_result_ext_o_carry_i_10_n_0
    SLICE_X40Y13         LUT6 (Prop_lut6_I0_O)        0.105     7.047 r  i_ariane/i_cva6/issue_stage_i/i_issue_read_operands/adder_result_ext_o_carry_i_16/O
                         net (fo=100, estimated)      0.334     7.381    i_ariane/i_cva6/issue_stage_i/i_issue_read_operands/adder_result_ext_o_carry_i_16_n_0
    SLICE_X40Y12         LUT6 (Prop_lut6_I5_O)        0.105     7.486 r  i_ariane/i_cva6/issue_stage_i/i_issue_read_operands/adder_result_ext_o_carry_i_9/O
                         net (fo=1, estimated)        0.655     8.141    i_ariane/i_cva6/ex_stage_i/alu_i/S[0]
    SLICE_X41Y11         CARRY4 (Prop_carry4_S[0]_CO[3])
                                                      0.545     8.686 r  i_ariane/i_cva6/ex_stage_i/alu_i/adder_result_ext_o_carry/CO[3]
                         net (fo=1, estimated)        0.000     8.686    i_ariane/i_cva6/ex_stage_i/alu_i/adder_result_ext_o_carry_n_0
    SLICE_X41Y12         CARRY4 (Prop_carry4_CI_CO[3])
                                                      0.098     8.784 r  i_ariane/i_cva6/ex_stage_i/alu_i/adder_result_ext_o_carry__0/CO[3]
                         net (fo=1, estimated)        0.000     8.784    i_ariane/i_cva6/ex_stage_i/alu_i/adder_result_ext_o_carry__0_n_0
    SLICE_X41Y13         CARRY4 (Prop_carry4_CI_CO[3])
                                                      0.098     8.882 r  i_ariane/i_cva6/ex_stage_i/alu_i/adder_result_ext_o_carry__1/CO[3]
                         net (fo=1, estimated)        0.000     8.882    i_ariane/i_cva6/ex_stage_i/alu_i/adder_result_ext_o_carry__1_n_0
    SLICE_X41Y14         CARRY4 (Prop_carry4_CI_CO[3])
                                                      0.098     8.980 r  i_ariane/i_cva6/ex_stage_i/alu_i/adder_result_ext_o_carry__2/CO[3]
                         net (fo=1, estimated)        0.000     8.980    i_ariane/i_cva6/ex_stage_i/alu_i/adder_result_ext_o_carry__2_n_0
    SLICE_X41Y15         CARRY4 (Prop_carry4_CI_CO[3])
                                                      0.098     9.078 r  i_ariane/i_cva6/ex_stage_i/alu_i/adder_result_ext_o_carry__3/CO[3]
                         net (fo=1, estimated)        0.000     9.078    i_ariane/i_cva6/ex_stage_i/alu_i/adder_result_ext_o_carry__3_n_0
    SLICE_X41Y16         CARRY4 (Prop_carry4_CI_CO[3])
                                                      0.098     9.176 r  i_ariane/i_cva6/ex_stage_i/alu_i/adder_result_ext_o_carry__4/CO[3]
                         net (fo=1, estimated)        0.000     9.176    i_ariane/i_cva6/ex_stage_i/alu_i/adder_result_ext_o_carry__4_n_0
    SLICE_X41Y17         CARRY4 (Prop_carry4_CI_CO[3])
                                                      0.098     9.274 r  i_ariane/i_cva6/ex_stage_i/alu_i/adder_result_ext_o_carry__5/CO[3]
                         net (fo=1, estimated)        0.000     9.274    i_ariane/i_cva6/ex_stage_i/alu_i/adder_result_ext_o_carry__5_n_0
    SLICE_X41Y18         CARRY4 (Prop_carry4_CI_CO[3])
                                                      0.098     9.372 r  i_ariane/i_cva6/ex_stage_i/alu_i/adder_result_ext_o_carry__6/CO[3]
                         net (fo=1, estimated)        0.000     9.372    i_ariane/i_cva6/ex_stage_i/alu_i/adder_result_ext_o_carry__6_n_0
    SLICE_X41Y19         CARRY4 (Prop_carry4_CI_CO[3])
                                                      0.098     9.470 r  i_ariane/i_cva6/ex_stage_i/alu_i/adder_result_ext_o_carry__7/CO[3]
                         net (fo=1, estimated)        0.000     9.470    i_ariane/i_cva6/ex_stage_i/alu_i/adder_result_ext_o_carry__7_n_0
    SLICE_X41Y20         CARRY4 (Prop_carry4_CI_CO[3])
                                                      0.098     9.568 r  i_ariane/i_cva6/ex_stage_i/alu_i/adder_result_ext_o_carry__8/CO[3]
                         net (fo=1, estimated)        0.000     9.568    i_ariane/i_cva6/ex_stage_i/alu_i/adder_result_ext_o_carry__8_n_0
    SLICE_X41Y21         CARRY4 (Prop_carry4_CI_CO[3])
                                                      0.098     9.666 r  i_ariane/i_cva6/ex_stage_i/alu_i/adder_result_ext_o_carry__9/CO[3]
                         net (fo=1, estimated)        0.000     9.666    i_ariane/i_cva6/ex_stage_i/alu_i/adder_result_ext_o_carry__9_n_0
    SLICE_X41Y22         CARRY4 (Prop_carry4_CI_CO[3])
                                                      0.098     9.764 r  i_ariane/i_cva6/ex_stage_i/alu_i/adder_result_ext_o_carry__10/CO[3]
                         net (fo=1, estimated)        0.000     9.764    i_ariane/i_cva6/ex_stage_i/alu_i/adder_result_ext_o_carry__10_n_0
    SLICE_X41Y23         CARRY4 (Prop_carry4_CI_CO[3])
                                                      0.098     9.862 r  i_ariane/i_cva6/ex_stage_i/alu_i/adder_result_ext_o_carry__11/CO[3]
                         net (fo=1, estimated)        0.000     9.862    i_ariane/i_cva6/ex_stage_i/alu_i/adder_result_ext_o_carry__11_n_0
    SLICE_X41Y24         CARRY4 (Prop_carry4_CI_CO[3])
                                                      0.098     9.960 r  i_ariane/i_cva6/ex_stage_i/alu_i/adder_result_ext_o_carry__12/CO[3]
                         net (fo=1, estimated)        0.008     9.968    i_ariane/i_cva6/ex_stage_i/alu_i/adder_result_ext_o_carry__12_n_0
    SLICE_X41Y25         CARRY4 (Prop_carry4_CI_CO[3])
                                                      0.098    10.066 r  i_ariane/i_cva6/ex_stage_i/alu_i/adder_result_ext_o_carry__13/CO[3]
                         net (fo=1, estimated)        0.000    10.066    i_ariane/i_cva6/ex_stage_i/alu_i/adder_result_ext_o_carry__13_n_0
    SLICE_X41Y26         CARRY4 (Prop_carry4_CI_O[0])
                                                      0.180    10.246 f  i_ariane/i_cva6/ex_stage_i/alu_i/adder_result_ext_o_carry__14/O[0]
                         net (fo=2, estimated)        0.643    10.889    i_ariane/i_cva6/issue_stage_i/i_issue_read_operands/adder_result[60]
    SLICE_X43Y25         LUT4 (Prop_lut4_I0_O)        0.249    11.138 f  i_ariane/i_cva6/issue_stage_i/i_issue_read_operands/i___65_i_25/O
                         net (fo=1, estimated)        0.113    11.251    i_ariane/i_cva6/ex_stage_i/alu_i/i___65_i_10_1
    SLICE_X43Y25         LUT5 (Prop_lut5_I4_O)        0.105    11.356 f  i_ariane/i_cva6/ex_stage_i/alu_i/i___65_i_21/O
                         net (fo=1, estimated)        0.230    11.586    i_ariane/i_cva6/ex_stage_i/alu_i/i___65_i_21_n_0
    SLICE_X40Y25         LUT6 (Prop_lut6_I5_O)        0.105    11.691 f  i_ariane/i_cva6/ex_stage_i/alu_i/i___65_i_10/O
                         net (fo=2, estimated)        0.573    12.264    i_ariane/i_cva6/ex_stage_i/alu_i/i___65_i_10_n_0
    SLICE_X35Y16         LUT4 (Prop_lut4_I3_O)        0.105    12.369 f  i_ariane/i_cva6/ex_stage_i/alu_i/i___65_i_3/O
                         net (fo=1, estimated)        0.331    12.700    i_ariane/i_cva6/issue_stage_i/i_issue_read_operands/issue_q[0][valid]_i_4
    SLICE_X34Y16         LUT6 (Prop_lut6_I2_O)        0.105    12.805 r  i_ariane/i_cva6/issue_stage_i/i_issue_read_operands/i___65_i_1__0/O
                         net (fo=70, estimated)       0.334    13.139    i_ariane/i_cva6/issue_stage_i/i_issue_read_operands/fu_data_q_reg[0][operation][0]_32
    SLICE_X34Y15         LUT6 (Prop_lut6_I1_O)        0.105    13.244 r  i_ariane/i_cva6/issue_stage_i/i_issue_read_operands/npc_q[63]_bret__277_i_2/O
                         net (fo=9, estimated)        0.265    13.509    i_ariane/i_cva6/controller_i/resolved_branch[is_mispredict]
    SLICE_X35Y15         LUT6 (Prop_lut6_I3_O)        0.105    13.614 r  i_ariane/i_cva6/controller_i/i___63_i_1/O
                         net (fo=40, estimated)       0.511    14.125    i_ariane/i_cva6/issue_stage_i/i_scoreboard/flush_ctrl_if
    SLICE_X35Y18         LUT2 (Prop_lut2_I0_O)        0.105    14.230 r  i_ariane/i_cva6/issue_stage_i/i_scoreboard/i__i_2__0/O
                         net (fo=1, estimated)        0.463    14.693    i_ariane/i_cva6/issue_stage_i/i_scoreboard/i__i_2__0_n_0
    SLICE_X35Y20         LUT6 (Prop_lut6_I0_O)        0.105    14.798 r  i_ariane/i_cva6/issue_stage_i/i_scoreboard/i__i_1__0/O
                         net (fo=58, estimated)       0.738    15.536    i_ariane/i_cva6/issue_stage_i/i_scoreboard/issue_q_reg[0][sbe][valid]
    SLICE_X41Y27         LUT5 (Prop_lut5_I0_O)        0.105    15.641 r  i_ariane/i_cva6/issue_stage_i/i_scoreboard/i___0_i_13/O
                         net (fo=4, estimated)        0.613    16.254    i_ariane/i_cva6/issue_stage_i/i_scoreboard/i___0_i_13_n_0
    SLICE_X35Y25         LUT6 (Prop_lut6_I4_O)        0.105    16.359 r  i_ariane/i_cva6/issue_stage_i/i_scoreboard/i___0_i_2__0/O
                         net (fo=4, estimated)        0.687    17.046    i_ariane/i_cva6/issue_stage_i/i_scoreboard_n_374
    SLICE_X36Y23         LUT6 (Prop_lut6_I1_O)        0.105    17.151 r  i_ariane/i_cva6/issue_stage_i/i___0/O
                         net (fo=5, estimated)        0.732    17.883    i_ariane/i_cva6/issue_stage_i/i_scoreboard/mem_q_reg[3][sbe][rd][4]_2
    SLICE_X40Y27         LUT6 (Prop_lut6_I2_O)        0.105    17.988 r  i_ariane/i_cva6/issue_stage_i/i_scoreboard/mem_q[3][sbe][rd][2]_i_1/O
                         net (fo=1, routed)           0.000    17.988    i_ariane/i_cva6/issue_stage_i/i_scoreboard/mem_q[3][sbe][rd][2]_i_1_n_0
    SLICE_X40Y27         FDCE                                         r  i_ariane/i_cva6/issue_stage_i/i_scoreboard/mem_q_reg[3][sbe][rd][2]/D
  -------------------------------------------------------------------    -------------------

                         (clock sys_clk rise edge)    5.000     5.000 r  
    U7                                                0.000     5.000 r  clk_pad_i (IN)
                         net (fo=0)                   0.000     5.000    clk_pad_i
    U7                   IBUF (Prop_ibuf_I_O)         1.438     6.438 r  clk_pad_i_IBUF_inst/O
                         net (fo=1, estimated)        1.751     8.189    clk_pad_i_IBUF
    BUFGCTRL_X0Y0        BUFG (Prop_bufg_I_O)         0.077     8.266 r  i_clk_bufg/O
                         net (fo=7369, estimated)     1.240     9.506    i_ariane/i_cva6/issue_stage_i/i_scoreboard/clk_core
    SLICE_X40Y27         FDCE                                         r  i_ariane/i_cva6/issue_stage_i/i_scoreboard/mem_q_reg[3][sbe][rd][2]/C
                         clock pessimism              0.264     9.769    
                         clock uncertainty           -0.135     9.634    
    SLICE_X40Y27         FDCE (Setup_fdce_C_D)        0.032     9.666    i_ariane/i_cva6/issue_stage_i/i_scoreboard/mem_q_reg[3][sbe][rd][2]
  -------------------------------------------------------------------
                         required time                          9.666    
                         arrival time                         -17.988    
  -------------------------------------------------------------------
                         slack                                 -8.322    

Slack (VIOLATED) :        -8.309ns  (required time - arrival time)
  Source:                 i_ariane/i_cva6/issue_stage_i/i_issue_read_operands/csr_valid_q_reg[0]/C
                            (rising edge-triggered cell FDCE clocked by sys_clk  {rise@0.000ns fall@2.500ns period=5.000ns})
  Destination:            i_ariane/i_cva6/issue_stage_i/i_scoreboard/mem_q_reg[2][sbe][rd][0]/D
                            (rising edge-triggered cell FDCE clocked by sys_clk  {rise@0.000ns fall@2.500ns period=5.000ns})
  Path Group:             sys_clk
  Path Type:              Setup (Max at Slow Process Corner)
  Requirement:            5.000ns  (sys_clk rise@5.000ns - sys_clk rise@0.000ns)
  Data Path Delay:        13.186ns  (logic 4.510ns (34.203%)  route 8.676ns (65.797%))
  Logic Levels:           34  (CARRY4=16 LUT2=1 LUT3=1 LUT4=2 LUT5=2 LUT6=12)
  Clock Path Skew:        -0.064ns (DCD - SCD + CPR)
    Destination Clock Delay (DCD):    4.505ns = ( 9.505 - 5.000 ) 
    Source Clock Delay      (SCD):    4.832ns
    Clock Pessimism Removal (CPR):    0.264ns
  Clock Uncertainty:      0.135ns  ((TSJ^2 + TIJ^2)^1/2 + DJ) / 2 + PE + UU
    Total System Jitter     (TSJ):    0.071ns
    Total Input Jitter      (TIJ):    0.000ns
    Discrete Jitter          (DJ):    0.000ns
    Phase Error              (PE):    0.000ns
    User Uncertainty         (UU):    0.100ns

    Location             Delay type                Incr(ns)  Path(ns)    Netlist Resource(s)
  -------------------------------------------------------------------    -------------------
                         (clock sys_clk rise edge)    0.000     0.000 r  
    U7                                                0.000     0.000 r  clk_pad_i (IN)
                         net (fo=0)                   0.000     0.000    clk_pad_i
    U7                   IBUF (Prop_ibuf_I_O)         1.504     1.504 r  clk_pad_i_IBUF_inst/O
                         net (fo=1, estimated)        1.843     3.347    clk_pad_i_IBUF
    BUFGCTRL_X0Y0        BUFG (Prop_bufg_I_O)         0.085     3.432 r  i_clk_bufg/O
                         net (fo=7369, estimated)     1.400     4.832    i_ariane/i_cva6/issue_stage_i/i_issue_read_operands/clk_core
    SLICE_X43Y14         FDCE                                         r  i_ariane/i_cva6/issue_stage_i/i_issue_read_operands/csr_valid_q_reg[0]/C
  -------------------------------------------------------------------    -------------------
    SLICE_X43Y14         FDCE (Prop_fdce_C_Q)         0.379     5.211 r  i_ariane/i_cva6/issue_stage_i/i_issue_read_operands/csr_valid_q_reg[0]/Q
                         net (fo=158, estimated)      0.770     5.981    i_ariane/i_cva6/issue_stage_i/i_issue_read_operands/csr_valid_q_reg[0]_0
    SLICE_X40Y14         LUT6 (Prop_lut6_I0_O)        0.105     6.086 r  i_ariane/i_cva6/issue_stage_i/i_issue_read_operands/adder_result_ext_o_carry_i_13/O
                         net (fo=13, estimated)       0.405     6.491    i_ariane/i_cva6/issue_stage_i/i_issue_read_operands/adder_result_ext_o_carry_i_13_n_0
    SLICE_X40Y14         LUT6 (Prop_lut6_I1_O)        0.105     6.596 f  i_ariane/i_cva6/issue_stage_i/i_issue_read_operands/adder_result_ext_o_carry_i_10/O
                         net (fo=3, estimated)        0.346     6.942    i_ariane/i_cva6/issue_stage_i/i_issue_read_operands/adder_result_ext_o_carry_i_10_n_0
    SLICE_X40Y13         LUT6 (Prop_lut6_I0_O)        0.105     7.047 r  i_ariane/i_cva6/issue_stage_i/i_issue_read_operands/adder_result_ext_o_carry_i_16/O
                         net (fo=100, estimated)      0.334     7.381    i_ariane/i_cva6/issue_stage_i/i_issue_read_operands/adder_result_ext_o_carry_i_16_n_0
    SLICE_X40Y12         LUT6 (Prop_lut6_I5_O)        0.105     7.486 r  i_ariane/i_cva6/issue_stage_i/i_issue_read_operands/adder_result_ext_o_carry_i_9/O
                         net (fo=1, estimated)        0.655     8.141    i_ariane/i_cva6/ex_stage_i/alu_i/S[0]
    SLICE_X41Y11         CARRY4 (Prop_carry4_S[0]_CO[3])
                                                      0.545     8.686 r  i_ariane/i_cva6/ex_stage_i/alu_i/adder_result_ext_o_carry/CO[3]
                         net (fo=1, estimated)        0.000     8.686    i_ariane/i_cva6/ex_stage_i/alu_i/adder_result_ext_o_carry_n_0
    SLICE_X41Y12         CARRY4 (Prop_carry4_CI_CO[3])
                                                      0.098     8.784 r  i_ariane/i_cva6/ex_stage_i/alu_i/adder_result_ext_o_carry__0/CO[3]
                         net (fo=1, estimated)        0.000     8.784    i_ariane/i_cva6/ex_stage_i/alu_i/adder_result_ext_o_carry__0_n_0
    SLICE_X41Y13         CARRY4 (Prop_carry4_CI_CO[3])
                                                      0.098     8.882 r  i_ariane/i_cva6/ex_stage_i/alu_i/adder_result_ext_o_carry__1/CO[3]
                         net (fo=1, estimated)        0.000     8.882    i_ariane/i_cva6/ex_stage_i/alu_i/adder_result_ext_o_carry__1_n_0
    SLICE_X41Y14         CARRY4 (Prop_carry4_CI_CO[3])
                                                      0.098     8.980 r  i_ariane/i_cva6/ex_stage_i/alu_i/adder_result_ext_o_carry__2/CO[3]
                         net (fo=1, estimated)        0.000     8.980    i_ariane/i_cva6/ex_stage_i/alu_i/adder_result_ext_o_carry__2_n_0
    SLICE_X41Y15         CARRY4 (Prop_carry4_CI_CO[3])
                                                      0.098     9.078 r  i_ariane/i_cva6/ex_stage_i/alu_i/adder_result_ext_o_carry__3/CO[3]
                         net (fo=1, estimated)        0.000     9.078    i_ariane/i_cva6/ex_stage_i/alu_i/adder_result_ext_o_carry__3_n_0
    SLICE_X41Y16         CARRY4 (Prop_carry4_CI_CO[3])
                                                      0.098     9.176 r  i_ariane/i_cva6/ex_stage_i/alu_i/adder_result_ext_o_carry__4/CO[3]
                         net (fo=1, estimated)        0.000     9.176    i_ariane/i_cva6/ex_stage_i/alu_i/adder_result_ext_o_carry__4_n_0
    SLICE_X41Y17         CARRY4 (Prop_carry4_CI_CO[3])
                                                      0.098     9.274 r  i_ariane/i_cva6/ex_stage_i/alu_i/adder_result_ext_o_carry__5/CO[3]
                         net (fo=1, estimated)        0.000     9.274    i_ariane/i_cva6/ex_stage_i/alu_i/adder_result_ext_o_carry__5_n_0
    SLICE_X41Y18         CARRY4 (Prop_carry4_CI_CO[3])
                                                      0.098     9.372 r  i_ariane/i_cva6/ex_stage_i/alu_i/adder_result_ext_o_carry__6/CO[3]
                         net (fo=1, estimated)        0.000     9.372    i_ariane/i_cva6/ex_stage_i/alu_i/adder_result_ext_o_carry__6_n_0
    SLICE_X41Y19         CARRY4 (Prop_carry4_CI_CO[3])
                                                      0.098     9.470 r  i_ariane/i_cva6/ex_stage_i/alu_i/adder_result_ext_o_carry__7/CO[3]
                         net (fo=1, estimated)        0.000     9.470    i_ariane/i_cva6/ex_stage_i/alu_i/adder_result_ext_o_carry__7_n_0
    SLICE_X41Y20         CARRY4 (Prop_carry4_CI_CO[3])
                                                      0.098     9.568 r  i_ariane/i_cva6/ex_stage_i/alu_i/adder_result_ext_o_carry__8/CO[3]
                         net (fo=1, estimated)        0.000     9.568    i_ariane/i_cva6/ex_stage_i/alu_i/adder_result_ext_o_carry__8_n_0
    SLICE_X41Y21         CARRY4 (Prop_carry4_CI_CO[3])
                                                      0.098     9.666 r  i_ariane/i_cva6/ex_stage_i/alu_i/adder_result_ext_o_carry__9/CO[3]
                         net (fo=1, estimated)        0.000     9.666    i_ariane/i_cva6/ex_stage_i/alu_i/adder_result_ext_o_carry__9_n_0
    SLICE_X41Y22         CARRY4 (Prop_carry4_CI_CO[3])
                                                      0.098     9.764 r  i_ariane/i_cva6/ex_stage_i/alu_i/adder_result_ext_o_carry__10/CO[3]
                         net (fo=1, estimated)        0.000     9.764    i_ariane/i_cva6/ex_stage_i/alu_i/adder_result_ext_o_carry__10_n_0
    SLICE_X41Y23         CARRY4 (Prop_carry4_CI_CO[3])
                                                      0.098     9.862 r  i_ariane/i_cva6/ex_stage_i/alu_i/adder_result_ext_o_carry__11/CO[3]
                         net (fo=1, estimated)        0.000     9.862    i_ariane/i_cva6/ex_stage_i/alu_i/adder_result_ext_o_carry__11_n_0
    SLICE_X41Y24         CARRY4 (Prop_carry4_CI_CO[3])
                                                      0.098     9.960 r  i_ariane/i_cva6/ex_stage_i/alu_i/adder_result_ext_o_carry__12/CO[3]
                         net (fo=1, estimated)        0.008     9.968    i_ariane/i_cva6/ex_stage_i/alu_i/adder_result_ext_o_carry__12_n_0
    SLICE_X41Y25         CARRY4 (Prop_carry4_CI_CO[3])
                                                      0.098    10.066 r  i_ariane/i_cva6/ex_stage_i/alu_i/adder_result_ext_o_carry__13/CO[3]
                         net (fo=1, estimated)        0.000    10.066    i_ariane/i_cva6/ex_stage_i/alu_i/adder_result_ext_o_carry__13_n_0
    SLICE_X41Y26         CARRY4 (Prop_carry4_CI_O[0])
                                                      0.180    10.246 f  i_ariane/i_cva6/ex_stage_i/alu_i/adder_result_ext_o_carry__14/O[0]
                         net (fo=2, estimated)        0.643    10.889    i_ariane/i_cva6/issue_stage_i/i_issue_read_operands/adder_result[60]
    SLICE_X43Y25         LUT4 (Prop_lut4_I0_O)        0.249    11.138 f  i_ariane/i_cva6/issue_stage_i/i_issue_read_operands/i___65_i_25/O
                         net (fo=1, estimated)        0.113    11.251    i_ariane/i_cva6/ex_stage_i/alu_i/i___65_i_10_1
    SLICE_X43Y25         LUT5 (Prop_lut5_I4_O)        0.105    11.356 f  i_ariane/i_cva6/ex_stage_i/alu_i/i___65_i_21/O
                         net (fo=1, estimated)        0.230    11.586    i_ariane/i_cva6/ex_stage_i/alu_i/i___65_i_21_n_0
    SLICE_X40Y25         LUT6 (Prop_lut6_I5_O)        0.105    11.691 f  i_ariane/i_cva6/ex_stage_i/alu_i/i___65_i_10/O
                         net (fo=2, estimated)        0.573    12.264    i_ariane/i_cva6/ex_stage_i/alu_i/i___65_i_10_n_0
    SLICE_X35Y16         LUT4 (Prop_lut4_I3_O)        0.105    12.369 f  i_ariane/i_cva6/ex_stage_i/alu_i/i___65_i_3/O
                         net (fo=1, estimated)        0.331    12.700    i_ariane/i_cva6/issue_stage_i/i_issue_read_operands/issue_q[0][valid]_i_4
    SLICE_X34Y16         LUT6 (Prop_lut6_I2_O)        0.105    12.805 r  i_ariane/i_cva6/issue_stage_i/i_issue_read_operands/i___65_i_1__0/O
                         net (fo=70, estimated)       0.334    13.139    i_ariane/i_cva6/issue_stage_i/i_issue_read_operands/fu_data_q_reg[0][operation][0]_32
    SLICE_X34Y15         LUT6 (Prop_lut6_I1_O)        0.105    13.244 f  i_ariane/i_cva6/issue_stage_i/i_issue_read_operands/npc_q[63]_bret__277_i_2/O
                         net (fo=9, estimated)        0.265    13.509    i_ariane/i_cva6/controller_i/resolved_branch[is_mispredict]
    SLICE_X35Y15         LUT6 (Prop_lut6_I3_O)        0.105    13.614 f  i_ariane/i_cva6/controller_i/i___63_i_1/O
                         net (fo=40, estimated)       0.511    14.125    i_ariane/i_cva6/issue_stage_i/i_scoreboard/flush_ctrl_if
    SLICE_X35Y18         LUT2 (Prop_lut2_I0_O)        0.105    14.230 f  i_ariane/i_cva6/issue_stage_i/i_scoreboard/i__i_2__0/O
                         net (fo=1, estimated)        0.463    14.693    i_ariane/i_cva6/issue_stage_i/i_scoreboard/i__i_2__0_n_0
    SLICE_X35Y20         LUT6 (Prop_lut6_I0_O)        0.105    14.798 f  i_ariane/i_cva6/issue_stage_i/i_scoreboard/i__i_1__0/O
                         net (fo=58, estimated)       0.543    15.341    i_ariane/i_cva6/issue_stage_i/i_scoreboard/issue_q_reg[0][sbe][valid]
    SLICE_X35Y21         LUT3 (Prop_lut3_I0_O)        0.105    15.446 r  i_ariane/i_cva6/issue_stage_i/i_scoreboard/mem_q[3][sbe][pc][63]_i_1/O
                         net (fo=79, estimated)       0.318    15.764    i_ariane/i_cva6/issue_stage_i/i_scoreboard/mem_q[3][sbe][pc][63]_i_1_n_0
    SLICE_X35Y22         LUT6 (Prop_lut6_I2_O)        0.105    15.869 f  i_ariane/i_cva6/issue_stage_i/i_scoreboard/mem_q[0][sbe][rd][4]_i_8/O
                         net (fo=1, estimated)        0.947    16.816    i_ariane/i_cva6/issue_stage_i/i_scoreboard/mem_q[0][sbe][rd][4]_i_8_n_0
    SLICE_X41Y27         LUT6 (Prop_lut6_I1_O)        0.105    16.921 f  i_ariane/i_cva6/issue_stage_i/i_scoreboard/mem_q[0][sbe][rd][4]_i_5/O
                         net (fo=10, estimated)       0.643    17.564    i_ariane/i_cva6/issue_stage_i/i_scoreboard/issue_q_reg[0][sbe][fu][1]_0
    SLICE_X38Y25         LUT5 (Prop_lut5_I1_O)        0.105    17.669 r  i_ariane/i_cva6/issue_stage_i/i_scoreboard/mem_q[2][sbe][rd][1]_i_2/O
                         net (fo=2, estimated)        0.244    17.913    i_ariane/i_cva6/issue_stage_i/i_scoreboard/mem_q[2][sbe][rd][1]_i_2_n_0
    SLICE_X38Y26         LUT6 (Prop_lut6_I0_O)        0.105    18.018 r  i_ariane/i_cva6/issue_stage_i/i_scoreboard/mem_q[2][sbe][rd][0]_i_1/O
                         net (fo=1, routed)           0.000    18.018    i_ariane/i_cva6/issue_stage_i/i_scoreboard/mem_q[2][sbe][rd][0]_i_1_n_0
    SLICE_X38Y26         FDCE                                         r  i_ariane/i_cva6/issue_stage_i/i_scoreboard/mem_q_reg[2][sbe][rd][0]/D
  -------------------------------------------------------------------    -------------------

                         (clock sys_clk rise edge)    5.000     5.000 r  
    U7                                                0.000     5.000 r  clk_pad_i (IN)
                         net (fo=0)                   0.000     5.000    clk_pad_i
    U7                   IBUF (Prop_ibuf_I_O)         1.438     6.438 r  clk_pad_i_IBUF_inst/O
                         net (fo=1, estimated)        1.751     8.189    clk_pad_i_IBUF
    BUFGCTRL_X0Y0        BUFG (Prop_bufg_I_O)         0.077     8.266 r  i_clk_bufg/O
                         net (fo=7369, estimated)     1.239     9.505    i_ariane/i_cva6/issue_stage_i/i_scoreboard/clk_core
    SLICE_X38Y26         FDCE                                         r  i_ariane/i_cva6/issue_stage_i/i_scoreboard/mem_q_reg[2][sbe][rd][0]/C
                         clock pessimism              0.264     9.768    
                         clock uncertainty           -0.135     9.633    
    SLICE_X38Y26         FDCE (Setup_fdce_C_D)        0.076     9.709    i_ariane/i_cva6/issue_stage_i/i_scoreboard/mem_q_reg[2][sbe][rd][0]
  -------------------------------------------------------------------
                         required time                          9.709    
                         arrival time                         -18.018    
  -------------------------------------------------------------------
                         slack                                 -8.309    

Slack (VIOLATED) :        -8.304ns  (required time - arrival time)
  Source:                 i_ariane/i_cva6/gen_cache_wt.i_cache_subsystem/i_adapter/i_dcache_data_fifo/gen_fpga_queue.fifo_ram/mem_reg_0_1_132_137/RAMC/CLK
                            (rising edge-triggered cell RAMD32 clocked by sys_clk  {rise@0.000ns fall@2.500ns period=5.000ns})
  Destination:            keep_o[2]
                            (output port clocked by sys_clk  {rise@0.000ns fall@2.500ns period=5.000ns})
  Path Group:             sys_clk
  Path Type:              Max at Slow Process Corner
  Requirement:            5.000ns  (sys_clk rise@5.000ns - sys_clk rise@0.000ns)
  Data Path Delay:        8.183ns  (logic 4.988ns (60.956%)  route 3.195ns (39.044%))
  Logic Levels:           5  (LUT4=1 LUT5=1 LUT6=2 OBUF=1)
  Output Delay:           0.000ns
  Clock Path Skew:        -4.985ns (DCD - SCD + CPR)
    Destination Clock Delay (DCD):    0.000ns = ( 5.000 - 5.000 ) 
    Source Clock Delay      (SCD):    4.985ns
    Clock Pessimism Removal (CPR):    0.000ns
  Clock Uncertainty:      0.135ns  ((TSJ^2 + TIJ^2)^1/2 + DJ) / 2 + PE + UU
    Total System Jitter     (TSJ):    0.071ns
    Total Input Jitter      (TIJ):    0.000ns
    Discrete Jitter          (DJ):    0.000ns
    Phase Error              (PE):    0.000ns
    User Uncertainty         (UU):    0.100ns

    Location             Delay type                Incr(ns)  Path(ns)    Netlist Resource(s)
  -------------------------------------------------------------------    -------------------
                         (clock sys_clk rise edge)    0.000     0.000 r  
    U7                                                0.000     0.000 r  clk_pad_i (IN)
                         net (fo=0)                   0.000     0.000    clk_pad_i
    U7                   IBUF (Prop_ibuf_I_O)         1.504     1.504 r  clk_pad_i_IBUF_inst/O
                         net (fo=1, estimated)        1.843     3.347    clk_pad_i_IBUF
    BUFGCTRL_X0Y0        BUFG (Prop_bufg_I_O)         0.085     3.432 r  i_clk_bufg/O
                         net (fo=7369, estimated)     1.553     4.985    i_ariane/i_cva6/gen_cache_wt.i_cache_subsystem/i_adapter/i_dcache_data_fifo/gen_fpga_queue.fifo_ram/mem_reg_0_1_132_137/WCLK
    SLICE_X2Y8           RAMD32                                       r  i_ariane/i_cva6/gen_cache_wt.i_cache_subsystem/i_adapter/i_dcache_data_fifo/gen_fpga_queue.fifo_ram/mem_reg_0_1_132_137/RAMC/CLK
  -------------------------------------------------------------------    -------------------
    SLICE_X2Y8           RAMD32 (Prop_ramd32_CLK_O)
                                                      1.100     6.085 f  i_ariane/i_cva6/gen_cache_wt.i_cache_subsystem/i_adapter/i_dcache_data_fifo/gen_fpga_queue.fifo_ram/mem_reg_0_1_132_137/RAMC/O
                         net (fo=10, estimated)       0.823     6.908    i_ariane/i_cva6/gen_cache_wt.i_cache_subsystem/i_adapter/i_dcache_data_fifo/gen_fpga_queue.fifo_ram/RdData_DO[2]
    SLICE_X1Y6           LUT6 (Prop_lut6_I0_O)        0.268     7.176 r  i_ariane/i_cva6/gen_cache_wt.i_cache_subsystem/i_adapter/i_dcache_data_fifo/gen_fpga_queue.fifo_ram/keep_o_OBUF[2]_inst_i_18/O
                         net (fo=1, estimated)        0.385     7.561    i_ariane/i_cva6/gen_cache_wt.i_cache_subsystem/i_adapter/i_icache_data_fifo/keep_o_OBUF[2]_inst_i_6_1
    SLICE_X0Y6           LUT6 (Prop_lut6_I5_O)        0.105     7.666 r  i_ariane/i_cva6/gen_cache_wt.i_cache_subsystem/i_adapter/i_icache_data_fifo/keep_o_OBUF[2]_inst_i_14/O
                         net (fo=1, estimated)        0.351     8.017    i_ariane/i_cva6/gen_cache_wt.i_cache_subsystem/i_adapter/i_icache_data_fifo/noc_req[w][strb][1]
    SLICE_X0Y7           LUT4 (Prop_lut4_I3_O)        0.105     8.122 r  i_ariane/i_cva6/gen_cache_wt.i_cache_subsystem/i_adapter/i_icache_data_fifo/keep_o_OBUF[2]_inst_i_6/O
                         net (fo=1, estimated)        0.266     8.388    i_ariane/i_cva6/gen_cache_wt.i_cache_subsystem/i_adapter/i_icache_data_fifo/keep_o_OBUF[2]_inst_i_6_n_0
    SLICE_X0Y7           LUT5 (Prop_lut5_I4_O)        0.105     8.493 r  i_ariane/i_cva6/gen_cache_wt.i_cache_subsystem/i_adapter/i_icache_data_fifo/keep_o_OBUF[2]_inst_i_1/O
                         net (fo=1, estimated)        1.370     9.863    keep_o_OBUF[2]
    V10                  OBUF (Prop_obuf_I_O)         3.305    13.169 r  keep_o_OBUF[2]_inst/O
                         net (fo=0)                   0.000    13.169    keep_o[2]
    V10                                                               r  keep_o[2] (OUT)
  -------------------------------------------------------------------    -------------------

                         (clock sys_clk rise edge)    5.000     5.000 r  
                         clock pessimism              0.000     5.000    
                         clock uncertainty           -0.135     4.865    
                         output delay                -0.000     4.865    
  -------------------------------------------------------------------
                         required time                          4.865    
                         arrival time                         -13.169    
  -------------------------------------------------------------------
                         slack                                 -8.304    

Slack (VIOLATED) :        -8.296ns  (required time - arrival time)
  Source:                 i_ariane/i_cva6/issue_stage_i/i_issue_read_operands/csr_valid_q_reg[0]/C
                            (rising edge-triggered cell FDCE clocked by sys_clk  {rise@0.000ns fall@2.500ns period=5.000ns})
  Destination:            i_ariane/i_cva6/issue_stage_i/i_scoreboard/mem_q_reg[3][sbe][rd][4]/D
                            (rising edge-triggered cell FDCE clocked by sys_clk  {rise@0.000ns fall@2.500ns period=5.000ns})
  Path Group:             sys_clk
  Path Type:              Setup (Max at Slow Process Corner)
  Requirement:            5.000ns  (sys_clk rise@5.000ns - sys_clk rise@0.000ns)
  Data Path Delay:        13.171ns  (logic 4.510ns (34.242%)  route 8.661ns (65.758%))
  Logic Levels:           34  (CARRY4=16 LUT2=1 LUT3=1 LUT4=3 LUT5=1 LUT6=12)
  Clock Path Skew:        -0.064ns (DCD - SCD + CPR)
    Destination Clock Delay (DCD):    4.505ns = ( 9.505 - 5.000 ) 
    Source Clock Delay      (SCD):    4.832ns
    Clock Pessimism Removal (CPR):    0.264ns
  Clock Uncertainty:      0.135ns  ((TSJ^2 + TIJ^2)^1/2 + DJ) / 2 + PE + UU
    Total System Jitter     (TSJ):    0.071ns
    Total Input Jitter      (TIJ):    0.000ns
    Discrete Jitter          (DJ):    0.000ns
    Phase Error              (PE):    0.000ns
    User Uncertainty         (UU):    0.100ns

    Location             Delay type                Incr(ns)  Path(ns)    Netlist Resource(s)
  -------------------------------------------------------------------    -------------------
                         (clock sys_clk rise edge)    0.000     0.000 r  
    U7                                                0.000     0.000 r  clk_pad_i (IN)
                         net (fo=0)                   0.000     0.000    clk_pad_i
    U7                   IBUF (Prop_ibuf_I_O)         1.504     1.504 r  clk_pad_i_IBUF_inst/O
                         net (fo=1, estimated)        1.843     3.347    clk_pad_i_IBUF
    BUFGCTRL_X0Y0        BUFG (Prop_bufg_I_O)         0.085     3.432 r  i_clk_bufg/O
                         net (fo=7369, estimated)     1.400     4.832    i_ariane/i_cva6/issue_stage_i/i_issue_read_operands/clk_core
    SLICE_X43Y14         FDCE                                         r  i_ariane/i_cva6/issue_stage_i/i_issue_read_operands/csr_valid_q_reg[0]/C
  -------------------------------------------------------------------    -------------------
    SLICE_X43Y14         FDCE (Prop_fdce_C_Q)         0.379     5.211 r  i_ariane/i_cva6/issue_stage_i/i_issue_read_operands/csr_valid_q_reg[0]/Q
                         net (fo=158, estimated)      0.770     5.981    i_ariane/i_cva6/issue_stage_i/i_issue_read_operands/csr_valid_q_reg[0]_0
    SLICE_X40Y14         LUT6 (Prop_lut6_I0_O)        0.105     6.086 r  i_ariane/i_cva6/issue_stage_i/i_issue_read_operands/adder_result_ext_o_carry_i_13/O
                         net (fo=13, estimated)       0.405     6.491    i_ariane/i_cva6/issue_stage_i/i_issue_read_operands/adder_result_ext_o_carry_i_13_n_0
    SLICE_X40Y14         LUT6 (Prop_lut6_I1_O)        0.105     6.596 f  i_ariane/i_cva6/issue_stage_i/i_issue_read_operands/adder_result_ext_o_carry_i_10/O
                         net (fo=3, estimated)        0.346     6.942    i_ariane/i_cva6/issue_stage_i/i_issue_read_operands/adder_result_ext_o_carry_i_10_n_0
    SLICE_X40Y13         LUT6 (Prop_lut6_I0_O)        0.105     7.047 r  i_ariane/i_cva6/issue_stage_i/i_issue_read_operands/adder_result_ext_o_carry_i_16/O
                         net (fo=100, estimated)      0.334     7.381    i_ariane/i_cva6/issue_stage_i/i_issue_read_operands/adder_result_ext_o_carry_i_16_n_0
    SLICE_X40Y12         LUT6 (Prop_lut6_I5_O)        0.105     7.486 r  i_ariane/i_cva6/issue_stage_i/i_issue_read_operands/adder_result_ext_o_carry_i_9/O
                         net (fo=1, estimated)        0.655     8.141    i_ariane/i_cva6/ex_stage_i/alu_i/S[0]
    SLICE_X41Y11         CARRY4 (Prop_carry4_S[0]_CO[3])
                                                      0.545     8.686 r  i_ariane/i_cva6/ex_stage_i/alu_i/adder_result_ext_o_carry/CO[3]
                         net (fo=1, estimated)        0.000     8.686    i_ariane/i_cva6/ex_stage_i/alu_i/adder_result_ext_o_carry_n_0
    SLICE_X41Y12         CARRY4 (Prop_carry4_CI_CO[3])
                                                      0.098     8.784 r  i_ariane/i_cva6/ex_stage_i/alu_i/adder_result_ext_o_carry__0/CO[3]
                         net (fo=1, estimated)        0.000     8.784    i_ariane/i_cva6/ex_stage_i/alu_i/adder_result_ext_o_carry__0_n_0
    SLICE_X41Y13         CARRY4 (Prop_carry4_CI_CO[3])
                                                      0.098     8.882 r  i_ariane/i_cva6/ex_stage_i/alu_i/adder_result_ext_o_carry__1/CO[3]
                         net (fo=1, estimated)        0.000     8.882    i_ariane/i_cva6/ex_stage_i/alu_i/adder_result_ext_o_carry__1_n_0
    SLICE_X41Y14         CARRY4 (Prop_carry4_CI_CO[3])
                                                      0.098     8.980 r  i_ariane/i_cva6/ex_stage_i/alu_i/adder_result_ext_o_carry__2/CO[3]
                         net (fo=1, estimated)        0.000     8.980    i_ariane/i_cva6/ex_stage_i/alu_i/adder_result_ext_o_carry__2_n_0
    SLICE_X41Y15         CARRY4 (Prop_carry4_CI_CO[3])
                                                      0.098     9.078 r  i_ariane/i_cva6/ex_stage_i/alu_i/adder_result_ext_o_carry__3/CO[3]
                         net (fo=1, estimated)        0.000     9.078    i_ariane/i_cva6/ex_stage_i/alu_i/adder_result_ext_o_carry__3_n_0
    SLICE_X41Y16         CARRY4 (Prop_carry4_CI_CO[3])
                                                      0.098     9.176 r  i_ariane/i_cva6/ex_stage_i/alu_i/adder_result_ext_o_carry__4/CO[3]
                         net (fo=1, estimated)        0.000     9.176    i_ariane/i_cva6/ex_stage_i/alu_i/adder_result_ext_o_carry__4_n_0
    SLICE_X41Y17         CARRY4 (Prop_carry4_CI_CO[3])
                                                      0.098     9.274 r  i_ariane/i_cva6/ex_stage_i/alu_i/adder_result_ext_o_carry__5/CO[3]
                         net (fo=1, estimated)        0.000     9.274    i_ariane/i_cva6/ex_stage_i/alu_i/adder_result_ext_o_carry__5_n_0
    SLICE_X41Y18         CARRY4 (Prop_carry4_CI_CO[3])
                                                      0.098     9.372 r  i_ariane/i_cva6/ex_stage_i/alu_i/adder_result_ext_o_carry__6/CO[3]
                         net (fo=1, estimated)        0.000     9.372    i_ariane/i_cva6/ex_stage_i/alu_i/adder_result_ext_o_carry__6_n_0
    SLICE_X41Y19         CARRY4 (Prop_carry4_CI_CO[3])
                                                      0.098     9.470 r  i_ariane/i_cva6/ex_stage_i/alu_i/adder_result_ext_o_carry__7/CO[3]
                         net (fo=1, estimated)        0.000     9.470    i_ariane/i_cva6/ex_stage_i/alu_i/adder_result_ext_o_carry__7_n_0
    SLICE_X41Y20         CARRY4 (Prop_carry4_CI_CO[3])
                                                      0.098     9.568 r  i_ariane/i_cva6/ex_stage_i/alu_i/adder_result_ext_o_carry__8/CO[3]
                         net (fo=1, estimated)        0.000     9.568    i_ariane/i_cva6/ex_stage_i/alu_i/adder_result_ext_o_carry__8_n_0
    SLICE_X41Y21         CARRY4 (Prop_carry4_CI_CO[3])
                                                      0.098     9.666 r  i_ariane/i_cva6/ex_stage_i/alu_i/adder_result_ext_o_carry__9/CO[3]
                         net (fo=1, estimated)        0.000     9.666    i_ariane/i_cva6/ex_stage_i/alu_i/adder_result_ext_o_carry__9_n_0
    SLICE_X41Y22         CARRY4 (Prop_carry4_CI_CO[3])
                                                      0.098     9.764 r  i_ariane/i_cva6/ex_stage_i/alu_i/adder_result_ext_o_carry__10/CO[3]
                         net (fo=1, estimated)        0.000     9.764    i_ariane/i_cva6/ex_stage_i/alu_i/adder_result_ext_o_carry__10_n_0
    SLICE_X41Y23         CARRY4 (Prop_carry4_CI_CO[3])
                                                      0.098     9.862 r  i_ariane/i_cva6/ex_stage_i/alu_i/adder_result_ext_o_carry__11/CO[3]
                         net (fo=1, estimated)        0.000     9.862    i_ariane/i_cva6/ex_stage_i/alu_i/adder_result_ext_o_carry__11_n_0
    SLICE_X41Y24         CARRY4 (Prop_carry4_CI_CO[3])
                                                      0.098     9.960 r  i_ariane/i_cva6/ex_stage_i/alu_i/adder_result_ext_o_carry__12/CO[3]
                         net (fo=1, estimated)        0.008     9.968    i_ariane/i_cva6/ex_stage_i/alu_i/adder_result_ext_o_carry__12_n_0
    SLICE_X41Y25         CARRY4 (Prop_carry4_CI_CO[3])
                                                      0.098    10.066 r  i_ariane/i_cva6/ex_stage_i/alu_i/adder_result_ext_o_carry__13/CO[3]
                         net (fo=1, estimated)        0.000    10.066    i_ariane/i_cva6/ex_stage_i/alu_i/adder_result_ext_o_carry__13_n_0
    SLICE_X41Y26         CARRY4 (Prop_carry4_CI_O[0])
                                                      0.180    10.246 f  i_ariane/i_cva6/ex_stage_i/alu_i/adder_result_ext_o_carry__14/O[0]
                         net (fo=2, estimated)        0.643    10.889    i_ariane/i_cva6/issue_stage_i/i_issue_read_operands/adder_result[60]
    SLICE_X43Y25         LUT4 (Prop_lut4_I0_O)        0.249    11.138 f  i_ariane/i_cva6/issue_stage_i/i_issue_read_operands/i___65_i_25/O
                         net (fo=1, estimated)        0.113    11.251    i_ariane/i_cva6/ex_stage_i/alu_i/i___65_i_10_1
    SLICE_X43Y25         LUT5 (Prop_lut5_I4_O)        0.105    11.356 f  i_ariane/i_cva6/ex_stage_i/alu_i/i___65_i_21/O
                         net (fo=1, estimated)        0.230    11.586    i_ariane/i_cva6/ex_stage_i/alu_i/i___65_i_21_n_0
    SLICE_X40Y25         LUT6 (Prop_lut6_I5_O)        0.105    11.691 f  i_ariane/i_cva6/ex_stage_i/alu_i/i___65_i_10/O
                         net (fo=2, estimated)        0.573    12.264    i_ariane/i_cva6/ex_stage_i/alu_i/i___65_i_10_n_0
    SLICE_X35Y16         LUT4 (Prop_lut4_I3_O)        0.105    12.369 f  i_ariane/i_cva6/ex_stage_i/alu_i/i___65_i_3/O
                         net (fo=1, estimated)        0.331    12.700    i_ariane/i_cva6/issue_stage_i/i_issue_read_operands/issue_q[0][valid]_i_4
    SLICE_X34Y16         LUT6 (Prop_lut6_I2_O)        0.105    12.805 r  i_ariane/i_cva6/issue_stage_i/i_issue_read_operands/i___65_i_1__0/O
                         net (fo=70, estimated)       0.334    13.139    i_ariane/i_cva6/issue_stage_i/i_issue_read_operands/fu_data_q_reg[0][operation][0]_32
    SLICE_X34Y15         LUT6 (Prop_lut6_I1_O)        0.105    13.244 f  i_ariane/i_cva6/issue_stage_i/i_issue_read_operands/npc_q[63]_bret__277_i_2/O
                         net (fo=9, estimated)        0.265    13.509    i_ariane/i_cva6/controller_i/resolved_branch[is_mispredict]
    SLICE_X35Y15         LUT6 (Prop_lut6_I3_O)        0.105    13.614 f  i_ariane/i_cva6/controller_i/i___63_i_1/O
                         net (fo=40, estimated)       0.511    14.125    i_ariane/i_cva6/issue_stage_i/i_scoreboard/flush_ctrl_if
    SLICE_X35Y18         LUT2 (Prop_lut2_I0_O)        0.105    14.230 f  i_ariane/i_cva6/issue_stage_i/i_scoreboard/i__i_2__0/O
                         net (fo=1, estimated)        0.463    14.693    i_ariane/i_cva6/issue_stage_i/i_scoreboard/i__i_2__0_n_0
    SLICE_X35Y20         LUT6 (Prop_lut6_I0_O)        0.105    14.798 f  i_ariane/i_cva6/issue_stage_i/i_scoreboard/i__i_1__0/O
                         net (fo=58, estimated)       0.543    15.341    i_ariane/i_cva6/issue_stage_i/i_scoreboard/issue_q_reg[0][sbe][valid]
    SLICE_X35Y21         LUT3 (Prop_lut3_I0_O)        0.105    15.446 r  i_ariane/i_cva6/issue_stage_i/i_scoreboard/mem_q[3][sbe][pc][63]_i_1/O
                         net (fo=79, estimated)       0.318    15.764    i_ariane/i_cva6/issue_stage_i/i_scoreboard/mem_q[3][sbe][pc][63]_i_1_n_0
    SLICE_X35Y22         LUT6 (Prop_lut6_I2_O)        0.105    15.869 r  i_ariane/i_cva6/issue_stage_i/i_scoreboard/mem_q[0][sbe][rd][4]_i_8/O
                         net (fo=1, estimated)        0.947    16.816    i_ariane/i_cva6/issue_stage_i/i_scoreboard/mem_q[0][sbe][rd][4]_i_8_n_0
    SLICE_X41Y27         LUT6 (Prop_lut6_I1_O)        0.105    16.921 r  i_ariane/i_cva6/issue_stage_i/i_scoreboard/mem_q[0][sbe][rd][4]_i_5/O
                         net (fo=10, estimated)       0.500    17.421    i_ariane/i_cva6/ex_stage_i/lsu_i/i_pipe_reg_load/mem_q_reg[0][sbe][rd][2]_3
    SLICE_X38Y27         LUT4 (Prop_lut4_I1_O)        0.105    17.526 r  i_ariane/i_cva6/ex_stage_i/lsu_i/i_pipe_reg_load/mem_q[3][sbe][rd][4]_i_4/O
                         net (fo=3, estimated)        0.372    17.898    i_ariane/i_cva6/issue_stage_i/i_scoreboard/mem_q_reg[3][sbe][rd][2]_1
    SLICE_X38Y26         LUT6 (Prop_lut6_I3_O)        0.105    18.003 r  i_ariane/i_cva6/issue_stage_i/i_scoreboard/mem_q[3][sbe][rd][4]_i_1/O
                         net (fo=1, routed)           0.000    18.003    i_ariane/i_cva6/issue_stage_i/i_scoreboard/mem_q[3][sbe][rd][4]_i_1_n_0
    SLICE_X38Y26         FDCE                                         r  i_ariane/i_cva6/issue_stage_i/i_scoreboard/mem_q_reg[3][sbe][rd][4]/D
  -------------------------------------------------------------------    -------------------

                         (clock sys_clk rise edge)    5.000     5.000 r  
    U7                                                0.000     5.000 r  clk_pad_i (IN)
                         net (fo=0)                   0.000     5.000    clk_pad_i
    U7                   IBUF (Prop_ibuf_I_O)         1.438     6.438 r  clk_pad_i_IBUF_inst/O
                         net (fo=1, estimated)        1.751     8.189    clk_pad_i_IBUF
    BUFGCTRL_X0Y0        BUFG (Prop_bufg_I_O)         0.077     8.266 r  i_clk_bufg/O
                         net (fo=7369, estimated)     1.239     9.505    i_ariane/i_cva6/issue_stage_i/i_scoreboard/clk_core
    SLICE_X38Y26         FDCE                                         r  i_ariane/i_cva6/issue_stage_i/i_scoreboard/mem_q_reg[3][sbe][rd][4]/C
                         clock pessimism              0.264     9.768    
                         clock uncertainty           -0.135     9.633    
    SLICE_X38Y26         FDCE (Setup_fdce_C_D)        0.074     9.707    i_ariane/i_cva6/issue_stage_i/i_scoreboard/mem_q_reg[3][sbe][rd][4]
  -------------------------------------------------------------------
                         required time                          9.707    
                         arrival time                         -18.003    
  -------------------------------------------------------------------
                         slack                                 -8.296    

Slack (VIOLATED) :        -8.294ns  (required time - arrival time)
  Source:                 i_ariane/i_cva6/issue_stage_i/i_issue_read_operands/csr_valid_q_reg[0]/C
                            (rising edge-triggered cell FDCE clocked by sys_clk  {rise@0.000ns fall@2.500ns period=5.000ns})
  Destination:            i_ariane/i_cva6/issue_stage_i/i_scoreboard/mem_q_reg[3][sbe][rd][0]/D
                            (rising edge-triggered cell FDCE clocked by sys_clk  {rise@0.000ns fall@2.500ns period=5.000ns})
  Path Group:             sys_clk
  Path Type:              Setup (Max at Slow Process Corner)
  Requirement:            5.000ns  (sys_clk rise@5.000ns - sys_clk rise@0.000ns)
  Data Path Delay:        13.167ns  (logic 4.510ns (34.252%)  route 8.657ns (65.748%))
  Logic Levels:           34  (CARRY4=16 LUT2=1 LUT3=1 LUT4=3 LUT5=1 LUT6=12)
  Clock Path Skew:        -0.064ns (DCD - SCD + CPR)
    Destination Clock Delay (DCD):    4.505ns = ( 9.505 - 5.000 ) 
    Source Clock Delay      (SCD):    4.832ns
    Clock Pessimism Removal (CPR):    0.264ns
  Clock Uncertainty:      0.135ns  ((TSJ^2 + TIJ^2)^1/2 + DJ) / 2 + PE + UU
    Total System Jitter     (TSJ):    0.071ns
    Total Input Jitter      (TIJ):    0.000ns
    Discrete Jitter          (DJ):    0.000ns
    Phase Error              (PE):    0.000ns
    User Uncertainty         (UU):    0.100ns

    Location             Delay type                Incr(ns)  Path(ns)    Netlist Resource(s)
  -------------------------------------------------------------------    -------------------
                         (clock sys_clk rise edge)    0.000     0.000 r  
    U7                                                0.000     0.000 r  clk_pad_i (IN)
                         net (fo=0)                   0.000     0.000    clk_pad_i
    U7                   IBUF (Prop_ibuf_I_O)         1.504     1.504 r  clk_pad_i_IBUF_inst/O
                         net (fo=1, estimated)        1.843     3.347    clk_pad_i_IBUF
    BUFGCTRL_X0Y0        BUFG (Prop_bufg_I_O)         0.085     3.432 r  i_clk_bufg/O
                         net (fo=7369, estimated)     1.400     4.832    i_ariane/i_cva6/issue_stage_i/i_issue_read_operands/clk_core
    SLICE_X43Y14         FDCE                                         r  i_ariane/i_cva6/issue_stage_i/i_issue_read_operands/csr_valid_q_reg[0]/C
  -------------------------------------------------------------------    -------------------
    SLICE_X43Y14         FDCE (Prop_fdce_C_Q)         0.379     5.211 r  i_ariane/i_cva6/issue_stage_i/i_issue_read_operands/csr_valid_q_reg[0]/Q
                         net (fo=158, estimated)      0.770     5.981    i_ariane/i_cva6/issue_stage_i/i_issue_read_operands/csr_valid_q_reg[0]_0
    SLICE_X40Y14         LUT6 (Prop_lut6_I0_O)        0.105     6.086 r  i_ariane/i_cva6/issue_stage_i/i_issue_read_operands/adder_result_ext_o_carry_i_13/O
                         net (fo=13, estimated)       0.405     6.491    i_ariane/i_cva6/issue_stage_i/i_issue_read_operands/adder_result_ext_o_carry_i_13_n_0
    SLICE_X40Y14         LUT6 (Prop_lut6_I1_O)        0.105     6.596 f  i_ariane/i_cva6/issue_stage_i/i_issue_read_operands/adder_result_ext_o_carry_i_10/O
                         net (fo=3, estimated)        0.346     6.942    i_ariane/i_cva6/issue_stage_i/i_issue_read_operands/adder_result_ext_o_carry_i_10_n_0
    SLICE_X40Y13         LUT6 (Prop_lut6_I0_O)        0.105     7.047 r  i_ariane/i_cva6/issue_stage_i/i_issue_read_operands/adder_result_ext_o_carry_i_16/O
                         net (fo=100, estimated)      0.334     7.381    i_ariane/i_cva6/issue_stage_i/i_issue_read_operands/adder_result_ext_o_carry_i_16_n_0
    SLICE_X40Y12         LUT6 (Prop_lut6_I5_O)        0.105     7.486 r  i_ariane/i_cva6/issue_stage_i/i_issue_read_operands/adder_result_ext_o_carry_i_9/O
                         net (fo=1, estimated)        0.655     8.141    i_ariane/i_cva6/ex_stage_i/alu_i/S[0]
    SLICE_X41Y11         CARRY4 (Prop_carry4_S[0]_CO[3])
                                                      0.545     8.686 r  i_ariane/i_cva6/ex_stage_i/alu_i/adder_result_ext_o_carry/CO[3]
                         net (fo=1, estimated)        0.000     8.686    i_ariane/i_cva6/ex_stage_i/alu_i/adder_result_ext_o_carry_n_0
    SLICE_X41Y12         CARRY4 (Prop_carry4_CI_CO[3])
                                                      0.098     8.784 r  i_ariane/i_cva6/ex_stage_i/alu_i/adder_result_ext_o_carry__0/CO[3]
                         net (fo=1, estimated)        0.000     8.784    i_ariane/i_cva6/ex_stage_i/alu_i/adder_result_ext_o_carry__0_n_0
    SLICE_X41Y13         CARRY4 (Prop_carry4_CI_CO[3])
                                                      0.098     8.882 r  i_ariane/i_cva6/ex_stage_i/alu_i/adder_result_ext_o_carry__1/CO[3]
                         net (fo=1, estimated)        0.000     8.882    i_ariane/i_cva6/ex_stage_i/alu_i/adder_result_ext_o_carry__1_n_0
    SLICE_X41Y14         CARRY4 (Prop_carry4_CI_CO[3])
                                                      0.098     8.980 r  i_ariane/i_cva6/ex_stage_i/alu_i/adder_result_ext_o_carry__2/CO[3]
                         net (fo=1, estimated)        0.000     8.980    i_ariane/i_cva6/ex_stage_i/alu_i/adder_result_ext_o_carry__2_n_0
    SLICE_X41Y15         CARRY4 (Prop_carry4_CI_CO[3])
                                                      0.098     9.078 r  i_ariane/i_cva6/ex_stage_i/alu_i/adder_result_ext_o_carry__3/CO[3]
                         net (fo=1, estimated)        0.000     9.078    i_ariane/i_cva6/ex_stage_i/alu_i/adder_result_ext_o_carry__3_n_0
    SLICE_X41Y16         CARRY4 (Prop_carry4_CI_CO[3])
                                                      0.098     9.176 r  i_ariane/i_cva6/ex_stage_i/alu_i/adder_result_ext_o_carry__4/CO[3]
                         net (fo=1, estimated)        0.000     9.176    i_ariane/i_cva6/ex_stage_i/alu_i/adder_result_ext_o_carry__4_n_0
    SLICE_X41Y17         CARRY4 (Prop_carry4_CI_CO[3])
                                                      0.098     9.274 r  i_ariane/i_cva6/ex_stage_i/alu_i/adder_result_ext_o_carry__5/CO[3]
                         net (fo=1, estimated)        0.000     9.274    i_ariane/i_cva6/ex_stage_i/alu_i/adder_result_ext_o_carry__5_n_0
    SLICE_X41Y18         CARRY4 (Prop_carry4_CI_CO[3])
                                                      0.098     9.372 r  i_ariane/i_cva6/ex_stage_i/alu_i/adder_result_ext_o_carry__6/CO[3]
                         net (fo=1, estimated)        0.000     9.372    i_ariane/i_cva6/ex_stage_i/alu_i/adder_result_ext_o_carry__6_n_0
    SLICE_X41Y19         CARRY4 (Prop_carry4_CI_CO[3])
                                                      0.098     9.470 r  i_ariane/i_cva6/ex_stage_i/alu_i/adder_result_ext_o_carry__7/CO[3]
                         net (fo=1, estimated)        0.000     9.470    i_ariane/i_cva6/ex_stage_i/alu_i/adder_result_ext_o_carry__7_n_0
    SLICE_X41Y20         CARRY4 (Prop_carry4_CI_CO[3])
                                                      0.098     9.568 r  i_ariane/i_cva6/ex_stage_i/alu_i/adder_result_ext_o_carry__8/CO[3]
                         net (fo=1, estimated)        0.000     9.568    i_ariane/i_cva6/ex_stage_i/alu_i/adder_result_ext_o_carry__8_n_0
    SLICE_X41Y21         CARRY4 (Prop_carry4_CI_CO[3])
                                                      0.098     9.666 r  i_ariane/i_cva6/ex_stage_i/alu_i/adder_result_ext_o_carry__9/CO[3]
                         net (fo=1, estimated)        0.000     9.666    i_ariane/i_cva6/ex_stage_i/alu_i/adder_result_ext_o_carry__9_n_0
    SLICE_X41Y22         CARRY4 (Prop_carry4_CI_CO[3])
                                                      0.098     9.764 r  i_ariane/i_cva6/ex_stage_i/alu_i/adder_result_ext_o_carry__10/CO[3]
                         net (fo=1, estimated)        0.000     9.764    i_ariane/i_cva6/ex_stage_i/alu_i/adder_result_ext_o_carry__10_n_0
    SLICE_X41Y23         CARRY4 (Prop_carry4_CI_CO[3])
                                                      0.098     9.862 r  i_ariane/i_cva6/ex_stage_i/alu_i/adder_result_ext_o_carry__11/CO[3]
                         net (fo=1, estimated)        0.000     9.862    i_ariane/i_cva6/ex_stage_i/alu_i/adder_result_ext_o_carry__11_n_0
    SLICE_X41Y24         CARRY4 (Prop_carry4_CI_CO[3])
                                                      0.098     9.960 r  i_ariane/i_cva6/ex_stage_i/alu_i/adder_result_ext_o_carry__12/CO[3]
                         net (fo=1, estimated)        0.008     9.968    i_ariane/i_cva6/ex_stage_i/alu_i/adder_result_ext_o_carry__12_n_0
    SLICE_X41Y25         CARRY4 (Prop_carry4_CI_CO[3])
                                                      0.098    10.066 r  i_ariane/i_cva6/ex_stage_i/alu_i/adder_result_ext_o_carry__13/CO[3]
                         net (fo=1, estimated)        0.000    10.066    i_ariane/i_cva6/ex_stage_i/alu_i/adder_result_ext_o_carry__13_n_0
    SLICE_X41Y26         CARRY4 (Prop_carry4_CI_O[0])
                                                      0.180    10.246 f  i_ariane/i_cva6/ex_stage_i/alu_i/adder_result_ext_o_carry__14/O[0]
                         net (fo=2, estimated)        0.643    10.889    i_ariane/i_cva6/issue_stage_i/i_issue_read_operands/adder_result[60]
    SLICE_X43Y25         LUT4 (Prop_lut4_I0_O)        0.249    11.138 f  i_ariane/i_cva6/issue_stage_i/i_issue_read_operands/i___65_i_25/O
                         net (fo=1, estimated)        0.113    11.251    i_ariane/i_cva6/ex_stage_i/alu_i/i___65_i_10_1
    SLICE_X43Y25         LUT5 (Prop_lut5_I4_O)        0.105    11.356 f  i_ariane/i_cva6/ex_stage_i/alu_i/i___65_i_21/O
                         net (fo=1, estimated)        0.230    11.586    i_ariane/i_cva6/ex_stage_i/alu_i/i___65_i_21_n_0
    SLICE_X40Y25         LUT6 (Prop_lut6_I5_O)        0.105    11.691 f  i_ariane/i_cva6/ex_stage_i/alu_i/i___65_i_10/O
                         net (fo=2, estimated)        0.573    12.264    i_ariane/i_cva6/ex_stage_i/alu_i/i___65_i_10_n_0
    SLICE_X35Y16         LUT4 (Prop_lut4_I3_O)        0.105    12.369 f  i_ariane/i_cva6/ex_stage_i/alu_i/i___65_i_3/O
                         net (fo=1, estimated)        0.331    12.700    i_ariane/i_cva6/issue_stage_i/i_issue_read_operands/issue_q[0][valid]_i_4
    SLICE_X34Y16         LUT6 (Prop_lut6_I2_O)        0.105    12.805 r  i_ariane/i_cva6/issue_stage_i/i_issue_read_operands/i___65_i_1__0/O
                         net (fo=70, estimated)       0.334    13.139    i_ariane/i_cva6/issue_stage_i/i_issue_read_operands/fu_data_q_reg[0][operation][0]_32
    SLICE_X34Y15         LUT6 (Prop_lut6_I1_O)        0.105    13.244 f  i_ariane/i_cva6/issue_stage_i/i_issue_read_operands/npc_q[63]_bret__277_i_2/O
                         net (fo=9, estimated)        0.265    13.509    i_ariane/i_cva6/controller_i/resolved_branch[is_mispredict]
    SLICE_X35Y15         LUT6 (Prop_lut6_I3_O)        0.105    13.614 f  i_ariane/i_cva6/controller_i/i___63_i_1/O
                         net (fo=40, estimated)       0.511    14.125    i_ariane/i_cva6/issue_stage_i/i_scoreboard/flush_ctrl_if
    SLICE_X35Y18         LUT2 (Prop_lut2_I0_O)        0.105    14.230 f  i_ariane/i_cva6/issue_stage_i/i_scoreboard/i__i_2__0/O
                         net (fo=1, estimated)        0.463    14.693    i_ariane/i_cva6/issue_stage_i/i_scoreboard/i__i_2__0_n_0
    SLICE_X35Y20         LUT6 (Prop_lut6_I0_O)        0.105    14.798 f  i_ariane/i_cva6/issue_stage_i/i_scoreboard/i__i_1__0/O
                         net (fo=58, estimated)       0.543    15.341    i_ariane/i_cva6/issue_stage_i/i_scoreboard/issue_q_reg[0][sbe][valid]
    SLICE_X35Y21         LUT3 (Prop_lut3_I0_O)        0.105    15.446 r  i_ariane/i_cva6/issue_stage_i/i_scoreboard/mem_q[3][sbe][pc][63]_i_1/O
                         net (fo=79, estimated)       0.318    15.764    i_ariane/i_cva6/issue_stage_i/i_scoreboard/mem_q[3][sbe][pc][63]_i_1_n_0
    SLICE_X35Y22         LUT6 (Prop_lut6_I2_O)        0.105    15.869 r  i_ariane/i_cva6/issue_stage_i/i_scoreboard/mem_q[0][sbe][rd][4]_i_8/O
                         net (fo=1, estimated)        0.947    16.816    i_ariane/i_cva6/issue_stage_i/i_scoreboard/mem_q[0][sbe][rd][4]_i_8_n_0
    SLICE_X41Y27         LUT6 (Prop_lut6_I1_O)        0.105    16.921 r  i_ariane/i_cva6/issue_stage_i/i_scoreboard/mem_q[0][sbe][rd][4]_i_5/O
                         net (fo=10, estimated)       0.500    17.421    i_ariane/i_cva6/ex_stage_i/lsu_i/i_pipe_reg_load/mem_q_reg[0][sbe][rd][2]_3
    SLICE_X38Y27         LUT4 (Prop_lut4_I1_O)        0.105    17.526 r  i_ariane/i_cva6/ex_stage_i/lsu_i/i_pipe_reg_load/mem_q[3][sbe][rd][4]_i_4/O
                         net (fo=3, estimated)        0.368    17.894    i_ariane/i_cva6/issue_stage_i/i_scoreboard/mem_q_reg[3][sbe][rd][2]_1
    SLICE_X38Y26         LUT6 (Prop_lut6_I4_O)        0.105    17.999 r  i_ariane/i_cva6/issue_stage_i/i_scoreboard/mem_q[3][sbe][rd][0]_i_1/O
                         net (fo=1, routed)           0.000    17.999    i_ariane/i_cva6/issue_stage_i/i_scoreboard/mem_q[3][sbe][rd][0]_i_1_n_0
    SLICE_X38Y26         FDCE                                         r  i_ariane/i_cva6/issue_stage_i/i_scoreboard/mem_q_reg[3][sbe][rd][0]/D
  -------------------------------------------------------------------    -------------------

                         (clock sys_clk rise edge)    5.000     5.000 r  
    U7                                                0.000     5.000 r  clk_pad_i (IN)
                         net (fo=0)                   0.000     5.000    clk_pad_i
    U7                   IBUF (Prop_ibuf_I_O)         1.438     6.438 r  clk_pad_i_IBUF_inst/O
                         net (fo=1, estimated)        1.751     8.189    clk_pad_i_IBUF
    BUFGCTRL_X0Y0        BUFG (Prop_bufg_I_O)         0.077     8.266 r  i_clk_bufg/O
                         net (fo=7369, estimated)     1.239     9.505    i_ariane/i_cva6/issue_stage_i/i_scoreboard/clk_core
    SLICE_X38Y26         FDCE                                         r  i_ariane/i_cva6/issue_stage_i/i_scoreboard/mem_q_reg[3][sbe][rd][0]/C
                         clock pessimism              0.264     9.768    
                         clock uncertainty           -0.135     9.633    
    SLICE_X38Y26         FDCE (Setup_fdce_C_D)        0.072     9.705    i_ariane/i_cva6/issue_stage_i/i_scoreboard/mem_q_reg[3][sbe][rd][0]
  -------------------------------------------------------------------
                         required time                          9.705    
                         arrival time                         -17.999    
  -------------------------------------------------------------------
                         slack                                 -8.294    





Pulse Width Checks
--------------------------------------------------------------------------------------
Clock Name:         sys_clk
Waveform(ns):       { 0.000 2.500 }
Period(ns):         5.000
Sources:            { clk_pad_i }

Check Type        Corner  Lib Pin             Reference Pin  Required(ns)  Actual(ns)  Slack(ns)  Location     Pin
Min Period        n/a     RAMB36E1/CLKARDCLK  n/a            2.472         5.000       2.528      RAMB36_X3Y6  i_ariane/gen_hdec_coprocessor.i_hdec_coprocessor/i_hdec_top/i_vrf/gen_bank[0].vrf_mem_reg/CLKARDCLK
Min Period        n/a     RAMB36E1/CLKBWRCLK  n/a            2.472         5.000       2.528      RAMB36_X3Y6  i_ariane/gen_hdec_coprocessor.i_hdec_coprocessor/i_hdec_top/i_vrf/gen_bank[0].vrf_mem_reg/CLKBWRCLK
Min Period        n/a     RAMB36E1/CLKARDCLK  n/a            2.472         5.000       2.528      RAMB36_X3Y5  i_ariane/gen_hdec_coprocessor.i_hdec_coprocessor/i_hdec_top/i_vrf/gen_bank[1].vrf_mem_reg/CLKARDCLK
Min Period        n/a     RAMB36E1/CLKBWRCLK  n/a            2.472         5.000       2.528      RAMB36_X3Y5  i_ariane/gen_hdec_coprocessor.i_hdec_coprocessor/i_hdec_top/i_vrf/gen_bank[1].vrf_mem_reg/CLKBWRCLK
Min Period        n/a     RAMB36E1/CLKARDCLK  n/a            2.472         5.000       2.528      RAMB36_X3Y4  i_ariane/gen_hdec_coprocessor.i_hdec_coprocessor/i_hdec_top/i_vrf/gen_bank[2].vrf_mem_reg/CLKARDCLK
Min Period        n/a     RAMB36E1/CLKBWRCLK  n/a            2.472         5.000       2.528      RAMB36_X3Y4  i_ariane/gen_hdec_coprocessor.i_hdec_coprocessor/i_hdec_top/i_vrf/gen_bank[2].vrf_mem_reg/CLKBWRCLK
Min Period        n/a     RAMB36E1/CLKARDCLK  n/a            2.472         5.000       2.528      RAMB36_X3Y3  i_ariane/gen_hdec_coprocessor.i_hdec_coprocessor/i_hdec_top/i_vrf/gen_bank[3].vrf_mem_reg/CLKARDCLK
Min Period        n/a     RAMB36E1/CLKBWRCLK  n/a            2.472         5.000       2.528      RAMB36_X3Y3  i_ariane/gen_hdec_coprocessor.i_hdec_coprocessor/i_hdec_top/i_vrf/gen_bank[3].vrf_mem_reg/CLKBWRCLK
Min Period        n/a     RAMB36E1/CLKARDCLK  n/a            2.472         5.000       2.528      RAMB36_X0Y1  i_ariane/i_cva6/gen_cache_wt.i_cache_subsystem/i_cva6_icache/gen_sram[0].tag_sram/data_sram/gen_cut[0].i_tc_sram_wrapper/i_ram/Mem_DP_reg/CLKARDCLK
Min Period        n/a     RAMB36E1/CLKBWRCLK  n/a            2.472         5.000       2.528      RAMB36_X0Y1  i_ariane/i_cva6/gen_cache_wt.i_cache_subsystem/i_cva6_icache/gen_sram[0].tag_sram/data_sram/gen_cut[0].i_tc_sram_wrapper/i_ram/Mem_DP_reg/CLKBWRCLK
Min Period        n/a     RAMB36E1/CLKARDCLK  n/a            2.472         5.000       2.528      RAMB36_X0Y0  i_ariane/i_cva6/gen_cache_wt.i_cache_subsystem/i_cva6_icache/gen_sram[1].data_sram/data_sram/gen_cut[1].i_tc_sram_wrapper/i_ram/Mem_DP_reg/CLKARDCLK
Min Period        n/a     RAMB36E1/CLKBWRCLK  n/a            2.472         5.000       2.528      RAMB36_X0Y0  i_ariane/i_cva6/gen_cache_wt.i_cache_subsystem/i_cva6_icache/gen_sram[1].data_sram/data_sram/gen_cut[1].i_tc_sram_wrapper/i_ram/Mem_DP_reg/CLKBWRCLK
Min Period        n/a     RAMB36E1/CLKARDCLK  n/a            2.472         5.000       2.528      RAMB36_X0Y2  i_ariane/i_cva6/gen_cache_wt.i_cache_subsystem/i_cva6_icache/gen_sram[1].tag_sram/data_sram/gen_cut[0].i_tc_sram_wrapper/i_ram/Mem_DP_reg/CLKARDCLK
Min Period        n/a     RAMB36E1/CLKBWRCLK  n/a            2.472         5.000       2.528      RAMB36_X0Y2  i_ariane/i_cva6/gen_cache_wt.i_cache_subsystem/i_cva6_icache/gen_sram[1].tag_sram/data_sram/gen_cut[0].i_tc_sram_wrapper/i_ram/Mem_DP_reg/CLKBWRCLK
Min Period        n/a     RAMB36E1/CLKARDCLK  n/a            2.472         5.000       2.528      RAMB36_X0Y7  i_ariane/i_cva6/gen_cache_wt.i_cache_subsystem/i_wt_dcache/i_wt_dcache_mem/gen_data_banks[0].i_data_sram/data_sram/gen_cut[0].i_tc_sram_wrapper/i_ram/Mem_DP_reg/CLKARDCLK
Min Period        n/a     RAMB36E1/CLKBWRCLK  n/a            2.472         5.000       2.528      RAMB36_X0Y7  i_ariane/i_cva6/gen_cache_wt.i_cache_subsystem/i_wt_dcache/i_wt_dcache_mem/gen_data_banks[0].i_data_sram/data_sram/gen_cut[0].i_tc_sram_wrapper/i_ram/Mem_DP_reg/CLKBWRCLK
Min Period        n/a     RAMB36E1/CLKARDCLK  n/a            2.472         5.000       2.528      RAMB36_X1Y6  i_ariane/i_cva6/gen_cache_wt.i_cache_subsystem/i_wt_dcache/i_wt_dcache_mem/gen_data_banks[0].i_data_sram/data_sram/gen_cut[1].i_tc_sram_wrapper/i_ram/Mem_DP_reg/CLKARDCLK
Min Period        n/a     RAMB36E1/CLKBWRCLK  n/a            2.472         5.000       2.528      RAMB36_X1Y6  i_ariane/i_cva6/gen_cache_wt.i_cache_subsystem/i_wt_dcache/i_wt_dcache_mem/gen_data_banks[0].i_data_sram/data_sram/gen_cut[1].i_tc_sram_wrapper/i_ram/Mem_DP_reg/CLKBWRCLK
Min Period        n/a     RAMB36E1/CLKARDCLK  n/a            2.472         5.000       2.528      RAMB36_X1Y8  i_ariane/i_cva6/gen_cache_wt.i_cache_subsystem/i_wt_dcache/i_wt_dcache_mem/gen_data_banks[1].i_data_sram/data_sram/gen_cut[0].i_tc_sram_wrapper/i_ram/Mem_DP_reg/CLKARDCLK
Min Period        n/a     RAMB36E1/CLKBWRCLK  n/a            2.472         5.000       2.528      RAMB36_X1Y8  i_ariane/i_cva6/gen_cache_wt.i_cache_subsystem/i_wt_dcache/i_wt_dcache_mem/gen_data_banks[1].i_data_sram/data_sram/gen_cut[0].i_tc_sram_wrapper/i_ram/Mem_DP_reg/CLKBWRCLK
Low Pulse Width   Slow    RAMD32/CLK          n/a            1.130         2.500       1.370      SLICE_X2Y20  i_ariane/i_cva6/gen_cache_wt.i_cache_subsystem/i_adapter/i_dcache_data_fifo/gen_fpga_queue.fifo_ram/mem_reg_0_1_102_107/RAMA/CLK
Low Pulse Width   Fast    RAMD32/CLK          n/a            1.130         2.500       1.370      SLICE_X2Y20  i_ariane/i_cva6/gen_cache_wt.i_cache_subsystem/i_adapter/i_dcache_data_fifo/gen_fpga_queue.fifo_ram/mem_reg_0_1_102_107/RAMA/CLK
Low Pulse Width   Slow    RAMD32/CLK          n/a            1.130         2.500       1.370      SLICE_X2Y20  i_ariane/i_cva6/gen_cache_wt.i_cache_subsystem/i_adapter/i_dcache_data_fifo/gen_fpga_queue.fifo_ram/mem_reg_0_1_102_107/RAMA_D1/CLK
Low Pulse Width   Fast    RAMD32/CLK          n/a            1.130         2.500       1.370      SLICE_X2Y20  i_ariane/i_cva6/gen_cache_wt.i_cache_subsystem/i_adapter/i_dcache_data_fifo/gen_fpga_queue.fifo_ram/mem_reg_0_1_102_107/RAMA_D1/CLK
Low Pulse Width   Slow    RAMD32/CLK          n/a            1.130         2.500       1.370      SLICE_X2Y20  i_ariane/i_cva6/gen_cache_wt.i_cache_subsystem/i_adapter/i_dcache_data_fifo/gen_fpga_queue.fifo_ram/mem_reg_0_1_102_107/RAMB/CLK
Low Pulse Width   Fast    RAMD32/CLK          n/a            1.130         2.500       1.370      SLICE_X2Y20  i_ariane/i_cva6/gen_cache_wt.i_cache_subsystem/i_adapter/i_dcache_data_fifo/gen_fpga_queue.fifo_ram/mem_reg_0_1_102_107/RAMB/CLK
Low Pulse Width   Slow    RAMD32/CLK          n/a            1.130         2.500       1.370      SLICE_X2Y20  i_ariane/i_cva6/gen_cache_wt.i_cache_subsystem/i_adapter/i_dcache_data_fifo/gen_fpga_queue.fifo_ram/mem_reg_0_1_102_107/RAMB_D1/CLK
Low Pulse Width   Fast    RAMD32/CLK          n/a            1.130         2.500       1.370      SLICE_X2Y20  i_ariane/i_cva6/gen_cache_wt.i_cache_subsystem/i_adapter/i_dcache_data_fifo/gen_fpga_queue.fifo_ram/mem_reg_0_1_102_107/RAMB_D1/CLK
Low Pulse Width   Slow    RAMD32/CLK          n/a            1.130         2.500       1.370      SLICE_X2Y20  i_ariane/i_cva6/gen_cache_wt.i_cache_subsystem/i_adapter/i_dcache_data_fifo/gen_fpga_queue.fifo_ram/mem_reg_0_1_102_107/RAMC/CLK
Low Pulse Width   Fast    RAMD32/CLK          n/a            1.130         2.500       1.370      SLICE_X2Y20  i_ariane/i_cva6/gen_cache_wt.i_cache_subsystem/i_adapter/i_dcache_data_fifo/gen_fpga_queue.fifo_ram/mem_reg_0_1_102_107/RAMC/CLK
Low Pulse Width   Slow    RAMD32/CLK          n/a            1.130         2.500       1.370      SLICE_X2Y20  i_ariane/i_cva6/gen_cache_wt.i_cache_subsystem/i_adapter/i_dcache_data_fifo/gen_fpga_queue.fifo_ram/mem_reg_0_1_102_107/RAMC_D1/CLK
Low Pulse Width   Fast    RAMD32/CLK          n/a            1.130         2.500       1.370      SLICE_X2Y20  i_ariane/i_cva6/gen_cache_wt.i_cache_subsystem/i_adapter/i_dcache_data_fifo/gen_fpga_queue.fifo_ram/mem_reg_0_1_102_107/RAMC_D1/CLK
Low Pulse Width   Slow    RAMS32/CLK          n/a            1.130         2.500       1.370      SLICE_X2Y20  i_ariane/i_cva6/gen_cache_wt.i_cache_subsystem/i_adapter/i_dcache_data_fifo/gen_fpga_queue.fifo_ram/mem_reg_0_1_102_107/RAMD/CLK
Low Pulse Width   Fast    RAMS32/CLK          n/a            1.130         2.500       1.370      SLICE_X2Y20  i_ariane/i_cva6/gen_cache_wt.i_cache_subsystem/i_adapter/i_dcache_data_fifo/gen_fpga_queue.fifo_ram/mem_reg_0_1_102_107/RAMD/CLK
Low Pulse Width   Slow    RAMS32/CLK          n/a            1.130         2.500       1.370      SLICE_X2Y20  i_ariane/i_cva6/gen_cache_wt.i_cache_subsystem/i_adapter/i_dcache_data_fifo/gen_fpga_queue.fifo_ram/mem_reg_0_1_102_107/RAMD_D1/CLK
Low Pulse Width   Fast    RAMS32/CLK          n/a            1.130         2.500       1.370      SLICE_X2Y20  i_ariane/i_cva6/gen_cache_wt.i_cache_subsystem/i_adapter/i_dcache_data_fifo/gen_fpga_queue.fifo_ram/mem_reg_0_1_102_107/RAMD_D1/CLK
Low Pulse Width   Slow    RAMD32/CLK          n/a            1.130         2.500       1.370      SLICE_X4Y19  i_ariane/i_cva6/gen_cache_wt.i_cache_subsystem/i_adapter/i_dcache_data_fifo/gen_fpga_queue.fifo_ram/mem_reg_0_1_108_113/RAMA/CLK
Low Pulse Width   Fast    RAMD32/CLK          n/a            1.130         2.500       1.370      SLICE_X4Y19  i_ariane/i_cva6/gen_cache_wt.i_cache_subsystem/i_adapter/i_dcache_data_fifo/gen_fpga_queue.fifo_ram/mem_reg_0_1_108_113/RAMA/CLK
Low Pulse Width   Slow    RAMD32/CLK          n/a            1.130         2.500       1.370      SLICE_X4Y19  i_ariane/i_cva6/gen_cache_wt.i_cache_subsystem/i_adapter/i_dcache_data_fifo/gen_fpga_queue.fifo_ram/mem_reg_0_1_108_113/RAMA_D1/CLK
Low Pulse Width   Fast    RAMD32/CLK          n/a            1.130         2.500       1.370      SLICE_X4Y19  i_ariane/i_cva6/gen_cache_wt.i_cache_subsystem/i_adapter/i_dcache_data_fifo/gen_fpga_queue.fifo_ram/mem_reg_0_1_108_113/RAMA_D1/CLK
High Pulse Width  Slow    RAMD32/CLK          n/a            1.130         2.500       1.370      SLICE_X2Y20  i_ariane/i_cva6/gen_cache_wt.i_cache_subsystem/i_adapter/i_dcache_data_fifo/gen_fpga_queue.fifo_ram/mem_reg_0_1_102_107/RAMA/CLK
High Pulse Width  Fast    RAMD32/CLK          n/a            1.130         2.500       1.370      SLICE_X2Y20  i_ariane/i_cva6/gen_cache_wt.i_cache_subsystem/i_adapter/i_dcache_data_fifo/gen_fpga_queue.fifo_ram/mem_reg_0_1_102_107/RAMA/CLK
High Pulse Width  Slow    RAMD32/CLK          n/a            1.130         2.500       1.370      SLICE_X2Y20  i_ariane/i_cva6/gen_cache_wt.i_cache_subsystem/i_adapter/i_dcache_data_fifo/gen_fpga_queue.fifo_ram/mem_reg_0_1_102_107/RAMA_D1/CLK
High Pulse Width  Fast    RAMD32/CLK          n/a            1.130         2.500       1.370      SLICE_X2Y20  i_ariane/i_cva6/gen_cache_wt.i_cache_subsystem/i_adapter/i_dcache_data_fifo/gen_fpga_queue.fifo_ram/mem_reg_0_1_102_107/RAMA_D1/CLK
High Pulse Width  Slow    RAMD32/CLK          n/a            1.130         2.500       1.370      SLICE_X2Y20  i_ariane/i_cva6/gen_cache_wt.i_cache_subsystem/i_adapter/i_dcache_data_fifo/gen_fpga_queue.fifo_ram/mem_reg_0_1_102_107/RAMB/CLK
High Pulse Width  Fast    RAMD32/CLK          n/a            1.130         2.500       1.370      SLICE_X2Y20  i_ariane/i_cva6/gen_cache_wt.i_cache_subsystem/i_adapter/i_dcache_data_fifo/gen_fpga_queue.fifo_ram/mem_reg_0_1_102_107/RAMB/CLK
High Pulse Width  Slow    RAMD32/CLK          n/a            1.130         2.500       1.370      SLICE_X2Y20  i_ariane/i_cva6/gen_cache_wt.i_cache_subsystem/i_adapter/i_dcache_data_fifo/gen_fpga_queue.fifo_ram/mem_reg_0_1_102_107/RAMB_D1/CLK
High Pulse Width  Fast    RAMD32/CLK          n/a            1.130         2.500       1.370      SLICE_X2Y20  i_ariane/i_cva6/gen_cache_wt.i_cache_subsystem/i_adapter/i_dcache_data_fifo/gen_fpga_queue.fifo_ram/mem_reg_0_1_102_107/RAMB_D1/CLK
High Pulse Width  Slow    RAMD32/CLK          n/a            1.130         2.500       1.370      SLICE_X2Y20  i_ariane/i_cva6/gen_cache_wt.i_cache_subsystem/i_adapter/i_dcache_data_fifo/gen_fpga_queue.fifo_ram/mem_reg_0_1_102_107/RAMC/CLK
High Pulse Width  Fast    RAMD32/CLK          n/a            1.130         2.500       1.370      SLICE_X2Y20  i_ariane/i_cva6/gen_cache_wt.i_cache_subsystem/i_adapter/i_dcache_data_fifo/gen_fpga_queue.fifo_ram/mem_reg_0_1_102_107/RAMC/CLK
High Pulse Width  Slow    RAMD32/CLK          n/a            1.130         2.500       1.370      SLICE_X2Y20  i_ariane/i_cva6/gen_cache_wt.i_cache_subsystem/i_adapter/i_dcache_data_fifo/gen_fpga_queue.fifo_ram/mem_reg_0_1_102_107/RAMC_D1/CLK
High Pulse Width  Fast    RAMD32/CLK          n/a            1.130         2.500       1.370      SLICE_X2Y20  i_ariane/i_cva6/gen_cache_wt.i_cache_subsystem/i_adapter/i_dcache_data_fifo/gen_fpga_queue.fifo_ram/mem_reg_0_1_102_107/RAMC_D1/CLK
High Pulse Width  Slow    RAMS32/CLK          n/a            1.130         2.500       1.370      SLICE_X2Y20  i_ariane/i_cva6/gen_cache_wt.i_cache_subsystem/i_adapter/i_dcache_data_fifo/gen_fpga_queue.fifo_ram/mem_reg_0_1_102_107/RAMD/CLK
High Pulse Width  Fast    RAMS32/CLK          n/a            1.130         2.500       1.370      SLICE_X2Y20  i_ariane/i_cva6/gen_cache_wt.i_cache_subsystem/i_adapter/i_dcache_data_fifo/gen_fpga_queue.fifo_ram/mem_reg_0_1_102_107/RAMD/CLK
High Pulse Width  Slow    RAMS32/CLK          n/a            1.130         2.500       1.370      SLICE_X2Y20  i_ariane/i_cva6/gen_cache_wt.i_cache_subsystem/i_adapter/i_dcache_data_fifo/gen_fpga_queue.fifo_ram/mem_reg_0_1_102_107/RAMD_D1/CLK
High Pulse Width  Fast    RAMS32/CLK          n/a            1.130         2.500       1.370      SLICE_X2Y20  i_ariane/i_cva6/gen_cache_wt.i_cache_subsystem/i_adapter/i_dcache_data_fifo/gen_fpga_queue.fifo_ram/mem_reg_0_1_102_107/RAMD_D1/CLK
High Pulse Width  Slow    RAMD32/CLK          n/a            1.130         2.500       1.370      SLICE_X4Y19  i_ariane/i_cva6/gen_cache_wt.i_cache_subsystem/i_adapter/i_dcache_data_fifo/gen_fpga_queue.fifo_ram/mem_reg_0_1_108_113/RAMA/CLK
High Pulse Width  Fast    RAMD32/CLK          n/a            1.130         2.500       1.370      SLICE_X4Y19  i_ariane/i_cva6/gen_cache_wt.i_cache_subsystem/i_adapter/i_dcache_data_fifo/gen_fpga_queue.fifo_ram/mem_reg_0_1_108_113/RAMA/CLK
High Pulse Width  Slow    RAMD32/CLK          n/a            1.130         2.500       1.370      SLICE_X4Y19  i_ariane/i_cva6/gen_cache_wt.i_cache_subsystem/i_adapter/i_dcache_data_fifo/gen_fpga_queue.fifo_ram/mem_reg_0_1_108_113/RAMA_D1/CLK
High Pulse Width  Fast    RAMD32/CLK          n/a            1.130         2.500       1.370      SLICE_X4Y19  i_ariane/i_cva6/gen_cache_wt.i_cache_subsystem/i_adapter/i_dcache_data_fifo/gen_fpga_queue.fifo_ram/mem_reg_0_1_108_113/RAMA_D1/CLK



