Copyright 1986-2022 Xilinx, Inc. All Rights Reserved. Copyright 2022-2024 Advanced Micro Devices, Inc. All Rights Reserved.
----------------------------------------------------------------------------------------------------------------------------------------------------------------------------------------------------------------------
| Tool Version : Vivado v.2024.2 (win64) Build 5239630 Fri Nov 08 22:35:27 MST 2024
| Date         : Wed Jul  1 02:42:45 2026
| Host         : WIN-20240824NZS running 64-bit major release  (build 9200)
| Command      : report_timing_summary -delay_type max -max_paths 20 -file E:/HDEC/cva6-vhdc-core/tmp/hdec_v15_pointmul_worktree/reports/cva6_hdec_lite_impl_2026_07_01/impl_zynq7020_lite_bufg/timing_post_synth.rpt
| Design       : cva6_hdec_lite_impl_wrapper
| Device       : 7z020-clg400
| Speed File   : -2  PRODUCTION 1.12 2019-11-22
| Design State : Synthesized
----------------------------------------------------------------------------------------------------------------------------------------------------------------------------------------------------------------------

Timing Summary Report

------------------------------------------------------------------------------------------------
| Timer Settings
| --------------
------------------------------------------------------------------------------------------------

  Enable Multi Corner Analysis               :  Yes
  Enable Pessimism Removal                   :  Yes
  Pessimism Removal Resolution               :  Nearest Common Node
  Enable Input Delay Default Clock           :  No
  Enable Preset / Clear Arcs                 :  No
  Disable Flight Delays                      :  No
  Ignore I/O Paths                           :  No
  Timing Early Launch at Borrowing Latches   :  No
  Borrow Time for Max Delay Exceptions       :  Yes
  Merge Timing Exceptions                    :  Yes
  Inter-SLR Compensation                     :  Conservative

  Corner  Analyze    Analyze    
  Name    Max Paths  Min Paths  
  ------  ---------  ---------  
  Slow    Yes        Yes        
  Fast    Yes        Yes        


------------------------------------------------------------------------------------------------
| Report Methodology
| ------------------
------------------------------------------------------------------------------------------------

No report available as report_methodology has not been run prior. Run report_methodology on the current design for the summary of methodology violations.



check_timing report

Table of Contents
-----------------
1. checking no_clock (0)
2. checking constant_clock (0)
3. checking pulse_width_clock (0)
4. checking unconstrained_internal_endpoints (0)
5. checking no_input_delay (1)
6. checking no_output_delay (0)
7. checking multiple_clock (0)
8. checking generated_clocks (0)
9. checking loops (0)
10. checking partial_input_delay (0)
11. checking partial_output_delay (0)
12. checking latch_loops (0)

1. checking no_clock (0)
------------------------
 There are 0 register/latch pins with no clock.


2. checking constant_clock (0)
------------------------------
 There are 0 register/latch pins with constant_clock.


3. checking pulse_width_clock (0)
---------------------------------
 There are 0 register/latch pins which need pulse_width check


4. checking unconstrained_internal_endpoints (0)
------------------------------------------------
 There are 0 pins that are not constrained for maximum delay.

 There are 0 pins that are not constrained for maximum delay due to constant clock.


5. checking no_input_delay (1)
------------------------------
 There are 0 input ports with no input delay specified.

 There is 1 input port with no input delay but user has a false path constraint. (MEDIUM)


6. checking no_output_delay (0)
-------------------------------
 There are 0 ports with no output delay specified.

 There are 0 ports with no output delay but user has a false path constraint

 There are 0 ports with no output delay but with a timing clock defined on it or propagating through it


7. checking multiple_clock (0)
------------------------------
 There are 0 register/latch pins with multiple clocks.


8. checking generated_clocks (0)
--------------------------------
 There are 0 generated clocks that are not connected to a clock source.


9. checking loops (0)
---------------------
 There are 0 combinational loops in the design.


10. checking partial_input_delay (0)
------------------------------------
 There are 0 input ports with partial input delay specified.


11. checking partial_output_delay (0)
-------------------------------------
 There are 0 ports with partial output delay specified.


12. checking latch_loops (0)
----------------------------
 There are 0 combinational latch loops in the design through latch input



------------------------------------------------------------------------------------------------
| Design Timing Summary
| ---------------------
------------------------------------------------------------------------------------------------

    WNS(ns)      TNS(ns)  TNS Failing Endpoints  TNS Total Endpoints     WPWS(ns)     TPWS(ns)  TPWS Failing Endpoints  TPWS Total Endpoints  
    -------      -------  ---------------------  -------------------     --------     --------  ----------------------  --------------------  
    -10.017   -35157.328                   8332                16428        1.370        0.000                       0                  7370  


Timing constraints are not met.


------------------------------------------------------------------------------------------------
| Clock Summary
| -------------
------------------------------------------------------------------------------------------------

Clock    Waveform(ns)         Period(ns)      Frequency(MHz)
-----    ------------         ----------      --------------
sys_clk  {0.000 2.500}        5.000           200.000         


------------------------------------------------------------------------------------------------
| Intra Clock Table
| -----------------
------------------------------------------------------------------------------------------------

Clock             WNS(ns)      TNS(ns)  TNS Failing Endpoints  TNS Total Endpoints     WPWS(ns)     TPWS(ns)  TPWS Failing Endpoints  TPWS Total Endpoints  
-----             -------      -------  ---------------------  -------------------     --------     --------  ----------------------  --------------------  
sys_clk           -10.017   -35157.328                   8332                16428        1.370        0.000                       0                  7370  


------------------------------------------------------------------------------------------------
| Inter Clock Table
| -----------------
------------------------------------------------------------------------------------------------

From Clock    To Clock          WNS(ns)      TNS(ns)  TNS Failing Endpoints  TNS Total Endpoints  
----------    --------          -------      -------  ---------------------  -------------------  


------------------------------------------------------------------------------------------------
| Other Path Groups Table
| -----------------------
------------------------------------------------------------------------------------------------

Path Group    From Clock    To Clock          WNS(ns)      TNS(ns)  TNS Failing Endpoints  TNS Total Endpoints  
----------    ----------    --------          -------      -------  ---------------------  -------------------  


------------------------------------------------------------------------------------------------
| Timing Details
| --------------
------------------------------------------------------------------------------------------------


---------------------------------------------------------------------------------------------------
From Clock:  sys_clk
  To Clock:  sys_clk

Setup :         8332  Failing Endpoints,  Worst Slack      -10.017ns,  Total Violation   -35157.329ns
Hold  :           NA  Failing Endpoints,  Worst Slack           NA  ,  Total Violation           NA
PW    :            0  Failing Endpoints,  Worst Slack        1.370ns,  Total Violation        0.000ns
---------------------------------------------------------------------------------------------------


Max Delay Paths
--------------------------------------------------------------------------------------
Slack (VIOLATED) :        -10.017ns  (required time - arrival time)
  Source:                 i_ariane/i_cva6/issue_stage_i/i_issue_read_operands/csr_valid_q_reg[0]/C
                            (rising edge-triggered cell FDCE clocked by sys_clk  {rise@0.000ns fall@2.500ns period=5.000ns})
  Destination:            i_ariane/i_cva6/issue_stage_i/i_scoreboard/mem_q_reg[2][sbe][rd][3]/D
                            (rising edge-triggered cell FDCE clocked by sys_clk  {rise@0.000ns fall@2.500ns period=5.000ns})
  Path Group:             sys_clk
  Path Type:              Setup (Max at Slow Process Corner)
  Requirement:            5.000ns  (sys_clk rise@5.000ns - sys_clk rise@0.000ns)
  Data Path Delay:        14.780ns  (logic 4.869ns (32.943%)  route 9.911ns (67.057%))
  Logic Levels:           35  (CARRY4=16 LUT4=1 LUT5=2 LUT6=16)
  Clock Path Skew:        -0.145ns (DCD - SCD + CPR)
    Destination Clock Delay (DCD):    2.481ns = ( 7.481 - 5.000 ) 
    Source Clock Delay      (SCD):    2.732ns
    Clock Pessimism Removal (CPR):    0.106ns
  Clock Uncertainty:      0.135ns  ((TSJ^2 + TIJ^2)^1/2 + DJ) / 2 + PE + UU
    Total System Jitter     (TSJ):    0.071ns
    Total Input Jitter      (TIJ):    0.000ns
    Discrete Jitter          (DJ):    0.000ns
    Phase Error              (PE):    0.000ns
    User Uncertainty         (UU):    0.100ns

    Location             Delay type                Incr(ns)  Path(ns)    Netlist Resource(s)
  -------------------------------------------------------------------    -------------------
                         (clock sys_clk rise edge)    0.000     0.000 r  
                                                      0.000     0.000 r  clk_pad_i (IN)
                         net (fo=0)                   0.000     0.000    clk_pad_i
                         IBUF (Prop_ibuf_I_O)         1.418     1.418 r  clk_pad_i_IBUF_inst/O
                         net (fo=1, unplaced)         0.646     2.063    clk_pad_i_IBUF
                         BUFG (Prop_bufg_I_O)         0.085     2.148 r  i_clk_bufg/O
                         net (fo=7369, unplaced)      0.584     2.732    i_ariane/i_cva6/issue_stage_i/i_issue_read_operands/clk_core
                         FDCE                                         r  i_ariane/i_cva6/issue_stage_i/i_issue_read_operands/csr_valid_q_reg[0]/C
  -------------------------------------------------------------------    -------------------
                         FDCE (Prop_fdce_C_Q)         0.397     3.129 r  i_ariane/i_cva6/issue_stage_i/i_issue_read_operands/csr_valid_q_reg[0]/Q
                         net (fo=158, unplaced)       0.890     4.019    i_ariane/i_cva6/issue_stage_i/i_issue_read_operands/csr_valid_q_reg[0]_0
                         LUT6 (Prop_lut6_I0_O)        0.232     4.251 r  i_ariane/i_cva6/issue_stage_i/i_issue_read_operands/adder_result_ext_o_carry_i_13/O
                         net (fo=13, unplaced)        0.632     4.883    i_ariane/i_cva6/issue_stage_i/i_issue_read_operands/adder_result_ext_o_carry_i_13_n_0
                         LUT6 (Prop_lut6_I1_O)        0.105     4.988 f  i_ariane/i_cva6/issue_stage_i/i_issue_read_operands/adder_result_ext_o_carry_i_10/O
                         net (fo=3, unplaced)         0.346     5.334    i_ariane/i_cva6/issue_stage_i/i_issue_read_operands/adder_result_ext_o_carry_i_10_n_0
                         LUT6 (Prop_lut6_I0_O)        0.105     5.439 r  i_ariane/i_cva6/issue_stage_i/i_issue_read_operands/adder_result_ext_o_carry_i_16/O
                         net (fo=100, unplaced)       0.447     5.886    i_ariane/i_cva6/issue_stage_i/i_issue_read_operands/adder_result_ext_o_carry_i_16_n_0
                         LUT6 (Prop_lut6_I5_O)        0.105     5.991 r  i_ariane/i_cva6/issue_stage_i/i_issue_read_operands/adder_result_ext_o_carry_i_9/O
                         net (fo=1, unplaced)         0.528     6.519    i_ariane/i_cva6/ex_stage_i/alu_i/S[0]
                         CARRY4 (Prop_carry4_S[0]_CO[3])
                                                      0.528     7.047 r  i_ariane/i_cva6/ex_stage_i/alu_i/adder_result_ext_o_carry/CO[3]
                         net (fo=1, unplaced)         0.008     7.055    i_ariane/i_cva6/ex_stage_i/alu_i/adder_result_ext_o_carry_n_0
                         CARRY4 (Prop_carry4_CI_CO[3])
                                                      0.100     7.155 r  i_ariane/i_cva6/ex_stage_i/alu_i/adder_result_ext_o_carry__0/CO[3]
                         net (fo=1, unplaced)         0.000     7.155    i_ariane/i_cva6/ex_stage_i/alu_i/adder_result_ext_o_carry__0_n_0
                         CARRY4 (Prop_carry4_CI_CO[3])
                                                      0.100     7.255 r  i_ariane/i_cva6/ex_stage_i/alu_i/adder_result_ext_o_carry__1/CO[3]
                         net (fo=1, unplaced)         0.000     7.255    i_ariane/i_cva6/ex_stage_i/alu_i/adder_result_ext_o_carry__1_n_0
                         CARRY4 (Prop_carry4_CI_CO[3])
                                                      0.100     7.355 r  i_ariane/i_cva6/ex_stage_i/alu_i/adder_result_ext_o_carry__2/CO[3]
                         net (fo=1, unplaced)         0.000     7.355    i_ariane/i_cva6/ex_stage_i/alu_i/adder_result_ext_o_carry__2_n_0
                         CARRY4 (Prop_carry4_CI_CO[3])
                                                      0.100     7.455 r  i_ariane/i_cva6/ex_stage_i/alu_i/adder_result_ext_o_carry__3/CO[3]
                         net (fo=1, unplaced)         0.000     7.455    i_ariane/i_cva6/ex_stage_i/alu_i/adder_result_ext_o_carry__3_n_0
                         CARRY4 (Prop_carry4_CI_CO[3])
                                                      0.100     7.555 r  i_ariane/i_cva6/ex_stage_i/alu_i/adder_result_ext_o_carry__4/CO[3]
                         net (fo=1, unplaced)         0.000     7.555    i_ariane/i_cva6/ex_stage_i/alu_i/adder_result_ext_o_carry__4_n_0
                         CARRY4 (Prop_carry4_CI_CO[3])
                                                      0.100     7.655 r  i_ariane/i_cva6/ex_stage_i/alu_i/adder_result_ext_o_carry__5/CO[3]
                         net (fo=1, unplaced)         0.000     7.655    i_ariane/i_cva6/ex_stage_i/alu_i/adder_result_ext_o_carry__5_n_0
                         CARRY4 (Prop_carry4_CI_CO[3])
                                                      0.100     7.755 r  i_ariane/i_cva6/ex_stage_i/alu_i/adder_result_ext_o_carry__6/CO[3]
                         net (fo=1, unplaced)         0.000     7.755    i_ariane/i_cva6/ex_stage_i/alu_i/adder_result_ext_o_carry__6_n_0
                         CARRY4 (Prop_carry4_CI_CO[3])
                                                      0.100     7.855 r  i_ariane/i_cva6/ex_stage_i/alu_i/adder_result_ext_o_carry__7/CO[3]
                         net (fo=1, unplaced)         0.000     7.855    i_ariane/i_cva6/ex_stage_i/alu_i/adder_result_ext_o_carry__7_n_0
                         CARRY4 (Prop_carry4_CI_CO[3])
                                                      0.100     7.955 r  i_ariane/i_cva6/ex_stage_i/alu_i/adder_result_ext_o_carry__8/CO[3]
                         net (fo=1, unplaced)         0.000     7.955    i_ariane/i_cva6/ex_stage_i/alu_i/adder_result_ext_o_carry__8_n_0
                         CARRY4 (Prop_carry4_CI_CO[3])
                                                      0.100     8.055 r  i_ariane/i_cva6/ex_stage_i/alu_i/adder_result_ext_o_carry__9/CO[3]
                         net (fo=1, unplaced)         0.000     8.055    i_ariane/i_cva6/ex_stage_i/alu_i/adder_result_ext_o_carry__9_n_0
                         CARRY4 (Prop_carry4_CI_CO[3])
                                                      0.100     8.155 r  i_ariane/i_cva6/ex_stage_i/alu_i/adder_result_ext_o_carry__10/CO[3]
                         net (fo=1, unplaced)         0.000     8.155    i_ariane/i_cva6/ex_stage_i/alu_i/adder_result_ext_o_carry__10_n_0
                         CARRY4 (Prop_carry4_CI_CO[3])
                                                      0.100     8.255 r  i_ariane/i_cva6/ex_stage_i/alu_i/adder_result_ext_o_carry__11/CO[3]
                         net (fo=1, unplaced)         0.000     8.255    i_ariane/i_cva6/ex_stage_i/alu_i/adder_result_ext_o_carry__11_n_0
                         CARRY4 (Prop_carry4_CI_CO[3])
                                                      0.100     8.355 r  i_ariane/i_cva6/ex_stage_i/alu_i/adder_result_ext_o_carry__12/CO[3]
                         net (fo=1, unplaced)         0.000     8.355    i_ariane/i_cva6/ex_stage_i/alu_i/adder_result_ext_o_carry__12_n_0
                         CARRY4 (Prop_carry4_CI_CO[3])
                                                      0.100     8.455 r  i_ariane/i_cva6/ex_stage_i/alu_i/adder_result_ext_o_carry__13/CO[3]
                         net (fo=1, unplaced)         0.000     8.455    i_ariane/i_cva6/ex_stage_i/alu_i/adder_result_ext_o_carry__13_n_0
                         CARRY4 (Prop_carry4_CI_O[3])
                                                      0.277     8.732 r  i_ariane/i_cva6/ex_stage_i/alu_i/adder_result_ext_o_carry__14/O[3]
                         net (fo=2, unplaced)         0.487     9.219    i_ariane/i_cva6/issue_stage_i/i_issue_read_operands/adder_result[63]
                         LUT4 (Prop_lut4_I1_O)        0.250     9.469 r  i_ariane/i_cva6/issue_stage_i/i_issue_read_operands/i___65_i_25/O
                         net (fo=1, unplaced)         0.347     9.816    i_ariane/i_cva6/ex_stage_i/alu_i/i___65_i_10_1
                         LUT5 (Prop_lut5_I4_O)        0.105     9.921 r  i_ariane/i_cva6/ex_stage_i/alu_i/i___65_i_21/O
                         net (fo=1, unplaced)         0.347    10.268    i_ariane/i_cva6/ex_stage_i/alu_i/i___65_i_21_n_0
                         LUT6 (Prop_lut6_I5_O)        0.105    10.373 r  i_ariane/i_cva6/ex_stage_i/alu_i/i___65_i_10/O
                         net (fo=2, unplaced)         0.358    10.731    i_ariane/i_cva6/ex_stage_i/alu_i/i___65_i_10_n_0
                         LUT6 (Prop_lut6_I3_O)        0.105    10.836 f  i_ariane/i_cva6/ex_stage_i/alu_i/i___65_i_4/O
                         net (fo=1, unplaced)         0.347    11.183    i_ariane/i_cva6/issue_stage_i/i_issue_read_operands/issue_q[0][valid]_i_4_0
                         LUT6 (Prop_lut6_I3_O)        0.105    11.288 r  i_ariane/i_cva6/issue_stage_i/i_issue_read_operands/i___65_i_1__0/O
                         net (fo=70, unplaced)        0.438    11.726    i_ariane/i_cva6/issue_stage_i/i_issue_read_operands/fu_data_q_reg[0][operation][0]_32
                         LUT6 (Prop_lut6_I1_O)        0.105    11.831 r  i_ariane/i_cva6/issue_stage_i/i_issue_read_operands/npc_q[63]_bret__277_i_2/O
                         net (fo=9, unplaced)         0.388    12.219    i_ariane/i_cva6/controller_i/resolved_branch[is_mispredict]
                         LUT6 (Prop_lut6_I3_O)        0.105    12.324 r  i_ariane/i_cva6/controller_i/i___63_i_1/O
                         net (fo=40, unplaced)        0.424    12.748    i_ariane/i_cva6/id_stage_i/flush_ctrl_if
                         LUT6 (Prop_lut6_I1_O)        0.105    12.853 r  i_ariane/i_cva6/id_stage_i/top_id_q[1]_i_2/O
                         net (fo=7, unplaced)         0.382    13.235    i_ariane/i_cva6/issue_stage_i/i_scoreboard/FSM_onehot_wstate_q_reg[0]_1
                         LUT6 (Prop_lut6_I0_O)        0.105    13.340 r  i_ariane/i_cva6/issue_stage_i/i_scoreboard/i__i_6__0/O
                         net (fo=3, unplaced)         0.365    13.705    i_ariane/i_cva6/issue_stage_i/i_scoreboard/FSM_onehot_wstate_q_reg[0]_0
                         LUT6 (Prop_lut6_I4_O)        0.105    13.810 r  i_ariane/i_cva6/issue_stage_i/i_scoreboard/i__i_1__0/O
                         net (fo=58, unplaced)        0.433    14.243    i_ariane/i_cva6/issue_stage_i/i_scoreboard/issue_q_reg[0][sbe][valid]
                         LUT5 (Prop_lut5_I0_O)        0.105    14.348 r  i_ariane/i_cva6/issue_stage_i/i_scoreboard/i___0_i_10__0/O
                         net (fo=4, unplaced)         0.606    14.954    i_ariane/i_cva6/issue_stage_i/i_scoreboard/i___0_i_10__0_n_0
                         LUT6 (Prop_lut6_I1_O)        0.105    15.059 r  i_ariane/i_cva6/issue_stage_i/i_scoreboard/mem_q[1][sbe][rd][4]_i_7/O
                         net (fo=3, unplaced)         0.956    16.015    i_ariane/i_cva6/issue_stage_i/i_scoreboard/mem_q[1][sbe][rd][4]_i_7_n_0
                         LUT6 (Prop_lut6_I1_O)        0.105    16.120 f  i_ariane/i_cva6/issue_stage_i/i_scoreboard/mem_q[2][sbe][rd][4]_i_10/O
                         net (fo=3, unplaced)         0.600    16.720    i_ariane/i_cva6/issue_stage_i/i_scoreboard/mem_q[2][sbe][rd][4]_i_10_n_0
                         LUT6 (Prop_lut6_I0_O)        0.105    16.825 f  i_ariane/i_cva6/issue_stage_i/i_scoreboard/mem_q[2][sbe][rd][3]_i_2/O
                         net (fo=1, unplaced)         0.582    17.407    i_ariane/i_cva6/issue_stage_i/i_scoreboard/mem_q[2][sbe][rd][3]_i_2_n_0
                         LUT6 (Prop_lut6_I2_O)        0.105    17.512 r  i_ariane/i_cva6/issue_stage_i/i_scoreboard/mem_q[2][sbe][rd][3]_i_1/O
                         net (fo=1, unplaced)         0.000    17.512    i_ariane/i_cva6/issue_stage_i/i_scoreboard/mem_q[2][sbe][rd][3]_i_1_n_0
                         FDCE                                         r  i_ariane/i_cva6/issue_stage_i/i_scoreboard/mem_q_reg[2][sbe][rd][3]/D
  -------------------------------------------------------------------    -------------------

                         (clock sys_clk rise edge)    5.000     5.000 r  
                                                      0.000     5.000 r  clk_pad_i (IN)
                         net (fo=0)                   0.000     5.000    clk_pad_i
                         IBUF (Prop_ibuf_I_O)         1.352     6.352 r  clk_pad_i_IBUF_inst/O
                         net (fo=1, unplaced)         0.613     6.965    clk_pad_i_IBUF
                         BUFG (Prop_bufg_I_O)         0.077     7.042 r  i_clk_bufg/O
                         net (fo=7369, unplaced)      0.439     7.481    i_ariane/i_cva6/issue_stage_i/i_scoreboard/clk_core
                         FDCE                                         r  i_ariane/i_cva6/issue_stage_i/i_scoreboard/mem_q_reg[2][sbe][rd][3]/C
                         clock pessimism              0.106     7.587    
                         clock uncertainty           -0.135     7.452    
                         FDCE (Setup_fdce_C_D)        0.043     7.495    i_ariane/i_cva6/issue_stage_i/i_scoreboard/mem_q_reg[2][sbe][rd][3]
  -------------------------------------------------------------------
                         required time                          7.495    
                         arrival time                         -17.512    
  -------------------------------------------------------------------
                         slack                                -10.017    

Slack (VIOLATED) :        -10.017ns  (required time - arrival time)
  Source:                 i_ariane/i_cva6/issue_stage_i/i_issue_read_operands/csr_valid_q_reg[0]/C
                            (rising edge-triggered cell FDCE clocked by sys_clk  {rise@0.000ns fall@2.500ns period=5.000ns})
  Destination:            i_ariane/i_cva6/issue_stage_i/i_scoreboard/mem_q_reg[2][sbe][rd][4]/D
                            (rising edge-triggered cell FDCE clocked by sys_clk  {rise@0.000ns fall@2.500ns period=5.000ns})
  Path Group:             sys_clk
  Path Type:              Setup (Max at Slow Process Corner)
  Requirement:            5.000ns  (sys_clk rise@5.000ns - sys_clk rise@0.000ns)
  Data Path Delay:        14.780ns  (logic 4.869ns (32.943%)  route 9.911ns (67.057%))
  Logic Levels:           35  (CARRY4=16 LUT4=1 LUT5=2 LUT6=16)
  Clock Path Skew:        -0.145ns (DCD - SCD + CPR)
    Destination Clock Delay (DCD):    2.481ns = ( 7.481 - 5.000 ) 
    Source Clock Delay      (SCD):    2.732ns
    Clock Pessimism Removal (CPR):    0.106ns
  Clock Uncertainty:      0.135ns  ((TSJ^2 + TIJ^2)^1/2 + DJ) / 2 + PE + UU
    Total System Jitter     (TSJ):    0.071ns
    Total Input Jitter      (TIJ):    0.000ns
    Discrete Jitter          (DJ):    0.000ns
    Phase Error              (PE):    0.000ns
    User Uncertainty         (UU):    0.100ns

    Location             Delay type                Incr(ns)  Path(ns)    Netlist Resource(s)
  -------------------------------------------------------------------    -------------------
                         (clock sys_clk rise edge)    0.000     0.000 r  
                                                      0.000     0.000 r  clk_pad_i (IN)
                         net (fo=0)                   0.000     0.000    clk_pad_i
                         IBUF (Prop_ibuf_I_O)         1.418     1.418 r  clk_pad_i_IBUF_inst/O
                         net (fo=1, unplaced)         0.646     2.063    clk_pad_i_IBUF
                         BUFG (Prop_bufg_I_O)         0.085     2.148 r  i_clk_bufg/O
                         net (fo=7369, unplaced)      0.584     2.732    i_ariane/i_cva6/issue_stage_i/i_issue_read_operands/clk_core
                         FDCE                                         r  i_ariane/i_cva6/issue_stage_i/i_issue_read_operands/csr_valid_q_reg[0]/C
  -------------------------------------------------------------------    -------------------
                         FDCE (Prop_fdce_C_Q)         0.397     3.129 r  i_ariane/i_cva6/issue_stage_i/i_issue_read_operands/csr_valid_q_reg[0]/Q
                         net (fo=158, unplaced)       0.890     4.019    i_ariane/i_cva6/issue_stage_i/i_issue_read_operands/csr_valid_q_reg[0]_0
                         LUT6 (Prop_lut6_I0_O)        0.232     4.251 r  i_ariane/i_cva6/issue_stage_i/i_issue_read_operands/adder_result_ext_o_carry_i_13/O
                         net (fo=13, unplaced)        0.632     4.883    i_ariane/i_cva6/issue_stage_i/i_issue_read_operands/adder_result_ext_o_carry_i_13_n_0
                         LUT6 (Prop_lut6_I1_O)        0.105     4.988 f  i_ariane/i_cva6/issue_stage_i/i_issue_read_operands/adder_result_ext_o_carry_i_10/O
                         net (fo=3, unplaced)         0.346     5.334    i_ariane/i_cva6/issue_stage_i/i_issue_read_operands/adder_result_ext_o_carry_i_10_n_0
                         LUT6 (Prop_lut6_I0_O)        0.105     5.439 r  i_ariane/i_cva6/issue_stage_i/i_issue_read_operands/adder_result_ext_o_carry_i_16/O
                         net (fo=100, unplaced)       0.447     5.886    i_ariane/i_cva6/issue_stage_i/i_issue_read_operands/adder_result_ext_o_carry_i_16_n_0
                         LUT6 (Prop_lut6_I5_O)        0.105     5.991 r  i_ariane/i_cva6/issue_stage_i/i_issue_read_operands/adder_result_ext_o_carry_i_9/O
                         net (fo=1, unplaced)         0.528     6.519    i_ariane/i_cva6/ex_stage_i/alu_i/S[0]
                         CARRY4 (Prop_carry4_S[0]_CO[3])
                                                      0.528     7.047 r  i_ariane/i_cva6/ex_stage_i/alu_i/adder_result_ext_o_carry/CO[3]
                         net (fo=1, unplaced)         0.008     7.055    i_ariane/i_cva6/ex_stage_i/alu_i/adder_result_ext_o_carry_n_0
                         CARRY4 (Prop_carry4_CI_CO[3])
                                                      0.100     7.155 r  i_ariane/i_cva6/ex_stage_i/alu_i/adder_result_ext_o_carry__0/CO[3]
                         net (fo=1, unplaced)         0.000     7.155    i_ariane/i_cva6/ex_stage_i/alu_i/adder_result_ext_o_carry__0_n_0
                         CARRY4 (Prop_carry4_CI_CO[3])
                                                      0.100     7.255 r  i_ariane/i_cva6/ex_stage_i/alu_i/adder_result_ext_o_carry__1/CO[3]
                         net (fo=1, unplaced)         0.000     7.255    i_ariane/i_cva6/ex_stage_i/alu_i/adder_result_ext_o_carry__1_n_0
                         CARRY4 (Prop_carry4_CI_CO[3])
                                                      0.100     7.355 r  i_ariane/i_cva6/ex_stage_i/alu_i/adder_result_ext_o_carry__2/CO[3]
                         net (fo=1, unplaced)         0.000     7.355    i_ariane/i_cva6/ex_stage_i/alu_i/adder_result_ext_o_carry__2_n_0
                         CARRY4 (Prop_carry4_CI_CO[3])
                                                      0.100     7.455 r  i_ariane/i_cva6/ex_stage_i/alu_i/adder_result_ext_o_carry__3/CO[3]
                         net (fo=1, unplaced)         0.000     7.455    i_ariane/i_cva6/ex_stage_i/alu_i/adder_result_ext_o_carry__3_n_0
                         CARRY4 (Prop_carry4_CI_CO[3])
                                                      0.100     7.555 r  i_ariane/i_cva6/ex_stage_i/alu_i/adder_result_ext_o_carry__4/CO[3]
                         net (fo=1, unplaced)         0.000     7.555    i_ariane/i_cva6/ex_stage_i/alu_i/adder_result_ext_o_carry__4_n_0
                         CARRY4 (Prop_carry4_CI_CO[3])
                                                      0.100     7.655 r  i_ariane/i_cva6/ex_stage_i/alu_i/adder_result_ext_o_carry__5/CO[3]
                         net (fo=1, unplaced)         0.000     7.655    i_ariane/i_cva6/ex_stage_i/alu_i/adder_result_ext_o_carry__5_n_0
                         CARRY4 (Prop_carry4_CI_CO[3])
                                                      0.100     7.755 r  i_ariane/i_cva6/ex_stage_i/alu_i/adder_result_ext_o_carry__6/CO[3]
                         net (fo=1, unplaced)         0.000     7.755    i_ariane/i_cva6/ex_stage_i/alu_i/adder_result_ext_o_carry__6_n_0
                         CARRY4 (Prop_carry4_CI_CO[3])
                                                      0.100     7.855 r  i_ariane/i_cva6/ex_stage_i/alu_i/adder_result_ext_o_carry__7/CO[3]
                         net (fo=1, unplaced)         0.000     7.855    i_ariane/i_cva6/ex_stage_i/alu_i/adder_result_ext_o_carry__7_n_0
                         CARRY4 (Prop_carry4_CI_CO[3])
                                                      0.100     7.955 r  i_ariane/i_cva6/ex_stage_i/alu_i/adder_result_ext_o_carry__8/CO[3]
                         net (fo=1, unplaced)         0.000     7.955    i_ariane/i_cva6/ex_stage_i/alu_i/adder_result_ext_o_carry__8_n_0
                         CARRY4 (Prop_carry4_CI_CO[3])
                                                      0.100     8.055 r  i_ariane/i_cva6/ex_stage_i/alu_i/adder_result_ext_o_carry__9/CO[3]
                         net (fo=1, unplaced)         0.000     8.055    i_ariane/i_cva6/ex_stage_i/alu_i/adder_result_ext_o_carry__9_n_0
                         CARRY4 (Prop_carry4_CI_CO[3])
                                                      0.100     8.155 r  i_ariane/i_cva6/ex_stage_i/alu_i/adder_result_ext_o_carry__10/CO[3]
                         net (fo=1, unplaced)         0.000     8.155    i_ariane/i_cva6/ex_stage_i/alu_i/adder_result_ext_o_carry__10_n_0
                         CARRY4 (Prop_carry4_CI_CO[3])
                                                      0.100     8.255 r  i_ariane/i_cva6/ex_stage_i/alu_i/adder_result_ext_o_carry__11/CO[3]
                         net (fo=1, unplaced)         0.000     8.255    i_ariane/i_cva6/ex_stage_i/alu_i/adder_result_ext_o_carry__11_n_0
                         CARRY4 (Prop_carry4_CI_CO[3])
                                                      0.100     8.355 r  i_ariane/i_cva6/ex_stage_i/alu_i/adder_result_ext_o_carry__12/CO[3]
                         net (fo=1, unplaced)         0.000     8.355    i_ariane/i_cva6/ex_stage_i/alu_i/adder_result_ext_o_carry__12_n_0
                         CARRY4 (Prop_carry4_CI_CO[3])
                                                      0.100     8.455 r  i_ariane/i_cva6/ex_stage_i/alu_i/adder_result_ext_o_carry__13/CO[3]
                         net (fo=1, unplaced)         0.000     8.455    i_ariane/i_cva6/ex_stage_i/alu_i/adder_result_ext_o_carry__13_n_0
                         CARRY4 (Prop_carry4_CI_O[3])
                                                      0.277     8.732 r  i_ariane/i_cva6/ex_stage_i/alu_i/adder_result_ext_o_carry__14/O[3]
                         net (fo=2, unplaced)         0.487     9.219    i_ariane/i_cva6/issue_stage_i/i_issue_read_operands/adder_result[63]
                         LUT4 (Prop_lut4_I1_O)        0.250     9.469 r  i_ariane/i_cva6/issue_stage_i/i_issue_read_operands/i___65_i_25/O
                         net (fo=1, unplaced)         0.347     9.816    i_ariane/i_cva6/ex_stage_i/alu_i/i___65_i_10_1
                         LUT5 (Prop_lut5_I4_O)        0.105     9.921 r  i_ariane/i_cva6/ex_stage_i/alu_i/i___65_i_21/O
                         net (fo=1, unplaced)         0.347    10.268    i_ariane/i_cva6/ex_stage_i/alu_i/i___65_i_21_n_0
                         LUT6 (Prop_lut6_I5_O)        0.105    10.373 r  i_ariane/i_cva6/ex_stage_i/alu_i/i___65_i_10/O
                         net (fo=2, unplaced)         0.358    10.731    i_ariane/i_cva6/ex_stage_i/alu_i/i___65_i_10_n_0
                         LUT6 (Prop_lut6_I3_O)        0.105    10.836 f  i_ariane/i_cva6/ex_stage_i/alu_i/i___65_i_4/O
                         net (fo=1, unplaced)         0.347    11.183    i_ariane/i_cva6/issue_stage_i/i_issue_read_operands/issue_q[0][valid]_i_4_0
                         LUT6 (Prop_lut6_I3_O)        0.105    11.288 r  i_ariane/i_cva6/issue_stage_i/i_issue_read_operands/i___65_i_1__0/O
                         net (fo=70, unplaced)        0.438    11.726    i_ariane/i_cva6/issue_stage_i/i_issue_read_operands/fu_data_q_reg[0][operation][0]_32
                         LUT6 (Prop_lut6_I1_O)        0.105    11.831 r  i_ariane/i_cva6/issue_stage_i/i_issue_read_operands/npc_q[63]_bret__277_i_2/O
                         net (fo=9, unplaced)         0.388    12.219    i_ariane/i_cva6/controller_i/resolved_branch[is_mispredict]
                         LUT6 (Prop_lut6_I3_O)        0.105    12.324 r  i_ariane/i_cva6/controller_i/i___63_i_1/O
                         net (fo=40, unplaced)        0.424    12.748    i_ariane/i_cva6/id_stage_i/flush_ctrl_if
                         LUT6 (Prop_lut6_I1_O)        0.105    12.853 r  i_ariane/i_cva6/id_stage_i/top_id_q[1]_i_2/O
                         net (fo=7, unplaced)         0.382    13.235    i_ariane/i_cva6/issue_stage_i/i_scoreboard/FSM_onehot_wstate_q_reg[0]_1
                         LUT6 (Prop_lut6_I0_O)        0.105    13.340 r  i_ariane/i_cva6/issue_stage_i/i_scoreboard/i__i_6__0/O
                         net (fo=3, unplaced)         0.365    13.705    i_ariane/i_cva6/issue_stage_i/i_scoreboard/FSM_onehot_wstate_q_reg[0]_0
                         LUT6 (Prop_lut6_I4_O)        0.105    13.810 r  i_ariane/i_cva6/issue_stage_i/i_scoreboard/i__i_1__0/O
                         net (fo=58, unplaced)        0.433    14.243    i_ariane/i_cva6/issue_stage_i/i_scoreboard/issue_q_reg[0][sbe][valid]
                         LUT5 (Prop_lut5_I0_O)        0.105    14.348 r  i_ariane/i_cva6/issue_stage_i/i_scoreboard/i___0_i_10__0/O
                         net (fo=4, unplaced)         0.606    14.954    i_ariane/i_cva6/issue_stage_i/i_scoreboard/i___0_i_10__0_n_0
                         LUT6 (Prop_lut6_I1_O)        0.105    15.059 r  i_ariane/i_cva6/issue_stage_i/i_scoreboard/mem_q[1][sbe][rd][4]_i_7/O
                         net (fo=3, unplaced)         0.956    16.015    i_ariane/i_cva6/issue_stage_i/i_scoreboard/mem_q[1][sbe][rd][4]_i_7_n_0
                         LUT6 (Prop_lut6_I1_O)        0.105    16.120 f  i_ariane/i_cva6/issue_stage_i/i_scoreboard/mem_q[2][sbe][rd][4]_i_10/O
                         net (fo=3, unplaced)         0.600    16.720    i_ariane/i_cva6/issue_stage_i/i_scoreboard/mem_q[2][sbe][rd][4]_i_10_n_0
                         LUT6 (Prop_lut6_I0_O)        0.105    16.825 f  i_ariane/i_cva6/issue_stage_i/i_scoreboard/mem_q[2][sbe][rd][4]_i_4/O
                         net (fo=1, unplaced)         0.582    17.407    i_ariane/i_cva6/issue_stage_i/i_scoreboard/mem_q[2][sbe][rd][4]_i_4_n_0
                         LUT6 (Prop_lut6_I2_O)        0.105    17.512 r  i_ariane/i_cva6/issue_stage_i/i_scoreboard/mem_q[2][sbe][rd][4]_i_1/O
                         net (fo=1, unplaced)         0.000    17.512    i_ariane/i_cva6/issue_stage_i/i_scoreboard/mem_q[2][sbe][rd][4]_i_1_n_0
                         FDCE                                         r  i_ariane/i_cva6/issue_stage_i/i_scoreboard/mem_q_reg[2][sbe][rd][4]/D
  -------------------------------------------------------------------    -------------------

                         (clock sys_clk rise edge)    5.000     5.000 r  
                                                      0.000     5.000 r  clk_pad_i (IN)
                         net (fo=0)                   0.000     5.000    clk_pad_i
                         IBUF (Prop_ibuf_I_O)         1.352     6.352 r  clk_pad_i_IBUF_inst/O
                         net (fo=1, unplaced)         0.613     6.965    clk_pad_i_IBUF
                         BUFG (Prop_bufg_I_O)         0.077     7.042 r  i_clk_bufg/O
                         net (fo=7369, unplaced)      0.439     7.481    i_ariane/i_cva6/issue_stage_i/i_scoreboard/clk_core
                         FDCE                                         r  i_ariane/i_cva6/issue_stage_i/i_scoreboard/mem_q_reg[2][sbe][rd][4]/C
                         clock pessimism              0.106     7.587    
                         clock uncertainty           -0.135     7.452    
                         FDCE (Setup_fdce_C_D)        0.043     7.495    i_ariane/i_cva6/issue_stage_i/i_scoreboard/mem_q_reg[2][sbe][rd][4]
  -------------------------------------------------------------------
                         required time                          7.495    
                         arrival time                         -17.512    
  -------------------------------------------------------------------
                         slack                                -10.017    

Slack (VIOLATED) :        -9.963ns  (required time - arrival time)
  Source:                 i_ariane/i_cva6/issue_stage_i/i_issue_read_operands/csr_valid_q_reg[0]/C
                            (rising edge-triggered cell FDCE clocked by sys_clk  {rise@0.000ns fall@2.500ns period=5.000ns})
  Destination:            i_ariane/i_cva6/issue_stage_i/i_scoreboard/mem_q_reg[2][sbe][rd][2]/D
                            (rising edge-triggered cell FDCE clocked by sys_clk  {rise@0.000ns fall@2.500ns period=5.000ns})
  Path Group:             sys_clk
  Path Type:              Setup (Max at Slow Process Corner)
  Requirement:            5.000ns  (sys_clk rise@5.000ns - sys_clk rise@0.000ns)
  Data Path Delay:        14.726ns  (logic 4.869ns (33.064%)  route 9.857ns (66.936%))
  Logic Levels:           35  (CARRY4=16 LUT4=1 LUT5=2 LUT6=16)
  Clock Path Skew:        -0.145ns (DCD - SCD + CPR)
    Destination Clock Delay (DCD):    2.481ns = ( 7.481 - 5.000 ) 
    Source Clock Delay      (SCD):    2.732ns
    Clock Pessimism Removal (CPR):    0.106ns
  Clock Uncertainty:      0.135ns  ((TSJ^2 + TIJ^2)^1/2 + DJ) / 2 + PE + UU
    Total System Jitter     (TSJ):    0.071ns
    Total Input Jitter      (TIJ):    0.000ns
    Discrete Jitter          (DJ):    0.000ns
    Phase Error              (PE):    0.000ns
    User Uncertainty         (UU):    0.100ns

    Location             Delay type                Incr(ns)  Path(ns)    Netlist Resource(s)
  -------------------------------------------------------------------    -------------------
                         (clock sys_clk rise edge)    0.000     0.000 r  
                                                      0.000     0.000 r  clk_pad_i (IN)
                         net (fo=0)                   0.000     0.000    clk_pad_i
                         IBUF (Prop_ibuf_I_O)         1.418     1.418 r  clk_pad_i_IBUF_inst/O
                         net (fo=1, unplaced)         0.646     2.063    clk_pad_i_IBUF
                         BUFG (Prop_bufg_I_O)         0.085     2.148 r  i_clk_bufg/O
                         net (fo=7369, unplaced)      0.584     2.732    i_ariane/i_cva6/issue_stage_i/i_issue_read_operands/clk_core
                         FDCE                                         r  i_ariane/i_cva6/issue_stage_i/i_issue_read_operands/csr_valid_q_reg[0]/C
  -------------------------------------------------------------------    -------------------
                         FDCE (Prop_fdce_C_Q)         0.397     3.129 r  i_ariane/i_cva6/issue_stage_i/i_issue_read_operands/csr_valid_q_reg[0]/Q
                         net (fo=158, unplaced)       0.890     4.019    i_ariane/i_cva6/issue_stage_i/i_issue_read_operands/csr_valid_q_reg[0]_0
                         LUT6 (Prop_lut6_I0_O)        0.232     4.251 r  i_ariane/i_cva6/issue_stage_i/i_issue_read_operands/adder_result_ext_o_carry_i_13/O
                         net (fo=13, unplaced)        0.632     4.883    i_ariane/i_cva6/issue_stage_i/i_issue_read_operands/adder_result_ext_o_carry_i_13_n_0
                         LUT6 (Prop_lut6_I1_O)        0.105     4.988 f  i_ariane/i_cva6/issue_stage_i/i_issue_read_operands/adder_result_ext_o_carry_i_10/O
                         net (fo=3, unplaced)         0.346     5.334    i_ariane/i_cva6/issue_stage_i/i_issue_read_operands/adder_result_ext_o_carry_i_10_n_0
                         LUT6 (Prop_lut6_I0_O)        0.105     5.439 r  i_ariane/i_cva6/issue_stage_i/i_issue_read_operands/adder_result_ext_o_carry_i_16/O
                         net (fo=100, unplaced)       0.447     5.886    i_ariane/i_cva6/issue_stage_i/i_issue_read_operands/adder_result_ext_o_carry_i_16_n_0
                         LUT6 (Prop_lut6_I5_O)        0.105     5.991 r  i_ariane/i_cva6/issue_stage_i/i_issue_read_operands/adder_result_ext_o_carry_i_9/O
                         net (fo=1, unplaced)         0.528     6.519    i_ariane/i_cva6/ex_stage_i/alu_i/S[0]
                         CARRY4 (Prop_carry4_S[0]_CO[3])
                                                      0.528     7.047 r  i_ariane/i_cva6/ex_stage_i/alu_i/adder_result_ext_o_carry/CO[3]
                         net (fo=1, unplaced)         0.008     7.055    i_ariane/i_cva6/ex_stage_i/alu_i/adder_result_ext_o_carry_n_0
                         CARRY4 (Prop_carry4_CI_CO[3])
                                                      0.100     7.155 r  i_ariane/i_cva6/ex_stage_i/alu_i/adder_result_ext_o_carry__0/CO[3]
                         net (fo=1, unplaced)         0.000     7.155    i_ariane/i_cva6/ex_stage_i/alu_i/adder_result_ext_o_carry__0_n_0
                         CARRY4 (Prop_carry4_CI_CO[3])
                                                      0.100     7.255 r  i_ariane/i_cva6/ex_stage_i/alu_i/adder_result_ext_o_carry__1/CO[3]
                         net (fo=1, unplaced)         0.000     7.255    i_ariane/i_cva6/ex_stage_i/alu_i/adder_result_ext_o_carry__1_n_0
                         CARRY4 (Prop_carry4_CI_CO[3])
                                                      0.100     7.355 r  i_ariane/i_cva6/ex_stage_i/alu_i/adder_result_ext_o_carry__2/CO[3]
                         net (fo=1, unplaced)         0.000     7.355    i_ariane/i_cva6/ex_stage_i/alu_i/adder_result_ext_o_carry__2_n_0
                         CARRY4 (Prop_carry4_CI_CO[3])
                                                      0.100     7.455 r  i_ariane/i_cva6/ex_stage_i/alu_i/adder_result_ext_o_carry__3/CO[3]
                         net (fo=1, unplaced)         0.000     7.455    i_ariane/i_cva6/ex_stage_i/alu_i/adder_result_ext_o_carry__3_n_0
                         CARRY4 (Prop_carry4_CI_CO[3])
                                                      0.100     7.555 r  i_ariane/i_cva6/ex_stage_i/alu_i/adder_result_ext_o_carry__4/CO[3]
                         net (fo=1, unplaced)         0.000     7.555    i_ariane/i_cva6/ex_stage_i/alu_i/adder_result_ext_o_carry__4_n_0
                         CARRY4 (Prop_carry4_CI_CO[3])
                                                      0.100     7.655 r  i_ariane/i_cva6/ex_stage_i/alu_i/adder_result_ext_o_carry__5/CO[3]
                         net (fo=1, unplaced)         0.000     7.655    i_ariane/i_cva6/ex_stage_i/alu_i/adder_result_ext_o_carry__5_n_0
                         CARRY4 (Prop_carry4_CI_CO[3])
                                                      0.100     7.755 r  i_ariane/i_cva6/ex_stage_i/alu_i/adder_result_ext_o_carry__6/CO[3]
                         net (fo=1, unplaced)         0.000     7.755    i_ariane/i_cva6/ex_stage_i/alu_i/adder_result_ext_o_carry__6_n_0
                         CARRY4 (Prop_carry4_CI_CO[3])
                                                      0.100     7.855 r  i_ariane/i_cva6/ex_stage_i/alu_i/adder_result_ext_o_carry__7/CO[3]
                         net (fo=1, unplaced)         0.000     7.855    i_ariane/i_cva6/ex_stage_i/alu_i/adder_result_ext_o_carry__7_n_0
                         CARRY4 (Prop_carry4_CI_CO[3])
                                                      0.100     7.955 r  i_ariane/i_cva6/ex_stage_i/alu_i/adder_result_ext_o_carry__8/CO[3]
                         net (fo=1, unplaced)         0.000     7.955    i_ariane/i_cva6/ex_stage_i/alu_i/adder_result_ext_o_carry__8_n_0
                         CARRY4 (Prop_carry4_CI_CO[3])
                                                      0.100     8.055 r  i_ariane/i_cva6/ex_stage_i/alu_i/adder_result_ext_o_carry__9/CO[3]
                         net (fo=1, unplaced)         0.000     8.055    i_ariane/i_cva6/ex_stage_i/alu_i/adder_result_ext_o_carry__9_n_0
                         CARRY4 (Prop_carry4_CI_CO[3])
                                                      0.100     8.155 r  i_ariane/i_cva6/ex_stage_i/alu_i/adder_result_ext_o_carry__10/CO[3]
                         net (fo=1, unplaced)         0.000     8.155    i_ariane/i_cva6/ex_stage_i/alu_i/adder_result_ext_o_carry__10_n_0
                         CARRY4 (Prop_carry4_CI_CO[3])
                                                      0.100     8.255 r  i_ariane/i_cva6/ex_stage_i/alu_i/adder_result_ext_o_carry__11/CO[3]
                         net (fo=1, unplaced)         0.000     8.255    i_ariane/i_cva6/ex_stage_i/alu_i/adder_result_ext_o_carry__11_n_0
                         CARRY4 (Prop_carry4_CI_CO[3])
                                                      0.100     8.355 r  i_ariane/i_cva6/ex_stage_i/alu_i/adder_result_ext_o_carry__12/CO[3]
                         net (fo=1, unplaced)         0.000     8.355    i_ariane/i_cva6/ex_stage_i/alu_i/adder_result_ext_o_carry__12_n_0
                         CARRY4 (Prop_carry4_CI_CO[3])
                                                      0.100     8.455 r  i_ariane/i_cva6/ex_stage_i/alu_i/adder_result_ext_o_carry__13/CO[3]
                         net (fo=1, unplaced)         0.000     8.455    i_ariane/i_cva6/ex_stage_i/alu_i/adder_result_ext_o_carry__13_n_0
                         CARRY4 (Prop_carry4_CI_O[3])
                                                      0.277     8.732 r  i_ariane/i_cva6/ex_stage_i/alu_i/adder_result_ext_o_carry__14/O[3]
                         net (fo=2, unplaced)         0.487     9.219    i_ariane/i_cva6/issue_stage_i/i_issue_read_operands/adder_result[63]
                         LUT4 (Prop_lut4_I1_O)        0.250     9.469 r  i_ariane/i_cva6/issue_stage_i/i_issue_read_operands/i___65_i_25/O
                         net (fo=1, unplaced)         0.347     9.816    i_ariane/i_cva6/ex_stage_i/alu_i/i___65_i_10_1
                         LUT5 (Prop_lut5_I4_O)        0.105     9.921 r  i_ariane/i_cva6/ex_stage_i/alu_i/i___65_i_21/O
                         net (fo=1, unplaced)         0.347    10.268    i_ariane/i_cva6/ex_stage_i/alu_i/i___65_i_21_n_0
                         LUT6 (Prop_lut6_I5_O)        0.105    10.373 r  i_ariane/i_cva6/ex_stage_i/alu_i/i___65_i_10/O
                         net (fo=2, unplaced)         0.358    10.731    i_ariane/i_cva6/ex_stage_i/alu_i/i___65_i_10_n_0
                         LUT6 (Prop_lut6_I3_O)        0.105    10.836 f  i_ariane/i_cva6/ex_stage_i/alu_i/i___65_i_4/O
                         net (fo=1, unplaced)         0.347    11.183    i_ariane/i_cva6/issue_stage_i/i_issue_read_operands/issue_q[0][valid]_i_4_0
                         LUT6 (Prop_lut6_I3_O)        0.105    11.288 r  i_ariane/i_cva6/issue_stage_i/i_issue_read_operands/i___65_i_1__0/O
                         net (fo=70, unplaced)        0.438    11.726    i_ariane/i_cva6/issue_stage_i/i_issue_read_operands/fu_data_q_reg[0][operation][0]_32
                         LUT6 (Prop_lut6_I1_O)        0.105    11.831 r  i_ariane/i_cva6/issue_stage_i/i_issue_read_operands/npc_q[63]_bret__277_i_2/O
                         net (fo=9, unplaced)         0.388    12.219    i_ariane/i_cva6/controller_i/resolved_branch[is_mispredict]
                         LUT6 (Prop_lut6_I3_O)        0.105    12.324 r  i_ariane/i_cva6/controller_i/i___63_i_1/O
                         net (fo=40, unplaced)        0.424    12.748    i_ariane/i_cva6/id_stage_i/flush_ctrl_if
                         LUT6 (Prop_lut6_I1_O)        0.105    12.853 r  i_ariane/i_cva6/id_stage_i/top_id_q[1]_i_2/O
                         net (fo=7, unplaced)         0.382    13.235    i_ariane/i_cva6/issue_stage_i/i_scoreboard/FSM_onehot_wstate_q_reg[0]_1
                         LUT6 (Prop_lut6_I0_O)        0.105    13.340 r  i_ariane/i_cva6/issue_stage_i/i_scoreboard/i__i_6__0/O
                         net (fo=3, unplaced)         0.365    13.705    i_ariane/i_cva6/issue_stage_i/i_scoreboard/FSM_onehot_wstate_q_reg[0]_0
                         LUT6 (Prop_lut6_I4_O)        0.105    13.810 r  i_ariane/i_cva6/issue_stage_i/i_scoreboard/i__i_1__0/O
                         net (fo=58, unplaced)        0.433    14.243    i_ariane/i_cva6/issue_stage_i/i_scoreboard/issue_q_reg[0][sbe][valid]
                         LUT5 (Prop_lut5_I0_O)        0.105    14.348 r  i_ariane/i_cva6/issue_stage_i/i_scoreboard/i___0_i_10__0/O
                         net (fo=4, unplaced)         0.606    14.954    i_ariane/i_cva6/issue_stage_i/i_scoreboard/i___0_i_10__0_n_0
                         LUT6 (Prop_lut6_I1_O)        0.105    15.059 r  i_ariane/i_cva6/issue_stage_i/i_scoreboard/mem_q[1][sbe][rd][4]_i_7/O
                         net (fo=3, unplaced)         0.956    16.015    i_ariane/i_cva6/issue_stage_i/i_scoreboard/mem_q[1][sbe][rd][4]_i_7_n_0
                         LUT6 (Prop_lut6_I1_O)        0.105    16.120 f  i_ariane/i_cva6/issue_stage_i/i_scoreboard/mem_q[2][sbe][rd][4]_i_10/O
                         net (fo=3, unplaced)         0.600    16.720    i_ariane/i_cva6/issue_stage_i/i_scoreboard/mem_q[2][sbe][rd][4]_i_10_n_0
                         LUT6 (Prop_lut6_I0_O)        0.105    16.825 f  i_ariane/i_cva6/issue_stage_i/i_scoreboard/mem_q[2][sbe][rd][2]_i_2/O
                         net (fo=1, unplaced)         0.528    17.353    i_ariane/i_cva6/issue_stage_i/i_scoreboard/mem_q[2][sbe][rd][2]_i_2_n_0
                         LUT6 (Prop_lut6_I0_O)        0.105    17.458 r  i_ariane/i_cva6/issue_stage_i/i_scoreboard/mem_q[2][sbe][rd][2]_i_1/O
                         net (fo=1, unplaced)         0.000    17.458    i_ariane/i_cva6/issue_stage_i/i_scoreboard/mem_q[2][sbe][rd][2]_i_1_n_0
                         FDCE                                         r  i_ariane/i_cva6/issue_stage_i/i_scoreboard/mem_q_reg[2][sbe][rd][2]/D
  -------------------------------------------------------------------    -------------------

                         (clock sys_clk rise edge)    5.000     5.000 r  
                                                      0.000     5.000 r  clk_pad_i (IN)
                         net (fo=0)                   0.000     5.000    clk_pad_i
                         IBUF (Prop_ibuf_I_O)         1.352     6.352 r  clk_pad_i_IBUF_inst/O
                         net (fo=1, unplaced)         0.613     6.965    clk_pad_i_IBUF
                         BUFG (Prop_bufg_I_O)         0.077     7.042 r  i_clk_bufg/O
                         net (fo=7369, unplaced)      0.439     7.481    i_ariane/i_cva6/issue_stage_i/i_scoreboard/clk_core
                         FDCE                                         r  i_ariane/i_cva6/issue_stage_i/i_scoreboard/mem_q_reg[2][sbe][rd][2]/C
                         clock pessimism              0.106     7.587    
                         clock uncertainty           -0.135     7.452    
                         FDCE (Setup_fdce_C_D)        0.043     7.495    i_ariane/i_cva6/issue_stage_i/i_scoreboard/mem_q_reg[2][sbe][rd][2]
  -------------------------------------------------------------------
                         required time                          7.495    
                         arrival time                         -17.458    
  -------------------------------------------------------------------
                         slack                                 -9.963    

Slack (VIOLATED) :        -9.662ns  (required time - arrival time)
  Source:                 i_ariane/i_cva6/issue_stage_i/i_issue_read_operands/csr_valid_q_reg[0]/C
                            (rising edge-triggered cell FDCE clocked by sys_clk  {rise@0.000ns fall@2.500ns period=5.000ns})
  Destination:            i_ariane/i_cva6/issue_stage_i/i_scoreboard/mem_q_reg[0][sbe][rd][0]/D
                            (rising edge-triggered cell FDCE clocked by sys_clk  {rise@0.000ns fall@2.500ns period=5.000ns})
  Path Group:             sys_clk
  Path Type:              Setup (Max at Slow Process Corner)
  Requirement:            5.000ns  (sys_clk rise@5.000ns - sys_clk rise@0.000ns)
  Data Path Delay:        14.425ns  (logic 4.869ns (33.754%)  route 9.556ns (66.246%))
  Logic Levels:           35  (CARRY4=16 LUT2=1 LUT3=1 LUT4=1 LUT5=1 LUT6=15)
  Clock Path Skew:        -0.145ns (DCD - SCD + CPR)
    Destination Clock Delay (DCD):    2.481ns = ( 7.481 - 5.000 ) 
    Source Clock Delay      (SCD):    2.732ns
    Clock Pessimism Removal (CPR):    0.106ns
  Clock Uncertainty:      0.135ns  ((TSJ^2 + TIJ^2)^1/2 + DJ) / 2 + PE + UU
    Total System Jitter     (TSJ):    0.071ns
    Total Input Jitter      (TIJ):    0.000ns
    Discrete Jitter          (DJ):    0.000ns
    Phase Error              (PE):    0.000ns
    User Uncertainty         (UU):    0.100ns

    Location             Delay type                Incr(ns)  Path(ns)    Netlist Resource(s)
  -------------------------------------------------------------------    -------------------
                         (clock sys_clk rise edge)    0.000     0.000 r  
                                                      0.000     0.000 r  clk_pad_i (IN)
                         net (fo=0)                   0.000     0.000    clk_pad_i
                         IBUF (Prop_ibuf_I_O)         1.418     1.418 r  clk_pad_i_IBUF_inst/O
                         net (fo=1, unplaced)         0.646     2.063    clk_pad_i_IBUF
                         BUFG (Prop_bufg_I_O)         0.085     2.148 r  i_clk_bufg/O
                         net (fo=7369, unplaced)      0.584     2.732    i_ariane/i_cva6/issue_stage_i/i_issue_read_operands/clk_core
                         FDCE                                         r  i_ariane/i_cva6/issue_stage_i/i_issue_read_operands/csr_valid_q_reg[0]/C
  -------------------------------------------------------------------    -------------------
                         FDCE (Prop_fdce_C_Q)         0.397     3.129 r  i_ariane/i_cva6/issue_stage_i/i_issue_read_operands/csr_valid_q_reg[0]/Q
                         net (fo=158, unplaced)       0.890     4.019    i_ariane/i_cva6/issue_stage_i/i_issue_read_operands/csr_valid_q_reg[0]_0
                         LUT6 (Prop_lut6_I0_O)        0.232     4.251 r  i_ariane/i_cva6/issue_stage_i/i_issue_read_operands/adder_result_ext_o_carry_i_13/O
                         net (fo=13, unplaced)        0.632     4.883    i_ariane/i_cva6/issue_stage_i/i_issue_read_operands/adder_result_ext_o_carry_i_13_n_0
                         LUT6 (Prop_lut6_I1_O)        0.105     4.988 f  i_ariane/i_cva6/issue_stage_i/i_issue_read_operands/adder_result_ext_o_carry_i_10/O
                         net (fo=3, unplaced)         0.346     5.334    i_ariane/i_cva6/issue_stage_i/i_issue_read_operands/adder_result_ext_o_carry_i_10_n_0
                         LUT6 (Prop_lut6_I0_O)        0.105     5.439 r  i_ariane/i_cva6/issue_stage_i/i_issue_read_operands/adder_result_ext_o_carry_i_16/O
                         net (fo=100, unplaced)       0.447     5.886    i_ariane/i_cva6/issue_stage_i/i_issue_read_operands/adder_result_ext_o_carry_i_16_n_0
                         LUT6 (Prop_lut6_I5_O)        0.105     5.991 r  i_ariane/i_cva6/issue_stage_i/i_issue_read_operands/adder_result_ext_o_carry_i_9/O
                         net (fo=1, unplaced)         0.528     6.519    i_ariane/i_cva6/ex_stage_i/alu_i/S[0]
                         CARRY4 (Prop_carry4_S[0]_CO[3])
                                                      0.528     7.047 r  i_ariane/i_cva6/ex_stage_i/alu_i/adder_result_ext_o_carry/CO[3]
                         net (fo=1, unplaced)         0.008     7.055    i_ariane/i_cva6/ex_stage_i/alu_i/adder_result_ext_o_carry_n_0
                         CARRY4 (Prop_carry4_CI_CO[3])
                                                      0.100     7.155 r  i_ariane/i_cva6/ex_stage_i/alu_i/adder_result_ext_o_carry__0/CO[3]
                         net (fo=1, unplaced)         0.000     7.155    i_ariane/i_cva6/ex_stage_i/alu_i/adder_result_ext_o_carry__0_n_0
                         CARRY4 (Prop_carry4_CI_CO[3])
                                                      0.100     7.255 r  i_ariane/i_cva6/ex_stage_i/alu_i/adder_result_ext_o_carry__1/CO[3]
                         net (fo=1, unplaced)         0.000     7.255    i_ariane/i_cva6/ex_stage_i/alu_i/adder_result_ext_o_carry__1_n_0
                         CARRY4 (Prop_carry4_CI_CO[3])
                                                      0.100     7.355 r  i_ariane/i_cva6/ex_stage_i/alu_i/adder_result_ext_o_carry__2/CO[3]
                         net (fo=1, unplaced)         0.000     7.355    i_ariane/i_cva6/ex_stage_i/alu_i/adder_result_ext_o_carry__2_n_0
                         CARRY4 (Prop_carry4_CI_CO[3])
                                                      0.100     7.455 r  i_ariane/i_cva6/ex_stage_i/alu_i/adder_result_ext_o_carry__3/CO[3]
                         net (fo=1, unplaced)         0.000     7.455    i_ariane/i_cva6/ex_stage_i/alu_i/adder_result_ext_o_carry__3_n_0
                         CARRY4 (Prop_carry4_CI_CO[3])
                                                      0.100     7.555 r  i_ariane/i_cva6/ex_stage_i/alu_i/adder_result_ext_o_carry__4/CO[3]
                         net (fo=1, unplaced)         0.000     7.555    i_ariane/i_cva6/ex_stage_i/alu_i/adder_result_ext_o_carry__4_n_0
                         CARRY4 (Prop_carry4_CI_CO[3])
                                                      0.100     7.655 r  i_ariane/i_cva6/ex_stage_i/alu_i/adder_result_ext_o_carry__5/CO[3]
                         net (fo=1, unplaced)         0.000     7.655    i_ariane/i_cva6/ex_stage_i/alu_i/adder_result_ext_o_carry__5_n_0
                         CARRY4 (Prop_carry4_CI_CO[3])
                                                      0.100     7.755 r  i_ariane/i_cva6/ex_stage_i/alu_i/adder_result_ext_o_carry__6/CO[3]
                         net (fo=1, unplaced)         0.000     7.755    i_ariane/i_cva6/ex_stage_i/alu_i/adder_result_ext_o_carry__6_n_0
                         CARRY4 (Prop_carry4_CI_CO[3])
                                                      0.100     7.855 r  i_ariane/i_cva6/ex_stage_i/alu_i/adder_result_ext_o_carry__7/CO[3]
                         net (fo=1, unplaced)         0.000     7.855    i_ariane/i_cva6/ex_stage_i/alu_i/adder_result_ext_o_carry__7_n_0
                         CARRY4 (Prop_carry4_CI_CO[3])
                                                      0.100     7.955 r  i_ariane/i_cva6/ex_stage_i/alu_i/adder_result_ext_o_carry__8/CO[3]
                         net (fo=1, unplaced)         0.000     7.955    i_ariane/i_cva6/ex_stage_i/alu_i/adder_result_ext_o_carry__8_n_0
                         CARRY4 (Prop_carry4_CI_CO[3])
                                                      0.100     8.055 r  i_ariane/i_cva6/ex_stage_i/alu_i/adder_result_ext_o_carry__9/CO[3]
                         net (fo=1, unplaced)         0.000     8.055    i_ariane/i_cva6/ex_stage_i/alu_i/adder_result_ext_o_carry__9_n_0
                         CARRY4 (Prop_carry4_CI_CO[3])
                                                      0.100     8.155 r  i_ariane/i_cva6/ex_stage_i/alu_i/adder_result_ext_o_carry__10/CO[3]
                         net (fo=1, unplaced)         0.000     8.155    i_ariane/i_cva6/ex_stage_i/alu_i/adder_result_ext_o_carry__10_n_0
                         CARRY4 (Prop_carry4_CI_CO[3])
                                                      0.100     8.255 r  i_ariane/i_cva6/ex_stage_i/alu_i/adder_result_ext_o_carry__11/CO[3]
                         net (fo=1, unplaced)         0.000     8.255    i_ariane/i_cva6/ex_stage_i/alu_i/adder_result_ext_o_carry__11_n_0
                         CARRY4 (Prop_carry4_CI_CO[3])
                                                      0.100     8.355 r  i_ariane/i_cva6/ex_stage_i/alu_i/adder_result_ext_o_carry__12/CO[3]
                         net (fo=1, unplaced)         0.000     8.355    i_ariane/i_cva6/ex_stage_i/alu_i/adder_result_ext_o_carry__12_n_0
                         CARRY4 (Prop_carry4_CI_CO[3])
                                                      0.100     8.455 r  i_ariane/i_cva6/ex_stage_i/alu_i/adder_result_ext_o_carry__13/CO[3]
                         net (fo=1, unplaced)         0.000     8.455    i_ariane/i_cva6/ex_stage_i/alu_i/adder_result_ext_o_carry__13_n_0
                         CARRY4 (Prop_carry4_CI_O[3])
                                                      0.277     8.732 r  i_ariane/i_cva6/ex_stage_i/alu_i/adder_result_ext_o_carry__14/O[3]
                         net (fo=2, unplaced)         0.487     9.219    i_ariane/i_cva6/issue_stage_i/i_issue_read_operands/adder_result[63]
                         LUT4 (Prop_lut4_I1_O)        0.250     9.469 r  i_ariane/i_cva6/issue_stage_i/i_issue_read_operands/i___65_i_25/O
                         net (fo=1, unplaced)         0.347     9.816    i_ariane/i_cva6/ex_stage_i/alu_i/i___65_i_10_1
                         LUT5 (Prop_lut5_I4_O)        0.105     9.921 r  i_ariane/i_cva6/ex_stage_i/alu_i/i___65_i_21/O
                         net (fo=1, unplaced)         0.347    10.268    i_ariane/i_cva6/ex_stage_i/alu_i/i___65_i_21_n_0
                         LUT6 (Prop_lut6_I5_O)        0.105    10.373 r  i_ariane/i_cva6/ex_stage_i/alu_i/i___65_i_10/O
                         net (fo=2, unplaced)         0.358    10.731    i_ariane/i_cva6/ex_stage_i/alu_i/i___65_i_10_n_0
                         LUT6 (Prop_lut6_I3_O)        0.105    10.836 f  i_ariane/i_cva6/ex_stage_i/alu_i/i___65_i_4/O
                         net (fo=1, unplaced)         0.347    11.183    i_ariane/i_cva6/issue_stage_i/i_issue_read_operands/issue_q[0][valid]_i_4_0
                         LUT6 (Prop_lut6_I3_O)        0.105    11.288 r  i_ariane/i_cva6/issue_stage_i/i_issue_read_operands/i___65_i_1__0/O
                         net (fo=70, unplaced)        0.438    11.726    i_ariane/i_cva6/issue_stage_i/i_issue_read_operands/fu_data_q_reg[0][operation][0]_32
                         LUT6 (Prop_lut6_I1_O)        0.105    11.831 f  i_ariane/i_cva6/issue_stage_i/i_issue_read_operands/npc_q[63]_bret__277_i_2/O
                         net (fo=9, unplaced)         0.388    12.219    i_ariane/i_cva6/controller_i/resolved_branch[is_mispredict]
                         LUT6 (Prop_lut6_I3_O)        0.105    12.324 f  i_ariane/i_cva6/controller_i/i___63_i_1/O
                         net (fo=40, unplaced)        0.424    12.748    i_ariane/i_cva6/id_stage_i/flush_ctrl_if
                         LUT6 (Prop_lut6_I1_O)        0.105    12.853 f  i_ariane/i_cva6/id_stage_i/top_id_q[1]_i_2/O
                         net (fo=7, unplaced)         0.382    13.235    i_ariane/i_cva6/issue_stage_i/i_scoreboard/FSM_onehot_wstate_q_reg[0]_1
                         LUT6 (Prop_lut6_I0_O)        0.105    13.340 f  i_ariane/i_cva6/issue_stage_i/i_scoreboard/i__i_6__0/O
                         net (fo=3, unplaced)         0.365    13.705    i_ariane/i_cva6/issue_stage_i/i_scoreboard/FSM_onehot_wstate_q_reg[0]_0
                         LUT6 (Prop_lut6_I4_O)        0.105    13.810 f  i_ariane/i_cva6/issue_stage_i/i_scoreboard/i__i_1__0/O
                         net (fo=58, unplaced)        0.433    14.243    i_ariane/i_cva6/issue_stage_i/i_scoreboard/issue_q_reg[0][sbe][valid]
                         LUT3 (Prop_lut3_I0_O)        0.105    14.348 r  i_ariane/i_cva6/issue_stage_i/i_scoreboard/mem_q[1][sbe][pc][63]_i_1/O
                         net (fo=79, unplaced)        0.441    14.789    i_ariane/i_cva6/issue_stage_i/i_scoreboard/issue_pointer_q_reg[0]_1
                         LUT6 (Prop_lut6_I2_O)        0.105    14.894 f  i_ariane/i_cva6/issue_stage_i/i_scoreboard/mem_q[1][sbe][rd][4]_i_10/O
                         net (fo=3, unplaced)         0.956    15.850    i_ariane/i_cva6/issue_stage_i/i_scoreboard/mem_q[1][sbe][rd][4]_i_10_n_0
                         LUT6 (Prop_lut6_I1_O)        0.105    15.955 f  i_ariane/i_cva6/issue_stage_i/i_scoreboard/mem_q[2][sbe][rd][1]_i_3/O
                         net (fo=7, unplaced)         0.382    16.337    i_ariane/i_cva6/issue_stage_i/i_issue_read_operands/mem_q_reg[0][sbe][rd][4]_3
                         LUT2 (Prop_lut2_I1_O)        0.105    16.442 r  i_ariane/i_cva6/issue_stage_i/i_issue_read_operands/mem_q[0][sbe][rd][4]_i_2/O
                         net (fo=5, unplaced)         0.610    17.052    i_ariane/i_cva6/issue_stage_i/i_issue_read_operands/mem_q[2][sbe][rd][1]_i_3
                         LUT6 (Prop_lut6_I0_O)        0.105    17.157 r  i_ariane/i_cva6/issue_stage_i/i_issue_read_operands/mem_q[0][sbe][rd][0]_i_1/O
                         net (fo=1, unplaced)         0.000    17.157    i_ariane/i_cva6/issue_stage_i/i_scoreboard/mem_q_reg[0][sbe][rd][4]_2[0]
                         FDCE                                         r  i_ariane/i_cva6/issue_stage_i/i_scoreboard/mem_q_reg[0][sbe][rd][0]/D
  -------------------------------------------------------------------    -------------------

                         (clock sys_clk rise edge)    5.000     5.000 r  
                                                      0.000     5.000 r  clk_pad_i (IN)
                         net (fo=0)                   0.000     5.000    clk_pad_i
                         IBUF (Prop_ibuf_I_O)         1.352     6.352 r  clk_pad_i_IBUF_inst/O
                         net (fo=1, unplaced)         0.613     6.965    clk_pad_i_IBUF
                         BUFG (Prop_bufg_I_O)         0.077     7.042 r  i_clk_bufg/O
                         net (fo=7369, unplaced)      0.439     7.481    i_ariane/i_cva6/issue_stage_i/i_scoreboard/clk_core
                         FDCE                                         r  i_ariane/i_cva6/issue_stage_i/i_scoreboard/mem_q_reg[0][sbe][rd][0]/C
                         clock pessimism              0.106     7.587    
                         clock uncertainty           -0.135     7.452    
                         FDCE (Setup_fdce_C_D)        0.043     7.495    i_ariane/i_cva6/issue_stage_i/i_scoreboard/mem_q_reg[0][sbe][rd][0]
  -------------------------------------------------------------------
                         required time                          7.495    
                         arrival time                         -17.157    
  -------------------------------------------------------------------
                         slack                                 -9.662    

Slack (VIOLATED) :        -9.662ns  (required time - arrival time)
  Source:                 i_ariane/i_cva6/issue_stage_i/i_issue_read_operands/csr_valid_q_reg[0]/C
                            (rising edge-triggered cell FDCE clocked by sys_clk  {rise@0.000ns fall@2.500ns period=5.000ns})
  Destination:            i_ariane/i_cva6/issue_stage_i/i_scoreboard/mem_q_reg[0][sbe][rd][3]/D
                            (rising edge-triggered cell FDCE clocked by sys_clk  {rise@0.000ns fall@2.500ns period=5.000ns})
  Path Group:             sys_clk
  Path Type:              Setup (Max at Slow Process Corner)
  Requirement:            5.000ns  (sys_clk rise@5.000ns - sys_clk rise@0.000ns)
  Data Path Delay:        14.425ns  (logic 4.869ns (33.754%)  route 9.556ns (66.246%))
  Logic Levels:           35  (CARRY4=16 LUT2=1 LUT3=1 LUT4=1 LUT5=1 LUT6=15)
  Clock Path Skew:        -0.145ns (DCD - SCD + CPR)
    Destination Clock Delay (DCD):    2.481ns = ( 7.481 - 5.000 ) 
    Source Clock Delay      (SCD):    2.732ns
    Clock Pessimism Removal (CPR):    0.106ns
  Clock Uncertainty:      0.135ns  ((TSJ^2 + TIJ^2)^1/2 + DJ) / 2 + PE + UU
    Total System Jitter     (TSJ):    0.071ns
    Total Input Jitter      (TIJ):    0.000ns
    Discrete Jitter          (DJ):    0.000ns
    Phase Error              (PE):    0.000ns
    User Uncertainty         (UU):    0.100ns

    Location             Delay type                Incr(ns)  Path(ns)    Netlist Resource(s)
  -------------------------------------------------------------------    -------------------
                         (clock sys_clk rise edge)    0.000     0.000 r  
                                                      0.000     0.000 r  clk_pad_i (IN)
                         net (fo=0)                   0.000     0.000    clk_pad_i
                         IBUF (Prop_ibuf_I_O)         1.418     1.418 r  clk_pad_i_IBUF_inst/O
                         net (fo=1, unplaced)         0.646     2.063    clk_pad_i_IBUF
                         BUFG (Prop_bufg_I_O)         0.085     2.148 r  i_clk_bufg/O
                         net (fo=7369, unplaced)      0.584     2.732    i_ariane/i_cva6/issue_stage_i/i_issue_read_operands/clk_core
                         FDCE                                         r  i_ariane/i_cva6/issue_stage_i/i_issue_read_operands/csr_valid_q_reg[0]/C
  -------------------------------------------------------------------    -------------------
                         FDCE (Prop_fdce_C_Q)         0.397     3.129 r  i_ariane/i_cva6/issue_stage_i/i_issue_read_operands/csr_valid_q_reg[0]/Q
                         net (fo=158, unplaced)       0.890     4.019    i_ariane/i_cva6/issue_stage_i/i_issue_read_operands/csr_valid_q_reg[0]_0
                         LUT6 (Prop_lut6_I0_O)        0.232     4.251 r  i_ariane/i_cva6/issue_stage_i/i_issue_read_operands/adder_result_ext_o_carry_i_13/O
                         net (fo=13, unplaced)        0.632     4.883    i_ariane/i_cva6/issue_stage_i/i_issue_read_operands/adder_result_ext_o_carry_i_13_n_0
                         LUT6 (Prop_lut6_I1_O)        0.105     4.988 f  i_ariane/i_cva6/issue_stage_i/i_issue_read_operands/adder_result_ext_o_carry_i_10/O
                         net (fo=3, unplaced)         0.346     5.334    i_ariane/i_cva6/issue_stage_i/i_issue_read_operands/adder_result_ext_o_carry_i_10_n_0
                         LUT6 (Prop_lut6_I0_O)        0.105     5.439 r  i_ariane/i_cva6/issue_stage_i/i_issue_read_operands/adder_result_ext_o_carry_i_16/O
                         net (fo=100, unplaced)       0.447     5.886    i_ariane/i_cva6/issue_stage_i/i_issue_read_operands/adder_result_ext_o_carry_i_16_n_0
                         LUT6 (Prop_lut6_I5_O)        0.105     5.991 r  i_ariane/i_cva6/issue_stage_i/i_issue_read_operands/adder_result_ext_o_carry_i_9/O
                         net (fo=1, unplaced)         0.528     6.519    i_ariane/i_cva6/ex_stage_i/alu_i/S[0]
                         CARRY4 (Prop_carry4_S[0]_CO[3])
                                                      0.528     7.047 r  i_ariane/i_cva6/ex_stage_i/alu_i/adder_result_ext_o_carry/CO[3]
                         net (fo=1, unplaced)         0.008     7.055    i_ariane/i_cva6/ex_stage_i/alu_i/adder_result_ext_o_carry_n_0
                         CARRY4 (Prop_carry4_CI_CO[3])
                                                      0.100     7.155 r  i_ariane/i_cva6/ex_stage_i/alu_i/adder_result_ext_o_carry__0/CO[3]
                         net (fo=1, unplaced)         0.000     7.155    i_ariane/i_cva6/ex_stage_i/alu_i/adder_result_ext_o_carry__0_n_0
                         CARRY4 (Prop_carry4_CI_CO[3])
                                                      0.100     7.255 r  i_ariane/i_cva6/ex_stage_i/alu_i/adder_result_ext_o_carry__1/CO[3]
                         net (fo=1, unplaced)         0.000     7.255    i_ariane/i_cva6/ex_stage_i/alu_i/adder_result_ext_o_carry__1_n_0
                         CARRY4 (Prop_carry4_CI_CO[3])
                                                      0.100     7.355 r  i_ariane/i_cva6/ex_stage_i/alu_i/adder_result_ext_o_carry__2/CO[3]
                         net (fo=1, unplaced)         0.000     7.355    i_ariane/i_cva6/ex_stage_i/alu_i/adder_result_ext_o_carry__2_n_0
                         CARRY4 (Prop_carry4_CI_CO[3])
                                                      0.100     7.455 r  i_ariane/i_cva6/ex_stage_i/alu_i/adder_result_ext_o_carry__3/CO[3]
                         net (fo=1, unplaced)         0.000     7.455    i_ariane/i_cva6/ex_stage_i/alu_i/adder_result_ext_o_carry__3_n_0
                         CARRY4 (Prop_carry4_CI_CO[3])
                                                      0.100     7.555 r  i_ariane/i_cva6/ex_stage_i/alu_i/adder_result_ext_o_carry__4/CO[3]
                         net (fo=1, unplaced)         0.000     7.555    i_ariane/i_cva6/ex_stage_i/alu_i/adder_result_ext_o_carry__4_n_0
                         CARRY4 (Prop_carry4_CI_CO[3])
                                                      0.100     7.655 r  i_ariane/i_cva6/ex_stage_i/alu_i/adder_result_ext_o_carry__5/CO[3]
                         net (fo=1, unplaced)         0.000     7.655    i_ariane/i_cva6/ex_stage_i/alu_i/adder_result_ext_o_carry__5_n_0
                         CARRY4 (Prop_carry4_CI_CO[3])
                                                      0.100     7.755 r  i_ariane/i_cva6/ex_stage_i/alu_i/adder_result_ext_o_carry__6/CO[3]
                         net (fo=1, unplaced)         0.000     7.755    i_ariane/i_cva6/ex_stage_i/alu_i/adder_result_ext_o_carry__6_n_0
                         CARRY4 (Prop_carry4_CI_CO[3])
                                                      0.100     7.855 r  i_ariane/i_cva6/ex_stage_i/alu_i/adder_result_ext_o_carry__7/CO[3]
                         net (fo=1, unplaced)         0.000     7.855    i_ariane/i_cva6/ex_stage_i/alu_i/adder_result_ext_o_carry__7_n_0
                         CARRY4 (Prop_carry4_CI_CO[3])
                                                      0.100     7.955 r  i_ariane/i_cva6/ex_stage_i/alu_i/adder_result_ext_o_carry__8/CO[3]
                         net (fo=1, unplaced)         0.000     7.955    i_ariane/i_cva6/ex_stage_i/alu_i/adder_result_ext_o_carry__8_n_0
                         CARRY4 (Prop_carry4_CI_CO[3])
                                                      0.100     8.055 r  i_ariane/i_cva6/ex_stage_i/alu_i/adder_result_ext_o_carry__9/CO[3]
                         net (fo=1, unplaced)         0.000     8.055    i_ariane/i_cva6/ex_stage_i/alu_i/adder_result_ext_o_carry__9_n_0
                         CARRY4 (Prop_carry4_CI_CO[3])
                                                      0.100     8.155 r  i_ariane/i_cva6/ex_stage_i/alu_i/adder_result_ext_o_carry__10/CO[3]
                         net (fo=1, unplaced)         0.000     8.155    i_ariane/i_cva6/ex_stage_i/alu_i/adder_result_ext_o_carry__10_n_0
                         CARRY4 (Prop_carry4_CI_CO[3])
                                                      0.100     8.255 r  i_ariane/i_cva6/ex_stage_i/alu_i/adder_result_ext_o_carry__11/CO[3]
                         net (fo=1, unplaced)         0.000     8.255    i_ariane/i_cva6/ex_stage_i/alu_i/adder_result_ext_o_carry__11_n_0
                         CARRY4 (Prop_carry4_CI_CO[3])
                                                      0.100     8.355 r  i_ariane/i_cva6/ex_stage_i/alu_i/adder_result_ext_o_carry__12/CO[3]
                         net (fo=1, unplaced)         0.000     8.355    i_ariane/i_cva6/ex_stage_i/alu_i/adder_result_ext_o_carry__12_n_0
                         CARRY4 (Prop_carry4_CI_CO[3])
                                                      0.100     8.455 r  i_ariane/i_cva6/ex_stage_i/alu_i/adder_result_ext_o_carry__13/CO[3]
                         net (fo=1, unplaced)         0.000     8.455    i_ariane/i_cva6/ex_stage_i/alu_i/adder_result_ext_o_carry__13_n_0
                         CARRY4 (Prop_carry4_CI_O[3])
                                                      0.277     8.732 r  i_ariane/i_cva6/ex_stage_i/alu_i/adder_result_ext_o_carry__14/O[3]
                         net (fo=2, unplaced)         0.487     9.219    i_ariane/i_cva6/issue_stage_i/i_issue_read_operands/adder_result[63]
                         LUT4 (Prop_lut4_I1_O)        0.250     9.469 r  i_ariane/i_cva6/issue_stage_i/i_issue_read_operands/i___65_i_25/O
                         net (fo=1, unplaced)         0.347     9.816    i_ariane/i_cva6/ex_stage_i/alu_i/i___65_i_10_1
                         LUT5 (Prop_lut5_I4_O)        0.105     9.921 r  i_ariane/i_cva6/ex_stage_i/alu_i/i___65_i_21/O
                         net (fo=1, unplaced)         0.347    10.268    i_ariane/i_cva6/ex_stage_i/alu_i/i___65_i_21_n_0
                         LUT6 (Prop_lut6_I5_O)        0.105    10.373 r  i_ariane/i_cva6/ex_stage_i/alu_i/i___65_i_10/O
                         net (fo=2, unplaced)         0.358    10.731    i_ariane/i_cva6/ex_stage_i/alu_i/i___65_i_10_n_0
                         LUT6 (Prop_lut6_I3_O)        0.105    10.836 f  i_ariane/i_cva6/ex_stage_i/alu_i/i___65_i_4/O
                         net (fo=1, unplaced)         0.347    11.183    i_ariane/i_cva6/issue_stage_i/i_issue_read_operands/issue_q[0][valid]_i_4_0
                         LUT6 (Prop_lut6_I3_O)        0.105    11.288 r  i_ariane/i_cva6/issue_stage_i/i_issue_read_operands/i___65_i_1__0/O
                         net (fo=70, unplaced)        0.438    11.726    i_ariane/i_cva6/issue_stage_i/i_issue_read_operands/fu_data_q_reg[0][operation][0]_32
                         LUT6 (Prop_lut6_I1_O)        0.105    11.831 f  i_ariane/i_cva6/issue_stage_i/i_issue_read_operands/npc_q[63]_bret__277_i_2/O
                         net (fo=9, unplaced)         0.388    12.219    i_ariane/i_cva6/controller_i/resolved_branch[is_mispredict]
                         LUT6 (Prop_lut6_I3_O)        0.105    12.324 f  i_ariane/i_cva6/controller_i/i___63_i_1/O
                         net (fo=40, unplaced)        0.424    12.748    i_ariane/i_cva6/id_stage_i/flush_ctrl_if
                         LUT6 (Prop_lut6_I1_O)        0.105    12.853 f  i_ariane/i_cva6/id_stage_i/top_id_q[1]_i_2/O
                         net (fo=7, unplaced)         0.382    13.235    i_ariane/i_cva6/issue_stage_i/i_scoreboard/FSM_onehot_wstate_q_reg[0]_1
                         LUT6 (Prop_lut6_I0_O)        0.105    13.340 f  i_ariane/i_cva6/issue_stage_i/i_scoreboard/i__i_6__0/O
                         net (fo=3, unplaced)         0.365    13.705    i_ariane/i_cva6/issue_stage_i/i_scoreboard/FSM_onehot_wstate_q_reg[0]_0
                         LUT6 (Prop_lut6_I4_O)        0.105    13.810 f  i_ariane/i_cva6/issue_stage_i/i_scoreboard/i__i_1__0/O
                         net (fo=58, unplaced)        0.433    14.243    i_ariane/i_cva6/issue_stage_i/i_scoreboard/issue_q_reg[0][sbe][valid]
                         LUT3 (Prop_lut3_I0_O)        0.105    14.348 r  i_ariane/i_cva6/issue_stage_i/i_scoreboard/mem_q[1][sbe][pc][63]_i_1/O
                         net (fo=79, unplaced)        0.441    14.789    i_ariane/i_cva6/issue_stage_i/i_scoreboard/issue_pointer_q_reg[0]_1
                         LUT6 (Prop_lut6_I2_O)        0.105    14.894 f  i_ariane/i_cva6/issue_stage_i/i_scoreboard/mem_q[1][sbe][rd][4]_i_10/O
                         net (fo=3, unplaced)         0.956    15.850    i_ariane/i_cva6/issue_stage_i/i_scoreboard/mem_q[1][sbe][rd][4]_i_10_n_0
                         LUT6 (Prop_lut6_I1_O)        0.105    15.955 f  i_ariane/i_cva6/issue_stage_i/i_scoreboard/mem_q[2][sbe][rd][1]_i_3/O
                         net (fo=7, unplaced)         0.382    16.337    i_ariane/i_cva6/issue_stage_i/i_issue_read_operands/mem_q_reg[0][sbe][rd][4]_3
                         LUT2 (Prop_lut2_I1_O)        0.105    16.442 r  i_ariane/i_cva6/issue_stage_i/i_issue_read_operands/mem_q[0][sbe][rd][4]_i_2/O
                         net (fo=5, unplaced)         0.610    17.052    i_ariane/i_cva6/issue_stage_i/i_issue_read_operands/mem_q[2][sbe][rd][1]_i_3
                         LUT6 (Prop_lut6_I0_O)        0.105    17.157 r  i_ariane/i_cva6/issue_stage_i/i_issue_read_operands/mem_q[0][sbe][rd][3]_i_1/O
                         net (fo=1, unplaced)         0.000    17.157    i_ariane/i_cva6/issue_stage_i/i_scoreboard/mem_q_reg[0][sbe][rd][4]_2[3]
                         FDCE                                         r  i_ariane/i_cva6/issue_stage_i/i_scoreboard/mem_q_reg[0][sbe][rd][3]/D
  -------------------------------------------------------------------    -------------------

                         (clock sys_clk rise edge)    5.000     5.000 r  
                                                      0.000     5.000 r  clk_pad_i (IN)
                         net (fo=0)                   0.000     5.000    clk_pad_i
                         IBUF (Prop_ibuf_I_O)         1.352     6.352 r  clk_pad_i_IBUF_inst/O
                         net (fo=1, unplaced)         0.613     6.965    clk_pad_i_IBUF
                         BUFG (Prop_bufg_I_O)         0.077     7.042 r  i_clk_bufg/O
                         net (fo=7369, unplaced)      0.439     7.481    i_ariane/i_cva6/issue_stage_i/i_scoreboard/clk_core
                         FDCE                                         r  i_ariane/i_cva6/issue_stage_i/i_scoreboard/mem_q_reg[0][sbe][rd][3]/C
                         clock pessimism              0.106     7.587    
                         clock uncertainty           -0.135     7.452    
                         FDCE (Setup_fdce_C_D)        0.043     7.495    i_ariane/i_cva6/issue_stage_i/i_scoreboard/mem_q_reg[0][sbe][rd][3]
  -------------------------------------------------------------------
                         required time                          7.495    
                         arrival time                         -17.157    
  -------------------------------------------------------------------
                         slack                                 -9.662    

Slack (VIOLATED) :        -9.662ns  (required time - arrival time)
  Source:                 i_ariane/i_cva6/issue_stage_i/i_issue_read_operands/csr_valid_q_reg[0]/C
                            (rising edge-triggered cell FDCE clocked by sys_clk  {rise@0.000ns fall@2.500ns period=5.000ns})
  Destination:            i_ariane/i_cva6/issue_stage_i/i_scoreboard/mem_q_reg[0][sbe][rd][4]/D
                            (rising edge-triggered cell FDCE clocked by sys_clk  {rise@0.000ns fall@2.500ns period=5.000ns})
  Path Group:             sys_clk
  Path Type:              Setup (Max at Slow Process Corner)
  Requirement:            5.000ns  (sys_clk rise@5.000ns - sys_clk rise@0.000ns)
  Data Path Delay:        14.425ns  (logic 4.869ns (33.754%)  route 9.556ns (66.246%))
  Logic Levels:           35  (CARRY4=16 LUT2=1 LUT3=1 LUT4=1 LUT5=1 LUT6=15)
  Clock Path Skew:        -0.145ns (DCD - SCD + CPR)
    Destination Clock Delay (DCD):    2.481ns = ( 7.481 - 5.000 ) 
    Source Clock Delay      (SCD):    2.732ns
    Clock Pessimism Removal (CPR):    0.106ns
  Clock Uncertainty:      0.135ns  ((TSJ^2 + TIJ^2)^1/2 + DJ) / 2 + PE + UU
    Total System Jitter     (TSJ):    0.071ns
    Total Input Jitter      (TIJ):    0.000ns
    Discrete Jitter          (DJ):    0.000ns
    Phase Error              (PE):    0.000ns
    User Uncertainty         (UU):    0.100ns

    Location             Delay type                Incr(ns)  Path(ns)    Netlist Resource(s)
  -------------------------------------------------------------------    -------------------
                         (clock sys_clk rise edge)    0.000     0.000 r  
                                                      0.000     0.000 r  clk_pad_i (IN)
                         net (fo=0)                   0.000     0.000    clk_pad_i
                         IBUF (Prop_ibuf_I_O)         1.418     1.418 r  clk_pad_i_IBUF_inst/O
                         net (fo=1, unplaced)         0.646     2.063    clk_pad_i_IBUF
                         BUFG (Prop_bufg_I_O)         0.085     2.148 r  i_clk_bufg/O
                         net (fo=7369, unplaced)      0.584     2.732    i_ariane/i_cva6/issue_stage_i/i_issue_read_operands/clk_core
                         FDCE                                         r  i_ariane/i_cva6/issue_stage_i/i_issue_read_operands/csr_valid_q_reg[0]/C
  -------------------------------------------------------------------    -------------------
                         FDCE (Prop_fdce_C_Q)         0.397     3.129 r  i_ariane/i_cva6/issue_stage_i/i_issue_read_operands/csr_valid_q_reg[0]/Q
                         net (fo=158, unplaced)       0.890     4.019    i_ariane/i_cva6/issue_stage_i/i_issue_read_operands/csr_valid_q_reg[0]_0
                         LUT6 (Prop_lut6_I0_O)        0.232     4.251 r  i_ariane/i_cva6/issue_stage_i/i_issue_read_operands/adder_result_ext_o_carry_i_13/O
                         net (fo=13, unplaced)        0.632     4.883    i_ariane/i_cva6/issue_stage_i/i_issue_read_operands/adder_result_ext_o_carry_i_13_n_0
                         LUT6 (Prop_lut6_I1_O)        0.105     4.988 f  i_ariane/i_cva6/issue_stage_i/i_issue_read_operands/adder_result_ext_o_carry_i_10/O
                         net (fo=3, unplaced)         0.346     5.334    i_ariane/i_cva6/issue_stage_i/i_issue_read_operands/adder_result_ext_o_carry_i_10_n_0
                         LUT6 (Prop_lut6_I0_O)        0.105     5.439 r  i_ariane/i_cva6/issue_stage_i/i_issue_read_operands/adder_result_ext_o_carry_i_16/O
                         net (fo=100, unplaced)       0.447     5.886    i_ariane/i_cva6/issue_stage_i/i_issue_read_operands/adder_result_ext_o_carry_i_16_n_0
                         LUT6 (Prop_lut6_I5_O)        0.105     5.991 r  i_ariane/i_cva6/issue_stage_i/i_issue_read_operands/adder_result_ext_o_carry_i_9/O
                         net (fo=1, unplaced)         0.528     6.519    i_ariane/i_cva6/ex_stage_i/alu_i/S[0]
                         CARRY4 (Prop_carry4_S[0]_CO[3])
                                                      0.528     7.047 r  i_ariane/i_cva6/ex_stage_i/alu_i/adder_result_ext_o_carry/CO[3]
                         net (fo=1, unplaced)         0.008     7.055    i_ariane/i_cva6/ex_stage_i/alu_i/adder_result_ext_o_carry_n_0
                         CARRY4 (Prop_carry4_CI_CO[3])
                                                      0.100     7.155 r  i_ariane/i_cva6/ex_stage_i/alu_i/adder_result_ext_o_carry__0/CO[3]
                         net (fo=1, unplaced)         0.000     7.155    i_ariane/i_cva6/ex_stage_i/alu_i/adder_result_ext_o_carry__0_n_0
                         CARRY4 (Prop_carry4_CI_CO[3])
                                                      0.100     7.255 r  i_ariane/i_cva6/ex_stage_i/alu_i/adder_result_ext_o_carry__1/CO[3]
                         net (fo=1, unplaced)         0.000     7.255    i_ariane/i_cva6/ex_stage_i/alu_i/adder_result_ext_o_carry__1_n_0
                         CARRY4 (Prop_carry4_CI_CO[3])
                                                      0.100     7.355 r  i_ariane/i_cva6/ex_stage_i/alu_i/adder_result_ext_o_carry__2/CO[3]
                         net (fo=1, unplaced)         0.000     7.355    i_ariane/i_cva6/ex_stage_i/alu_i/adder_result_ext_o_carry__2_n_0
                         CARRY4 (Prop_carry4_CI_CO[3])
                                                      0.100     7.455 r  i_ariane/i_cva6/ex_stage_i/alu_i/adder_result_ext_o_carry__3/CO[3]
                         net (fo=1, unplaced)         0.000     7.455    i_ariane/i_cva6/ex_stage_i/alu_i/adder_result_ext_o_carry__3_n_0
                         CARRY4 (Prop_carry4_CI_CO[3])
                                                      0.100     7.555 r  i_ariane/i_cva6/ex_stage_i/alu_i/adder_result_ext_o_carry__4/CO[3]
                         net (fo=1, unplaced)         0.000     7.555    i_ariane/i_cva6/ex_stage_i/alu_i/adder_result_ext_o_carry__4_n_0
                         CARRY4 (Prop_carry4_CI_CO[3])
                                                      0.100     7.655 r  i_ariane/i_cva6/ex_stage_i/alu_i/adder_result_ext_o_carry__5/CO[3]
                         net (fo=1, unplaced)         0.000     7.655    i_ariane/i_cva6/ex_stage_i/alu_i/adder_result_ext_o_carry__5_n_0
                         CARRY4 (Prop_carry4_CI_CO[3])
                                                      0.100     7.755 r  i_ariane/i_cva6/ex_stage_i/alu_i/adder_result_ext_o_carry__6/CO[3]
                         net (fo=1, unplaced)         0.000     7.755    i_ariane/i_cva6/ex_stage_i/alu_i/adder_result_ext_o_carry__6_n_0
                         CARRY4 (Prop_carry4_CI_CO[3])
                                                      0.100     7.855 r  i_ariane/i_cva6/ex_stage_i/alu_i/adder_result_ext_o_carry__7/CO[3]
                         net (fo=1, unplaced)         0.000     7.855    i_ariane/i_cva6/ex_stage_i/alu_i/adder_result_ext_o_carry__7_n_0
                         CARRY4 (Prop_carry4_CI_CO[3])
                                                      0.100     7.955 r  i_ariane/i_cva6/ex_stage_i/alu_i/adder_result_ext_o_carry__8/CO[3]
                         net (fo=1, unplaced)         0.000     7.955    i_ariane/i_cva6/ex_stage_i/alu_i/adder_result_ext_o_carry__8_n_0
                         CARRY4 (Prop_carry4_CI_CO[3])
                                                      0.100     8.055 r  i_ariane/i_cva6/ex_stage_i/alu_i/adder_result_ext_o_carry__9/CO[3]
                         net (fo=1, unplaced)         0.000     8.055    i_ariane/i_cva6/ex_stage_i/alu_i/adder_result_ext_o_carry__9_n_0
                         CARRY4 (Prop_carry4_CI_CO[3])
                                                      0.100     8.155 r  i_ariane/i_cva6/ex_stage_i/alu_i/adder_result_ext_o_carry__10/CO[3]
                         net (fo=1, unplaced)         0.000     8.155    i_ariane/i_cva6/ex_stage_i/alu_i/adder_result_ext_o_carry__10_n_0
                         CARRY4 (Prop_carry4_CI_CO[3])
                                                      0.100     8.255 r  i_ariane/i_cva6/ex_stage_i/alu_i/adder_result_ext_o_carry__11/CO[3]
                         net (fo=1, unplaced)         0.000     8.255    i_ariane/i_cva6/ex_stage_i/alu_i/adder_result_ext_o_carry__11_n_0
                         CARRY4 (Prop_carry4_CI_CO[3])
                                                      0.100     8.355 r  i_ariane/i_cva6/ex_stage_i/alu_i/adder_result_ext_o_carry__12/CO[3]
                         net (fo=1, unplaced)         0.000     8.355    i_ariane/i_cva6/ex_stage_i/alu_i/adder_result_ext_o_carry__12_n_0
                         CARRY4 (Prop_carry4_CI_CO[3])
                                                      0.100     8.455 r  i_ariane/i_cva6/ex_stage_i/alu_i/adder_result_ext_o_carry__13/CO[3]
                         net (fo=1, unplaced)         0.000     8.455    i_ariane/i_cva6/ex_stage_i/alu_i/adder_result_ext_o_carry__13_n_0
                         CARRY4 (Prop_carry4_CI_O[3])
                                                      0.277     8.732 r  i_ariane/i_cva6/ex_stage_i/alu_i/adder_result_ext_o_carry__14/O[3]
                         net (fo=2, unplaced)         0.487     9.219    i_ariane/i_cva6/issue_stage_i/i_issue_read_operands/adder_result[63]
                         LUT4 (Prop_lut4_I1_O)        0.250     9.469 r  i_ariane/i_cva6/issue_stage_i/i_issue_read_operands/i___65_i_25/O
                         net (fo=1, unplaced)         0.347     9.816    i_ariane/i_cva6/ex_stage_i/alu_i/i___65_i_10_1
                         LUT5 (Prop_lut5_I4_O)        0.105     9.921 r  i_ariane/i_cva6/ex_stage_i/alu_i/i___65_i_21/O
                         net (fo=1, unplaced)         0.347    10.268    i_ariane/i_cva6/ex_stage_i/alu_i/i___65_i_21_n_0
                         LUT6 (Prop_lut6_I5_O)        0.105    10.373 r  i_ariane/i_cva6/ex_stage_i/alu_i/i___65_i_10/O
                         net (fo=2, unplaced)         0.358    10.731    i_ariane/i_cva6/ex_stage_i/alu_i/i___65_i_10_n_0
                         LUT6 (Prop_lut6_I3_O)        0.105    10.836 f  i_ariane/i_cva6/ex_stage_i/alu_i/i___65_i_4/O
                         net (fo=1, unplaced)         0.347    11.183    i_ariane/i_cva6/issue_stage_i/i_issue_read_operands/issue_q[0][valid]_i_4_0
                         LUT6 (Prop_lut6_I3_O)        0.105    11.288 r  i_ariane/i_cva6/issue_stage_i/i_issue_read_operands/i___65_i_1__0/O
                         net (fo=70, unplaced)        0.438    11.726    i_ariane/i_cva6/issue_stage_i/i_issue_read_operands/fu_data_q_reg[0][operation][0]_32
                         LUT6 (Prop_lut6_I1_O)        0.105    11.831 f  i_ariane/i_cva6/issue_stage_i/i_issue_read_operands/npc_q[63]_bret__277_i_2/O
                         net (fo=9, unplaced)         0.388    12.219    i_ariane/i_cva6/controller_i/resolved_branch[is_mispredict]
                         LUT6 (Prop_lut6_I3_O)        0.105    12.324 f  i_ariane/i_cva6/controller_i/i___63_i_1/O
                         net (fo=40, unplaced)        0.424    12.748    i_ariane/i_cva6/id_stage_i/flush_ctrl_if
                         LUT6 (Prop_lut6_I1_O)        0.105    12.853 f  i_ariane/i_cva6/id_stage_i/top_id_q[1]_i_2/O
                         net (fo=7, unplaced)         0.382    13.235    i_ariane/i_cva6/issue_stage_i/i_scoreboard/FSM_onehot_wstate_q_reg[0]_1
                         LUT6 (Prop_lut6_I0_O)        0.105    13.340 f  i_ariane/i_cva6/issue_stage_i/i_scoreboard/i__i_6__0/O
                         net (fo=3, unplaced)         0.365    13.705    i_ariane/i_cva6/issue_stage_i/i_scoreboard/FSM_onehot_wstate_q_reg[0]_0
                         LUT6 (Prop_lut6_I4_O)        0.105    13.810 f  i_ariane/i_cva6/issue_stage_i/i_scoreboard/i__i_1__0/O
                         net (fo=58, unplaced)        0.433    14.243    i_ariane/i_cva6/issue_stage_i/i_scoreboard/issue_q_reg[0][sbe][valid]
                         LUT3 (Prop_lut3_I0_O)        0.105    14.348 r  i_ariane/i_cva6/issue_stage_i/i_scoreboard/mem_q[1][sbe][pc][63]_i_1/O
                         net (fo=79, unplaced)        0.441    14.789    i_ariane/i_cva6/issue_stage_i/i_scoreboard/issue_pointer_q_reg[0]_1
                         LUT6 (Prop_lut6_I2_O)        0.105    14.894 f  i_ariane/i_cva6/issue_stage_i/i_scoreboard/mem_q[1][sbe][rd][4]_i_10/O
                         net (fo=3, unplaced)         0.956    15.850    i_ariane/i_cva6/issue_stage_i/i_scoreboard/mem_q[1][sbe][rd][4]_i_10_n_0
                         LUT6 (Prop_lut6_I1_O)        0.105    15.955 f  i_ariane/i_cva6/issue_stage_i/i_scoreboard/mem_q[2][sbe][rd][1]_i_3/O
                         net (fo=7, unplaced)         0.382    16.337    i_ariane/i_cva6/issue_stage_i/i_issue_read_operands/mem_q_reg[0][sbe][rd][4]_3
                         LUT2 (Prop_lut2_I1_O)        0.105    16.442 r  i_ariane/i_cva6/issue_stage_i/i_issue_read_operands/mem_q[0][sbe][rd][4]_i_2/O
                         net (fo=5, unplaced)         0.610    17.052    i_ariane/i_cva6/issue_stage_i/i_issue_read_operands/mem_q[2][sbe][rd][1]_i_3
                         LUT6 (Prop_lut6_I0_O)        0.105    17.157 r  i_ariane/i_cva6/issue_stage_i/i_issue_read_operands/mem_q[0][sbe][rd][4]_i_1/O
                         net (fo=1, unplaced)         0.000    17.157    i_ariane/i_cva6/issue_stage_i/i_scoreboard/mem_q_reg[0][sbe][rd][4]_2[4]
                         FDCE                                         r  i_ariane/i_cva6/issue_stage_i/i_scoreboard/mem_q_reg[0][sbe][rd][4]/D
  -------------------------------------------------------------------    -------------------

                         (clock sys_clk rise edge)    5.000     5.000 r  
                                                      0.000     5.000 r  clk_pad_i (IN)
                         net (fo=0)                   0.000     5.000    clk_pad_i
                         IBUF (Prop_ibuf_I_O)         1.352     6.352 r  clk_pad_i_IBUF_inst/O
                         net (fo=1, unplaced)         0.613     6.965    clk_pad_i_IBUF
                         BUFG (Prop_bufg_I_O)         0.077     7.042 r  i_clk_bufg/O
                         net (fo=7369, unplaced)      0.439     7.481    i_ariane/i_cva6/issue_stage_i/i_scoreboard/clk_core
                         FDCE                                         r  i_ariane/i_cva6/issue_stage_i/i_scoreboard/mem_q_reg[0][sbe][rd][4]/C
                         clock pessimism              0.106     7.587    
                         clock uncertainty           -0.135     7.452    
                         FDCE (Setup_fdce_C_D)        0.043     7.495    i_ariane/i_cva6/issue_stage_i/i_scoreboard/mem_q_reg[0][sbe][rd][4]
  -------------------------------------------------------------------
                         required time                          7.495    
                         arrival time                         -17.157    
  -------------------------------------------------------------------
                         slack                                 -9.662    

Slack (VIOLATED) :        -9.652ns  (required time - arrival time)
  Source:                 i_ariane/i_cva6/issue_stage_i/i_issue_read_operands/csr_valid_q_reg[0]/C
                            (rising edge-triggered cell FDCE clocked by sys_clk  {rise@0.000ns fall@2.500ns period=5.000ns})
  Destination:            i_ariane/i_cva6/issue_stage_i/i_scoreboard/mem_q_reg[0][sbe][rd][1]/D
                            (rising edge-triggered cell FDCE clocked by sys_clk  {rise@0.000ns fall@2.500ns period=5.000ns})
  Path Group:             sys_clk
  Path Type:              Setup (Max at Slow Process Corner)
  Requirement:            5.000ns  (sys_clk rise@5.000ns - sys_clk rise@0.000ns)
  Data Path Delay:        14.415ns  (logic 4.869ns (33.777%)  route 9.546ns (66.223%))
  Logic Levels:           35  (CARRY4=16 LUT3=1 LUT4=2 LUT5=1 LUT6=15)
  Clock Path Skew:        -0.145ns (DCD - SCD + CPR)
    Destination Clock Delay (DCD):    2.481ns = ( 7.481 - 5.000 ) 
    Source Clock Delay      (SCD):    2.732ns
    Clock Pessimism Removal (CPR):    0.106ns
  Clock Uncertainty:      0.135ns  ((TSJ^2 + TIJ^2)^1/2 + DJ) / 2 + PE + UU
    Total System Jitter     (TSJ):    0.071ns
    Total Input Jitter      (TIJ):    0.000ns
    Discrete Jitter          (DJ):    0.000ns
    Phase Error              (PE):    0.000ns
    User Uncertainty         (UU):    0.100ns

    Location             Delay type                Incr(ns)  Path(ns)    Netlist Resource(s)
  -------------------------------------------------------------------    -------------------
                         (clock sys_clk rise edge)    0.000     0.000 r  
                                                      0.000     0.000 r  clk_pad_i (IN)
                         net (fo=0)                   0.000     0.000    clk_pad_i
                         IBUF (Prop_ibuf_I_O)         1.418     1.418 r  clk_pad_i_IBUF_inst/O
                         net (fo=1, unplaced)         0.646     2.063    clk_pad_i_IBUF
                         BUFG (Prop_bufg_I_O)         0.085     2.148 r  i_clk_bufg/O
                         net (fo=7369, unplaced)      0.584     2.732    i_ariane/i_cva6/issue_stage_i/i_issue_read_operands/clk_core
                         FDCE                                         r  i_ariane/i_cva6/issue_stage_i/i_issue_read_operands/csr_valid_q_reg[0]/C
  -------------------------------------------------------------------    -------------------
                         FDCE (Prop_fdce_C_Q)         0.397     3.129 r  i_ariane/i_cva6/issue_stage_i/i_issue_read_operands/csr_valid_q_reg[0]/Q
                         net (fo=158, unplaced)       0.890     4.019    i_ariane/i_cva6/issue_stage_i/i_issue_read_operands/csr_valid_q_reg[0]_0
                         LUT6 (Prop_lut6_I0_O)        0.232     4.251 r  i_ariane/i_cva6/issue_stage_i/i_issue_read_operands/adder_result_ext_o_carry_i_13/O
                         net (fo=13, unplaced)        0.632     4.883    i_ariane/i_cva6/issue_stage_i/i_issue_read_operands/adder_result_ext_o_carry_i_13_n_0
                         LUT6 (Prop_lut6_I1_O)        0.105     4.988 f  i_ariane/i_cva6/issue_stage_i/i_issue_read_operands/adder_result_ext_o_carry_i_10/O
                         net (fo=3, unplaced)         0.346     5.334    i_ariane/i_cva6/issue_stage_i/i_issue_read_operands/adder_result_ext_o_carry_i_10_n_0
                         LUT6 (Prop_lut6_I0_O)        0.105     5.439 r  i_ariane/i_cva6/issue_stage_i/i_issue_read_operands/adder_result_ext_o_carry_i_16/O
                         net (fo=100, unplaced)       0.447     5.886    i_ariane/i_cva6/issue_stage_i/i_issue_read_operands/adder_result_ext_o_carry_i_16_n_0
                         LUT6 (Prop_lut6_I5_O)        0.105     5.991 r  i_ariane/i_cva6/issue_stage_i/i_issue_read_operands/adder_result_ext_o_carry_i_9/O
                         net (fo=1, unplaced)         0.528     6.519    i_ariane/i_cva6/ex_stage_i/alu_i/S[0]
                         CARRY4 (Prop_carry4_S[0]_CO[3])
                                                      0.528     7.047 r  i_ariane/i_cva6/ex_stage_i/alu_i/adder_result_ext_o_carry/CO[3]
                         net (fo=1, unplaced)         0.008     7.055    i_ariane/i_cva6/ex_stage_i/alu_i/adder_result_ext_o_carry_n_0
                         CARRY4 (Prop_carry4_CI_CO[3])
                                                      0.100     7.155 r  i_ariane/i_cva6/ex_stage_i/alu_i/adder_result_ext_o_carry__0/CO[3]
                         net (fo=1, unplaced)         0.000     7.155    i_ariane/i_cva6/ex_stage_i/alu_i/adder_result_ext_o_carry__0_n_0
                         CARRY4 (Prop_carry4_CI_CO[3])
                                                      0.100     7.255 r  i_ariane/i_cva6/ex_stage_i/alu_i/adder_result_ext_o_carry__1/CO[3]
                         net (fo=1, unplaced)         0.000     7.255    i_ariane/i_cva6/ex_stage_i/alu_i/adder_result_ext_o_carry__1_n_0
                         CARRY4 (Prop_carry4_CI_CO[3])
                                                      0.100     7.355 r  i_ariane/i_cva6/ex_stage_i/alu_i/adder_result_ext_o_carry__2/CO[3]
                         net (fo=1, unplaced)         0.000     7.355    i_ariane/i_cva6/ex_stage_i/alu_i/adder_result_ext_o_carry__2_n_0
                         CARRY4 (Prop_carry4_CI_CO[3])
                                                      0.100     7.455 r  i_ariane/i_cva6/ex_stage_i/alu_i/adder_result_ext_o_carry__3/CO[3]
                         net (fo=1, unplaced)         0.000     7.455    i_ariane/i_cva6/ex_stage_i/alu_i/adder_result_ext_o_carry__3_n_0
                         CARRY4 (Prop_carry4_CI_CO[3])
                                                      0.100     7.555 r  i_ariane/i_cva6/ex_stage_i/alu_i/adder_result_ext_o_carry__4/CO[3]
                         net (fo=1, unplaced)         0.000     7.555    i_ariane/i_cva6/ex_stage_i/alu_i/adder_result_ext_o_carry__4_n_0
                         CARRY4 (Prop_carry4_CI_CO[3])
                                                      0.100     7.655 r  i_ariane/i_cva6/ex_stage_i/alu_i/adder_result_ext_o_carry__5/CO[3]
                         net (fo=1, unplaced)         0.000     7.655    i_ariane/i_cva6/ex_stage_i/alu_i/adder_result_ext_o_carry__5_n_0
                         CARRY4 (Prop_carry4_CI_CO[3])
                                                      0.100     7.755 r  i_ariane/i_cva6/ex_stage_i/alu_i/adder_result_ext_o_carry__6/CO[3]
                         net (fo=1, unplaced)         0.000     7.755    i_ariane/i_cva6/ex_stage_i/alu_i/adder_result_ext_o_carry__6_n_0
                         CARRY4 (Prop_carry4_CI_CO[3])
                                                      0.100     7.855 r  i_ariane/i_cva6/ex_stage_i/alu_i/adder_result_ext_o_carry__7/CO[3]
                         net (fo=1, unplaced)         0.000     7.855    i_ariane/i_cva6/ex_stage_i/alu_i/adder_result_ext_o_carry__7_n_0
                         CARRY4 (Prop_carry4_CI_CO[3])
                                                      0.100     7.955 r  i_ariane/i_cva6/ex_stage_i/alu_i/adder_result_ext_o_carry__8/CO[3]
                         net (fo=1, unplaced)         0.000     7.955    i_ariane/i_cva6/ex_stage_i/alu_i/adder_result_ext_o_carry__8_n_0
                         CARRY4 (Prop_carry4_CI_CO[3])
                                                      0.100     8.055 r  i_ariane/i_cva6/ex_stage_i/alu_i/adder_result_ext_o_carry__9/CO[3]
                         net (fo=1, unplaced)         0.000     8.055    i_ariane/i_cva6/ex_stage_i/alu_i/adder_result_ext_o_carry__9_n_0
                         CARRY4 (Prop_carry4_CI_CO[3])
                                                      0.100     8.155 r  i_ariane/i_cva6/ex_stage_i/alu_i/adder_result_ext_o_carry__10/CO[3]
                         net (fo=1, unplaced)         0.000     8.155    i_ariane/i_cva6/ex_stage_i/alu_i/adder_result_ext_o_carry__10_n_0
                         CARRY4 (Prop_carry4_CI_CO[3])
                                                      0.100     8.255 r  i_ariane/i_cva6/ex_stage_i/alu_i/adder_result_ext_o_carry__11/CO[3]
                         net (fo=1, unplaced)         0.000     8.255    i_ariane/i_cva6/ex_stage_i/alu_i/adder_result_ext_o_carry__11_n_0
                         CARRY4 (Prop_carry4_CI_CO[3])
                                                      0.100     8.355 r  i_ariane/i_cva6/ex_stage_i/alu_i/adder_result_ext_o_carry__12/CO[3]
                         net (fo=1, unplaced)         0.000     8.355    i_ariane/i_cva6/ex_stage_i/alu_i/adder_result_ext_o_carry__12_n_0
                         CARRY4 (Prop_carry4_CI_CO[3])
                                                      0.100     8.455 r  i_ariane/i_cva6/ex_stage_i/alu_i/adder_result_ext_o_carry__13/CO[3]
                         net (fo=1, unplaced)         0.000     8.455    i_ariane/i_cva6/ex_stage_i/alu_i/adder_result_ext_o_carry__13_n_0
                         CARRY4 (Prop_carry4_CI_O[3])
                                                      0.277     8.732 r  i_ariane/i_cva6/ex_stage_i/alu_i/adder_result_ext_o_carry__14/O[3]
                         net (fo=2, unplaced)         0.487     9.219    i_ariane/i_cva6/issue_stage_i/i_issue_read_operands/adder_result[63]
                         LUT4 (Prop_lut4_I1_O)        0.250     9.469 r  i_ariane/i_cva6/issue_stage_i/i_issue_read_operands/i___65_i_25/O
                         net (fo=1, unplaced)         0.347     9.816    i_ariane/i_cva6/ex_stage_i/alu_i/i___65_i_10_1
                         LUT5 (Prop_lut5_I4_O)        0.105     9.921 r  i_ariane/i_cva6/ex_stage_i/alu_i/i___65_i_21/O
                         net (fo=1, unplaced)         0.347    10.268    i_ariane/i_cva6/ex_stage_i/alu_i/i___65_i_21_n_0
                         LUT6 (Prop_lut6_I5_O)        0.105    10.373 r  i_ariane/i_cva6/ex_stage_i/alu_i/i___65_i_10/O
                         net (fo=2, unplaced)         0.358    10.731    i_ariane/i_cva6/ex_stage_i/alu_i/i___65_i_10_n_0
                         LUT6 (Prop_lut6_I3_O)        0.105    10.836 f  i_ariane/i_cva6/ex_stage_i/alu_i/i___65_i_4/O
                         net (fo=1, unplaced)         0.347    11.183    i_ariane/i_cva6/issue_stage_i/i_issue_read_operands/issue_q[0][valid]_i_4_0
                         LUT6 (Prop_lut6_I3_O)        0.105    11.288 r  i_ariane/i_cva6/issue_stage_i/i_issue_read_operands/i___65_i_1__0/O
                         net (fo=70, unplaced)        0.438    11.726    i_ariane/i_cva6/issue_stage_i/i_issue_read_operands/fu_data_q_reg[0][operation][0]_32
                         LUT6 (Prop_lut6_I1_O)        0.105    11.831 f  i_ariane/i_cva6/issue_stage_i/i_issue_read_operands/npc_q[63]_bret__277_i_2/O
                         net (fo=9, unplaced)         0.388    12.219    i_ariane/i_cva6/controller_i/resolved_branch[is_mispredict]
                         LUT6 (Prop_lut6_I3_O)        0.105    12.324 f  i_ariane/i_cva6/controller_i/i___63_i_1/O
                         net (fo=40, unplaced)        0.424    12.748    i_ariane/i_cva6/id_stage_i/flush_ctrl_if
                         LUT6 (Prop_lut6_I1_O)        0.105    12.853 f  i_ariane/i_cva6/id_stage_i/top_id_q[1]_i_2/O
                         net (fo=7, unplaced)         0.382    13.235    i_ariane/i_cva6/issue_stage_i/i_scoreboard/FSM_onehot_wstate_q_reg[0]_1
                         LUT6 (Prop_lut6_I0_O)        0.105    13.340 f  i_ariane/i_cva6/issue_stage_i/i_scoreboard/i__i_6__0/O
                         net (fo=3, unplaced)         0.365    13.705    i_ariane/i_cva6/issue_stage_i/i_scoreboard/FSM_onehot_wstate_q_reg[0]_0
                         LUT6 (Prop_lut6_I4_O)        0.105    13.810 f  i_ariane/i_cva6/issue_stage_i/i_scoreboard/i__i_1__0/O
                         net (fo=58, unplaced)        0.433    14.243    i_ariane/i_cva6/issue_stage_i/i_scoreboard/issue_q_reg[0][sbe][valid]
                         LUT3 (Prop_lut3_I0_O)        0.105    14.348 r  i_ariane/i_cva6/issue_stage_i/i_scoreboard/mem_q[3][sbe][pc][63]_i_1/O
                         net (fo=79, unplaced)        0.441    14.789    i_ariane/i_cva6/issue_stage_i/i_scoreboard/mem_q[3][sbe][pc][63]_i_1_n_0
                         LUT6 (Prop_lut6_I2_O)        0.105    14.894 r  i_ariane/i_cva6/issue_stage_i/i_scoreboard/mem_q[0][sbe][rd][4]_i_13/O
                         net (fo=1, unplaced)         0.938    15.832    i_ariane/i_cva6/issue_stage_i/i_scoreboard/mem_q[0][sbe][rd][4]_i_13_n_0
                         LUT6 (Prop_lut6_I1_O)        0.105    15.937 r  i_ariane/i_cva6/issue_stage_i/i_scoreboard/mem_q[0][sbe][rd][4]_i_6/O
                         net (fo=10, unplaced)        0.390    16.327    i_ariane/i_cva6/ex_stage_i/lsu_i/i_pipe_reg_load/mem_q_reg[0][sbe][rd][2]_4
                         LUT4 (Prop_lut4_I2_O)        0.105    16.432 r  i_ariane/i_cva6/ex_stage_i/lsu_i/i_pipe_reg_load/mem_q[0][sbe][rd][4]_i_3/O
                         net (fo=5, unplaced)         0.610    17.042    i_ariane/i_cva6/ex_stage_i/lsu_i/i_pipe_reg_load/gen_register.d_o_reg[269]_4
                         LUT6 (Prop_lut6_I0_O)        0.105    17.147 r  i_ariane/i_cva6/ex_stage_i/lsu_i/i_pipe_reg_load/mem_q[0][sbe][rd][1]_i_1/O
                         net (fo=1, unplaced)         0.000    17.147    i_ariane/i_cva6/issue_stage_i/i_scoreboard/mem_q_reg[0][sbe][rd][4]_2[1]
                         FDCE                                         r  i_ariane/i_cva6/issue_stage_i/i_scoreboard/mem_q_reg[0][sbe][rd][1]/D
  -------------------------------------------------------------------    -------------------

                         (clock sys_clk rise edge)    5.000     5.000 r  
                                                      0.000     5.000 r  clk_pad_i (IN)
                         net (fo=0)                   0.000     5.000    clk_pad_i
                         IBUF (Prop_ibuf_I_O)         1.352     6.352 r  clk_pad_i_IBUF_inst/O
                         net (fo=1, unplaced)         0.613     6.965    clk_pad_i_IBUF
                         BUFG (Prop_bufg_I_O)         0.077     7.042 r  i_clk_bufg/O
                         net (fo=7369, unplaced)      0.439     7.481    i_ariane/i_cva6/issue_stage_i/i_scoreboard/clk_core
                         FDCE                                         r  i_ariane/i_cva6/issue_stage_i/i_scoreboard/mem_q_reg[0][sbe][rd][1]/C
                         clock pessimism              0.106     7.587    
                         clock uncertainty           -0.135     7.452    
                         FDCE (Setup_fdce_C_D)        0.043     7.495    i_ariane/i_cva6/issue_stage_i/i_scoreboard/mem_q_reg[0][sbe][rd][1]
  -------------------------------------------------------------------
                         required time                          7.495    
                         arrival time                         -17.147    
  -------------------------------------------------------------------
                         slack                                 -9.652    

Slack (VIOLATED) :        -9.652ns  (required time - arrival time)
  Source:                 i_ariane/i_cva6/issue_stage_i/i_issue_read_operands/csr_valid_q_reg[0]/C
                            (rising edge-triggered cell FDCE clocked by sys_clk  {rise@0.000ns fall@2.500ns period=5.000ns})
  Destination:            i_ariane/i_cva6/issue_stage_i/i_scoreboard/mem_q_reg[0][sbe][rd][2]/D
                            (rising edge-triggered cell FDCE clocked by sys_clk  {rise@0.000ns fall@2.500ns period=5.000ns})
  Path Group:             sys_clk
  Path Type:              Setup (Max at Slow Process Corner)
  Requirement:            5.000ns  (sys_clk rise@5.000ns - sys_clk rise@0.000ns)
  Data Path Delay:        14.415ns  (logic 4.869ns (33.777%)  route 9.546ns (66.223%))
  Logic Levels:           35  (CARRY4=16 LUT3=1 LUT4=2 LUT5=1 LUT6=15)
  Clock Path Skew:        -0.145ns (DCD - SCD + CPR)
    Destination Clock Delay (DCD):    2.481ns = ( 7.481 - 5.000 ) 
    Source Clock Delay      (SCD):    2.732ns
    Clock Pessimism Removal (CPR):    0.106ns
  Clock Uncertainty:      0.135ns  ((TSJ^2 + TIJ^2)^1/2 + DJ) / 2 + PE + UU
    Total System Jitter     (TSJ):    0.071ns
    Total Input Jitter      (TIJ):    0.000ns
    Discrete Jitter          (DJ):    0.000ns
    Phase Error              (PE):    0.000ns
    User Uncertainty         (UU):    0.100ns

    Location             Delay type                Incr(ns)  Path(ns)    Netlist Resource(s)
  -------------------------------------------------------------------    -------------------
                         (clock sys_clk rise edge)    0.000     0.000 r  
                                                      0.000     0.000 r  clk_pad_i (IN)
                         net (fo=0)                   0.000     0.000    clk_pad_i
                         IBUF (Prop_ibuf_I_O)         1.418     1.418 r  clk_pad_i_IBUF_inst/O
                         net (fo=1, unplaced)         0.646     2.063    clk_pad_i_IBUF
                         BUFG (Prop_bufg_I_O)         0.085     2.148 r  i_clk_bufg/O
                         net (fo=7369, unplaced)      0.584     2.732    i_ariane/i_cva6/issue_stage_i/i_issue_read_operands/clk_core
                         FDCE                                         r  i_ariane/i_cva6/issue_stage_i/i_issue_read_operands/csr_valid_q_reg[0]/C
  -------------------------------------------------------------------    -------------------
                         FDCE (Prop_fdce_C_Q)         0.397     3.129 r  i_ariane/i_cva6/issue_stage_i/i_issue_read_operands/csr_valid_q_reg[0]/Q
                         net (fo=158, unplaced)       0.890     4.019    i_ariane/i_cva6/issue_stage_i/i_issue_read_operands/csr_valid_q_reg[0]_0
                         LUT6 (Prop_lut6_I0_O)        0.232     4.251 r  i_ariane/i_cva6/issue_stage_i/i_issue_read_operands/adder_result_ext_o_carry_i_13/O
                         net (fo=13, unplaced)        0.632     4.883    i_ariane/i_cva6/issue_stage_i/i_issue_read_operands/adder_result_ext_o_carry_i_13_n_0
                         LUT6 (Prop_lut6_I1_O)        0.105     4.988 f  i_ariane/i_cva6/issue_stage_i/i_issue_read_operands/adder_result_ext_o_carry_i_10/O
                         net (fo=3, unplaced)         0.346     5.334    i_ariane/i_cva6/issue_stage_i/i_issue_read_operands/adder_result_ext_o_carry_i_10_n_0
                         LUT6 (Prop_lut6_I0_O)        0.105     5.439 r  i_ariane/i_cva6/issue_stage_i/i_issue_read_operands/adder_result_ext_o_carry_i_16/O
                         net (fo=100, unplaced)       0.447     5.886    i_ariane/i_cva6/issue_stage_i/i_issue_read_operands/adder_result_ext_o_carry_i_16_n_0
                         LUT6 (Prop_lut6_I5_O)        0.105     5.991 r  i_ariane/i_cva6/issue_stage_i/i_issue_read_operands/adder_result_ext_o_carry_i_9/O
                         net (fo=1, unplaced)         0.528     6.519    i_ariane/i_cva6/ex_stage_i/alu_i/S[0]
                         CARRY4 (Prop_carry4_S[0]_CO[3])
                                                      0.528     7.047 r  i_ariane/i_cva6/ex_stage_i/alu_i/adder_result_ext_o_carry/CO[3]
                         net (fo=1, unplaced)         0.008     7.055    i_ariane/i_cva6/ex_stage_i/alu_i/adder_result_ext_o_carry_n_0
                         CARRY4 (Prop_carry4_CI_CO[3])
                                                      0.100     7.155 r  i_ariane/i_cva6/ex_stage_i/alu_i/adder_result_ext_o_carry__0/CO[3]
                         net (fo=1, unplaced)         0.000     7.155    i_ariane/i_cva6/ex_stage_i/alu_i/adder_result_ext_o_carry__0_n_0
                         CARRY4 (Prop_carry4_CI_CO[3])
                                                      0.100     7.255 r  i_ariane/i_cva6/ex_stage_i/alu_i/adder_result_ext_o_carry__1/CO[3]
                         net (fo=1, unplaced)         0.000     7.255    i_ariane/i_cva6/ex_stage_i/alu_i/adder_result_ext_o_carry__1_n_0
                         CARRY4 (Prop_carry4_CI_CO[3])
                                                      0.100     7.355 r  i_ariane/i_cva6/ex_stage_i/alu_i/adder_result_ext_o_carry__2/CO[3]
                         net (fo=1, unplaced)         0.000     7.355    i_ariane/i_cva6/ex_stage_i/alu_i/adder_result_ext_o_carry__2_n_0
                         CARRY4 (Prop_carry4_CI_CO[3])
                                                      0.100     7.455 r  i_ariane/i_cva6/ex_stage_i/alu_i/adder_result_ext_o_carry__3/CO[3]
                         net (fo=1, unplaced)         0.000     7.455    i_ariane/i_cva6/ex_stage_i/alu_i/adder_result_ext_o_carry__3_n_0
                         CARRY4 (Prop_carry4_CI_CO[3])
                                                      0.100     7.555 r  i_ariane/i_cva6/ex_stage_i/alu_i/adder_result_ext_o_carry__4/CO[3]
                         net (fo=1, unplaced)         0.000     7.555    i_ariane/i_cva6/ex_stage_i/alu_i/adder_result_ext_o_carry__4_n_0
                         CARRY4 (Prop_carry4_CI_CO[3])
                                                      0.100     7.655 r  i_ariane/i_cva6/ex_stage_i/alu_i/adder_result_ext_o_carry__5/CO[3]
                         net (fo=1, unplaced)         0.000     7.655    i_ariane/i_cva6/ex_stage_i/alu_i/adder_result_ext_o_carry__5_n_0
                         CARRY4 (Prop_carry4_CI_CO[3])
                                                      0.100     7.755 r  i_ariane/i_cva6/ex_stage_i/alu_i/adder_result_ext_o_carry__6/CO[3]
                         net (fo=1, unplaced)         0.000     7.755    i_ariane/i_cva6/ex_stage_i/alu_i/adder_result_ext_o_carry__6_n_0
                         CARRY4 (Prop_carry4_CI_CO[3])
                                                      0.100     7.855 r  i_ariane/i_cva6/ex_stage_i/alu_i/adder_result_ext_o_carry__7/CO[3]
                         net (fo=1, unplaced)         0.000     7.855    i_ariane/i_cva6/ex_stage_i/alu_i/adder_result_ext_o_carry__7_n_0
                         CARRY4 (Prop_carry4_CI_CO[3])
                                                      0.100     7.955 r  i_ariane/i_cva6/ex_stage_i/alu_i/adder_result_ext_o_carry__8/CO[3]
                         net (fo=1, unplaced)         0.000     7.955    i_ariane/i_cva6/ex_stage_i/alu_i/adder_result_ext_o_carry__8_n_0
                         CARRY4 (Prop_carry4_CI_CO[3])
                                                      0.100     8.055 r  i_ariane/i_cva6/ex_stage_i/alu_i/adder_result_ext_o_carry__9/CO[3]
                         net (fo=1, unplaced)         0.000     8.055    i_ariane/i_cva6/ex_stage_i/alu_i/adder_result_ext_o_carry__9_n_0
                         CARRY4 (Prop_carry4_CI_CO[3])
                                                      0.100     8.155 r  i_ariane/i_cva6/ex_stage_i/alu_i/adder_result_ext_o_carry__10/CO[3]
                         net (fo=1, unplaced)         0.000     8.155    i_ariane/i_cva6/ex_stage_i/alu_i/adder_result_ext_o_carry__10_n_0
                         CARRY4 (Prop_carry4_CI_CO[3])
                                                      0.100     8.255 r  i_ariane/i_cva6/ex_stage_i/alu_i/adder_result_ext_o_carry__11/CO[3]
                         net (fo=1, unplaced)         0.000     8.255    i_ariane/i_cva6/ex_stage_i/alu_i/adder_result_ext_o_carry__11_n_0
                         CARRY4 (Prop_carry4_CI_CO[3])
                                                      0.100     8.355 r  i_ariane/i_cva6/ex_stage_i/alu_i/adder_result_ext_o_carry__12/CO[3]
                         net (fo=1, unplaced)         0.000     8.355    i_ariane/i_cva6/ex_stage_i/alu_i/adder_result_ext_o_carry__12_n_0
                         CARRY4 (Prop_carry4_CI_CO[3])
                                                      0.100     8.455 r  i_ariane/i_cva6/ex_stage_i/alu_i/adder_result_ext_o_carry__13/CO[3]
                         net (fo=1, unplaced)         0.000     8.455    i_ariane/i_cva6/ex_stage_i/alu_i/adder_result_ext_o_carry__13_n_0
                         CARRY4 (Prop_carry4_CI_O[3])
                                                      0.277     8.732 r  i_ariane/i_cva6/ex_stage_i/alu_i/adder_result_ext_o_carry__14/O[3]
                         net (fo=2, unplaced)         0.487     9.219    i_ariane/i_cva6/issue_stage_i/i_issue_read_operands/adder_result[63]
                         LUT4 (Prop_lut4_I1_O)        0.250     9.469 r  i_ariane/i_cva6/issue_stage_i/i_issue_read_operands/i___65_i_25/O
                         net (fo=1, unplaced)         0.347     9.816    i_ariane/i_cva6/ex_stage_i/alu_i/i___65_i_10_1
                         LUT5 (Prop_lut5_I4_O)        0.105     9.921 r  i_ariane/i_cva6/ex_stage_i/alu_i/i___65_i_21/O
                         net (fo=1, unplaced)         0.347    10.268    i_ariane/i_cva6/ex_stage_i/alu_i/i___65_i_21_n_0
                         LUT6 (Prop_lut6_I5_O)        0.105    10.373 r  i_ariane/i_cva6/ex_stage_i/alu_i/i___65_i_10/O
                         net (fo=2, unplaced)         0.358    10.731    i_ariane/i_cva6/ex_stage_i/alu_i/i___65_i_10_n_0
                         LUT6 (Prop_lut6_I3_O)        0.105    10.836 f  i_ariane/i_cva6/ex_stage_i/alu_i/i___65_i_4/O
                         net (fo=1, unplaced)         0.347    11.183    i_ariane/i_cva6/issue_stage_i/i_issue_read_operands/issue_q[0][valid]_i_4_0
                         LUT6 (Prop_lut6_I3_O)        0.105    11.288 r  i_ariane/i_cva6/issue_stage_i/i_issue_read_operands/i___65_i_1__0/O
                         net (fo=70, unplaced)        0.438    11.726    i_ariane/i_cva6/issue_stage_i/i_issue_read_operands/fu_data_q_reg[0][operation][0]_32
                         LUT6 (Prop_lut6_I1_O)        0.105    11.831 f  i_ariane/i_cva6/issue_stage_i/i_issue_read_operands/npc_q[63]_bret__277_i_2/O
                         net (fo=9, unplaced)         0.388    12.219    i_ariane/i_cva6/controller_i/resolved_branch[is_mispredict]
                         LUT6 (Prop_lut6_I3_O)        0.105    12.324 f  i_ariane/i_cva6/controller_i/i___63_i_1/O
                         net (fo=40, unplaced)        0.424    12.748    i_ariane/i_cva6/id_stage_i/flush_ctrl_if
                         LUT6 (Prop_lut6_I1_O)        0.105    12.853 f  i_ariane/i_cva6/id_stage_i/top_id_q[1]_i_2/O
                         net (fo=7, unplaced)         0.382    13.235    i_ariane/i_cva6/issue_stage_i/i_scoreboard/FSM_onehot_wstate_q_reg[0]_1
                         LUT6 (Prop_lut6_I0_O)        0.105    13.340 f  i_ariane/i_cva6/issue_stage_i/i_scoreboard/i__i_6__0/O
                         net (fo=3, unplaced)         0.365    13.705    i_ariane/i_cva6/issue_stage_i/i_scoreboard/FSM_onehot_wstate_q_reg[0]_0
                         LUT6 (Prop_lut6_I4_O)        0.105    13.810 f  i_ariane/i_cva6/issue_stage_i/i_scoreboard/i__i_1__0/O
                         net (fo=58, unplaced)        0.433    14.243    i_ariane/i_cva6/issue_stage_i/i_scoreboard/issue_q_reg[0][sbe][valid]
                         LUT3 (Prop_lut3_I0_O)        0.105    14.348 r  i_ariane/i_cva6/issue_stage_i/i_scoreboard/mem_q[3][sbe][pc][63]_i_1/O
                         net (fo=79, unplaced)        0.441    14.789    i_ariane/i_cva6/issue_stage_i/i_scoreboard/mem_q[3][sbe][pc][63]_i_1_n_0
                         LUT6 (Prop_lut6_I2_O)        0.105    14.894 r  i_ariane/i_cva6/issue_stage_i/i_scoreboard/mem_q[0][sbe][rd][4]_i_13/O
                         net (fo=1, unplaced)         0.938    15.832    i_ariane/i_cva6/issue_stage_i/i_scoreboard/mem_q[0][sbe][rd][4]_i_13_n_0
                         LUT6 (Prop_lut6_I1_O)        0.105    15.937 r  i_ariane/i_cva6/issue_stage_i/i_scoreboard/mem_q[0][sbe][rd][4]_i_6/O
                         net (fo=10, unplaced)        0.390    16.327    i_ariane/i_cva6/ex_stage_i/lsu_i/i_pipe_reg_load/mem_q_reg[0][sbe][rd][2]_4
                         LUT4 (Prop_lut4_I2_O)        0.105    16.432 r  i_ariane/i_cva6/ex_stage_i/lsu_i/i_pipe_reg_load/mem_q[0][sbe][rd][4]_i_3/O
                         net (fo=5, unplaced)         0.610    17.042    i_ariane/i_cva6/ex_stage_i/lsu_i/i_pipe_reg_load/gen_register.d_o_reg[269]_4
                         LUT6 (Prop_lut6_I0_O)        0.105    17.147 r  i_ariane/i_cva6/ex_stage_i/lsu_i/i_pipe_reg_load/mem_q[0][sbe][rd][2]_i_1/O
                         net (fo=1, unplaced)         0.000    17.147    i_ariane/i_cva6/issue_stage_i/i_scoreboard/mem_q_reg[0][sbe][rd][4]_2[2]
                         FDCE                                         r  i_ariane/i_cva6/issue_stage_i/i_scoreboard/mem_q_reg[0][sbe][rd][2]/D
  -------------------------------------------------------------------    -------------------

                         (clock sys_clk rise edge)    5.000     5.000 r  
                                                      0.000     5.000 r  clk_pad_i (IN)
                         net (fo=0)                   0.000     5.000    clk_pad_i
                         IBUF (Prop_ibuf_I_O)         1.352     6.352 r  clk_pad_i_IBUF_inst/O
                         net (fo=1, unplaced)         0.613     6.965    clk_pad_i_IBUF
                         BUFG (Prop_bufg_I_O)         0.077     7.042 r  i_clk_bufg/O
                         net (fo=7369, unplaced)      0.439     7.481    i_ariane/i_cva6/issue_stage_i/i_scoreboard/clk_core
                         FDCE                                         r  i_ariane/i_cva6/issue_stage_i/i_scoreboard/mem_q_reg[0][sbe][rd][2]/C
                         clock pessimism              0.106     7.587    
                         clock uncertainty           -0.135     7.452    
                         FDCE (Setup_fdce_C_D)        0.043     7.495    i_ariane/i_cva6/issue_stage_i/i_scoreboard/mem_q_reg[0][sbe][rd][2]
  -------------------------------------------------------------------
                         required time                          7.495    
                         arrival time                         -17.147    
  -------------------------------------------------------------------
                         slack                                 -9.652    

Slack (VIOLATED) :        -9.635ns  (required time - arrival time)
  Source:                 i_ariane/i_cva6/issue_stage_i/i_issue_read_operands/csr_valid_q_reg[0]/C
                            (rising edge-triggered cell FDCE clocked by sys_clk  {rise@0.000ns fall@2.500ns period=5.000ns})
  Destination:            i_ariane/i_cva6/issue_stage_i/i_scoreboard/mem_q_reg[2][sbe][rd][0]/D
                            (rising edge-triggered cell FDCE clocked by sys_clk  {rise@0.000ns fall@2.500ns period=5.000ns})
  Path Group:             sys_clk
  Path Type:              Setup (Max at Slow Process Corner)
  Requirement:            5.000ns  (sys_clk rise@5.000ns - sys_clk rise@0.000ns)
  Data Path Delay:        14.398ns  (logic 4.869ns (33.817%)  route 9.529ns (66.183%))
  Logic Levels:           35  (CARRY4=16 LUT3=1 LUT4=1 LUT5=2 LUT6=15)
  Clock Path Skew:        -0.145ns (DCD - SCD + CPR)
    Destination Clock Delay (DCD):    2.481ns = ( 7.481 - 5.000 ) 
    Source Clock Delay      (SCD):    2.732ns
    Clock Pessimism Removal (CPR):    0.106ns
  Clock Uncertainty:      0.135ns  ((TSJ^2 + TIJ^2)^1/2 + DJ) / 2 + PE + UU
    Total System Jitter     (TSJ):    0.071ns
    Total Input Jitter      (TIJ):    0.000ns
    Discrete Jitter          (DJ):    0.000ns
    Phase Error              (PE):    0.000ns
    User Uncertainty         (UU):    0.100ns

    Location             Delay type                Incr(ns)  Path(ns)    Netlist Resource(s)
  -------------------------------------------------------------------    -------------------
                         (clock sys_clk rise edge)    0.000     0.000 r  
                                                      0.000     0.000 r  clk_pad_i (IN)
                         net (fo=0)                   0.000     0.000    clk_pad_i
                         IBUF (Prop_ibuf_I_O)         1.418     1.418 r  clk_pad_i_IBUF_inst/O
                         net (fo=1, unplaced)         0.646     2.063    clk_pad_i_IBUF
                         BUFG (Prop_bufg_I_O)         0.085     2.148 r  i_clk_bufg/O
                         net (fo=7369, unplaced)      0.584     2.732    i_ariane/i_cva6/issue_stage_i/i_issue_read_operands/clk_core
                         FDCE                                         r  i_ariane/i_cva6/issue_stage_i/i_issue_read_operands/csr_valid_q_reg[0]/C
  -------------------------------------------------------------------    -------------------
                         FDCE (Prop_fdce_C_Q)         0.397     3.129 r  i_ariane/i_cva6/issue_stage_i/i_issue_read_operands/csr_valid_q_reg[0]/Q
                         net (fo=158, unplaced)       0.890     4.019    i_ariane/i_cva6/issue_stage_i/i_issue_read_operands/csr_valid_q_reg[0]_0
                         LUT6 (Prop_lut6_I0_O)        0.232     4.251 r  i_ariane/i_cva6/issue_stage_i/i_issue_read_operands/adder_result_ext_o_carry_i_13/O
                         net (fo=13, unplaced)        0.632     4.883    i_ariane/i_cva6/issue_stage_i/i_issue_read_operands/adder_result_ext_o_carry_i_13_n_0
                         LUT6 (Prop_lut6_I1_O)        0.105     4.988 f  i_ariane/i_cva6/issue_stage_i/i_issue_read_operands/adder_result_ext_o_carry_i_10/O
                         net (fo=3, unplaced)         0.346     5.334    i_ariane/i_cva6/issue_stage_i/i_issue_read_operands/adder_result_ext_o_carry_i_10_n_0
                         LUT6 (Prop_lut6_I0_O)        0.105     5.439 r  i_ariane/i_cva6/issue_stage_i/i_issue_read_operands/adder_result_ext_o_carry_i_16/O
                         net (fo=100, unplaced)       0.447     5.886    i_ariane/i_cva6/issue_stage_i/i_issue_read_operands/adder_result_ext_o_carry_i_16_n_0
                         LUT6 (Prop_lut6_I5_O)        0.105     5.991 r  i_ariane/i_cva6/issue_stage_i/i_issue_read_operands/adder_result_ext_o_carry_i_9/O
                         net (fo=1, unplaced)         0.528     6.519    i_ariane/i_cva6/ex_stage_i/alu_i/S[0]
                         CARRY4 (Prop_carry4_S[0]_CO[3])
                                                      0.528     7.047 r  i_ariane/i_cva6/ex_stage_i/alu_i/adder_result_ext_o_carry/CO[3]
                         net (fo=1, unplaced)         0.008     7.055    i_ariane/i_cva6/ex_stage_i/alu_i/adder_result_ext_o_carry_n_0
                         CARRY4 (Prop_carry4_CI_CO[3])
                                                      0.100     7.155 r  i_ariane/i_cva6/ex_stage_i/alu_i/adder_result_ext_o_carry__0/CO[3]
                         net (fo=1, unplaced)         0.000     7.155    i_ariane/i_cva6/ex_stage_i/alu_i/adder_result_ext_o_carry__0_n_0
                         CARRY4 (Prop_carry4_CI_CO[3])
                                                      0.100     7.255 r  i_ariane/i_cva6/ex_stage_i/alu_i/adder_result_ext_o_carry__1/CO[3]
                         net (fo=1, unplaced)         0.000     7.255    i_ariane/i_cva6/ex_stage_i/alu_i/adder_result_ext_o_carry__1_n_0
                         CARRY4 (Prop_carry4_CI_CO[3])
                                                      0.100     7.355 r  i_ariane/i_cva6/ex_stage_i/alu_i/adder_result_ext_o_carry__2/CO[3]
                         net (fo=1, unplaced)         0.000     7.355    i_ariane/i_cva6/ex_stage_i/alu_i/adder_result_ext_o_carry__2_n_0
                         CARRY4 (Prop_carry4_CI_CO[3])
                                                      0.100     7.455 r  i_ariane/i_cva6/ex_stage_i/alu_i/adder_result_ext_o_carry__3/CO[3]
                         net (fo=1, unplaced)         0.000     7.455    i_ariane/i_cva6/ex_stage_i/alu_i/adder_result_ext_o_carry__3_n_0
                         CARRY4 (Prop_carry4_CI_CO[3])
                                                      0.100     7.555 r  i_ariane/i_cva6/ex_stage_i/alu_i/adder_result_ext_o_carry__4/CO[3]
                         net (fo=1, unplaced)         0.000     7.555    i_ariane/i_cva6/ex_stage_i/alu_i/adder_result_ext_o_carry__4_n_0
                         CARRY4 (Prop_carry4_CI_CO[3])
                                                      0.100     7.655 r  i_ariane/i_cva6/ex_stage_i/alu_i/adder_result_ext_o_carry__5/CO[3]
                         net (fo=1, unplaced)         0.000     7.655    i_ariane/i_cva6/ex_stage_i/alu_i/adder_result_ext_o_carry__5_n_0
                         CARRY4 (Prop_carry4_CI_CO[3])
                                                      0.100     7.755 r  i_ariane/i_cva6/ex_stage_i/alu_i/adder_result_ext_o_carry__6/CO[3]
                         net (fo=1, unplaced)         0.000     7.755    i_ariane/i_cva6/ex_stage_i/alu_i/adder_result_ext_o_carry__6_n_0
                         CARRY4 (Prop_carry4_CI_CO[3])
                                                      0.100     7.855 r  i_ariane/i_cva6/ex_stage_i/alu_i/adder_result_ext_o_carry__7/CO[3]
                         net (fo=1, unplaced)         0.000     7.855    i_ariane/i_cva6/ex_stage_i/alu_i/adder_result_ext_o_carry__7_n_0
                         CARRY4 (Prop_carry4_CI_CO[3])
                                                      0.100     7.955 r  i_ariane/i_cva6/ex_stage_i/alu_i/adder_result_ext_o_carry__8/CO[3]
                         net (fo=1, unplaced)         0.000     7.955    i_ariane/i_cva6/ex_stage_i/alu_i/adder_result_ext_o_carry__8_n_0
                         CARRY4 (Prop_carry4_CI_CO[3])
                                                      0.100     8.055 r  i_ariane/i_cva6/ex_stage_i/alu_i/adder_result_ext_o_carry__9/CO[3]
                         net (fo=1, unplaced)         0.000     8.055    i_ariane/i_cva6/ex_stage_i/alu_i/adder_result_ext_o_carry__9_n_0
                         CARRY4 (Prop_carry4_CI_CO[3])
                                                      0.100     8.155 r  i_ariane/i_cva6/ex_stage_i/alu_i/adder_result_ext_o_carry__10/CO[3]
                         net (fo=1, unplaced)         0.000     8.155    i_ariane/i_cva6/ex_stage_i/alu_i/adder_result_ext_o_carry__10_n_0
                         CARRY4 (Prop_carry4_CI_CO[3])
                                                      0.100     8.255 r  i_ariane/i_cva6/ex_stage_i/alu_i/adder_result_ext_o_carry__11/CO[3]
                         net (fo=1, unplaced)         0.000     8.255    i_ariane/i_cva6/ex_stage_i/alu_i/adder_result_ext_o_carry__11_n_0
                         CARRY4 (Prop_carry4_CI_CO[3])
                                                      0.100     8.355 r  i_ariane/i_cva6/ex_stage_i/alu_i/adder_result_ext_o_carry__12/CO[3]
                         net (fo=1, unplaced)         0.000     8.355    i_ariane/i_cva6/ex_stage_i/alu_i/adder_result_ext_o_carry__12_n_0
                         CARRY4 (Prop_carry4_CI_CO[3])
                                                      0.100     8.455 r  i_ariane/i_cva6/ex_stage_i/alu_i/adder_result_ext_o_carry__13/CO[3]
                         net (fo=1, unplaced)         0.000     8.455    i_ariane/i_cva6/ex_stage_i/alu_i/adder_result_ext_o_carry__13_n_0
                         CARRY4 (Prop_carry4_CI_O[3])
                                                      0.277     8.732 r  i_ariane/i_cva6/ex_stage_i/alu_i/adder_result_ext_o_carry__14/O[3]
                         net (fo=2, unplaced)         0.487     9.219    i_ariane/i_cva6/issue_stage_i/i_issue_read_operands/adder_result[63]
                         LUT4 (Prop_lut4_I1_O)        0.250     9.469 r  i_ariane/i_cva6/issue_stage_i/i_issue_read_operands/i___65_i_25/O
                         net (fo=1, unplaced)         0.347     9.816    i_ariane/i_cva6/ex_stage_i/alu_i/i___65_i_10_1
                         LUT5 (Prop_lut5_I4_O)        0.105     9.921 r  i_ariane/i_cva6/ex_stage_i/alu_i/i___65_i_21/O
                         net (fo=1, unplaced)         0.347    10.268    i_ariane/i_cva6/ex_stage_i/alu_i/i___65_i_21_n_0
                         LUT6 (Prop_lut6_I5_O)        0.105    10.373 r  i_ariane/i_cva6/ex_stage_i/alu_i/i___65_i_10/O
                         net (fo=2, unplaced)         0.358    10.731    i_ariane/i_cva6/ex_stage_i/alu_i/i___65_i_10_n_0
                         LUT6 (Prop_lut6_I3_O)        0.105    10.836 f  i_ariane/i_cva6/ex_stage_i/alu_i/i___65_i_4/O
                         net (fo=1, unplaced)         0.347    11.183    i_ariane/i_cva6/issue_stage_i/i_issue_read_operands/issue_q[0][valid]_i_4_0
                         LUT6 (Prop_lut6_I3_O)        0.105    11.288 r  i_ariane/i_cva6/issue_stage_i/i_issue_read_operands/i___65_i_1__0/O
                         net (fo=70, unplaced)        0.438    11.726    i_ariane/i_cva6/issue_stage_i/i_issue_read_operands/fu_data_q_reg[0][operation][0]_32
                         LUT6 (Prop_lut6_I1_O)        0.105    11.831 f  i_ariane/i_cva6/issue_stage_i/i_issue_read_operands/npc_q[63]_bret__277_i_2/O
                         net (fo=9, unplaced)         0.388    12.219    i_ariane/i_cva6/controller_i/resolved_branch[is_mispredict]
                         LUT6 (Prop_lut6_I3_O)        0.105    12.324 f  i_ariane/i_cva6/controller_i/i___63_i_1/O
                         net (fo=40, unplaced)        0.424    12.748    i_ariane/i_cva6/id_stage_i/flush_ctrl_if
                         LUT6 (Prop_lut6_I1_O)        0.105    12.853 f  i_ariane/i_cva6/id_stage_i/top_id_q[1]_i_2/O
                         net (fo=7, unplaced)         0.382    13.235    i_ariane/i_cva6/issue_stage_i/i_scoreboard/FSM_onehot_wstate_q_reg[0]_1
                         LUT6 (Prop_lut6_I0_O)        0.105    13.340 f  i_ariane/i_cva6/issue_stage_i/i_scoreboard/i__i_6__0/O
                         net (fo=3, unplaced)         0.365    13.705    i_ariane/i_cva6/issue_stage_i/i_scoreboard/FSM_onehot_wstate_q_reg[0]_0
                         LUT6 (Prop_lut6_I4_O)        0.105    13.810 f  i_ariane/i_cva6/issue_stage_i/i_scoreboard/i__i_1__0/O
                         net (fo=58, unplaced)        0.433    14.243    i_ariane/i_cva6/issue_stage_i/i_scoreboard/issue_q_reg[0][sbe][valid]
                         LUT3 (Prop_lut3_I0_O)        0.105    14.348 r  i_ariane/i_cva6/issue_stage_i/i_scoreboard/mem_q[3][sbe][pc][63]_i_1/O
                         net (fo=79, unplaced)        0.441    14.789    i_ariane/i_cva6/issue_stage_i/i_scoreboard/mem_q[3][sbe][pc][63]_i_1_n_0
                         LUT6 (Prop_lut6_I2_O)        0.105    14.894 f  i_ariane/i_cva6/issue_stage_i/i_scoreboard/mem_q[0][sbe][rd][4]_i_8/O
                         net (fo=1, unplaced)         0.938    15.832    i_ariane/i_cva6/issue_stage_i/i_scoreboard/mem_q[0][sbe][rd][4]_i_8_n_0
                         LUT6 (Prop_lut6_I1_O)        0.105    15.937 f  i_ariane/i_cva6/issue_stage_i/i_scoreboard/mem_q[0][sbe][rd][4]_i_5/O
                         net (fo=10, unplaced)        0.625    16.562    i_ariane/i_cva6/issue_stage_i/i_scoreboard/issue_q_reg[0][sbe][fu][1]_0
                         LUT5 (Prop_lut5_I1_O)        0.105    16.667 r  i_ariane/i_cva6/issue_stage_i/i_scoreboard/mem_q[2][sbe][rd][1]_i_2/O
                         net (fo=2, unplaced)         0.358    17.025    i_ariane/i_cva6/issue_stage_i/i_scoreboard/mem_q[2][sbe][rd][1]_i_2_n_0
                         LUT6 (Prop_lut6_I0_O)        0.105    17.130 r  i_ariane/i_cva6/issue_stage_i/i_scoreboard/mem_q[2][sbe][rd][0]_i_1/O
                         net (fo=1, unplaced)         0.000    17.130    i_ariane/i_cva6/issue_stage_i/i_scoreboard/mem_q[2][sbe][rd][0]_i_1_n_0
                         FDCE                                         r  i_ariane/i_cva6/issue_stage_i/i_scoreboard/mem_q_reg[2][sbe][rd][0]/D
  -------------------------------------------------------------------    -------------------

                         (clock sys_clk rise edge)    5.000     5.000 r  
                                                      0.000     5.000 r  clk_pad_i (IN)
                         net (fo=0)                   0.000     5.000    clk_pad_i
                         IBUF (Prop_ibuf_I_O)         1.352     6.352 r  clk_pad_i_IBUF_inst/O
                         net (fo=1, unplaced)         0.613     6.965    clk_pad_i_IBUF
                         BUFG (Prop_bufg_I_O)         0.077     7.042 r  i_clk_bufg/O
                         net (fo=7369, unplaced)      0.439     7.481    i_ariane/i_cva6/issue_stage_i/i_scoreboard/clk_core
                         FDCE                                         r  i_ariane/i_cva6/issue_stage_i/i_scoreboard/mem_q_reg[2][sbe][rd][0]/C
                         clock pessimism              0.106     7.587    
                         clock uncertainty           -0.135     7.452    
                         FDCE (Setup_fdce_C_D)        0.043     7.495    i_ariane/i_cva6/issue_stage_i/i_scoreboard/mem_q_reg[2][sbe][rd][0]
  -------------------------------------------------------------------
                         required time                          7.495    
                         arrival time                         -17.130    
  -------------------------------------------------------------------
                         slack                                 -9.635    

Slack (VIOLATED) :        -9.635ns  (required time - arrival time)
  Source:                 i_ariane/i_cva6/issue_stage_i/i_issue_read_operands/csr_valid_q_reg[0]/C
                            (rising edge-triggered cell FDCE clocked by sys_clk  {rise@0.000ns fall@2.500ns period=5.000ns})
  Destination:            i_ariane/i_cva6/issue_stage_i/i_scoreboard/mem_q_reg[2][sbe][rd][1]/D
                            (rising edge-triggered cell FDCE clocked by sys_clk  {rise@0.000ns fall@2.500ns period=5.000ns})
  Path Group:             sys_clk
  Path Type:              Setup (Max at Slow Process Corner)
  Requirement:            5.000ns  (sys_clk rise@5.000ns - sys_clk rise@0.000ns)
  Data Path Delay:        14.398ns  (logic 4.869ns (33.817%)  route 9.529ns (66.183%))
  Logic Levels:           35  (CARRY4=16 LUT3=1 LUT4=1 LUT5=2 LUT6=15)
  Clock Path Skew:        -0.145ns (DCD - SCD + CPR)
    Destination Clock Delay (DCD):    2.481ns = ( 7.481 - 5.000 ) 
    Source Clock Delay      (SCD):    2.732ns
    Clock Pessimism Removal (CPR):    0.106ns
  Clock Uncertainty:      0.135ns  ((TSJ^2 + TIJ^2)^1/2 + DJ) / 2 + PE + UU
    Total System Jitter     (TSJ):    0.071ns
    Total Input Jitter      (TIJ):    0.000ns
    Discrete Jitter          (DJ):    0.000ns
    Phase Error              (PE):    0.000ns
    User Uncertainty         (UU):    0.100ns

    Location             Delay type                Incr(ns)  Path(ns)    Netlist Resource(s)
  -------------------------------------------------------------------    -------------------
                         (clock sys_clk rise edge)    0.000     0.000 r  
                                                      0.000     0.000 r  clk_pad_i (IN)
                         net (fo=0)                   0.000     0.000    clk_pad_i
                         IBUF (Prop_ibuf_I_O)         1.418     1.418 r  clk_pad_i_IBUF_inst/O
                         net (fo=1, unplaced)         0.646     2.063    clk_pad_i_IBUF
                         BUFG (Prop_bufg_I_O)         0.085     2.148 r  i_clk_bufg/O
                         net (fo=7369, unplaced)      0.584     2.732    i_ariane/i_cva6/issue_stage_i/i_issue_read_operands/clk_core
                         FDCE                                         r  i_ariane/i_cva6/issue_stage_i/i_issue_read_operands/csr_valid_q_reg[0]/C
  -------------------------------------------------------------------    -------------------
                         FDCE (Prop_fdce_C_Q)         0.397     3.129 r  i_ariane/i_cva6/issue_stage_i/i_issue_read_operands/csr_valid_q_reg[0]/Q
                         net (fo=158, unplaced)       0.890     4.019    i_ariane/i_cva6/issue_stage_i/i_issue_read_operands/csr_valid_q_reg[0]_0
                         LUT6 (Prop_lut6_I0_O)        0.232     4.251 r  i_ariane/i_cva6/issue_stage_i/i_issue_read_operands/adder_result_ext_o_carry_i_13/O
                         net (fo=13, unplaced)        0.632     4.883    i_ariane/i_cva6/issue_stage_i/i_issue_read_operands/adder_result_ext_o_carry_i_13_n_0
                         LUT6 (Prop_lut6_I1_O)        0.105     4.988 f  i_ariane/i_cva6/issue_stage_i/i_issue_read_operands/adder_result_ext_o_carry_i_10/O
                         net (fo=3, unplaced)         0.346     5.334    i_ariane/i_cva6/issue_stage_i/i_issue_read_operands/adder_result_ext_o_carry_i_10_n_0
                         LUT6 (Prop_lut6_I0_O)        0.105     5.439 r  i_ariane/i_cva6/issue_stage_i/i_issue_read_operands/adder_result_ext_o_carry_i_16/O
                         net (fo=100, unplaced)       0.447     5.886    i_ariane/i_cva6/issue_stage_i/i_issue_read_operands/adder_result_ext_o_carry_i_16_n_0
                         LUT6 (Prop_lut6_I5_O)        0.105     5.991 r  i_ariane/i_cva6/issue_stage_i/i_issue_read_operands/adder_result_ext_o_carry_i_9/O
                         net (fo=1, unplaced)         0.528     6.519    i_ariane/i_cva6/ex_stage_i/alu_i/S[0]
                         CARRY4 (Prop_carry4_S[0]_CO[3])
                                                      0.528     7.047 r  i_ariane/i_cva6/ex_stage_i/alu_i/adder_result_ext_o_carry/CO[3]
                         net (fo=1, unplaced)         0.008     7.055    i_ariane/i_cva6/ex_stage_i/alu_i/adder_result_ext_o_carry_n_0
                         CARRY4 (Prop_carry4_CI_CO[3])
                                                      0.100     7.155 r  i_ariane/i_cva6/ex_stage_i/alu_i/adder_result_ext_o_carry__0/CO[3]
                         net (fo=1, unplaced)         0.000     7.155    i_ariane/i_cva6/ex_stage_i/alu_i/adder_result_ext_o_carry__0_n_0
                         CARRY4 (Prop_carry4_CI_CO[3])
                                                      0.100     7.255 r  i_ariane/i_cva6/ex_stage_i/alu_i/adder_result_ext_o_carry__1/CO[3]
                         net (fo=1, unplaced)         0.000     7.255    i_ariane/i_cva6/ex_stage_i/alu_i/adder_result_ext_o_carry__1_n_0
                         CARRY4 (Prop_carry4_CI_CO[3])
                                                      0.100     7.355 r  i_ariane/i_cva6/ex_stage_i/alu_i/adder_result_ext_o_carry__2/CO[3]
                         net (fo=1, unplaced)         0.000     7.355    i_ariane/i_cva6/ex_stage_i/alu_i/adder_result_ext_o_carry__2_n_0
                         CARRY4 (Prop_carry4_CI_CO[3])
                                                      0.100     7.455 r  i_ariane/i_cva6/ex_stage_i/alu_i/adder_result_ext_o_carry__3/CO[3]
                         net (fo=1, unplaced)         0.000     7.455    i_ariane/i_cva6/ex_stage_i/alu_i/adder_result_ext_o_carry__3_n_0
                         CARRY4 (Prop_carry4_CI_CO[3])
                                                      0.100     7.555 r  i_ariane/i_cva6/ex_stage_i/alu_i/adder_result_ext_o_carry__4/CO[3]
                         net (fo=1, unplaced)         0.000     7.555    i_ariane/i_cva6/ex_stage_i/alu_i/adder_result_ext_o_carry__4_n_0
                         CARRY4 (Prop_carry4_CI_CO[3])
                                                      0.100     7.655 r  i_ariane/i_cva6/ex_stage_i/alu_i/adder_result_ext_o_carry__5/CO[3]
                         net (fo=1, unplaced)         0.000     7.655    i_ariane/i_cva6/ex_stage_i/alu_i/adder_result_ext_o_carry__5_n_0
                         CARRY4 (Prop_carry4_CI_CO[3])
                                                      0.100     7.755 r  i_ariane/i_cva6/ex_stage_i/alu_i/adder_result_ext_o_carry__6/CO[3]
                         net (fo=1, unplaced)         0.000     7.755    i_ariane/i_cva6/ex_stage_i/alu_i/adder_result_ext_o_carry__6_n_0
                         CARRY4 (Prop_carry4_CI_CO[3])
                                                      0.100     7.855 r  i_ariane/i_cva6/ex_stage_i/alu_i/adder_result_ext_o_carry__7/CO[3]
                         net (fo=1, unplaced)         0.000     7.855    i_ariane/i_cva6/ex_stage_i/alu_i/adder_result_ext_o_carry__7_n_0
                         CARRY4 (Prop_carry4_CI_CO[3])
                                                      0.100     7.955 r  i_ariane/i_cva6/ex_stage_i/alu_i/adder_result_ext_o_carry__8/CO[3]
                         net (fo=1, unplaced)         0.000     7.955    i_ariane/i_cva6/ex_stage_i/alu_i/adder_result_ext_o_carry__8_n_0
                         CARRY4 (Prop_carry4_CI_CO[3])
                                                      0.100     8.055 r  i_ariane/i_cva6/ex_stage_i/alu_i/adder_result_ext_o_carry__9/CO[3]
                         net (fo=1, unplaced)         0.000     8.055    i_ariane/i_cva6/ex_stage_i/alu_i/adder_result_ext_o_carry__9_n_0
                         CARRY4 (Prop_carry4_CI_CO[3])
                                                      0.100     8.155 r  i_ariane/i_cva6/ex_stage_i/alu_i/adder_result_ext_o_carry__10/CO[3]
                         net (fo=1, unplaced)         0.000     8.155    i_ariane/i_cva6/ex_stage_i/alu_i/adder_result_ext_o_carry__10_n_0
                         CARRY4 (Prop_carry4_CI_CO[3])
                                                      0.100     8.255 r  i_ariane/i_cva6/ex_stage_i/alu_i/adder_result_ext_o_carry__11/CO[3]
                         net (fo=1, unplaced)         0.000     8.255    i_ariane/i_cva6/ex_stage_i/alu_i/adder_result_ext_o_carry__11_n_0
                         CARRY4 (Prop_carry4_CI_CO[3])
                                                      0.100     8.355 r  i_ariane/i_cva6/ex_stage_i/alu_i/adder_result_ext_o_carry__12/CO[3]
                         net (fo=1, unplaced)         0.000     8.355    i_ariane/i_cva6/ex_stage_i/alu_i/adder_result_ext_o_carry__12_n_0
                         CARRY4 (Prop_carry4_CI_CO[3])
                                                      0.100     8.455 r  i_ariane/i_cva6/ex_stage_i/alu_i/adder_result_ext_o_carry__13/CO[3]
                         net (fo=1, unplaced)         0.000     8.455    i_ariane/i_cva6/ex_stage_i/alu_i/adder_result_ext_o_carry__13_n_0
                         CARRY4 (Prop_carry4_CI_O[3])
                                                      0.277     8.732 r  i_ariane/i_cva6/ex_stage_i/alu_i/adder_result_ext_o_carry__14/O[3]
                         net (fo=2, unplaced)         0.487     9.219    i_ariane/i_cva6/issue_stage_i/i_issue_read_operands/adder_result[63]
                         LUT4 (Prop_lut4_I1_O)        0.250     9.469 r  i_ariane/i_cva6/issue_stage_i/i_issue_read_operands/i___65_i_25/O
                         net (fo=1, unplaced)         0.347     9.816    i_ariane/i_cva6/ex_stage_i/alu_i/i___65_i_10_1
                         LUT5 (Prop_lut5_I4_O)        0.105     9.921 r  i_ariane/i_cva6/ex_stage_i/alu_i/i___65_i_21/O
                         net (fo=1, unplaced)         0.347    10.268    i_ariane/i_cva6/ex_stage_i/alu_i/i___65_i_21_n_0
                         LUT6 (Prop_lut6_I5_O)        0.105    10.373 r  i_ariane/i_cva6/ex_stage_i/alu_i/i___65_i_10/O
                         net (fo=2, unplaced)         0.358    10.731    i_ariane/i_cva6/ex_stage_i/alu_i/i___65_i_10_n_0
                         LUT6 (Prop_lut6_I3_O)        0.105    10.836 f  i_ariane/i_cva6/ex_stage_i/alu_i/i___65_i_4/O
                         net (fo=1, unplaced)         0.347    11.183    i_ariane/i_cva6/issue_stage_i/i_issue_read_operands/issue_q[0][valid]_i_4_0
                         LUT6 (Prop_lut6_I3_O)        0.105    11.288 r  i_ariane/i_cva6/issue_stage_i/i_issue_read_operands/i___65_i_1__0/O
                         net (fo=70, unplaced)        0.438    11.726    i_ariane/i_cva6/issue_stage_i/i_issue_read_operands/fu_data_q_reg[0][operation][0]_32
                         LUT6 (Prop_lut6_I1_O)        0.105    11.831 f  i_ariane/i_cva6/issue_stage_i/i_issue_read_operands/npc_q[63]_bret__277_i_2/O
                         net (fo=9, unplaced)         0.388    12.219    i_ariane/i_cva6/controller_i/resolved_branch[is_mispredict]
                         LUT6 (Prop_lut6_I3_O)        0.105    12.324 f  i_ariane/i_cva6/controller_i/i___63_i_1/O
                         net (fo=40, unplaced)        0.424    12.748    i_ariane/i_cva6/id_stage_i/flush_ctrl_if
                         LUT6 (Prop_lut6_I1_O)        0.105    12.853 f  i_ariane/i_cva6/id_stage_i/top_id_q[1]_i_2/O
                         net (fo=7, unplaced)         0.382    13.235    i_ariane/i_cva6/issue_stage_i/i_scoreboard/FSM_onehot_wstate_q_reg[0]_1
                         LUT6 (Prop_lut6_I0_O)        0.105    13.340 f  i_ariane/i_cva6/issue_stage_i/i_scoreboard/i__i_6__0/O
                         net (fo=3, unplaced)         0.365    13.705    i_ariane/i_cva6/issue_stage_i/i_scoreboard/FSM_onehot_wstate_q_reg[0]_0
                         LUT6 (Prop_lut6_I4_O)        0.105    13.810 f  i_ariane/i_cva6/issue_stage_i/i_scoreboard/i__i_1__0/O
                         net (fo=58, unplaced)        0.433    14.243    i_ariane/i_cva6/issue_stage_i/i_scoreboard/issue_q_reg[0][sbe][valid]
                         LUT3 (Prop_lut3_I0_O)        0.105    14.348 r  i_ariane/i_cva6/issue_stage_i/i_scoreboard/mem_q[3][sbe][pc][63]_i_1/O
                         net (fo=79, unplaced)        0.441    14.789    i_ariane/i_cva6/issue_stage_i/i_scoreboard/mem_q[3][sbe][pc][63]_i_1_n_0
                         LUT6 (Prop_lut6_I2_O)        0.105    14.894 f  i_ariane/i_cva6/issue_stage_i/i_scoreboard/mem_q[0][sbe][rd][4]_i_8/O
                         net (fo=1, unplaced)         0.938    15.832    i_ariane/i_cva6/issue_stage_i/i_scoreboard/mem_q[0][sbe][rd][4]_i_8_n_0
                         LUT6 (Prop_lut6_I1_O)        0.105    15.937 f  i_ariane/i_cva6/issue_stage_i/i_scoreboard/mem_q[0][sbe][rd][4]_i_5/O
                         net (fo=10, unplaced)        0.625    16.562    i_ariane/i_cva6/issue_stage_i/i_scoreboard/issue_q_reg[0][sbe][fu][1]_0
                         LUT5 (Prop_lut5_I1_O)        0.105    16.667 r  i_ariane/i_cva6/issue_stage_i/i_scoreboard/mem_q[2][sbe][rd][1]_i_2/O
                         net (fo=2, unplaced)         0.358    17.025    i_ariane/i_cva6/issue_stage_i/i_scoreboard/mem_q[2][sbe][rd][1]_i_2_n_0
                         LUT6 (Prop_lut6_I2_O)        0.105    17.130 r  i_ariane/i_cva6/issue_stage_i/i_scoreboard/mem_q[2][sbe][rd][1]_i_1/O
                         net (fo=1, unplaced)         0.000    17.130    i_ariane/i_cva6/issue_stage_i/i_scoreboard/mem_q[2][sbe][rd][1]_i_1_n_0
                         FDCE                                         r  i_ariane/i_cva6/issue_stage_i/i_scoreboard/mem_q_reg[2][sbe][rd][1]/D
  -------------------------------------------------------------------    -------------------

                         (clock sys_clk rise edge)    5.000     5.000 r  
                                                      0.000     5.000 r  clk_pad_i (IN)
                         net (fo=0)                   0.000     5.000    clk_pad_i
                         IBUF (Prop_ibuf_I_O)         1.352     6.352 r  clk_pad_i_IBUF_inst/O
                         net (fo=1, unplaced)         0.613     6.965    clk_pad_i_IBUF
                         BUFG (Prop_bufg_I_O)         0.077     7.042 r  i_clk_bufg/O
                         net (fo=7369, unplaced)      0.439     7.481    i_ariane/i_cva6/issue_stage_i/i_scoreboard/clk_core
                         FDCE                                         r  i_ariane/i_cva6/issue_stage_i/i_scoreboard/mem_q_reg[2][sbe][rd][1]/C
                         clock pessimism              0.106     7.587    
                         clock uncertainty           -0.135     7.452    
                         FDCE (Setup_fdce_C_D)        0.043     7.495    i_ariane/i_cva6/issue_stage_i/i_scoreboard/mem_q_reg[2][sbe][rd][1]
  -------------------------------------------------------------------
                         required time                          7.495    
                         arrival time                         -17.130    
  -------------------------------------------------------------------
                         slack                                 -9.635    

Slack (VIOLATED) :        -9.635ns  (required time - arrival time)
  Source:                 i_ariane/i_cva6/issue_stage_i/i_issue_read_operands/csr_valid_q_reg[0]/C
                            (rising edge-triggered cell FDCE clocked by sys_clk  {rise@0.000ns fall@2.500ns period=5.000ns})
  Destination:            i_ariane/i_cva6/issue_stage_i/i_scoreboard/mem_q_reg[3][sbe][rd][1]/D
                            (rising edge-triggered cell FDCE clocked by sys_clk  {rise@0.000ns fall@2.500ns period=5.000ns})
  Path Group:             sys_clk
  Path Type:              Setup (Max at Slow Process Corner)
  Requirement:            5.000ns  (sys_clk rise@5.000ns - sys_clk rise@0.000ns)
  Data Path Delay:        14.398ns  (logic 4.869ns (33.817%)  route 9.529ns (66.183%))
  Logic Levels:           35  (CARRY4=16 LUT3=1 LUT4=1 LUT5=1 LUT6=16)
  Clock Path Skew:        -0.145ns (DCD - SCD + CPR)
    Destination Clock Delay (DCD):    2.481ns = ( 7.481 - 5.000 ) 
    Source Clock Delay      (SCD):    2.732ns
    Clock Pessimism Removal (CPR):    0.106ns
  Clock Uncertainty:      0.135ns  ((TSJ^2 + TIJ^2)^1/2 + DJ) / 2 + PE + UU
    Total System Jitter     (TSJ):    0.071ns
    Total Input Jitter      (TIJ):    0.000ns
    Discrete Jitter          (DJ):    0.000ns
    Phase Error              (PE):    0.000ns
    User Uncertainty         (UU):    0.100ns

    Location             Delay type                Incr(ns)  Path(ns)    Netlist Resource(s)
  -------------------------------------------------------------------    -------------------
                         (clock sys_clk rise edge)    0.000     0.000 r  
                                                      0.000     0.000 r  clk_pad_i (IN)
                         net (fo=0)                   0.000     0.000    clk_pad_i
                         IBUF (Prop_ibuf_I_O)         1.418     1.418 r  clk_pad_i_IBUF_inst/O
                         net (fo=1, unplaced)         0.646     2.063    clk_pad_i_IBUF
                         BUFG (Prop_bufg_I_O)         0.085     2.148 r  i_clk_bufg/O
                         net (fo=7369, unplaced)      0.584     2.732    i_ariane/i_cva6/issue_stage_i/i_issue_read_operands/clk_core
                         FDCE                                         r  i_ariane/i_cva6/issue_stage_i/i_issue_read_operands/csr_valid_q_reg[0]/C
  -------------------------------------------------------------------    -------------------
                         FDCE (Prop_fdce_C_Q)         0.397     3.129 r  i_ariane/i_cva6/issue_stage_i/i_issue_read_operands/csr_valid_q_reg[0]/Q
                         net (fo=158, unplaced)       0.890     4.019    i_ariane/i_cva6/issue_stage_i/i_issue_read_operands/csr_valid_q_reg[0]_0
                         LUT6 (Prop_lut6_I0_O)        0.232     4.251 r  i_ariane/i_cva6/issue_stage_i/i_issue_read_operands/adder_result_ext_o_carry_i_13/O
                         net (fo=13, unplaced)        0.632     4.883    i_ariane/i_cva6/issue_stage_i/i_issue_read_operands/adder_result_ext_o_carry_i_13_n_0
                         LUT6 (Prop_lut6_I1_O)        0.105     4.988 f  i_ariane/i_cva6/issue_stage_i/i_issue_read_operands/adder_result_ext_o_carry_i_10/O
                         net (fo=3, unplaced)         0.346     5.334    i_ariane/i_cva6/issue_stage_i/i_issue_read_operands/adder_result_ext_o_carry_i_10_n_0
                         LUT6 (Prop_lut6_I0_O)        0.105     5.439 r  i_ariane/i_cva6/issue_stage_i/i_issue_read_operands/adder_result_ext_o_carry_i_16/O
                         net (fo=100, unplaced)       0.447     5.886    i_ariane/i_cva6/issue_stage_i/i_issue_read_operands/adder_result_ext_o_carry_i_16_n_0
                         LUT6 (Prop_lut6_I5_O)        0.105     5.991 r  i_ariane/i_cva6/issue_stage_i/i_issue_read_operands/adder_result_ext_o_carry_i_9/O
                         net (fo=1, unplaced)         0.528     6.519    i_ariane/i_cva6/ex_stage_i/alu_i/S[0]
                         CARRY4 (Prop_carry4_S[0]_CO[3])
                                                      0.528     7.047 r  i_ariane/i_cva6/ex_stage_i/alu_i/adder_result_ext_o_carry/CO[3]
                         net (fo=1, unplaced)         0.008     7.055    i_ariane/i_cva6/ex_stage_i/alu_i/adder_result_ext_o_carry_n_0
                         CARRY4 (Prop_carry4_CI_CO[3])
                                                      0.100     7.155 r  i_ariane/i_cva6/ex_stage_i/alu_i/adder_result_ext_o_carry__0/CO[3]
                         net (fo=1, unplaced)         0.000     7.155    i_ariane/i_cva6/ex_stage_i/alu_i/adder_result_ext_o_carry__0_n_0
                         CARRY4 (Prop_carry4_CI_CO[3])
                                                      0.100     7.255 r  i_ariane/i_cva6/ex_stage_i/alu_i/adder_result_ext_o_carry__1/CO[3]
                         net (fo=1, unplaced)         0.000     7.255    i_ariane/i_cva6/ex_stage_i/alu_i/adder_result_ext_o_carry__1_n_0
                         CARRY4 (Prop_carry4_CI_CO[3])
                                                      0.100     7.355 r  i_ariane/i_cva6/ex_stage_i/alu_i/adder_result_ext_o_carry__2/CO[3]
                         net (fo=1, unplaced)         0.000     7.355    i_ariane/i_cva6/ex_stage_i/alu_i/adder_result_ext_o_carry__2_n_0
                         CARRY4 (Prop_carry4_CI_CO[3])
                                                      0.100     7.455 r  i_ariane/i_cva6/ex_stage_i/alu_i/adder_result_ext_o_carry__3/CO[3]
                         net (fo=1, unplaced)         0.000     7.455    i_ariane/i_cva6/ex_stage_i/alu_i/adder_result_ext_o_carry__3_n_0
                         CARRY4 (Prop_carry4_CI_CO[3])
                                                      0.100     7.555 r  i_ariane/i_cva6/ex_stage_i/alu_i/adder_result_ext_o_carry__4/CO[3]
                         net (fo=1, unplaced)         0.000     7.555    i_ariane/i_cva6/ex_stage_i/alu_i/adder_result_ext_o_carry__4_n_0
                         CARRY4 (Prop_carry4_CI_CO[3])
                                                      0.100     7.655 r  i_ariane/i_cva6/ex_stage_i/alu_i/adder_result_ext_o_carry__5/CO[3]
                         net (fo=1, unplaced)         0.000     7.655    i_ariane/i_cva6/ex_stage_i/alu_i/adder_result_ext_o_carry__5_n_0
                         CARRY4 (Prop_carry4_CI_CO[3])
                                                      0.100     7.755 r  i_ariane/i_cva6/ex_stage_i/alu_i/adder_result_ext_o_carry__6/CO[3]
                         net (fo=1, unplaced)         0.000     7.755    i_ariane/i_cva6/ex_stage_i/alu_i/adder_result_ext_o_carry__6_n_0
                         CARRY4 (Prop_carry4_CI_CO[3])
                                                      0.100     7.855 r  i_ariane/i_cva6/ex_stage_i/alu_i/adder_result_ext_o_carry__7/CO[3]
                         net (fo=1, unplaced)         0.000     7.855    i_ariane/i_cva6/ex_stage_i/alu_i/adder_result_ext_o_carry__7_n_0
                         CARRY4 (Prop_carry4_CI_CO[3])
                                                      0.100     7.955 r  i_ariane/i_cva6/ex_stage_i/alu_i/adder_result_ext_o_carry__8/CO[3]
                         net (fo=1, unplaced)         0.000     7.955    i_ariane/i_cva6/ex_stage_i/alu_i/adder_result_ext_o_carry__8_n_0
                         CARRY4 (Prop_carry4_CI_CO[3])
                                                      0.100     8.055 r  i_ariane/i_cva6/ex_stage_i/alu_i/adder_result_ext_o_carry__9/CO[3]
                         net (fo=1, unplaced)         0.000     8.055    i_ariane/i_cva6/ex_stage_i/alu_i/adder_result_ext_o_carry__9_n_0
                         CARRY4 (Prop_carry4_CI_CO[3])
                                                      0.100     8.155 r  i_ariane/i_cva6/ex_stage_i/alu_i/adder_result_ext_o_carry__10/CO[3]
                         net (fo=1, unplaced)         0.000     8.155    i_ariane/i_cva6/ex_stage_i/alu_i/adder_result_ext_o_carry__10_n_0
                         CARRY4 (Prop_carry4_CI_CO[3])
                                                      0.100     8.255 r  i_ariane/i_cva6/ex_stage_i/alu_i/adder_result_ext_o_carry__11/CO[3]
                         net (fo=1, unplaced)         0.000     8.255    i_ariane/i_cva6/ex_stage_i/alu_i/adder_result_ext_o_carry__11_n_0
                         CARRY4 (Prop_carry4_CI_CO[3])
                                                      0.100     8.355 r  i_ariane/i_cva6/ex_stage_i/alu_i/adder_result_ext_o_carry__12/CO[3]
                         net (fo=1, unplaced)         0.000     8.355    i_ariane/i_cva6/ex_stage_i/alu_i/adder_result_ext_o_carry__12_n_0
                         CARRY4 (Prop_carry4_CI_CO[3])
                                                      0.100     8.455 r  i_ariane/i_cva6/ex_stage_i/alu_i/adder_result_ext_o_carry__13/CO[3]
                         net (fo=1, unplaced)         0.000     8.455    i_ariane/i_cva6/ex_stage_i/alu_i/adder_result_ext_o_carry__13_n_0
                         CARRY4 (Prop_carry4_CI_O[3])
                                                      0.277     8.732 r  i_ariane/i_cva6/ex_stage_i/alu_i/adder_result_ext_o_carry__14/O[3]
                         net (fo=2, unplaced)         0.487     9.219    i_ariane/i_cva6/issue_stage_i/i_issue_read_operands/adder_result[63]
                         LUT4 (Prop_lut4_I1_O)        0.250     9.469 r  i_ariane/i_cva6/issue_stage_i/i_issue_read_operands/i___65_i_25/O
                         net (fo=1, unplaced)         0.347     9.816    i_ariane/i_cva6/ex_stage_i/alu_i/i___65_i_10_1
                         LUT5 (Prop_lut5_I4_O)        0.105     9.921 r  i_ariane/i_cva6/ex_stage_i/alu_i/i___65_i_21/O
                         net (fo=1, unplaced)         0.347    10.268    i_ariane/i_cva6/ex_stage_i/alu_i/i___65_i_21_n_0
                         LUT6 (Prop_lut6_I5_O)        0.105    10.373 r  i_ariane/i_cva6/ex_stage_i/alu_i/i___65_i_10/O
                         net (fo=2, unplaced)         0.358    10.731    i_ariane/i_cva6/ex_stage_i/alu_i/i___65_i_10_n_0
                         LUT6 (Prop_lut6_I3_O)        0.105    10.836 f  i_ariane/i_cva6/ex_stage_i/alu_i/i___65_i_4/O
                         net (fo=1, unplaced)         0.347    11.183    i_ariane/i_cva6/issue_stage_i/i_issue_read_operands/issue_q[0][valid]_i_4_0
                         LUT6 (Prop_lut6_I3_O)        0.105    11.288 r  i_ariane/i_cva6/issue_stage_i/i_issue_read_operands/i___65_i_1__0/O
                         net (fo=70, unplaced)        0.438    11.726    i_ariane/i_cva6/issue_stage_i/i_issue_read_operands/fu_data_q_reg[0][operation][0]_32
                         LUT6 (Prop_lut6_I1_O)        0.105    11.831 f  i_ariane/i_cva6/issue_stage_i/i_issue_read_operands/npc_q[63]_bret__277_i_2/O
                         net (fo=9, unplaced)         0.388    12.219    i_ariane/i_cva6/controller_i/resolved_branch[is_mispredict]
                         LUT6 (Prop_lut6_I3_O)        0.105    12.324 f  i_ariane/i_cva6/controller_i/i___63_i_1/O
                         net (fo=40, unplaced)        0.424    12.748    i_ariane/i_cva6/id_stage_i/flush_ctrl_if
                         LUT6 (Prop_lut6_I1_O)        0.105    12.853 f  i_ariane/i_cva6/id_stage_i/top_id_q[1]_i_2/O
                         net (fo=7, unplaced)         0.382    13.235    i_ariane/i_cva6/issue_stage_i/i_scoreboard/FSM_onehot_wstate_q_reg[0]_1
                         LUT6 (Prop_lut6_I0_O)        0.105    13.340 f  i_ariane/i_cva6/issue_stage_i/i_scoreboard/i__i_6__0/O
                         net (fo=3, unplaced)         0.365    13.705    i_ariane/i_cva6/issue_stage_i/i_scoreboard/FSM_onehot_wstate_q_reg[0]_0
                         LUT6 (Prop_lut6_I4_O)        0.105    13.810 f  i_ariane/i_cva6/issue_stage_i/i_scoreboard/i__i_1__0/O
                         net (fo=58, unplaced)        0.433    14.243    i_ariane/i_cva6/issue_stage_i/i_scoreboard/issue_q_reg[0][sbe][valid]
                         LUT3 (Prop_lut3_I0_O)        0.105    14.348 r  i_ariane/i_cva6/issue_stage_i/i_scoreboard/mem_q[3][sbe][pc][63]_i_1/O
                         net (fo=79, unplaced)        0.441    14.789    i_ariane/i_cva6/issue_stage_i/i_scoreboard/mem_q[3][sbe][pc][63]_i_1_n_0
                         LUT6 (Prop_lut6_I2_O)        0.105    14.894 r  i_ariane/i_cva6/issue_stage_i/i_scoreboard/mem_q[0][sbe][rd][4]_i_13/O
                         net (fo=1, unplaced)         0.938    15.832    i_ariane/i_cva6/issue_stage_i/i_scoreboard/mem_q[0][sbe][rd][4]_i_13_n_0
                         LUT6 (Prop_lut6_I1_O)        0.105    15.937 r  i_ariane/i_cva6/issue_stage_i/i_scoreboard/mem_q[0][sbe][rd][4]_i_6/O
                         net (fo=10, unplaced)        0.625    16.562    i_ariane/i_cva6/issue_stage_i/i_scoreboard/issue_q_reg[0][sbe][fu][1]_1
                         LUT6 (Prop_lut6_I1_O)        0.105    16.667 r  i_ariane/i_cva6/issue_stage_i/i_scoreboard/mem_q[3][sbe][rd][3]_i_3/O
                         net (fo=2, unplaced)         0.358    17.025    i_ariane/i_cva6/issue_stage_i/i_scoreboard/mem_q[3][sbe][rd][3]_i_3_n_0
                         LUT6 (Prop_lut6_I1_O)        0.105    17.130 r  i_ariane/i_cva6/issue_stage_i/i_scoreboard/mem_q[3][sbe][rd][1]_i_1/O
                         net (fo=1, unplaced)         0.000    17.130    i_ariane/i_cva6/issue_stage_i/i_scoreboard/mem_q[3][sbe][rd][1]_i_1_n_0
                         FDCE                                         r  i_ariane/i_cva6/issue_stage_i/i_scoreboard/mem_q_reg[3][sbe][rd][1]/D
  -------------------------------------------------------------------    -------------------

                         (clock sys_clk rise edge)    5.000     5.000 r  
                                                      0.000     5.000 r  clk_pad_i (IN)
                         net (fo=0)                   0.000     5.000    clk_pad_i
                         IBUF (Prop_ibuf_I_O)         1.352     6.352 r  clk_pad_i_IBUF_inst/O
                         net (fo=1, unplaced)         0.613     6.965    clk_pad_i_IBUF
                         BUFG (Prop_bufg_I_O)         0.077     7.042 r  i_clk_bufg/O
                         net (fo=7369, unplaced)      0.439     7.481    i_ariane/i_cva6/issue_stage_i/i_scoreboard/clk_core
                         FDCE                                         r  i_ariane/i_cva6/issue_stage_i/i_scoreboard/mem_q_reg[3][sbe][rd][1]/C
                         clock pessimism              0.106     7.587    
                         clock uncertainty           -0.135     7.452    
                         FDCE (Setup_fdce_C_D)        0.043     7.495    i_ariane/i_cva6/issue_stage_i/i_scoreboard/mem_q_reg[3][sbe][rd][1]
  -------------------------------------------------------------------
                         required time                          7.495    
                         arrival time                         -17.130    
  -------------------------------------------------------------------
                         slack                                 -9.635    

Slack (VIOLATED) :        -9.635ns  (required time - arrival time)
  Source:                 i_ariane/i_cva6/issue_stage_i/i_issue_read_operands/csr_valid_q_reg[0]/C
                            (rising edge-triggered cell FDCE clocked by sys_clk  {rise@0.000ns fall@2.500ns period=5.000ns})
  Destination:            i_ariane/i_cva6/issue_stage_i/i_scoreboard/mem_q_reg[3][sbe][rd][3]/D
                            (rising edge-triggered cell FDCE clocked by sys_clk  {rise@0.000ns fall@2.500ns period=5.000ns})
  Path Group:             sys_clk
  Path Type:              Setup (Max at Slow Process Corner)
  Requirement:            5.000ns  (sys_clk rise@5.000ns - sys_clk rise@0.000ns)
  Data Path Delay:        14.398ns  (logic 4.869ns (33.817%)  route 9.529ns (66.183%))
  Logic Levels:           35  (CARRY4=16 LUT3=1 LUT4=1 LUT5=1 LUT6=16)
  Clock Path Skew:        -0.145ns (DCD - SCD + CPR)
    Destination Clock Delay (DCD):    2.481ns = ( 7.481 - 5.000 ) 
    Source Clock Delay      (SCD):    2.732ns
    Clock Pessimism Removal (CPR):    0.106ns
  Clock Uncertainty:      0.135ns  ((TSJ^2 + TIJ^2)^1/2 + DJ) / 2 + PE + UU
    Total System Jitter     (TSJ):    0.071ns
    Total Input Jitter      (TIJ):    0.000ns
    Discrete Jitter          (DJ):    0.000ns
    Phase Error              (PE):    0.000ns
    User Uncertainty         (UU):    0.100ns

    Location             Delay type                Incr(ns)  Path(ns)    Netlist Resource(s)
  -------------------------------------------------------------------    -------------------
                         (clock sys_clk rise edge)    0.000     0.000 r  
                                                      0.000     0.000 r  clk_pad_i (IN)
                         net (fo=0)                   0.000     0.000    clk_pad_i
                         IBUF (Prop_ibuf_I_O)         1.418     1.418 r  clk_pad_i_IBUF_inst/O
                         net (fo=1, unplaced)         0.646     2.063    clk_pad_i_IBUF
                         BUFG (Prop_bufg_I_O)         0.085     2.148 r  i_clk_bufg/O
                         net (fo=7369, unplaced)      0.584     2.732    i_ariane/i_cva6/issue_stage_i/i_issue_read_operands/clk_core
                         FDCE                                         r  i_ariane/i_cva6/issue_stage_i/i_issue_read_operands/csr_valid_q_reg[0]/C
  -------------------------------------------------------------------    -------------------
                         FDCE (Prop_fdce_C_Q)         0.397     3.129 r  i_ariane/i_cva6/issue_stage_i/i_issue_read_operands/csr_valid_q_reg[0]/Q
                         net (fo=158, unplaced)       0.890     4.019    i_ariane/i_cva6/issue_stage_i/i_issue_read_operands/csr_valid_q_reg[0]_0
                         LUT6 (Prop_lut6_I0_O)        0.232     4.251 r  i_ariane/i_cva6/issue_stage_i/i_issue_read_operands/adder_result_ext_o_carry_i_13/O
                         net (fo=13, unplaced)        0.632     4.883    i_ariane/i_cva6/issue_stage_i/i_issue_read_operands/adder_result_ext_o_carry_i_13_n_0
                         LUT6 (Prop_lut6_I1_O)        0.105     4.988 f  i_ariane/i_cva6/issue_stage_i/i_issue_read_operands/adder_result_ext_o_carry_i_10/O
                         net (fo=3, unplaced)         0.346     5.334    i_ariane/i_cva6/issue_stage_i/i_issue_read_operands/adder_result_ext_o_carry_i_10_n_0
                         LUT6 (Prop_lut6_I0_O)        0.105     5.439 r  i_ariane/i_cva6/issue_stage_i/i_issue_read_operands/adder_result_ext_o_carry_i_16/O
                         net (fo=100, unplaced)       0.447     5.886    i_ariane/i_cva6/issue_stage_i/i_issue_read_operands/adder_result_ext_o_carry_i_16_n_0
                         LUT6 (Prop_lut6_I5_O)        0.105     5.991 r  i_ariane/i_cva6/issue_stage_i/i_issue_read_operands/adder_result_ext_o_carry_i_9/O
                         net (fo=1, unplaced)         0.528     6.519    i_ariane/i_cva6/ex_stage_i/alu_i/S[0]
                         CARRY4 (Prop_carry4_S[0]_CO[3])
                                                      0.528     7.047 r  i_ariane/i_cva6/ex_stage_i/alu_i/adder_result_ext_o_carry/CO[3]
                         net (fo=1, unplaced)         0.008     7.055    i_ariane/i_cva6/ex_stage_i/alu_i/adder_result_ext_o_carry_n_0
                         CARRY4 (Prop_carry4_CI_CO[3])
                                                      0.100     7.155 r  i_ariane/i_cva6/ex_stage_i/alu_i/adder_result_ext_o_carry__0/CO[3]
                         net (fo=1, unplaced)         0.000     7.155    i_ariane/i_cva6/ex_stage_i/alu_i/adder_result_ext_o_carry__0_n_0
                         CARRY4 (Prop_carry4_CI_CO[3])
                                                      0.100     7.255 r  i_ariane/i_cva6/ex_stage_i/alu_i/adder_result_ext_o_carry__1/CO[3]
                         net (fo=1, unplaced)         0.000     7.255    i_ariane/i_cva6/ex_stage_i/alu_i/adder_result_ext_o_carry__1_n_0
                         CARRY4 (Prop_carry4_CI_CO[3])
                                                      0.100     7.355 r  i_ariane/i_cva6/ex_stage_i/alu_i/adder_result_ext_o_carry__2/CO[3]
                         net (fo=1, unplaced)         0.000     7.355    i_ariane/i_cva6/ex_stage_i/alu_i/adder_result_ext_o_carry__2_n_0
                         CARRY4 (Prop_carry4_CI_CO[3])
                                                      0.100     7.455 r  i_ariane/i_cva6/ex_stage_i/alu_i/adder_result_ext_o_carry__3/CO[3]
                         net (fo=1, unplaced)         0.000     7.455    i_ariane/i_cva6/ex_stage_i/alu_i/adder_result_ext_o_carry__3_n_0
                         CARRY4 (Prop_carry4_CI_CO[3])
                                                      0.100     7.555 r  i_ariane/i_cva6/ex_stage_i/alu_i/adder_result_ext_o_carry__4/CO[3]
                         net (fo=1, unplaced)         0.000     7.555    i_ariane/i_cva6/ex_stage_i/alu_i/adder_result_ext_o_carry__4_n_0
                         CARRY4 (Prop_carry4_CI_CO[3])
                                                      0.100     7.655 r  i_ariane/i_cva6/ex_stage_i/alu_i/adder_result_ext_o_carry__5/CO[3]
                         net (fo=1, unplaced)         0.000     7.655    i_ariane/i_cva6/ex_stage_i/alu_i/adder_result_ext_o_carry__5_n_0
                         CARRY4 (Prop_carry4_CI_CO[3])
                                                      0.100     7.755 r  i_ariane/i_cva6/ex_stage_i/alu_i/adder_result_ext_o_carry__6/CO[3]
                         net (fo=1, unplaced)         0.000     7.755    i_ariane/i_cva6/ex_stage_i/alu_i/adder_result_ext_o_carry__6_n_0
                         CARRY4 (Prop_carry4_CI_CO[3])
                                                      0.100     7.855 r  i_ariane/i_cva6/ex_stage_i/alu_i/adder_result_ext_o_carry__7/CO[3]
                         net (fo=1, unplaced)         0.000     7.855    i_ariane/i_cva6/ex_stage_i/alu_i/adder_result_ext_o_carry__7_n_0
                         CARRY4 (Prop_carry4_CI_CO[3])
                                                      0.100     7.955 r  i_ariane/i_cva6/ex_stage_i/alu_i/adder_result_ext_o_carry__8/CO[3]
                         net (fo=1, unplaced)         0.000     7.955    i_ariane/i_cva6/ex_stage_i/alu_i/adder_result_ext_o_carry__8_n_0
                         CARRY4 (Prop_carry4_CI_CO[3])
                                                      0.100     8.055 r  i_ariane/i_cva6/ex_stage_i/alu_i/adder_result_ext_o_carry__9/CO[3]
                         net (fo=1, unplaced)         0.000     8.055    i_ariane/i_cva6/ex_stage_i/alu_i/adder_result_ext_o_carry__9_n_0
                         CARRY4 (Prop_carry4_CI_CO[3])
                                                      0.100     8.155 r  i_ariane/i_cva6/ex_stage_i/alu_i/adder_result_ext_o_carry__10/CO[3]
                         net (fo=1, unplaced)         0.000     8.155    i_ariane/i_cva6/ex_stage_i/alu_i/adder_result_ext_o_carry__10_n_0
                         CARRY4 (Prop_carry4_CI_CO[3])
                                                      0.100     8.255 r  i_ariane/i_cva6/ex_stage_i/alu_i/adder_result_ext_o_carry__11/CO[3]
                         net (fo=1, unplaced)         0.000     8.255    i_ariane/i_cva6/ex_stage_i/alu_i/adder_result_ext_o_carry__11_n_0
                         CARRY4 (Prop_carry4_CI_CO[3])
                                                      0.100     8.355 r  i_ariane/i_cva6/ex_stage_i/alu_i/adder_result_ext_o_carry__12/CO[3]
                         net (fo=1, unplaced)         0.000     8.355    i_ariane/i_cva6/ex_stage_i/alu_i/adder_result_ext_o_carry__12_n_0
                         CARRY4 (Prop_carry4_CI_CO[3])
                                                      0.100     8.455 r  i_ariane/i_cva6/ex_stage_i/alu_i/adder_result_ext_o_carry__13/CO[3]
                         net (fo=1, unplaced)         0.000     8.455    i_ariane/i_cva6/ex_stage_i/alu_i/adder_result_ext_o_carry__13_n_0
                         CARRY4 (Prop_carry4_CI_O[3])
                                                      0.277     8.732 r  i_ariane/i_cva6/ex_stage_i/alu_i/adder_result_ext_o_carry__14/O[3]
                         net (fo=2, unplaced)         0.487     9.219    i_ariane/i_cva6/issue_stage_i/i_issue_read_operands/adder_result[63]
                         LUT4 (Prop_lut4_I1_O)        0.250     9.469 r  i_ariane/i_cva6/issue_stage_i/i_issue_read_operands/i___65_i_25/O
                         net (fo=1, unplaced)         0.347     9.816    i_ariane/i_cva6/ex_stage_i/alu_i/i___65_i_10_1
                         LUT5 (Prop_lut5_I4_O)        0.105     9.921 r  i_ariane/i_cva6/ex_stage_i/alu_i/i___65_i_21/O
                         net (fo=1, unplaced)         0.347    10.268    i_ariane/i_cva6/ex_stage_i/alu_i/i___65_i_21_n_0
                         LUT6 (Prop_lut6_I5_O)        0.105    10.373 r  i_ariane/i_cva6/ex_stage_i/alu_i/i___65_i_10/O
                         net (fo=2, unplaced)         0.358    10.731    i_ariane/i_cva6/ex_stage_i/alu_i/i___65_i_10_n_0
                         LUT6 (Prop_lut6_I3_O)        0.105    10.836 f  i_ariane/i_cva6/ex_stage_i/alu_i/i___65_i_4/O
                         net (fo=1, unplaced)         0.347    11.183    i_ariane/i_cva6/issue_stage_i/i_issue_read_operands/issue_q[0][valid]_i_4_0
                         LUT6 (Prop_lut6_I3_O)        0.105    11.288 r  i_ariane/i_cva6/issue_stage_i/i_issue_read_operands/i___65_i_1__0/O
                         net (fo=70, unplaced)        0.438    11.726    i_ariane/i_cva6/issue_stage_i/i_issue_read_operands/fu_data_q_reg[0][operation][0]_32
                         LUT6 (Prop_lut6_I1_O)        0.105    11.831 f  i_ariane/i_cva6/issue_stage_i/i_issue_read_operands/npc_q[63]_bret__277_i_2/O
                         net (fo=9, unplaced)         0.388    12.219    i_ariane/i_cva6/controller_i/resolved_branch[is_mispredict]
                         LUT6 (Prop_lut6_I3_O)        0.105    12.324 f  i_ariane/i_cva6/controller_i/i___63_i_1/O
                         net (fo=40, unplaced)        0.424    12.748    i_ariane/i_cva6/id_stage_i/flush_ctrl_if
                         LUT6 (Prop_lut6_I1_O)        0.105    12.853 f  i_ariane/i_cva6/id_stage_i/top_id_q[1]_i_2/O
                         net (fo=7, unplaced)         0.382    13.235    i_ariane/i_cva6/issue_stage_i/i_scoreboard/FSM_onehot_wstate_q_reg[0]_1
                         LUT6 (Prop_lut6_I0_O)        0.105    13.340 f  i_ariane/i_cva6/issue_stage_i/i_scoreboard/i__i_6__0/O
                         net (fo=3, unplaced)         0.365    13.705    i_ariane/i_cva6/issue_stage_i/i_scoreboard/FSM_onehot_wstate_q_reg[0]_0
                         LUT6 (Prop_lut6_I4_O)        0.105    13.810 f  i_ariane/i_cva6/issue_stage_i/i_scoreboard/i__i_1__0/O
                         net (fo=58, unplaced)        0.433    14.243    i_ariane/i_cva6/issue_stage_i/i_scoreboard/issue_q_reg[0][sbe][valid]
                         LUT3 (Prop_lut3_I0_O)        0.105    14.348 r  i_ariane/i_cva6/issue_stage_i/i_scoreboard/mem_q[3][sbe][pc][63]_i_1/O
                         net (fo=79, unplaced)        0.441    14.789    i_ariane/i_cva6/issue_stage_i/i_scoreboard/mem_q[3][sbe][pc][63]_i_1_n_0
                         LUT6 (Prop_lut6_I2_O)        0.105    14.894 r  i_ariane/i_cva6/issue_stage_i/i_scoreboard/mem_q[0][sbe][rd][4]_i_13/O
                         net (fo=1, unplaced)         0.938    15.832    i_ariane/i_cva6/issue_stage_i/i_scoreboard/mem_q[0][sbe][rd][4]_i_13_n_0
                         LUT6 (Prop_lut6_I1_O)        0.105    15.937 r  i_ariane/i_cva6/issue_stage_i/i_scoreboard/mem_q[0][sbe][rd][4]_i_6/O
                         net (fo=10, unplaced)        0.625    16.562    i_ariane/i_cva6/issue_stage_i/i_scoreboard/issue_q_reg[0][sbe][fu][1]_1
                         LUT6 (Prop_lut6_I1_O)        0.105    16.667 r  i_ariane/i_cva6/issue_stage_i/i_scoreboard/mem_q[3][sbe][rd][3]_i_3/O
                         net (fo=2, unplaced)         0.358    17.025    i_ariane/i_cva6/issue_stage_i/i_scoreboard/mem_q[3][sbe][rd][3]_i_3_n_0
                         LUT6 (Prop_lut6_I1_O)        0.105    17.130 r  i_ariane/i_cva6/issue_stage_i/i_scoreboard/mem_q[3][sbe][rd][3]_i_1/O
                         net (fo=1, unplaced)         0.000    17.130    i_ariane/i_cva6/issue_stage_i/i_scoreboard/mem_q[3][sbe][rd][3]_i_1_n_0
                         FDCE                                         r  i_ariane/i_cva6/issue_stage_i/i_scoreboard/mem_q_reg[3][sbe][rd][3]/D
  -------------------------------------------------------------------    -------------------

                         (clock sys_clk rise edge)    5.000     5.000 r  
                                                      0.000     5.000 r  clk_pad_i (IN)
                         net (fo=0)                   0.000     5.000    clk_pad_i
                         IBUF (Prop_ibuf_I_O)         1.352     6.352 r  clk_pad_i_IBUF_inst/O
                         net (fo=1, unplaced)         0.613     6.965    clk_pad_i_IBUF
                         BUFG (Prop_bufg_I_O)         0.077     7.042 r  i_clk_bufg/O
                         net (fo=7369, unplaced)      0.439     7.481    i_ariane/i_cva6/issue_stage_i/i_scoreboard/clk_core
                         FDCE                                         r  i_ariane/i_cva6/issue_stage_i/i_scoreboard/mem_q_reg[3][sbe][rd][3]/C
                         clock pessimism              0.106     7.587    
                         clock uncertainty           -0.135     7.452    
                         FDCE (Setup_fdce_C_D)        0.043     7.495    i_ariane/i_cva6/issue_stage_i/i_scoreboard/mem_q_reg[3][sbe][rd][3]
  -------------------------------------------------------------------
                         required time                          7.495    
                         arrival time                         -17.130    
  -------------------------------------------------------------------
                         slack                                 -9.635    

Slack (VIOLATED) :        -9.624ns  (required time - arrival time)
  Source:                 i_ariane/i_cva6/issue_stage_i/i_issue_read_operands/csr_valid_q_reg[0]/C
                            (rising edge-triggered cell FDCE clocked by sys_clk  {rise@0.000ns fall@2.500ns period=5.000ns})
  Destination:            i_ariane/i_cva6/issue_stage_i/i_scoreboard/mem_q_reg[1][sbe][rd][1]/D
                            (rising edge-triggered cell FDCE clocked by sys_clk  {rise@0.000ns fall@2.500ns period=5.000ns})
  Path Group:             sys_clk
  Path Type:              Setup (Max at Slow Process Corner)
  Requirement:            5.000ns  (sys_clk rise@5.000ns - sys_clk rise@0.000ns)
  Data Path Delay:        14.387ns  (logic 4.869ns (33.843%)  route 9.518ns (66.157%))
  Logic Levels:           35  (CARRY4=16 LUT3=1 LUT4=1 LUT5=1 LUT6=16)
  Clock Path Skew:        -0.145ns (DCD - SCD + CPR)
    Destination Clock Delay (DCD):    2.481ns = ( 7.481 - 5.000 ) 
    Source Clock Delay      (SCD):    2.732ns
    Clock Pessimism Removal (CPR):    0.106ns
  Clock Uncertainty:      0.135ns  ((TSJ^2 + TIJ^2)^1/2 + DJ) / 2 + PE + UU
    Total System Jitter     (TSJ):    0.071ns
    Total Input Jitter      (TIJ):    0.000ns
    Discrete Jitter          (DJ):    0.000ns
    Phase Error              (PE):    0.000ns
    User Uncertainty         (UU):    0.100ns

    Location             Delay type                Incr(ns)  Path(ns)    Netlist Resource(s)
  -------------------------------------------------------------------    -------------------
                         (clock sys_clk rise edge)    0.000     0.000 r  
                                                      0.000     0.000 r  clk_pad_i (IN)
                         net (fo=0)                   0.000     0.000    clk_pad_i
                         IBUF (Prop_ibuf_I_O)         1.418     1.418 r  clk_pad_i_IBUF_inst/O
                         net (fo=1, unplaced)         0.646     2.063    clk_pad_i_IBUF
                         BUFG (Prop_bufg_I_O)         0.085     2.148 r  i_clk_bufg/O
                         net (fo=7369, unplaced)      0.584     2.732    i_ariane/i_cva6/issue_stage_i/i_issue_read_operands/clk_core
                         FDCE                                         r  i_ariane/i_cva6/issue_stage_i/i_issue_read_operands/csr_valid_q_reg[0]/C
  -------------------------------------------------------------------    -------------------
                         FDCE (Prop_fdce_C_Q)         0.397     3.129 r  i_ariane/i_cva6/issue_stage_i/i_issue_read_operands/csr_valid_q_reg[0]/Q
                         net (fo=158, unplaced)       0.890     4.019    i_ariane/i_cva6/issue_stage_i/i_issue_read_operands/csr_valid_q_reg[0]_0
                         LUT6 (Prop_lut6_I0_O)        0.232     4.251 r  i_ariane/i_cva6/issue_stage_i/i_issue_read_operands/adder_result_ext_o_carry_i_13/O
                         net (fo=13, unplaced)        0.632     4.883    i_ariane/i_cva6/issue_stage_i/i_issue_read_operands/adder_result_ext_o_carry_i_13_n_0
                         LUT6 (Prop_lut6_I1_O)        0.105     4.988 f  i_ariane/i_cva6/issue_stage_i/i_issue_read_operands/adder_result_ext_o_carry_i_10/O
                         net (fo=3, unplaced)         0.346     5.334    i_ariane/i_cva6/issue_stage_i/i_issue_read_operands/adder_result_ext_o_carry_i_10_n_0
                         LUT6 (Prop_lut6_I0_O)        0.105     5.439 r  i_ariane/i_cva6/issue_stage_i/i_issue_read_operands/adder_result_ext_o_carry_i_16/O
                         net (fo=100, unplaced)       0.447     5.886    i_ariane/i_cva6/issue_stage_i/i_issue_read_operands/adder_result_ext_o_carry_i_16_n_0
                         LUT6 (Prop_lut6_I5_O)        0.105     5.991 r  i_ariane/i_cva6/issue_stage_i/i_issue_read_operands/adder_result_ext_o_carry_i_9/O
                         net (fo=1, unplaced)         0.528     6.519    i_ariane/i_cva6/ex_stage_i/alu_i/S[0]
                         CARRY4 (Prop_carry4_S[0]_CO[3])
                                                      0.528     7.047 r  i_ariane/i_cva6/ex_stage_i/alu_i/adder_result_ext_o_carry/CO[3]
                         net (fo=1, unplaced)         0.008     7.055    i_ariane/i_cva6/ex_stage_i/alu_i/adder_result_ext_o_carry_n_0
                         CARRY4 (Prop_carry4_CI_CO[3])
                                                      0.100     7.155 r  i_ariane/i_cva6/ex_stage_i/alu_i/adder_result_ext_o_carry__0/CO[3]
                         net (fo=1, unplaced)         0.000     7.155    i_ariane/i_cva6/ex_stage_i/alu_i/adder_result_ext_o_carry__0_n_0
                         CARRY4 (Prop_carry4_CI_CO[3])
                                                      0.100     7.255 r  i_ariane/i_cva6/ex_stage_i/alu_i/adder_result_ext_o_carry__1/CO[3]
                         net (fo=1, unplaced)         0.000     7.255    i_ariane/i_cva6/ex_stage_i/alu_i/adder_result_ext_o_carry__1_n_0
                         CARRY4 (Prop_carry4_CI_CO[3])
                                                      0.100     7.355 r  i_ariane/i_cva6/ex_stage_i/alu_i/adder_result_ext_o_carry__2/CO[3]
                         net (fo=1, unplaced)         0.000     7.355    i_ariane/i_cva6/ex_stage_i/alu_i/adder_result_ext_o_carry__2_n_0
                         CARRY4 (Prop_carry4_CI_CO[3])
                                                      0.100     7.455 r  i_ariane/i_cva6/ex_stage_i/alu_i/adder_result_ext_o_carry__3/CO[3]
                         net (fo=1, unplaced)         0.000     7.455    i_ariane/i_cva6/ex_stage_i/alu_i/adder_result_ext_o_carry__3_n_0
                         CARRY4 (Prop_carry4_CI_CO[3])
                                                      0.100     7.555 r  i_ariane/i_cva6/ex_stage_i/alu_i/adder_result_ext_o_carry__4/CO[3]
                         net (fo=1, unplaced)         0.000     7.555    i_ariane/i_cva6/ex_stage_i/alu_i/adder_result_ext_o_carry__4_n_0
                         CARRY4 (Prop_carry4_CI_CO[3])
                                                      0.100     7.655 r  i_ariane/i_cva6/ex_stage_i/alu_i/adder_result_ext_o_carry__5/CO[3]
                         net (fo=1, unplaced)         0.000     7.655    i_ariane/i_cva6/ex_stage_i/alu_i/adder_result_ext_o_carry__5_n_0
                         CARRY4 (Prop_carry4_CI_CO[3])
                                                      0.100     7.755 r  i_ariane/i_cva6/ex_stage_i/alu_i/adder_result_ext_o_carry__6/CO[3]
                         net (fo=1, unplaced)         0.000     7.755    i_ariane/i_cva6/ex_stage_i/alu_i/adder_result_ext_o_carry__6_n_0
                         CARRY4 (Prop_carry4_CI_CO[3])
                                                      0.100     7.855 r  i_ariane/i_cva6/ex_stage_i/alu_i/adder_result_ext_o_carry__7/CO[3]
                         net (fo=1, unplaced)         0.000     7.855    i_ariane/i_cva6/ex_stage_i/alu_i/adder_result_ext_o_carry__7_n_0
                         CARRY4 (Prop_carry4_CI_CO[3])
                                                      0.100     7.955 r  i_ariane/i_cva6/ex_stage_i/alu_i/adder_result_ext_o_carry__8/CO[3]
                         net (fo=1, unplaced)         0.000     7.955    i_ariane/i_cva6/ex_stage_i/alu_i/adder_result_ext_o_carry__8_n_0
                         CARRY4 (Prop_carry4_CI_CO[3])
                                                      0.100     8.055 r  i_ariane/i_cva6/ex_stage_i/alu_i/adder_result_ext_o_carry__9/CO[3]
                         net (fo=1, unplaced)         0.000     8.055    i_ariane/i_cva6/ex_stage_i/alu_i/adder_result_ext_o_carry__9_n_0
                         CARRY4 (Prop_carry4_CI_CO[3])
                                                      0.100     8.155 r  i_ariane/i_cva6/ex_stage_i/alu_i/adder_result_ext_o_carry__10/CO[3]
                         net (fo=1, unplaced)         0.000     8.155    i_ariane/i_cva6/ex_stage_i/alu_i/adder_result_ext_o_carry__10_n_0
                         CARRY4 (Prop_carry4_CI_CO[3])
                                                      0.100     8.255 r  i_ariane/i_cva6/ex_stage_i/alu_i/adder_result_ext_o_carry__11/CO[3]
                         net (fo=1, unplaced)         0.000     8.255    i_ariane/i_cva6/ex_stage_i/alu_i/adder_result_ext_o_carry__11_n_0
                         CARRY4 (Prop_carry4_CI_CO[3])
                                                      0.100     8.355 r  i_ariane/i_cva6/ex_stage_i/alu_i/adder_result_ext_o_carry__12/CO[3]
                         net (fo=1, unplaced)         0.000     8.355    i_ariane/i_cva6/ex_stage_i/alu_i/adder_result_ext_o_carry__12_n_0
                         CARRY4 (Prop_carry4_CI_CO[3])
                                                      0.100     8.455 r  i_ariane/i_cva6/ex_stage_i/alu_i/adder_result_ext_o_carry__13/CO[3]
                         net (fo=1, unplaced)         0.000     8.455    i_ariane/i_cva6/ex_stage_i/alu_i/adder_result_ext_o_carry__13_n_0
                         CARRY4 (Prop_carry4_CI_O[3])
                                                      0.277     8.732 r  i_ariane/i_cva6/ex_stage_i/alu_i/adder_result_ext_o_carry__14/O[3]
                         net (fo=2, unplaced)         0.487     9.219    i_ariane/i_cva6/issue_stage_i/i_issue_read_operands/adder_result[63]
                         LUT4 (Prop_lut4_I1_O)        0.250     9.469 r  i_ariane/i_cva6/issue_stage_i/i_issue_read_operands/i___65_i_25/O
                         net (fo=1, unplaced)         0.347     9.816    i_ariane/i_cva6/ex_stage_i/alu_i/i___65_i_10_1
                         LUT5 (Prop_lut5_I4_O)        0.105     9.921 r  i_ariane/i_cva6/ex_stage_i/alu_i/i___65_i_21/O
                         net (fo=1, unplaced)         0.347    10.268    i_ariane/i_cva6/ex_stage_i/alu_i/i___65_i_21_n_0
                         LUT6 (Prop_lut6_I5_O)        0.105    10.373 r  i_ariane/i_cva6/ex_stage_i/alu_i/i___65_i_10/O
                         net (fo=2, unplaced)         0.358    10.731    i_ariane/i_cva6/ex_stage_i/alu_i/i___65_i_10_n_0
                         LUT6 (Prop_lut6_I3_O)        0.105    10.836 f  i_ariane/i_cva6/ex_stage_i/alu_i/i___65_i_4/O
                         net (fo=1, unplaced)         0.347    11.183    i_ariane/i_cva6/issue_stage_i/i_issue_read_operands/issue_q[0][valid]_i_4_0
                         LUT6 (Prop_lut6_I3_O)        0.105    11.288 r  i_ariane/i_cva6/issue_stage_i/i_issue_read_operands/i___65_i_1__0/O
                         net (fo=70, unplaced)        0.438    11.726    i_ariane/i_cva6/issue_stage_i/i_issue_read_operands/fu_data_q_reg[0][operation][0]_32
                         LUT6 (Prop_lut6_I1_O)        0.105    11.831 f  i_ariane/i_cva6/issue_stage_i/i_issue_read_operands/npc_q[63]_bret__277_i_2/O
                         net (fo=9, unplaced)         0.388    12.219    i_ariane/i_cva6/controller_i/resolved_branch[is_mispredict]
                         LUT6 (Prop_lut6_I3_O)        0.105    12.324 f  i_ariane/i_cva6/controller_i/i___63_i_1/O
                         net (fo=40, unplaced)        0.424    12.748    i_ariane/i_cva6/id_stage_i/flush_ctrl_if
                         LUT6 (Prop_lut6_I1_O)        0.105    12.853 f  i_ariane/i_cva6/id_stage_i/top_id_q[1]_i_2/O
                         net (fo=7, unplaced)         0.382    13.235    i_ariane/i_cva6/issue_stage_i/i_scoreboard/FSM_onehot_wstate_q_reg[0]_1
                         LUT6 (Prop_lut6_I0_O)        0.105    13.340 f  i_ariane/i_cva6/issue_stage_i/i_scoreboard/i__i_6__0/O
                         net (fo=3, unplaced)         0.365    13.705    i_ariane/i_cva6/issue_stage_i/i_scoreboard/FSM_onehot_wstate_q_reg[0]_0
                         LUT6 (Prop_lut6_I4_O)        0.105    13.810 f  i_ariane/i_cva6/issue_stage_i/i_scoreboard/i__i_1__0/O
                         net (fo=58, unplaced)        0.433    14.243    i_ariane/i_cva6/issue_stage_i/i_scoreboard/issue_q_reg[0][sbe][valid]
                         LUT3 (Prop_lut3_I0_O)        0.105    14.348 r  i_ariane/i_cva6/issue_stage_i/i_scoreboard/mem_q[3][sbe][pc][63]_i_1/O
                         net (fo=79, unplaced)        0.441    14.789    i_ariane/i_cva6/issue_stage_i/i_scoreboard/mem_q[3][sbe][pc][63]_i_1_n_0
                         LUT6 (Prop_lut6_I2_O)        0.105    14.894 r  i_ariane/i_cva6/issue_stage_i/i_scoreboard/mem_q[0][sbe][rd][4]_i_13/O
                         net (fo=1, unplaced)         0.938    15.832    i_ariane/i_cva6/issue_stage_i/i_scoreboard/mem_q[0][sbe][rd][4]_i_13_n_0
                         LUT6 (Prop_lut6_I1_O)        0.105    15.937 r  i_ariane/i_cva6/issue_stage_i/i_scoreboard/mem_q[0][sbe][rd][4]_i_6/O
                         net (fo=10, unplaced)        0.625    16.562    i_ariane/i_cva6/issue_stage_i/i_scoreboard/issue_q_reg[0][sbe][fu][1]_1
                         LUT6 (Prop_lut6_I1_O)        0.105    16.667 r  i_ariane/i_cva6/issue_stage_i/i_scoreboard/mem_q[1][sbe][rd][1]_i_2/O
                         net (fo=1, unplaced)         0.347    17.014    i_ariane/i_cva6/issue_stage_i/i_scoreboard/mem_q[1][sbe][rd][1]_i_2_n_0
                         LUT6 (Prop_lut6_I3_O)        0.105    17.119 r  i_ariane/i_cva6/issue_stage_i/i_scoreboard/mem_q[1][sbe][rd][1]_i_1/O
                         net (fo=1, unplaced)         0.000    17.119    i_ariane/i_cva6/issue_stage_i/i_scoreboard/mem_q[1][sbe][rd][1]_i_1_n_0
                         FDCE                                         r  i_ariane/i_cva6/issue_stage_i/i_scoreboard/mem_q_reg[1][sbe][rd][1]/D
  -------------------------------------------------------------------    -------------------

                         (clock sys_clk rise edge)    5.000     5.000 r  
                                                      0.000     5.000 r  clk_pad_i (IN)
                         net (fo=0)                   0.000     5.000    clk_pad_i
                         IBUF (Prop_ibuf_I_O)         1.352     6.352 r  clk_pad_i_IBUF_inst/O
                         net (fo=1, unplaced)         0.613     6.965    clk_pad_i_IBUF
                         BUFG (Prop_bufg_I_O)         0.077     7.042 r  i_clk_bufg/O
                         net (fo=7369, unplaced)      0.439     7.481    i_ariane/i_cva6/issue_stage_i/i_scoreboard/clk_core
                         FDCE                                         r  i_ariane/i_cva6/issue_stage_i/i_scoreboard/mem_q_reg[1][sbe][rd][1]/C
                         clock pessimism              0.106     7.587    
                         clock uncertainty           -0.135     7.452    
                         FDCE (Setup_fdce_C_D)        0.043     7.495    i_ariane/i_cva6/issue_stage_i/i_scoreboard/mem_q_reg[1][sbe][rd][1]
  -------------------------------------------------------------------
                         required time                          7.495    
                         arrival time                         -17.119    
  -------------------------------------------------------------------
                         slack                                 -9.624    

Slack (VIOLATED) :        -9.413ns  (required time - arrival time)
  Source:                 i_ariane/i_cva6/issue_stage_i/i_issue_read_operands/csr_valid_q_reg[0]/C
                            (rising edge-triggered cell FDCE clocked by sys_clk  {rise@0.000ns fall@2.500ns period=5.000ns})
  Destination:            i_ariane/i_cva6/issue_stage_i/i_scoreboard/mem_q_reg[1][sbe][rd][0]/D
                            (rising edge-triggered cell FDCE clocked by sys_clk  {rise@0.000ns fall@2.500ns period=5.000ns})
  Path Group:             sys_clk
  Path Type:              Setup (Max at Slow Process Corner)
  Requirement:            5.000ns  (sys_clk rise@5.000ns - sys_clk rise@0.000ns)
  Data Path Delay:        14.176ns  (logic 4.869ns (34.347%)  route 9.307ns (65.653%))
  Logic Levels:           35  (CARRY4=16 LUT3=1 LUT4=2 LUT5=1 LUT6=15)
  Clock Path Skew:        -0.145ns (DCD - SCD + CPR)
    Destination Clock Delay (DCD):    2.481ns = ( 7.481 - 5.000 ) 
    Source Clock Delay      (SCD):    2.732ns
    Clock Pessimism Removal (CPR):    0.106ns
  Clock Uncertainty:      0.135ns  ((TSJ^2 + TIJ^2)^1/2 + DJ) / 2 + PE + UU
    Total System Jitter     (TSJ):    0.071ns
    Total Input Jitter      (TIJ):    0.000ns
    Discrete Jitter          (DJ):    0.000ns
    Phase Error              (PE):    0.000ns
    User Uncertainty         (UU):    0.100ns

    Location             Delay type                Incr(ns)  Path(ns)    Netlist Resource(s)
  -------------------------------------------------------------------    -------------------
                         (clock sys_clk rise edge)    0.000     0.000 r  
                                                      0.000     0.000 r  clk_pad_i (IN)
                         net (fo=0)                   0.000     0.000    clk_pad_i
                         IBUF (Prop_ibuf_I_O)         1.418     1.418 r  clk_pad_i_IBUF_inst/O
                         net (fo=1, unplaced)         0.646     2.063    clk_pad_i_IBUF
                         BUFG (Prop_bufg_I_O)         0.085     2.148 r  i_clk_bufg/O
                         net (fo=7369, unplaced)      0.584     2.732    i_ariane/i_cva6/issue_stage_i/i_issue_read_operands/clk_core
                         FDCE                                         r  i_ariane/i_cva6/issue_stage_i/i_issue_read_operands/csr_valid_q_reg[0]/C
  -------------------------------------------------------------------    -------------------
                         FDCE (Prop_fdce_C_Q)         0.397     3.129 r  i_ariane/i_cva6/issue_stage_i/i_issue_read_operands/csr_valid_q_reg[0]/Q
                         net (fo=158, unplaced)       0.890     4.019    i_ariane/i_cva6/issue_stage_i/i_issue_read_operands/csr_valid_q_reg[0]_0
                         LUT6 (Prop_lut6_I0_O)        0.232     4.251 r  i_ariane/i_cva6/issue_stage_i/i_issue_read_operands/adder_result_ext_o_carry_i_13/O
                         net (fo=13, unplaced)        0.632     4.883    i_ariane/i_cva6/issue_stage_i/i_issue_read_operands/adder_result_ext_o_carry_i_13_n_0
                         LUT6 (Prop_lut6_I1_O)        0.105     4.988 f  i_ariane/i_cva6/issue_stage_i/i_issue_read_operands/adder_result_ext_o_carry_i_10/O
                         net (fo=3, unplaced)         0.346     5.334    i_ariane/i_cva6/issue_stage_i/i_issue_read_operands/adder_result_ext_o_carry_i_10_n_0
                         LUT6 (Prop_lut6_I0_O)        0.105     5.439 r  i_ariane/i_cva6/issue_stage_i/i_issue_read_operands/adder_result_ext_o_carry_i_16/O
                         net (fo=100, unplaced)       0.447     5.886    i_ariane/i_cva6/issue_stage_i/i_issue_read_operands/adder_result_ext_o_carry_i_16_n_0
                         LUT6 (Prop_lut6_I5_O)        0.105     5.991 r  i_ariane/i_cva6/issue_stage_i/i_issue_read_operands/adder_result_ext_o_carry_i_9/O
                         net (fo=1, unplaced)         0.528     6.519    i_ariane/i_cva6/ex_stage_i/alu_i/S[0]
                         CARRY4 (Prop_carry4_S[0]_CO[3])
                                                      0.528     7.047 r  i_ariane/i_cva6/ex_stage_i/alu_i/adder_result_ext_o_carry/CO[3]
                         net (fo=1, unplaced)         0.008     7.055    i_ariane/i_cva6/ex_stage_i/alu_i/adder_result_ext_o_carry_n_0
                         CARRY4 (Prop_carry4_CI_CO[3])
                                                      0.100     7.155 r  i_ariane/i_cva6/ex_stage_i/alu_i/adder_result_ext_o_carry__0/CO[3]
                         net (fo=1, unplaced)         0.000     7.155    i_ariane/i_cva6/ex_stage_i/alu_i/adder_result_ext_o_carry__0_n_0
                         CARRY4 (Prop_carry4_CI_CO[3])
                                                      0.100     7.255 r  i_ariane/i_cva6/ex_stage_i/alu_i/adder_result_ext_o_carry__1/CO[3]
                         net (fo=1, unplaced)         0.000     7.255    i_ariane/i_cva6/ex_stage_i/alu_i/adder_result_ext_o_carry__1_n_0
                         CARRY4 (Prop_carry4_CI_CO[3])
                                                      0.100     7.355 r  i_ariane/i_cva6/ex_stage_i/alu_i/adder_result_ext_o_carry__2/CO[3]
                         net (fo=1, unplaced)         0.000     7.355    i_ariane/i_cva6/ex_stage_i/alu_i/adder_result_ext_o_carry__2_n_0
                         CARRY4 (Prop_carry4_CI_CO[3])
                                                      0.100     7.455 r  i_ariane/i_cva6/ex_stage_i/alu_i/adder_result_ext_o_carry__3/CO[3]
                         net (fo=1, unplaced)         0.000     7.455    i_ariane/i_cva6/ex_stage_i/alu_i/adder_result_ext_o_carry__3_n_0
                         CARRY4 (Prop_carry4_CI_CO[3])
                                                      0.100     7.555 r  i_ariane/i_cva6/ex_stage_i/alu_i/adder_result_ext_o_carry__4/CO[3]
                         net (fo=1, unplaced)         0.000     7.555    i_ariane/i_cva6/ex_stage_i/alu_i/adder_result_ext_o_carry__4_n_0
                         CARRY4 (Prop_carry4_CI_CO[3])
                                                      0.100     7.655 r  i_ariane/i_cva6/ex_stage_i/alu_i/adder_result_ext_o_carry__5/CO[3]
                         net (fo=1, unplaced)         0.000     7.655    i_ariane/i_cva6/ex_stage_i/alu_i/adder_result_ext_o_carry__5_n_0
                         CARRY4 (Prop_carry4_CI_CO[3])
                                                      0.100     7.755 r  i_ariane/i_cva6/ex_stage_i/alu_i/adder_result_ext_o_carry__6/CO[3]
                         net (fo=1, unplaced)         0.000     7.755    i_ariane/i_cva6/ex_stage_i/alu_i/adder_result_ext_o_carry__6_n_0
                         CARRY4 (Prop_carry4_CI_CO[3])
                                                      0.100     7.855 r  i_ariane/i_cva6/ex_stage_i/alu_i/adder_result_ext_o_carry__7/CO[3]
                         net (fo=1, unplaced)         0.000     7.855    i_ariane/i_cva6/ex_stage_i/alu_i/adder_result_ext_o_carry__7_n_0
                         CARRY4 (Prop_carry4_CI_CO[3])
                                                      0.100     7.955 r  i_ariane/i_cva6/ex_stage_i/alu_i/adder_result_ext_o_carry__8/CO[3]
                         net (fo=1, unplaced)         0.000     7.955    i_ariane/i_cva6/ex_stage_i/alu_i/adder_result_ext_o_carry__8_n_0
                         CARRY4 (Prop_carry4_CI_CO[3])
                                                      0.100     8.055 r  i_ariane/i_cva6/ex_stage_i/alu_i/adder_result_ext_o_carry__9/CO[3]
                         net (fo=1, unplaced)         0.000     8.055    i_ariane/i_cva6/ex_stage_i/alu_i/adder_result_ext_o_carry__9_n_0
                         CARRY4 (Prop_carry4_CI_CO[3])
                                                      0.100     8.155 r  i_ariane/i_cva6/ex_stage_i/alu_i/adder_result_ext_o_carry__10/CO[3]
                         net (fo=1, unplaced)         0.000     8.155    i_ariane/i_cva6/ex_stage_i/alu_i/adder_result_ext_o_carry__10_n_0
                         CARRY4 (Prop_carry4_CI_CO[3])
                                                      0.100     8.255 r  i_ariane/i_cva6/ex_stage_i/alu_i/adder_result_ext_o_carry__11/CO[3]
                         net (fo=1, unplaced)         0.000     8.255    i_ariane/i_cva6/ex_stage_i/alu_i/adder_result_ext_o_carry__11_n_0
                         CARRY4 (Prop_carry4_CI_CO[3])
                                                      0.100     8.355 r  i_ariane/i_cva6/ex_stage_i/alu_i/adder_result_ext_o_carry__12/CO[3]
                         net (fo=1, unplaced)         0.000     8.355    i_ariane/i_cva6/ex_stage_i/alu_i/adder_result_ext_o_carry__12_n_0
                         CARRY4 (Prop_carry4_CI_CO[3])
                                                      0.100     8.455 r  i_ariane/i_cva6/ex_stage_i/alu_i/adder_result_ext_o_carry__13/CO[3]
                         net (fo=1, unplaced)         0.000     8.455    i_ariane/i_cva6/ex_stage_i/alu_i/adder_result_ext_o_carry__13_n_0
                         CARRY4 (Prop_carry4_CI_O[3])
                                                      0.277     8.732 r  i_ariane/i_cva6/ex_stage_i/alu_i/adder_result_ext_o_carry__14/O[3]
                         net (fo=2, unplaced)         0.487     9.219    i_ariane/i_cva6/issue_stage_i/i_issue_read_operands/adder_result[63]
                         LUT4 (Prop_lut4_I1_O)        0.250     9.469 r  i_ariane/i_cva6/issue_stage_i/i_issue_read_operands/i___65_i_25/O
                         net (fo=1, unplaced)         0.347     9.816    i_ariane/i_cva6/ex_stage_i/alu_i/i___65_i_10_1
                         LUT5 (Prop_lut5_I4_O)        0.105     9.921 r  i_ariane/i_cva6/ex_stage_i/alu_i/i___65_i_21/O
                         net (fo=1, unplaced)         0.347    10.268    i_ariane/i_cva6/ex_stage_i/alu_i/i___65_i_21_n_0
                         LUT6 (Prop_lut6_I5_O)        0.105    10.373 r  i_ariane/i_cva6/ex_stage_i/alu_i/i___65_i_10/O
                         net (fo=2, unplaced)         0.358    10.731    i_ariane/i_cva6/ex_stage_i/alu_i/i___65_i_10_n_0
                         LUT6 (Prop_lut6_I3_O)        0.105    10.836 f  i_ariane/i_cva6/ex_stage_i/alu_i/i___65_i_4/O
                         net (fo=1, unplaced)         0.347    11.183    i_ariane/i_cva6/issue_stage_i/i_issue_read_operands/issue_q[0][valid]_i_4_0
                         LUT6 (Prop_lut6_I3_O)        0.105    11.288 r  i_ariane/i_cva6/issue_stage_i/i_issue_read_operands/i___65_i_1__0/O
                         net (fo=70, unplaced)        0.438    11.726    i_ariane/i_cva6/issue_stage_i/i_issue_read_operands/fu_data_q_reg[0][operation][0]_32
                         LUT6 (Prop_lut6_I1_O)        0.105    11.831 f  i_ariane/i_cva6/issue_stage_i/i_issue_read_operands/npc_q[63]_bret__277_i_2/O
                         net (fo=9, unplaced)         0.388    12.219    i_ariane/i_cva6/controller_i/resolved_branch[is_mispredict]
                         LUT6 (Prop_lut6_I3_O)        0.105    12.324 f  i_ariane/i_cva6/controller_i/i___63_i_1/O
                         net (fo=40, unplaced)        0.424    12.748    i_ariane/i_cva6/id_stage_i/flush_ctrl_if
                         LUT6 (Prop_lut6_I1_O)        0.105    12.853 f  i_ariane/i_cva6/id_stage_i/top_id_q[1]_i_2/O
                         net (fo=7, unplaced)         0.382    13.235    i_ariane/i_cva6/issue_stage_i/i_scoreboard/FSM_onehot_wstate_q_reg[0]_1
                         LUT6 (Prop_lut6_I0_O)        0.105    13.340 f  i_ariane/i_cva6/issue_stage_i/i_scoreboard/i__i_6__0/O
                         net (fo=3, unplaced)         0.365    13.705    i_ariane/i_cva6/issue_stage_i/i_scoreboard/FSM_onehot_wstate_q_reg[0]_0
                         LUT6 (Prop_lut6_I4_O)        0.105    13.810 f  i_ariane/i_cva6/issue_stage_i/i_scoreboard/i__i_1__0/O
                         net (fo=58, unplaced)        0.433    14.243    i_ariane/i_cva6/issue_stage_i/i_scoreboard/issue_q_reg[0][sbe][valid]
                         LUT3 (Prop_lut3_I0_O)        0.105    14.348 r  i_ariane/i_cva6/issue_stage_i/i_scoreboard/mem_q[3][sbe][pc][63]_i_1/O
                         net (fo=79, unplaced)        0.441    14.789    i_ariane/i_cva6/issue_stage_i/i_scoreboard/mem_q[3][sbe][pc][63]_i_1_n_0
                         LUT6 (Prop_lut6_I2_O)        0.105    14.894 r  i_ariane/i_cva6/issue_stage_i/i_scoreboard/mem_q[0][sbe][rd][4]_i_13/O
                         net (fo=1, unplaced)         0.938    15.832    i_ariane/i_cva6/issue_stage_i/i_scoreboard/mem_q[0][sbe][rd][4]_i_13_n_0
                         LUT6 (Prop_lut6_I1_O)        0.105    15.937 r  i_ariane/i_cva6/issue_stage_i/i_scoreboard/mem_q[0][sbe][rd][4]_i_6/O
                         net (fo=10, unplaced)        0.390    16.327    i_ariane/i_cva6/ex_stage_i/lsu_i/i_pipe_reg_load/mem_q_reg[0][sbe][rd][2]_4
                         LUT4 (Prop_lut4_I2_O)        0.105    16.432 r  i_ariane/i_cva6/ex_stage_i/lsu_i/i_pipe_reg_load/mem_q[1][sbe][rd][4]_i_5/O
                         net (fo=4, unplaced)         0.371    16.803    i_ariane/i_cva6/issue_stage_i/i_scoreboard/mem_q_reg[1][sbe][rd][4]_2
                         LUT6 (Prop_lut6_I4_O)        0.105    16.908 r  i_ariane/i_cva6/issue_stage_i/i_scoreboard/mem_q[1][sbe][rd][0]_i_1/O
                         net (fo=1, unplaced)         0.000    16.908    i_ariane/i_cva6/issue_stage_i/i_scoreboard/mem_q[1][sbe][rd][0]_i_1_n_0
                         FDCE                                         r  i_ariane/i_cva6/issue_stage_i/i_scoreboard/mem_q_reg[1][sbe][rd][0]/D
  -------------------------------------------------------------------    -------------------

                         (clock sys_clk rise edge)    5.000     5.000 r  
                                                      0.000     5.000 r  clk_pad_i (IN)
                         net (fo=0)                   0.000     5.000    clk_pad_i
                         IBUF (Prop_ibuf_I_O)         1.352     6.352 r  clk_pad_i_IBUF_inst/O
                         net (fo=1, unplaced)         0.613     6.965    clk_pad_i_IBUF
                         BUFG (Prop_bufg_I_O)         0.077     7.042 r  i_clk_bufg/O
                         net (fo=7369, unplaced)      0.439     7.481    i_ariane/i_cva6/issue_stage_i/i_scoreboard/clk_core
                         FDCE                                         r  i_ariane/i_cva6/issue_stage_i/i_scoreboard/mem_q_reg[1][sbe][rd][0]/C
                         clock pessimism              0.106     7.587    
                         clock uncertainty           -0.135     7.452    
                         FDCE (Setup_fdce_C_D)        0.043     7.495    i_ariane/i_cva6/issue_stage_i/i_scoreboard/mem_q_reg[1][sbe][rd][0]
  -------------------------------------------------------------------
                         required time                          7.495    
                         arrival time                         -16.908    
  -------------------------------------------------------------------
                         slack                                 -9.413    

Slack (VIOLATED) :        -9.413ns  (required time - arrival time)
  Source:                 i_ariane/i_cva6/issue_stage_i/i_issue_read_operands/csr_valid_q_reg[0]/C
                            (rising edge-triggered cell FDCE clocked by sys_clk  {rise@0.000ns fall@2.500ns period=5.000ns})
  Destination:            i_ariane/i_cva6/issue_stage_i/i_scoreboard/mem_q_reg[1][sbe][rd][2]/D
                            (rising edge-triggered cell FDCE clocked by sys_clk  {rise@0.000ns fall@2.500ns period=5.000ns})
  Path Group:             sys_clk
  Path Type:              Setup (Max at Slow Process Corner)
  Requirement:            5.000ns  (sys_clk rise@5.000ns - sys_clk rise@0.000ns)
  Data Path Delay:        14.176ns  (logic 4.869ns (34.347%)  route 9.307ns (65.653%))
  Logic Levels:           35  (CARRY4=16 LUT3=1 LUT4=2 LUT5=1 LUT6=15)
  Clock Path Skew:        -0.145ns (DCD - SCD + CPR)
    Destination Clock Delay (DCD):    2.481ns = ( 7.481 - 5.000 ) 
    Source Clock Delay      (SCD):    2.732ns
    Clock Pessimism Removal (CPR):    0.106ns
  Clock Uncertainty:      0.135ns  ((TSJ^2 + TIJ^2)^1/2 + DJ) / 2 + PE + UU
    Total System Jitter     (TSJ):    0.071ns
    Total Input Jitter      (TIJ):    0.000ns
    Discrete Jitter          (DJ):    0.000ns
    Phase Error              (PE):    0.000ns
    User Uncertainty         (UU):    0.100ns

    Location             Delay type                Incr(ns)  Path(ns)    Netlist Resource(s)
  -------------------------------------------------------------------    -------------------
                         (clock sys_clk rise edge)    0.000     0.000 r  
                                                      0.000     0.000 r  clk_pad_i (IN)
                         net (fo=0)                   0.000     0.000    clk_pad_i
                         IBUF (Prop_ibuf_I_O)         1.418     1.418 r  clk_pad_i_IBUF_inst/O
                         net (fo=1, unplaced)         0.646     2.063    clk_pad_i_IBUF
                         BUFG (Prop_bufg_I_O)         0.085     2.148 r  i_clk_bufg/O
                         net (fo=7369, unplaced)      0.584     2.732    i_ariane/i_cva6/issue_stage_i/i_issue_read_operands/clk_core
                         FDCE                                         r  i_ariane/i_cva6/issue_stage_i/i_issue_read_operands/csr_valid_q_reg[0]/C
  -------------------------------------------------------------------    -------------------
                         FDCE (Prop_fdce_C_Q)         0.397     3.129 r  i_ariane/i_cva6/issue_stage_i/i_issue_read_operands/csr_valid_q_reg[0]/Q
                         net (fo=158, unplaced)       0.890     4.019    i_ariane/i_cva6/issue_stage_i/i_issue_read_operands/csr_valid_q_reg[0]_0
                         LUT6 (Prop_lut6_I0_O)        0.232     4.251 r  i_ariane/i_cva6/issue_stage_i/i_issue_read_operands/adder_result_ext_o_carry_i_13/O
                         net (fo=13, unplaced)        0.632     4.883    i_ariane/i_cva6/issue_stage_i/i_issue_read_operands/adder_result_ext_o_carry_i_13_n_0
                         LUT6 (Prop_lut6_I1_O)        0.105     4.988 f  i_ariane/i_cva6/issue_stage_i/i_issue_read_operands/adder_result_ext_o_carry_i_10/O
                         net (fo=3, unplaced)         0.346     5.334    i_ariane/i_cva6/issue_stage_i/i_issue_read_operands/adder_result_ext_o_carry_i_10_n_0
                         LUT6 (Prop_lut6_I0_O)        0.105     5.439 r  i_ariane/i_cva6/issue_stage_i/i_issue_read_operands/adder_result_ext_o_carry_i_16/O
                         net (fo=100, unplaced)       0.447     5.886    i_ariane/i_cva6/issue_stage_i/i_issue_read_operands/adder_result_ext_o_carry_i_16_n_0
                         LUT6 (Prop_lut6_I5_O)        0.105     5.991 r  i_ariane/i_cva6/issue_stage_i/i_issue_read_operands/adder_result_ext_o_carry_i_9/O
                         net (fo=1, unplaced)         0.528     6.519    i_ariane/i_cva6/ex_stage_i/alu_i/S[0]
                         CARRY4 (Prop_carry4_S[0]_CO[3])
                                                      0.528     7.047 r  i_ariane/i_cva6/ex_stage_i/alu_i/adder_result_ext_o_carry/CO[3]
                         net (fo=1, unplaced)         0.008     7.055    i_ariane/i_cva6/ex_stage_i/alu_i/adder_result_ext_o_carry_n_0
                         CARRY4 (Prop_carry4_CI_CO[3])
                                                      0.100     7.155 r  i_ariane/i_cva6/ex_stage_i/alu_i/adder_result_ext_o_carry__0/CO[3]
                         net (fo=1, unplaced)         0.000     7.155    i_ariane/i_cva6/ex_stage_i/alu_i/adder_result_ext_o_carry__0_n_0
                         CARRY4 (Prop_carry4_CI_CO[3])
                                                      0.100     7.255 r  i_ariane/i_cva6/ex_stage_i/alu_i/adder_result_ext_o_carry__1/CO[3]
                         net (fo=1, unplaced)         0.000     7.255    i_ariane/i_cva6/ex_stage_i/alu_i/adder_result_ext_o_carry__1_n_0
                         CARRY4 (Prop_carry4_CI_CO[3])
                                                      0.100     7.355 r  i_ariane/i_cva6/ex_stage_i/alu_i/adder_result_ext_o_carry__2/CO[3]
                         net (fo=1, unplaced)         0.000     7.355    i_ariane/i_cva6/ex_stage_i/alu_i/adder_result_ext_o_carry__2_n_0
                         CARRY4 (Prop_carry4_CI_CO[3])
                                                      0.100     7.455 r  i_ariane/i_cva6/ex_stage_i/alu_i/adder_result_ext_o_carry__3/CO[3]
                         net (fo=1, unplaced)         0.000     7.455    i_ariane/i_cva6/ex_stage_i/alu_i/adder_result_ext_o_carry__3_n_0
                         CARRY4 (Prop_carry4_CI_CO[3])
                                                      0.100     7.555 r  i_ariane/i_cva6/ex_stage_i/alu_i/adder_result_ext_o_carry__4/CO[3]
                         net (fo=1, unplaced)         0.000     7.555    i_ariane/i_cva6/ex_stage_i/alu_i/adder_result_ext_o_carry__4_n_0
                         CARRY4 (Prop_carry4_CI_CO[3])
                                                      0.100     7.655 r  i_ariane/i_cva6/ex_stage_i/alu_i/adder_result_ext_o_carry__5/CO[3]
                         net (fo=1, unplaced)         0.000     7.655    i_ariane/i_cva6/ex_stage_i/alu_i/adder_result_ext_o_carry__5_n_0
                         CARRY4 (Prop_carry4_CI_CO[3])
                                                      0.100     7.755 r  i_ariane/i_cva6/ex_stage_i/alu_i/adder_result_ext_o_carry__6/CO[3]
                         net (fo=1, unplaced)         0.000     7.755    i_ariane/i_cva6/ex_stage_i/alu_i/adder_result_ext_o_carry__6_n_0
                         CARRY4 (Prop_carry4_CI_CO[3])
                                                      0.100     7.855 r  i_ariane/i_cva6/ex_stage_i/alu_i/adder_result_ext_o_carry__7/CO[3]
                         net (fo=1, unplaced)         0.000     7.855    i_ariane/i_cva6/ex_stage_i/alu_i/adder_result_ext_o_carry__7_n_0
                         CARRY4 (Prop_carry4_CI_CO[3])
                                                      0.100     7.955 r  i_ariane/i_cva6/ex_stage_i/alu_i/adder_result_ext_o_carry__8/CO[3]
                         net (fo=1, unplaced)         0.000     7.955    i_ariane/i_cva6/ex_stage_i/alu_i/adder_result_ext_o_carry__8_n_0
                         CARRY4 (Prop_carry4_CI_CO[3])
                                                      0.100     8.055 r  i_ariane/i_cva6/ex_stage_i/alu_i/adder_result_ext_o_carry__9/CO[3]
                         net (fo=1, unplaced)         0.000     8.055    i_ariane/i_cva6/ex_stage_i/alu_i/adder_result_ext_o_carry__9_n_0
                         CARRY4 (Prop_carry4_CI_CO[3])
                                                      0.100     8.155 r  i_ariane/i_cva6/ex_stage_i/alu_i/adder_result_ext_o_carry__10/CO[3]
                         net (fo=1, unplaced)         0.000     8.155    i_ariane/i_cva6/ex_stage_i/alu_i/adder_result_ext_o_carry__10_n_0
                         CARRY4 (Prop_carry4_CI_CO[3])
                                                      0.100     8.255 r  i_ariane/i_cva6/ex_stage_i/alu_i/adder_result_ext_o_carry__11/CO[3]
                         net (fo=1, unplaced)         0.000     8.255    i_ariane/i_cva6/ex_stage_i/alu_i/adder_result_ext_o_carry__11_n_0
                         CARRY4 (Prop_carry4_CI_CO[3])
                                                      0.100     8.355 r  i_ariane/i_cva6/ex_stage_i/alu_i/adder_result_ext_o_carry__12/CO[3]
                         net (fo=1, unplaced)         0.000     8.355    i_ariane/i_cva6/ex_stage_i/alu_i/adder_result_ext_o_carry__12_n_0
                         CARRY4 (Prop_carry4_CI_CO[3])
                                                      0.100     8.455 r  i_ariane/i_cva6/ex_stage_i/alu_i/adder_result_ext_o_carry__13/CO[3]
                         net (fo=1, unplaced)         0.000     8.455    i_ariane/i_cva6/ex_stage_i/alu_i/adder_result_ext_o_carry__13_n_0
                         CARRY4 (Prop_carry4_CI_O[3])
                                                      0.277     8.732 r  i_ariane/i_cva6/ex_stage_i/alu_i/adder_result_ext_o_carry__14/O[3]
                         net (fo=2, unplaced)         0.487     9.219    i_ariane/i_cva6/issue_stage_i/i_issue_read_operands/adder_result[63]
                         LUT4 (Prop_lut4_I1_O)        0.250     9.469 r  i_ariane/i_cva6/issue_stage_i/i_issue_read_operands/i___65_i_25/O
                         net (fo=1, unplaced)         0.347     9.816    i_ariane/i_cva6/ex_stage_i/alu_i/i___65_i_10_1
                         LUT5 (Prop_lut5_I4_O)        0.105     9.921 r  i_ariane/i_cva6/ex_stage_i/alu_i/i___65_i_21/O
                         net (fo=1, unplaced)         0.347    10.268    i_ariane/i_cva6/ex_stage_i/alu_i/i___65_i_21_n_0
                         LUT6 (Prop_lut6_I5_O)        0.105    10.373 r  i_ariane/i_cva6/ex_stage_i/alu_i/i___65_i_10/O
                         net (fo=2, unplaced)         0.358    10.731    i_ariane/i_cva6/ex_stage_i/alu_i/i___65_i_10_n_0
                         LUT6 (Prop_lut6_I3_O)        0.105    10.836 f  i_ariane/i_cva6/ex_stage_i/alu_i/i___65_i_4/O
                         net (fo=1, unplaced)         0.347    11.183    i_ariane/i_cva6/issue_stage_i/i_issue_read_operands/issue_q[0][valid]_i_4_0
                         LUT6 (Prop_lut6_I3_O)        0.105    11.288 r  i_ariane/i_cva6/issue_stage_i/i_issue_read_operands/i___65_i_1__0/O
                         net (fo=70, unplaced)        0.438    11.726    i_ariane/i_cva6/issue_stage_i/i_issue_read_operands/fu_data_q_reg[0][operation][0]_32
                         LUT6 (Prop_lut6_I1_O)        0.105    11.831 f  i_ariane/i_cva6/issue_stage_i/i_issue_read_operands/npc_q[63]_bret__277_i_2/O
                         net (fo=9, unplaced)         0.388    12.219    i_ariane/i_cva6/controller_i/resolved_branch[is_mispredict]
                         LUT6 (Prop_lut6_I3_O)        0.105    12.324 f  i_ariane/i_cva6/controller_i/i___63_i_1/O
                         net (fo=40, unplaced)        0.424    12.748    i_ariane/i_cva6/id_stage_i/flush_ctrl_if
                         LUT6 (Prop_lut6_I1_O)        0.105    12.853 f  i_ariane/i_cva6/id_stage_i/top_id_q[1]_i_2/O
                         net (fo=7, unplaced)         0.382    13.235    i_ariane/i_cva6/issue_stage_i/i_scoreboard/FSM_onehot_wstate_q_reg[0]_1
                         LUT6 (Prop_lut6_I0_O)        0.105    13.340 f  i_ariane/i_cva6/issue_stage_i/i_scoreboard/i__i_6__0/O
                         net (fo=3, unplaced)         0.365    13.705    i_ariane/i_cva6/issue_stage_i/i_scoreboard/FSM_onehot_wstate_q_reg[0]_0
                         LUT6 (Prop_lut6_I4_O)        0.105    13.810 f  i_ariane/i_cva6/issue_stage_i/i_scoreboard/i__i_1__0/O
                         net (fo=58, unplaced)        0.433    14.243    i_ariane/i_cva6/issue_stage_i/i_scoreboard/issue_q_reg[0][sbe][valid]
                         LUT3 (Prop_lut3_I0_O)        0.105    14.348 r  i_ariane/i_cva6/issue_stage_i/i_scoreboard/mem_q[3][sbe][pc][63]_i_1/O
                         net (fo=79, unplaced)        0.441    14.789    i_ariane/i_cva6/issue_stage_i/i_scoreboard/mem_q[3][sbe][pc][63]_i_1_n_0
                         LUT6 (Prop_lut6_I2_O)        0.105    14.894 r  i_ariane/i_cva6/issue_stage_i/i_scoreboard/mem_q[0][sbe][rd][4]_i_13/O
                         net (fo=1, unplaced)         0.938    15.832    i_ariane/i_cva6/issue_stage_i/i_scoreboard/mem_q[0][sbe][rd][4]_i_13_n_0
                         LUT6 (Prop_lut6_I1_O)        0.105    15.937 r  i_ariane/i_cva6/issue_stage_i/i_scoreboard/mem_q[0][sbe][rd][4]_i_6/O
                         net (fo=10, unplaced)        0.390    16.327    i_ariane/i_cva6/ex_stage_i/lsu_i/i_pipe_reg_load/mem_q_reg[0][sbe][rd][2]_4
                         LUT4 (Prop_lut4_I2_O)        0.105    16.432 r  i_ariane/i_cva6/ex_stage_i/lsu_i/i_pipe_reg_load/mem_q[1][sbe][rd][4]_i_5/O
                         net (fo=4, unplaced)         0.371    16.803    i_ariane/i_cva6/issue_stage_i/i_scoreboard/mem_q_reg[1][sbe][rd][4]_2
                         LUT6 (Prop_lut6_I4_O)        0.105    16.908 r  i_ariane/i_cva6/issue_stage_i/i_scoreboard/mem_q[1][sbe][rd][2]_i_1/O
                         net (fo=1, unplaced)         0.000    16.908    i_ariane/i_cva6/issue_stage_i/i_scoreboard/mem_q[1][sbe][rd][2]_i_1_n_0
                         FDCE                                         r  i_ariane/i_cva6/issue_stage_i/i_scoreboard/mem_q_reg[1][sbe][rd][2]/D
  -------------------------------------------------------------------    -------------------

                         (clock sys_clk rise edge)    5.000     5.000 r  
                                                      0.000     5.000 r  clk_pad_i (IN)
                         net (fo=0)                   0.000     5.000    clk_pad_i
                         IBUF (Prop_ibuf_I_O)         1.352     6.352 r  clk_pad_i_IBUF_inst/O
                         net (fo=1, unplaced)         0.613     6.965    clk_pad_i_IBUF
                         BUFG (Prop_bufg_I_O)         0.077     7.042 r  i_clk_bufg/O
                         net (fo=7369, unplaced)      0.439     7.481    i_ariane/i_cva6/issue_stage_i/i_scoreboard/clk_core
                         FDCE                                         r  i_ariane/i_cva6/issue_stage_i/i_scoreboard/mem_q_reg[1][sbe][rd][2]/C
                         clock pessimism              0.106     7.587    
                         clock uncertainty           -0.135     7.452    
                         FDCE (Setup_fdce_C_D)        0.043     7.495    i_ariane/i_cva6/issue_stage_i/i_scoreboard/mem_q_reg[1][sbe][rd][2]
  -------------------------------------------------------------------
                         required time                          7.495    
                         arrival time                         -16.908    
  -------------------------------------------------------------------
                         slack                                 -9.413    

Slack (VIOLATED) :        -9.413ns  (required time - arrival time)
  Source:                 i_ariane/i_cva6/issue_stage_i/i_issue_read_operands/csr_valid_q_reg[0]/C
                            (rising edge-triggered cell FDCE clocked by sys_clk  {rise@0.000ns fall@2.500ns period=5.000ns})
  Destination:            i_ariane/i_cva6/issue_stage_i/i_scoreboard/mem_q_reg[1][sbe][rd][3]/D
                            (rising edge-triggered cell FDCE clocked by sys_clk  {rise@0.000ns fall@2.500ns period=5.000ns})
  Path Group:             sys_clk
  Path Type:              Setup (Max at Slow Process Corner)
  Requirement:            5.000ns  (sys_clk rise@5.000ns - sys_clk rise@0.000ns)
  Data Path Delay:        14.176ns  (logic 4.869ns (34.347%)  route 9.307ns (65.653%))
  Logic Levels:           35  (CARRY4=16 LUT3=1 LUT4=2 LUT5=1 LUT6=15)
  Clock Path Skew:        -0.145ns (DCD - SCD + CPR)
    Destination Clock Delay (DCD):    2.481ns = ( 7.481 - 5.000 ) 
    Source Clock Delay      (SCD):    2.732ns
    Clock Pessimism Removal (CPR):    0.106ns
  Clock Uncertainty:      0.135ns  ((TSJ^2 + TIJ^2)^1/2 + DJ) / 2 + PE + UU
    Total System Jitter     (TSJ):    0.071ns
    Total Input Jitter      (TIJ):    0.000ns
    Discrete Jitter          (DJ):    0.000ns
    Phase Error              (PE):    0.000ns
    User Uncertainty         (UU):    0.100ns

    Location             Delay type                Incr(ns)  Path(ns)    Netlist Resource(s)
  -------------------------------------------------------------------    -------------------
                         (clock sys_clk rise edge)    0.000     0.000 r  
                                                      0.000     0.000 r  clk_pad_i (IN)
                         net (fo=0)                   0.000     0.000    clk_pad_i
                         IBUF (Prop_ibuf_I_O)         1.418     1.418 r  clk_pad_i_IBUF_inst/O
                         net (fo=1, unplaced)         0.646     2.063    clk_pad_i_IBUF
                         BUFG (Prop_bufg_I_O)         0.085     2.148 r  i_clk_bufg/O
                         net (fo=7369, unplaced)      0.584     2.732    i_ariane/i_cva6/issue_stage_i/i_issue_read_operands/clk_core
                         FDCE                                         r  i_ariane/i_cva6/issue_stage_i/i_issue_read_operands/csr_valid_q_reg[0]/C
  -------------------------------------------------------------------    -------------------
                         FDCE (Prop_fdce_C_Q)         0.397     3.129 r  i_ariane/i_cva6/issue_stage_i/i_issue_read_operands/csr_valid_q_reg[0]/Q
                         net (fo=158, unplaced)       0.890     4.019    i_ariane/i_cva6/issue_stage_i/i_issue_read_operands/csr_valid_q_reg[0]_0
                         LUT6 (Prop_lut6_I0_O)        0.232     4.251 r  i_ariane/i_cva6/issue_stage_i/i_issue_read_operands/adder_result_ext_o_carry_i_13/O
                         net (fo=13, unplaced)        0.632     4.883    i_ariane/i_cva6/issue_stage_i/i_issue_read_operands/adder_result_ext_o_carry_i_13_n_0
                         LUT6 (Prop_lut6_I1_O)        0.105     4.988 f  i_ariane/i_cva6/issue_stage_i/i_issue_read_operands/adder_result_ext_o_carry_i_10/O
                         net (fo=3, unplaced)         0.346     5.334    i_ariane/i_cva6/issue_stage_i/i_issue_read_operands/adder_result_ext_o_carry_i_10_n_0
                         LUT6 (Prop_lut6_I0_O)        0.105     5.439 r  i_ariane/i_cva6/issue_stage_i/i_issue_read_operands/adder_result_ext_o_carry_i_16/O
                         net (fo=100, unplaced)       0.447     5.886    i_ariane/i_cva6/issue_stage_i/i_issue_read_operands/adder_result_ext_o_carry_i_16_n_0
                         LUT6 (Prop_lut6_I5_O)        0.105     5.991 r  i_ariane/i_cva6/issue_stage_i/i_issue_read_operands/adder_result_ext_o_carry_i_9/O
                         net (fo=1, unplaced)         0.528     6.519    i_ariane/i_cva6/ex_stage_i/alu_i/S[0]
                         CARRY4 (Prop_carry4_S[0]_CO[3])
                                                      0.528     7.047 r  i_ariane/i_cva6/ex_stage_i/alu_i/adder_result_ext_o_carry/CO[3]
                         net (fo=1, unplaced)         0.008     7.055    i_ariane/i_cva6/ex_stage_i/alu_i/adder_result_ext_o_carry_n_0
                         CARRY4 (Prop_carry4_CI_CO[3])
                                                      0.100     7.155 r  i_ariane/i_cva6/ex_stage_i/alu_i/adder_result_ext_o_carry__0/CO[3]
                         net (fo=1, unplaced)         0.000     7.155    i_ariane/i_cva6/ex_stage_i/alu_i/adder_result_ext_o_carry__0_n_0
                         CARRY4 (Prop_carry4_CI_CO[3])
                                                      0.100     7.255 r  i_ariane/i_cva6/ex_stage_i/alu_i/adder_result_ext_o_carry__1/CO[3]
                         net (fo=1, unplaced)         0.000     7.255    i_ariane/i_cva6/ex_stage_i/alu_i/adder_result_ext_o_carry__1_n_0
                         CARRY4 (Prop_carry4_CI_CO[3])
                                                      0.100     7.355 r  i_ariane/i_cva6/ex_stage_i/alu_i/adder_result_ext_o_carry__2/CO[3]
                         net (fo=1, unplaced)         0.000     7.355    i_ariane/i_cva6/ex_stage_i/alu_i/adder_result_ext_o_carry__2_n_0
                         CARRY4 (Prop_carry4_CI_CO[3])
                                                      0.100     7.455 r  i_ariane/i_cva6/ex_stage_i/alu_i/adder_result_ext_o_carry__3/CO[3]
                         net (fo=1, unplaced)         0.000     7.455    i_ariane/i_cva6/ex_stage_i/alu_i/adder_result_ext_o_carry__3_n_0
                         CARRY4 (Prop_carry4_CI_CO[3])
                                                      0.100     7.555 r  i_ariane/i_cva6/ex_stage_i/alu_i/adder_result_ext_o_carry__4/CO[3]
                         net (fo=1, unplaced)         0.000     7.555    i_ariane/i_cva6/ex_stage_i/alu_i/adder_result_ext_o_carry__4_n_0
                         CARRY4 (Prop_carry4_CI_CO[3])
                                                      0.100     7.655 r  i_ariane/i_cva6/ex_stage_i/alu_i/adder_result_ext_o_carry__5/CO[3]
                         net (fo=1, unplaced)         0.000     7.655    i_ariane/i_cva6/ex_stage_i/alu_i/adder_result_ext_o_carry__5_n_0
                         CARRY4 (Prop_carry4_CI_CO[3])
                                                      0.100     7.755 r  i_ariane/i_cva6/ex_stage_i/alu_i/adder_result_ext_o_carry__6/CO[3]
                         net (fo=1, unplaced)         0.000     7.755    i_ariane/i_cva6/ex_stage_i/alu_i/adder_result_ext_o_carry__6_n_0
                         CARRY4 (Prop_carry4_CI_CO[3])
                                                      0.100     7.855 r  i_ariane/i_cva6/ex_stage_i/alu_i/adder_result_ext_o_carry__7/CO[3]
                         net (fo=1, unplaced)         0.000     7.855    i_ariane/i_cva6/ex_stage_i/alu_i/adder_result_ext_o_carry__7_n_0
                         CARRY4 (Prop_carry4_CI_CO[3])
                                                      0.100     7.955 r  i_ariane/i_cva6/ex_stage_i/alu_i/adder_result_ext_o_carry__8/CO[3]
                         net (fo=1, unplaced)         0.000     7.955    i_ariane/i_cva6/ex_stage_i/alu_i/adder_result_ext_o_carry__8_n_0
                         CARRY4 (Prop_carry4_CI_CO[3])
                                                      0.100     8.055 r  i_ariane/i_cva6/ex_stage_i/alu_i/adder_result_ext_o_carry__9/CO[3]
                         net (fo=1, unplaced)         0.000     8.055    i_ariane/i_cva6/ex_stage_i/alu_i/adder_result_ext_o_carry__9_n_0
                         CARRY4 (Prop_carry4_CI_CO[3])
                                                      0.100     8.155 r  i_ariane/i_cva6/ex_stage_i/alu_i/adder_result_ext_o_carry__10/CO[3]
                         net (fo=1, unplaced)         0.000     8.155    i_ariane/i_cva6/ex_stage_i/alu_i/adder_result_ext_o_carry__10_n_0
                         CARRY4 (Prop_carry4_CI_CO[3])
                                                      0.100     8.255 r  i_ariane/i_cva6/ex_stage_i/alu_i/adder_result_ext_o_carry__11/CO[3]
                         net (fo=1, unplaced)         0.000     8.255    i_ariane/i_cva6/ex_stage_i/alu_i/adder_result_ext_o_carry__11_n_0
                         CARRY4 (Prop_carry4_CI_CO[3])
                                                      0.100     8.355 r  i_ariane/i_cva6/ex_stage_i/alu_i/adder_result_ext_o_carry__12/CO[3]
                         net (fo=1, unplaced)         0.000     8.355    i_ariane/i_cva6/ex_stage_i/alu_i/adder_result_ext_o_carry__12_n_0
                         CARRY4 (Prop_carry4_CI_CO[3])
                                                      0.100     8.455 r  i_ariane/i_cva6/ex_stage_i/alu_i/adder_result_ext_o_carry__13/CO[3]
                         net (fo=1, unplaced)         0.000     8.455    i_ariane/i_cva6/ex_stage_i/alu_i/adder_result_ext_o_carry__13_n_0
                         CARRY4 (Prop_carry4_CI_O[3])
                                                      0.277     8.732 r  i_ariane/i_cva6/ex_stage_i/alu_i/adder_result_ext_o_carry__14/O[3]
                         net (fo=2, unplaced)         0.487     9.219    i_ariane/i_cva6/issue_stage_i/i_issue_read_operands/adder_result[63]
                         LUT4 (Prop_lut4_I1_O)        0.250     9.469 r  i_ariane/i_cva6/issue_stage_i/i_issue_read_operands/i___65_i_25/O
                         net (fo=1, unplaced)         0.347     9.816    i_ariane/i_cva6/ex_stage_i/alu_i/i___65_i_10_1
                         LUT5 (Prop_lut5_I4_O)        0.105     9.921 r  i_ariane/i_cva6/ex_stage_i/alu_i/i___65_i_21/O
                         net (fo=1, unplaced)         0.347    10.268    i_ariane/i_cva6/ex_stage_i/alu_i/i___65_i_21_n_0
                         LUT6 (Prop_lut6_I5_O)        0.105    10.373 r  i_ariane/i_cva6/ex_stage_i/alu_i/i___65_i_10/O
                         net (fo=2, unplaced)         0.358    10.731    i_ariane/i_cva6/ex_stage_i/alu_i/i___65_i_10_n_0
                         LUT6 (Prop_lut6_I3_O)        0.105    10.836 f  i_ariane/i_cva6/ex_stage_i/alu_i/i___65_i_4/O
                         net (fo=1, unplaced)         0.347    11.183    i_ariane/i_cva6/issue_stage_i/i_issue_read_operands/issue_q[0][valid]_i_4_0
                         LUT6 (Prop_lut6_I3_O)        0.105    11.288 r  i_ariane/i_cva6/issue_stage_i/i_issue_read_operands/i___65_i_1__0/O
                         net (fo=70, unplaced)        0.438    11.726    i_ariane/i_cva6/issue_stage_i/i_issue_read_operands/fu_data_q_reg[0][operation][0]_32
                         LUT6 (Prop_lut6_I1_O)        0.105    11.831 f  i_ariane/i_cva6/issue_stage_i/i_issue_read_operands/npc_q[63]_bret__277_i_2/O
                         net (fo=9, unplaced)         0.388    12.219    i_ariane/i_cva6/controller_i/resolved_branch[is_mispredict]
                         LUT6 (Prop_lut6_I3_O)        0.105    12.324 f  i_ariane/i_cva6/controller_i/i___63_i_1/O
                         net (fo=40, unplaced)        0.424    12.748    i_ariane/i_cva6/id_stage_i/flush_ctrl_if
                         LUT6 (Prop_lut6_I1_O)        0.105    12.853 f  i_ariane/i_cva6/id_stage_i/top_id_q[1]_i_2/O
                         net (fo=7, unplaced)         0.382    13.235    i_ariane/i_cva6/issue_stage_i/i_scoreboard/FSM_onehot_wstate_q_reg[0]_1
                         LUT6 (Prop_lut6_I0_O)        0.105    13.340 f  i_ariane/i_cva6/issue_stage_i/i_scoreboard/i__i_6__0/O
                         net (fo=3, unplaced)         0.365    13.705    i_ariane/i_cva6/issue_stage_i/i_scoreboard/FSM_onehot_wstate_q_reg[0]_0
                         LUT6 (Prop_lut6_I4_O)        0.105    13.810 f  i_ariane/i_cva6/issue_stage_i/i_scoreboard/i__i_1__0/O
                         net (fo=58, unplaced)        0.433    14.243    i_ariane/i_cva6/issue_stage_i/i_scoreboard/issue_q_reg[0][sbe][valid]
                         LUT3 (Prop_lut3_I0_O)        0.105    14.348 r  i_ariane/i_cva6/issue_stage_i/i_scoreboard/mem_q[3][sbe][pc][63]_i_1/O
                         net (fo=79, unplaced)        0.441    14.789    i_ariane/i_cva6/issue_stage_i/i_scoreboard/mem_q[3][sbe][pc][63]_i_1_n_0
                         LUT6 (Prop_lut6_I2_O)        0.105    14.894 r  i_ariane/i_cva6/issue_stage_i/i_scoreboard/mem_q[0][sbe][rd][4]_i_13/O
                         net (fo=1, unplaced)         0.938    15.832    i_ariane/i_cva6/issue_stage_i/i_scoreboard/mem_q[0][sbe][rd][4]_i_13_n_0
                         LUT6 (Prop_lut6_I1_O)        0.105    15.937 r  i_ariane/i_cva6/issue_stage_i/i_scoreboard/mem_q[0][sbe][rd][4]_i_6/O
                         net (fo=10, unplaced)        0.390    16.327    i_ariane/i_cva6/ex_stage_i/lsu_i/i_pipe_reg_load/mem_q_reg[0][sbe][rd][2]_4
                         LUT4 (Prop_lut4_I2_O)        0.105    16.432 r  i_ariane/i_cva6/ex_stage_i/lsu_i/i_pipe_reg_load/mem_q[1][sbe][rd][4]_i_5/O
                         net (fo=4, unplaced)         0.371    16.803    i_ariane/i_cva6/issue_stage_i/i_scoreboard/mem_q_reg[1][sbe][rd][4]_2
                         LUT6 (Prop_lut6_I5_O)        0.105    16.908 r  i_ariane/i_cva6/issue_stage_i/i_scoreboard/mem_q[1][sbe][rd][3]_i_1/O
                         net (fo=1, unplaced)         0.000    16.908    i_ariane/i_cva6/issue_stage_i/i_scoreboard/mem_q[1][sbe][rd][3]_i_1_n_0
                         FDCE                                         r  i_ariane/i_cva6/issue_stage_i/i_scoreboard/mem_q_reg[1][sbe][rd][3]/D
  -------------------------------------------------------------------    -------------------

                         (clock sys_clk rise edge)    5.000     5.000 r  
                                                      0.000     5.000 r  clk_pad_i (IN)
                         net (fo=0)                   0.000     5.000    clk_pad_i
                         IBUF (Prop_ibuf_I_O)         1.352     6.352 r  clk_pad_i_IBUF_inst/O
                         net (fo=1, unplaced)         0.613     6.965    clk_pad_i_IBUF
                         BUFG (Prop_bufg_I_O)         0.077     7.042 r  i_clk_bufg/O
                         net (fo=7369, unplaced)      0.439     7.481    i_ariane/i_cva6/issue_stage_i/i_scoreboard/clk_core
                         FDCE                                         r  i_ariane/i_cva6/issue_stage_i/i_scoreboard/mem_q_reg[1][sbe][rd][3]/C
                         clock pessimism              0.106     7.587    
                         clock uncertainty           -0.135     7.452    
                         FDCE (Setup_fdce_C_D)        0.043     7.495    i_ariane/i_cva6/issue_stage_i/i_scoreboard/mem_q_reg[1][sbe][rd][3]
  -------------------------------------------------------------------
                         required time                          7.495    
                         arrival time                         -16.908    
  -------------------------------------------------------------------
                         slack                                 -9.413    

Slack (VIOLATED) :        -9.413ns  (required time - arrival time)
  Source:                 i_ariane/i_cva6/issue_stage_i/i_issue_read_operands/csr_valid_q_reg[0]/C
                            (rising edge-triggered cell FDCE clocked by sys_clk  {rise@0.000ns fall@2.500ns period=5.000ns})
  Destination:            i_ariane/i_cva6/issue_stage_i/i_scoreboard/mem_q_reg[1][sbe][rd][4]/D
                            (rising edge-triggered cell FDCE clocked by sys_clk  {rise@0.000ns fall@2.500ns period=5.000ns})
  Path Group:             sys_clk
  Path Type:              Setup (Max at Slow Process Corner)
  Requirement:            5.000ns  (sys_clk rise@5.000ns - sys_clk rise@0.000ns)
  Data Path Delay:        14.176ns  (logic 4.869ns (34.347%)  route 9.307ns (65.653%))
  Logic Levels:           35  (CARRY4=16 LUT3=1 LUT4=2 LUT5=1 LUT6=15)
  Clock Path Skew:        -0.145ns (DCD - SCD + CPR)
    Destination Clock Delay (DCD):    2.481ns = ( 7.481 - 5.000 ) 
    Source Clock Delay      (SCD):    2.732ns
    Clock Pessimism Removal (CPR):    0.106ns
  Clock Uncertainty:      0.135ns  ((TSJ^2 + TIJ^2)^1/2 + DJ) / 2 + PE + UU
    Total System Jitter     (TSJ):    0.071ns
    Total Input Jitter      (TIJ):    0.000ns
    Discrete Jitter          (DJ):    0.000ns
    Phase Error              (PE):    0.000ns
    User Uncertainty         (UU):    0.100ns

    Location             Delay type                Incr(ns)  Path(ns)    Netlist Resource(s)
  -------------------------------------------------------------------    -------------------
                         (clock sys_clk rise edge)    0.000     0.000 r  
                                                      0.000     0.000 r  clk_pad_i (IN)
                         net (fo=0)                   0.000     0.000    clk_pad_i
                         IBUF (Prop_ibuf_I_O)         1.418     1.418 r  clk_pad_i_IBUF_inst/O
                         net (fo=1, unplaced)         0.646     2.063    clk_pad_i_IBUF
                         BUFG (Prop_bufg_I_O)         0.085     2.148 r  i_clk_bufg/O
                         net (fo=7369, unplaced)      0.584     2.732    i_ariane/i_cva6/issue_stage_i/i_issue_read_operands/clk_core
                         FDCE                                         r  i_ariane/i_cva6/issue_stage_i/i_issue_read_operands/csr_valid_q_reg[0]/C
  -------------------------------------------------------------------    -------------------
                         FDCE (Prop_fdce_C_Q)         0.397     3.129 r  i_ariane/i_cva6/issue_stage_i/i_issue_read_operands/csr_valid_q_reg[0]/Q
                         net (fo=158, unplaced)       0.890     4.019    i_ariane/i_cva6/issue_stage_i/i_issue_read_operands/csr_valid_q_reg[0]_0
                         LUT6 (Prop_lut6_I0_O)        0.232     4.251 r  i_ariane/i_cva6/issue_stage_i/i_issue_read_operands/adder_result_ext_o_carry_i_13/O
                         net (fo=13, unplaced)        0.632     4.883    i_ariane/i_cva6/issue_stage_i/i_issue_read_operands/adder_result_ext_o_carry_i_13_n_0
                         LUT6 (Prop_lut6_I1_O)        0.105     4.988 f  i_ariane/i_cva6/issue_stage_i/i_issue_read_operands/adder_result_ext_o_carry_i_10/O
                         net (fo=3, unplaced)         0.346     5.334    i_ariane/i_cva6/issue_stage_i/i_issue_read_operands/adder_result_ext_o_carry_i_10_n_0
                         LUT6 (Prop_lut6_I0_O)        0.105     5.439 r  i_ariane/i_cva6/issue_stage_i/i_issue_read_operands/adder_result_ext_o_carry_i_16/O
                         net (fo=100, unplaced)       0.447     5.886    i_ariane/i_cva6/issue_stage_i/i_issue_read_operands/adder_result_ext_o_carry_i_16_n_0
                         LUT6 (Prop_lut6_I5_O)        0.105     5.991 r  i_ariane/i_cva6/issue_stage_i/i_issue_read_operands/adder_result_ext_o_carry_i_9/O
                         net (fo=1, unplaced)         0.528     6.519    i_ariane/i_cva6/ex_stage_i/alu_i/S[0]
                         CARRY4 (Prop_carry4_S[0]_CO[3])
                                                      0.528     7.047 r  i_ariane/i_cva6/ex_stage_i/alu_i/adder_result_ext_o_carry/CO[3]
                         net (fo=1, unplaced)         0.008     7.055    i_ariane/i_cva6/ex_stage_i/alu_i/adder_result_ext_o_carry_n_0
                         CARRY4 (Prop_carry4_CI_CO[3])
                                                      0.100     7.155 r  i_ariane/i_cva6/ex_stage_i/alu_i/adder_result_ext_o_carry__0/CO[3]
                         net (fo=1, unplaced)         0.000     7.155    i_ariane/i_cva6/ex_stage_i/alu_i/adder_result_ext_o_carry__0_n_0
                         CARRY4 (Prop_carry4_CI_CO[3])
                                                      0.100     7.255 r  i_ariane/i_cva6/ex_stage_i/alu_i/adder_result_ext_o_carry__1/CO[3]
                         net (fo=1, unplaced)         0.000     7.255    i_ariane/i_cva6/ex_stage_i/alu_i/adder_result_ext_o_carry__1_n_0
                         CARRY4 (Prop_carry4_CI_CO[3])
                                                      0.100     7.355 r  i_ariane/i_cva6/ex_stage_i/alu_i/adder_result_ext_o_carry__2/CO[3]
                         net (fo=1, unplaced)         0.000     7.355    i_ariane/i_cva6/ex_stage_i/alu_i/adder_result_ext_o_carry__2_n_0
                         CARRY4 (Prop_carry4_CI_CO[3])
                                                      0.100     7.455 r  i_ariane/i_cva6/ex_stage_i/alu_i/adder_result_ext_o_carry__3/CO[3]
                         net (fo=1, unplaced)         0.000     7.455    i_ariane/i_cva6/ex_stage_i/alu_i/adder_result_ext_o_carry__3_n_0
                         CARRY4 (Prop_carry4_CI_CO[3])
                                                      0.100     7.555 r  i_ariane/i_cva6/ex_stage_i/alu_i/adder_result_ext_o_carry__4/CO[3]
                         net (fo=1, unplaced)         0.000     7.555    i_ariane/i_cva6/ex_stage_i/alu_i/adder_result_ext_o_carry__4_n_0
                         CARRY4 (Prop_carry4_CI_CO[3])
                                                      0.100     7.655 r  i_ariane/i_cva6/ex_stage_i/alu_i/adder_result_ext_o_carry__5/CO[3]
                         net (fo=1, unplaced)         0.000     7.655    i_ariane/i_cva6/ex_stage_i/alu_i/adder_result_ext_o_carry__5_n_0
                         CARRY4 (Prop_carry4_CI_CO[3])
                                                      0.100     7.755 r  i_ariane/i_cva6/ex_stage_i/alu_i/adder_result_ext_o_carry__6/CO[3]
                         net (fo=1, unplaced)         0.000     7.755    i_ariane/i_cva6/ex_stage_i/alu_i/adder_result_ext_o_carry__6_n_0
                         CARRY4 (Prop_carry4_CI_CO[3])
                                                      0.100     7.855 r  i_ariane/i_cva6/ex_stage_i/alu_i/adder_result_ext_o_carry__7/CO[3]
                         net (fo=1, unplaced)         0.000     7.855    i_ariane/i_cva6/ex_stage_i/alu_i/adder_result_ext_o_carry__7_n_0
                         CARRY4 (Prop_carry4_CI_CO[3])
                                                      0.100     7.955 r  i_ariane/i_cva6/ex_stage_i/alu_i/adder_result_ext_o_carry__8/CO[3]
                         net (fo=1, unplaced)         0.000     7.955    i_ariane/i_cva6/ex_stage_i/alu_i/adder_result_ext_o_carry__8_n_0
                         CARRY4 (Prop_carry4_CI_CO[3])
                                                      0.100     8.055 r  i_ariane/i_cva6/ex_stage_i/alu_i/adder_result_ext_o_carry__9/CO[3]
                         net (fo=1, unplaced)         0.000     8.055    i_ariane/i_cva6/ex_stage_i/alu_i/adder_result_ext_o_carry__9_n_0
                         CARRY4 (Prop_carry4_CI_CO[3])
                                                      0.100     8.155 r  i_ariane/i_cva6/ex_stage_i/alu_i/adder_result_ext_o_carry__10/CO[3]
                         net (fo=1, unplaced)         0.000     8.155    i_ariane/i_cva6/ex_stage_i/alu_i/adder_result_ext_o_carry__10_n_0
                         CARRY4 (Prop_carry4_CI_CO[3])
                                                      0.100     8.255 r  i_ariane/i_cva6/ex_stage_i/alu_i/adder_result_ext_o_carry__11/CO[3]
                         net (fo=1, unplaced)         0.000     8.255    i_ariane/i_cva6/ex_stage_i/alu_i/adder_result_ext_o_carry__11_n_0
                         CARRY4 (Prop_carry4_CI_CO[3])
                                                      0.100     8.355 r  i_ariane/i_cva6/ex_stage_i/alu_i/adder_result_ext_o_carry__12/CO[3]
                         net (fo=1, unplaced)         0.000     8.355    i_ariane/i_cva6/ex_stage_i/alu_i/adder_result_ext_o_carry__12_n_0
                         CARRY4 (Prop_carry4_CI_CO[3])
                                                      0.100     8.455 r  i_ariane/i_cva6/ex_stage_i/alu_i/adder_result_ext_o_carry__13/CO[3]
                         net (fo=1, unplaced)         0.000     8.455    i_ariane/i_cva6/ex_stage_i/alu_i/adder_result_ext_o_carry__13_n_0
                         CARRY4 (Prop_carry4_CI_O[3])
                                                      0.277     8.732 r  i_ariane/i_cva6/ex_stage_i/alu_i/adder_result_ext_o_carry__14/O[3]
                         net (fo=2, unplaced)         0.487     9.219    i_ariane/i_cva6/issue_stage_i/i_issue_read_operands/adder_result[63]
                         LUT4 (Prop_lut4_I1_O)        0.250     9.469 r  i_ariane/i_cva6/issue_stage_i/i_issue_read_operands/i___65_i_25/O
                         net (fo=1, unplaced)         0.347     9.816    i_ariane/i_cva6/ex_stage_i/alu_i/i___65_i_10_1
                         LUT5 (Prop_lut5_I4_O)        0.105     9.921 r  i_ariane/i_cva6/ex_stage_i/alu_i/i___65_i_21/O
                         net (fo=1, unplaced)         0.347    10.268    i_ariane/i_cva6/ex_stage_i/alu_i/i___65_i_21_n_0
                         LUT6 (Prop_lut6_I5_O)        0.105    10.373 r  i_ariane/i_cva6/ex_stage_i/alu_i/i___65_i_10/O
                         net (fo=2, unplaced)         0.358    10.731    i_ariane/i_cva6/ex_stage_i/alu_i/i___65_i_10_n_0
                         LUT6 (Prop_lut6_I3_O)        0.105    10.836 f  i_ariane/i_cva6/ex_stage_i/alu_i/i___65_i_4/O
                         net (fo=1, unplaced)         0.347    11.183    i_ariane/i_cva6/issue_stage_i/i_issue_read_operands/issue_q[0][valid]_i_4_0
                         LUT6 (Prop_lut6_I3_O)        0.105    11.288 r  i_ariane/i_cva6/issue_stage_i/i_issue_read_operands/i___65_i_1__0/O
                         net (fo=70, unplaced)        0.438    11.726    i_ariane/i_cva6/issue_stage_i/i_issue_read_operands/fu_data_q_reg[0][operation][0]_32
                         LUT6 (Prop_lut6_I1_O)        0.105    11.831 f  i_ariane/i_cva6/issue_stage_i/i_issue_read_operands/npc_q[63]_bret__277_i_2/O
                         net (fo=9, unplaced)         0.388    12.219    i_ariane/i_cva6/controller_i/resolved_branch[is_mispredict]
                         LUT6 (Prop_lut6_I3_O)        0.105    12.324 f  i_ariane/i_cva6/controller_i/i___63_i_1/O
                         net (fo=40, unplaced)        0.424    12.748    i_ariane/i_cva6/id_stage_i/flush_ctrl_if
                         LUT6 (Prop_lut6_I1_O)        0.105    12.853 f  i_ariane/i_cva6/id_stage_i/top_id_q[1]_i_2/O
                         net (fo=7, unplaced)         0.382    13.235    i_ariane/i_cva6/issue_stage_i/i_scoreboard/FSM_onehot_wstate_q_reg[0]_1
                         LUT6 (Prop_lut6_I0_O)        0.105    13.340 f  i_ariane/i_cva6/issue_stage_i/i_scoreboard/i__i_6__0/O
                         net (fo=3, unplaced)         0.365    13.705    i_ariane/i_cva6/issue_stage_i/i_scoreboard/FSM_onehot_wstate_q_reg[0]_0
                         LUT6 (Prop_lut6_I4_O)        0.105    13.810 f  i_ariane/i_cva6/issue_stage_i/i_scoreboard/i__i_1__0/O
                         net (fo=58, unplaced)        0.433    14.243    i_ariane/i_cva6/issue_stage_i/i_scoreboard/issue_q_reg[0][sbe][valid]
                         LUT3 (Prop_lut3_I0_O)        0.105    14.348 r  i_ariane/i_cva6/issue_stage_i/i_scoreboard/mem_q[3][sbe][pc][63]_i_1/O
                         net (fo=79, unplaced)        0.441    14.789    i_ariane/i_cva6/issue_stage_i/i_scoreboard/mem_q[3][sbe][pc][63]_i_1_n_0
                         LUT6 (Prop_lut6_I2_O)        0.105    14.894 r  i_ariane/i_cva6/issue_stage_i/i_scoreboard/mem_q[0][sbe][rd][4]_i_13/O
                         net (fo=1, unplaced)         0.938    15.832    i_ariane/i_cva6/issue_stage_i/i_scoreboard/mem_q[0][sbe][rd][4]_i_13_n_0
                         LUT6 (Prop_lut6_I1_O)        0.105    15.937 r  i_ariane/i_cva6/issue_stage_i/i_scoreboard/mem_q[0][sbe][rd][4]_i_6/O
                         net (fo=10, unplaced)        0.390    16.327    i_ariane/i_cva6/ex_stage_i/lsu_i/i_pipe_reg_load/mem_q_reg[0][sbe][rd][2]_4
                         LUT4 (Prop_lut4_I2_O)        0.105    16.432 r  i_ariane/i_cva6/ex_stage_i/lsu_i/i_pipe_reg_load/mem_q[1][sbe][rd][4]_i_5/O
                         net (fo=4, unplaced)         0.371    16.803    i_ariane/i_cva6/issue_stage_i/i_scoreboard/mem_q_reg[1][sbe][rd][4]_2
                         LUT6 (Prop_lut6_I3_O)        0.105    16.908 r  i_ariane/i_cva6/issue_stage_i/i_scoreboard/mem_q[1][sbe][rd][4]_i_1/O
                         net (fo=1, unplaced)         0.000    16.908    i_ariane/i_cva6/issue_stage_i/i_scoreboard/mem_q[1][sbe][rd][4]_i_1_n_0
                         FDCE                                         r  i_ariane/i_cva6/issue_stage_i/i_scoreboard/mem_q_reg[1][sbe][rd][4]/D
  -------------------------------------------------------------------    -------------------

                         (clock sys_clk rise edge)    5.000     5.000 r  
                                                      0.000     5.000 r  clk_pad_i (IN)
                         net (fo=0)                   0.000     5.000    clk_pad_i
                         IBUF (Prop_ibuf_I_O)         1.352     6.352 r  clk_pad_i_IBUF_inst/O
                         net (fo=1, unplaced)         0.613     6.965    clk_pad_i_IBUF
                         BUFG (Prop_bufg_I_O)         0.077     7.042 r  i_clk_bufg/O
                         net (fo=7369, unplaced)      0.439     7.481    i_ariane/i_cva6/issue_stage_i/i_scoreboard/clk_core
                         FDCE                                         r  i_ariane/i_cva6/issue_stage_i/i_scoreboard/mem_q_reg[1][sbe][rd][4]/C
                         clock pessimism              0.106     7.587    
                         clock uncertainty           -0.135     7.452    
                         FDCE (Setup_fdce_C_D)        0.043     7.495    i_ariane/i_cva6/issue_stage_i/i_scoreboard/mem_q_reg[1][sbe][rd][4]
  -------------------------------------------------------------------
                         required time                          7.495    
                         arrival time                         -16.908    
  -------------------------------------------------------------------
                         slack                                 -9.413    

Slack (VIOLATED) :        -9.407ns  (required time - arrival time)
  Source:                 i_ariane/i_cva6/issue_stage_i/i_issue_read_operands/csr_valid_q_reg[0]/C
                            (rising edge-triggered cell FDCE clocked by sys_clk  {rise@0.000ns fall@2.500ns period=5.000ns})
  Destination:            i_ariane/i_cva6/issue_stage_i/i_scoreboard/mem_q_reg[3][sbe][rd][0]/D
                            (rising edge-triggered cell FDCE clocked by sys_clk  {rise@0.000ns fall@2.500ns period=5.000ns})
  Path Group:             sys_clk
  Path Type:              Setup (Max at Slow Process Corner)
  Requirement:            5.000ns  (sys_clk rise@5.000ns - sys_clk rise@0.000ns)
  Data Path Delay:        14.170ns  (logic 4.869ns (34.361%)  route 9.301ns (65.639%))
  Logic Levels:           35  (CARRY4=16 LUT3=1 LUT4=2 LUT5=1 LUT6=15)
  Clock Path Skew:        -0.145ns (DCD - SCD + CPR)
    Destination Clock Delay (DCD):    2.481ns = ( 7.481 - 5.000 ) 
    Source Clock Delay      (SCD):    2.732ns
    Clock Pessimism Removal (CPR):    0.106ns
  Clock Uncertainty:      0.135ns  ((TSJ^2 + TIJ^2)^1/2 + DJ) / 2 + PE + UU
    Total System Jitter     (TSJ):    0.071ns
    Total Input Jitter      (TIJ):    0.000ns
    Discrete Jitter          (DJ):    0.000ns
    Phase Error              (PE):    0.000ns
    User Uncertainty         (UU):    0.100ns

    Location             Delay type                Incr(ns)  Path(ns)    Netlist Resource(s)
  -------------------------------------------------------------------    -------------------
                         (clock sys_clk rise edge)    0.000     0.000 r  
                                                      0.000     0.000 r  clk_pad_i (IN)
                         net (fo=0)                   0.000     0.000    clk_pad_i
                         IBUF (Prop_ibuf_I_O)         1.418     1.418 r  clk_pad_i_IBUF_inst/O
                         net (fo=1, unplaced)         0.646     2.063    clk_pad_i_IBUF
                         BUFG (Prop_bufg_I_O)         0.085     2.148 r  i_clk_bufg/O
                         net (fo=7369, unplaced)      0.584     2.732    i_ariane/i_cva6/issue_stage_i/i_issue_read_operands/clk_core
                         FDCE                                         r  i_ariane/i_cva6/issue_stage_i/i_issue_read_operands/csr_valid_q_reg[0]/C
  -------------------------------------------------------------------    -------------------
                         FDCE (Prop_fdce_C_Q)         0.397     3.129 r  i_ariane/i_cva6/issue_stage_i/i_issue_read_operands/csr_valid_q_reg[0]/Q
                         net (fo=158, unplaced)       0.890     4.019    i_ariane/i_cva6/issue_stage_i/i_issue_read_operands/csr_valid_q_reg[0]_0
                         LUT6 (Prop_lut6_I0_O)        0.232     4.251 r  i_ariane/i_cva6/issue_stage_i/i_issue_read_operands/adder_result_ext_o_carry_i_13/O
                         net (fo=13, unplaced)        0.632     4.883    i_ariane/i_cva6/issue_stage_i/i_issue_read_operands/adder_result_ext_o_carry_i_13_n_0
                         LUT6 (Prop_lut6_I1_O)        0.105     4.988 f  i_ariane/i_cva6/issue_stage_i/i_issue_read_operands/adder_result_ext_o_carry_i_10/O
                         net (fo=3, unplaced)         0.346     5.334    i_ariane/i_cva6/issue_stage_i/i_issue_read_operands/adder_result_ext_o_carry_i_10_n_0
                         LUT6 (Prop_lut6_I0_O)        0.105     5.439 r  i_ariane/i_cva6/issue_stage_i/i_issue_read_operands/adder_result_ext_o_carry_i_16/O
                         net (fo=100, unplaced)       0.447     5.886    i_ariane/i_cva6/issue_stage_i/i_issue_read_operands/adder_result_ext_o_carry_i_16_n_0
                         LUT6 (Prop_lut6_I5_O)        0.105     5.991 r  i_ariane/i_cva6/issue_stage_i/i_issue_read_operands/adder_result_ext_o_carry_i_9/O
                         net (fo=1, unplaced)         0.528     6.519    i_ariane/i_cva6/ex_stage_i/alu_i/S[0]
                         CARRY4 (Prop_carry4_S[0]_CO[3])
                                                      0.528     7.047 r  i_ariane/i_cva6/ex_stage_i/alu_i/adder_result_ext_o_carry/CO[3]
                         net (fo=1, unplaced)         0.008     7.055    i_ariane/i_cva6/ex_stage_i/alu_i/adder_result_ext_o_carry_n_0
                         CARRY4 (Prop_carry4_CI_CO[3])
                                                      0.100     7.155 r  i_ariane/i_cva6/ex_stage_i/alu_i/adder_result_ext_o_carry__0/CO[3]
                         net (fo=1, unplaced)         0.000     7.155    i_ariane/i_cva6/ex_stage_i/alu_i/adder_result_ext_o_carry__0_n_0
                         CARRY4 (Prop_carry4_CI_CO[3])
                                                      0.100     7.255 r  i_ariane/i_cva6/ex_stage_i/alu_i/adder_result_ext_o_carry__1/CO[3]
                         net (fo=1, unplaced)         0.000     7.255    i_ariane/i_cva6/ex_stage_i/alu_i/adder_result_ext_o_carry__1_n_0
                         CARRY4 (Prop_carry4_CI_CO[3])
                                                      0.100     7.355 r  i_ariane/i_cva6/ex_stage_i/alu_i/adder_result_ext_o_carry__2/CO[3]
                         net (fo=1, unplaced)         0.000     7.355    i_ariane/i_cva6/ex_stage_i/alu_i/adder_result_ext_o_carry__2_n_0
                         CARRY4 (Prop_carry4_CI_CO[3])
                                                      0.100     7.455 r  i_ariane/i_cva6/ex_stage_i/alu_i/adder_result_ext_o_carry__3/CO[3]
                         net (fo=1, unplaced)         0.000     7.455    i_ariane/i_cva6/ex_stage_i/alu_i/adder_result_ext_o_carry__3_n_0
                         CARRY4 (Prop_carry4_CI_CO[3])
                                                      0.100     7.555 r  i_ariane/i_cva6/ex_stage_i/alu_i/adder_result_ext_o_carry__4/CO[3]
                         net (fo=1, unplaced)         0.000     7.555    i_ariane/i_cva6/ex_stage_i/alu_i/adder_result_ext_o_carry__4_n_0
                         CARRY4 (Prop_carry4_CI_CO[3])
                                                      0.100     7.655 r  i_ariane/i_cva6/ex_stage_i/alu_i/adder_result_ext_o_carry__5/CO[3]
                         net (fo=1, unplaced)         0.000     7.655    i_ariane/i_cva6/ex_stage_i/alu_i/adder_result_ext_o_carry__5_n_0
                         CARRY4 (Prop_carry4_CI_CO[3])
                                                      0.100     7.755 r  i_ariane/i_cva6/ex_stage_i/alu_i/adder_result_ext_o_carry__6/CO[3]
                         net (fo=1, unplaced)         0.000     7.755    i_ariane/i_cva6/ex_stage_i/alu_i/adder_result_ext_o_carry__6_n_0
                         CARRY4 (Prop_carry4_CI_CO[3])
                                                      0.100     7.855 r  i_ariane/i_cva6/ex_stage_i/alu_i/adder_result_ext_o_carry__7/CO[3]
                         net (fo=1, unplaced)         0.000     7.855    i_ariane/i_cva6/ex_stage_i/alu_i/adder_result_ext_o_carry__7_n_0
                         CARRY4 (Prop_carry4_CI_CO[3])
                                                      0.100     7.955 r  i_ariane/i_cva6/ex_stage_i/alu_i/adder_result_ext_o_carry__8/CO[3]
                         net (fo=1, unplaced)         0.000     7.955    i_ariane/i_cva6/ex_stage_i/alu_i/adder_result_ext_o_carry__8_n_0
                         CARRY4 (Prop_carry4_CI_CO[3])
                                                      0.100     8.055 r  i_ariane/i_cva6/ex_stage_i/alu_i/adder_result_ext_o_carry__9/CO[3]
                         net (fo=1, unplaced)         0.000     8.055    i_ariane/i_cva6/ex_stage_i/alu_i/adder_result_ext_o_carry__9_n_0
                         CARRY4 (Prop_carry4_CI_CO[3])
                                                      0.100     8.155 r  i_ariane/i_cva6/ex_stage_i/alu_i/adder_result_ext_o_carry__10/CO[3]
                         net (fo=1, unplaced)         0.000     8.155    i_ariane/i_cva6/ex_stage_i/alu_i/adder_result_ext_o_carry__10_n_0
                         CARRY4 (Prop_carry4_CI_CO[3])
                                                      0.100     8.255 r  i_ariane/i_cva6/ex_stage_i/alu_i/adder_result_ext_o_carry__11/CO[3]
                         net (fo=1, unplaced)         0.000     8.255    i_ariane/i_cva6/ex_stage_i/alu_i/adder_result_ext_o_carry__11_n_0
                         CARRY4 (Prop_carry4_CI_CO[3])
                                                      0.100     8.355 r  i_ariane/i_cva6/ex_stage_i/alu_i/adder_result_ext_o_carry__12/CO[3]
                         net (fo=1, unplaced)         0.000     8.355    i_ariane/i_cva6/ex_stage_i/alu_i/adder_result_ext_o_carry__12_n_0
                         CARRY4 (Prop_carry4_CI_CO[3])
                                                      0.100     8.455 r  i_ariane/i_cva6/ex_stage_i/alu_i/adder_result_ext_o_carry__13/CO[3]
                         net (fo=1, unplaced)         0.000     8.455    i_ariane/i_cva6/ex_stage_i/alu_i/adder_result_ext_o_carry__13_n_0
                         CARRY4 (Prop_carry4_CI_O[3])
                                                      0.277     8.732 r  i_ariane/i_cva6/ex_stage_i/alu_i/adder_result_ext_o_carry__14/O[3]
                         net (fo=2, unplaced)         0.487     9.219    i_ariane/i_cva6/issue_stage_i/i_issue_read_operands/adder_result[63]
                         LUT4 (Prop_lut4_I1_O)        0.250     9.469 r  i_ariane/i_cva6/issue_stage_i/i_issue_read_operands/i___65_i_25/O
                         net (fo=1, unplaced)         0.347     9.816    i_ariane/i_cva6/ex_stage_i/alu_i/i___65_i_10_1
                         LUT5 (Prop_lut5_I4_O)        0.105     9.921 r  i_ariane/i_cva6/ex_stage_i/alu_i/i___65_i_21/O
                         net (fo=1, unplaced)         0.347    10.268    i_ariane/i_cva6/ex_stage_i/alu_i/i___65_i_21_n_0
                         LUT6 (Prop_lut6_I5_O)        0.105    10.373 r  i_ariane/i_cva6/ex_stage_i/alu_i/i___65_i_10/O
                         net (fo=2, unplaced)         0.358    10.731    i_ariane/i_cva6/ex_stage_i/alu_i/i___65_i_10_n_0
                         LUT6 (Prop_lut6_I3_O)        0.105    10.836 f  i_ariane/i_cva6/ex_stage_i/alu_i/i___65_i_4/O
                         net (fo=1, unplaced)         0.347    11.183    i_ariane/i_cva6/issue_stage_i/i_issue_read_operands/issue_q[0][valid]_i_4_0
                         LUT6 (Prop_lut6_I3_O)        0.105    11.288 r  i_ariane/i_cva6/issue_stage_i/i_issue_read_operands/i___65_i_1__0/O
                         net (fo=70, unplaced)        0.438    11.726    i_ariane/i_cva6/issue_stage_i/i_issue_read_operands/fu_data_q_reg[0][operation][0]_32
                         LUT6 (Prop_lut6_I1_O)        0.105    11.831 f  i_ariane/i_cva6/issue_stage_i/i_issue_read_operands/npc_q[63]_bret__277_i_2/O
                         net (fo=9, unplaced)         0.388    12.219    i_ariane/i_cva6/controller_i/resolved_branch[is_mispredict]
                         LUT6 (Prop_lut6_I3_O)        0.105    12.324 f  i_ariane/i_cva6/controller_i/i___63_i_1/O
                         net (fo=40, unplaced)        0.424    12.748    i_ariane/i_cva6/id_stage_i/flush_ctrl_if
                         LUT6 (Prop_lut6_I1_O)        0.105    12.853 f  i_ariane/i_cva6/id_stage_i/top_id_q[1]_i_2/O
                         net (fo=7, unplaced)         0.382    13.235    i_ariane/i_cva6/issue_stage_i/i_scoreboard/FSM_onehot_wstate_q_reg[0]_1
                         LUT6 (Prop_lut6_I0_O)        0.105    13.340 f  i_ariane/i_cva6/issue_stage_i/i_scoreboard/i__i_6__0/O
                         net (fo=3, unplaced)         0.365    13.705    i_ariane/i_cva6/issue_stage_i/i_scoreboard/FSM_onehot_wstate_q_reg[0]_0
                         LUT6 (Prop_lut6_I4_O)        0.105    13.810 f  i_ariane/i_cva6/issue_stage_i/i_scoreboard/i__i_1__0/O
                         net (fo=58, unplaced)        0.433    14.243    i_ariane/i_cva6/issue_stage_i/i_scoreboard/issue_q_reg[0][sbe][valid]
                         LUT3 (Prop_lut3_I0_O)        0.105    14.348 r  i_ariane/i_cva6/issue_stage_i/i_scoreboard/mem_q[3][sbe][pc][63]_i_1/O
                         net (fo=79, unplaced)        0.441    14.789    i_ariane/i_cva6/issue_stage_i/i_scoreboard/mem_q[3][sbe][pc][63]_i_1_n_0
                         LUT6 (Prop_lut6_I2_O)        0.105    14.894 r  i_ariane/i_cva6/issue_stage_i/i_scoreboard/mem_q[0][sbe][rd][4]_i_13/O
                         net (fo=1, unplaced)         0.938    15.832    i_ariane/i_cva6/issue_stage_i/i_scoreboard/mem_q[0][sbe][rd][4]_i_13_n_0
                         LUT6 (Prop_lut6_I1_O)        0.105    15.937 r  i_ariane/i_cva6/issue_stage_i/i_scoreboard/mem_q[0][sbe][rd][4]_i_6/O
                         net (fo=10, unplaced)        0.390    16.327    i_ariane/i_cva6/ex_stage_i/lsu_i/i_pipe_reg_load/mem_q_reg[0][sbe][rd][2]_4
                         LUT4 (Prop_lut4_I2_O)        0.105    16.432 r  i_ariane/i_cva6/ex_stage_i/lsu_i/i_pipe_reg_load/mem_q[3][sbe][rd][4]_i_4/O
                         net (fo=3, unplaced)         0.365    16.797    i_ariane/i_cva6/issue_stage_i/i_scoreboard/mem_q_reg[3][sbe][rd][2]_1
                         LUT6 (Prop_lut6_I4_O)        0.105    16.902 r  i_ariane/i_cva6/issue_stage_i/i_scoreboard/mem_q[3][sbe][rd][0]_i_1/O
                         net (fo=1, unplaced)         0.000    16.902    i_ariane/i_cva6/issue_stage_i/i_scoreboard/mem_q[3][sbe][rd][0]_i_1_n_0
                         FDCE                                         r  i_ariane/i_cva6/issue_stage_i/i_scoreboard/mem_q_reg[3][sbe][rd][0]/D
  -------------------------------------------------------------------    -------------------

                         (clock sys_clk rise edge)    5.000     5.000 r  
                                                      0.000     5.000 r  clk_pad_i (IN)
                         net (fo=0)                   0.000     5.000    clk_pad_i
                         IBUF (Prop_ibuf_I_O)         1.352     6.352 r  clk_pad_i_IBUF_inst/O
                         net (fo=1, unplaced)         0.613     6.965    clk_pad_i_IBUF
                         BUFG (Prop_bufg_I_O)         0.077     7.042 r  i_clk_bufg/O
                         net (fo=7369, unplaced)      0.439     7.481    i_ariane/i_cva6/issue_stage_i/i_scoreboard/clk_core
                         FDCE                                         r  i_ariane/i_cva6/issue_stage_i/i_scoreboard/mem_q_reg[3][sbe][rd][0]/C
                         clock pessimism              0.106     7.587    
                         clock uncertainty           -0.135     7.452    
                         FDCE (Setup_fdce_C_D)        0.043     7.495    i_ariane/i_cva6/issue_stage_i/i_scoreboard/mem_q_reg[3][sbe][rd][0]
  -------------------------------------------------------------------
                         required time                          7.495    
                         arrival time                         -16.902    
  -------------------------------------------------------------------
                         slack                                 -9.407    

Slack (VIOLATED) :        -9.407ns  (required time - arrival time)
  Source:                 i_ariane/i_cva6/issue_stage_i/i_issue_read_operands/csr_valid_q_reg[0]/C
                            (rising edge-triggered cell FDCE clocked by sys_clk  {rise@0.000ns fall@2.500ns period=5.000ns})
  Destination:            i_ariane/i_cva6/issue_stage_i/i_scoreboard/mem_q_reg[3][sbe][rd][2]/D
                            (rising edge-triggered cell FDCE clocked by sys_clk  {rise@0.000ns fall@2.500ns period=5.000ns})
  Path Group:             sys_clk
  Path Type:              Setup (Max at Slow Process Corner)
  Requirement:            5.000ns  (sys_clk rise@5.000ns - sys_clk rise@0.000ns)
  Data Path Delay:        14.170ns  (logic 4.869ns (34.361%)  route 9.301ns (65.639%))
  Logic Levels:           35  (CARRY4=16 LUT3=1 LUT4=2 LUT5=1 LUT6=15)
  Clock Path Skew:        -0.145ns (DCD - SCD + CPR)
    Destination Clock Delay (DCD):    2.481ns = ( 7.481 - 5.000 ) 
    Source Clock Delay      (SCD):    2.732ns
    Clock Pessimism Removal (CPR):    0.106ns
  Clock Uncertainty:      0.135ns  ((TSJ^2 + TIJ^2)^1/2 + DJ) / 2 + PE + UU
    Total System Jitter     (TSJ):    0.071ns
    Total Input Jitter      (TIJ):    0.000ns
    Discrete Jitter          (DJ):    0.000ns
    Phase Error              (PE):    0.000ns
    User Uncertainty         (UU):    0.100ns

    Location             Delay type                Incr(ns)  Path(ns)    Netlist Resource(s)
  -------------------------------------------------------------------    -------------------
                         (clock sys_clk rise edge)    0.000     0.000 r  
                                                      0.000     0.000 r  clk_pad_i (IN)
                         net (fo=0)                   0.000     0.000    clk_pad_i
                         IBUF (Prop_ibuf_I_O)         1.418     1.418 r  clk_pad_i_IBUF_inst/O
                         net (fo=1, unplaced)         0.646     2.063    clk_pad_i_IBUF
                         BUFG (Prop_bufg_I_O)         0.085     2.148 r  i_clk_bufg/O
                         net (fo=7369, unplaced)      0.584     2.732    i_ariane/i_cva6/issue_stage_i/i_issue_read_operands/clk_core
                         FDCE                                         r  i_ariane/i_cva6/issue_stage_i/i_issue_read_operands/csr_valid_q_reg[0]/C
  -------------------------------------------------------------------    -------------------
                         FDCE (Prop_fdce_C_Q)         0.397     3.129 r  i_ariane/i_cva6/issue_stage_i/i_issue_read_operands/csr_valid_q_reg[0]/Q
                         net (fo=158, unplaced)       0.890     4.019    i_ariane/i_cva6/issue_stage_i/i_issue_read_operands/csr_valid_q_reg[0]_0
                         LUT6 (Prop_lut6_I0_O)        0.232     4.251 r  i_ariane/i_cva6/issue_stage_i/i_issue_read_operands/adder_result_ext_o_carry_i_13/O
                         net (fo=13, unplaced)        0.632     4.883    i_ariane/i_cva6/issue_stage_i/i_issue_read_operands/adder_result_ext_o_carry_i_13_n_0
                         LUT6 (Prop_lut6_I1_O)        0.105     4.988 f  i_ariane/i_cva6/issue_stage_i/i_issue_read_operands/adder_result_ext_o_carry_i_10/O
                         net (fo=3, unplaced)         0.346     5.334    i_ariane/i_cva6/issue_stage_i/i_issue_read_operands/adder_result_ext_o_carry_i_10_n_0
                         LUT6 (Prop_lut6_I0_O)        0.105     5.439 r  i_ariane/i_cva6/issue_stage_i/i_issue_read_operands/adder_result_ext_o_carry_i_16/O
                         net (fo=100, unplaced)       0.447     5.886    i_ariane/i_cva6/issue_stage_i/i_issue_read_operands/adder_result_ext_o_carry_i_16_n_0
                         LUT6 (Prop_lut6_I5_O)        0.105     5.991 r  i_ariane/i_cva6/issue_stage_i/i_issue_read_operands/adder_result_ext_o_carry_i_9/O
                         net (fo=1, unplaced)         0.528     6.519    i_ariane/i_cva6/ex_stage_i/alu_i/S[0]
                         CARRY4 (Prop_carry4_S[0]_CO[3])
                                                      0.528     7.047 r  i_ariane/i_cva6/ex_stage_i/alu_i/adder_result_ext_o_carry/CO[3]
                         net (fo=1, unplaced)         0.008     7.055    i_ariane/i_cva6/ex_stage_i/alu_i/adder_result_ext_o_carry_n_0
                         CARRY4 (Prop_carry4_CI_CO[3])
                                                      0.100     7.155 r  i_ariane/i_cva6/ex_stage_i/alu_i/adder_result_ext_o_carry__0/CO[3]
                         net (fo=1, unplaced)         0.000     7.155    i_ariane/i_cva6/ex_stage_i/alu_i/adder_result_ext_o_carry__0_n_0
                         CARRY4 (Prop_carry4_CI_CO[3])
                                                      0.100     7.255 r  i_ariane/i_cva6/ex_stage_i/alu_i/adder_result_ext_o_carry__1/CO[3]
                         net (fo=1, unplaced)         0.000     7.255    i_ariane/i_cva6/ex_stage_i/alu_i/adder_result_ext_o_carry__1_n_0
                         CARRY4 (Prop_carry4_CI_CO[3])
                                                      0.100     7.355 r  i_ariane/i_cva6/ex_stage_i/alu_i/adder_result_ext_o_carry__2/CO[3]
                         net (fo=1, unplaced)         0.000     7.355    i_ariane/i_cva6/ex_stage_i/alu_i/adder_result_ext_o_carry__2_n_0
                         CARRY4 (Prop_carry4_CI_CO[3])
                                                      0.100     7.455 r  i_ariane/i_cva6/ex_stage_i/alu_i/adder_result_ext_o_carry__3/CO[3]
                         net (fo=1, unplaced)         0.000     7.455    i_ariane/i_cva6/ex_stage_i/alu_i/adder_result_ext_o_carry__3_n_0
                         CARRY4 (Prop_carry4_CI_CO[3])
                                                      0.100     7.555 r  i_ariane/i_cva6/ex_stage_i/alu_i/adder_result_ext_o_carry__4/CO[3]
                         net (fo=1, unplaced)         0.000     7.555    i_ariane/i_cva6/ex_stage_i/alu_i/adder_result_ext_o_carry__4_n_0
                         CARRY4 (Prop_carry4_CI_CO[3])
                                                      0.100     7.655 r  i_ariane/i_cva6/ex_stage_i/alu_i/adder_result_ext_o_carry__5/CO[3]
                         net (fo=1, unplaced)         0.000     7.655    i_ariane/i_cva6/ex_stage_i/alu_i/adder_result_ext_o_carry__5_n_0
                         CARRY4 (Prop_carry4_CI_CO[3])
                                                      0.100     7.755 r  i_ariane/i_cva6/ex_stage_i/alu_i/adder_result_ext_o_carry__6/CO[3]
                         net (fo=1, unplaced)         0.000     7.755    i_ariane/i_cva6/ex_stage_i/alu_i/adder_result_ext_o_carry__6_n_0
                         CARRY4 (Prop_carry4_CI_CO[3])
                                                      0.100     7.855 r  i_ariane/i_cva6/ex_stage_i/alu_i/adder_result_ext_o_carry__7/CO[3]
                         net (fo=1, unplaced)         0.000     7.855    i_ariane/i_cva6/ex_stage_i/alu_i/adder_result_ext_o_carry__7_n_0
                         CARRY4 (Prop_carry4_CI_CO[3])
                                                      0.100     7.955 r  i_ariane/i_cva6/ex_stage_i/alu_i/adder_result_ext_o_carry__8/CO[3]
                         net (fo=1, unplaced)         0.000     7.955    i_ariane/i_cva6/ex_stage_i/alu_i/adder_result_ext_o_carry__8_n_0
                         CARRY4 (Prop_carry4_CI_CO[3])
                                                      0.100     8.055 r  i_ariane/i_cva6/ex_stage_i/alu_i/adder_result_ext_o_carry__9/CO[3]
                         net (fo=1, unplaced)         0.000     8.055    i_ariane/i_cva6/ex_stage_i/alu_i/adder_result_ext_o_carry__9_n_0
                         CARRY4 (Prop_carry4_CI_CO[3])
                                                      0.100     8.155 r  i_ariane/i_cva6/ex_stage_i/alu_i/adder_result_ext_o_carry__10/CO[3]
                         net (fo=1, unplaced)         0.000     8.155    i_ariane/i_cva6/ex_stage_i/alu_i/adder_result_ext_o_carry__10_n_0
                         CARRY4 (Prop_carry4_CI_CO[3])
                                                      0.100     8.255 r  i_ariane/i_cva6/ex_stage_i/alu_i/adder_result_ext_o_carry__11/CO[3]
                         net (fo=1, unplaced)         0.000     8.255    i_ariane/i_cva6/ex_stage_i/alu_i/adder_result_ext_o_carry__11_n_0
                         CARRY4 (Prop_carry4_CI_CO[3])
                                                      0.100     8.355 r  i_ariane/i_cva6/ex_stage_i/alu_i/adder_result_ext_o_carry__12/CO[3]
                         net (fo=1, unplaced)         0.000     8.355    i_ariane/i_cva6/ex_stage_i/alu_i/adder_result_ext_o_carry__12_n_0
                         CARRY4 (Prop_carry4_CI_CO[3])
                                                      0.100     8.455 r  i_ariane/i_cva6/ex_stage_i/alu_i/adder_result_ext_o_carry__13/CO[3]
                         net (fo=1, unplaced)         0.000     8.455    i_ariane/i_cva6/ex_stage_i/alu_i/adder_result_ext_o_carry__13_n_0
                         CARRY4 (Prop_carry4_CI_O[3])
                                                      0.277     8.732 r  i_ariane/i_cva6/ex_stage_i/alu_i/adder_result_ext_o_carry__14/O[3]
                         net (fo=2, unplaced)         0.487     9.219    i_ariane/i_cva6/issue_stage_i/i_issue_read_operands/adder_result[63]
                         LUT4 (Prop_lut4_I1_O)        0.250     9.469 r  i_ariane/i_cva6/issue_stage_i/i_issue_read_operands/i___65_i_25/O
                         net (fo=1, unplaced)         0.347     9.816    i_ariane/i_cva6/ex_stage_i/alu_i/i___65_i_10_1
                         LUT5 (Prop_lut5_I4_O)        0.105     9.921 r  i_ariane/i_cva6/ex_stage_i/alu_i/i___65_i_21/O
                         net (fo=1, unplaced)         0.347    10.268    i_ariane/i_cva6/ex_stage_i/alu_i/i___65_i_21_n_0
                         LUT6 (Prop_lut6_I5_O)        0.105    10.373 r  i_ariane/i_cva6/ex_stage_i/alu_i/i___65_i_10/O
                         net (fo=2, unplaced)         0.358    10.731    i_ariane/i_cva6/ex_stage_i/alu_i/i___65_i_10_n_0
                         LUT6 (Prop_lut6_I3_O)        0.105    10.836 f  i_ariane/i_cva6/ex_stage_i/alu_i/i___65_i_4/O
                         net (fo=1, unplaced)         0.347    11.183    i_ariane/i_cva6/issue_stage_i/i_issue_read_operands/issue_q[0][valid]_i_4_0
                         LUT6 (Prop_lut6_I3_O)        0.105    11.288 r  i_ariane/i_cva6/issue_stage_i/i_issue_read_operands/i___65_i_1__0/O
                         net (fo=70, unplaced)        0.438    11.726    i_ariane/i_cva6/issue_stage_i/i_issue_read_operands/fu_data_q_reg[0][operation][0]_32
                         LUT6 (Prop_lut6_I1_O)        0.105    11.831 f  i_ariane/i_cva6/issue_stage_i/i_issue_read_operands/npc_q[63]_bret__277_i_2/O
                         net (fo=9, unplaced)         0.388    12.219    i_ariane/i_cva6/controller_i/resolved_branch[is_mispredict]
                         LUT6 (Prop_lut6_I3_O)        0.105    12.324 f  i_ariane/i_cva6/controller_i/i___63_i_1/O
                         net (fo=40, unplaced)        0.424    12.748    i_ariane/i_cva6/id_stage_i/flush_ctrl_if
                         LUT6 (Prop_lut6_I1_O)        0.105    12.853 f  i_ariane/i_cva6/id_stage_i/top_id_q[1]_i_2/O
                         net (fo=7, unplaced)         0.382    13.235    i_ariane/i_cva6/issue_stage_i/i_scoreboard/FSM_onehot_wstate_q_reg[0]_1
                         LUT6 (Prop_lut6_I0_O)        0.105    13.340 f  i_ariane/i_cva6/issue_stage_i/i_scoreboard/i__i_6__0/O
                         net (fo=3, unplaced)         0.365    13.705    i_ariane/i_cva6/issue_stage_i/i_scoreboard/FSM_onehot_wstate_q_reg[0]_0
                         LUT6 (Prop_lut6_I4_O)        0.105    13.810 f  i_ariane/i_cva6/issue_stage_i/i_scoreboard/i__i_1__0/O
                         net (fo=58, unplaced)        0.433    14.243    i_ariane/i_cva6/issue_stage_i/i_scoreboard/issue_q_reg[0][sbe][valid]
                         LUT3 (Prop_lut3_I0_O)        0.105    14.348 r  i_ariane/i_cva6/issue_stage_i/i_scoreboard/mem_q[3][sbe][pc][63]_i_1/O
                         net (fo=79, unplaced)        0.441    14.789    i_ariane/i_cva6/issue_stage_i/i_scoreboard/mem_q[3][sbe][pc][63]_i_1_n_0
                         LUT6 (Prop_lut6_I2_O)        0.105    14.894 r  i_ariane/i_cva6/issue_stage_i/i_scoreboard/mem_q[0][sbe][rd][4]_i_13/O
                         net (fo=1, unplaced)         0.938    15.832    i_ariane/i_cva6/issue_stage_i/i_scoreboard/mem_q[0][sbe][rd][4]_i_13_n_0
                         LUT6 (Prop_lut6_I1_O)        0.105    15.937 r  i_ariane/i_cva6/issue_stage_i/i_scoreboard/mem_q[0][sbe][rd][4]_i_6/O
                         net (fo=10, unplaced)        0.390    16.327    i_ariane/i_cva6/ex_stage_i/lsu_i/i_pipe_reg_load/mem_q_reg[0][sbe][rd][2]_4
                         LUT4 (Prop_lut4_I2_O)        0.105    16.432 r  i_ariane/i_cva6/ex_stage_i/lsu_i/i_pipe_reg_load/mem_q[3][sbe][rd][4]_i_4/O
                         net (fo=3, unplaced)         0.365    16.797    i_ariane/i_cva6/issue_stage_i/i_scoreboard/mem_q_reg[3][sbe][rd][2]_1
                         LUT6 (Prop_lut6_I4_O)        0.105    16.902 r  i_ariane/i_cva6/issue_stage_i/i_scoreboard/mem_q[3][sbe][rd][2]_i_1/O
                         net (fo=1, unplaced)         0.000    16.902    i_ariane/i_cva6/issue_stage_i/i_scoreboard/mem_q[3][sbe][rd][2]_i_1_n_0
                         FDCE                                         r  i_ariane/i_cva6/issue_stage_i/i_scoreboard/mem_q_reg[3][sbe][rd][2]/D
  -------------------------------------------------------------------    -------------------

                         (clock sys_clk rise edge)    5.000     5.000 r  
                                                      0.000     5.000 r  clk_pad_i (IN)
                         net (fo=0)                   0.000     5.000    clk_pad_i
                         IBUF (Prop_ibuf_I_O)         1.352     6.352 r  clk_pad_i_IBUF_inst/O
                         net (fo=1, unplaced)         0.613     6.965    clk_pad_i_IBUF
                         BUFG (Prop_bufg_I_O)         0.077     7.042 r  i_clk_bufg/O
                         net (fo=7369, unplaced)      0.439     7.481    i_ariane/i_cva6/issue_stage_i/i_scoreboard/clk_core
                         FDCE                                         r  i_ariane/i_cva6/issue_stage_i/i_scoreboard/mem_q_reg[3][sbe][rd][2]/C
                         clock pessimism              0.106     7.587    
                         clock uncertainty           -0.135     7.452    
                         FDCE (Setup_fdce_C_D)        0.043     7.495    i_ariane/i_cva6/issue_stage_i/i_scoreboard/mem_q_reg[3][sbe][rd][2]
  -------------------------------------------------------------------
                         required time                          7.495    
                         arrival time                         -16.902    
  -------------------------------------------------------------------
                         slack                                 -9.407    

Slack (VIOLATED) :        -9.407ns  (required time - arrival time)
  Source:                 i_ariane/i_cva6/issue_stage_i/i_issue_read_operands/csr_valid_q_reg[0]/C
                            (rising edge-triggered cell FDCE clocked by sys_clk  {rise@0.000ns fall@2.500ns period=5.000ns})
  Destination:            i_ariane/i_cva6/issue_stage_i/i_scoreboard/mem_q_reg[3][sbe][rd][4]/D
                            (rising edge-triggered cell FDCE clocked by sys_clk  {rise@0.000ns fall@2.500ns period=5.000ns})
  Path Group:             sys_clk
  Path Type:              Setup (Max at Slow Process Corner)
  Requirement:            5.000ns  (sys_clk rise@5.000ns - sys_clk rise@0.000ns)
  Data Path Delay:        14.170ns  (logic 4.869ns (34.361%)  route 9.301ns (65.639%))
  Logic Levels:           35  (CARRY4=16 LUT3=1 LUT4=2 LUT5=1 LUT6=15)
  Clock Path Skew:        -0.145ns (DCD - SCD + CPR)
    Destination Clock Delay (DCD):    2.481ns = ( 7.481 - 5.000 ) 
    Source Clock Delay      (SCD):    2.732ns
    Clock Pessimism Removal (CPR):    0.106ns
  Clock Uncertainty:      0.135ns  ((TSJ^2 + TIJ^2)^1/2 + DJ) / 2 + PE + UU
    Total System Jitter     (TSJ):    0.071ns
    Total Input Jitter      (TIJ):    0.000ns
    Discrete Jitter          (DJ):    0.000ns
    Phase Error              (PE):    0.000ns
    User Uncertainty         (UU):    0.100ns

    Location             Delay type                Incr(ns)  Path(ns)    Netlist Resource(s)
  -------------------------------------------------------------------    -------------------
                         (clock sys_clk rise edge)    0.000     0.000 r  
                                                      0.000     0.000 r  clk_pad_i (IN)
                         net (fo=0)                   0.000     0.000    clk_pad_i
                         IBUF (Prop_ibuf_I_O)         1.418     1.418 r  clk_pad_i_IBUF_inst/O
                         net (fo=1, unplaced)         0.646     2.063    clk_pad_i_IBUF
                         BUFG (Prop_bufg_I_O)         0.085     2.148 r  i_clk_bufg/O
                         net (fo=7369, unplaced)      0.584     2.732    i_ariane/i_cva6/issue_stage_i/i_issue_read_operands/clk_core
                         FDCE                                         r  i_ariane/i_cva6/issue_stage_i/i_issue_read_operands/csr_valid_q_reg[0]/C
  -------------------------------------------------------------------    -------------------
                         FDCE (Prop_fdce_C_Q)         0.397     3.129 r  i_ariane/i_cva6/issue_stage_i/i_issue_read_operands/csr_valid_q_reg[0]/Q
                         net (fo=158, unplaced)       0.890     4.019    i_ariane/i_cva6/issue_stage_i/i_issue_read_operands/csr_valid_q_reg[0]_0
                         LUT6 (Prop_lut6_I0_O)        0.232     4.251 r  i_ariane/i_cva6/issue_stage_i/i_issue_read_operands/adder_result_ext_o_carry_i_13/O
                         net (fo=13, unplaced)        0.632     4.883    i_ariane/i_cva6/issue_stage_i/i_issue_read_operands/adder_result_ext_o_carry_i_13_n_0
                         LUT6 (Prop_lut6_I1_O)        0.105     4.988 f  i_ariane/i_cva6/issue_stage_i/i_issue_read_operands/adder_result_ext_o_carry_i_10/O
                         net (fo=3, unplaced)         0.346     5.334    i_ariane/i_cva6/issue_stage_i/i_issue_read_operands/adder_result_ext_o_carry_i_10_n_0
                         LUT6 (Prop_lut6_I0_O)        0.105     5.439 r  i_ariane/i_cva6/issue_stage_i/i_issue_read_operands/adder_result_ext_o_carry_i_16/O
                         net (fo=100, unplaced)       0.447     5.886    i_ariane/i_cva6/issue_stage_i/i_issue_read_operands/adder_result_ext_o_carry_i_16_n_0
                         LUT6 (Prop_lut6_I5_O)        0.105     5.991 r  i_ariane/i_cva6/issue_stage_i/i_issue_read_operands/adder_result_ext_o_carry_i_9/O
                         net (fo=1, unplaced)         0.528     6.519    i_ariane/i_cva6/ex_stage_i/alu_i/S[0]
                         CARRY4 (Prop_carry4_S[0]_CO[3])
                                                      0.528     7.047 r  i_ariane/i_cva6/ex_stage_i/alu_i/adder_result_ext_o_carry/CO[3]
                         net (fo=1, unplaced)         0.008     7.055    i_ariane/i_cva6/ex_stage_i/alu_i/adder_result_ext_o_carry_n_0
                         CARRY4 (Prop_carry4_CI_CO[3])
                                                      0.100     7.155 r  i_ariane/i_cva6/ex_stage_i/alu_i/adder_result_ext_o_carry__0/CO[3]
                         net (fo=1, unplaced)         0.000     7.155    i_ariane/i_cva6/ex_stage_i/alu_i/adder_result_ext_o_carry__0_n_0
                         CARRY4 (Prop_carry4_CI_CO[3])
                                                      0.100     7.255 r  i_ariane/i_cva6/ex_stage_i/alu_i/adder_result_ext_o_carry__1/CO[3]
                         net (fo=1, unplaced)         0.000     7.255    i_ariane/i_cva6/ex_stage_i/alu_i/adder_result_ext_o_carry__1_n_0
                         CARRY4 (Prop_carry4_CI_CO[3])
                                                      0.100     7.355 r  i_ariane/i_cva6/ex_stage_i/alu_i/adder_result_ext_o_carry__2/CO[3]
                         net (fo=1, unplaced)         0.000     7.355    i_ariane/i_cva6/ex_stage_i/alu_i/adder_result_ext_o_carry__2_n_0
                         CARRY4 (Prop_carry4_CI_CO[3])
                                                      0.100     7.455 r  i_ariane/i_cva6/ex_stage_i/alu_i/adder_result_ext_o_carry__3/CO[3]
                         net (fo=1, unplaced)         0.000     7.455    i_ariane/i_cva6/ex_stage_i/alu_i/adder_result_ext_o_carry__3_n_0
                         CARRY4 (Prop_carry4_CI_CO[3])
                                                      0.100     7.555 r  i_ariane/i_cva6/ex_stage_i/alu_i/adder_result_ext_o_carry__4/CO[3]
                         net (fo=1, unplaced)         0.000     7.555    i_ariane/i_cva6/ex_stage_i/alu_i/adder_result_ext_o_carry__4_n_0
                         CARRY4 (Prop_carry4_CI_CO[3])
                                                      0.100     7.655 r  i_ariane/i_cva6/ex_stage_i/alu_i/adder_result_ext_o_carry__5/CO[3]
                         net (fo=1, unplaced)         0.000     7.655    i_ariane/i_cva6/ex_stage_i/alu_i/adder_result_ext_o_carry__5_n_0
                         CARRY4 (Prop_carry4_CI_CO[3])
                                                      0.100     7.755 r  i_ariane/i_cva6/ex_stage_i/alu_i/adder_result_ext_o_carry__6/CO[3]
                         net (fo=1, unplaced)         0.000     7.755    i_ariane/i_cva6/ex_stage_i/alu_i/adder_result_ext_o_carry__6_n_0
                         CARRY4 (Prop_carry4_CI_CO[3])
                                                      0.100     7.855 r  i_ariane/i_cva6/ex_stage_i/alu_i/adder_result_ext_o_carry__7/CO[3]
                         net (fo=1, unplaced)         0.000     7.855    i_ariane/i_cva6/ex_stage_i/alu_i/adder_result_ext_o_carry__7_n_0
                         CARRY4 (Prop_carry4_CI_CO[3])
                                                      0.100     7.955 r  i_ariane/i_cva6/ex_stage_i/alu_i/adder_result_ext_o_carry__8/CO[3]
                         net (fo=1, unplaced)         0.000     7.955    i_ariane/i_cva6/ex_stage_i/alu_i/adder_result_ext_o_carry__8_n_0
                         CARRY4 (Prop_carry4_CI_CO[3])
                                                      0.100     8.055 r  i_ariane/i_cva6/ex_stage_i/alu_i/adder_result_ext_o_carry__9/CO[3]
                         net (fo=1, unplaced)         0.000     8.055    i_ariane/i_cva6/ex_stage_i/alu_i/adder_result_ext_o_carry__9_n_0
                         CARRY4 (Prop_carry4_CI_CO[3])
                                                      0.100     8.155 r  i_ariane/i_cva6/ex_stage_i/alu_i/adder_result_ext_o_carry__10/CO[3]
                         net (fo=1, unplaced)         0.000     8.155    i_ariane/i_cva6/ex_stage_i/alu_i/adder_result_ext_o_carry__10_n_0
                         CARRY4 (Prop_carry4_CI_CO[3])
                                                      0.100     8.255 r  i_ariane/i_cva6/ex_stage_i/alu_i/adder_result_ext_o_carry__11/CO[3]
                         net (fo=1, unplaced)         0.000     8.255    i_ariane/i_cva6/ex_stage_i/alu_i/adder_result_ext_o_carry__11_n_0
                         CARRY4 (Prop_carry4_CI_CO[3])
                                                      0.100     8.355 r  i_ariane/i_cva6/ex_stage_i/alu_i/adder_result_ext_o_carry__12/CO[3]
                         net (fo=1, unplaced)         0.000     8.355    i_ariane/i_cva6/ex_stage_i/alu_i/adder_result_ext_o_carry__12_n_0
                         CARRY4 (Prop_carry4_CI_CO[3])
                                                      0.100     8.455 r  i_ariane/i_cva6/ex_stage_i/alu_i/adder_result_ext_o_carry__13/CO[3]
                         net (fo=1, unplaced)         0.000     8.455    i_ariane/i_cva6/ex_stage_i/alu_i/adder_result_ext_o_carry__13_n_0
                         CARRY4 (Prop_carry4_CI_O[3])
                                                      0.277     8.732 r  i_ariane/i_cva6/ex_stage_i/alu_i/adder_result_ext_o_carry__14/O[3]
                         net (fo=2, unplaced)         0.487     9.219    i_ariane/i_cva6/issue_stage_i/i_issue_read_operands/adder_result[63]
                         LUT4 (Prop_lut4_I1_O)        0.250     9.469 r  i_ariane/i_cva6/issue_stage_i/i_issue_read_operands/i___65_i_25/O
                         net (fo=1, unplaced)         0.347     9.816    i_ariane/i_cva6/ex_stage_i/alu_i/i___65_i_10_1
                         LUT5 (Prop_lut5_I4_O)        0.105     9.921 r  i_ariane/i_cva6/ex_stage_i/alu_i/i___65_i_21/O
                         net (fo=1, unplaced)         0.347    10.268    i_ariane/i_cva6/ex_stage_i/alu_i/i___65_i_21_n_0
                         LUT6 (Prop_lut6_I5_O)        0.105    10.373 r  i_ariane/i_cva6/ex_stage_i/alu_i/i___65_i_10/O
                         net (fo=2, unplaced)         0.358    10.731    i_ariane/i_cva6/ex_stage_i/alu_i/i___65_i_10_n_0
                         LUT6 (Prop_lut6_I3_O)        0.105    10.836 f  i_ariane/i_cva6/ex_stage_i/alu_i/i___65_i_4/O
                         net (fo=1, unplaced)         0.347    11.183    i_ariane/i_cva6/issue_stage_i/i_issue_read_operands/issue_q[0][valid]_i_4_0
                         LUT6 (Prop_lut6_I3_O)        0.105    11.288 r  i_ariane/i_cva6/issue_stage_i/i_issue_read_operands/i___65_i_1__0/O
                         net (fo=70, unplaced)        0.438    11.726    i_ariane/i_cva6/issue_stage_i/i_issue_read_operands/fu_data_q_reg[0][operation][0]_32
                         LUT6 (Prop_lut6_I1_O)        0.105    11.831 f  i_ariane/i_cva6/issue_stage_i/i_issue_read_operands/npc_q[63]_bret__277_i_2/O
                         net (fo=9, unplaced)         0.388    12.219    i_ariane/i_cva6/controller_i/resolved_branch[is_mispredict]
                         LUT6 (Prop_lut6_I3_O)        0.105    12.324 f  i_ariane/i_cva6/controller_i/i___63_i_1/O
                         net (fo=40, unplaced)        0.424    12.748    i_ariane/i_cva6/id_stage_i/flush_ctrl_if
                         LUT6 (Prop_lut6_I1_O)        0.105    12.853 f  i_ariane/i_cva6/id_stage_i/top_id_q[1]_i_2/O
                         net (fo=7, unplaced)         0.382    13.235    i_ariane/i_cva6/issue_stage_i/i_scoreboard/FSM_onehot_wstate_q_reg[0]_1
                         LUT6 (Prop_lut6_I0_O)        0.105    13.340 f  i_ariane/i_cva6/issue_stage_i/i_scoreboard/i__i_6__0/O
                         net (fo=3, unplaced)         0.365    13.705    i_ariane/i_cva6/issue_stage_i/i_scoreboard/FSM_onehot_wstate_q_reg[0]_0
                         LUT6 (Prop_lut6_I4_O)        0.105    13.810 f  i_ariane/i_cva6/issue_stage_i/i_scoreboard/i__i_1__0/O
                         net (fo=58, unplaced)        0.433    14.243    i_ariane/i_cva6/issue_stage_i/i_scoreboard/issue_q_reg[0][sbe][valid]
                         LUT3 (Prop_lut3_I0_O)        0.105    14.348 r  i_ariane/i_cva6/issue_stage_i/i_scoreboard/mem_q[3][sbe][pc][63]_i_1/O
                         net (fo=79, unplaced)        0.441    14.789    i_ariane/i_cva6/issue_stage_i/i_scoreboard/mem_q[3][sbe][pc][63]_i_1_n_0
                         LUT6 (Prop_lut6_I2_O)        0.105    14.894 r  i_ariane/i_cva6/issue_stage_i/i_scoreboard/mem_q[0][sbe][rd][4]_i_13/O
                         net (fo=1, unplaced)         0.938    15.832    i_ariane/i_cva6/issue_stage_i/i_scoreboard/mem_q[0][sbe][rd][4]_i_13_n_0
                         LUT6 (Prop_lut6_I1_O)        0.105    15.937 r  i_ariane/i_cva6/issue_stage_i/i_scoreboard/mem_q[0][sbe][rd][4]_i_6/O
                         net (fo=10, unplaced)        0.390    16.327    i_ariane/i_cva6/ex_stage_i/lsu_i/i_pipe_reg_load/mem_q_reg[0][sbe][rd][2]_4
                         LUT4 (Prop_lut4_I2_O)        0.105    16.432 r  i_ariane/i_cva6/ex_stage_i/lsu_i/i_pipe_reg_load/mem_q[3][sbe][rd][4]_i_4/O
                         net (fo=3, unplaced)         0.365    16.797    i_ariane/i_cva6/issue_stage_i/i_scoreboard/mem_q_reg[3][sbe][rd][2]_1
                         LUT6 (Prop_lut6_I3_O)        0.105    16.902 r  i_ariane/i_cva6/issue_stage_i/i_scoreboard/mem_q[3][sbe][rd][4]_i_1/O
                         net (fo=1, unplaced)         0.000    16.902    i_ariane/i_cva6/issue_stage_i/i_scoreboard/mem_q[3][sbe][rd][4]_i_1_n_0
                         FDCE                                         r  i_ariane/i_cva6/issue_stage_i/i_scoreboard/mem_q_reg[3][sbe][rd][4]/D
  -------------------------------------------------------------------    -------------------

                         (clock sys_clk rise edge)    5.000     5.000 r  
                                                      0.000     5.000 r  clk_pad_i (IN)
                         net (fo=0)                   0.000     5.000    clk_pad_i
                         IBUF (Prop_ibuf_I_O)         1.352     6.352 r  clk_pad_i_IBUF_inst/O
                         net (fo=1, unplaced)         0.613     6.965    clk_pad_i_IBUF
                         BUFG (Prop_bufg_I_O)         0.077     7.042 r  i_clk_bufg/O
                         net (fo=7369, unplaced)      0.439     7.481    i_ariane/i_cva6/issue_stage_i/i_scoreboard/clk_core
                         FDCE                                         r  i_ariane/i_cva6/issue_stage_i/i_scoreboard/mem_q_reg[3][sbe][rd][4]/C
                         clock pessimism              0.106     7.587    
                         clock uncertainty           -0.135     7.452    
                         FDCE (Setup_fdce_C_D)        0.043     7.495    i_ariane/i_cva6/issue_stage_i/i_scoreboard/mem_q_reg[3][sbe][rd][4]
  -------------------------------------------------------------------
                         required time                          7.495    
                         arrival time                         -16.902    
  -------------------------------------------------------------------
                         slack                                 -9.407    





Pulse Width Checks
--------------------------------------------------------------------------------------
Clock Name:         sys_clk
Waveform(ns):       { 0.000 2.500 }
Period(ns):         5.000
Sources:            { clk_pad_i }

Check Type        Corner  Lib Pin             Reference Pin  Required(ns)  Actual(ns)  Slack(ns)  Location  Pin
Min Period        n/a     RAMB36E1/CLKARDCLK  n/a            2.472         5.000       2.528                i_ariane/gen_hdec_coprocessor.i_hdec_coprocessor/i_hdec_top/i_vrf/gen_bank[0].vrf_mem_reg/CLKARDCLK
Min Period        n/a     RAMB36E1/CLKBWRCLK  n/a            2.472         5.000       2.528                i_ariane/gen_hdec_coprocessor.i_hdec_coprocessor/i_hdec_top/i_vrf/gen_bank[0].vrf_mem_reg/CLKBWRCLK
Min Period        n/a     RAMB36E1/CLKARDCLK  n/a            2.472         5.000       2.528                i_ariane/gen_hdec_coprocessor.i_hdec_coprocessor/i_hdec_top/i_vrf/gen_bank[1].vrf_mem_reg/CLKARDCLK
Min Period        n/a     RAMB36E1/CLKBWRCLK  n/a            2.472         5.000       2.528                i_ariane/gen_hdec_coprocessor.i_hdec_coprocessor/i_hdec_top/i_vrf/gen_bank[1].vrf_mem_reg/CLKBWRCLK
Min Period        n/a     RAMB36E1/CLKARDCLK  n/a            2.472         5.000       2.528                i_ariane/gen_hdec_coprocessor.i_hdec_coprocessor/i_hdec_top/i_vrf/gen_bank[2].vrf_mem_reg/CLKARDCLK
Min Period        n/a     RAMB36E1/CLKBWRCLK  n/a            2.472         5.000       2.528                i_ariane/gen_hdec_coprocessor.i_hdec_coprocessor/i_hdec_top/i_vrf/gen_bank[2].vrf_mem_reg/CLKBWRCLK
Min Period        n/a     RAMB36E1/CLKARDCLK  n/a            2.472         5.000       2.528                i_ariane/gen_hdec_coprocessor.i_hdec_coprocessor/i_hdec_top/i_vrf/gen_bank[3].vrf_mem_reg/CLKARDCLK
Min Period        n/a     RAMB36E1/CLKBWRCLK  n/a            2.472         5.000       2.528                i_ariane/gen_hdec_coprocessor.i_hdec_coprocessor/i_hdec_top/i_vrf/gen_bank[3].vrf_mem_reg/CLKBWRCLK
Min Period        n/a     RAMB36E1/CLKARDCLK  n/a            2.472         5.000       2.528                i_ariane/i_cva6/gen_cache_wt.i_cache_subsystem/i_cva6_icache/gen_sram[0].tag_sram/data_sram/gen_cut[0].i_tc_sram_wrapper/i_ram/Mem_DP_reg/CLKARDCLK
Min Period        n/a     RAMB36E1/CLKBWRCLK  n/a            2.472         5.000       2.528                i_ariane/i_cva6/gen_cache_wt.i_cache_subsystem/i_cva6_icache/gen_sram[0].tag_sram/data_sram/gen_cut[0].i_tc_sram_wrapper/i_ram/Mem_DP_reg/CLKBWRCLK
Min Period        n/a     RAMB36E1/CLKARDCLK  n/a            2.472         5.000       2.528                i_ariane/i_cva6/gen_cache_wt.i_cache_subsystem/i_cva6_icache/gen_sram[1].data_sram/data_sram/gen_cut[1].i_tc_sram_wrapper/i_ram/Mem_DP_reg/CLKARDCLK
Min Period        n/a     RAMB36E1/CLKBWRCLK  n/a            2.472         5.000       2.528                i_ariane/i_cva6/gen_cache_wt.i_cache_subsystem/i_cva6_icache/gen_sram[1].data_sram/data_sram/gen_cut[1].i_tc_sram_wrapper/i_ram/Mem_DP_reg/CLKBWRCLK
Min Period        n/a     RAMB36E1/CLKARDCLK  n/a            2.472         5.000       2.528                i_ariane/i_cva6/gen_cache_wt.i_cache_subsystem/i_cva6_icache/gen_sram[1].tag_sram/data_sram/gen_cut[0].i_tc_sram_wrapper/i_ram/Mem_DP_reg/CLKARDCLK
Min Period        n/a     RAMB36E1/CLKBWRCLK  n/a            2.472         5.000       2.528                i_ariane/i_cva6/gen_cache_wt.i_cache_subsystem/i_cva6_icache/gen_sram[1].tag_sram/data_sram/gen_cut[0].i_tc_sram_wrapper/i_ram/Mem_DP_reg/CLKBWRCLK
Min Period        n/a     RAMB36E1/CLKARDCLK  n/a            2.472         5.000       2.528                i_ariane/i_cva6/gen_cache_wt.i_cache_subsystem/i_wt_dcache/i_wt_dcache_mem/gen_data_banks[0].i_data_sram/data_sram/gen_cut[0].i_tc_sram_wrapper/i_ram/Mem_DP_reg/CLKARDCLK
Min Period        n/a     RAMB36E1/CLKBWRCLK  n/a            2.472         5.000       2.528                i_ariane/i_cva6/gen_cache_wt.i_cache_subsystem/i_wt_dcache/i_wt_dcache_mem/gen_data_banks[0].i_data_sram/data_sram/gen_cut[0].i_tc_sram_wrapper/i_ram/Mem_DP_reg/CLKBWRCLK
Min Period        n/a     RAMB36E1/CLKARDCLK  n/a            2.472         5.000       2.528                i_ariane/i_cva6/gen_cache_wt.i_cache_subsystem/i_wt_dcache/i_wt_dcache_mem/gen_data_banks[0].i_data_sram/data_sram/gen_cut[1].i_tc_sram_wrapper/i_ram/Mem_DP_reg/CLKARDCLK
Min Period        n/a     RAMB36E1/CLKBWRCLK  n/a            2.472         5.000       2.528                i_ariane/i_cva6/gen_cache_wt.i_cache_subsystem/i_wt_dcache/i_wt_dcache_mem/gen_data_banks[0].i_data_sram/data_sram/gen_cut[1].i_tc_sram_wrapper/i_ram/Mem_DP_reg/CLKBWRCLK
Min Period        n/a     RAMB36E1/CLKARDCLK  n/a            2.472         5.000       2.528                i_ariane/i_cva6/gen_cache_wt.i_cache_subsystem/i_wt_dcache/i_wt_dcache_mem/gen_data_banks[1].i_data_sram/data_sram/gen_cut[0].i_tc_sram_wrapper/i_ram/Mem_DP_reg/CLKARDCLK
Min Period        n/a     RAMB36E1/CLKBWRCLK  n/a            2.472         5.000       2.528                i_ariane/i_cva6/gen_cache_wt.i_cache_subsystem/i_wt_dcache/i_wt_dcache_mem/gen_data_banks[1].i_data_sram/data_sram/gen_cut[0].i_tc_sram_wrapper/i_ram/Mem_DP_reg/CLKBWRCLK
Low Pulse Width   Slow    RAMD32/CLK          n/a            1.130         2.500       1.370                i_ariane/i_cva6/gen_cache_wt.i_cache_subsystem/i_adapter/i_dcache_data_fifo/gen_fpga_queue.fifo_ram/mem_reg_0_1_102_107/RAMA/CLK
Low Pulse Width   Fast    RAMD32/CLK          n/a            1.130         2.500       1.370                i_ariane/i_cva6/gen_cache_wt.i_cache_subsystem/i_adapter/i_dcache_data_fifo/gen_fpga_queue.fifo_ram/mem_reg_0_1_102_107/RAMA/CLK
Low Pulse Width   Slow    RAMD32/CLK          n/a            1.130         2.500       1.370                i_ariane/i_cva6/gen_cache_wt.i_cache_subsystem/i_adapter/i_dcache_data_fifo/gen_fpga_queue.fifo_ram/mem_reg_0_1_102_107/RAMA_D1/CLK
Low Pulse Width   Fast    RAMD32/CLK          n/a            1.130         2.500       1.370                i_ariane/i_cva6/gen_cache_wt.i_cache_subsystem/i_adapter/i_dcache_data_fifo/gen_fpga_queue.fifo_ram/mem_reg_0_1_102_107/RAMA_D1/CLK
Low Pulse Width   Slow    RAMD32/CLK          n/a            1.130         2.500       1.370                i_ariane/i_cva6/gen_cache_wt.i_cache_subsystem/i_adapter/i_dcache_data_fifo/gen_fpga_queue.fifo_ram/mem_reg_0_1_102_107/RAMB/CLK
Low Pulse Width   Fast    RAMD32/CLK          n/a            1.130         2.500       1.370                i_ariane/i_cva6/gen_cache_wt.i_cache_subsystem/i_adapter/i_dcache_data_fifo/gen_fpga_queue.fifo_ram/mem_reg_0_1_102_107/RAMB/CLK
Low Pulse Width   Slow    RAMD32/CLK          n/a            1.130         2.500       1.370                i_ariane/i_cva6/gen_cache_wt.i_cache_subsystem/i_adapter/i_dcache_data_fifo/gen_fpga_queue.fifo_ram/mem_reg_0_1_102_107/RAMB_D1/CLK
Low Pulse Width   Fast    RAMD32/CLK          n/a            1.130         2.500       1.370                i_ariane/i_cva6/gen_cache_wt.i_cache_subsystem/i_adapter/i_dcache_data_fifo/gen_fpga_queue.fifo_ram/mem_reg_0_1_102_107/RAMB_D1/CLK
Low Pulse Width   Slow    RAMD32/CLK          n/a            1.130         2.500       1.370                i_ariane/i_cva6/gen_cache_wt.i_cache_subsystem/i_adapter/i_dcache_data_fifo/gen_fpga_queue.fifo_ram/mem_reg_0_1_102_107/RAMC/CLK
Low Pulse Width   Fast    RAMD32/CLK          n/a            1.130         2.500       1.370                i_ariane/i_cva6/gen_cache_wt.i_cache_subsystem/i_adapter/i_dcache_data_fifo/gen_fpga_queue.fifo_ram/mem_reg_0_1_102_107/RAMC/CLK
Low Pulse Width   Slow    RAMD32/CLK          n/a            1.130         2.500       1.370                i_ariane/i_cva6/gen_cache_wt.i_cache_subsystem/i_adapter/i_dcache_data_fifo/gen_fpga_queue.fifo_ram/mem_reg_0_1_102_107/RAMC_D1/CLK
Low Pulse Width   Fast    RAMD32/CLK          n/a            1.130         2.500       1.370                i_ariane/i_cva6/gen_cache_wt.i_cache_subsystem/i_adapter/i_dcache_data_fifo/gen_fpga_queue.fifo_ram/mem_reg_0_1_102_107/RAMC_D1/CLK
Low Pulse Width   Slow    RAMS32/CLK          n/a            1.130         2.500       1.370                i_ariane/i_cva6/gen_cache_wt.i_cache_subsystem/i_adapter/i_dcache_data_fifo/gen_fpga_queue.fifo_ram/mem_reg_0_1_102_107/RAMD/CLK
Low Pulse Width   Fast    RAMS32/CLK          n/a            1.130         2.500       1.370                i_ariane/i_cva6/gen_cache_wt.i_cache_subsystem/i_adapter/i_dcache_data_fifo/gen_fpga_queue.fifo_ram/mem_reg_0_1_102_107/RAMD/CLK
Low Pulse Width   Slow    RAMS32/CLK          n/a            1.130         2.500       1.370                i_ariane/i_cva6/gen_cache_wt.i_cache_subsystem/i_adapter/i_dcache_data_fifo/gen_fpga_queue.fifo_ram/mem_reg_0_1_102_107/RAMD_D1/CLK
Low Pulse Width   Fast    RAMS32/CLK          n/a            1.130         2.500       1.370                i_ariane/i_cva6/gen_cache_wt.i_cache_subsystem/i_adapter/i_dcache_data_fifo/gen_fpga_queue.fifo_ram/mem_reg_0_1_102_107/RAMD_D1/CLK
Low Pulse Width   Slow    RAMD32/CLK          n/a            1.130         2.500       1.370                i_ariane/i_cva6/gen_cache_wt.i_cache_subsystem/i_adapter/i_dcache_data_fifo/gen_fpga_queue.fifo_ram/mem_reg_0_1_108_113/RAMA/CLK
Low Pulse Width   Fast    RAMD32/CLK          n/a            1.130         2.500       1.370                i_ariane/i_cva6/gen_cache_wt.i_cache_subsystem/i_adapter/i_dcache_data_fifo/gen_fpga_queue.fifo_ram/mem_reg_0_1_108_113/RAMA/CLK
Low Pulse Width   Slow    RAMD32/CLK          n/a            1.130         2.500       1.370                i_ariane/i_cva6/gen_cache_wt.i_cache_subsystem/i_adapter/i_dcache_data_fifo/gen_fpga_queue.fifo_ram/mem_reg_0_1_108_113/RAMA_D1/CLK
Low Pulse Width   Fast    RAMD32/CLK          n/a            1.130         2.500       1.370                i_ariane/i_cva6/gen_cache_wt.i_cache_subsystem/i_adapter/i_dcache_data_fifo/gen_fpga_queue.fifo_ram/mem_reg_0_1_108_113/RAMA_D1/CLK
High Pulse Width  Slow    RAMD32/CLK          n/a            1.130         2.500       1.370                i_ariane/i_cva6/gen_cache_wt.i_cache_subsystem/i_adapter/i_dcache_data_fifo/gen_fpga_queue.fifo_ram/mem_reg_0_1_102_107/RAMA/CLK
High Pulse Width  Fast    RAMD32/CLK          n/a            1.130         2.500       1.370                i_ariane/i_cva6/gen_cache_wt.i_cache_subsystem/i_adapter/i_dcache_data_fifo/gen_fpga_queue.fifo_ram/mem_reg_0_1_102_107/RAMA/CLK
High Pulse Width  Slow    RAMD32/CLK          n/a            1.130         2.500       1.370                i_ariane/i_cva6/gen_cache_wt.i_cache_subsystem/i_adapter/i_dcache_data_fifo/gen_fpga_queue.fifo_ram/mem_reg_0_1_102_107/RAMA_D1/CLK
High Pulse Width  Fast    RAMD32/CLK          n/a            1.130         2.500       1.370                i_ariane/i_cva6/gen_cache_wt.i_cache_subsystem/i_adapter/i_dcache_data_fifo/gen_fpga_queue.fifo_ram/mem_reg_0_1_102_107/RAMA_D1/CLK
High Pulse Width  Slow    RAMD32/CLK          n/a            1.130         2.500       1.370                i_ariane/i_cva6/gen_cache_wt.i_cache_subsystem/i_adapter/i_dcache_data_fifo/gen_fpga_queue.fifo_ram/mem_reg_0_1_102_107/RAMB/CLK
High Pulse Width  Fast    RAMD32/CLK          n/a            1.130         2.500       1.370                i_ariane/i_cva6/gen_cache_wt.i_cache_subsystem/i_adapter/i_dcache_data_fifo/gen_fpga_queue.fifo_ram/mem_reg_0_1_102_107/RAMB/CLK
High Pulse Width  Slow    RAMD32/CLK          n/a            1.130         2.500       1.370                i_ariane/i_cva6/gen_cache_wt.i_cache_subsystem/i_adapter/i_dcache_data_fifo/gen_fpga_queue.fifo_ram/mem_reg_0_1_102_107/RAMB_D1/CLK
High Pulse Width  Fast    RAMD32/CLK          n/a            1.130         2.500       1.370                i_ariane/i_cva6/gen_cache_wt.i_cache_subsystem/i_adapter/i_dcache_data_fifo/gen_fpga_queue.fifo_ram/mem_reg_0_1_102_107/RAMB_D1/CLK
High Pulse Width  Slow    RAMD32/CLK          n/a            1.130         2.500       1.370                i_ariane/i_cva6/gen_cache_wt.i_cache_subsystem/i_adapter/i_dcache_data_fifo/gen_fpga_queue.fifo_ram/mem_reg_0_1_102_107/RAMC/CLK
High Pulse Width  Fast    RAMD32/CLK          n/a            1.130         2.500       1.370                i_ariane/i_cva6/gen_cache_wt.i_cache_subsystem/i_adapter/i_dcache_data_fifo/gen_fpga_queue.fifo_ram/mem_reg_0_1_102_107/RAMC/CLK
High Pulse Width  Slow    RAMD32/CLK          n/a            1.130         2.500       1.370                i_ariane/i_cva6/gen_cache_wt.i_cache_subsystem/i_adapter/i_dcache_data_fifo/gen_fpga_queue.fifo_ram/mem_reg_0_1_102_107/RAMC_D1/CLK
High Pulse Width  Fast    RAMD32/CLK          n/a            1.130         2.500       1.370                i_ariane/i_cva6/gen_cache_wt.i_cache_subsystem/i_adapter/i_dcache_data_fifo/gen_fpga_queue.fifo_ram/mem_reg_0_1_102_107/RAMC_D1/CLK
High Pulse Width  Slow    RAMS32/CLK          n/a            1.130         2.500       1.370                i_ariane/i_cva6/gen_cache_wt.i_cache_subsystem/i_adapter/i_dcache_data_fifo/gen_fpga_queue.fifo_ram/mem_reg_0_1_102_107/RAMD/CLK
High Pulse Width  Fast    RAMS32/CLK          n/a            1.130         2.500       1.370                i_ariane/i_cva6/gen_cache_wt.i_cache_subsystem/i_adapter/i_dcache_data_fifo/gen_fpga_queue.fifo_ram/mem_reg_0_1_102_107/RAMD/CLK
High Pulse Width  Slow    RAMS32/CLK          n/a            1.130         2.500       1.370                i_ariane/i_cva6/gen_cache_wt.i_cache_subsystem/i_adapter/i_dcache_data_fifo/gen_fpga_queue.fifo_ram/mem_reg_0_1_102_107/RAMD_D1/CLK
High Pulse Width  Fast    RAMS32/CLK          n/a            1.130         2.500       1.370                i_ariane/i_cva6/gen_cache_wt.i_cache_subsystem/i_adapter/i_dcache_data_fifo/gen_fpga_queue.fifo_ram/mem_reg_0_1_102_107/RAMD_D1/CLK
High Pulse Width  Slow    RAMD32/CLK          n/a            1.130         2.500       1.370                i_ariane/i_cva6/gen_cache_wt.i_cache_subsystem/i_adapter/i_dcache_data_fifo/gen_fpga_queue.fifo_ram/mem_reg_0_1_108_113/RAMA/CLK
High Pulse Width  Fast    RAMD32/CLK          n/a            1.130         2.500       1.370                i_ariane/i_cva6/gen_cache_wt.i_cache_subsystem/i_adapter/i_dcache_data_fifo/gen_fpga_queue.fifo_ram/mem_reg_0_1_108_113/RAMA/CLK
High Pulse Width  Slow    RAMD32/CLK          n/a            1.130         2.500       1.370                i_ariane/i_cva6/gen_cache_wt.i_cache_subsystem/i_adapter/i_dcache_data_fifo/gen_fpga_queue.fifo_ram/mem_reg_0_1_108_113/RAMA_D1/CLK
High Pulse Width  Fast    RAMD32/CLK          n/a            1.130         2.500       1.370                i_ariane/i_cva6/gen_cache_wt.i_cache_subsystem/i_adapter/i_dcache_data_fifo/gen_fpga_queue.fifo_ram/mem_reg_0_1_108_113/RAMA_D1/CLK



