rank,slack_ns,required_time_ns,data_path_delay_ns,logic_delay_ns,route_delay_ns,route_ratio,logic_levels,startpoint,endpoint,path_class,main_cells
1,0.328,5.000,4.698,2.324,2.374,0.505,8,"gen_lane[1].i_p2_pop_slice/popcount_part_q_o_reg[1][0]/C","group_dist_q_reg[8]/D","P2 popcount capture","CARRY4=4;FDCE=2;LUT3=2;LUT5=1;LUT6=1"
2,0.432,5.000,4.594,2.146,2.448,0.533,6,"gen_lane[1].i_p2_pop_slice/popcount_part_q_o_reg[1][0]/C","group_dist_q_reg[7]/D","P2 popcount capture","CARRY4=3;FDCE=2;LUT3=2;LUT5=1"
3,0.485,5.000,4.541,2.093,2.448,0.539,6,"gen_lane[1].i_p2_pop_slice/popcount_part_q_o_reg[1][0]/C","group_dist_q_reg[6]/D","P2 popcount capture","CARRY4=3;FDCE=2;LUT3=2;LUT5=1"
4,0.606,5.000,4.420,2.168,2.252,0.510,7,"gen_lane[3].i_p2_pop_slice/popcount_part_q_o_reg[0][0]/C","group_dist_q_reg[5]/D","P2 popcount capture","CARRY4=3;FDCE=2;LUT3=2;LUT5=1;LUT6=1"
5,0.651,5.000,4.346,1.951,2.395,0.551,7,"a_q_reg[4]/C","st_q_reg[2]/D","TOP control","CARRY4=2;FDCE=2;LUT4=1;LUT6=4"
6,0.651,5.000,4.346,1.951,2.395,0.551,7,"a_q_reg[4]/C","st_q_reg[3]/D","TOP control","CARRY4=2;FDCE=2;LUT4=1;LUT5=1;LUT6=3"
7,0.662,5.000,4.335,1.951,2.384,0.550,7,"a_q_reg[4]/C","res_q_reg[1]/D","scalar response","CARRY4=2;FDCE=2;LUT4=1;LUT6=4"
8,0.686,5.000,4.340,2.088,2.252,0.519,7,"gen_lane[3].i_p2_pop_slice/popcount_part_q_o_reg[0][0]/C","group_dist_q_reg[4]/D","P2 popcount capture","CARRY4=3;FDCE=2;LUT3=2;LUT5=1;LUT6=1"
9,0.786,5.000,4.211,1.210,3.001,0.713,6,"ecc_diag_base_q_reg[4]/C","ecc_leaf_prod_q_reg[15]/D","other","FDCE=2;LUT4=1;LUT5=1;LUT6=4"
10,0.786,5.000,4.211,1.210,3.001,0.713,6,"ecc_diag_base_q_reg[4]/C","ecc_leaf_prod_q_reg[23]/D","other","FDCE=2;LUT4=1;LUT5=1;LUT6=4"
11,0.786,5.000,4.211,1.210,3.001,0.713,6,"ecc_diag_base_q_reg[4]/C","ecc_leaf_prod_q_reg[31]/D","other","FDCE=2;LUT4=1;LUT5=1;LUT6=4"
12,0.786,5.000,4.211,1.210,3.001,0.713,6,"ecc_diag_base_q_reg[4]/C","ecc_leaf_prod_q_reg[39]/D","other","FDCE=2;LUT4=1;LUT5=1;LUT6=4"
13,0.786,5.000,4.211,1.210,3.001,0.713,6,"ecc_diag_base_q_reg[4]/C","ecc_leaf_prod_q_reg[47]/D","other","FDCE=2;LUT4=1;LUT5=1;LUT6=4"
14,0.786,5.000,4.211,1.210,3.001,0.713,6,"ecc_diag_base_q_reg[4]/C","ecc_leaf_prod_q_reg[55]/D","other","FDCE=2;LUT4=1;LUT5=1;LUT6=4"
15,0.786,5.000,4.211,1.210,3.001,0.713,6,"ecc_diag_base_q_reg[4]/C","ecc_leaf_prod_q_reg[7]/D","other","FDCE=2;LUT4=1;LUT5=1;LUT6=4"
16,0.908,5.000,4.118,1.864,2.254,0.547,5,"gen_lane[3].i_p2_pop_slice/popcount_part_q_o_reg[0][0]/C","group_dist_q_reg[3]/D","P2 popcount capture","CARRY4=2;FDCE=2;LUT3=2;LUT5=1"
17,0.930,5.000,4.067,1.085,2.982,0.733,5,"ecc_leaf_b_q_reg[19]/C","ecc_leaf_prod_q_reg[0]/D","other","FDCE=2;LUT6=5"
18,0.930,5.000,4.067,1.085,2.982,0.733,5,"ecc_leaf_b_q_reg[19]/C","ecc_leaf_prod_q_reg[16]/D","other","FDCE=2;LUT6=5"
19,0.930,5.000,4.067,1.085,2.982,0.733,5,"ecc_leaf_b_q_reg[19]/C","ecc_leaf_prod_q_reg[24]/D","other","FDCE=2;LUT6=5"
20,0.930,5.000,4.067,1.085,2.982,0.733,5,"ecc_leaf_b_q_reg[19]/C","ecc_leaf_prod_q_reg[32]/D","other","FDCE=2;LUT6=5"
21,0.930,5.000,4.067,1.085,2.982,0.733,5,"ecc_leaf_b_q_reg[19]/C","ecc_leaf_prod_q_reg[40]/D","other","FDCE=2;LUT6=5"
22,0.930,5.000,4.067,1.085,2.982,0.733,5,"ecc_leaf_b_q_reg[19]/C","ecc_leaf_prod_q_reg[48]/D","other","FDCE=2;LUT6=5"
23,0.930,5.000,4.067,1.085,2.982,0.733,5,"ecc_leaf_b_q_reg[19]/C","ecc_leaf_prod_q_reg[56]/D","other","FDCE=2;LUT6=5"
24,0.930,5.000,4.067,1.085,2.982,0.733,5,"ecc_leaf_b_q_reg[19]/C","ecc_leaf_prod_q_reg[8]/D","other","FDCE=2;LUT6=5"
25,0.974,5.000,3.744,1.085,2.659,0.710,5,"ecc_fold_word_q_reg[0]/C","ecc_product_even_reg_0_3_32_32/DP/I","other","FDCE=1;LUT6=5;RAMD32=1"
26,0.974,5.000,3.744,1.085,2.659,0.710,5,"ecc_fold_word_q_reg[0]/C","ecc_product_even_reg_0_3_33_33/DP/I","other","FDCE=1;LUT6=5;RAMD32=1"
27,0.974,5.000,3.744,1.085,2.659,0.710,5,"ecc_fold_word_q_reg[0]/C","ecc_product_even_reg_0_3_34_34/DP/I","other","FDCE=1;LUT6=5;RAMD32=1"
28,0.974,5.000,3.744,1.085,2.659,0.710,5,"ecc_fold_word_q_reg[0]/C","ecc_product_even_reg_0_3_35_35/DP/I","other","FDCE=1;LUT6=5;RAMD32=1"
29,0.974,5.000,3.744,1.085,2.659,0.710,5,"ecc_fold_word_q_reg[0]/C","ecc_product_even_reg_0_3_36_36/DP/I","other","FDCE=1;LUT6=5;RAMD32=1"
30,0.974,5.000,3.744,1.085,2.659,0.710,5,"ecc_fold_word_q_reg[0]/C","ecc_product_even_reg_0_3_37_37/DP/I","other","FDCE=1;LUT6=5;RAMD32=1"
31,0.974,5.000,3.744,1.085,2.659,0.710,5,"ecc_fold_word_q_reg[0]/C","ecc_product_even_reg_0_3_38_38/DP/I","other","FDCE=1;LUT6=5;RAMD32=1"
32,0.974,5.000,3.744,1.085,2.659,0.710,5,"ecc_fold_word_q_reg[0]/C","ecc_product_even_reg_0_3_39_39/DP/I","other","FDCE=1;LUT6=5;RAMD32=1"
33,0.974,5.000,3.744,1.085,2.659,0.710,5,"ecc_fold_word_q_reg[0]/C","ecc_product_even_reg_0_3_40_40/DP/I","other","FDCE=1;LUT6=5;RAMD32=1"
34,0.974,5.000,3.744,1.085,2.659,0.710,5,"ecc_fold_word_q_reg[0]/C","ecc_product_even_reg_0_3_41_41/DP/I","other","FDCE=1;LUT6=5;RAMD32=1"
35,0.974,5.000,3.744,1.085,2.659,0.710,5,"ecc_fold_word_q_reg[0]/C","ecc_product_even_reg_0_3_42_42/DP/I","other","FDCE=1;LUT6=5;RAMD32=1"
36,0.974,5.000,3.744,1.085,2.659,0.710,5,"ecc_fold_word_q_reg[0]/C","ecc_product_even_reg_0_3_43_43/DP/I","other","FDCE=1;LUT6=5;RAMD32=1"
37,0.974,5.000,3.744,1.085,2.659,0.710,5,"ecc_fold_word_q_reg[0]/C","ecc_product_even_reg_0_3_44_44/DP/I","other","FDCE=1;LUT6=5;RAMD32=1"
38,0.974,5.000,3.744,1.085,2.659,0.710,5,"ecc_fold_word_q_reg[0]/C","ecc_product_even_reg_0_3_45_45/DP/I","other","FDCE=1;LUT6=5;RAMD32=1"
39,0.974,5.000,3.744,1.085,2.659,0.710,5,"ecc_fold_word_q_reg[0]/C","ecc_product_even_reg_0_3_46_46/DP/I","other","FDCE=1;LUT6=5;RAMD32=1"
40,0.974,5.000,3.744,1.085,2.659,0.710,5,"ecc_fold_word_q_reg[0]/C","ecc_product_even_reg_0_3_47_47/DP/I","other","FDCE=1;LUT6=5;RAMD32=1"
41,0.974,5.000,3.744,1.085,2.659,0.710,5,"ecc_fold_word_q_reg[0]/C","ecc_product_even_reg_0_3_48_48/DP/I","other","FDCE=1;LUT6=5;RAMD32=1"
42,0.974,5.000,3.744,1.085,2.659,0.710,5,"ecc_fold_word_q_reg[0]/C","ecc_product_even_reg_0_3_49_49/DP/I","other","FDCE=1;LUT6=5;RAMD32=1"
43,0.974,5.000,3.744,1.085,2.659,0.710,5,"ecc_fold_word_q_reg[0]/C","ecc_product_even_reg_0_3_50_50/DP/I","other","FDCE=1;LUT6=5;RAMD32=1"
44,0.974,5.000,3.744,1.085,2.659,0.710,5,"ecc_fold_word_q_reg[0]/C","ecc_product_even_reg_0_3_51_51/DP/I","other","FDCE=1;LUT6=5;RAMD32=1"
45,0.974,5.000,3.744,1.085,2.659,0.710,5,"ecc_fold_word_q_reg[0]/C","ecc_product_even_reg_0_3_52_52/DP/I","other","FDCE=1;LUT6=5;RAMD32=1"
46,0.974,5.000,3.744,1.085,2.659,0.710,5,"ecc_fold_word_q_reg[0]/C","ecc_product_even_reg_0_3_53_53/DP/I","other","FDCE=1;LUT6=5;RAMD32=1"
47,0.974,5.000,3.744,1.085,2.659,0.710,5,"ecc_fold_word_q_reg[0]/C","ecc_product_even_reg_0_3_54_54/DP/I","other","FDCE=1;LUT6=5;RAMD32=1"
48,0.974,5.000,3.744,1.085,2.659,0.710,5,"ecc_fold_word_q_reg[0]/C","ecc_product_even_reg_0_3_55_55/DP/I","other","FDCE=1;LUT6=5;RAMD32=1"
49,0.974,5.000,3.744,1.085,2.659,0.710,5,"ecc_fold_word_q_reg[0]/C","ecc_product_even_reg_0_3_56_56/DP/I","other","FDCE=1;LUT6=5;RAMD32=1"
50,0.974,5.000,3.744,1.085,2.659,0.710,5,"ecc_fold_word_q_reg[0]/C","ecc_product_even_reg_0_3_57_57/DP/I","other","FDCE=1;LUT6=5;RAMD32=1"
51,0.974,5.000,3.744,1.085,2.659,0.710,5,"ecc_fold_word_q_reg[0]/C","ecc_product_even_reg_0_3_58_58/DP/I","other","FDCE=1;LUT6=5;RAMD32=1"
52,0.974,5.000,3.744,1.085,2.659,0.710,5,"ecc_fold_word_q_reg[0]/C","ecc_product_even_reg_0_3_59_59/DP/I","other","FDCE=1;LUT6=5;RAMD32=1"
53,0.974,5.000,3.744,1.085,2.659,0.710,5,"ecc_fold_word_q_reg[0]/C","ecc_product_even_reg_0_3_60_60/DP/I","other","FDCE=1;LUT6=5;RAMD32=1"
54,0.974,5.000,3.744,1.085,2.659,0.710,5,"ecc_fold_word_q_reg[0]/C","ecc_product_even_reg_0_3_61_61/DP/I","other","FDCE=1;LUT6=5;RAMD32=1"
55,0.974,5.000,3.744,1.085,2.659,0.710,5,"ecc_fold_word_q_reg[0]/C","ecc_product_even_reg_0_3_62_62/DP/I","other","FDCE=1;LUT6=5;RAMD32=1"
56,0.974,5.000,3.744,1.085,2.659,0.710,5,"ecc_fold_word_q_reg[0]/C","ecc_product_even_reg_0_3_63_63/DP/I","other","FDCE=1;LUT4=1;LUT6=4;RAMD32=1"
57,0.974,5.000,3.744,1.085,2.659,0.710,5,"ecc_fold_word_q_reg[0]/C","ecc_product_odd_reg_0_3_0_0/DP/I","other","FDCE=1;LUT6=5;RAMD32=1"
58,0.974,5.000,3.744,1.085,2.659,0.710,5,"ecc_fold_word_q_reg[0]/C","ecc_product_odd_reg_0_3_10_10/DP/I","other","FDCE=1;LUT6=5;RAMD32=1"
59,0.974,5.000,3.744,1.085,2.659,0.710,5,"ecc_fold_word_q_reg[0]/C","ecc_product_odd_reg_0_3_11_11/DP/I","other","FDCE=1;LUT6=5;RAMD32=1"
60,0.974,5.000,3.744,1.085,2.659,0.710,5,"ecc_fold_word_q_reg[0]/C","ecc_product_odd_reg_0_3_12_12/DP/I","other","FDCE=1;LUT6=5;RAMD32=1"
61,0.974,5.000,3.744,1.085,2.659,0.710,5,"ecc_fold_word_q_reg[0]/C","ecc_product_odd_reg_0_3_13_13/DP/I","other","FDCE=1;LUT6=5;RAMD32=1"
62,0.974,5.000,3.744,1.085,2.659,0.710,5,"ecc_fold_word_q_reg[0]/C","ecc_product_odd_reg_0_3_14_14/DP/I","other","FDCE=1;LUT6=5;RAMD32=1"
63,0.974,5.000,3.744,1.085,2.659,0.710,5,"ecc_fold_word_q_reg[0]/C","ecc_product_odd_reg_0_3_15_15/DP/I","other","FDCE=1;LUT6=5;RAMD32=1"
64,0.974,5.000,3.744,1.085,2.659,0.710,5,"ecc_fold_word_q_reg[0]/C","ecc_product_odd_reg_0_3_16_16/DP/I","other","FDCE=1;LUT6=5;RAMD32=1"
65,0.974,5.000,3.744,1.085,2.659,0.710,5,"ecc_fold_word_q_reg[0]/C","ecc_product_odd_reg_0_3_17_17/DP/I","other","FDCE=1;LUT6=5;RAMD32=1"
66,0.974,5.000,3.744,1.085,2.659,0.710,5,"ecc_fold_word_q_reg[0]/C","ecc_product_odd_reg_0_3_18_18/DP/I","other","FDCE=1;LUT6=5;RAMD32=1"
67,0.974,5.000,3.744,1.085,2.659,0.710,5,"ecc_fold_word_q_reg[0]/C","ecc_product_odd_reg_0_3_19_19/DP/I","other","FDCE=1;LUT6=5;RAMD32=1"
68,0.974,5.000,3.744,1.085,2.659,0.710,5,"ecc_fold_word_q_reg[0]/C","ecc_product_odd_reg_0_3_1_1/DP/I","other","FDCE=1;LUT6=5;RAMD32=1"
69,0.974,5.000,3.744,1.085,2.659,0.710,5,"ecc_fold_word_q_reg[0]/C","ecc_product_odd_reg_0_3_20_20/DP/I","other","FDCE=1;LUT6=5;RAMD32=1"
70,0.974,5.000,3.744,1.085,2.659,0.710,5,"ecc_fold_word_q_reg[0]/C","ecc_product_odd_reg_0_3_21_21/DP/I","other","FDCE=1;LUT6=5;RAMD32=1"
71,0.974,5.000,3.744,1.085,2.659,0.710,5,"ecc_fold_word_q_reg[0]/C","ecc_product_odd_reg_0_3_22_22/DP/I","other","FDCE=1;LUT6=5;RAMD32=1"
72,0.974,5.000,3.744,1.085,2.659,0.710,5,"ecc_fold_word_q_reg[0]/C","ecc_product_odd_reg_0_3_23_23/DP/I","other","FDCE=1;LUT6=5;RAMD32=1"
73,0.974,5.000,3.744,1.085,2.659,0.710,5,"ecc_fold_word_q_reg[0]/C","ecc_product_odd_reg_0_3_24_24/DP/I","other","FDCE=1;LUT6=5;RAMD32=1"
74,0.974,5.000,3.744,1.085,2.659,0.710,5,"ecc_fold_word_q_reg[0]/C","ecc_product_odd_reg_0_3_25_25/DP/I","other","FDCE=1;LUT6=5;RAMD32=1"
75,0.974,5.000,3.744,1.085,2.659,0.710,5,"ecc_fold_word_q_reg[0]/C","ecc_product_odd_reg_0_3_26_26/DP/I","other","FDCE=1;LUT6=5;RAMD32=1"
76,0.974,5.000,3.744,1.085,2.659,0.710,5,"ecc_fold_word_q_reg[0]/C","ecc_product_odd_reg_0_3_27_27/DP/I","other","FDCE=1;LUT6=5;RAMD32=1"
77,0.974,5.000,3.744,1.085,2.659,0.710,5,"ecc_fold_word_q_reg[0]/C","ecc_product_odd_reg_0_3_28_28/DP/I","other","FDCE=1;LUT6=5;RAMD32=1"
78,0.974,5.000,3.744,1.085,2.659,0.710,5,"ecc_fold_word_q_reg[0]/C","ecc_product_odd_reg_0_3_29_29/DP/I","other","FDCE=1;LUT6=5;RAMD32=1"
79,0.974,5.000,3.744,1.085,2.659,0.710,5,"ecc_fold_word_q_reg[0]/C","ecc_product_odd_reg_0_3_2_2/DP/I","other","FDCE=1;LUT6=5;RAMD32=1"
80,0.974,5.000,3.744,1.085,2.659,0.710,5,"ecc_fold_word_q_reg[0]/C","ecc_product_odd_reg_0_3_30_30/DP/I","other","FDCE=1;LUT6=5;RAMD32=1"
81,0.974,5.000,3.744,1.085,2.659,0.710,5,"ecc_fold_word_q_reg[0]/C","ecc_product_odd_reg_0_3_3_3/DP/I","other","FDCE=1;LUT6=5;RAMD32=1"
82,0.974,5.000,3.744,1.085,2.659,0.710,5,"ecc_fold_word_q_reg[0]/C","ecc_product_odd_reg_0_3_4_4/DP/I","other","FDCE=1;LUT6=5;RAMD32=1"
83,0.974,5.000,3.744,1.085,2.659,0.710,5,"ecc_fold_word_q_reg[0]/C","ecc_product_odd_reg_0_3_5_5/DP/I","other","FDCE=1;LUT6=5;RAMD32=1"
84,0.974,5.000,3.744,1.085,2.659,0.710,5,"ecc_fold_word_q_reg[0]/C","ecc_product_odd_reg_0_3_6_6/DP/I","other","FDCE=1;LUT6=5;RAMD32=1"
85,0.974,5.000,3.744,1.085,2.659,0.710,5,"ecc_fold_word_q_reg[0]/C","ecc_product_odd_reg_0_3_7_7/DP/I","other","FDCE=1;LUT6=5;RAMD32=1"
86,0.974,5.000,3.744,1.085,2.659,0.710,5,"ecc_fold_word_q_reg[0]/C","ecc_product_odd_reg_0_3_8_8/DP/I","other","FDCE=1;LUT6=5;RAMD32=1"
87,0.974,5.000,3.744,1.085,2.659,0.710,5,"ecc_fold_word_q_reg[0]/C","ecc_product_odd_reg_0_3_9_9/DP/I","other","FDCE=1;LUT6=5;RAMD32=1"
88,0.996,5.000,4.001,1.190,2.811,0.703,6,"ecc_leaf_b_q_reg[7]/C","ecc_leaf_prod_q_reg[17]/D","other","FDCE=2;LUT6=6"
89,0.996,5.000,4.001,1.190,2.811,0.703,6,"ecc_leaf_b_q_reg[7]/C","ecc_leaf_prod_q_reg[1]/D","other","FDCE=2;LUT6=6"
90,0.996,5.000,4.001,1.190,2.811,0.703,6,"ecc_leaf_b_q_reg[7]/C","ecc_leaf_prod_q_reg[25]/D","other","FDCE=2;LUT6=6"
91,0.996,5.000,4.001,1.190,2.811,0.703,6,"ecc_leaf_b_q_reg[7]/C","ecc_leaf_prod_q_reg[33]/D","other","FDCE=2;LUT6=6"
92,0.996,5.000,4.001,1.190,2.811,0.703,6,"ecc_leaf_b_q_reg[7]/C","ecc_leaf_prod_q_reg[41]/D","other","FDCE=2;LUT6=6"
93,0.996,5.000,4.001,1.190,2.811,0.703,6,"ecc_leaf_b_q_reg[7]/C","ecc_leaf_prod_q_reg[49]/D","other","FDCE=2;LUT6=6"
94,0.996,5.000,4.001,1.190,2.811,0.703,6,"ecc_leaf_b_q_reg[7]/C","ecc_leaf_prod_q_reg[57]/D","other","FDCE=2;LUT6=6"
95,0.996,5.000,4.001,1.190,2.811,0.703,6,"ecc_leaf_b_q_reg[7]/C","ecc_leaf_prod_q_reg[9]/D","other","FDCE=2;LUT6=6"
96,1.009,5.000,3.744,1.085,2.659,0.710,5,"ecc_fold_word_q_reg[0]/C","ecc_product_even_reg_0_3_32_32/SP/I","other","FDCE=1;LUT6=5;RAMD32=1"
97,1.009,5.000,3.744,1.085,2.659,0.710,5,"ecc_fold_word_q_reg[0]/C","ecc_product_even_reg_0_3_33_33/SP/I","other","FDCE=1;LUT6=5;RAMD32=1"
98,1.009,5.000,3.744,1.085,2.659,0.710,5,"ecc_fold_word_q_reg[0]/C","ecc_product_even_reg_0_3_34_34/SP/I","other","FDCE=1;LUT6=5;RAMD32=1"
99,1.009,5.000,3.744,1.085,2.659,0.710,5,"ecc_fold_word_q_reg[0]/C","ecc_product_even_reg_0_3_35_35/SP/I","other","FDCE=1;LUT6=5;RAMD32=1"
100,1.009,5.000,3.744,1.085,2.659,0.710,5,"ecc_fold_word_q_reg[0]/C","ecc_product_even_reg_0_3_36_36/SP/I","other","FDCE=1;LUT6=5;RAMD32=1"
101,1.009,5.000,3.744,1.085,2.659,0.710,5,"ecc_fold_word_q_reg[0]/C","ecc_product_even_reg_0_3_37_37/SP/I","other","FDCE=1;LUT6=5;RAMD32=1"
102,1.009,5.000,3.744,1.085,2.659,0.710,5,"ecc_fold_word_q_reg[0]/C","ecc_product_even_reg_0_3_38_38/SP/I","other","FDCE=1;LUT6=5;RAMD32=1"
103,1.009,5.000,3.744,1.085,2.659,0.710,5,"ecc_fold_word_q_reg[0]/C","ecc_product_even_reg_0_3_39_39/SP/I","other","FDCE=1;LUT6=5;RAMD32=1"
104,1.009,5.000,3.744,1.085,2.659,0.710,5,"ecc_fold_word_q_reg[0]/C","ecc_product_even_reg_0_3_40_40/SP/I","other","FDCE=1;LUT6=5;RAMD32=1"
105,1.009,5.000,3.744,1.085,2.659,0.710,5,"ecc_fold_word_q_reg[0]/C","ecc_product_even_reg_0_3_41_41/SP/I","other","FDCE=1;LUT6=5;RAMD32=1"
106,1.009,5.000,3.744,1.085,2.659,0.710,5,"ecc_fold_word_q_reg[0]/C","ecc_product_even_reg_0_3_42_42/SP/I","other","FDCE=1;LUT6=5;RAMD32=1"
107,1.009,5.000,3.744,1.085,2.659,0.710,5,"ecc_fold_word_q_reg[0]/C","ecc_product_even_reg_0_3_43_43/SP/I","other","FDCE=1;LUT6=5;RAMD32=1"
108,1.009,5.000,3.744,1.085,2.659,0.710,5,"ecc_fold_word_q_reg[0]/C","ecc_product_even_reg_0_3_44_44/SP/I","other","FDCE=1;LUT6=5;RAMD32=1"
109,1.009,5.000,3.744,1.085,2.659,0.710,5,"ecc_fold_word_q_reg[0]/C","ecc_product_even_reg_0_3_45_45/SP/I","other","FDCE=1;LUT6=5;RAMD32=1"
110,1.009,5.000,3.744,1.085,2.659,0.710,5,"ecc_fold_word_q_reg[0]/C","ecc_product_even_reg_0_3_46_46/SP/I","other","FDCE=1;LUT6=5;RAMD32=1"
111,1.009,5.000,3.744,1.085,2.659,0.710,5,"ecc_fold_word_q_reg[0]/C","ecc_product_even_reg_0_3_47_47/SP/I","other","FDCE=1;LUT6=5;RAMD32=1"
112,1.009,5.000,3.744,1.085,2.659,0.710,5,"ecc_fold_word_q_reg[0]/C","ecc_product_even_reg_0_3_48_48/SP/I","other","FDCE=1;LUT6=5;RAMD32=1"
113,1.009,5.000,3.744,1.085,2.659,0.710,5,"ecc_fold_word_q_reg[0]/C","ecc_product_even_reg_0_3_49_49/SP/I","other","FDCE=1;LUT6=5;RAMD32=1"
114,1.009,5.000,3.744,1.085,2.659,0.710,5,"ecc_fold_word_q_reg[0]/C","ecc_product_even_reg_0_3_50_50/SP/I","other","FDCE=1;LUT6=5;RAMD32=1"
115,1.009,5.000,3.744,1.085,2.659,0.710,5,"ecc_fold_word_q_reg[0]/C","ecc_product_even_reg_0_3_51_51/SP/I","other","FDCE=1;LUT6=5;RAMD32=1"
116,1.009,5.000,3.744,1.085,2.659,0.710,5,"ecc_fold_word_q_reg[0]/C","ecc_product_even_reg_0_3_52_52/SP/I","other","FDCE=1;LUT6=5;RAMD32=1"
117,1.009,5.000,3.744,1.085,2.659,0.710,5,"ecc_fold_word_q_reg[0]/C","ecc_product_even_reg_0_3_53_53/SP/I","other","FDCE=1;LUT6=5;RAMD32=1"
118,1.009,5.000,3.744,1.085,2.659,0.710,5,"ecc_fold_word_q_reg[0]/C","ecc_product_even_reg_0_3_54_54/SP/I","other","FDCE=1;LUT6=5;RAMD32=1"
119,1.009,5.000,3.744,1.085,2.659,0.710,5,"ecc_fold_word_q_reg[0]/C","ecc_product_even_reg_0_3_55_55/SP/I","other","FDCE=1;LUT6=5;RAMD32=1"
120,1.009,5.000,3.744,1.085,2.659,0.710,5,"ecc_fold_word_q_reg[0]/C","ecc_product_even_reg_0_3_56_56/SP/I","other","FDCE=1;LUT6=5;RAMD32=1"
121,1.009,5.000,3.744,1.085,2.659,0.710,5,"ecc_fold_word_q_reg[0]/C","ecc_product_even_reg_0_3_57_57/SP/I","other","FDCE=1;LUT6=5;RAMD32=1"
122,1.009,5.000,3.744,1.085,2.659,0.710,5,"ecc_fold_word_q_reg[0]/C","ecc_product_even_reg_0_3_58_58/SP/I","other","FDCE=1;LUT6=5;RAMD32=1"
123,1.009,5.000,3.744,1.085,2.659,0.710,5,"ecc_fold_word_q_reg[0]/C","ecc_product_even_reg_0_3_59_59/SP/I","other","FDCE=1;LUT6=5;RAMD32=1"
124,1.009,5.000,3.744,1.085,2.659,0.710,5,"ecc_fold_word_q_reg[0]/C","ecc_product_even_reg_0_3_60_60/SP/I","other","FDCE=1;LUT6=5;RAMD32=1"
125,1.009,5.000,3.744,1.085,2.659,0.710,5,"ecc_fold_word_q_reg[0]/C","ecc_product_even_reg_0_3_61_61/SP/I","other","FDCE=1;LUT6=5;RAMD32=1"
126,1.009,5.000,3.744,1.085,2.659,0.710,5,"ecc_fold_word_q_reg[0]/C","ecc_product_even_reg_0_3_62_62/SP/I","other","FDCE=1;LUT6=5;RAMD32=1"
127,1.009,5.000,3.744,1.085,2.659,0.710,5,"ecc_fold_word_q_reg[0]/C","ecc_product_even_reg_0_3_63_63/SP/I","other","FDCE=1;LUT4=1;LUT6=4;RAMD32=1"
128,1.009,5.000,3.744,1.085,2.659,0.710,5,"ecc_fold_word_q_reg[0]/C","ecc_product_odd_reg_0_3_0_0/SP/I","other","FDCE=1;LUT6=5;RAMD32=1"
129,1.009,5.000,3.744,1.085,2.659,0.710,5,"ecc_fold_word_q_reg[0]/C","ecc_product_odd_reg_0_3_10_10/SP/I","other","FDCE=1;LUT6=5;RAMD32=1"
130,1.009,5.000,3.744,1.085,2.659,0.710,5,"ecc_fold_word_q_reg[0]/C","ecc_product_odd_reg_0_3_11_11/SP/I","other","FDCE=1;LUT6=5;RAMD32=1"
131,1.009,5.000,3.744,1.085,2.659,0.710,5,"ecc_fold_word_q_reg[0]/C","ecc_product_odd_reg_0_3_12_12/SP/I","other","FDCE=1;LUT6=5;RAMD32=1"
132,1.009,5.000,3.744,1.085,2.659,0.710,5,"ecc_fold_word_q_reg[0]/C","ecc_product_odd_reg_0_3_13_13/SP/I","other","FDCE=1;LUT6=5;RAMD32=1"
133,1.009,5.000,3.744,1.085,2.659,0.710,5,"ecc_fold_word_q_reg[0]/C","ecc_product_odd_reg_0_3_14_14/SP/I","other","FDCE=1;LUT6=5;RAMD32=1"
134,1.009,5.000,3.744,1.085,2.659,0.710,5,"ecc_fold_word_q_reg[0]/C","ecc_product_odd_reg_0_3_15_15/SP/I","other","FDCE=1;LUT6=5;RAMD32=1"
135,1.009,5.000,3.744,1.085,2.659,0.710,5,"ecc_fold_word_q_reg[0]/C","ecc_product_odd_reg_0_3_16_16/SP/I","other","FDCE=1;LUT6=5;RAMD32=1"
136,1.009,5.000,3.744,1.085,2.659,0.710,5,"ecc_fold_word_q_reg[0]/C","ecc_product_odd_reg_0_3_17_17/SP/I","other","FDCE=1;LUT6=5;RAMD32=1"
137,1.009,5.000,3.744,1.085,2.659,0.710,5,"ecc_fold_word_q_reg[0]/C","ecc_product_odd_reg_0_3_18_18/SP/I","other","FDCE=1;LUT6=5;RAMD32=1"
138,1.009,5.000,3.744,1.085,2.659,0.710,5,"ecc_fold_word_q_reg[0]/C","ecc_product_odd_reg_0_3_19_19/SP/I","other","FDCE=1;LUT6=5;RAMD32=1"
139,1.009,5.000,3.744,1.085,2.659,0.710,5,"ecc_fold_word_q_reg[0]/C","ecc_product_odd_reg_0_3_1_1/SP/I","other","FDCE=1;LUT6=5;RAMD32=1"
140,1.009,5.000,3.744,1.085,2.659,0.710,5,"ecc_fold_word_q_reg[0]/C","ecc_product_odd_reg_0_3_20_20/SP/I","other","FDCE=1;LUT6=5;RAMD32=1"
141,1.009,5.000,3.744,1.085,2.659,0.710,5,"ecc_fold_word_q_reg[0]/C","ecc_product_odd_reg_0_3_21_21/SP/I","other","FDCE=1;LUT6=5;RAMD32=1"
142,1.009,5.000,3.744,1.085,2.659,0.710,5,"ecc_fold_word_q_reg[0]/C","ecc_product_odd_reg_0_3_22_22/SP/I","other","FDCE=1;LUT6=5;RAMD32=1"
143,1.009,5.000,3.744,1.085,2.659,0.710,5,"ecc_fold_word_q_reg[0]/C","ecc_product_odd_reg_0_3_23_23/SP/I","other","FDCE=1;LUT6=5;RAMD32=1"
144,1.009,5.000,3.744,1.085,2.659,0.710,5,"ecc_fold_word_q_reg[0]/C","ecc_product_odd_reg_0_3_24_24/SP/I","other","FDCE=1;LUT6=5;RAMD32=1"
145,1.009,5.000,3.744,1.085,2.659,0.710,5,"ecc_fold_word_q_reg[0]/C","ecc_product_odd_reg_0_3_25_25/SP/I","other","FDCE=1;LUT6=5;RAMD32=1"
146,1.009,5.000,3.744,1.085,2.659,0.710,5,"ecc_fold_word_q_reg[0]/C","ecc_product_odd_reg_0_3_26_26/SP/I","other","FDCE=1;LUT6=5;RAMD32=1"
147,1.009,5.000,3.744,1.085,2.659,0.710,5,"ecc_fold_word_q_reg[0]/C","ecc_product_odd_reg_0_3_27_27/SP/I","other","FDCE=1;LUT6=5;RAMD32=1"
148,1.009,5.000,3.744,1.085,2.659,0.710,5,"ecc_fold_word_q_reg[0]/C","ecc_product_odd_reg_0_3_28_28/SP/I","other","FDCE=1;LUT6=5;RAMD32=1"
149,1.009,5.000,3.744,1.085,2.659,0.710,5,"ecc_fold_word_q_reg[0]/C","ecc_product_odd_reg_0_3_29_29/SP/I","other","FDCE=1;LUT6=5;RAMD32=1"
150,1.009,5.000,3.744,1.085,2.659,0.710,5,"ecc_fold_word_q_reg[0]/C","ecc_product_odd_reg_0_3_2_2/SP/I","other","FDCE=1;LUT6=5;RAMD32=1"
151,1.009,5.000,3.744,1.085,2.659,0.710,5,"ecc_fold_word_q_reg[0]/C","ecc_product_odd_reg_0_3_30_30/SP/I","other","FDCE=1;LUT6=5;RAMD32=1"
152,1.009,5.000,3.744,1.085,2.659,0.710,5,"ecc_fold_word_q_reg[0]/C","ecc_product_odd_reg_0_3_3_3/SP/I","other","FDCE=1;LUT6=5;RAMD32=1"
153,1.009,5.000,3.744,1.085,2.659,0.710,5,"ecc_fold_word_q_reg[0]/C","ecc_product_odd_reg_0_3_4_4/SP/I","other","FDCE=1;LUT6=5;RAMD32=1"
154,1.009,5.000,3.744,1.085,2.659,0.710,5,"ecc_fold_word_q_reg[0]/C","ecc_product_odd_reg_0_3_5_5/SP/I","other","FDCE=1;LUT6=5;RAMD32=1"
155,1.009,5.000,3.744,1.085,2.659,0.710,5,"ecc_fold_word_q_reg[0]/C","ecc_product_odd_reg_0_3_6_6/SP/I","other","FDCE=1;LUT6=5;RAMD32=1"
156,1.009,5.000,3.744,1.085,2.659,0.710,5,"ecc_fold_word_q_reg[0]/C","ecc_product_odd_reg_0_3_7_7/SP/I","other","FDCE=1;LUT6=5;RAMD32=1"
157,1.009,5.000,3.744,1.085,2.659,0.710,5,"ecc_fold_word_q_reg[0]/C","ecc_product_odd_reg_0_3_8_8/SP/I","other","FDCE=1;LUT6=5;RAMD32=1"
158,1.009,5.000,3.744,1.085,2.659,0.710,5,"ecc_fold_word_q_reg[0]/C","ecc_product_odd_reg_0_3_9_9/SP/I","other","FDCE=1;LUT6=5;RAMD32=1"
159,1.064,5.000,3.933,1.085,2.848,0.724,5,"gen_lane[0].i_p2_pop_slice/bool_result_q_reg[15]/C","gen_lane[0].i_p2_pop_slice/popcount_part_q_o_reg[0][3]/D","P2 popcount capture","FDCE=2;LUT3=1;LUT5=3;LUT6=1"
160,1.064,5.000,3.933,1.085,2.848,0.724,5,"gen_lane[0].i_p2_pop_slice/bool_result_q_reg[15]/C","gen_lane[0].i_p2_pop_slice/popcount_part_q_o_reg[0][4]/D","P2 popcount capture","FDCE=2;LUT3=1;LUT5=3;LUT6=1"
161,1.064,5.000,3.933,1.085,2.848,0.724,5,"gen_lane[0].i_p2_pop_slice/bool_result_q_reg[15]/C","gen_lane[0].i_p2_pop_slice/popcount_part_q_o_reg[0][5]/D","P2 popcount capture","FDCE=2;LUT3=1;LUT5=3;LUT6=1"
162,1.064,5.000,3.933,1.085,2.848,0.724,5,"gen_lane[0].i_p2_pop_slice/bool_result_q_reg[47]/C","gen_lane[0].i_p2_pop_slice/popcount_part_q_o_reg[1][3]/D","P2 popcount capture","FDCE=2;LUT3=1;LUT5=3;LUT6=1"
163,1.064,5.000,3.933,1.085,2.848,0.724,5,"gen_lane[0].i_p2_pop_slice/bool_result_q_reg[47]/C","gen_lane[0].i_p2_pop_slice/popcount_part_q_o_reg[1][4]/D","P2 popcount capture","FDCE=2;LUT3=1;LUT5=3;LUT6=1"
164,1.064,5.000,3.933,1.085,2.848,0.724,5,"gen_lane[0].i_p2_pop_slice/bool_result_q_reg[47]/C","gen_lane[0].i_p2_pop_slice/popcount_part_q_o_reg[1][5]/D","P2 popcount capture","FDCE=2;LUT3=1;LUT5=3;LUT6=1"
165,1.064,5.000,3.933,1.085,2.848,0.724,5,"gen_lane[1].i_p2_pop_slice/bool_result_q_reg[15]/C","gen_lane[1].i_p2_pop_slice/popcount_part_q_o_reg[0][3]/D","P2 popcount capture","FDCE=2;LUT3=1;LUT5=3;LUT6=1"
166,1.064,5.000,3.933,1.085,2.848,0.724,5,"gen_lane[1].i_p2_pop_slice/bool_result_q_reg[15]/C","gen_lane[1].i_p2_pop_slice/popcount_part_q_o_reg[0][4]/D","P2 popcount capture","FDCE=2;LUT3=1;LUT5=3;LUT6=1"
167,1.064,5.000,3.933,1.085,2.848,0.724,5,"gen_lane[1].i_p2_pop_slice/bool_result_q_reg[15]/C","gen_lane[1].i_p2_pop_slice/popcount_part_q_o_reg[0][5]/D","P2 popcount capture","FDCE=2;LUT3=1;LUT5=3;LUT6=1"
168,1.064,5.000,3.933,1.085,2.848,0.724,5,"gen_lane[1].i_p2_pop_slice/bool_result_q_reg[47]/C","gen_lane[1].i_p2_pop_slice/popcount_part_q_o_reg[1][3]/D","P2 popcount capture","FDCE=2;LUT3=1;LUT5=3;LUT6=1"
169,1.064,5.000,3.933,1.085,2.848,0.724,5,"gen_lane[1].i_p2_pop_slice/bool_result_q_reg[47]/C","gen_lane[1].i_p2_pop_slice/popcount_part_q_o_reg[1][4]/D","P2 popcount capture","FDCE=2;LUT3=1;LUT5=3;LUT6=1"
170,1.064,5.000,3.933,1.085,2.848,0.724,5,"gen_lane[1].i_p2_pop_slice/bool_result_q_reg[47]/C","gen_lane[1].i_p2_pop_slice/popcount_part_q_o_reg[1][5]/D","P2 popcount capture","FDCE=2;LUT3=1;LUT5=3;LUT6=1"
171,1.064,5.000,3.933,1.085,2.848,0.724,5,"gen_lane[2].i_p2_pop_slice/bool_result_q_reg[15]/C","gen_lane[2].i_p2_pop_slice/popcount_part_q_o_reg[0][3]/D","P2 popcount capture","FDCE=2;LUT3=1;LUT5=3;LUT6=1"
172,1.064,5.000,3.933,1.085,2.848,0.724,5,"gen_lane[2].i_p2_pop_slice/bool_result_q_reg[15]/C","gen_lane[2].i_p2_pop_slice/popcount_part_q_o_reg[0][4]/D","P2 popcount capture","FDCE=2;LUT3=1;LUT5=3;LUT6=1"
173,1.064,5.000,3.933,1.085,2.848,0.724,5,"gen_lane[2].i_p2_pop_slice/bool_result_q_reg[15]/C","gen_lane[2].i_p2_pop_slice/popcount_part_q_o_reg[0][5]/D","P2 popcount capture","FDCE=2;LUT3=1;LUT5=3;LUT6=1"
174,1.064,5.000,3.933,1.085,2.848,0.724,5,"gen_lane[2].i_p2_pop_slice/bool_result_q_reg[47]/C","gen_lane[2].i_p2_pop_slice/popcount_part_q_o_reg[1][3]/D","P2 popcount capture","FDCE=2;LUT3=1;LUT5=3;LUT6=1"
175,1.064,5.000,3.933,1.085,2.848,0.724,5,"gen_lane[2].i_p2_pop_slice/bool_result_q_reg[47]/C","gen_lane[2].i_p2_pop_slice/popcount_part_q_o_reg[1][4]/D","P2 popcount capture","FDCE=2;LUT3=1;LUT5=3;LUT6=1"
176,1.064,5.000,3.933,1.085,2.848,0.724,5,"gen_lane[2].i_p2_pop_slice/bool_result_q_reg[47]/C","gen_lane[2].i_p2_pop_slice/popcount_part_q_o_reg[1][5]/D","P2 popcount capture","FDCE=2;LUT3=1;LUT5=3;LUT6=1"
177,1.064,5.000,3.933,1.085,2.848,0.724,5,"gen_lane[3].i_p2_pop_slice/bool_result_q_reg[15]/C","gen_lane[3].i_p2_pop_slice/popcount_part_q_o_reg[0][3]/D","P2 popcount capture","FDCE=2;LUT3=1;LUT5=3;LUT6=1"
178,1.064,5.000,3.933,1.085,2.848,0.724,5,"gen_lane[3].i_p2_pop_slice/bool_result_q_reg[15]/C","gen_lane[3].i_p2_pop_slice/popcount_part_q_o_reg[0][4]/D","P2 popcount capture","FDCE=2;LUT3=1;LUT5=3;LUT6=1"
179,1.064,5.000,3.933,1.085,2.848,0.724,5,"gen_lane[3].i_p2_pop_slice/bool_result_q_reg[15]/C","gen_lane[3].i_p2_pop_slice/popcount_part_q_o_reg[0][5]/D","P2 popcount capture","FDCE=2;LUT3=1;LUT5=3;LUT6=1"
180,1.064,5.000,3.933,1.085,2.848,0.724,5,"gen_lane[3].i_p2_pop_slice/bool_result_q_reg[47]/C","gen_lane[3].i_p2_pop_slice/popcount_part_q_o_reg[1][3]/D","P2 popcount capture","FDCE=2;LUT3=1;LUT5=3;LUT6=1"
181,1.064,5.000,3.933,1.085,2.848,0.724,5,"gen_lane[3].i_p2_pop_slice/bool_result_q_reg[47]/C","gen_lane[3].i_p2_pop_slice/popcount_part_q_o_reg[1][4]/D","P2 popcount capture","FDCE=2;LUT3=1;LUT5=3;LUT6=1"
182,1.064,5.000,3.933,1.085,2.848,0.724,5,"gen_lane[3].i_p2_pop_slice/bool_result_q_reg[47]/C","gen_lane[3].i_p2_pop_slice/popcount_part_q_o_reg[1][5]/D","P2 popcount capture","FDCE=2;LUT3=1;LUT5=3;LUT6=1"
183,1.098,5.000,3.688,1.286,2.402,0.651,6,"a_q_reg[4]/C","st_q_reg[1]/D","TOP control","FDCE=2;LUT4=2;LUT6=3;MUXF7=1"
184,1.098,5.000,3.688,1.286,2.402,0.651,6,"a_q_reg[4]/C","st_q_reg[1]_rep/D","TOP control","FDCE=2;LUT4=2;LUT6=3;MUXF7=1"
185,1.098,5.000,3.688,1.286,2.402,0.651,6,"a_q_reg[4]/C","st_q_reg[1]_rep__0/D","TOP control","FDCE=2;LUT4=2;LUT6=3;MUXF7=1"
186,1.098,5.000,3.688,1.286,2.402,0.651,6,"a_q_reg[4]/C","st_q_reg[1]_rep__1/D","TOP control","FDCE=2;LUT4=2;LUT6=3;MUXF7=1"
187,1.137,5.000,3.860,1.085,2.775,0.719,5,"uop_p2_q_reg[use_shift]/C","lane_result_q_reg[0][32]/D","P2 lane result capture","FDCE=2;LUT5=1;LUT6=4"
188,1.137,5.000,3.860,1.085,2.775,0.719,5,"uop_p2_q_reg[use_shift]/C","lane_result_q_reg[0][33]/D","P2 lane result capture","FDCE=2;LUT5=1;LUT6=4"
189,1.137,5.000,3.860,1.085,2.775,0.719,5,"uop_p2_q_reg[use_shift]/C","lane_result_q_reg[0][34]/D","P2 lane result capture","FDCE=2;LUT5=1;LUT6=4"
190,1.137,5.000,3.860,1.085,2.775,0.719,5,"uop_p2_q_reg[use_shift]/C","lane_result_q_reg[0][35]/D","P2 lane result capture","FDCE=2;LUT5=2;LUT6=3"
191,1.137,5.000,3.860,1.085,2.775,0.719,5,"uop_p2_q_reg[use_shift]/C","lane_result_q_reg[0][36]/D","P2 lane result capture","FDCE=2;LUT5=1;LUT6=4"
192,1.137,5.000,3.860,1.085,2.775,0.719,5,"uop_p2_q_reg[use_shift]/C","lane_result_q_reg[0][37]/D","P2 lane result capture","FDCE=2;LUT5=1;LUT6=4"
193,1.137,5.000,3.860,1.085,2.775,0.719,5,"uop_p2_q_reg[use_shift]/C","lane_result_q_reg[0][38]/D","P2 lane result capture","FDCE=2;LUT5=1;LUT6=4"
194,1.137,5.000,3.860,1.085,2.775,0.719,5,"uop_p2_q_reg[use_shift]/C","lane_result_q_reg[0][39]/D","P2 lane result capture","FDCE=2;LUT5=2;LUT6=3"
195,1.137,5.000,3.860,1.085,2.775,0.719,5,"uop_p2_q_reg[use_shift]/C","lane_result_q_reg[0][40]/D","P2 lane result capture","FDCE=2;LUT5=1;LUT6=4"
196,1.137,5.000,3.860,1.085,2.775,0.719,5,"uop_p2_q_reg[use_shift]/C","lane_result_q_reg[0][41]/D","P2 lane result capture","FDCE=2;LUT5=1;LUT6=4"
197,1.137,5.000,3.860,1.085,2.775,0.719,5,"uop_p2_q_reg[use_shift]/C","lane_result_q_reg[0][42]/D","P2 lane result capture","FDCE=2;LUT5=1;LUT6=4"
198,1.137,5.000,3.860,1.085,2.775,0.719,5,"uop_p2_q_reg[use_shift]/C","lane_result_q_reg[0][43]/D","P2 lane result capture","FDCE=2;LUT5=2;LUT6=3"
199,1.137,5.000,3.860,1.085,2.775,0.719,5,"uop_p2_q_reg[use_shift]/C","lane_result_q_reg[0][44]/D","P2 lane result capture","FDCE=2;LUT5=1;LUT6=4"
200,1.137,5.000,3.860,1.085,2.775,0.719,5,"uop_p2_q_reg[use_shift]/C","lane_result_q_reg[0][45]/D","P2 lane result capture","FDCE=2;LUT5=1;LUT6=4"
201,1.137,5.000,3.860,1.085,2.775,0.719,5,"uop_p2_q_reg[use_shift]/C","lane_result_q_reg[0][46]/D","P2 lane result capture","FDCE=2;LUT5=1;LUT6=4"
202,1.137,5.000,3.860,1.085,2.775,0.719,5,"uop_p2_q_reg[use_shift]/C","lane_result_q_reg[0][47]/D","P2 lane result capture","FDCE=2;LUT5=2;LUT6=3"
203,1.137,5.000,3.860,1.085,2.775,0.719,5,"uop_p2_q_reg[use_shift]/C","lane_result_q_reg[0][48]/D","P2 lane result capture","FDCE=2;LUT5=1;LUT6=4"
204,1.137,5.000,3.860,1.085,2.775,0.719,5,"uop_p2_q_reg[use_shift]/C","lane_result_q_reg[0][49]/D","P2 lane result capture","FDCE=2;LUT5=1;LUT6=4"
205,1.137,5.000,3.860,1.085,2.775,0.719,5,"uop_p2_q_reg[use_shift]/C","lane_result_q_reg[0][50]/D","P2 lane result capture","FDCE=2;LUT5=1;LUT6=4"
206,1.137,5.000,3.860,1.085,2.775,0.719,5,"uop_p2_q_reg[use_shift]/C","lane_result_q_reg[0][51]/D","P2 lane result capture","FDCE=2;LUT5=2;LUT6=3"
207,1.137,5.000,3.860,1.085,2.775,0.719,5,"uop_p2_q_reg[use_shift]/C","lane_result_q_reg[0][52]/D","P2 lane result capture","FDCE=2;LUT5=1;LUT6=4"
208,1.137,5.000,3.860,1.085,2.775,0.719,5,"uop_p2_q_reg[use_shift]/C","lane_result_q_reg[0][53]/D","P2 lane result capture","FDCE=2;LUT5=1;LUT6=4"
209,1.137,5.000,3.860,1.085,2.775,0.719,5,"uop_p2_q_reg[use_shift]/C","lane_result_q_reg[0][54]/D","P2 lane result capture","FDCE=2;LUT5=1;LUT6=4"
210,1.137,5.000,3.860,1.085,2.775,0.719,5,"uop_p2_q_reg[use_shift]/C","lane_result_q_reg[0][55]/D","P2 lane result capture","FDCE=2;LUT5=2;LUT6=3"
211,1.137,5.000,3.860,1.085,2.775,0.719,5,"uop_p2_q_reg[use_shift]/C","lane_result_q_reg[0][56]/D","P2 lane result capture","FDCE=2;LUT5=1;LUT6=4"
212,1.137,5.000,3.860,1.085,2.775,0.719,5,"uop_p2_q_reg[use_shift]/C","lane_result_q_reg[0][57]/D","P2 lane result capture","FDCE=2;LUT5=1;LUT6=4"
213,1.137,5.000,3.860,1.085,2.775,0.719,5,"uop_p2_q_reg[use_shift]/C","lane_result_q_reg[0][58]/D","P2 lane result capture","FDCE=2;LUT5=1;LUT6=4"
214,1.137,5.000,3.860,1.085,2.775,0.719,5,"uop_p2_q_reg[use_shift]/C","lane_result_q_reg[0][59]/D","P2 lane result capture","FDCE=2;LUT5=2;LUT6=3"
215,1.137,5.000,3.860,1.085,2.775,0.719,5,"uop_p2_q_reg[use_shift]/C","lane_result_q_reg[0][60]/D","P2 lane result capture","FDCE=2;LUT5=1;LUT6=4"
216,1.137,5.000,3.860,1.085,2.775,0.719,5,"uop_p2_q_reg[use_shift]/C","lane_result_q_reg[0][61]/D","P2 lane result capture","FDCE=2;LUT5=1;LUT6=4"
217,1.137,5.000,3.860,1.085,2.775,0.719,5,"uop_p2_q_reg[use_shift]/C","lane_result_q_reg[0][62]/D","P2 lane result capture","FDCE=2;LUT5=1;LUT6=4"
218,1.137,5.000,3.860,1.085,2.775,0.719,5,"uop_p2_q_reg[use_shift]/C","lane_result_q_reg[0][63]/D","P2 lane result capture","FDCE=2;LUT5=2;LUT6=3"
219,1.137,5.000,3.860,1.085,2.775,0.719,5,"uop_p2_q_reg[use_shift]/C","lane_result_q_reg[1][0]/D","P2 lane result capture","FDCE=2;LUT5=1;LUT6=4"
220,1.137,5.000,3.860,1.085,2.775,0.719,5,"uop_p2_q_reg[use_shift]/C","lane_result_q_reg[1][10]/D","P2 lane result capture","FDCE=2;LUT5=1;LUT6=4"
221,1.137,5.000,3.860,1.085,2.775,0.719,5,"uop_p2_q_reg[use_shift]/C","lane_result_q_reg[1][11]/D","P2 lane result capture","FDCE=2;LUT5=2;LUT6=3"
222,1.137,5.000,3.860,1.085,2.775,0.719,5,"uop_p2_q_reg[use_shift]/C","lane_result_q_reg[1][12]/D","P2 lane result capture","FDCE=2;LUT5=1;LUT6=4"
223,1.137,5.000,3.860,1.085,2.775,0.719,5,"uop_p2_q_reg[use_shift]/C","lane_result_q_reg[1][13]/D","P2 lane result capture","FDCE=2;LUT5=1;LUT6=4"
224,1.137,5.000,3.860,1.085,2.775,0.719,5,"uop_p2_q_reg[use_shift]/C","lane_result_q_reg[1][14]/D","P2 lane result capture","FDCE=2;LUT5=1;LUT6=4"
225,1.137,5.000,3.860,1.085,2.775,0.719,5,"uop_p2_q_reg[use_shift]/C","lane_result_q_reg[1][15]/D","P2 lane result capture","FDCE=2;LUT5=2;LUT6=3"
226,1.137,5.000,3.860,1.085,2.775,0.719,5,"uop_p2_q_reg[use_shift]/C","lane_result_q_reg[1][16]/D","P2 lane result capture","FDCE=2;LUT5=1;LUT6=4"
227,1.137,5.000,3.860,1.085,2.775,0.719,5,"uop_p2_q_reg[use_shift]/C","lane_result_q_reg[1][17]/D","P2 lane result capture","FDCE=2;LUT5=1;LUT6=4"
228,1.137,5.000,3.860,1.085,2.775,0.719,5,"uop_p2_q_reg[use_shift]/C","lane_result_q_reg[1][18]/D","P2 lane result capture","FDCE=2;LUT5=1;LUT6=4"
229,1.137,5.000,3.860,1.085,2.775,0.719,5,"uop_p2_q_reg[use_shift]/C","lane_result_q_reg[1][19]/D","P2 lane result capture","FDCE=2;LUT5=2;LUT6=3"
230,1.137,5.000,3.860,1.085,2.775,0.719,5,"uop_p2_q_reg[use_shift]/C","lane_result_q_reg[1][1]/D","P2 lane result capture","FDCE=2;LUT5=1;LUT6=4"
231,1.137,5.000,3.860,1.085,2.775,0.719,5,"uop_p2_q_reg[use_shift]/C","lane_result_q_reg[1][20]/D","P2 lane result capture","FDCE=2;LUT5=1;LUT6=4"
232,1.137,5.000,3.860,1.085,2.775,0.719,5,"uop_p2_q_reg[use_shift]/C","lane_result_q_reg[1][21]/D","P2 lane result capture","FDCE=2;LUT5=1;LUT6=4"
233,1.137,5.000,3.860,1.085,2.775,0.719,5,"uop_p2_q_reg[use_shift]/C","lane_result_q_reg[1][22]/D","P2 lane result capture","FDCE=2;LUT5=1;LUT6=4"
234,1.137,5.000,3.860,1.085,2.775,0.719,5,"uop_p2_q_reg[use_shift]/C","lane_result_q_reg[1][23]/D","P2 lane result capture","FDCE=2;LUT5=2;LUT6=3"
235,1.137,5.000,3.860,1.085,2.775,0.719,5,"uop_p2_q_reg[use_shift]/C","lane_result_q_reg[1][24]/D","P2 lane result capture","FDCE=2;LUT5=1;LUT6=4"
236,1.137,5.000,3.860,1.085,2.775,0.719,5,"uop_p2_q_reg[use_shift]/C","lane_result_q_reg[1][25]/D","P2 lane result capture","FDCE=2;LUT5=1;LUT6=4"
237,1.137,5.000,3.860,1.085,2.775,0.719,5,"uop_p2_q_reg[use_shift]/C","lane_result_q_reg[1][26]/D","P2 lane result capture","FDCE=2;LUT5=1;LUT6=4"
238,1.137,5.000,3.860,1.085,2.775,0.719,5,"uop_p2_q_reg[use_shift]/C","lane_result_q_reg[1][27]/D","P2 lane result capture","FDCE=2;LUT5=2;LUT6=3"
239,1.137,5.000,3.860,1.085,2.775,0.719,5,"uop_p2_q_reg[use_shift]/C","lane_result_q_reg[1][28]/D","P2 lane result capture","FDCE=2;LUT5=1;LUT6=4"
240,1.137,5.000,3.860,1.085,2.775,0.719,5,"uop_p2_q_reg[use_shift]/C","lane_result_q_reg[1][29]/D","P2 lane result capture","FDCE=2;LUT5=1;LUT6=4"
241,1.137,5.000,3.860,1.085,2.775,0.719,5,"uop_p2_q_reg[use_shift]/C","lane_result_q_reg[1][2]/D","P2 lane result capture","FDCE=2;LUT5=1;LUT6=4"
242,1.137,5.000,3.860,1.085,2.775,0.719,5,"uop_p2_q_reg[use_shift]/C","lane_result_q_reg[1][30]/D","P2 lane result capture","FDCE=2;LUT5=1;LUT6=4"
243,1.137,5.000,3.860,1.085,2.775,0.719,5,"uop_p2_q_reg[use_shift]/C","lane_result_q_reg[1][31]/D","P2 lane result capture","FDCE=2;LUT5=2;LUT6=3"
244,1.137,5.000,3.860,1.085,2.775,0.719,5,"uop_p2_q_reg[use_shift]/C","lane_result_q_reg[1][32]/D","P2 lane result capture","FDCE=2;LUT5=1;LUT6=4"
245,1.137,5.000,3.860,1.085,2.775,0.719,5,"uop_p2_q_reg[use_shift]/C","lane_result_q_reg[1][33]/D","P2 lane result capture","FDCE=2;LUT5=1;LUT6=4"
246,1.137,5.000,3.860,1.085,2.775,0.719,5,"uop_p2_q_reg[use_shift]/C","lane_result_q_reg[1][34]/D","P2 lane result capture","FDCE=2;LUT5=1;LUT6=4"
247,1.137,5.000,3.860,1.085,2.775,0.719,5,"uop_p2_q_reg[use_shift]/C","lane_result_q_reg[1][35]/D","P2 lane result capture","FDCE=2;LUT5=2;LUT6=3"
248,1.137,5.000,3.860,1.085,2.775,0.719,5,"uop_p2_q_reg[use_shift]/C","lane_result_q_reg[1][36]/D","P2 lane result capture","FDCE=2;LUT5=1;LUT6=4"
249,1.137,5.000,3.860,1.085,2.775,0.719,5,"uop_p2_q_reg[use_shift]/C","lane_result_q_reg[1][37]/D","P2 lane result capture","FDCE=2;LUT5=1;LUT6=4"
250,1.137,5.000,3.860,1.085,2.775,0.719,5,"uop_p2_q_reg[use_shift]/C","lane_result_q_reg[1][38]/D","P2 lane result capture","FDCE=2;LUT5=1;LUT6=4"
251,1.137,5.000,3.860,1.085,2.775,0.719,5,"uop_p2_q_reg[use_shift]/C","lane_result_q_reg[1][39]/D","P2 lane result capture","FDCE=2;LUT5=2;LUT6=3"
252,1.137,5.000,3.860,1.085,2.775,0.719,5,"uop_p2_q_reg[use_shift]/C","lane_result_q_reg[1][3]/D","P2 lane result capture","FDCE=2;LUT5=2;LUT6=3"
253,1.137,5.000,3.860,1.085,2.775,0.719,5,"uop_p2_q_reg[use_shift]/C","lane_result_q_reg[1][40]/D","P2 lane result capture","FDCE=2;LUT5=1;LUT6=4"
254,1.137,5.000,3.860,1.085,2.775,0.719,5,"uop_p2_q_reg[use_shift]/C","lane_result_q_reg[1][41]/D","P2 lane result capture","FDCE=2;LUT5=1;LUT6=4"
255,1.137,5.000,3.860,1.085,2.775,0.719,5,"uop_p2_q_reg[use_shift]/C","lane_result_q_reg[1][42]/D","P2 lane result capture","FDCE=2;LUT5=1;LUT6=4"
256,1.137,5.000,3.860,1.085,2.775,0.719,5,"uop_p2_q_reg[use_shift]/C","lane_result_q_reg[1][43]/D","P2 lane result capture","FDCE=2;LUT5=2;LUT6=3"
257,1.137,5.000,3.860,1.085,2.775,0.719,5,"uop_p2_q_reg[use_shift]/C","lane_result_q_reg[1][44]/D","P2 lane result capture","FDCE=2;LUT5=1;LUT6=4"
258,1.137,5.000,3.860,1.085,2.775,0.719,5,"uop_p2_q_reg[use_shift]/C","lane_result_q_reg[1][45]/D","P2 lane result capture","FDCE=2;LUT5=1;LUT6=4"
259,1.137,5.000,3.860,1.085,2.775,0.719,5,"uop_p2_q_reg[use_shift]/C","lane_result_q_reg[1][46]/D","P2 lane result capture","FDCE=2;LUT5=1;LUT6=4"
260,1.137,5.000,3.860,1.085,2.775,0.719,5,"uop_p2_q_reg[use_shift]/C","lane_result_q_reg[1][47]/D","P2 lane result capture","FDCE=2;LUT5=2;LUT6=3"
261,1.137,5.000,3.860,1.085,2.775,0.719,5,"uop_p2_q_reg[use_shift]/C","lane_result_q_reg[1][48]/D","P2 lane result capture","FDCE=2;LUT5=1;LUT6=4"
262,1.137,5.000,3.860,1.085,2.775,0.719,5,"uop_p2_q_reg[use_shift]/C","lane_result_q_reg[1][49]/D","P2 lane result capture","FDCE=2;LUT5=1;LUT6=4"
263,1.137,5.000,3.860,1.085,2.775,0.719,5,"uop_p2_q_reg[use_shift]/C","lane_result_q_reg[1][4]/D","P2 lane result capture","FDCE=2;LUT5=1;LUT6=4"
264,1.137,5.000,3.860,1.085,2.775,0.719,5,"uop_p2_q_reg[use_shift]/C","lane_result_q_reg[1][50]/D","P2 lane result capture","FDCE=2;LUT5=1;LUT6=4"
265,1.137,5.000,3.860,1.085,2.775,0.719,5,"uop_p2_q_reg[use_shift]/C","lane_result_q_reg[1][51]/D","P2 lane result capture","FDCE=2;LUT5=2;LUT6=3"
266,1.137,5.000,3.860,1.085,2.775,0.719,5,"uop_p2_q_reg[use_shift]/C","lane_result_q_reg[1][52]/D","P2 lane result capture","FDCE=2;LUT5=1;LUT6=4"
267,1.137,5.000,3.860,1.085,2.775,0.719,5,"uop_p2_q_reg[use_shift]/C","lane_result_q_reg[1][53]/D","P2 lane result capture","FDCE=2;LUT5=1;LUT6=4"
268,1.137,5.000,3.860,1.085,2.775,0.719,5,"uop_p2_q_reg[use_shift]/C","lane_result_q_reg[1][54]/D","P2 lane result capture","FDCE=2;LUT5=1;LUT6=4"
269,1.137,5.000,3.860,1.085,2.775,0.719,5,"uop_p2_q_reg[use_shift]/C","lane_result_q_reg[1][55]/D","P2 lane result capture","FDCE=2;LUT5=2;LUT6=3"
270,1.137,5.000,3.860,1.085,2.775,0.719,5,"uop_p2_q_reg[use_shift]/C","lane_result_q_reg[1][56]/D","P2 lane result capture","FDCE=2;LUT5=1;LUT6=4"
271,1.137,5.000,3.860,1.085,2.775,0.719,5,"uop_p2_q_reg[use_shift]/C","lane_result_q_reg[1][57]/D","P2 lane result capture","FDCE=2;LUT5=1;LUT6=4"
272,1.137,5.000,3.860,1.085,2.775,0.719,5,"uop_p2_q_reg[use_shift]/C","lane_result_q_reg[1][58]/D","P2 lane result capture","FDCE=2;LUT5=1;LUT6=4"
273,1.137,5.000,3.860,1.085,2.775,0.719,5,"uop_p2_q_reg[use_shift]/C","lane_result_q_reg[1][59]/D","P2 lane result capture","FDCE=2;LUT5=2;LUT6=3"
274,1.137,5.000,3.860,1.085,2.775,0.719,5,"uop_p2_q_reg[use_shift]/C","lane_result_q_reg[1][5]/D","P2 lane result capture","FDCE=2;LUT5=1;LUT6=4"
275,1.137,5.000,3.860,1.085,2.775,0.719,5,"uop_p2_q_reg[use_shift]/C","lane_result_q_reg[1][60]/D","P2 lane result capture","FDCE=2;LUT5=1;LUT6=4"
276,1.137,5.000,3.860,1.085,2.775,0.719,5,"uop_p2_q_reg[use_shift]/C","lane_result_q_reg[1][61]/D","P2 lane result capture","FDCE=2;LUT5=1;LUT6=4"
277,1.137,5.000,3.860,1.085,2.775,0.719,5,"uop_p2_q_reg[use_shift]/C","lane_result_q_reg[1][62]/D","P2 lane result capture","FDCE=2;LUT5=1;LUT6=4"
278,1.137,5.000,3.860,1.085,2.775,0.719,5,"uop_p2_q_reg[use_shift]/C","lane_result_q_reg[1][63]/D","P2 lane result capture","FDCE=2;LUT5=2;LUT6=3"
279,1.137,5.000,3.860,1.085,2.775,0.719,5,"uop_p2_q_reg[use_shift]/C","lane_result_q_reg[1][6]/D","P2 lane result capture","FDCE=2;LUT5=1;LUT6=4"
280,1.137,5.000,3.860,1.085,2.775,0.719,5,"uop_p2_q_reg[use_shift]/C","lane_result_q_reg[1][7]/D","P2 lane result capture","FDCE=2;LUT5=2;LUT6=3"
281,1.137,5.000,3.860,1.085,2.775,0.719,5,"uop_p2_q_reg[use_shift]/C","lane_result_q_reg[1][8]/D","P2 lane result capture","FDCE=2;LUT5=1;LUT6=4"
282,1.137,5.000,3.860,1.085,2.775,0.719,5,"uop_p2_q_reg[use_shift]/C","lane_result_q_reg[1][9]/D","P2 lane result capture","FDCE=2;LUT5=1;LUT6=4"
283,1.137,5.000,3.860,1.085,2.775,0.719,5,"uop_p2_q_reg[use_shift]/C","lane_result_q_reg[2][0]/D","P2 lane result capture","FDCE=2;LUT5=1;LUT6=4"
284,1.137,5.000,3.860,1.085,2.775,0.719,5,"uop_p2_q_reg[use_shift]/C","lane_result_q_reg[2][10]/D","P2 lane result capture","FDCE=2;LUT5=1;LUT6=4"
285,1.137,5.000,3.860,1.085,2.775,0.719,5,"uop_p2_q_reg[use_shift]/C","lane_result_q_reg[2][11]/D","P2 lane result capture","FDCE=2;LUT5=2;LUT6=3"
286,1.137,5.000,3.860,1.085,2.775,0.719,5,"uop_p2_q_reg[use_shift]/C","lane_result_q_reg[2][12]/D","P2 lane result capture","FDCE=2;LUT5=1;LUT6=4"
287,1.137,5.000,3.860,1.085,2.775,0.719,5,"uop_p2_q_reg[use_shift]/C","lane_result_q_reg[2][13]/D","P2 lane result capture","FDCE=2;LUT5=1;LUT6=4"
288,1.137,5.000,3.860,1.085,2.775,0.719,5,"uop_p2_q_reg[use_shift]/C","lane_result_q_reg[2][14]/D","P2 lane result capture","FDCE=2;LUT5=1;LUT6=4"
289,1.137,5.000,3.860,1.085,2.775,0.719,5,"uop_p2_q_reg[use_shift]/C","lane_result_q_reg[2][15]/D","P2 lane result capture","FDCE=2;LUT5=2;LUT6=3"
290,1.137,5.000,3.860,1.085,2.775,0.719,5,"uop_p2_q_reg[use_shift]/C","lane_result_q_reg[2][16]/D","P2 lane result capture","FDCE=2;LUT5=1;LUT6=4"
291,1.137,5.000,3.860,1.085,2.775,0.719,5,"uop_p2_q_reg[use_shift]/C","lane_result_q_reg[2][17]/D","P2 lane result capture","FDCE=2;LUT5=1;LUT6=4"
292,1.137,5.000,3.860,1.085,2.775,0.719,5,"uop_p2_q_reg[use_shift]/C","lane_result_q_reg[2][18]/D","P2 lane result capture","FDCE=2;LUT5=1;LUT6=4"
293,1.137,5.000,3.860,1.085,2.775,0.719,5,"uop_p2_q_reg[use_shift]/C","lane_result_q_reg[2][19]/D","P2 lane result capture","FDCE=2;LUT5=2;LUT6=3"
294,1.137,5.000,3.860,1.085,2.775,0.719,5,"uop_p2_q_reg[use_shift]/C","lane_result_q_reg[2][1]/D","P2 lane result capture","FDCE=2;LUT5=1;LUT6=4"
295,1.137,5.000,3.860,1.085,2.775,0.719,5,"uop_p2_q_reg[use_shift]/C","lane_result_q_reg[2][20]/D","P2 lane result capture","FDCE=2;LUT5=1;LUT6=4"
296,1.137,5.000,3.860,1.085,2.775,0.719,5,"uop_p2_q_reg[use_shift]/C","lane_result_q_reg[2][21]/D","P2 lane result capture","FDCE=2;LUT5=1;LUT6=4"
297,1.137,5.000,3.860,1.085,2.775,0.719,5,"uop_p2_q_reg[use_shift]/C","lane_result_q_reg[2][22]/D","P2 lane result capture","FDCE=2;LUT5=1;LUT6=4"
298,1.137,5.000,3.860,1.085,2.775,0.719,5,"uop_p2_q_reg[use_shift]/C","lane_result_q_reg[2][23]/D","P2 lane result capture","FDCE=2;LUT5=2;LUT6=3"
299,1.137,5.000,3.860,1.085,2.775,0.719,5,"uop_p2_q_reg[use_shift]/C","lane_result_q_reg[2][24]/D","P2 lane result capture","FDCE=2;LUT5=1;LUT6=4"
300,1.137,5.000,3.860,1.085,2.775,0.719,5,"uop_p2_q_reg[use_shift]/C","lane_result_q_reg[2][25]/D","P2 lane result capture","FDCE=2;LUT5=1;LUT6=4"
301,1.137,5.000,3.860,1.085,2.775,0.719,5,"uop_p2_q_reg[use_shift]/C","lane_result_q_reg[2][26]/D","P2 lane result capture","FDCE=2;LUT5=1;LUT6=4"
302,1.137,5.000,3.860,1.085,2.775,0.719,5,"uop_p2_q_reg[use_shift]/C","lane_result_q_reg[2][27]/D","P2 lane result capture","FDCE=2;LUT5=2;LUT6=3"
303,1.137,5.000,3.860,1.085,2.775,0.719,5,"uop_p2_q_reg[use_shift]/C","lane_result_q_reg[2][28]/D","P2 lane result capture","FDCE=2;LUT5=1;LUT6=4"
304,1.137,5.000,3.860,1.085,2.775,0.719,5,"uop_p2_q_reg[use_shift]/C","lane_result_q_reg[2][29]/D","P2 lane result capture","FDCE=2;LUT5=1;LUT6=4"
305,1.137,5.000,3.860,1.085,2.775,0.719,5,"uop_p2_q_reg[use_shift]/C","lane_result_q_reg[2][2]/D","P2 lane result capture","FDCE=2;LUT5=1;LUT6=4"
306,1.137,5.000,3.860,1.085,2.775,0.719,5,"uop_p2_q_reg[use_shift]/C","lane_result_q_reg[2][30]/D","P2 lane result capture","FDCE=2;LUT5=1;LUT6=4"
307,1.137,5.000,3.860,1.085,2.775,0.719,5,"uop_p2_q_reg[use_shift]/C","lane_result_q_reg[2][31]/D","P2 lane result capture","FDCE=2;LUT5=2;LUT6=3"
308,1.137,5.000,3.860,1.085,2.775,0.719,5,"uop_p2_q_reg[use_shift]/C","lane_result_q_reg[2][32]/D","P2 lane result capture","FDCE=2;LUT5=1;LUT6=4"
309,1.137,5.000,3.860,1.085,2.775,0.719,5,"uop_p2_q_reg[use_shift]/C","lane_result_q_reg[2][33]/D","P2 lane result capture","FDCE=2;LUT5=1;LUT6=4"
310,1.137,5.000,3.860,1.085,2.775,0.719,5,"uop_p2_q_reg[use_shift]/C","lane_result_q_reg[2][34]/D","P2 lane result capture","FDCE=2;LUT5=1;LUT6=4"
311,1.137,5.000,3.860,1.085,2.775,0.719,5,"uop_p2_q_reg[use_shift]/C","lane_result_q_reg[2][35]/D","P2 lane result capture","FDCE=2;LUT5=2;LUT6=3"
312,1.137,5.000,3.860,1.085,2.775,0.719,5,"uop_p2_q_reg[use_shift]/C","lane_result_q_reg[2][36]/D","P2 lane result capture","FDCE=2;LUT5=1;LUT6=4"
313,1.137,5.000,3.860,1.085,2.775,0.719,5,"uop_p2_q_reg[use_shift]/C","lane_result_q_reg[2][37]/D","P2 lane result capture","FDCE=2;LUT5=1;LUT6=4"
314,1.137,5.000,3.860,1.085,2.775,0.719,5,"uop_p2_q_reg[use_shift]/C","lane_result_q_reg[2][38]/D","P2 lane result capture","FDCE=2;LUT5=1;LUT6=4"
315,1.137,5.000,3.860,1.085,2.775,0.719,5,"uop_p2_q_reg[use_shift]/C","lane_result_q_reg[2][39]/D","P2 lane result capture","FDCE=2;LUT5=2;LUT6=3"
316,1.137,5.000,3.860,1.085,2.775,0.719,5,"uop_p2_q_reg[use_shift]/C","lane_result_q_reg[2][3]/D","P2 lane result capture","FDCE=2;LUT5=2;LUT6=3"
317,1.137,5.000,3.860,1.085,2.775,0.719,5,"uop_p2_q_reg[use_shift]/C","lane_result_q_reg[2][40]/D","P2 lane result capture","FDCE=2;LUT5=1;LUT6=4"
318,1.137,5.000,3.860,1.085,2.775,0.719,5,"uop_p2_q_reg[use_shift]/C","lane_result_q_reg[2][41]/D","P2 lane result capture","FDCE=2;LUT5=1;LUT6=4"
319,1.137,5.000,3.860,1.085,2.775,0.719,5,"uop_p2_q_reg[use_shift]/C","lane_result_q_reg[2][42]/D","P2 lane result capture","FDCE=2;LUT5=1;LUT6=4"
320,1.137,5.000,3.860,1.085,2.775,0.719,5,"uop_p2_q_reg[use_shift]/C","lane_result_q_reg[2][43]/D","P2 lane result capture","FDCE=2;LUT5=2;LUT6=3"
321,1.137,5.000,3.860,1.085,2.775,0.719,5,"uop_p2_q_reg[use_shift]/C","lane_result_q_reg[2][44]/D","P2 lane result capture","FDCE=2;LUT5=1;LUT6=4"
322,1.137,5.000,3.860,1.085,2.775,0.719,5,"uop_p2_q_reg[use_shift]/C","lane_result_q_reg[2][45]/D","P2 lane result capture","FDCE=2;LUT5=1;LUT6=4"
323,1.137,5.000,3.860,1.085,2.775,0.719,5,"uop_p2_q_reg[use_shift]/C","lane_result_q_reg[2][46]/D","P2 lane result capture","FDCE=2;LUT5=1;LUT6=4"
324,1.137,5.000,3.860,1.085,2.775,0.719,5,"uop_p2_q_reg[use_shift]/C","lane_result_q_reg[2][47]/D","P2 lane result capture","FDCE=2;LUT5=2;LUT6=3"
325,1.137,5.000,3.860,1.085,2.775,0.719,5,"uop_p2_q_reg[use_shift]/C","lane_result_q_reg[2][48]/D","P2 lane result capture","FDCE=2;LUT5=1;LUT6=4"
326,1.137,5.000,3.860,1.085,2.775,0.719,5,"uop_p2_q_reg[use_shift]/C","lane_result_q_reg[2][49]/D","P2 lane result capture","FDCE=2;LUT5=1;LUT6=4"
327,1.137,5.000,3.860,1.085,2.775,0.719,5,"uop_p2_q_reg[use_shift]/C","lane_result_q_reg[2][4]/D","P2 lane result capture","FDCE=2;LUT5=1;LUT6=4"
328,1.137,5.000,3.860,1.085,2.775,0.719,5,"uop_p2_q_reg[use_shift]/C","lane_result_q_reg[2][50]/D","P2 lane result capture","FDCE=2;LUT5=1;LUT6=4"
329,1.137,5.000,3.860,1.085,2.775,0.719,5,"uop_p2_q_reg[use_shift]/C","lane_result_q_reg[2][51]/D","P2 lane result capture","FDCE=2;LUT5=2;LUT6=3"
330,1.137,5.000,3.860,1.085,2.775,0.719,5,"uop_p2_q_reg[use_shift]/C","lane_result_q_reg[2][52]/D","P2 lane result capture","FDCE=2;LUT5=1;LUT6=4"
331,1.137,5.000,3.860,1.085,2.775,0.719,5,"uop_p2_q_reg[use_shift]/C","lane_result_q_reg[2][53]/D","P2 lane result capture","FDCE=2;LUT5=1;LUT6=4"
332,1.137,5.000,3.860,1.085,2.775,0.719,5,"uop_p2_q_reg[use_shift]/C","lane_result_q_reg[2][54]/D","P2 lane result capture","FDCE=2;LUT5=1;LUT6=4"
333,1.137,5.000,3.860,1.085,2.775,0.719,5,"uop_p2_q_reg[use_shift]/C","lane_result_q_reg[2][55]/D","P2 lane result capture","FDCE=2;LUT5=2;LUT6=3"
334,1.137,5.000,3.860,1.085,2.775,0.719,5,"uop_p2_q_reg[use_shift]/C","lane_result_q_reg[2][56]/D","P2 lane result capture","FDCE=2;LUT5=1;LUT6=4"
335,1.137,5.000,3.860,1.085,2.775,0.719,5,"uop_p2_q_reg[use_shift]/C","lane_result_q_reg[2][57]/D","P2 lane result capture","FDCE=2;LUT5=1;LUT6=4"
336,1.137,5.000,3.860,1.085,2.775,0.719,5,"uop_p2_q_reg[use_shift]/C","lane_result_q_reg[2][58]/D","P2 lane result capture","FDCE=2;LUT5=1;LUT6=4"
337,1.137,5.000,3.860,1.085,2.775,0.719,5,"uop_p2_q_reg[use_shift]/C","lane_result_q_reg[2][59]/D","P2 lane result capture","FDCE=2;LUT5=2;LUT6=3"
338,1.137,5.000,3.860,1.085,2.775,0.719,5,"uop_p2_q_reg[use_shift]/C","lane_result_q_reg[2][5]/D","P2 lane result capture","FDCE=2;LUT5=1;LUT6=4"
339,1.137,5.000,3.860,1.085,2.775,0.719,5,"uop_p2_q_reg[use_shift]/C","lane_result_q_reg[2][60]/D","P2 lane result capture","FDCE=2;LUT5=1;LUT6=4"
340,1.137,5.000,3.860,1.085,2.775,0.719,5,"uop_p2_q_reg[use_shift]/C","lane_result_q_reg[2][61]/D","P2 lane result capture","FDCE=2;LUT5=1;LUT6=4"
341,1.137,5.000,3.860,1.085,2.775,0.719,5,"uop_p2_q_reg[use_shift]/C","lane_result_q_reg[2][62]/D","P2 lane result capture","FDCE=2;LUT5=1;LUT6=4"
342,1.137,5.000,3.860,1.085,2.775,0.719,5,"uop_p2_q_reg[use_shift]/C","lane_result_q_reg[2][63]/D","P2 lane result capture","FDCE=2;LUT5=2;LUT6=3"
343,1.137,5.000,3.860,1.085,2.775,0.719,5,"uop_p2_q_reg[use_shift]/C","lane_result_q_reg[2][6]/D","P2 lane result capture","FDCE=2;LUT5=1;LUT6=4"
344,1.137,5.000,3.860,1.085,2.775,0.719,5,"uop_p2_q_reg[use_shift]/C","lane_result_q_reg[2][7]/D","P2 lane result capture","FDCE=2;LUT5=2;LUT6=3"
345,1.137,5.000,3.860,1.085,2.775,0.719,5,"uop_p2_q_reg[use_shift]/C","lane_result_q_reg[2][8]/D","P2 lane result capture","FDCE=2;LUT5=1;LUT6=4"
346,1.137,5.000,3.860,1.085,2.775,0.719,5,"uop_p2_q_reg[use_shift]/C","lane_result_q_reg[2][9]/D","P2 lane result capture","FDCE=2;LUT5=1;LUT6=4"
347,1.137,5.000,3.860,1.085,2.775,0.719,5,"uop_p2_q_reg[use_shift]/C","lane_result_q_reg[3][0]/D","P2 lane result capture","FDCE=2;LUT5=1;LUT6=4"
348,1.137,5.000,3.860,1.085,2.775,0.719,5,"uop_p2_q_reg[use_shift]/C","lane_result_q_reg[3][10]/D","P2 lane result capture","FDCE=2;LUT5=1;LUT6=4"
349,1.137,5.000,3.860,1.085,2.775,0.719,5,"uop_p2_q_reg[use_shift]/C","lane_result_q_reg[3][11]/D","P2 lane result capture","FDCE=2;LUT5=2;LUT6=3"
350,1.137,5.000,3.860,1.085,2.775,0.719,5,"uop_p2_q_reg[use_shift]/C","lane_result_q_reg[3][12]/D","P2 lane result capture","FDCE=2;LUT5=1;LUT6=4"
351,1.137,5.000,3.860,1.085,2.775,0.719,5,"uop_p2_q_reg[use_shift]/C","lane_result_q_reg[3][13]/D","P2 lane result capture","FDCE=2;LUT5=1;LUT6=4"
352,1.137,5.000,3.860,1.085,2.775,0.719,5,"uop_p2_q_reg[use_shift]/C","lane_result_q_reg[3][14]/D","P2 lane result capture","FDCE=2;LUT5=1;LUT6=4"
353,1.137,5.000,3.860,1.085,2.775,0.719,5,"uop_p2_q_reg[use_shift]/C","lane_result_q_reg[3][15]/D","P2 lane result capture","FDCE=2;LUT5=2;LUT6=3"
354,1.137,5.000,3.860,1.085,2.775,0.719,5,"uop_p2_q_reg[use_shift]/C","lane_result_q_reg[3][16]/D","P2 lane result capture","FDCE=2;LUT5=1;LUT6=4"
355,1.137,5.000,3.860,1.085,2.775,0.719,5,"uop_p2_q_reg[use_shift]/C","lane_result_q_reg[3][17]/D","P2 lane result capture","FDCE=2;LUT5=1;LUT6=4"
356,1.137,5.000,3.860,1.085,2.775,0.719,5,"uop_p2_q_reg[use_shift]/C","lane_result_q_reg[3][18]/D","P2 lane result capture","FDCE=2;LUT5=1;LUT6=4"
357,1.137,5.000,3.860,1.085,2.775,0.719,5,"uop_p2_q_reg[use_shift]/C","lane_result_q_reg[3][19]/D","P2 lane result capture","FDCE=2;LUT5=2;LUT6=3"
358,1.137,5.000,3.860,1.085,2.775,0.719,5,"uop_p2_q_reg[use_shift]/C","lane_result_q_reg[3][1]/D","P2 lane result capture","FDCE=2;LUT5=1;LUT6=4"
359,1.137,5.000,3.860,1.085,2.775,0.719,5,"uop_p2_q_reg[use_shift]/C","lane_result_q_reg[3][20]/D","P2 lane result capture","FDCE=2;LUT5=1;LUT6=4"
360,1.137,5.000,3.860,1.085,2.775,0.719,5,"uop_p2_q_reg[use_shift]/C","lane_result_q_reg[3][21]/D","P2 lane result capture","FDCE=2;LUT5=1;LUT6=4"
361,1.137,5.000,3.860,1.085,2.775,0.719,5,"uop_p2_q_reg[use_shift]/C","lane_result_q_reg[3][22]/D","P2 lane result capture","FDCE=2;LUT5=1;LUT6=4"
362,1.137,5.000,3.860,1.085,2.775,0.719,5,"uop_p2_q_reg[use_shift]/C","lane_result_q_reg[3][23]/D","P2 lane result capture","FDCE=2;LUT5=2;LUT6=3"
363,1.137,5.000,3.860,1.085,2.775,0.719,5,"uop_p2_q_reg[use_shift]/C","lane_result_q_reg[3][24]/D","P2 lane result capture","FDCE=2;LUT5=1;LUT6=4"
364,1.137,5.000,3.860,1.085,2.775,0.719,5,"uop_p2_q_reg[use_shift]/C","lane_result_q_reg[3][25]/D","P2 lane result capture","FDCE=2;LUT5=1;LUT6=4"
365,1.137,5.000,3.860,1.085,2.775,0.719,5,"uop_p2_q_reg[use_shift]/C","lane_result_q_reg[3][26]/D","P2 lane result capture","FDCE=2;LUT5=1;LUT6=4"
366,1.137,5.000,3.860,1.085,2.775,0.719,5,"uop_p2_q_reg[use_shift]/C","lane_result_q_reg[3][27]/D","P2 lane result capture","FDCE=2;LUT5=2;LUT6=3"
367,1.137,5.000,3.860,1.085,2.775,0.719,5,"uop_p2_q_reg[use_shift]/C","lane_result_q_reg[3][28]/D","P2 lane result capture","FDCE=2;LUT5=1;LUT6=4"
368,1.137,5.000,3.860,1.085,2.775,0.719,5,"uop_p2_q_reg[use_shift]/C","lane_result_q_reg[3][29]/D","P2 lane result capture","FDCE=2;LUT5=1;LUT6=4"
369,1.137,5.000,3.860,1.085,2.775,0.719,5,"uop_p2_q_reg[use_shift]/C","lane_result_q_reg[3][2]/D","P2 lane result capture","FDCE=2;LUT5=1;LUT6=4"
370,1.137,5.000,3.860,1.085,2.775,0.719,5,"uop_p2_q_reg[use_shift]/C","lane_result_q_reg[3][30]/D","P2 lane result capture","FDCE=2;LUT5=1;LUT6=4"
371,1.137,5.000,3.860,1.085,2.775,0.719,5,"uop_p2_q_reg[use_shift]/C","lane_result_q_reg[3][31]/D","P2 lane result capture","FDCE=2;LUT5=2;LUT6=3"
372,1.137,5.000,3.860,1.085,2.775,0.719,5,"uop_p2_q_reg[use_shift]/C","lane_result_q_reg[3][32]/D","P2 lane result capture","FDCE=2;LUT5=1;LUT6=4"
373,1.137,5.000,3.860,1.085,2.775,0.719,5,"uop_p2_q_reg[use_shift]/C","lane_result_q_reg[3][33]/D","P2 lane result capture","FDCE=2;LUT5=1;LUT6=4"
374,1.137,5.000,3.860,1.085,2.775,0.719,5,"uop_p2_q_reg[use_shift]/C","lane_result_q_reg[3][34]/D","P2 lane result capture","FDCE=2;LUT5=1;LUT6=4"
375,1.137,5.000,3.860,1.085,2.775,0.719,5,"uop_p2_q_reg[use_shift]/C","lane_result_q_reg[3][35]/D","P2 lane result capture","FDCE=2;LUT5=2;LUT6=3"
376,1.137,5.000,3.860,1.085,2.775,0.719,5,"uop_p2_q_reg[use_shift]/C","lane_result_q_reg[3][36]/D","P2 lane result capture","FDCE=2;LUT5=1;LUT6=4"
377,1.137,5.000,3.860,1.085,2.775,0.719,5,"uop_p2_q_reg[use_shift]/C","lane_result_q_reg[3][37]/D","P2 lane result capture","FDCE=2;LUT5=1;LUT6=4"
378,1.137,5.000,3.860,1.085,2.775,0.719,5,"uop_p2_q_reg[use_shift]/C","lane_result_q_reg[3][38]/D","P2 lane result capture","FDCE=2;LUT5=1;LUT6=4"
379,1.137,5.000,3.860,1.085,2.775,0.719,5,"uop_p2_q_reg[use_shift]/C","lane_result_q_reg[3][39]/D","P2 lane result capture","FDCE=2;LUT5=2;LUT6=3"
380,1.137,5.000,3.860,1.085,2.775,0.719,5,"uop_p2_q_reg[use_shift]/C","lane_result_q_reg[3][3]/D","P2 lane result capture","FDCE=2;LUT5=2;LUT6=3"
381,1.137,5.000,3.860,1.085,2.775,0.719,5,"uop_p2_q_reg[use_shift]/C","lane_result_q_reg[3][40]/D","P2 lane result capture","FDCE=2;LUT5=1;LUT6=4"
382,1.137,5.000,3.860,1.085,2.775,0.719,5,"uop_p2_q_reg[use_shift]/C","lane_result_q_reg[3][41]/D","P2 lane result capture","FDCE=2;LUT5=1;LUT6=4"
383,1.137,5.000,3.860,1.085,2.775,0.719,5,"uop_p2_q_reg[use_shift]/C","lane_result_q_reg[3][42]/D","P2 lane result capture","FDCE=2;LUT5=1;LUT6=4"
384,1.137,5.000,3.860,1.085,2.775,0.719,5,"uop_p2_q_reg[use_shift]/C","lane_result_q_reg[3][43]/D","P2 lane result capture","FDCE=2;LUT5=2;LUT6=3"
385,1.137,5.000,3.860,1.085,2.775,0.719,5,"uop_p2_q_reg[use_shift]/C","lane_result_q_reg[3][44]/D","P2 lane result capture","FDCE=2;LUT5=1;LUT6=4"
386,1.137,5.000,3.860,1.085,2.775,0.719,5,"uop_p2_q_reg[use_shift]/C","lane_result_q_reg[3][45]/D","P2 lane result capture","FDCE=2;LUT5=1;LUT6=4"
387,1.137,5.000,3.860,1.085,2.775,0.719,5,"uop_p2_q_reg[use_shift]/C","lane_result_q_reg[3][46]/D","P2 lane result capture","FDCE=2;LUT5=1;LUT6=4"
388,1.137,5.000,3.860,1.085,2.775,0.719,5,"uop_p2_q_reg[use_shift]/C","lane_result_q_reg[3][47]/D","P2 lane result capture","FDCE=2;LUT5=2;LUT6=3"
389,1.137,5.000,3.860,1.085,2.775,0.719,5,"uop_p2_q_reg[use_shift]/C","lane_result_q_reg[3][48]/D","P2 lane result capture","FDCE=2;LUT5=1;LUT6=4"
390,1.137,5.000,3.860,1.085,2.775,0.719,5,"uop_p2_q_reg[use_shift]/C","lane_result_q_reg[3][49]/D","P2 lane result capture","FDCE=2;LUT5=1;LUT6=4"
391,1.137,5.000,3.860,1.085,2.775,0.719,5,"uop_p2_q_reg[use_shift]/C","lane_result_q_reg[3][4]/D","P2 lane result capture","FDCE=2;LUT5=1;LUT6=4"
392,1.137,5.000,3.860,1.085,2.775,0.719,5,"uop_p2_q_reg[use_shift]/C","lane_result_q_reg[3][50]/D","P2 lane result capture","FDCE=2;LUT5=1;LUT6=4"
393,1.137,5.000,3.860,1.085,2.775,0.719,5,"uop_p2_q_reg[use_shift]/C","lane_result_q_reg[3][51]/D","P2 lane result capture","FDCE=2;LUT5=2;LUT6=3"
394,1.137,5.000,3.860,1.085,2.775,0.719,5,"uop_p2_q_reg[use_shift]/C","lane_result_q_reg[3][52]/D","P2 lane result capture","FDCE=2;LUT5=1;LUT6=4"
395,1.137,5.000,3.860,1.085,2.775,0.719,5,"uop_p2_q_reg[use_shift]/C","lane_result_q_reg[3][53]/D","P2 lane result capture","FDCE=2;LUT5=1;LUT6=4"
396,1.137,5.000,3.860,1.085,2.775,0.719,5,"uop_p2_q_reg[use_shift]/C","lane_result_q_reg[3][54]/D","P2 lane result capture","FDCE=2;LUT5=1;LUT6=4"
397,1.137,5.000,3.860,1.085,2.775,0.719,5,"uop_p2_q_reg[use_shift]/C","lane_result_q_reg[3][55]/D","P2 lane result capture","FDCE=2;LUT5=2;LUT6=3"
398,1.137,5.000,3.860,1.085,2.775,0.719,5,"uop_p2_q_reg[use_shift]/C","lane_result_q_reg[3][56]/D","P2 lane result capture","FDCE=2;LUT5=1;LUT6=4"
399,1.137,5.000,3.860,1.085,2.775,0.719,5,"uop_p2_q_reg[use_shift]/C","lane_result_q_reg[3][57]/D","P2 lane result capture","FDCE=2;LUT5=1;LUT6=4"
400,1.137,5.000,3.860,1.085,2.775,0.719,5,"uop_p2_q_reg[use_shift]/C","lane_result_q_reg[3][58]/D","P2 lane result capture","FDCE=2;LUT5=1;LUT6=4"
401,1.137,5.000,3.860,1.085,2.775,0.719,5,"uop_p2_q_reg[use_shift]/C","lane_result_q_reg[3][59]/D","P2 lane result capture","FDCE=2;LUT5=2;LUT6=3"
402,1.137,5.000,3.860,1.085,2.775,0.719,5,"uop_p2_q_reg[use_shift]/C","lane_result_q_reg[3][5]/D","P2 lane result capture","FDCE=2;LUT5=1;LUT6=4"
403,1.137,5.000,3.860,1.085,2.775,0.719,5,"uop_p2_q_reg[use_shift]/C","lane_result_q_reg[3][60]/D","P2 lane result capture","FDCE=2;LUT5=1;LUT6=4"
404,1.137,5.000,3.860,1.085,2.775,0.719,5,"uop_p2_q_reg[use_shift]/C","lane_result_q_reg[3][61]/D","P2 lane result capture","FDCE=2;LUT5=1;LUT6=4"
405,1.137,5.000,3.860,1.085,2.775,0.719,5,"uop_p2_q_reg[use_shift]/C","lane_result_q_reg[3][62]/D","P2 lane result capture","FDCE=2;LUT5=1;LUT6=4"
406,1.137,5.000,3.860,1.085,2.775,0.719,5,"uop_p2_q_reg[use_shift]/C","lane_result_q_reg[3][63]/D","P2 lane result capture","FDCE=2;LUT5=2;LUT6=3"
407,1.137,5.000,3.860,1.085,2.775,0.719,5,"uop_p2_q_reg[use_shift]/C","lane_result_q_reg[3][6]/D","P2 lane result capture","FDCE=2;LUT5=1;LUT6=4"
408,1.137,5.000,3.860,1.085,2.775,0.719,5,"uop_p2_q_reg[use_shift]/C","lane_result_q_reg[3][7]/D","P2 lane result capture","FDCE=2;LUT5=2;LUT6=3"
409,1.137,5.000,3.860,1.085,2.775,0.719,5,"uop_p2_q_reg[use_shift]/C","lane_result_q_reg[3][8]/D","P2 lane result capture","FDCE=2;LUT5=1;LUT6=4"
410,1.137,5.000,3.860,1.085,2.775,0.719,5,"uop_p2_q_reg[use_shift]/C","lane_result_q_reg[3][9]/D","P2 lane result capture","FDCE=2;LUT5=1;LUT6=4"
411,1.148,5.000,3.849,1.085,2.764,0.718,5,"uop_p2_q_reg[use_shift]/C","lane_result_q_reg[0][10]/D","P2 lane result capture","FDCE=2;LUT5=1;LUT6=4"
412,1.148,5.000,3.849,1.085,2.764,0.718,5,"uop_p2_q_reg[use_shift]/C","lane_result_q_reg[0][11]/D","P2 lane result capture","FDCE=2;LUT5=2;LUT6=3"
413,1.148,5.000,3.849,1.085,2.764,0.718,5,"uop_p2_q_reg[use_shift]/C","lane_result_q_reg[0][12]/D","P2 lane result capture","FDCE=2;LUT5=1;LUT6=4"
414,1.148,5.000,3.849,1.085,2.764,0.718,5,"uop_p2_q_reg[use_shift]/C","lane_result_q_reg[0][13]/D","P2 lane result capture","FDCE=2;LUT5=1;LUT6=4"
415,1.148,5.000,3.849,1.085,2.764,0.718,5,"uop_p2_q_reg[use_shift]/C","lane_result_q_reg[0][14]/D","P2 lane result capture","FDCE=2;LUT5=1;LUT6=4"
416,1.148,5.000,3.849,1.085,2.764,0.718,5,"uop_p2_q_reg[use_shift]/C","lane_result_q_reg[0][15]/D","P2 lane result capture","FDCE=2;LUT5=2;LUT6=3"
417,1.148,5.000,3.849,1.085,2.764,0.718,5,"uop_p2_q_reg[use_shift]/C","lane_result_q_reg[0][16]/D","P2 lane result capture","FDCE=2;LUT5=1;LUT6=4"
418,1.148,5.000,3.849,1.085,2.764,0.718,5,"uop_p2_q_reg[use_shift]/C","lane_result_q_reg[0][17]/D","P2 lane result capture","FDCE=2;LUT5=1;LUT6=4"
419,1.148,5.000,3.849,1.085,2.764,0.718,5,"uop_p2_q_reg[use_shift]/C","lane_result_q_reg[0][18]/D","P2 lane result capture","FDCE=2;LUT5=1;LUT6=4"
420,1.148,5.000,3.849,1.085,2.764,0.718,5,"uop_p2_q_reg[use_shift]/C","lane_result_q_reg[0][19]/D","P2 lane result capture","FDCE=2;LUT5=2;LUT6=3"
421,1.148,5.000,3.849,1.085,2.764,0.718,5,"uop_p2_q_reg[use_shift]/C","lane_result_q_reg[0][20]/D","P2 lane result capture","FDCE=2;LUT5=1;LUT6=4"
422,1.148,5.000,3.849,1.085,2.764,0.718,5,"uop_p2_q_reg[use_shift]/C","lane_result_q_reg[0][21]/D","P2 lane result capture","FDCE=2;LUT5=1;LUT6=4"
423,1.148,5.000,3.849,1.085,2.764,0.718,5,"uop_p2_q_reg[use_shift]/C","lane_result_q_reg[0][22]/D","P2 lane result capture","FDCE=2;LUT5=1;LUT6=4"
424,1.148,5.000,3.849,1.085,2.764,0.718,5,"uop_p2_q_reg[use_shift]/C","lane_result_q_reg[0][23]/D","P2 lane result capture","FDCE=2;LUT5=2;LUT6=3"
425,1.148,5.000,3.849,1.085,2.764,0.718,5,"uop_p2_q_reg[use_shift]/C","lane_result_q_reg[0][24]/D","P2 lane result capture","FDCE=2;LUT5=1;LUT6=4"
426,1.148,5.000,3.849,1.085,2.764,0.718,5,"uop_p2_q_reg[use_shift]/C","lane_result_q_reg[0][25]/D","P2 lane result capture","FDCE=2;LUT5=1;LUT6=4"
427,1.148,5.000,3.849,1.085,2.764,0.718,5,"uop_p2_q_reg[use_shift]/C","lane_result_q_reg[0][26]/D","P2 lane result capture","FDCE=2;LUT5=1;LUT6=4"
428,1.148,5.000,3.849,1.085,2.764,0.718,5,"uop_p2_q_reg[use_shift]/C","lane_result_q_reg[0][27]/D","P2 lane result capture","FDCE=2;LUT5=2;LUT6=3"
429,1.148,5.000,3.849,1.085,2.764,0.718,5,"uop_p2_q_reg[use_shift]/C","lane_result_q_reg[0][28]/D","P2 lane result capture","FDCE=2;LUT5=1;LUT6=4"
430,1.148,5.000,3.849,1.085,2.764,0.718,5,"uop_p2_q_reg[use_shift]/C","lane_result_q_reg[0][29]/D","P2 lane result capture","FDCE=2;LUT5=1;LUT6=4"
431,1.148,5.000,3.849,1.085,2.764,0.718,5,"uop_p2_q_reg[use_shift]/C","lane_result_q_reg[0][30]/D","P2 lane result capture","FDCE=2;LUT5=1;LUT6=4"
432,1.148,5.000,3.849,1.085,2.764,0.718,5,"uop_p2_q_reg[use_shift]/C","lane_result_q_reg[0][31]/D","P2 lane result capture","FDCE=2;LUT5=2;LUT6=3"
433,1.148,5.000,3.849,1.085,2.764,0.718,5,"uop_p2_q_reg[use_shift]/C","lane_result_q_reg[0][8]/D","P2 lane result capture","FDCE=2;LUT5=1;LUT6=4"
434,1.148,5.000,3.849,1.085,2.764,0.718,5,"uop_p2_q_reg[use_shift]/C","lane_result_q_reg[0][9]/D","P2 lane result capture","FDCE=2;LUT5=1;LUT6=4"
435,1.154,5.000,3.843,1.085,2.758,0.718,5,"uop_p2_q_reg[use_shift]/C","lane_result_q_reg[0][0]/D","P2 lane result capture","FDCE=2;LUT5=1;LUT6=4"
436,1.154,5.000,3.843,1.085,2.758,0.718,5,"uop_p2_q_reg[use_shift]/C","lane_result_q_reg[0][1]/D","P2 lane result capture","FDCE=2;LUT5=1;LUT6=4"
437,1.154,5.000,3.843,1.085,2.758,0.718,5,"uop_p2_q_reg[use_shift]/C","lane_result_q_reg[0][2]/D","P2 lane result capture","FDCE=2;LUT5=1;LUT6=4"
438,1.154,5.000,3.843,1.085,2.758,0.718,5,"uop_p2_q_reg[use_shift]/C","lane_result_q_reg[0][3]/D","P2 lane result capture","FDCE=2;LUT5=2;LUT6=3"
439,1.154,5.000,3.843,1.085,2.758,0.718,5,"uop_p2_q_reg[use_shift]/C","lane_result_q_reg[0][4]/D","P2 lane result capture","FDCE=2;LUT5=1;LUT6=4"
440,1.154,5.000,3.843,1.085,2.758,0.718,5,"uop_p2_q_reg[use_shift]/C","lane_result_q_reg[0][5]/D","P2 lane result capture","FDCE=2;LUT5=1;LUT6=4"
441,1.154,5.000,3.843,1.085,2.758,0.718,5,"uop_p2_q_reg[use_shift]/C","lane_result_q_reg[0][6]/D","P2 lane result capture","FDCE=2;LUT5=1;LUT6=4"
442,1.154,5.000,3.843,1.085,2.758,0.718,5,"uop_p2_q_reg[use_shift]/C","lane_result_q_reg[0][7]/D","P2 lane result capture","FDCE=2;LUT5=2;LUT6=3"
443,1.213,5.000,3.784,1.085,2.699,0.713,5,"ecc_leaf_b_q_reg[22]/C","ecc_leaf_prod_q_reg[14]/D","other","FDCE=2;LUT5=1;LUT6=4"
444,1.213,5.000,3.784,1.085,2.699,0.713,5,"ecc_leaf_b_q_reg[22]/C","ecc_leaf_prod_q_reg[22]/D","other","FDCE=2;LUT5=1;LUT6=4"
445,1.213,5.000,3.784,1.085,2.699,0.713,5,"ecc_leaf_b_q_reg[22]/C","ecc_leaf_prod_q_reg[30]/D","other","FDCE=2;LUT5=1;LUT6=4"
446,1.213,5.000,3.784,1.085,2.699,0.713,5,"ecc_leaf_b_q_reg[22]/C","ecc_leaf_prod_q_reg[38]/D","other","FDCE=2;LUT5=1;LUT6=4"
447,1.213,5.000,3.784,1.085,2.699,0.713,5,"ecc_leaf_b_q_reg[22]/C","ecc_leaf_prod_q_reg[46]/D","other","FDCE=2;LUT5=1;LUT6=4"
448,1.213,5.000,3.784,1.085,2.699,0.713,5,"ecc_leaf_b_q_reg[22]/C","ecc_leaf_prod_q_reg[54]/D","other","FDCE=2;LUT5=1;LUT6=4"
449,1.213,5.000,3.784,1.085,2.699,0.713,5,"ecc_leaf_b_q_reg[22]/C","ecc_leaf_prod_q_reg[62]/D","other","FDCE=2;LUT5=1;LUT6=4"
450,1.213,5.000,3.784,1.085,2.699,0.713,5,"ecc_leaf_b_q_reg[22]/C","ecc_leaf_prod_q_reg[6]/D","other","FDCE=2;LUT5=1;LUT6=4"
451,1.231,5.000,3.766,1.190,2.576,0.684,6,"ecc_leaf_b_q_reg[10]/C","ecc_leaf_prod_q_reg[11]/D","other","FDCE=2;LUT6=6"
452,1.231,5.000,3.766,1.190,2.576,0.684,6,"ecc_leaf_b_q_reg[15]/C","ecc_leaf_prod_q_reg[13]/D","other","FDCE=2;LUT6=6"
453,1.231,5.000,3.766,1.190,2.576,0.684,6,"ecc_leaf_b_q_reg[10]/C","ecc_leaf_prod_q_reg[19]/D","other","FDCE=2;LUT6=6"
454,1.231,5.000,3.766,1.190,2.576,0.684,6,"ecc_leaf_b_q_reg[15]/C","ecc_leaf_prod_q_reg[21]/D","other","FDCE=2;LUT6=6"
455,1.231,5.000,3.766,1.190,2.576,0.684,6,"ecc_leaf_b_q_reg[10]/C","ecc_leaf_prod_q_reg[27]/D","other","FDCE=2;LUT6=6"
456,1.231,5.000,3.766,1.190,2.576,0.684,6,"ecc_leaf_b_q_reg[15]/C","ecc_leaf_prod_q_reg[29]/D","other","FDCE=2;LUT6=6"
457,1.231,5.000,3.766,1.190,2.576,0.684,6,"ecc_leaf_b_q_reg[10]/C","ecc_leaf_prod_q_reg[35]/D","other","FDCE=2;LUT6=6"
458,1.231,5.000,3.766,1.190,2.576,0.684,6,"ecc_leaf_b_q_reg[15]/C","ecc_leaf_prod_q_reg[37]/D","other","FDCE=2;LUT6=6"
459,1.231,5.000,3.766,1.190,2.576,0.684,6,"ecc_leaf_b_q_reg[10]/C","ecc_leaf_prod_q_reg[3]/D","other","FDCE=2;LUT6=6"
460,1.231,5.000,3.766,1.190,2.576,0.684,6,"ecc_leaf_b_q_reg[10]/C","ecc_leaf_prod_q_reg[43]/D","other","FDCE=2;LUT6=6"
461,1.231,5.000,3.766,1.190,2.576,0.684,6,"ecc_leaf_b_q_reg[15]/C","ecc_leaf_prod_q_reg[45]/D","other","FDCE=2;LUT6=6"
462,1.231,5.000,3.766,1.190,2.576,0.684,6,"ecc_leaf_b_q_reg[10]/C","ecc_leaf_prod_q_reg[51]/D","other","FDCE=2;LUT6=6"
463,1.231,5.000,3.766,1.190,2.576,0.684,6,"ecc_leaf_b_q_reg[15]/C","ecc_leaf_prod_q_reg[53]/D","other","FDCE=2;LUT6=6"
464,1.231,5.000,3.766,1.190,2.576,0.684,6,"ecc_leaf_b_q_reg[10]/C","ecc_leaf_prod_q_reg[59]/D","other","FDCE=2;LUT6=6"
465,1.231,5.000,3.766,1.190,2.576,0.684,6,"ecc_leaf_b_q_reg[15]/C","ecc_leaf_prod_q_reg[5]/D","other","FDCE=2;LUT6=6"
466,1.231,5.000,3.766,1.190,2.576,0.684,6,"ecc_leaf_b_q_reg[15]/C","ecc_leaf_prod_q_reg[61]/D","other","FDCE=2;LUT6=6"
467,1.232,5.000,3.765,1.085,2.680,0.712,5,"ecc_leaf_b_q_reg[21]/C","ecc_leaf_prod_q_reg[12]/D","other","FDCE=2;LUT5=1;LUT6=4"
468,1.232,5.000,3.765,1.085,2.680,0.712,5,"ecc_leaf_b_q_reg[21]/C","ecc_leaf_prod_q_reg[20]/D","other","FDCE=2;LUT5=1;LUT6=4"
469,1.232,5.000,3.765,1.085,2.680,0.712,5,"ecc_leaf_b_q_reg[21]/C","ecc_leaf_prod_q_reg[28]/D","other","FDCE=2;LUT5=1;LUT6=4"
470,1.232,5.000,3.765,1.085,2.680,0.712,5,"ecc_leaf_b_q_reg[21]/C","ecc_leaf_prod_q_reg[36]/D","other","FDCE=2;LUT5=1;LUT6=4"
471,1.232,5.000,3.765,1.085,2.680,0.712,5,"ecc_leaf_b_q_reg[21]/C","ecc_leaf_prod_q_reg[44]/D","other","FDCE=2;LUT5=1;LUT6=4"
472,1.232,5.000,3.765,1.085,2.680,0.712,5,"ecc_leaf_b_q_reg[21]/C","ecc_leaf_prod_q_reg[4]/D","other","FDCE=2;LUT5=1;LUT6=4"
473,1.232,5.000,3.765,1.085,2.680,0.712,5,"ecc_leaf_b_q_reg[21]/C","ecc_leaf_prod_q_reg[52]/D","other","FDCE=2;LUT5=1;LUT6=4"
474,1.232,5.000,3.765,1.085,2.680,0.712,5,"ecc_leaf_b_q_reg[21]/C","ecc_leaf_prod_q_reg[60]/D","other","FDCE=2;LUT5=1;LUT6=4"
475,1.329,5.000,3.668,1.203,2.465,0.672,6,"hmatch_best_dist_q_reg[1]/C","hmatch_budget_q_reg[10]/D","HMATCH reduction/compare","FDCE=2;LUT5=2;LUT6=4"
476,1.329,5.000,3.668,1.203,2.465,0.672,6,"hmatch_best_dist_q_reg[1]/C","hmatch_budget_q_reg[11]_inv/D","HMATCH reduction/compare","FDCE=1;FDPE=1;LUT5=2;LUT6=4"
477,1.337,5.000,3.452,0.875,2.577,0.747,3,"uop_p3_q_reg[chunk_idx][1]/C","uop_p0_q_reg[chunk_idx][0]/CE","TOP control","FDCE=2;LUT6=3"
478,1.337,5.000,3.452,0.875,2.577,0.747,3,"uop_p3_q_reg[chunk_idx][1]/C","uop_p0_q_reg[chunk_idx][1]/CE","TOP control","FDCE=2;LUT6=3"
479,1.337,5.000,3.452,0.875,2.577,0.747,3,"uop_p3_q_reg[chunk_idx][1]/C","uop_p0_q_reg[class_idx][0]/CE","TOP control","FDCE=2;LUT6=3"
480,1.337,5.000,3.452,0.875,2.577,0.747,3,"uop_p3_q_reg[chunk_idx][1]/C","uop_p0_q_reg[class_idx][1]/CE","TOP control","FDCE=2;LUT6=3"
481,1.337,5.000,3.452,0.875,2.577,0.747,3,"uop_p3_q_reg[chunk_idx][1]/C","uop_p0_q_reg[class_idx][2]/CE","TOP control","FDCE=2;LUT6=3"
482,1.337,5.000,3.452,0.875,2.577,0.747,3,"uop_p3_q_reg[chunk_idx][1]/C","uop_p0_q_reg[dst_addr][0]/CE","TOP control","FDCE=2;LUT6=3"
483,1.337,5.000,3.452,0.875,2.577,0.747,3,"uop_p3_q_reg[chunk_idx][1]/C","uop_p0_q_reg[dst_addr][1]/CE","TOP control","FDCE=2;LUT6=3"
484,1.337,5.000,3.452,0.875,2.577,0.747,3,"uop_p3_q_reg[chunk_idx][1]/C","uop_p0_q_reg[dst_addr][2]/CE","TOP control","FDCE=2;LUT6=3"
485,1.337,5.000,3.452,0.875,2.577,0.747,3,"uop_p3_q_reg[chunk_idx][1]/C","uop_p0_q_reg[dst_addr][3]/CE","TOP control","FDCE=2;LUT6=3"
486,1.337,5.000,3.452,0.875,2.577,0.747,3,"uop_p3_q_reg[chunk_idx][1]/C","uop_p0_q_reg[dst_addr][4]/CE","TOP control","FDCE=2;LUT6=3"
487,1.337,5.000,3.452,0.875,2.577,0.747,3,"uop_p3_q_reg[chunk_idx][1]/C","uop_p0_q_reg[dst_addr][5]/CE","TOP control","FDCE=2;LUT6=3"
488,1.337,5.000,3.452,0.875,2.577,0.747,3,"uop_p3_q_reg[chunk_idx][1]/C","uop_p0_q_reg[is_last_class]/CE","TOP control","FDCE=2;LUT6=3"
489,1.337,5.000,3.452,0.875,2.577,0.747,3,"uop_p3_q_reg[chunk_idx][1]/C","uop_p0_q_reg[op_type][0]/CE","TOP control","FDCE=2;LUT6=3"
490,1.337,5.000,3.452,0.875,2.577,0.747,3,"uop_p3_q_reg[chunk_idx][1]/C","uop_p0_q_reg[op_type][1]/CE","TOP control","FDCE=2;LUT6=3"
491,1.337,5.000,3.452,0.875,2.577,0.747,3,"uop_p3_q_reg[chunk_idx][1]/C","uop_p0_q_reg[op_type][2]/CE","TOP control","FDCE=2;LUT6=3"
492,1.337,5.000,3.452,0.875,2.577,0.747,3,"uop_p3_q_reg[chunk_idx][1]/C","uop_p0_q_reg[perm_nibble][0]/CE","TOP control","FDCE=2;LUT6=3"
493,1.337,5.000,3.452,0.875,2.577,0.747,3,"uop_p3_q_reg[chunk_idx][1]/C","uop_p0_q_reg[perm_nibble][1]/CE","TOP control","FDCE=2;LUT6=3"
494,1.337,5.000,3.452,0.875,2.577,0.747,3,"uop_p3_q_reg[chunk_idx][1]/C","uop_p0_q_reg[perm_nibble][2]/CE","TOP control","FDCE=2;LUT6=3"
495,1.337,5.000,3.452,0.875,2.577,0.747,3,"uop_p3_q_reg[chunk_idx][1]/C","uop_p0_q_reg[perm_nibble][3]/CE","TOP control","FDCE=2;LUT6=3"
496,1.337,5.000,3.452,0.875,2.577,0.747,3,"uop_p3_q_reg[chunk_idx][1]/C","uop_p0_q_reg[src0_addr][0]/CE","TOP control","FDCE=2;LUT6=3"
497,1.337,5.000,3.452,0.875,2.577,0.747,3,"uop_p3_q_reg[chunk_idx][1]/C","uop_p0_q_reg[src0_addr][1]/CE","TOP control","FDCE=2;LUT6=3"
498,1.337,5.000,3.452,0.875,2.577,0.747,3,"uop_p3_q_reg[chunk_idx][1]/C","uop_p0_q_reg[src0_addr][2]/CE","TOP control","FDCE=2;LUT6=3"
499,1.337,5.000,3.452,0.875,2.577,0.747,3,"uop_p3_q_reg[chunk_idx][1]/C","uop_p0_q_reg[src0_addr][3]/CE","TOP control","FDCE=2;LUT6=3"
500,1.337,5.000,3.452,0.875,2.577,0.747,3,"uop_p3_q_reg[chunk_idx][1]/C","uop_p0_q_reg[src0_addr][4]/CE","TOP control","FDCE=2;LUT6=3"
501,1.337,5.000,3.452,0.875,2.577,0.747,3,"uop_p3_q_reg[chunk_idx][1]/C","uop_p0_q_reg[src0_addr][5]/CE","TOP control","FDCE=2;LUT6=3"
502,1.337,5.000,3.452,0.875,2.577,0.747,3,"uop_p3_q_reg[chunk_idx][1]/C","uop_p0_q_reg[src1_addr][0]/CE","TOP control","FDCE=2;LUT6=3"
503,1.337,5.000,3.452,0.875,2.577,0.747,3,"uop_p3_q_reg[chunk_idx][1]/C","uop_p0_q_reg[src1_addr][1]/CE","TOP control","FDCE=2;LUT6=3"
504,1.337,5.000,3.452,0.875,2.577,0.747,3,"uop_p3_q_reg[chunk_idx][1]/C","uop_p0_q_reg[src1_addr][2]/CE","TOP control","FDCE=2;LUT6=3"
505,1.337,5.000,3.452,0.875,2.577,0.747,3,"uop_p3_q_reg[chunk_idx][1]/C","uop_p0_q_reg[src1_addr][3]/CE","TOP control","FDCE=2;LUT6=3"
506,1.337,5.000,3.452,0.875,2.577,0.747,3,"uop_p3_q_reg[chunk_idx][1]/C","uop_p0_q_reg[src1_addr][4]/CE","TOP control","FDCE=2;LUT6=3"
507,1.337,5.000,3.452,0.875,2.577,0.747,3,"uop_p3_q_reg[chunk_idx][1]/C","uop_p0_q_reg[src1_addr][5]/CE","TOP control","FDCE=2;LUT6=3"
508,1.337,5.000,3.452,0.875,2.577,0.747,3,"uop_p3_q_reg[chunk_idx][1]/C","uop_p0_q_reg[subgroup_idx][0]/CE","TOP control","FDCE=2;LUT6=3"
509,1.337,5.000,3.452,0.875,2.577,0.747,3,"uop_p3_q_reg[chunk_idx][1]/C","uop_p0_q_reg[subgroup_idx][1]/CE","TOP control","FDCE=2;LUT6=3"
510,1.337,5.000,3.452,0.875,2.577,0.747,3,"uop_p3_q_reg[chunk_idx][1]/C","uop_p0_q_reg[use_clip]/CE","TOP control","FDCE=2;LUT6=3"
511,1.337,5.000,3.452,0.875,2.577,0.747,3,"uop_p3_q_reg[chunk_idx][1]/C","uop_p0_q_reg[use_counter]/CE","TOP control","FDCE=2;LUT6=3"
512,1.337,5.000,3.452,0.875,2.577,0.747,3,"uop_p3_q_reg[chunk_idx][1]/C","uop_p0_q_reg[use_shift]/CE","TOP control","FDCE=2;LUT6=3"
513,1.342,5.000,3.655,1.190,2.465,0.674,6,"a_q_reg[4]/C","uop_p0_q_reg[valid]/D","TOP control","FDCE=2;LUT4=2;LUT5=1;LUT6=3"
514,1.394,5.000,3.603,1.190,2.413,0.670,6,"hsim_total_q_reg[0]/C","hmatch_budget_q_reg[9]/D","HMATCH reduction/compare","FDCE=2;LUT3=1;LUT5=1;LUT6=4"
515,1.411,5.000,3.378,0.980,2.398,0.710,4,"a_q_reg[16]/C","ecc_leaf_b_q_reg[0]/CE","other","FDCE=2;LUT5=2;LUT6=2"
516,1.411,5.000,3.378,0.980,2.398,0.710,4,"a_q_reg[16]/C","ecc_leaf_b_q_reg[10]/CE","other","FDCE=2;LUT5=2;LUT6=2"
517,1.411,5.000,3.378,0.980,2.398,0.710,4,"a_q_reg[16]/C","ecc_leaf_b_q_reg[11]/CE","other","FDCE=2;LUT5=2;LUT6=2"
518,1.411,5.000,3.378,0.980,2.398,0.710,4,"a_q_reg[16]/C","ecc_leaf_b_q_reg[12]/CE","other","FDCE=2;LUT5=2;LUT6=2"
519,1.411,5.000,3.378,0.980,2.398,0.710,4,"a_q_reg[16]/C","ecc_leaf_b_q_reg[13]/CE","other","FDCE=2;LUT5=2;LUT6=2"
520,1.411,5.000,3.378,0.980,2.398,0.710,4,"a_q_reg[16]/C","ecc_leaf_b_q_reg[14]/CE","other","FDCE=2;LUT5=2;LUT6=2"
521,1.411,5.000,3.378,0.980,2.398,0.710,4,"a_q_reg[16]/C","ecc_leaf_b_q_reg[15]/CE","other","FDCE=2;LUT5=2;LUT6=2"
522,1.411,5.000,3.378,0.980,2.398,0.710,4,"a_q_reg[16]/C","ecc_leaf_b_q_reg[16]/CE","other","FDCE=2;LUT5=2;LUT6=2"
523,1.411,5.000,3.378,0.980,2.398,0.710,4,"a_q_reg[16]/C","ecc_leaf_b_q_reg[17]/CE","other","FDCE=2;LUT5=2;LUT6=2"
524,1.411,5.000,3.378,0.980,2.398,0.710,4,"a_q_reg[16]/C","ecc_leaf_b_q_reg[18]/CE","other","FDCE=2;LUT5=2;LUT6=2"
525,1.411,5.000,3.378,0.980,2.398,0.710,4,"a_q_reg[16]/C","ecc_leaf_b_q_reg[19]/CE","other","FDCE=2;LUT5=2;LUT6=2"
526,1.411,5.000,3.378,0.980,2.398,0.710,4,"a_q_reg[16]/C","ecc_leaf_b_q_reg[1]/CE","other","FDCE=2;LUT5=2;LUT6=2"
527,1.411,5.000,3.378,0.980,2.398,0.710,4,"a_q_reg[16]/C","ecc_leaf_b_q_reg[20]/CE","other","FDCE=2;LUT5=2;LUT6=2"
528,1.411,5.000,3.378,0.980,2.398,0.710,4,"a_q_reg[16]/C","ecc_leaf_b_q_reg[21]/CE","other","FDCE=2;LUT5=2;LUT6=2"
529,1.411,5.000,3.378,0.980,2.398,0.710,4,"a_q_reg[16]/C","ecc_leaf_b_q_reg[22]/CE","other","FDCE=2;LUT5=2;LUT6=2"
530,1.411,5.000,3.378,0.980,2.398,0.710,4,"a_q_reg[16]/C","ecc_leaf_b_q_reg[23]/CE","other","FDCE=2;LUT5=2;LUT6=2"
531,1.411,5.000,3.378,0.980,2.398,0.710,4,"a_q_reg[16]/C","ecc_leaf_b_q_reg[24]/CE","other","FDCE=2;LUT5=2;LUT6=2"
532,1.411,5.000,3.378,0.980,2.398,0.710,4,"a_q_reg[16]/C","ecc_leaf_b_q_reg[25]/CE","other","FDCE=2;LUT5=2;LUT6=2"
533,1.411,5.000,3.378,0.980,2.398,0.710,4,"a_q_reg[16]/C","ecc_leaf_b_q_reg[26]/CE","other","FDCE=2;LUT5=2;LUT6=2"
534,1.411,5.000,3.378,0.980,2.398,0.710,4,"a_q_reg[16]/C","ecc_leaf_b_q_reg[27]/CE","other","FDCE=2;LUT5=2;LUT6=2"
535,1.411,5.000,3.378,0.980,2.398,0.710,4,"a_q_reg[16]/C","ecc_leaf_b_q_reg[28]/CE","other","FDCE=2;LUT5=2;LUT6=2"
536,1.411,5.000,3.378,0.980,2.398,0.710,4,"a_q_reg[16]/C","ecc_leaf_b_q_reg[29]/CE","other","FDCE=2;LUT5=2;LUT6=2"
537,1.411,5.000,3.378,0.980,2.398,0.710,4,"a_q_reg[16]/C","ecc_leaf_b_q_reg[2]/CE","other","FDCE=2;LUT5=2;LUT6=2"
538,1.411,5.000,3.378,0.980,2.398,0.710,4,"a_q_reg[16]/C","ecc_leaf_b_q_reg[30]/CE","other","FDCE=2;LUT5=2;LUT6=2"
539,1.411,5.000,3.378,0.980,2.398,0.710,4,"a_q_reg[16]/C","ecc_leaf_b_q_reg[31]/CE","other","FDCE=2;LUT5=2;LUT6=2"
540,1.411,5.000,3.378,0.980,2.398,0.710,4,"a_q_reg[16]/C","ecc_leaf_b_q_reg[3]/CE","other","FDCE=2;LUT5=2;LUT6=2"
541,1.411,5.000,3.378,0.980,2.398,0.710,4,"a_q_reg[16]/C","ecc_leaf_b_q_reg[4]/CE","other","FDCE=2;LUT5=2;LUT6=2"
542,1.411,5.000,3.378,0.980,2.398,0.710,4,"a_q_reg[16]/C","ecc_leaf_b_q_reg[5]/CE","other","FDCE=2;LUT5=2;LUT6=2"
543,1.411,5.000,3.378,0.980,2.398,0.710,4,"a_q_reg[16]/C","ecc_leaf_b_q_reg[6]/CE","other","FDCE=2;LUT5=2;LUT6=2"
544,1.411,5.000,3.378,0.980,2.398,0.710,4,"a_q_reg[16]/C","ecc_leaf_b_q_reg[7]/CE","other","FDCE=2;LUT5=2;LUT6=2"
545,1.411,5.000,3.378,0.980,2.398,0.710,4,"a_q_reg[16]/C","ecc_leaf_b_q_reg[8]/CE","other","FDCE=2;LUT5=2;LUT6=2"
546,1.411,5.000,3.378,0.980,2.398,0.710,4,"a_q_reg[16]/C","ecc_leaf_b_q_reg[9]/CE","other","FDCE=2;LUT5=2;LUT6=2"
547,1.411,5.000,3.378,0.980,2.398,0.710,4,"a_q_reg[16]/C","ecc_leaf_id_q_reg[0]/CE","other","FDCE=2;LUT5=2;LUT6=2"
548,1.411,5.000,3.378,0.980,2.398,0.710,4,"a_q_reg[16]/C","ecc_leaf_id_q_reg[1]/CE","other","FDCE=2;LUT5=2;LUT6=2"
549,1.411,5.000,3.378,0.980,2.398,0.710,4,"a_q_reg[16]/C","ecc_leaf_id_q_reg[2]/CE","other","FDCE=2;LUT5=2;LUT6=2"
550,1.411,5.000,3.378,0.980,2.398,0.710,4,"a_q_reg[16]/C","ecc_leaf_id_q_reg[3]/CE","other","FDCE=2;LUT5=2;LUT6=2"
551,1.411,5.000,3.378,0.980,2.398,0.710,4,"a_q_reg[16]/C","ecc_leaf_id_q_reg[4]/CE","other","FDCE=2;LUT5=2;LUT6=2"
552,1.436,5.000,3.561,1.085,2.476,0.695,5,"gen_lane[0].i_p2_pop_slice/bool_result_q_reg[15]/C","gen_lane[0].i_p2_pop_slice/popcount_part_q_o_reg[0][2]/D","P2 popcount capture","FDCE=2;LUT3=2;LUT5=2;LUT6=1"
553,1.436,5.000,3.561,1.085,2.476,0.695,5,"gen_lane[0].i_p2_pop_slice/bool_result_q_reg[47]/C","gen_lane[0].i_p2_pop_slice/popcount_part_q_o_reg[1][2]/D","P2 popcount capture","FDCE=2;LUT3=2;LUT5=2;LUT6=1"
554,1.436,5.000,3.561,1.085,2.476,0.695,5,"gen_lane[1].i_p2_pop_slice/bool_result_q_reg[15]/C","gen_lane[1].i_p2_pop_slice/popcount_part_q_o_reg[0][2]/D","P2 popcount capture","FDCE=2;LUT3=2;LUT5=2;LUT6=1"
555,1.436,5.000,3.561,1.085,2.476,0.695,5,"gen_lane[1].i_p2_pop_slice/bool_result_q_reg[47]/C","gen_lane[1].i_p2_pop_slice/popcount_part_q_o_reg[1][2]/D","P2 popcount capture","FDCE=2;LUT3=2;LUT5=2;LUT6=1"
556,1.436,5.000,3.561,1.085,2.476,0.695,5,"gen_lane[2].i_p2_pop_slice/bool_result_q_reg[15]/C","gen_lane[2].i_p2_pop_slice/popcount_part_q_o_reg[0][2]/D","P2 popcount capture","FDCE=2;LUT3=2;LUT5=2;LUT6=1"
557,1.436,5.000,3.561,1.085,2.476,0.695,5,"gen_lane[2].i_p2_pop_slice/bool_result_q_reg[47]/C","gen_lane[2].i_p2_pop_slice/popcount_part_q_o_reg[1][2]/D","P2 popcount capture","FDCE=2;LUT3=2;LUT5=2;LUT6=1"
558,1.436,5.000,3.561,1.085,2.476,0.695,5,"gen_lane[3].i_p2_pop_slice/bool_result_q_reg[15]/C","gen_lane[3].i_p2_pop_slice/popcount_part_q_o_reg[0][2]/D","P2 popcount capture","FDCE=2;LUT3=2;LUT5=2;LUT6=1"
559,1.436,5.000,3.561,1.085,2.476,0.695,5,"gen_lane[3].i_p2_pop_slice/bool_result_q_reg[47]/C","gen_lane[3].i_p2_pop_slice/popcount_part_q_o_reg[1][2]/D","P2 popcount capture","FDCE=2;LUT3=2;LUT5=2;LUT6=1"
560,1.443,5.000,3.554,1.085,2.469,0.695,5,"ecc_leaf_id_q_reg[0]/C","ecc_leaf_a_q_reg[0]/D","other","FDCE=2;LUT4=2;LUT5=2;LUT6=1"
561,1.443,5.000,3.554,1.085,2.469,0.695,5,"ecc_leaf_id_q_reg[0]/C","ecc_leaf_a_q_reg[10]/D","other","FDCE=2;LUT4=2;LUT5=3"
562,1.443,5.000,3.554,1.085,2.469,0.695,5,"ecc_leaf_id_q_reg[0]/C","ecc_leaf_a_q_reg[11]/D","other","FDCE=2;LUT4=2;LUT5=3"
563,1.443,5.000,3.554,1.085,2.469,0.695,5,"ecc_leaf_id_q_reg[0]/C","ecc_leaf_a_q_reg[12]/D","other","FDCE=2;LUT4=2;LUT5=2;LUT6=1"
564,1.443,5.000,3.554,1.085,2.469,0.695,5,"ecc_leaf_id_q_reg[0]/C","ecc_leaf_a_q_reg[13]/D","other","FDCE=2;LUT4=2;LUT5=2;LUT6=1"
565,1.443,5.000,3.554,1.085,2.469,0.695,5,"ecc_leaf_id_q_reg[0]/C","ecc_leaf_a_q_reg[14]/D","other","FDCE=2;LUT4=2;LUT5=2;LUT6=1"
566,1.443,5.000,3.554,1.085,2.469,0.695,5,"ecc_leaf_id_q_reg[0]/C","ecc_leaf_a_q_reg[15]/D","other","FDCE=2;LUT4=2;LUT5=3"
567,1.443,5.000,3.554,1.085,2.469,0.695,5,"ecc_leaf_id_q_reg[0]/C","ecc_leaf_a_q_reg[16]/D","other","FDCE=2;LUT4=2;LUT5=2;LUT6=1"
568,1.443,5.000,3.554,1.085,2.469,0.695,5,"ecc_leaf_id_q_reg[0]/C","ecc_leaf_a_q_reg[17]/D","other","FDCE=2;LUT4=2;LUT5=3"
569,1.443,5.000,3.554,1.085,2.469,0.695,5,"ecc_leaf_id_q_reg[0]/C","ecc_leaf_a_q_reg[18]/D","other","FDCE=2;LUT4=2;LUT5=2;LUT6=1"
570,1.443,5.000,3.554,1.085,2.469,0.695,5,"ecc_leaf_id_q_reg[0]/C","ecc_leaf_a_q_reg[19]/D","other","FDCE=2;LUT4=2;LUT5=2;LUT6=1"
571,1.443,5.000,3.554,1.085,2.469,0.695,5,"ecc_leaf_id_q_reg[0]/C","ecc_leaf_a_q_reg[1]/D","other","FDCE=2;LUT4=2;LUT5=3"
572,1.443,5.000,3.554,1.085,2.469,0.695,5,"ecc_leaf_id_q_reg[0]/C","ecc_leaf_a_q_reg[20]/D","other","FDCE=2;LUT4=3;LUT5=2"
573,1.443,5.000,3.554,1.085,2.469,0.695,5,"ecc_leaf_id_q_reg[0]/C","ecc_leaf_a_q_reg[21]/D","other","FDCE=2;LUT4=3;LUT5=2"
574,1.443,5.000,3.554,1.085,2.469,0.695,5,"ecc_leaf_id_q_reg[0]/C","ecc_leaf_a_q_reg[22]/D","other","FDCE=2;LUT4=2;LUT5=3"
575,1.443,5.000,3.554,1.085,2.469,0.695,5,"ecc_leaf_id_q_reg[0]/C","ecc_leaf_a_q_reg[23]/D","other","FDCE=2;LUT4=3;LUT5=2"
576,1.443,5.000,3.554,1.085,2.469,0.695,5,"ecc_leaf_id_q_reg[0]/C","ecc_leaf_a_q_reg[24]/D","other","FDCE=2;LUT4=2;LUT5=2;LUT6=1"
577,1.443,5.000,3.554,1.085,2.469,0.695,5,"ecc_leaf_id_q_reg[0]/C","ecc_leaf_a_q_reg[25]/D","other","FDCE=2;LUT4=3;LUT5=2"
578,1.443,5.000,3.554,1.085,2.469,0.695,5,"ecc_leaf_id_q_reg[0]/C","ecc_leaf_a_q_reg[26]/D","other","FDCE=2;LUT4=2;LUT5=3"
579,1.443,5.000,3.554,1.085,2.469,0.695,5,"ecc_leaf_id_q_reg[0]/C","ecc_leaf_a_q_reg[27]/D","other","FDCE=2;LUT4=2;LUT5=2;LUT6=1"
580,1.443,5.000,3.554,1.085,2.469,0.695,5,"ecc_leaf_id_q_reg[0]/C","ecc_leaf_a_q_reg[28]/D","other","FDCE=2;LUT4=3;LUT5=2"
581,1.443,5.000,3.554,1.085,2.469,0.695,5,"ecc_leaf_id_q_reg[0]/C","ecc_leaf_a_q_reg[29]/D","other","FDCE=2;LUT4=3;LUT5=2"
582,1.443,5.000,3.554,1.085,2.469,0.695,5,"ecc_leaf_id_q_reg[0]/C","ecc_leaf_a_q_reg[2]/D","other","FDCE=2;LUT4=2;LUT5=2;LUT6=1"
583,1.443,5.000,3.554,1.085,2.469,0.695,5,"ecc_leaf_id_q_reg[0]/C","ecc_leaf_a_q_reg[30]/D","other","FDCE=2;LUT4=2;LUT5=3"
584,1.443,5.000,3.554,1.085,2.469,0.695,5,"ecc_leaf_id_q_reg[0]/C","ecc_leaf_a_q_reg[31]/D","other","FDCE=2;LUT4=3;LUT5=2"
585,1.443,5.000,3.554,1.085,2.469,0.695,5,"ecc_leaf_id_q_reg[0]/C","ecc_leaf_a_q_reg[3]/D","other","FDCE=2;LUT4=2;LUT5=3"
586,1.443,5.000,3.554,1.085,2.469,0.695,5,"ecc_leaf_id_q_reg[0]/C","ecc_leaf_a_q_reg[4]/D","other","FDCE=2;LUT4=2;LUT5=3"
587,1.443,5.000,3.554,1.085,2.469,0.695,5,"ecc_leaf_id_q_reg[0]/C","ecc_leaf_a_q_reg[5]/D","other","FDCE=2;LUT4=2;LUT5=2;LUT6=1"
588,1.443,5.000,3.554,1.085,2.469,0.695,5,"ecc_leaf_id_q_reg[0]/C","ecc_leaf_a_q_reg[6]/D","other","FDCE=2;LUT4=2;LUT5=3"
589,1.443,5.000,3.554,1.085,2.469,0.695,5,"ecc_leaf_id_q_reg[0]/C","ecc_leaf_a_q_reg[7]/D","other","FDCE=2;LUT4=2;LUT5=2;LUT6=1"
590,1.443,5.000,3.554,1.085,2.469,0.695,5,"ecc_leaf_id_q_reg[0]/C","ecc_leaf_a_q_reg[8]/D","other","FDCE=2;LUT4=2;LUT5=3"
591,1.443,5.000,3.554,1.085,2.469,0.695,5,"ecc_leaf_id_q_reg[0]/C","ecc_leaf_a_q_reg[9]/D","other","FDCE=2;LUT4=2;LUT5=3"
592,1.443,5.000,3.554,1.085,2.469,0.695,5,"ecc_leaf_id_q_reg[0]/C","ecc_leaf_b_q_reg[0]/D","other","FDCE=2;LUT4=2;LUT5=2;LUT6=1"
593,1.443,5.000,3.554,1.085,2.469,0.695,5,"ecc_leaf_id_q_reg[0]/C","ecc_leaf_b_q_reg[10]/D","other","FDCE=2;LUT4=2;LUT5=3"
594,1.443,5.000,3.554,1.085,2.469,0.695,5,"ecc_leaf_id_q_reg[0]/C","ecc_leaf_b_q_reg[11]/D","other","FDCE=2;LUT4=2;LUT5=3"
595,1.443,5.000,3.554,1.085,2.469,0.695,5,"ecc_leaf_id_q_reg[0]/C","ecc_leaf_b_q_reg[12]/D","other","FDCE=2;LUT4=2;LUT5=2;LUT6=1"
596,1.443,5.000,3.554,1.085,2.469,0.695,5,"ecc_leaf_id_q_reg[0]/C","ecc_leaf_b_q_reg[13]/D","other","FDCE=2;LUT4=2;LUT5=2;LUT6=1"
597,1.443,5.000,3.554,1.085,2.469,0.695,5,"ecc_leaf_id_q_reg[0]/C","ecc_leaf_b_q_reg[14]/D","other","FDCE=2;LUT4=2;LUT5=2;LUT6=1"
598,1.443,5.000,3.554,1.085,2.469,0.695,5,"ecc_leaf_id_q_reg[0]/C","ecc_leaf_b_q_reg[15]/D","other","FDCE=2;LUT4=2;LUT5=3"
599,1.443,5.000,3.554,1.085,2.469,0.695,5,"ecc_leaf_id_q_reg[0]/C","ecc_leaf_b_q_reg[16]/D","other","FDCE=2;LUT4=2;LUT5=2;LUT6=1"
600,1.443,5.000,3.554,1.085,2.469,0.695,5,"ecc_leaf_id_q_reg[0]/C","ecc_leaf_b_q_reg[17]/D","other","FDCE=2;LUT4=2;LUT5=3"
601,1.443,5.000,3.554,1.085,2.469,0.695,5,"ecc_leaf_id_q_reg[0]/C","ecc_leaf_b_q_reg[18]/D","other","FDCE=2;LUT4=2;LUT5=2;LUT6=1"
602,1.443,5.000,3.554,1.085,2.469,0.695,5,"ecc_leaf_id_q_reg[0]/C","ecc_leaf_b_q_reg[19]/D","other","FDCE=2;LUT4=2;LUT5=2;LUT6=1"
603,1.443,5.000,3.554,1.085,2.469,0.695,5,"ecc_leaf_id_q_reg[0]/C","ecc_leaf_b_q_reg[1]/D","other","FDCE=2;LUT4=2;LUT5=3"
604,1.443,5.000,3.554,1.085,2.469,0.695,5,"ecc_leaf_id_q_reg[0]/C","ecc_leaf_b_q_reg[20]/D","other","FDCE=2;LUT4=3;LUT5=2"
605,1.443,5.000,3.554,1.085,2.469,0.695,5,"ecc_leaf_id_q_reg[0]/C","ecc_leaf_b_q_reg[21]/D","other","FDCE=2;LUT4=3;LUT5=2"
606,1.443,5.000,3.554,1.085,2.469,0.695,5,"ecc_leaf_id_q_reg[0]/C","ecc_leaf_b_q_reg[22]/D","other","FDCE=2;LUT4=2;LUT5=3"
607,1.443,5.000,3.554,1.085,2.469,0.695,5,"ecc_leaf_id_q_reg[0]/C","ecc_leaf_b_q_reg[23]/D","other","FDCE=2;LUT4=3;LUT5=2"
608,1.443,5.000,3.554,1.085,2.469,0.695,5,"ecc_leaf_id_q_reg[0]/C","ecc_leaf_b_q_reg[24]/D","other","FDCE=2;LUT4=2;LUT5=2;LUT6=1"
609,1.443,5.000,3.554,1.085,2.469,0.695,5,"ecc_leaf_id_q_reg[0]/C","ecc_leaf_b_q_reg[25]/D","other","FDCE=2;LUT4=3;LUT5=2"
610,1.443,5.000,3.554,1.085,2.469,0.695,5,"ecc_leaf_id_q_reg[0]/C","ecc_leaf_b_q_reg[26]/D","other","FDCE=2;LUT4=2;LUT5=3"
611,1.443,5.000,3.554,1.085,2.469,0.695,5,"ecc_leaf_id_q_reg[0]/C","ecc_leaf_b_q_reg[27]/D","other","FDCE=2;LUT4=2;LUT5=2;LUT6=1"
612,1.443,5.000,3.554,1.085,2.469,0.695,5,"ecc_leaf_id_q_reg[0]/C","ecc_leaf_b_q_reg[28]/D","other","FDCE=2;LUT4=3;LUT5=2"
613,1.443,5.000,3.554,1.085,2.469,0.695,5,"ecc_leaf_id_q_reg[0]/C","ecc_leaf_b_q_reg[29]/D","other","FDCE=2;LUT4=3;LUT5=2"
614,1.443,5.000,3.554,1.085,2.469,0.695,5,"ecc_leaf_id_q_reg[0]/C","ecc_leaf_b_q_reg[2]/D","other","FDCE=2;LUT4=2;LUT5=2;LUT6=1"
615,1.443,5.000,3.554,1.085,2.469,0.695,5,"ecc_leaf_id_q_reg[0]/C","ecc_leaf_b_q_reg[30]/D","other","FDCE=2;LUT4=2;LUT5=3"
616,1.443,5.000,3.554,1.085,2.469,0.695,5,"ecc_leaf_id_q_reg[0]/C","ecc_leaf_b_q_reg[31]/D","other","FDCE=2;LUT4=3;LUT5=2"
617,1.443,5.000,3.554,1.085,2.469,0.695,5,"ecc_leaf_id_q_reg[0]/C","ecc_leaf_b_q_reg[3]/D","other","FDCE=2;LUT4=2;LUT5=3"
618,1.443,5.000,3.554,1.085,2.469,0.695,5,"ecc_leaf_id_q_reg[0]/C","ecc_leaf_b_q_reg[4]/D","other","FDCE=2;LUT4=2;LUT5=3"
619,1.443,5.000,3.554,1.085,2.469,0.695,5,"ecc_leaf_id_q_reg[0]/C","ecc_leaf_b_q_reg[5]/D","other","FDCE=2;LUT4=2;LUT5=2;LUT6=1"
620,1.443,5.000,3.554,1.085,2.469,0.695,5,"ecc_leaf_id_q_reg[0]/C","ecc_leaf_b_q_reg[6]/D","other","FDCE=2;LUT4=2;LUT5=3"
621,1.443,5.000,3.554,1.085,2.469,0.695,5,"ecc_leaf_id_q_reg[0]/C","ecc_leaf_b_q_reg[7]/D","other","FDCE=2;LUT4=2;LUT5=2;LUT6=1"
622,1.443,5.000,3.554,1.085,2.469,0.695,5,"ecc_leaf_id_q_reg[0]/C","ecc_leaf_b_q_reg[8]/D","other","FDCE=2;LUT4=2;LUT5=3"
623,1.443,5.000,3.554,1.085,2.469,0.695,5,"ecc_leaf_id_q_reg[0]/C","ecc_leaf_b_q_reg[9]/D","other","FDCE=2;LUT4=2;LUT5=3"
624,1.448,5.000,3.549,1.085,2.464,0.694,5,"ecc_leaf_b_q_reg[14]/C","ecc_leaf_prod_q_reg[10]/D","other","FDCE=2;LUT6=5"
625,1.448,5.000,3.549,1.085,2.464,0.694,5,"ecc_leaf_b_q_reg[14]/C","ecc_leaf_prod_q_reg[18]/D","other","FDCE=2;LUT6=5"
626,1.448,5.000,3.549,1.085,2.464,0.694,5,"ecc_leaf_b_q_reg[14]/C","ecc_leaf_prod_q_reg[26]/D","other","FDCE=2;LUT6=5"
627,1.448,5.000,3.549,1.085,2.464,0.694,5,"ecc_leaf_b_q_reg[14]/C","ecc_leaf_prod_q_reg[2]/D","other","FDCE=2;LUT6=5"
628,1.448,5.000,3.549,1.085,2.464,0.694,5,"ecc_leaf_b_q_reg[14]/C","ecc_leaf_prod_q_reg[34]/D","other","FDCE=2;LUT6=5"
629,1.448,5.000,3.549,1.085,2.464,0.694,5,"ecc_leaf_b_q_reg[14]/C","ecc_leaf_prod_q_reg[42]/D","other","FDCE=2;LUT6=5"
630,1.448,5.000,3.549,1.085,2.464,0.694,5,"ecc_leaf_b_q_reg[14]/C","ecc_leaf_prod_q_reg[50]/D","other","FDCE=2;LUT6=5"
631,1.448,5.000,3.549,1.085,2.464,0.694,5,"ecc_leaf_b_q_reg[14]/C","ecc_leaf_prod_q_reg[58]/D","other","FDCE=2;LUT6=5"
632,1.453,5.000,3.573,1.687,1.886,0.528,5,"gen_lane[3].i_p2_pop_slice/popcount_part_q_o_reg[0][0]/C","group_dist_q_reg[2]/D","P2 popcount capture","CARRY4=2;FDCE=2;LUT3=2;LUT6=1"
633,1.487,5.000,3.510,0.980,2.530,0.721,4,"ecc_k_q_reg[1]/C","vrf_wd_q_reg[3][3]/D","VRF/read/writeback","FDCE=2;LUT6=3;RAMD32=1"
634,1.540,5.000,3.249,0.980,2.269,0.698,4,"uop_p0_q_reg[class_idx][1]/C","hmatch_budget_q_reg[0]/CE","TOP control","FDCE=2;LUT4=1;LUT6=3"
635,1.540,5.000,3.249,0.980,2.269,0.698,4,"uop_p0_q_reg[class_idx][1]/C","hmatch_budget_q_reg[10]/CE","TOP control","FDCE=2;LUT4=1;LUT6=3"
636,1.540,5.000,3.249,0.980,2.269,0.698,4,"uop_p0_q_reg[class_idx][1]/C","hmatch_budget_q_reg[11]_inv/CE","TOP control","FDCE=1;FDPE=1;LUT4=1;LUT6=3"
637,1.540,5.000,3.249,0.980,2.269,0.698,4,"uop_p0_q_reg[class_idx][1]/C","hmatch_budget_q_reg[1]/CE","TOP control","FDCE=2;LUT4=1;LUT6=3"
638,1.540,5.000,3.249,0.980,2.269,0.698,4,"uop_p0_q_reg[class_idx][1]/C","hmatch_budget_q_reg[2]/CE","TOP control","FDCE=2;LUT4=1;LUT6=3"
639,1.540,5.000,3.249,0.980,2.269,0.698,4,"uop_p0_q_reg[class_idx][1]/C","hmatch_budget_q_reg[3]/CE","TOP control","FDCE=2;LUT4=1;LUT6=3"
640,1.540,5.000,3.249,0.980,2.269,0.698,4,"uop_p0_q_reg[class_idx][1]/C","hmatch_budget_q_reg[4]/CE","TOP control","FDCE=2;LUT4=1;LUT6=3"
641,1.540,5.000,3.249,0.980,2.269,0.698,4,"uop_p0_q_reg[class_idx][1]/C","hmatch_budget_q_reg[5]/CE","TOP control","FDCE=2;LUT4=1;LUT6=3"
642,1.540,5.000,3.249,0.980,2.269,0.698,4,"uop_p0_q_reg[class_idx][1]/C","hmatch_budget_q_reg[6]/CE","TOP control","FDCE=2;LUT4=1;LUT6=3"
643,1.540,5.000,3.249,0.980,2.269,0.698,4,"uop_p0_q_reg[class_idx][1]/C","hmatch_budget_q_reg[7]/CE","TOP control","FDCE=2;LUT4=1;LUT6=3"
644,1.540,5.000,3.249,0.980,2.269,0.698,4,"uop_p0_q_reg[class_idx][1]/C","hmatch_budget_q_reg[8]/CE","TOP control","FDCE=2;LUT4=1;LUT6=3"
645,1.540,5.000,3.249,0.980,2.269,0.698,4,"uop_p0_q_reg[class_idx][1]/C","hmatch_budget_q_reg[9]/CE","TOP control","FDCE=2;LUT4=1;LUT6=3"
646,1.629,5.000,3.160,0.875,2.285,0.723,3,"st_q_reg[3]/C","hdc_src0_q_reg[0][0]/CE","TOP control","FDCE=2;LUT5=1;LUT6=2"
647,1.629,5.000,3.160,0.875,2.285,0.723,3,"st_q_reg[3]/C","hdc_src0_q_reg[0][10]/CE","TOP control","FDCE=2;LUT5=1;LUT6=2"
648,1.629,5.000,3.160,0.875,2.285,0.723,3,"st_q_reg[3]/C","hdc_src0_q_reg[0][11]/CE","TOP control","FDCE=2;LUT5=1;LUT6=2"
649,1.629,5.000,3.160,0.875,2.285,0.723,3,"st_q_reg[3]/C","hdc_src0_q_reg[0][12]/CE","TOP control","FDCE=2;LUT5=1;LUT6=2"
650,1.629,5.000,3.160,0.875,2.285,0.723,3,"st_q_reg[3]/C","hdc_src0_q_reg[0][13]/CE","TOP control","FDCE=2;LUT5=1;LUT6=2"
651,1.629,5.000,3.160,0.875,2.285,0.723,3,"st_q_reg[3]/C","hdc_src0_q_reg[0][14]/CE","TOP control","FDCE=2;LUT5=1;LUT6=2"
652,1.629,5.000,3.160,0.875,2.285,0.723,3,"st_q_reg[3]/C","hdc_src0_q_reg[0][15]/CE","TOP control","FDCE=2;LUT5=1;LUT6=2"
653,1.629,5.000,3.160,0.875,2.285,0.723,3,"st_q_reg[3]/C","hdc_src0_q_reg[0][16]/CE","TOP control","FDCE=2;LUT5=1;LUT6=2"
654,1.629,5.000,3.160,0.875,2.285,0.723,3,"st_q_reg[3]/C","hdc_src0_q_reg[0][17]/CE","TOP control","FDCE=2;LUT5=1;LUT6=2"
655,1.629,5.000,3.160,0.875,2.285,0.723,3,"st_q_reg[3]/C","hdc_src0_q_reg[0][18]/CE","TOP control","FDCE=2;LUT5=1;LUT6=2"
656,1.629,5.000,3.160,0.875,2.285,0.723,3,"st_q_reg[3]/C","hdc_src0_q_reg[0][19]/CE","TOP control","FDCE=2;LUT5=1;LUT6=2"
657,1.629,5.000,3.160,0.875,2.285,0.723,3,"st_q_reg[3]/C","hdc_src0_q_reg[0][1]/CE","TOP control","FDCE=2;LUT5=1;LUT6=2"
658,1.629,5.000,3.160,0.875,2.285,0.723,3,"st_q_reg[3]/C","hdc_src0_q_reg[0][20]/CE","TOP control","FDCE=2;LUT5=1;LUT6=2"
659,1.629,5.000,3.160,0.875,2.285,0.723,3,"st_q_reg[3]/C","hdc_src0_q_reg[0][21]/CE","TOP control","FDCE=2;LUT5=1;LUT6=2"
660,1.629,5.000,3.160,0.875,2.285,0.723,3,"st_q_reg[3]/C","hdc_src0_q_reg[0][22]/CE","TOP control","FDCE=2;LUT5=1;LUT6=2"
661,1.629,5.000,3.160,0.875,2.285,0.723,3,"st_q_reg[3]/C","hdc_src0_q_reg[0][23]/CE","TOP control","FDCE=2;LUT5=1;LUT6=2"
662,1.629,5.000,3.160,0.875,2.285,0.723,3,"st_q_reg[3]/C","hdc_src0_q_reg[0][24]/CE","TOP control","FDCE=2;LUT5=1;LUT6=2"
663,1.629,5.000,3.160,0.875,2.285,0.723,3,"st_q_reg[3]/C","hdc_src0_q_reg[0][25]/CE","TOP control","FDCE=2;LUT5=1;LUT6=2"
664,1.629,5.000,3.160,0.875,2.285,0.723,3,"st_q_reg[3]/C","hdc_src0_q_reg[0][26]/CE","TOP control","FDCE=2;LUT5=1;LUT6=2"
665,1.629,5.000,3.160,0.875,2.285,0.723,3,"st_q_reg[3]/C","hdc_src0_q_reg[0][27]/CE","TOP control","FDCE=2;LUT5=1;LUT6=2"
666,1.629,5.000,3.160,0.875,2.285,0.723,3,"st_q_reg[3]/C","hdc_src0_q_reg[0][28]/CE","TOP control","FDCE=2;LUT5=1;LUT6=2"
667,1.629,5.000,3.160,0.875,2.285,0.723,3,"st_q_reg[3]/C","hdc_src0_q_reg[0][29]/CE","TOP control","FDCE=2;LUT5=1;LUT6=2"
668,1.629,5.000,3.160,0.875,2.285,0.723,3,"st_q_reg[3]/C","hdc_src0_q_reg[0][2]/CE","TOP control","FDCE=2;LUT5=1;LUT6=2"
669,1.629,5.000,3.160,0.875,2.285,0.723,3,"st_q_reg[3]/C","hdc_src0_q_reg[0][30]/CE","TOP control","FDCE=2;LUT5=1;LUT6=2"
670,1.629,5.000,3.160,0.875,2.285,0.723,3,"st_q_reg[3]/C","hdc_src0_q_reg[0][31]/CE","TOP control","FDCE=2;LUT5=1;LUT6=2"
671,1.629,5.000,3.160,0.875,2.285,0.723,3,"st_q_reg[3]/C","hdc_src0_q_reg[0][32]/CE","TOP control","FDCE=2;LUT5=1;LUT6=2"
672,1.629,5.000,3.160,0.875,2.285,0.723,3,"st_q_reg[3]/C","hdc_src0_q_reg[0][33]/CE","TOP control","FDCE=2;LUT5=1;LUT6=2"
673,1.629,5.000,3.160,0.875,2.285,0.723,3,"st_q_reg[3]/C","hdc_src0_q_reg[0][34]/CE","TOP control","FDCE=2;LUT5=1;LUT6=2"
674,1.629,5.000,3.160,0.875,2.285,0.723,3,"st_q_reg[3]/C","hdc_src0_q_reg[0][35]/CE","TOP control","FDCE=2;LUT5=1;LUT6=2"
675,1.629,5.000,3.160,0.875,2.285,0.723,3,"st_q_reg[3]/C","hdc_src0_q_reg[0][36]/CE","TOP control","FDCE=2;LUT5=1;LUT6=2"
676,1.629,5.000,3.160,0.875,2.285,0.723,3,"st_q_reg[3]/C","hdc_src0_q_reg[0][37]/CE","TOP control","FDCE=2;LUT5=1;LUT6=2"
677,1.629,5.000,3.160,0.875,2.285,0.723,3,"st_q_reg[3]/C","hdc_src0_q_reg[0][38]/CE","TOP control","FDCE=2;LUT5=1;LUT6=2"
678,1.629,5.000,3.160,0.875,2.285,0.723,3,"st_q_reg[3]/C","hdc_src0_q_reg[0][39]/CE","TOP control","FDCE=2;LUT5=1;LUT6=2"
679,1.629,5.000,3.160,0.875,2.285,0.723,3,"st_q_reg[3]/C","hdc_src0_q_reg[0][3]/CE","TOP control","FDCE=2;LUT5=1;LUT6=2"
680,1.629,5.000,3.160,0.875,2.285,0.723,3,"st_q_reg[3]/C","hdc_src0_q_reg[0][40]/CE","TOP control","FDCE=2;LUT5=1;LUT6=2"
681,1.629,5.000,3.160,0.875,2.285,0.723,3,"st_q_reg[3]/C","hdc_src0_q_reg[0][41]/CE","TOP control","FDCE=2;LUT5=1;LUT6=2"
682,1.629,5.000,3.160,0.875,2.285,0.723,3,"st_q_reg[3]/C","hdc_src0_q_reg[0][42]/CE","TOP control","FDCE=2;LUT5=1;LUT6=2"
683,1.629,5.000,3.160,0.875,2.285,0.723,3,"st_q_reg[3]/C","hdc_src0_q_reg[0][43]/CE","TOP control","FDCE=2;LUT5=1;LUT6=2"
684,1.629,5.000,3.160,0.875,2.285,0.723,3,"st_q_reg[3]/C","hdc_src0_q_reg[0][44]/CE","TOP control","FDCE=2;LUT5=1;LUT6=2"
685,1.629,5.000,3.160,0.875,2.285,0.723,3,"st_q_reg[3]/C","hdc_src0_q_reg[0][45]/CE","TOP control","FDCE=2;LUT5=1;LUT6=2"
686,1.629,5.000,3.160,0.875,2.285,0.723,3,"st_q_reg[3]/C","hdc_src0_q_reg[0][46]/CE","TOP control","FDCE=2;LUT5=1;LUT6=2"
687,1.629,5.000,3.160,0.875,2.285,0.723,3,"st_q_reg[3]/C","hdc_src0_q_reg[0][47]/CE","TOP control","FDCE=2;LUT5=1;LUT6=2"
688,1.629,5.000,3.160,0.875,2.285,0.723,3,"st_q_reg[3]/C","hdc_src0_q_reg[0][48]/CE","TOP control","FDCE=2;LUT5=2;LUT6=1"
689,1.629,5.000,3.160,0.875,2.285,0.723,3,"st_q_reg[3]/C","hdc_src0_q_reg[0][49]/CE","TOP control","FDCE=2;LUT5=2;LUT6=1"
690,1.629,5.000,3.160,0.875,2.285,0.723,3,"st_q_reg[3]/C","hdc_src0_q_reg[0][4]/CE","TOP control","FDCE=2;LUT5=1;LUT6=2"
691,1.629,5.000,3.160,0.875,2.285,0.723,3,"st_q_reg[3]/C","hdc_src0_q_reg[0][50]/CE","TOP control","FDCE=2;LUT5=2;LUT6=1"
692,1.629,5.000,3.160,0.875,2.285,0.723,3,"st_q_reg[3]/C","hdc_src0_q_reg[0][51]/CE","TOP control","FDCE=2;LUT5=2;LUT6=1"
693,1.629,5.000,3.160,0.875,2.285,0.723,3,"st_q_reg[3]/C","hdc_src0_q_reg[0][52]/CE","TOP control","FDCE=2;LUT5=2;LUT6=1"
694,1.629,5.000,3.160,0.875,2.285,0.723,3,"st_q_reg[3]/C","hdc_src0_q_reg[0][53]/CE","TOP control","FDCE=2;LUT5=2;LUT6=1"
695,1.629,5.000,3.160,0.875,2.285,0.723,3,"st_q_reg[3]/C","hdc_src0_q_reg[0][54]/CE","TOP control","FDCE=2;LUT5=2;LUT6=1"
696,1.629,5.000,3.160,0.875,2.285,0.723,3,"st_q_reg[3]/C","hdc_src0_q_reg[0][55]/CE","TOP control","FDCE=2;LUT5=2;LUT6=1"
697,1.629,5.000,3.160,0.875,2.285,0.723,3,"st_q_reg[3]/C","hdc_src0_q_reg[0][56]/CE","TOP control","FDCE=2;LUT5=2;LUT6=1"
698,1.629,5.000,3.160,0.875,2.285,0.723,3,"st_q_reg[3]/C","hdc_src0_q_reg[0][57]/CE","TOP control","FDCE=2;LUT5=2;LUT6=1"
699,1.629,5.000,3.160,0.875,2.285,0.723,3,"st_q_reg[3]/C","hdc_src0_q_reg[0][58]/CE","TOP control","FDCE=2;LUT5=2;LUT6=1"
700,1.629,5.000,3.160,0.875,2.285,0.723,3,"st_q_reg[3]/C","hdc_src0_q_reg[0][59]/CE","TOP control","FDCE=2;LUT5=2;LUT6=1"
701,1.629,5.000,3.160,0.875,2.285,0.723,3,"st_q_reg[3]/C","hdc_src0_q_reg[0][5]/CE","TOP control","FDCE=2;LUT5=1;LUT6=2"
702,1.629,5.000,3.160,0.875,2.285,0.723,3,"st_q_reg[3]/C","hdc_src0_q_reg[0][60]/CE","TOP control","FDCE=2;LUT5=2;LUT6=1"
703,1.629,5.000,3.160,0.875,2.285,0.723,3,"st_q_reg[3]/C","hdc_src0_q_reg[0][61]/CE","TOP control","FDCE=2;LUT5=2;LUT6=1"
704,1.629,5.000,3.160,0.875,2.285,0.723,3,"st_q_reg[3]/C","hdc_src0_q_reg[0][62]/CE","TOP control","FDCE=2;LUT5=2;LUT6=1"
705,1.629,5.000,3.160,0.875,2.285,0.723,3,"st_q_reg[3]/C","hdc_src0_q_reg[0][63]/CE","TOP control","FDCE=2;LUT5=2;LUT6=1"
706,1.629,5.000,3.160,0.875,2.285,0.723,3,"st_q_reg[3]/C","hdc_src0_q_reg[0][6]/CE","TOP control","FDCE=2;LUT5=1;LUT6=2"
707,1.629,5.000,3.160,0.875,2.285,0.723,3,"st_q_reg[3]/C","hdc_src0_q_reg[0][7]/CE","TOP control","FDCE=2;LUT5=1;LUT6=2"
708,1.629,5.000,3.160,0.875,2.285,0.723,3,"st_q_reg[3]/C","hdc_src0_q_reg[0][8]/CE","TOP control","FDCE=2;LUT5=1;LUT6=2"
709,1.629,5.000,3.160,0.875,2.285,0.723,3,"st_q_reg[3]/C","hdc_src0_q_reg[0][9]/CE","TOP control","FDCE=2;LUT5=1;LUT6=2"
710,1.629,5.000,3.160,0.875,2.285,0.723,3,"st_q_reg[3]/C","hdc_src0_q_reg[1][0]/CE","TOP control","FDCE=2;LUT5=1;LUT6=2"
711,1.629,5.000,3.160,0.875,2.285,0.723,3,"st_q_reg[3]/C","hdc_src0_q_reg[1][10]/CE","TOP control","FDCE=2;LUT5=1;LUT6=2"
712,1.629,5.000,3.160,0.875,2.285,0.723,3,"st_q_reg[3]/C","hdc_src0_q_reg[1][11]/CE","TOP control","FDCE=2;LUT5=1;LUT6=2"
713,1.629,5.000,3.160,0.875,2.285,0.723,3,"st_q_reg[3]/C","hdc_src0_q_reg[1][12]/CE","TOP control","FDCE=2;LUT5=1;LUT6=2"
714,1.629,5.000,3.160,0.875,2.285,0.723,3,"st_q_reg[3]/C","hdc_src0_q_reg[1][13]/CE","TOP control","FDCE=2;LUT5=1;LUT6=2"
715,1.629,5.000,3.160,0.875,2.285,0.723,3,"st_q_reg[3]/C","hdc_src0_q_reg[1][14]/CE","TOP control","FDCE=2;LUT5=1;LUT6=2"
716,1.629,5.000,3.160,0.875,2.285,0.723,3,"st_q_reg[3]/C","hdc_src0_q_reg[1][15]/CE","TOP control","FDCE=2;LUT5=1;LUT6=2"
717,1.629,5.000,3.160,0.875,2.285,0.723,3,"st_q_reg[3]/C","hdc_src0_q_reg[1][16]/CE","TOP control","FDCE=2;LUT5=1;LUT6=2"
718,1.629,5.000,3.160,0.875,2.285,0.723,3,"st_q_reg[3]/C","hdc_src0_q_reg[1][17]/CE","TOP control","FDCE=2;LUT5=1;LUT6=2"
719,1.629,5.000,3.160,0.875,2.285,0.723,3,"st_q_reg[3]/C","hdc_src0_q_reg[1][18]/CE","TOP control","FDCE=2;LUT5=1;LUT6=2"
720,1.629,5.000,3.160,0.875,2.285,0.723,3,"st_q_reg[3]/C","hdc_src0_q_reg[1][19]/CE","TOP control","FDCE=2;LUT5=1;LUT6=2"
721,1.629,5.000,3.160,0.875,2.285,0.723,3,"st_q_reg[3]/C","hdc_src0_q_reg[1][1]/CE","TOP control","FDCE=2;LUT5=1;LUT6=2"
722,1.629,5.000,3.160,0.875,2.285,0.723,3,"st_q_reg[3]/C","hdc_src0_q_reg[1][20]/CE","TOP control","FDCE=2;LUT5=1;LUT6=2"
723,1.629,5.000,3.160,0.875,2.285,0.723,3,"st_q_reg[3]/C","hdc_src0_q_reg[1][21]/CE","TOP control","FDCE=2;LUT5=1;LUT6=2"
724,1.629,5.000,3.160,0.875,2.285,0.723,3,"st_q_reg[3]/C","hdc_src0_q_reg[1][22]/CE","TOP control","FDCE=2;LUT5=1;LUT6=2"
725,1.629,5.000,3.160,0.875,2.285,0.723,3,"st_q_reg[3]/C","hdc_src0_q_reg[1][23]/CE","TOP control","FDCE=2;LUT5=1;LUT6=2"
726,1.629,5.000,3.160,0.875,2.285,0.723,3,"st_q_reg[3]/C","hdc_src0_q_reg[1][24]/CE","TOP control","FDCE=2;LUT5=1;LUT6=2"
727,1.629,5.000,3.160,0.875,2.285,0.723,3,"st_q_reg[3]/C","hdc_src0_q_reg[1][25]/CE","TOP control","FDCE=2;LUT5=1;LUT6=2"
728,1.629,5.000,3.160,0.875,2.285,0.723,3,"st_q_reg[3]/C","hdc_src0_q_reg[1][26]/CE","TOP control","FDCE=2;LUT5=1;LUT6=2"
729,1.629,5.000,3.160,0.875,2.285,0.723,3,"st_q_reg[3]/C","hdc_src0_q_reg[1][27]/CE","TOP control","FDCE=2;LUT5=1;LUT6=2"
730,1.629,5.000,3.160,0.875,2.285,0.723,3,"st_q_reg[3]/C","hdc_src0_q_reg[1][28]/CE","TOP control","FDCE=2;LUT5=1;LUT6=2"
731,1.629,5.000,3.160,0.875,2.285,0.723,3,"st_q_reg[3]/C","hdc_src0_q_reg[1][29]/CE","TOP control","FDCE=2;LUT5=1;LUT6=2"
732,1.629,5.000,3.160,0.875,2.285,0.723,3,"st_q_reg[3]/C","hdc_src0_q_reg[1][2]/CE","TOP control","FDCE=2;LUT5=1;LUT6=2"
733,1.629,5.000,3.160,0.875,2.285,0.723,3,"st_q_reg[3]/C","hdc_src0_q_reg[1][30]/CE","TOP control","FDCE=2;LUT5=1;LUT6=2"
734,1.629,5.000,3.160,0.875,2.285,0.723,3,"st_q_reg[3]/C","hdc_src0_q_reg[1][31]/CE","TOP control","FDCE=2;LUT5=1;LUT6=2"
735,1.629,5.000,3.160,0.875,2.285,0.723,3,"st_q_reg[3]/C","hdc_src0_q_reg[1][32]/CE","TOP control","FDCE=2;LUT5=1;LUT6=2"
736,1.629,5.000,3.160,0.875,2.285,0.723,3,"st_q_reg[3]/C","hdc_src0_q_reg[1][33]/CE","TOP control","FDCE=2;LUT5=1;LUT6=2"
737,1.629,5.000,3.160,0.875,2.285,0.723,3,"st_q_reg[3]/C","hdc_src0_q_reg[1][34]/CE","TOP control","FDCE=2;LUT5=1;LUT6=2"
738,1.629,5.000,3.160,0.875,2.285,0.723,3,"st_q_reg[3]/C","hdc_src0_q_reg[1][35]/CE","TOP control","FDCE=2;LUT5=1;LUT6=2"
739,1.629,5.000,3.160,0.875,2.285,0.723,3,"st_q_reg[3]/C","hdc_src0_q_reg[1][36]/CE","TOP control","FDCE=2;LUT5=1;LUT6=2"
740,1.629,5.000,3.160,0.875,2.285,0.723,3,"st_q_reg[3]/C","hdc_src0_q_reg[1][37]/CE","TOP control","FDCE=2;LUT5=1;LUT6=2"
741,1.629,5.000,3.160,0.875,2.285,0.723,3,"st_q_reg[3]/C","hdc_src0_q_reg[1][38]/CE","TOP control","FDCE=2;LUT5=1;LUT6=2"
742,1.629,5.000,3.160,0.875,2.285,0.723,3,"st_q_reg[3]/C","hdc_src0_q_reg[1][39]/CE","TOP control","FDCE=2;LUT5=1;LUT6=2"
743,1.629,5.000,3.160,0.875,2.285,0.723,3,"st_q_reg[3]/C","hdc_src0_q_reg[1][3]/CE","TOP control","FDCE=2;LUT5=1;LUT6=2"
744,1.629,5.000,3.160,0.875,2.285,0.723,3,"st_q_reg[3]/C","hdc_src0_q_reg[1][40]/CE","TOP control","FDCE=2;LUT5=1;LUT6=2"
745,1.629,5.000,3.160,0.875,2.285,0.723,3,"st_q_reg[3]/C","hdc_src0_q_reg[1][41]/CE","TOP control","FDCE=2;LUT5=1;LUT6=2"
746,1.629,5.000,3.160,0.875,2.285,0.723,3,"st_q_reg[3]/C","hdc_src0_q_reg[1][42]/CE","TOP control","FDCE=2;LUT5=1;LUT6=2"
747,1.629,5.000,3.160,0.875,2.285,0.723,3,"st_q_reg[3]/C","hdc_src0_q_reg[1][43]/CE","TOP control","FDCE=2;LUT5=1;LUT6=2"
748,1.629,5.000,3.160,0.875,2.285,0.723,3,"st_q_reg[3]/C","hdc_src0_q_reg[1][44]/CE","TOP control","FDCE=2;LUT5=1;LUT6=2"
749,1.629,5.000,3.160,0.875,2.285,0.723,3,"st_q_reg[3]/C","hdc_src0_q_reg[1][45]/CE","TOP control","FDCE=2;LUT5=1;LUT6=2"
750,1.629,5.000,3.160,0.875,2.285,0.723,3,"st_q_reg[3]/C","hdc_src0_q_reg[1][46]/CE","TOP control","FDCE=2;LUT5=1;LUT6=2"
751,1.629,5.000,3.160,0.875,2.285,0.723,3,"st_q_reg[3]/C","hdc_src0_q_reg[1][47]/CE","TOP control","FDCE=2;LUT5=1;LUT6=2"
752,1.629,5.000,3.160,0.875,2.285,0.723,3,"st_q_reg[3]/C","hdc_src0_q_reg[1][48]/CE","TOP control","FDCE=2;LUT5=2;LUT6=1"
753,1.629,5.000,3.160,0.875,2.285,0.723,3,"st_q_reg[3]/C","hdc_src0_q_reg[1][49]/CE","TOP control","FDCE=2;LUT5=2;LUT6=1"
754,1.629,5.000,3.160,0.875,2.285,0.723,3,"st_q_reg[3]/C","hdc_src0_q_reg[1][4]/CE","TOP control","FDCE=2;LUT5=1;LUT6=2"
755,1.629,5.000,3.160,0.875,2.285,0.723,3,"st_q_reg[3]/C","hdc_src0_q_reg[1][50]/CE","TOP control","FDCE=2;LUT5=2;LUT6=1"
756,1.629,5.000,3.160,0.875,2.285,0.723,3,"st_q_reg[3]/C","hdc_src0_q_reg[1][51]/CE","TOP control","FDCE=2;LUT5=2;LUT6=1"
757,1.629,5.000,3.160,0.875,2.285,0.723,3,"st_q_reg[3]/C","hdc_src0_q_reg[1][52]/CE","TOP control","FDCE=2;LUT5=2;LUT6=1"
758,1.629,5.000,3.160,0.875,2.285,0.723,3,"st_q_reg[3]/C","hdc_src0_q_reg[1][53]/CE","TOP control","FDCE=2;LUT5=2;LUT6=1"
759,1.629,5.000,3.160,0.875,2.285,0.723,3,"st_q_reg[3]/C","hdc_src0_q_reg[1][54]/CE","TOP control","FDCE=2;LUT5=2;LUT6=1"
760,1.629,5.000,3.160,0.875,2.285,0.723,3,"st_q_reg[3]/C","hdc_src0_q_reg[1][55]/CE","TOP control","FDCE=2;LUT5=2;LUT6=1"
761,1.629,5.000,3.160,0.875,2.285,0.723,3,"st_q_reg[3]/C","hdc_src0_q_reg[1][56]/CE","TOP control","FDCE=2;LUT5=2;LUT6=1"
762,1.629,5.000,3.160,0.875,2.285,0.723,3,"st_q_reg[3]/C","hdc_src0_q_reg[1][57]/CE","TOP control","FDCE=2;LUT5=2;LUT6=1"
763,1.629,5.000,3.160,0.875,2.285,0.723,3,"st_q_reg[3]/C","hdc_src0_q_reg[1][58]/CE","TOP control","FDCE=2;LUT5=2;LUT6=1"
764,1.629,5.000,3.160,0.875,2.285,0.723,3,"st_q_reg[3]/C","hdc_src0_q_reg[1][59]/CE","TOP control","FDCE=2;LUT5=2;LUT6=1"
765,1.629,5.000,3.160,0.875,2.285,0.723,3,"st_q_reg[3]/C","hdc_src0_q_reg[1][5]/CE","TOP control","FDCE=2;LUT5=1;LUT6=2"
766,1.629,5.000,3.160,0.875,2.285,0.723,3,"st_q_reg[3]/C","hdc_src0_q_reg[1][60]/CE","TOP control","FDCE=2;LUT5=2;LUT6=1"
767,1.629,5.000,3.160,0.875,2.285,0.723,3,"st_q_reg[3]/C","hdc_src0_q_reg[1][61]/CE","TOP control","FDCE=2;LUT5=2;LUT6=1"
768,1.629,5.000,3.160,0.875,2.285,0.723,3,"st_q_reg[3]/C","hdc_src0_q_reg[1][62]/CE","TOP control","FDCE=2;LUT5=2;LUT6=1"
769,1.629,5.000,3.160,0.875,2.285,0.723,3,"st_q_reg[3]/C","hdc_src0_q_reg[1][63]/CE","TOP control","FDCE=2;LUT5=2;LUT6=1"
770,1.629,5.000,3.160,0.875,2.285,0.723,3,"st_q_reg[3]/C","hdc_src0_q_reg[1][6]/CE","TOP control","FDCE=2;LUT5=1;LUT6=2"
771,1.629,5.000,3.160,0.875,2.285,0.723,3,"st_q_reg[3]/C","hdc_src0_q_reg[1][7]/CE","TOP control","FDCE=2;LUT5=1;LUT6=2"
772,1.629,5.000,3.160,0.875,2.285,0.723,3,"st_q_reg[3]/C","hdc_src0_q_reg[1][8]/CE","TOP control","FDCE=2;LUT5=1;LUT6=2"
773,1.629,5.000,3.160,0.875,2.285,0.723,3,"st_q_reg[3]/C","hdc_src0_q_reg[1][9]/CE","TOP control","FDCE=2;LUT5=1;LUT6=2"
774,1.629,5.000,3.160,0.875,2.285,0.723,3,"st_q_reg[3]/C","hdc_src0_q_reg[2][0]/CE","TOP control","FDCE=2;LUT5=1;LUT6=2"
775,1.629,5.000,3.160,0.875,2.285,0.723,3,"st_q_reg[3]/C","hdc_src0_q_reg[2][10]/CE","TOP control","FDCE=2;LUT5=1;LUT6=2"
776,1.629,5.000,3.160,0.875,2.285,0.723,3,"st_q_reg[3]/C","hdc_src0_q_reg[2][11]/CE","TOP control","FDCE=2;LUT5=1;LUT6=2"
777,1.629,5.000,3.160,0.875,2.285,0.723,3,"st_q_reg[3]/C","hdc_src0_q_reg[2][12]/CE","TOP control","FDCE=2;LUT5=1;LUT6=2"
778,1.629,5.000,3.160,0.875,2.285,0.723,3,"st_q_reg[3]/C","hdc_src0_q_reg[2][13]/CE","TOP control","FDCE=2;LUT5=1;LUT6=2"
779,1.629,5.000,3.160,0.875,2.285,0.723,3,"st_q_reg[3]/C","hdc_src0_q_reg[2][14]/CE","TOP control","FDCE=2;LUT5=1;LUT6=2"
780,1.629,5.000,3.160,0.875,2.285,0.723,3,"st_q_reg[3]/C","hdc_src0_q_reg[2][15]/CE","TOP control","FDCE=2;LUT5=1;LUT6=2"
781,1.629,5.000,3.160,0.875,2.285,0.723,3,"st_q_reg[3]/C","hdc_src0_q_reg[2][16]/CE","TOP control","FDCE=2;LUT5=1;LUT6=2"
782,1.629,5.000,3.160,0.875,2.285,0.723,3,"st_q_reg[3]/C","hdc_src0_q_reg[2][17]/CE","TOP control","FDCE=2;LUT5=1;LUT6=2"
783,1.629,5.000,3.160,0.875,2.285,0.723,3,"st_q_reg[3]/C","hdc_src0_q_reg[2][18]/CE","TOP control","FDCE=2;LUT5=1;LUT6=2"
784,1.629,5.000,3.160,0.875,2.285,0.723,3,"st_q_reg[3]/C","hdc_src0_q_reg[2][19]/CE","TOP control","FDCE=2;LUT5=1;LUT6=2"
785,1.629,5.000,3.160,0.875,2.285,0.723,3,"st_q_reg[3]/C","hdc_src0_q_reg[2][1]/CE","TOP control","FDCE=2;LUT5=1;LUT6=2"
786,1.629,5.000,3.160,0.875,2.285,0.723,3,"st_q_reg[3]/C","hdc_src0_q_reg[2][20]/CE","TOP control","FDCE=2;LUT5=1;LUT6=2"
787,1.629,5.000,3.160,0.875,2.285,0.723,3,"st_q_reg[3]/C","hdc_src0_q_reg[2][21]/CE","TOP control","FDCE=2;LUT5=1;LUT6=2"
788,1.629,5.000,3.160,0.875,2.285,0.723,3,"st_q_reg[3]/C","hdc_src0_q_reg[2][22]/CE","TOP control","FDCE=2;LUT5=1;LUT6=2"
789,1.629,5.000,3.160,0.875,2.285,0.723,3,"st_q_reg[3]/C","hdc_src0_q_reg[2][23]/CE","TOP control","FDCE=2;LUT5=1;LUT6=2"
790,1.629,5.000,3.160,0.875,2.285,0.723,3,"st_q_reg[3]/C","hdc_src0_q_reg[2][24]/CE","TOP control","FDCE=2;LUT5=1;LUT6=2"
791,1.629,5.000,3.160,0.875,2.285,0.723,3,"st_q_reg[3]/C","hdc_src0_q_reg[2][25]/CE","TOP control","FDCE=2;LUT5=1;LUT6=2"
792,1.629,5.000,3.160,0.875,2.285,0.723,3,"st_q_reg[3]/C","hdc_src0_q_reg[2][26]/CE","TOP control","FDCE=2;LUT5=1;LUT6=2"
793,1.629,5.000,3.160,0.875,2.285,0.723,3,"st_q_reg[3]/C","hdc_src0_q_reg[2][27]/CE","TOP control","FDCE=2;LUT5=1;LUT6=2"
794,1.629,5.000,3.160,0.875,2.285,0.723,3,"st_q_reg[3]/C","hdc_src0_q_reg[2][28]/CE","TOP control","FDCE=2;LUT5=1;LUT6=2"
795,1.629,5.000,3.160,0.875,2.285,0.723,3,"st_q_reg[3]/C","hdc_src0_q_reg[2][29]/CE","TOP control","FDCE=2;LUT5=1;LUT6=2"
796,1.629,5.000,3.160,0.875,2.285,0.723,3,"st_q_reg[3]/C","hdc_src0_q_reg[2][2]/CE","TOP control","FDCE=2;LUT5=1;LUT6=2"
797,1.629,5.000,3.160,0.875,2.285,0.723,3,"st_q_reg[3]/C","hdc_src0_q_reg[2][30]/CE","TOP control","FDCE=2;LUT5=1;LUT6=2"
798,1.629,5.000,3.160,0.875,2.285,0.723,3,"st_q_reg[3]/C","hdc_src0_q_reg[2][31]/CE","TOP control","FDCE=2;LUT5=1;LUT6=2"
799,1.629,5.000,3.160,0.875,2.285,0.723,3,"st_q_reg[3]/C","hdc_src0_q_reg[2][32]/CE","TOP control","FDCE=2;LUT5=1;LUT6=2"
800,1.629,5.000,3.160,0.875,2.285,0.723,3,"st_q_reg[3]/C","hdc_src0_q_reg[2][33]/CE","TOP control","FDCE=2;LUT5=1;LUT6=2"
801,1.629,5.000,3.160,0.875,2.285,0.723,3,"st_q_reg[3]/C","hdc_src0_q_reg[2][34]/CE","TOP control","FDCE=2;LUT5=1;LUT6=2"
802,1.629,5.000,3.160,0.875,2.285,0.723,3,"st_q_reg[3]/C","hdc_src0_q_reg[2][35]/CE","TOP control","FDCE=2;LUT5=1;LUT6=2"
803,1.629,5.000,3.160,0.875,2.285,0.723,3,"st_q_reg[3]/C","hdc_src0_q_reg[2][36]/CE","TOP control","FDCE=2;LUT5=1;LUT6=2"
804,1.629,5.000,3.160,0.875,2.285,0.723,3,"st_q_reg[3]/C","hdc_src0_q_reg[2][37]/CE","TOP control","FDCE=2;LUT5=1;LUT6=2"
805,1.629,5.000,3.160,0.875,2.285,0.723,3,"st_q_reg[3]/C","hdc_src0_q_reg[2][38]/CE","TOP control","FDCE=2;LUT5=1;LUT6=2"
806,1.629,5.000,3.160,0.875,2.285,0.723,3,"st_q_reg[3]/C","hdc_src0_q_reg[2][39]/CE","TOP control","FDCE=2;LUT5=1;LUT6=2"
807,1.629,5.000,3.160,0.875,2.285,0.723,3,"st_q_reg[3]/C","hdc_src0_q_reg[2][3]/CE","TOP control","FDCE=2;LUT5=1;LUT6=2"
808,1.629,5.000,3.160,0.875,2.285,0.723,3,"st_q_reg[3]/C","hdc_src0_q_reg[2][40]/CE","TOP control","FDCE=2;LUT5=1;LUT6=2"
809,1.629,5.000,3.160,0.875,2.285,0.723,3,"st_q_reg[3]/C","hdc_src0_q_reg[2][41]/CE","TOP control","FDCE=2;LUT5=1;LUT6=2"
810,1.629,5.000,3.160,0.875,2.285,0.723,3,"st_q_reg[3]/C","hdc_src0_q_reg[2][42]/CE","TOP control","FDCE=2;LUT5=1;LUT6=2"
811,1.629,5.000,3.160,0.875,2.285,0.723,3,"st_q_reg[3]/C","hdc_src0_q_reg[2][43]/CE","TOP control","FDCE=2;LUT5=1;LUT6=2"
812,1.629,5.000,3.160,0.875,2.285,0.723,3,"st_q_reg[3]/C","hdc_src0_q_reg[2][44]/CE","TOP control","FDCE=2;LUT5=1;LUT6=2"
813,1.629,5.000,3.160,0.875,2.285,0.723,3,"st_q_reg[3]/C","hdc_src0_q_reg[2][45]/CE","TOP control","FDCE=2;LUT5=1;LUT6=2"
814,1.629,5.000,3.160,0.875,2.285,0.723,3,"st_q_reg[3]/C","hdc_src0_q_reg[2][46]/CE","TOP control","FDCE=2;LUT5=1;LUT6=2"
815,1.629,5.000,3.160,0.875,2.285,0.723,3,"st_q_reg[3]/C","hdc_src0_q_reg[2][47]/CE","TOP control","FDCE=2;LUT5=1;LUT6=2"
816,1.629,5.000,3.160,0.875,2.285,0.723,3,"st_q_reg[3]/C","hdc_src0_q_reg[2][48]/CE","TOP control","FDCE=2;LUT5=2;LUT6=1"
817,1.629,5.000,3.160,0.875,2.285,0.723,3,"st_q_reg[3]/C","hdc_src0_q_reg[2][49]/CE","TOP control","FDCE=2;LUT5=2;LUT6=1"
818,1.629,5.000,3.160,0.875,2.285,0.723,3,"st_q_reg[3]/C","hdc_src0_q_reg[2][4]/CE","TOP control","FDCE=2;LUT5=1;LUT6=2"
819,1.629,5.000,3.160,0.875,2.285,0.723,3,"st_q_reg[3]/C","hdc_src0_q_reg[2][50]/CE","TOP control","FDCE=2;LUT5=2;LUT6=1"
820,1.629,5.000,3.160,0.875,2.285,0.723,3,"st_q_reg[3]/C","hdc_src0_q_reg[2][51]/CE","TOP control","FDCE=2;LUT5=2;LUT6=1"
821,1.629,5.000,3.160,0.875,2.285,0.723,3,"st_q_reg[3]/C","hdc_src0_q_reg[2][52]/CE","TOP control","FDCE=2;LUT5=2;LUT6=1"
822,1.629,5.000,3.160,0.875,2.285,0.723,3,"st_q_reg[3]/C","hdc_src0_q_reg[2][53]/CE","TOP control","FDCE=2;LUT5=2;LUT6=1"
823,1.629,5.000,3.160,0.875,2.285,0.723,3,"st_q_reg[3]/C","hdc_src0_q_reg[2][54]/CE","TOP control","FDCE=2;LUT5=2;LUT6=1"
824,1.629,5.000,3.160,0.875,2.285,0.723,3,"st_q_reg[3]/C","hdc_src0_q_reg[2][55]/CE","TOP control","FDCE=2;LUT5=2;LUT6=1"
825,1.629,5.000,3.160,0.875,2.285,0.723,3,"st_q_reg[3]/C","hdc_src0_q_reg[2][56]/CE","TOP control","FDCE=2;LUT5=2;LUT6=1"
826,1.629,5.000,3.160,0.875,2.285,0.723,3,"st_q_reg[3]/C","hdc_src0_q_reg[2][57]/CE","TOP control","FDCE=2;LUT5=2;LUT6=1"
827,1.629,5.000,3.160,0.875,2.285,0.723,3,"st_q_reg[3]/C","hdc_src0_q_reg[2][58]/CE","TOP control","FDCE=2;LUT5=2;LUT6=1"
828,1.629,5.000,3.160,0.875,2.285,0.723,3,"st_q_reg[3]/C","hdc_src0_q_reg[2][59]/CE","TOP control","FDCE=2;LUT5=2;LUT6=1"
829,1.629,5.000,3.160,0.875,2.285,0.723,3,"st_q_reg[3]/C","hdc_src0_q_reg[2][5]/CE","TOP control","FDCE=2;LUT5=1;LUT6=2"
830,1.629,5.000,3.160,0.875,2.285,0.723,3,"st_q_reg[3]/C","hdc_src0_q_reg[2][60]/CE","TOP control","FDCE=2;LUT5=2;LUT6=1"
831,1.629,5.000,3.160,0.875,2.285,0.723,3,"st_q_reg[3]/C","hdc_src0_q_reg[2][61]/CE","TOP control","FDCE=2;LUT5=2;LUT6=1"
832,1.629,5.000,3.160,0.875,2.285,0.723,3,"st_q_reg[3]/C","hdc_src0_q_reg[2][62]/CE","TOP control","FDCE=2;LUT5=2;LUT6=1"
833,1.629,5.000,3.160,0.875,2.285,0.723,3,"st_q_reg[3]/C","hdc_src0_q_reg[2][63]/CE","TOP control","FDCE=2;LUT5=2;LUT6=1"
834,1.629,5.000,3.160,0.875,2.285,0.723,3,"st_q_reg[3]/C","hdc_src0_q_reg[2][6]/CE","TOP control","FDCE=2;LUT5=1;LUT6=2"
835,1.629,5.000,3.160,0.875,2.285,0.723,3,"st_q_reg[3]/C","hdc_src0_q_reg[2][7]/CE","TOP control","FDCE=2;LUT5=1;LUT6=2"
836,1.629,5.000,3.160,0.875,2.285,0.723,3,"st_q_reg[3]/C","hdc_src0_q_reg[2][8]/CE","TOP control","FDCE=2;LUT5=1;LUT6=2"
837,1.629,5.000,3.160,0.875,2.285,0.723,3,"st_q_reg[3]/C","hdc_src0_q_reg[2][9]/CE","TOP control","FDCE=2;LUT5=1;LUT6=2"
838,1.629,5.000,3.160,0.875,2.285,0.723,3,"st_q_reg[3]/C","hdc_src0_q_reg[3][0]/CE","TOP control","FDCE=2;LUT5=1;LUT6=2"
839,1.629,5.000,3.160,0.875,2.285,0.723,3,"st_q_reg[3]/C","hdc_src0_q_reg[3][10]/CE","TOP control","FDCE=2;LUT5=1;LUT6=2"
840,1.629,5.000,3.160,0.875,2.285,0.723,3,"st_q_reg[3]/C","hdc_src0_q_reg[3][11]/CE","TOP control","FDCE=2;LUT5=1;LUT6=2"
841,1.629,5.000,3.160,0.875,2.285,0.723,3,"st_q_reg[3]/C","hdc_src0_q_reg[3][12]/CE","TOP control","FDCE=2;LUT5=1;LUT6=2"
842,1.629,5.000,3.160,0.875,2.285,0.723,3,"st_q_reg[3]/C","hdc_src0_q_reg[3][13]/CE","TOP control","FDCE=2;LUT5=1;LUT6=2"
843,1.629,5.000,3.160,0.875,2.285,0.723,3,"st_q_reg[3]/C","hdc_src0_q_reg[3][14]/CE","TOP control","FDCE=2;LUT5=1;LUT6=2"
844,1.629,5.000,3.160,0.875,2.285,0.723,3,"st_q_reg[3]/C","hdc_src0_q_reg[3][15]/CE","TOP control","FDCE=2;LUT5=1;LUT6=2"
845,1.629,5.000,3.160,0.875,2.285,0.723,3,"st_q_reg[3]/C","hdc_src0_q_reg[3][16]/CE","TOP control","FDCE=2;LUT5=1;LUT6=2"
846,1.629,5.000,3.160,0.875,2.285,0.723,3,"st_q_reg[3]/C","hdc_src0_q_reg[3][17]/CE","TOP control","FDCE=2;LUT5=1;LUT6=2"
847,1.629,5.000,3.160,0.875,2.285,0.723,3,"st_q_reg[3]/C","hdc_src0_q_reg[3][18]/CE","TOP control","FDCE=2;LUT5=1;LUT6=2"
848,1.629,5.000,3.160,0.875,2.285,0.723,3,"st_q_reg[3]/C","hdc_src0_q_reg[3][19]/CE","TOP control","FDCE=2;LUT5=1;LUT6=2"
849,1.629,5.000,3.160,0.875,2.285,0.723,3,"st_q_reg[3]/C","hdc_src0_q_reg[3][1]/CE","TOP control","FDCE=2;LUT5=1;LUT6=2"
850,1.629,5.000,3.160,0.875,2.285,0.723,3,"st_q_reg[3]/C","hdc_src0_q_reg[3][20]/CE","TOP control","FDCE=2;LUT5=1;LUT6=2"
851,1.629,5.000,3.160,0.875,2.285,0.723,3,"st_q_reg[3]/C","hdc_src0_q_reg[3][21]/CE","TOP control","FDCE=2;LUT5=1;LUT6=2"
852,1.629,5.000,3.160,0.875,2.285,0.723,3,"st_q_reg[3]/C","hdc_src0_q_reg[3][22]/CE","TOP control","FDCE=2;LUT5=1;LUT6=2"
853,1.629,5.000,3.160,0.875,2.285,0.723,3,"st_q_reg[3]/C","hdc_src0_q_reg[3][23]/CE","TOP control","FDCE=2;LUT5=1;LUT6=2"
854,1.629,5.000,3.160,0.875,2.285,0.723,3,"st_q_reg[3]/C","hdc_src0_q_reg[3][24]/CE","TOP control","FDCE=2;LUT5=1;LUT6=2"
855,1.629,5.000,3.160,0.875,2.285,0.723,3,"st_q_reg[3]/C","hdc_src0_q_reg[3][25]/CE","TOP control","FDCE=2;LUT5=1;LUT6=2"
856,1.629,5.000,3.160,0.875,2.285,0.723,3,"st_q_reg[3]/C","hdc_src0_q_reg[3][26]/CE","TOP control","FDCE=2;LUT5=1;LUT6=2"
857,1.629,5.000,3.160,0.875,2.285,0.723,3,"st_q_reg[3]/C","hdc_src0_q_reg[3][27]/CE","TOP control","FDCE=2;LUT5=1;LUT6=2"
858,1.629,5.000,3.160,0.875,2.285,0.723,3,"st_q_reg[3]/C","hdc_src0_q_reg[3][28]/CE","TOP control","FDCE=2;LUT5=1;LUT6=2"
859,1.629,5.000,3.160,0.875,2.285,0.723,3,"st_q_reg[3]/C","hdc_src0_q_reg[3][29]/CE","TOP control","FDCE=2;LUT5=1;LUT6=2"
860,1.629,5.000,3.160,0.875,2.285,0.723,3,"st_q_reg[3]/C","hdc_src0_q_reg[3][2]/CE","TOP control","FDCE=2;LUT5=1;LUT6=2"
861,1.629,5.000,3.160,0.875,2.285,0.723,3,"st_q_reg[3]/C","hdc_src0_q_reg[3][30]/CE","TOP control","FDCE=2;LUT5=1;LUT6=2"
862,1.629,5.000,3.160,0.875,2.285,0.723,3,"st_q_reg[3]/C","hdc_src0_q_reg[3][31]/CE","TOP control","FDCE=2;LUT5=1;LUT6=2"
863,1.629,5.000,3.160,0.875,2.285,0.723,3,"st_q_reg[3]/C","hdc_src0_q_reg[3][32]/CE","TOP control","FDCE=2;LUT5=1;LUT6=2"
864,1.629,5.000,3.160,0.875,2.285,0.723,3,"st_q_reg[3]/C","hdc_src0_q_reg[3][33]/CE","TOP control","FDCE=2;LUT5=1;LUT6=2"
865,1.629,5.000,3.160,0.875,2.285,0.723,3,"st_q_reg[3]/C","hdc_src0_q_reg[3][34]/CE","TOP control","FDCE=2;LUT5=1;LUT6=2"
866,1.629,5.000,3.160,0.875,2.285,0.723,3,"st_q_reg[3]/C","hdc_src0_q_reg[3][35]/CE","TOP control","FDCE=2;LUT5=1;LUT6=2"
867,1.629,5.000,3.160,0.875,2.285,0.723,3,"st_q_reg[3]/C","hdc_src0_q_reg[3][36]/CE","TOP control","FDCE=2;LUT5=1;LUT6=2"
868,1.629,5.000,3.160,0.875,2.285,0.723,3,"st_q_reg[3]/C","hdc_src0_q_reg[3][37]/CE","TOP control","FDCE=2;LUT5=1;LUT6=2"
869,1.629,5.000,3.160,0.875,2.285,0.723,3,"st_q_reg[3]/C","hdc_src0_q_reg[3][38]/CE","TOP control","FDCE=2;LUT5=1;LUT6=2"
870,1.629,5.000,3.160,0.875,2.285,0.723,3,"st_q_reg[3]/C","hdc_src0_q_reg[3][39]/CE","TOP control","FDCE=2;LUT5=1;LUT6=2"
871,1.629,5.000,3.160,0.875,2.285,0.723,3,"st_q_reg[3]/C","hdc_src0_q_reg[3][3]/CE","TOP control","FDCE=2;LUT5=1;LUT6=2"
872,1.629,5.000,3.160,0.875,2.285,0.723,3,"st_q_reg[3]/C","hdc_src0_q_reg[3][40]/CE","TOP control","FDCE=2;LUT5=1;LUT6=2"
873,1.629,5.000,3.160,0.875,2.285,0.723,3,"st_q_reg[3]/C","hdc_src0_q_reg[3][41]/CE","TOP control","FDCE=2;LUT5=1;LUT6=2"
874,1.629,5.000,3.160,0.875,2.285,0.723,3,"st_q_reg[3]/C","hdc_src0_q_reg[3][42]/CE","TOP control","FDCE=2;LUT5=1;LUT6=2"
875,1.629,5.000,3.160,0.875,2.285,0.723,3,"st_q_reg[3]/C","hdc_src0_q_reg[3][43]/CE","TOP control","FDCE=2;LUT5=1;LUT6=2"
876,1.629,5.000,3.160,0.875,2.285,0.723,3,"st_q_reg[3]/C","hdc_src0_q_reg[3][44]/CE","TOP control","FDCE=2;LUT5=1;LUT6=2"
877,1.629,5.000,3.160,0.875,2.285,0.723,3,"st_q_reg[3]/C","hdc_src0_q_reg[3][45]/CE","TOP control","FDCE=2;LUT5=1;LUT6=2"
878,1.629,5.000,3.160,0.875,2.285,0.723,3,"st_q_reg[3]/C","hdc_src0_q_reg[3][46]/CE","TOP control","FDCE=2;LUT5=1;LUT6=2"
879,1.629,5.000,3.160,0.875,2.285,0.723,3,"st_q_reg[3]/C","hdc_src0_q_reg[3][47]/CE","TOP control","FDCE=2;LUT5=1;LUT6=2"
880,1.629,5.000,3.160,0.875,2.285,0.723,3,"st_q_reg[3]/C","hdc_src0_q_reg[3][48]/CE","TOP control","FDCE=2;LUT5=2;LUT6=1"
881,1.629,5.000,3.160,0.875,2.285,0.723,3,"st_q_reg[3]/C","hdc_src0_q_reg[3][49]/CE","TOP control","FDCE=2;LUT5=2;LUT6=1"
882,1.629,5.000,3.160,0.875,2.285,0.723,3,"st_q_reg[3]/C","hdc_src0_q_reg[3][4]/CE","TOP control","FDCE=2;LUT5=1;LUT6=2"
883,1.629,5.000,3.160,0.875,2.285,0.723,3,"st_q_reg[3]/C","hdc_src0_q_reg[3][50]/CE","TOP control","FDCE=2;LUT5=2;LUT6=1"
884,1.629,5.000,3.160,0.875,2.285,0.723,3,"st_q_reg[3]/C","hdc_src0_q_reg[3][51]/CE","TOP control","FDCE=2;LUT5=2;LUT6=1"
885,1.629,5.000,3.160,0.875,2.285,0.723,3,"st_q_reg[3]/C","hdc_src0_q_reg[3][52]/CE","TOP control","FDCE=2;LUT5=2;LUT6=1"
886,1.629,5.000,3.160,0.875,2.285,0.723,3,"st_q_reg[3]/C","hdc_src0_q_reg[3][53]/CE","TOP control","FDCE=2;LUT5=2;LUT6=1"
887,1.629,5.000,3.160,0.875,2.285,0.723,3,"st_q_reg[3]/C","hdc_src0_q_reg[3][54]/CE","TOP control","FDCE=2;LUT5=2;LUT6=1"
888,1.629,5.000,3.160,0.875,2.285,0.723,3,"st_q_reg[3]/C","hdc_src0_q_reg[3][55]/CE","TOP control","FDCE=2;LUT5=2;LUT6=1"
889,1.629,5.000,3.160,0.875,2.285,0.723,3,"st_q_reg[3]/C","hdc_src0_q_reg[3][56]/CE","TOP control","FDCE=2;LUT5=2;LUT6=1"
890,1.629,5.000,3.160,0.875,2.285,0.723,3,"st_q_reg[3]/C","hdc_src0_q_reg[3][57]/CE","TOP control","FDCE=2;LUT5=2;LUT6=1"
891,1.629,5.000,3.160,0.875,2.285,0.723,3,"st_q_reg[3]/C","hdc_src0_q_reg[3][58]/CE","TOP control","FDCE=2;LUT5=2;LUT6=1"
892,1.629,5.000,3.160,0.875,2.285,0.723,3,"st_q_reg[3]/C","hdc_src0_q_reg[3][59]/CE","TOP control","FDCE=2;LUT5=2;LUT6=1"
893,1.629,5.000,3.160,0.875,2.285,0.723,3,"st_q_reg[3]/C","hdc_src0_q_reg[3][5]/CE","TOP control","FDCE=2;LUT5=1;LUT6=2"
894,1.629,5.000,3.160,0.875,2.285,0.723,3,"st_q_reg[3]/C","hdc_src0_q_reg[3][60]/CE","TOP control","FDCE=2;LUT5=2;LUT6=1"
895,1.629,5.000,3.160,0.875,2.285,0.723,3,"st_q_reg[3]/C","hdc_src0_q_reg[3][61]/CE","TOP control","FDCE=2;LUT5=2;LUT6=1"
896,1.629,5.000,3.160,0.875,2.285,0.723,3,"st_q_reg[3]/C","hdc_src0_q_reg[3][62]/CE","TOP control","FDCE=2;LUT5=2;LUT6=1"
897,1.629,5.000,3.160,0.875,2.285,0.723,3,"st_q_reg[3]/C","hdc_src0_q_reg[3][63]/CE","TOP control","FDCE=2;LUT5=2;LUT6=1"
898,1.629,5.000,3.160,0.875,2.285,0.723,3,"st_q_reg[3]/C","hdc_src0_q_reg[3][6]/CE","TOP control","FDCE=2;LUT5=1;LUT6=2"
899,1.629,5.000,3.160,0.875,2.285,0.723,3,"st_q_reg[3]/C","hdc_src0_q_reg[3][7]/CE","TOP control","FDCE=2;LUT5=1;LUT6=2"
900,1.629,5.000,3.160,0.875,2.285,0.723,3,"st_q_reg[3]/C","hdc_src0_q_reg[3][8]/CE","TOP control","FDCE=2;LUT5=1;LUT6=2"
901,1.629,5.000,3.160,0.875,2.285,0.723,3,"st_q_reg[3]/C","hdc_src0_q_reg[3][9]/CE","TOP control","FDCE=2;LUT5=1;LUT6=2"
902,1.635,5.000,3.154,0.980,2.174,0.689,4,"op_q_reg[2]/C","st_q_reg[0]/CE","TOP control","FDCE=2;LUT3=1;LUT6=3"
903,1.635,5.000,3.154,0.980,2.174,0.689,4,"op_q_reg[2]/C","st_q_reg[0]_rep/CE","TOP control","FDCE=2;LUT3=1;LUT6=3"
904,1.635,5.000,3.154,0.980,2.174,0.689,4,"op_q_reg[2]/C","st_q_reg[0]_rep__0/CE","TOP control","FDCE=2;LUT3=1;LUT6=3"
905,1.635,5.000,3.154,0.980,2.174,0.689,4,"op_q_reg[2]/C","st_q_reg[0]_rep__1/CE","TOP control","FDCE=2;LUT3=1;LUT6=3"
906,1.635,5.000,3.154,0.980,2.174,0.689,4,"op_q_reg[2]/C","st_q_reg[0]_rep__2/CE","TOP control","FDCE=2;LUT3=1;LUT6=3"
907,1.635,5.000,3.154,0.980,2.174,0.689,4,"op_q_reg[2]/C","st_q_reg[1]/CE","TOP control","FDCE=2;LUT3=1;LUT6=3"
908,1.635,5.000,3.154,0.980,2.174,0.689,4,"op_q_reg[2]/C","st_q_reg[1]_rep/CE","TOP control","FDCE=2;LUT3=1;LUT6=3"
909,1.635,5.000,3.154,0.980,2.174,0.689,4,"op_q_reg[2]/C","st_q_reg[1]_rep__0/CE","TOP control","FDCE=2;LUT3=1;LUT6=3"
910,1.635,5.000,3.154,0.980,2.174,0.689,4,"op_q_reg[2]/C","st_q_reg[1]_rep__1/CE","TOP control","FDCE=2;LUT3=1;LUT6=3"
911,1.635,5.000,3.154,0.980,2.174,0.689,4,"op_q_reg[2]/C","st_q_reg[2]/CE","TOP control","FDCE=2;LUT3=1;LUT6=3"
912,1.635,5.000,3.154,0.980,2.174,0.689,4,"op_q_reg[2]/C","st_q_reg[3]/CE","TOP control","FDCE=2;LUT3=1;LUT6=3"
913,1.635,5.000,3.154,0.980,2.174,0.689,4,"op_q_reg[2]/C","st_q_reg[4]/CE","TOP control","FDCE=2;LUT3=1;LUT6=3"
914,1.635,5.000,3.154,0.980,2.174,0.689,4,"op_q_reg[2]/C","st_q_reg[4]_rep/CE","TOP control","FDCE=2;LUT3=1;LUT6=3"
915,1.635,5.000,3.154,0.980,2.174,0.689,4,"op_q_reg[2]/C","st_q_reg[4]_rep__0/CE","TOP control","FDCE=2;LUT3=1;LUT6=3"
916,1.661,5.000,3.336,1.085,2.251,0.675,5,"st_q_reg[3]/C","vrf_ra_q_reg[0][5]/D","VRF/read/writeback","FDCE=2;LUT2=1;LUT3=1;LUT4=1;LUT6=2"
917,1.661,5.000,3.336,1.085,2.251,0.675,5,"st_q_reg[3]/C","vrf_ra_q_reg[1][5]/D","VRF/read/writeback","FDCE=2;LUT2=1;LUT3=1;LUT4=1;LUT6=2"
918,1.661,5.000,3.336,1.085,2.251,0.675,5,"st_q_reg[3]/C","vrf_ra_q_reg[2][5]/D","VRF/read/writeback","FDCE=2;LUT2=1;LUT3=1;LUT4=1;LUT6=2"
919,1.661,5.000,3.336,1.085,2.251,0.675,5,"st_q_reg[3]/C","vrf_ra_q_reg[3][5]/D","VRF/read/writeback","FDCE=2;LUT2=1;LUT3=1;LUT4=1;LUT6=2"
920,1.662,5.000,3.127,0.980,2.147,0.687,4,"op_q_reg[2]/C","clr_cnt_q_reg[0]/CE","other","FDCE=2;LUT3=1;LUT6=3"
921,1.662,5.000,3.127,0.980,2.147,0.687,4,"op_q_reg[2]/C","clr_cnt_q_reg[1]/CE","other","FDCE=2;LUT3=1;LUT6=3"
922,1.662,5.000,3.127,0.980,2.147,0.687,4,"op_q_reg[2]/C","clr_cnt_q_reg[2]/CE","other","FDCE=2;LUT3=1;LUT6=3"
923,1.662,5.000,3.127,0.980,2.147,0.687,4,"op_q_reg[2]/C","clr_cnt_q_reg[3]/CE","other","FDCE=2;LUT3=1;LUT6=3"
924,1.669,5.000,3.049,1.000,2.049,0.672,4,"ecc_leaf_id_q_reg[2]/C","ecc_product_even_reg_0_3_0_0/DP/I","other","FDCE=1;LUT3=1;LUT6=3;RAMD32=1"
925,1.669,5.000,3.049,1.000,2.049,0.672,4,"ecc_leaf_id_q_reg[2]/C","ecc_product_even_reg_0_3_10_10/DP/I","other","FDCE=1;LUT3=1;LUT6=3;RAMD32=1"
926,1.669,5.000,3.049,1.000,2.049,0.672,4,"ecc_leaf_id_q_reg[2]/C","ecc_product_even_reg_0_3_11_11/DP/I","other","FDCE=1;LUT3=1;LUT6=3;RAMD32=1"
927,1.669,5.000,3.049,1.000,2.049,0.672,4,"ecc_leaf_id_q_reg[2]/C","ecc_product_even_reg_0_3_12_12/DP/I","other","FDCE=1;LUT3=1;LUT6=3;RAMD32=1"
928,1.669,5.000,3.049,1.000,2.049,0.672,4,"ecc_leaf_id_q_reg[2]/C","ecc_product_even_reg_0_3_13_13/DP/I","other","FDCE=1;LUT3=1;LUT6=3;RAMD32=1"
929,1.669,5.000,3.049,1.000,2.049,0.672,4,"ecc_leaf_id_q_reg[2]/C","ecc_product_even_reg_0_3_14_14/DP/I","other","FDCE=1;LUT3=1;LUT6=3;RAMD32=1"
930,1.669,5.000,3.049,1.000,2.049,0.672,4,"ecc_leaf_id_q_reg[2]/C","ecc_product_even_reg_0_3_15_15/DP/I","other","FDCE=1;LUT3=1;LUT6=3;RAMD32=1"
931,1.669,5.000,3.049,1.000,2.049,0.672,4,"ecc_leaf_id_q_reg[2]/C","ecc_product_even_reg_0_3_16_16/DP/I","other","FDCE=1;LUT3=1;LUT6=3;RAMD32=1"
932,1.669,5.000,3.049,1.000,2.049,0.672,4,"ecc_leaf_id_q_reg[2]/C","ecc_product_even_reg_0_3_17_17/DP/I","other","FDCE=1;LUT3=1;LUT6=3;RAMD32=1"
933,1.669,5.000,3.049,1.000,2.049,0.672,4,"ecc_leaf_id_q_reg[2]/C","ecc_product_even_reg_0_3_18_18/DP/I","other","FDCE=1;LUT3=1;LUT6=3;RAMD32=1"
934,1.669,5.000,3.049,1.000,2.049,0.672,4,"ecc_leaf_id_q_reg[2]/C","ecc_product_even_reg_0_3_19_19/DP/I","other","FDCE=1;LUT3=1;LUT6=3;RAMD32=1"
935,1.669,5.000,3.049,1.000,2.049,0.672,4,"ecc_leaf_id_q_reg[2]/C","ecc_product_even_reg_0_3_1_1/DP/I","other","FDCE=1;LUT3=1;LUT6=3;RAMD32=1"
936,1.669,5.000,3.049,1.000,2.049,0.672,4,"ecc_leaf_id_q_reg[2]/C","ecc_product_even_reg_0_3_20_20/DP/I","other","FDCE=1;LUT3=1;LUT6=3;RAMD32=1"
937,1.669,5.000,3.049,1.000,2.049,0.672,4,"ecc_leaf_id_q_reg[2]/C","ecc_product_even_reg_0_3_21_21/DP/I","other","FDCE=1;LUT3=1;LUT6=3;RAMD32=1"
938,1.669,5.000,3.049,1.000,2.049,0.672,4,"ecc_leaf_id_q_reg[2]/C","ecc_product_even_reg_0_3_22_22/DP/I","other","FDCE=1;LUT3=1;LUT6=3;RAMD32=1"
939,1.669,5.000,3.049,1.000,2.049,0.672,4,"ecc_leaf_id_q_reg[2]/C","ecc_product_even_reg_0_3_23_23/DP/I","other","FDCE=1;LUT3=1;LUT6=3;RAMD32=1"
940,1.669,5.000,3.049,1.000,2.049,0.672,4,"ecc_leaf_id_q_reg[2]/C","ecc_product_even_reg_0_3_24_24/DP/I","other","FDCE=1;LUT3=1;LUT6=3;RAMD32=1"
941,1.669,5.000,3.049,1.000,2.049,0.672,4,"ecc_leaf_id_q_reg[2]/C","ecc_product_even_reg_0_3_25_25/DP/I","other","FDCE=1;LUT3=1;LUT6=3;RAMD32=1"
942,1.669,5.000,3.049,1.000,2.049,0.672,4,"ecc_leaf_id_q_reg[2]/C","ecc_product_even_reg_0_3_26_26/DP/I","other","FDCE=1;LUT3=1;LUT6=3;RAMD32=1"
943,1.669,5.000,3.049,1.000,2.049,0.672,4,"ecc_leaf_id_q_reg[2]/C","ecc_product_even_reg_0_3_27_27/DP/I","other","FDCE=1;LUT3=1;LUT6=3;RAMD32=1"
944,1.669,5.000,3.049,1.000,2.049,0.672,4,"ecc_leaf_id_q_reg[2]/C","ecc_product_even_reg_0_3_28_28/DP/I","other","FDCE=1;LUT3=1;LUT6=3;RAMD32=1"
945,1.669,5.000,3.049,1.000,2.049,0.672,4,"ecc_leaf_id_q_reg[2]/C","ecc_product_even_reg_0_3_29_29/DP/I","other","FDCE=1;LUT3=1;LUT6=3;RAMD32=1"
946,1.669,5.000,3.049,1.000,2.049,0.672,4,"ecc_leaf_id_q_reg[2]/C","ecc_product_even_reg_0_3_2_2/DP/I","other","FDCE=1;LUT3=1;LUT6=3;RAMD32=1"
947,1.669,5.000,3.049,1.000,2.049,0.672,4,"ecc_leaf_id_q_reg[2]/C","ecc_product_even_reg_0_3_30_30/DP/I","other","FDCE=1;LUT3=1;LUT6=3;RAMD32=1"
948,1.669,5.000,3.049,1.000,2.049,0.672,4,"ecc_leaf_id_q_reg[2]/C","ecc_product_even_reg_0_3_31_31/DP/I","other","FDCE=1;LUT3=1;LUT4=1;LUT6=2;RAMD32=1"
949,1.669,5.000,3.049,1.000,2.049,0.672,4,"ecc_leaf_id_q_reg[2]/C","ecc_product_even_reg_0_3_3_3/DP/I","other","FDCE=1;LUT3=1;LUT6=3;RAMD32=1"
950,1.669,5.000,3.049,1.000,2.049,0.672,4,"ecc_leaf_id_q_reg[2]/C","ecc_product_even_reg_0_3_4_4/DP/I","other","FDCE=1;LUT3=1;LUT6=3;RAMD32=1"
951,1.669,5.000,3.049,1.000,2.049,0.672,4,"ecc_leaf_id_q_reg[2]/C","ecc_product_even_reg_0_3_5_5/DP/I","other","FDCE=1;LUT3=1;LUT6=3;RAMD32=1"
952,1.669,5.000,3.049,1.000,2.049,0.672,4,"ecc_leaf_id_q_reg[2]/C","ecc_product_even_reg_0_3_6_6/DP/I","other","FDCE=1;LUT3=1;LUT6=3;RAMD32=1"
953,1.669,5.000,3.049,1.000,2.049,0.672,4,"ecc_leaf_id_q_reg[2]/C","ecc_product_even_reg_0_3_7_7/DP/I","other","FDCE=1;LUT3=1;LUT6=3;RAMD32=1"
954,1.669,5.000,3.049,1.000,2.049,0.672,4,"ecc_leaf_id_q_reg[2]/C","ecc_product_even_reg_0_3_8_8/DP/I","other","FDCE=1;LUT3=1;LUT6=3;RAMD32=1"
955,1.669,5.000,3.049,1.000,2.049,0.672,4,"ecc_leaf_id_q_reg[2]/C","ecc_product_even_reg_0_3_9_9/DP/I","other","FDCE=1;LUT3=1;LUT6=3;RAMD32=1"
956,1.690,5.000,3.307,0.980,2.327,0.704,4,"uop_p3_q_reg[op_type][0]/C","hmatch_update_q_reg/D","HMATCH reduction/compare","FDCE=2;LUT3=1;LUT5=1;LUT6=2"
957,1.690,5.000,3.307,1.085,2.222,0.672,5,"st_q_reg[1]_rep__0/C","vrf_wd_q_reg[2][0]/D","VRF/read/writeback","FDCE=2;LUT4=2;LUT6=3"
958,1.690,5.000,3.307,1.085,2.222,0.672,5,"st_q_reg[1]_rep__0/C","vrf_wd_q_reg[2][1]/D","VRF/read/writeback","FDCE=2;LUT4=2;LUT6=3"
959,1.690,5.000,3.307,1.085,2.222,0.672,5,"st_q_reg[1]_rep__0/C","vrf_wd_q_reg[2][2]/D","VRF/read/writeback","FDCE=2;LUT4=2;LUT6=3"
960,1.690,5.000,3.307,1.085,2.222,0.672,5,"st_q_reg[1]_rep__0/C","vrf_wd_q_reg[3][0]/D","VRF/read/writeback","FDCE=2;LUT4=2;LUT6=3"
961,1.690,5.000,3.307,1.085,2.222,0.672,5,"st_q_reg[1]_rep__0/C","vrf_wd_q_reg[3][1]/D","VRF/read/writeback","FDCE=2;LUT4=2;LUT6=3"
962,1.690,5.000,3.307,1.085,2.222,0.672,5,"st_q_reg[1]_rep__0/C","vrf_wd_q_reg[3][2]/D","VRF/read/writeback","FDCE=2;LUT4=2;LUT6=3"
963,1.704,5.000,3.049,1.000,2.049,0.672,4,"ecc_leaf_id_q_reg[2]/C","ecc_product_even_reg_0_3_0_0/SP/I","other","FDCE=1;LUT3=1;LUT6=3;RAMD32=1"
964,1.704,5.000,3.049,1.000,2.049,0.672,4,"ecc_leaf_id_q_reg[2]/C","ecc_product_even_reg_0_3_10_10/SP/I","other","FDCE=1;LUT3=1;LUT6=3;RAMD32=1"
965,1.704,5.000,3.049,1.000,2.049,0.672,4,"ecc_leaf_id_q_reg[2]/C","ecc_product_even_reg_0_3_11_11/SP/I","other","FDCE=1;LUT3=1;LUT6=3;RAMD32=1"
966,1.704,5.000,3.049,1.000,2.049,0.672,4,"ecc_leaf_id_q_reg[2]/C","ecc_product_even_reg_0_3_12_12/SP/I","other","FDCE=1;LUT3=1;LUT6=3;RAMD32=1"
967,1.704,5.000,3.049,1.000,2.049,0.672,4,"ecc_leaf_id_q_reg[2]/C","ecc_product_even_reg_0_3_13_13/SP/I","other","FDCE=1;LUT3=1;LUT6=3;RAMD32=1"
968,1.704,5.000,3.049,1.000,2.049,0.672,4,"ecc_leaf_id_q_reg[2]/C","ecc_product_even_reg_0_3_14_14/SP/I","other","FDCE=1;LUT3=1;LUT6=3;RAMD32=1"
969,1.704,5.000,3.049,1.000,2.049,0.672,4,"ecc_leaf_id_q_reg[2]/C","ecc_product_even_reg_0_3_15_15/SP/I","other","FDCE=1;LUT3=1;LUT6=3;RAMD32=1"
970,1.704,5.000,3.049,1.000,2.049,0.672,4,"ecc_leaf_id_q_reg[2]/C","ecc_product_even_reg_0_3_16_16/SP/I","other","FDCE=1;LUT3=1;LUT6=3;RAMD32=1"
971,1.704,5.000,3.049,1.000,2.049,0.672,4,"ecc_leaf_id_q_reg[2]/C","ecc_product_even_reg_0_3_17_17/SP/I","other","FDCE=1;LUT3=1;LUT6=3;RAMD32=1"
972,1.704,5.000,3.049,1.000,2.049,0.672,4,"ecc_leaf_id_q_reg[2]/C","ecc_product_even_reg_0_3_18_18/SP/I","other","FDCE=1;LUT3=1;LUT6=3;RAMD32=1"
973,1.704,5.000,3.049,1.000,2.049,0.672,4,"ecc_leaf_id_q_reg[2]/C","ecc_product_even_reg_0_3_19_19/SP/I","other","FDCE=1;LUT3=1;LUT6=3;RAMD32=1"
974,1.704,5.000,3.049,1.000,2.049,0.672,4,"ecc_leaf_id_q_reg[2]/C","ecc_product_even_reg_0_3_1_1/SP/I","other","FDCE=1;LUT3=1;LUT6=3;RAMD32=1"
975,1.704,5.000,3.049,1.000,2.049,0.672,4,"ecc_leaf_id_q_reg[2]/C","ecc_product_even_reg_0_3_20_20/SP/I","other","FDCE=1;LUT3=1;LUT6=3;RAMD32=1"
976,1.704,5.000,3.049,1.000,2.049,0.672,4,"ecc_leaf_id_q_reg[2]/C","ecc_product_even_reg_0_3_21_21/SP/I","other","FDCE=1;LUT3=1;LUT6=3;RAMD32=1"
977,1.704,5.000,3.049,1.000,2.049,0.672,4,"ecc_leaf_id_q_reg[2]/C","ecc_product_even_reg_0_3_22_22/SP/I","other","FDCE=1;LUT3=1;LUT6=3;RAMD32=1"
978,1.704,5.000,3.049,1.000,2.049,0.672,4,"ecc_leaf_id_q_reg[2]/C","ecc_product_even_reg_0_3_23_23/SP/I","other","FDCE=1;LUT3=1;LUT6=3;RAMD32=1"
979,1.704,5.000,3.049,1.000,2.049,0.672,4,"ecc_leaf_id_q_reg[2]/C","ecc_product_even_reg_0_3_24_24/SP/I","other","FDCE=1;LUT3=1;LUT6=3;RAMD32=1"
980,1.704,5.000,3.049,1.000,2.049,0.672,4,"ecc_leaf_id_q_reg[2]/C","ecc_product_even_reg_0_3_25_25/SP/I","other","FDCE=1;LUT3=1;LUT6=3;RAMD32=1"
981,1.704,5.000,3.049,1.000,2.049,0.672,4,"ecc_leaf_id_q_reg[2]/C","ecc_product_even_reg_0_3_26_26/SP/I","other","FDCE=1;LUT3=1;LUT6=3;RAMD32=1"
982,1.704,5.000,3.049,1.000,2.049,0.672,4,"ecc_leaf_id_q_reg[2]/C","ecc_product_even_reg_0_3_27_27/SP/I","other","FDCE=1;LUT3=1;LUT6=3;RAMD32=1"
983,1.704,5.000,3.049,1.000,2.049,0.672,4,"ecc_leaf_id_q_reg[2]/C","ecc_product_even_reg_0_3_28_28/SP/I","other","FDCE=1;LUT3=1;LUT6=3;RAMD32=1"
984,1.704,5.000,3.049,1.000,2.049,0.672,4,"ecc_leaf_id_q_reg[2]/C","ecc_product_even_reg_0_3_29_29/SP/I","other","FDCE=1;LUT3=1;LUT6=3;RAMD32=1"
985,1.704,5.000,3.049,1.000,2.049,0.672,4,"ecc_leaf_id_q_reg[2]/C","ecc_product_even_reg_0_3_2_2/SP/I","other","FDCE=1;LUT3=1;LUT6=3;RAMD32=1"
986,1.704,5.000,3.049,1.000,2.049,0.672,4,"ecc_leaf_id_q_reg[2]/C","ecc_product_even_reg_0_3_30_30/SP/I","other","FDCE=1;LUT3=1;LUT6=3;RAMD32=1"
987,1.704,5.000,3.049,1.000,2.049,0.672,4,"ecc_leaf_id_q_reg[2]/C","ecc_product_even_reg_0_3_31_31/SP/I","other","FDCE=1;LUT3=1;LUT4=1;LUT6=2;RAMD32=1"
988,1.704,5.000,3.049,1.000,2.049,0.672,4,"ecc_leaf_id_q_reg[2]/C","ecc_product_even_reg_0_3_3_3/SP/I","other","FDCE=1;LUT3=1;LUT6=3;RAMD32=1"
989,1.704,5.000,3.049,1.000,2.049,0.672,4,"ecc_leaf_id_q_reg[2]/C","ecc_product_even_reg_0_3_4_4/SP/I","other","FDCE=1;LUT3=1;LUT6=3;RAMD32=1"
990,1.704,5.000,3.049,1.000,2.049,0.672,4,"ecc_leaf_id_q_reg[2]/C","ecc_product_even_reg_0_3_5_5/SP/I","other","FDCE=1;LUT3=1;LUT6=3;RAMD32=1"
991,1.704,5.000,3.049,1.000,2.049,0.672,4,"ecc_leaf_id_q_reg[2]/C","ecc_product_even_reg_0_3_6_6/SP/I","other","FDCE=1;LUT3=1;LUT6=3;RAMD32=1"
992,1.704,5.000,3.049,1.000,2.049,0.672,4,"ecc_leaf_id_q_reg[2]/C","ecc_product_even_reg_0_3_7_7/SP/I","other","FDCE=1;LUT3=1;LUT6=3;RAMD32=1"
993,1.704,5.000,3.049,1.000,2.049,0.672,4,"ecc_leaf_id_q_reg[2]/C","ecc_product_even_reg_0_3_8_8/SP/I","other","FDCE=1;LUT3=1;LUT6=3;RAMD32=1"
994,1.704,5.000,3.049,1.000,2.049,0.672,4,"ecc_leaf_id_q_reg[2]/C","ecc_product_even_reg_0_3_9_9/SP/I","other","FDCE=1;LUT3=1;LUT6=3;RAMD32=1"
995,1.704,5.000,3.293,0.875,2.418,0.734,3,"ecc_k_q_reg[1]/C","vrf_wd_q_reg[0][0]/D","VRF/read/writeback","FDCE=2;LUT5=1;LUT6=1;RAMD32=1"
996,1.704,5.000,3.293,0.875,2.418,0.734,3,"ecc_k_q_reg[1]/C","vrf_wd_q_reg[0][10]/D","VRF/read/writeback","FDCE=2;LUT5=1;LUT6=1;RAMD32=1"
997,1.704,5.000,3.293,0.875,2.418,0.734,3,"ecc_k_q_reg[1]/C","vrf_wd_q_reg[0][11]/D","VRF/read/writeback","FDCE=2;LUT5=1;LUT6=1;RAMD32=1"
998,1.704,5.000,3.293,0.875,2.418,0.734,3,"ecc_k_q_reg[1]/C","vrf_wd_q_reg[0][12]/D","VRF/read/writeback","FDCE=2;LUT5=1;LUT6=1;RAMD32=1"
999,1.704,5.000,3.293,0.875,2.418,0.734,3,"ecc_k_q_reg[1]/C","vrf_wd_q_reg[0][13]/D","VRF/read/writeback","FDCE=2;LUT5=1;LUT6=1;RAMD32=1"
1000,1.704,5.000,3.293,0.875,2.418,0.734,3,"ecc_k_q_reg[1]/C","vrf_wd_q_reg[0][14]/D","VRF/read/writeback","FDCE=2;LUT5=1;LUT6=1;RAMD32=1"
