rank,slack_ns,required_time_ns,data_path_delay_ns,logic_delay_ns,route_delay_ns,route_ratio,logic_levels,startpoint,endpoint,path_class,main_cells
1,0.326,5.000,4.700,2.246,2.454,0.522,7,"gen_lane[0].i_p2_pop_slice/popcount_part_q_o_reg[0][0]/C","group_dist_q_reg[8]/D","P2 popcount capture","CARRY4=4;FDCE=2;LUT3=2;LUT5=1"
2,0.414,5.000,4.583,1.210,3.373,0.736,6,"FSM_onehot_st_q_reg[1]/C","lane_result_q_reg[0][32]/D","P2 lane result capture","FDCE=2;LUT3=2;LUT6=4"
3,0.414,5.000,4.583,1.210,3.373,0.736,6,"FSM_onehot_st_q_reg[1]/C","lane_result_q_reg[0][33]/D","P2 lane result capture","FDCE=2;LUT3=2;LUT6=4"
4,0.414,5.000,4.583,1.210,3.373,0.736,6,"FSM_onehot_st_q_reg[1]/C","lane_result_q_reg[0][34]/D","P2 lane result capture","FDCE=2;LUT3=2;LUT6=4"
5,0.414,5.000,4.583,1.210,3.373,0.736,6,"FSM_onehot_st_q_reg[1]/C","lane_result_q_reg[0][48]/D","P2 lane result capture","FDCE=2;LUT3=2;LUT6=4"
6,0.414,5.000,4.583,1.210,3.373,0.736,6,"FSM_onehot_st_q_reg[1]/C","lane_result_q_reg[0][49]/D","P2 lane result capture","FDCE=2;LUT3=2;LUT6=4"
7,0.414,5.000,4.583,1.210,3.373,0.736,6,"FSM_onehot_st_q_reg[1]/C","lane_result_q_reg[0][50]/D","P2 lane result capture","FDCE=2;LUT3=2;LUT6=4"
8,0.414,5.000,4.583,1.210,3.373,0.736,6,"FSM_onehot_st_q_reg[1]/C","lane_result_q_reg[0][55]/D","P2 lane result capture","FDCE=2;LUT3=2;LUT6=4"
9,0.414,5.000,4.583,1.210,3.373,0.736,6,"FSM_onehot_st_q_reg[1]/C","lane_result_q_reg[0][59]/D","P2 lane result capture","FDCE=2;LUT3=2;LUT6=4"
10,0.414,5.000,4.583,1.210,3.373,0.736,6,"FSM_onehot_st_q_reg[1]/C","lane_result_q_reg[0][63]/D","P2 lane result capture","FDCE=2;LUT3=2;LUT6=4"
11,0.414,5.000,4.583,1.210,3.373,0.736,6,"FSM_onehot_st_q_reg[1]/C","lane_result_q_reg[1][32]/D","P2 lane result capture","FDCE=2;LUT3=2;LUT6=4"
12,0.414,5.000,4.583,1.210,3.373,0.736,6,"FSM_onehot_st_q_reg[1]/C","lane_result_q_reg[1][33]/D","P2 lane result capture","FDCE=2;LUT3=2;LUT6=4"
13,0.414,5.000,4.583,1.210,3.373,0.736,6,"FSM_onehot_st_q_reg[1]/C","lane_result_q_reg[1][34]/D","P2 lane result capture","FDCE=2;LUT3=2;LUT6=4"
14,0.414,5.000,4.583,1.210,3.373,0.736,6,"FSM_onehot_st_q_reg[1]/C","lane_result_q_reg[1][47]/D","P2 lane result capture","FDCE=2;LUT3=2;LUT6=4"
15,0.414,5.000,4.583,1.210,3.373,0.736,6,"FSM_onehot_st_q_reg[1]/C","lane_result_q_reg[1][48]/D","P2 lane result capture","FDCE=2;LUT3=2;LUT6=4"
16,0.414,5.000,4.583,1.210,3.373,0.736,6,"FSM_onehot_st_q_reg[1]/C","lane_result_q_reg[1][49]/D","P2 lane result capture","FDCE=2;LUT3=2;LUT6=4"
17,0.414,5.000,4.583,1.210,3.373,0.736,6,"FSM_onehot_st_q_reg[1]/C","lane_result_q_reg[1][50]/D","P2 lane result capture","FDCE=2;LUT3=2;LUT6=4"
18,0.414,5.000,4.583,1.210,3.373,0.736,6,"FSM_onehot_st_q_reg[1]/C","lane_result_q_reg[1][55]/D","P2 lane result capture","FDCE=2;LUT3=2;LUT6=4"
19,0.414,5.000,4.583,1.210,3.373,0.736,6,"FSM_onehot_st_q_reg[1]/C","lane_result_q_reg[1][59]/D","P2 lane result capture","FDCE=2;LUT3=2;LUT6=4"
20,0.414,5.000,4.583,1.210,3.373,0.736,6,"FSM_onehot_st_q_reg[1]/C","lane_result_q_reg[1][63]/D","P2 lane result capture","FDCE=2;LUT3=2;LUT6=4"
21,0.414,5.000,4.583,1.210,3.373,0.736,6,"FSM_onehot_st_q_reg[1]/C","lane_result_q_reg[2][32]/D","P2 lane result capture","FDCE=2;LUT3=2;LUT6=4"
22,0.414,5.000,4.583,1.210,3.373,0.736,6,"FSM_onehot_st_q_reg[1]/C","lane_result_q_reg[2][33]/D","P2 lane result capture","FDCE=2;LUT3=2;LUT6=4"
23,0.414,5.000,4.583,1.210,3.373,0.736,6,"FSM_onehot_st_q_reg[1]/C","lane_result_q_reg[2][34]/D","P2 lane result capture","FDCE=2;LUT3=2;LUT6=4"
24,0.414,5.000,4.583,1.210,3.373,0.736,6,"FSM_onehot_st_q_reg[1]/C","lane_result_q_reg[2][48]/D","P2 lane result capture","FDCE=2;LUT3=2;LUT6=4"
25,0.414,5.000,4.583,1.210,3.373,0.736,6,"FSM_onehot_st_q_reg[1]/C","lane_result_q_reg[2][49]/D","P2 lane result capture","FDCE=2;LUT3=2;LUT6=4"
26,0.414,5.000,4.583,1.210,3.373,0.736,6,"FSM_onehot_st_q_reg[1]/C","lane_result_q_reg[2][50]/D","P2 lane result capture","FDCE=2;LUT3=2;LUT6=4"
27,0.414,5.000,4.583,1.210,3.373,0.736,6,"FSM_onehot_st_q_reg[1]/C","lane_result_q_reg[3][32]/D","P2 lane result capture","FDCE=2;LUT3=2;LUT6=4"
28,0.414,5.000,4.583,1.210,3.373,0.736,6,"FSM_onehot_st_q_reg[1]/C","lane_result_q_reg[3][33]/D","P2 lane result capture","FDCE=2;LUT3=2;LUT6=4"
29,0.414,5.000,4.583,1.210,3.373,0.736,6,"FSM_onehot_st_q_reg[1]/C","lane_result_q_reg[3][34]/D","P2 lane result capture","FDCE=2;LUT3=2;LUT6=4"
30,0.414,5.000,4.583,1.210,3.373,0.736,6,"FSM_onehot_st_q_reg[1]/C","lane_result_q_reg[3][43]/D","P2 lane result capture","FDCE=2;LUT3=2;LUT6=4"
31,0.414,5.000,4.583,1.210,3.373,0.736,6,"FSM_onehot_st_q_reg[1]/C","lane_result_q_reg[3][47]/D","P2 lane result capture","FDCE=2;LUT3=2;LUT6=4"
32,0.414,5.000,4.583,1.210,3.373,0.736,6,"FSM_onehot_st_q_reg[1]/C","lane_result_q_reg[3][48]/D","P2 lane result capture","FDCE=2;LUT3=2;LUT6=4"
33,0.414,5.000,4.583,1.210,3.373,0.736,6,"FSM_onehot_st_q_reg[1]/C","lane_result_q_reg[3][49]/D","P2 lane result capture","FDCE=2;LUT3=2;LUT6=4"
34,0.414,5.000,4.583,1.210,3.373,0.736,6,"FSM_onehot_st_q_reg[1]/C","lane_result_q_reg[3][50]/D","P2 lane result capture","FDCE=2;LUT3=2;LUT6=4"
35,0.414,5.000,4.583,1.210,3.373,0.736,6,"FSM_onehot_st_q_reg[1]/C","lane_result_q_reg[3][55]/D","P2 lane result capture","FDCE=2;LUT3=2;LUT6=4"
36,0.414,5.000,4.583,1.210,3.373,0.736,6,"FSM_onehot_st_q_reg[1]/C","lane_result_q_reg[3][59]/D","P2 lane result capture","FDCE=2;LUT3=2;LUT6=4"
37,0.414,5.000,4.583,1.210,3.373,0.736,6,"FSM_onehot_st_q_reg[1]/C","lane_result_q_reg[3][63]/D","P2 lane result capture","FDCE=2;LUT3=2;LUT6=4"
38,0.415,5.000,4.582,1.210,3.372,0.736,6,"FSM_onehot_st_q_reg[1]/C","lane_result_q_reg[0][35]/D","P2 lane result capture","FDCE=2;LUT3=2;LUT6=4"
39,0.415,5.000,4.582,1.210,3.372,0.736,6,"FSM_onehot_st_q_reg[1]/C","lane_result_q_reg[0][36]/D","P2 lane result capture","FDCE=2;LUT3=2;LUT6=4"
40,0.415,5.000,4.582,1.210,3.372,0.736,6,"FSM_onehot_st_q_reg[1]/C","lane_result_q_reg[0][37]/D","P2 lane result capture","FDCE=2;LUT3=2;LUT6=4"
41,0.415,5.000,4.582,1.210,3.372,0.736,6,"FSM_onehot_st_q_reg[1]/C","lane_result_q_reg[0][38]/D","P2 lane result capture","FDCE=2;LUT3=2;LUT6=4"
42,0.415,5.000,4.582,1.210,3.372,0.736,6,"FSM_onehot_st_q_reg[1]/C","lane_result_q_reg[0][40]/D","P2 lane result capture","FDCE=2;LUT3=2;LUT6=4"
43,0.415,5.000,4.582,1.210,3.372,0.736,6,"FSM_onehot_st_q_reg[1]/C","lane_result_q_reg[0][41]/D","P2 lane result capture","FDCE=2;LUT3=2;LUT6=4"
44,0.415,5.000,4.582,1.210,3.372,0.736,6,"FSM_onehot_st_q_reg[1]/C","lane_result_q_reg[0][42]/D","P2 lane result capture","FDCE=2;LUT3=2;LUT6=4"
45,0.415,5.000,4.582,1.210,3.372,0.736,6,"FSM_onehot_st_q_reg[1]/C","lane_result_q_reg[0][45]/D","P2 lane result capture","FDCE=2;LUT3=2;LUT6=4"
46,0.415,5.000,4.582,1.210,3.372,0.736,6,"FSM_onehot_st_q_reg[1]/C","lane_result_q_reg[0][46]/D","P2 lane result capture","FDCE=2;LUT3=2;LUT6=4"
47,0.415,5.000,4.582,1.210,3.372,0.736,6,"FSM_onehot_st_q_reg[1]/C","lane_result_q_reg[0][51]/D","P2 lane result capture","FDCE=2;LUT3=2;LUT6=4"
48,0.415,5.000,4.582,1.210,3.372,0.736,6,"FSM_onehot_st_q_reg[1]/C","lane_result_q_reg[0][52]/D","P2 lane result capture","FDCE=2;LUT3=2;LUT6=4"
49,0.415,5.000,4.582,1.210,3.372,0.736,6,"FSM_onehot_st_q_reg[1]/C","lane_result_q_reg[0][53]/D","P2 lane result capture","FDCE=2;LUT3=2;LUT6=4"
50,0.415,5.000,4.582,1.210,3.372,0.736,6,"FSM_onehot_st_q_reg[1]/C","lane_result_q_reg[0][54]/D","P2 lane result capture","FDCE=2;LUT3=2;LUT6=4"
51,0.415,5.000,4.582,1.210,3.372,0.736,6,"FSM_onehot_st_q_reg[1]/C","lane_result_q_reg[0][56]/D","P2 lane result capture","FDCE=2;LUT3=2;LUT6=4"
52,0.415,5.000,4.582,1.210,3.372,0.736,6,"FSM_onehot_st_q_reg[1]/C","lane_result_q_reg[0][57]/D","P2 lane result capture","FDCE=2;LUT3=2;LUT6=4"
53,0.415,5.000,4.582,1.210,3.372,0.736,6,"FSM_onehot_st_q_reg[1]/C","lane_result_q_reg[0][58]/D","P2 lane result capture","FDCE=2;LUT3=2;LUT6=4"
54,0.415,5.000,4.582,1.210,3.372,0.736,6,"FSM_onehot_st_q_reg[1]/C","lane_result_q_reg[0][60]/D","P2 lane result capture","FDCE=2;LUT3=2;LUT6=4"
55,0.415,5.000,4.582,1.210,3.372,0.736,6,"FSM_onehot_st_q_reg[1]/C","lane_result_q_reg[0][61]/D","P2 lane result capture","FDCE=2;LUT3=2;LUT6=4"
56,0.415,5.000,4.582,1.210,3.372,0.736,6,"FSM_onehot_st_q_reg[1]/C","lane_result_q_reg[0][62]/D","P2 lane result capture","FDCE=2;LUT3=2;LUT6=4"
57,0.415,5.000,4.582,1.210,3.372,0.736,6,"FSM_onehot_st_q_reg[1]/C","lane_result_q_reg[1][35]/D","P2 lane result capture","FDCE=2;LUT3=2;LUT6=4"
58,0.415,5.000,4.582,1.210,3.372,0.736,6,"FSM_onehot_st_q_reg[1]/C","lane_result_q_reg[1][36]/D","P2 lane result capture","FDCE=2;LUT3=2;LUT6=4"
59,0.415,5.000,4.582,1.210,3.372,0.736,6,"FSM_onehot_st_q_reg[1]/C","lane_result_q_reg[1][37]/D","P2 lane result capture","FDCE=2;LUT3=2;LUT6=4"
60,0.415,5.000,4.582,1.210,3.372,0.736,6,"FSM_onehot_st_q_reg[1]/C","lane_result_q_reg[1][38]/D","P2 lane result capture","FDCE=2;LUT3=2;LUT6=4"
61,0.415,5.000,4.582,1.210,3.372,0.736,6,"FSM_onehot_st_q_reg[1]/C","lane_result_q_reg[1][41]/D","P2 lane result capture","FDCE=2;LUT3=2;LUT6=4"
62,0.415,5.000,4.582,1.210,3.372,0.736,6,"FSM_onehot_st_q_reg[1]/C","lane_result_q_reg[1][42]/D","P2 lane result capture","FDCE=2;LUT3=2;LUT6=4"
63,0.415,5.000,4.582,1.210,3.372,0.736,6,"FSM_onehot_st_q_reg[1]/C","lane_result_q_reg[1][44]/D","P2 lane result capture","FDCE=2;LUT3=2;LUT6=4"
64,0.415,5.000,4.582,1.210,3.372,0.736,6,"FSM_onehot_st_q_reg[1]/C","lane_result_q_reg[1][45]/D","P2 lane result capture","FDCE=2;LUT3=2;LUT6=4"
65,0.415,5.000,4.582,1.210,3.372,0.736,6,"FSM_onehot_st_q_reg[1]/C","lane_result_q_reg[1][46]/D","P2 lane result capture","FDCE=2;LUT3=2;LUT6=4"
66,0.415,5.000,4.582,1.210,3.372,0.736,6,"FSM_onehot_st_q_reg[1]/C","lane_result_q_reg[1][51]/D","P2 lane result capture","FDCE=2;LUT3=2;LUT6=4"
67,0.415,5.000,4.582,1.210,3.372,0.736,6,"FSM_onehot_st_q_reg[1]/C","lane_result_q_reg[1][52]/D","P2 lane result capture","FDCE=2;LUT3=2;LUT6=4"
68,0.415,5.000,4.582,1.210,3.372,0.736,6,"FSM_onehot_st_q_reg[1]/C","lane_result_q_reg[1][53]/D","P2 lane result capture","FDCE=2;LUT3=2;LUT6=4"
69,0.415,5.000,4.582,1.210,3.372,0.736,6,"FSM_onehot_st_q_reg[1]/C","lane_result_q_reg[1][54]/D","P2 lane result capture","FDCE=2;LUT3=2;LUT6=4"
70,0.415,5.000,4.582,1.210,3.372,0.736,6,"FSM_onehot_st_q_reg[1]/C","lane_result_q_reg[1][56]/D","P2 lane result capture","FDCE=2;LUT3=2;LUT6=4"
71,0.415,5.000,4.582,1.210,3.372,0.736,6,"FSM_onehot_st_q_reg[1]/C","lane_result_q_reg[1][57]/D","P2 lane result capture","FDCE=2;LUT3=2;LUT6=4"
72,0.415,5.000,4.582,1.210,3.372,0.736,6,"FSM_onehot_st_q_reg[1]/C","lane_result_q_reg[1][58]/D","P2 lane result capture","FDCE=2;LUT3=2;LUT6=4"
73,0.415,5.000,4.582,1.210,3.372,0.736,6,"FSM_onehot_st_q_reg[1]/C","lane_result_q_reg[1][60]/D","P2 lane result capture","FDCE=2;LUT3=2;LUT6=4"
74,0.415,5.000,4.582,1.210,3.372,0.736,6,"FSM_onehot_st_q_reg[1]/C","lane_result_q_reg[1][61]/D","P2 lane result capture","FDCE=2;LUT3=2;LUT6=4"
75,0.415,5.000,4.582,1.210,3.372,0.736,6,"FSM_onehot_st_q_reg[1]/C","lane_result_q_reg[1][62]/D","P2 lane result capture","FDCE=2;LUT3=2;LUT6=4"
76,0.415,5.000,4.582,1.210,3.372,0.736,6,"FSM_onehot_st_q_reg[1]/C","lane_result_q_reg[2][35]/D","P2 lane result capture","FDCE=2;LUT3=2;LUT6=4"
77,0.415,5.000,4.582,1.210,3.372,0.736,6,"FSM_onehot_st_q_reg[1]/C","lane_result_q_reg[2][36]/D","P2 lane result capture","FDCE=2;LUT3=2;LUT6=4"
78,0.415,5.000,4.582,1.210,3.372,0.736,6,"FSM_onehot_st_q_reg[1]/C","lane_result_q_reg[2][37]/D","P2 lane result capture","FDCE=2;LUT3=2;LUT6=4"
79,0.415,5.000,4.582,1.210,3.372,0.736,6,"FSM_onehot_st_q_reg[1]/C","lane_result_q_reg[2][38]/D","P2 lane result capture","FDCE=2;LUT3=2;LUT6=4"
80,0.415,5.000,4.582,1.210,3.372,0.736,6,"FSM_onehot_st_q_reg[1]/C","lane_result_q_reg[2][40]/D","P2 lane result capture","FDCE=2;LUT3=2;LUT6=4"
81,0.415,5.000,4.582,1.210,3.372,0.736,6,"FSM_onehot_st_q_reg[1]/C","lane_result_q_reg[2][41]/D","P2 lane result capture","FDCE=2;LUT3=2;LUT6=4"
82,0.415,5.000,4.582,1.210,3.372,0.736,6,"FSM_onehot_st_q_reg[1]/C","lane_result_q_reg[2][42]/D","P2 lane result capture","FDCE=2;LUT3=2;LUT6=4"
83,0.415,5.000,4.582,1.210,3.372,0.736,6,"FSM_onehot_st_q_reg[1]/C","lane_result_q_reg[2][45]/D","P2 lane result capture","FDCE=2;LUT3=2;LUT6=4"
84,0.415,5.000,4.582,1.210,3.372,0.736,6,"FSM_onehot_st_q_reg[1]/C","lane_result_q_reg[2][46]/D","P2 lane result capture","FDCE=2;LUT3=2;LUT6=4"
85,0.415,5.000,4.582,1.210,3.372,0.736,6,"FSM_onehot_st_q_reg[1]/C","lane_result_q_reg[2][51]/D","P2 lane result capture","FDCE=2;LUT3=2;LUT6=4"
86,0.415,5.000,4.582,1.210,3.372,0.736,6,"FSM_onehot_st_q_reg[1]/C","lane_result_q_reg[2][52]/D","P2 lane result capture","FDCE=2;LUT3=2;LUT6=4"
87,0.415,5.000,4.582,1.210,3.372,0.736,6,"FSM_onehot_st_q_reg[1]/C","lane_result_q_reg[2][53]/D","P2 lane result capture","FDCE=2;LUT3=2;LUT6=4"
88,0.415,5.000,4.582,1.210,3.372,0.736,6,"FSM_onehot_st_q_reg[1]/C","lane_result_q_reg[2][54]/D","P2 lane result capture","FDCE=2;LUT3=2;LUT6=4"
89,0.415,5.000,4.582,1.210,3.372,0.736,6,"FSM_onehot_st_q_reg[1]/C","lane_result_q_reg[2][55]/D","P2 lane result capture","FDCE=2;LUT3=2;LUT6=4"
90,0.415,5.000,4.582,1.210,3.372,0.736,6,"FSM_onehot_st_q_reg[1]/C","lane_result_q_reg[2][56]/D","P2 lane result capture","FDCE=2;LUT3=2;LUT6=4"
91,0.415,5.000,4.582,1.210,3.372,0.736,6,"FSM_onehot_st_q_reg[1]/C","lane_result_q_reg[2][57]/D","P2 lane result capture","FDCE=2;LUT3=2;LUT6=4"
92,0.415,5.000,4.582,1.210,3.372,0.736,6,"FSM_onehot_st_q_reg[1]/C","lane_result_q_reg[2][58]/D","P2 lane result capture","FDCE=2;LUT3=2;LUT6=4"
93,0.415,5.000,4.582,1.210,3.372,0.736,6,"FSM_onehot_st_q_reg[1]/C","lane_result_q_reg[2][59]/D","P2 lane result capture","FDCE=2;LUT3=2;LUT6=4"
94,0.415,5.000,4.582,1.210,3.372,0.736,6,"FSM_onehot_st_q_reg[1]/C","lane_result_q_reg[2][60]/D","P2 lane result capture","FDCE=2;LUT3=2;LUT6=4"
95,0.415,5.000,4.582,1.210,3.372,0.736,6,"FSM_onehot_st_q_reg[1]/C","lane_result_q_reg[2][61]/D","P2 lane result capture","FDCE=2;LUT3=2;LUT6=4"
96,0.415,5.000,4.582,1.210,3.372,0.736,6,"FSM_onehot_st_q_reg[1]/C","lane_result_q_reg[2][62]/D","P2 lane result capture","FDCE=2;LUT3=2;LUT6=4"
97,0.415,5.000,4.582,1.210,3.372,0.736,6,"FSM_onehot_st_q_reg[1]/C","lane_result_q_reg[3][35]/D","P2 lane result capture","FDCE=2;LUT3=2;LUT6=4"
98,0.415,5.000,4.582,1.210,3.372,0.736,6,"FSM_onehot_st_q_reg[1]/C","lane_result_q_reg[3][36]/D","P2 lane result capture","FDCE=2;LUT3=2;LUT6=4"
99,0.415,5.000,4.582,1.210,3.372,0.736,6,"FSM_onehot_st_q_reg[1]/C","lane_result_q_reg[3][37]/D","P2 lane result capture","FDCE=2;LUT3=2;LUT6=4"
100,0.415,5.000,4.582,1.210,3.372,0.736,6,"FSM_onehot_st_q_reg[1]/C","lane_result_q_reg[3][38]/D","P2 lane result capture","FDCE=2;LUT3=2;LUT6=4"
101,0.415,5.000,4.582,1.210,3.372,0.736,6,"FSM_onehot_st_q_reg[1]/C","lane_result_q_reg[3][41]/D","P2 lane result capture","FDCE=2;LUT3=2;LUT6=4"
102,0.415,5.000,4.582,1.210,3.372,0.736,6,"FSM_onehot_st_q_reg[1]/C","lane_result_q_reg[3][42]/D","P2 lane result capture","FDCE=2;LUT3=2;LUT6=4"
103,0.415,5.000,4.582,1.210,3.372,0.736,6,"FSM_onehot_st_q_reg[1]/C","lane_result_q_reg[3][44]/D","P2 lane result capture","FDCE=2;LUT3=2;LUT6=4"
104,0.415,5.000,4.582,1.210,3.372,0.736,6,"FSM_onehot_st_q_reg[1]/C","lane_result_q_reg[3][45]/D","P2 lane result capture","FDCE=2;LUT3=2;LUT6=4"
105,0.415,5.000,4.582,1.210,3.372,0.736,6,"FSM_onehot_st_q_reg[1]/C","lane_result_q_reg[3][46]/D","P2 lane result capture","FDCE=2;LUT3=2;LUT6=4"
106,0.415,5.000,4.582,1.210,3.372,0.736,6,"FSM_onehot_st_q_reg[1]/C","lane_result_q_reg[3][51]/D","P2 lane result capture","FDCE=2;LUT3=2;LUT6=4"
107,0.415,5.000,4.582,1.210,3.372,0.736,6,"FSM_onehot_st_q_reg[1]/C","lane_result_q_reg[3][52]/D","P2 lane result capture","FDCE=2;LUT3=2;LUT6=4"
108,0.415,5.000,4.582,1.210,3.372,0.736,6,"FSM_onehot_st_q_reg[1]/C","lane_result_q_reg[3][53]/D","P2 lane result capture","FDCE=2;LUT3=2;LUT6=4"
109,0.415,5.000,4.582,1.210,3.372,0.736,6,"FSM_onehot_st_q_reg[1]/C","lane_result_q_reg[3][54]/D","P2 lane result capture","FDCE=2;LUT3=2;LUT6=4"
110,0.415,5.000,4.582,1.210,3.372,0.736,6,"FSM_onehot_st_q_reg[1]/C","lane_result_q_reg[3][56]/D","P2 lane result capture","FDCE=2;LUT3=2;LUT6=4"
111,0.415,5.000,4.582,1.210,3.372,0.736,6,"FSM_onehot_st_q_reg[1]/C","lane_result_q_reg[3][57]/D","P2 lane result capture","FDCE=2;LUT3=2;LUT6=4"
112,0.415,5.000,4.582,1.210,3.372,0.736,6,"FSM_onehot_st_q_reg[1]/C","lane_result_q_reg[3][58]/D","P2 lane result capture","FDCE=2;LUT3=2;LUT6=4"
113,0.415,5.000,4.582,1.210,3.372,0.736,6,"FSM_onehot_st_q_reg[1]/C","lane_result_q_reg[3][60]/D","P2 lane result capture","FDCE=2;LUT3=2;LUT6=4"
114,0.415,5.000,4.582,1.210,3.372,0.736,6,"FSM_onehot_st_q_reg[1]/C","lane_result_q_reg[3][61]/D","P2 lane result capture","FDCE=2;LUT3=2;LUT6=4"
115,0.415,5.000,4.582,1.210,3.372,0.736,6,"FSM_onehot_st_q_reg[1]/C","lane_result_q_reg[3][62]/D","P2 lane result capture","FDCE=2;LUT3=2;LUT6=4"
116,0.426,5.000,4.600,2.146,2.454,0.533,6,"gen_lane[0].i_p2_pop_slice/popcount_part_q_o_reg[0][0]/C","group_dist_q_reg[7]/D","P2 popcount capture","CARRY4=3;FDCE=2;LUT3=2;LUT5=1"
117,0.426,5.000,4.571,1.210,3.361,0.735,6,"FSM_onehot_st_q_reg[1]/C","lane_result_q_reg[0][24]/D","P2 lane result capture","FDCE=2;LUT3=2;LUT6=4"
118,0.426,5.000,4.571,1.210,3.361,0.735,6,"FSM_onehot_st_q_reg[1]/C","lane_result_q_reg[0][28]/D","P2 lane result capture","FDCE=2;LUT3=2;LUT6=4"
119,0.426,5.000,4.571,1.210,3.361,0.735,6,"FSM_onehot_st_q_reg[1]/C","lane_result_q_reg[1][24]/D","P2 lane result capture","FDCE=2;LUT3=2;LUT6=4"
120,0.426,5.000,4.571,1.210,3.361,0.735,6,"FSM_onehot_st_q_reg[1]/C","lane_result_q_reg[1][28]/D","P2 lane result capture","FDCE=2;LUT3=2;LUT6=4"
121,0.426,5.000,4.571,1.210,3.361,0.735,6,"FSM_onehot_st_q_reg[1]/C","lane_result_q_reg[2][24]/D","P2 lane result capture","FDCE=2;LUT3=2;LUT6=4"
122,0.426,5.000,4.571,1.210,3.361,0.735,6,"FSM_onehot_st_q_reg[1]/C","lane_result_q_reg[2][28]/D","P2 lane result capture","FDCE=2;LUT3=2;LUT6=4"
123,0.426,5.000,4.571,1.210,3.361,0.735,6,"FSM_onehot_st_q_reg[1]/C","lane_result_q_reg[3][24]/D","P2 lane result capture","FDCE=2;LUT3=2;LUT6=4"
124,0.433,5.000,4.564,1.210,3.354,0.735,6,"FSM_onehot_st_q_reg[1]/C","lane_result_q_reg[0][0]/D","P2 lane result capture","FDCE=2;LUT3=2;LUT6=4"
125,0.433,5.000,4.564,1.210,3.354,0.735,6,"FSM_onehot_st_q_reg[1]/C","lane_result_q_reg[0][16]/D","P2 lane result capture","FDCE=2;LUT3=2;LUT6=4"
126,0.433,5.000,4.564,1.210,3.354,0.735,6,"FSM_onehot_st_q_reg[1]/C","lane_result_q_reg[0][17]/D","P2 lane result capture","FDCE=2;LUT3=2;LUT6=4"
127,0.433,5.000,4.564,1.210,3.354,0.735,6,"FSM_onehot_st_q_reg[1]/C","lane_result_q_reg[0][18]/D","P2 lane result capture","FDCE=2;LUT3=2;LUT6=4"
128,0.433,5.000,4.564,1.210,3.354,0.735,6,"FSM_onehot_st_q_reg[1]/C","lane_result_q_reg[0][1]/D","P2 lane result capture","FDCE=2;LUT3=2;LUT6=4"
129,0.433,5.000,4.564,1.210,3.354,0.735,6,"FSM_onehot_st_q_reg[1]/C","lane_result_q_reg[0][23]/D","P2 lane result capture","FDCE=2;LUT3=2;LUT6=4"
130,0.433,5.000,4.564,1.210,3.354,0.735,6,"FSM_onehot_st_q_reg[1]/C","lane_result_q_reg[0][27]/D","P2 lane result capture","FDCE=2;LUT3=2;LUT6=4"
131,0.433,5.000,4.564,1.210,3.354,0.735,6,"FSM_onehot_st_q_reg[1]/C","lane_result_q_reg[0][2]/D","P2 lane result capture","FDCE=2;LUT3=2;LUT6=4"
132,0.433,5.000,4.564,1.210,3.354,0.735,6,"FSM_onehot_st_q_reg[1]/C","lane_result_q_reg[0][31]/D","P2 lane result capture","FDCE=2;LUT3=2;LUT6=4"
133,0.433,5.000,4.564,1.210,3.354,0.735,6,"FSM_onehot_st_q_reg[1]/C","lane_result_q_reg[1][0]/D","P2 lane result capture","FDCE=2;LUT3=2;LUT6=4"
134,0.433,5.000,4.564,1.210,3.354,0.735,6,"FSM_onehot_st_q_reg[1]/C","lane_result_q_reg[1][15]/D","P2 lane result capture","FDCE=2;LUT3=2;LUT6=4"
135,0.433,5.000,4.564,1.210,3.354,0.735,6,"FSM_onehot_st_q_reg[1]/C","lane_result_q_reg[1][16]/D","P2 lane result capture","FDCE=2;LUT3=2;LUT6=4"
136,0.433,5.000,4.564,1.210,3.354,0.735,6,"FSM_onehot_st_q_reg[1]/C","lane_result_q_reg[1][17]/D","P2 lane result capture","FDCE=2;LUT3=2;LUT6=4"
137,0.433,5.000,4.564,1.210,3.354,0.735,6,"FSM_onehot_st_q_reg[1]/C","lane_result_q_reg[1][18]/D","P2 lane result capture","FDCE=2;LUT3=2;LUT6=4"
138,0.433,5.000,4.564,1.210,3.354,0.735,6,"FSM_onehot_st_q_reg[1]/C","lane_result_q_reg[1][1]/D","P2 lane result capture","FDCE=2;LUT3=2;LUT6=4"
139,0.433,5.000,4.564,1.210,3.354,0.735,6,"FSM_onehot_st_q_reg[1]/C","lane_result_q_reg[1][23]/D","P2 lane result capture","FDCE=2;LUT3=2;LUT6=4"
140,0.433,5.000,4.564,1.210,3.354,0.735,6,"FSM_onehot_st_q_reg[1]/C","lane_result_q_reg[1][27]/D","P2 lane result capture","FDCE=2;LUT3=2;LUT6=4"
141,0.433,5.000,4.564,1.210,3.354,0.735,6,"FSM_onehot_st_q_reg[1]/C","lane_result_q_reg[1][2]/D","P2 lane result capture","FDCE=2;LUT3=2;LUT6=4"
142,0.433,5.000,4.564,1.210,3.354,0.735,6,"FSM_onehot_st_q_reg[1]/C","lane_result_q_reg[1][31]/D","P2 lane result capture","FDCE=2;LUT3=2;LUT6=4"
143,0.433,5.000,4.564,1.210,3.354,0.735,6,"FSM_onehot_st_q_reg[1]/C","lane_result_q_reg[2][0]/D","P2 lane result capture","FDCE=2;LUT3=2;LUT6=4"
144,0.433,5.000,4.564,1.210,3.354,0.735,6,"FSM_onehot_st_q_reg[1]/C","lane_result_q_reg[2][16]/D","P2 lane result capture","FDCE=2;LUT3=2;LUT6=4"
145,0.433,5.000,4.564,1.210,3.354,0.735,6,"FSM_onehot_st_q_reg[1]/C","lane_result_q_reg[2][17]/D","P2 lane result capture","FDCE=2;LUT3=2;LUT6=4"
146,0.433,5.000,4.564,1.210,3.354,0.735,6,"FSM_onehot_st_q_reg[1]/C","lane_result_q_reg[2][18]/D","P2 lane result capture","FDCE=2;LUT3=2;LUT6=4"
147,0.433,5.000,4.564,1.210,3.354,0.735,6,"FSM_onehot_st_q_reg[1]/C","lane_result_q_reg[2][1]/D","P2 lane result capture","FDCE=2;LUT3=2;LUT6=4"
148,0.433,5.000,4.564,1.210,3.354,0.735,6,"FSM_onehot_st_q_reg[1]/C","lane_result_q_reg[2][2]/D","P2 lane result capture","FDCE=2;LUT3=2;LUT6=4"
149,0.433,5.000,4.564,1.210,3.354,0.735,6,"FSM_onehot_st_q_reg[1]/C","lane_result_q_reg[3][0]/D","P2 lane result capture","FDCE=2;LUT3=2;LUT6=4"
150,0.433,5.000,4.564,1.210,3.354,0.735,6,"FSM_onehot_st_q_reg[1]/C","lane_result_q_reg[3][11]/D","P2 lane result capture","FDCE=2;LUT3=2;LUT6=4"
151,0.433,5.000,4.564,1.210,3.354,0.735,6,"FSM_onehot_st_q_reg[1]/C","lane_result_q_reg[3][15]/D","P2 lane result capture","FDCE=2;LUT3=2;LUT6=4"
152,0.433,5.000,4.564,1.210,3.354,0.735,6,"FSM_onehot_st_q_reg[1]/C","lane_result_q_reg[3][16]/D","P2 lane result capture","FDCE=2;LUT3=2;LUT6=4"
153,0.433,5.000,4.564,1.210,3.354,0.735,6,"FSM_onehot_st_q_reg[1]/C","lane_result_q_reg[3][17]/D","P2 lane result capture","FDCE=2;LUT3=2;LUT6=4"
154,0.433,5.000,4.564,1.210,3.354,0.735,6,"FSM_onehot_st_q_reg[1]/C","lane_result_q_reg[3][18]/D","P2 lane result capture","FDCE=2;LUT3=2;LUT6=4"
155,0.433,5.000,4.564,1.210,3.354,0.735,6,"FSM_onehot_st_q_reg[1]/C","lane_result_q_reg[3][1]/D","P2 lane result capture","FDCE=2;LUT3=2;LUT6=4"
156,0.433,5.000,4.564,1.210,3.354,0.735,6,"FSM_onehot_st_q_reg[1]/C","lane_result_q_reg[3][23]/D","P2 lane result capture","FDCE=2;LUT3=2;LUT6=4"
157,0.433,5.000,4.564,1.210,3.354,0.735,6,"FSM_onehot_st_q_reg[1]/C","lane_result_q_reg[3][27]/D","P2 lane result capture","FDCE=2;LUT3=2;LUT6=4"
158,0.433,5.000,4.564,1.210,3.354,0.735,6,"FSM_onehot_st_q_reg[1]/C","lane_result_q_reg[3][2]/D","P2 lane result capture","FDCE=2;LUT3=2;LUT6=4"
159,0.433,5.000,4.564,1.210,3.354,0.735,6,"FSM_onehot_st_q_reg[1]/C","lane_result_q_reg[3][31]/D","P2 lane result capture","FDCE=2;LUT3=2;LUT6=4"
160,0.434,5.000,4.563,1.210,3.353,0.735,6,"FSM_onehot_st_q_reg[1]/C","lane_result_q_reg[0][10]/D","P2 lane result capture","FDCE=2;LUT3=2;LUT6=4"
161,0.434,5.000,4.563,1.210,3.353,0.735,6,"FSM_onehot_st_q_reg[1]/C","lane_result_q_reg[0][13]/D","P2 lane result capture","FDCE=2;LUT3=2;LUT6=4"
162,0.434,5.000,4.563,1.210,3.353,0.735,6,"FSM_onehot_st_q_reg[1]/C","lane_result_q_reg[0][14]/D","P2 lane result capture","FDCE=2;LUT3=2;LUT6=4"
163,0.434,5.000,4.563,1.210,3.353,0.735,6,"FSM_onehot_st_q_reg[1]/C","lane_result_q_reg[0][19]/D","P2 lane result capture","FDCE=2;LUT3=2;LUT6=4"
164,0.434,5.000,4.563,1.210,3.353,0.735,6,"FSM_onehot_st_q_reg[1]/C","lane_result_q_reg[0][20]/D","P2 lane result capture","FDCE=2;LUT3=2;LUT6=4"
165,0.434,5.000,4.563,1.210,3.353,0.735,6,"FSM_onehot_st_q_reg[1]/C","lane_result_q_reg[0][21]/D","P2 lane result capture","FDCE=2;LUT3=2;LUT6=4"
166,0.434,5.000,4.563,1.210,3.353,0.735,6,"FSM_onehot_st_q_reg[1]/C","lane_result_q_reg[0][22]/D","P2 lane result capture","FDCE=2;LUT3=2;LUT6=4"
167,0.434,5.000,4.563,1.210,3.353,0.735,6,"FSM_onehot_st_q_reg[1]/C","lane_result_q_reg[0][25]/D","P2 lane result capture","FDCE=2;LUT3=2;LUT6=4"
168,0.434,5.000,4.563,1.210,3.353,0.735,6,"FSM_onehot_st_q_reg[1]/C","lane_result_q_reg[0][26]/D","P2 lane result capture","FDCE=2;LUT3=2;LUT6=4"
169,0.434,5.000,4.563,1.210,3.353,0.735,6,"FSM_onehot_st_q_reg[1]/C","lane_result_q_reg[0][29]/D","P2 lane result capture","FDCE=2;LUT3=2;LUT6=4"
170,0.434,5.000,4.563,1.210,3.353,0.735,6,"FSM_onehot_st_q_reg[1]/C","lane_result_q_reg[0][30]/D","P2 lane result capture","FDCE=2;LUT3=2;LUT6=4"
171,0.434,5.000,4.563,1.190,3.373,0.739,6,"FSM_onehot_st_q_reg[1]/C","lane_result_q_reg[0][39]/D","P2 lane result capture","FDCE=2;LUT3=2;LUT6=4"
172,0.434,5.000,4.563,1.210,3.353,0.735,6,"FSM_onehot_st_q_reg[1]/C","lane_result_q_reg[0][3]/D","P2 lane result capture","FDCE=2;LUT3=2;LUT6=4"
173,0.434,5.000,4.563,1.190,3.373,0.739,6,"FSM_onehot_st_q_reg[1]/C","lane_result_q_reg[0][43]/D","P2 lane result capture","FDCE=2;LUT3=2;LUT6=4"
174,0.434,5.000,4.563,1.190,3.373,0.739,6,"FSM_onehot_st_q_reg[1]/C","lane_result_q_reg[0][47]/D","P2 lane result capture","FDCE=2;LUT3=2;LUT6=4"
175,0.434,5.000,4.563,1.210,3.353,0.735,6,"FSM_onehot_st_q_reg[1]/C","lane_result_q_reg[0][4]/D","P2 lane result capture","FDCE=2;LUT3=2;LUT6=4"
176,0.434,5.000,4.563,1.210,3.353,0.735,6,"FSM_onehot_st_q_reg[1]/C","lane_result_q_reg[0][5]/D","P2 lane result capture","FDCE=2;LUT3=2;LUT6=4"
177,0.434,5.000,4.563,1.210,3.353,0.735,6,"FSM_onehot_st_q_reg[1]/C","lane_result_q_reg[0][6]/D","P2 lane result capture","FDCE=2;LUT3=2;LUT6=4"
178,0.434,5.000,4.563,1.210,3.353,0.735,6,"FSM_onehot_st_q_reg[1]/C","lane_result_q_reg[0][8]/D","P2 lane result capture","FDCE=2;LUT3=2;LUT6=4"
179,0.434,5.000,4.563,1.210,3.353,0.735,6,"FSM_onehot_st_q_reg[1]/C","lane_result_q_reg[0][9]/D","P2 lane result capture","FDCE=2;LUT3=2;LUT6=4"
180,0.434,5.000,4.563,1.210,3.353,0.735,6,"FSM_onehot_st_q_reg[1]/C","lane_result_q_reg[1][10]/D","P2 lane result capture","FDCE=2;LUT3=2;LUT6=4"
181,0.434,5.000,4.563,1.210,3.353,0.735,6,"FSM_onehot_st_q_reg[1]/C","lane_result_q_reg[1][12]/D","P2 lane result capture","FDCE=2;LUT3=2;LUT6=4"
182,0.434,5.000,4.563,1.210,3.353,0.735,6,"FSM_onehot_st_q_reg[1]/C","lane_result_q_reg[1][13]/D","P2 lane result capture","FDCE=2;LUT3=2;LUT6=4"
183,0.434,5.000,4.563,1.210,3.353,0.735,6,"FSM_onehot_st_q_reg[1]/C","lane_result_q_reg[1][14]/D","P2 lane result capture","FDCE=2;LUT3=2;LUT6=4"
184,0.434,5.000,4.563,1.210,3.353,0.735,6,"FSM_onehot_st_q_reg[1]/C","lane_result_q_reg[1][19]/D","P2 lane result capture","FDCE=2;LUT3=2;LUT6=4"
185,0.434,5.000,4.563,1.210,3.353,0.735,6,"FSM_onehot_st_q_reg[1]/C","lane_result_q_reg[1][20]/D","P2 lane result capture","FDCE=2;LUT3=2;LUT6=4"
186,0.434,5.000,4.563,1.210,3.353,0.735,6,"FSM_onehot_st_q_reg[1]/C","lane_result_q_reg[1][21]/D","P2 lane result capture","FDCE=2;LUT3=2;LUT6=4"
187,0.434,5.000,4.563,1.210,3.353,0.735,6,"FSM_onehot_st_q_reg[1]/C","lane_result_q_reg[1][22]/D","P2 lane result capture","FDCE=2;LUT3=2;LUT6=4"
188,0.434,5.000,4.563,1.210,3.353,0.735,6,"FSM_onehot_st_q_reg[1]/C","lane_result_q_reg[1][25]/D","P2 lane result capture","FDCE=2;LUT3=2;LUT6=4"
189,0.434,5.000,4.563,1.210,3.353,0.735,6,"FSM_onehot_st_q_reg[1]/C","lane_result_q_reg[1][26]/D","P2 lane result capture","FDCE=2;LUT3=2;LUT6=4"
190,0.434,5.000,4.563,1.210,3.353,0.735,6,"FSM_onehot_st_q_reg[1]/C","lane_result_q_reg[1][29]/D","P2 lane result capture","FDCE=2;LUT3=2;LUT6=4"
191,0.434,5.000,4.563,1.210,3.353,0.735,6,"FSM_onehot_st_q_reg[1]/C","lane_result_q_reg[1][30]/D","P2 lane result capture","FDCE=2;LUT3=2;LUT6=4"
192,0.434,5.000,4.563,1.190,3.373,0.739,6,"FSM_onehot_st_q_reg[1]/C","lane_result_q_reg[1][39]/D","P2 lane result capture","FDCE=2;LUT3=2;LUT6=4"
193,0.434,5.000,4.563,1.210,3.353,0.735,6,"FSM_onehot_st_q_reg[1]/C","lane_result_q_reg[1][3]/D","P2 lane result capture","FDCE=2;LUT3=2;LUT6=4"
194,0.434,5.000,4.563,1.190,3.373,0.739,6,"FSM_onehot_st_q_reg[1]/C","lane_result_q_reg[1][43]/D","P2 lane result capture","FDCE=2;LUT3=2;LUT6=4"
195,0.434,5.000,4.563,1.210,3.353,0.735,6,"FSM_onehot_st_q_reg[1]/C","lane_result_q_reg[1][4]/D","P2 lane result capture","FDCE=2;LUT3=2;LUT6=4"
196,0.434,5.000,4.563,1.210,3.353,0.735,6,"FSM_onehot_st_q_reg[1]/C","lane_result_q_reg[1][5]/D","P2 lane result capture","FDCE=2;LUT3=2;LUT6=4"
197,0.434,5.000,4.563,1.210,3.353,0.735,6,"FSM_onehot_st_q_reg[1]/C","lane_result_q_reg[1][6]/D","P2 lane result capture","FDCE=2;LUT3=2;LUT6=4"
198,0.434,5.000,4.563,1.210,3.353,0.735,6,"FSM_onehot_st_q_reg[1]/C","lane_result_q_reg[1][9]/D","P2 lane result capture","FDCE=2;LUT3=2;LUT6=4"
199,0.434,5.000,4.563,1.210,3.353,0.735,6,"FSM_onehot_st_q_reg[1]/C","lane_result_q_reg[2][10]/D","P2 lane result capture","FDCE=2;LUT3=2;LUT6=4"
200,0.434,5.000,4.563,1.210,3.353,0.735,6,"FSM_onehot_st_q_reg[1]/C","lane_result_q_reg[2][13]/D","P2 lane result capture","FDCE=2;LUT3=2;LUT6=4"
201,0.434,5.000,4.563,1.210,3.353,0.735,6,"FSM_onehot_st_q_reg[1]/C","lane_result_q_reg[2][14]/D","P2 lane result capture","FDCE=2;LUT3=2;LUT6=4"
202,0.434,5.000,4.563,1.210,3.353,0.735,6,"FSM_onehot_st_q_reg[1]/C","lane_result_q_reg[2][19]/D","P2 lane result capture","FDCE=2;LUT3=2;LUT6=4"
203,0.434,5.000,4.563,1.210,3.353,0.735,6,"FSM_onehot_st_q_reg[1]/C","lane_result_q_reg[2][20]/D","P2 lane result capture","FDCE=2;LUT3=2;LUT6=4"
204,0.434,5.000,4.563,1.210,3.353,0.735,6,"FSM_onehot_st_q_reg[1]/C","lane_result_q_reg[2][21]/D","P2 lane result capture","FDCE=2;LUT3=2;LUT6=4"
205,0.434,5.000,4.563,1.210,3.353,0.735,6,"FSM_onehot_st_q_reg[1]/C","lane_result_q_reg[2][22]/D","P2 lane result capture","FDCE=2;LUT3=2;LUT6=4"
206,0.434,5.000,4.563,1.210,3.353,0.735,6,"FSM_onehot_st_q_reg[1]/C","lane_result_q_reg[2][23]/D","P2 lane result capture","FDCE=2;LUT3=2;LUT6=4"
207,0.434,5.000,4.563,1.210,3.353,0.735,6,"FSM_onehot_st_q_reg[1]/C","lane_result_q_reg[2][25]/D","P2 lane result capture","FDCE=2;LUT3=2;LUT6=4"
208,0.434,5.000,4.563,1.210,3.353,0.735,6,"FSM_onehot_st_q_reg[1]/C","lane_result_q_reg[2][26]/D","P2 lane result capture","FDCE=2;LUT3=2;LUT6=4"
209,0.434,5.000,4.563,1.210,3.353,0.735,6,"FSM_onehot_st_q_reg[1]/C","lane_result_q_reg[2][27]/D","P2 lane result capture","FDCE=2;LUT3=2;LUT6=4"
210,0.434,5.000,4.563,1.210,3.353,0.735,6,"FSM_onehot_st_q_reg[1]/C","lane_result_q_reg[2][29]/D","P2 lane result capture","FDCE=2;LUT3=2;LUT6=4"
211,0.434,5.000,4.563,1.210,3.353,0.735,6,"FSM_onehot_st_q_reg[1]/C","lane_result_q_reg[2][30]/D","P2 lane result capture","FDCE=2;LUT3=2;LUT6=4"
212,0.434,5.000,4.563,1.210,3.353,0.735,6,"FSM_onehot_st_q_reg[1]/C","lane_result_q_reg[2][3]/D","P2 lane result capture","FDCE=2;LUT3=2;LUT6=4"
213,0.434,5.000,4.563,1.210,3.353,0.735,6,"FSM_onehot_st_q_reg[1]/C","lane_result_q_reg[2][4]/D","P2 lane result capture","FDCE=2;LUT3=2;LUT6=4"
214,0.434,5.000,4.563,1.210,3.353,0.735,6,"FSM_onehot_st_q_reg[1]/C","lane_result_q_reg[2][5]/D","P2 lane result capture","FDCE=2;LUT3=2;LUT6=4"
215,0.434,5.000,4.563,1.210,3.353,0.735,6,"FSM_onehot_st_q_reg[1]/C","lane_result_q_reg[2][6]/D","P2 lane result capture","FDCE=2;LUT3=2;LUT6=4"
216,0.434,5.000,4.563,1.210,3.353,0.735,6,"FSM_onehot_st_q_reg[1]/C","lane_result_q_reg[2][8]/D","P2 lane result capture","FDCE=2;LUT3=2;LUT6=4"
217,0.434,5.000,4.563,1.210,3.353,0.735,6,"FSM_onehot_st_q_reg[1]/C","lane_result_q_reg[2][9]/D","P2 lane result capture","FDCE=2;LUT3=2;LUT6=4"
218,0.434,5.000,4.563,1.210,3.353,0.735,6,"FSM_onehot_st_q_reg[1]/C","lane_result_q_reg[3][10]/D","P2 lane result capture","FDCE=2;LUT3=2;LUT6=4"
219,0.434,5.000,4.563,1.210,3.353,0.735,6,"FSM_onehot_st_q_reg[1]/C","lane_result_q_reg[3][12]/D","P2 lane result capture","FDCE=2;LUT3=2;LUT6=4"
220,0.434,5.000,4.563,1.210,3.353,0.735,6,"FSM_onehot_st_q_reg[1]/C","lane_result_q_reg[3][13]/D","P2 lane result capture","FDCE=2;LUT3=2;LUT6=4"
221,0.434,5.000,4.563,1.210,3.353,0.735,6,"FSM_onehot_st_q_reg[1]/C","lane_result_q_reg[3][14]/D","P2 lane result capture","FDCE=2;LUT3=2;LUT6=4"
222,0.434,5.000,4.563,1.210,3.353,0.735,6,"FSM_onehot_st_q_reg[1]/C","lane_result_q_reg[3][19]/D","P2 lane result capture","FDCE=2;LUT3=2;LUT6=4"
223,0.434,5.000,4.563,1.210,3.353,0.735,6,"FSM_onehot_st_q_reg[1]/C","lane_result_q_reg[3][20]/D","P2 lane result capture","FDCE=2;LUT3=2;LUT6=4"
224,0.434,5.000,4.563,1.210,3.353,0.735,6,"FSM_onehot_st_q_reg[1]/C","lane_result_q_reg[3][21]/D","P2 lane result capture","FDCE=2;LUT3=2;LUT6=4"
225,0.434,5.000,4.563,1.210,3.353,0.735,6,"FSM_onehot_st_q_reg[1]/C","lane_result_q_reg[3][22]/D","P2 lane result capture","FDCE=2;LUT3=2;LUT6=4"
226,0.434,5.000,4.563,1.210,3.353,0.735,6,"FSM_onehot_st_q_reg[1]/C","lane_result_q_reg[3][25]/D","P2 lane result capture","FDCE=2;LUT3=2;LUT6=4"
227,0.434,5.000,4.563,1.210,3.353,0.735,6,"FSM_onehot_st_q_reg[1]/C","lane_result_q_reg[3][26]/D","P2 lane result capture","FDCE=2;LUT3=2;LUT6=4"
228,0.434,5.000,4.563,1.210,3.353,0.735,6,"FSM_onehot_st_q_reg[1]/C","lane_result_q_reg[3][28]/D","P2 lane result capture","FDCE=2;LUT3=2;LUT6=4"
229,0.434,5.000,4.563,1.210,3.353,0.735,6,"FSM_onehot_st_q_reg[1]/C","lane_result_q_reg[3][29]/D","P2 lane result capture","FDCE=2;LUT3=2;LUT6=4"
230,0.434,5.000,4.563,1.210,3.353,0.735,6,"FSM_onehot_st_q_reg[1]/C","lane_result_q_reg[3][30]/D","P2 lane result capture","FDCE=2;LUT3=2;LUT6=4"
231,0.434,5.000,4.563,1.190,3.373,0.739,6,"FSM_onehot_st_q_reg[1]/C","lane_result_q_reg[3][39]/D","P2 lane result capture","FDCE=2;LUT3=2;LUT6=4"
232,0.434,5.000,4.563,1.210,3.353,0.735,6,"FSM_onehot_st_q_reg[1]/C","lane_result_q_reg[3][3]/D","P2 lane result capture","FDCE=2;LUT3=2;LUT6=4"
233,0.434,5.000,4.563,1.210,3.353,0.735,6,"FSM_onehot_st_q_reg[1]/C","lane_result_q_reg[3][4]/D","P2 lane result capture","FDCE=2;LUT3=2;LUT6=4"
234,0.434,5.000,4.563,1.210,3.353,0.735,6,"FSM_onehot_st_q_reg[1]/C","lane_result_q_reg[3][5]/D","P2 lane result capture","FDCE=2;LUT3=2;LUT6=4"
235,0.434,5.000,4.563,1.210,3.353,0.735,6,"FSM_onehot_st_q_reg[1]/C","lane_result_q_reg[3][6]/D","P2 lane result capture","FDCE=2;LUT3=2;LUT6=4"
236,0.434,5.000,4.563,1.210,3.353,0.735,6,"FSM_onehot_st_q_reg[1]/C","lane_result_q_reg[3][9]/D","P2 lane result capture","FDCE=2;LUT3=2;LUT6=4"
237,0.435,5.000,4.562,1.190,3.372,0.739,6,"FSM_onehot_st_q_reg[1]/C","lane_result_q_reg[0][44]/D","P2 lane result capture","FDCE=2;LUT3=2;LUT6=4"
238,0.435,5.000,4.562,1.190,3.372,0.739,6,"FSM_onehot_st_q_reg[1]/C","lane_result_q_reg[1][40]/D","P2 lane result capture","FDCE=2;LUT3=2;LUT6=4"
239,0.435,5.000,4.562,1.190,3.372,0.739,6,"FSM_onehot_st_q_reg[1]/C","lane_result_q_reg[2][39]/D","P2 lane result capture","FDCE=2;LUT3=2;LUT6=4"
240,0.435,5.000,4.562,1.190,3.372,0.739,6,"FSM_onehot_st_q_reg[1]/C","lane_result_q_reg[2][43]/D","P2 lane result capture","FDCE=2;LUT3=2;LUT6=4"
241,0.435,5.000,4.562,1.190,3.372,0.739,6,"FSM_onehot_st_q_reg[1]/C","lane_result_q_reg[2][44]/D","P2 lane result capture","FDCE=2;LUT3=2;LUT6=4"
242,0.435,5.000,4.562,1.190,3.372,0.739,6,"FSM_onehot_st_q_reg[1]/C","lane_result_q_reg[3][40]/D","P2 lane result capture","FDCE=2;LUT3=2;LUT6=4"
243,0.452,5.000,4.545,1.190,3.355,0.738,6,"FSM_onehot_st_q_reg[12]/C","lane_result_q_reg[2][63]/D","P2 lane result capture","FDCE=2;LUT4=1;LUT5=2;LUT6=3"
244,0.453,5.000,4.544,1.190,3.354,0.738,6,"FSM_onehot_st_q_reg[1]/C","lane_result_q_reg[0][11]/D","P2 lane result capture","FDCE=2;LUT3=2;LUT6=4"
245,0.453,5.000,4.544,1.190,3.354,0.738,6,"FSM_onehot_st_q_reg[1]/C","lane_result_q_reg[0][15]/D","P2 lane result capture","FDCE=2;LUT3=2;LUT6=4"
246,0.453,5.000,4.544,1.190,3.354,0.738,6,"FSM_onehot_st_q_reg[1]/C","lane_result_q_reg[0][7]/D","P2 lane result capture","FDCE=2;LUT3=2;LUT6=4"
247,0.453,5.000,4.544,1.190,3.354,0.738,6,"FSM_onehot_st_q_reg[1]/C","lane_result_q_reg[1][11]/D","P2 lane result capture","FDCE=2;LUT3=2;LUT6=4"
248,0.453,5.000,4.544,1.190,3.354,0.738,6,"FSM_onehot_st_q_reg[1]/C","lane_result_q_reg[1][7]/D","P2 lane result capture","FDCE=2;LUT3=2;LUT6=4"
249,0.453,5.000,4.544,1.190,3.354,0.738,6,"FSM_onehot_st_q_reg[1]/C","lane_result_q_reg[3][7]/D","P2 lane result capture","FDCE=2;LUT3=2;LUT6=4"
250,0.454,5.000,4.543,1.190,3.353,0.738,6,"FSM_onehot_st_q_reg[1]/C","lane_result_q_reg[0][12]/D","P2 lane result capture","FDCE=2;LUT3=2;LUT6=4"
251,0.454,5.000,4.543,1.190,3.353,0.738,6,"FSM_onehot_st_q_reg[1]/C","lane_result_q_reg[1][8]/D","P2 lane result capture","FDCE=2;LUT3=2;LUT6=4"
252,0.454,5.000,4.543,1.190,3.353,0.738,6,"FSM_onehot_st_q_reg[1]/C","lane_result_q_reg[2][11]/D","P2 lane result capture","FDCE=2;LUT3=2;LUT6=4"
253,0.454,5.000,4.543,1.190,3.353,0.738,6,"FSM_onehot_st_q_reg[1]/C","lane_result_q_reg[2][12]/D","P2 lane result capture","FDCE=2;LUT3=2;LUT6=4"
254,0.454,5.000,4.543,1.190,3.353,0.738,6,"FSM_onehot_st_q_reg[1]/C","lane_result_q_reg[2][7]/D","P2 lane result capture","FDCE=2;LUT3=2;LUT6=4"
255,0.454,5.000,4.543,1.190,3.353,0.738,6,"FSM_onehot_st_q_reg[1]/C","lane_result_q_reg[3][8]/D","P2 lane result capture","FDCE=2;LUT3=2;LUT6=4"
256,0.479,5.000,4.547,2.093,2.454,0.540,6,"gen_lane[0].i_p2_pop_slice/popcount_part_q_o_reg[0][0]/C","group_dist_q_reg[6]/D","P2 popcount capture","CARRY4=3;FDCE=2;LUT3=2;LUT5=1"
257,0.506,5.000,4.491,1.210,3.281,0.731,6,"FSM_onehot_st_q_reg[1]/C","lane_result_q_reg[2][31]/D","P2 lane result capture","FDCE=2;LUT3=2;LUT6=4"
258,0.507,5.000,4.490,1.190,3.300,0.735,6,"FSM_onehot_st_q_reg[1]/C","lane_result_q_reg[2][47]/D","P2 lane result capture","FDCE=2;LUT3=2;LUT6=4"
259,0.522,5.000,4.475,1.938,2.537,0.567,7,"a_q_reg[4]/C","FSM_onehot_st_q_reg[9]/D","TOP control","CARRY4=2;FDCE=2;LUT3=1;LUT4=1;LUT6=3"
260,0.522,5.000,4.475,1.938,2.537,0.567,7,"a_q_reg[4]/C","res_q_reg[1]/D","scalar response","CARRY4=2;FDCE=2;LUT3=1;LUT4=1;LUT6=3"
261,0.526,5.000,4.471,1.190,3.281,0.734,6,"FSM_onehot_st_q_reg[1]/C","lane_result_q_reg[2][15]/D","P2 lane result capture","FDCE=2;LUT3=2;LUT6=4"
262,0.583,5.000,4.414,1.118,3.296,0.747,5,"gen_lane[0].i_p2_pop_slice/bool_result_q_reg[7]/C","gen_lane[0].i_p2_pop_slice/popcount_part_q_o_reg[0][3]/D","P2 popcount capture","FDCE=2;LUT3=1;LUT5=2;LUT6=2"
263,0.583,5.000,4.414,1.118,3.296,0.747,5,"gen_lane[0].i_p2_pop_slice/bool_result_q_reg[39]/C","gen_lane[0].i_p2_pop_slice/popcount_part_q_o_reg[1][3]/D","P2 popcount capture","FDCE=2;LUT3=1;LUT5=2;LUT6=2"
264,0.583,5.000,4.414,1.118,3.296,0.747,5,"gen_lane[1].i_p2_pop_slice/bool_result_q_reg[7]/C","gen_lane[1].i_p2_pop_slice/popcount_part_q_o_reg[0][3]/D","P2 popcount capture","FDCE=2;LUT3=1;LUT5=2;LUT6=2"
265,0.583,5.000,4.414,1.118,3.296,0.747,5,"gen_lane[1].i_p2_pop_slice/bool_result_q_reg[39]/C","gen_lane[1].i_p2_pop_slice/popcount_part_q_o_reg[1][3]/D","P2 popcount capture","FDCE=2;LUT3=1;LUT5=2;LUT6=2"
266,0.583,5.000,4.414,1.118,3.296,0.747,5,"gen_lane[2].i_p2_pop_slice/bool_result_q_reg[7]/C","gen_lane[2].i_p2_pop_slice/popcount_part_q_o_reg[0][3]/D","P2 popcount capture","FDCE=2;LUT3=1;LUT5=2;LUT6=2"
267,0.583,5.000,4.414,1.118,3.296,0.747,5,"gen_lane[2].i_p2_pop_slice/bool_result_q_reg[39]/C","gen_lane[2].i_p2_pop_slice/popcount_part_q_o_reg[1][3]/D","P2 popcount capture","FDCE=2;LUT3=1;LUT5=2;LUT6=2"
268,0.583,5.000,4.414,1.118,3.296,0.747,5,"gen_lane[3].i_p2_pop_slice/bool_result_q_reg[7]/C","gen_lane[3].i_p2_pop_slice/popcount_part_q_o_reg[0][3]/D","P2 popcount capture","FDCE=2;LUT3=1;LUT5=2;LUT6=2"
269,0.583,5.000,4.414,1.118,3.296,0.747,5,"gen_lane[3].i_p2_pop_slice/bool_result_q_reg[39]/C","gen_lane[3].i_p2_pop_slice/popcount_part_q_o_reg[1][3]/D","P2 popcount capture","FDCE=2;LUT3=1;LUT5=2;LUT6=2"
270,0.596,5.000,4.401,1.105,3.296,0.749,5,"gen_lane[0].i_p2_pop_slice/bool_result_q_reg[7]/C","gen_lane[0].i_p2_pop_slice/popcount_part_q_o_reg[0][5]/D","P2 popcount capture","FDCE=2;LUT3=1;LUT5=1;LUT6=3"
271,0.596,5.000,4.401,1.105,3.296,0.749,5,"gen_lane[0].i_p2_pop_slice/bool_result_q_reg[39]/C","gen_lane[0].i_p2_pop_slice/popcount_part_q_o_reg[1][5]/D","P2 popcount capture","FDCE=2;LUT3=1;LUT5=1;LUT6=3"
272,0.596,5.000,4.401,1.105,3.296,0.749,5,"gen_lane[1].i_p2_pop_slice/bool_result_q_reg[7]/C","gen_lane[1].i_p2_pop_slice/popcount_part_q_o_reg[0][5]/D","P2 popcount capture","FDCE=2;LUT3=1;LUT5=1;LUT6=3"
273,0.596,5.000,4.401,1.105,3.296,0.749,5,"gen_lane[1].i_p2_pop_slice/bool_result_q_reg[39]/C","gen_lane[1].i_p2_pop_slice/popcount_part_q_o_reg[1][5]/D","P2 popcount capture","FDCE=2;LUT3=1;LUT5=1;LUT6=3"
274,0.596,5.000,4.401,1.105,3.296,0.749,5,"gen_lane[2].i_p2_pop_slice/bool_result_q_reg[7]/C","gen_lane[2].i_p2_pop_slice/popcount_part_q_o_reg[0][5]/D","P2 popcount capture","FDCE=2;LUT3=1;LUT5=1;LUT6=3"
275,0.596,5.000,4.401,1.105,3.296,0.749,5,"gen_lane[2].i_p2_pop_slice/bool_result_q_reg[39]/C","gen_lane[2].i_p2_pop_slice/popcount_part_q_o_reg[1][5]/D","P2 popcount capture","FDCE=2;LUT3=1;LUT5=1;LUT6=3"
276,0.596,5.000,4.401,1.105,3.296,0.749,5,"gen_lane[3].i_p2_pop_slice/bool_result_q_reg[7]/C","gen_lane[3].i_p2_pop_slice/popcount_part_q_o_reg[0][5]/D","P2 popcount capture","FDCE=2;LUT3=1;LUT5=1;LUT6=3"
277,0.596,5.000,4.401,1.105,3.296,0.749,5,"gen_lane[3].i_p2_pop_slice/bool_result_q_reg[39]/C","gen_lane[3].i_p2_pop_slice/popcount_part_q_o_reg[1][5]/D","P2 popcount capture","FDCE=2;LUT3=1;LUT5=1;LUT6=3"
278,0.600,5.000,4.426,2.168,2.258,0.510,7,"gen_lane[2].i_p2_pop_slice/popcount_part_q_o_reg[1][0]/C","group_dist_q_reg[5]/D","P2 popcount capture","CARRY4=3;FDCE=2;LUT3=2;LUT5=1;LUT6=1"
279,0.602,5.000,4.395,1.105,3.290,0.749,5,"gen_lane[0].i_p2_pop_slice/bool_result_q_reg[7]/C","gen_lane[0].i_p2_pop_slice/popcount_part_q_o_reg[0][4]/D","P2 popcount capture","FDCE=2;LUT3=1;LUT5=1;LUT6=3"
280,0.602,5.000,4.395,1.105,3.290,0.749,5,"gen_lane[0].i_p2_pop_slice/bool_result_q_reg[39]/C","gen_lane[0].i_p2_pop_slice/popcount_part_q_o_reg[1][4]/D","P2 popcount capture","FDCE=2;LUT3=1;LUT5=1;LUT6=3"
281,0.602,5.000,4.395,1.105,3.290,0.749,5,"gen_lane[1].i_p2_pop_slice/bool_result_q_reg[7]/C","gen_lane[1].i_p2_pop_slice/popcount_part_q_o_reg[0][4]/D","P2 popcount capture","FDCE=2;LUT3=1;LUT5=1;LUT6=3"
282,0.602,5.000,4.395,1.105,3.290,0.749,5,"gen_lane[1].i_p2_pop_slice/bool_result_q_reg[39]/C","gen_lane[1].i_p2_pop_slice/popcount_part_q_o_reg[1][4]/D","P2 popcount capture","FDCE=2;LUT3=1;LUT5=1;LUT6=3"
283,0.602,5.000,4.395,1.105,3.290,0.749,5,"gen_lane[2].i_p2_pop_slice/bool_result_q_reg[7]/C","gen_lane[2].i_p2_pop_slice/popcount_part_q_o_reg[0][4]/D","P2 popcount capture","FDCE=2;LUT3=1;LUT5=1;LUT6=3"
284,0.602,5.000,4.395,1.105,3.290,0.749,5,"gen_lane[2].i_p2_pop_slice/bool_result_q_reg[39]/C","gen_lane[2].i_p2_pop_slice/popcount_part_q_o_reg[1][4]/D","P2 popcount capture","FDCE=2;LUT3=1;LUT5=1;LUT6=3"
285,0.602,5.000,4.395,1.105,3.290,0.749,5,"gen_lane[3].i_p2_pop_slice/bool_result_q_reg[7]/C","gen_lane[3].i_p2_pop_slice/popcount_part_q_o_reg[0][4]/D","P2 popcount capture","FDCE=2;LUT3=1;LUT5=1;LUT6=3"
286,0.602,5.000,4.395,1.105,3.290,0.749,5,"gen_lane[3].i_p2_pop_slice/bool_result_q_reg[39]/C","gen_lane[3].i_p2_pop_slice/popcount_part_q_o_reg[1][4]/D","P2 popcount capture","FDCE=2;LUT3=1;LUT5=1;LUT6=3"
287,0.680,5.000,4.346,2.088,2.258,0.520,7,"gen_lane[2].i_p2_pop_slice/popcount_part_q_o_reg[1][0]/C","group_dist_q_reg[4]/D","P2 popcount capture","CARRY4=3;FDCE=2;LUT3=2;LUT5=1;LUT6=1"
288,0.902,5.000,4.124,1.864,2.260,0.548,5,"gen_lane[2].i_p2_pop_slice/popcount_part_q_o_reg[1][0]/C","group_dist_q_reg[3]/D","P2 popcount capture","CARRY4=2;FDCE=2;LUT3=2;LUT5=1"
289,0.985,5.000,4.012,1.833,2.179,0.543,6,"a_q_reg[4]/C","FSM_onehot_st_q_reg[24]/D","TOP control","CARRY4=2;FDCE=2;LUT4=1;LUT6=3"
290,1.204,5.000,3.793,1.190,2.603,0.686,6,"gen_lane[0].i_p2_pop_slice/bool_result_q_reg[23]/C","gen_lane[0].i_p2_pop_slice/popcount_part_q_o_reg[0][2]/D","P2 popcount capture","FDCE=2;LUT3=1;LUT5=3;LUT6=2"
291,1.204,5.000,3.793,1.190,2.603,0.686,6,"gen_lane[0].i_p2_pop_slice/bool_result_q_reg[55]/C","gen_lane[0].i_p2_pop_slice/popcount_part_q_o_reg[1][2]/D","P2 popcount capture","FDCE=2;LUT3=1;LUT5=3;LUT6=2"
292,1.204,5.000,3.793,1.190,2.603,0.686,6,"gen_lane[1].i_p2_pop_slice/bool_result_q_reg[23]/C","gen_lane[1].i_p2_pop_slice/popcount_part_q_o_reg[0][2]/D","P2 popcount capture","FDCE=2;LUT3=1;LUT5=3;LUT6=2"
293,1.204,5.000,3.793,1.190,2.603,0.686,6,"gen_lane[1].i_p2_pop_slice/bool_result_q_reg[55]/C","gen_lane[1].i_p2_pop_slice/popcount_part_q_o_reg[1][2]/D","P2 popcount capture","FDCE=2;LUT3=1;LUT5=3;LUT6=2"
294,1.204,5.000,3.793,1.190,2.603,0.686,6,"gen_lane[2].i_p2_pop_slice/bool_result_q_reg[23]/C","gen_lane[2].i_p2_pop_slice/popcount_part_q_o_reg[0][2]/D","P2 popcount capture","FDCE=2;LUT3=1;LUT5=3;LUT6=2"
295,1.204,5.000,3.793,1.190,2.603,0.686,6,"gen_lane[2].i_p2_pop_slice/bool_result_q_reg[55]/C","gen_lane[2].i_p2_pop_slice/popcount_part_q_o_reg[1][2]/D","P2 popcount capture","FDCE=2;LUT3=1;LUT5=3;LUT6=2"
296,1.204,5.000,3.793,1.190,2.603,0.686,6,"gen_lane[3].i_p2_pop_slice/bool_result_q_reg[23]/C","gen_lane[3].i_p2_pop_slice/popcount_part_q_o_reg[0][2]/D","P2 popcount capture","FDCE=2;LUT3=1;LUT5=3;LUT6=2"
297,1.204,5.000,3.793,1.190,2.603,0.686,6,"gen_lane[3].i_p2_pop_slice/bool_result_q_reg[55]/C","gen_lane[3].i_p2_pop_slice/popcount_part_q_o_reg[1][2]/D","P2 popcount capture","FDCE=2;LUT3=1;LUT5=3;LUT6=2"
298,1.323,5.000,3.674,1.203,2.471,0.673,6,"hmatch_best_dist_q_reg[0]/C","hmatch_budget_q_reg[10]/D","HMATCH reduction/compare","FDCE=2;LUT5=1;LUT6=5"
299,1.323,5.000,3.674,1.203,2.471,0.673,6,"hmatch_best_dist_q_reg[0]/C","hmatch_budget_q_reg[11]_inv/D","HMATCH reduction/compare","FDCE=1;FDPE=1;LUT5=2;LUT6=4"
300,1.362,5.000,3.427,0.980,2.447,0.714,4,"a_q_reg[17]/C","ecc_leaf_prod_q_reg[0]/CE","other","FDCE=2;LUT5=1;LUT6=3"
301,1.362,5.000,3.427,0.980,2.447,0.714,4,"a_q_reg[17]/C","ecc_leaf_prod_q_reg[10]/CE","other","FDCE=2;LUT5=1;LUT6=3"
302,1.362,5.000,3.427,0.980,2.447,0.714,4,"a_q_reg[17]/C","ecc_leaf_prod_q_reg[11]/CE","other","FDCE=2;LUT5=1;LUT6=3"
303,1.362,5.000,3.427,0.980,2.447,0.714,4,"a_q_reg[17]/C","ecc_leaf_prod_q_reg[12]/CE","other","FDCE=2;LUT5=1;LUT6=3"
304,1.362,5.000,3.427,0.980,2.447,0.714,4,"a_q_reg[17]/C","ecc_leaf_prod_q_reg[13]/CE","other","FDCE=2;LUT5=1;LUT6=3"
305,1.362,5.000,3.427,0.980,2.447,0.714,4,"a_q_reg[17]/C","ecc_leaf_prod_q_reg[14]/CE","other","FDCE=2;LUT5=1;LUT6=3"
306,1.362,5.000,3.427,0.980,2.447,0.714,4,"a_q_reg[17]/C","ecc_leaf_prod_q_reg[15]/CE","other","FDCE=2;LUT5=1;LUT6=3"
307,1.362,5.000,3.427,0.980,2.447,0.714,4,"a_q_reg[17]/C","ecc_leaf_prod_q_reg[16]/CE","other","FDCE=2;LUT5=1;LUT6=3"
308,1.362,5.000,3.427,0.980,2.447,0.714,4,"a_q_reg[17]/C","ecc_leaf_prod_q_reg[17]/CE","other","FDCE=2;LUT5=1;LUT6=3"
309,1.362,5.000,3.427,0.980,2.447,0.714,4,"a_q_reg[17]/C","ecc_leaf_prod_q_reg[18]/CE","other","FDCE=2;LUT5=1;LUT6=3"
310,1.362,5.000,3.427,0.980,2.447,0.714,4,"a_q_reg[17]/C","ecc_leaf_prod_q_reg[19]/CE","other","FDCE=2;LUT5=1;LUT6=3"
311,1.362,5.000,3.427,0.980,2.447,0.714,4,"a_q_reg[17]/C","ecc_leaf_prod_q_reg[1]/CE","other","FDCE=2;LUT5=1;LUT6=3"
312,1.362,5.000,3.427,0.980,2.447,0.714,4,"a_q_reg[17]/C","ecc_leaf_prod_q_reg[20]/CE","other","FDCE=2;LUT5=1;LUT6=3"
313,1.362,5.000,3.427,0.980,2.447,0.714,4,"a_q_reg[17]/C","ecc_leaf_prod_q_reg[21]/CE","other","FDCE=2;LUT5=1;LUT6=3"
314,1.362,5.000,3.427,0.980,2.447,0.714,4,"a_q_reg[17]/C","ecc_leaf_prod_q_reg[22]/CE","other","FDCE=2;LUT5=1;LUT6=3"
315,1.362,5.000,3.427,0.980,2.447,0.714,4,"a_q_reg[17]/C","ecc_leaf_prod_q_reg[23]/CE","other","FDCE=2;LUT5=1;LUT6=3"
316,1.362,5.000,3.427,0.980,2.447,0.714,4,"a_q_reg[17]/C","ecc_leaf_prod_q_reg[24]/CE","other","FDCE=2;LUT5=1;LUT6=3"
317,1.362,5.000,3.427,0.980,2.447,0.714,4,"a_q_reg[17]/C","ecc_leaf_prod_q_reg[25]/CE","other","FDCE=2;LUT5=1;LUT6=3"
318,1.362,5.000,3.427,0.980,2.447,0.714,4,"a_q_reg[17]/C","ecc_leaf_prod_q_reg[26]/CE","other","FDCE=2;LUT5=1;LUT6=3"
319,1.362,5.000,3.427,0.980,2.447,0.714,4,"a_q_reg[17]/C","ecc_leaf_prod_q_reg[27]/CE","other","FDCE=2;LUT5=1;LUT6=3"
320,1.362,5.000,3.427,0.980,2.447,0.714,4,"a_q_reg[17]/C","ecc_leaf_prod_q_reg[28]/CE","other","FDCE=2;LUT5=1;LUT6=3"
321,1.362,5.000,3.427,0.980,2.447,0.714,4,"a_q_reg[17]/C","ecc_leaf_prod_q_reg[29]/CE","other","FDCE=2;LUT5=1;LUT6=3"
322,1.362,5.000,3.427,0.980,2.447,0.714,4,"a_q_reg[17]/C","ecc_leaf_prod_q_reg[2]/CE","other","FDCE=2;LUT5=1;LUT6=3"
323,1.362,5.000,3.427,0.980,2.447,0.714,4,"a_q_reg[17]/C","ecc_leaf_prod_q_reg[30]/CE","other","FDCE=2;LUT5=1;LUT6=3"
324,1.362,5.000,3.427,0.980,2.447,0.714,4,"a_q_reg[17]/C","ecc_leaf_prod_q_reg[31]/CE","other","FDCE=2;LUT5=1;LUT6=3"
325,1.362,5.000,3.427,0.980,2.447,0.714,4,"a_q_reg[17]/C","ecc_leaf_prod_q_reg[32]/CE","other","FDCE=2;LUT5=1;LUT6=3"
326,1.362,5.000,3.427,0.980,2.447,0.714,4,"a_q_reg[17]/C","ecc_leaf_prod_q_reg[33]/CE","other","FDCE=2;LUT5=1;LUT6=3"
327,1.362,5.000,3.427,0.980,2.447,0.714,4,"a_q_reg[17]/C","ecc_leaf_prod_q_reg[34]/CE","other","FDCE=2;LUT5=1;LUT6=3"
328,1.362,5.000,3.427,0.980,2.447,0.714,4,"a_q_reg[17]/C","ecc_leaf_prod_q_reg[35]/CE","other","FDCE=2;LUT5=1;LUT6=3"
329,1.362,5.000,3.427,0.980,2.447,0.714,4,"a_q_reg[17]/C","ecc_leaf_prod_q_reg[36]/CE","other","FDCE=2;LUT5=1;LUT6=3"
330,1.362,5.000,3.427,0.980,2.447,0.714,4,"a_q_reg[17]/C","ecc_leaf_prod_q_reg[37]/CE","other","FDCE=2;LUT5=1;LUT6=3"
331,1.362,5.000,3.427,0.980,2.447,0.714,4,"a_q_reg[17]/C","ecc_leaf_prod_q_reg[38]/CE","other","FDCE=2;LUT5=1;LUT6=3"
332,1.362,5.000,3.427,0.980,2.447,0.714,4,"a_q_reg[17]/C","ecc_leaf_prod_q_reg[39]/CE","other","FDCE=2;LUT5=1;LUT6=3"
333,1.362,5.000,3.427,0.980,2.447,0.714,4,"a_q_reg[17]/C","ecc_leaf_prod_q_reg[3]/CE","other","FDCE=2;LUT5=1;LUT6=3"
334,1.362,5.000,3.427,0.980,2.447,0.714,4,"a_q_reg[17]/C","ecc_leaf_prod_q_reg[40]/CE","other","FDCE=2;LUT5=1;LUT6=3"
335,1.362,5.000,3.427,0.980,2.447,0.714,4,"a_q_reg[17]/C","ecc_leaf_prod_q_reg[41]/CE","other","FDCE=2;LUT5=1;LUT6=3"
336,1.362,5.000,3.427,0.980,2.447,0.714,4,"a_q_reg[17]/C","ecc_leaf_prod_q_reg[42]/CE","other","FDCE=2;LUT5=1;LUT6=3"
337,1.362,5.000,3.427,0.980,2.447,0.714,4,"a_q_reg[17]/C","ecc_leaf_prod_q_reg[43]/CE","other","FDCE=2;LUT5=1;LUT6=3"
338,1.362,5.000,3.427,0.980,2.447,0.714,4,"a_q_reg[17]/C","ecc_leaf_prod_q_reg[44]/CE","other","FDCE=2;LUT5=1;LUT6=3"
339,1.362,5.000,3.427,0.980,2.447,0.714,4,"a_q_reg[17]/C","ecc_leaf_prod_q_reg[45]/CE","other","FDCE=2;LUT5=1;LUT6=3"
340,1.362,5.000,3.427,0.980,2.447,0.714,4,"a_q_reg[17]/C","ecc_leaf_prod_q_reg[46]/CE","other","FDCE=2;LUT5=1;LUT6=3"
341,1.362,5.000,3.427,0.980,2.447,0.714,4,"a_q_reg[17]/C","ecc_leaf_prod_q_reg[47]/CE","other","FDCE=2;LUT5=1;LUT6=3"
342,1.362,5.000,3.427,0.980,2.447,0.714,4,"a_q_reg[17]/C","ecc_leaf_prod_q_reg[48]/CE","other","FDCE=2;LUT5=1;LUT6=3"
343,1.362,5.000,3.427,0.980,2.447,0.714,4,"a_q_reg[17]/C","ecc_leaf_prod_q_reg[49]/CE","other","FDCE=2;LUT5=1;LUT6=3"
344,1.362,5.000,3.427,0.980,2.447,0.714,4,"a_q_reg[17]/C","ecc_leaf_prod_q_reg[4]/CE","other","FDCE=2;LUT5=1;LUT6=3"
345,1.362,5.000,3.427,0.980,2.447,0.714,4,"a_q_reg[17]/C","ecc_leaf_prod_q_reg[50]/CE","other","FDCE=2;LUT5=1;LUT6=3"
346,1.362,5.000,3.427,0.980,2.447,0.714,4,"a_q_reg[17]/C","ecc_leaf_prod_q_reg[51]/CE","other","FDCE=2;LUT5=1;LUT6=3"
347,1.362,5.000,3.427,0.980,2.447,0.714,4,"a_q_reg[17]/C","ecc_leaf_prod_q_reg[52]/CE","other","FDCE=2;LUT5=1;LUT6=3"
348,1.362,5.000,3.427,0.980,2.447,0.714,4,"a_q_reg[17]/C","ecc_leaf_prod_q_reg[53]/CE","other","FDCE=2;LUT5=1;LUT6=3"
349,1.362,5.000,3.427,0.980,2.447,0.714,4,"a_q_reg[17]/C","ecc_leaf_prod_q_reg[54]/CE","other","FDCE=2;LUT5=1;LUT6=3"
350,1.362,5.000,3.427,0.980,2.447,0.714,4,"a_q_reg[17]/C","ecc_leaf_prod_q_reg[55]/CE","other","FDCE=2;LUT5=1;LUT6=3"
351,1.362,5.000,3.427,0.980,2.447,0.714,4,"a_q_reg[17]/C","ecc_leaf_prod_q_reg[5]/CE","other","FDCE=2;LUT5=1;LUT6=3"
352,1.362,5.000,3.427,0.980,2.447,0.714,4,"a_q_reg[17]/C","ecc_leaf_prod_q_reg[6]/CE","other","FDCE=2;LUT5=1;LUT6=3"
353,1.362,5.000,3.427,0.980,2.447,0.714,4,"a_q_reg[17]/C","ecc_leaf_prod_q_reg[7]/CE","other","FDCE=2;LUT5=1;LUT6=3"
354,1.362,5.000,3.427,0.980,2.447,0.714,4,"a_q_reg[17]/C","ecc_leaf_prod_q_reg[8]/CE","other","FDCE=2;LUT5=1;LUT6=3"
355,1.362,5.000,3.427,0.980,2.447,0.714,4,"a_q_reg[17]/C","ecc_leaf_prod_q_reg[9]/CE","other","FDCE=2;LUT5=1;LUT6=3"
356,1.365,5.000,3.424,0.980,2.444,0.714,4,"a_q_reg[17]/C","ecc_leaf_prod_q_reg[56]/CE","other","FDCE=2;LUT5=1;LUT6=3"
357,1.365,5.000,3.424,0.980,2.444,0.714,4,"a_q_reg[17]/C","ecc_leaf_prod_q_reg[57]/CE","other","FDCE=2;LUT5=1;LUT6=3"
358,1.365,5.000,3.424,0.980,2.444,0.714,4,"a_q_reg[17]/C","ecc_leaf_prod_q_reg[58]/CE","other","FDCE=2;LUT5=1;LUT6=3"
359,1.365,5.000,3.424,0.980,2.444,0.714,4,"a_q_reg[17]/C","ecc_leaf_prod_q_reg[59]/CE","other","FDCE=2;LUT5=1;LUT6=3"
360,1.365,5.000,3.424,0.980,2.444,0.714,4,"a_q_reg[17]/C","ecc_leaf_prod_q_reg[60]/CE","other","FDCE=2;LUT5=1;LUT6=3"
361,1.365,5.000,3.424,0.980,2.444,0.714,4,"a_q_reg[17]/C","ecc_leaf_prod_q_reg[61]/CE","other","FDCE=2;LUT5=1;LUT6=3"
362,1.365,5.000,3.424,0.980,2.444,0.714,4,"a_q_reg[17]/C","ecc_leaf_prod_q_reg[62]/CE","other","FDCE=2;LUT5=1;LUT6=3"
363,1.394,5.000,3.603,1.190,2.413,0.670,6,"hsim_total_q_reg[0]/C","hmatch_budget_q_reg[9]/D","HMATCH reduction/compare","FDCE=2;LUT3=1;LUT5=1;LUT6=4"
364,1.444,5.000,3.553,1.085,2.468,0.695,5,"ecc_leaf_id_q_reg[0]/C","ecc_leaf_a_q_reg[0]/D","other","FDCE=2;LUT5=4;LUT6=1"
365,1.444,5.000,3.553,1.085,2.468,0.695,5,"ecc_leaf_id_q_reg[0]/C","ecc_leaf_a_q_reg[10]/D","other","FDCE=2;LUT5=3;LUT6=2"
366,1.444,5.000,3.553,1.085,2.468,0.695,5,"ecc_leaf_id_q_reg[0]/C","ecc_leaf_a_q_reg[11]/D","other","FDCE=2;LUT5=4;LUT6=1"
367,1.444,5.000,3.553,1.085,2.468,0.695,5,"ecc_leaf_id_q_reg[0]/C","ecc_leaf_a_q_reg[12]/D","other","FDCE=2;LUT5=3;LUT6=2"
368,1.444,5.000,3.553,1.085,2.468,0.695,5,"ecc_leaf_id_q_reg[0]/C","ecc_leaf_a_q_reg[13]/D","other","FDCE=2;LUT5=3;LUT6=2"
369,1.444,5.000,3.553,1.085,2.468,0.695,5,"ecc_leaf_id_q_reg[0]/C","ecc_leaf_a_q_reg[14]/D","other","FDCE=2;LUT5=4;LUT6=1"
370,1.444,5.000,3.553,1.085,2.468,0.695,5,"ecc_leaf_id_q_reg[0]/C","ecc_leaf_a_q_reg[15]/D","other","FDCE=2;LUT5=4;LUT6=1"
371,1.444,5.000,3.553,1.085,2.468,0.695,5,"ecc_leaf_id_q_reg[0]/C","ecc_leaf_a_q_reg[16]/D","other","FDCE=2;LUT5=4;LUT6=1"
372,1.444,5.000,3.553,1.085,2.468,0.695,5,"ecc_leaf_id_q_reg[0]/C","ecc_leaf_a_q_reg[17]/D","other","FDCE=2;LUT5=3;LUT6=2"
373,1.444,5.000,3.553,1.085,2.468,0.695,5,"ecc_leaf_id_q_reg[0]/C","ecc_leaf_a_q_reg[18]/D","other","FDCE=2;LUT5=3;LUT6=2"
374,1.444,5.000,3.553,1.085,2.468,0.695,5,"ecc_leaf_id_q_reg[0]/C","ecc_leaf_a_q_reg[19]/D","other","FDCE=2;LUT5=3;LUT6=2"
375,1.444,5.000,3.553,1.085,2.468,0.695,5,"ecc_leaf_id_q_reg[0]/C","ecc_leaf_a_q_reg[1]/D","other","FDCE=2;LUT5=3;LUT6=2"
376,1.444,5.000,3.553,1.085,2.468,0.695,5,"ecc_leaf_id_q_reg[0]/C","ecc_leaf_a_q_reg[20]/D","other","FDCE=2;LUT5=4;LUT6=1"
377,1.444,5.000,3.553,1.085,2.468,0.695,5,"ecc_leaf_id_q_reg[0]/C","ecc_leaf_a_q_reg[21]/D","other","FDCE=2;LUT5=3;LUT6=2"
378,1.444,5.000,3.553,1.085,2.468,0.695,5,"ecc_leaf_id_q_reg[0]/C","ecc_leaf_a_q_reg[22]/D","other","FDCE=2;LUT5=4;LUT6=1"
379,1.444,5.000,3.553,1.085,2.468,0.695,5,"ecc_leaf_id_q_reg[0]/C","ecc_leaf_a_q_reg[23]/D","other","FDCE=2;LUT5=3;LUT6=2"
380,1.444,5.000,3.553,1.085,2.468,0.695,5,"ecc_leaf_id_q_reg[0]/C","ecc_leaf_a_q_reg[24]/D","other","FDCE=2;LUT5=4;LUT6=1"
381,1.444,5.000,3.553,1.085,2.468,0.695,5,"ecc_leaf_id_q_reg[0]/C","ecc_leaf_a_q_reg[25]/D","other","FDCE=2;LUT4=1;LUT5=2;LUT6=2"
382,1.444,5.000,3.553,1.085,2.468,0.695,5,"ecc_leaf_id_q_reg[0]/C","ecc_leaf_a_q_reg[26]/D","other","FDCE=2;LUT5=3;LUT6=2"
383,1.444,5.000,3.553,1.085,2.468,0.695,5,"ecc_leaf_id_q_reg[0]/C","ecc_leaf_a_q_reg[27]/D","other","FDCE=2;LUT5=3;LUT6=2"
384,1.444,5.000,3.553,1.085,2.468,0.695,5,"ecc_leaf_id_q_reg[0]/C","ecc_leaf_a_q_reg[28]/D","other","FDCE=2;LUT5=3;LUT6=2"
385,1.444,5.000,3.553,1.085,2.468,0.695,5,"ecc_leaf_id_q_reg[0]/C","ecc_leaf_a_q_reg[29]/D","other","FDCE=2;LUT5=3;LUT6=2"
386,1.444,5.000,3.553,1.085,2.468,0.695,5,"ecc_leaf_id_q_reg[0]/C","ecc_leaf_a_q_reg[2]/D","other","FDCE=2;LUT5=3;LUT6=2"
387,1.444,5.000,3.553,1.085,2.468,0.695,5,"ecc_leaf_id_q_reg[0]/C","ecc_leaf_a_q_reg[30]/D","other","FDCE=2;LUT5=3;LUT6=2"
388,1.444,5.000,3.553,1.085,2.468,0.695,5,"ecc_leaf_id_q_reg[0]/C","ecc_leaf_a_q_reg[31]/D","other","FDCE=2;LUT5=4;LUT6=1"
389,1.444,5.000,3.553,1.085,2.468,0.695,5,"ecc_leaf_id_q_reg[0]/C","ecc_leaf_a_q_reg[3]/D","other","FDCE=2;LUT5=3;LUT6=2"
390,1.444,5.000,3.553,1.085,2.468,0.695,5,"ecc_leaf_id_q_reg[0]/C","ecc_leaf_a_q_reg[4]/D","other","FDCE=2;LUT5=3;LUT6=2"
391,1.444,5.000,3.553,1.085,2.468,0.695,5,"ecc_leaf_id_q_reg[0]/C","ecc_leaf_a_q_reg[5]/D","other","FDCE=2;LUT5=3;LUT6=2"
392,1.444,5.000,3.553,1.085,2.468,0.695,5,"ecc_leaf_id_q_reg[0]/C","ecc_leaf_a_q_reg[6]/D","other","FDCE=2;LUT5=4;LUT6=1"
393,1.444,5.000,3.553,1.085,2.468,0.695,5,"ecc_leaf_id_q_reg[0]/C","ecc_leaf_a_q_reg[7]/D","other","FDCE=2;LUT5=3;LUT6=2"
394,1.444,5.000,3.553,1.085,2.468,0.695,5,"ecc_leaf_id_q_reg[0]/C","ecc_leaf_a_q_reg[8]/D","other","FDCE=2;LUT5=3;LUT6=2"
395,1.444,5.000,3.553,1.085,2.468,0.695,5,"ecc_leaf_id_q_reg[0]/C","ecc_leaf_a_q_reg[9]/D","other","FDCE=2;LUT5=4;LUT6=1"
396,1.444,5.000,3.553,1.085,2.468,0.695,5,"ecc_leaf_id_q_reg[0]/C","ecc_leaf_b_q_reg[0]/D","other","FDCE=2;LUT5=4;LUT6=1"
397,1.444,5.000,3.553,1.085,2.468,0.695,5,"ecc_leaf_id_q_reg[0]/C","ecc_leaf_b_q_reg[10]/D","other","FDCE=2;LUT5=3;LUT6=2"
398,1.444,5.000,3.553,1.085,2.468,0.695,5,"ecc_leaf_id_q_reg[0]/C","ecc_leaf_b_q_reg[11]/D","other","FDCE=2;LUT5=4;LUT6=1"
399,1.444,5.000,3.553,1.085,2.468,0.695,5,"ecc_leaf_id_q_reg[0]/C","ecc_leaf_b_q_reg[12]/D","other","FDCE=2;LUT5=3;LUT6=2"
400,1.444,5.000,3.553,1.085,2.468,0.695,5,"ecc_leaf_id_q_reg[0]/C","ecc_leaf_b_q_reg[13]/D","other","FDCE=2;LUT5=3;LUT6=2"
401,1.444,5.000,3.553,1.085,2.468,0.695,5,"ecc_leaf_id_q_reg[0]/C","ecc_leaf_b_q_reg[14]/D","other","FDCE=2;LUT5=4;LUT6=1"
402,1.444,5.000,3.553,1.085,2.468,0.695,5,"ecc_leaf_id_q_reg[0]/C","ecc_leaf_b_q_reg[15]/D","other","FDCE=2;LUT5=4;LUT6=1"
403,1.444,5.000,3.553,1.085,2.468,0.695,5,"ecc_leaf_id_q_reg[0]/C","ecc_leaf_b_q_reg[16]/D","other","FDCE=2;LUT5=4;LUT6=1"
404,1.444,5.000,3.553,1.085,2.468,0.695,5,"ecc_leaf_id_q_reg[0]/C","ecc_leaf_b_q_reg[17]/D","other","FDCE=2;LUT5=3;LUT6=2"
405,1.444,5.000,3.553,1.085,2.468,0.695,5,"ecc_leaf_id_q_reg[0]/C","ecc_leaf_b_q_reg[18]/D","other","FDCE=2;LUT5=3;LUT6=2"
406,1.444,5.000,3.553,1.085,2.468,0.695,5,"ecc_leaf_id_q_reg[0]/C","ecc_leaf_b_q_reg[19]/D","other","FDCE=2;LUT5=3;LUT6=2"
407,1.444,5.000,3.553,1.085,2.468,0.695,5,"ecc_leaf_id_q_reg[0]/C","ecc_leaf_b_q_reg[1]/D","other","FDCE=2;LUT5=3;LUT6=2"
408,1.444,5.000,3.553,1.085,2.468,0.695,5,"ecc_leaf_id_q_reg[0]/C","ecc_leaf_b_q_reg[20]/D","other","FDCE=2;LUT5=4;LUT6=1"
409,1.444,5.000,3.553,1.085,2.468,0.695,5,"ecc_leaf_id_q_reg[0]/C","ecc_leaf_b_q_reg[21]/D","other","FDCE=2;LUT5=3;LUT6=2"
410,1.444,5.000,3.553,1.085,2.468,0.695,5,"ecc_leaf_id_q_reg[0]/C","ecc_leaf_b_q_reg[22]/D","other","FDCE=2;LUT5=4;LUT6=1"
411,1.444,5.000,3.553,1.085,2.468,0.695,5,"ecc_leaf_id_q_reg[0]/C","ecc_leaf_b_q_reg[23]/D","other","FDCE=2;LUT5=3;LUT6=2"
412,1.444,5.000,3.553,1.085,2.468,0.695,5,"ecc_leaf_id_q_reg[0]/C","ecc_leaf_b_q_reg[24]/D","other","FDCE=2;LUT5=4;LUT6=1"
413,1.444,5.000,3.553,1.085,2.468,0.695,5,"ecc_leaf_id_q_reg[0]/C","ecc_leaf_b_q_reg[25]/D","other","FDCE=2;LUT4=1;LUT5=2;LUT6=2"
414,1.444,5.000,3.553,1.085,2.468,0.695,5,"ecc_leaf_id_q_reg[0]/C","ecc_leaf_b_q_reg[26]/D","other","FDCE=2;LUT5=3;LUT6=2"
415,1.444,5.000,3.553,1.085,2.468,0.695,5,"ecc_leaf_id_q_reg[0]/C","ecc_leaf_b_q_reg[27]/D","other","FDCE=2;LUT5=3;LUT6=2"
416,1.444,5.000,3.553,1.085,2.468,0.695,5,"ecc_leaf_id_q_reg[0]/C","ecc_leaf_b_q_reg[28]/D","other","FDCE=2;LUT5=3;LUT6=2"
417,1.444,5.000,3.553,1.085,2.468,0.695,5,"ecc_leaf_id_q_reg[0]/C","ecc_leaf_b_q_reg[29]/D","other","FDCE=2;LUT5=3;LUT6=2"
418,1.444,5.000,3.553,1.085,2.468,0.695,5,"ecc_leaf_id_q_reg[0]/C","ecc_leaf_b_q_reg[2]/D","other","FDCE=2;LUT5=3;LUT6=2"
419,1.444,5.000,3.553,1.085,2.468,0.695,5,"ecc_leaf_id_q_reg[0]/C","ecc_leaf_b_q_reg[30]/D","other","FDCE=2;LUT5=3;LUT6=2"
420,1.444,5.000,3.553,1.085,2.468,0.695,5,"ecc_leaf_id_q_reg[0]/C","ecc_leaf_b_q_reg[31]/D","other","FDCE=2;LUT5=4;LUT6=1"
421,1.444,5.000,3.553,1.085,2.468,0.695,5,"ecc_leaf_id_q_reg[0]/C","ecc_leaf_b_q_reg[3]/D","other","FDCE=2;LUT5=3;LUT6=2"
422,1.444,5.000,3.553,1.085,2.468,0.695,5,"ecc_leaf_id_q_reg[0]/C","ecc_leaf_b_q_reg[4]/D","other","FDCE=2;LUT5=3;LUT6=2"
423,1.444,5.000,3.553,1.085,2.468,0.695,5,"ecc_leaf_id_q_reg[0]/C","ecc_leaf_b_q_reg[5]/D","other","FDCE=2;LUT5=3;LUT6=2"
424,1.444,5.000,3.553,1.085,2.468,0.695,5,"ecc_leaf_id_q_reg[0]/C","ecc_leaf_b_q_reg[6]/D","other","FDCE=2;LUT5=4;LUT6=1"
425,1.444,5.000,3.553,1.085,2.468,0.695,5,"ecc_leaf_id_q_reg[0]/C","ecc_leaf_b_q_reg[7]/D","other","FDCE=2;LUT5=3;LUT6=2"
426,1.444,5.000,3.553,1.085,2.468,0.695,5,"ecc_leaf_id_q_reg[0]/C","ecc_leaf_b_q_reg[8]/D","other","FDCE=2;LUT5=3;LUT6=2"
427,1.444,5.000,3.553,1.085,2.468,0.695,5,"ecc_leaf_id_q_reg[0]/C","ecc_leaf_b_q_reg[9]/D","other","FDCE=2;LUT5=4;LUT6=1"
428,1.447,5.000,3.579,1.687,1.892,0.529,5,"gen_lane[2].i_p2_pop_slice/popcount_part_q_o_reg[1][0]/C","group_dist_q_reg[2]/D","P2 popcount capture","CARRY4=2;FDCE=2;LUT3=2;LUT6=1"
429,1.602,5.000,3.187,0.980,2.207,0.693,4,"FSM_onehot_st_q_reg[12]/C","FSM_onehot_st_q_reg[0]/CE","TOP control","FDCE=2;LUT4=1;LUT5=2;LUT6=1"
430,1.602,5.000,3.187,0.980,2.207,0.693,4,"FSM_onehot_st_q_reg[12]/C","FSM_onehot_st_q_reg[10]/CE","TOP control","FDCE=2;LUT4=1;LUT5=2;LUT6=1"
431,1.602,5.000,3.187,0.980,2.207,0.693,4,"FSM_onehot_st_q_reg[12]/C","FSM_onehot_st_q_reg[11]/CE","TOP control","FDCE=2;LUT4=1;LUT5=2;LUT6=1"
432,1.602,5.000,3.187,0.980,2.207,0.693,4,"FSM_onehot_st_q_reg[12]/C","FSM_onehot_st_q_reg[12]/CE","TOP control","FDCE=1;LUT4=1;LUT5=2;LUT6=1"
433,1.602,5.000,3.187,0.980,2.207,0.693,4,"FSM_onehot_st_q_reg[12]/C","FSM_onehot_st_q_reg[13]/CE","TOP control","FDCE=2;LUT4=1;LUT5=2;LUT6=1"
434,1.602,5.000,3.187,0.980,2.207,0.693,4,"FSM_onehot_st_q_reg[12]/C","FSM_onehot_st_q_reg[14]/CE","TOP control","FDCE=1;FDPE=1;LUT4=1;LUT5=2;LUT6=1"
435,1.602,5.000,3.187,0.980,2.207,0.693,4,"FSM_onehot_st_q_reg[12]/C","FSM_onehot_st_q_reg[15]/CE","TOP control","FDCE=2;LUT4=1;LUT5=2;LUT6=1"
436,1.602,5.000,3.187,0.980,2.207,0.693,4,"FSM_onehot_st_q_reg[12]/C","FSM_onehot_st_q_reg[16]/CE","TOP control","FDCE=2;LUT4=1;LUT5=2;LUT6=1"
437,1.602,5.000,3.187,0.980,2.207,0.693,4,"FSM_onehot_st_q_reg[12]/C","FSM_onehot_st_q_reg[17]/CE","TOP control","FDCE=2;LUT4=1;LUT5=2;LUT6=1"
438,1.602,5.000,3.187,0.980,2.207,0.693,4,"FSM_onehot_st_q_reg[12]/C","FSM_onehot_st_q_reg[18]/CE","TOP control","FDCE=2;LUT4=1;LUT5=2;LUT6=1"
439,1.602,5.000,3.187,0.980,2.207,0.693,4,"FSM_onehot_st_q_reg[12]/C","FSM_onehot_st_q_reg[19]/CE","TOP control","FDCE=2;LUT4=1;LUT5=2;LUT6=1"
440,1.602,5.000,3.187,0.980,2.207,0.693,4,"FSM_onehot_st_q_reg[12]/C","FSM_onehot_st_q_reg[1]/CE","TOP control","FDCE=2;LUT4=1;LUT5=2;LUT6=1"
441,1.602,5.000,3.187,0.980,2.207,0.693,4,"FSM_onehot_st_q_reg[12]/C","FSM_onehot_st_q_reg[1]_rep/CE","TOP control","FDCE=2;LUT4=1;LUT5=2;LUT6=1"
442,1.602,5.000,3.187,0.980,2.207,0.693,4,"FSM_onehot_st_q_reg[12]/C","FSM_onehot_st_q_reg[1]_rep__0/CE","TOP control","FDCE=2;LUT4=1;LUT5=2;LUT6=1"
443,1.602,5.000,3.187,0.980,2.207,0.693,4,"FSM_onehot_st_q_reg[12]/C","FSM_onehot_st_q_reg[1]_rep__1/CE","TOP control","FDCE=2;LUT4=1;LUT5=2;LUT6=1"
444,1.602,5.000,3.187,0.980,2.207,0.693,4,"FSM_onehot_st_q_reg[12]/C","FSM_onehot_st_q_reg[1]_rep__2/CE","TOP control","FDCE=2;LUT4=1;LUT5=2;LUT6=1"
445,1.602,5.000,3.187,0.980,2.207,0.693,4,"FSM_onehot_st_q_reg[12]/C","FSM_onehot_st_q_reg[1]_rep__3/CE","TOP control","FDCE=2;LUT4=1;LUT5=2;LUT6=1"
446,1.602,5.000,3.187,0.980,2.207,0.693,4,"FSM_onehot_st_q_reg[12]/C","FSM_onehot_st_q_reg[1]_rep__4/CE","TOP control","FDCE=2;LUT4=1;LUT5=2;LUT6=1"
447,1.602,5.000,3.187,0.980,2.207,0.693,4,"FSM_onehot_st_q_reg[12]/C","FSM_onehot_st_q_reg[1]_rep__5/CE","TOP control","FDCE=2;LUT4=1;LUT5=2;LUT6=1"
448,1.602,5.000,3.187,0.980,2.207,0.693,4,"FSM_onehot_st_q_reg[12]/C","FSM_onehot_st_q_reg[20]/CE","TOP control","FDCE=2;LUT4=1;LUT5=2;LUT6=1"
449,1.602,5.000,3.187,0.980,2.207,0.693,4,"FSM_onehot_st_q_reg[12]/C","FSM_onehot_st_q_reg[21]/CE","TOP control","FDCE=2;LUT4=1;LUT5=2;LUT6=1"
450,1.602,5.000,3.187,0.980,2.207,0.693,4,"FSM_onehot_st_q_reg[12]/C","FSM_onehot_st_q_reg[22]/CE","TOP control","FDCE=2;LUT4=1;LUT5=2;LUT6=1"
451,1.602,5.000,3.187,0.980,2.207,0.693,4,"FSM_onehot_st_q_reg[12]/C","FSM_onehot_st_q_reg[23]/CE","TOP control","FDCE=2;LUT4=1;LUT5=2;LUT6=1"
452,1.602,5.000,3.187,0.980,2.207,0.693,4,"FSM_onehot_st_q_reg[12]/C","FSM_onehot_st_q_reg[24]/CE","TOP control","FDCE=2;LUT4=1;LUT5=2;LUT6=1"
453,1.602,5.000,3.187,0.980,2.207,0.693,4,"FSM_onehot_st_q_reg[12]/C","FSM_onehot_st_q_reg[25]/CE","TOP control","FDCE=2;LUT4=1;LUT5=2;LUT6=1"
454,1.602,5.000,3.187,0.980,2.207,0.693,4,"FSM_onehot_st_q_reg[12]/C","FSM_onehot_st_q_reg[26]/CE","TOP control","FDCE=2;LUT4=1;LUT5=2;LUT6=1"
455,1.602,5.000,3.187,0.980,2.207,0.693,4,"FSM_onehot_st_q_reg[12]/C","FSM_onehot_st_q_reg[27]/CE","TOP control","FDCE=2;LUT4=1;LUT5=2;LUT6=1"
456,1.602,5.000,3.187,0.980,2.207,0.693,4,"FSM_onehot_st_q_reg[12]/C","FSM_onehot_st_q_reg[28]/CE","TOP control","FDCE=2;LUT4=1;LUT5=2;LUT6=1"
457,1.602,5.000,3.187,0.980,2.207,0.693,4,"FSM_onehot_st_q_reg[12]/C","FSM_onehot_st_q_reg[29]/CE","TOP control","FDCE=2;LUT4=1;LUT5=2;LUT6=1"
458,1.602,5.000,3.187,0.980,2.207,0.693,4,"FSM_onehot_st_q_reg[12]/C","FSM_onehot_st_q_reg[2]/CE","TOP control","FDCE=2;LUT4=1;LUT5=2;LUT6=1"
459,1.602,5.000,3.187,0.980,2.207,0.693,4,"FSM_onehot_st_q_reg[12]/C","FSM_onehot_st_q_reg[2]_rep/CE","TOP control","FDCE=2;LUT4=1;LUT5=2;LUT6=1"
460,1.602,5.000,3.187,0.980,2.207,0.693,4,"FSM_onehot_st_q_reg[12]/C","FSM_onehot_st_q_reg[30]/CE","TOP control","FDCE=2;LUT4=1;LUT5=2;LUT6=1"
461,1.602,5.000,3.187,0.980,2.207,0.693,4,"FSM_onehot_st_q_reg[12]/C","FSM_onehot_st_q_reg[3]/CE","TOP control","FDCE=2;LUT4=1;LUT5=2;LUT6=1"
462,1.602,5.000,3.187,0.980,2.207,0.693,4,"FSM_onehot_st_q_reg[12]/C","FSM_onehot_st_q_reg[4]/CE","TOP control","FDCE=2;LUT4=1;LUT5=2;LUT6=1"
463,1.602,5.000,3.187,0.980,2.207,0.693,4,"FSM_onehot_st_q_reg[12]/C","FSM_onehot_st_q_reg[4]_rep/CE","TOP control","FDCE=2;LUT4=1;LUT5=2;LUT6=1"
464,1.602,5.000,3.187,0.980,2.207,0.693,4,"FSM_onehot_st_q_reg[12]/C","FSM_onehot_st_q_reg[4]_rep__0/CE","TOP control","FDCE=2;LUT4=1;LUT5=2;LUT6=1"
465,1.602,5.000,3.187,0.980,2.207,0.693,4,"FSM_onehot_st_q_reg[12]/C","FSM_onehot_st_q_reg[4]_rep__1/CE","TOP control","FDCE=2;LUT4=1;LUT5=2;LUT6=1"
466,1.602,5.000,3.187,0.980,2.207,0.693,4,"FSM_onehot_st_q_reg[12]/C","FSM_onehot_st_q_reg[4]_rep__2/CE","TOP control","FDCE=2;LUT4=1;LUT5=2;LUT6=1"
467,1.602,5.000,3.187,0.980,2.207,0.693,4,"FSM_onehot_st_q_reg[12]/C","FSM_onehot_st_q_reg[5]/CE","TOP control","FDCE=2;LUT4=1;LUT5=2;LUT6=1"
468,1.602,5.000,3.187,0.980,2.207,0.693,4,"FSM_onehot_st_q_reg[12]/C","FSM_onehot_st_q_reg[5]_rep/CE","TOP control","FDCE=2;LUT4=1;LUT5=2;LUT6=1"
469,1.602,5.000,3.187,0.980,2.207,0.693,4,"FSM_onehot_st_q_reg[12]/C","FSM_onehot_st_q_reg[5]_rep__0/CE","TOP control","FDCE=2;LUT4=1;LUT5=2;LUT6=1"
470,1.602,5.000,3.187,0.980,2.207,0.693,4,"FSM_onehot_st_q_reg[12]/C","FSM_onehot_st_q_reg[6]/CE","TOP control","FDCE=2;LUT4=1;LUT5=2;LUT6=1"
471,1.602,5.000,3.187,0.980,2.207,0.693,4,"FSM_onehot_st_q_reg[12]/C","FSM_onehot_st_q_reg[7]/CE","TOP control","FDCE=2;LUT4=1;LUT5=2;LUT6=1"
472,1.602,5.000,3.187,0.980,2.207,0.693,4,"FSM_onehot_st_q_reg[12]/C","FSM_onehot_st_q_reg[8]/CE","TOP control","FDCE=2;LUT4=1;LUT5=2;LUT6=1"
473,1.602,5.000,3.187,0.980,2.207,0.693,4,"FSM_onehot_st_q_reg[12]/C","FSM_onehot_st_q_reg[9]/CE","TOP control","FDCE=2;LUT4=1;LUT5=2;LUT6=1"
474,1.680,5.000,3.317,1.085,2.232,0.673,5,"gen_lane[0].i_p2_pop_slice/bool_result_q_reg[23]/C","gen_lane[0].i_p2_pop_slice/popcount_part_q_o_reg[0][1]/D","P2 popcount capture","FDCE=2;LUT5=3;LUT6=2"
475,1.680,5.000,3.317,1.085,2.232,0.673,5,"gen_lane[0].i_p2_pop_slice/bool_result_q_reg[55]/C","gen_lane[0].i_p2_pop_slice/popcount_part_q_o_reg[1][1]/D","P2 popcount capture","FDCE=2;LUT5=3;LUT6=2"
476,1.680,5.000,3.317,1.085,2.232,0.673,5,"gen_lane[1].i_p2_pop_slice/bool_result_q_reg[23]/C","gen_lane[1].i_p2_pop_slice/popcount_part_q_o_reg[0][1]/D","P2 popcount capture","FDCE=2;LUT5=3;LUT6=2"
477,1.680,5.000,3.317,1.085,2.232,0.673,5,"gen_lane[1].i_p2_pop_slice/bool_result_q_reg[55]/C","gen_lane[1].i_p2_pop_slice/popcount_part_q_o_reg[1][1]/D","P2 popcount capture","FDCE=2;LUT5=3;LUT6=2"
478,1.680,5.000,3.317,1.085,2.232,0.673,5,"gen_lane[2].i_p2_pop_slice/bool_result_q_reg[23]/C","gen_lane[2].i_p2_pop_slice/popcount_part_q_o_reg[0][1]/D","P2 popcount capture","FDCE=2;LUT5=3;LUT6=2"
479,1.680,5.000,3.317,1.085,2.232,0.673,5,"gen_lane[2].i_p2_pop_slice/bool_result_q_reg[55]/C","gen_lane[2].i_p2_pop_slice/popcount_part_q_o_reg[1][1]/D","P2 popcount capture","FDCE=2;LUT5=3;LUT6=2"
480,1.680,5.000,3.317,1.085,2.232,0.673,5,"gen_lane[3].i_p2_pop_slice/bool_result_q_reg[23]/C","gen_lane[3].i_p2_pop_slice/popcount_part_q_o_reg[0][1]/D","P2 popcount capture","FDCE=2;LUT5=3;LUT6=2"
481,1.680,5.000,3.317,1.085,2.232,0.673,5,"gen_lane[3].i_p2_pop_slice/bool_result_q_reg[55]/C","gen_lane[3].i_p2_pop_slice/popcount_part_q_o_reg[1][1]/D","P2 popcount capture","FDCE=2;LUT5=3;LUT6=2"
482,1.702,5.000,3.295,1.085,2.210,0.671,5,"hperm_word_off_q_reg[2]/C","uop_p0_q_reg[src1_addr][2]/D","TOP control","FDCE=2;LUT6=5"
483,1.727,5.000,3.270,1.085,2.185,0.668,5,"hb_src1_base_q_reg[3]/C","uop_p0_q_reg[src1_addr][5]/D","TOP control","FDCE=2;LUT6=5"
484,1.786,5.000,3.211,1.098,2.113,0.658,5,"hmatch_best_dist_q_reg[0]/C","hmatch_budget_q_reg[8]/D","HMATCH reduction/compare","FDCE=2;LUT5=2;LUT6=3"
485,1.792,5.000,2.858,0.770,2.088,0.731,2,"vrf_wa_q_reg[0][0]/C","i_vrf/vrf_b0_reg_r1_0_63_63_63/DP/I","VRF/read/writeback","FDCE=1;LUT6=1;RAMD64E=1"
486,1.792,5.000,2.858,0.770,2.088,0.731,2,"vrf_wa_q_reg[0][0]/C","i_vrf/vrf_b0_reg_r2_0_63_63_63/DP/I","VRF/read/writeback","FDCE=1;LUT6=1;RAMD64E=2"
487,1.792,5.000,2.858,0.770,2.088,0.731,2,"vrf_wa_q_reg[1][0]/C","i_vrf/vrf_b1_reg_r1_0_63_63_63/DP/I","VRF/read/writeback","FDCE=1;LUT6=1;RAMD64E=1"
488,1.792,5.000,2.858,0.770,2.088,0.731,2,"vrf_wa_q_reg[1][0]/C","i_vrf/vrf_b1_reg_r2_0_63_63_63/DP/I","VRF/read/writeback","FDCE=1;LUT6=1;RAMD64E=2"
489,1.792,5.000,2.858,0.770,2.088,0.731,2,"vrf_wa_q_reg[2][0]/C","i_vrf/vrf_b2_reg_r1_0_63_63_63/DP/I","VRF/read/writeback","FDCE=1;LUT6=1;RAMD64E=1"
490,1.792,5.000,2.858,0.770,2.088,0.731,2,"vrf_wa_q_reg[2][0]/C","i_vrf/vrf_b2_reg_r2_0_63_63_63/DP/I","VRF/read/writeback","FDCE=1;LUT6=1;RAMD64E=2"
491,1.792,5.000,2.858,0.770,2.088,0.731,2,"vrf_wa_q_reg[3][0]/C","i_vrf/vrf_b3_reg_r1_0_63_63_63/DP/I","VRF/read/writeback","FDCE=1;LUT6=1;RAMD64E=1"
492,1.792,5.000,2.858,0.770,2.088,0.731,2,"vrf_wa_q_reg[3][0]/C","i_vrf/vrf_b3_reg_r2_0_63_63_63/DP/I","VRF/read/writeback","FDCE=1;LUT6=1;RAMD64E=2"
493,1.801,5.000,2.845,0.770,2.075,0.729,2,"vrf_wa_q_reg[0][0]/C","i_vrf/vrf_b0_reg_r1_0_63_0_2/RAMB/I","VRF/read/writeback","FDCE=1;LUT6=1;RAMD64E=1"
494,1.801,5.000,2.845,0.770,2.075,0.729,2,"vrf_wa_q_reg[0][0]/C","i_vrf/vrf_b0_reg_r1_0_63_12_14/RAMB/I","VRF/read/writeback","FDCE=1;LUT6=1;RAMD64E=1"
495,1.801,5.000,2.845,0.770,2.075,0.729,2,"vrf_wa_q_reg[0][0]/C","i_vrf/vrf_b0_reg_r1_0_63_15_17/RAMB/I","VRF/read/writeback","FDCE=1;LUT6=1;RAMD64E=1"
496,1.801,5.000,2.845,0.770,2.075,0.729,2,"vrf_wa_q_reg[0][0]/C","i_vrf/vrf_b0_reg_r1_0_63_18_20/RAMB/I","VRF/read/writeback","FDCE=1;LUT6=1;RAMD64E=1"
497,1.801,5.000,2.845,0.770,2.075,0.729,2,"vrf_wa_q_reg[0][0]/C","i_vrf/vrf_b0_reg_r1_0_63_21_23/RAMB/I","VRF/read/writeback","FDCE=1;LUT6=1;RAMD64E=1"
498,1.801,5.000,2.845,0.770,2.075,0.729,2,"vrf_wa_q_reg[0][0]/C","i_vrf/vrf_b0_reg_r1_0_63_24_26/RAMB/I","VRF/read/writeback","FDCE=1;LUT6=1;RAMD64E=1"
499,1.801,5.000,2.845,0.770,2.075,0.729,2,"vrf_wa_q_reg[0][0]/C","i_vrf/vrf_b0_reg_r1_0_63_27_29/RAMB/I","VRF/read/writeback","FDCE=1;LUT6=1;RAMD64E=1"
500,1.801,5.000,2.845,0.770,2.075,0.729,2,"vrf_wa_q_reg[0][0]/C","i_vrf/vrf_b0_reg_r1_0_63_30_32/RAMB/I","VRF/read/writeback","FDCE=1;LUT6=1;RAMD64E=1"
501,1.801,5.000,2.845,0.770,2.075,0.729,2,"vrf_wa_q_reg[0][0]/C","i_vrf/vrf_b0_reg_r1_0_63_33_35/RAMB/I","VRF/read/writeback","FDCE=1;LUT6=1;RAMD64E=1"
502,1.801,5.000,2.845,0.770,2.075,0.729,2,"vrf_wa_q_reg[0][0]/C","i_vrf/vrf_b0_reg_r1_0_63_36_38/RAMB/I","VRF/read/writeback","FDCE=1;LUT6=1;RAMD64E=1"
503,1.801,5.000,2.845,0.770,2.075,0.729,2,"vrf_wa_q_reg[0][0]/C","i_vrf/vrf_b0_reg_r1_0_63_39_41/RAMB/I","VRF/read/writeback","FDCE=1;LUT6=1;RAMD64E=1"
504,1.801,5.000,2.845,0.770,2.075,0.729,2,"vrf_wa_q_reg[0][0]/C","i_vrf/vrf_b0_reg_r1_0_63_3_5/RAMB/I","VRF/read/writeback","FDCE=1;LUT6=1;RAMD64E=1"
505,1.801,5.000,2.845,0.770,2.075,0.729,2,"vrf_wa_q_reg[0][0]/C","i_vrf/vrf_b0_reg_r1_0_63_42_44/RAMB/I","VRF/read/writeback","FDCE=1;LUT6=1;RAMD64E=1"
506,1.801,5.000,2.845,0.770,2.075,0.729,2,"vrf_wa_q_reg[0][0]/C","i_vrf/vrf_b0_reg_r1_0_63_45_47/RAMB/I","VRF/read/writeback","FDCE=1;LUT6=1;RAMD64E=1"
507,1.801,5.000,2.845,0.770,2.075,0.729,2,"vrf_wa_q_reg[0][0]/C","i_vrf/vrf_b0_reg_r1_0_63_48_50/RAMB/I","VRF/read/writeback","FDCE=1;LUT6=1;RAMD64E=1"
508,1.801,5.000,2.845,0.770,2.075,0.729,2,"vrf_wa_q_reg[0][0]/C","i_vrf/vrf_b0_reg_r1_0_63_51_53/RAMB/I","VRF/read/writeback","FDCE=1;LUT6=1;RAMD64E=1"
509,1.801,5.000,2.845,0.770,2.075,0.729,2,"vrf_wa_q_reg[0][0]/C","i_vrf/vrf_b0_reg_r1_0_63_54_56/RAMB/I","VRF/read/writeback","FDCE=1;LUT6=1;RAMD64E=1"
510,1.801,5.000,2.845,0.770,2.075,0.729,2,"vrf_wa_q_reg[0][0]/C","i_vrf/vrf_b0_reg_r1_0_63_57_59/RAMB/I","VRF/read/writeback","FDCE=1;LUT6=1;RAMD64E=1"
511,1.801,5.000,2.845,0.770,2.075,0.729,2,"vrf_wa_q_reg[0][0]/C","i_vrf/vrf_b0_reg_r1_0_63_60_62/RAMB/I","VRF/read/writeback","FDCE=1;LUT6=1;RAMD64E=1"
512,1.801,5.000,2.845,0.770,2.075,0.729,2,"vrf_wa_q_reg[0][0]/C","i_vrf/vrf_b0_reg_r1_0_63_6_8/RAMB/I","VRF/read/writeback","FDCE=1;LUT6=1;RAMD64E=1"
513,1.801,5.000,2.845,0.770,2.075,0.729,2,"vrf_wa_q_reg[0][0]/C","i_vrf/vrf_b0_reg_r1_0_63_9_11/RAMB/I","VRF/read/writeback","FDCE=1;LUT6=1;RAMD64E=1"
514,1.801,5.000,2.845,0.770,2.075,0.729,2,"vrf_wa_q_reg[0][0]/C","i_vrf/vrf_b0_reg_r2_0_63_0_2/RAMB/I","VRF/read/writeback","FDCE=1;LUT6=1;RAMD64E=2"
515,1.801,5.000,2.845,0.770,2.075,0.729,2,"vrf_wa_q_reg[0][0]/C","i_vrf/vrf_b0_reg_r2_0_63_12_14/RAMB/I","VRF/read/writeback","FDCE=1;LUT6=1;RAMD64E=2"
516,1.801,5.000,2.845,0.770,2.075,0.729,2,"vrf_wa_q_reg[0][0]/C","i_vrf/vrf_b0_reg_r2_0_63_15_17/RAMB/I","VRF/read/writeback","FDCE=1;LUT6=1;RAMD64E=2"
517,1.801,5.000,2.845,0.770,2.075,0.729,2,"vrf_wa_q_reg[0][0]/C","i_vrf/vrf_b0_reg_r2_0_63_18_20/RAMB/I","VRF/read/writeback","FDCE=1;LUT6=1;RAMD64E=2"
518,1.801,5.000,2.845,0.770,2.075,0.729,2,"vrf_wa_q_reg[0][0]/C","i_vrf/vrf_b0_reg_r2_0_63_21_23/RAMB/I","VRF/read/writeback","FDCE=1;LUT6=1;RAMD64E=2"
519,1.801,5.000,2.845,0.770,2.075,0.729,2,"vrf_wa_q_reg[0][0]/C","i_vrf/vrf_b0_reg_r2_0_63_24_26/RAMB/I","VRF/read/writeback","FDCE=1;LUT6=1;RAMD64E=2"
520,1.801,5.000,2.845,0.770,2.075,0.729,2,"vrf_wa_q_reg[0][0]/C","i_vrf/vrf_b0_reg_r2_0_63_27_29/RAMB/I","VRF/read/writeback","FDCE=1;LUT6=1;RAMD64E=2"
521,1.801,5.000,2.845,0.770,2.075,0.729,2,"vrf_wa_q_reg[0][0]/C","i_vrf/vrf_b0_reg_r2_0_63_30_32/RAMB/I","VRF/read/writeback","FDCE=1;LUT6=1;RAMD64E=2"
522,1.801,5.000,2.845,0.770,2.075,0.729,2,"vrf_wa_q_reg[0][0]/C","i_vrf/vrf_b0_reg_r2_0_63_33_35/RAMB/I","VRF/read/writeback","FDCE=1;LUT6=1;RAMD64E=2"
523,1.801,5.000,2.845,0.770,2.075,0.729,2,"vrf_wa_q_reg[0][0]/C","i_vrf/vrf_b0_reg_r2_0_63_36_38/RAMB/I","VRF/read/writeback","FDCE=1;LUT6=1;RAMD64E=2"
524,1.801,5.000,2.845,0.770,2.075,0.729,2,"vrf_wa_q_reg[0][0]/C","i_vrf/vrf_b0_reg_r2_0_63_39_41/RAMB/I","VRF/read/writeback","FDCE=1;LUT6=1;RAMD64E=2"
525,1.801,5.000,2.845,0.770,2.075,0.729,2,"vrf_wa_q_reg[0][0]/C","i_vrf/vrf_b0_reg_r2_0_63_3_5/RAMB/I","VRF/read/writeback","FDCE=1;LUT6=1;RAMD64E=2"
526,1.801,5.000,2.845,0.770,2.075,0.729,2,"vrf_wa_q_reg[0][0]/C","i_vrf/vrf_b0_reg_r2_0_63_42_44/RAMB/I","VRF/read/writeback","FDCE=1;LUT6=1;RAMD64E=2"
527,1.801,5.000,2.845,0.770,2.075,0.729,2,"vrf_wa_q_reg[0][0]/C","i_vrf/vrf_b0_reg_r2_0_63_45_47/RAMB/I","VRF/read/writeback","FDCE=1;LUT6=1;RAMD64E=2"
528,1.801,5.000,2.845,0.770,2.075,0.729,2,"vrf_wa_q_reg[0][0]/C","i_vrf/vrf_b0_reg_r2_0_63_48_50/RAMB/I","VRF/read/writeback","FDCE=1;LUT6=1;RAMD64E=2"
529,1.801,5.000,2.845,0.770,2.075,0.729,2,"vrf_wa_q_reg[0][0]/C","i_vrf/vrf_b0_reg_r2_0_63_51_53/RAMB/I","VRF/read/writeback","FDCE=1;LUT6=1;RAMD64E=2"
530,1.801,5.000,2.845,0.770,2.075,0.729,2,"vrf_wa_q_reg[0][0]/C","i_vrf/vrf_b0_reg_r2_0_63_54_56/RAMB/I","VRF/read/writeback","FDCE=1;LUT6=1;RAMD64E=2"
531,1.801,5.000,2.845,0.770,2.075,0.729,2,"vrf_wa_q_reg[0][0]/C","i_vrf/vrf_b0_reg_r2_0_63_57_59/RAMB/I","VRF/read/writeback","FDCE=1;LUT6=1;RAMD64E=2"
532,1.801,5.000,2.845,0.770,2.075,0.729,2,"vrf_wa_q_reg[0][0]/C","i_vrf/vrf_b0_reg_r2_0_63_60_62/RAMB/I","VRF/read/writeback","FDCE=1;LUT6=1;RAMD64E=2"
533,1.801,5.000,2.845,0.770,2.075,0.729,2,"vrf_wa_q_reg[0][0]/C","i_vrf/vrf_b0_reg_r2_0_63_6_8/RAMB/I","VRF/read/writeback","FDCE=1;LUT6=1;RAMD64E=2"
534,1.801,5.000,2.845,0.770,2.075,0.729,2,"vrf_wa_q_reg[0][0]/C","i_vrf/vrf_b0_reg_r2_0_63_9_11/RAMB/I","VRF/read/writeback","FDCE=1;LUT6=1;RAMD64E=2"
535,1.801,5.000,2.845,0.770,2.075,0.729,2,"vrf_wa_q_reg[1][0]/C","i_vrf/vrf_b1_reg_r1_0_63_0_2/RAMB/I","VRF/read/writeback","FDCE=1;LUT6=1;RAMD64E=1"
536,1.801,5.000,2.845,0.770,2.075,0.729,2,"vrf_wa_q_reg[1][0]/C","i_vrf/vrf_b1_reg_r1_0_63_12_14/RAMB/I","VRF/read/writeback","FDCE=1;LUT6=1;RAMD64E=1"
537,1.801,5.000,2.845,0.770,2.075,0.729,2,"vrf_wa_q_reg[1][0]/C","i_vrf/vrf_b1_reg_r1_0_63_15_17/RAMB/I","VRF/read/writeback","FDCE=1;LUT6=1;RAMD64E=1"
538,1.801,5.000,2.845,0.770,2.075,0.729,2,"vrf_wa_q_reg[1][0]/C","i_vrf/vrf_b1_reg_r1_0_63_18_20/RAMB/I","VRF/read/writeback","FDCE=1;LUT6=1;RAMD64E=1"
539,1.801,5.000,2.845,0.770,2.075,0.729,2,"vrf_wa_q_reg[1][0]/C","i_vrf/vrf_b1_reg_r1_0_63_21_23/RAMB/I","VRF/read/writeback","FDCE=1;LUT6=1;RAMD64E=1"
540,1.801,5.000,2.845,0.770,2.075,0.729,2,"vrf_wa_q_reg[1][0]/C","i_vrf/vrf_b1_reg_r1_0_63_24_26/RAMB/I","VRF/read/writeback","FDCE=1;LUT6=1;RAMD64E=1"
541,1.801,5.000,2.845,0.770,2.075,0.729,2,"vrf_wa_q_reg[1][0]/C","i_vrf/vrf_b1_reg_r1_0_63_27_29/RAMB/I","VRF/read/writeback","FDCE=1;LUT6=1;RAMD64E=1"
542,1.801,5.000,2.845,0.770,2.075,0.729,2,"vrf_wa_q_reg[1][0]/C","i_vrf/vrf_b1_reg_r1_0_63_30_32/RAMB/I","VRF/read/writeback","FDCE=1;LUT6=1;RAMD64E=1"
543,1.801,5.000,2.845,0.770,2.075,0.729,2,"vrf_wa_q_reg[1][0]/C","i_vrf/vrf_b1_reg_r1_0_63_33_35/RAMB/I","VRF/read/writeback","FDCE=1;LUT6=1;RAMD64E=1"
544,1.801,5.000,2.845,0.770,2.075,0.729,2,"vrf_wa_q_reg[1][0]/C","i_vrf/vrf_b1_reg_r1_0_63_36_38/RAMB/I","VRF/read/writeback","FDCE=1;LUT6=1;RAMD64E=1"
545,1.801,5.000,2.845,0.770,2.075,0.729,2,"vrf_wa_q_reg[1][0]/C","i_vrf/vrf_b1_reg_r1_0_63_39_41/RAMB/I","VRF/read/writeback","FDCE=1;LUT6=1;RAMD64E=1"
546,1.801,5.000,2.845,0.770,2.075,0.729,2,"vrf_wa_q_reg[1][0]/C","i_vrf/vrf_b1_reg_r1_0_63_3_5/RAMB/I","VRF/read/writeback","FDCE=1;LUT6=1;RAMD64E=1"
547,1.801,5.000,2.845,0.770,2.075,0.729,2,"vrf_wa_q_reg[1][0]/C","i_vrf/vrf_b1_reg_r1_0_63_42_44/RAMB/I","VRF/read/writeback","FDCE=1;LUT6=1;RAMD64E=1"
548,1.801,5.000,2.845,0.770,2.075,0.729,2,"vrf_wa_q_reg[1][0]/C","i_vrf/vrf_b1_reg_r1_0_63_45_47/RAMB/I","VRF/read/writeback","FDCE=1;LUT6=1;RAMD64E=1"
549,1.801,5.000,2.845,0.770,2.075,0.729,2,"vrf_wa_q_reg[1][0]/C","i_vrf/vrf_b1_reg_r1_0_63_48_50/RAMB/I","VRF/read/writeback","FDCE=1;LUT6=1;RAMD64E=1"
550,1.801,5.000,2.845,0.770,2.075,0.729,2,"vrf_wa_q_reg[1][0]/C","i_vrf/vrf_b1_reg_r1_0_63_51_53/RAMB/I","VRF/read/writeback","FDCE=1;LUT6=1;RAMD64E=1"
551,1.801,5.000,2.845,0.770,2.075,0.729,2,"vrf_wa_q_reg[1][0]/C","i_vrf/vrf_b1_reg_r1_0_63_54_56/RAMB/I","VRF/read/writeback","FDCE=1;LUT6=1;RAMD64E=1"
552,1.801,5.000,2.845,0.770,2.075,0.729,2,"vrf_wa_q_reg[1][0]/C","i_vrf/vrf_b1_reg_r1_0_63_57_59/RAMB/I","VRF/read/writeback","FDCE=1;LUT6=1;RAMD64E=1"
553,1.801,5.000,2.845,0.770,2.075,0.729,2,"vrf_wa_q_reg[1][0]/C","i_vrf/vrf_b1_reg_r1_0_63_60_62/RAMB/I","VRF/read/writeback","FDCE=1;LUT6=1;RAMD64E=1"
554,1.801,5.000,2.845,0.770,2.075,0.729,2,"vrf_wa_q_reg[1][0]/C","i_vrf/vrf_b1_reg_r1_0_63_6_8/RAMB/I","VRF/read/writeback","FDCE=1;LUT6=1;RAMD64E=1"
555,1.801,5.000,2.845,0.770,2.075,0.729,2,"vrf_wa_q_reg[1][0]/C","i_vrf/vrf_b1_reg_r1_0_63_9_11/RAMB/I","VRF/read/writeback","FDCE=1;LUT6=1;RAMD64E=1"
556,1.801,5.000,2.845,0.770,2.075,0.729,2,"vrf_wa_q_reg[1][0]/C","i_vrf/vrf_b1_reg_r2_0_63_0_2/RAMB/I","VRF/read/writeback","FDCE=1;LUT6=1;RAMD64E=2"
557,1.801,5.000,2.845,0.770,2.075,0.729,2,"vrf_wa_q_reg[1][0]/C","i_vrf/vrf_b1_reg_r2_0_63_12_14/RAMB/I","VRF/read/writeback","FDCE=1;LUT6=1;RAMD64E=2"
558,1.801,5.000,2.845,0.770,2.075,0.729,2,"vrf_wa_q_reg[1][0]/C","i_vrf/vrf_b1_reg_r2_0_63_15_17/RAMB/I","VRF/read/writeback","FDCE=1;LUT6=1;RAMD64E=2"
559,1.801,5.000,2.845,0.770,2.075,0.729,2,"vrf_wa_q_reg[1][0]/C","i_vrf/vrf_b1_reg_r2_0_63_18_20/RAMB/I","VRF/read/writeback","FDCE=1;LUT6=1;RAMD64E=2"
560,1.801,5.000,2.845,0.770,2.075,0.729,2,"vrf_wa_q_reg[1][0]/C","i_vrf/vrf_b1_reg_r2_0_63_21_23/RAMB/I","VRF/read/writeback","FDCE=1;LUT6=1;RAMD64E=2"
561,1.801,5.000,2.845,0.770,2.075,0.729,2,"vrf_wa_q_reg[1][0]/C","i_vrf/vrf_b1_reg_r2_0_63_24_26/RAMB/I","VRF/read/writeback","FDCE=1;LUT6=1;RAMD64E=2"
562,1.801,5.000,2.845,0.770,2.075,0.729,2,"vrf_wa_q_reg[1][0]/C","i_vrf/vrf_b1_reg_r2_0_63_27_29/RAMB/I","VRF/read/writeback","FDCE=1;LUT6=1;RAMD64E=2"
563,1.801,5.000,2.845,0.770,2.075,0.729,2,"vrf_wa_q_reg[1][0]/C","i_vrf/vrf_b1_reg_r2_0_63_30_32/RAMB/I","VRF/read/writeback","FDCE=1;LUT6=1;RAMD64E=2"
564,1.801,5.000,2.845,0.770,2.075,0.729,2,"vrf_wa_q_reg[1][0]/C","i_vrf/vrf_b1_reg_r2_0_63_33_35/RAMB/I","VRF/read/writeback","FDCE=1;LUT6=1;RAMD64E=2"
565,1.801,5.000,2.845,0.770,2.075,0.729,2,"vrf_wa_q_reg[1][0]/C","i_vrf/vrf_b1_reg_r2_0_63_36_38/RAMB/I","VRF/read/writeback","FDCE=1;LUT6=1;RAMD64E=2"
566,1.801,5.000,2.845,0.770,2.075,0.729,2,"vrf_wa_q_reg[1][0]/C","i_vrf/vrf_b1_reg_r2_0_63_39_41/RAMB/I","VRF/read/writeback","FDCE=1;LUT6=1;RAMD64E=2"
567,1.801,5.000,2.845,0.770,2.075,0.729,2,"vrf_wa_q_reg[1][0]/C","i_vrf/vrf_b1_reg_r2_0_63_3_5/RAMB/I","VRF/read/writeback","FDCE=1;LUT6=1;RAMD64E=2"
568,1.801,5.000,2.845,0.770,2.075,0.729,2,"vrf_wa_q_reg[1][0]/C","i_vrf/vrf_b1_reg_r2_0_63_42_44/RAMB/I","VRF/read/writeback","FDCE=1;LUT6=1;RAMD64E=2"
569,1.801,5.000,2.845,0.770,2.075,0.729,2,"vrf_wa_q_reg[1][0]/C","i_vrf/vrf_b1_reg_r2_0_63_45_47/RAMB/I","VRF/read/writeback","FDCE=1;LUT6=1;RAMD64E=2"
570,1.801,5.000,2.845,0.770,2.075,0.729,2,"vrf_wa_q_reg[1][0]/C","i_vrf/vrf_b1_reg_r2_0_63_48_50/RAMB/I","VRF/read/writeback","FDCE=1;LUT6=1;RAMD64E=2"
571,1.801,5.000,2.845,0.770,2.075,0.729,2,"vrf_wa_q_reg[1][0]/C","i_vrf/vrf_b1_reg_r2_0_63_51_53/RAMB/I","VRF/read/writeback","FDCE=1;LUT6=1;RAMD64E=2"
572,1.801,5.000,2.845,0.770,2.075,0.729,2,"vrf_wa_q_reg[1][0]/C","i_vrf/vrf_b1_reg_r2_0_63_54_56/RAMB/I","VRF/read/writeback","FDCE=1;LUT6=1;RAMD64E=2"
573,1.801,5.000,2.845,0.770,2.075,0.729,2,"vrf_wa_q_reg[1][0]/C","i_vrf/vrf_b1_reg_r2_0_63_57_59/RAMB/I","VRF/read/writeback","FDCE=1;LUT6=1;RAMD64E=2"
574,1.801,5.000,2.845,0.770,2.075,0.729,2,"vrf_wa_q_reg[1][0]/C","i_vrf/vrf_b1_reg_r2_0_63_60_62/RAMB/I","VRF/read/writeback","FDCE=1;LUT6=1;RAMD64E=2"
575,1.801,5.000,2.845,0.770,2.075,0.729,2,"vrf_wa_q_reg[1][0]/C","i_vrf/vrf_b1_reg_r2_0_63_6_8/RAMB/I","VRF/read/writeback","FDCE=1;LUT6=1;RAMD64E=2"
576,1.801,5.000,2.845,0.770,2.075,0.729,2,"vrf_wa_q_reg[1][0]/C","i_vrf/vrf_b1_reg_r2_0_63_9_11/RAMB/I","VRF/read/writeback","FDCE=1;LUT6=1;RAMD64E=2"
577,1.801,5.000,2.845,0.770,2.075,0.729,2,"vrf_wa_q_reg[2][0]/C","i_vrf/vrf_b2_reg_r1_0_63_0_2/RAMB/I","VRF/read/writeback","FDCE=1;LUT6=1;RAMD64E=1"
578,1.801,5.000,2.845,0.770,2.075,0.729,2,"vrf_wa_q_reg[2][0]/C","i_vrf/vrf_b2_reg_r1_0_63_12_14/RAMB/I","VRF/read/writeback","FDCE=1;LUT6=1;RAMD64E=1"
579,1.801,5.000,2.845,0.770,2.075,0.729,2,"vrf_wa_q_reg[2][0]/C","i_vrf/vrf_b2_reg_r1_0_63_15_17/RAMB/I","VRF/read/writeback","FDCE=1;LUT6=1;RAMD64E=1"
580,1.801,5.000,2.845,0.770,2.075,0.729,2,"vrf_wa_q_reg[2][0]/C","i_vrf/vrf_b2_reg_r1_0_63_18_20/RAMB/I","VRF/read/writeback","FDCE=1;LUT6=1;RAMD64E=1"
581,1.801,5.000,2.845,0.770,2.075,0.729,2,"vrf_wa_q_reg[2][0]/C","i_vrf/vrf_b2_reg_r1_0_63_21_23/RAMB/I","VRF/read/writeback","FDCE=1;LUT6=1;RAMD64E=1"
582,1.801,5.000,2.845,0.770,2.075,0.729,2,"vrf_wa_q_reg[2][0]/C","i_vrf/vrf_b2_reg_r1_0_63_24_26/RAMB/I","VRF/read/writeback","FDCE=1;LUT6=1;RAMD64E=1"
583,1.801,5.000,2.845,0.770,2.075,0.729,2,"vrf_wa_q_reg[2][0]/C","i_vrf/vrf_b2_reg_r1_0_63_27_29/RAMB/I","VRF/read/writeback","FDCE=1;LUT6=1;RAMD64E=1"
584,1.801,5.000,2.845,0.770,2.075,0.729,2,"vrf_wa_q_reg[2][0]/C","i_vrf/vrf_b2_reg_r1_0_63_30_32/RAMB/I","VRF/read/writeback","FDCE=1;LUT6=1;RAMD64E=1"
585,1.801,5.000,2.845,0.770,2.075,0.729,2,"vrf_wa_q_reg[2][0]/C","i_vrf/vrf_b2_reg_r1_0_63_33_35/RAMB/I","VRF/read/writeback","FDCE=1;LUT6=1;RAMD64E=1"
586,1.801,5.000,2.845,0.770,2.075,0.729,2,"vrf_wa_q_reg[2][0]/C","i_vrf/vrf_b2_reg_r1_0_63_36_38/RAMB/I","VRF/read/writeback","FDCE=1;LUT6=1;RAMD64E=1"
587,1.801,5.000,2.845,0.770,2.075,0.729,2,"vrf_wa_q_reg[2][0]/C","i_vrf/vrf_b2_reg_r1_0_63_39_41/RAMB/I","VRF/read/writeback","FDCE=1;LUT6=1;RAMD64E=1"
588,1.801,5.000,2.845,0.770,2.075,0.729,2,"vrf_wa_q_reg[2][0]/C","i_vrf/vrf_b2_reg_r1_0_63_3_5/RAMB/I","VRF/read/writeback","FDCE=1;LUT6=1;RAMD64E=1"
589,1.801,5.000,2.845,0.770,2.075,0.729,2,"vrf_wa_q_reg[2][0]/C","i_vrf/vrf_b2_reg_r1_0_63_42_44/RAMB/I","VRF/read/writeback","FDCE=1;LUT6=1;RAMD64E=1"
590,1.801,5.000,2.845,0.770,2.075,0.729,2,"vrf_wa_q_reg[2][0]/C","i_vrf/vrf_b2_reg_r1_0_63_45_47/RAMB/I","VRF/read/writeback","FDCE=1;LUT6=1;RAMD64E=1"
591,1.801,5.000,2.845,0.770,2.075,0.729,2,"vrf_wa_q_reg[2][0]/C","i_vrf/vrf_b2_reg_r1_0_63_48_50/RAMB/I","VRF/read/writeback","FDCE=1;LUT6=1;RAMD64E=1"
592,1.801,5.000,2.845,0.770,2.075,0.729,2,"vrf_wa_q_reg[2][0]/C","i_vrf/vrf_b2_reg_r1_0_63_51_53/RAMB/I","VRF/read/writeback","FDCE=1;LUT6=1;RAMD64E=1"
593,1.801,5.000,2.845,0.770,2.075,0.729,2,"vrf_wa_q_reg[2][0]/C","i_vrf/vrf_b2_reg_r1_0_63_54_56/RAMB/I","VRF/read/writeback","FDCE=1;LUT6=1;RAMD64E=1"
594,1.801,5.000,2.845,0.770,2.075,0.729,2,"vrf_wa_q_reg[2][0]/C","i_vrf/vrf_b2_reg_r1_0_63_57_59/RAMB/I","VRF/read/writeback","FDCE=1;LUT6=1;RAMD64E=1"
595,1.801,5.000,2.845,0.770,2.075,0.729,2,"vrf_wa_q_reg[2][0]/C","i_vrf/vrf_b2_reg_r1_0_63_60_62/RAMB/I","VRF/read/writeback","FDCE=1;LUT6=1;RAMD64E=1"
596,1.801,5.000,2.845,0.770,2.075,0.729,2,"vrf_wa_q_reg[2][0]/C","i_vrf/vrf_b2_reg_r1_0_63_6_8/RAMB/I","VRF/read/writeback","FDCE=1;LUT6=1;RAMD64E=1"
597,1.801,5.000,2.845,0.770,2.075,0.729,2,"vrf_wa_q_reg[2][0]/C","i_vrf/vrf_b2_reg_r1_0_63_9_11/RAMB/I","VRF/read/writeback","FDCE=1;LUT6=1;RAMD64E=1"
598,1.801,5.000,2.845,0.770,2.075,0.729,2,"vrf_wa_q_reg[2][0]/C","i_vrf/vrf_b2_reg_r2_0_63_0_2/RAMB/I","VRF/read/writeback","FDCE=1;LUT6=1;RAMD64E=2"
599,1.801,5.000,2.845,0.770,2.075,0.729,2,"vrf_wa_q_reg[2][0]/C","i_vrf/vrf_b2_reg_r2_0_63_12_14/RAMB/I","VRF/read/writeback","FDCE=1;LUT6=1;RAMD64E=2"
600,1.801,5.000,2.845,0.770,2.075,0.729,2,"vrf_wa_q_reg[2][0]/C","i_vrf/vrf_b2_reg_r2_0_63_15_17/RAMB/I","VRF/read/writeback","FDCE=1;LUT6=1;RAMD64E=2"
601,1.801,5.000,2.845,0.770,2.075,0.729,2,"vrf_wa_q_reg[2][0]/C","i_vrf/vrf_b2_reg_r2_0_63_18_20/RAMB/I","VRF/read/writeback","FDCE=1;LUT6=1;RAMD64E=2"
602,1.801,5.000,2.845,0.770,2.075,0.729,2,"vrf_wa_q_reg[2][0]/C","i_vrf/vrf_b2_reg_r2_0_63_21_23/RAMB/I","VRF/read/writeback","FDCE=1;LUT6=1;RAMD64E=2"
603,1.801,5.000,2.845,0.770,2.075,0.729,2,"vrf_wa_q_reg[2][0]/C","i_vrf/vrf_b2_reg_r2_0_63_24_26/RAMB/I","VRF/read/writeback","FDCE=1;LUT6=1;RAMD64E=2"
604,1.801,5.000,2.845,0.770,2.075,0.729,2,"vrf_wa_q_reg[2][0]/C","i_vrf/vrf_b2_reg_r2_0_63_27_29/RAMB/I","VRF/read/writeback","FDCE=1;LUT6=1;RAMD64E=2"
605,1.801,5.000,2.845,0.770,2.075,0.729,2,"vrf_wa_q_reg[2][0]/C","i_vrf/vrf_b2_reg_r2_0_63_30_32/RAMB/I","VRF/read/writeback","FDCE=1;LUT6=1;RAMD64E=2"
606,1.801,5.000,2.845,0.770,2.075,0.729,2,"vrf_wa_q_reg[2][0]/C","i_vrf/vrf_b2_reg_r2_0_63_33_35/RAMB/I","VRF/read/writeback","FDCE=1;LUT6=1;RAMD64E=2"
607,1.801,5.000,2.845,0.770,2.075,0.729,2,"vrf_wa_q_reg[2][0]/C","i_vrf/vrf_b2_reg_r2_0_63_36_38/RAMB/I","VRF/read/writeback","FDCE=1;LUT6=1;RAMD64E=2"
608,1.801,5.000,2.845,0.770,2.075,0.729,2,"vrf_wa_q_reg[2][0]/C","i_vrf/vrf_b2_reg_r2_0_63_39_41/RAMB/I","VRF/read/writeback","FDCE=1;LUT6=1;RAMD64E=2"
609,1.801,5.000,2.845,0.770,2.075,0.729,2,"vrf_wa_q_reg[2][0]/C","i_vrf/vrf_b2_reg_r2_0_63_3_5/RAMB/I","VRF/read/writeback","FDCE=1;LUT6=1;RAMD64E=2"
610,1.801,5.000,2.845,0.770,2.075,0.729,2,"vrf_wa_q_reg[2][0]/C","i_vrf/vrf_b2_reg_r2_0_63_42_44/RAMB/I","VRF/read/writeback","FDCE=1;LUT6=1;RAMD64E=2"
611,1.801,5.000,2.845,0.770,2.075,0.729,2,"vrf_wa_q_reg[2][0]/C","i_vrf/vrf_b2_reg_r2_0_63_45_47/RAMB/I","VRF/read/writeback","FDCE=1;LUT6=1;RAMD64E=2"
612,1.801,5.000,2.845,0.770,2.075,0.729,2,"vrf_wa_q_reg[2][0]/C","i_vrf/vrf_b2_reg_r2_0_63_48_50/RAMB/I","VRF/read/writeback","FDCE=1;LUT6=1;RAMD64E=2"
613,1.801,5.000,2.845,0.770,2.075,0.729,2,"vrf_wa_q_reg[2][0]/C","i_vrf/vrf_b2_reg_r2_0_63_51_53/RAMB/I","VRF/read/writeback","FDCE=1;LUT6=1;RAMD64E=2"
614,1.801,5.000,2.845,0.770,2.075,0.729,2,"vrf_wa_q_reg[2][0]/C","i_vrf/vrf_b2_reg_r2_0_63_54_56/RAMB/I","VRF/read/writeback","FDCE=1;LUT6=1;RAMD64E=2"
615,1.801,5.000,2.845,0.770,2.075,0.729,2,"vrf_wa_q_reg[2][0]/C","i_vrf/vrf_b2_reg_r2_0_63_57_59/RAMB/I","VRF/read/writeback","FDCE=1;LUT6=1;RAMD64E=2"
616,1.801,5.000,2.845,0.770,2.075,0.729,2,"vrf_wa_q_reg[2][0]/C","i_vrf/vrf_b2_reg_r2_0_63_60_62/RAMB/I","VRF/read/writeback","FDCE=1;LUT6=1;RAMD64E=2"
617,1.801,5.000,2.845,0.770,2.075,0.729,2,"vrf_wa_q_reg[2][0]/C","i_vrf/vrf_b2_reg_r2_0_63_6_8/RAMB/I","VRF/read/writeback","FDCE=1;LUT6=1;RAMD64E=2"
618,1.801,5.000,2.845,0.770,2.075,0.729,2,"vrf_wa_q_reg[2][0]/C","i_vrf/vrf_b2_reg_r2_0_63_9_11/RAMB/I","VRF/read/writeback","FDCE=1;LUT6=1;RAMD64E=2"
619,1.801,5.000,2.845,0.770,2.075,0.729,2,"vrf_wa_q_reg[3][0]/C","i_vrf/vrf_b3_reg_r1_0_63_0_2/RAMB/I","VRF/read/writeback","FDCE=1;LUT6=1;RAMD64E=1"
620,1.801,5.000,2.845,0.770,2.075,0.729,2,"vrf_wa_q_reg[3][0]/C","i_vrf/vrf_b3_reg_r1_0_63_12_14/RAMB/I","VRF/read/writeback","FDCE=1;LUT6=1;RAMD64E=1"
621,1.801,5.000,2.845,0.770,2.075,0.729,2,"vrf_wa_q_reg[3][0]/C","i_vrf/vrf_b3_reg_r1_0_63_15_17/RAMB/I","VRF/read/writeback","FDCE=1;LUT6=1;RAMD64E=1"
622,1.801,5.000,2.845,0.770,2.075,0.729,2,"vrf_wa_q_reg[3][0]/C","i_vrf/vrf_b3_reg_r1_0_63_18_20/RAMB/I","VRF/read/writeback","FDCE=1;LUT6=1;RAMD64E=1"
623,1.801,5.000,2.845,0.770,2.075,0.729,2,"vrf_wa_q_reg[3][0]/C","i_vrf/vrf_b3_reg_r1_0_63_21_23/RAMB/I","VRF/read/writeback","FDCE=1;LUT6=1;RAMD64E=1"
624,1.801,5.000,2.845,0.770,2.075,0.729,2,"vrf_wa_q_reg[3][0]/C","i_vrf/vrf_b3_reg_r1_0_63_24_26/RAMB/I","VRF/read/writeback","FDCE=1;LUT6=1;RAMD64E=1"
625,1.801,5.000,2.845,0.770,2.075,0.729,2,"vrf_wa_q_reg[3][0]/C","i_vrf/vrf_b3_reg_r1_0_63_27_29/RAMB/I","VRF/read/writeback","FDCE=1;LUT6=1;RAMD64E=1"
626,1.801,5.000,2.845,0.770,2.075,0.729,2,"vrf_wa_q_reg[3][0]/C","i_vrf/vrf_b3_reg_r1_0_63_30_32/RAMB/I","VRF/read/writeback","FDCE=1;LUT6=1;RAMD64E=1"
627,1.801,5.000,2.845,0.770,2.075,0.729,2,"vrf_wa_q_reg[3][0]/C","i_vrf/vrf_b3_reg_r1_0_63_33_35/RAMB/I","VRF/read/writeback","FDCE=1;LUT6=1;RAMD64E=1"
628,1.801,5.000,2.845,0.770,2.075,0.729,2,"vrf_wa_q_reg[3][0]/C","i_vrf/vrf_b3_reg_r1_0_63_36_38/RAMB/I","VRF/read/writeback","FDCE=1;LUT6=1;RAMD64E=1"
629,1.801,5.000,2.845,0.770,2.075,0.729,2,"vrf_wa_q_reg[3][0]/C","i_vrf/vrf_b3_reg_r1_0_63_39_41/RAMB/I","VRF/read/writeback","FDCE=1;LUT6=1;RAMD64E=1"
630,1.801,5.000,2.845,0.770,2.075,0.729,2,"vrf_wa_q_reg[3][0]/C","i_vrf/vrf_b3_reg_r1_0_63_3_5/RAMB/I","VRF/read/writeback","FDCE=1;LUT6=1;RAMD64E=1"
631,1.801,5.000,2.845,0.770,2.075,0.729,2,"vrf_wa_q_reg[3][0]/C","i_vrf/vrf_b3_reg_r1_0_63_42_44/RAMB/I","VRF/read/writeback","FDCE=1;LUT6=1;RAMD64E=1"
632,1.801,5.000,2.845,0.770,2.075,0.729,2,"vrf_wa_q_reg[3][0]/C","i_vrf/vrf_b3_reg_r1_0_63_45_47/RAMB/I","VRF/read/writeback","FDCE=1;LUT6=1;RAMD64E=1"
633,1.801,5.000,2.845,0.770,2.075,0.729,2,"vrf_wa_q_reg[3][0]/C","i_vrf/vrf_b3_reg_r1_0_63_48_50/RAMB/I","VRF/read/writeback","FDCE=1;LUT6=1;RAMD64E=1"
634,1.801,5.000,2.845,0.770,2.075,0.729,2,"vrf_wa_q_reg[3][0]/C","i_vrf/vrf_b3_reg_r1_0_63_51_53/RAMB/I","VRF/read/writeback","FDCE=1;LUT6=1;RAMD64E=1"
635,1.801,5.000,2.845,0.770,2.075,0.729,2,"vrf_wa_q_reg[3][0]/C","i_vrf/vrf_b3_reg_r1_0_63_54_56/RAMB/I","VRF/read/writeback","FDCE=1;LUT6=1;RAMD64E=1"
636,1.801,5.000,2.845,0.770,2.075,0.729,2,"vrf_wa_q_reg[3][0]/C","i_vrf/vrf_b3_reg_r1_0_63_57_59/RAMB/I","VRF/read/writeback","FDCE=1;LUT6=1;RAMD64E=1"
637,1.801,5.000,2.845,0.770,2.075,0.729,2,"vrf_wa_q_reg[3][0]/C","i_vrf/vrf_b3_reg_r1_0_63_60_62/RAMB/I","VRF/read/writeback","FDCE=1;LUT6=1;RAMD64E=1"
638,1.801,5.000,2.845,0.770,2.075,0.729,2,"vrf_wa_q_reg[3][0]/C","i_vrf/vrf_b3_reg_r1_0_63_6_8/RAMB/I","VRF/read/writeback","FDCE=1;LUT6=1;RAMD64E=1"
639,1.801,5.000,2.845,0.770,2.075,0.729,2,"vrf_wa_q_reg[3][0]/C","i_vrf/vrf_b3_reg_r1_0_63_9_11/RAMB/I","VRF/read/writeback","FDCE=1;LUT6=1;RAMD64E=1"
640,1.801,5.000,2.845,0.770,2.075,0.729,2,"vrf_wa_q_reg[3][0]/C","i_vrf/vrf_b3_reg_r2_0_63_0_2/RAMB/I","VRF/read/writeback","FDCE=1;LUT6=1;RAMD64E=2"
641,1.801,5.000,2.845,0.770,2.075,0.729,2,"vrf_wa_q_reg[3][0]/C","i_vrf/vrf_b3_reg_r2_0_63_12_14/RAMB/I","VRF/read/writeback","FDCE=1;LUT6=1;RAMD64E=2"
642,1.801,5.000,2.845,0.770,2.075,0.729,2,"vrf_wa_q_reg[3][0]/C","i_vrf/vrf_b3_reg_r2_0_63_15_17/RAMB/I","VRF/read/writeback","FDCE=1;LUT6=1;RAMD64E=2"
643,1.801,5.000,2.845,0.770,2.075,0.729,2,"vrf_wa_q_reg[3][0]/C","i_vrf/vrf_b3_reg_r2_0_63_18_20/RAMB/I","VRF/read/writeback","FDCE=1;LUT6=1;RAMD64E=2"
644,1.801,5.000,2.845,0.770,2.075,0.729,2,"vrf_wa_q_reg[3][0]/C","i_vrf/vrf_b3_reg_r2_0_63_21_23/RAMB/I","VRF/read/writeback","FDCE=1;LUT6=1;RAMD64E=2"
645,1.801,5.000,2.845,0.770,2.075,0.729,2,"vrf_wa_q_reg[3][0]/C","i_vrf/vrf_b3_reg_r2_0_63_24_26/RAMB/I","VRF/read/writeback","FDCE=1;LUT6=1;RAMD64E=2"
646,1.801,5.000,2.845,0.770,2.075,0.729,2,"vrf_wa_q_reg[3][0]/C","i_vrf/vrf_b3_reg_r2_0_63_27_29/RAMB/I","VRF/read/writeback","FDCE=1;LUT6=1;RAMD64E=2"
647,1.801,5.000,2.845,0.770,2.075,0.729,2,"vrf_wa_q_reg[3][0]/C","i_vrf/vrf_b3_reg_r2_0_63_30_32/RAMB/I","VRF/read/writeback","FDCE=1;LUT6=1;RAMD64E=2"
648,1.801,5.000,2.845,0.770,2.075,0.729,2,"vrf_wa_q_reg[3][0]/C","i_vrf/vrf_b3_reg_r2_0_63_33_35/RAMB/I","VRF/read/writeback","FDCE=1;LUT6=1;RAMD64E=2"
649,1.801,5.000,2.845,0.770,2.075,0.729,2,"vrf_wa_q_reg[3][0]/C","i_vrf/vrf_b3_reg_r2_0_63_36_38/RAMB/I","VRF/read/writeback","FDCE=1;LUT6=1;RAMD64E=2"
650,1.801,5.000,2.845,0.770,2.075,0.729,2,"vrf_wa_q_reg[3][0]/C","i_vrf/vrf_b3_reg_r2_0_63_39_41/RAMB/I","VRF/read/writeback","FDCE=1;LUT6=1;RAMD64E=2"
651,1.801,5.000,2.845,0.770,2.075,0.729,2,"vrf_wa_q_reg[3][0]/C","i_vrf/vrf_b3_reg_r2_0_63_3_5/RAMB/I","VRF/read/writeback","FDCE=1;LUT6=1;RAMD64E=2"
652,1.801,5.000,2.845,0.770,2.075,0.729,2,"vrf_wa_q_reg[3][0]/C","i_vrf/vrf_b3_reg_r2_0_63_42_44/RAMB/I","VRF/read/writeback","FDCE=1;LUT6=1;RAMD64E=2"
653,1.801,5.000,2.845,0.770,2.075,0.729,2,"vrf_wa_q_reg[3][0]/C","i_vrf/vrf_b3_reg_r2_0_63_45_47/RAMB/I","VRF/read/writeback","FDCE=1;LUT6=1;RAMD64E=2"
654,1.801,5.000,2.845,0.770,2.075,0.729,2,"vrf_wa_q_reg[3][0]/C","i_vrf/vrf_b3_reg_r2_0_63_48_50/RAMB/I","VRF/read/writeback","FDCE=1;LUT6=1;RAMD64E=2"
655,1.801,5.000,2.845,0.770,2.075,0.729,2,"vrf_wa_q_reg[3][0]/C","i_vrf/vrf_b3_reg_r2_0_63_51_53/RAMB/I","VRF/read/writeback","FDCE=1;LUT6=1;RAMD64E=2"
656,1.801,5.000,2.845,0.770,2.075,0.729,2,"vrf_wa_q_reg[3][0]/C","i_vrf/vrf_b3_reg_r2_0_63_54_56/RAMB/I","VRF/read/writeback","FDCE=1;LUT6=1;RAMD64E=2"
657,1.801,5.000,2.845,0.770,2.075,0.729,2,"vrf_wa_q_reg[3][0]/C","i_vrf/vrf_b3_reg_r2_0_63_57_59/RAMB/I","VRF/read/writeback","FDCE=1;LUT6=1;RAMD64E=2"
658,1.801,5.000,2.845,0.770,2.075,0.729,2,"vrf_wa_q_reg[3][0]/C","i_vrf/vrf_b3_reg_r2_0_63_60_62/RAMB/I","VRF/read/writeback","FDCE=1;LUT6=1;RAMD64E=2"
659,1.801,5.000,2.845,0.770,2.075,0.729,2,"vrf_wa_q_reg[3][0]/C","i_vrf/vrf_b3_reg_r2_0_63_6_8/RAMB/I","VRF/read/writeback","FDCE=1;LUT6=1;RAMD64E=2"
660,1.801,5.000,2.845,0.770,2.075,0.729,2,"vrf_wa_q_reg[3][0]/C","i_vrf/vrf_b3_reg_r2_0_63_9_11/RAMB/I","VRF/read/writeback","FDCE=1;LUT6=1;RAMD64E=2"
661,1.805,5.000,2.845,0.770,2.075,0.729,2,"vrf_wa_q_reg[0][0]/C","i_vrf/vrf_b0_reg_r1_0_63_0_2/RAMC/I","VRF/read/writeback","FDCE=1;LUT6=1;RAMD64E=1"
662,1.805,5.000,2.845,0.770,2.075,0.729,2,"vrf_wa_q_reg[0][0]/C","i_vrf/vrf_b0_reg_r1_0_63_12_14/RAMC/I","VRF/read/writeback","FDCE=1;LUT6=1;RAMD64E=1"
663,1.805,5.000,2.845,0.770,2.075,0.729,2,"vrf_wa_q_reg[0][0]/C","i_vrf/vrf_b0_reg_r1_0_63_15_17/RAMC/I","VRF/read/writeback","FDCE=1;LUT6=1;RAMD64E=1"
664,1.805,5.000,2.845,0.770,2.075,0.729,2,"vrf_wa_q_reg[0][0]/C","i_vrf/vrf_b0_reg_r1_0_63_18_20/RAMC/I","VRF/read/writeback","FDCE=1;LUT6=1;RAMD64E=1"
665,1.805,5.000,2.845,0.770,2.075,0.729,2,"vrf_wa_q_reg[0][0]/C","i_vrf/vrf_b0_reg_r1_0_63_21_23/RAMC/I","VRF/read/writeback","FDCE=1;LUT6=1;RAMD64E=1"
666,1.805,5.000,2.845,0.770,2.075,0.729,2,"vrf_wa_q_reg[0][0]/C","i_vrf/vrf_b0_reg_r1_0_63_24_26/RAMC/I","VRF/read/writeback","FDCE=1;LUT6=1;RAMD64E=1"
667,1.805,5.000,2.845,0.770,2.075,0.729,2,"vrf_wa_q_reg[0][0]/C","i_vrf/vrf_b0_reg_r1_0_63_27_29/RAMC/I","VRF/read/writeback","FDCE=1;LUT6=1;RAMD64E=1"
668,1.805,5.000,2.845,0.770,2.075,0.729,2,"vrf_wa_q_reg[0][0]/C","i_vrf/vrf_b0_reg_r1_0_63_30_32/RAMC/I","VRF/read/writeback","FDCE=1;LUT6=1;RAMD64E=1"
669,1.805,5.000,2.845,0.770,2.075,0.729,2,"vrf_wa_q_reg[0][0]/C","i_vrf/vrf_b0_reg_r1_0_63_33_35/RAMC/I","VRF/read/writeback","FDCE=1;LUT6=1;RAMD64E=1"
670,1.805,5.000,2.845,0.770,2.075,0.729,2,"vrf_wa_q_reg[0][0]/C","i_vrf/vrf_b0_reg_r1_0_63_36_38/RAMC/I","VRF/read/writeback","FDCE=1;LUT6=1;RAMD64E=1"
671,1.805,5.000,2.845,0.770,2.075,0.729,2,"vrf_wa_q_reg[0][0]/C","i_vrf/vrf_b0_reg_r1_0_63_39_41/RAMC/I","VRF/read/writeback","FDCE=1;LUT6=1;RAMD64E=1"
672,1.805,5.000,2.845,0.770,2.075,0.729,2,"vrf_wa_q_reg[0][0]/C","i_vrf/vrf_b0_reg_r1_0_63_3_5/RAMC/I","VRF/read/writeback","FDCE=1;LUT6=1;RAMD64E=1"
673,1.805,5.000,2.845,0.770,2.075,0.729,2,"vrf_wa_q_reg[0][0]/C","i_vrf/vrf_b0_reg_r1_0_63_42_44/RAMC/I","VRF/read/writeback","FDCE=1;LUT6=1;RAMD64E=1"
674,1.805,5.000,2.845,0.770,2.075,0.729,2,"vrf_wa_q_reg[0][0]/C","i_vrf/vrf_b0_reg_r1_0_63_45_47/RAMC/I","VRF/read/writeback","FDCE=1;LUT6=1;RAMD64E=1"
675,1.805,5.000,2.845,0.770,2.075,0.729,2,"vrf_wa_q_reg[0][0]/C","i_vrf/vrf_b0_reg_r1_0_63_48_50/RAMC/I","VRF/read/writeback","FDCE=1;LUT6=1;RAMD64E=1"
676,1.805,5.000,2.845,0.770,2.075,0.729,2,"vrf_wa_q_reg[0][0]/C","i_vrf/vrf_b0_reg_r1_0_63_51_53/RAMC/I","VRF/read/writeback","FDCE=1;LUT6=1;RAMD64E=1"
677,1.805,5.000,2.845,0.770,2.075,0.729,2,"vrf_wa_q_reg[0][0]/C","i_vrf/vrf_b0_reg_r1_0_63_54_56/RAMC/I","VRF/read/writeback","FDCE=1;LUT6=1;RAMD64E=1"
678,1.805,5.000,2.845,0.770,2.075,0.729,2,"vrf_wa_q_reg[0][0]/C","i_vrf/vrf_b0_reg_r1_0_63_57_59/RAMC/I","VRF/read/writeback","FDCE=1;LUT6=1;RAMD64E=1"
679,1.805,5.000,2.845,0.770,2.075,0.729,2,"vrf_wa_q_reg[0][0]/C","i_vrf/vrf_b0_reg_r1_0_63_60_62/RAMC/I","VRF/read/writeback","FDCE=1;LUT6=1;RAMD64E=1"
680,1.805,5.000,2.845,0.770,2.075,0.729,2,"vrf_wa_q_reg[0][0]/C","i_vrf/vrf_b0_reg_r1_0_63_6_8/RAMC/I","VRF/read/writeback","FDCE=1;LUT6=1;RAMD64E=1"
681,1.805,5.000,2.845,0.770,2.075,0.729,2,"vrf_wa_q_reg[0][0]/C","i_vrf/vrf_b0_reg_r1_0_63_9_11/RAMC/I","VRF/read/writeback","FDCE=1;LUT6=1;RAMD64E=1"
682,1.805,5.000,2.845,0.770,2.075,0.729,2,"vrf_wa_q_reg[0][0]/C","i_vrf/vrf_b0_reg_r2_0_63_0_2/RAMC/I","VRF/read/writeback","FDCE=1;LUT6=1;RAMD64E=2"
683,1.805,5.000,2.845,0.770,2.075,0.729,2,"vrf_wa_q_reg[0][0]/C","i_vrf/vrf_b0_reg_r2_0_63_12_14/RAMC/I","VRF/read/writeback","FDCE=1;LUT6=1;RAMD64E=2"
684,1.805,5.000,2.845,0.770,2.075,0.729,2,"vrf_wa_q_reg[0][0]/C","i_vrf/vrf_b0_reg_r2_0_63_15_17/RAMC/I","VRF/read/writeback","FDCE=1;LUT6=1;RAMD64E=2"
685,1.805,5.000,2.845,0.770,2.075,0.729,2,"vrf_wa_q_reg[0][0]/C","i_vrf/vrf_b0_reg_r2_0_63_18_20/RAMC/I","VRF/read/writeback","FDCE=1;LUT6=1;RAMD64E=2"
686,1.805,5.000,2.845,0.770,2.075,0.729,2,"vrf_wa_q_reg[0][0]/C","i_vrf/vrf_b0_reg_r2_0_63_21_23/RAMC/I","VRF/read/writeback","FDCE=1;LUT6=1;RAMD64E=2"
687,1.805,5.000,2.845,0.770,2.075,0.729,2,"vrf_wa_q_reg[0][0]/C","i_vrf/vrf_b0_reg_r2_0_63_24_26/RAMC/I","VRF/read/writeback","FDCE=1;LUT6=1;RAMD64E=2"
688,1.805,5.000,2.845,0.770,2.075,0.729,2,"vrf_wa_q_reg[0][0]/C","i_vrf/vrf_b0_reg_r2_0_63_27_29/RAMC/I","VRF/read/writeback","FDCE=1;LUT6=1;RAMD64E=2"
689,1.805,5.000,2.845,0.770,2.075,0.729,2,"vrf_wa_q_reg[0][0]/C","i_vrf/vrf_b0_reg_r2_0_63_30_32/RAMC/I","VRF/read/writeback","FDCE=1;LUT6=1;RAMD64E=2"
690,1.805,5.000,2.845,0.770,2.075,0.729,2,"vrf_wa_q_reg[0][0]/C","i_vrf/vrf_b0_reg_r2_0_63_33_35/RAMC/I","VRF/read/writeback","FDCE=1;LUT6=1;RAMD64E=2"
691,1.805,5.000,2.845,0.770,2.075,0.729,2,"vrf_wa_q_reg[0][0]/C","i_vrf/vrf_b0_reg_r2_0_63_36_38/RAMC/I","VRF/read/writeback","FDCE=1;LUT6=1;RAMD64E=2"
692,1.805,5.000,2.845,0.770,2.075,0.729,2,"vrf_wa_q_reg[0][0]/C","i_vrf/vrf_b0_reg_r2_0_63_39_41/RAMC/I","VRF/read/writeback","FDCE=1;LUT6=1;RAMD64E=2"
693,1.805,5.000,2.845,0.770,2.075,0.729,2,"vrf_wa_q_reg[0][0]/C","i_vrf/vrf_b0_reg_r2_0_63_3_5/RAMC/I","VRF/read/writeback","FDCE=1;LUT6=1;RAMD64E=2"
694,1.805,5.000,2.845,0.770,2.075,0.729,2,"vrf_wa_q_reg[0][0]/C","i_vrf/vrf_b0_reg_r2_0_63_42_44/RAMC/I","VRF/read/writeback","FDCE=1;LUT6=1;RAMD64E=2"
695,1.805,5.000,2.845,0.770,2.075,0.729,2,"vrf_wa_q_reg[0][0]/C","i_vrf/vrf_b0_reg_r2_0_63_45_47/RAMC/I","VRF/read/writeback","FDCE=1;LUT6=1;RAMD64E=2"
696,1.805,5.000,2.845,0.770,2.075,0.729,2,"vrf_wa_q_reg[0][0]/C","i_vrf/vrf_b0_reg_r2_0_63_48_50/RAMC/I","VRF/read/writeback","FDCE=1;LUT6=1;RAMD64E=2"
697,1.805,5.000,2.845,0.770,2.075,0.729,2,"vrf_wa_q_reg[0][0]/C","i_vrf/vrf_b0_reg_r2_0_63_51_53/RAMC/I","VRF/read/writeback","FDCE=1;LUT6=1;RAMD64E=2"
698,1.805,5.000,2.845,0.770,2.075,0.729,2,"vrf_wa_q_reg[0][0]/C","i_vrf/vrf_b0_reg_r2_0_63_54_56/RAMC/I","VRF/read/writeback","FDCE=1;LUT6=1;RAMD64E=2"
699,1.805,5.000,2.845,0.770,2.075,0.729,2,"vrf_wa_q_reg[0][0]/C","i_vrf/vrf_b0_reg_r2_0_63_57_59/RAMC/I","VRF/read/writeback","FDCE=1;LUT6=1;RAMD64E=2"
700,1.805,5.000,2.845,0.770,2.075,0.729,2,"vrf_wa_q_reg[0][0]/C","i_vrf/vrf_b0_reg_r2_0_63_60_62/RAMC/I","VRF/read/writeback","FDCE=1;LUT6=1;RAMD64E=2"
701,1.805,5.000,2.845,0.770,2.075,0.729,2,"vrf_wa_q_reg[0][0]/C","i_vrf/vrf_b0_reg_r2_0_63_6_8/RAMC/I","VRF/read/writeback","FDCE=1;LUT6=1;RAMD64E=2"
702,1.805,5.000,2.845,0.770,2.075,0.729,2,"vrf_wa_q_reg[0][0]/C","i_vrf/vrf_b0_reg_r2_0_63_9_11/RAMC/I","VRF/read/writeback","FDCE=1;LUT6=1;RAMD64E=2"
703,1.805,5.000,2.845,0.770,2.075,0.729,2,"vrf_wa_q_reg[1][0]/C","i_vrf/vrf_b1_reg_r1_0_63_0_2/RAMC/I","VRF/read/writeback","FDCE=1;LUT6=1;RAMD64E=1"
704,1.805,5.000,2.845,0.770,2.075,0.729,2,"vrf_wa_q_reg[1][0]/C","i_vrf/vrf_b1_reg_r1_0_63_12_14/RAMC/I","VRF/read/writeback","FDCE=1;LUT6=1;RAMD64E=1"
705,1.805,5.000,2.845,0.770,2.075,0.729,2,"vrf_wa_q_reg[1][0]/C","i_vrf/vrf_b1_reg_r1_0_63_15_17/RAMC/I","VRF/read/writeback","FDCE=1;LUT6=1;RAMD64E=1"
706,1.805,5.000,2.845,0.770,2.075,0.729,2,"vrf_wa_q_reg[1][0]/C","i_vrf/vrf_b1_reg_r1_0_63_18_20/RAMC/I","VRF/read/writeback","FDCE=1;LUT6=1;RAMD64E=1"
707,1.805,5.000,2.845,0.770,2.075,0.729,2,"vrf_wa_q_reg[1][0]/C","i_vrf/vrf_b1_reg_r1_0_63_21_23/RAMC/I","VRF/read/writeback","FDCE=1;LUT6=1;RAMD64E=1"
708,1.805,5.000,2.845,0.770,2.075,0.729,2,"vrf_wa_q_reg[1][0]/C","i_vrf/vrf_b1_reg_r1_0_63_24_26/RAMC/I","VRF/read/writeback","FDCE=1;LUT6=1;RAMD64E=1"
709,1.805,5.000,2.845,0.770,2.075,0.729,2,"vrf_wa_q_reg[1][0]/C","i_vrf/vrf_b1_reg_r1_0_63_27_29/RAMC/I","VRF/read/writeback","FDCE=1;LUT6=1;RAMD64E=1"
710,1.805,5.000,2.845,0.770,2.075,0.729,2,"vrf_wa_q_reg[1][0]/C","i_vrf/vrf_b1_reg_r1_0_63_30_32/RAMC/I","VRF/read/writeback","FDCE=1;LUT6=1;RAMD64E=1"
711,1.805,5.000,2.845,0.770,2.075,0.729,2,"vrf_wa_q_reg[1][0]/C","i_vrf/vrf_b1_reg_r1_0_63_33_35/RAMC/I","VRF/read/writeback","FDCE=1;LUT6=1;RAMD64E=1"
712,1.805,5.000,2.845,0.770,2.075,0.729,2,"vrf_wa_q_reg[1][0]/C","i_vrf/vrf_b1_reg_r1_0_63_36_38/RAMC/I","VRF/read/writeback","FDCE=1;LUT6=1;RAMD64E=1"
713,1.805,5.000,2.845,0.770,2.075,0.729,2,"vrf_wa_q_reg[1][0]/C","i_vrf/vrf_b1_reg_r1_0_63_39_41/RAMC/I","VRF/read/writeback","FDCE=1;LUT6=1;RAMD64E=1"
714,1.805,5.000,2.845,0.770,2.075,0.729,2,"vrf_wa_q_reg[1][0]/C","i_vrf/vrf_b1_reg_r1_0_63_3_5/RAMC/I","VRF/read/writeback","FDCE=1;LUT6=1;RAMD64E=1"
715,1.805,5.000,2.845,0.770,2.075,0.729,2,"vrf_wa_q_reg[1][0]/C","i_vrf/vrf_b1_reg_r1_0_63_42_44/RAMC/I","VRF/read/writeback","FDCE=1;LUT6=1;RAMD64E=1"
716,1.805,5.000,2.845,0.770,2.075,0.729,2,"vrf_wa_q_reg[1][0]/C","i_vrf/vrf_b1_reg_r1_0_63_45_47/RAMC/I","VRF/read/writeback","FDCE=1;LUT6=1;RAMD64E=1"
717,1.805,5.000,2.845,0.770,2.075,0.729,2,"vrf_wa_q_reg[1][0]/C","i_vrf/vrf_b1_reg_r1_0_63_48_50/RAMC/I","VRF/read/writeback","FDCE=1;LUT6=1;RAMD64E=1"
718,1.805,5.000,2.845,0.770,2.075,0.729,2,"vrf_wa_q_reg[1][0]/C","i_vrf/vrf_b1_reg_r1_0_63_51_53/RAMC/I","VRF/read/writeback","FDCE=1;LUT6=1;RAMD64E=1"
719,1.805,5.000,2.845,0.770,2.075,0.729,2,"vrf_wa_q_reg[1][0]/C","i_vrf/vrf_b1_reg_r1_0_63_54_56/RAMC/I","VRF/read/writeback","FDCE=1;LUT6=1;RAMD64E=1"
720,1.805,5.000,2.845,0.770,2.075,0.729,2,"vrf_wa_q_reg[1][0]/C","i_vrf/vrf_b1_reg_r1_0_63_57_59/RAMC/I","VRF/read/writeback","FDCE=1;LUT6=1;RAMD64E=1"
721,1.805,5.000,2.845,0.770,2.075,0.729,2,"vrf_wa_q_reg[1][0]/C","i_vrf/vrf_b1_reg_r1_0_63_60_62/RAMC/I","VRF/read/writeback","FDCE=1;LUT6=1;RAMD64E=1"
722,1.805,5.000,2.845,0.770,2.075,0.729,2,"vrf_wa_q_reg[1][0]/C","i_vrf/vrf_b1_reg_r1_0_63_6_8/RAMC/I","VRF/read/writeback","FDCE=1;LUT6=1;RAMD64E=1"
723,1.805,5.000,2.845,0.770,2.075,0.729,2,"vrf_wa_q_reg[1][0]/C","i_vrf/vrf_b1_reg_r1_0_63_9_11/RAMC/I","VRF/read/writeback","FDCE=1;LUT6=1;RAMD64E=1"
724,1.805,5.000,2.845,0.770,2.075,0.729,2,"vrf_wa_q_reg[1][0]/C","i_vrf/vrf_b1_reg_r2_0_63_0_2/RAMC/I","VRF/read/writeback","FDCE=1;LUT6=1;RAMD64E=2"
725,1.805,5.000,2.845,0.770,2.075,0.729,2,"vrf_wa_q_reg[1][0]/C","i_vrf/vrf_b1_reg_r2_0_63_12_14/RAMC/I","VRF/read/writeback","FDCE=1;LUT6=1;RAMD64E=2"
726,1.805,5.000,2.845,0.770,2.075,0.729,2,"vrf_wa_q_reg[1][0]/C","i_vrf/vrf_b1_reg_r2_0_63_15_17/RAMC/I","VRF/read/writeback","FDCE=1;LUT6=1;RAMD64E=2"
727,1.805,5.000,2.845,0.770,2.075,0.729,2,"vrf_wa_q_reg[1][0]/C","i_vrf/vrf_b1_reg_r2_0_63_18_20/RAMC/I","VRF/read/writeback","FDCE=1;LUT6=1;RAMD64E=2"
728,1.805,5.000,2.845,0.770,2.075,0.729,2,"vrf_wa_q_reg[1][0]/C","i_vrf/vrf_b1_reg_r2_0_63_21_23/RAMC/I","VRF/read/writeback","FDCE=1;LUT6=1;RAMD64E=2"
729,1.805,5.000,2.845,0.770,2.075,0.729,2,"vrf_wa_q_reg[1][0]/C","i_vrf/vrf_b1_reg_r2_0_63_24_26/RAMC/I","VRF/read/writeback","FDCE=1;LUT6=1;RAMD64E=2"
730,1.805,5.000,2.845,0.770,2.075,0.729,2,"vrf_wa_q_reg[1][0]/C","i_vrf/vrf_b1_reg_r2_0_63_27_29/RAMC/I","VRF/read/writeback","FDCE=1;LUT6=1;RAMD64E=2"
731,1.805,5.000,2.845,0.770,2.075,0.729,2,"vrf_wa_q_reg[1][0]/C","i_vrf/vrf_b1_reg_r2_0_63_30_32/RAMC/I","VRF/read/writeback","FDCE=1;LUT6=1;RAMD64E=2"
732,1.805,5.000,2.845,0.770,2.075,0.729,2,"vrf_wa_q_reg[1][0]/C","i_vrf/vrf_b1_reg_r2_0_63_33_35/RAMC/I","VRF/read/writeback","FDCE=1;LUT6=1;RAMD64E=2"
733,1.805,5.000,2.845,0.770,2.075,0.729,2,"vrf_wa_q_reg[1][0]/C","i_vrf/vrf_b1_reg_r2_0_63_36_38/RAMC/I","VRF/read/writeback","FDCE=1;LUT6=1;RAMD64E=2"
734,1.805,5.000,2.845,0.770,2.075,0.729,2,"vrf_wa_q_reg[1][0]/C","i_vrf/vrf_b1_reg_r2_0_63_39_41/RAMC/I","VRF/read/writeback","FDCE=1;LUT6=1;RAMD64E=2"
735,1.805,5.000,2.845,0.770,2.075,0.729,2,"vrf_wa_q_reg[1][0]/C","i_vrf/vrf_b1_reg_r2_0_63_3_5/RAMC/I","VRF/read/writeback","FDCE=1;LUT6=1;RAMD64E=2"
736,1.805,5.000,2.845,0.770,2.075,0.729,2,"vrf_wa_q_reg[1][0]/C","i_vrf/vrf_b1_reg_r2_0_63_42_44/RAMC/I","VRF/read/writeback","FDCE=1;LUT6=1;RAMD64E=2"
737,1.805,5.000,2.845,0.770,2.075,0.729,2,"vrf_wa_q_reg[1][0]/C","i_vrf/vrf_b1_reg_r2_0_63_45_47/RAMC/I","VRF/read/writeback","FDCE=1;LUT6=1;RAMD64E=2"
738,1.805,5.000,2.845,0.770,2.075,0.729,2,"vrf_wa_q_reg[1][0]/C","i_vrf/vrf_b1_reg_r2_0_63_48_50/RAMC/I","VRF/read/writeback","FDCE=1;LUT6=1;RAMD64E=2"
739,1.805,5.000,2.845,0.770,2.075,0.729,2,"vrf_wa_q_reg[1][0]/C","i_vrf/vrf_b1_reg_r2_0_63_51_53/RAMC/I","VRF/read/writeback","FDCE=1;LUT6=1;RAMD64E=2"
740,1.805,5.000,2.845,0.770,2.075,0.729,2,"vrf_wa_q_reg[1][0]/C","i_vrf/vrf_b1_reg_r2_0_63_54_56/RAMC/I","VRF/read/writeback","FDCE=1;LUT6=1;RAMD64E=2"
741,1.805,5.000,2.845,0.770,2.075,0.729,2,"vrf_wa_q_reg[1][0]/C","i_vrf/vrf_b1_reg_r2_0_63_57_59/RAMC/I","VRF/read/writeback","FDCE=1;LUT6=1;RAMD64E=2"
742,1.805,5.000,2.845,0.770,2.075,0.729,2,"vrf_wa_q_reg[1][0]/C","i_vrf/vrf_b1_reg_r2_0_63_60_62/RAMC/I","VRF/read/writeback","FDCE=1;LUT6=1;RAMD64E=2"
743,1.805,5.000,2.845,0.770,2.075,0.729,2,"vrf_wa_q_reg[1][0]/C","i_vrf/vrf_b1_reg_r2_0_63_6_8/RAMC/I","VRF/read/writeback","FDCE=1;LUT6=1;RAMD64E=2"
744,1.805,5.000,2.845,0.770,2.075,0.729,2,"vrf_wa_q_reg[1][0]/C","i_vrf/vrf_b1_reg_r2_0_63_9_11/RAMC/I","VRF/read/writeback","FDCE=1;LUT6=1;RAMD64E=2"
745,1.805,5.000,2.845,0.770,2.075,0.729,2,"vrf_wa_q_reg[2][0]/C","i_vrf/vrf_b2_reg_r1_0_63_0_2/RAMC/I","VRF/read/writeback","FDCE=1;LUT6=1;RAMD64E=1"
746,1.805,5.000,2.845,0.770,2.075,0.729,2,"vrf_wa_q_reg[2][0]/C","i_vrf/vrf_b2_reg_r1_0_63_12_14/RAMC/I","VRF/read/writeback","FDCE=1;LUT6=1;RAMD64E=1"
747,1.805,5.000,2.845,0.770,2.075,0.729,2,"vrf_wa_q_reg[2][0]/C","i_vrf/vrf_b2_reg_r1_0_63_15_17/RAMC/I","VRF/read/writeback","FDCE=1;LUT6=1;RAMD64E=1"
748,1.805,5.000,2.845,0.770,2.075,0.729,2,"vrf_wa_q_reg[2][0]/C","i_vrf/vrf_b2_reg_r1_0_63_18_20/RAMC/I","VRF/read/writeback","FDCE=1;LUT6=1;RAMD64E=1"
749,1.805,5.000,2.845,0.770,2.075,0.729,2,"vrf_wa_q_reg[2][0]/C","i_vrf/vrf_b2_reg_r1_0_63_21_23/RAMC/I","VRF/read/writeback","FDCE=1;LUT6=1;RAMD64E=1"
750,1.805,5.000,2.845,0.770,2.075,0.729,2,"vrf_wa_q_reg[2][0]/C","i_vrf/vrf_b2_reg_r1_0_63_24_26/RAMC/I","VRF/read/writeback","FDCE=1;LUT6=1;RAMD64E=1"
751,1.805,5.000,2.845,0.770,2.075,0.729,2,"vrf_wa_q_reg[2][0]/C","i_vrf/vrf_b2_reg_r1_0_63_27_29/RAMC/I","VRF/read/writeback","FDCE=1;LUT6=1;RAMD64E=1"
752,1.805,5.000,2.845,0.770,2.075,0.729,2,"vrf_wa_q_reg[2][0]/C","i_vrf/vrf_b2_reg_r1_0_63_30_32/RAMC/I","VRF/read/writeback","FDCE=1;LUT6=1;RAMD64E=1"
753,1.805,5.000,2.845,0.770,2.075,0.729,2,"vrf_wa_q_reg[2][0]/C","i_vrf/vrf_b2_reg_r1_0_63_33_35/RAMC/I","VRF/read/writeback","FDCE=1;LUT6=1;RAMD64E=1"
754,1.805,5.000,2.845,0.770,2.075,0.729,2,"vrf_wa_q_reg[2][0]/C","i_vrf/vrf_b2_reg_r1_0_63_36_38/RAMC/I","VRF/read/writeback","FDCE=1;LUT6=1;RAMD64E=1"
755,1.805,5.000,2.845,0.770,2.075,0.729,2,"vrf_wa_q_reg[2][0]/C","i_vrf/vrf_b2_reg_r1_0_63_39_41/RAMC/I","VRF/read/writeback","FDCE=1;LUT6=1;RAMD64E=1"
756,1.805,5.000,2.845,0.770,2.075,0.729,2,"vrf_wa_q_reg[2][0]/C","i_vrf/vrf_b2_reg_r1_0_63_3_5/RAMC/I","VRF/read/writeback","FDCE=1;LUT6=1;RAMD64E=1"
757,1.805,5.000,2.845,0.770,2.075,0.729,2,"vrf_wa_q_reg[2][0]/C","i_vrf/vrf_b2_reg_r1_0_63_42_44/RAMC/I","VRF/read/writeback","FDCE=1;LUT6=1;RAMD64E=1"
758,1.805,5.000,2.845,0.770,2.075,0.729,2,"vrf_wa_q_reg[2][0]/C","i_vrf/vrf_b2_reg_r1_0_63_45_47/RAMC/I","VRF/read/writeback","FDCE=1;LUT6=1;RAMD64E=1"
759,1.805,5.000,2.845,0.770,2.075,0.729,2,"vrf_wa_q_reg[2][0]/C","i_vrf/vrf_b2_reg_r1_0_63_48_50/RAMC/I","VRF/read/writeback","FDCE=1;LUT6=1;RAMD64E=1"
760,1.805,5.000,2.845,0.770,2.075,0.729,2,"vrf_wa_q_reg[2][0]/C","i_vrf/vrf_b2_reg_r1_0_63_51_53/RAMC/I","VRF/read/writeback","FDCE=1;LUT6=1;RAMD64E=1"
761,1.805,5.000,2.845,0.770,2.075,0.729,2,"vrf_wa_q_reg[2][0]/C","i_vrf/vrf_b2_reg_r1_0_63_54_56/RAMC/I","VRF/read/writeback","FDCE=1;LUT6=1;RAMD64E=1"
762,1.805,5.000,2.845,0.770,2.075,0.729,2,"vrf_wa_q_reg[2][0]/C","i_vrf/vrf_b2_reg_r1_0_63_57_59/RAMC/I","VRF/read/writeback","FDCE=1;LUT6=1;RAMD64E=1"
763,1.805,5.000,2.845,0.770,2.075,0.729,2,"vrf_wa_q_reg[2][0]/C","i_vrf/vrf_b2_reg_r1_0_63_60_62/RAMC/I","VRF/read/writeback","FDCE=1;LUT6=1;RAMD64E=1"
764,1.805,5.000,2.845,0.770,2.075,0.729,2,"vrf_wa_q_reg[2][0]/C","i_vrf/vrf_b2_reg_r1_0_63_6_8/RAMC/I","VRF/read/writeback","FDCE=1;LUT6=1;RAMD64E=1"
765,1.805,5.000,2.845,0.770,2.075,0.729,2,"vrf_wa_q_reg[2][0]/C","i_vrf/vrf_b2_reg_r1_0_63_9_11/RAMC/I","VRF/read/writeback","FDCE=1;LUT6=1;RAMD64E=1"
766,1.805,5.000,2.845,0.770,2.075,0.729,2,"vrf_wa_q_reg[2][0]/C","i_vrf/vrf_b2_reg_r2_0_63_0_2/RAMC/I","VRF/read/writeback","FDCE=1;LUT6=1;RAMD64E=2"
767,1.805,5.000,2.845,0.770,2.075,0.729,2,"vrf_wa_q_reg[2][0]/C","i_vrf/vrf_b2_reg_r2_0_63_12_14/RAMC/I","VRF/read/writeback","FDCE=1;LUT6=1;RAMD64E=2"
768,1.805,5.000,2.845,0.770,2.075,0.729,2,"vrf_wa_q_reg[2][0]/C","i_vrf/vrf_b2_reg_r2_0_63_15_17/RAMC/I","VRF/read/writeback","FDCE=1;LUT6=1;RAMD64E=2"
769,1.805,5.000,2.845,0.770,2.075,0.729,2,"vrf_wa_q_reg[2][0]/C","i_vrf/vrf_b2_reg_r2_0_63_18_20/RAMC/I","VRF/read/writeback","FDCE=1;LUT6=1;RAMD64E=2"
770,1.805,5.000,2.845,0.770,2.075,0.729,2,"vrf_wa_q_reg[2][0]/C","i_vrf/vrf_b2_reg_r2_0_63_21_23/RAMC/I","VRF/read/writeback","FDCE=1;LUT6=1;RAMD64E=2"
771,1.805,5.000,2.845,0.770,2.075,0.729,2,"vrf_wa_q_reg[2][0]/C","i_vrf/vrf_b2_reg_r2_0_63_24_26/RAMC/I","VRF/read/writeback","FDCE=1;LUT6=1;RAMD64E=2"
772,1.805,5.000,2.845,0.770,2.075,0.729,2,"vrf_wa_q_reg[2][0]/C","i_vrf/vrf_b2_reg_r2_0_63_27_29/RAMC/I","VRF/read/writeback","FDCE=1;LUT6=1;RAMD64E=2"
773,1.805,5.000,2.845,0.770,2.075,0.729,2,"vrf_wa_q_reg[2][0]/C","i_vrf/vrf_b2_reg_r2_0_63_30_32/RAMC/I","VRF/read/writeback","FDCE=1;LUT6=1;RAMD64E=2"
774,1.805,5.000,2.845,0.770,2.075,0.729,2,"vrf_wa_q_reg[2][0]/C","i_vrf/vrf_b2_reg_r2_0_63_33_35/RAMC/I","VRF/read/writeback","FDCE=1;LUT6=1;RAMD64E=2"
775,1.805,5.000,2.845,0.770,2.075,0.729,2,"vrf_wa_q_reg[2][0]/C","i_vrf/vrf_b2_reg_r2_0_63_36_38/RAMC/I","VRF/read/writeback","FDCE=1;LUT6=1;RAMD64E=2"
776,1.805,5.000,2.845,0.770,2.075,0.729,2,"vrf_wa_q_reg[2][0]/C","i_vrf/vrf_b2_reg_r2_0_63_39_41/RAMC/I","VRF/read/writeback","FDCE=1;LUT6=1;RAMD64E=2"
777,1.805,5.000,2.845,0.770,2.075,0.729,2,"vrf_wa_q_reg[2][0]/C","i_vrf/vrf_b2_reg_r2_0_63_3_5/RAMC/I","VRF/read/writeback","FDCE=1;LUT6=1;RAMD64E=2"
778,1.805,5.000,2.845,0.770,2.075,0.729,2,"vrf_wa_q_reg[2][0]/C","i_vrf/vrf_b2_reg_r2_0_63_42_44/RAMC/I","VRF/read/writeback","FDCE=1;LUT6=1;RAMD64E=2"
779,1.805,5.000,2.845,0.770,2.075,0.729,2,"vrf_wa_q_reg[2][0]/C","i_vrf/vrf_b2_reg_r2_0_63_45_47/RAMC/I","VRF/read/writeback","FDCE=1;LUT6=1;RAMD64E=2"
780,1.805,5.000,2.845,0.770,2.075,0.729,2,"vrf_wa_q_reg[2][0]/C","i_vrf/vrf_b2_reg_r2_0_63_48_50/RAMC/I","VRF/read/writeback","FDCE=1;LUT6=1;RAMD64E=2"
781,1.805,5.000,2.845,0.770,2.075,0.729,2,"vrf_wa_q_reg[2][0]/C","i_vrf/vrf_b2_reg_r2_0_63_51_53/RAMC/I","VRF/read/writeback","FDCE=1;LUT6=1;RAMD64E=2"
782,1.805,5.000,2.845,0.770,2.075,0.729,2,"vrf_wa_q_reg[2][0]/C","i_vrf/vrf_b2_reg_r2_0_63_54_56/RAMC/I","VRF/read/writeback","FDCE=1;LUT6=1;RAMD64E=2"
783,1.805,5.000,2.845,0.770,2.075,0.729,2,"vrf_wa_q_reg[2][0]/C","i_vrf/vrf_b2_reg_r2_0_63_57_59/RAMC/I","VRF/read/writeback","FDCE=1;LUT6=1;RAMD64E=2"
784,1.805,5.000,2.845,0.770,2.075,0.729,2,"vrf_wa_q_reg[2][0]/C","i_vrf/vrf_b2_reg_r2_0_63_60_62/RAMC/I","VRF/read/writeback","FDCE=1;LUT6=1;RAMD64E=2"
785,1.805,5.000,2.845,0.770,2.075,0.729,2,"vrf_wa_q_reg[2][0]/C","i_vrf/vrf_b2_reg_r2_0_63_6_8/RAMC/I","VRF/read/writeback","FDCE=1;LUT6=1;RAMD64E=2"
786,1.805,5.000,2.845,0.770,2.075,0.729,2,"vrf_wa_q_reg[2][0]/C","i_vrf/vrf_b2_reg_r2_0_63_9_11/RAMC/I","VRF/read/writeback","FDCE=1;LUT6=1;RAMD64E=2"
787,1.805,5.000,2.845,0.770,2.075,0.729,2,"vrf_wa_q_reg[3][0]/C","i_vrf/vrf_b3_reg_r1_0_63_0_2/RAMC/I","VRF/read/writeback","FDCE=1;LUT6=1;RAMD64E=1"
788,1.805,5.000,2.845,0.770,2.075,0.729,2,"vrf_wa_q_reg[3][0]/C","i_vrf/vrf_b3_reg_r1_0_63_12_14/RAMC/I","VRF/read/writeback","FDCE=1;LUT6=1;RAMD64E=1"
789,1.805,5.000,2.845,0.770,2.075,0.729,2,"vrf_wa_q_reg[3][0]/C","i_vrf/vrf_b3_reg_r1_0_63_15_17/RAMC/I","VRF/read/writeback","FDCE=1;LUT6=1;RAMD64E=1"
790,1.805,5.000,2.845,0.770,2.075,0.729,2,"vrf_wa_q_reg[3][0]/C","i_vrf/vrf_b3_reg_r1_0_63_18_20/RAMC/I","VRF/read/writeback","FDCE=1;LUT6=1;RAMD64E=1"
791,1.805,5.000,2.845,0.770,2.075,0.729,2,"vrf_wa_q_reg[3][0]/C","i_vrf/vrf_b3_reg_r1_0_63_21_23/RAMC/I","VRF/read/writeback","FDCE=1;LUT6=1;RAMD64E=1"
792,1.805,5.000,2.845,0.770,2.075,0.729,2,"vrf_wa_q_reg[3][0]/C","i_vrf/vrf_b3_reg_r1_0_63_24_26/RAMC/I","VRF/read/writeback","FDCE=1;LUT6=1;RAMD64E=1"
793,1.805,5.000,2.845,0.770,2.075,0.729,2,"vrf_wa_q_reg[3][0]/C","i_vrf/vrf_b3_reg_r1_0_63_27_29/RAMC/I","VRF/read/writeback","FDCE=1;LUT6=1;RAMD64E=1"
794,1.805,5.000,2.845,0.770,2.075,0.729,2,"vrf_wa_q_reg[3][0]/C","i_vrf/vrf_b3_reg_r1_0_63_30_32/RAMC/I","VRF/read/writeback","FDCE=1;LUT6=1;RAMD64E=1"
795,1.805,5.000,2.845,0.770,2.075,0.729,2,"vrf_wa_q_reg[3][0]/C","i_vrf/vrf_b3_reg_r1_0_63_33_35/RAMC/I","VRF/read/writeback","FDCE=1;LUT6=1;RAMD64E=1"
796,1.805,5.000,2.845,0.770,2.075,0.729,2,"vrf_wa_q_reg[3][0]/C","i_vrf/vrf_b3_reg_r1_0_63_36_38/RAMC/I","VRF/read/writeback","FDCE=1;LUT6=1;RAMD64E=1"
797,1.805,5.000,2.845,0.770,2.075,0.729,2,"vrf_wa_q_reg[3][0]/C","i_vrf/vrf_b3_reg_r1_0_63_39_41/RAMC/I","VRF/read/writeback","FDCE=1;LUT6=1;RAMD64E=1"
798,1.805,5.000,2.845,0.770,2.075,0.729,2,"vrf_wa_q_reg[3][0]/C","i_vrf/vrf_b3_reg_r1_0_63_3_5/RAMC/I","VRF/read/writeback","FDCE=1;LUT6=1;RAMD64E=1"
799,1.805,5.000,2.845,0.770,2.075,0.729,2,"vrf_wa_q_reg[3][0]/C","i_vrf/vrf_b3_reg_r1_0_63_42_44/RAMC/I","VRF/read/writeback","FDCE=1;LUT6=1;RAMD64E=1"
800,1.805,5.000,2.845,0.770,2.075,0.729,2,"vrf_wa_q_reg[3][0]/C","i_vrf/vrf_b3_reg_r1_0_63_45_47/RAMC/I","VRF/read/writeback","FDCE=1;LUT6=1;RAMD64E=1"
801,1.805,5.000,2.845,0.770,2.075,0.729,2,"vrf_wa_q_reg[3][0]/C","i_vrf/vrf_b3_reg_r1_0_63_48_50/RAMC/I","VRF/read/writeback","FDCE=1;LUT6=1;RAMD64E=1"
802,1.805,5.000,2.845,0.770,2.075,0.729,2,"vrf_wa_q_reg[3][0]/C","i_vrf/vrf_b3_reg_r1_0_63_51_53/RAMC/I","VRF/read/writeback","FDCE=1;LUT6=1;RAMD64E=1"
803,1.805,5.000,2.845,0.770,2.075,0.729,2,"vrf_wa_q_reg[3][0]/C","i_vrf/vrf_b3_reg_r1_0_63_54_56/RAMC/I","VRF/read/writeback","FDCE=1;LUT6=1;RAMD64E=1"
804,1.805,5.000,2.845,0.770,2.075,0.729,2,"vrf_wa_q_reg[3][0]/C","i_vrf/vrf_b3_reg_r1_0_63_57_59/RAMC/I","VRF/read/writeback","FDCE=1;LUT6=1;RAMD64E=1"
805,1.805,5.000,2.845,0.770,2.075,0.729,2,"vrf_wa_q_reg[3][0]/C","i_vrf/vrf_b3_reg_r1_0_63_60_62/RAMC/I","VRF/read/writeback","FDCE=1;LUT6=1;RAMD64E=1"
806,1.805,5.000,2.845,0.770,2.075,0.729,2,"vrf_wa_q_reg[3][0]/C","i_vrf/vrf_b3_reg_r1_0_63_6_8/RAMC/I","VRF/read/writeback","FDCE=1;LUT6=1;RAMD64E=1"
807,1.805,5.000,2.845,0.770,2.075,0.729,2,"vrf_wa_q_reg[3][0]/C","i_vrf/vrf_b3_reg_r1_0_63_9_11/RAMC/I","VRF/read/writeback","FDCE=1;LUT6=1;RAMD64E=1"
808,1.805,5.000,2.845,0.770,2.075,0.729,2,"vrf_wa_q_reg[3][0]/C","i_vrf/vrf_b3_reg_r2_0_63_0_2/RAMC/I","VRF/read/writeback","FDCE=1;LUT6=1;RAMD64E=2"
809,1.805,5.000,2.845,0.770,2.075,0.729,2,"vrf_wa_q_reg[3][0]/C","i_vrf/vrf_b3_reg_r2_0_63_12_14/RAMC/I","VRF/read/writeback","FDCE=1;LUT6=1;RAMD64E=2"
810,1.805,5.000,2.845,0.770,2.075,0.729,2,"vrf_wa_q_reg[3][0]/C","i_vrf/vrf_b3_reg_r2_0_63_15_17/RAMC/I","VRF/read/writeback","FDCE=1;LUT6=1;RAMD64E=2"
811,1.805,5.000,2.845,0.770,2.075,0.729,2,"vrf_wa_q_reg[3][0]/C","i_vrf/vrf_b3_reg_r2_0_63_18_20/RAMC/I","VRF/read/writeback","FDCE=1;LUT6=1;RAMD64E=2"
812,1.805,5.000,2.845,0.770,2.075,0.729,2,"vrf_wa_q_reg[3][0]/C","i_vrf/vrf_b3_reg_r2_0_63_21_23/RAMC/I","VRF/read/writeback","FDCE=1;LUT6=1;RAMD64E=2"
813,1.805,5.000,2.845,0.770,2.075,0.729,2,"vrf_wa_q_reg[3][0]/C","i_vrf/vrf_b3_reg_r2_0_63_24_26/RAMC/I","VRF/read/writeback","FDCE=1;LUT6=1;RAMD64E=2"
814,1.805,5.000,2.845,0.770,2.075,0.729,2,"vrf_wa_q_reg[3][0]/C","i_vrf/vrf_b3_reg_r2_0_63_27_29/RAMC/I","VRF/read/writeback","FDCE=1;LUT6=1;RAMD64E=2"
815,1.805,5.000,2.845,0.770,2.075,0.729,2,"vrf_wa_q_reg[3][0]/C","i_vrf/vrf_b3_reg_r2_0_63_30_32/RAMC/I","VRF/read/writeback","FDCE=1;LUT6=1;RAMD64E=2"
816,1.805,5.000,2.845,0.770,2.075,0.729,2,"vrf_wa_q_reg[3][0]/C","i_vrf/vrf_b3_reg_r2_0_63_33_35/RAMC/I","VRF/read/writeback","FDCE=1;LUT6=1;RAMD64E=2"
817,1.805,5.000,2.845,0.770,2.075,0.729,2,"vrf_wa_q_reg[3][0]/C","i_vrf/vrf_b3_reg_r2_0_63_36_38/RAMC/I","VRF/read/writeback","FDCE=1;LUT6=1;RAMD64E=2"
818,1.805,5.000,2.845,0.770,2.075,0.729,2,"vrf_wa_q_reg[3][0]/C","i_vrf/vrf_b3_reg_r2_0_63_39_41/RAMC/I","VRF/read/writeback","FDCE=1;LUT6=1;RAMD64E=2"
819,1.805,5.000,2.845,0.770,2.075,0.729,2,"vrf_wa_q_reg[3][0]/C","i_vrf/vrf_b3_reg_r2_0_63_3_5/RAMC/I","VRF/read/writeback","FDCE=1;LUT6=1;RAMD64E=2"
820,1.805,5.000,2.845,0.770,2.075,0.729,2,"vrf_wa_q_reg[3][0]/C","i_vrf/vrf_b3_reg_r2_0_63_42_44/RAMC/I","VRF/read/writeback","FDCE=1;LUT6=1;RAMD64E=2"
821,1.805,5.000,2.845,0.770,2.075,0.729,2,"vrf_wa_q_reg[3][0]/C","i_vrf/vrf_b3_reg_r2_0_63_45_47/RAMC/I","VRF/read/writeback","FDCE=1;LUT6=1;RAMD64E=2"
822,1.805,5.000,2.845,0.770,2.075,0.729,2,"vrf_wa_q_reg[3][0]/C","i_vrf/vrf_b3_reg_r2_0_63_48_50/RAMC/I","VRF/read/writeback","FDCE=1;LUT6=1;RAMD64E=2"
823,1.805,5.000,2.845,0.770,2.075,0.729,2,"vrf_wa_q_reg[3][0]/C","i_vrf/vrf_b3_reg_r2_0_63_51_53/RAMC/I","VRF/read/writeback","FDCE=1;LUT6=1;RAMD64E=2"
824,1.805,5.000,2.845,0.770,2.075,0.729,2,"vrf_wa_q_reg[3][0]/C","i_vrf/vrf_b3_reg_r2_0_63_54_56/RAMC/I","VRF/read/writeback","FDCE=1;LUT6=1;RAMD64E=2"
825,1.805,5.000,2.845,0.770,2.075,0.729,2,"vrf_wa_q_reg[3][0]/C","i_vrf/vrf_b3_reg_r2_0_63_57_59/RAMC/I","VRF/read/writeback","FDCE=1;LUT6=1;RAMD64E=2"
826,1.805,5.000,2.845,0.770,2.075,0.729,2,"vrf_wa_q_reg[3][0]/C","i_vrf/vrf_b3_reg_r2_0_63_60_62/RAMC/I","VRF/read/writeback","FDCE=1;LUT6=1;RAMD64E=2"
827,1.805,5.000,2.845,0.770,2.075,0.729,2,"vrf_wa_q_reg[3][0]/C","i_vrf/vrf_b3_reg_r2_0_63_6_8/RAMC/I","VRF/read/writeback","FDCE=1;LUT6=1;RAMD64E=2"
828,1.805,5.000,2.845,0.770,2.075,0.729,2,"vrf_wa_q_reg[3][0]/C","i_vrf/vrf_b3_reg_r2_0_63_9_11/RAMC/I","VRF/read/writeback","FDCE=1;LUT6=1;RAMD64E=2"
829,1.810,5.000,2.845,0.770,2.075,0.729,2,"vrf_wa_q_reg[0][0]/C","i_vrf/vrf_b0_reg_r1_0_63_0_2/RAMA/I","VRF/read/writeback","FDCE=1;LUT6=1;RAMD64E=1"
830,1.810,5.000,2.845,0.770,2.075,0.729,2,"vrf_wa_q_reg[0][0]/C","i_vrf/vrf_b0_reg_r1_0_63_12_14/RAMA/I","VRF/read/writeback","FDCE=1;LUT6=1;RAMD64E=1"
831,1.810,5.000,2.845,0.770,2.075,0.729,2,"vrf_wa_q_reg[0][0]/C","i_vrf/vrf_b0_reg_r1_0_63_15_17/RAMA/I","VRF/read/writeback","FDCE=1;LUT6=1;RAMD64E=1"
832,1.810,5.000,2.845,0.770,2.075,0.729,2,"vrf_wa_q_reg[0][0]/C","i_vrf/vrf_b0_reg_r1_0_63_18_20/RAMA/I","VRF/read/writeback","FDCE=1;LUT6=1;RAMD64E=1"
833,1.810,5.000,2.845,0.770,2.075,0.729,2,"vrf_wa_q_reg[0][0]/C","i_vrf/vrf_b0_reg_r1_0_63_21_23/RAMA/I","VRF/read/writeback","FDCE=1;LUT6=1;RAMD64E=1"
834,1.810,5.000,2.845,0.770,2.075,0.729,2,"vrf_wa_q_reg[0][0]/C","i_vrf/vrf_b0_reg_r1_0_63_24_26/RAMA/I","VRF/read/writeback","FDCE=1;LUT6=1;RAMD64E=1"
835,1.810,5.000,2.845,0.770,2.075,0.729,2,"vrf_wa_q_reg[0][0]/C","i_vrf/vrf_b0_reg_r1_0_63_27_29/RAMA/I","VRF/read/writeback","FDCE=1;LUT6=1;RAMD64E=1"
836,1.810,5.000,2.845,0.770,2.075,0.729,2,"vrf_wa_q_reg[0][0]/C","i_vrf/vrf_b0_reg_r1_0_63_30_32/RAMA/I","VRF/read/writeback","FDCE=1;LUT6=1;RAMD64E=1"
837,1.810,5.000,2.845,0.770,2.075,0.729,2,"vrf_wa_q_reg[0][0]/C","i_vrf/vrf_b0_reg_r1_0_63_33_35/RAMA/I","VRF/read/writeback","FDCE=1;LUT6=1;RAMD64E=1"
838,1.810,5.000,2.845,0.770,2.075,0.729,2,"vrf_wa_q_reg[0][0]/C","i_vrf/vrf_b0_reg_r1_0_63_36_38/RAMA/I","VRF/read/writeback","FDCE=1;LUT6=1;RAMD64E=1"
839,1.810,5.000,2.845,0.770,2.075,0.729,2,"vrf_wa_q_reg[0][0]/C","i_vrf/vrf_b0_reg_r1_0_63_39_41/RAMA/I","VRF/read/writeback","FDCE=1;LUT6=1;RAMD64E=1"
840,1.810,5.000,2.845,0.770,2.075,0.729,2,"vrf_wa_q_reg[0][0]/C","i_vrf/vrf_b0_reg_r1_0_63_3_5/RAMA/I","VRF/read/writeback","FDCE=1;LUT6=1;RAMD64E=1"
841,1.810,5.000,2.845,0.770,2.075,0.729,2,"vrf_wa_q_reg[0][0]/C","i_vrf/vrf_b0_reg_r1_0_63_42_44/RAMA/I","VRF/read/writeback","FDCE=1;LUT6=1;RAMD64E=1"
842,1.810,5.000,2.845,0.770,2.075,0.729,2,"vrf_wa_q_reg[0][0]/C","i_vrf/vrf_b0_reg_r1_0_63_45_47/RAMA/I","VRF/read/writeback","FDCE=1;LUT6=1;RAMD64E=1"
843,1.810,5.000,2.845,0.770,2.075,0.729,2,"vrf_wa_q_reg[0][0]/C","i_vrf/vrf_b0_reg_r1_0_63_48_50/RAMA/I","VRF/read/writeback","FDCE=1;LUT6=1;RAMD64E=1"
844,1.810,5.000,2.845,0.770,2.075,0.729,2,"vrf_wa_q_reg[0][0]/C","i_vrf/vrf_b0_reg_r1_0_63_51_53/RAMA/I","VRF/read/writeback","FDCE=1;LUT6=1;RAMD64E=1"
845,1.810,5.000,2.845,0.770,2.075,0.729,2,"vrf_wa_q_reg[0][0]/C","i_vrf/vrf_b0_reg_r1_0_63_54_56/RAMA/I","VRF/read/writeback","FDCE=1;LUT6=1;RAMD64E=1"
846,1.810,5.000,2.845,0.770,2.075,0.729,2,"vrf_wa_q_reg[0][0]/C","i_vrf/vrf_b0_reg_r1_0_63_57_59/RAMA/I","VRF/read/writeback","FDCE=1;LUT6=1;RAMD64E=1"
847,1.810,5.000,2.845,0.770,2.075,0.729,2,"vrf_wa_q_reg[0][0]/C","i_vrf/vrf_b0_reg_r1_0_63_60_62/RAMA/I","VRF/read/writeback","FDCE=1;LUT6=1;RAMD64E=1"
848,1.810,5.000,2.845,0.770,2.075,0.729,2,"vrf_wa_q_reg[0][0]/C","i_vrf/vrf_b0_reg_r1_0_63_6_8/RAMA/I","VRF/read/writeback","FDCE=1;LUT6=1;RAMD64E=1"
849,1.810,5.000,2.845,0.770,2.075,0.729,2,"vrf_wa_q_reg[0][0]/C","i_vrf/vrf_b0_reg_r1_0_63_9_11/RAMA/I","VRF/read/writeback","FDCE=1;LUT6=1;RAMD64E=1"
850,1.810,5.000,2.845,0.770,2.075,0.729,2,"vrf_wa_q_reg[0][0]/C","i_vrf/vrf_b0_reg_r2_0_63_0_2/RAMA/I","VRF/read/writeback","FDCE=1;LUT6=1;RAMD64E=2"
851,1.810,5.000,2.845,0.770,2.075,0.729,2,"vrf_wa_q_reg[0][0]/C","i_vrf/vrf_b0_reg_r2_0_63_12_14/RAMA/I","VRF/read/writeback","FDCE=1;LUT6=1;RAMD64E=2"
852,1.810,5.000,2.845,0.770,2.075,0.729,2,"vrf_wa_q_reg[0][0]/C","i_vrf/vrf_b0_reg_r2_0_63_15_17/RAMA/I","VRF/read/writeback","FDCE=1;LUT6=1;RAMD64E=2"
853,1.810,5.000,2.845,0.770,2.075,0.729,2,"vrf_wa_q_reg[0][0]/C","i_vrf/vrf_b0_reg_r2_0_63_18_20/RAMA/I","VRF/read/writeback","FDCE=1;LUT6=1;RAMD64E=2"
854,1.810,5.000,2.845,0.770,2.075,0.729,2,"vrf_wa_q_reg[0][0]/C","i_vrf/vrf_b0_reg_r2_0_63_21_23/RAMA/I","VRF/read/writeback","FDCE=1;LUT6=1;RAMD64E=2"
855,1.810,5.000,2.845,0.770,2.075,0.729,2,"vrf_wa_q_reg[0][0]/C","i_vrf/vrf_b0_reg_r2_0_63_24_26/RAMA/I","VRF/read/writeback","FDCE=1;LUT6=1;RAMD64E=2"
856,1.810,5.000,2.845,0.770,2.075,0.729,2,"vrf_wa_q_reg[0][0]/C","i_vrf/vrf_b0_reg_r2_0_63_27_29/RAMA/I","VRF/read/writeback","FDCE=1;LUT6=1;RAMD64E=2"
857,1.810,5.000,2.845,0.770,2.075,0.729,2,"vrf_wa_q_reg[0][0]/C","i_vrf/vrf_b0_reg_r2_0_63_30_32/RAMA/I","VRF/read/writeback","FDCE=1;LUT6=1;RAMD64E=2"
858,1.810,5.000,2.845,0.770,2.075,0.729,2,"vrf_wa_q_reg[0][0]/C","i_vrf/vrf_b0_reg_r2_0_63_33_35/RAMA/I","VRF/read/writeback","FDCE=1;LUT6=1;RAMD64E=2"
859,1.810,5.000,2.845,0.770,2.075,0.729,2,"vrf_wa_q_reg[0][0]/C","i_vrf/vrf_b0_reg_r2_0_63_36_38/RAMA/I","VRF/read/writeback","FDCE=1;LUT6=1;RAMD64E=2"
860,1.810,5.000,2.845,0.770,2.075,0.729,2,"vrf_wa_q_reg[0][0]/C","i_vrf/vrf_b0_reg_r2_0_63_39_41/RAMA/I","VRF/read/writeback","FDCE=1;LUT6=1;RAMD64E=2"
861,1.810,5.000,2.845,0.770,2.075,0.729,2,"vrf_wa_q_reg[0][0]/C","i_vrf/vrf_b0_reg_r2_0_63_3_5/RAMA/I","VRF/read/writeback","FDCE=1;LUT6=1;RAMD64E=2"
862,1.810,5.000,2.845,0.770,2.075,0.729,2,"vrf_wa_q_reg[0][0]/C","i_vrf/vrf_b0_reg_r2_0_63_42_44/RAMA/I","VRF/read/writeback","FDCE=1;LUT6=1;RAMD64E=2"
863,1.810,5.000,2.845,0.770,2.075,0.729,2,"vrf_wa_q_reg[0][0]/C","i_vrf/vrf_b0_reg_r2_0_63_45_47/RAMA/I","VRF/read/writeback","FDCE=1;LUT6=1;RAMD64E=2"
864,1.810,5.000,2.845,0.770,2.075,0.729,2,"vrf_wa_q_reg[0][0]/C","i_vrf/vrf_b0_reg_r2_0_63_48_50/RAMA/I","VRF/read/writeback","FDCE=1;LUT6=1;RAMD64E=2"
865,1.810,5.000,2.845,0.770,2.075,0.729,2,"vrf_wa_q_reg[0][0]/C","i_vrf/vrf_b0_reg_r2_0_63_51_53/RAMA/I","VRF/read/writeback","FDCE=1;LUT6=1;RAMD64E=2"
866,1.810,5.000,2.845,0.770,2.075,0.729,2,"vrf_wa_q_reg[0][0]/C","i_vrf/vrf_b0_reg_r2_0_63_54_56/RAMA/I","VRF/read/writeback","FDCE=1;LUT6=1;RAMD64E=2"
867,1.810,5.000,2.845,0.770,2.075,0.729,2,"vrf_wa_q_reg[0][0]/C","i_vrf/vrf_b0_reg_r2_0_63_57_59/RAMA/I","VRF/read/writeback","FDCE=1;LUT6=1;RAMD64E=2"
868,1.810,5.000,2.845,0.770,2.075,0.729,2,"vrf_wa_q_reg[0][0]/C","i_vrf/vrf_b0_reg_r2_0_63_60_62/RAMA/I","VRF/read/writeback","FDCE=1;LUT6=1;RAMD64E=2"
869,1.810,5.000,2.845,0.770,2.075,0.729,2,"vrf_wa_q_reg[0][0]/C","i_vrf/vrf_b0_reg_r2_0_63_6_8/RAMA/I","VRF/read/writeback","FDCE=1;LUT6=1;RAMD64E=2"
870,1.810,5.000,2.845,0.770,2.075,0.729,2,"vrf_wa_q_reg[0][0]/C","i_vrf/vrf_b0_reg_r2_0_63_9_11/RAMA/I","VRF/read/writeback","FDCE=1;LUT6=1;RAMD64E=2"
871,1.810,5.000,2.845,0.770,2.075,0.729,2,"vrf_wa_q_reg[1][0]/C","i_vrf/vrf_b1_reg_r1_0_63_0_2/RAMA/I","VRF/read/writeback","FDCE=1;LUT6=1;RAMD64E=1"
872,1.810,5.000,2.845,0.770,2.075,0.729,2,"vrf_wa_q_reg[1][0]/C","i_vrf/vrf_b1_reg_r1_0_63_12_14/RAMA/I","VRF/read/writeback","FDCE=1;LUT6=1;RAMD64E=1"
873,1.810,5.000,2.845,0.770,2.075,0.729,2,"vrf_wa_q_reg[1][0]/C","i_vrf/vrf_b1_reg_r1_0_63_15_17/RAMA/I","VRF/read/writeback","FDCE=1;LUT6=1;RAMD64E=1"
874,1.810,5.000,2.845,0.770,2.075,0.729,2,"vrf_wa_q_reg[1][0]/C","i_vrf/vrf_b1_reg_r1_0_63_18_20/RAMA/I","VRF/read/writeback","FDCE=1;LUT6=1;RAMD64E=1"
875,1.810,5.000,2.845,0.770,2.075,0.729,2,"vrf_wa_q_reg[1][0]/C","i_vrf/vrf_b1_reg_r1_0_63_21_23/RAMA/I","VRF/read/writeback","FDCE=1;LUT6=1;RAMD64E=1"
876,1.810,5.000,2.845,0.770,2.075,0.729,2,"vrf_wa_q_reg[1][0]/C","i_vrf/vrf_b1_reg_r1_0_63_24_26/RAMA/I","VRF/read/writeback","FDCE=1;LUT6=1;RAMD64E=1"
877,1.810,5.000,2.845,0.770,2.075,0.729,2,"vrf_wa_q_reg[1][0]/C","i_vrf/vrf_b1_reg_r1_0_63_27_29/RAMA/I","VRF/read/writeback","FDCE=1;LUT6=1;RAMD64E=1"
878,1.810,5.000,2.845,0.770,2.075,0.729,2,"vrf_wa_q_reg[1][0]/C","i_vrf/vrf_b1_reg_r1_0_63_30_32/RAMA/I","VRF/read/writeback","FDCE=1;LUT6=1;RAMD64E=1"
879,1.810,5.000,2.845,0.770,2.075,0.729,2,"vrf_wa_q_reg[1][0]/C","i_vrf/vrf_b1_reg_r1_0_63_33_35/RAMA/I","VRF/read/writeback","FDCE=1;LUT6=1;RAMD64E=1"
880,1.810,5.000,2.845,0.770,2.075,0.729,2,"vrf_wa_q_reg[1][0]/C","i_vrf/vrf_b1_reg_r1_0_63_36_38/RAMA/I","VRF/read/writeback","FDCE=1;LUT6=1;RAMD64E=1"
881,1.810,5.000,2.845,0.770,2.075,0.729,2,"vrf_wa_q_reg[1][0]/C","i_vrf/vrf_b1_reg_r1_0_63_39_41/RAMA/I","VRF/read/writeback","FDCE=1;LUT6=1;RAMD64E=1"
882,1.810,5.000,2.845,0.770,2.075,0.729,2,"vrf_wa_q_reg[1][0]/C","i_vrf/vrf_b1_reg_r1_0_63_3_5/RAMA/I","VRF/read/writeback","FDCE=1;LUT6=1;RAMD64E=1"
883,1.810,5.000,2.845,0.770,2.075,0.729,2,"vrf_wa_q_reg[1][0]/C","i_vrf/vrf_b1_reg_r1_0_63_42_44/RAMA/I","VRF/read/writeback","FDCE=1;LUT6=1;RAMD64E=1"
884,1.810,5.000,2.845,0.770,2.075,0.729,2,"vrf_wa_q_reg[1][0]/C","i_vrf/vrf_b1_reg_r1_0_63_45_47/RAMA/I","VRF/read/writeback","FDCE=1;LUT6=1;RAMD64E=1"
885,1.810,5.000,2.845,0.770,2.075,0.729,2,"vrf_wa_q_reg[1][0]/C","i_vrf/vrf_b1_reg_r1_0_63_48_50/RAMA/I","VRF/read/writeback","FDCE=1;LUT6=1;RAMD64E=1"
886,1.810,5.000,2.845,0.770,2.075,0.729,2,"vrf_wa_q_reg[1][0]/C","i_vrf/vrf_b1_reg_r1_0_63_51_53/RAMA/I","VRF/read/writeback","FDCE=1;LUT6=1;RAMD64E=1"
887,1.810,5.000,2.845,0.770,2.075,0.729,2,"vrf_wa_q_reg[1][0]/C","i_vrf/vrf_b1_reg_r1_0_63_54_56/RAMA/I","VRF/read/writeback","FDCE=1;LUT6=1;RAMD64E=1"
888,1.810,5.000,2.845,0.770,2.075,0.729,2,"vrf_wa_q_reg[1][0]/C","i_vrf/vrf_b1_reg_r1_0_63_57_59/RAMA/I","VRF/read/writeback","FDCE=1;LUT6=1;RAMD64E=1"
889,1.810,5.000,2.845,0.770,2.075,0.729,2,"vrf_wa_q_reg[1][0]/C","i_vrf/vrf_b1_reg_r1_0_63_60_62/RAMA/I","VRF/read/writeback","FDCE=1;LUT6=1;RAMD64E=1"
890,1.810,5.000,2.845,0.770,2.075,0.729,2,"vrf_wa_q_reg[1][0]/C","i_vrf/vrf_b1_reg_r1_0_63_6_8/RAMA/I","VRF/read/writeback","FDCE=1;LUT6=1;RAMD64E=1"
891,1.810,5.000,2.845,0.770,2.075,0.729,2,"vrf_wa_q_reg[1][0]/C","i_vrf/vrf_b1_reg_r1_0_63_9_11/RAMA/I","VRF/read/writeback","FDCE=1;LUT6=1;RAMD64E=1"
892,1.810,5.000,2.845,0.770,2.075,0.729,2,"vrf_wa_q_reg[1][0]/C","i_vrf/vrf_b1_reg_r2_0_63_0_2/RAMA/I","VRF/read/writeback","FDCE=1;LUT6=1;RAMD64E=2"
893,1.810,5.000,2.845,0.770,2.075,0.729,2,"vrf_wa_q_reg[1][0]/C","i_vrf/vrf_b1_reg_r2_0_63_12_14/RAMA/I","VRF/read/writeback","FDCE=1;LUT6=1;RAMD64E=2"
894,1.810,5.000,2.845,0.770,2.075,0.729,2,"vrf_wa_q_reg[1][0]/C","i_vrf/vrf_b1_reg_r2_0_63_15_17/RAMA/I","VRF/read/writeback","FDCE=1;LUT6=1;RAMD64E=2"
895,1.810,5.000,2.845,0.770,2.075,0.729,2,"vrf_wa_q_reg[1][0]/C","i_vrf/vrf_b1_reg_r2_0_63_18_20/RAMA/I","VRF/read/writeback","FDCE=1;LUT6=1;RAMD64E=2"
896,1.810,5.000,2.845,0.770,2.075,0.729,2,"vrf_wa_q_reg[1][0]/C","i_vrf/vrf_b1_reg_r2_0_63_21_23/RAMA/I","VRF/read/writeback","FDCE=1;LUT6=1;RAMD64E=2"
897,1.810,5.000,2.845,0.770,2.075,0.729,2,"vrf_wa_q_reg[1][0]/C","i_vrf/vrf_b1_reg_r2_0_63_24_26/RAMA/I","VRF/read/writeback","FDCE=1;LUT6=1;RAMD64E=2"
898,1.810,5.000,2.845,0.770,2.075,0.729,2,"vrf_wa_q_reg[1][0]/C","i_vrf/vrf_b1_reg_r2_0_63_27_29/RAMA/I","VRF/read/writeback","FDCE=1;LUT6=1;RAMD64E=2"
899,1.810,5.000,2.845,0.770,2.075,0.729,2,"vrf_wa_q_reg[1][0]/C","i_vrf/vrf_b1_reg_r2_0_63_30_32/RAMA/I","VRF/read/writeback","FDCE=1;LUT6=1;RAMD64E=2"
900,1.810,5.000,2.845,0.770,2.075,0.729,2,"vrf_wa_q_reg[1][0]/C","i_vrf/vrf_b1_reg_r2_0_63_33_35/RAMA/I","VRF/read/writeback","FDCE=1;LUT6=1;RAMD64E=2"
901,1.810,5.000,2.845,0.770,2.075,0.729,2,"vrf_wa_q_reg[1][0]/C","i_vrf/vrf_b1_reg_r2_0_63_36_38/RAMA/I","VRF/read/writeback","FDCE=1;LUT6=1;RAMD64E=2"
902,1.810,5.000,2.845,0.770,2.075,0.729,2,"vrf_wa_q_reg[1][0]/C","i_vrf/vrf_b1_reg_r2_0_63_39_41/RAMA/I","VRF/read/writeback","FDCE=1;LUT6=1;RAMD64E=2"
903,1.810,5.000,2.845,0.770,2.075,0.729,2,"vrf_wa_q_reg[1][0]/C","i_vrf/vrf_b1_reg_r2_0_63_3_5/RAMA/I","VRF/read/writeback","FDCE=1;LUT6=1;RAMD64E=2"
904,1.810,5.000,2.845,0.770,2.075,0.729,2,"vrf_wa_q_reg[1][0]/C","i_vrf/vrf_b1_reg_r2_0_63_42_44/RAMA/I","VRF/read/writeback","FDCE=1;LUT6=1;RAMD64E=2"
905,1.810,5.000,2.845,0.770,2.075,0.729,2,"vrf_wa_q_reg[1][0]/C","i_vrf/vrf_b1_reg_r2_0_63_45_47/RAMA/I","VRF/read/writeback","FDCE=1;LUT6=1;RAMD64E=2"
906,1.810,5.000,2.845,0.770,2.075,0.729,2,"vrf_wa_q_reg[1][0]/C","i_vrf/vrf_b1_reg_r2_0_63_48_50/RAMA/I","VRF/read/writeback","FDCE=1;LUT6=1;RAMD64E=2"
907,1.810,5.000,2.845,0.770,2.075,0.729,2,"vrf_wa_q_reg[1][0]/C","i_vrf/vrf_b1_reg_r2_0_63_51_53/RAMA/I","VRF/read/writeback","FDCE=1;LUT6=1;RAMD64E=2"
908,1.810,5.000,2.845,0.770,2.075,0.729,2,"vrf_wa_q_reg[1][0]/C","i_vrf/vrf_b1_reg_r2_0_63_54_56/RAMA/I","VRF/read/writeback","FDCE=1;LUT6=1;RAMD64E=2"
909,1.810,5.000,2.845,0.770,2.075,0.729,2,"vrf_wa_q_reg[1][0]/C","i_vrf/vrf_b1_reg_r2_0_63_57_59/RAMA/I","VRF/read/writeback","FDCE=1;LUT6=1;RAMD64E=2"
910,1.810,5.000,2.845,0.770,2.075,0.729,2,"vrf_wa_q_reg[1][0]/C","i_vrf/vrf_b1_reg_r2_0_63_60_62/RAMA/I","VRF/read/writeback","FDCE=1;LUT6=1;RAMD64E=2"
911,1.810,5.000,2.845,0.770,2.075,0.729,2,"vrf_wa_q_reg[1][0]/C","i_vrf/vrf_b1_reg_r2_0_63_6_8/RAMA/I","VRF/read/writeback","FDCE=1;LUT6=1;RAMD64E=2"
912,1.810,5.000,2.845,0.770,2.075,0.729,2,"vrf_wa_q_reg[1][0]/C","i_vrf/vrf_b1_reg_r2_0_63_9_11/RAMA/I","VRF/read/writeback","FDCE=1;LUT6=1;RAMD64E=2"
913,1.810,5.000,2.845,0.770,2.075,0.729,2,"vrf_wa_q_reg[2][0]/C","i_vrf/vrf_b2_reg_r1_0_63_0_2/RAMA/I","VRF/read/writeback","FDCE=1;LUT6=1;RAMD64E=1"
914,1.810,5.000,2.845,0.770,2.075,0.729,2,"vrf_wa_q_reg[2][0]/C","i_vrf/vrf_b2_reg_r1_0_63_12_14/RAMA/I","VRF/read/writeback","FDCE=1;LUT6=1;RAMD64E=1"
915,1.810,5.000,2.845,0.770,2.075,0.729,2,"vrf_wa_q_reg[2][0]/C","i_vrf/vrf_b2_reg_r1_0_63_15_17/RAMA/I","VRF/read/writeback","FDCE=1;LUT6=1;RAMD64E=1"
916,1.810,5.000,2.845,0.770,2.075,0.729,2,"vrf_wa_q_reg[2][0]/C","i_vrf/vrf_b2_reg_r1_0_63_18_20/RAMA/I","VRF/read/writeback","FDCE=1;LUT6=1;RAMD64E=1"
917,1.810,5.000,2.845,0.770,2.075,0.729,2,"vrf_wa_q_reg[2][0]/C","i_vrf/vrf_b2_reg_r1_0_63_21_23/RAMA/I","VRF/read/writeback","FDCE=1;LUT6=1;RAMD64E=1"
918,1.810,5.000,2.845,0.770,2.075,0.729,2,"vrf_wa_q_reg[2][0]/C","i_vrf/vrf_b2_reg_r1_0_63_24_26/RAMA/I","VRF/read/writeback","FDCE=1;LUT6=1;RAMD64E=1"
919,1.810,5.000,2.845,0.770,2.075,0.729,2,"vrf_wa_q_reg[2][0]/C","i_vrf/vrf_b2_reg_r1_0_63_27_29/RAMA/I","VRF/read/writeback","FDCE=1;LUT6=1;RAMD64E=1"
920,1.810,5.000,2.845,0.770,2.075,0.729,2,"vrf_wa_q_reg[2][0]/C","i_vrf/vrf_b2_reg_r1_0_63_30_32/RAMA/I","VRF/read/writeback","FDCE=1;LUT6=1;RAMD64E=1"
921,1.810,5.000,2.845,0.770,2.075,0.729,2,"vrf_wa_q_reg[2][0]/C","i_vrf/vrf_b2_reg_r1_0_63_33_35/RAMA/I","VRF/read/writeback","FDCE=1;LUT6=1;RAMD64E=1"
922,1.810,5.000,2.845,0.770,2.075,0.729,2,"vrf_wa_q_reg[2][0]/C","i_vrf/vrf_b2_reg_r1_0_63_36_38/RAMA/I","VRF/read/writeback","FDCE=1;LUT6=1;RAMD64E=1"
923,1.810,5.000,2.845,0.770,2.075,0.729,2,"vrf_wa_q_reg[2][0]/C","i_vrf/vrf_b2_reg_r1_0_63_39_41/RAMA/I","VRF/read/writeback","FDCE=1;LUT6=1;RAMD64E=1"
924,1.810,5.000,2.845,0.770,2.075,0.729,2,"vrf_wa_q_reg[2][0]/C","i_vrf/vrf_b2_reg_r1_0_63_3_5/RAMA/I","VRF/read/writeback","FDCE=1;LUT6=1;RAMD64E=1"
925,1.810,5.000,2.845,0.770,2.075,0.729,2,"vrf_wa_q_reg[2][0]/C","i_vrf/vrf_b2_reg_r1_0_63_42_44/RAMA/I","VRF/read/writeback","FDCE=1;LUT6=1;RAMD64E=1"
926,1.810,5.000,2.845,0.770,2.075,0.729,2,"vrf_wa_q_reg[2][0]/C","i_vrf/vrf_b2_reg_r1_0_63_45_47/RAMA/I","VRF/read/writeback","FDCE=1;LUT6=1;RAMD64E=1"
927,1.810,5.000,2.845,0.770,2.075,0.729,2,"vrf_wa_q_reg[2][0]/C","i_vrf/vrf_b2_reg_r1_0_63_48_50/RAMA/I","VRF/read/writeback","FDCE=1;LUT6=1;RAMD64E=1"
928,1.810,5.000,2.845,0.770,2.075,0.729,2,"vrf_wa_q_reg[2][0]/C","i_vrf/vrf_b2_reg_r1_0_63_51_53/RAMA/I","VRF/read/writeback","FDCE=1;LUT6=1;RAMD64E=1"
929,1.810,5.000,2.845,0.770,2.075,0.729,2,"vrf_wa_q_reg[2][0]/C","i_vrf/vrf_b2_reg_r1_0_63_54_56/RAMA/I","VRF/read/writeback","FDCE=1;LUT6=1;RAMD64E=1"
930,1.810,5.000,2.845,0.770,2.075,0.729,2,"vrf_wa_q_reg[2][0]/C","i_vrf/vrf_b2_reg_r1_0_63_57_59/RAMA/I","VRF/read/writeback","FDCE=1;LUT6=1;RAMD64E=1"
931,1.810,5.000,2.845,0.770,2.075,0.729,2,"vrf_wa_q_reg[2][0]/C","i_vrf/vrf_b2_reg_r1_0_63_60_62/RAMA/I","VRF/read/writeback","FDCE=1;LUT6=1;RAMD64E=1"
932,1.810,5.000,2.845,0.770,2.075,0.729,2,"vrf_wa_q_reg[2][0]/C","i_vrf/vrf_b2_reg_r1_0_63_6_8/RAMA/I","VRF/read/writeback","FDCE=1;LUT6=1;RAMD64E=1"
933,1.810,5.000,2.845,0.770,2.075,0.729,2,"vrf_wa_q_reg[2][0]/C","i_vrf/vrf_b2_reg_r1_0_63_9_11/RAMA/I","VRF/read/writeback","FDCE=1;LUT6=1;RAMD64E=1"
934,1.810,5.000,2.845,0.770,2.075,0.729,2,"vrf_wa_q_reg[2][0]/C","i_vrf/vrf_b2_reg_r2_0_63_0_2/RAMA/I","VRF/read/writeback","FDCE=1;LUT6=1;RAMD64E=2"
935,1.810,5.000,2.845,0.770,2.075,0.729,2,"vrf_wa_q_reg[2][0]/C","i_vrf/vrf_b2_reg_r2_0_63_12_14/RAMA/I","VRF/read/writeback","FDCE=1;LUT6=1;RAMD64E=2"
936,1.810,5.000,2.845,0.770,2.075,0.729,2,"vrf_wa_q_reg[2][0]/C","i_vrf/vrf_b2_reg_r2_0_63_15_17/RAMA/I","VRF/read/writeback","FDCE=1;LUT6=1;RAMD64E=2"
937,1.810,5.000,2.845,0.770,2.075,0.729,2,"vrf_wa_q_reg[2][0]/C","i_vrf/vrf_b2_reg_r2_0_63_18_20/RAMA/I","VRF/read/writeback","FDCE=1;LUT6=1;RAMD64E=2"
938,1.810,5.000,2.845,0.770,2.075,0.729,2,"vrf_wa_q_reg[2][0]/C","i_vrf/vrf_b2_reg_r2_0_63_21_23/RAMA/I","VRF/read/writeback","FDCE=1;LUT6=1;RAMD64E=2"
939,1.810,5.000,2.845,0.770,2.075,0.729,2,"vrf_wa_q_reg[2][0]/C","i_vrf/vrf_b2_reg_r2_0_63_24_26/RAMA/I","VRF/read/writeback","FDCE=1;LUT6=1;RAMD64E=2"
940,1.810,5.000,2.845,0.770,2.075,0.729,2,"vrf_wa_q_reg[2][0]/C","i_vrf/vrf_b2_reg_r2_0_63_27_29/RAMA/I","VRF/read/writeback","FDCE=1;LUT6=1;RAMD64E=2"
941,1.810,5.000,2.845,0.770,2.075,0.729,2,"vrf_wa_q_reg[2][0]/C","i_vrf/vrf_b2_reg_r2_0_63_30_32/RAMA/I","VRF/read/writeback","FDCE=1;LUT6=1;RAMD64E=2"
942,1.810,5.000,2.845,0.770,2.075,0.729,2,"vrf_wa_q_reg[2][0]/C","i_vrf/vrf_b2_reg_r2_0_63_33_35/RAMA/I","VRF/read/writeback","FDCE=1;LUT6=1;RAMD64E=2"
943,1.810,5.000,2.845,0.770,2.075,0.729,2,"vrf_wa_q_reg[2][0]/C","i_vrf/vrf_b2_reg_r2_0_63_36_38/RAMA/I","VRF/read/writeback","FDCE=1;LUT6=1;RAMD64E=2"
944,1.810,5.000,2.845,0.770,2.075,0.729,2,"vrf_wa_q_reg[2][0]/C","i_vrf/vrf_b2_reg_r2_0_63_39_41/RAMA/I","VRF/read/writeback","FDCE=1;LUT6=1;RAMD64E=2"
945,1.810,5.000,2.845,0.770,2.075,0.729,2,"vrf_wa_q_reg[2][0]/C","i_vrf/vrf_b2_reg_r2_0_63_3_5/RAMA/I","VRF/read/writeback","FDCE=1;LUT6=1;RAMD64E=2"
946,1.810,5.000,2.845,0.770,2.075,0.729,2,"vrf_wa_q_reg[2][0]/C","i_vrf/vrf_b2_reg_r2_0_63_42_44/RAMA/I","VRF/read/writeback","FDCE=1;LUT6=1;RAMD64E=2"
947,1.810,5.000,2.845,0.770,2.075,0.729,2,"vrf_wa_q_reg[2][0]/C","i_vrf/vrf_b2_reg_r2_0_63_45_47/RAMA/I","VRF/read/writeback","FDCE=1;LUT6=1;RAMD64E=2"
948,1.810,5.000,2.845,0.770,2.075,0.729,2,"vrf_wa_q_reg[2][0]/C","i_vrf/vrf_b2_reg_r2_0_63_48_50/RAMA/I","VRF/read/writeback","FDCE=1;LUT6=1;RAMD64E=2"
949,1.810,5.000,2.845,0.770,2.075,0.729,2,"vrf_wa_q_reg[2][0]/C","i_vrf/vrf_b2_reg_r2_0_63_51_53/RAMA/I","VRF/read/writeback","FDCE=1;LUT6=1;RAMD64E=2"
950,1.810,5.000,2.845,0.770,2.075,0.729,2,"vrf_wa_q_reg[2][0]/C","i_vrf/vrf_b2_reg_r2_0_63_54_56/RAMA/I","VRF/read/writeback","FDCE=1;LUT6=1;RAMD64E=2"
951,1.810,5.000,2.845,0.770,2.075,0.729,2,"vrf_wa_q_reg[2][0]/C","i_vrf/vrf_b2_reg_r2_0_63_57_59/RAMA/I","VRF/read/writeback","FDCE=1;LUT6=1;RAMD64E=2"
952,1.810,5.000,2.845,0.770,2.075,0.729,2,"vrf_wa_q_reg[2][0]/C","i_vrf/vrf_b2_reg_r2_0_63_60_62/RAMA/I","VRF/read/writeback","FDCE=1;LUT6=1;RAMD64E=2"
953,1.810,5.000,2.845,0.770,2.075,0.729,2,"vrf_wa_q_reg[2][0]/C","i_vrf/vrf_b2_reg_r2_0_63_6_8/RAMA/I","VRF/read/writeback","FDCE=1;LUT6=1;RAMD64E=2"
954,1.810,5.000,2.845,0.770,2.075,0.729,2,"vrf_wa_q_reg[2][0]/C","i_vrf/vrf_b2_reg_r2_0_63_9_11/RAMA/I","VRF/read/writeback","FDCE=1;LUT6=1;RAMD64E=2"
955,1.810,5.000,2.845,0.770,2.075,0.729,2,"vrf_wa_q_reg[3][0]/C","i_vrf/vrf_b3_reg_r1_0_63_0_2/RAMA/I","VRF/read/writeback","FDCE=1;LUT6=1;RAMD64E=1"
956,1.810,5.000,2.845,0.770,2.075,0.729,2,"vrf_wa_q_reg[3][0]/C","i_vrf/vrf_b3_reg_r1_0_63_12_14/RAMA/I","VRF/read/writeback","FDCE=1;LUT6=1;RAMD64E=1"
957,1.810,5.000,2.845,0.770,2.075,0.729,2,"vrf_wa_q_reg[3][0]/C","i_vrf/vrf_b3_reg_r1_0_63_15_17/RAMA/I","VRF/read/writeback","FDCE=1;LUT6=1;RAMD64E=1"
958,1.810,5.000,2.845,0.770,2.075,0.729,2,"vrf_wa_q_reg[3][0]/C","i_vrf/vrf_b3_reg_r1_0_63_18_20/RAMA/I","VRF/read/writeback","FDCE=1;LUT6=1;RAMD64E=1"
959,1.810,5.000,2.845,0.770,2.075,0.729,2,"vrf_wa_q_reg[3][0]/C","i_vrf/vrf_b3_reg_r1_0_63_21_23/RAMA/I","VRF/read/writeback","FDCE=1;LUT6=1;RAMD64E=1"
960,1.810,5.000,2.845,0.770,2.075,0.729,2,"vrf_wa_q_reg[3][0]/C","i_vrf/vrf_b3_reg_r1_0_63_24_26/RAMA/I","VRF/read/writeback","FDCE=1;LUT6=1;RAMD64E=1"
961,1.810,5.000,2.845,0.770,2.075,0.729,2,"vrf_wa_q_reg[3][0]/C","i_vrf/vrf_b3_reg_r1_0_63_27_29/RAMA/I","VRF/read/writeback","FDCE=1;LUT6=1;RAMD64E=1"
962,1.810,5.000,2.845,0.770,2.075,0.729,2,"vrf_wa_q_reg[3][0]/C","i_vrf/vrf_b3_reg_r1_0_63_30_32/RAMA/I","VRF/read/writeback","FDCE=1;LUT6=1;RAMD64E=1"
963,1.810,5.000,2.845,0.770,2.075,0.729,2,"vrf_wa_q_reg[3][0]/C","i_vrf/vrf_b3_reg_r1_0_63_33_35/RAMA/I","VRF/read/writeback","FDCE=1;LUT6=1;RAMD64E=1"
964,1.810,5.000,2.845,0.770,2.075,0.729,2,"vrf_wa_q_reg[3][0]/C","i_vrf/vrf_b3_reg_r1_0_63_36_38/RAMA/I","VRF/read/writeback","FDCE=1;LUT6=1;RAMD64E=1"
965,1.810,5.000,2.845,0.770,2.075,0.729,2,"vrf_wa_q_reg[3][0]/C","i_vrf/vrf_b3_reg_r1_0_63_39_41/RAMA/I","VRF/read/writeback","FDCE=1;LUT6=1;RAMD64E=1"
966,1.810,5.000,2.845,0.770,2.075,0.729,2,"vrf_wa_q_reg[3][0]/C","i_vrf/vrf_b3_reg_r1_0_63_3_5/RAMA/I","VRF/read/writeback","FDCE=1;LUT6=1;RAMD64E=1"
967,1.810,5.000,2.845,0.770,2.075,0.729,2,"vrf_wa_q_reg[3][0]/C","i_vrf/vrf_b3_reg_r1_0_63_42_44/RAMA/I","VRF/read/writeback","FDCE=1;LUT6=1;RAMD64E=1"
968,1.810,5.000,2.845,0.770,2.075,0.729,2,"vrf_wa_q_reg[3][0]/C","i_vrf/vrf_b3_reg_r1_0_63_45_47/RAMA/I","VRF/read/writeback","FDCE=1;LUT6=1;RAMD64E=1"
969,1.810,5.000,2.845,0.770,2.075,0.729,2,"vrf_wa_q_reg[3][0]/C","i_vrf/vrf_b3_reg_r1_0_63_48_50/RAMA/I","VRF/read/writeback","FDCE=1;LUT6=1;RAMD64E=1"
970,1.810,5.000,2.845,0.770,2.075,0.729,2,"vrf_wa_q_reg[3][0]/C","i_vrf/vrf_b3_reg_r1_0_63_51_53/RAMA/I","VRF/read/writeback","FDCE=1;LUT6=1;RAMD64E=1"
971,1.810,5.000,2.845,0.770,2.075,0.729,2,"vrf_wa_q_reg[3][0]/C","i_vrf/vrf_b3_reg_r1_0_63_54_56/RAMA/I","VRF/read/writeback","FDCE=1;LUT6=1;RAMD64E=1"
972,1.810,5.000,2.845,0.770,2.075,0.729,2,"vrf_wa_q_reg[3][0]/C","i_vrf/vrf_b3_reg_r1_0_63_57_59/RAMA/I","VRF/read/writeback","FDCE=1;LUT6=1;RAMD64E=1"
973,1.810,5.000,2.845,0.770,2.075,0.729,2,"vrf_wa_q_reg[3][0]/C","i_vrf/vrf_b3_reg_r1_0_63_60_62/RAMA/I","VRF/read/writeback","FDCE=1;LUT6=1;RAMD64E=1"
974,1.810,5.000,2.845,0.770,2.075,0.729,2,"vrf_wa_q_reg[3][0]/C","i_vrf/vrf_b3_reg_r1_0_63_6_8/RAMA/I","VRF/read/writeback","FDCE=1;LUT6=1;RAMD64E=1"
975,1.810,5.000,2.845,0.770,2.075,0.729,2,"vrf_wa_q_reg[3][0]/C","i_vrf/vrf_b3_reg_r1_0_63_9_11/RAMA/I","VRF/read/writeback","FDCE=1;LUT6=1;RAMD64E=1"
976,1.810,5.000,2.845,0.770,2.075,0.729,2,"vrf_wa_q_reg[3][0]/C","i_vrf/vrf_b3_reg_r2_0_63_0_2/RAMA/I","VRF/read/writeback","FDCE=1;LUT6=1;RAMD64E=2"
977,1.810,5.000,2.845,0.770,2.075,0.729,2,"vrf_wa_q_reg[3][0]/C","i_vrf/vrf_b3_reg_r2_0_63_12_14/RAMA/I","VRF/read/writeback","FDCE=1;LUT6=1;RAMD64E=2"
978,1.810,5.000,2.845,0.770,2.075,0.729,2,"vrf_wa_q_reg[3][0]/C","i_vrf/vrf_b3_reg_r2_0_63_15_17/RAMA/I","VRF/read/writeback","FDCE=1;LUT6=1;RAMD64E=2"
979,1.810,5.000,2.845,0.770,2.075,0.729,2,"vrf_wa_q_reg[3][0]/C","i_vrf/vrf_b3_reg_r2_0_63_18_20/RAMA/I","VRF/read/writeback","FDCE=1;LUT6=1;RAMD64E=2"
980,1.810,5.000,2.845,0.770,2.075,0.729,2,"vrf_wa_q_reg[3][0]/C","i_vrf/vrf_b3_reg_r2_0_63_21_23/RAMA/I","VRF/read/writeback","FDCE=1;LUT6=1;RAMD64E=2"
981,1.810,5.000,2.845,0.770,2.075,0.729,2,"vrf_wa_q_reg[3][0]/C","i_vrf/vrf_b3_reg_r2_0_63_24_26/RAMA/I","VRF/read/writeback","FDCE=1;LUT6=1;RAMD64E=2"
982,1.810,5.000,2.845,0.770,2.075,0.729,2,"vrf_wa_q_reg[3][0]/C","i_vrf/vrf_b3_reg_r2_0_63_27_29/RAMA/I","VRF/read/writeback","FDCE=1;LUT6=1;RAMD64E=2"
983,1.810,5.000,2.845,0.770,2.075,0.729,2,"vrf_wa_q_reg[3][0]/C","i_vrf/vrf_b3_reg_r2_0_63_30_32/RAMA/I","VRF/read/writeback","FDCE=1;LUT6=1;RAMD64E=2"
984,1.810,5.000,2.845,0.770,2.075,0.729,2,"vrf_wa_q_reg[3][0]/C","i_vrf/vrf_b3_reg_r2_0_63_33_35/RAMA/I","VRF/read/writeback","FDCE=1;LUT6=1;RAMD64E=2"
985,1.810,5.000,2.845,0.770,2.075,0.729,2,"vrf_wa_q_reg[3][0]/C","i_vrf/vrf_b3_reg_r2_0_63_36_38/RAMA/I","VRF/read/writeback","FDCE=1;LUT6=1;RAMD64E=2"
986,1.810,5.000,2.845,0.770,2.075,0.729,2,"vrf_wa_q_reg[3][0]/C","i_vrf/vrf_b3_reg_r2_0_63_39_41/RAMA/I","VRF/read/writeback","FDCE=1;LUT6=1;RAMD64E=2"
987,1.810,5.000,2.845,0.770,2.075,0.729,2,"vrf_wa_q_reg[3][0]/C","i_vrf/vrf_b3_reg_r2_0_63_3_5/RAMA/I","VRF/read/writeback","FDCE=1;LUT6=1;RAMD64E=2"
988,1.810,5.000,2.845,0.770,2.075,0.729,2,"vrf_wa_q_reg[3][0]/C","i_vrf/vrf_b3_reg_r2_0_63_42_44/RAMA/I","VRF/read/writeback","FDCE=1;LUT6=1;RAMD64E=2"
989,1.810,5.000,2.845,0.770,2.075,0.729,2,"vrf_wa_q_reg[3][0]/C","i_vrf/vrf_b3_reg_r2_0_63_45_47/RAMA/I","VRF/read/writeback","FDCE=1;LUT6=1;RAMD64E=2"
990,1.810,5.000,2.845,0.770,2.075,0.729,2,"vrf_wa_q_reg[3][0]/C","i_vrf/vrf_b3_reg_r2_0_63_48_50/RAMA/I","VRF/read/writeback","FDCE=1;LUT6=1;RAMD64E=2"
991,1.810,5.000,2.845,0.770,2.075,0.729,2,"vrf_wa_q_reg[3][0]/C","i_vrf/vrf_b3_reg_r2_0_63_51_53/RAMA/I","VRF/read/writeback","FDCE=1;LUT6=1;RAMD64E=2"
992,1.810,5.000,2.845,0.770,2.075,0.729,2,"vrf_wa_q_reg[3][0]/C","i_vrf/vrf_b3_reg_r2_0_63_54_56/RAMA/I","VRF/read/writeback","FDCE=1;LUT6=1;RAMD64E=2"
993,1.810,5.000,2.845,0.770,2.075,0.729,2,"vrf_wa_q_reg[3][0]/C","i_vrf/vrf_b3_reg_r2_0_63_57_59/RAMA/I","VRF/read/writeback","FDCE=1;LUT6=1;RAMD64E=2"
994,1.810,5.000,2.845,0.770,2.075,0.729,2,"vrf_wa_q_reg[3][0]/C","i_vrf/vrf_b3_reg_r2_0_63_60_62/RAMA/I","VRF/read/writeback","FDCE=1;LUT6=1;RAMD64E=2"
995,1.810,5.000,2.845,0.770,2.075,0.729,2,"vrf_wa_q_reg[3][0]/C","i_vrf/vrf_b3_reg_r2_0_63_6_8/RAMA/I","VRF/read/writeback","FDCE=1;LUT6=1;RAMD64E=2"
996,1.810,5.000,2.845,0.770,2.075,0.729,2,"vrf_wa_q_reg[3][0]/C","i_vrf/vrf_b3_reg_r2_0_63_9_11/RAMA/I","VRF/read/writeback","FDCE=1;LUT6=1;RAMD64E=2"
997,1.827,5.000,2.962,0.875,2.087,0.705,3,"a_q_reg[17]/C","ecc_product_q_reg[0]/CE","other","FDCE=2;LUT5=1;LUT6=2"
998,1.827,5.000,2.962,0.875,2.087,0.705,3,"a_q_reg[17]/C","ecc_product_q_reg[100]/CE","other","FDCE=2;LUT5=1;LUT6=2"
999,1.827,5.000,2.962,0.875,2.087,0.705,3,"a_q_reg[17]/C","ecc_product_q_reg[101]/CE","other","FDCE=2;LUT5=1;LUT6=2"
1000,1.827,5.000,2.962,0.875,2.087,0.705,3,"a_q_reg[17]/C","ecc_product_q_reg[102]/CE","other","FDCE=2;LUT5=1;LUT6=2"
