pattern,object_name,object_type,ref_name,hierarchy,fanout,driver,load_cells,load_lanes,cross_multiple_lanes
"pop_q","gen_lane[0].i_p2_pop_slice/pop_q_reg",cell,"FDCE","gen_lane[0].i_p2_pop_slice",0,,0,,0
"pop_q","gen_lane[1].i_p2_pop_slice/pop_q_reg",cell,"FDCE","gen_lane[1].i_p2_pop_slice",0,,0,,0
"pop_q","gen_lane[2].i_p2_pop_slice/pop_q_reg",cell,"FDCE","gen_lane[2].i_p2_pop_slice",0,,0,,0
"pop_q","gen_lane[3].i_p2_pop_slice/pop_q_i_1",cell,"LUT3","gen_lane[3].i_p2_pop_slice",0,,0,,0
"pop_q","gen_lane[3].i_p2_pop_slice/pop_q_reg",cell,"FDCE","gen_lane[3].i_p2_pop_slice",0,,0,,0
"pop_q","gen_lane[0].i_p2_pop_slice/pop_q",net,,"gen_lane[0].i_p2_pop_slice",8,"gen_lane[0].i_p2_pop_slice/pop_q_reg/Q",8,"0",0
"pop_q","gen_lane[1].i_p2_pop_slice/pop_q",net,,"gen_lane[1].i_p2_pop_slice",8,"gen_lane[1].i_p2_pop_slice/pop_q_reg/Q",8,"1",0
"pop_q","gen_lane[1].i_p2_pop_slice/pop_q_reg_0",net,,"gen_lane[1].i_p2_pop_slice",2201,"i_vrf/FSM_onehot_st_q[0]_i_3/O",2201,"0;1;2;3",1
"pop_q","gen_lane[2].i_p2_pop_slice/pop_q",net,,"gen_lane[2].i_p2_pop_slice",8,"gen_lane[2].i_p2_pop_slice/pop_q_reg/Q",8,"2",0
"pop_q","gen_lane[2].i_p2_pop_slice/pop_q_reg_0",net,,"gen_lane[2].i_p2_pop_slice",2201,"i_vrf/FSM_onehot_st_q[0]_i_3/O",2201,"0;1;2;3",1
"pop_q","gen_lane[3].i_p2_pop_slice/pop_q",net,,"gen_lane[3].i_p2_pop_slice",8,"gen_lane[3].i_p2_pop_slice/pop_q_reg/Q",8,"3",0
"pop_q","gen_lane[3].i_p2_pop_slice/pop_q_reg_0",net,,"gen_lane[3].i_p2_pop_slice",2201,"i_vrf/FSM_onehot_st_q[0]_i_3/O",2201,"0;1;2;3",1
"xor_q","gen_lane[0].i_p2_pop_slice/xor_q_reg",cell,"FDCE","gen_lane[0].i_p2_pop_slice",0,,0,,0
"xor_q","gen_lane[1].i_p2_pop_slice/xor_q_reg",cell,"FDCE","gen_lane[1].i_p2_pop_slice",0,,0,,0
"xor_q","gen_lane[2].i_p2_pop_slice/xor_q_reg",cell,"FDCE","gen_lane[2].i_p2_pop_slice",0,,0,,0
"xor_q","gen_lane[3].i_p2_pop_slice/xor_q_i_1",cell,"LUT4","gen_lane[3].i_p2_pop_slice",0,,0,,0
"xor_q","gen_lane[3].i_p2_pop_slice/xor_q_reg",cell,"FDCE","gen_lane[3].i_p2_pop_slice",0,,0,,0
"xor_q","gen_lane[0].i_p2_pop_slice/xor_q",net,,"gen_lane[0].i_p2_pop_slice",1,"gen_lane[0].i_p2_pop_slice/xor_q_reg/Q",1,"0",0
"xor_q","gen_lane[1].i_p2_pop_slice/xor_q",net,,"gen_lane[1].i_p2_pop_slice",1,"gen_lane[1].i_p2_pop_slice/xor_q_reg/Q",1,"1",0
"xor_q","gen_lane[2].i_p2_pop_slice/xor_q",net,,"gen_lane[2].i_p2_pop_slice",1,"gen_lane[2].i_p2_pop_slice/xor_q_reg/Q",1,"2",0
"xor_q","gen_lane[3].i_p2_pop_slice/xor_q",net,,"gen_lane[3].i_p2_pop_slice",1,"gen_lane[3].i_p2_pop_slice/xor_q_reg/Q",1,"3",0
"xor_q","gen_lane[3].i_p2_pop_slice/xor_q_reg_0[0]",net,,"gen_lane[3].i_p2_pop_slice",12,"uop_p1_q_reg[op_type][0]/Q",12,"3",0
"xor_q","gen_lane[3].i_p2_pop_slice/xor_q_reg_0[1]",net,,"gen_lane[3].i_p2_pop_slice",13,"uop_p1_q_reg[op_type][1]/Q",13,"3",0
"xor_q","gen_lane[3].i_p2_pop_slice/xor_q_reg_0[2]",net,,"gen_lane[3].i_p2_pop_slice",13,"uop_p1_q_reg[op_type][2]/Q",13,"3",0
"p1_pop_d","p1_pop_d",net,,".",4,"gen_lane[3].i_p2_pop_slice/pop_q_i_1/O",4,"0;1;2;3",1
"p1_xor_d","p1_xor_d",net,,".",4,"gen_lane[3].i_p2_pop_slice/xor_q_i_1/O",4,"0;1;2;3",1
"i_p2_pop_slice","gen_lane[0].i_p2_pop_slice",cell,"hdec_p2_pop_slice",".",0,,0,,0
"i_p2_pop_slice","gen_lane[0].i_p2_pop_slice/GND",cell,"GND","gen_lane[0].i_p2_pop_slice",0,,0,,0
"i_p2_pop_slice","gen_lane[0].i_p2_pop_slice/VCC",cell,"VCC","gen_lane[0].i_p2_pop_slice",0,,0,,0
"i_p2_pop_slice","gen_lane[0].i_p2_pop_slice/hmatch_best_dist_q[10]_i_1",cell,"LUT6","gen_lane[0].i_p2_pop_slice",0,,0,,0
"i_p2_pop_slice","gen_lane[0].i_p2_pop_slice/hmatch_best_dist_q[10]_i_3",cell,"LUT2","gen_lane[0].i_p2_pop_slice",0,,0,,0
"i_p2_pop_slice","gen_lane[0].i_p2_pop_slice/hmatch_best_dist_q[10]_i_4",cell,"LUT5","gen_lane[0].i_p2_pop_slice",0,,0,,0
"i_p2_pop_slice","gen_lane[0].i_p2_pop_slice/hmatch_best_dist_q[10]_i_5",cell,"LUT3","gen_lane[0].i_p2_pop_slice",0,,0,,0
"i_p2_pop_slice","gen_lane[0].i_p2_pop_slice/hmatch_candidate_dist_q[10]_i_2",cell,"LUT2","gen_lane[0].i_p2_pop_slice",0,,0,,0
"i_p2_pop_slice","gen_lane[0].i_p2_pop_slice/hmatch_candidate_dist_q[8]_i_1",cell,"LUT2","gen_lane[0].i_p2_pop_slice",0,,0,,0
"i_p2_pop_slice","gen_lane[0].i_p2_pop_slice/hmatch_candidate_dist_q[9]_i_1",cell,"LUT2","gen_lane[0].i_p2_pop_slice",0,,0,,0
"i_p2_pop_slice","gen_lane[0].i_p2_pop_slice/hmatch_update_q_i_1",cell,"LUT5","gen_lane[0].i_p2_pop_slice",0,,0,,0
"i_p2_pop_slice","gen_lane[0].i_p2_pop_slice/hmatch_update_q_i_3",cell,"LUT6","gen_lane[0].i_p2_pop_slice",0,,0,,0
"i_p2_pop_slice","gen_lane[0].i_p2_pop_slice/hmatch_update_q_i_5",cell,"LUT2","gen_lane[0].i_p2_pop_slice",0,,0,,0
"i_p2_pop_slice","gen_lane[0].i_p2_pop_slice/hmatch_update_q_i_6",cell,"LUT4","gen_lane[0].i_p2_pop_slice",0,,0,,0
"i_p2_pop_slice","gen_lane[0].i_p2_pop_slice/hmatch_update_q_i_7",cell,"LUT2","gen_lane[0].i_p2_pop_slice",0,,0,,0
"i_p2_pop_slice","gen_lane[0].i_p2_pop_slice/hmatch_update_q_i_8",cell,"LUT4","gen_lane[0].i_p2_pop_slice",0,,0,,0
"i_p2_pop_slice","gen_lane[0].i_p2_pop_slice/hmatch_update_q_i_9",cell,"LUT6","gen_lane[0].i_p2_pop_slice",0,,0,,0
"i_p2_pop_slice","gen_lane[0].i_p2_pop_slice/hmatch_update_q_reg_i_2",cell,"CARRY4","gen_lane[0].i_p2_pop_slice",0,,0,,0
"i_p2_pop_slice","gen_lane[0].i_p2_pop_slice/hsim_total_q[10]_i_12",cell,"LUT1","gen_lane[0].i_p2_pop_slice",0,,0,,0
"i_p2_pop_slice","gen_lane[0].i_p2_pop_slice/hsim_total_q[10]_i_13",cell,"LUT2","gen_lane[0].i_p2_pop_slice",0,,0,,0
"i_p2_pop_slice","gen_lane[0].i_p2_pop_slice/hsim_total_q[10]_i_14",cell,"LUT2","gen_lane[0].i_p2_pop_slice",0,,0,,0
"i_p2_pop_slice","gen_lane[0].i_p2_pop_slice/hsim_total_q[10]_i_15",cell,"LUT2","gen_lane[0].i_p2_pop_slice",0,,0,,0
"i_p2_pop_slice","gen_lane[0].i_p2_pop_slice/hsim_total_q[10]_i_16",cell,"LUT3","gen_lane[0].i_p2_pop_slice",0,,0,,0
"i_p2_pop_slice","gen_lane[0].i_p2_pop_slice/hsim_total_q[10]_i_17",cell,"LUT2","gen_lane[0].i_p2_pop_slice",0,,0,,0
"i_p2_pop_slice","gen_lane[0].i_p2_pop_slice/hsim_total_q[10]_i_18",cell,"LUT2","gen_lane[0].i_p2_pop_slice",0,,0,,0
"i_p2_pop_slice","gen_lane[0].i_p2_pop_slice/hsim_total_q[10]_i_19",cell,"LUT2","gen_lane[0].i_p2_pop_slice",0,,0,,0
"i_p2_pop_slice","gen_lane[0].i_p2_pop_slice/hsim_total_q[10]_i_2",cell,"LUT2","gen_lane[0].i_p2_pop_slice",0,,0,,0
"i_p2_pop_slice","gen_lane[0].i_p2_pop_slice/hsim_total_q[10]_i_20",cell,"LUT2","gen_lane[0].i_p2_pop_slice",0,,0,,0
"i_p2_pop_slice","gen_lane[0].i_p2_pop_slice/hsim_total_q[10]_i_21",cell,"LUT4","gen_lane[0].i_p2_pop_slice",0,,0,,0
"i_p2_pop_slice","gen_lane[0].i_p2_pop_slice/hsim_total_q[10]_i_22",cell,"LUT4","gen_lane[0].i_p2_pop_slice",0,,0,,0
"i_p2_pop_slice","gen_lane[0].i_p2_pop_slice/hsim_total_q[10]_i_23",cell,"LUT4","gen_lane[0].i_p2_pop_slice",0,,0,,0
"i_p2_pop_slice","gen_lane[0].i_p2_pop_slice/hsim_total_q[10]_i_24",cell,"LUT2","gen_lane[0].i_p2_pop_slice",0,,0,,0
"i_p2_pop_slice","gen_lane[0].i_p2_pop_slice/hsim_total_q[10]_i_25",cell,"LUT1","gen_lane[0].i_p2_pop_slice",0,,0,,0
"i_p2_pop_slice","gen_lane[0].i_p2_pop_slice/hsim_total_q[10]_i_3",cell,"LUT6","gen_lane[0].i_p2_pop_slice",0,,0,,0
"i_p2_pop_slice","gen_lane[0].i_p2_pop_slice/hsim_total_q[10]_i_7",cell,"LUT6","gen_lane[0].i_p2_pop_slice",0,,0,,0
"i_p2_pop_slice","gen_lane[0].i_p2_pop_slice/hsim_total_q[7]_i_15",cell,"LUT4","gen_lane[0].i_p2_pop_slice",0,,0,,0
"i_p2_pop_slice","gen_lane[0].i_p2_pop_slice/hsim_total_q[7]_i_17",cell,"LUT6","gen_lane[0].i_p2_pop_slice",0,,0,,0
"i_p2_pop_slice","gen_lane[0].i_p2_pop_slice/hsim_total_q[7]_i_18",cell,"LUT6","gen_lane[0].i_p2_pop_slice",0,,0,,0
"i_p2_pop_slice","gen_lane[0].i_p2_pop_slice/hsim_total_q[7]_i_22",cell,"LUT6","gen_lane[0].i_p2_pop_slice",0,,0,,0
"i_p2_pop_slice","gen_lane[0].i_p2_pop_slice/hsim_total_q[7]_i_23",cell,"LUT6","gen_lane[0].i_p2_pop_slice",0,,0,,0
"i_p2_pop_slice","gen_lane[0].i_p2_pop_slice/hsim_total_q[7]_i_24",cell,"LUT6","gen_lane[0].i_p2_pop_slice",0,,0,,0
"i_p2_pop_slice","gen_lane[0].i_p2_pop_slice/hsim_total_q[7]_i_25",cell,"LUT3","gen_lane[0].i_p2_pop_slice",0,,0,,0
"i_p2_pop_slice","gen_lane[0].i_p2_pop_slice/hsim_total_q[7]_i_7",cell,"LUT4","gen_lane[0].i_p2_pop_slice",0,,0,,0
"i_p2_pop_slice","gen_lane[0].i_p2_pop_slice/hsim_total_q[8]_i_1",cell,"LUT2","gen_lane[0].i_p2_pop_slice",0,,0,,0
"i_p2_pop_slice","gen_lane[0].i_p2_pop_slice/hsim_total_q[9]_i_1",cell,"LUT2","gen_lane[0].i_p2_pop_slice",0,,0,,0
"i_p2_pop_slice","gen_lane[0].i_p2_pop_slice/hsim_total_q_reg[10]_i_10",cell,"CARRY4","gen_lane[0].i_p2_pop_slice",0,,0,,0
"i_p2_pop_slice","gen_lane[0].i_p2_pop_slice/hsim_total_q_reg[10]_i_11",cell,"CARRY4","gen_lane[0].i_p2_pop_slice",0,,0,,0
"i_p2_pop_slice","gen_lane[0].i_p2_pop_slice/hsim_total_q_reg[10]_i_6",cell,"CARRY4","gen_lane[0].i_p2_pop_slice",0,,0,,0
"i_p2_pop_slice","gen_lane[0].i_p2_pop_slice/hsim_total_q_reg[10]_i_8",cell,"CARRY4","gen_lane[0].i_p2_pop_slice",0,,0,,0
"i_p2_pop_slice","gen_lane[0].i_p2_pop_slice/hsim_total_q_reg[10]_i_9",cell,"CARRY4","gen_lane[0].i_p2_pop_slice",0,,0,,0
"i_p2_pop_slice","gen_lane[0].i_p2_pop_slice/hsim_total_q_reg[7]_i_11",cell,"CARRY4","gen_lane[0].i_p2_pop_slice",0,,0,,0
"i_p2_pop_slice","gen_lane[0].i_p2_pop_slice/hsim_total_q_reg[7]_i_3",cell,"CARRY4","gen_lane[0].i_p2_pop_slice",0,,0,,0
"i_p2_pop_slice","gen_lane[0].i_p2_pop_slice/i_popcount",cell,"hdec_lane_popcount_compressor_5","gen_lane[0].i_p2_pop_slice",0,,0,,0
"i_p2_pop_slice","gen_lane[0].i_p2_pop_slice/i_popcount/popcount_q_o[0]_i_11",cell,"LUT3","gen_lane[0].i_p2_pop_slice/i_popcount",0,,0,,0
"i_p2_pop_slice","gen_lane[0].i_p2_pop_slice/i_popcount/popcount_q_o[0]_i_12",cell,"LUT3","gen_lane[0].i_p2_pop_slice/i_popcount",0,,0,,0
"i_p2_pop_slice","gen_lane[0].i_p2_pop_slice/i_popcount/popcount_q_o[0]_i_16",cell,"LUT3","gen_lane[0].i_p2_pop_slice/i_popcount",0,,0,,0
"i_p2_pop_slice","gen_lane[0].i_p2_pop_slice/i_popcount/popcount_q_o[0]_i_17",cell,"LUT3","gen_lane[0].i_p2_pop_slice/i_popcount",0,,0,,0
"i_p2_pop_slice","gen_lane[0].i_p2_pop_slice/i_popcount/popcount_q_o[0]_i_2",cell,"LUT5","gen_lane[0].i_p2_pop_slice/i_popcount",0,,0,,0
"i_p2_pop_slice","gen_lane[0].i_p2_pop_slice/i_popcount/popcount_q_o[0]_i_21",cell,"LUT3","gen_lane[0].i_p2_pop_slice/i_popcount",0,,0,,0
"i_p2_pop_slice","gen_lane[0].i_p2_pop_slice/i_popcount/popcount_q_o[0]_i_22",cell,"LUT3","gen_lane[0].i_p2_pop_slice/i_popcount",0,,0,,0
"i_p2_pop_slice","gen_lane[0].i_p2_pop_slice/i_popcount/popcount_q_o[0]_i_27",cell,"LUT3","gen_lane[0].i_p2_pop_slice/i_popcount",0,,0,,0
"i_p2_pop_slice","gen_lane[0].i_p2_pop_slice/i_popcount/popcount_q_o[0]_i_3",cell,"LUT5","gen_lane[0].i_p2_pop_slice/i_popcount",0,,0,,0
"i_p2_pop_slice","gen_lane[0].i_p2_pop_slice/i_popcount/popcount_q_o[0]_i_4",cell,"LUT5","gen_lane[0].i_p2_pop_slice/i_popcount",0,,0,,0
"i_p2_pop_slice","gen_lane[0].i_p2_pop_slice/i_popcount/popcount_q_o[0]_i_5",cell,"LUT5","gen_lane[0].i_p2_pop_slice/i_popcount",0,,0,,0
"i_p2_pop_slice","gen_lane[0].i_p2_pop_slice/i_popcount/popcount_q_o[1]_i_10",cell,"LUT6","gen_lane[0].i_p2_pop_slice/i_popcount",0,,0,,0
"i_p2_pop_slice","gen_lane[0].i_p2_pop_slice/i_popcount/popcount_q_o[1]_i_11",cell,"LUT5","gen_lane[0].i_p2_pop_slice/i_popcount",0,,0,,0
"i_p2_pop_slice","gen_lane[0].i_p2_pop_slice/i_popcount/popcount_q_o[1]_i_14",cell,"LUT5","gen_lane[0].i_p2_pop_slice/i_popcount",0,,0,,0
"i_p2_pop_slice","gen_lane[0].i_p2_pop_slice/i_popcount/popcount_q_o[1]_i_15",cell,"LUT6","gen_lane[0].i_p2_pop_slice/i_popcount",0,,0,,0
"i_p2_pop_slice","gen_lane[0].i_p2_pop_slice/i_popcount/popcount_q_o[1]_i_16",cell,"LUT6","gen_lane[0].i_p2_pop_slice/i_popcount",0,,0,,0
"i_p2_pop_slice","gen_lane[0].i_p2_pop_slice/i_popcount/popcount_q_o[1]_i_18",cell,"LUT6","gen_lane[0].i_p2_pop_slice/i_popcount",0,,0,,0
"i_p2_pop_slice","gen_lane[0].i_p2_pop_slice/i_popcount/popcount_q_o[1]_i_2",cell,"LUT6","gen_lane[0].i_p2_pop_slice/i_popcount",0,,0,,0
"i_p2_pop_slice","gen_lane[0].i_p2_pop_slice/i_popcount/popcount_q_o[1]_i_20",cell,"LUT3","gen_lane[0].i_p2_pop_slice/i_popcount",0,,0,,0
"i_p2_pop_slice","gen_lane[0].i_p2_pop_slice/i_popcount/popcount_q_o[1]_i_22",cell,"LUT3","gen_lane[0].i_p2_pop_slice/i_popcount",0,,0,,0
"i_p2_pop_slice","gen_lane[0].i_p2_pop_slice/i_popcount/popcount_q_o[1]_i_23",cell,"LUT3","gen_lane[0].i_p2_pop_slice/i_popcount",0,,0,,0
"i_p2_pop_slice","gen_lane[0].i_p2_pop_slice/i_popcount/popcount_q_o[1]_i_24",cell,"LUT3","gen_lane[0].i_p2_pop_slice/i_popcount",0,,0,,0
"i_p2_pop_slice","gen_lane[0].i_p2_pop_slice/i_popcount/popcount_q_o[1]_i_25",cell,"LUT6","gen_lane[0].i_p2_pop_slice/i_popcount",0,,0,,0
"i_p2_pop_slice","gen_lane[0].i_p2_pop_slice/i_popcount/popcount_q_o[1]_i_26",cell,"LUT3","gen_lane[0].i_p2_pop_slice/i_popcount",0,,0,,0
"i_p2_pop_slice","gen_lane[0].i_p2_pop_slice/i_popcount/popcount_q_o[1]_i_27",cell,"LUT6","gen_lane[0].i_p2_pop_slice/i_popcount",0,,0,,0
"i_p2_pop_slice","gen_lane[0].i_p2_pop_slice/i_popcount/popcount_q_o[1]_i_28",cell,"LUT6","gen_lane[0].i_p2_pop_slice/i_popcount",0,,0,,0
"i_p2_pop_slice","gen_lane[0].i_p2_pop_slice/i_popcount/popcount_q_o[1]_i_4",cell,"LUT5","gen_lane[0].i_p2_pop_slice/i_popcount",0,,0,,0
"i_p2_pop_slice","gen_lane[0].i_p2_pop_slice/i_popcount/popcount_q_o[1]_i_5",cell,"LUT6","gen_lane[0].i_p2_pop_slice/i_popcount",0,,0,,0
"i_p2_pop_slice","gen_lane[0].i_p2_pop_slice/i_popcount/popcount_q_o[1]_i_6",cell,"LUT5","gen_lane[0].i_p2_pop_slice/i_popcount",0,,0,,0
"i_p2_pop_slice","gen_lane[0].i_p2_pop_slice/i_popcount/popcount_q_o[1]_i_7",cell,"LUT5","gen_lane[0].i_p2_pop_slice/i_popcount",0,,0,,0
"i_p2_pop_slice","gen_lane[0].i_p2_pop_slice/i_popcount/popcount_q_o[1]_i_9",cell,"LUT5","gen_lane[0].i_p2_pop_slice/i_popcount",0,,0,,0
"i_p2_pop_slice","gen_lane[0].i_p2_pop_slice/i_popcount/popcount_q_o[3]_i_10",cell,"LUT3","gen_lane[0].i_p2_pop_slice/i_popcount",0,,0,,0
"i_p2_pop_slice","gen_lane[0].i_p2_pop_slice/i_popcount/popcount_q_o[3]_i_11",cell,"LUT6","gen_lane[0].i_p2_pop_slice/i_popcount",0,,0,,0
"i_p2_pop_slice","gen_lane[0].i_p2_pop_slice/i_popcount/popcount_q_o[3]_i_3",cell,"LUT5","gen_lane[0].i_p2_pop_slice/i_popcount",0,,0,,0
"i_p2_pop_slice","gen_lane[0].i_p2_pop_slice/i_popcount/popcount_q_o[3]_i_4",cell,"LUT5","gen_lane[0].i_p2_pop_slice/i_popcount",0,,0,,0
"i_p2_pop_slice","gen_lane[0].i_p2_pop_slice/i_popcount/popcount_q_o[3]_i_5",cell,"LUT3","gen_lane[0].i_p2_pop_slice/i_popcount",0,,0,,0
"i_p2_pop_slice","gen_lane[0].i_p2_pop_slice/i_popcount/popcount_q_o[3]_i_6",cell,"LUT3","gen_lane[0].i_p2_pop_slice/i_popcount",0,,0,,0
"i_p2_pop_slice","gen_lane[0].i_p2_pop_slice/i_popcount/popcount_q_o[3]_i_7",cell,"LUT5","gen_lane[0].i_p2_pop_slice/i_popcount",0,,0,,0
"i_p2_pop_slice","gen_lane[0].i_p2_pop_slice/i_popcount/popcount_q_o[3]_i_8",cell,"LUT5","gen_lane[0].i_p2_pop_slice/i_popcount",0,,0,,0
"i_p2_pop_slice","gen_lane[0].i_p2_pop_slice/i_popcount/popcount_q_o[3]_i_9",cell,"LUT5","gen_lane[0].i_p2_pop_slice/i_popcount",0,,0,,0
"i_p2_pop_slice","gen_lane[0].i_p2_pop_slice/i_popcount/popcount_q_o[6]_i_10",cell,"LUT3","gen_lane[0].i_p2_pop_slice/i_popcount",0,,0,,0
"i_p2_pop_slice","gen_lane[0].i_p2_pop_slice/i_popcount/popcount_q_o[6]_i_11",cell,"LUT3","gen_lane[0].i_p2_pop_slice/i_popcount",0,,0,,0
"i_p2_pop_slice","gen_lane[0].i_p2_pop_slice/i_popcount/popcount_q_o[6]_i_12",cell,"LUT3","gen_lane[0].i_p2_pop_slice/i_popcount",0,,0,,0
"i_p2_pop_slice","gen_lane[0].i_p2_pop_slice/i_popcount/popcount_q_o[6]_i_13",cell,"LUT6","gen_lane[0].i_p2_pop_slice/i_popcount",0,,0,,0
"i_p2_pop_slice","gen_lane[0].i_p2_pop_slice/i_popcount/popcount_q_o[6]_i_15",cell,"LUT5","gen_lane[0].i_p2_pop_slice/i_popcount",0,,0,,0
"i_p2_pop_slice","gen_lane[0].i_p2_pop_slice/i_popcount/popcount_q_o[6]_i_16",cell,"LUT6","gen_lane[0].i_p2_pop_slice/i_popcount",0,,0,,0
"i_p2_pop_slice","gen_lane[0].i_p2_pop_slice/i_popcount/popcount_q_o[6]_i_17",cell,"LUT6","gen_lane[0].i_p2_pop_slice/i_popcount",0,,0,,0
"i_p2_pop_slice","gen_lane[0].i_p2_pop_slice/i_popcount/popcount_q_o[6]_i_18",cell,"LUT6","gen_lane[0].i_p2_pop_slice/i_popcount",0,,0,,0
"i_p2_pop_slice","gen_lane[0].i_p2_pop_slice/i_popcount/popcount_q_o[6]_i_19",cell,"LUT5","gen_lane[0].i_p2_pop_slice/i_popcount",0,,0,,0
"i_p2_pop_slice","gen_lane[0].i_p2_pop_slice/i_popcount/popcount_q_o[6]_i_2",cell,"LUT5","gen_lane[0].i_p2_pop_slice/i_popcount",0,,0,,0
"i_p2_pop_slice","gen_lane[0].i_p2_pop_slice/i_popcount/popcount_q_o[6]_i_20",cell,"LUT6","gen_lane[0].i_p2_pop_slice/i_popcount",0,,0,,0
"i_p2_pop_slice","gen_lane[0].i_p2_pop_slice/i_popcount/popcount_q_o[6]_i_21",cell,"LUT3","gen_lane[0].i_p2_pop_slice/i_popcount",0,,0,,0
"i_p2_pop_slice","gen_lane[0].i_p2_pop_slice/i_popcount/popcount_q_o[6]_i_22",cell,"LUT3","gen_lane[0].i_p2_pop_slice/i_popcount",0,,0,,0
"i_p2_pop_slice","gen_lane[0].i_p2_pop_slice/i_popcount/popcount_q_o[6]_i_23",cell,"LUT6","gen_lane[0].i_p2_pop_slice/i_popcount",0,,0,,0
"i_p2_pop_slice","gen_lane[0].i_p2_pop_slice/i_popcount/popcount_q_o[6]_i_27",cell,"LUT3","gen_lane[0].i_p2_pop_slice/i_popcount",0,,0,,0
"i_p2_pop_slice","gen_lane[0].i_p2_pop_slice/i_popcount/popcount_q_o[6]_i_3",cell,"LUT6","gen_lane[0].i_p2_pop_slice/i_popcount",0,,0,,0
"i_p2_pop_slice","gen_lane[0].i_p2_pop_slice/i_popcount/popcount_q_o[6]_i_31",cell,"LUT3","gen_lane[0].i_p2_pop_slice/i_popcount",0,,0,,0
"i_p2_pop_slice","gen_lane[0].i_p2_pop_slice/i_popcount/popcount_q_o[6]_i_32",cell,"LUT3","gen_lane[0].i_p2_pop_slice/i_popcount",0,,0,,0
"i_p2_pop_slice","gen_lane[0].i_p2_pop_slice/i_popcount/popcount_q_o[6]_i_33",cell,"LUT3","gen_lane[0].i_p2_pop_slice/i_popcount",0,,0,,0
"i_p2_pop_slice","gen_lane[0].i_p2_pop_slice/i_popcount/popcount_q_o[6]_i_34",cell,"LUT3","gen_lane[0].i_p2_pop_slice/i_popcount",0,,0,,0
"i_p2_pop_slice","gen_lane[0].i_p2_pop_slice/i_popcount/popcount_q_o[6]_i_35",cell,"LUT3","gen_lane[0].i_p2_pop_slice/i_popcount",0,,0,,0
"i_p2_pop_slice","gen_lane[0].i_p2_pop_slice/i_popcount/popcount_q_o[6]_i_36",cell,"LUT3","gen_lane[0].i_p2_pop_slice/i_popcount",0,,0,,0
"i_p2_pop_slice","gen_lane[0].i_p2_pop_slice/i_popcount/popcount_q_o[6]_i_37",cell,"LUT3","gen_lane[0].i_p2_pop_slice/i_popcount",0,,0,,0
"i_p2_pop_slice","gen_lane[0].i_p2_pop_slice/i_popcount/popcount_q_o[6]_i_38",cell,"LUT3","gen_lane[0].i_p2_pop_slice/i_popcount",0,,0,,0
"i_p2_pop_slice","gen_lane[0].i_p2_pop_slice/i_popcount/popcount_q_o[6]_i_39",cell,"LUT6","gen_lane[0].i_p2_pop_slice/i_popcount",0,,0,,0
"i_p2_pop_slice","gen_lane[0].i_p2_pop_slice/i_popcount/popcount_q_o[6]_i_4",cell,"LUT5","gen_lane[0].i_p2_pop_slice/i_popcount",0,,0,,0
"i_p2_pop_slice","gen_lane[0].i_p2_pop_slice/i_popcount/popcount_q_o[6]_i_40",cell,"LUT3","gen_lane[0].i_p2_pop_slice/i_popcount",0,,0,,0
"i_p2_pop_slice","gen_lane[0].i_p2_pop_slice/i_popcount/popcount_q_o[6]_i_41",cell,"LUT6","gen_lane[0].i_p2_pop_slice/i_popcount",0,,0,,0
"i_p2_pop_slice","gen_lane[0].i_p2_pop_slice/i_popcount/popcount_q_o[6]_i_42",cell,"LUT6","gen_lane[0].i_p2_pop_slice/i_popcount",0,,0,,0
"i_p2_pop_slice","gen_lane[0].i_p2_pop_slice/i_popcount/popcount_q_o[6]_i_43",cell,"LUT6","gen_lane[0].i_p2_pop_slice/i_popcount",0,,0,,0
"i_p2_pop_slice","gen_lane[0].i_p2_pop_slice/i_popcount/popcount_q_o[6]_i_46",cell,"LUT6","gen_lane[0].i_p2_pop_slice/i_popcount",0,,0,,0
"i_p2_pop_slice","gen_lane[0].i_p2_pop_slice/i_popcount/popcount_q_o[6]_i_48",cell,"LUT6","gen_lane[0].i_p2_pop_slice/i_popcount",0,,0,,0
"i_p2_pop_slice","gen_lane[0].i_p2_pop_slice/i_popcount/popcount_q_o[6]_i_49",cell,"LUT5","gen_lane[0].i_p2_pop_slice/i_popcount",0,,0,,0
"i_p2_pop_slice","gen_lane[0].i_p2_pop_slice/i_popcount/popcount_q_o[6]_i_5",cell,"LUT2","gen_lane[0].i_p2_pop_slice/i_popcount",0,,0,,0
"i_p2_pop_slice","gen_lane[0].i_p2_pop_slice/i_popcount/popcount_q_o[6]_i_50",cell,"LUT5","gen_lane[0].i_p2_pop_slice/i_popcount",0,,0,,0
"i_p2_pop_slice","gen_lane[0].i_p2_pop_slice/i_popcount/popcount_q_o[6]_i_51",cell,"LUT3","gen_lane[0].i_p2_pop_slice/i_popcount",0,,0,,0
"i_p2_pop_slice","gen_lane[0].i_p2_pop_slice/i_popcount/popcount_q_o[6]_i_52",cell,"LUT3","gen_lane[0].i_p2_pop_slice/i_popcount",0,,0,,0
"i_p2_pop_slice","gen_lane[0].i_p2_pop_slice/i_popcount/popcount_q_o[6]_i_53",cell,"LUT3","gen_lane[0].i_p2_pop_slice/i_popcount",0,,0,,0
"i_p2_pop_slice","gen_lane[0].i_p2_pop_slice/i_popcount/popcount_q_o[6]_i_54",cell,"LUT3","gen_lane[0].i_p2_pop_slice/i_popcount",0,,0,,0
"i_p2_pop_slice","gen_lane[0].i_p2_pop_slice/i_popcount/popcount_q_o[6]_i_55",cell,"LUT3","gen_lane[0].i_p2_pop_slice/i_popcount",0,,0,,0
"i_p2_pop_slice","gen_lane[0].i_p2_pop_slice/i_popcount/popcount_q_o[6]_i_56",cell,"LUT3","gen_lane[0].i_p2_pop_slice/i_popcount",0,,0,,0
"i_p2_pop_slice","gen_lane[0].i_p2_pop_slice/i_popcount/popcount_q_o[6]_i_7",cell,"LUT6","gen_lane[0].i_p2_pop_slice/i_popcount",0,,0,,0
"i_p2_pop_slice","gen_lane[0].i_p2_pop_slice/i_popcount/popcount_q_o[6]_i_8",cell,"LUT5","gen_lane[0].i_p2_pop_slice/i_popcount",0,,0,,0
"i_p2_pop_slice","gen_lane[0].i_p2_pop_slice/i_popcount/popcount_q_o[6]_i_9",cell,"LUT6","gen_lane[0].i_p2_pop_slice/i_popcount",0,,0,,0
"i_p2_pop_slice","gen_lane[0].i_p2_pop_slice/lane_result_q[0][63]_i_1",cell,"LUT6","gen_lane[0].i_p2_pop_slice",0,,0,,0
"i_p2_pop_slice","gen_lane[0].i_p2_pop_slice/pop_q_reg",cell,"FDCE","gen_lane[0].i_p2_pop_slice",0,,0,,0
"i_p2_pop_slice","gen_lane[0].i_p2_pop_slice/popcount_q_o_reg[0]",cell,"FDCE","gen_lane[0].i_p2_pop_slice",0,,0,,0
"i_p2_pop_slice","gen_lane[0].i_p2_pop_slice/popcount_q_o_reg[1]",cell,"FDCE","gen_lane[0].i_p2_pop_slice",0,,0,,0
"i_p2_pop_slice","gen_lane[0].i_p2_pop_slice/popcount_q_o_reg[2]",cell,"FDCE","gen_lane[0].i_p2_pop_slice",0,,0,,0
"i_p2_pop_slice","gen_lane[0].i_p2_pop_slice/popcount_q_o_reg[3]",cell,"FDCE","gen_lane[0].i_p2_pop_slice",0,,0,,0
"i_p2_pop_slice","gen_lane[0].i_p2_pop_slice/popcount_q_o_reg[4]",cell,"FDCE","gen_lane[0].i_p2_pop_slice",0,,0,,0
"i_p2_pop_slice","gen_lane[0].i_p2_pop_slice/popcount_q_o_reg[5]",cell,"FDCE","gen_lane[0].i_p2_pop_slice",0,,0,,0
"i_p2_pop_slice","gen_lane[0].i_p2_pop_slice/popcount_q_o_reg[6]",cell,"FDCE","gen_lane[0].i_p2_pop_slice",0,,0,,0
"i_p2_pop_slice","gen_lane[0].i_p2_pop_slice/uop_p0_q[is_last_class]_i_4",cell,"LUT4","gen_lane[0].i_p2_pop_slice",0,,0,,0
"i_p2_pop_slice","gen_lane[0].i_p2_pop_slice/xor_q_reg",cell,"FDCE","gen_lane[0].i_p2_pop_slice",0,,0,,0
"i_p2_pop_slice","gen_lane[1].i_p2_pop_slice",cell,"hdec_p2_pop_slice_0",".",0,,0,,0
"i_p2_pop_slice","gen_lane[1].i_p2_pop_slice/VCC",cell,"VCC","gen_lane[1].i_p2_pop_slice",0,,0,,0
"i_p2_pop_slice","gen_lane[1].i_p2_pop_slice/hsim_total_q[3]_i_6",cell,"LUT6","gen_lane[1].i_p2_pop_slice",0,,0,,0
"i_p2_pop_slice","gen_lane[1].i_p2_pop_slice/hsim_total_q[3]_i_7",cell,"LUT6","gen_lane[1].i_p2_pop_slice",0,,0,,0
"i_p2_pop_slice","gen_lane[1].i_p2_pop_slice/hsim_total_q[7]_i_10",cell,"LUT6","gen_lane[1].i_p2_pop_slice",0,,0,,0
"i_p2_pop_slice","gen_lane[1].i_p2_pop_slice/hsim_total_q[7]_i_8",cell,"LUT6","gen_lane[1].i_p2_pop_slice",0,,0,,0
"i_p2_pop_slice","gen_lane[1].i_p2_pop_slice/hsim_total_q[7]_i_9",cell,"LUT6","gen_lane[1].i_p2_pop_slice",0,,0,,0
"i_p2_pop_slice","gen_lane[1].i_p2_pop_slice/i_popcount",cell,"hdec_lane_popcount_compressor_4","gen_lane[1].i_p2_pop_slice",0,,0,,0
"i_p2_pop_slice","gen_lane[1].i_p2_pop_slice/i_popcount/popcount_q_o[0]_i_11",cell,"LUT3","gen_lane[1].i_p2_pop_slice/i_popcount",0,,0,,0
"i_p2_pop_slice","gen_lane[1].i_p2_pop_slice/i_popcount/popcount_q_o[0]_i_12",cell,"LUT3","gen_lane[1].i_p2_pop_slice/i_popcount",0,,0,,0
"i_p2_pop_slice","gen_lane[1].i_p2_pop_slice/i_popcount/popcount_q_o[0]_i_16",cell,"LUT3","gen_lane[1].i_p2_pop_slice/i_popcount",0,,0,,0
"i_p2_pop_slice","gen_lane[1].i_p2_pop_slice/i_popcount/popcount_q_o[0]_i_17",cell,"LUT3","gen_lane[1].i_p2_pop_slice/i_popcount",0,,0,,0
"i_p2_pop_slice","gen_lane[1].i_p2_pop_slice/i_popcount/popcount_q_o[0]_i_2",cell,"LUT5","gen_lane[1].i_p2_pop_slice/i_popcount",0,,0,,0
"i_p2_pop_slice","gen_lane[1].i_p2_pop_slice/i_popcount/popcount_q_o[0]_i_21",cell,"LUT3","gen_lane[1].i_p2_pop_slice/i_popcount",0,,0,,0
"i_p2_pop_slice","gen_lane[1].i_p2_pop_slice/i_popcount/popcount_q_o[0]_i_22",cell,"LUT3","gen_lane[1].i_p2_pop_slice/i_popcount",0,,0,,0
"i_p2_pop_slice","gen_lane[1].i_p2_pop_slice/i_popcount/popcount_q_o[0]_i_27",cell,"LUT3","gen_lane[1].i_p2_pop_slice/i_popcount",0,,0,,0
"i_p2_pop_slice","gen_lane[1].i_p2_pop_slice/i_popcount/popcount_q_o[0]_i_3",cell,"LUT5","gen_lane[1].i_p2_pop_slice/i_popcount",0,,0,,0
"i_p2_pop_slice","gen_lane[1].i_p2_pop_slice/i_popcount/popcount_q_o[0]_i_4",cell,"LUT5","gen_lane[1].i_p2_pop_slice/i_popcount",0,,0,,0
"i_p2_pop_slice","gen_lane[1].i_p2_pop_slice/i_popcount/popcount_q_o[0]_i_5",cell,"LUT5","gen_lane[1].i_p2_pop_slice/i_popcount",0,,0,,0
"i_p2_pop_slice","gen_lane[1].i_p2_pop_slice/i_popcount/popcount_q_o[1]_i_10",cell,"LUT6","gen_lane[1].i_p2_pop_slice/i_popcount",0,,0,,0
"i_p2_pop_slice","gen_lane[1].i_p2_pop_slice/i_popcount/popcount_q_o[1]_i_11",cell,"LUT5","gen_lane[1].i_p2_pop_slice/i_popcount",0,,0,,0
"i_p2_pop_slice","gen_lane[1].i_p2_pop_slice/i_popcount/popcount_q_o[1]_i_14",cell,"LUT5","gen_lane[1].i_p2_pop_slice/i_popcount",0,,0,,0
"i_p2_pop_slice","gen_lane[1].i_p2_pop_slice/i_popcount/popcount_q_o[1]_i_15",cell,"LUT6","gen_lane[1].i_p2_pop_slice/i_popcount",0,,0,,0
"i_p2_pop_slice","gen_lane[1].i_p2_pop_slice/i_popcount/popcount_q_o[1]_i_16",cell,"LUT6","gen_lane[1].i_p2_pop_slice/i_popcount",0,,0,,0
"i_p2_pop_slice","gen_lane[1].i_p2_pop_slice/i_popcount/popcount_q_o[1]_i_18",cell,"LUT6","gen_lane[1].i_p2_pop_slice/i_popcount",0,,0,,0
"i_p2_pop_slice","gen_lane[1].i_p2_pop_slice/i_popcount/popcount_q_o[1]_i_2",cell,"LUT6","gen_lane[1].i_p2_pop_slice/i_popcount",0,,0,,0
"i_p2_pop_slice","gen_lane[1].i_p2_pop_slice/i_popcount/popcount_q_o[1]_i_20",cell,"LUT3","gen_lane[1].i_p2_pop_slice/i_popcount",0,,0,,0
"i_p2_pop_slice","gen_lane[1].i_p2_pop_slice/i_popcount/popcount_q_o[1]_i_22",cell,"LUT3","gen_lane[1].i_p2_pop_slice/i_popcount",0,,0,,0
"i_p2_pop_slice","gen_lane[1].i_p2_pop_slice/i_popcount/popcount_q_o[1]_i_23",cell,"LUT3","gen_lane[1].i_p2_pop_slice/i_popcount",0,,0,,0
"i_p2_pop_slice","gen_lane[1].i_p2_pop_slice/i_popcount/popcount_q_o[1]_i_24",cell,"LUT3","gen_lane[1].i_p2_pop_slice/i_popcount",0,,0,,0
"i_p2_pop_slice","gen_lane[1].i_p2_pop_slice/i_popcount/popcount_q_o[1]_i_25",cell,"LUT6","gen_lane[1].i_p2_pop_slice/i_popcount",0,,0,,0
"i_p2_pop_slice","gen_lane[1].i_p2_pop_slice/i_popcount/popcount_q_o[1]_i_26",cell,"LUT3","gen_lane[1].i_p2_pop_slice/i_popcount",0,,0,,0
"i_p2_pop_slice","gen_lane[1].i_p2_pop_slice/i_popcount/popcount_q_o[1]_i_27",cell,"LUT6","gen_lane[1].i_p2_pop_slice/i_popcount",0,,0,,0
"i_p2_pop_slice","gen_lane[1].i_p2_pop_slice/i_popcount/popcount_q_o[1]_i_28",cell,"LUT6","gen_lane[1].i_p2_pop_slice/i_popcount",0,,0,,0
"i_p2_pop_slice","gen_lane[1].i_p2_pop_slice/i_popcount/popcount_q_o[1]_i_4",cell,"LUT5","gen_lane[1].i_p2_pop_slice/i_popcount",0,,0,,0
"i_p2_pop_slice","gen_lane[1].i_p2_pop_slice/i_popcount/popcount_q_o[1]_i_5",cell,"LUT6","gen_lane[1].i_p2_pop_slice/i_popcount",0,,0,,0
"i_p2_pop_slice","gen_lane[1].i_p2_pop_slice/i_popcount/popcount_q_o[1]_i_6",cell,"LUT5","gen_lane[1].i_p2_pop_slice/i_popcount",0,,0,,0
"i_p2_pop_slice","gen_lane[1].i_p2_pop_slice/i_popcount/popcount_q_o[1]_i_7",cell,"LUT5","gen_lane[1].i_p2_pop_slice/i_popcount",0,,0,,0
"i_p2_pop_slice","gen_lane[1].i_p2_pop_slice/i_popcount/popcount_q_o[1]_i_9",cell,"LUT5","gen_lane[1].i_p2_pop_slice/i_popcount",0,,0,,0
"i_p2_pop_slice","gen_lane[1].i_p2_pop_slice/i_popcount/popcount_q_o[3]_i_10",cell,"LUT3","gen_lane[1].i_p2_pop_slice/i_popcount",0,,0,,0
"i_p2_pop_slice","gen_lane[1].i_p2_pop_slice/i_popcount/popcount_q_o[3]_i_11",cell,"LUT6","gen_lane[1].i_p2_pop_slice/i_popcount",0,,0,,0
"i_p2_pop_slice","gen_lane[1].i_p2_pop_slice/i_popcount/popcount_q_o[3]_i_3",cell,"LUT5","gen_lane[1].i_p2_pop_slice/i_popcount",0,,0,,0
"i_p2_pop_slice","gen_lane[1].i_p2_pop_slice/i_popcount/popcount_q_o[3]_i_4",cell,"LUT5","gen_lane[1].i_p2_pop_slice/i_popcount",0,,0,,0
"i_p2_pop_slice","gen_lane[1].i_p2_pop_slice/i_popcount/popcount_q_o[3]_i_5",cell,"LUT3","gen_lane[1].i_p2_pop_slice/i_popcount",0,,0,,0
"i_p2_pop_slice","gen_lane[1].i_p2_pop_slice/i_popcount/popcount_q_o[3]_i_6",cell,"LUT3","gen_lane[1].i_p2_pop_slice/i_popcount",0,,0,,0
"i_p2_pop_slice","gen_lane[1].i_p2_pop_slice/i_popcount/popcount_q_o[3]_i_7",cell,"LUT5","gen_lane[1].i_p2_pop_slice/i_popcount",0,,0,,0
"i_p2_pop_slice","gen_lane[1].i_p2_pop_slice/i_popcount/popcount_q_o[3]_i_8",cell,"LUT5","gen_lane[1].i_p2_pop_slice/i_popcount",0,,0,,0
"i_p2_pop_slice","gen_lane[1].i_p2_pop_slice/i_popcount/popcount_q_o[3]_i_9",cell,"LUT5","gen_lane[1].i_p2_pop_slice/i_popcount",0,,0,,0
"i_p2_pop_slice","gen_lane[1].i_p2_pop_slice/i_popcount/popcount_q_o[6]_i_10",cell,"LUT3","gen_lane[1].i_p2_pop_slice/i_popcount",0,,0,,0
"i_p2_pop_slice","gen_lane[1].i_p2_pop_slice/i_popcount/popcount_q_o[6]_i_11",cell,"LUT3","gen_lane[1].i_p2_pop_slice/i_popcount",0,,0,,0
"i_p2_pop_slice","gen_lane[1].i_p2_pop_slice/i_popcount/popcount_q_o[6]_i_12",cell,"LUT3","gen_lane[1].i_p2_pop_slice/i_popcount",0,,0,,0
"i_p2_pop_slice","gen_lane[1].i_p2_pop_slice/i_popcount/popcount_q_o[6]_i_13",cell,"LUT6","gen_lane[1].i_p2_pop_slice/i_popcount",0,,0,,0
"i_p2_pop_slice","gen_lane[1].i_p2_pop_slice/i_popcount/popcount_q_o[6]_i_15",cell,"LUT5","gen_lane[1].i_p2_pop_slice/i_popcount",0,,0,,0
"i_p2_pop_slice","gen_lane[1].i_p2_pop_slice/i_popcount/popcount_q_o[6]_i_16",cell,"LUT6","gen_lane[1].i_p2_pop_slice/i_popcount",0,,0,,0
"i_p2_pop_slice","gen_lane[1].i_p2_pop_slice/i_popcount/popcount_q_o[6]_i_17",cell,"LUT6","gen_lane[1].i_p2_pop_slice/i_popcount",0,,0,,0
"i_p2_pop_slice","gen_lane[1].i_p2_pop_slice/i_popcount/popcount_q_o[6]_i_18",cell,"LUT6","gen_lane[1].i_p2_pop_slice/i_popcount",0,,0,,0
"i_p2_pop_slice","gen_lane[1].i_p2_pop_slice/i_popcount/popcount_q_o[6]_i_19",cell,"LUT5","gen_lane[1].i_p2_pop_slice/i_popcount",0,,0,,0
"i_p2_pop_slice","gen_lane[1].i_p2_pop_slice/i_popcount/popcount_q_o[6]_i_2",cell,"LUT5","gen_lane[1].i_p2_pop_slice/i_popcount",0,,0,,0
"i_p2_pop_slice","gen_lane[1].i_p2_pop_slice/i_popcount/popcount_q_o[6]_i_20",cell,"LUT6","gen_lane[1].i_p2_pop_slice/i_popcount",0,,0,,0
"i_p2_pop_slice","gen_lane[1].i_p2_pop_slice/i_popcount/popcount_q_o[6]_i_21",cell,"LUT3","gen_lane[1].i_p2_pop_slice/i_popcount",0,,0,,0
"i_p2_pop_slice","gen_lane[1].i_p2_pop_slice/i_popcount/popcount_q_o[6]_i_22",cell,"LUT3","gen_lane[1].i_p2_pop_slice/i_popcount",0,,0,,0
"i_p2_pop_slice","gen_lane[1].i_p2_pop_slice/i_popcount/popcount_q_o[6]_i_23",cell,"LUT6","gen_lane[1].i_p2_pop_slice/i_popcount",0,,0,,0
"i_p2_pop_slice","gen_lane[1].i_p2_pop_slice/i_popcount/popcount_q_o[6]_i_27",cell,"LUT3","gen_lane[1].i_p2_pop_slice/i_popcount",0,,0,,0
"i_p2_pop_slice","gen_lane[1].i_p2_pop_slice/i_popcount/popcount_q_o[6]_i_3",cell,"LUT6","gen_lane[1].i_p2_pop_slice/i_popcount",0,,0,,0
"i_p2_pop_slice","gen_lane[1].i_p2_pop_slice/i_popcount/popcount_q_o[6]_i_31",cell,"LUT3","gen_lane[1].i_p2_pop_slice/i_popcount",0,,0,,0
"i_p2_pop_slice","gen_lane[1].i_p2_pop_slice/i_popcount/popcount_q_o[6]_i_32",cell,"LUT3","gen_lane[1].i_p2_pop_slice/i_popcount",0,,0,,0
"i_p2_pop_slice","gen_lane[1].i_p2_pop_slice/i_popcount/popcount_q_o[6]_i_33",cell,"LUT3","gen_lane[1].i_p2_pop_slice/i_popcount",0,,0,,0
"i_p2_pop_slice","gen_lane[1].i_p2_pop_slice/i_popcount/popcount_q_o[6]_i_34",cell,"LUT3","gen_lane[1].i_p2_pop_slice/i_popcount",0,,0,,0
"i_p2_pop_slice","gen_lane[1].i_p2_pop_slice/i_popcount/popcount_q_o[6]_i_35",cell,"LUT3","gen_lane[1].i_p2_pop_slice/i_popcount",0,,0,,0
"i_p2_pop_slice","gen_lane[1].i_p2_pop_slice/i_popcount/popcount_q_o[6]_i_36",cell,"LUT3","gen_lane[1].i_p2_pop_slice/i_popcount",0,,0,,0
"i_p2_pop_slice","gen_lane[1].i_p2_pop_slice/i_popcount/popcount_q_o[6]_i_37",cell,"LUT3","gen_lane[1].i_p2_pop_slice/i_popcount",0,,0,,0
"i_p2_pop_slice","gen_lane[1].i_p2_pop_slice/i_popcount/popcount_q_o[6]_i_38",cell,"LUT3","gen_lane[1].i_p2_pop_slice/i_popcount",0,,0,,0
"i_p2_pop_slice","gen_lane[1].i_p2_pop_slice/i_popcount/popcount_q_o[6]_i_39",cell,"LUT6","gen_lane[1].i_p2_pop_slice/i_popcount",0,,0,,0
"i_p2_pop_slice","gen_lane[1].i_p2_pop_slice/i_popcount/popcount_q_o[6]_i_4",cell,"LUT5","gen_lane[1].i_p2_pop_slice/i_popcount",0,,0,,0
"i_p2_pop_slice","gen_lane[1].i_p2_pop_slice/i_popcount/popcount_q_o[6]_i_40",cell,"LUT3","gen_lane[1].i_p2_pop_slice/i_popcount",0,,0,,0
"i_p2_pop_slice","gen_lane[1].i_p2_pop_slice/i_popcount/popcount_q_o[6]_i_41",cell,"LUT6","gen_lane[1].i_p2_pop_slice/i_popcount",0,,0,,0
"i_p2_pop_slice","gen_lane[1].i_p2_pop_slice/i_popcount/popcount_q_o[6]_i_42",cell,"LUT6","gen_lane[1].i_p2_pop_slice/i_popcount",0,,0,,0
"i_p2_pop_slice","gen_lane[1].i_p2_pop_slice/i_popcount/popcount_q_o[6]_i_43",cell,"LUT6","gen_lane[1].i_p2_pop_slice/i_popcount",0,,0,,0
"i_p2_pop_slice","gen_lane[1].i_p2_pop_slice/i_popcount/popcount_q_o[6]_i_46",cell,"LUT6","gen_lane[1].i_p2_pop_slice/i_popcount",0,,0,,0
"i_p2_pop_slice","gen_lane[1].i_p2_pop_slice/i_popcount/popcount_q_o[6]_i_48",cell,"LUT6","gen_lane[1].i_p2_pop_slice/i_popcount",0,,0,,0
"i_p2_pop_slice","gen_lane[1].i_p2_pop_slice/i_popcount/popcount_q_o[6]_i_49",cell,"LUT5","gen_lane[1].i_p2_pop_slice/i_popcount",0,,0,,0
"i_p2_pop_slice","gen_lane[1].i_p2_pop_slice/i_popcount/popcount_q_o[6]_i_5",cell,"LUT2","gen_lane[1].i_p2_pop_slice/i_popcount",0,,0,,0
"i_p2_pop_slice","gen_lane[1].i_p2_pop_slice/i_popcount/popcount_q_o[6]_i_50",cell,"LUT5","gen_lane[1].i_p2_pop_slice/i_popcount",0,,0,,0
"i_p2_pop_slice","gen_lane[1].i_p2_pop_slice/i_popcount/popcount_q_o[6]_i_51",cell,"LUT3","gen_lane[1].i_p2_pop_slice/i_popcount",0,,0,,0
"i_p2_pop_slice","gen_lane[1].i_p2_pop_slice/i_popcount/popcount_q_o[6]_i_52",cell,"LUT3","gen_lane[1].i_p2_pop_slice/i_popcount",0,,0,,0
"i_p2_pop_slice","gen_lane[1].i_p2_pop_slice/i_popcount/popcount_q_o[6]_i_53",cell,"LUT3","gen_lane[1].i_p2_pop_slice/i_popcount",0,,0,,0
"i_p2_pop_slice","gen_lane[1].i_p2_pop_slice/i_popcount/popcount_q_o[6]_i_54",cell,"LUT3","gen_lane[1].i_p2_pop_slice/i_popcount",0,,0,,0
"i_p2_pop_slice","gen_lane[1].i_p2_pop_slice/i_popcount/popcount_q_o[6]_i_55",cell,"LUT3","gen_lane[1].i_p2_pop_slice/i_popcount",0,,0,,0
"i_p2_pop_slice","gen_lane[1].i_p2_pop_slice/i_popcount/popcount_q_o[6]_i_56",cell,"LUT3","gen_lane[1].i_p2_pop_slice/i_popcount",0,,0,,0
"i_p2_pop_slice","gen_lane[1].i_p2_pop_slice/i_popcount/popcount_q_o[6]_i_7",cell,"LUT6","gen_lane[1].i_p2_pop_slice/i_popcount",0,,0,,0
"i_p2_pop_slice","gen_lane[1].i_p2_pop_slice/i_popcount/popcount_q_o[6]_i_8",cell,"LUT5","gen_lane[1].i_p2_pop_slice/i_popcount",0,,0,,0
"i_p2_pop_slice","gen_lane[1].i_p2_pop_slice/i_popcount/popcount_q_o[6]_i_9",cell,"LUT6","gen_lane[1].i_p2_pop_slice/i_popcount",0,,0,,0
"i_p2_pop_slice","gen_lane[1].i_p2_pop_slice/lane_result_q[1][63]_i_1",cell,"LUT6","gen_lane[1].i_p2_pop_slice",0,,0,,0
"i_p2_pop_slice","gen_lane[1].i_p2_pop_slice/pop_q_reg",cell,"FDCE","gen_lane[1].i_p2_pop_slice",0,,0,,0
"i_p2_pop_slice","gen_lane[1].i_p2_pop_slice/popcount_q_o_reg[0]",cell,"FDCE","gen_lane[1].i_p2_pop_slice",0,,0,,0
"i_p2_pop_slice","gen_lane[1].i_p2_pop_slice/popcount_q_o_reg[1]",cell,"FDCE","gen_lane[1].i_p2_pop_slice",0,,0,,0
"i_p2_pop_slice","gen_lane[1].i_p2_pop_slice/popcount_q_o_reg[2]",cell,"FDCE","gen_lane[1].i_p2_pop_slice",0,,0,,0
"i_p2_pop_slice","gen_lane[1].i_p2_pop_slice/popcount_q_o_reg[3]",cell,"FDCE","gen_lane[1].i_p2_pop_slice",0,,0,,0
"i_p2_pop_slice","gen_lane[1].i_p2_pop_slice/popcount_q_o_reg[4]",cell,"FDCE","gen_lane[1].i_p2_pop_slice",0,,0,,0
"i_p2_pop_slice","gen_lane[1].i_p2_pop_slice/popcount_q_o_reg[5]",cell,"FDCE","gen_lane[1].i_p2_pop_slice",0,,0,,0
"i_p2_pop_slice","gen_lane[1].i_p2_pop_slice/popcount_q_o_reg[6]",cell,"FDCE","gen_lane[1].i_p2_pop_slice",0,,0,,0
"i_p2_pop_slice","gen_lane[1].i_p2_pop_slice/xor_q_reg",cell,"FDCE","gen_lane[1].i_p2_pop_slice",0,,0,,0
"i_p2_pop_slice","gen_lane[2].i_p2_pop_slice",cell,"hdec_p2_pop_slice_1",".",0,,0,,0
"i_p2_pop_slice","gen_lane[2].i_p2_pop_slice/GND",cell,"GND","gen_lane[2].i_p2_pop_slice",0,,0,,0
"i_p2_pop_slice","gen_lane[2].i_p2_pop_slice/VCC",cell,"VCC","gen_lane[2].i_p2_pop_slice",0,,0,,0
"i_p2_pop_slice","gen_lane[2].i_p2_pop_slice/hmatch_candidate_dist_q[0]_i_1",cell,"LUT2","gen_lane[2].i_p2_pop_slice",0,,0,,0
"i_p2_pop_slice","gen_lane[2].i_p2_pop_slice/hmatch_candidate_dist_q[10]_i_3",cell,"LUT2","gen_lane[2].i_p2_pop_slice",0,,0,,0
"i_p2_pop_slice","gen_lane[2].i_p2_pop_slice/hmatch_candidate_dist_q[1]_i_1",cell,"LUT2","gen_lane[2].i_p2_pop_slice",0,,0,,0
"i_p2_pop_slice","gen_lane[2].i_p2_pop_slice/hmatch_candidate_dist_q[2]_i_1",cell,"LUT2","gen_lane[2].i_p2_pop_slice",0,,0,,0
"i_p2_pop_slice","gen_lane[2].i_p2_pop_slice/hmatch_candidate_dist_q[3]_i_1",cell,"LUT2","gen_lane[2].i_p2_pop_slice",0,,0,,0
"i_p2_pop_slice","gen_lane[2].i_p2_pop_slice/hmatch_candidate_dist_q[4]_i_1",cell,"LUT2","gen_lane[2].i_p2_pop_slice",0,,0,,0
"i_p2_pop_slice","gen_lane[2].i_p2_pop_slice/hmatch_candidate_dist_q[5]_i_1",cell,"LUT2","gen_lane[2].i_p2_pop_slice",0,,0,,0
"i_p2_pop_slice","gen_lane[2].i_p2_pop_slice/hmatch_candidate_dist_q[6]_i_1",cell,"LUT2","gen_lane[2].i_p2_pop_slice",0,,0,,0
"i_p2_pop_slice","gen_lane[2].i_p2_pop_slice/hmatch_candidate_dist_q[7]_i_1",cell,"LUT2","gen_lane[2].i_p2_pop_slice",0,,0,,0
"i_p2_pop_slice","gen_lane[2].i_p2_pop_slice/hmatch_update_q_i_10",cell,"LUT4","gen_lane[2].i_p2_pop_slice",0,,0,,0
"i_p2_pop_slice","gen_lane[2].i_p2_pop_slice/hmatch_update_q_i_11",cell,"LUT4","gen_lane[2].i_p2_pop_slice",0,,0,,0
"i_p2_pop_slice","gen_lane[2].i_p2_pop_slice/hmatch_update_q_i_12",cell,"LUT4","gen_lane[2].i_p2_pop_slice",0,,0,,0
"i_p2_pop_slice","gen_lane[2].i_p2_pop_slice/hmatch_update_q_i_13",cell,"LUT4","gen_lane[2].i_p2_pop_slice",0,,0,,0
"i_p2_pop_slice","gen_lane[2].i_p2_pop_slice/hmatch_update_q_i_14",cell,"LUT4","gen_lane[2].i_p2_pop_slice",0,,0,,0
"i_p2_pop_slice","gen_lane[2].i_p2_pop_slice/hmatch_update_q_i_15",cell,"LUT4","gen_lane[2].i_p2_pop_slice",0,,0,,0
"i_p2_pop_slice","gen_lane[2].i_p2_pop_slice/hmatch_update_q_i_16",cell,"LUT4","gen_lane[2].i_p2_pop_slice",0,,0,,0
"i_p2_pop_slice","gen_lane[2].i_p2_pop_slice/hmatch_update_q_i_17",cell,"LUT4","gen_lane[2].i_p2_pop_slice",0,,0,,0
"i_p2_pop_slice","gen_lane[2].i_p2_pop_slice/hmatch_update_q_reg_i_4",cell,"CARRY4","gen_lane[2].i_p2_pop_slice",0,,0,,0
"i_p2_pop_slice","gen_lane[2].i_p2_pop_slice/hsim_total_q[0]_i_1",cell,"LUT2","gen_lane[2].i_p2_pop_slice",0,,0,,0
"i_p2_pop_slice","gen_lane[2].i_p2_pop_slice/hsim_total_q[10]_i_5",cell,"LUT6","gen_lane[2].i_p2_pop_slice",0,,0,,0
"i_p2_pop_slice","gen_lane[2].i_p2_pop_slice/hsim_total_q[1]_i_1",cell,"LUT2","gen_lane[2].i_p2_pop_slice",0,,0,,0
"i_p2_pop_slice","gen_lane[2].i_p2_pop_slice/hsim_total_q[2]_i_1",cell,"LUT2","gen_lane[2].i_p2_pop_slice",0,,0,,0
"i_p2_pop_slice","gen_lane[2].i_p2_pop_slice/hsim_total_q[3]_i_1",cell,"LUT2","gen_lane[2].i_p2_pop_slice",0,,0,,0
"i_p2_pop_slice","gen_lane[2].i_p2_pop_slice/hsim_total_q[3]_i_3",cell,"LUT3","gen_lane[2].i_p2_pop_slice",0,,0,,0
"i_p2_pop_slice","gen_lane[2].i_p2_pop_slice/hsim_total_q[3]_i_4",cell,"LUT3","gen_lane[2].i_p2_pop_slice",0,,0,,0
"i_p2_pop_slice","gen_lane[2].i_p2_pop_slice/hsim_total_q[3]_i_5",cell,"LUT3","gen_lane[2].i_p2_pop_slice",0,,0,,0
"i_p2_pop_slice","gen_lane[2].i_p2_pop_slice/hsim_total_q[3]_i_8",cell,"LUT4","gen_lane[2].i_p2_pop_slice",0,,0,,0
"i_p2_pop_slice","gen_lane[2].i_p2_pop_slice/hsim_total_q[3]_i_9",cell,"LUT3","gen_lane[2].i_p2_pop_slice",0,,0,,0
"i_p2_pop_slice","gen_lane[2].i_p2_pop_slice/hsim_total_q[4]_i_1",cell,"LUT2","gen_lane[2].i_p2_pop_slice",0,,0,,0
"i_p2_pop_slice","gen_lane[2].i_p2_pop_slice/hsim_total_q[5]_i_1",cell,"LUT2","gen_lane[2].i_p2_pop_slice",0,,0,,0
"i_p2_pop_slice","gen_lane[2].i_p2_pop_slice/hsim_total_q[6]_i_1",cell,"LUT2","gen_lane[2].i_p2_pop_slice",0,,0,,0
"i_p2_pop_slice","gen_lane[2].i_p2_pop_slice/hsim_total_q[7]_i_1",cell,"LUT2","gen_lane[2].i_p2_pop_slice",0,,0,,0
"i_p2_pop_slice","gen_lane[2].i_p2_pop_slice/hsim_total_q[7]_i_4",cell,"LUT3","gen_lane[2].i_p2_pop_slice",0,,0,,0
"i_p2_pop_slice","gen_lane[2].i_p2_pop_slice/hsim_total_q[7]_i_5",cell,"LUT3","gen_lane[2].i_p2_pop_slice",0,,0,,0
"i_p2_pop_slice","gen_lane[2].i_p2_pop_slice/hsim_total_q[7]_i_6",cell,"LUT3","gen_lane[2].i_p2_pop_slice",0,,0,,0
"i_p2_pop_slice","gen_lane[2].i_p2_pop_slice/hsim_total_q_reg[3]_i_2",cell,"CARRY4","gen_lane[2].i_p2_pop_slice",0,,0,,0
"i_p2_pop_slice","gen_lane[2].i_p2_pop_slice/hsim_total_q_reg[7]_i_2",cell,"CARRY4","gen_lane[2].i_p2_pop_slice",0,,0,,0
"i_p2_pop_slice","gen_lane[2].i_p2_pop_slice/i_popcount",cell,"hdec_lane_popcount_compressor_3","gen_lane[2].i_p2_pop_slice",0,,0,,0
"i_p2_pop_slice","gen_lane[2].i_p2_pop_slice/i_popcount/popcount_q_o[0]_i_11",cell,"LUT3","gen_lane[2].i_p2_pop_slice/i_popcount",0,,0,,0
"i_p2_pop_slice","gen_lane[2].i_p2_pop_slice/i_popcount/popcount_q_o[0]_i_12",cell,"LUT3","gen_lane[2].i_p2_pop_slice/i_popcount",0,,0,,0
"i_p2_pop_slice","gen_lane[2].i_p2_pop_slice/i_popcount/popcount_q_o[0]_i_16",cell,"LUT3","gen_lane[2].i_p2_pop_slice/i_popcount",0,,0,,0
"i_p2_pop_slice","gen_lane[2].i_p2_pop_slice/i_popcount/popcount_q_o[0]_i_17",cell,"LUT3","gen_lane[2].i_p2_pop_slice/i_popcount",0,,0,,0
"i_p2_pop_slice","gen_lane[2].i_p2_pop_slice/i_popcount/popcount_q_o[0]_i_2",cell,"LUT5","gen_lane[2].i_p2_pop_slice/i_popcount",0,,0,,0
"i_p2_pop_slice","gen_lane[2].i_p2_pop_slice/i_popcount/popcount_q_o[0]_i_21",cell,"LUT3","gen_lane[2].i_p2_pop_slice/i_popcount",0,,0,,0
"i_p2_pop_slice","gen_lane[2].i_p2_pop_slice/i_popcount/popcount_q_o[0]_i_22",cell,"LUT3","gen_lane[2].i_p2_pop_slice/i_popcount",0,,0,,0
"i_p2_pop_slice","gen_lane[2].i_p2_pop_slice/i_popcount/popcount_q_o[0]_i_27",cell,"LUT3","gen_lane[2].i_p2_pop_slice/i_popcount",0,,0,,0
"i_p2_pop_slice","gen_lane[2].i_p2_pop_slice/i_popcount/popcount_q_o[0]_i_3",cell,"LUT5","gen_lane[2].i_p2_pop_slice/i_popcount",0,,0,,0
"i_p2_pop_slice","gen_lane[2].i_p2_pop_slice/i_popcount/popcount_q_o[0]_i_4",cell,"LUT5","gen_lane[2].i_p2_pop_slice/i_popcount",0,,0,,0
"i_p2_pop_slice","gen_lane[2].i_p2_pop_slice/i_popcount/popcount_q_o[0]_i_5",cell,"LUT5","gen_lane[2].i_p2_pop_slice/i_popcount",0,,0,,0
"i_p2_pop_slice","gen_lane[2].i_p2_pop_slice/i_popcount/popcount_q_o[1]_i_10",cell,"LUT6","gen_lane[2].i_p2_pop_slice/i_popcount",0,,0,,0
"i_p2_pop_slice","gen_lane[2].i_p2_pop_slice/i_popcount/popcount_q_o[1]_i_11",cell,"LUT5","gen_lane[2].i_p2_pop_slice/i_popcount",0,,0,,0
"i_p2_pop_slice","gen_lane[2].i_p2_pop_slice/i_popcount/popcount_q_o[1]_i_14",cell,"LUT5","gen_lane[2].i_p2_pop_slice/i_popcount",0,,0,,0
"i_p2_pop_slice","gen_lane[2].i_p2_pop_slice/i_popcount/popcount_q_o[1]_i_15",cell,"LUT6","gen_lane[2].i_p2_pop_slice/i_popcount",0,,0,,0
"i_p2_pop_slice","gen_lane[2].i_p2_pop_slice/i_popcount/popcount_q_o[1]_i_16",cell,"LUT6","gen_lane[2].i_p2_pop_slice/i_popcount",0,,0,,0
"i_p2_pop_slice","gen_lane[2].i_p2_pop_slice/i_popcount/popcount_q_o[1]_i_18",cell,"LUT6","gen_lane[2].i_p2_pop_slice/i_popcount",0,,0,,0
"i_p2_pop_slice","gen_lane[2].i_p2_pop_slice/i_popcount/popcount_q_o[1]_i_2",cell,"LUT6","gen_lane[2].i_p2_pop_slice/i_popcount",0,,0,,0
"i_p2_pop_slice","gen_lane[2].i_p2_pop_slice/i_popcount/popcount_q_o[1]_i_20",cell,"LUT3","gen_lane[2].i_p2_pop_slice/i_popcount",0,,0,,0
"i_p2_pop_slice","gen_lane[2].i_p2_pop_slice/i_popcount/popcount_q_o[1]_i_22",cell,"LUT3","gen_lane[2].i_p2_pop_slice/i_popcount",0,,0,,0
"i_p2_pop_slice","gen_lane[2].i_p2_pop_slice/i_popcount/popcount_q_o[1]_i_23",cell,"LUT3","gen_lane[2].i_p2_pop_slice/i_popcount",0,,0,,0
"i_p2_pop_slice","gen_lane[2].i_p2_pop_slice/i_popcount/popcount_q_o[1]_i_24",cell,"LUT3","gen_lane[2].i_p2_pop_slice/i_popcount",0,,0,,0
"i_p2_pop_slice","gen_lane[2].i_p2_pop_slice/i_popcount/popcount_q_o[1]_i_25",cell,"LUT6","gen_lane[2].i_p2_pop_slice/i_popcount",0,,0,,0
"i_p2_pop_slice","gen_lane[2].i_p2_pop_slice/i_popcount/popcount_q_o[1]_i_26",cell,"LUT3","gen_lane[2].i_p2_pop_slice/i_popcount",0,,0,,0
"i_p2_pop_slice","gen_lane[2].i_p2_pop_slice/i_popcount/popcount_q_o[1]_i_27",cell,"LUT6","gen_lane[2].i_p2_pop_slice/i_popcount",0,,0,,0
"i_p2_pop_slice","gen_lane[2].i_p2_pop_slice/i_popcount/popcount_q_o[1]_i_28",cell,"LUT6","gen_lane[2].i_p2_pop_slice/i_popcount",0,,0,,0
"i_p2_pop_slice","gen_lane[2].i_p2_pop_slice/i_popcount/popcount_q_o[1]_i_4",cell,"LUT5","gen_lane[2].i_p2_pop_slice/i_popcount",0,,0,,0
"i_p2_pop_slice","gen_lane[2].i_p2_pop_slice/i_popcount/popcount_q_o[1]_i_5",cell,"LUT6","gen_lane[2].i_p2_pop_slice/i_popcount",0,,0,,0
"i_p2_pop_slice","gen_lane[2].i_p2_pop_slice/i_popcount/popcount_q_o[1]_i_6",cell,"LUT5","gen_lane[2].i_p2_pop_slice/i_popcount",0,,0,,0
"i_p2_pop_slice","gen_lane[2].i_p2_pop_slice/i_popcount/popcount_q_o[1]_i_7",cell,"LUT5","gen_lane[2].i_p2_pop_slice/i_popcount",0,,0,,0
"i_p2_pop_slice","gen_lane[2].i_p2_pop_slice/i_popcount/popcount_q_o[1]_i_9",cell,"LUT5","gen_lane[2].i_p2_pop_slice/i_popcount",0,,0,,0
"i_p2_pop_slice","gen_lane[2].i_p2_pop_slice/i_popcount/popcount_q_o[3]_i_10",cell,"LUT3","gen_lane[2].i_p2_pop_slice/i_popcount",0,,0,,0
"i_p2_pop_slice","gen_lane[2].i_p2_pop_slice/i_popcount/popcount_q_o[3]_i_11",cell,"LUT6","gen_lane[2].i_p2_pop_slice/i_popcount",0,,0,,0
"i_p2_pop_slice","gen_lane[2].i_p2_pop_slice/i_popcount/popcount_q_o[3]_i_3",cell,"LUT5","gen_lane[2].i_p2_pop_slice/i_popcount",0,,0,,0
"i_p2_pop_slice","gen_lane[2].i_p2_pop_slice/i_popcount/popcount_q_o[3]_i_4",cell,"LUT5","gen_lane[2].i_p2_pop_slice/i_popcount",0,,0,,0
"i_p2_pop_slice","gen_lane[2].i_p2_pop_slice/i_popcount/popcount_q_o[3]_i_5",cell,"LUT3","gen_lane[2].i_p2_pop_slice/i_popcount",0,,0,,0
"i_p2_pop_slice","gen_lane[2].i_p2_pop_slice/i_popcount/popcount_q_o[3]_i_6",cell,"LUT3","gen_lane[2].i_p2_pop_slice/i_popcount",0,,0,,0
"i_p2_pop_slice","gen_lane[2].i_p2_pop_slice/i_popcount/popcount_q_o[3]_i_7",cell,"LUT5","gen_lane[2].i_p2_pop_slice/i_popcount",0,,0,,0
"i_p2_pop_slice","gen_lane[2].i_p2_pop_slice/i_popcount/popcount_q_o[3]_i_8",cell,"LUT5","gen_lane[2].i_p2_pop_slice/i_popcount",0,,0,,0
"i_p2_pop_slice","gen_lane[2].i_p2_pop_slice/i_popcount/popcount_q_o[3]_i_9",cell,"LUT5","gen_lane[2].i_p2_pop_slice/i_popcount",0,,0,,0
"i_p2_pop_slice","gen_lane[2].i_p2_pop_slice/i_popcount/popcount_q_o[6]_i_10",cell,"LUT3","gen_lane[2].i_p2_pop_slice/i_popcount",0,,0,,0
"i_p2_pop_slice","gen_lane[2].i_p2_pop_slice/i_popcount/popcount_q_o[6]_i_11",cell,"LUT3","gen_lane[2].i_p2_pop_slice/i_popcount",0,,0,,0
"i_p2_pop_slice","gen_lane[2].i_p2_pop_slice/i_popcount/popcount_q_o[6]_i_12",cell,"LUT3","gen_lane[2].i_p2_pop_slice/i_popcount",0,,0,,0
"i_p2_pop_slice","gen_lane[2].i_p2_pop_slice/i_popcount/popcount_q_o[6]_i_13",cell,"LUT6","gen_lane[2].i_p2_pop_slice/i_popcount",0,,0,,0
"i_p2_pop_slice","gen_lane[2].i_p2_pop_slice/i_popcount/popcount_q_o[6]_i_15",cell,"LUT5","gen_lane[2].i_p2_pop_slice/i_popcount",0,,0,,0
"i_p2_pop_slice","gen_lane[2].i_p2_pop_slice/i_popcount/popcount_q_o[6]_i_16",cell,"LUT6","gen_lane[2].i_p2_pop_slice/i_popcount",0,,0,,0
"i_p2_pop_slice","gen_lane[2].i_p2_pop_slice/i_popcount/popcount_q_o[6]_i_17",cell,"LUT6","gen_lane[2].i_p2_pop_slice/i_popcount",0,,0,,0
"i_p2_pop_slice","gen_lane[2].i_p2_pop_slice/i_popcount/popcount_q_o[6]_i_18",cell,"LUT6","gen_lane[2].i_p2_pop_slice/i_popcount",0,,0,,0
"i_p2_pop_slice","gen_lane[2].i_p2_pop_slice/i_popcount/popcount_q_o[6]_i_19",cell,"LUT5","gen_lane[2].i_p2_pop_slice/i_popcount",0,,0,,0
"i_p2_pop_slice","gen_lane[2].i_p2_pop_slice/i_popcount/popcount_q_o[6]_i_2",cell,"LUT5","gen_lane[2].i_p2_pop_slice/i_popcount",0,,0,,0
"i_p2_pop_slice","gen_lane[2].i_p2_pop_slice/i_popcount/popcount_q_o[6]_i_20",cell,"LUT6","gen_lane[2].i_p2_pop_slice/i_popcount",0,,0,,0
"i_p2_pop_slice","gen_lane[2].i_p2_pop_slice/i_popcount/popcount_q_o[6]_i_21",cell,"LUT3","gen_lane[2].i_p2_pop_slice/i_popcount",0,,0,,0
"i_p2_pop_slice","gen_lane[2].i_p2_pop_slice/i_popcount/popcount_q_o[6]_i_22",cell,"LUT3","gen_lane[2].i_p2_pop_slice/i_popcount",0,,0,,0
"i_p2_pop_slice","gen_lane[2].i_p2_pop_slice/i_popcount/popcount_q_o[6]_i_23",cell,"LUT6","gen_lane[2].i_p2_pop_slice/i_popcount",0,,0,,0
"i_p2_pop_slice","gen_lane[2].i_p2_pop_slice/i_popcount/popcount_q_o[6]_i_27",cell,"LUT3","gen_lane[2].i_p2_pop_slice/i_popcount",0,,0,,0
"i_p2_pop_slice","gen_lane[2].i_p2_pop_slice/i_popcount/popcount_q_o[6]_i_3",cell,"LUT6","gen_lane[2].i_p2_pop_slice/i_popcount",0,,0,,0
"i_p2_pop_slice","gen_lane[2].i_p2_pop_slice/i_popcount/popcount_q_o[6]_i_31",cell,"LUT3","gen_lane[2].i_p2_pop_slice/i_popcount",0,,0,,0
"i_p2_pop_slice","gen_lane[2].i_p2_pop_slice/i_popcount/popcount_q_o[6]_i_32",cell,"LUT3","gen_lane[2].i_p2_pop_slice/i_popcount",0,,0,,0
"i_p2_pop_slice","gen_lane[2].i_p2_pop_slice/i_popcount/popcount_q_o[6]_i_33",cell,"LUT3","gen_lane[2].i_p2_pop_slice/i_popcount",0,,0,,0
"i_p2_pop_slice","gen_lane[2].i_p2_pop_slice/i_popcount/popcount_q_o[6]_i_34",cell,"LUT3","gen_lane[2].i_p2_pop_slice/i_popcount",0,,0,,0
"i_p2_pop_slice","gen_lane[2].i_p2_pop_slice/i_popcount/popcount_q_o[6]_i_35",cell,"LUT3","gen_lane[2].i_p2_pop_slice/i_popcount",0,,0,,0
"i_p2_pop_slice","gen_lane[2].i_p2_pop_slice/i_popcount/popcount_q_o[6]_i_36",cell,"LUT3","gen_lane[2].i_p2_pop_slice/i_popcount",0,,0,,0
"i_p2_pop_slice","gen_lane[2].i_p2_pop_slice/i_popcount/popcount_q_o[6]_i_37",cell,"LUT3","gen_lane[2].i_p2_pop_slice/i_popcount",0,,0,,0
"i_p2_pop_slice","gen_lane[2].i_p2_pop_slice/i_popcount/popcount_q_o[6]_i_38",cell,"LUT3","gen_lane[2].i_p2_pop_slice/i_popcount",0,,0,,0
"i_p2_pop_slice","gen_lane[2].i_p2_pop_slice/i_popcount/popcount_q_o[6]_i_39",cell,"LUT6","gen_lane[2].i_p2_pop_slice/i_popcount",0,,0,,0
"i_p2_pop_slice","gen_lane[2].i_p2_pop_slice/i_popcount/popcount_q_o[6]_i_4",cell,"LUT5","gen_lane[2].i_p2_pop_slice/i_popcount",0,,0,,0
"i_p2_pop_slice","gen_lane[2].i_p2_pop_slice/i_popcount/popcount_q_o[6]_i_40",cell,"LUT3","gen_lane[2].i_p2_pop_slice/i_popcount",0,,0,,0
"i_p2_pop_slice","gen_lane[2].i_p2_pop_slice/i_popcount/popcount_q_o[6]_i_41",cell,"LUT6","gen_lane[2].i_p2_pop_slice/i_popcount",0,,0,,0
"i_p2_pop_slice","gen_lane[2].i_p2_pop_slice/i_popcount/popcount_q_o[6]_i_42",cell,"LUT6","gen_lane[2].i_p2_pop_slice/i_popcount",0,,0,,0
"i_p2_pop_slice","gen_lane[2].i_p2_pop_slice/i_popcount/popcount_q_o[6]_i_43",cell,"LUT6","gen_lane[2].i_p2_pop_slice/i_popcount",0,,0,,0
"i_p2_pop_slice","gen_lane[2].i_p2_pop_slice/i_popcount/popcount_q_o[6]_i_46",cell,"LUT6","gen_lane[2].i_p2_pop_slice/i_popcount",0,,0,,0
"i_p2_pop_slice","gen_lane[2].i_p2_pop_slice/i_popcount/popcount_q_o[6]_i_48",cell,"LUT6","gen_lane[2].i_p2_pop_slice/i_popcount",0,,0,,0
"i_p2_pop_slice","gen_lane[2].i_p2_pop_slice/i_popcount/popcount_q_o[6]_i_49",cell,"LUT5","gen_lane[2].i_p2_pop_slice/i_popcount",0,,0,,0
"i_p2_pop_slice","gen_lane[2].i_p2_pop_slice/i_popcount/popcount_q_o[6]_i_5",cell,"LUT2","gen_lane[2].i_p2_pop_slice/i_popcount",0,,0,,0
"i_p2_pop_slice","gen_lane[2].i_p2_pop_slice/i_popcount/popcount_q_o[6]_i_50",cell,"LUT5","gen_lane[2].i_p2_pop_slice/i_popcount",0,,0,,0
"i_p2_pop_slice","gen_lane[2].i_p2_pop_slice/i_popcount/popcount_q_o[6]_i_51",cell,"LUT3","gen_lane[2].i_p2_pop_slice/i_popcount",0,,0,,0
"i_p2_pop_slice","gen_lane[2].i_p2_pop_slice/i_popcount/popcount_q_o[6]_i_52",cell,"LUT3","gen_lane[2].i_p2_pop_slice/i_popcount",0,,0,,0
"i_p2_pop_slice","gen_lane[2].i_p2_pop_slice/i_popcount/popcount_q_o[6]_i_53",cell,"LUT3","gen_lane[2].i_p2_pop_slice/i_popcount",0,,0,,0
"i_p2_pop_slice","gen_lane[2].i_p2_pop_slice/i_popcount/popcount_q_o[6]_i_54",cell,"LUT3","gen_lane[2].i_p2_pop_slice/i_popcount",0,,0,,0
"i_p2_pop_slice","gen_lane[2].i_p2_pop_slice/i_popcount/popcount_q_o[6]_i_55",cell,"LUT3","gen_lane[2].i_p2_pop_slice/i_popcount",0,,0,,0
"i_p2_pop_slice","gen_lane[2].i_p2_pop_slice/i_popcount/popcount_q_o[6]_i_56",cell,"LUT3","gen_lane[2].i_p2_pop_slice/i_popcount",0,,0,,0
"i_p2_pop_slice","gen_lane[2].i_p2_pop_slice/i_popcount/popcount_q_o[6]_i_7",cell,"LUT6","gen_lane[2].i_p2_pop_slice/i_popcount",0,,0,,0
"i_p2_pop_slice","gen_lane[2].i_p2_pop_slice/i_popcount/popcount_q_o[6]_i_8",cell,"LUT5","gen_lane[2].i_p2_pop_slice/i_popcount",0,,0,,0
"i_p2_pop_slice","gen_lane[2].i_p2_pop_slice/i_popcount/popcount_q_o[6]_i_9",cell,"LUT6","gen_lane[2].i_p2_pop_slice/i_popcount",0,,0,,0
"i_p2_pop_slice","gen_lane[2].i_p2_pop_slice/lane_result_q[2][63]_i_1",cell,"LUT6","gen_lane[2].i_p2_pop_slice",0,,0,,0
"i_p2_pop_slice","gen_lane[2].i_p2_pop_slice/pop_q_reg",cell,"FDCE","gen_lane[2].i_p2_pop_slice",0,,0,,0
"i_p2_pop_slice","gen_lane[2].i_p2_pop_slice/popcount_q_o_reg[0]",cell,"FDCE","gen_lane[2].i_p2_pop_slice",0,,0,,0
"i_p2_pop_slice","gen_lane[2].i_p2_pop_slice/popcount_q_o_reg[1]",cell,"FDCE","gen_lane[2].i_p2_pop_slice",0,,0,,0
"i_p2_pop_slice","gen_lane[2].i_p2_pop_slice/popcount_q_o_reg[2]",cell,"FDCE","gen_lane[2].i_p2_pop_slice",0,,0,,0
"i_p2_pop_slice","gen_lane[2].i_p2_pop_slice/popcount_q_o_reg[3]",cell,"FDCE","gen_lane[2].i_p2_pop_slice",0,,0,,0
"i_p2_pop_slice","gen_lane[2].i_p2_pop_slice/popcount_q_o_reg[4]",cell,"FDCE","gen_lane[2].i_p2_pop_slice",0,,0,,0
"i_p2_pop_slice","gen_lane[2].i_p2_pop_slice/popcount_q_o_reg[5]",cell,"FDCE","gen_lane[2].i_p2_pop_slice",0,,0,,0
"i_p2_pop_slice","gen_lane[2].i_p2_pop_slice/popcount_q_o_reg[6]",cell,"FDCE","gen_lane[2].i_p2_pop_slice",0,,0,,0
"i_p2_pop_slice","gen_lane[2].i_p2_pop_slice/xor_q_reg",cell,"FDCE","gen_lane[2].i_p2_pop_slice",0,,0,,0
"i_p2_pop_slice","gen_lane[3].i_p2_pop_slice",cell,"hdec_p2_pop_slice_2",".",0,,0,,0
"i_p2_pop_slice","gen_lane[3].i_p2_pop_slice/VCC",cell,"VCC","gen_lane[3].i_p2_pop_slice",0,,0,,0
"i_p2_pop_slice","gen_lane[3].i_p2_pop_slice/hsim_total_q[7]_i_12",cell,"LUT3","gen_lane[3].i_p2_pop_slice",0,,0,,0
"i_p2_pop_slice","gen_lane[3].i_p2_pop_slice/hsim_total_q[7]_i_13",cell,"LUT3","gen_lane[3].i_p2_pop_slice",0,,0,,0
"i_p2_pop_slice","gen_lane[3].i_p2_pop_slice/hsim_total_q[7]_i_14",cell,"LUT3","gen_lane[3].i_p2_pop_slice",0,,0,,0
"i_p2_pop_slice","gen_lane[3].i_p2_pop_slice/hsim_total_q[7]_i_16",cell,"LUT4","gen_lane[3].i_p2_pop_slice",0,,0,,0
"i_p2_pop_slice","gen_lane[3].i_p2_pop_slice/hsim_total_q[7]_i_19",cell,"LUT3","gen_lane[3].i_p2_pop_slice",0,,0,,0
"i_p2_pop_slice","gen_lane[3].i_p2_pop_slice/hsim_total_q[7]_i_20",cell,"LUT3","gen_lane[3].i_p2_pop_slice",0,,0,,0
"i_p2_pop_slice","gen_lane[3].i_p2_pop_slice/hsim_total_q[7]_i_21",cell,"LUT3","gen_lane[3].i_p2_pop_slice",0,,0,,0
"i_p2_pop_slice","gen_lane[3].i_p2_pop_slice/i_popcount",cell,"hdec_lane_popcount_compressor","gen_lane[3].i_p2_pop_slice",0,,0,,0
"i_p2_pop_slice","gen_lane[3].i_p2_pop_slice/i_popcount/popcount_q_o[0]_i_11",cell,"LUT3","gen_lane[3].i_p2_pop_slice/i_popcount",0,,0,,0
"i_p2_pop_slice","gen_lane[3].i_p2_pop_slice/i_popcount/popcount_q_o[0]_i_12",cell,"LUT3","gen_lane[3].i_p2_pop_slice/i_popcount",0,,0,,0
"i_p2_pop_slice","gen_lane[3].i_p2_pop_slice/i_popcount/popcount_q_o[0]_i_16",cell,"LUT3","gen_lane[3].i_p2_pop_slice/i_popcount",0,,0,,0
"i_p2_pop_slice","gen_lane[3].i_p2_pop_slice/i_popcount/popcount_q_o[0]_i_17",cell,"LUT3","gen_lane[3].i_p2_pop_slice/i_popcount",0,,0,,0
"i_p2_pop_slice","gen_lane[3].i_p2_pop_slice/i_popcount/popcount_q_o[0]_i_2",cell,"LUT5","gen_lane[3].i_p2_pop_slice/i_popcount",0,,0,,0
"i_p2_pop_slice","gen_lane[3].i_p2_pop_slice/i_popcount/popcount_q_o[0]_i_21",cell,"LUT3","gen_lane[3].i_p2_pop_slice/i_popcount",0,,0,,0
"i_p2_pop_slice","gen_lane[3].i_p2_pop_slice/i_popcount/popcount_q_o[0]_i_22",cell,"LUT3","gen_lane[3].i_p2_pop_slice/i_popcount",0,,0,,0
"i_p2_pop_slice","gen_lane[3].i_p2_pop_slice/i_popcount/popcount_q_o[0]_i_27",cell,"LUT3","gen_lane[3].i_p2_pop_slice/i_popcount",0,,0,,0
"i_p2_pop_slice","gen_lane[3].i_p2_pop_slice/i_popcount/popcount_q_o[0]_i_3",cell,"LUT5","gen_lane[3].i_p2_pop_slice/i_popcount",0,,0,,0
"i_p2_pop_slice","gen_lane[3].i_p2_pop_slice/i_popcount/popcount_q_o[0]_i_4",cell,"LUT5","gen_lane[3].i_p2_pop_slice/i_popcount",0,,0,,0
"i_p2_pop_slice","gen_lane[3].i_p2_pop_slice/i_popcount/popcount_q_o[0]_i_5",cell,"LUT5","gen_lane[3].i_p2_pop_slice/i_popcount",0,,0,,0
"i_p2_pop_slice","gen_lane[3].i_p2_pop_slice/i_popcount/popcount_q_o[1]_i_10",cell,"LUT6","gen_lane[3].i_p2_pop_slice/i_popcount",0,,0,,0
"i_p2_pop_slice","gen_lane[3].i_p2_pop_slice/i_popcount/popcount_q_o[1]_i_11",cell,"LUT5","gen_lane[3].i_p2_pop_slice/i_popcount",0,,0,,0
"i_p2_pop_slice","gen_lane[3].i_p2_pop_slice/i_popcount/popcount_q_o[1]_i_14",cell,"LUT5","gen_lane[3].i_p2_pop_slice/i_popcount",0,,0,,0
"i_p2_pop_slice","gen_lane[3].i_p2_pop_slice/i_popcount/popcount_q_o[1]_i_15",cell,"LUT6","gen_lane[3].i_p2_pop_slice/i_popcount",0,,0,,0
"i_p2_pop_slice","gen_lane[3].i_p2_pop_slice/i_popcount/popcount_q_o[1]_i_16",cell,"LUT6","gen_lane[3].i_p2_pop_slice/i_popcount",0,,0,,0
"i_p2_pop_slice","gen_lane[3].i_p2_pop_slice/i_popcount/popcount_q_o[1]_i_18",cell,"LUT6","gen_lane[3].i_p2_pop_slice/i_popcount",0,,0,,0
"i_p2_pop_slice","gen_lane[3].i_p2_pop_slice/i_popcount/popcount_q_o[1]_i_2",cell,"LUT6","gen_lane[3].i_p2_pop_slice/i_popcount",0,,0,,0
"i_p2_pop_slice","gen_lane[3].i_p2_pop_slice/i_popcount/popcount_q_o[1]_i_20",cell,"LUT3","gen_lane[3].i_p2_pop_slice/i_popcount",0,,0,,0
"i_p2_pop_slice","gen_lane[3].i_p2_pop_slice/i_popcount/popcount_q_o[1]_i_22",cell,"LUT3","gen_lane[3].i_p2_pop_slice/i_popcount",0,,0,,0
"i_p2_pop_slice","gen_lane[3].i_p2_pop_slice/i_popcount/popcount_q_o[1]_i_23",cell,"LUT3","gen_lane[3].i_p2_pop_slice/i_popcount",0,,0,,0
"i_p2_pop_slice","gen_lane[3].i_p2_pop_slice/i_popcount/popcount_q_o[1]_i_24",cell,"LUT3","gen_lane[3].i_p2_pop_slice/i_popcount",0,,0,,0
"i_p2_pop_slice","gen_lane[3].i_p2_pop_slice/i_popcount/popcount_q_o[1]_i_25",cell,"LUT6","gen_lane[3].i_p2_pop_slice/i_popcount",0,,0,,0
"i_p2_pop_slice","gen_lane[3].i_p2_pop_slice/i_popcount/popcount_q_o[1]_i_26",cell,"LUT3","gen_lane[3].i_p2_pop_slice/i_popcount",0,,0,,0
"i_p2_pop_slice","gen_lane[3].i_p2_pop_slice/i_popcount/popcount_q_o[1]_i_27",cell,"LUT6","gen_lane[3].i_p2_pop_slice/i_popcount",0,,0,,0
"i_p2_pop_slice","gen_lane[3].i_p2_pop_slice/i_popcount/popcount_q_o[1]_i_28",cell,"LUT6","gen_lane[3].i_p2_pop_slice/i_popcount",0,,0,,0
"i_p2_pop_slice","gen_lane[3].i_p2_pop_slice/i_popcount/popcount_q_o[1]_i_4",cell,"LUT5","gen_lane[3].i_p2_pop_slice/i_popcount",0,,0,,0
"i_p2_pop_slice","gen_lane[3].i_p2_pop_slice/i_popcount/popcount_q_o[1]_i_5",cell,"LUT6","gen_lane[3].i_p2_pop_slice/i_popcount",0,,0,,0
"i_p2_pop_slice","gen_lane[3].i_p2_pop_slice/i_popcount/popcount_q_o[1]_i_6",cell,"LUT5","gen_lane[3].i_p2_pop_slice/i_popcount",0,,0,,0
"i_p2_pop_slice","gen_lane[3].i_p2_pop_slice/i_popcount/popcount_q_o[1]_i_7",cell,"LUT5","gen_lane[3].i_p2_pop_slice/i_popcount",0,,0,,0
"i_p2_pop_slice","gen_lane[3].i_p2_pop_slice/i_popcount/popcount_q_o[1]_i_9",cell,"LUT5","gen_lane[3].i_p2_pop_slice/i_popcount",0,,0,,0
"i_p2_pop_slice","gen_lane[3].i_p2_pop_slice/i_popcount/popcount_q_o[3]_i_10",cell,"LUT3","gen_lane[3].i_p2_pop_slice/i_popcount",0,,0,,0
"i_p2_pop_slice","gen_lane[3].i_p2_pop_slice/i_popcount/popcount_q_o[3]_i_11",cell,"LUT6","gen_lane[3].i_p2_pop_slice/i_popcount",0,,0,,0
"i_p2_pop_slice","gen_lane[3].i_p2_pop_slice/i_popcount/popcount_q_o[3]_i_3",cell,"LUT5","gen_lane[3].i_p2_pop_slice/i_popcount",0,,0,,0
"i_p2_pop_slice","gen_lane[3].i_p2_pop_slice/i_popcount/popcount_q_o[3]_i_4",cell,"LUT5","gen_lane[3].i_p2_pop_slice/i_popcount",0,,0,,0
"i_p2_pop_slice","gen_lane[3].i_p2_pop_slice/i_popcount/popcount_q_o[3]_i_5",cell,"LUT3","gen_lane[3].i_p2_pop_slice/i_popcount",0,,0,,0
"i_p2_pop_slice","gen_lane[3].i_p2_pop_slice/i_popcount/popcount_q_o[3]_i_6",cell,"LUT3","gen_lane[3].i_p2_pop_slice/i_popcount",0,,0,,0
"i_p2_pop_slice","gen_lane[3].i_p2_pop_slice/i_popcount/popcount_q_o[3]_i_7",cell,"LUT5","gen_lane[3].i_p2_pop_slice/i_popcount",0,,0,,0
"i_p2_pop_slice","gen_lane[3].i_p2_pop_slice/i_popcount/popcount_q_o[3]_i_8",cell,"LUT5","gen_lane[3].i_p2_pop_slice/i_popcount",0,,0,,0
"i_p2_pop_slice","gen_lane[3].i_p2_pop_slice/i_popcount/popcount_q_o[3]_i_9",cell,"LUT5","gen_lane[3].i_p2_pop_slice/i_popcount",0,,0,,0
"i_p2_pop_slice","gen_lane[3].i_p2_pop_slice/i_popcount/popcount_q_o[6]_i_10",cell,"LUT3","gen_lane[3].i_p2_pop_slice/i_popcount",0,,0,,0
"i_p2_pop_slice","gen_lane[3].i_p2_pop_slice/i_popcount/popcount_q_o[6]_i_11",cell,"LUT3","gen_lane[3].i_p2_pop_slice/i_popcount",0,,0,,0
"i_p2_pop_slice","gen_lane[3].i_p2_pop_slice/i_popcount/popcount_q_o[6]_i_12",cell,"LUT3","gen_lane[3].i_p2_pop_slice/i_popcount",0,,0,,0
"i_p2_pop_slice","gen_lane[3].i_p2_pop_slice/i_popcount/popcount_q_o[6]_i_13",cell,"LUT6","gen_lane[3].i_p2_pop_slice/i_popcount",0,,0,,0
"i_p2_pop_slice","gen_lane[3].i_p2_pop_slice/i_popcount/popcount_q_o[6]_i_15",cell,"LUT5","gen_lane[3].i_p2_pop_slice/i_popcount",0,,0,,0
"i_p2_pop_slice","gen_lane[3].i_p2_pop_slice/i_popcount/popcount_q_o[6]_i_16",cell,"LUT6","gen_lane[3].i_p2_pop_slice/i_popcount",0,,0,,0
"i_p2_pop_slice","gen_lane[3].i_p2_pop_slice/i_popcount/popcount_q_o[6]_i_17",cell,"LUT6","gen_lane[3].i_p2_pop_slice/i_popcount",0,,0,,0
"i_p2_pop_slice","gen_lane[3].i_p2_pop_slice/i_popcount/popcount_q_o[6]_i_18",cell,"LUT6","gen_lane[3].i_p2_pop_slice/i_popcount",0,,0,,0
"i_p2_pop_slice","gen_lane[3].i_p2_pop_slice/i_popcount/popcount_q_o[6]_i_19",cell,"LUT5","gen_lane[3].i_p2_pop_slice/i_popcount",0,,0,,0
"i_p2_pop_slice","gen_lane[3].i_p2_pop_slice/i_popcount/popcount_q_o[6]_i_2",cell,"LUT5","gen_lane[3].i_p2_pop_slice/i_popcount",0,,0,,0
"i_p2_pop_slice","gen_lane[3].i_p2_pop_slice/i_popcount/popcount_q_o[6]_i_20",cell,"LUT6","gen_lane[3].i_p2_pop_slice/i_popcount",0,,0,,0
"i_p2_pop_slice","gen_lane[3].i_p2_pop_slice/i_popcount/popcount_q_o[6]_i_21",cell,"LUT3","gen_lane[3].i_p2_pop_slice/i_popcount",0,,0,,0
"i_p2_pop_slice","gen_lane[3].i_p2_pop_slice/i_popcount/popcount_q_o[6]_i_22",cell,"LUT3","gen_lane[3].i_p2_pop_slice/i_popcount",0,,0,,0
"i_p2_pop_slice","gen_lane[3].i_p2_pop_slice/i_popcount/popcount_q_o[6]_i_23",cell,"LUT6","gen_lane[3].i_p2_pop_slice/i_popcount",0,,0,,0
"i_p2_pop_slice","gen_lane[3].i_p2_pop_slice/i_popcount/popcount_q_o[6]_i_27",cell,"LUT3","gen_lane[3].i_p2_pop_slice/i_popcount",0,,0,,0
"i_p2_pop_slice","gen_lane[3].i_p2_pop_slice/i_popcount/popcount_q_o[6]_i_3",cell,"LUT6","gen_lane[3].i_p2_pop_slice/i_popcount",0,,0,,0
"i_p2_pop_slice","gen_lane[3].i_p2_pop_slice/i_popcount/popcount_q_o[6]_i_31",cell,"LUT3","gen_lane[3].i_p2_pop_slice/i_popcount",0,,0,,0
"i_p2_pop_slice","gen_lane[3].i_p2_pop_slice/i_popcount/popcount_q_o[6]_i_32",cell,"LUT3","gen_lane[3].i_p2_pop_slice/i_popcount",0,,0,,0
"i_p2_pop_slice","gen_lane[3].i_p2_pop_slice/i_popcount/popcount_q_o[6]_i_33",cell,"LUT3","gen_lane[3].i_p2_pop_slice/i_popcount",0,,0,,0
"i_p2_pop_slice","gen_lane[3].i_p2_pop_slice/i_popcount/popcount_q_o[6]_i_34",cell,"LUT3","gen_lane[3].i_p2_pop_slice/i_popcount",0,,0,,0
"i_p2_pop_slice","gen_lane[3].i_p2_pop_slice/i_popcount/popcount_q_o[6]_i_35",cell,"LUT3","gen_lane[3].i_p2_pop_slice/i_popcount",0,,0,,0
"i_p2_pop_slice","gen_lane[3].i_p2_pop_slice/i_popcount/popcount_q_o[6]_i_36",cell,"LUT3","gen_lane[3].i_p2_pop_slice/i_popcount",0,,0,,0
"i_p2_pop_slice","gen_lane[3].i_p2_pop_slice/i_popcount/popcount_q_o[6]_i_37",cell,"LUT3","gen_lane[3].i_p2_pop_slice/i_popcount",0,,0,,0
"i_p2_pop_slice","gen_lane[3].i_p2_pop_slice/i_popcount/popcount_q_o[6]_i_38",cell,"LUT3","gen_lane[3].i_p2_pop_slice/i_popcount",0,,0,,0
"i_p2_pop_slice","gen_lane[3].i_p2_pop_slice/i_popcount/popcount_q_o[6]_i_39",cell,"LUT6","gen_lane[3].i_p2_pop_slice/i_popcount",0,,0,,0
"i_p2_pop_slice","gen_lane[3].i_p2_pop_slice/i_popcount/popcount_q_o[6]_i_4",cell,"LUT5","gen_lane[3].i_p2_pop_slice/i_popcount",0,,0,,0
"i_p2_pop_slice","gen_lane[3].i_p2_pop_slice/i_popcount/popcount_q_o[6]_i_40",cell,"LUT3","gen_lane[3].i_p2_pop_slice/i_popcount",0,,0,,0
"i_p2_pop_slice","gen_lane[3].i_p2_pop_slice/i_popcount/popcount_q_o[6]_i_41",cell,"LUT6","gen_lane[3].i_p2_pop_slice/i_popcount",0,,0,,0
"i_p2_pop_slice","gen_lane[3].i_p2_pop_slice/i_popcount/popcount_q_o[6]_i_42",cell,"LUT6","gen_lane[3].i_p2_pop_slice/i_popcount",0,,0,,0
"i_p2_pop_slice","gen_lane[3].i_p2_pop_slice/i_popcount/popcount_q_o[6]_i_43",cell,"LUT6","gen_lane[3].i_p2_pop_slice/i_popcount",0,,0,,0
"i_p2_pop_slice","gen_lane[3].i_p2_pop_slice/i_popcount/popcount_q_o[6]_i_46",cell,"LUT6","gen_lane[3].i_p2_pop_slice/i_popcount",0,,0,,0
"i_p2_pop_slice","gen_lane[3].i_p2_pop_slice/i_popcount/popcount_q_o[6]_i_48",cell,"LUT6","gen_lane[3].i_p2_pop_slice/i_popcount",0,,0,,0
"i_p2_pop_slice","gen_lane[3].i_p2_pop_slice/i_popcount/popcount_q_o[6]_i_49",cell,"LUT5","gen_lane[3].i_p2_pop_slice/i_popcount",0,,0,,0
"i_p2_pop_slice","gen_lane[3].i_p2_pop_slice/i_popcount/popcount_q_o[6]_i_5",cell,"LUT2","gen_lane[3].i_p2_pop_slice/i_popcount",0,,0,,0
"i_p2_pop_slice","gen_lane[3].i_p2_pop_slice/i_popcount/popcount_q_o[6]_i_50",cell,"LUT5","gen_lane[3].i_p2_pop_slice/i_popcount",0,,0,,0
"i_p2_pop_slice","gen_lane[3].i_p2_pop_slice/i_popcount/popcount_q_o[6]_i_51",cell,"LUT3","gen_lane[3].i_p2_pop_slice/i_popcount",0,,0,,0
"i_p2_pop_slice","gen_lane[3].i_p2_pop_slice/i_popcount/popcount_q_o[6]_i_52",cell,"LUT3","gen_lane[3].i_p2_pop_slice/i_popcount",0,,0,,0
"i_p2_pop_slice","gen_lane[3].i_p2_pop_slice/i_popcount/popcount_q_o[6]_i_53",cell,"LUT3","gen_lane[3].i_p2_pop_slice/i_popcount",0,,0,,0
"i_p2_pop_slice","gen_lane[3].i_p2_pop_slice/i_popcount/popcount_q_o[6]_i_54",cell,"LUT3","gen_lane[3].i_p2_pop_slice/i_popcount",0,,0,,0
"i_p2_pop_slice","gen_lane[3].i_p2_pop_slice/i_popcount/popcount_q_o[6]_i_55",cell,"LUT3","gen_lane[3].i_p2_pop_slice/i_popcount",0,,0,,0
"i_p2_pop_slice","gen_lane[3].i_p2_pop_slice/i_popcount/popcount_q_o[6]_i_56",cell,"LUT3","gen_lane[3].i_p2_pop_slice/i_popcount",0,,0,,0
"i_p2_pop_slice","gen_lane[3].i_p2_pop_slice/i_popcount/popcount_q_o[6]_i_7",cell,"LUT6","gen_lane[3].i_p2_pop_slice/i_popcount",0,,0,,0
"i_p2_pop_slice","gen_lane[3].i_p2_pop_slice/i_popcount/popcount_q_o[6]_i_8",cell,"LUT5","gen_lane[3].i_p2_pop_slice/i_popcount",0,,0,,0
"i_p2_pop_slice","gen_lane[3].i_p2_pop_slice/i_popcount/popcount_q_o[6]_i_9",cell,"LUT6","gen_lane[3].i_p2_pop_slice/i_popcount",0,,0,,0
"i_p2_pop_slice","gen_lane[3].i_p2_pop_slice/lane_result_q[3][63]_i_1",cell,"LUT6","gen_lane[3].i_p2_pop_slice",0,,0,,0
"i_p2_pop_slice","gen_lane[3].i_p2_pop_slice/pop_q_i_1",cell,"LUT3","gen_lane[3].i_p2_pop_slice",0,,0,,0
"i_p2_pop_slice","gen_lane[3].i_p2_pop_slice/pop_q_reg",cell,"FDCE","gen_lane[3].i_p2_pop_slice",0,,0,,0
"i_p2_pop_slice","gen_lane[3].i_p2_pop_slice/popcount_q_o_reg[0]",cell,"FDCE","gen_lane[3].i_p2_pop_slice",0,,0,,0
"i_p2_pop_slice","gen_lane[3].i_p2_pop_slice/popcount_q_o_reg[1]",cell,"FDCE","gen_lane[3].i_p2_pop_slice",0,,0,,0
"i_p2_pop_slice","gen_lane[3].i_p2_pop_slice/popcount_q_o_reg[2]",cell,"FDCE","gen_lane[3].i_p2_pop_slice",0,,0,,0
"i_p2_pop_slice","gen_lane[3].i_p2_pop_slice/popcount_q_o_reg[3]",cell,"FDCE","gen_lane[3].i_p2_pop_slice",0,,0,,0
"i_p2_pop_slice","gen_lane[3].i_p2_pop_slice/popcount_q_o_reg[4]",cell,"FDCE","gen_lane[3].i_p2_pop_slice",0,,0,,0
"i_p2_pop_slice","gen_lane[3].i_p2_pop_slice/popcount_q_o_reg[5]",cell,"FDCE","gen_lane[3].i_p2_pop_slice",0,,0,,0
"i_p2_pop_slice","gen_lane[3].i_p2_pop_slice/popcount_q_o_reg[6]",cell,"FDCE","gen_lane[3].i_p2_pop_slice",0,,0,,0
"i_p2_pop_slice","gen_lane[3].i_p2_pop_slice/xor_q_i_1",cell,"LUT4","gen_lane[3].i_p2_pop_slice",0,,0,,0
"i_p2_pop_slice","gen_lane[3].i_p2_pop_slice/xor_q_reg",cell,"FDCE","gen_lane[3].i_p2_pop_slice",0,,0,,0
"i_p2_pop_slice","gen_lane[0].i_p2_pop_slice/<const0>",net,,"gen_lane[0].i_p2_pop_slice",31,"gen_lane[0].i_p2_pop_slice/GND/G",8,"0",0
"i_p2_pop_slice","gen_lane[0].i_p2_pop_slice/<const1>",net,,"gen_lane[0].i_p2_pop_slice",3,"gen_lane[0].i_p2_pop_slice/VCC/P",3,"0",0
"i_p2_pop_slice","gen_lane[0].i_p2_pop_slice/CO[0]",net,,"gen_lane[0].i_p2_pop_slice",1,"gen_lane[2].i_p2_pop_slice/hsim_total_q_reg[7]_i_2/CO[3]",1,"0",0
"i_p2_pop_slice","gen_lane[0].i_p2_pop_slice/DI[0]",net,,"gen_lane[0].i_p2_pop_slice",1,"gen_lane[3].i_p2_pop_slice/hsim_total_q[7]_i_21/O",1,"0",0
"i_p2_pop_slice","gen_lane[0].i_p2_pop_slice/DI[1]",net,,"gen_lane[0].i_p2_pop_slice",1,"gen_lane[3].i_p2_pop_slice/hsim_total_q[7]_i_20/O",1,"0",0
"i_p2_pop_slice","gen_lane[0].i_p2_pop_slice/DI[2]",net,,"gen_lane[0].i_p2_pop_slice",1,"gen_lane[3].i_p2_pop_slice/hsim_total_q[7]_i_19/O",1,"0",0
"i_p2_pop_slice","gen_lane[0].i_p2_pop_slice/D[0]",net,,"gen_lane[0].i_p2_pop_slice",1,"gen_lane[0].i_p2_pop_slice/hsim_total_q[8]_i_1/O",1,"",0
"i_p2_pop_slice","gen_lane[0].i_p2_pop_slice/D[1]",net,,"gen_lane[0].i_p2_pop_slice",1,"gen_lane[0].i_p2_pop_slice/hsim_total_q[9]_i_1/O",1,"",0
"i_p2_pop_slice","gen_lane[0].i_p2_pop_slice/D[2]",net,,"gen_lane[0].i_p2_pop_slice",1,"gen_lane[0].i_p2_pop_slice/hsim_total_q[10]_i_2/O",1,"",0
"i_p2_pop_slice","gen_lane[0].i_p2_pop_slice/E[0]",net,,"gen_lane[0].i_p2_pop_slice",64,"gen_lane[0].i_p2_pop_slice/lane_result_q[0][63]_i_1/O",64,"",0
"i_p2_pop_slice","gen_lane[0].i_p2_pop_slice/FSM_onehot_st_q_reg[1][0]",net,,"gen_lane[0].i_p2_pop_slice",20,"gen_lane[0].i_p2_pop_slice/hmatch_best_dist_q[10]_i_1/O",20,"0",0
"i_p2_pop_slice","gen_lane[0].i_p2_pop_slice/FSM_onehot_st_q_reg[7]_rep[0]",net,,"gen_lane[0].i_p2_pop_slice",1,"gen_lane[0].i_p2_pop_slice/hmatch_candidate_dist_q[8]_i_1/O",1,"",0
"i_p2_pop_slice","gen_lane[0].i_p2_pop_slice/FSM_onehot_st_q_reg[7]_rep[1]",net,,"gen_lane[0].i_p2_pop_slice",1,"gen_lane[0].i_p2_pop_slice/hmatch_candidate_dist_q[9]_i_1/O",1,"",0
"i_p2_pop_slice","gen_lane[0].i_p2_pop_slice/FSM_onehot_st_q_reg[7]_rep[2]",net,,"gen_lane[0].i_p2_pop_slice",1,"gen_lane[0].i_p2_pop_slice/hmatch_candidate_dist_q[10]_i_2/O",1,"",0
"i_p2_pop_slice","gen_lane[0].i_p2_pop_slice/FSM_onehot_st_q_reg[7]_rep_0",net,,"gen_lane[0].i_p2_pop_slice",1,"gen_lane[0].i_p2_pop_slice/hmatch_update_q_i_1/O",1,"",0
"i_p2_pop_slice","gen_lane[0].i_p2_pop_slice/O[0]",net,,"gen_lane[0].i_p2_pop_slice",2,"gen_lane[0].i_p2_pop_slice/hsim_total_q_reg[7]_i_11/O[0]",2,"2",0
"i_p2_pop_slice","gen_lane[0].i_p2_pop_slice/O[1]",net,,"gen_lane[0].i_p2_pop_slice",3,"gen_lane[0].i_p2_pop_slice/hsim_total_q_reg[7]_i_11/O[1]",3,"1;2",1
"i_p2_pop_slice","gen_lane[0].i_p2_pop_slice/O[2]",net,,"gen_lane[0].i_p2_pop_slice",3,"gen_lane[0].i_p2_pop_slice/hsim_total_q_reg[7]_i_11/O[2]",3,"1;2",1
"i_p2_pop_slice","gen_lane[0].i_p2_pop_slice/O[3]",net,,"gen_lane[0].i_p2_pop_slice",3,"gen_lane[0].i_p2_pop_slice/hsim_total_q_reg[7]_i_11/O[3]",3,"1;2",1
"i_p2_pop_slice","gen_lane[0].i_p2_pop_slice/Q[0]",net,,"gen_lane[0].i_p2_pop_slice",63,"FSM_onehot_st_q_reg[1]/Q",63,"0",0
"i_p2_pop_slice","gen_lane[0].i_p2_pop_slice/Q[1]",net,,"gen_lane[0].i_p2_pop_slice",112,"FSM_onehot_st_q_reg[4]/Q",112,"0",0
"i_p2_pop_slice","gen_lane[0].i_p2_pop_slice/Q[2]",net,,"gen_lane[0].i_p2_pop_slice",111,"FSM_onehot_st_q_reg[6]/Q",111,"0;1;2;3",1
"i_p2_pop_slice","gen_lane[0].i_p2_pop_slice/Q[3]",net,,"gen_lane[0].i_p2_pop_slice",45,"FSM_onehot_st_q_reg[9]/Q",45,"0",0
"i_p2_pop_slice","gen_lane[0].i_p2_pop_slice/S[0]",net,,"gen_lane[0].i_p2_pop_slice",1,"gen_lane[3].i_p2_pop_slice/hsim_total_q[7]_i_16/O",1,"0",0
"i_p2_pop_slice","gen_lane[0].i_p2_pop_slice/a_q_reg[14]",net,,"gen_lane[0].i_p2_pop_slice",2,"gen_lane[0].i_p2_pop_slice/uop_p0_q[is_last_class]_i_4/O",2,"0",0
"i_p2_pop_slice","gen_lane[0].i_p2_pop_slice/a_q_reg[8]",net,,"gen_lane[0].i_p2_pop_slice",14,"gen_lane[0].i_p2_pop_slice/hsim_total_q[10]_i_3/O",14,"0",0
"i_p2_pop_slice","gen_lane[0].i_p2_pop_slice/bank_ra_data_o_reg[0][10]",net,,"gen_lane[0].i_p2_pop_slice",3,"gen_lane[0].i_p2_pop_slice/i_popcount/popcount_q_o[6]_i_20/O",3,"0",0
"i_p2_pop_slice","gen_lane[0].i_p2_pop_slice/bank_ra_data_o_reg[0][14]",net,,"gen_lane[0].i_p2_pop_slice",3,"gen_lane[0].i_p2_pop_slice/i_popcount/popcount_q_o[1]_i_11/O",3,"0",0
"i_p2_pop_slice","gen_lane[0].i_p2_pop_slice/bank_ra_data_o_reg[0][15]",net,,"gen_lane[0].i_p2_pop_slice",1,"gen_lane[0].i_p2_pop_slice/i_popcount/popcount_q_o[6]_i_56/O",1,"",0
"i_p2_pop_slice","gen_lane[0].i_p2_pop_slice/bank_ra_data_o_reg[0][18]",net,,"gen_lane[0].i_p2_pop_slice",1,"gen_lane[0].i_p2_pop_slice/i_popcount/popcount_q_o[6]_i_55/O",1,"",0
"i_p2_pop_slice","gen_lane[0].i_p2_pop_slice/bank_ra_data_o_reg[0][19]",net,,"gen_lane[0].i_p2_pop_slice",6,"gen_lane[0].i_p2_pop_slice/i_popcount/popcount_q_o[6]_i_11/O",6,"0",0
"i_p2_pop_slice","gen_lane[0].i_p2_pop_slice/bank_ra_data_o_reg[0][19]_0",net,,"gen_lane[0].i_p2_pop_slice",2,"gen_lane[0].i_p2_pop_slice/i_popcount/popcount_q_o[6]_i_22/O",2,"0",0
"i_p2_pop_slice","gen_lane[0].i_p2_pop_slice/bank_ra_data_o_reg[0][1]",net,,"gen_lane[0].i_p2_pop_slice",3,"gen_lane[0].i_p2_pop_slice/i_popcount/popcount_q_o[3]_i_5/O",3,"0",0
"i_p2_pop_slice","gen_lane[0].i_p2_pop_slice/bank_ra_data_o_reg[0][1]_0",net,,"gen_lane[0].i_p2_pop_slice",3,"gen_lane[0].i_p2_pop_slice/i_popcount/popcount_q_o[3]_i_4/O",3,"0",0
"i_p2_pop_slice","gen_lane[0].i_p2_pop_slice/bank_ra_data_o_reg[0][1]_1",net,,"gen_lane[0].i_p2_pop_slice",2,"gen_lane[0].i_p2_pop_slice/i_popcount/popcount_q_o[1]_i_5/O",2,"0",0
"i_p2_pop_slice","gen_lane[0].i_p2_pop_slice/bank_ra_data_o_reg[0][23]",net,,"gen_lane[0].i_p2_pop_slice",4,"gen_lane[0].i_p2_pop_slice/i_popcount/popcount_q_o[0]_i_3/O",4,"0",0
"i_p2_pop_slice","gen_lane[0].i_p2_pop_slice/bank_ra_data_o_reg[0][23]_0",net,,"gen_lane[0].i_p2_pop_slice",2,"gen_lane[0].i_p2_pop_slice/i_popcount/popcount_q_o[3]_i_8/O",2,"0",0
"i_p2_pop_slice","gen_lane[0].i_p2_pop_slice/bank_ra_data_o_reg[0][24]",net,,"gen_lane[0].i_p2_pop_slice",1,"gen_lane[0].i_p2_pop_slice/i_popcount/popcount_q_o[6]_i_52/O",1,"",0
"i_p2_pop_slice","gen_lane[0].i_p2_pop_slice/bank_ra_data_o_reg[0][27]",net,,"gen_lane[0].i_p2_pop_slice",1,"gen_lane[0].i_p2_pop_slice/i_popcount/popcount_q_o[6]_i_51/O",1,"",0
"i_p2_pop_slice","gen_lane[0].i_p2_pop_slice/bank_ra_data_o_reg[0][32]",net,,"gen_lane[0].i_p2_pop_slice",4,"gen_lane[0].i_p2_pop_slice/i_popcount/popcount_q_o[0]_i_2/O",4,"0",0
"i_p2_pop_slice","gen_lane[0].i_p2_pop_slice/bank_ra_data_o_reg[0][32]_0",net,,"gen_lane[0].i_p2_pop_slice",2,"gen_lane[0].i_p2_pop_slice/i_popcount/popcount_q_o[3]_i_9/O",2,"0",0
"i_p2_pop_slice","gen_lane[0].i_p2_pop_slice/bank_ra_data_o_reg[0][41]",net,,"gen_lane[0].i_p2_pop_slice",4,"gen_lane[0].i_p2_pop_slice/i_popcount/popcount_q_o[0]_i_4/O",4,"0",0
"i_p2_pop_slice","gen_lane[0].i_p2_pop_slice/bank_ra_data_o_reg[0][41]_0",net,,"gen_lane[0].i_p2_pop_slice",3,"gen_lane[0].i_p2_pop_slice/i_popcount/popcount_q_o[3]_i_7/O",3,"0",0
"i_p2_pop_slice","gen_lane[0].i_p2_pop_slice/bank_ra_data_o_reg[0][50]",net,,"gen_lane[0].i_p2_pop_slice",3,"gen_lane[0].i_p2_pop_slice/i_popcount/popcount_q_o[0]_i_5/O",3,"0",0
"i_p2_pop_slice","gen_lane[0].i_p2_pop_slice/bank_ra_data_o_reg[0][55]",net,,"gen_lane[0].i_p2_pop_slice",3,"gen_lane[0].i_p2_pop_slice/i_popcount/popcount_q_o[1]_i_2/O",3,"0",0
"i_p2_pop_slice","gen_lane[0].i_p2_pop_slice/bank_ra_data_o_reg[0][55]_0",net,,"gen_lane[0].i_p2_pop_slice",6,"gen_lane[0].i_p2_pop_slice/i_popcount/popcount_q_o[6]_i_10/O",6,"0",0
"i_p2_pop_slice","gen_lane[0].i_p2_pop_slice/bank_ra_data_o_reg[0][55]_1",net,,"gen_lane[0].i_p2_pop_slice",5,"gen_lane[0].i_p2_pop_slice/i_popcount/popcount_q_o[6]_i_3/O",5,"0",0
"i_p2_pop_slice","gen_lane[0].i_p2_pop_slice/bank_ra_data_o_reg[0][55]_2",net,,"gen_lane[0].i_p2_pop_slice",4,"gen_lane[0].i_p2_pop_slice/i_popcount/popcount_q_o[6]_i_19/O",4,"0",0
"i_p2_pop_slice","gen_lane[0].i_p2_pop_slice/bank_ra_data_o_reg[0][55]_3",net,,"gen_lane[0].i_p2_pop_slice",1,"gen_lane[0].i_p2_pop_slice/i_popcount/popcount_q_o[3]_i_10/O",1,"",0
"i_p2_pop_slice","gen_lane[0].i_p2_pop_slice/bank_ra_data_o_reg[0][58]",net,,"gen_lane[0].i_p2_pop_slice",2,"gen_lane[0].i_p2_pop_slice/i_popcount/popcount_q_o[1]_i_6/O",2,"0",0
"i_p2_pop_slice","gen_lane[0].i_p2_pop_slice/bank_ra_data_o_reg[0][5]",net,,"gen_lane[0].i_p2_pop_slice",3,"gen_lane[0].i_p2_pop_slice/i_popcount/popcount_q_o[1]_i_14/O",3,"0",0
"i_p2_pop_slice","gen_lane[0].i_p2_pop_slice/bank_ra_data_o_reg[0][63]",net,,"gen_lane[0].i_p2_pop_slice",2,"gen_lane[0].i_p2_pop_slice/i_popcount/popcount_q_o[3]_i_11/O",2,"0",0
"i_p2_pop_slice","gen_lane[0].i_p2_pop_slice/bank_ra_data_o_reg[0][6]",net,,"gen_lane[0].i_p2_pop_slice",1,"gen_lane[0].i_p2_pop_slice/i_popcount/popcount_q_o[6]_i_54/O",1,"",0
"i_p2_pop_slice","gen_lane[0].i_p2_pop_slice/bank_ra_data_o_reg[0][9]",net,,"gen_lane[0].i_p2_pop_slice",1,"gen_lane[0].i_p2_pop_slice/i_popcount/popcount_q_o[6]_i_53/O",1,"",0
"i_p2_pop_slice","gen_lane[0].i_p2_pop_slice/clk_i",net,,"gen_lane[0].i_p2_pop_slice",2889,"",2889,"0;1;2;3",1
"i_p2_pop_slice","gen_lane[0].i_p2_pop_slice/hmatch_best_dist_q[10]_i_3_n_0",net,,"gen_lane[0].i_p2_pop_slice",1,"gen_lane[0].i_p2_pop_slice/hmatch_best_dist_q[10]_i_3/O",1,"0",0
"i_p2_pop_slice","gen_lane[0].i_p2_pop_slice/hmatch_best_dist_q[10]_i_5_n_0",net,,"gen_lane[0].i_p2_pop_slice",1,"gen_lane[0].i_p2_pop_slice/hmatch_best_dist_q[10]_i_5/O",1,"0",0
"i_p2_pop_slice","gen_lane[0].i_p2_pop_slice/hmatch_best_idx_q_reg[0][0]",net,,"gen_lane[0].i_p2_pop_slice",55,"op_q_reg[0]/Q",55,"0",0
"i_p2_pop_slice","gen_lane[0].i_p2_pop_slice/hmatch_best_idx_q_reg[0][1]",net,,"gen_lane[0].i_p2_pop_slice",57,"op_q_reg[1]/Q",57,"0",0
"i_p2_pop_slice","gen_lane[0].i_p2_pop_slice/hmatch_best_idx_q_reg[0][2]",net,,"gen_lane[0].i_p2_pop_slice",57,"op_q_reg[2]/Q",57,"0",0
"i_p2_pop_slice","gen_lane[0].i_p2_pop_slice/hmatch_best_idx_q_reg[0][3]",net,,"gen_lane[0].i_p2_pop_slice",51,"op_q_reg[3]/Q",51,"0",0
"i_p2_pop_slice","gen_lane[0].i_p2_pop_slice/hmatch_update_q",net,,"gen_lane[0].i_p2_pop_slice",3,"hmatch_update_q_reg/Q",3,"0",0
"i_p2_pop_slice","gen_lane[0].i_p2_pop_slice/hmatch_update_q_i_3_0[0]",net,,"gen_lane[0].i_p2_pop_slice",39,"uop_p3_q_reg[chunk_idx][0]/Q",39,"0;2",1
"i_p2_pop_slice","gen_lane[0].i_p2_pop_slice/hmatch_update_q_i_3_0[1]",net,,"gen_lane[0].i_p2_pop_slice",33,"uop_p3_q_reg[chunk_idx][1]/Q",33,"0;2",1
"i_p2_pop_slice","gen_lane[0].i_p2_pop_slice/hmatch_update_q_i_3_1[0]",net,,"gen_lane[0].i_p2_pop_slice",35,"uop_p3_q_reg[op_type][0]/Q",35,"0;2",1
"i_p2_pop_slice","gen_lane[0].i_p2_pop_slice/hmatch_update_q_i_3_1[1]",net,,"gen_lane[0].i_p2_pop_slice",70,"uop_p3_q_reg[op_type][1]/Q",70,"0;2",1
"i_p2_pop_slice","gen_lane[0].i_p2_pop_slice/hmatch_update_q_i_3_1[2]",net,,"gen_lane[0].i_p2_pop_slice",68,"uop_p3_q_reg[op_type][2]/Q",68,"0;2",1
"i_p2_pop_slice","gen_lane[0].i_p2_pop_slice/hmatch_update_q_i_3_n_0",net,,"gen_lane[0].i_p2_pop_slice",1,"gen_lane[0].i_p2_pop_slice/hmatch_update_q_i_3/O",1,"0",0
"i_p2_pop_slice","gen_lane[0].i_p2_pop_slice/hmatch_update_q_i_5_n_0",net,,"gen_lane[0].i_p2_pop_slice",1,"gen_lane[0].i_p2_pop_slice/hmatch_update_q_i_5/O",1,"0",0
"i_p2_pop_slice","gen_lane[0].i_p2_pop_slice/hmatch_update_q_i_6_n_0",net,,"gen_lane[0].i_p2_pop_slice",1,"gen_lane[0].i_p2_pop_slice/hmatch_update_q_i_6/O",1,"0",0
"i_p2_pop_slice","gen_lane[0].i_p2_pop_slice/hmatch_update_q_i_7_n_0",net,,"gen_lane[0].i_p2_pop_slice",1,"gen_lane[0].i_p2_pop_slice/hmatch_update_q_i_7/O",1,"0",0
"i_p2_pop_slice","gen_lane[0].i_p2_pop_slice/hmatch_update_q_i_8_n_0",net,,"gen_lane[0].i_p2_pop_slice",1,"gen_lane[0].i_p2_pop_slice/hmatch_update_q_i_8/O",1,"0",0
"i_p2_pop_slice","gen_lane[0].i_p2_pop_slice/hmatch_update_q_i_9_n_0",net,,"gen_lane[0].i_p2_pop_slice",1,"gen_lane[0].i_p2_pop_slice/hmatch_update_q_i_9/O",1,"0",0
"i_p2_pop_slice","gen_lane[0].i_p2_pop_slice/hmatch_update_q_reg",net,,"gen_lane[0].i_p2_pop_slice",20,"gen_lane[0].i_p2_pop_slice/hmatch_best_dist_q[10]_i_4/O",20,"0",0
"i_p2_pop_slice","gen_lane[0].i_p2_pop_slice/hmatch_update_q_reg_0[0]",net,,"gen_lane[0].i_p2_pop_slice",4,"p4_arch_op_q_reg[0]/Q",4,"0",0
"i_p2_pop_slice","gen_lane[0].i_p2_pop_slice/hmatch_update_q_reg_0[1]",net,,"gen_lane[0].i_p2_pop_slice",4,"p4_arch_op_q_reg[1]/Q",4,"0",0
"i_p2_pop_slice","gen_lane[0].i_p2_pop_slice/hmatch_update_q_reg_0[2]",net,,"gen_lane[0].i_p2_pop_slice",4,"p4_arch_op_q_reg[2]/Q",4,"0",0
"i_p2_pop_slice","gen_lane[0].i_p2_pop_slice/hmatch_update_q_reg_0[3]",net,,"gen_lane[0].i_p2_pop_slice",4,"p4_arch_op_q_reg[3]/Q",4,"0",0
"i_p2_pop_slice","gen_lane[0].i_p2_pop_slice/hmatch_update_q_reg_1",net,,"gen_lane[0].i_p2_pop_slice",114,"FSM_onehot_st_q_reg[7]_rep/Q",114,"0;2",1
"i_p2_pop_slice","gen_lane[0].i_p2_pop_slice/hmatch_update_q_reg_2[0]",net,,"gen_lane[0].i_p2_pop_slice",1,"gen_lane[2].i_p2_pop_slice/hmatch_update_q_reg_i_4/CO[3]",1,"0",0
"i_p2_pop_slice","gen_lane[0].i_p2_pop_slice/hmatch_update_q_reg_i_2_0[0]",net,,"gen_lane[0].i_p2_pop_slice",3,"hmatch_best_dist_q_reg[8]/Q",3,"0",0
"i_p2_pop_slice","gen_lane[0].i_p2_pop_slice/hmatch_update_q_reg_i_2_0[1]",net,,"gen_lane[0].i_p2_pop_slice",3,"hmatch_best_dist_q_reg[9]/Q",3,"0",0
"i_p2_pop_slice","gen_lane[0].i_p2_pop_slice/hmatch_update_q_reg_i_2_0[2]",net,,"gen_lane[0].i_p2_pop_slice",3,"hmatch_best_dist_q_reg[10]/Q",3,"0",0
"i_p2_pop_slice","gen_lane[0].i_p2_pop_slice/hmatch_update_q_reg_i_2_n_2",net,,"gen_lane[0].i_p2_pop_slice",1,"gen_lane[0].i_p2_pop_slice/hmatch_update_q_reg_i_2/CO[1]",1,"0",0
"i_p2_pop_slice","gen_lane[0].i_p2_pop_slice/hmatch_update_q_reg_i_2_n_3",net,,"gen_lane[0].i_p2_pop_slice",0,"gen_lane[0].i_p2_pop_slice/hmatch_update_q_reg_i_2/CO[0]",0,"",0
"i_p2_pop_slice","gen_lane[0].i_p2_pop_slice/hsim_total_q[10]_i_12_n_0",net,,"gen_lane[0].i_p2_pop_slice",1,"gen_lane[0].i_p2_pop_slice/hsim_total_q[10]_i_12/O",1,"0",0
"i_p2_pop_slice","gen_lane[0].i_p2_pop_slice/hsim_total_q[10]_i_13_n_0",net,,"gen_lane[0].i_p2_pop_slice",1,"gen_lane[0].i_p2_pop_slice/hsim_total_q[10]_i_13/O",1,"0",0
"i_p2_pop_slice","gen_lane[0].i_p2_pop_slice/hsim_total_q[10]_i_14_n_0",net,,"gen_lane[0].i_p2_pop_slice",1,"gen_lane[0].i_p2_pop_slice/hsim_total_q[10]_i_14/O",1,"0",0
"i_p2_pop_slice","gen_lane[0].i_p2_pop_slice/hsim_total_q[10]_i_15_n_0",net,,"gen_lane[0].i_p2_pop_slice",1,"gen_lane[0].i_p2_pop_slice/hsim_total_q[10]_i_15/O",1,"0",0
"i_p2_pop_slice","gen_lane[0].i_p2_pop_slice/hsim_total_q[10]_i_16_n_0",net,,"gen_lane[0].i_p2_pop_slice",1,"gen_lane[0].i_p2_pop_slice/hsim_total_q[10]_i_16/O",1,"0",0
"i_p2_pop_slice","gen_lane[0].i_p2_pop_slice/hsim_total_q[10]_i_17_n_0",net,,"gen_lane[0].i_p2_pop_slice",1,"gen_lane[0].i_p2_pop_slice/hsim_total_q[10]_i_17/O",1,"0",0
"i_p2_pop_slice","gen_lane[0].i_p2_pop_slice/hsim_total_q[10]_i_18_n_0",net,,"gen_lane[0].i_p2_pop_slice",1,"gen_lane[0].i_p2_pop_slice/hsim_total_q[10]_i_18/O",1,"0",0
"i_p2_pop_slice","gen_lane[0].i_p2_pop_slice/hsim_total_q[10]_i_19_n_0",net,,"gen_lane[0].i_p2_pop_slice",1,"gen_lane[0].i_p2_pop_slice/hsim_total_q[10]_i_19/O",1,"0",0
"i_p2_pop_slice","gen_lane[0].i_p2_pop_slice/hsim_total_q[10]_i_20_n_0",net,,"gen_lane[0].i_p2_pop_slice",1,"gen_lane[0].i_p2_pop_slice/hsim_total_q[10]_i_20/O",1,"0",0
"i_p2_pop_slice","gen_lane[0].i_p2_pop_slice/hsim_total_q[10]_i_21_n_0",net,,"gen_lane[0].i_p2_pop_slice",1,"gen_lane[0].i_p2_pop_slice/hsim_total_q[10]_i_21/O",1,"0",0
"i_p2_pop_slice","gen_lane[0].i_p2_pop_slice/hsim_total_q[10]_i_22_n_0",net,,"gen_lane[0].i_p2_pop_slice",1,"gen_lane[0].i_p2_pop_slice/hsim_total_q[10]_i_22/O",1,"0",0
"i_p2_pop_slice","gen_lane[0].i_p2_pop_slice/hsim_total_q[10]_i_23_n_0",net,,"gen_lane[0].i_p2_pop_slice",1,"gen_lane[0].i_p2_pop_slice/hsim_total_q[10]_i_23/O",1,"0",0
"i_p2_pop_slice","gen_lane[0].i_p2_pop_slice/hsim_total_q[10]_i_24_n_0",net,,"gen_lane[0].i_p2_pop_slice",1,"gen_lane[0].i_p2_pop_slice/hsim_total_q[10]_i_24/O",1,"0",0
"i_p2_pop_slice","gen_lane[0].i_p2_pop_slice/hsim_total_q[10]_i_25_n_0",net,,"gen_lane[0].i_p2_pop_slice",1,"gen_lane[0].i_p2_pop_slice/hsim_total_q[10]_i_25/O",1,"0",0
"i_p2_pop_slice","gen_lane[0].i_p2_pop_slice/hsim_total_q[10]_i_7_n_0",net,,"gen_lane[0].i_p2_pop_slice",1,"gen_lane[0].i_p2_pop_slice/hsim_total_q[10]_i_7/O",1,"0",0
"i_p2_pop_slice","gen_lane[0].i_p2_pop_slice/hsim_total_q[7]_i_15_n_0",net,,"gen_lane[0].i_p2_pop_slice",1,"gen_lane[0].i_p2_pop_slice/hsim_total_q[7]_i_15/O",1,"0",0
"i_p2_pop_slice","gen_lane[0].i_p2_pop_slice/hsim_total_q[7]_i_17_n_0",net,,"gen_lane[0].i_p2_pop_slice",1,"gen_lane[0].i_p2_pop_slice/hsim_total_q[7]_i_17/O",1,"0",0
"i_p2_pop_slice","gen_lane[0].i_p2_pop_slice/hsim_total_q[7]_i_18_n_0",net,,"gen_lane[0].i_p2_pop_slice",1,"gen_lane[0].i_p2_pop_slice/hsim_total_q[7]_i_18/O",1,"0",0
"i_p2_pop_slice","gen_lane[0].i_p2_pop_slice/hsim_total_q[7]_i_22_n_0",net,,"gen_lane[0].i_p2_pop_slice",1,"gen_lane[0].i_p2_pop_slice/hsim_total_q[7]_i_22/O",1,"0",0
"i_p2_pop_slice","gen_lane[0].i_p2_pop_slice/hsim_total_q[7]_i_23_n_0",net,,"gen_lane[0].i_p2_pop_slice",1,"gen_lane[0].i_p2_pop_slice/hsim_total_q[7]_i_23/O",1,"0",0
"i_p2_pop_slice","gen_lane[0].i_p2_pop_slice/hsim_total_q[7]_i_24_n_0",net,,"gen_lane[0].i_p2_pop_slice",1,"gen_lane[0].i_p2_pop_slice/hsim_total_q[7]_i_24/O",1,"0",0
"i_p2_pop_slice","gen_lane[0].i_p2_pop_slice/hsim_total_q[7]_i_25_n_0",net,,"gen_lane[0].i_p2_pop_slice",1,"gen_lane[0].i_p2_pop_slice/hsim_total_q[7]_i_25/O",1,"0",0
"i_p2_pop_slice","gen_lane[0].i_p2_pop_slice/hsim_total_q[7]_i_9[0]",net,,"gen_lane[0].i_p2_pop_slice",1,"gen_lane[3].i_p2_pop_slice/hsim_total_q[7]_i_14/O",1,"0",0
"i_p2_pop_slice","gen_lane[0].i_p2_pop_slice/hsim_total_q[7]_i_9[1]",net,,"gen_lane[0].i_p2_pop_slice",1,"gen_lane[3].i_p2_pop_slice/hsim_total_q[7]_i_13/O",1,"0",0
"i_p2_pop_slice","gen_lane[0].i_p2_pop_slice/hsim_total_q[7]_i_9[2]",net,,"gen_lane[0].i_p2_pop_slice",2,"gen_lane[3].i_p2_pop_slice/hsim_total_q[7]_i_12/O",2,"0;3",1
"i_p2_pop_slice","gen_lane[0].i_p2_pop_slice/hsim_total_q_reg[10]_i_10_n_0",net,,"gen_lane[0].i_p2_pop_slice",1,"gen_lane[0].i_p2_pop_slice/hsim_total_q_reg[10]_i_10/CO[3]",1,"0",0
"i_p2_pop_slice","gen_lane[0].i_p2_pop_slice/hsim_total_q_reg[10]_i_10_n_1",net,,"gen_lane[0].i_p2_pop_slice",0,"gen_lane[0].i_p2_pop_slice/hsim_total_q_reg[10]_i_10/CO[2]",0,"",0
"i_p2_pop_slice","gen_lane[0].i_p2_pop_slice/hsim_total_q_reg[10]_i_10_n_2",net,,"gen_lane[0].i_p2_pop_slice",0,"gen_lane[0].i_p2_pop_slice/hsim_total_q_reg[10]_i_10/CO[1]",0,"",0
"i_p2_pop_slice","gen_lane[0].i_p2_pop_slice/hsim_total_q_reg[10]_i_10_n_3",net,,"gen_lane[0].i_p2_pop_slice",0,"gen_lane[0].i_p2_pop_slice/hsim_total_q_reg[10]_i_10/CO[0]",0,"",0
"i_p2_pop_slice","gen_lane[0].i_p2_pop_slice/hsim_total_q_reg[10]_i_10_n_4",net,,"gen_lane[0].i_p2_pop_slice",1,"gen_lane[0].i_p2_pop_slice/hsim_total_q_reg[10]_i_10/O[3]",1,"0",0
"i_p2_pop_slice","gen_lane[0].i_p2_pop_slice/hsim_total_q_reg[10]_i_11_n_7",net,,"gen_lane[0].i_p2_pop_slice",1,"gen_lane[0].i_p2_pop_slice/hsim_total_q_reg[10]_i_11/O[0]",1,"0",0
"i_p2_pop_slice","gen_lane[0].i_p2_pop_slice/hsim_total_q_reg[10]_i_6_0[0]",net,,"gen_lane[0].i_p2_pop_slice",4,"hsim_total_q_reg[0]/Q",4,"0;3",1
"i_p2_pop_slice","gen_lane[0].i_p2_pop_slice/hsim_total_q_reg[10]_i_6_0[10]",net,,"gen_lane[0].i_p2_pop_slice",2,"hsim_total_q_reg[10]/Q",2,"0",0
"i_p2_pop_slice","gen_lane[0].i_p2_pop_slice/hsim_total_q_reg[10]_i_6_0[1]",net,,"gen_lane[0].i_p2_pop_slice",4,"hsim_total_q_reg[1]/Q",4,"0;3",1
"i_p2_pop_slice","gen_lane[0].i_p2_pop_slice/hsim_total_q_reg[10]_i_6_0[2]",net,,"gen_lane[0].i_p2_pop_slice",4,"hsim_total_q_reg[2]/Q",4,"0;3",1
"i_p2_pop_slice","gen_lane[0].i_p2_pop_slice/hsim_total_q_reg[10]_i_6_0[3]",net,,"gen_lane[0].i_p2_pop_slice",4,"hsim_total_q_reg[3]/Q",4,"0;3",1
"i_p2_pop_slice","gen_lane[0].i_p2_pop_slice/hsim_total_q_reg[10]_i_6_0[4]",net,,"gen_lane[0].i_p2_pop_slice",4,"hsim_total_q_reg[4]/Q",4,"0;3",1
"i_p2_pop_slice","gen_lane[0].i_p2_pop_slice/hsim_total_q_reg[10]_i_6_0[5]",net,,"gen_lane[0].i_p2_pop_slice",3,"hsim_total_q_reg[5]/Q",3,"0;3",1
"i_p2_pop_slice","gen_lane[0].i_p2_pop_slice/hsim_total_q_reg[10]_i_6_0[6]",net,,"gen_lane[0].i_p2_pop_slice",3,"hsim_total_q_reg[6]/Q",3,"0;3",1
"i_p2_pop_slice","gen_lane[0].i_p2_pop_slice/hsim_total_q_reg[10]_i_6_0[7]",net,,"gen_lane[0].i_p2_pop_slice",3,"hsim_total_q_reg[7]/Q",3,"0",0
"i_p2_pop_slice","gen_lane[0].i_p2_pop_slice/hsim_total_q_reg[10]_i_6_0[8]",net,,"gen_lane[0].i_p2_pop_slice",2,"hsim_total_q_reg[8]/Q",2,"0",0
"i_p2_pop_slice","gen_lane[0].i_p2_pop_slice/hsim_total_q_reg[10]_i_6_0[9]",net,,"gen_lane[0].i_p2_pop_slice",2,"hsim_total_q_reg[9]/Q",2,"0",0
"i_p2_pop_slice","gen_lane[0].i_p2_pop_slice/hsim_total_q_reg[10]_i_6_n_2",net,,"gen_lane[0].i_p2_pop_slice",0,"gen_lane[0].i_p2_pop_slice/hsim_total_q_reg[10]_i_6/CO[1]",0,"",0
"i_p2_pop_slice","gen_lane[0].i_p2_pop_slice/hsim_total_q_reg[10]_i_6_n_3",net,,"gen_lane[0].i_p2_pop_slice",0,"gen_lane[0].i_p2_pop_slice/hsim_total_q_reg[10]_i_6/CO[0]",0,"",0
"i_p2_pop_slice","gen_lane[0].i_p2_pop_slice/hsim_total_q_reg[10]_i_8_n_2",net,,"gen_lane[0].i_p2_pop_slice",0,"gen_lane[0].i_p2_pop_slice/hsim_total_q_reg[10]_i_8/CO[1]",0,"",0
"i_p2_pop_slice","gen_lane[0].i_p2_pop_slice/hsim_total_q_reg[10]_i_8_n_3",net,,"gen_lane[0].i_p2_pop_slice",0,"gen_lane[0].i_p2_pop_slice/hsim_total_q_reg[10]_i_8/CO[0]",0,"",0
"i_p2_pop_slice","gen_lane[0].i_p2_pop_slice/hsim_total_q_reg[10]_i_8_n_5",net,,"gen_lane[0].i_p2_pop_slice",1,"gen_lane[0].i_p2_pop_slice/hsim_total_q_reg[10]_i_8/O[2]",1,"0",0
"i_p2_pop_slice","gen_lane[0].i_p2_pop_slice/hsim_total_q_reg[10]_i_8_n_6",net,,"gen_lane[0].i_p2_pop_slice",1,"gen_lane[0].i_p2_pop_slice/hsim_total_q_reg[10]_i_8/O[1]",1,"0",0
"i_p2_pop_slice","gen_lane[0].i_p2_pop_slice/hsim_total_q_reg[10]_i_8_n_7",net,,"gen_lane[0].i_p2_pop_slice",1,"gen_lane[0].i_p2_pop_slice/hsim_total_q_reg[10]_i_8/O[0]",1,"0",0
"i_p2_pop_slice","gen_lane[0].i_p2_pop_slice/hsim_total_q_reg[10]_i_9_0[0]",net,,"gen_lane[0].i_p2_pop_slice",19,"a_q_reg[4]/Q",19,"0",0
"i_p2_pop_slice","gen_lane[0].i_p2_pop_slice/hsim_total_q_reg[10]_i_9_0[10]",net,,"gen_lane[0].i_p2_pop_slice",10,"a_q_reg[14]/Q",10,"0",0
"i_p2_pop_slice","gen_lane[0].i_p2_pop_slice/hsim_total_q_reg[10]_i_9_0[11]",net,,"gen_lane[0].i_p2_pop_slice",9,"a_q_reg[15]/Q",9,"0",0
"i_p2_pop_slice","gen_lane[0].i_p2_pop_slice/hsim_total_q_reg[10]_i_9_0[1]",net,,"gen_lane[0].i_p2_pop_slice",15,"a_q_reg[5]/Q",15,"0",0
"i_p2_pop_slice","gen_lane[0].i_p2_pop_slice/hsim_total_q_reg[10]_i_9_0[2]",net,,"gen_lane[0].i_p2_pop_slice",17,"a_q_reg[6]/Q",17,"0",0
"i_p2_pop_slice","gen_lane[0].i_p2_pop_slice/hsim_total_q_reg[10]_i_9_0[3]",net,,"gen_lane[0].i_p2_pop_slice",15,"a_q_reg[7]/Q",15,"0",0
"i_p2_pop_slice","gen_lane[0].i_p2_pop_slice/hsim_total_q_reg[10]_i_9_0[4]",net,,"gen_lane[0].i_p2_pop_slice",14,"a_q_reg[8]/Q",14,"0",0
"i_p2_pop_slice","gen_lane[0].i_p2_pop_slice/hsim_total_q_reg[10]_i_9_0[5]",net,,"gen_lane[0].i_p2_pop_slice",12,"a_q_reg[9]/Q",12,"0",0
"i_p2_pop_slice","gen_lane[0].i_p2_pop_slice/hsim_total_q_reg[10]_i_9_0[6]",net,,"gen_lane[0].i_p2_pop_slice",15,"a_q_reg[10]/Q",15,"0",0
"i_p2_pop_slice","gen_lane[0].i_p2_pop_slice/hsim_total_q_reg[10]_i_9_0[7]",net,,"gen_lane[0].i_p2_pop_slice",13,"a_q_reg[11]/Q",13,"0",0
"i_p2_pop_slice","gen_lane[0].i_p2_pop_slice/hsim_total_q_reg[10]_i_9_0[8]",net,,"gen_lane[0].i_p2_pop_slice",12,"a_q_reg[12]/Q",12,"0",0
"i_p2_pop_slice","gen_lane[0].i_p2_pop_slice/hsim_total_q_reg[10]_i_9_0[9]",net,,"gen_lane[0].i_p2_pop_slice",11,"a_q_reg[13]/Q",11,"0",0
"i_p2_pop_slice","gen_lane[0].i_p2_pop_slice/hsim_total_q_reg[10]_i_9_n_0",net,,"gen_lane[0].i_p2_pop_slice",1,"gen_lane[0].i_p2_pop_slice/hsim_total_q_reg[10]_i_9/CO[3]",1,"0",0
"i_p2_pop_slice","gen_lane[0].i_p2_pop_slice/hsim_total_q_reg[10]_i_9_n_1",net,,"gen_lane[0].i_p2_pop_slice",0,"gen_lane[0].i_p2_pop_slice/hsim_total_q_reg[10]_i_9/CO[2]",0,"",0
"i_p2_pop_slice","gen_lane[0].i_p2_pop_slice/hsim_total_q_reg[10]_i_9_n_2",net,,"gen_lane[0].i_p2_pop_slice",0,"gen_lane[0].i_p2_pop_slice/hsim_total_q_reg[10]_i_9/CO[1]",0,"",0
"i_p2_pop_slice","gen_lane[0].i_p2_pop_slice/hsim_total_q_reg[10]_i_9_n_3",net,,"gen_lane[0].i_p2_pop_slice",0,"gen_lane[0].i_p2_pop_slice/hsim_total_q_reg[10]_i_9/CO[0]",0,"",0
"i_p2_pop_slice","gen_lane[0].i_p2_pop_slice/hsim_total_q_reg[10]_i_9_n_4",net,,"gen_lane[0].i_p2_pop_slice",1,"gen_lane[0].i_p2_pop_slice/hsim_total_q_reg[10]_i_9/O[3]",1,"0",0
"i_p2_pop_slice","gen_lane[0].i_p2_pop_slice/hsim_total_q_reg[10]_i_9_n_5",net,,"gen_lane[0].i_p2_pop_slice",1,"gen_lane[0].i_p2_pop_slice/hsim_total_q_reg[10]_i_9/O[2]",1,"0",0
"i_p2_pop_slice","gen_lane[0].i_p2_pop_slice/hsim_total_q_reg[10]_i_9_n_6",net,,"gen_lane[0].i_p2_pop_slice",1,"gen_lane[0].i_p2_pop_slice/hsim_total_q_reg[10]_i_9/O[1]",1,"0",0
"i_p2_pop_slice","gen_lane[0].i_p2_pop_slice/hsim_total_q_reg[10]_i_9_n_7",net,,"gen_lane[0].i_p2_pop_slice",1,"gen_lane[0].i_p2_pop_slice/hsim_total_q_reg[10]_i_9/O[0]",1,"0",0
"i_p2_pop_slice","gen_lane[0].i_p2_pop_slice/hsim_total_q_reg[7][0]",net,,"gen_lane[0].i_p2_pop_slice",3,"gen_lane[0].i_p2_pop_slice/hsim_total_q_reg[7]_i_3/O[0]",3,"1;2",1
"i_p2_pop_slice","gen_lane[0].i_p2_pop_slice/hsim_total_q_reg[7][1]",net,,"gen_lane[0].i_p2_pop_slice",3,"gen_lane[0].i_p2_pop_slice/hsim_total_q_reg[7]_i_3/O[1]",3,"1;2",1
"i_p2_pop_slice","gen_lane[0].i_p2_pop_slice/hsim_total_q_reg[7][2]",net,,"gen_lane[0].i_p2_pop_slice",2,"gen_lane[0].i_p2_pop_slice/hsim_total_q_reg[7]_i_3/O[2]",2,"0;1",1
"i_p2_pop_slice","gen_lane[0].i_p2_pop_slice/hsim_total_q_reg[7][3]",net,,"gen_lane[0].i_p2_pop_slice",2,"gen_lane[0].i_p2_pop_slice/hsim_total_q_reg[7]_i_3/O[3]",2,"0;2",1
"i_p2_pop_slice","gen_lane[0].i_p2_pop_slice/hsim_total_q_reg[7]_i_11_n_0",net,,"gen_lane[0].i_p2_pop_slice",1,"gen_lane[0].i_p2_pop_slice/hsim_total_q_reg[7]_i_11/CO[3]",1,"0",0
"i_p2_pop_slice","gen_lane[0].i_p2_pop_slice/hsim_total_q_reg[7]_i_11_n_1",net,,"gen_lane[0].i_p2_pop_slice",0,"gen_lane[0].i_p2_pop_slice/hsim_total_q_reg[7]_i_11/CO[2]",0,"",0
"i_p2_pop_slice","gen_lane[0].i_p2_pop_slice/hsim_total_q_reg[7]_i_11_n_2",net,,"gen_lane[0].i_p2_pop_slice",0,"gen_lane[0].i_p2_pop_slice/hsim_total_q_reg[7]_i_11/CO[1]",0,"",0
"i_p2_pop_slice","gen_lane[0].i_p2_pop_slice/hsim_total_q_reg[7]_i_11_n_3",net,,"gen_lane[0].i_p2_pop_slice",0,"gen_lane[0].i_p2_pop_slice/hsim_total_q_reg[7]_i_11/CO[0]",0,"",0
"i_p2_pop_slice","gen_lane[0].i_p2_pop_slice/hsim_total_q_reg[7]_i_2[0]",net,,"gen_lane[0].i_p2_pop_slice",2,"gen_lane[1].i_p2_pop_slice/popcount_q_o_reg[6]/Q",2,"0;1",1
"i_p2_pop_slice","gen_lane[0].i_p2_pop_slice/hsim_total_q_reg[7]_i_2_0[0]",net,,"gen_lane[0].i_p2_pop_slice",2,"gen_lane[2].i_p2_pop_slice/popcount_q_o_reg[6]/Q",2,"0;1",1
"i_p2_pop_slice","gen_lane[0].i_p2_pop_slice/hsim_total_q_reg[7]_i_3_n_0",net,,"gen_lane[0].i_p2_pop_slice",1,"gen_lane[0].i_p2_pop_slice/hsim_total_q_reg[7]_i_3/CO[3]",1,"0",0
"i_p2_pop_slice","gen_lane[0].i_p2_pop_slice/hsim_total_q_reg[7]_i_3_n_1",net,,"gen_lane[0].i_p2_pop_slice",0,"gen_lane[0].i_p2_pop_slice/hsim_total_q_reg[7]_i_3/CO[2]",0,"",0
"i_p2_pop_slice","gen_lane[0].i_p2_pop_slice/hsim_total_q_reg[7]_i_3_n_2",net,,"gen_lane[0].i_p2_pop_slice",0,"gen_lane[0].i_p2_pop_slice/hsim_total_q_reg[7]_i_3/CO[1]",0,"",0
"i_p2_pop_slice","gen_lane[0].i_p2_pop_slice/hsim_total_q_reg[7]_i_3_n_3",net,,"gen_lane[0].i_p2_pop_slice",0,"gen_lane[0].i_p2_pop_slice/hsim_total_q_reg[7]_i_3/CO[0]",0,"",0
"i_p2_pop_slice","gen_lane[0].i_p2_pop_slice/hsim_total_q_reg[8]",net,,"gen_lane[0].i_p2_pop_slice",11,"gen_lane[2].i_p2_pop_slice/hsim_total_q[10]_i_5/O",11,"0;2",1
"i_p2_pop_slice","gen_lane[0].i_p2_pop_slice/i_popcount/bank_ra_data_o_reg[0][10]",net,,"gen_lane[0].i_p2_pop_slice/i_popcount",3,"gen_lane[0].i_p2_pop_slice/i_popcount/popcount_q_o[6]_i_20/O",3,"0",0
"i_p2_pop_slice","gen_lane[0].i_p2_pop_slice/i_popcount/bank_ra_data_o_reg[0][14]",net,,"gen_lane[0].i_p2_pop_slice/i_popcount",3,"gen_lane[0].i_p2_pop_slice/i_popcount/popcount_q_o[1]_i_11/O",3,"0",0
"i_p2_pop_slice","gen_lane[0].i_p2_pop_slice/i_popcount/bank_ra_data_o_reg[0][15]",net,,"gen_lane[0].i_p2_pop_slice/i_popcount",1,"gen_lane[0].i_p2_pop_slice/i_popcount/popcount_q_o[6]_i_56/O",1,"",0
"i_p2_pop_slice","gen_lane[0].i_p2_pop_slice/i_popcount/bank_ra_data_o_reg[0][18]",net,,"gen_lane[0].i_p2_pop_slice/i_popcount",1,"gen_lane[0].i_p2_pop_slice/i_popcount/popcount_q_o[6]_i_55/O",1,"",0
"i_p2_pop_slice","gen_lane[0].i_p2_pop_slice/i_popcount/bank_ra_data_o_reg[0][19]",net,,"gen_lane[0].i_p2_pop_slice/i_popcount",6,"gen_lane[0].i_p2_pop_slice/i_popcount/popcount_q_o[6]_i_11/O",6,"0",0
"i_p2_pop_slice","gen_lane[0].i_p2_pop_slice/i_popcount/bank_ra_data_o_reg[0][19]_0",net,,"gen_lane[0].i_p2_pop_slice/i_popcount",2,"gen_lane[0].i_p2_pop_slice/i_popcount/popcount_q_o[6]_i_22/O",2,"0",0
"i_p2_pop_slice","gen_lane[0].i_p2_pop_slice/i_popcount/bank_ra_data_o_reg[0][1]",net,,"gen_lane[0].i_p2_pop_slice/i_popcount",3,"gen_lane[0].i_p2_pop_slice/i_popcount/popcount_q_o[3]_i_5/O",3,"0",0
"i_p2_pop_slice","gen_lane[0].i_p2_pop_slice/i_popcount/bank_ra_data_o_reg[0][1]_0",net,,"gen_lane[0].i_p2_pop_slice/i_popcount",3,"gen_lane[0].i_p2_pop_slice/i_popcount/popcount_q_o[3]_i_4/O",3,"0",0
"i_p2_pop_slice","gen_lane[0].i_p2_pop_slice/i_popcount/bank_ra_data_o_reg[0][1]_1",net,,"gen_lane[0].i_p2_pop_slice/i_popcount",2,"gen_lane[0].i_p2_pop_slice/i_popcount/popcount_q_o[1]_i_5/O",2,"0",0
"i_p2_pop_slice","gen_lane[0].i_p2_pop_slice/i_popcount/bank_ra_data_o_reg[0][23]",net,,"gen_lane[0].i_p2_pop_slice/i_popcount",4,"gen_lane[0].i_p2_pop_slice/i_popcount/popcount_q_o[0]_i_3/O",4,"0",0
"i_p2_pop_slice","gen_lane[0].i_p2_pop_slice/i_popcount/bank_ra_data_o_reg[0][23]_0",net,,"gen_lane[0].i_p2_pop_slice/i_popcount",2,"gen_lane[0].i_p2_pop_slice/i_popcount/popcount_q_o[3]_i_8/O",2,"0",0
"i_p2_pop_slice","gen_lane[0].i_p2_pop_slice/i_popcount/bank_ra_data_o_reg[0][24]",net,,"gen_lane[0].i_p2_pop_slice/i_popcount",1,"gen_lane[0].i_p2_pop_slice/i_popcount/popcount_q_o[6]_i_52/O",1,"",0
"i_p2_pop_slice","gen_lane[0].i_p2_pop_slice/i_popcount/bank_ra_data_o_reg[0][27]",net,,"gen_lane[0].i_p2_pop_slice/i_popcount",1,"gen_lane[0].i_p2_pop_slice/i_popcount/popcount_q_o[6]_i_51/O",1,"",0
"i_p2_pop_slice","gen_lane[0].i_p2_pop_slice/i_popcount/bank_ra_data_o_reg[0][32]",net,,"gen_lane[0].i_p2_pop_slice/i_popcount",4,"gen_lane[0].i_p2_pop_slice/i_popcount/popcount_q_o[0]_i_2/O",4,"0",0
"i_p2_pop_slice","gen_lane[0].i_p2_pop_slice/i_popcount/bank_ra_data_o_reg[0][32]_0",net,,"gen_lane[0].i_p2_pop_slice/i_popcount",2,"gen_lane[0].i_p2_pop_slice/i_popcount/popcount_q_o[3]_i_9/O",2,"0",0
"i_p2_pop_slice","gen_lane[0].i_p2_pop_slice/i_popcount/bank_ra_data_o_reg[0][41]",net,,"gen_lane[0].i_p2_pop_slice/i_popcount",4,"gen_lane[0].i_p2_pop_slice/i_popcount/popcount_q_o[0]_i_4/O",4,"0",0
"i_p2_pop_slice","gen_lane[0].i_p2_pop_slice/i_popcount/bank_ra_data_o_reg[0][41]_0",net,,"gen_lane[0].i_p2_pop_slice/i_popcount",3,"gen_lane[0].i_p2_pop_slice/i_popcount/popcount_q_o[3]_i_7/O",3,"0",0
"i_p2_pop_slice","gen_lane[0].i_p2_pop_slice/i_popcount/bank_ra_data_o_reg[0][50]",net,,"gen_lane[0].i_p2_pop_slice/i_popcount",3,"gen_lane[0].i_p2_pop_slice/i_popcount/popcount_q_o[0]_i_5/O",3,"0",0
"i_p2_pop_slice","gen_lane[0].i_p2_pop_slice/i_popcount/bank_ra_data_o_reg[0][55]",net,,"gen_lane[0].i_p2_pop_slice/i_popcount",3,"gen_lane[0].i_p2_pop_slice/i_popcount/popcount_q_o[1]_i_2/O",3,"0",0
"i_p2_pop_slice","gen_lane[0].i_p2_pop_slice/i_popcount/bank_ra_data_o_reg[0][55]_0",net,,"gen_lane[0].i_p2_pop_slice/i_popcount",6,"gen_lane[0].i_p2_pop_slice/i_popcount/popcount_q_o[6]_i_10/O",6,"0",0
"i_p2_pop_slice","gen_lane[0].i_p2_pop_slice/i_popcount/bank_ra_data_o_reg[0][55]_1",net,,"gen_lane[0].i_p2_pop_slice/i_popcount",5,"gen_lane[0].i_p2_pop_slice/i_popcount/popcount_q_o[6]_i_3/O",5,"0",0
"i_p2_pop_slice","gen_lane[0].i_p2_pop_slice/i_popcount/bank_ra_data_o_reg[0][55]_2",net,,"gen_lane[0].i_p2_pop_slice/i_popcount",4,"gen_lane[0].i_p2_pop_slice/i_popcount/popcount_q_o[6]_i_19/O",4,"0",0
"i_p2_pop_slice","gen_lane[0].i_p2_pop_slice/i_popcount/bank_ra_data_o_reg[0][55]_3",net,,"gen_lane[0].i_p2_pop_slice/i_popcount",1,"gen_lane[0].i_p2_pop_slice/i_popcount/popcount_q_o[3]_i_10/O",1,"",0
"i_p2_pop_slice","gen_lane[0].i_p2_pop_slice/i_popcount/bank_ra_data_o_reg[0][58]",net,,"gen_lane[0].i_p2_pop_slice/i_popcount",2,"gen_lane[0].i_p2_pop_slice/i_popcount/popcount_q_o[1]_i_6/O",2,"0",0
"i_p2_pop_slice","gen_lane[0].i_p2_pop_slice/i_popcount/bank_ra_data_o_reg[0][5]",net,,"gen_lane[0].i_p2_pop_slice/i_popcount",3,"gen_lane[0].i_p2_pop_slice/i_popcount/popcount_q_o[1]_i_14/O",3,"0",0
"i_p2_pop_slice","gen_lane[0].i_p2_pop_slice/i_popcount/bank_ra_data_o_reg[0][63]",net,,"gen_lane[0].i_p2_pop_slice/i_popcount",2,"gen_lane[0].i_p2_pop_slice/i_popcount/popcount_q_o[3]_i_11/O",2,"0",0
"i_p2_pop_slice","gen_lane[0].i_p2_pop_slice/i_popcount/bank_ra_data_o_reg[0][6]",net,,"gen_lane[0].i_p2_pop_slice/i_popcount",1,"gen_lane[0].i_p2_pop_slice/i_popcount/popcount_q_o[6]_i_54/O",1,"",0
"i_p2_pop_slice","gen_lane[0].i_p2_pop_slice/i_popcount/bank_ra_data_o_reg[0][9]",net,,"gen_lane[0].i_p2_pop_slice/i_popcount",1,"gen_lane[0].i_p2_pop_slice/i_popcount/popcount_q_o[6]_i_53/O",1,"",0
"i_p2_pop_slice","gen_lane[0].i_p2_pop_slice/i_popcount/lane_bool_result[0][0]",net,,"gen_lane[0].i_p2_pop_slice/i_popcount",4,"i_vrf/popcount_q_o[0]_i_30/O",4,"0",0
"i_p2_pop_slice","gen_lane[0].i_p2_pop_slice/i_popcount/lane_bool_result[0][10]",net,,"gen_lane[0].i_p2_pop_slice/i_popcount",4,"i_vrf/lane_result_q[0][16]_i_5/O",4,"0",0
"i_p2_pop_slice","gen_lane[0].i_p2_pop_slice/i_popcount/lane_bool_result[0][11]",net,,"gen_lane[0].i_p2_pop_slice/i_popcount",4,"i_vrf/lane_result_q[0][17]_i_5/O",4,"0",0
"i_p2_pop_slice","gen_lane[0].i_p2_pop_slice/i_popcount/lane_bool_result[0][12]",net,,"gen_lane[0].i_p2_pop_slice/i_popcount",4,"i_vrf/lane_result_q[0][18]_i_5/O",4,"0",0
"i_p2_pop_slice","gen_lane[0].i_p2_pop_slice/i_popcount/lane_bool_result[0][13]",net,,"gen_lane[0].i_p2_pop_slice/i_popcount",6,"i_vrf/popcount_q_o[0]_i_14/O",6,"0",0
"i_p2_pop_slice","gen_lane[0].i_p2_pop_slice/i_popcount/lane_bool_result[0][14]",net,,"gen_lane[0].i_p2_pop_slice/i_popcount",6,"i_vrf/popcount_q_o[0]_i_13/O",6,"0",0
"i_p2_pop_slice","gen_lane[0].i_p2_pop_slice/i_popcount/lane_bool_result[0][15]",net,,"gen_lane[0].i_p2_pop_slice/i_popcount",6,"i_vrf/popcount_q_o[0]_i_15/O",6,"0",0
"i_p2_pop_slice","gen_lane[0].i_p2_pop_slice/i_popcount/lane_bool_result[0][16]",net,,"gen_lane[0].i_p2_pop_slice/i_popcount",5,"i_vrf/lane_result_q[0][25]_i_5/O",5,"0",0
"i_p2_pop_slice","gen_lane[0].i_p2_pop_slice/i_popcount/lane_bool_result[0][17]",net,,"gen_lane[0].i_p2_pop_slice/i_popcount",5,"i_vrf/lane_result_q[0][26]_i_5/O",5,"0",0
"i_p2_pop_slice","gen_lane[0].i_p2_pop_slice/i_popcount/lane_bool_result[0][18]",net,,"gen_lane[0].i_p2_pop_slice/i_popcount",5,"i_vrf/lane_result_q[0][27]_i_5/O",5,"0",0
"i_p2_pop_slice","gen_lane[0].i_p2_pop_slice/i_popcount/lane_bool_result[0][19]",net,,"gen_lane[0].i_p2_pop_slice/i_popcount",5,"i_vrf/lane_result_q[0][28]_i_5/O",5,"0",0
"i_p2_pop_slice","gen_lane[0].i_p2_pop_slice/i_popcount/lane_bool_result[0][1]",net,,"gen_lane[0].i_p2_pop_slice/i_popcount",5,"i_vrf/lane_result_q[0][4]_i_5/O",5,"0",0
"i_p2_pop_slice","gen_lane[0].i_p2_pop_slice/i_popcount/lane_bool_result[0][20]",net,,"gen_lane[0].i_p2_pop_slice/i_popcount",5,"i_vrf/lane_result_q[0][29]_i_5/O",5,"0",0
"i_p2_pop_slice","gen_lane[0].i_p2_pop_slice/i_popcount/lane_bool_result[0][21]",net,,"gen_lane[0].i_p2_pop_slice/i_popcount",5,"i_vrf/lane_result_q[0][30]_i_5/O",5,"0",0
"i_p2_pop_slice","gen_lane[0].i_p2_pop_slice/i_popcount/lane_bool_result[0][22]",net,,"gen_lane[0].i_p2_pop_slice/i_popcount",6,"i_vrf/popcount_q_o[0]_i_9/O",6,"0",0
"i_p2_pop_slice","gen_lane[0].i_p2_pop_slice/i_popcount/lane_bool_result[0][23]",net,,"gen_lane[0].i_p2_pop_slice/i_popcount",6,"i_vrf/popcount_q_o[0]_i_8/O",6,"0",0
"i_p2_pop_slice","gen_lane[0].i_p2_pop_slice/i_popcount/lane_bool_result[0][24]",net,,"gen_lane[0].i_p2_pop_slice/i_popcount",6,"i_vrf/popcount_q_o[0]_i_10/O",6,"0",0
"i_p2_pop_slice","gen_lane[0].i_p2_pop_slice/i_popcount/lane_bool_result[0][25]",net,,"gen_lane[0].i_p2_pop_slice/i_popcount",5,"i_vrf/lane_result_q[0][34]_i_6/O",5,"0",0
"i_p2_pop_slice","gen_lane[0].i_p2_pop_slice/i_popcount/lane_bool_result[0][26]",net,,"gen_lane[0].i_p2_pop_slice/i_popcount",5,"i_vrf/lane_result_q[0][35]_i_6/O",5,"0",0
"i_p2_pop_slice","gen_lane[0].i_p2_pop_slice/i_popcount/lane_bool_result[0][27]",net,,"gen_lane[0].i_p2_pop_slice/i_popcount",5,"i_vrf/lane_result_q[0][36]_i_5/O",5,"0",0
"i_p2_pop_slice","gen_lane[0].i_p2_pop_slice/i_popcount/lane_bool_result[0][28]",net,,"gen_lane[0].i_p2_pop_slice/i_popcount",5,"i_vrf/lane_result_q[0][37]_i_5/O",5,"0",0
"i_p2_pop_slice","gen_lane[0].i_p2_pop_slice/i_popcount/lane_bool_result[0][29]",net,,"gen_lane[0].i_p2_pop_slice/i_popcount",5,"i_vrf/lane_result_q[0][38]_i_5/O",5,"0",0
"i_p2_pop_slice","gen_lane[0].i_p2_pop_slice/i_popcount/lane_bool_result[0][2]",net,,"gen_lane[0].i_p2_pop_slice/i_popcount",5,"i_vrf/lane_result_q[0][5]_i_5/O",5,"0",0
"i_p2_pop_slice","gen_lane[0].i_p2_pop_slice/i_popcount/lane_bool_result[0][30]",net,,"gen_lane[0].i_p2_pop_slice/i_popcount",5,"i_vrf/lane_result_q[0][39]_i_6/O",5,"0",0
"i_p2_pop_slice","gen_lane[0].i_p2_pop_slice/i_popcount/lane_bool_result[0][31]",net,,"gen_lane[0].i_p2_pop_slice/i_popcount",6,"i_vrf/popcount_q_o[0]_i_19/O",6,"0",0
"i_p2_pop_slice","gen_lane[0].i_p2_pop_slice/i_popcount/lane_bool_result[0][32]",net,,"gen_lane[0].i_p2_pop_slice/i_popcount",6,"i_vrf/popcount_q_o[0]_i_18/O",6,"0",0
"i_p2_pop_slice","gen_lane[0].i_p2_pop_slice/i_popcount/lane_bool_result[0][33]",net,,"gen_lane[0].i_p2_pop_slice/i_popcount",6,"i_vrf/popcount_q_o[0]_i_20/O",6,"0",0
"i_p2_pop_slice","gen_lane[0].i_p2_pop_slice/i_popcount/lane_bool_result[0][34]",net,,"gen_lane[0].i_p2_pop_slice/i_popcount",5,"i_vrf/lane_result_q[0][43]_i_5/O",5,"0",0
"i_p2_pop_slice","gen_lane[0].i_p2_pop_slice/i_popcount/lane_bool_result[0][35]",net,,"gen_lane[0].i_p2_pop_slice/i_popcount",5,"i_vrf/lane_result_q[0][44]_i_5/O",5,"0",0
"i_p2_pop_slice","gen_lane[0].i_p2_pop_slice/i_popcount/lane_bool_result[0][36]",net,,"gen_lane[0].i_p2_pop_slice/i_popcount",5,"i_vrf/lane_result_q[0][45]_i_5/O",5,"0",0
"i_p2_pop_slice","gen_lane[0].i_p2_pop_slice/i_popcount/lane_bool_result[0][37]",net,,"gen_lane[0].i_p2_pop_slice/i_popcount",5,"i_vrf/lane_result_q[0][46]_i_5/O",5,"0",0
"i_p2_pop_slice","gen_lane[0].i_p2_pop_slice/i_popcount/lane_bool_result[0][38]",net,,"gen_lane[0].i_p2_pop_slice/i_popcount",5,"i_vrf/lane_result_q[0][47]_i_6/O",5,"0",0
"i_p2_pop_slice","gen_lane[0].i_p2_pop_slice/i_popcount/lane_bool_result[0][39]",net,,"gen_lane[0].i_p2_pop_slice/i_popcount",5,"i_vrf/lane_result_q[0][48]_i_5/O",5,"0",0
"i_p2_pop_slice","gen_lane[0].i_p2_pop_slice/i_popcount/lane_bool_result[0][3]",net,,"gen_lane[0].i_p2_pop_slice/i_popcount",5,"i_vrf/lane_result_q[0][6]_i_5/O",5,"0",0
"i_p2_pop_slice","gen_lane[0].i_p2_pop_slice/i_popcount/lane_bool_result[0][40]",net,,"gen_lane[0].i_p2_pop_slice/i_popcount",5,"i_vrf/popcount_q_o[0]_i_24/O",5,"0",0
"i_p2_pop_slice","gen_lane[0].i_p2_pop_slice/i_popcount/lane_bool_result[0][41]",net,,"gen_lane[0].i_p2_pop_slice/i_popcount",5,"i_vrf/popcount_q_o[0]_i_23/O",5,"0",0
"i_p2_pop_slice","gen_lane[0].i_p2_pop_slice/i_popcount/lane_bool_result[0][42]",net,,"gen_lane[0].i_p2_pop_slice/i_popcount",5,"i_vrf/popcount_q_o[0]_i_25/O",5,"0",0
"i_p2_pop_slice","gen_lane[0].i_p2_pop_slice/i_popcount/lane_bool_result[0][43]",net,,"gen_lane[0].i_p2_pop_slice/i_popcount",4,"i_vrf/lane_result_q[0][52]_i_5/O",4,"0",0
"i_p2_pop_slice","gen_lane[0].i_p2_pop_slice/i_popcount/lane_bool_result[0][44]",net,,"gen_lane[0].i_p2_pop_slice/i_popcount",4,"i_vrf/lane_result_q[0][53]_i_5/O",4,"0",0
"i_p2_pop_slice","gen_lane[0].i_p2_pop_slice/i_popcount/lane_bool_result[0][45]",net,,"gen_lane[0].i_p2_pop_slice/i_popcount",4,"i_vrf/lane_result_q[0][54]_i_6/O",4,"0",0
"i_p2_pop_slice","gen_lane[0].i_p2_pop_slice/i_popcount/lane_bool_result[0][4]",net,,"gen_lane[0].i_p2_pop_slice/i_popcount",4,"i_vrf/lane_result_q[0][7]_i_5/O",4,"0",0
"i_p2_pop_slice","gen_lane[0].i_p2_pop_slice/i_popcount/lane_bool_result[0][5]",net,,"gen_lane[0].i_p2_pop_slice/i_popcount",4,"i_vrf/lane_result_q[0][8]_i_5/O",4,"0",0
"i_p2_pop_slice","gen_lane[0].i_p2_pop_slice/i_popcount/lane_bool_result[0][6]",net,,"gen_lane[0].i_p2_pop_slice/i_popcount",4,"i_vrf/lane_result_q[0][9]_i_5/O",4,"0",0
"i_p2_pop_slice","gen_lane[0].i_p2_pop_slice/i_popcount/lane_bool_result[0][7]",net,,"gen_lane[0].i_p2_pop_slice/i_popcount",5,"i_vrf/lane_result_q[0][13]_i_5/O",5,"0",0
"i_p2_pop_slice","gen_lane[0].i_p2_pop_slice/i_popcount/lane_bool_result[0][8]",net,,"gen_lane[0].i_p2_pop_slice/i_popcount",5,"i_vrf/lane_result_q[0][14]_i_5/O",5,"0",0
"i_p2_pop_slice","gen_lane[0].i_p2_pop_slice/i_popcount/lane_bool_result[0][9]",net,,"gen_lane[0].i_p2_pop_slice/i_popcount",5,"i_vrf/lane_result_q[0][15]_i_5/O",5,"0",0
"i_p2_pop_slice","gen_lane[0].i_p2_pop_slice/i_popcount/popcount_q_o[0]_i_11_n_0",net,,"gen_lane[0].i_p2_pop_slice/i_popcount",3,"gen_lane[0].i_p2_pop_slice/i_popcount/popcount_q_o[0]_i_11/O",3,"0",0
"i_p2_pop_slice","gen_lane[0].i_p2_pop_slice/i_popcount/popcount_q_o[0]_i_12_n_0",net,,"gen_lane[0].i_p2_pop_slice/i_popcount",3,"gen_lane[0].i_p2_pop_slice/i_popcount/popcount_q_o[0]_i_12/O",3,"0",0
"i_p2_pop_slice","gen_lane[0].i_p2_pop_slice/i_popcount/popcount_q_o[0]_i_16_n_0",net,,"gen_lane[0].i_p2_pop_slice/i_popcount",3,"gen_lane[0].i_p2_pop_slice/i_popcount/popcount_q_o[0]_i_16/O",3,"0",0
"i_p2_pop_slice","gen_lane[0].i_p2_pop_slice/i_popcount/popcount_q_o[0]_i_17_n_0",net,,"gen_lane[0].i_p2_pop_slice/i_popcount",3,"gen_lane[0].i_p2_pop_slice/i_popcount/popcount_q_o[0]_i_17/O",3,"0",0
"i_p2_pop_slice","gen_lane[0].i_p2_pop_slice/i_popcount/popcount_q_o[0]_i_21_n_0",net,,"gen_lane[0].i_p2_pop_slice/i_popcount",2,"gen_lane[0].i_p2_pop_slice/i_popcount/popcount_q_o[0]_i_21/O",2,"0",0
"i_p2_pop_slice","gen_lane[0].i_p2_pop_slice/i_popcount/popcount_q_o[0]_i_22_n_0",net,,"gen_lane[0].i_p2_pop_slice/i_popcount",2,"gen_lane[0].i_p2_pop_slice/i_popcount/popcount_q_o[0]_i_22/O",2,"0",0
"i_p2_pop_slice","gen_lane[0].i_p2_pop_slice/i_popcount/popcount_q_o[0]_i_27_n_0",net,,"gen_lane[0].i_p2_pop_slice/i_popcount",3,"gen_lane[0].i_p2_pop_slice/i_popcount/popcount_q_o[0]_i_27/O",3,"0",0
"i_p2_pop_slice","gen_lane[0].i_p2_pop_slice/i_popcount/popcount_q_o[0]_i_7",net,,"gen_lane[0].i_p2_pop_slice/i_popcount",2,"i_vrf/popcount_q_o[1]_i_19/O",2,"0",0
"i_p2_pop_slice","gen_lane[0].i_p2_pop_slice/i_popcount/popcount_q_o[0]_i_7_0",net,,"gen_lane[0].i_p2_pop_slice/i_popcount",2,"i_vrf/popcount_q_o[1]_i_21/O",2,"0",0
"i_p2_pop_slice","gen_lane[0].i_p2_pop_slice/i_popcount/popcount_q_o[1]_i_10_n_0",net,,"gen_lane[0].i_p2_pop_slice/i_popcount",1,"gen_lane[0].i_p2_pop_slice/i_popcount/popcount_q_o[1]_i_10/O",1,"0",0
"i_p2_pop_slice","gen_lane[0].i_p2_pop_slice/i_popcount/popcount_q_o[1]_i_15_n_0",net,,"gen_lane[0].i_p2_pop_slice/i_popcount",2,"gen_lane[0].i_p2_pop_slice/i_popcount/popcount_q_o[1]_i_15/O",2,"0",0
"i_p2_pop_slice","gen_lane[0].i_p2_pop_slice/i_popcount/popcount_q_o[1]_i_16_0",net,,"gen_lane[0].i_p2_pop_slice/i_popcount",3,"gen_lane[0].i_p2_pop_slice/i_popcount/popcount_q_o[1]_i_4/O",3,"0",0
"i_p2_pop_slice","gen_lane[0].i_p2_pop_slice/i_popcount/popcount_q_o[1]_i_16_n_0",net,,"gen_lane[0].i_p2_pop_slice/i_popcount",2,"gen_lane[0].i_p2_pop_slice/i_popcount/popcount_q_o[1]_i_16/O",2,"0",0
"i_p2_pop_slice","gen_lane[0].i_p2_pop_slice/i_popcount/popcount_q_o[1]_i_18_n_0",net,,"gen_lane[0].i_p2_pop_slice/i_popcount",1,"gen_lane[0].i_p2_pop_slice/i_popcount/popcount_q_o[1]_i_18/O",1,"0",0
"i_p2_pop_slice","gen_lane[0].i_p2_pop_slice/i_popcount/popcount_q_o[1]_i_20_n_0",net,,"gen_lane[0].i_p2_pop_slice/i_popcount",2,"gen_lane[0].i_p2_pop_slice/i_popcount/popcount_q_o[1]_i_20/O",2,"0",0
"i_p2_pop_slice","gen_lane[0].i_p2_pop_slice/i_popcount/popcount_q_o[1]_i_22_n_0",net,,"gen_lane[0].i_p2_pop_slice/i_popcount",2,"gen_lane[0].i_p2_pop_slice/i_popcount/popcount_q_o[1]_i_22/O",2,"0",0
"i_p2_pop_slice","gen_lane[0].i_p2_pop_slice/i_popcount/popcount_q_o[1]_i_23_n_0",net,,"gen_lane[0].i_p2_pop_slice/i_popcount",2,"gen_lane[0].i_p2_pop_slice/i_popcount/popcount_q_o[1]_i_23/O",2,"0",0
"i_p2_pop_slice","gen_lane[0].i_p2_pop_slice/i_popcount/popcount_q_o[1]_i_24_n_0",net,,"gen_lane[0].i_p2_pop_slice/i_popcount",2,"gen_lane[0].i_p2_pop_slice/i_popcount/popcount_q_o[1]_i_24/O",2,"0",0
"i_p2_pop_slice","gen_lane[0].i_p2_pop_slice/i_popcount/popcount_q_o[1]_i_25_n_0",net,,"gen_lane[0].i_p2_pop_slice/i_popcount",1,"gen_lane[0].i_p2_pop_slice/i_popcount/popcount_q_o[1]_i_25/O",1,"0",0
"i_p2_pop_slice","gen_lane[0].i_p2_pop_slice/i_popcount/popcount_q_o[1]_i_26_n_0",net,,"gen_lane[0].i_p2_pop_slice/i_popcount",1,"gen_lane[0].i_p2_pop_slice/i_popcount/popcount_q_o[1]_i_26/O",1,"0",0
"i_p2_pop_slice","gen_lane[0].i_p2_pop_slice/i_popcount/popcount_q_o[1]_i_27_n_0",net,,"gen_lane[0].i_p2_pop_slice/i_popcount",1,"gen_lane[0].i_p2_pop_slice/i_popcount/popcount_q_o[1]_i_27/O",1,"0",0
"i_p2_pop_slice","gen_lane[0].i_p2_pop_slice/i_popcount/popcount_q_o[1]_i_28_n_0",net,,"gen_lane[0].i_p2_pop_slice/i_popcount",1,"gen_lane[0].i_p2_pop_slice/i_popcount/popcount_q_o[1]_i_28/O",1,"0",0
"i_p2_pop_slice","gen_lane[0].i_p2_pop_slice/i_popcount/popcount_q_o[1]_i_4_0",net,,"gen_lane[0].i_p2_pop_slice/i_popcount",2,"i_vrf/popcount_q_o[6]_i_44/O",2,"0",0
"i_p2_pop_slice","gen_lane[0].i_p2_pop_slice/i_popcount/popcount_q_o[1]_i_4_1",net,,"gen_lane[0].i_p2_pop_slice/i_popcount",2,"i_vrf/popcount_q_o[6]_i_45/O",2,"0",0
"i_p2_pop_slice","gen_lane[0].i_p2_pop_slice/i_popcount/popcount_q_o[1]_i_4_2",net,,"gen_lane[0].i_p2_pop_slice/i_popcount",2,"i_vrf/popcount_q_o[6]_i_47/O",2,"0",0
"i_p2_pop_slice","gen_lane[0].i_p2_pop_slice/i_popcount/popcount_q_o[1]_i_7_n_0",net,,"gen_lane[0].i_p2_pop_slice/i_popcount",3,"gen_lane[0].i_p2_pop_slice/i_popcount/popcount_q_o[1]_i_7/O",3,"0",0
"i_p2_pop_slice","gen_lane[0].i_p2_pop_slice/i_popcount/popcount_q_o[1]_i_9_n_0",net,,"gen_lane[0].i_p2_pop_slice/i_popcount",3,"gen_lane[0].i_p2_pop_slice/i_popcount/popcount_q_o[1]_i_9/O",3,"0",0
"i_p2_pop_slice","gen_lane[0].i_p2_pop_slice/i_popcount/popcount_q_o[3]_i_2",net,,"gen_lane[0].i_p2_pop_slice/i_popcount",3,"i_vrf/popcount_q_o[0]_i_31/O",3,"0",0
"i_p2_pop_slice","gen_lane[0].i_p2_pop_slice/i_popcount/popcount_q_o[3]_i_2_0",net,,"gen_lane[0].i_p2_pop_slice/i_popcount",2,"i_vrf/popcount_q_o[6]_i_28/O",2,"0",0
"i_p2_pop_slice","gen_lane[0].i_p2_pop_slice/i_popcount/popcount_q_o[3]_i_9_0",net,,"gen_lane[0].i_p2_pop_slice/i_popcount",6,"gen_lane[0].i_p2_pop_slice/i_popcount/popcount_q_o[6]_i_12/O",6,"0",0
"i_p2_pop_slice","gen_lane[0].i_p2_pop_slice/i_popcount/popcount_q_o[4]_i_2",net,,"gen_lane[0].i_p2_pop_slice/i_popcount",3,"i_vrf/popcount_q_o[6]_i_24/O",3,"0",0
"i_p2_pop_slice","gen_lane[0].i_p2_pop_slice/i_popcount/popcount_q_o[4]_i_2_0",net,,"gen_lane[0].i_p2_pop_slice/i_popcount",3,"i_vrf/popcount_q_o[6]_i_25/O",3,"0",0
"i_p2_pop_slice","gen_lane[0].i_p2_pop_slice/i_popcount/popcount_q_o[4]_i_2_1",net,,"gen_lane[0].i_p2_pop_slice/i_popcount",3,"i_vrf/popcount_q_o[6]_i_26/O",3,"0",0
"i_p2_pop_slice","gen_lane[0].i_p2_pop_slice/i_popcount/popcount_q_o[6]_i_12_0",net,,"gen_lane[0].i_p2_pop_slice/i_popcount",3,"gen_lane[0].i_p2_pop_slice/i_popcount/popcount_q_o[3]_i_3/O",3,"0",0
"i_p2_pop_slice","gen_lane[0].i_p2_pop_slice/i_popcount/popcount_q_o[6]_i_12_1",net,,"gen_lane[0].i_p2_pop_slice/i_popcount",5,"gen_lane[0].i_p2_pop_slice/i_popcount/popcount_q_o[6]_i_2/O",5,"0",0
"i_p2_pop_slice","gen_lane[0].i_p2_pop_slice/i_popcount/popcount_q_o[6]_i_12_2",net,,"gen_lane[0].i_p2_pop_slice/i_popcount",4,"gen_lane[0].i_p2_pop_slice/i_popcount/popcount_q_o[6]_i_4/O",4,"0",0
"i_p2_pop_slice","gen_lane[0].i_p2_pop_slice/i_popcount/popcount_q_o[6]_i_13_n_0",net,,"gen_lane[0].i_p2_pop_slice/i_popcount",3,"gen_lane[0].i_p2_pop_slice/i_popcount/popcount_q_o[6]_i_13/O",3,"0",0
"i_p2_pop_slice","gen_lane[0].i_p2_pop_slice/i_popcount/popcount_q_o[6]_i_15_n_0",net,,"gen_lane[0].i_p2_pop_slice/i_popcount",5,"gen_lane[0].i_p2_pop_slice/i_popcount/popcount_q_o[6]_i_15/O",5,"0",0
"i_p2_pop_slice","gen_lane[0].i_p2_pop_slice/i_popcount/popcount_q_o[6]_i_16_n_0",net,,"gen_lane[0].i_p2_pop_slice/i_popcount",2,"gen_lane[0].i_p2_pop_slice/i_popcount/popcount_q_o[6]_i_16/O",2,"0",0
"i_p2_pop_slice","gen_lane[0].i_p2_pop_slice/i_popcount/popcount_q_o[6]_i_17_n_0",net,,"gen_lane[0].i_p2_pop_slice/i_popcount",2,"gen_lane[0].i_p2_pop_slice/i_popcount/popcount_q_o[6]_i_17/O",2,"0",0
"i_p2_pop_slice","gen_lane[0].i_p2_pop_slice/i_popcount/popcount_q_o[6]_i_18_n_0",net,,"gen_lane[0].i_p2_pop_slice/i_popcount",2,"gen_lane[0].i_p2_pop_slice/i_popcount/popcount_q_o[6]_i_18/O",2,"0",0
"i_p2_pop_slice","gen_lane[0].i_p2_pop_slice/i_popcount/popcount_q_o[6]_i_22_0",net,,"gen_lane[0].i_p2_pop_slice/i_popcount",2,"gen_lane[0].i_p2_pop_slice/i_popcount/popcount_q_o[6]_i_5/O",2,"",0
"i_p2_pop_slice","gen_lane[0].i_p2_pop_slice/i_popcount/popcount_q_o[6]_i_23_0",net,,"gen_lane[0].i_p2_pop_slice/i_popcount",3,"gen_lane[0].i_p2_pop_slice/i_popcount/popcount_q_o[6]_i_7/O",3,"",0
"i_p2_pop_slice","gen_lane[0].i_p2_pop_slice/i_popcount/popcount_q_o[6]_i_23_n_0",net,,"gen_lane[0].i_p2_pop_slice/i_popcount",1,"gen_lane[0].i_p2_pop_slice/i_popcount/popcount_q_o[6]_i_23/O",1,"0",0
"i_p2_pop_slice","gen_lane[0].i_p2_pop_slice/i_popcount/popcount_q_o[6]_i_27_n_0",net,,"gen_lane[0].i_p2_pop_slice/i_popcount",2,"gen_lane[0].i_p2_pop_slice/i_popcount/popcount_q_o[6]_i_27/O",2,"0",0
"i_p2_pop_slice","gen_lane[0].i_p2_pop_slice/i_popcount/popcount_q_o[6]_i_31_n_0",net,,"gen_lane[0].i_p2_pop_slice/i_popcount",1,"gen_lane[0].i_p2_pop_slice/i_popcount/popcount_q_o[6]_i_31/O",1,"0",0
"i_p2_pop_slice","gen_lane[0].i_p2_pop_slice/i_popcount/popcount_q_o[6]_i_32_n_0",net,,"gen_lane[0].i_p2_pop_slice/i_popcount",1,"gen_lane[0].i_p2_pop_slice/i_popcount/popcount_q_o[6]_i_32/O",1,"0",0
"i_p2_pop_slice","gen_lane[0].i_p2_pop_slice/i_popcount/popcount_q_o[6]_i_33_n_0",net,,"gen_lane[0].i_p2_pop_slice/i_popcount",2,"gen_lane[0].i_p2_pop_slice/i_popcount/popcount_q_o[6]_i_33/O",2,"0",0
"i_p2_pop_slice","gen_lane[0].i_p2_pop_slice/i_popcount/popcount_q_o[6]_i_34_n_0",net,,"gen_lane[0].i_p2_pop_slice/i_popcount",2,"gen_lane[0].i_p2_pop_slice/i_popcount/popcount_q_o[6]_i_34/O",2,"0",0
"i_p2_pop_slice","gen_lane[0].i_p2_pop_slice/i_popcount/popcount_q_o[6]_i_35_n_0",net,,"gen_lane[0].i_p2_pop_slice/i_popcount",3,"gen_lane[0].i_p2_pop_slice/i_popcount/popcount_q_o[6]_i_35/O",3,"0",0
"i_p2_pop_slice","gen_lane[0].i_p2_pop_slice/i_popcount/popcount_q_o[6]_i_36_n_0",net,,"gen_lane[0].i_p2_pop_slice/i_popcount",2,"gen_lane[0].i_p2_pop_slice/i_popcount/popcount_q_o[6]_i_36/O",2,"0",0
"i_p2_pop_slice","gen_lane[0].i_p2_pop_slice/i_popcount/popcount_q_o[6]_i_37_n_0",net,,"gen_lane[0].i_p2_pop_slice/i_popcount",2,"gen_lane[0].i_p2_pop_slice/i_popcount/popcount_q_o[6]_i_37/O",2,"0",0
"i_p2_pop_slice","gen_lane[0].i_p2_pop_slice/i_popcount/popcount_q_o[6]_i_38_n_0",net,,"gen_lane[0].i_p2_pop_slice/i_popcount",3,"gen_lane[0].i_p2_pop_slice/i_popcount/popcount_q_o[6]_i_38/O",3,"0",0
"i_p2_pop_slice","gen_lane[0].i_p2_pop_slice/i_popcount/popcount_q_o[6]_i_39_n_0",net,,"gen_lane[0].i_p2_pop_slice/i_popcount",2,"gen_lane[0].i_p2_pop_slice/i_popcount/popcount_q_o[6]_i_39/O",2,"0",0
"i_p2_pop_slice","gen_lane[0].i_p2_pop_slice/i_popcount/popcount_q_o[6]_i_40_n_0",net,,"gen_lane[0].i_p2_pop_slice/i_popcount",2,"gen_lane[0].i_p2_pop_slice/i_popcount/popcount_q_o[6]_i_40/O",2,"0",0
"i_p2_pop_slice","gen_lane[0].i_p2_pop_slice/i_popcount/popcount_q_o[6]_i_41_n_0",net,,"gen_lane[0].i_p2_pop_slice/i_popcount",2,"gen_lane[0].i_p2_pop_slice/i_popcount/popcount_q_o[6]_i_41/O",2,"0",0
"i_p2_pop_slice","gen_lane[0].i_p2_pop_slice/i_popcount/popcount_q_o[6]_i_42_n_0",net,,"gen_lane[0].i_p2_pop_slice/i_popcount",2,"gen_lane[0].i_p2_pop_slice/i_popcount/popcount_q_o[6]_i_42/O",2,"0",0
"i_p2_pop_slice","gen_lane[0].i_p2_pop_slice/i_popcount/popcount_q_o[6]_i_43_n_0",net,,"gen_lane[0].i_p2_pop_slice/i_popcount",2,"gen_lane[0].i_p2_pop_slice/i_popcount/popcount_q_o[6]_i_43/O",2,"0",0
"i_p2_pop_slice","gen_lane[0].i_p2_pop_slice/i_popcount/popcount_q_o[6]_i_46_n_0",net,,"gen_lane[0].i_p2_pop_slice/i_popcount",2,"gen_lane[0].i_p2_pop_slice/i_popcount/popcount_q_o[6]_i_46/O",2,"0",0
"i_p2_pop_slice","gen_lane[0].i_p2_pop_slice/i_popcount/popcount_q_o[6]_i_48_n_0",net,,"gen_lane[0].i_p2_pop_slice/i_popcount",2,"gen_lane[0].i_p2_pop_slice/i_popcount/popcount_q_o[6]_i_48/O",2,"0",0
"i_p2_pop_slice","gen_lane[0].i_p2_pop_slice/i_popcount/popcount_q_o[6]_i_49_0",net,,"gen_lane[0].i_p2_pop_slice/i_popcount",2,"gen_lane[0].i_p2_pop_slice/i_popcount/popcount_q_o[6]_i_21/O",2,"0",0
"i_p2_pop_slice","gen_lane[0].i_p2_pop_slice/i_popcount/popcount_q_o[6]_i_49_n_0",net,,"gen_lane[0].i_p2_pop_slice/i_popcount",3,"gen_lane[0].i_p2_pop_slice/i_popcount/popcount_q_o[6]_i_49/O",3,"0",0
"i_p2_pop_slice","gen_lane[0].i_p2_pop_slice/i_popcount/popcount_q_o[6]_i_4_0",net,,"gen_lane[0].i_p2_pop_slice/i_popcount",1,"gen_lane[0].i_p2_pop_slice/i_popcount/popcount_q_o[3]_i_6/O",1,"",0
"i_p2_pop_slice","gen_lane[0].i_p2_pop_slice/i_popcount/popcount_q_o[6]_i_50_n_0",net,,"gen_lane[0].i_p2_pop_slice/i_popcount",3,"gen_lane[0].i_p2_pop_slice/i_popcount/popcount_q_o[6]_i_50/O",3,"0",0
"i_p2_pop_slice","gen_lane[0].i_p2_pop_slice/i_popcount/popcount_q_o[6]_i_8_n_0",net,,"gen_lane[0].i_p2_pop_slice/i_popcount",2,"gen_lane[0].i_p2_pop_slice/i_popcount/popcount_q_o[6]_i_8/O",2,"0",0
"i_p2_pop_slice","gen_lane[0].i_p2_pop_slice/i_popcount/popcount_q_o[6]_i_9_n_0",net,,"gen_lane[0].i_p2_pop_slice/i_popcount",2,"gen_lane[0].i_p2_pop_slice/i_popcount/popcount_q_o[6]_i_9/O",2,"0",0
"i_p2_pop_slice","gen_lane[0].i_p2_pop_slice/i_popcount/popcount_q_o_reg[0]",net,,"gen_lane[0].i_p2_pop_slice/i_popcount",3,"i_vrf/popcount_q_o[0]_i_26/O",3,"0",0
"i_p2_pop_slice","gen_lane[0].i_p2_pop_slice/i_popcount/popcount_q_o_reg[1]",net,,"gen_lane[0].i_p2_pop_slice/i_popcount",1,"i_vrf/popcount_q_o[1]_i_17/O",1,"0",0
"i_p2_pop_slice","gen_lane[0].i_p2_pop_slice/i_popcount/popcount_q_o_reg[1]_0",net,,"gen_lane[0].i_p2_pop_slice/i_popcount",3,"i_vrf/popcount_q_o[0]_i_6/O",3,"0",0
"i_p2_pop_slice","gen_lane[0].i_p2_pop_slice/i_popcount/popcount_q_o_reg[1]_1",net,,"gen_lane[0].i_p2_pop_slice/i_popcount",3,"i_vrf/popcount_q_o[1]_i_8/O",3,"0",0
"i_p2_pop_slice","gen_lane[0].i_p2_pop_slice/i_popcount/popcount_q_o_reg[2]",net,,"gen_lane[0].i_p2_pop_slice/i_popcount",3,"i_vrf/popcount_q_o[1]_i_3/O",3,"0",0
"i_p2_pop_slice","gen_lane[0].i_p2_pop_slice/i_popcount/popcount_q_o_reg[6]",net,,"gen_lane[0].i_p2_pop_slice/i_popcount",3,"i_vrf/popcount_q_o[3]_i_2/O",3,"0",0
"i_p2_pop_slice","gen_lane[0].i_p2_pop_slice/i_popcount/popcount_q_o_reg[6]_0",net,,"gen_lane[0].i_p2_pop_slice/i_popcount",3,"i_vrf/popcount_q_o[6]_i_14/O",3,"0",0
"i_p2_pop_slice","gen_lane[0].i_p2_pop_slice/in171[10]",net,,"gen_lane[0].i_p2_pop_slice",4,"gen_lane[0].i_p2_pop_slice/hsim_total_q_reg[10]_i_6/O[2]",4,"0",0
"i_p2_pop_slice","gen_lane[0].i_p2_pop_slice/in171[8]",net,,"gen_lane[0].i_p2_pop_slice",4,"gen_lane[0].i_p2_pop_slice/hsim_total_q_reg[10]_i_6/O[0]",4,"0",0
"i_p2_pop_slice","gen_lane[0].i_p2_pop_slice/in171[9]",net,,"gen_lane[0].i_p2_pop_slice",4,"gen_lane[0].i_p2_pop_slice/hsim_total_q_reg[10]_i_6/O[1]",4,"0",0
"i_p2_pop_slice","gen_lane[0].i_p2_pop_slice/lane_bool_result[0][0]",net,,"gen_lane[0].i_p2_pop_slice",4,"i_vrf/popcount_q_o[0]_i_30/O",4,"0",0
"i_p2_pop_slice","gen_lane[0].i_p2_pop_slice/lane_bool_result[0][10]",net,,"gen_lane[0].i_p2_pop_slice",4,"i_vrf/lane_result_q[0][16]_i_5/O",4,"0",0
"i_p2_pop_slice","gen_lane[0].i_p2_pop_slice/lane_bool_result[0][11]",net,,"gen_lane[0].i_p2_pop_slice",4,"i_vrf/lane_result_q[0][17]_i_5/O",4,"0",0
"i_p2_pop_slice","gen_lane[0].i_p2_pop_slice/lane_bool_result[0][12]",net,,"gen_lane[0].i_p2_pop_slice",4,"i_vrf/lane_result_q[0][18]_i_5/O",4,"0",0
"i_p2_pop_slice","gen_lane[0].i_p2_pop_slice/lane_bool_result[0][13]",net,,"gen_lane[0].i_p2_pop_slice",6,"i_vrf/popcount_q_o[0]_i_14/O",6,"0",0
"i_p2_pop_slice","gen_lane[0].i_p2_pop_slice/lane_bool_result[0][14]",net,,"gen_lane[0].i_p2_pop_slice",6,"i_vrf/popcount_q_o[0]_i_13/O",6,"0",0
"i_p2_pop_slice","gen_lane[0].i_p2_pop_slice/lane_bool_result[0][15]",net,,"gen_lane[0].i_p2_pop_slice",6,"i_vrf/popcount_q_o[0]_i_15/O",6,"0",0
"i_p2_pop_slice","gen_lane[0].i_p2_pop_slice/lane_bool_result[0][16]",net,,"gen_lane[0].i_p2_pop_slice",5,"i_vrf/lane_result_q[0][25]_i_5/O",5,"0",0
"i_p2_pop_slice","gen_lane[0].i_p2_pop_slice/lane_bool_result[0][17]",net,,"gen_lane[0].i_p2_pop_slice",5,"i_vrf/lane_result_q[0][26]_i_5/O",5,"0",0
"i_p2_pop_slice","gen_lane[0].i_p2_pop_slice/lane_bool_result[0][18]",net,,"gen_lane[0].i_p2_pop_slice",5,"i_vrf/lane_result_q[0][27]_i_5/O",5,"0",0
"i_p2_pop_slice","gen_lane[0].i_p2_pop_slice/lane_bool_result[0][19]",net,,"gen_lane[0].i_p2_pop_slice",5,"i_vrf/lane_result_q[0][28]_i_5/O",5,"0",0
"i_p2_pop_slice","gen_lane[0].i_p2_pop_slice/lane_bool_result[0][1]",net,,"gen_lane[0].i_p2_pop_slice",5,"i_vrf/lane_result_q[0][4]_i_5/O",5,"0",0
"i_p2_pop_slice","gen_lane[0].i_p2_pop_slice/lane_bool_result[0][20]",net,,"gen_lane[0].i_p2_pop_slice",5,"i_vrf/lane_result_q[0][29]_i_5/O",5,"0",0
"i_p2_pop_slice","gen_lane[0].i_p2_pop_slice/lane_bool_result[0][21]",net,,"gen_lane[0].i_p2_pop_slice",5,"i_vrf/lane_result_q[0][30]_i_5/O",5,"0",0
"i_p2_pop_slice","gen_lane[0].i_p2_pop_slice/lane_bool_result[0][22]",net,,"gen_lane[0].i_p2_pop_slice",6,"i_vrf/popcount_q_o[0]_i_9/O",6,"0",0
"i_p2_pop_slice","gen_lane[0].i_p2_pop_slice/lane_bool_result[0][23]",net,,"gen_lane[0].i_p2_pop_slice",6,"i_vrf/popcount_q_o[0]_i_8/O",6,"0",0
"i_p2_pop_slice","gen_lane[0].i_p2_pop_slice/lane_bool_result[0][24]",net,,"gen_lane[0].i_p2_pop_slice",6,"i_vrf/popcount_q_o[0]_i_10/O",6,"0",0
"i_p2_pop_slice","gen_lane[0].i_p2_pop_slice/lane_bool_result[0][25]",net,,"gen_lane[0].i_p2_pop_slice",5,"i_vrf/lane_result_q[0][34]_i_6/O",5,"0",0
"i_p2_pop_slice","gen_lane[0].i_p2_pop_slice/lane_bool_result[0][26]",net,,"gen_lane[0].i_p2_pop_slice",5,"i_vrf/lane_result_q[0][35]_i_6/O",5,"0",0
"i_p2_pop_slice","gen_lane[0].i_p2_pop_slice/lane_bool_result[0][27]",net,,"gen_lane[0].i_p2_pop_slice",5,"i_vrf/lane_result_q[0][36]_i_5/O",5,"0",0
"i_p2_pop_slice","gen_lane[0].i_p2_pop_slice/lane_bool_result[0][28]",net,,"gen_lane[0].i_p2_pop_slice",5,"i_vrf/lane_result_q[0][37]_i_5/O",5,"0",0
"i_p2_pop_slice","gen_lane[0].i_p2_pop_slice/lane_bool_result[0][29]",net,,"gen_lane[0].i_p2_pop_slice",5,"i_vrf/lane_result_q[0][38]_i_5/O",5,"0",0
"i_p2_pop_slice","gen_lane[0].i_p2_pop_slice/lane_bool_result[0][2]",net,,"gen_lane[0].i_p2_pop_slice",5,"i_vrf/lane_result_q[0][5]_i_5/O",5,"0",0
"i_p2_pop_slice","gen_lane[0].i_p2_pop_slice/lane_bool_result[0][30]",net,,"gen_lane[0].i_p2_pop_slice",5,"i_vrf/lane_result_q[0][39]_i_6/O",5,"0",0
"i_p2_pop_slice","gen_lane[0].i_p2_pop_slice/lane_bool_result[0][31]",net,,"gen_lane[0].i_p2_pop_slice",6,"i_vrf/popcount_q_o[0]_i_19/O",6,"0",0
"i_p2_pop_slice","gen_lane[0].i_p2_pop_slice/lane_bool_result[0][32]",net,,"gen_lane[0].i_p2_pop_slice",6,"i_vrf/popcount_q_o[0]_i_18/O",6,"0",0
"i_p2_pop_slice","gen_lane[0].i_p2_pop_slice/lane_bool_result[0][33]",net,,"gen_lane[0].i_p2_pop_slice",6,"i_vrf/popcount_q_o[0]_i_20/O",6,"0",0
"i_p2_pop_slice","gen_lane[0].i_p2_pop_slice/lane_bool_result[0][34]",net,,"gen_lane[0].i_p2_pop_slice",5,"i_vrf/lane_result_q[0][43]_i_5/O",5,"0",0
"i_p2_pop_slice","gen_lane[0].i_p2_pop_slice/lane_bool_result[0][35]",net,,"gen_lane[0].i_p2_pop_slice",5,"i_vrf/lane_result_q[0][44]_i_5/O",5,"0",0
"i_p2_pop_slice","gen_lane[0].i_p2_pop_slice/lane_bool_result[0][36]",net,,"gen_lane[0].i_p2_pop_slice",5,"i_vrf/lane_result_q[0][45]_i_5/O",5,"0",0
"i_p2_pop_slice","gen_lane[0].i_p2_pop_slice/lane_bool_result[0][37]",net,,"gen_lane[0].i_p2_pop_slice",5,"i_vrf/lane_result_q[0][46]_i_5/O",5,"0",0
"i_p2_pop_slice","gen_lane[0].i_p2_pop_slice/lane_bool_result[0][38]",net,,"gen_lane[0].i_p2_pop_slice",5,"i_vrf/lane_result_q[0][47]_i_6/O",5,"0",0
"i_p2_pop_slice","gen_lane[0].i_p2_pop_slice/lane_bool_result[0][39]",net,,"gen_lane[0].i_p2_pop_slice",5,"i_vrf/lane_result_q[0][48]_i_5/O",5,"0",0
"i_p2_pop_slice","gen_lane[0].i_p2_pop_slice/lane_bool_result[0][3]",net,,"gen_lane[0].i_p2_pop_slice",5,"i_vrf/lane_result_q[0][6]_i_5/O",5,"0",0
"i_p2_pop_slice","gen_lane[0].i_p2_pop_slice/lane_bool_result[0][40]",net,,"gen_lane[0].i_p2_pop_slice",5,"i_vrf/popcount_q_o[0]_i_24/O",5,"0",0
"i_p2_pop_slice","gen_lane[0].i_p2_pop_slice/lane_bool_result[0][41]",net,,"gen_lane[0].i_p2_pop_slice",5,"i_vrf/popcount_q_o[0]_i_23/O",5,"0",0
"i_p2_pop_slice","gen_lane[0].i_p2_pop_slice/lane_bool_result[0][42]",net,,"gen_lane[0].i_p2_pop_slice",5,"i_vrf/popcount_q_o[0]_i_25/O",5,"0",0
"i_p2_pop_slice","gen_lane[0].i_p2_pop_slice/lane_bool_result[0][43]",net,,"gen_lane[0].i_p2_pop_slice",4,"i_vrf/lane_result_q[0][52]_i_5/O",4,"0",0
"i_p2_pop_slice","gen_lane[0].i_p2_pop_slice/lane_bool_result[0][44]",net,,"gen_lane[0].i_p2_pop_slice",4,"i_vrf/lane_result_q[0][53]_i_5/O",4,"0",0
"i_p2_pop_slice","gen_lane[0].i_p2_pop_slice/lane_bool_result[0][45]",net,,"gen_lane[0].i_p2_pop_slice",4,"i_vrf/lane_result_q[0][54]_i_6/O",4,"0",0
"i_p2_pop_slice","gen_lane[0].i_p2_pop_slice/lane_bool_result[0][4]",net,,"gen_lane[0].i_p2_pop_slice",4,"i_vrf/lane_result_q[0][7]_i_5/O",4,"0",0
"i_p2_pop_slice","gen_lane[0].i_p2_pop_slice/lane_bool_result[0][5]",net,,"gen_lane[0].i_p2_pop_slice",4,"i_vrf/lane_result_q[0][8]_i_5/O",4,"0",0
"i_p2_pop_slice","gen_lane[0].i_p2_pop_slice/lane_bool_result[0][6]",net,,"gen_lane[0].i_p2_pop_slice",4,"i_vrf/lane_result_q[0][9]_i_5/O",4,"0",0
"i_p2_pop_slice","gen_lane[0].i_p2_pop_slice/lane_bool_result[0][7]",net,,"gen_lane[0].i_p2_pop_slice",5,"i_vrf/lane_result_q[0][13]_i_5/O",5,"0",0
"i_p2_pop_slice","gen_lane[0].i_p2_pop_slice/lane_bool_result[0][8]",net,,"gen_lane[0].i_p2_pop_slice",5,"i_vrf/lane_result_q[0][14]_i_5/O",5,"0",0
"i_p2_pop_slice","gen_lane[0].i_p2_pop_slice/lane_bool_result[0][9]",net,,"gen_lane[0].i_p2_pop_slice",5,"i_vrf/lane_result_q[0][15]_i_5/O",5,"0",0
"i_p2_pop_slice","gen_lane[0].i_p2_pop_slice/lane_result_q_reg[0][0]",net,,"gen_lane[0].i_p2_pop_slice",65,"i_vrf/lane_result_q[0][63]_i_3/O",65,"0",0
"i_p2_pop_slice","gen_lane[0].i_p2_pop_slice/pop_d_i",net,,"gen_lane[0].i_p2_pop_slice",4,"gen_lane[3].i_p2_pop_slice/pop_q_i_1/O",4,"0;1;2;3",1
"i_p2_pop_slice","gen_lane[0].i_p2_pop_slice/pop_q",net,,"gen_lane[0].i_p2_pop_slice",8,"gen_lane[0].i_p2_pop_slice/pop_q_reg/Q",8,"0",0
"i_p2_pop_slice","gen_lane[0].i_p2_pop_slice/popcount_q_o[0]",net,,"gen_lane[0].i_p2_pop_slice",3,"gen_lane[3].i_p2_pop_slice/popcount_q_o_reg[0]/Q",3,"0;3",1
"i_p2_pop_slice","gen_lane[0].i_p2_pop_slice/popcount_q_o[0]_i_7",net,,"gen_lane[0].i_p2_pop_slice",2,"i_vrf/popcount_q_o[1]_i_19/O",2,"0",0
"i_p2_pop_slice","gen_lane[0].i_p2_pop_slice/popcount_q_o[0]_i_7_0",net,,"gen_lane[0].i_p2_pop_slice",2,"i_vrf/popcount_q_o[1]_i_21/O",2,"0",0
"i_p2_pop_slice","gen_lane[0].i_p2_pop_slice/popcount_q_o[1]",net,,"gen_lane[0].i_p2_pop_slice",3,"gen_lane[3].i_p2_pop_slice/popcount_q_o_reg[1]/Q",3,"0;3",1
"i_p2_pop_slice","gen_lane[0].i_p2_pop_slice/popcount_q_o[1]_i_16",net,,"gen_lane[0].i_p2_pop_slice",3,"gen_lane[0].i_p2_pop_slice/i_popcount/popcount_q_o[1]_i_4/O",3,"0",0
"i_p2_pop_slice","gen_lane[0].i_p2_pop_slice/popcount_q_o[1]_i_4",net,,"gen_lane[0].i_p2_pop_slice",2,"i_vrf/popcount_q_o[6]_i_44/O",2,"0",0
"i_p2_pop_slice","gen_lane[0].i_p2_pop_slice/popcount_q_o[1]_i_4_0",net,,"gen_lane[0].i_p2_pop_slice",2,"i_vrf/popcount_q_o[6]_i_45/O",2,"0",0
"i_p2_pop_slice","gen_lane[0].i_p2_pop_slice/popcount_q_o[1]_i_4_1",net,,"gen_lane[0].i_p2_pop_slice",2,"i_vrf/popcount_q_o[6]_i_47/O",2,"0",0
"i_p2_pop_slice","gen_lane[0].i_p2_pop_slice/popcount_q_o[2]",net,,"gen_lane[0].i_p2_pop_slice",3,"gen_lane[3].i_p2_pop_slice/popcount_q_o_reg[2]/Q",3,"0;3",1
"i_p2_pop_slice","gen_lane[0].i_p2_pop_slice/popcount_q_o[3]",net,,"gen_lane[0].i_p2_pop_slice",3,"gen_lane[3].i_p2_pop_slice/popcount_q_o_reg[3]/Q",3,"0;3",1
"i_p2_pop_slice","gen_lane[0].i_p2_pop_slice/popcount_q_o[3]_i_2",net,,"gen_lane[0].i_p2_pop_slice",3,"i_vrf/popcount_q_o[0]_i_31/O",3,"0",0
"i_p2_pop_slice","gen_lane[0].i_p2_pop_slice/popcount_q_o[3]_i_2_0",net,,"gen_lane[0].i_p2_pop_slice",2,"i_vrf/popcount_q_o[6]_i_28/O",2,"0",0
"i_p2_pop_slice","gen_lane[0].i_p2_pop_slice/popcount_q_o[3]_i_9",net,,"gen_lane[0].i_p2_pop_slice",6,"gen_lane[0].i_p2_pop_slice/i_popcount/popcount_q_o[6]_i_12/O",6,"0",0
"i_p2_pop_slice","gen_lane[0].i_p2_pop_slice/popcount_q_o[4]",net,,"gen_lane[0].i_p2_pop_slice",3,"gen_lane[3].i_p2_pop_slice/popcount_q_o_reg[4]/Q",3,"0;3",1
"i_p2_pop_slice","gen_lane[0].i_p2_pop_slice/popcount_q_o[4]_i_2",net,,"gen_lane[0].i_p2_pop_slice",3,"i_vrf/popcount_q_o[6]_i_24/O",3,"0",0
"i_p2_pop_slice","gen_lane[0].i_p2_pop_slice/popcount_q_o[4]_i_2_0",net,,"gen_lane[0].i_p2_pop_slice",3,"i_vrf/popcount_q_o[6]_i_25/O",3,"0",0
"i_p2_pop_slice","gen_lane[0].i_p2_pop_slice/popcount_q_o[4]_i_2_1",net,,"gen_lane[0].i_p2_pop_slice",3,"i_vrf/popcount_q_o[6]_i_26/O",3,"0",0
"i_p2_pop_slice","gen_lane[0].i_p2_pop_slice/popcount_q_o[5]",net,,"gen_lane[0].i_p2_pop_slice",2,"gen_lane[3].i_p2_pop_slice/popcount_q_o_reg[5]/Q",2,"0;3",1
"i_p2_pop_slice","gen_lane[0].i_p2_pop_slice/popcount_q_o[6]",net,,"gen_lane[0].i_p2_pop_slice",2,"gen_lane[3].i_p2_pop_slice/popcount_q_o_reg[6]/Q",2,"0;3",1
"i_p2_pop_slice","gen_lane[0].i_p2_pop_slice/popcount_q_o[6]_i_12",net,,"gen_lane[0].i_p2_pop_slice",3,"gen_lane[0].i_p2_pop_slice/i_popcount/popcount_q_o[3]_i_3/O",3,"0",0
"i_p2_pop_slice","gen_lane[0].i_p2_pop_slice/popcount_q_o[6]_i_12_0",net,,"gen_lane[0].i_p2_pop_slice",5,"gen_lane[0].i_p2_pop_slice/i_popcount/popcount_q_o[6]_i_2/O",5,"0",0
"i_p2_pop_slice","gen_lane[0].i_p2_pop_slice/popcount_q_o[6]_i_12_1",net,,"gen_lane[0].i_p2_pop_slice",4,"gen_lane[0].i_p2_pop_slice/i_popcount/popcount_q_o[6]_i_4/O",4,"0",0
"i_p2_pop_slice","gen_lane[0].i_p2_pop_slice/popcount_q_o[6]_i_22",net,,"gen_lane[0].i_p2_pop_slice",2,"gen_lane[0].i_p2_pop_slice/i_popcount/popcount_q_o[6]_i_5/O",2,"",0
"i_p2_pop_slice","gen_lane[0].i_p2_pop_slice/popcount_q_o[6]_i_23",net,,"gen_lane[0].i_p2_pop_slice",3,"gen_lane[0].i_p2_pop_slice/i_popcount/popcount_q_o[6]_i_7/O",3,"",0
"i_p2_pop_slice","gen_lane[0].i_p2_pop_slice/popcount_q_o[6]_i_4",net,,"gen_lane[0].i_p2_pop_slice",1,"gen_lane[0].i_p2_pop_slice/i_popcount/popcount_q_o[3]_i_6/O",1,"",0
"i_p2_pop_slice","gen_lane[0].i_p2_pop_slice/popcount_q_o[6]_i_49",net,,"gen_lane[0].i_p2_pop_slice",2,"gen_lane[0].i_p2_pop_slice/i_popcount/popcount_q_o[6]_i_21/O",2,"0",0
"i_p2_pop_slice","gen_lane[0].i_p2_pop_slice/popcount_q_o_reg[0]_0",net,,"gen_lane[0].i_p2_pop_slice",3,"i_vrf/popcount_q_o[0]_i_26/O",3,"0",0
"i_p2_pop_slice","gen_lane[0].i_p2_pop_slice/popcount_q_o_reg[1]_0",net,,"gen_lane[0].i_p2_pop_slice",1,"i_vrf/popcount_q_o[1]_i_17/O",1,"0",0
"i_p2_pop_slice","gen_lane[0].i_p2_pop_slice/popcount_q_o_reg[1]_1",net,,"gen_lane[0].i_p2_pop_slice",3,"i_vrf/popcount_q_o[0]_i_6/O",3,"0",0
"i_p2_pop_slice","gen_lane[0].i_p2_pop_slice/popcount_q_o_reg[1]_2",net,,"gen_lane[0].i_p2_pop_slice",3,"i_vrf/popcount_q_o[1]_i_8/O",3,"0",0
"i_p2_pop_slice","gen_lane[0].i_p2_pop_slice/popcount_q_o_reg[2]_0",net,,"gen_lane[0].i_p2_pop_slice",3,"i_vrf/popcount_q_o[1]_i_3/O",3,"0",0
"i_p2_pop_slice","gen_lane[0].i_p2_pop_slice/popcount_q_o_reg[6]_0[0]",net,,"gen_lane[0].i_p2_pop_slice",3,"gen_lane[0].i_p2_pop_slice/popcount_q_o_reg[0]/Q",3,"0;3",1
"i_p2_pop_slice","gen_lane[0].i_p2_pop_slice/popcount_q_o_reg[6]_0[1]",net,,"gen_lane[0].i_p2_pop_slice",3,"gen_lane[0].i_p2_pop_slice/popcount_q_o_reg[1]/Q",3,"0;3",1
"i_p2_pop_slice","gen_lane[0].i_p2_pop_slice/popcount_q_o_reg[6]_0[2]",net,,"gen_lane[0].i_p2_pop_slice",3,"gen_lane[0].i_p2_pop_slice/popcount_q_o_reg[2]/Q",3,"0;3",1
"i_p2_pop_slice","gen_lane[0].i_p2_pop_slice/popcount_q_o_reg[6]_0[3]",net,,"gen_lane[0].i_p2_pop_slice",3,"gen_lane[0].i_p2_pop_slice/popcount_q_o_reg[3]/Q",3,"0;3",1
"i_p2_pop_slice","gen_lane[0].i_p2_pop_slice/popcount_q_o_reg[6]_0[4]",net,,"gen_lane[0].i_p2_pop_slice",3,"gen_lane[0].i_p2_pop_slice/popcount_q_o_reg[4]/Q",3,"0;3",1
"i_p2_pop_slice","gen_lane[0].i_p2_pop_slice/popcount_q_o_reg[6]_0[5]",net,,"gen_lane[0].i_p2_pop_slice",2,"gen_lane[0].i_p2_pop_slice/popcount_q_o_reg[5]/Q",2,"0;3",1
"i_p2_pop_slice","gen_lane[0].i_p2_pop_slice/popcount_q_o_reg[6]_0[6]",net,,"gen_lane[0].i_p2_pop_slice",2,"gen_lane[0].i_p2_pop_slice/popcount_q_o_reg[6]/Q",2,"0;3",1
"i_p2_pop_slice","gen_lane[0].i_p2_pop_slice/popcount_q_o_reg[6]_1[0]",net,,"gen_lane[0].i_p2_pop_slice",1,"gen_lane[0].i_p2_pop_slice/hsim_total_q[7]_i_7/O",1,"2",0
"i_p2_pop_slice","gen_lane[0].i_p2_pop_slice/popcount_q_o_reg[6]_2",net,,"gen_lane[0].i_p2_pop_slice",2201,"i_vrf/FSM_onehot_st_q[0]_i_3/O",2201,"0;1;2;3",1
"i_p2_pop_slice","gen_lane[0].i_p2_pop_slice/popcount_q_o_reg[6]_3",net,,"gen_lane[0].i_p2_pop_slice",3,"i_vrf/popcount_q_o[3]_i_2/O",3,"0",0
"i_p2_pop_slice","gen_lane[0].i_p2_pop_slice/popcount_q_o_reg[6]_4",net,,"gen_lane[0].i_p2_pop_slice",3,"i_vrf/popcount_q_o[6]_i_14/O",3,"0",0
"i_p2_pop_slice","gen_lane[0].i_p2_pop_slice/popcount_q_o_reg[6]_5[0]",net,,"gen_lane[0].i_p2_pop_slice",1,"i_vrf/popcount_q_o[0]_i_1/O",1,"0",0
"i_p2_pop_slice","gen_lane[0].i_p2_pop_slice/popcount_q_o_reg[6]_5[1]",net,,"gen_lane[0].i_p2_pop_slice",1,"i_vrf/popcount_q_o[1]_i_1/O",1,"0",0
"i_p2_pop_slice","gen_lane[0].i_p2_pop_slice/popcount_q_o_reg[6]_5[2]",net,,"gen_lane[0].i_p2_pop_slice",1,"i_vrf/popcount_q_o[2]_i_1/O",1,"0",0
"i_p2_pop_slice","gen_lane[0].i_p2_pop_slice/popcount_q_o_reg[6]_5[3]",net,,"gen_lane[0].i_p2_pop_slice",1,"i_vrf/popcount_q_o[3]_i_1/O",1,"0",0
"i_p2_pop_slice","gen_lane[0].i_p2_pop_slice/popcount_q_o_reg[6]_5[4]",net,,"gen_lane[0].i_p2_pop_slice",1,"i_vrf/popcount_q_o[4]_i_1/O",1,"0",0
"i_p2_pop_slice","gen_lane[0].i_p2_pop_slice/popcount_q_o_reg[6]_5[5]",net,,"gen_lane[0].i_p2_pop_slice",1,"i_vrf/popcount_q_o[5]_i_1/O",1,"0",0
"i_p2_pop_slice","gen_lane[0].i_p2_pop_slice/popcount_q_o_reg[6]_5[6]",net,,"gen_lane[0].i_p2_pop_slice",1,"i_vrf/popcount_q_o[6]_i_1/O",1,"0",0
"i_p2_pop_slice","gen_lane[0].i_p2_pop_slice/uop_p2_q_reg[use_clip]__0",net,,"gen_lane[0].i_p2_pop_slice",7,"uop_p2_q_reg[use_clip]/Q",7,"0;1;2;3",1
"i_p2_pop_slice","gen_lane[0].i_p2_pop_slice/uop_p2_q_reg[valid]__0",net,,"gen_lane[0].i_p2_pop_slice",12,"uop_p2_q_reg[valid]/Q",12,"0;1;2;3",1
"i_p2_pop_slice","gen_lane[0].i_p2_pop_slice/xor_d_i",net,,"gen_lane[0].i_p2_pop_slice",4,"gen_lane[3].i_p2_pop_slice/xor_q_i_1/O",4,"0;1;2;3",1
"i_p2_pop_slice","gen_lane[0].i_p2_pop_slice/xor_q",net,,"gen_lane[0].i_p2_pop_slice",1,"gen_lane[0].i_p2_pop_slice/xor_q_reg/Q",1,"0",0
"i_p2_pop_slice","gen_lane[0].i_p2_pop_slice_n_0",net,,".",64,"gen_lane[0].i_p2_pop_slice/lane_result_q[0][63]_i_1/O",64,"",0
"i_p2_pop_slice","gen_lane[0].i_p2_pop_slice_n_1",net,,".",20,"gen_lane[0].i_p2_pop_slice/hmatch_best_dist_q[10]_i_1/O",20,"0",0
"i_p2_pop_slice","gen_lane[0].i_p2_pop_slice_n_10",net,,".",1,"gen_lane[0].i_p2_pop_slice/hmatch_candidate_dist_q[8]_i_1/O",1,"",0
"i_p2_pop_slice","gen_lane[0].i_p2_pop_slice_n_11",net,,".",3,"gen_lane[0].i_p2_pop_slice/hsim_total_q_reg[7]_i_11/O[3]",3,"1;2",1
"i_p2_pop_slice","gen_lane[0].i_p2_pop_slice_n_12",net,,".",3,"gen_lane[0].i_p2_pop_slice/hsim_total_q_reg[7]_i_11/O[2]",3,"1;2",1
"i_p2_pop_slice","gen_lane[0].i_p2_pop_slice_n_13",net,,".",3,"gen_lane[0].i_p2_pop_slice/hsim_total_q_reg[7]_i_11/O[1]",3,"1;2",1
"i_p2_pop_slice","gen_lane[0].i_p2_pop_slice_n_14",net,,".",2,"gen_lane[0].i_p2_pop_slice/hsim_total_q_reg[7]_i_11/O[0]",2,"2",0
"i_p2_pop_slice","gen_lane[0].i_p2_pop_slice_n_15",net,,".",2,"gen_lane[0].i_p2_pop_slice/hsim_total_q_reg[7]_i_3/O[3]",2,"0;2",1
"i_p2_pop_slice","gen_lane[0].i_p2_pop_slice_n_16",net,,".",2,"gen_lane[0].i_p2_pop_slice/hsim_total_q_reg[7]_i_3/O[2]",2,"0;1",1
"i_p2_pop_slice","gen_lane[0].i_p2_pop_slice_n_17",net,,".",3,"gen_lane[0].i_p2_pop_slice/hsim_total_q_reg[7]_i_3/O[1]",3,"1;2",1
"i_p2_pop_slice","gen_lane[0].i_p2_pop_slice_n_18",net,,".",3,"gen_lane[0].i_p2_pop_slice/hsim_total_q_reg[7]_i_3/O[0]",3,"1;2",1
"i_p2_pop_slice","gen_lane[0].i_p2_pop_slice_n_2",net,,".",20,"gen_lane[0].i_p2_pop_slice/hmatch_best_dist_q[10]_i_4/O",20,"0",0
"i_p2_pop_slice","gen_lane[0].i_p2_pop_slice_n_26",net,,".",1,"gen_lane[0].i_p2_pop_slice/hsim_total_q[7]_i_7/O",1,"2",0
"i_p2_pop_slice","gen_lane[0].i_p2_pop_slice_n_27",net,,".",1,"gen_lane[0].i_p2_pop_slice/hmatch_update_q_i_1/O",1,"",0
"i_p2_pop_slice","gen_lane[0].i_p2_pop_slice_n_28",net,,".",3,"gen_lane[0].i_p2_pop_slice/i_popcount/popcount_q_o[6]_i_7/O",3,"",0
"i_p2_pop_slice","gen_lane[0].i_p2_pop_slice_n_29",net,,".",3,"gen_lane[0].i_p2_pop_slice/i_popcount/popcount_q_o[3]_i_5/O",3,"0",0
"i_p2_pop_slice","gen_lane[0].i_p2_pop_slice_n_3",net,,".",14,"gen_lane[0].i_p2_pop_slice/hsim_total_q[10]_i_3/O",14,"0",0
"i_p2_pop_slice","gen_lane[0].i_p2_pop_slice_n_30",net,,".",3,"gen_lane[0].i_p2_pop_slice/i_popcount/popcount_q_o[3]_i_4/O",3,"0",0
"i_p2_pop_slice","gen_lane[0].i_p2_pop_slice_n_31",net,,".",3,"gen_lane[0].i_p2_pop_slice/i_popcount/popcount_q_o[3]_i_3/O",3,"0",0
"i_p2_pop_slice","gen_lane[0].i_p2_pop_slice_n_32",net,,".",5,"gen_lane[0].i_p2_pop_slice/i_popcount/popcount_q_o[6]_i_2/O",5,"0",0
"i_p2_pop_slice","gen_lane[0].i_p2_pop_slice_n_33",net,,".",2,"gen_lane[0].i_p2_pop_slice/i_popcount/popcount_q_o[1]_i_5/O",2,"0",0
"i_p2_pop_slice","gen_lane[0].i_p2_pop_slice_n_34",net,,".",2,"gen_lane[0].i_p2_pop_slice/i_popcount/popcount_q_o[1]_i_6/O",2,"0",0
"i_p2_pop_slice","gen_lane[0].i_p2_pop_slice_n_35",net,,".",3,"gen_lane[0].i_p2_pop_slice/i_popcount/popcount_q_o[1]_i_2/O",3,"0",0
"i_p2_pop_slice","gen_lane[0].i_p2_pop_slice_n_36",net,,".",3,"gen_lane[0].i_p2_pop_slice/i_popcount/popcount_q_o[1]_i_4/O",3,"0",0
"i_p2_pop_slice","gen_lane[0].i_p2_pop_slice_n_37",net,,".",4,"gen_lane[0].i_p2_pop_slice/i_popcount/popcount_q_o[0]_i_2/O",4,"0",0
"i_p2_pop_slice","gen_lane[0].i_p2_pop_slice_n_38",net,,".",4,"gen_lane[0].i_p2_pop_slice/i_popcount/popcount_q_o[0]_i_3/O",4,"0",0
"i_p2_pop_slice","gen_lane[0].i_p2_pop_slice_n_39",net,,".",4,"gen_lane[0].i_p2_pop_slice/i_popcount/popcount_q_o[0]_i_4/O",4,"0",0
"i_p2_pop_slice","gen_lane[0].i_p2_pop_slice_n_4",net,,".",2,"gen_lane[0].i_p2_pop_slice/uop_p0_q[is_last_class]_i_4/O",2,"0",0
"i_p2_pop_slice","gen_lane[0].i_p2_pop_slice_n_40",net,,".",6,"gen_lane[0].i_p2_pop_slice/i_popcount/popcount_q_o[6]_i_10/O",6,"0",0
"i_p2_pop_slice","gen_lane[0].i_p2_pop_slice_n_41",net,,".",6,"gen_lane[0].i_p2_pop_slice/i_popcount/popcount_q_o[6]_i_11/O",6,"0",0
"i_p2_pop_slice","gen_lane[0].i_p2_pop_slice_n_42",net,,".",6,"gen_lane[0].i_p2_pop_slice/i_popcount/popcount_q_o[6]_i_12/O",6,"0",0
"i_p2_pop_slice","gen_lane[0].i_p2_pop_slice_n_43",net,,".",1,"gen_lane[0].i_p2_pop_slice/i_popcount/popcount_q_o[3]_i_6/O",1,"",0
"i_p2_pop_slice","gen_lane[0].i_p2_pop_slice_n_44",net,,".",5,"gen_lane[0].i_p2_pop_slice/i_popcount/popcount_q_o[6]_i_3/O",5,"0",0
"i_p2_pop_slice","gen_lane[0].i_p2_pop_slice_n_45",net,,".",4,"gen_lane[0].i_p2_pop_slice/i_popcount/popcount_q_o[6]_i_4/O",4,"0",0
"i_p2_pop_slice","gen_lane[0].i_p2_pop_slice_n_46",net,,".",3,"gen_lane[0].i_p2_pop_slice/i_popcount/popcount_q_o[6]_i_20/O",3,"0",0
"i_p2_pop_slice","gen_lane[0].i_p2_pop_slice_n_47",net,,".",4,"gen_lane[0].i_p2_pop_slice/i_popcount/popcount_q_o[6]_i_19/O",4,"0",0
"i_p2_pop_slice","gen_lane[0].i_p2_pop_slice_n_48",net,,".",2,"gen_lane[0].i_p2_pop_slice/i_popcount/popcount_q_o[6]_i_5/O",2,"",0
"i_p2_pop_slice","gen_lane[0].i_p2_pop_slice_n_49",net,,".",2,"gen_lane[0].i_p2_pop_slice/i_popcount/popcount_q_o[6]_i_21/O",2,"0",0
"i_p2_pop_slice","gen_lane[0].i_p2_pop_slice_n_5",net,,".",1,"gen_lane[0].i_p2_pop_slice/hsim_total_q[10]_i_2/O",1,"",0
"i_p2_pop_slice","gen_lane[0].i_p2_pop_slice_n_50",net,,".",2,"gen_lane[0].i_p2_pop_slice/i_popcount/popcount_q_o[6]_i_22/O",2,"0",0
"i_p2_pop_slice","gen_lane[0].i_p2_pop_slice_n_51",net,,".",1,"gen_lane[0].i_p2_pop_slice/i_popcount/popcount_q_o[6]_i_53/O",1,"",0
"i_p2_pop_slice","gen_lane[0].i_p2_pop_slice_n_52",net,,".",1,"gen_lane[0].i_p2_pop_slice/i_popcount/popcount_q_o[6]_i_54/O",1,"",0
"i_p2_pop_slice","gen_lane[0].i_p2_pop_slice_n_53",net,,".",1,"gen_lane[0].i_p2_pop_slice/i_popcount/popcount_q_o[6]_i_55/O",1,"",0
"i_p2_pop_slice","gen_lane[0].i_p2_pop_slice_n_54",net,,".",1,"gen_lane[0].i_p2_pop_slice/i_popcount/popcount_q_o[6]_i_56/O",1,"",0
"i_p2_pop_slice","gen_lane[0].i_p2_pop_slice_n_55",net,,".",1,"gen_lane[0].i_p2_pop_slice/i_popcount/popcount_q_o[6]_i_51/O",1,"",0
"i_p2_pop_slice","gen_lane[0].i_p2_pop_slice_n_56",net,,".",1,"gen_lane[0].i_p2_pop_slice/i_popcount/popcount_q_o[6]_i_52/O",1,"",0
"i_p2_pop_slice","gen_lane[0].i_p2_pop_slice_n_57",net,,".",3,"gen_lane[0].i_p2_pop_slice/i_popcount/popcount_q_o[1]_i_14/O",3,"0",0
"i_p2_pop_slice","gen_lane[0].i_p2_pop_slice_n_58",net,,".",3,"gen_lane[0].i_p2_pop_slice/i_popcount/popcount_q_o[1]_i_11/O",3,"0",0
"i_p2_pop_slice","gen_lane[0].i_p2_pop_slice_n_59",net,,".",3,"gen_lane[0].i_p2_pop_slice/i_popcount/popcount_q_o[0]_i_5/O",3,"0",0
"i_p2_pop_slice","gen_lane[0].i_p2_pop_slice_n_6",net,,".",1,"gen_lane[0].i_p2_pop_slice/hsim_total_q[9]_i_1/O",1,"",0
"i_p2_pop_slice","gen_lane[0].i_p2_pop_slice_n_60",net,,".",2,"gen_lane[0].i_p2_pop_slice/i_popcount/popcount_q_o[3]_i_11/O",2,"0",0
"i_p2_pop_slice","gen_lane[0].i_p2_pop_slice_n_61",net,,".",3,"gen_lane[0].i_p2_pop_slice/i_popcount/popcount_q_o[3]_i_7/O",3,"0",0
"i_p2_pop_slice","gen_lane[0].i_p2_pop_slice_n_62",net,,".",2,"gen_lane[0].i_p2_pop_slice/i_popcount/popcount_q_o[3]_i_8/O",2,"0",0
"i_p2_pop_slice","gen_lane[0].i_p2_pop_slice_n_63",net,,".",2,"gen_lane[0].i_p2_pop_slice/i_popcount/popcount_q_o[3]_i_9/O",2,"0",0
"i_p2_pop_slice","gen_lane[0].i_p2_pop_slice_n_64",net,,".",1,"gen_lane[0].i_p2_pop_slice/i_popcount/popcount_q_o[3]_i_10/O",1,"",0
"i_p2_pop_slice","gen_lane[0].i_p2_pop_slice_n_7",net,,".",1,"gen_lane[0].i_p2_pop_slice/hsim_total_q[8]_i_1/O",1,"",0
"i_p2_pop_slice","gen_lane[0].i_p2_pop_slice_n_8",net,,".",1,"gen_lane[0].i_p2_pop_slice/hmatch_candidate_dist_q[10]_i_2/O",1,"",0
"i_p2_pop_slice","gen_lane[0].i_p2_pop_slice_n_9",net,,".",1,"gen_lane[0].i_p2_pop_slice/hmatch_candidate_dist_q[9]_i_1/O",1,"",0
"i_p2_pop_slice","gen_lane[1].i_p2_pop_slice/<const1>",net,,"gen_lane[1].i_p2_pop_slice",2,"gen_lane[1].i_p2_pop_slice/VCC/P",2,"1",0
"i_p2_pop_slice","gen_lane[1].i_p2_pop_slice/D[0]",net,,"gen_lane[1].i_p2_pop_slice",1,"i_vrf/popcount_q_o[0]_i_1__0/O",1,"1",0
"i_p2_pop_slice","gen_lane[1].i_p2_pop_slice/D[1]",net,,"gen_lane[1].i_p2_pop_slice",1,"i_vrf/popcount_q_o[1]_i_1__0/O",1,"1",0
"i_p2_pop_slice","gen_lane[1].i_p2_pop_slice/D[2]",net,,"gen_lane[1].i_p2_pop_slice",1,"i_vrf/popcount_q_o[2]_i_1__0/O",1,"1",0
"i_p2_pop_slice","gen_lane[1].i_p2_pop_slice/D[3]",net,,"gen_lane[1].i_p2_pop_slice",1,"i_vrf/popcount_q_o[3]_i_1__0/O",1,"1",0
"i_p2_pop_slice","gen_lane[1].i_p2_pop_slice/D[4]",net,,"gen_lane[1].i_p2_pop_slice",1,"i_vrf/popcount_q_o[4]_i_1__0/O",1,"1",0
"i_p2_pop_slice","gen_lane[1].i_p2_pop_slice/D[5]",net,,"gen_lane[1].i_p2_pop_slice",1,"i_vrf/popcount_q_o[5]_i_1__0/O",1,"1",0
"i_p2_pop_slice","gen_lane[1].i_p2_pop_slice/D[6]",net,,"gen_lane[1].i_p2_pop_slice",1,"i_vrf/popcount_q_o[6]_i_1__0/O",1,"1",0
"i_p2_pop_slice","gen_lane[1].i_p2_pop_slice/E[0]",net,,"gen_lane[1].i_p2_pop_slice",64,"gen_lane[1].i_p2_pop_slice/lane_result_q[1][63]_i_1/O",64,"",0
"i_p2_pop_slice","gen_lane[1].i_p2_pop_slice/O[0]",net,,"gen_lane[1].i_p2_pop_slice",3,"gen_lane[0].i_p2_pop_slice/hsim_total_q_reg[7]_i_11/O[1]",3,"1;2",1
"i_p2_pop_slice","gen_lane[1].i_p2_pop_slice/O[1]",net,,"gen_lane[1].i_p2_pop_slice",3,"gen_lane[0].i_p2_pop_slice/hsim_total_q_reg[7]_i_11/O[2]",3,"1;2",1
"i_p2_pop_slice","gen_lane[1].i_p2_pop_slice/O[2]",net,,"gen_lane[1].i_p2_pop_slice",3,"gen_lane[0].i_p2_pop_slice/hsim_total_q_reg[7]_i_11/O[3]",3,"1;2",1
"i_p2_pop_slice","gen_lane[1].i_p2_pop_slice/Q[0]",net,,"gen_lane[1].i_p2_pop_slice",111,"FSM_onehot_st_q_reg[6]/Q",111,"0;1;2;3",1
"i_p2_pop_slice","gen_lane[1].i_p2_pop_slice/S[0]",net,,"gen_lane[1].i_p2_pop_slice",1,"gen_lane[1].i_p2_pop_slice/hsim_total_q[3]_i_7/O",1,"2",0
"i_p2_pop_slice","gen_lane[1].i_p2_pop_slice/S[1]",net,,"gen_lane[1].i_p2_pop_slice",1,"gen_lane[1].i_p2_pop_slice/hsim_total_q[3]_i_6/O",1,"2",0
"i_p2_pop_slice","gen_lane[1].i_p2_pop_slice/bank_ra_data_o_reg[1][10]",net,,"gen_lane[1].i_p2_pop_slice",3,"gen_lane[1].i_p2_pop_slice/i_popcount/popcount_q_o[6]_i_20/O",3,"1",0
"i_p2_pop_slice","gen_lane[1].i_p2_pop_slice/bank_ra_data_o_reg[1][14]",net,,"gen_lane[1].i_p2_pop_slice",3,"gen_lane[1].i_p2_pop_slice/i_popcount/popcount_q_o[1]_i_11/O",3,"1",0
"i_p2_pop_slice","gen_lane[1].i_p2_pop_slice/bank_ra_data_o_reg[1][15]",net,,"gen_lane[1].i_p2_pop_slice",1,"gen_lane[1].i_p2_pop_slice/i_popcount/popcount_q_o[6]_i_56/O",1,"",0
"i_p2_pop_slice","gen_lane[1].i_p2_pop_slice/bank_ra_data_o_reg[1][18]",net,,"gen_lane[1].i_p2_pop_slice",1,"gen_lane[1].i_p2_pop_slice/i_popcount/popcount_q_o[6]_i_55/O",1,"",0
"i_p2_pop_slice","gen_lane[1].i_p2_pop_slice/bank_ra_data_o_reg[1][19]",net,,"gen_lane[1].i_p2_pop_slice",6,"gen_lane[1].i_p2_pop_slice/i_popcount/popcount_q_o[6]_i_11/O",6,"1",0
"i_p2_pop_slice","gen_lane[1].i_p2_pop_slice/bank_ra_data_o_reg[1][19]_0",net,,"gen_lane[1].i_p2_pop_slice",2,"gen_lane[1].i_p2_pop_slice/i_popcount/popcount_q_o[6]_i_22/O",2,"1",0
"i_p2_pop_slice","gen_lane[1].i_p2_pop_slice/bank_ra_data_o_reg[1][1]",net,,"gen_lane[1].i_p2_pop_slice",3,"gen_lane[1].i_p2_pop_slice/i_popcount/popcount_q_o[3]_i_5/O",3,"1",0
"i_p2_pop_slice","gen_lane[1].i_p2_pop_slice/bank_ra_data_o_reg[1][1]_0",net,,"gen_lane[1].i_p2_pop_slice",3,"gen_lane[1].i_p2_pop_slice/i_popcount/popcount_q_o[3]_i_4/O",3,"1",0
"i_p2_pop_slice","gen_lane[1].i_p2_pop_slice/bank_ra_data_o_reg[1][1]_1",net,,"gen_lane[1].i_p2_pop_slice",2,"gen_lane[1].i_p2_pop_slice/i_popcount/popcount_q_o[1]_i_5/O",2,"1",0
"i_p2_pop_slice","gen_lane[1].i_p2_pop_slice/bank_ra_data_o_reg[1][23]",net,,"gen_lane[1].i_p2_pop_slice",4,"gen_lane[1].i_p2_pop_slice/i_popcount/popcount_q_o[0]_i_3/O",4,"1",0
"i_p2_pop_slice","gen_lane[1].i_p2_pop_slice/bank_ra_data_o_reg[1][23]_0",net,,"gen_lane[1].i_p2_pop_slice",2,"gen_lane[1].i_p2_pop_slice/i_popcount/popcount_q_o[3]_i_8/O",2,"1",0
"i_p2_pop_slice","gen_lane[1].i_p2_pop_slice/bank_ra_data_o_reg[1][24]",net,,"gen_lane[1].i_p2_pop_slice",1,"gen_lane[1].i_p2_pop_slice/i_popcount/popcount_q_o[6]_i_52/O",1,"",0
"i_p2_pop_slice","gen_lane[1].i_p2_pop_slice/bank_ra_data_o_reg[1][27]",net,,"gen_lane[1].i_p2_pop_slice",1,"gen_lane[1].i_p2_pop_slice/i_popcount/popcount_q_o[6]_i_51/O",1,"",0
"i_p2_pop_slice","gen_lane[1].i_p2_pop_slice/bank_ra_data_o_reg[1][32]",net,,"gen_lane[1].i_p2_pop_slice",4,"gen_lane[1].i_p2_pop_slice/i_popcount/popcount_q_o[0]_i_2/O",4,"1",0
"i_p2_pop_slice","gen_lane[1].i_p2_pop_slice/bank_ra_data_o_reg[1][32]_0",net,,"gen_lane[1].i_p2_pop_slice",2,"gen_lane[1].i_p2_pop_slice/i_popcount/popcount_q_o[3]_i_9/O",2,"1",0
"i_p2_pop_slice","gen_lane[1].i_p2_pop_slice/bank_ra_data_o_reg[1][41]",net,,"gen_lane[1].i_p2_pop_slice",4,"gen_lane[1].i_p2_pop_slice/i_popcount/popcount_q_o[0]_i_4/O",4,"1",0
"i_p2_pop_slice","gen_lane[1].i_p2_pop_slice/bank_ra_data_o_reg[1][41]_0",net,,"gen_lane[1].i_p2_pop_slice",3,"gen_lane[1].i_p2_pop_slice/i_popcount/popcount_q_o[3]_i_7/O",3,"1",0
"i_p2_pop_slice","gen_lane[1].i_p2_pop_slice/bank_ra_data_o_reg[1][50]",net,,"gen_lane[1].i_p2_pop_slice",3,"gen_lane[1].i_p2_pop_slice/i_popcount/popcount_q_o[0]_i_5/O",3,"1",0
"i_p2_pop_slice","gen_lane[1].i_p2_pop_slice/bank_ra_data_o_reg[1][55]",net,,"gen_lane[1].i_p2_pop_slice",3,"gen_lane[1].i_p2_pop_slice/i_popcount/popcount_q_o[1]_i_2/O",3,"1",0
"i_p2_pop_slice","gen_lane[1].i_p2_pop_slice/bank_ra_data_o_reg[1][55]_0",net,,"gen_lane[1].i_p2_pop_slice",6,"gen_lane[1].i_p2_pop_slice/i_popcount/popcount_q_o[6]_i_10/O",6,"1",0
"i_p2_pop_slice","gen_lane[1].i_p2_pop_slice/bank_ra_data_o_reg[1][55]_1",net,,"gen_lane[1].i_p2_pop_slice",5,"gen_lane[1].i_p2_pop_slice/i_popcount/popcount_q_o[6]_i_3/O",5,"1",0
"i_p2_pop_slice","gen_lane[1].i_p2_pop_slice/bank_ra_data_o_reg[1][55]_2",net,,"gen_lane[1].i_p2_pop_slice",4,"gen_lane[1].i_p2_pop_slice/i_popcount/popcount_q_o[6]_i_19/O",4,"1",0
"i_p2_pop_slice","gen_lane[1].i_p2_pop_slice/bank_ra_data_o_reg[1][55]_3",net,,"gen_lane[1].i_p2_pop_slice",1,"gen_lane[1].i_p2_pop_slice/i_popcount/popcount_q_o[3]_i_10/O",1,"",0
"i_p2_pop_slice","gen_lane[1].i_p2_pop_slice/bank_ra_data_o_reg[1][58]",net,,"gen_lane[1].i_p2_pop_slice",2,"gen_lane[1].i_p2_pop_slice/i_popcount/popcount_q_o[1]_i_6/O",2,"1",0
"i_p2_pop_slice","gen_lane[1].i_p2_pop_slice/bank_ra_data_o_reg[1][5]",net,,"gen_lane[1].i_p2_pop_slice",3,"gen_lane[1].i_p2_pop_slice/i_popcount/popcount_q_o[1]_i_14/O",3,"1",0
"i_p2_pop_slice","gen_lane[1].i_p2_pop_slice/bank_ra_data_o_reg[1][63]",net,,"gen_lane[1].i_p2_pop_slice",2,"gen_lane[1].i_p2_pop_slice/i_popcount/popcount_q_o[3]_i_11/O",2,"1",0
"i_p2_pop_slice","gen_lane[1].i_p2_pop_slice/bank_ra_data_o_reg[1][6]",net,,"gen_lane[1].i_p2_pop_slice",1,"gen_lane[1].i_p2_pop_slice/i_popcount/popcount_q_o[6]_i_54/O",1,"",0
"i_p2_pop_slice","gen_lane[1].i_p2_pop_slice/bank_ra_data_o_reg[1][9]",net,,"gen_lane[1].i_p2_pop_slice",1,"gen_lane[1].i_p2_pop_slice/i_popcount/popcount_q_o[6]_i_53/O",1,"",0
"i_p2_pop_slice","gen_lane[1].i_p2_pop_slice/clk_i",net,,"gen_lane[1].i_p2_pop_slice",2889,"",2889,"0;1;2;3",1
"i_p2_pop_slice","gen_lane[1].i_p2_pop_slice/hsim_total_q_reg[7]_i_2[0]",net,,"gen_lane[1].i_p2_pop_slice",3,"gen_lane[2].i_p2_pop_slice/popcount_q_o_reg[1]/Q",3,"1;2",1
"i_p2_pop_slice","gen_lane[1].i_p2_pop_slice/hsim_total_q_reg[7]_i_2[1]",net,,"gen_lane[1].i_p2_pop_slice",3,"gen_lane[2].i_p2_pop_slice/popcount_q_o_reg[2]/Q",3,"1;2",1
"i_p2_pop_slice","gen_lane[1].i_p2_pop_slice/hsim_total_q_reg[7]_i_2[2]",net,,"gen_lane[1].i_p2_pop_slice",3,"gen_lane[2].i_p2_pop_slice/popcount_q_o_reg[3]/Q",3,"1;2",1
"i_p2_pop_slice","gen_lane[1].i_p2_pop_slice/hsim_total_q_reg[7]_i_2[3]",net,,"gen_lane[1].i_p2_pop_slice",3,"gen_lane[2].i_p2_pop_slice/popcount_q_o_reg[4]/Q",3,"1;2",1
"i_p2_pop_slice","gen_lane[1].i_p2_pop_slice/hsim_total_q_reg[7]_i_2[4]",net,,"gen_lane[1].i_p2_pop_slice",3,"gen_lane[2].i_p2_pop_slice/popcount_q_o_reg[5]/Q",3,"1;2",1
"i_p2_pop_slice","gen_lane[1].i_p2_pop_slice/hsim_total_q_reg[7]_i_2[5]",net,,"gen_lane[1].i_p2_pop_slice",2,"gen_lane[2].i_p2_pop_slice/popcount_q_o_reg[6]/Q",2,"0;1",1
"i_p2_pop_slice","gen_lane[1].i_p2_pop_slice/hsim_total_q_reg[7]_i_2_0[0]",net,,"gen_lane[1].i_p2_pop_slice",3,"gen_lane[0].i_p2_pop_slice/hsim_total_q_reg[7]_i_3/O[0]",3,"1;2",1
"i_p2_pop_slice","gen_lane[1].i_p2_pop_slice/hsim_total_q_reg[7]_i_2_0[1]",net,,"gen_lane[1].i_p2_pop_slice",3,"gen_lane[0].i_p2_pop_slice/hsim_total_q_reg[7]_i_3/O[1]",3,"1;2",1
"i_p2_pop_slice","gen_lane[1].i_p2_pop_slice/hsim_total_q_reg[7]_i_2_0[2]",net,,"gen_lane[1].i_p2_pop_slice",2,"gen_lane[0].i_p2_pop_slice/hsim_total_q_reg[7]_i_3/O[2]",2,"0;1",1
"i_p2_pop_slice","gen_lane[1].i_p2_pop_slice/i_popcount/bank_ra_data_o_reg[1][10]",net,,"gen_lane[1].i_p2_pop_slice/i_popcount",3,"gen_lane[1].i_p2_pop_slice/i_popcount/popcount_q_o[6]_i_20/O",3,"1",0
"i_p2_pop_slice","gen_lane[1].i_p2_pop_slice/i_popcount/bank_ra_data_o_reg[1][14]",net,,"gen_lane[1].i_p2_pop_slice/i_popcount",3,"gen_lane[1].i_p2_pop_slice/i_popcount/popcount_q_o[1]_i_11/O",3,"1",0
"i_p2_pop_slice","gen_lane[1].i_p2_pop_slice/i_popcount/bank_ra_data_o_reg[1][15]",net,,"gen_lane[1].i_p2_pop_slice/i_popcount",1,"gen_lane[1].i_p2_pop_slice/i_popcount/popcount_q_o[6]_i_56/O",1,"",0
"i_p2_pop_slice","gen_lane[1].i_p2_pop_slice/i_popcount/bank_ra_data_o_reg[1][18]",net,,"gen_lane[1].i_p2_pop_slice/i_popcount",1,"gen_lane[1].i_p2_pop_slice/i_popcount/popcount_q_o[6]_i_55/O",1,"",0
"i_p2_pop_slice","gen_lane[1].i_p2_pop_slice/i_popcount/bank_ra_data_o_reg[1][19]",net,,"gen_lane[1].i_p2_pop_slice/i_popcount",6,"gen_lane[1].i_p2_pop_slice/i_popcount/popcount_q_o[6]_i_11/O",6,"1",0
"i_p2_pop_slice","gen_lane[1].i_p2_pop_slice/i_popcount/bank_ra_data_o_reg[1][19]_0",net,,"gen_lane[1].i_p2_pop_slice/i_popcount",2,"gen_lane[1].i_p2_pop_slice/i_popcount/popcount_q_o[6]_i_22/O",2,"1",0
"i_p2_pop_slice","gen_lane[1].i_p2_pop_slice/i_popcount/bank_ra_data_o_reg[1][1]",net,,"gen_lane[1].i_p2_pop_slice/i_popcount",3,"gen_lane[1].i_p2_pop_slice/i_popcount/popcount_q_o[3]_i_5/O",3,"1",0
"i_p2_pop_slice","gen_lane[1].i_p2_pop_slice/i_popcount/bank_ra_data_o_reg[1][1]_0",net,,"gen_lane[1].i_p2_pop_slice/i_popcount",3,"gen_lane[1].i_p2_pop_slice/i_popcount/popcount_q_o[3]_i_4/O",3,"1",0
"i_p2_pop_slice","gen_lane[1].i_p2_pop_slice/i_popcount/bank_ra_data_o_reg[1][1]_1",net,,"gen_lane[1].i_p2_pop_slice/i_popcount",2,"gen_lane[1].i_p2_pop_slice/i_popcount/popcount_q_o[1]_i_5/O",2,"1",0
"i_p2_pop_slice","gen_lane[1].i_p2_pop_slice/i_popcount/bank_ra_data_o_reg[1][23]",net,,"gen_lane[1].i_p2_pop_slice/i_popcount",4,"gen_lane[1].i_p2_pop_slice/i_popcount/popcount_q_o[0]_i_3/O",4,"1",0
"i_p2_pop_slice","gen_lane[1].i_p2_pop_slice/i_popcount/bank_ra_data_o_reg[1][23]_0",net,,"gen_lane[1].i_p2_pop_slice/i_popcount",2,"gen_lane[1].i_p2_pop_slice/i_popcount/popcount_q_o[3]_i_8/O",2,"1",0
"i_p2_pop_slice","gen_lane[1].i_p2_pop_slice/i_popcount/bank_ra_data_o_reg[1][24]",net,,"gen_lane[1].i_p2_pop_slice/i_popcount",1,"gen_lane[1].i_p2_pop_slice/i_popcount/popcount_q_o[6]_i_52/O",1,"",0
"i_p2_pop_slice","gen_lane[1].i_p2_pop_slice/i_popcount/bank_ra_data_o_reg[1][27]",net,,"gen_lane[1].i_p2_pop_slice/i_popcount",1,"gen_lane[1].i_p2_pop_slice/i_popcount/popcount_q_o[6]_i_51/O",1,"",0
"i_p2_pop_slice","gen_lane[1].i_p2_pop_slice/i_popcount/bank_ra_data_o_reg[1][32]",net,,"gen_lane[1].i_p2_pop_slice/i_popcount",4,"gen_lane[1].i_p2_pop_slice/i_popcount/popcount_q_o[0]_i_2/O",4,"1",0
"i_p2_pop_slice","gen_lane[1].i_p2_pop_slice/i_popcount/bank_ra_data_o_reg[1][32]_0",net,,"gen_lane[1].i_p2_pop_slice/i_popcount",2,"gen_lane[1].i_p2_pop_slice/i_popcount/popcount_q_o[3]_i_9/O",2,"1",0
"i_p2_pop_slice","gen_lane[1].i_p2_pop_slice/i_popcount/bank_ra_data_o_reg[1][41]",net,,"gen_lane[1].i_p2_pop_slice/i_popcount",4,"gen_lane[1].i_p2_pop_slice/i_popcount/popcount_q_o[0]_i_4/O",4,"1",0
"i_p2_pop_slice","gen_lane[1].i_p2_pop_slice/i_popcount/bank_ra_data_o_reg[1][41]_0",net,,"gen_lane[1].i_p2_pop_slice/i_popcount",3,"gen_lane[1].i_p2_pop_slice/i_popcount/popcount_q_o[3]_i_7/O",3,"1",0
"i_p2_pop_slice","gen_lane[1].i_p2_pop_slice/i_popcount/bank_ra_data_o_reg[1][50]",net,,"gen_lane[1].i_p2_pop_slice/i_popcount",3,"gen_lane[1].i_p2_pop_slice/i_popcount/popcount_q_o[0]_i_5/O",3,"1",0
"i_p2_pop_slice","gen_lane[1].i_p2_pop_slice/i_popcount/bank_ra_data_o_reg[1][55]",net,,"gen_lane[1].i_p2_pop_slice/i_popcount",3,"gen_lane[1].i_p2_pop_slice/i_popcount/popcount_q_o[1]_i_2/O",3,"1",0
"i_p2_pop_slice","gen_lane[1].i_p2_pop_slice/i_popcount/bank_ra_data_o_reg[1][55]_0",net,,"gen_lane[1].i_p2_pop_slice/i_popcount",6,"gen_lane[1].i_p2_pop_slice/i_popcount/popcount_q_o[6]_i_10/O",6,"1",0
"i_p2_pop_slice","gen_lane[1].i_p2_pop_slice/i_popcount/bank_ra_data_o_reg[1][55]_1",net,,"gen_lane[1].i_p2_pop_slice/i_popcount",5,"gen_lane[1].i_p2_pop_slice/i_popcount/popcount_q_o[6]_i_3/O",5,"1",0
"i_p2_pop_slice","gen_lane[1].i_p2_pop_slice/i_popcount/bank_ra_data_o_reg[1][55]_2",net,,"gen_lane[1].i_p2_pop_slice/i_popcount",4,"gen_lane[1].i_p2_pop_slice/i_popcount/popcount_q_o[6]_i_19/O",4,"1",0
"i_p2_pop_slice","gen_lane[1].i_p2_pop_slice/i_popcount/bank_ra_data_o_reg[1][55]_3",net,,"gen_lane[1].i_p2_pop_slice/i_popcount",1,"gen_lane[1].i_p2_pop_slice/i_popcount/popcount_q_o[3]_i_10/O",1,"",0
"i_p2_pop_slice","gen_lane[1].i_p2_pop_slice/i_popcount/bank_ra_data_o_reg[1][58]",net,,"gen_lane[1].i_p2_pop_slice/i_popcount",2,"gen_lane[1].i_p2_pop_slice/i_popcount/popcount_q_o[1]_i_6/O",2,"1",0
"i_p2_pop_slice","gen_lane[1].i_p2_pop_slice/i_popcount/bank_ra_data_o_reg[1][5]",net,,"gen_lane[1].i_p2_pop_slice/i_popcount",3,"gen_lane[1].i_p2_pop_slice/i_popcount/popcount_q_o[1]_i_14/O",3,"1",0
"i_p2_pop_slice","gen_lane[1].i_p2_pop_slice/i_popcount/bank_ra_data_o_reg[1][63]",net,,"gen_lane[1].i_p2_pop_slice/i_popcount",2,"gen_lane[1].i_p2_pop_slice/i_popcount/popcount_q_o[3]_i_11/O",2,"1",0
"i_p2_pop_slice","gen_lane[1].i_p2_pop_slice/i_popcount/bank_ra_data_o_reg[1][6]",net,,"gen_lane[1].i_p2_pop_slice/i_popcount",1,"gen_lane[1].i_p2_pop_slice/i_popcount/popcount_q_o[6]_i_54/O",1,"",0
"i_p2_pop_slice","gen_lane[1].i_p2_pop_slice/i_popcount/bank_ra_data_o_reg[1][9]",net,,"gen_lane[1].i_p2_pop_slice/i_popcount",1,"gen_lane[1].i_p2_pop_slice/i_popcount/popcount_q_o[6]_i_53/O",1,"",0
"i_p2_pop_slice","gen_lane[1].i_p2_pop_slice/i_popcount/lane_bool_result[1][0]",net,,"gen_lane[1].i_p2_pop_slice/i_popcount",4,"i_vrf/popcount_q_o[0]_i_30__0/O",4,"1",0
"i_p2_pop_slice","gen_lane[1].i_p2_pop_slice/i_popcount/lane_bool_result[1][10]",net,,"gen_lane[1].i_p2_pop_slice/i_popcount",4,"i_vrf/lane_result_q[1][16]_i_5/O",4,"1",0
"i_p2_pop_slice","gen_lane[1].i_p2_pop_slice/i_popcount/lane_bool_result[1][11]",net,,"gen_lane[1].i_p2_pop_slice/i_popcount",4,"i_vrf/lane_result_q[1][17]_i_5/O",4,"1",0
"i_p2_pop_slice","gen_lane[1].i_p2_pop_slice/i_popcount/lane_bool_result[1][12]",net,,"gen_lane[1].i_p2_pop_slice/i_popcount",4,"i_vrf/lane_result_q[1][18]_i_5/O",4,"1",0
"i_p2_pop_slice","gen_lane[1].i_p2_pop_slice/i_popcount/lane_bool_result[1][13]",net,,"gen_lane[1].i_p2_pop_slice/i_popcount",6,"i_vrf/popcount_q_o[0]_i_14__0/O",6,"1",0
"i_p2_pop_slice","gen_lane[1].i_p2_pop_slice/i_popcount/lane_bool_result[1][14]",net,,"gen_lane[1].i_p2_pop_slice/i_popcount",6,"i_vrf/popcount_q_o[0]_i_13__0/O",6,"1",0
"i_p2_pop_slice","gen_lane[1].i_p2_pop_slice/i_popcount/lane_bool_result[1][15]",net,,"gen_lane[1].i_p2_pop_slice/i_popcount",6,"i_vrf/popcount_q_o[0]_i_15__0/O",6,"1",0
"i_p2_pop_slice","gen_lane[1].i_p2_pop_slice/i_popcount/lane_bool_result[1][16]",net,,"gen_lane[1].i_p2_pop_slice/i_popcount",5,"i_vrf/lane_result_q[1][25]_i_5/O",5,"1",0
"i_p2_pop_slice","gen_lane[1].i_p2_pop_slice/i_popcount/lane_bool_result[1][17]",net,,"gen_lane[1].i_p2_pop_slice/i_popcount",5,"i_vrf/lane_result_q[1][26]_i_5/O",5,"1",0
"i_p2_pop_slice","gen_lane[1].i_p2_pop_slice/i_popcount/lane_bool_result[1][18]",net,,"gen_lane[1].i_p2_pop_slice/i_popcount",5,"i_vrf/lane_result_q[1][27]_i_5/O",5,"1",0
"i_p2_pop_slice","gen_lane[1].i_p2_pop_slice/i_popcount/lane_bool_result[1][19]",net,,"gen_lane[1].i_p2_pop_slice/i_popcount",5,"i_vrf/lane_result_q[1][28]_i_5/O",5,"1",0
"i_p2_pop_slice","gen_lane[1].i_p2_pop_slice/i_popcount/lane_bool_result[1][1]",net,,"gen_lane[1].i_p2_pop_slice/i_popcount",5,"i_vrf/lane_result_q[1][4]_i_5/O",5,"1",0
"i_p2_pop_slice","gen_lane[1].i_p2_pop_slice/i_popcount/lane_bool_result[1][20]",net,,"gen_lane[1].i_p2_pop_slice/i_popcount",5,"i_vrf/lane_result_q[1][29]_i_5/O",5,"1",0
"i_p2_pop_slice","gen_lane[1].i_p2_pop_slice/i_popcount/lane_bool_result[1][21]",net,,"gen_lane[1].i_p2_pop_slice/i_popcount",5,"i_vrf/lane_result_q[1][30]_i_5/O",5,"1",0
"i_p2_pop_slice","gen_lane[1].i_p2_pop_slice/i_popcount/lane_bool_result[1][22]",net,,"gen_lane[1].i_p2_pop_slice/i_popcount",6,"i_vrf/popcount_q_o[0]_i_9__0/O",6,"1",0
"i_p2_pop_slice","gen_lane[1].i_p2_pop_slice/i_popcount/lane_bool_result[1][23]",net,,"gen_lane[1].i_p2_pop_slice/i_popcount",6,"i_vrf/popcount_q_o[0]_i_8__0/O",6,"1",0
"i_p2_pop_slice","gen_lane[1].i_p2_pop_slice/i_popcount/lane_bool_result[1][24]",net,,"gen_lane[1].i_p2_pop_slice/i_popcount",6,"i_vrf/popcount_q_o[0]_i_10__0/O",6,"1",0
"i_p2_pop_slice","gen_lane[1].i_p2_pop_slice/i_popcount/lane_bool_result[1][25]",net,,"gen_lane[1].i_p2_pop_slice/i_popcount",5,"i_vrf/lane_result_q[1][34]_i_6/O",5,"1",0
"i_p2_pop_slice","gen_lane[1].i_p2_pop_slice/i_popcount/lane_bool_result[1][26]",net,,"gen_lane[1].i_p2_pop_slice/i_popcount",5,"i_vrf/lane_result_q[1][35]_i_6/O",5,"1",0
"i_p2_pop_slice","gen_lane[1].i_p2_pop_slice/i_popcount/lane_bool_result[1][27]",net,,"gen_lane[1].i_p2_pop_slice/i_popcount",5,"i_vrf/lane_result_q[1][36]_i_5/O",5,"1",0
"i_p2_pop_slice","gen_lane[1].i_p2_pop_slice/i_popcount/lane_bool_result[1][28]",net,,"gen_lane[1].i_p2_pop_slice/i_popcount",5,"i_vrf/lane_result_q[1][37]_i_5/O",5,"1",0
"i_p2_pop_slice","gen_lane[1].i_p2_pop_slice/i_popcount/lane_bool_result[1][29]",net,,"gen_lane[1].i_p2_pop_slice/i_popcount",5,"i_vrf/lane_result_q[1][38]_i_5/O",5,"1",0
"i_p2_pop_slice","gen_lane[1].i_p2_pop_slice/i_popcount/lane_bool_result[1][2]",net,,"gen_lane[1].i_p2_pop_slice/i_popcount",5,"i_vrf/lane_result_q[1][5]_i_5/O",5,"1",0
"i_p2_pop_slice","gen_lane[1].i_p2_pop_slice/i_popcount/lane_bool_result[1][30]",net,,"gen_lane[1].i_p2_pop_slice/i_popcount",5,"i_vrf/lane_result_q[1][39]_i_6/O",5,"1",0
"i_p2_pop_slice","gen_lane[1].i_p2_pop_slice/i_popcount/lane_bool_result[1][31]",net,,"gen_lane[1].i_p2_pop_slice/i_popcount",6,"i_vrf/popcount_q_o[0]_i_19__0/O",6,"1",0
"i_p2_pop_slice","gen_lane[1].i_p2_pop_slice/i_popcount/lane_bool_result[1][32]",net,,"gen_lane[1].i_p2_pop_slice/i_popcount",6,"i_vrf/popcount_q_o[0]_i_18__0/O",6,"1",0
"i_p2_pop_slice","gen_lane[1].i_p2_pop_slice/i_popcount/lane_bool_result[1][33]",net,,"gen_lane[1].i_p2_pop_slice/i_popcount",6,"i_vrf/popcount_q_o[0]_i_20__0/O",6,"1",0
"i_p2_pop_slice","gen_lane[1].i_p2_pop_slice/i_popcount/lane_bool_result[1][34]",net,,"gen_lane[1].i_p2_pop_slice/i_popcount",5,"i_vrf/lane_result_q[1][43]_i_5/O",5,"1",0
"i_p2_pop_slice","gen_lane[1].i_p2_pop_slice/i_popcount/lane_bool_result[1][35]",net,,"gen_lane[1].i_p2_pop_slice/i_popcount",5,"i_vrf/lane_result_q[1][44]_i_5/O",5,"1",0
"i_p2_pop_slice","gen_lane[1].i_p2_pop_slice/i_popcount/lane_bool_result[1][36]",net,,"gen_lane[1].i_p2_pop_slice/i_popcount",5,"i_vrf/lane_result_q[1][45]_i_5/O",5,"1",0
"i_p2_pop_slice","gen_lane[1].i_p2_pop_slice/i_popcount/lane_bool_result[1][37]",net,,"gen_lane[1].i_p2_pop_slice/i_popcount",5,"i_vrf/lane_result_q[1][46]_i_5/O",5,"1",0
"i_p2_pop_slice","gen_lane[1].i_p2_pop_slice/i_popcount/lane_bool_result[1][38]",net,,"gen_lane[1].i_p2_pop_slice/i_popcount",5,"i_vrf/lane_result_q[1][47]_i_6/O",5,"1",0
"i_p2_pop_slice","gen_lane[1].i_p2_pop_slice/i_popcount/lane_bool_result[1][39]",net,,"gen_lane[1].i_p2_pop_slice/i_popcount",5,"i_vrf/lane_result_q[1][48]_i_5/O",5,"1",0
"i_p2_pop_slice","gen_lane[1].i_p2_pop_slice/i_popcount/lane_bool_result[1][3]",net,,"gen_lane[1].i_p2_pop_slice/i_popcount",5,"i_vrf/lane_result_q[1][6]_i_5/O",5,"1",0
"i_p2_pop_slice","gen_lane[1].i_p2_pop_slice/i_popcount/lane_bool_result[1][40]",net,,"gen_lane[1].i_p2_pop_slice/i_popcount",5,"i_vrf/popcount_q_o[0]_i_24__0/O",5,"1",0
"i_p2_pop_slice","gen_lane[1].i_p2_pop_slice/i_popcount/lane_bool_result[1][41]",net,,"gen_lane[1].i_p2_pop_slice/i_popcount",5,"i_vrf/popcount_q_o[0]_i_23__0/O",5,"1",0
"i_p2_pop_slice","gen_lane[1].i_p2_pop_slice/i_popcount/lane_bool_result[1][42]",net,,"gen_lane[1].i_p2_pop_slice/i_popcount",5,"i_vrf/popcount_q_o[0]_i_25__0/O",5,"1",0
"i_p2_pop_slice","gen_lane[1].i_p2_pop_slice/i_popcount/lane_bool_result[1][43]",net,,"gen_lane[1].i_p2_pop_slice/i_popcount",4,"i_vrf/lane_result_q[1][52]_i_5/O",4,"1",0
"i_p2_pop_slice","gen_lane[1].i_p2_pop_slice/i_popcount/lane_bool_result[1][44]",net,,"gen_lane[1].i_p2_pop_slice/i_popcount",4,"i_vrf/lane_result_q[1][53]_i_5/O",4,"1",0
"i_p2_pop_slice","gen_lane[1].i_p2_pop_slice/i_popcount/lane_bool_result[1][45]",net,,"gen_lane[1].i_p2_pop_slice/i_popcount",4,"i_vrf/lane_result_q[1][54]_i_6/O",4,"1",0
"i_p2_pop_slice","gen_lane[1].i_p2_pop_slice/i_popcount/lane_bool_result[1][4]",net,,"gen_lane[1].i_p2_pop_slice/i_popcount",4,"i_vrf/lane_result_q[1][7]_i_5/O",4,"1",0
"i_p2_pop_slice","gen_lane[1].i_p2_pop_slice/i_popcount/lane_bool_result[1][5]",net,,"gen_lane[1].i_p2_pop_slice/i_popcount",4,"i_vrf/lane_result_q[1][8]_i_5/O",4,"1",0
"i_p2_pop_slice","gen_lane[1].i_p2_pop_slice/i_popcount/lane_bool_result[1][6]",net,,"gen_lane[1].i_p2_pop_slice/i_popcount",4,"i_vrf/lane_result_q[1][9]_i_5/O",4,"1",0
"i_p2_pop_slice","gen_lane[1].i_p2_pop_slice/i_popcount/lane_bool_result[1][7]",net,,"gen_lane[1].i_p2_pop_slice/i_popcount",5,"i_vrf/lane_result_q[1][13]_i_5/O",5,"1",0
"i_p2_pop_slice","gen_lane[1].i_p2_pop_slice/i_popcount/lane_bool_result[1][8]",net,,"gen_lane[1].i_p2_pop_slice/i_popcount",5,"i_vrf/lane_result_q[1][14]_i_5/O",5,"1",0
"i_p2_pop_slice","gen_lane[1].i_p2_pop_slice/i_popcount/lane_bool_result[1][9]",net,,"gen_lane[1].i_p2_pop_slice/i_popcount",5,"i_vrf/lane_result_q[1][15]_i_5/O",5,"1",0
"i_p2_pop_slice","gen_lane[1].i_p2_pop_slice/i_popcount/popcount_q_o[0]_i_11_n_0",net,,"gen_lane[1].i_p2_pop_slice/i_popcount",3,"gen_lane[1].i_p2_pop_slice/i_popcount/popcount_q_o[0]_i_11/O",3,"1",0
"i_p2_pop_slice","gen_lane[1].i_p2_pop_slice/i_popcount/popcount_q_o[0]_i_12_n_0",net,,"gen_lane[1].i_p2_pop_slice/i_popcount",3,"gen_lane[1].i_p2_pop_slice/i_popcount/popcount_q_o[0]_i_12/O",3,"1",0
"i_p2_pop_slice","gen_lane[1].i_p2_pop_slice/i_popcount/popcount_q_o[0]_i_16_n_0",net,,"gen_lane[1].i_p2_pop_slice/i_popcount",3,"gen_lane[1].i_p2_pop_slice/i_popcount/popcount_q_o[0]_i_16/O",3,"1",0
"i_p2_pop_slice","gen_lane[1].i_p2_pop_slice/i_popcount/popcount_q_o[0]_i_17_n_0",net,,"gen_lane[1].i_p2_pop_slice/i_popcount",3,"gen_lane[1].i_p2_pop_slice/i_popcount/popcount_q_o[0]_i_17/O",3,"1",0
"i_p2_pop_slice","gen_lane[1].i_p2_pop_slice/i_popcount/popcount_q_o[0]_i_21_n_0",net,,"gen_lane[1].i_p2_pop_slice/i_popcount",2,"gen_lane[1].i_p2_pop_slice/i_popcount/popcount_q_o[0]_i_21/O",2,"1",0
"i_p2_pop_slice","gen_lane[1].i_p2_pop_slice/i_popcount/popcount_q_o[0]_i_22_n_0",net,,"gen_lane[1].i_p2_pop_slice/i_popcount",2,"gen_lane[1].i_p2_pop_slice/i_popcount/popcount_q_o[0]_i_22/O",2,"1",0
"i_p2_pop_slice","gen_lane[1].i_p2_pop_slice/i_popcount/popcount_q_o[0]_i_27_n_0",net,,"gen_lane[1].i_p2_pop_slice/i_popcount",3,"gen_lane[1].i_p2_pop_slice/i_popcount/popcount_q_o[0]_i_27/O",3,"1",0
"i_p2_pop_slice","gen_lane[1].i_p2_pop_slice/i_popcount/popcount_q_o[0]_i_7__0",net,,"gen_lane[1].i_p2_pop_slice/i_popcount",2,"i_vrf/popcount_q_o[1]_i_19__0/O",2,"1",0
"i_p2_pop_slice","gen_lane[1].i_p2_pop_slice/i_popcount/popcount_q_o[0]_i_7__0_0",net,,"gen_lane[1].i_p2_pop_slice/i_popcount",2,"i_vrf/popcount_q_o[1]_i_21__0/O",2,"1",0
"i_p2_pop_slice","gen_lane[1].i_p2_pop_slice/i_popcount/popcount_q_o[1]_i_10_n_0",net,,"gen_lane[1].i_p2_pop_slice/i_popcount",1,"gen_lane[1].i_p2_pop_slice/i_popcount/popcount_q_o[1]_i_10/O",1,"1",0
"i_p2_pop_slice","gen_lane[1].i_p2_pop_slice/i_popcount/popcount_q_o[1]_i_15_n_0",net,,"gen_lane[1].i_p2_pop_slice/i_popcount",2,"gen_lane[1].i_p2_pop_slice/i_popcount/popcount_q_o[1]_i_15/O",2,"1",0
"i_p2_pop_slice","gen_lane[1].i_p2_pop_slice/i_popcount/popcount_q_o[1]_i_16_0",net,,"gen_lane[1].i_p2_pop_slice/i_popcount",3,"gen_lane[1].i_p2_pop_slice/i_popcount/popcount_q_o[1]_i_4/O",3,"1",0
"i_p2_pop_slice","gen_lane[1].i_p2_pop_slice/i_popcount/popcount_q_o[1]_i_16_n_0",net,,"gen_lane[1].i_p2_pop_slice/i_popcount",2,"gen_lane[1].i_p2_pop_slice/i_popcount/popcount_q_o[1]_i_16/O",2,"1",0
"i_p2_pop_slice","gen_lane[1].i_p2_pop_slice/i_popcount/popcount_q_o[1]_i_18_n_0",net,,"gen_lane[1].i_p2_pop_slice/i_popcount",1,"gen_lane[1].i_p2_pop_slice/i_popcount/popcount_q_o[1]_i_18/O",1,"1",0
"i_p2_pop_slice","gen_lane[1].i_p2_pop_slice/i_popcount/popcount_q_o[1]_i_20_n_0",net,,"gen_lane[1].i_p2_pop_slice/i_popcount",2,"gen_lane[1].i_p2_pop_slice/i_popcount/popcount_q_o[1]_i_20/O",2,"1",0
"i_p2_pop_slice","gen_lane[1].i_p2_pop_slice/i_popcount/popcount_q_o[1]_i_22_n_0",net,,"gen_lane[1].i_p2_pop_slice/i_popcount",2,"gen_lane[1].i_p2_pop_slice/i_popcount/popcount_q_o[1]_i_22/O",2,"1",0
"i_p2_pop_slice","gen_lane[1].i_p2_pop_slice/i_popcount/popcount_q_o[1]_i_23_n_0",net,,"gen_lane[1].i_p2_pop_slice/i_popcount",2,"gen_lane[1].i_p2_pop_slice/i_popcount/popcount_q_o[1]_i_23/O",2,"1",0
"i_p2_pop_slice","gen_lane[1].i_p2_pop_slice/i_popcount/popcount_q_o[1]_i_24_n_0",net,,"gen_lane[1].i_p2_pop_slice/i_popcount",2,"gen_lane[1].i_p2_pop_slice/i_popcount/popcount_q_o[1]_i_24/O",2,"1",0
"i_p2_pop_slice","gen_lane[1].i_p2_pop_slice/i_popcount/popcount_q_o[1]_i_25_n_0",net,,"gen_lane[1].i_p2_pop_slice/i_popcount",1,"gen_lane[1].i_p2_pop_slice/i_popcount/popcount_q_o[1]_i_25/O",1,"1",0
"i_p2_pop_slice","gen_lane[1].i_p2_pop_slice/i_popcount/popcount_q_o[1]_i_26_n_0",net,,"gen_lane[1].i_p2_pop_slice/i_popcount",1,"gen_lane[1].i_p2_pop_slice/i_popcount/popcount_q_o[1]_i_26/O",1,"1",0
"i_p2_pop_slice","gen_lane[1].i_p2_pop_slice/i_popcount/popcount_q_o[1]_i_27_n_0",net,,"gen_lane[1].i_p2_pop_slice/i_popcount",1,"gen_lane[1].i_p2_pop_slice/i_popcount/popcount_q_o[1]_i_27/O",1,"1",0
"i_p2_pop_slice","gen_lane[1].i_p2_pop_slice/i_popcount/popcount_q_o[1]_i_28_n_0",net,,"gen_lane[1].i_p2_pop_slice/i_popcount",1,"gen_lane[1].i_p2_pop_slice/i_popcount/popcount_q_o[1]_i_28/O",1,"1",0
"i_p2_pop_slice","gen_lane[1].i_p2_pop_slice/i_popcount/popcount_q_o[1]_i_4_0",net,,"gen_lane[1].i_p2_pop_slice/i_popcount",2,"i_vrf/popcount_q_o[6]_i_44__0/O",2,"1",0
"i_p2_pop_slice","gen_lane[1].i_p2_pop_slice/i_popcount/popcount_q_o[1]_i_4_1",net,,"gen_lane[1].i_p2_pop_slice/i_popcount",2,"i_vrf/popcount_q_o[6]_i_45__0/O",2,"1",0
"i_p2_pop_slice","gen_lane[1].i_p2_pop_slice/i_popcount/popcount_q_o[1]_i_4_2",net,,"gen_lane[1].i_p2_pop_slice/i_popcount",2,"i_vrf/popcount_q_o[6]_i_47__0/O",2,"1",0
"i_p2_pop_slice","gen_lane[1].i_p2_pop_slice/i_popcount/popcount_q_o[1]_i_7_n_0",net,,"gen_lane[1].i_p2_pop_slice/i_popcount",3,"gen_lane[1].i_p2_pop_slice/i_popcount/popcount_q_o[1]_i_7/O",3,"1",0
"i_p2_pop_slice","gen_lane[1].i_p2_pop_slice/i_popcount/popcount_q_o[1]_i_9_n_0",net,,"gen_lane[1].i_p2_pop_slice/i_popcount",3,"gen_lane[1].i_p2_pop_slice/i_popcount/popcount_q_o[1]_i_9/O",3,"1",0
"i_p2_pop_slice","gen_lane[1].i_p2_pop_slice/i_popcount/popcount_q_o[3]_i_2__0",net,,"gen_lane[1].i_p2_pop_slice/i_popcount",3,"i_vrf/popcount_q_o[0]_i_31__0/O",3,"1",0
"i_p2_pop_slice","gen_lane[1].i_p2_pop_slice/i_popcount/popcount_q_o[3]_i_2__0_0",net,,"gen_lane[1].i_p2_pop_slice/i_popcount",2,"i_vrf/popcount_q_o[6]_i_28__0/O",2,"1",0
"i_p2_pop_slice","gen_lane[1].i_p2_pop_slice/i_popcount/popcount_q_o[3]_i_9_0",net,,"gen_lane[1].i_p2_pop_slice/i_popcount",6,"gen_lane[1].i_p2_pop_slice/i_popcount/popcount_q_o[6]_i_12/O",6,"1",0
"i_p2_pop_slice","gen_lane[1].i_p2_pop_slice/i_popcount/popcount_q_o[4]_i_2__0",net,,"gen_lane[1].i_p2_pop_slice/i_popcount",3,"i_vrf/popcount_q_o[6]_i_24__0/O",3,"1",0
"i_p2_pop_slice","gen_lane[1].i_p2_pop_slice/i_popcount/popcount_q_o[4]_i_2__0_0",net,,"gen_lane[1].i_p2_pop_slice/i_popcount",3,"i_vrf/popcount_q_o[6]_i_25__0/O",3,"1",0
"i_p2_pop_slice","gen_lane[1].i_p2_pop_slice/i_popcount/popcount_q_o[4]_i_2__0_1",net,,"gen_lane[1].i_p2_pop_slice/i_popcount",3,"i_vrf/popcount_q_o[6]_i_26__0/O",3,"1",0
"i_p2_pop_slice","gen_lane[1].i_p2_pop_slice/i_popcount/popcount_q_o[6]_i_12_0",net,,"gen_lane[1].i_p2_pop_slice/i_popcount",3,"gen_lane[1].i_p2_pop_slice/i_popcount/popcount_q_o[3]_i_3/O",3,"1",0
"i_p2_pop_slice","gen_lane[1].i_p2_pop_slice/i_popcount/popcount_q_o[6]_i_12_1",net,,"gen_lane[1].i_p2_pop_slice/i_popcount",5,"gen_lane[1].i_p2_pop_slice/i_popcount/popcount_q_o[6]_i_2/O",5,"1",0
"i_p2_pop_slice","gen_lane[1].i_p2_pop_slice/i_popcount/popcount_q_o[6]_i_12_2",net,,"gen_lane[1].i_p2_pop_slice/i_popcount",4,"gen_lane[1].i_p2_pop_slice/i_popcount/popcount_q_o[6]_i_4/O",4,"1",0
"i_p2_pop_slice","gen_lane[1].i_p2_pop_slice/i_popcount/popcount_q_o[6]_i_13_n_0",net,,"gen_lane[1].i_p2_pop_slice/i_popcount",3,"gen_lane[1].i_p2_pop_slice/i_popcount/popcount_q_o[6]_i_13/O",3,"1",0
"i_p2_pop_slice","gen_lane[1].i_p2_pop_slice/i_popcount/popcount_q_o[6]_i_15_n_0",net,,"gen_lane[1].i_p2_pop_slice/i_popcount",5,"gen_lane[1].i_p2_pop_slice/i_popcount/popcount_q_o[6]_i_15/O",5,"1",0
"i_p2_pop_slice","gen_lane[1].i_p2_pop_slice/i_popcount/popcount_q_o[6]_i_16_n_0",net,,"gen_lane[1].i_p2_pop_slice/i_popcount",2,"gen_lane[1].i_p2_pop_slice/i_popcount/popcount_q_o[6]_i_16/O",2,"1",0
"i_p2_pop_slice","gen_lane[1].i_p2_pop_slice/i_popcount/popcount_q_o[6]_i_17_n_0",net,,"gen_lane[1].i_p2_pop_slice/i_popcount",2,"gen_lane[1].i_p2_pop_slice/i_popcount/popcount_q_o[6]_i_17/O",2,"1",0
"i_p2_pop_slice","gen_lane[1].i_p2_pop_slice/i_popcount/popcount_q_o[6]_i_18_n_0",net,,"gen_lane[1].i_p2_pop_slice/i_popcount",2,"gen_lane[1].i_p2_pop_slice/i_popcount/popcount_q_o[6]_i_18/O",2,"1",0
"i_p2_pop_slice","gen_lane[1].i_p2_pop_slice/i_popcount/popcount_q_o[6]_i_22_0",net,,"gen_lane[1].i_p2_pop_slice/i_popcount",2,"gen_lane[1].i_p2_pop_slice/i_popcount/popcount_q_o[6]_i_5/O",2,"",0
"i_p2_pop_slice","gen_lane[1].i_p2_pop_slice/i_popcount/popcount_q_o[6]_i_23_0",net,,"gen_lane[1].i_p2_pop_slice/i_popcount",3,"gen_lane[1].i_p2_pop_slice/i_popcount/popcount_q_o[6]_i_7/O",3,"",0
"i_p2_pop_slice","gen_lane[1].i_p2_pop_slice/i_popcount/popcount_q_o[6]_i_23_n_0",net,,"gen_lane[1].i_p2_pop_slice/i_popcount",1,"gen_lane[1].i_p2_pop_slice/i_popcount/popcount_q_o[6]_i_23/O",1,"1",0
"i_p2_pop_slice","gen_lane[1].i_p2_pop_slice/i_popcount/popcount_q_o[6]_i_27_n_0",net,,"gen_lane[1].i_p2_pop_slice/i_popcount",2,"gen_lane[1].i_p2_pop_slice/i_popcount/popcount_q_o[6]_i_27/O",2,"1",0
"i_p2_pop_slice","gen_lane[1].i_p2_pop_slice/i_popcount/popcount_q_o[6]_i_31_n_0",net,,"gen_lane[1].i_p2_pop_slice/i_popcount",1,"gen_lane[1].i_p2_pop_slice/i_popcount/popcount_q_o[6]_i_31/O",1,"1",0
"i_p2_pop_slice","gen_lane[1].i_p2_pop_slice/i_popcount/popcount_q_o[6]_i_32_n_0",net,,"gen_lane[1].i_p2_pop_slice/i_popcount",1,"gen_lane[1].i_p2_pop_slice/i_popcount/popcount_q_o[6]_i_32/O",1,"1",0
"i_p2_pop_slice","gen_lane[1].i_p2_pop_slice/i_popcount/popcount_q_o[6]_i_33_n_0",net,,"gen_lane[1].i_p2_pop_slice/i_popcount",2,"gen_lane[1].i_p2_pop_slice/i_popcount/popcount_q_o[6]_i_33/O",2,"1",0
"i_p2_pop_slice","gen_lane[1].i_p2_pop_slice/i_popcount/popcount_q_o[6]_i_34_n_0",net,,"gen_lane[1].i_p2_pop_slice/i_popcount",2,"gen_lane[1].i_p2_pop_slice/i_popcount/popcount_q_o[6]_i_34/O",2,"1",0
"i_p2_pop_slice","gen_lane[1].i_p2_pop_slice/i_popcount/popcount_q_o[6]_i_35_n_0",net,,"gen_lane[1].i_p2_pop_slice/i_popcount",3,"gen_lane[1].i_p2_pop_slice/i_popcount/popcount_q_o[6]_i_35/O",3,"1",0
"i_p2_pop_slice","gen_lane[1].i_p2_pop_slice/i_popcount/popcount_q_o[6]_i_36_n_0",net,,"gen_lane[1].i_p2_pop_slice/i_popcount",2,"gen_lane[1].i_p2_pop_slice/i_popcount/popcount_q_o[6]_i_36/O",2,"1",0
"i_p2_pop_slice","gen_lane[1].i_p2_pop_slice/i_popcount/popcount_q_o[6]_i_37_n_0",net,,"gen_lane[1].i_p2_pop_slice/i_popcount",2,"gen_lane[1].i_p2_pop_slice/i_popcount/popcount_q_o[6]_i_37/O",2,"1",0
"i_p2_pop_slice","gen_lane[1].i_p2_pop_slice/i_popcount/popcount_q_o[6]_i_38_n_0",net,,"gen_lane[1].i_p2_pop_slice/i_popcount",3,"gen_lane[1].i_p2_pop_slice/i_popcount/popcount_q_o[6]_i_38/O",3,"1",0
"i_p2_pop_slice","gen_lane[1].i_p2_pop_slice/i_popcount/popcount_q_o[6]_i_39_n_0",net,,"gen_lane[1].i_p2_pop_slice/i_popcount",2,"gen_lane[1].i_p2_pop_slice/i_popcount/popcount_q_o[6]_i_39/O",2,"1",0
"i_p2_pop_slice","gen_lane[1].i_p2_pop_slice/i_popcount/popcount_q_o[6]_i_40_n_0",net,,"gen_lane[1].i_p2_pop_slice/i_popcount",2,"gen_lane[1].i_p2_pop_slice/i_popcount/popcount_q_o[6]_i_40/O",2,"1",0
"i_p2_pop_slice","gen_lane[1].i_p2_pop_slice/i_popcount/popcount_q_o[6]_i_41_n_0",net,,"gen_lane[1].i_p2_pop_slice/i_popcount",2,"gen_lane[1].i_p2_pop_slice/i_popcount/popcount_q_o[6]_i_41/O",2,"1",0
"i_p2_pop_slice","gen_lane[1].i_p2_pop_slice/i_popcount/popcount_q_o[6]_i_42_n_0",net,,"gen_lane[1].i_p2_pop_slice/i_popcount",2,"gen_lane[1].i_p2_pop_slice/i_popcount/popcount_q_o[6]_i_42/O",2,"1",0
"i_p2_pop_slice","gen_lane[1].i_p2_pop_slice/i_popcount/popcount_q_o[6]_i_43_n_0",net,,"gen_lane[1].i_p2_pop_slice/i_popcount",2,"gen_lane[1].i_p2_pop_slice/i_popcount/popcount_q_o[6]_i_43/O",2,"1",0
"i_p2_pop_slice","gen_lane[1].i_p2_pop_slice/i_popcount/popcount_q_o[6]_i_46_n_0",net,,"gen_lane[1].i_p2_pop_slice/i_popcount",2,"gen_lane[1].i_p2_pop_slice/i_popcount/popcount_q_o[6]_i_46/O",2,"1",0
"i_p2_pop_slice","gen_lane[1].i_p2_pop_slice/i_popcount/popcount_q_o[6]_i_48_n_0",net,,"gen_lane[1].i_p2_pop_slice/i_popcount",2,"gen_lane[1].i_p2_pop_slice/i_popcount/popcount_q_o[6]_i_48/O",2,"1",0
"i_p2_pop_slice","gen_lane[1].i_p2_pop_slice/i_popcount/popcount_q_o[6]_i_49_0",net,,"gen_lane[1].i_p2_pop_slice/i_popcount",2,"gen_lane[1].i_p2_pop_slice/i_popcount/popcount_q_o[6]_i_21/O",2,"1",0
"i_p2_pop_slice","gen_lane[1].i_p2_pop_slice/i_popcount/popcount_q_o[6]_i_49_n_0",net,,"gen_lane[1].i_p2_pop_slice/i_popcount",3,"gen_lane[1].i_p2_pop_slice/i_popcount/popcount_q_o[6]_i_49/O",3,"1",0
"i_p2_pop_slice","gen_lane[1].i_p2_pop_slice/i_popcount/popcount_q_o[6]_i_4_0",net,,"gen_lane[1].i_p2_pop_slice/i_popcount",1,"gen_lane[1].i_p2_pop_slice/i_popcount/popcount_q_o[3]_i_6/O",1,"",0
"i_p2_pop_slice","gen_lane[1].i_p2_pop_slice/i_popcount/popcount_q_o[6]_i_50_n_0",net,,"gen_lane[1].i_p2_pop_slice/i_popcount",3,"gen_lane[1].i_p2_pop_slice/i_popcount/popcount_q_o[6]_i_50/O",3,"1",0
"i_p2_pop_slice","gen_lane[1].i_p2_pop_slice/i_popcount/popcount_q_o[6]_i_8_n_0",net,,"gen_lane[1].i_p2_pop_slice/i_popcount",2,"gen_lane[1].i_p2_pop_slice/i_popcount/popcount_q_o[6]_i_8/O",2,"1",0
"i_p2_pop_slice","gen_lane[1].i_p2_pop_slice/i_popcount/popcount_q_o[6]_i_9_n_0",net,,"gen_lane[1].i_p2_pop_slice/i_popcount",2,"gen_lane[1].i_p2_pop_slice/i_popcount/popcount_q_o[6]_i_9/O",2,"1",0
"i_p2_pop_slice","gen_lane[1].i_p2_pop_slice/i_popcount/popcount_q_o_reg[0]",net,,"gen_lane[1].i_p2_pop_slice/i_popcount",3,"i_vrf/popcount_q_o[0]_i_26__0/O",3,"1",0
"i_p2_pop_slice","gen_lane[1].i_p2_pop_slice/i_popcount/popcount_q_o_reg[1]",net,,"gen_lane[1].i_p2_pop_slice/i_popcount",1,"i_vrf/popcount_q_o[1]_i_17__0/O",1,"1",0
"i_p2_pop_slice","gen_lane[1].i_p2_pop_slice/i_popcount/popcount_q_o_reg[1]_0",net,,"gen_lane[1].i_p2_pop_slice/i_popcount",3,"i_vrf/popcount_q_o[0]_i_6__0/O",3,"1",0
"i_p2_pop_slice","gen_lane[1].i_p2_pop_slice/i_popcount/popcount_q_o_reg[1]_1",net,,"gen_lane[1].i_p2_pop_slice/i_popcount",3,"i_vrf/popcount_q_o[1]_i_8__0/O",3,"1",0
"i_p2_pop_slice","gen_lane[1].i_p2_pop_slice/i_popcount/popcount_q_o_reg[2]",net,,"gen_lane[1].i_p2_pop_slice/i_popcount",3,"i_vrf/popcount_q_o[1]_i_3__0/O",3,"1",0
"i_p2_pop_slice","gen_lane[1].i_p2_pop_slice/i_popcount/popcount_q_o_reg[6]",net,,"gen_lane[1].i_p2_pop_slice/i_popcount",3,"i_vrf/popcount_q_o[3]_i_2__0/O",3,"1",0
"i_p2_pop_slice","gen_lane[1].i_p2_pop_slice/i_popcount/popcount_q_o_reg[6]_0",net,,"gen_lane[1].i_p2_pop_slice/i_popcount",3,"i_vrf/popcount_q_o[6]_i_14__0/O",3,"1",0
"i_p2_pop_slice","gen_lane[1].i_p2_pop_slice/lane_bool_result[1][0]",net,,"gen_lane[1].i_p2_pop_slice",4,"i_vrf/popcount_q_o[0]_i_30__0/O",4,"1",0
"i_p2_pop_slice","gen_lane[1].i_p2_pop_slice/lane_bool_result[1][10]",net,,"gen_lane[1].i_p2_pop_slice",4,"i_vrf/lane_result_q[1][16]_i_5/O",4,"1",0
"i_p2_pop_slice","gen_lane[1].i_p2_pop_slice/lane_bool_result[1][11]",net,,"gen_lane[1].i_p2_pop_slice",4,"i_vrf/lane_result_q[1][17]_i_5/O",4,"1",0
"i_p2_pop_slice","gen_lane[1].i_p2_pop_slice/lane_bool_result[1][12]",net,,"gen_lane[1].i_p2_pop_slice",4,"i_vrf/lane_result_q[1][18]_i_5/O",4,"1",0
"i_p2_pop_slice","gen_lane[1].i_p2_pop_slice/lane_bool_result[1][13]",net,,"gen_lane[1].i_p2_pop_slice",6,"i_vrf/popcount_q_o[0]_i_14__0/O",6,"1",0
"i_p2_pop_slice","gen_lane[1].i_p2_pop_slice/lane_bool_result[1][14]",net,,"gen_lane[1].i_p2_pop_slice",6,"i_vrf/popcount_q_o[0]_i_13__0/O",6,"1",0
"i_p2_pop_slice","gen_lane[1].i_p2_pop_slice/lane_bool_result[1][15]",net,,"gen_lane[1].i_p2_pop_slice",6,"i_vrf/popcount_q_o[0]_i_15__0/O",6,"1",0
"i_p2_pop_slice","gen_lane[1].i_p2_pop_slice/lane_bool_result[1][16]",net,,"gen_lane[1].i_p2_pop_slice",5,"i_vrf/lane_result_q[1][25]_i_5/O",5,"1",0
"i_p2_pop_slice","gen_lane[1].i_p2_pop_slice/lane_bool_result[1][17]",net,,"gen_lane[1].i_p2_pop_slice",5,"i_vrf/lane_result_q[1][26]_i_5/O",5,"1",0
"i_p2_pop_slice","gen_lane[1].i_p2_pop_slice/lane_bool_result[1][18]",net,,"gen_lane[1].i_p2_pop_slice",5,"i_vrf/lane_result_q[1][27]_i_5/O",5,"1",0
"i_p2_pop_slice","gen_lane[1].i_p2_pop_slice/lane_bool_result[1][19]",net,,"gen_lane[1].i_p2_pop_slice",5,"i_vrf/lane_result_q[1][28]_i_5/O",5,"1",0
"i_p2_pop_slice","gen_lane[1].i_p2_pop_slice/lane_bool_result[1][1]",net,,"gen_lane[1].i_p2_pop_slice",5,"i_vrf/lane_result_q[1][4]_i_5/O",5,"1",0
"i_p2_pop_slice","gen_lane[1].i_p2_pop_slice/lane_bool_result[1][20]",net,,"gen_lane[1].i_p2_pop_slice",5,"i_vrf/lane_result_q[1][29]_i_5/O",5,"1",0
"i_p2_pop_slice","gen_lane[1].i_p2_pop_slice/lane_bool_result[1][21]",net,,"gen_lane[1].i_p2_pop_slice",5,"i_vrf/lane_result_q[1][30]_i_5/O",5,"1",0
"i_p2_pop_slice","gen_lane[1].i_p2_pop_slice/lane_bool_result[1][22]",net,,"gen_lane[1].i_p2_pop_slice",6,"i_vrf/popcount_q_o[0]_i_9__0/O",6,"1",0
"i_p2_pop_slice","gen_lane[1].i_p2_pop_slice/lane_bool_result[1][23]",net,,"gen_lane[1].i_p2_pop_slice",6,"i_vrf/popcount_q_o[0]_i_8__0/O",6,"1",0
"i_p2_pop_slice","gen_lane[1].i_p2_pop_slice/lane_bool_result[1][24]",net,,"gen_lane[1].i_p2_pop_slice",6,"i_vrf/popcount_q_o[0]_i_10__0/O",6,"1",0
"i_p2_pop_slice","gen_lane[1].i_p2_pop_slice/lane_bool_result[1][25]",net,,"gen_lane[1].i_p2_pop_slice",5,"i_vrf/lane_result_q[1][34]_i_6/O",5,"1",0
"i_p2_pop_slice","gen_lane[1].i_p2_pop_slice/lane_bool_result[1][26]",net,,"gen_lane[1].i_p2_pop_slice",5,"i_vrf/lane_result_q[1][35]_i_6/O",5,"1",0
"i_p2_pop_slice","gen_lane[1].i_p2_pop_slice/lane_bool_result[1][27]",net,,"gen_lane[1].i_p2_pop_slice",5,"i_vrf/lane_result_q[1][36]_i_5/O",5,"1",0
"i_p2_pop_slice","gen_lane[1].i_p2_pop_slice/lane_bool_result[1][28]",net,,"gen_lane[1].i_p2_pop_slice",5,"i_vrf/lane_result_q[1][37]_i_5/O",5,"1",0
"i_p2_pop_slice","gen_lane[1].i_p2_pop_slice/lane_bool_result[1][29]",net,,"gen_lane[1].i_p2_pop_slice",5,"i_vrf/lane_result_q[1][38]_i_5/O",5,"1",0
"i_p2_pop_slice","gen_lane[1].i_p2_pop_slice/lane_bool_result[1][2]",net,,"gen_lane[1].i_p2_pop_slice",5,"i_vrf/lane_result_q[1][5]_i_5/O",5,"1",0
"i_p2_pop_slice","gen_lane[1].i_p2_pop_slice/lane_bool_result[1][30]",net,,"gen_lane[1].i_p2_pop_slice",5,"i_vrf/lane_result_q[1][39]_i_6/O",5,"1",0
"i_p2_pop_slice","gen_lane[1].i_p2_pop_slice/lane_bool_result[1][31]",net,,"gen_lane[1].i_p2_pop_slice",6,"i_vrf/popcount_q_o[0]_i_19__0/O",6,"1",0
"i_p2_pop_slice","gen_lane[1].i_p2_pop_slice/lane_bool_result[1][32]",net,,"gen_lane[1].i_p2_pop_slice",6,"i_vrf/popcount_q_o[0]_i_18__0/O",6,"1",0
"i_p2_pop_slice","gen_lane[1].i_p2_pop_slice/lane_bool_result[1][33]",net,,"gen_lane[1].i_p2_pop_slice",6,"i_vrf/popcount_q_o[0]_i_20__0/O",6,"1",0
"i_p2_pop_slice","gen_lane[1].i_p2_pop_slice/lane_bool_result[1][34]",net,,"gen_lane[1].i_p2_pop_slice",5,"i_vrf/lane_result_q[1][43]_i_5/O",5,"1",0
"i_p2_pop_slice","gen_lane[1].i_p2_pop_slice/lane_bool_result[1][35]",net,,"gen_lane[1].i_p2_pop_slice",5,"i_vrf/lane_result_q[1][44]_i_5/O",5,"1",0
"i_p2_pop_slice","gen_lane[1].i_p2_pop_slice/lane_bool_result[1][36]",net,,"gen_lane[1].i_p2_pop_slice",5,"i_vrf/lane_result_q[1][45]_i_5/O",5,"1",0
"i_p2_pop_slice","gen_lane[1].i_p2_pop_slice/lane_bool_result[1][37]",net,,"gen_lane[1].i_p2_pop_slice",5,"i_vrf/lane_result_q[1][46]_i_5/O",5,"1",0
"i_p2_pop_slice","gen_lane[1].i_p2_pop_slice/lane_bool_result[1][38]",net,,"gen_lane[1].i_p2_pop_slice",5,"i_vrf/lane_result_q[1][47]_i_6/O",5,"1",0
"i_p2_pop_slice","gen_lane[1].i_p2_pop_slice/lane_bool_result[1][39]",net,,"gen_lane[1].i_p2_pop_slice",5,"i_vrf/lane_result_q[1][48]_i_5/O",5,"1",0
"i_p2_pop_slice","gen_lane[1].i_p2_pop_slice/lane_bool_result[1][3]",net,,"gen_lane[1].i_p2_pop_slice",5,"i_vrf/lane_result_q[1][6]_i_5/O",5,"1",0
"i_p2_pop_slice","gen_lane[1].i_p2_pop_slice/lane_bool_result[1][40]",net,,"gen_lane[1].i_p2_pop_slice",5,"i_vrf/popcount_q_o[0]_i_24__0/O",5,"1",0
"i_p2_pop_slice","gen_lane[1].i_p2_pop_slice/lane_bool_result[1][41]",net,,"gen_lane[1].i_p2_pop_slice",5,"i_vrf/popcount_q_o[0]_i_23__0/O",5,"1",0
"i_p2_pop_slice","gen_lane[1].i_p2_pop_slice/lane_bool_result[1][42]",net,,"gen_lane[1].i_p2_pop_slice",5,"i_vrf/popcount_q_o[0]_i_25__0/O",5,"1",0
"i_p2_pop_slice","gen_lane[1].i_p2_pop_slice/lane_bool_result[1][43]",net,,"gen_lane[1].i_p2_pop_slice",4,"i_vrf/lane_result_q[1][52]_i_5/O",4,"1",0
"i_p2_pop_slice","gen_lane[1].i_p2_pop_slice/lane_bool_result[1][44]",net,,"gen_lane[1].i_p2_pop_slice",4,"i_vrf/lane_result_q[1][53]_i_5/O",4,"1",0
"i_p2_pop_slice","gen_lane[1].i_p2_pop_slice/lane_bool_result[1][45]",net,,"gen_lane[1].i_p2_pop_slice",4,"i_vrf/lane_result_q[1][54]_i_6/O",4,"1",0
"i_p2_pop_slice","gen_lane[1].i_p2_pop_slice/lane_bool_result[1][4]",net,,"gen_lane[1].i_p2_pop_slice",4,"i_vrf/lane_result_q[1][7]_i_5/O",4,"1",0
"i_p2_pop_slice","gen_lane[1].i_p2_pop_slice/lane_bool_result[1][5]",net,,"gen_lane[1].i_p2_pop_slice",4,"i_vrf/lane_result_q[1][8]_i_5/O",4,"1",0
"i_p2_pop_slice","gen_lane[1].i_p2_pop_slice/lane_bool_result[1][6]",net,,"gen_lane[1].i_p2_pop_slice",4,"i_vrf/lane_result_q[1][9]_i_5/O",4,"1",0
"i_p2_pop_slice","gen_lane[1].i_p2_pop_slice/lane_bool_result[1][7]",net,,"gen_lane[1].i_p2_pop_slice",5,"i_vrf/lane_result_q[1][13]_i_5/O",5,"1",0
"i_p2_pop_slice","gen_lane[1].i_p2_pop_slice/lane_bool_result[1][8]",net,,"gen_lane[1].i_p2_pop_slice",5,"i_vrf/lane_result_q[1][14]_i_5/O",5,"1",0
"i_p2_pop_slice","gen_lane[1].i_p2_pop_slice/lane_bool_result[1][9]",net,,"gen_lane[1].i_p2_pop_slice",5,"i_vrf/lane_result_q[1][15]_i_5/O",5,"1",0
"i_p2_pop_slice","gen_lane[1].i_p2_pop_slice/lane_result_q_reg[1][0]",net,,"gen_lane[1].i_p2_pop_slice",65,"i_vrf/lane_result_q[1][63]_i_3/O",65,"1",0
"i_p2_pop_slice","gen_lane[1].i_p2_pop_slice/pop_d_i",net,,"gen_lane[1].i_p2_pop_slice",4,"gen_lane[3].i_p2_pop_slice/pop_q_i_1/O",4,"0;1;2;3",1
"i_p2_pop_slice","gen_lane[1].i_p2_pop_slice/pop_q",net,,"gen_lane[1].i_p2_pop_slice",8,"gen_lane[1].i_p2_pop_slice/pop_q_reg/Q",8,"1",0
"i_p2_pop_slice","gen_lane[1].i_p2_pop_slice/pop_q_reg_0",net,,"gen_lane[1].i_p2_pop_slice",2201,"i_vrf/FSM_onehot_st_q[0]_i_3/O",2201,"0;1;2;3",1
"i_p2_pop_slice","gen_lane[1].i_p2_pop_slice/popcount_q_o[0]",net,,"gen_lane[1].i_p2_pop_slice",2,"gen_lane[1].i_p2_pop_slice/popcount_q_o_reg[0]/Q",2,"2",0
"i_p2_pop_slice","gen_lane[1].i_p2_pop_slice/popcount_q_o[0]_i_7__0",net,,"gen_lane[1].i_p2_pop_slice",2,"i_vrf/popcount_q_o[1]_i_19__0/O",2,"1",0
"i_p2_pop_slice","gen_lane[1].i_p2_pop_slice/popcount_q_o[0]_i_7__0_0",net,,"gen_lane[1].i_p2_pop_slice",2,"i_vrf/popcount_q_o[1]_i_21__0/O",2,"1",0
"i_p2_pop_slice","gen_lane[1].i_p2_pop_slice/popcount_q_o[1]",net,,"gen_lane[1].i_p2_pop_slice",3,"gen_lane[1].i_p2_pop_slice/popcount_q_o_reg[1]/Q",3,"1;2",1
"i_p2_pop_slice","gen_lane[1].i_p2_pop_slice/popcount_q_o[1]_i_16",net,,"gen_lane[1].i_p2_pop_slice",3,"gen_lane[1].i_p2_pop_slice/i_popcount/popcount_q_o[1]_i_4/O",3,"1",0
"i_p2_pop_slice","gen_lane[1].i_p2_pop_slice/popcount_q_o[1]_i_4",net,,"gen_lane[1].i_p2_pop_slice",2,"i_vrf/popcount_q_o[6]_i_44__0/O",2,"1",0
"i_p2_pop_slice","gen_lane[1].i_p2_pop_slice/popcount_q_o[1]_i_4_0",net,,"gen_lane[1].i_p2_pop_slice",2,"i_vrf/popcount_q_o[6]_i_45__0/O",2,"1",0
"i_p2_pop_slice","gen_lane[1].i_p2_pop_slice/popcount_q_o[1]_i_4_1",net,,"gen_lane[1].i_p2_pop_slice",2,"i_vrf/popcount_q_o[6]_i_47__0/O",2,"1",0
"i_p2_pop_slice","gen_lane[1].i_p2_pop_slice/popcount_q_o[2]",net,,"gen_lane[1].i_p2_pop_slice",3,"gen_lane[1].i_p2_pop_slice/popcount_q_o_reg[2]/Q",3,"1;2",1
"i_p2_pop_slice","gen_lane[1].i_p2_pop_slice/popcount_q_o[3]",net,,"gen_lane[1].i_p2_pop_slice",3,"gen_lane[1].i_p2_pop_slice/popcount_q_o_reg[3]/Q",3,"1;2",1
"i_p2_pop_slice","gen_lane[1].i_p2_pop_slice/popcount_q_o[3]_i_2__0",net,,"gen_lane[1].i_p2_pop_slice",3,"i_vrf/popcount_q_o[0]_i_31__0/O",3,"1",0
"i_p2_pop_slice","gen_lane[1].i_p2_pop_slice/popcount_q_o[3]_i_2__0_0",net,,"gen_lane[1].i_p2_pop_slice",2,"i_vrf/popcount_q_o[6]_i_28__0/O",2,"1",0
"i_p2_pop_slice","gen_lane[1].i_p2_pop_slice/popcount_q_o[3]_i_9",net,,"gen_lane[1].i_p2_pop_slice",6,"gen_lane[1].i_p2_pop_slice/i_popcount/popcount_q_o[6]_i_12/O",6,"1",0
"i_p2_pop_slice","gen_lane[1].i_p2_pop_slice/popcount_q_o[4]",net,,"gen_lane[1].i_p2_pop_slice",3,"gen_lane[1].i_p2_pop_slice/popcount_q_o_reg[4]/Q",3,"1;2",1
"i_p2_pop_slice","gen_lane[1].i_p2_pop_slice/popcount_q_o[4]_i_2__0",net,,"gen_lane[1].i_p2_pop_slice",3,"i_vrf/popcount_q_o[6]_i_24__0/O",3,"1",0
"i_p2_pop_slice","gen_lane[1].i_p2_pop_slice/popcount_q_o[4]_i_2__0_0",net,,"gen_lane[1].i_p2_pop_slice",3,"i_vrf/popcount_q_o[6]_i_25__0/O",3,"1",0
"i_p2_pop_slice","gen_lane[1].i_p2_pop_slice/popcount_q_o[4]_i_2__0_1",net,,"gen_lane[1].i_p2_pop_slice",3,"i_vrf/popcount_q_o[6]_i_26__0/O",3,"1",0
"i_p2_pop_slice","gen_lane[1].i_p2_pop_slice/popcount_q_o[5]",net,,"gen_lane[1].i_p2_pop_slice",3,"gen_lane[1].i_p2_pop_slice/popcount_q_o_reg[5]/Q",3,"1;2",1
"i_p2_pop_slice","gen_lane[1].i_p2_pop_slice/popcount_q_o[6]",net,,"gen_lane[1].i_p2_pop_slice",2,"gen_lane[1].i_p2_pop_slice/popcount_q_o_reg[6]/Q",2,"0;1",1
"i_p2_pop_slice","gen_lane[1].i_p2_pop_slice/popcount_q_o[6]_i_12",net,,"gen_lane[1].i_p2_pop_slice",3,"gen_lane[1].i_p2_pop_slice/i_popcount/popcount_q_o[3]_i_3/O",3,"1",0
"i_p2_pop_slice","gen_lane[1].i_p2_pop_slice/popcount_q_o[6]_i_12_0",net,,"gen_lane[1].i_p2_pop_slice",5,"gen_lane[1].i_p2_pop_slice/i_popcount/popcount_q_o[6]_i_2/O",5,"1",0
"i_p2_pop_slice","gen_lane[1].i_p2_pop_slice/popcount_q_o[6]_i_12_1",net,,"gen_lane[1].i_p2_pop_slice",4,"gen_lane[1].i_p2_pop_slice/i_popcount/popcount_q_o[6]_i_4/O",4,"1",0
"i_p2_pop_slice","gen_lane[1].i_p2_pop_slice/popcount_q_o[6]_i_22",net,,"gen_lane[1].i_p2_pop_slice",2,"gen_lane[1].i_p2_pop_slice/i_popcount/popcount_q_o[6]_i_5/O",2,"",0
"i_p2_pop_slice","gen_lane[1].i_p2_pop_slice/popcount_q_o[6]_i_23",net,,"gen_lane[1].i_p2_pop_slice",3,"gen_lane[1].i_p2_pop_slice/i_popcount/popcount_q_o[6]_i_7/O",3,"",0
"i_p2_pop_slice","gen_lane[1].i_p2_pop_slice/popcount_q_o[6]_i_4",net,,"gen_lane[1].i_p2_pop_slice",1,"gen_lane[1].i_p2_pop_slice/i_popcount/popcount_q_o[3]_i_6/O",1,"",0
"i_p2_pop_slice","gen_lane[1].i_p2_pop_slice/popcount_q_o[6]_i_49",net,,"gen_lane[1].i_p2_pop_slice",2,"gen_lane[1].i_p2_pop_slice/i_popcount/popcount_q_o[6]_i_21/O",2,"1",0
"i_p2_pop_slice","gen_lane[1].i_p2_pop_slice/popcount_q_o_reg[0]_0",net,,"gen_lane[1].i_p2_pop_slice",3,"i_vrf/popcount_q_o[0]_i_26__0/O",3,"1",0
"i_p2_pop_slice","gen_lane[1].i_p2_pop_slice/popcount_q_o_reg[1]_0",net,,"gen_lane[1].i_p2_pop_slice",1,"i_vrf/popcount_q_o[1]_i_17__0/O",1,"1",0
"i_p2_pop_slice","gen_lane[1].i_p2_pop_slice/popcount_q_o_reg[1]_1",net,,"gen_lane[1].i_p2_pop_slice",3,"i_vrf/popcount_q_o[0]_i_6__0/O",3,"1",0
"i_p2_pop_slice","gen_lane[1].i_p2_pop_slice/popcount_q_o_reg[1]_2",net,,"gen_lane[1].i_p2_pop_slice",3,"i_vrf/popcount_q_o[1]_i_8__0/O",3,"1",0
"i_p2_pop_slice","gen_lane[1].i_p2_pop_slice/popcount_q_o_reg[2]_0",net,,"gen_lane[1].i_p2_pop_slice",3,"i_vrf/popcount_q_o[1]_i_3__0/O",3,"1",0
"i_p2_pop_slice","gen_lane[1].i_p2_pop_slice/popcount_q_o_reg[5]_0[0]",net,,"gen_lane[1].i_p2_pop_slice",1,"gen_lane[1].i_p2_pop_slice/hsim_total_q[7]_i_10/O",1,"2",0
"i_p2_pop_slice","gen_lane[1].i_p2_pop_slice/popcount_q_o_reg[5]_0[1]",net,,"gen_lane[1].i_p2_pop_slice",1,"gen_lane[1].i_p2_pop_slice/hsim_total_q[7]_i_9/O",1,"2",0
"i_p2_pop_slice","gen_lane[1].i_p2_pop_slice/popcount_q_o_reg[5]_0[2]",net,,"gen_lane[1].i_p2_pop_slice",1,"gen_lane[1].i_p2_pop_slice/hsim_total_q[7]_i_8/O",1,"2",0
"i_p2_pop_slice","gen_lane[1].i_p2_pop_slice/popcount_q_o_reg[6]_0",net,,"gen_lane[1].i_p2_pop_slice",3,"i_vrf/popcount_q_o[3]_i_2__0/O",3,"1",0
"i_p2_pop_slice","gen_lane[1].i_p2_pop_slice/popcount_q_o_reg[6]_1",net,,"gen_lane[1].i_p2_pop_slice",3,"i_vrf/popcount_q_o[6]_i_14__0/O",3,"1",0
"i_p2_pop_slice","gen_lane[1].i_p2_pop_slice/uop_p2_q_reg[use_clip]__0",net,,"gen_lane[1].i_p2_pop_slice",7,"uop_p2_q_reg[use_clip]/Q",7,"0;1;2;3",1
"i_p2_pop_slice","gen_lane[1].i_p2_pop_slice/uop_p2_q_reg[valid]__0",net,,"gen_lane[1].i_p2_pop_slice",12,"uop_p2_q_reg[valid]/Q",12,"0;1;2;3",1
"i_p2_pop_slice","gen_lane[1].i_p2_pop_slice/xor_d_i",net,,"gen_lane[1].i_p2_pop_slice",4,"gen_lane[3].i_p2_pop_slice/xor_q_i_1/O",4,"0;1;2;3",1
"i_p2_pop_slice","gen_lane[1].i_p2_pop_slice/xor_q",net,,"gen_lane[1].i_p2_pop_slice",1,"gen_lane[1].i_p2_pop_slice/xor_q_reg/Q",1,"1",0
"i_p2_pop_slice","gen_lane[1].i_p2_pop_slice_n_0",net,,".",64,"gen_lane[1].i_p2_pop_slice/lane_result_q[1][63]_i_1/O",64,"",0
"i_p2_pop_slice","gen_lane[1].i_p2_pop_slice_n_1",net,,".",1,"gen_lane[1].i_p2_pop_slice/hsim_total_q[3]_i_6/O",1,"2",0
"i_p2_pop_slice","gen_lane[1].i_p2_pop_slice_n_10",net,,".",1,"gen_lane[1].i_p2_pop_slice/hsim_total_q[7]_i_8/O",1,"2",0
"i_p2_pop_slice","gen_lane[1].i_p2_pop_slice_n_11",net,,".",1,"gen_lane[1].i_p2_pop_slice/hsim_total_q[7]_i_9/O",1,"2",0
"i_p2_pop_slice","gen_lane[1].i_p2_pop_slice_n_12",net,,".",1,"gen_lane[1].i_p2_pop_slice/hsim_total_q[7]_i_10/O",1,"2",0
"i_p2_pop_slice","gen_lane[1].i_p2_pop_slice_n_13",net,,".",3,"gen_lane[1].i_p2_pop_slice/i_popcount/popcount_q_o[6]_i_7/O",3,"",0
"i_p2_pop_slice","gen_lane[1].i_p2_pop_slice_n_14",net,,".",3,"gen_lane[1].i_p2_pop_slice/i_popcount/popcount_q_o[3]_i_5/O",3,"1",0
"i_p2_pop_slice","gen_lane[1].i_p2_pop_slice_n_15",net,,".",3,"gen_lane[1].i_p2_pop_slice/i_popcount/popcount_q_o[3]_i_4/O",3,"1",0
"i_p2_pop_slice","gen_lane[1].i_p2_pop_slice_n_16",net,,".",3,"gen_lane[1].i_p2_pop_slice/i_popcount/popcount_q_o[3]_i_3/O",3,"1",0
"i_p2_pop_slice","gen_lane[1].i_p2_pop_slice_n_17",net,,".",5,"gen_lane[1].i_p2_pop_slice/i_popcount/popcount_q_o[6]_i_2/O",5,"1",0
"i_p2_pop_slice","gen_lane[1].i_p2_pop_slice_n_18",net,,".",2,"gen_lane[1].i_p2_pop_slice/i_popcount/popcount_q_o[1]_i_5/O",2,"1",0
"i_p2_pop_slice","gen_lane[1].i_p2_pop_slice_n_19",net,,".",2,"gen_lane[1].i_p2_pop_slice/i_popcount/popcount_q_o[1]_i_6/O",2,"1",0
"i_p2_pop_slice","gen_lane[1].i_p2_pop_slice_n_2",net,,".",1,"gen_lane[1].i_p2_pop_slice/hsim_total_q[3]_i_7/O",1,"2",0
"i_p2_pop_slice","gen_lane[1].i_p2_pop_slice_n_20",net,,".",3,"gen_lane[1].i_p2_pop_slice/i_popcount/popcount_q_o[1]_i_2/O",3,"1",0
"i_p2_pop_slice","gen_lane[1].i_p2_pop_slice_n_21",net,,".",3,"gen_lane[1].i_p2_pop_slice/i_popcount/popcount_q_o[1]_i_4/O",3,"1",0
"i_p2_pop_slice","gen_lane[1].i_p2_pop_slice_n_22",net,,".",4,"gen_lane[1].i_p2_pop_slice/i_popcount/popcount_q_o[0]_i_2/O",4,"1",0
"i_p2_pop_slice","gen_lane[1].i_p2_pop_slice_n_23",net,,".",4,"gen_lane[1].i_p2_pop_slice/i_popcount/popcount_q_o[0]_i_3/O",4,"1",0
"i_p2_pop_slice","gen_lane[1].i_p2_pop_slice_n_24",net,,".",4,"gen_lane[1].i_p2_pop_slice/i_popcount/popcount_q_o[0]_i_4/O",4,"1",0
"i_p2_pop_slice","gen_lane[1].i_p2_pop_slice_n_25",net,,".",6,"gen_lane[1].i_p2_pop_slice/i_popcount/popcount_q_o[6]_i_10/O",6,"1",0
"i_p2_pop_slice","gen_lane[1].i_p2_pop_slice_n_26",net,,".",6,"gen_lane[1].i_p2_pop_slice/i_popcount/popcount_q_o[6]_i_11/O",6,"1",0
"i_p2_pop_slice","gen_lane[1].i_p2_pop_slice_n_27",net,,".",6,"gen_lane[1].i_p2_pop_slice/i_popcount/popcount_q_o[6]_i_12/O",6,"1",0
"i_p2_pop_slice","gen_lane[1].i_p2_pop_slice_n_28",net,,".",1,"gen_lane[1].i_p2_pop_slice/i_popcount/popcount_q_o[3]_i_6/O",1,"",0
"i_p2_pop_slice","gen_lane[1].i_p2_pop_slice_n_29",net,,".",5,"gen_lane[1].i_p2_pop_slice/i_popcount/popcount_q_o[6]_i_3/O",5,"1",0
"i_p2_pop_slice","gen_lane[1].i_p2_pop_slice_n_30",net,,".",4,"gen_lane[1].i_p2_pop_slice/i_popcount/popcount_q_o[6]_i_4/O",4,"1",0
"i_p2_pop_slice","gen_lane[1].i_p2_pop_slice_n_31",net,,".",3,"gen_lane[1].i_p2_pop_slice/i_popcount/popcount_q_o[6]_i_20/O",3,"1",0
"i_p2_pop_slice","gen_lane[1].i_p2_pop_slice_n_32",net,,".",4,"gen_lane[1].i_p2_pop_slice/i_popcount/popcount_q_o[6]_i_19/O",4,"1",0
"i_p2_pop_slice","gen_lane[1].i_p2_pop_slice_n_33",net,,".",2,"gen_lane[1].i_p2_pop_slice/i_popcount/popcount_q_o[6]_i_5/O",2,"",0
"i_p2_pop_slice","gen_lane[1].i_p2_pop_slice_n_34",net,,".",2,"gen_lane[1].i_p2_pop_slice/i_popcount/popcount_q_o[6]_i_21/O",2,"1",0
"i_p2_pop_slice","gen_lane[1].i_p2_pop_slice_n_35",net,,".",2,"gen_lane[1].i_p2_pop_slice/i_popcount/popcount_q_o[6]_i_22/O",2,"1",0
"i_p2_pop_slice","gen_lane[1].i_p2_pop_slice_n_36",net,,".",1,"gen_lane[1].i_p2_pop_slice/i_popcount/popcount_q_o[6]_i_53/O",1,"",0
"i_p2_pop_slice","gen_lane[1].i_p2_pop_slice_n_37",net,,".",1,"gen_lane[1].i_p2_pop_slice/i_popcount/popcount_q_o[6]_i_54/O",1,"",0
"i_p2_pop_slice","gen_lane[1].i_p2_pop_slice_n_38",net,,".",1,"gen_lane[1].i_p2_pop_slice/i_popcount/popcount_q_o[6]_i_55/O",1,"",0
"i_p2_pop_slice","gen_lane[1].i_p2_pop_slice_n_39",net,,".",1,"gen_lane[1].i_p2_pop_slice/i_popcount/popcount_q_o[6]_i_56/O",1,"",0
"i_p2_pop_slice","gen_lane[1].i_p2_pop_slice_n_40",net,,".",1,"gen_lane[1].i_p2_pop_slice/i_popcount/popcount_q_o[6]_i_51/O",1,"",0
"i_p2_pop_slice","gen_lane[1].i_p2_pop_slice_n_41",net,,".",1,"gen_lane[1].i_p2_pop_slice/i_popcount/popcount_q_o[6]_i_52/O",1,"",0
"i_p2_pop_slice","gen_lane[1].i_p2_pop_slice_n_42",net,,".",3,"gen_lane[1].i_p2_pop_slice/i_popcount/popcount_q_o[1]_i_14/O",3,"1",0
"i_p2_pop_slice","gen_lane[1].i_p2_pop_slice_n_43",net,,".",3,"gen_lane[1].i_p2_pop_slice/i_popcount/popcount_q_o[1]_i_11/O",3,"1",0
"i_p2_pop_slice","gen_lane[1].i_p2_pop_slice_n_44",net,,".",3,"gen_lane[1].i_p2_pop_slice/i_popcount/popcount_q_o[0]_i_5/O",3,"1",0
"i_p2_pop_slice","gen_lane[1].i_p2_pop_slice_n_45",net,,".",2,"gen_lane[1].i_p2_pop_slice/i_popcount/popcount_q_o[3]_i_11/O",2,"1",0
"i_p2_pop_slice","gen_lane[1].i_p2_pop_slice_n_46",net,,".",3,"gen_lane[1].i_p2_pop_slice/i_popcount/popcount_q_o[3]_i_7/O",3,"1",0
"i_p2_pop_slice","gen_lane[1].i_p2_pop_slice_n_47",net,,".",2,"gen_lane[1].i_p2_pop_slice/i_popcount/popcount_q_o[3]_i_8/O",2,"1",0
"i_p2_pop_slice","gen_lane[1].i_p2_pop_slice_n_48",net,,".",2,"gen_lane[1].i_p2_pop_slice/i_popcount/popcount_q_o[3]_i_9/O",2,"1",0
"i_p2_pop_slice","gen_lane[1].i_p2_pop_slice_n_49",net,,".",1,"gen_lane[1].i_p2_pop_slice/i_popcount/popcount_q_o[3]_i_10/O",1,"",0
"i_p2_pop_slice","gen_lane[2].i_p2_pop_slice/<const0>",net,,"gen_lane[2].i_p2_pop_slice",6,"gen_lane[2].i_p2_pop_slice/GND/G",3,"2",0
"i_p2_pop_slice","gen_lane[2].i_p2_pop_slice/<const1>",net,,"gen_lane[2].i_p2_pop_slice",2,"gen_lane[2].i_p2_pop_slice/VCC/P",2,"2",0
"i_p2_pop_slice","gen_lane[2].i_p2_pop_slice/CO[0]",net,,"gen_lane[2].i_p2_pop_slice",1,"gen_lane[2].i_p2_pop_slice/hsim_total_q_reg[7]_i_2/CO[3]",1,"0",0
"i_p2_pop_slice","gen_lane[2].i_p2_pop_slice/D[0]",net,,"gen_lane[2].i_p2_pop_slice",1,"gen_lane[2].i_p2_pop_slice/hsim_total_q[0]_i_1/O",1,"",0
"i_p2_pop_slice","gen_lane[2].i_p2_pop_slice/D[1]",net,,"gen_lane[2].i_p2_pop_slice",1,"gen_lane[2].i_p2_pop_slice/hsim_total_q[1]_i_1/O",1,"",0
"i_p2_pop_slice","gen_lane[2].i_p2_pop_slice/D[2]",net,,"gen_lane[2].i_p2_pop_slice",1,"gen_lane[2].i_p2_pop_slice/hsim_total_q[2]_i_1/O",1,"",0
"i_p2_pop_slice","gen_lane[2].i_p2_pop_slice/D[3]",net,,"gen_lane[2].i_p2_pop_slice",1,"gen_lane[2].i_p2_pop_slice/hsim_total_q[3]_i_1/O",1,"",0
"i_p2_pop_slice","gen_lane[2].i_p2_pop_slice/D[4]",net,,"gen_lane[2].i_p2_pop_slice",1,"gen_lane[2].i_p2_pop_slice/hsim_total_q[4]_i_1/O",1,"",0
"i_p2_pop_slice","gen_lane[2].i_p2_pop_slice/D[5]",net,,"gen_lane[2].i_p2_pop_slice",1,"gen_lane[2].i_p2_pop_slice/hsim_total_q[5]_i_1/O",1,"",0
"i_p2_pop_slice","gen_lane[2].i_p2_pop_slice/D[6]",net,,"gen_lane[2].i_p2_pop_slice",1,"gen_lane[2].i_p2_pop_slice/hsim_total_q[6]_i_1/O",1,"",0
"i_p2_pop_slice","gen_lane[2].i_p2_pop_slice/D[7]",net,,"gen_lane[2].i_p2_pop_slice",1,"gen_lane[2].i_p2_pop_slice/hsim_total_q[7]_i_1/O",1,"",0
"i_p2_pop_slice","gen_lane[2].i_p2_pop_slice/E[0]",net,,"gen_lane[2].i_p2_pop_slice",64,"gen_lane[2].i_p2_pop_slice/lane_result_q[2][63]_i_1/O",64,"",0
"i_p2_pop_slice","gen_lane[2].i_p2_pop_slice/FSM_onehot_st_q_reg[7]_rep[0]",net,,"gen_lane[2].i_p2_pop_slice",1,"gen_lane[2].i_p2_pop_slice/hmatch_candidate_dist_q[0]_i_1/O",1,"",0
"i_p2_pop_slice","gen_lane[2].i_p2_pop_slice/FSM_onehot_st_q_reg[7]_rep[1]",net,,"gen_lane[2].i_p2_pop_slice",1,"gen_lane[2].i_p2_pop_slice/hmatch_candidate_dist_q[1]_i_1/O",1,"",0
"i_p2_pop_slice","gen_lane[2].i_p2_pop_slice/FSM_onehot_st_q_reg[7]_rep[2]",net,,"gen_lane[2].i_p2_pop_slice",1,"gen_lane[2].i_p2_pop_slice/hmatch_candidate_dist_q[2]_i_1/O",1,"",0
"i_p2_pop_slice","gen_lane[2].i_p2_pop_slice/FSM_onehot_st_q_reg[7]_rep[3]",net,,"gen_lane[2].i_p2_pop_slice",1,"gen_lane[2].i_p2_pop_slice/hmatch_candidate_dist_q[3]_i_1/O",1,"",0
"i_p2_pop_slice","gen_lane[2].i_p2_pop_slice/FSM_onehot_st_q_reg[7]_rep[4]",net,,"gen_lane[2].i_p2_pop_slice",1,"gen_lane[2].i_p2_pop_slice/hmatch_candidate_dist_q[4]_i_1/O",1,"",0
"i_p2_pop_slice","gen_lane[2].i_p2_pop_slice/FSM_onehot_st_q_reg[7]_rep[5]",net,,"gen_lane[2].i_p2_pop_slice",1,"gen_lane[2].i_p2_pop_slice/hmatch_candidate_dist_q[5]_i_1/O",1,"",0
"i_p2_pop_slice","gen_lane[2].i_p2_pop_slice/FSM_onehot_st_q_reg[7]_rep[6]",net,,"gen_lane[2].i_p2_pop_slice",1,"gen_lane[2].i_p2_pop_slice/hmatch_candidate_dist_q[6]_i_1/O",1,"",0
"i_p2_pop_slice","gen_lane[2].i_p2_pop_slice/FSM_onehot_st_q_reg[7]_rep[7]",net,,"gen_lane[2].i_p2_pop_slice",1,"gen_lane[2].i_p2_pop_slice/hmatch_candidate_dist_q[7]_i_1/O",1,"",0
"i_p2_pop_slice","gen_lane[2].i_p2_pop_slice/O[0]",net,,"gen_lane[2].i_p2_pop_slice",2,"gen_lane[0].i_p2_pop_slice/hsim_total_q_reg[7]_i_11/O[0]",2,"2",0
"i_p2_pop_slice","gen_lane[2].i_p2_pop_slice/O[1]",net,,"gen_lane[2].i_p2_pop_slice",3,"gen_lane[0].i_p2_pop_slice/hsim_total_q_reg[7]_i_11/O[1]",3,"1;2",1
"i_p2_pop_slice","gen_lane[2].i_p2_pop_slice/O[2]",net,,"gen_lane[2].i_p2_pop_slice",3,"gen_lane[0].i_p2_pop_slice/hsim_total_q_reg[7]_i_11/O[2]",3,"1;2",1
"i_p2_pop_slice","gen_lane[2].i_p2_pop_slice/O[3]",net,,"gen_lane[2].i_p2_pop_slice",3,"gen_lane[0].i_p2_pop_slice/hsim_total_q_reg[7]_i_11/O[3]",3,"1;2",1
"i_p2_pop_slice","gen_lane[2].i_p2_pop_slice/Q[0]",net,,"gen_lane[2].i_p2_pop_slice",111,"FSM_onehot_st_q_reg[6]/Q",111,"0;1;2;3",1
"i_p2_pop_slice","gen_lane[2].i_p2_pop_slice/S[0]",net,,"gen_lane[2].i_p2_pop_slice",1,"gen_lane[1].i_p2_pop_slice/hsim_total_q[3]_i_7/O",1,"2",0
"i_p2_pop_slice","gen_lane[2].i_p2_pop_slice/S[1]",net,,"gen_lane[2].i_p2_pop_slice",1,"gen_lane[1].i_p2_pop_slice/hsim_total_q[3]_i_6/O",1,"2",0
"i_p2_pop_slice","gen_lane[2].i_p2_pop_slice/bank_ra_data_o_reg[2][10]",net,,"gen_lane[2].i_p2_pop_slice",3,"gen_lane[2].i_p2_pop_slice/i_popcount/popcount_q_o[6]_i_20/O",3,"2",0
"i_p2_pop_slice","gen_lane[2].i_p2_pop_slice/bank_ra_data_o_reg[2][14]",net,,"gen_lane[2].i_p2_pop_slice",3,"gen_lane[2].i_p2_pop_slice/i_popcount/popcount_q_o[1]_i_11/O",3,"2",0
"i_p2_pop_slice","gen_lane[2].i_p2_pop_slice/bank_ra_data_o_reg[2][15]",net,,"gen_lane[2].i_p2_pop_slice",1,"gen_lane[2].i_p2_pop_slice/i_popcount/popcount_q_o[6]_i_56/O",1,"",0
"i_p2_pop_slice","gen_lane[2].i_p2_pop_slice/bank_ra_data_o_reg[2][18]",net,,"gen_lane[2].i_p2_pop_slice",1,"gen_lane[2].i_p2_pop_slice/i_popcount/popcount_q_o[6]_i_55/O",1,"",0
"i_p2_pop_slice","gen_lane[2].i_p2_pop_slice/bank_ra_data_o_reg[2][19]",net,,"gen_lane[2].i_p2_pop_slice",6,"gen_lane[2].i_p2_pop_slice/i_popcount/popcount_q_o[6]_i_11/O",6,"2",0
"i_p2_pop_slice","gen_lane[2].i_p2_pop_slice/bank_ra_data_o_reg[2][19]_0",net,,"gen_lane[2].i_p2_pop_slice",2,"gen_lane[2].i_p2_pop_slice/i_popcount/popcount_q_o[6]_i_22/O",2,"2",0
"i_p2_pop_slice","gen_lane[2].i_p2_pop_slice/bank_ra_data_o_reg[2][1]",net,,"gen_lane[2].i_p2_pop_slice",3,"gen_lane[2].i_p2_pop_slice/i_popcount/popcount_q_o[3]_i_5/O",3,"2",0
"i_p2_pop_slice","gen_lane[2].i_p2_pop_slice/bank_ra_data_o_reg[2][1]_0",net,,"gen_lane[2].i_p2_pop_slice",3,"gen_lane[2].i_p2_pop_slice/i_popcount/popcount_q_o[3]_i_4/O",3,"2",0
"i_p2_pop_slice","gen_lane[2].i_p2_pop_slice/bank_ra_data_o_reg[2][1]_1",net,,"gen_lane[2].i_p2_pop_slice",2,"gen_lane[2].i_p2_pop_slice/i_popcount/popcount_q_o[1]_i_5/O",2,"2",0
"i_p2_pop_slice","gen_lane[2].i_p2_pop_slice/bank_ra_data_o_reg[2][23]",net,,"gen_lane[2].i_p2_pop_slice",4,"gen_lane[2].i_p2_pop_slice/i_popcount/popcount_q_o[0]_i_3/O",4,"2",0
"i_p2_pop_slice","gen_lane[2].i_p2_pop_slice/bank_ra_data_o_reg[2][23]_0",net,,"gen_lane[2].i_p2_pop_slice",2,"gen_lane[2].i_p2_pop_slice/i_popcount/popcount_q_o[3]_i_8/O",2,"2",0
"i_p2_pop_slice","gen_lane[2].i_p2_pop_slice/bank_ra_data_o_reg[2][24]",net,,"gen_lane[2].i_p2_pop_slice",1,"gen_lane[2].i_p2_pop_slice/i_popcount/popcount_q_o[6]_i_52/O",1,"",0
"i_p2_pop_slice","gen_lane[2].i_p2_pop_slice/bank_ra_data_o_reg[2][27]",net,,"gen_lane[2].i_p2_pop_slice",1,"gen_lane[2].i_p2_pop_slice/i_popcount/popcount_q_o[6]_i_51/O",1,"",0
"i_p2_pop_slice","gen_lane[2].i_p2_pop_slice/bank_ra_data_o_reg[2][32]",net,,"gen_lane[2].i_p2_pop_slice",4,"gen_lane[2].i_p2_pop_slice/i_popcount/popcount_q_o[0]_i_2/O",4,"2",0
"i_p2_pop_slice","gen_lane[2].i_p2_pop_slice/bank_ra_data_o_reg[2][32]_0",net,,"gen_lane[2].i_p2_pop_slice",2,"gen_lane[2].i_p2_pop_slice/i_popcount/popcount_q_o[3]_i_9/O",2,"2",0
"i_p2_pop_slice","gen_lane[2].i_p2_pop_slice/bank_ra_data_o_reg[2][41]",net,,"gen_lane[2].i_p2_pop_slice",4,"gen_lane[2].i_p2_pop_slice/i_popcount/popcount_q_o[0]_i_4/O",4,"2",0
"i_p2_pop_slice","gen_lane[2].i_p2_pop_slice/bank_ra_data_o_reg[2][41]_0",net,,"gen_lane[2].i_p2_pop_slice",3,"gen_lane[2].i_p2_pop_slice/i_popcount/popcount_q_o[3]_i_7/O",3,"2",0
"i_p2_pop_slice","gen_lane[2].i_p2_pop_slice/bank_ra_data_o_reg[2][50]",net,,"gen_lane[2].i_p2_pop_slice",3,"gen_lane[2].i_p2_pop_slice/i_popcount/popcount_q_o[0]_i_5/O",3,"2",0
"i_p2_pop_slice","gen_lane[2].i_p2_pop_slice/bank_ra_data_o_reg[2][55]",net,,"gen_lane[2].i_p2_pop_slice",3,"gen_lane[2].i_p2_pop_slice/i_popcount/popcount_q_o[1]_i_2/O",3,"2",0
"i_p2_pop_slice","gen_lane[2].i_p2_pop_slice/bank_ra_data_o_reg[2][55]_0",net,,"gen_lane[2].i_p2_pop_slice",6,"gen_lane[2].i_p2_pop_slice/i_popcount/popcount_q_o[6]_i_10/O",6,"2",0
"i_p2_pop_slice","gen_lane[2].i_p2_pop_slice/bank_ra_data_o_reg[2][55]_1",net,,"gen_lane[2].i_p2_pop_slice",5,"gen_lane[2].i_p2_pop_slice/i_popcount/popcount_q_o[6]_i_3/O",5,"2",0
"i_p2_pop_slice","gen_lane[2].i_p2_pop_slice/bank_ra_data_o_reg[2][55]_2",net,,"gen_lane[2].i_p2_pop_slice",4,"gen_lane[2].i_p2_pop_slice/i_popcount/popcount_q_o[6]_i_19/O",4,"2",0
"i_p2_pop_slice","gen_lane[2].i_p2_pop_slice/bank_ra_data_o_reg[2][55]_3",net,,"gen_lane[2].i_p2_pop_slice",1,"gen_lane[2].i_p2_pop_slice/i_popcount/popcount_q_o[3]_i_10/O",1,"",0
"i_p2_pop_slice","gen_lane[2].i_p2_pop_slice/bank_ra_data_o_reg[2][58]",net,,"gen_lane[2].i_p2_pop_slice",2,"gen_lane[2].i_p2_pop_slice/i_popcount/popcount_q_o[1]_i_6/O",2,"2",0
"i_p2_pop_slice","gen_lane[2].i_p2_pop_slice/bank_ra_data_o_reg[2][5]",net,,"gen_lane[2].i_p2_pop_slice",3,"gen_lane[2].i_p2_pop_slice/i_popcount/popcount_q_o[1]_i_14/O",3,"2",0
"i_p2_pop_slice","gen_lane[2].i_p2_pop_slice/bank_ra_data_o_reg[2][63]",net,,"gen_lane[2].i_p2_pop_slice",2,"gen_lane[2].i_p2_pop_slice/i_popcount/popcount_q_o[3]_i_11/O",2,"2",0
"i_p2_pop_slice","gen_lane[2].i_p2_pop_slice/bank_ra_data_o_reg[2][6]",net,,"gen_lane[2].i_p2_pop_slice",1,"gen_lane[2].i_p2_pop_slice/i_popcount/popcount_q_o[6]_i_54/O",1,"",0
"i_p2_pop_slice","gen_lane[2].i_p2_pop_slice/bank_ra_data_o_reg[2][9]",net,,"gen_lane[2].i_p2_pop_slice",1,"gen_lane[2].i_p2_pop_slice/i_popcount/popcount_q_o[6]_i_53/O",1,"",0
"i_p2_pop_slice","gen_lane[2].i_p2_pop_slice/clk_i",net,,"gen_lane[2].i_p2_pop_slice",2889,"",2889,"0;1;2;3",1
"i_p2_pop_slice","gen_lane[2].i_p2_pop_slice/hmatch_best_dist_q_reg[6][0]",net,,"gen_lane[2].i_p2_pop_slice",1,"gen_lane[2].i_p2_pop_slice/hmatch_update_q_reg_i_4/CO[3]",1,"0",0
"i_p2_pop_slice","gen_lane[2].i_p2_pop_slice/hmatch_candidate_dist_q_reg[0]",net,,"gen_lane[2].i_p2_pop_slice",114,"FSM_onehot_st_q_reg[7]_rep/Q",114,"0;2",1
"i_p2_pop_slice","gen_lane[2].i_p2_pop_slice/hmatch_candidate_dist_q_reg[0]_0[0]",net,,"gen_lane[2].i_p2_pop_slice",39,"uop_p3_q_reg[chunk_idx][0]/Q",39,"0;2",1
"i_p2_pop_slice","gen_lane[2].i_p2_pop_slice/hmatch_candidate_dist_q_reg[0]_0[1]",net,,"gen_lane[2].i_p2_pop_slice",33,"uop_p3_q_reg[chunk_idx][1]/Q",33,"0;2",1
"i_p2_pop_slice","gen_lane[2].i_p2_pop_slice/hmatch_candidate_dist_q_reg[7][0]",net,,"gen_lane[2].i_p2_pop_slice",3,"gen_lane[0].i_p2_pop_slice/hsim_total_q_reg[7]_i_3/O[0]",3,"1;2",1
"i_p2_pop_slice","gen_lane[2].i_p2_pop_slice/hmatch_candidate_dist_q_reg[7][1]",net,,"gen_lane[2].i_p2_pop_slice",3,"gen_lane[0].i_p2_pop_slice/hsim_total_q_reg[7]_i_3/O[1]",3,"1;2",1
"i_p2_pop_slice","gen_lane[2].i_p2_pop_slice/hmatch_candidate_dist_q_reg[7][2]",net,,"gen_lane[2].i_p2_pop_slice",2,"gen_lane[0].i_p2_pop_slice/hsim_total_q_reg[7]_i_3/O[3]",2,"0;2",1
"i_p2_pop_slice","gen_lane[2].i_p2_pop_slice/hmatch_candidate_dist_q_reg[7]_0[0]",net,,"gen_lane[2].i_p2_pop_slice",1,"gen_lane[1].i_p2_pop_slice/hsim_total_q[7]_i_10/O",1,"2",0
"i_p2_pop_slice","gen_lane[2].i_p2_pop_slice/hmatch_candidate_dist_q_reg[7]_0[1]",net,,"gen_lane[2].i_p2_pop_slice",1,"gen_lane[1].i_p2_pop_slice/hsim_total_q[7]_i_9/O",1,"2",0
"i_p2_pop_slice","gen_lane[2].i_p2_pop_slice/hmatch_candidate_dist_q_reg[7]_0[2]",net,,"gen_lane[2].i_p2_pop_slice",1,"gen_lane[1].i_p2_pop_slice/hsim_total_q[7]_i_8/O",1,"2",0
"i_p2_pop_slice","gen_lane[2].i_p2_pop_slice/hmatch_candidate_dist_q_reg[7]_0[3]",net,,"gen_lane[2].i_p2_pop_slice",1,"gen_lane[0].i_p2_pop_slice/hsim_total_q[7]_i_7/O",1,"2",0
"i_p2_pop_slice","gen_lane[2].i_p2_pop_slice/hmatch_update_q_i_10_n_0",net,,"gen_lane[2].i_p2_pop_slice",1,"gen_lane[2].i_p2_pop_slice/hmatch_update_q_i_10/O",1,"2",0
"i_p2_pop_slice","gen_lane[2].i_p2_pop_slice/hmatch_update_q_i_11_n_0",net,,"gen_lane[2].i_p2_pop_slice",1,"gen_lane[2].i_p2_pop_slice/hmatch_update_q_i_11/O",1,"2",0
"i_p2_pop_slice","gen_lane[2].i_p2_pop_slice/hmatch_update_q_i_12_n_0",net,,"gen_lane[2].i_p2_pop_slice",1,"gen_lane[2].i_p2_pop_slice/hmatch_update_q_i_12/O",1,"2",0
"i_p2_pop_slice","gen_lane[2].i_p2_pop_slice/hmatch_update_q_i_13_n_0",net,,"gen_lane[2].i_p2_pop_slice",1,"gen_lane[2].i_p2_pop_slice/hmatch_update_q_i_13/O",1,"2",0
"i_p2_pop_slice","gen_lane[2].i_p2_pop_slice/hmatch_update_q_i_14_n_0",net,,"gen_lane[2].i_p2_pop_slice",1,"gen_lane[2].i_p2_pop_slice/hmatch_update_q_i_14/O",1,"2",0
"i_p2_pop_slice","gen_lane[2].i_p2_pop_slice/hmatch_update_q_i_15_n_0",net,,"gen_lane[2].i_p2_pop_slice",1,"gen_lane[2].i_p2_pop_slice/hmatch_update_q_i_15/O",1,"2",0
"i_p2_pop_slice","gen_lane[2].i_p2_pop_slice/hmatch_update_q_i_16_n_0",net,,"gen_lane[2].i_p2_pop_slice",1,"gen_lane[2].i_p2_pop_slice/hmatch_update_q_i_16/O",1,"2",0
"i_p2_pop_slice","gen_lane[2].i_p2_pop_slice/hmatch_update_q_i_17_n_0",net,,"gen_lane[2].i_p2_pop_slice",1,"gen_lane[2].i_p2_pop_slice/hmatch_update_q_i_17/O",1,"2",0
"i_p2_pop_slice","gen_lane[2].i_p2_pop_slice/hmatch_update_q_reg_i_4_0[0]",net,,"gen_lane[2].i_p2_pop_slice",3,"hmatch_best_dist_q_reg[0]/Q",3,"2",0
"i_p2_pop_slice","gen_lane[2].i_p2_pop_slice/hmatch_update_q_reg_i_4_0[1]",net,,"gen_lane[2].i_p2_pop_slice",3,"hmatch_best_dist_q_reg[1]/Q",3,"2",0
"i_p2_pop_slice","gen_lane[2].i_p2_pop_slice/hmatch_update_q_reg_i_4_0[2]",net,,"gen_lane[2].i_p2_pop_slice",3,"hmatch_best_dist_q_reg[2]/Q",3,"2",0
"i_p2_pop_slice","gen_lane[2].i_p2_pop_slice/hmatch_update_q_reg_i_4_0[3]",net,,"gen_lane[2].i_p2_pop_slice",3,"hmatch_best_dist_q_reg[3]/Q",3,"2",0
"i_p2_pop_slice","gen_lane[2].i_p2_pop_slice/hmatch_update_q_reg_i_4_0[4]",net,,"gen_lane[2].i_p2_pop_slice",3,"hmatch_best_dist_q_reg[4]/Q",3,"2",0
"i_p2_pop_slice","gen_lane[2].i_p2_pop_slice/hmatch_update_q_reg_i_4_0[5]",net,,"gen_lane[2].i_p2_pop_slice",3,"hmatch_best_dist_q_reg[5]/Q",3,"2",0
"i_p2_pop_slice","gen_lane[2].i_p2_pop_slice/hmatch_update_q_reg_i_4_0[6]",net,,"gen_lane[2].i_p2_pop_slice",3,"hmatch_best_dist_q_reg[6]/Q",3,"2",0
"i_p2_pop_slice","gen_lane[2].i_p2_pop_slice/hmatch_update_q_reg_i_4_0[7]",net,,"gen_lane[2].i_p2_pop_slice",3,"hmatch_best_dist_q_reg[7]/Q",3,"2",0
"i_p2_pop_slice","gen_lane[2].i_p2_pop_slice/hmatch_update_q_reg_i_4_n_1",net,,"gen_lane[2].i_p2_pop_slice",0,"gen_lane[2].i_p2_pop_slice/hmatch_update_q_reg_i_4/CO[2]",0,"",0
"i_p2_pop_slice","gen_lane[2].i_p2_pop_slice/hmatch_update_q_reg_i_4_n_2",net,,"gen_lane[2].i_p2_pop_slice",0,"gen_lane[2].i_p2_pop_slice/hmatch_update_q_reg_i_4/CO[1]",0,"",0
"i_p2_pop_slice","gen_lane[2].i_p2_pop_slice/hmatch_update_q_reg_i_4_n_3",net,,"gen_lane[2].i_p2_pop_slice",0,"gen_lane[2].i_p2_pop_slice/hmatch_update_q_reg_i_4/CO[0]",0,"",0
"i_p2_pop_slice","gen_lane[2].i_p2_pop_slice/hsim_total_q[3]_i_3_n_0",net,,"gen_lane[2].i_p2_pop_slice",1,"gen_lane[2].i_p2_pop_slice/hsim_total_q[3]_i_3/O",1,"2",0
"i_p2_pop_slice","gen_lane[2].i_p2_pop_slice/hsim_total_q[3]_i_4_n_0",net,,"gen_lane[2].i_p2_pop_slice",1,"gen_lane[2].i_p2_pop_slice/hsim_total_q[3]_i_4/O",1,"2",0
"i_p2_pop_slice","gen_lane[2].i_p2_pop_slice/hsim_total_q[3]_i_5_n_0",net,,"gen_lane[2].i_p2_pop_slice",2,"gen_lane[2].i_p2_pop_slice/hsim_total_q[3]_i_5/O",2,"2",0
"i_p2_pop_slice","gen_lane[2].i_p2_pop_slice/hsim_total_q[3]_i_8_n_0",net,,"gen_lane[2].i_p2_pop_slice",1,"gen_lane[2].i_p2_pop_slice/hsim_total_q[3]_i_8/O",1,"2",0
"i_p2_pop_slice","gen_lane[2].i_p2_pop_slice/hsim_total_q[3]_i_9_n_0",net,,"gen_lane[2].i_p2_pop_slice",1,"gen_lane[2].i_p2_pop_slice/hsim_total_q[3]_i_9/O",1,"2",0
"i_p2_pop_slice","gen_lane[2].i_p2_pop_slice/hsim_total_q[7]_i_4_n_0",net,,"gen_lane[2].i_p2_pop_slice",1,"gen_lane[2].i_p2_pop_slice/hsim_total_q[7]_i_4/O",1,"2",0
"i_p2_pop_slice","gen_lane[2].i_p2_pop_slice/hsim_total_q[7]_i_5_n_0",net,,"gen_lane[2].i_p2_pop_slice",1,"gen_lane[2].i_p2_pop_slice/hsim_total_q[7]_i_5/O",1,"2",0
"i_p2_pop_slice","gen_lane[2].i_p2_pop_slice/hsim_total_q[7]_i_6_n_0",net,,"gen_lane[2].i_p2_pop_slice",1,"gen_lane[2].i_p2_pop_slice/hsim_total_q[7]_i_6/O",1,"2",0
"i_p2_pop_slice","gen_lane[2].i_p2_pop_slice/hsim_total_q_reg[0][0]",net,,"gen_lane[2].i_p2_pop_slice",35,"uop_p3_q_reg[op_type][0]/Q",35,"0;2",1
"i_p2_pop_slice","gen_lane[2].i_p2_pop_slice/hsim_total_q_reg[0][1]",net,,"gen_lane[2].i_p2_pop_slice",70,"uop_p3_q_reg[op_type][1]/Q",70,"0;2",1
"i_p2_pop_slice","gen_lane[2].i_p2_pop_slice/hsim_total_q_reg[0][2]",net,,"gen_lane[2].i_p2_pop_slice",68,"uop_p3_q_reg[op_type][2]/Q",68,"0;2",1
"i_p2_pop_slice","gen_lane[2].i_p2_pop_slice/hsim_total_q_reg[0]_0",net,,"gen_lane[2].i_p2_pop_slice",7,"uop_p3_q_reg[is_last_class]/Q",7,"2",0
"i_p2_pop_slice","gen_lane[2].i_p2_pop_slice/hsim_total_q_reg[3]_i_2_n_0",net,,"gen_lane[2].i_p2_pop_slice",1,"gen_lane[2].i_p2_pop_slice/hsim_total_q_reg[3]_i_2/CO[3]",1,"2",0
"i_p2_pop_slice","gen_lane[2].i_p2_pop_slice/hsim_total_q_reg[3]_i_2_n_1",net,,"gen_lane[2].i_p2_pop_slice",0,"gen_lane[2].i_p2_pop_slice/hsim_total_q_reg[3]_i_2/CO[2]",0,"",0
"i_p2_pop_slice","gen_lane[2].i_p2_pop_slice/hsim_total_q_reg[3]_i_2_n_2",net,,"gen_lane[2].i_p2_pop_slice",0,"gen_lane[2].i_p2_pop_slice/hsim_total_q_reg[3]_i_2/CO[1]",0,"",0
"i_p2_pop_slice","gen_lane[2].i_p2_pop_slice/hsim_total_q_reg[3]_i_2_n_3",net,,"gen_lane[2].i_p2_pop_slice",0,"gen_lane[2].i_p2_pop_slice/hsim_total_q_reg[3]_i_2/CO[0]",0,"",0
"i_p2_pop_slice","gen_lane[2].i_p2_pop_slice/hsim_total_q_reg[7]_i_2_0[0]",net,,"gen_lane[2].i_p2_pop_slice",2,"gen_lane[1].i_p2_pop_slice/popcount_q_o_reg[0]/Q",2,"2",0
"i_p2_pop_slice","gen_lane[2].i_p2_pop_slice/hsim_total_q_reg[7]_i_2_0[1]",net,,"gen_lane[2].i_p2_pop_slice",3,"gen_lane[1].i_p2_pop_slice/popcount_q_o_reg[1]/Q",3,"1;2",1
"i_p2_pop_slice","gen_lane[2].i_p2_pop_slice/hsim_total_q_reg[7]_i_2_0[2]",net,,"gen_lane[2].i_p2_pop_slice",3,"gen_lane[1].i_p2_pop_slice/popcount_q_o_reg[2]/Q",3,"1;2",1
"i_p2_pop_slice","gen_lane[2].i_p2_pop_slice/hsim_total_q_reg[7]_i_2_0[3]",net,,"gen_lane[2].i_p2_pop_slice",3,"gen_lane[1].i_p2_pop_slice/popcount_q_o_reg[3]/Q",3,"1;2",1
"i_p2_pop_slice","gen_lane[2].i_p2_pop_slice/hsim_total_q_reg[7]_i_2_0[4]",net,,"gen_lane[2].i_p2_pop_slice",3,"gen_lane[1].i_p2_pop_slice/popcount_q_o_reg[4]/Q",3,"1;2",1
"i_p2_pop_slice","gen_lane[2].i_p2_pop_slice/hsim_total_q_reg[7]_i_2_0[5]",net,,"gen_lane[2].i_p2_pop_slice",3,"gen_lane[1].i_p2_pop_slice/popcount_q_o_reg[5]/Q",3,"1;2",1
"i_p2_pop_slice","gen_lane[2].i_p2_pop_slice/hsim_total_q_reg[7]_i_2_n_1",net,,"gen_lane[2].i_p2_pop_slice",0,"gen_lane[2].i_p2_pop_slice/hsim_total_q_reg[7]_i_2/CO[2]",0,"",0
"i_p2_pop_slice","gen_lane[2].i_p2_pop_slice/hsim_total_q_reg[7]_i_2_n_2",net,,"gen_lane[2].i_p2_pop_slice",0,"gen_lane[2].i_p2_pop_slice/hsim_total_q_reg[7]_i_2/CO[1]",0,"",0
"i_p2_pop_slice","gen_lane[2].i_p2_pop_slice/hsim_total_q_reg[7]_i_2_n_3",net,,"gen_lane[2].i_p2_pop_slice",0,"gen_lane[2].i_p2_pop_slice/hsim_total_q_reg[7]_i_2/CO[0]",0,"",0
"i_p2_pop_slice","gen_lane[2].i_p2_pop_slice/i_popcount/bank_ra_data_o_reg[2][10]",net,,"gen_lane[2].i_p2_pop_slice/i_popcount",3,"gen_lane[2].i_p2_pop_slice/i_popcount/popcount_q_o[6]_i_20/O",3,"2",0
"i_p2_pop_slice","gen_lane[2].i_p2_pop_slice/i_popcount/bank_ra_data_o_reg[2][14]",net,,"gen_lane[2].i_p2_pop_slice/i_popcount",3,"gen_lane[2].i_p2_pop_slice/i_popcount/popcount_q_o[1]_i_11/O",3,"2",0
"i_p2_pop_slice","gen_lane[2].i_p2_pop_slice/i_popcount/bank_ra_data_o_reg[2][15]",net,,"gen_lane[2].i_p2_pop_slice/i_popcount",1,"gen_lane[2].i_p2_pop_slice/i_popcount/popcount_q_o[6]_i_56/O",1,"",0
"i_p2_pop_slice","gen_lane[2].i_p2_pop_slice/i_popcount/bank_ra_data_o_reg[2][18]",net,,"gen_lane[2].i_p2_pop_slice/i_popcount",1,"gen_lane[2].i_p2_pop_slice/i_popcount/popcount_q_o[6]_i_55/O",1,"",0
"i_p2_pop_slice","gen_lane[2].i_p2_pop_slice/i_popcount/bank_ra_data_o_reg[2][19]",net,,"gen_lane[2].i_p2_pop_slice/i_popcount",6,"gen_lane[2].i_p2_pop_slice/i_popcount/popcount_q_o[6]_i_11/O",6,"2",0
"i_p2_pop_slice","gen_lane[2].i_p2_pop_slice/i_popcount/bank_ra_data_o_reg[2][19]_0",net,,"gen_lane[2].i_p2_pop_slice/i_popcount",2,"gen_lane[2].i_p2_pop_slice/i_popcount/popcount_q_o[6]_i_22/O",2,"2",0
"i_p2_pop_slice","gen_lane[2].i_p2_pop_slice/i_popcount/bank_ra_data_o_reg[2][1]",net,,"gen_lane[2].i_p2_pop_slice/i_popcount",3,"gen_lane[2].i_p2_pop_slice/i_popcount/popcount_q_o[3]_i_5/O",3,"2",0
"i_p2_pop_slice","gen_lane[2].i_p2_pop_slice/i_popcount/bank_ra_data_o_reg[2][1]_0",net,,"gen_lane[2].i_p2_pop_slice/i_popcount",3,"gen_lane[2].i_p2_pop_slice/i_popcount/popcount_q_o[3]_i_4/O",3,"2",0
"i_p2_pop_slice","gen_lane[2].i_p2_pop_slice/i_popcount/bank_ra_data_o_reg[2][1]_1",net,,"gen_lane[2].i_p2_pop_slice/i_popcount",2,"gen_lane[2].i_p2_pop_slice/i_popcount/popcount_q_o[1]_i_5/O",2,"2",0
"i_p2_pop_slice","gen_lane[2].i_p2_pop_slice/i_popcount/bank_ra_data_o_reg[2][23]",net,,"gen_lane[2].i_p2_pop_slice/i_popcount",4,"gen_lane[2].i_p2_pop_slice/i_popcount/popcount_q_o[0]_i_3/O",4,"2",0
"i_p2_pop_slice","gen_lane[2].i_p2_pop_slice/i_popcount/bank_ra_data_o_reg[2][23]_0",net,,"gen_lane[2].i_p2_pop_slice/i_popcount",2,"gen_lane[2].i_p2_pop_slice/i_popcount/popcount_q_o[3]_i_8/O",2,"2",0
"i_p2_pop_slice","gen_lane[2].i_p2_pop_slice/i_popcount/bank_ra_data_o_reg[2][24]",net,,"gen_lane[2].i_p2_pop_slice/i_popcount",1,"gen_lane[2].i_p2_pop_slice/i_popcount/popcount_q_o[6]_i_52/O",1,"",0
"i_p2_pop_slice","gen_lane[2].i_p2_pop_slice/i_popcount/bank_ra_data_o_reg[2][27]",net,,"gen_lane[2].i_p2_pop_slice/i_popcount",1,"gen_lane[2].i_p2_pop_slice/i_popcount/popcount_q_o[6]_i_51/O",1,"",0
"i_p2_pop_slice","gen_lane[2].i_p2_pop_slice/i_popcount/bank_ra_data_o_reg[2][32]",net,,"gen_lane[2].i_p2_pop_slice/i_popcount",4,"gen_lane[2].i_p2_pop_slice/i_popcount/popcount_q_o[0]_i_2/O",4,"2",0
"i_p2_pop_slice","gen_lane[2].i_p2_pop_slice/i_popcount/bank_ra_data_o_reg[2][32]_0",net,,"gen_lane[2].i_p2_pop_slice/i_popcount",2,"gen_lane[2].i_p2_pop_slice/i_popcount/popcount_q_o[3]_i_9/O",2,"2",0
"i_p2_pop_slice","gen_lane[2].i_p2_pop_slice/i_popcount/bank_ra_data_o_reg[2][41]",net,,"gen_lane[2].i_p2_pop_slice/i_popcount",4,"gen_lane[2].i_p2_pop_slice/i_popcount/popcount_q_o[0]_i_4/O",4,"2",0
"i_p2_pop_slice","gen_lane[2].i_p2_pop_slice/i_popcount/bank_ra_data_o_reg[2][41]_0",net,,"gen_lane[2].i_p2_pop_slice/i_popcount",3,"gen_lane[2].i_p2_pop_slice/i_popcount/popcount_q_o[3]_i_7/O",3,"2",0
"i_p2_pop_slice","gen_lane[2].i_p2_pop_slice/i_popcount/bank_ra_data_o_reg[2][50]",net,,"gen_lane[2].i_p2_pop_slice/i_popcount",3,"gen_lane[2].i_p2_pop_slice/i_popcount/popcount_q_o[0]_i_5/O",3,"2",0
"i_p2_pop_slice","gen_lane[2].i_p2_pop_slice/i_popcount/bank_ra_data_o_reg[2][55]",net,,"gen_lane[2].i_p2_pop_slice/i_popcount",3,"gen_lane[2].i_p2_pop_slice/i_popcount/popcount_q_o[1]_i_2/O",3,"2",0
"i_p2_pop_slice","gen_lane[2].i_p2_pop_slice/i_popcount/bank_ra_data_o_reg[2][55]_0",net,,"gen_lane[2].i_p2_pop_slice/i_popcount",6,"gen_lane[2].i_p2_pop_slice/i_popcount/popcount_q_o[6]_i_10/O",6,"2",0
"i_p2_pop_slice","gen_lane[2].i_p2_pop_slice/i_popcount/bank_ra_data_o_reg[2][55]_1",net,,"gen_lane[2].i_p2_pop_slice/i_popcount",5,"gen_lane[2].i_p2_pop_slice/i_popcount/popcount_q_o[6]_i_3/O",5,"2",0
"i_p2_pop_slice","gen_lane[2].i_p2_pop_slice/i_popcount/bank_ra_data_o_reg[2][55]_2",net,,"gen_lane[2].i_p2_pop_slice/i_popcount",4,"gen_lane[2].i_p2_pop_slice/i_popcount/popcount_q_o[6]_i_19/O",4,"2",0
"i_p2_pop_slice","gen_lane[2].i_p2_pop_slice/i_popcount/bank_ra_data_o_reg[2][55]_3",net,,"gen_lane[2].i_p2_pop_slice/i_popcount",1,"gen_lane[2].i_p2_pop_slice/i_popcount/popcount_q_o[3]_i_10/O",1,"",0
"i_p2_pop_slice","gen_lane[2].i_p2_pop_slice/i_popcount/bank_ra_data_o_reg[2][58]",net,,"gen_lane[2].i_p2_pop_slice/i_popcount",2,"gen_lane[2].i_p2_pop_slice/i_popcount/popcount_q_o[1]_i_6/O",2,"2",0
"i_p2_pop_slice","gen_lane[2].i_p2_pop_slice/i_popcount/bank_ra_data_o_reg[2][5]",net,,"gen_lane[2].i_p2_pop_slice/i_popcount",3,"gen_lane[2].i_p2_pop_slice/i_popcount/popcount_q_o[1]_i_14/O",3,"2",0
"i_p2_pop_slice","gen_lane[2].i_p2_pop_slice/i_popcount/bank_ra_data_o_reg[2][63]",net,,"gen_lane[2].i_p2_pop_slice/i_popcount",2,"gen_lane[2].i_p2_pop_slice/i_popcount/popcount_q_o[3]_i_11/O",2,"2",0
"i_p2_pop_slice","gen_lane[2].i_p2_pop_slice/i_popcount/bank_ra_data_o_reg[2][6]",net,,"gen_lane[2].i_p2_pop_slice/i_popcount",1,"gen_lane[2].i_p2_pop_slice/i_popcount/popcount_q_o[6]_i_54/O",1,"",0
"i_p2_pop_slice","gen_lane[2].i_p2_pop_slice/i_popcount/bank_ra_data_o_reg[2][9]",net,,"gen_lane[2].i_p2_pop_slice/i_popcount",1,"gen_lane[2].i_p2_pop_slice/i_popcount/popcount_q_o[6]_i_53/O",1,"",0
"i_p2_pop_slice","gen_lane[2].i_p2_pop_slice/i_popcount/lane_bool_result[2][0]",net,,"gen_lane[2].i_p2_pop_slice/i_popcount",4,"i_vrf/popcount_q_o[0]_i_30__1/O",4,"2",0
"i_p2_pop_slice","gen_lane[2].i_p2_pop_slice/i_popcount/lane_bool_result[2][10]",net,,"gen_lane[2].i_p2_pop_slice/i_popcount",4,"i_vrf/lane_result_q[2][16]_i_5/O",4,"2",0
"i_p2_pop_slice","gen_lane[2].i_p2_pop_slice/i_popcount/lane_bool_result[2][11]",net,,"gen_lane[2].i_p2_pop_slice/i_popcount",4,"i_vrf/lane_result_q[2][17]_i_5/O",4,"2",0
"i_p2_pop_slice","gen_lane[2].i_p2_pop_slice/i_popcount/lane_bool_result[2][12]",net,,"gen_lane[2].i_p2_pop_slice/i_popcount",4,"i_vrf/lane_result_q[2][18]_i_5/O",4,"2",0
"i_p2_pop_slice","gen_lane[2].i_p2_pop_slice/i_popcount/lane_bool_result[2][13]",net,,"gen_lane[2].i_p2_pop_slice/i_popcount",6,"i_vrf/popcount_q_o[0]_i_14__1/O",6,"2",0
"i_p2_pop_slice","gen_lane[2].i_p2_pop_slice/i_popcount/lane_bool_result[2][14]",net,,"gen_lane[2].i_p2_pop_slice/i_popcount",6,"i_vrf/popcount_q_o[0]_i_13__1/O",6,"2",0
"i_p2_pop_slice","gen_lane[2].i_p2_pop_slice/i_popcount/lane_bool_result[2][15]",net,,"gen_lane[2].i_p2_pop_slice/i_popcount",6,"i_vrf/popcount_q_o[0]_i_15__1/O",6,"2",0
"i_p2_pop_slice","gen_lane[2].i_p2_pop_slice/i_popcount/lane_bool_result[2][16]",net,,"gen_lane[2].i_p2_pop_slice/i_popcount",5,"i_vrf/lane_result_q[2][25]_i_5/O",5,"2",0
"i_p2_pop_slice","gen_lane[2].i_p2_pop_slice/i_popcount/lane_bool_result[2][17]",net,,"gen_lane[2].i_p2_pop_slice/i_popcount",5,"i_vrf/lane_result_q[2][26]_i_5/O",5,"2",0
"i_p2_pop_slice","gen_lane[2].i_p2_pop_slice/i_popcount/lane_bool_result[2][18]",net,,"gen_lane[2].i_p2_pop_slice/i_popcount",5,"i_vrf/lane_result_q[2][27]_i_5/O",5,"2",0
"i_p2_pop_slice","gen_lane[2].i_p2_pop_slice/i_popcount/lane_bool_result[2][19]",net,,"gen_lane[2].i_p2_pop_slice/i_popcount",5,"i_vrf/lane_result_q[2][28]_i_5/O",5,"2",0
"i_p2_pop_slice","gen_lane[2].i_p2_pop_slice/i_popcount/lane_bool_result[2][1]",net,,"gen_lane[2].i_p2_pop_slice/i_popcount",5,"i_vrf/lane_result_q[2][4]_i_5/O",5,"2",0
"i_p2_pop_slice","gen_lane[2].i_p2_pop_slice/i_popcount/lane_bool_result[2][20]",net,,"gen_lane[2].i_p2_pop_slice/i_popcount",5,"i_vrf/lane_result_q[2][29]_i_5/O",5,"2",0
"i_p2_pop_slice","gen_lane[2].i_p2_pop_slice/i_popcount/lane_bool_result[2][21]",net,,"gen_lane[2].i_p2_pop_slice/i_popcount",5,"i_vrf/lane_result_q[2][30]_i_5/O",5,"2",0
"i_p2_pop_slice","gen_lane[2].i_p2_pop_slice/i_popcount/lane_bool_result[2][22]",net,,"gen_lane[2].i_p2_pop_slice/i_popcount",6,"i_vrf/popcount_q_o[0]_i_9__1/O",6,"2",0
"i_p2_pop_slice","gen_lane[2].i_p2_pop_slice/i_popcount/lane_bool_result[2][23]",net,,"gen_lane[2].i_p2_pop_slice/i_popcount",6,"i_vrf/popcount_q_o[0]_i_8__1/O",6,"2",0
"i_p2_pop_slice","gen_lane[2].i_p2_pop_slice/i_popcount/lane_bool_result[2][24]",net,,"gen_lane[2].i_p2_pop_slice/i_popcount",6,"i_vrf/popcount_q_o[0]_i_10__1/O",6,"2",0
"i_p2_pop_slice","gen_lane[2].i_p2_pop_slice/i_popcount/lane_bool_result[2][25]",net,,"gen_lane[2].i_p2_pop_slice/i_popcount",5,"i_vrf/lane_result_q[2][34]_i_6/O",5,"2",0
"i_p2_pop_slice","gen_lane[2].i_p2_pop_slice/i_popcount/lane_bool_result[2][26]",net,,"gen_lane[2].i_p2_pop_slice/i_popcount",5,"i_vrf/lane_result_q[2][35]_i_6/O",5,"2",0
"i_p2_pop_slice","gen_lane[2].i_p2_pop_slice/i_popcount/lane_bool_result[2][27]",net,,"gen_lane[2].i_p2_pop_slice/i_popcount",5,"i_vrf/lane_result_q[2][36]_i_5/O",5,"2",0
"i_p2_pop_slice","gen_lane[2].i_p2_pop_slice/i_popcount/lane_bool_result[2][28]",net,,"gen_lane[2].i_p2_pop_slice/i_popcount",5,"i_vrf/lane_result_q[2][37]_i_5/O",5,"2",0
"i_p2_pop_slice","gen_lane[2].i_p2_pop_slice/i_popcount/lane_bool_result[2][29]",net,,"gen_lane[2].i_p2_pop_slice/i_popcount",5,"i_vrf/lane_result_q[2][38]_i_5/O",5,"2",0
"i_p2_pop_slice","gen_lane[2].i_p2_pop_slice/i_popcount/lane_bool_result[2][2]",net,,"gen_lane[2].i_p2_pop_slice/i_popcount",5,"i_vrf/lane_result_q[2][5]_i_5/O",5,"2",0
"i_p2_pop_slice","gen_lane[2].i_p2_pop_slice/i_popcount/lane_bool_result[2][30]",net,,"gen_lane[2].i_p2_pop_slice/i_popcount",5,"i_vrf/lane_result_q[2][39]_i_6/O",5,"2",0
"i_p2_pop_slice","gen_lane[2].i_p2_pop_slice/i_popcount/lane_bool_result[2][31]",net,,"gen_lane[2].i_p2_pop_slice/i_popcount",6,"i_vrf/popcount_q_o[0]_i_19__1/O",6,"2",0
"i_p2_pop_slice","gen_lane[2].i_p2_pop_slice/i_popcount/lane_bool_result[2][32]",net,,"gen_lane[2].i_p2_pop_slice/i_popcount",6,"i_vrf/popcount_q_o[0]_i_18__1/O",6,"2",0
"i_p2_pop_slice","gen_lane[2].i_p2_pop_slice/i_popcount/lane_bool_result[2][33]",net,,"gen_lane[2].i_p2_pop_slice/i_popcount",6,"i_vrf/popcount_q_o[0]_i_20__1/O",6,"2",0
"i_p2_pop_slice","gen_lane[2].i_p2_pop_slice/i_popcount/lane_bool_result[2][34]",net,,"gen_lane[2].i_p2_pop_slice/i_popcount",5,"i_vrf/lane_result_q[2][43]_i_5/O",5,"2",0
"i_p2_pop_slice","gen_lane[2].i_p2_pop_slice/i_popcount/lane_bool_result[2][35]",net,,"gen_lane[2].i_p2_pop_slice/i_popcount",5,"i_vrf/lane_result_q[2][44]_i_5/O",5,"2",0
"i_p2_pop_slice","gen_lane[2].i_p2_pop_slice/i_popcount/lane_bool_result[2][36]",net,,"gen_lane[2].i_p2_pop_slice/i_popcount",5,"i_vrf/lane_result_q[2][45]_i_5/O",5,"2",0
"i_p2_pop_slice","gen_lane[2].i_p2_pop_slice/i_popcount/lane_bool_result[2][37]",net,,"gen_lane[2].i_p2_pop_slice/i_popcount",5,"i_vrf/lane_result_q[2][46]_i_5/O",5,"2",0
"i_p2_pop_slice","gen_lane[2].i_p2_pop_slice/i_popcount/lane_bool_result[2][38]",net,,"gen_lane[2].i_p2_pop_slice/i_popcount",5,"i_vrf/lane_result_q[2][47]_i_6/O",5,"2",0
"i_p2_pop_slice","gen_lane[2].i_p2_pop_slice/i_popcount/lane_bool_result[2][39]",net,,"gen_lane[2].i_p2_pop_slice/i_popcount",5,"i_vrf/lane_result_q[2][48]_i_5/O",5,"2",0
"i_p2_pop_slice","gen_lane[2].i_p2_pop_slice/i_popcount/lane_bool_result[2][3]",net,,"gen_lane[2].i_p2_pop_slice/i_popcount",5,"i_vrf/lane_result_q[2][6]_i_5/O",5,"2",0
"i_p2_pop_slice","gen_lane[2].i_p2_pop_slice/i_popcount/lane_bool_result[2][40]",net,,"gen_lane[2].i_p2_pop_slice/i_popcount",5,"i_vrf/popcount_q_o[0]_i_24__1/O",5,"2",0
"i_p2_pop_slice","gen_lane[2].i_p2_pop_slice/i_popcount/lane_bool_result[2][41]",net,,"gen_lane[2].i_p2_pop_slice/i_popcount",5,"i_vrf/popcount_q_o[0]_i_23__1/O",5,"2",0
"i_p2_pop_slice","gen_lane[2].i_p2_pop_slice/i_popcount/lane_bool_result[2][42]",net,,"gen_lane[2].i_p2_pop_slice/i_popcount",5,"i_vrf/popcount_q_o[0]_i_25__1/O",5,"2",0
"i_p2_pop_slice","gen_lane[2].i_p2_pop_slice/i_popcount/lane_bool_result[2][43]",net,,"gen_lane[2].i_p2_pop_slice/i_popcount",4,"i_vrf/lane_result_q[2][52]_i_5/O",4,"2",0
"i_p2_pop_slice","gen_lane[2].i_p2_pop_slice/i_popcount/lane_bool_result[2][44]",net,,"gen_lane[2].i_p2_pop_slice/i_popcount",4,"i_vrf/lane_result_q[2][53]_i_5/O",4,"2",0
"i_p2_pop_slice","gen_lane[2].i_p2_pop_slice/i_popcount/lane_bool_result[2][45]",net,,"gen_lane[2].i_p2_pop_slice/i_popcount",4,"i_vrf/lane_result_q[2][54]_i_6/O",4,"2",0
"i_p2_pop_slice","gen_lane[2].i_p2_pop_slice/i_popcount/lane_bool_result[2][4]",net,,"gen_lane[2].i_p2_pop_slice/i_popcount",4,"i_vrf/lane_result_q[2][7]_i_5/O",4,"2",0
"i_p2_pop_slice","gen_lane[2].i_p2_pop_slice/i_popcount/lane_bool_result[2][5]",net,,"gen_lane[2].i_p2_pop_slice/i_popcount",4,"i_vrf/lane_result_q[2][8]_i_5/O",4,"2",0
"i_p2_pop_slice","gen_lane[2].i_p2_pop_slice/i_popcount/lane_bool_result[2][6]",net,,"gen_lane[2].i_p2_pop_slice/i_popcount",4,"i_vrf/lane_result_q[2][9]_i_5/O",4,"2",0
"i_p2_pop_slice","gen_lane[2].i_p2_pop_slice/i_popcount/lane_bool_result[2][7]",net,,"gen_lane[2].i_p2_pop_slice/i_popcount",5,"i_vrf/lane_result_q[2][13]_i_5/O",5,"2",0
"i_p2_pop_slice","gen_lane[2].i_p2_pop_slice/i_popcount/lane_bool_result[2][8]",net,,"gen_lane[2].i_p2_pop_slice/i_popcount",5,"i_vrf/lane_result_q[2][14]_i_5/O",5,"2",0
"i_p2_pop_slice","gen_lane[2].i_p2_pop_slice/i_popcount/lane_bool_result[2][9]",net,,"gen_lane[2].i_p2_pop_slice/i_popcount",5,"i_vrf/lane_result_q[2][15]_i_5/O",5,"2",0
"i_p2_pop_slice","gen_lane[2].i_p2_pop_slice/i_popcount/popcount_q_o[0]_i_11_n_0",net,,"gen_lane[2].i_p2_pop_slice/i_popcount",3,"gen_lane[2].i_p2_pop_slice/i_popcount/popcount_q_o[0]_i_11/O",3,"2",0
"i_p2_pop_slice","gen_lane[2].i_p2_pop_slice/i_popcount/popcount_q_o[0]_i_12_n_0",net,,"gen_lane[2].i_p2_pop_slice/i_popcount",3,"gen_lane[2].i_p2_pop_slice/i_popcount/popcount_q_o[0]_i_12/O",3,"2",0
"i_p2_pop_slice","gen_lane[2].i_p2_pop_slice/i_popcount/popcount_q_o[0]_i_16_n_0",net,,"gen_lane[2].i_p2_pop_slice/i_popcount",3,"gen_lane[2].i_p2_pop_slice/i_popcount/popcount_q_o[0]_i_16/O",3,"2",0
"i_p2_pop_slice","gen_lane[2].i_p2_pop_slice/i_popcount/popcount_q_o[0]_i_17_n_0",net,,"gen_lane[2].i_p2_pop_slice/i_popcount",3,"gen_lane[2].i_p2_pop_slice/i_popcount/popcount_q_o[0]_i_17/O",3,"2",0
"i_p2_pop_slice","gen_lane[2].i_p2_pop_slice/i_popcount/popcount_q_o[0]_i_21_n_0",net,,"gen_lane[2].i_p2_pop_slice/i_popcount",2,"gen_lane[2].i_p2_pop_slice/i_popcount/popcount_q_o[0]_i_21/O",2,"2",0
"i_p2_pop_slice","gen_lane[2].i_p2_pop_slice/i_popcount/popcount_q_o[0]_i_22_n_0",net,,"gen_lane[2].i_p2_pop_slice/i_popcount",2,"gen_lane[2].i_p2_pop_slice/i_popcount/popcount_q_o[0]_i_22/O",2,"2",0
"i_p2_pop_slice","gen_lane[2].i_p2_pop_slice/i_popcount/popcount_q_o[0]_i_27_n_0",net,,"gen_lane[2].i_p2_pop_slice/i_popcount",3,"gen_lane[2].i_p2_pop_slice/i_popcount/popcount_q_o[0]_i_27/O",3,"2",0
"i_p2_pop_slice","gen_lane[2].i_p2_pop_slice/i_popcount/popcount_q_o[0]_i_7__1",net,,"gen_lane[2].i_p2_pop_slice/i_popcount",2,"i_vrf/popcount_q_o[1]_i_19__1/O",2,"2",0
"i_p2_pop_slice","gen_lane[2].i_p2_pop_slice/i_popcount/popcount_q_o[0]_i_7__1_0",net,,"gen_lane[2].i_p2_pop_slice/i_popcount",2,"i_vrf/popcount_q_o[1]_i_21__1/O",2,"2",0
"i_p2_pop_slice","gen_lane[2].i_p2_pop_slice/i_popcount/popcount_q_o[1]_i_10_n_0",net,,"gen_lane[2].i_p2_pop_slice/i_popcount",1,"gen_lane[2].i_p2_pop_slice/i_popcount/popcount_q_o[1]_i_10/O",1,"2",0
"i_p2_pop_slice","gen_lane[2].i_p2_pop_slice/i_popcount/popcount_q_o[1]_i_15_n_0",net,,"gen_lane[2].i_p2_pop_slice/i_popcount",2,"gen_lane[2].i_p2_pop_slice/i_popcount/popcount_q_o[1]_i_15/O",2,"2",0
"i_p2_pop_slice","gen_lane[2].i_p2_pop_slice/i_popcount/popcount_q_o[1]_i_16_0",net,,"gen_lane[2].i_p2_pop_slice/i_popcount",3,"gen_lane[2].i_p2_pop_slice/i_popcount/popcount_q_o[1]_i_4/O",3,"2",0
"i_p2_pop_slice","gen_lane[2].i_p2_pop_slice/i_popcount/popcount_q_o[1]_i_16_n_0",net,,"gen_lane[2].i_p2_pop_slice/i_popcount",2,"gen_lane[2].i_p2_pop_slice/i_popcount/popcount_q_o[1]_i_16/O",2,"2",0
"i_p2_pop_slice","gen_lane[2].i_p2_pop_slice/i_popcount/popcount_q_o[1]_i_18_n_0",net,,"gen_lane[2].i_p2_pop_slice/i_popcount",1,"gen_lane[2].i_p2_pop_slice/i_popcount/popcount_q_o[1]_i_18/O",1,"2",0
"i_p2_pop_slice","gen_lane[2].i_p2_pop_slice/i_popcount/popcount_q_o[1]_i_20_n_0",net,,"gen_lane[2].i_p2_pop_slice/i_popcount",2,"gen_lane[2].i_p2_pop_slice/i_popcount/popcount_q_o[1]_i_20/O",2,"2",0
"i_p2_pop_slice","gen_lane[2].i_p2_pop_slice/i_popcount/popcount_q_o[1]_i_22_n_0",net,,"gen_lane[2].i_p2_pop_slice/i_popcount",2,"gen_lane[2].i_p2_pop_slice/i_popcount/popcount_q_o[1]_i_22/O",2,"2",0
"i_p2_pop_slice","gen_lane[2].i_p2_pop_slice/i_popcount/popcount_q_o[1]_i_23_n_0",net,,"gen_lane[2].i_p2_pop_slice/i_popcount",2,"gen_lane[2].i_p2_pop_slice/i_popcount/popcount_q_o[1]_i_23/O",2,"2",0
"i_p2_pop_slice","gen_lane[2].i_p2_pop_slice/i_popcount/popcount_q_o[1]_i_24_n_0",net,,"gen_lane[2].i_p2_pop_slice/i_popcount",2,"gen_lane[2].i_p2_pop_slice/i_popcount/popcount_q_o[1]_i_24/O",2,"2",0
"i_p2_pop_slice","gen_lane[2].i_p2_pop_slice/i_popcount/popcount_q_o[1]_i_25_n_0",net,,"gen_lane[2].i_p2_pop_slice/i_popcount",1,"gen_lane[2].i_p2_pop_slice/i_popcount/popcount_q_o[1]_i_25/O",1,"2",0
"i_p2_pop_slice","gen_lane[2].i_p2_pop_slice/i_popcount/popcount_q_o[1]_i_26_n_0",net,,"gen_lane[2].i_p2_pop_slice/i_popcount",1,"gen_lane[2].i_p2_pop_slice/i_popcount/popcount_q_o[1]_i_26/O",1,"2",0
"i_p2_pop_slice","gen_lane[2].i_p2_pop_slice/i_popcount/popcount_q_o[1]_i_27_n_0",net,,"gen_lane[2].i_p2_pop_slice/i_popcount",1,"gen_lane[2].i_p2_pop_slice/i_popcount/popcount_q_o[1]_i_27/O",1,"2",0
"i_p2_pop_slice","gen_lane[2].i_p2_pop_slice/i_popcount/popcount_q_o[1]_i_28_n_0",net,,"gen_lane[2].i_p2_pop_slice/i_popcount",1,"gen_lane[2].i_p2_pop_slice/i_popcount/popcount_q_o[1]_i_28/O",1,"2",0
"i_p2_pop_slice","gen_lane[2].i_p2_pop_slice/i_popcount/popcount_q_o[1]_i_4_0",net,,"gen_lane[2].i_p2_pop_slice/i_popcount",2,"i_vrf/popcount_q_o[6]_i_44__1/O",2,"2",0
"i_p2_pop_slice","gen_lane[2].i_p2_pop_slice/i_popcount/popcount_q_o[1]_i_4_1",net,,"gen_lane[2].i_p2_pop_slice/i_popcount",2,"i_vrf/popcount_q_o[6]_i_45__1/O",2,"2",0
"i_p2_pop_slice","gen_lane[2].i_p2_pop_slice/i_popcount/popcount_q_o[1]_i_4_2",net,,"gen_lane[2].i_p2_pop_slice/i_popcount",2,"i_vrf/popcount_q_o[6]_i_47__1/O",2,"2",0
"i_p2_pop_slice","gen_lane[2].i_p2_pop_slice/i_popcount/popcount_q_o[1]_i_7_n_0",net,,"gen_lane[2].i_p2_pop_slice/i_popcount",3,"gen_lane[2].i_p2_pop_slice/i_popcount/popcount_q_o[1]_i_7/O",3,"2",0
"i_p2_pop_slice","gen_lane[2].i_p2_pop_slice/i_popcount/popcount_q_o[1]_i_9_n_0",net,,"gen_lane[2].i_p2_pop_slice/i_popcount",3,"gen_lane[2].i_p2_pop_slice/i_popcount/popcount_q_o[1]_i_9/O",3,"2",0
"i_p2_pop_slice","gen_lane[2].i_p2_pop_slice/i_popcount/popcount_q_o[3]_i_2__1",net,,"gen_lane[2].i_p2_pop_slice/i_popcount",3,"i_vrf/popcount_q_o[0]_i_31__1/O",3,"2",0
"i_p2_pop_slice","gen_lane[2].i_p2_pop_slice/i_popcount/popcount_q_o[3]_i_2__1_0",net,,"gen_lane[2].i_p2_pop_slice/i_popcount",2,"i_vrf/popcount_q_o[6]_i_28__1/O",2,"2",0
"i_p2_pop_slice","gen_lane[2].i_p2_pop_slice/i_popcount/popcount_q_o[3]_i_9_0",net,,"gen_lane[2].i_p2_pop_slice/i_popcount",6,"gen_lane[2].i_p2_pop_slice/i_popcount/popcount_q_o[6]_i_12/O",6,"2",0
"i_p2_pop_slice","gen_lane[2].i_p2_pop_slice/i_popcount/popcount_q_o[4]_i_2__1",net,,"gen_lane[2].i_p2_pop_slice/i_popcount",3,"i_vrf/popcount_q_o[6]_i_24__1/O",3,"2",0
"i_p2_pop_slice","gen_lane[2].i_p2_pop_slice/i_popcount/popcount_q_o[4]_i_2__1_0",net,,"gen_lane[2].i_p2_pop_slice/i_popcount",3,"i_vrf/popcount_q_o[6]_i_25__1/O",3,"2",0
"i_p2_pop_slice","gen_lane[2].i_p2_pop_slice/i_popcount/popcount_q_o[4]_i_2__1_1",net,,"gen_lane[2].i_p2_pop_slice/i_popcount",3,"i_vrf/popcount_q_o[6]_i_26__1/O",3,"2",0
"i_p2_pop_slice","gen_lane[2].i_p2_pop_slice/i_popcount/popcount_q_o[6]_i_12_0",net,,"gen_lane[2].i_p2_pop_slice/i_popcount",3,"gen_lane[2].i_p2_pop_slice/i_popcount/popcount_q_o[3]_i_3/O",3,"2",0
"i_p2_pop_slice","gen_lane[2].i_p2_pop_slice/i_popcount/popcount_q_o[6]_i_12_1",net,,"gen_lane[2].i_p2_pop_slice/i_popcount",5,"gen_lane[2].i_p2_pop_slice/i_popcount/popcount_q_o[6]_i_2/O",5,"2",0
"i_p2_pop_slice","gen_lane[2].i_p2_pop_slice/i_popcount/popcount_q_o[6]_i_12_2",net,,"gen_lane[2].i_p2_pop_slice/i_popcount",4,"gen_lane[2].i_p2_pop_slice/i_popcount/popcount_q_o[6]_i_4/O",4,"2",0
"i_p2_pop_slice","gen_lane[2].i_p2_pop_slice/i_popcount/popcount_q_o[6]_i_13_n_0",net,,"gen_lane[2].i_p2_pop_slice/i_popcount",3,"gen_lane[2].i_p2_pop_slice/i_popcount/popcount_q_o[6]_i_13/O",3,"2",0
"i_p2_pop_slice","gen_lane[2].i_p2_pop_slice/i_popcount/popcount_q_o[6]_i_15_n_0",net,,"gen_lane[2].i_p2_pop_slice/i_popcount",5,"gen_lane[2].i_p2_pop_slice/i_popcount/popcount_q_o[6]_i_15/O",5,"2",0
"i_p2_pop_slice","gen_lane[2].i_p2_pop_slice/i_popcount/popcount_q_o[6]_i_16_n_0",net,,"gen_lane[2].i_p2_pop_slice/i_popcount",2,"gen_lane[2].i_p2_pop_slice/i_popcount/popcount_q_o[6]_i_16/O",2,"2",0
"i_p2_pop_slice","gen_lane[2].i_p2_pop_slice/i_popcount/popcount_q_o[6]_i_17_n_0",net,,"gen_lane[2].i_p2_pop_slice/i_popcount",2,"gen_lane[2].i_p2_pop_slice/i_popcount/popcount_q_o[6]_i_17/O",2,"2",0
"i_p2_pop_slice","gen_lane[2].i_p2_pop_slice/i_popcount/popcount_q_o[6]_i_18_n_0",net,,"gen_lane[2].i_p2_pop_slice/i_popcount",2,"gen_lane[2].i_p2_pop_slice/i_popcount/popcount_q_o[6]_i_18/O",2,"2",0
"i_p2_pop_slice","gen_lane[2].i_p2_pop_slice/i_popcount/popcount_q_o[6]_i_22_0",net,,"gen_lane[2].i_p2_pop_slice/i_popcount",2,"gen_lane[2].i_p2_pop_slice/i_popcount/popcount_q_o[6]_i_5/O",2,"",0
"i_p2_pop_slice","gen_lane[2].i_p2_pop_slice/i_popcount/popcount_q_o[6]_i_23_0",net,,"gen_lane[2].i_p2_pop_slice/i_popcount",3,"gen_lane[2].i_p2_pop_slice/i_popcount/popcount_q_o[6]_i_7/O",3,"",0
"i_p2_pop_slice","gen_lane[2].i_p2_pop_slice/i_popcount/popcount_q_o[6]_i_23_n_0",net,,"gen_lane[2].i_p2_pop_slice/i_popcount",1,"gen_lane[2].i_p2_pop_slice/i_popcount/popcount_q_o[6]_i_23/O",1,"2",0
"i_p2_pop_slice","gen_lane[2].i_p2_pop_slice/i_popcount/popcount_q_o[6]_i_27_n_0",net,,"gen_lane[2].i_p2_pop_slice/i_popcount",2,"gen_lane[2].i_p2_pop_slice/i_popcount/popcount_q_o[6]_i_27/O",2,"2",0
"i_p2_pop_slice","gen_lane[2].i_p2_pop_slice/i_popcount/popcount_q_o[6]_i_31_n_0",net,,"gen_lane[2].i_p2_pop_slice/i_popcount",1,"gen_lane[2].i_p2_pop_slice/i_popcount/popcount_q_o[6]_i_31/O",1,"2",0
"i_p2_pop_slice","gen_lane[2].i_p2_pop_slice/i_popcount/popcount_q_o[6]_i_32_n_0",net,,"gen_lane[2].i_p2_pop_slice/i_popcount",1,"gen_lane[2].i_p2_pop_slice/i_popcount/popcount_q_o[6]_i_32/O",1,"2",0
"i_p2_pop_slice","gen_lane[2].i_p2_pop_slice/i_popcount/popcount_q_o[6]_i_33_n_0",net,,"gen_lane[2].i_p2_pop_slice/i_popcount",2,"gen_lane[2].i_p2_pop_slice/i_popcount/popcount_q_o[6]_i_33/O",2,"2",0
"i_p2_pop_slice","gen_lane[2].i_p2_pop_slice/i_popcount/popcount_q_o[6]_i_34_n_0",net,,"gen_lane[2].i_p2_pop_slice/i_popcount",2,"gen_lane[2].i_p2_pop_slice/i_popcount/popcount_q_o[6]_i_34/O",2,"2",0
"i_p2_pop_slice","gen_lane[2].i_p2_pop_slice/i_popcount/popcount_q_o[6]_i_35_n_0",net,,"gen_lane[2].i_p2_pop_slice/i_popcount",3,"gen_lane[2].i_p2_pop_slice/i_popcount/popcount_q_o[6]_i_35/O",3,"2",0
"i_p2_pop_slice","gen_lane[2].i_p2_pop_slice/i_popcount/popcount_q_o[6]_i_36_n_0",net,,"gen_lane[2].i_p2_pop_slice/i_popcount",2,"gen_lane[2].i_p2_pop_slice/i_popcount/popcount_q_o[6]_i_36/O",2,"2",0
"i_p2_pop_slice","gen_lane[2].i_p2_pop_slice/i_popcount/popcount_q_o[6]_i_37_n_0",net,,"gen_lane[2].i_p2_pop_slice/i_popcount",2,"gen_lane[2].i_p2_pop_slice/i_popcount/popcount_q_o[6]_i_37/O",2,"2",0
"i_p2_pop_slice","gen_lane[2].i_p2_pop_slice/i_popcount/popcount_q_o[6]_i_38_n_0",net,,"gen_lane[2].i_p2_pop_slice/i_popcount",3,"gen_lane[2].i_p2_pop_slice/i_popcount/popcount_q_o[6]_i_38/O",3,"2",0
"i_p2_pop_slice","gen_lane[2].i_p2_pop_slice/i_popcount/popcount_q_o[6]_i_39_n_0",net,,"gen_lane[2].i_p2_pop_slice/i_popcount",2,"gen_lane[2].i_p2_pop_slice/i_popcount/popcount_q_o[6]_i_39/O",2,"2",0
"i_p2_pop_slice","gen_lane[2].i_p2_pop_slice/i_popcount/popcount_q_o[6]_i_40_n_0",net,,"gen_lane[2].i_p2_pop_slice/i_popcount",2,"gen_lane[2].i_p2_pop_slice/i_popcount/popcount_q_o[6]_i_40/O",2,"2",0
"i_p2_pop_slice","gen_lane[2].i_p2_pop_slice/i_popcount/popcount_q_o[6]_i_41_n_0",net,,"gen_lane[2].i_p2_pop_slice/i_popcount",2,"gen_lane[2].i_p2_pop_slice/i_popcount/popcount_q_o[6]_i_41/O",2,"2",0
"i_p2_pop_slice","gen_lane[2].i_p2_pop_slice/i_popcount/popcount_q_o[6]_i_42_n_0",net,,"gen_lane[2].i_p2_pop_slice/i_popcount",2,"gen_lane[2].i_p2_pop_slice/i_popcount/popcount_q_o[6]_i_42/O",2,"2",0
"i_p2_pop_slice","gen_lane[2].i_p2_pop_slice/i_popcount/popcount_q_o[6]_i_43_n_0",net,,"gen_lane[2].i_p2_pop_slice/i_popcount",2,"gen_lane[2].i_p2_pop_slice/i_popcount/popcount_q_o[6]_i_43/O",2,"2",0
"i_p2_pop_slice","gen_lane[2].i_p2_pop_slice/i_popcount/popcount_q_o[6]_i_46_n_0",net,,"gen_lane[2].i_p2_pop_slice/i_popcount",2,"gen_lane[2].i_p2_pop_slice/i_popcount/popcount_q_o[6]_i_46/O",2,"2",0
"i_p2_pop_slice","gen_lane[2].i_p2_pop_slice/i_popcount/popcount_q_o[6]_i_48_n_0",net,,"gen_lane[2].i_p2_pop_slice/i_popcount",2,"gen_lane[2].i_p2_pop_slice/i_popcount/popcount_q_o[6]_i_48/O",2,"2",0
"i_p2_pop_slice","gen_lane[2].i_p2_pop_slice/i_popcount/popcount_q_o[6]_i_49_0",net,,"gen_lane[2].i_p2_pop_slice/i_popcount",2,"gen_lane[2].i_p2_pop_slice/i_popcount/popcount_q_o[6]_i_21/O",2,"2",0
"i_p2_pop_slice","gen_lane[2].i_p2_pop_slice/i_popcount/popcount_q_o[6]_i_49_n_0",net,,"gen_lane[2].i_p2_pop_slice/i_popcount",3,"gen_lane[2].i_p2_pop_slice/i_popcount/popcount_q_o[6]_i_49/O",3,"2",0
"i_p2_pop_slice","gen_lane[2].i_p2_pop_slice/i_popcount/popcount_q_o[6]_i_4_0",net,,"gen_lane[2].i_p2_pop_slice/i_popcount",1,"gen_lane[2].i_p2_pop_slice/i_popcount/popcount_q_o[3]_i_6/O",1,"",0
"i_p2_pop_slice","gen_lane[2].i_p2_pop_slice/i_popcount/popcount_q_o[6]_i_50_n_0",net,,"gen_lane[2].i_p2_pop_slice/i_popcount",3,"gen_lane[2].i_p2_pop_slice/i_popcount/popcount_q_o[6]_i_50/O",3,"2",0
"i_p2_pop_slice","gen_lane[2].i_p2_pop_slice/i_popcount/popcount_q_o[6]_i_8_n_0",net,,"gen_lane[2].i_p2_pop_slice/i_popcount",2,"gen_lane[2].i_p2_pop_slice/i_popcount/popcount_q_o[6]_i_8/O",2,"2",0
"i_p2_pop_slice","gen_lane[2].i_p2_pop_slice/i_popcount/popcount_q_o[6]_i_9_n_0",net,,"gen_lane[2].i_p2_pop_slice/i_popcount",2,"gen_lane[2].i_p2_pop_slice/i_popcount/popcount_q_o[6]_i_9/O",2,"2",0
"i_p2_pop_slice","gen_lane[2].i_p2_pop_slice/i_popcount/popcount_q_o_reg[0]",net,,"gen_lane[2].i_p2_pop_slice/i_popcount",3,"i_vrf/popcount_q_o[0]_i_26__1/O",3,"2",0
"i_p2_pop_slice","gen_lane[2].i_p2_pop_slice/i_popcount/popcount_q_o_reg[1]",net,,"gen_lane[2].i_p2_pop_slice/i_popcount",1,"i_vrf/popcount_q_o[1]_i_17__1/O",1,"2",0
"i_p2_pop_slice","gen_lane[2].i_p2_pop_slice/i_popcount/popcount_q_o_reg[1]_0",net,,"gen_lane[2].i_p2_pop_slice/i_popcount",3,"i_vrf/popcount_q_o[0]_i_6__1/O",3,"2",0
"i_p2_pop_slice","gen_lane[2].i_p2_pop_slice/i_popcount/popcount_q_o_reg[1]_1",net,,"gen_lane[2].i_p2_pop_slice/i_popcount",3,"i_vrf/popcount_q_o[1]_i_8__1/O",3,"2",0
"i_p2_pop_slice","gen_lane[2].i_p2_pop_slice/i_popcount/popcount_q_o_reg[2]",net,,"gen_lane[2].i_p2_pop_slice/i_popcount",3,"i_vrf/popcount_q_o[1]_i_3__1/O",3,"2",0
"i_p2_pop_slice","gen_lane[2].i_p2_pop_slice/i_popcount/popcount_q_o_reg[6]",net,,"gen_lane[2].i_p2_pop_slice/i_popcount",3,"i_vrf/popcount_q_o[3]_i_2__1/O",3,"2",0
"i_p2_pop_slice","gen_lane[2].i_p2_pop_slice/i_popcount/popcount_q_o_reg[6]_0",net,,"gen_lane[2].i_p2_pop_slice/i_popcount",3,"i_vrf/popcount_q_o[6]_i_14__1/O",3,"2",0
"i_p2_pop_slice","gen_lane[2].i_p2_pop_slice/in171[0]",net,,"gen_lane[2].i_p2_pop_slice",4,"gen_lane[2].i_p2_pop_slice/hsim_total_q_reg[3]_i_2/O[0]",4,"2",0
"i_p2_pop_slice","gen_lane[2].i_p2_pop_slice/in171[1]",net,,"gen_lane[2].i_p2_pop_slice",4,"gen_lane[2].i_p2_pop_slice/hsim_total_q_reg[3]_i_2/O[1]",4,"2",0
"i_p2_pop_slice","gen_lane[2].i_p2_pop_slice/in171[2]",net,,"gen_lane[2].i_p2_pop_slice",4,"gen_lane[2].i_p2_pop_slice/hsim_total_q_reg[3]_i_2/O[2]",4,"2",0
"i_p2_pop_slice","gen_lane[2].i_p2_pop_slice/in171[3]",net,,"gen_lane[2].i_p2_pop_slice",4,"gen_lane[2].i_p2_pop_slice/hsim_total_q_reg[3]_i_2/O[3]",4,"2",0
"i_p2_pop_slice","gen_lane[2].i_p2_pop_slice/in171[4]",net,,"gen_lane[2].i_p2_pop_slice",4,"gen_lane[2].i_p2_pop_slice/hsim_total_q_reg[7]_i_2/O[0]",4,"2",0
"i_p2_pop_slice","gen_lane[2].i_p2_pop_slice/in171[5]",net,,"gen_lane[2].i_p2_pop_slice",4,"gen_lane[2].i_p2_pop_slice/hsim_total_q_reg[7]_i_2/O[1]",4,"2",0
"i_p2_pop_slice","gen_lane[2].i_p2_pop_slice/in171[6]",net,,"gen_lane[2].i_p2_pop_slice",4,"gen_lane[2].i_p2_pop_slice/hsim_total_q_reg[7]_i_2/O[2]",4,"2",0
"i_p2_pop_slice","gen_lane[2].i_p2_pop_slice/in171[7]",net,,"gen_lane[2].i_p2_pop_slice",4,"gen_lane[2].i_p2_pop_slice/hsim_total_q_reg[7]_i_2/O[3]",4,"2",0
"i_p2_pop_slice","gen_lane[2].i_p2_pop_slice/lane_bool_result[2][0]",net,,"gen_lane[2].i_p2_pop_slice",4,"i_vrf/popcount_q_o[0]_i_30__1/O",4,"2",0
"i_p2_pop_slice","gen_lane[2].i_p2_pop_slice/lane_bool_result[2][10]",net,,"gen_lane[2].i_p2_pop_slice",4,"i_vrf/lane_result_q[2][16]_i_5/O",4,"2",0
"i_p2_pop_slice","gen_lane[2].i_p2_pop_slice/lane_bool_result[2][11]",net,,"gen_lane[2].i_p2_pop_slice",4,"i_vrf/lane_result_q[2][17]_i_5/O",4,"2",0
"i_p2_pop_slice","gen_lane[2].i_p2_pop_slice/lane_bool_result[2][12]",net,,"gen_lane[2].i_p2_pop_slice",4,"i_vrf/lane_result_q[2][18]_i_5/O",4,"2",0
"i_p2_pop_slice","gen_lane[2].i_p2_pop_slice/lane_bool_result[2][13]",net,,"gen_lane[2].i_p2_pop_slice",6,"i_vrf/popcount_q_o[0]_i_14__1/O",6,"2",0
"i_p2_pop_slice","gen_lane[2].i_p2_pop_slice/lane_bool_result[2][14]",net,,"gen_lane[2].i_p2_pop_slice",6,"i_vrf/popcount_q_o[0]_i_13__1/O",6,"2",0
"i_p2_pop_slice","gen_lane[2].i_p2_pop_slice/lane_bool_result[2][15]",net,,"gen_lane[2].i_p2_pop_slice",6,"i_vrf/popcount_q_o[0]_i_15__1/O",6,"2",0
"i_p2_pop_slice","gen_lane[2].i_p2_pop_slice/lane_bool_result[2][16]",net,,"gen_lane[2].i_p2_pop_slice",5,"i_vrf/lane_result_q[2][25]_i_5/O",5,"2",0
"i_p2_pop_slice","gen_lane[2].i_p2_pop_slice/lane_bool_result[2][17]",net,,"gen_lane[2].i_p2_pop_slice",5,"i_vrf/lane_result_q[2][26]_i_5/O",5,"2",0
"i_p2_pop_slice","gen_lane[2].i_p2_pop_slice/lane_bool_result[2][18]",net,,"gen_lane[2].i_p2_pop_slice",5,"i_vrf/lane_result_q[2][27]_i_5/O",5,"2",0
"i_p2_pop_slice","gen_lane[2].i_p2_pop_slice/lane_bool_result[2][19]",net,,"gen_lane[2].i_p2_pop_slice",5,"i_vrf/lane_result_q[2][28]_i_5/O",5,"2",0
"i_p2_pop_slice","gen_lane[2].i_p2_pop_slice/lane_bool_result[2][1]",net,,"gen_lane[2].i_p2_pop_slice",5,"i_vrf/lane_result_q[2][4]_i_5/O",5,"2",0
"i_p2_pop_slice","gen_lane[2].i_p2_pop_slice/lane_bool_result[2][20]",net,,"gen_lane[2].i_p2_pop_slice",5,"i_vrf/lane_result_q[2][29]_i_5/O",5,"2",0
"i_p2_pop_slice","gen_lane[2].i_p2_pop_slice/lane_bool_result[2][21]",net,,"gen_lane[2].i_p2_pop_slice",5,"i_vrf/lane_result_q[2][30]_i_5/O",5,"2",0
"i_p2_pop_slice","gen_lane[2].i_p2_pop_slice/lane_bool_result[2][22]",net,,"gen_lane[2].i_p2_pop_slice",6,"i_vrf/popcount_q_o[0]_i_9__1/O",6,"2",0
"i_p2_pop_slice","gen_lane[2].i_p2_pop_slice/lane_bool_result[2][23]",net,,"gen_lane[2].i_p2_pop_slice",6,"i_vrf/popcount_q_o[0]_i_8__1/O",6,"2",0
"i_p2_pop_slice","gen_lane[2].i_p2_pop_slice/lane_bool_result[2][24]",net,,"gen_lane[2].i_p2_pop_slice",6,"i_vrf/popcount_q_o[0]_i_10__1/O",6,"2",0
"i_p2_pop_slice","gen_lane[2].i_p2_pop_slice/lane_bool_result[2][25]",net,,"gen_lane[2].i_p2_pop_slice",5,"i_vrf/lane_result_q[2][34]_i_6/O",5,"2",0
"i_p2_pop_slice","gen_lane[2].i_p2_pop_slice/lane_bool_result[2][26]",net,,"gen_lane[2].i_p2_pop_slice",5,"i_vrf/lane_result_q[2][35]_i_6/O",5,"2",0
"i_p2_pop_slice","gen_lane[2].i_p2_pop_slice/lane_bool_result[2][27]",net,,"gen_lane[2].i_p2_pop_slice",5,"i_vrf/lane_result_q[2][36]_i_5/O",5,"2",0
"i_p2_pop_slice","gen_lane[2].i_p2_pop_slice/lane_bool_result[2][28]",net,,"gen_lane[2].i_p2_pop_slice",5,"i_vrf/lane_result_q[2][37]_i_5/O",5,"2",0
"i_p2_pop_slice","gen_lane[2].i_p2_pop_slice/lane_bool_result[2][29]",net,,"gen_lane[2].i_p2_pop_slice",5,"i_vrf/lane_result_q[2][38]_i_5/O",5,"2",0
"i_p2_pop_slice","gen_lane[2].i_p2_pop_slice/lane_bool_result[2][2]",net,,"gen_lane[2].i_p2_pop_slice",5,"i_vrf/lane_result_q[2][5]_i_5/O",5,"2",0
"i_p2_pop_slice","gen_lane[2].i_p2_pop_slice/lane_bool_result[2][30]",net,,"gen_lane[2].i_p2_pop_slice",5,"i_vrf/lane_result_q[2][39]_i_6/O",5,"2",0
"i_p2_pop_slice","gen_lane[2].i_p2_pop_slice/lane_bool_result[2][31]",net,,"gen_lane[2].i_p2_pop_slice",6,"i_vrf/popcount_q_o[0]_i_19__1/O",6,"2",0
"i_p2_pop_slice","gen_lane[2].i_p2_pop_slice/lane_bool_result[2][32]",net,,"gen_lane[2].i_p2_pop_slice",6,"i_vrf/popcount_q_o[0]_i_18__1/O",6,"2",0
"i_p2_pop_slice","gen_lane[2].i_p2_pop_slice/lane_bool_result[2][33]",net,,"gen_lane[2].i_p2_pop_slice",6,"i_vrf/popcount_q_o[0]_i_20__1/O",6,"2",0
"i_p2_pop_slice","gen_lane[2].i_p2_pop_slice/lane_bool_result[2][34]",net,,"gen_lane[2].i_p2_pop_slice",5,"i_vrf/lane_result_q[2][43]_i_5/O",5,"2",0
"i_p2_pop_slice","gen_lane[2].i_p2_pop_slice/lane_bool_result[2][35]",net,,"gen_lane[2].i_p2_pop_slice",5,"i_vrf/lane_result_q[2][44]_i_5/O",5,"2",0
"i_p2_pop_slice","gen_lane[2].i_p2_pop_slice/lane_bool_result[2][36]",net,,"gen_lane[2].i_p2_pop_slice",5,"i_vrf/lane_result_q[2][45]_i_5/O",5,"2",0
"i_p2_pop_slice","gen_lane[2].i_p2_pop_slice/lane_bool_result[2][37]",net,,"gen_lane[2].i_p2_pop_slice",5,"i_vrf/lane_result_q[2][46]_i_5/O",5,"2",0
"i_p2_pop_slice","gen_lane[2].i_p2_pop_slice/lane_bool_result[2][38]",net,,"gen_lane[2].i_p2_pop_slice",5,"i_vrf/lane_result_q[2][47]_i_6/O",5,"2",0
"i_p2_pop_slice","gen_lane[2].i_p2_pop_slice/lane_bool_result[2][39]",net,,"gen_lane[2].i_p2_pop_slice",5,"i_vrf/lane_result_q[2][48]_i_5/O",5,"2",0
"i_p2_pop_slice","gen_lane[2].i_p2_pop_slice/lane_bool_result[2][3]",net,,"gen_lane[2].i_p2_pop_slice",5,"i_vrf/lane_result_q[2][6]_i_5/O",5,"2",0
"i_p2_pop_slice","gen_lane[2].i_p2_pop_slice/lane_bool_result[2][40]",net,,"gen_lane[2].i_p2_pop_slice",5,"i_vrf/popcount_q_o[0]_i_24__1/O",5,"2",0
"i_p2_pop_slice","gen_lane[2].i_p2_pop_slice/lane_bool_result[2][41]",net,,"gen_lane[2].i_p2_pop_slice",5,"i_vrf/popcount_q_o[0]_i_23__1/O",5,"2",0
"i_p2_pop_slice","gen_lane[2].i_p2_pop_slice/lane_bool_result[2][42]",net,,"gen_lane[2].i_p2_pop_slice",5,"i_vrf/popcount_q_o[0]_i_25__1/O",5,"2",0
"i_p2_pop_slice","gen_lane[2].i_p2_pop_slice/lane_bool_result[2][43]",net,,"gen_lane[2].i_p2_pop_slice",4,"i_vrf/lane_result_q[2][52]_i_5/O",4,"2",0
"i_p2_pop_slice","gen_lane[2].i_p2_pop_slice/lane_bool_result[2][44]",net,,"gen_lane[2].i_p2_pop_slice",4,"i_vrf/lane_result_q[2][53]_i_5/O",4,"2",0
"i_p2_pop_slice","gen_lane[2].i_p2_pop_slice/lane_bool_result[2][45]",net,,"gen_lane[2].i_p2_pop_slice",4,"i_vrf/lane_result_q[2][54]_i_6/O",4,"2",0
"i_p2_pop_slice","gen_lane[2].i_p2_pop_slice/lane_bool_result[2][4]",net,,"gen_lane[2].i_p2_pop_slice",4,"i_vrf/lane_result_q[2][7]_i_5/O",4,"2",0
"i_p2_pop_slice","gen_lane[2].i_p2_pop_slice/lane_bool_result[2][5]",net,,"gen_lane[2].i_p2_pop_slice",4,"i_vrf/lane_result_q[2][8]_i_5/O",4,"2",0
"i_p2_pop_slice","gen_lane[2].i_p2_pop_slice/lane_bool_result[2][6]",net,,"gen_lane[2].i_p2_pop_slice",4,"i_vrf/lane_result_q[2][9]_i_5/O",4,"2",0
"i_p2_pop_slice","gen_lane[2].i_p2_pop_slice/lane_bool_result[2][7]",net,,"gen_lane[2].i_p2_pop_slice",5,"i_vrf/lane_result_q[2][13]_i_5/O",5,"2",0
"i_p2_pop_slice","gen_lane[2].i_p2_pop_slice/lane_bool_result[2][8]",net,,"gen_lane[2].i_p2_pop_slice",5,"i_vrf/lane_result_q[2][14]_i_5/O",5,"2",0
"i_p2_pop_slice","gen_lane[2].i_p2_pop_slice/lane_bool_result[2][9]",net,,"gen_lane[2].i_p2_pop_slice",5,"i_vrf/lane_result_q[2][15]_i_5/O",5,"2",0
"i_p2_pop_slice","gen_lane[2].i_p2_pop_slice/lane_popcnt_q[2][0]",net,,"gen_lane[2].i_p2_pop_slice",2,"gen_lane[2].i_p2_pop_slice/popcount_q_o_reg[0]/Q",2,"2",0
"i_p2_pop_slice","gen_lane[2].i_p2_pop_slice/lane_result_q_reg[2][0]",net,,"gen_lane[2].i_p2_pop_slice",65,"i_vrf/lane_result_q[2][63]_i_3/O",65,"2",0
"i_p2_pop_slice","gen_lane[2].i_p2_pop_slice/pop_d_i",net,,"gen_lane[2].i_p2_pop_slice",4,"gen_lane[3].i_p2_pop_slice/pop_q_i_1/O",4,"0;1;2;3",1
"i_p2_pop_slice","gen_lane[2].i_p2_pop_slice/pop_q",net,,"gen_lane[2].i_p2_pop_slice",8,"gen_lane[2].i_p2_pop_slice/pop_q_reg/Q",8,"2",0
"i_p2_pop_slice","gen_lane[2].i_p2_pop_slice/pop_q_reg_0",net,,"gen_lane[2].i_p2_pop_slice",2201,"i_vrf/FSM_onehot_st_q[0]_i_3/O",2201,"0;1;2;3",1
"i_p2_pop_slice","gen_lane[2].i_p2_pop_slice/popcount_q_o[0]",net,,"gen_lane[2].i_p2_pop_slice",3,"gen_lane[2].i_p2_pop_slice/popcount_q_o_reg[1]/Q",3,"1;2",1
"i_p2_pop_slice","gen_lane[2].i_p2_pop_slice/popcount_q_o[0]_i_7__1",net,,"gen_lane[2].i_p2_pop_slice",2,"i_vrf/popcount_q_o[1]_i_19__1/O",2,"2",0
"i_p2_pop_slice","gen_lane[2].i_p2_pop_slice/popcount_q_o[0]_i_7__1_0",net,,"gen_lane[2].i_p2_pop_slice",2,"i_vrf/popcount_q_o[1]_i_21__1/O",2,"2",0
"i_p2_pop_slice","gen_lane[2].i_p2_pop_slice/popcount_q_o[1]",net,,"gen_lane[2].i_p2_pop_slice",3,"gen_lane[2].i_p2_pop_slice/popcount_q_o_reg[2]/Q",3,"1;2",1
"i_p2_pop_slice","gen_lane[2].i_p2_pop_slice/popcount_q_o[1]_i_16",net,,"gen_lane[2].i_p2_pop_slice",3,"gen_lane[2].i_p2_pop_slice/i_popcount/popcount_q_o[1]_i_4/O",3,"2",0
"i_p2_pop_slice","gen_lane[2].i_p2_pop_slice/popcount_q_o[1]_i_4",net,,"gen_lane[2].i_p2_pop_slice",2,"i_vrf/popcount_q_o[6]_i_44__1/O",2,"2",0
"i_p2_pop_slice","gen_lane[2].i_p2_pop_slice/popcount_q_o[1]_i_4_0",net,,"gen_lane[2].i_p2_pop_slice",2,"i_vrf/popcount_q_o[6]_i_45__1/O",2,"2",0
"i_p2_pop_slice","gen_lane[2].i_p2_pop_slice/popcount_q_o[1]_i_4_1",net,,"gen_lane[2].i_p2_pop_slice",2,"i_vrf/popcount_q_o[6]_i_47__1/O",2,"2",0
"i_p2_pop_slice","gen_lane[2].i_p2_pop_slice/popcount_q_o[2]",net,,"gen_lane[2].i_p2_pop_slice",3,"gen_lane[2].i_p2_pop_slice/popcount_q_o_reg[3]/Q",3,"1;2",1
"i_p2_pop_slice","gen_lane[2].i_p2_pop_slice/popcount_q_o[3]",net,,"gen_lane[2].i_p2_pop_slice",3,"gen_lane[2].i_p2_pop_slice/popcount_q_o_reg[4]/Q",3,"1;2",1
"i_p2_pop_slice","gen_lane[2].i_p2_pop_slice/popcount_q_o[3]_i_2__1",net,,"gen_lane[2].i_p2_pop_slice",3,"i_vrf/popcount_q_o[0]_i_31__1/O",3,"2",0
"i_p2_pop_slice","gen_lane[2].i_p2_pop_slice/popcount_q_o[3]_i_2__1_0",net,,"gen_lane[2].i_p2_pop_slice",2,"i_vrf/popcount_q_o[6]_i_28__1/O",2,"2",0
"i_p2_pop_slice","gen_lane[2].i_p2_pop_slice/popcount_q_o[3]_i_9",net,,"gen_lane[2].i_p2_pop_slice",6,"gen_lane[2].i_p2_pop_slice/i_popcount/popcount_q_o[6]_i_12/O",6,"2",0
"i_p2_pop_slice","gen_lane[2].i_p2_pop_slice/popcount_q_o[4]",net,,"gen_lane[2].i_p2_pop_slice",3,"gen_lane[2].i_p2_pop_slice/popcount_q_o_reg[5]/Q",3,"1;2",1
"i_p2_pop_slice","gen_lane[2].i_p2_pop_slice/popcount_q_o[4]_i_2__1",net,,"gen_lane[2].i_p2_pop_slice",3,"i_vrf/popcount_q_o[6]_i_24__1/O",3,"2",0
"i_p2_pop_slice","gen_lane[2].i_p2_pop_slice/popcount_q_o[4]_i_2__1_0",net,,"gen_lane[2].i_p2_pop_slice",3,"i_vrf/popcount_q_o[6]_i_25__1/O",3,"2",0
"i_p2_pop_slice","gen_lane[2].i_p2_pop_slice/popcount_q_o[4]_i_2__1_1",net,,"gen_lane[2].i_p2_pop_slice",3,"i_vrf/popcount_q_o[6]_i_26__1/O",3,"2",0
"i_p2_pop_slice","gen_lane[2].i_p2_pop_slice/popcount_q_o[5]",net,,"gen_lane[2].i_p2_pop_slice",2,"gen_lane[2].i_p2_pop_slice/popcount_q_o_reg[6]/Q",2,"0;1",1
"i_p2_pop_slice","gen_lane[2].i_p2_pop_slice/popcount_q_o[6]_i_12",net,,"gen_lane[2].i_p2_pop_slice",3,"gen_lane[2].i_p2_pop_slice/i_popcount/popcount_q_o[3]_i_3/O",3,"2",0
"i_p2_pop_slice","gen_lane[2].i_p2_pop_slice/popcount_q_o[6]_i_12_0",net,,"gen_lane[2].i_p2_pop_slice",5,"gen_lane[2].i_p2_pop_slice/i_popcount/popcount_q_o[6]_i_2/O",5,"2",0
"i_p2_pop_slice","gen_lane[2].i_p2_pop_slice/popcount_q_o[6]_i_12_1",net,,"gen_lane[2].i_p2_pop_slice",4,"gen_lane[2].i_p2_pop_slice/i_popcount/popcount_q_o[6]_i_4/O",4,"2",0
"i_p2_pop_slice","gen_lane[2].i_p2_pop_slice/popcount_q_o[6]_i_22",net,,"gen_lane[2].i_p2_pop_slice",2,"gen_lane[2].i_p2_pop_slice/i_popcount/popcount_q_o[6]_i_5/O",2,"",0
"i_p2_pop_slice","gen_lane[2].i_p2_pop_slice/popcount_q_o[6]_i_23",net,,"gen_lane[2].i_p2_pop_slice",3,"gen_lane[2].i_p2_pop_slice/i_popcount/popcount_q_o[6]_i_7/O",3,"",0
"i_p2_pop_slice","gen_lane[2].i_p2_pop_slice/popcount_q_o[6]_i_4",net,,"gen_lane[2].i_p2_pop_slice",1,"gen_lane[2].i_p2_pop_slice/i_popcount/popcount_q_o[3]_i_6/O",1,"",0
"i_p2_pop_slice","gen_lane[2].i_p2_pop_slice/popcount_q_o[6]_i_49",net,,"gen_lane[2].i_p2_pop_slice",2,"gen_lane[2].i_p2_pop_slice/i_popcount/popcount_q_o[6]_i_21/O",2,"2",0
"i_p2_pop_slice","gen_lane[2].i_p2_pop_slice/popcount_q_o_reg[0]_0",net,,"gen_lane[2].i_p2_pop_slice",3,"i_vrf/popcount_q_o[0]_i_26__1/O",3,"2",0
"i_p2_pop_slice","gen_lane[2].i_p2_pop_slice/popcount_q_o_reg[1]_0",net,,"gen_lane[2].i_p2_pop_slice",1,"i_vrf/popcount_q_o[1]_i_17__1/O",1,"2",0
"i_p2_pop_slice","gen_lane[2].i_p2_pop_slice/popcount_q_o_reg[1]_1",net,,"gen_lane[2].i_p2_pop_slice",3,"i_vrf/popcount_q_o[0]_i_6__1/O",3,"2",0
"i_p2_pop_slice","gen_lane[2].i_p2_pop_slice/popcount_q_o_reg[1]_2",net,,"gen_lane[2].i_p2_pop_slice",3,"i_vrf/popcount_q_o[1]_i_8__1/O",3,"2",0
"i_p2_pop_slice","gen_lane[2].i_p2_pop_slice/popcount_q_o_reg[2]_0",net,,"gen_lane[2].i_p2_pop_slice",3,"i_vrf/popcount_q_o[1]_i_3__1/O",3,"2",0
"i_p2_pop_slice","gen_lane[2].i_p2_pop_slice/popcount_q_o_reg[6]_0",net,,"gen_lane[2].i_p2_pop_slice",3,"i_vrf/popcount_q_o[3]_i_2__1/O",3,"2",0
"i_p2_pop_slice","gen_lane[2].i_p2_pop_slice/popcount_q_o_reg[6]_1",net,,"gen_lane[2].i_p2_pop_slice",3,"i_vrf/popcount_q_o[6]_i_14__1/O",3,"2",0
"i_p2_pop_slice","gen_lane[2].i_p2_pop_slice/popcount_q_o_reg[6]_2[0]",net,,"gen_lane[2].i_p2_pop_slice",1,"i_vrf/popcount_q_o[0]_i_1__1/O",1,"2",0
"i_p2_pop_slice","gen_lane[2].i_p2_pop_slice/popcount_q_o_reg[6]_2[1]",net,,"gen_lane[2].i_p2_pop_slice",1,"i_vrf/popcount_q_o[1]_i_1__1/O",1,"2",0
"i_p2_pop_slice","gen_lane[2].i_p2_pop_slice/popcount_q_o_reg[6]_2[2]",net,,"gen_lane[2].i_p2_pop_slice",1,"i_vrf/popcount_q_o[2]_i_1__1/O",1,"2",0
"i_p2_pop_slice","gen_lane[2].i_p2_pop_slice/popcount_q_o_reg[6]_2[3]",net,,"gen_lane[2].i_p2_pop_slice",1,"i_vrf/popcount_q_o[3]_i_1__1/O",1,"2",0
"i_p2_pop_slice","gen_lane[2].i_p2_pop_slice/popcount_q_o_reg[6]_2[4]",net,,"gen_lane[2].i_p2_pop_slice",1,"i_vrf/popcount_q_o[4]_i_1__1/O",1,"2",0
"i_p2_pop_slice","gen_lane[2].i_p2_pop_slice/popcount_q_o_reg[6]_2[5]",net,,"gen_lane[2].i_p2_pop_slice",1,"i_vrf/popcount_q_o[5]_i_1__1/O",1,"2",0
"i_p2_pop_slice","gen_lane[2].i_p2_pop_slice/popcount_q_o_reg[6]_2[6]",net,,"gen_lane[2].i_p2_pop_slice",1,"i_vrf/popcount_q_o[6]_i_1__1/O",1,"2",0
"i_p2_pop_slice","gen_lane[2].i_p2_pop_slice/uop_p2_q_reg[use_clip]__0",net,,"gen_lane[2].i_p2_pop_slice",7,"uop_p2_q_reg[use_clip]/Q",7,"0;1;2;3",1
"i_p2_pop_slice","gen_lane[2].i_p2_pop_slice/uop_p2_q_reg[valid]__0",net,,"gen_lane[2].i_p2_pop_slice",12,"uop_p2_q_reg[valid]/Q",12,"0;1;2;3",1
"i_p2_pop_slice","gen_lane[2].i_p2_pop_slice/uop_p3_q_reg[chunk_idx][0]",net,,"gen_lane[2].i_p2_pop_slice",9,"gen_lane[2].i_p2_pop_slice/hmatch_candidate_dist_q[10]_i_3/O",9,"2",0
"i_p2_pop_slice","gen_lane[2].i_p2_pop_slice/uop_p3_q_reg[op_type][0]",net,,"gen_lane[2].i_p2_pop_slice",11,"gen_lane[2].i_p2_pop_slice/hsim_total_q[10]_i_5/O",11,"0;2",1
"i_p2_pop_slice","gen_lane[2].i_p2_pop_slice/xor_d_i",net,,"gen_lane[2].i_p2_pop_slice",4,"gen_lane[3].i_p2_pop_slice/xor_q_i_1/O",4,"0;1;2;3",1
"i_p2_pop_slice","gen_lane[2].i_p2_pop_slice/xor_q",net,,"gen_lane[2].i_p2_pop_slice",1,"gen_lane[2].i_p2_pop_slice/xor_q_reg/Q",1,"2",0
"i_p2_pop_slice","gen_lane[2].i_p2_pop_slice_n_0",net,,".",64,"gen_lane[2].i_p2_pop_slice/lane_result_q[2][63]_i_1/O",64,"",0
"i_p2_pop_slice","gen_lane[2].i_p2_pop_slice_n_10",net,,".",1,"gen_lane[2].i_p2_pop_slice/hsim_total_q[4]_i_1/O",1,"",0
"i_p2_pop_slice","gen_lane[2].i_p2_pop_slice_n_11",net,,".",1,"gen_lane[2].i_p2_pop_slice/hsim_total_q[3]_i_1/O",1,"",0
"i_p2_pop_slice","gen_lane[2].i_p2_pop_slice_n_12",net,,".",1,"gen_lane[2].i_p2_pop_slice/hsim_total_q[2]_i_1/O",1,"",0
"i_p2_pop_slice","gen_lane[2].i_p2_pop_slice_n_13",net,,".",1,"gen_lane[2].i_p2_pop_slice/hsim_total_q[1]_i_1/O",1,"",0
"i_p2_pop_slice","gen_lane[2].i_p2_pop_slice_n_14",net,,".",1,"gen_lane[2].i_p2_pop_slice/hsim_total_q[0]_i_1/O",1,"",0
"i_p2_pop_slice","gen_lane[2].i_p2_pop_slice_n_15",net,,".",11,"gen_lane[2].i_p2_pop_slice/hsim_total_q[10]_i_5/O",11,"0;2",1
"i_p2_pop_slice","gen_lane[2].i_p2_pop_slice_n_16",net,,".",9,"gen_lane[2].i_p2_pop_slice/hmatch_candidate_dist_q[10]_i_3/O",9,"2",0
"i_p2_pop_slice","gen_lane[2].i_p2_pop_slice_n_17",net,,".",1,"gen_lane[2].i_p2_pop_slice/hmatch_candidate_dist_q[7]_i_1/O",1,"",0
"i_p2_pop_slice","gen_lane[2].i_p2_pop_slice_n_18",net,,".",1,"gen_lane[2].i_p2_pop_slice/hmatch_candidate_dist_q[6]_i_1/O",1,"",0
"i_p2_pop_slice","gen_lane[2].i_p2_pop_slice_n_19",net,,".",1,"gen_lane[2].i_p2_pop_slice/hmatch_candidate_dist_q[5]_i_1/O",1,"",0
"i_p2_pop_slice","gen_lane[2].i_p2_pop_slice_n_20",net,,".",1,"gen_lane[2].i_p2_pop_slice/hmatch_candidate_dist_q[4]_i_1/O",1,"",0
"i_p2_pop_slice","gen_lane[2].i_p2_pop_slice_n_21",net,,".",1,"gen_lane[2].i_p2_pop_slice/hmatch_candidate_dist_q[3]_i_1/O",1,"",0
"i_p2_pop_slice","gen_lane[2].i_p2_pop_slice_n_22",net,,".",1,"gen_lane[2].i_p2_pop_slice/hmatch_candidate_dist_q[2]_i_1/O",1,"",0
"i_p2_pop_slice","gen_lane[2].i_p2_pop_slice_n_23",net,,".",1,"gen_lane[2].i_p2_pop_slice/hmatch_candidate_dist_q[1]_i_1/O",1,"",0
"i_p2_pop_slice","gen_lane[2].i_p2_pop_slice_n_24",net,,".",1,"gen_lane[2].i_p2_pop_slice/hmatch_candidate_dist_q[0]_i_1/O",1,"",0
"i_p2_pop_slice","gen_lane[2].i_p2_pop_slice_n_25",net,,".",1,"gen_lane[2].i_p2_pop_slice/hsim_total_q_reg[7]_i_2/CO[3]",1,"0",0
"i_p2_pop_slice","gen_lane[2].i_p2_pop_slice_n_26",net,,".",1,"gen_lane[2].i_p2_pop_slice/hmatch_update_q_reg_i_4/CO[3]",1,"0",0
"i_p2_pop_slice","gen_lane[2].i_p2_pop_slice_n_27",net,,".",3,"gen_lane[2].i_p2_pop_slice/i_popcount/popcount_q_o[6]_i_7/O",3,"",0
"i_p2_pop_slice","gen_lane[2].i_p2_pop_slice_n_28",net,,".",3,"gen_lane[2].i_p2_pop_slice/i_popcount/popcount_q_o[3]_i_5/O",3,"2",0
"i_p2_pop_slice","gen_lane[2].i_p2_pop_slice_n_29",net,,".",3,"gen_lane[2].i_p2_pop_slice/i_popcount/popcount_q_o[3]_i_4/O",3,"2",0
"i_p2_pop_slice","gen_lane[2].i_p2_pop_slice_n_30",net,,".",3,"gen_lane[2].i_p2_pop_slice/i_popcount/popcount_q_o[3]_i_3/O",3,"2",0
"i_p2_pop_slice","gen_lane[2].i_p2_pop_slice_n_31",net,,".",5,"gen_lane[2].i_p2_pop_slice/i_popcount/popcount_q_o[6]_i_2/O",5,"2",0
"i_p2_pop_slice","gen_lane[2].i_p2_pop_slice_n_32",net,,".",2,"gen_lane[2].i_p2_pop_slice/i_popcount/popcount_q_o[1]_i_5/O",2,"2",0
"i_p2_pop_slice","gen_lane[2].i_p2_pop_slice_n_33",net,,".",2,"gen_lane[2].i_p2_pop_slice/i_popcount/popcount_q_o[1]_i_6/O",2,"2",0
"i_p2_pop_slice","gen_lane[2].i_p2_pop_slice_n_34",net,,".",3,"gen_lane[2].i_p2_pop_slice/i_popcount/popcount_q_o[1]_i_2/O",3,"2",0
"i_p2_pop_slice","gen_lane[2].i_p2_pop_slice_n_35",net,,".",3,"gen_lane[2].i_p2_pop_slice/i_popcount/popcount_q_o[1]_i_4/O",3,"2",0
"i_p2_pop_slice","gen_lane[2].i_p2_pop_slice_n_36",net,,".",4,"gen_lane[2].i_p2_pop_slice/i_popcount/popcount_q_o[0]_i_2/O",4,"2",0
"i_p2_pop_slice","gen_lane[2].i_p2_pop_slice_n_37",net,,".",4,"gen_lane[2].i_p2_pop_slice/i_popcount/popcount_q_o[0]_i_3/O",4,"2",0
"i_p2_pop_slice","gen_lane[2].i_p2_pop_slice_n_38",net,,".",4,"gen_lane[2].i_p2_pop_slice/i_popcount/popcount_q_o[0]_i_4/O",4,"2",0
"i_p2_pop_slice","gen_lane[2].i_p2_pop_slice_n_39",net,,".",6,"gen_lane[2].i_p2_pop_slice/i_popcount/popcount_q_o[6]_i_10/O",6,"2",0
"i_p2_pop_slice","gen_lane[2].i_p2_pop_slice_n_40",net,,".",6,"gen_lane[2].i_p2_pop_slice/i_popcount/popcount_q_o[6]_i_11/O",6,"2",0
"i_p2_pop_slice","gen_lane[2].i_p2_pop_slice_n_41",net,,".",6,"gen_lane[2].i_p2_pop_slice/i_popcount/popcount_q_o[6]_i_12/O",6,"2",0
"i_p2_pop_slice","gen_lane[2].i_p2_pop_slice_n_42",net,,".",1,"gen_lane[2].i_p2_pop_slice/i_popcount/popcount_q_o[3]_i_6/O",1,"",0
"i_p2_pop_slice","gen_lane[2].i_p2_pop_slice_n_43",net,,".",5,"gen_lane[2].i_p2_pop_slice/i_popcount/popcount_q_o[6]_i_3/O",5,"2",0
"i_p2_pop_slice","gen_lane[2].i_p2_pop_slice_n_44",net,,".",4,"gen_lane[2].i_p2_pop_slice/i_popcount/popcount_q_o[6]_i_4/O",4,"2",0
"i_p2_pop_slice","gen_lane[2].i_p2_pop_slice_n_45",net,,".",3,"gen_lane[2].i_p2_pop_slice/i_popcount/popcount_q_o[6]_i_20/O",3,"2",0
"i_p2_pop_slice","gen_lane[2].i_p2_pop_slice_n_46",net,,".",4,"gen_lane[2].i_p2_pop_slice/i_popcount/popcount_q_o[6]_i_19/O",4,"2",0
"i_p2_pop_slice","gen_lane[2].i_p2_pop_slice_n_47",net,,".",2,"gen_lane[2].i_p2_pop_slice/i_popcount/popcount_q_o[6]_i_5/O",2,"",0
"i_p2_pop_slice","gen_lane[2].i_p2_pop_slice_n_48",net,,".",2,"gen_lane[2].i_p2_pop_slice/i_popcount/popcount_q_o[6]_i_21/O",2,"2",0
"i_p2_pop_slice","gen_lane[2].i_p2_pop_slice_n_49",net,,".",2,"gen_lane[2].i_p2_pop_slice/i_popcount/popcount_q_o[6]_i_22/O",2,"2",0
"i_p2_pop_slice","gen_lane[2].i_p2_pop_slice_n_50",net,,".",1,"gen_lane[2].i_p2_pop_slice/i_popcount/popcount_q_o[6]_i_53/O",1,"",0
"i_p2_pop_slice","gen_lane[2].i_p2_pop_slice_n_51",net,,".",1,"gen_lane[2].i_p2_pop_slice/i_popcount/popcount_q_o[6]_i_54/O",1,"",0
"i_p2_pop_slice","gen_lane[2].i_p2_pop_slice_n_52",net,,".",1,"gen_lane[2].i_p2_pop_slice/i_popcount/popcount_q_o[6]_i_55/O",1,"",0
"i_p2_pop_slice","gen_lane[2].i_p2_pop_slice_n_53",net,,".",1,"gen_lane[2].i_p2_pop_slice/i_popcount/popcount_q_o[6]_i_56/O",1,"",0
"i_p2_pop_slice","gen_lane[2].i_p2_pop_slice_n_54",net,,".",1,"gen_lane[2].i_p2_pop_slice/i_popcount/popcount_q_o[6]_i_51/O",1,"",0
"i_p2_pop_slice","gen_lane[2].i_p2_pop_slice_n_55",net,,".",1,"gen_lane[2].i_p2_pop_slice/i_popcount/popcount_q_o[6]_i_52/O",1,"",0
"i_p2_pop_slice","gen_lane[2].i_p2_pop_slice_n_56",net,,".",3,"gen_lane[2].i_p2_pop_slice/i_popcount/popcount_q_o[1]_i_14/O",3,"2",0
"i_p2_pop_slice","gen_lane[2].i_p2_pop_slice_n_57",net,,".",3,"gen_lane[2].i_p2_pop_slice/i_popcount/popcount_q_o[1]_i_11/O",3,"2",0
"i_p2_pop_slice","gen_lane[2].i_p2_pop_slice_n_58",net,,".",3,"gen_lane[2].i_p2_pop_slice/i_popcount/popcount_q_o[0]_i_5/O",3,"2",0
"i_p2_pop_slice","gen_lane[2].i_p2_pop_slice_n_59",net,,".",2,"gen_lane[2].i_p2_pop_slice/i_popcount/popcount_q_o[3]_i_11/O",2,"2",0
"i_p2_pop_slice","gen_lane[2].i_p2_pop_slice_n_60",net,,".",3,"gen_lane[2].i_p2_pop_slice/i_popcount/popcount_q_o[3]_i_7/O",3,"2",0
"i_p2_pop_slice","gen_lane[2].i_p2_pop_slice_n_61",net,,".",2,"gen_lane[2].i_p2_pop_slice/i_popcount/popcount_q_o[3]_i_8/O",2,"2",0
"i_p2_pop_slice","gen_lane[2].i_p2_pop_slice_n_62",net,,".",2,"gen_lane[2].i_p2_pop_slice/i_popcount/popcount_q_o[3]_i_9/O",2,"2",0
"i_p2_pop_slice","gen_lane[2].i_p2_pop_slice_n_63",net,,".",1,"gen_lane[2].i_p2_pop_slice/i_popcount/popcount_q_o[3]_i_10/O",1,"",0
"i_p2_pop_slice","gen_lane[2].i_p2_pop_slice_n_7",net,,".",1,"gen_lane[2].i_p2_pop_slice/hsim_total_q[7]_i_1/O",1,"",0
"i_p2_pop_slice","gen_lane[2].i_p2_pop_slice_n_8",net,,".",1,"gen_lane[2].i_p2_pop_slice/hsim_total_q[6]_i_1/O",1,"",0
"i_p2_pop_slice","gen_lane[2].i_p2_pop_slice_n_9",net,,".",1,"gen_lane[2].i_p2_pop_slice/hsim_total_q[5]_i_1/O",1,"",0
"i_p2_pop_slice","gen_lane[3].i_p2_pop_slice/<const1>",net,,"gen_lane[3].i_p2_pop_slice",2,"gen_lane[3].i_p2_pop_slice/VCC/P",2,"3",0
"i_p2_pop_slice","gen_lane[3].i_p2_pop_slice/DI[0]",net,,"gen_lane[3].i_p2_pop_slice",1,"gen_lane[3].i_p2_pop_slice/hsim_total_q[7]_i_21/O",1,"0",0
"i_p2_pop_slice","gen_lane[3].i_p2_pop_slice/DI[1]",net,,"gen_lane[3].i_p2_pop_slice",1,"gen_lane[3].i_p2_pop_slice/hsim_total_q[7]_i_20/O",1,"0",0
"i_p2_pop_slice","gen_lane[3].i_p2_pop_slice/DI[2]",net,,"gen_lane[3].i_p2_pop_slice",1,"gen_lane[3].i_p2_pop_slice/hsim_total_q[7]_i_19/O",1,"0",0
"i_p2_pop_slice","gen_lane[3].i_p2_pop_slice/D[0]",net,,"gen_lane[3].i_p2_pop_slice",1,"i_vrf/popcount_q_o[0]_i_1__2/O",1,"3",0
"i_p2_pop_slice","gen_lane[3].i_p2_pop_slice/D[1]",net,,"gen_lane[3].i_p2_pop_slice",1,"i_vrf/popcount_q_o[1]_i_1__2/O",1,"3",0
"i_p2_pop_slice","gen_lane[3].i_p2_pop_slice/D[2]",net,,"gen_lane[3].i_p2_pop_slice",1,"i_vrf/popcount_q_o[2]_i_1__2/O",1,"3",0
"i_p2_pop_slice","gen_lane[3].i_p2_pop_slice/D[3]",net,,"gen_lane[3].i_p2_pop_slice",1,"i_vrf/popcount_q_o[3]_i_1__2/O",1,"3",0
"i_p2_pop_slice","gen_lane[3].i_p2_pop_slice/D[4]",net,,"gen_lane[3].i_p2_pop_slice",1,"i_vrf/popcount_q_o[4]_i_1__2/O",1,"3",0
"i_p2_pop_slice","gen_lane[3].i_p2_pop_slice/D[5]",net,,"gen_lane[3].i_p2_pop_slice",1,"i_vrf/popcount_q_o[5]_i_1__2/O",1,"3",0
"i_p2_pop_slice","gen_lane[3].i_p2_pop_slice/D[6]",net,,"gen_lane[3].i_p2_pop_slice",1,"i_vrf/popcount_q_o[6]_i_1__2/O",1,"3",0
"i_p2_pop_slice","gen_lane[3].i_p2_pop_slice/E[0]",net,,"gen_lane[3].i_p2_pop_slice",64,"gen_lane[3].i_p2_pop_slice/lane_result_q[3][63]_i_1/O",64,"",0
"i_p2_pop_slice","gen_lane[3].i_p2_pop_slice/Q[0]",net,,"gen_lane[3].i_p2_pop_slice",111,"FSM_onehot_st_q_reg[6]/Q",111,"0;1;2;3",1
"i_p2_pop_slice","gen_lane[3].i_p2_pop_slice/S[0]",net,,"gen_lane[3].i_p2_pop_slice",1,"gen_lane[3].i_p2_pop_slice/hsim_total_q[7]_i_16/O",1,"0",0
"i_p2_pop_slice","gen_lane[3].i_p2_pop_slice/bank_ra_data_o_reg[3][10]",net,,"gen_lane[3].i_p2_pop_slice",3,"gen_lane[3].i_p2_pop_slice/i_popcount/popcount_q_o[6]_i_20/O",3,"3",0
"i_p2_pop_slice","gen_lane[3].i_p2_pop_slice/bank_ra_data_o_reg[3][14]",net,,"gen_lane[3].i_p2_pop_slice",3,"gen_lane[3].i_p2_pop_slice/i_popcount/popcount_q_o[1]_i_11/O",3,"3",0
"i_p2_pop_slice","gen_lane[3].i_p2_pop_slice/bank_ra_data_o_reg[3][15]",net,,"gen_lane[3].i_p2_pop_slice",1,"gen_lane[3].i_p2_pop_slice/i_popcount/popcount_q_o[6]_i_56/O",1,"",0
"i_p2_pop_slice","gen_lane[3].i_p2_pop_slice/bank_ra_data_o_reg[3][18]",net,,"gen_lane[3].i_p2_pop_slice",1,"gen_lane[3].i_p2_pop_slice/i_popcount/popcount_q_o[6]_i_55/O",1,"",0
"i_p2_pop_slice","gen_lane[3].i_p2_pop_slice/bank_ra_data_o_reg[3][19]",net,,"gen_lane[3].i_p2_pop_slice",6,"gen_lane[3].i_p2_pop_slice/i_popcount/popcount_q_o[6]_i_11/O",6,"3",0
"i_p2_pop_slice","gen_lane[3].i_p2_pop_slice/bank_ra_data_o_reg[3][19]_0",net,,"gen_lane[3].i_p2_pop_slice",2,"gen_lane[3].i_p2_pop_slice/i_popcount/popcount_q_o[6]_i_22/O",2,"3",0
"i_p2_pop_slice","gen_lane[3].i_p2_pop_slice/bank_ra_data_o_reg[3][1]",net,,"gen_lane[3].i_p2_pop_slice",3,"gen_lane[3].i_p2_pop_slice/i_popcount/popcount_q_o[3]_i_5/O",3,"3",0
"i_p2_pop_slice","gen_lane[3].i_p2_pop_slice/bank_ra_data_o_reg[3][1]_0",net,,"gen_lane[3].i_p2_pop_slice",3,"gen_lane[3].i_p2_pop_slice/i_popcount/popcount_q_o[3]_i_4/O",3,"3",0
"i_p2_pop_slice","gen_lane[3].i_p2_pop_slice/bank_ra_data_o_reg[3][1]_1",net,,"gen_lane[3].i_p2_pop_slice",2,"gen_lane[3].i_p2_pop_slice/i_popcount/popcount_q_o[1]_i_5/O",2,"3",0
"i_p2_pop_slice","gen_lane[3].i_p2_pop_slice/bank_ra_data_o_reg[3][23]",net,,"gen_lane[3].i_p2_pop_slice",4,"gen_lane[3].i_p2_pop_slice/i_popcount/popcount_q_o[0]_i_3/O",4,"3",0
"i_p2_pop_slice","gen_lane[3].i_p2_pop_slice/bank_ra_data_o_reg[3][23]_0",net,,"gen_lane[3].i_p2_pop_slice",2,"gen_lane[3].i_p2_pop_slice/i_popcount/popcount_q_o[3]_i_8/O",2,"3",0
"i_p2_pop_slice","gen_lane[3].i_p2_pop_slice/bank_ra_data_o_reg[3][24]",net,,"gen_lane[3].i_p2_pop_slice",1,"gen_lane[3].i_p2_pop_slice/i_popcount/popcount_q_o[6]_i_52/O",1,"",0
"i_p2_pop_slice","gen_lane[3].i_p2_pop_slice/bank_ra_data_o_reg[3][27]",net,,"gen_lane[3].i_p2_pop_slice",1,"gen_lane[3].i_p2_pop_slice/i_popcount/popcount_q_o[6]_i_51/O",1,"",0
"i_p2_pop_slice","gen_lane[3].i_p2_pop_slice/bank_ra_data_o_reg[3][32]",net,,"gen_lane[3].i_p2_pop_slice",4,"gen_lane[3].i_p2_pop_slice/i_popcount/popcount_q_o[0]_i_2/O",4,"3",0
"i_p2_pop_slice","gen_lane[3].i_p2_pop_slice/bank_ra_data_o_reg[3][32]_0",net,,"gen_lane[3].i_p2_pop_slice",2,"gen_lane[3].i_p2_pop_slice/i_popcount/popcount_q_o[3]_i_9/O",2,"3",0
"i_p2_pop_slice","gen_lane[3].i_p2_pop_slice/bank_ra_data_o_reg[3][41]",net,,"gen_lane[3].i_p2_pop_slice",4,"gen_lane[3].i_p2_pop_slice/i_popcount/popcount_q_o[0]_i_4/O",4,"3",0
"i_p2_pop_slice","gen_lane[3].i_p2_pop_slice/bank_ra_data_o_reg[3][41]_0",net,,"gen_lane[3].i_p2_pop_slice",3,"gen_lane[3].i_p2_pop_slice/i_popcount/popcount_q_o[3]_i_7/O",3,"3",0
"i_p2_pop_slice","gen_lane[3].i_p2_pop_slice/bank_ra_data_o_reg[3][50]",net,,"gen_lane[3].i_p2_pop_slice",3,"gen_lane[3].i_p2_pop_slice/i_popcount/popcount_q_o[0]_i_5/O",3,"3",0
"i_p2_pop_slice","gen_lane[3].i_p2_pop_slice/bank_ra_data_o_reg[3][55]",net,,"gen_lane[3].i_p2_pop_slice",3,"gen_lane[3].i_p2_pop_slice/i_popcount/popcount_q_o[1]_i_2/O",3,"3",0
"i_p2_pop_slice","gen_lane[3].i_p2_pop_slice/bank_ra_data_o_reg[3][55]_0",net,,"gen_lane[3].i_p2_pop_slice",6,"gen_lane[3].i_p2_pop_slice/i_popcount/popcount_q_o[6]_i_10/O",6,"3",0
"i_p2_pop_slice","gen_lane[3].i_p2_pop_slice/bank_ra_data_o_reg[3][55]_1",net,,"gen_lane[3].i_p2_pop_slice",5,"gen_lane[3].i_p2_pop_slice/i_popcount/popcount_q_o[6]_i_3/O",5,"3",0
"i_p2_pop_slice","gen_lane[3].i_p2_pop_slice/bank_ra_data_o_reg[3][55]_2",net,,"gen_lane[3].i_p2_pop_slice",4,"gen_lane[3].i_p2_pop_slice/i_popcount/popcount_q_o[6]_i_19/O",4,"3",0
"i_p2_pop_slice","gen_lane[3].i_p2_pop_slice/bank_ra_data_o_reg[3][55]_3",net,,"gen_lane[3].i_p2_pop_slice",1,"gen_lane[3].i_p2_pop_slice/i_popcount/popcount_q_o[3]_i_10/O",1,"",0
"i_p2_pop_slice","gen_lane[3].i_p2_pop_slice/bank_ra_data_o_reg[3][58]",net,,"gen_lane[3].i_p2_pop_slice",2,"gen_lane[3].i_p2_pop_slice/i_popcount/popcount_q_o[1]_i_6/O",2,"3",0
"i_p2_pop_slice","gen_lane[3].i_p2_pop_slice/bank_ra_data_o_reg[3][5]",net,,"gen_lane[3].i_p2_pop_slice",3,"gen_lane[3].i_p2_pop_slice/i_popcount/popcount_q_o[1]_i_14/O",3,"3",0
"i_p2_pop_slice","gen_lane[3].i_p2_pop_slice/bank_ra_data_o_reg[3][63]",net,,"gen_lane[3].i_p2_pop_slice",2,"gen_lane[3].i_p2_pop_slice/i_popcount/popcount_q_o[3]_i_11/O",2,"3",0
"i_p2_pop_slice","gen_lane[3].i_p2_pop_slice/bank_ra_data_o_reg[3][6]",net,,"gen_lane[3].i_p2_pop_slice",1,"gen_lane[3].i_p2_pop_slice/i_popcount/popcount_q_o[6]_i_54/O",1,"",0
"i_p2_pop_slice","gen_lane[3].i_p2_pop_slice/bank_ra_data_o_reg[3][9]",net,,"gen_lane[3].i_p2_pop_slice",1,"gen_lane[3].i_p2_pop_slice/i_popcount/popcount_q_o[6]_i_53/O",1,"",0
"i_p2_pop_slice","gen_lane[3].i_p2_pop_slice/clk_i",net,,"gen_lane[3].i_p2_pop_slice",2889,"",2889,"0;1;2;3",1
"i_p2_pop_slice","gen_lane[3].i_p2_pop_slice/hsim_total_q_reg[5][0]",net,,"gen_lane[3].i_p2_pop_slice",1,"gen_lane[3].i_p2_pop_slice/hsim_total_q[7]_i_14/O",1,"0",0
"i_p2_pop_slice","gen_lane[3].i_p2_pop_slice/hsim_total_q_reg[5][1]",net,,"gen_lane[3].i_p2_pop_slice",1,"gen_lane[3].i_p2_pop_slice/hsim_total_q[7]_i_13/O",1,"0",0
"i_p2_pop_slice","gen_lane[3].i_p2_pop_slice/hsim_total_q_reg[5][2]",net,,"gen_lane[3].i_p2_pop_slice",2,"gen_lane[3].i_p2_pop_slice/hsim_total_q[7]_i_12/O",2,"0;3",1
"i_p2_pop_slice","gen_lane[3].i_p2_pop_slice/hsim_total_q_reg[7]_i_3[0]",net,,"gen_lane[3].i_p2_pop_slice",4,"hsim_total_q_reg[0]/Q",4,"0;3",1
"i_p2_pop_slice","gen_lane[3].i_p2_pop_slice/hsim_total_q_reg[7]_i_3[1]",net,,"gen_lane[3].i_p2_pop_slice",4,"hsim_total_q_reg[1]/Q",4,"0;3",1
"i_p2_pop_slice","gen_lane[3].i_p2_pop_slice/hsim_total_q_reg[7]_i_3[2]",net,,"gen_lane[3].i_p2_pop_slice",4,"hsim_total_q_reg[2]/Q",4,"0;3",1
"i_p2_pop_slice","gen_lane[3].i_p2_pop_slice/hsim_total_q_reg[7]_i_3[3]",net,,"gen_lane[3].i_p2_pop_slice",4,"hsim_total_q_reg[3]/Q",4,"0;3",1
"i_p2_pop_slice","gen_lane[3].i_p2_pop_slice/hsim_total_q_reg[7]_i_3[4]",net,,"gen_lane[3].i_p2_pop_slice",4,"hsim_total_q_reg[4]/Q",4,"0;3",1
"i_p2_pop_slice","gen_lane[3].i_p2_pop_slice/hsim_total_q_reg[7]_i_3[5]",net,,"gen_lane[3].i_p2_pop_slice",3,"hsim_total_q_reg[5]/Q",3,"0;3",1
"i_p2_pop_slice","gen_lane[3].i_p2_pop_slice/hsim_total_q_reg[7]_i_3[6]",net,,"gen_lane[3].i_p2_pop_slice",3,"hsim_total_q_reg[6]/Q",3,"0;3",1
"i_p2_pop_slice","gen_lane[3].i_p2_pop_slice/hsim_total_q_reg[7]_i_3_0[0]",net,,"gen_lane[3].i_p2_pop_slice",3,"gen_lane[0].i_p2_pop_slice/popcount_q_o_reg[0]/Q",3,"0;3",1
"i_p2_pop_slice","gen_lane[3].i_p2_pop_slice/hsim_total_q_reg[7]_i_3_0[1]",net,,"gen_lane[3].i_p2_pop_slice",3,"gen_lane[0].i_p2_pop_slice/popcount_q_o_reg[1]/Q",3,"0;3",1
"i_p2_pop_slice","gen_lane[3].i_p2_pop_slice/hsim_total_q_reg[7]_i_3_0[2]",net,,"gen_lane[3].i_p2_pop_slice",3,"gen_lane[0].i_p2_pop_slice/popcount_q_o_reg[2]/Q",3,"0;3",1
"i_p2_pop_slice","gen_lane[3].i_p2_pop_slice/hsim_total_q_reg[7]_i_3_0[3]",net,,"gen_lane[3].i_p2_pop_slice",3,"gen_lane[0].i_p2_pop_slice/popcount_q_o_reg[3]/Q",3,"0;3",1
"i_p2_pop_slice","gen_lane[3].i_p2_pop_slice/hsim_total_q_reg[7]_i_3_0[4]",net,,"gen_lane[3].i_p2_pop_slice",3,"gen_lane[0].i_p2_pop_slice/popcount_q_o_reg[4]/Q",3,"0;3",1
"i_p2_pop_slice","gen_lane[3].i_p2_pop_slice/hsim_total_q_reg[7]_i_3_0[5]",net,,"gen_lane[3].i_p2_pop_slice",2,"gen_lane[0].i_p2_pop_slice/popcount_q_o_reg[5]/Q",2,"0;3",1
"i_p2_pop_slice","gen_lane[3].i_p2_pop_slice/hsim_total_q_reg[7]_i_3_0[6]",net,,"gen_lane[3].i_p2_pop_slice",2,"gen_lane[0].i_p2_pop_slice/popcount_q_o_reg[6]/Q",2,"0;3",1
"i_p2_pop_slice","gen_lane[3].i_p2_pop_slice/i_popcount/bank_ra_data_o_reg[3][10]",net,,"gen_lane[3].i_p2_pop_slice/i_popcount",3,"gen_lane[3].i_p2_pop_slice/i_popcount/popcount_q_o[6]_i_20/O",3,"3",0
"i_p2_pop_slice","gen_lane[3].i_p2_pop_slice/i_popcount/bank_ra_data_o_reg[3][14]",net,,"gen_lane[3].i_p2_pop_slice/i_popcount",3,"gen_lane[3].i_p2_pop_slice/i_popcount/popcount_q_o[1]_i_11/O",3,"3",0
"i_p2_pop_slice","gen_lane[3].i_p2_pop_slice/i_popcount/bank_ra_data_o_reg[3][15]",net,,"gen_lane[3].i_p2_pop_slice/i_popcount",1,"gen_lane[3].i_p2_pop_slice/i_popcount/popcount_q_o[6]_i_56/O",1,"",0
"i_p2_pop_slice","gen_lane[3].i_p2_pop_slice/i_popcount/bank_ra_data_o_reg[3][18]",net,,"gen_lane[3].i_p2_pop_slice/i_popcount",1,"gen_lane[3].i_p2_pop_slice/i_popcount/popcount_q_o[6]_i_55/O",1,"",0
"i_p2_pop_slice","gen_lane[3].i_p2_pop_slice/i_popcount/bank_ra_data_o_reg[3][19]",net,,"gen_lane[3].i_p2_pop_slice/i_popcount",6,"gen_lane[3].i_p2_pop_slice/i_popcount/popcount_q_o[6]_i_11/O",6,"3",0
"i_p2_pop_slice","gen_lane[3].i_p2_pop_slice/i_popcount/bank_ra_data_o_reg[3][19]_0",net,,"gen_lane[3].i_p2_pop_slice/i_popcount",2,"gen_lane[3].i_p2_pop_slice/i_popcount/popcount_q_o[6]_i_22/O",2,"3",0
"i_p2_pop_slice","gen_lane[3].i_p2_pop_slice/i_popcount/bank_ra_data_o_reg[3][1]",net,,"gen_lane[3].i_p2_pop_slice/i_popcount",3,"gen_lane[3].i_p2_pop_slice/i_popcount/popcount_q_o[3]_i_5/O",3,"3",0
"i_p2_pop_slice","gen_lane[3].i_p2_pop_slice/i_popcount/bank_ra_data_o_reg[3][1]_0",net,,"gen_lane[3].i_p2_pop_slice/i_popcount",3,"gen_lane[3].i_p2_pop_slice/i_popcount/popcount_q_o[3]_i_4/O",3,"3",0
"i_p2_pop_slice","gen_lane[3].i_p2_pop_slice/i_popcount/bank_ra_data_o_reg[3][1]_1",net,,"gen_lane[3].i_p2_pop_slice/i_popcount",2,"gen_lane[3].i_p2_pop_slice/i_popcount/popcount_q_o[1]_i_5/O",2,"3",0
"i_p2_pop_slice","gen_lane[3].i_p2_pop_slice/i_popcount/bank_ra_data_o_reg[3][23]",net,,"gen_lane[3].i_p2_pop_slice/i_popcount",4,"gen_lane[3].i_p2_pop_slice/i_popcount/popcount_q_o[0]_i_3/O",4,"3",0
"i_p2_pop_slice","gen_lane[3].i_p2_pop_slice/i_popcount/bank_ra_data_o_reg[3][23]_0",net,,"gen_lane[3].i_p2_pop_slice/i_popcount",2,"gen_lane[3].i_p2_pop_slice/i_popcount/popcount_q_o[3]_i_8/O",2,"3",0
"i_p2_pop_slice","gen_lane[3].i_p2_pop_slice/i_popcount/bank_ra_data_o_reg[3][24]",net,,"gen_lane[3].i_p2_pop_slice/i_popcount",1,"gen_lane[3].i_p2_pop_slice/i_popcount/popcount_q_o[6]_i_52/O",1,"",0
"i_p2_pop_slice","gen_lane[3].i_p2_pop_slice/i_popcount/bank_ra_data_o_reg[3][27]",net,,"gen_lane[3].i_p2_pop_slice/i_popcount",1,"gen_lane[3].i_p2_pop_slice/i_popcount/popcount_q_o[6]_i_51/O",1,"",0
"i_p2_pop_slice","gen_lane[3].i_p2_pop_slice/i_popcount/bank_ra_data_o_reg[3][32]",net,,"gen_lane[3].i_p2_pop_slice/i_popcount",4,"gen_lane[3].i_p2_pop_slice/i_popcount/popcount_q_o[0]_i_2/O",4,"3",0
"i_p2_pop_slice","gen_lane[3].i_p2_pop_slice/i_popcount/bank_ra_data_o_reg[3][32]_0",net,,"gen_lane[3].i_p2_pop_slice/i_popcount",2,"gen_lane[3].i_p2_pop_slice/i_popcount/popcount_q_o[3]_i_9/O",2,"3",0
"i_p2_pop_slice","gen_lane[3].i_p2_pop_slice/i_popcount/bank_ra_data_o_reg[3][41]",net,,"gen_lane[3].i_p2_pop_slice/i_popcount",4,"gen_lane[3].i_p2_pop_slice/i_popcount/popcount_q_o[0]_i_4/O",4,"3",0
"i_p2_pop_slice","gen_lane[3].i_p2_pop_slice/i_popcount/bank_ra_data_o_reg[3][41]_0",net,,"gen_lane[3].i_p2_pop_slice/i_popcount",3,"gen_lane[3].i_p2_pop_slice/i_popcount/popcount_q_o[3]_i_7/O",3,"3",0
"i_p2_pop_slice","gen_lane[3].i_p2_pop_slice/i_popcount/bank_ra_data_o_reg[3][50]",net,,"gen_lane[3].i_p2_pop_slice/i_popcount",3,"gen_lane[3].i_p2_pop_slice/i_popcount/popcount_q_o[0]_i_5/O",3,"3",0
"i_p2_pop_slice","gen_lane[3].i_p2_pop_slice/i_popcount/bank_ra_data_o_reg[3][55]",net,,"gen_lane[3].i_p2_pop_slice/i_popcount",3,"gen_lane[3].i_p2_pop_slice/i_popcount/popcount_q_o[1]_i_2/O",3,"3",0
"i_p2_pop_slice","gen_lane[3].i_p2_pop_slice/i_popcount/bank_ra_data_o_reg[3][55]_0",net,,"gen_lane[3].i_p2_pop_slice/i_popcount",6,"gen_lane[3].i_p2_pop_slice/i_popcount/popcount_q_o[6]_i_10/O",6,"3",0
"i_p2_pop_slice","gen_lane[3].i_p2_pop_slice/i_popcount/bank_ra_data_o_reg[3][55]_1",net,,"gen_lane[3].i_p2_pop_slice/i_popcount",5,"gen_lane[3].i_p2_pop_slice/i_popcount/popcount_q_o[6]_i_3/O",5,"3",0
"i_p2_pop_slice","gen_lane[3].i_p2_pop_slice/i_popcount/bank_ra_data_o_reg[3][55]_2",net,,"gen_lane[3].i_p2_pop_slice/i_popcount",4,"gen_lane[3].i_p2_pop_slice/i_popcount/popcount_q_o[6]_i_19/O",4,"3",0
"i_p2_pop_slice","gen_lane[3].i_p2_pop_slice/i_popcount/bank_ra_data_o_reg[3][55]_3",net,,"gen_lane[3].i_p2_pop_slice/i_popcount",1,"gen_lane[3].i_p2_pop_slice/i_popcount/popcount_q_o[3]_i_10/O",1,"",0
"i_p2_pop_slice","gen_lane[3].i_p2_pop_slice/i_popcount/bank_ra_data_o_reg[3][58]",net,,"gen_lane[3].i_p2_pop_slice/i_popcount",2,"gen_lane[3].i_p2_pop_slice/i_popcount/popcount_q_o[1]_i_6/O",2,"3",0
"i_p2_pop_slice","gen_lane[3].i_p2_pop_slice/i_popcount/bank_ra_data_o_reg[3][5]",net,,"gen_lane[3].i_p2_pop_slice/i_popcount",3,"gen_lane[3].i_p2_pop_slice/i_popcount/popcount_q_o[1]_i_14/O",3,"3",0
"i_p2_pop_slice","gen_lane[3].i_p2_pop_slice/i_popcount/bank_ra_data_o_reg[3][63]",net,,"gen_lane[3].i_p2_pop_slice/i_popcount",2,"gen_lane[3].i_p2_pop_slice/i_popcount/popcount_q_o[3]_i_11/O",2,"3",0
"i_p2_pop_slice","gen_lane[3].i_p2_pop_slice/i_popcount/bank_ra_data_o_reg[3][6]",net,,"gen_lane[3].i_p2_pop_slice/i_popcount",1,"gen_lane[3].i_p2_pop_slice/i_popcount/popcount_q_o[6]_i_54/O",1,"",0
"i_p2_pop_slice","gen_lane[3].i_p2_pop_slice/i_popcount/bank_ra_data_o_reg[3][9]",net,,"gen_lane[3].i_p2_pop_slice/i_popcount",1,"gen_lane[3].i_p2_pop_slice/i_popcount/popcount_q_o[6]_i_53/O",1,"",0
"i_p2_pop_slice","gen_lane[3].i_p2_pop_slice/i_popcount/lane_bool_result[3][0]",net,,"gen_lane[3].i_p2_pop_slice/i_popcount",4,"i_vrf/popcount_q_o[0]_i_30__2/O",4,"3",0
"i_p2_pop_slice","gen_lane[3].i_p2_pop_slice/i_popcount/lane_bool_result[3][10]",net,,"gen_lane[3].i_p2_pop_slice/i_popcount",4,"i_vrf/lane_result_q[3][16]_i_5/O",4,"3",0
"i_p2_pop_slice","gen_lane[3].i_p2_pop_slice/i_popcount/lane_bool_result[3][11]",net,,"gen_lane[3].i_p2_pop_slice/i_popcount",4,"i_vrf/lane_result_q[3][17]_i_5/O",4,"3",0
"i_p2_pop_slice","gen_lane[3].i_p2_pop_slice/i_popcount/lane_bool_result[3][12]",net,,"gen_lane[3].i_p2_pop_slice/i_popcount",4,"i_vrf/lane_result_q[3][18]_i_5/O",4,"3",0
"i_p2_pop_slice","gen_lane[3].i_p2_pop_slice/i_popcount/lane_bool_result[3][13]",net,,"gen_lane[3].i_p2_pop_slice/i_popcount",6,"i_vrf/popcount_q_o[0]_i_14__2/O",6,"3",0
"i_p2_pop_slice","gen_lane[3].i_p2_pop_slice/i_popcount/lane_bool_result[3][14]",net,,"gen_lane[3].i_p2_pop_slice/i_popcount",6,"i_vrf/popcount_q_o[0]_i_13__2/O",6,"3",0
"i_p2_pop_slice","gen_lane[3].i_p2_pop_slice/i_popcount/lane_bool_result[3][15]",net,,"gen_lane[3].i_p2_pop_slice/i_popcount",6,"i_vrf/popcount_q_o[0]_i_15__2/O",6,"3",0
"i_p2_pop_slice","gen_lane[3].i_p2_pop_slice/i_popcount/lane_bool_result[3][16]",net,,"gen_lane[3].i_p2_pop_slice/i_popcount",5,"i_vrf/lane_result_q[3][25]_i_5/O",5,"3",0
"i_p2_pop_slice","gen_lane[3].i_p2_pop_slice/i_popcount/lane_bool_result[3][17]",net,,"gen_lane[3].i_p2_pop_slice/i_popcount",5,"i_vrf/lane_result_q[3][26]_i_5/O",5,"3",0
"i_p2_pop_slice","gen_lane[3].i_p2_pop_slice/i_popcount/lane_bool_result[3][18]",net,,"gen_lane[3].i_p2_pop_slice/i_popcount",5,"i_vrf/lane_result_q[3][27]_i_5/O",5,"3",0
"i_p2_pop_slice","gen_lane[3].i_p2_pop_slice/i_popcount/lane_bool_result[3][19]",net,,"gen_lane[3].i_p2_pop_slice/i_popcount",5,"i_vrf/lane_result_q[3][28]_i_5/O",5,"3",0
"i_p2_pop_slice","gen_lane[3].i_p2_pop_slice/i_popcount/lane_bool_result[3][1]",net,,"gen_lane[3].i_p2_pop_slice/i_popcount",5,"i_vrf/lane_result_q[3][4]_i_5/O",5,"3",0
"i_p2_pop_slice","gen_lane[3].i_p2_pop_slice/i_popcount/lane_bool_result[3][20]",net,,"gen_lane[3].i_p2_pop_slice/i_popcount",5,"i_vrf/lane_result_q[3][29]_i_5/O",5,"3",0
"i_p2_pop_slice","gen_lane[3].i_p2_pop_slice/i_popcount/lane_bool_result[3][21]",net,,"gen_lane[3].i_p2_pop_slice/i_popcount",5,"i_vrf/lane_result_q[3][30]_i_5/O",5,"3",0
"i_p2_pop_slice","gen_lane[3].i_p2_pop_slice/i_popcount/lane_bool_result[3][22]",net,,"gen_lane[3].i_p2_pop_slice/i_popcount",6,"i_vrf/popcount_q_o[0]_i_9__2/O",6,"3",0
"i_p2_pop_slice","gen_lane[3].i_p2_pop_slice/i_popcount/lane_bool_result[3][23]",net,,"gen_lane[3].i_p2_pop_slice/i_popcount",6,"i_vrf/popcount_q_o[0]_i_8__2/O",6,"3",0
"i_p2_pop_slice","gen_lane[3].i_p2_pop_slice/i_popcount/lane_bool_result[3][24]",net,,"gen_lane[3].i_p2_pop_slice/i_popcount",6,"i_vrf/popcount_q_o[0]_i_10__2/O",6,"3",0
"i_p2_pop_slice","gen_lane[3].i_p2_pop_slice/i_popcount/lane_bool_result[3][25]",net,,"gen_lane[3].i_p2_pop_slice/i_popcount",5,"i_vrf/lane_result_q[3][34]_i_6/O",5,"3",0
"i_p2_pop_slice","gen_lane[3].i_p2_pop_slice/i_popcount/lane_bool_result[3][26]",net,,"gen_lane[3].i_p2_pop_slice/i_popcount",5,"i_vrf/lane_result_q[3][35]_i_6/O",5,"3",0
"i_p2_pop_slice","gen_lane[3].i_p2_pop_slice/i_popcount/lane_bool_result[3][27]",net,,"gen_lane[3].i_p2_pop_slice/i_popcount",5,"i_vrf/lane_result_q[3][36]_i_6/O",5,"3",0
"i_p2_pop_slice","gen_lane[3].i_p2_pop_slice/i_popcount/lane_bool_result[3][28]",net,,"gen_lane[3].i_p2_pop_slice/i_popcount",5,"i_vrf/lane_result_q[3][37]_i_6/O",5,"3",0
"i_p2_pop_slice","gen_lane[3].i_p2_pop_slice/i_popcount/lane_bool_result[3][29]",net,,"gen_lane[3].i_p2_pop_slice/i_popcount",5,"i_vrf/lane_result_q[3][38]_i_6/O",5,"3",0
"i_p2_pop_slice","gen_lane[3].i_p2_pop_slice/i_popcount/lane_bool_result[3][2]",net,,"gen_lane[3].i_p2_pop_slice/i_popcount",5,"i_vrf/lane_result_q[3][5]_i_5/O",5,"3",0
"i_p2_pop_slice","gen_lane[3].i_p2_pop_slice/i_popcount/lane_bool_result[3][30]",net,,"gen_lane[3].i_p2_pop_slice/i_popcount",5,"i_vrf/lane_result_q[3][39]_i_6/O",5,"3",0
"i_p2_pop_slice","gen_lane[3].i_p2_pop_slice/i_popcount/lane_bool_result[3][31]",net,,"gen_lane[3].i_p2_pop_slice/i_popcount",6,"i_vrf/popcount_q_o[0]_i_19__2/O",6,"3",0
"i_p2_pop_slice","gen_lane[3].i_p2_pop_slice/i_popcount/lane_bool_result[3][32]",net,,"gen_lane[3].i_p2_pop_slice/i_popcount",6,"i_vrf/popcount_q_o[0]_i_18__2/O",6,"3",0
"i_p2_pop_slice","gen_lane[3].i_p2_pop_slice/i_popcount/lane_bool_result[3][33]",net,,"gen_lane[3].i_p2_pop_slice/i_popcount",6,"i_vrf/popcount_q_o[0]_i_20__2/O",6,"3",0
"i_p2_pop_slice","gen_lane[3].i_p2_pop_slice/i_popcount/lane_bool_result[3][34]",net,,"gen_lane[3].i_p2_pop_slice/i_popcount",5,"i_vrf/lane_result_q[3][43]_i_6/O",5,"3",0
"i_p2_pop_slice","gen_lane[3].i_p2_pop_slice/i_popcount/lane_bool_result[3][35]",net,,"gen_lane[3].i_p2_pop_slice/i_popcount",5,"i_vrf/lane_result_q[3][44]_i_6/O",5,"3",0
"i_p2_pop_slice","gen_lane[3].i_p2_pop_slice/i_popcount/lane_bool_result[3][36]",net,,"gen_lane[3].i_p2_pop_slice/i_popcount",5,"i_vrf/lane_result_q[3][45]_i_6/O",5,"3",0
"i_p2_pop_slice","gen_lane[3].i_p2_pop_slice/i_popcount/lane_bool_result[3][37]",net,,"gen_lane[3].i_p2_pop_slice/i_popcount",5,"i_vrf/lane_result_q[3][46]_i_6/O",5,"3",0
"i_p2_pop_slice","gen_lane[3].i_p2_pop_slice/i_popcount/lane_bool_result[3][38]",net,,"gen_lane[3].i_p2_pop_slice/i_popcount",5,"i_vrf/lane_result_q[3][47]_i_6/O",5,"3",0
"i_p2_pop_slice","gen_lane[3].i_p2_pop_slice/i_popcount/lane_bool_result[3][39]",net,,"gen_lane[3].i_p2_pop_slice/i_popcount",5,"i_vrf/lane_result_q[3][48]_i_6/O",5,"3",0
"i_p2_pop_slice","gen_lane[3].i_p2_pop_slice/i_popcount/lane_bool_result[3][3]",net,,"gen_lane[3].i_p2_pop_slice/i_popcount",5,"i_vrf/lane_result_q[3][6]_i_5/O",5,"3",0
"i_p2_pop_slice","gen_lane[3].i_p2_pop_slice/i_popcount/lane_bool_result[3][40]",net,,"gen_lane[3].i_p2_pop_slice/i_popcount",5,"i_vrf/popcount_q_o[0]_i_24__2/O",5,"3",0
"i_p2_pop_slice","gen_lane[3].i_p2_pop_slice/i_popcount/lane_bool_result[3][41]",net,,"gen_lane[3].i_p2_pop_slice/i_popcount",5,"i_vrf/popcount_q_o[0]_i_23__2/O",5,"3",0
"i_p2_pop_slice","gen_lane[3].i_p2_pop_slice/i_popcount/lane_bool_result[3][42]",net,,"gen_lane[3].i_p2_pop_slice/i_popcount",5,"i_vrf/popcount_q_o[0]_i_25__2/O",5,"3",0
"i_p2_pop_slice","gen_lane[3].i_p2_pop_slice/i_popcount/lane_bool_result[3][43]",net,,"gen_lane[3].i_p2_pop_slice/i_popcount",4,"i_vrf/lane_result_q[3][52]_i_6/O",4,"3",0
"i_p2_pop_slice","gen_lane[3].i_p2_pop_slice/i_popcount/lane_bool_result[3][44]",net,,"gen_lane[3].i_p2_pop_slice/i_popcount",4,"i_vrf/lane_result_q[3][53]_i_6/O",4,"3",0
"i_p2_pop_slice","gen_lane[3].i_p2_pop_slice/i_popcount/lane_bool_result[3][45]",net,,"gen_lane[3].i_p2_pop_slice/i_popcount",4,"i_vrf/lane_result_q[3][54]_i_6/O",4,"3",0
"i_p2_pop_slice","gen_lane[3].i_p2_pop_slice/i_popcount/lane_bool_result[3][4]",net,,"gen_lane[3].i_p2_pop_slice/i_popcount",4,"i_vrf/lane_result_q[3][7]_i_5/O",4,"3",0
"i_p2_pop_slice","gen_lane[3].i_p2_pop_slice/i_popcount/lane_bool_result[3][5]",net,,"gen_lane[3].i_p2_pop_slice/i_popcount",4,"i_vrf/lane_result_q[3][8]_i_5/O",4,"3",0
"i_p2_pop_slice","gen_lane[3].i_p2_pop_slice/i_popcount/lane_bool_result[3][6]",net,,"gen_lane[3].i_p2_pop_slice/i_popcount",4,"i_vrf/lane_result_q[3][9]_i_5/O",4,"3",0
"i_p2_pop_slice","gen_lane[3].i_p2_pop_slice/i_popcount/lane_bool_result[3][7]",net,,"gen_lane[3].i_p2_pop_slice/i_popcount",5,"i_vrf/lane_result_q[3][13]_i_5/O",5,"3",0
"i_p2_pop_slice","gen_lane[3].i_p2_pop_slice/i_popcount/lane_bool_result[3][8]",net,,"gen_lane[3].i_p2_pop_slice/i_popcount",5,"i_vrf/lane_result_q[3][14]_i_5/O",5,"3",0
"i_p2_pop_slice","gen_lane[3].i_p2_pop_slice/i_popcount/lane_bool_result[3][9]",net,,"gen_lane[3].i_p2_pop_slice/i_popcount",5,"i_vrf/lane_result_q[3][15]_i_5/O",5,"3",0
"i_p2_pop_slice","gen_lane[3].i_p2_pop_slice/i_popcount/popcount_q_o[0]_i_11_n_0",net,,"gen_lane[3].i_p2_pop_slice/i_popcount",3,"gen_lane[3].i_p2_pop_slice/i_popcount/popcount_q_o[0]_i_11/O",3,"3",0
"i_p2_pop_slice","gen_lane[3].i_p2_pop_slice/i_popcount/popcount_q_o[0]_i_12_n_0",net,,"gen_lane[3].i_p2_pop_slice/i_popcount",3,"gen_lane[3].i_p2_pop_slice/i_popcount/popcount_q_o[0]_i_12/O",3,"3",0
"i_p2_pop_slice","gen_lane[3].i_p2_pop_slice/i_popcount/popcount_q_o[0]_i_16_n_0",net,,"gen_lane[3].i_p2_pop_slice/i_popcount",3,"gen_lane[3].i_p2_pop_slice/i_popcount/popcount_q_o[0]_i_16/O",3,"3",0
"i_p2_pop_slice","gen_lane[3].i_p2_pop_slice/i_popcount/popcount_q_o[0]_i_17_n_0",net,,"gen_lane[3].i_p2_pop_slice/i_popcount",3,"gen_lane[3].i_p2_pop_slice/i_popcount/popcount_q_o[0]_i_17/O",3,"3",0
"i_p2_pop_slice","gen_lane[3].i_p2_pop_slice/i_popcount/popcount_q_o[0]_i_21_n_0",net,,"gen_lane[3].i_p2_pop_slice/i_popcount",2,"gen_lane[3].i_p2_pop_slice/i_popcount/popcount_q_o[0]_i_21/O",2,"3",0
"i_p2_pop_slice","gen_lane[3].i_p2_pop_slice/i_popcount/popcount_q_o[0]_i_22_n_0",net,,"gen_lane[3].i_p2_pop_slice/i_popcount",2,"gen_lane[3].i_p2_pop_slice/i_popcount/popcount_q_o[0]_i_22/O",2,"3",0
"i_p2_pop_slice","gen_lane[3].i_p2_pop_slice/i_popcount/popcount_q_o[0]_i_27_n_0",net,,"gen_lane[3].i_p2_pop_slice/i_popcount",3,"gen_lane[3].i_p2_pop_slice/i_popcount/popcount_q_o[0]_i_27/O",3,"3",0
"i_p2_pop_slice","gen_lane[3].i_p2_pop_slice/i_popcount/popcount_q_o[0]_i_7__2",net,,"gen_lane[3].i_p2_pop_slice/i_popcount",2,"i_vrf/popcount_q_o[1]_i_19__2/O",2,"3",0
"i_p2_pop_slice","gen_lane[3].i_p2_pop_slice/i_popcount/popcount_q_o[0]_i_7__2_0",net,,"gen_lane[3].i_p2_pop_slice/i_popcount",2,"i_vrf/popcount_q_o[1]_i_21__2/O",2,"3",0
"i_p2_pop_slice","gen_lane[3].i_p2_pop_slice/i_popcount/popcount_q_o[1]_i_10_n_0",net,,"gen_lane[3].i_p2_pop_slice/i_popcount",1,"gen_lane[3].i_p2_pop_slice/i_popcount/popcount_q_o[1]_i_10/O",1,"3",0
"i_p2_pop_slice","gen_lane[3].i_p2_pop_slice/i_popcount/popcount_q_o[1]_i_15_n_0",net,,"gen_lane[3].i_p2_pop_slice/i_popcount",2,"gen_lane[3].i_p2_pop_slice/i_popcount/popcount_q_o[1]_i_15/O",2,"3",0
"i_p2_pop_slice","gen_lane[3].i_p2_pop_slice/i_popcount/popcount_q_o[1]_i_16_0",net,,"gen_lane[3].i_p2_pop_slice/i_popcount",3,"gen_lane[3].i_p2_pop_slice/i_popcount/popcount_q_o[1]_i_4/O",3,"3",0
"i_p2_pop_slice","gen_lane[3].i_p2_pop_slice/i_popcount/popcount_q_o[1]_i_16_n_0",net,,"gen_lane[3].i_p2_pop_slice/i_popcount",2,"gen_lane[3].i_p2_pop_slice/i_popcount/popcount_q_o[1]_i_16/O",2,"3",0
"i_p2_pop_slice","gen_lane[3].i_p2_pop_slice/i_popcount/popcount_q_o[1]_i_18_n_0",net,,"gen_lane[3].i_p2_pop_slice/i_popcount",1,"gen_lane[3].i_p2_pop_slice/i_popcount/popcount_q_o[1]_i_18/O",1,"3",0
"i_p2_pop_slice","gen_lane[3].i_p2_pop_slice/i_popcount/popcount_q_o[1]_i_20_n_0",net,,"gen_lane[3].i_p2_pop_slice/i_popcount",2,"gen_lane[3].i_p2_pop_slice/i_popcount/popcount_q_o[1]_i_20/O",2,"3",0
"i_p2_pop_slice","gen_lane[3].i_p2_pop_slice/i_popcount/popcount_q_o[1]_i_22_n_0",net,,"gen_lane[3].i_p2_pop_slice/i_popcount",2,"gen_lane[3].i_p2_pop_slice/i_popcount/popcount_q_o[1]_i_22/O",2,"3",0
"i_p2_pop_slice","gen_lane[3].i_p2_pop_slice/i_popcount/popcount_q_o[1]_i_23_n_0",net,,"gen_lane[3].i_p2_pop_slice/i_popcount",2,"gen_lane[3].i_p2_pop_slice/i_popcount/popcount_q_o[1]_i_23/O",2,"3",0
"i_p2_pop_slice","gen_lane[3].i_p2_pop_slice/i_popcount/popcount_q_o[1]_i_24_n_0",net,,"gen_lane[3].i_p2_pop_slice/i_popcount",2,"gen_lane[3].i_p2_pop_slice/i_popcount/popcount_q_o[1]_i_24/O",2,"3",0
"i_p2_pop_slice","gen_lane[3].i_p2_pop_slice/i_popcount/popcount_q_o[1]_i_25_n_0",net,,"gen_lane[3].i_p2_pop_slice/i_popcount",1,"gen_lane[3].i_p2_pop_slice/i_popcount/popcount_q_o[1]_i_25/O",1,"3",0
"i_p2_pop_slice","gen_lane[3].i_p2_pop_slice/i_popcount/popcount_q_o[1]_i_26_n_0",net,,"gen_lane[3].i_p2_pop_slice/i_popcount",1,"gen_lane[3].i_p2_pop_slice/i_popcount/popcount_q_o[1]_i_26/O",1,"3",0
"i_p2_pop_slice","gen_lane[3].i_p2_pop_slice/i_popcount/popcount_q_o[1]_i_27_n_0",net,,"gen_lane[3].i_p2_pop_slice/i_popcount",1,"gen_lane[3].i_p2_pop_slice/i_popcount/popcount_q_o[1]_i_27/O",1,"3",0
"i_p2_pop_slice","gen_lane[3].i_p2_pop_slice/i_popcount/popcount_q_o[1]_i_28_n_0",net,,"gen_lane[3].i_p2_pop_slice/i_popcount",1,"gen_lane[3].i_p2_pop_slice/i_popcount/popcount_q_o[1]_i_28/O",1,"3",0
"i_p2_pop_slice","gen_lane[3].i_p2_pop_slice/i_popcount/popcount_q_o[1]_i_4_0",net,,"gen_lane[3].i_p2_pop_slice/i_popcount",2,"i_vrf/popcount_q_o[6]_i_44__2/O",2,"3",0
"i_p2_pop_slice","gen_lane[3].i_p2_pop_slice/i_popcount/popcount_q_o[1]_i_4_1",net,,"gen_lane[3].i_p2_pop_slice/i_popcount",2,"i_vrf/popcount_q_o[6]_i_45__2/O",2,"3",0
"i_p2_pop_slice","gen_lane[3].i_p2_pop_slice/i_popcount/popcount_q_o[1]_i_4_2",net,,"gen_lane[3].i_p2_pop_slice/i_popcount",2,"i_vrf/popcount_q_o[6]_i_47__2/O",2,"3",0
"i_p2_pop_slice","gen_lane[3].i_p2_pop_slice/i_popcount/popcount_q_o[1]_i_7_n_0",net,,"gen_lane[3].i_p2_pop_slice/i_popcount",3,"gen_lane[3].i_p2_pop_slice/i_popcount/popcount_q_o[1]_i_7/O",3,"3",0
"i_p2_pop_slice","gen_lane[3].i_p2_pop_slice/i_popcount/popcount_q_o[1]_i_9_n_0",net,,"gen_lane[3].i_p2_pop_slice/i_popcount",3,"gen_lane[3].i_p2_pop_slice/i_popcount/popcount_q_o[1]_i_9/O",3,"3",0
"i_p2_pop_slice","gen_lane[3].i_p2_pop_slice/i_popcount/popcount_q_o[3]_i_2__2",net,,"gen_lane[3].i_p2_pop_slice/i_popcount",3,"i_vrf/popcount_q_o[0]_i_31__2/O",3,"3",0
"i_p2_pop_slice","gen_lane[3].i_p2_pop_slice/i_popcount/popcount_q_o[3]_i_2__2_0",net,,"gen_lane[3].i_p2_pop_slice/i_popcount",2,"i_vrf/popcount_q_o[6]_i_28__2/O",2,"3",0
"i_p2_pop_slice","gen_lane[3].i_p2_pop_slice/i_popcount/popcount_q_o[3]_i_9_0",net,,"gen_lane[3].i_p2_pop_slice/i_popcount",6,"gen_lane[3].i_p2_pop_slice/i_popcount/popcount_q_o[6]_i_12/O",6,"3",0
"i_p2_pop_slice","gen_lane[3].i_p2_pop_slice/i_popcount/popcount_q_o[4]_i_2__2",net,,"gen_lane[3].i_p2_pop_slice/i_popcount",3,"i_vrf/popcount_q_o[6]_i_24__2/O",3,"3",0
"i_p2_pop_slice","gen_lane[3].i_p2_pop_slice/i_popcount/popcount_q_o[4]_i_2__2_0",net,,"gen_lane[3].i_p2_pop_slice/i_popcount",3,"i_vrf/popcount_q_o[6]_i_25__2/O",3,"3",0
"i_p2_pop_slice","gen_lane[3].i_p2_pop_slice/i_popcount/popcount_q_o[4]_i_2__2_1",net,,"gen_lane[3].i_p2_pop_slice/i_popcount",3,"i_vrf/popcount_q_o[6]_i_26__2/O",3,"3",0
"i_p2_pop_slice","gen_lane[3].i_p2_pop_slice/i_popcount/popcount_q_o[6]_i_12_0",net,,"gen_lane[3].i_p2_pop_slice/i_popcount",3,"gen_lane[3].i_p2_pop_slice/i_popcount/popcount_q_o[3]_i_3/O",3,"3",0
"i_p2_pop_slice","gen_lane[3].i_p2_pop_slice/i_popcount/popcount_q_o[6]_i_12_1",net,,"gen_lane[3].i_p2_pop_slice/i_popcount",5,"gen_lane[3].i_p2_pop_slice/i_popcount/popcount_q_o[6]_i_2/O",5,"3",0
"i_p2_pop_slice","gen_lane[3].i_p2_pop_slice/i_popcount/popcount_q_o[6]_i_12_2",net,,"gen_lane[3].i_p2_pop_slice/i_popcount",4,"gen_lane[3].i_p2_pop_slice/i_popcount/popcount_q_o[6]_i_4/O",4,"3",0
"i_p2_pop_slice","gen_lane[3].i_p2_pop_slice/i_popcount/popcount_q_o[6]_i_13_n_0",net,,"gen_lane[3].i_p2_pop_slice/i_popcount",3,"gen_lane[3].i_p2_pop_slice/i_popcount/popcount_q_o[6]_i_13/O",3,"3",0
"i_p2_pop_slice","gen_lane[3].i_p2_pop_slice/i_popcount/popcount_q_o[6]_i_15_n_0",net,,"gen_lane[3].i_p2_pop_slice/i_popcount",5,"gen_lane[3].i_p2_pop_slice/i_popcount/popcount_q_o[6]_i_15/O",5,"3",0
"i_p2_pop_slice","gen_lane[3].i_p2_pop_slice/i_popcount/popcount_q_o[6]_i_16_n_0",net,,"gen_lane[3].i_p2_pop_slice/i_popcount",2,"gen_lane[3].i_p2_pop_slice/i_popcount/popcount_q_o[6]_i_16/O",2,"3",0
"i_p2_pop_slice","gen_lane[3].i_p2_pop_slice/i_popcount/popcount_q_o[6]_i_17_n_0",net,,"gen_lane[3].i_p2_pop_slice/i_popcount",2,"gen_lane[3].i_p2_pop_slice/i_popcount/popcount_q_o[6]_i_17/O",2,"3",0
"i_p2_pop_slice","gen_lane[3].i_p2_pop_slice/i_popcount/popcount_q_o[6]_i_18_n_0",net,,"gen_lane[3].i_p2_pop_slice/i_popcount",2,"gen_lane[3].i_p2_pop_slice/i_popcount/popcount_q_o[6]_i_18/O",2,"3",0
"i_p2_pop_slice","gen_lane[3].i_p2_pop_slice/i_popcount/popcount_q_o[6]_i_22_0",net,,"gen_lane[3].i_p2_pop_slice/i_popcount",2,"gen_lane[3].i_p2_pop_slice/i_popcount/popcount_q_o[6]_i_5/O",2,"",0
"i_p2_pop_slice","gen_lane[3].i_p2_pop_slice/i_popcount/popcount_q_o[6]_i_23_0",net,,"gen_lane[3].i_p2_pop_slice/i_popcount",3,"gen_lane[3].i_p2_pop_slice/i_popcount/popcount_q_o[6]_i_7/O",3,"",0
"i_p2_pop_slice","gen_lane[3].i_p2_pop_slice/i_popcount/popcount_q_o[6]_i_23_n_0",net,,"gen_lane[3].i_p2_pop_slice/i_popcount",1,"gen_lane[3].i_p2_pop_slice/i_popcount/popcount_q_o[6]_i_23/O",1,"3",0
"i_p2_pop_slice","gen_lane[3].i_p2_pop_slice/i_popcount/popcount_q_o[6]_i_27_n_0",net,,"gen_lane[3].i_p2_pop_slice/i_popcount",2,"gen_lane[3].i_p2_pop_slice/i_popcount/popcount_q_o[6]_i_27/O",2,"3",0
"i_p2_pop_slice","gen_lane[3].i_p2_pop_slice/i_popcount/popcount_q_o[6]_i_31_n_0",net,,"gen_lane[3].i_p2_pop_slice/i_popcount",1,"gen_lane[3].i_p2_pop_slice/i_popcount/popcount_q_o[6]_i_31/O",1,"3",0
"i_p2_pop_slice","gen_lane[3].i_p2_pop_slice/i_popcount/popcount_q_o[6]_i_32_n_0",net,,"gen_lane[3].i_p2_pop_slice/i_popcount",1,"gen_lane[3].i_p2_pop_slice/i_popcount/popcount_q_o[6]_i_32/O",1,"3",0
"i_p2_pop_slice","gen_lane[3].i_p2_pop_slice/i_popcount/popcount_q_o[6]_i_33_n_0",net,,"gen_lane[3].i_p2_pop_slice/i_popcount",2,"gen_lane[3].i_p2_pop_slice/i_popcount/popcount_q_o[6]_i_33/O",2,"3",0
"i_p2_pop_slice","gen_lane[3].i_p2_pop_slice/i_popcount/popcount_q_o[6]_i_34_n_0",net,,"gen_lane[3].i_p2_pop_slice/i_popcount",2,"gen_lane[3].i_p2_pop_slice/i_popcount/popcount_q_o[6]_i_34/O",2,"3",0
"i_p2_pop_slice","gen_lane[3].i_p2_pop_slice/i_popcount/popcount_q_o[6]_i_35_n_0",net,,"gen_lane[3].i_p2_pop_slice/i_popcount",3,"gen_lane[3].i_p2_pop_slice/i_popcount/popcount_q_o[6]_i_35/O",3,"3",0
"i_p2_pop_slice","gen_lane[3].i_p2_pop_slice/i_popcount/popcount_q_o[6]_i_36_n_0",net,,"gen_lane[3].i_p2_pop_slice/i_popcount",2,"gen_lane[3].i_p2_pop_slice/i_popcount/popcount_q_o[6]_i_36/O",2,"3",0
"i_p2_pop_slice","gen_lane[3].i_p2_pop_slice/i_popcount/popcount_q_o[6]_i_37_n_0",net,,"gen_lane[3].i_p2_pop_slice/i_popcount",2,"gen_lane[3].i_p2_pop_slice/i_popcount/popcount_q_o[6]_i_37/O",2,"3",0
"i_p2_pop_slice","gen_lane[3].i_p2_pop_slice/i_popcount/popcount_q_o[6]_i_38_n_0",net,,"gen_lane[3].i_p2_pop_slice/i_popcount",3,"gen_lane[3].i_p2_pop_slice/i_popcount/popcount_q_o[6]_i_38/O",3,"3",0
"i_p2_pop_slice","gen_lane[3].i_p2_pop_slice/i_popcount/popcount_q_o[6]_i_39_n_0",net,,"gen_lane[3].i_p2_pop_slice/i_popcount",2,"gen_lane[3].i_p2_pop_slice/i_popcount/popcount_q_o[6]_i_39/O",2,"3",0
"i_p2_pop_slice","gen_lane[3].i_p2_pop_slice/i_popcount/popcount_q_o[6]_i_40_n_0",net,,"gen_lane[3].i_p2_pop_slice/i_popcount",2,"gen_lane[3].i_p2_pop_slice/i_popcount/popcount_q_o[6]_i_40/O",2,"3",0
"i_p2_pop_slice","gen_lane[3].i_p2_pop_slice/i_popcount/popcount_q_o[6]_i_41_n_0",net,,"gen_lane[3].i_p2_pop_slice/i_popcount",2,"gen_lane[3].i_p2_pop_slice/i_popcount/popcount_q_o[6]_i_41/O",2,"3",0
"i_p2_pop_slice","gen_lane[3].i_p2_pop_slice/i_popcount/popcount_q_o[6]_i_42_n_0",net,,"gen_lane[3].i_p2_pop_slice/i_popcount",2,"gen_lane[3].i_p2_pop_slice/i_popcount/popcount_q_o[6]_i_42/O",2,"3",0
"i_p2_pop_slice","gen_lane[3].i_p2_pop_slice/i_popcount/popcount_q_o[6]_i_43_n_0",net,,"gen_lane[3].i_p2_pop_slice/i_popcount",2,"gen_lane[3].i_p2_pop_slice/i_popcount/popcount_q_o[6]_i_43/O",2,"3",0
"i_p2_pop_slice","gen_lane[3].i_p2_pop_slice/i_popcount/popcount_q_o[6]_i_46_n_0",net,,"gen_lane[3].i_p2_pop_slice/i_popcount",2,"gen_lane[3].i_p2_pop_slice/i_popcount/popcount_q_o[6]_i_46/O",2,"3",0
"i_p2_pop_slice","gen_lane[3].i_p2_pop_slice/i_popcount/popcount_q_o[6]_i_48_n_0",net,,"gen_lane[3].i_p2_pop_slice/i_popcount",2,"gen_lane[3].i_p2_pop_slice/i_popcount/popcount_q_o[6]_i_48/O",2,"3",0
"i_p2_pop_slice","gen_lane[3].i_p2_pop_slice/i_popcount/popcount_q_o[6]_i_49_0",net,,"gen_lane[3].i_p2_pop_slice/i_popcount",2,"gen_lane[3].i_p2_pop_slice/i_popcount/popcount_q_o[6]_i_21/O",2,"3",0
"i_p2_pop_slice","gen_lane[3].i_p2_pop_slice/i_popcount/popcount_q_o[6]_i_49_n_0",net,,"gen_lane[3].i_p2_pop_slice/i_popcount",3,"gen_lane[3].i_p2_pop_slice/i_popcount/popcount_q_o[6]_i_49/O",3,"3",0
"i_p2_pop_slice","gen_lane[3].i_p2_pop_slice/i_popcount/popcount_q_o[6]_i_4_0",net,,"gen_lane[3].i_p2_pop_slice/i_popcount",1,"gen_lane[3].i_p2_pop_slice/i_popcount/popcount_q_o[3]_i_6/O",1,"",0
"i_p2_pop_slice","gen_lane[3].i_p2_pop_slice/i_popcount/popcount_q_o[6]_i_50_n_0",net,,"gen_lane[3].i_p2_pop_slice/i_popcount",3,"gen_lane[3].i_p2_pop_slice/i_popcount/popcount_q_o[6]_i_50/O",3,"3",0
"i_p2_pop_slice","gen_lane[3].i_p2_pop_slice/i_popcount/popcount_q_o[6]_i_8_n_0",net,,"gen_lane[3].i_p2_pop_slice/i_popcount",2,"gen_lane[3].i_p2_pop_slice/i_popcount/popcount_q_o[6]_i_8/O",2,"3",0
"i_p2_pop_slice","gen_lane[3].i_p2_pop_slice/i_popcount/popcount_q_o[6]_i_9_n_0",net,,"gen_lane[3].i_p2_pop_slice/i_popcount",2,"gen_lane[3].i_p2_pop_slice/i_popcount/popcount_q_o[6]_i_9/O",2,"3",0
"i_p2_pop_slice","gen_lane[3].i_p2_pop_slice/i_popcount/popcount_q_o_reg[0]",net,,"gen_lane[3].i_p2_pop_slice/i_popcount",3,"i_vrf/popcount_q_o[0]_i_26__2/O",3,"3",0
"i_p2_pop_slice","gen_lane[3].i_p2_pop_slice/i_popcount/popcount_q_o_reg[1]",net,,"gen_lane[3].i_p2_pop_slice/i_popcount",1,"i_vrf/popcount_q_o[1]_i_17__2/O",1,"3",0
"i_p2_pop_slice","gen_lane[3].i_p2_pop_slice/i_popcount/popcount_q_o_reg[1]_0",net,,"gen_lane[3].i_p2_pop_slice/i_popcount",3,"i_vrf/popcount_q_o[0]_i_6__2/O",3,"3",0
"i_p2_pop_slice","gen_lane[3].i_p2_pop_slice/i_popcount/popcount_q_o_reg[1]_1",net,,"gen_lane[3].i_p2_pop_slice/i_popcount",3,"i_vrf/popcount_q_o[1]_i_8__2/O",3,"3",0
"i_p2_pop_slice","gen_lane[3].i_p2_pop_slice/i_popcount/popcount_q_o_reg[2]",net,,"gen_lane[3].i_p2_pop_slice/i_popcount",3,"i_vrf/popcount_q_o[1]_i_3__2/O",3,"3",0
"i_p2_pop_slice","gen_lane[3].i_p2_pop_slice/i_popcount/popcount_q_o_reg[6]",net,,"gen_lane[3].i_p2_pop_slice/i_popcount",3,"i_vrf/popcount_q_o[3]_i_2__2/O",3,"3",0
"i_p2_pop_slice","gen_lane[3].i_p2_pop_slice/i_popcount/popcount_q_o_reg[6]_0",net,,"gen_lane[3].i_p2_pop_slice/i_popcount",3,"i_vrf/popcount_q_o[6]_i_14__2/O",3,"3",0
"i_p2_pop_slice","gen_lane[3].i_p2_pop_slice/lane_bool_result[3][0]",net,,"gen_lane[3].i_p2_pop_slice",4,"i_vrf/popcount_q_o[0]_i_30__2/O",4,"3",0
"i_p2_pop_slice","gen_lane[3].i_p2_pop_slice/lane_bool_result[3][10]",net,,"gen_lane[3].i_p2_pop_slice",4,"i_vrf/lane_result_q[3][16]_i_5/O",4,"3",0
"i_p2_pop_slice","gen_lane[3].i_p2_pop_slice/lane_bool_result[3][11]",net,,"gen_lane[3].i_p2_pop_slice",4,"i_vrf/lane_result_q[3][17]_i_5/O",4,"3",0
"i_p2_pop_slice","gen_lane[3].i_p2_pop_slice/lane_bool_result[3][12]",net,,"gen_lane[3].i_p2_pop_slice",4,"i_vrf/lane_result_q[3][18]_i_5/O",4,"3",0
"i_p2_pop_slice","gen_lane[3].i_p2_pop_slice/lane_bool_result[3][13]",net,,"gen_lane[3].i_p2_pop_slice",6,"i_vrf/popcount_q_o[0]_i_14__2/O",6,"3",0
"i_p2_pop_slice","gen_lane[3].i_p2_pop_slice/lane_bool_result[3][14]",net,,"gen_lane[3].i_p2_pop_slice",6,"i_vrf/popcount_q_o[0]_i_13__2/O",6,"3",0
"i_p2_pop_slice","gen_lane[3].i_p2_pop_slice/lane_bool_result[3][15]",net,,"gen_lane[3].i_p2_pop_slice",6,"i_vrf/popcount_q_o[0]_i_15__2/O",6,"3",0
"i_p2_pop_slice","gen_lane[3].i_p2_pop_slice/lane_bool_result[3][16]",net,,"gen_lane[3].i_p2_pop_slice",5,"i_vrf/lane_result_q[3][25]_i_5/O",5,"3",0
"i_p2_pop_slice","gen_lane[3].i_p2_pop_slice/lane_bool_result[3][17]",net,,"gen_lane[3].i_p2_pop_slice",5,"i_vrf/lane_result_q[3][26]_i_5/O",5,"3",0
"i_p2_pop_slice","gen_lane[3].i_p2_pop_slice/lane_bool_result[3][18]",net,,"gen_lane[3].i_p2_pop_slice",5,"i_vrf/lane_result_q[3][27]_i_5/O",5,"3",0
"i_p2_pop_slice","gen_lane[3].i_p2_pop_slice/lane_bool_result[3][19]",net,,"gen_lane[3].i_p2_pop_slice",5,"i_vrf/lane_result_q[3][28]_i_5/O",5,"3",0
"i_p2_pop_slice","gen_lane[3].i_p2_pop_slice/lane_bool_result[3][1]",net,,"gen_lane[3].i_p2_pop_slice",5,"i_vrf/lane_result_q[3][4]_i_5/O",5,"3",0
"i_p2_pop_slice","gen_lane[3].i_p2_pop_slice/lane_bool_result[3][20]",net,,"gen_lane[3].i_p2_pop_slice",5,"i_vrf/lane_result_q[3][29]_i_5/O",5,"3",0
"i_p2_pop_slice","gen_lane[3].i_p2_pop_slice/lane_bool_result[3][21]",net,,"gen_lane[3].i_p2_pop_slice",5,"i_vrf/lane_result_q[3][30]_i_5/O",5,"3",0
"i_p2_pop_slice","gen_lane[3].i_p2_pop_slice/lane_bool_result[3][22]",net,,"gen_lane[3].i_p2_pop_slice",6,"i_vrf/popcount_q_o[0]_i_9__2/O",6,"3",0
"i_p2_pop_slice","gen_lane[3].i_p2_pop_slice/lane_bool_result[3][23]",net,,"gen_lane[3].i_p2_pop_slice",6,"i_vrf/popcount_q_o[0]_i_8__2/O",6,"3",0
"i_p2_pop_slice","gen_lane[3].i_p2_pop_slice/lane_bool_result[3][24]",net,,"gen_lane[3].i_p2_pop_slice",6,"i_vrf/popcount_q_o[0]_i_10__2/O",6,"3",0
"i_p2_pop_slice","gen_lane[3].i_p2_pop_slice/lane_bool_result[3][25]",net,,"gen_lane[3].i_p2_pop_slice",5,"i_vrf/lane_result_q[3][34]_i_6/O",5,"3",0
"i_p2_pop_slice","gen_lane[3].i_p2_pop_slice/lane_bool_result[3][26]",net,,"gen_lane[3].i_p2_pop_slice",5,"i_vrf/lane_result_q[3][35]_i_6/O",5,"3",0
"i_p2_pop_slice","gen_lane[3].i_p2_pop_slice/lane_bool_result[3][27]",net,,"gen_lane[3].i_p2_pop_slice",5,"i_vrf/lane_result_q[3][36]_i_6/O",5,"3",0
"i_p2_pop_slice","gen_lane[3].i_p2_pop_slice/lane_bool_result[3][28]",net,,"gen_lane[3].i_p2_pop_slice",5,"i_vrf/lane_result_q[3][37]_i_6/O",5,"3",0
"i_p2_pop_slice","gen_lane[3].i_p2_pop_slice/lane_bool_result[3][29]",net,,"gen_lane[3].i_p2_pop_slice",5,"i_vrf/lane_result_q[3][38]_i_6/O",5,"3",0
"i_p2_pop_slice","gen_lane[3].i_p2_pop_slice/lane_bool_result[3][2]",net,,"gen_lane[3].i_p2_pop_slice",5,"i_vrf/lane_result_q[3][5]_i_5/O",5,"3",0
"i_p2_pop_slice","gen_lane[3].i_p2_pop_slice/lane_bool_result[3][30]",net,,"gen_lane[3].i_p2_pop_slice",5,"i_vrf/lane_result_q[3][39]_i_6/O",5,"3",0
"i_p2_pop_slice","gen_lane[3].i_p2_pop_slice/lane_bool_result[3][31]",net,,"gen_lane[3].i_p2_pop_slice",6,"i_vrf/popcount_q_o[0]_i_19__2/O",6,"3",0
"i_p2_pop_slice","gen_lane[3].i_p2_pop_slice/lane_bool_result[3][32]",net,,"gen_lane[3].i_p2_pop_slice",6,"i_vrf/popcount_q_o[0]_i_18__2/O",6,"3",0
"i_p2_pop_slice","gen_lane[3].i_p2_pop_slice/lane_bool_result[3][33]",net,,"gen_lane[3].i_p2_pop_slice",6,"i_vrf/popcount_q_o[0]_i_20__2/O",6,"3",0
"i_p2_pop_slice","gen_lane[3].i_p2_pop_slice/lane_bool_result[3][34]",net,,"gen_lane[3].i_p2_pop_slice",5,"i_vrf/lane_result_q[3][43]_i_6/O",5,"3",0
"i_p2_pop_slice","gen_lane[3].i_p2_pop_slice/lane_bool_result[3][35]",net,,"gen_lane[3].i_p2_pop_slice",5,"i_vrf/lane_result_q[3][44]_i_6/O",5,"3",0
"i_p2_pop_slice","gen_lane[3].i_p2_pop_slice/lane_bool_result[3][36]",net,,"gen_lane[3].i_p2_pop_slice",5,"i_vrf/lane_result_q[3][45]_i_6/O",5,"3",0
"i_p2_pop_slice","gen_lane[3].i_p2_pop_slice/lane_bool_result[3][37]",net,,"gen_lane[3].i_p2_pop_slice",5,"i_vrf/lane_result_q[3][46]_i_6/O",5,"3",0
"i_p2_pop_slice","gen_lane[3].i_p2_pop_slice/lane_bool_result[3][38]",net,,"gen_lane[3].i_p2_pop_slice",5,"i_vrf/lane_result_q[3][47]_i_6/O",5,"3",0
"i_p2_pop_slice","gen_lane[3].i_p2_pop_slice/lane_bool_result[3][39]",net,,"gen_lane[3].i_p2_pop_slice",5,"i_vrf/lane_result_q[3][48]_i_6/O",5,"3",0
"i_p2_pop_slice","gen_lane[3].i_p2_pop_slice/lane_bool_result[3][3]",net,,"gen_lane[3].i_p2_pop_slice",5,"i_vrf/lane_result_q[3][6]_i_5/O",5,"3",0
"i_p2_pop_slice","gen_lane[3].i_p2_pop_slice/lane_bool_result[3][40]",net,,"gen_lane[3].i_p2_pop_slice",5,"i_vrf/popcount_q_o[0]_i_24__2/O",5,"3",0
"i_p2_pop_slice","gen_lane[3].i_p2_pop_slice/lane_bool_result[3][41]",net,,"gen_lane[3].i_p2_pop_slice",5,"i_vrf/popcount_q_o[0]_i_23__2/O",5,"3",0
"i_p2_pop_slice","gen_lane[3].i_p2_pop_slice/lane_bool_result[3][42]",net,,"gen_lane[3].i_p2_pop_slice",5,"i_vrf/popcount_q_o[0]_i_25__2/O",5,"3",0
"i_p2_pop_slice","gen_lane[3].i_p2_pop_slice/lane_bool_result[3][43]",net,,"gen_lane[3].i_p2_pop_slice",4,"i_vrf/lane_result_q[3][52]_i_6/O",4,"3",0
"i_p2_pop_slice","gen_lane[3].i_p2_pop_slice/lane_bool_result[3][44]",net,,"gen_lane[3].i_p2_pop_slice",4,"i_vrf/lane_result_q[3][53]_i_6/O",4,"3",0
"i_p2_pop_slice","gen_lane[3].i_p2_pop_slice/lane_bool_result[3][45]",net,,"gen_lane[3].i_p2_pop_slice",4,"i_vrf/lane_result_q[3][54]_i_6/O",4,"3",0
"i_p2_pop_slice","gen_lane[3].i_p2_pop_slice/lane_bool_result[3][4]",net,,"gen_lane[3].i_p2_pop_slice",4,"i_vrf/lane_result_q[3][7]_i_5/O",4,"3",0
"i_p2_pop_slice","gen_lane[3].i_p2_pop_slice/lane_bool_result[3][5]",net,,"gen_lane[3].i_p2_pop_slice",4,"i_vrf/lane_result_q[3][8]_i_5/O",4,"3",0
"i_p2_pop_slice","gen_lane[3].i_p2_pop_slice/lane_bool_result[3][6]",net,,"gen_lane[3].i_p2_pop_slice",4,"i_vrf/lane_result_q[3][9]_i_5/O",4,"3",0
"i_p2_pop_slice","gen_lane[3].i_p2_pop_slice/lane_bool_result[3][7]",net,,"gen_lane[3].i_p2_pop_slice",5,"i_vrf/lane_result_q[3][13]_i_5/O",5,"3",0
"i_p2_pop_slice","gen_lane[3].i_p2_pop_slice/lane_bool_result[3][8]",net,,"gen_lane[3].i_p2_pop_slice",5,"i_vrf/lane_result_q[3][14]_i_5/O",5,"3",0
"i_p2_pop_slice","gen_lane[3].i_p2_pop_slice/lane_bool_result[3][9]",net,,"gen_lane[3].i_p2_pop_slice",5,"i_vrf/lane_result_q[3][15]_i_5/O",5,"3",0
"i_p2_pop_slice","gen_lane[3].i_p2_pop_slice/lane_result_q_reg[3][0]",net,,"gen_lane[3].i_p2_pop_slice",65,"i_vrf/lane_result_q[3][63]_i_3/O",65,"3",0
"i_p2_pop_slice","gen_lane[3].i_p2_pop_slice/pop_d_i",net,,"gen_lane[3].i_p2_pop_slice",4,"gen_lane[3].i_p2_pop_slice/pop_q_i_1/O",4,"0;1;2;3",1
"i_p2_pop_slice","gen_lane[3].i_p2_pop_slice/pop_q",net,,"gen_lane[3].i_p2_pop_slice",8,"gen_lane[3].i_p2_pop_slice/pop_q_reg/Q",8,"3",0
"i_p2_pop_slice","gen_lane[3].i_p2_pop_slice/pop_q_reg_0",net,,"gen_lane[3].i_p2_pop_slice",2201,"i_vrf/FSM_onehot_st_q[0]_i_3/O",2201,"0;1;2;3",1
"i_p2_pop_slice","gen_lane[3].i_p2_pop_slice/popcount_q_o[0]_i_7__2",net,,"gen_lane[3].i_p2_pop_slice",2,"i_vrf/popcount_q_o[1]_i_19__2/O",2,"3",0
"i_p2_pop_slice","gen_lane[3].i_p2_pop_slice/popcount_q_o[0]_i_7__2_0",net,,"gen_lane[3].i_p2_pop_slice",2,"i_vrf/popcount_q_o[1]_i_21__2/O",2,"3",0
"i_p2_pop_slice","gen_lane[3].i_p2_pop_slice/popcount_q_o[1]_i_16",net,,"gen_lane[3].i_p2_pop_slice",3,"gen_lane[3].i_p2_pop_slice/i_popcount/popcount_q_o[1]_i_4/O",3,"3",0
"i_p2_pop_slice","gen_lane[3].i_p2_pop_slice/popcount_q_o[1]_i_4",net,,"gen_lane[3].i_p2_pop_slice",2,"i_vrf/popcount_q_o[6]_i_44__2/O",2,"3",0
"i_p2_pop_slice","gen_lane[3].i_p2_pop_slice/popcount_q_o[1]_i_4_0",net,,"gen_lane[3].i_p2_pop_slice",2,"i_vrf/popcount_q_o[6]_i_45__2/O",2,"3",0
"i_p2_pop_slice","gen_lane[3].i_p2_pop_slice/popcount_q_o[1]_i_4_1",net,,"gen_lane[3].i_p2_pop_slice",2,"i_vrf/popcount_q_o[6]_i_47__2/O",2,"3",0
"i_p2_pop_slice","gen_lane[3].i_p2_pop_slice/popcount_q_o[3]_i_2__2",net,,"gen_lane[3].i_p2_pop_slice",3,"i_vrf/popcount_q_o[0]_i_31__2/O",3,"3",0
"i_p2_pop_slice","gen_lane[3].i_p2_pop_slice/popcount_q_o[3]_i_2__2_0",net,,"gen_lane[3].i_p2_pop_slice",2,"i_vrf/popcount_q_o[6]_i_28__2/O",2,"3",0
"i_p2_pop_slice","gen_lane[3].i_p2_pop_slice/popcount_q_o[3]_i_9",net,,"gen_lane[3].i_p2_pop_slice",6,"gen_lane[3].i_p2_pop_slice/i_popcount/popcount_q_o[6]_i_12/O",6,"3",0
"i_p2_pop_slice","gen_lane[3].i_p2_pop_slice/popcount_q_o[4]_i_2__2",net,,"gen_lane[3].i_p2_pop_slice",3,"i_vrf/popcount_q_o[6]_i_24__2/O",3,"3",0
"i_p2_pop_slice","gen_lane[3].i_p2_pop_slice/popcount_q_o[4]_i_2__2_0",net,,"gen_lane[3].i_p2_pop_slice",3,"i_vrf/popcount_q_o[6]_i_25__2/O",3,"3",0
"i_p2_pop_slice","gen_lane[3].i_p2_pop_slice/popcount_q_o[4]_i_2__2_1",net,,"gen_lane[3].i_p2_pop_slice",3,"i_vrf/popcount_q_o[6]_i_26__2/O",3,"3",0
"i_p2_pop_slice","gen_lane[3].i_p2_pop_slice/popcount_q_o[6]_i_12",net,,"gen_lane[3].i_p2_pop_slice",3,"gen_lane[3].i_p2_pop_slice/i_popcount/popcount_q_o[3]_i_3/O",3,"3",0
"i_p2_pop_slice","gen_lane[3].i_p2_pop_slice/popcount_q_o[6]_i_12_0",net,,"gen_lane[3].i_p2_pop_slice",5,"gen_lane[3].i_p2_pop_slice/i_popcount/popcount_q_o[6]_i_2/O",5,"3",0
"i_p2_pop_slice","gen_lane[3].i_p2_pop_slice/popcount_q_o[6]_i_12_1",net,,"gen_lane[3].i_p2_pop_slice",4,"gen_lane[3].i_p2_pop_slice/i_popcount/popcount_q_o[6]_i_4/O",4,"3",0
"i_p2_pop_slice","gen_lane[3].i_p2_pop_slice/popcount_q_o[6]_i_22",net,,"gen_lane[3].i_p2_pop_slice",2,"gen_lane[3].i_p2_pop_slice/i_popcount/popcount_q_o[6]_i_5/O",2,"",0
"i_p2_pop_slice","gen_lane[3].i_p2_pop_slice/popcount_q_o[6]_i_23",net,,"gen_lane[3].i_p2_pop_slice",3,"gen_lane[3].i_p2_pop_slice/i_popcount/popcount_q_o[6]_i_7/O",3,"",0
"i_p2_pop_slice","gen_lane[3].i_p2_pop_slice/popcount_q_o[6]_i_4",net,,"gen_lane[3].i_p2_pop_slice",1,"gen_lane[3].i_p2_pop_slice/i_popcount/popcount_q_o[3]_i_6/O",1,"",0
"i_p2_pop_slice","gen_lane[3].i_p2_pop_slice/popcount_q_o[6]_i_49",net,,"gen_lane[3].i_p2_pop_slice",2,"gen_lane[3].i_p2_pop_slice/i_popcount/popcount_q_o[6]_i_21/O",2,"3",0
"i_p2_pop_slice","gen_lane[3].i_p2_pop_slice/popcount_q_o_reg[0]_0",net,,"gen_lane[3].i_p2_pop_slice",3,"i_vrf/popcount_q_o[0]_i_26__2/O",3,"3",0
"i_p2_pop_slice","gen_lane[3].i_p2_pop_slice/popcount_q_o_reg[1]_0",net,,"gen_lane[3].i_p2_pop_slice",1,"i_vrf/popcount_q_o[1]_i_17__2/O",1,"3",0
"i_p2_pop_slice","gen_lane[3].i_p2_pop_slice/popcount_q_o_reg[1]_1",net,,"gen_lane[3].i_p2_pop_slice",3,"i_vrf/popcount_q_o[0]_i_6__2/O",3,"3",0
"i_p2_pop_slice","gen_lane[3].i_p2_pop_slice/popcount_q_o_reg[1]_2",net,,"gen_lane[3].i_p2_pop_slice",3,"i_vrf/popcount_q_o[1]_i_8__2/O",3,"3",0
"i_p2_pop_slice","gen_lane[3].i_p2_pop_slice/popcount_q_o_reg[2]_0",net,,"gen_lane[3].i_p2_pop_slice",3,"i_vrf/popcount_q_o[1]_i_3__2/O",3,"3",0
"i_p2_pop_slice","gen_lane[3].i_p2_pop_slice/popcount_q_o_reg[6]_0[0]",net,,"gen_lane[3].i_p2_pop_slice",3,"gen_lane[3].i_p2_pop_slice/popcount_q_o_reg[0]/Q",3,"0;3",1
"i_p2_pop_slice","gen_lane[3].i_p2_pop_slice/popcount_q_o_reg[6]_0[1]",net,,"gen_lane[3].i_p2_pop_slice",3,"gen_lane[3].i_p2_pop_slice/popcount_q_o_reg[1]/Q",3,"0;3",1
"i_p2_pop_slice","gen_lane[3].i_p2_pop_slice/popcount_q_o_reg[6]_0[2]",net,,"gen_lane[3].i_p2_pop_slice",3,"gen_lane[3].i_p2_pop_slice/popcount_q_o_reg[2]/Q",3,"0;3",1
"i_p2_pop_slice","gen_lane[3].i_p2_pop_slice/popcount_q_o_reg[6]_0[3]",net,,"gen_lane[3].i_p2_pop_slice",3,"gen_lane[3].i_p2_pop_slice/popcount_q_o_reg[3]/Q",3,"0;3",1
"i_p2_pop_slice","gen_lane[3].i_p2_pop_slice/popcount_q_o_reg[6]_0[4]",net,,"gen_lane[3].i_p2_pop_slice",3,"gen_lane[3].i_p2_pop_slice/popcount_q_o_reg[4]/Q",3,"0;3",1
"i_p2_pop_slice","gen_lane[3].i_p2_pop_slice/popcount_q_o_reg[6]_0[5]",net,,"gen_lane[3].i_p2_pop_slice",2,"gen_lane[3].i_p2_pop_slice/popcount_q_o_reg[5]/Q",2,"0;3",1
"i_p2_pop_slice","gen_lane[3].i_p2_pop_slice/popcount_q_o_reg[6]_0[6]",net,,"gen_lane[3].i_p2_pop_slice",2,"gen_lane[3].i_p2_pop_slice/popcount_q_o_reg[6]/Q",2,"0;3",1
"i_p2_pop_slice","gen_lane[3].i_p2_pop_slice/popcount_q_o_reg[6]_1",net,,"gen_lane[3].i_p2_pop_slice",3,"i_vrf/popcount_q_o[3]_i_2__2/O",3,"3",0
"i_p2_pop_slice","gen_lane[3].i_p2_pop_slice/popcount_q_o_reg[6]_2",net,,"gen_lane[3].i_p2_pop_slice",3,"i_vrf/popcount_q_o[6]_i_14__2/O",3,"3",0
"i_p2_pop_slice","gen_lane[3].i_p2_pop_slice/uop_p1_q_reg[valid]__0",net,,"gen_lane[3].i_p2_pop_slice",4,"uop_p1_q_reg[valid]/Q",4,"3",0
"i_p2_pop_slice","gen_lane[3].i_p2_pop_slice/uop_p2_q_reg[use_clip]__0",net,,"gen_lane[3].i_p2_pop_slice",7,"uop_p2_q_reg[use_clip]/Q",7,"0;1;2;3",1
"i_p2_pop_slice","gen_lane[3].i_p2_pop_slice/uop_p2_q_reg[valid]__0",net,,"gen_lane[3].i_p2_pop_slice",12,"uop_p2_q_reg[valid]/Q",12,"0;1;2;3",1
"i_p2_pop_slice","gen_lane[3].i_p2_pop_slice/xor_d_i",net,,"gen_lane[3].i_p2_pop_slice",4,"gen_lane[3].i_p2_pop_slice/xor_q_i_1/O",4,"0;1;2;3",1
"i_p2_pop_slice","gen_lane[3].i_p2_pop_slice/xor_q",net,,"gen_lane[3].i_p2_pop_slice",1,"gen_lane[3].i_p2_pop_slice/xor_q_reg/Q",1,"3",0
"i_p2_pop_slice","gen_lane[3].i_p2_pop_slice/xor_q_reg_0[0]",net,,"gen_lane[3].i_p2_pop_slice",12,"uop_p1_q_reg[op_type][0]/Q",12,"3",0
"i_p2_pop_slice","gen_lane[3].i_p2_pop_slice/xor_q_reg_0[1]",net,,"gen_lane[3].i_p2_pop_slice",13,"uop_p1_q_reg[op_type][1]/Q",13,"3",0
"i_p2_pop_slice","gen_lane[3].i_p2_pop_slice/xor_q_reg_0[2]",net,,"gen_lane[3].i_p2_pop_slice",13,"uop_p1_q_reg[op_type][2]/Q",13,"3",0
"i_p2_pop_slice","gen_lane[3].i_p2_pop_slice_n_13",net,,".",2,"gen_lane[3].i_p2_pop_slice/hsim_total_q[7]_i_12/O",2,"0;3",1
"i_p2_pop_slice","gen_lane[3].i_p2_pop_slice_n_14",net,,".",1,"gen_lane[3].i_p2_pop_slice/hsim_total_q[7]_i_13/O",1,"0",0
"i_p2_pop_slice","gen_lane[3].i_p2_pop_slice_n_15",net,,".",1,"gen_lane[3].i_p2_pop_slice/hsim_total_q[7]_i_14/O",1,"0",0
"i_p2_pop_slice","gen_lane[3].i_p2_pop_slice_n_16",net,,".",1,"gen_lane[3].i_p2_pop_slice/hsim_total_q[7]_i_16/O",1,"0",0
"i_p2_pop_slice","gen_lane[3].i_p2_pop_slice_n_17",net,,".",3,"gen_lane[3].i_p2_pop_slice/i_popcount/popcount_q_o[6]_i_7/O",3,"",0
"i_p2_pop_slice","gen_lane[3].i_p2_pop_slice_n_18",net,,".",3,"gen_lane[3].i_p2_pop_slice/i_popcount/popcount_q_o[3]_i_5/O",3,"3",0
"i_p2_pop_slice","gen_lane[3].i_p2_pop_slice_n_19",net,,".",3,"gen_lane[3].i_p2_pop_slice/i_popcount/popcount_q_o[3]_i_4/O",3,"3",0
"i_p2_pop_slice","gen_lane[3].i_p2_pop_slice_n_20",net,,".",3,"gen_lane[3].i_p2_pop_slice/i_popcount/popcount_q_o[3]_i_3/O",3,"3",0
"i_p2_pop_slice","gen_lane[3].i_p2_pop_slice_n_21",net,,".",5,"gen_lane[3].i_p2_pop_slice/i_popcount/popcount_q_o[6]_i_2/O",5,"3",0
"i_p2_pop_slice","gen_lane[3].i_p2_pop_slice_n_22",net,,".",2,"gen_lane[3].i_p2_pop_slice/i_popcount/popcount_q_o[1]_i_5/O",2,"3",0
"i_p2_pop_slice","gen_lane[3].i_p2_pop_slice_n_23",net,,".",2,"gen_lane[3].i_p2_pop_slice/i_popcount/popcount_q_o[1]_i_6/O",2,"3",0
"i_p2_pop_slice","gen_lane[3].i_p2_pop_slice_n_24",net,,".",3,"gen_lane[3].i_p2_pop_slice/i_popcount/popcount_q_o[1]_i_2/O",3,"3",0
"i_p2_pop_slice","gen_lane[3].i_p2_pop_slice_n_25",net,,".",3,"gen_lane[3].i_p2_pop_slice/i_popcount/popcount_q_o[1]_i_4/O",3,"3",0
"i_p2_pop_slice","gen_lane[3].i_p2_pop_slice_n_26",net,,".",4,"gen_lane[3].i_p2_pop_slice/i_popcount/popcount_q_o[0]_i_2/O",4,"3",0
"i_p2_pop_slice","gen_lane[3].i_p2_pop_slice_n_27",net,,".",4,"gen_lane[3].i_p2_pop_slice/i_popcount/popcount_q_o[0]_i_3/O",4,"3",0
"i_p2_pop_slice","gen_lane[3].i_p2_pop_slice_n_28",net,,".",4,"gen_lane[3].i_p2_pop_slice/i_popcount/popcount_q_o[0]_i_4/O",4,"3",0
"i_p2_pop_slice","gen_lane[3].i_p2_pop_slice_n_29",net,,".",6,"gen_lane[3].i_p2_pop_slice/i_popcount/popcount_q_o[6]_i_10/O",6,"3",0
"i_p2_pop_slice","gen_lane[3].i_p2_pop_slice_n_3",net,,".",1,"gen_lane[3].i_p2_pop_slice/hsim_total_q[7]_i_19/O",1,"0",0
"i_p2_pop_slice","gen_lane[3].i_p2_pop_slice_n_30",net,,".",6,"gen_lane[3].i_p2_pop_slice/i_popcount/popcount_q_o[6]_i_11/O",6,"3",0
"i_p2_pop_slice","gen_lane[3].i_p2_pop_slice_n_31",net,,".",6,"gen_lane[3].i_p2_pop_slice/i_popcount/popcount_q_o[6]_i_12/O",6,"3",0
"i_p2_pop_slice","gen_lane[3].i_p2_pop_slice_n_32",net,,".",1,"gen_lane[3].i_p2_pop_slice/i_popcount/popcount_q_o[3]_i_6/O",1,"",0
"i_p2_pop_slice","gen_lane[3].i_p2_pop_slice_n_33",net,,".",5,"gen_lane[3].i_p2_pop_slice/i_popcount/popcount_q_o[6]_i_3/O",5,"3",0
"i_p2_pop_slice","gen_lane[3].i_p2_pop_slice_n_34",net,,".",4,"gen_lane[3].i_p2_pop_slice/i_popcount/popcount_q_o[6]_i_4/O",4,"3",0
"i_p2_pop_slice","gen_lane[3].i_p2_pop_slice_n_35",net,,".",3,"gen_lane[3].i_p2_pop_slice/i_popcount/popcount_q_o[6]_i_20/O",3,"3",0
"i_p2_pop_slice","gen_lane[3].i_p2_pop_slice_n_36",net,,".",4,"gen_lane[3].i_p2_pop_slice/i_popcount/popcount_q_o[6]_i_19/O",4,"3",0
"i_p2_pop_slice","gen_lane[3].i_p2_pop_slice_n_37",net,,".",2,"gen_lane[3].i_p2_pop_slice/i_popcount/popcount_q_o[6]_i_5/O",2,"",0
"i_p2_pop_slice","gen_lane[3].i_p2_pop_slice_n_38",net,,".",2,"gen_lane[3].i_p2_pop_slice/i_popcount/popcount_q_o[6]_i_21/O",2,"3",0
"i_p2_pop_slice","gen_lane[3].i_p2_pop_slice_n_39",net,,".",2,"gen_lane[3].i_p2_pop_slice/i_popcount/popcount_q_o[6]_i_22/O",2,"3",0
"i_p2_pop_slice","gen_lane[3].i_p2_pop_slice_n_4",net,,".",1,"gen_lane[3].i_p2_pop_slice/hsim_total_q[7]_i_20/O",1,"0",0
"i_p2_pop_slice","gen_lane[3].i_p2_pop_slice_n_40",net,,".",1,"gen_lane[3].i_p2_pop_slice/i_popcount/popcount_q_o[6]_i_53/O",1,"",0
"i_p2_pop_slice","gen_lane[3].i_p2_pop_slice_n_41",net,,".",1,"gen_lane[3].i_p2_pop_slice/i_popcount/popcount_q_o[6]_i_54/O",1,"",0
"i_p2_pop_slice","gen_lane[3].i_p2_pop_slice_n_42",net,,".",1,"gen_lane[3].i_p2_pop_slice/i_popcount/popcount_q_o[6]_i_55/O",1,"",0
"i_p2_pop_slice","gen_lane[3].i_p2_pop_slice_n_43",net,,".",1,"gen_lane[3].i_p2_pop_slice/i_popcount/popcount_q_o[6]_i_56/O",1,"",0
"i_p2_pop_slice","gen_lane[3].i_p2_pop_slice_n_44",net,,".",1,"gen_lane[3].i_p2_pop_slice/i_popcount/popcount_q_o[6]_i_51/O",1,"",0
"i_p2_pop_slice","gen_lane[3].i_p2_pop_slice_n_45",net,,".",1,"gen_lane[3].i_p2_pop_slice/i_popcount/popcount_q_o[6]_i_52/O",1,"",0
"i_p2_pop_slice","gen_lane[3].i_p2_pop_slice_n_46",net,,".",3,"gen_lane[3].i_p2_pop_slice/i_popcount/popcount_q_o[1]_i_14/O",3,"3",0
"i_p2_pop_slice","gen_lane[3].i_p2_pop_slice_n_47",net,,".",3,"gen_lane[3].i_p2_pop_slice/i_popcount/popcount_q_o[1]_i_11/O",3,"3",0
"i_p2_pop_slice","gen_lane[3].i_p2_pop_slice_n_48",net,,".",3,"gen_lane[3].i_p2_pop_slice/i_popcount/popcount_q_o[0]_i_5/O",3,"3",0
"i_p2_pop_slice","gen_lane[3].i_p2_pop_slice_n_49",net,,".",2,"gen_lane[3].i_p2_pop_slice/i_popcount/popcount_q_o[3]_i_11/O",2,"3",0
"i_p2_pop_slice","gen_lane[3].i_p2_pop_slice_n_5",net,,".",1,"gen_lane[3].i_p2_pop_slice/hsim_total_q[7]_i_21/O",1,"0",0
"i_p2_pop_slice","gen_lane[3].i_p2_pop_slice_n_50",net,,".",3,"gen_lane[3].i_p2_pop_slice/i_popcount/popcount_q_o[3]_i_7/O",3,"3",0
"i_p2_pop_slice","gen_lane[3].i_p2_pop_slice_n_51",net,,".",2,"gen_lane[3].i_p2_pop_slice/i_popcount/popcount_q_o[3]_i_8/O",2,"3",0
"i_p2_pop_slice","gen_lane[3].i_p2_pop_slice_n_52",net,,".",2,"gen_lane[3].i_p2_pop_slice/i_popcount/popcount_q_o[3]_i_9/O",2,"3",0
"i_p2_pop_slice","gen_lane[3].i_p2_pop_slice_n_53",net,,".",1,"gen_lane[3].i_p2_pop_slice/i_popcount/popcount_q_o[3]_i_10/O",1,"",0
