rank,slack_ns,required_time_ns,data_path_delay_ns,logic_delay_ns,route_delay_ns,route_ratio,logic_levels,startpoint,endpoint,path_class,main_cells
1,-1.075,5.000,6.072,1.295,4.777,0.787,7,"i_vrf/bank_ra_data_o_reg[0][43]/C","gen_lane[0].i_p2_pop_slice/popcount_q_o_reg[4]/D","P2 popcount capture","FDCE=2;LUT2=1;LUT5=2;LUT6=4"
2,-1.075,5.000,6.072,1.295,4.777,0.787,7,"i_vrf/bank_ra_data_o_reg[0][43]/C","gen_lane[0].i_p2_pop_slice/popcount_q_o_reg[5]/D","P2 popcount capture","FDCE=2;LUT2=1;LUT5=1;LUT6=5"
3,-1.075,5.000,6.072,1.295,4.777,0.787,7,"i_vrf/bank_ra_data_o_reg[0][43]/C","gen_lane[0].i_p2_pop_slice/popcount_q_o_reg[6]/D","P2 popcount capture","FDCE=2;LUT2=1;LUT5=1;LUT6=5"
4,-1.073,5.000,6.070,1.295,4.775,0.787,7,"i_vrf/bank_ra_data_o_reg[1][43]/C","gen_lane[1].i_p2_pop_slice/popcount_q_o_reg[4]/D","P2 popcount capture","FDCE=2;LUT2=1;LUT5=2;LUT6=4"
5,-1.073,5.000,6.070,1.295,4.775,0.787,7,"i_vrf/bank_ra_data_o_reg[1][43]/C","gen_lane[1].i_p2_pop_slice/popcount_q_o_reg[5]/D","P2 popcount capture","FDCE=2;LUT2=1;LUT5=1;LUT6=5"
6,-1.073,5.000,6.070,1.295,4.775,0.787,7,"i_vrf/bank_ra_data_o_reg[1][43]/C","gen_lane[1].i_p2_pop_slice/popcount_q_o_reg[6]/D","P2 popcount capture","FDCE=2;LUT2=1;LUT5=1;LUT6=5"
7,-1.071,5.000,6.068,1.295,4.773,0.787,7,"i_vrf/bank_ra_data_o_reg[2][43]/C","gen_lane[2].i_p2_pop_slice/popcount_q_o_reg[4]/D","P2 popcount capture","FDCE=2;LUT2=1;LUT5=2;LUT6=4"
8,-1.071,5.000,6.068,1.295,4.773,0.787,7,"i_vrf/bank_ra_data_o_reg[2][43]/C","gen_lane[2].i_p2_pop_slice/popcount_q_o_reg[5]/D","P2 popcount capture","FDCE=2;LUT2=1;LUT5=1;LUT6=5"
9,-1.071,5.000,6.068,1.295,4.773,0.787,7,"i_vrf/bank_ra_data_o_reg[2][43]/C","gen_lane[2].i_p2_pop_slice/popcount_q_o_reg[6]/D","P2 popcount capture","FDCE=2;LUT2=1;LUT5=1;LUT6=5"
10,-1.068,5.000,6.065,1.295,4.770,0.786,7,"i_vrf/bank_ra_data_o_reg[3][43]/C","gen_lane[3].i_p2_pop_slice/popcount_q_o_reg[4]/D","P2 popcount capture","FDCE=2;LUT2=1;LUT5=2;LUT6=4"
11,-1.068,5.000,6.065,1.295,4.770,0.786,7,"i_vrf/bank_ra_data_o_reg[3][43]/C","gen_lane[3].i_p2_pop_slice/popcount_q_o_reg[5]/D","P2 popcount capture","FDCE=2;LUT2=1;LUT5=1;LUT6=5"
12,-1.068,5.000,6.065,1.295,4.770,0.786,7,"i_vrf/bank_ra_data_o_reg[3][43]/C","gen_lane[3].i_p2_pop_slice/popcount_q_o_reg[6]/D","P2 popcount capture","FDCE=2;LUT2=1;LUT5=1;LUT6=5"
13,-0.829,5.000,5.826,3.072,2.754,0.473,9,"hsim_total_q_reg[0]/C","hmatch_update_q_reg/D","HMATCH reduction/compare","CARRY4=5;FDCE=2;LUT3=2;LUT4=1;LUT5=1"
14,-0.511,5.000,5.508,1.210,4.298,0.780,6,"uop_p0_q_reg[op_type][1]/C","i_vrf/bank_ra_data_o_reg[0][0]/D","VRF/read/writeback","FDCE=2;LUT4=1;LUT5=2;LUT6=2;RAMD64E=1"
15,-0.511,5.000,5.508,1.210,4.298,0.780,6,"uop_p0_q_reg[op_type][1]/C","i_vrf/bank_ra_data_o_reg[0][10]/D","VRF/read/writeback","FDCE=2;LUT4=1;LUT5=2;LUT6=2;RAMD64E=1"
16,-0.511,5.000,5.508,1.210,4.298,0.780,6,"uop_p0_q_reg[op_type][1]/C","i_vrf/bank_ra_data_o_reg[0][11]/D","VRF/read/writeback","FDCE=2;LUT4=1;LUT5=2;LUT6=2;RAMD64E=1"
17,-0.511,5.000,5.508,1.210,4.298,0.780,6,"uop_p0_q_reg[op_type][1]/C","i_vrf/bank_ra_data_o_reg[0][12]/D","VRF/read/writeback","FDCE=2;LUT4=1;LUT5=2;LUT6=2;RAMD64E=1"
18,-0.511,5.000,5.508,1.210,4.298,0.780,6,"uop_p0_q_reg[op_type][1]/C","i_vrf/bank_ra_data_o_reg[0][13]/D","VRF/read/writeback","FDCE=2;LUT4=1;LUT5=2;LUT6=2;RAMD64E=1"
19,-0.511,5.000,5.508,1.210,4.298,0.780,6,"uop_p0_q_reg[op_type][1]/C","i_vrf/bank_ra_data_o_reg[0][14]/D","VRF/read/writeback","FDCE=2;LUT4=1;LUT5=2;LUT6=2;RAMD64E=1"
20,-0.511,5.000,5.508,1.210,4.298,0.780,6,"uop_p0_q_reg[op_type][1]/C","i_vrf/bank_ra_data_o_reg[0][15]/D","VRF/read/writeback","FDCE=2;LUT4=1;LUT5=2;LUT6=2;RAMD64E=1"
21,-0.511,5.000,5.508,1.210,4.298,0.780,6,"uop_p0_q_reg[op_type][1]/C","i_vrf/bank_ra_data_o_reg[0][16]/D","VRF/read/writeback","FDCE=2;LUT4=1;LUT5=2;LUT6=2;RAMD64E=1"
22,-0.511,5.000,5.508,1.210,4.298,0.780,6,"uop_p0_q_reg[op_type][1]/C","i_vrf/bank_ra_data_o_reg[0][17]/D","VRF/read/writeback","FDCE=2;LUT4=1;LUT5=2;LUT6=2;RAMD64E=1"
23,-0.511,5.000,5.508,1.210,4.298,0.780,6,"uop_p0_q_reg[op_type][1]/C","i_vrf/bank_ra_data_o_reg[0][18]/D","VRF/read/writeback","FDCE=2;LUT4=1;LUT5=2;LUT6=2;RAMD64E=1"
24,-0.511,5.000,5.508,1.210,4.298,0.780,6,"uop_p0_q_reg[op_type][1]/C","i_vrf/bank_ra_data_o_reg[0][19]/D","VRF/read/writeback","FDCE=2;LUT4=1;LUT5=2;LUT6=2;RAMD64E=1"
25,-0.511,5.000,5.508,1.210,4.298,0.780,6,"uop_p0_q_reg[op_type][1]/C","i_vrf/bank_ra_data_o_reg[0][1]/D","VRF/read/writeback","FDCE=2;LUT4=1;LUT5=2;LUT6=2;RAMD64E=1"
26,-0.511,5.000,5.508,1.210,4.298,0.780,6,"uop_p0_q_reg[op_type][1]/C","i_vrf/bank_ra_data_o_reg[0][20]/D","VRF/read/writeback","FDCE=2;LUT4=1;LUT5=2;LUT6=2;RAMD64E=1"
27,-0.511,5.000,5.508,1.210,4.298,0.780,6,"uop_p0_q_reg[op_type][1]/C","i_vrf/bank_ra_data_o_reg[0][21]/D","VRF/read/writeback","FDCE=2;LUT4=1;LUT5=2;LUT6=2;RAMD64E=1"
28,-0.511,5.000,5.508,1.210,4.298,0.780,6,"uop_p0_q_reg[op_type][1]/C","i_vrf/bank_ra_data_o_reg[0][22]/D","VRF/read/writeback","FDCE=2;LUT4=1;LUT5=2;LUT6=2;RAMD64E=1"
29,-0.511,5.000,5.508,1.210,4.298,0.780,6,"uop_p0_q_reg[op_type][1]/C","i_vrf/bank_ra_data_o_reg[0][23]/D","VRF/read/writeback","FDCE=2;LUT4=1;LUT5=2;LUT6=2;RAMD64E=1"
30,-0.511,5.000,5.508,1.210,4.298,0.780,6,"uop_p0_q_reg[op_type][1]/C","i_vrf/bank_ra_data_o_reg[0][24]/D","VRF/read/writeback","FDCE=2;LUT4=1;LUT5=2;LUT6=2;RAMD64E=1"
31,-0.511,5.000,5.508,1.210,4.298,0.780,6,"uop_p0_q_reg[op_type][1]/C","i_vrf/bank_ra_data_o_reg[0][25]/D","VRF/read/writeback","FDCE=2;LUT4=1;LUT5=2;LUT6=2;RAMD64E=1"
32,-0.511,5.000,5.508,1.210,4.298,0.780,6,"uop_p0_q_reg[op_type][1]/C","i_vrf/bank_ra_data_o_reg[0][26]/D","VRF/read/writeback","FDCE=2;LUT4=1;LUT5=2;LUT6=2;RAMD64E=1"
33,-0.511,5.000,5.508,1.210,4.298,0.780,6,"uop_p0_q_reg[op_type][1]/C","i_vrf/bank_ra_data_o_reg[0][27]/D","VRF/read/writeback","FDCE=2;LUT4=1;LUT5=2;LUT6=2;RAMD64E=1"
34,-0.511,5.000,5.508,1.210,4.298,0.780,6,"uop_p0_q_reg[op_type][1]/C","i_vrf/bank_ra_data_o_reg[0][28]/D","VRF/read/writeback","FDCE=2;LUT4=1;LUT5=2;LUT6=2;RAMD64E=1"
35,-0.511,5.000,5.508,1.210,4.298,0.780,6,"uop_p0_q_reg[op_type][1]/C","i_vrf/bank_ra_data_o_reg[0][29]/D","VRF/read/writeback","FDCE=2;LUT4=1;LUT5=2;LUT6=2;RAMD64E=1"
36,-0.511,5.000,5.508,1.210,4.298,0.780,6,"uop_p0_q_reg[op_type][1]/C","i_vrf/bank_ra_data_o_reg[0][2]/D","VRF/read/writeback","FDCE=2;LUT4=1;LUT5=2;LUT6=2;RAMD64E=1"
37,-0.511,5.000,5.508,1.210,4.298,0.780,6,"uop_p0_q_reg[op_type][1]/C","i_vrf/bank_ra_data_o_reg[0][30]/D","VRF/read/writeback","FDCE=2;LUT4=1;LUT5=2;LUT6=2;RAMD64E=1"
38,-0.511,5.000,5.508,1.210,4.298,0.780,6,"uop_p0_q_reg[op_type][1]/C","i_vrf/bank_ra_data_o_reg[0][31]/D","VRF/read/writeback","FDCE=2;LUT4=1;LUT5=2;LUT6=2;RAMD64E=1"
39,-0.511,5.000,5.508,1.210,4.298,0.780,6,"uop_p0_q_reg[op_type][1]/C","i_vrf/bank_ra_data_o_reg[0][32]/D","VRF/read/writeback","FDCE=2;LUT4=1;LUT5=2;LUT6=2;RAMD64E=1"
40,-0.511,5.000,5.508,1.210,4.298,0.780,6,"uop_p0_q_reg[op_type][1]/C","i_vrf/bank_ra_data_o_reg[0][33]/D","VRF/read/writeback","FDCE=2;LUT4=1;LUT5=2;LUT6=2;RAMD64E=1"
41,-0.511,5.000,5.508,1.210,4.298,0.780,6,"uop_p0_q_reg[op_type][1]/C","i_vrf/bank_ra_data_o_reg[0][34]/D","VRF/read/writeback","FDCE=2;LUT4=1;LUT5=2;LUT6=2;RAMD64E=1"
42,-0.511,5.000,5.508,1.210,4.298,0.780,6,"uop_p0_q_reg[op_type][1]/C","i_vrf/bank_ra_data_o_reg[0][35]/D","VRF/read/writeback","FDCE=2;LUT4=1;LUT5=2;LUT6=2;RAMD64E=1"
43,-0.511,5.000,5.508,1.210,4.298,0.780,6,"uop_p0_q_reg[op_type][1]/C","i_vrf/bank_ra_data_o_reg[0][36]/D","VRF/read/writeback","FDCE=2;LUT4=1;LUT5=2;LUT6=2;RAMD64E=1"
44,-0.511,5.000,5.508,1.210,4.298,0.780,6,"uop_p0_q_reg[op_type][1]/C","i_vrf/bank_ra_data_o_reg[0][37]/D","VRF/read/writeback","FDCE=2;LUT4=1;LUT5=2;LUT6=2;RAMD64E=1"
45,-0.511,5.000,5.508,1.210,4.298,0.780,6,"uop_p0_q_reg[op_type][1]/C","i_vrf/bank_ra_data_o_reg[0][38]/D","VRF/read/writeback","FDCE=2;LUT4=1;LUT5=2;LUT6=2;RAMD64E=1"
46,-0.511,5.000,5.508,1.210,4.298,0.780,6,"uop_p0_q_reg[op_type][1]/C","i_vrf/bank_ra_data_o_reg[0][39]/D","VRF/read/writeback","FDCE=2;LUT4=1;LUT5=2;LUT6=2;RAMD64E=1"
47,-0.511,5.000,5.508,1.210,4.298,0.780,6,"uop_p0_q_reg[op_type][1]/C","i_vrf/bank_ra_data_o_reg[0][3]/D","VRF/read/writeback","FDCE=2;LUT4=1;LUT5=2;LUT6=2;RAMD64E=1"
48,-0.511,5.000,5.508,1.210,4.298,0.780,6,"uop_p0_q_reg[op_type][1]/C","i_vrf/bank_ra_data_o_reg[0][40]/D","VRF/read/writeback","FDCE=2;LUT4=1;LUT5=2;LUT6=2;RAMD64E=1"
49,-0.511,5.000,5.508,1.210,4.298,0.780,6,"uop_p0_q_reg[op_type][1]/C","i_vrf/bank_ra_data_o_reg[0][41]/D","VRF/read/writeback","FDCE=2;LUT4=1;LUT5=2;LUT6=2;RAMD64E=1"
50,-0.511,5.000,5.508,1.210,4.298,0.780,6,"uop_p0_q_reg[op_type][1]/C","i_vrf/bank_ra_data_o_reg[0][42]/D","VRF/read/writeback","FDCE=2;LUT4=1;LUT5=2;LUT6=2;RAMD64E=1"
51,-0.511,5.000,5.508,1.210,4.298,0.780,6,"uop_p0_q_reg[op_type][1]/C","i_vrf/bank_ra_data_o_reg[0][43]/D","VRF/read/writeback","FDCE=2;LUT4=1;LUT5=2;LUT6=2;RAMD64E=1"
52,-0.511,5.000,5.508,1.210,4.298,0.780,6,"uop_p0_q_reg[op_type][1]/C","i_vrf/bank_ra_data_o_reg[0][44]/D","VRF/read/writeback","FDCE=2;LUT4=1;LUT5=2;LUT6=2;RAMD64E=1"
53,-0.511,5.000,5.508,1.210,4.298,0.780,6,"uop_p0_q_reg[op_type][1]/C","i_vrf/bank_ra_data_o_reg[0][45]/D","VRF/read/writeback","FDCE=2;LUT4=1;LUT5=2;LUT6=2;RAMD64E=1"
54,-0.511,5.000,5.508,1.210,4.298,0.780,6,"uop_p0_q_reg[op_type][1]/C","i_vrf/bank_ra_data_o_reg[0][46]/D","VRF/read/writeback","FDCE=2;LUT4=1;LUT5=2;LUT6=2;RAMD64E=1"
55,-0.511,5.000,5.508,1.210,4.298,0.780,6,"uop_p0_q_reg[op_type][1]/C","i_vrf/bank_ra_data_o_reg[0][47]/D","VRF/read/writeback","FDCE=2;LUT4=1;LUT5=2;LUT6=2;RAMD64E=1"
56,-0.511,5.000,5.508,1.210,4.298,0.780,6,"uop_p0_q_reg[op_type][1]/C","i_vrf/bank_ra_data_o_reg[0][48]/D","VRF/read/writeback","FDCE=2;LUT4=1;LUT5=2;LUT6=2;RAMD64E=1"
57,-0.511,5.000,5.508,1.210,4.298,0.780,6,"uop_p0_q_reg[op_type][1]/C","i_vrf/bank_ra_data_o_reg[0][49]/D","VRF/read/writeback","FDCE=2;LUT4=1;LUT5=2;LUT6=2;RAMD64E=1"
58,-0.511,5.000,5.508,1.210,4.298,0.780,6,"uop_p0_q_reg[op_type][1]/C","i_vrf/bank_ra_data_o_reg[0][4]/D","VRF/read/writeback","FDCE=2;LUT4=1;LUT5=2;LUT6=2;RAMD64E=1"
59,-0.511,5.000,5.508,1.210,4.298,0.780,6,"uop_p0_q_reg[op_type][1]/C","i_vrf/bank_ra_data_o_reg[0][50]/D","VRF/read/writeback","FDCE=2;LUT4=1;LUT5=2;LUT6=2;RAMD64E=1"
60,-0.511,5.000,5.508,1.210,4.298,0.780,6,"uop_p0_q_reg[op_type][1]/C","i_vrf/bank_ra_data_o_reg[0][51]/D","VRF/read/writeback","FDCE=2;LUT4=1;LUT5=2;LUT6=2;RAMD64E=1"
61,-0.511,5.000,5.508,1.210,4.298,0.780,6,"uop_p0_q_reg[op_type][1]/C","i_vrf/bank_ra_data_o_reg[0][52]/D","VRF/read/writeback","FDCE=2;LUT4=1;LUT5=2;LUT6=2;RAMD64E=1"
62,-0.511,5.000,5.508,1.210,4.298,0.780,6,"uop_p0_q_reg[op_type][1]/C","i_vrf/bank_ra_data_o_reg[0][53]/D","VRF/read/writeback","FDCE=2;LUT4=1;LUT5=2;LUT6=2;RAMD64E=1"
63,-0.511,5.000,5.508,1.210,4.298,0.780,6,"uop_p0_q_reg[op_type][1]/C","i_vrf/bank_ra_data_o_reg[0][54]/D","VRF/read/writeback","FDCE=2;LUT4=1;LUT5=2;LUT6=2;RAMD64E=1"
64,-0.511,5.000,5.508,1.210,4.298,0.780,6,"uop_p0_q_reg[op_type][1]/C","i_vrf/bank_ra_data_o_reg[0][55]/D","VRF/read/writeback","FDCE=2;LUT4=1;LUT5=2;LUT6=2;RAMD64E=1"
65,-0.511,5.000,5.508,1.210,4.298,0.780,6,"uop_p0_q_reg[op_type][1]/C","i_vrf/bank_ra_data_o_reg[0][56]/D","VRF/read/writeback","FDCE=2;LUT4=1;LUT5=2;LUT6=2;RAMD64E=1"
66,-0.511,5.000,5.508,1.210,4.298,0.780,6,"uop_p0_q_reg[op_type][1]/C","i_vrf/bank_ra_data_o_reg[0][57]/D","VRF/read/writeback","FDCE=2;LUT4=1;LUT5=2;LUT6=2;RAMD64E=1"
67,-0.511,5.000,5.508,1.210,4.298,0.780,6,"uop_p0_q_reg[op_type][1]/C","i_vrf/bank_ra_data_o_reg[0][58]/D","VRF/read/writeback","FDCE=2;LUT4=1;LUT5=2;LUT6=2;RAMD64E=1"
68,-0.511,5.000,5.508,1.210,4.298,0.780,6,"uop_p0_q_reg[op_type][1]/C","i_vrf/bank_ra_data_o_reg[0][59]/D","VRF/read/writeback","FDCE=2;LUT4=1;LUT5=2;LUT6=2;RAMD64E=1"
69,-0.511,5.000,5.508,1.210,4.298,0.780,6,"uop_p0_q_reg[op_type][1]/C","i_vrf/bank_ra_data_o_reg[0][5]/D","VRF/read/writeback","FDCE=2;LUT4=1;LUT5=2;LUT6=2;RAMD64E=1"
70,-0.511,5.000,5.508,1.210,4.298,0.780,6,"uop_p0_q_reg[op_type][1]/C","i_vrf/bank_ra_data_o_reg[0][60]/D","VRF/read/writeback","FDCE=2;LUT4=1;LUT5=2;LUT6=2;RAMD64E=1"
71,-0.511,5.000,5.508,1.210,4.298,0.780,6,"uop_p0_q_reg[op_type][1]/C","i_vrf/bank_ra_data_o_reg[0][61]/D","VRF/read/writeback","FDCE=2;LUT4=1;LUT5=2;LUT6=2;RAMD64E=1"
72,-0.511,5.000,5.508,1.210,4.298,0.780,6,"uop_p0_q_reg[op_type][1]/C","i_vrf/bank_ra_data_o_reg[0][62]/D","VRF/read/writeback","FDCE=2;LUT4=1;LUT5=2;LUT6=2;RAMD64E=1"
73,-0.511,5.000,5.508,1.210,4.298,0.780,6,"uop_p0_q_reg[op_type][1]/C","i_vrf/bank_ra_data_o_reg[0][63]/D","VRF/read/writeback","FDCE=2;LUT4=1;LUT5=2;LUT6=2;RAMD64E=1"
74,-0.511,5.000,5.508,1.210,4.298,0.780,6,"uop_p0_q_reg[op_type][1]/C","i_vrf/bank_ra_data_o_reg[0][6]/D","VRF/read/writeback","FDCE=2;LUT4=1;LUT5=2;LUT6=2;RAMD64E=1"
75,-0.511,5.000,5.508,1.210,4.298,0.780,6,"uop_p0_q_reg[op_type][1]/C","i_vrf/bank_ra_data_o_reg[0][7]/D","VRF/read/writeback","FDCE=2;LUT4=1;LUT5=2;LUT6=2;RAMD64E=1"
76,-0.511,5.000,5.508,1.210,4.298,0.780,6,"uop_p0_q_reg[op_type][1]/C","i_vrf/bank_ra_data_o_reg[0][8]/D","VRF/read/writeback","FDCE=2;LUT4=1;LUT5=2;LUT6=2;RAMD64E=1"
77,-0.511,5.000,5.508,1.210,4.298,0.780,6,"uop_p0_q_reg[op_type][1]/C","i_vrf/bank_ra_data_o_reg[0][9]/D","VRF/read/writeback","FDCE=2;LUT4=1;LUT5=2;LUT6=2;RAMD64E=1"
78,-0.511,5.000,5.508,1.210,4.298,0.780,6,"uop_p0_q_reg[op_type][1]/C","i_vrf/bank_ra_data_o_reg[1][0]/D","VRF/read/writeback","FDCE=2;LUT4=1;LUT5=2;LUT6=2;RAMD64E=1"
79,-0.511,5.000,5.508,1.210,4.298,0.780,6,"uop_p0_q_reg[op_type][1]/C","i_vrf/bank_ra_data_o_reg[1][10]/D","VRF/read/writeback","FDCE=2;LUT4=1;LUT5=2;LUT6=2;RAMD64E=1"
80,-0.511,5.000,5.508,1.210,4.298,0.780,6,"uop_p0_q_reg[op_type][1]/C","i_vrf/bank_ra_data_o_reg[1][11]/D","VRF/read/writeback","FDCE=2;LUT4=1;LUT5=2;LUT6=2;RAMD64E=1"
81,-0.511,5.000,5.508,1.210,4.298,0.780,6,"uop_p0_q_reg[op_type][1]/C","i_vrf/bank_ra_data_o_reg[1][12]/D","VRF/read/writeback","FDCE=2;LUT4=1;LUT5=2;LUT6=2;RAMD64E=1"
82,-0.511,5.000,5.508,1.210,4.298,0.780,6,"uop_p0_q_reg[op_type][1]/C","i_vrf/bank_ra_data_o_reg[1][13]/D","VRF/read/writeback","FDCE=2;LUT4=1;LUT5=2;LUT6=2;RAMD64E=1"
83,-0.511,5.000,5.508,1.210,4.298,0.780,6,"uop_p0_q_reg[op_type][1]/C","i_vrf/bank_ra_data_o_reg[1][14]/D","VRF/read/writeback","FDCE=2;LUT4=1;LUT5=2;LUT6=2;RAMD64E=1"
84,-0.511,5.000,5.508,1.210,4.298,0.780,6,"uop_p0_q_reg[op_type][1]/C","i_vrf/bank_ra_data_o_reg[1][15]/D","VRF/read/writeback","FDCE=2;LUT4=1;LUT5=2;LUT6=2;RAMD64E=1"
85,-0.511,5.000,5.508,1.210,4.298,0.780,6,"uop_p0_q_reg[op_type][1]/C","i_vrf/bank_ra_data_o_reg[1][16]/D","VRF/read/writeback","FDCE=2;LUT4=1;LUT5=2;LUT6=2;RAMD64E=1"
86,-0.511,5.000,5.508,1.210,4.298,0.780,6,"uop_p0_q_reg[op_type][1]/C","i_vrf/bank_ra_data_o_reg[1][17]/D","VRF/read/writeback","FDCE=2;LUT4=1;LUT5=2;LUT6=2;RAMD64E=1"
87,-0.511,5.000,5.508,1.210,4.298,0.780,6,"uop_p0_q_reg[op_type][1]/C","i_vrf/bank_ra_data_o_reg[1][18]/D","VRF/read/writeback","FDCE=2;LUT4=1;LUT5=2;LUT6=2;RAMD64E=1"
88,-0.511,5.000,5.508,1.210,4.298,0.780,6,"uop_p0_q_reg[op_type][1]/C","i_vrf/bank_ra_data_o_reg[1][19]/D","VRF/read/writeback","FDCE=2;LUT4=1;LUT5=2;LUT6=2;RAMD64E=1"
89,-0.511,5.000,5.508,1.210,4.298,0.780,6,"uop_p0_q_reg[op_type][1]/C","i_vrf/bank_ra_data_o_reg[1][1]/D","VRF/read/writeback","FDCE=2;LUT4=1;LUT5=2;LUT6=2;RAMD64E=1"
90,-0.511,5.000,5.508,1.210,4.298,0.780,6,"uop_p0_q_reg[op_type][1]/C","i_vrf/bank_ra_data_o_reg[1][20]/D","VRF/read/writeback","FDCE=2;LUT4=1;LUT5=2;LUT6=2;RAMD64E=1"
91,-0.511,5.000,5.508,1.210,4.298,0.780,6,"uop_p0_q_reg[op_type][1]/C","i_vrf/bank_ra_data_o_reg[1][21]/D","VRF/read/writeback","FDCE=2;LUT4=1;LUT5=2;LUT6=2;RAMD64E=1"
92,-0.511,5.000,5.508,1.210,4.298,0.780,6,"uop_p0_q_reg[op_type][1]/C","i_vrf/bank_ra_data_o_reg[1][22]/D","VRF/read/writeback","FDCE=2;LUT4=1;LUT5=2;LUT6=2;RAMD64E=1"
93,-0.511,5.000,5.508,1.210,4.298,0.780,6,"uop_p0_q_reg[op_type][1]/C","i_vrf/bank_ra_data_o_reg[1][23]/D","VRF/read/writeback","FDCE=2;LUT4=1;LUT5=2;LUT6=2;RAMD64E=1"
94,-0.511,5.000,5.508,1.210,4.298,0.780,6,"uop_p0_q_reg[op_type][1]/C","i_vrf/bank_ra_data_o_reg[1][24]/D","VRF/read/writeback","FDCE=2;LUT4=1;LUT5=2;LUT6=2;RAMD64E=1"
95,-0.511,5.000,5.508,1.210,4.298,0.780,6,"uop_p0_q_reg[op_type][1]/C","i_vrf/bank_ra_data_o_reg[1][25]/D","VRF/read/writeback","FDCE=2;LUT4=1;LUT5=2;LUT6=2;RAMD64E=1"
96,-0.511,5.000,5.508,1.210,4.298,0.780,6,"uop_p0_q_reg[op_type][1]/C","i_vrf/bank_ra_data_o_reg[1][26]/D","VRF/read/writeback","FDCE=2;LUT4=1;LUT5=2;LUT6=2;RAMD64E=1"
97,-0.511,5.000,5.508,1.210,4.298,0.780,6,"uop_p0_q_reg[op_type][1]/C","i_vrf/bank_ra_data_o_reg[1][27]/D","VRF/read/writeback","FDCE=2;LUT4=1;LUT5=2;LUT6=2;RAMD64E=1"
98,-0.511,5.000,5.508,1.210,4.298,0.780,6,"uop_p0_q_reg[op_type][1]/C","i_vrf/bank_ra_data_o_reg[1][28]/D","VRF/read/writeback","FDCE=2;LUT4=1;LUT5=2;LUT6=2;RAMD64E=1"
99,-0.511,5.000,5.508,1.210,4.298,0.780,6,"uop_p0_q_reg[op_type][1]/C","i_vrf/bank_ra_data_o_reg[1][29]/D","VRF/read/writeback","FDCE=2;LUT4=1;LUT5=2;LUT6=2;RAMD64E=1"
100,-0.511,5.000,5.508,1.210,4.298,0.780,6,"uop_p0_q_reg[op_type][1]/C","i_vrf/bank_ra_data_o_reg[1][2]/D","VRF/read/writeback","FDCE=2;LUT4=1;LUT5=2;LUT6=2;RAMD64E=1"
101,-0.511,5.000,5.508,1.210,4.298,0.780,6,"uop_p0_q_reg[op_type][1]/C","i_vrf/bank_ra_data_o_reg[1][30]/D","VRF/read/writeback","FDCE=2;LUT4=1;LUT5=2;LUT6=2;RAMD64E=1"
102,-0.511,5.000,5.508,1.210,4.298,0.780,6,"uop_p0_q_reg[op_type][1]/C","i_vrf/bank_ra_data_o_reg[1][31]/D","VRF/read/writeback","FDCE=2;LUT4=1;LUT5=2;LUT6=2;RAMD64E=1"
103,-0.511,5.000,5.508,1.210,4.298,0.780,6,"uop_p0_q_reg[op_type][1]/C","i_vrf/bank_ra_data_o_reg[1][32]/D","VRF/read/writeback","FDCE=2;LUT4=1;LUT5=2;LUT6=2;RAMD64E=1"
104,-0.511,5.000,5.508,1.210,4.298,0.780,6,"uop_p0_q_reg[op_type][1]/C","i_vrf/bank_ra_data_o_reg[1][33]/D","VRF/read/writeback","FDCE=2;LUT4=1;LUT5=2;LUT6=2;RAMD64E=1"
105,-0.511,5.000,5.508,1.210,4.298,0.780,6,"uop_p0_q_reg[op_type][1]/C","i_vrf/bank_ra_data_o_reg[1][34]/D","VRF/read/writeback","FDCE=2;LUT4=1;LUT5=2;LUT6=2;RAMD64E=1"
106,-0.511,5.000,5.508,1.210,4.298,0.780,6,"uop_p0_q_reg[op_type][1]/C","i_vrf/bank_ra_data_o_reg[1][35]/D","VRF/read/writeback","FDCE=2;LUT4=1;LUT5=2;LUT6=2;RAMD64E=1"
107,-0.511,5.000,5.508,1.210,4.298,0.780,6,"uop_p0_q_reg[op_type][1]/C","i_vrf/bank_ra_data_o_reg[1][36]/D","VRF/read/writeback","FDCE=2;LUT4=1;LUT5=2;LUT6=2;RAMD64E=1"
108,-0.511,5.000,5.508,1.210,4.298,0.780,6,"uop_p0_q_reg[op_type][1]/C","i_vrf/bank_ra_data_o_reg[1][37]/D","VRF/read/writeback","FDCE=2;LUT4=1;LUT5=2;LUT6=2;RAMD64E=1"
109,-0.511,5.000,5.508,1.210,4.298,0.780,6,"uop_p0_q_reg[op_type][1]/C","i_vrf/bank_ra_data_o_reg[1][38]/D","VRF/read/writeback","FDCE=2;LUT4=1;LUT5=2;LUT6=2;RAMD64E=1"
110,-0.511,5.000,5.508,1.210,4.298,0.780,6,"uop_p0_q_reg[op_type][1]/C","i_vrf/bank_ra_data_o_reg[1][39]/D","VRF/read/writeback","FDCE=2;LUT4=1;LUT5=2;LUT6=2;RAMD64E=1"
111,-0.511,5.000,5.508,1.210,4.298,0.780,6,"uop_p0_q_reg[op_type][1]/C","i_vrf/bank_ra_data_o_reg[1][3]/D","VRF/read/writeback","FDCE=2;LUT4=1;LUT5=2;LUT6=2;RAMD64E=1"
112,-0.511,5.000,5.508,1.210,4.298,0.780,6,"uop_p0_q_reg[op_type][1]/C","i_vrf/bank_ra_data_o_reg[1][40]/D","VRF/read/writeback","FDCE=2;LUT4=1;LUT5=2;LUT6=2;RAMD64E=1"
113,-0.511,5.000,5.508,1.210,4.298,0.780,6,"uop_p0_q_reg[op_type][1]/C","i_vrf/bank_ra_data_o_reg[1][41]/D","VRF/read/writeback","FDCE=2;LUT4=1;LUT5=2;LUT6=2;RAMD64E=1"
114,-0.511,5.000,5.508,1.210,4.298,0.780,6,"uop_p0_q_reg[op_type][1]/C","i_vrf/bank_ra_data_o_reg[1][42]/D","VRF/read/writeback","FDCE=2;LUT4=1;LUT5=2;LUT6=2;RAMD64E=1"
115,-0.511,5.000,5.508,1.210,4.298,0.780,6,"uop_p0_q_reg[op_type][1]/C","i_vrf/bank_ra_data_o_reg[1][43]/D","VRF/read/writeback","FDCE=2;LUT4=1;LUT5=2;LUT6=2;RAMD64E=1"
116,-0.511,5.000,5.508,1.210,4.298,0.780,6,"uop_p0_q_reg[op_type][1]/C","i_vrf/bank_ra_data_o_reg[1][44]/D","VRF/read/writeback","FDCE=2;LUT4=1;LUT5=2;LUT6=2;RAMD64E=1"
117,-0.511,5.000,5.508,1.210,4.298,0.780,6,"uop_p0_q_reg[op_type][1]/C","i_vrf/bank_ra_data_o_reg[1][45]/D","VRF/read/writeback","FDCE=2;LUT4=1;LUT5=2;LUT6=2;RAMD64E=1"
118,-0.511,5.000,5.508,1.210,4.298,0.780,6,"uop_p0_q_reg[op_type][1]/C","i_vrf/bank_ra_data_o_reg[1][46]/D","VRF/read/writeback","FDCE=2;LUT4=1;LUT5=2;LUT6=2;RAMD64E=1"
119,-0.511,5.000,5.508,1.210,4.298,0.780,6,"uop_p0_q_reg[op_type][1]/C","i_vrf/bank_ra_data_o_reg[1][47]/D","VRF/read/writeback","FDCE=2;LUT4=1;LUT5=2;LUT6=2;RAMD64E=1"
120,-0.511,5.000,5.508,1.210,4.298,0.780,6,"uop_p0_q_reg[op_type][1]/C","i_vrf/bank_ra_data_o_reg[1][48]/D","VRF/read/writeback","FDCE=2;LUT4=1;LUT5=2;LUT6=2;RAMD64E=1"
121,-0.511,5.000,5.508,1.210,4.298,0.780,6,"uop_p0_q_reg[op_type][1]/C","i_vrf/bank_ra_data_o_reg[1][49]/D","VRF/read/writeback","FDCE=2;LUT4=1;LUT5=2;LUT6=2;RAMD64E=1"
122,-0.511,5.000,5.508,1.210,4.298,0.780,6,"uop_p0_q_reg[op_type][1]/C","i_vrf/bank_ra_data_o_reg[1][4]/D","VRF/read/writeback","FDCE=2;LUT4=1;LUT5=2;LUT6=2;RAMD64E=1"
123,-0.511,5.000,5.508,1.210,4.298,0.780,6,"uop_p0_q_reg[op_type][1]/C","i_vrf/bank_ra_data_o_reg[1][50]/D","VRF/read/writeback","FDCE=2;LUT4=1;LUT5=2;LUT6=2;RAMD64E=1"
124,-0.511,5.000,5.508,1.210,4.298,0.780,6,"uop_p0_q_reg[op_type][1]/C","i_vrf/bank_ra_data_o_reg[1][51]/D","VRF/read/writeback","FDCE=2;LUT4=1;LUT5=2;LUT6=2;RAMD64E=1"
125,-0.511,5.000,5.508,1.210,4.298,0.780,6,"uop_p0_q_reg[op_type][1]/C","i_vrf/bank_ra_data_o_reg[1][52]/D","VRF/read/writeback","FDCE=2;LUT4=1;LUT5=2;LUT6=2;RAMD64E=1"
126,-0.511,5.000,5.508,1.210,4.298,0.780,6,"uop_p0_q_reg[op_type][1]/C","i_vrf/bank_ra_data_o_reg[1][53]/D","VRF/read/writeback","FDCE=2;LUT4=1;LUT5=2;LUT6=2;RAMD64E=1"
127,-0.511,5.000,5.508,1.210,4.298,0.780,6,"uop_p0_q_reg[op_type][1]/C","i_vrf/bank_ra_data_o_reg[1][54]/D","VRF/read/writeback","FDCE=2;LUT4=1;LUT5=2;LUT6=2;RAMD64E=1"
128,-0.511,5.000,5.508,1.210,4.298,0.780,6,"uop_p0_q_reg[op_type][1]/C","i_vrf/bank_ra_data_o_reg[1][55]/D","VRF/read/writeback","FDCE=2;LUT4=1;LUT5=2;LUT6=2;RAMD64E=1"
129,-0.511,5.000,5.508,1.210,4.298,0.780,6,"uop_p0_q_reg[op_type][1]/C","i_vrf/bank_ra_data_o_reg[1][56]/D","VRF/read/writeback","FDCE=2;LUT4=1;LUT5=2;LUT6=2;RAMD64E=1"
130,-0.511,5.000,5.508,1.210,4.298,0.780,6,"uop_p0_q_reg[op_type][1]/C","i_vrf/bank_ra_data_o_reg[1][57]/D","VRF/read/writeback","FDCE=2;LUT4=1;LUT5=2;LUT6=2;RAMD64E=1"
131,-0.511,5.000,5.508,1.210,4.298,0.780,6,"uop_p0_q_reg[op_type][1]/C","i_vrf/bank_ra_data_o_reg[1][58]/D","VRF/read/writeback","FDCE=2;LUT4=1;LUT5=2;LUT6=2;RAMD64E=1"
132,-0.511,5.000,5.508,1.210,4.298,0.780,6,"uop_p0_q_reg[op_type][1]/C","i_vrf/bank_ra_data_o_reg[1][59]/D","VRF/read/writeback","FDCE=2;LUT4=1;LUT5=2;LUT6=2;RAMD64E=1"
133,-0.511,5.000,5.508,1.210,4.298,0.780,6,"uop_p0_q_reg[op_type][1]/C","i_vrf/bank_ra_data_o_reg[1][5]/D","VRF/read/writeback","FDCE=2;LUT4=1;LUT5=2;LUT6=2;RAMD64E=1"
134,-0.511,5.000,5.508,1.210,4.298,0.780,6,"uop_p0_q_reg[op_type][1]/C","i_vrf/bank_ra_data_o_reg[1][60]/D","VRF/read/writeback","FDCE=2;LUT4=1;LUT5=2;LUT6=2;RAMD64E=1"
135,-0.511,5.000,5.508,1.210,4.298,0.780,6,"uop_p0_q_reg[op_type][1]/C","i_vrf/bank_ra_data_o_reg[1][61]/D","VRF/read/writeback","FDCE=2;LUT4=1;LUT5=2;LUT6=2;RAMD64E=1"
136,-0.511,5.000,5.508,1.210,4.298,0.780,6,"uop_p0_q_reg[op_type][1]/C","i_vrf/bank_ra_data_o_reg[1][62]/D","VRF/read/writeback","FDCE=2;LUT4=1;LUT5=2;LUT6=2;RAMD64E=1"
137,-0.511,5.000,5.508,1.210,4.298,0.780,6,"uop_p0_q_reg[op_type][1]/C","i_vrf/bank_ra_data_o_reg[1][63]/D","VRF/read/writeback","FDCE=2;LUT4=1;LUT5=2;LUT6=2;RAMD64E=1"
138,-0.511,5.000,5.508,1.210,4.298,0.780,6,"uop_p0_q_reg[op_type][1]/C","i_vrf/bank_ra_data_o_reg[1][6]/D","VRF/read/writeback","FDCE=2;LUT4=1;LUT5=2;LUT6=2;RAMD64E=1"
139,-0.511,5.000,5.508,1.210,4.298,0.780,6,"uop_p0_q_reg[op_type][1]/C","i_vrf/bank_ra_data_o_reg[1][7]/D","VRF/read/writeback","FDCE=2;LUT4=1;LUT5=2;LUT6=2;RAMD64E=1"
140,-0.511,5.000,5.508,1.210,4.298,0.780,6,"uop_p0_q_reg[op_type][1]/C","i_vrf/bank_ra_data_o_reg[1][8]/D","VRF/read/writeback","FDCE=2;LUT4=1;LUT5=2;LUT6=2;RAMD64E=1"
141,-0.511,5.000,5.508,1.210,4.298,0.780,6,"uop_p0_q_reg[op_type][1]/C","i_vrf/bank_ra_data_o_reg[1][9]/D","VRF/read/writeback","FDCE=2;LUT4=1;LUT5=2;LUT6=2;RAMD64E=1"
142,-0.511,5.000,5.508,1.210,4.298,0.780,6,"uop_p0_q_reg[op_type][1]/C","i_vrf/bank_ra_data_o_reg[2][0]/D","VRF/read/writeback","FDCE=2;LUT4=1;LUT5=2;LUT6=2;RAMD64E=1"
143,-0.511,5.000,5.508,1.210,4.298,0.780,6,"uop_p0_q_reg[op_type][1]/C","i_vrf/bank_ra_data_o_reg[2][10]/D","VRF/read/writeback","FDCE=2;LUT4=1;LUT5=2;LUT6=2;RAMD64E=1"
144,-0.511,5.000,5.508,1.210,4.298,0.780,6,"uop_p0_q_reg[op_type][1]/C","i_vrf/bank_ra_data_o_reg[2][11]/D","VRF/read/writeback","FDCE=2;LUT4=1;LUT5=2;LUT6=2;RAMD64E=1"
145,-0.511,5.000,5.508,1.210,4.298,0.780,6,"uop_p0_q_reg[op_type][1]/C","i_vrf/bank_ra_data_o_reg[2][12]/D","VRF/read/writeback","FDCE=2;LUT4=1;LUT5=2;LUT6=2;RAMD64E=1"
146,-0.511,5.000,5.508,1.210,4.298,0.780,6,"uop_p0_q_reg[op_type][1]/C","i_vrf/bank_ra_data_o_reg[2][13]/D","VRF/read/writeback","FDCE=2;LUT4=1;LUT5=2;LUT6=2;RAMD64E=1"
147,-0.511,5.000,5.508,1.210,4.298,0.780,6,"uop_p0_q_reg[op_type][1]/C","i_vrf/bank_ra_data_o_reg[2][14]/D","VRF/read/writeback","FDCE=2;LUT4=1;LUT5=2;LUT6=2;RAMD64E=1"
148,-0.511,5.000,5.508,1.210,4.298,0.780,6,"uop_p0_q_reg[op_type][1]/C","i_vrf/bank_ra_data_o_reg[2][15]/D","VRF/read/writeback","FDCE=2;LUT4=1;LUT5=2;LUT6=2;RAMD64E=1"
149,-0.511,5.000,5.508,1.210,4.298,0.780,6,"uop_p0_q_reg[op_type][1]/C","i_vrf/bank_ra_data_o_reg[2][16]/D","VRF/read/writeback","FDCE=2;LUT4=1;LUT5=2;LUT6=2;RAMD64E=1"
150,-0.511,5.000,5.508,1.210,4.298,0.780,6,"uop_p0_q_reg[op_type][1]/C","i_vrf/bank_ra_data_o_reg[2][17]/D","VRF/read/writeback","FDCE=2;LUT4=1;LUT5=2;LUT6=2;RAMD64E=1"
151,-0.511,5.000,5.508,1.210,4.298,0.780,6,"uop_p0_q_reg[op_type][1]/C","i_vrf/bank_ra_data_o_reg[2][18]/D","VRF/read/writeback","FDCE=2;LUT4=1;LUT5=2;LUT6=2;RAMD64E=1"
152,-0.511,5.000,5.508,1.210,4.298,0.780,6,"uop_p0_q_reg[op_type][1]/C","i_vrf/bank_ra_data_o_reg[2][19]/D","VRF/read/writeback","FDCE=2;LUT4=1;LUT5=2;LUT6=2;RAMD64E=1"
153,-0.511,5.000,5.508,1.210,4.298,0.780,6,"uop_p0_q_reg[op_type][1]/C","i_vrf/bank_ra_data_o_reg[2][1]/D","VRF/read/writeback","FDCE=2;LUT4=1;LUT5=2;LUT6=2;RAMD64E=1"
154,-0.511,5.000,5.508,1.210,4.298,0.780,6,"uop_p0_q_reg[op_type][1]/C","i_vrf/bank_ra_data_o_reg[2][20]/D","VRF/read/writeback","FDCE=2;LUT4=1;LUT5=2;LUT6=2;RAMD64E=1"
155,-0.511,5.000,5.508,1.210,4.298,0.780,6,"uop_p0_q_reg[op_type][1]/C","i_vrf/bank_ra_data_o_reg[2][21]/D","VRF/read/writeback","FDCE=2;LUT4=1;LUT5=2;LUT6=2;RAMD64E=1"
156,-0.511,5.000,5.508,1.210,4.298,0.780,6,"uop_p0_q_reg[op_type][1]/C","i_vrf/bank_ra_data_o_reg[2][22]/D","VRF/read/writeback","FDCE=2;LUT4=1;LUT5=2;LUT6=2;RAMD64E=1"
157,-0.511,5.000,5.508,1.210,4.298,0.780,6,"uop_p0_q_reg[op_type][1]/C","i_vrf/bank_ra_data_o_reg[2][23]/D","VRF/read/writeback","FDCE=2;LUT4=1;LUT5=2;LUT6=2;RAMD64E=1"
158,-0.511,5.000,5.508,1.210,4.298,0.780,6,"uop_p0_q_reg[op_type][1]/C","i_vrf/bank_ra_data_o_reg[2][24]/D","VRF/read/writeback","FDCE=2;LUT4=1;LUT5=2;LUT6=2;RAMD64E=1"
159,-0.511,5.000,5.508,1.210,4.298,0.780,6,"uop_p0_q_reg[op_type][1]/C","i_vrf/bank_ra_data_o_reg[2][25]/D","VRF/read/writeback","FDCE=2;LUT4=1;LUT5=2;LUT6=2;RAMD64E=1"
160,-0.511,5.000,5.508,1.210,4.298,0.780,6,"uop_p0_q_reg[op_type][1]/C","i_vrf/bank_ra_data_o_reg[2][26]/D","VRF/read/writeback","FDCE=2;LUT4=1;LUT5=2;LUT6=2;RAMD64E=1"
161,-0.511,5.000,5.508,1.210,4.298,0.780,6,"uop_p0_q_reg[op_type][1]/C","i_vrf/bank_ra_data_o_reg[2][27]/D","VRF/read/writeback","FDCE=2;LUT4=1;LUT5=2;LUT6=2;RAMD64E=1"
162,-0.511,5.000,5.508,1.210,4.298,0.780,6,"uop_p0_q_reg[op_type][1]/C","i_vrf/bank_ra_data_o_reg[2][28]/D","VRF/read/writeback","FDCE=2;LUT4=1;LUT5=2;LUT6=2;RAMD64E=1"
163,-0.511,5.000,5.508,1.210,4.298,0.780,6,"uop_p0_q_reg[op_type][1]/C","i_vrf/bank_ra_data_o_reg[2][29]/D","VRF/read/writeback","FDCE=2;LUT4=1;LUT5=2;LUT6=2;RAMD64E=1"
164,-0.511,5.000,5.508,1.210,4.298,0.780,6,"uop_p0_q_reg[op_type][1]/C","i_vrf/bank_ra_data_o_reg[2][2]/D","VRF/read/writeback","FDCE=2;LUT4=1;LUT5=2;LUT6=2;RAMD64E=1"
165,-0.511,5.000,5.508,1.210,4.298,0.780,6,"uop_p0_q_reg[op_type][1]/C","i_vrf/bank_ra_data_o_reg[2][30]/D","VRF/read/writeback","FDCE=2;LUT4=1;LUT5=2;LUT6=2;RAMD64E=1"
166,-0.511,5.000,5.508,1.210,4.298,0.780,6,"uop_p0_q_reg[op_type][1]/C","i_vrf/bank_ra_data_o_reg[2][31]/D","VRF/read/writeback","FDCE=2;LUT4=1;LUT5=2;LUT6=2;RAMD64E=1"
167,-0.511,5.000,5.508,1.210,4.298,0.780,6,"uop_p0_q_reg[op_type][1]/C","i_vrf/bank_ra_data_o_reg[2][32]/D","VRF/read/writeback","FDCE=2;LUT4=1;LUT5=2;LUT6=2;RAMD64E=1"
168,-0.511,5.000,5.508,1.210,4.298,0.780,6,"uop_p0_q_reg[op_type][1]/C","i_vrf/bank_ra_data_o_reg[2][33]/D","VRF/read/writeback","FDCE=2;LUT4=1;LUT5=2;LUT6=2;RAMD64E=1"
169,-0.511,5.000,5.508,1.210,4.298,0.780,6,"uop_p0_q_reg[op_type][1]/C","i_vrf/bank_ra_data_o_reg[2][34]/D","VRF/read/writeback","FDCE=2;LUT4=1;LUT5=2;LUT6=2;RAMD64E=1"
170,-0.511,5.000,5.508,1.210,4.298,0.780,6,"uop_p0_q_reg[op_type][1]/C","i_vrf/bank_ra_data_o_reg[2][35]/D","VRF/read/writeback","FDCE=2;LUT4=1;LUT5=2;LUT6=2;RAMD64E=1"
171,-0.511,5.000,5.508,1.210,4.298,0.780,6,"uop_p0_q_reg[op_type][1]/C","i_vrf/bank_ra_data_o_reg[2][36]/D","VRF/read/writeback","FDCE=2;LUT4=1;LUT5=2;LUT6=2;RAMD64E=1"
172,-0.511,5.000,5.508,1.210,4.298,0.780,6,"uop_p0_q_reg[op_type][1]/C","i_vrf/bank_ra_data_o_reg[2][37]/D","VRF/read/writeback","FDCE=2;LUT4=1;LUT5=2;LUT6=2;RAMD64E=1"
173,-0.511,5.000,5.508,1.210,4.298,0.780,6,"uop_p0_q_reg[op_type][1]/C","i_vrf/bank_ra_data_o_reg[2][38]/D","VRF/read/writeback","FDCE=2;LUT4=1;LUT5=2;LUT6=2;RAMD64E=1"
174,-0.511,5.000,5.508,1.210,4.298,0.780,6,"uop_p0_q_reg[op_type][1]/C","i_vrf/bank_ra_data_o_reg[2][39]/D","VRF/read/writeback","FDCE=2;LUT4=1;LUT5=2;LUT6=2;RAMD64E=1"
175,-0.511,5.000,5.508,1.210,4.298,0.780,6,"uop_p0_q_reg[op_type][1]/C","i_vrf/bank_ra_data_o_reg[2][3]/D","VRF/read/writeback","FDCE=2;LUT4=1;LUT5=2;LUT6=2;RAMD64E=1"
176,-0.511,5.000,5.508,1.210,4.298,0.780,6,"uop_p0_q_reg[op_type][1]/C","i_vrf/bank_ra_data_o_reg[2][40]/D","VRF/read/writeback","FDCE=2;LUT4=1;LUT5=2;LUT6=2;RAMD64E=1"
177,-0.511,5.000,5.508,1.210,4.298,0.780,6,"uop_p0_q_reg[op_type][1]/C","i_vrf/bank_ra_data_o_reg[2][41]/D","VRF/read/writeback","FDCE=2;LUT4=1;LUT5=2;LUT6=2;RAMD64E=1"
178,-0.511,5.000,5.508,1.210,4.298,0.780,6,"uop_p0_q_reg[op_type][1]/C","i_vrf/bank_ra_data_o_reg[2][42]/D","VRF/read/writeback","FDCE=2;LUT4=1;LUT5=2;LUT6=2;RAMD64E=1"
179,-0.511,5.000,5.508,1.210,4.298,0.780,6,"uop_p0_q_reg[op_type][1]/C","i_vrf/bank_ra_data_o_reg[2][43]/D","VRF/read/writeback","FDCE=2;LUT4=1;LUT5=2;LUT6=2;RAMD64E=1"
180,-0.511,5.000,5.508,1.210,4.298,0.780,6,"uop_p0_q_reg[op_type][1]/C","i_vrf/bank_ra_data_o_reg[2][44]/D","VRF/read/writeback","FDCE=2;LUT4=1;LUT5=2;LUT6=2;RAMD64E=1"
181,-0.511,5.000,5.508,1.210,4.298,0.780,6,"uop_p0_q_reg[op_type][1]/C","i_vrf/bank_ra_data_o_reg[2][45]/D","VRF/read/writeback","FDCE=2;LUT4=1;LUT5=2;LUT6=2;RAMD64E=1"
182,-0.511,5.000,5.508,1.210,4.298,0.780,6,"uop_p0_q_reg[op_type][1]/C","i_vrf/bank_ra_data_o_reg[2][46]/D","VRF/read/writeback","FDCE=2;LUT4=1;LUT5=2;LUT6=2;RAMD64E=1"
183,-0.511,5.000,5.508,1.210,4.298,0.780,6,"uop_p0_q_reg[op_type][1]/C","i_vrf/bank_ra_data_o_reg[2][47]/D","VRF/read/writeback","FDCE=2;LUT4=1;LUT5=2;LUT6=2;RAMD64E=1"
184,-0.511,5.000,5.508,1.210,4.298,0.780,6,"uop_p0_q_reg[op_type][1]/C","i_vrf/bank_ra_data_o_reg[2][48]/D","VRF/read/writeback","FDCE=2;LUT4=1;LUT5=2;LUT6=2;RAMD64E=1"
185,-0.511,5.000,5.508,1.210,4.298,0.780,6,"uop_p0_q_reg[op_type][1]/C","i_vrf/bank_ra_data_o_reg[2][49]/D","VRF/read/writeback","FDCE=2;LUT4=1;LUT5=2;LUT6=2;RAMD64E=1"
186,-0.511,5.000,5.508,1.210,4.298,0.780,6,"uop_p0_q_reg[op_type][1]/C","i_vrf/bank_ra_data_o_reg[2][4]/D","VRF/read/writeback","FDCE=2;LUT4=1;LUT5=2;LUT6=2;RAMD64E=1"
187,-0.511,5.000,5.508,1.210,4.298,0.780,6,"uop_p0_q_reg[op_type][1]/C","i_vrf/bank_ra_data_o_reg[2][50]/D","VRF/read/writeback","FDCE=2;LUT4=1;LUT5=2;LUT6=2;RAMD64E=1"
188,-0.511,5.000,5.508,1.210,4.298,0.780,6,"uop_p0_q_reg[op_type][1]/C","i_vrf/bank_ra_data_o_reg[2][51]/D","VRF/read/writeback","FDCE=2;LUT4=1;LUT5=2;LUT6=2;RAMD64E=1"
189,-0.511,5.000,5.508,1.210,4.298,0.780,6,"uop_p0_q_reg[op_type][1]/C","i_vrf/bank_ra_data_o_reg[2][52]/D","VRF/read/writeback","FDCE=2;LUT4=1;LUT5=2;LUT6=2;RAMD64E=1"
190,-0.511,5.000,5.508,1.210,4.298,0.780,6,"uop_p0_q_reg[op_type][1]/C","i_vrf/bank_ra_data_o_reg[2][53]/D","VRF/read/writeback","FDCE=2;LUT4=1;LUT5=2;LUT6=2;RAMD64E=1"
191,-0.511,5.000,5.508,1.210,4.298,0.780,6,"uop_p0_q_reg[op_type][1]/C","i_vrf/bank_ra_data_o_reg[2][54]/D","VRF/read/writeback","FDCE=2;LUT4=1;LUT5=2;LUT6=2;RAMD64E=1"
192,-0.511,5.000,5.508,1.210,4.298,0.780,6,"uop_p0_q_reg[op_type][1]/C","i_vrf/bank_ra_data_o_reg[2][55]/D","VRF/read/writeback","FDCE=2;LUT4=1;LUT5=2;LUT6=2;RAMD64E=1"
193,-0.511,5.000,5.508,1.210,4.298,0.780,6,"uop_p0_q_reg[op_type][1]/C","i_vrf/bank_ra_data_o_reg[2][56]/D","VRF/read/writeback","FDCE=2;LUT4=1;LUT5=2;LUT6=2;RAMD64E=1"
194,-0.511,5.000,5.508,1.210,4.298,0.780,6,"uop_p0_q_reg[op_type][1]/C","i_vrf/bank_ra_data_o_reg[2][57]/D","VRF/read/writeback","FDCE=2;LUT4=1;LUT5=2;LUT6=2;RAMD64E=1"
195,-0.511,5.000,5.508,1.210,4.298,0.780,6,"uop_p0_q_reg[op_type][1]/C","i_vrf/bank_ra_data_o_reg[2][58]/D","VRF/read/writeback","FDCE=2;LUT4=1;LUT5=2;LUT6=2;RAMD64E=1"
196,-0.511,5.000,5.508,1.210,4.298,0.780,6,"uop_p0_q_reg[op_type][1]/C","i_vrf/bank_ra_data_o_reg[2][59]/D","VRF/read/writeback","FDCE=2;LUT4=1;LUT5=2;LUT6=2;RAMD64E=1"
197,-0.511,5.000,5.508,1.210,4.298,0.780,6,"uop_p0_q_reg[op_type][1]/C","i_vrf/bank_ra_data_o_reg[2][5]/D","VRF/read/writeback","FDCE=2;LUT4=1;LUT5=2;LUT6=2;RAMD64E=1"
198,-0.511,5.000,5.508,1.210,4.298,0.780,6,"uop_p0_q_reg[op_type][1]/C","i_vrf/bank_ra_data_o_reg[2][60]/D","VRF/read/writeback","FDCE=2;LUT4=1;LUT5=2;LUT6=2;RAMD64E=1"
199,-0.511,5.000,5.508,1.210,4.298,0.780,6,"uop_p0_q_reg[op_type][1]/C","i_vrf/bank_ra_data_o_reg[2][61]/D","VRF/read/writeback","FDCE=2;LUT4=1;LUT5=2;LUT6=2;RAMD64E=1"
200,-0.511,5.000,5.508,1.210,4.298,0.780,6,"uop_p0_q_reg[op_type][1]/C","i_vrf/bank_ra_data_o_reg[2][62]/D","VRF/read/writeback","FDCE=2;LUT4=1;LUT5=2;LUT6=2;RAMD64E=1"
201,-0.511,5.000,5.508,1.210,4.298,0.780,6,"uop_p0_q_reg[op_type][1]/C","i_vrf/bank_ra_data_o_reg[2][63]/D","VRF/read/writeback","FDCE=2;LUT4=1;LUT5=2;LUT6=2;RAMD64E=1"
202,-0.511,5.000,5.508,1.210,4.298,0.780,6,"uop_p0_q_reg[op_type][1]/C","i_vrf/bank_ra_data_o_reg[2][6]/D","VRF/read/writeback","FDCE=2;LUT4=1;LUT5=2;LUT6=2;RAMD64E=1"
203,-0.511,5.000,5.508,1.210,4.298,0.780,6,"uop_p0_q_reg[op_type][1]/C","i_vrf/bank_ra_data_o_reg[2][7]/D","VRF/read/writeback","FDCE=2;LUT4=1;LUT5=2;LUT6=2;RAMD64E=1"
204,-0.511,5.000,5.508,1.210,4.298,0.780,6,"uop_p0_q_reg[op_type][1]/C","i_vrf/bank_ra_data_o_reg[2][8]/D","VRF/read/writeback","FDCE=2;LUT4=1;LUT5=2;LUT6=2;RAMD64E=1"
205,-0.511,5.000,5.508,1.210,4.298,0.780,6,"uop_p0_q_reg[op_type][1]/C","i_vrf/bank_ra_data_o_reg[2][9]/D","VRF/read/writeback","FDCE=2;LUT4=1;LUT5=2;LUT6=2;RAMD64E=1"
206,-0.511,5.000,5.508,1.210,4.298,0.780,6,"uop_p0_q_reg[op_type][1]/C","i_vrf/bank_ra_data_o_reg[3][0]/D","VRF/read/writeback","FDCE=2;LUT4=1;LUT5=2;LUT6=2;RAMD64E=1"
207,-0.511,5.000,5.508,1.210,4.298,0.780,6,"uop_p0_q_reg[op_type][1]/C","i_vrf/bank_ra_data_o_reg[3][10]/D","VRF/read/writeback","FDCE=2;LUT4=1;LUT5=2;LUT6=2;RAMD64E=1"
208,-0.511,5.000,5.508,1.210,4.298,0.780,6,"uop_p0_q_reg[op_type][1]/C","i_vrf/bank_ra_data_o_reg[3][11]/D","VRF/read/writeback","FDCE=2;LUT4=1;LUT5=2;LUT6=2;RAMD64E=1"
209,-0.511,5.000,5.508,1.210,4.298,0.780,6,"uop_p0_q_reg[op_type][1]/C","i_vrf/bank_ra_data_o_reg[3][12]/D","VRF/read/writeback","FDCE=2;LUT4=1;LUT5=2;LUT6=2;RAMD64E=1"
210,-0.511,5.000,5.508,1.210,4.298,0.780,6,"uop_p0_q_reg[op_type][1]/C","i_vrf/bank_ra_data_o_reg[3][13]/D","VRF/read/writeback","FDCE=2;LUT4=1;LUT5=2;LUT6=2;RAMD64E=1"
211,-0.511,5.000,5.508,1.210,4.298,0.780,6,"uop_p0_q_reg[op_type][1]/C","i_vrf/bank_ra_data_o_reg[3][14]/D","VRF/read/writeback","FDCE=2;LUT4=1;LUT5=2;LUT6=2;RAMD64E=1"
212,-0.511,5.000,5.508,1.210,4.298,0.780,6,"uop_p0_q_reg[op_type][1]/C","i_vrf/bank_ra_data_o_reg[3][15]/D","VRF/read/writeback","FDCE=2;LUT4=1;LUT5=2;LUT6=2;RAMD64E=1"
213,-0.511,5.000,5.508,1.210,4.298,0.780,6,"uop_p0_q_reg[op_type][1]/C","i_vrf/bank_ra_data_o_reg[3][16]/D","VRF/read/writeback","FDCE=2;LUT4=1;LUT5=2;LUT6=2;RAMD64E=1"
214,-0.511,5.000,5.508,1.210,4.298,0.780,6,"uop_p0_q_reg[op_type][1]/C","i_vrf/bank_ra_data_o_reg[3][17]/D","VRF/read/writeback","FDCE=2;LUT4=1;LUT5=2;LUT6=2;RAMD64E=1"
215,-0.511,5.000,5.508,1.210,4.298,0.780,6,"uop_p0_q_reg[op_type][1]/C","i_vrf/bank_ra_data_o_reg[3][18]/D","VRF/read/writeback","FDCE=2;LUT4=1;LUT5=2;LUT6=2;RAMD64E=1"
216,-0.511,5.000,5.508,1.210,4.298,0.780,6,"uop_p0_q_reg[op_type][1]/C","i_vrf/bank_ra_data_o_reg[3][19]/D","VRF/read/writeback","FDCE=2;LUT4=1;LUT5=2;LUT6=2;RAMD64E=1"
217,-0.511,5.000,5.508,1.210,4.298,0.780,6,"uop_p0_q_reg[op_type][1]/C","i_vrf/bank_ra_data_o_reg[3][1]/D","VRF/read/writeback","FDCE=2;LUT4=1;LUT5=2;LUT6=2;RAMD64E=1"
218,-0.511,5.000,5.508,1.210,4.298,0.780,6,"uop_p0_q_reg[op_type][1]/C","i_vrf/bank_ra_data_o_reg[3][20]/D","VRF/read/writeback","FDCE=2;LUT4=1;LUT5=2;LUT6=2;RAMD64E=1"
219,-0.511,5.000,5.508,1.210,4.298,0.780,6,"uop_p0_q_reg[op_type][1]/C","i_vrf/bank_ra_data_o_reg[3][21]/D","VRF/read/writeback","FDCE=2;LUT4=1;LUT5=2;LUT6=2;RAMD64E=1"
220,-0.511,5.000,5.508,1.210,4.298,0.780,6,"uop_p0_q_reg[op_type][1]/C","i_vrf/bank_ra_data_o_reg[3][22]/D","VRF/read/writeback","FDCE=2;LUT4=1;LUT5=2;LUT6=2;RAMD64E=1"
221,-0.511,5.000,5.508,1.210,4.298,0.780,6,"uop_p0_q_reg[op_type][1]/C","i_vrf/bank_ra_data_o_reg[3][23]/D","VRF/read/writeback","FDCE=2;LUT4=1;LUT5=2;LUT6=2;RAMD64E=1"
222,-0.511,5.000,5.508,1.210,4.298,0.780,6,"uop_p0_q_reg[op_type][1]/C","i_vrf/bank_ra_data_o_reg[3][24]/D","VRF/read/writeback","FDCE=2;LUT4=1;LUT5=2;LUT6=2;RAMD64E=1"
223,-0.511,5.000,5.508,1.210,4.298,0.780,6,"uop_p0_q_reg[op_type][1]/C","i_vrf/bank_ra_data_o_reg[3][25]/D","VRF/read/writeback","FDCE=2;LUT4=1;LUT5=2;LUT6=2;RAMD64E=1"
224,-0.511,5.000,5.508,1.210,4.298,0.780,6,"uop_p0_q_reg[op_type][1]/C","i_vrf/bank_ra_data_o_reg[3][26]/D","VRF/read/writeback","FDCE=2;LUT4=1;LUT5=2;LUT6=2;RAMD64E=1"
225,-0.511,5.000,5.508,1.210,4.298,0.780,6,"uop_p0_q_reg[op_type][1]/C","i_vrf/bank_ra_data_o_reg[3][27]/D","VRF/read/writeback","FDCE=2;LUT4=1;LUT5=2;LUT6=2;RAMD64E=1"
226,-0.511,5.000,5.508,1.210,4.298,0.780,6,"uop_p0_q_reg[op_type][1]/C","i_vrf/bank_ra_data_o_reg[3][28]/D","VRF/read/writeback","FDCE=2;LUT4=1;LUT5=2;LUT6=2;RAMD64E=1"
227,-0.511,5.000,5.508,1.210,4.298,0.780,6,"uop_p0_q_reg[op_type][1]/C","i_vrf/bank_ra_data_o_reg[3][29]/D","VRF/read/writeback","FDCE=2;LUT4=1;LUT5=2;LUT6=2;RAMD64E=1"
228,-0.511,5.000,5.508,1.210,4.298,0.780,6,"uop_p0_q_reg[op_type][1]/C","i_vrf/bank_ra_data_o_reg[3][2]/D","VRF/read/writeback","FDCE=2;LUT4=1;LUT5=2;LUT6=2;RAMD64E=1"
229,-0.511,5.000,5.508,1.210,4.298,0.780,6,"uop_p0_q_reg[op_type][1]/C","i_vrf/bank_ra_data_o_reg[3][30]/D","VRF/read/writeback","FDCE=2;LUT4=1;LUT5=2;LUT6=2;RAMD64E=1"
230,-0.511,5.000,5.508,1.210,4.298,0.780,6,"uop_p0_q_reg[op_type][1]/C","i_vrf/bank_ra_data_o_reg[3][31]/D","VRF/read/writeback","FDCE=2;LUT4=1;LUT5=2;LUT6=2;RAMD64E=1"
231,-0.511,5.000,5.508,1.210,4.298,0.780,6,"uop_p0_q_reg[op_type][1]/C","i_vrf/bank_ra_data_o_reg[3][32]/D","VRF/read/writeback","FDCE=2;LUT4=1;LUT5=2;LUT6=2;RAMD64E=1"
232,-0.511,5.000,5.508,1.210,4.298,0.780,6,"uop_p0_q_reg[op_type][1]/C","i_vrf/bank_ra_data_o_reg[3][33]/D","VRF/read/writeback","FDCE=2;LUT4=1;LUT5=2;LUT6=2;RAMD64E=1"
233,-0.511,5.000,5.508,1.210,4.298,0.780,6,"uop_p0_q_reg[op_type][1]/C","i_vrf/bank_ra_data_o_reg[3][34]/D","VRF/read/writeback","FDCE=2;LUT4=1;LUT5=2;LUT6=2;RAMD64E=1"
234,-0.511,5.000,5.508,1.210,4.298,0.780,6,"uop_p0_q_reg[op_type][1]/C","i_vrf/bank_ra_data_o_reg[3][35]/D","VRF/read/writeback","FDCE=2;LUT4=1;LUT5=2;LUT6=2;RAMD64E=1"
235,-0.511,5.000,5.508,1.210,4.298,0.780,6,"uop_p0_q_reg[op_type][1]/C","i_vrf/bank_ra_data_o_reg[3][36]/D","VRF/read/writeback","FDCE=2;LUT4=1;LUT5=2;LUT6=2;RAMD64E=1"
236,-0.511,5.000,5.508,1.210,4.298,0.780,6,"uop_p0_q_reg[op_type][1]/C","i_vrf/bank_ra_data_o_reg[3][37]/D","VRF/read/writeback","FDCE=2;LUT4=1;LUT5=2;LUT6=2;RAMD64E=1"
237,-0.511,5.000,5.508,1.210,4.298,0.780,6,"uop_p0_q_reg[op_type][1]/C","i_vrf/bank_ra_data_o_reg[3][38]/D","VRF/read/writeback","FDCE=2;LUT4=1;LUT5=2;LUT6=2;RAMD64E=1"
238,-0.511,5.000,5.508,1.210,4.298,0.780,6,"uop_p0_q_reg[op_type][1]/C","i_vrf/bank_ra_data_o_reg[3][39]/D","VRF/read/writeback","FDCE=2;LUT4=1;LUT5=2;LUT6=2;RAMD64E=1"
239,-0.511,5.000,5.508,1.210,4.298,0.780,6,"uop_p0_q_reg[op_type][1]/C","i_vrf/bank_ra_data_o_reg[3][3]/D","VRF/read/writeback","FDCE=2;LUT4=1;LUT5=2;LUT6=2;RAMD64E=1"
240,-0.511,5.000,5.508,1.210,4.298,0.780,6,"uop_p0_q_reg[op_type][1]/C","i_vrf/bank_ra_data_o_reg[3][40]/D","VRF/read/writeback","FDCE=2;LUT4=1;LUT5=2;LUT6=2;RAMD64E=1"
241,-0.511,5.000,5.508,1.210,4.298,0.780,6,"uop_p0_q_reg[op_type][1]/C","i_vrf/bank_ra_data_o_reg[3][41]/D","VRF/read/writeback","FDCE=2;LUT4=1;LUT5=2;LUT6=2;RAMD64E=1"
242,-0.511,5.000,5.508,1.210,4.298,0.780,6,"uop_p0_q_reg[op_type][1]/C","i_vrf/bank_ra_data_o_reg[3][42]/D","VRF/read/writeback","FDCE=2;LUT4=1;LUT5=2;LUT6=2;RAMD64E=1"
243,-0.511,5.000,5.508,1.210,4.298,0.780,6,"uop_p0_q_reg[op_type][1]/C","i_vrf/bank_ra_data_o_reg[3][43]/D","VRF/read/writeback","FDCE=2;LUT4=1;LUT5=2;LUT6=2;RAMD64E=1"
244,-0.511,5.000,5.508,1.210,4.298,0.780,6,"uop_p0_q_reg[op_type][1]/C","i_vrf/bank_ra_data_o_reg[3][44]/D","VRF/read/writeback","FDCE=2;LUT4=1;LUT5=2;LUT6=2;RAMD64E=1"
245,-0.511,5.000,5.508,1.210,4.298,0.780,6,"uop_p0_q_reg[op_type][1]/C","i_vrf/bank_ra_data_o_reg[3][45]/D","VRF/read/writeback","FDCE=2;LUT4=1;LUT5=2;LUT6=2;RAMD64E=1"
246,-0.511,5.000,5.508,1.210,4.298,0.780,6,"uop_p0_q_reg[op_type][1]/C","i_vrf/bank_ra_data_o_reg[3][46]/D","VRF/read/writeback","FDCE=2;LUT4=1;LUT5=2;LUT6=2;RAMD64E=1"
247,-0.511,5.000,5.508,1.210,4.298,0.780,6,"uop_p0_q_reg[op_type][1]/C","i_vrf/bank_ra_data_o_reg[3][47]/D","VRF/read/writeback","FDCE=2;LUT4=1;LUT5=2;LUT6=2;RAMD64E=1"
248,-0.511,5.000,5.508,1.210,4.298,0.780,6,"uop_p0_q_reg[op_type][1]/C","i_vrf/bank_ra_data_o_reg[3][48]/D","VRF/read/writeback","FDCE=2;LUT4=1;LUT5=2;LUT6=2;RAMD64E=1"
249,-0.511,5.000,5.508,1.210,4.298,0.780,6,"uop_p0_q_reg[op_type][1]/C","i_vrf/bank_ra_data_o_reg[3][49]/D","VRF/read/writeback","FDCE=2;LUT4=1;LUT5=2;LUT6=2;RAMD64E=1"
250,-0.511,5.000,5.508,1.210,4.298,0.780,6,"uop_p0_q_reg[op_type][1]/C","i_vrf/bank_ra_data_o_reg[3][4]/D","VRF/read/writeback","FDCE=2;LUT4=1;LUT5=2;LUT6=2;RAMD64E=1"
251,-0.511,5.000,5.508,1.210,4.298,0.780,6,"uop_p0_q_reg[op_type][1]/C","i_vrf/bank_ra_data_o_reg[3][50]/D","VRF/read/writeback","FDCE=2;LUT4=1;LUT5=2;LUT6=2;RAMD64E=1"
252,-0.511,5.000,5.508,1.210,4.298,0.780,6,"uop_p0_q_reg[op_type][1]/C","i_vrf/bank_ra_data_o_reg[3][51]/D","VRF/read/writeback","FDCE=2;LUT4=1;LUT5=2;LUT6=2;RAMD64E=1"
253,-0.511,5.000,5.508,1.210,4.298,0.780,6,"uop_p0_q_reg[op_type][1]/C","i_vrf/bank_ra_data_o_reg[3][52]/D","VRF/read/writeback","FDCE=2;LUT4=1;LUT5=2;LUT6=2;RAMD64E=1"
254,-0.511,5.000,5.508,1.210,4.298,0.780,6,"uop_p0_q_reg[op_type][1]/C","i_vrf/bank_ra_data_o_reg[3][53]/D","VRF/read/writeback","FDCE=2;LUT4=1;LUT5=2;LUT6=2;RAMD64E=1"
255,-0.511,5.000,5.508,1.210,4.298,0.780,6,"uop_p0_q_reg[op_type][1]/C","i_vrf/bank_ra_data_o_reg[3][54]/D","VRF/read/writeback","FDCE=2;LUT4=1;LUT5=2;LUT6=2;RAMD64E=1"
256,-0.511,5.000,5.508,1.210,4.298,0.780,6,"uop_p0_q_reg[op_type][1]/C","i_vrf/bank_ra_data_o_reg[3][55]/D","VRF/read/writeback","FDCE=2;LUT4=1;LUT5=2;LUT6=2;RAMD64E=1"
257,-0.511,5.000,5.508,1.210,4.298,0.780,6,"uop_p0_q_reg[op_type][1]/C","i_vrf/bank_ra_data_o_reg[3][56]/D","VRF/read/writeback","FDCE=2;LUT4=1;LUT5=2;LUT6=2;RAMD64E=1"
258,-0.511,5.000,5.508,1.210,4.298,0.780,6,"uop_p0_q_reg[op_type][1]/C","i_vrf/bank_ra_data_o_reg[3][57]/D","VRF/read/writeback","FDCE=2;LUT4=1;LUT5=2;LUT6=2;RAMD64E=1"
259,-0.511,5.000,5.508,1.210,4.298,0.780,6,"uop_p0_q_reg[op_type][1]/C","i_vrf/bank_ra_data_o_reg[3][58]/D","VRF/read/writeback","FDCE=2;LUT4=1;LUT5=2;LUT6=2;RAMD64E=1"
260,-0.511,5.000,5.508,1.210,4.298,0.780,6,"uop_p0_q_reg[op_type][1]/C","i_vrf/bank_ra_data_o_reg[3][59]/D","VRF/read/writeback","FDCE=2;LUT4=1;LUT5=2;LUT6=2;RAMD64E=1"
261,-0.511,5.000,5.508,1.210,4.298,0.780,6,"uop_p0_q_reg[op_type][1]/C","i_vrf/bank_ra_data_o_reg[3][5]/D","VRF/read/writeback","FDCE=2;LUT4=1;LUT5=2;LUT6=2;RAMD64E=1"
262,-0.511,5.000,5.508,1.210,4.298,0.780,6,"uop_p0_q_reg[op_type][1]/C","i_vrf/bank_ra_data_o_reg[3][60]/D","VRF/read/writeback","FDCE=2;LUT4=1;LUT5=2;LUT6=2;RAMD64E=1"
263,-0.511,5.000,5.508,1.210,4.298,0.780,6,"uop_p0_q_reg[op_type][1]/C","i_vrf/bank_ra_data_o_reg[3][61]/D","VRF/read/writeback","FDCE=2;LUT4=1;LUT5=2;LUT6=2;RAMD64E=1"
264,-0.511,5.000,5.508,1.210,4.298,0.780,6,"uop_p0_q_reg[op_type][1]/C","i_vrf/bank_ra_data_o_reg[3][62]/D","VRF/read/writeback","FDCE=2;LUT4=1;LUT5=2;LUT6=2;RAMD64E=1"
265,-0.511,5.000,5.508,1.210,4.298,0.780,6,"uop_p0_q_reg[op_type][1]/C","i_vrf/bank_ra_data_o_reg[3][63]/D","VRF/read/writeback","FDCE=2;LUT4=1;LUT5=2;LUT6=2;RAMD64E=1"
266,-0.511,5.000,5.508,1.210,4.298,0.780,6,"uop_p0_q_reg[op_type][1]/C","i_vrf/bank_ra_data_o_reg[3][6]/D","VRF/read/writeback","FDCE=2;LUT4=1;LUT5=2;LUT6=2;RAMD64E=1"
267,-0.511,5.000,5.508,1.210,4.298,0.780,6,"uop_p0_q_reg[op_type][1]/C","i_vrf/bank_ra_data_o_reg[3][7]/D","VRF/read/writeback","FDCE=2;LUT4=1;LUT5=2;LUT6=2;RAMD64E=1"
268,-0.511,5.000,5.508,1.210,4.298,0.780,6,"uop_p0_q_reg[op_type][1]/C","i_vrf/bank_ra_data_o_reg[3][8]/D","VRF/read/writeback","FDCE=2;LUT4=1;LUT5=2;LUT6=2;RAMD64E=1"
269,-0.511,5.000,5.508,1.210,4.298,0.780,6,"uop_p0_q_reg[op_type][1]/C","i_vrf/bank_ra_data_o_reg[3][9]/D","VRF/read/writeback","FDCE=2;LUT4=1;LUT5=2;LUT6=2;RAMD64E=1"
270,-0.496,5.000,5.493,1.308,4.185,0.762,7,"i_vrf/bank_ra_data_o_reg[0][22]/C","gen_lane[0].i_p2_pop_slice/popcount_q_o_reg[3]/D","P2 popcount capture","FDCE=2;LUT2=1;LUT3=1;LUT5=3;LUT6=2"
271,-0.494,5.000,5.491,1.308,4.183,0.762,7,"i_vrf/bank_ra_data_o_reg[1][22]/C","gen_lane[1].i_p2_pop_slice/popcount_q_o_reg[3]/D","P2 popcount capture","FDCE=2;LUT2=1;LUT3=1;LUT5=3;LUT6=2"
272,-0.492,5.000,5.489,1.308,4.181,0.762,7,"i_vrf/bank_ra_data_o_reg[2][22]/C","gen_lane[2].i_p2_pop_slice/popcount_q_o_reg[3]/D","P2 popcount capture","FDCE=2;LUT2=1;LUT3=1;LUT5=3;LUT6=2"
273,-0.489,5.000,5.486,1.308,4.178,0.762,7,"i_vrf/bank_ra_data_o_reg[3][22]/C","gen_lane[3].i_p2_pop_slice/popcount_q_o_reg[3]/D","P2 popcount capture","FDCE=2;LUT2=1;LUT3=1;LUT5=3;LUT6=2"
274,-0.221,5.000,5.218,1.190,4.028,0.772,6,"i_vrf/bank_ra_data_o_reg[0][22]/C","gen_lane[0].i_p2_pop_slice/popcount_q_o_reg[2]/D","P2 popcount capture","FDCE=2;LUT2=1;LUT4=1;LUT5=2;LUT6=2"
275,-0.219,5.000,5.216,1.190,4.026,0.772,6,"i_vrf/bank_ra_data_o_reg[1][22]/C","gen_lane[1].i_p2_pop_slice/popcount_q_o_reg[2]/D","P2 popcount capture","FDCE=2;LUT2=1;LUT4=1;LUT5=2;LUT6=2"
276,-0.217,5.000,5.214,1.190,4.024,0.772,6,"i_vrf/bank_ra_data_o_reg[2][22]/C","gen_lane[2].i_p2_pop_slice/popcount_q_o_reg[2]/D","P2 popcount capture","FDCE=2;LUT2=1;LUT4=1;LUT5=2;LUT6=2"
277,-0.214,5.000,5.211,1.190,4.021,0.772,6,"i_vrf/bank_ra_data_o_reg[3][22]/C","gen_lane[3].i_p2_pop_slice/popcount_q_o_reg[2]/D","P2 popcount capture","FDCE=2;LUT2=1;LUT4=1;LUT5=2;LUT6=2"
278,-0.192,5.000,4.842,1.190,3.652,0.754,6,"uop_p3_q_reg[op_type][0]/C","i_vrf/vrf_b0_reg_r1_0_63_63_63/DP/I","VRF/read/writeback","FDCE=1;LUT3=1;LUT6=4;RAMD64E=1"
279,-0.192,5.000,4.842,1.190,3.652,0.754,6,"uop_p3_q_reg[op_type][0]/C","i_vrf/vrf_b0_reg_r2_0_63_63_63/DP/I","VRF/read/writeback","FDCE=1;LUT3=1;LUT6=4;RAMD64E=2"
280,-0.192,5.000,4.842,1.190,3.652,0.754,6,"uop_p3_q_reg[op_type][0]/C","i_vrf/vrf_b1_reg_r1_0_63_63_63/DP/I","VRF/read/writeback","FDCE=1;LUT3=1;LUT6=4;RAMD64E=1"
281,-0.192,5.000,4.842,1.190,3.652,0.754,6,"uop_p3_q_reg[op_type][0]/C","i_vrf/vrf_b1_reg_r2_0_63_63_63/DP/I","VRF/read/writeback","FDCE=1;LUT3=1;LUT6=4;RAMD64E=2"
282,-0.192,5.000,4.842,1.190,3.652,0.754,6,"uop_p3_q_reg[op_type][0]/C","i_vrf/vrf_b2_reg_r1_0_63_63_63/DP/I","VRF/read/writeback","FDCE=1;LUT3=1;LUT6=4;RAMD64E=1"
283,-0.192,5.000,4.842,1.190,3.652,0.754,6,"uop_p3_q_reg[op_type][0]/C","i_vrf/vrf_b2_reg_r2_0_63_63_63/DP/I","VRF/read/writeback","FDCE=1;LUT3=1;LUT6=4;RAMD64E=2"
284,-0.192,5.000,4.842,1.190,3.652,0.754,6,"uop_p3_q_reg[op_type][0]/C","i_vrf/vrf_b3_reg_r1_0_63_63_63/DP/I","VRF/read/writeback","FDCE=1;LUT3=1;LUT6=4;RAMD64E=1"
285,-0.192,5.000,4.842,1.190,3.652,0.754,6,"uop_p3_q_reg[op_type][0]/C","i_vrf/vrf_b3_reg_r2_0_63_63_63/DP/I","VRF/read/writeback","FDCE=1;LUT3=1;LUT6=4;RAMD64E=2"
286,-0.183,5.000,4.829,1.190,3.639,0.754,6,"uop_p3_q_reg[op_type][0]/C","i_vrf/vrf_b0_reg_r1_0_63_0_2/RAMB/I","VRF/read/writeback","FDCE=1;LUT3=1;LUT6=4;RAMD64E=1"
287,-0.183,5.000,4.829,1.190,3.639,0.754,6,"uop_p3_q_reg[op_type][0]/C","i_vrf/vrf_b0_reg_r1_0_63_12_14/RAMB/I","VRF/read/writeback","FDCE=1;LUT3=1;LUT6=4;RAMD64E=1"
288,-0.183,5.000,4.829,1.190,3.639,0.754,6,"uop_p3_q_reg[op_type][0]/C","i_vrf/vrf_b0_reg_r1_0_63_15_17/RAMB/I","VRF/read/writeback","FDCE=1;LUT3=1;LUT6=4;RAMD64E=1"
289,-0.183,5.000,4.829,1.190,3.639,0.754,6,"uop_p3_q_reg[op_type][0]/C","i_vrf/vrf_b0_reg_r1_0_63_18_20/RAMB/I","VRF/read/writeback","FDCE=1;LUT3=1;LUT6=4;RAMD64E=1"
290,-0.183,5.000,4.829,1.190,3.639,0.754,6,"uop_p3_q_reg[op_type][0]/C","i_vrf/vrf_b0_reg_r1_0_63_21_23/RAMB/I","VRF/read/writeback","FDCE=1;LUT3=1;LUT6=4;RAMD64E=1"
291,-0.183,5.000,4.829,1.190,3.639,0.754,6,"uop_p3_q_reg[op_type][0]/C","i_vrf/vrf_b0_reg_r1_0_63_24_26/RAMB/I","VRF/read/writeback","FDCE=1;LUT3=1;LUT6=4;RAMD64E=1"
292,-0.183,5.000,4.829,1.190,3.639,0.754,6,"uop_p3_q_reg[op_type][0]/C","i_vrf/vrf_b0_reg_r1_0_63_27_29/RAMB/I","VRF/read/writeback","FDCE=1;LUT3=1;LUT6=4;RAMD64E=1"
293,-0.183,5.000,4.829,1.190,3.639,0.754,6,"uop_p3_q_reg[op_type][0]/C","i_vrf/vrf_b0_reg_r1_0_63_30_32/RAMB/I","VRF/read/writeback","FDCE=1;LUT3=1;LUT6=4;RAMD64E=1"
294,-0.183,5.000,4.829,1.190,3.639,0.754,6,"uop_p3_q_reg[op_type][0]/C","i_vrf/vrf_b0_reg_r1_0_63_33_35/RAMB/I","VRF/read/writeback","FDCE=1;LUT3=1;LUT6=4;RAMD64E=1"
295,-0.183,5.000,4.829,1.190,3.639,0.754,6,"uop_p3_q_reg[op_type][0]/C","i_vrf/vrf_b0_reg_r1_0_63_36_38/RAMB/I","VRF/read/writeback","FDCE=1;LUT3=1;LUT6=4;RAMD64E=1"
296,-0.183,5.000,4.829,1.190,3.639,0.754,6,"uop_p3_q_reg[op_type][0]/C","i_vrf/vrf_b0_reg_r1_0_63_39_41/RAMB/I","VRF/read/writeback","FDCE=1;LUT3=1;LUT6=4;RAMD64E=1"
297,-0.183,5.000,4.829,1.190,3.639,0.754,6,"uop_p3_q_reg[op_type][0]/C","i_vrf/vrf_b0_reg_r1_0_63_3_5/RAMB/I","VRF/read/writeback","FDCE=1;LUT3=1;LUT6=4;RAMD64E=1"
298,-0.183,5.000,4.829,1.190,3.639,0.754,6,"uop_p3_q_reg[op_type][0]/C","i_vrf/vrf_b0_reg_r1_0_63_42_44/RAMB/I","VRF/read/writeback","FDCE=1;LUT3=1;LUT6=4;RAMD64E=1"
299,-0.183,5.000,4.829,1.190,3.639,0.754,6,"uop_p3_q_reg[op_type][0]/C","i_vrf/vrf_b0_reg_r1_0_63_45_47/RAMB/I","VRF/read/writeback","FDCE=1;LUT3=1;LUT6=4;RAMD64E=1"
300,-0.183,5.000,4.829,1.190,3.639,0.754,6,"uop_p3_q_reg[op_type][0]/C","i_vrf/vrf_b0_reg_r1_0_63_48_50/RAMB/I","VRF/read/writeback","FDCE=1;LUT3=1;LUT6=4;RAMD64E=1"
301,-0.183,5.000,4.829,1.190,3.639,0.754,6,"uop_p3_q_reg[op_type][0]/C","i_vrf/vrf_b0_reg_r1_0_63_51_53/RAMB/I","VRF/read/writeback","FDCE=1;LUT3=1;LUT6=4;RAMD64E=1"
302,-0.183,5.000,4.829,1.190,3.639,0.754,6,"uop_p3_q_reg[op_type][0]/C","i_vrf/vrf_b0_reg_r1_0_63_54_56/RAMB/I","VRF/read/writeback","FDCE=1;LUT3=1;LUT6=4;RAMD64E=1"
303,-0.183,5.000,4.829,1.190,3.639,0.754,6,"uop_p3_q_reg[op_type][0]/C","i_vrf/vrf_b0_reg_r1_0_63_57_59/RAMB/I","VRF/read/writeback","FDCE=1;LUT3=1;LUT6=4;RAMD64E=1"
304,-0.183,5.000,4.829,1.190,3.639,0.754,6,"uop_p3_q_reg[op_type][0]/C","i_vrf/vrf_b0_reg_r1_0_63_60_62/RAMB/I","VRF/read/writeback","FDCE=1;LUT3=1;LUT6=4;RAMD64E=1"
305,-0.183,5.000,4.829,1.190,3.639,0.754,6,"uop_p3_q_reg[op_type][0]/C","i_vrf/vrf_b0_reg_r1_0_63_6_8/RAMB/I","VRF/read/writeback","FDCE=1;LUT3=1;LUT6=4;RAMD64E=1"
306,-0.183,5.000,4.829,1.190,3.639,0.754,6,"uop_p3_q_reg[op_type][0]/C","i_vrf/vrf_b0_reg_r1_0_63_9_11/RAMB/I","VRF/read/writeback","FDCE=1;LUT3=1;LUT6=4;RAMD64E=1"
307,-0.183,5.000,4.829,1.190,3.639,0.754,6,"uop_p3_q_reg[op_type][0]/C","i_vrf/vrf_b0_reg_r2_0_63_0_2/RAMB/I","VRF/read/writeback","FDCE=1;LUT3=1;LUT6=4;RAMD64E=2"
308,-0.183,5.000,4.829,1.190,3.639,0.754,6,"uop_p3_q_reg[op_type][0]/C","i_vrf/vrf_b0_reg_r2_0_63_12_14/RAMB/I","VRF/read/writeback","FDCE=1;LUT3=1;LUT6=4;RAMD64E=2"
309,-0.183,5.000,4.829,1.190,3.639,0.754,6,"uop_p3_q_reg[op_type][0]/C","i_vrf/vrf_b0_reg_r2_0_63_15_17/RAMB/I","VRF/read/writeback","FDCE=1;LUT3=1;LUT6=4;RAMD64E=2"
310,-0.183,5.000,4.829,1.190,3.639,0.754,6,"uop_p3_q_reg[op_type][0]/C","i_vrf/vrf_b0_reg_r2_0_63_18_20/RAMB/I","VRF/read/writeback","FDCE=1;LUT3=1;LUT6=4;RAMD64E=2"
311,-0.183,5.000,4.829,1.190,3.639,0.754,6,"uop_p3_q_reg[op_type][0]/C","i_vrf/vrf_b0_reg_r2_0_63_21_23/RAMB/I","VRF/read/writeback","FDCE=1;LUT3=1;LUT6=4;RAMD64E=2"
312,-0.183,5.000,4.829,1.190,3.639,0.754,6,"uop_p3_q_reg[op_type][0]/C","i_vrf/vrf_b0_reg_r2_0_63_24_26/RAMB/I","VRF/read/writeback","FDCE=1;LUT3=1;LUT6=4;RAMD64E=2"
313,-0.183,5.000,4.829,1.190,3.639,0.754,6,"uop_p3_q_reg[op_type][0]/C","i_vrf/vrf_b0_reg_r2_0_63_27_29/RAMB/I","VRF/read/writeback","FDCE=1;LUT3=1;LUT6=4;RAMD64E=2"
314,-0.183,5.000,4.829,1.190,3.639,0.754,6,"uop_p3_q_reg[op_type][0]/C","i_vrf/vrf_b0_reg_r2_0_63_30_32/RAMB/I","VRF/read/writeback","FDCE=1;LUT3=1;LUT6=4;RAMD64E=2"
315,-0.183,5.000,4.829,1.190,3.639,0.754,6,"uop_p3_q_reg[op_type][0]/C","i_vrf/vrf_b0_reg_r2_0_63_33_35/RAMB/I","VRF/read/writeback","FDCE=1;LUT3=1;LUT6=4;RAMD64E=2"
316,-0.183,5.000,4.829,1.190,3.639,0.754,6,"uop_p3_q_reg[op_type][0]/C","i_vrf/vrf_b0_reg_r2_0_63_36_38/RAMB/I","VRF/read/writeback","FDCE=1;LUT3=1;LUT6=4;RAMD64E=2"
317,-0.183,5.000,4.829,1.190,3.639,0.754,6,"uop_p3_q_reg[op_type][0]/C","i_vrf/vrf_b0_reg_r2_0_63_39_41/RAMB/I","VRF/read/writeback","FDCE=1;LUT3=1;LUT6=4;RAMD64E=2"
318,-0.183,5.000,4.829,1.190,3.639,0.754,6,"uop_p3_q_reg[op_type][0]/C","i_vrf/vrf_b0_reg_r2_0_63_3_5/RAMB/I","VRF/read/writeback","FDCE=1;LUT3=1;LUT6=4;RAMD64E=2"
319,-0.183,5.000,4.829,1.190,3.639,0.754,6,"uop_p3_q_reg[op_type][0]/C","i_vrf/vrf_b0_reg_r2_0_63_42_44/RAMB/I","VRF/read/writeback","FDCE=1;LUT3=1;LUT6=4;RAMD64E=2"
320,-0.183,5.000,4.829,1.190,3.639,0.754,6,"uop_p3_q_reg[op_type][0]/C","i_vrf/vrf_b0_reg_r2_0_63_45_47/RAMB/I","VRF/read/writeback","FDCE=1;LUT3=1;LUT6=4;RAMD64E=2"
321,-0.183,5.000,4.829,1.190,3.639,0.754,6,"uop_p3_q_reg[op_type][0]/C","i_vrf/vrf_b0_reg_r2_0_63_48_50/RAMB/I","VRF/read/writeback","FDCE=1;LUT3=1;LUT6=4;RAMD64E=2"
322,-0.183,5.000,4.829,1.190,3.639,0.754,6,"uop_p3_q_reg[op_type][0]/C","i_vrf/vrf_b0_reg_r2_0_63_51_53/RAMB/I","VRF/read/writeback","FDCE=1;LUT3=1;LUT6=4;RAMD64E=2"
323,-0.183,5.000,4.829,1.190,3.639,0.754,6,"uop_p3_q_reg[op_type][0]/C","i_vrf/vrf_b0_reg_r2_0_63_54_56/RAMB/I","VRF/read/writeback","FDCE=1;LUT3=1;LUT6=4;RAMD64E=2"
324,-0.183,5.000,4.829,1.190,3.639,0.754,6,"uop_p3_q_reg[op_type][0]/C","i_vrf/vrf_b0_reg_r2_0_63_57_59/RAMB/I","VRF/read/writeback","FDCE=1;LUT3=1;LUT6=4;RAMD64E=2"
325,-0.183,5.000,4.829,1.190,3.639,0.754,6,"uop_p3_q_reg[op_type][0]/C","i_vrf/vrf_b0_reg_r2_0_63_60_62/RAMB/I","VRF/read/writeback","FDCE=1;LUT3=1;LUT6=4;RAMD64E=2"
326,-0.183,5.000,4.829,1.190,3.639,0.754,6,"uop_p3_q_reg[op_type][0]/C","i_vrf/vrf_b0_reg_r2_0_63_6_8/RAMB/I","VRF/read/writeback","FDCE=1;LUT3=1;LUT6=4;RAMD64E=2"
327,-0.183,5.000,4.829,1.190,3.639,0.754,6,"uop_p3_q_reg[op_type][0]/C","i_vrf/vrf_b0_reg_r2_0_63_9_11/RAMB/I","VRF/read/writeback","FDCE=1;LUT3=1;LUT6=4;RAMD64E=2"
328,-0.183,5.000,4.829,1.190,3.639,0.754,6,"uop_p3_q_reg[op_type][0]/C","i_vrf/vrf_b1_reg_r1_0_63_0_2/RAMB/I","VRF/read/writeback","FDCE=1;LUT3=1;LUT6=4;RAMD64E=1"
329,-0.183,5.000,4.829,1.190,3.639,0.754,6,"uop_p3_q_reg[op_type][0]/C","i_vrf/vrf_b1_reg_r1_0_63_12_14/RAMB/I","VRF/read/writeback","FDCE=1;LUT3=1;LUT6=4;RAMD64E=1"
330,-0.183,5.000,4.829,1.190,3.639,0.754,6,"uop_p3_q_reg[op_type][0]/C","i_vrf/vrf_b1_reg_r1_0_63_15_17/RAMB/I","VRF/read/writeback","FDCE=1;LUT3=1;LUT6=4;RAMD64E=1"
331,-0.183,5.000,4.829,1.190,3.639,0.754,6,"uop_p3_q_reg[op_type][0]/C","i_vrf/vrf_b1_reg_r1_0_63_18_20/RAMB/I","VRF/read/writeback","FDCE=1;LUT3=1;LUT6=4;RAMD64E=1"
332,-0.183,5.000,4.829,1.190,3.639,0.754,6,"uop_p3_q_reg[op_type][0]/C","i_vrf/vrf_b1_reg_r1_0_63_21_23/RAMB/I","VRF/read/writeback","FDCE=1;LUT3=1;LUT6=4;RAMD64E=1"
333,-0.183,5.000,4.829,1.190,3.639,0.754,6,"uop_p3_q_reg[op_type][0]/C","i_vrf/vrf_b1_reg_r1_0_63_24_26/RAMB/I","VRF/read/writeback","FDCE=1;LUT3=1;LUT6=4;RAMD64E=1"
334,-0.183,5.000,4.829,1.190,3.639,0.754,6,"uop_p3_q_reg[op_type][0]/C","i_vrf/vrf_b1_reg_r1_0_63_27_29/RAMB/I","VRF/read/writeback","FDCE=1;LUT3=1;LUT6=4;RAMD64E=1"
335,-0.183,5.000,4.829,1.190,3.639,0.754,6,"uop_p3_q_reg[op_type][0]/C","i_vrf/vrf_b1_reg_r1_0_63_30_32/RAMB/I","VRF/read/writeback","FDCE=1;LUT3=1;LUT6=4;RAMD64E=1"
336,-0.183,5.000,4.829,1.190,3.639,0.754,6,"uop_p3_q_reg[op_type][0]/C","i_vrf/vrf_b1_reg_r1_0_63_33_35/RAMB/I","VRF/read/writeback","FDCE=1;LUT3=1;LUT6=4;RAMD64E=1"
337,-0.183,5.000,4.829,1.190,3.639,0.754,6,"uop_p3_q_reg[op_type][0]/C","i_vrf/vrf_b1_reg_r1_0_63_36_38/RAMB/I","VRF/read/writeback","FDCE=1;LUT3=1;LUT6=4;RAMD64E=1"
338,-0.183,5.000,4.829,1.190,3.639,0.754,6,"uop_p3_q_reg[op_type][0]/C","i_vrf/vrf_b1_reg_r1_0_63_39_41/RAMB/I","VRF/read/writeback","FDCE=1;LUT3=1;LUT6=4;RAMD64E=1"
339,-0.183,5.000,4.829,1.190,3.639,0.754,6,"uop_p3_q_reg[op_type][0]/C","i_vrf/vrf_b1_reg_r1_0_63_3_5/RAMB/I","VRF/read/writeback","FDCE=1;LUT3=1;LUT6=4;RAMD64E=1"
340,-0.183,5.000,4.829,1.190,3.639,0.754,6,"uop_p3_q_reg[op_type][0]/C","i_vrf/vrf_b1_reg_r1_0_63_42_44/RAMB/I","VRF/read/writeback","FDCE=1;LUT3=1;LUT6=4;RAMD64E=1"
341,-0.183,5.000,4.829,1.190,3.639,0.754,6,"uop_p3_q_reg[op_type][0]/C","i_vrf/vrf_b1_reg_r1_0_63_45_47/RAMB/I","VRF/read/writeback","FDCE=1;LUT3=1;LUT6=4;RAMD64E=1"
342,-0.183,5.000,4.829,1.190,3.639,0.754,6,"uop_p3_q_reg[op_type][0]/C","i_vrf/vrf_b1_reg_r1_0_63_48_50/RAMB/I","VRF/read/writeback","FDCE=1;LUT3=1;LUT6=4;RAMD64E=1"
343,-0.183,5.000,4.829,1.190,3.639,0.754,6,"uop_p3_q_reg[op_type][0]/C","i_vrf/vrf_b1_reg_r1_0_63_51_53/RAMB/I","VRF/read/writeback","FDCE=1;LUT3=1;LUT6=4;RAMD64E=1"
344,-0.183,5.000,4.829,1.190,3.639,0.754,6,"uop_p3_q_reg[op_type][0]/C","i_vrf/vrf_b1_reg_r1_0_63_54_56/RAMB/I","VRF/read/writeback","FDCE=1;LUT3=1;LUT6=4;RAMD64E=1"
345,-0.183,5.000,4.829,1.190,3.639,0.754,6,"uop_p3_q_reg[op_type][0]/C","i_vrf/vrf_b1_reg_r1_0_63_57_59/RAMB/I","VRF/read/writeback","FDCE=1;LUT3=1;LUT6=4;RAMD64E=1"
346,-0.183,5.000,4.829,1.190,3.639,0.754,6,"uop_p3_q_reg[op_type][0]/C","i_vrf/vrf_b1_reg_r1_0_63_60_62/RAMB/I","VRF/read/writeback","FDCE=1;LUT3=1;LUT6=4;RAMD64E=1"
347,-0.183,5.000,4.829,1.190,3.639,0.754,6,"uop_p3_q_reg[op_type][0]/C","i_vrf/vrf_b1_reg_r1_0_63_6_8/RAMB/I","VRF/read/writeback","FDCE=1;LUT3=1;LUT6=4;RAMD64E=1"
348,-0.183,5.000,4.829,1.190,3.639,0.754,6,"uop_p3_q_reg[op_type][0]/C","i_vrf/vrf_b1_reg_r1_0_63_9_11/RAMB/I","VRF/read/writeback","FDCE=1;LUT3=1;LUT6=4;RAMD64E=1"
349,-0.183,5.000,4.829,1.190,3.639,0.754,6,"uop_p3_q_reg[op_type][0]/C","i_vrf/vrf_b1_reg_r2_0_63_0_2/RAMB/I","VRF/read/writeback","FDCE=1;LUT3=1;LUT6=4;RAMD64E=2"
350,-0.183,5.000,4.829,1.190,3.639,0.754,6,"uop_p3_q_reg[op_type][0]/C","i_vrf/vrf_b1_reg_r2_0_63_12_14/RAMB/I","VRF/read/writeback","FDCE=1;LUT3=1;LUT6=4;RAMD64E=2"
351,-0.183,5.000,4.829,1.190,3.639,0.754,6,"uop_p3_q_reg[op_type][0]/C","i_vrf/vrf_b1_reg_r2_0_63_15_17/RAMB/I","VRF/read/writeback","FDCE=1;LUT3=1;LUT6=4;RAMD64E=2"
352,-0.183,5.000,4.829,1.190,3.639,0.754,6,"uop_p3_q_reg[op_type][0]/C","i_vrf/vrf_b1_reg_r2_0_63_18_20/RAMB/I","VRF/read/writeback","FDCE=1;LUT3=1;LUT6=4;RAMD64E=2"
353,-0.183,5.000,4.829,1.190,3.639,0.754,6,"uop_p3_q_reg[op_type][0]/C","i_vrf/vrf_b1_reg_r2_0_63_21_23/RAMB/I","VRF/read/writeback","FDCE=1;LUT3=1;LUT6=4;RAMD64E=2"
354,-0.183,5.000,4.829,1.190,3.639,0.754,6,"uop_p3_q_reg[op_type][0]/C","i_vrf/vrf_b1_reg_r2_0_63_24_26/RAMB/I","VRF/read/writeback","FDCE=1;LUT3=1;LUT6=4;RAMD64E=2"
355,-0.183,5.000,4.829,1.190,3.639,0.754,6,"uop_p3_q_reg[op_type][0]/C","i_vrf/vrf_b1_reg_r2_0_63_27_29/RAMB/I","VRF/read/writeback","FDCE=1;LUT3=1;LUT6=4;RAMD64E=2"
356,-0.183,5.000,4.829,1.190,3.639,0.754,6,"uop_p3_q_reg[op_type][0]/C","i_vrf/vrf_b1_reg_r2_0_63_30_32/RAMB/I","VRF/read/writeback","FDCE=1;LUT3=1;LUT6=4;RAMD64E=2"
357,-0.183,5.000,4.829,1.190,3.639,0.754,6,"uop_p3_q_reg[op_type][0]/C","i_vrf/vrf_b1_reg_r2_0_63_33_35/RAMB/I","VRF/read/writeback","FDCE=1;LUT3=1;LUT6=4;RAMD64E=2"
358,-0.183,5.000,4.829,1.190,3.639,0.754,6,"uop_p3_q_reg[op_type][0]/C","i_vrf/vrf_b1_reg_r2_0_63_36_38/RAMB/I","VRF/read/writeback","FDCE=1;LUT3=1;LUT6=4;RAMD64E=2"
359,-0.183,5.000,4.829,1.190,3.639,0.754,6,"uop_p3_q_reg[op_type][0]/C","i_vrf/vrf_b1_reg_r2_0_63_39_41/RAMB/I","VRF/read/writeback","FDCE=1;LUT3=1;LUT6=4;RAMD64E=2"
360,-0.183,5.000,4.829,1.190,3.639,0.754,6,"uop_p3_q_reg[op_type][0]/C","i_vrf/vrf_b1_reg_r2_0_63_3_5/RAMB/I","VRF/read/writeback","FDCE=1;LUT3=1;LUT6=4;RAMD64E=2"
361,-0.183,5.000,4.829,1.190,3.639,0.754,6,"uop_p3_q_reg[op_type][0]/C","i_vrf/vrf_b1_reg_r2_0_63_42_44/RAMB/I","VRF/read/writeback","FDCE=1;LUT3=1;LUT6=4;RAMD64E=2"
362,-0.183,5.000,4.829,1.190,3.639,0.754,6,"uop_p3_q_reg[op_type][0]/C","i_vrf/vrf_b1_reg_r2_0_63_45_47/RAMB/I","VRF/read/writeback","FDCE=1;LUT3=1;LUT6=4;RAMD64E=2"
363,-0.183,5.000,4.829,1.190,3.639,0.754,6,"uop_p3_q_reg[op_type][0]/C","i_vrf/vrf_b1_reg_r2_0_63_48_50/RAMB/I","VRF/read/writeback","FDCE=1;LUT3=1;LUT6=4;RAMD64E=2"
364,-0.183,5.000,4.829,1.190,3.639,0.754,6,"uop_p3_q_reg[op_type][0]/C","i_vrf/vrf_b1_reg_r2_0_63_51_53/RAMB/I","VRF/read/writeback","FDCE=1;LUT3=1;LUT6=4;RAMD64E=2"
365,-0.183,5.000,4.829,1.190,3.639,0.754,6,"uop_p3_q_reg[op_type][0]/C","i_vrf/vrf_b1_reg_r2_0_63_54_56/RAMB/I","VRF/read/writeback","FDCE=1;LUT3=1;LUT6=4;RAMD64E=2"
366,-0.183,5.000,4.829,1.190,3.639,0.754,6,"uop_p3_q_reg[op_type][0]/C","i_vrf/vrf_b1_reg_r2_0_63_57_59/RAMB/I","VRF/read/writeback","FDCE=1;LUT3=1;LUT6=4;RAMD64E=2"
367,-0.183,5.000,4.829,1.190,3.639,0.754,6,"uop_p3_q_reg[op_type][0]/C","i_vrf/vrf_b1_reg_r2_0_63_60_62/RAMB/I","VRF/read/writeback","FDCE=1;LUT3=1;LUT6=4;RAMD64E=2"
368,-0.183,5.000,4.829,1.190,3.639,0.754,6,"uop_p3_q_reg[op_type][0]/C","i_vrf/vrf_b1_reg_r2_0_63_6_8/RAMB/I","VRF/read/writeback","FDCE=1;LUT3=1;LUT6=4;RAMD64E=2"
369,-0.183,5.000,4.829,1.190,3.639,0.754,6,"uop_p3_q_reg[op_type][0]/C","i_vrf/vrf_b1_reg_r2_0_63_9_11/RAMB/I","VRF/read/writeback","FDCE=1;LUT3=1;LUT6=4;RAMD64E=2"
370,-0.183,5.000,4.829,1.190,3.639,0.754,6,"uop_p3_q_reg[op_type][0]/C","i_vrf/vrf_b2_reg_r1_0_63_0_2/RAMB/I","VRF/read/writeback","FDCE=1;LUT3=1;LUT6=4;RAMD64E=1"
371,-0.183,5.000,4.829,1.190,3.639,0.754,6,"uop_p3_q_reg[op_type][0]/C","i_vrf/vrf_b2_reg_r1_0_63_12_14/RAMB/I","VRF/read/writeback","FDCE=1;LUT3=1;LUT6=4;RAMD64E=1"
372,-0.183,5.000,4.829,1.190,3.639,0.754,6,"uop_p3_q_reg[op_type][0]/C","i_vrf/vrf_b2_reg_r1_0_63_15_17/RAMB/I","VRF/read/writeback","FDCE=1;LUT3=1;LUT6=4;RAMD64E=1"
373,-0.183,5.000,4.829,1.190,3.639,0.754,6,"uop_p3_q_reg[op_type][0]/C","i_vrf/vrf_b2_reg_r1_0_63_18_20/RAMB/I","VRF/read/writeback","FDCE=1;LUT3=1;LUT6=4;RAMD64E=1"
374,-0.183,5.000,4.829,1.190,3.639,0.754,6,"uop_p3_q_reg[op_type][0]/C","i_vrf/vrf_b2_reg_r1_0_63_21_23/RAMB/I","VRF/read/writeback","FDCE=1;LUT3=1;LUT6=4;RAMD64E=1"
375,-0.183,5.000,4.829,1.190,3.639,0.754,6,"uop_p3_q_reg[op_type][0]/C","i_vrf/vrf_b2_reg_r1_0_63_24_26/RAMB/I","VRF/read/writeback","FDCE=1;LUT3=1;LUT6=4;RAMD64E=1"
376,-0.183,5.000,4.829,1.190,3.639,0.754,6,"uop_p3_q_reg[op_type][0]/C","i_vrf/vrf_b2_reg_r1_0_63_27_29/RAMB/I","VRF/read/writeback","FDCE=1;LUT3=1;LUT6=4;RAMD64E=1"
377,-0.183,5.000,4.829,1.190,3.639,0.754,6,"uop_p3_q_reg[op_type][0]/C","i_vrf/vrf_b2_reg_r1_0_63_30_32/RAMB/I","VRF/read/writeback","FDCE=1;LUT3=1;LUT6=4;RAMD64E=1"
378,-0.183,5.000,4.829,1.190,3.639,0.754,6,"uop_p3_q_reg[op_type][0]/C","i_vrf/vrf_b2_reg_r1_0_63_33_35/RAMB/I","VRF/read/writeback","FDCE=1;LUT3=1;LUT6=4;RAMD64E=1"
379,-0.183,5.000,4.829,1.190,3.639,0.754,6,"uop_p3_q_reg[op_type][0]/C","i_vrf/vrf_b2_reg_r1_0_63_36_38/RAMB/I","VRF/read/writeback","FDCE=1;LUT3=1;LUT6=4;RAMD64E=1"
380,-0.183,5.000,4.829,1.190,3.639,0.754,6,"uop_p3_q_reg[op_type][0]/C","i_vrf/vrf_b2_reg_r1_0_63_39_41/RAMB/I","VRF/read/writeback","FDCE=1;LUT3=1;LUT6=4;RAMD64E=1"
381,-0.183,5.000,4.829,1.190,3.639,0.754,6,"uop_p3_q_reg[op_type][0]/C","i_vrf/vrf_b2_reg_r1_0_63_3_5/RAMB/I","VRF/read/writeback","FDCE=1;LUT3=1;LUT6=4;RAMD64E=1"
382,-0.183,5.000,4.829,1.190,3.639,0.754,6,"uop_p3_q_reg[op_type][0]/C","i_vrf/vrf_b2_reg_r1_0_63_42_44/RAMB/I","VRF/read/writeback","FDCE=1;LUT3=1;LUT6=4;RAMD64E=1"
383,-0.183,5.000,4.829,1.190,3.639,0.754,6,"uop_p3_q_reg[op_type][0]/C","i_vrf/vrf_b2_reg_r1_0_63_45_47/RAMB/I","VRF/read/writeback","FDCE=1;LUT3=1;LUT6=4;RAMD64E=1"
384,-0.183,5.000,4.829,1.190,3.639,0.754,6,"uop_p3_q_reg[op_type][0]/C","i_vrf/vrf_b2_reg_r1_0_63_48_50/RAMB/I","VRF/read/writeback","FDCE=1;LUT3=1;LUT6=4;RAMD64E=1"
385,-0.183,5.000,4.829,1.190,3.639,0.754,6,"uop_p3_q_reg[op_type][0]/C","i_vrf/vrf_b2_reg_r1_0_63_51_53/RAMB/I","VRF/read/writeback","FDCE=1;LUT3=1;LUT6=4;RAMD64E=1"
386,-0.183,5.000,4.829,1.190,3.639,0.754,6,"uop_p3_q_reg[op_type][0]/C","i_vrf/vrf_b2_reg_r1_0_63_54_56/RAMB/I","VRF/read/writeback","FDCE=1;LUT3=1;LUT6=4;RAMD64E=1"
387,-0.183,5.000,4.829,1.190,3.639,0.754,6,"uop_p3_q_reg[op_type][0]/C","i_vrf/vrf_b2_reg_r1_0_63_57_59/RAMB/I","VRF/read/writeback","FDCE=1;LUT3=1;LUT6=4;RAMD64E=1"
388,-0.183,5.000,4.829,1.190,3.639,0.754,6,"uop_p3_q_reg[op_type][0]/C","i_vrf/vrf_b2_reg_r1_0_63_60_62/RAMB/I","VRF/read/writeback","FDCE=1;LUT3=1;LUT6=4;RAMD64E=1"
389,-0.183,5.000,4.829,1.190,3.639,0.754,6,"uop_p3_q_reg[op_type][0]/C","i_vrf/vrf_b2_reg_r1_0_63_6_8/RAMB/I","VRF/read/writeback","FDCE=1;LUT3=1;LUT6=4;RAMD64E=1"
390,-0.183,5.000,4.829,1.190,3.639,0.754,6,"uop_p3_q_reg[op_type][0]/C","i_vrf/vrf_b2_reg_r1_0_63_9_11/RAMB/I","VRF/read/writeback","FDCE=1;LUT3=1;LUT6=4;RAMD64E=1"
391,-0.183,5.000,4.829,1.190,3.639,0.754,6,"uop_p3_q_reg[op_type][0]/C","i_vrf/vrf_b2_reg_r2_0_63_0_2/RAMB/I","VRF/read/writeback","FDCE=1;LUT3=1;LUT6=4;RAMD64E=2"
392,-0.183,5.000,4.829,1.190,3.639,0.754,6,"uop_p3_q_reg[op_type][0]/C","i_vrf/vrf_b2_reg_r2_0_63_12_14/RAMB/I","VRF/read/writeback","FDCE=1;LUT3=1;LUT6=4;RAMD64E=2"
393,-0.183,5.000,4.829,1.190,3.639,0.754,6,"uop_p3_q_reg[op_type][0]/C","i_vrf/vrf_b2_reg_r2_0_63_15_17/RAMB/I","VRF/read/writeback","FDCE=1;LUT3=1;LUT6=4;RAMD64E=2"
394,-0.183,5.000,4.829,1.190,3.639,0.754,6,"uop_p3_q_reg[op_type][0]/C","i_vrf/vrf_b2_reg_r2_0_63_18_20/RAMB/I","VRF/read/writeback","FDCE=1;LUT3=1;LUT6=4;RAMD64E=2"
395,-0.183,5.000,4.829,1.190,3.639,0.754,6,"uop_p3_q_reg[op_type][0]/C","i_vrf/vrf_b2_reg_r2_0_63_21_23/RAMB/I","VRF/read/writeback","FDCE=1;LUT3=1;LUT6=4;RAMD64E=2"
396,-0.183,5.000,4.829,1.190,3.639,0.754,6,"uop_p3_q_reg[op_type][0]/C","i_vrf/vrf_b2_reg_r2_0_63_24_26/RAMB/I","VRF/read/writeback","FDCE=1;LUT3=1;LUT6=4;RAMD64E=2"
397,-0.183,5.000,4.829,1.190,3.639,0.754,6,"uop_p3_q_reg[op_type][0]/C","i_vrf/vrf_b2_reg_r2_0_63_27_29/RAMB/I","VRF/read/writeback","FDCE=1;LUT3=1;LUT6=4;RAMD64E=2"
398,-0.183,5.000,4.829,1.190,3.639,0.754,6,"uop_p3_q_reg[op_type][0]/C","i_vrf/vrf_b2_reg_r2_0_63_30_32/RAMB/I","VRF/read/writeback","FDCE=1;LUT3=1;LUT6=4;RAMD64E=2"
399,-0.183,5.000,4.829,1.190,3.639,0.754,6,"uop_p3_q_reg[op_type][0]/C","i_vrf/vrf_b2_reg_r2_0_63_33_35/RAMB/I","VRF/read/writeback","FDCE=1;LUT3=1;LUT6=4;RAMD64E=2"
400,-0.183,5.000,4.829,1.190,3.639,0.754,6,"uop_p3_q_reg[op_type][0]/C","i_vrf/vrf_b2_reg_r2_0_63_36_38/RAMB/I","VRF/read/writeback","FDCE=1;LUT3=1;LUT6=4;RAMD64E=2"
401,-0.183,5.000,4.829,1.190,3.639,0.754,6,"uop_p3_q_reg[op_type][0]/C","i_vrf/vrf_b2_reg_r2_0_63_39_41/RAMB/I","VRF/read/writeback","FDCE=1;LUT3=1;LUT6=4;RAMD64E=2"
402,-0.183,5.000,4.829,1.190,3.639,0.754,6,"uop_p3_q_reg[op_type][0]/C","i_vrf/vrf_b2_reg_r2_0_63_3_5/RAMB/I","VRF/read/writeback","FDCE=1;LUT3=1;LUT6=4;RAMD64E=2"
403,-0.183,5.000,4.829,1.190,3.639,0.754,6,"uop_p3_q_reg[op_type][0]/C","i_vrf/vrf_b2_reg_r2_0_63_42_44/RAMB/I","VRF/read/writeback","FDCE=1;LUT3=1;LUT6=4;RAMD64E=2"
404,-0.183,5.000,4.829,1.190,3.639,0.754,6,"uop_p3_q_reg[op_type][0]/C","i_vrf/vrf_b2_reg_r2_0_63_45_47/RAMB/I","VRF/read/writeback","FDCE=1;LUT3=1;LUT6=4;RAMD64E=2"
405,-0.183,5.000,4.829,1.190,3.639,0.754,6,"uop_p3_q_reg[op_type][0]/C","i_vrf/vrf_b2_reg_r2_0_63_48_50/RAMB/I","VRF/read/writeback","FDCE=1;LUT3=1;LUT6=4;RAMD64E=2"
406,-0.183,5.000,4.829,1.190,3.639,0.754,6,"uop_p3_q_reg[op_type][0]/C","i_vrf/vrf_b2_reg_r2_0_63_51_53/RAMB/I","VRF/read/writeback","FDCE=1;LUT3=1;LUT6=4;RAMD64E=2"
407,-0.183,5.000,4.829,1.190,3.639,0.754,6,"uop_p3_q_reg[op_type][0]/C","i_vrf/vrf_b2_reg_r2_0_63_54_56/RAMB/I","VRF/read/writeback","FDCE=1;LUT3=1;LUT6=4;RAMD64E=2"
408,-0.183,5.000,4.829,1.190,3.639,0.754,6,"uop_p3_q_reg[op_type][0]/C","i_vrf/vrf_b2_reg_r2_0_63_57_59/RAMB/I","VRF/read/writeback","FDCE=1;LUT3=1;LUT6=4;RAMD64E=2"
409,-0.183,5.000,4.829,1.190,3.639,0.754,6,"uop_p3_q_reg[op_type][0]/C","i_vrf/vrf_b2_reg_r2_0_63_60_62/RAMB/I","VRF/read/writeback","FDCE=1;LUT3=1;LUT6=4;RAMD64E=2"
410,-0.183,5.000,4.829,1.190,3.639,0.754,6,"uop_p3_q_reg[op_type][0]/C","i_vrf/vrf_b2_reg_r2_0_63_6_8/RAMB/I","VRF/read/writeback","FDCE=1;LUT3=1;LUT6=4;RAMD64E=2"
411,-0.183,5.000,4.829,1.190,3.639,0.754,6,"uop_p3_q_reg[op_type][0]/C","i_vrf/vrf_b2_reg_r2_0_63_9_11/RAMB/I","VRF/read/writeback","FDCE=1;LUT3=1;LUT6=4;RAMD64E=2"
412,-0.183,5.000,4.829,1.190,3.639,0.754,6,"uop_p3_q_reg[op_type][0]/C","i_vrf/vrf_b3_reg_r1_0_63_0_2/RAMB/I","VRF/read/writeback","FDCE=1;LUT3=1;LUT6=4;RAMD64E=1"
413,-0.183,5.000,4.829,1.190,3.639,0.754,6,"uop_p3_q_reg[op_type][0]/C","i_vrf/vrf_b3_reg_r1_0_63_12_14/RAMB/I","VRF/read/writeback","FDCE=1;LUT3=1;LUT6=4;RAMD64E=1"
414,-0.183,5.000,4.829,1.190,3.639,0.754,6,"uop_p3_q_reg[op_type][0]/C","i_vrf/vrf_b3_reg_r1_0_63_15_17/RAMB/I","VRF/read/writeback","FDCE=1;LUT3=1;LUT6=4;RAMD64E=1"
415,-0.183,5.000,4.829,1.190,3.639,0.754,6,"uop_p3_q_reg[op_type][0]/C","i_vrf/vrf_b3_reg_r1_0_63_18_20/RAMB/I","VRF/read/writeback","FDCE=1;LUT3=1;LUT6=4;RAMD64E=1"
416,-0.183,5.000,4.829,1.190,3.639,0.754,6,"uop_p3_q_reg[op_type][0]/C","i_vrf/vrf_b3_reg_r1_0_63_21_23/RAMB/I","VRF/read/writeback","FDCE=1;LUT3=1;LUT6=4;RAMD64E=1"
417,-0.183,5.000,4.829,1.190,3.639,0.754,6,"uop_p3_q_reg[op_type][0]/C","i_vrf/vrf_b3_reg_r1_0_63_24_26/RAMB/I","VRF/read/writeback","FDCE=1;LUT3=1;LUT6=4;RAMD64E=1"
418,-0.183,5.000,4.829,1.190,3.639,0.754,6,"uop_p3_q_reg[op_type][0]/C","i_vrf/vrf_b3_reg_r1_0_63_27_29/RAMB/I","VRF/read/writeback","FDCE=1;LUT3=1;LUT6=4;RAMD64E=1"
419,-0.183,5.000,4.829,1.190,3.639,0.754,6,"uop_p3_q_reg[op_type][0]/C","i_vrf/vrf_b3_reg_r1_0_63_30_32/RAMB/I","VRF/read/writeback","FDCE=1;LUT3=1;LUT6=4;RAMD64E=1"
420,-0.183,5.000,4.829,1.190,3.639,0.754,6,"uop_p3_q_reg[op_type][0]/C","i_vrf/vrf_b3_reg_r1_0_63_33_35/RAMB/I","VRF/read/writeback","FDCE=1;LUT3=1;LUT6=4;RAMD64E=1"
421,-0.183,5.000,4.829,1.190,3.639,0.754,6,"uop_p3_q_reg[op_type][0]/C","i_vrf/vrf_b3_reg_r1_0_63_36_38/RAMB/I","VRF/read/writeback","FDCE=1;LUT3=1;LUT6=4;RAMD64E=1"
422,-0.183,5.000,4.829,1.190,3.639,0.754,6,"uop_p3_q_reg[op_type][0]/C","i_vrf/vrf_b3_reg_r1_0_63_39_41/RAMB/I","VRF/read/writeback","FDCE=1;LUT3=1;LUT6=4;RAMD64E=1"
423,-0.183,5.000,4.829,1.190,3.639,0.754,6,"uop_p3_q_reg[op_type][0]/C","i_vrf/vrf_b3_reg_r1_0_63_3_5/RAMB/I","VRF/read/writeback","FDCE=1;LUT3=1;LUT6=4;RAMD64E=1"
424,-0.183,5.000,4.829,1.190,3.639,0.754,6,"uop_p3_q_reg[op_type][0]/C","i_vrf/vrf_b3_reg_r1_0_63_42_44/RAMB/I","VRF/read/writeback","FDCE=1;LUT3=1;LUT6=4;RAMD64E=1"
425,-0.183,5.000,4.829,1.190,3.639,0.754,6,"uop_p3_q_reg[op_type][0]/C","i_vrf/vrf_b3_reg_r1_0_63_45_47/RAMB/I","VRF/read/writeback","FDCE=1;LUT3=1;LUT6=4;RAMD64E=1"
426,-0.183,5.000,4.829,1.190,3.639,0.754,6,"uop_p3_q_reg[op_type][0]/C","i_vrf/vrf_b3_reg_r1_0_63_48_50/RAMB/I","VRF/read/writeback","FDCE=1;LUT3=1;LUT6=4;RAMD64E=1"
427,-0.183,5.000,4.829,1.190,3.639,0.754,6,"uop_p3_q_reg[op_type][0]/C","i_vrf/vrf_b3_reg_r1_0_63_51_53/RAMB/I","VRF/read/writeback","FDCE=1;LUT3=1;LUT6=4;RAMD64E=1"
428,-0.183,5.000,4.829,1.190,3.639,0.754,6,"uop_p3_q_reg[op_type][0]/C","i_vrf/vrf_b3_reg_r1_0_63_54_56/RAMB/I","VRF/read/writeback","FDCE=1;LUT3=1;LUT6=4;RAMD64E=1"
429,-0.183,5.000,4.829,1.190,3.639,0.754,6,"uop_p3_q_reg[op_type][0]/C","i_vrf/vrf_b3_reg_r1_0_63_57_59/RAMB/I","VRF/read/writeback","FDCE=1;LUT3=1;LUT6=4;RAMD64E=1"
430,-0.183,5.000,4.829,1.190,3.639,0.754,6,"uop_p3_q_reg[op_type][0]/C","i_vrf/vrf_b3_reg_r1_0_63_60_62/RAMB/I","VRF/read/writeback","FDCE=1;LUT3=1;LUT6=4;RAMD64E=1"
431,-0.183,5.000,4.829,1.190,3.639,0.754,6,"uop_p3_q_reg[op_type][0]/C","i_vrf/vrf_b3_reg_r1_0_63_6_8/RAMB/I","VRF/read/writeback","FDCE=1;LUT3=1;LUT6=4;RAMD64E=1"
432,-0.183,5.000,4.829,1.190,3.639,0.754,6,"uop_p3_q_reg[op_type][0]/C","i_vrf/vrf_b3_reg_r1_0_63_9_11/RAMB/I","VRF/read/writeback","FDCE=1;LUT3=1;LUT6=4;RAMD64E=1"
433,-0.183,5.000,4.829,1.190,3.639,0.754,6,"uop_p3_q_reg[op_type][0]/C","i_vrf/vrf_b3_reg_r2_0_63_0_2/RAMB/I","VRF/read/writeback","FDCE=1;LUT3=1;LUT6=4;RAMD64E=2"
434,-0.183,5.000,4.829,1.190,3.639,0.754,6,"uop_p3_q_reg[op_type][0]/C","i_vrf/vrf_b3_reg_r2_0_63_12_14/RAMB/I","VRF/read/writeback","FDCE=1;LUT3=1;LUT6=4;RAMD64E=2"
435,-0.183,5.000,4.829,1.190,3.639,0.754,6,"uop_p3_q_reg[op_type][0]/C","i_vrf/vrf_b3_reg_r2_0_63_15_17/RAMB/I","VRF/read/writeback","FDCE=1;LUT3=1;LUT6=4;RAMD64E=2"
436,-0.183,5.000,4.829,1.190,3.639,0.754,6,"uop_p3_q_reg[op_type][0]/C","i_vrf/vrf_b3_reg_r2_0_63_18_20/RAMB/I","VRF/read/writeback","FDCE=1;LUT3=1;LUT6=4;RAMD64E=2"
437,-0.183,5.000,4.829,1.190,3.639,0.754,6,"uop_p3_q_reg[op_type][0]/C","i_vrf/vrf_b3_reg_r2_0_63_21_23/RAMB/I","VRF/read/writeback","FDCE=1;LUT3=1;LUT6=4;RAMD64E=2"
438,-0.183,5.000,4.829,1.190,3.639,0.754,6,"uop_p3_q_reg[op_type][0]/C","i_vrf/vrf_b3_reg_r2_0_63_24_26/RAMB/I","VRF/read/writeback","FDCE=1;LUT3=1;LUT6=4;RAMD64E=2"
439,-0.183,5.000,4.829,1.190,3.639,0.754,6,"uop_p3_q_reg[op_type][0]/C","i_vrf/vrf_b3_reg_r2_0_63_27_29/RAMB/I","VRF/read/writeback","FDCE=1;LUT3=1;LUT6=4;RAMD64E=2"
440,-0.183,5.000,4.829,1.190,3.639,0.754,6,"uop_p3_q_reg[op_type][0]/C","i_vrf/vrf_b3_reg_r2_0_63_30_32/RAMB/I","VRF/read/writeback","FDCE=1;LUT3=1;LUT6=4;RAMD64E=2"
441,-0.183,5.000,4.829,1.190,3.639,0.754,6,"uop_p3_q_reg[op_type][0]/C","i_vrf/vrf_b3_reg_r2_0_63_33_35/RAMB/I","VRF/read/writeback","FDCE=1;LUT3=1;LUT6=4;RAMD64E=2"
442,-0.183,5.000,4.829,1.190,3.639,0.754,6,"uop_p3_q_reg[op_type][0]/C","i_vrf/vrf_b3_reg_r2_0_63_36_38/RAMB/I","VRF/read/writeback","FDCE=1;LUT3=1;LUT6=4;RAMD64E=2"
443,-0.183,5.000,4.829,1.190,3.639,0.754,6,"uop_p3_q_reg[op_type][0]/C","i_vrf/vrf_b3_reg_r2_0_63_39_41/RAMB/I","VRF/read/writeback","FDCE=1;LUT3=1;LUT6=4;RAMD64E=2"
444,-0.183,5.000,4.829,1.190,3.639,0.754,6,"uop_p3_q_reg[op_type][0]/C","i_vrf/vrf_b3_reg_r2_0_63_3_5/RAMB/I","VRF/read/writeback","FDCE=1;LUT3=1;LUT6=4;RAMD64E=2"
445,-0.183,5.000,4.829,1.190,3.639,0.754,6,"uop_p3_q_reg[op_type][0]/C","i_vrf/vrf_b3_reg_r2_0_63_42_44/RAMB/I","VRF/read/writeback","FDCE=1;LUT3=1;LUT6=4;RAMD64E=2"
446,-0.183,5.000,4.829,1.190,3.639,0.754,6,"uop_p3_q_reg[op_type][0]/C","i_vrf/vrf_b3_reg_r2_0_63_45_47/RAMB/I","VRF/read/writeback","FDCE=1;LUT3=1;LUT6=4;RAMD64E=2"
447,-0.183,5.000,4.829,1.190,3.639,0.754,6,"uop_p3_q_reg[op_type][0]/C","i_vrf/vrf_b3_reg_r2_0_63_48_50/RAMB/I","VRF/read/writeback","FDCE=1;LUT3=1;LUT6=4;RAMD64E=2"
448,-0.183,5.000,4.829,1.190,3.639,0.754,6,"uop_p3_q_reg[op_type][0]/C","i_vrf/vrf_b3_reg_r2_0_63_51_53/RAMB/I","VRF/read/writeback","FDCE=1;LUT3=1;LUT6=4;RAMD64E=2"
449,-0.183,5.000,4.829,1.190,3.639,0.754,6,"uop_p3_q_reg[op_type][0]/C","i_vrf/vrf_b3_reg_r2_0_63_54_56/RAMB/I","VRF/read/writeback","FDCE=1;LUT3=1;LUT6=4;RAMD64E=2"
450,-0.183,5.000,4.829,1.190,3.639,0.754,6,"uop_p3_q_reg[op_type][0]/C","i_vrf/vrf_b3_reg_r2_0_63_57_59/RAMB/I","VRF/read/writeback","FDCE=1;LUT3=1;LUT6=4;RAMD64E=2"
451,-0.183,5.000,4.829,1.190,3.639,0.754,6,"uop_p3_q_reg[op_type][0]/C","i_vrf/vrf_b3_reg_r2_0_63_60_62/RAMB/I","VRF/read/writeback","FDCE=1;LUT3=1;LUT6=4;RAMD64E=2"
452,-0.183,5.000,4.829,1.190,3.639,0.754,6,"uop_p3_q_reg[op_type][0]/C","i_vrf/vrf_b3_reg_r2_0_63_6_8/RAMB/I","VRF/read/writeback","FDCE=1;LUT3=1;LUT6=4;RAMD64E=2"
453,-0.183,5.000,4.829,1.190,3.639,0.754,6,"uop_p3_q_reg[op_type][0]/C","i_vrf/vrf_b3_reg_r2_0_63_9_11/RAMB/I","VRF/read/writeback","FDCE=1;LUT3=1;LUT6=4;RAMD64E=2"
454,-0.179,5.000,4.829,1.190,3.639,0.754,6,"uop_p3_q_reg[op_type][0]/C","i_vrf/vrf_b0_reg_r1_0_63_0_2/RAMC/I","VRF/read/writeback","FDCE=1;LUT3=1;LUT6=4;RAMD64E=1"
455,-0.179,5.000,4.829,1.190,3.639,0.754,6,"uop_p3_q_reg[op_type][0]/C","i_vrf/vrf_b0_reg_r1_0_63_12_14/RAMC/I","VRF/read/writeback","FDCE=1;LUT3=1;LUT6=4;RAMD64E=1"
456,-0.179,5.000,4.829,1.190,3.639,0.754,6,"uop_p3_q_reg[op_type][0]/C","i_vrf/vrf_b0_reg_r1_0_63_15_17/RAMC/I","VRF/read/writeback","FDCE=1;LUT3=1;LUT6=4;RAMD64E=1"
457,-0.179,5.000,4.829,1.190,3.639,0.754,6,"uop_p3_q_reg[op_type][0]/C","i_vrf/vrf_b0_reg_r1_0_63_18_20/RAMC/I","VRF/read/writeback","FDCE=1;LUT3=1;LUT6=4;RAMD64E=1"
458,-0.179,5.000,4.829,1.190,3.639,0.754,6,"uop_p3_q_reg[op_type][0]/C","i_vrf/vrf_b0_reg_r1_0_63_21_23/RAMC/I","VRF/read/writeback","FDCE=1;LUT3=1;LUT6=4;RAMD64E=1"
459,-0.179,5.000,4.829,1.190,3.639,0.754,6,"uop_p3_q_reg[op_type][0]/C","i_vrf/vrf_b0_reg_r1_0_63_24_26/RAMC/I","VRF/read/writeback","FDCE=1;LUT3=1;LUT6=4;RAMD64E=1"
460,-0.179,5.000,4.829,1.190,3.639,0.754,6,"uop_p3_q_reg[op_type][0]/C","i_vrf/vrf_b0_reg_r1_0_63_27_29/RAMC/I","VRF/read/writeback","FDCE=1;LUT3=1;LUT6=4;RAMD64E=1"
461,-0.179,5.000,4.829,1.190,3.639,0.754,6,"uop_p3_q_reg[op_type][0]/C","i_vrf/vrf_b0_reg_r1_0_63_30_32/RAMC/I","VRF/read/writeback","FDCE=1;LUT3=1;LUT6=4;RAMD64E=1"
462,-0.179,5.000,4.829,1.190,3.639,0.754,6,"uop_p3_q_reg[op_type][0]/C","i_vrf/vrf_b0_reg_r1_0_63_33_35/RAMC/I","VRF/read/writeback","FDCE=1;LUT3=1;LUT6=4;RAMD64E=1"
463,-0.179,5.000,4.829,1.190,3.639,0.754,6,"uop_p3_q_reg[op_type][0]/C","i_vrf/vrf_b0_reg_r1_0_63_36_38/RAMC/I","VRF/read/writeback","FDCE=1;LUT3=1;LUT6=4;RAMD64E=1"
464,-0.179,5.000,4.829,1.190,3.639,0.754,6,"uop_p3_q_reg[op_type][0]/C","i_vrf/vrf_b0_reg_r1_0_63_39_41/RAMC/I","VRF/read/writeback","FDCE=1;LUT3=1;LUT6=4;RAMD64E=1"
465,-0.179,5.000,4.829,1.190,3.639,0.754,6,"uop_p3_q_reg[op_type][0]/C","i_vrf/vrf_b0_reg_r1_0_63_3_5/RAMC/I","VRF/read/writeback","FDCE=1;LUT3=1;LUT6=4;RAMD64E=1"
466,-0.179,5.000,4.829,1.190,3.639,0.754,6,"uop_p3_q_reg[op_type][0]/C","i_vrf/vrf_b0_reg_r1_0_63_42_44/RAMC/I","VRF/read/writeback","FDCE=1;LUT3=1;LUT6=4;RAMD64E=1"
467,-0.179,5.000,4.829,1.190,3.639,0.754,6,"uop_p3_q_reg[op_type][0]/C","i_vrf/vrf_b0_reg_r1_0_63_45_47/RAMC/I","VRF/read/writeback","FDCE=1;LUT3=1;LUT6=4;RAMD64E=1"
468,-0.179,5.000,4.829,1.190,3.639,0.754,6,"uop_p3_q_reg[op_type][0]/C","i_vrf/vrf_b0_reg_r1_0_63_48_50/RAMC/I","VRF/read/writeback","FDCE=1;LUT3=1;LUT6=4;RAMD64E=1"
469,-0.179,5.000,4.829,1.190,3.639,0.754,6,"uop_p3_q_reg[op_type][0]/C","i_vrf/vrf_b0_reg_r1_0_63_51_53/RAMC/I","VRF/read/writeback","FDCE=1;LUT3=1;LUT6=4;RAMD64E=1"
470,-0.179,5.000,4.829,1.190,3.639,0.754,6,"uop_p3_q_reg[op_type][0]/C","i_vrf/vrf_b0_reg_r1_0_63_54_56/RAMC/I","VRF/read/writeback","FDCE=1;LUT3=1;LUT6=4;RAMD64E=1"
471,-0.179,5.000,4.829,1.190,3.639,0.754,6,"uop_p3_q_reg[op_type][0]/C","i_vrf/vrf_b0_reg_r1_0_63_57_59/RAMC/I","VRF/read/writeback","FDCE=1;LUT3=1;LUT6=4;RAMD64E=1"
472,-0.179,5.000,4.829,1.190,3.639,0.754,6,"uop_p3_q_reg[op_type][0]/C","i_vrf/vrf_b0_reg_r1_0_63_60_62/RAMC/I","VRF/read/writeback","FDCE=1;LUT3=1;LUT6=4;RAMD64E=1"
473,-0.179,5.000,4.829,1.190,3.639,0.754,6,"uop_p3_q_reg[op_type][0]/C","i_vrf/vrf_b0_reg_r1_0_63_6_8/RAMC/I","VRF/read/writeback","FDCE=1;LUT3=1;LUT6=4;RAMD64E=1"
474,-0.179,5.000,4.829,1.190,3.639,0.754,6,"uop_p3_q_reg[op_type][0]/C","i_vrf/vrf_b0_reg_r1_0_63_9_11/RAMC/I","VRF/read/writeback","FDCE=1;LUT3=1;LUT6=4;RAMD64E=1"
475,-0.179,5.000,4.829,1.190,3.639,0.754,6,"uop_p3_q_reg[op_type][0]/C","i_vrf/vrf_b0_reg_r2_0_63_0_2/RAMC/I","VRF/read/writeback","FDCE=1;LUT3=1;LUT6=4;RAMD64E=2"
476,-0.179,5.000,4.829,1.190,3.639,0.754,6,"uop_p3_q_reg[op_type][0]/C","i_vrf/vrf_b0_reg_r2_0_63_12_14/RAMC/I","VRF/read/writeback","FDCE=1;LUT3=1;LUT6=4;RAMD64E=2"
477,-0.179,5.000,4.829,1.190,3.639,0.754,6,"uop_p3_q_reg[op_type][0]/C","i_vrf/vrf_b0_reg_r2_0_63_15_17/RAMC/I","VRF/read/writeback","FDCE=1;LUT3=1;LUT6=4;RAMD64E=2"
478,-0.179,5.000,4.829,1.190,3.639,0.754,6,"uop_p3_q_reg[op_type][0]/C","i_vrf/vrf_b0_reg_r2_0_63_18_20/RAMC/I","VRF/read/writeback","FDCE=1;LUT3=1;LUT6=4;RAMD64E=2"
479,-0.179,5.000,4.829,1.190,3.639,0.754,6,"uop_p3_q_reg[op_type][0]/C","i_vrf/vrf_b0_reg_r2_0_63_21_23/RAMC/I","VRF/read/writeback","FDCE=1;LUT3=1;LUT6=4;RAMD64E=2"
480,-0.179,5.000,4.829,1.190,3.639,0.754,6,"uop_p3_q_reg[op_type][0]/C","i_vrf/vrf_b0_reg_r2_0_63_24_26/RAMC/I","VRF/read/writeback","FDCE=1;LUT3=1;LUT6=4;RAMD64E=2"
481,-0.179,5.000,4.829,1.190,3.639,0.754,6,"uop_p3_q_reg[op_type][0]/C","i_vrf/vrf_b0_reg_r2_0_63_27_29/RAMC/I","VRF/read/writeback","FDCE=1;LUT3=1;LUT6=4;RAMD64E=2"
482,-0.179,5.000,4.829,1.190,3.639,0.754,6,"uop_p3_q_reg[op_type][0]/C","i_vrf/vrf_b0_reg_r2_0_63_30_32/RAMC/I","VRF/read/writeback","FDCE=1;LUT3=1;LUT6=4;RAMD64E=2"
483,-0.179,5.000,4.829,1.190,3.639,0.754,6,"uop_p3_q_reg[op_type][0]/C","i_vrf/vrf_b0_reg_r2_0_63_33_35/RAMC/I","VRF/read/writeback","FDCE=1;LUT3=1;LUT6=4;RAMD64E=2"
484,-0.179,5.000,4.829,1.190,3.639,0.754,6,"uop_p3_q_reg[op_type][0]/C","i_vrf/vrf_b0_reg_r2_0_63_36_38/RAMC/I","VRF/read/writeback","FDCE=1;LUT3=1;LUT6=4;RAMD64E=2"
485,-0.179,5.000,4.829,1.190,3.639,0.754,6,"uop_p3_q_reg[op_type][0]/C","i_vrf/vrf_b0_reg_r2_0_63_39_41/RAMC/I","VRF/read/writeback","FDCE=1;LUT3=1;LUT6=4;RAMD64E=2"
486,-0.179,5.000,4.829,1.190,3.639,0.754,6,"uop_p3_q_reg[op_type][0]/C","i_vrf/vrf_b0_reg_r2_0_63_3_5/RAMC/I","VRF/read/writeback","FDCE=1;LUT3=1;LUT6=4;RAMD64E=2"
487,-0.179,5.000,4.829,1.190,3.639,0.754,6,"uop_p3_q_reg[op_type][0]/C","i_vrf/vrf_b0_reg_r2_0_63_42_44/RAMC/I","VRF/read/writeback","FDCE=1;LUT3=1;LUT6=4;RAMD64E=2"
488,-0.179,5.000,4.829,1.190,3.639,0.754,6,"uop_p3_q_reg[op_type][0]/C","i_vrf/vrf_b0_reg_r2_0_63_45_47/RAMC/I","VRF/read/writeback","FDCE=1;LUT3=1;LUT6=4;RAMD64E=2"
489,-0.179,5.000,4.829,1.190,3.639,0.754,6,"uop_p3_q_reg[op_type][0]/C","i_vrf/vrf_b0_reg_r2_0_63_48_50/RAMC/I","VRF/read/writeback","FDCE=1;LUT3=1;LUT6=4;RAMD64E=2"
490,-0.179,5.000,4.829,1.190,3.639,0.754,6,"uop_p3_q_reg[op_type][0]/C","i_vrf/vrf_b0_reg_r2_0_63_51_53/RAMC/I","VRF/read/writeback","FDCE=1;LUT3=1;LUT6=4;RAMD64E=2"
491,-0.179,5.000,4.829,1.190,3.639,0.754,6,"uop_p3_q_reg[op_type][0]/C","i_vrf/vrf_b0_reg_r2_0_63_54_56/RAMC/I","VRF/read/writeback","FDCE=1;LUT3=1;LUT6=4;RAMD64E=2"
492,-0.179,5.000,4.829,1.190,3.639,0.754,6,"uop_p3_q_reg[op_type][0]/C","i_vrf/vrf_b0_reg_r2_0_63_57_59/RAMC/I","VRF/read/writeback","FDCE=1;LUT3=1;LUT6=4;RAMD64E=2"
493,-0.179,5.000,4.829,1.190,3.639,0.754,6,"uop_p3_q_reg[op_type][0]/C","i_vrf/vrf_b0_reg_r2_0_63_60_62/RAMC/I","VRF/read/writeback","FDCE=1;LUT3=1;LUT6=4;RAMD64E=2"
494,-0.179,5.000,4.829,1.190,3.639,0.754,6,"uop_p3_q_reg[op_type][0]/C","i_vrf/vrf_b0_reg_r2_0_63_6_8/RAMC/I","VRF/read/writeback","FDCE=1;LUT3=1;LUT6=4;RAMD64E=2"
495,-0.179,5.000,4.829,1.190,3.639,0.754,6,"uop_p3_q_reg[op_type][0]/C","i_vrf/vrf_b0_reg_r2_0_63_9_11/RAMC/I","VRF/read/writeback","FDCE=1;LUT3=1;LUT6=4;RAMD64E=2"
496,-0.179,5.000,4.829,1.190,3.639,0.754,6,"uop_p3_q_reg[op_type][0]/C","i_vrf/vrf_b1_reg_r1_0_63_0_2/RAMC/I","VRF/read/writeback","FDCE=1;LUT3=1;LUT6=4;RAMD64E=1"
497,-0.179,5.000,4.829,1.190,3.639,0.754,6,"uop_p3_q_reg[op_type][0]/C","i_vrf/vrf_b1_reg_r1_0_63_12_14/RAMC/I","VRF/read/writeback","FDCE=1;LUT3=1;LUT6=4;RAMD64E=1"
498,-0.179,5.000,4.829,1.190,3.639,0.754,6,"uop_p3_q_reg[op_type][0]/C","i_vrf/vrf_b1_reg_r1_0_63_15_17/RAMC/I","VRF/read/writeback","FDCE=1;LUT3=1;LUT6=4;RAMD64E=1"
499,-0.179,5.000,4.829,1.190,3.639,0.754,6,"uop_p3_q_reg[op_type][0]/C","i_vrf/vrf_b1_reg_r1_0_63_18_20/RAMC/I","VRF/read/writeback","FDCE=1;LUT3=1;LUT6=4;RAMD64E=1"
500,-0.179,5.000,4.829,1.190,3.639,0.754,6,"uop_p3_q_reg[op_type][0]/C","i_vrf/vrf_b1_reg_r1_0_63_21_23/RAMC/I","VRF/read/writeback","FDCE=1;LUT3=1;LUT6=4;RAMD64E=1"
501,-0.179,5.000,4.829,1.190,3.639,0.754,6,"uop_p3_q_reg[op_type][0]/C","i_vrf/vrf_b1_reg_r1_0_63_24_26/RAMC/I","VRF/read/writeback","FDCE=1;LUT3=1;LUT6=4;RAMD64E=1"
502,-0.179,5.000,4.829,1.190,3.639,0.754,6,"uop_p3_q_reg[op_type][0]/C","i_vrf/vrf_b1_reg_r1_0_63_27_29/RAMC/I","VRF/read/writeback","FDCE=1;LUT3=1;LUT6=4;RAMD64E=1"
503,-0.179,5.000,4.829,1.190,3.639,0.754,6,"uop_p3_q_reg[op_type][0]/C","i_vrf/vrf_b1_reg_r1_0_63_30_32/RAMC/I","VRF/read/writeback","FDCE=1;LUT3=1;LUT6=4;RAMD64E=1"
504,-0.179,5.000,4.829,1.190,3.639,0.754,6,"uop_p3_q_reg[op_type][0]/C","i_vrf/vrf_b1_reg_r1_0_63_33_35/RAMC/I","VRF/read/writeback","FDCE=1;LUT3=1;LUT6=4;RAMD64E=1"
505,-0.179,5.000,4.829,1.190,3.639,0.754,6,"uop_p3_q_reg[op_type][0]/C","i_vrf/vrf_b1_reg_r1_0_63_36_38/RAMC/I","VRF/read/writeback","FDCE=1;LUT3=1;LUT6=4;RAMD64E=1"
506,-0.179,5.000,4.829,1.190,3.639,0.754,6,"uop_p3_q_reg[op_type][0]/C","i_vrf/vrf_b1_reg_r1_0_63_39_41/RAMC/I","VRF/read/writeback","FDCE=1;LUT3=1;LUT6=4;RAMD64E=1"
507,-0.179,5.000,4.829,1.190,3.639,0.754,6,"uop_p3_q_reg[op_type][0]/C","i_vrf/vrf_b1_reg_r1_0_63_3_5/RAMC/I","VRF/read/writeback","FDCE=1;LUT3=1;LUT6=4;RAMD64E=1"
508,-0.179,5.000,4.829,1.190,3.639,0.754,6,"uop_p3_q_reg[op_type][0]/C","i_vrf/vrf_b1_reg_r1_0_63_42_44/RAMC/I","VRF/read/writeback","FDCE=1;LUT3=1;LUT6=4;RAMD64E=1"
509,-0.179,5.000,4.829,1.190,3.639,0.754,6,"uop_p3_q_reg[op_type][0]/C","i_vrf/vrf_b1_reg_r1_0_63_45_47/RAMC/I","VRF/read/writeback","FDCE=1;LUT3=1;LUT6=4;RAMD64E=1"
510,-0.179,5.000,4.829,1.190,3.639,0.754,6,"uop_p3_q_reg[op_type][0]/C","i_vrf/vrf_b1_reg_r1_0_63_48_50/RAMC/I","VRF/read/writeback","FDCE=1;LUT3=1;LUT6=4;RAMD64E=1"
511,-0.179,5.000,4.829,1.190,3.639,0.754,6,"uop_p3_q_reg[op_type][0]/C","i_vrf/vrf_b1_reg_r1_0_63_51_53/RAMC/I","VRF/read/writeback","FDCE=1;LUT3=1;LUT6=4;RAMD64E=1"
512,-0.179,5.000,4.829,1.190,3.639,0.754,6,"uop_p3_q_reg[op_type][0]/C","i_vrf/vrf_b1_reg_r1_0_63_54_56/RAMC/I","VRF/read/writeback","FDCE=1;LUT3=1;LUT6=4;RAMD64E=1"
513,-0.179,5.000,4.829,1.190,3.639,0.754,6,"uop_p3_q_reg[op_type][0]/C","i_vrf/vrf_b1_reg_r1_0_63_57_59/RAMC/I","VRF/read/writeback","FDCE=1;LUT3=1;LUT6=4;RAMD64E=1"
514,-0.179,5.000,4.829,1.190,3.639,0.754,6,"uop_p3_q_reg[op_type][0]/C","i_vrf/vrf_b1_reg_r1_0_63_60_62/RAMC/I","VRF/read/writeback","FDCE=1;LUT3=1;LUT6=4;RAMD64E=1"
515,-0.179,5.000,4.829,1.190,3.639,0.754,6,"uop_p3_q_reg[op_type][0]/C","i_vrf/vrf_b1_reg_r1_0_63_6_8/RAMC/I","VRF/read/writeback","FDCE=1;LUT3=1;LUT6=4;RAMD64E=1"
516,-0.179,5.000,4.829,1.190,3.639,0.754,6,"uop_p3_q_reg[op_type][0]/C","i_vrf/vrf_b1_reg_r1_0_63_9_11/RAMC/I","VRF/read/writeback","FDCE=1;LUT3=1;LUT6=4;RAMD64E=1"
517,-0.179,5.000,4.829,1.190,3.639,0.754,6,"uop_p3_q_reg[op_type][0]/C","i_vrf/vrf_b1_reg_r2_0_63_0_2/RAMC/I","VRF/read/writeback","FDCE=1;LUT3=1;LUT6=4;RAMD64E=2"
518,-0.179,5.000,4.829,1.190,3.639,0.754,6,"uop_p3_q_reg[op_type][0]/C","i_vrf/vrf_b1_reg_r2_0_63_12_14/RAMC/I","VRF/read/writeback","FDCE=1;LUT3=1;LUT6=4;RAMD64E=2"
519,-0.179,5.000,4.829,1.190,3.639,0.754,6,"uop_p3_q_reg[op_type][0]/C","i_vrf/vrf_b1_reg_r2_0_63_15_17/RAMC/I","VRF/read/writeback","FDCE=1;LUT3=1;LUT6=4;RAMD64E=2"
520,-0.179,5.000,4.829,1.190,3.639,0.754,6,"uop_p3_q_reg[op_type][0]/C","i_vrf/vrf_b1_reg_r2_0_63_18_20/RAMC/I","VRF/read/writeback","FDCE=1;LUT3=1;LUT6=4;RAMD64E=2"
521,-0.179,5.000,4.829,1.190,3.639,0.754,6,"uop_p3_q_reg[op_type][0]/C","i_vrf/vrf_b1_reg_r2_0_63_21_23/RAMC/I","VRF/read/writeback","FDCE=1;LUT3=1;LUT6=4;RAMD64E=2"
522,-0.179,5.000,4.829,1.190,3.639,0.754,6,"uop_p3_q_reg[op_type][0]/C","i_vrf/vrf_b1_reg_r2_0_63_24_26/RAMC/I","VRF/read/writeback","FDCE=1;LUT3=1;LUT6=4;RAMD64E=2"
523,-0.179,5.000,4.829,1.190,3.639,0.754,6,"uop_p3_q_reg[op_type][0]/C","i_vrf/vrf_b1_reg_r2_0_63_27_29/RAMC/I","VRF/read/writeback","FDCE=1;LUT3=1;LUT6=4;RAMD64E=2"
524,-0.179,5.000,4.829,1.190,3.639,0.754,6,"uop_p3_q_reg[op_type][0]/C","i_vrf/vrf_b1_reg_r2_0_63_30_32/RAMC/I","VRF/read/writeback","FDCE=1;LUT3=1;LUT6=4;RAMD64E=2"
525,-0.179,5.000,4.829,1.190,3.639,0.754,6,"uop_p3_q_reg[op_type][0]/C","i_vrf/vrf_b1_reg_r2_0_63_33_35/RAMC/I","VRF/read/writeback","FDCE=1;LUT3=1;LUT6=4;RAMD64E=2"
526,-0.179,5.000,4.829,1.190,3.639,0.754,6,"uop_p3_q_reg[op_type][0]/C","i_vrf/vrf_b1_reg_r2_0_63_36_38/RAMC/I","VRF/read/writeback","FDCE=1;LUT3=1;LUT6=4;RAMD64E=2"
527,-0.179,5.000,4.829,1.190,3.639,0.754,6,"uop_p3_q_reg[op_type][0]/C","i_vrf/vrf_b1_reg_r2_0_63_39_41/RAMC/I","VRF/read/writeback","FDCE=1;LUT3=1;LUT6=4;RAMD64E=2"
528,-0.179,5.000,4.829,1.190,3.639,0.754,6,"uop_p3_q_reg[op_type][0]/C","i_vrf/vrf_b1_reg_r2_0_63_3_5/RAMC/I","VRF/read/writeback","FDCE=1;LUT3=1;LUT6=4;RAMD64E=2"
529,-0.179,5.000,4.829,1.190,3.639,0.754,6,"uop_p3_q_reg[op_type][0]/C","i_vrf/vrf_b1_reg_r2_0_63_42_44/RAMC/I","VRF/read/writeback","FDCE=1;LUT3=1;LUT6=4;RAMD64E=2"
530,-0.179,5.000,4.829,1.190,3.639,0.754,6,"uop_p3_q_reg[op_type][0]/C","i_vrf/vrf_b1_reg_r2_0_63_45_47/RAMC/I","VRF/read/writeback","FDCE=1;LUT3=1;LUT6=4;RAMD64E=2"
531,-0.179,5.000,4.829,1.190,3.639,0.754,6,"uop_p3_q_reg[op_type][0]/C","i_vrf/vrf_b1_reg_r2_0_63_48_50/RAMC/I","VRF/read/writeback","FDCE=1;LUT3=1;LUT6=4;RAMD64E=2"
532,-0.179,5.000,4.829,1.190,3.639,0.754,6,"uop_p3_q_reg[op_type][0]/C","i_vrf/vrf_b1_reg_r2_0_63_51_53/RAMC/I","VRF/read/writeback","FDCE=1;LUT3=1;LUT6=4;RAMD64E=2"
533,-0.179,5.000,4.829,1.190,3.639,0.754,6,"uop_p3_q_reg[op_type][0]/C","i_vrf/vrf_b1_reg_r2_0_63_54_56/RAMC/I","VRF/read/writeback","FDCE=1;LUT3=1;LUT6=4;RAMD64E=2"
534,-0.179,5.000,4.829,1.190,3.639,0.754,6,"uop_p3_q_reg[op_type][0]/C","i_vrf/vrf_b1_reg_r2_0_63_57_59/RAMC/I","VRF/read/writeback","FDCE=1;LUT3=1;LUT6=4;RAMD64E=2"
535,-0.179,5.000,4.829,1.190,3.639,0.754,6,"uop_p3_q_reg[op_type][0]/C","i_vrf/vrf_b1_reg_r2_0_63_60_62/RAMC/I","VRF/read/writeback","FDCE=1;LUT3=1;LUT6=4;RAMD64E=2"
536,-0.179,5.000,4.829,1.190,3.639,0.754,6,"uop_p3_q_reg[op_type][0]/C","i_vrf/vrf_b1_reg_r2_0_63_6_8/RAMC/I","VRF/read/writeback","FDCE=1;LUT3=1;LUT6=4;RAMD64E=2"
537,-0.179,5.000,4.829,1.190,3.639,0.754,6,"uop_p3_q_reg[op_type][0]/C","i_vrf/vrf_b1_reg_r2_0_63_9_11/RAMC/I","VRF/read/writeback","FDCE=1;LUT3=1;LUT6=4;RAMD64E=2"
538,-0.179,5.000,4.829,1.190,3.639,0.754,6,"uop_p3_q_reg[op_type][0]/C","i_vrf/vrf_b2_reg_r1_0_63_0_2/RAMC/I","VRF/read/writeback","FDCE=1;LUT3=1;LUT6=4;RAMD64E=1"
539,-0.179,5.000,4.829,1.190,3.639,0.754,6,"uop_p3_q_reg[op_type][0]/C","i_vrf/vrf_b2_reg_r1_0_63_12_14/RAMC/I","VRF/read/writeback","FDCE=1;LUT3=1;LUT6=4;RAMD64E=1"
540,-0.179,5.000,4.829,1.190,3.639,0.754,6,"uop_p3_q_reg[op_type][0]/C","i_vrf/vrf_b2_reg_r1_0_63_15_17/RAMC/I","VRF/read/writeback","FDCE=1;LUT3=1;LUT6=4;RAMD64E=1"
541,-0.179,5.000,4.829,1.190,3.639,0.754,6,"uop_p3_q_reg[op_type][0]/C","i_vrf/vrf_b2_reg_r1_0_63_18_20/RAMC/I","VRF/read/writeback","FDCE=1;LUT3=1;LUT6=4;RAMD64E=1"
542,-0.179,5.000,4.829,1.190,3.639,0.754,6,"uop_p3_q_reg[op_type][0]/C","i_vrf/vrf_b2_reg_r1_0_63_21_23/RAMC/I","VRF/read/writeback","FDCE=1;LUT3=1;LUT6=4;RAMD64E=1"
543,-0.179,5.000,4.829,1.190,3.639,0.754,6,"uop_p3_q_reg[op_type][0]/C","i_vrf/vrf_b2_reg_r1_0_63_24_26/RAMC/I","VRF/read/writeback","FDCE=1;LUT3=1;LUT6=4;RAMD64E=1"
544,-0.179,5.000,4.829,1.190,3.639,0.754,6,"uop_p3_q_reg[op_type][0]/C","i_vrf/vrf_b2_reg_r1_0_63_27_29/RAMC/I","VRF/read/writeback","FDCE=1;LUT3=1;LUT6=4;RAMD64E=1"
545,-0.179,5.000,4.829,1.190,3.639,0.754,6,"uop_p3_q_reg[op_type][0]/C","i_vrf/vrf_b2_reg_r1_0_63_30_32/RAMC/I","VRF/read/writeback","FDCE=1;LUT3=1;LUT6=4;RAMD64E=1"
546,-0.179,5.000,4.829,1.190,3.639,0.754,6,"uop_p3_q_reg[op_type][0]/C","i_vrf/vrf_b2_reg_r1_0_63_33_35/RAMC/I","VRF/read/writeback","FDCE=1;LUT3=1;LUT6=4;RAMD64E=1"
547,-0.179,5.000,4.829,1.190,3.639,0.754,6,"uop_p3_q_reg[op_type][0]/C","i_vrf/vrf_b2_reg_r1_0_63_36_38/RAMC/I","VRF/read/writeback","FDCE=1;LUT3=1;LUT6=4;RAMD64E=1"
548,-0.179,5.000,4.829,1.190,3.639,0.754,6,"uop_p3_q_reg[op_type][0]/C","i_vrf/vrf_b2_reg_r1_0_63_39_41/RAMC/I","VRF/read/writeback","FDCE=1;LUT3=1;LUT6=4;RAMD64E=1"
549,-0.179,5.000,4.829,1.190,3.639,0.754,6,"uop_p3_q_reg[op_type][0]/C","i_vrf/vrf_b2_reg_r1_0_63_3_5/RAMC/I","VRF/read/writeback","FDCE=1;LUT3=1;LUT6=4;RAMD64E=1"
550,-0.179,5.000,4.829,1.190,3.639,0.754,6,"uop_p3_q_reg[op_type][0]/C","i_vrf/vrf_b2_reg_r1_0_63_42_44/RAMC/I","VRF/read/writeback","FDCE=1;LUT3=1;LUT6=4;RAMD64E=1"
551,-0.179,5.000,4.829,1.190,3.639,0.754,6,"uop_p3_q_reg[op_type][0]/C","i_vrf/vrf_b2_reg_r1_0_63_45_47/RAMC/I","VRF/read/writeback","FDCE=1;LUT3=1;LUT6=4;RAMD64E=1"
552,-0.179,5.000,4.829,1.190,3.639,0.754,6,"uop_p3_q_reg[op_type][0]/C","i_vrf/vrf_b2_reg_r1_0_63_48_50/RAMC/I","VRF/read/writeback","FDCE=1;LUT3=1;LUT6=4;RAMD64E=1"
553,-0.179,5.000,4.829,1.190,3.639,0.754,6,"uop_p3_q_reg[op_type][0]/C","i_vrf/vrf_b2_reg_r1_0_63_51_53/RAMC/I","VRF/read/writeback","FDCE=1;LUT3=1;LUT6=4;RAMD64E=1"
554,-0.179,5.000,4.829,1.190,3.639,0.754,6,"uop_p3_q_reg[op_type][0]/C","i_vrf/vrf_b2_reg_r1_0_63_54_56/RAMC/I","VRF/read/writeback","FDCE=1;LUT3=1;LUT6=4;RAMD64E=1"
555,-0.179,5.000,4.829,1.190,3.639,0.754,6,"uop_p3_q_reg[op_type][0]/C","i_vrf/vrf_b2_reg_r1_0_63_57_59/RAMC/I","VRF/read/writeback","FDCE=1;LUT3=1;LUT6=4;RAMD64E=1"
556,-0.179,5.000,4.829,1.190,3.639,0.754,6,"uop_p3_q_reg[op_type][0]/C","i_vrf/vrf_b2_reg_r1_0_63_60_62/RAMC/I","VRF/read/writeback","FDCE=1;LUT3=1;LUT6=4;RAMD64E=1"
557,-0.179,5.000,4.829,1.190,3.639,0.754,6,"uop_p3_q_reg[op_type][0]/C","i_vrf/vrf_b2_reg_r1_0_63_6_8/RAMC/I","VRF/read/writeback","FDCE=1;LUT3=1;LUT6=4;RAMD64E=1"
558,-0.179,5.000,4.829,1.190,3.639,0.754,6,"uop_p3_q_reg[op_type][0]/C","i_vrf/vrf_b2_reg_r1_0_63_9_11/RAMC/I","VRF/read/writeback","FDCE=1;LUT3=1;LUT6=4;RAMD64E=1"
559,-0.179,5.000,4.829,1.190,3.639,0.754,6,"uop_p3_q_reg[op_type][0]/C","i_vrf/vrf_b2_reg_r2_0_63_0_2/RAMC/I","VRF/read/writeback","FDCE=1;LUT3=1;LUT6=4;RAMD64E=2"
560,-0.179,5.000,4.829,1.190,3.639,0.754,6,"uop_p3_q_reg[op_type][0]/C","i_vrf/vrf_b2_reg_r2_0_63_12_14/RAMC/I","VRF/read/writeback","FDCE=1;LUT3=1;LUT6=4;RAMD64E=2"
561,-0.179,5.000,4.829,1.190,3.639,0.754,6,"uop_p3_q_reg[op_type][0]/C","i_vrf/vrf_b2_reg_r2_0_63_15_17/RAMC/I","VRF/read/writeback","FDCE=1;LUT3=1;LUT6=4;RAMD64E=2"
562,-0.179,5.000,4.829,1.190,3.639,0.754,6,"uop_p3_q_reg[op_type][0]/C","i_vrf/vrf_b2_reg_r2_0_63_18_20/RAMC/I","VRF/read/writeback","FDCE=1;LUT3=1;LUT6=4;RAMD64E=2"
563,-0.179,5.000,4.829,1.190,3.639,0.754,6,"uop_p3_q_reg[op_type][0]/C","i_vrf/vrf_b2_reg_r2_0_63_21_23/RAMC/I","VRF/read/writeback","FDCE=1;LUT3=1;LUT6=4;RAMD64E=2"
564,-0.179,5.000,4.829,1.190,3.639,0.754,6,"uop_p3_q_reg[op_type][0]/C","i_vrf/vrf_b2_reg_r2_0_63_24_26/RAMC/I","VRF/read/writeback","FDCE=1;LUT3=1;LUT6=4;RAMD64E=2"
565,-0.179,5.000,4.829,1.190,3.639,0.754,6,"uop_p3_q_reg[op_type][0]/C","i_vrf/vrf_b2_reg_r2_0_63_27_29/RAMC/I","VRF/read/writeback","FDCE=1;LUT3=1;LUT6=4;RAMD64E=2"
566,-0.179,5.000,4.829,1.190,3.639,0.754,6,"uop_p3_q_reg[op_type][0]/C","i_vrf/vrf_b2_reg_r2_0_63_30_32/RAMC/I","VRF/read/writeback","FDCE=1;LUT3=1;LUT6=4;RAMD64E=2"
567,-0.179,5.000,4.829,1.190,3.639,0.754,6,"uop_p3_q_reg[op_type][0]/C","i_vrf/vrf_b2_reg_r2_0_63_33_35/RAMC/I","VRF/read/writeback","FDCE=1;LUT3=1;LUT6=4;RAMD64E=2"
568,-0.179,5.000,4.829,1.190,3.639,0.754,6,"uop_p3_q_reg[op_type][0]/C","i_vrf/vrf_b2_reg_r2_0_63_36_38/RAMC/I","VRF/read/writeback","FDCE=1;LUT3=1;LUT6=4;RAMD64E=2"
569,-0.179,5.000,4.829,1.190,3.639,0.754,6,"uop_p3_q_reg[op_type][0]/C","i_vrf/vrf_b2_reg_r2_0_63_39_41/RAMC/I","VRF/read/writeback","FDCE=1;LUT3=1;LUT6=4;RAMD64E=2"
570,-0.179,5.000,4.829,1.190,3.639,0.754,6,"uop_p3_q_reg[op_type][0]/C","i_vrf/vrf_b2_reg_r2_0_63_3_5/RAMC/I","VRF/read/writeback","FDCE=1;LUT3=1;LUT6=4;RAMD64E=2"
571,-0.179,5.000,4.829,1.190,3.639,0.754,6,"uop_p3_q_reg[op_type][0]/C","i_vrf/vrf_b2_reg_r2_0_63_42_44/RAMC/I","VRF/read/writeback","FDCE=1;LUT3=1;LUT6=4;RAMD64E=2"
572,-0.179,5.000,4.829,1.190,3.639,0.754,6,"uop_p3_q_reg[op_type][0]/C","i_vrf/vrf_b2_reg_r2_0_63_45_47/RAMC/I","VRF/read/writeback","FDCE=1;LUT3=1;LUT6=4;RAMD64E=2"
573,-0.179,5.000,4.829,1.190,3.639,0.754,6,"uop_p3_q_reg[op_type][0]/C","i_vrf/vrf_b2_reg_r2_0_63_48_50/RAMC/I","VRF/read/writeback","FDCE=1;LUT3=1;LUT6=4;RAMD64E=2"
574,-0.179,5.000,4.829,1.190,3.639,0.754,6,"uop_p3_q_reg[op_type][0]/C","i_vrf/vrf_b2_reg_r2_0_63_51_53/RAMC/I","VRF/read/writeback","FDCE=1;LUT3=1;LUT6=4;RAMD64E=2"
575,-0.179,5.000,4.829,1.190,3.639,0.754,6,"uop_p3_q_reg[op_type][0]/C","i_vrf/vrf_b2_reg_r2_0_63_54_56/RAMC/I","VRF/read/writeback","FDCE=1;LUT3=1;LUT6=4;RAMD64E=2"
576,-0.179,5.000,4.829,1.190,3.639,0.754,6,"uop_p3_q_reg[op_type][0]/C","i_vrf/vrf_b2_reg_r2_0_63_57_59/RAMC/I","VRF/read/writeback","FDCE=1;LUT3=1;LUT6=4;RAMD64E=2"
577,-0.179,5.000,4.829,1.190,3.639,0.754,6,"uop_p3_q_reg[op_type][0]/C","i_vrf/vrf_b2_reg_r2_0_63_60_62/RAMC/I","VRF/read/writeback","FDCE=1;LUT3=1;LUT6=4;RAMD64E=2"
578,-0.179,5.000,4.829,1.190,3.639,0.754,6,"uop_p3_q_reg[op_type][0]/C","i_vrf/vrf_b2_reg_r2_0_63_6_8/RAMC/I","VRF/read/writeback","FDCE=1;LUT3=1;LUT6=4;RAMD64E=2"
579,-0.179,5.000,4.829,1.190,3.639,0.754,6,"uop_p3_q_reg[op_type][0]/C","i_vrf/vrf_b2_reg_r2_0_63_9_11/RAMC/I","VRF/read/writeback","FDCE=1;LUT3=1;LUT6=4;RAMD64E=2"
580,-0.179,5.000,4.829,1.190,3.639,0.754,6,"uop_p3_q_reg[op_type][0]/C","i_vrf/vrf_b3_reg_r1_0_63_0_2/RAMC/I","VRF/read/writeback","FDCE=1;LUT3=1;LUT6=4;RAMD64E=1"
581,-0.179,5.000,4.829,1.190,3.639,0.754,6,"uop_p3_q_reg[op_type][0]/C","i_vrf/vrf_b3_reg_r1_0_63_12_14/RAMC/I","VRF/read/writeback","FDCE=1;LUT3=1;LUT6=4;RAMD64E=1"
582,-0.179,5.000,4.829,1.190,3.639,0.754,6,"uop_p3_q_reg[op_type][0]/C","i_vrf/vrf_b3_reg_r1_0_63_15_17/RAMC/I","VRF/read/writeback","FDCE=1;LUT3=1;LUT6=4;RAMD64E=1"
583,-0.179,5.000,4.829,1.190,3.639,0.754,6,"uop_p3_q_reg[op_type][0]/C","i_vrf/vrf_b3_reg_r1_0_63_18_20/RAMC/I","VRF/read/writeback","FDCE=1;LUT3=1;LUT6=4;RAMD64E=1"
584,-0.179,5.000,4.829,1.190,3.639,0.754,6,"uop_p3_q_reg[op_type][0]/C","i_vrf/vrf_b3_reg_r1_0_63_21_23/RAMC/I","VRF/read/writeback","FDCE=1;LUT3=1;LUT6=4;RAMD64E=1"
585,-0.179,5.000,4.829,1.190,3.639,0.754,6,"uop_p3_q_reg[op_type][0]/C","i_vrf/vrf_b3_reg_r1_0_63_24_26/RAMC/I","VRF/read/writeback","FDCE=1;LUT3=1;LUT6=4;RAMD64E=1"
586,-0.179,5.000,4.829,1.190,3.639,0.754,6,"uop_p3_q_reg[op_type][0]/C","i_vrf/vrf_b3_reg_r1_0_63_27_29/RAMC/I","VRF/read/writeback","FDCE=1;LUT3=1;LUT6=4;RAMD64E=1"
587,-0.179,5.000,4.829,1.190,3.639,0.754,6,"uop_p3_q_reg[op_type][0]/C","i_vrf/vrf_b3_reg_r1_0_63_30_32/RAMC/I","VRF/read/writeback","FDCE=1;LUT3=1;LUT6=4;RAMD64E=1"
588,-0.179,5.000,4.829,1.190,3.639,0.754,6,"uop_p3_q_reg[op_type][0]/C","i_vrf/vrf_b3_reg_r1_0_63_33_35/RAMC/I","VRF/read/writeback","FDCE=1;LUT3=1;LUT6=4;RAMD64E=1"
589,-0.179,5.000,4.829,1.190,3.639,0.754,6,"uop_p3_q_reg[op_type][0]/C","i_vrf/vrf_b3_reg_r1_0_63_36_38/RAMC/I","VRF/read/writeback","FDCE=1;LUT3=1;LUT6=4;RAMD64E=1"
590,-0.179,5.000,4.829,1.190,3.639,0.754,6,"uop_p3_q_reg[op_type][0]/C","i_vrf/vrf_b3_reg_r1_0_63_39_41/RAMC/I","VRF/read/writeback","FDCE=1;LUT3=1;LUT6=4;RAMD64E=1"
591,-0.179,5.000,4.829,1.190,3.639,0.754,6,"uop_p3_q_reg[op_type][0]/C","i_vrf/vrf_b3_reg_r1_0_63_3_5/RAMC/I","VRF/read/writeback","FDCE=1;LUT3=1;LUT6=4;RAMD64E=1"
592,-0.179,5.000,4.829,1.190,3.639,0.754,6,"uop_p3_q_reg[op_type][0]/C","i_vrf/vrf_b3_reg_r1_0_63_42_44/RAMC/I","VRF/read/writeback","FDCE=1;LUT3=1;LUT6=4;RAMD64E=1"
593,-0.179,5.000,4.829,1.190,3.639,0.754,6,"uop_p3_q_reg[op_type][0]/C","i_vrf/vrf_b3_reg_r1_0_63_45_47/RAMC/I","VRF/read/writeback","FDCE=1;LUT3=1;LUT6=4;RAMD64E=1"
594,-0.179,5.000,4.829,1.190,3.639,0.754,6,"uop_p3_q_reg[op_type][0]/C","i_vrf/vrf_b3_reg_r1_0_63_48_50/RAMC/I","VRF/read/writeback","FDCE=1;LUT3=1;LUT6=4;RAMD64E=1"
595,-0.179,5.000,4.829,1.190,3.639,0.754,6,"uop_p3_q_reg[op_type][0]/C","i_vrf/vrf_b3_reg_r1_0_63_51_53/RAMC/I","VRF/read/writeback","FDCE=1;LUT3=1;LUT6=4;RAMD64E=1"
596,-0.179,5.000,4.829,1.190,3.639,0.754,6,"uop_p3_q_reg[op_type][0]/C","i_vrf/vrf_b3_reg_r1_0_63_54_56/RAMC/I","VRF/read/writeback","FDCE=1;LUT3=1;LUT6=4;RAMD64E=1"
597,-0.179,5.000,4.829,1.190,3.639,0.754,6,"uop_p3_q_reg[op_type][0]/C","i_vrf/vrf_b3_reg_r1_0_63_57_59/RAMC/I","VRF/read/writeback","FDCE=1;LUT3=1;LUT6=4;RAMD64E=1"
598,-0.179,5.000,4.829,1.190,3.639,0.754,6,"uop_p3_q_reg[op_type][0]/C","i_vrf/vrf_b3_reg_r1_0_63_60_62/RAMC/I","VRF/read/writeback","FDCE=1;LUT3=1;LUT6=4;RAMD64E=1"
599,-0.179,5.000,4.829,1.190,3.639,0.754,6,"uop_p3_q_reg[op_type][0]/C","i_vrf/vrf_b3_reg_r1_0_63_6_8/RAMC/I","VRF/read/writeback","FDCE=1;LUT3=1;LUT6=4;RAMD64E=1"
600,-0.179,5.000,4.829,1.190,3.639,0.754,6,"uop_p3_q_reg[op_type][0]/C","i_vrf/vrf_b3_reg_r1_0_63_9_11/RAMC/I","VRF/read/writeback","FDCE=1;LUT3=1;LUT6=4;RAMD64E=1"
601,-0.179,5.000,4.829,1.190,3.639,0.754,6,"uop_p3_q_reg[op_type][0]/C","i_vrf/vrf_b3_reg_r2_0_63_0_2/RAMC/I","VRF/read/writeback","FDCE=1;LUT3=1;LUT6=4;RAMD64E=2"
602,-0.179,5.000,4.829,1.190,3.639,0.754,6,"uop_p3_q_reg[op_type][0]/C","i_vrf/vrf_b3_reg_r2_0_63_12_14/RAMC/I","VRF/read/writeback","FDCE=1;LUT3=1;LUT6=4;RAMD64E=2"
603,-0.179,5.000,4.829,1.190,3.639,0.754,6,"uop_p3_q_reg[op_type][0]/C","i_vrf/vrf_b3_reg_r2_0_63_15_17/RAMC/I","VRF/read/writeback","FDCE=1;LUT3=1;LUT6=4;RAMD64E=2"
604,-0.179,5.000,4.829,1.190,3.639,0.754,6,"uop_p3_q_reg[op_type][0]/C","i_vrf/vrf_b3_reg_r2_0_63_18_20/RAMC/I","VRF/read/writeback","FDCE=1;LUT3=1;LUT6=4;RAMD64E=2"
605,-0.179,5.000,4.829,1.190,3.639,0.754,6,"uop_p3_q_reg[op_type][0]/C","i_vrf/vrf_b3_reg_r2_0_63_21_23/RAMC/I","VRF/read/writeback","FDCE=1;LUT3=1;LUT6=4;RAMD64E=2"
606,-0.179,5.000,4.829,1.190,3.639,0.754,6,"uop_p3_q_reg[op_type][0]/C","i_vrf/vrf_b3_reg_r2_0_63_24_26/RAMC/I","VRF/read/writeback","FDCE=1;LUT3=1;LUT6=4;RAMD64E=2"
607,-0.179,5.000,4.829,1.190,3.639,0.754,6,"uop_p3_q_reg[op_type][0]/C","i_vrf/vrf_b3_reg_r2_0_63_27_29/RAMC/I","VRF/read/writeback","FDCE=1;LUT3=1;LUT6=4;RAMD64E=2"
608,-0.179,5.000,4.829,1.190,3.639,0.754,6,"uop_p3_q_reg[op_type][0]/C","i_vrf/vrf_b3_reg_r2_0_63_30_32/RAMC/I","VRF/read/writeback","FDCE=1;LUT3=1;LUT6=4;RAMD64E=2"
609,-0.179,5.000,4.829,1.190,3.639,0.754,6,"uop_p3_q_reg[op_type][0]/C","i_vrf/vrf_b3_reg_r2_0_63_33_35/RAMC/I","VRF/read/writeback","FDCE=1;LUT3=1;LUT6=4;RAMD64E=2"
610,-0.179,5.000,4.829,1.190,3.639,0.754,6,"uop_p3_q_reg[op_type][0]/C","i_vrf/vrf_b3_reg_r2_0_63_36_38/RAMC/I","VRF/read/writeback","FDCE=1;LUT3=1;LUT6=4;RAMD64E=2"
611,-0.179,5.000,4.829,1.190,3.639,0.754,6,"uop_p3_q_reg[op_type][0]/C","i_vrf/vrf_b3_reg_r2_0_63_39_41/RAMC/I","VRF/read/writeback","FDCE=1;LUT3=1;LUT6=4;RAMD64E=2"
612,-0.179,5.000,4.829,1.190,3.639,0.754,6,"uop_p3_q_reg[op_type][0]/C","i_vrf/vrf_b3_reg_r2_0_63_3_5/RAMC/I","VRF/read/writeback","FDCE=1;LUT3=1;LUT6=4;RAMD64E=2"
613,-0.179,5.000,4.829,1.190,3.639,0.754,6,"uop_p3_q_reg[op_type][0]/C","i_vrf/vrf_b3_reg_r2_0_63_42_44/RAMC/I","VRF/read/writeback","FDCE=1;LUT3=1;LUT6=4;RAMD64E=2"
614,-0.179,5.000,4.829,1.190,3.639,0.754,6,"uop_p3_q_reg[op_type][0]/C","i_vrf/vrf_b3_reg_r2_0_63_45_47/RAMC/I","VRF/read/writeback","FDCE=1;LUT3=1;LUT6=4;RAMD64E=2"
615,-0.179,5.000,4.829,1.190,3.639,0.754,6,"uop_p3_q_reg[op_type][0]/C","i_vrf/vrf_b3_reg_r2_0_63_48_50/RAMC/I","VRF/read/writeback","FDCE=1;LUT3=1;LUT6=4;RAMD64E=2"
616,-0.179,5.000,4.829,1.190,3.639,0.754,6,"uop_p3_q_reg[op_type][0]/C","i_vrf/vrf_b3_reg_r2_0_63_51_53/RAMC/I","VRF/read/writeback","FDCE=1;LUT3=1;LUT6=4;RAMD64E=2"
617,-0.179,5.000,4.829,1.190,3.639,0.754,6,"uop_p3_q_reg[op_type][0]/C","i_vrf/vrf_b3_reg_r2_0_63_54_56/RAMC/I","VRF/read/writeback","FDCE=1;LUT3=1;LUT6=4;RAMD64E=2"
618,-0.179,5.000,4.829,1.190,3.639,0.754,6,"uop_p3_q_reg[op_type][0]/C","i_vrf/vrf_b3_reg_r2_0_63_57_59/RAMC/I","VRF/read/writeback","FDCE=1;LUT3=1;LUT6=4;RAMD64E=2"
619,-0.179,5.000,4.829,1.190,3.639,0.754,6,"uop_p3_q_reg[op_type][0]/C","i_vrf/vrf_b3_reg_r2_0_63_60_62/RAMC/I","VRF/read/writeback","FDCE=1;LUT3=1;LUT6=4;RAMD64E=2"
620,-0.179,5.000,4.829,1.190,3.639,0.754,6,"uop_p3_q_reg[op_type][0]/C","i_vrf/vrf_b3_reg_r2_0_63_6_8/RAMC/I","VRF/read/writeback","FDCE=1;LUT3=1;LUT6=4;RAMD64E=2"
621,-0.179,5.000,4.829,1.190,3.639,0.754,6,"uop_p3_q_reg[op_type][0]/C","i_vrf/vrf_b3_reg_r2_0_63_9_11/RAMC/I","VRF/read/writeback","FDCE=1;LUT3=1;LUT6=4;RAMD64E=2"
622,-0.174,5.000,4.829,1.190,3.639,0.754,6,"uop_p3_q_reg[op_type][0]/C","i_vrf/vrf_b0_reg_r1_0_63_0_2/RAMA/I","VRF/read/writeback","FDCE=1;LUT3=1;LUT6=4;RAMD64E=1"
623,-0.174,5.000,4.829,1.190,3.639,0.754,6,"uop_p3_q_reg[op_type][0]/C","i_vrf/vrf_b0_reg_r1_0_63_12_14/RAMA/I","VRF/read/writeback","FDCE=1;LUT3=1;LUT6=4;RAMD64E=1"
624,-0.174,5.000,4.829,1.190,3.639,0.754,6,"uop_p3_q_reg[op_type][0]/C","i_vrf/vrf_b0_reg_r1_0_63_15_17/RAMA/I","VRF/read/writeback","FDCE=1;LUT3=1;LUT6=4;RAMD64E=1"
625,-0.174,5.000,4.829,1.190,3.639,0.754,6,"uop_p3_q_reg[op_type][0]/C","i_vrf/vrf_b0_reg_r1_0_63_18_20/RAMA/I","VRF/read/writeback","FDCE=1;LUT3=1;LUT6=4;RAMD64E=1"
626,-0.174,5.000,4.829,1.190,3.639,0.754,6,"uop_p3_q_reg[op_type][0]/C","i_vrf/vrf_b0_reg_r1_0_63_21_23/RAMA/I","VRF/read/writeback","FDCE=1;LUT3=1;LUT6=4;RAMD64E=1"
627,-0.174,5.000,4.829,1.190,3.639,0.754,6,"uop_p3_q_reg[op_type][0]/C","i_vrf/vrf_b0_reg_r1_0_63_24_26/RAMA/I","VRF/read/writeback","FDCE=1;LUT3=1;LUT6=4;RAMD64E=1"
628,-0.174,5.000,4.829,1.190,3.639,0.754,6,"uop_p3_q_reg[op_type][0]/C","i_vrf/vrf_b0_reg_r1_0_63_27_29/RAMA/I","VRF/read/writeback","FDCE=1;LUT3=1;LUT6=4;RAMD64E=1"
629,-0.174,5.000,4.829,1.190,3.639,0.754,6,"uop_p3_q_reg[op_type][0]/C","i_vrf/vrf_b0_reg_r1_0_63_30_32/RAMA/I","VRF/read/writeback","FDCE=1;LUT3=1;LUT6=4;RAMD64E=1"
630,-0.174,5.000,4.829,1.190,3.639,0.754,6,"uop_p3_q_reg[op_type][0]/C","i_vrf/vrf_b0_reg_r1_0_63_33_35/RAMA/I","VRF/read/writeback","FDCE=1;LUT3=1;LUT6=4;RAMD64E=1"
631,-0.174,5.000,4.829,1.190,3.639,0.754,6,"uop_p3_q_reg[op_type][0]/C","i_vrf/vrf_b0_reg_r1_0_63_36_38/RAMA/I","VRF/read/writeback","FDCE=1;LUT3=1;LUT6=4;RAMD64E=1"
632,-0.174,5.000,4.829,1.190,3.639,0.754,6,"uop_p3_q_reg[op_type][0]/C","i_vrf/vrf_b0_reg_r1_0_63_39_41/RAMA/I","VRF/read/writeback","FDCE=1;LUT3=1;LUT6=4;RAMD64E=1"
633,-0.174,5.000,4.829,1.190,3.639,0.754,6,"uop_p3_q_reg[op_type][0]/C","i_vrf/vrf_b0_reg_r1_0_63_3_5/RAMA/I","VRF/read/writeback","FDCE=1;LUT3=1;LUT6=4;RAMD64E=1"
634,-0.174,5.000,4.829,1.190,3.639,0.754,6,"uop_p3_q_reg[op_type][0]/C","i_vrf/vrf_b0_reg_r1_0_63_42_44/RAMA/I","VRF/read/writeback","FDCE=1;LUT3=1;LUT6=4;RAMD64E=1"
635,-0.174,5.000,4.829,1.190,3.639,0.754,6,"uop_p3_q_reg[op_type][0]/C","i_vrf/vrf_b0_reg_r1_0_63_45_47/RAMA/I","VRF/read/writeback","FDCE=1;LUT3=1;LUT6=4;RAMD64E=1"
636,-0.174,5.000,4.829,1.190,3.639,0.754,6,"uop_p3_q_reg[op_type][0]/C","i_vrf/vrf_b0_reg_r1_0_63_48_50/RAMA/I","VRF/read/writeback","FDCE=1;LUT3=1;LUT6=4;RAMD64E=1"
637,-0.174,5.000,4.829,1.190,3.639,0.754,6,"uop_p3_q_reg[op_type][0]/C","i_vrf/vrf_b0_reg_r1_0_63_51_53/RAMA/I","VRF/read/writeback","FDCE=1;LUT3=1;LUT6=4;RAMD64E=1"
638,-0.174,5.000,4.829,1.190,3.639,0.754,6,"uop_p3_q_reg[op_type][0]/C","i_vrf/vrf_b0_reg_r1_0_63_54_56/RAMA/I","VRF/read/writeback","FDCE=1;LUT3=1;LUT6=4;RAMD64E=1"
639,-0.174,5.000,4.829,1.190,3.639,0.754,6,"uop_p3_q_reg[op_type][0]/C","i_vrf/vrf_b0_reg_r1_0_63_57_59/RAMA/I","VRF/read/writeback","FDCE=1;LUT3=1;LUT6=4;RAMD64E=1"
640,-0.174,5.000,4.829,1.190,3.639,0.754,6,"uop_p3_q_reg[op_type][0]/C","i_vrf/vrf_b0_reg_r1_0_63_60_62/RAMA/I","VRF/read/writeback","FDCE=1;LUT3=1;LUT6=4;RAMD64E=1"
641,-0.174,5.000,4.829,1.190,3.639,0.754,6,"uop_p3_q_reg[op_type][0]/C","i_vrf/vrf_b0_reg_r1_0_63_6_8/RAMA/I","VRF/read/writeback","FDCE=1;LUT3=1;LUT6=4;RAMD64E=1"
642,-0.174,5.000,4.829,1.190,3.639,0.754,6,"uop_p3_q_reg[op_type][0]/C","i_vrf/vrf_b0_reg_r1_0_63_9_11/RAMA/I","VRF/read/writeback","FDCE=1;LUT3=1;LUT6=4;RAMD64E=1"
643,-0.174,5.000,4.829,1.190,3.639,0.754,6,"uop_p3_q_reg[op_type][0]/C","i_vrf/vrf_b0_reg_r2_0_63_0_2/RAMA/I","VRF/read/writeback","FDCE=1;LUT3=1;LUT6=4;RAMD64E=2"
644,-0.174,5.000,4.829,1.190,3.639,0.754,6,"uop_p3_q_reg[op_type][0]/C","i_vrf/vrf_b0_reg_r2_0_63_12_14/RAMA/I","VRF/read/writeback","FDCE=1;LUT3=1;LUT6=4;RAMD64E=2"
645,-0.174,5.000,4.829,1.190,3.639,0.754,6,"uop_p3_q_reg[op_type][0]/C","i_vrf/vrf_b0_reg_r2_0_63_15_17/RAMA/I","VRF/read/writeback","FDCE=1;LUT3=1;LUT6=4;RAMD64E=2"
646,-0.174,5.000,4.829,1.190,3.639,0.754,6,"uop_p3_q_reg[op_type][0]/C","i_vrf/vrf_b0_reg_r2_0_63_18_20/RAMA/I","VRF/read/writeback","FDCE=1;LUT3=1;LUT6=4;RAMD64E=2"
647,-0.174,5.000,4.829,1.190,3.639,0.754,6,"uop_p3_q_reg[op_type][0]/C","i_vrf/vrf_b0_reg_r2_0_63_21_23/RAMA/I","VRF/read/writeback","FDCE=1;LUT3=1;LUT6=4;RAMD64E=2"
648,-0.174,5.000,4.829,1.190,3.639,0.754,6,"uop_p3_q_reg[op_type][0]/C","i_vrf/vrf_b0_reg_r2_0_63_24_26/RAMA/I","VRF/read/writeback","FDCE=1;LUT3=1;LUT6=4;RAMD64E=2"
649,-0.174,5.000,4.829,1.190,3.639,0.754,6,"uop_p3_q_reg[op_type][0]/C","i_vrf/vrf_b0_reg_r2_0_63_27_29/RAMA/I","VRF/read/writeback","FDCE=1;LUT3=1;LUT6=4;RAMD64E=2"
650,-0.174,5.000,4.829,1.190,3.639,0.754,6,"uop_p3_q_reg[op_type][0]/C","i_vrf/vrf_b0_reg_r2_0_63_30_32/RAMA/I","VRF/read/writeback","FDCE=1;LUT3=1;LUT6=4;RAMD64E=2"
651,-0.174,5.000,4.829,1.190,3.639,0.754,6,"uop_p3_q_reg[op_type][0]/C","i_vrf/vrf_b0_reg_r2_0_63_33_35/RAMA/I","VRF/read/writeback","FDCE=1;LUT3=1;LUT6=4;RAMD64E=2"
652,-0.174,5.000,4.829,1.190,3.639,0.754,6,"uop_p3_q_reg[op_type][0]/C","i_vrf/vrf_b0_reg_r2_0_63_36_38/RAMA/I","VRF/read/writeback","FDCE=1;LUT3=1;LUT6=4;RAMD64E=2"
653,-0.174,5.000,4.829,1.190,3.639,0.754,6,"uop_p3_q_reg[op_type][0]/C","i_vrf/vrf_b0_reg_r2_0_63_39_41/RAMA/I","VRF/read/writeback","FDCE=1;LUT3=1;LUT6=4;RAMD64E=2"
654,-0.174,5.000,4.829,1.190,3.639,0.754,6,"uop_p3_q_reg[op_type][0]/C","i_vrf/vrf_b0_reg_r2_0_63_3_5/RAMA/I","VRF/read/writeback","FDCE=1;LUT3=1;LUT6=4;RAMD64E=2"
655,-0.174,5.000,4.829,1.190,3.639,0.754,6,"uop_p3_q_reg[op_type][0]/C","i_vrf/vrf_b0_reg_r2_0_63_42_44/RAMA/I","VRF/read/writeback","FDCE=1;LUT3=1;LUT6=4;RAMD64E=2"
656,-0.174,5.000,4.829,1.190,3.639,0.754,6,"uop_p3_q_reg[op_type][0]/C","i_vrf/vrf_b0_reg_r2_0_63_45_47/RAMA/I","VRF/read/writeback","FDCE=1;LUT3=1;LUT6=4;RAMD64E=2"
657,-0.174,5.000,4.829,1.190,3.639,0.754,6,"uop_p3_q_reg[op_type][0]/C","i_vrf/vrf_b0_reg_r2_0_63_48_50/RAMA/I","VRF/read/writeback","FDCE=1;LUT3=1;LUT6=4;RAMD64E=2"
658,-0.174,5.000,4.829,1.190,3.639,0.754,6,"uop_p3_q_reg[op_type][0]/C","i_vrf/vrf_b0_reg_r2_0_63_51_53/RAMA/I","VRF/read/writeback","FDCE=1;LUT3=1;LUT6=4;RAMD64E=2"
659,-0.174,5.000,4.829,1.190,3.639,0.754,6,"uop_p3_q_reg[op_type][0]/C","i_vrf/vrf_b0_reg_r2_0_63_54_56/RAMA/I","VRF/read/writeback","FDCE=1;LUT3=1;LUT6=4;RAMD64E=2"
660,-0.174,5.000,4.829,1.190,3.639,0.754,6,"uop_p3_q_reg[op_type][0]/C","i_vrf/vrf_b0_reg_r2_0_63_57_59/RAMA/I","VRF/read/writeback","FDCE=1;LUT3=1;LUT6=4;RAMD64E=2"
661,-0.174,5.000,4.829,1.190,3.639,0.754,6,"uop_p3_q_reg[op_type][0]/C","i_vrf/vrf_b0_reg_r2_0_63_60_62/RAMA/I","VRF/read/writeback","FDCE=1;LUT3=1;LUT6=4;RAMD64E=2"
662,-0.174,5.000,4.829,1.190,3.639,0.754,6,"uop_p3_q_reg[op_type][0]/C","i_vrf/vrf_b0_reg_r2_0_63_6_8/RAMA/I","VRF/read/writeback","FDCE=1;LUT3=1;LUT6=4;RAMD64E=2"
663,-0.174,5.000,4.829,1.190,3.639,0.754,6,"uop_p3_q_reg[op_type][0]/C","i_vrf/vrf_b0_reg_r2_0_63_9_11/RAMA/I","VRF/read/writeback","FDCE=1;LUT3=1;LUT6=4;RAMD64E=2"
664,-0.174,5.000,4.829,1.190,3.639,0.754,6,"uop_p3_q_reg[op_type][0]/C","i_vrf/vrf_b1_reg_r1_0_63_0_2/RAMA/I","VRF/read/writeback","FDCE=1;LUT3=1;LUT6=4;RAMD64E=1"
665,-0.174,5.000,4.829,1.190,3.639,0.754,6,"uop_p3_q_reg[op_type][0]/C","i_vrf/vrf_b1_reg_r1_0_63_12_14/RAMA/I","VRF/read/writeback","FDCE=1;LUT3=1;LUT6=4;RAMD64E=1"
666,-0.174,5.000,4.829,1.190,3.639,0.754,6,"uop_p3_q_reg[op_type][0]/C","i_vrf/vrf_b1_reg_r1_0_63_15_17/RAMA/I","VRF/read/writeback","FDCE=1;LUT3=1;LUT6=4;RAMD64E=1"
667,-0.174,5.000,4.829,1.190,3.639,0.754,6,"uop_p3_q_reg[op_type][0]/C","i_vrf/vrf_b1_reg_r1_0_63_18_20/RAMA/I","VRF/read/writeback","FDCE=1;LUT3=1;LUT6=4;RAMD64E=1"
668,-0.174,5.000,4.829,1.190,3.639,0.754,6,"uop_p3_q_reg[op_type][0]/C","i_vrf/vrf_b1_reg_r1_0_63_21_23/RAMA/I","VRF/read/writeback","FDCE=1;LUT3=1;LUT6=4;RAMD64E=1"
669,-0.174,5.000,4.829,1.190,3.639,0.754,6,"uop_p3_q_reg[op_type][0]/C","i_vrf/vrf_b1_reg_r1_0_63_24_26/RAMA/I","VRF/read/writeback","FDCE=1;LUT3=1;LUT6=4;RAMD64E=1"
670,-0.174,5.000,4.829,1.190,3.639,0.754,6,"uop_p3_q_reg[op_type][0]/C","i_vrf/vrf_b1_reg_r1_0_63_27_29/RAMA/I","VRF/read/writeback","FDCE=1;LUT3=1;LUT6=4;RAMD64E=1"
671,-0.174,5.000,4.829,1.190,3.639,0.754,6,"uop_p3_q_reg[op_type][0]/C","i_vrf/vrf_b1_reg_r1_0_63_30_32/RAMA/I","VRF/read/writeback","FDCE=1;LUT3=1;LUT6=4;RAMD64E=1"
672,-0.174,5.000,4.829,1.190,3.639,0.754,6,"uop_p3_q_reg[op_type][0]/C","i_vrf/vrf_b1_reg_r1_0_63_33_35/RAMA/I","VRF/read/writeback","FDCE=1;LUT3=1;LUT6=4;RAMD64E=1"
673,-0.174,5.000,4.829,1.190,3.639,0.754,6,"uop_p3_q_reg[op_type][0]/C","i_vrf/vrf_b1_reg_r1_0_63_36_38/RAMA/I","VRF/read/writeback","FDCE=1;LUT3=1;LUT6=4;RAMD64E=1"
674,-0.174,5.000,4.829,1.190,3.639,0.754,6,"uop_p3_q_reg[op_type][0]/C","i_vrf/vrf_b1_reg_r1_0_63_39_41/RAMA/I","VRF/read/writeback","FDCE=1;LUT3=1;LUT6=4;RAMD64E=1"
675,-0.174,5.000,4.829,1.190,3.639,0.754,6,"uop_p3_q_reg[op_type][0]/C","i_vrf/vrf_b1_reg_r1_0_63_3_5/RAMA/I","VRF/read/writeback","FDCE=1;LUT3=1;LUT6=4;RAMD64E=1"
676,-0.174,5.000,4.829,1.190,3.639,0.754,6,"uop_p3_q_reg[op_type][0]/C","i_vrf/vrf_b1_reg_r1_0_63_42_44/RAMA/I","VRF/read/writeback","FDCE=1;LUT3=1;LUT6=4;RAMD64E=1"
677,-0.174,5.000,4.829,1.190,3.639,0.754,6,"uop_p3_q_reg[op_type][0]/C","i_vrf/vrf_b1_reg_r1_0_63_45_47/RAMA/I","VRF/read/writeback","FDCE=1;LUT3=1;LUT6=4;RAMD64E=1"
678,-0.174,5.000,4.829,1.190,3.639,0.754,6,"uop_p3_q_reg[op_type][0]/C","i_vrf/vrf_b1_reg_r1_0_63_48_50/RAMA/I","VRF/read/writeback","FDCE=1;LUT3=1;LUT6=4;RAMD64E=1"
679,-0.174,5.000,4.829,1.190,3.639,0.754,6,"uop_p3_q_reg[op_type][0]/C","i_vrf/vrf_b1_reg_r1_0_63_51_53/RAMA/I","VRF/read/writeback","FDCE=1;LUT3=1;LUT6=4;RAMD64E=1"
680,-0.174,5.000,4.829,1.190,3.639,0.754,6,"uop_p3_q_reg[op_type][0]/C","i_vrf/vrf_b1_reg_r1_0_63_54_56/RAMA/I","VRF/read/writeback","FDCE=1;LUT3=1;LUT6=4;RAMD64E=1"
681,-0.174,5.000,4.829,1.190,3.639,0.754,6,"uop_p3_q_reg[op_type][0]/C","i_vrf/vrf_b1_reg_r1_0_63_57_59/RAMA/I","VRF/read/writeback","FDCE=1;LUT3=1;LUT6=4;RAMD64E=1"
682,-0.174,5.000,4.829,1.190,3.639,0.754,6,"uop_p3_q_reg[op_type][0]/C","i_vrf/vrf_b1_reg_r1_0_63_60_62/RAMA/I","VRF/read/writeback","FDCE=1;LUT3=1;LUT6=4;RAMD64E=1"
683,-0.174,5.000,4.829,1.190,3.639,0.754,6,"uop_p3_q_reg[op_type][0]/C","i_vrf/vrf_b1_reg_r1_0_63_6_8/RAMA/I","VRF/read/writeback","FDCE=1;LUT3=1;LUT6=4;RAMD64E=1"
684,-0.174,5.000,4.829,1.190,3.639,0.754,6,"uop_p3_q_reg[op_type][0]/C","i_vrf/vrf_b1_reg_r1_0_63_9_11/RAMA/I","VRF/read/writeback","FDCE=1;LUT3=1;LUT6=4;RAMD64E=1"
685,-0.174,5.000,4.829,1.190,3.639,0.754,6,"uop_p3_q_reg[op_type][0]/C","i_vrf/vrf_b1_reg_r2_0_63_0_2/RAMA/I","VRF/read/writeback","FDCE=1;LUT3=1;LUT6=4;RAMD64E=2"
686,-0.174,5.000,4.829,1.190,3.639,0.754,6,"uop_p3_q_reg[op_type][0]/C","i_vrf/vrf_b1_reg_r2_0_63_12_14/RAMA/I","VRF/read/writeback","FDCE=1;LUT3=1;LUT6=4;RAMD64E=2"
687,-0.174,5.000,4.829,1.190,3.639,0.754,6,"uop_p3_q_reg[op_type][0]/C","i_vrf/vrf_b1_reg_r2_0_63_15_17/RAMA/I","VRF/read/writeback","FDCE=1;LUT3=1;LUT6=4;RAMD64E=2"
688,-0.174,5.000,4.829,1.190,3.639,0.754,6,"uop_p3_q_reg[op_type][0]/C","i_vrf/vrf_b1_reg_r2_0_63_18_20/RAMA/I","VRF/read/writeback","FDCE=1;LUT3=1;LUT6=4;RAMD64E=2"
689,-0.174,5.000,4.829,1.190,3.639,0.754,6,"uop_p3_q_reg[op_type][0]/C","i_vrf/vrf_b1_reg_r2_0_63_21_23/RAMA/I","VRF/read/writeback","FDCE=1;LUT3=1;LUT6=4;RAMD64E=2"
690,-0.174,5.000,4.829,1.190,3.639,0.754,6,"uop_p3_q_reg[op_type][0]/C","i_vrf/vrf_b1_reg_r2_0_63_24_26/RAMA/I","VRF/read/writeback","FDCE=1;LUT3=1;LUT6=4;RAMD64E=2"
691,-0.174,5.000,4.829,1.190,3.639,0.754,6,"uop_p3_q_reg[op_type][0]/C","i_vrf/vrf_b1_reg_r2_0_63_27_29/RAMA/I","VRF/read/writeback","FDCE=1;LUT3=1;LUT6=4;RAMD64E=2"
692,-0.174,5.000,4.829,1.190,3.639,0.754,6,"uop_p3_q_reg[op_type][0]/C","i_vrf/vrf_b1_reg_r2_0_63_30_32/RAMA/I","VRF/read/writeback","FDCE=1;LUT3=1;LUT6=4;RAMD64E=2"
693,-0.174,5.000,4.829,1.190,3.639,0.754,6,"uop_p3_q_reg[op_type][0]/C","i_vrf/vrf_b1_reg_r2_0_63_33_35/RAMA/I","VRF/read/writeback","FDCE=1;LUT3=1;LUT6=4;RAMD64E=2"
694,-0.174,5.000,4.829,1.190,3.639,0.754,6,"uop_p3_q_reg[op_type][0]/C","i_vrf/vrf_b1_reg_r2_0_63_36_38/RAMA/I","VRF/read/writeback","FDCE=1;LUT3=1;LUT6=4;RAMD64E=2"
695,-0.174,5.000,4.829,1.190,3.639,0.754,6,"uop_p3_q_reg[op_type][0]/C","i_vrf/vrf_b1_reg_r2_0_63_39_41/RAMA/I","VRF/read/writeback","FDCE=1;LUT3=1;LUT6=4;RAMD64E=2"
696,-0.174,5.000,4.829,1.190,3.639,0.754,6,"uop_p3_q_reg[op_type][0]/C","i_vrf/vrf_b1_reg_r2_0_63_3_5/RAMA/I","VRF/read/writeback","FDCE=1;LUT3=1;LUT6=4;RAMD64E=2"
697,-0.174,5.000,4.829,1.190,3.639,0.754,6,"uop_p3_q_reg[op_type][0]/C","i_vrf/vrf_b1_reg_r2_0_63_42_44/RAMA/I","VRF/read/writeback","FDCE=1;LUT3=1;LUT6=4;RAMD64E=2"
698,-0.174,5.000,4.829,1.190,3.639,0.754,6,"uop_p3_q_reg[op_type][0]/C","i_vrf/vrf_b1_reg_r2_0_63_45_47/RAMA/I","VRF/read/writeback","FDCE=1;LUT3=1;LUT6=4;RAMD64E=2"
699,-0.174,5.000,4.829,1.190,3.639,0.754,6,"uop_p3_q_reg[op_type][0]/C","i_vrf/vrf_b1_reg_r2_0_63_48_50/RAMA/I","VRF/read/writeback","FDCE=1;LUT3=1;LUT6=4;RAMD64E=2"
700,-0.174,5.000,4.829,1.190,3.639,0.754,6,"uop_p3_q_reg[op_type][0]/C","i_vrf/vrf_b1_reg_r2_0_63_51_53/RAMA/I","VRF/read/writeback","FDCE=1;LUT3=1;LUT6=4;RAMD64E=2"
701,-0.174,5.000,4.829,1.190,3.639,0.754,6,"uop_p3_q_reg[op_type][0]/C","i_vrf/vrf_b1_reg_r2_0_63_54_56/RAMA/I","VRF/read/writeback","FDCE=1;LUT3=1;LUT6=4;RAMD64E=2"
702,-0.174,5.000,4.829,1.190,3.639,0.754,6,"uop_p3_q_reg[op_type][0]/C","i_vrf/vrf_b1_reg_r2_0_63_57_59/RAMA/I","VRF/read/writeback","FDCE=1;LUT3=1;LUT6=4;RAMD64E=2"
703,-0.174,5.000,4.829,1.190,3.639,0.754,6,"uop_p3_q_reg[op_type][0]/C","i_vrf/vrf_b1_reg_r2_0_63_60_62/RAMA/I","VRF/read/writeback","FDCE=1;LUT3=1;LUT6=4;RAMD64E=2"
704,-0.174,5.000,4.829,1.190,3.639,0.754,6,"uop_p3_q_reg[op_type][0]/C","i_vrf/vrf_b1_reg_r2_0_63_6_8/RAMA/I","VRF/read/writeback","FDCE=1;LUT3=1;LUT6=4;RAMD64E=2"
705,-0.174,5.000,4.829,1.190,3.639,0.754,6,"uop_p3_q_reg[op_type][0]/C","i_vrf/vrf_b1_reg_r2_0_63_9_11/RAMA/I","VRF/read/writeback","FDCE=1;LUT3=1;LUT6=4;RAMD64E=2"
706,-0.174,5.000,4.829,1.190,3.639,0.754,6,"uop_p3_q_reg[op_type][0]/C","i_vrf/vrf_b2_reg_r1_0_63_0_2/RAMA/I","VRF/read/writeback","FDCE=1;LUT3=1;LUT6=4;RAMD64E=1"
707,-0.174,5.000,4.829,1.190,3.639,0.754,6,"uop_p3_q_reg[op_type][0]/C","i_vrf/vrf_b2_reg_r1_0_63_12_14/RAMA/I","VRF/read/writeback","FDCE=1;LUT3=1;LUT6=4;RAMD64E=1"
708,-0.174,5.000,4.829,1.190,3.639,0.754,6,"uop_p3_q_reg[op_type][0]/C","i_vrf/vrf_b2_reg_r1_0_63_15_17/RAMA/I","VRF/read/writeback","FDCE=1;LUT3=1;LUT6=4;RAMD64E=1"
709,-0.174,5.000,4.829,1.190,3.639,0.754,6,"uop_p3_q_reg[op_type][0]/C","i_vrf/vrf_b2_reg_r1_0_63_18_20/RAMA/I","VRF/read/writeback","FDCE=1;LUT3=1;LUT6=4;RAMD64E=1"
710,-0.174,5.000,4.829,1.190,3.639,0.754,6,"uop_p3_q_reg[op_type][0]/C","i_vrf/vrf_b2_reg_r1_0_63_21_23/RAMA/I","VRF/read/writeback","FDCE=1;LUT3=1;LUT6=4;RAMD64E=1"
711,-0.174,5.000,4.829,1.190,3.639,0.754,6,"uop_p3_q_reg[op_type][0]/C","i_vrf/vrf_b2_reg_r1_0_63_24_26/RAMA/I","VRF/read/writeback","FDCE=1;LUT3=1;LUT6=4;RAMD64E=1"
712,-0.174,5.000,4.829,1.190,3.639,0.754,6,"uop_p3_q_reg[op_type][0]/C","i_vrf/vrf_b2_reg_r1_0_63_27_29/RAMA/I","VRF/read/writeback","FDCE=1;LUT3=1;LUT6=4;RAMD64E=1"
713,-0.174,5.000,4.829,1.190,3.639,0.754,6,"uop_p3_q_reg[op_type][0]/C","i_vrf/vrf_b2_reg_r1_0_63_30_32/RAMA/I","VRF/read/writeback","FDCE=1;LUT3=1;LUT6=4;RAMD64E=1"
714,-0.174,5.000,4.829,1.190,3.639,0.754,6,"uop_p3_q_reg[op_type][0]/C","i_vrf/vrf_b2_reg_r1_0_63_33_35/RAMA/I","VRF/read/writeback","FDCE=1;LUT3=1;LUT6=4;RAMD64E=1"
715,-0.174,5.000,4.829,1.190,3.639,0.754,6,"uop_p3_q_reg[op_type][0]/C","i_vrf/vrf_b2_reg_r1_0_63_36_38/RAMA/I","VRF/read/writeback","FDCE=1;LUT3=1;LUT6=4;RAMD64E=1"
716,-0.174,5.000,4.829,1.190,3.639,0.754,6,"uop_p3_q_reg[op_type][0]/C","i_vrf/vrf_b2_reg_r1_0_63_39_41/RAMA/I","VRF/read/writeback","FDCE=1;LUT3=1;LUT6=4;RAMD64E=1"
717,-0.174,5.000,4.829,1.190,3.639,0.754,6,"uop_p3_q_reg[op_type][0]/C","i_vrf/vrf_b2_reg_r1_0_63_3_5/RAMA/I","VRF/read/writeback","FDCE=1;LUT3=1;LUT6=4;RAMD64E=1"
718,-0.174,5.000,4.829,1.190,3.639,0.754,6,"uop_p3_q_reg[op_type][0]/C","i_vrf/vrf_b2_reg_r1_0_63_42_44/RAMA/I","VRF/read/writeback","FDCE=1;LUT3=1;LUT6=4;RAMD64E=1"
719,-0.174,5.000,4.829,1.190,3.639,0.754,6,"uop_p3_q_reg[op_type][0]/C","i_vrf/vrf_b2_reg_r1_0_63_45_47/RAMA/I","VRF/read/writeback","FDCE=1;LUT3=1;LUT6=4;RAMD64E=1"
720,-0.174,5.000,4.829,1.190,3.639,0.754,6,"uop_p3_q_reg[op_type][0]/C","i_vrf/vrf_b2_reg_r1_0_63_48_50/RAMA/I","VRF/read/writeback","FDCE=1;LUT3=1;LUT6=4;RAMD64E=1"
721,-0.174,5.000,4.829,1.190,3.639,0.754,6,"uop_p3_q_reg[op_type][0]/C","i_vrf/vrf_b2_reg_r1_0_63_51_53/RAMA/I","VRF/read/writeback","FDCE=1;LUT3=1;LUT6=4;RAMD64E=1"
722,-0.174,5.000,4.829,1.190,3.639,0.754,6,"uop_p3_q_reg[op_type][0]/C","i_vrf/vrf_b2_reg_r1_0_63_54_56/RAMA/I","VRF/read/writeback","FDCE=1;LUT3=1;LUT6=4;RAMD64E=1"
723,-0.174,5.000,4.829,1.190,3.639,0.754,6,"uop_p3_q_reg[op_type][0]/C","i_vrf/vrf_b2_reg_r1_0_63_57_59/RAMA/I","VRF/read/writeback","FDCE=1;LUT3=1;LUT6=4;RAMD64E=1"
724,-0.174,5.000,4.829,1.190,3.639,0.754,6,"uop_p3_q_reg[op_type][0]/C","i_vrf/vrf_b2_reg_r1_0_63_60_62/RAMA/I","VRF/read/writeback","FDCE=1;LUT3=1;LUT6=4;RAMD64E=1"
725,-0.174,5.000,4.829,1.190,3.639,0.754,6,"uop_p3_q_reg[op_type][0]/C","i_vrf/vrf_b2_reg_r1_0_63_6_8/RAMA/I","VRF/read/writeback","FDCE=1;LUT3=1;LUT6=4;RAMD64E=1"
726,-0.174,5.000,4.829,1.190,3.639,0.754,6,"uop_p3_q_reg[op_type][0]/C","i_vrf/vrf_b2_reg_r1_0_63_9_11/RAMA/I","VRF/read/writeback","FDCE=1;LUT3=1;LUT6=4;RAMD64E=1"
727,-0.174,5.000,4.829,1.190,3.639,0.754,6,"uop_p3_q_reg[op_type][0]/C","i_vrf/vrf_b2_reg_r2_0_63_0_2/RAMA/I","VRF/read/writeback","FDCE=1;LUT3=1;LUT6=4;RAMD64E=2"
728,-0.174,5.000,4.829,1.190,3.639,0.754,6,"uop_p3_q_reg[op_type][0]/C","i_vrf/vrf_b2_reg_r2_0_63_12_14/RAMA/I","VRF/read/writeback","FDCE=1;LUT3=1;LUT6=4;RAMD64E=2"
729,-0.174,5.000,4.829,1.190,3.639,0.754,6,"uop_p3_q_reg[op_type][0]/C","i_vrf/vrf_b2_reg_r2_0_63_15_17/RAMA/I","VRF/read/writeback","FDCE=1;LUT3=1;LUT6=4;RAMD64E=2"
730,-0.174,5.000,4.829,1.190,3.639,0.754,6,"uop_p3_q_reg[op_type][0]/C","i_vrf/vrf_b2_reg_r2_0_63_18_20/RAMA/I","VRF/read/writeback","FDCE=1;LUT3=1;LUT6=4;RAMD64E=2"
731,-0.174,5.000,4.829,1.190,3.639,0.754,6,"uop_p3_q_reg[op_type][0]/C","i_vrf/vrf_b2_reg_r2_0_63_21_23/RAMA/I","VRF/read/writeback","FDCE=1;LUT3=1;LUT6=4;RAMD64E=2"
732,-0.174,5.000,4.829,1.190,3.639,0.754,6,"uop_p3_q_reg[op_type][0]/C","i_vrf/vrf_b2_reg_r2_0_63_24_26/RAMA/I","VRF/read/writeback","FDCE=1;LUT3=1;LUT6=4;RAMD64E=2"
733,-0.174,5.000,4.829,1.190,3.639,0.754,6,"uop_p3_q_reg[op_type][0]/C","i_vrf/vrf_b2_reg_r2_0_63_27_29/RAMA/I","VRF/read/writeback","FDCE=1;LUT3=1;LUT6=4;RAMD64E=2"
734,-0.174,5.000,4.829,1.190,3.639,0.754,6,"uop_p3_q_reg[op_type][0]/C","i_vrf/vrf_b2_reg_r2_0_63_30_32/RAMA/I","VRF/read/writeback","FDCE=1;LUT3=1;LUT6=4;RAMD64E=2"
735,-0.174,5.000,4.829,1.190,3.639,0.754,6,"uop_p3_q_reg[op_type][0]/C","i_vrf/vrf_b2_reg_r2_0_63_33_35/RAMA/I","VRF/read/writeback","FDCE=1;LUT3=1;LUT6=4;RAMD64E=2"
736,-0.174,5.000,4.829,1.190,3.639,0.754,6,"uop_p3_q_reg[op_type][0]/C","i_vrf/vrf_b2_reg_r2_0_63_36_38/RAMA/I","VRF/read/writeback","FDCE=1;LUT3=1;LUT6=4;RAMD64E=2"
737,-0.174,5.000,4.829,1.190,3.639,0.754,6,"uop_p3_q_reg[op_type][0]/C","i_vrf/vrf_b2_reg_r2_0_63_39_41/RAMA/I","VRF/read/writeback","FDCE=1;LUT3=1;LUT6=4;RAMD64E=2"
738,-0.174,5.000,4.829,1.190,3.639,0.754,6,"uop_p3_q_reg[op_type][0]/C","i_vrf/vrf_b2_reg_r2_0_63_3_5/RAMA/I","VRF/read/writeback","FDCE=1;LUT3=1;LUT6=4;RAMD64E=2"
739,-0.174,5.000,4.829,1.190,3.639,0.754,6,"uop_p3_q_reg[op_type][0]/C","i_vrf/vrf_b2_reg_r2_0_63_42_44/RAMA/I","VRF/read/writeback","FDCE=1;LUT3=1;LUT6=4;RAMD64E=2"
740,-0.174,5.000,4.829,1.190,3.639,0.754,6,"uop_p3_q_reg[op_type][0]/C","i_vrf/vrf_b2_reg_r2_0_63_45_47/RAMA/I","VRF/read/writeback","FDCE=1;LUT3=1;LUT6=4;RAMD64E=2"
741,-0.174,5.000,4.829,1.190,3.639,0.754,6,"uop_p3_q_reg[op_type][0]/C","i_vrf/vrf_b2_reg_r2_0_63_48_50/RAMA/I","VRF/read/writeback","FDCE=1;LUT3=1;LUT6=4;RAMD64E=2"
742,-0.174,5.000,4.829,1.190,3.639,0.754,6,"uop_p3_q_reg[op_type][0]/C","i_vrf/vrf_b2_reg_r2_0_63_51_53/RAMA/I","VRF/read/writeback","FDCE=1;LUT3=1;LUT6=4;RAMD64E=2"
743,-0.174,5.000,4.829,1.190,3.639,0.754,6,"uop_p3_q_reg[op_type][0]/C","i_vrf/vrf_b2_reg_r2_0_63_54_56/RAMA/I","VRF/read/writeback","FDCE=1;LUT3=1;LUT6=4;RAMD64E=2"
744,-0.174,5.000,4.829,1.190,3.639,0.754,6,"uop_p3_q_reg[op_type][0]/C","i_vrf/vrf_b2_reg_r2_0_63_57_59/RAMA/I","VRF/read/writeback","FDCE=1;LUT3=1;LUT6=4;RAMD64E=2"
745,-0.174,5.000,4.829,1.190,3.639,0.754,6,"uop_p3_q_reg[op_type][0]/C","i_vrf/vrf_b2_reg_r2_0_63_60_62/RAMA/I","VRF/read/writeback","FDCE=1;LUT3=1;LUT6=4;RAMD64E=2"
746,-0.174,5.000,4.829,1.190,3.639,0.754,6,"uop_p3_q_reg[op_type][0]/C","i_vrf/vrf_b2_reg_r2_0_63_6_8/RAMA/I","VRF/read/writeback","FDCE=1;LUT3=1;LUT6=4;RAMD64E=2"
747,-0.174,5.000,4.829,1.190,3.639,0.754,6,"uop_p3_q_reg[op_type][0]/C","i_vrf/vrf_b2_reg_r2_0_63_9_11/RAMA/I","VRF/read/writeback","FDCE=1;LUT3=1;LUT6=4;RAMD64E=2"
748,-0.174,5.000,4.829,1.190,3.639,0.754,6,"uop_p3_q_reg[op_type][0]/C","i_vrf/vrf_b3_reg_r1_0_63_0_2/RAMA/I","VRF/read/writeback","FDCE=1;LUT3=1;LUT6=4;RAMD64E=1"
749,-0.174,5.000,4.829,1.190,3.639,0.754,6,"uop_p3_q_reg[op_type][0]/C","i_vrf/vrf_b3_reg_r1_0_63_12_14/RAMA/I","VRF/read/writeback","FDCE=1;LUT3=1;LUT6=4;RAMD64E=1"
750,-0.174,5.000,4.829,1.190,3.639,0.754,6,"uop_p3_q_reg[op_type][0]/C","i_vrf/vrf_b3_reg_r1_0_63_15_17/RAMA/I","VRF/read/writeback","FDCE=1;LUT3=1;LUT6=4;RAMD64E=1"
751,-0.174,5.000,4.829,1.190,3.639,0.754,6,"uop_p3_q_reg[op_type][0]/C","i_vrf/vrf_b3_reg_r1_0_63_18_20/RAMA/I","VRF/read/writeback","FDCE=1;LUT3=1;LUT6=4;RAMD64E=1"
752,-0.174,5.000,4.829,1.190,3.639,0.754,6,"uop_p3_q_reg[op_type][0]/C","i_vrf/vrf_b3_reg_r1_0_63_21_23/RAMA/I","VRF/read/writeback","FDCE=1;LUT3=1;LUT6=4;RAMD64E=1"
753,-0.174,5.000,4.829,1.190,3.639,0.754,6,"uop_p3_q_reg[op_type][0]/C","i_vrf/vrf_b3_reg_r1_0_63_24_26/RAMA/I","VRF/read/writeback","FDCE=1;LUT3=1;LUT6=4;RAMD64E=1"
754,-0.174,5.000,4.829,1.190,3.639,0.754,6,"uop_p3_q_reg[op_type][0]/C","i_vrf/vrf_b3_reg_r1_0_63_27_29/RAMA/I","VRF/read/writeback","FDCE=1;LUT3=1;LUT6=4;RAMD64E=1"
755,-0.174,5.000,4.829,1.190,3.639,0.754,6,"uop_p3_q_reg[op_type][0]/C","i_vrf/vrf_b3_reg_r1_0_63_30_32/RAMA/I","VRF/read/writeback","FDCE=1;LUT3=1;LUT6=4;RAMD64E=1"
756,-0.174,5.000,4.829,1.190,3.639,0.754,6,"uop_p3_q_reg[op_type][0]/C","i_vrf/vrf_b3_reg_r1_0_63_33_35/RAMA/I","VRF/read/writeback","FDCE=1;LUT3=1;LUT6=4;RAMD64E=1"
757,-0.174,5.000,4.829,1.190,3.639,0.754,6,"uop_p3_q_reg[op_type][0]/C","i_vrf/vrf_b3_reg_r1_0_63_36_38/RAMA/I","VRF/read/writeback","FDCE=1;LUT3=1;LUT6=4;RAMD64E=1"
758,-0.174,5.000,4.829,1.190,3.639,0.754,6,"uop_p3_q_reg[op_type][0]/C","i_vrf/vrf_b3_reg_r1_0_63_39_41/RAMA/I","VRF/read/writeback","FDCE=1;LUT3=1;LUT6=4;RAMD64E=1"
759,-0.174,5.000,4.829,1.190,3.639,0.754,6,"uop_p3_q_reg[op_type][0]/C","i_vrf/vrf_b3_reg_r1_0_63_3_5/RAMA/I","VRF/read/writeback","FDCE=1;LUT3=1;LUT6=4;RAMD64E=1"
760,-0.174,5.000,4.829,1.190,3.639,0.754,6,"uop_p3_q_reg[op_type][0]/C","i_vrf/vrf_b3_reg_r1_0_63_42_44/RAMA/I","VRF/read/writeback","FDCE=1;LUT3=1;LUT6=4;RAMD64E=1"
761,-0.174,5.000,4.829,1.190,3.639,0.754,6,"uop_p3_q_reg[op_type][0]/C","i_vrf/vrf_b3_reg_r1_0_63_45_47/RAMA/I","VRF/read/writeback","FDCE=1;LUT3=1;LUT6=4;RAMD64E=1"
762,-0.174,5.000,4.829,1.190,3.639,0.754,6,"uop_p3_q_reg[op_type][0]/C","i_vrf/vrf_b3_reg_r1_0_63_48_50/RAMA/I","VRF/read/writeback","FDCE=1;LUT3=1;LUT6=4;RAMD64E=1"
763,-0.174,5.000,4.829,1.190,3.639,0.754,6,"uop_p3_q_reg[op_type][0]/C","i_vrf/vrf_b3_reg_r1_0_63_51_53/RAMA/I","VRF/read/writeback","FDCE=1;LUT3=1;LUT6=4;RAMD64E=1"
764,-0.174,5.000,4.829,1.190,3.639,0.754,6,"uop_p3_q_reg[op_type][0]/C","i_vrf/vrf_b3_reg_r1_0_63_54_56/RAMA/I","VRF/read/writeback","FDCE=1;LUT3=1;LUT6=4;RAMD64E=1"
765,-0.174,5.000,4.829,1.190,3.639,0.754,6,"uop_p3_q_reg[op_type][0]/C","i_vrf/vrf_b3_reg_r1_0_63_57_59/RAMA/I","VRF/read/writeback","FDCE=1;LUT3=1;LUT6=4;RAMD64E=1"
766,-0.174,5.000,4.829,1.190,3.639,0.754,6,"uop_p3_q_reg[op_type][0]/C","i_vrf/vrf_b3_reg_r1_0_63_60_62/RAMA/I","VRF/read/writeback","FDCE=1;LUT3=1;LUT6=4;RAMD64E=1"
767,-0.174,5.000,4.829,1.190,3.639,0.754,6,"uop_p3_q_reg[op_type][0]/C","i_vrf/vrf_b3_reg_r1_0_63_6_8/RAMA/I","VRF/read/writeback","FDCE=1;LUT3=1;LUT6=4;RAMD64E=1"
768,-0.174,5.000,4.829,1.190,3.639,0.754,6,"uop_p3_q_reg[op_type][0]/C","i_vrf/vrf_b3_reg_r1_0_63_9_11/RAMA/I","VRF/read/writeback","FDCE=1;LUT3=1;LUT6=4;RAMD64E=1"
769,-0.174,5.000,4.829,1.190,3.639,0.754,6,"uop_p3_q_reg[op_type][0]/C","i_vrf/vrf_b3_reg_r2_0_63_0_2/RAMA/I","VRF/read/writeback","FDCE=1;LUT3=1;LUT6=4;RAMD64E=2"
770,-0.174,5.000,4.829,1.190,3.639,0.754,6,"uop_p3_q_reg[op_type][0]/C","i_vrf/vrf_b3_reg_r2_0_63_12_14/RAMA/I","VRF/read/writeback","FDCE=1;LUT3=1;LUT6=4;RAMD64E=2"
771,-0.174,5.000,4.829,1.190,3.639,0.754,6,"uop_p3_q_reg[op_type][0]/C","i_vrf/vrf_b3_reg_r2_0_63_15_17/RAMA/I","VRF/read/writeback","FDCE=1;LUT3=1;LUT6=4;RAMD64E=2"
772,-0.174,5.000,4.829,1.190,3.639,0.754,6,"uop_p3_q_reg[op_type][0]/C","i_vrf/vrf_b3_reg_r2_0_63_18_20/RAMA/I","VRF/read/writeback","FDCE=1;LUT3=1;LUT6=4;RAMD64E=2"
773,-0.174,5.000,4.829,1.190,3.639,0.754,6,"uop_p3_q_reg[op_type][0]/C","i_vrf/vrf_b3_reg_r2_0_63_21_23/RAMA/I","VRF/read/writeback","FDCE=1;LUT3=1;LUT6=4;RAMD64E=2"
774,-0.174,5.000,4.829,1.190,3.639,0.754,6,"uop_p3_q_reg[op_type][0]/C","i_vrf/vrf_b3_reg_r2_0_63_24_26/RAMA/I","VRF/read/writeback","FDCE=1;LUT3=1;LUT6=4;RAMD64E=2"
775,-0.174,5.000,4.829,1.190,3.639,0.754,6,"uop_p3_q_reg[op_type][0]/C","i_vrf/vrf_b3_reg_r2_0_63_27_29/RAMA/I","VRF/read/writeback","FDCE=1;LUT3=1;LUT6=4;RAMD64E=2"
776,-0.174,5.000,4.829,1.190,3.639,0.754,6,"uop_p3_q_reg[op_type][0]/C","i_vrf/vrf_b3_reg_r2_0_63_30_32/RAMA/I","VRF/read/writeback","FDCE=1;LUT3=1;LUT6=4;RAMD64E=2"
777,-0.174,5.000,4.829,1.190,3.639,0.754,6,"uop_p3_q_reg[op_type][0]/C","i_vrf/vrf_b3_reg_r2_0_63_33_35/RAMA/I","VRF/read/writeback","FDCE=1;LUT3=1;LUT6=4;RAMD64E=2"
778,-0.174,5.000,4.829,1.190,3.639,0.754,6,"uop_p3_q_reg[op_type][0]/C","i_vrf/vrf_b3_reg_r2_0_63_36_38/RAMA/I","VRF/read/writeback","FDCE=1;LUT3=1;LUT6=4;RAMD64E=2"
779,-0.174,5.000,4.829,1.190,3.639,0.754,6,"uop_p3_q_reg[op_type][0]/C","i_vrf/vrf_b3_reg_r2_0_63_39_41/RAMA/I","VRF/read/writeback","FDCE=1;LUT3=1;LUT6=4;RAMD64E=2"
780,-0.174,5.000,4.829,1.190,3.639,0.754,6,"uop_p3_q_reg[op_type][0]/C","i_vrf/vrf_b3_reg_r2_0_63_3_5/RAMA/I","VRF/read/writeback","FDCE=1;LUT3=1;LUT6=4;RAMD64E=2"
781,-0.174,5.000,4.829,1.190,3.639,0.754,6,"uop_p3_q_reg[op_type][0]/C","i_vrf/vrf_b3_reg_r2_0_63_42_44/RAMA/I","VRF/read/writeback","FDCE=1;LUT3=1;LUT6=4;RAMD64E=2"
782,-0.174,5.000,4.829,1.190,3.639,0.754,6,"uop_p3_q_reg[op_type][0]/C","i_vrf/vrf_b3_reg_r2_0_63_45_47/RAMA/I","VRF/read/writeback","FDCE=1;LUT3=1;LUT6=4;RAMD64E=2"
783,-0.174,5.000,4.829,1.190,3.639,0.754,6,"uop_p3_q_reg[op_type][0]/C","i_vrf/vrf_b3_reg_r2_0_63_48_50/RAMA/I","VRF/read/writeback","FDCE=1;LUT3=1;LUT6=4;RAMD64E=2"
784,-0.174,5.000,4.829,1.190,3.639,0.754,6,"uop_p3_q_reg[op_type][0]/C","i_vrf/vrf_b3_reg_r2_0_63_51_53/RAMA/I","VRF/read/writeback","FDCE=1;LUT3=1;LUT6=4;RAMD64E=2"
785,-0.174,5.000,4.829,1.190,3.639,0.754,6,"uop_p3_q_reg[op_type][0]/C","i_vrf/vrf_b3_reg_r2_0_63_54_56/RAMA/I","VRF/read/writeback","FDCE=1;LUT3=1;LUT6=4;RAMD64E=2"
786,-0.174,5.000,4.829,1.190,3.639,0.754,6,"uop_p3_q_reg[op_type][0]/C","i_vrf/vrf_b3_reg_r2_0_63_57_59/RAMA/I","VRF/read/writeback","FDCE=1;LUT3=1;LUT6=4;RAMD64E=2"
787,-0.174,5.000,4.829,1.190,3.639,0.754,6,"uop_p3_q_reg[op_type][0]/C","i_vrf/vrf_b3_reg_r2_0_63_60_62/RAMA/I","VRF/read/writeback","FDCE=1;LUT3=1;LUT6=4;RAMD64E=2"
788,-0.174,5.000,4.829,1.190,3.639,0.754,6,"uop_p3_q_reg[op_type][0]/C","i_vrf/vrf_b3_reg_r2_0_63_6_8/RAMA/I","VRF/read/writeback","FDCE=1;LUT3=1;LUT6=4;RAMD64E=2"
789,-0.174,5.000,4.829,1.190,3.639,0.754,6,"uop_p3_q_reg[op_type][0]/C","i_vrf/vrf_b3_reg_r2_0_63_9_11/RAMA/I","VRF/read/writeback","FDCE=1;LUT3=1;LUT6=4;RAMD64E=2"
790,-0.167,5.000,4.956,1.938,3.018,0.609,7,"a_q_reg[8]/C","res_q_reg[0]/CE","scalar response","CARRY4=2;FDCE=2;LUT4=2;LUT6=3"
791,-0.167,5.000,4.956,1.938,3.018,0.609,7,"a_q_reg[8]/C","res_q_reg[10]/CE","scalar response","CARRY4=2;FDCE=2;LUT4=2;LUT6=3"
792,-0.167,5.000,4.956,1.938,3.018,0.609,7,"a_q_reg[8]/C","res_q_reg[11]/CE","scalar response","CARRY4=2;FDCE=2;LUT4=2;LUT6=3"
793,-0.167,5.000,4.956,1.938,3.018,0.609,7,"a_q_reg[8]/C","res_q_reg[12]/CE","scalar response","CARRY4=2;FDCE=2;LUT4=2;LUT6=3"
794,-0.167,5.000,4.956,1.938,3.018,0.609,7,"a_q_reg[8]/C","res_q_reg[13]/CE","scalar response","CARRY4=2;FDCE=2;LUT4=2;LUT6=3"
795,-0.167,5.000,4.956,1.938,3.018,0.609,7,"a_q_reg[8]/C","res_q_reg[14]/CE","scalar response","CARRY4=2;FDCE=2;LUT4=2;LUT6=3"
796,-0.167,5.000,4.956,1.938,3.018,0.609,7,"a_q_reg[8]/C","res_q_reg[15]/CE","scalar response","CARRY4=2;FDCE=2;LUT4=2;LUT6=3"
797,-0.167,5.000,4.956,1.938,3.018,0.609,7,"a_q_reg[8]/C","res_q_reg[16]/CE","scalar response","CARRY4=2;FDCE=2;LUT4=2;LUT6=3"
798,-0.167,5.000,4.956,1.938,3.018,0.609,7,"a_q_reg[8]/C","res_q_reg[17]/CE","scalar response","CARRY4=2;FDCE=2;LUT4=2;LUT6=3"
799,-0.167,5.000,4.956,1.938,3.018,0.609,7,"a_q_reg[8]/C","res_q_reg[18]/CE","scalar response","CARRY4=2;FDCE=2;LUT4=2;LUT6=3"
800,-0.167,5.000,4.956,1.938,3.018,0.609,7,"a_q_reg[8]/C","res_q_reg[19]/CE","scalar response","CARRY4=2;FDCE=2;LUT4=2;LUT6=3"
801,-0.167,5.000,4.956,1.938,3.018,0.609,7,"a_q_reg[8]/C","res_q_reg[1]/CE","scalar response","CARRY4=2;FDCE=2;LUT4=2;LUT6=3"
802,-0.167,5.000,4.956,1.938,3.018,0.609,7,"a_q_reg[8]/C","res_q_reg[20]/CE","scalar response","CARRY4=2;FDCE=2;LUT4=2;LUT6=3"
803,-0.167,5.000,4.956,1.938,3.018,0.609,7,"a_q_reg[8]/C","res_q_reg[21]/CE","scalar response","CARRY4=2;FDCE=2;LUT4=2;LUT6=3"
804,-0.167,5.000,4.956,1.938,3.018,0.609,7,"a_q_reg[8]/C","res_q_reg[22]/CE","scalar response","CARRY4=2;FDCE=2;LUT4=2;LUT6=3"
805,-0.167,5.000,4.956,1.938,3.018,0.609,7,"a_q_reg[8]/C","res_q_reg[23]/CE","scalar response","CARRY4=2;FDCE=2;LUT4=2;LUT6=3"
806,-0.167,5.000,4.956,1.938,3.018,0.609,7,"a_q_reg[8]/C","res_q_reg[24]/CE","scalar response","CARRY4=2;FDCE=2;LUT4=2;LUT6=3"
807,-0.167,5.000,4.956,1.938,3.018,0.609,7,"a_q_reg[8]/C","res_q_reg[25]/CE","scalar response","CARRY4=2;FDCE=2;LUT4=2;LUT6=3"
808,-0.167,5.000,4.956,1.938,3.018,0.609,7,"a_q_reg[8]/C","res_q_reg[26]/CE","scalar response","CARRY4=2;FDCE=2;LUT4=2;LUT6=3"
809,-0.167,5.000,4.956,1.938,3.018,0.609,7,"a_q_reg[8]/C","res_q_reg[27]/CE","scalar response","CARRY4=2;FDCE=2;LUT4=2;LUT6=3"
810,-0.167,5.000,4.956,1.938,3.018,0.609,7,"a_q_reg[8]/C","res_q_reg[28]/CE","scalar response","CARRY4=2;FDCE=2;LUT4=2;LUT6=3"
811,-0.167,5.000,4.956,1.938,3.018,0.609,7,"a_q_reg[8]/C","res_q_reg[29]/CE","scalar response","CARRY4=2;FDCE=2;LUT4=2;LUT6=3"
812,-0.167,5.000,4.956,1.938,3.018,0.609,7,"a_q_reg[8]/C","res_q_reg[2]/CE","scalar response","CARRY4=2;FDCE=2;LUT4=2;LUT6=3"
813,-0.167,5.000,4.956,1.938,3.018,0.609,7,"a_q_reg[8]/C","res_q_reg[30]/CE","scalar response","CARRY4=2;FDCE=2;LUT4=2;LUT6=3"
814,-0.167,5.000,4.956,1.938,3.018,0.609,7,"a_q_reg[8]/C","res_q_reg[31]/CE","scalar response","CARRY4=2;FDCE=2;LUT4=2;LUT6=3"
815,-0.167,5.000,4.956,1.938,3.018,0.609,7,"a_q_reg[8]/C","res_q_reg[32]/CE","scalar response","CARRY4=2;FDCE=2;LUT4=2;LUT6=3"
816,-0.167,5.000,4.956,1.938,3.018,0.609,7,"a_q_reg[8]/C","res_q_reg[33]/CE","scalar response","CARRY4=2;FDCE=2;LUT4=2;LUT6=3"
817,-0.167,5.000,4.956,1.938,3.018,0.609,7,"a_q_reg[8]/C","res_q_reg[34]/CE","scalar response","CARRY4=2;FDCE=2;LUT4=2;LUT6=3"
818,-0.167,5.000,4.956,1.938,3.018,0.609,7,"a_q_reg[8]/C","res_q_reg[35]/CE","scalar response","CARRY4=2;FDCE=2;LUT4=2;LUT6=3"
819,-0.167,5.000,4.956,1.938,3.018,0.609,7,"a_q_reg[8]/C","res_q_reg[36]/CE","scalar response","CARRY4=2;FDCE=2;LUT4=2;LUT6=3"
820,-0.167,5.000,4.956,1.938,3.018,0.609,7,"a_q_reg[8]/C","res_q_reg[37]/CE","scalar response","CARRY4=2;FDCE=2;LUT4=2;LUT6=3"
821,-0.167,5.000,4.956,1.938,3.018,0.609,7,"a_q_reg[8]/C","res_q_reg[38]/CE","scalar response","CARRY4=2;FDCE=2;LUT4=2;LUT6=3"
822,-0.167,5.000,4.956,1.938,3.018,0.609,7,"a_q_reg[8]/C","res_q_reg[39]/CE","scalar response","CARRY4=2;FDCE=2;LUT4=2;LUT6=3"
823,-0.167,5.000,4.956,1.938,3.018,0.609,7,"a_q_reg[8]/C","res_q_reg[3]/CE","scalar response","CARRY4=2;FDCE=2;LUT4=2;LUT6=3"
824,-0.167,5.000,4.956,1.938,3.018,0.609,7,"a_q_reg[8]/C","res_q_reg[40]/CE","scalar response","CARRY4=2;FDCE=2;LUT4=2;LUT6=3"
825,-0.167,5.000,4.956,1.938,3.018,0.609,7,"a_q_reg[8]/C","res_q_reg[41]/CE","scalar response","CARRY4=2;FDCE=2;LUT4=2;LUT6=3"
826,-0.167,5.000,4.956,1.938,3.018,0.609,7,"a_q_reg[8]/C","res_q_reg[42]/CE","scalar response","CARRY4=2;FDCE=2;LUT4=2;LUT6=3"
827,-0.167,5.000,4.956,1.938,3.018,0.609,7,"a_q_reg[8]/C","res_q_reg[43]/CE","scalar response","CARRY4=2;FDCE=2;LUT4=2;LUT6=3"
828,-0.167,5.000,4.956,1.938,3.018,0.609,7,"a_q_reg[8]/C","res_q_reg[44]/CE","scalar response","CARRY4=2;FDCE=2;LUT4=2;LUT6=3"
829,-0.167,5.000,4.956,1.938,3.018,0.609,7,"a_q_reg[8]/C","res_q_reg[45]/CE","scalar response","CARRY4=2;FDCE=2;LUT4=2;LUT6=3"
830,-0.167,5.000,4.956,1.938,3.018,0.609,7,"a_q_reg[8]/C","res_q_reg[46]/CE","scalar response","CARRY4=2;FDCE=2;LUT4=2;LUT6=3"
831,-0.167,5.000,4.956,1.938,3.018,0.609,7,"a_q_reg[8]/C","res_q_reg[47]/CE","scalar response","CARRY4=2;FDCE=2;LUT4=2;LUT6=3"
832,-0.167,5.000,4.956,1.938,3.018,0.609,7,"a_q_reg[8]/C","res_q_reg[48]/CE","scalar response","CARRY4=2;FDCE=2;LUT4=2;LUT6=3"
833,-0.167,5.000,4.956,1.938,3.018,0.609,7,"a_q_reg[8]/C","res_q_reg[49]/CE","scalar response","CARRY4=2;FDCE=2;LUT4=2;LUT6=3"
834,-0.167,5.000,4.956,1.938,3.018,0.609,7,"a_q_reg[8]/C","res_q_reg[4]/CE","scalar response","CARRY4=2;FDCE=2;LUT4=2;LUT6=3"
835,-0.167,5.000,4.956,1.938,3.018,0.609,7,"a_q_reg[8]/C","res_q_reg[50]/CE","scalar response","CARRY4=2;FDCE=2;LUT4=2;LUT6=3"
836,-0.167,5.000,4.956,1.938,3.018,0.609,7,"a_q_reg[8]/C","res_q_reg[51]/CE","scalar response","CARRY4=2;FDCE=2;LUT4=2;LUT6=3"
837,-0.167,5.000,4.956,1.938,3.018,0.609,7,"a_q_reg[8]/C","res_q_reg[52]/CE","scalar response","CARRY4=2;FDCE=2;LUT4=2;LUT6=3"
838,-0.167,5.000,4.956,1.938,3.018,0.609,7,"a_q_reg[8]/C","res_q_reg[53]/CE","scalar response","CARRY4=2;FDCE=2;LUT4=2;LUT6=3"
839,-0.167,5.000,4.956,1.938,3.018,0.609,7,"a_q_reg[8]/C","res_q_reg[54]/CE","scalar response","CARRY4=2;FDCE=2;LUT4=2;LUT6=3"
840,-0.167,5.000,4.956,1.938,3.018,0.609,7,"a_q_reg[8]/C","res_q_reg[55]/CE","scalar response","CARRY4=2;FDCE=2;LUT4=2;LUT6=3"
841,-0.167,5.000,4.956,1.938,3.018,0.609,7,"a_q_reg[8]/C","res_q_reg[56]/CE","scalar response","CARRY4=2;FDCE=2;LUT4=2;LUT6=3"
842,-0.167,5.000,4.956,1.938,3.018,0.609,7,"a_q_reg[8]/C","res_q_reg[57]/CE","scalar response","CARRY4=2;FDCE=2;LUT4=2;LUT6=3"
843,-0.167,5.000,4.956,1.938,3.018,0.609,7,"a_q_reg[8]/C","res_q_reg[58]/CE","scalar response","CARRY4=2;FDCE=2;LUT4=2;LUT6=3"
844,-0.167,5.000,4.956,1.938,3.018,0.609,7,"a_q_reg[8]/C","res_q_reg[59]/CE","scalar response","CARRY4=2;FDCE=2;LUT4=2;LUT6=3"
845,-0.167,5.000,4.956,1.938,3.018,0.609,7,"a_q_reg[8]/C","res_q_reg[5]/CE","scalar response","CARRY4=2;FDCE=2;LUT4=2;LUT6=3"
846,-0.167,5.000,4.956,1.938,3.018,0.609,7,"a_q_reg[8]/C","res_q_reg[60]/CE","scalar response","CARRY4=2;FDCE=2;LUT4=2;LUT6=3"
847,-0.167,5.000,4.956,1.938,3.018,0.609,7,"a_q_reg[8]/C","res_q_reg[61]/CE","scalar response","CARRY4=2;FDCE=2;LUT4=2;LUT6=3"
848,-0.167,5.000,4.956,1.938,3.018,0.609,7,"a_q_reg[8]/C","res_q_reg[62]/CE","scalar response","CARRY4=2;FDCE=2;LUT4=2;LUT6=3"
849,-0.167,5.000,4.956,1.938,3.018,0.609,7,"a_q_reg[8]/C","res_q_reg[63]/CE","scalar response","CARRY4=2;FDCE=2;LUT4=2;LUT6=3"
850,-0.167,5.000,4.956,1.938,3.018,0.609,7,"a_q_reg[8]/C","res_q_reg[6]/CE","scalar response","CARRY4=2;FDCE=2;LUT4=2;LUT6=3"
851,-0.167,5.000,4.956,1.938,3.018,0.609,7,"a_q_reg[8]/C","res_q_reg[7]/CE","scalar response","CARRY4=2;FDCE=2;LUT4=2;LUT6=3"
852,-0.167,5.000,4.956,1.938,3.018,0.609,7,"a_q_reg[8]/C","res_q_reg[8]/CE","scalar response","CARRY4=2;FDCE=2;LUT4=2;LUT6=3"
853,-0.167,5.000,4.956,1.938,3.018,0.609,7,"a_q_reg[8]/C","res_q_reg[9]/CE","scalar response","CARRY4=2;FDCE=2;LUT4=2;LUT6=3"
854,-0.162,5.000,4.951,1.938,3.013,0.609,7,"a_q_reg[8]/C","hmatch_candidate_dist_q_reg[0]/CE","HMATCH reduction/compare","CARRY4=2;FDCE=2;LUT4=1;LUT6=4"
855,-0.162,5.000,4.951,1.938,3.013,0.609,7,"a_q_reg[8]/C","hmatch_candidate_dist_q_reg[10]/CE","HMATCH reduction/compare","CARRY4=2;FDCE=2;LUT4=1;LUT6=4"
856,-0.162,5.000,4.951,1.938,3.013,0.609,7,"a_q_reg[8]/C","hmatch_candidate_dist_q_reg[1]/CE","HMATCH reduction/compare","CARRY4=2;FDCE=2;LUT4=1;LUT6=4"
857,-0.162,5.000,4.951,1.938,3.013,0.609,7,"a_q_reg[8]/C","hmatch_candidate_dist_q_reg[2]/CE","HMATCH reduction/compare","CARRY4=2;FDCE=2;LUT4=1;LUT6=4"
858,-0.162,5.000,4.951,1.938,3.013,0.609,7,"a_q_reg[8]/C","hmatch_candidate_dist_q_reg[3]/CE","HMATCH reduction/compare","CARRY4=2;FDCE=2;LUT4=1;LUT6=4"
859,-0.162,5.000,4.951,1.938,3.013,0.609,7,"a_q_reg[8]/C","hmatch_candidate_dist_q_reg[4]/CE","HMATCH reduction/compare","CARRY4=2;FDCE=2;LUT4=1;LUT6=4"
860,-0.162,5.000,4.951,1.938,3.013,0.609,7,"a_q_reg[8]/C","hmatch_candidate_dist_q_reg[5]/CE","HMATCH reduction/compare","CARRY4=2;FDCE=2;LUT4=1;LUT6=4"
861,-0.162,5.000,4.951,1.938,3.013,0.609,7,"a_q_reg[8]/C","hmatch_candidate_dist_q_reg[6]/CE","HMATCH reduction/compare","CARRY4=2;FDCE=2;LUT4=1;LUT6=4"
862,-0.162,5.000,4.951,1.938,3.013,0.609,7,"a_q_reg[8]/C","hmatch_candidate_dist_q_reg[7]/CE","HMATCH reduction/compare","CARRY4=2;FDCE=2;LUT4=1;LUT6=4"
863,-0.162,5.000,4.951,1.938,3.013,0.609,7,"a_q_reg[8]/C","hmatch_candidate_dist_q_reg[8]/CE","HMATCH reduction/compare","CARRY4=2;FDCE=2;LUT4=1;LUT6=4"
864,-0.162,5.000,4.951,1.938,3.013,0.609,7,"a_q_reg[8]/C","hmatch_candidate_dist_q_reg[9]/CE","HMATCH reduction/compare","CARRY4=2;FDCE=2;LUT4=1;LUT6=4"
865,-0.140,5.000,4.929,1.938,2.991,0.607,7,"a_q_reg[8]/C","hmatch_class_slot_q_reg[0]/CE","other","CARRY4=2;FDCE=2;LUT4=2;LUT6=3"
866,-0.140,5.000,4.929,1.938,2.991,0.607,7,"a_q_reg[8]/C","hmatch_class_slot_q_reg[1]/CE","other","CARRY4=2;FDCE=2;LUT4=2;LUT6=3"
867,-0.140,5.000,4.929,1.938,2.991,0.607,7,"a_q_reg[8]/C","hmatch_class_slot_q_reg[2]/CE","other","CARRY4=2;FDCE=2;LUT4=2;LUT6=3"
868,-0.140,5.000,4.929,1.938,2.991,0.607,7,"a_q_reg[8]/C","hmatch_class_slot_q_reg[3]/CE","other","CARRY4=2;FDCE=2;LUT4=2;LUT6=3"
869,-0.073,5.000,4.842,1.190,3.652,0.754,6,"uop_p3_q_reg[op_type][0]/C","i_vrf/vrf_b0_reg_r1_0_63_63_63/SP/I","VRF/read/writeback","FDCE=1;LUT3=1;LUT6=4;RAMD64E=2"
870,-0.073,5.000,4.842,1.190,3.652,0.754,6,"uop_p3_q_reg[op_type][0]/C","i_vrf/vrf_b0_reg_r2_0_63_63_63/SP/I","VRF/read/writeback","FDCE=1;LUT3=1;LUT6=4;RAMD64E=2"
871,-0.073,5.000,4.842,1.190,3.652,0.754,6,"uop_p3_q_reg[op_type][0]/C","i_vrf/vrf_b1_reg_r1_0_63_63_63/SP/I","VRF/read/writeback","FDCE=1;LUT3=1;LUT6=4;RAMD64E=2"
872,-0.073,5.000,4.842,1.190,3.652,0.754,6,"uop_p3_q_reg[op_type][0]/C","i_vrf/vrf_b1_reg_r2_0_63_63_63/SP/I","VRF/read/writeback","FDCE=1;LUT3=1;LUT6=4;RAMD64E=2"
873,-0.073,5.000,4.842,1.190,3.652,0.754,6,"uop_p3_q_reg[op_type][0]/C","i_vrf/vrf_b2_reg_r1_0_63_63_63/SP/I","VRF/read/writeback","FDCE=1;LUT3=1;LUT6=4;RAMD64E=2"
874,-0.073,5.000,4.842,1.190,3.652,0.754,6,"uop_p3_q_reg[op_type][0]/C","i_vrf/vrf_b2_reg_r2_0_63_63_63/SP/I","VRF/read/writeback","FDCE=1;LUT3=1;LUT6=4;RAMD64E=2"
875,-0.073,5.000,4.842,1.190,3.652,0.754,6,"uop_p3_q_reg[op_type][0]/C","i_vrf/vrf_b3_reg_r1_0_63_63_63/SP/I","VRF/read/writeback","FDCE=1;LUT3=1;LUT6=4;RAMD64E=2"
876,-0.073,5.000,4.842,1.190,3.652,0.754,6,"uop_p3_q_reg[op_type][0]/C","i_vrf/vrf_b3_reg_r2_0_63_63_63/SP/I","VRF/read/writeback","FDCE=1;LUT3=1;LUT6=4;RAMD64E=2"
877,0.200,5.000,4.797,2.291,2.506,0.522,6,"hsim_total_q_reg[0]/C","hmatch_candidate_dist_q_reg[7]/D","HMATCH reduction/compare","CARRY4=3;FDCE=2;LUT2=1;LUT3=2"
878,0.200,5.000,4.797,2.291,2.506,0.522,6,"hsim_total_q_reg[0]/C","hsim_total_q_reg[7]/D","HMATCH reduction/compare","CARRY4=3;FDCE=2;LUT2=1;LUT3=2"
879,0.251,5.000,4.746,2.410,2.336,0.492,7,"hsim_total_q_reg[0]/C","hmatch_candidate_dist_q_reg[10]/D","HMATCH reduction/compare","CARRY4=4;FDCE=2;LUT2=1;LUT3=2"
880,0.251,5.000,4.746,2.410,2.336,0.492,7,"hsim_total_q_reg[0]/C","hsim_total_q_reg[10]/D","HMATCH reduction/compare","CARRY4=4;FDCE=2;LUT2=1;LUT3=2"
881,0.304,5.000,4.693,2.466,2.227,0.475,7,"hsim_total_q_reg[0]/C","hmatch_candidate_dist_q_reg[9]/D","HMATCH reduction/compare","CARRY4=4;FDCE=2;LUT2=1;LUT3=2"
882,0.304,5.000,4.693,2.466,2.227,0.475,7,"hsim_total_q_reg[0]/C","hsim_total_q_reg[9]/D","HMATCH reduction/compare","CARRY4=4;FDCE=2;LUT2=1;LUT3=2"
883,0.324,5.000,4.465,1.833,2.632,0.589,6,"a_q_reg[8]/C","hmatch_best_dist_q_reg[0]/CE","HMATCH reduction/compare","CARRY4=2;FDCE=2;LUT4=1;LUT6=3"
884,0.324,5.000,4.465,1.833,2.632,0.589,6,"a_q_reg[8]/C","hmatch_best_dist_q_reg[10]/CE","HMATCH reduction/compare","CARRY4=2;FDCE=2;LUT4=1;LUT6=3"
885,0.324,5.000,4.465,1.833,2.632,0.589,6,"a_q_reg[8]/C","hmatch_best_dist_q_reg[1]/CE","HMATCH reduction/compare","CARRY4=2;FDCE=2;LUT4=1;LUT6=3"
886,0.324,5.000,4.465,1.833,2.632,0.589,6,"a_q_reg[8]/C","hmatch_best_dist_q_reg[2]/CE","HMATCH reduction/compare","CARRY4=2;FDCE=2;LUT4=1;LUT6=3"
887,0.324,5.000,4.465,1.833,2.632,0.589,6,"a_q_reg[8]/C","hmatch_best_dist_q_reg[3]/CE","HMATCH reduction/compare","CARRY4=2;FDCE=2;LUT4=1;LUT6=3"
888,0.324,5.000,4.465,1.833,2.632,0.589,6,"a_q_reg[8]/C","hmatch_best_dist_q_reg[4]/CE","HMATCH reduction/compare","CARRY4=2;FDCE=2;LUT4=1;LUT6=3"
889,0.324,5.000,4.465,1.833,2.632,0.589,6,"a_q_reg[8]/C","hmatch_best_dist_q_reg[5]/CE","HMATCH reduction/compare","CARRY4=2;FDCE=2;LUT4=1;LUT6=3"
890,0.324,5.000,4.465,1.833,2.632,0.589,6,"a_q_reg[8]/C","hmatch_best_dist_q_reg[6]/CE","HMATCH reduction/compare","CARRY4=2;FDCE=2;LUT4=1;LUT6=3"
891,0.324,5.000,4.465,1.833,2.632,0.589,6,"a_q_reg[8]/C","hmatch_best_dist_q_reg[7]/CE","HMATCH reduction/compare","CARRY4=2;FDCE=2;LUT4=1;LUT6=3"
892,0.324,5.000,4.465,1.833,2.632,0.589,6,"a_q_reg[8]/C","hmatch_best_dist_q_reg[8]/CE","HMATCH reduction/compare","CARRY4=2;FDCE=2;LUT4=1;LUT6=3"
893,0.324,5.000,4.465,1.833,2.632,0.589,6,"a_q_reg[8]/C","hmatch_best_dist_q_reg[9]/CE","HMATCH reduction/compare","CARRY4=2;FDCE=2;LUT4=1;LUT6=3"
894,0.324,5.000,4.465,1.833,2.632,0.589,6,"a_q_reg[8]/C","hmatch_best_idx_q_reg[0]/CE","HMATCH reduction/compare","CARRY4=2;FDCE=2;LUT4=1;LUT6=3"
895,0.324,5.000,4.465,1.833,2.632,0.589,6,"a_q_reg[8]/C","hmatch_best_idx_q_reg[1]/CE","HMATCH reduction/compare","CARRY4=2;FDCE=2;LUT4=1;LUT6=3"
896,0.324,5.000,4.465,1.833,2.632,0.589,6,"a_q_reg[8]/C","hmatch_best_idx_q_reg[2]/CE","HMATCH reduction/compare","CARRY4=2;FDCE=2;LUT4=1;LUT6=3"
897,0.324,5.000,4.465,1.833,2.632,0.589,6,"a_q_reg[8]/C","hmatch_best_idx_q_reg[3]/CE","HMATCH reduction/compare","CARRY4=2;FDCE=2;LUT4=1;LUT6=3"
898,0.324,5.000,4.465,1.833,2.632,0.589,6,"a_q_reg[8]/C","hmatch_best_idx_q_reg[4]/CE","HMATCH reduction/compare","CARRY4=2;FDCE=2;LUT4=1;LUT6=3"
899,0.324,5.000,4.465,1.833,2.632,0.589,6,"a_q_reg[8]/C","hmatch_best_idx_q_reg[5]/CE","HMATCH reduction/compare","CARRY4=2;FDCE=2;LUT4=1;LUT6=3"
900,0.324,5.000,4.465,1.833,2.632,0.589,6,"a_q_reg[8]/C","hmatch_best_idx_q_reg[6]/CE","HMATCH reduction/compare","CARRY4=2;FDCE=2;LUT4=1;LUT6=3"
901,0.324,5.000,4.465,1.833,2.632,0.589,6,"a_q_reg[8]/C","hmatch_best_idx_q_reg[7]/CE","HMATCH reduction/compare","CARRY4=2;FDCE=2;LUT4=1;LUT6=3"
902,0.338,5.000,4.451,1.833,2.618,0.588,6,"a_q_reg[8]/C","hsim_total_q_reg[0]/CE","HMATCH reduction/compare","CARRY4=2;FDCE=2;LUT4=1;LUT6=3"
903,0.338,5.000,4.451,1.833,2.618,0.588,6,"a_q_reg[8]/C","hsim_total_q_reg[10]/CE","HMATCH reduction/compare","CARRY4=2;FDCE=2;LUT4=1;LUT6=3"
904,0.338,5.000,4.451,1.833,2.618,0.588,6,"a_q_reg[8]/C","hsim_total_q_reg[1]/CE","HMATCH reduction/compare","CARRY4=2;FDCE=2;LUT4=1;LUT6=3"
905,0.338,5.000,4.451,1.833,2.618,0.588,6,"a_q_reg[8]/C","hsim_total_q_reg[2]/CE","HMATCH reduction/compare","CARRY4=2;FDCE=2;LUT4=1;LUT6=3"
906,0.338,5.000,4.451,1.833,2.618,0.588,6,"a_q_reg[8]/C","hsim_total_q_reg[3]/CE","HMATCH reduction/compare","CARRY4=2;FDCE=2;LUT4=1;LUT6=3"
907,0.338,5.000,4.451,1.833,2.618,0.588,6,"a_q_reg[8]/C","hsim_total_q_reg[4]/CE","HMATCH reduction/compare","CARRY4=2;FDCE=2;LUT4=1;LUT6=3"
908,0.338,5.000,4.451,1.833,2.618,0.588,6,"a_q_reg[8]/C","hsim_total_q_reg[5]/CE","HMATCH reduction/compare","CARRY4=2;FDCE=2;LUT4=1;LUT6=3"
909,0.338,5.000,4.451,1.833,2.618,0.588,6,"a_q_reg[8]/C","hsim_total_q_reg[6]/CE","HMATCH reduction/compare","CARRY4=2;FDCE=2;LUT4=1;LUT6=3"
910,0.338,5.000,4.451,1.833,2.618,0.588,6,"a_q_reg[8]/C","hsim_total_q_reg[7]/CE","HMATCH reduction/compare","CARRY4=2;FDCE=2;LUT4=1;LUT6=3"
911,0.338,5.000,4.451,1.833,2.618,0.588,6,"a_q_reg[8]/C","hsim_total_q_reg[8]/CE","HMATCH reduction/compare","CARRY4=2;FDCE=2;LUT4=1;LUT6=3"
912,0.338,5.000,4.451,1.833,2.618,0.588,6,"a_q_reg[8]/C","hsim_total_q_reg[9]/CE","HMATCH reduction/compare","CARRY4=2;FDCE=2;LUT4=1;LUT6=3"
913,0.391,5.000,4.606,2.379,2.227,0.483,7,"hsim_total_q_reg[0]/C","hmatch_candidate_dist_q_reg[8]/D","HMATCH reduction/compare","CARRY4=4;FDCE=2;LUT2=1;LUT3=2"
914,0.391,5.000,4.606,2.379,2.227,0.483,7,"hsim_total_q_reg[0]/C","hsim_total_q_reg[8]/D","HMATCH reduction/compare","CARRY4=4;FDCE=2;LUT2=1;LUT3=2"
915,0.429,5.000,4.568,2.232,2.336,0.511,6,"hsim_total_q_reg[0]/C","hmatch_candidate_dist_q_reg[6]/D","HMATCH reduction/compare","CARRY4=3;FDCE=2;LUT2=1;LUT3=2"
916,0.429,5.000,4.568,2.232,2.336,0.511,6,"hsim_total_q_reg[0]/C","hsim_total_q_reg[6]/D","HMATCH reduction/compare","CARRY4=3;FDCE=2;LUT2=1;LUT3=2"
917,0.458,5.000,4.539,1.938,2.601,0.573,7,"a_q_reg[8]/C","uop_p0_q_reg[arch_op][0]/D","TOP control","CARRY4=2;FDCE=2;LUT4=1;LUT6=4"
918,0.458,5.000,4.539,1.938,2.601,0.573,7,"a_q_reg[8]/C","uop_p0_q_reg[class_count][0]/D","TOP control","CARRY4=2;FDCE=2;LUT4=2;LUT6=3"
919,0.458,5.000,4.539,1.938,2.601,0.573,7,"a_q_reg[8]/C","uop_p0_q_reg[class_count][1]/D","TOP control","CARRY4=2;FDCE=2;LUT4=2;LUT6=3"
920,0.458,5.000,4.539,1.938,2.601,0.573,7,"a_q_reg[8]/C","uop_p0_q_reg[class_count][2]/D","TOP control","CARRY4=2;FDCE=2;LUT4=2;LUT6=3"
921,0.458,5.000,4.539,1.938,2.601,0.573,7,"a_q_reg[8]/C","uop_p0_q_reg[class_count][3]/D","TOP control","CARRY4=2;FDCE=2;LUT4=2;LUT6=3"
922,0.458,5.000,4.539,1.938,2.601,0.573,7,"a_q_reg[8]/C","uop_p0_q_reg[class_count][4]/D","TOP control","CARRY4=2;FDCE=2;LUT4=2;LUT6=3"
923,0.458,5.000,4.539,1.938,2.601,0.573,7,"a_q_reg[8]/C","uop_p0_q_reg[class_count][5]/D","TOP control","CARRY4=2;FDCE=2;LUT4=2;LUT6=3"
924,0.458,5.000,4.539,1.938,2.601,0.573,7,"a_q_reg[8]/C","uop_p0_q_reg[class_count][6]/D","TOP control","CARRY4=2;FDCE=2;LUT4=2;LUT6=3"
925,0.458,5.000,4.539,1.938,2.601,0.573,7,"a_q_reg[8]/C","uop_p0_q_reg[class_count][7]/D","TOP control","CARRY4=2;FDCE=2;LUT4=2;LUT6=3"
926,0.458,5.000,4.539,1.938,2.601,0.573,7,"a_q_reg[8]/C","uop_p0_q_reg[is_last_class]/D","TOP control","CARRY4=2;FDCE=2;LUT4=1;LUT6=4"
927,0.468,5.000,4.529,1.938,2.591,0.572,7,"a_q_reg[8]/C","uop_p0_q_reg[src1_addr][2]/D","TOP control","CARRY4=2;FDCE=2;LUT4=1;LUT6=4"
928,0.468,5.000,4.529,1.938,2.591,0.572,7,"a_q_reg[8]/C","uop_p0_q_reg[src1_addr][3]/D","TOP control","CARRY4=2;FDCE=2;LUT4=1;LUT6=4"
929,0.468,5.000,4.529,1.938,2.591,0.572,7,"a_q_reg[8]/C","uop_p0_q_reg[src1_addr][4]/D","TOP control","CARRY4=2;FDCE=2;LUT4=1;LUT6=4"
930,0.468,5.000,4.529,1.938,2.591,0.572,7,"a_q_reg[8]/C","uop_p0_q_reg[src1_addr][5]/D","TOP control","CARRY4=2;FDCE=2;LUT4=1;LUT6=4"
931,0.468,5.000,4.529,1.938,2.591,0.572,7,"a_q_reg[8]/C","uop_p0_q_reg[src1_base][2]/D","TOP control","CARRY4=2;FDCE=2;LUT4=1;LUT6=4"
932,0.468,5.000,4.529,1.938,2.591,0.572,7,"a_q_reg[8]/C","uop_p0_q_reg[src1_base][3]/D","TOP control","CARRY4=2;FDCE=2;LUT4=1;LUT6=4"
933,0.468,5.000,4.529,1.938,2.591,0.572,7,"a_q_reg[8]/C","uop_p0_q_reg[src1_base][4]/D","TOP control","CARRY4=2;FDCE=2;LUT4=1;LUT6=4"
934,0.468,5.000,4.529,1.938,2.591,0.572,7,"a_q_reg[8]/C","uop_p0_q_reg[src1_base][5]/D","TOP control","CARRY4=2;FDCE=2;LUT4=1;LUT6=4"
935,0.482,5.000,4.515,1.938,2.577,0.571,7,"a_q_reg[8]/C","uop_p0_q_reg[op_type][1]/D","TOP control","CARRY4=2;FDCE=2;LUT3=1;LUT4=1;LUT6=3"
936,0.482,5.000,4.515,1.938,2.577,0.571,7,"a_q_reg[8]/C","uop_p0_q_reg[src0_addr][2]/D","TOP control","CARRY4=2;FDCE=2;LUT3=1;LUT4=1;LUT6=3"
937,0.482,5.000,4.515,1.938,2.577,0.571,7,"a_q_reg[8]/C","uop_p0_q_reg[src0_addr][3]/D","TOP control","CARRY4=2;FDCE=2;LUT3=1;LUT4=1;LUT6=3"
938,0.482,5.000,4.515,1.938,2.577,0.571,7,"a_q_reg[8]/C","uop_p0_q_reg[src0_addr][5]/D","TOP control","CARRY4=2;FDCE=2;LUT3=1;LUT4=1;LUT6=3"
939,0.495,5.000,4.502,1.938,2.564,0.570,7,"a_q_reg[8]/C","FSM_onehot_st_q_reg[10]/D","TOP control","CARRY4=2;FDCE=2;LUT4=2;LUT6=3"
940,0.495,5.000,4.502,1.938,2.564,0.570,7,"a_q_reg[8]/C","FSM_onehot_st_q_reg[4]/D","TOP control","CARRY4=2;FDCE=2;LUT4=1;LUT5=2;LUT6=2"
941,0.495,5.000,4.502,1.938,2.564,0.570,7,"a_q_reg[8]/C","uop_p0_q_reg[arch_op][3]/D","TOP control","CARRY4=2;FDCE=2;LUT4=1;LUT5=2;LUT6=2"
942,0.506,5.000,4.491,1.938,2.553,0.568,7,"a_q_reg[8]/C","uop_p0_q_reg[op_type][0]/D","TOP control","CARRY4=2;FDCE=2;LUT2=1;LUT4=1;LUT6=3"
943,0.506,5.000,4.491,1.938,2.553,0.568,7,"a_q_reg[8]/C","uop_p0_q_reg[src0_addr][4]/D","TOP control","CARRY4=2;FDCE=2;LUT4=1;LUT5=1;LUT6=3"
944,0.506,5.000,4.491,1.938,2.553,0.568,7,"a_q_reg[8]/C","uop_p0_q_reg[src0_base][2]/D","TOP control","CARRY4=2;FDCE=2;LUT4=2;LUT6=3"
945,0.506,5.000,4.491,1.938,2.553,0.568,7,"a_q_reg[8]/C","uop_p0_q_reg[src0_base][3]/D","TOP control","CARRY4=2;FDCE=2;LUT4=2;LUT6=3"
946,0.506,5.000,4.491,1.938,2.553,0.568,7,"a_q_reg[8]/C","uop_p0_q_reg[src0_base][4]/D","TOP control","CARRY4=2;FDCE=2;LUT4=2;LUT6=3"
947,0.506,5.000,4.491,1.938,2.553,0.568,7,"a_q_reg[8]/C","uop_p0_q_reg[src0_base][5]/D","TOP control","CARRY4=2;FDCE=2;LUT4=1;LUT6=4"
948,0.506,5.000,4.491,1.938,2.553,0.568,7,"a_q_reg[8]/C","uop_p0_q_reg[valid]/D","TOP control","CARRY4=2;FDCE=2;LUT4=1;LUT6=4"
949,0.615,5.000,4.382,2.216,2.166,0.494,6,"hsim_total_q_reg[0]/C","hmatch_candidate_dist_q_reg[5]/D","HMATCH reduction/compare","CARRY4=3;FDCE=2;LUT2=1;LUT3=2"
950,0.615,5.000,4.382,2.216,2.166,0.494,6,"hsim_total_q_reg[0]/C","hsim_total_q_reg[5]/D","HMATCH reduction/compare","CARRY4=3;FDCE=2;LUT2=1;LUT3=2"
951,0.631,5.000,4.366,1.085,3.281,0.751,5,"i_vrf/bank_ra_data_o_reg[0][39]/C","gen_lane[0].i_p2_pop_slice/popcount_q_o_reg[1]/D","P2 popcount capture","FDCE=2;LUT2=1;LUT3=1;LUT5=1;LUT6=2"
952,0.633,5.000,4.364,1.085,3.279,0.751,5,"i_vrf/bank_ra_data_o_reg[1][39]/C","gen_lane[1].i_p2_pop_slice/popcount_q_o_reg[1]/D","P2 popcount capture","FDCE=2;LUT2=1;LUT3=1;LUT5=1;LUT6=2"
953,0.635,5.000,4.362,1.085,3.277,0.751,5,"i_vrf/bank_ra_data_o_reg[2][39]/C","gen_lane[2].i_p2_pop_slice/popcount_q_o_reg[1]/D","P2 popcount capture","FDCE=2;LUT2=1;LUT3=1;LUT5=1;LUT6=2"
954,0.638,5.000,4.359,1.085,3.274,0.751,5,"i_vrf/bank_ra_data_o_reg[3][39]/C","gen_lane[3].i_p2_pop_slice/popcount_q_o_reg[1]/D","P2 popcount capture","FDCE=2;LUT2=1;LUT3=1;LUT5=1;LUT6=2"
955,0.689,5.000,4.308,1.190,3.118,0.724,6,"FSM_onehot_st_q_reg[3]/C","lane_result_q_reg[1][10]/D","P2 lane result capture","FDCE=2;LUT5=1;LUT6=5"
956,0.689,5.000,4.308,1.190,3.118,0.724,6,"FSM_onehot_st_q_reg[3]/C","lane_result_q_reg[1][14]/D","P2 lane result capture","FDCE=2;LUT5=1;LUT6=5"
957,0.689,5.000,4.308,1.190,3.118,0.724,6,"FSM_onehot_st_q_reg[3]/C","lane_result_q_reg[2][10]/D","P2 lane result capture","FDCE=2;LUT5=1;LUT6=5"
958,0.689,5.000,4.308,1.190,3.118,0.724,6,"FSM_onehot_st_q_reg[3]/C","lane_result_q_reg[2][14]/D","P2 lane result capture","FDCE=2;LUT5=1;LUT6=5"
959,0.689,5.000,4.308,1.190,3.118,0.724,6,"FSM_onehot_st_q_reg[3]/C","lane_result_q_reg[3][10]/D","P2 lane result capture","FDCE=2;LUT5=1;LUT6=5"
960,0.689,5.000,4.308,1.190,3.118,0.724,6,"FSM_onehot_st_q_reg[3]/C","lane_result_q_reg[3][14]/D","P2 lane result capture","FDCE=2;LUT5=1;LUT6=5"
961,0.693,5.000,4.304,1.190,3.114,0.724,6,"FSM_onehot_st_q_reg[3]/C","lane_result_q_reg[0][58]/D","P2 lane result capture","FDCE=2;LUT5=1;LUT6=5"
962,0.693,5.000,4.304,1.190,3.114,0.724,6,"FSM_onehot_st_q_reg[3]/C","lane_result_q_reg[1][18]/D","P2 lane result capture","FDCE=2;LUT5=1;LUT6=5"
963,0.693,5.000,4.304,1.190,3.114,0.724,6,"FSM_onehot_st_q_reg[3]/C","lane_result_q_reg[1][58]/D","P2 lane result capture","FDCE=2;LUT5=1;LUT6=5"
964,0.693,5.000,4.304,1.190,3.114,0.724,6,"FSM_onehot_st_q_reg[3]/C","lane_result_q_reg[1][6]/D","P2 lane result capture","FDCE=2;LUT5=1;LUT6=5"
965,0.693,5.000,4.304,1.190,3.114,0.724,6,"FSM_onehot_st_q_reg[3]/C","lane_result_q_reg[2][18]/D","P2 lane result capture","FDCE=2;LUT5=1;LUT6=5"
966,0.693,5.000,4.304,1.190,3.114,0.724,6,"FSM_onehot_st_q_reg[3]/C","lane_result_q_reg[2][58]/D","P2 lane result capture","FDCE=2;LUT5=1;LUT6=5"
967,0.693,5.000,4.304,1.190,3.114,0.724,6,"FSM_onehot_st_q_reg[3]/C","lane_result_q_reg[2][6]/D","P2 lane result capture","FDCE=2;LUT5=1;LUT6=5"
968,0.693,5.000,4.304,1.190,3.114,0.724,6,"FSM_onehot_st_q_reg[3]/C","lane_result_q_reg[3][18]/D","P2 lane result capture","FDCE=2;LUT5=1;LUT6=5"
969,0.693,5.000,4.304,1.190,3.114,0.724,6,"FSM_onehot_st_q_reg[3]/C","lane_result_q_reg[3][6]/D","P2 lane result capture","FDCE=2;LUT5=1;LUT6=5"
970,0.697,5.000,4.300,1.190,3.110,0.723,6,"FSM_onehot_st_q_reg[3]/C","lane_result_q_reg[0][34]/D","P2 lane result capture","FDCE=2;LUT5=1;LUT6=5"
971,0.697,5.000,4.300,1.190,3.110,0.723,6,"FSM_onehot_st_q_reg[3]/C","lane_result_q_reg[0][38]/D","P2 lane result capture","FDCE=2;LUT5=1;LUT6=5"
972,0.697,5.000,4.300,1.190,3.110,0.723,6,"FSM_onehot_st_q_reg[3]/C","lane_result_q_reg[0][42]/D","P2 lane result capture","FDCE=2;LUT5=1;LUT6=5"
973,0.697,5.000,4.300,1.190,3.110,0.723,6,"FSM_onehot_st_q_reg[3]/C","lane_result_q_reg[0][46]/D","P2 lane result capture","FDCE=2;LUT5=1;LUT6=5"
974,0.697,5.000,4.300,1.190,3.110,0.723,6,"FSM_onehot_st_q_reg[3]/C","lane_result_q_reg[0][50]/D","P2 lane result capture","FDCE=2;LUT5=1;LUT6=5"
975,0.697,5.000,4.300,1.190,3.110,0.723,6,"FSM_onehot_st_q_reg[3]/C","lane_result_q_reg[0][54]/D","P2 lane result capture","FDCE=2;LUT5=1;LUT6=5"
976,0.697,5.000,4.300,1.190,3.110,0.723,6,"FSM_onehot_st_q_reg[3]/C","lane_result_q_reg[0][62]/D","P2 lane result capture","FDCE=2;LUT5=1;LUT6=5"
977,0.697,5.000,4.300,1.190,3.110,0.723,6,"FSM_onehot_st_q_reg[3]/C","lane_result_q_reg[1][34]/D","P2 lane result capture","FDCE=2;LUT5=1;LUT6=5"
978,0.697,5.000,4.300,1.190,3.110,0.723,6,"FSM_onehot_st_q_reg[3]/C","lane_result_q_reg[1][38]/D","P2 lane result capture","FDCE=2;LUT5=1;LUT6=5"
979,0.697,5.000,4.300,1.190,3.110,0.723,6,"FSM_onehot_st_q_reg[3]/C","lane_result_q_reg[1][42]/D","P2 lane result capture","FDCE=2;LUT5=1;LUT6=5"
980,0.697,5.000,4.300,1.190,3.110,0.723,6,"FSM_onehot_st_q_reg[3]/C","lane_result_q_reg[1][46]/D","P2 lane result capture","FDCE=2;LUT5=1;LUT6=5"
981,0.697,5.000,4.300,1.190,3.110,0.723,6,"FSM_onehot_st_q_reg[3]/C","lane_result_q_reg[1][50]/D","P2 lane result capture","FDCE=2;LUT5=1;LUT6=5"
982,0.697,5.000,4.300,1.190,3.110,0.723,6,"FSM_onehot_st_q_reg[3]/C","lane_result_q_reg[1][54]/D","P2 lane result capture","FDCE=2;LUT5=1;LUT6=5"
983,0.697,5.000,4.300,1.190,3.110,0.723,6,"FSM_onehot_st_q_reg[3]/C","lane_result_q_reg[1][62]/D","P2 lane result capture","FDCE=2;LUT5=1;LUT6=5"
984,0.697,5.000,4.300,1.190,3.110,0.723,6,"FSM_onehot_st_q_reg[3]/C","lane_result_q_reg[2][34]/D","P2 lane result capture","FDCE=2;LUT5=1;LUT6=5"
985,0.697,5.000,4.300,1.190,3.110,0.723,6,"FSM_onehot_st_q_reg[3]/C","lane_result_q_reg[2][38]/D","P2 lane result capture","FDCE=2;LUT5=1;LUT6=5"
986,0.697,5.000,4.300,1.190,3.110,0.723,6,"FSM_onehot_st_q_reg[3]/C","lane_result_q_reg[2][42]/D","P2 lane result capture","FDCE=2;LUT5=1;LUT6=5"
987,0.697,5.000,4.300,1.190,3.110,0.723,6,"FSM_onehot_st_q_reg[3]/C","lane_result_q_reg[2][46]/D","P2 lane result capture","FDCE=2;LUT5=1;LUT6=5"
988,0.697,5.000,4.300,1.190,3.110,0.723,6,"FSM_onehot_st_q_reg[3]/C","lane_result_q_reg[2][50]/D","P2 lane result capture","FDCE=2;LUT5=1;LUT6=5"
989,0.697,5.000,4.300,1.190,3.110,0.723,6,"FSM_onehot_st_q_reg[3]/C","lane_result_q_reg[2][54]/D","P2 lane result capture","FDCE=2;LUT5=1;LUT6=5"
990,0.697,5.000,4.300,1.190,3.110,0.723,6,"FSM_onehot_st_q_reg[3]/C","lane_result_q_reg[2][62]/D","P2 lane result capture","FDCE=2;LUT5=1;LUT6=5"
991,0.697,5.000,4.300,1.190,3.110,0.723,6,"FSM_onehot_st_q_reg[3]/C","lane_result_q_reg[3][34]/D","P2 lane result capture","FDCE=2;LUT5=1;LUT6=5"
992,0.697,5.000,4.300,1.190,3.110,0.723,6,"FSM_onehot_st_q_reg[3]/C","lane_result_q_reg[3][38]/D","P2 lane result capture","FDCE=2;LUT5=1;LUT6=5"
993,0.697,5.000,4.300,1.190,3.110,0.723,6,"FSM_onehot_st_q_reg[3]/C","lane_result_q_reg[3][42]/D","P2 lane result capture","FDCE=2;LUT5=1;LUT6=5"
994,0.697,5.000,4.300,1.190,3.110,0.723,6,"FSM_onehot_st_q_reg[3]/C","lane_result_q_reg[3][46]/D","P2 lane result capture","FDCE=2;LUT5=1;LUT6=5"
995,0.697,5.000,4.300,1.190,3.110,0.723,6,"FSM_onehot_st_q_reg[3]/C","lane_result_q_reg[3][50]/D","P2 lane result capture","FDCE=2;LUT5=1;LUT6=5"
996,0.697,5.000,4.300,1.190,3.110,0.723,6,"FSM_onehot_st_q_reg[3]/C","lane_result_q_reg[3][54]/D","P2 lane result capture","FDCE=2;LUT5=1;LUT6=5"
997,0.697,5.000,4.300,1.190,3.110,0.723,6,"FSM_onehot_st_q_reg[3]/C","lane_result_q_reg[3][58]/D","P2 lane result capture","FDCE=2;LUT5=1;LUT6=5"
998,0.697,5.000,4.300,1.190,3.110,0.723,6,"FSM_onehot_st_q_reg[3]/C","lane_result_q_reg[3][62]/D","P2 lane result capture","FDCE=2;LUT5=1;LUT6=5"
999,0.698,5.000,4.299,1.190,3.109,0.723,6,"FSM_onehot_st_q_reg[3]/C","lane_result_q_reg[0][63]/D","P2 lane result capture","FDCE=2;LUT5=1;LUT6=5"
1000,0.698,5.000,4.299,1.190,3.109,0.723,6,"FSM_onehot_st_q_reg[3]/C","lane_result_q_reg[1][11]/D","P2 lane result capture","FDCE=2;LUT5=1;LUT6=5"
