bucket,ref_name,cell_name
"ecc_exclusive_inv_pmul_schedule","LUT5","FSM_onehot_ecc_load_bg_state_q[1]_i_1"
"ecc_exclusive_inv_pmul_schedule","LUT5","FSM_onehot_ecc_load_bg_state_q[2]_i_1"
"ecc_exclusive_inv_pmul_schedule","LUT6","FSM_onehot_ecc_load_bg_state_q[4]_i_1"
"ecc_exclusive_inv_pmul_schedule","LUT6","FSM_onehot_ecc_load_bg_state_q[4]_i_2"
"ecc_exclusive_inv_pmul_schedule","LUT2","FSM_onehot_ecc_load_bg_state_q[4]_i_3"
"ecc_exclusive_inv_pmul_schedule","LUT6","FSM_onehot_ecc_load_bg_state_q[4]_i_4"
"ecc_exclusive_inv_pmul_schedule","FDPE","FSM_onehot_ecc_load_bg_state_q_reg[0]"
"ecc_exclusive_inv_pmul_schedule","FDCE","FSM_onehot_ecc_load_bg_state_q_reg[1]"
"ecc_exclusive_inv_pmul_schedule","FDCE","FSM_onehot_ecc_load_bg_state_q_reg[2]"
"ecc_exclusive_inv_pmul_schedule","FDCE","FSM_onehot_ecc_load_bg_state_q_reg[3]"
"ecc_exclusive_inv_pmul_schedule","FDCE","FSM_onehot_ecc_load_bg_state_q_reg[4]"
"unattributed_top_control","FDCE","a_q_reg[0]"
"unattributed_top_control","FDCE","a_q_reg[10]"
"unattributed_top_control","FDCE","a_q_reg[11]"
"unattributed_top_control","FDCE","a_q_reg[12]"
"unattributed_top_control","FDCE","a_q_reg[13]"
"unattributed_top_control","FDCE","a_q_reg[14]"
"unattributed_top_control","FDCE","a_q_reg[15]"
"unattributed_top_control","FDCE","a_q_reg[16]"
"unattributed_top_control","FDCE","a_q_reg[17]"
"unattributed_top_control","FDCE","a_q_reg[18]"
"unattributed_top_control","FDCE","a_q_reg[19]"
"unattributed_top_control","FDCE","a_q_reg[1]"
"unattributed_top_control","FDCE","a_q_reg[20]"
"unattributed_top_control","FDCE","a_q_reg[21]"
"unattributed_top_control","FDCE","a_q_reg[22]"
"unattributed_top_control","FDCE","a_q_reg[23]"
"unattributed_top_control","FDCE","a_q_reg[24]"
"unattributed_top_control","FDCE","a_q_reg[25]"
"unattributed_top_control","FDCE","a_q_reg[26]"
"unattributed_top_control","FDCE","a_q_reg[27]"
"unattributed_top_control","FDCE","a_q_reg[28]"
"unattributed_top_control","FDCE","a_q_reg[29]"
"unattributed_top_control","FDCE","a_q_reg[2]"
"unattributed_top_control","FDCE","a_q_reg[30]"
"unattributed_top_control","FDCE","a_q_reg[31]"
"unattributed_top_control","FDCE","a_q_reg[32]"
"unattributed_top_control","FDCE","a_q_reg[33]"
"unattributed_top_control","FDCE","a_q_reg[34]"
"unattributed_top_control","FDCE","a_q_reg[35]"
"unattributed_top_control","FDCE","a_q_reg[36]"
"unattributed_top_control","FDCE","a_q_reg[37]"
"unattributed_top_control","FDCE","a_q_reg[38]"
"unattributed_top_control","FDCE","a_q_reg[39]"
"unattributed_top_control","FDCE","a_q_reg[3]"
"unattributed_top_control","FDCE","a_q_reg[40]"
"unattributed_top_control","FDCE","a_q_reg[41]"
"unattributed_top_control","FDCE","a_q_reg[42]"
"unattributed_top_control","FDCE","a_q_reg[43]"
"unattributed_top_control","FDCE","a_q_reg[44]"
"unattributed_top_control","FDCE","a_q_reg[45]"
"unattributed_top_control","FDCE","a_q_reg[46]"
"unattributed_top_control","FDCE","a_q_reg[47]"
"unattributed_top_control","FDCE","a_q_reg[48]"
"unattributed_top_control","FDCE","a_q_reg[49]"
"unattributed_top_control","FDCE","a_q_reg[4]"
"unattributed_top_control","FDCE","a_q_reg[50]"
"unattributed_top_control","FDCE","a_q_reg[51]"
"unattributed_top_control","FDCE","a_q_reg[52]"
"unattributed_top_control","FDCE","a_q_reg[53]"
"unattributed_top_control","FDCE","a_q_reg[54]"
"unattributed_top_control","FDCE","a_q_reg[55]"
"unattributed_top_control","FDCE","a_q_reg[56]"
"unattributed_top_control","FDCE","a_q_reg[57]"
"unattributed_top_control","FDCE","a_q_reg[58]"
"unattributed_top_control","FDCE","a_q_reg[59]"
"unattributed_top_control","FDCE","a_q_reg[5]"
"unattributed_top_control","FDCE","a_q_reg[60]"
"unattributed_top_control","FDCE","a_q_reg[61]"
"unattributed_top_control","FDCE","a_q_reg[62]"
"unattributed_top_control","FDCE","a_q_reg[63]"
"unattributed_top_control","FDCE","a_q_reg[6]"
"unattributed_top_control","FDCE","a_q_reg[7]"
"unattributed_top_control","FDCE","a_q_reg[8]"
"unattributed_top_control","FDCE","a_q_reg[9]"
"unattributed_top_control","LUT4","bk_q[0]_i_1"
"unattributed_top_control","LUT4","bk_q[1]_i_1"
"unattributed_top_control","LUT4","bk_q[1]_i_2"
"unattributed_top_control","FDCE","bk_q_reg[0]"
"unattributed_top_control","FDCE","bk_q_reg[1]"
"unattributed_top_control","LUT2","clr_base_q[2]_i_1"
"unattributed_top_control","LUT4","clr_base_q[3]_i_1"
"unattributed_top_control","LUT4","clr_base_q[4]_i_1"
"unattributed_top_control","LUT4","clr_base_q[5]_i_1"
"unattributed_top_control","LUT3","clr_base_q[5]_i_2"
"unattributed_top_control","FDCE","clr_base_q_reg[2]"
"unattributed_top_control","FDCE","clr_base_q_reg[3]"
"unattributed_top_control","FDCE","clr_base_q_reg[4]"
"unattributed_top_control","FDCE","clr_base_q_reg[5]"
"hdc_or_host_control","LUT2","clr_cnt_q[0]_i_1"
"hdc_or_host_control","LUT3","clr_cnt_q[1]_i_1"
"hdc_or_host_control","LUT4","clr_cnt_q[2]_i_1"
"hdc_or_host_control","LUT6","clr_cnt_q[3]_i_1"
"hdc_or_host_control","LUT5","clr_cnt_q[3]_i_2"
"hdc_or_host_control","LUT3","clr_cnt_q[3]_i_3"
"hdc_or_host_control","FDCE","clr_cnt_q_reg[0]"
"hdc_or_host_control","FDCE","clr_cnt_q_reg[1]"
"hdc_or_host_control","FDCE","clr_cnt_q_reg[2]"
"hdc_or_host_control","FDCE","clr_cnt_q_reg[3]"
"ecc_exclusive_mul_reduce_datapath","LUT6","ecc_autoreduce_q_i_1"
"ecc_exclusive_mul_reduce_datapath","LUT6","ecc_autoreduce_q_i_2"
"ecc_exclusive_mul_reduce_datapath","FDCE","ecc_autoreduce_q_reg"
"ecc_exclusive_mul_reduce_datapath","LUT5","ecc_diag32_pipe_q[0]_i_1"
"ecc_exclusive_mul_reduce_datapath","LUT4","ecc_diag32_pipe_q[0]_i_10"
"ecc_exclusive_mul_reduce_datapath","LUT4","ecc_diag32_pipe_q[0]_i_11"
"ecc_exclusive_mul_reduce_datapath","LUT5","ecc_diag32_pipe_q[0]_i_12"
"ecc_exclusive_mul_reduce_datapath","LUT4","ecc_diag32_pipe_q[0]_i_13"
"ecc_exclusive_mul_reduce_datapath","LUT5","ecc_diag32_pipe_q[0]_i_14"
"ecc_exclusive_mul_reduce_datapath","LUT4","ecc_diag32_pipe_q[0]_i_15"
"ecc_exclusive_mul_reduce_datapath","LUT4","ecc_diag32_pipe_q[0]_i_16"
"ecc_exclusive_mul_reduce_datapath","LUT4","ecc_diag32_pipe_q[0]_i_17"
"ecc_exclusive_mul_reduce_datapath","LUT4","ecc_diag32_pipe_q[0]_i_2"
"ecc_exclusive_mul_reduce_datapath","LUT6","ecc_diag32_pipe_q[0]_i_3"
"ecc_exclusive_mul_reduce_datapath","LUT6","ecc_diag32_pipe_q[0]_i_4"
"ecc_exclusive_mul_reduce_datapath","LUT6","ecc_diag32_pipe_q[0]_i_5"
"ecc_exclusive_mul_reduce_datapath","LUT6","ecc_diag32_pipe_q[0]_i_6"
"ecc_exclusive_mul_reduce_datapath","LUT4","ecc_diag32_pipe_q[0]_i_7"
"ecc_exclusive_mul_reduce_datapath","LUT5","ecc_diag32_pipe_q[0]_i_8"
"ecc_exclusive_mul_reduce_datapath","LUT6","ecc_diag32_pipe_q[0]_i_9"
"ecc_exclusive_mul_reduce_datapath","LUT5","ecc_diag32_pipe_q[10]_i_1"
"ecc_exclusive_mul_reduce_datapath","LUT4","ecc_diag32_pipe_q[10]_i_10"
"ecc_exclusive_mul_reduce_datapath","LUT4","ecc_diag32_pipe_q[10]_i_11"
"ecc_exclusive_mul_reduce_datapath","LUT4","ecc_diag32_pipe_q[10]_i_12"
"ecc_exclusive_mul_reduce_datapath","LUT5","ecc_diag32_pipe_q[10]_i_13"
"ecc_exclusive_mul_reduce_datapath","LUT4","ecc_diag32_pipe_q[10]_i_14"
"ecc_exclusive_mul_reduce_datapath","LUT5","ecc_diag32_pipe_q[10]_i_15"
"ecc_exclusive_mul_reduce_datapath","LUT4","ecc_diag32_pipe_q[10]_i_16"
"ecc_exclusive_mul_reduce_datapath","LUT4","ecc_diag32_pipe_q[10]_i_17"
"ecc_exclusive_mul_reduce_datapath","LUT6","ecc_diag32_pipe_q[10]_i_2"
"ecc_exclusive_mul_reduce_datapath","LUT6","ecc_diag32_pipe_q[10]_i_3"
"ecc_exclusive_mul_reduce_datapath","LUT5","ecc_diag32_pipe_q[10]_i_4"
"ecc_exclusive_mul_reduce_datapath","LUT4","ecc_diag32_pipe_q[10]_i_5"
"ecc_exclusive_mul_reduce_datapath","LUT5","ecc_diag32_pipe_q[10]_i_6"
"ecc_exclusive_mul_reduce_datapath","LUT5","ecc_diag32_pipe_q[10]_i_7"
"ecc_exclusive_mul_reduce_datapath","LUT6","ecc_diag32_pipe_q[10]_i_8"
"ecc_exclusive_mul_reduce_datapath","LUT6","ecc_diag32_pipe_q[10]_i_9"
"ecc_exclusive_mul_reduce_datapath","LUT6","ecc_diag32_pipe_q[11]_i_1"
"ecc_exclusive_mul_reduce_datapath","LUT4","ecc_diag32_pipe_q[11]_i_10"
"ecc_exclusive_mul_reduce_datapath","LUT5","ecc_diag32_pipe_q[11]_i_11"
"ecc_exclusive_mul_reduce_datapath","LUT4","ecc_diag32_pipe_q[11]_i_12"
"ecc_exclusive_mul_reduce_datapath","LUT4","ecc_diag32_pipe_q[11]_i_13"
"ecc_exclusive_mul_reduce_datapath","LUT5","ecc_diag32_pipe_q[11]_i_14"
"ecc_exclusive_mul_reduce_datapath","LUT4","ecc_diag32_pipe_q[11]_i_15"
"ecc_exclusive_mul_reduce_datapath","LUT4","ecc_diag32_pipe_q[11]_i_16"
"ecc_exclusive_mul_reduce_datapath","LUT4","ecc_diag32_pipe_q[11]_i_17"
"ecc_exclusive_mul_reduce_datapath","LUT6","ecc_diag32_pipe_q[11]_i_2"
"ecc_exclusive_mul_reduce_datapath","LUT6","ecc_diag32_pipe_q[11]_i_3"
"ecc_exclusive_mul_reduce_datapath","LUT6","ecc_diag32_pipe_q[11]_i_4"
"ecc_exclusive_mul_reduce_datapath","LUT5","ecc_diag32_pipe_q[11]_i_5"
"ecc_exclusive_mul_reduce_datapath","LUT4","ecc_diag32_pipe_q[11]_i_6"
"ecc_exclusive_mul_reduce_datapath","LUT6","ecc_diag32_pipe_q[11]_i_7"
"ecc_exclusive_mul_reduce_datapath","LUT4","ecc_diag32_pipe_q[11]_i_8"
"ecc_exclusive_mul_reduce_datapath","LUT5","ecc_diag32_pipe_q[11]_i_9"
"ecc_exclusive_mul_reduce_datapath","LUT5","ecc_diag32_pipe_q[12]_i_1"
"ecc_exclusive_mul_reduce_datapath","LUT4","ecc_diag32_pipe_q[12]_i_10"
"ecc_exclusive_mul_reduce_datapath","LUT4","ecc_diag32_pipe_q[12]_i_11"
"ecc_exclusive_mul_reduce_datapath","LUT4","ecc_diag32_pipe_q[12]_i_12"
"ecc_exclusive_mul_reduce_datapath","LUT4","ecc_diag32_pipe_q[12]_i_13"
"ecc_exclusive_mul_reduce_datapath","LUT4","ecc_diag32_pipe_q[12]_i_14"
"ecc_exclusive_mul_reduce_datapath","LUT4","ecc_diag32_pipe_q[12]_i_15"
"ecc_exclusive_mul_reduce_datapath","LUT4","ecc_diag32_pipe_q[12]_i_16"
"ecc_exclusive_mul_reduce_datapath","LUT4","ecc_diag32_pipe_q[12]_i_17"
"ecc_exclusive_mul_reduce_datapath","LUT4","ecc_diag32_pipe_q[12]_i_18"
"ecc_exclusive_mul_reduce_datapath","LUT5","ecc_diag32_pipe_q[12]_i_2"
"ecc_exclusive_mul_reduce_datapath","LUT6","ecc_diag32_pipe_q[12]_i_3"
"ecc_exclusive_mul_reduce_datapath","LUT6","ecc_diag32_pipe_q[12]_i_4"
"ecc_exclusive_mul_reduce_datapath","LUT5","ecc_diag32_pipe_q[12]_i_5"
"ecc_exclusive_mul_reduce_datapath","LUT5","ecc_diag32_pipe_q[12]_i_6"
"ecc_exclusive_mul_reduce_datapath","LUT5","ecc_diag32_pipe_q[12]_i_7"
"ecc_exclusive_mul_reduce_datapath","LUT5","ecc_diag32_pipe_q[12]_i_8"
"ecc_exclusive_mul_reduce_datapath","LUT5","ecc_diag32_pipe_q[12]_i_9"
"ecc_exclusive_mul_reduce_datapath","LUT4","ecc_diag32_pipe_q[13]_i_1"
"ecc_exclusive_mul_reduce_datapath","LUT4","ecc_diag32_pipe_q[13]_i_10"
"ecc_exclusive_mul_reduce_datapath","LUT4","ecc_diag32_pipe_q[13]_i_11"
"ecc_exclusive_mul_reduce_datapath","LUT5","ecc_diag32_pipe_q[13]_i_12"
"ecc_exclusive_mul_reduce_datapath","LUT4","ecc_diag32_pipe_q[13]_i_13"
"ecc_exclusive_mul_reduce_datapath","LUT5","ecc_diag32_pipe_q[13]_i_14"
"ecc_exclusive_mul_reduce_datapath","LUT4","ecc_diag32_pipe_q[13]_i_15"
"ecc_exclusive_mul_reduce_datapath","LUT4","ecc_diag32_pipe_q[13]_i_16"
"ecc_exclusive_mul_reduce_datapath","LUT4","ecc_diag32_pipe_q[13]_i_17"
"ecc_exclusive_mul_reduce_datapath","LUT6","ecc_diag32_pipe_q[13]_i_2"
"ecc_exclusive_mul_reduce_datapath","LUT6","ecc_diag32_pipe_q[13]_i_3"
"ecc_exclusive_mul_reduce_datapath","LUT6","ecc_diag32_pipe_q[13]_i_4"
"ecc_exclusive_mul_reduce_datapath","LUT5","ecc_diag32_pipe_q[13]_i_5"
"ecc_exclusive_mul_reduce_datapath","LUT6","ecc_diag32_pipe_q[13]_i_6"
"ecc_exclusive_mul_reduce_datapath","LUT6","ecc_diag32_pipe_q[13]_i_7"
"ecc_exclusive_mul_reduce_datapath","LUT4","ecc_diag32_pipe_q[13]_i_8"
"ecc_exclusive_mul_reduce_datapath","LUT5","ecc_diag32_pipe_q[13]_i_9"
"ecc_exclusive_mul_reduce_datapath","LUT5","ecc_diag32_pipe_q[14]_i_1"
"ecc_exclusive_mul_reduce_datapath","LUT5","ecc_diag32_pipe_q[14]_i_10"
"ecc_exclusive_mul_reduce_datapath","LUT5","ecc_diag32_pipe_q[14]_i_11"
"ecc_exclusive_mul_reduce_datapath","LUT5","ecc_diag32_pipe_q[14]_i_12"
"ecc_exclusive_mul_reduce_datapath","LUT4","ecc_diag32_pipe_q[14]_i_13"
"ecc_exclusive_mul_reduce_datapath","LUT4","ecc_diag32_pipe_q[14]_i_14"
"ecc_exclusive_mul_reduce_datapath","LUT4","ecc_diag32_pipe_q[14]_i_15"
"ecc_exclusive_mul_reduce_datapath","LUT4","ecc_diag32_pipe_q[14]_i_16"
"ecc_exclusive_mul_reduce_datapath","LUT4","ecc_diag32_pipe_q[14]_i_17"
"ecc_exclusive_mul_reduce_datapath","LUT6","ecc_diag32_pipe_q[14]_i_2"
"ecc_exclusive_mul_reduce_datapath","LUT6","ecc_diag32_pipe_q[14]_i_3"
"ecc_exclusive_mul_reduce_datapath","LUT6","ecc_diag32_pipe_q[14]_i_4"
"ecc_exclusive_mul_reduce_datapath","LUT6","ecc_diag32_pipe_q[14]_i_5"
"ecc_exclusive_mul_reduce_datapath","LUT4","ecc_diag32_pipe_q[14]_i_6"
"ecc_exclusive_mul_reduce_datapath","LUT4","ecc_diag32_pipe_q[14]_i_7"
"ecc_exclusive_mul_reduce_datapath","LUT5","ecc_diag32_pipe_q[14]_i_8"
"ecc_exclusive_mul_reduce_datapath","LUT5","ecc_diag32_pipe_q[14]_i_9"
"ecc_exclusive_mul_reduce_datapath","LUT6","ecc_diag32_pipe_q[15]_i_1"
"ecc_exclusive_mul_reduce_datapath","LUT4","ecc_diag32_pipe_q[15]_i_10"
"ecc_exclusive_mul_reduce_datapath","LUT5","ecc_diag32_pipe_q[15]_i_11"
"ecc_exclusive_mul_reduce_datapath","LUT4","ecc_diag32_pipe_q[15]_i_12"
"ecc_exclusive_mul_reduce_datapath","LUT5","ecc_diag32_pipe_q[15]_i_13"
"ecc_exclusive_mul_reduce_datapath","LUT4","ecc_diag32_pipe_q[15]_i_14"
"ecc_exclusive_mul_reduce_datapath","LUT4","ecc_diag32_pipe_q[15]_i_15"
"ecc_exclusive_mul_reduce_datapath","LUT4","ecc_diag32_pipe_q[15]_i_16"
"ecc_exclusive_mul_reduce_datapath","LUT4","ecc_diag32_pipe_q[15]_i_17"
"ecc_exclusive_mul_reduce_datapath","LUT6","ecc_diag32_pipe_q[15]_i_2"
"ecc_exclusive_mul_reduce_datapath","LUT6","ecc_diag32_pipe_q[15]_i_3"
"ecc_exclusive_mul_reduce_datapath","LUT6","ecc_diag32_pipe_q[15]_i_4"
"ecc_exclusive_mul_reduce_datapath","LUT6","ecc_diag32_pipe_q[15]_i_5"
"ecc_exclusive_mul_reduce_datapath","LUT4","ecc_diag32_pipe_q[15]_i_6"
"ecc_exclusive_mul_reduce_datapath","LUT5","ecc_diag32_pipe_q[15]_i_7"
"ecc_exclusive_mul_reduce_datapath","LUT4","ecc_diag32_pipe_q[15]_i_8"
"ecc_exclusive_mul_reduce_datapath","LUT5","ecc_diag32_pipe_q[15]_i_9"
"ecc_exclusive_mul_reduce_datapath","LUT5","ecc_diag32_pipe_q[16]_i_1"
"ecc_exclusive_mul_reduce_datapath","LUT4","ecc_diag32_pipe_q[16]_i_10"
"ecc_exclusive_mul_reduce_datapath","LUT4","ecc_diag32_pipe_q[16]_i_11"
"ecc_exclusive_mul_reduce_datapath","LUT5","ecc_diag32_pipe_q[16]_i_12"
"ecc_exclusive_mul_reduce_datapath","LUT4","ecc_diag32_pipe_q[16]_i_13"
"ecc_exclusive_mul_reduce_datapath","LUT4","ecc_diag32_pipe_q[16]_i_14"
"ecc_exclusive_mul_reduce_datapath","LUT4","ecc_diag32_pipe_q[16]_i_15"
"ecc_exclusive_mul_reduce_datapath","LUT4","ecc_diag32_pipe_q[16]_i_16"
"ecc_exclusive_mul_reduce_datapath","LUT4","ecc_diag32_pipe_q[16]_i_17"
"ecc_exclusive_mul_reduce_datapath","LUT6","ecc_diag32_pipe_q[16]_i_2"
"ecc_exclusive_mul_reduce_datapath","LUT6","ecc_diag32_pipe_q[16]_i_3"
"ecc_exclusive_mul_reduce_datapath","LUT6","ecc_diag32_pipe_q[16]_i_4"
"ecc_exclusive_mul_reduce_datapath","LUT5","ecc_diag32_pipe_q[16]_i_5"
"ecc_exclusive_mul_reduce_datapath","LUT5","ecc_diag32_pipe_q[16]_i_6"
"ecc_exclusive_mul_reduce_datapath","LUT5","ecc_diag32_pipe_q[16]_i_7"
"ecc_exclusive_mul_reduce_datapath","LUT5","ecc_diag32_pipe_q[16]_i_8"
"ecc_exclusive_mul_reduce_datapath","LUT6","ecc_diag32_pipe_q[16]_i_9"
"ecc_exclusive_mul_reduce_datapath","LUT4","ecc_diag32_pipe_q[17]_i_1"
"ecc_exclusive_mul_reduce_datapath","LUT4","ecc_diag32_pipe_q[17]_i_10"
"ecc_exclusive_mul_reduce_datapath","LUT5","ecc_diag32_pipe_q[17]_i_11"
"ecc_exclusive_mul_reduce_datapath","LUT4","ecc_diag32_pipe_q[17]_i_12"
"ecc_exclusive_mul_reduce_datapath","LUT5","ecc_diag32_pipe_q[17]_i_13"
"ecc_exclusive_mul_reduce_datapath","LUT4","ecc_diag32_pipe_q[17]_i_14"
"ecc_exclusive_mul_reduce_datapath","LUT4","ecc_diag32_pipe_q[17]_i_15"
"ecc_exclusive_mul_reduce_datapath","LUT4","ecc_diag32_pipe_q[17]_i_16"
"ecc_exclusive_mul_reduce_datapath","LUT4","ecc_diag32_pipe_q[17]_i_17"
"ecc_exclusive_mul_reduce_datapath","LUT6","ecc_diag32_pipe_q[17]_i_2"
"ecc_exclusive_mul_reduce_datapath","LUT6","ecc_diag32_pipe_q[17]_i_3"
"ecc_exclusive_mul_reduce_datapath","LUT6","ecc_diag32_pipe_q[17]_i_4"
"ecc_exclusive_mul_reduce_datapath","LUT6","ecc_diag32_pipe_q[17]_i_5"
"ecc_exclusive_mul_reduce_datapath","LUT6","ecc_diag32_pipe_q[17]_i_6"
"ecc_exclusive_mul_reduce_datapath","LUT5","ecc_diag32_pipe_q[17]_i_7"
"ecc_exclusive_mul_reduce_datapath","LUT4","ecc_diag32_pipe_q[17]_i_8"
"ecc_exclusive_mul_reduce_datapath","LUT5","ecc_diag32_pipe_q[17]_i_9"
"ecc_exclusive_mul_reduce_datapath","LUT5","ecc_diag32_pipe_q[18]_i_1"
"ecc_exclusive_mul_reduce_datapath","LUT5","ecc_diag32_pipe_q[18]_i_10"
"ecc_exclusive_mul_reduce_datapath","LUT5","ecc_diag32_pipe_q[18]_i_11"
"ecc_exclusive_mul_reduce_datapath","LUT5","ecc_diag32_pipe_q[18]_i_12"
"ecc_exclusive_mul_reduce_datapath","LUT5","ecc_diag32_pipe_q[18]_i_13"
"ecc_exclusive_mul_reduce_datapath","LUT4","ecc_diag32_pipe_q[18]_i_14"
"ecc_exclusive_mul_reduce_datapath","LUT4","ecc_diag32_pipe_q[18]_i_15"
"ecc_exclusive_mul_reduce_datapath","LUT4","ecc_diag32_pipe_q[18]_i_16"
"ecc_exclusive_mul_reduce_datapath","LUT4","ecc_diag32_pipe_q[18]_i_17"
"ecc_exclusive_mul_reduce_datapath","LUT4","ecc_diag32_pipe_q[18]_i_18"
"ecc_exclusive_mul_reduce_datapath","LUT6","ecc_diag32_pipe_q[18]_i_2"
"ecc_exclusive_mul_reduce_datapath","LUT6","ecc_diag32_pipe_q[18]_i_3"
"ecc_exclusive_mul_reduce_datapath","LUT5","ecc_diag32_pipe_q[18]_i_4"
"ecc_exclusive_mul_reduce_datapath","LUT4","ecc_diag32_pipe_q[18]_i_5"
"ecc_exclusive_mul_reduce_datapath","LUT4","ecc_diag32_pipe_q[18]_i_6"
"ecc_exclusive_mul_reduce_datapath","LUT4","ecc_diag32_pipe_q[18]_i_7"
"ecc_exclusive_mul_reduce_datapath","LUT4","ecc_diag32_pipe_q[18]_i_8"
"ecc_exclusive_mul_reduce_datapath","LUT5","ecc_diag32_pipe_q[18]_i_9"
"ecc_exclusive_mul_reduce_datapath","LUT6","ecc_diag32_pipe_q[19]_i_1"
"ecc_exclusive_mul_reduce_datapath","LUT4","ecc_diag32_pipe_q[19]_i_10"
"ecc_exclusive_mul_reduce_datapath","LUT4","ecc_diag32_pipe_q[19]_i_11"
"ecc_exclusive_mul_reduce_datapath","LUT6","ecc_diag32_pipe_q[19]_i_12"
"ecc_exclusive_mul_reduce_datapath","LUT4","ecc_diag32_pipe_q[19]_i_13"
"ecc_exclusive_mul_reduce_datapath","LUT4","ecc_diag32_pipe_q[19]_i_14"
"ecc_exclusive_mul_reduce_datapath","LUT4","ecc_diag32_pipe_q[19]_i_15"
"ecc_exclusive_mul_reduce_datapath","LUT5","ecc_diag32_pipe_q[19]_i_16"
"ecc_exclusive_mul_reduce_datapath","LUT4","ecc_diag32_pipe_q[19]_i_17"
"ecc_exclusive_mul_reduce_datapath","LUT6","ecc_diag32_pipe_q[19]_i_2"
"ecc_exclusive_mul_reduce_datapath","LUT6","ecc_diag32_pipe_q[19]_i_3"
"ecc_exclusive_mul_reduce_datapath","LUT5","ecc_diag32_pipe_q[19]_i_4"
"ecc_exclusive_mul_reduce_datapath","LUT6","ecc_diag32_pipe_q[19]_i_5"
"ecc_exclusive_mul_reduce_datapath","LUT4","ecc_diag32_pipe_q[19]_i_6"
"ecc_exclusive_mul_reduce_datapath","LUT5","ecc_diag32_pipe_q[19]_i_7"
"ecc_exclusive_mul_reduce_datapath","LUT4","ecc_diag32_pipe_q[19]_i_8"
"ecc_exclusive_mul_reduce_datapath","LUT5","ecc_diag32_pipe_q[19]_i_9"
"ecc_exclusive_mul_reduce_datapath","LUT6","ecc_diag32_pipe_q[1]_i_1"
"ecc_exclusive_mul_reduce_datapath","LUT4","ecc_diag32_pipe_q[1]_i_10"
"ecc_exclusive_mul_reduce_datapath","LUT5","ecc_diag32_pipe_q[1]_i_11"
"ecc_exclusive_mul_reduce_datapath","LUT4","ecc_diag32_pipe_q[1]_i_12"
"ecc_exclusive_mul_reduce_datapath","LUT4","ecc_diag32_pipe_q[1]_i_13"
"ecc_exclusive_mul_reduce_datapath","LUT5","ecc_diag32_pipe_q[1]_i_14"
"ecc_exclusive_mul_reduce_datapath","LUT4","ecc_diag32_pipe_q[1]_i_15"
"ecc_exclusive_mul_reduce_datapath","LUT4","ecc_diag32_pipe_q[1]_i_16"
"ecc_exclusive_mul_reduce_datapath","LUT4","ecc_diag32_pipe_q[1]_i_17"
"ecc_exclusive_mul_reduce_datapath","LUT4","ecc_diag32_pipe_q[1]_i_2"
"ecc_exclusive_mul_reduce_datapath","LUT6","ecc_diag32_pipe_q[1]_i_3"
"ecc_exclusive_mul_reduce_datapath","LUT6","ecc_diag32_pipe_q[1]_i_4"
"ecc_exclusive_mul_reduce_datapath","LUT6","ecc_diag32_pipe_q[1]_i_5"
"ecc_exclusive_mul_reduce_datapath","LUT5","ecc_diag32_pipe_q[1]_i_6"
"ecc_exclusive_mul_reduce_datapath","LUT6","ecc_diag32_pipe_q[1]_i_7"
"ecc_exclusive_mul_reduce_datapath","LUT4","ecc_diag32_pipe_q[1]_i_8"
"ecc_exclusive_mul_reduce_datapath","LUT5","ecc_diag32_pipe_q[1]_i_9"
"ecc_exclusive_mul_reduce_datapath","LUT6","ecc_diag32_pipe_q[20]_i_1"
"ecc_exclusive_mul_reduce_datapath","LUT4","ecc_diag32_pipe_q[20]_i_10"
"ecc_exclusive_mul_reduce_datapath","LUT4","ecc_diag32_pipe_q[20]_i_11"
"ecc_exclusive_mul_reduce_datapath","LUT6","ecc_diag32_pipe_q[20]_i_12"
"ecc_exclusive_mul_reduce_datapath","LUT5","ecc_diag32_pipe_q[20]_i_13"
"ecc_exclusive_mul_reduce_datapath","LUT4","ecc_diag32_pipe_q[20]_i_14"
"ecc_exclusive_mul_reduce_datapath","LUT4","ecc_diag32_pipe_q[20]_i_15"
"ecc_exclusive_mul_reduce_datapath","LUT4","ecc_diag32_pipe_q[20]_i_16"
"ecc_exclusive_mul_reduce_datapath","LUT4","ecc_diag32_pipe_q[20]_i_17"
"ecc_exclusive_mul_reduce_datapath","LUT4","ecc_diag32_pipe_q[20]_i_18"
"ecc_exclusive_mul_reduce_datapath","LUT6","ecc_diag32_pipe_q[20]_i_2"
"ecc_exclusive_mul_reduce_datapath","LUT6","ecc_diag32_pipe_q[20]_i_3"
"ecc_exclusive_mul_reduce_datapath","LUT4","ecc_diag32_pipe_q[20]_i_4"
"ecc_exclusive_mul_reduce_datapath","LUT4","ecc_diag32_pipe_q[20]_i_5"
"ecc_exclusive_mul_reduce_datapath","LUT4","ecc_diag32_pipe_q[20]_i_6"
"ecc_exclusive_mul_reduce_datapath","LUT5","ecc_diag32_pipe_q[20]_i_7"
"ecc_exclusive_mul_reduce_datapath","LUT4","ecc_diag32_pipe_q[20]_i_8"
"ecc_exclusive_mul_reduce_datapath","LUT5","ecc_diag32_pipe_q[20]_i_9"
"ecc_exclusive_mul_reduce_datapath","LUT6","ecc_diag32_pipe_q[21]_i_1"
"ecc_exclusive_mul_reduce_datapath","LUT4","ecc_diag32_pipe_q[21]_i_10"
"ecc_exclusive_mul_reduce_datapath","LUT5","ecc_diag32_pipe_q[21]_i_11"
"ecc_exclusive_mul_reduce_datapath","LUT5","ecc_diag32_pipe_q[21]_i_12"
"ecc_exclusive_mul_reduce_datapath","LUT5","ecc_diag32_pipe_q[21]_i_13"
"ecc_exclusive_mul_reduce_datapath","LUT4","ecc_diag32_pipe_q[21]_i_14"
"ecc_exclusive_mul_reduce_datapath","LUT4","ecc_diag32_pipe_q[21]_i_15"
"ecc_exclusive_mul_reduce_datapath","LUT4","ecc_diag32_pipe_q[21]_i_16"
"ecc_exclusive_mul_reduce_datapath","LUT4","ecc_diag32_pipe_q[21]_i_17"
"ecc_exclusive_mul_reduce_datapath","LUT6","ecc_diag32_pipe_q[21]_i_2"
"ecc_exclusive_mul_reduce_datapath","LUT6","ecc_diag32_pipe_q[21]_i_3"
"ecc_exclusive_mul_reduce_datapath","LUT6","ecc_diag32_pipe_q[21]_i_4"
"ecc_exclusive_mul_reduce_datapath","LUT6","ecc_diag32_pipe_q[21]_i_5"
"ecc_exclusive_mul_reduce_datapath","LUT4","ecc_diag32_pipe_q[21]_i_6"
"ecc_exclusive_mul_reduce_datapath","LUT4","ecc_diag32_pipe_q[21]_i_7"
"ecc_exclusive_mul_reduce_datapath","LUT4","ecc_diag32_pipe_q[21]_i_8"
"ecc_exclusive_mul_reduce_datapath","LUT5","ecc_diag32_pipe_q[21]_i_9"
"ecc_exclusive_mul_reduce_datapath","LUT6","ecc_diag32_pipe_q[22]_i_1"
"ecc_exclusive_mul_reduce_datapath","LUT4","ecc_diag32_pipe_q[22]_i_10"
"ecc_exclusive_mul_reduce_datapath","LUT4","ecc_diag32_pipe_q[22]_i_11"
"ecc_exclusive_mul_reduce_datapath","LUT4","ecc_diag32_pipe_q[22]_i_12"
"ecc_exclusive_mul_reduce_datapath","LUT4","ecc_diag32_pipe_q[22]_i_13"
"ecc_exclusive_mul_reduce_datapath","LUT4","ecc_diag32_pipe_q[22]_i_14"
"ecc_exclusive_mul_reduce_datapath","LUT4","ecc_diag32_pipe_q[22]_i_15"
"ecc_exclusive_mul_reduce_datapath","LUT5","ecc_diag32_pipe_q[22]_i_16"
"ecc_exclusive_mul_reduce_datapath","LUT4","ecc_diag32_pipe_q[22]_i_17"
"ecc_exclusive_mul_reduce_datapath","LUT6","ecc_diag32_pipe_q[22]_i_2"
"ecc_exclusive_mul_reduce_datapath","LUT6","ecc_diag32_pipe_q[22]_i_3"
"ecc_exclusive_mul_reduce_datapath","LUT6","ecc_diag32_pipe_q[22]_i_4"
"ecc_exclusive_mul_reduce_datapath","LUT6","ecc_diag32_pipe_q[22]_i_5"
"ecc_exclusive_mul_reduce_datapath","LUT4","ecc_diag32_pipe_q[22]_i_6"
"ecc_exclusive_mul_reduce_datapath","LUT5","ecc_diag32_pipe_q[22]_i_7"
"ecc_exclusive_mul_reduce_datapath","LUT4","ecc_diag32_pipe_q[22]_i_8"
"ecc_exclusive_mul_reduce_datapath","LUT6","ecc_diag32_pipe_q[22]_i_9"
"ecc_exclusive_mul_reduce_datapath","LUT5","ecc_diag32_pipe_q[23]_i_1"
"ecc_exclusive_mul_reduce_datapath","LUT5","ecc_diag32_pipe_q[23]_i_10"
"ecc_exclusive_mul_reduce_datapath","LUT4","ecc_diag32_pipe_q[23]_i_11"
"ecc_exclusive_mul_reduce_datapath","LUT5","ecc_diag32_pipe_q[23]_i_12"
"ecc_exclusive_mul_reduce_datapath","LUT4","ecc_diag32_pipe_q[23]_i_13"
"ecc_exclusive_mul_reduce_datapath","LUT5","ecc_diag32_pipe_q[23]_i_14"
"ecc_exclusive_mul_reduce_datapath","LUT4","ecc_diag32_pipe_q[23]_i_15"
"ecc_exclusive_mul_reduce_datapath","LUT4","ecc_diag32_pipe_q[23]_i_16"
"ecc_exclusive_mul_reduce_datapath","LUT4","ecc_diag32_pipe_q[23]_i_17"
"ecc_exclusive_mul_reduce_datapath","LUT6","ecc_diag32_pipe_q[23]_i_2"
"ecc_exclusive_mul_reduce_datapath","LUT6","ecc_diag32_pipe_q[23]_i_3"
"ecc_exclusive_mul_reduce_datapath","LUT6","ecc_diag32_pipe_q[23]_i_4"
"ecc_exclusive_mul_reduce_datapath","LUT4","ecc_diag32_pipe_q[23]_i_5"
"ecc_exclusive_mul_reduce_datapath","LUT6","ecc_diag32_pipe_q[23]_i_6"
"ecc_exclusive_mul_reduce_datapath","LUT4","ecc_diag32_pipe_q[23]_i_7"
"ecc_exclusive_mul_reduce_datapath","LUT6","ecc_diag32_pipe_q[23]_i_8"
"ecc_exclusive_mul_reduce_datapath","LUT4","ecc_diag32_pipe_q[23]_i_9"
"ecc_exclusive_mul_reduce_datapath","LUT6","ecc_diag32_pipe_q[24]_i_1"
"ecc_exclusive_mul_reduce_datapath","LUT4","ecc_diag32_pipe_q[24]_i_10"
"ecc_exclusive_mul_reduce_datapath","LUT4","ecc_diag32_pipe_q[24]_i_11"
"ecc_exclusive_mul_reduce_datapath","LUT4","ecc_diag32_pipe_q[24]_i_12"
"ecc_exclusive_mul_reduce_datapath","LUT4","ecc_diag32_pipe_q[24]_i_13"
"ecc_exclusive_mul_reduce_datapath","LUT6","ecc_diag32_pipe_q[24]_i_14"
"ecc_exclusive_mul_reduce_datapath","LUT4","ecc_diag32_pipe_q[24]_i_15"
"ecc_exclusive_mul_reduce_datapath","LUT4","ecc_diag32_pipe_q[24]_i_16"
"ecc_exclusive_mul_reduce_datapath","LUT4","ecc_diag32_pipe_q[24]_i_17"
"ecc_exclusive_mul_reduce_datapath","LUT6","ecc_diag32_pipe_q[24]_i_2"
"ecc_exclusive_mul_reduce_datapath","LUT6","ecc_diag32_pipe_q[24]_i_3"
"ecc_exclusive_mul_reduce_datapath","LUT6","ecc_diag32_pipe_q[24]_i_4"
"ecc_exclusive_mul_reduce_datapath","LUT6","ecc_diag32_pipe_q[24]_i_5"
"ecc_exclusive_mul_reduce_datapath","LUT4","ecc_diag32_pipe_q[24]_i_6"
"ecc_exclusive_mul_reduce_datapath","LUT5","ecc_diag32_pipe_q[24]_i_7"
"ecc_exclusive_mul_reduce_datapath","LUT4","ecc_diag32_pipe_q[24]_i_8"
"ecc_exclusive_mul_reduce_datapath","LUT5","ecc_diag32_pipe_q[24]_i_9"
"ecc_exclusive_mul_reduce_datapath","LUT6","ecc_diag32_pipe_q[25]_i_1"
"ecc_exclusive_mul_reduce_datapath","LUT5","ecc_diag32_pipe_q[25]_i_10"
"ecc_exclusive_mul_reduce_datapath","LUT5","ecc_diag32_pipe_q[25]_i_11"
"ecc_exclusive_mul_reduce_datapath","LUT4","ecc_diag32_pipe_q[25]_i_12"
"ecc_exclusive_mul_reduce_datapath","LUT4","ecc_diag32_pipe_q[25]_i_13"
"ecc_exclusive_mul_reduce_datapath","LUT4","ecc_diag32_pipe_q[25]_i_14"
"ecc_exclusive_mul_reduce_datapath","LUT4","ecc_diag32_pipe_q[25]_i_15"
"ecc_exclusive_mul_reduce_datapath","LUT4","ecc_diag32_pipe_q[25]_i_16"
"ecc_exclusive_mul_reduce_datapath","LUT4","ecc_diag32_pipe_q[25]_i_17"
"ecc_exclusive_mul_reduce_datapath","LUT6","ecc_diag32_pipe_q[25]_i_2"
"ecc_exclusive_mul_reduce_datapath","LUT6","ecc_diag32_pipe_q[25]_i_3"
"ecc_exclusive_mul_reduce_datapath","LUT6","ecc_diag32_pipe_q[25]_i_4"
"ecc_exclusive_mul_reduce_datapath","LUT6","ecc_diag32_pipe_q[25]_i_5"
"ecc_exclusive_mul_reduce_datapath","LUT4","ecc_diag32_pipe_q[25]_i_6"
"ecc_exclusive_mul_reduce_datapath","LUT5","ecc_diag32_pipe_q[25]_i_7"
"ecc_exclusive_mul_reduce_datapath","LUT4","ecc_diag32_pipe_q[25]_i_8"
"ecc_exclusive_mul_reduce_datapath","LUT5","ecc_diag32_pipe_q[25]_i_9"
"ecc_exclusive_mul_reduce_datapath","LUT6","ecc_diag32_pipe_q[26]_i_1"
"ecc_exclusive_mul_reduce_datapath","LUT5","ecc_diag32_pipe_q[26]_i_10"
"ecc_exclusive_mul_reduce_datapath","LUT4","ecc_diag32_pipe_q[26]_i_11"
"ecc_exclusive_mul_reduce_datapath","LUT5","ecc_diag32_pipe_q[26]_i_12"
"ecc_exclusive_mul_reduce_datapath","LUT4","ecc_diag32_pipe_q[26]_i_13"
"ecc_exclusive_mul_reduce_datapath","LUT5","ecc_diag32_pipe_q[26]_i_14"
"ecc_exclusive_mul_reduce_datapath","LUT4","ecc_diag32_pipe_q[26]_i_15"
"ecc_exclusive_mul_reduce_datapath","LUT4","ecc_diag32_pipe_q[26]_i_16"
"ecc_exclusive_mul_reduce_datapath","LUT4","ecc_diag32_pipe_q[26]_i_17"
"ecc_exclusive_mul_reduce_datapath","LUT4","ecc_diag32_pipe_q[26]_i_2"
"ecc_exclusive_mul_reduce_datapath","LUT5","ecc_diag32_pipe_q[26]_i_3"
"ecc_exclusive_mul_reduce_datapath","LUT6","ecc_diag32_pipe_q[26]_i_4"
"ecc_exclusive_mul_reduce_datapath","LUT6","ecc_diag32_pipe_q[26]_i_5"
"ecc_exclusive_mul_reduce_datapath","LUT6","ecc_diag32_pipe_q[26]_i_6"
"ecc_exclusive_mul_reduce_datapath","LUT6","ecc_diag32_pipe_q[26]_i_7"
"ecc_exclusive_mul_reduce_datapath","LUT4","ecc_diag32_pipe_q[26]_i_8"
"ecc_exclusive_mul_reduce_datapath","LUT4","ecc_diag32_pipe_q[26]_i_9"
"ecc_exclusive_mul_reduce_datapath","LUT6","ecc_diag32_pipe_q[27]_i_1"
"ecc_exclusive_mul_reduce_datapath","LUT4","ecc_diag32_pipe_q[27]_i_10"
"ecc_exclusive_mul_reduce_datapath","LUT6","ecc_diag32_pipe_q[27]_i_11"
"ecc_exclusive_mul_reduce_datapath","LUT4","ecc_diag32_pipe_q[27]_i_12"
"ecc_exclusive_mul_reduce_datapath","LUT4","ecc_diag32_pipe_q[27]_i_13"
"ecc_exclusive_mul_reduce_datapath","LUT4","ecc_diag32_pipe_q[27]_i_14"
"ecc_exclusive_mul_reduce_datapath","LUT4","ecc_diag32_pipe_q[27]_i_15"
"ecc_exclusive_mul_reduce_datapath","LUT5","ecc_diag32_pipe_q[27]_i_16"
"ecc_exclusive_mul_reduce_datapath","LUT4","ecc_diag32_pipe_q[27]_i_17"
"ecc_exclusive_mul_reduce_datapath","LUT6","ecc_diag32_pipe_q[27]_i_2"
"ecc_exclusive_mul_reduce_datapath","LUT6","ecc_diag32_pipe_q[27]_i_3"
"ecc_exclusive_mul_reduce_datapath","LUT6","ecc_diag32_pipe_q[27]_i_4"
"ecc_exclusive_mul_reduce_datapath","LUT5","ecc_diag32_pipe_q[27]_i_5"
"ecc_exclusive_mul_reduce_datapath","LUT4","ecc_diag32_pipe_q[27]_i_6"
"ecc_exclusive_mul_reduce_datapath","LUT5","ecc_diag32_pipe_q[27]_i_7"
"ecc_exclusive_mul_reduce_datapath","LUT4","ecc_diag32_pipe_q[27]_i_8"
"ecc_exclusive_mul_reduce_datapath","LUT5","ecc_diag32_pipe_q[27]_i_9"
"ecc_exclusive_mul_reduce_datapath","LUT6","ecc_diag32_pipe_q[28]_i_1"
"ecc_exclusive_mul_reduce_datapath","LUT5","ecc_diag32_pipe_q[28]_i_10"
"ecc_exclusive_mul_reduce_datapath","LUT4","ecc_diag32_pipe_q[28]_i_11"
"ecc_exclusive_mul_reduce_datapath","LUT5","ecc_diag32_pipe_q[28]_i_12"
"ecc_exclusive_mul_reduce_datapath","LUT4","ecc_diag32_pipe_q[28]_i_13"
"ecc_exclusive_mul_reduce_datapath","LUT4","ecc_diag32_pipe_q[28]_i_14"
"ecc_exclusive_mul_reduce_datapath","LUT4","ecc_diag32_pipe_q[28]_i_15"
"ecc_exclusive_mul_reduce_datapath","LUT4","ecc_diag32_pipe_q[28]_i_16"
"ecc_exclusive_mul_reduce_datapath","LUT4","ecc_diag32_pipe_q[28]_i_17"
"ecc_exclusive_mul_reduce_datapath","LUT5","ecc_diag32_pipe_q[28]_i_2"
"ecc_exclusive_mul_reduce_datapath","LUT6","ecc_diag32_pipe_q[28]_i_3"
"ecc_exclusive_mul_reduce_datapath","LUT6","ecc_diag32_pipe_q[28]_i_4"
"ecc_exclusive_mul_reduce_datapath","LUT6","ecc_diag32_pipe_q[28]_i_5"
"ecc_exclusive_mul_reduce_datapath","LUT5","ecc_diag32_pipe_q[28]_i_6"
"ecc_exclusive_mul_reduce_datapath","LUT5","ecc_diag32_pipe_q[28]_i_7"
"ecc_exclusive_mul_reduce_datapath","LUT5","ecc_diag32_pipe_q[28]_i_8"
"ecc_exclusive_mul_reduce_datapath","LUT4","ecc_diag32_pipe_q[28]_i_9"
"ecc_exclusive_mul_reduce_datapath","LUT6","ecc_diag32_pipe_q[29]_i_1"
"ecc_exclusive_mul_reduce_datapath","LUT4","ecc_diag32_pipe_q[29]_i_10"
"ecc_exclusive_mul_reduce_datapath","LUT5","ecc_diag32_pipe_q[29]_i_11"
"ecc_exclusive_mul_reduce_datapath","LUT4","ecc_diag32_pipe_q[29]_i_12"
"ecc_exclusive_mul_reduce_datapath","LUT4","ecc_diag32_pipe_q[29]_i_13"
"ecc_exclusive_mul_reduce_datapath","LUT5","ecc_diag32_pipe_q[29]_i_14"
"ecc_exclusive_mul_reduce_datapath","LUT4","ecc_diag32_pipe_q[29]_i_15"
"ecc_exclusive_mul_reduce_datapath","LUT4","ecc_diag32_pipe_q[29]_i_16"
"ecc_exclusive_mul_reduce_datapath","LUT4","ecc_diag32_pipe_q[29]_i_17"
"ecc_exclusive_mul_reduce_datapath","LUT6","ecc_diag32_pipe_q[29]_i_2"
"ecc_exclusive_mul_reduce_datapath","LUT6","ecc_diag32_pipe_q[29]_i_3"
"ecc_exclusive_mul_reduce_datapath","LUT6","ecc_diag32_pipe_q[29]_i_4"
"ecc_exclusive_mul_reduce_datapath","LUT4","ecc_diag32_pipe_q[29]_i_5"
"ecc_exclusive_mul_reduce_datapath","LUT5","ecc_diag32_pipe_q[29]_i_6"
"ecc_exclusive_mul_reduce_datapath","LUT6","ecc_diag32_pipe_q[29]_i_7"
"ecc_exclusive_mul_reduce_datapath","LUT4","ecc_diag32_pipe_q[29]_i_8"
"ecc_exclusive_mul_reduce_datapath","LUT5","ecc_diag32_pipe_q[29]_i_9"
"ecc_exclusive_mul_reduce_datapath","LUT6","ecc_diag32_pipe_q[2]_i_1"
"ecc_exclusive_mul_reduce_datapath","LUT5","ecc_diag32_pipe_q[2]_i_10"
"ecc_exclusive_mul_reduce_datapath","LUT4","ecc_diag32_pipe_q[2]_i_11"
"ecc_exclusive_mul_reduce_datapath","LUT5","ecc_diag32_pipe_q[2]_i_12"
"ecc_exclusive_mul_reduce_datapath","LUT4","ecc_diag32_pipe_q[2]_i_13"
"ecc_exclusive_mul_reduce_datapath","LUT4","ecc_diag32_pipe_q[2]_i_14"
"ecc_exclusive_mul_reduce_datapath","LUT4","ecc_diag32_pipe_q[2]_i_15"
"ecc_exclusive_mul_reduce_datapath","LUT4","ecc_diag32_pipe_q[2]_i_16"
"ecc_exclusive_mul_reduce_datapath","LUT4","ecc_diag32_pipe_q[2]_i_17"
"ecc_exclusive_mul_reduce_datapath","LUT6","ecc_diag32_pipe_q[2]_i_2"
"ecc_exclusive_mul_reduce_datapath","LUT5","ecc_diag32_pipe_q[2]_i_3"
"ecc_exclusive_mul_reduce_datapath","LUT6","ecc_diag32_pipe_q[2]_i_4"
"ecc_exclusive_mul_reduce_datapath","LUT6","ecc_diag32_pipe_q[2]_i_5"
"ecc_exclusive_mul_reduce_datapath","LUT5","ecc_diag32_pipe_q[2]_i_6"
"ecc_exclusive_mul_reduce_datapath","LUT5","ecc_diag32_pipe_q[2]_i_7"
"ecc_exclusive_mul_reduce_datapath","LUT5","ecc_diag32_pipe_q[2]_i_8"
"ecc_exclusive_mul_reduce_datapath","LUT4","ecc_diag32_pipe_q[2]_i_9"
"ecc_exclusive_mul_reduce_datapath","LUT5","ecc_diag32_pipe_q[30]_i_1"
"ecc_exclusive_mul_reduce_datapath","LUT5","ecc_diag32_pipe_q[30]_i_10"
"ecc_exclusive_mul_reduce_datapath","LUT4","ecc_diag32_pipe_q[30]_i_11"
"ecc_exclusive_mul_reduce_datapath","LUT5","ecc_diag32_pipe_q[30]_i_12"
"ecc_exclusive_mul_reduce_datapath","LUT4","ecc_diag32_pipe_q[30]_i_13"
"ecc_exclusive_mul_reduce_datapath","LUT5","ecc_diag32_pipe_q[30]_i_14"
"ecc_exclusive_mul_reduce_datapath","LUT4","ecc_diag32_pipe_q[30]_i_15"
"ecc_exclusive_mul_reduce_datapath","LUT4","ecc_diag32_pipe_q[30]_i_16"
"ecc_exclusive_mul_reduce_datapath","LUT4","ecc_diag32_pipe_q[30]_i_17"
"ecc_exclusive_mul_reduce_datapath","LUT4","ecc_diag32_pipe_q[30]_i_2"
"ecc_exclusive_mul_reduce_datapath","LUT6","ecc_diag32_pipe_q[30]_i_3"
"ecc_exclusive_mul_reduce_datapath","LUT6","ecc_diag32_pipe_q[30]_i_4"
"ecc_exclusive_mul_reduce_datapath","LUT6","ecc_diag32_pipe_q[30]_i_5"
"ecc_exclusive_mul_reduce_datapath","LUT6","ecc_diag32_pipe_q[30]_i_6"
"ecc_exclusive_mul_reduce_datapath","LUT6","ecc_diag32_pipe_q[30]_i_7"
"ecc_exclusive_mul_reduce_datapath","LUT4","ecc_diag32_pipe_q[30]_i_8"
"ecc_exclusive_mul_reduce_datapath","LUT4","ecc_diag32_pipe_q[30]_i_9"
"ecc_exclusive_mul_reduce_datapath","LUT6","ecc_diag32_pipe_q[31]_i_1"
"ecc_exclusive_mul_reduce_datapath","LUT4","ecc_diag32_pipe_q[31]_i_10"
"ecc_exclusive_mul_reduce_datapath","LUT5","ecc_diag32_pipe_q[31]_i_11"
"ecc_exclusive_mul_reduce_datapath","LUT4","ecc_diag32_pipe_q[31]_i_12"
"ecc_exclusive_mul_reduce_datapath","LUT5","ecc_diag32_pipe_q[31]_i_13"
"ecc_exclusive_mul_reduce_datapath","LUT4","ecc_diag32_pipe_q[31]_i_14"
"ecc_exclusive_mul_reduce_datapath","LUT5","ecc_diag32_pipe_q[31]_i_15"
"ecc_exclusive_mul_reduce_datapath","LUT4","ecc_diag32_pipe_q[31]_i_16"
"ecc_exclusive_mul_reduce_datapath","LUT5","ecc_diag32_pipe_q[31]_i_17"
"ecc_exclusive_mul_reduce_datapath","LUT4","ecc_diag32_pipe_q[31]_i_18"
"ecc_exclusive_mul_reduce_datapath","LUT4","ecc_diag32_pipe_q[31]_i_19"
"ecc_exclusive_mul_reduce_datapath","LUT6","ecc_diag32_pipe_q[31]_i_2"
"ecc_exclusive_mul_reduce_datapath","LUT4","ecc_diag32_pipe_q[31]_i_20"
"ecc_exclusive_mul_reduce_datapath","LUT4","ecc_diag32_pipe_q[31]_i_21"
"ecc_exclusive_mul_reduce_datapath","LUT5","ecc_diag32_pipe_q[31]_i_3"
"ecc_exclusive_mul_reduce_datapath","LUT3","ecc_diag32_pipe_q[31]_i_4"
"ecc_exclusive_mul_reduce_datapath","LUT2","ecc_diag32_pipe_q[31]_i_5"
"ecc_exclusive_mul_reduce_datapath","LUT6","ecc_diag32_pipe_q[31]_i_6"
"ecc_exclusive_mul_reduce_datapath","LUT6","ecc_diag32_pipe_q[31]_i_7"
"ecc_exclusive_mul_reduce_datapath","LUT6","ecc_diag32_pipe_q[31]_i_8"
"ecc_exclusive_mul_reduce_datapath","LUT6","ecc_diag32_pipe_q[31]_i_9"
"ecc_exclusive_mul_reduce_datapath","LUT6","ecc_diag32_pipe_q[3]_i_1"
"ecc_exclusive_mul_reduce_datapath","LUT5","ecc_diag32_pipe_q[3]_i_10"
"ecc_exclusive_mul_reduce_datapath","LUT4","ecc_diag32_pipe_q[3]_i_11"
"ecc_exclusive_mul_reduce_datapath","LUT6","ecc_diag32_pipe_q[3]_i_12"
"ecc_exclusive_mul_reduce_datapath","LUT4","ecc_diag32_pipe_q[3]_i_13"
"ecc_exclusive_mul_reduce_datapath","LUT4","ecc_diag32_pipe_q[3]_i_14"
"ecc_exclusive_mul_reduce_datapath","LUT4","ecc_diag32_pipe_q[3]_i_15"
"ecc_exclusive_mul_reduce_datapath","LUT5","ecc_diag32_pipe_q[3]_i_16"
"ecc_exclusive_mul_reduce_datapath","LUT4","ecc_diag32_pipe_q[3]_i_17"
"ecc_exclusive_mul_reduce_datapath","LUT5","ecc_diag32_pipe_q[3]_i_2"
"ecc_exclusive_mul_reduce_datapath","LUT6","ecc_diag32_pipe_q[3]_i_3"
"ecc_exclusive_mul_reduce_datapath","LUT6","ecc_diag32_pipe_q[3]_i_4"
"ecc_exclusive_mul_reduce_datapath","LUT6","ecc_diag32_pipe_q[3]_i_5"
"ecc_exclusive_mul_reduce_datapath","LUT4","ecc_diag32_pipe_q[3]_i_6"
"ecc_exclusive_mul_reduce_datapath","LUT4","ecc_diag32_pipe_q[3]_i_7"
"ecc_exclusive_mul_reduce_datapath","LUT5","ecc_diag32_pipe_q[3]_i_8"
"ecc_exclusive_mul_reduce_datapath","LUT4","ecc_diag32_pipe_q[3]_i_9"
"ecc_exclusive_mul_reduce_datapath","LUT6","ecc_diag32_pipe_q[4]_i_1"
"ecc_exclusive_mul_reduce_datapath","LUT4","ecc_diag32_pipe_q[4]_i_10"
"ecc_exclusive_mul_reduce_datapath","LUT5","ecc_diag32_pipe_q[4]_i_11"
"ecc_exclusive_mul_reduce_datapath","LUT4","ecc_diag32_pipe_q[4]_i_12"
"ecc_exclusive_mul_reduce_datapath","LUT6","ecc_diag32_pipe_q[4]_i_13"
"ecc_exclusive_mul_reduce_datapath","LUT4","ecc_diag32_pipe_q[4]_i_14"
"ecc_exclusive_mul_reduce_datapath","LUT4","ecc_diag32_pipe_q[4]_i_15"
"ecc_exclusive_mul_reduce_datapath","LUT4","ecc_diag32_pipe_q[4]_i_16"
"ecc_exclusive_mul_reduce_datapath","LUT6","ecc_diag32_pipe_q[4]_i_17"
"ecc_exclusive_mul_reduce_datapath","LUT4","ecc_diag32_pipe_q[4]_i_2"
"ecc_exclusive_mul_reduce_datapath","LUT6","ecc_diag32_pipe_q[4]_i_3"
"ecc_exclusive_mul_reduce_datapath","LUT6","ecc_diag32_pipe_q[4]_i_4"
"ecc_exclusive_mul_reduce_datapath","LUT6","ecc_diag32_pipe_q[4]_i_5"
"ecc_exclusive_mul_reduce_datapath","LUT4","ecc_diag32_pipe_q[4]_i_6"
"ecc_exclusive_mul_reduce_datapath","LUT4","ecc_diag32_pipe_q[4]_i_7"
"ecc_exclusive_mul_reduce_datapath","LUT4","ecc_diag32_pipe_q[4]_i_8"
"ecc_exclusive_mul_reduce_datapath","LUT5","ecc_diag32_pipe_q[4]_i_9"
"ecc_exclusive_mul_reduce_datapath","LUT6","ecc_diag32_pipe_q[5]_i_1"
"ecc_exclusive_mul_reduce_datapath","LUT4","ecc_diag32_pipe_q[5]_i_10"
"ecc_exclusive_mul_reduce_datapath","LUT5","ecc_diag32_pipe_q[5]_i_11"
"ecc_exclusive_mul_reduce_datapath","LUT4","ecc_diag32_pipe_q[5]_i_12"
"ecc_exclusive_mul_reduce_datapath","LUT5","ecc_diag32_pipe_q[5]_i_13"
"ecc_exclusive_mul_reduce_datapath","LUT4","ecc_diag32_pipe_q[5]_i_14"
"ecc_exclusive_mul_reduce_datapath","LUT4","ecc_diag32_pipe_q[5]_i_15"
"ecc_exclusive_mul_reduce_datapath","LUT4","ecc_diag32_pipe_q[5]_i_16"
"ecc_exclusive_mul_reduce_datapath","LUT4","ecc_diag32_pipe_q[5]_i_17"
"ecc_exclusive_mul_reduce_datapath","LUT6","ecc_diag32_pipe_q[5]_i_2"
"ecc_exclusive_mul_reduce_datapath","LUT6","ecc_diag32_pipe_q[5]_i_3"
"ecc_exclusive_mul_reduce_datapath","LUT6","ecc_diag32_pipe_q[5]_i_4"
"ecc_exclusive_mul_reduce_datapath","LUT6","ecc_diag32_pipe_q[5]_i_5"
"ecc_exclusive_mul_reduce_datapath","LUT4","ecc_diag32_pipe_q[5]_i_6"
"ecc_exclusive_mul_reduce_datapath","LUT4","ecc_diag32_pipe_q[5]_i_7"
"ecc_exclusive_mul_reduce_datapath","LUT5","ecc_diag32_pipe_q[5]_i_8"
"ecc_exclusive_mul_reduce_datapath","LUT5","ecc_diag32_pipe_q[5]_i_9"
"ecc_exclusive_mul_reduce_datapath","LUT6","ecc_diag32_pipe_q[6]_i_1"
"ecc_exclusive_mul_reduce_datapath","LUT4","ecc_diag32_pipe_q[6]_i_10"
"ecc_exclusive_mul_reduce_datapath","LUT4","ecc_diag32_pipe_q[6]_i_11"
"ecc_exclusive_mul_reduce_datapath","LUT4","ecc_diag32_pipe_q[6]_i_12"
"ecc_exclusive_mul_reduce_datapath","LUT5","ecc_diag32_pipe_q[6]_i_13"
"ecc_exclusive_mul_reduce_datapath","LUT4","ecc_diag32_pipe_q[6]_i_14"
"ecc_exclusive_mul_reduce_datapath","LUT5","ecc_diag32_pipe_q[6]_i_15"
"ecc_exclusive_mul_reduce_datapath","LUT4","ecc_diag32_pipe_q[6]_i_16"
"ecc_exclusive_mul_reduce_datapath","LUT4","ecc_diag32_pipe_q[6]_i_17"
"ecc_exclusive_mul_reduce_datapath","LUT6","ecc_diag32_pipe_q[6]_i_2"
"ecc_exclusive_mul_reduce_datapath","LUT6","ecc_diag32_pipe_q[6]_i_3"
"ecc_exclusive_mul_reduce_datapath","LUT6","ecc_diag32_pipe_q[6]_i_4"
"ecc_exclusive_mul_reduce_datapath","LUT6","ecc_diag32_pipe_q[6]_i_5"
"ecc_exclusive_mul_reduce_datapath","LUT6","ecc_diag32_pipe_q[6]_i_6"
"ecc_exclusive_mul_reduce_datapath","LUT4","ecc_diag32_pipe_q[6]_i_7"
"ecc_exclusive_mul_reduce_datapath","LUT4","ecc_diag32_pipe_q[6]_i_8"
"ecc_exclusive_mul_reduce_datapath","LUT4","ecc_diag32_pipe_q[6]_i_9"
"ecc_exclusive_mul_reduce_datapath","LUT5","ecc_diag32_pipe_q[7]_i_1"
"ecc_exclusive_mul_reduce_datapath","LUT6","ecc_diag32_pipe_q[7]_i_10"
"ecc_exclusive_mul_reduce_datapath","LUT4","ecc_diag32_pipe_q[7]_i_11"
"ecc_exclusive_mul_reduce_datapath","LUT4","ecc_diag32_pipe_q[7]_i_12"
"ecc_exclusive_mul_reduce_datapath","LUT5","ecc_diag32_pipe_q[7]_i_13"
"ecc_exclusive_mul_reduce_datapath","LUT4","ecc_diag32_pipe_q[7]_i_14"
"ecc_exclusive_mul_reduce_datapath","LUT5","ecc_diag32_pipe_q[7]_i_15"
"ecc_exclusive_mul_reduce_datapath","LUT4","ecc_diag32_pipe_q[7]_i_16"
"ecc_exclusive_mul_reduce_datapath","LUT4","ecc_diag32_pipe_q[7]_i_17"
"ecc_exclusive_mul_reduce_datapath","LUT6","ecc_diag32_pipe_q[7]_i_2"
"ecc_exclusive_mul_reduce_datapath","LUT6","ecc_diag32_pipe_q[7]_i_3"
"ecc_exclusive_mul_reduce_datapath","LUT6","ecc_diag32_pipe_q[7]_i_4"
"ecc_exclusive_mul_reduce_datapath","LUT4","ecc_diag32_pipe_q[7]_i_5"
"ecc_exclusive_mul_reduce_datapath","LUT5","ecc_diag32_pipe_q[7]_i_6"
"ecc_exclusive_mul_reduce_datapath","LUT4","ecc_diag32_pipe_q[7]_i_7"
"ecc_exclusive_mul_reduce_datapath","LUT6","ecc_diag32_pipe_q[7]_i_8"
"ecc_exclusive_mul_reduce_datapath","LUT4","ecc_diag32_pipe_q[7]_i_9"
"ecc_exclusive_mul_reduce_datapath","LUT6","ecc_diag32_pipe_q[8]_i_1"
"ecc_exclusive_mul_reduce_datapath","LUT4","ecc_diag32_pipe_q[8]_i_10"
"ecc_exclusive_mul_reduce_datapath","LUT5","ecc_diag32_pipe_q[8]_i_11"
"ecc_exclusive_mul_reduce_datapath","LUT4","ecc_diag32_pipe_q[8]_i_12"
"ecc_exclusive_mul_reduce_datapath","LUT5","ecc_diag32_pipe_q[8]_i_13"
"ecc_exclusive_mul_reduce_datapath","LUT6","ecc_diag32_pipe_q[8]_i_14"
"ecc_exclusive_mul_reduce_datapath","LUT4","ecc_diag32_pipe_q[8]_i_15"
"ecc_exclusive_mul_reduce_datapath","LUT4","ecc_diag32_pipe_q[8]_i_16"
"ecc_exclusive_mul_reduce_datapath","LUT4","ecc_diag32_pipe_q[8]_i_17"
"ecc_exclusive_mul_reduce_datapath","LUT6","ecc_diag32_pipe_q[8]_i_2"
"ecc_exclusive_mul_reduce_datapath","LUT6","ecc_diag32_pipe_q[8]_i_3"
"ecc_exclusive_mul_reduce_datapath","LUT6","ecc_diag32_pipe_q[8]_i_4"
"ecc_exclusive_mul_reduce_datapath","LUT6","ecc_diag32_pipe_q[8]_i_5"
"ecc_exclusive_mul_reduce_datapath","LUT4","ecc_diag32_pipe_q[8]_i_6"
"ecc_exclusive_mul_reduce_datapath","LUT4","ecc_diag32_pipe_q[8]_i_7"
"ecc_exclusive_mul_reduce_datapath","LUT4","ecc_diag32_pipe_q[8]_i_8"
"ecc_exclusive_mul_reduce_datapath","LUT4","ecc_diag32_pipe_q[8]_i_9"
"ecc_exclusive_mul_reduce_datapath","LUT6","ecc_diag32_pipe_q[9]_i_1"
"ecc_exclusive_mul_reduce_datapath","LUT4","ecc_diag32_pipe_q[9]_i_10"
"ecc_exclusive_mul_reduce_datapath","LUT5","ecc_diag32_pipe_q[9]_i_11"
"ecc_exclusive_mul_reduce_datapath","LUT4","ecc_diag32_pipe_q[9]_i_12"
"ecc_exclusive_mul_reduce_datapath","LUT4","ecc_diag32_pipe_q[9]_i_13"
"ecc_exclusive_mul_reduce_datapath","LUT4","ecc_diag32_pipe_q[9]_i_14"
"ecc_exclusive_mul_reduce_datapath","LUT4","ecc_diag32_pipe_q[9]_i_15"
"ecc_exclusive_mul_reduce_datapath","LUT4","ecc_diag32_pipe_q[9]_i_16"
"ecc_exclusive_mul_reduce_datapath","LUT4","ecc_diag32_pipe_q[9]_i_17"
"ecc_exclusive_mul_reduce_datapath","LUT6","ecc_diag32_pipe_q[9]_i_2"
"ecc_exclusive_mul_reduce_datapath","LUT6","ecc_diag32_pipe_q[9]_i_3"
"ecc_exclusive_mul_reduce_datapath","LUT6","ecc_diag32_pipe_q[9]_i_4"
"ecc_exclusive_mul_reduce_datapath","LUT6","ecc_diag32_pipe_q[9]_i_5"
"ecc_exclusive_mul_reduce_datapath","LUT5","ecc_diag32_pipe_q[9]_i_6"
"ecc_exclusive_mul_reduce_datapath","LUT5","ecc_diag32_pipe_q[9]_i_7"
"ecc_exclusive_mul_reduce_datapath","LUT4","ecc_diag32_pipe_q[9]_i_8"
"ecc_exclusive_mul_reduce_datapath","LUT5","ecc_diag32_pipe_q[9]_i_9"
"ecc_exclusive_mul_reduce_datapath","FDCE","ecc_diag32_pipe_q_reg[0]"
"ecc_exclusive_mul_reduce_datapath","FDCE","ecc_diag32_pipe_q_reg[10]"
"ecc_exclusive_mul_reduce_datapath","FDCE","ecc_diag32_pipe_q_reg[11]"
"ecc_exclusive_mul_reduce_datapath","FDCE","ecc_diag32_pipe_q_reg[12]"
"ecc_exclusive_mul_reduce_datapath","FDCE","ecc_diag32_pipe_q_reg[13]"
"ecc_exclusive_mul_reduce_datapath","FDCE","ecc_diag32_pipe_q_reg[14]"
"ecc_exclusive_mul_reduce_datapath","FDCE","ecc_diag32_pipe_q_reg[15]"
"ecc_exclusive_mul_reduce_datapath","FDCE","ecc_diag32_pipe_q_reg[16]"
"ecc_exclusive_mul_reduce_datapath","FDCE","ecc_diag32_pipe_q_reg[17]"
"ecc_exclusive_mul_reduce_datapath","FDCE","ecc_diag32_pipe_q_reg[18]"
"ecc_exclusive_mul_reduce_datapath","FDCE","ecc_diag32_pipe_q_reg[19]"
"ecc_exclusive_mul_reduce_datapath","FDCE","ecc_diag32_pipe_q_reg[1]"
"ecc_exclusive_mul_reduce_datapath","FDCE","ecc_diag32_pipe_q_reg[20]"
"ecc_exclusive_mul_reduce_datapath","FDCE","ecc_diag32_pipe_q_reg[21]"
"ecc_exclusive_mul_reduce_datapath","FDCE","ecc_diag32_pipe_q_reg[22]"
"ecc_exclusive_mul_reduce_datapath","FDCE","ecc_diag32_pipe_q_reg[23]"
"ecc_exclusive_mul_reduce_datapath","FDCE","ecc_diag32_pipe_q_reg[24]"
"ecc_exclusive_mul_reduce_datapath","FDCE","ecc_diag32_pipe_q_reg[25]"
"ecc_exclusive_mul_reduce_datapath","FDCE","ecc_diag32_pipe_q_reg[26]"
"ecc_exclusive_mul_reduce_datapath","FDCE","ecc_diag32_pipe_q_reg[27]"
"ecc_exclusive_mul_reduce_datapath","FDCE","ecc_diag32_pipe_q_reg[28]"
"ecc_exclusive_mul_reduce_datapath","FDCE","ecc_diag32_pipe_q_reg[29]"
"ecc_exclusive_mul_reduce_datapath","FDCE","ecc_diag32_pipe_q_reg[2]"
"ecc_exclusive_mul_reduce_datapath","FDCE","ecc_diag32_pipe_q_reg[30]"
"ecc_exclusive_mul_reduce_datapath","FDCE","ecc_diag32_pipe_q_reg[31]"
"ecc_exclusive_mul_reduce_datapath","FDCE","ecc_diag32_pipe_q_reg[3]"
"ecc_exclusive_mul_reduce_datapath","FDCE","ecc_diag32_pipe_q_reg[4]"
"ecc_exclusive_mul_reduce_datapath","FDCE","ecc_diag32_pipe_q_reg[5]"
"ecc_exclusive_mul_reduce_datapath","FDCE","ecc_diag32_pipe_q_reg[6]"
"ecc_exclusive_mul_reduce_datapath","FDCE","ecc_diag32_pipe_q_reg[7]"
"ecc_exclusive_mul_reduce_datapath","FDCE","ecc_diag32_pipe_q_reg[8]"
"ecc_exclusive_mul_reduce_datapath","FDCE","ecc_diag32_pipe_q_reg[9]"
"ecc_exclusive_mul_reduce_datapath","LUT6","ecc_diag_bg_state_q[0]_i_1"
"ecc_exclusive_mul_reduce_datapath","LUT5","ecc_diag_bg_state_q[0]_i_2"
"ecc_exclusive_mul_reduce_datapath","LUT6","ecc_diag_bg_state_q[0]_i_4"
"ecc_exclusive_mul_reduce_datapath","LUT6","ecc_diag_bg_state_q[0]_i_5"
"ecc_exclusive_mul_reduce_datapath","LUT3","ecc_diag_bg_state_q[0]_i_6"
"ecc_exclusive_mul_reduce_datapath","LUT5","ecc_diag_bg_state_q[1]_i_1"
"ecc_exclusive_mul_reduce_datapath","LUT5","ecc_diag_bg_state_q[1]_i_2"
"ecc_exclusive_mul_reduce_datapath","FDCE","ecc_diag_bg_state_q_reg[0]"
"ecc_exclusive_mul_reduce_datapath","FDCE","ecc_diag_bg_state_q_reg[1]"
"ecc_exclusive_mul_reduce_datapath","LUT3","ecc_diag_slot_q_i_1"
"ecc_exclusive_mul_reduce_datapath","FDCE","ecc_diag_slot_q_reg"
"ecc_exclusive_mul_reduce_datapath","LUT6","ecc_dst_q[0]_i_1"
"ecc_exclusive_mul_reduce_datapath","LUT6","ecc_dst_q[1]_i_1"
"ecc_exclusive_mul_reduce_datapath","LUT6","ecc_dst_q[1]_i_2"
"ecc_exclusive_mul_reduce_datapath","LUT2","ecc_dst_q[1]_i_4"
"ecc_exclusive_mul_reduce_datapath","LUT5","ecc_dst_q[1]_i_5"
"ecc_exclusive_mul_reduce_datapath","LUT6","ecc_dst_q[1]_i_6"
"ecc_exclusive_mul_reduce_datapath","LUT6","ecc_dst_q[2]_i_1"
"ecc_exclusive_mul_reduce_datapath","LUT5","ecc_dst_q[2]_i_4"
"ecc_exclusive_mul_reduce_datapath","LUT6","ecc_dst_q[2]_i_5"
"ecc_exclusive_mul_reduce_datapath","LUT5","ecc_dst_q[3]_i_1"
"ecc_exclusive_mul_reduce_datapath","LUT6","ecc_dst_q[3]_i_2"
"ecc_exclusive_mul_reduce_datapath","LUT6","ecc_dst_q[3]_i_4"
"ecc_exclusive_mul_reduce_datapath","LUT6","ecc_dst_q[3]_i_5"
"ecc_exclusive_mul_reduce_datapath","LUT6","ecc_dst_q[4]_i_1"
"ecc_exclusive_mul_reduce_datapath","LUT6","ecc_dst_q[4]_i_2"
"ecc_exclusive_mul_reduce_datapath","LUT3","ecc_dst_q[4]_i_3"
"ecc_exclusive_mul_reduce_datapath","LUT6","ecc_dst_q[4]_i_5"
"ecc_exclusive_mul_reduce_datapath","LUT5","ecc_dst_q[4]_i_6"
"ecc_exclusive_mul_reduce_datapath","LUT6","ecc_dst_q[5]_i_1"
"ecc_exclusive_mul_reduce_datapath","LUT6","ecc_dst_q[5]_i_2"
"ecc_exclusive_mul_reduce_datapath","LUT2","ecc_dst_q[5]_i_3"
"ecc_exclusive_mul_reduce_datapath","FDCE","ecc_dst_q_reg[0]"
"ecc_exclusive_mul_reduce_datapath","FDCE","ecc_dst_q_reg[1]"
"ecc_exclusive_mul_reduce_datapath","FDCE","ecc_dst_q_reg[2]"
"ecc_exclusive_mul_reduce_datapath","MUXF7","ecc_dst_q_reg[2]_i_2"
"ecc_exclusive_mul_reduce_datapath","FDCE","ecc_dst_q_reg[3]"
"ecc_exclusive_mul_reduce_datapath","FDCE","ecc_dst_q_reg[4]"
"ecc_exclusive_mul_reduce_datapath","FDCE","ecc_dst_q_reg[5]"
"ecc_exclusive_mul_reduce_datapath","LUT6","ecc_fold_word_q[0]_i_1"
"ecc_exclusive_mul_reduce_datapath","LUT6","ecc_fold_word_q[1]_i_1"
"ecc_exclusive_mul_reduce_datapath","LUT4","ecc_fold_word_q[1]_i_2"
"ecc_exclusive_mul_reduce_datapath","LUT6","ecc_fold_word_q[1]_i_3"
"ecc_exclusive_mul_reduce_datapath","LUT3","ecc_fold_word_q[1]_i_4"
"ecc_exclusive_mul_reduce_datapath","LUT3","ecc_fold_word_q[1]_i_6"
"ecc_exclusive_mul_reduce_datapath","FDCE","ecc_fold_word_q_reg[0]"
"ecc_exclusive_mul_reduce_datapath","FDCE","ecc_fold_word_q_reg[1]"
"ecc_exclusive_inv_pmul_schedule","LUT3","ecc_inv_step_q[0]_i_1"
"ecc_exclusive_inv_pmul_schedule","LUT4","ecc_inv_step_q[1]_i_1"
"ecc_exclusive_inv_pmul_schedule","LUT5","ecc_inv_step_q[2]_i_1"
"ecc_exclusive_inv_pmul_schedule","LUT6","ecc_inv_step_q[3]_i_1"
"ecc_exclusive_inv_pmul_schedule","LUT6","ecc_inv_step_q[3]_i_2"
"ecc_exclusive_inv_pmul_schedule","LUT6","ecc_inv_step_q[3]_i_3"
"ecc_exclusive_inv_pmul_schedule","LUT2","ecc_inv_step_q[3]_i_4"
"ecc_exclusive_inv_pmul_schedule","LUT2","ecc_inv_step_q[3]_i_5"
"ecc_exclusive_inv_pmul_schedule","LUT4","ecc_inv_step_q[3]_i_6"
"ecc_exclusive_inv_pmul_schedule","FDCE","ecc_inv_step_q_reg[0]"
"ecc_exclusive_inv_pmul_schedule","FDCE","ecc_inv_step_q_reg[1]"
"ecc_exclusive_inv_pmul_schedule","FDCE","ecc_inv_step_q_reg[2]"
"ecc_exclusive_inv_pmul_schedule","FDCE","ecc_inv_step_q_reg[3]"
"ecc_exclusive_inv_pmul_schedule","LUT5","ecc_job_active_q_i_1"
"ecc_exclusive_inv_pmul_schedule","LUT6","ecc_job_active_q_i_2"
"ecc_exclusive_inv_pmul_schedule","LUT2","ecc_job_active_q_i_3"
"ecc_exclusive_inv_pmul_schedule","FDCE","ecc_job_active_q_reg"
"ecc_exclusive_inv_pmul_schedule","LUT5","ecc_job_bg_q_i_1"
"ecc_exclusive_inv_pmul_schedule","LUT6","ecc_job_bg_q_i_2"
"ecc_exclusive_inv_pmul_schedule","FDCE","ecc_job_bg_q_reg"
"ecc_exclusive_inv_pmul_schedule","LUT6","ecc_job_copy_dst_q[0]_i_1"
"ecc_exclusive_inv_pmul_schedule","LUT2","ecc_job_copy_dst_q[0]_i_2"
"ecc_exclusive_inv_pmul_schedule","LUT6","ecc_job_copy_dst_q[0]_i_4"
"ecc_exclusive_inv_pmul_schedule","LUT2","ecc_job_copy_dst_q[0]_i_5"
"ecc_exclusive_inv_pmul_schedule","LUT6","ecc_job_copy_dst_q[1]_i_1"
"ecc_exclusive_inv_pmul_schedule","LUT6","ecc_job_copy_dst_q[1]_i_2"
"ecc_exclusive_inv_pmul_schedule","LUT5","ecc_job_copy_dst_q[1]_i_3"
"ecc_exclusive_inv_pmul_schedule","LUT5","ecc_job_copy_dst_q[2]_i_1"
"ecc_exclusive_inv_pmul_schedule","LUT6","ecc_job_copy_dst_q[2]_i_2"
"ecc_exclusive_inv_pmul_schedule","LUT6","ecc_job_copy_dst_q[2]_i_3"
"ecc_exclusive_inv_pmul_schedule","LUT6","ecc_job_copy_dst_q[3]_i_1"
"ecc_exclusive_inv_pmul_schedule","LUT5","ecc_job_copy_dst_q[3]_i_3"
"ecc_exclusive_inv_pmul_schedule","LUT6","ecc_job_copy_dst_q[3]_i_4"
"ecc_exclusive_inv_pmul_schedule","LUT5","ecc_job_copy_dst_q[4]_i_2"
"ecc_exclusive_inv_pmul_schedule","LUT6","ecc_job_copy_dst_q[4]_i_3"
"ecc_exclusive_inv_pmul_schedule","LUT5","ecc_job_copy_dst_q[5]_i_1"
"ecc_exclusive_inv_pmul_schedule","LUT5","ecc_job_copy_dst_q[5]_i_2"
"ecc_exclusive_inv_pmul_schedule","LUT6","ecc_job_copy_dst_q[5]_i_3"
"ecc_exclusive_inv_pmul_schedule","LUT5","ecc_job_copy_dst_q[5]_i_4"
"ecc_exclusive_inv_pmul_schedule","LUT6","ecc_job_copy_dst_q[5]_i_5"
"ecc_exclusive_inv_pmul_schedule","LUT5","ecc_job_copy_dst_q[5]_i_6"
"ecc_exclusive_inv_pmul_schedule","LUT6","ecc_job_copy_dst_q[5]_i_8"
"ecc_exclusive_inv_pmul_schedule","FDCE","ecc_job_copy_dst_q_reg[0]"
"ecc_exclusive_inv_pmul_schedule","FDCE","ecc_job_copy_dst_q_reg[1]"
"ecc_exclusive_inv_pmul_schedule","FDCE","ecc_job_copy_dst_q_reg[2]"
"ecc_exclusive_inv_pmul_schedule","FDCE","ecc_job_copy_dst_q_reg[3]"
"ecc_exclusive_inv_pmul_schedule","MUXF7","ecc_job_copy_dst_q_reg[3]_i_2"
"ecc_exclusive_inv_pmul_schedule","FDCE","ecc_job_copy_dst_q_reg[4]"
"ecc_exclusive_inv_pmul_schedule","MUXF7","ecc_job_copy_dst_q_reg[4]_i_1"
"ecc_exclusive_inv_pmul_schedule","FDCE","ecc_job_copy_dst_q_reg[5]"
"ecc_exclusive_inv_pmul_schedule","LUT6","ecc_job_done_q_i_1"
"ecc_exclusive_inv_pmul_schedule","FDCE","ecc_job_done_q_reg"
"ecc_exclusive_inv_pmul_schedule","LUT2","ecc_job_dst_q[0]_i_1"
"ecc_exclusive_inv_pmul_schedule","LUT2","ecc_job_dst_q[1]_i_1"
"ecc_exclusive_inv_pmul_schedule","LUT2","ecc_job_dst_q[2]_i_1"
"ecc_exclusive_inv_pmul_schedule","LUT2","ecc_job_dst_q[3]_i_1"
"ecc_exclusive_inv_pmul_schedule","LUT2","ecc_job_dst_q[4]_i_1"
"ecc_exclusive_inv_pmul_schedule","LUT6","ecc_job_dst_q[5]_i_1"
"ecc_exclusive_inv_pmul_schedule","LUT2","ecc_job_dst_q[5]_i_2"
"ecc_exclusive_inv_pmul_schedule","LUT2","ecc_job_dst_q[5]_i_3"
"ecc_exclusive_inv_pmul_schedule","LUT2","ecc_job_dst_q[5]_i_4"
"ecc_exclusive_inv_pmul_schedule","FDCE","ecc_job_dst_q_reg[0]"
"ecc_exclusive_inv_pmul_schedule","FDCE","ecc_job_dst_q_reg[1]"
"ecc_exclusive_inv_pmul_schedule","FDCE","ecc_job_dst_q_reg[2]"
"ecc_exclusive_inv_pmul_schedule","FDCE","ecc_job_dst_q_reg[3]"
"ecc_exclusive_inv_pmul_schedule","FDCE","ecc_job_dst_q_reg[4]"
"ecc_exclusive_inv_pmul_schedule","FDCE","ecc_job_dst_q_reg[5]"
"ecc_exclusive_inv_pmul_schedule","LUT6","ecc_job_kind_q[1]_i_1"
"ecc_exclusive_inv_pmul_schedule","FDCE","ecc_job_kind_q_reg[1]"
"ecc_exclusive_inv_pmul_schedule","LUT6","ecc_job_phase_q[0]_i_1"
"ecc_exclusive_inv_pmul_schedule","LUT6","ecc_job_phase_q[0]_i_2"
"ecc_exclusive_inv_pmul_schedule","LUT6","ecc_job_phase_q[0]_i_3"
"ecc_exclusive_inv_pmul_schedule","LUT6","ecc_job_phase_q[0]_i_4"
"ecc_exclusive_inv_pmul_schedule","LUT6","ecc_job_phase_q[0]_i_5"
"ecc_exclusive_inv_pmul_schedule","LUT6","ecc_job_phase_q[1]_i_1"
"ecc_exclusive_inv_pmul_schedule","LUT6","ecc_job_phase_q[1]_i_2"
"ecc_exclusive_inv_pmul_schedule","LUT2","ecc_job_phase_q[1]_i_3"
"ecc_exclusive_inv_pmul_schedule","LUT6","ecc_job_phase_q[1]_i_4"
"ecc_exclusive_inv_pmul_schedule","LUT2","ecc_job_phase_q[1]_i_5"
"ecc_exclusive_inv_pmul_schedule","LUT4","ecc_job_phase_q[1]_i_6"
"ecc_exclusive_inv_pmul_schedule","LUT6","ecc_job_phase_q[1]_i_7"
"ecc_exclusive_inv_pmul_schedule","LUT2","ecc_job_phase_q[1]_i_8"
"ecc_exclusive_inv_pmul_schedule","LUT6","ecc_job_phase_q[2]_i_1"
"ecc_exclusive_inv_pmul_schedule","LUT3","ecc_job_phase_q[2]_i_10"
"ecc_exclusive_inv_pmul_schedule","LUT2","ecc_job_phase_q[2]_i_11"
"ecc_exclusive_inv_pmul_schedule","LUT6","ecc_job_phase_q[2]_i_12"
"ecc_exclusive_inv_pmul_schedule","LUT5","ecc_job_phase_q[2]_i_2"
"ecc_exclusive_inv_pmul_schedule","LUT5","ecc_job_phase_q[2]_i_3"
"ecc_exclusive_inv_pmul_schedule","LUT6","ecc_job_phase_q[2]_i_4"
"ecc_exclusive_inv_pmul_schedule","LUT6","ecc_job_phase_q[2]_i_5"
"ecc_exclusive_inv_pmul_schedule","LUT6","ecc_job_phase_q[2]_i_6"
"ecc_exclusive_inv_pmul_schedule","LUT6","ecc_job_phase_q[2]_i_7"
"ecc_exclusive_inv_pmul_schedule","LUT6","ecc_job_phase_q[2]_i_8"
"ecc_exclusive_inv_pmul_schedule","LUT4","ecc_job_phase_q[2]_i_9"
"ecc_exclusive_inv_pmul_schedule","FDCE","ecc_job_phase_q_reg[0]"
"ecc_exclusive_inv_pmul_schedule","FDCE","ecc_job_phase_q_reg[1]"
"ecc_exclusive_inv_pmul_schedule","FDCE","ecc_job_phase_q_reg[2]"
"ecc_exclusive_inv_pmul_schedule","LUT2","ecc_job_src_q[0]_i_1"
"ecc_exclusive_inv_pmul_schedule","LUT2","ecc_job_src_q[1]_i_1"
"ecc_exclusive_inv_pmul_schedule","LUT2","ecc_job_src_q[2]_i_1"
"ecc_exclusive_inv_pmul_schedule","LUT2","ecc_job_src_q[3]_i_1"
"ecc_exclusive_inv_pmul_schedule","LUT2","ecc_job_src_q[4]_i_1"
"ecc_exclusive_inv_pmul_schedule","LUT2","ecc_job_src_q[5]_i_1"
"ecc_exclusive_inv_pmul_schedule","FDCE","ecc_job_src_q_reg[0]"
"ecc_exclusive_inv_pmul_schedule","FDCE","ecc_job_src_q_reg[1]"
"ecc_exclusive_inv_pmul_schedule","FDCE","ecc_job_src_q_reg[2]"
"ecc_exclusive_inv_pmul_schedule","FDCE","ecc_job_src_q_reg[3]"
"ecc_exclusive_inv_pmul_schedule","FDCE","ecc_job_src_q_reg[4]"
"ecc_exclusive_inv_pmul_schedule","FDCE","ecc_job_src_q_reg[5]"
"ecc_exclusive_mul_reduce_datapath","LUT4","ecc_kpd64_sub_q[0]_i_1"
"ecc_exclusive_mul_reduce_datapath","LUT6","ecc_kpd64_sub_q[1]_i_1"
"ecc_exclusive_mul_reduce_datapath","LUT5","ecc_kpd64_sub_q[1]_i_2"
"ecc_exclusive_mul_reduce_datapath","LUT5","ecc_kpd64_sub_q[1]_i_3"
"ecc_exclusive_mul_reduce_datapath","LUT3","ecc_kpd64_sub_q[1]_i_4"
"ecc_exclusive_mul_reduce_datapath","LUT5","ecc_kpd64_sub_q[1]_i_5"
"ecc_exclusive_mul_reduce_datapath","LUT4","ecc_kpd64_sub_q[1]_i_6"
"ecc_exclusive_mul_reduce_datapath","LUT4","ecc_kpd64_sub_q[1]_i_7"
"ecc_exclusive_mul_reduce_datapath","FDCE","ecc_kpd64_sub_q_reg[0]"
"ecc_exclusive_mul_reduce_datapath","FDCE","ecc_kpd64_sub_q_reg[1]"
"ecc_exclusive_mul_reduce_datapath","LUT6","ecc_leaf128_prod_q[0]_i_1"
"ecc_exclusive_mul_reduce_datapath","LUT4","ecc_leaf128_prod_q[0]_i_2"
"ecc_exclusive_mul_reduce_datapath","LUT6","ecc_leaf128_prod_q[100]_i_1"
"ecc_exclusive_mul_reduce_datapath","LUT4","ecc_leaf128_prod_q[100]_i_2"
"ecc_exclusive_mul_reduce_datapath","LUT6","ecc_leaf128_prod_q[101]_i_1"
"ecc_exclusive_mul_reduce_datapath","LUT4","ecc_leaf128_prod_q[101]_i_2"
"ecc_exclusive_mul_reduce_datapath","LUT6","ecc_leaf128_prod_q[102]_i_1"
"ecc_exclusive_mul_reduce_datapath","LUT4","ecc_leaf128_prod_q[102]_i_2"
"ecc_exclusive_mul_reduce_datapath","LUT6","ecc_leaf128_prod_q[103]_i_1"
"ecc_exclusive_mul_reduce_datapath","LUT4","ecc_leaf128_prod_q[103]_i_2"
"ecc_exclusive_mul_reduce_datapath","LUT6","ecc_leaf128_prod_q[104]_i_1"
"ecc_exclusive_mul_reduce_datapath","LUT4","ecc_leaf128_prod_q[104]_i_2"
"ecc_exclusive_mul_reduce_datapath","LUT6","ecc_leaf128_prod_q[105]_i_1"
"ecc_exclusive_mul_reduce_datapath","LUT4","ecc_leaf128_prod_q[105]_i_2"
"ecc_exclusive_mul_reduce_datapath","LUT6","ecc_leaf128_prod_q[106]_i_1"
"ecc_exclusive_mul_reduce_datapath","LUT4","ecc_leaf128_prod_q[106]_i_2"
"ecc_exclusive_mul_reduce_datapath","LUT6","ecc_leaf128_prod_q[107]_i_1"
"ecc_exclusive_mul_reduce_datapath","LUT4","ecc_leaf128_prod_q[107]_i_2"
"ecc_exclusive_mul_reduce_datapath","LUT6","ecc_leaf128_prod_q[108]_i_1"
"ecc_exclusive_mul_reduce_datapath","LUT4","ecc_leaf128_prod_q[108]_i_2"
"ecc_exclusive_mul_reduce_datapath","LUT6","ecc_leaf128_prod_q[109]_i_1"
"ecc_exclusive_mul_reduce_datapath","LUT4","ecc_leaf128_prod_q[109]_i_2"
"ecc_exclusive_mul_reduce_datapath","LUT6","ecc_leaf128_prod_q[10]_i_1"
"ecc_exclusive_mul_reduce_datapath","LUT4","ecc_leaf128_prod_q[10]_i_2"
"ecc_exclusive_mul_reduce_datapath","LUT6","ecc_leaf128_prod_q[110]_i_1"
"ecc_exclusive_mul_reduce_datapath","LUT4","ecc_leaf128_prod_q[110]_i_2"
"ecc_exclusive_mul_reduce_datapath","LUT6","ecc_leaf128_prod_q[111]_i_1"
"ecc_exclusive_mul_reduce_datapath","LUT4","ecc_leaf128_prod_q[111]_i_2"
"ecc_exclusive_mul_reduce_datapath","LUT6","ecc_leaf128_prod_q[112]_i_1"
"ecc_exclusive_mul_reduce_datapath","LUT4","ecc_leaf128_prod_q[112]_i_2"
"ecc_exclusive_mul_reduce_datapath","LUT6","ecc_leaf128_prod_q[113]_i_1"
"ecc_exclusive_mul_reduce_datapath","LUT4","ecc_leaf128_prod_q[113]_i_2"
"ecc_exclusive_mul_reduce_datapath","LUT6","ecc_leaf128_prod_q[114]_i_1"
"ecc_exclusive_mul_reduce_datapath","LUT4","ecc_leaf128_prod_q[114]_i_2"
"ecc_exclusive_mul_reduce_datapath","LUT6","ecc_leaf128_prod_q[115]_i_1"
"ecc_exclusive_mul_reduce_datapath","LUT4","ecc_leaf128_prod_q[115]_i_2"
"ecc_exclusive_mul_reduce_datapath","LUT6","ecc_leaf128_prod_q[116]_i_1"
"ecc_exclusive_mul_reduce_datapath","LUT4","ecc_leaf128_prod_q[116]_i_2"
"ecc_exclusive_mul_reduce_datapath","LUT6","ecc_leaf128_prod_q[117]_i_1"
"ecc_exclusive_mul_reduce_datapath","LUT4","ecc_leaf128_prod_q[117]_i_2"
"ecc_exclusive_mul_reduce_datapath","LUT6","ecc_leaf128_prod_q[118]_i_1"
"ecc_exclusive_mul_reduce_datapath","LUT4","ecc_leaf128_prod_q[118]_i_2"
"ecc_exclusive_mul_reduce_datapath","LUT6","ecc_leaf128_prod_q[119]_i_1"
"ecc_exclusive_mul_reduce_datapath","LUT4","ecc_leaf128_prod_q[119]_i_2"
"ecc_exclusive_mul_reduce_datapath","LUT6","ecc_leaf128_prod_q[11]_i_1"
"ecc_exclusive_mul_reduce_datapath","LUT4","ecc_leaf128_prod_q[11]_i_2"
"ecc_exclusive_mul_reduce_datapath","LUT6","ecc_leaf128_prod_q[120]_i_1"
"ecc_exclusive_mul_reduce_datapath","LUT4","ecc_leaf128_prod_q[120]_i_2"
"ecc_exclusive_mul_reduce_datapath","LUT6","ecc_leaf128_prod_q[121]_i_1"
"ecc_exclusive_mul_reduce_datapath","LUT4","ecc_leaf128_prod_q[121]_i_2"
"ecc_exclusive_mul_reduce_datapath","LUT6","ecc_leaf128_prod_q[122]_i_1"
"ecc_exclusive_mul_reduce_datapath","LUT4","ecc_leaf128_prod_q[122]_i_2"
"ecc_exclusive_mul_reduce_datapath","LUT6","ecc_leaf128_prod_q[123]_i_1"
"ecc_exclusive_mul_reduce_datapath","LUT4","ecc_leaf128_prod_q[123]_i_2"
"ecc_exclusive_mul_reduce_datapath","LUT6","ecc_leaf128_prod_q[124]_i_1"
"ecc_exclusive_mul_reduce_datapath","LUT4","ecc_leaf128_prod_q[124]_i_2"
"ecc_exclusive_mul_reduce_datapath","LUT6","ecc_leaf128_prod_q[125]_i_1"
"ecc_exclusive_mul_reduce_datapath","LUT4","ecc_leaf128_prod_q[125]_i_2"
"ecc_exclusive_mul_reduce_datapath","LUT6","ecc_leaf128_prod_q[126]_i_1"
"ecc_exclusive_mul_reduce_datapath","LUT4","ecc_leaf128_prod_q[126]_i_2"
"ecc_exclusive_mul_reduce_datapath","LUT2","ecc_leaf128_prod_q[126]_i_3"
"ecc_exclusive_mul_reduce_datapath","LUT6","ecc_leaf128_prod_q[12]_i_1"
"ecc_exclusive_mul_reduce_datapath","LUT4","ecc_leaf128_prod_q[12]_i_2"
"ecc_exclusive_mul_reduce_datapath","LUT6","ecc_leaf128_prod_q[13]_i_1"
"ecc_exclusive_mul_reduce_datapath","LUT4","ecc_leaf128_prod_q[13]_i_2"
"ecc_exclusive_mul_reduce_datapath","LUT6","ecc_leaf128_prod_q[14]_i_1"
"ecc_exclusive_mul_reduce_datapath","LUT4","ecc_leaf128_prod_q[14]_i_2"
"ecc_exclusive_mul_reduce_datapath","LUT6","ecc_leaf128_prod_q[15]_i_1"
"ecc_exclusive_mul_reduce_datapath","LUT4","ecc_leaf128_prod_q[15]_i_2"
"ecc_exclusive_mul_reduce_datapath","LUT6","ecc_leaf128_prod_q[16]_i_1"
"ecc_exclusive_mul_reduce_datapath","LUT4","ecc_leaf128_prod_q[16]_i_2"
"ecc_exclusive_mul_reduce_datapath","LUT6","ecc_leaf128_prod_q[17]_i_1"
"ecc_exclusive_mul_reduce_datapath","LUT4","ecc_leaf128_prod_q[17]_i_2"
"ecc_exclusive_mul_reduce_datapath","LUT6","ecc_leaf128_prod_q[18]_i_1"
"ecc_exclusive_mul_reduce_datapath","LUT4","ecc_leaf128_prod_q[18]_i_2"
"ecc_exclusive_mul_reduce_datapath","LUT6","ecc_leaf128_prod_q[19]_i_1"
"ecc_exclusive_mul_reduce_datapath","LUT4","ecc_leaf128_prod_q[19]_i_2"
"ecc_exclusive_mul_reduce_datapath","LUT6","ecc_leaf128_prod_q[1]_i_1"
"ecc_exclusive_mul_reduce_datapath","LUT4","ecc_leaf128_prod_q[1]_i_2"
"ecc_exclusive_mul_reduce_datapath","LUT6","ecc_leaf128_prod_q[20]_i_1"
"ecc_exclusive_mul_reduce_datapath","LUT4","ecc_leaf128_prod_q[20]_i_2"
"ecc_exclusive_mul_reduce_datapath","LUT6","ecc_leaf128_prod_q[21]_i_1"
"ecc_exclusive_mul_reduce_datapath","LUT4","ecc_leaf128_prod_q[21]_i_2"
"ecc_exclusive_mul_reduce_datapath","LUT6","ecc_leaf128_prod_q[22]_i_1"
"ecc_exclusive_mul_reduce_datapath","LUT4","ecc_leaf128_prod_q[22]_i_2"
"ecc_exclusive_mul_reduce_datapath","LUT6","ecc_leaf128_prod_q[23]_i_1"
"ecc_exclusive_mul_reduce_datapath","LUT4","ecc_leaf128_prod_q[23]_i_2"
"ecc_exclusive_mul_reduce_datapath","LUT6","ecc_leaf128_prod_q[24]_i_1"
"ecc_exclusive_mul_reduce_datapath","LUT4","ecc_leaf128_prod_q[24]_i_2"
"ecc_exclusive_mul_reduce_datapath","LUT6","ecc_leaf128_prod_q[25]_i_1"
"ecc_exclusive_mul_reduce_datapath","LUT4","ecc_leaf128_prod_q[25]_i_2"
"ecc_exclusive_mul_reduce_datapath","LUT6","ecc_leaf128_prod_q[26]_i_1"
"ecc_exclusive_mul_reduce_datapath","LUT4","ecc_leaf128_prod_q[26]_i_2"
"ecc_exclusive_mul_reduce_datapath","LUT6","ecc_leaf128_prod_q[27]_i_1"
"ecc_exclusive_mul_reduce_datapath","LUT4","ecc_leaf128_prod_q[27]_i_2"
"ecc_exclusive_mul_reduce_datapath","LUT6","ecc_leaf128_prod_q[28]_i_1"
"ecc_exclusive_mul_reduce_datapath","LUT4","ecc_leaf128_prod_q[28]_i_2"
"ecc_exclusive_mul_reduce_datapath","LUT6","ecc_leaf128_prod_q[29]_i_1"
"ecc_exclusive_mul_reduce_datapath","LUT4","ecc_leaf128_prod_q[29]_i_2"
"ecc_exclusive_mul_reduce_datapath","LUT6","ecc_leaf128_prod_q[2]_i_1"
"ecc_exclusive_mul_reduce_datapath","LUT4","ecc_leaf128_prod_q[2]_i_2"
"ecc_exclusive_mul_reduce_datapath","LUT6","ecc_leaf128_prod_q[30]_i_1"
"ecc_exclusive_mul_reduce_datapath","LUT4","ecc_leaf128_prod_q[30]_i_2"
"ecc_exclusive_mul_reduce_datapath","LUT6","ecc_leaf128_prod_q[31]_i_1"
"ecc_exclusive_mul_reduce_datapath","LUT6","ecc_leaf128_prod_q[32]_i_1"
"ecc_exclusive_mul_reduce_datapath","LUT6","ecc_leaf128_prod_q[32]_i_2"
"ecc_exclusive_mul_reduce_datapath","LUT6","ecc_leaf128_prod_q[33]_i_1"
"ecc_exclusive_mul_reduce_datapath","LUT6","ecc_leaf128_prod_q[33]_i_2"
"ecc_exclusive_mul_reduce_datapath","LUT6","ecc_leaf128_prod_q[34]_i_1"
"ecc_exclusive_mul_reduce_datapath","LUT6","ecc_leaf128_prod_q[34]_i_2"
"ecc_exclusive_mul_reduce_datapath","LUT6","ecc_leaf128_prod_q[35]_i_1"
"ecc_exclusive_mul_reduce_datapath","LUT6","ecc_leaf128_prod_q[35]_i_2"
"ecc_exclusive_mul_reduce_datapath","LUT6","ecc_leaf128_prod_q[36]_i_1"
"ecc_exclusive_mul_reduce_datapath","LUT6","ecc_leaf128_prod_q[36]_i_2"
"ecc_exclusive_mul_reduce_datapath","LUT6","ecc_leaf128_prod_q[37]_i_1"
"ecc_exclusive_mul_reduce_datapath","LUT6","ecc_leaf128_prod_q[37]_i_2"
"ecc_exclusive_mul_reduce_datapath","LUT6","ecc_leaf128_prod_q[38]_i_1"
"ecc_exclusive_mul_reduce_datapath","LUT6","ecc_leaf128_prod_q[38]_i_2"
"ecc_exclusive_mul_reduce_datapath","LUT6","ecc_leaf128_prod_q[39]_i_1"
"ecc_exclusive_mul_reduce_datapath","LUT6","ecc_leaf128_prod_q[39]_i_2"
"ecc_exclusive_mul_reduce_datapath","LUT6","ecc_leaf128_prod_q[3]_i_1"
"ecc_exclusive_mul_reduce_datapath","LUT4","ecc_leaf128_prod_q[3]_i_2"
"ecc_exclusive_mul_reduce_datapath","LUT6","ecc_leaf128_prod_q[40]_i_1"
"ecc_exclusive_mul_reduce_datapath","LUT6","ecc_leaf128_prod_q[40]_i_2"
"ecc_exclusive_mul_reduce_datapath","LUT6","ecc_leaf128_prod_q[41]_i_1"
"ecc_exclusive_mul_reduce_datapath","LUT6","ecc_leaf128_prod_q[41]_i_2"
"ecc_exclusive_mul_reduce_datapath","LUT6","ecc_leaf128_prod_q[42]_i_1"
"ecc_exclusive_mul_reduce_datapath","LUT6","ecc_leaf128_prod_q[42]_i_2"
"ecc_exclusive_mul_reduce_datapath","LUT6","ecc_leaf128_prod_q[43]_i_1"
"ecc_exclusive_mul_reduce_datapath","LUT6","ecc_leaf128_prod_q[43]_i_2"
"ecc_exclusive_mul_reduce_datapath","LUT6","ecc_leaf128_prod_q[44]_i_1"
"ecc_exclusive_mul_reduce_datapath","LUT6","ecc_leaf128_prod_q[44]_i_2"
"ecc_exclusive_mul_reduce_datapath","LUT6","ecc_leaf128_prod_q[45]_i_1"
"ecc_exclusive_mul_reduce_datapath","LUT6","ecc_leaf128_prod_q[45]_i_2"
"ecc_exclusive_mul_reduce_datapath","LUT6","ecc_leaf128_prod_q[46]_i_1"
"ecc_exclusive_mul_reduce_datapath","LUT6","ecc_leaf128_prod_q[46]_i_2"
"ecc_exclusive_mul_reduce_datapath","LUT6","ecc_leaf128_prod_q[47]_i_1"
"ecc_exclusive_mul_reduce_datapath","LUT6","ecc_leaf128_prod_q[47]_i_2"
"ecc_exclusive_mul_reduce_datapath","LUT6","ecc_leaf128_prod_q[48]_i_1"
"ecc_exclusive_mul_reduce_datapath","LUT6","ecc_leaf128_prod_q[48]_i_2"
"ecc_exclusive_mul_reduce_datapath","LUT6","ecc_leaf128_prod_q[49]_i_1"
"ecc_exclusive_mul_reduce_datapath","LUT6","ecc_leaf128_prod_q[49]_i_2"
"ecc_exclusive_mul_reduce_datapath","LUT6","ecc_leaf128_prod_q[4]_i_1"
"ecc_exclusive_mul_reduce_datapath","LUT4","ecc_leaf128_prod_q[4]_i_2"
"ecc_exclusive_mul_reduce_datapath","LUT6","ecc_leaf128_prod_q[50]_i_1"
"ecc_exclusive_mul_reduce_datapath","LUT6","ecc_leaf128_prod_q[50]_i_2"
"ecc_exclusive_mul_reduce_datapath","LUT6","ecc_leaf128_prod_q[51]_i_1"
"ecc_exclusive_mul_reduce_datapath","LUT6","ecc_leaf128_prod_q[51]_i_2"
"ecc_exclusive_mul_reduce_datapath","LUT6","ecc_leaf128_prod_q[52]_i_1"
"ecc_exclusive_mul_reduce_datapath","LUT6","ecc_leaf128_prod_q[52]_i_2"
"ecc_exclusive_mul_reduce_datapath","LUT6","ecc_leaf128_prod_q[53]_i_1"
"ecc_exclusive_mul_reduce_datapath","LUT6","ecc_leaf128_prod_q[53]_i_2"
"ecc_exclusive_mul_reduce_datapath","LUT6","ecc_leaf128_prod_q[54]_i_1"
"ecc_exclusive_mul_reduce_datapath","LUT6","ecc_leaf128_prod_q[54]_i_2"
"ecc_exclusive_mul_reduce_datapath","LUT6","ecc_leaf128_prod_q[55]_i_1"
"ecc_exclusive_mul_reduce_datapath","LUT6","ecc_leaf128_prod_q[55]_i_2"
"ecc_exclusive_mul_reduce_datapath","LUT6","ecc_leaf128_prod_q[56]_i_1"
"ecc_exclusive_mul_reduce_datapath","LUT6","ecc_leaf128_prod_q[56]_i_2"
"ecc_exclusive_mul_reduce_datapath","LUT6","ecc_leaf128_prod_q[57]_i_1"
"ecc_exclusive_mul_reduce_datapath","LUT6","ecc_leaf128_prod_q[57]_i_2"
"ecc_exclusive_mul_reduce_datapath","LUT6","ecc_leaf128_prod_q[58]_i_1"
"ecc_exclusive_mul_reduce_datapath","LUT6","ecc_leaf128_prod_q[58]_i_2"
"ecc_exclusive_mul_reduce_datapath","LUT6","ecc_leaf128_prod_q[59]_i_1"
"ecc_exclusive_mul_reduce_datapath","LUT6","ecc_leaf128_prod_q[59]_i_2"
"ecc_exclusive_mul_reduce_datapath","LUT6","ecc_leaf128_prod_q[5]_i_1"
"ecc_exclusive_mul_reduce_datapath","LUT4","ecc_leaf128_prod_q[5]_i_2"
"ecc_exclusive_mul_reduce_datapath","LUT6","ecc_leaf128_prod_q[60]_i_1"
"ecc_exclusive_mul_reduce_datapath","LUT6","ecc_leaf128_prod_q[60]_i_2"
"ecc_exclusive_mul_reduce_datapath","LUT6","ecc_leaf128_prod_q[61]_i_1"
"ecc_exclusive_mul_reduce_datapath","LUT6","ecc_leaf128_prod_q[61]_i_2"
"ecc_exclusive_mul_reduce_datapath","LUT6","ecc_leaf128_prod_q[62]_i_1"
"ecc_exclusive_mul_reduce_datapath","LUT6","ecc_leaf128_prod_q[62]_i_2"
"ecc_exclusive_mul_reduce_datapath","LUT6","ecc_leaf128_prod_q[63]_i_1"
"ecc_exclusive_mul_reduce_datapath","LUT4","ecc_leaf128_prod_q[63]_i_2"
"ecc_exclusive_mul_reduce_datapath","LUT6","ecc_leaf128_prod_q[64]_i_1"
"ecc_exclusive_mul_reduce_datapath","LUT6","ecc_leaf128_prod_q[64]_i_2"
"ecc_exclusive_mul_reduce_datapath","LUT6","ecc_leaf128_prod_q[65]_i_1"
"ecc_exclusive_mul_reduce_datapath","LUT6","ecc_leaf128_prod_q[65]_i_2"
"ecc_exclusive_mul_reduce_datapath","LUT6","ecc_leaf128_prod_q[66]_i_1"
"ecc_exclusive_mul_reduce_datapath","LUT6","ecc_leaf128_prod_q[66]_i_2"
"ecc_exclusive_mul_reduce_datapath","LUT6","ecc_leaf128_prod_q[67]_i_1"
"ecc_exclusive_mul_reduce_datapath","LUT6","ecc_leaf128_prod_q[67]_i_2"
"ecc_exclusive_mul_reduce_datapath","LUT6","ecc_leaf128_prod_q[68]_i_1"
"ecc_exclusive_mul_reduce_datapath","LUT6","ecc_leaf128_prod_q[68]_i_2"
"ecc_exclusive_mul_reduce_datapath","LUT6","ecc_leaf128_prod_q[69]_i_1"
"ecc_exclusive_mul_reduce_datapath","LUT6","ecc_leaf128_prod_q[69]_i_2"
"ecc_exclusive_mul_reduce_datapath","LUT6","ecc_leaf128_prod_q[6]_i_1"
"ecc_exclusive_mul_reduce_datapath","LUT4","ecc_leaf128_prod_q[6]_i_2"
"ecc_exclusive_mul_reduce_datapath","LUT6","ecc_leaf128_prod_q[70]_i_1"
"ecc_exclusive_mul_reduce_datapath","LUT6","ecc_leaf128_prod_q[70]_i_2"
"ecc_exclusive_mul_reduce_datapath","LUT6","ecc_leaf128_prod_q[71]_i_1"
"ecc_exclusive_mul_reduce_datapath","LUT6","ecc_leaf128_prod_q[71]_i_2"
"ecc_exclusive_mul_reduce_datapath","LUT6","ecc_leaf128_prod_q[72]_i_1"
"ecc_exclusive_mul_reduce_datapath","LUT6","ecc_leaf128_prod_q[72]_i_2"
"ecc_exclusive_mul_reduce_datapath","LUT6","ecc_leaf128_prod_q[73]_i_1"
"ecc_exclusive_mul_reduce_datapath","LUT6","ecc_leaf128_prod_q[73]_i_2"
"ecc_exclusive_mul_reduce_datapath","LUT6","ecc_leaf128_prod_q[74]_i_1"
"ecc_exclusive_mul_reduce_datapath","LUT6","ecc_leaf128_prod_q[74]_i_2"
"ecc_exclusive_mul_reduce_datapath","LUT6","ecc_leaf128_prod_q[75]_i_1"
"ecc_exclusive_mul_reduce_datapath","LUT6","ecc_leaf128_prod_q[75]_i_2"
"ecc_exclusive_mul_reduce_datapath","LUT6","ecc_leaf128_prod_q[76]_i_1"
"ecc_exclusive_mul_reduce_datapath","LUT6","ecc_leaf128_prod_q[76]_i_2"
"ecc_exclusive_mul_reduce_datapath","LUT6","ecc_leaf128_prod_q[77]_i_1"
"ecc_exclusive_mul_reduce_datapath","LUT6","ecc_leaf128_prod_q[77]_i_2"
"ecc_exclusive_mul_reduce_datapath","LUT6","ecc_leaf128_prod_q[78]_i_1"
"ecc_exclusive_mul_reduce_datapath","LUT6","ecc_leaf128_prod_q[78]_i_2"
"ecc_exclusive_mul_reduce_datapath","LUT6","ecc_leaf128_prod_q[79]_i_1"
"ecc_exclusive_mul_reduce_datapath","LUT6","ecc_leaf128_prod_q[79]_i_2"
"ecc_exclusive_mul_reduce_datapath","LUT6","ecc_leaf128_prod_q[7]_i_1"
"ecc_exclusive_mul_reduce_datapath","LUT4","ecc_leaf128_prod_q[7]_i_2"
"ecc_exclusive_mul_reduce_datapath","LUT6","ecc_leaf128_prod_q[80]_i_1"
"ecc_exclusive_mul_reduce_datapath","LUT6","ecc_leaf128_prod_q[80]_i_2"
"ecc_exclusive_mul_reduce_datapath","LUT6","ecc_leaf128_prod_q[81]_i_1"
"ecc_exclusive_mul_reduce_datapath","LUT6","ecc_leaf128_prod_q[81]_i_2"
"ecc_exclusive_mul_reduce_datapath","LUT6","ecc_leaf128_prod_q[82]_i_1"
"ecc_exclusive_mul_reduce_datapath","LUT6","ecc_leaf128_prod_q[82]_i_2"
"ecc_exclusive_mul_reduce_datapath","LUT6","ecc_leaf128_prod_q[83]_i_1"
"ecc_exclusive_mul_reduce_datapath","LUT6","ecc_leaf128_prod_q[83]_i_2"
"ecc_exclusive_mul_reduce_datapath","LUT6","ecc_leaf128_prod_q[84]_i_1"
"ecc_exclusive_mul_reduce_datapath","LUT6","ecc_leaf128_prod_q[84]_i_2"
"ecc_exclusive_mul_reduce_datapath","LUT6","ecc_leaf128_prod_q[85]_i_1"
"ecc_exclusive_mul_reduce_datapath","LUT6","ecc_leaf128_prod_q[85]_i_2"
"ecc_exclusive_mul_reduce_datapath","LUT6","ecc_leaf128_prod_q[86]_i_1"
"ecc_exclusive_mul_reduce_datapath","LUT6","ecc_leaf128_prod_q[86]_i_2"
"ecc_exclusive_mul_reduce_datapath","LUT6","ecc_leaf128_prod_q[87]_i_1"
"ecc_exclusive_mul_reduce_datapath","LUT6","ecc_leaf128_prod_q[87]_i_2"
"ecc_exclusive_mul_reduce_datapath","LUT6","ecc_leaf128_prod_q[88]_i_1"
"ecc_exclusive_mul_reduce_datapath","LUT6","ecc_leaf128_prod_q[88]_i_2"
"ecc_exclusive_mul_reduce_datapath","LUT6","ecc_leaf128_prod_q[89]_i_1"
"ecc_exclusive_mul_reduce_datapath","LUT6","ecc_leaf128_prod_q[89]_i_2"
"ecc_exclusive_mul_reduce_datapath","LUT6","ecc_leaf128_prod_q[8]_i_1"
"ecc_exclusive_mul_reduce_datapath","LUT4","ecc_leaf128_prod_q[8]_i_2"
"ecc_exclusive_mul_reduce_datapath","LUT6","ecc_leaf128_prod_q[90]_i_1"
"ecc_exclusive_mul_reduce_datapath","LUT6","ecc_leaf128_prod_q[90]_i_2"
"ecc_exclusive_mul_reduce_datapath","LUT6","ecc_leaf128_prod_q[91]_i_1"
"ecc_exclusive_mul_reduce_datapath","LUT6","ecc_leaf128_prod_q[91]_i_2"
"ecc_exclusive_mul_reduce_datapath","LUT6","ecc_leaf128_prod_q[92]_i_1"
"ecc_exclusive_mul_reduce_datapath","LUT6","ecc_leaf128_prod_q[92]_i_2"
"ecc_exclusive_mul_reduce_datapath","LUT6","ecc_leaf128_prod_q[93]_i_1"
"ecc_exclusive_mul_reduce_datapath","LUT6","ecc_leaf128_prod_q[93]_i_2"
"ecc_exclusive_mul_reduce_datapath","LUT6","ecc_leaf128_prod_q[94]_i_1"
"ecc_exclusive_mul_reduce_datapath","LUT6","ecc_leaf128_prod_q[94]_i_2"
"ecc_exclusive_mul_reduce_datapath","LUT2","ecc_leaf128_prod_q[94]_i_3"
"ecc_exclusive_mul_reduce_datapath","LUT4","ecc_leaf128_prod_q[94]_i_4"
"ecc_exclusive_mul_reduce_datapath","LUT6","ecc_leaf128_prod_q[95]_i_1"
"ecc_exclusive_mul_reduce_datapath","LUT4","ecc_leaf128_prod_q[95]_i_2"
"ecc_exclusive_mul_reduce_datapath","LUT6","ecc_leaf128_prod_q[96]_i_1"
"ecc_exclusive_mul_reduce_datapath","LUT4","ecc_leaf128_prod_q[96]_i_2"
"ecc_exclusive_mul_reduce_datapath","LUT6","ecc_leaf128_prod_q[97]_i_1"
"ecc_exclusive_mul_reduce_datapath","LUT4","ecc_leaf128_prod_q[97]_i_2"
"ecc_exclusive_mul_reduce_datapath","LUT6","ecc_leaf128_prod_q[98]_i_1"
"ecc_exclusive_mul_reduce_datapath","LUT4","ecc_leaf128_prod_q[98]_i_2"
"ecc_exclusive_mul_reduce_datapath","LUT6","ecc_leaf128_prod_q[99]_i_1"
"ecc_exclusive_mul_reduce_datapath","LUT4","ecc_leaf128_prod_q[99]_i_2"
"ecc_exclusive_mul_reduce_datapath","LUT6","ecc_leaf128_prod_q[9]_i_1"
"ecc_exclusive_mul_reduce_datapath","LUT4","ecc_leaf128_prod_q[9]_i_2"
"ecc_exclusive_mul_reduce_datapath","FDCE","ecc_leaf128_prod_q_reg[0]"
"ecc_exclusive_mul_reduce_datapath","FDCE","ecc_leaf128_prod_q_reg[100]"
"ecc_exclusive_mul_reduce_datapath","FDCE","ecc_leaf128_prod_q_reg[101]"
"ecc_exclusive_mul_reduce_datapath","FDCE","ecc_leaf128_prod_q_reg[102]"
"ecc_exclusive_mul_reduce_datapath","FDCE","ecc_leaf128_prod_q_reg[103]"
"ecc_exclusive_mul_reduce_datapath","FDCE","ecc_leaf128_prod_q_reg[104]"
"ecc_exclusive_mul_reduce_datapath","FDCE","ecc_leaf128_prod_q_reg[105]"
"ecc_exclusive_mul_reduce_datapath","FDCE","ecc_leaf128_prod_q_reg[106]"
"ecc_exclusive_mul_reduce_datapath","FDCE","ecc_leaf128_prod_q_reg[107]"
"ecc_exclusive_mul_reduce_datapath","FDCE","ecc_leaf128_prod_q_reg[108]"
"ecc_exclusive_mul_reduce_datapath","FDCE","ecc_leaf128_prod_q_reg[109]"
"ecc_exclusive_mul_reduce_datapath","FDCE","ecc_leaf128_prod_q_reg[10]"
"ecc_exclusive_mul_reduce_datapath","FDCE","ecc_leaf128_prod_q_reg[110]"
"ecc_exclusive_mul_reduce_datapath","FDCE","ecc_leaf128_prod_q_reg[111]"
"ecc_exclusive_mul_reduce_datapath","FDCE","ecc_leaf128_prod_q_reg[112]"
"ecc_exclusive_mul_reduce_datapath","FDCE","ecc_leaf128_prod_q_reg[113]"
"ecc_exclusive_mul_reduce_datapath","FDCE","ecc_leaf128_prod_q_reg[114]"
"ecc_exclusive_mul_reduce_datapath","FDCE","ecc_leaf128_prod_q_reg[115]"
"ecc_exclusive_mul_reduce_datapath","FDCE","ecc_leaf128_prod_q_reg[116]"
"ecc_exclusive_mul_reduce_datapath","FDCE","ecc_leaf128_prod_q_reg[117]"
"ecc_exclusive_mul_reduce_datapath","FDCE","ecc_leaf128_prod_q_reg[118]"
"ecc_exclusive_mul_reduce_datapath","FDCE","ecc_leaf128_prod_q_reg[119]"
"ecc_exclusive_mul_reduce_datapath","FDCE","ecc_leaf128_prod_q_reg[11]"
"ecc_exclusive_mul_reduce_datapath","FDCE","ecc_leaf128_prod_q_reg[120]"
"ecc_exclusive_mul_reduce_datapath","FDCE","ecc_leaf128_prod_q_reg[121]"
"ecc_exclusive_mul_reduce_datapath","FDCE","ecc_leaf128_prod_q_reg[122]"
"ecc_exclusive_mul_reduce_datapath","FDCE","ecc_leaf128_prod_q_reg[123]"
"ecc_exclusive_mul_reduce_datapath","FDCE","ecc_leaf128_prod_q_reg[124]"
"ecc_exclusive_mul_reduce_datapath","FDCE","ecc_leaf128_prod_q_reg[125]"
"ecc_exclusive_mul_reduce_datapath","FDCE","ecc_leaf128_prod_q_reg[126]"
"ecc_exclusive_mul_reduce_datapath","FDCE","ecc_leaf128_prod_q_reg[12]"
"ecc_exclusive_mul_reduce_datapath","FDCE","ecc_leaf128_prod_q_reg[13]"
"ecc_exclusive_mul_reduce_datapath","FDCE","ecc_leaf128_prod_q_reg[14]"
"ecc_exclusive_mul_reduce_datapath","FDCE","ecc_leaf128_prod_q_reg[15]"
"ecc_exclusive_mul_reduce_datapath","FDCE","ecc_leaf128_prod_q_reg[16]"
"ecc_exclusive_mul_reduce_datapath","FDCE","ecc_leaf128_prod_q_reg[17]"
"ecc_exclusive_mul_reduce_datapath","FDCE","ecc_leaf128_prod_q_reg[18]"
"ecc_exclusive_mul_reduce_datapath","FDCE","ecc_leaf128_prod_q_reg[19]"
"ecc_exclusive_mul_reduce_datapath","FDCE","ecc_leaf128_prod_q_reg[1]"
"ecc_exclusive_mul_reduce_datapath","FDCE","ecc_leaf128_prod_q_reg[20]"
"ecc_exclusive_mul_reduce_datapath","FDCE","ecc_leaf128_prod_q_reg[21]"
"ecc_exclusive_mul_reduce_datapath","FDCE","ecc_leaf128_prod_q_reg[22]"
"ecc_exclusive_mul_reduce_datapath","FDCE","ecc_leaf128_prod_q_reg[23]"
"ecc_exclusive_mul_reduce_datapath","FDCE","ecc_leaf128_prod_q_reg[24]"
"ecc_exclusive_mul_reduce_datapath","FDCE","ecc_leaf128_prod_q_reg[25]"
"ecc_exclusive_mul_reduce_datapath","FDCE","ecc_leaf128_prod_q_reg[26]"
"ecc_exclusive_mul_reduce_datapath","FDCE","ecc_leaf128_prod_q_reg[27]"
"ecc_exclusive_mul_reduce_datapath","FDCE","ecc_leaf128_prod_q_reg[28]"
"ecc_exclusive_mul_reduce_datapath","FDCE","ecc_leaf128_prod_q_reg[29]"
"ecc_exclusive_mul_reduce_datapath","FDCE","ecc_leaf128_prod_q_reg[2]"
"ecc_exclusive_mul_reduce_datapath","FDCE","ecc_leaf128_prod_q_reg[30]"
"ecc_exclusive_mul_reduce_datapath","FDCE","ecc_leaf128_prod_q_reg[31]"
"ecc_exclusive_mul_reduce_datapath","FDCE","ecc_leaf128_prod_q_reg[32]"
"ecc_exclusive_mul_reduce_datapath","FDCE","ecc_leaf128_prod_q_reg[33]"
"ecc_exclusive_mul_reduce_datapath","FDCE","ecc_leaf128_prod_q_reg[34]"
"ecc_exclusive_mul_reduce_datapath","FDCE","ecc_leaf128_prod_q_reg[35]"
"ecc_exclusive_mul_reduce_datapath","FDCE","ecc_leaf128_prod_q_reg[36]"
"ecc_exclusive_mul_reduce_datapath","FDCE","ecc_leaf128_prod_q_reg[37]"
"ecc_exclusive_mul_reduce_datapath","FDCE","ecc_leaf128_prod_q_reg[38]"
"ecc_exclusive_mul_reduce_datapath","FDCE","ecc_leaf128_prod_q_reg[39]"
"ecc_exclusive_mul_reduce_datapath","FDCE","ecc_leaf128_prod_q_reg[3]"
"ecc_exclusive_mul_reduce_datapath","FDCE","ecc_leaf128_prod_q_reg[40]"
"ecc_exclusive_mul_reduce_datapath","FDCE","ecc_leaf128_prod_q_reg[41]"
"ecc_exclusive_mul_reduce_datapath","FDCE","ecc_leaf128_prod_q_reg[42]"
"ecc_exclusive_mul_reduce_datapath","FDCE","ecc_leaf128_prod_q_reg[43]"
"ecc_exclusive_mul_reduce_datapath","FDCE","ecc_leaf128_prod_q_reg[44]"
"ecc_exclusive_mul_reduce_datapath","FDCE","ecc_leaf128_prod_q_reg[45]"
"ecc_exclusive_mul_reduce_datapath","FDCE","ecc_leaf128_prod_q_reg[46]"
"ecc_exclusive_mul_reduce_datapath","FDCE","ecc_leaf128_prod_q_reg[47]"
"ecc_exclusive_mul_reduce_datapath","FDCE","ecc_leaf128_prod_q_reg[48]"
"ecc_exclusive_mul_reduce_datapath","FDCE","ecc_leaf128_prod_q_reg[49]"
"ecc_exclusive_mul_reduce_datapath","FDCE","ecc_leaf128_prod_q_reg[4]"
"ecc_exclusive_mul_reduce_datapath","FDCE","ecc_leaf128_prod_q_reg[50]"
"ecc_exclusive_mul_reduce_datapath","FDCE","ecc_leaf128_prod_q_reg[51]"
"ecc_exclusive_mul_reduce_datapath","FDCE","ecc_leaf128_prod_q_reg[52]"
"ecc_exclusive_mul_reduce_datapath","FDCE","ecc_leaf128_prod_q_reg[53]"
"ecc_exclusive_mul_reduce_datapath","FDCE","ecc_leaf128_prod_q_reg[54]"
"ecc_exclusive_mul_reduce_datapath","FDCE","ecc_leaf128_prod_q_reg[55]"
"ecc_exclusive_mul_reduce_datapath","FDCE","ecc_leaf128_prod_q_reg[56]"
"ecc_exclusive_mul_reduce_datapath","FDCE","ecc_leaf128_prod_q_reg[57]"
"ecc_exclusive_mul_reduce_datapath","FDCE","ecc_leaf128_prod_q_reg[58]"
"ecc_exclusive_mul_reduce_datapath","FDCE","ecc_leaf128_prod_q_reg[59]"
"ecc_exclusive_mul_reduce_datapath","FDCE","ecc_leaf128_prod_q_reg[5]"
"ecc_exclusive_mul_reduce_datapath","FDCE","ecc_leaf128_prod_q_reg[60]"
"ecc_exclusive_mul_reduce_datapath","FDCE","ecc_leaf128_prod_q_reg[61]"
"ecc_exclusive_mul_reduce_datapath","FDCE","ecc_leaf128_prod_q_reg[62]"
"ecc_exclusive_mul_reduce_datapath","FDCE","ecc_leaf128_prod_q_reg[63]"
"ecc_exclusive_mul_reduce_datapath","FDCE","ecc_leaf128_prod_q_reg[64]"
"ecc_exclusive_mul_reduce_datapath","FDCE","ecc_leaf128_prod_q_reg[65]"
"ecc_exclusive_mul_reduce_datapath","FDCE","ecc_leaf128_prod_q_reg[66]"
"ecc_exclusive_mul_reduce_datapath","FDCE","ecc_leaf128_prod_q_reg[67]"
"ecc_exclusive_mul_reduce_datapath","FDCE","ecc_leaf128_prod_q_reg[68]"
"ecc_exclusive_mul_reduce_datapath","FDCE","ecc_leaf128_prod_q_reg[69]"
"ecc_exclusive_mul_reduce_datapath","FDCE","ecc_leaf128_prod_q_reg[6]"
"ecc_exclusive_mul_reduce_datapath","FDCE","ecc_leaf128_prod_q_reg[70]"
"ecc_exclusive_mul_reduce_datapath","FDCE","ecc_leaf128_prod_q_reg[71]"
"ecc_exclusive_mul_reduce_datapath","FDCE","ecc_leaf128_prod_q_reg[72]"
"ecc_exclusive_mul_reduce_datapath","FDCE","ecc_leaf128_prod_q_reg[73]"
"ecc_exclusive_mul_reduce_datapath","FDCE","ecc_leaf128_prod_q_reg[74]"
"ecc_exclusive_mul_reduce_datapath","FDCE","ecc_leaf128_prod_q_reg[75]"
"ecc_exclusive_mul_reduce_datapath","FDCE","ecc_leaf128_prod_q_reg[76]"
"ecc_exclusive_mul_reduce_datapath","FDCE","ecc_leaf128_prod_q_reg[77]"
"ecc_exclusive_mul_reduce_datapath","FDCE","ecc_leaf128_prod_q_reg[78]"
"ecc_exclusive_mul_reduce_datapath","FDCE","ecc_leaf128_prod_q_reg[79]"
"ecc_exclusive_mul_reduce_datapath","FDCE","ecc_leaf128_prod_q_reg[7]"
"ecc_exclusive_mul_reduce_datapath","FDCE","ecc_leaf128_prod_q_reg[80]"
"ecc_exclusive_mul_reduce_datapath","FDCE","ecc_leaf128_prod_q_reg[81]"
"ecc_exclusive_mul_reduce_datapath","FDCE","ecc_leaf128_prod_q_reg[82]"
"ecc_exclusive_mul_reduce_datapath","FDCE","ecc_leaf128_prod_q_reg[83]"
"ecc_exclusive_mul_reduce_datapath","FDCE","ecc_leaf128_prod_q_reg[84]"
"ecc_exclusive_mul_reduce_datapath","FDCE","ecc_leaf128_prod_q_reg[85]"
"ecc_exclusive_mul_reduce_datapath","FDCE","ecc_leaf128_prod_q_reg[86]"
"ecc_exclusive_mul_reduce_datapath","FDCE","ecc_leaf128_prod_q_reg[87]"
"ecc_exclusive_mul_reduce_datapath","FDCE","ecc_leaf128_prod_q_reg[88]"
"ecc_exclusive_mul_reduce_datapath","FDCE","ecc_leaf128_prod_q_reg[89]"
"ecc_exclusive_mul_reduce_datapath","FDCE","ecc_leaf128_prod_q_reg[8]"
"ecc_exclusive_mul_reduce_datapath","FDCE","ecc_leaf128_prod_q_reg[90]"
"ecc_exclusive_mul_reduce_datapath","FDCE","ecc_leaf128_prod_q_reg[91]"
"ecc_exclusive_mul_reduce_datapath","FDCE","ecc_leaf128_prod_q_reg[92]"
"ecc_exclusive_mul_reduce_datapath","FDCE","ecc_leaf128_prod_q_reg[93]"
"ecc_exclusive_mul_reduce_datapath","FDCE","ecc_leaf128_prod_q_reg[94]"
"ecc_exclusive_mul_reduce_datapath","FDCE","ecc_leaf128_prod_q_reg[95]"
"ecc_exclusive_mul_reduce_datapath","FDCE","ecc_leaf128_prod_q_reg[96]"
"ecc_exclusive_mul_reduce_datapath","FDCE","ecc_leaf128_prod_q_reg[97]"
"ecc_exclusive_mul_reduce_datapath","FDCE","ecc_leaf128_prod_q_reg[98]"
"ecc_exclusive_mul_reduce_datapath","FDCE","ecc_leaf128_prod_q_reg[99]"
"ecc_exclusive_mul_reduce_datapath","FDCE","ecc_leaf128_prod_q_reg[9]"
"ecc_exclusive_mul_reduce_datapath","LUT6","ecc_leaf_a_q[31]_i_1"
"ecc_exclusive_mul_reduce_datapath","LUT5","ecc_leaf_a_q[31]_i_3"
"ecc_exclusive_mul_reduce_datapath","LUT6","ecc_leaf_a_q[31]_i_4"
"ecc_exclusive_mul_reduce_datapath","LUT6","ecc_leaf_a_q[31]_i_5"
"ecc_exclusive_mul_reduce_datapath","FDCE","ecc_leaf_a_q_reg[0]"
"ecc_exclusive_mul_reduce_datapath","FDCE","ecc_leaf_a_q_reg[10]"
"ecc_exclusive_mul_reduce_datapath","FDCE","ecc_leaf_a_q_reg[11]"
"ecc_exclusive_mul_reduce_datapath","FDCE","ecc_leaf_a_q_reg[12]"
"ecc_exclusive_mul_reduce_datapath","FDCE","ecc_leaf_a_q_reg[13]"
"ecc_exclusive_mul_reduce_datapath","FDCE","ecc_leaf_a_q_reg[14]"
"ecc_exclusive_mul_reduce_datapath","FDCE","ecc_leaf_a_q_reg[15]"
"ecc_exclusive_mul_reduce_datapath","FDCE","ecc_leaf_a_q_reg[16]"
"ecc_exclusive_mul_reduce_datapath","FDCE","ecc_leaf_a_q_reg[17]"
"ecc_exclusive_mul_reduce_datapath","FDCE","ecc_leaf_a_q_reg[18]"
"ecc_exclusive_mul_reduce_datapath","FDCE","ecc_leaf_a_q_reg[19]"
"ecc_exclusive_mul_reduce_datapath","FDCE","ecc_leaf_a_q_reg[1]"
"ecc_exclusive_mul_reduce_datapath","FDCE","ecc_leaf_a_q_reg[20]"
"ecc_exclusive_mul_reduce_datapath","FDCE","ecc_leaf_a_q_reg[21]"
"ecc_exclusive_mul_reduce_datapath","FDCE","ecc_leaf_a_q_reg[22]"
"ecc_exclusive_mul_reduce_datapath","FDCE","ecc_leaf_a_q_reg[23]"
"ecc_exclusive_mul_reduce_datapath","FDCE","ecc_leaf_a_q_reg[24]"
"ecc_exclusive_mul_reduce_datapath","FDCE","ecc_leaf_a_q_reg[25]"
"ecc_exclusive_mul_reduce_datapath","FDCE","ecc_leaf_a_q_reg[26]"
"ecc_exclusive_mul_reduce_datapath","FDCE","ecc_leaf_a_q_reg[27]"
"ecc_exclusive_mul_reduce_datapath","FDCE","ecc_leaf_a_q_reg[28]"
"ecc_exclusive_mul_reduce_datapath","FDCE","ecc_leaf_a_q_reg[29]"
"ecc_exclusive_mul_reduce_datapath","FDCE","ecc_leaf_a_q_reg[2]"
"ecc_exclusive_mul_reduce_datapath","FDCE","ecc_leaf_a_q_reg[30]"
"ecc_exclusive_mul_reduce_datapath","FDCE","ecc_leaf_a_q_reg[31]"
"ecc_exclusive_mul_reduce_datapath","FDCE","ecc_leaf_a_q_reg[3]"
"ecc_exclusive_mul_reduce_datapath","FDCE","ecc_leaf_a_q_reg[4]"
"ecc_exclusive_mul_reduce_datapath","FDCE","ecc_leaf_a_q_reg[5]"
"ecc_exclusive_mul_reduce_datapath","FDCE","ecc_leaf_a_q_reg[6]"
"ecc_exclusive_mul_reduce_datapath","FDCE","ecc_leaf_a_q_reg[7]"
"ecc_exclusive_mul_reduce_datapath","FDCE","ecc_leaf_a_q_reg[8]"
"ecc_exclusive_mul_reduce_datapath","FDCE","ecc_leaf_a_q_reg[9]"
"ecc_exclusive_mul_reduce_datapath","LUT6","ecc_leaf_b_q[31]_i_1"
"ecc_exclusive_mul_reduce_datapath","LUT5","ecc_leaf_b_q[31]_i_3"
"ecc_exclusive_mul_reduce_datapath","LUT6","ecc_leaf_b_q[31]_i_4"
"ecc_exclusive_mul_reduce_datapath","LUT6","ecc_leaf_b_q[31]_i_5"
"ecc_exclusive_mul_reduce_datapath","FDCE","ecc_leaf_b_q_reg[0]"
"ecc_exclusive_mul_reduce_datapath","FDCE","ecc_leaf_b_q_reg[10]"
"ecc_exclusive_mul_reduce_datapath","FDCE","ecc_leaf_b_q_reg[11]"
"ecc_exclusive_mul_reduce_datapath","FDCE","ecc_leaf_b_q_reg[12]"
"ecc_exclusive_mul_reduce_datapath","FDCE","ecc_leaf_b_q_reg[13]"
"ecc_exclusive_mul_reduce_datapath","FDCE","ecc_leaf_b_q_reg[14]"
"ecc_exclusive_mul_reduce_datapath","FDCE","ecc_leaf_b_q_reg[15]"
"ecc_exclusive_mul_reduce_datapath","FDCE","ecc_leaf_b_q_reg[16]"
"ecc_exclusive_mul_reduce_datapath","FDCE","ecc_leaf_b_q_reg[17]"
"ecc_exclusive_mul_reduce_datapath","FDCE","ecc_leaf_b_q_reg[18]"
"ecc_exclusive_mul_reduce_datapath","FDCE","ecc_leaf_b_q_reg[19]"
"ecc_exclusive_mul_reduce_datapath","FDCE","ecc_leaf_b_q_reg[1]"
"ecc_exclusive_mul_reduce_datapath","FDCE","ecc_leaf_b_q_reg[20]"
"ecc_exclusive_mul_reduce_datapath","FDCE","ecc_leaf_b_q_reg[21]"
"ecc_exclusive_mul_reduce_datapath","FDCE","ecc_leaf_b_q_reg[22]"
"ecc_exclusive_mul_reduce_datapath","FDCE","ecc_leaf_b_q_reg[23]"
"ecc_exclusive_mul_reduce_datapath","FDCE","ecc_leaf_b_q_reg[24]"
"ecc_exclusive_mul_reduce_datapath","FDCE","ecc_leaf_b_q_reg[25]"
"ecc_exclusive_mul_reduce_datapath","FDCE","ecc_leaf_b_q_reg[26]"
"ecc_exclusive_mul_reduce_datapath","FDCE","ecc_leaf_b_q_reg[27]"
"ecc_exclusive_mul_reduce_datapath","FDCE","ecc_leaf_b_q_reg[28]"
"ecc_exclusive_mul_reduce_datapath","FDCE","ecc_leaf_b_q_reg[29]"
"ecc_exclusive_mul_reduce_datapath","FDCE","ecc_leaf_b_q_reg[2]"
"ecc_exclusive_mul_reduce_datapath","FDCE","ecc_leaf_b_q_reg[30]"
"ecc_exclusive_mul_reduce_datapath","FDCE","ecc_leaf_b_q_reg[31]"
"ecc_exclusive_mul_reduce_datapath","FDCE","ecc_leaf_b_q_reg[3]"
"ecc_exclusive_mul_reduce_datapath","FDCE","ecc_leaf_b_q_reg[4]"
"ecc_exclusive_mul_reduce_datapath","FDCE","ecc_leaf_b_q_reg[5]"
"ecc_exclusive_mul_reduce_datapath","FDCE","ecc_leaf_b_q_reg[6]"
"ecc_exclusive_mul_reduce_datapath","FDCE","ecc_leaf_b_q_reg[7]"
"ecc_exclusive_mul_reduce_datapath","FDCE","ecc_leaf_b_q_reg[8]"
"ecc_exclusive_mul_reduce_datapath","FDCE","ecc_leaf_b_q_reg[9]"
"ecc_exclusive_mul_reduce_datapath","LUT4","ecc_leaf_path_q[0]_i_1"
"ecc_exclusive_mul_reduce_datapath","LUT4","ecc_leaf_path_q[1]_i_1"
"ecc_exclusive_mul_reduce_datapath","LUT5","ecc_leaf_path_q[2]_i_1"
"ecc_exclusive_mul_reduce_datapath","LUT6","ecc_leaf_path_q[3]_i_1"
"ecc_exclusive_mul_reduce_datapath","LUT6","ecc_leaf_path_q[3]_i_2"
"ecc_exclusive_mul_reduce_datapath","LUT6","ecc_leaf_path_q[3]_i_3"
"ecc_exclusive_mul_reduce_datapath","LUT6","ecc_leaf_path_q[3]_i_4"
"ecc_exclusive_mul_reduce_datapath","FDCE","ecc_leaf_path_q_reg[0]"
"ecc_exclusive_mul_reduce_datapath","FDCE","ecc_leaf_path_q_reg[1]"
"ecc_exclusive_mul_reduce_datapath","FDCE","ecc_leaf_path_q_reg[2]"
"ecc_exclusive_mul_reduce_datapath","FDCE","ecc_leaf_path_q_reg[3]"
"ecc_exclusive_mul_reduce_datapath","LUT5","ecc_leaf_prod_q[0]_i_1"
"ecc_exclusive_mul_reduce_datapath","LUT5","ecc_leaf_prod_q[10]_i_1"
"ecc_exclusive_mul_reduce_datapath","LUT5","ecc_leaf_prod_q[11]_i_1"
"ecc_exclusive_mul_reduce_datapath","LUT5","ecc_leaf_prod_q[12]_i_1"
"ecc_exclusive_mul_reduce_datapath","LUT5","ecc_leaf_prod_q[13]_i_1"
"ecc_exclusive_mul_reduce_datapath","LUT5","ecc_leaf_prod_q[14]_i_1"
"ecc_exclusive_mul_reduce_datapath","LUT5","ecc_leaf_prod_q[15]_i_1"
"ecc_exclusive_mul_reduce_datapath","LUT5","ecc_leaf_prod_q[16]_i_1"
"ecc_exclusive_mul_reduce_datapath","LUT5","ecc_leaf_prod_q[17]_i_1"
"ecc_exclusive_mul_reduce_datapath","LUT5","ecc_leaf_prod_q[18]_i_1"
"ecc_exclusive_mul_reduce_datapath","LUT5","ecc_leaf_prod_q[19]_i_1"
"ecc_exclusive_mul_reduce_datapath","LUT5","ecc_leaf_prod_q[1]_i_1"
"ecc_exclusive_mul_reduce_datapath","LUT5","ecc_leaf_prod_q[20]_i_1"
"ecc_exclusive_mul_reduce_datapath","LUT5","ecc_leaf_prod_q[21]_i_1"
"ecc_exclusive_mul_reduce_datapath","LUT5","ecc_leaf_prod_q[22]_i_1"
"ecc_exclusive_mul_reduce_datapath","LUT5","ecc_leaf_prod_q[23]_i_1"
"ecc_exclusive_mul_reduce_datapath","LUT5","ecc_leaf_prod_q[24]_i_1"
"ecc_exclusive_mul_reduce_datapath","LUT5","ecc_leaf_prod_q[25]_i_1"
"ecc_exclusive_mul_reduce_datapath","LUT5","ecc_leaf_prod_q[26]_i_1"
"ecc_exclusive_mul_reduce_datapath","LUT5","ecc_leaf_prod_q[27]_i_1"
"ecc_exclusive_mul_reduce_datapath","LUT5","ecc_leaf_prod_q[28]_i_1"
"ecc_exclusive_mul_reduce_datapath","LUT5","ecc_leaf_prod_q[29]_i_1"
"ecc_exclusive_mul_reduce_datapath","LUT5","ecc_leaf_prod_q[2]_i_1"
"ecc_exclusive_mul_reduce_datapath","LUT5","ecc_leaf_prod_q[30]_i_1"
"ecc_exclusive_mul_reduce_datapath","LUT5","ecc_leaf_prod_q[31]_i_1"
"ecc_exclusive_mul_reduce_datapath","LUT5","ecc_leaf_prod_q[32]_i_1"
"ecc_exclusive_mul_reduce_datapath","LUT5","ecc_leaf_prod_q[33]_i_1"
"ecc_exclusive_mul_reduce_datapath","LUT5","ecc_leaf_prod_q[34]_i_1"
"ecc_exclusive_mul_reduce_datapath","LUT5","ecc_leaf_prod_q[35]_i_1"
"ecc_exclusive_mul_reduce_datapath","LUT5","ecc_leaf_prod_q[36]_i_1"
"ecc_exclusive_mul_reduce_datapath","LUT5","ecc_leaf_prod_q[37]_i_1"
"ecc_exclusive_mul_reduce_datapath","LUT5","ecc_leaf_prod_q[38]_i_1"
"ecc_exclusive_mul_reduce_datapath","LUT5","ecc_leaf_prod_q[39]_i_1"
"ecc_exclusive_mul_reduce_datapath","LUT5","ecc_leaf_prod_q[3]_i_1"
"ecc_exclusive_mul_reduce_datapath","LUT5","ecc_leaf_prod_q[40]_i_1"
"ecc_exclusive_mul_reduce_datapath","LUT5","ecc_leaf_prod_q[41]_i_1"
"ecc_exclusive_mul_reduce_datapath","LUT5","ecc_leaf_prod_q[42]_i_1"
"ecc_exclusive_mul_reduce_datapath","LUT5","ecc_leaf_prod_q[43]_i_1"
"ecc_exclusive_mul_reduce_datapath","LUT5","ecc_leaf_prod_q[44]_i_1"
"ecc_exclusive_mul_reduce_datapath","LUT5","ecc_leaf_prod_q[45]_i_1"
"ecc_exclusive_mul_reduce_datapath","LUT5","ecc_leaf_prod_q[46]_i_1"
"ecc_exclusive_mul_reduce_datapath","LUT5","ecc_leaf_prod_q[47]_i_1"
"ecc_exclusive_mul_reduce_datapath","LUT5","ecc_leaf_prod_q[48]_i_1"
"ecc_exclusive_mul_reduce_datapath","LUT5","ecc_leaf_prod_q[49]_i_1"
"ecc_exclusive_mul_reduce_datapath","LUT5","ecc_leaf_prod_q[4]_i_1"
"ecc_exclusive_mul_reduce_datapath","LUT5","ecc_leaf_prod_q[50]_i_1"
"ecc_exclusive_mul_reduce_datapath","LUT5","ecc_leaf_prod_q[51]_i_1"
"ecc_exclusive_mul_reduce_datapath","LUT5","ecc_leaf_prod_q[52]_i_1"
"ecc_exclusive_mul_reduce_datapath","LUT5","ecc_leaf_prod_q[53]_i_1"
"ecc_exclusive_mul_reduce_datapath","LUT5","ecc_leaf_prod_q[54]_i_1"
"ecc_exclusive_mul_reduce_datapath","LUT5","ecc_leaf_prod_q[55]_i_1"
"ecc_exclusive_mul_reduce_datapath","LUT5","ecc_leaf_prod_q[56]_i_1"
"ecc_exclusive_mul_reduce_datapath","LUT5","ecc_leaf_prod_q[57]_i_1"
"ecc_exclusive_mul_reduce_datapath","LUT5","ecc_leaf_prod_q[58]_i_1"
"ecc_exclusive_mul_reduce_datapath","LUT5","ecc_leaf_prod_q[59]_i_1"
"ecc_exclusive_mul_reduce_datapath","LUT5","ecc_leaf_prod_q[5]_i_1"
"ecc_exclusive_mul_reduce_datapath","LUT5","ecc_leaf_prod_q[60]_i_1"
"ecc_exclusive_mul_reduce_datapath","LUT5","ecc_leaf_prod_q[61]_i_1"
"ecc_exclusive_mul_reduce_datapath","LUT5","ecc_leaf_prod_q[62]_i_1"
"ecc_exclusive_mul_reduce_datapath","LUT5","ecc_leaf_prod_q[62]_i_2"
"ecc_exclusive_mul_reduce_datapath","LUT6","ecc_leaf_prod_q[62]_i_3"
"ecc_exclusive_mul_reduce_datapath","LUT6","ecc_leaf_prod_q[62]_i_4"
"ecc_exclusive_mul_reduce_datapath","LUT6","ecc_leaf_prod_q[62]_i_5"
"ecc_exclusive_mul_reduce_datapath","LUT5","ecc_leaf_prod_q[62]_i_6"
"ecc_exclusive_mul_reduce_datapath","LUT6","ecc_leaf_prod_q[62]_i_7"
"ecc_exclusive_mul_reduce_datapath","LUT3","ecc_leaf_prod_q[62]_i_8"
"ecc_exclusive_mul_reduce_datapath","LUT5","ecc_leaf_prod_q[6]_i_1"
"ecc_exclusive_mul_reduce_datapath","LUT5","ecc_leaf_prod_q[7]_i_1"
"ecc_exclusive_mul_reduce_datapath","LUT5","ecc_leaf_prod_q[8]_i_1"
"ecc_exclusive_mul_reduce_datapath","LUT5","ecc_leaf_prod_q[9]_i_1"
"ecc_exclusive_mul_reduce_datapath","FDCE","ecc_leaf_prod_q_reg[0]"
"ecc_exclusive_mul_reduce_datapath","FDCE","ecc_leaf_prod_q_reg[10]"
"ecc_exclusive_mul_reduce_datapath","FDCE","ecc_leaf_prod_q_reg[11]"
"ecc_exclusive_mul_reduce_datapath","FDCE","ecc_leaf_prod_q_reg[12]"
"ecc_exclusive_mul_reduce_datapath","FDCE","ecc_leaf_prod_q_reg[13]"
"ecc_exclusive_mul_reduce_datapath","FDCE","ecc_leaf_prod_q_reg[14]"
"ecc_exclusive_mul_reduce_datapath","FDCE","ecc_leaf_prod_q_reg[15]"
"ecc_exclusive_mul_reduce_datapath","FDCE","ecc_leaf_prod_q_reg[16]"
"ecc_exclusive_mul_reduce_datapath","FDCE","ecc_leaf_prod_q_reg[17]"
"ecc_exclusive_mul_reduce_datapath","FDCE","ecc_leaf_prod_q_reg[18]"
"ecc_exclusive_mul_reduce_datapath","FDCE","ecc_leaf_prod_q_reg[19]"
"ecc_exclusive_mul_reduce_datapath","FDCE","ecc_leaf_prod_q_reg[1]"
"ecc_exclusive_mul_reduce_datapath","FDCE","ecc_leaf_prod_q_reg[20]"
"ecc_exclusive_mul_reduce_datapath","FDCE","ecc_leaf_prod_q_reg[21]"
"ecc_exclusive_mul_reduce_datapath","FDCE","ecc_leaf_prod_q_reg[22]"
"ecc_exclusive_mul_reduce_datapath","FDCE","ecc_leaf_prod_q_reg[23]"
"ecc_exclusive_mul_reduce_datapath","FDCE","ecc_leaf_prod_q_reg[24]"
"ecc_exclusive_mul_reduce_datapath","FDCE","ecc_leaf_prod_q_reg[25]"
"ecc_exclusive_mul_reduce_datapath","FDCE","ecc_leaf_prod_q_reg[26]"
"ecc_exclusive_mul_reduce_datapath","FDCE","ecc_leaf_prod_q_reg[27]"
"ecc_exclusive_mul_reduce_datapath","FDCE","ecc_leaf_prod_q_reg[28]"
"ecc_exclusive_mul_reduce_datapath","FDCE","ecc_leaf_prod_q_reg[29]"
"ecc_exclusive_mul_reduce_datapath","FDCE","ecc_leaf_prod_q_reg[2]"
"ecc_exclusive_mul_reduce_datapath","FDCE","ecc_leaf_prod_q_reg[30]"
"ecc_exclusive_mul_reduce_datapath","FDCE","ecc_leaf_prod_q_reg[31]"
"ecc_exclusive_mul_reduce_datapath","FDCE","ecc_leaf_prod_q_reg[32]"
"ecc_exclusive_mul_reduce_datapath","FDCE","ecc_leaf_prod_q_reg[33]"
"ecc_exclusive_mul_reduce_datapath","FDCE","ecc_leaf_prod_q_reg[34]"
"ecc_exclusive_mul_reduce_datapath","FDCE","ecc_leaf_prod_q_reg[35]"
"ecc_exclusive_mul_reduce_datapath","FDCE","ecc_leaf_prod_q_reg[36]"
"ecc_exclusive_mul_reduce_datapath","FDCE","ecc_leaf_prod_q_reg[37]"
"ecc_exclusive_mul_reduce_datapath","FDCE","ecc_leaf_prod_q_reg[38]"
"ecc_exclusive_mul_reduce_datapath","FDCE","ecc_leaf_prod_q_reg[39]"
"ecc_exclusive_mul_reduce_datapath","FDCE","ecc_leaf_prod_q_reg[3]"
"ecc_exclusive_mul_reduce_datapath","FDCE","ecc_leaf_prod_q_reg[40]"
"ecc_exclusive_mul_reduce_datapath","FDCE","ecc_leaf_prod_q_reg[41]"
"ecc_exclusive_mul_reduce_datapath","FDCE","ecc_leaf_prod_q_reg[42]"
"ecc_exclusive_mul_reduce_datapath","FDCE","ecc_leaf_prod_q_reg[43]"
"ecc_exclusive_mul_reduce_datapath","FDCE","ecc_leaf_prod_q_reg[44]"
"ecc_exclusive_mul_reduce_datapath","FDCE","ecc_leaf_prod_q_reg[45]"
"ecc_exclusive_mul_reduce_datapath","FDCE","ecc_leaf_prod_q_reg[46]"
"ecc_exclusive_mul_reduce_datapath","FDCE","ecc_leaf_prod_q_reg[47]"
"ecc_exclusive_mul_reduce_datapath","FDCE","ecc_leaf_prod_q_reg[48]"
"ecc_exclusive_mul_reduce_datapath","FDCE","ecc_leaf_prod_q_reg[49]"
"ecc_exclusive_mul_reduce_datapath","FDCE","ecc_leaf_prod_q_reg[4]"
"ecc_exclusive_mul_reduce_datapath","FDCE","ecc_leaf_prod_q_reg[50]"
"ecc_exclusive_mul_reduce_datapath","FDCE","ecc_leaf_prod_q_reg[51]"
"ecc_exclusive_mul_reduce_datapath","FDCE","ecc_leaf_prod_q_reg[52]"
"ecc_exclusive_mul_reduce_datapath","FDCE","ecc_leaf_prod_q_reg[53]"
"ecc_exclusive_mul_reduce_datapath","FDCE","ecc_leaf_prod_q_reg[54]"
"ecc_exclusive_mul_reduce_datapath","FDCE","ecc_leaf_prod_q_reg[55]"
"ecc_exclusive_mul_reduce_datapath","FDCE","ecc_leaf_prod_q_reg[56]"
"ecc_exclusive_mul_reduce_datapath","FDCE","ecc_leaf_prod_q_reg[57]"
"ecc_exclusive_mul_reduce_datapath","FDCE","ecc_leaf_prod_q_reg[58]"
"ecc_exclusive_mul_reduce_datapath","FDCE","ecc_leaf_prod_q_reg[59]"
"ecc_exclusive_mul_reduce_datapath","FDCE","ecc_leaf_prod_q_reg[5]"
"ecc_exclusive_mul_reduce_datapath","FDCE","ecc_leaf_prod_q_reg[60]"
"ecc_exclusive_mul_reduce_datapath","FDCE","ecc_leaf_prod_q_reg[61]"
"ecc_exclusive_mul_reduce_datapath","FDCE","ecc_leaf_prod_q_reg[62]"
"ecc_exclusive_mul_reduce_datapath","FDCE","ecc_leaf_prod_q_reg[6]"
"ecc_exclusive_mul_reduce_datapath","FDCE","ecc_leaf_prod_q_reg[7]"
"ecc_exclusive_mul_reduce_datapath","FDCE","ecc_leaf_prod_q_reg[8]"
"ecc_exclusive_mul_reduce_datapath","FDCE","ecc_leaf_prod_q_reg[9]"
"ecc_exclusive_mul_reduce_datapath","LUT6","ecc_leaf_xor_a_q[31]_i_1"
"ecc_exclusive_mul_reduce_datapath","LUT5","ecc_leaf_xor_a_q[31]_i_2"
"ecc_exclusive_mul_reduce_datapath","LUT6","ecc_leaf_xor_a_q[31]_i_3"
"ecc_exclusive_mul_reduce_datapath","FDCE","ecc_leaf_xor_a_q_reg[0]"
"ecc_exclusive_mul_reduce_datapath","FDCE","ecc_leaf_xor_a_q_reg[10]"
"ecc_exclusive_mul_reduce_datapath","FDCE","ecc_leaf_xor_a_q_reg[11]"
"ecc_exclusive_mul_reduce_datapath","FDCE","ecc_leaf_xor_a_q_reg[12]"
"ecc_exclusive_mul_reduce_datapath","FDCE","ecc_leaf_xor_a_q_reg[13]"
"ecc_exclusive_mul_reduce_datapath","FDCE","ecc_leaf_xor_a_q_reg[14]"
"ecc_exclusive_mul_reduce_datapath","FDCE","ecc_leaf_xor_a_q_reg[15]"
"ecc_exclusive_mul_reduce_datapath","FDCE","ecc_leaf_xor_a_q_reg[16]"
"ecc_exclusive_mul_reduce_datapath","FDCE","ecc_leaf_xor_a_q_reg[17]"
"ecc_exclusive_mul_reduce_datapath","FDCE","ecc_leaf_xor_a_q_reg[18]"
"ecc_exclusive_mul_reduce_datapath","FDCE","ecc_leaf_xor_a_q_reg[19]"
"ecc_exclusive_mul_reduce_datapath","FDCE","ecc_leaf_xor_a_q_reg[1]"
"ecc_exclusive_mul_reduce_datapath","FDCE","ecc_leaf_xor_a_q_reg[20]"
"ecc_exclusive_mul_reduce_datapath","FDCE","ecc_leaf_xor_a_q_reg[21]"
"ecc_exclusive_mul_reduce_datapath","FDCE","ecc_leaf_xor_a_q_reg[22]"
"ecc_exclusive_mul_reduce_datapath","FDCE","ecc_leaf_xor_a_q_reg[23]"
"ecc_exclusive_mul_reduce_datapath","FDCE","ecc_leaf_xor_a_q_reg[24]"
"ecc_exclusive_mul_reduce_datapath","FDCE","ecc_leaf_xor_a_q_reg[25]"
"ecc_exclusive_mul_reduce_datapath","FDCE","ecc_leaf_xor_a_q_reg[26]"
"ecc_exclusive_mul_reduce_datapath","FDCE","ecc_leaf_xor_a_q_reg[27]"
"ecc_exclusive_mul_reduce_datapath","FDCE","ecc_leaf_xor_a_q_reg[28]"
"ecc_exclusive_mul_reduce_datapath","FDCE","ecc_leaf_xor_a_q_reg[29]"
"ecc_exclusive_mul_reduce_datapath","FDCE","ecc_leaf_xor_a_q_reg[2]"
"ecc_exclusive_mul_reduce_datapath","FDCE","ecc_leaf_xor_a_q_reg[30]"
"ecc_exclusive_mul_reduce_datapath","FDCE","ecc_leaf_xor_a_q_reg[31]"
"ecc_exclusive_mul_reduce_datapath","FDCE","ecc_leaf_xor_a_q_reg[3]"
"ecc_exclusive_mul_reduce_datapath","FDCE","ecc_leaf_xor_a_q_reg[4]"
"ecc_exclusive_mul_reduce_datapath","FDCE","ecc_leaf_xor_a_q_reg[5]"
"ecc_exclusive_mul_reduce_datapath","FDCE","ecc_leaf_xor_a_q_reg[6]"
"ecc_exclusive_mul_reduce_datapath","FDCE","ecc_leaf_xor_a_q_reg[7]"
"ecc_exclusive_mul_reduce_datapath","FDCE","ecc_leaf_xor_a_q_reg[8]"
"ecc_exclusive_mul_reduce_datapath","FDCE","ecc_leaf_xor_a_q_reg[9]"
"ecc_exclusive_mul_reduce_datapath","LUT6","ecc_leaf_xor_b_q[31]_i_1"
"ecc_exclusive_mul_reduce_datapath","FDCE","ecc_leaf_xor_b_q_reg[0]"
"ecc_exclusive_mul_reduce_datapath","FDCE","ecc_leaf_xor_b_q_reg[10]"
"ecc_exclusive_mul_reduce_datapath","FDCE","ecc_leaf_xor_b_q_reg[11]"
"ecc_exclusive_mul_reduce_datapath","FDCE","ecc_leaf_xor_b_q_reg[12]"
"ecc_exclusive_mul_reduce_datapath","FDCE","ecc_leaf_xor_b_q_reg[13]"
"ecc_exclusive_mul_reduce_datapath","FDCE","ecc_leaf_xor_b_q_reg[14]"
"ecc_exclusive_mul_reduce_datapath","FDCE","ecc_leaf_xor_b_q_reg[15]"
"ecc_exclusive_mul_reduce_datapath","FDCE","ecc_leaf_xor_b_q_reg[16]"
"ecc_exclusive_mul_reduce_datapath","FDCE","ecc_leaf_xor_b_q_reg[17]"
"ecc_exclusive_mul_reduce_datapath","FDCE","ecc_leaf_xor_b_q_reg[18]"
"ecc_exclusive_mul_reduce_datapath","FDCE","ecc_leaf_xor_b_q_reg[19]"
"ecc_exclusive_mul_reduce_datapath","FDCE","ecc_leaf_xor_b_q_reg[1]"
"ecc_exclusive_mul_reduce_datapath","FDCE","ecc_leaf_xor_b_q_reg[20]"
"ecc_exclusive_mul_reduce_datapath","FDCE","ecc_leaf_xor_b_q_reg[21]"
"ecc_exclusive_mul_reduce_datapath","FDCE","ecc_leaf_xor_b_q_reg[22]"
"ecc_exclusive_mul_reduce_datapath","FDCE","ecc_leaf_xor_b_q_reg[23]"
"ecc_exclusive_mul_reduce_datapath","FDCE","ecc_leaf_xor_b_q_reg[24]"
"ecc_exclusive_mul_reduce_datapath","FDCE","ecc_leaf_xor_b_q_reg[25]"
"ecc_exclusive_mul_reduce_datapath","FDCE","ecc_leaf_xor_b_q_reg[26]"
"ecc_exclusive_mul_reduce_datapath","FDCE","ecc_leaf_xor_b_q_reg[27]"
"ecc_exclusive_mul_reduce_datapath","FDCE","ecc_leaf_xor_b_q_reg[28]"
"ecc_exclusive_mul_reduce_datapath","FDCE","ecc_leaf_xor_b_q_reg[29]"
"ecc_exclusive_mul_reduce_datapath","FDCE","ecc_leaf_xor_b_q_reg[2]"
"ecc_exclusive_mul_reduce_datapath","FDCE","ecc_leaf_xor_b_q_reg[30]"
"ecc_exclusive_mul_reduce_datapath","FDCE","ecc_leaf_xor_b_q_reg[31]"
"ecc_exclusive_mul_reduce_datapath","FDCE","ecc_leaf_xor_b_q_reg[3]"
"ecc_exclusive_mul_reduce_datapath","FDCE","ecc_leaf_xor_b_q_reg[4]"
"ecc_exclusive_mul_reduce_datapath","FDCE","ecc_leaf_xor_b_q_reg[5]"
"ecc_exclusive_mul_reduce_datapath","FDCE","ecc_leaf_xor_b_q_reg[6]"
"ecc_exclusive_mul_reduce_datapath","FDCE","ecc_leaf_xor_b_q_reg[7]"
"ecc_exclusive_mul_reduce_datapath","FDCE","ecc_leaf_xor_b_q_reg[8]"
"ecc_exclusive_mul_reduce_datapath","FDCE","ecc_leaf_xor_b_q_reg[9]"
"ecc_exclusive_mul_reduce_datapath","LUT3","ecc_pipe0_diag_slot_q_i_1"
"ecc_exclusive_mul_reduce_datapath","FDCE","ecc_pipe0_diag_slot_q_reg"
"ecc_exclusive_mul_reduce_datapath","LUT6","ecc_pipe0_valid_q_i_1"
"ecc_exclusive_mul_reduce_datapath","LUT2","ecc_pipe0_valid_q_i_2"
"ecc_exclusive_mul_reduce_datapath","LUT6","ecc_pipe0_valid_q_i_3"
"ecc_exclusive_mul_reduce_datapath","FDCE","ecc_pipe0_valid_q_reg"
"ecc_exclusive_inv_pmul_schedule","LUT2","ecc_pmul_bit_q[0]_i_1"
"ecc_exclusive_inv_pmul_schedule","LUT3","ecc_pmul_bit_q[1]_i_1"
"ecc_exclusive_inv_pmul_schedule","LUT4","ecc_pmul_bit_q[2]_i_1"
"ecc_exclusive_inv_pmul_schedule","LUT5","ecc_pmul_bit_q[3]_i_1"
"ecc_exclusive_inv_pmul_schedule","LUT6","ecc_pmul_bit_q[4]_i_1"
"ecc_exclusive_inv_pmul_schedule","LUT5","ecc_pmul_bit_q[5]_i_1"
"ecc_exclusive_inv_pmul_schedule","LUT6","ecc_pmul_bit_q[6]_i_1"
"ecc_exclusive_inv_pmul_schedule","LUT3","ecc_pmul_bit_q[6]_i_2"
"ecc_exclusive_inv_pmul_schedule","LUT6","ecc_pmul_bit_q[7]_i_1"
"ecc_exclusive_inv_pmul_schedule","LUT4","ecc_pmul_bit_q[7]_i_2"
"ecc_exclusive_inv_pmul_schedule","LUT6","ecc_pmul_bit_q[7]_i_3"
"ecc_exclusive_inv_pmul_schedule","LUT6","ecc_pmul_bit_q[7]_i_5"
"ecc_exclusive_inv_pmul_schedule","LUT6","ecc_pmul_bit_q[7]_i_6"
"ecc_exclusive_inv_pmul_schedule","FDCE","ecc_pmul_bit_q_reg[0]"
"ecc_exclusive_inv_pmul_schedule","FDCE","ecc_pmul_bit_q_reg[1]"
"ecc_exclusive_inv_pmul_schedule","FDCE","ecc_pmul_bit_q_reg[2]"
"ecc_exclusive_inv_pmul_schedule","FDCE","ecc_pmul_bit_q_reg[3]"
"ecc_exclusive_inv_pmul_schedule","FDCE","ecc_pmul_bit_q_reg[4]"
"ecc_exclusive_inv_pmul_schedule","FDCE","ecc_pmul_bit_q_reg[5]"
"ecc_exclusive_inv_pmul_schedule","FDCE","ecc_pmul_bit_q_reg[6]"
"ecc_exclusive_inv_pmul_schedule","FDCE","ecc_pmul_bit_q_reg[7]"
"ecc_exclusive_inv_pmul_schedule","LUT6","ecc_pmul_const_one_q_i_1"
"ecc_exclusive_inv_pmul_schedule","LUT2","ecc_pmul_const_one_q_i_2"
"ecc_exclusive_inv_pmul_schedule","LUT4","ecc_pmul_const_one_q_i_3"
"ecc_exclusive_inv_pmul_schedule","LUT6","ecc_pmul_const_one_q_i_4"
"ecc_exclusive_inv_pmul_schedule","LUT6","ecc_pmul_const_one_q_i_5"
"ecc_exclusive_inv_pmul_schedule","LUT2","ecc_pmul_const_one_q_i_6"
"ecc_exclusive_inv_pmul_schedule","LUT4","ecc_pmul_const_one_q_i_7"
"ecc_exclusive_inv_pmul_schedule","FDCE","ecc_pmul_const_one_q_reg"
"ecc_exclusive_inv_pmul_schedule","LUT6","ecc_pmul_ctrl_q[0]_i_1"
"ecc_exclusive_inv_pmul_schedule","LUT3","ecc_pmul_ctrl_q[0]_i_2"
"ecc_exclusive_inv_pmul_schedule","LUT6","ecc_pmul_ctrl_q[0]_i_3"
"ecc_exclusive_inv_pmul_schedule","LUT3","ecc_pmul_ctrl_q[0]_i_4"
"ecc_exclusive_inv_pmul_schedule","FDCE","ecc_pmul_ctrl_q_reg[0]"
"ecc_exclusive_inv_pmul_schedule","FDCE","ecc_pmul_point_q_reg[0]"
"ecc_exclusive_inv_pmul_schedule","FDCE","ecc_pmul_point_q_reg[1]"
"ecc_exclusive_inv_pmul_schedule","FDCE","ecc_pmul_point_q_reg[2]"
"ecc_exclusive_inv_pmul_schedule","FDCE","ecc_pmul_point_q_reg[3]"
"ecc_exclusive_inv_pmul_schedule","FDCE","ecc_pmul_point_q_reg[4]"
"ecc_exclusive_inv_pmul_schedule","FDCE","ecc_pmul_point_q_reg[5]"
"ecc_exclusive_inv_pmul_schedule","LUT5","ecc_pmul_r0_inf_q_i_1"
"ecc_exclusive_inv_pmul_schedule","LUT6","ecc_pmul_r0_inf_q_i_2"
"ecc_exclusive_inv_pmul_schedule","FDPE","ecc_pmul_r0_inf_q_reg"
"ecc_exclusive_inv_pmul_schedule","FDCE","ecc_pmul_result_q_reg[0]"
"ecc_exclusive_inv_pmul_schedule","FDCE","ecc_pmul_result_q_reg[1]"
"ecc_exclusive_inv_pmul_schedule","FDCE","ecc_pmul_result_q_reg[2]"
"ecc_exclusive_inv_pmul_schedule","FDCE","ecc_pmul_result_q_reg[3]"
"ecc_exclusive_inv_pmul_schedule","FDCE","ecc_pmul_result_q_reg[4]"
"ecc_exclusive_inv_pmul_schedule","FDCE","ecc_pmul_result_q_reg[5]"
"ecc_exclusive_inv_pmul_schedule","FDCE","ecc_pmul_scalar_bit_q_reg"
"ecc_exclusive_inv_pmul_schedule","LUT2","ecc_pmul_step_q[0]_i_1"
"ecc_exclusive_inv_pmul_schedule","LUT3","ecc_pmul_step_q[1]_i_1"
"ecc_exclusive_inv_pmul_schedule","LUT4","ecc_pmul_step_q[2]_i_1"
"ecc_exclusive_inv_pmul_schedule","LUT5","ecc_pmul_step_q[3]_i_1"
"ecc_exclusive_inv_pmul_schedule","LUT6","ecc_pmul_step_q[4]_i_1"
"ecc_exclusive_inv_pmul_schedule","LUT6","ecc_pmul_step_q[5]_i_1"
"ecc_exclusive_inv_pmul_schedule","LUT6","ecc_pmul_step_q[5]_i_2"
"ecc_exclusive_inv_pmul_schedule","LUT2","ecc_pmul_step_q[5]_i_4"
"ecc_exclusive_inv_pmul_schedule","LUT3","ecc_pmul_step_q[5]_i_5"
"ecc_exclusive_inv_pmul_schedule","LUT6","ecc_pmul_step_q[5]_i_6"
"ecc_exclusive_inv_pmul_schedule","LUT3","ecc_pmul_step_q[5]_i_7"
"ecc_exclusive_inv_pmul_schedule","LUT2","ecc_pmul_step_q[5]_i_8"
"ecc_exclusive_inv_pmul_schedule","FDCE","ecc_pmul_step_q_reg[0]"
"ecc_exclusive_inv_pmul_schedule","FDCE","ecc_pmul_step_q_reg[1]"
"ecc_exclusive_inv_pmul_schedule","FDCE","ecc_pmul_step_q_reg[2]"
"ecc_exclusive_inv_pmul_schedule","FDCE","ecc_pmul_step_q_reg[3]"
"ecc_exclusive_inv_pmul_schedule","FDCE","ecc_pmul_step_q_reg[4]"
"ecc_exclusive_inv_pmul_schedule","FDCE","ecc_pmul_step_q_reg[5]"
"ecc_exclusive_inv_pmul_schedule","LUT3","ecc_pmul_subop_q[0]_i_1"
"ecc_exclusive_inv_pmul_schedule","LUT4","ecc_pmul_subop_q[1]_i_1"
"ecc_exclusive_inv_pmul_schedule","LUT1","ecc_pmul_subop_q[2]_i_1"
"ecc_exclusive_inv_pmul_schedule","FDCE","ecc_pmul_subop_q_reg[0]"
"ecc_exclusive_inv_pmul_schedule","FDCE","ecc_pmul_subop_q_reg[1]"
"ecc_exclusive_inv_pmul_schedule","FDCE","ecc_pmul_subop_q_reg[2]"
"ecc_exclusive_product_scratch","RAM32X1S","ecc_product_pair_reg_0_3_0_0"
"ecc_exclusive_product_scratch","LUT6","ecc_product_pair_reg_0_3_0_0_i_1"
"ecc_exclusive_product_scratch","MUXF7","ecc_product_pair_reg_0_3_0_0_i_3"
"ecc_exclusive_product_scratch","LUT4","ecc_product_pair_reg_0_3_0_0_i_4"
"ecc_exclusive_product_scratch","LUT6","ecc_product_pair_reg_0_3_0_0_i_5"
"ecc_exclusive_product_scratch","LUT4","ecc_product_pair_reg_0_3_0_0_i_6"
"ecc_exclusive_product_scratch","LUT6","ecc_product_pair_reg_0_3_0_0_i_7"
"ecc_exclusive_product_scratch","LUT5","ecc_product_pair_reg_0_3_0_0_i_8"
"ecc_exclusive_product_scratch","RAM32X1S","ecc_product_pair_reg_0_3_100_100"
"ecc_exclusive_product_scratch","LUT6","ecc_product_pair_reg_0_3_100_100_i_1"
"ecc_exclusive_product_scratch","RAM32X1S","ecc_product_pair_reg_0_3_101_101"
"ecc_exclusive_product_scratch","LUT6","ecc_product_pair_reg_0_3_101_101_i_1"
"ecc_exclusive_product_scratch","RAM32X1S","ecc_product_pair_reg_0_3_102_102"
"ecc_exclusive_product_scratch","LUT6","ecc_product_pair_reg_0_3_102_102_i_1"
"ecc_exclusive_product_scratch","RAM32X1S","ecc_product_pair_reg_0_3_103_103"
"ecc_exclusive_product_scratch","LUT6","ecc_product_pair_reg_0_3_103_103_i_1"
"ecc_exclusive_product_scratch","RAM32X1S","ecc_product_pair_reg_0_3_104_104"
"ecc_exclusive_product_scratch","LUT6","ecc_product_pair_reg_0_3_104_104_i_1"
"ecc_exclusive_product_scratch","RAM32X1S","ecc_product_pair_reg_0_3_105_105"
"ecc_exclusive_product_scratch","LUT6","ecc_product_pair_reg_0_3_105_105_i_1"
"ecc_exclusive_product_scratch","RAM32X1S","ecc_product_pair_reg_0_3_106_106"
"ecc_exclusive_product_scratch","LUT6","ecc_product_pair_reg_0_3_106_106_i_1"
"ecc_exclusive_product_scratch","RAM32X1S","ecc_product_pair_reg_0_3_107_107"
"ecc_exclusive_product_scratch","LUT6","ecc_product_pair_reg_0_3_107_107_i_1"
"ecc_exclusive_product_scratch","RAM32X1S","ecc_product_pair_reg_0_3_108_108"
"ecc_exclusive_product_scratch","LUT6","ecc_product_pair_reg_0_3_108_108_i_1"
"ecc_exclusive_product_scratch","RAM32X1S","ecc_product_pair_reg_0_3_109_109"
"ecc_exclusive_product_scratch","LUT6","ecc_product_pair_reg_0_3_109_109_i_1"
"ecc_exclusive_product_scratch","RAM32X1S","ecc_product_pair_reg_0_3_10_10"
"ecc_exclusive_product_scratch","LUT6","ecc_product_pair_reg_0_3_10_10_i_1"
"ecc_exclusive_product_scratch","LUT4","ecc_product_pair_reg_0_3_10_10_i_2"
"ecc_exclusive_product_scratch","RAM32X1S","ecc_product_pair_reg_0_3_110_110"
"ecc_exclusive_product_scratch","LUT6","ecc_product_pair_reg_0_3_110_110_i_1"
"ecc_exclusive_product_scratch","RAM32X1S","ecc_product_pair_reg_0_3_111_111"
"ecc_exclusive_product_scratch","LUT6","ecc_product_pair_reg_0_3_111_111_i_1"
"ecc_exclusive_product_scratch","RAM32X1S","ecc_product_pair_reg_0_3_112_112"
"ecc_exclusive_product_scratch","LUT6","ecc_product_pair_reg_0_3_112_112_i_1"
"ecc_exclusive_product_scratch","RAM32X1S","ecc_product_pair_reg_0_3_113_113"
"ecc_exclusive_product_scratch","LUT6","ecc_product_pair_reg_0_3_113_113_i_1"
"ecc_exclusive_product_scratch","RAM32X1S","ecc_product_pair_reg_0_3_114_114"
"ecc_exclusive_product_scratch","LUT6","ecc_product_pair_reg_0_3_114_114_i_1"
"ecc_exclusive_product_scratch","RAM32X1S","ecc_product_pair_reg_0_3_115_115"
"ecc_exclusive_product_scratch","LUT6","ecc_product_pair_reg_0_3_115_115_i_1"
"ecc_exclusive_product_scratch","RAM32X1S","ecc_product_pair_reg_0_3_116_116"
"ecc_exclusive_product_scratch","LUT6","ecc_product_pair_reg_0_3_116_116_i_1"
"ecc_exclusive_product_scratch","RAM32X1S","ecc_product_pair_reg_0_3_117_117"
"ecc_exclusive_product_scratch","LUT6","ecc_product_pair_reg_0_3_117_117_i_1"
"ecc_exclusive_product_scratch","RAM32X1S","ecc_product_pair_reg_0_3_118_118"
"ecc_exclusive_product_scratch","LUT6","ecc_product_pair_reg_0_3_118_118_i_1"
"ecc_exclusive_product_scratch","RAM32X1S","ecc_product_pair_reg_0_3_119_119"
"ecc_exclusive_product_scratch","LUT6","ecc_product_pair_reg_0_3_119_119_i_1"
"ecc_exclusive_product_scratch","RAM32X1S","ecc_product_pair_reg_0_3_11_11"
"ecc_exclusive_product_scratch","LUT6","ecc_product_pair_reg_0_3_11_11_i_1"
"ecc_exclusive_product_scratch","LUT4","ecc_product_pair_reg_0_3_11_11_i_2"
"ecc_exclusive_product_scratch","RAM32X1S","ecc_product_pair_reg_0_3_120_120"
"ecc_exclusive_product_scratch","LUT6","ecc_product_pair_reg_0_3_120_120_i_1"
"ecc_exclusive_product_scratch","RAM32X1S","ecc_product_pair_reg_0_3_121_121"
"ecc_exclusive_product_scratch","LUT6","ecc_product_pair_reg_0_3_121_121_i_1"
"ecc_exclusive_product_scratch","RAM32X1S","ecc_product_pair_reg_0_3_122_122"
"ecc_exclusive_product_scratch","LUT6","ecc_product_pair_reg_0_3_122_122_i_1"
"ecc_exclusive_product_scratch","RAM32X1S","ecc_product_pair_reg_0_3_123_123"
"ecc_exclusive_product_scratch","LUT6","ecc_product_pair_reg_0_3_123_123_i_1"
"ecc_exclusive_product_scratch","RAM32X1S","ecc_product_pair_reg_0_3_124_124"
"ecc_exclusive_product_scratch","LUT6","ecc_product_pair_reg_0_3_124_124_i_1"
"ecc_exclusive_product_scratch","RAM32X1S","ecc_product_pair_reg_0_3_125_125"
"ecc_exclusive_product_scratch","LUT6","ecc_product_pair_reg_0_3_125_125_i_1"
"ecc_exclusive_product_scratch","RAM32X1S","ecc_product_pair_reg_0_3_126_126"
"ecc_exclusive_product_scratch","LUT6","ecc_product_pair_reg_0_3_126_126_i_1"
"ecc_exclusive_product_scratch","RAM32X1S","ecc_product_pair_reg_0_3_127_127"
"ecc_exclusive_product_scratch","LUT6","ecc_product_pair_reg_0_3_127_127_i_1"
"ecc_exclusive_product_scratch","RAM32X1S","ecc_product_pair_reg_0_3_12_12"
"ecc_exclusive_product_scratch","LUT6","ecc_product_pair_reg_0_3_12_12_i_1"
"ecc_exclusive_product_scratch","LUT4","ecc_product_pair_reg_0_3_12_12_i_2"
"ecc_exclusive_product_scratch","RAM32X1S","ecc_product_pair_reg_0_3_13_13"
"ecc_exclusive_product_scratch","LUT6","ecc_product_pair_reg_0_3_13_13_i_1"
"ecc_exclusive_product_scratch","LUT4","ecc_product_pair_reg_0_3_13_13_i_2"
"ecc_exclusive_product_scratch","RAM32X1S","ecc_product_pair_reg_0_3_14_14"
"ecc_exclusive_product_scratch","LUT6","ecc_product_pair_reg_0_3_14_14_i_1"
"ecc_exclusive_product_scratch","LUT4","ecc_product_pair_reg_0_3_14_14_i_2"
"ecc_exclusive_product_scratch","RAM32X1S","ecc_product_pair_reg_0_3_15_15"
"ecc_exclusive_product_scratch","LUT6","ecc_product_pair_reg_0_3_15_15_i_1"
"ecc_exclusive_product_scratch","LUT4","ecc_product_pair_reg_0_3_15_15_i_2"
"ecc_exclusive_product_scratch","RAM32X1S","ecc_product_pair_reg_0_3_16_16"
"ecc_exclusive_product_scratch","LUT6","ecc_product_pair_reg_0_3_16_16_i_1"
"ecc_exclusive_product_scratch","LUT4","ecc_product_pair_reg_0_3_16_16_i_2"
"ecc_exclusive_product_scratch","RAM32X1S","ecc_product_pair_reg_0_3_17_17"
"ecc_exclusive_product_scratch","LUT6","ecc_product_pair_reg_0_3_17_17_i_1"
"ecc_exclusive_product_scratch","LUT4","ecc_product_pair_reg_0_3_17_17_i_2"
"ecc_exclusive_product_scratch","RAM32X1S","ecc_product_pair_reg_0_3_18_18"
"ecc_exclusive_product_scratch","LUT6","ecc_product_pair_reg_0_3_18_18_i_1"
"ecc_exclusive_product_scratch","LUT4","ecc_product_pair_reg_0_3_18_18_i_2"
"ecc_exclusive_product_scratch","RAM32X1S","ecc_product_pair_reg_0_3_19_19"
"ecc_exclusive_product_scratch","LUT6","ecc_product_pair_reg_0_3_19_19_i_1"
"ecc_exclusive_product_scratch","LUT4","ecc_product_pair_reg_0_3_19_19_i_2"
"ecc_exclusive_product_scratch","RAM32X1S","ecc_product_pair_reg_0_3_1_1"
"ecc_exclusive_product_scratch","LUT6","ecc_product_pair_reg_0_3_1_1_i_1"
"ecc_exclusive_product_scratch","LUT4","ecc_product_pair_reg_0_3_1_1_i_2"
"ecc_exclusive_product_scratch","RAM32X1S","ecc_product_pair_reg_0_3_20_20"
"ecc_exclusive_product_scratch","LUT6","ecc_product_pair_reg_0_3_20_20_i_1"
"ecc_exclusive_product_scratch","LUT4","ecc_product_pair_reg_0_3_20_20_i_2"
"ecc_exclusive_product_scratch","RAM32X1S","ecc_product_pair_reg_0_3_21_21"
"ecc_exclusive_product_scratch","LUT6","ecc_product_pair_reg_0_3_21_21_i_1"
"ecc_exclusive_product_scratch","LUT4","ecc_product_pair_reg_0_3_21_21_i_2"
"ecc_exclusive_product_scratch","RAM32X1S","ecc_product_pair_reg_0_3_22_22"
"ecc_exclusive_product_scratch","LUT6","ecc_product_pair_reg_0_3_22_22_i_1"
"ecc_exclusive_product_scratch","LUT4","ecc_product_pair_reg_0_3_22_22_i_2"
"ecc_exclusive_product_scratch","RAM32X1S","ecc_product_pair_reg_0_3_23_23"
"ecc_exclusive_product_scratch","LUT6","ecc_product_pair_reg_0_3_23_23_i_1"
"ecc_exclusive_product_scratch","LUT4","ecc_product_pair_reg_0_3_23_23_i_2"
"ecc_exclusive_product_scratch","RAM32X1S","ecc_product_pair_reg_0_3_24_24"
"ecc_exclusive_product_scratch","LUT6","ecc_product_pair_reg_0_3_24_24_i_1"
"ecc_exclusive_product_scratch","LUT4","ecc_product_pair_reg_0_3_24_24_i_2"
"ecc_exclusive_product_scratch","RAM32X1S","ecc_product_pair_reg_0_3_25_25"
"ecc_exclusive_product_scratch","LUT6","ecc_product_pair_reg_0_3_25_25_i_1"
"ecc_exclusive_product_scratch","LUT4","ecc_product_pair_reg_0_3_25_25_i_2"
"ecc_exclusive_product_scratch","RAM32X1S","ecc_product_pair_reg_0_3_26_26"
"ecc_exclusive_product_scratch","LUT6","ecc_product_pair_reg_0_3_26_26_i_1"
"ecc_exclusive_product_scratch","LUT4","ecc_product_pair_reg_0_3_26_26_i_2"
"ecc_exclusive_product_scratch","RAM32X1S","ecc_product_pair_reg_0_3_27_27"
"ecc_exclusive_product_scratch","LUT6","ecc_product_pair_reg_0_3_27_27_i_1"
"ecc_exclusive_product_scratch","LUT4","ecc_product_pair_reg_0_3_27_27_i_2"
"ecc_exclusive_product_scratch","RAM32X1S","ecc_product_pair_reg_0_3_28_28"
"ecc_exclusive_product_scratch","LUT6","ecc_product_pair_reg_0_3_28_28_i_1"
"ecc_exclusive_product_scratch","LUT4","ecc_product_pair_reg_0_3_28_28_i_2"
"ecc_exclusive_product_scratch","RAM32X1S","ecc_product_pair_reg_0_3_29_29"
"ecc_exclusive_product_scratch","LUT6","ecc_product_pair_reg_0_3_29_29_i_1"
"ecc_exclusive_product_scratch","LUT4","ecc_product_pair_reg_0_3_29_29_i_2"
"ecc_exclusive_product_scratch","RAM32X1S","ecc_product_pair_reg_0_3_2_2"
"ecc_exclusive_product_scratch","LUT6","ecc_product_pair_reg_0_3_2_2_i_1"
"ecc_exclusive_product_scratch","LUT4","ecc_product_pair_reg_0_3_2_2_i_2"
"ecc_exclusive_product_scratch","RAM32X1S","ecc_product_pair_reg_0_3_30_30"
"ecc_exclusive_product_scratch","LUT6","ecc_product_pair_reg_0_3_30_30_i_1"
"ecc_exclusive_product_scratch","LUT4","ecc_product_pair_reg_0_3_30_30_i_2"
"ecc_exclusive_product_scratch","RAM32X1S","ecc_product_pair_reg_0_3_31_31"
"ecc_exclusive_product_scratch","LUT6","ecc_product_pair_reg_0_3_31_31_i_1"
"ecc_exclusive_product_scratch","RAM32X1S","ecc_product_pair_reg_0_3_32_32"
"ecc_exclusive_product_scratch","LUT6","ecc_product_pair_reg_0_3_32_32_i_1"
"ecc_exclusive_product_scratch","LUT4","ecc_product_pair_reg_0_3_32_32_i_2"
"ecc_exclusive_product_scratch","RAM32X1S","ecc_product_pair_reg_0_3_33_33"
"ecc_exclusive_product_scratch","LUT6","ecc_product_pair_reg_0_3_33_33_i_1"
"ecc_exclusive_product_scratch","LUT4","ecc_product_pair_reg_0_3_33_33_i_2"
"ecc_exclusive_product_scratch","RAM32X1S","ecc_product_pair_reg_0_3_34_34"
"ecc_exclusive_product_scratch","LUT6","ecc_product_pair_reg_0_3_34_34_i_1"
"ecc_exclusive_product_scratch","LUT4","ecc_product_pair_reg_0_3_34_34_i_2"
"ecc_exclusive_product_scratch","RAM32X1S","ecc_product_pair_reg_0_3_35_35"
"ecc_exclusive_product_scratch","LUT6","ecc_product_pair_reg_0_3_35_35_i_1"
"ecc_exclusive_product_scratch","LUT4","ecc_product_pair_reg_0_3_35_35_i_2"
"ecc_exclusive_product_scratch","RAM32X1S","ecc_product_pair_reg_0_3_36_36"
"ecc_exclusive_product_scratch","LUT6","ecc_product_pair_reg_0_3_36_36_i_1"
"ecc_exclusive_product_scratch","LUT4","ecc_product_pair_reg_0_3_36_36_i_2"
"ecc_exclusive_product_scratch","RAM32X1S","ecc_product_pair_reg_0_3_37_37"
"ecc_exclusive_product_scratch","LUT6","ecc_product_pair_reg_0_3_37_37_i_1"
"ecc_exclusive_product_scratch","LUT4","ecc_product_pair_reg_0_3_37_37_i_2"
"ecc_exclusive_product_scratch","RAM32X1S","ecc_product_pair_reg_0_3_38_38"
"ecc_exclusive_product_scratch","LUT6","ecc_product_pair_reg_0_3_38_38_i_1"
"ecc_exclusive_product_scratch","LUT4","ecc_product_pair_reg_0_3_38_38_i_2"
"ecc_exclusive_product_scratch","RAM32X1S","ecc_product_pair_reg_0_3_39_39"
"ecc_exclusive_product_scratch","LUT6","ecc_product_pair_reg_0_3_39_39_i_1"
"ecc_exclusive_product_scratch","LUT4","ecc_product_pair_reg_0_3_39_39_i_2"
"ecc_exclusive_product_scratch","RAM32X1S","ecc_product_pair_reg_0_3_3_3"
"ecc_exclusive_product_scratch","LUT6","ecc_product_pair_reg_0_3_3_3_i_1"
"ecc_exclusive_product_scratch","LUT4","ecc_product_pair_reg_0_3_3_3_i_2"
"ecc_exclusive_product_scratch","RAM32X1S","ecc_product_pair_reg_0_3_40_40"
"ecc_exclusive_product_scratch","LUT6","ecc_product_pair_reg_0_3_40_40_i_1"
"ecc_exclusive_product_scratch","LUT4","ecc_product_pair_reg_0_3_40_40_i_2"
"ecc_exclusive_product_scratch","RAM32X1S","ecc_product_pair_reg_0_3_41_41"
"ecc_exclusive_product_scratch","LUT6","ecc_product_pair_reg_0_3_41_41_i_1"
"ecc_exclusive_product_scratch","LUT4","ecc_product_pair_reg_0_3_41_41_i_2"
"ecc_exclusive_product_scratch","RAM32X1S","ecc_product_pair_reg_0_3_42_42"
"ecc_exclusive_product_scratch","LUT6","ecc_product_pair_reg_0_3_42_42_i_1"
"ecc_exclusive_product_scratch","LUT4","ecc_product_pair_reg_0_3_42_42_i_2"
"ecc_exclusive_product_scratch","RAM32X1S","ecc_product_pair_reg_0_3_43_43"
"ecc_exclusive_product_scratch","LUT6","ecc_product_pair_reg_0_3_43_43_i_1"
"ecc_exclusive_product_scratch","LUT4","ecc_product_pair_reg_0_3_43_43_i_2"
"ecc_exclusive_product_scratch","RAM32X1S","ecc_product_pair_reg_0_3_44_44"
"ecc_exclusive_product_scratch","LUT6","ecc_product_pair_reg_0_3_44_44_i_1"
"ecc_exclusive_product_scratch","LUT4","ecc_product_pair_reg_0_3_44_44_i_2"
"ecc_exclusive_product_scratch","RAM32X1S","ecc_product_pair_reg_0_3_45_45"
"ecc_exclusive_product_scratch","LUT6","ecc_product_pair_reg_0_3_45_45_i_1"
"ecc_exclusive_product_scratch","LUT4","ecc_product_pair_reg_0_3_45_45_i_2"
"ecc_exclusive_product_scratch","RAM32X1S","ecc_product_pair_reg_0_3_46_46"
"ecc_exclusive_product_scratch","LUT6","ecc_product_pair_reg_0_3_46_46_i_1"
"ecc_exclusive_product_scratch","LUT4","ecc_product_pair_reg_0_3_46_46_i_2"
"ecc_exclusive_product_scratch","RAM32X1S","ecc_product_pair_reg_0_3_47_47"
"ecc_exclusive_product_scratch","LUT6","ecc_product_pair_reg_0_3_47_47_i_1"
"ecc_exclusive_product_scratch","LUT4","ecc_product_pair_reg_0_3_47_47_i_2"
"ecc_exclusive_product_scratch","RAM32X1S","ecc_product_pair_reg_0_3_48_48"
"ecc_exclusive_product_scratch","LUT6","ecc_product_pair_reg_0_3_48_48_i_1"
"ecc_exclusive_product_scratch","LUT4","ecc_product_pair_reg_0_3_48_48_i_2"
"ecc_exclusive_product_scratch","RAM32X1S","ecc_product_pair_reg_0_3_49_49"
"ecc_exclusive_product_scratch","LUT6","ecc_product_pair_reg_0_3_49_49_i_1"
"ecc_exclusive_product_scratch","LUT4","ecc_product_pair_reg_0_3_49_49_i_2"
"ecc_exclusive_product_scratch","RAM32X1S","ecc_product_pair_reg_0_3_4_4"
"ecc_exclusive_product_scratch","LUT6","ecc_product_pair_reg_0_3_4_4_i_1"
"ecc_exclusive_product_scratch","LUT4","ecc_product_pair_reg_0_3_4_4_i_2"
"ecc_exclusive_product_scratch","RAM32X1S","ecc_product_pair_reg_0_3_50_50"
"ecc_exclusive_product_scratch","LUT6","ecc_product_pair_reg_0_3_50_50_i_1"
"ecc_exclusive_product_scratch","LUT4","ecc_product_pair_reg_0_3_50_50_i_2"
"ecc_exclusive_product_scratch","RAM32X1S","ecc_product_pair_reg_0_3_51_51"
"ecc_exclusive_product_scratch","LUT6","ecc_product_pair_reg_0_3_51_51_i_1"
"ecc_exclusive_product_scratch","LUT4","ecc_product_pair_reg_0_3_51_51_i_2"
"ecc_exclusive_product_scratch","RAM32X1S","ecc_product_pair_reg_0_3_52_52"
"ecc_exclusive_product_scratch","LUT6","ecc_product_pair_reg_0_3_52_52_i_1"
"ecc_exclusive_product_scratch","LUT4","ecc_product_pair_reg_0_3_52_52_i_2"
"ecc_exclusive_product_scratch","RAM32X1S","ecc_product_pair_reg_0_3_53_53"
"ecc_exclusive_product_scratch","LUT6","ecc_product_pair_reg_0_3_53_53_i_1"
"ecc_exclusive_product_scratch","LUT4","ecc_product_pair_reg_0_3_53_53_i_2"
"ecc_exclusive_product_scratch","RAM32X1S","ecc_product_pair_reg_0_3_54_54"
"ecc_exclusive_product_scratch","LUT6","ecc_product_pair_reg_0_3_54_54_i_1"
"ecc_exclusive_product_scratch","LUT4","ecc_product_pair_reg_0_3_54_54_i_2"
"ecc_exclusive_product_scratch","RAM32X1S","ecc_product_pair_reg_0_3_55_55"
"ecc_exclusive_product_scratch","LUT6","ecc_product_pair_reg_0_3_55_55_i_1"
"ecc_exclusive_product_scratch","LUT4","ecc_product_pair_reg_0_3_55_55_i_2"
"ecc_exclusive_product_scratch","RAM32X1S","ecc_product_pair_reg_0_3_56_56"
"ecc_exclusive_product_scratch","LUT6","ecc_product_pair_reg_0_3_56_56_i_1"
"ecc_exclusive_product_scratch","LUT4","ecc_product_pair_reg_0_3_56_56_i_2"
"ecc_exclusive_product_scratch","RAM32X1S","ecc_product_pair_reg_0_3_57_57"
"ecc_exclusive_product_scratch","LUT6","ecc_product_pair_reg_0_3_57_57_i_1"
"ecc_exclusive_product_scratch","LUT4","ecc_product_pair_reg_0_3_57_57_i_2"
"ecc_exclusive_product_scratch","RAM32X1S","ecc_product_pair_reg_0_3_58_58"
"ecc_exclusive_product_scratch","LUT6","ecc_product_pair_reg_0_3_58_58_i_1"
"ecc_exclusive_product_scratch","LUT4","ecc_product_pair_reg_0_3_58_58_i_2"
"ecc_exclusive_product_scratch","RAM32X1S","ecc_product_pair_reg_0_3_59_59"
"ecc_exclusive_product_scratch","LUT6","ecc_product_pair_reg_0_3_59_59_i_1"
"ecc_exclusive_product_scratch","LUT4","ecc_product_pair_reg_0_3_59_59_i_2"
"ecc_exclusive_product_scratch","RAM32X1S","ecc_product_pair_reg_0_3_5_5"
"ecc_exclusive_product_scratch","LUT6","ecc_product_pair_reg_0_3_5_5_i_1"
"ecc_exclusive_product_scratch","LUT4","ecc_product_pair_reg_0_3_5_5_i_2"
"ecc_exclusive_product_scratch","RAM32X1S","ecc_product_pair_reg_0_3_60_60"
"ecc_exclusive_product_scratch","LUT6","ecc_product_pair_reg_0_3_60_60_i_1"
"ecc_exclusive_product_scratch","LUT4","ecc_product_pair_reg_0_3_60_60_i_2"
"ecc_exclusive_product_scratch","RAM32X1S","ecc_product_pair_reg_0_3_61_61"
"ecc_exclusive_product_scratch","LUT6","ecc_product_pair_reg_0_3_61_61_i_1"
"ecc_exclusive_product_scratch","LUT4","ecc_product_pair_reg_0_3_61_61_i_2"
"ecc_exclusive_product_scratch","RAM32X1S","ecc_product_pair_reg_0_3_62_62"
"ecc_exclusive_product_scratch","LUT6","ecc_product_pair_reg_0_3_62_62_i_1"
"ecc_exclusive_product_scratch","LUT4","ecc_product_pair_reg_0_3_62_62_i_2"
"ecc_exclusive_product_scratch","RAM32X1S","ecc_product_pair_reg_0_3_63_63"
"ecc_exclusive_product_scratch","LUT6","ecc_product_pair_reg_0_3_63_63_i_1"
"ecc_exclusive_product_scratch","RAM32X1S","ecc_product_pair_reg_0_3_64_64"
"ecc_exclusive_product_scratch","LUT6","ecc_product_pair_reg_0_3_64_64_i_1"
"ecc_exclusive_product_scratch","LUT6","ecc_product_pair_reg_0_3_64_64_i_2"
"ecc_exclusive_product_scratch","RAM32X1S","ecc_product_pair_reg_0_3_65_65"
"ecc_exclusive_product_scratch","LUT6","ecc_product_pair_reg_0_3_65_65_i_1"
"ecc_exclusive_product_scratch","RAM32X1S","ecc_product_pair_reg_0_3_66_66"
"ecc_exclusive_product_scratch","LUT6","ecc_product_pair_reg_0_3_66_66_i_1"
"ecc_exclusive_product_scratch","RAM32X1S","ecc_product_pair_reg_0_3_67_67"
"ecc_exclusive_product_scratch","LUT6","ecc_product_pair_reg_0_3_67_67_i_1"
"ecc_exclusive_product_scratch","RAM32X1S","ecc_product_pair_reg_0_3_68_68"
"ecc_exclusive_product_scratch","LUT6","ecc_product_pair_reg_0_3_68_68_i_1"
"ecc_exclusive_product_scratch","RAM32X1S","ecc_product_pair_reg_0_3_69_69"
"ecc_exclusive_product_scratch","LUT6","ecc_product_pair_reg_0_3_69_69_i_1"
"ecc_exclusive_product_scratch","RAM32X1S","ecc_product_pair_reg_0_3_6_6"
"ecc_exclusive_product_scratch","LUT6","ecc_product_pair_reg_0_3_6_6_i_1"
"ecc_exclusive_product_scratch","LUT4","ecc_product_pair_reg_0_3_6_6_i_2"
"ecc_exclusive_product_scratch","RAM32X1S","ecc_product_pair_reg_0_3_70_70"
"ecc_exclusive_product_scratch","LUT6","ecc_product_pair_reg_0_3_70_70_i_1"
"ecc_exclusive_product_scratch","RAM32X1S","ecc_product_pair_reg_0_3_71_71"
"ecc_exclusive_product_scratch","LUT6","ecc_product_pair_reg_0_3_71_71_i_1"
"ecc_exclusive_product_scratch","RAM32X1S","ecc_product_pair_reg_0_3_72_72"
"ecc_exclusive_product_scratch","LUT6","ecc_product_pair_reg_0_3_72_72_i_1"
"ecc_exclusive_product_scratch","RAM32X1S","ecc_product_pair_reg_0_3_73_73"
"ecc_exclusive_product_scratch","LUT6","ecc_product_pair_reg_0_3_73_73_i_1"
"ecc_exclusive_product_scratch","RAM32X1S","ecc_product_pair_reg_0_3_74_74"
"ecc_exclusive_product_scratch","LUT6","ecc_product_pair_reg_0_3_74_74_i_1"
"ecc_exclusive_product_scratch","RAM32X1S","ecc_product_pair_reg_0_3_75_75"
"ecc_exclusive_product_scratch","LUT6","ecc_product_pair_reg_0_3_75_75_i_1"
"ecc_exclusive_product_scratch","RAM32X1S","ecc_product_pair_reg_0_3_76_76"
"ecc_exclusive_product_scratch","LUT6","ecc_product_pair_reg_0_3_76_76_i_1"
"ecc_exclusive_product_scratch","RAM32X1S","ecc_product_pair_reg_0_3_77_77"
"ecc_exclusive_product_scratch","LUT6","ecc_product_pair_reg_0_3_77_77_i_1"
"ecc_exclusive_product_scratch","RAM32X1S","ecc_product_pair_reg_0_3_78_78"
"ecc_exclusive_product_scratch","LUT6","ecc_product_pair_reg_0_3_78_78_i_1"
"ecc_exclusive_product_scratch","RAM32X1S","ecc_product_pair_reg_0_3_79_79"
"ecc_exclusive_product_scratch","LUT6","ecc_product_pair_reg_0_3_79_79_i_1"
"ecc_exclusive_product_scratch","RAM32X1S","ecc_product_pair_reg_0_3_7_7"
"ecc_exclusive_product_scratch","LUT6","ecc_product_pair_reg_0_3_7_7_i_1"
"ecc_exclusive_product_scratch","LUT4","ecc_product_pair_reg_0_3_7_7_i_2"
"ecc_exclusive_product_scratch","RAM32X1S","ecc_product_pair_reg_0_3_80_80"
"ecc_exclusive_product_scratch","LUT6","ecc_product_pair_reg_0_3_80_80_i_1"
"ecc_exclusive_product_scratch","RAM32X1S","ecc_product_pair_reg_0_3_81_81"
"ecc_exclusive_product_scratch","LUT6","ecc_product_pair_reg_0_3_81_81_i_1"
"ecc_exclusive_product_scratch","RAM32X1S","ecc_product_pair_reg_0_3_82_82"
"ecc_exclusive_product_scratch","LUT6","ecc_product_pair_reg_0_3_82_82_i_1"
"ecc_exclusive_product_scratch","RAM32X1S","ecc_product_pair_reg_0_3_83_83"
"ecc_exclusive_product_scratch","LUT6","ecc_product_pair_reg_0_3_83_83_i_1"
"ecc_exclusive_product_scratch","RAM32X1S","ecc_product_pair_reg_0_3_84_84"
"ecc_exclusive_product_scratch","LUT6","ecc_product_pair_reg_0_3_84_84_i_1"
"ecc_exclusive_product_scratch","RAM32X1S","ecc_product_pair_reg_0_3_85_85"
"ecc_exclusive_product_scratch","LUT6","ecc_product_pair_reg_0_3_85_85_i_1"
"ecc_exclusive_product_scratch","RAM32X1S","ecc_product_pair_reg_0_3_86_86"
"ecc_exclusive_product_scratch","LUT6","ecc_product_pair_reg_0_3_86_86_i_1"
"ecc_exclusive_product_scratch","RAM32X1S","ecc_product_pair_reg_0_3_87_87"
"ecc_exclusive_product_scratch","LUT6","ecc_product_pair_reg_0_3_87_87_i_1"
"ecc_exclusive_product_scratch","RAM32X1S","ecc_product_pair_reg_0_3_88_88"
"ecc_exclusive_product_scratch","LUT6","ecc_product_pair_reg_0_3_88_88_i_1"
"ecc_exclusive_product_scratch","RAM32X1S","ecc_product_pair_reg_0_3_89_89"
"ecc_exclusive_product_scratch","LUT6","ecc_product_pair_reg_0_3_89_89_i_1"
"ecc_exclusive_product_scratch","RAM32X1S","ecc_product_pair_reg_0_3_8_8"
"ecc_exclusive_product_scratch","LUT6","ecc_product_pair_reg_0_3_8_8_i_1"
"ecc_exclusive_product_scratch","LUT4","ecc_product_pair_reg_0_3_8_8_i_2"
"ecc_exclusive_product_scratch","RAM32X1S","ecc_product_pair_reg_0_3_90_90"
"ecc_exclusive_product_scratch","LUT6","ecc_product_pair_reg_0_3_90_90_i_1"
"ecc_exclusive_product_scratch","RAM32X1S","ecc_product_pair_reg_0_3_91_91"
"ecc_exclusive_product_scratch","LUT6","ecc_product_pair_reg_0_3_91_91_i_1"
"ecc_exclusive_product_scratch","RAM32X1S","ecc_product_pair_reg_0_3_92_92"
"ecc_exclusive_product_scratch","LUT6","ecc_product_pair_reg_0_3_92_92_i_1"
"ecc_exclusive_product_scratch","RAM32X1S","ecc_product_pair_reg_0_3_93_93"
"ecc_exclusive_product_scratch","LUT6","ecc_product_pair_reg_0_3_93_93_i_1"
"ecc_exclusive_product_scratch","RAM32X1S","ecc_product_pair_reg_0_3_94_94"
"ecc_exclusive_product_scratch","LUT6","ecc_product_pair_reg_0_3_94_94_i_1"
"ecc_exclusive_product_scratch","RAM32X1S","ecc_product_pair_reg_0_3_95_95"
"ecc_exclusive_product_scratch","LUT6","ecc_product_pair_reg_0_3_95_95_i_1"
"ecc_exclusive_product_scratch","RAM32X1S","ecc_product_pair_reg_0_3_96_96"
"ecc_exclusive_product_scratch","LUT6","ecc_product_pair_reg_0_3_96_96_i_1"
"ecc_exclusive_product_scratch","RAM32X1S","ecc_product_pair_reg_0_3_97_97"
"ecc_exclusive_product_scratch","LUT6","ecc_product_pair_reg_0_3_97_97_i_1"
"ecc_exclusive_product_scratch","RAM32X1S","ecc_product_pair_reg_0_3_98_98"
"ecc_exclusive_product_scratch","LUT6","ecc_product_pair_reg_0_3_98_98_i_1"
"ecc_exclusive_product_scratch","RAM32X1S","ecc_product_pair_reg_0_3_99_99"
"ecc_exclusive_product_scratch","LUT6","ecc_product_pair_reg_0_3_99_99_i_1"
"ecc_exclusive_product_scratch","RAM32X1S","ecc_product_pair_reg_0_3_9_9"
"ecc_exclusive_product_scratch","LUT6","ecc_product_pair_reg_0_3_9_9_i_1"
"ecc_exclusive_product_scratch","LUT4","ecc_product_pair_reg_0_3_9_9_i_2"
"ecc_exclusive_inv_pmul_schedule","LUT6","ecc_sqr_repeat_q[0]_i_1"
"ecc_exclusive_inv_pmul_schedule","LUT3","ecc_sqr_repeat_q[0]_i_2"
"ecc_exclusive_inv_pmul_schedule","LUT6","ecc_sqr_repeat_q[1]_i_1"
"ecc_exclusive_inv_pmul_schedule","LUT3","ecc_sqr_repeat_q[1]_i_2"
"ecc_exclusive_inv_pmul_schedule","LUT6","ecc_sqr_repeat_q[2]_i_1"
"ecc_exclusive_inv_pmul_schedule","LUT4","ecc_sqr_repeat_q[2]_i_2"
"ecc_exclusive_inv_pmul_schedule","LUT6","ecc_sqr_repeat_q[3]_i_1"
"ecc_exclusive_inv_pmul_schedule","LUT5","ecc_sqr_repeat_q[3]_i_2"
"ecc_exclusive_inv_pmul_schedule","LUT6","ecc_sqr_repeat_q[4]_i_1"
"ecc_exclusive_inv_pmul_schedule","LUT6","ecc_sqr_repeat_q[4]_i_2"
"ecc_exclusive_inv_pmul_schedule","LUT3","ecc_sqr_repeat_q[4]_i_3"
"ecc_exclusive_inv_pmul_schedule","LUT4","ecc_sqr_repeat_q[5]_i_1"
"ecc_exclusive_inv_pmul_schedule","LUT6","ecc_sqr_repeat_q[6]_i_1"
"ecc_exclusive_inv_pmul_schedule","LUT6","ecc_sqr_repeat_q[6]_i_10"
"ecc_exclusive_inv_pmul_schedule","LUT3","ecc_sqr_repeat_q[6]_i_11"
"ecc_exclusive_inv_pmul_schedule","LUT6","ecc_sqr_repeat_q[6]_i_12"
"ecc_exclusive_inv_pmul_schedule","LUT6","ecc_sqr_repeat_q[6]_i_2"
"ecc_exclusive_inv_pmul_schedule","LUT2","ecc_sqr_repeat_q[6]_i_3"
"ecc_exclusive_inv_pmul_schedule","LUT6","ecc_sqr_repeat_q[6]_i_4"
"ecc_exclusive_inv_pmul_schedule","LUT3","ecc_sqr_repeat_q[6]_i_5"
"ecc_exclusive_inv_pmul_schedule","LUT2","ecc_sqr_repeat_q[6]_i_6"
"ecc_exclusive_inv_pmul_schedule","LUT6","ecc_sqr_repeat_q[6]_i_7"
"ecc_exclusive_inv_pmul_schedule","LUT2","ecc_sqr_repeat_q[6]_i_9"
"ecc_exclusive_inv_pmul_schedule","FDCE","ecc_sqr_repeat_q_reg[0]"
"ecc_exclusive_inv_pmul_schedule","FDCE","ecc_sqr_repeat_q_reg[1]"
"ecc_exclusive_inv_pmul_schedule","FDCE","ecc_sqr_repeat_q_reg[2]"
"ecc_exclusive_inv_pmul_schedule","FDCE","ecc_sqr_repeat_q_reg[3]"
"ecc_exclusive_inv_pmul_schedule","FDCE","ecc_sqr_repeat_q_reg[4]"
"ecc_exclusive_inv_pmul_schedule","FDCE","ecc_sqr_repeat_q_reg[5]"
"ecc_exclusive_inv_pmul_schedule","FDCE","ecc_sqr_repeat_q_reg[6]"
"ecc_exclusive_mul_reduce_datapath","LUT5","ecc_src_a_q[0]_i_2"
"ecc_exclusive_mul_reduce_datapath","LUT6","ecc_src_a_q[0]_i_3"
"ecc_exclusive_mul_reduce_datapath","LUT6","ecc_src_a_q[1]_i_1"
"ecc_exclusive_mul_reduce_datapath","LUT6","ecc_src_a_q[1]_i_2"
"ecc_exclusive_mul_reduce_datapath","LUT5","ecc_src_a_q[1]_i_3"
"ecc_exclusive_mul_reduce_datapath","LUT5","ecc_src_a_q[1]_i_4"
"ecc_exclusive_mul_reduce_datapath","LUT6","ecc_src_a_q[2]_i_1"
"ecc_exclusive_mul_reduce_datapath","LUT6","ecc_src_a_q[2]_i_2"
"ecc_exclusive_mul_reduce_datapath","LUT6","ecc_src_a_q[2]_i_3"
"ecc_exclusive_mul_reduce_datapath","LUT6","ecc_src_a_q[2]_i_4"
"ecc_exclusive_mul_reduce_datapath","LUT4","ecc_src_a_q[2]_i_5"
"ecc_exclusive_mul_reduce_datapath","LUT2","ecc_src_a_q[2]_i_6"
"ecc_exclusive_mul_reduce_datapath","LUT6","ecc_src_a_q[3]_i_1"
"ecc_exclusive_mul_reduce_datapath","LUT6","ecc_src_a_q[3]_i_2"
"ecc_exclusive_mul_reduce_datapath","LUT3","ecc_src_a_q[3]_i_3"
"ecc_exclusive_mul_reduce_datapath","LUT6","ecc_src_a_q[3]_i_4"
"ecc_exclusive_mul_reduce_datapath","LUT6","ecc_src_a_q[4]_i_1"
"ecc_exclusive_mul_reduce_datapath","LUT5","ecc_src_a_q[4]_i_2"
"ecc_exclusive_mul_reduce_datapath","LUT6","ecc_src_a_q[4]_i_3"
"ecc_exclusive_mul_reduce_datapath","LUT5","ecc_src_a_q[5]_i_1"
"ecc_exclusive_mul_reduce_datapath","LUT6","ecc_src_a_q[5]_i_3"
"ecc_exclusive_mul_reduce_datapath","LUT6","ecc_src_a_q[5]_i_4"
"ecc_exclusive_mul_reduce_datapath","LUT5","ecc_src_a_q[5]_i_5"
"ecc_exclusive_mul_reduce_datapath","LUT6","ecc_src_a_q[5]_i_6"
"ecc_exclusive_mul_reduce_datapath","FDCE","ecc_src_a_q_reg[0]"
"ecc_exclusive_mul_reduce_datapath","MUXF7","ecc_src_a_q_reg[0]_i_1"
"ecc_exclusive_mul_reduce_datapath","FDCE","ecc_src_a_q_reg[1]"
"ecc_exclusive_mul_reduce_datapath","FDCE","ecc_src_a_q_reg[2]"
"ecc_exclusive_mul_reduce_datapath","FDCE","ecc_src_a_q_reg[3]"
"ecc_exclusive_mul_reduce_datapath","FDCE","ecc_src_a_q_reg[4]"
"ecc_exclusive_mul_reduce_datapath","FDCE","ecc_src_a_q_reg[5]"
"ecc_exclusive_mul_reduce_datapath","MUXF7","ecc_src_a_q_reg[5]_i_2"
"ecc_exclusive_mul_reduce_datapath","LUT5","ecc_src_b_q[0]_i_1"
"ecc_exclusive_mul_reduce_datapath","LUT6","ecc_src_b_q[0]_i_2"
"ecc_exclusive_mul_reduce_datapath","LUT6","ecc_src_b_q[1]_i_1"
"ecc_exclusive_mul_reduce_datapath","LUT6","ecc_src_b_q[1]_i_2"
"ecc_exclusive_mul_reduce_datapath","LUT6","ecc_src_b_q[1]_i_3"
"ecc_exclusive_mul_reduce_datapath","LUT4","ecc_src_b_q[2]_i_1"
"ecc_exclusive_mul_reduce_datapath","LUT6","ecc_src_b_q[2]_i_2"
"ecc_exclusive_mul_reduce_datapath","LUT6","ecc_src_b_q[2]_i_3"
"ecc_exclusive_mul_reduce_datapath","LUT6","ecc_src_b_q[2]_i_4"
"ecc_exclusive_mul_reduce_datapath","LUT6","ecc_src_b_q[3]_i_1"
"ecc_exclusive_mul_reduce_datapath","LUT5","ecc_src_b_q[3]_i_2"
"ecc_exclusive_mul_reduce_datapath","LUT5","ecc_src_b_q[3]_i_3"
"ecc_exclusive_mul_reduce_datapath","LUT3","ecc_src_b_q[3]_i_4"
"ecc_exclusive_mul_reduce_datapath","LUT4","ecc_src_b_q[3]_i_5"
"ecc_exclusive_mul_reduce_datapath","LUT5","ecc_src_b_q[4]_i_1"
"ecc_exclusive_mul_reduce_datapath","LUT5","ecc_src_b_q[4]_i_2"
"ecc_exclusive_mul_reduce_datapath","LUT6","ecc_src_b_q[4]_i_3"
"ecc_exclusive_mul_reduce_datapath","LUT5","ecc_src_b_q[4]_i_4"
"ecc_exclusive_mul_reduce_datapath","LUT6","ecc_src_b_q[5]_i_1"
"ecc_exclusive_mul_reduce_datapath","LUT6","ecc_src_b_q[5]_i_10"
"ecc_exclusive_mul_reduce_datapath","LUT5","ecc_src_b_q[5]_i_11"
"ecc_exclusive_mul_reduce_datapath","LUT5","ecc_src_b_q[5]_i_12"
"ecc_exclusive_mul_reduce_datapath","LUT5","ecc_src_b_q[5]_i_13"
"ecc_exclusive_mul_reduce_datapath","LUT5","ecc_src_b_q[5]_i_2"
"ecc_exclusive_mul_reduce_datapath","LUT4","ecc_src_b_q[5]_i_3"
"ecc_exclusive_mul_reduce_datapath","LUT6","ecc_src_b_q[5]_i_4"
"ecc_exclusive_mul_reduce_datapath","LUT2","ecc_src_b_q[5]_i_5"
"ecc_exclusive_mul_reduce_datapath","LUT6","ecc_src_b_q[5]_i_6"
"ecc_exclusive_mul_reduce_datapath","LUT4","ecc_src_b_q[5]_i_7"
"ecc_exclusive_mul_reduce_datapath","LUT5","ecc_src_b_q[5]_i_8"
"ecc_exclusive_mul_reduce_datapath","LUT6","ecc_src_b_q[5]_i_9"
"ecc_exclusive_mul_reduce_datapath","FDCE","ecc_src_b_q_reg[0]"
"ecc_exclusive_mul_reduce_datapath","FDCE","ecc_src_b_q_reg[1]"
"ecc_exclusive_mul_reduce_datapath","FDCE","ecc_src_b_q_reg[2]"
"ecc_exclusive_mul_reduce_datapath","FDCE","ecc_src_b_q_reg[3]"
"ecc_exclusive_mul_reduce_datapath","FDCE","ecc_src_b_q_reg[4]"
"ecc_exclusive_mul_reduce_datapath","FDCE","ecc_src_b_q_reg[5]"
"unattributed_top_control","LUT5","g0_b0"
"unattributed_top_control","LUT5","g0_b0__0"
"unattributed_top_control","LUT5","g0_b0__2"
"unattributed_top_control","LUT5","g0_b1"
"unattributed_top_control","LUT5","g0_b2"
"unattributed_top_control","LUT5","g0_b3"
"unattributed_top_control","LUT5","g0_b4"
"unattributed_top_control","LUT6","group_dist_q[8]_i_1"
"unattributed_top_control","FDCE","group_dist_q_reg[0]"
"unattributed_top_control","FDCE","group_dist_q_reg[1]"
"unattributed_top_control","FDCE","group_dist_q_reg[2]"
"unattributed_top_control","FDCE","group_dist_q_reg[3]"
"unattributed_top_control","FDCE","group_dist_q_reg[4]"
"unattributed_top_control","FDCE","group_dist_q_reg[5]"
"unattributed_top_control","FDCE","group_dist_q_reg[6]"
"unattributed_top_control","FDCE","group_dist_q_reg[7]"
"unattributed_top_control","FDCE","group_dist_q_reg[8]"
"hdc_or_host_control","FDCE","hcntclip_acc_sel_q_reg"
"hdc_or_host_control","LUT3","hcntclip_chunk_q[0]_i_1"
"hdc_or_host_control","LUT4","hcntclip_chunk_q[1]_i_1"
"hdc_or_host_control","LUT6","hcntclip_chunk_q[1]_i_2"
"hdc_or_host_control","LUT3","hcntclip_chunk_q[1]_i_3"
"hdc_or_host_control","LUT2","hcntclip_chunk_q[1]_i_4"
"hdc_or_host_control","LUT4","hcntclip_chunk_q[1]_i_5"
"hdc_or_host_control","FDCE","hcntclip_chunk_q_reg[0]"
"hdc_or_host_control","FDCE","hcntclip_chunk_q_reg[1]"
"hdc_or_host_control","LUT5","hcntclip_dst_base_q[4]_i_1"
"hdc_or_host_control","FDCE","hcntclip_dst_base_q_reg[2]"
"hdc_or_host_control","FDCE","hcntclip_dst_base_q_reg[3]"
"hdc_or_host_control","FDCE","hcntclip_dst_base_q_reg[4]"
"hdc_or_host_control","FDCE","hcntclip_threshold_q_reg[0]"
"hdc_or_host_control","FDCE","hcntclip_threshold_q_reg[1]"
"hdc_or_host_control","FDCE","hcntclip_threshold_q_reg[2]"
"hdc_or_host_control","FDCE","hcntclip_threshold_q_reg[3]"
"unattributed_top_control","LUT6","hdc_src0_q[3][15]_i_1"
"unattributed_top_control","LUT4","hdc_src0_q[3][31]_i_1"
"unattributed_top_control","LUT6","hdc_src0_q[3][31]_i_3"
"unattributed_top_control","LUT6","hdc_src0_q[3][47]_i_1"
"unattributed_top_control","LUT4","hdc_src0_q[3][47]_i_3"
"unattributed_top_control","LUT6","hdc_src0_q[3][63]_i_1"
"unattributed_top_control","LUT6","hdc_src0_q[3][63]_i_11"
"unattributed_top_control","LUT6","hdc_src0_q[3][63]_i_3"
"unattributed_top_control","LUT6","hdc_src0_q[3][63]_i_4"
"unattributed_top_control","LUT2","hdc_src0_q[3][63]_i_5"
"unattributed_top_control","LUT3","hdc_src0_q[3][63]_i_6"
"unattributed_top_control","LUT6","hdc_src0_q[3][63]_i_7"
"unattributed_top_control","LUT6","hdc_src0_q[3][63]_i_8"
"unattributed_top_control","FDCE","hdc_src0_q_reg[0][0]"
"unattributed_top_control","FDCE","hdc_src0_q_reg[0][10]"
"unattributed_top_control","FDCE","hdc_src0_q_reg[0][11]"
"unattributed_top_control","FDCE","hdc_src0_q_reg[0][12]"
"unattributed_top_control","FDCE","hdc_src0_q_reg[0][13]"
"unattributed_top_control","FDCE","hdc_src0_q_reg[0][14]"
"unattributed_top_control","FDCE","hdc_src0_q_reg[0][15]"
"unattributed_top_control","FDCE","hdc_src0_q_reg[0][16]"
"unattributed_top_control","FDCE","hdc_src0_q_reg[0][17]"
"unattributed_top_control","FDCE","hdc_src0_q_reg[0][18]"
"unattributed_top_control","FDCE","hdc_src0_q_reg[0][19]"
"unattributed_top_control","FDCE","hdc_src0_q_reg[0][1]"
"unattributed_top_control","FDCE","hdc_src0_q_reg[0][20]"
"unattributed_top_control","FDCE","hdc_src0_q_reg[0][21]"
"unattributed_top_control","FDCE","hdc_src0_q_reg[0][22]"
"unattributed_top_control","FDCE","hdc_src0_q_reg[0][23]"
"unattributed_top_control","FDCE","hdc_src0_q_reg[0][24]"
"unattributed_top_control","FDCE","hdc_src0_q_reg[0][25]"
"unattributed_top_control","FDCE","hdc_src0_q_reg[0][26]"
"unattributed_top_control","FDCE","hdc_src0_q_reg[0][27]"
"unattributed_top_control","FDCE","hdc_src0_q_reg[0][28]"
"unattributed_top_control","FDCE","hdc_src0_q_reg[0][29]"
"unattributed_top_control","FDCE","hdc_src0_q_reg[0][2]"
"unattributed_top_control","FDCE","hdc_src0_q_reg[0][30]"
"unattributed_top_control","FDCE","hdc_src0_q_reg[0][31]"
"unattributed_top_control","FDCE","hdc_src0_q_reg[0][32]"
"unattributed_top_control","FDCE","hdc_src0_q_reg[0][33]"
"unattributed_top_control","FDCE","hdc_src0_q_reg[0][34]"
"unattributed_top_control","FDCE","hdc_src0_q_reg[0][35]"
"unattributed_top_control","FDCE","hdc_src0_q_reg[0][36]"
"unattributed_top_control","FDCE","hdc_src0_q_reg[0][37]"
"unattributed_top_control","FDCE","hdc_src0_q_reg[0][38]"
"unattributed_top_control","FDCE","hdc_src0_q_reg[0][39]"
"unattributed_top_control","FDCE","hdc_src0_q_reg[0][3]"
"unattributed_top_control","FDCE","hdc_src0_q_reg[0][40]"
"unattributed_top_control","FDCE","hdc_src0_q_reg[0][41]"
"unattributed_top_control","FDCE","hdc_src0_q_reg[0][42]"
"unattributed_top_control","FDCE","hdc_src0_q_reg[0][43]"
"unattributed_top_control","FDCE","hdc_src0_q_reg[0][44]"
"unattributed_top_control","FDCE","hdc_src0_q_reg[0][45]"
"unattributed_top_control","FDCE","hdc_src0_q_reg[0][46]"
"unattributed_top_control","FDCE","hdc_src0_q_reg[0][47]"
"unattributed_top_control","FDCE","hdc_src0_q_reg[0][48]"
"unattributed_top_control","FDCE","hdc_src0_q_reg[0][49]"
"unattributed_top_control","FDCE","hdc_src0_q_reg[0][4]"
"unattributed_top_control","FDCE","hdc_src0_q_reg[0][50]"
"unattributed_top_control","FDCE","hdc_src0_q_reg[0][51]"
"unattributed_top_control","FDCE","hdc_src0_q_reg[0][52]"
"unattributed_top_control","FDCE","hdc_src0_q_reg[0][53]"
"unattributed_top_control","FDCE","hdc_src0_q_reg[0][54]"
"unattributed_top_control","FDCE","hdc_src0_q_reg[0][55]"
"unattributed_top_control","FDCE","hdc_src0_q_reg[0][56]"
"unattributed_top_control","FDCE","hdc_src0_q_reg[0][57]"
"unattributed_top_control","FDCE","hdc_src0_q_reg[0][58]"
"unattributed_top_control","FDCE","hdc_src0_q_reg[0][59]"
"unattributed_top_control","FDCE","hdc_src0_q_reg[0][5]"
"unattributed_top_control","FDCE","hdc_src0_q_reg[0][60]"
"unattributed_top_control","FDCE","hdc_src0_q_reg[0][61]"
"unattributed_top_control","FDCE","hdc_src0_q_reg[0][62]"
"unattributed_top_control","FDCE","hdc_src0_q_reg[0][63]"
"unattributed_top_control","FDCE","hdc_src0_q_reg[0][6]"
"unattributed_top_control","FDCE","hdc_src0_q_reg[0][7]"
"unattributed_top_control","FDCE","hdc_src0_q_reg[0][8]"
"unattributed_top_control","FDCE","hdc_src0_q_reg[0][9]"
"unattributed_top_control","FDCE","hdc_src0_q_reg[1][0]"
"unattributed_top_control","FDCE","hdc_src0_q_reg[1][10]"
"unattributed_top_control","FDCE","hdc_src0_q_reg[1][11]"
"unattributed_top_control","FDCE","hdc_src0_q_reg[1][12]"
"unattributed_top_control","FDCE","hdc_src0_q_reg[1][13]"
"unattributed_top_control","FDCE","hdc_src0_q_reg[1][14]"
"unattributed_top_control","FDCE","hdc_src0_q_reg[1][15]"
"unattributed_top_control","FDCE","hdc_src0_q_reg[1][16]"
"unattributed_top_control","FDCE","hdc_src0_q_reg[1][17]"
"unattributed_top_control","FDCE","hdc_src0_q_reg[1][18]"
"unattributed_top_control","FDCE","hdc_src0_q_reg[1][19]"
"unattributed_top_control","FDCE","hdc_src0_q_reg[1][1]"
"unattributed_top_control","FDCE","hdc_src0_q_reg[1][20]"
"unattributed_top_control","FDCE","hdc_src0_q_reg[1][21]"
"unattributed_top_control","FDCE","hdc_src0_q_reg[1][22]"
"unattributed_top_control","FDCE","hdc_src0_q_reg[1][23]"
"unattributed_top_control","FDCE","hdc_src0_q_reg[1][24]"
"unattributed_top_control","FDCE","hdc_src0_q_reg[1][25]"
"unattributed_top_control","FDCE","hdc_src0_q_reg[1][26]"
"unattributed_top_control","FDCE","hdc_src0_q_reg[1][27]"
"unattributed_top_control","FDCE","hdc_src0_q_reg[1][28]"
"unattributed_top_control","FDCE","hdc_src0_q_reg[1][29]"
"unattributed_top_control","FDCE","hdc_src0_q_reg[1][2]"
"unattributed_top_control","FDCE","hdc_src0_q_reg[1][30]"
"unattributed_top_control","FDCE","hdc_src0_q_reg[1][31]"
"unattributed_top_control","FDCE","hdc_src0_q_reg[1][32]"
"unattributed_top_control","FDCE","hdc_src0_q_reg[1][33]"
"unattributed_top_control","FDCE","hdc_src0_q_reg[1][34]"
"unattributed_top_control","FDCE","hdc_src0_q_reg[1][35]"
"unattributed_top_control","FDCE","hdc_src0_q_reg[1][36]"
"unattributed_top_control","FDCE","hdc_src0_q_reg[1][37]"
"unattributed_top_control","FDCE","hdc_src0_q_reg[1][38]"
"unattributed_top_control","FDCE","hdc_src0_q_reg[1][39]"
"unattributed_top_control","FDCE","hdc_src0_q_reg[1][3]"
"unattributed_top_control","FDCE","hdc_src0_q_reg[1][40]"
"unattributed_top_control","FDCE","hdc_src0_q_reg[1][41]"
"unattributed_top_control","FDCE","hdc_src0_q_reg[1][42]"
"unattributed_top_control","FDCE","hdc_src0_q_reg[1][43]"
"unattributed_top_control","FDCE","hdc_src0_q_reg[1][44]"
"unattributed_top_control","FDCE","hdc_src0_q_reg[1][45]"
"unattributed_top_control","FDCE","hdc_src0_q_reg[1][46]"
"unattributed_top_control","FDCE","hdc_src0_q_reg[1][47]"
"unattributed_top_control","FDCE","hdc_src0_q_reg[1][48]"
"unattributed_top_control","FDCE","hdc_src0_q_reg[1][49]"
"unattributed_top_control","FDCE","hdc_src0_q_reg[1][4]"
"unattributed_top_control","FDCE","hdc_src0_q_reg[1][50]"
"unattributed_top_control","FDCE","hdc_src0_q_reg[1][51]"
"unattributed_top_control","FDCE","hdc_src0_q_reg[1][52]"
"unattributed_top_control","FDCE","hdc_src0_q_reg[1][53]"
"unattributed_top_control","FDCE","hdc_src0_q_reg[1][54]"
"unattributed_top_control","FDCE","hdc_src0_q_reg[1][55]"
"unattributed_top_control","FDCE","hdc_src0_q_reg[1][56]"
"unattributed_top_control","FDCE","hdc_src0_q_reg[1][57]"
"unattributed_top_control","FDCE","hdc_src0_q_reg[1][58]"
"unattributed_top_control","FDCE","hdc_src0_q_reg[1][59]"
"unattributed_top_control","FDCE","hdc_src0_q_reg[1][5]"
"unattributed_top_control","FDCE","hdc_src0_q_reg[1][60]"
"unattributed_top_control","FDCE","hdc_src0_q_reg[1][61]"
"unattributed_top_control","FDCE","hdc_src0_q_reg[1][62]"
"unattributed_top_control","FDCE","hdc_src0_q_reg[1][63]"
"unattributed_top_control","FDCE","hdc_src0_q_reg[1][6]"
"unattributed_top_control","FDCE","hdc_src0_q_reg[1][7]"
"unattributed_top_control","FDCE","hdc_src0_q_reg[1][8]"
"unattributed_top_control","FDCE","hdc_src0_q_reg[1][9]"
"unattributed_top_control","FDCE","hdc_src0_q_reg[2][0]"
"unattributed_top_control","FDCE","hdc_src0_q_reg[2][10]"
"unattributed_top_control","FDCE","hdc_src0_q_reg[2][11]"
"unattributed_top_control","FDCE","hdc_src0_q_reg[2][12]"
"unattributed_top_control","FDCE","hdc_src0_q_reg[2][13]"
"unattributed_top_control","FDCE","hdc_src0_q_reg[2][14]"
"unattributed_top_control","FDCE","hdc_src0_q_reg[2][15]"
"unattributed_top_control","FDCE","hdc_src0_q_reg[2][16]"
"unattributed_top_control","FDCE","hdc_src0_q_reg[2][17]"
"unattributed_top_control","FDCE","hdc_src0_q_reg[2][18]"
"unattributed_top_control","FDCE","hdc_src0_q_reg[2][19]"
"unattributed_top_control","FDCE","hdc_src0_q_reg[2][1]"
"unattributed_top_control","FDCE","hdc_src0_q_reg[2][20]"
"unattributed_top_control","FDCE","hdc_src0_q_reg[2][21]"
"unattributed_top_control","FDCE","hdc_src0_q_reg[2][22]"
"unattributed_top_control","FDCE","hdc_src0_q_reg[2][23]"
"unattributed_top_control","FDCE","hdc_src0_q_reg[2][24]"
"unattributed_top_control","FDCE","hdc_src0_q_reg[2][25]"
"unattributed_top_control","FDCE","hdc_src0_q_reg[2][26]"
"unattributed_top_control","FDCE","hdc_src0_q_reg[2][27]"
"unattributed_top_control","FDCE","hdc_src0_q_reg[2][28]"
"unattributed_top_control","FDCE","hdc_src0_q_reg[2][29]"
"unattributed_top_control","FDCE","hdc_src0_q_reg[2][2]"
"unattributed_top_control","FDCE","hdc_src0_q_reg[2][30]"
"unattributed_top_control","FDCE","hdc_src0_q_reg[2][31]"
"unattributed_top_control","FDCE","hdc_src0_q_reg[2][32]"
"unattributed_top_control","FDCE","hdc_src0_q_reg[2][33]"
"unattributed_top_control","FDCE","hdc_src0_q_reg[2][34]"
"unattributed_top_control","FDCE","hdc_src0_q_reg[2][35]"
"unattributed_top_control","FDCE","hdc_src0_q_reg[2][36]"
"unattributed_top_control","FDCE","hdc_src0_q_reg[2][37]"
"unattributed_top_control","FDCE","hdc_src0_q_reg[2][38]"
"unattributed_top_control","FDCE","hdc_src0_q_reg[2][39]"
"unattributed_top_control","FDCE","hdc_src0_q_reg[2][3]"
"unattributed_top_control","FDCE","hdc_src0_q_reg[2][40]"
"unattributed_top_control","FDCE","hdc_src0_q_reg[2][41]"
"unattributed_top_control","FDCE","hdc_src0_q_reg[2][42]"
"unattributed_top_control","FDCE","hdc_src0_q_reg[2][43]"
"unattributed_top_control","FDCE","hdc_src0_q_reg[2][44]"
"unattributed_top_control","FDCE","hdc_src0_q_reg[2][45]"
"unattributed_top_control","FDCE","hdc_src0_q_reg[2][46]"
"unattributed_top_control","FDCE","hdc_src0_q_reg[2][47]"
"unattributed_top_control","FDCE","hdc_src0_q_reg[2][48]"
"unattributed_top_control","FDCE","hdc_src0_q_reg[2][49]"
"unattributed_top_control","FDCE","hdc_src0_q_reg[2][4]"
"unattributed_top_control","FDCE","hdc_src0_q_reg[2][50]"
"unattributed_top_control","FDCE","hdc_src0_q_reg[2][51]"
"unattributed_top_control","FDCE","hdc_src0_q_reg[2][52]"
"unattributed_top_control","FDCE","hdc_src0_q_reg[2][53]"
"unattributed_top_control","FDCE","hdc_src0_q_reg[2][54]"
"unattributed_top_control","FDCE","hdc_src0_q_reg[2][55]"
"unattributed_top_control","FDCE","hdc_src0_q_reg[2][56]"
"unattributed_top_control","FDCE","hdc_src0_q_reg[2][57]"
"unattributed_top_control","FDCE","hdc_src0_q_reg[2][58]"
"unattributed_top_control","FDCE","hdc_src0_q_reg[2][59]"
"unattributed_top_control","FDCE","hdc_src0_q_reg[2][5]"
"unattributed_top_control","FDCE","hdc_src0_q_reg[2][60]"
"unattributed_top_control","FDCE","hdc_src0_q_reg[2][61]"
"unattributed_top_control","FDCE","hdc_src0_q_reg[2][62]"
"unattributed_top_control","FDCE","hdc_src0_q_reg[2][63]"
"unattributed_top_control","FDCE","hdc_src0_q_reg[2][6]"
"unattributed_top_control","FDCE","hdc_src0_q_reg[2][7]"
"unattributed_top_control","FDCE","hdc_src0_q_reg[2][8]"
"unattributed_top_control","FDCE","hdc_src0_q_reg[2][9]"
"unattributed_top_control","FDCE","hdc_src0_q_reg[3][0]"
"unattributed_top_control","FDCE","hdc_src0_q_reg[3][10]"
"unattributed_top_control","FDCE","hdc_src0_q_reg[3][11]"
"unattributed_top_control","FDCE","hdc_src0_q_reg[3][12]"
"unattributed_top_control","FDCE","hdc_src0_q_reg[3][13]"
"unattributed_top_control","FDCE","hdc_src0_q_reg[3][14]"
"unattributed_top_control","FDCE","hdc_src0_q_reg[3][15]"
"unattributed_top_control","FDCE","hdc_src0_q_reg[3][16]"
"unattributed_top_control","FDCE","hdc_src0_q_reg[3][17]"
"unattributed_top_control","FDCE","hdc_src0_q_reg[3][18]"
"unattributed_top_control","FDCE","hdc_src0_q_reg[3][19]"
"unattributed_top_control","FDCE","hdc_src0_q_reg[3][1]"
"unattributed_top_control","FDCE","hdc_src0_q_reg[3][20]"
"unattributed_top_control","FDCE","hdc_src0_q_reg[3][21]"
"unattributed_top_control","FDCE","hdc_src0_q_reg[3][22]"
"unattributed_top_control","FDCE","hdc_src0_q_reg[3][23]"
"unattributed_top_control","FDCE","hdc_src0_q_reg[3][24]"
"unattributed_top_control","FDCE","hdc_src0_q_reg[3][25]"
"unattributed_top_control","FDCE","hdc_src0_q_reg[3][26]"
"unattributed_top_control","FDCE","hdc_src0_q_reg[3][27]"
"unattributed_top_control","FDCE","hdc_src0_q_reg[3][28]"
"unattributed_top_control","FDCE","hdc_src0_q_reg[3][29]"
"unattributed_top_control","FDCE","hdc_src0_q_reg[3][2]"
"unattributed_top_control","FDCE","hdc_src0_q_reg[3][30]"
"unattributed_top_control","FDCE","hdc_src0_q_reg[3][31]"
"unattributed_top_control","FDCE","hdc_src0_q_reg[3][32]"
"unattributed_top_control","FDCE","hdc_src0_q_reg[3][33]"
"unattributed_top_control","FDCE","hdc_src0_q_reg[3][34]"
"unattributed_top_control","FDCE","hdc_src0_q_reg[3][35]"
"unattributed_top_control","FDCE","hdc_src0_q_reg[3][36]"
"unattributed_top_control","FDCE","hdc_src0_q_reg[3][37]"
"unattributed_top_control","FDCE","hdc_src0_q_reg[3][38]"
"unattributed_top_control","FDCE","hdc_src0_q_reg[3][39]"
"unattributed_top_control","FDCE","hdc_src0_q_reg[3][3]"
"unattributed_top_control","FDCE","hdc_src0_q_reg[3][40]"
"unattributed_top_control","FDCE","hdc_src0_q_reg[3][41]"
"unattributed_top_control","FDCE","hdc_src0_q_reg[3][42]"
"unattributed_top_control","FDCE","hdc_src0_q_reg[3][43]"
"unattributed_top_control","FDCE","hdc_src0_q_reg[3][44]"
"unattributed_top_control","FDCE","hdc_src0_q_reg[3][45]"
"unattributed_top_control","FDCE","hdc_src0_q_reg[3][46]"
"unattributed_top_control","FDCE","hdc_src0_q_reg[3][47]"
"unattributed_top_control","FDCE","hdc_src0_q_reg[3][48]"
"unattributed_top_control","FDCE","hdc_src0_q_reg[3][49]"
"unattributed_top_control","FDCE","hdc_src0_q_reg[3][4]"
"unattributed_top_control","FDCE","hdc_src0_q_reg[3][50]"
"unattributed_top_control","FDCE","hdc_src0_q_reg[3][51]"
"unattributed_top_control","FDCE","hdc_src0_q_reg[3][52]"
"unattributed_top_control","FDCE","hdc_src0_q_reg[3][53]"
"unattributed_top_control","FDCE","hdc_src0_q_reg[3][54]"
"unattributed_top_control","FDCE","hdc_src0_q_reg[3][55]"
"unattributed_top_control","FDCE","hdc_src0_q_reg[3][56]"
"unattributed_top_control","FDCE","hdc_src0_q_reg[3][57]"
"unattributed_top_control","FDCE","hdc_src0_q_reg[3][58]"
"unattributed_top_control","FDCE","hdc_src0_q_reg[3][59]"
"unattributed_top_control","FDCE","hdc_src0_q_reg[3][5]"
"unattributed_top_control","FDCE","hdc_src0_q_reg[3][60]"
"unattributed_top_control","FDCE","hdc_src0_q_reg[3][61]"
"unattributed_top_control","FDCE","hdc_src0_q_reg[3][62]"
"unattributed_top_control","FDCE","hdc_src0_q_reg[3][63]"
"unattributed_top_control","FDCE","hdc_src0_q_reg[3][6]"
"unattributed_top_control","FDCE","hdc_src0_q_reg[3][7]"
"unattributed_top_control","FDCE","hdc_src0_q_reg[3][8]"
"unattributed_top_control","FDCE","hdc_src0_q_reg[3][9]"
"hdc_or_host_control","LUT3","hmatch_best_dist_q[0]_i_1"
"hdc_or_host_control","LUT6","hmatch_best_dist_q[10]_i_1"
"hdc_or_host_control","LUT3","hmatch_best_dist_q[10]_i_2"
"hdc_or_host_control","LUT2","hmatch_best_dist_q[10]_i_3"
"hdc_or_host_control","LUT2","hmatch_best_dist_q[10]_i_4"
"hdc_or_host_control","LUT2","hmatch_best_dist_q[10]_i_5"
"hdc_or_host_control","LUT6","hmatch_best_dist_q[10]_i_6"
"hdc_or_host_control","LUT4","hmatch_best_dist_q[10]_i_7"
"hdc_or_host_control","LUT3","hmatch_best_dist_q[1]_i_1"
"hdc_or_host_control","LUT3","hmatch_best_dist_q[2]_i_1"
"hdc_or_host_control","LUT3","hmatch_best_dist_q[3]_i_1"
"hdc_or_host_control","LUT3","hmatch_best_dist_q[4]_i_1"
"hdc_or_host_control","LUT3","hmatch_best_dist_q[5]_i_1"
"hdc_or_host_control","LUT3","hmatch_best_dist_q[6]_i_1"
"hdc_or_host_control","LUT3","hmatch_best_dist_q[7]_i_1"
"hdc_or_host_control","LUT3","hmatch_best_dist_q[8]_i_1"
"hdc_or_host_control","LUT3","hmatch_best_dist_q[9]_i_1"
"hdc_or_host_control","FDCE","hmatch_best_dist_q_reg[0]"
"hdc_or_host_control","FDCE","hmatch_best_dist_q_reg[10]"
"hdc_or_host_control","FDCE","hmatch_best_dist_q_reg[1]"
"hdc_or_host_control","FDCE","hmatch_best_dist_q_reg[2]"
"hdc_or_host_control","FDCE","hmatch_best_dist_q_reg[3]"
"hdc_or_host_control","FDCE","hmatch_best_dist_q_reg[4]"
"hdc_or_host_control","FDCE","hmatch_best_dist_q_reg[5]"
"hdc_or_host_control","FDCE","hmatch_best_dist_q_reg[6]"
"hdc_or_host_control","FDCE","hmatch_best_dist_q_reg[7]"
"hdc_or_host_control","FDCE","hmatch_best_dist_q_reg[8]"
"hdc_or_host_control","FDCE","hmatch_best_dist_q_reg[9]"
"hdc_or_host_control","LUT3","hmatch_best_idx_q[0]_i_1"
"hdc_or_host_control","LUT3","hmatch_best_idx_q[1]_i_1"
"hdc_or_host_control","LUT3","hmatch_best_idx_q[2]_i_1"
"hdc_or_host_control","FDCE","hmatch_best_idx_q_reg[0]"
"hdc_or_host_control","FDCE","hmatch_best_idx_q_reg[1]"
"hdc_or_host_control","FDCE","hmatch_best_idx_q_reg[2]"
"hdc_or_host_control","LUT6","hmatch_budget_q[0]_i_1"
"hdc_or_host_control","LUT6","hmatch_budget_q[10]_i_1"
"hdc_or_host_control","LUT5","hmatch_budget_q[10]_i_2"
"hdc_or_host_control","LUT3","hmatch_budget_q[10]_i_3"
"hdc_or_host_control","LUT3","hmatch_budget_q[10]_i_5"
"hdc_or_host_control","LUT6","hmatch_budget_q[10]_i_6"
"hdc_or_host_control","LUT1","hmatch_budget_q[10]_i_7"
"hdc_or_host_control","LUT1","hmatch_budget_q[10]_i_8"
"hdc_or_host_control","LUT2","hmatch_budget_q[10]_i_9"
"hdc_or_host_control","LUT5","hmatch_budget_q[11]_inv_i_1"
"hdc_or_host_control","LUT5","hmatch_budget_q[1]_i_1"
"hdc_or_host_control","LUT3","hmatch_budget_q[1]_i_2"
"hdc_or_host_control","LUT3","hmatch_budget_q[1]_i_3"
"hdc_or_host_control","LUT5","hmatch_budget_q[2]_i_1"
"hdc_or_host_control","LUT5","hmatch_budget_q[2]_i_2"
"hdc_or_host_control","LUT3","hmatch_budget_q[2]_i_3"
"hdc_or_host_control","LUT5","hmatch_budget_q[3]_i_1"
"hdc_or_host_control","LUT6","hmatch_budget_q[3]_i_3"
"hdc_or_host_control","LUT3","hmatch_budget_q[3]_i_4"
"hdc_or_host_control","LUT2","hmatch_budget_q[3]_i_5"
"hdc_or_host_control","LUT2","hmatch_budget_q[3]_i_6"
"hdc_or_host_control","LUT2","hmatch_budget_q[3]_i_7"
"hdc_or_host_control","LUT2","hmatch_budget_q[3]_i_8"
"hdc_or_host_control","LUT5","hmatch_budget_q[4]_i_1"
"hdc_or_host_control","LUT6","hmatch_budget_q[4]_i_2"
"hdc_or_host_control","LUT3","hmatch_budget_q[4]_i_3"
"hdc_or_host_control","LUT5","hmatch_budget_q[5]_i_1"
"hdc_or_host_control","LUT6","hmatch_budget_q[5]_i_2"
"hdc_or_host_control","LUT3","hmatch_budget_q[5]_i_3"
"hdc_or_host_control","LUT5","hmatch_budget_q[6]_i_1"
"hdc_or_host_control","LUT6","hmatch_budget_q[6]_i_2"
"hdc_or_host_control","LUT3","hmatch_budget_q[6]_i_3"
"hdc_or_host_control","LUT5","hmatch_budget_q[7]_i_1"
"hdc_or_host_control","LUT6","hmatch_budget_q[7]_i_3"
"hdc_or_host_control","LUT3","hmatch_budget_q[7]_i_4"
"hdc_or_host_control","LUT2","hmatch_budget_q[7]_i_5"
"hdc_or_host_control","LUT2","hmatch_budget_q[7]_i_6"
"hdc_or_host_control","LUT2","hmatch_budget_q[7]_i_7"
"hdc_or_host_control","LUT2","hmatch_budget_q[7]_i_8"
"hdc_or_host_control","LUT5","hmatch_budget_q[8]_i_1"
"hdc_or_host_control","LUT6","hmatch_budget_q[8]_i_2"
"hdc_or_host_control","LUT3","hmatch_budget_q[8]_i_3"
"hdc_or_host_control","LUT5","hmatch_budget_q[9]_i_1"
"hdc_or_host_control","LUT3","hmatch_budget_q[9]_i_2"
"hdc_or_host_control","LUT6","hmatch_budget_q[9]_i_3"
"hdc_or_host_control","FDCE","hmatch_budget_q_reg[0]"
"hdc_or_host_control","FDCE","hmatch_budget_q_reg[10]"
"hdc_or_host_control","CARRY4","hmatch_budget_q_reg[10]_i_4"
"hdc_or_host_control","FDPE","hmatch_budget_q_reg[11]_inv"
"hdc_or_host_control","FDCE","hmatch_budget_q_reg[1]"
"hdc_or_host_control","FDCE","hmatch_budget_q_reg[2]"
"hdc_or_host_control","FDCE","hmatch_budget_q_reg[3]"
"hdc_or_host_control","CARRY4","hmatch_budget_q_reg[3]_i_2"
"hdc_or_host_control","FDCE","hmatch_budget_q_reg[4]"
"hdc_or_host_control","FDCE","hmatch_budget_q_reg[5]"
"hdc_or_host_control","FDCE","hmatch_budget_q_reg[6]"
"hdc_or_host_control","FDCE","hmatch_budget_q_reg[7]"
"hdc_or_host_control","CARRY4","hmatch_budget_q_reg[7]_i_2"
"hdc_or_host_control","FDCE","hmatch_budget_q_reg[8]"
"hdc_or_host_control","FDCE","hmatch_budget_q_reg[9]"
"hdc_or_host_control","LUT3","hmatch_class_slot_q[0]_i_1"
"hdc_or_host_control","LUT4","hmatch_class_slot_q[1]_i_1"
"hdc_or_host_control","LUT5","hmatch_class_slot_q[2]_i_1"
"hdc_or_host_control","LUT6","hmatch_class_slot_q[3]_i_1"
"hdc_or_host_control","LUT6","hmatch_class_slot_q[3]_i_2"
"hdc_or_host_control","LUT6","hmatch_class_slot_q[3]_i_3"
"hdc_or_host_control","LUT3","hmatch_class_slot_q[3]_i_4"
"hdc_or_host_control","FDCE","hmatch_class_slot_q_reg[0]"
"hdc_or_host_control","FDCE","hmatch_class_slot_q_reg[1]"
"hdc_or_host_control","FDCE","hmatch_class_slot_q_reg[2]"
"hdc_or_host_control","FDCE","hmatch_class_slot_q_reg[3]"
"hdc_or_host_control","LUT6","hmatch_last_idx_q[0]_i_1"
"hdc_or_host_control","LUT2","hmatch_last_idx_q[0]_i_2"
"hdc_or_host_control","LUT4","hmatch_last_idx_q[1]_i_1"
"hdc_or_host_control","LUT5","hmatch_last_idx_q[2]_i_1"
"hdc_or_host_control","LUT5","hmatch_last_idx_q[2]_i_2"
"hdc_or_host_control","FDCE","hmatch_last_idx_q_reg[0]"
"hdc_or_host_control","FDCE","hmatch_last_idx_q_reg[1]"
"hdc_or_host_control","FDCE","hmatch_last_idx_q_reg[2]"
"hdc_or_host_control","LUT6","hmatch_update_q_i_1"
"hdc_or_host_control","LUT6","hmatch_update_q_i_2"
"hdc_or_host_control","LUT6","hmatch_update_q_i_3"
"hdc_or_host_control","LUT2","hmatch_update_q_i_4"
"hdc_or_host_control","LUT3","hmatch_update_q_i_5"
"hdc_or_host_control","FDCE","hmatch_update_q_reg"
"unattributed_top_control","FDCE","hperm_bit_low_q_reg[0]"
"unattributed_top_control","FDCE","hperm_bit_low_q_reg[1]"
"unattributed_top_control","LUT2","hperm_dst_base_q[0]_i_1"
"unattributed_top_control","LUT2","hperm_dst_base_q[1]_i_1"
"unattributed_top_control","LUT3","hperm_dst_base_q[2]_i_1"
"unattributed_top_control","LUT3","hperm_dst_base_q[3]_i_1"
"unattributed_top_control","LUT3","hperm_dst_base_q[4]_i_1"
"unattributed_top_control","LUT6","hperm_dst_base_q[5]_i_1"
"unattributed_top_control","LUT3","hperm_dst_base_q[5]_i_2"
"unattributed_top_control","LUT5","hperm_dst_base_q[5]_i_3"
"unattributed_top_control","LUT2","hperm_dst_base_q[5]_i_4"
"unattributed_top_control","LUT2","hperm_dst_base_q[5]_i_6"
"unattributed_top_control","FDCE","hperm_dst_base_q_reg[0]"
"unattributed_top_control","FDCE","hperm_dst_base_q_reg[1]"
"unattributed_top_control","FDCE","hperm_dst_base_q_reg[2]"
"unattributed_top_control","FDCE","hperm_dst_base_q_reg[3]"
"unattributed_top_control","FDCE","hperm_dst_base_q_reg[4]"
"unattributed_top_control","FDCE","hperm_dst_base_q_reg[5]"
"unattributed_top_control","LUT6","hperm_lane_base_q[1]_i_1"
"unattributed_top_control","FDCE","hperm_lane_base_q_reg[0]"
"unattributed_top_control","FDCE","hperm_lane_base_q_reg[0]_rep"
"unattributed_top_control","FDCE","hperm_lane_base_q_reg[0]_rep__0"
"unattributed_top_control","FDCE","hperm_lane_base_q_reg[0]_rep__1"
"unattributed_top_control","FDCE","hperm_lane_base_q_reg[0]_rep__2"
"unattributed_top_control","FDCE","hperm_lane_base_q_reg[0]_rep__3"
"unattributed_top_control","FDCE","hperm_lane_base_q_reg[0]_rep__4"
"unattributed_top_control","FDCE","hperm_lane_base_q_reg[0]_rep__5"
"unattributed_top_control","FDCE","hperm_lane_base_q_reg[1]"
"unattributed_top_control","FDCE","hperm_lane_base_q_reg[1]_rep"
"unattributed_top_control","FDCE","hperm_lane_base_q_reg[1]_rep__0"
"unattributed_top_control","FDCE","hperm_lane_base_q_reg[1]_rep__1"
"unattributed_top_control","FDCE","hperm_lane_base_q_reg[1]_rep__2"
"unattributed_top_control","FDCE","hperm_lane_base_q_reg[1]_rep__3"
"unattributed_top_control","FDCE","hperm_lane_base_q_reg[1]_rep__4"
"unattributed_top_control","FDCE","hperm_lane_base_q_reg[1]_rep__5"
"shared_shift_spread_operator","LUT5","hperm_spread_q_i_1"
"shared_shift_spread_operator","LUT3","hperm_spread_q_i_2"
"shared_shift_spread_operator","LUT6","hperm_spread_q_i_3"
"shared_shift_spread_operator","LUT6","hperm_spread_q_i_4"
"shared_shift_spread_operator","LUT6","hperm_spread_q_i_5"
"shared_shift_spread_operator","LUT6","hperm_spread_q_i_6"
"shared_shift_spread_operator","LUT6","hperm_spread_q_i_7"
"shared_shift_spread_operator","LUT3","hperm_spread_q_i_8"
"shared_shift_spread_operator","FDCE","hperm_spread_q_reg"
"hdc_or_host_control","FDCE","hsim_src0_base_q_reg[2]"
"hdc_or_host_control","FDCE","hsim_src0_base_q_reg[3]"
"hdc_or_host_control","FDCE","hsim_src0_base_q_reg[4]"
"hdc_or_host_control","FDCE","hsim_src0_base_q_reg[5]"
"hdc_or_host_control","LUT5","hsim_src1_base_q[5]_i_1"
"hdc_or_host_control","FDCE","hsim_src1_base_q_reg[2]"
"hdc_or_host_control","FDCE","hsim_src1_base_q_reg[3]"
"hdc_or_host_control","FDCE","hsim_src1_base_q_reg[4]"
"hdc_or_host_control","FDCE","hsim_src1_base_q_reg[5]"
"hdc_or_host_control","LUT2","hsim_total_q[0]_i_1"
"hdc_or_host_control","LUT6","hsim_total_q[10]_i_1"
"hdc_or_host_control","LUT2","hsim_total_q[10]_i_2"
"hdc_or_host_control","LUT4","hsim_total_q[10]_i_3"
"hdc_or_host_control","LUT6","hsim_total_q[10]_i_5"
"hdc_or_host_control","LUT2","hsim_total_q[10]_i_6"
"hdc_or_host_control","LUT6","hsim_total_q[10]_i_7"
"hdc_or_host_control","LUT2","hsim_total_q[1]_i_1"
"hdc_or_host_control","LUT2","hsim_total_q[2]_i_1"
"hdc_or_host_control","LUT2","hsim_total_q[3]_i_1"
"hdc_or_host_control","LUT2","hsim_total_q[3]_i_3"
"hdc_or_host_control","LUT2","hsim_total_q[3]_i_4"
"hdc_or_host_control","LUT2","hsim_total_q[3]_i_5"
"hdc_or_host_control","LUT2","hsim_total_q[3]_i_6"
"hdc_or_host_control","LUT2","hsim_total_q[4]_i_1"
"hdc_or_host_control","LUT2","hsim_total_q[5]_i_1"
"hdc_or_host_control","LUT2","hsim_total_q[6]_i_1"
"hdc_or_host_control","LUT2","hsim_total_q[7]_i_1"
"hdc_or_host_control","LUT2","hsim_total_q[7]_i_3"
"hdc_or_host_control","LUT2","hsim_total_q[7]_i_4"
"hdc_or_host_control","LUT2","hsim_total_q[7]_i_5"
"hdc_or_host_control","LUT2","hsim_total_q[7]_i_6"
"hdc_or_host_control","LUT2","hsim_total_q[8]_i_1"
"hdc_or_host_control","LUT2","hsim_total_q[9]_i_1"
"hdc_or_host_control","FDCE","hsim_total_q_reg[0]"
"hdc_or_host_control","FDCE","hsim_total_q_reg[10]"
"hdc_or_host_control","CARRY4","hsim_total_q_reg[10]_i_4"
"hdc_or_host_control","FDCE","hsim_total_q_reg[1]"
"hdc_or_host_control","FDCE","hsim_total_q_reg[2]"
"hdc_or_host_control","FDCE","hsim_total_q_reg[3]"
"hdc_or_host_control","CARRY4","hsim_total_q_reg[3]_i_2"
"hdc_or_host_control","FDCE","hsim_total_q_reg[4]"
"hdc_or_host_control","FDCE","hsim_total_q_reg[5]"
"hdc_or_host_control","FDCE","hsim_total_q_reg[6]"
"hdc_or_host_control","FDCE","hsim_total_q_reg[7]"
"hdc_or_host_control","CARRY4","hsim_total_q_reg[7]_i_2"
"hdc_or_host_control","FDCE","hsim_total_q_reg[8]"
"hdc_or_host_control","FDCE","hsim_total_q_reg[9]"
"hdc_or_host_control","LUT5","lane_clip_q[3][15]_i_1"
"hdc_or_host_control","FDCE","lane_clip_q_reg[0][0]"
"hdc_or_host_control","FDCE","lane_clip_q_reg[0][10]"
"hdc_or_host_control","FDCE","lane_clip_q_reg[0][11]"
"hdc_or_host_control","FDCE","lane_clip_q_reg[0][12]"
"hdc_or_host_control","FDCE","lane_clip_q_reg[0][13]"
"hdc_or_host_control","FDCE","lane_clip_q_reg[0][14]"
"hdc_or_host_control","FDCE","lane_clip_q_reg[0][15]"
"hdc_or_host_control","FDCE","lane_clip_q_reg[0][1]"
"hdc_or_host_control","FDCE","lane_clip_q_reg[0][2]"
"hdc_or_host_control","FDCE","lane_clip_q_reg[0][3]"
"hdc_or_host_control","FDCE","lane_clip_q_reg[0][4]"
"hdc_or_host_control","FDCE","lane_clip_q_reg[0][5]"
"hdc_or_host_control","FDCE","lane_clip_q_reg[0][6]"
"hdc_or_host_control","FDCE","lane_clip_q_reg[0][7]"
"hdc_or_host_control","FDCE","lane_clip_q_reg[0][8]"
"hdc_or_host_control","FDCE","lane_clip_q_reg[0][9]"
"hdc_or_host_control","FDCE","lane_clip_q_reg[1][0]"
"hdc_or_host_control","FDCE","lane_clip_q_reg[1][10]"
"hdc_or_host_control","FDCE","lane_clip_q_reg[1][11]"
"hdc_or_host_control","FDCE","lane_clip_q_reg[1][12]"
"hdc_or_host_control","FDCE","lane_clip_q_reg[1][13]"
"hdc_or_host_control","FDCE","lane_clip_q_reg[1][14]"
"hdc_or_host_control","FDCE","lane_clip_q_reg[1][15]"
"hdc_or_host_control","FDCE","lane_clip_q_reg[1][1]"
"hdc_or_host_control","FDCE","lane_clip_q_reg[1][2]"
"hdc_or_host_control","FDCE","lane_clip_q_reg[1][3]"
"hdc_or_host_control","FDCE","lane_clip_q_reg[1][4]"
"hdc_or_host_control","FDCE","lane_clip_q_reg[1][5]"
"hdc_or_host_control","FDCE","lane_clip_q_reg[1][6]"
"hdc_or_host_control","FDCE","lane_clip_q_reg[1][7]"
"hdc_or_host_control","FDCE","lane_clip_q_reg[1][8]"
"hdc_or_host_control","FDCE","lane_clip_q_reg[1][9]"
"hdc_or_host_control","FDCE","lane_clip_q_reg[2][0]"
"hdc_or_host_control","FDCE","lane_clip_q_reg[2][10]"
"hdc_or_host_control","FDCE","lane_clip_q_reg[2][11]"
"hdc_or_host_control","FDCE","lane_clip_q_reg[2][12]"
"hdc_or_host_control","FDCE","lane_clip_q_reg[2][13]"
"hdc_or_host_control","FDCE","lane_clip_q_reg[2][14]"
"hdc_or_host_control","FDCE","lane_clip_q_reg[2][15]"
"hdc_or_host_control","FDCE","lane_clip_q_reg[2][1]"
"hdc_or_host_control","FDCE","lane_clip_q_reg[2][2]"
"hdc_or_host_control","FDCE","lane_clip_q_reg[2][3]"
"hdc_or_host_control","FDCE","lane_clip_q_reg[2][4]"
"hdc_or_host_control","FDCE","lane_clip_q_reg[2][5]"
"hdc_or_host_control","FDCE","lane_clip_q_reg[2][6]"
"hdc_or_host_control","FDCE","lane_clip_q_reg[2][7]"
"hdc_or_host_control","FDCE","lane_clip_q_reg[2][8]"
"hdc_or_host_control","FDCE","lane_clip_q_reg[2][9]"
"hdc_or_host_control","FDCE","lane_clip_q_reg[3][0]"
"hdc_or_host_control","FDCE","lane_clip_q_reg[3][10]"
"hdc_or_host_control","FDCE","lane_clip_q_reg[3][11]"
"hdc_or_host_control","FDCE","lane_clip_q_reg[3][12]"
"hdc_or_host_control","FDCE","lane_clip_q_reg[3][13]"
"hdc_or_host_control","FDCE","lane_clip_q_reg[3][14]"
"hdc_or_host_control","FDCE","lane_clip_q_reg[3][15]"
"hdc_or_host_control","FDCE","lane_clip_q_reg[3][1]"
"hdc_or_host_control","FDCE","lane_clip_q_reg[3][2]"
"hdc_or_host_control","FDCE","lane_clip_q_reg[3][3]"
"hdc_or_host_control","FDCE","lane_clip_q_reg[3][4]"
"hdc_or_host_control","FDCE","lane_clip_q_reg[3][5]"
"hdc_or_host_control","FDCE","lane_clip_q_reg[3][6]"
"hdc_or_host_control","FDCE","lane_clip_q_reg[3][7]"
"hdc_or_host_control","FDCE","lane_clip_q_reg[3][8]"
"hdc_or_host_control","FDCE","lane_clip_q_reg[3][9]"
"unattributed_top_control","LUT4","lane_result_q[3][63]_i_1"
"unattributed_top_control","FDCE","lane_result_q_reg[0][0]"
"unattributed_top_control","FDCE","lane_result_q_reg[0][10]"
"unattributed_top_control","FDCE","lane_result_q_reg[0][11]"
"unattributed_top_control","FDCE","lane_result_q_reg[0][12]"
"unattributed_top_control","FDCE","lane_result_q_reg[0][13]"
"unattributed_top_control","FDCE","lane_result_q_reg[0][14]"
"unattributed_top_control","FDCE","lane_result_q_reg[0][15]"
"unattributed_top_control","FDCE","lane_result_q_reg[0][16]"
"unattributed_top_control","FDCE","lane_result_q_reg[0][17]"
"unattributed_top_control","FDCE","lane_result_q_reg[0][18]"
"unattributed_top_control","FDCE","lane_result_q_reg[0][19]"
"unattributed_top_control","FDCE","lane_result_q_reg[0][1]"
"unattributed_top_control","FDCE","lane_result_q_reg[0][20]"
"unattributed_top_control","FDCE","lane_result_q_reg[0][21]"
"unattributed_top_control","FDCE","lane_result_q_reg[0][22]"
"unattributed_top_control","FDCE","lane_result_q_reg[0][23]"
"unattributed_top_control","FDCE","lane_result_q_reg[0][24]"
"unattributed_top_control","FDCE","lane_result_q_reg[0][25]"
"unattributed_top_control","FDCE","lane_result_q_reg[0][26]"
"unattributed_top_control","FDCE","lane_result_q_reg[0][27]"
"unattributed_top_control","FDCE","lane_result_q_reg[0][28]"
"unattributed_top_control","FDCE","lane_result_q_reg[0][29]"
"unattributed_top_control","FDCE","lane_result_q_reg[0][2]"
"unattributed_top_control","FDCE","lane_result_q_reg[0][30]"
"unattributed_top_control","FDCE","lane_result_q_reg[0][31]"
"unattributed_top_control","FDCE","lane_result_q_reg[0][32]"
"unattributed_top_control","FDCE","lane_result_q_reg[0][33]"
"unattributed_top_control","FDCE","lane_result_q_reg[0][34]"
"unattributed_top_control","FDCE","lane_result_q_reg[0][35]"
"unattributed_top_control","FDCE","lane_result_q_reg[0][36]"
"unattributed_top_control","FDCE","lane_result_q_reg[0][37]"
"unattributed_top_control","FDCE","lane_result_q_reg[0][38]"
"unattributed_top_control","FDCE","lane_result_q_reg[0][39]"
"unattributed_top_control","FDCE","lane_result_q_reg[0][3]"
"unattributed_top_control","FDCE","lane_result_q_reg[0][40]"
"unattributed_top_control","FDCE","lane_result_q_reg[0][41]"
"unattributed_top_control","FDCE","lane_result_q_reg[0][42]"
"unattributed_top_control","FDCE","lane_result_q_reg[0][43]"
"unattributed_top_control","FDCE","lane_result_q_reg[0][44]"
"unattributed_top_control","FDCE","lane_result_q_reg[0][45]"
"unattributed_top_control","FDCE","lane_result_q_reg[0][46]"
"unattributed_top_control","FDCE","lane_result_q_reg[0][47]"
"unattributed_top_control","FDCE","lane_result_q_reg[0][48]"
"unattributed_top_control","FDCE","lane_result_q_reg[0][49]"
"unattributed_top_control","FDCE","lane_result_q_reg[0][4]"
"unattributed_top_control","FDCE","lane_result_q_reg[0][50]"
"unattributed_top_control","FDCE","lane_result_q_reg[0][51]"
"unattributed_top_control","FDCE","lane_result_q_reg[0][52]"
"unattributed_top_control","FDCE","lane_result_q_reg[0][53]"
"unattributed_top_control","FDCE","lane_result_q_reg[0][54]"
"unattributed_top_control","FDCE","lane_result_q_reg[0][55]"
"unattributed_top_control","FDCE","lane_result_q_reg[0][56]"
"unattributed_top_control","FDCE","lane_result_q_reg[0][57]"
"unattributed_top_control","FDCE","lane_result_q_reg[0][58]"
"unattributed_top_control","FDCE","lane_result_q_reg[0][59]"
"unattributed_top_control","FDCE","lane_result_q_reg[0][5]"
"unattributed_top_control","FDCE","lane_result_q_reg[0][60]"
"unattributed_top_control","FDCE","lane_result_q_reg[0][61]"
"unattributed_top_control","FDCE","lane_result_q_reg[0][62]"
"unattributed_top_control","FDCE","lane_result_q_reg[0][63]"
"unattributed_top_control","FDCE","lane_result_q_reg[0][6]"
"unattributed_top_control","FDCE","lane_result_q_reg[0][7]"
"unattributed_top_control","FDCE","lane_result_q_reg[0][8]"
"unattributed_top_control","FDCE","lane_result_q_reg[0][9]"
"unattributed_top_control","FDCE","lane_result_q_reg[1][0]"
"unattributed_top_control","FDCE","lane_result_q_reg[1][10]"
"unattributed_top_control","FDCE","lane_result_q_reg[1][11]"
"unattributed_top_control","FDCE","lane_result_q_reg[1][12]"
"unattributed_top_control","FDCE","lane_result_q_reg[1][13]"
"unattributed_top_control","FDCE","lane_result_q_reg[1][14]"
"unattributed_top_control","FDCE","lane_result_q_reg[1][15]"
"unattributed_top_control","FDCE","lane_result_q_reg[1][16]"
"unattributed_top_control","FDCE","lane_result_q_reg[1][17]"
"unattributed_top_control","FDCE","lane_result_q_reg[1][18]"
"unattributed_top_control","FDCE","lane_result_q_reg[1][19]"
"unattributed_top_control","FDCE","lane_result_q_reg[1][1]"
"unattributed_top_control","FDCE","lane_result_q_reg[1][20]"
"unattributed_top_control","FDCE","lane_result_q_reg[1][21]"
"unattributed_top_control","FDCE","lane_result_q_reg[1][22]"
"unattributed_top_control","FDCE","lane_result_q_reg[1][23]"
"unattributed_top_control","FDCE","lane_result_q_reg[1][24]"
"unattributed_top_control","FDCE","lane_result_q_reg[1][25]"
"unattributed_top_control","FDCE","lane_result_q_reg[1][26]"
"unattributed_top_control","FDCE","lane_result_q_reg[1][27]"
"unattributed_top_control","FDCE","lane_result_q_reg[1][28]"
"unattributed_top_control","FDCE","lane_result_q_reg[1][29]"
"unattributed_top_control","FDCE","lane_result_q_reg[1][2]"
"unattributed_top_control","FDCE","lane_result_q_reg[1][30]"
"unattributed_top_control","FDCE","lane_result_q_reg[1][31]"
"unattributed_top_control","FDCE","lane_result_q_reg[1][32]"
"unattributed_top_control","FDCE","lane_result_q_reg[1][33]"
"unattributed_top_control","FDCE","lane_result_q_reg[1][34]"
"unattributed_top_control","FDCE","lane_result_q_reg[1][35]"
"unattributed_top_control","FDCE","lane_result_q_reg[1][36]"
"unattributed_top_control","FDCE","lane_result_q_reg[1][37]"
"unattributed_top_control","FDCE","lane_result_q_reg[1][38]"
"unattributed_top_control","FDCE","lane_result_q_reg[1][39]"
"unattributed_top_control","FDCE","lane_result_q_reg[1][3]"
"unattributed_top_control","FDCE","lane_result_q_reg[1][40]"
"unattributed_top_control","FDCE","lane_result_q_reg[1][41]"
"unattributed_top_control","FDCE","lane_result_q_reg[1][42]"
"unattributed_top_control","FDCE","lane_result_q_reg[1][43]"
"unattributed_top_control","FDCE","lane_result_q_reg[1][44]"
"unattributed_top_control","FDCE","lane_result_q_reg[1][45]"
"unattributed_top_control","FDCE","lane_result_q_reg[1][46]"
"unattributed_top_control","FDCE","lane_result_q_reg[1][47]"
"unattributed_top_control","FDCE","lane_result_q_reg[1][48]"
"unattributed_top_control","FDCE","lane_result_q_reg[1][49]"
"unattributed_top_control","FDCE","lane_result_q_reg[1][4]"
"unattributed_top_control","FDCE","lane_result_q_reg[1][50]"
"unattributed_top_control","FDCE","lane_result_q_reg[1][51]"
"unattributed_top_control","FDCE","lane_result_q_reg[1][52]"
"unattributed_top_control","FDCE","lane_result_q_reg[1][53]"
"unattributed_top_control","FDCE","lane_result_q_reg[1][54]"
"unattributed_top_control","FDCE","lane_result_q_reg[1][55]"
"unattributed_top_control","FDCE","lane_result_q_reg[1][56]"
"unattributed_top_control","FDCE","lane_result_q_reg[1][57]"
"unattributed_top_control","FDCE","lane_result_q_reg[1][58]"
"unattributed_top_control","FDCE","lane_result_q_reg[1][59]"
"unattributed_top_control","FDCE","lane_result_q_reg[1][5]"
"unattributed_top_control","FDCE","lane_result_q_reg[1][60]"
"unattributed_top_control","FDCE","lane_result_q_reg[1][61]"
"unattributed_top_control","FDCE","lane_result_q_reg[1][62]"
"unattributed_top_control","FDCE","lane_result_q_reg[1][63]"
"unattributed_top_control","FDCE","lane_result_q_reg[1][6]"
"unattributed_top_control","FDCE","lane_result_q_reg[1][7]"
"unattributed_top_control","FDCE","lane_result_q_reg[1][8]"
"unattributed_top_control","FDCE","lane_result_q_reg[1][9]"
"unattributed_top_control","FDCE","lane_result_q_reg[2][0]"
"unattributed_top_control","FDCE","lane_result_q_reg[2][10]"
"unattributed_top_control","FDCE","lane_result_q_reg[2][11]"
"unattributed_top_control","FDCE","lane_result_q_reg[2][12]"
"unattributed_top_control","FDCE","lane_result_q_reg[2][13]"
"unattributed_top_control","FDCE","lane_result_q_reg[2][14]"
"unattributed_top_control","FDCE","lane_result_q_reg[2][15]"
"unattributed_top_control","FDCE","lane_result_q_reg[2][16]"
"unattributed_top_control","FDCE","lane_result_q_reg[2][17]"
"unattributed_top_control","FDCE","lane_result_q_reg[2][18]"
"unattributed_top_control","FDCE","lane_result_q_reg[2][19]"
"unattributed_top_control","FDCE","lane_result_q_reg[2][1]"
"unattributed_top_control","FDCE","lane_result_q_reg[2][20]"
"unattributed_top_control","FDCE","lane_result_q_reg[2][21]"
"unattributed_top_control","FDCE","lane_result_q_reg[2][22]"
"unattributed_top_control","FDCE","lane_result_q_reg[2][23]"
"unattributed_top_control","FDCE","lane_result_q_reg[2][24]"
"unattributed_top_control","FDCE","lane_result_q_reg[2][25]"
"unattributed_top_control","FDCE","lane_result_q_reg[2][26]"
"unattributed_top_control","FDCE","lane_result_q_reg[2][27]"
"unattributed_top_control","FDCE","lane_result_q_reg[2][28]"
"unattributed_top_control","FDCE","lane_result_q_reg[2][29]"
"unattributed_top_control","FDCE","lane_result_q_reg[2][2]"
"unattributed_top_control","FDCE","lane_result_q_reg[2][30]"
"unattributed_top_control","FDCE","lane_result_q_reg[2][31]"
"unattributed_top_control","FDCE","lane_result_q_reg[2][32]"
"unattributed_top_control","FDCE","lane_result_q_reg[2][33]"
"unattributed_top_control","FDCE","lane_result_q_reg[2][34]"
"unattributed_top_control","FDCE","lane_result_q_reg[2][35]"
"unattributed_top_control","FDCE","lane_result_q_reg[2][36]"
"unattributed_top_control","FDCE","lane_result_q_reg[2][37]"
"unattributed_top_control","FDCE","lane_result_q_reg[2][38]"
"unattributed_top_control","FDCE","lane_result_q_reg[2][39]"
"unattributed_top_control","FDCE","lane_result_q_reg[2][3]"
"unattributed_top_control","FDCE","lane_result_q_reg[2][40]"
"unattributed_top_control","FDCE","lane_result_q_reg[2][41]"
"unattributed_top_control","FDCE","lane_result_q_reg[2][42]"
"unattributed_top_control","FDCE","lane_result_q_reg[2][43]"
"unattributed_top_control","FDCE","lane_result_q_reg[2][44]"
"unattributed_top_control","FDCE","lane_result_q_reg[2][45]"
"unattributed_top_control","FDCE","lane_result_q_reg[2][46]"
"unattributed_top_control","FDCE","lane_result_q_reg[2][47]"
"unattributed_top_control","FDCE","lane_result_q_reg[2][48]"
"unattributed_top_control","FDCE","lane_result_q_reg[2][49]"
"unattributed_top_control","FDCE","lane_result_q_reg[2][4]"
"unattributed_top_control","FDCE","lane_result_q_reg[2][50]"
"unattributed_top_control","FDCE","lane_result_q_reg[2][51]"
"unattributed_top_control","FDCE","lane_result_q_reg[2][52]"
"unattributed_top_control","FDCE","lane_result_q_reg[2][53]"
"unattributed_top_control","FDCE","lane_result_q_reg[2][54]"
"unattributed_top_control","FDCE","lane_result_q_reg[2][55]"
"unattributed_top_control","FDCE","lane_result_q_reg[2][56]"
"unattributed_top_control","FDCE","lane_result_q_reg[2][57]"
"unattributed_top_control","FDCE","lane_result_q_reg[2][58]"
"unattributed_top_control","FDCE","lane_result_q_reg[2][59]"
"unattributed_top_control","FDCE","lane_result_q_reg[2][5]"
"unattributed_top_control","FDCE","lane_result_q_reg[2][60]"
"unattributed_top_control","FDCE","lane_result_q_reg[2][61]"
"unattributed_top_control","FDCE","lane_result_q_reg[2][62]"
"unattributed_top_control","FDCE","lane_result_q_reg[2][63]"
"unattributed_top_control","FDCE","lane_result_q_reg[2][6]"
"unattributed_top_control","FDCE","lane_result_q_reg[2][7]"
"unattributed_top_control","FDCE","lane_result_q_reg[2][8]"
"unattributed_top_control","FDCE","lane_result_q_reg[2][9]"
"unattributed_top_control","FDCE","lane_result_q_reg[3][0]"
"unattributed_top_control","FDCE","lane_result_q_reg[3][10]"
"unattributed_top_control","FDCE","lane_result_q_reg[3][11]"
"unattributed_top_control","FDCE","lane_result_q_reg[3][12]"
"unattributed_top_control","FDCE","lane_result_q_reg[3][13]"
"unattributed_top_control","FDCE","lane_result_q_reg[3][14]"
"unattributed_top_control","FDCE","lane_result_q_reg[3][15]"
"unattributed_top_control","FDCE","lane_result_q_reg[3][16]"
"unattributed_top_control","FDCE","lane_result_q_reg[3][17]"
"unattributed_top_control","FDCE","lane_result_q_reg[3][18]"
"unattributed_top_control","FDCE","lane_result_q_reg[3][19]"
"unattributed_top_control","FDCE","lane_result_q_reg[3][1]"
"unattributed_top_control","FDCE","lane_result_q_reg[3][20]"
"unattributed_top_control","FDCE","lane_result_q_reg[3][21]"
"unattributed_top_control","FDCE","lane_result_q_reg[3][22]"
"unattributed_top_control","FDCE","lane_result_q_reg[3][23]"
"unattributed_top_control","FDCE","lane_result_q_reg[3][24]"
"unattributed_top_control","FDCE","lane_result_q_reg[3][25]"
"unattributed_top_control","FDCE","lane_result_q_reg[3][26]"
"unattributed_top_control","FDCE","lane_result_q_reg[3][27]"
"unattributed_top_control","FDCE","lane_result_q_reg[3][28]"
"unattributed_top_control","FDCE","lane_result_q_reg[3][29]"
"unattributed_top_control","FDCE","lane_result_q_reg[3][2]"
"unattributed_top_control","FDCE","lane_result_q_reg[3][30]"
"unattributed_top_control","FDCE","lane_result_q_reg[3][31]"
"unattributed_top_control","FDCE","lane_result_q_reg[3][32]"
"unattributed_top_control","FDCE","lane_result_q_reg[3][33]"
"unattributed_top_control","FDCE","lane_result_q_reg[3][34]"
"unattributed_top_control","FDCE","lane_result_q_reg[3][35]"
"unattributed_top_control","FDCE","lane_result_q_reg[3][36]"
"unattributed_top_control","FDCE","lane_result_q_reg[3][37]"
"unattributed_top_control","FDCE","lane_result_q_reg[3][38]"
"unattributed_top_control","FDCE","lane_result_q_reg[3][39]"
"unattributed_top_control","FDCE","lane_result_q_reg[3][3]"
"unattributed_top_control","FDCE","lane_result_q_reg[3][40]"
"unattributed_top_control","FDCE","lane_result_q_reg[3][41]"
"unattributed_top_control","FDCE","lane_result_q_reg[3][42]"
"unattributed_top_control","FDCE","lane_result_q_reg[3][43]"
"unattributed_top_control","FDCE","lane_result_q_reg[3][44]"
"unattributed_top_control","FDCE","lane_result_q_reg[3][45]"
"unattributed_top_control","FDCE","lane_result_q_reg[3][46]"
"unattributed_top_control","FDCE","lane_result_q_reg[3][47]"
"unattributed_top_control","FDCE","lane_result_q_reg[3][48]"
"unattributed_top_control","FDCE","lane_result_q_reg[3][49]"
"unattributed_top_control","FDCE","lane_result_q_reg[3][4]"
"unattributed_top_control","FDCE","lane_result_q_reg[3][50]"
"unattributed_top_control","FDCE","lane_result_q_reg[3][51]"
"unattributed_top_control","FDCE","lane_result_q_reg[3][52]"
"unattributed_top_control","FDCE","lane_result_q_reg[3][53]"
"unattributed_top_control","FDCE","lane_result_q_reg[3][54]"
"unattributed_top_control","FDCE","lane_result_q_reg[3][55]"
"unattributed_top_control","FDCE","lane_result_q_reg[3][56]"
"unattributed_top_control","FDCE","lane_result_q_reg[3][57]"
"unattributed_top_control","FDCE","lane_result_q_reg[3][58]"
"unattributed_top_control","FDCE","lane_result_q_reg[3][59]"
"unattributed_top_control","FDCE","lane_result_q_reg[3][5]"
"unattributed_top_control","FDCE","lane_result_q_reg[3][60]"
"unattributed_top_control","FDCE","lane_result_q_reg[3][61]"
"unattributed_top_control","FDCE","lane_result_q_reg[3][62]"
"unattributed_top_control","FDCE","lane_result_q_reg[3][63]"
"unattributed_top_control","FDCE","lane_result_q_reg[3][6]"
"unattributed_top_control","FDCE","lane_result_q_reg[3][7]"
"unattributed_top_control","FDCE","lane_result_q_reg[3][8]"
"unattributed_top_control","FDCE","lane_result_q_reg[3][9]"
"unattributed_top_control","LUT6","op_q[3]_i_1"
"unattributed_top_control","FDCE","op_q_reg[0]"
"unattributed_top_control","FDCE","op_q_reg[1]"
"unattributed_top_control","FDCE","op_q_reg[2]"
"unattributed_top_control","FDCE","op_q_reg[3]"
"hdc_or_host_control","LUT6","p2_lane_compute_q_i_1"
"hdc_or_host_control","LUT2","p2_lane_compute_q_i_2"
"hdc_or_host_control","FDCE","p2_lane_compute_q_reg"
"hdc_or_host_control","LUT4","p4_arch_op_q[0]_i_1"
"hdc_or_host_control","LUT5","p4_arch_op_q[1]_i_1"
"hdc_or_host_control","LUT5","p4_arch_op_q[2]_i_1"
"hdc_or_host_control","LUT6","p4_arch_op_q[3]_i_1"
"hdc_or_host_control","LUT4","p4_arch_op_q[3]_i_2"
"hdc_or_host_control","LUT6","p4_arch_op_q[3]_i_3"
"hdc_or_host_control","LUT6","p4_arch_op_q[3]_i_4"
"hdc_or_host_control","LUT2","p4_arch_op_q[3]_i_6"
"hdc_or_host_control","FDCE","p4_arch_op_q_reg[0]"
"hdc_or_host_control","FDCE","p4_arch_op_q_reg[1]"
"hdc_or_host_control","FDCE","p4_arch_op_q_reg[2]"
"hdc_or_host_control","FDCE","p4_arch_op_q_reg[3]"
"hdc_or_host_control","LUT5","ready_o_INST_0"
"hdc_or_host_control","FDCE","res_q_reg[0]"
"hdc_or_host_control","FDCE","res_q_reg[10]"
"hdc_or_host_control","FDCE","res_q_reg[11]"
"hdc_or_host_control","FDCE","res_q_reg[12]"
"hdc_or_host_control","FDCE","res_q_reg[13]"
"hdc_or_host_control","FDCE","res_q_reg[14]"
"hdc_or_host_control","FDCE","res_q_reg[15]"
"hdc_or_host_control","FDCE","res_q_reg[16]"
"hdc_or_host_control","FDCE","res_q_reg[17]"
"hdc_or_host_control","FDCE","res_q_reg[18]"
"hdc_or_host_control","FDCE","res_q_reg[19]"
"hdc_or_host_control","FDCE","res_q_reg[1]"
"hdc_or_host_control","FDCE","res_q_reg[20]"
"hdc_or_host_control","FDCE","res_q_reg[21]"
"hdc_or_host_control","FDCE","res_q_reg[22]"
"hdc_or_host_control","FDCE","res_q_reg[23]"
"hdc_or_host_control","FDCE","res_q_reg[24]"
"hdc_or_host_control","FDCE","res_q_reg[25]"
"hdc_or_host_control","FDCE","res_q_reg[26]"
"hdc_or_host_control","FDCE","res_q_reg[27]"
"hdc_or_host_control","FDCE","res_q_reg[28]"
"hdc_or_host_control","FDCE","res_q_reg[29]"
"hdc_or_host_control","FDCE","res_q_reg[2]"
"hdc_or_host_control","FDCE","res_q_reg[30]"
"hdc_or_host_control","FDCE","res_q_reg[31]"
"hdc_or_host_control","FDCE","res_q_reg[32]"
"hdc_or_host_control","FDCE","res_q_reg[33]"
"hdc_or_host_control","FDCE","res_q_reg[34]"
"hdc_or_host_control","FDCE","res_q_reg[35]"
"hdc_or_host_control","FDCE","res_q_reg[36]"
"hdc_or_host_control","FDCE","res_q_reg[37]"
"hdc_or_host_control","FDCE","res_q_reg[38]"
"hdc_or_host_control","FDCE","res_q_reg[39]"
"hdc_or_host_control","FDCE","res_q_reg[3]"
"hdc_or_host_control","FDCE","res_q_reg[40]"
"hdc_or_host_control","FDCE","res_q_reg[41]"
"hdc_or_host_control","FDCE","res_q_reg[42]"
"hdc_or_host_control","FDCE","res_q_reg[43]"
"hdc_or_host_control","FDCE","res_q_reg[44]"
"hdc_or_host_control","FDCE","res_q_reg[45]"
"hdc_or_host_control","FDCE","res_q_reg[46]"
"hdc_or_host_control","FDCE","res_q_reg[47]"
"hdc_or_host_control","FDCE","res_q_reg[48]"
"hdc_or_host_control","FDCE","res_q_reg[49]"
"hdc_or_host_control","FDCE","res_q_reg[4]"
"hdc_or_host_control","FDCE","res_q_reg[50]"
"hdc_or_host_control","FDCE","res_q_reg[51]"
"hdc_or_host_control","FDCE","res_q_reg[52]"
"hdc_or_host_control","FDCE","res_q_reg[53]"
"hdc_or_host_control","FDCE","res_q_reg[54]"
"hdc_or_host_control","FDCE","res_q_reg[55]"
"hdc_or_host_control","FDCE","res_q_reg[56]"
"hdc_or_host_control","FDCE","res_q_reg[57]"
"hdc_or_host_control","FDCE","res_q_reg[58]"
"hdc_or_host_control","FDCE","res_q_reg[59]"
"hdc_or_host_control","FDCE","res_q_reg[5]"
"hdc_or_host_control","FDCE","res_q_reg[60]"
"hdc_or_host_control","FDCE","res_q_reg[61]"
"hdc_or_host_control","FDCE","res_q_reg[62]"
"hdc_or_host_control","FDCE","res_q_reg[63]"
"hdc_or_host_control","FDCE","res_q_reg[6]"
"hdc_or_host_control","FDCE","res_q_reg[7]"
"hdc_or_host_control","FDCE","res_q_reg[8]"
"hdc_or_host_control","FDCE","res_q_reg[9]"
"unattributed_top_control","LUT6","st_q[0]_i_1"
"unattributed_top_control","LUT6","st_q[0]_i_10"
"unattributed_top_control","LUT6","st_q[0]_i_11"
"unattributed_top_control","LUT4","st_q[0]_i_12"
"unattributed_top_control","LUT6","st_q[0]_i_13"
"unattributed_top_control","LUT6","st_q[0]_i_14"
"unattributed_top_control","LUT4","st_q[0]_i_15"
"unattributed_top_control","LUT6","st_q[0]_i_16"
"unattributed_top_control","LUT6","st_q[0]_i_17"
"unattributed_top_control","LUT6","st_q[0]_i_18"
"unattributed_top_control","LUT6","st_q[0]_i_19"
"unattributed_top_control","LUT5","st_q[0]_i_2"
"unattributed_top_control","LUT3","st_q[0]_i_20"
"unattributed_top_control","LUT6","st_q[0]_i_21"
"unattributed_top_control","LUT6","st_q[0]_i_22"
"unattributed_top_control","LUT6","st_q[0]_i_3"
"unattributed_top_control","LUT6","st_q[0]_i_4"
"unattributed_top_control","LUT6","st_q[0]_i_5"
"unattributed_top_control","LUT6","st_q[0]_i_6"
"unattributed_top_control","LUT6","st_q[0]_i_7"
"unattributed_top_control","LUT5","st_q[0]_i_8"
"unattributed_top_control","LUT2","st_q[0]_i_9"
"unattributed_top_control","LUT6","st_q[0]_rep_i_1"
"unattributed_top_control","LUT6","st_q[0]_rep_i_1__0"
"unattributed_top_control","LUT6","st_q[1]_i_1"
"unattributed_top_control","LUT6","st_q[1]_i_10"
"unattributed_top_control","LUT6","st_q[1]_i_11"
"unattributed_top_control","LUT6","st_q[1]_i_12"
"unattributed_top_control","LUT6","st_q[1]_i_13"
"unattributed_top_control","LUT4","st_q[1]_i_14"
"unattributed_top_control","LUT5","st_q[1]_i_15"
"unattributed_top_control","LUT6","st_q[1]_i_16"
"unattributed_top_control","LUT4","st_q[1]_i_17"
"unattributed_top_control","LUT2","st_q[1]_i_18"
"unattributed_top_control","LUT6","st_q[1]_i_2"
"unattributed_top_control","LUT6","st_q[1]_i_3"
"unattributed_top_control","LUT6","st_q[1]_i_4"
"unattributed_top_control","LUT6","st_q[1]_i_6"
"unattributed_top_control","LUT6","st_q[1]_i_7"
"unattributed_top_control","LUT4","st_q[1]_i_8"
"unattributed_top_control","LUT5","st_q[1]_i_9"
"unattributed_top_control","LUT6","st_q[1]_rep_i_1"
"unattributed_top_control","LUT6","st_q[1]_rep_i_1__0"
"unattributed_top_control","LUT6","st_q[2]_i_1"
"unattributed_top_control","LUT6","st_q[2]_i_10"
"unattributed_top_control","LUT5","st_q[2]_i_11"
"unattributed_top_control","LUT6","st_q[2]_i_12"
"unattributed_top_control","LUT5","st_q[2]_i_13"
"unattributed_top_control","LUT3","st_q[2]_i_14"
"unattributed_top_control","LUT6","st_q[2]_i_15"
"unattributed_top_control","LUT6","st_q[2]_i_16"
"unattributed_top_control","LUT4","st_q[2]_i_17"
"unattributed_top_control","LUT2","st_q[2]_i_18"
"unattributed_top_control","LUT6","st_q[2]_i_19"
"unattributed_top_control","LUT6","st_q[2]_i_2"
"unattributed_top_control","LUT2","st_q[2]_i_20"
"unattributed_top_control","LUT6","st_q[2]_i_3"
"unattributed_top_control","LUT6","st_q[2]_i_4"
"unattributed_top_control","LUT4","st_q[2]_i_5"
"unattributed_top_control","LUT5","st_q[2]_i_6"
"unattributed_top_control","LUT2","st_q[2]_i_7"
"unattributed_top_control","LUT6","st_q[2]_i_8"
"unattributed_top_control","LUT6","st_q[2]_i_9"
"unattributed_top_control","LUT6","st_q[2]_rep_i_1"
"unattributed_top_control","LUT6","st_q[2]_rep_i_1__0"
"unattributed_top_control","LUT6","st_q[2]_rep_i_1__1"
"unattributed_top_control","LUT6","st_q[2]_rep_i_1__2"
"unattributed_top_control","LUT6","st_q[2]_rep_i_1__3"
"unattributed_top_control","LUT6","st_q[3]_i_1"
"unattributed_top_control","LUT5","st_q[3]_i_10"
"unattributed_top_control","LUT5","st_q[3]_i_11"
"unattributed_top_control","LUT6","st_q[3]_i_12"
"unattributed_top_control","LUT4","st_q[3]_i_13"
"unattributed_top_control","LUT4","st_q[3]_i_14"
"unattributed_top_control","LUT2","st_q[3]_i_15"
"unattributed_top_control","LUT4","st_q[3]_i_16"
"unattributed_top_control","LUT6","st_q[3]_i_17"
"unattributed_top_control","LUT5","st_q[3]_i_18"
"unattributed_top_control","LUT6","st_q[3]_i_19"
"unattributed_top_control","LUT6","st_q[3]_i_2"
"unattributed_top_control","LUT6","st_q[3]_i_20"
"unattributed_top_control","LUT6","st_q[3]_i_21"
"unattributed_top_control","LUT4","st_q[3]_i_22"
"unattributed_top_control","LUT6","st_q[3]_i_3"
"unattributed_top_control","LUT6","st_q[3]_i_4"
"unattributed_top_control","LUT5","st_q[3]_i_5"
"unattributed_top_control","LUT6","st_q[3]_i_6"
"unattributed_top_control","LUT6","st_q[3]_i_7"
"unattributed_top_control","LUT6","st_q[3]_i_8"
"unattributed_top_control","LUT3","st_q[3]_i_9"
"unattributed_top_control","LUT6","st_q[4]_i_1"
"unattributed_top_control","LUT3","st_q[4]_i_10"
"unattributed_top_control","LUT4","st_q[4]_i_11"
"unattributed_top_control","LUT6","st_q[4]_i_12"
"unattributed_top_control","LUT6","st_q[4]_i_13"
"unattributed_top_control","LUT6","st_q[4]_i_14"
"unattributed_top_control","LUT5","st_q[4]_i_15"
"unattributed_top_control","LUT6","st_q[4]_i_16"
"unattributed_top_control","LUT2","st_q[4]_i_17"
"unattributed_top_control","LUT4","st_q[4]_i_18"
"unattributed_top_control","LUT6","st_q[4]_i_19"
"unattributed_top_control","LUT6","st_q[4]_i_2"
"unattributed_top_control","LUT2","st_q[4]_i_20"
"unattributed_top_control","LUT6","st_q[4]_i_3"
"unattributed_top_control","LUT6","st_q[4]_i_4"
"unattributed_top_control","LUT6","st_q[4]_i_5"
"unattributed_top_control","LUT6","st_q[4]_i_6"
"unattributed_top_control","LUT6","st_q[4]_i_7"
"unattributed_top_control","LUT5","st_q[4]_i_8"
"unattributed_top_control","LUT2","st_q[4]_i_9"
"unattributed_top_control","LUT6","st_q[5]_i_1"
"unattributed_top_control","LUT6","st_q[5]_i_10"
"unattributed_top_control","LUT2","st_q[5]_i_11"
"unattributed_top_control","LUT2","st_q[5]_i_12"
"unattributed_top_control","LUT6","st_q[5]_i_13"
"unattributed_top_control","LUT3","st_q[5]_i_14"
"unattributed_top_control","LUT6","st_q[5]_i_15"
"unattributed_top_control","LUT2","st_q[5]_i_16"
"unattributed_top_control","LUT6","st_q[5]_i_17"
"unattributed_top_control","LUT6","st_q[5]_i_18"
"unattributed_top_control","LUT6","st_q[5]_i_19"
"unattributed_top_control","LUT6","st_q[5]_i_2"
"unattributed_top_control","LUT2","st_q[5]_i_20"
"unattributed_top_control","LUT3","st_q[5]_i_21"
"unattributed_top_control","LUT4","st_q[5]_i_22"
"unattributed_top_control","LUT4","st_q[5]_i_23"
"unattributed_top_control","LUT2","st_q[5]_i_24"
"unattributed_top_control","LUT4","st_q[5]_i_25"
"unattributed_top_control","LUT2","st_q[5]_i_26"
"unattributed_top_control","LUT6","st_q[5]_i_3"
"unattributed_top_control","LUT6","st_q[5]_i_5"
"unattributed_top_control","LUT4","st_q[5]_i_7"
"unattributed_top_control","LUT6","st_q[5]_i_8"
"unattributed_top_control","LUT6","st_q[5]_i_9"
"unattributed_top_control","FDCE","st_q_reg[0]"
"unattributed_top_control","FDCE","st_q_reg[0]_rep"
"unattributed_top_control","FDCE","st_q_reg[0]_rep__0"
"unattributed_top_control","FDCE","st_q_reg[1]"
"unattributed_top_control","MUXF7","st_q_reg[1]_i_5"
"unattributed_top_control","FDCE","st_q_reg[1]_rep"
"unattributed_top_control","FDCE","st_q_reg[1]_rep__0"
"unattributed_top_control","FDCE","st_q_reg[2]"
"unattributed_top_control","FDCE","st_q_reg[2]_rep"
"unattributed_top_control","FDCE","st_q_reg[2]_rep__0"
"unattributed_top_control","FDCE","st_q_reg[2]_rep__1"
"unattributed_top_control","FDCE","st_q_reg[2]_rep__2"
"unattributed_top_control","FDCE","st_q_reg[2]_rep__3"
"unattributed_top_control","FDCE","st_q_reg[3]"
"unattributed_top_control","FDCE","st_q_reg[4]"
"unattributed_top_control","FDCE","st_q_reg[5]"
"hdc_or_host_control","LUT6","uop_p0_q[chunk_idx][0]_i_1"
"hdc_or_host_control","LUT3","uop_p0_q[chunk_idx][0]_i_2"
"hdc_or_host_control","LUT2","uop_p0_q[chunk_idx][0]_i_3"
"hdc_or_host_control","LUT6","uop_p0_q[chunk_idx][1]_i_1"
"hdc_or_host_control","LUT6","uop_p0_q[chunk_idx][1]_i_10"
"hdc_or_host_control","LUT6","uop_p0_q[chunk_idx][1]_i_11"
"hdc_or_host_control","LUT4","uop_p0_q[chunk_idx][1]_i_12"
"hdc_or_host_control","LUT6","uop_p0_q[chunk_idx][1]_i_2"
"hdc_or_host_control","LUT6","uop_p0_q[chunk_idx][1]_i_3"
"hdc_or_host_control","LUT4","uop_p0_q[chunk_idx][1]_i_4"
"hdc_or_host_control","LUT6","uop_p0_q[chunk_idx][1]_i_5"
"hdc_or_host_control","LUT6","uop_p0_q[chunk_idx][1]_i_6"
"hdc_or_host_control","LUT6","uop_p0_q[chunk_idx][1]_i_7"
"hdc_or_host_control","LUT5","uop_p0_q[chunk_idx][1]_i_8"
"hdc_or_host_control","LUT6","uop_p0_q[class_idx][0]_i_1"
"hdc_or_host_control","LUT6","uop_p0_q[class_idx][1]_i_1"
"hdc_or_host_control","LUT6","uop_p0_q[class_idx][2]_i_1"
"hdc_or_host_control","LUT2","uop_p0_q[class_idx][2]_i_2"
"hdc_or_host_control","LUT2","uop_p0_q[class_idx][2]_i_3"
"hdc_or_host_control","LUT3","uop_p0_q[class_idx][2]_i_4"
"hdc_or_host_control","LUT6","uop_p0_q[dst_addr][0]_i_1"
"hdc_or_host_control","LUT6","uop_p0_q[dst_addr][0]_i_2"
"hdc_or_host_control","LUT6","uop_p0_q[dst_addr][1]_i_1"
"hdc_or_host_control","LUT6","uop_p0_q[dst_addr][1]_i_2"
"hdc_or_host_control","LUT6","uop_p0_q[dst_addr][1]_i_3"
"hdc_or_host_control","LUT5","uop_p0_q[dst_addr][2]_i_1"
"hdc_or_host_control","LUT6","uop_p0_q[dst_addr][2]_i_2"
"hdc_or_host_control","LUT6","uop_p0_q[dst_addr][2]_i_3"
"hdc_or_host_control","LUT6","uop_p0_q[dst_addr][2]_i_4"
"hdc_or_host_control","LUT6","uop_p0_q[dst_addr][3]_i_1"
"hdc_or_host_control","LUT3","uop_p0_q[dst_addr][3]_i_2"
"hdc_or_host_control","LUT4","uop_p0_q[dst_addr][3]_i_3"
"hdc_or_host_control","LUT6","uop_p0_q[dst_addr][3]_i_4"
"hdc_or_host_control","LUT3","uop_p0_q[dst_addr][3]_i_5"
"hdc_or_host_control","LUT6","uop_p0_q[dst_addr][3]_i_6"
"hdc_or_host_control","LUT2","uop_p0_q[dst_addr][3]_i_7"
"hdc_or_host_control","LUT4","uop_p0_q[dst_addr][3]_i_8"
"hdc_or_host_control","LUT4","uop_p0_q[dst_addr][3]_i_9"
"hdc_or_host_control","LUT5","uop_p0_q[dst_addr][4]_i_1"
"hdc_or_host_control","LUT6","uop_p0_q[dst_addr][4]_i_2"
"hdc_or_host_control","LUT6","uop_p0_q[dst_addr][4]_i_3"
"hdc_or_host_control","LUT6","uop_p0_q[dst_addr][4]_i_4"
"hdc_or_host_control","LUT3","uop_p0_q[dst_addr][4]_i_5"
"hdc_or_host_control","LUT5","uop_p0_q[dst_addr][4]_i_6"
"hdc_or_host_control","LUT6","uop_p0_q[dst_addr][5]_i_1"
"hdc_or_host_control","LUT4","uop_p0_q[dst_addr][5]_i_10"
"hdc_or_host_control","LUT2","uop_p0_q[dst_addr][5]_i_2"
"hdc_or_host_control","LUT6","uop_p0_q[dst_addr][5]_i_3"
"hdc_or_host_control","LUT6","uop_p0_q[dst_addr][5]_i_4"
"hdc_or_host_control","LUT6","uop_p0_q[dst_addr][5]_i_5"
"hdc_or_host_control","LUT2","uop_p0_q[dst_addr][5]_i_6"
"hdc_or_host_control","LUT2","uop_p0_q[dst_addr][5]_i_7"
"hdc_or_host_control","LUT4","uop_p0_q[dst_addr][5]_i_8"
"hdc_or_host_control","LUT6","uop_p0_q[dst_addr][5]_i_9"
"hdc_or_host_control","LUT6","uop_p0_q[is_last_class]_i_1"
"hdc_or_host_control","LUT6","uop_p0_q[is_last_class]_i_2"
"hdc_or_host_control","LUT6","uop_p0_q[is_last_class]_i_3"
"hdc_or_host_control","LUT6","uop_p0_q[is_last_class]_i_4"
"hdc_or_host_control","LUT6","uop_p0_q[op_type][0]_i_1"
"hdc_or_host_control","LUT6","uop_p0_q[op_type][0]_i_2"
"hdc_or_host_control","LUT6","uop_p0_q[op_type][1]_i_1"
"hdc_or_host_control","LUT3","uop_p0_q[op_type][1]_i_2"
"hdc_or_host_control","LUT4","uop_p0_q[op_type][1]_i_3"
"hdc_or_host_control","LUT6","uop_p0_q[op_type][2]_i_1"
"hdc_or_host_control","LUT6","uop_p0_q[op_type][2]_i_3"
"hdc_or_host_control","LUT3","uop_p0_q[op_type][2]_i_4"
"hdc_or_host_control","LUT3","uop_p0_q[op_type][2]_i_6"
"hdc_or_host_control","LUT6","uop_p0_q[perm_nibble][0]_i_1"
"hdc_or_host_control","LUT6","uop_p0_q[perm_nibble][1]_i_1"
"hdc_or_host_control","LUT6","uop_p0_q[perm_nibble][2]_i_1"
"hdc_or_host_control","LUT6","uop_p0_q[perm_nibble][3]_i_1"
"hdc_or_host_control","LUT2","uop_p0_q[perm_nibble][3]_i_2"
"hdc_or_host_control","LUT5","uop_p0_q[src0_addr][0]_i_1"
"hdc_or_host_control","LUT6","uop_p0_q[src0_addr][0]_i_2"
"hdc_or_host_control","LUT6","uop_p0_q[src0_addr][1]_i_1"
"hdc_or_host_control","LUT6","uop_p0_q[src0_addr][1]_i_2"
"hdc_or_host_control","LUT6","uop_p0_q[src0_addr][1]_i_3"
"hdc_or_host_control","LUT6","uop_p0_q[src0_addr][1]_i_5"
"hdc_or_host_control","LUT6","uop_p0_q[src0_addr][2]_i_1"
"hdc_or_host_control","LUT6","uop_p0_q[src0_addr][2]_i_3"
"hdc_or_host_control","LUT4","uop_p0_q[src0_addr][2]_i_4"
"hdc_or_host_control","LUT6","uop_p0_q[src0_addr][2]_i_5"
"hdc_or_host_control","LUT5","uop_p0_q[src0_addr][2]_i_6"
"hdc_or_host_control","LUT6","uop_p0_q[src0_addr][2]_i_7"
"hdc_or_host_control","LUT6","uop_p0_q[src0_addr][3]_i_2"
"hdc_or_host_control","LUT5","uop_p0_q[src0_addr][3]_i_3"
"hdc_or_host_control","LUT4","uop_p0_q[src0_addr][3]_i_4"
"hdc_or_host_control","LUT6","uop_p0_q[src0_addr][3]_i_5"
"hdc_or_host_control","LUT5","uop_p0_q[src0_addr][3]_i_7"
"hdc_or_host_control","LUT5","uop_p0_q[src0_addr][3]_i_8"
"hdc_or_host_control","LUT5","uop_p0_q[src0_addr][4]_i_1"
"hdc_or_host_control","LUT3","uop_p0_q[src0_addr][4]_i_10"
"hdc_or_host_control","LUT4","uop_p0_q[src0_addr][4]_i_2"
"hdc_or_host_control","LUT6","uop_p0_q[src0_addr][4]_i_4"
"hdc_or_host_control","LUT4","uop_p0_q[src0_addr][4]_i_5"
"hdc_or_host_control","LUT5","uop_p0_q[src0_addr][4]_i_6"
"hdc_or_host_control","LUT5","uop_p0_q[src0_addr][4]_i_7"
"hdc_or_host_control","LUT4","uop_p0_q[src0_addr][4]_i_8"
"hdc_or_host_control","LUT5","uop_p0_q[src0_addr][5]_i_1"
"hdc_or_host_control","LUT6","uop_p0_q[src0_addr][5]_i_2"
"hdc_or_host_control","LUT6","uop_p0_q[src0_addr][5]_i_4"
"hdc_or_host_control","LUT5","uop_p0_q[src0_addr][5]_i_5"
"hdc_or_host_control","LUT6","uop_p0_q[src1_addr][0]_i_1"
"hdc_or_host_control","LUT6","uop_p0_q[src1_addr][0]_i_2"
"hdc_or_host_control","LUT6","uop_p0_q[src1_addr][0]_i_3"
"hdc_or_host_control","LUT4","uop_p0_q[src1_addr][0]_i_4"
"hdc_or_host_control","LUT6","uop_p0_q[src1_addr][0]_i_5"
"hdc_or_host_control","LUT6","uop_p0_q[src1_addr][1]_i_1"
"hdc_or_host_control","LUT6","uop_p0_q[src1_addr][1]_i_2"
"hdc_or_host_control","LUT6","uop_p0_q[src1_addr][1]_i_3"
"hdc_or_host_control","LUT6","uop_p0_q[src1_addr][1]_i_4"
"hdc_or_host_control","LUT6","uop_p0_q[src1_addr][1]_i_5"
"hdc_or_host_control","LUT6","uop_p0_q[src1_addr][1]_i_6"
"hdc_or_host_control","LUT5","uop_p0_q[src1_addr][1]_i_7"
"hdc_or_host_control","LUT6","uop_p0_q[src1_addr][2]_i_1"
"hdc_or_host_control","LUT3","uop_p0_q[src1_addr][2]_i_10"
"hdc_or_host_control","LUT6","uop_p0_q[src1_addr][2]_i_2"
"hdc_or_host_control","LUT6","uop_p0_q[src1_addr][2]_i_3"
"hdc_or_host_control","LUT6","uop_p0_q[src1_addr][2]_i_4"
"hdc_or_host_control","LUT6","uop_p0_q[src1_addr][2]_i_5"
"hdc_or_host_control","LUT2","uop_p0_q[src1_addr][2]_i_6"
"hdc_or_host_control","LUT6","uop_p0_q[src1_addr][2]_i_7"
"hdc_or_host_control","LUT6","uop_p0_q[src1_addr][2]_i_8"
"hdc_or_host_control","LUT6","uop_p0_q[src1_addr][2]_i_9"
"hdc_or_host_control","LUT6","uop_p0_q[src1_addr][3]_i_1"
"hdc_or_host_control","LUT6","uop_p0_q[src1_addr][3]_i_10"
"hdc_or_host_control","LUT3","uop_p0_q[src1_addr][3]_i_11"
"hdc_or_host_control","LUT6","uop_p0_q[src1_addr][3]_i_3"
"hdc_or_host_control","LUT6","uop_p0_q[src1_addr][3]_i_4"
"hdc_or_host_control","LUT6","uop_p0_q[src1_addr][3]_i_5"
"hdc_or_host_control","LUT6","uop_p0_q[src1_addr][3]_i_6"
"hdc_or_host_control","LUT6","uop_p0_q[src1_addr][3]_i_7"
"hdc_or_host_control","LUT6","uop_p0_q[src1_addr][3]_i_8"
"hdc_or_host_control","LUT6","uop_p0_q[src1_addr][3]_i_9"
"hdc_or_host_control","LUT6","uop_p0_q[src1_addr][4]_i_1"
"hdc_or_host_control","LUT6","uop_p0_q[src1_addr][4]_i_10"
"hdc_or_host_control","LUT3","uop_p0_q[src1_addr][4]_i_11"
"hdc_or_host_control","LUT6","uop_p0_q[src1_addr][4]_i_3"
"hdc_or_host_control","LUT6","uop_p0_q[src1_addr][4]_i_4"
"hdc_or_host_control","LUT6","uop_p0_q[src1_addr][4]_i_5"
"hdc_or_host_control","LUT5","uop_p0_q[src1_addr][4]_i_6"
"hdc_or_host_control","LUT6","uop_p0_q[src1_addr][4]_i_7"
"hdc_or_host_control","LUT6","uop_p0_q[src1_addr][4]_i_8"
"hdc_or_host_control","LUT6","uop_p0_q[src1_addr][4]_i_9"
"hdc_or_host_control","LUT6","uop_p0_q[src1_addr][5]_i_1"
"hdc_or_host_control","LUT4","uop_p0_q[src1_addr][5]_i_10"
"hdc_or_host_control","LUT6","uop_p0_q[src1_addr][5]_i_11"
"hdc_or_host_control","LUT2","uop_p0_q[src1_addr][5]_i_12"
"hdc_or_host_control","LUT4","uop_p0_q[src1_addr][5]_i_13"
"hdc_or_host_control","LUT4","uop_p0_q[src1_addr][5]_i_14"
"hdc_or_host_control","LUT4","uop_p0_q[src1_addr][5]_i_15"
"hdc_or_host_control","LUT4","uop_p0_q[src1_addr][5]_i_16"
"hdc_or_host_control","LUT6","uop_p0_q[src1_addr][5]_i_17"
"hdc_or_host_control","LUT5","uop_p0_q[src1_addr][5]_i_3"
"hdc_or_host_control","LUT3","uop_p0_q[src1_addr][5]_i_4"
"hdc_or_host_control","LUT6","uop_p0_q[src1_addr][5]_i_5"
"hdc_or_host_control","LUT6","uop_p0_q[src1_addr][5]_i_6"
"hdc_or_host_control","LUT6","uop_p0_q[src1_addr][5]_i_7"
"hdc_or_host_control","LUT6","uop_p0_q[src1_addr][5]_i_8"
"hdc_or_host_control","LUT5","uop_p0_q[src1_addr][5]_i_9"
"hdc_or_host_control","LUT6","uop_p0_q[subgroup_idx][0]_i_1"
"hdc_or_host_control","LUT6","uop_p0_q[subgroup_idx][1]_i_1"
"hdc_or_host_control","LUT2","uop_p0_q[subgroup_idx][1]_i_2"
"hdc_or_host_control","LUT6","uop_p0_q[valid]_i_1"
"hdc_or_host_control","LUT6","uop_p0_q[valid]_i_2"
"hdc_or_host_control","LUT6","uop_p0_q[valid]_i_3"
"hdc_or_host_control","LUT6","uop_p0_q[valid]_i_4"
"hdc_or_host_control","LUT6","uop_p0_q[valid]_i_5"
"hdc_or_host_control","LUT6","uop_p0_q[valid]_i_6"
"hdc_or_host_control","LUT2","uop_p0_q[valid]_i_7"
"hdc_or_host_control","FDCE","uop_p0_q_reg[chunk_idx][0]"
"hdc_or_host_control","FDCE","uop_p0_q_reg[chunk_idx][1]"
"hdc_or_host_control","FDCE","uop_p0_q_reg[class_idx][0]"
"hdc_or_host_control","FDCE","uop_p0_q_reg[class_idx][1]"
"hdc_or_host_control","FDCE","uop_p0_q_reg[class_idx][2]"
"hdc_or_host_control","FDCE","uop_p0_q_reg[dst_addr][0]"
"hdc_or_host_control","FDCE","uop_p0_q_reg[dst_addr][1]"
"hdc_or_host_control","FDCE","uop_p0_q_reg[dst_addr][2]"
"hdc_or_host_control","FDCE","uop_p0_q_reg[dst_addr][3]"
"hdc_or_host_control","FDCE","uop_p0_q_reg[dst_addr][4]"
"hdc_or_host_control","FDCE","uop_p0_q_reg[dst_addr][5]"
"hdc_or_host_control","FDCE","uop_p0_q_reg[is_last_class]"
"hdc_or_host_control","FDCE","uop_p0_q_reg[op_type][0]"
"hdc_or_host_control","FDCE","uop_p0_q_reg[op_type][1]"
"hdc_or_host_control","FDCE","uop_p0_q_reg[op_type][2]"
"hdc_or_host_control","FDCE","uop_p0_q_reg[perm_nibble][0]"
"hdc_or_host_control","FDCE","uop_p0_q_reg[perm_nibble][1]"
"hdc_or_host_control","FDCE","uop_p0_q_reg[perm_nibble][2]"
"hdc_or_host_control","FDCE","uop_p0_q_reg[perm_nibble][3]"
"hdc_or_host_control","FDCE","uop_p0_q_reg[src0_addr][0]"
"hdc_or_host_control","FDCE","uop_p0_q_reg[src0_addr][1]"
"hdc_or_host_control","FDCE","uop_p0_q_reg[src0_addr][2]"
"hdc_or_host_control","MUXF7","uop_p0_q_reg[src0_addr][2]_i_2"
"hdc_or_host_control","FDCE","uop_p0_q_reg[src0_addr][3]"
"hdc_or_host_control","MUXF7","uop_p0_q_reg[src0_addr][3]_i_1"
"hdc_or_host_control","MUXF7","uop_p0_q_reg[src0_addr][3]_i_6"
"hdc_or_host_control","FDCE","uop_p0_q_reg[src0_addr][4]"
"hdc_or_host_control","MUXF7","uop_p0_q_reg[src0_addr][4]_i_3"
"hdc_or_host_control","FDCE","uop_p0_q_reg[src0_addr][5]"
"hdc_or_host_control","MUXF7","uop_p0_q_reg[src0_addr][5]_i_3"
"hdc_or_host_control","FDCE","uop_p0_q_reg[src1_addr][0]"
"hdc_or_host_control","FDCE","uop_p0_q_reg[src1_addr][1]"
"hdc_or_host_control","FDCE","uop_p0_q_reg[src1_addr][2]"
"hdc_or_host_control","FDCE","uop_p0_q_reg[src1_addr][3]"
"hdc_or_host_control","MUXF7","uop_p0_q_reg[src1_addr][3]_i_2"
"hdc_or_host_control","FDCE","uop_p0_q_reg[src1_addr][4]"
"hdc_or_host_control","MUXF7","uop_p0_q_reg[src1_addr][4]_i_2"
"hdc_or_host_control","FDCE","uop_p0_q_reg[src1_addr][5]"
"hdc_or_host_control","MUXF7","uop_p0_q_reg[src1_addr][5]_i_2"
"hdc_or_host_control","FDCE","uop_p0_q_reg[subgroup_idx][0]"
"hdc_or_host_control","FDCE","uop_p0_q_reg[subgroup_idx][1]"
"hdc_or_host_control","FDCE","uop_p0_q_reg[valid]"
"hdc_or_host_control","LUT3","uop_p2_q[chunk_idx][0]_i_1"
"hdc_or_host_control","LUT6","uop_p2_q[chunk_idx][1]_i_1"
"hdc_or_host_control","LUT3","uop_p2_q[chunk_idx][1]_i_2"
"hdc_or_host_control","LUT4","uop_p2_q[chunk_idx][1]_i_3"
"hdc_or_host_control","LUT3","uop_p2_q[class_idx][0]_i_1"
"hdc_or_host_control","LUT3","uop_p2_q[class_idx][1]_i_1"
"hdc_or_host_control","LUT3","uop_p2_q[class_idx][2]_i_1"
"hdc_or_host_control","LUT4","uop_p2_q[dst_addr][0]_i_1"
"hdc_or_host_control","LUT5","uop_p2_q[dst_addr][1]_i_1"
"hdc_or_host_control","LUT6","uop_p2_q[dst_addr][2]_i_1"
"hdc_or_host_control","LUT5","uop_p2_q[dst_addr][3]_i_1"
"hdc_or_host_control","LUT5","uop_p2_q[dst_addr][4]_i_1"
"hdc_or_host_control","LUT5","uop_p2_q[dst_addr][4]_i_2"
"hdc_or_host_control","LUT5","uop_p2_q[dst_addr][5]_i_1"
"hdc_or_host_control","LUT3","uop_p2_q[is_last_class]_i_1"
"hdc_or_host_control","LUT3","uop_p2_q[op_type][0]_i_1"
"hdc_or_host_control","LUT3","uop_p2_q[op_type][1]_i_1"
"hdc_or_host_control","LUT3","uop_p2_q[op_type][2]_i_1"
"hdc_or_host_control","LUT3","uop_p2_q[perm_nibble][0]_i_1"
"hdc_or_host_control","LUT3","uop_p2_q[perm_nibble][1]_i_1"
"hdc_or_host_control","LUT3","uop_p2_q[perm_nibble][2]_i_1"
"hdc_or_host_control","LUT3","uop_p2_q[perm_nibble][3]_i_1"
"hdc_or_host_control","LUT3","uop_p2_q[perm_nibble][3]_rep_i_1"
"hdc_or_host_control","LUT3","uop_p2_q[src0_addr][0]_i_1"
"hdc_or_host_control","LUT3","uop_p2_q[src0_addr][1]_i_1"
"hdc_or_host_control","LUT3","uop_p2_q[src0_addr][2]_i_1"
"hdc_or_host_control","LUT3","uop_p2_q[src0_addr][3]_i_1"
"hdc_or_host_control","LUT3","uop_p2_q[src0_addr][4]_i_1"
"hdc_or_host_control","LUT3","uop_p2_q[src0_addr][5]_i_1"
"hdc_or_host_control","LUT5","uop_p2_q[src1_addr][0]_i_1"
"hdc_or_host_control","LUT6","uop_p2_q[src1_addr][1]_i_1"
"hdc_or_host_control","LUT5","uop_p2_q[src1_addr][2]_i_1"
"hdc_or_host_control","LUT3","uop_p2_q[src1_addr][2]_i_2"
"hdc_or_host_control","LUT5","uop_p2_q[src1_addr][3]_i_1"
"hdc_or_host_control","LUT5","uop_p2_q[src1_addr][4]_i_1"
"hdc_or_host_control","LUT5","uop_p2_q[src1_addr][5]_i_1"
"hdc_or_host_control","LUT3","uop_p2_q[subgroup_idx][0]_i_1"
"hdc_or_host_control","LUT4","uop_p2_q[subgroup_idx][1]_i_1"
"hdc_or_host_control","LUT6","uop_p2_q[valid]_i_1"
"hdc_or_host_control","LUT6","uop_p2_q[valid]_i_2"
"hdc_or_host_control","FDCE","uop_p2_q_reg[chunk_idx][0]"
"hdc_or_host_control","FDCE","uop_p2_q_reg[chunk_idx][1]"
"hdc_or_host_control","FDCE","uop_p2_q_reg[class_idx][0]"
"hdc_or_host_control","FDCE","uop_p2_q_reg[class_idx][1]"
"hdc_or_host_control","FDCE","uop_p2_q_reg[class_idx][2]"
"hdc_or_host_control","FDCE","uop_p2_q_reg[dst_addr][0]"
"hdc_or_host_control","FDCE","uop_p2_q_reg[dst_addr][1]"
"hdc_or_host_control","FDCE","uop_p2_q_reg[dst_addr][2]"
"hdc_or_host_control","FDCE","uop_p2_q_reg[dst_addr][3]"
"hdc_or_host_control","FDCE","uop_p2_q_reg[dst_addr][4]"
"hdc_or_host_control","FDCE","uop_p2_q_reg[dst_addr][5]"
"hdc_or_host_control","FDCE","uop_p2_q_reg[is_last_class]"
"hdc_or_host_control","FDCE","uop_p2_q_reg[op_type][0]"
"hdc_or_host_control","FDCE","uop_p2_q_reg[op_type][1]"
"hdc_or_host_control","FDCE","uop_p2_q_reg[op_type][2]"
"hdc_or_host_control","FDCE","uop_p2_q_reg[perm_nibble][0]"
"hdc_or_host_control","FDCE","uop_p2_q_reg[perm_nibble][1]"
"hdc_or_host_control","FDCE","uop_p2_q_reg[perm_nibble][2]"
"hdc_or_host_control","FDCE","uop_p2_q_reg[perm_nibble][3]"
"hdc_or_host_control","FDCE","uop_p2_q_reg[perm_nibble][3]_rep"
"hdc_or_host_control","FDCE","uop_p2_q_reg[src0_addr][0]"
"hdc_or_host_control","FDCE","uop_p2_q_reg[src0_addr][1]"
"hdc_or_host_control","FDCE","uop_p2_q_reg[src0_addr][2]"
"hdc_or_host_control","FDCE","uop_p2_q_reg[src0_addr][3]"
"hdc_or_host_control","FDCE","uop_p2_q_reg[src0_addr][4]"
"hdc_or_host_control","FDCE","uop_p2_q_reg[src0_addr][5]"
"hdc_or_host_control","FDCE","uop_p2_q_reg[src1_addr][0]"
"hdc_or_host_control","FDCE","uop_p2_q_reg[src1_addr][1]"
"hdc_or_host_control","FDCE","uop_p2_q_reg[src1_addr][2]"
"hdc_or_host_control","FDCE","uop_p2_q_reg[src1_addr][3]"
"hdc_or_host_control","FDCE","uop_p2_q_reg[src1_addr][4]"
"hdc_or_host_control","FDCE","uop_p2_q_reg[src1_addr][5]"
"hdc_or_host_control","FDCE","uop_p2_q_reg[subgroup_idx][0]"
"hdc_or_host_control","FDCE","uop_p2_q_reg[subgroup_idx][1]"
"hdc_or_host_control","FDCE","uop_p2_q_reg[valid]"
"hdc_or_host_control","LUT5","uop_p3_q[chunk_idx][1]_i_1"
"hdc_or_host_control","FDCE","uop_p3_q_reg[chunk_idx][0]"
"hdc_or_host_control","FDCE","uop_p3_q_reg[chunk_idx][1]"
"hdc_or_host_control","FDCE","uop_p3_q_reg[class_idx][0]"
"hdc_or_host_control","FDCE","uop_p3_q_reg[class_idx][1]"
"hdc_or_host_control","FDCE","uop_p3_q_reg[class_idx][2]"
"hdc_or_host_control","FDCE","uop_p3_q_reg[dst_addr][0]"
"hdc_or_host_control","FDCE","uop_p3_q_reg[dst_addr][1]"
"hdc_or_host_control","FDCE","uop_p3_q_reg[dst_addr][2]"
"hdc_or_host_control","FDCE","uop_p3_q_reg[dst_addr][3]"
"hdc_or_host_control","FDCE","uop_p3_q_reg[dst_addr][4]"
"hdc_or_host_control","FDCE","uop_p3_q_reg[dst_addr][5]"
"hdc_or_host_control","FDCE","uop_p3_q_reg[is_last_class]"
"hdc_or_host_control","FDCE","uop_p3_q_reg[op_type][0]"
"hdc_or_host_control","FDCE","uop_p3_q_reg[op_type][1]"
"hdc_or_host_control","FDCE","uop_p3_q_reg[op_type][2]"
"hdc_or_host_control","FDCE","uop_p3_q_reg[perm_nibble][0]"
"hdc_or_host_control","FDCE","uop_p3_q_reg[perm_nibble][1]"
"hdc_or_host_control","FDCE","uop_p3_q_reg[perm_nibble][2]"
"hdc_or_host_control","FDCE","uop_p3_q_reg[perm_nibble][3]"
"hdc_or_host_control","FDCE","uop_p3_q_reg[src0_addr][0]"
"hdc_or_host_control","FDCE","uop_p3_q_reg[src0_addr][1]"
"hdc_or_host_control","FDCE","uop_p3_q_reg[src0_addr][2]"
"hdc_or_host_control","FDCE","uop_p3_q_reg[src0_addr][3]"
"hdc_or_host_control","FDCE","uop_p3_q_reg[src0_addr][4]"
"hdc_or_host_control","FDCE","uop_p3_q_reg[src0_addr][5]"
"hdc_or_host_control","FDCE","uop_p3_q_reg[src1_addr][0]"
"hdc_or_host_control","FDCE","uop_p3_q_reg[src1_addr][1]"
"hdc_or_host_control","FDCE","uop_p3_q_reg[src1_addr][2]"
"hdc_or_host_control","FDCE","uop_p3_q_reg[src1_addr][3]"
"hdc_or_host_control","FDCE","uop_p3_q_reg[src1_addr][4]"
"hdc_or_host_control","FDCE","uop_p3_q_reg[src1_addr][5]"
"hdc_or_host_control","FDCE","uop_p3_q_reg[subgroup_idx][0]"
"hdc_or_host_control","FDCE","uop_p3_q_reg[subgroup_idx][0]_rep"
"hdc_or_host_control","FDCE","uop_p3_q_reg[subgroup_idx][0]_rep__0"
"hdc_or_host_control","FDCE","uop_p3_q_reg[subgroup_idx][1]"
"shared_vrf_top_control","LUT5","vaddr_bank_q[1]_i_1"
"shared_vrf_top_control","FDCE","vaddr_bank_q_reg[0]"
"shared_vrf_top_control","FDCE","vaddr_bank_q_reg[1]"
"shared_vrf_top_control","FDCE","vaddr_idx_q_reg[0]"
"shared_vrf_top_control","FDCE","vaddr_idx_q_reg[1]"
"shared_vrf_top_control","FDCE","vaddr_idx_q_reg[2]"
"shared_vrf_top_control","FDCE","vaddr_idx_q_reg[3]"
"shared_vrf_top_control","FDCE","vaddr_idx_q_reg[4]"
"shared_vrf_top_control","FDCE","vaddr_idx_q_reg[5]"
"unattributed_top_control","LUT5","valid_o_INST_0"
"shared_vrf_top_control","LUT6","vrf_ra_q[0]_i_1"
"shared_vrf_top_control","LUT6","vrf_ra_q[0]_i_10"
"shared_vrf_top_control","LUT6","vrf_ra_q[0]_i_11"
"shared_vrf_top_control","LUT6","vrf_ra_q[0]_i_12"
"shared_vrf_top_control","LUT3","vrf_ra_q[0]_i_13"
"shared_vrf_top_control","LUT6","vrf_ra_q[0]_i_14"
"shared_vrf_top_control","LUT6","vrf_ra_q[0]_i_15"
"shared_vrf_top_control","LUT6","vrf_ra_q[0]_i_16"
"shared_vrf_top_control","LUT4","vrf_ra_q[0]_i_17"
"shared_vrf_top_control","LUT3","vrf_ra_q[0]_i_18"
"shared_vrf_top_control","LUT6","vrf_ra_q[0]_i_19"
"shared_vrf_top_control","LUT6","vrf_ra_q[0]_i_20"
"shared_vrf_top_control","LUT6","vrf_ra_q[0]_i_21"
"shared_vrf_top_control","LUT2","vrf_ra_q[0]_i_22"
"shared_vrf_top_control","LUT2","vrf_ra_q[0]_i_23"
"shared_vrf_top_control","LUT4","vrf_ra_q[0]_i_24"
"shared_vrf_top_control","LUT5","vrf_ra_q[0]_i_25"
"shared_vrf_top_control","LUT6","vrf_ra_q[0]_i_4"
"shared_vrf_top_control","LUT6","vrf_ra_q[0]_i_5"
"shared_vrf_top_control","LUT6","vrf_ra_q[0]_i_6"
"shared_vrf_top_control","LUT6","vrf_ra_q[0]_i_7"
"shared_vrf_top_control","LUT6","vrf_ra_q[0]_i_8"
"shared_vrf_top_control","LUT6","vrf_ra_q[0]_i_9"
"shared_vrf_top_control","LUT6","vrf_ra_q[1]_i_1"
"shared_vrf_top_control","LUT3","vrf_ra_q[1]_i_10"
"shared_vrf_top_control","LUT6","vrf_ra_q[1]_i_11"
"shared_vrf_top_control","LUT6","vrf_ra_q[1]_i_12"
"shared_vrf_top_control","LUT6","vrf_ra_q[1]_i_13"
"shared_vrf_top_control","LUT6","vrf_ra_q[1]_i_14"
"shared_vrf_top_control","LUT6","vrf_ra_q[1]_i_15"
"shared_vrf_top_control","LUT6","vrf_ra_q[1]_i_16"
"shared_vrf_top_control","LUT6","vrf_ra_q[1]_i_17"
"shared_vrf_top_control","LUT2","vrf_ra_q[1]_i_18"
"shared_vrf_top_control","LUT3","vrf_ra_q[1]_i_2"
"shared_vrf_top_control","LUT6","vrf_ra_q[1]_i_3"
"shared_vrf_top_control","LUT6","vrf_ra_q[1]_i_4"
"shared_vrf_top_control","LUT6","vrf_ra_q[1]_i_5"
"shared_vrf_top_control","LUT6","vrf_ra_q[1]_i_6"
"shared_vrf_top_control","LUT6","vrf_ra_q[1]_i_7"
"shared_vrf_top_control","LUT3","vrf_ra_q[1]_i_8"
"shared_vrf_top_control","LUT5","vrf_ra_q[1]_i_9"
"shared_vrf_top_control","LUT6","vrf_ra_q[2]_i_1"
"shared_vrf_top_control","LUT4","vrf_ra_q[2]_i_10"
"shared_vrf_top_control","LUT6","vrf_ra_q[2]_i_11"
"shared_vrf_top_control","LUT4","vrf_ra_q[2]_i_12"
"shared_vrf_top_control","LUT6","vrf_ra_q[2]_i_13"
"shared_vrf_top_control","LUT6","vrf_ra_q[2]_i_14"
"shared_vrf_top_control","LUT6","vrf_ra_q[2]_i_15"
"shared_vrf_top_control","LUT5","vrf_ra_q[2]_i_16"
"shared_vrf_top_control","LUT3","vrf_ra_q[2]_i_17"
"shared_vrf_top_control","LUT6","vrf_ra_q[2]_i_18"
"shared_vrf_top_control","LUT6","vrf_ra_q[2]_i_19"
"shared_vrf_top_control","LUT6","vrf_ra_q[2]_i_2"
"shared_vrf_top_control","LUT6","vrf_ra_q[2]_i_20"
"shared_vrf_top_control","LUT2","vrf_ra_q[2]_i_21"
"shared_vrf_top_control","LUT6","vrf_ra_q[2]_i_22"
"shared_vrf_top_control","LUT6","vrf_ra_q[2]_i_3"
"shared_vrf_top_control","LUT6","vrf_ra_q[2]_i_4"
"shared_vrf_top_control","LUT3","vrf_ra_q[2]_i_5"
"shared_vrf_top_control","LUT5","vrf_ra_q[2]_i_6"
"shared_vrf_top_control","LUT3","vrf_ra_q[2]_i_7"
"shared_vrf_top_control","LUT5","vrf_ra_q[2]_i_8"
"shared_vrf_top_control","LUT6","vrf_ra_q[2]_i_9"
"shared_vrf_top_control","LUT6","vrf_ra_q[3]_i_1"
"shared_vrf_top_control","LUT6","vrf_ra_q[3]_i_10"
"shared_vrf_top_control","LUT6","vrf_ra_q[3]_i_11"
"shared_vrf_top_control","LUT6","vrf_ra_q[3]_i_12"
"shared_vrf_top_control","LUT5","vrf_ra_q[3]_i_13"
"shared_vrf_top_control","LUT6","vrf_ra_q[3]_i_14"
"shared_vrf_top_control","LUT6","vrf_ra_q[3]_i_15"
"shared_vrf_top_control","LUT2","vrf_ra_q[3]_i_16"
"shared_vrf_top_control","LUT6","vrf_ra_q[3]_i_17"
"shared_vrf_top_control","LUT6","vrf_ra_q[3]_i_18"
"shared_vrf_top_control","LUT6","vrf_ra_q[3]_i_19"
"shared_vrf_top_control","LUT6","vrf_ra_q[3]_i_2"
"shared_vrf_top_control","LUT4","vrf_ra_q[3]_i_20"
"shared_vrf_top_control","LUT6","vrf_ra_q[3]_i_21"
"shared_vrf_top_control","LUT3","vrf_ra_q[3]_i_22"
"shared_vrf_top_control","LUT6","vrf_ra_q[3]_i_23"
"shared_vrf_top_control","LUT3","vrf_ra_q[3]_i_24"
"shared_vrf_top_control","LUT6","vrf_ra_q[3]_i_25"
"shared_vrf_top_control","LUT5","vrf_ra_q[3]_i_3"
"shared_vrf_top_control","LUT6","vrf_ra_q[3]_i_4"
"shared_vrf_top_control","LUT3","vrf_ra_q[3]_i_5"
"shared_vrf_top_control","LUT3","vrf_ra_q[3]_i_6"
"shared_vrf_top_control","LUT6","vrf_ra_q[3]_i_7"
"shared_vrf_top_control","LUT6","vrf_ra_q[3]_i_8"
"shared_vrf_top_control","LUT6","vrf_ra_q[3]_i_9"
"shared_vrf_top_control","LUT6","vrf_ra_q[4]_i_1"
"shared_vrf_top_control","LUT3","vrf_ra_q[4]_i_10"
"shared_vrf_top_control","LUT6","vrf_ra_q[4]_i_11"
"shared_vrf_top_control","LUT6","vrf_ra_q[4]_i_12"
"shared_vrf_top_control","LUT3","vrf_ra_q[4]_i_13"
"shared_vrf_top_control","LUT6","vrf_ra_q[4]_i_14"
"shared_vrf_top_control","LUT6","vrf_ra_q[4]_i_15"
"shared_vrf_top_control","LUT2","vrf_ra_q[4]_i_16"
"shared_vrf_top_control","LUT6","vrf_ra_q[4]_i_17"
"shared_vrf_top_control","LUT6","vrf_ra_q[4]_i_18"
"shared_vrf_top_control","LUT6","vrf_ra_q[4]_i_19"
"shared_vrf_top_control","LUT3","vrf_ra_q[4]_i_2"
"shared_vrf_top_control","LUT6","vrf_ra_q[4]_i_20"
"shared_vrf_top_control","LUT4","vrf_ra_q[4]_i_21"
"shared_vrf_top_control","LUT3","vrf_ra_q[4]_i_22"
"shared_vrf_top_control","LUT2","vrf_ra_q[4]_i_23"
"shared_vrf_top_control","LUT6","vrf_ra_q[4]_i_3"
"shared_vrf_top_control","LUT6","vrf_ra_q[4]_i_4"
"shared_vrf_top_control","LUT6","vrf_ra_q[4]_i_5"
"shared_vrf_top_control","LUT6","vrf_ra_q[4]_i_6"
"shared_vrf_top_control","LUT2","vrf_ra_q[4]_i_7"
"shared_vrf_top_control","LUT6","vrf_ra_q[4]_i_8"
"shared_vrf_top_control","LUT6","vrf_ra_q[4]_i_9"
"shared_vrf_top_control","LUT6","vrf_ra_q[5]_i_1"
"shared_vrf_top_control","LUT6","vrf_ra_q[5]_i_10"
"shared_vrf_top_control","LUT2","vrf_ra_q[5]_i_11"
"shared_vrf_top_control","LUT6","vrf_ra_q[5]_i_12"
"shared_vrf_top_control","LUT6","vrf_ra_q[5]_i_13"
"shared_vrf_top_control","LUT6","vrf_ra_q[5]_i_14"
"shared_vrf_top_control","LUT4","vrf_ra_q[5]_i_15"
"shared_vrf_top_control","LUT6","vrf_ra_q[5]_i_16"
"shared_vrf_top_control","LUT4","vrf_ra_q[5]_i_17"
"shared_vrf_top_control","LUT6","vrf_ra_q[5]_i_18"
"shared_vrf_top_control","LUT6","vrf_ra_q[5]_i_19"
"shared_vrf_top_control","LUT3","vrf_ra_q[5]_i_2"
"shared_vrf_top_control","LUT6","vrf_ra_q[5]_i_20"
"shared_vrf_top_control","LUT3","vrf_ra_q[5]_i_21"
"shared_vrf_top_control","LUT6","vrf_ra_q[5]_i_22"
"shared_vrf_top_control","LUT6","vrf_ra_q[5]_i_23"
"shared_vrf_top_control","LUT6","vrf_ra_q[5]_i_24"
"shared_vrf_top_control","LUT6","vrf_ra_q[5]_i_25"
"shared_vrf_top_control","LUT3","vrf_ra_q[5]_i_26"
"shared_vrf_top_control","LUT4","vrf_ra_q[5]_i_27"
"shared_vrf_top_control","LUT6","vrf_ra_q[5]_i_28"
"shared_vrf_top_control","LUT6","vrf_ra_q[5]_i_29"
"shared_vrf_top_control","LUT6","vrf_ra_q[5]_i_3"
"shared_vrf_top_control","LUT2","vrf_ra_q[5]_i_30"
"shared_vrf_top_control","LUT2","vrf_ra_q[5]_i_31"
"shared_vrf_top_control","LUT6","vrf_ra_q[5]_i_32"
"shared_vrf_top_control","LUT6","vrf_ra_q[5]_i_4"
"shared_vrf_top_control","LUT6","vrf_ra_q[5]_i_5"
"shared_vrf_top_control","LUT6","vrf_ra_q[5]_i_6"
"shared_vrf_top_control","LUT6","vrf_ra_q[5]_i_7"
"shared_vrf_top_control","LUT6","vrf_ra_q[5]_i_8"
"shared_vrf_top_control","LUT6","vrf_ra_q[5]_i_9"
"shared_vrf_top_control","FDCE","vrf_ra_q_reg[0]"
"shared_vrf_top_control","FDCE","vrf_ra_q_reg[1]"
"shared_vrf_top_control","FDCE","vrf_ra_q_reg[2]"
"shared_vrf_top_control","FDCE","vrf_ra_q_reg[3]"
"shared_vrf_top_control","FDCE","vrf_ra_q_reg[4]"
"shared_vrf_top_control","FDCE","vrf_ra_q_reg[5]"
"ecc_exclusive_product_scratch","RAMS32","ecc_product_pair_reg_0_3_0_0/SP"
"ecc_exclusive_product_scratch","RAMS32","ecc_product_pair_reg_0_3_100_100/SP"
"ecc_exclusive_product_scratch","RAMS32","ecc_product_pair_reg_0_3_101_101/SP"
"ecc_exclusive_product_scratch","RAMS32","ecc_product_pair_reg_0_3_102_102/SP"
"ecc_exclusive_product_scratch","RAMS32","ecc_product_pair_reg_0_3_103_103/SP"
"ecc_exclusive_product_scratch","RAMS32","ecc_product_pair_reg_0_3_104_104/SP"
"ecc_exclusive_product_scratch","RAMS32","ecc_product_pair_reg_0_3_105_105/SP"
"ecc_exclusive_product_scratch","RAMS32","ecc_product_pair_reg_0_3_106_106/SP"
"ecc_exclusive_product_scratch","RAMS32","ecc_product_pair_reg_0_3_107_107/SP"
"ecc_exclusive_product_scratch","RAMS32","ecc_product_pair_reg_0_3_108_108/SP"
"ecc_exclusive_product_scratch","RAMS32","ecc_product_pair_reg_0_3_109_109/SP"
"ecc_exclusive_product_scratch","RAMS32","ecc_product_pair_reg_0_3_10_10/SP"
"ecc_exclusive_product_scratch","RAMS32","ecc_product_pair_reg_0_3_110_110/SP"
"ecc_exclusive_product_scratch","RAMS32","ecc_product_pair_reg_0_3_111_111/SP"
"ecc_exclusive_product_scratch","RAMS32","ecc_product_pair_reg_0_3_112_112/SP"
"ecc_exclusive_product_scratch","RAMS32","ecc_product_pair_reg_0_3_113_113/SP"
"ecc_exclusive_product_scratch","RAMS32","ecc_product_pair_reg_0_3_114_114/SP"
"ecc_exclusive_product_scratch","RAMS32","ecc_product_pair_reg_0_3_115_115/SP"
"ecc_exclusive_product_scratch","RAMS32","ecc_product_pair_reg_0_3_116_116/SP"
"ecc_exclusive_product_scratch","RAMS32","ecc_product_pair_reg_0_3_117_117/SP"
"ecc_exclusive_product_scratch","RAMS32","ecc_product_pair_reg_0_3_118_118/SP"
"ecc_exclusive_product_scratch","RAMS32","ecc_product_pair_reg_0_3_119_119/SP"
"ecc_exclusive_product_scratch","RAMS32","ecc_product_pair_reg_0_3_11_11/SP"
"ecc_exclusive_product_scratch","RAMS32","ecc_product_pair_reg_0_3_120_120/SP"
"ecc_exclusive_product_scratch","RAMS32","ecc_product_pair_reg_0_3_121_121/SP"
"ecc_exclusive_product_scratch","RAMS32","ecc_product_pair_reg_0_3_122_122/SP"
"ecc_exclusive_product_scratch","RAMS32","ecc_product_pair_reg_0_3_123_123/SP"
"ecc_exclusive_product_scratch","RAMS32","ecc_product_pair_reg_0_3_124_124/SP"
"ecc_exclusive_product_scratch","RAMS32","ecc_product_pair_reg_0_3_125_125/SP"
"ecc_exclusive_product_scratch","RAMS32","ecc_product_pair_reg_0_3_126_126/SP"
"ecc_exclusive_product_scratch","RAMS32","ecc_product_pair_reg_0_3_127_127/SP"
"ecc_exclusive_product_scratch","RAMS32","ecc_product_pair_reg_0_3_12_12/SP"
"ecc_exclusive_product_scratch","RAMS32","ecc_product_pair_reg_0_3_13_13/SP"
"ecc_exclusive_product_scratch","RAMS32","ecc_product_pair_reg_0_3_14_14/SP"
"ecc_exclusive_product_scratch","RAMS32","ecc_product_pair_reg_0_3_15_15/SP"
"ecc_exclusive_product_scratch","RAMS32","ecc_product_pair_reg_0_3_16_16/SP"
"ecc_exclusive_product_scratch","RAMS32","ecc_product_pair_reg_0_3_17_17/SP"
"ecc_exclusive_product_scratch","RAMS32","ecc_product_pair_reg_0_3_18_18/SP"
"ecc_exclusive_product_scratch","RAMS32","ecc_product_pair_reg_0_3_19_19/SP"
"ecc_exclusive_product_scratch","RAMS32","ecc_product_pair_reg_0_3_1_1/SP"
"ecc_exclusive_product_scratch","RAMS32","ecc_product_pair_reg_0_3_20_20/SP"
"ecc_exclusive_product_scratch","RAMS32","ecc_product_pair_reg_0_3_21_21/SP"
"ecc_exclusive_product_scratch","RAMS32","ecc_product_pair_reg_0_3_22_22/SP"
"ecc_exclusive_product_scratch","RAMS32","ecc_product_pair_reg_0_3_23_23/SP"
"ecc_exclusive_product_scratch","RAMS32","ecc_product_pair_reg_0_3_24_24/SP"
"ecc_exclusive_product_scratch","RAMS32","ecc_product_pair_reg_0_3_25_25/SP"
"ecc_exclusive_product_scratch","RAMS32","ecc_product_pair_reg_0_3_26_26/SP"
"ecc_exclusive_product_scratch","RAMS32","ecc_product_pair_reg_0_3_27_27/SP"
"ecc_exclusive_product_scratch","RAMS32","ecc_product_pair_reg_0_3_28_28/SP"
"ecc_exclusive_product_scratch","RAMS32","ecc_product_pair_reg_0_3_29_29/SP"
"ecc_exclusive_product_scratch","RAMS32","ecc_product_pair_reg_0_3_2_2/SP"
"ecc_exclusive_product_scratch","RAMS32","ecc_product_pair_reg_0_3_30_30/SP"
"ecc_exclusive_product_scratch","RAMS32","ecc_product_pair_reg_0_3_31_31/SP"
"ecc_exclusive_product_scratch","RAMS32","ecc_product_pair_reg_0_3_32_32/SP"
"ecc_exclusive_product_scratch","RAMS32","ecc_product_pair_reg_0_3_33_33/SP"
"ecc_exclusive_product_scratch","RAMS32","ecc_product_pair_reg_0_3_34_34/SP"
"ecc_exclusive_product_scratch","RAMS32","ecc_product_pair_reg_0_3_35_35/SP"
"ecc_exclusive_product_scratch","RAMS32","ecc_product_pair_reg_0_3_36_36/SP"
"ecc_exclusive_product_scratch","RAMS32","ecc_product_pair_reg_0_3_37_37/SP"
"ecc_exclusive_product_scratch","RAMS32","ecc_product_pair_reg_0_3_38_38/SP"
"ecc_exclusive_product_scratch","RAMS32","ecc_product_pair_reg_0_3_39_39/SP"
"ecc_exclusive_product_scratch","RAMS32","ecc_product_pair_reg_0_3_3_3/SP"
"ecc_exclusive_product_scratch","RAMS32","ecc_product_pair_reg_0_3_40_40/SP"
"ecc_exclusive_product_scratch","RAMS32","ecc_product_pair_reg_0_3_41_41/SP"
"ecc_exclusive_product_scratch","RAMS32","ecc_product_pair_reg_0_3_42_42/SP"
"ecc_exclusive_product_scratch","RAMS32","ecc_product_pair_reg_0_3_43_43/SP"
"ecc_exclusive_product_scratch","RAMS32","ecc_product_pair_reg_0_3_44_44/SP"
"ecc_exclusive_product_scratch","RAMS32","ecc_product_pair_reg_0_3_45_45/SP"
"ecc_exclusive_product_scratch","RAMS32","ecc_product_pair_reg_0_3_46_46/SP"
"ecc_exclusive_product_scratch","RAMS32","ecc_product_pair_reg_0_3_47_47/SP"
"ecc_exclusive_product_scratch","RAMS32","ecc_product_pair_reg_0_3_48_48/SP"
"ecc_exclusive_product_scratch","RAMS32","ecc_product_pair_reg_0_3_49_49/SP"
"ecc_exclusive_product_scratch","RAMS32","ecc_product_pair_reg_0_3_4_4/SP"
"ecc_exclusive_product_scratch","RAMS32","ecc_product_pair_reg_0_3_50_50/SP"
"ecc_exclusive_product_scratch","RAMS32","ecc_product_pair_reg_0_3_51_51/SP"
"ecc_exclusive_product_scratch","RAMS32","ecc_product_pair_reg_0_3_52_52/SP"
"ecc_exclusive_product_scratch","RAMS32","ecc_product_pair_reg_0_3_53_53/SP"
"ecc_exclusive_product_scratch","RAMS32","ecc_product_pair_reg_0_3_54_54/SP"
"ecc_exclusive_product_scratch","RAMS32","ecc_product_pair_reg_0_3_55_55/SP"
"ecc_exclusive_product_scratch","RAMS32","ecc_product_pair_reg_0_3_56_56/SP"
"ecc_exclusive_product_scratch","RAMS32","ecc_product_pair_reg_0_3_57_57/SP"
"ecc_exclusive_product_scratch","RAMS32","ecc_product_pair_reg_0_3_58_58/SP"
"ecc_exclusive_product_scratch","RAMS32","ecc_product_pair_reg_0_3_59_59/SP"
"ecc_exclusive_product_scratch","RAMS32","ecc_product_pair_reg_0_3_5_5/SP"
"ecc_exclusive_product_scratch","RAMS32","ecc_product_pair_reg_0_3_60_60/SP"
"ecc_exclusive_product_scratch","RAMS32","ecc_product_pair_reg_0_3_61_61/SP"
"ecc_exclusive_product_scratch","RAMS32","ecc_product_pair_reg_0_3_62_62/SP"
"ecc_exclusive_product_scratch","RAMS32","ecc_product_pair_reg_0_3_63_63/SP"
"ecc_exclusive_product_scratch","RAMS32","ecc_product_pair_reg_0_3_64_64/SP"
"ecc_exclusive_product_scratch","RAMS32","ecc_product_pair_reg_0_3_65_65/SP"
"ecc_exclusive_product_scratch","RAMS32","ecc_product_pair_reg_0_3_66_66/SP"
"ecc_exclusive_product_scratch","RAMS32","ecc_product_pair_reg_0_3_67_67/SP"
"ecc_exclusive_product_scratch","RAMS32","ecc_product_pair_reg_0_3_68_68/SP"
"ecc_exclusive_product_scratch","RAMS32","ecc_product_pair_reg_0_3_69_69/SP"
"ecc_exclusive_product_scratch","RAMS32","ecc_product_pair_reg_0_3_6_6/SP"
"ecc_exclusive_product_scratch","RAMS32","ecc_product_pair_reg_0_3_70_70/SP"
"ecc_exclusive_product_scratch","RAMS32","ecc_product_pair_reg_0_3_71_71/SP"
"ecc_exclusive_product_scratch","RAMS32","ecc_product_pair_reg_0_3_72_72/SP"
"ecc_exclusive_product_scratch","RAMS32","ecc_product_pair_reg_0_3_73_73/SP"
"ecc_exclusive_product_scratch","RAMS32","ecc_product_pair_reg_0_3_74_74/SP"
"ecc_exclusive_product_scratch","RAMS32","ecc_product_pair_reg_0_3_75_75/SP"
"ecc_exclusive_product_scratch","RAMS32","ecc_product_pair_reg_0_3_76_76/SP"
"ecc_exclusive_product_scratch","RAMS32","ecc_product_pair_reg_0_3_77_77/SP"
"ecc_exclusive_product_scratch","RAMS32","ecc_product_pair_reg_0_3_78_78/SP"
"ecc_exclusive_product_scratch","RAMS32","ecc_product_pair_reg_0_3_79_79/SP"
"ecc_exclusive_product_scratch","RAMS32","ecc_product_pair_reg_0_3_7_7/SP"
"ecc_exclusive_product_scratch","RAMS32","ecc_product_pair_reg_0_3_80_80/SP"
"ecc_exclusive_product_scratch","RAMS32","ecc_product_pair_reg_0_3_81_81/SP"
"ecc_exclusive_product_scratch","RAMS32","ecc_product_pair_reg_0_3_82_82/SP"
"ecc_exclusive_product_scratch","RAMS32","ecc_product_pair_reg_0_3_83_83/SP"
"ecc_exclusive_product_scratch","RAMS32","ecc_product_pair_reg_0_3_84_84/SP"
"ecc_exclusive_product_scratch","RAMS32","ecc_product_pair_reg_0_3_85_85/SP"
"ecc_exclusive_product_scratch","RAMS32","ecc_product_pair_reg_0_3_86_86/SP"
"ecc_exclusive_product_scratch","RAMS32","ecc_product_pair_reg_0_3_87_87/SP"
"ecc_exclusive_product_scratch","RAMS32","ecc_product_pair_reg_0_3_88_88/SP"
"ecc_exclusive_product_scratch","RAMS32","ecc_product_pair_reg_0_3_89_89/SP"
"ecc_exclusive_product_scratch","RAMS32","ecc_product_pair_reg_0_3_8_8/SP"
"ecc_exclusive_product_scratch","RAMS32","ecc_product_pair_reg_0_3_90_90/SP"
"ecc_exclusive_product_scratch","RAMS32","ecc_product_pair_reg_0_3_91_91/SP"
"ecc_exclusive_product_scratch","RAMS32","ecc_product_pair_reg_0_3_92_92/SP"
"ecc_exclusive_product_scratch","RAMS32","ecc_product_pair_reg_0_3_93_93/SP"
"ecc_exclusive_product_scratch","RAMS32","ecc_product_pair_reg_0_3_94_94/SP"
"ecc_exclusive_product_scratch","RAMS32","ecc_product_pair_reg_0_3_95_95/SP"
"ecc_exclusive_product_scratch","RAMS32","ecc_product_pair_reg_0_3_96_96/SP"
"ecc_exclusive_product_scratch","RAMS32","ecc_product_pair_reg_0_3_97_97/SP"
"ecc_exclusive_product_scratch","RAMS32","ecc_product_pair_reg_0_3_98_98/SP"
"ecc_exclusive_product_scratch","RAMS32","ecc_product_pair_reg_0_3_99_99/SP"
"ecc_exclusive_product_scratch","RAMS32","ecc_product_pair_reg_0_3_9_9/SP"
"shared_lane_operator","FDCE","gen_lane[0].i_lane/bool_result_q_reg[0]"
"shared_lane_operator","FDCE","gen_lane[0].i_lane/bool_result_q_reg[10]"
"shared_lane_operator","FDCE","gen_lane[0].i_lane/bool_result_q_reg[11]"
"shared_lane_operator","FDCE","gen_lane[0].i_lane/bool_result_q_reg[12]"
"shared_lane_operator","FDCE","gen_lane[0].i_lane/bool_result_q_reg[13]"
"shared_lane_operator","FDCE","gen_lane[0].i_lane/bool_result_q_reg[14]"
"shared_lane_operator","FDCE","gen_lane[0].i_lane/bool_result_q_reg[15]"
"shared_lane_operator","FDCE","gen_lane[0].i_lane/bool_result_q_reg[16]"
"shared_lane_operator","FDCE","gen_lane[0].i_lane/bool_result_q_reg[17]"
"shared_lane_operator","FDCE","gen_lane[0].i_lane/bool_result_q_reg[18]"
"shared_lane_operator","FDCE","gen_lane[0].i_lane/bool_result_q_reg[19]"
"shared_lane_operator","FDCE","gen_lane[0].i_lane/bool_result_q_reg[1]"
"shared_lane_operator","FDCE","gen_lane[0].i_lane/bool_result_q_reg[20]"
"shared_lane_operator","FDCE","gen_lane[0].i_lane/bool_result_q_reg[21]"
"shared_lane_operator","FDCE","gen_lane[0].i_lane/bool_result_q_reg[22]"
"shared_lane_operator","FDCE","gen_lane[0].i_lane/bool_result_q_reg[23]"
"shared_lane_operator","FDCE","gen_lane[0].i_lane/bool_result_q_reg[24]"
"shared_lane_operator","FDCE","gen_lane[0].i_lane/bool_result_q_reg[25]"
"shared_lane_operator","FDCE","gen_lane[0].i_lane/bool_result_q_reg[26]"
"shared_lane_operator","FDCE","gen_lane[0].i_lane/bool_result_q_reg[27]"
"shared_lane_operator","FDCE","gen_lane[0].i_lane/bool_result_q_reg[28]"
"shared_lane_operator","FDCE","gen_lane[0].i_lane/bool_result_q_reg[29]"
"shared_lane_operator","FDCE","gen_lane[0].i_lane/bool_result_q_reg[2]"
"shared_lane_operator","FDCE","gen_lane[0].i_lane/bool_result_q_reg[30]"
"shared_lane_operator","FDCE","gen_lane[0].i_lane/bool_result_q_reg[31]"
"shared_lane_operator","FDCE","gen_lane[0].i_lane/bool_result_q_reg[32]"
"shared_lane_operator","FDCE","gen_lane[0].i_lane/bool_result_q_reg[33]"
"shared_lane_operator","FDCE","gen_lane[0].i_lane/bool_result_q_reg[34]"
"shared_lane_operator","FDCE","gen_lane[0].i_lane/bool_result_q_reg[35]"
"shared_lane_operator","FDCE","gen_lane[0].i_lane/bool_result_q_reg[36]"
"shared_lane_operator","FDCE","gen_lane[0].i_lane/bool_result_q_reg[37]"
"shared_lane_operator","FDCE","gen_lane[0].i_lane/bool_result_q_reg[38]"
"shared_lane_operator","FDCE","gen_lane[0].i_lane/bool_result_q_reg[39]"
"shared_lane_operator","FDCE","gen_lane[0].i_lane/bool_result_q_reg[3]"
"shared_lane_operator","FDCE","gen_lane[0].i_lane/bool_result_q_reg[40]"
"shared_lane_operator","FDCE","gen_lane[0].i_lane/bool_result_q_reg[41]"
"shared_lane_operator","FDCE","gen_lane[0].i_lane/bool_result_q_reg[42]"
"shared_lane_operator","FDCE","gen_lane[0].i_lane/bool_result_q_reg[43]"
"shared_lane_operator","FDCE","gen_lane[0].i_lane/bool_result_q_reg[44]"
"shared_lane_operator","FDCE","gen_lane[0].i_lane/bool_result_q_reg[45]"
"shared_lane_operator","FDCE","gen_lane[0].i_lane/bool_result_q_reg[46]"
"shared_lane_operator","FDCE","gen_lane[0].i_lane/bool_result_q_reg[47]"
"shared_lane_operator","FDCE","gen_lane[0].i_lane/bool_result_q_reg[48]"
"shared_lane_operator","FDCE","gen_lane[0].i_lane/bool_result_q_reg[49]"
"shared_lane_operator","FDCE","gen_lane[0].i_lane/bool_result_q_reg[4]"
"shared_lane_operator","FDCE","gen_lane[0].i_lane/bool_result_q_reg[50]"
"shared_lane_operator","FDCE","gen_lane[0].i_lane/bool_result_q_reg[51]"
"shared_lane_operator","FDCE","gen_lane[0].i_lane/bool_result_q_reg[52]"
"shared_lane_operator","FDCE","gen_lane[0].i_lane/bool_result_q_reg[53]"
"shared_lane_operator","FDCE","gen_lane[0].i_lane/bool_result_q_reg[54]"
"shared_lane_operator","FDCE","gen_lane[0].i_lane/bool_result_q_reg[55]"
"shared_lane_operator","FDCE","gen_lane[0].i_lane/bool_result_q_reg[56]"
"shared_lane_operator","FDCE","gen_lane[0].i_lane/bool_result_q_reg[57]"
"shared_lane_operator","FDCE","gen_lane[0].i_lane/bool_result_q_reg[58]"
"shared_lane_operator","FDCE","gen_lane[0].i_lane/bool_result_q_reg[59]"
"shared_lane_operator","FDCE","gen_lane[0].i_lane/bool_result_q_reg[5]"
"shared_lane_operator","FDCE","gen_lane[0].i_lane/bool_result_q_reg[60]"
"shared_lane_operator","FDCE","gen_lane[0].i_lane/bool_result_q_reg[61]"
"shared_lane_operator","FDCE","gen_lane[0].i_lane/bool_result_q_reg[62]"
"shared_lane_operator","FDCE","gen_lane[0].i_lane/bool_result_q_reg[63]"
"shared_lane_operator","FDCE","gen_lane[0].i_lane/bool_result_q_reg[6]"
"shared_lane_operator","FDCE","gen_lane[0].i_lane/bool_result_q_reg[7]"
"shared_lane_operator","FDCE","gen_lane[0].i_lane/bool_result_q_reg[8]"
"shared_lane_operator","FDCE","gen_lane[0].i_lane/bool_result_q_reg[9]"
"shared_lane_operator","LUT6","gen_lane[0].i_lane/gen_bank[0].vrf_mem_reg_i_1"
"shared_lane_operator","LUT6","gen_lane[0].i_lane/gen_bank[0].vrf_mem_reg_i_10"
"shared_lane_operator","LUT6","gen_lane[0].i_lane/gen_bank[0].vrf_mem_reg_i_101"
"shared_lane_operator","LUT6","gen_lane[0].i_lane/gen_bank[0].vrf_mem_reg_i_104"
"shared_lane_operator","LUT6","gen_lane[0].i_lane/gen_bank[0].vrf_mem_reg_i_106"
"shared_lane_operator","LUT6","gen_lane[0].i_lane/gen_bank[0].vrf_mem_reg_i_109"
"shared_lane_operator","LUT6","gen_lane[0].i_lane/gen_bank[0].vrf_mem_reg_i_11"
"shared_lane_operator","LUT6","gen_lane[0].i_lane/gen_bank[0].vrf_mem_reg_i_111"
"shared_lane_operator","LUT6","gen_lane[0].i_lane/gen_bank[0].vrf_mem_reg_i_114"
"shared_lane_operator","LUT6","gen_lane[0].i_lane/gen_bank[0].vrf_mem_reg_i_116"
"shared_lane_operator","LUT6","gen_lane[0].i_lane/gen_bank[0].vrf_mem_reg_i_118"
"shared_lane_operator","LUT6","gen_lane[0].i_lane/gen_bank[0].vrf_mem_reg_i_12"
"shared_lane_operator","LUT6","gen_lane[0].i_lane/gen_bank[0].vrf_mem_reg_i_120"
"shared_lane_operator","LUT6","gen_lane[0].i_lane/gen_bank[0].vrf_mem_reg_i_123"
"shared_lane_operator","LUT6","gen_lane[0].i_lane/gen_bank[0].vrf_mem_reg_i_125"
"shared_lane_operator","LUT6","gen_lane[0].i_lane/gen_bank[0].vrf_mem_reg_i_128"
"shared_lane_operator","LUT6","gen_lane[0].i_lane/gen_bank[0].vrf_mem_reg_i_13"
"shared_lane_operator","LUT6","gen_lane[0].i_lane/gen_bank[0].vrf_mem_reg_i_130"
"shared_lane_operator","LUT6","gen_lane[0].i_lane/gen_bank[0].vrf_mem_reg_i_133"
"shared_lane_operator","LUT6","gen_lane[0].i_lane/gen_bank[0].vrf_mem_reg_i_135"
"shared_lane_operator","LUT6","gen_lane[0].i_lane/gen_bank[0].vrf_mem_reg_i_138"
"shared_lane_operator","LUT6","gen_lane[0].i_lane/gen_bank[0].vrf_mem_reg_i_14"
"shared_lane_operator","LUT6","gen_lane[0].i_lane/gen_bank[0].vrf_mem_reg_i_140"
"shared_lane_operator","LUT5","gen_lane[0].i_lane/gen_bank[0].vrf_mem_reg_i_143"
"shared_lane_operator","LUT6","gen_lane[0].i_lane/gen_bank[0].vrf_mem_reg_i_145"
"shared_lane_operator","LUT6","gen_lane[0].i_lane/gen_bank[0].vrf_mem_reg_i_147"
"shared_lane_operator","LUT6","gen_lane[0].i_lane/gen_bank[0].vrf_mem_reg_i_149"
"shared_lane_operator","LUT6","gen_lane[0].i_lane/gen_bank[0].vrf_mem_reg_i_15"
"shared_lane_operator","LUT6","gen_lane[0].i_lane/gen_bank[0].vrf_mem_reg_i_151"
"shared_lane_operator","LUT6","gen_lane[0].i_lane/gen_bank[0].vrf_mem_reg_i_153"
"shared_lane_operator","LUT6","gen_lane[0].i_lane/gen_bank[0].vrf_mem_reg_i_155"
"shared_lane_operator","LUT6","gen_lane[0].i_lane/gen_bank[0].vrf_mem_reg_i_157"
"shared_lane_operator","LUT6","gen_lane[0].i_lane/gen_bank[0].vrf_mem_reg_i_159"
"shared_lane_operator","LUT6","gen_lane[0].i_lane/gen_bank[0].vrf_mem_reg_i_16"
"shared_lane_operator","LUT6","gen_lane[0].i_lane/gen_bank[0].vrf_mem_reg_i_161"
"shared_lane_operator","LUT6","gen_lane[0].i_lane/gen_bank[0].vrf_mem_reg_i_163"
"shared_lane_operator","LUT6","gen_lane[0].i_lane/gen_bank[0].vrf_mem_reg_i_165"
"shared_lane_operator","LUT6","gen_lane[0].i_lane/gen_bank[0].vrf_mem_reg_i_167"
"shared_lane_operator","LUT6","gen_lane[0].i_lane/gen_bank[0].vrf_mem_reg_i_169"
"shared_lane_operator","LUT6","gen_lane[0].i_lane/gen_bank[0].vrf_mem_reg_i_17"
"shared_lane_operator","LUT6","gen_lane[0].i_lane/gen_bank[0].vrf_mem_reg_i_171"
"shared_lane_operator","LUT6","gen_lane[0].i_lane/gen_bank[0].vrf_mem_reg_i_173"
"shared_lane_operator","LUT6","gen_lane[0].i_lane/gen_bank[0].vrf_mem_reg_i_175"
"shared_lane_operator","LUT6","gen_lane[0].i_lane/gen_bank[0].vrf_mem_reg_i_177"
"shared_lane_operator","LUT6","gen_lane[0].i_lane/gen_bank[0].vrf_mem_reg_i_179"
"shared_lane_operator","LUT6","gen_lane[0].i_lane/gen_bank[0].vrf_mem_reg_i_18"
"shared_lane_operator","LUT6","gen_lane[0].i_lane/gen_bank[0].vrf_mem_reg_i_181"
"shared_lane_operator","LUT6","gen_lane[0].i_lane/gen_bank[0].vrf_mem_reg_i_184"
"shared_lane_operator","LUT6","gen_lane[0].i_lane/gen_bank[0].vrf_mem_reg_i_186"
"shared_lane_operator","LUT6","gen_lane[0].i_lane/gen_bank[0].vrf_mem_reg_i_189"
"shared_lane_operator","LUT6","gen_lane[0].i_lane/gen_bank[0].vrf_mem_reg_i_19"
"shared_lane_operator","LUT6","gen_lane[0].i_lane/gen_bank[0].vrf_mem_reg_i_191"
"shared_lane_operator","LUT6","gen_lane[0].i_lane/gen_bank[0].vrf_mem_reg_i_194"
"shared_lane_operator","LUT6","gen_lane[0].i_lane/gen_bank[0].vrf_mem_reg_i_196"
"shared_lane_operator","LUT6","gen_lane[0].i_lane/gen_bank[0].vrf_mem_reg_i_198"
"shared_lane_operator","LUT6","gen_lane[0].i_lane/gen_bank[0].vrf_mem_reg_i_2"
"shared_lane_operator","LUT6","gen_lane[0].i_lane/gen_bank[0].vrf_mem_reg_i_20"
"shared_lane_operator","LUT6","gen_lane[0].i_lane/gen_bank[0].vrf_mem_reg_i_200"
"shared_lane_operator","LUT6","gen_lane[0].i_lane/gen_bank[0].vrf_mem_reg_i_203"
"shared_lane_operator","LUT6","gen_lane[0].i_lane/gen_bank[0].vrf_mem_reg_i_205"
"shared_lane_operator","LUT6","gen_lane[0].i_lane/gen_bank[0].vrf_mem_reg_i_207"
"shared_lane_operator","LUT6","gen_lane[0].i_lane/gen_bank[0].vrf_mem_reg_i_209"
"shared_lane_operator","LUT5","gen_lane[0].i_lane/gen_bank[0].vrf_mem_reg_i_21"
"shared_lane_operator","LUT6","gen_lane[0].i_lane/gen_bank[0].vrf_mem_reg_i_212"
"shared_lane_operator","LUT6","gen_lane[0].i_lane/gen_bank[0].vrf_mem_reg_i_22"
"shared_lane_operator","LUT6","gen_lane[0].i_lane/gen_bank[0].vrf_mem_reg_i_23"
"shared_lane_operator","LUT6","gen_lane[0].i_lane/gen_bank[0].vrf_mem_reg_i_230"
"shared_lane_operator","LUT6","gen_lane[0].i_lane/gen_bank[0].vrf_mem_reg_i_24"
"shared_lane_operator","LUT6","gen_lane[0].i_lane/gen_bank[0].vrf_mem_reg_i_25"
"shared_lane_operator","LUT6","gen_lane[0].i_lane/gen_bank[0].vrf_mem_reg_i_26"
"shared_lane_operator","LUT6","gen_lane[0].i_lane/gen_bank[0].vrf_mem_reg_i_27"
"shared_lane_operator","LUT6","gen_lane[0].i_lane/gen_bank[0].vrf_mem_reg_i_28"
"shared_lane_operator","LUT6","gen_lane[0].i_lane/gen_bank[0].vrf_mem_reg_i_29"
"shared_lane_operator","LUT6","gen_lane[0].i_lane/gen_bank[0].vrf_mem_reg_i_3"
"shared_lane_operator","LUT6","gen_lane[0].i_lane/gen_bank[0].vrf_mem_reg_i_30"
"shared_lane_operator","LUT6","gen_lane[0].i_lane/gen_bank[0].vrf_mem_reg_i_31"
"shared_lane_operator","MUXF7","gen_lane[0].i_lane/gen_bank[0].vrf_mem_reg_i_32"
"shared_lane_operator","LUT6","gen_lane[0].i_lane/gen_bank[0].vrf_mem_reg_i_33"
"shared_lane_operator","LUT6","gen_lane[0].i_lane/gen_bank[0].vrf_mem_reg_i_34"
"shared_lane_operator","LUT6","gen_lane[0].i_lane/gen_bank[0].vrf_mem_reg_i_35"
"shared_lane_operator","LUT6","gen_lane[0].i_lane/gen_bank[0].vrf_mem_reg_i_36"
"shared_lane_operator","LUT6","gen_lane[0].i_lane/gen_bank[0].vrf_mem_reg_i_37"
"shared_lane_operator","LUT6","gen_lane[0].i_lane/gen_bank[0].vrf_mem_reg_i_38"
"shared_lane_operator","LUT6","gen_lane[0].i_lane/gen_bank[0].vrf_mem_reg_i_39"
"shared_lane_operator","LUT6","gen_lane[0].i_lane/gen_bank[0].vrf_mem_reg_i_4"
"shared_lane_operator","LUT6","gen_lane[0].i_lane/gen_bank[0].vrf_mem_reg_i_40"
"shared_lane_operator","LUT6","gen_lane[0].i_lane/gen_bank[0].vrf_mem_reg_i_41"
"shared_lane_operator","LUT6","gen_lane[0].i_lane/gen_bank[0].vrf_mem_reg_i_42"
"shared_lane_operator","LUT6","gen_lane[0].i_lane/gen_bank[0].vrf_mem_reg_i_43"
"shared_lane_operator","LUT6","gen_lane[0].i_lane/gen_bank[0].vrf_mem_reg_i_44"
"shared_lane_operator","LUT6","gen_lane[0].i_lane/gen_bank[0].vrf_mem_reg_i_45"
"shared_lane_operator","LUT6","gen_lane[0].i_lane/gen_bank[0].vrf_mem_reg_i_46"
"shared_lane_operator","LUT6","gen_lane[0].i_lane/gen_bank[0].vrf_mem_reg_i_47"
"shared_lane_operator","LUT6","gen_lane[0].i_lane/gen_bank[0].vrf_mem_reg_i_48"
"shared_lane_operator","LUT6","gen_lane[0].i_lane/gen_bank[0].vrf_mem_reg_i_49"
"shared_lane_operator","LUT6","gen_lane[0].i_lane/gen_bank[0].vrf_mem_reg_i_5"
"shared_lane_operator","LUT6","gen_lane[0].i_lane/gen_bank[0].vrf_mem_reg_i_50"
"shared_lane_operator","LUT6","gen_lane[0].i_lane/gen_bank[0].vrf_mem_reg_i_51"
"shared_lane_operator","LUT6","gen_lane[0].i_lane/gen_bank[0].vrf_mem_reg_i_52"
"shared_lane_operator","LUT6","gen_lane[0].i_lane/gen_bank[0].vrf_mem_reg_i_53"
"shared_lane_operator","LUT6","gen_lane[0].i_lane/gen_bank[0].vrf_mem_reg_i_54"
"shared_lane_operator","LUT6","gen_lane[0].i_lane/gen_bank[0].vrf_mem_reg_i_55"
"shared_lane_operator","LUT6","gen_lane[0].i_lane/gen_bank[0].vrf_mem_reg_i_56"
"shared_lane_operator","LUT5","gen_lane[0].i_lane/gen_bank[0].vrf_mem_reg_i_57"
"shared_lane_operator","LUT6","gen_lane[0].i_lane/gen_bank[0].vrf_mem_reg_i_58"
"shared_lane_operator","LUT6","gen_lane[0].i_lane/gen_bank[0].vrf_mem_reg_i_59"
"shared_lane_operator","LUT6","gen_lane[0].i_lane/gen_bank[0].vrf_mem_reg_i_6"
"shared_lane_operator","LUT6","gen_lane[0].i_lane/gen_bank[0].vrf_mem_reg_i_60"
"shared_lane_operator","LUT5","gen_lane[0].i_lane/gen_bank[0].vrf_mem_reg_i_61"
"shared_lane_operator","LUT6","gen_lane[0].i_lane/gen_bank[0].vrf_mem_reg_i_62"
"shared_lane_operator","LUT6","gen_lane[0].i_lane/gen_bank[0].vrf_mem_reg_i_63"
"shared_lane_operator","LUT6","gen_lane[0].i_lane/gen_bank[0].vrf_mem_reg_i_64"
"shared_lane_operator","LUT6","gen_lane[0].i_lane/gen_bank[0].vrf_mem_reg_i_66"
"shared_lane_operator","LUT6","gen_lane[0].i_lane/gen_bank[0].vrf_mem_reg_i_69"
"shared_lane_operator","LUT6","gen_lane[0].i_lane/gen_bank[0].vrf_mem_reg_i_7"
"shared_lane_operator","LUT6","gen_lane[0].i_lane/gen_bank[0].vrf_mem_reg_i_71"
"shared_lane_operator","LUT6","gen_lane[0].i_lane/gen_bank[0].vrf_mem_reg_i_74"
"shared_lane_operator","LUT6","gen_lane[0].i_lane/gen_bank[0].vrf_mem_reg_i_76"
"shared_lane_operator","LUT6","gen_lane[0].i_lane/gen_bank[0].vrf_mem_reg_i_79"
"shared_lane_operator","LUT6","gen_lane[0].i_lane/gen_bank[0].vrf_mem_reg_i_8"
"shared_lane_operator","LUT6","gen_lane[0].i_lane/gen_bank[0].vrf_mem_reg_i_81"
"shared_lane_operator","LUT6","gen_lane[0].i_lane/gen_bank[0].vrf_mem_reg_i_84"
"shared_lane_operator","LUT6","gen_lane[0].i_lane/gen_bank[0].vrf_mem_reg_i_86"
"shared_lane_operator","LUT6","gen_lane[0].i_lane/gen_bank[0].vrf_mem_reg_i_89"
"shared_lane_operator","LUT6","gen_lane[0].i_lane/gen_bank[0].vrf_mem_reg_i_9"
"shared_lane_operator","LUT6","gen_lane[0].i_lane/gen_bank[0].vrf_mem_reg_i_91"
"shared_lane_operator","LUT6","gen_lane[0].i_lane/gen_bank[0].vrf_mem_reg_i_94"
"shared_lane_operator","LUT6","gen_lane[0].i_lane/gen_bank[0].vrf_mem_reg_i_96"
"shared_lane_operator","LUT6","gen_lane[0].i_lane/gen_bank[0].vrf_mem_reg_i_99"
"shared_lane_operator","LUT5","gen_lane[0].i_lane/group_dist_q[3]_i_2"
"shared_lane_operator","LUT5","gen_lane[0].i_lane/group_dist_q[3]_i_3"
"shared_lane_operator","LUT6","gen_lane[0].i_lane/group_dist_q[3]_i_5"
"shared_lane_operator","LUT6","gen_lane[0].i_lane/group_dist_q[3]_i_6"
"shared_lane_operator","LUT3","gen_lane[0].i_lane/group_dist_q[3]_i_9"
"shared_lane_operator","LUT3","gen_lane[0].i_lane/group_dist_q[7]_i_10"
"shared_lane_operator","LUT3","gen_lane[0].i_lane/group_dist_q[7]_i_11"
"shared_lane_operator","LUT3","gen_lane[0].i_lane/group_dist_q[7]_i_14"
"shared_lane_operator","LUT5","gen_lane[0].i_lane/group_dist_q[7]_i_3"
"shared_lane_operator","LUT5","gen_lane[0].i_lane/group_dist_q[7]_i_4"
"shared_lane_operator","LUT5","gen_lane[0].i_lane/group_dist_q[7]_i_5"
"shared_lane_operator","LUT6","gen_lane[0].i_lane/group_dist_q[7]_i_7"
"shared_lane_operator","LUT6","gen_lane[0].i_lane/group_dist_q[7]_i_8"
"shared_lane_operator","LUT6","gen_lane[0].i_lane/group_dist_q[7]_i_9"
"shared_lane_operator","CARRY4","gen_lane[0].i_lane/group_dist_q_reg[3]_i_1"
"shared_lane_operator","CARRY4","gen_lane[0].i_lane/group_dist_q_reg[7]_i_1"
"shared_lane_operator","CARRY4","gen_lane[0].i_lane/group_dist_q_reg[8]_i_2"
"shared_lane_operator","LUT4","gen_lane[0].i_lane/pop_q_i_1"
"shared_lane_operator","FDCE","gen_lane[0].i_lane/pop_q_reg"
"shared_lane_operator","LUT6","gen_lane[0].i_lane/popcount_part_q_o[0][0]_i_1"
"shared_lane_operator","LUT3","gen_lane[0].i_lane/popcount_part_q_o[0][0]_i_2"
"shared_lane_operator","LUT3","gen_lane[0].i_lane/popcount_part_q_o[0][0]_i_3"
"shared_lane_operator","LUT3","gen_lane[0].i_lane/popcount_part_q_o[0][0]_i_4"
"shared_lane_operator","LUT3","gen_lane[0].i_lane/popcount_part_q_o[0][1]_i_1"
"shared_lane_operator","LUT6","gen_lane[0].i_lane/popcount_part_q_o[0][2]_i_1"
"shared_lane_operator","LUT5","gen_lane[0].i_lane/popcount_part_q_o[0][2]_i_10"
"shared_lane_operator","LUT5","gen_lane[0].i_lane/popcount_part_q_o[0][2]_i_11"
"shared_lane_operator","LUT5","gen_lane[0].i_lane/popcount_part_q_o[0][2]_i_12"
"shared_lane_operator","LUT6","gen_lane[0].i_lane/popcount_part_q_o[0][2]_i_13"
"shared_lane_operator","LUT3","gen_lane[0].i_lane/popcount_part_q_o[0][2]_i_14"
"shared_lane_operator","LUT3","gen_lane[0].i_lane/popcount_part_q_o[0][2]_i_15"
"shared_lane_operator","LUT3","gen_lane[0].i_lane/popcount_part_q_o[0][2]_i_16"
"shared_lane_operator","LUT3","gen_lane[0].i_lane/popcount_part_q_o[0][2]_i_17"
"shared_lane_operator","LUT6","gen_lane[0].i_lane/popcount_part_q_o[0][2]_i_2"
"shared_lane_operator","LUT3","gen_lane[0].i_lane/popcount_part_q_o[0][2]_i_3"
"shared_lane_operator","LUT5","gen_lane[0].i_lane/popcount_part_q_o[0][2]_i_4"
"shared_lane_operator","LUT5","gen_lane[0].i_lane/popcount_part_q_o[0][2]_i_5"
"shared_lane_operator","LUT5","gen_lane[0].i_lane/popcount_part_q_o[0][2]_i_6"
"shared_lane_operator","LUT5","gen_lane[0].i_lane/popcount_part_q_o[0][2]_i_7"
"shared_lane_operator","LUT5","gen_lane[0].i_lane/popcount_part_q_o[0][2]_i_8"
"shared_lane_operator","LUT5","gen_lane[0].i_lane/popcount_part_q_o[0][2]_i_9"
"shared_lane_operator","LUT5","gen_lane[0].i_lane/popcount_part_q_o[0][3]_i_1"
"shared_lane_operator","LUT5","gen_lane[0].i_lane/popcount_part_q_o[0][4]_i_1"
"shared_lane_operator","LUT5","gen_lane[0].i_lane/popcount_part_q_o[0][5]_i_1"
"shared_lane_operator","LUT5","gen_lane[0].i_lane/popcount_part_q_o[0][5]_i_10"
"shared_lane_operator","LUT5","gen_lane[0].i_lane/popcount_part_q_o[0][5]_i_11"
"shared_lane_operator","LUT3","gen_lane[0].i_lane/popcount_part_q_o[0][5]_i_12"
"shared_lane_operator","LUT6","gen_lane[0].i_lane/popcount_part_q_o[0][5]_i_13"
"shared_lane_operator","LUT3","gen_lane[0].i_lane/popcount_part_q_o[0][5]_i_14"
"shared_lane_operator","LUT3","gen_lane[0].i_lane/popcount_part_q_o[0][5]_i_15"
"shared_lane_operator","LUT3","gen_lane[0].i_lane/popcount_part_q_o[0][5]_i_16"
"shared_lane_operator","LUT3","gen_lane[0].i_lane/popcount_part_q_o[0][5]_i_17"
"shared_lane_operator","LUT3","gen_lane[0].i_lane/popcount_part_q_o[0][5]_i_18"
"shared_lane_operator","LUT3","gen_lane[0].i_lane/popcount_part_q_o[0][5]_i_19"
"shared_lane_operator","LUT5","gen_lane[0].i_lane/popcount_part_q_o[0][5]_i_2"
"shared_lane_operator","LUT5","gen_lane[0].i_lane/popcount_part_q_o[0][5]_i_20"
"shared_lane_operator","LUT5","gen_lane[0].i_lane/popcount_part_q_o[0][5]_i_3"
"shared_lane_operator","LUT3","gen_lane[0].i_lane/popcount_part_q_o[0][5]_i_4"
"shared_lane_operator","LUT5","gen_lane[0].i_lane/popcount_part_q_o[0][5]_i_5"
"shared_lane_operator","LUT6","gen_lane[0].i_lane/popcount_part_q_o[0][5]_i_6"
"shared_lane_operator","LUT5","gen_lane[0].i_lane/popcount_part_q_o[0][5]_i_7"
"shared_lane_operator","LUT5","gen_lane[0].i_lane/popcount_part_q_o[0][5]_i_8"
"shared_lane_operator","LUT5","gen_lane[0].i_lane/popcount_part_q_o[0][5]_i_9"
"shared_lane_operator","LUT6","gen_lane[0].i_lane/popcount_part_q_o[1][0]_i_1"
"shared_lane_operator","LUT3","gen_lane[0].i_lane/popcount_part_q_o[1][0]_i_2"
"shared_lane_operator","LUT3","gen_lane[0].i_lane/popcount_part_q_o[1][0]_i_3"
"shared_lane_operator","LUT3","gen_lane[0].i_lane/popcount_part_q_o[1][0]_i_4"
"shared_lane_operator","LUT3","gen_lane[0].i_lane/popcount_part_q_o[1][1]_i_1"
"shared_lane_operator","LUT6","gen_lane[0].i_lane/popcount_part_q_o[1][2]_i_1"
"shared_lane_operator","LUT5","gen_lane[0].i_lane/popcount_part_q_o[1][2]_i_10"
"shared_lane_operator","LUT5","gen_lane[0].i_lane/popcount_part_q_o[1][2]_i_11"
"shared_lane_operator","LUT5","gen_lane[0].i_lane/popcount_part_q_o[1][2]_i_12"
"shared_lane_operator","LUT6","gen_lane[0].i_lane/popcount_part_q_o[1][2]_i_13"
"shared_lane_operator","LUT3","gen_lane[0].i_lane/popcount_part_q_o[1][2]_i_14"
"shared_lane_operator","LUT3","gen_lane[0].i_lane/popcount_part_q_o[1][2]_i_15"
"shared_lane_operator","LUT3","gen_lane[0].i_lane/popcount_part_q_o[1][2]_i_16"
"shared_lane_operator","LUT3","gen_lane[0].i_lane/popcount_part_q_o[1][2]_i_17"
"shared_lane_operator","LUT6","gen_lane[0].i_lane/popcount_part_q_o[1][2]_i_2"
"shared_lane_operator","LUT3","gen_lane[0].i_lane/popcount_part_q_o[1][2]_i_3"
"shared_lane_operator","LUT5","gen_lane[0].i_lane/popcount_part_q_o[1][2]_i_4"
"shared_lane_operator","LUT5","gen_lane[0].i_lane/popcount_part_q_o[1][2]_i_5"
"shared_lane_operator","LUT5","gen_lane[0].i_lane/popcount_part_q_o[1][2]_i_6"
"shared_lane_operator","LUT5","gen_lane[0].i_lane/popcount_part_q_o[1][2]_i_7"
"shared_lane_operator","LUT5","gen_lane[0].i_lane/popcount_part_q_o[1][2]_i_8"
"shared_lane_operator","LUT5","gen_lane[0].i_lane/popcount_part_q_o[1][2]_i_9"
"shared_lane_operator","LUT5","gen_lane[0].i_lane/popcount_part_q_o[1][3]_i_1"
"shared_lane_operator","LUT5","gen_lane[0].i_lane/popcount_part_q_o[1][4]_i_1"
"shared_lane_operator","LUT5","gen_lane[0].i_lane/popcount_part_q_o[1][5]_i_1"
"shared_lane_operator","LUT5","gen_lane[0].i_lane/popcount_part_q_o[1][5]_i_10"
"shared_lane_operator","LUT5","gen_lane[0].i_lane/popcount_part_q_o[1][5]_i_11"
"shared_lane_operator","LUT3","gen_lane[0].i_lane/popcount_part_q_o[1][5]_i_12"
"shared_lane_operator","LUT6","gen_lane[0].i_lane/popcount_part_q_o[1][5]_i_13"
"shared_lane_operator","LUT3","gen_lane[0].i_lane/popcount_part_q_o[1][5]_i_14"
"shared_lane_operator","LUT3","gen_lane[0].i_lane/popcount_part_q_o[1][5]_i_15"
"shared_lane_operator","LUT3","gen_lane[0].i_lane/popcount_part_q_o[1][5]_i_16"
"shared_lane_operator","LUT3","gen_lane[0].i_lane/popcount_part_q_o[1][5]_i_17"
"shared_lane_operator","LUT3","gen_lane[0].i_lane/popcount_part_q_o[1][5]_i_18"
"shared_lane_operator","LUT3","gen_lane[0].i_lane/popcount_part_q_o[1][5]_i_19"
"shared_lane_operator","LUT5","gen_lane[0].i_lane/popcount_part_q_o[1][5]_i_2"
"shared_lane_operator","LUT5","gen_lane[0].i_lane/popcount_part_q_o[1][5]_i_20"
"shared_lane_operator","LUT5","gen_lane[0].i_lane/popcount_part_q_o[1][5]_i_3"
"shared_lane_operator","LUT3","gen_lane[0].i_lane/popcount_part_q_o[1][5]_i_4"
"shared_lane_operator","LUT5","gen_lane[0].i_lane/popcount_part_q_o[1][5]_i_5"
"shared_lane_operator","LUT6","gen_lane[0].i_lane/popcount_part_q_o[1][5]_i_6"
"shared_lane_operator","LUT5","gen_lane[0].i_lane/popcount_part_q_o[1][5]_i_7"
"shared_lane_operator","LUT5","gen_lane[0].i_lane/popcount_part_q_o[1][5]_i_8"
"shared_lane_operator","LUT5","gen_lane[0].i_lane/popcount_part_q_o[1][5]_i_9"
"shared_lane_operator","FDCE","gen_lane[0].i_lane/popcount_part_q_o_reg[0][0]"
"shared_lane_operator","FDCE","gen_lane[0].i_lane/popcount_part_q_o_reg[0][1]"
"shared_lane_operator","FDCE","gen_lane[0].i_lane/popcount_part_q_o_reg[0][2]"
"shared_lane_operator","FDCE","gen_lane[0].i_lane/popcount_part_q_o_reg[0][3]"
"shared_lane_operator","FDCE","gen_lane[0].i_lane/popcount_part_q_o_reg[0][4]"
"shared_lane_operator","FDCE","gen_lane[0].i_lane/popcount_part_q_o_reg[0][5]"
"shared_lane_operator","FDCE","gen_lane[0].i_lane/popcount_part_q_o_reg[1][0]"
"shared_lane_operator","FDCE","gen_lane[0].i_lane/popcount_part_q_o_reg[1][1]"
"shared_lane_operator","FDCE","gen_lane[0].i_lane/popcount_part_q_o_reg[1][2]"
"shared_lane_operator","FDCE","gen_lane[0].i_lane/popcount_part_q_o_reg[1][3]"
"shared_lane_operator","FDCE","gen_lane[0].i_lane/popcount_part_q_o_reg[1][4]"
"shared_lane_operator","FDCE","gen_lane[0].i_lane/popcount_part_q_o_reg[1][5]"
"shared_lane_operator","LUT1","gen_lane[0].i_lane/res_q[63]_i_2"
"shared_lane_operator","FDCE","gen_lane[1].i_lane/bool_result_q_reg[0]"
"shared_lane_operator","FDCE","gen_lane[1].i_lane/bool_result_q_reg[10]"
"shared_lane_operator","FDCE","gen_lane[1].i_lane/bool_result_q_reg[11]"
"shared_lane_operator","FDCE","gen_lane[1].i_lane/bool_result_q_reg[12]"
"shared_lane_operator","FDCE","gen_lane[1].i_lane/bool_result_q_reg[13]"
"shared_lane_operator","FDCE","gen_lane[1].i_lane/bool_result_q_reg[14]"
"shared_lane_operator","FDCE","gen_lane[1].i_lane/bool_result_q_reg[15]"
"shared_lane_operator","FDCE","gen_lane[1].i_lane/bool_result_q_reg[16]"
"shared_lane_operator","FDCE","gen_lane[1].i_lane/bool_result_q_reg[17]"
"shared_lane_operator","FDCE","gen_lane[1].i_lane/bool_result_q_reg[18]"
"shared_lane_operator","FDCE","gen_lane[1].i_lane/bool_result_q_reg[19]"
"shared_lane_operator","FDCE","gen_lane[1].i_lane/bool_result_q_reg[1]"
"shared_lane_operator","FDCE","gen_lane[1].i_lane/bool_result_q_reg[20]"
"shared_lane_operator","FDCE","gen_lane[1].i_lane/bool_result_q_reg[21]"
"shared_lane_operator","FDCE","gen_lane[1].i_lane/bool_result_q_reg[22]"
"shared_lane_operator","FDCE","gen_lane[1].i_lane/bool_result_q_reg[23]"
"shared_lane_operator","FDCE","gen_lane[1].i_lane/bool_result_q_reg[24]"
"shared_lane_operator","FDCE","gen_lane[1].i_lane/bool_result_q_reg[25]"
"shared_lane_operator","FDCE","gen_lane[1].i_lane/bool_result_q_reg[26]"
"shared_lane_operator","FDCE","gen_lane[1].i_lane/bool_result_q_reg[27]"
"shared_lane_operator","FDCE","gen_lane[1].i_lane/bool_result_q_reg[28]"
"shared_lane_operator","FDCE","gen_lane[1].i_lane/bool_result_q_reg[29]"
"shared_lane_operator","FDCE","gen_lane[1].i_lane/bool_result_q_reg[2]"
"shared_lane_operator","FDCE","gen_lane[1].i_lane/bool_result_q_reg[30]"
"shared_lane_operator","FDCE","gen_lane[1].i_lane/bool_result_q_reg[31]"
"shared_lane_operator","FDCE","gen_lane[1].i_lane/bool_result_q_reg[32]"
"shared_lane_operator","FDCE","gen_lane[1].i_lane/bool_result_q_reg[33]"
"shared_lane_operator","FDCE","gen_lane[1].i_lane/bool_result_q_reg[34]"
"shared_lane_operator","FDCE","gen_lane[1].i_lane/bool_result_q_reg[35]"
"shared_lane_operator","FDCE","gen_lane[1].i_lane/bool_result_q_reg[36]"
"shared_lane_operator","FDCE","gen_lane[1].i_lane/bool_result_q_reg[37]"
"shared_lane_operator","FDCE","gen_lane[1].i_lane/bool_result_q_reg[38]"
"shared_lane_operator","FDCE","gen_lane[1].i_lane/bool_result_q_reg[39]"
"shared_lane_operator","FDCE","gen_lane[1].i_lane/bool_result_q_reg[3]"
"shared_lane_operator","FDCE","gen_lane[1].i_lane/bool_result_q_reg[40]"
"shared_lane_operator","FDCE","gen_lane[1].i_lane/bool_result_q_reg[41]"
"shared_lane_operator","FDCE","gen_lane[1].i_lane/bool_result_q_reg[42]"
"shared_lane_operator","FDCE","gen_lane[1].i_lane/bool_result_q_reg[43]"
"shared_lane_operator","FDCE","gen_lane[1].i_lane/bool_result_q_reg[44]"
"shared_lane_operator","FDCE","gen_lane[1].i_lane/bool_result_q_reg[45]"
"shared_lane_operator","FDCE","gen_lane[1].i_lane/bool_result_q_reg[46]"
"shared_lane_operator","FDCE","gen_lane[1].i_lane/bool_result_q_reg[47]"
"shared_lane_operator","FDCE","gen_lane[1].i_lane/bool_result_q_reg[48]"
"shared_lane_operator","FDCE","gen_lane[1].i_lane/bool_result_q_reg[49]"
"shared_lane_operator","FDCE","gen_lane[1].i_lane/bool_result_q_reg[4]"
"shared_lane_operator","FDCE","gen_lane[1].i_lane/bool_result_q_reg[50]"
"shared_lane_operator","FDCE","gen_lane[1].i_lane/bool_result_q_reg[51]"
"shared_lane_operator","FDCE","gen_lane[1].i_lane/bool_result_q_reg[52]"
"shared_lane_operator","FDCE","gen_lane[1].i_lane/bool_result_q_reg[53]"
"shared_lane_operator","FDCE","gen_lane[1].i_lane/bool_result_q_reg[54]"
"shared_lane_operator","FDCE","gen_lane[1].i_lane/bool_result_q_reg[55]"
"shared_lane_operator","FDCE","gen_lane[1].i_lane/bool_result_q_reg[56]"
"shared_lane_operator","FDCE","gen_lane[1].i_lane/bool_result_q_reg[57]"
"shared_lane_operator","FDCE","gen_lane[1].i_lane/bool_result_q_reg[58]"
"shared_lane_operator","FDCE","gen_lane[1].i_lane/bool_result_q_reg[59]"
"shared_lane_operator","FDCE","gen_lane[1].i_lane/bool_result_q_reg[5]"
"shared_lane_operator","FDCE","gen_lane[1].i_lane/bool_result_q_reg[60]"
"shared_lane_operator","FDCE","gen_lane[1].i_lane/bool_result_q_reg[61]"
"shared_lane_operator","FDCE","gen_lane[1].i_lane/bool_result_q_reg[62]"
"shared_lane_operator","FDCE","gen_lane[1].i_lane/bool_result_q_reg[63]"
"shared_lane_operator","FDCE","gen_lane[1].i_lane/bool_result_q_reg[6]"
"shared_lane_operator","FDCE","gen_lane[1].i_lane/bool_result_q_reg[7]"
"shared_lane_operator","FDCE","gen_lane[1].i_lane/bool_result_q_reg[8]"
"shared_lane_operator","FDCE","gen_lane[1].i_lane/bool_result_q_reg[9]"
"shared_lane_operator","LUT6","gen_lane[1].i_lane/gen_bank[1].vrf_mem_reg_i_1"
"shared_lane_operator","LUT6","gen_lane[1].i_lane/gen_bank[1].vrf_mem_reg_i_10"
"shared_lane_operator","LUT6","gen_lane[1].i_lane/gen_bank[1].vrf_mem_reg_i_101"
"shared_lane_operator","LUT6","gen_lane[1].i_lane/gen_bank[1].vrf_mem_reg_i_104"
"shared_lane_operator","LUT6","gen_lane[1].i_lane/gen_bank[1].vrf_mem_reg_i_106"
"shared_lane_operator","LUT6","gen_lane[1].i_lane/gen_bank[1].vrf_mem_reg_i_108"
"shared_lane_operator","LUT6","gen_lane[1].i_lane/gen_bank[1].vrf_mem_reg_i_11"
"shared_lane_operator","LUT6","gen_lane[1].i_lane/gen_bank[1].vrf_mem_reg_i_110"
"shared_lane_operator","LUT6","gen_lane[1].i_lane/gen_bank[1].vrf_mem_reg_i_112"
"shared_lane_operator","LUT6","gen_lane[1].i_lane/gen_bank[1].vrf_mem_reg_i_114"
"shared_lane_operator","LUT6","gen_lane[1].i_lane/gen_bank[1].vrf_mem_reg_i_116"
"shared_lane_operator","LUT6","gen_lane[1].i_lane/gen_bank[1].vrf_mem_reg_i_118"
"shared_lane_operator","LUT6","gen_lane[1].i_lane/gen_bank[1].vrf_mem_reg_i_12"
"shared_lane_operator","LUT6","gen_lane[1].i_lane/gen_bank[1].vrf_mem_reg_i_120"
"shared_lane_operator","LUT6","gen_lane[1].i_lane/gen_bank[1].vrf_mem_reg_i_122"
"shared_lane_operator","LUT6","gen_lane[1].i_lane/gen_bank[1].vrf_mem_reg_i_124"
"shared_lane_operator","LUT6","gen_lane[1].i_lane/gen_bank[1].vrf_mem_reg_i_126"
"shared_lane_operator","LUT6","gen_lane[1].i_lane/gen_bank[1].vrf_mem_reg_i_128"
"shared_lane_operator","LUT6","gen_lane[1].i_lane/gen_bank[1].vrf_mem_reg_i_13"
"shared_lane_operator","LUT6","gen_lane[1].i_lane/gen_bank[1].vrf_mem_reg_i_130"
"shared_lane_operator","LUT6","gen_lane[1].i_lane/gen_bank[1].vrf_mem_reg_i_132"
"shared_lane_operator","LUT6","gen_lane[1].i_lane/gen_bank[1].vrf_mem_reg_i_134"
"shared_lane_operator","LUT6","gen_lane[1].i_lane/gen_bank[1].vrf_mem_reg_i_136"
"shared_lane_operator","LUT6","gen_lane[1].i_lane/gen_bank[1].vrf_mem_reg_i_138"
"shared_lane_operator","LUT6","gen_lane[1].i_lane/gen_bank[1].vrf_mem_reg_i_14"
"shared_lane_operator","LUT6","gen_lane[1].i_lane/gen_bank[1].vrf_mem_reg_i_140"
"shared_lane_operator","LUT6","gen_lane[1].i_lane/gen_bank[1].vrf_mem_reg_i_142"
"shared_lane_operator","LUT6","gen_lane[1].i_lane/gen_bank[1].vrf_mem_reg_i_144"
"shared_lane_operator","LUT6","gen_lane[1].i_lane/gen_bank[1].vrf_mem_reg_i_146"
"shared_lane_operator","LUT6","gen_lane[1].i_lane/gen_bank[1].vrf_mem_reg_i_148"
"shared_lane_operator","LUT6","gen_lane[1].i_lane/gen_bank[1].vrf_mem_reg_i_15"
"shared_lane_operator","LUT6","gen_lane[1].i_lane/gen_bank[1].vrf_mem_reg_i_150"
"shared_lane_operator","LUT6","gen_lane[1].i_lane/gen_bank[1].vrf_mem_reg_i_152"
"shared_lane_operator","LUT6","gen_lane[1].i_lane/gen_bank[1].vrf_mem_reg_i_154"
"shared_lane_operator","LUT6","gen_lane[1].i_lane/gen_bank[1].vrf_mem_reg_i_156"
"shared_lane_operator","LUT6","gen_lane[1].i_lane/gen_bank[1].vrf_mem_reg_i_158"
"shared_lane_operator","LUT6","gen_lane[1].i_lane/gen_bank[1].vrf_mem_reg_i_16"
"shared_lane_operator","LUT6","gen_lane[1].i_lane/gen_bank[1].vrf_mem_reg_i_161"
"shared_lane_operator","LUT6","gen_lane[1].i_lane/gen_bank[1].vrf_mem_reg_i_163"
"shared_lane_operator","LUT6","gen_lane[1].i_lane/gen_bank[1].vrf_mem_reg_i_165"
"shared_lane_operator","LUT6","gen_lane[1].i_lane/gen_bank[1].vrf_mem_reg_i_167"
"shared_lane_operator","LUT6","gen_lane[1].i_lane/gen_bank[1].vrf_mem_reg_i_169"
"shared_lane_operator","LUT6","gen_lane[1].i_lane/gen_bank[1].vrf_mem_reg_i_17"
"shared_lane_operator","LUT6","gen_lane[1].i_lane/gen_bank[1].vrf_mem_reg_i_171"
"shared_lane_operator","LUT6","gen_lane[1].i_lane/gen_bank[1].vrf_mem_reg_i_173"
"shared_lane_operator","LUT6","gen_lane[1].i_lane/gen_bank[1].vrf_mem_reg_i_175"
"shared_lane_operator","LUT6","gen_lane[1].i_lane/gen_bank[1].vrf_mem_reg_i_177"
"shared_lane_operator","LUT6","gen_lane[1].i_lane/gen_bank[1].vrf_mem_reg_i_179"
"shared_lane_operator","LUT6","gen_lane[1].i_lane/gen_bank[1].vrf_mem_reg_i_18"
"shared_lane_operator","LUT6","gen_lane[1].i_lane/gen_bank[1].vrf_mem_reg_i_181"
"shared_lane_operator","LUT6","gen_lane[1].i_lane/gen_bank[1].vrf_mem_reg_i_183"
"shared_lane_operator","LUT6","gen_lane[1].i_lane/gen_bank[1].vrf_mem_reg_i_185"
"shared_lane_operator","LUT6","gen_lane[1].i_lane/gen_bank[1].vrf_mem_reg_i_187"
"shared_lane_operator","LUT6","gen_lane[1].i_lane/gen_bank[1].vrf_mem_reg_i_189"
"shared_lane_operator","LUT6","gen_lane[1].i_lane/gen_bank[1].vrf_mem_reg_i_19"
"shared_lane_operator","LUT6","gen_lane[1].i_lane/gen_bank[1].vrf_mem_reg_i_191"
"shared_lane_operator","LUT6","gen_lane[1].i_lane/gen_bank[1].vrf_mem_reg_i_193"
"shared_lane_operator","LUT6","gen_lane[1].i_lane/gen_bank[1].vrf_mem_reg_i_195"
"shared_lane_operator","LUT6","gen_lane[1].i_lane/gen_bank[1].vrf_mem_reg_i_198"
"shared_lane_operator","LUT6","gen_lane[1].i_lane/gen_bank[1].vrf_mem_reg_i_2"
"shared_lane_operator","LUT6","gen_lane[1].i_lane/gen_bank[1].vrf_mem_reg_i_20"
"shared_lane_operator","LUT6","gen_lane[1].i_lane/gen_bank[1].vrf_mem_reg_i_21"
"shared_lane_operator","LUT6","gen_lane[1].i_lane/gen_bank[1].vrf_mem_reg_i_22"
"shared_lane_operator","LUT6","gen_lane[1].i_lane/gen_bank[1].vrf_mem_reg_i_23"
"shared_lane_operator","LUT6","gen_lane[1].i_lane/gen_bank[1].vrf_mem_reg_i_24"
"shared_lane_operator","LUT6","gen_lane[1].i_lane/gen_bank[1].vrf_mem_reg_i_25"
"shared_lane_operator","LUT6","gen_lane[1].i_lane/gen_bank[1].vrf_mem_reg_i_26"
"shared_lane_operator","LUT6","gen_lane[1].i_lane/gen_bank[1].vrf_mem_reg_i_27"
"shared_lane_operator","LUT6","gen_lane[1].i_lane/gen_bank[1].vrf_mem_reg_i_28"
"shared_lane_operator","LUT6","gen_lane[1].i_lane/gen_bank[1].vrf_mem_reg_i_29"
"shared_lane_operator","LUT6","gen_lane[1].i_lane/gen_bank[1].vrf_mem_reg_i_3"
"shared_lane_operator","LUT6","gen_lane[1].i_lane/gen_bank[1].vrf_mem_reg_i_30"
"shared_lane_operator","LUT6","gen_lane[1].i_lane/gen_bank[1].vrf_mem_reg_i_31"
"shared_lane_operator","LUT6","gen_lane[1].i_lane/gen_bank[1].vrf_mem_reg_i_32"
"shared_lane_operator","LUT6","gen_lane[1].i_lane/gen_bank[1].vrf_mem_reg_i_33"
"shared_lane_operator","LUT6","gen_lane[1].i_lane/gen_bank[1].vrf_mem_reg_i_34"
"shared_lane_operator","LUT6","gen_lane[1].i_lane/gen_bank[1].vrf_mem_reg_i_35"
"shared_lane_operator","LUT6","gen_lane[1].i_lane/gen_bank[1].vrf_mem_reg_i_36"
"shared_lane_operator","LUT6","gen_lane[1].i_lane/gen_bank[1].vrf_mem_reg_i_37"
"shared_lane_operator","LUT6","gen_lane[1].i_lane/gen_bank[1].vrf_mem_reg_i_38"
"shared_lane_operator","LUT6","gen_lane[1].i_lane/gen_bank[1].vrf_mem_reg_i_39"
"shared_lane_operator","LUT6","gen_lane[1].i_lane/gen_bank[1].vrf_mem_reg_i_4"
"shared_lane_operator","LUT6","gen_lane[1].i_lane/gen_bank[1].vrf_mem_reg_i_40"
"shared_lane_operator","LUT6","gen_lane[1].i_lane/gen_bank[1].vrf_mem_reg_i_41"
"shared_lane_operator","LUT6","gen_lane[1].i_lane/gen_bank[1].vrf_mem_reg_i_42"
"shared_lane_operator","LUT6","gen_lane[1].i_lane/gen_bank[1].vrf_mem_reg_i_43"
"shared_lane_operator","LUT6","gen_lane[1].i_lane/gen_bank[1].vrf_mem_reg_i_44"
"shared_lane_operator","LUT6","gen_lane[1].i_lane/gen_bank[1].vrf_mem_reg_i_45"
"shared_lane_operator","LUT6","gen_lane[1].i_lane/gen_bank[1].vrf_mem_reg_i_46"
"shared_lane_operator","LUT6","gen_lane[1].i_lane/gen_bank[1].vrf_mem_reg_i_47"
"shared_lane_operator","LUT6","gen_lane[1].i_lane/gen_bank[1].vrf_mem_reg_i_48"
"shared_lane_operator","LUT5","gen_lane[1].i_lane/gen_bank[1].vrf_mem_reg_i_49"
"shared_lane_operator","LUT6","gen_lane[1].i_lane/gen_bank[1].vrf_mem_reg_i_5"
"shared_lane_operator","LUT6","gen_lane[1].i_lane/gen_bank[1].vrf_mem_reg_i_50"
"shared_lane_operator","LUT5","gen_lane[1].i_lane/gen_bank[1].vrf_mem_reg_i_51"
"shared_lane_operator","LUT6","gen_lane[1].i_lane/gen_bank[1].vrf_mem_reg_i_52"
"shared_lane_operator","LUT3","gen_lane[1].i_lane/gen_bank[1].vrf_mem_reg_i_53"
"shared_lane_operator","LUT6","gen_lane[1].i_lane/gen_bank[1].vrf_mem_reg_i_54"
"shared_lane_operator","LUT6","gen_lane[1].i_lane/gen_bank[1].vrf_mem_reg_i_55"
"shared_lane_operator","LUT6","gen_lane[1].i_lane/gen_bank[1].vrf_mem_reg_i_56"
"shared_lane_operator","LUT3","gen_lane[1].i_lane/gen_bank[1].vrf_mem_reg_i_57"
"shared_lane_operator","LUT6","gen_lane[1].i_lane/gen_bank[1].vrf_mem_reg_i_58"
"shared_lane_operator","LUT6","gen_lane[1].i_lane/gen_bank[1].vrf_mem_reg_i_59"
"shared_lane_operator","LUT6","gen_lane[1].i_lane/gen_bank[1].vrf_mem_reg_i_6"
"shared_lane_operator","LUT6","gen_lane[1].i_lane/gen_bank[1].vrf_mem_reg_i_60"
"shared_lane_operator","LUT6","gen_lane[1].i_lane/gen_bank[1].vrf_mem_reg_i_61"
"shared_lane_operator","LUT6","gen_lane[1].i_lane/gen_bank[1].vrf_mem_reg_i_62"
"shared_lane_operator","LUT6","gen_lane[1].i_lane/gen_bank[1].vrf_mem_reg_i_63"
"shared_lane_operator","LUT6","gen_lane[1].i_lane/gen_bank[1].vrf_mem_reg_i_64"
"shared_lane_operator","LUT6","gen_lane[1].i_lane/gen_bank[1].vrf_mem_reg_i_66"
"shared_lane_operator","LUT6","gen_lane[1].i_lane/gen_bank[1].vrf_mem_reg_i_68"
"shared_lane_operator","LUT3","gen_lane[1].i_lane/gen_bank[1].vrf_mem_reg_i_7"
"shared_lane_operator","LUT6","gen_lane[1].i_lane/gen_bank[1].vrf_mem_reg_i_70"
"shared_lane_operator","LUT6","gen_lane[1].i_lane/gen_bank[1].vrf_mem_reg_i_72"
"shared_lane_operator","LUT6","gen_lane[1].i_lane/gen_bank[1].vrf_mem_reg_i_74"
"shared_lane_operator","LUT6","gen_lane[1].i_lane/gen_bank[1].vrf_mem_reg_i_76"
"shared_lane_operator","LUT6","gen_lane[1].i_lane/gen_bank[1].vrf_mem_reg_i_78"
"shared_lane_operator","LUT6","gen_lane[1].i_lane/gen_bank[1].vrf_mem_reg_i_8"
"shared_lane_operator","LUT6","gen_lane[1].i_lane/gen_bank[1].vrf_mem_reg_i_81"
"shared_lane_operator","LUT6","gen_lane[1].i_lane/gen_bank[1].vrf_mem_reg_i_83"
"shared_lane_operator","LUT6","gen_lane[1].i_lane/gen_bank[1].vrf_mem_reg_i_85"
"shared_lane_operator","LUT6","gen_lane[1].i_lane/gen_bank[1].vrf_mem_reg_i_87"
"shared_lane_operator","LUT6","gen_lane[1].i_lane/gen_bank[1].vrf_mem_reg_i_9"
"shared_lane_operator","LUT6","gen_lane[1].i_lane/gen_bank[1].vrf_mem_reg_i_90"
"shared_lane_operator","LUT6","gen_lane[1].i_lane/gen_bank[1].vrf_mem_reg_i_92"
"shared_lane_operator","LUT6","gen_lane[1].i_lane/gen_bank[1].vrf_mem_reg_i_94"
"shared_lane_operator","LUT6","gen_lane[1].i_lane/gen_bank[1].vrf_mem_reg_i_96"
"shared_lane_operator","LUT6","gen_lane[1].i_lane/gen_bank[1].vrf_mem_reg_i_99"
"shared_lane_operator","LUT6","gen_lane[1].i_lane/popcount_part_q_o[0][0]_i_1"
"shared_lane_operator","LUT3","gen_lane[1].i_lane/popcount_part_q_o[0][0]_i_2"
"shared_lane_operator","LUT3","gen_lane[1].i_lane/popcount_part_q_o[0][0]_i_3"
"shared_lane_operator","LUT3","gen_lane[1].i_lane/popcount_part_q_o[0][0]_i_4"
"shared_lane_operator","LUT3","gen_lane[1].i_lane/popcount_part_q_o[0][1]_i_1"
"shared_lane_operator","LUT5","gen_lane[1].i_lane/popcount_part_q_o[0][2]_i_10"
"shared_lane_operator","LUT5","gen_lane[1].i_lane/popcount_part_q_o[0][2]_i_11"
"shared_lane_operator","LUT5","gen_lane[1].i_lane/popcount_part_q_o[0][2]_i_12"
"shared_lane_operator","LUT6","gen_lane[1].i_lane/popcount_part_q_o[0][2]_i_13"
"shared_lane_operator","LUT3","gen_lane[1].i_lane/popcount_part_q_o[0][2]_i_14"
"shared_lane_operator","LUT3","gen_lane[1].i_lane/popcount_part_q_o[0][2]_i_15"
"shared_lane_operator","LUT3","gen_lane[1].i_lane/popcount_part_q_o[0][2]_i_16"
"shared_lane_operator","LUT3","gen_lane[1].i_lane/popcount_part_q_o[0][2]_i_17"
"shared_lane_operator","LUT6","gen_lane[1].i_lane/popcount_part_q_o[0][2]_i_1__0"
"shared_lane_operator","LUT6","gen_lane[1].i_lane/popcount_part_q_o[0][2]_i_2"
"shared_lane_operator","LUT3","gen_lane[1].i_lane/popcount_part_q_o[0][2]_i_3"
"shared_lane_operator","LUT5","gen_lane[1].i_lane/popcount_part_q_o[0][2]_i_4__0"
"shared_lane_operator","LUT5","gen_lane[1].i_lane/popcount_part_q_o[0][2]_i_5__0"
"shared_lane_operator","LUT5","gen_lane[1].i_lane/popcount_part_q_o[0][2]_i_6"
"shared_lane_operator","LUT5","gen_lane[1].i_lane/popcount_part_q_o[0][2]_i_7"
"shared_lane_operator","LUT5","gen_lane[1].i_lane/popcount_part_q_o[0][2]_i_8"
"shared_lane_operator","LUT5","gen_lane[1].i_lane/popcount_part_q_o[0][2]_i_9"
"shared_lane_operator","LUT5","gen_lane[1].i_lane/popcount_part_q_o[0][3]_i_1__0"
"shared_lane_operator","LUT5","gen_lane[1].i_lane/popcount_part_q_o[0][4]_i_1__0"
"shared_lane_operator","LUT5","gen_lane[1].i_lane/popcount_part_q_o[0][5]_i_10"
"shared_lane_operator","LUT5","gen_lane[1].i_lane/popcount_part_q_o[0][5]_i_11"
"shared_lane_operator","LUT3","gen_lane[1].i_lane/popcount_part_q_o[0][5]_i_12"
"shared_lane_operator","LUT6","gen_lane[1].i_lane/popcount_part_q_o[0][5]_i_13"
"shared_lane_operator","LUT3","gen_lane[1].i_lane/popcount_part_q_o[0][5]_i_14"
"shared_lane_operator","LUT3","gen_lane[1].i_lane/popcount_part_q_o[0][5]_i_15"
"shared_lane_operator","LUT3","gen_lane[1].i_lane/popcount_part_q_o[0][5]_i_16"
"shared_lane_operator","LUT3","gen_lane[1].i_lane/popcount_part_q_o[0][5]_i_17"
"shared_lane_operator","LUT3","gen_lane[1].i_lane/popcount_part_q_o[0][5]_i_18"
"shared_lane_operator","LUT3","gen_lane[1].i_lane/popcount_part_q_o[0][5]_i_19"
"shared_lane_operator","LUT5","gen_lane[1].i_lane/popcount_part_q_o[0][5]_i_1__0"
"shared_lane_operator","LUT5","gen_lane[1].i_lane/popcount_part_q_o[0][5]_i_2"
"shared_lane_operator","LUT5","gen_lane[1].i_lane/popcount_part_q_o[0][5]_i_20"
"shared_lane_operator","LUT5","gen_lane[1].i_lane/popcount_part_q_o[0][5]_i_3__0"
"shared_lane_operator","LUT3","gen_lane[1].i_lane/popcount_part_q_o[0][5]_i_4"
"shared_lane_operator","LUT5","gen_lane[1].i_lane/popcount_part_q_o[0][5]_i_5__0"
"shared_lane_operator","LUT6","gen_lane[1].i_lane/popcount_part_q_o[0][5]_i_6"
"shared_lane_operator","LUT5","gen_lane[1].i_lane/popcount_part_q_o[0][5]_i_7"
"shared_lane_operator","LUT5","gen_lane[1].i_lane/popcount_part_q_o[0][5]_i_8"
"shared_lane_operator","LUT5","gen_lane[1].i_lane/popcount_part_q_o[0][5]_i_9"
"shared_lane_operator","LUT6","gen_lane[1].i_lane/popcount_part_q_o[1][0]_i_1"
"shared_lane_operator","LUT3","gen_lane[1].i_lane/popcount_part_q_o[1][0]_i_2"
"shared_lane_operator","LUT3","gen_lane[1].i_lane/popcount_part_q_o[1][0]_i_3"
"shared_lane_operator","LUT3","gen_lane[1].i_lane/popcount_part_q_o[1][0]_i_4"
"shared_lane_operator","LUT3","gen_lane[1].i_lane/popcount_part_q_o[1][1]_i_1"
"shared_lane_operator","LUT5","gen_lane[1].i_lane/popcount_part_q_o[1][2]_i_10"
"shared_lane_operator","LUT5","gen_lane[1].i_lane/popcount_part_q_o[1][2]_i_11"
"shared_lane_operator","LUT5","gen_lane[1].i_lane/popcount_part_q_o[1][2]_i_12"
"shared_lane_operator","LUT6","gen_lane[1].i_lane/popcount_part_q_o[1][2]_i_13"
"shared_lane_operator","LUT3","gen_lane[1].i_lane/popcount_part_q_o[1][2]_i_14"
"shared_lane_operator","LUT3","gen_lane[1].i_lane/popcount_part_q_o[1][2]_i_15"
"shared_lane_operator","LUT3","gen_lane[1].i_lane/popcount_part_q_o[1][2]_i_16"
"shared_lane_operator","LUT3","gen_lane[1].i_lane/popcount_part_q_o[1][2]_i_17"
"shared_lane_operator","LUT6","gen_lane[1].i_lane/popcount_part_q_o[1][2]_i_1__0"
"shared_lane_operator","LUT6","gen_lane[1].i_lane/popcount_part_q_o[1][2]_i_2"
"shared_lane_operator","LUT3","gen_lane[1].i_lane/popcount_part_q_o[1][2]_i_3"
"shared_lane_operator","LUT5","gen_lane[1].i_lane/popcount_part_q_o[1][2]_i_4__0"
"shared_lane_operator","LUT5","gen_lane[1].i_lane/popcount_part_q_o[1][2]_i_5__0"
"shared_lane_operator","LUT5","gen_lane[1].i_lane/popcount_part_q_o[1][2]_i_6"
"shared_lane_operator","LUT5","gen_lane[1].i_lane/popcount_part_q_o[1][2]_i_7"
"shared_lane_operator","LUT5","gen_lane[1].i_lane/popcount_part_q_o[1][2]_i_8"
"shared_lane_operator","LUT5","gen_lane[1].i_lane/popcount_part_q_o[1][2]_i_9"
"shared_lane_operator","LUT5","gen_lane[1].i_lane/popcount_part_q_o[1][3]_i_1__0"
"shared_lane_operator","LUT5","gen_lane[1].i_lane/popcount_part_q_o[1][4]_i_1__0"
"shared_lane_operator","LUT5","gen_lane[1].i_lane/popcount_part_q_o[1][5]_i_10"
"shared_lane_operator","LUT5","gen_lane[1].i_lane/popcount_part_q_o[1][5]_i_11"
"shared_lane_operator","LUT3","gen_lane[1].i_lane/popcount_part_q_o[1][5]_i_12"
"shared_lane_operator","LUT6","gen_lane[1].i_lane/popcount_part_q_o[1][5]_i_13"
"shared_lane_operator","LUT3","gen_lane[1].i_lane/popcount_part_q_o[1][5]_i_14"
"shared_lane_operator","LUT3","gen_lane[1].i_lane/popcount_part_q_o[1][5]_i_15"
"shared_lane_operator","LUT3","gen_lane[1].i_lane/popcount_part_q_o[1][5]_i_16"
"shared_lane_operator","LUT3","gen_lane[1].i_lane/popcount_part_q_o[1][5]_i_17"
"shared_lane_operator","LUT3","gen_lane[1].i_lane/popcount_part_q_o[1][5]_i_18"
"shared_lane_operator","LUT3","gen_lane[1].i_lane/popcount_part_q_o[1][5]_i_19"
"shared_lane_operator","LUT5","gen_lane[1].i_lane/popcount_part_q_o[1][5]_i_1__0"
"shared_lane_operator","LUT5","gen_lane[1].i_lane/popcount_part_q_o[1][5]_i_2"
"shared_lane_operator","LUT5","gen_lane[1].i_lane/popcount_part_q_o[1][5]_i_20"
"shared_lane_operator","LUT5","gen_lane[1].i_lane/popcount_part_q_o[1][5]_i_3__0"
"shared_lane_operator","LUT3","gen_lane[1].i_lane/popcount_part_q_o[1][5]_i_4"
"shared_lane_operator","LUT5","gen_lane[1].i_lane/popcount_part_q_o[1][5]_i_5__0"
"shared_lane_operator","LUT6","gen_lane[1].i_lane/popcount_part_q_o[1][5]_i_6"
"shared_lane_operator","LUT5","gen_lane[1].i_lane/popcount_part_q_o[1][5]_i_7"
"shared_lane_operator","LUT5","gen_lane[1].i_lane/popcount_part_q_o[1][5]_i_8"
"shared_lane_operator","LUT5","gen_lane[1].i_lane/popcount_part_q_o[1][5]_i_9"
"shared_lane_operator","FDCE","gen_lane[1].i_lane/popcount_part_q_o_reg[0][0]"
"shared_lane_operator","FDCE","gen_lane[1].i_lane/popcount_part_q_o_reg[0][1]"
"shared_lane_operator","FDCE","gen_lane[1].i_lane/popcount_part_q_o_reg[0][2]"
"shared_lane_operator","FDCE","gen_lane[1].i_lane/popcount_part_q_o_reg[0][3]"
"shared_lane_operator","FDCE","gen_lane[1].i_lane/popcount_part_q_o_reg[0][4]"
"shared_lane_operator","FDCE","gen_lane[1].i_lane/popcount_part_q_o_reg[0][5]"
"shared_lane_operator","FDCE","gen_lane[1].i_lane/popcount_part_q_o_reg[1][0]"
"shared_lane_operator","FDCE","gen_lane[1].i_lane/popcount_part_q_o_reg[1][1]"
"shared_lane_operator","FDCE","gen_lane[1].i_lane/popcount_part_q_o_reg[1][2]"
"shared_lane_operator","FDCE","gen_lane[1].i_lane/popcount_part_q_o_reg[1][3]"
"shared_lane_operator","FDCE","gen_lane[1].i_lane/popcount_part_q_o_reg[1][4]"
"shared_lane_operator","FDCE","gen_lane[1].i_lane/popcount_part_q_o_reg[1][5]"
"shared_lane_operator","FDCE","gen_lane[2].i_lane/bool_result_q_reg[0]"
"shared_lane_operator","FDCE","gen_lane[2].i_lane/bool_result_q_reg[10]"
"shared_lane_operator","FDCE","gen_lane[2].i_lane/bool_result_q_reg[11]"
"shared_lane_operator","FDCE","gen_lane[2].i_lane/bool_result_q_reg[12]"
"shared_lane_operator","FDCE","gen_lane[2].i_lane/bool_result_q_reg[13]"
"shared_lane_operator","FDCE","gen_lane[2].i_lane/bool_result_q_reg[14]"
"shared_lane_operator","FDCE","gen_lane[2].i_lane/bool_result_q_reg[15]"
"shared_lane_operator","FDCE","gen_lane[2].i_lane/bool_result_q_reg[16]"
"shared_lane_operator","FDCE","gen_lane[2].i_lane/bool_result_q_reg[17]"
"shared_lane_operator","FDCE","gen_lane[2].i_lane/bool_result_q_reg[18]"
"shared_lane_operator","FDCE","gen_lane[2].i_lane/bool_result_q_reg[19]"
"shared_lane_operator","FDCE","gen_lane[2].i_lane/bool_result_q_reg[1]"
"shared_lane_operator","FDCE","gen_lane[2].i_lane/bool_result_q_reg[20]"
"shared_lane_operator","FDCE","gen_lane[2].i_lane/bool_result_q_reg[21]"
"shared_lane_operator","FDCE","gen_lane[2].i_lane/bool_result_q_reg[22]"
"shared_lane_operator","FDCE","gen_lane[2].i_lane/bool_result_q_reg[23]"
"shared_lane_operator","FDCE","gen_lane[2].i_lane/bool_result_q_reg[24]"
"shared_lane_operator","FDCE","gen_lane[2].i_lane/bool_result_q_reg[25]"
"shared_lane_operator","FDCE","gen_lane[2].i_lane/bool_result_q_reg[26]"
"shared_lane_operator","FDCE","gen_lane[2].i_lane/bool_result_q_reg[27]"
"shared_lane_operator","FDCE","gen_lane[2].i_lane/bool_result_q_reg[28]"
"shared_lane_operator","FDCE","gen_lane[2].i_lane/bool_result_q_reg[29]"
"shared_lane_operator","FDCE","gen_lane[2].i_lane/bool_result_q_reg[2]"
"shared_lane_operator","FDCE","gen_lane[2].i_lane/bool_result_q_reg[30]"
"shared_lane_operator","FDCE","gen_lane[2].i_lane/bool_result_q_reg[31]"
"shared_lane_operator","FDCE","gen_lane[2].i_lane/bool_result_q_reg[32]"
"shared_lane_operator","FDCE","gen_lane[2].i_lane/bool_result_q_reg[33]"
"shared_lane_operator","FDCE","gen_lane[2].i_lane/bool_result_q_reg[34]"
"shared_lane_operator","FDCE","gen_lane[2].i_lane/bool_result_q_reg[35]"
"shared_lane_operator","FDCE","gen_lane[2].i_lane/bool_result_q_reg[36]"
"shared_lane_operator","FDCE","gen_lane[2].i_lane/bool_result_q_reg[37]"
"shared_lane_operator","FDCE","gen_lane[2].i_lane/bool_result_q_reg[38]"
"shared_lane_operator","FDCE","gen_lane[2].i_lane/bool_result_q_reg[39]"
"shared_lane_operator","FDCE","gen_lane[2].i_lane/bool_result_q_reg[3]"
"shared_lane_operator","FDCE","gen_lane[2].i_lane/bool_result_q_reg[40]"
"shared_lane_operator","FDCE","gen_lane[2].i_lane/bool_result_q_reg[41]"
"shared_lane_operator","FDCE","gen_lane[2].i_lane/bool_result_q_reg[42]"
"shared_lane_operator","FDCE","gen_lane[2].i_lane/bool_result_q_reg[43]"
"shared_lane_operator","FDCE","gen_lane[2].i_lane/bool_result_q_reg[44]"
"shared_lane_operator","FDCE","gen_lane[2].i_lane/bool_result_q_reg[45]"
"shared_lane_operator","FDCE","gen_lane[2].i_lane/bool_result_q_reg[46]"
"shared_lane_operator","FDCE","gen_lane[2].i_lane/bool_result_q_reg[47]"
"shared_lane_operator","FDCE","gen_lane[2].i_lane/bool_result_q_reg[48]"
"shared_lane_operator","FDCE","gen_lane[2].i_lane/bool_result_q_reg[49]"
"shared_lane_operator","FDCE","gen_lane[2].i_lane/bool_result_q_reg[4]"
"shared_lane_operator","FDCE","gen_lane[2].i_lane/bool_result_q_reg[50]"
"shared_lane_operator","FDCE","gen_lane[2].i_lane/bool_result_q_reg[51]"
"shared_lane_operator","FDCE","gen_lane[2].i_lane/bool_result_q_reg[52]"
"shared_lane_operator","FDCE","gen_lane[2].i_lane/bool_result_q_reg[53]"
"shared_lane_operator","FDCE","gen_lane[2].i_lane/bool_result_q_reg[54]"
"shared_lane_operator","FDCE","gen_lane[2].i_lane/bool_result_q_reg[55]"
"shared_lane_operator","FDCE","gen_lane[2].i_lane/bool_result_q_reg[56]"
"shared_lane_operator","FDCE","gen_lane[2].i_lane/bool_result_q_reg[57]"
"shared_lane_operator","FDCE","gen_lane[2].i_lane/bool_result_q_reg[58]"
"shared_lane_operator","FDCE","gen_lane[2].i_lane/bool_result_q_reg[59]"
"shared_lane_operator","FDCE","gen_lane[2].i_lane/bool_result_q_reg[5]"
"shared_lane_operator","FDCE","gen_lane[2].i_lane/bool_result_q_reg[60]"
"shared_lane_operator","FDCE","gen_lane[2].i_lane/bool_result_q_reg[61]"
"shared_lane_operator","FDCE","gen_lane[2].i_lane/bool_result_q_reg[62]"
"shared_lane_operator","FDCE","gen_lane[2].i_lane/bool_result_q_reg[63]"
"shared_lane_operator","FDCE","gen_lane[2].i_lane/bool_result_q_reg[6]"
"shared_lane_operator","FDCE","gen_lane[2].i_lane/bool_result_q_reg[7]"
"shared_lane_operator","FDCE","gen_lane[2].i_lane/bool_result_q_reg[8]"
"shared_lane_operator","FDCE","gen_lane[2].i_lane/bool_result_q_reg[9]"
"shared_lane_operator","LUT5","gen_lane[2].i_lane/gen_bank[2].vrf_mem_reg_i_1"
"shared_lane_operator","LUT6","gen_lane[2].i_lane/gen_bank[2].vrf_mem_reg_i_10"
"shared_lane_operator","LUT6","gen_lane[2].i_lane/gen_bank[2].vrf_mem_reg_i_101"
"shared_lane_operator","LUT6","gen_lane[2].i_lane/gen_bank[2].vrf_mem_reg_i_103"
"shared_lane_operator","LUT6","gen_lane[2].i_lane/gen_bank[2].vrf_mem_reg_i_105"
"shared_lane_operator","LUT6","gen_lane[2].i_lane/gen_bank[2].vrf_mem_reg_i_107"
"shared_lane_operator","LUT6","gen_lane[2].i_lane/gen_bank[2].vrf_mem_reg_i_109"
"shared_lane_operator","LUT5","gen_lane[2].i_lane/gen_bank[2].vrf_mem_reg_i_11"
"shared_lane_operator","LUT6","gen_lane[2].i_lane/gen_bank[2].vrf_mem_reg_i_111"
"shared_lane_operator","LUT6","gen_lane[2].i_lane/gen_bank[2].vrf_mem_reg_i_113"
"shared_lane_operator","LUT6","gen_lane[2].i_lane/gen_bank[2].vrf_mem_reg_i_115"
"shared_lane_operator","LUT6","gen_lane[2].i_lane/gen_bank[2].vrf_mem_reg_i_117"
"shared_lane_operator","LUT6","gen_lane[2].i_lane/gen_bank[2].vrf_mem_reg_i_119"
"shared_lane_operator","LUT6","gen_lane[2].i_lane/gen_bank[2].vrf_mem_reg_i_12"
"shared_lane_operator","LUT6","gen_lane[2].i_lane/gen_bank[2].vrf_mem_reg_i_121"
"shared_lane_operator","LUT6","gen_lane[2].i_lane/gen_bank[2].vrf_mem_reg_i_123"
"shared_lane_operator","LUT6","gen_lane[2].i_lane/gen_bank[2].vrf_mem_reg_i_125"
"shared_lane_operator","LUT6","gen_lane[2].i_lane/gen_bank[2].vrf_mem_reg_i_127"
"shared_lane_operator","LUT6","gen_lane[2].i_lane/gen_bank[2].vrf_mem_reg_i_129"
"shared_lane_operator","LUT5","gen_lane[2].i_lane/gen_bank[2].vrf_mem_reg_i_13"
"shared_lane_operator","LUT6","gen_lane[2].i_lane/gen_bank[2].vrf_mem_reg_i_131"
"shared_lane_operator","LUT6","gen_lane[2].i_lane/gen_bank[2].vrf_mem_reg_i_133"
"shared_lane_operator","LUT6","gen_lane[2].i_lane/gen_bank[2].vrf_mem_reg_i_135"
"shared_lane_operator","LUT6","gen_lane[2].i_lane/gen_bank[2].vrf_mem_reg_i_137"
"shared_lane_operator","LUT6","gen_lane[2].i_lane/gen_bank[2].vrf_mem_reg_i_139"
"shared_lane_operator","LUT6","gen_lane[2].i_lane/gen_bank[2].vrf_mem_reg_i_141"
"shared_lane_operator","LUT6","gen_lane[2].i_lane/gen_bank[2].vrf_mem_reg_i_143"
"shared_lane_operator","LUT6","gen_lane[2].i_lane/gen_bank[2].vrf_mem_reg_i_145"
"shared_lane_operator","LUT6","gen_lane[2].i_lane/gen_bank[2].vrf_mem_reg_i_147"
"shared_lane_operator","LUT6","gen_lane[2].i_lane/gen_bank[2].vrf_mem_reg_i_149"
"shared_lane_operator","LUT5","gen_lane[2].i_lane/gen_bank[2].vrf_mem_reg_i_15"
"shared_lane_operator","LUT6","gen_lane[2].i_lane/gen_bank[2].vrf_mem_reg_i_151"
"shared_lane_operator","LUT6","gen_lane[2].i_lane/gen_bank[2].vrf_mem_reg_i_153"
"shared_lane_operator","LUT6","gen_lane[2].i_lane/gen_bank[2].vrf_mem_reg_i_155"
"shared_lane_operator","LUT6","gen_lane[2].i_lane/gen_bank[2].vrf_mem_reg_i_157"
"shared_lane_operator","LUT6","gen_lane[2].i_lane/gen_bank[2].vrf_mem_reg_i_159"
"shared_lane_operator","LUT6","gen_lane[2].i_lane/gen_bank[2].vrf_mem_reg_i_161"
"shared_lane_operator","LUT6","gen_lane[2].i_lane/gen_bank[2].vrf_mem_reg_i_163"
"shared_lane_operator","LUT6","gen_lane[2].i_lane/gen_bank[2].vrf_mem_reg_i_165"
"shared_lane_operator","LUT6","gen_lane[2].i_lane/gen_bank[2].vrf_mem_reg_i_167"
"shared_lane_operator","LUT6","gen_lane[2].i_lane/gen_bank[2].vrf_mem_reg_i_169"
"shared_lane_operator","LUT5","gen_lane[2].i_lane/gen_bank[2].vrf_mem_reg_i_17"
"shared_lane_operator","LUT6","gen_lane[2].i_lane/gen_bank[2].vrf_mem_reg_i_171"
"shared_lane_operator","LUT6","gen_lane[2].i_lane/gen_bank[2].vrf_mem_reg_i_173"
"shared_lane_operator","LUT6","gen_lane[2].i_lane/gen_bank[2].vrf_mem_reg_i_175"
"shared_lane_operator","LUT6","gen_lane[2].i_lane/gen_bank[2].vrf_mem_reg_i_177"
"shared_lane_operator","LUT6","gen_lane[2].i_lane/gen_bank[2].vrf_mem_reg_i_179"
"shared_lane_operator","LUT6","gen_lane[2].i_lane/gen_bank[2].vrf_mem_reg_i_18"
"shared_lane_operator","LUT6","gen_lane[2].i_lane/gen_bank[2].vrf_mem_reg_i_181"
"shared_lane_operator","LUT6","gen_lane[2].i_lane/gen_bank[2].vrf_mem_reg_i_183"
"shared_lane_operator","LUT6","gen_lane[2].i_lane/gen_bank[2].vrf_mem_reg_i_185"
"shared_lane_operator","LUT6","gen_lane[2].i_lane/gen_bank[2].vrf_mem_reg_i_187"
"shared_lane_operator","LUT6","gen_lane[2].i_lane/gen_bank[2].vrf_mem_reg_i_189"
"shared_lane_operator","LUT5","gen_lane[2].i_lane/gen_bank[2].vrf_mem_reg_i_19"
"shared_lane_operator","LUT6","gen_lane[2].i_lane/gen_bank[2].vrf_mem_reg_i_191"
"shared_lane_operator","LUT6","gen_lane[2].i_lane/gen_bank[2].vrf_mem_reg_i_193"
"shared_lane_operator","LUT6","gen_lane[2].i_lane/gen_bank[2].vrf_mem_reg_i_20"
"shared_lane_operator","LUT3","gen_lane[2].i_lane/gen_bank[2].vrf_mem_reg_i_21"
"shared_lane_operator","LUT5","gen_lane[2].i_lane/gen_bank[2].vrf_mem_reg_i_23"
"shared_lane_operator","LUT6","gen_lane[2].i_lane/gen_bank[2].vrf_mem_reg_i_24"
"shared_lane_operator","LUT5","gen_lane[2].i_lane/gen_bank[2].vrf_mem_reg_i_25"
"shared_lane_operator","LUT6","gen_lane[2].i_lane/gen_bank[2].vrf_mem_reg_i_26"
"shared_lane_operator","LUT5","gen_lane[2].i_lane/gen_bank[2].vrf_mem_reg_i_27"
"shared_lane_operator","LUT6","gen_lane[2].i_lane/gen_bank[2].vrf_mem_reg_i_28"
"shared_lane_operator","LUT5","gen_lane[2].i_lane/gen_bank[2].vrf_mem_reg_i_29"
"shared_lane_operator","LUT5","gen_lane[2].i_lane/gen_bank[2].vrf_mem_reg_i_3"
"shared_lane_operator","LUT6","gen_lane[2].i_lane/gen_bank[2].vrf_mem_reg_i_30"
"shared_lane_operator","LUT5","gen_lane[2].i_lane/gen_bank[2].vrf_mem_reg_i_31"
"shared_lane_operator","LUT6","gen_lane[2].i_lane/gen_bank[2].vrf_mem_reg_i_32"
"shared_lane_operator","LUT5","gen_lane[2].i_lane/gen_bank[2].vrf_mem_reg_i_33"
"shared_lane_operator","LUT6","gen_lane[2].i_lane/gen_bank[2].vrf_mem_reg_i_34"
"shared_lane_operator","LUT5","gen_lane[2].i_lane/gen_bank[2].vrf_mem_reg_i_35"
"shared_lane_operator","LUT6","gen_lane[2].i_lane/gen_bank[2].vrf_mem_reg_i_36"
"shared_lane_operator","LUT5","gen_lane[2].i_lane/gen_bank[2].vrf_mem_reg_i_37"
"shared_lane_operator","LUT6","gen_lane[2].i_lane/gen_bank[2].vrf_mem_reg_i_38"
"shared_lane_operator","LUT5","gen_lane[2].i_lane/gen_bank[2].vrf_mem_reg_i_39"
"shared_lane_operator","LUT6","gen_lane[2].i_lane/gen_bank[2].vrf_mem_reg_i_4"
"shared_lane_operator","LUT6","gen_lane[2].i_lane/gen_bank[2].vrf_mem_reg_i_40"
"shared_lane_operator","LUT5","gen_lane[2].i_lane/gen_bank[2].vrf_mem_reg_i_41"
"shared_lane_operator","LUT6","gen_lane[2].i_lane/gen_bank[2].vrf_mem_reg_i_42"
"shared_lane_operator","LUT5","gen_lane[2].i_lane/gen_bank[2].vrf_mem_reg_i_43"
"shared_lane_operator","LUT6","gen_lane[2].i_lane/gen_bank[2].vrf_mem_reg_i_44"
"shared_lane_operator","LUT5","gen_lane[2].i_lane/gen_bank[2].vrf_mem_reg_i_45"
"shared_lane_operator","LUT5","gen_lane[2].i_lane/gen_bank[2].vrf_mem_reg_i_47"
"shared_lane_operator","LUT3","gen_lane[2].i_lane/gen_bank[2].vrf_mem_reg_i_49"
"shared_lane_operator","LUT5","gen_lane[2].i_lane/gen_bank[2].vrf_mem_reg_i_5"
"shared_lane_operator","LUT6","gen_lane[2].i_lane/gen_bank[2].vrf_mem_reg_i_50"
"shared_lane_operator","LUT5","gen_lane[2].i_lane/gen_bank[2].vrf_mem_reg_i_51"
"shared_lane_operator","LUT6","gen_lane[2].i_lane/gen_bank[2].vrf_mem_reg_i_52"
"shared_lane_operator","LUT5","gen_lane[2].i_lane/gen_bank[2].vrf_mem_reg_i_53"
"shared_lane_operator","LUT5","gen_lane[2].i_lane/gen_bank[2].vrf_mem_reg_i_55"
"shared_lane_operator","LUT6","gen_lane[2].i_lane/gen_bank[2].vrf_mem_reg_i_56"
"shared_lane_operator","LUT3","gen_lane[2].i_lane/gen_bank[2].vrf_mem_reg_i_57"
"shared_lane_operator","LUT6","gen_lane[2].i_lane/gen_bank[2].vrf_mem_reg_i_58"
"shared_lane_operator","LUT5","gen_lane[2].i_lane/gen_bank[2].vrf_mem_reg_i_59"
"shared_lane_operator","LUT6","gen_lane[2].i_lane/gen_bank[2].vrf_mem_reg_i_6"
"shared_lane_operator","LUT6","gen_lane[2].i_lane/gen_bank[2].vrf_mem_reg_i_60"
"shared_lane_operator","LUT3","gen_lane[2].i_lane/gen_bank[2].vrf_mem_reg_i_61"
"shared_lane_operator","LUT5","gen_lane[2].i_lane/gen_bank[2].vrf_mem_reg_i_63"
"shared_lane_operator","LUT6","gen_lane[2].i_lane/gen_bank[2].vrf_mem_reg_i_64"
"shared_lane_operator","LUT6","gen_lane[2].i_lane/gen_bank[2].vrf_mem_reg_i_66"
"shared_lane_operator","LUT6","gen_lane[2].i_lane/gen_bank[2].vrf_mem_reg_i_69"
"shared_lane_operator","LUT5","gen_lane[2].i_lane/gen_bank[2].vrf_mem_reg_i_7"
"shared_lane_operator","LUT6","gen_lane[2].i_lane/gen_bank[2].vrf_mem_reg_i_71"
"shared_lane_operator","LUT6","gen_lane[2].i_lane/gen_bank[2].vrf_mem_reg_i_73"
"shared_lane_operator","LUT6","gen_lane[2].i_lane/gen_bank[2].vrf_mem_reg_i_75"
"shared_lane_operator","LUT6","gen_lane[2].i_lane/gen_bank[2].vrf_mem_reg_i_77"
"shared_lane_operator","LUT6","gen_lane[2].i_lane/gen_bank[2].vrf_mem_reg_i_79"
"shared_lane_operator","LUT6","gen_lane[2].i_lane/gen_bank[2].vrf_mem_reg_i_8"
"shared_lane_operator","LUT6","gen_lane[2].i_lane/gen_bank[2].vrf_mem_reg_i_81"
"shared_lane_operator","LUT6","gen_lane[2].i_lane/gen_bank[2].vrf_mem_reg_i_83"
"shared_lane_operator","LUT6","gen_lane[2].i_lane/gen_bank[2].vrf_mem_reg_i_85"
"shared_lane_operator","LUT6","gen_lane[2].i_lane/gen_bank[2].vrf_mem_reg_i_87"
"shared_lane_operator","LUT6","gen_lane[2].i_lane/gen_bank[2].vrf_mem_reg_i_89"
"shared_lane_operator","LUT5","gen_lane[2].i_lane/gen_bank[2].vrf_mem_reg_i_9"
"shared_lane_operator","LUT6","gen_lane[2].i_lane/gen_bank[2].vrf_mem_reg_i_91"
"shared_lane_operator","LUT6","gen_lane[2].i_lane/gen_bank[2].vrf_mem_reg_i_93"
"shared_lane_operator","LUT6","gen_lane[2].i_lane/gen_bank[2].vrf_mem_reg_i_95"
"shared_lane_operator","LUT6","gen_lane[2].i_lane/gen_bank[2].vrf_mem_reg_i_97"
"shared_lane_operator","LUT6","gen_lane[2].i_lane/gen_bank[2].vrf_mem_reg_i_99"
"shared_lane_operator","LUT3","gen_lane[2].i_lane/group_dist_q[7]_i_15"
"shared_lane_operator","LUT5","gen_lane[2].i_lane/group_dist_q[7]_i_2"
"shared_lane_operator","LUT3","gen_lane[2].i_lane/group_dist_q[7]_i_23"
"shared_lane_operator","LUT3","gen_lane[2].i_lane/group_dist_q[7]_i_24"
"shared_lane_operator","LUT3","gen_lane[2].i_lane/group_dist_q[7]_i_25"
"shared_lane_operator","LUT6","gen_lane[2].i_lane/group_dist_q[7]_i_26"
"shared_lane_operator","LUT6","gen_lane[2].i_lane/group_dist_q[7]_i_27"
"shared_lane_operator","LUT6","gen_lane[2].i_lane/group_dist_q[7]_i_28"
"shared_lane_operator","LUT3","gen_lane[2].i_lane/group_dist_q[7]_i_29"
"shared_lane_operator","LUT5","gen_lane[2].i_lane/group_dist_q[7]_i_6"
"shared_lane_operator","LUT6","gen_lane[2].i_lane/group_dist_q[8]_i_10"
"shared_lane_operator","LUT2","gen_lane[2].i_lane/group_dist_q[8]_i_3"
"shared_lane_operator","LUT3","gen_lane[2].i_lane/group_dist_q[8]_i_6"
"shared_lane_operator","LUT3","gen_lane[2].i_lane/group_dist_q[8]_i_7"
"shared_lane_operator","LUT3","gen_lane[2].i_lane/group_dist_q[8]_i_8"
"shared_lane_operator","LUT6","gen_lane[2].i_lane/group_dist_q[8]_i_9"
"shared_lane_operator","CARRY4","gen_lane[2].i_lane/group_dist_q_reg[7]_i_13"
"shared_lane_operator","CARRY4","gen_lane[2].i_lane/group_dist_q_reg[8]_i_4"
"shared_lane_operator","LUT6","gen_lane[2].i_lane/popcount_part_q_o[0][0]_i_1"
"shared_lane_operator","LUT3","gen_lane[2].i_lane/popcount_part_q_o[0][0]_i_2"
"shared_lane_operator","LUT3","gen_lane[2].i_lane/popcount_part_q_o[0][0]_i_3"
"shared_lane_operator","LUT3","gen_lane[2].i_lane/popcount_part_q_o[0][0]_i_4"
"shared_lane_operator","LUT3","gen_lane[2].i_lane/popcount_part_q_o[0][1]_i_1"
"shared_lane_operator","LUT5","gen_lane[2].i_lane/popcount_part_q_o[0][2]_i_10"
"shared_lane_operator","LUT5","gen_lane[2].i_lane/popcount_part_q_o[0][2]_i_11"
"shared_lane_operator","LUT5","gen_lane[2].i_lane/popcount_part_q_o[0][2]_i_12"
"shared_lane_operator","LUT6","gen_lane[2].i_lane/popcount_part_q_o[0][2]_i_13"
"shared_lane_operator","LUT3","gen_lane[2].i_lane/popcount_part_q_o[0][2]_i_14"
"shared_lane_operator","LUT3","gen_lane[2].i_lane/popcount_part_q_o[0][2]_i_15"
"shared_lane_operator","LUT3","gen_lane[2].i_lane/popcount_part_q_o[0][2]_i_16"
"shared_lane_operator","LUT3","gen_lane[2].i_lane/popcount_part_q_o[0][2]_i_17"
"shared_lane_operator","LUT6","gen_lane[2].i_lane/popcount_part_q_o[0][2]_i_1__1"
"shared_lane_operator","LUT6","gen_lane[2].i_lane/popcount_part_q_o[0][2]_i_2"
"shared_lane_operator","LUT3","gen_lane[2].i_lane/popcount_part_q_o[0][2]_i_3"
"shared_lane_operator","LUT5","gen_lane[2].i_lane/popcount_part_q_o[0][2]_i_4__1"
"shared_lane_operator","LUT5","gen_lane[2].i_lane/popcount_part_q_o[0][2]_i_5__1"
"shared_lane_operator","LUT5","gen_lane[2].i_lane/popcount_part_q_o[0][2]_i_6"
"shared_lane_operator","LUT5","gen_lane[2].i_lane/popcount_part_q_o[0][2]_i_7"
"shared_lane_operator","LUT5","gen_lane[2].i_lane/popcount_part_q_o[0][2]_i_8"
"shared_lane_operator","LUT5","gen_lane[2].i_lane/popcount_part_q_o[0][2]_i_9"
"shared_lane_operator","LUT5","gen_lane[2].i_lane/popcount_part_q_o[0][3]_i_1__1"
"shared_lane_operator","LUT5","gen_lane[2].i_lane/popcount_part_q_o[0][4]_i_1__1"
"shared_lane_operator","LUT5","gen_lane[2].i_lane/popcount_part_q_o[0][5]_i_10"
"shared_lane_operator","LUT5","gen_lane[2].i_lane/popcount_part_q_o[0][5]_i_11"
"shared_lane_operator","LUT3","gen_lane[2].i_lane/popcount_part_q_o[0][5]_i_12"
"shared_lane_operator","LUT6","gen_lane[2].i_lane/popcount_part_q_o[0][5]_i_13"
"shared_lane_operator","LUT3","gen_lane[2].i_lane/popcount_part_q_o[0][5]_i_14"
"shared_lane_operator","LUT3","gen_lane[2].i_lane/popcount_part_q_o[0][5]_i_15"
"shared_lane_operator","LUT3","gen_lane[2].i_lane/popcount_part_q_o[0][5]_i_16"
"shared_lane_operator","LUT3","gen_lane[2].i_lane/popcount_part_q_o[0][5]_i_17"
"shared_lane_operator","LUT3","gen_lane[2].i_lane/popcount_part_q_o[0][5]_i_18"
"shared_lane_operator","LUT3","gen_lane[2].i_lane/popcount_part_q_o[0][5]_i_19"
"shared_lane_operator","LUT5","gen_lane[2].i_lane/popcount_part_q_o[0][5]_i_1__1"
"shared_lane_operator","LUT5","gen_lane[2].i_lane/popcount_part_q_o[0][5]_i_2"
"shared_lane_operator","LUT5","gen_lane[2].i_lane/popcount_part_q_o[0][5]_i_20"
"shared_lane_operator","LUT5","gen_lane[2].i_lane/popcount_part_q_o[0][5]_i_3__1"
"shared_lane_operator","LUT3","gen_lane[2].i_lane/popcount_part_q_o[0][5]_i_4"
"shared_lane_operator","LUT5","gen_lane[2].i_lane/popcount_part_q_o[0][5]_i_5__1"
"shared_lane_operator","LUT6","gen_lane[2].i_lane/popcount_part_q_o[0][5]_i_6"
"shared_lane_operator","LUT5","gen_lane[2].i_lane/popcount_part_q_o[0][5]_i_7"
"shared_lane_operator","LUT5","gen_lane[2].i_lane/popcount_part_q_o[0][5]_i_8"
"shared_lane_operator","LUT5","gen_lane[2].i_lane/popcount_part_q_o[0][5]_i_9"
"shared_lane_operator","LUT6","gen_lane[2].i_lane/popcount_part_q_o[1][0]_i_1"
"shared_lane_operator","LUT3","gen_lane[2].i_lane/popcount_part_q_o[1][0]_i_2"
"shared_lane_operator","LUT3","gen_lane[2].i_lane/popcount_part_q_o[1][0]_i_3"
"shared_lane_operator","LUT3","gen_lane[2].i_lane/popcount_part_q_o[1][0]_i_4"
"shared_lane_operator","LUT3","gen_lane[2].i_lane/popcount_part_q_o[1][1]_i_1"
"shared_lane_operator","LUT5","gen_lane[2].i_lane/popcount_part_q_o[1][2]_i_10"
"shared_lane_operator","LUT5","gen_lane[2].i_lane/popcount_part_q_o[1][2]_i_11"
"shared_lane_operator","LUT5","gen_lane[2].i_lane/popcount_part_q_o[1][2]_i_12"
"shared_lane_operator","LUT6","gen_lane[2].i_lane/popcount_part_q_o[1][2]_i_13"
"shared_lane_operator","LUT3","gen_lane[2].i_lane/popcount_part_q_o[1][2]_i_14"
"shared_lane_operator","LUT3","gen_lane[2].i_lane/popcount_part_q_o[1][2]_i_15"
"shared_lane_operator","LUT3","gen_lane[2].i_lane/popcount_part_q_o[1][2]_i_16"
"shared_lane_operator","LUT3","gen_lane[2].i_lane/popcount_part_q_o[1][2]_i_17"
"shared_lane_operator","LUT6","gen_lane[2].i_lane/popcount_part_q_o[1][2]_i_1__1"
"shared_lane_operator","LUT6","gen_lane[2].i_lane/popcount_part_q_o[1][2]_i_2"
"shared_lane_operator","LUT3","gen_lane[2].i_lane/popcount_part_q_o[1][2]_i_3"
"shared_lane_operator","LUT5","gen_lane[2].i_lane/popcount_part_q_o[1][2]_i_4__1"
"shared_lane_operator","LUT5","gen_lane[2].i_lane/popcount_part_q_o[1][2]_i_5__1"
"shared_lane_operator","LUT5","gen_lane[2].i_lane/popcount_part_q_o[1][2]_i_6"
"shared_lane_operator","LUT5","gen_lane[2].i_lane/popcount_part_q_o[1][2]_i_7"
"shared_lane_operator","LUT5","gen_lane[2].i_lane/popcount_part_q_o[1][2]_i_8"
"shared_lane_operator","LUT5","gen_lane[2].i_lane/popcount_part_q_o[1][2]_i_9"
"shared_lane_operator","LUT5","gen_lane[2].i_lane/popcount_part_q_o[1][3]_i_1__1"
"shared_lane_operator","LUT5","gen_lane[2].i_lane/popcount_part_q_o[1][4]_i_1__1"
"shared_lane_operator","LUT5","gen_lane[2].i_lane/popcount_part_q_o[1][5]_i_10"
"shared_lane_operator","LUT5","gen_lane[2].i_lane/popcount_part_q_o[1][5]_i_11"
"shared_lane_operator","LUT3","gen_lane[2].i_lane/popcount_part_q_o[1][5]_i_12"
"shared_lane_operator","LUT6","gen_lane[2].i_lane/popcount_part_q_o[1][5]_i_13"
"shared_lane_operator","LUT3","gen_lane[2].i_lane/popcount_part_q_o[1][5]_i_14"
"shared_lane_operator","LUT3","gen_lane[2].i_lane/popcount_part_q_o[1][5]_i_15"
"shared_lane_operator","LUT3","gen_lane[2].i_lane/popcount_part_q_o[1][5]_i_16"
"shared_lane_operator","LUT3","gen_lane[2].i_lane/popcount_part_q_o[1][5]_i_17"
"shared_lane_operator","LUT3","gen_lane[2].i_lane/popcount_part_q_o[1][5]_i_18"
"shared_lane_operator","LUT3","gen_lane[2].i_lane/popcount_part_q_o[1][5]_i_19"
"shared_lane_operator","LUT5","gen_lane[2].i_lane/popcount_part_q_o[1][5]_i_1__1"
"shared_lane_operator","LUT5","gen_lane[2].i_lane/popcount_part_q_o[1][5]_i_2"
"shared_lane_operator","LUT5","gen_lane[2].i_lane/popcount_part_q_o[1][5]_i_20"
"shared_lane_operator","LUT5","gen_lane[2].i_lane/popcount_part_q_o[1][5]_i_3__1"
"shared_lane_operator","LUT3","gen_lane[2].i_lane/popcount_part_q_o[1][5]_i_4"
"shared_lane_operator","LUT5","gen_lane[2].i_lane/popcount_part_q_o[1][5]_i_5__1"
"shared_lane_operator","LUT6","gen_lane[2].i_lane/popcount_part_q_o[1][5]_i_6"
"shared_lane_operator","LUT5","gen_lane[2].i_lane/popcount_part_q_o[1][5]_i_7"
"shared_lane_operator","LUT5","gen_lane[2].i_lane/popcount_part_q_o[1][5]_i_8"
"shared_lane_operator","LUT5","gen_lane[2].i_lane/popcount_part_q_o[1][5]_i_9"
"shared_lane_operator","FDCE","gen_lane[2].i_lane/popcount_part_q_o_reg[0][0]"
"shared_lane_operator","FDCE","gen_lane[2].i_lane/popcount_part_q_o_reg[0][1]"
"shared_lane_operator","FDCE","gen_lane[2].i_lane/popcount_part_q_o_reg[0][2]"
"shared_lane_operator","FDCE","gen_lane[2].i_lane/popcount_part_q_o_reg[0][3]"
"shared_lane_operator","FDCE","gen_lane[2].i_lane/popcount_part_q_o_reg[0][4]"
"shared_lane_operator","FDCE","gen_lane[2].i_lane/popcount_part_q_o_reg[0][5]"
"shared_lane_operator","FDCE","gen_lane[2].i_lane/popcount_part_q_o_reg[1][0]"
"shared_lane_operator","FDCE","gen_lane[2].i_lane/popcount_part_q_o_reg[1][1]"
"shared_lane_operator","FDCE","gen_lane[2].i_lane/popcount_part_q_o_reg[1][2]"
"shared_lane_operator","FDCE","gen_lane[2].i_lane/popcount_part_q_o_reg[1][3]"
"shared_lane_operator","FDCE","gen_lane[2].i_lane/popcount_part_q_o_reg[1][4]"
"shared_lane_operator","FDCE","gen_lane[2].i_lane/popcount_part_q_o_reg[1][5]"
"shared_lane_operator","LUT5","gen_lane[3].i_lane/bool_result_q[63]_i_1__2"
"shared_lane_operator","FDCE","gen_lane[3].i_lane/bool_result_q_reg[0]"
"shared_lane_operator","FDCE","gen_lane[3].i_lane/bool_result_q_reg[10]"
"shared_lane_operator","FDCE","gen_lane[3].i_lane/bool_result_q_reg[11]"
"shared_lane_operator","FDCE","gen_lane[3].i_lane/bool_result_q_reg[12]"
"shared_lane_operator","FDCE","gen_lane[3].i_lane/bool_result_q_reg[13]"
"shared_lane_operator","FDCE","gen_lane[3].i_lane/bool_result_q_reg[14]"
"shared_lane_operator","FDCE","gen_lane[3].i_lane/bool_result_q_reg[15]"
"shared_lane_operator","FDCE","gen_lane[3].i_lane/bool_result_q_reg[16]"
"shared_lane_operator","FDCE","gen_lane[3].i_lane/bool_result_q_reg[17]"
"shared_lane_operator","FDCE","gen_lane[3].i_lane/bool_result_q_reg[18]"
"shared_lane_operator","FDCE","gen_lane[3].i_lane/bool_result_q_reg[19]"
"shared_lane_operator","FDCE","gen_lane[3].i_lane/bool_result_q_reg[1]"
"shared_lane_operator","FDCE","gen_lane[3].i_lane/bool_result_q_reg[20]"
"shared_lane_operator","FDCE","gen_lane[3].i_lane/bool_result_q_reg[21]"
"shared_lane_operator","FDCE","gen_lane[3].i_lane/bool_result_q_reg[22]"
"shared_lane_operator","FDCE","gen_lane[3].i_lane/bool_result_q_reg[23]"
"shared_lane_operator","FDCE","gen_lane[3].i_lane/bool_result_q_reg[24]"
"shared_lane_operator","FDCE","gen_lane[3].i_lane/bool_result_q_reg[25]"
"shared_lane_operator","FDCE","gen_lane[3].i_lane/bool_result_q_reg[26]"
"shared_lane_operator","FDCE","gen_lane[3].i_lane/bool_result_q_reg[27]"
"shared_lane_operator","FDCE","gen_lane[3].i_lane/bool_result_q_reg[28]"
"shared_lane_operator","FDCE","gen_lane[3].i_lane/bool_result_q_reg[29]"
"shared_lane_operator","FDCE","gen_lane[3].i_lane/bool_result_q_reg[2]"
"shared_lane_operator","FDCE","gen_lane[3].i_lane/bool_result_q_reg[30]"
"shared_lane_operator","FDCE","gen_lane[3].i_lane/bool_result_q_reg[31]"
"shared_lane_operator","FDCE","gen_lane[3].i_lane/bool_result_q_reg[32]"
"shared_lane_operator","FDCE","gen_lane[3].i_lane/bool_result_q_reg[33]"
"shared_lane_operator","FDCE","gen_lane[3].i_lane/bool_result_q_reg[34]"
"shared_lane_operator","FDCE","gen_lane[3].i_lane/bool_result_q_reg[35]"
"shared_lane_operator","FDCE","gen_lane[3].i_lane/bool_result_q_reg[36]"
"shared_lane_operator","FDCE","gen_lane[3].i_lane/bool_result_q_reg[37]"
"shared_lane_operator","FDCE","gen_lane[3].i_lane/bool_result_q_reg[38]"
"shared_lane_operator","FDCE","gen_lane[3].i_lane/bool_result_q_reg[39]"
"shared_lane_operator","FDCE","gen_lane[3].i_lane/bool_result_q_reg[3]"
"shared_lane_operator","FDCE","gen_lane[3].i_lane/bool_result_q_reg[40]"
"shared_lane_operator","FDCE","gen_lane[3].i_lane/bool_result_q_reg[41]"
"shared_lane_operator","FDCE","gen_lane[3].i_lane/bool_result_q_reg[42]"
"shared_lane_operator","FDCE","gen_lane[3].i_lane/bool_result_q_reg[43]"
"shared_lane_operator","FDCE","gen_lane[3].i_lane/bool_result_q_reg[44]"
"shared_lane_operator","FDCE","gen_lane[3].i_lane/bool_result_q_reg[45]"
"shared_lane_operator","FDCE","gen_lane[3].i_lane/bool_result_q_reg[46]"
"shared_lane_operator","FDCE","gen_lane[3].i_lane/bool_result_q_reg[47]"
"shared_lane_operator","FDCE","gen_lane[3].i_lane/bool_result_q_reg[48]"
"shared_lane_operator","FDCE","gen_lane[3].i_lane/bool_result_q_reg[49]"
"shared_lane_operator","FDCE","gen_lane[3].i_lane/bool_result_q_reg[4]"
"shared_lane_operator","FDCE","gen_lane[3].i_lane/bool_result_q_reg[50]"
"shared_lane_operator","FDCE","gen_lane[3].i_lane/bool_result_q_reg[51]"
"shared_lane_operator","FDCE","gen_lane[3].i_lane/bool_result_q_reg[52]"
"shared_lane_operator","FDCE","gen_lane[3].i_lane/bool_result_q_reg[53]"
"shared_lane_operator","FDCE","gen_lane[3].i_lane/bool_result_q_reg[54]"
"shared_lane_operator","FDCE","gen_lane[3].i_lane/bool_result_q_reg[55]"
"shared_lane_operator","FDCE","gen_lane[3].i_lane/bool_result_q_reg[56]"
"shared_lane_operator","FDCE","gen_lane[3].i_lane/bool_result_q_reg[57]"
"shared_lane_operator","FDCE","gen_lane[3].i_lane/bool_result_q_reg[58]"
"shared_lane_operator","FDCE","gen_lane[3].i_lane/bool_result_q_reg[59]"
"shared_lane_operator","FDCE","gen_lane[3].i_lane/bool_result_q_reg[5]"
"shared_lane_operator","FDCE","gen_lane[3].i_lane/bool_result_q_reg[60]"
"shared_lane_operator","FDCE","gen_lane[3].i_lane/bool_result_q_reg[61]"
"shared_lane_operator","FDCE","gen_lane[3].i_lane/bool_result_q_reg[62]"
"shared_lane_operator","FDCE","gen_lane[3].i_lane/bool_result_q_reg[63]"
"shared_lane_operator","FDCE","gen_lane[3].i_lane/bool_result_q_reg[6]"
"shared_lane_operator","FDCE","gen_lane[3].i_lane/bool_result_q_reg[7]"
"shared_lane_operator","FDCE","gen_lane[3].i_lane/bool_result_q_reg[8]"
"shared_lane_operator","FDCE","gen_lane[3].i_lane/bool_result_q_reg[9]"
"shared_lane_operator","LUT6","gen_lane[3].i_lane/gen_bank[3].vrf_mem_reg_i_10"
"shared_lane_operator","LUT6","gen_lane[3].i_lane/gen_bank[3].vrf_mem_reg_i_100"
"shared_lane_operator","LUT6","gen_lane[3].i_lane/gen_bank[3].vrf_mem_reg_i_103"
"shared_lane_operator","LUT6","gen_lane[3].i_lane/gen_bank[3].vrf_mem_reg_i_105"
"shared_lane_operator","LUT6","gen_lane[3].i_lane/gen_bank[3].vrf_mem_reg_i_107"
"shared_lane_operator","LUT6","gen_lane[3].i_lane/gen_bank[3].vrf_mem_reg_i_109"
"shared_lane_operator","LUT6","gen_lane[3].i_lane/gen_bank[3].vrf_mem_reg_i_11"
"shared_lane_operator","LUT6","gen_lane[3].i_lane/gen_bank[3].vrf_mem_reg_i_112"
"shared_lane_operator","LUT6","gen_lane[3].i_lane/gen_bank[3].vrf_mem_reg_i_114"
"shared_lane_operator","LUT6","gen_lane[3].i_lane/gen_bank[3].vrf_mem_reg_i_117"
"shared_lane_operator","LUT6","gen_lane[3].i_lane/gen_bank[3].vrf_mem_reg_i_119"
"shared_lane_operator","LUT6","gen_lane[3].i_lane/gen_bank[3].vrf_mem_reg_i_12"
"shared_lane_operator","LUT6","gen_lane[3].i_lane/gen_bank[3].vrf_mem_reg_i_122"
"shared_lane_operator","LUT6","gen_lane[3].i_lane/gen_bank[3].vrf_mem_reg_i_124"
"shared_lane_operator","LUT6","gen_lane[3].i_lane/gen_bank[3].vrf_mem_reg_i_126"
"shared_lane_operator","LUT6","gen_lane[3].i_lane/gen_bank[3].vrf_mem_reg_i_128"
"shared_lane_operator","LUT6","gen_lane[3].i_lane/gen_bank[3].vrf_mem_reg_i_13"
"shared_lane_operator","LUT6","gen_lane[3].i_lane/gen_bank[3].vrf_mem_reg_i_130"
"shared_lane_operator","LUT6","gen_lane[3].i_lane/gen_bank[3].vrf_mem_reg_i_132"
"shared_lane_operator","LUT6","gen_lane[3].i_lane/gen_bank[3].vrf_mem_reg_i_135"
"shared_lane_operator","LUT6","gen_lane[3].i_lane/gen_bank[3].vrf_mem_reg_i_137"
"shared_lane_operator","LUT6","gen_lane[3].i_lane/gen_bank[3].vrf_mem_reg_i_14"
"shared_lane_operator","LUT6","gen_lane[3].i_lane/gen_bank[3].vrf_mem_reg_i_140"
"shared_lane_operator","LUT6","gen_lane[3].i_lane/gen_bank[3].vrf_mem_reg_i_142"
"shared_lane_operator","LUT6","gen_lane[3].i_lane/gen_bank[3].vrf_mem_reg_i_144"
"shared_lane_operator","LUT6","gen_lane[3].i_lane/gen_bank[3].vrf_mem_reg_i_146"
"shared_lane_operator","LUT6","gen_lane[3].i_lane/gen_bank[3].vrf_mem_reg_i_148"
"shared_lane_operator","LUT6","gen_lane[3].i_lane/gen_bank[3].vrf_mem_reg_i_15"
"shared_lane_operator","LUT6","gen_lane[3].i_lane/gen_bank[3].vrf_mem_reg_i_150"
"shared_lane_operator","LUT6","gen_lane[3].i_lane/gen_bank[3].vrf_mem_reg_i_152"
"shared_lane_operator","LUT6","gen_lane[3].i_lane/gen_bank[3].vrf_mem_reg_i_154"
"shared_lane_operator","LUT6","gen_lane[3].i_lane/gen_bank[3].vrf_mem_reg_i_157"
"shared_lane_operator","LUT6","gen_lane[3].i_lane/gen_bank[3].vrf_mem_reg_i_159"
"shared_lane_operator","LUT6","gen_lane[3].i_lane/gen_bank[3].vrf_mem_reg_i_16"
"shared_lane_operator","LUT6","gen_lane[3].i_lane/gen_bank[3].vrf_mem_reg_i_162"
"shared_lane_operator","LUT6","gen_lane[3].i_lane/gen_bank[3].vrf_mem_reg_i_164"
"shared_lane_operator","LUT6","gen_lane[3].i_lane/gen_bank[3].vrf_mem_reg_i_167"
"shared_lane_operator","LUT6","gen_lane[3].i_lane/gen_bank[3].vrf_mem_reg_i_169"
"shared_lane_operator","LUT6","gen_lane[3].i_lane/gen_bank[3].vrf_mem_reg_i_17"
"shared_lane_operator","LUT6","gen_lane[3].i_lane/gen_bank[3].vrf_mem_reg_i_171"
"shared_lane_operator","LUT6","gen_lane[3].i_lane/gen_bank[3].vrf_mem_reg_i_173"
"shared_lane_operator","LUT6","gen_lane[3].i_lane/gen_bank[3].vrf_mem_reg_i_175"
"shared_lane_operator","LUT6","gen_lane[3].i_lane/gen_bank[3].vrf_mem_reg_i_177"
"shared_lane_operator","LUT6","gen_lane[3].i_lane/gen_bank[3].vrf_mem_reg_i_179"
"shared_lane_operator","LUT6","gen_lane[3].i_lane/gen_bank[3].vrf_mem_reg_i_181"
"shared_lane_operator","LUT6","gen_lane[3].i_lane/gen_bank[3].vrf_mem_reg_i_183"
"shared_lane_operator","LUT6","gen_lane[3].i_lane/gen_bank[3].vrf_mem_reg_i_185"
"shared_lane_operator","LUT6","gen_lane[3].i_lane/gen_bank[3].vrf_mem_reg_i_187"
"shared_lane_operator","LUT6","gen_lane[3].i_lane/gen_bank[3].vrf_mem_reg_i_189"
"shared_lane_operator","LUT6","gen_lane[3].i_lane/gen_bank[3].vrf_mem_reg_i_19"
"shared_lane_operator","LUT6","gen_lane[3].i_lane/gen_bank[3].vrf_mem_reg_i_191"
"shared_lane_operator","LUT6","gen_lane[3].i_lane/gen_bank[3].vrf_mem_reg_i_193"
"shared_lane_operator","LUT6","gen_lane[3].i_lane/gen_bank[3].vrf_mem_reg_i_195"
"shared_lane_operator","LUT6","gen_lane[3].i_lane/gen_bank[3].vrf_mem_reg_i_197"
"shared_lane_operator","LUT6","gen_lane[3].i_lane/gen_bank[3].vrf_mem_reg_i_199"
"shared_lane_operator","LUT6","gen_lane[3].i_lane/gen_bank[3].vrf_mem_reg_i_201"
"shared_lane_operator","LUT6","gen_lane[3].i_lane/gen_bank[3].vrf_mem_reg_i_203"
"shared_lane_operator","LUT6","gen_lane[3].i_lane/gen_bank[3].vrf_mem_reg_i_205"
"shared_lane_operator","LUT6","gen_lane[3].i_lane/gen_bank[3].vrf_mem_reg_i_207"
"shared_lane_operator","LUT6","gen_lane[3].i_lane/gen_bank[3].vrf_mem_reg_i_209"
"shared_lane_operator","LUT6","gen_lane[3].i_lane/gen_bank[3].vrf_mem_reg_i_21"
"shared_lane_operator","LUT6","gen_lane[3].i_lane/gen_bank[3].vrf_mem_reg_i_211"
"shared_lane_operator","LUT6","gen_lane[3].i_lane/gen_bank[3].vrf_mem_reg_i_213"
"shared_lane_operator","LUT6","gen_lane[3].i_lane/gen_bank[3].vrf_mem_reg_i_215"
"shared_lane_operator","LUT6","gen_lane[3].i_lane/gen_bank[3].vrf_mem_reg_i_217"
"shared_lane_operator","LUT6","gen_lane[3].i_lane/gen_bank[3].vrf_mem_reg_i_220"
"shared_lane_operator","LUT6","gen_lane[3].i_lane/gen_bank[3].vrf_mem_reg_i_222"
"shared_lane_operator","LUT6","gen_lane[3].i_lane/gen_bank[3].vrf_mem_reg_i_225"
"shared_lane_operator","LUT6","gen_lane[3].i_lane/gen_bank[3].vrf_mem_reg_i_227"
"shared_lane_operator","LUT6","gen_lane[3].i_lane/gen_bank[3].vrf_mem_reg_i_229"
"shared_lane_operator","LUT6","gen_lane[3].i_lane/gen_bank[3].vrf_mem_reg_i_23"
"shared_lane_operator","LUT6","gen_lane[3].i_lane/gen_bank[3].vrf_mem_reg_i_25"
"shared_lane_operator","LUT6","gen_lane[3].i_lane/gen_bank[3].vrf_mem_reg_i_26"
"shared_lane_operator","LUT6","gen_lane[3].i_lane/gen_bank[3].vrf_mem_reg_i_27"
"shared_lane_operator","LUT6","gen_lane[3].i_lane/gen_bank[3].vrf_mem_reg_i_28"
"shared_lane_operator","LUT6","gen_lane[3].i_lane/gen_bank[3].vrf_mem_reg_i_29"
"shared_lane_operator","LUT6","gen_lane[3].i_lane/gen_bank[3].vrf_mem_reg_i_30"
"shared_lane_operator","LUT6","gen_lane[3].i_lane/gen_bank[3].vrf_mem_reg_i_31"
"shared_lane_operator","LUT6","gen_lane[3].i_lane/gen_bank[3].vrf_mem_reg_i_32"
"shared_lane_operator","LUT6","gen_lane[3].i_lane/gen_bank[3].vrf_mem_reg_i_33"
"shared_lane_operator","LUT6","gen_lane[3].i_lane/gen_bank[3].vrf_mem_reg_i_34"
"shared_lane_operator","LUT6","gen_lane[3].i_lane/gen_bank[3].vrf_mem_reg_i_35"
"shared_lane_operator","LUT5","gen_lane[3].i_lane/gen_bank[3].vrf_mem_reg_i_37"
"shared_lane_operator","LUT6","gen_lane[3].i_lane/gen_bank[3].vrf_mem_reg_i_38"
"shared_lane_operator","LUT6","gen_lane[3].i_lane/gen_bank[3].vrf_mem_reg_i_39"
"shared_lane_operator","LUT6","gen_lane[3].i_lane/gen_bank[3].vrf_mem_reg_i_41"
"shared_lane_operator","LUT6","gen_lane[3].i_lane/gen_bank[3].vrf_mem_reg_i_43"
"shared_lane_operator","LUT6","gen_lane[3].i_lane/gen_bank[3].vrf_mem_reg_i_45"
"shared_lane_operator","LUT6","gen_lane[3].i_lane/gen_bank[3].vrf_mem_reg_i_47"
"shared_lane_operator","LUT6","gen_lane[3].i_lane/gen_bank[3].vrf_mem_reg_i_49"
"shared_lane_operator","LUT5","gen_lane[3].i_lane/gen_bank[3].vrf_mem_reg_i_51"
"shared_lane_operator","LUT6","gen_lane[3].i_lane/gen_bank[3].vrf_mem_reg_i_53"
"shared_lane_operator","LUT3","gen_lane[3].i_lane/gen_bank[3].vrf_mem_reg_i_55"
"shared_lane_operator","LUT3","gen_lane[3].i_lane/gen_bank[3].vrf_mem_reg_i_57"
"shared_lane_operator","LUT3","gen_lane[3].i_lane/gen_bank[3].vrf_mem_reg_i_59"
"shared_lane_operator","LUT6","gen_lane[3].i_lane/gen_bank[3].vrf_mem_reg_i_61"
"shared_lane_operator","LUT6","gen_lane[3].i_lane/gen_bank[3].vrf_mem_reg_i_62"
"shared_lane_operator","LUT6","gen_lane[3].i_lane/gen_bank[3].vrf_mem_reg_i_63"
"shared_lane_operator","LUT6","gen_lane[3].i_lane/gen_bank[3].vrf_mem_reg_i_64"
"shared_lane_operator","LUT6","gen_lane[3].i_lane/gen_bank[3].vrf_mem_reg_i_65"
"shared_lane_operator","LUT6","gen_lane[3].i_lane/gen_bank[3].vrf_mem_reg_i_66"
"shared_lane_operator","LUT6","gen_lane[3].i_lane/gen_bank[3].vrf_mem_reg_i_67"
"shared_lane_operator","LUT6","gen_lane[3].i_lane/gen_bank[3].vrf_mem_reg_i_69"
"shared_lane_operator","LUT6","gen_lane[3].i_lane/gen_bank[3].vrf_mem_reg_i_7"
"shared_lane_operator","LUT6","gen_lane[3].i_lane/gen_bank[3].vrf_mem_reg_i_70"
"shared_lane_operator","LUT6","gen_lane[3].i_lane/gen_bank[3].vrf_mem_reg_i_8"
"shared_lane_operator","LUT6","gen_lane[3].i_lane/gen_bank[3].vrf_mem_reg_i_9"
"shared_lane_operator","LUT6","gen_lane[3].i_lane/gen_bank[3].vrf_mem_reg_i_90"
"shared_lane_operator","LUT6","gen_lane[3].i_lane/gen_bank[3].vrf_mem_reg_i_93"
"shared_lane_operator","LUT6","gen_lane[3].i_lane/gen_bank[3].vrf_mem_reg_i_95"
"shared_lane_operator","LUT6","gen_lane[3].i_lane/gen_bank[3].vrf_mem_reg_i_98"
"shared_lane_operator","LUT4","gen_lane[3].i_lane/group_dist_q[3]_i_4"
"shared_lane_operator","LUT4","gen_lane[3].i_lane/group_dist_q[3]_i_7"
"shared_lane_operator","LUT4","gen_lane[3].i_lane/group_dist_q[3]_i_8"
"shared_lane_operator","LUT3","gen_lane[3].i_lane/group_dist_q[7]_i_16"
"shared_lane_operator","LUT3","gen_lane[3].i_lane/group_dist_q[7]_i_17"
"shared_lane_operator","LUT3","gen_lane[3].i_lane/group_dist_q[7]_i_18"
"shared_lane_operator","LUT6","gen_lane[3].i_lane/group_dist_q[7]_i_19"
"shared_lane_operator","LUT6","gen_lane[3].i_lane/group_dist_q[7]_i_20"
"shared_lane_operator","LUT6","gen_lane[3].i_lane/group_dist_q[7]_i_21"
"shared_lane_operator","LUT3","gen_lane[3].i_lane/group_dist_q[7]_i_22"
"shared_lane_operator","LUT3","gen_lane[3].i_lane/group_dist_q[8]_i_11"
"shared_lane_operator","LUT3","gen_lane[3].i_lane/group_dist_q[8]_i_12"
"shared_lane_operator","LUT3","gen_lane[3].i_lane/group_dist_q[8]_i_13"
"shared_lane_operator","LUT6","gen_lane[3].i_lane/group_dist_q[8]_i_14"
"shared_lane_operator","LUT6","gen_lane[3].i_lane/group_dist_q[8]_i_15"
"shared_lane_operator","CARRY4","gen_lane[3].i_lane/group_dist_q_reg[7]_i_12"
"shared_lane_operator","CARRY4","gen_lane[3].i_lane/group_dist_q_reg[8]_i_5"
"shared_lane_operator","LUT6","gen_lane[3].i_lane/popcount_part_q_o[0][0]_i_1"
"shared_lane_operator","LUT3","gen_lane[3].i_lane/popcount_part_q_o[0][0]_i_2"
"shared_lane_operator","LUT3","gen_lane[3].i_lane/popcount_part_q_o[0][0]_i_3"
"shared_lane_operator","LUT3","gen_lane[3].i_lane/popcount_part_q_o[0][0]_i_4"
"shared_lane_operator","LUT3","gen_lane[3].i_lane/popcount_part_q_o[0][1]_i_1"
"shared_lane_operator","LUT5","gen_lane[3].i_lane/popcount_part_q_o[0][2]_i_10"
"shared_lane_operator","LUT5","gen_lane[3].i_lane/popcount_part_q_o[0][2]_i_11"
"shared_lane_operator","LUT5","gen_lane[3].i_lane/popcount_part_q_o[0][2]_i_12"
"shared_lane_operator","LUT6","gen_lane[3].i_lane/popcount_part_q_o[0][2]_i_13"
"shared_lane_operator","LUT3","gen_lane[3].i_lane/popcount_part_q_o[0][2]_i_14"
"shared_lane_operator","LUT3","gen_lane[3].i_lane/popcount_part_q_o[0][2]_i_15"
"shared_lane_operator","LUT3","gen_lane[3].i_lane/popcount_part_q_o[0][2]_i_16"
"shared_lane_operator","LUT3","gen_lane[3].i_lane/popcount_part_q_o[0][2]_i_17"
"shared_lane_operator","LUT6","gen_lane[3].i_lane/popcount_part_q_o[0][2]_i_1__2"
"shared_lane_operator","LUT6","gen_lane[3].i_lane/popcount_part_q_o[0][2]_i_2"
"shared_lane_operator","LUT3","gen_lane[3].i_lane/popcount_part_q_o[0][2]_i_3"
"shared_lane_operator","LUT5","gen_lane[3].i_lane/popcount_part_q_o[0][2]_i_4__2"
"shared_lane_operator","LUT5","gen_lane[3].i_lane/popcount_part_q_o[0][2]_i_5__2"
"shared_lane_operator","LUT5","gen_lane[3].i_lane/popcount_part_q_o[0][2]_i_6"
"shared_lane_operator","LUT5","gen_lane[3].i_lane/popcount_part_q_o[0][2]_i_7"
"shared_lane_operator","LUT5","gen_lane[3].i_lane/popcount_part_q_o[0][2]_i_8"
"shared_lane_operator","LUT5","gen_lane[3].i_lane/popcount_part_q_o[0][2]_i_9"
"shared_lane_operator","LUT5","gen_lane[3].i_lane/popcount_part_q_o[0][3]_i_1__2"
"shared_lane_operator","LUT5","gen_lane[3].i_lane/popcount_part_q_o[0][4]_i_1__2"
"shared_lane_operator","LUT5","gen_lane[3].i_lane/popcount_part_q_o[0][5]_i_10"
"shared_lane_operator","LUT5","gen_lane[3].i_lane/popcount_part_q_o[0][5]_i_11"
"shared_lane_operator","LUT3","gen_lane[3].i_lane/popcount_part_q_o[0][5]_i_12"
"shared_lane_operator","LUT6","gen_lane[3].i_lane/popcount_part_q_o[0][5]_i_13"
"shared_lane_operator","LUT3","gen_lane[3].i_lane/popcount_part_q_o[0][5]_i_14"
"shared_lane_operator","LUT3","gen_lane[3].i_lane/popcount_part_q_o[0][5]_i_15"
"shared_lane_operator","LUT3","gen_lane[3].i_lane/popcount_part_q_o[0][5]_i_16"
"shared_lane_operator","LUT3","gen_lane[3].i_lane/popcount_part_q_o[0][5]_i_17"
"shared_lane_operator","LUT3","gen_lane[3].i_lane/popcount_part_q_o[0][5]_i_18"
"shared_lane_operator","LUT3","gen_lane[3].i_lane/popcount_part_q_o[0][5]_i_19"
"shared_lane_operator","LUT5","gen_lane[3].i_lane/popcount_part_q_o[0][5]_i_1__2"
"shared_lane_operator","LUT5","gen_lane[3].i_lane/popcount_part_q_o[0][5]_i_2"
"shared_lane_operator","LUT5","gen_lane[3].i_lane/popcount_part_q_o[0][5]_i_20"
"shared_lane_operator","LUT5","gen_lane[3].i_lane/popcount_part_q_o[0][5]_i_3__2"
"shared_lane_operator","LUT3","gen_lane[3].i_lane/popcount_part_q_o[0][5]_i_4"
"shared_lane_operator","LUT5","gen_lane[3].i_lane/popcount_part_q_o[0][5]_i_5__2"
"shared_lane_operator","LUT6","gen_lane[3].i_lane/popcount_part_q_o[0][5]_i_6"
"shared_lane_operator","LUT5","gen_lane[3].i_lane/popcount_part_q_o[0][5]_i_7"
"shared_lane_operator","LUT5","gen_lane[3].i_lane/popcount_part_q_o[0][5]_i_8"
"shared_lane_operator","LUT5","gen_lane[3].i_lane/popcount_part_q_o[0][5]_i_9"
"shared_lane_operator","LUT6","gen_lane[3].i_lane/popcount_part_q_o[1][0]_i_1"
"shared_lane_operator","LUT3","gen_lane[3].i_lane/popcount_part_q_o[1][0]_i_2"
"shared_lane_operator","LUT3","gen_lane[3].i_lane/popcount_part_q_o[1][0]_i_3"
"shared_lane_operator","LUT3","gen_lane[3].i_lane/popcount_part_q_o[1][0]_i_4"
"shared_lane_operator","LUT3","gen_lane[3].i_lane/popcount_part_q_o[1][1]_i_1"
"shared_lane_operator","LUT5","gen_lane[3].i_lane/popcount_part_q_o[1][2]_i_10"
"shared_lane_operator","LUT5","gen_lane[3].i_lane/popcount_part_q_o[1][2]_i_11"
"shared_lane_operator","LUT5","gen_lane[3].i_lane/popcount_part_q_o[1][2]_i_12"
"shared_lane_operator","LUT6","gen_lane[3].i_lane/popcount_part_q_o[1][2]_i_13"
"shared_lane_operator","LUT3","gen_lane[3].i_lane/popcount_part_q_o[1][2]_i_14"
"shared_lane_operator","LUT3","gen_lane[3].i_lane/popcount_part_q_o[1][2]_i_15"
"shared_lane_operator","LUT3","gen_lane[3].i_lane/popcount_part_q_o[1][2]_i_16"
"shared_lane_operator","LUT3","gen_lane[3].i_lane/popcount_part_q_o[1][2]_i_17"
"shared_lane_operator","LUT6","gen_lane[3].i_lane/popcount_part_q_o[1][2]_i_1__2"
"shared_lane_operator","LUT6","gen_lane[3].i_lane/popcount_part_q_o[1][2]_i_2"
"shared_lane_operator","LUT3","gen_lane[3].i_lane/popcount_part_q_o[1][2]_i_3"
"shared_lane_operator","LUT5","gen_lane[3].i_lane/popcount_part_q_o[1][2]_i_4__2"
"shared_lane_operator","LUT5","gen_lane[3].i_lane/popcount_part_q_o[1][2]_i_5__2"
"shared_lane_operator","LUT5","gen_lane[3].i_lane/popcount_part_q_o[1][2]_i_6"
"shared_lane_operator","LUT5","gen_lane[3].i_lane/popcount_part_q_o[1][2]_i_7"
"shared_lane_operator","LUT5","gen_lane[3].i_lane/popcount_part_q_o[1][2]_i_8"
"shared_lane_operator","LUT5","gen_lane[3].i_lane/popcount_part_q_o[1][2]_i_9"
"shared_lane_operator","LUT5","gen_lane[3].i_lane/popcount_part_q_o[1][3]_i_1__2"
"shared_lane_operator","LUT5","gen_lane[3].i_lane/popcount_part_q_o[1][4]_i_1__2"
"shared_lane_operator","LUT5","gen_lane[3].i_lane/popcount_part_q_o[1][5]_i_10"
"shared_lane_operator","LUT5","gen_lane[3].i_lane/popcount_part_q_o[1][5]_i_11"
"shared_lane_operator","LUT3","gen_lane[3].i_lane/popcount_part_q_o[1][5]_i_12"
"shared_lane_operator","LUT6","gen_lane[3].i_lane/popcount_part_q_o[1][5]_i_13"
"shared_lane_operator","LUT3","gen_lane[3].i_lane/popcount_part_q_o[1][5]_i_14"
"shared_lane_operator","LUT3","gen_lane[3].i_lane/popcount_part_q_o[1][5]_i_15"
"shared_lane_operator","LUT3","gen_lane[3].i_lane/popcount_part_q_o[1][5]_i_16"
"shared_lane_operator","LUT3","gen_lane[3].i_lane/popcount_part_q_o[1][5]_i_17"
"shared_lane_operator","LUT3","gen_lane[3].i_lane/popcount_part_q_o[1][5]_i_18"
"shared_lane_operator","LUT3","gen_lane[3].i_lane/popcount_part_q_o[1][5]_i_19"
"shared_lane_operator","LUT5","gen_lane[3].i_lane/popcount_part_q_o[1][5]_i_1__2"
"shared_lane_operator","LUT5","gen_lane[3].i_lane/popcount_part_q_o[1][5]_i_2"
"shared_lane_operator","LUT5","gen_lane[3].i_lane/popcount_part_q_o[1][5]_i_20"
"shared_lane_operator","LUT5","gen_lane[3].i_lane/popcount_part_q_o[1][5]_i_3__2"
"shared_lane_operator","LUT3","gen_lane[3].i_lane/popcount_part_q_o[1][5]_i_4"
"shared_lane_operator","LUT5","gen_lane[3].i_lane/popcount_part_q_o[1][5]_i_5__2"
"shared_lane_operator","LUT6","gen_lane[3].i_lane/popcount_part_q_o[1][5]_i_6"
"shared_lane_operator","LUT5","gen_lane[3].i_lane/popcount_part_q_o[1][5]_i_7"
"shared_lane_operator","LUT5","gen_lane[3].i_lane/popcount_part_q_o[1][5]_i_8"
"shared_lane_operator","LUT5","gen_lane[3].i_lane/popcount_part_q_o[1][5]_i_9"
"shared_lane_operator","FDCE","gen_lane[3].i_lane/popcount_part_q_o_reg[0][0]"
"shared_lane_operator","FDCE","gen_lane[3].i_lane/popcount_part_q_o_reg[0][1]"
"shared_lane_operator","FDCE","gen_lane[3].i_lane/popcount_part_q_o_reg[0][2]"
"shared_lane_operator","FDCE","gen_lane[3].i_lane/popcount_part_q_o_reg[0][3]"
"shared_lane_operator","FDCE","gen_lane[3].i_lane/popcount_part_q_o_reg[0][4]"
"shared_lane_operator","FDCE","gen_lane[3].i_lane/popcount_part_q_o_reg[0][5]"
"shared_lane_operator","FDCE","gen_lane[3].i_lane/popcount_part_q_o_reg[1][0]"
"shared_lane_operator","FDCE","gen_lane[3].i_lane/popcount_part_q_o_reg[1][1]"
"shared_lane_operator","FDCE","gen_lane[3].i_lane/popcount_part_q_o_reg[1][2]"
"shared_lane_operator","FDCE","gen_lane[3].i_lane/popcount_part_q_o_reg[1][3]"
"shared_lane_operator","FDCE","gen_lane[3].i_lane/popcount_part_q_o_reg[1][4]"
"shared_lane_operator","FDCE","gen_lane[3].i_lane/popcount_part_q_o_reg[1][5]"
"shared_vrf_bram","LUT2","i_vrf/bool_result_q[0]_i_1"
"shared_vrf_bram","LUT2","i_vrf/bool_result_q[0]_i_1__0"
"shared_vrf_bram","LUT2","i_vrf/bool_result_q[0]_i_1__1"
"shared_vrf_bram","LUT2","i_vrf/bool_result_q[0]_i_1__2"
"shared_vrf_bram","LUT2","i_vrf/bool_result_q[10]_i_1"
"shared_vrf_bram","LUT2","i_vrf/bool_result_q[10]_i_1__0"
"shared_vrf_bram","LUT2","i_vrf/bool_result_q[10]_i_1__1"
"shared_vrf_bram","LUT2","i_vrf/bool_result_q[10]_i_1__2"
"shared_vrf_bram","LUT2","i_vrf/bool_result_q[11]_i_1"
"shared_vrf_bram","LUT2","i_vrf/bool_result_q[11]_i_1__0"
"shared_vrf_bram","LUT2","i_vrf/bool_result_q[11]_i_1__1"
"shared_vrf_bram","LUT2","i_vrf/bool_result_q[11]_i_1__2"
"shared_vrf_bram","LUT2","i_vrf/bool_result_q[12]_i_1"
"shared_vrf_bram","LUT2","i_vrf/bool_result_q[12]_i_1__0"
"shared_vrf_bram","LUT2","i_vrf/bool_result_q[12]_i_1__1"
"shared_vrf_bram","LUT2","i_vrf/bool_result_q[12]_i_1__2"
"shared_vrf_bram","LUT2","i_vrf/bool_result_q[13]_i_1"
"shared_vrf_bram","LUT2","i_vrf/bool_result_q[13]_i_1__0"
"shared_vrf_bram","LUT2","i_vrf/bool_result_q[13]_i_1__1"
"shared_vrf_bram","LUT2","i_vrf/bool_result_q[13]_i_1__2"
"shared_vrf_bram","LUT2","i_vrf/bool_result_q[14]_i_1"
"shared_vrf_bram","LUT2","i_vrf/bool_result_q[14]_i_1__0"
"shared_vrf_bram","LUT2","i_vrf/bool_result_q[14]_i_1__1"
"shared_vrf_bram","LUT2","i_vrf/bool_result_q[14]_i_1__2"
"shared_vrf_bram","LUT2","i_vrf/bool_result_q[15]_i_1"
"shared_vrf_bram","LUT2","i_vrf/bool_result_q[15]_i_1__0"
"shared_vrf_bram","LUT2","i_vrf/bool_result_q[15]_i_1__1"
"shared_vrf_bram","LUT2","i_vrf/bool_result_q[15]_i_1__2"
"shared_vrf_bram","LUT2","i_vrf/bool_result_q[16]_i_1"
"shared_vrf_bram","LUT2","i_vrf/bool_result_q[16]_i_1__0"
"shared_vrf_bram","LUT2","i_vrf/bool_result_q[16]_i_1__1"
"shared_vrf_bram","LUT2","i_vrf/bool_result_q[16]_i_1__2"
"shared_vrf_bram","LUT2","i_vrf/bool_result_q[17]_i_1"
"shared_vrf_bram","LUT2","i_vrf/bool_result_q[17]_i_1__0"
"shared_vrf_bram","LUT2","i_vrf/bool_result_q[17]_i_1__1"
"shared_vrf_bram","LUT2","i_vrf/bool_result_q[17]_i_1__2"
"shared_vrf_bram","LUT2","i_vrf/bool_result_q[18]_i_1"
"shared_vrf_bram","LUT2","i_vrf/bool_result_q[18]_i_1__0"
"shared_vrf_bram","LUT2","i_vrf/bool_result_q[18]_i_1__1"
"shared_vrf_bram","LUT2","i_vrf/bool_result_q[18]_i_1__2"
"shared_vrf_bram","LUT2","i_vrf/bool_result_q[19]_i_1"
"shared_vrf_bram","LUT2","i_vrf/bool_result_q[19]_i_1__0"
"shared_vrf_bram","LUT2","i_vrf/bool_result_q[19]_i_1__1"
"shared_vrf_bram","LUT2","i_vrf/bool_result_q[19]_i_1__2"
"shared_vrf_bram","LUT2","i_vrf/bool_result_q[1]_i_1"
"shared_vrf_bram","LUT2","i_vrf/bool_result_q[1]_i_1__0"
"shared_vrf_bram","LUT2","i_vrf/bool_result_q[1]_i_1__1"
"shared_vrf_bram","LUT2","i_vrf/bool_result_q[1]_i_1__2"
"shared_vrf_bram","LUT2","i_vrf/bool_result_q[20]_i_1"
"shared_vrf_bram","LUT2","i_vrf/bool_result_q[20]_i_1__0"
"shared_vrf_bram","LUT2","i_vrf/bool_result_q[20]_i_1__1"
"shared_vrf_bram","LUT2","i_vrf/bool_result_q[20]_i_1__2"
"shared_vrf_bram","LUT2","i_vrf/bool_result_q[21]_i_1"
"shared_vrf_bram","LUT2","i_vrf/bool_result_q[21]_i_1__0"
"shared_vrf_bram","LUT2","i_vrf/bool_result_q[21]_i_1__1"
"shared_vrf_bram","LUT2","i_vrf/bool_result_q[21]_i_1__2"
"shared_vrf_bram","LUT2","i_vrf/bool_result_q[22]_i_1"
"shared_vrf_bram","LUT2","i_vrf/bool_result_q[22]_i_1__0"
"shared_vrf_bram","LUT2","i_vrf/bool_result_q[22]_i_1__1"
"shared_vrf_bram","LUT2","i_vrf/bool_result_q[22]_i_1__2"
"shared_vrf_bram","LUT2","i_vrf/bool_result_q[23]_i_1"
"shared_vrf_bram","LUT2","i_vrf/bool_result_q[23]_i_1__0"
"shared_vrf_bram","LUT2","i_vrf/bool_result_q[23]_i_1__1"
"shared_vrf_bram","LUT2","i_vrf/bool_result_q[23]_i_1__2"
"shared_vrf_bram","LUT2","i_vrf/bool_result_q[24]_i_1"
"shared_vrf_bram","LUT2","i_vrf/bool_result_q[24]_i_1__0"
"shared_vrf_bram","LUT2","i_vrf/bool_result_q[24]_i_1__1"
"shared_vrf_bram","LUT2","i_vrf/bool_result_q[24]_i_1__2"
"shared_vrf_bram","LUT2","i_vrf/bool_result_q[25]_i_1"
"shared_vrf_bram","LUT2","i_vrf/bool_result_q[25]_i_1__0"
"shared_vrf_bram","LUT2","i_vrf/bool_result_q[25]_i_1__1"
"shared_vrf_bram","LUT2","i_vrf/bool_result_q[25]_i_1__2"
"shared_vrf_bram","LUT2","i_vrf/bool_result_q[26]_i_1"
"shared_vrf_bram","LUT2","i_vrf/bool_result_q[26]_i_1__0"
"shared_vrf_bram","LUT2","i_vrf/bool_result_q[26]_i_1__1"
"shared_vrf_bram","LUT2","i_vrf/bool_result_q[26]_i_1__2"
"shared_vrf_bram","LUT2","i_vrf/bool_result_q[27]_i_1"
"shared_vrf_bram","LUT2","i_vrf/bool_result_q[27]_i_1__0"
"shared_vrf_bram","LUT2","i_vrf/bool_result_q[27]_i_1__1"
"shared_vrf_bram","LUT2","i_vrf/bool_result_q[27]_i_1__2"
"shared_vrf_bram","LUT2","i_vrf/bool_result_q[28]_i_1"
"shared_vrf_bram","LUT2","i_vrf/bool_result_q[28]_i_1__0"
"shared_vrf_bram","LUT2","i_vrf/bool_result_q[28]_i_1__1"
"shared_vrf_bram","LUT2","i_vrf/bool_result_q[28]_i_1__2"
"shared_vrf_bram","LUT2","i_vrf/bool_result_q[29]_i_1"
"shared_vrf_bram","LUT2","i_vrf/bool_result_q[29]_i_1__0"
"shared_vrf_bram","LUT2","i_vrf/bool_result_q[29]_i_1__1"
"shared_vrf_bram","LUT2","i_vrf/bool_result_q[29]_i_1__2"
"shared_vrf_bram","LUT2","i_vrf/bool_result_q[2]_i_1"
"shared_vrf_bram","LUT2","i_vrf/bool_result_q[2]_i_1__0"
"shared_vrf_bram","LUT2","i_vrf/bool_result_q[2]_i_1__1"
"shared_vrf_bram","LUT2","i_vrf/bool_result_q[2]_i_1__2"
"shared_vrf_bram","LUT2","i_vrf/bool_result_q[30]_i_1"
"shared_vrf_bram","LUT2","i_vrf/bool_result_q[30]_i_1__0"
"shared_vrf_bram","LUT2","i_vrf/bool_result_q[30]_i_1__1"
"shared_vrf_bram","LUT2","i_vrf/bool_result_q[30]_i_1__2"
"shared_vrf_bram","LUT2","i_vrf/bool_result_q[31]_i_1"
"shared_vrf_bram","LUT2","i_vrf/bool_result_q[31]_i_1__0"
"shared_vrf_bram","LUT2","i_vrf/bool_result_q[31]_i_1__1"
"shared_vrf_bram","LUT2","i_vrf/bool_result_q[31]_i_1__2"
"shared_vrf_bram","LUT2","i_vrf/bool_result_q[32]_i_1"
"shared_vrf_bram","LUT2","i_vrf/bool_result_q[32]_i_1__0"
"shared_vrf_bram","LUT2","i_vrf/bool_result_q[32]_i_1__1"
"shared_vrf_bram","LUT2","i_vrf/bool_result_q[32]_i_1__2"
"shared_vrf_bram","LUT2","i_vrf/bool_result_q[33]_i_1"
"shared_vrf_bram","LUT2","i_vrf/bool_result_q[33]_i_1__0"
"shared_vrf_bram","LUT2","i_vrf/bool_result_q[33]_i_1__1"
"shared_vrf_bram","LUT2","i_vrf/bool_result_q[33]_i_1__2"
"shared_vrf_bram","LUT2","i_vrf/bool_result_q[34]_i_1"
"shared_vrf_bram","LUT2","i_vrf/bool_result_q[34]_i_1__0"
"shared_vrf_bram","LUT2","i_vrf/bool_result_q[34]_i_1__1"
"shared_vrf_bram","LUT2","i_vrf/bool_result_q[34]_i_1__2"
"shared_vrf_bram","LUT2","i_vrf/bool_result_q[35]_i_1"
"shared_vrf_bram","LUT2","i_vrf/bool_result_q[35]_i_1__0"
"shared_vrf_bram","LUT2","i_vrf/bool_result_q[35]_i_1__1"
"shared_vrf_bram","LUT2","i_vrf/bool_result_q[35]_i_1__2"
"shared_vrf_bram","LUT2","i_vrf/bool_result_q[36]_i_1"
"shared_vrf_bram","LUT2","i_vrf/bool_result_q[36]_i_1__0"
"shared_vrf_bram","LUT2","i_vrf/bool_result_q[36]_i_1__1"
"shared_vrf_bram","LUT2","i_vrf/bool_result_q[36]_i_1__2"
"shared_vrf_bram","LUT2","i_vrf/bool_result_q[37]_i_1"
"shared_vrf_bram","LUT2","i_vrf/bool_result_q[37]_i_1__0"
"shared_vrf_bram","LUT2","i_vrf/bool_result_q[37]_i_1__1"
"shared_vrf_bram","LUT2","i_vrf/bool_result_q[37]_i_1__2"
"shared_vrf_bram","LUT2","i_vrf/bool_result_q[38]_i_1"
"shared_vrf_bram","LUT2","i_vrf/bool_result_q[38]_i_1__0"
"shared_vrf_bram","LUT2","i_vrf/bool_result_q[38]_i_1__1"
"shared_vrf_bram","LUT2","i_vrf/bool_result_q[38]_i_1__2"
"shared_vrf_bram","LUT2","i_vrf/bool_result_q[39]_i_1"
"shared_vrf_bram","LUT2","i_vrf/bool_result_q[39]_i_1__0"
"shared_vrf_bram","LUT2","i_vrf/bool_result_q[39]_i_1__1"
"shared_vrf_bram","LUT2","i_vrf/bool_result_q[39]_i_1__2"
"shared_vrf_bram","LUT2","i_vrf/bool_result_q[3]_i_1"
"shared_vrf_bram","LUT2","i_vrf/bool_result_q[3]_i_1__0"
"shared_vrf_bram","LUT2","i_vrf/bool_result_q[3]_i_1__1"
"shared_vrf_bram","LUT2","i_vrf/bool_result_q[3]_i_1__2"
"shared_vrf_bram","LUT2","i_vrf/bool_result_q[40]_i_1"
"shared_vrf_bram","LUT2","i_vrf/bool_result_q[40]_i_1__0"
"shared_vrf_bram","LUT2","i_vrf/bool_result_q[40]_i_1__1"
"shared_vrf_bram","LUT2","i_vrf/bool_result_q[40]_i_1__2"
"shared_vrf_bram","LUT2","i_vrf/bool_result_q[41]_i_1"
"shared_vrf_bram","LUT2","i_vrf/bool_result_q[41]_i_1__0"
"shared_vrf_bram","LUT2","i_vrf/bool_result_q[41]_i_1__1"
"shared_vrf_bram","LUT2","i_vrf/bool_result_q[41]_i_1__2"
"shared_vrf_bram","LUT2","i_vrf/bool_result_q[42]_i_1"
"shared_vrf_bram","LUT2","i_vrf/bool_result_q[42]_i_1__0"
"shared_vrf_bram","LUT2","i_vrf/bool_result_q[42]_i_1__1"
"shared_vrf_bram","LUT2","i_vrf/bool_result_q[42]_i_1__2"
"shared_vrf_bram","LUT2","i_vrf/bool_result_q[43]_i_1"
"shared_vrf_bram","LUT2","i_vrf/bool_result_q[43]_i_1__0"
"shared_vrf_bram","LUT2","i_vrf/bool_result_q[43]_i_1__1"
"shared_vrf_bram","LUT2","i_vrf/bool_result_q[43]_i_1__2"
"shared_vrf_bram","LUT2","i_vrf/bool_result_q[44]_i_1"
"shared_vrf_bram","LUT2","i_vrf/bool_result_q[44]_i_1__0"
"shared_vrf_bram","LUT2","i_vrf/bool_result_q[44]_i_1__1"
"shared_vrf_bram","LUT2","i_vrf/bool_result_q[44]_i_1__2"
"shared_vrf_bram","LUT2","i_vrf/bool_result_q[45]_i_1"
"shared_vrf_bram","LUT2","i_vrf/bool_result_q[45]_i_1__0"
"shared_vrf_bram","LUT2","i_vrf/bool_result_q[45]_i_1__1"
"shared_vrf_bram","LUT2","i_vrf/bool_result_q[45]_i_1__2"
"shared_vrf_bram","LUT2","i_vrf/bool_result_q[46]_i_1"
"shared_vrf_bram","LUT2","i_vrf/bool_result_q[46]_i_1__0"
"shared_vrf_bram","LUT2","i_vrf/bool_result_q[46]_i_1__1"
"shared_vrf_bram","LUT2","i_vrf/bool_result_q[46]_i_1__2"
"shared_vrf_bram","LUT2","i_vrf/bool_result_q[47]_i_1"
"shared_vrf_bram","LUT2","i_vrf/bool_result_q[47]_i_1__0"
"shared_vrf_bram","LUT2","i_vrf/bool_result_q[47]_i_1__1"
"shared_vrf_bram","LUT2","i_vrf/bool_result_q[47]_i_1__2"
"shared_vrf_bram","LUT2","i_vrf/bool_result_q[48]_i_1"
"shared_vrf_bram","LUT2","i_vrf/bool_result_q[48]_i_1__0"
"shared_vrf_bram","LUT2","i_vrf/bool_result_q[48]_i_1__1"
"shared_vrf_bram","LUT2","i_vrf/bool_result_q[48]_i_1__2"
"shared_vrf_bram","LUT2","i_vrf/bool_result_q[49]_i_1"
"shared_vrf_bram","LUT2","i_vrf/bool_result_q[49]_i_1__0"
"shared_vrf_bram","LUT2","i_vrf/bool_result_q[49]_i_1__1"
"shared_vrf_bram","LUT2","i_vrf/bool_result_q[49]_i_1__2"
"shared_vrf_bram","LUT2","i_vrf/bool_result_q[4]_i_1"
"shared_vrf_bram","LUT2","i_vrf/bool_result_q[4]_i_1__0"
"shared_vrf_bram","LUT2","i_vrf/bool_result_q[4]_i_1__1"
"shared_vrf_bram","LUT2","i_vrf/bool_result_q[4]_i_1__2"
"shared_vrf_bram","LUT2","i_vrf/bool_result_q[50]_i_1"
"shared_vrf_bram","LUT2","i_vrf/bool_result_q[50]_i_1__0"
"shared_vrf_bram","LUT2","i_vrf/bool_result_q[50]_i_1__1"
"shared_vrf_bram","LUT2","i_vrf/bool_result_q[50]_i_1__2"
"shared_vrf_bram","LUT2","i_vrf/bool_result_q[51]_i_1"
"shared_vrf_bram","LUT2","i_vrf/bool_result_q[51]_i_1__0"
"shared_vrf_bram","LUT2","i_vrf/bool_result_q[51]_i_1__1"
"shared_vrf_bram","LUT2","i_vrf/bool_result_q[51]_i_1__2"
"shared_vrf_bram","LUT2","i_vrf/bool_result_q[52]_i_1"
"shared_vrf_bram","LUT2","i_vrf/bool_result_q[52]_i_1__0"
"shared_vrf_bram","LUT2","i_vrf/bool_result_q[52]_i_1__1"
"shared_vrf_bram","LUT2","i_vrf/bool_result_q[52]_i_1__2"
"shared_vrf_bram","LUT2","i_vrf/bool_result_q[53]_i_1"
"shared_vrf_bram","LUT2","i_vrf/bool_result_q[53]_i_1__0"
"shared_vrf_bram","LUT2","i_vrf/bool_result_q[53]_i_1__1"
"shared_vrf_bram","LUT2","i_vrf/bool_result_q[53]_i_1__2"
"shared_vrf_bram","LUT2","i_vrf/bool_result_q[54]_i_1"
"shared_vrf_bram","LUT2","i_vrf/bool_result_q[54]_i_1__0"
"shared_vrf_bram","LUT2","i_vrf/bool_result_q[54]_i_1__1"
"shared_vrf_bram","LUT2","i_vrf/bool_result_q[54]_i_1__2"
"shared_vrf_bram","LUT2","i_vrf/bool_result_q[55]_i_1"
"shared_vrf_bram","LUT2","i_vrf/bool_result_q[55]_i_1__0"
"shared_vrf_bram","LUT2","i_vrf/bool_result_q[55]_i_1__1"
"shared_vrf_bram","LUT2","i_vrf/bool_result_q[55]_i_1__2"
"shared_vrf_bram","LUT2","i_vrf/bool_result_q[56]_i_1"
"shared_vrf_bram","LUT2","i_vrf/bool_result_q[56]_i_1__0"
"shared_vrf_bram","LUT2","i_vrf/bool_result_q[56]_i_1__1"
"shared_vrf_bram","LUT2","i_vrf/bool_result_q[56]_i_1__2"
"shared_vrf_bram","LUT2","i_vrf/bool_result_q[57]_i_1"
"shared_vrf_bram","LUT2","i_vrf/bool_result_q[57]_i_1__0"
"shared_vrf_bram","LUT2","i_vrf/bool_result_q[57]_i_1__1"
"shared_vrf_bram","LUT2","i_vrf/bool_result_q[57]_i_1__2"
"shared_vrf_bram","LUT2","i_vrf/bool_result_q[58]_i_1"
"shared_vrf_bram","LUT2","i_vrf/bool_result_q[58]_i_1__0"
"shared_vrf_bram","LUT2","i_vrf/bool_result_q[58]_i_1__1"
"shared_vrf_bram","LUT2","i_vrf/bool_result_q[58]_i_1__2"
"shared_vrf_bram","LUT2","i_vrf/bool_result_q[59]_i_1"
"shared_vrf_bram","LUT2","i_vrf/bool_result_q[59]_i_1__0"
"shared_vrf_bram","LUT2","i_vrf/bool_result_q[59]_i_1__1"
"shared_vrf_bram","LUT2","i_vrf/bool_result_q[59]_i_1__2"
"shared_vrf_bram","LUT2","i_vrf/bool_result_q[5]_i_1"
"shared_vrf_bram","LUT2","i_vrf/bool_result_q[5]_i_1__0"
"shared_vrf_bram","LUT2","i_vrf/bool_result_q[5]_i_1__1"
"shared_vrf_bram","LUT2","i_vrf/bool_result_q[5]_i_1__2"
"shared_vrf_bram","LUT2","i_vrf/bool_result_q[60]_i_1"
"shared_vrf_bram","LUT2","i_vrf/bool_result_q[60]_i_1__0"
"shared_vrf_bram","LUT2","i_vrf/bool_result_q[60]_i_1__1"
"shared_vrf_bram","LUT2","i_vrf/bool_result_q[60]_i_1__2"
"shared_vrf_bram","LUT2","i_vrf/bool_result_q[61]_i_1"
"shared_vrf_bram","LUT2","i_vrf/bool_result_q[61]_i_1__0"
"shared_vrf_bram","LUT2","i_vrf/bool_result_q[61]_i_1__1"
"shared_vrf_bram","LUT2","i_vrf/bool_result_q[61]_i_1__2"
"shared_vrf_bram","LUT2","i_vrf/bool_result_q[62]_i_1"
"shared_vrf_bram","LUT2","i_vrf/bool_result_q[62]_i_1__0"
"shared_vrf_bram","LUT2","i_vrf/bool_result_q[62]_i_1__1"
"shared_vrf_bram","LUT2","i_vrf/bool_result_q[62]_i_1__2"
"shared_vrf_bram","LUT2","i_vrf/bool_result_q[63]_i_1"
"shared_vrf_bram","LUT2","i_vrf/bool_result_q[63]_i_1__0"
"shared_vrf_bram","LUT2","i_vrf/bool_result_q[63]_i_1__1"
"shared_vrf_bram","LUT2","i_vrf/bool_result_q[63]_i_2"
"shared_vrf_bram","LUT2","i_vrf/bool_result_q[6]_i_1"
"shared_vrf_bram","LUT2","i_vrf/bool_result_q[6]_i_1__0"
"shared_vrf_bram","LUT2","i_vrf/bool_result_q[6]_i_1__1"
"shared_vrf_bram","LUT2","i_vrf/bool_result_q[6]_i_1__2"
"shared_vrf_bram","LUT2","i_vrf/bool_result_q[7]_i_1"
"shared_vrf_bram","LUT2","i_vrf/bool_result_q[7]_i_1__0"
"shared_vrf_bram","LUT2","i_vrf/bool_result_q[7]_i_1__1"
"shared_vrf_bram","LUT2","i_vrf/bool_result_q[7]_i_1__2"
"shared_vrf_bram","LUT2","i_vrf/bool_result_q[8]_i_1"
"shared_vrf_bram","LUT2","i_vrf/bool_result_q[8]_i_1__0"
"shared_vrf_bram","LUT2","i_vrf/bool_result_q[8]_i_1__1"
"shared_vrf_bram","LUT2","i_vrf/bool_result_q[8]_i_1__2"
"shared_vrf_bram","LUT2","i_vrf/bool_result_q[9]_i_1"
"shared_vrf_bram","LUT2","i_vrf/bool_result_q[9]_i_1__0"
"shared_vrf_bram","LUT2","i_vrf/bool_result_q[9]_i_1__1"
"shared_vrf_bram","LUT2","i_vrf/bool_result_q[9]_i_1__2"
"shared_vrf_bram","LUT3","i_vrf/ecc_diag_bg_state_q[0]_i_3"
"shared_vrf_bram","LUT4","i_vrf/ecc_dst_q[0]_i_2"
"shared_vrf_bram","LUT4","i_vrf/ecc_dst_q[1]_i_3"
"shared_vrf_bram","LUT4","i_vrf/ecc_dst_q[2]_i_3"
"shared_vrf_bram","LUT4","i_vrf/ecc_dst_q[3]_i_3"
"shared_vrf_bram","LUT4","i_vrf/ecc_dst_q[4]_i_4"
"shared_vrf_bram","LUT4","i_vrf/ecc_dst_q[5]_i_4"
"shared_vrf_bram","LUT3","i_vrf/ecc_dst_q[5]_i_5"
"shared_vrf_bram","LUT2","i_vrf/ecc_fold_word_q[1]_i_5"
"shared_vrf_bram","LUT2","i_vrf/ecc_job_copy_dst_q[0]_i_3"
"shared_vrf_bram","LUT3","i_vrf/ecc_job_copy_dst_q[5]_i_7"
"shared_vrf_bram","LUT5","i_vrf/ecc_job_dst_q[5]_i_5"
"shared_vrf_bram","LUT2","i_vrf/ecc_leaf128_prod_q[31]_i_2"
"shared_vrf_bram","LUT6","i_vrf/ecc_leaf_a_q[0]_i_1"
"shared_vrf_bram","LUT6","i_vrf/ecc_leaf_a_q[10]_i_1"
"shared_vrf_bram","LUT6","i_vrf/ecc_leaf_a_q[11]_i_1"
"shared_vrf_bram","LUT6","i_vrf/ecc_leaf_a_q[12]_i_1"
"shared_vrf_bram","LUT6","i_vrf/ecc_leaf_a_q[13]_i_1"
"shared_vrf_bram","LUT6","i_vrf/ecc_leaf_a_q[14]_i_1"
"shared_vrf_bram","LUT6","i_vrf/ecc_leaf_a_q[15]_i_1"
"shared_vrf_bram","LUT6","i_vrf/ecc_leaf_a_q[16]_i_1"
"shared_vrf_bram","LUT6","i_vrf/ecc_leaf_a_q[17]_i_1"
"shared_vrf_bram","LUT6","i_vrf/ecc_leaf_a_q[18]_i_1"
"shared_vrf_bram","LUT6","i_vrf/ecc_leaf_a_q[19]_i_1"
"shared_vrf_bram","LUT6","i_vrf/ecc_leaf_a_q[1]_i_1"
"shared_vrf_bram","LUT6","i_vrf/ecc_leaf_a_q[20]_i_1"
"shared_vrf_bram","LUT6","i_vrf/ecc_leaf_a_q[21]_i_1"
"shared_vrf_bram","LUT6","i_vrf/ecc_leaf_a_q[22]_i_1"
"shared_vrf_bram","LUT6","i_vrf/ecc_leaf_a_q[23]_i_1"
"shared_vrf_bram","LUT6","i_vrf/ecc_leaf_a_q[24]_i_1"
"shared_vrf_bram","LUT6","i_vrf/ecc_leaf_a_q[25]_i_1"
"shared_vrf_bram","LUT6","i_vrf/ecc_leaf_a_q[26]_i_1"
"shared_vrf_bram","LUT6","i_vrf/ecc_leaf_a_q[27]_i_1"
"shared_vrf_bram","LUT6","i_vrf/ecc_leaf_a_q[28]_i_1"
"shared_vrf_bram","LUT5","i_vrf/ecc_leaf_a_q[28]_i_2"
"shared_vrf_bram","LUT6","i_vrf/ecc_leaf_a_q[29]_i_1"
"shared_vrf_bram","LUT3","i_vrf/ecc_leaf_a_q[29]_i_2"
"shared_vrf_bram","LUT6","i_vrf/ecc_leaf_a_q[2]_i_1"
"shared_vrf_bram","LUT6","i_vrf/ecc_leaf_a_q[30]_i_1"
"shared_vrf_bram","LUT3","i_vrf/ecc_leaf_a_q[30]_i_2"
"shared_vrf_bram","LUT6","i_vrf/ecc_leaf_a_q[31]_i_2"
"shared_vrf_bram","LUT6","i_vrf/ecc_leaf_a_q[31]_i_6"
"shared_vrf_bram","LUT4","i_vrf/ecc_leaf_a_q[31]_i_7"
"shared_vrf_bram","LUT3","i_vrf/ecc_leaf_a_q[31]_i_8"
"shared_vrf_bram","LUT3","i_vrf/ecc_leaf_a_q[31]_i_9"
"shared_vrf_bram","LUT6","i_vrf/ecc_leaf_a_q[3]_i_1"
"shared_vrf_bram","LUT6","i_vrf/ecc_leaf_a_q[4]_i_1"
"shared_vrf_bram","LUT6","i_vrf/ecc_leaf_a_q[5]_i_1"
"shared_vrf_bram","LUT6","i_vrf/ecc_leaf_a_q[6]_i_1"
"shared_vrf_bram","LUT6","i_vrf/ecc_leaf_a_q[7]_i_1"
"shared_vrf_bram","LUT6","i_vrf/ecc_leaf_a_q[8]_i_1"
"shared_vrf_bram","LUT6","i_vrf/ecc_leaf_a_q[9]_i_1"
"shared_vrf_bram","LUT6","i_vrf/ecc_leaf_b_q[0]_i_1"
"shared_vrf_bram","LUT6","i_vrf/ecc_leaf_b_q[10]_i_1"
"shared_vrf_bram","LUT6","i_vrf/ecc_leaf_b_q[11]_i_1"
"shared_vrf_bram","LUT6","i_vrf/ecc_leaf_b_q[12]_i_1"
"shared_vrf_bram","LUT6","i_vrf/ecc_leaf_b_q[13]_i_1"
"shared_vrf_bram","LUT6","i_vrf/ecc_leaf_b_q[14]_i_1"
"shared_vrf_bram","LUT6","i_vrf/ecc_leaf_b_q[15]_i_1"
"shared_vrf_bram","LUT6","i_vrf/ecc_leaf_b_q[16]_i_1"
"shared_vrf_bram","LUT6","i_vrf/ecc_leaf_b_q[17]_i_1"
"shared_vrf_bram","LUT6","i_vrf/ecc_leaf_b_q[18]_i_1"
"shared_vrf_bram","LUT6","i_vrf/ecc_leaf_b_q[19]_i_1"
"shared_vrf_bram","LUT6","i_vrf/ecc_leaf_b_q[1]_i_1"
"shared_vrf_bram","LUT6","i_vrf/ecc_leaf_b_q[20]_i_1"
"shared_vrf_bram","LUT6","i_vrf/ecc_leaf_b_q[21]_i_1"
"shared_vrf_bram","LUT6","i_vrf/ecc_leaf_b_q[22]_i_1"
"shared_vrf_bram","LUT6","i_vrf/ecc_leaf_b_q[23]_i_1"
"shared_vrf_bram","LUT6","i_vrf/ecc_leaf_b_q[24]_i_1"
"shared_vrf_bram","LUT6","i_vrf/ecc_leaf_b_q[25]_i_1"
"shared_vrf_bram","LUT6","i_vrf/ecc_leaf_b_q[26]_i_1"
"shared_vrf_bram","LUT6","i_vrf/ecc_leaf_b_q[27]_i_1"
"shared_vrf_bram","LUT6","i_vrf/ecc_leaf_b_q[28]_i_1"
"shared_vrf_bram","LUT6","i_vrf/ecc_leaf_b_q[29]_i_1"
"shared_vrf_bram","LUT6","i_vrf/ecc_leaf_b_q[2]_i_1"
"shared_vrf_bram","LUT6","i_vrf/ecc_leaf_b_q[30]_i_1"
"shared_vrf_bram","LUT6","i_vrf/ecc_leaf_b_q[31]_i_2"
"shared_vrf_bram","LUT4","i_vrf/ecc_leaf_b_q[31]_i_6"
"shared_vrf_bram","LUT6","i_vrf/ecc_leaf_b_q[31]_i_7"
"shared_vrf_bram","LUT6","i_vrf/ecc_leaf_b_q[3]_i_1"
"shared_vrf_bram","LUT6","i_vrf/ecc_leaf_b_q[4]_i_1"
"shared_vrf_bram","LUT6","i_vrf/ecc_leaf_b_q[5]_i_1"
"shared_vrf_bram","LUT6","i_vrf/ecc_leaf_b_q[6]_i_1"
"shared_vrf_bram","LUT6","i_vrf/ecc_leaf_b_q[7]_i_1"
"shared_vrf_bram","LUT6","i_vrf/ecc_leaf_b_q[8]_i_1"
"shared_vrf_bram","LUT6","i_vrf/ecc_leaf_b_q[9]_i_1"
"shared_vrf_bram","LUT5","i_vrf/ecc_leaf_xor_b_q[0]_i_1"
"shared_vrf_bram","LUT4","i_vrf/ecc_leaf_xor_b_q[0]_i_2"
"shared_vrf_bram","LUT4","i_vrf/ecc_leaf_xor_b_q[0]_i_3"
"shared_vrf_bram","LUT4","i_vrf/ecc_leaf_xor_b_q[0]_i_4"
"shared_vrf_bram","LUT4","i_vrf/ecc_leaf_xor_b_q[0]_i_5"
"shared_vrf_bram","LUT4","i_vrf/ecc_leaf_xor_b_q[0]_i_6"
"shared_vrf_bram","LUT5","i_vrf/ecc_leaf_xor_b_q[10]_i_1"
"shared_vrf_bram","LUT4","i_vrf/ecc_leaf_xor_b_q[10]_i_2"
"shared_vrf_bram","LUT4","i_vrf/ecc_leaf_xor_b_q[10]_i_3"
"shared_vrf_bram","LUT4","i_vrf/ecc_leaf_xor_b_q[10]_i_4"
"shared_vrf_bram","LUT4","i_vrf/ecc_leaf_xor_b_q[10]_i_5"
"shared_vrf_bram","LUT4","i_vrf/ecc_leaf_xor_b_q[10]_i_6"
"shared_vrf_bram","LUT5","i_vrf/ecc_leaf_xor_b_q[11]_i_1"
"shared_vrf_bram","LUT4","i_vrf/ecc_leaf_xor_b_q[11]_i_2"
"shared_vrf_bram","LUT4","i_vrf/ecc_leaf_xor_b_q[11]_i_3"
"shared_vrf_bram","LUT4","i_vrf/ecc_leaf_xor_b_q[11]_i_4"
"shared_vrf_bram","LUT4","i_vrf/ecc_leaf_xor_b_q[11]_i_5"
"shared_vrf_bram","LUT4","i_vrf/ecc_leaf_xor_b_q[11]_i_6"
"shared_vrf_bram","LUT5","i_vrf/ecc_leaf_xor_b_q[12]_i_1"
"shared_vrf_bram","LUT4","i_vrf/ecc_leaf_xor_b_q[12]_i_2"
"shared_vrf_bram","LUT4","i_vrf/ecc_leaf_xor_b_q[12]_i_3"
"shared_vrf_bram","LUT4","i_vrf/ecc_leaf_xor_b_q[12]_i_4"
"shared_vrf_bram","LUT4","i_vrf/ecc_leaf_xor_b_q[12]_i_5"
"shared_vrf_bram","LUT4","i_vrf/ecc_leaf_xor_b_q[12]_i_6"
"shared_vrf_bram","LUT5","i_vrf/ecc_leaf_xor_b_q[13]_i_1"
"shared_vrf_bram","LUT4","i_vrf/ecc_leaf_xor_b_q[13]_i_2"
"shared_vrf_bram","LUT4","i_vrf/ecc_leaf_xor_b_q[13]_i_3"
"shared_vrf_bram","LUT4","i_vrf/ecc_leaf_xor_b_q[13]_i_4"
"shared_vrf_bram","LUT4","i_vrf/ecc_leaf_xor_b_q[13]_i_5"
"shared_vrf_bram","LUT4","i_vrf/ecc_leaf_xor_b_q[13]_i_6"
"shared_vrf_bram","LUT5","i_vrf/ecc_leaf_xor_b_q[14]_i_1"
"shared_vrf_bram","LUT4","i_vrf/ecc_leaf_xor_b_q[14]_i_2"
"shared_vrf_bram","LUT4","i_vrf/ecc_leaf_xor_b_q[14]_i_3"
"shared_vrf_bram","LUT4","i_vrf/ecc_leaf_xor_b_q[14]_i_4"
"shared_vrf_bram","LUT4","i_vrf/ecc_leaf_xor_b_q[14]_i_5"
"shared_vrf_bram","LUT4","i_vrf/ecc_leaf_xor_b_q[14]_i_6"
"shared_vrf_bram","LUT5","i_vrf/ecc_leaf_xor_b_q[15]_i_1"
"shared_vrf_bram","LUT4","i_vrf/ecc_leaf_xor_b_q[15]_i_2"
"shared_vrf_bram","LUT4","i_vrf/ecc_leaf_xor_b_q[15]_i_3"
"shared_vrf_bram","LUT4","i_vrf/ecc_leaf_xor_b_q[15]_i_4"
"shared_vrf_bram","LUT4","i_vrf/ecc_leaf_xor_b_q[15]_i_5"
"shared_vrf_bram","LUT4","i_vrf/ecc_leaf_xor_b_q[15]_i_6"
"shared_vrf_bram","LUT5","i_vrf/ecc_leaf_xor_b_q[16]_i_1"
"shared_vrf_bram","LUT4","i_vrf/ecc_leaf_xor_b_q[16]_i_2"
"shared_vrf_bram","LUT4","i_vrf/ecc_leaf_xor_b_q[16]_i_3"
"shared_vrf_bram","LUT4","i_vrf/ecc_leaf_xor_b_q[16]_i_4"
"shared_vrf_bram","LUT4","i_vrf/ecc_leaf_xor_b_q[16]_i_5"
"shared_vrf_bram","LUT4","i_vrf/ecc_leaf_xor_b_q[16]_i_6"
"shared_vrf_bram","LUT5","i_vrf/ecc_leaf_xor_b_q[17]_i_1"
"shared_vrf_bram","LUT4","i_vrf/ecc_leaf_xor_b_q[17]_i_2"
"shared_vrf_bram","LUT4","i_vrf/ecc_leaf_xor_b_q[17]_i_3"
"shared_vrf_bram","LUT4","i_vrf/ecc_leaf_xor_b_q[17]_i_4"
"shared_vrf_bram","LUT4","i_vrf/ecc_leaf_xor_b_q[17]_i_5"
"shared_vrf_bram","LUT4","i_vrf/ecc_leaf_xor_b_q[17]_i_6"
"shared_vrf_bram","LUT5","i_vrf/ecc_leaf_xor_b_q[18]_i_1"
"shared_vrf_bram","LUT4","i_vrf/ecc_leaf_xor_b_q[18]_i_2"
"shared_vrf_bram","LUT4","i_vrf/ecc_leaf_xor_b_q[18]_i_3"
"shared_vrf_bram","LUT4","i_vrf/ecc_leaf_xor_b_q[18]_i_4"
"shared_vrf_bram","LUT4","i_vrf/ecc_leaf_xor_b_q[18]_i_5"
"shared_vrf_bram","LUT4","i_vrf/ecc_leaf_xor_b_q[18]_i_6"
"shared_vrf_bram","LUT5","i_vrf/ecc_leaf_xor_b_q[19]_i_1"
"shared_vrf_bram","LUT4","i_vrf/ecc_leaf_xor_b_q[19]_i_2"
"shared_vrf_bram","LUT4","i_vrf/ecc_leaf_xor_b_q[19]_i_3"
"shared_vrf_bram","LUT4","i_vrf/ecc_leaf_xor_b_q[19]_i_4"
"shared_vrf_bram","LUT4","i_vrf/ecc_leaf_xor_b_q[19]_i_5"
"shared_vrf_bram","LUT4","i_vrf/ecc_leaf_xor_b_q[19]_i_6"
"shared_vrf_bram","LUT5","i_vrf/ecc_leaf_xor_b_q[1]_i_1"
"shared_vrf_bram","LUT4","i_vrf/ecc_leaf_xor_b_q[1]_i_2"
"shared_vrf_bram","LUT4","i_vrf/ecc_leaf_xor_b_q[1]_i_3"
"shared_vrf_bram","LUT4","i_vrf/ecc_leaf_xor_b_q[1]_i_4"
"shared_vrf_bram","LUT4","i_vrf/ecc_leaf_xor_b_q[1]_i_5"
"shared_vrf_bram","LUT4","i_vrf/ecc_leaf_xor_b_q[1]_i_6"
"shared_vrf_bram","LUT5","i_vrf/ecc_leaf_xor_b_q[20]_i_1"
"shared_vrf_bram","LUT4","i_vrf/ecc_leaf_xor_b_q[20]_i_2"
"shared_vrf_bram","LUT4","i_vrf/ecc_leaf_xor_b_q[20]_i_3"
"shared_vrf_bram","LUT4","i_vrf/ecc_leaf_xor_b_q[20]_i_4"
"shared_vrf_bram","LUT4","i_vrf/ecc_leaf_xor_b_q[20]_i_5"
"shared_vrf_bram","LUT4","i_vrf/ecc_leaf_xor_b_q[20]_i_6"
"shared_vrf_bram","LUT5","i_vrf/ecc_leaf_xor_b_q[21]_i_1"
"shared_vrf_bram","LUT4","i_vrf/ecc_leaf_xor_b_q[21]_i_2"
"shared_vrf_bram","LUT4","i_vrf/ecc_leaf_xor_b_q[21]_i_3"
"shared_vrf_bram","LUT4","i_vrf/ecc_leaf_xor_b_q[21]_i_4"
"shared_vrf_bram","LUT4","i_vrf/ecc_leaf_xor_b_q[21]_i_5"
"shared_vrf_bram","LUT4","i_vrf/ecc_leaf_xor_b_q[21]_i_6"
"shared_vrf_bram","LUT5","i_vrf/ecc_leaf_xor_b_q[22]_i_1"
"shared_vrf_bram","LUT4","i_vrf/ecc_leaf_xor_b_q[22]_i_2"
"shared_vrf_bram","LUT4","i_vrf/ecc_leaf_xor_b_q[22]_i_3"
"shared_vrf_bram","LUT4","i_vrf/ecc_leaf_xor_b_q[22]_i_4"
"shared_vrf_bram","LUT4","i_vrf/ecc_leaf_xor_b_q[22]_i_5"
"shared_vrf_bram","LUT4","i_vrf/ecc_leaf_xor_b_q[22]_i_6"
"shared_vrf_bram","LUT5","i_vrf/ecc_leaf_xor_b_q[23]_i_1"
"shared_vrf_bram","LUT4","i_vrf/ecc_leaf_xor_b_q[23]_i_2"
"shared_vrf_bram","LUT4","i_vrf/ecc_leaf_xor_b_q[23]_i_3"
"shared_vrf_bram","LUT4","i_vrf/ecc_leaf_xor_b_q[23]_i_4"
"shared_vrf_bram","LUT4","i_vrf/ecc_leaf_xor_b_q[23]_i_5"
"shared_vrf_bram","LUT4","i_vrf/ecc_leaf_xor_b_q[23]_i_6"
"shared_vrf_bram","LUT5","i_vrf/ecc_leaf_xor_b_q[24]_i_1"
"shared_vrf_bram","LUT4","i_vrf/ecc_leaf_xor_b_q[24]_i_2"
"shared_vrf_bram","LUT4","i_vrf/ecc_leaf_xor_b_q[24]_i_3"
"shared_vrf_bram","LUT4","i_vrf/ecc_leaf_xor_b_q[24]_i_4"
"shared_vrf_bram","LUT4","i_vrf/ecc_leaf_xor_b_q[24]_i_5"
"shared_vrf_bram","LUT4","i_vrf/ecc_leaf_xor_b_q[24]_i_6"
"shared_vrf_bram","LUT5","i_vrf/ecc_leaf_xor_b_q[25]_i_1"
"shared_vrf_bram","LUT4","i_vrf/ecc_leaf_xor_b_q[25]_i_2"
"shared_vrf_bram","LUT4","i_vrf/ecc_leaf_xor_b_q[25]_i_3"
"shared_vrf_bram","LUT4","i_vrf/ecc_leaf_xor_b_q[25]_i_4"
"shared_vrf_bram","LUT4","i_vrf/ecc_leaf_xor_b_q[25]_i_5"
"shared_vrf_bram","LUT4","i_vrf/ecc_leaf_xor_b_q[25]_i_6"
"shared_vrf_bram","LUT5","i_vrf/ecc_leaf_xor_b_q[26]_i_1"
"shared_vrf_bram","LUT4","i_vrf/ecc_leaf_xor_b_q[26]_i_2"
"shared_vrf_bram","LUT4","i_vrf/ecc_leaf_xor_b_q[26]_i_3"
"shared_vrf_bram","LUT4","i_vrf/ecc_leaf_xor_b_q[26]_i_4"
"shared_vrf_bram","LUT4","i_vrf/ecc_leaf_xor_b_q[26]_i_5"
"shared_vrf_bram","LUT4","i_vrf/ecc_leaf_xor_b_q[26]_i_6"
"shared_vrf_bram","LUT5","i_vrf/ecc_leaf_xor_b_q[27]_i_1"
"shared_vrf_bram","LUT4","i_vrf/ecc_leaf_xor_b_q[27]_i_2"
"shared_vrf_bram","LUT4","i_vrf/ecc_leaf_xor_b_q[27]_i_3"
"shared_vrf_bram","LUT4","i_vrf/ecc_leaf_xor_b_q[27]_i_4"
"shared_vrf_bram","LUT4","i_vrf/ecc_leaf_xor_b_q[27]_i_5"
"shared_vrf_bram","LUT4","i_vrf/ecc_leaf_xor_b_q[27]_i_6"
"shared_vrf_bram","LUT5","i_vrf/ecc_leaf_xor_b_q[28]_i_1"
"shared_vrf_bram","LUT4","i_vrf/ecc_leaf_xor_b_q[28]_i_2"
"shared_vrf_bram","LUT4","i_vrf/ecc_leaf_xor_b_q[28]_i_3"
"shared_vrf_bram","LUT4","i_vrf/ecc_leaf_xor_b_q[28]_i_4"
"shared_vrf_bram","LUT4","i_vrf/ecc_leaf_xor_b_q[28]_i_5"
"shared_vrf_bram","LUT4","i_vrf/ecc_leaf_xor_b_q[28]_i_6"
"shared_vrf_bram","LUT5","i_vrf/ecc_leaf_xor_b_q[29]_i_1"
"shared_vrf_bram","LUT4","i_vrf/ecc_leaf_xor_b_q[29]_i_2"
"shared_vrf_bram","LUT4","i_vrf/ecc_leaf_xor_b_q[29]_i_3"
"shared_vrf_bram","LUT4","i_vrf/ecc_leaf_xor_b_q[29]_i_4"
"shared_vrf_bram","LUT4","i_vrf/ecc_leaf_xor_b_q[29]_i_5"
"shared_vrf_bram","LUT4","i_vrf/ecc_leaf_xor_b_q[29]_i_6"
"shared_vrf_bram","LUT5","i_vrf/ecc_leaf_xor_b_q[2]_i_1"
"shared_vrf_bram","LUT4","i_vrf/ecc_leaf_xor_b_q[2]_i_2"
"shared_vrf_bram","LUT4","i_vrf/ecc_leaf_xor_b_q[2]_i_3"
"shared_vrf_bram","LUT4","i_vrf/ecc_leaf_xor_b_q[2]_i_4"
"shared_vrf_bram","LUT4","i_vrf/ecc_leaf_xor_b_q[2]_i_5"
"shared_vrf_bram","LUT4","i_vrf/ecc_leaf_xor_b_q[2]_i_6"
"shared_vrf_bram","LUT5","i_vrf/ecc_leaf_xor_b_q[30]_i_1"
"shared_vrf_bram","LUT4","i_vrf/ecc_leaf_xor_b_q[30]_i_2"
"shared_vrf_bram","LUT4","i_vrf/ecc_leaf_xor_b_q[30]_i_3"
"shared_vrf_bram","LUT4","i_vrf/ecc_leaf_xor_b_q[30]_i_4"
"shared_vrf_bram","LUT4","i_vrf/ecc_leaf_xor_b_q[30]_i_5"
"shared_vrf_bram","LUT4","i_vrf/ecc_leaf_xor_b_q[30]_i_6"
"shared_vrf_bram","LUT6","i_vrf/ecc_leaf_xor_b_q[31]_i_10"
"shared_vrf_bram","LUT4","i_vrf/ecc_leaf_xor_b_q[31]_i_11"
"shared_vrf_bram","LUT5","i_vrf/ecc_leaf_xor_b_q[31]_i_12"
"shared_vrf_bram","LUT5","i_vrf/ecc_leaf_xor_b_q[31]_i_2"
"shared_vrf_bram","LUT4","i_vrf/ecc_leaf_xor_b_q[31]_i_3"
"shared_vrf_bram","LUT6","i_vrf/ecc_leaf_xor_b_q[31]_i_4"
"shared_vrf_bram","LUT4","i_vrf/ecc_leaf_xor_b_q[31]_i_5"
"shared_vrf_bram","LUT4","i_vrf/ecc_leaf_xor_b_q[31]_i_6"
"shared_vrf_bram","LUT3","i_vrf/ecc_leaf_xor_b_q[31]_i_7"
"shared_vrf_bram","LUT4","i_vrf/ecc_leaf_xor_b_q[31]_i_8"
"shared_vrf_bram","LUT4","i_vrf/ecc_leaf_xor_b_q[31]_i_9"
"shared_vrf_bram","LUT5","i_vrf/ecc_leaf_xor_b_q[3]_i_1"
"shared_vrf_bram","LUT4","i_vrf/ecc_leaf_xor_b_q[3]_i_2"
"shared_vrf_bram","LUT4","i_vrf/ecc_leaf_xor_b_q[3]_i_3"
"shared_vrf_bram","LUT4","i_vrf/ecc_leaf_xor_b_q[3]_i_4"
"shared_vrf_bram","LUT4","i_vrf/ecc_leaf_xor_b_q[3]_i_5"
"shared_vrf_bram","LUT4","i_vrf/ecc_leaf_xor_b_q[3]_i_6"
"shared_vrf_bram","LUT5","i_vrf/ecc_leaf_xor_b_q[4]_i_1"
"shared_vrf_bram","LUT4","i_vrf/ecc_leaf_xor_b_q[4]_i_2"
"shared_vrf_bram","LUT4","i_vrf/ecc_leaf_xor_b_q[4]_i_3"
"shared_vrf_bram","LUT4","i_vrf/ecc_leaf_xor_b_q[4]_i_4"
"shared_vrf_bram","LUT4","i_vrf/ecc_leaf_xor_b_q[4]_i_5"
"shared_vrf_bram","LUT4","i_vrf/ecc_leaf_xor_b_q[4]_i_6"
"shared_vrf_bram","LUT5","i_vrf/ecc_leaf_xor_b_q[5]_i_1"
"shared_vrf_bram","LUT4","i_vrf/ecc_leaf_xor_b_q[5]_i_2"
"shared_vrf_bram","LUT4","i_vrf/ecc_leaf_xor_b_q[5]_i_3"
"shared_vrf_bram","LUT4","i_vrf/ecc_leaf_xor_b_q[5]_i_4"
"shared_vrf_bram","LUT4","i_vrf/ecc_leaf_xor_b_q[5]_i_5"
"shared_vrf_bram","LUT4","i_vrf/ecc_leaf_xor_b_q[5]_i_6"
"shared_vrf_bram","LUT5","i_vrf/ecc_leaf_xor_b_q[6]_i_1"
"shared_vrf_bram","LUT4","i_vrf/ecc_leaf_xor_b_q[6]_i_2"
"shared_vrf_bram","LUT4","i_vrf/ecc_leaf_xor_b_q[6]_i_3"
"shared_vrf_bram","LUT4","i_vrf/ecc_leaf_xor_b_q[6]_i_4"
"shared_vrf_bram","LUT4","i_vrf/ecc_leaf_xor_b_q[6]_i_5"
"shared_vrf_bram","LUT4","i_vrf/ecc_leaf_xor_b_q[6]_i_6"
"shared_vrf_bram","LUT5","i_vrf/ecc_leaf_xor_b_q[7]_i_1"
"shared_vrf_bram","LUT4","i_vrf/ecc_leaf_xor_b_q[7]_i_2"
"shared_vrf_bram","LUT4","i_vrf/ecc_leaf_xor_b_q[7]_i_3"
"shared_vrf_bram","LUT4","i_vrf/ecc_leaf_xor_b_q[7]_i_4"
"shared_vrf_bram","LUT4","i_vrf/ecc_leaf_xor_b_q[7]_i_5"
"shared_vrf_bram","LUT4","i_vrf/ecc_leaf_xor_b_q[7]_i_6"
"shared_vrf_bram","LUT5","i_vrf/ecc_leaf_xor_b_q[8]_i_1"
"shared_vrf_bram","LUT4","i_vrf/ecc_leaf_xor_b_q[8]_i_2"
"shared_vrf_bram","LUT4","i_vrf/ecc_leaf_xor_b_q[8]_i_3"
"shared_vrf_bram","LUT4","i_vrf/ecc_leaf_xor_b_q[8]_i_4"
"shared_vrf_bram","LUT4","i_vrf/ecc_leaf_xor_b_q[8]_i_5"
"shared_vrf_bram","LUT4","i_vrf/ecc_leaf_xor_b_q[8]_i_6"
"shared_vrf_bram","LUT5","i_vrf/ecc_leaf_xor_b_q[9]_i_1"
"shared_vrf_bram","LUT4","i_vrf/ecc_leaf_xor_b_q[9]_i_2"
"shared_vrf_bram","LUT4","i_vrf/ecc_leaf_xor_b_q[9]_i_3"
"shared_vrf_bram","LUT4","i_vrf/ecc_leaf_xor_b_q[9]_i_4"
"shared_vrf_bram","LUT4","i_vrf/ecc_leaf_xor_b_q[9]_i_5"
"shared_vrf_bram","LUT4","i_vrf/ecc_leaf_xor_b_q[9]_i_6"
"shared_vrf_bram","LUT5","i_vrf/ecc_pmul_bit_q[7]_i_10"
"shared_vrf_bram","LUT5","i_vrf/ecc_pmul_bit_q[7]_i_11"
"shared_vrf_bram","LUT6","i_vrf/ecc_pmul_bit_q[7]_i_4"
"shared_vrf_bram","LUT6","i_vrf/ecc_pmul_bit_q[7]_i_7"
"shared_vrf_bram","LUT6","i_vrf/ecc_pmul_bit_q[7]_i_8"
"shared_vrf_bram","LUT6","i_vrf/ecc_pmul_bit_q[7]_i_9"
"shared_vrf_bram","LUT6","i_vrf/ecc_pmul_scalar_bit_q_i_1"
"shared_vrf_bram","LUT6","i_vrf/ecc_pmul_scalar_bit_q_i_100"
"shared_vrf_bram","LUT6","i_vrf/ecc_pmul_scalar_bit_q_i_101"
"shared_vrf_bram","LUT6","i_vrf/ecc_pmul_scalar_bit_q_i_102"
"shared_vrf_bram","LUT6","i_vrf/ecc_pmul_scalar_bit_q_i_103"
"shared_vrf_bram","LUT6","i_vrf/ecc_pmul_scalar_bit_q_i_104"
"shared_vrf_bram","LUT6","i_vrf/ecc_pmul_scalar_bit_q_i_105"
"shared_vrf_bram","LUT6","i_vrf/ecc_pmul_scalar_bit_q_i_106"
"shared_vrf_bram","LUT6","i_vrf/ecc_pmul_scalar_bit_q_i_107"
"shared_vrf_bram","LUT6","i_vrf/ecc_pmul_scalar_bit_q_i_108"
"shared_vrf_bram","LUT6","i_vrf/ecc_pmul_scalar_bit_q_i_109"
"shared_vrf_bram","LUT6","i_vrf/ecc_pmul_scalar_bit_q_i_110"
"shared_vrf_bram","LUT6","i_vrf/ecc_pmul_scalar_bit_q_i_111"
"shared_vrf_bram","LUT6","i_vrf/ecc_pmul_scalar_bit_q_i_112"
"shared_vrf_bram","LUT6","i_vrf/ecc_pmul_scalar_bit_q_i_113"
"shared_vrf_bram","LUT6","i_vrf/ecc_pmul_scalar_bit_q_i_114"
"shared_vrf_bram","LUT6","i_vrf/ecc_pmul_scalar_bit_q_i_115"
"shared_vrf_bram","LUT6","i_vrf/ecc_pmul_scalar_bit_q_i_116"
"shared_vrf_bram","LUT6","i_vrf/ecc_pmul_scalar_bit_q_i_117"
"shared_vrf_bram","LUT6","i_vrf/ecc_pmul_scalar_bit_q_i_118"
"shared_vrf_bram","LUT6","i_vrf/ecc_pmul_scalar_bit_q_i_119"
"shared_vrf_bram","LUT6","i_vrf/ecc_pmul_scalar_bit_q_i_2"
"shared_vrf_bram","LUT5","i_vrf/ecc_pmul_scalar_bit_q_i_3"
"shared_vrf_bram","LUT6","i_vrf/ecc_pmul_scalar_bit_q_i_4"
"shared_vrf_bram","LUT6","i_vrf/ecc_pmul_scalar_bit_q_i_5"
"shared_vrf_bram","LUT6","i_vrf/ecc_pmul_scalar_bit_q_i_56"
"shared_vrf_bram","LUT6","i_vrf/ecc_pmul_scalar_bit_q_i_57"
"shared_vrf_bram","LUT6","i_vrf/ecc_pmul_scalar_bit_q_i_58"
"shared_vrf_bram","LUT6","i_vrf/ecc_pmul_scalar_bit_q_i_59"
"shared_vrf_bram","LUT6","i_vrf/ecc_pmul_scalar_bit_q_i_6"
"shared_vrf_bram","LUT6","i_vrf/ecc_pmul_scalar_bit_q_i_60"
"shared_vrf_bram","LUT6","i_vrf/ecc_pmul_scalar_bit_q_i_61"
"shared_vrf_bram","LUT6","i_vrf/ecc_pmul_scalar_bit_q_i_62"
"shared_vrf_bram","LUT6","i_vrf/ecc_pmul_scalar_bit_q_i_63"
"shared_vrf_bram","LUT6","i_vrf/ecc_pmul_scalar_bit_q_i_64"
"shared_vrf_bram","LUT6","i_vrf/ecc_pmul_scalar_bit_q_i_65"
"shared_vrf_bram","LUT6","i_vrf/ecc_pmul_scalar_bit_q_i_66"
"shared_vrf_bram","LUT6","i_vrf/ecc_pmul_scalar_bit_q_i_67"
"shared_vrf_bram","LUT6","i_vrf/ecc_pmul_scalar_bit_q_i_68"
"shared_vrf_bram","LUT6","i_vrf/ecc_pmul_scalar_bit_q_i_69"
"shared_vrf_bram","LUT6","i_vrf/ecc_pmul_scalar_bit_q_i_7"
"shared_vrf_bram","LUT6","i_vrf/ecc_pmul_scalar_bit_q_i_70"
"shared_vrf_bram","LUT6","i_vrf/ecc_pmul_scalar_bit_q_i_71"
"shared_vrf_bram","LUT6","i_vrf/ecc_pmul_scalar_bit_q_i_72"
"shared_vrf_bram","LUT6","i_vrf/ecc_pmul_scalar_bit_q_i_73"
"shared_vrf_bram","LUT6","i_vrf/ecc_pmul_scalar_bit_q_i_74"
"shared_vrf_bram","LUT6","i_vrf/ecc_pmul_scalar_bit_q_i_75"
"shared_vrf_bram","LUT6","i_vrf/ecc_pmul_scalar_bit_q_i_76"
"shared_vrf_bram","LUT6","i_vrf/ecc_pmul_scalar_bit_q_i_77"
"shared_vrf_bram","LUT6","i_vrf/ecc_pmul_scalar_bit_q_i_78"
"shared_vrf_bram","LUT6","i_vrf/ecc_pmul_scalar_bit_q_i_79"
"shared_vrf_bram","LUT6","i_vrf/ecc_pmul_scalar_bit_q_i_80"
"shared_vrf_bram","LUT6","i_vrf/ecc_pmul_scalar_bit_q_i_81"
"shared_vrf_bram","LUT6","i_vrf/ecc_pmul_scalar_bit_q_i_82"
"shared_vrf_bram","LUT6","i_vrf/ecc_pmul_scalar_bit_q_i_83"
"shared_vrf_bram","LUT6","i_vrf/ecc_pmul_scalar_bit_q_i_84"
"shared_vrf_bram","LUT6","i_vrf/ecc_pmul_scalar_bit_q_i_85"
"shared_vrf_bram","LUT6","i_vrf/ecc_pmul_scalar_bit_q_i_86"
"shared_vrf_bram","LUT6","i_vrf/ecc_pmul_scalar_bit_q_i_87"
"shared_vrf_bram","LUT6","i_vrf/ecc_pmul_scalar_bit_q_i_88"
"shared_vrf_bram","LUT6","i_vrf/ecc_pmul_scalar_bit_q_i_89"
"shared_vrf_bram","LUT6","i_vrf/ecc_pmul_scalar_bit_q_i_90"
"shared_vrf_bram","LUT6","i_vrf/ecc_pmul_scalar_bit_q_i_91"
"shared_vrf_bram","LUT6","i_vrf/ecc_pmul_scalar_bit_q_i_92"
"shared_vrf_bram","LUT6","i_vrf/ecc_pmul_scalar_bit_q_i_93"
"shared_vrf_bram","LUT6","i_vrf/ecc_pmul_scalar_bit_q_i_94"
"shared_vrf_bram","LUT6","i_vrf/ecc_pmul_scalar_bit_q_i_95"
"shared_vrf_bram","LUT6","i_vrf/ecc_pmul_scalar_bit_q_i_96"
"shared_vrf_bram","LUT6","i_vrf/ecc_pmul_scalar_bit_q_i_97"
"shared_vrf_bram","LUT6","i_vrf/ecc_pmul_scalar_bit_q_i_98"
"shared_vrf_bram","LUT6","i_vrf/ecc_pmul_scalar_bit_q_i_99"
"shared_vrf_bram","MUXF8","i_vrf/ecc_pmul_scalar_bit_q_reg_i_10"
"shared_vrf_bram","MUXF8","i_vrf/ecc_pmul_scalar_bit_q_reg_i_11"
"shared_vrf_bram","MUXF8","i_vrf/ecc_pmul_scalar_bit_q_reg_i_12"
"shared_vrf_bram","MUXF8","i_vrf/ecc_pmul_scalar_bit_q_reg_i_13"
"shared_vrf_bram","MUXF8","i_vrf/ecc_pmul_scalar_bit_q_reg_i_14"
"shared_vrf_bram","MUXF8","i_vrf/ecc_pmul_scalar_bit_q_reg_i_15"
"shared_vrf_bram","MUXF8","i_vrf/ecc_pmul_scalar_bit_q_reg_i_16"
"shared_vrf_bram","MUXF8","i_vrf/ecc_pmul_scalar_bit_q_reg_i_17"
"shared_vrf_bram","MUXF8","i_vrf/ecc_pmul_scalar_bit_q_reg_i_18"
"shared_vrf_bram","MUXF8","i_vrf/ecc_pmul_scalar_bit_q_reg_i_19"
"shared_vrf_bram","MUXF8","i_vrf/ecc_pmul_scalar_bit_q_reg_i_20"
"shared_vrf_bram","MUXF8","i_vrf/ecc_pmul_scalar_bit_q_reg_i_21"
"shared_vrf_bram","MUXF8","i_vrf/ecc_pmul_scalar_bit_q_reg_i_22"
"shared_vrf_bram","MUXF8","i_vrf/ecc_pmul_scalar_bit_q_reg_i_23"
"shared_vrf_bram","MUXF7","i_vrf/ecc_pmul_scalar_bit_q_reg_i_24"
"shared_vrf_bram","MUXF7","i_vrf/ecc_pmul_scalar_bit_q_reg_i_25"
"shared_vrf_bram","MUXF7","i_vrf/ecc_pmul_scalar_bit_q_reg_i_26"
"shared_vrf_bram","MUXF7","i_vrf/ecc_pmul_scalar_bit_q_reg_i_27"
"shared_vrf_bram","MUXF7","i_vrf/ecc_pmul_scalar_bit_q_reg_i_28"
"shared_vrf_bram","MUXF7","i_vrf/ecc_pmul_scalar_bit_q_reg_i_29"
"shared_vrf_bram","MUXF7","i_vrf/ecc_pmul_scalar_bit_q_reg_i_30"
"shared_vrf_bram","MUXF7","i_vrf/ecc_pmul_scalar_bit_q_reg_i_31"
"shared_vrf_bram","MUXF7","i_vrf/ecc_pmul_scalar_bit_q_reg_i_32"
"shared_vrf_bram","MUXF7","i_vrf/ecc_pmul_scalar_bit_q_reg_i_33"
"shared_vrf_bram","MUXF7","i_vrf/ecc_pmul_scalar_bit_q_reg_i_34"
"shared_vrf_bram","MUXF7","i_vrf/ecc_pmul_scalar_bit_q_reg_i_35"
"shared_vrf_bram","MUXF7","i_vrf/ecc_pmul_scalar_bit_q_reg_i_36"
"shared_vrf_bram","MUXF7","i_vrf/ecc_pmul_scalar_bit_q_reg_i_37"
"shared_vrf_bram","MUXF7","i_vrf/ecc_pmul_scalar_bit_q_reg_i_38"
"shared_vrf_bram","MUXF7","i_vrf/ecc_pmul_scalar_bit_q_reg_i_39"
"shared_vrf_bram","MUXF7","i_vrf/ecc_pmul_scalar_bit_q_reg_i_40"
"shared_vrf_bram","MUXF7","i_vrf/ecc_pmul_scalar_bit_q_reg_i_41"
"shared_vrf_bram","MUXF7","i_vrf/ecc_pmul_scalar_bit_q_reg_i_42"
"shared_vrf_bram","MUXF7","i_vrf/ecc_pmul_scalar_bit_q_reg_i_43"
"shared_vrf_bram","MUXF7","i_vrf/ecc_pmul_scalar_bit_q_reg_i_44"
"shared_vrf_bram","MUXF7","i_vrf/ecc_pmul_scalar_bit_q_reg_i_45"
"shared_vrf_bram","MUXF7","i_vrf/ecc_pmul_scalar_bit_q_reg_i_46"
"shared_vrf_bram","MUXF7","i_vrf/ecc_pmul_scalar_bit_q_reg_i_47"
"shared_vrf_bram","MUXF7","i_vrf/ecc_pmul_scalar_bit_q_reg_i_48"
"shared_vrf_bram","MUXF7","i_vrf/ecc_pmul_scalar_bit_q_reg_i_49"
"shared_vrf_bram","MUXF7","i_vrf/ecc_pmul_scalar_bit_q_reg_i_50"
"shared_vrf_bram","MUXF7","i_vrf/ecc_pmul_scalar_bit_q_reg_i_51"
"shared_vrf_bram","MUXF7","i_vrf/ecc_pmul_scalar_bit_q_reg_i_52"
"shared_vrf_bram","MUXF7","i_vrf/ecc_pmul_scalar_bit_q_reg_i_53"
"shared_vrf_bram","MUXF7","i_vrf/ecc_pmul_scalar_bit_q_reg_i_54"
"shared_vrf_bram","MUXF7","i_vrf/ecc_pmul_scalar_bit_q_reg_i_55"
"shared_vrf_bram","MUXF8","i_vrf/ecc_pmul_scalar_bit_q_reg_i_8"
"shared_vrf_bram","MUXF8","i_vrf/ecc_pmul_scalar_bit_q_reg_i_9"
"shared_vrf_bram","LUT5","i_vrf/ecc_pmul_step_q[5]_i_3"
"shared_vrf_bram","LUT4","i_vrf/ecc_pmul_step_q[5]_i_9"
"shared_vrf_bram","LUT6","i_vrf/ecc_product_pair_reg_0_3_0_0_i_2"
"shared_vrf_bram","LUT5","i_vrf/ecc_sqr_repeat_q[6]_i_8"
"shared_vrf_bram","RAMB36E1","i_vrf/gen_bank[0].vrf_mem_reg"
"shared_vrf_bram","LUT6","i_vrf/gen_bank[0].vrf_mem_reg_i_100"
"shared_vrf_bram","LUT6","i_vrf/gen_bank[0].vrf_mem_reg_i_102"
"shared_vrf_bram","LUT4","i_vrf/gen_bank[0].vrf_mem_reg_i_103"
"shared_vrf_bram","LUT6","i_vrf/gen_bank[0].vrf_mem_reg_i_105"
"shared_vrf_bram","LUT4","i_vrf/gen_bank[0].vrf_mem_reg_i_107"
"shared_vrf_bram","LUT6","i_vrf/gen_bank[0].vrf_mem_reg_i_108"
"shared_vrf_bram","LUT6","i_vrf/gen_bank[0].vrf_mem_reg_i_110"
"shared_vrf_bram","LUT4","i_vrf/gen_bank[0].vrf_mem_reg_i_112"
"shared_vrf_bram","LUT6","i_vrf/gen_bank[0].vrf_mem_reg_i_113"
"shared_vrf_bram","LUT6","i_vrf/gen_bank[0].vrf_mem_reg_i_115"
"shared_vrf_bram","LUT6","i_vrf/gen_bank[0].vrf_mem_reg_i_117"
"shared_vrf_bram","LUT6","i_vrf/gen_bank[0].vrf_mem_reg_i_119"
"shared_vrf_bram","LUT4","i_vrf/gen_bank[0].vrf_mem_reg_i_121"
"shared_vrf_bram","LUT6","i_vrf/gen_bank[0].vrf_mem_reg_i_122"
"shared_vrf_bram","LUT6","i_vrf/gen_bank[0].vrf_mem_reg_i_124"
"shared_vrf_bram","LUT4","i_vrf/gen_bank[0].vrf_mem_reg_i_126"
"shared_vrf_bram","LUT6","i_vrf/gen_bank[0].vrf_mem_reg_i_127"
"shared_vrf_bram","LUT6","i_vrf/gen_bank[0].vrf_mem_reg_i_129"
"shared_vrf_bram","LUT4","i_vrf/gen_bank[0].vrf_mem_reg_i_131"
"shared_vrf_bram","LUT6","i_vrf/gen_bank[0].vrf_mem_reg_i_132"
"shared_vrf_bram","LUT6","i_vrf/gen_bank[0].vrf_mem_reg_i_134"
"shared_vrf_bram","LUT4","i_vrf/gen_bank[0].vrf_mem_reg_i_136"
"shared_vrf_bram","LUT6","i_vrf/gen_bank[0].vrf_mem_reg_i_137"
"shared_vrf_bram","LUT6","i_vrf/gen_bank[0].vrf_mem_reg_i_139"
"shared_vrf_bram","LUT6","i_vrf/gen_bank[0].vrf_mem_reg_i_141"
"shared_vrf_bram","LUT4","i_vrf/gen_bank[0].vrf_mem_reg_i_142"
"shared_vrf_bram","LUT6","i_vrf/gen_bank[0].vrf_mem_reg_i_144"
"shared_vrf_bram","LUT6","i_vrf/gen_bank[0].vrf_mem_reg_i_146"
"shared_vrf_bram","LUT6","i_vrf/gen_bank[0].vrf_mem_reg_i_148"
"shared_vrf_bram","LUT6","i_vrf/gen_bank[0].vrf_mem_reg_i_150"
"shared_vrf_bram","LUT6","i_vrf/gen_bank[0].vrf_mem_reg_i_152"
"shared_vrf_bram","LUT6","i_vrf/gen_bank[0].vrf_mem_reg_i_154"
"shared_vrf_bram","LUT6","i_vrf/gen_bank[0].vrf_mem_reg_i_156"
"shared_vrf_bram","LUT6","i_vrf/gen_bank[0].vrf_mem_reg_i_158"
"shared_vrf_bram","LUT6","i_vrf/gen_bank[0].vrf_mem_reg_i_160"
"shared_vrf_bram","LUT6","i_vrf/gen_bank[0].vrf_mem_reg_i_162"
"shared_vrf_bram","LUT6","i_vrf/gen_bank[0].vrf_mem_reg_i_164"
"shared_vrf_bram","LUT6","i_vrf/gen_bank[0].vrf_mem_reg_i_166"
"shared_vrf_bram","LUT6","i_vrf/gen_bank[0].vrf_mem_reg_i_168"
"shared_vrf_bram","LUT6","i_vrf/gen_bank[0].vrf_mem_reg_i_170"
"shared_vrf_bram","LUT6","i_vrf/gen_bank[0].vrf_mem_reg_i_172"
"shared_vrf_bram","LUT6","i_vrf/gen_bank[0].vrf_mem_reg_i_174"
"shared_vrf_bram","LUT6","i_vrf/gen_bank[0].vrf_mem_reg_i_176"
"shared_vrf_bram","LUT6","i_vrf/gen_bank[0].vrf_mem_reg_i_178"
"shared_vrf_bram","LUT6","i_vrf/gen_bank[0].vrf_mem_reg_i_180"
"shared_vrf_bram","LUT4","i_vrf/gen_bank[0].vrf_mem_reg_i_182"
"shared_vrf_bram","LUT6","i_vrf/gen_bank[0].vrf_mem_reg_i_183"
"shared_vrf_bram","LUT6","i_vrf/gen_bank[0].vrf_mem_reg_i_185"
"shared_vrf_bram","LUT4","i_vrf/gen_bank[0].vrf_mem_reg_i_187"
"shared_vrf_bram","LUT6","i_vrf/gen_bank[0].vrf_mem_reg_i_188"
"shared_vrf_bram","LUT6","i_vrf/gen_bank[0].vrf_mem_reg_i_190"
"shared_vrf_bram","LUT4","i_vrf/gen_bank[0].vrf_mem_reg_i_192"
"shared_vrf_bram","LUT6","i_vrf/gen_bank[0].vrf_mem_reg_i_193"
"shared_vrf_bram","LUT6","i_vrf/gen_bank[0].vrf_mem_reg_i_195"
"shared_vrf_bram","LUT6","i_vrf/gen_bank[0].vrf_mem_reg_i_197"
"shared_vrf_bram","LUT6","i_vrf/gen_bank[0].vrf_mem_reg_i_199"
"shared_vrf_bram","LUT4","i_vrf/gen_bank[0].vrf_mem_reg_i_201"
"shared_vrf_bram","LUT6","i_vrf/gen_bank[0].vrf_mem_reg_i_202"
"shared_vrf_bram","LUT6","i_vrf/gen_bank[0].vrf_mem_reg_i_204"
"shared_vrf_bram","LUT6","i_vrf/gen_bank[0].vrf_mem_reg_i_206"
"shared_vrf_bram","LUT6","i_vrf/gen_bank[0].vrf_mem_reg_i_208"
"shared_vrf_bram","LUT4","i_vrf/gen_bank[0].vrf_mem_reg_i_210"
"shared_vrf_bram","LUT6","i_vrf/gen_bank[0].vrf_mem_reg_i_211"
"shared_vrf_bram","LUT6","i_vrf/gen_bank[0].vrf_mem_reg_i_213"
"shared_vrf_bram","LUT6","i_vrf/gen_bank[0].vrf_mem_reg_i_214"
"shared_vrf_bram","LUT6","i_vrf/gen_bank[0].vrf_mem_reg_i_215"
"shared_vrf_bram","LUT6","i_vrf/gen_bank[0].vrf_mem_reg_i_216"
"shared_vrf_bram","LUT6","i_vrf/gen_bank[0].vrf_mem_reg_i_217"
"shared_vrf_bram","LUT6","i_vrf/gen_bank[0].vrf_mem_reg_i_218"
"shared_vrf_bram","LUT6","i_vrf/gen_bank[0].vrf_mem_reg_i_219"
"shared_vrf_bram","LUT6","i_vrf/gen_bank[0].vrf_mem_reg_i_220"
"shared_vrf_bram","LUT6","i_vrf/gen_bank[0].vrf_mem_reg_i_221"
"shared_vrf_bram","LUT6","i_vrf/gen_bank[0].vrf_mem_reg_i_222"
"shared_vrf_bram","LUT6","i_vrf/gen_bank[0].vrf_mem_reg_i_223"
"shared_vrf_bram","LUT6","i_vrf/gen_bank[0].vrf_mem_reg_i_224"
"shared_vrf_bram","LUT6","i_vrf/gen_bank[0].vrf_mem_reg_i_225"
"shared_vrf_bram","LUT6","i_vrf/gen_bank[0].vrf_mem_reg_i_226"
"shared_vrf_bram","LUT6","i_vrf/gen_bank[0].vrf_mem_reg_i_227"
"shared_vrf_bram","LUT6","i_vrf/gen_bank[0].vrf_mem_reg_i_228"
"shared_vrf_bram","LUT6","i_vrf/gen_bank[0].vrf_mem_reg_i_229"
"shared_vrf_bram","LUT6","i_vrf/gen_bank[0].vrf_mem_reg_i_231"
"shared_vrf_bram","LUT5","i_vrf/gen_bank[0].vrf_mem_reg_i_232"
"shared_vrf_bram","LUT5","i_vrf/gen_bank[0].vrf_mem_reg_i_233"
"shared_vrf_bram","LUT5","i_vrf/gen_bank[0].vrf_mem_reg_i_234"
"shared_vrf_bram","LUT5","i_vrf/gen_bank[0].vrf_mem_reg_i_235"
"shared_vrf_bram","LUT5","i_vrf/gen_bank[0].vrf_mem_reg_i_236"
"shared_vrf_bram","LUT5","i_vrf/gen_bank[0].vrf_mem_reg_i_237"
"shared_vrf_bram","LUT5","i_vrf/gen_bank[0].vrf_mem_reg_i_238"
"shared_vrf_bram","LUT5","i_vrf/gen_bank[0].vrf_mem_reg_i_239"
"shared_vrf_bram","LUT2","i_vrf/gen_bank[0].vrf_mem_reg_i_240"
"shared_vrf_bram","LUT5","i_vrf/gen_bank[0].vrf_mem_reg_i_241"
"shared_vrf_bram","LUT2","i_vrf/gen_bank[0].vrf_mem_reg_i_242"
"shared_vrf_bram","LUT6","i_vrf/gen_bank[0].vrf_mem_reg_i_243"
"shared_vrf_bram","LUT2","i_vrf/gen_bank[0].vrf_mem_reg_i_244"
"shared_vrf_bram","LUT6","i_vrf/gen_bank[0].vrf_mem_reg_i_245"
"shared_vrf_bram","LUT6","i_vrf/gen_bank[0].vrf_mem_reg_i_246"
"shared_vrf_bram","LUT6","i_vrf/gen_bank[0].vrf_mem_reg_i_247"
"shared_vrf_bram","LUT6","i_vrf/gen_bank[0].vrf_mem_reg_i_248"
"shared_vrf_bram","LUT6","i_vrf/gen_bank[0].vrf_mem_reg_i_249"
"shared_vrf_bram","LUT6","i_vrf/gen_bank[0].vrf_mem_reg_i_250"
"shared_vrf_bram","LUT6","i_vrf/gen_bank[0].vrf_mem_reg_i_251"
"shared_vrf_bram","LUT6","i_vrf/gen_bank[0].vrf_mem_reg_i_252"
"shared_vrf_bram","LUT4","i_vrf/gen_bank[0].vrf_mem_reg_i_65"
"shared_vrf_bram","LUT4","i_vrf/gen_bank[0].vrf_mem_reg_i_67"
"shared_vrf_bram","LUT6","i_vrf/gen_bank[0].vrf_mem_reg_i_68"
"shared_vrf_bram","LUT6","i_vrf/gen_bank[0].vrf_mem_reg_i_70"
"shared_vrf_bram","LUT6","i_vrf/gen_bank[0].vrf_mem_reg_i_72"
"shared_vrf_bram","LUT4","i_vrf/gen_bank[0].vrf_mem_reg_i_73"
"shared_vrf_bram","LUT6","i_vrf/gen_bank[0].vrf_mem_reg_i_75"
"shared_vrf_bram","LUT6","i_vrf/gen_bank[0].vrf_mem_reg_i_77"
"shared_vrf_bram","LUT4","i_vrf/gen_bank[0].vrf_mem_reg_i_78"
"shared_vrf_bram","LUT6","i_vrf/gen_bank[0].vrf_mem_reg_i_80"
"shared_vrf_bram","LUT4","i_vrf/gen_bank[0].vrf_mem_reg_i_82"
"shared_vrf_bram","LUT6","i_vrf/gen_bank[0].vrf_mem_reg_i_83"
"shared_vrf_bram","LUT6","i_vrf/gen_bank[0].vrf_mem_reg_i_85"
"shared_vrf_bram","LUT6","i_vrf/gen_bank[0].vrf_mem_reg_i_87"
"shared_vrf_bram","LUT4","i_vrf/gen_bank[0].vrf_mem_reg_i_88"
"shared_vrf_bram","LUT6","i_vrf/gen_bank[0].vrf_mem_reg_i_90"
"shared_vrf_bram","LUT4","i_vrf/gen_bank[0].vrf_mem_reg_i_92"
"shared_vrf_bram","LUT6","i_vrf/gen_bank[0].vrf_mem_reg_i_93"
"shared_vrf_bram","LUT6","i_vrf/gen_bank[0].vrf_mem_reg_i_95"
"shared_vrf_bram","LUT4","i_vrf/gen_bank[0].vrf_mem_reg_i_97"
"shared_vrf_bram","LUT6","i_vrf/gen_bank[0].vrf_mem_reg_i_98"
"shared_vrf_bram","RAMB36E1","i_vrf/gen_bank[1].vrf_mem_reg"
"shared_vrf_bram","LUT6","i_vrf/gen_bank[1].vrf_mem_reg_i_100"
"shared_vrf_bram","LUT6","i_vrf/gen_bank[1].vrf_mem_reg_i_102"
"shared_vrf_bram","LUT4","i_vrf/gen_bank[1].vrf_mem_reg_i_103"
"shared_vrf_bram","LUT6","i_vrf/gen_bank[1].vrf_mem_reg_i_105"
"shared_vrf_bram","LUT6","i_vrf/gen_bank[1].vrf_mem_reg_i_107"
"shared_vrf_bram","LUT6","i_vrf/gen_bank[1].vrf_mem_reg_i_109"
"shared_vrf_bram","LUT6","i_vrf/gen_bank[1].vrf_mem_reg_i_111"
"shared_vrf_bram","LUT6","i_vrf/gen_bank[1].vrf_mem_reg_i_113"
"shared_vrf_bram","LUT6","i_vrf/gen_bank[1].vrf_mem_reg_i_115"
"shared_vrf_bram","LUT6","i_vrf/gen_bank[1].vrf_mem_reg_i_117"
"shared_vrf_bram","LUT6","i_vrf/gen_bank[1].vrf_mem_reg_i_119"
"shared_vrf_bram","LUT6","i_vrf/gen_bank[1].vrf_mem_reg_i_121"
"shared_vrf_bram","LUT6","i_vrf/gen_bank[1].vrf_mem_reg_i_123"
"shared_vrf_bram","LUT6","i_vrf/gen_bank[1].vrf_mem_reg_i_125"
"shared_vrf_bram","LUT6","i_vrf/gen_bank[1].vrf_mem_reg_i_127"
"shared_vrf_bram","LUT6","i_vrf/gen_bank[1].vrf_mem_reg_i_129"
"shared_vrf_bram","LUT6","i_vrf/gen_bank[1].vrf_mem_reg_i_131"
"shared_vrf_bram","LUT6","i_vrf/gen_bank[1].vrf_mem_reg_i_133"
"shared_vrf_bram","LUT6","i_vrf/gen_bank[1].vrf_mem_reg_i_135"
"shared_vrf_bram","LUT6","i_vrf/gen_bank[1].vrf_mem_reg_i_137"
"shared_vrf_bram","LUT6","i_vrf/gen_bank[1].vrf_mem_reg_i_139"
"shared_vrf_bram","LUT6","i_vrf/gen_bank[1].vrf_mem_reg_i_141"
"shared_vrf_bram","LUT6","i_vrf/gen_bank[1].vrf_mem_reg_i_143"
"shared_vrf_bram","LUT6","i_vrf/gen_bank[1].vrf_mem_reg_i_145"
"shared_vrf_bram","LUT6","i_vrf/gen_bank[1].vrf_mem_reg_i_147"
"shared_vrf_bram","LUT6","i_vrf/gen_bank[1].vrf_mem_reg_i_149"
"shared_vrf_bram","LUT6","i_vrf/gen_bank[1].vrf_mem_reg_i_151"
"shared_vrf_bram","LUT6","i_vrf/gen_bank[1].vrf_mem_reg_i_153"
"shared_vrf_bram","LUT6","i_vrf/gen_bank[1].vrf_mem_reg_i_155"
"shared_vrf_bram","LUT6","i_vrf/gen_bank[1].vrf_mem_reg_i_157"
"shared_vrf_bram","LUT6","i_vrf/gen_bank[1].vrf_mem_reg_i_159"
"shared_vrf_bram","LUT4","i_vrf/gen_bank[1].vrf_mem_reg_i_160"
"shared_vrf_bram","LUT6","i_vrf/gen_bank[1].vrf_mem_reg_i_162"
"shared_vrf_bram","LUT6","i_vrf/gen_bank[1].vrf_mem_reg_i_164"
"shared_vrf_bram","LUT6","i_vrf/gen_bank[1].vrf_mem_reg_i_166"
"shared_vrf_bram","LUT6","i_vrf/gen_bank[1].vrf_mem_reg_i_168"
"shared_vrf_bram","LUT6","i_vrf/gen_bank[1].vrf_mem_reg_i_170"
"shared_vrf_bram","LUT6","i_vrf/gen_bank[1].vrf_mem_reg_i_172"
"shared_vrf_bram","LUT6","i_vrf/gen_bank[1].vrf_mem_reg_i_174"
"shared_vrf_bram","LUT6","i_vrf/gen_bank[1].vrf_mem_reg_i_176"
"shared_vrf_bram","LUT6","i_vrf/gen_bank[1].vrf_mem_reg_i_178"
"shared_vrf_bram","LUT6","i_vrf/gen_bank[1].vrf_mem_reg_i_180"
"shared_vrf_bram","LUT6","i_vrf/gen_bank[1].vrf_mem_reg_i_182"
"shared_vrf_bram","LUT6","i_vrf/gen_bank[1].vrf_mem_reg_i_184"
"shared_vrf_bram","LUT6","i_vrf/gen_bank[1].vrf_mem_reg_i_186"
"shared_vrf_bram","LUT6","i_vrf/gen_bank[1].vrf_mem_reg_i_188"
"shared_vrf_bram","LUT6","i_vrf/gen_bank[1].vrf_mem_reg_i_190"
"shared_vrf_bram","LUT6","i_vrf/gen_bank[1].vrf_mem_reg_i_192"
"shared_vrf_bram","LUT6","i_vrf/gen_bank[1].vrf_mem_reg_i_194"
"shared_vrf_bram","LUT6","i_vrf/gen_bank[1].vrf_mem_reg_i_196"
"shared_vrf_bram","LUT4","i_vrf/gen_bank[1].vrf_mem_reg_i_197"
"shared_vrf_bram","LUT6","i_vrf/gen_bank[1].vrf_mem_reg_i_199"
"shared_vrf_bram","LUT6","i_vrf/gen_bank[1].vrf_mem_reg_i_200"
"shared_vrf_bram","LUT6","i_vrf/gen_bank[1].vrf_mem_reg_i_201"
"shared_vrf_bram","LUT6","i_vrf/gen_bank[1].vrf_mem_reg_i_202"
"shared_vrf_bram","LUT6","i_vrf/gen_bank[1].vrf_mem_reg_i_203"
"shared_vrf_bram","LUT6","i_vrf/gen_bank[1].vrf_mem_reg_i_204"
"shared_vrf_bram","LUT6","i_vrf/gen_bank[1].vrf_mem_reg_i_205"
"shared_vrf_bram","LUT6","i_vrf/gen_bank[1].vrf_mem_reg_i_206"
"shared_vrf_bram","LUT6","i_vrf/gen_bank[1].vrf_mem_reg_i_207"
"shared_vrf_bram","LUT6","i_vrf/gen_bank[1].vrf_mem_reg_i_208"
"shared_vrf_bram","LUT6","i_vrf/gen_bank[1].vrf_mem_reg_i_209"
"shared_vrf_bram","LUT6","i_vrf/gen_bank[1].vrf_mem_reg_i_210"
"shared_vrf_bram","LUT6","i_vrf/gen_bank[1].vrf_mem_reg_i_211"
"shared_vrf_bram","LUT6","i_vrf/gen_bank[1].vrf_mem_reg_i_212"
"shared_vrf_bram","LUT6","i_vrf/gen_bank[1].vrf_mem_reg_i_213"
"shared_vrf_bram","LUT5","i_vrf/gen_bank[1].vrf_mem_reg_i_214"
"shared_vrf_bram","LUT5","i_vrf/gen_bank[1].vrf_mem_reg_i_215"
"shared_vrf_bram","LUT5","i_vrf/gen_bank[1].vrf_mem_reg_i_216"
"shared_vrf_bram","LUT5","i_vrf/gen_bank[1].vrf_mem_reg_i_217"
"shared_vrf_bram","LUT2","i_vrf/gen_bank[1].vrf_mem_reg_i_218"
"shared_vrf_bram","LUT5","i_vrf/gen_bank[1].vrf_mem_reg_i_219"
"shared_vrf_bram","LUT6","i_vrf/gen_bank[1].vrf_mem_reg_i_220"
"shared_vrf_bram","LUT6","i_vrf/gen_bank[1].vrf_mem_reg_i_221"
"shared_vrf_bram","LUT6","i_vrf/gen_bank[1].vrf_mem_reg_i_222"
"shared_vrf_bram","LUT6","i_vrf/gen_bank[1].vrf_mem_reg_i_223"
"shared_vrf_bram","LUT6","i_vrf/gen_bank[1].vrf_mem_reg_i_224"
"shared_vrf_bram","LUT6","i_vrf/gen_bank[1].vrf_mem_reg_i_225"
"shared_vrf_bram","LUT2","i_vrf/gen_bank[1].vrf_mem_reg_i_226"
"shared_vrf_bram","LUT6","i_vrf/gen_bank[1].vrf_mem_reg_i_227"
"shared_vrf_bram","LUT6","i_vrf/gen_bank[1].vrf_mem_reg_i_228"
"shared_vrf_bram","LUT6","i_vrf/gen_bank[1].vrf_mem_reg_i_229"
"shared_vrf_bram","LUT6","i_vrf/gen_bank[1].vrf_mem_reg_i_230"
"shared_vrf_bram","LUT6","i_vrf/gen_bank[1].vrf_mem_reg_i_231"
"shared_vrf_bram","LUT6","i_vrf/gen_bank[1].vrf_mem_reg_i_232"
"shared_vrf_bram","LUT6","i_vrf/gen_bank[1].vrf_mem_reg_i_233"
"shared_vrf_bram","LUT6","i_vrf/gen_bank[1].vrf_mem_reg_i_234"
"shared_vrf_bram","LUT6","i_vrf/gen_bank[1].vrf_mem_reg_i_235"
"shared_vrf_bram","LUT6","i_vrf/gen_bank[1].vrf_mem_reg_i_236"
"shared_vrf_bram","LUT6","i_vrf/gen_bank[1].vrf_mem_reg_i_237"
"shared_vrf_bram","LUT6","i_vrf/gen_bank[1].vrf_mem_reg_i_238"
"shared_vrf_bram","LUT6","i_vrf/gen_bank[1].vrf_mem_reg_i_239"
"shared_vrf_bram","LUT6","i_vrf/gen_bank[1].vrf_mem_reg_i_240"
"shared_vrf_bram","LUT4","i_vrf/gen_bank[1].vrf_mem_reg_i_65"
"shared_vrf_bram","LUT6","i_vrf/gen_bank[1].vrf_mem_reg_i_67"
"shared_vrf_bram","LUT6","i_vrf/gen_bank[1].vrf_mem_reg_i_69"
"shared_vrf_bram","LUT6","i_vrf/gen_bank[1].vrf_mem_reg_i_71"
"shared_vrf_bram","LUT6","i_vrf/gen_bank[1].vrf_mem_reg_i_73"
"shared_vrf_bram","LUT6","i_vrf/gen_bank[1].vrf_mem_reg_i_75"
"shared_vrf_bram","LUT6","i_vrf/gen_bank[1].vrf_mem_reg_i_77"
"shared_vrf_bram","LUT2","i_vrf/gen_bank[1].vrf_mem_reg_i_79"
"shared_vrf_bram","LUT6","i_vrf/gen_bank[1].vrf_mem_reg_i_80"
"shared_vrf_bram","LUT6","i_vrf/gen_bank[1].vrf_mem_reg_i_82"
"shared_vrf_bram","LUT6","i_vrf/gen_bank[1].vrf_mem_reg_i_84"
"shared_vrf_bram","LUT6","i_vrf/gen_bank[1].vrf_mem_reg_i_86"
"shared_vrf_bram","LUT4","i_vrf/gen_bank[1].vrf_mem_reg_i_88"
"shared_vrf_bram","LUT6","i_vrf/gen_bank[1].vrf_mem_reg_i_89"
"shared_vrf_bram","LUT6","i_vrf/gen_bank[1].vrf_mem_reg_i_91"
"shared_vrf_bram","LUT6","i_vrf/gen_bank[1].vrf_mem_reg_i_93"
"shared_vrf_bram","LUT6","i_vrf/gen_bank[1].vrf_mem_reg_i_95"
"shared_vrf_bram","LUT6","i_vrf/gen_bank[1].vrf_mem_reg_i_97"
"shared_vrf_bram","LUT4","i_vrf/gen_bank[1].vrf_mem_reg_i_98"
"shared_vrf_bram","RAMB36E1","i_vrf/gen_bank[2].vrf_mem_reg"
"shared_vrf_bram","LUT6","i_vrf/gen_bank[2].vrf_mem_reg_i_100"
"shared_vrf_bram","LUT6","i_vrf/gen_bank[2].vrf_mem_reg_i_102"
"shared_vrf_bram","LUT6","i_vrf/gen_bank[2].vrf_mem_reg_i_104"
"shared_vrf_bram","LUT6","i_vrf/gen_bank[2].vrf_mem_reg_i_106"
"shared_vrf_bram","LUT6","i_vrf/gen_bank[2].vrf_mem_reg_i_108"
"shared_vrf_bram","LUT6","i_vrf/gen_bank[2].vrf_mem_reg_i_110"
"shared_vrf_bram","LUT6","i_vrf/gen_bank[2].vrf_mem_reg_i_112"
"shared_vrf_bram","LUT6","i_vrf/gen_bank[2].vrf_mem_reg_i_114"
"shared_vrf_bram","LUT6","i_vrf/gen_bank[2].vrf_mem_reg_i_116"
"shared_vrf_bram","LUT6","i_vrf/gen_bank[2].vrf_mem_reg_i_118"
"shared_vrf_bram","LUT6","i_vrf/gen_bank[2].vrf_mem_reg_i_120"
"shared_vrf_bram","LUT6","i_vrf/gen_bank[2].vrf_mem_reg_i_122"
"shared_vrf_bram","LUT6","i_vrf/gen_bank[2].vrf_mem_reg_i_124"
"shared_vrf_bram","LUT6","i_vrf/gen_bank[2].vrf_mem_reg_i_126"
"shared_vrf_bram","LUT6","i_vrf/gen_bank[2].vrf_mem_reg_i_128"
"shared_vrf_bram","LUT6","i_vrf/gen_bank[2].vrf_mem_reg_i_130"
"shared_vrf_bram","LUT6","i_vrf/gen_bank[2].vrf_mem_reg_i_132"
"shared_vrf_bram","LUT6","i_vrf/gen_bank[2].vrf_mem_reg_i_134"
"shared_vrf_bram","LUT6","i_vrf/gen_bank[2].vrf_mem_reg_i_136"
"shared_vrf_bram","LUT6","i_vrf/gen_bank[2].vrf_mem_reg_i_138"
"shared_vrf_bram","LUT6","i_vrf/gen_bank[2].vrf_mem_reg_i_14"
"shared_vrf_bram","LUT6","i_vrf/gen_bank[2].vrf_mem_reg_i_140"
"shared_vrf_bram","LUT6","i_vrf/gen_bank[2].vrf_mem_reg_i_142"
"shared_vrf_bram","LUT6","i_vrf/gen_bank[2].vrf_mem_reg_i_144"
"shared_vrf_bram","LUT6","i_vrf/gen_bank[2].vrf_mem_reg_i_146"
"shared_vrf_bram","LUT6","i_vrf/gen_bank[2].vrf_mem_reg_i_148"
"shared_vrf_bram","LUT6","i_vrf/gen_bank[2].vrf_mem_reg_i_150"
"shared_vrf_bram","LUT6","i_vrf/gen_bank[2].vrf_mem_reg_i_152"
"shared_vrf_bram","LUT6","i_vrf/gen_bank[2].vrf_mem_reg_i_154"
"shared_vrf_bram","LUT6","i_vrf/gen_bank[2].vrf_mem_reg_i_156"
"shared_vrf_bram","LUT6","i_vrf/gen_bank[2].vrf_mem_reg_i_158"
"shared_vrf_bram","LUT6","i_vrf/gen_bank[2].vrf_mem_reg_i_16"
"shared_vrf_bram","LUT6","i_vrf/gen_bank[2].vrf_mem_reg_i_160"
"shared_vrf_bram","LUT6","i_vrf/gen_bank[2].vrf_mem_reg_i_162"
"shared_vrf_bram","LUT6","i_vrf/gen_bank[2].vrf_mem_reg_i_164"
"shared_vrf_bram","LUT6","i_vrf/gen_bank[2].vrf_mem_reg_i_166"
"shared_vrf_bram","LUT6","i_vrf/gen_bank[2].vrf_mem_reg_i_168"
"shared_vrf_bram","LUT6","i_vrf/gen_bank[2].vrf_mem_reg_i_170"
"shared_vrf_bram","LUT6","i_vrf/gen_bank[2].vrf_mem_reg_i_172"
"shared_vrf_bram","LUT6","i_vrf/gen_bank[2].vrf_mem_reg_i_174"
"shared_vrf_bram","LUT6","i_vrf/gen_bank[2].vrf_mem_reg_i_176"
"shared_vrf_bram","LUT6","i_vrf/gen_bank[2].vrf_mem_reg_i_178"
"shared_vrf_bram","LUT6","i_vrf/gen_bank[2].vrf_mem_reg_i_180"
"shared_vrf_bram","LUT6","i_vrf/gen_bank[2].vrf_mem_reg_i_182"
"shared_vrf_bram","LUT6","i_vrf/gen_bank[2].vrf_mem_reg_i_184"
"shared_vrf_bram","LUT6","i_vrf/gen_bank[2].vrf_mem_reg_i_186"
"shared_vrf_bram","LUT6","i_vrf/gen_bank[2].vrf_mem_reg_i_188"
"shared_vrf_bram","LUT6","i_vrf/gen_bank[2].vrf_mem_reg_i_190"
"shared_vrf_bram","LUT6","i_vrf/gen_bank[2].vrf_mem_reg_i_192"
"shared_vrf_bram","LUT6","i_vrf/gen_bank[2].vrf_mem_reg_i_194"
"shared_vrf_bram","LUT6","i_vrf/gen_bank[2].vrf_mem_reg_i_195"
"shared_vrf_bram","LUT6","i_vrf/gen_bank[2].vrf_mem_reg_i_196"
"shared_vrf_bram","LUT6","i_vrf/gen_bank[2].vrf_mem_reg_i_197"
"shared_vrf_bram","LUT6","i_vrf/gen_bank[2].vrf_mem_reg_i_198"
"shared_vrf_bram","LUT6","i_vrf/gen_bank[2].vrf_mem_reg_i_199"
"shared_vrf_bram","LUT6","i_vrf/gen_bank[2].vrf_mem_reg_i_2"
"shared_vrf_bram","LUT6","i_vrf/gen_bank[2].vrf_mem_reg_i_200"
"shared_vrf_bram","LUT6","i_vrf/gen_bank[2].vrf_mem_reg_i_201"
"shared_vrf_bram","LUT6","i_vrf/gen_bank[2].vrf_mem_reg_i_202"
"shared_vrf_bram","LUT6","i_vrf/gen_bank[2].vrf_mem_reg_i_203"
"shared_vrf_bram","LUT6","i_vrf/gen_bank[2].vrf_mem_reg_i_204"
"shared_vrf_bram","LUT6","i_vrf/gen_bank[2].vrf_mem_reg_i_205"
"shared_vrf_bram","LUT6","i_vrf/gen_bank[2].vrf_mem_reg_i_206"
"shared_vrf_bram","LUT6","i_vrf/gen_bank[2].vrf_mem_reg_i_207"
"shared_vrf_bram","LUT6","i_vrf/gen_bank[2].vrf_mem_reg_i_208"
"shared_vrf_bram","LUT6","i_vrf/gen_bank[2].vrf_mem_reg_i_209"
"shared_vrf_bram","LUT6","i_vrf/gen_bank[2].vrf_mem_reg_i_210"
"shared_vrf_bram","LUT6","i_vrf/gen_bank[2].vrf_mem_reg_i_211"
"shared_vrf_bram","LUT6","i_vrf/gen_bank[2].vrf_mem_reg_i_212"
"shared_vrf_bram","LUT6","i_vrf/gen_bank[2].vrf_mem_reg_i_213"
"shared_vrf_bram","LUT6","i_vrf/gen_bank[2].vrf_mem_reg_i_214"
"shared_vrf_bram","LUT6","i_vrf/gen_bank[2].vrf_mem_reg_i_215"
"shared_vrf_bram","LUT6","i_vrf/gen_bank[2].vrf_mem_reg_i_216"
"shared_vrf_bram","LUT6","i_vrf/gen_bank[2].vrf_mem_reg_i_217"
"shared_vrf_bram","LUT6","i_vrf/gen_bank[2].vrf_mem_reg_i_218"
"shared_vrf_bram","LUT6","i_vrf/gen_bank[2].vrf_mem_reg_i_219"
"shared_vrf_bram","LUT6","i_vrf/gen_bank[2].vrf_mem_reg_i_22"
"shared_vrf_bram","LUT6","i_vrf/gen_bank[2].vrf_mem_reg_i_220"
"shared_vrf_bram","LUT6","i_vrf/gen_bank[2].vrf_mem_reg_i_221"
"shared_vrf_bram","LUT6","i_vrf/gen_bank[2].vrf_mem_reg_i_222"
"shared_vrf_bram","LUT6","i_vrf/gen_bank[2].vrf_mem_reg_i_223"
"shared_vrf_bram","LUT6","i_vrf/gen_bank[2].vrf_mem_reg_i_224"
"shared_vrf_bram","LUT6","i_vrf/gen_bank[2].vrf_mem_reg_i_225"
"shared_vrf_bram","LUT6","i_vrf/gen_bank[2].vrf_mem_reg_i_226"
"shared_vrf_bram","LUT6","i_vrf/gen_bank[2].vrf_mem_reg_i_227"
"shared_vrf_bram","LUT6","i_vrf/gen_bank[2].vrf_mem_reg_i_228"
"shared_vrf_bram","LUT6","i_vrf/gen_bank[2].vrf_mem_reg_i_229"
"shared_vrf_bram","LUT6","i_vrf/gen_bank[2].vrf_mem_reg_i_230"
"shared_vrf_bram","LUT6","i_vrf/gen_bank[2].vrf_mem_reg_i_231"
"shared_vrf_bram","LUT6","i_vrf/gen_bank[2].vrf_mem_reg_i_232"
"shared_vrf_bram","LUT6","i_vrf/gen_bank[2].vrf_mem_reg_i_233"
"shared_vrf_bram","LUT6","i_vrf/gen_bank[2].vrf_mem_reg_i_234"
"shared_vrf_bram","LUT6","i_vrf/gen_bank[2].vrf_mem_reg_i_235"
"shared_vrf_bram","LUT6","i_vrf/gen_bank[2].vrf_mem_reg_i_236"
"shared_vrf_bram","LUT6","i_vrf/gen_bank[2].vrf_mem_reg_i_237"
"shared_vrf_bram","LUT6","i_vrf/gen_bank[2].vrf_mem_reg_i_238"
"shared_vrf_bram","LUT6","i_vrf/gen_bank[2].vrf_mem_reg_i_239"
"shared_vrf_bram","LUT6","i_vrf/gen_bank[2].vrf_mem_reg_i_240"
"shared_vrf_bram","LUT6","i_vrf/gen_bank[2].vrf_mem_reg_i_241"
"shared_vrf_bram","LUT6","i_vrf/gen_bank[2].vrf_mem_reg_i_242"
"shared_vrf_bram","LUT6","i_vrf/gen_bank[2].vrf_mem_reg_i_243"
"shared_vrf_bram","LUT6","i_vrf/gen_bank[2].vrf_mem_reg_i_244"
"shared_vrf_bram","LUT6","i_vrf/gen_bank[2].vrf_mem_reg_i_245"
"shared_vrf_bram","LUT6","i_vrf/gen_bank[2].vrf_mem_reg_i_246"
"shared_vrf_bram","LUT6","i_vrf/gen_bank[2].vrf_mem_reg_i_247"
"shared_vrf_bram","LUT6","i_vrf/gen_bank[2].vrf_mem_reg_i_248"
"shared_vrf_bram","LUT6","i_vrf/gen_bank[2].vrf_mem_reg_i_249"
"shared_vrf_bram","LUT6","i_vrf/gen_bank[2].vrf_mem_reg_i_250"
"shared_vrf_bram","LUT6","i_vrf/gen_bank[2].vrf_mem_reg_i_251"
"shared_vrf_bram","LUT6","i_vrf/gen_bank[2].vrf_mem_reg_i_252"
"shared_vrf_bram","LUT6","i_vrf/gen_bank[2].vrf_mem_reg_i_253"
"shared_vrf_bram","LUT6","i_vrf/gen_bank[2].vrf_mem_reg_i_254"
"shared_vrf_bram","LUT6","i_vrf/gen_bank[2].vrf_mem_reg_i_255"
"shared_vrf_bram","LUT6","i_vrf/gen_bank[2].vrf_mem_reg_i_256"
"shared_vrf_bram","LUT6","i_vrf/gen_bank[2].vrf_mem_reg_i_257"
"shared_vrf_bram","LUT6","i_vrf/gen_bank[2].vrf_mem_reg_i_258"
"shared_vrf_bram","LUT6","i_vrf/gen_bank[2].vrf_mem_reg_i_46"
"shared_vrf_bram","LUT6","i_vrf/gen_bank[2].vrf_mem_reg_i_48"
"shared_vrf_bram","LUT6","i_vrf/gen_bank[2].vrf_mem_reg_i_54"
"shared_vrf_bram","LUT6","i_vrf/gen_bank[2].vrf_mem_reg_i_62"
"shared_vrf_bram","LUT4","i_vrf/gen_bank[2].vrf_mem_reg_i_65"
"shared_vrf_bram","LUT2","i_vrf/gen_bank[2].vrf_mem_reg_i_67"
"shared_vrf_bram","LUT6","i_vrf/gen_bank[2].vrf_mem_reg_i_68"
"shared_vrf_bram","LUT6","i_vrf/gen_bank[2].vrf_mem_reg_i_70"
"shared_vrf_bram","LUT6","i_vrf/gen_bank[2].vrf_mem_reg_i_72"
"shared_vrf_bram","LUT6","i_vrf/gen_bank[2].vrf_mem_reg_i_74"
"shared_vrf_bram","LUT6","i_vrf/gen_bank[2].vrf_mem_reg_i_76"
"shared_vrf_bram","LUT6","i_vrf/gen_bank[2].vrf_mem_reg_i_78"
"shared_vrf_bram","LUT6","i_vrf/gen_bank[2].vrf_mem_reg_i_80"
"shared_vrf_bram","LUT6","i_vrf/gen_bank[2].vrf_mem_reg_i_82"
"shared_vrf_bram","LUT6","i_vrf/gen_bank[2].vrf_mem_reg_i_84"
"shared_vrf_bram","LUT6","i_vrf/gen_bank[2].vrf_mem_reg_i_86"
"shared_vrf_bram","LUT6","i_vrf/gen_bank[2].vrf_mem_reg_i_88"
"shared_vrf_bram","LUT6","i_vrf/gen_bank[2].vrf_mem_reg_i_90"
"shared_vrf_bram","LUT6","i_vrf/gen_bank[2].vrf_mem_reg_i_92"
"shared_vrf_bram","LUT6","i_vrf/gen_bank[2].vrf_mem_reg_i_94"
"shared_vrf_bram","LUT6","i_vrf/gen_bank[2].vrf_mem_reg_i_96"
"shared_vrf_bram","LUT6","i_vrf/gen_bank[2].vrf_mem_reg_i_98"
"shared_vrf_bram","RAMB36E1","i_vrf/gen_bank[3].vrf_mem_reg"
"shared_vrf_bram","LUT5","i_vrf/gen_bank[3].vrf_mem_reg_i_1"
"shared_vrf_bram","LUT6","i_vrf/gen_bank[3].vrf_mem_reg_i_101"
"shared_vrf_bram","LUT4","i_vrf/gen_bank[3].vrf_mem_reg_i_102"
"shared_vrf_bram","LUT6","i_vrf/gen_bank[3].vrf_mem_reg_i_104"
"shared_vrf_bram","LUT6","i_vrf/gen_bank[3].vrf_mem_reg_i_106"
"shared_vrf_bram","LUT6","i_vrf/gen_bank[3].vrf_mem_reg_i_108"
"shared_vrf_bram","LUT6","i_vrf/gen_bank[3].vrf_mem_reg_i_110"
"shared_vrf_bram","LUT4","i_vrf/gen_bank[3].vrf_mem_reg_i_111"
"shared_vrf_bram","LUT6","i_vrf/gen_bank[3].vrf_mem_reg_i_113"
"shared_vrf_bram","LUT6","i_vrf/gen_bank[3].vrf_mem_reg_i_115"
"shared_vrf_bram","LUT3","i_vrf/gen_bank[3].vrf_mem_reg_i_116"
"shared_vrf_bram","LUT6","i_vrf/gen_bank[3].vrf_mem_reg_i_118"
"shared_vrf_bram","LUT6","i_vrf/gen_bank[3].vrf_mem_reg_i_120"
"shared_vrf_bram","LUT4","i_vrf/gen_bank[3].vrf_mem_reg_i_121"
"shared_vrf_bram","LUT6","i_vrf/gen_bank[3].vrf_mem_reg_i_123"
"shared_vrf_bram","LUT6","i_vrf/gen_bank[3].vrf_mem_reg_i_125"
"shared_vrf_bram","LUT6","i_vrf/gen_bank[3].vrf_mem_reg_i_127"
"shared_vrf_bram","LUT6","i_vrf/gen_bank[3].vrf_mem_reg_i_129"
"shared_vrf_bram","LUT6","i_vrf/gen_bank[3].vrf_mem_reg_i_131"
"shared_vrf_bram","LUT6","i_vrf/gen_bank[3].vrf_mem_reg_i_133"
"shared_vrf_bram","LUT4","i_vrf/gen_bank[3].vrf_mem_reg_i_134"
"shared_vrf_bram","LUT6","i_vrf/gen_bank[3].vrf_mem_reg_i_136"
"shared_vrf_bram","LUT6","i_vrf/gen_bank[3].vrf_mem_reg_i_138"
"shared_vrf_bram","LUT4","i_vrf/gen_bank[3].vrf_mem_reg_i_139"
"shared_vrf_bram","LUT6","i_vrf/gen_bank[3].vrf_mem_reg_i_141"
"shared_vrf_bram","LUT6","i_vrf/gen_bank[3].vrf_mem_reg_i_143"
"shared_vrf_bram","LUT6","i_vrf/gen_bank[3].vrf_mem_reg_i_145"
"shared_vrf_bram","LUT6","i_vrf/gen_bank[3].vrf_mem_reg_i_147"
"shared_vrf_bram","LUT6","i_vrf/gen_bank[3].vrf_mem_reg_i_149"
"shared_vrf_bram","LUT6","i_vrf/gen_bank[3].vrf_mem_reg_i_151"
"shared_vrf_bram","LUT6","i_vrf/gen_bank[3].vrf_mem_reg_i_153"
"shared_vrf_bram","LUT6","i_vrf/gen_bank[3].vrf_mem_reg_i_155"
"shared_vrf_bram","LUT4","i_vrf/gen_bank[3].vrf_mem_reg_i_156"
"shared_vrf_bram","LUT6","i_vrf/gen_bank[3].vrf_mem_reg_i_158"
"shared_vrf_bram","LUT2","i_vrf/gen_bank[3].vrf_mem_reg_i_160"
"shared_vrf_bram","LUT6","i_vrf/gen_bank[3].vrf_mem_reg_i_161"
"shared_vrf_bram","LUT6","i_vrf/gen_bank[3].vrf_mem_reg_i_163"
"shared_vrf_bram","LUT4","i_vrf/gen_bank[3].vrf_mem_reg_i_165"
"shared_vrf_bram","LUT4","i_vrf/gen_bank[3].vrf_mem_reg_i_166"
"shared_vrf_bram","LUT6","i_vrf/gen_bank[3].vrf_mem_reg_i_168"
"shared_vrf_bram","LUT4","i_vrf/gen_bank[3].vrf_mem_reg_i_170"
"shared_vrf_bram","LUT6","i_vrf/gen_bank[3].vrf_mem_reg_i_172"
"shared_vrf_bram","LUT4","i_vrf/gen_bank[3].vrf_mem_reg_i_174"
"shared_vrf_bram","LUT6","i_vrf/gen_bank[3].vrf_mem_reg_i_176"
"shared_vrf_bram","LUT4","i_vrf/gen_bank[3].vrf_mem_reg_i_178"
"shared_vrf_bram","LUT6","i_vrf/gen_bank[3].vrf_mem_reg_i_18"
"shared_vrf_bram","LUT6","i_vrf/gen_bank[3].vrf_mem_reg_i_180"
"shared_vrf_bram","LUT4","i_vrf/gen_bank[3].vrf_mem_reg_i_182"
"shared_vrf_bram","LUT6","i_vrf/gen_bank[3].vrf_mem_reg_i_184"
"shared_vrf_bram","LUT4","i_vrf/gen_bank[3].vrf_mem_reg_i_186"
"shared_vrf_bram","LUT6","i_vrf/gen_bank[3].vrf_mem_reg_i_188"
"shared_vrf_bram","LUT6","i_vrf/gen_bank[3].vrf_mem_reg_i_190"
"shared_vrf_bram","LUT6","i_vrf/gen_bank[3].vrf_mem_reg_i_192"
"shared_vrf_bram","LUT4","i_vrf/gen_bank[3].vrf_mem_reg_i_194"
"shared_vrf_bram","LUT6","i_vrf/gen_bank[3].vrf_mem_reg_i_196"
"shared_vrf_bram","LUT6","i_vrf/gen_bank[3].vrf_mem_reg_i_198"
"shared_vrf_bram","LUT6","i_vrf/gen_bank[3].vrf_mem_reg_i_2"
"shared_vrf_bram","LUT6","i_vrf/gen_bank[3].vrf_mem_reg_i_20"
"shared_vrf_bram","LUT6","i_vrf/gen_bank[3].vrf_mem_reg_i_200"
"shared_vrf_bram","LUT6","i_vrf/gen_bank[3].vrf_mem_reg_i_202"
"shared_vrf_bram","LUT6","i_vrf/gen_bank[3].vrf_mem_reg_i_204"
"shared_vrf_bram","LUT6","i_vrf/gen_bank[3].vrf_mem_reg_i_206"
"shared_vrf_bram","LUT6","i_vrf/gen_bank[3].vrf_mem_reg_i_208"
"shared_vrf_bram","LUT4","i_vrf/gen_bank[3].vrf_mem_reg_i_210"
"shared_vrf_bram","LUT6","i_vrf/gen_bank[3].vrf_mem_reg_i_212"
"shared_vrf_bram","LUT6","i_vrf/gen_bank[3].vrf_mem_reg_i_214"
"shared_vrf_bram","LUT6","i_vrf/gen_bank[3].vrf_mem_reg_i_216"
"shared_vrf_bram","LUT6","i_vrf/gen_bank[3].vrf_mem_reg_i_218"
"shared_vrf_bram","LUT4","i_vrf/gen_bank[3].vrf_mem_reg_i_219"
"shared_vrf_bram","LUT6","i_vrf/gen_bank[3].vrf_mem_reg_i_22"
"shared_vrf_bram","LUT6","i_vrf/gen_bank[3].vrf_mem_reg_i_221"
"shared_vrf_bram","LUT6","i_vrf/gen_bank[3].vrf_mem_reg_i_223"
"shared_vrf_bram","LUT4","i_vrf/gen_bank[3].vrf_mem_reg_i_224"
"shared_vrf_bram","LUT6","i_vrf/gen_bank[3].vrf_mem_reg_i_226"
"shared_vrf_bram","LUT6","i_vrf/gen_bank[3].vrf_mem_reg_i_228"
"shared_vrf_bram","LUT6","i_vrf/gen_bank[3].vrf_mem_reg_i_230"
"shared_vrf_bram","LUT6","i_vrf/gen_bank[3].vrf_mem_reg_i_231"
"shared_vrf_bram","LUT6","i_vrf/gen_bank[3].vrf_mem_reg_i_232"
"shared_vrf_bram","LUT6","i_vrf/gen_bank[3].vrf_mem_reg_i_233"
"shared_vrf_bram","LUT6","i_vrf/gen_bank[3].vrf_mem_reg_i_234"
"shared_vrf_bram","LUT6","i_vrf/gen_bank[3].vrf_mem_reg_i_235"
"shared_vrf_bram","LUT2","i_vrf/gen_bank[3].vrf_mem_reg_i_236"
"shared_vrf_bram","LUT6","i_vrf/gen_bank[3].vrf_mem_reg_i_237"
"shared_vrf_bram","LUT6","i_vrf/gen_bank[3].vrf_mem_reg_i_238"
"shared_vrf_bram","LUT6","i_vrf/gen_bank[3].vrf_mem_reg_i_239"
"shared_vrf_bram","LUT6","i_vrf/gen_bank[3].vrf_mem_reg_i_24"
"shared_vrf_bram","LUT4","i_vrf/gen_bank[3].vrf_mem_reg_i_240"
"shared_vrf_bram","LUT5","i_vrf/gen_bank[3].vrf_mem_reg_i_241"
"shared_vrf_bram","LUT6","i_vrf/gen_bank[3].vrf_mem_reg_i_242"
"shared_vrf_bram","LUT6","i_vrf/gen_bank[3].vrf_mem_reg_i_243"
"shared_vrf_bram","LUT2","i_vrf/gen_bank[3].vrf_mem_reg_i_244"
"shared_vrf_bram","LUT3","i_vrf/gen_bank[3].vrf_mem_reg_i_245"
"shared_vrf_bram","LUT4","i_vrf/gen_bank[3].vrf_mem_reg_i_246"
"shared_vrf_bram","LUT6","i_vrf/gen_bank[3].vrf_mem_reg_i_247"
"shared_vrf_bram","LUT6","i_vrf/gen_bank[3].vrf_mem_reg_i_248"
"shared_vrf_bram","LUT3","i_vrf/gen_bank[3].vrf_mem_reg_i_249"
"shared_vrf_bram","LUT6","i_vrf/gen_bank[3].vrf_mem_reg_i_250"
"shared_vrf_bram","LUT2","i_vrf/gen_bank[3].vrf_mem_reg_i_251"
"shared_vrf_bram","LUT6","i_vrf/gen_bank[3].vrf_mem_reg_i_252"
"shared_vrf_bram","LUT6","i_vrf/gen_bank[3].vrf_mem_reg_i_253"
"shared_vrf_bram","LUT2","i_vrf/gen_bank[3].vrf_mem_reg_i_254"
"shared_vrf_bram","LUT2","i_vrf/gen_bank[3].vrf_mem_reg_i_255"
"shared_vrf_bram","LUT5","i_vrf/gen_bank[3].vrf_mem_reg_i_256"
"shared_vrf_bram","LUT2","i_vrf/gen_bank[3].vrf_mem_reg_i_257"
"shared_vrf_bram","LUT2","i_vrf/gen_bank[3].vrf_mem_reg_i_258"
"shared_vrf_bram","LUT5","i_vrf/gen_bank[3].vrf_mem_reg_i_259"
"shared_vrf_bram","LUT2","i_vrf/gen_bank[3].vrf_mem_reg_i_260"
"shared_vrf_bram","LUT2","i_vrf/gen_bank[3].vrf_mem_reg_i_261"
"shared_vrf_bram","LUT5","i_vrf/gen_bank[3].vrf_mem_reg_i_262"
"shared_vrf_bram","LUT2","i_vrf/gen_bank[3].vrf_mem_reg_i_263"
"shared_vrf_bram","LUT2","i_vrf/gen_bank[3].vrf_mem_reg_i_264"
"shared_vrf_bram","LUT5","i_vrf/gen_bank[3].vrf_mem_reg_i_265"
"shared_vrf_bram","LUT2","i_vrf/gen_bank[3].vrf_mem_reg_i_266"
"shared_vrf_bram","LUT2","i_vrf/gen_bank[3].vrf_mem_reg_i_267"
"shared_vrf_bram","LUT5","i_vrf/gen_bank[3].vrf_mem_reg_i_268"
"shared_vrf_bram","LUT2","i_vrf/gen_bank[3].vrf_mem_reg_i_269"
"shared_vrf_bram","LUT2","i_vrf/gen_bank[3].vrf_mem_reg_i_270"
"shared_vrf_bram","LUT5","i_vrf/gen_bank[3].vrf_mem_reg_i_271"
"shared_vrf_bram","LUT2","i_vrf/gen_bank[3].vrf_mem_reg_i_272"
"shared_vrf_bram","LUT2","i_vrf/gen_bank[3].vrf_mem_reg_i_273"
"shared_vrf_bram","LUT5","i_vrf/gen_bank[3].vrf_mem_reg_i_274"
"shared_vrf_bram","LUT2","i_vrf/gen_bank[3].vrf_mem_reg_i_275"
"shared_vrf_bram","LUT2","i_vrf/gen_bank[3].vrf_mem_reg_i_276"
"shared_vrf_bram","LUT5","i_vrf/gen_bank[3].vrf_mem_reg_i_277"
"shared_vrf_bram","LUT2","i_vrf/gen_bank[3].vrf_mem_reg_i_278"
"shared_vrf_bram","LUT2","i_vrf/gen_bank[3].vrf_mem_reg_i_279"
"shared_vrf_bram","LUT5","i_vrf/gen_bank[3].vrf_mem_reg_i_280"
"shared_vrf_bram","LUT2","i_vrf/gen_bank[3].vrf_mem_reg_i_281"
"shared_vrf_bram","LUT2","i_vrf/gen_bank[3].vrf_mem_reg_i_282"
"shared_vrf_bram","LUT5","i_vrf/gen_bank[3].vrf_mem_reg_i_283"
"shared_vrf_bram","LUT2","i_vrf/gen_bank[3].vrf_mem_reg_i_284"
"shared_vrf_bram","LUT2","i_vrf/gen_bank[3].vrf_mem_reg_i_285"
"shared_vrf_bram","LUT5","i_vrf/gen_bank[3].vrf_mem_reg_i_286"
"shared_vrf_bram","LUT2","i_vrf/gen_bank[3].vrf_mem_reg_i_287"
"shared_vrf_bram","LUT2","i_vrf/gen_bank[3].vrf_mem_reg_i_288"
"shared_vrf_bram","LUT5","i_vrf/gen_bank[3].vrf_mem_reg_i_289"
"shared_vrf_bram","LUT2","i_vrf/gen_bank[3].vrf_mem_reg_i_290"
"shared_vrf_bram","LUT2","i_vrf/gen_bank[3].vrf_mem_reg_i_291"
"shared_vrf_bram","LUT5","i_vrf/gen_bank[3].vrf_mem_reg_i_292"
"shared_vrf_bram","LUT2","i_vrf/gen_bank[3].vrf_mem_reg_i_293"
"shared_vrf_bram","LUT2","i_vrf/gen_bank[3].vrf_mem_reg_i_294"
"shared_vrf_bram","LUT5","i_vrf/gen_bank[3].vrf_mem_reg_i_295"
"shared_vrf_bram","LUT2","i_vrf/gen_bank[3].vrf_mem_reg_i_296"
"shared_vrf_bram","LUT2","i_vrf/gen_bank[3].vrf_mem_reg_i_297"
"shared_vrf_bram","LUT5","i_vrf/gen_bank[3].vrf_mem_reg_i_298"
"shared_vrf_bram","LUT6","i_vrf/gen_bank[3].vrf_mem_reg_i_299"
"shared_vrf_bram","LUT6","i_vrf/gen_bank[3].vrf_mem_reg_i_3"
"shared_vrf_bram","LUT2","i_vrf/gen_bank[3].vrf_mem_reg_i_300"
"shared_vrf_bram","LUT6","i_vrf/gen_bank[3].vrf_mem_reg_i_301"
"shared_vrf_bram","LUT2","i_vrf/gen_bank[3].vrf_mem_reg_i_302"
"shared_vrf_bram","LUT2","i_vrf/gen_bank[3].vrf_mem_reg_i_303"
"shared_vrf_bram","LUT2","i_vrf/gen_bank[3].vrf_mem_reg_i_304"
"shared_vrf_bram","LUT2","i_vrf/gen_bank[3].vrf_mem_reg_i_305"
"shared_vrf_bram","LUT2","i_vrf/gen_bank[3].vrf_mem_reg_i_306"
"shared_vrf_bram","LUT2","i_vrf/gen_bank[3].vrf_mem_reg_i_307"
"shared_vrf_bram","LUT2","i_vrf/gen_bank[3].vrf_mem_reg_i_308"
"shared_vrf_bram","LUT2","i_vrf/gen_bank[3].vrf_mem_reg_i_309"
"shared_vrf_bram","LUT2","i_vrf/gen_bank[3].vrf_mem_reg_i_310"
"shared_vrf_bram","LUT2","i_vrf/gen_bank[3].vrf_mem_reg_i_311"
"shared_vrf_bram","LUT2","i_vrf/gen_bank[3].vrf_mem_reg_i_312"
"shared_vrf_bram","LUT2","i_vrf/gen_bank[3].vrf_mem_reg_i_313"
"shared_vrf_bram","LUT2","i_vrf/gen_bank[3].vrf_mem_reg_i_314"
"shared_vrf_bram","LUT2","i_vrf/gen_bank[3].vrf_mem_reg_i_315"
"shared_vrf_bram","LUT2","i_vrf/gen_bank[3].vrf_mem_reg_i_316"
"shared_vrf_bram","LUT2","i_vrf/gen_bank[3].vrf_mem_reg_i_317"
"shared_vrf_bram","LUT2","i_vrf/gen_bank[3].vrf_mem_reg_i_318"
"shared_vrf_bram","LUT2","i_vrf/gen_bank[3].vrf_mem_reg_i_319"
"shared_vrf_bram","LUT2","i_vrf/gen_bank[3].vrf_mem_reg_i_320"
"shared_vrf_bram","LUT2","i_vrf/gen_bank[3].vrf_mem_reg_i_321"
"shared_vrf_bram","LUT5","i_vrf/gen_bank[3].vrf_mem_reg_i_322"
"shared_vrf_bram","LUT2","i_vrf/gen_bank[3].vrf_mem_reg_i_323"
"shared_vrf_bram","LUT2","i_vrf/gen_bank[3].vrf_mem_reg_i_324"
"shared_vrf_bram","LUT5","i_vrf/gen_bank[3].vrf_mem_reg_i_325"
"shared_vrf_bram","LUT2","i_vrf/gen_bank[3].vrf_mem_reg_i_326"
"shared_vrf_bram","LUT2","i_vrf/gen_bank[3].vrf_mem_reg_i_327"
"shared_vrf_bram","LUT5","i_vrf/gen_bank[3].vrf_mem_reg_i_328"
"shared_vrf_bram","LUT2","i_vrf/gen_bank[3].vrf_mem_reg_i_329"
"shared_vrf_bram","LUT2","i_vrf/gen_bank[3].vrf_mem_reg_i_330"
"shared_vrf_bram","LUT5","i_vrf/gen_bank[3].vrf_mem_reg_i_331"
"shared_vrf_bram","LUT2","i_vrf/gen_bank[3].vrf_mem_reg_i_332"
"shared_vrf_bram","LUT2","i_vrf/gen_bank[3].vrf_mem_reg_i_333"
"shared_vrf_bram","LUT5","i_vrf/gen_bank[3].vrf_mem_reg_i_334"
"shared_vrf_bram","MUXF7","i_vrf/gen_bank[3].vrf_mem_reg_i_335"
"shared_vrf_bram","LUT6","i_vrf/gen_bank[3].vrf_mem_reg_i_336"
"shared_vrf_bram","LUT2","i_vrf/gen_bank[3].vrf_mem_reg_i_337"
"shared_vrf_bram","LUT5","i_vrf/gen_bank[3].vrf_mem_reg_i_338"
"shared_vrf_bram","LUT5","i_vrf/gen_bank[3].vrf_mem_reg_i_339"
"shared_vrf_bram","LUT6","i_vrf/gen_bank[3].vrf_mem_reg_i_36"
"shared_vrf_bram","LUT6","i_vrf/gen_bank[3].vrf_mem_reg_i_4"
"shared_vrf_bram","LUT6","i_vrf/gen_bank[3].vrf_mem_reg_i_40"
"shared_vrf_bram","LUT6","i_vrf/gen_bank[3].vrf_mem_reg_i_42"
"shared_vrf_bram","LUT6","i_vrf/gen_bank[3].vrf_mem_reg_i_44"
"shared_vrf_bram","LUT6","i_vrf/gen_bank[3].vrf_mem_reg_i_46"
"shared_vrf_bram","LUT6","i_vrf/gen_bank[3].vrf_mem_reg_i_48"
"shared_vrf_bram","LUT6","i_vrf/gen_bank[3].vrf_mem_reg_i_5"
"shared_vrf_bram","LUT6","i_vrf/gen_bank[3].vrf_mem_reg_i_50"
"shared_vrf_bram","LUT6","i_vrf/gen_bank[3].vrf_mem_reg_i_52"
"shared_vrf_bram","LUT6","i_vrf/gen_bank[3].vrf_mem_reg_i_54"
"shared_vrf_bram","LUT6","i_vrf/gen_bank[3].vrf_mem_reg_i_56"
"shared_vrf_bram","LUT6","i_vrf/gen_bank[3].vrf_mem_reg_i_58"
"shared_vrf_bram","LUT6","i_vrf/gen_bank[3].vrf_mem_reg_i_6"
"shared_vrf_bram","LUT6","i_vrf/gen_bank[3].vrf_mem_reg_i_60"
"shared_vrf_bram","LUT6","i_vrf/gen_bank[3].vrf_mem_reg_i_68"
"shared_vrf_bram","LUT4","i_vrf/gen_bank[3].vrf_mem_reg_i_71"
"shared_vrf_bram","LUT6","i_vrf/gen_bank[3].vrf_mem_reg_i_72"
"shared_vrf_bram","LUT6","i_vrf/gen_bank[3].vrf_mem_reg_i_73"
"shared_vrf_bram","LUT6","i_vrf/gen_bank[3].vrf_mem_reg_i_74"
"shared_vrf_bram","LUT6","i_vrf/gen_bank[3].vrf_mem_reg_i_75"
"shared_vrf_bram","LUT6","i_vrf/gen_bank[3].vrf_mem_reg_i_76"
"shared_vrf_bram","LUT2","i_vrf/gen_bank[3].vrf_mem_reg_i_77"
"shared_vrf_bram","LUT6","i_vrf/gen_bank[3].vrf_mem_reg_i_78"
"shared_vrf_bram","LUT6","i_vrf/gen_bank[3].vrf_mem_reg_i_79"
"shared_vrf_bram","LUT6","i_vrf/gen_bank[3].vrf_mem_reg_i_80"
"shared_vrf_bram","LUT6","i_vrf/gen_bank[3].vrf_mem_reg_i_81"
"shared_vrf_bram","LUT6","i_vrf/gen_bank[3].vrf_mem_reg_i_82"
"shared_vrf_bram","LUT6","i_vrf/gen_bank[3].vrf_mem_reg_i_83"
"shared_vrf_bram","LUT6","i_vrf/gen_bank[3].vrf_mem_reg_i_84"
"shared_vrf_bram","LUT6","i_vrf/gen_bank[3].vrf_mem_reg_i_85"
"shared_vrf_bram","LUT6","i_vrf/gen_bank[3].vrf_mem_reg_i_86"
"shared_vrf_bram","LUT6","i_vrf/gen_bank[3].vrf_mem_reg_i_87"
"shared_vrf_bram","LUT6","i_vrf/gen_bank[3].vrf_mem_reg_i_88"
"shared_vrf_bram","LUT6","i_vrf/gen_bank[3].vrf_mem_reg_i_89"
"shared_vrf_bram","LUT6","i_vrf/gen_bank[3].vrf_mem_reg_i_91"
"shared_vrf_bram","LUT4","i_vrf/gen_bank[3].vrf_mem_reg_i_92"
"shared_vrf_bram","LUT6","i_vrf/gen_bank[3].vrf_mem_reg_i_94"
"shared_vrf_bram","LUT6","i_vrf/gen_bank[3].vrf_mem_reg_i_96"
"shared_vrf_bram","LUT4","i_vrf/gen_bank[3].vrf_mem_reg_i_97"
"shared_vrf_bram","LUT6","i_vrf/gen_bank[3].vrf_mem_reg_i_99"
"shared_vrf_bram","LUT6","i_vrf/hdc_src0_q[0][0]_i_1"
"shared_vrf_bram","LUT6","i_vrf/hdc_src0_q[0][10]_i_1"
"shared_vrf_bram","LUT6","i_vrf/hdc_src0_q[0][11]_i_1"
"shared_vrf_bram","LUT6","i_vrf/hdc_src0_q[0][12]_i_1"
"shared_vrf_bram","LUT6","i_vrf/hdc_src0_q[0][13]_i_1"
"shared_vrf_bram","LUT6","i_vrf/hdc_src0_q[0][14]_i_1"
"shared_vrf_bram","LUT6","i_vrf/hdc_src0_q[0][15]_i_1"
"shared_vrf_bram","LUT6","i_vrf/hdc_src0_q[0][16]_i_1"
"shared_vrf_bram","LUT6","i_vrf/hdc_src0_q[0][17]_i_1"
"shared_vrf_bram","LUT6","i_vrf/hdc_src0_q[0][18]_i_1"
"shared_vrf_bram","LUT6","i_vrf/hdc_src0_q[0][19]_i_1"
"shared_vrf_bram","LUT6","i_vrf/hdc_src0_q[0][1]_i_1"
"shared_vrf_bram","LUT6","i_vrf/hdc_src0_q[0][20]_i_1"
"shared_vrf_bram","LUT6","i_vrf/hdc_src0_q[0][21]_i_1"
"shared_vrf_bram","LUT6","i_vrf/hdc_src0_q[0][22]_i_1"
"shared_vrf_bram","LUT6","i_vrf/hdc_src0_q[0][23]_i_1"
"shared_vrf_bram","LUT6","i_vrf/hdc_src0_q[0][24]_i_1"
"shared_vrf_bram","LUT6","i_vrf/hdc_src0_q[0][25]_i_1"
"shared_vrf_bram","LUT6","i_vrf/hdc_src0_q[0][26]_i_1"
"shared_vrf_bram","LUT6","i_vrf/hdc_src0_q[0][27]_i_1"
"shared_vrf_bram","LUT6","i_vrf/hdc_src0_q[0][28]_i_1"
"shared_vrf_bram","LUT6","i_vrf/hdc_src0_q[0][29]_i_1"
"shared_vrf_bram","LUT6","i_vrf/hdc_src0_q[0][2]_i_1"
"shared_vrf_bram","LUT6","i_vrf/hdc_src0_q[0][30]_i_1"
"shared_vrf_bram","LUT6","i_vrf/hdc_src0_q[0][31]_i_1"
"shared_vrf_bram","LUT6","i_vrf/hdc_src0_q[0][32]_i_1"
"shared_vrf_bram","LUT5","i_vrf/hdc_src0_q[0][33]_i_1"
"shared_vrf_bram","LUT6","i_vrf/hdc_src0_q[0][34]_i_1"
"shared_vrf_bram","LUT5","i_vrf/hdc_src0_q[0][35]_i_1"
"shared_vrf_bram","LUT5","i_vrf/hdc_src0_q[0][36]_i_1"
"shared_vrf_bram","LUT5","i_vrf/hdc_src0_q[0][37]_i_1"
"shared_vrf_bram","LUT5","i_vrf/hdc_src0_q[0][38]_i_1"
"shared_vrf_bram","LUT5","i_vrf/hdc_src0_q[0][39]_i_1"
"shared_vrf_bram","LUT6","i_vrf/hdc_src0_q[0][3]_i_1"
"shared_vrf_bram","LUT5","i_vrf/hdc_src0_q[0][40]_i_1"
"shared_vrf_bram","LUT5","i_vrf/hdc_src0_q[0][41]_i_1"
"shared_vrf_bram","LUT6","i_vrf/hdc_src0_q[0][42]_i_1"
"shared_vrf_bram","LUT5","i_vrf/hdc_src0_q[0][43]_i_1"
"shared_vrf_bram","LUT5","i_vrf/hdc_src0_q[0][44]_i_1"
"shared_vrf_bram","LUT5","i_vrf/hdc_src0_q[0][45]_i_1"
"shared_vrf_bram","LUT5","i_vrf/hdc_src0_q[0][46]_i_1"
"shared_vrf_bram","LUT6","i_vrf/hdc_src0_q[0][47]_i_1"
"shared_vrf_bram","LUT6","i_vrf/hdc_src0_q[0][48]_i_1"
"shared_vrf_bram","LUT5","i_vrf/hdc_src0_q[0][49]_i_1"
"shared_vrf_bram","LUT6","i_vrf/hdc_src0_q[0][4]_i_1"
"shared_vrf_bram","LUT6","i_vrf/hdc_src0_q[0][50]_i_1"
"shared_vrf_bram","LUT5","i_vrf/hdc_src0_q[0][51]_i_1"
"shared_vrf_bram","LUT5","i_vrf/hdc_src0_q[0][52]_i_1"
"shared_vrf_bram","LUT5","i_vrf/hdc_src0_q[0][53]_i_1"
"shared_vrf_bram","LUT5","i_vrf/hdc_src0_q[0][54]_i_1"
"shared_vrf_bram","LUT6","i_vrf/hdc_src0_q[0][55]_i_1"
"shared_vrf_bram","LUT5","i_vrf/hdc_src0_q[0][56]_i_1"
"shared_vrf_bram","LUT5","i_vrf/hdc_src0_q[0][57]_i_1"
"shared_vrf_bram","LUT6","i_vrf/hdc_src0_q[0][58]_i_1"
"shared_vrf_bram","LUT5","i_vrf/hdc_src0_q[0][59]_i_1"
"shared_vrf_bram","LUT6","i_vrf/hdc_src0_q[0][5]_i_1"
"shared_vrf_bram","LUT5","i_vrf/hdc_src0_q[0][60]_i_1"
"shared_vrf_bram","LUT5","i_vrf/hdc_src0_q[0][61]_i_1"
"shared_vrf_bram","LUT5","i_vrf/hdc_src0_q[0][62]_i_1"
"shared_vrf_bram","LUT5","i_vrf/hdc_src0_q[0][63]_i_1"
"shared_vrf_bram","LUT6","i_vrf/hdc_src0_q[0][6]_i_1"
"shared_vrf_bram","LUT6","i_vrf/hdc_src0_q[0][7]_i_1"
"shared_vrf_bram","LUT6","i_vrf/hdc_src0_q[0][8]_i_1"
"shared_vrf_bram","LUT6","i_vrf/hdc_src0_q[0][9]_i_1"
"shared_vrf_bram","LUT6","i_vrf/hdc_src0_q[1][0]_i_1"
"shared_vrf_bram","LUT6","i_vrf/hdc_src0_q[1][10]_i_1"
"shared_vrf_bram","LUT6","i_vrf/hdc_src0_q[1][11]_i_1"
"shared_vrf_bram","LUT6","i_vrf/hdc_src0_q[1][12]_i_1"
"shared_vrf_bram","LUT6","i_vrf/hdc_src0_q[1][13]_i_1"
"shared_vrf_bram","LUT6","i_vrf/hdc_src0_q[1][14]_i_1"
"shared_vrf_bram","LUT6","i_vrf/hdc_src0_q[1][15]_i_1"
"shared_vrf_bram","LUT6","i_vrf/hdc_src0_q[1][16]_i_1"
"shared_vrf_bram","LUT6","i_vrf/hdc_src0_q[1][17]_i_1"
"shared_vrf_bram","LUT6","i_vrf/hdc_src0_q[1][18]_i_1"
"shared_vrf_bram","LUT6","i_vrf/hdc_src0_q[1][19]_i_1"
"shared_vrf_bram","LUT6","i_vrf/hdc_src0_q[1][1]_i_1"
"shared_vrf_bram","LUT6","i_vrf/hdc_src0_q[1][20]_i_1"
"shared_vrf_bram","LUT6","i_vrf/hdc_src0_q[1][21]_i_1"
"shared_vrf_bram","LUT6","i_vrf/hdc_src0_q[1][22]_i_1"
"shared_vrf_bram","LUT6","i_vrf/hdc_src0_q[1][23]_i_1"
"shared_vrf_bram","LUT6","i_vrf/hdc_src0_q[1][24]_i_1"
"shared_vrf_bram","LUT6","i_vrf/hdc_src0_q[1][25]_i_1"
"shared_vrf_bram","LUT6","i_vrf/hdc_src0_q[1][26]_i_1"
"shared_vrf_bram","LUT6","i_vrf/hdc_src0_q[1][27]_i_1"
"shared_vrf_bram","LUT6","i_vrf/hdc_src0_q[1][28]_i_1"
"shared_vrf_bram","LUT6","i_vrf/hdc_src0_q[1][29]_i_1"
"shared_vrf_bram","LUT6","i_vrf/hdc_src0_q[1][2]_i_1"
"shared_vrf_bram","LUT6","i_vrf/hdc_src0_q[1][30]_i_1"
"shared_vrf_bram","LUT6","i_vrf/hdc_src0_q[1][31]_i_1"
"shared_vrf_bram","LUT5","i_vrf/hdc_src0_q[1][32]_i_1"
"shared_vrf_bram","LUT5","i_vrf/hdc_src0_q[1][33]_i_1"
"shared_vrf_bram","LUT6","i_vrf/hdc_src0_q[1][34]_i_1"
"shared_vrf_bram","LUT5","i_vrf/hdc_src0_q[1][35]_i_1"
"shared_vrf_bram","LUT5","i_vrf/hdc_src0_q[1][36]_i_1"
"shared_vrf_bram","LUT5","i_vrf/hdc_src0_q[1][37]_i_1"
"shared_vrf_bram","LUT5","i_vrf/hdc_src0_q[1][38]_i_1"
"shared_vrf_bram","LUT5","i_vrf/hdc_src0_q[1][39]_i_1"
"shared_vrf_bram","LUT6","i_vrf/hdc_src0_q[1][3]_i_1"
"shared_vrf_bram","LUT6","i_vrf/hdc_src0_q[1][40]_i_1"
"shared_vrf_bram","LUT5","i_vrf/hdc_src0_q[1][41]_i_1"
"shared_vrf_bram","LUT6","i_vrf/hdc_src0_q[1][42]_i_1"
"shared_vrf_bram","LUT5","i_vrf/hdc_src0_q[1][43]_i_1"
"shared_vrf_bram","LUT5","i_vrf/hdc_src0_q[1][44]_i_1"
"shared_vrf_bram","LUT5","i_vrf/hdc_src0_q[1][45]_i_1"
"shared_vrf_bram","LUT5","i_vrf/hdc_src0_q[1][46]_i_1"
"shared_vrf_bram","LUT5","i_vrf/hdc_src0_q[1][47]_i_1"
"shared_vrf_bram","LUT5","i_vrf/hdc_src0_q[1][48]_i_1"
"shared_vrf_bram","LUT5","i_vrf/hdc_src0_q[1][49]_i_1"
"shared_vrf_bram","LUT6","i_vrf/hdc_src0_q[1][4]_i_1"
"shared_vrf_bram","LUT6","i_vrf/hdc_src0_q[1][50]_i_1"
"shared_vrf_bram","LUT5","i_vrf/hdc_src0_q[1][51]_i_1"
"shared_vrf_bram","LUT5","i_vrf/hdc_src0_q[1][52]_i_1"
"shared_vrf_bram","LUT5","i_vrf/hdc_src0_q[1][53]_i_1"
"shared_vrf_bram","LUT5","i_vrf/hdc_src0_q[1][54]_i_1"
"shared_vrf_bram","LUT6","i_vrf/hdc_src0_q[1][55]_i_1"
"shared_vrf_bram","LUT6","i_vrf/hdc_src0_q[1][56]_i_1"
"shared_vrf_bram","LUT5","i_vrf/hdc_src0_q[1][57]_i_1"
"shared_vrf_bram","LUT6","i_vrf/hdc_src0_q[1][58]_i_1"
"shared_vrf_bram","LUT5","i_vrf/hdc_src0_q[1][59]_i_1"
"shared_vrf_bram","LUT6","i_vrf/hdc_src0_q[1][5]_i_1"
"shared_vrf_bram","LUT5","i_vrf/hdc_src0_q[1][60]_i_1"
"shared_vrf_bram","LUT5","i_vrf/hdc_src0_q[1][61]_i_1"
"shared_vrf_bram","LUT5","i_vrf/hdc_src0_q[1][62]_i_1"
"shared_vrf_bram","LUT6","i_vrf/hdc_src0_q[1][63]_i_1"
"shared_vrf_bram","LUT6","i_vrf/hdc_src0_q[1][6]_i_1"
"shared_vrf_bram","LUT6","i_vrf/hdc_src0_q[1][7]_i_1"
"shared_vrf_bram","LUT6","i_vrf/hdc_src0_q[1][8]_i_1"
"shared_vrf_bram","LUT6","i_vrf/hdc_src0_q[1][9]_i_1"
"shared_vrf_bram","LUT6","i_vrf/hdc_src0_q[2][0]_i_1"
"shared_vrf_bram","LUT6","i_vrf/hdc_src0_q[2][10]_i_1"
"shared_vrf_bram","LUT6","i_vrf/hdc_src0_q[2][11]_i_1"
"shared_vrf_bram","LUT6","i_vrf/hdc_src0_q[2][12]_i_1"
"shared_vrf_bram","LUT6","i_vrf/hdc_src0_q[2][13]_i_1"
"shared_vrf_bram","LUT6","i_vrf/hdc_src0_q[2][14]_i_1"
"shared_vrf_bram","LUT6","i_vrf/hdc_src0_q[2][15]_i_1"
"shared_vrf_bram","LUT6","i_vrf/hdc_src0_q[2][16]_i_1"
"shared_vrf_bram","LUT6","i_vrf/hdc_src0_q[2][17]_i_1"
"shared_vrf_bram","LUT6","i_vrf/hdc_src0_q[2][18]_i_1"
"shared_vrf_bram","LUT6","i_vrf/hdc_src0_q[2][19]_i_1"
"shared_vrf_bram","LUT6","i_vrf/hdc_src0_q[2][1]_i_1"
"shared_vrf_bram","LUT6","i_vrf/hdc_src0_q[2][20]_i_1"
"shared_vrf_bram","LUT6","i_vrf/hdc_src0_q[2][21]_i_1"
"shared_vrf_bram","LUT6","i_vrf/hdc_src0_q[2][22]_i_1"
"shared_vrf_bram","LUT6","i_vrf/hdc_src0_q[2][23]_i_1"
"shared_vrf_bram","LUT6","i_vrf/hdc_src0_q[2][24]_i_1"
"shared_vrf_bram","LUT6","i_vrf/hdc_src0_q[2][25]_i_1"
"shared_vrf_bram","LUT6","i_vrf/hdc_src0_q[2][26]_i_1"
"shared_vrf_bram","LUT6","i_vrf/hdc_src0_q[2][27]_i_1"
"shared_vrf_bram","LUT6","i_vrf/hdc_src0_q[2][28]_i_1"
"shared_vrf_bram","LUT6","i_vrf/hdc_src0_q[2][29]_i_1"
"shared_vrf_bram","LUT6","i_vrf/hdc_src0_q[2][2]_i_1"
"shared_vrf_bram","LUT6","i_vrf/hdc_src0_q[2][30]_i_1"
"shared_vrf_bram","LUT6","i_vrf/hdc_src0_q[2][31]_i_1"
"shared_vrf_bram","LUT5","i_vrf/hdc_src0_q[2][32]_i_1"
"shared_vrf_bram","LUT5","i_vrf/hdc_src0_q[2][33]_i_1"
"shared_vrf_bram","LUT5","i_vrf/hdc_src0_q[2][34]_i_1"
"shared_vrf_bram","LUT5","i_vrf/hdc_src0_q[2][35]_i_1"
"shared_vrf_bram","LUT5","i_vrf/hdc_src0_q[2][36]_i_1"
"shared_vrf_bram","LUT5","i_vrf/hdc_src0_q[2][37]_i_1"
"shared_vrf_bram","LUT5","i_vrf/hdc_src0_q[2][38]_i_1"
"shared_vrf_bram","LUT5","i_vrf/hdc_src0_q[2][39]_i_1"
"shared_vrf_bram","LUT6","i_vrf/hdc_src0_q[2][3]_i_1"
"shared_vrf_bram","LUT5","i_vrf/hdc_src0_q[2][40]_i_1"
"shared_vrf_bram","LUT6","i_vrf/hdc_src0_q[2][41]_i_1"
"shared_vrf_bram","LUT6","i_vrf/hdc_src0_q[2][42]_i_1"
"shared_vrf_bram","LUT5","i_vrf/hdc_src0_q[2][43]_i_1"
"shared_vrf_bram","LUT5","i_vrf/hdc_src0_q[2][44]_i_1"
"shared_vrf_bram","LUT5","i_vrf/hdc_src0_q[2][45]_i_1"
"shared_vrf_bram","LUT5","i_vrf/hdc_src0_q[2][46]_i_1"
"shared_vrf_bram","LUT5","i_vrf/hdc_src0_q[2][47]_i_1"
"shared_vrf_bram","LUT6","i_vrf/hdc_src0_q[2][48]_i_1"
"shared_vrf_bram","LUT5","i_vrf/hdc_src0_q[2][49]_i_1"
"shared_vrf_bram","LUT6","i_vrf/hdc_src0_q[2][4]_i_1"
"shared_vrf_bram","LUT5","i_vrf/hdc_src0_q[2][50]_i_1"
"shared_vrf_bram","LUT5","i_vrf/hdc_src0_q[2][51]_i_1"
"shared_vrf_bram","LUT5","i_vrf/hdc_src0_q[2][52]_i_1"
"shared_vrf_bram","LUT5","i_vrf/hdc_src0_q[2][53]_i_1"
"shared_vrf_bram","LUT5","i_vrf/hdc_src0_q[2][54]_i_1"
"shared_vrf_bram","LUT5","i_vrf/hdc_src0_q[2][55]_i_1"
"shared_vrf_bram","LUT6","i_vrf/hdc_src0_q[2][56]_i_1"
"shared_vrf_bram","LUT5","i_vrf/hdc_src0_q[2][57]_i_1"
"shared_vrf_bram","LUT6","i_vrf/hdc_src0_q[2][58]_i_1"
"shared_vrf_bram","LUT5","i_vrf/hdc_src0_q[2][59]_i_1"
"shared_vrf_bram","LUT6","i_vrf/hdc_src0_q[2][5]_i_1"
"shared_vrf_bram","LUT5","i_vrf/hdc_src0_q[2][60]_i_1"
"shared_vrf_bram","LUT5","i_vrf/hdc_src0_q[2][61]_i_1"
"shared_vrf_bram","LUT5","i_vrf/hdc_src0_q[2][62]_i_1"
"shared_vrf_bram","LUT5","i_vrf/hdc_src0_q[2][63]_i_1"
"shared_vrf_bram","LUT6","i_vrf/hdc_src0_q[2][6]_i_1"
"shared_vrf_bram","LUT6","i_vrf/hdc_src0_q[2][7]_i_1"
"shared_vrf_bram","LUT6","i_vrf/hdc_src0_q[2][8]_i_1"
"shared_vrf_bram","LUT6","i_vrf/hdc_src0_q[2][9]_i_1"
"shared_vrf_bram","LUT6","i_vrf/hdc_src0_q[3][0]_i_1"
"shared_vrf_bram","LUT6","i_vrf/hdc_src0_q[3][10]_i_1"
"shared_vrf_bram","LUT6","i_vrf/hdc_src0_q[3][11]_i_1"
"shared_vrf_bram","LUT6","i_vrf/hdc_src0_q[3][12]_i_1"
"shared_vrf_bram","LUT6","i_vrf/hdc_src0_q[3][13]_i_1"
"shared_vrf_bram","LUT6","i_vrf/hdc_src0_q[3][14]_i_1"
"shared_vrf_bram","LUT6","i_vrf/hdc_src0_q[3][15]_i_2"
"shared_vrf_bram","LUT6","i_vrf/hdc_src0_q[3][16]_i_1"
"shared_vrf_bram","LUT6","i_vrf/hdc_src0_q[3][17]_i_1"
"shared_vrf_bram","LUT6","i_vrf/hdc_src0_q[3][18]_i_1"
"shared_vrf_bram","LUT6","i_vrf/hdc_src0_q[3][19]_i_1"
"shared_vrf_bram","LUT6","i_vrf/hdc_src0_q[3][1]_i_1"
"shared_vrf_bram","LUT6","i_vrf/hdc_src0_q[3][20]_i_1"
"shared_vrf_bram","LUT6","i_vrf/hdc_src0_q[3][21]_i_1"
"shared_vrf_bram","LUT6","i_vrf/hdc_src0_q[3][22]_i_1"
"shared_vrf_bram","LUT6","i_vrf/hdc_src0_q[3][23]_i_1"
"shared_vrf_bram","LUT6","i_vrf/hdc_src0_q[3][24]_i_1"
"shared_vrf_bram","LUT6","i_vrf/hdc_src0_q[3][25]_i_1"
"shared_vrf_bram","LUT6","i_vrf/hdc_src0_q[3][26]_i_1"
"shared_vrf_bram","LUT6","i_vrf/hdc_src0_q[3][27]_i_1"
"shared_vrf_bram","LUT6","i_vrf/hdc_src0_q[3][28]_i_1"
"shared_vrf_bram","LUT6","i_vrf/hdc_src0_q[3][29]_i_1"
"shared_vrf_bram","LUT6","i_vrf/hdc_src0_q[3][2]_i_1"
"shared_vrf_bram","LUT6","i_vrf/hdc_src0_q[3][30]_i_1"
"shared_vrf_bram","LUT6","i_vrf/hdc_src0_q[3][31]_i_2"
"shared_vrf_bram","LUT3","i_vrf/hdc_src0_q[3][31]_i_4"
"shared_vrf_bram","LUT5","i_vrf/hdc_src0_q[3][32]_i_1"
"shared_vrf_bram","LUT5","i_vrf/hdc_src0_q[3][33]_i_1"
"shared_vrf_bram","LUT5","i_vrf/hdc_src0_q[3][34]_i_1"
"shared_vrf_bram","LUT5","i_vrf/hdc_src0_q[3][35]_i_1"
"shared_vrf_bram","LUT5","i_vrf/hdc_src0_q[3][36]_i_1"
"shared_vrf_bram","LUT5","i_vrf/hdc_src0_q[3][37]_i_1"
"shared_vrf_bram","LUT5","i_vrf/hdc_src0_q[3][38]_i_1"
"shared_vrf_bram","LUT5","i_vrf/hdc_src0_q[3][39]_i_1"
"shared_vrf_bram","LUT6","i_vrf/hdc_src0_q[3][3]_i_1"
"shared_vrf_bram","LUT6","i_vrf/hdc_src0_q[3][40]_i_1"
"shared_vrf_bram","LUT5","i_vrf/hdc_src0_q[3][41]_i_1"
"shared_vrf_bram","LUT6","i_vrf/hdc_src0_q[3][42]_i_1"
"shared_vrf_bram","LUT5","i_vrf/hdc_src0_q[3][43]_i_1"
"shared_vrf_bram","LUT6","i_vrf/hdc_src0_q[3][44]_i_1"
"shared_vrf_bram","LUT5","i_vrf/hdc_src0_q[3][45]_i_1"
"shared_vrf_bram","LUT5","i_vrf/hdc_src0_q[3][46]_i_1"
"shared_vrf_bram","LUT5","i_vrf/hdc_src0_q[3][47]_i_2"
"shared_vrf_bram","LUT5","i_vrf/hdc_src0_q[3][48]_i_1"
"shared_vrf_bram","LUT5","i_vrf/hdc_src0_q[3][49]_i_1"
"shared_vrf_bram","LUT6","i_vrf/hdc_src0_q[3][4]_i_1"
"shared_vrf_bram","LUT5","i_vrf/hdc_src0_q[3][50]_i_1"
"shared_vrf_bram","LUT5","i_vrf/hdc_src0_q[3][51]_i_1"
"shared_vrf_bram","LUT5","i_vrf/hdc_src0_q[3][52]_i_1"
"shared_vrf_bram","LUT5","i_vrf/hdc_src0_q[3][53]_i_1"
"shared_vrf_bram","LUT5","i_vrf/hdc_src0_q[3][54]_i_1"
"shared_vrf_bram","LUT5","i_vrf/hdc_src0_q[3][55]_i_1"
"shared_vrf_bram","LUT5","i_vrf/hdc_src0_q[3][56]_i_1"
"shared_vrf_bram","LUT6","i_vrf/hdc_src0_q[3][57]_i_1"
"shared_vrf_bram","LUT6","i_vrf/hdc_src0_q[3][58]_i_1"
"shared_vrf_bram","LUT5","i_vrf/hdc_src0_q[3][59]_i_1"
"shared_vrf_bram","LUT6","i_vrf/hdc_src0_q[3][5]_i_1"
"shared_vrf_bram","LUT5","i_vrf/hdc_src0_q[3][60]_i_1"
"shared_vrf_bram","LUT6","i_vrf/hdc_src0_q[3][61]_i_1"
"shared_vrf_bram","LUT3","i_vrf/hdc_src0_q[3][61]_i_2"
"shared_vrf_bram","LUT5","i_vrf/hdc_src0_q[3][62]_i_1"
"shared_vrf_bram","LUT4","i_vrf/hdc_src0_q[3][63]_i_10"
"shared_vrf_bram","LUT5","i_vrf/hdc_src0_q[3][63]_i_2"
"shared_vrf_bram","LUT4","i_vrf/hdc_src0_q[3][63]_i_9"
"shared_vrf_bram","LUT6","i_vrf/hdc_src0_q[3][6]_i_1"
"shared_vrf_bram","LUT6","i_vrf/hdc_src0_q[3][7]_i_1"
"shared_vrf_bram","LUT6","i_vrf/hdc_src0_q[3][8]_i_1"
"shared_vrf_bram","LUT6","i_vrf/hdc_src0_q[3][9]_i_1"
"shared_vrf_bram","LUT3","i_vrf/hperm_dst_base_q[5]_i_5"
"shared_vrf_bram","LUT3","i_vrf/lane_clip_q[0][0]_i_1"
"shared_vrf_bram","LUT6","i_vrf/lane_clip_q[0][0]_i_2"
"shared_vrf_bram","LUT3","i_vrf/lane_clip_q[0][10]_i_1"
"shared_vrf_bram","LUT6","i_vrf/lane_clip_q[0][10]_i_2"
"shared_vrf_bram","LUT3","i_vrf/lane_clip_q[0][11]_i_1"
"shared_vrf_bram","LUT6","i_vrf/lane_clip_q[0][11]_i_2"
"shared_vrf_bram","LUT3","i_vrf/lane_clip_q[0][12]_i_1"
"shared_vrf_bram","LUT6","i_vrf/lane_clip_q[0][12]_i_2"
"shared_vrf_bram","LUT3","i_vrf/lane_clip_q[0][13]_i_1"
"shared_vrf_bram","LUT6","i_vrf/lane_clip_q[0][13]_i_2"
"shared_vrf_bram","LUT3","i_vrf/lane_clip_q[0][14]_i_1"
"shared_vrf_bram","LUT6","i_vrf/lane_clip_q[0][14]_i_2"
"shared_vrf_bram","LUT3","i_vrf/lane_clip_q[0][15]_i_1"
"shared_vrf_bram","LUT6","i_vrf/lane_clip_q[0][15]_i_2"
"shared_vrf_bram","LUT3","i_vrf/lane_clip_q[0][1]_i_1"
"shared_vrf_bram","LUT6","i_vrf/lane_clip_q[0][1]_i_2"
"shared_vrf_bram","LUT3","i_vrf/lane_clip_q[0][2]_i_1"
"shared_vrf_bram","LUT6","i_vrf/lane_clip_q[0][2]_i_2"
"shared_vrf_bram","LUT3","i_vrf/lane_clip_q[0][3]_i_1"
"shared_vrf_bram","LUT6","i_vrf/lane_clip_q[0][3]_i_2"
"shared_vrf_bram","LUT3","i_vrf/lane_clip_q[0][4]_i_1"
"shared_vrf_bram","LUT6","i_vrf/lane_clip_q[0][4]_i_2"
"shared_vrf_bram","LUT3","i_vrf/lane_clip_q[0][5]_i_1"
"shared_vrf_bram","LUT6","i_vrf/lane_clip_q[0][5]_i_2"
"shared_vrf_bram","LUT3","i_vrf/lane_clip_q[0][6]_i_1"
"shared_vrf_bram","LUT6","i_vrf/lane_clip_q[0][6]_i_2"
"shared_vrf_bram","LUT3","i_vrf/lane_clip_q[0][7]_i_1"
"shared_vrf_bram","LUT6","i_vrf/lane_clip_q[0][7]_i_2"
"shared_vrf_bram","LUT3","i_vrf/lane_clip_q[0][8]_i_1"
"shared_vrf_bram","LUT6","i_vrf/lane_clip_q[0][8]_i_2"
"shared_vrf_bram","LUT3","i_vrf/lane_clip_q[0][9]_i_1"
"shared_vrf_bram","LUT6","i_vrf/lane_clip_q[0][9]_i_2"
"shared_vrf_bram","LUT3","i_vrf/lane_clip_q[1][0]_i_1"
"shared_vrf_bram","LUT6","i_vrf/lane_clip_q[1][0]_i_2"
"shared_vrf_bram","LUT3","i_vrf/lane_clip_q[1][10]_i_1"
"shared_vrf_bram","LUT6","i_vrf/lane_clip_q[1][10]_i_2"
"shared_vrf_bram","LUT3","i_vrf/lane_clip_q[1][11]_i_1"
"shared_vrf_bram","LUT6","i_vrf/lane_clip_q[1][11]_i_2"
"shared_vrf_bram","LUT3","i_vrf/lane_clip_q[1][12]_i_1"
"shared_vrf_bram","LUT6","i_vrf/lane_clip_q[1][12]_i_2"
"shared_vrf_bram","LUT3","i_vrf/lane_clip_q[1][13]_i_1"
"shared_vrf_bram","LUT6","i_vrf/lane_clip_q[1][13]_i_2"
"shared_vrf_bram","LUT3","i_vrf/lane_clip_q[1][14]_i_1"
"shared_vrf_bram","LUT6","i_vrf/lane_clip_q[1][14]_i_2"
"shared_vrf_bram","LUT3","i_vrf/lane_clip_q[1][15]_i_1"
"shared_vrf_bram","LUT6","i_vrf/lane_clip_q[1][15]_i_2"
"shared_vrf_bram","LUT3","i_vrf/lane_clip_q[1][1]_i_1"
"shared_vrf_bram","LUT6","i_vrf/lane_clip_q[1][1]_i_2"
"shared_vrf_bram","LUT3","i_vrf/lane_clip_q[1][2]_i_1"
"shared_vrf_bram","LUT6","i_vrf/lane_clip_q[1][2]_i_2"
"shared_vrf_bram","LUT3","i_vrf/lane_clip_q[1][3]_i_1"
"shared_vrf_bram","LUT6","i_vrf/lane_clip_q[1][3]_i_2"
"shared_vrf_bram","LUT3","i_vrf/lane_clip_q[1][4]_i_1"
"shared_vrf_bram","LUT6","i_vrf/lane_clip_q[1][4]_i_2"
"shared_vrf_bram","LUT3","i_vrf/lane_clip_q[1][5]_i_1"
"shared_vrf_bram","LUT6","i_vrf/lane_clip_q[1][5]_i_2"
"shared_vrf_bram","LUT3","i_vrf/lane_clip_q[1][6]_i_1"
"shared_vrf_bram","LUT6","i_vrf/lane_clip_q[1][6]_i_2"
"shared_vrf_bram","LUT3","i_vrf/lane_clip_q[1][7]_i_1"
"shared_vrf_bram","LUT6","i_vrf/lane_clip_q[1][7]_i_2"
"shared_vrf_bram","LUT3","i_vrf/lane_clip_q[1][8]_i_1"
"shared_vrf_bram","LUT6","i_vrf/lane_clip_q[1][8]_i_2"
"shared_vrf_bram","LUT3","i_vrf/lane_clip_q[1][9]_i_1"
"shared_vrf_bram","LUT6","i_vrf/lane_clip_q[1][9]_i_2"
"shared_vrf_bram","LUT3","i_vrf/lane_clip_q[2][0]_i_1"
"shared_vrf_bram","LUT6","i_vrf/lane_clip_q[2][0]_i_2"
"shared_vrf_bram","LUT3","i_vrf/lane_clip_q[2][10]_i_1"
"shared_vrf_bram","LUT6","i_vrf/lane_clip_q[2][10]_i_2"
"shared_vrf_bram","LUT3","i_vrf/lane_clip_q[2][11]_i_1"
"shared_vrf_bram","LUT6","i_vrf/lane_clip_q[2][11]_i_2"
"shared_vrf_bram","LUT3","i_vrf/lane_clip_q[2][12]_i_1"
"shared_vrf_bram","LUT6","i_vrf/lane_clip_q[2][12]_i_2"
"shared_vrf_bram","LUT3","i_vrf/lane_clip_q[2][13]_i_1"
"shared_vrf_bram","LUT6","i_vrf/lane_clip_q[2][13]_i_2"
"shared_vrf_bram","LUT3","i_vrf/lane_clip_q[2][14]_i_1"
"shared_vrf_bram","LUT6","i_vrf/lane_clip_q[2][14]_i_2"
"shared_vrf_bram","LUT3","i_vrf/lane_clip_q[2][15]_i_1"
"shared_vrf_bram","LUT6","i_vrf/lane_clip_q[2][15]_i_2"
"shared_vrf_bram","LUT3","i_vrf/lane_clip_q[2][1]_i_1"
"shared_vrf_bram","LUT6","i_vrf/lane_clip_q[2][1]_i_2"
"shared_vrf_bram","LUT3","i_vrf/lane_clip_q[2][2]_i_1"
"shared_vrf_bram","LUT6","i_vrf/lane_clip_q[2][2]_i_2"
"shared_vrf_bram","LUT3","i_vrf/lane_clip_q[2][3]_i_1"
"shared_vrf_bram","LUT6","i_vrf/lane_clip_q[2][3]_i_2"
"shared_vrf_bram","LUT3","i_vrf/lane_clip_q[2][4]_i_1"
"shared_vrf_bram","LUT6","i_vrf/lane_clip_q[2][4]_i_2"
"shared_vrf_bram","LUT3","i_vrf/lane_clip_q[2][5]_i_1"
"shared_vrf_bram","LUT6","i_vrf/lane_clip_q[2][5]_i_2"
"shared_vrf_bram","LUT3","i_vrf/lane_clip_q[2][6]_i_1"
"shared_vrf_bram","LUT6","i_vrf/lane_clip_q[2][6]_i_2"
"shared_vrf_bram","LUT3","i_vrf/lane_clip_q[2][7]_i_1"
"shared_vrf_bram","LUT6","i_vrf/lane_clip_q[2][7]_i_2"
"shared_vrf_bram","LUT3","i_vrf/lane_clip_q[2][8]_i_1"
"shared_vrf_bram","LUT6","i_vrf/lane_clip_q[2][8]_i_2"
"shared_vrf_bram","LUT3","i_vrf/lane_clip_q[2][9]_i_1"
"shared_vrf_bram","LUT6","i_vrf/lane_clip_q[2][9]_i_2"
"shared_vrf_bram","LUT3","i_vrf/lane_clip_q[3][0]_i_1"
"shared_vrf_bram","LUT6","i_vrf/lane_clip_q[3][0]_i_2"
"shared_vrf_bram","LUT3","i_vrf/lane_clip_q[3][10]_i_1"
"shared_vrf_bram","LUT6","i_vrf/lane_clip_q[3][10]_i_2"
"shared_vrf_bram","LUT3","i_vrf/lane_clip_q[3][11]_i_1"
"shared_vrf_bram","LUT6","i_vrf/lane_clip_q[3][11]_i_2"
"shared_vrf_bram","LUT3","i_vrf/lane_clip_q[3][12]_i_1"
"shared_vrf_bram","LUT6","i_vrf/lane_clip_q[3][12]_i_2"
"shared_vrf_bram","LUT3","i_vrf/lane_clip_q[3][13]_i_1"
"shared_vrf_bram","LUT6","i_vrf/lane_clip_q[3][13]_i_2"
"shared_vrf_bram","LUT3","i_vrf/lane_clip_q[3][14]_i_1"
"shared_vrf_bram","LUT6","i_vrf/lane_clip_q[3][14]_i_2"
"shared_vrf_bram","LUT3","i_vrf/lane_clip_q[3][15]_i_2"
"shared_vrf_bram","LUT6","i_vrf/lane_clip_q[3][15]_i_3"
"shared_vrf_bram","LUT3","i_vrf/lane_clip_q[3][1]_i_1"
"shared_vrf_bram","LUT6","i_vrf/lane_clip_q[3][1]_i_2"
"shared_vrf_bram","LUT3","i_vrf/lane_clip_q[3][2]_i_1"
"shared_vrf_bram","LUT6","i_vrf/lane_clip_q[3][2]_i_2"
"shared_vrf_bram","LUT3","i_vrf/lane_clip_q[3][3]_i_1"
"shared_vrf_bram","LUT6","i_vrf/lane_clip_q[3][3]_i_2"
"shared_vrf_bram","LUT3","i_vrf/lane_clip_q[3][4]_i_1"
"shared_vrf_bram","LUT6","i_vrf/lane_clip_q[3][4]_i_2"
"shared_vrf_bram","LUT3","i_vrf/lane_clip_q[3][5]_i_1"
"shared_vrf_bram","LUT6","i_vrf/lane_clip_q[3][5]_i_2"
"shared_vrf_bram","LUT3","i_vrf/lane_clip_q[3][6]_i_1"
"shared_vrf_bram","LUT6","i_vrf/lane_clip_q[3][6]_i_2"
"shared_vrf_bram","LUT3","i_vrf/lane_clip_q[3][7]_i_1"
"shared_vrf_bram","LUT6","i_vrf/lane_clip_q[3][7]_i_2"
"shared_vrf_bram","LUT3","i_vrf/lane_clip_q[3][8]_i_1"
"shared_vrf_bram","LUT6","i_vrf/lane_clip_q[3][8]_i_2"
"shared_vrf_bram","LUT3","i_vrf/lane_clip_q[3][9]_i_1"
"shared_vrf_bram","LUT6","i_vrf/lane_clip_q[3][9]_i_2"
"shared_vrf_bram","LUT6","i_vrf/lane_result_q[0][0]_i_1"
"shared_vrf_bram","LUT6","i_vrf/lane_result_q[0][0]_i_2"
"shared_vrf_bram","LUT5","i_vrf/lane_result_q[0][0]_i_3"
"shared_vrf_bram","LUT6","i_vrf/lane_result_q[0][0]_i_4"
"shared_vrf_bram","LUT6","i_vrf/lane_result_q[0][0]_i_5"
"shared_vrf_bram","LUT4","i_vrf/lane_result_q[0][0]_i_6"
"shared_vrf_bram","LUT4","i_vrf/lane_result_q[0][0]_i_7"
"shared_vrf_bram","LUT6","i_vrf/lane_result_q[0][10]_i_1"
"shared_vrf_bram","LUT6","i_vrf/lane_result_q[0][10]_i_2"
"shared_vrf_bram","LUT5","i_vrf/lane_result_q[0][10]_i_3"
"shared_vrf_bram","LUT6","i_vrf/lane_result_q[0][10]_i_4"
"shared_vrf_bram","LUT6","i_vrf/lane_result_q[0][10]_i_5"
"shared_vrf_bram","LUT4","i_vrf/lane_result_q[0][10]_i_6"
"shared_vrf_bram","LUT4","i_vrf/lane_result_q[0][10]_i_7"
"shared_vrf_bram","LUT5","i_vrf/lane_result_q[0][11]_i_1"
"shared_vrf_bram","LUT6","i_vrf/lane_result_q[0][11]_i_2"
"shared_vrf_bram","LUT5","i_vrf/lane_result_q[0][11]_i_3"
"shared_vrf_bram","LUT6","i_vrf/lane_result_q[0][11]_i_4"
"shared_vrf_bram","LUT6","i_vrf/lane_result_q[0][11]_i_5"
"shared_vrf_bram","LUT6","i_vrf/lane_result_q[0][11]_i_6"
"shared_vrf_bram","LUT4","i_vrf/lane_result_q[0][11]_i_7"
"shared_vrf_bram","LUT4","i_vrf/lane_result_q[0][11]_i_8"
"shared_vrf_bram","LUT6","i_vrf/lane_result_q[0][12]_i_1"
"shared_vrf_bram","LUT6","i_vrf/lane_result_q[0][12]_i_2"
"shared_vrf_bram","LUT5","i_vrf/lane_result_q[0][12]_i_3"
"shared_vrf_bram","LUT6","i_vrf/lane_result_q[0][12]_i_4"
"shared_vrf_bram","LUT6","i_vrf/lane_result_q[0][12]_i_5"
"shared_vrf_bram","LUT4","i_vrf/lane_result_q[0][12]_i_6"
"shared_vrf_bram","LUT4","i_vrf/lane_result_q[0][12]_i_7"
"shared_vrf_bram","LUT6","i_vrf/lane_result_q[0][13]_i_1"
"shared_vrf_bram","LUT6","i_vrf/lane_result_q[0][13]_i_2"
"shared_vrf_bram","LUT5","i_vrf/lane_result_q[0][13]_i_3"
"shared_vrf_bram","LUT6","i_vrf/lane_result_q[0][13]_i_4"
"shared_vrf_bram","LUT6","i_vrf/lane_result_q[0][13]_i_5"
"shared_vrf_bram","LUT4","i_vrf/lane_result_q[0][13]_i_6"
"shared_vrf_bram","LUT4","i_vrf/lane_result_q[0][13]_i_7"
"shared_vrf_bram","LUT6","i_vrf/lane_result_q[0][14]_i_1"
"shared_vrf_bram","LUT6","i_vrf/lane_result_q[0][14]_i_2"
"shared_vrf_bram","LUT5","i_vrf/lane_result_q[0][14]_i_3"
"shared_vrf_bram","LUT6","i_vrf/lane_result_q[0][14]_i_4"
"shared_vrf_bram","LUT6","i_vrf/lane_result_q[0][14]_i_5"
"shared_vrf_bram","LUT4","i_vrf/lane_result_q[0][14]_i_6"
"shared_vrf_bram","LUT4","i_vrf/lane_result_q[0][14]_i_7"
"shared_vrf_bram","LUT5","i_vrf/lane_result_q[0][15]_i_1"
"shared_vrf_bram","LUT6","i_vrf/lane_result_q[0][15]_i_2"
"shared_vrf_bram","LUT5","i_vrf/lane_result_q[0][15]_i_3"
"shared_vrf_bram","LUT6","i_vrf/lane_result_q[0][15]_i_4"
"shared_vrf_bram","LUT6","i_vrf/lane_result_q[0][15]_i_5"
"shared_vrf_bram","LUT6","i_vrf/lane_result_q[0][15]_i_6"
"shared_vrf_bram","LUT4","i_vrf/lane_result_q[0][15]_i_7"
"shared_vrf_bram","LUT4","i_vrf/lane_result_q[0][15]_i_8"
"shared_vrf_bram","LUT6","i_vrf/lane_result_q[0][16]_i_1"
"shared_vrf_bram","LUT6","i_vrf/lane_result_q[0][16]_i_2"
"shared_vrf_bram","LUT5","i_vrf/lane_result_q[0][16]_i_3"
"shared_vrf_bram","LUT6","i_vrf/lane_result_q[0][16]_i_4"
"shared_vrf_bram","LUT6","i_vrf/lane_result_q[0][16]_i_5"
"shared_vrf_bram","LUT4","i_vrf/lane_result_q[0][16]_i_6"
"shared_vrf_bram","LUT4","i_vrf/lane_result_q[0][16]_i_7"
"shared_vrf_bram","LUT6","i_vrf/lane_result_q[0][17]_i_1"
"shared_vrf_bram","LUT6","i_vrf/lane_result_q[0][17]_i_2"
"shared_vrf_bram","LUT5","i_vrf/lane_result_q[0][17]_i_3"
"shared_vrf_bram","LUT6","i_vrf/lane_result_q[0][17]_i_4"
"shared_vrf_bram","LUT6","i_vrf/lane_result_q[0][17]_i_5"
"shared_vrf_bram","LUT4","i_vrf/lane_result_q[0][17]_i_6"
"shared_vrf_bram","LUT4","i_vrf/lane_result_q[0][17]_i_7"
"shared_vrf_bram","LUT6","i_vrf/lane_result_q[0][18]_i_1"
"shared_vrf_bram","LUT6","i_vrf/lane_result_q[0][18]_i_2"
"shared_vrf_bram","LUT5","i_vrf/lane_result_q[0][18]_i_3"
"shared_vrf_bram","LUT6","i_vrf/lane_result_q[0][18]_i_4"
"shared_vrf_bram","LUT6","i_vrf/lane_result_q[0][18]_i_5"
"shared_vrf_bram","LUT4","i_vrf/lane_result_q[0][18]_i_6"
"shared_vrf_bram","LUT4","i_vrf/lane_result_q[0][18]_i_7"
"shared_vrf_bram","LUT5","i_vrf/lane_result_q[0][19]_i_1"
"shared_vrf_bram","LUT6","i_vrf/lane_result_q[0][19]_i_2"
"shared_vrf_bram","LUT5","i_vrf/lane_result_q[0][19]_i_3"
"shared_vrf_bram","LUT6","i_vrf/lane_result_q[0][19]_i_4"
"shared_vrf_bram","LUT6","i_vrf/lane_result_q[0][19]_i_5"
"shared_vrf_bram","LUT6","i_vrf/lane_result_q[0][19]_i_6"
"shared_vrf_bram","LUT4","i_vrf/lane_result_q[0][19]_i_7"
"shared_vrf_bram","LUT4","i_vrf/lane_result_q[0][19]_i_8"
"shared_vrf_bram","LUT6","i_vrf/lane_result_q[0][1]_i_1"
"shared_vrf_bram","LUT6","i_vrf/lane_result_q[0][1]_i_2"
"shared_vrf_bram","LUT5","i_vrf/lane_result_q[0][1]_i_3"
"shared_vrf_bram","LUT6","i_vrf/lane_result_q[0][1]_i_4"
"shared_vrf_bram","LUT6","i_vrf/lane_result_q[0][1]_i_5"
"shared_vrf_bram","LUT4","i_vrf/lane_result_q[0][1]_i_6"
"shared_vrf_bram","LUT4","i_vrf/lane_result_q[0][1]_i_7"
"shared_vrf_bram","LUT6","i_vrf/lane_result_q[0][20]_i_1"
"shared_vrf_bram","LUT6","i_vrf/lane_result_q[0][20]_i_2"
"shared_vrf_bram","LUT5","i_vrf/lane_result_q[0][20]_i_3"
"shared_vrf_bram","LUT6","i_vrf/lane_result_q[0][20]_i_4"
"shared_vrf_bram","LUT6","i_vrf/lane_result_q[0][20]_i_5"
"shared_vrf_bram","LUT4","i_vrf/lane_result_q[0][20]_i_6"
"shared_vrf_bram","LUT4","i_vrf/lane_result_q[0][20]_i_7"
"shared_vrf_bram","LUT6","i_vrf/lane_result_q[0][21]_i_1"
"shared_vrf_bram","LUT6","i_vrf/lane_result_q[0][21]_i_2"
"shared_vrf_bram","LUT5","i_vrf/lane_result_q[0][21]_i_3"
"shared_vrf_bram","LUT6","i_vrf/lane_result_q[0][21]_i_4"
"shared_vrf_bram","LUT6","i_vrf/lane_result_q[0][21]_i_5"
"shared_vrf_bram","LUT4","i_vrf/lane_result_q[0][21]_i_6"
"shared_vrf_bram","LUT4","i_vrf/lane_result_q[0][21]_i_7"
"shared_vrf_bram","LUT6","i_vrf/lane_result_q[0][22]_i_1"
"shared_vrf_bram","LUT6","i_vrf/lane_result_q[0][22]_i_2"
"shared_vrf_bram","LUT5","i_vrf/lane_result_q[0][22]_i_3"
"shared_vrf_bram","LUT6","i_vrf/lane_result_q[0][22]_i_4"
"shared_vrf_bram","LUT6","i_vrf/lane_result_q[0][22]_i_5"
"shared_vrf_bram","LUT4","i_vrf/lane_result_q[0][22]_i_6"
"shared_vrf_bram","LUT4","i_vrf/lane_result_q[0][22]_i_7"
"shared_vrf_bram","LUT5","i_vrf/lane_result_q[0][23]_i_1"
"shared_vrf_bram","LUT6","i_vrf/lane_result_q[0][23]_i_2"
"shared_vrf_bram","LUT5","i_vrf/lane_result_q[0][23]_i_3"
"shared_vrf_bram","LUT6","i_vrf/lane_result_q[0][23]_i_4"
"shared_vrf_bram","LUT6","i_vrf/lane_result_q[0][23]_i_5"
"shared_vrf_bram","LUT6","i_vrf/lane_result_q[0][23]_i_6"
"shared_vrf_bram","LUT4","i_vrf/lane_result_q[0][23]_i_7"
"shared_vrf_bram","LUT4","i_vrf/lane_result_q[0][23]_i_8"
"shared_vrf_bram","LUT6","i_vrf/lane_result_q[0][24]_i_1"
"shared_vrf_bram","LUT6","i_vrf/lane_result_q[0][24]_i_2"
"shared_vrf_bram","LUT5","i_vrf/lane_result_q[0][24]_i_3"
"shared_vrf_bram","LUT6","i_vrf/lane_result_q[0][24]_i_4"
"shared_vrf_bram","LUT6","i_vrf/lane_result_q[0][24]_i_5"
"shared_vrf_bram","LUT4","i_vrf/lane_result_q[0][24]_i_6"
"shared_vrf_bram","LUT4","i_vrf/lane_result_q[0][24]_i_7"
"shared_vrf_bram","LUT6","i_vrf/lane_result_q[0][25]_i_1"
"shared_vrf_bram","LUT6","i_vrf/lane_result_q[0][25]_i_2"
"shared_vrf_bram","LUT5","i_vrf/lane_result_q[0][25]_i_3"
"shared_vrf_bram","LUT6","i_vrf/lane_result_q[0][25]_i_4"
"shared_vrf_bram","LUT6","i_vrf/lane_result_q[0][25]_i_5"
"shared_vrf_bram","LUT4","i_vrf/lane_result_q[0][25]_i_6"
"shared_vrf_bram","LUT4","i_vrf/lane_result_q[0][25]_i_7"
"shared_vrf_bram","LUT6","i_vrf/lane_result_q[0][26]_i_1"
"shared_vrf_bram","LUT6","i_vrf/lane_result_q[0][26]_i_2"
"shared_vrf_bram","LUT5","i_vrf/lane_result_q[0][26]_i_3"
"shared_vrf_bram","LUT6","i_vrf/lane_result_q[0][26]_i_4"
"shared_vrf_bram","LUT6","i_vrf/lane_result_q[0][26]_i_5"
"shared_vrf_bram","LUT4","i_vrf/lane_result_q[0][26]_i_6"
"shared_vrf_bram","LUT4","i_vrf/lane_result_q[0][26]_i_7"
"shared_vrf_bram","LUT5","i_vrf/lane_result_q[0][27]_i_1"
"shared_vrf_bram","LUT6","i_vrf/lane_result_q[0][27]_i_2"
"shared_vrf_bram","LUT5","i_vrf/lane_result_q[0][27]_i_3"
"shared_vrf_bram","LUT6","i_vrf/lane_result_q[0][27]_i_4"
"shared_vrf_bram","LUT6","i_vrf/lane_result_q[0][27]_i_5"
"shared_vrf_bram","LUT6","i_vrf/lane_result_q[0][27]_i_6"
"shared_vrf_bram","LUT4","i_vrf/lane_result_q[0][27]_i_7"
"shared_vrf_bram","LUT4","i_vrf/lane_result_q[0][27]_i_8"
"shared_vrf_bram","LUT6","i_vrf/lane_result_q[0][28]_i_1"
"shared_vrf_bram","LUT6","i_vrf/lane_result_q[0][28]_i_2"
"shared_vrf_bram","LUT5","i_vrf/lane_result_q[0][28]_i_3"
"shared_vrf_bram","LUT6","i_vrf/lane_result_q[0][28]_i_4"
"shared_vrf_bram","LUT6","i_vrf/lane_result_q[0][28]_i_5"
"shared_vrf_bram","LUT4","i_vrf/lane_result_q[0][28]_i_6"
"shared_vrf_bram","LUT4","i_vrf/lane_result_q[0][28]_i_7"
"shared_vrf_bram","LUT6","i_vrf/lane_result_q[0][29]_i_1"
"shared_vrf_bram","LUT6","i_vrf/lane_result_q[0][29]_i_2"
"shared_vrf_bram","LUT5","i_vrf/lane_result_q[0][29]_i_3"
"shared_vrf_bram","LUT6","i_vrf/lane_result_q[0][29]_i_4"
"shared_vrf_bram","LUT6","i_vrf/lane_result_q[0][29]_i_5"
"shared_vrf_bram","LUT4","i_vrf/lane_result_q[0][29]_i_6"
"shared_vrf_bram","LUT4","i_vrf/lane_result_q[0][29]_i_7"
"shared_vrf_bram","LUT6","i_vrf/lane_result_q[0][2]_i_1"
"shared_vrf_bram","LUT6","i_vrf/lane_result_q[0][2]_i_2"
"shared_vrf_bram","LUT5","i_vrf/lane_result_q[0][2]_i_3"
"shared_vrf_bram","LUT6","i_vrf/lane_result_q[0][2]_i_4"
"shared_vrf_bram","LUT6","i_vrf/lane_result_q[0][2]_i_5"
"shared_vrf_bram","LUT4","i_vrf/lane_result_q[0][2]_i_6"
"shared_vrf_bram","LUT4","i_vrf/lane_result_q[0][2]_i_7"
"shared_vrf_bram","LUT6","i_vrf/lane_result_q[0][30]_i_1"
"shared_vrf_bram","LUT6","i_vrf/lane_result_q[0][30]_i_2"
"shared_vrf_bram","LUT5","i_vrf/lane_result_q[0][30]_i_3"
"shared_vrf_bram","LUT6","i_vrf/lane_result_q[0][30]_i_4"
"shared_vrf_bram","LUT6","i_vrf/lane_result_q[0][30]_i_5"
"shared_vrf_bram","LUT4","i_vrf/lane_result_q[0][30]_i_6"
"shared_vrf_bram","LUT4","i_vrf/lane_result_q[0][30]_i_7"
"shared_vrf_bram","LUT5","i_vrf/lane_result_q[0][31]_i_1"
"shared_vrf_bram","LUT6","i_vrf/lane_result_q[0][31]_i_2"
"shared_vrf_bram","LUT5","i_vrf/lane_result_q[0][31]_i_3"
"shared_vrf_bram","LUT6","i_vrf/lane_result_q[0][31]_i_4"
"shared_vrf_bram","LUT6","i_vrf/lane_result_q[0][31]_i_5"
"shared_vrf_bram","LUT6","i_vrf/lane_result_q[0][31]_i_6"
"shared_vrf_bram","LUT4","i_vrf/lane_result_q[0][31]_i_7"
"shared_vrf_bram","LUT4","i_vrf/lane_result_q[0][31]_i_8"
"shared_vrf_bram","LUT6","i_vrf/lane_result_q[0][32]_i_1"
"shared_vrf_bram","LUT6","i_vrf/lane_result_q[0][32]_i_2"
"shared_vrf_bram","LUT5","i_vrf/lane_result_q[0][32]_i_3"
"shared_vrf_bram","LUT6","i_vrf/lane_result_q[0][32]_i_4"
"shared_vrf_bram","LUT6","i_vrf/lane_result_q[0][32]_i_5"
"shared_vrf_bram","LUT4","i_vrf/lane_result_q[0][32]_i_6"
"shared_vrf_bram","LUT4","i_vrf/lane_result_q[0][32]_i_7"
"shared_vrf_bram","LUT6","i_vrf/lane_result_q[0][33]_i_1"
"shared_vrf_bram","LUT6","i_vrf/lane_result_q[0][33]_i_2"
"shared_vrf_bram","LUT5","i_vrf/lane_result_q[0][33]_i_3"
"shared_vrf_bram","LUT6","i_vrf/lane_result_q[0][33]_i_4"
"shared_vrf_bram","LUT6","i_vrf/lane_result_q[0][33]_i_5"
"shared_vrf_bram","LUT4","i_vrf/lane_result_q[0][33]_i_6"
"shared_vrf_bram","LUT4","i_vrf/lane_result_q[0][33]_i_7"
"shared_vrf_bram","LUT6","i_vrf/lane_result_q[0][34]_i_1"
"shared_vrf_bram","LUT6","i_vrf/lane_result_q[0][34]_i_2"
"shared_vrf_bram","LUT5","i_vrf/lane_result_q[0][34]_i_3"
"shared_vrf_bram","LUT6","i_vrf/lane_result_q[0][34]_i_4"
"shared_vrf_bram","LUT6","i_vrf/lane_result_q[0][34]_i_5"
"shared_vrf_bram","LUT4","i_vrf/lane_result_q[0][34]_i_6"
"shared_vrf_bram","LUT4","i_vrf/lane_result_q[0][34]_i_7"
"shared_vrf_bram","LUT5","i_vrf/lane_result_q[0][35]_i_1"
"shared_vrf_bram","LUT6","i_vrf/lane_result_q[0][35]_i_2"
"shared_vrf_bram","LUT5","i_vrf/lane_result_q[0][35]_i_3"
"shared_vrf_bram","LUT6","i_vrf/lane_result_q[0][35]_i_4"
"shared_vrf_bram","LUT6","i_vrf/lane_result_q[0][35]_i_5"
"shared_vrf_bram","LUT6","i_vrf/lane_result_q[0][35]_i_6"
"shared_vrf_bram","LUT4","i_vrf/lane_result_q[0][35]_i_7"
"shared_vrf_bram","LUT4","i_vrf/lane_result_q[0][35]_i_8"
"shared_vrf_bram","LUT6","i_vrf/lane_result_q[0][36]_i_1"
"shared_vrf_bram","LUT6","i_vrf/lane_result_q[0][36]_i_2"
"shared_vrf_bram","LUT5","i_vrf/lane_result_q[0][36]_i_3"
"shared_vrf_bram","LUT2","i_vrf/lane_result_q[0][36]_i_4"
"shared_vrf_bram","LUT2","i_vrf/lane_result_q[0][36]_i_5"
"shared_vrf_bram","LUT6","i_vrf/lane_result_q[0][36]_i_6"
"shared_vrf_bram","LUT6","i_vrf/lane_result_q[0][36]_i_7"
"shared_vrf_bram","LUT4","i_vrf/lane_result_q[0][36]_i_8"
"shared_vrf_bram","LUT4","i_vrf/lane_result_q[0][36]_i_9"
"shared_vrf_bram","LUT6","i_vrf/lane_result_q[0][37]_i_1"
"shared_vrf_bram","LUT6","i_vrf/lane_result_q[0][37]_i_2"
"shared_vrf_bram","LUT5","i_vrf/lane_result_q[0][37]_i_3"
"shared_vrf_bram","LUT6","i_vrf/lane_result_q[0][37]_i_4"
"shared_vrf_bram","LUT6","i_vrf/lane_result_q[0][37]_i_5"
"shared_vrf_bram","LUT4","i_vrf/lane_result_q[0][37]_i_6"
"shared_vrf_bram","LUT4","i_vrf/lane_result_q[0][37]_i_7"
"shared_vrf_bram","LUT6","i_vrf/lane_result_q[0][38]_i_1"
"shared_vrf_bram","LUT6","i_vrf/lane_result_q[0][38]_i_2"
"shared_vrf_bram","LUT5","i_vrf/lane_result_q[0][38]_i_3"
"shared_vrf_bram","LUT6","i_vrf/lane_result_q[0][38]_i_4"
"shared_vrf_bram","LUT6","i_vrf/lane_result_q[0][38]_i_5"
"shared_vrf_bram","LUT4","i_vrf/lane_result_q[0][38]_i_6"
"shared_vrf_bram","LUT4","i_vrf/lane_result_q[0][38]_i_7"
"shared_vrf_bram","LUT5","i_vrf/lane_result_q[0][39]_i_1"
"shared_vrf_bram","LUT6","i_vrf/lane_result_q[0][39]_i_2"
"shared_vrf_bram","LUT5","i_vrf/lane_result_q[0][39]_i_3"
"shared_vrf_bram","LUT6","i_vrf/lane_result_q[0][39]_i_4"
"shared_vrf_bram","LUT6","i_vrf/lane_result_q[0][39]_i_5"
"shared_vrf_bram","LUT6","i_vrf/lane_result_q[0][39]_i_6"
"shared_vrf_bram","LUT4","i_vrf/lane_result_q[0][39]_i_7"
"shared_vrf_bram","LUT4","i_vrf/lane_result_q[0][39]_i_8"
"shared_vrf_bram","LUT5","i_vrf/lane_result_q[0][3]_i_1"
"shared_vrf_bram","LUT6","i_vrf/lane_result_q[0][3]_i_2"
"shared_vrf_bram","LUT5","i_vrf/lane_result_q[0][3]_i_3"
"shared_vrf_bram","LUT6","i_vrf/lane_result_q[0][3]_i_4"
"shared_vrf_bram","LUT6","i_vrf/lane_result_q[0][3]_i_5"
"shared_vrf_bram","LUT6","i_vrf/lane_result_q[0][3]_i_6"
"shared_vrf_bram","LUT4","i_vrf/lane_result_q[0][3]_i_7"
"shared_vrf_bram","LUT4","i_vrf/lane_result_q[0][3]_i_8"
"shared_vrf_bram","LUT6","i_vrf/lane_result_q[0][40]_i_1"
"shared_vrf_bram","LUT6","i_vrf/lane_result_q[0][40]_i_2"
"shared_vrf_bram","LUT5","i_vrf/lane_result_q[0][40]_i_3"
"shared_vrf_bram","LUT6","i_vrf/lane_result_q[0][40]_i_4"
"shared_vrf_bram","LUT6","i_vrf/lane_result_q[0][40]_i_5"
"shared_vrf_bram","LUT4","i_vrf/lane_result_q[0][40]_i_6"
"shared_vrf_bram","LUT4","i_vrf/lane_result_q[0][40]_i_7"
"shared_vrf_bram","LUT6","i_vrf/lane_result_q[0][41]_i_1"
"shared_vrf_bram","LUT6","i_vrf/lane_result_q[0][41]_i_2"
"shared_vrf_bram","LUT5","i_vrf/lane_result_q[0][41]_i_3"
"shared_vrf_bram","LUT6","i_vrf/lane_result_q[0][41]_i_4"
"shared_vrf_bram","LUT6","i_vrf/lane_result_q[0][41]_i_5"
"shared_vrf_bram","LUT4","i_vrf/lane_result_q[0][41]_i_6"
"shared_vrf_bram","LUT4","i_vrf/lane_result_q[0][41]_i_7"
"shared_vrf_bram","LUT6","i_vrf/lane_result_q[0][42]_i_1"
"shared_vrf_bram","LUT6","i_vrf/lane_result_q[0][42]_i_2"
"shared_vrf_bram","LUT5","i_vrf/lane_result_q[0][42]_i_3"
"shared_vrf_bram","LUT6","i_vrf/lane_result_q[0][42]_i_4"
"shared_vrf_bram","LUT6","i_vrf/lane_result_q[0][42]_i_5"
"shared_vrf_bram","LUT4","i_vrf/lane_result_q[0][42]_i_6"
"shared_vrf_bram","LUT4","i_vrf/lane_result_q[0][42]_i_7"
"shared_vrf_bram","LUT5","i_vrf/lane_result_q[0][43]_i_1"
"shared_vrf_bram","LUT6","i_vrf/lane_result_q[0][43]_i_2"
"shared_vrf_bram","LUT5","i_vrf/lane_result_q[0][43]_i_3"
"shared_vrf_bram","LUT6","i_vrf/lane_result_q[0][43]_i_4"
"shared_vrf_bram","LUT6","i_vrf/lane_result_q[0][43]_i_5"
"shared_vrf_bram","LUT6","i_vrf/lane_result_q[0][43]_i_6"
"shared_vrf_bram","LUT4","i_vrf/lane_result_q[0][43]_i_7"
"shared_vrf_bram","LUT4","i_vrf/lane_result_q[0][43]_i_8"
"shared_vrf_bram","LUT6","i_vrf/lane_result_q[0][44]_i_1"
"shared_vrf_bram","LUT6","i_vrf/lane_result_q[0][44]_i_2"
"shared_vrf_bram","LUT5","i_vrf/lane_result_q[0][44]_i_3"
"shared_vrf_bram","LUT6","i_vrf/lane_result_q[0][44]_i_4"
"shared_vrf_bram","LUT6","i_vrf/lane_result_q[0][44]_i_5"
"shared_vrf_bram","LUT4","i_vrf/lane_result_q[0][44]_i_6"
"shared_vrf_bram","LUT4","i_vrf/lane_result_q[0][44]_i_7"
"shared_vrf_bram","LUT6","i_vrf/lane_result_q[0][45]_i_1"
"shared_vrf_bram","LUT6","i_vrf/lane_result_q[0][45]_i_2"
"shared_vrf_bram","LUT5","i_vrf/lane_result_q[0][45]_i_3"
"shared_vrf_bram","LUT6","i_vrf/lane_result_q[0][45]_i_4"
"shared_vrf_bram","LUT6","i_vrf/lane_result_q[0][45]_i_5"
"shared_vrf_bram","LUT4","i_vrf/lane_result_q[0][45]_i_6"
"shared_vrf_bram","LUT4","i_vrf/lane_result_q[0][45]_i_7"
"shared_vrf_bram","LUT6","i_vrf/lane_result_q[0][46]_i_1"
"shared_vrf_bram","LUT6","i_vrf/lane_result_q[0][46]_i_2"
"shared_vrf_bram","LUT5","i_vrf/lane_result_q[0][46]_i_3"
"shared_vrf_bram","LUT6","i_vrf/lane_result_q[0][46]_i_4"
"shared_vrf_bram","LUT6","i_vrf/lane_result_q[0][46]_i_5"
"shared_vrf_bram","LUT4","i_vrf/lane_result_q[0][46]_i_6"
"shared_vrf_bram","LUT4","i_vrf/lane_result_q[0][46]_i_7"
"shared_vrf_bram","LUT5","i_vrf/lane_result_q[0][47]_i_1"
"shared_vrf_bram","LUT6","i_vrf/lane_result_q[0][47]_i_2"
"shared_vrf_bram","LUT5","i_vrf/lane_result_q[0][47]_i_3"
"shared_vrf_bram","LUT6","i_vrf/lane_result_q[0][47]_i_4"
"shared_vrf_bram","LUT6","i_vrf/lane_result_q[0][47]_i_5"
"shared_vrf_bram","LUT6","i_vrf/lane_result_q[0][47]_i_6"
"shared_vrf_bram","LUT4","i_vrf/lane_result_q[0][47]_i_7"
"shared_vrf_bram","LUT4","i_vrf/lane_result_q[0][47]_i_8"
"shared_vrf_bram","LUT6","i_vrf/lane_result_q[0][48]_i_1"
"shared_vrf_bram","LUT6","i_vrf/lane_result_q[0][48]_i_2"
"shared_vrf_bram","LUT5","i_vrf/lane_result_q[0][48]_i_3"
"shared_vrf_bram","LUT6","i_vrf/lane_result_q[0][48]_i_4"
"shared_vrf_bram","LUT6","i_vrf/lane_result_q[0][48]_i_5"
"shared_vrf_bram","LUT4","i_vrf/lane_result_q[0][48]_i_6"
"shared_vrf_bram","LUT4","i_vrf/lane_result_q[0][48]_i_7"
"shared_vrf_bram","LUT6","i_vrf/lane_result_q[0][49]_i_1"
"shared_vrf_bram","LUT6","i_vrf/lane_result_q[0][49]_i_2"
"shared_vrf_bram","LUT5","i_vrf/lane_result_q[0][49]_i_3"
"shared_vrf_bram","LUT6","i_vrf/lane_result_q[0][49]_i_4"
"shared_vrf_bram","LUT6","i_vrf/lane_result_q[0][49]_i_5"
"shared_vrf_bram","LUT4","i_vrf/lane_result_q[0][49]_i_6"
"shared_vrf_bram","LUT4","i_vrf/lane_result_q[0][49]_i_7"
"shared_vrf_bram","LUT6","i_vrf/lane_result_q[0][4]_i_1"
"shared_vrf_bram","LUT6","i_vrf/lane_result_q[0][4]_i_2"
"shared_vrf_bram","LUT5","i_vrf/lane_result_q[0][4]_i_3"
"shared_vrf_bram","LUT6","i_vrf/lane_result_q[0][4]_i_4"
"shared_vrf_bram","LUT6","i_vrf/lane_result_q[0][4]_i_5"
"shared_vrf_bram","LUT4","i_vrf/lane_result_q[0][4]_i_6"
"shared_vrf_bram","LUT4","i_vrf/lane_result_q[0][4]_i_7"
"shared_vrf_bram","LUT6","i_vrf/lane_result_q[0][50]_i_1"
"shared_vrf_bram","LUT6","i_vrf/lane_result_q[0][50]_i_2"
"shared_vrf_bram","LUT5","i_vrf/lane_result_q[0][50]_i_3"
"shared_vrf_bram","LUT6","i_vrf/lane_result_q[0][50]_i_4"
"shared_vrf_bram","LUT6","i_vrf/lane_result_q[0][50]_i_5"
"shared_vrf_bram","LUT4","i_vrf/lane_result_q[0][50]_i_6"
"shared_vrf_bram","LUT4","i_vrf/lane_result_q[0][50]_i_7"
"shared_vrf_bram","LUT5","i_vrf/lane_result_q[0][51]_i_1"
"shared_vrf_bram","LUT6","i_vrf/lane_result_q[0][51]_i_2"
"shared_vrf_bram","LUT5","i_vrf/lane_result_q[0][51]_i_3"
"shared_vrf_bram","LUT6","i_vrf/lane_result_q[0][51]_i_4"
"shared_vrf_bram","LUT6","i_vrf/lane_result_q[0][51]_i_5"
"shared_vrf_bram","LUT6","i_vrf/lane_result_q[0][51]_i_6"
"shared_vrf_bram","LUT4","i_vrf/lane_result_q[0][51]_i_7"
"shared_vrf_bram","LUT4","i_vrf/lane_result_q[0][51]_i_8"
"shared_vrf_bram","LUT6","i_vrf/lane_result_q[0][52]_i_1"
"shared_vrf_bram","LUT6","i_vrf/lane_result_q[0][52]_i_2"
"shared_vrf_bram","LUT5","i_vrf/lane_result_q[0][52]_i_3"
"shared_vrf_bram","LUT6","i_vrf/lane_result_q[0][52]_i_4"
"shared_vrf_bram","LUT6","i_vrf/lane_result_q[0][52]_i_5"
"shared_vrf_bram","LUT4","i_vrf/lane_result_q[0][52]_i_6"
"shared_vrf_bram","LUT4","i_vrf/lane_result_q[0][52]_i_7"
"shared_vrf_bram","LUT6","i_vrf/lane_result_q[0][53]_i_1"
"shared_vrf_bram","LUT6","i_vrf/lane_result_q[0][53]_i_2"
"shared_vrf_bram","LUT5","i_vrf/lane_result_q[0][53]_i_3"
"shared_vrf_bram","LUT6","i_vrf/lane_result_q[0][53]_i_4"
"shared_vrf_bram","LUT6","i_vrf/lane_result_q[0][53]_i_5"
"shared_vrf_bram","LUT4","i_vrf/lane_result_q[0][53]_i_6"
"shared_vrf_bram","LUT4","i_vrf/lane_result_q[0][53]_i_7"
"shared_vrf_bram","LUT6","i_vrf/lane_result_q[0][54]_i_1"
"shared_vrf_bram","LUT6","i_vrf/lane_result_q[0][54]_i_2"
"shared_vrf_bram","LUT5","i_vrf/lane_result_q[0][54]_i_3"
"shared_vrf_bram","LUT6","i_vrf/lane_result_q[0][54]_i_4"
"shared_vrf_bram","LUT6","i_vrf/lane_result_q[0][54]_i_5"
"shared_vrf_bram","LUT4","i_vrf/lane_result_q[0][54]_i_6"
"shared_vrf_bram","LUT4","i_vrf/lane_result_q[0][54]_i_7"
"shared_vrf_bram","LUT5","i_vrf/lane_result_q[0][55]_i_1"
"shared_vrf_bram","LUT6","i_vrf/lane_result_q[0][55]_i_2"
"shared_vrf_bram","LUT5","i_vrf/lane_result_q[0][55]_i_3"
"shared_vrf_bram","LUT6","i_vrf/lane_result_q[0][55]_i_4"
"shared_vrf_bram","LUT6","i_vrf/lane_result_q[0][55]_i_5"
"shared_vrf_bram","LUT6","i_vrf/lane_result_q[0][55]_i_6"
"shared_vrf_bram","LUT4","i_vrf/lane_result_q[0][55]_i_7"
"shared_vrf_bram","LUT4","i_vrf/lane_result_q[0][55]_i_8"
"shared_vrf_bram","LUT6","i_vrf/lane_result_q[0][56]_i_1"
"shared_vrf_bram","LUT6","i_vrf/lane_result_q[0][56]_i_2"
"shared_vrf_bram","LUT5","i_vrf/lane_result_q[0][56]_i_3"
"shared_vrf_bram","LUT6","i_vrf/lane_result_q[0][56]_i_4"
"shared_vrf_bram","LUT6","i_vrf/lane_result_q[0][56]_i_5"
"shared_vrf_bram","LUT4","i_vrf/lane_result_q[0][56]_i_6"
"shared_vrf_bram","LUT4","i_vrf/lane_result_q[0][56]_i_7"
"shared_vrf_bram","LUT6","i_vrf/lane_result_q[0][57]_i_1"
"shared_vrf_bram","LUT6","i_vrf/lane_result_q[0][57]_i_2"
"shared_vrf_bram","LUT5","i_vrf/lane_result_q[0][57]_i_3"
"shared_vrf_bram","LUT6","i_vrf/lane_result_q[0][57]_i_4"
"shared_vrf_bram","LUT6","i_vrf/lane_result_q[0][57]_i_5"
"shared_vrf_bram","LUT4","i_vrf/lane_result_q[0][57]_i_6"
"shared_vrf_bram","LUT4","i_vrf/lane_result_q[0][57]_i_7"
"shared_vrf_bram","LUT6","i_vrf/lane_result_q[0][58]_i_1"
"shared_vrf_bram","LUT6","i_vrf/lane_result_q[0][58]_i_2"
"shared_vrf_bram","LUT5","i_vrf/lane_result_q[0][58]_i_3"
"shared_vrf_bram","LUT6","i_vrf/lane_result_q[0][58]_i_4"
"shared_vrf_bram","LUT6","i_vrf/lane_result_q[0][58]_i_5"
"shared_vrf_bram","LUT4","i_vrf/lane_result_q[0][58]_i_6"
"shared_vrf_bram","LUT4","i_vrf/lane_result_q[0][58]_i_7"
"shared_vrf_bram","LUT5","i_vrf/lane_result_q[0][59]_i_1"
"shared_vrf_bram","LUT6","i_vrf/lane_result_q[0][59]_i_2"
"shared_vrf_bram","LUT5","i_vrf/lane_result_q[0][59]_i_3"
"shared_vrf_bram","LUT6","i_vrf/lane_result_q[0][59]_i_4"
"shared_vrf_bram","LUT6","i_vrf/lane_result_q[0][59]_i_5"
"shared_vrf_bram","LUT6","i_vrf/lane_result_q[0][59]_i_6"
"shared_vrf_bram","LUT4","i_vrf/lane_result_q[0][59]_i_7"
"shared_vrf_bram","LUT4","i_vrf/lane_result_q[0][59]_i_8"
"shared_vrf_bram","LUT6","i_vrf/lane_result_q[0][5]_i_1"
"shared_vrf_bram","LUT6","i_vrf/lane_result_q[0][5]_i_2"
"shared_vrf_bram","LUT5","i_vrf/lane_result_q[0][5]_i_3"
"shared_vrf_bram","LUT6","i_vrf/lane_result_q[0][5]_i_4"
"shared_vrf_bram","LUT6","i_vrf/lane_result_q[0][5]_i_5"
"shared_vrf_bram","LUT4","i_vrf/lane_result_q[0][5]_i_6"
"shared_vrf_bram","LUT4","i_vrf/lane_result_q[0][5]_i_7"
"shared_vrf_bram","LUT6","i_vrf/lane_result_q[0][60]_i_1"
"shared_vrf_bram","LUT6","i_vrf/lane_result_q[0][60]_i_2"
"shared_vrf_bram","LUT5","i_vrf/lane_result_q[0][60]_i_3"
"shared_vrf_bram","LUT6","i_vrf/lane_result_q[0][60]_i_4"
"shared_vrf_bram","LUT6","i_vrf/lane_result_q[0][60]_i_5"
"shared_vrf_bram","LUT4","i_vrf/lane_result_q[0][60]_i_6"
"shared_vrf_bram","LUT4","i_vrf/lane_result_q[0][60]_i_7"
"shared_vrf_bram","LUT6","i_vrf/lane_result_q[0][61]_i_1"
"shared_vrf_bram","LUT6","i_vrf/lane_result_q[0][61]_i_2"
"shared_vrf_bram","LUT5","i_vrf/lane_result_q[0][61]_i_3"
"shared_vrf_bram","LUT6","i_vrf/lane_result_q[0][61]_i_4"
"shared_vrf_bram","LUT6","i_vrf/lane_result_q[0][61]_i_5"
"shared_vrf_bram","LUT4","i_vrf/lane_result_q[0][61]_i_6"
"shared_vrf_bram","LUT4","i_vrf/lane_result_q[0][61]_i_7"
"shared_vrf_bram","LUT6","i_vrf/lane_result_q[0][62]_i_1"
"shared_vrf_bram","LUT6","i_vrf/lane_result_q[0][62]_i_2"
"shared_vrf_bram","LUT5","i_vrf/lane_result_q[0][62]_i_3"
"shared_vrf_bram","LUT6","i_vrf/lane_result_q[0][62]_i_4"
"shared_vrf_bram","LUT6","i_vrf/lane_result_q[0][62]_i_5"
"shared_vrf_bram","LUT4","i_vrf/lane_result_q[0][62]_i_6"
"shared_vrf_bram","LUT4","i_vrf/lane_result_q[0][62]_i_7"
"shared_vrf_bram","LUT5","i_vrf/lane_result_q[0][63]_i_1"
"shared_vrf_bram","LUT6","i_vrf/lane_result_q[0][63]_i_2"
"shared_vrf_bram","LUT5","i_vrf/lane_result_q[0][63]_i_3"
"shared_vrf_bram","LUT6","i_vrf/lane_result_q[0][63]_i_4"
"shared_vrf_bram","LUT6","i_vrf/lane_result_q[0][63]_i_5"
"shared_vrf_bram","LUT6","i_vrf/lane_result_q[0][63]_i_6"
"shared_vrf_bram","LUT4","i_vrf/lane_result_q[0][63]_i_7"
"shared_vrf_bram","LUT4","i_vrf/lane_result_q[0][63]_i_8"
"shared_vrf_bram","LUT6","i_vrf/lane_result_q[0][6]_i_1"
"shared_vrf_bram","LUT6","i_vrf/lane_result_q[0][6]_i_2"
"shared_vrf_bram","LUT5","i_vrf/lane_result_q[0][6]_i_3"
"shared_vrf_bram","LUT6","i_vrf/lane_result_q[0][6]_i_4"
"shared_vrf_bram","LUT6","i_vrf/lane_result_q[0][6]_i_5"
"shared_vrf_bram","LUT4","i_vrf/lane_result_q[0][6]_i_6"
"shared_vrf_bram","LUT4","i_vrf/lane_result_q[0][6]_i_7"
"shared_vrf_bram","LUT5","i_vrf/lane_result_q[0][7]_i_1"
"shared_vrf_bram","LUT6","i_vrf/lane_result_q[0][7]_i_2"
"shared_vrf_bram","LUT5","i_vrf/lane_result_q[0][7]_i_3"
"shared_vrf_bram","LUT6","i_vrf/lane_result_q[0][7]_i_4"
"shared_vrf_bram","LUT6","i_vrf/lane_result_q[0][7]_i_5"
"shared_vrf_bram","LUT6","i_vrf/lane_result_q[0][7]_i_6"
"shared_vrf_bram","LUT4","i_vrf/lane_result_q[0][7]_i_7"
"shared_vrf_bram","LUT4","i_vrf/lane_result_q[0][7]_i_8"
"shared_vrf_bram","LUT6","i_vrf/lane_result_q[0][8]_i_1"
"shared_vrf_bram","LUT6","i_vrf/lane_result_q[0][8]_i_2"
"shared_vrf_bram","LUT5","i_vrf/lane_result_q[0][8]_i_3"
"shared_vrf_bram","LUT6","i_vrf/lane_result_q[0][8]_i_4"
"shared_vrf_bram","LUT6","i_vrf/lane_result_q[0][8]_i_5"
"shared_vrf_bram","LUT4","i_vrf/lane_result_q[0][8]_i_6"
"shared_vrf_bram","LUT4","i_vrf/lane_result_q[0][8]_i_7"
"shared_vrf_bram","LUT6","i_vrf/lane_result_q[0][9]_i_1"
"shared_vrf_bram","LUT6","i_vrf/lane_result_q[0][9]_i_2"
"shared_vrf_bram","LUT5","i_vrf/lane_result_q[0][9]_i_3"
"shared_vrf_bram","LUT6","i_vrf/lane_result_q[0][9]_i_4"
"shared_vrf_bram","LUT6","i_vrf/lane_result_q[0][9]_i_5"
"shared_vrf_bram","LUT4","i_vrf/lane_result_q[0][9]_i_6"
"shared_vrf_bram","LUT4","i_vrf/lane_result_q[0][9]_i_7"
"shared_vrf_bram","LUT6","i_vrf/lane_result_q[1][0]_i_1"
"shared_vrf_bram","LUT6","i_vrf/lane_result_q[1][0]_i_2"
"shared_vrf_bram","LUT5","i_vrf/lane_result_q[1][0]_i_3"
"shared_vrf_bram","LUT6","i_vrf/lane_result_q[1][0]_i_4"
"shared_vrf_bram","LUT6","i_vrf/lane_result_q[1][0]_i_5"
"shared_vrf_bram","LUT4","i_vrf/lane_result_q[1][0]_i_6"
"shared_vrf_bram","LUT4","i_vrf/lane_result_q[1][0]_i_7"
"shared_vrf_bram","LUT6","i_vrf/lane_result_q[1][10]_i_1"
"shared_vrf_bram","LUT6","i_vrf/lane_result_q[1][10]_i_2"
"shared_vrf_bram","LUT5","i_vrf/lane_result_q[1][10]_i_3"
"shared_vrf_bram","LUT6","i_vrf/lane_result_q[1][10]_i_4"
"shared_vrf_bram","LUT6","i_vrf/lane_result_q[1][10]_i_5"
"shared_vrf_bram","LUT4","i_vrf/lane_result_q[1][10]_i_6"
"shared_vrf_bram","LUT4","i_vrf/lane_result_q[1][10]_i_7"
"shared_vrf_bram","LUT5","i_vrf/lane_result_q[1][11]_i_1"
"shared_vrf_bram","LUT6","i_vrf/lane_result_q[1][11]_i_2"
"shared_vrf_bram","LUT5","i_vrf/lane_result_q[1][11]_i_3"
"shared_vrf_bram","LUT6","i_vrf/lane_result_q[1][11]_i_4"
"shared_vrf_bram","LUT6","i_vrf/lane_result_q[1][11]_i_5"
"shared_vrf_bram","LUT6","i_vrf/lane_result_q[1][11]_i_6"
"shared_vrf_bram","LUT4","i_vrf/lane_result_q[1][11]_i_7"
"shared_vrf_bram","LUT4","i_vrf/lane_result_q[1][11]_i_8"
"shared_vrf_bram","LUT6","i_vrf/lane_result_q[1][12]_i_1"
"shared_vrf_bram","LUT6","i_vrf/lane_result_q[1][12]_i_2"
"shared_vrf_bram","LUT5","i_vrf/lane_result_q[1][12]_i_3"
"shared_vrf_bram","LUT6","i_vrf/lane_result_q[1][12]_i_4"
"shared_vrf_bram","LUT6","i_vrf/lane_result_q[1][12]_i_5"
"shared_vrf_bram","LUT4","i_vrf/lane_result_q[1][12]_i_6"
"shared_vrf_bram","LUT4","i_vrf/lane_result_q[1][12]_i_7"
"shared_vrf_bram","LUT6","i_vrf/lane_result_q[1][13]_i_1"
"shared_vrf_bram","LUT6","i_vrf/lane_result_q[1][13]_i_2"
"shared_vrf_bram","LUT5","i_vrf/lane_result_q[1][13]_i_3"
"shared_vrf_bram","LUT6","i_vrf/lane_result_q[1][13]_i_4"
"shared_vrf_bram","LUT6","i_vrf/lane_result_q[1][13]_i_5"
"shared_vrf_bram","LUT4","i_vrf/lane_result_q[1][13]_i_6"
"shared_vrf_bram","LUT4","i_vrf/lane_result_q[1][13]_i_7"
"shared_vrf_bram","LUT6","i_vrf/lane_result_q[1][14]_i_1"
"shared_vrf_bram","LUT6","i_vrf/lane_result_q[1][14]_i_2"
"shared_vrf_bram","LUT5","i_vrf/lane_result_q[1][14]_i_3"
"shared_vrf_bram","LUT6","i_vrf/lane_result_q[1][14]_i_4"
"shared_vrf_bram","LUT6","i_vrf/lane_result_q[1][14]_i_5"
"shared_vrf_bram","LUT4","i_vrf/lane_result_q[1][14]_i_6"
"shared_vrf_bram","LUT4","i_vrf/lane_result_q[1][14]_i_7"
"shared_vrf_bram","LUT5","i_vrf/lane_result_q[1][15]_i_1"
"shared_vrf_bram","LUT6","i_vrf/lane_result_q[1][15]_i_2"
"shared_vrf_bram","LUT5","i_vrf/lane_result_q[1][15]_i_3"
"shared_vrf_bram","LUT6","i_vrf/lane_result_q[1][15]_i_4"
"shared_vrf_bram","LUT6","i_vrf/lane_result_q[1][15]_i_5"
"shared_vrf_bram","LUT6","i_vrf/lane_result_q[1][15]_i_6"
"shared_vrf_bram","LUT4","i_vrf/lane_result_q[1][15]_i_7"
"shared_vrf_bram","LUT4","i_vrf/lane_result_q[1][15]_i_8"
"shared_vrf_bram","LUT6","i_vrf/lane_result_q[1][16]_i_1"
"shared_vrf_bram","LUT6","i_vrf/lane_result_q[1][16]_i_2"
"shared_vrf_bram","LUT5","i_vrf/lane_result_q[1][16]_i_3"
"shared_vrf_bram","LUT6","i_vrf/lane_result_q[1][16]_i_4"
"shared_vrf_bram","LUT6","i_vrf/lane_result_q[1][16]_i_5"
"shared_vrf_bram","LUT4","i_vrf/lane_result_q[1][16]_i_6"
"shared_vrf_bram","LUT4","i_vrf/lane_result_q[1][16]_i_7"
"shared_vrf_bram","LUT6","i_vrf/lane_result_q[1][17]_i_1"
"shared_vrf_bram","LUT6","i_vrf/lane_result_q[1][17]_i_2"
"shared_vrf_bram","LUT5","i_vrf/lane_result_q[1][17]_i_3"
"shared_vrf_bram","LUT6","i_vrf/lane_result_q[1][17]_i_4"
"shared_vrf_bram","LUT6","i_vrf/lane_result_q[1][17]_i_5"
"shared_vrf_bram","LUT4","i_vrf/lane_result_q[1][17]_i_6"
"shared_vrf_bram","LUT4","i_vrf/lane_result_q[1][17]_i_7"
"shared_vrf_bram","LUT6","i_vrf/lane_result_q[1][18]_i_1"
"shared_vrf_bram","LUT6","i_vrf/lane_result_q[1][18]_i_2"
"shared_vrf_bram","LUT5","i_vrf/lane_result_q[1][18]_i_3"
"shared_vrf_bram","LUT6","i_vrf/lane_result_q[1][18]_i_4"
"shared_vrf_bram","LUT6","i_vrf/lane_result_q[1][18]_i_5"
"shared_vrf_bram","LUT4","i_vrf/lane_result_q[1][18]_i_6"
"shared_vrf_bram","LUT4","i_vrf/lane_result_q[1][18]_i_7"
"shared_vrf_bram","LUT5","i_vrf/lane_result_q[1][19]_i_1"
"shared_vrf_bram","LUT6","i_vrf/lane_result_q[1][19]_i_2"
"shared_vrf_bram","LUT5","i_vrf/lane_result_q[1][19]_i_3"
"shared_vrf_bram","LUT6","i_vrf/lane_result_q[1][19]_i_4"
"shared_vrf_bram","LUT6","i_vrf/lane_result_q[1][19]_i_5"
"shared_vrf_bram","LUT6","i_vrf/lane_result_q[1][19]_i_6"
"shared_vrf_bram","LUT4","i_vrf/lane_result_q[1][19]_i_7"
"shared_vrf_bram","LUT4","i_vrf/lane_result_q[1][19]_i_8"
"shared_vrf_bram","LUT6","i_vrf/lane_result_q[1][1]_i_1"
"shared_vrf_bram","LUT6","i_vrf/lane_result_q[1][1]_i_2"
"shared_vrf_bram","LUT5","i_vrf/lane_result_q[1][1]_i_3"
"shared_vrf_bram","LUT6","i_vrf/lane_result_q[1][1]_i_4"
"shared_vrf_bram","LUT6","i_vrf/lane_result_q[1][1]_i_5"
"shared_vrf_bram","LUT4","i_vrf/lane_result_q[1][1]_i_6"
"shared_vrf_bram","LUT4","i_vrf/lane_result_q[1][1]_i_7"
"shared_vrf_bram","LUT6","i_vrf/lane_result_q[1][20]_i_1"
"shared_vrf_bram","LUT6","i_vrf/lane_result_q[1][20]_i_2"
"shared_vrf_bram","LUT5","i_vrf/lane_result_q[1][20]_i_3"
"shared_vrf_bram","LUT6","i_vrf/lane_result_q[1][20]_i_4"
"shared_vrf_bram","LUT6","i_vrf/lane_result_q[1][20]_i_5"
"shared_vrf_bram","LUT4","i_vrf/lane_result_q[1][20]_i_6"
"shared_vrf_bram","LUT4","i_vrf/lane_result_q[1][20]_i_7"
"shared_vrf_bram","LUT6","i_vrf/lane_result_q[1][21]_i_1"
"shared_vrf_bram","LUT6","i_vrf/lane_result_q[1][21]_i_2"
"shared_vrf_bram","LUT5","i_vrf/lane_result_q[1][21]_i_3"
"shared_vrf_bram","LUT6","i_vrf/lane_result_q[1][21]_i_4"
"shared_vrf_bram","LUT6","i_vrf/lane_result_q[1][21]_i_5"
"shared_vrf_bram","LUT4","i_vrf/lane_result_q[1][21]_i_6"
"shared_vrf_bram","LUT4","i_vrf/lane_result_q[1][21]_i_7"
"shared_vrf_bram","LUT6","i_vrf/lane_result_q[1][22]_i_1"
"shared_vrf_bram","LUT6","i_vrf/lane_result_q[1][22]_i_2"
"shared_vrf_bram","LUT5","i_vrf/lane_result_q[1][22]_i_3"
"shared_vrf_bram","LUT6","i_vrf/lane_result_q[1][22]_i_4"
"shared_vrf_bram","LUT6","i_vrf/lane_result_q[1][22]_i_5"
"shared_vrf_bram","LUT4","i_vrf/lane_result_q[1][22]_i_6"
"shared_vrf_bram","LUT4","i_vrf/lane_result_q[1][22]_i_7"
"shared_vrf_bram","LUT5","i_vrf/lane_result_q[1][23]_i_1"
"shared_vrf_bram","LUT6","i_vrf/lane_result_q[1][23]_i_2"
"shared_vrf_bram","LUT5","i_vrf/lane_result_q[1][23]_i_3"
"shared_vrf_bram","LUT6","i_vrf/lane_result_q[1][23]_i_4"
"shared_vrf_bram","LUT6","i_vrf/lane_result_q[1][23]_i_5"
"shared_vrf_bram","LUT6","i_vrf/lane_result_q[1][23]_i_6"
"shared_vrf_bram","LUT4","i_vrf/lane_result_q[1][23]_i_7"
"shared_vrf_bram","LUT4","i_vrf/lane_result_q[1][23]_i_8"
"shared_vrf_bram","LUT6","i_vrf/lane_result_q[1][24]_i_1"
"shared_vrf_bram","LUT6","i_vrf/lane_result_q[1][24]_i_2"
"shared_vrf_bram","LUT5","i_vrf/lane_result_q[1][24]_i_3"
"shared_vrf_bram","LUT6","i_vrf/lane_result_q[1][24]_i_4"
"shared_vrf_bram","LUT6","i_vrf/lane_result_q[1][24]_i_5"
"shared_vrf_bram","LUT4","i_vrf/lane_result_q[1][24]_i_6"
"shared_vrf_bram","LUT4","i_vrf/lane_result_q[1][24]_i_7"
"shared_vrf_bram","LUT6","i_vrf/lane_result_q[1][25]_i_1"
"shared_vrf_bram","LUT6","i_vrf/lane_result_q[1][25]_i_2"
"shared_vrf_bram","LUT5","i_vrf/lane_result_q[1][25]_i_3"
"shared_vrf_bram","LUT6","i_vrf/lane_result_q[1][25]_i_4"
"shared_vrf_bram","LUT6","i_vrf/lane_result_q[1][25]_i_5"
"shared_vrf_bram","LUT4","i_vrf/lane_result_q[1][25]_i_6"
"shared_vrf_bram","LUT4","i_vrf/lane_result_q[1][25]_i_7"
"shared_vrf_bram","LUT6","i_vrf/lane_result_q[1][26]_i_1"
"shared_vrf_bram","LUT6","i_vrf/lane_result_q[1][26]_i_2"
"shared_vrf_bram","LUT5","i_vrf/lane_result_q[1][26]_i_3"
"shared_vrf_bram","LUT6","i_vrf/lane_result_q[1][26]_i_4"
"shared_vrf_bram","LUT6","i_vrf/lane_result_q[1][26]_i_5"
"shared_vrf_bram","LUT4","i_vrf/lane_result_q[1][26]_i_6"
"shared_vrf_bram","LUT4","i_vrf/lane_result_q[1][26]_i_7"
"shared_vrf_bram","LUT5","i_vrf/lane_result_q[1][27]_i_1"
"shared_vrf_bram","LUT6","i_vrf/lane_result_q[1][27]_i_2"
"shared_vrf_bram","LUT5","i_vrf/lane_result_q[1][27]_i_3"
"shared_vrf_bram","LUT6","i_vrf/lane_result_q[1][27]_i_4"
"shared_vrf_bram","LUT6","i_vrf/lane_result_q[1][27]_i_5"
"shared_vrf_bram","LUT6","i_vrf/lane_result_q[1][27]_i_6"
"shared_vrf_bram","LUT4","i_vrf/lane_result_q[1][27]_i_7"
"shared_vrf_bram","LUT4","i_vrf/lane_result_q[1][27]_i_8"
"shared_vrf_bram","LUT6","i_vrf/lane_result_q[1][28]_i_1"
"shared_vrf_bram","LUT6","i_vrf/lane_result_q[1][28]_i_2"
"shared_vrf_bram","LUT5","i_vrf/lane_result_q[1][28]_i_3"
"shared_vrf_bram","LUT6","i_vrf/lane_result_q[1][28]_i_4"
"shared_vrf_bram","LUT6","i_vrf/lane_result_q[1][28]_i_5"
"shared_vrf_bram","LUT4","i_vrf/lane_result_q[1][28]_i_6"
"shared_vrf_bram","LUT4","i_vrf/lane_result_q[1][28]_i_7"
"shared_vrf_bram","LUT6","i_vrf/lane_result_q[1][29]_i_1"
"shared_vrf_bram","LUT6","i_vrf/lane_result_q[1][29]_i_2"
"shared_vrf_bram","LUT5","i_vrf/lane_result_q[1][29]_i_3"
"shared_vrf_bram","LUT6","i_vrf/lane_result_q[1][29]_i_4"
"shared_vrf_bram","LUT6","i_vrf/lane_result_q[1][29]_i_5"
"shared_vrf_bram","LUT4","i_vrf/lane_result_q[1][29]_i_6"
"shared_vrf_bram","LUT4","i_vrf/lane_result_q[1][29]_i_7"
"shared_vrf_bram","LUT6","i_vrf/lane_result_q[1][2]_i_1"
"shared_vrf_bram","LUT6","i_vrf/lane_result_q[1][2]_i_2"
"shared_vrf_bram","LUT5","i_vrf/lane_result_q[1][2]_i_3"
"shared_vrf_bram","LUT6","i_vrf/lane_result_q[1][2]_i_4"
"shared_vrf_bram","LUT6","i_vrf/lane_result_q[1][2]_i_5"
"shared_vrf_bram","LUT4","i_vrf/lane_result_q[1][2]_i_6"
"shared_vrf_bram","LUT4","i_vrf/lane_result_q[1][2]_i_7"
"shared_vrf_bram","LUT6","i_vrf/lane_result_q[1][30]_i_1"
"shared_vrf_bram","LUT6","i_vrf/lane_result_q[1][30]_i_2"
"shared_vrf_bram","LUT5","i_vrf/lane_result_q[1][30]_i_3"
"shared_vrf_bram","LUT6","i_vrf/lane_result_q[1][30]_i_4"
"shared_vrf_bram","LUT6","i_vrf/lane_result_q[1][30]_i_5"
"shared_vrf_bram","LUT4","i_vrf/lane_result_q[1][30]_i_6"
"shared_vrf_bram","LUT4","i_vrf/lane_result_q[1][30]_i_7"
"shared_vrf_bram","LUT5","i_vrf/lane_result_q[1][31]_i_1"
"shared_vrf_bram","LUT6","i_vrf/lane_result_q[1][31]_i_2"
"shared_vrf_bram","LUT5","i_vrf/lane_result_q[1][31]_i_3"
"shared_vrf_bram","LUT6","i_vrf/lane_result_q[1][31]_i_4"
"shared_vrf_bram","LUT6","i_vrf/lane_result_q[1][31]_i_5"
"shared_vrf_bram","LUT6","i_vrf/lane_result_q[1][31]_i_6"
"shared_vrf_bram","LUT4","i_vrf/lane_result_q[1][31]_i_7"
"shared_vrf_bram","LUT4","i_vrf/lane_result_q[1][31]_i_8"
"shared_vrf_bram","LUT6","i_vrf/lane_result_q[1][32]_i_1"
"shared_vrf_bram","LUT6","i_vrf/lane_result_q[1][32]_i_2"
"shared_vrf_bram","LUT5","i_vrf/lane_result_q[1][32]_i_3"
"shared_vrf_bram","LUT6","i_vrf/lane_result_q[1][32]_i_4"
"shared_vrf_bram","LUT6","i_vrf/lane_result_q[1][32]_i_5"
"shared_vrf_bram","LUT4","i_vrf/lane_result_q[1][32]_i_6"
"shared_vrf_bram","LUT4","i_vrf/lane_result_q[1][32]_i_7"
"shared_vrf_bram","LUT6","i_vrf/lane_result_q[1][33]_i_1"
"shared_vrf_bram","LUT6","i_vrf/lane_result_q[1][33]_i_2"
"shared_vrf_bram","LUT5","i_vrf/lane_result_q[1][33]_i_3"
"shared_vrf_bram","LUT6","i_vrf/lane_result_q[1][33]_i_4"
"shared_vrf_bram","LUT6","i_vrf/lane_result_q[1][33]_i_5"
"shared_vrf_bram","LUT4","i_vrf/lane_result_q[1][33]_i_6"
"shared_vrf_bram","LUT4","i_vrf/lane_result_q[1][33]_i_7"
"shared_vrf_bram","LUT6","i_vrf/lane_result_q[1][34]_i_1"
"shared_vrf_bram","LUT6","i_vrf/lane_result_q[1][34]_i_2"
"shared_vrf_bram","LUT5","i_vrf/lane_result_q[1][34]_i_3"
"shared_vrf_bram","LUT6","i_vrf/lane_result_q[1][34]_i_4"
"shared_vrf_bram","LUT6","i_vrf/lane_result_q[1][34]_i_5"
"shared_vrf_bram","LUT4","i_vrf/lane_result_q[1][34]_i_6"
"shared_vrf_bram","LUT4","i_vrf/lane_result_q[1][34]_i_7"
"shared_vrf_bram","LUT5","i_vrf/lane_result_q[1][35]_i_1"
"shared_vrf_bram","LUT6","i_vrf/lane_result_q[1][35]_i_2"
"shared_vrf_bram","LUT5","i_vrf/lane_result_q[1][35]_i_3"
"shared_vrf_bram","LUT6","i_vrf/lane_result_q[1][35]_i_4"
"shared_vrf_bram","LUT6","i_vrf/lane_result_q[1][35]_i_5"
"shared_vrf_bram","LUT6","i_vrf/lane_result_q[1][35]_i_6"
"shared_vrf_bram","LUT4","i_vrf/lane_result_q[1][35]_i_7"
"shared_vrf_bram","LUT4","i_vrf/lane_result_q[1][35]_i_8"
"shared_vrf_bram","LUT6","i_vrf/lane_result_q[1][36]_i_1"
"shared_vrf_bram","LUT6","i_vrf/lane_result_q[1][36]_i_2"
"shared_vrf_bram","LUT5","i_vrf/lane_result_q[1][36]_i_3"
"shared_vrf_bram","LUT6","i_vrf/lane_result_q[1][36]_i_4"
"shared_vrf_bram","LUT6","i_vrf/lane_result_q[1][36]_i_5"
"shared_vrf_bram","LUT4","i_vrf/lane_result_q[1][36]_i_6"
"shared_vrf_bram","LUT4","i_vrf/lane_result_q[1][36]_i_7"
"shared_vrf_bram","LUT6","i_vrf/lane_result_q[1][37]_i_1"
"shared_vrf_bram","LUT6","i_vrf/lane_result_q[1][37]_i_2"
"shared_vrf_bram","LUT5","i_vrf/lane_result_q[1][37]_i_3"
"shared_vrf_bram","LUT6","i_vrf/lane_result_q[1][37]_i_4"
"shared_vrf_bram","LUT6","i_vrf/lane_result_q[1][37]_i_5"
"shared_vrf_bram","LUT4","i_vrf/lane_result_q[1][37]_i_6"
"shared_vrf_bram","LUT4","i_vrf/lane_result_q[1][37]_i_7"
"shared_vrf_bram","LUT6","i_vrf/lane_result_q[1][38]_i_1"
"shared_vrf_bram","LUT6","i_vrf/lane_result_q[1][38]_i_2"
"shared_vrf_bram","LUT5","i_vrf/lane_result_q[1][38]_i_3"
"shared_vrf_bram","LUT6","i_vrf/lane_result_q[1][38]_i_4"
"shared_vrf_bram","LUT6","i_vrf/lane_result_q[1][38]_i_5"
"shared_vrf_bram","LUT4","i_vrf/lane_result_q[1][38]_i_6"
"shared_vrf_bram","LUT4","i_vrf/lane_result_q[1][38]_i_7"
"shared_vrf_bram","LUT5","i_vrf/lane_result_q[1][39]_i_1"
"shared_vrf_bram","LUT6","i_vrf/lane_result_q[1][39]_i_2"
"shared_vrf_bram","LUT5","i_vrf/lane_result_q[1][39]_i_3"
"shared_vrf_bram","LUT6","i_vrf/lane_result_q[1][39]_i_4"
"shared_vrf_bram","LUT6","i_vrf/lane_result_q[1][39]_i_5"
"shared_vrf_bram","LUT6","i_vrf/lane_result_q[1][39]_i_6"
"shared_vrf_bram","LUT4","i_vrf/lane_result_q[1][39]_i_7"
"shared_vrf_bram","LUT4","i_vrf/lane_result_q[1][39]_i_8"
"shared_vrf_bram","LUT5","i_vrf/lane_result_q[1][3]_i_1"
"shared_vrf_bram","LUT6","i_vrf/lane_result_q[1][3]_i_2"
"shared_vrf_bram","LUT5","i_vrf/lane_result_q[1][3]_i_3"
"shared_vrf_bram","LUT6","i_vrf/lane_result_q[1][3]_i_4"
"shared_vrf_bram","LUT6","i_vrf/lane_result_q[1][3]_i_5"
"shared_vrf_bram","LUT6","i_vrf/lane_result_q[1][3]_i_6"
"shared_vrf_bram","LUT4","i_vrf/lane_result_q[1][3]_i_7"
"shared_vrf_bram","LUT4","i_vrf/lane_result_q[1][3]_i_8"
"shared_vrf_bram","LUT6","i_vrf/lane_result_q[1][40]_i_1"
"shared_vrf_bram","LUT6","i_vrf/lane_result_q[1][40]_i_2"
"shared_vrf_bram","LUT5","i_vrf/lane_result_q[1][40]_i_3"
"shared_vrf_bram","LUT6","i_vrf/lane_result_q[1][40]_i_4"
"shared_vrf_bram","LUT6","i_vrf/lane_result_q[1][40]_i_5"
"shared_vrf_bram","LUT4","i_vrf/lane_result_q[1][40]_i_6"
"shared_vrf_bram","LUT4","i_vrf/lane_result_q[1][40]_i_7"
"shared_vrf_bram","LUT6","i_vrf/lane_result_q[1][41]_i_1"
"shared_vrf_bram","LUT6","i_vrf/lane_result_q[1][41]_i_2"
"shared_vrf_bram","LUT5","i_vrf/lane_result_q[1][41]_i_3"
"shared_vrf_bram","LUT6","i_vrf/lane_result_q[1][41]_i_4"
"shared_vrf_bram","LUT6","i_vrf/lane_result_q[1][41]_i_5"
"shared_vrf_bram","LUT4","i_vrf/lane_result_q[1][41]_i_6"
"shared_vrf_bram","LUT4","i_vrf/lane_result_q[1][41]_i_7"
"shared_vrf_bram","LUT6","i_vrf/lane_result_q[1][42]_i_1"
"shared_vrf_bram","LUT6","i_vrf/lane_result_q[1][42]_i_2"
"shared_vrf_bram","LUT5","i_vrf/lane_result_q[1][42]_i_3"
"shared_vrf_bram","LUT6","i_vrf/lane_result_q[1][42]_i_4"
"shared_vrf_bram","LUT6","i_vrf/lane_result_q[1][42]_i_5"
"shared_vrf_bram","LUT4","i_vrf/lane_result_q[1][42]_i_6"
"shared_vrf_bram","LUT4","i_vrf/lane_result_q[1][42]_i_7"
"shared_vrf_bram","LUT5","i_vrf/lane_result_q[1][43]_i_1"
"shared_vrf_bram","LUT6","i_vrf/lane_result_q[1][43]_i_2"
"shared_vrf_bram","LUT5","i_vrf/lane_result_q[1][43]_i_3"
"shared_vrf_bram","LUT6","i_vrf/lane_result_q[1][43]_i_4"
"shared_vrf_bram","LUT6","i_vrf/lane_result_q[1][43]_i_5"
"shared_vrf_bram","LUT6","i_vrf/lane_result_q[1][43]_i_6"
"shared_vrf_bram","LUT4","i_vrf/lane_result_q[1][43]_i_7"
"shared_vrf_bram","LUT4","i_vrf/lane_result_q[1][43]_i_8"
"shared_vrf_bram","LUT6","i_vrf/lane_result_q[1][44]_i_1"
"shared_vrf_bram","LUT6","i_vrf/lane_result_q[1][44]_i_2"
"shared_vrf_bram","LUT5","i_vrf/lane_result_q[1][44]_i_3"
"shared_vrf_bram","LUT6","i_vrf/lane_result_q[1][44]_i_4"
"shared_vrf_bram","LUT6","i_vrf/lane_result_q[1][44]_i_5"
"shared_vrf_bram","LUT4","i_vrf/lane_result_q[1][44]_i_6"
"shared_vrf_bram","LUT4","i_vrf/lane_result_q[1][44]_i_7"
"shared_vrf_bram","LUT6","i_vrf/lane_result_q[1][45]_i_1"
"shared_vrf_bram","LUT6","i_vrf/lane_result_q[1][45]_i_2"
"shared_vrf_bram","LUT5","i_vrf/lane_result_q[1][45]_i_3"
"shared_vrf_bram","LUT6","i_vrf/lane_result_q[1][45]_i_4"
"shared_vrf_bram","LUT6","i_vrf/lane_result_q[1][45]_i_5"
"shared_vrf_bram","LUT4","i_vrf/lane_result_q[1][45]_i_6"
"shared_vrf_bram","LUT4","i_vrf/lane_result_q[1][45]_i_7"
"shared_vrf_bram","LUT6","i_vrf/lane_result_q[1][46]_i_1"
"shared_vrf_bram","LUT6","i_vrf/lane_result_q[1][46]_i_2"
"shared_vrf_bram","LUT5","i_vrf/lane_result_q[1][46]_i_3"
"shared_vrf_bram","LUT6","i_vrf/lane_result_q[1][46]_i_4"
"shared_vrf_bram","LUT6","i_vrf/lane_result_q[1][46]_i_5"
"shared_vrf_bram","LUT4","i_vrf/lane_result_q[1][46]_i_6"
"shared_vrf_bram","LUT4","i_vrf/lane_result_q[1][46]_i_7"
"shared_vrf_bram","LUT5","i_vrf/lane_result_q[1][47]_i_1"
"shared_vrf_bram","LUT6","i_vrf/lane_result_q[1][47]_i_2"
"shared_vrf_bram","LUT5","i_vrf/lane_result_q[1][47]_i_3"
"shared_vrf_bram","LUT6","i_vrf/lane_result_q[1][47]_i_4"
"shared_vrf_bram","LUT6","i_vrf/lane_result_q[1][47]_i_5"
"shared_vrf_bram","LUT6","i_vrf/lane_result_q[1][47]_i_6"
"shared_vrf_bram","LUT4","i_vrf/lane_result_q[1][47]_i_7"
"shared_vrf_bram","LUT4","i_vrf/lane_result_q[1][47]_i_8"
"shared_vrf_bram","LUT6","i_vrf/lane_result_q[1][48]_i_1"
"shared_vrf_bram","LUT6","i_vrf/lane_result_q[1][48]_i_2"
"shared_vrf_bram","LUT5","i_vrf/lane_result_q[1][48]_i_3"
"shared_vrf_bram","LUT6","i_vrf/lane_result_q[1][48]_i_4"
"shared_vrf_bram","LUT6","i_vrf/lane_result_q[1][48]_i_5"
"shared_vrf_bram","LUT4","i_vrf/lane_result_q[1][48]_i_6"
"shared_vrf_bram","LUT4","i_vrf/lane_result_q[1][48]_i_7"
"shared_vrf_bram","LUT6","i_vrf/lane_result_q[1][49]_i_1"
"shared_vrf_bram","LUT6","i_vrf/lane_result_q[1][49]_i_2"
"shared_vrf_bram","LUT5","i_vrf/lane_result_q[1][49]_i_3"
"shared_vrf_bram","LUT6","i_vrf/lane_result_q[1][49]_i_4"
"shared_vrf_bram","LUT6","i_vrf/lane_result_q[1][49]_i_5"
"shared_vrf_bram","LUT4","i_vrf/lane_result_q[1][49]_i_6"
"shared_vrf_bram","LUT4","i_vrf/lane_result_q[1][49]_i_7"
"shared_vrf_bram","LUT6","i_vrf/lane_result_q[1][4]_i_1"
"shared_vrf_bram","LUT6","i_vrf/lane_result_q[1][4]_i_2"
"shared_vrf_bram","LUT5","i_vrf/lane_result_q[1][4]_i_3"
"shared_vrf_bram","LUT6","i_vrf/lane_result_q[1][4]_i_4"
"shared_vrf_bram","LUT6","i_vrf/lane_result_q[1][4]_i_5"
"shared_vrf_bram","LUT4","i_vrf/lane_result_q[1][4]_i_6"
"shared_vrf_bram","LUT4","i_vrf/lane_result_q[1][4]_i_7"
"shared_vrf_bram","LUT6","i_vrf/lane_result_q[1][50]_i_1"
"shared_vrf_bram","LUT6","i_vrf/lane_result_q[1][50]_i_2"
"shared_vrf_bram","LUT5","i_vrf/lane_result_q[1][50]_i_3"
"shared_vrf_bram","LUT6","i_vrf/lane_result_q[1][50]_i_4"
"shared_vrf_bram","LUT6","i_vrf/lane_result_q[1][50]_i_5"
"shared_vrf_bram","LUT4","i_vrf/lane_result_q[1][50]_i_6"
"shared_vrf_bram","LUT4","i_vrf/lane_result_q[1][50]_i_7"
"shared_vrf_bram","LUT5","i_vrf/lane_result_q[1][51]_i_1"
"shared_vrf_bram","LUT6","i_vrf/lane_result_q[1][51]_i_2"
"shared_vrf_bram","LUT5","i_vrf/lane_result_q[1][51]_i_3"
"shared_vrf_bram","LUT6","i_vrf/lane_result_q[1][51]_i_4"
"shared_vrf_bram","LUT6","i_vrf/lane_result_q[1][51]_i_5"
"shared_vrf_bram","LUT6","i_vrf/lane_result_q[1][51]_i_6"
"shared_vrf_bram","LUT4","i_vrf/lane_result_q[1][51]_i_7"
"shared_vrf_bram","LUT4","i_vrf/lane_result_q[1][51]_i_8"
"shared_vrf_bram","LUT6","i_vrf/lane_result_q[1][52]_i_1"
"shared_vrf_bram","LUT6","i_vrf/lane_result_q[1][52]_i_2"
"shared_vrf_bram","LUT5","i_vrf/lane_result_q[1][52]_i_3"
"shared_vrf_bram","LUT6","i_vrf/lane_result_q[1][52]_i_4"
"shared_vrf_bram","LUT6","i_vrf/lane_result_q[1][52]_i_5"
"shared_vrf_bram","LUT4","i_vrf/lane_result_q[1][52]_i_6"
"shared_vrf_bram","LUT4","i_vrf/lane_result_q[1][52]_i_7"
"shared_vrf_bram","LUT6","i_vrf/lane_result_q[1][53]_i_1"
"shared_vrf_bram","LUT6","i_vrf/lane_result_q[1][53]_i_2"
"shared_vrf_bram","LUT5","i_vrf/lane_result_q[1][53]_i_3"
"shared_vrf_bram","LUT6","i_vrf/lane_result_q[1][53]_i_4"
"shared_vrf_bram","LUT6","i_vrf/lane_result_q[1][53]_i_5"
"shared_vrf_bram","LUT4","i_vrf/lane_result_q[1][53]_i_6"
"shared_vrf_bram","LUT4","i_vrf/lane_result_q[1][53]_i_7"
"shared_vrf_bram","LUT6","i_vrf/lane_result_q[1][54]_i_1"
"shared_vrf_bram","LUT6","i_vrf/lane_result_q[1][54]_i_2"
"shared_vrf_bram","LUT5","i_vrf/lane_result_q[1][54]_i_3"
"shared_vrf_bram","LUT6","i_vrf/lane_result_q[1][54]_i_4"
"shared_vrf_bram","LUT6","i_vrf/lane_result_q[1][54]_i_5"
"shared_vrf_bram","LUT4","i_vrf/lane_result_q[1][54]_i_6"
"shared_vrf_bram","LUT4","i_vrf/lane_result_q[1][54]_i_7"
"shared_vrf_bram","LUT5","i_vrf/lane_result_q[1][55]_i_1"
"shared_vrf_bram","LUT6","i_vrf/lane_result_q[1][55]_i_2"
"shared_vrf_bram","LUT5","i_vrf/lane_result_q[1][55]_i_3"
"shared_vrf_bram","LUT6","i_vrf/lane_result_q[1][55]_i_4"
"shared_vrf_bram","LUT6","i_vrf/lane_result_q[1][55]_i_5"
"shared_vrf_bram","LUT6","i_vrf/lane_result_q[1][55]_i_6"
"shared_vrf_bram","LUT4","i_vrf/lane_result_q[1][55]_i_7"
"shared_vrf_bram","LUT4","i_vrf/lane_result_q[1][55]_i_8"
"shared_vrf_bram","LUT6","i_vrf/lane_result_q[1][56]_i_1"
"shared_vrf_bram","LUT6","i_vrf/lane_result_q[1][56]_i_2"
"shared_vrf_bram","LUT5","i_vrf/lane_result_q[1][56]_i_3"
"shared_vrf_bram","LUT6","i_vrf/lane_result_q[1][56]_i_4"
"shared_vrf_bram","LUT6","i_vrf/lane_result_q[1][56]_i_5"
"shared_vrf_bram","LUT4","i_vrf/lane_result_q[1][56]_i_6"
"shared_vrf_bram","LUT4","i_vrf/lane_result_q[1][56]_i_7"
"shared_vrf_bram","LUT6","i_vrf/lane_result_q[1][57]_i_1"
"shared_vrf_bram","LUT6","i_vrf/lane_result_q[1][57]_i_2"
"shared_vrf_bram","LUT5","i_vrf/lane_result_q[1][57]_i_3"
"shared_vrf_bram","LUT6","i_vrf/lane_result_q[1][57]_i_4"
"shared_vrf_bram","LUT6","i_vrf/lane_result_q[1][57]_i_5"
"shared_vrf_bram","LUT4","i_vrf/lane_result_q[1][57]_i_6"
"shared_vrf_bram","LUT4","i_vrf/lane_result_q[1][57]_i_7"
"shared_vrf_bram","LUT6","i_vrf/lane_result_q[1][58]_i_1"
"shared_vrf_bram","LUT6","i_vrf/lane_result_q[1][58]_i_2"
"shared_vrf_bram","LUT5","i_vrf/lane_result_q[1][58]_i_3"
"shared_vrf_bram","LUT6","i_vrf/lane_result_q[1][58]_i_4"
"shared_vrf_bram","LUT6","i_vrf/lane_result_q[1][58]_i_5"
"shared_vrf_bram","LUT4","i_vrf/lane_result_q[1][58]_i_6"
"shared_vrf_bram","LUT4","i_vrf/lane_result_q[1][58]_i_7"
"shared_vrf_bram","LUT5","i_vrf/lane_result_q[1][59]_i_1"
"shared_vrf_bram","LUT6","i_vrf/lane_result_q[1][59]_i_2"
"shared_vrf_bram","LUT5","i_vrf/lane_result_q[1][59]_i_3"
"shared_vrf_bram","LUT6","i_vrf/lane_result_q[1][59]_i_4"
"shared_vrf_bram","LUT6","i_vrf/lane_result_q[1][59]_i_5"
"shared_vrf_bram","LUT6","i_vrf/lane_result_q[1][59]_i_6"
"shared_vrf_bram","LUT4","i_vrf/lane_result_q[1][59]_i_7"
"shared_vrf_bram","LUT4","i_vrf/lane_result_q[1][59]_i_8"
"shared_vrf_bram","LUT6","i_vrf/lane_result_q[1][5]_i_1"
"shared_vrf_bram","LUT6","i_vrf/lane_result_q[1][5]_i_2"
"shared_vrf_bram","LUT5","i_vrf/lane_result_q[1][5]_i_3"
"shared_vrf_bram","LUT6","i_vrf/lane_result_q[1][5]_i_4"
"shared_vrf_bram","LUT6","i_vrf/lane_result_q[1][5]_i_5"
"shared_vrf_bram","LUT4","i_vrf/lane_result_q[1][5]_i_6"
"shared_vrf_bram","LUT4","i_vrf/lane_result_q[1][5]_i_7"
"shared_vrf_bram","LUT6","i_vrf/lane_result_q[1][60]_i_1"
"shared_vrf_bram","LUT6","i_vrf/lane_result_q[1][60]_i_2"
"shared_vrf_bram","LUT5","i_vrf/lane_result_q[1][60]_i_3"
"shared_vrf_bram","LUT6","i_vrf/lane_result_q[1][60]_i_4"
"shared_vrf_bram","LUT6","i_vrf/lane_result_q[1][60]_i_5"
"shared_vrf_bram","LUT4","i_vrf/lane_result_q[1][60]_i_6"
"shared_vrf_bram","LUT4","i_vrf/lane_result_q[1][60]_i_7"
"shared_vrf_bram","LUT6","i_vrf/lane_result_q[1][61]_i_1"
"shared_vrf_bram","LUT6","i_vrf/lane_result_q[1][61]_i_2"
"shared_vrf_bram","LUT5","i_vrf/lane_result_q[1][61]_i_3"
"shared_vrf_bram","LUT6","i_vrf/lane_result_q[1][61]_i_4"
"shared_vrf_bram","LUT6","i_vrf/lane_result_q[1][61]_i_5"
"shared_vrf_bram","LUT4","i_vrf/lane_result_q[1][61]_i_6"
"shared_vrf_bram","LUT4","i_vrf/lane_result_q[1][61]_i_7"
"shared_vrf_bram","LUT6","i_vrf/lane_result_q[1][62]_i_1"
"shared_vrf_bram","LUT6","i_vrf/lane_result_q[1][62]_i_2"
"shared_vrf_bram","LUT5","i_vrf/lane_result_q[1][62]_i_3"
"shared_vrf_bram","LUT6","i_vrf/lane_result_q[1][62]_i_4"
"shared_vrf_bram","LUT6","i_vrf/lane_result_q[1][62]_i_5"
"shared_vrf_bram","LUT4","i_vrf/lane_result_q[1][62]_i_6"
"shared_vrf_bram","LUT4","i_vrf/lane_result_q[1][62]_i_7"
"shared_vrf_bram","LUT5","i_vrf/lane_result_q[1][63]_i_1"
"shared_vrf_bram","LUT6","i_vrf/lane_result_q[1][63]_i_2"
"shared_vrf_bram","LUT5","i_vrf/lane_result_q[1][63]_i_3"
"shared_vrf_bram","LUT6","i_vrf/lane_result_q[1][63]_i_4"
"shared_vrf_bram","LUT6","i_vrf/lane_result_q[1][63]_i_5"
"shared_vrf_bram","LUT6","i_vrf/lane_result_q[1][63]_i_6"
"shared_vrf_bram","LUT4","i_vrf/lane_result_q[1][63]_i_7"
"shared_vrf_bram","LUT4","i_vrf/lane_result_q[1][63]_i_8"
"shared_vrf_bram","LUT6","i_vrf/lane_result_q[1][6]_i_1"
"shared_vrf_bram","LUT6","i_vrf/lane_result_q[1][6]_i_2"
"shared_vrf_bram","LUT5","i_vrf/lane_result_q[1][6]_i_3"
"shared_vrf_bram","LUT6","i_vrf/lane_result_q[1][6]_i_4"
"shared_vrf_bram","LUT6","i_vrf/lane_result_q[1][6]_i_5"
"shared_vrf_bram","LUT4","i_vrf/lane_result_q[1][6]_i_6"
"shared_vrf_bram","LUT4","i_vrf/lane_result_q[1][6]_i_7"
"shared_vrf_bram","LUT5","i_vrf/lane_result_q[1][7]_i_1"
"shared_vrf_bram","LUT6","i_vrf/lane_result_q[1][7]_i_2"
"shared_vrf_bram","LUT5","i_vrf/lane_result_q[1][7]_i_3"
"shared_vrf_bram","LUT6","i_vrf/lane_result_q[1][7]_i_4"
"shared_vrf_bram","LUT6","i_vrf/lane_result_q[1][7]_i_5"
"shared_vrf_bram","LUT6","i_vrf/lane_result_q[1][7]_i_6"
"shared_vrf_bram","LUT4","i_vrf/lane_result_q[1][7]_i_7"
"shared_vrf_bram","LUT4","i_vrf/lane_result_q[1][7]_i_8"
"shared_vrf_bram","LUT6","i_vrf/lane_result_q[1][8]_i_1"
"shared_vrf_bram","LUT6","i_vrf/lane_result_q[1][8]_i_2"
"shared_vrf_bram","LUT5","i_vrf/lane_result_q[1][8]_i_3"
"shared_vrf_bram","LUT6","i_vrf/lane_result_q[1][8]_i_4"
"shared_vrf_bram","LUT6","i_vrf/lane_result_q[1][8]_i_5"
"shared_vrf_bram","LUT4","i_vrf/lane_result_q[1][8]_i_6"
"shared_vrf_bram","LUT4","i_vrf/lane_result_q[1][8]_i_7"
"shared_vrf_bram","LUT6","i_vrf/lane_result_q[1][9]_i_1"
"shared_vrf_bram","LUT6","i_vrf/lane_result_q[1][9]_i_2"
"shared_vrf_bram","LUT5","i_vrf/lane_result_q[1][9]_i_3"
"shared_vrf_bram","LUT6","i_vrf/lane_result_q[1][9]_i_4"
"shared_vrf_bram","LUT6","i_vrf/lane_result_q[1][9]_i_5"
"shared_vrf_bram","LUT4","i_vrf/lane_result_q[1][9]_i_6"
"shared_vrf_bram","LUT4","i_vrf/lane_result_q[1][9]_i_7"
"shared_vrf_bram","LUT6","i_vrf/lane_result_q[2][0]_i_1"
"shared_vrf_bram","LUT6","i_vrf/lane_result_q[2][0]_i_2"
"shared_vrf_bram","LUT5","i_vrf/lane_result_q[2][0]_i_3"
"shared_vrf_bram","LUT6","i_vrf/lane_result_q[2][0]_i_4"
"shared_vrf_bram","LUT6","i_vrf/lane_result_q[2][0]_i_5"
"shared_vrf_bram","LUT4","i_vrf/lane_result_q[2][0]_i_6"
"shared_vrf_bram","LUT4","i_vrf/lane_result_q[2][0]_i_7"
"shared_vrf_bram","LUT6","i_vrf/lane_result_q[2][10]_i_1"
"shared_vrf_bram","LUT6","i_vrf/lane_result_q[2][10]_i_2"
"shared_vrf_bram","LUT5","i_vrf/lane_result_q[2][10]_i_3"
"shared_vrf_bram","LUT6","i_vrf/lane_result_q[2][10]_i_4"
"shared_vrf_bram","LUT6","i_vrf/lane_result_q[2][10]_i_5"
"shared_vrf_bram","LUT4","i_vrf/lane_result_q[2][10]_i_6"
"shared_vrf_bram","LUT4","i_vrf/lane_result_q[2][10]_i_7"
"shared_vrf_bram","LUT5","i_vrf/lane_result_q[2][11]_i_1"
"shared_vrf_bram","LUT6","i_vrf/lane_result_q[2][11]_i_2"
"shared_vrf_bram","LUT5","i_vrf/lane_result_q[2][11]_i_3"
"shared_vrf_bram","LUT6","i_vrf/lane_result_q[2][11]_i_4"
"shared_vrf_bram","LUT6","i_vrf/lane_result_q[2][11]_i_5"
"shared_vrf_bram","LUT6","i_vrf/lane_result_q[2][11]_i_6"
"shared_vrf_bram","LUT4","i_vrf/lane_result_q[2][11]_i_7"
"shared_vrf_bram","LUT4","i_vrf/lane_result_q[2][11]_i_8"
"shared_vrf_bram","LUT6","i_vrf/lane_result_q[2][12]_i_1"
"shared_vrf_bram","LUT6","i_vrf/lane_result_q[2][12]_i_2"
"shared_vrf_bram","LUT5","i_vrf/lane_result_q[2][12]_i_3"
"shared_vrf_bram","LUT6","i_vrf/lane_result_q[2][12]_i_4"
"shared_vrf_bram","LUT6","i_vrf/lane_result_q[2][12]_i_5"
"shared_vrf_bram","LUT4","i_vrf/lane_result_q[2][12]_i_6"
"shared_vrf_bram","LUT4","i_vrf/lane_result_q[2][12]_i_7"
"shared_vrf_bram","LUT6","i_vrf/lane_result_q[2][13]_i_1"
"shared_vrf_bram","LUT6","i_vrf/lane_result_q[2][13]_i_2"
"shared_vrf_bram","LUT5","i_vrf/lane_result_q[2][13]_i_3"
"shared_vrf_bram","LUT6","i_vrf/lane_result_q[2][13]_i_4"
"shared_vrf_bram","LUT6","i_vrf/lane_result_q[2][13]_i_5"
"shared_vrf_bram","LUT4","i_vrf/lane_result_q[2][13]_i_6"
"shared_vrf_bram","LUT4","i_vrf/lane_result_q[2][13]_i_7"
"shared_vrf_bram","LUT6","i_vrf/lane_result_q[2][14]_i_1"
"shared_vrf_bram","LUT6","i_vrf/lane_result_q[2][14]_i_2"
"shared_vrf_bram","LUT5","i_vrf/lane_result_q[2][14]_i_3"
"shared_vrf_bram","LUT6","i_vrf/lane_result_q[2][14]_i_4"
"shared_vrf_bram","LUT6","i_vrf/lane_result_q[2][14]_i_5"
"shared_vrf_bram","LUT4","i_vrf/lane_result_q[2][14]_i_6"
"shared_vrf_bram","LUT4","i_vrf/lane_result_q[2][14]_i_7"
"shared_vrf_bram","LUT5","i_vrf/lane_result_q[2][15]_i_1"
"shared_vrf_bram","LUT6","i_vrf/lane_result_q[2][15]_i_2"
"shared_vrf_bram","LUT5","i_vrf/lane_result_q[2][15]_i_3"
"shared_vrf_bram","LUT6","i_vrf/lane_result_q[2][15]_i_4"
"shared_vrf_bram","LUT6","i_vrf/lane_result_q[2][15]_i_5"
"shared_vrf_bram","LUT6","i_vrf/lane_result_q[2][15]_i_6"
"shared_vrf_bram","LUT4","i_vrf/lane_result_q[2][15]_i_7"
"shared_vrf_bram","LUT4","i_vrf/lane_result_q[2][15]_i_8"
"shared_vrf_bram","LUT6","i_vrf/lane_result_q[2][16]_i_1"
"shared_vrf_bram","LUT6","i_vrf/lane_result_q[2][16]_i_2"
"shared_vrf_bram","LUT5","i_vrf/lane_result_q[2][16]_i_3"
"shared_vrf_bram","LUT6","i_vrf/lane_result_q[2][16]_i_4"
"shared_vrf_bram","LUT6","i_vrf/lane_result_q[2][16]_i_5"
"shared_vrf_bram","LUT4","i_vrf/lane_result_q[2][16]_i_6"
"shared_vrf_bram","LUT4","i_vrf/lane_result_q[2][16]_i_7"
"shared_vrf_bram","LUT6","i_vrf/lane_result_q[2][17]_i_1"
"shared_vrf_bram","LUT6","i_vrf/lane_result_q[2][17]_i_2"
"shared_vrf_bram","LUT5","i_vrf/lane_result_q[2][17]_i_3"
"shared_vrf_bram","LUT6","i_vrf/lane_result_q[2][17]_i_4"
"shared_vrf_bram","LUT6","i_vrf/lane_result_q[2][17]_i_5"
"shared_vrf_bram","LUT4","i_vrf/lane_result_q[2][17]_i_6"
"shared_vrf_bram","LUT4","i_vrf/lane_result_q[2][17]_i_7"
"shared_vrf_bram","LUT6","i_vrf/lane_result_q[2][18]_i_1"
"shared_vrf_bram","LUT6","i_vrf/lane_result_q[2][18]_i_2"
"shared_vrf_bram","LUT5","i_vrf/lane_result_q[2][18]_i_3"
"shared_vrf_bram","LUT6","i_vrf/lane_result_q[2][18]_i_4"
"shared_vrf_bram","LUT6","i_vrf/lane_result_q[2][18]_i_5"
"shared_vrf_bram","LUT4","i_vrf/lane_result_q[2][18]_i_6"
"shared_vrf_bram","LUT4","i_vrf/lane_result_q[2][18]_i_7"
"shared_vrf_bram","LUT5","i_vrf/lane_result_q[2][19]_i_1"
"shared_vrf_bram","LUT6","i_vrf/lane_result_q[2][19]_i_2"
"shared_vrf_bram","LUT5","i_vrf/lane_result_q[2][19]_i_3"
"shared_vrf_bram","LUT6","i_vrf/lane_result_q[2][19]_i_4"
"shared_vrf_bram","LUT6","i_vrf/lane_result_q[2][19]_i_5"
"shared_vrf_bram","LUT6","i_vrf/lane_result_q[2][19]_i_6"
"shared_vrf_bram","LUT4","i_vrf/lane_result_q[2][19]_i_7"
"shared_vrf_bram","LUT4","i_vrf/lane_result_q[2][19]_i_8"
"shared_vrf_bram","LUT6","i_vrf/lane_result_q[2][1]_i_1"
"shared_vrf_bram","LUT6","i_vrf/lane_result_q[2][1]_i_2"
"shared_vrf_bram","LUT5","i_vrf/lane_result_q[2][1]_i_3"
"shared_vrf_bram","LUT6","i_vrf/lane_result_q[2][1]_i_4"
"shared_vrf_bram","LUT6","i_vrf/lane_result_q[2][1]_i_5"
"shared_vrf_bram","LUT4","i_vrf/lane_result_q[2][1]_i_6"
"shared_vrf_bram","LUT4","i_vrf/lane_result_q[2][1]_i_7"
"shared_vrf_bram","LUT6","i_vrf/lane_result_q[2][20]_i_1"
"shared_vrf_bram","LUT6","i_vrf/lane_result_q[2][20]_i_2"
"shared_vrf_bram","LUT5","i_vrf/lane_result_q[2][20]_i_3"
"shared_vrf_bram","LUT6","i_vrf/lane_result_q[2][20]_i_4"
"shared_vrf_bram","LUT6","i_vrf/lane_result_q[2][20]_i_5"
"shared_vrf_bram","LUT4","i_vrf/lane_result_q[2][20]_i_6"
"shared_vrf_bram","LUT4","i_vrf/lane_result_q[2][20]_i_7"
"shared_vrf_bram","LUT6","i_vrf/lane_result_q[2][21]_i_1"
"shared_vrf_bram","LUT6","i_vrf/lane_result_q[2][21]_i_2"
"shared_vrf_bram","LUT5","i_vrf/lane_result_q[2][21]_i_3"
"shared_vrf_bram","LUT6","i_vrf/lane_result_q[2][21]_i_4"
"shared_vrf_bram","LUT6","i_vrf/lane_result_q[2][21]_i_5"
"shared_vrf_bram","LUT4","i_vrf/lane_result_q[2][21]_i_6"
"shared_vrf_bram","LUT4","i_vrf/lane_result_q[2][21]_i_7"
"shared_vrf_bram","LUT6","i_vrf/lane_result_q[2][22]_i_1"
"shared_vrf_bram","LUT6","i_vrf/lane_result_q[2][22]_i_2"
"shared_vrf_bram","LUT5","i_vrf/lane_result_q[2][22]_i_3"
"shared_vrf_bram","LUT6","i_vrf/lane_result_q[2][22]_i_4"
"shared_vrf_bram","LUT6","i_vrf/lane_result_q[2][22]_i_5"
"shared_vrf_bram","LUT4","i_vrf/lane_result_q[2][22]_i_6"
"shared_vrf_bram","LUT4","i_vrf/lane_result_q[2][22]_i_7"
"shared_vrf_bram","LUT5","i_vrf/lane_result_q[2][23]_i_1"
"shared_vrf_bram","LUT6","i_vrf/lane_result_q[2][23]_i_2"
"shared_vrf_bram","LUT5","i_vrf/lane_result_q[2][23]_i_3"
"shared_vrf_bram","LUT6","i_vrf/lane_result_q[2][23]_i_4"
"shared_vrf_bram","LUT6","i_vrf/lane_result_q[2][23]_i_5"
"shared_vrf_bram","LUT6","i_vrf/lane_result_q[2][23]_i_6"
"shared_vrf_bram","LUT4","i_vrf/lane_result_q[2][23]_i_7"
"shared_vrf_bram","LUT4","i_vrf/lane_result_q[2][23]_i_8"
"shared_vrf_bram","LUT6","i_vrf/lane_result_q[2][24]_i_1"
"shared_vrf_bram","LUT6","i_vrf/lane_result_q[2][24]_i_2"
"shared_vrf_bram","LUT5","i_vrf/lane_result_q[2][24]_i_3"
"shared_vrf_bram","LUT6","i_vrf/lane_result_q[2][24]_i_4"
"shared_vrf_bram","LUT6","i_vrf/lane_result_q[2][24]_i_5"
"shared_vrf_bram","LUT4","i_vrf/lane_result_q[2][24]_i_6"
"shared_vrf_bram","LUT4","i_vrf/lane_result_q[2][24]_i_7"
"shared_vrf_bram","LUT6","i_vrf/lane_result_q[2][25]_i_1"
"shared_vrf_bram","LUT6","i_vrf/lane_result_q[2][25]_i_2"
"shared_vrf_bram","LUT5","i_vrf/lane_result_q[2][25]_i_3"
"shared_vrf_bram","LUT6","i_vrf/lane_result_q[2][25]_i_4"
"shared_vrf_bram","LUT6","i_vrf/lane_result_q[2][25]_i_5"
"shared_vrf_bram","LUT4","i_vrf/lane_result_q[2][25]_i_6"
"shared_vrf_bram","LUT4","i_vrf/lane_result_q[2][25]_i_7"
"shared_vrf_bram","LUT6","i_vrf/lane_result_q[2][26]_i_1"
"shared_vrf_bram","LUT6","i_vrf/lane_result_q[2][26]_i_2"
"shared_vrf_bram","LUT5","i_vrf/lane_result_q[2][26]_i_3"
"shared_vrf_bram","LUT6","i_vrf/lane_result_q[2][26]_i_4"
"shared_vrf_bram","LUT6","i_vrf/lane_result_q[2][26]_i_5"
"shared_vrf_bram","LUT4","i_vrf/lane_result_q[2][26]_i_6"
"shared_vrf_bram","LUT4","i_vrf/lane_result_q[2][26]_i_7"
"shared_vrf_bram","LUT5","i_vrf/lane_result_q[2][27]_i_1"
"shared_vrf_bram","LUT6","i_vrf/lane_result_q[2][27]_i_2"
"shared_vrf_bram","LUT5","i_vrf/lane_result_q[2][27]_i_3"
"shared_vrf_bram","LUT6","i_vrf/lane_result_q[2][27]_i_4"
"shared_vrf_bram","LUT6","i_vrf/lane_result_q[2][27]_i_5"
"shared_vrf_bram","LUT6","i_vrf/lane_result_q[2][27]_i_6"
"shared_vrf_bram","LUT4","i_vrf/lane_result_q[2][27]_i_7"
"shared_vrf_bram","LUT4","i_vrf/lane_result_q[2][27]_i_8"
"shared_vrf_bram","LUT6","i_vrf/lane_result_q[2][28]_i_1"
"shared_vrf_bram","LUT6","i_vrf/lane_result_q[2][28]_i_2"
"shared_vrf_bram","LUT5","i_vrf/lane_result_q[2][28]_i_3"
"shared_vrf_bram","LUT6","i_vrf/lane_result_q[2][28]_i_4"
"shared_vrf_bram","LUT6","i_vrf/lane_result_q[2][28]_i_5"
"shared_vrf_bram","LUT4","i_vrf/lane_result_q[2][28]_i_6"
"shared_vrf_bram","LUT4","i_vrf/lane_result_q[2][28]_i_7"
"shared_vrf_bram","LUT6","i_vrf/lane_result_q[2][29]_i_1"
"shared_vrf_bram","LUT6","i_vrf/lane_result_q[2][29]_i_2"
"shared_vrf_bram","LUT5","i_vrf/lane_result_q[2][29]_i_3"
"shared_vrf_bram","LUT6","i_vrf/lane_result_q[2][29]_i_4"
"shared_vrf_bram","LUT6","i_vrf/lane_result_q[2][29]_i_5"
"shared_vrf_bram","LUT4","i_vrf/lane_result_q[2][29]_i_6"
"shared_vrf_bram","LUT4","i_vrf/lane_result_q[2][29]_i_7"
"shared_vrf_bram","LUT6","i_vrf/lane_result_q[2][2]_i_1"
"shared_vrf_bram","LUT6","i_vrf/lane_result_q[2][2]_i_2"
"shared_vrf_bram","LUT5","i_vrf/lane_result_q[2][2]_i_3"
"shared_vrf_bram","LUT6","i_vrf/lane_result_q[2][2]_i_4"
"shared_vrf_bram","LUT6","i_vrf/lane_result_q[2][2]_i_5"
"shared_vrf_bram","LUT4","i_vrf/lane_result_q[2][2]_i_6"
"shared_vrf_bram","LUT4","i_vrf/lane_result_q[2][2]_i_7"
"shared_vrf_bram","LUT6","i_vrf/lane_result_q[2][30]_i_1"
"shared_vrf_bram","LUT6","i_vrf/lane_result_q[2][30]_i_2"
"shared_vrf_bram","LUT5","i_vrf/lane_result_q[2][30]_i_3"
"shared_vrf_bram","LUT6","i_vrf/lane_result_q[2][30]_i_4"
"shared_vrf_bram","LUT6","i_vrf/lane_result_q[2][30]_i_5"
"shared_vrf_bram","LUT4","i_vrf/lane_result_q[2][30]_i_6"
"shared_vrf_bram","LUT4","i_vrf/lane_result_q[2][30]_i_7"
"shared_vrf_bram","LUT5","i_vrf/lane_result_q[2][31]_i_1"
"shared_vrf_bram","LUT6","i_vrf/lane_result_q[2][31]_i_2"
"shared_vrf_bram","LUT5","i_vrf/lane_result_q[2][31]_i_3"
"shared_vrf_bram","LUT6","i_vrf/lane_result_q[2][31]_i_4"
"shared_vrf_bram","LUT6","i_vrf/lane_result_q[2][31]_i_5"
"shared_vrf_bram","LUT6","i_vrf/lane_result_q[2][31]_i_6"
"shared_vrf_bram","LUT4","i_vrf/lane_result_q[2][31]_i_7"
"shared_vrf_bram","LUT4","i_vrf/lane_result_q[2][31]_i_8"
"shared_vrf_bram","LUT6","i_vrf/lane_result_q[2][32]_i_1"
"shared_vrf_bram","LUT6","i_vrf/lane_result_q[2][32]_i_2"
"shared_vrf_bram","LUT5","i_vrf/lane_result_q[2][32]_i_3"
"shared_vrf_bram","LUT6","i_vrf/lane_result_q[2][32]_i_4"
"shared_vrf_bram","LUT6","i_vrf/lane_result_q[2][32]_i_5"
"shared_vrf_bram","LUT4","i_vrf/lane_result_q[2][32]_i_6"
"shared_vrf_bram","LUT4","i_vrf/lane_result_q[2][32]_i_7"
"shared_vrf_bram","LUT6","i_vrf/lane_result_q[2][33]_i_1"
"shared_vrf_bram","LUT6","i_vrf/lane_result_q[2][33]_i_2"
"shared_vrf_bram","LUT5","i_vrf/lane_result_q[2][33]_i_3"
"shared_vrf_bram","LUT6","i_vrf/lane_result_q[2][33]_i_4"
"shared_vrf_bram","LUT6","i_vrf/lane_result_q[2][33]_i_5"
"shared_vrf_bram","LUT4","i_vrf/lane_result_q[2][33]_i_6"
"shared_vrf_bram","LUT4","i_vrf/lane_result_q[2][33]_i_7"
"shared_vrf_bram","LUT6","i_vrf/lane_result_q[2][34]_i_1"
"shared_vrf_bram","LUT6","i_vrf/lane_result_q[2][34]_i_2"
"shared_vrf_bram","LUT5","i_vrf/lane_result_q[2][34]_i_3"
"shared_vrf_bram","LUT6","i_vrf/lane_result_q[2][34]_i_4"
"shared_vrf_bram","LUT6","i_vrf/lane_result_q[2][34]_i_5"
"shared_vrf_bram","LUT4","i_vrf/lane_result_q[2][34]_i_6"
"shared_vrf_bram","LUT4","i_vrf/lane_result_q[2][34]_i_7"
"shared_vrf_bram","LUT5","i_vrf/lane_result_q[2][35]_i_1"
"shared_vrf_bram","LUT6","i_vrf/lane_result_q[2][35]_i_2"
"shared_vrf_bram","LUT5","i_vrf/lane_result_q[2][35]_i_3"
"shared_vrf_bram","LUT6","i_vrf/lane_result_q[2][35]_i_4"
"shared_vrf_bram","LUT6","i_vrf/lane_result_q[2][35]_i_5"
"shared_vrf_bram","LUT6","i_vrf/lane_result_q[2][35]_i_6"
"shared_vrf_bram","LUT4","i_vrf/lane_result_q[2][35]_i_7"
"shared_vrf_bram","LUT4","i_vrf/lane_result_q[2][35]_i_8"
"shared_vrf_bram","LUT6","i_vrf/lane_result_q[2][36]_i_1"
"shared_vrf_bram","LUT6","i_vrf/lane_result_q[2][36]_i_2"
"shared_vrf_bram","LUT5","i_vrf/lane_result_q[2][36]_i_3"
"shared_vrf_bram","LUT6","i_vrf/lane_result_q[2][36]_i_4"
"shared_vrf_bram","LUT6","i_vrf/lane_result_q[2][36]_i_5"
"shared_vrf_bram","LUT4","i_vrf/lane_result_q[2][36]_i_6"
"shared_vrf_bram","LUT4","i_vrf/lane_result_q[2][36]_i_7"
"shared_vrf_bram","LUT6","i_vrf/lane_result_q[2][37]_i_1"
"shared_vrf_bram","LUT6","i_vrf/lane_result_q[2][37]_i_2"
"shared_vrf_bram","LUT5","i_vrf/lane_result_q[2][37]_i_3"
"shared_vrf_bram","LUT6","i_vrf/lane_result_q[2][37]_i_4"
"shared_vrf_bram","LUT6","i_vrf/lane_result_q[2][37]_i_5"
"shared_vrf_bram","LUT4","i_vrf/lane_result_q[2][37]_i_6"
"shared_vrf_bram","LUT4","i_vrf/lane_result_q[2][37]_i_7"
"shared_vrf_bram","LUT6","i_vrf/lane_result_q[2][38]_i_1"
"shared_vrf_bram","LUT6","i_vrf/lane_result_q[2][38]_i_2"
"shared_vrf_bram","LUT5","i_vrf/lane_result_q[2][38]_i_3"
"shared_vrf_bram","LUT6","i_vrf/lane_result_q[2][38]_i_4"
"shared_vrf_bram","LUT6","i_vrf/lane_result_q[2][38]_i_5"
"shared_vrf_bram","LUT4","i_vrf/lane_result_q[2][38]_i_6"
"shared_vrf_bram","LUT4","i_vrf/lane_result_q[2][38]_i_7"
"shared_vrf_bram","LUT5","i_vrf/lane_result_q[2][39]_i_1"
"shared_vrf_bram","LUT6","i_vrf/lane_result_q[2][39]_i_2"
"shared_vrf_bram","LUT5","i_vrf/lane_result_q[2][39]_i_3"
"shared_vrf_bram","LUT6","i_vrf/lane_result_q[2][39]_i_4"
"shared_vrf_bram","LUT6","i_vrf/lane_result_q[2][39]_i_5"
"shared_vrf_bram","LUT6","i_vrf/lane_result_q[2][39]_i_6"
"shared_vrf_bram","LUT4","i_vrf/lane_result_q[2][39]_i_7"
"shared_vrf_bram","LUT4","i_vrf/lane_result_q[2][39]_i_8"
"shared_vrf_bram","LUT5","i_vrf/lane_result_q[2][3]_i_1"
"shared_vrf_bram","LUT6","i_vrf/lane_result_q[2][3]_i_2"
"shared_vrf_bram","LUT5","i_vrf/lane_result_q[2][3]_i_3"
"shared_vrf_bram","LUT6","i_vrf/lane_result_q[2][3]_i_4"
"shared_vrf_bram","LUT6","i_vrf/lane_result_q[2][3]_i_5"
"shared_vrf_bram","LUT6","i_vrf/lane_result_q[2][3]_i_6"
"shared_vrf_bram","LUT4","i_vrf/lane_result_q[2][3]_i_7"
"shared_vrf_bram","LUT4","i_vrf/lane_result_q[2][3]_i_8"
"shared_vrf_bram","LUT6","i_vrf/lane_result_q[2][40]_i_1"
"shared_vrf_bram","LUT6","i_vrf/lane_result_q[2][40]_i_2"
"shared_vrf_bram","LUT5","i_vrf/lane_result_q[2][40]_i_3"
"shared_vrf_bram","LUT6","i_vrf/lane_result_q[2][40]_i_4"
"shared_vrf_bram","LUT6","i_vrf/lane_result_q[2][40]_i_5"
"shared_vrf_bram","LUT4","i_vrf/lane_result_q[2][40]_i_6"
"shared_vrf_bram","LUT4","i_vrf/lane_result_q[2][40]_i_7"
"shared_vrf_bram","LUT6","i_vrf/lane_result_q[2][41]_i_1"
"shared_vrf_bram","LUT6","i_vrf/lane_result_q[2][41]_i_2"
"shared_vrf_bram","LUT5","i_vrf/lane_result_q[2][41]_i_3"
"shared_vrf_bram","LUT6","i_vrf/lane_result_q[2][41]_i_4"
"shared_vrf_bram","LUT6","i_vrf/lane_result_q[2][41]_i_5"
"shared_vrf_bram","LUT4","i_vrf/lane_result_q[2][41]_i_6"
"shared_vrf_bram","LUT4","i_vrf/lane_result_q[2][41]_i_7"
"shared_vrf_bram","LUT6","i_vrf/lane_result_q[2][42]_i_1"
"shared_vrf_bram","LUT6","i_vrf/lane_result_q[2][42]_i_2"
"shared_vrf_bram","LUT5","i_vrf/lane_result_q[2][42]_i_3"
"shared_vrf_bram","LUT6","i_vrf/lane_result_q[2][42]_i_4"
"shared_vrf_bram","LUT6","i_vrf/lane_result_q[2][42]_i_5"
"shared_vrf_bram","LUT4","i_vrf/lane_result_q[2][42]_i_6"
"shared_vrf_bram","LUT4","i_vrf/lane_result_q[2][42]_i_7"
"shared_vrf_bram","LUT5","i_vrf/lane_result_q[2][43]_i_1"
"shared_vrf_bram","LUT6","i_vrf/lane_result_q[2][43]_i_2"
"shared_vrf_bram","LUT5","i_vrf/lane_result_q[2][43]_i_3"
"shared_vrf_bram","LUT6","i_vrf/lane_result_q[2][43]_i_4"
"shared_vrf_bram","LUT6","i_vrf/lane_result_q[2][43]_i_5"
"shared_vrf_bram","LUT6","i_vrf/lane_result_q[2][43]_i_6"
"shared_vrf_bram","LUT4","i_vrf/lane_result_q[2][43]_i_7"
"shared_vrf_bram","LUT4","i_vrf/lane_result_q[2][43]_i_8"
"shared_vrf_bram","LUT6","i_vrf/lane_result_q[2][44]_i_1"
"shared_vrf_bram","LUT6","i_vrf/lane_result_q[2][44]_i_2"
"shared_vrf_bram","LUT5","i_vrf/lane_result_q[2][44]_i_3"
"shared_vrf_bram","LUT6","i_vrf/lane_result_q[2][44]_i_4"
"shared_vrf_bram","LUT6","i_vrf/lane_result_q[2][44]_i_5"
"shared_vrf_bram","LUT4","i_vrf/lane_result_q[2][44]_i_6"
"shared_vrf_bram","LUT4","i_vrf/lane_result_q[2][44]_i_7"
"shared_vrf_bram","LUT6","i_vrf/lane_result_q[2][45]_i_1"
"shared_vrf_bram","LUT6","i_vrf/lane_result_q[2][45]_i_2"
"shared_vrf_bram","LUT5","i_vrf/lane_result_q[2][45]_i_3"
"shared_vrf_bram","LUT6","i_vrf/lane_result_q[2][45]_i_4"
"shared_vrf_bram","LUT6","i_vrf/lane_result_q[2][45]_i_5"
"shared_vrf_bram","LUT4","i_vrf/lane_result_q[2][45]_i_6"
"shared_vrf_bram","LUT4","i_vrf/lane_result_q[2][45]_i_7"
"shared_vrf_bram","LUT6","i_vrf/lane_result_q[2][46]_i_1"
"shared_vrf_bram","LUT6","i_vrf/lane_result_q[2][46]_i_2"
"shared_vrf_bram","LUT5","i_vrf/lane_result_q[2][46]_i_3"
"shared_vrf_bram","LUT6","i_vrf/lane_result_q[2][46]_i_4"
"shared_vrf_bram","LUT6","i_vrf/lane_result_q[2][46]_i_5"
"shared_vrf_bram","LUT4","i_vrf/lane_result_q[2][46]_i_6"
"shared_vrf_bram","LUT4","i_vrf/lane_result_q[2][46]_i_7"
"shared_vrf_bram","LUT5","i_vrf/lane_result_q[2][47]_i_1"
"shared_vrf_bram","LUT6","i_vrf/lane_result_q[2][47]_i_2"
"shared_vrf_bram","LUT5","i_vrf/lane_result_q[2][47]_i_3"
"shared_vrf_bram","LUT6","i_vrf/lane_result_q[2][47]_i_4"
"shared_vrf_bram","LUT6","i_vrf/lane_result_q[2][47]_i_5"
"shared_vrf_bram","LUT6","i_vrf/lane_result_q[2][47]_i_6"
"shared_vrf_bram","LUT4","i_vrf/lane_result_q[2][47]_i_7"
"shared_vrf_bram","LUT4","i_vrf/lane_result_q[2][47]_i_8"
"shared_vrf_bram","LUT6","i_vrf/lane_result_q[2][48]_i_1"
"shared_vrf_bram","LUT6","i_vrf/lane_result_q[2][48]_i_2"
"shared_vrf_bram","LUT5","i_vrf/lane_result_q[2][48]_i_3"
"shared_vrf_bram","LUT6","i_vrf/lane_result_q[2][48]_i_4"
"shared_vrf_bram","LUT6","i_vrf/lane_result_q[2][48]_i_5"
"shared_vrf_bram","LUT4","i_vrf/lane_result_q[2][48]_i_6"
"shared_vrf_bram","LUT4","i_vrf/lane_result_q[2][48]_i_7"
"shared_vrf_bram","LUT6","i_vrf/lane_result_q[2][49]_i_1"
"shared_vrf_bram","LUT6","i_vrf/lane_result_q[2][49]_i_2"
"shared_vrf_bram","LUT5","i_vrf/lane_result_q[2][49]_i_3"
"shared_vrf_bram","LUT6","i_vrf/lane_result_q[2][49]_i_4"
"shared_vrf_bram","LUT6","i_vrf/lane_result_q[2][49]_i_5"
"shared_vrf_bram","LUT4","i_vrf/lane_result_q[2][49]_i_6"
"shared_vrf_bram","LUT4","i_vrf/lane_result_q[2][49]_i_7"
"shared_vrf_bram","LUT6","i_vrf/lane_result_q[2][4]_i_1"
"shared_vrf_bram","LUT6","i_vrf/lane_result_q[2][4]_i_2"
"shared_vrf_bram","LUT5","i_vrf/lane_result_q[2][4]_i_3"
"shared_vrf_bram","LUT6","i_vrf/lane_result_q[2][4]_i_4"
"shared_vrf_bram","LUT6","i_vrf/lane_result_q[2][4]_i_5"
"shared_vrf_bram","LUT4","i_vrf/lane_result_q[2][4]_i_6"
"shared_vrf_bram","LUT4","i_vrf/lane_result_q[2][4]_i_7"
"shared_vrf_bram","LUT6","i_vrf/lane_result_q[2][50]_i_1"
"shared_vrf_bram","LUT6","i_vrf/lane_result_q[2][50]_i_2"
"shared_vrf_bram","LUT5","i_vrf/lane_result_q[2][50]_i_3"
"shared_vrf_bram","LUT6","i_vrf/lane_result_q[2][50]_i_4"
"shared_vrf_bram","LUT6","i_vrf/lane_result_q[2][50]_i_5"
"shared_vrf_bram","LUT4","i_vrf/lane_result_q[2][50]_i_6"
"shared_vrf_bram","LUT4","i_vrf/lane_result_q[2][50]_i_7"
"shared_vrf_bram","LUT5","i_vrf/lane_result_q[2][51]_i_1"
"shared_vrf_bram","LUT6","i_vrf/lane_result_q[2][51]_i_2"
"shared_vrf_bram","LUT5","i_vrf/lane_result_q[2][51]_i_3"
"shared_vrf_bram","LUT6","i_vrf/lane_result_q[2][51]_i_4"
"shared_vrf_bram","LUT6","i_vrf/lane_result_q[2][51]_i_5"
"shared_vrf_bram","LUT6","i_vrf/lane_result_q[2][51]_i_6"
"shared_vrf_bram","LUT4","i_vrf/lane_result_q[2][51]_i_7"
"shared_vrf_bram","LUT4","i_vrf/lane_result_q[2][51]_i_8"
"shared_vrf_bram","LUT6","i_vrf/lane_result_q[2][52]_i_1"
"shared_vrf_bram","LUT6","i_vrf/lane_result_q[2][52]_i_2"
"shared_vrf_bram","LUT5","i_vrf/lane_result_q[2][52]_i_3"
"shared_vrf_bram","LUT6","i_vrf/lane_result_q[2][52]_i_4"
"shared_vrf_bram","LUT6","i_vrf/lane_result_q[2][52]_i_5"
"shared_vrf_bram","LUT4","i_vrf/lane_result_q[2][52]_i_6"
"shared_vrf_bram","LUT4","i_vrf/lane_result_q[2][52]_i_7"
"shared_vrf_bram","LUT6","i_vrf/lane_result_q[2][53]_i_1"
"shared_vrf_bram","LUT6","i_vrf/lane_result_q[2][53]_i_2"
"shared_vrf_bram","LUT5","i_vrf/lane_result_q[2][53]_i_3"
"shared_vrf_bram","LUT6","i_vrf/lane_result_q[2][53]_i_4"
"shared_vrf_bram","LUT6","i_vrf/lane_result_q[2][53]_i_5"
"shared_vrf_bram","LUT4","i_vrf/lane_result_q[2][53]_i_6"
"shared_vrf_bram","LUT4","i_vrf/lane_result_q[2][53]_i_7"
"shared_vrf_bram","LUT6","i_vrf/lane_result_q[2][54]_i_1"
"shared_vrf_bram","LUT6","i_vrf/lane_result_q[2][54]_i_2"
"shared_vrf_bram","LUT5","i_vrf/lane_result_q[2][54]_i_3"
"shared_vrf_bram","LUT6","i_vrf/lane_result_q[2][54]_i_4"
"shared_vrf_bram","LUT6","i_vrf/lane_result_q[2][54]_i_5"
"shared_vrf_bram","LUT4","i_vrf/lane_result_q[2][54]_i_6"
"shared_vrf_bram","LUT4","i_vrf/lane_result_q[2][54]_i_7"
"shared_vrf_bram","LUT5","i_vrf/lane_result_q[2][55]_i_1"
"shared_vrf_bram","LUT6","i_vrf/lane_result_q[2][55]_i_2"
"shared_vrf_bram","LUT5","i_vrf/lane_result_q[2][55]_i_3"
"shared_vrf_bram","LUT6","i_vrf/lane_result_q[2][55]_i_4"
"shared_vrf_bram","LUT6","i_vrf/lane_result_q[2][55]_i_5"
"shared_vrf_bram","LUT6","i_vrf/lane_result_q[2][55]_i_6"
"shared_vrf_bram","LUT4","i_vrf/lane_result_q[2][55]_i_7"
"shared_vrf_bram","LUT4","i_vrf/lane_result_q[2][55]_i_8"
"shared_vrf_bram","LUT6","i_vrf/lane_result_q[2][56]_i_1"
"shared_vrf_bram","LUT6","i_vrf/lane_result_q[2][56]_i_2"
"shared_vrf_bram","LUT5","i_vrf/lane_result_q[2][56]_i_3"
"shared_vrf_bram","LUT6","i_vrf/lane_result_q[2][56]_i_4"
"shared_vrf_bram","LUT6","i_vrf/lane_result_q[2][56]_i_5"
"shared_vrf_bram","LUT4","i_vrf/lane_result_q[2][56]_i_6"
"shared_vrf_bram","LUT4","i_vrf/lane_result_q[2][56]_i_7"
"shared_vrf_bram","LUT6","i_vrf/lane_result_q[2][57]_i_1"
"shared_vrf_bram","LUT6","i_vrf/lane_result_q[2][57]_i_2"
"shared_vrf_bram","LUT5","i_vrf/lane_result_q[2][57]_i_3"
"shared_vrf_bram","LUT6","i_vrf/lane_result_q[2][57]_i_4"
"shared_vrf_bram","LUT6","i_vrf/lane_result_q[2][57]_i_5"
"shared_vrf_bram","LUT4","i_vrf/lane_result_q[2][57]_i_6"
"shared_vrf_bram","LUT4","i_vrf/lane_result_q[2][57]_i_7"
"shared_vrf_bram","LUT6","i_vrf/lane_result_q[2][58]_i_1"
"shared_vrf_bram","LUT6","i_vrf/lane_result_q[2][58]_i_2"
"shared_vrf_bram","LUT5","i_vrf/lane_result_q[2][58]_i_3"
"shared_vrf_bram","LUT6","i_vrf/lane_result_q[2][58]_i_4"
"shared_vrf_bram","LUT6","i_vrf/lane_result_q[2][58]_i_5"
"shared_vrf_bram","LUT4","i_vrf/lane_result_q[2][58]_i_6"
"shared_vrf_bram","LUT4","i_vrf/lane_result_q[2][58]_i_7"
"shared_vrf_bram","LUT5","i_vrf/lane_result_q[2][59]_i_1"
"shared_vrf_bram","LUT6","i_vrf/lane_result_q[2][59]_i_2"
"shared_vrf_bram","LUT5","i_vrf/lane_result_q[2][59]_i_3"
"shared_vrf_bram","LUT6","i_vrf/lane_result_q[2][59]_i_4"
"shared_vrf_bram","LUT6","i_vrf/lane_result_q[2][59]_i_5"
"shared_vrf_bram","LUT6","i_vrf/lane_result_q[2][59]_i_6"
"shared_vrf_bram","LUT4","i_vrf/lane_result_q[2][59]_i_7"
"shared_vrf_bram","LUT4","i_vrf/lane_result_q[2][59]_i_8"
"shared_vrf_bram","LUT6","i_vrf/lane_result_q[2][5]_i_1"
"shared_vrf_bram","LUT6","i_vrf/lane_result_q[2][5]_i_2"
"shared_vrf_bram","LUT5","i_vrf/lane_result_q[2][5]_i_3"
"shared_vrf_bram","LUT6","i_vrf/lane_result_q[2][5]_i_4"
"shared_vrf_bram","LUT6","i_vrf/lane_result_q[2][5]_i_5"
"shared_vrf_bram","LUT4","i_vrf/lane_result_q[2][5]_i_6"
"shared_vrf_bram","LUT4","i_vrf/lane_result_q[2][5]_i_7"
"shared_vrf_bram","LUT6","i_vrf/lane_result_q[2][60]_i_1"
"shared_vrf_bram","LUT6","i_vrf/lane_result_q[2][60]_i_2"
"shared_vrf_bram","LUT5","i_vrf/lane_result_q[2][60]_i_3"
"shared_vrf_bram","LUT6","i_vrf/lane_result_q[2][60]_i_4"
"shared_vrf_bram","LUT6","i_vrf/lane_result_q[2][60]_i_5"
"shared_vrf_bram","LUT4","i_vrf/lane_result_q[2][60]_i_6"
"shared_vrf_bram","LUT4","i_vrf/lane_result_q[2][60]_i_7"
"shared_vrf_bram","LUT6","i_vrf/lane_result_q[2][61]_i_1"
"shared_vrf_bram","LUT6","i_vrf/lane_result_q[2][61]_i_2"
"shared_vrf_bram","LUT5","i_vrf/lane_result_q[2][61]_i_3"
"shared_vrf_bram","LUT6","i_vrf/lane_result_q[2][61]_i_4"
"shared_vrf_bram","LUT6","i_vrf/lane_result_q[2][61]_i_5"
"shared_vrf_bram","LUT4","i_vrf/lane_result_q[2][61]_i_6"
"shared_vrf_bram","LUT4","i_vrf/lane_result_q[2][61]_i_7"
"shared_vrf_bram","LUT6","i_vrf/lane_result_q[2][62]_i_1"
"shared_vrf_bram","LUT6","i_vrf/lane_result_q[2][62]_i_2"
"shared_vrf_bram","LUT5","i_vrf/lane_result_q[2][62]_i_3"
"shared_vrf_bram","LUT6","i_vrf/lane_result_q[2][62]_i_4"
"shared_vrf_bram","LUT6","i_vrf/lane_result_q[2][62]_i_5"
"shared_vrf_bram","LUT4","i_vrf/lane_result_q[2][62]_i_6"
"shared_vrf_bram","LUT4","i_vrf/lane_result_q[2][62]_i_7"
"shared_vrf_bram","LUT5","i_vrf/lane_result_q[2][63]_i_1"
"shared_vrf_bram","LUT6","i_vrf/lane_result_q[2][63]_i_2"
"shared_vrf_bram","LUT5","i_vrf/lane_result_q[2][63]_i_3"
"shared_vrf_bram","LUT6","i_vrf/lane_result_q[2][63]_i_4"
"shared_vrf_bram","LUT6","i_vrf/lane_result_q[2][63]_i_5"
"shared_vrf_bram","LUT6","i_vrf/lane_result_q[2][63]_i_6"
"shared_vrf_bram","LUT4","i_vrf/lane_result_q[2][63]_i_7"
"shared_vrf_bram","LUT4","i_vrf/lane_result_q[2][63]_i_8"
"shared_vrf_bram","LUT6","i_vrf/lane_result_q[2][6]_i_1"
"shared_vrf_bram","LUT6","i_vrf/lane_result_q[2][6]_i_2"
"shared_vrf_bram","LUT5","i_vrf/lane_result_q[2][6]_i_3"
"shared_vrf_bram","LUT6","i_vrf/lane_result_q[2][6]_i_4"
"shared_vrf_bram","LUT6","i_vrf/lane_result_q[2][6]_i_5"
"shared_vrf_bram","LUT4","i_vrf/lane_result_q[2][6]_i_6"
"shared_vrf_bram","LUT4","i_vrf/lane_result_q[2][6]_i_7"
"shared_vrf_bram","LUT5","i_vrf/lane_result_q[2][7]_i_1"
"shared_vrf_bram","LUT6","i_vrf/lane_result_q[2][7]_i_2"
"shared_vrf_bram","LUT5","i_vrf/lane_result_q[2][7]_i_3"
"shared_vrf_bram","LUT6","i_vrf/lane_result_q[2][7]_i_4"
"shared_vrf_bram","LUT6","i_vrf/lane_result_q[2][7]_i_5"
"shared_vrf_bram","LUT6","i_vrf/lane_result_q[2][7]_i_6"
"shared_vrf_bram","LUT4","i_vrf/lane_result_q[2][7]_i_7"
"shared_vrf_bram","LUT4","i_vrf/lane_result_q[2][7]_i_8"
"shared_vrf_bram","LUT6","i_vrf/lane_result_q[2][8]_i_1"
"shared_vrf_bram","LUT6","i_vrf/lane_result_q[2][8]_i_2"
"shared_vrf_bram","LUT5","i_vrf/lane_result_q[2][8]_i_3"
"shared_vrf_bram","LUT6","i_vrf/lane_result_q[2][8]_i_4"
"shared_vrf_bram","LUT6","i_vrf/lane_result_q[2][8]_i_5"
"shared_vrf_bram","LUT4","i_vrf/lane_result_q[2][8]_i_6"
"shared_vrf_bram","LUT4","i_vrf/lane_result_q[2][8]_i_7"
"shared_vrf_bram","LUT6","i_vrf/lane_result_q[2][9]_i_1"
"shared_vrf_bram","LUT6","i_vrf/lane_result_q[2][9]_i_2"
"shared_vrf_bram","LUT5","i_vrf/lane_result_q[2][9]_i_3"
"shared_vrf_bram","LUT6","i_vrf/lane_result_q[2][9]_i_4"
"shared_vrf_bram","LUT6","i_vrf/lane_result_q[2][9]_i_5"
"shared_vrf_bram","LUT4","i_vrf/lane_result_q[2][9]_i_6"
"shared_vrf_bram","LUT4","i_vrf/lane_result_q[2][9]_i_7"
"shared_vrf_bram","LUT6","i_vrf/lane_result_q[3][0]_i_1"
"shared_vrf_bram","LUT6","i_vrf/lane_result_q[3][0]_i_2"
"shared_vrf_bram","LUT5","i_vrf/lane_result_q[3][0]_i_3"
"shared_vrf_bram","LUT6","i_vrf/lane_result_q[3][0]_i_4"
"shared_vrf_bram","LUT6","i_vrf/lane_result_q[3][0]_i_5"
"shared_vrf_bram","LUT4","i_vrf/lane_result_q[3][0]_i_6"
"shared_vrf_bram","LUT4","i_vrf/lane_result_q[3][0]_i_7"
"shared_vrf_bram","LUT6","i_vrf/lane_result_q[3][10]_i_1"
"shared_vrf_bram","LUT6","i_vrf/lane_result_q[3][10]_i_2"
"shared_vrf_bram","LUT5","i_vrf/lane_result_q[3][10]_i_3"
"shared_vrf_bram","LUT6","i_vrf/lane_result_q[3][10]_i_4"
"shared_vrf_bram","LUT6","i_vrf/lane_result_q[3][10]_i_5"
"shared_vrf_bram","LUT4","i_vrf/lane_result_q[3][10]_i_6"
"shared_vrf_bram","LUT4","i_vrf/lane_result_q[3][10]_i_7"
"shared_vrf_bram","LUT5","i_vrf/lane_result_q[3][11]_i_1"
"shared_vrf_bram","LUT6","i_vrf/lane_result_q[3][11]_i_2"
"shared_vrf_bram","LUT5","i_vrf/lane_result_q[3][11]_i_3"
"shared_vrf_bram","LUT6","i_vrf/lane_result_q[3][11]_i_4"
"shared_vrf_bram","LUT6","i_vrf/lane_result_q[3][11]_i_5"
"shared_vrf_bram","LUT6","i_vrf/lane_result_q[3][11]_i_6"
"shared_vrf_bram","LUT4","i_vrf/lane_result_q[3][11]_i_7"
"shared_vrf_bram","LUT4","i_vrf/lane_result_q[3][11]_i_8"
"shared_vrf_bram","LUT6","i_vrf/lane_result_q[3][12]_i_1"
"shared_vrf_bram","LUT6","i_vrf/lane_result_q[3][12]_i_2"
"shared_vrf_bram","LUT5","i_vrf/lane_result_q[3][12]_i_3"
"shared_vrf_bram","LUT6","i_vrf/lane_result_q[3][12]_i_4"
"shared_vrf_bram","LUT6","i_vrf/lane_result_q[3][12]_i_5"
"shared_vrf_bram","LUT4","i_vrf/lane_result_q[3][12]_i_6"
"shared_vrf_bram","LUT4","i_vrf/lane_result_q[3][12]_i_7"
"shared_vrf_bram","LUT6","i_vrf/lane_result_q[3][13]_i_1"
"shared_vrf_bram","LUT6","i_vrf/lane_result_q[3][13]_i_2"
"shared_vrf_bram","LUT5","i_vrf/lane_result_q[3][13]_i_3"
"shared_vrf_bram","LUT6","i_vrf/lane_result_q[3][13]_i_4"
"shared_vrf_bram","LUT6","i_vrf/lane_result_q[3][13]_i_5"
"shared_vrf_bram","LUT4","i_vrf/lane_result_q[3][13]_i_6"
"shared_vrf_bram","LUT4","i_vrf/lane_result_q[3][13]_i_7"
"shared_vrf_bram","LUT6","i_vrf/lane_result_q[3][14]_i_1"
"shared_vrf_bram","LUT6","i_vrf/lane_result_q[3][14]_i_2"
"shared_vrf_bram","LUT5","i_vrf/lane_result_q[3][14]_i_3"
"shared_vrf_bram","LUT6","i_vrf/lane_result_q[3][14]_i_4"
"shared_vrf_bram","LUT6","i_vrf/lane_result_q[3][14]_i_5"
"shared_vrf_bram","LUT4","i_vrf/lane_result_q[3][14]_i_6"
"shared_vrf_bram","LUT4","i_vrf/lane_result_q[3][14]_i_7"
"shared_vrf_bram","LUT5","i_vrf/lane_result_q[3][15]_i_1"
"shared_vrf_bram","LUT6","i_vrf/lane_result_q[3][15]_i_2"
"shared_vrf_bram","LUT5","i_vrf/lane_result_q[3][15]_i_3"
"shared_vrf_bram","LUT6","i_vrf/lane_result_q[3][15]_i_4"
"shared_vrf_bram","LUT6","i_vrf/lane_result_q[3][15]_i_5"
"shared_vrf_bram","LUT6","i_vrf/lane_result_q[3][15]_i_6"
"shared_vrf_bram","LUT4","i_vrf/lane_result_q[3][15]_i_7"
"shared_vrf_bram","LUT4","i_vrf/lane_result_q[3][15]_i_8"
"shared_vrf_bram","LUT6","i_vrf/lane_result_q[3][16]_i_1"
"shared_vrf_bram","LUT6","i_vrf/lane_result_q[3][16]_i_2"
"shared_vrf_bram","LUT5","i_vrf/lane_result_q[3][16]_i_3"
"shared_vrf_bram","LUT6","i_vrf/lane_result_q[3][16]_i_4"
"shared_vrf_bram","LUT6","i_vrf/lane_result_q[3][16]_i_5"
"shared_vrf_bram","LUT4","i_vrf/lane_result_q[3][16]_i_6"
"shared_vrf_bram","LUT4","i_vrf/lane_result_q[3][16]_i_7"
"shared_vrf_bram","LUT6","i_vrf/lane_result_q[3][17]_i_1"
"shared_vrf_bram","LUT6","i_vrf/lane_result_q[3][17]_i_2"
"shared_vrf_bram","LUT5","i_vrf/lane_result_q[3][17]_i_3"
"shared_vrf_bram","LUT6","i_vrf/lane_result_q[3][17]_i_4"
"shared_vrf_bram","LUT6","i_vrf/lane_result_q[3][17]_i_5"
"shared_vrf_bram","LUT4","i_vrf/lane_result_q[3][17]_i_6"
"shared_vrf_bram","LUT4","i_vrf/lane_result_q[3][17]_i_7"
"shared_vrf_bram","LUT6","i_vrf/lane_result_q[3][18]_i_1"
"shared_vrf_bram","LUT6","i_vrf/lane_result_q[3][18]_i_2"
"shared_vrf_bram","LUT5","i_vrf/lane_result_q[3][18]_i_3"
"shared_vrf_bram","LUT6","i_vrf/lane_result_q[3][18]_i_4"
"shared_vrf_bram","LUT6","i_vrf/lane_result_q[3][18]_i_5"
"shared_vrf_bram","LUT4","i_vrf/lane_result_q[3][18]_i_6"
"shared_vrf_bram","LUT4","i_vrf/lane_result_q[3][18]_i_7"
"shared_vrf_bram","LUT5","i_vrf/lane_result_q[3][19]_i_1"
"shared_vrf_bram","LUT6","i_vrf/lane_result_q[3][19]_i_2"
"shared_vrf_bram","LUT5","i_vrf/lane_result_q[3][19]_i_3"
"shared_vrf_bram","LUT6","i_vrf/lane_result_q[3][19]_i_4"
"shared_vrf_bram","LUT6","i_vrf/lane_result_q[3][19]_i_5"
"shared_vrf_bram","LUT6","i_vrf/lane_result_q[3][19]_i_6"
"shared_vrf_bram","LUT4","i_vrf/lane_result_q[3][19]_i_7"
"shared_vrf_bram","LUT4","i_vrf/lane_result_q[3][19]_i_8"
"shared_vrf_bram","LUT6","i_vrf/lane_result_q[3][1]_i_1"
"shared_vrf_bram","LUT6","i_vrf/lane_result_q[3][1]_i_2"
"shared_vrf_bram","LUT5","i_vrf/lane_result_q[3][1]_i_3"
"shared_vrf_bram","LUT6","i_vrf/lane_result_q[3][1]_i_4"
"shared_vrf_bram","LUT6","i_vrf/lane_result_q[3][1]_i_5"
"shared_vrf_bram","LUT4","i_vrf/lane_result_q[3][1]_i_6"
"shared_vrf_bram","LUT4","i_vrf/lane_result_q[3][1]_i_7"
"shared_vrf_bram","LUT6","i_vrf/lane_result_q[3][20]_i_1"
"shared_vrf_bram","LUT6","i_vrf/lane_result_q[3][20]_i_2"
"shared_vrf_bram","LUT5","i_vrf/lane_result_q[3][20]_i_3"
"shared_vrf_bram","LUT6","i_vrf/lane_result_q[3][20]_i_4"
"shared_vrf_bram","LUT6","i_vrf/lane_result_q[3][20]_i_5"
"shared_vrf_bram","LUT4","i_vrf/lane_result_q[3][20]_i_6"
"shared_vrf_bram","LUT4","i_vrf/lane_result_q[3][20]_i_7"
"shared_vrf_bram","LUT6","i_vrf/lane_result_q[3][21]_i_1"
"shared_vrf_bram","LUT6","i_vrf/lane_result_q[3][21]_i_2"
"shared_vrf_bram","LUT5","i_vrf/lane_result_q[3][21]_i_3"
"shared_vrf_bram","LUT6","i_vrf/lane_result_q[3][21]_i_4"
"shared_vrf_bram","LUT6","i_vrf/lane_result_q[3][21]_i_5"
"shared_vrf_bram","LUT4","i_vrf/lane_result_q[3][21]_i_6"
"shared_vrf_bram","LUT4","i_vrf/lane_result_q[3][21]_i_7"
"shared_vrf_bram","LUT6","i_vrf/lane_result_q[3][22]_i_1"
"shared_vrf_bram","LUT6","i_vrf/lane_result_q[3][22]_i_2"
"shared_vrf_bram","LUT5","i_vrf/lane_result_q[3][22]_i_3"
"shared_vrf_bram","LUT6","i_vrf/lane_result_q[3][22]_i_4"
"shared_vrf_bram","LUT6","i_vrf/lane_result_q[3][22]_i_5"
"shared_vrf_bram","LUT4","i_vrf/lane_result_q[3][22]_i_6"
"shared_vrf_bram","LUT4","i_vrf/lane_result_q[3][22]_i_7"
"shared_vrf_bram","LUT5","i_vrf/lane_result_q[3][23]_i_1"
"shared_vrf_bram","LUT6","i_vrf/lane_result_q[3][23]_i_2"
"shared_vrf_bram","LUT5","i_vrf/lane_result_q[3][23]_i_3"
"shared_vrf_bram","LUT6","i_vrf/lane_result_q[3][23]_i_4"
"shared_vrf_bram","LUT6","i_vrf/lane_result_q[3][23]_i_5"
"shared_vrf_bram","LUT6","i_vrf/lane_result_q[3][23]_i_6"
"shared_vrf_bram","LUT4","i_vrf/lane_result_q[3][23]_i_7"
"shared_vrf_bram","LUT4","i_vrf/lane_result_q[3][23]_i_8"
"shared_vrf_bram","LUT6","i_vrf/lane_result_q[3][24]_i_1"
"shared_vrf_bram","LUT6","i_vrf/lane_result_q[3][24]_i_2"
"shared_vrf_bram","LUT5","i_vrf/lane_result_q[3][24]_i_3"
"shared_vrf_bram","LUT6","i_vrf/lane_result_q[3][24]_i_4"
"shared_vrf_bram","LUT6","i_vrf/lane_result_q[3][24]_i_5"
"shared_vrf_bram","LUT4","i_vrf/lane_result_q[3][24]_i_6"
"shared_vrf_bram","LUT4","i_vrf/lane_result_q[3][24]_i_7"
"shared_vrf_bram","LUT6","i_vrf/lane_result_q[3][25]_i_1"
"shared_vrf_bram","LUT6","i_vrf/lane_result_q[3][25]_i_2"
"shared_vrf_bram","LUT5","i_vrf/lane_result_q[3][25]_i_3"
"shared_vrf_bram","LUT6","i_vrf/lane_result_q[3][25]_i_4"
"shared_vrf_bram","LUT6","i_vrf/lane_result_q[3][25]_i_5"
"shared_vrf_bram","LUT4","i_vrf/lane_result_q[3][25]_i_6"
"shared_vrf_bram","LUT4","i_vrf/lane_result_q[3][25]_i_7"
"shared_vrf_bram","LUT6","i_vrf/lane_result_q[3][26]_i_1"
"shared_vrf_bram","LUT6","i_vrf/lane_result_q[3][26]_i_2"
"shared_vrf_bram","LUT5","i_vrf/lane_result_q[3][26]_i_3"
"shared_vrf_bram","LUT6","i_vrf/lane_result_q[3][26]_i_4"
"shared_vrf_bram","LUT6","i_vrf/lane_result_q[3][26]_i_5"
"shared_vrf_bram","LUT4","i_vrf/lane_result_q[3][26]_i_6"
"shared_vrf_bram","LUT4","i_vrf/lane_result_q[3][26]_i_7"
"shared_vrf_bram","LUT5","i_vrf/lane_result_q[3][27]_i_1"
"shared_vrf_bram","LUT6","i_vrf/lane_result_q[3][27]_i_2"
"shared_vrf_bram","LUT5","i_vrf/lane_result_q[3][27]_i_3"
"shared_vrf_bram","LUT6","i_vrf/lane_result_q[3][27]_i_4"
"shared_vrf_bram","LUT6","i_vrf/lane_result_q[3][27]_i_5"
"shared_vrf_bram","LUT6","i_vrf/lane_result_q[3][27]_i_6"
"shared_vrf_bram","LUT4","i_vrf/lane_result_q[3][27]_i_7"
"shared_vrf_bram","LUT4","i_vrf/lane_result_q[3][27]_i_8"
"shared_vrf_bram","LUT6","i_vrf/lane_result_q[3][28]_i_1"
"shared_vrf_bram","LUT6","i_vrf/lane_result_q[3][28]_i_2"
"shared_vrf_bram","LUT5","i_vrf/lane_result_q[3][28]_i_3"
"shared_vrf_bram","LUT6","i_vrf/lane_result_q[3][28]_i_4"
"shared_vrf_bram","LUT6","i_vrf/lane_result_q[3][28]_i_5"
"shared_vrf_bram","LUT4","i_vrf/lane_result_q[3][28]_i_6"
"shared_vrf_bram","LUT4","i_vrf/lane_result_q[3][28]_i_7"
"shared_vrf_bram","LUT6","i_vrf/lane_result_q[3][29]_i_1"
"shared_vrf_bram","LUT6","i_vrf/lane_result_q[3][29]_i_2"
"shared_vrf_bram","LUT5","i_vrf/lane_result_q[3][29]_i_3"
"shared_vrf_bram","LUT6","i_vrf/lane_result_q[3][29]_i_4"
"shared_vrf_bram","LUT6","i_vrf/lane_result_q[3][29]_i_5"
"shared_vrf_bram","LUT4","i_vrf/lane_result_q[3][29]_i_6"
"shared_vrf_bram","LUT4","i_vrf/lane_result_q[3][29]_i_7"
"shared_vrf_bram","LUT6","i_vrf/lane_result_q[3][2]_i_1"
"shared_vrf_bram","LUT6","i_vrf/lane_result_q[3][2]_i_2"
"shared_vrf_bram","LUT5","i_vrf/lane_result_q[3][2]_i_3"
"shared_vrf_bram","LUT6","i_vrf/lane_result_q[3][2]_i_4"
"shared_vrf_bram","LUT6","i_vrf/lane_result_q[3][2]_i_5"
"shared_vrf_bram","LUT4","i_vrf/lane_result_q[3][2]_i_6"
"shared_vrf_bram","LUT4","i_vrf/lane_result_q[3][2]_i_7"
"shared_vrf_bram","LUT6","i_vrf/lane_result_q[3][30]_i_1"
"shared_vrf_bram","LUT6","i_vrf/lane_result_q[3][30]_i_2"
"shared_vrf_bram","LUT5","i_vrf/lane_result_q[3][30]_i_3"
"shared_vrf_bram","LUT6","i_vrf/lane_result_q[3][30]_i_4"
"shared_vrf_bram","LUT6","i_vrf/lane_result_q[3][30]_i_5"
"shared_vrf_bram","LUT4","i_vrf/lane_result_q[3][30]_i_6"
"shared_vrf_bram","LUT4","i_vrf/lane_result_q[3][30]_i_7"
"shared_vrf_bram","LUT5","i_vrf/lane_result_q[3][31]_i_1"
"shared_vrf_bram","LUT6","i_vrf/lane_result_q[3][31]_i_2"
"shared_vrf_bram","LUT5","i_vrf/lane_result_q[3][31]_i_3"
"shared_vrf_bram","LUT6","i_vrf/lane_result_q[3][31]_i_4"
"shared_vrf_bram","LUT6","i_vrf/lane_result_q[3][31]_i_5"
"shared_vrf_bram","LUT6","i_vrf/lane_result_q[3][31]_i_6"
"shared_vrf_bram","LUT4","i_vrf/lane_result_q[3][31]_i_7"
"shared_vrf_bram","LUT4","i_vrf/lane_result_q[3][31]_i_8"
"shared_vrf_bram","LUT6","i_vrf/lane_result_q[3][32]_i_1"
"shared_vrf_bram","LUT6","i_vrf/lane_result_q[3][32]_i_2"
"shared_vrf_bram","LUT5","i_vrf/lane_result_q[3][32]_i_3"
"shared_vrf_bram","LUT6","i_vrf/lane_result_q[3][32]_i_4"
"shared_vrf_bram","LUT6","i_vrf/lane_result_q[3][32]_i_5"
"shared_vrf_bram","LUT4","i_vrf/lane_result_q[3][32]_i_6"
"shared_vrf_bram","LUT4","i_vrf/lane_result_q[3][32]_i_7"
"shared_vrf_bram","LUT6","i_vrf/lane_result_q[3][33]_i_1"
"shared_vrf_bram","LUT6","i_vrf/lane_result_q[3][33]_i_2"
"shared_vrf_bram","LUT5","i_vrf/lane_result_q[3][33]_i_3"
"shared_vrf_bram","LUT6","i_vrf/lane_result_q[3][33]_i_4"
"shared_vrf_bram","LUT6","i_vrf/lane_result_q[3][33]_i_5"
"shared_vrf_bram","LUT4","i_vrf/lane_result_q[3][33]_i_6"
"shared_vrf_bram","LUT4","i_vrf/lane_result_q[3][33]_i_7"
"shared_vrf_bram","LUT6","i_vrf/lane_result_q[3][34]_i_1"
"shared_vrf_bram","LUT6","i_vrf/lane_result_q[3][34]_i_2"
"shared_vrf_bram","LUT5","i_vrf/lane_result_q[3][34]_i_3"
"shared_vrf_bram","LUT6","i_vrf/lane_result_q[3][34]_i_4"
"shared_vrf_bram","LUT6","i_vrf/lane_result_q[3][34]_i_5"
"shared_vrf_bram","LUT4","i_vrf/lane_result_q[3][34]_i_6"
"shared_vrf_bram","LUT4","i_vrf/lane_result_q[3][34]_i_7"
"shared_vrf_bram","LUT5","i_vrf/lane_result_q[3][35]_i_1"
"shared_vrf_bram","LUT4","i_vrf/lane_result_q[3][35]_i_10"
"shared_vrf_bram","LUT6","i_vrf/lane_result_q[3][35]_i_2"
"shared_vrf_bram","LUT5","i_vrf/lane_result_q[3][35]_i_3"
"shared_vrf_bram","LUT2","i_vrf/lane_result_q[3][35]_i_4"
"shared_vrf_bram","LUT2","i_vrf/lane_result_q[3][35]_i_5"
"shared_vrf_bram","LUT6","i_vrf/lane_result_q[3][35]_i_6"
"shared_vrf_bram","LUT6","i_vrf/lane_result_q[3][35]_i_7"
"shared_vrf_bram","LUT6","i_vrf/lane_result_q[3][35]_i_8"
"shared_vrf_bram","LUT4","i_vrf/lane_result_q[3][35]_i_9"
"shared_vrf_bram","LUT6","i_vrf/lane_result_q[3][36]_i_1"
"shared_vrf_bram","LUT6","i_vrf/lane_result_q[3][36]_i_2"
"shared_vrf_bram","LUT5","i_vrf/lane_result_q[3][36]_i_3"
"shared_vrf_bram","LUT6","i_vrf/lane_result_q[3][36]_i_4"
"shared_vrf_bram","LUT6","i_vrf/lane_result_q[3][36]_i_5"
"shared_vrf_bram","LUT4","i_vrf/lane_result_q[3][36]_i_6"
"shared_vrf_bram","LUT4","i_vrf/lane_result_q[3][36]_i_7"
"shared_vrf_bram","LUT6","i_vrf/lane_result_q[3][37]_i_1"
"shared_vrf_bram","LUT6","i_vrf/lane_result_q[3][37]_i_2"
"shared_vrf_bram","LUT5","i_vrf/lane_result_q[3][37]_i_3"
"shared_vrf_bram","LUT6","i_vrf/lane_result_q[3][37]_i_4"
"shared_vrf_bram","LUT6","i_vrf/lane_result_q[3][37]_i_5"
"shared_vrf_bram","LUT4","i_vrf/lane_result_q[3][37]_i_6"
"shared_vrf_bram","LUT4","i_vrf/lane_result_q[3][37]_i_7"
"shared_vrf_bram","LUT6","i_vrf/lane_result_q[3][38]_i_1"
"shared_vrf_bram","LUT6","i_vrf/lane_result_q[3][38]_i_2"
"shared_vrf_bram","LUT5","i_vrf/lane_result_q[3][38]_i_3"
"shared_vrf_bram","LUT6","i_vrf/lane_result_q[3][38]_i_4"
"shared_vrf_bram","LUT6","i_vrf/lane_result_q[3][38]_i_5"
"shared_vrf_bram","LUT4","i_vrf/lane_result_q[3][38]_i_6"
"shared_vrf_bram","LUT4","i_vrf/lane_result_q[3][38]_i_7"
"shared_vrf_bram","LUT5","i_vrf/lane_result_q[3][39]_i_1"
"shared_vrf_bram","LUT6","i_vrf/lane_result_q[3][39]_i_2"
"shared_vrf_bram","LUT5","i_vrf/lane_result_q[3][39]_i_3"
"shared_vrf_bram","LUT6","i_vrf/lane_result_q[3][39]_i_4"
"shared_vrf_bram","LUT6","i_vrf/lane_result_q[3][39]_i_5"
"shared_vrf_bram","LUT6","i_vrf/lane_result_q[3][39]_i_6"
"shared_vrf_bram","LUT4","i_vrf/lane_result_q[3][39]_i_7"
"shared_vrf_bram","LUT4","i_vrf/lane_result_q[3][39]_i_8"
"shared_vrf_bram","LUT5","i_vrf/lane_result_q[3][3]_i_1"
"shared_vrf_bram","LUT6","i_vrf/lane_result_q[3][3]_i_2"
"shared_vrf_bram","LUT5","i_vrf/lane_result_q[3][3]_i_3"
"shared_vrf_bram","LUT6","i_vrf/lane_result_q[3][3]_i_4"
"shared_vrf_bram","LUT6","i_vrf/lane_result_q[3][3]_i_5"
"shared_vrf_bram","LUT6","i_vrf/lane_result_q[3][3]_i_6"
"shared_vrf_bram","LUT4","i_vrf/lane_result_q[3][3]_i_7"
"shared_vrf_bram","LUT4","i_vrf/lane_result_q[3][3]_i_8"
"shared_vrf_bram","LUT6","i_vrf/lane_result_q[3][40]_i_1"
"shared_vrf_bram","LUT6","i_vrf/lane_result_q[3][40]_i_2"
"shared_vrf_bram","LUT5","i_vrf/lane_result_q[3][40]_i_3"
"shared_vrf_bram","LUT6","i_vrf/lane_result_q[3][40]_i_4"
"shared_vrf_bram","LUT6","i_vrf/lane_result_q[3][40]_i_5"
"shared_vrf_bram","LUT4","i_vrf/lane_result_q[3][40]_i_6"
"shared_vrf_bram","LUT4","i_vrf/lane_result_q[3][40]_i_7"
"shared_vrf_bram","LUT6","i_vrf/lane_result_q[3][41]_i_1"
"shared_vrf_bram","LUT6","i_vrf/lane_result_q[3][41]_i_2"
"shared_vrf_bram","LUT5","i_vrf/lane_result_q[3][41]_i_3"
"shared_vrf_bram","LUT6","i_vrf/lane_result_q[3][41]_i_4"
"shared_vrf_bram","LUT6","i_vrf/lane_result_q[3][41]_i_5"
"shared_vrf_bram","LUT4","i_vrf/lane_result_q[3][41]_i_6"
"shared_vrf_bram","LUT4","i_vrf/lane_result_q[3][41]_i_7"
"shared_vrf_bram","LUT6","i_vrf/lane_result_q[3][42]_i_1"
"shared_vrf_bram","LUT6","i_vrf/lane_result_q[3][42]_i_2"
"shared_vrf_bram","LUT5","i_vrf/lane_result_q[3][42]_i_3"
"shared_vrf_bram","LUT6","i_vrf/lane_result_q[3][42]_i_4"
"shared_vrf_bram","LUT6","i_vrf/lane_result_q[3][42]_i_5"
"shared_vrf_bram","LUT4","i_vrf/lane_result_q[3][42]_i_6"
"shared_vrf_bram","LUT4","i_vrf/lane_result_q[3][42]_i_7"
"shared_vrf_bram","LUT5","i_vrf/lane_result_q[3][43]_i_1"
"shared_vrf_bram","LUT6","i_vrf/lane_result_q[3][43]_i_2"
"shared_vrf_bram","LUT5","i_vrf/lane_result_q[3][43]_i_3"
"shared_vrf_bram","LUT6","i_vrf/lane_result_q[3][43]_i_4"
"shared_vrf_bram","LUT6","i_vrf/lane_result_q[3][43]_i_5"
"shared_vrf_bram","LUT6","i_vrf/lane_result_q[3][43]_i_6"
"shared_vrf_bram","LUT4","i_vrf/lane_result_q[3][43]_i_7"
"shared_vrf_bram","LUT4","i_vrf/lane_result_q[3][43]_i_8"
"shared_vrf_bram","LUT6","i_vrf/lane_result_q[3][44]_i_1"
"shared_vrf_bram","LUT6","i_vrf/lane_result_q[3][44]_i_2"
"shared_vrf_bram","LUT5","i_vrf/lane_result_q[3][44]_i_3"
"shared_vrf_bram","LUT6","i_vrf/lane_result_q[3][44]_i_4"
"shared_vrf_bram","LUT6","i_vrf/lane_result_q[3][44]_i_5"
"shared_vrf_bram","LUT4","i_vrf/lane_result_q[3][44]_i_6"
"shared_vrf_bram","LUT4","i_vrf/lane_result_q[3][44]_i_7"
"shared_vrf_bram","LUT6","i_vrf/lane_result_q[3][45]_i_1"
"shared_vrf_bram","LUT6","i_vrf/lane_result_q[3][45]_i_2"
"shared_vrf_bram","LUT5","i_vrf/lane_result_q[3][45]_i_3"
"shared_vrf_bram","LUT6","i_vrf/lane_result_q[3][45]_i_4"
"shared_vrf_bram","LUT6","i_vrf/lane_result_q[3][45]_i_5"
"shared_vrf_bram","LUT4","i_vrf/lane_result_q[3][45]_i_6"
"shared_vrf_bram","LUT4","i_vrf/lane_result_q[3][45]_i_7"
"shared_vrf_bram","LUT6","i_vrf/lane_result_q[3][46]_i_1"
"shared_vrf_bram","LUT6","i_vrf/lane_result_q[3][46]_i_2"
"shared_vrf_bram","LUT5","i_vrf/lane_result_q[3][46]_i_3"
"shared_vrf_bram","LUT6","i_vrf/lane_result_q[3][46]_i_4"
"shared_vrf_bram","LUT6","i_vrf/lane_result_q[3][46]_i_5"
"shared_vrf_bram","LUT4","i_vrf/lane_result_q[3][46]_i_6"
"shared_vrf_bram","LUT4","i_vrf/lane_result_q[3][46]_i_7"
"shared_vrf_bram","LUT5","i_vrf/lane_result_q[3][47]_i_1"
"shared_vrf_bram","LUT6","i_vrf/lane_result_q[3][47]_i_2"
"shared_vrf_bram","LUT5","i_vrf/lane_result_q[3][47]_i_3"
"shared_vrf_bram","LUT6","i_vrf/lane_result_q[3][47]_i_4"
"shared_vrf_bram","LUT6","i_vrf/lane_result_q[3][47]_i_5"
"shared_vrf_bram","LUT6","i_vrf/lane_result_q[3][47]_i_6"
"shared_vrf_bram","LUT4","i_vrf/lane_result_q[3][47]_i_7"
"shared_vrf_bram","LUT4","i_vrf/lane_result_q[3][47]_i_8"
"shared_vrf_bram","LUT6","i_vrf/lane_result_q[3][48]_i_1"
"shared_vrf_bram","LUT6","i_vrf/lane_result_q[3][48]_i_2"
"shared_vrf_bram","LUT5","i_vrf/lane_result_q[3][48]_i_3"
"shared_vrf_bram","LUT6","i_vrf/lane_result_q[3][48]_i_4"
"shared_vrf_bram","LUT6","i_vrf/lane_result_q[3][48]_i_5"
"shared_vrf_bram","LUT4","i_vrf/lane_result_q[3][48]_i_6"
"shared_vrf_bram","LUT4","i_vrf/lane_result_q[3][48]_i_7"
"shared_vrf_bram","LUT6","i_vrf/lane_result_q[3][49]_i_1"
"shared_vrf_bram","LUT6","i_vrf/lane_result_q[3][49]_i_2"
"shared_vrf_bram","LUT5","i_vrf/lane_result_q[3][49]_i_3"
"shared_vrf_bram","LUT6","i_vrf/lane_result_q[3][49]_i_4"
"shared_vrf_bram","LUT6","i_vrf/lane_result_q[3][49]_i_5"
"shared_vrf_bram","LUT4","i_vrf/lane_result_q[3][49]_i_6"
"shared_vrf_bram","LUT4","i_vrf/lane_result_q[3][49]_i_7"
"shared_vrf_bram","LUT6","i_vrf/lane_result_q[3][4]_i_1"
"shared_vrf_bram","LUT6","i_vrf/lane_result_q[3][4]_i_2"
"shared_vrf_bram","LUT5","i_vrf/lane_result_q[3][4]_i_3"
"shared_vrf_bram","LUT6","i_vrf/lane_result_q[3][4]_i_4"
"shared_vrf_bram","LUT6","i_vrf/lane_result_q[3][4]_i_5"
"shared_vrf_bram","LUT4","i_vrf/lane_result_q[3][4]_i_6"
"shared_vrf_bram","LUT4","i_vrf/lane_result_q[3][4]_i_7"
"shared_vrf_bram","LUT6","i_vrf/lane_result_q[3][50]_i_1"
"shared_vrf_bram","LUT6","i_vrf/lane_result_q[3][50]_i_2"
"shared_vrf_bram","LUT5","i_vrf/lane_result_q[3][50]_i_3"
"shared_vrf_bram","LUT6","i_vrf/lane_result_q[3][50]_i_4"
"shared_vrf_bram","LUT6","i_vrf/lane_result_q[3][50]_i_5"
"shared_vrf_bram","LUT4","i_vrf/lane_result_q[3][50]_i_6"
"shared_vrf_bram","LUT4","i_vrf/lane_result_q[3][50]_i_7"
"shared_vrf_bram","LUT5","i_vrf/lane_result_q[3][51]_i_1"
"shared_vrf_bram","LUT6","i_vrf/lane_result_q[3][51]_i_2"
"shared_vrf_bram","LUT5","i_vrf/lane_result_q[3][51]_i_3"
"shared_vrf_bram","LUT6","i_vrf/lane_result_q[3][51]_i_4"
"shared_vrf_bram","LUT6","i_vrf/lane_result_q[3][51]_i_5"
"shared_vrf_bram","LUT6","i_vrf/lane_result_q[3][51]_i_6"
"shared_vrf_bram","LUT4","i_vrf/lane_result_q[3][51]_i_7"
"shared_vrf_bram","LUT4","i_vrf/lane_result_q[3][51]_i_8"
"shared_vrf_bram","LUT6","i_vrf/lane_result_q[3][52]_i_1"
"shared_vrf_bram","LUT6","i_vrf/lane_result_q[3][52]_i_2"
"shared_vrf_bram","LUT5","i_vrf/lane_result_q[3][52]_i_3"
"shared_vrf_bram","LUT6","i_vrf/lane_result_q[3][52]_i_4"
"shared_vrf_bram","LUT6","i_vrf/lane_result_q[3][52]_i_5"
"shared_vrf_bram","LUT4","i_vrf/lane_result_q[3][52]_i_6"
"shared_vrf_bram","LUT4","i_vrf/lane_result_q[3][52]_i_7"
"shared_vrf_bram","LUT6","i_vrf/lane_result_q[3][53]_i_1"
"shared_vrf_bram","LUT6","i_vrf/lane_result_q[3][53]_i_2"
"shared_vrf_bram","LUT5","i_vrf/lane_result_q[3][53]_i_3"
"shared_vrf_bram","LUT6","i_vrf/lane_result_q[3][53]_i_4"
"shared_vrf_bram","LUT6","i_vrf/lane_result_q[3][53]_i_5"
"shared_vrf_bram","LUT4","i_vrf/lane_result_q[3][53]_i_6"
"shared_vrf_bram","LUT4","i_vrf/lane_result_q[3][53]_i_7"
"shared_vrf_bram","LUT6","i_vrf/lane_result_q[3][54]_i_1"
"shared_vrf_bram","LUT6","i_vrf/lane_result_q[3][54]_i_2"
"shared_vrf_bram","LUT5","i_vrf/lane_result_q[3][54]_i_3"
"shared_vrf_bram","LUT6","i_vrf/lane_result_q[3][54]_i_4"
"shared_vrf_bram","LUT6","i_vrf/lane_result_q[3][54]_i_5"
"shared_vrf_bram","LUT4","i_vrf/lane_result_q[3][54]_i_6"
"shared_vrf_bram","LUT4","i_vrf/lane_result_q[3][54]_i_7"
"shared_vrf_bram","LUT5","i_vrf/lane_result_q[3][55]_i_1"
"shared_vrf_bram","LUT6","i_vrf/lane_result_q[3][55]_i_2"
"shared_vrf_bram","LUT5","i_vrf/lane_result_q[3][55]_i_3"
"shared_vrf_bram","LUT6","i_vrf/lane_result_q[3][55]_i_4"
"shared_vrf_bram","LUT6","i_vrf/lane_result_q[3][55]_i_5"
"shared_vrf_bram","LUT6","i_vrf/lane_result_q[3][55]_i_6"
"shared_vrf_bram","LUT4","i_vrf/lane_result_q[3][55]_i_7"
"shared_vrf_bram","LUT4","i_vrf/lane_result_q[3][55]_i_8"
"shared_vrf_bram","LUT6","i_vrf/lane_result_q[3][56]_i_1"
"shared_vrf_bram","LUT6","i_vrf/lane_result_q[3][56]_i_2"
"shared_vrf_bram","LUT5","i_vrf/lane_result_q[3][56]_i_3"
"shared_vrf_bram","LUT6","i_vrf/lane_result_q[3][56]_i_4"
"shared_vrf_bram","LUT6","i_vrf/lane_result_q[3][56]_i_5"
"shared_vrf_bram","LUT4","i_vrf/lane_result_q[3][56]_i_6"
"shared_vrf_bram","LUT4","i_vrf/lane_result_q[3][56]_i_7"
"shared_vrf_bram","LUT6","i_vrf/lane_result_q[3][57]_i_1"
"shared_vrf_bram","LUT6","i_vrf/lane_result_q[3][57]_i_2"
"shared_vrf_bram","LUT5","i_vrf/lane_result_q[3][57]_i_3"
"shared_vrf_bram","LUT6","i_vrf/lane_result_q[3][57]_i_4"
"shared_vrf_bram","LUT6","i_vrf/lane_result_q[3][57]_i_5"
"shared_vrf_bram","LUT4","i_vrf/lane_result_q[3][57]_i_6"
"shared_vrf_bram","LUT4","i_vrf/lane_result_q[3][57]_i_7"
"shared_vrf_bram","LUT6","i_vrf/lane_result_q[3][58]_i_1"
"shared_vrf_bram","LUT6","i_vrf/lane_result_q[3][58]_i_2"
"shared_vrf_bram","LUT5","i_vrf/lane_result_q[3][58]_i_3"
"shared_vrf_bram","LUT6","i_vrf/lane_result_q[3][58]_i_4"
"shared_vrf_bram","LUT6","i_vrf/lane_result_q[3][58]_i_5"
"shared_vrf_bram","LUT4","i_vrf/lane_result_q[3][58]_i_6"
"shared_vrf_bram","LUT4","i_vrf/lane_result_q[3][58]_i_7"
"shared_vrf_bram","LUT5","i_vrf/lane_result_q[3][59]_i_1"
"shared_vrf_bram","LUT6","i_vrf/lane_result_q[3][59]_i_2"
"shared_vrf_bram","LUT5","i_vrf/lane_result_q[3][59]_i_3"
"shared_vrf_bram","LUT6","i_vrf/lane_result_q[3][59]_i_4"
"shared_vrf_bram","LUT6","i_vrf/lane_result_q[3][59]_i_5"
"shared_vrf_bram","LUT6","i_vrf/lane_result_q[3][59]_i_6"
"shared_vrf_bram","LUT4","i_vrf/lane_result_q[3][59]_i_7"
"shared_vrf_bram","LUT4","i_vrf/lane_result_q[3][59]_i_8"
"shared_vrf_bram","LUT6","i_vrf/lane_result_q[3][5]_i_1"
"shared_vrf_bram","LUT6","i_vrf/lane_result_q[3][5]_i_2"
"shared_vrf_bram","LUT5","i_vrf/lane_result_q[3][5]_i_3"
"shared_vrf_bram","LUT6","i_vrf/lane_result_q[3][5]_i_4"
"shared_vrf_bram","LUT6","i_vrf/lane_result_q[3][5]_i_5"
"shared_vrf_bram","LUT4","i_vrf/lane_result_q[3][5]_i_6"
"shared_vrf_bram","LUT4","i_vrf/lane_result_q[3][5]_i_7"
"shared_vrf_bram","LUT6","i_vrf/lane_result_q[3][60]_i_1"
"shared_vrf_bram","LUT6","i_vrf/lane_result_q[3][60]_i_2"
"shared_vrf_bram","LUT5","i_vrf/lane_result_q[3][60]_i_3"
"shared_vrf_bram","LUT6","i_vrf/lane_result_q[3][60]_i_4"
"shared_vrf_bram","LUT6","i_vrf/lane_result_q[3][60]_i_5"
"shared_vrf_bram","LUT4","i_vrf/lane_result_q[3][60]_i_6"
"shared_vrf_bram","LUT4","i_vrf/lane_result_q[3][60]_i_7"
"shared_vrf_bram","LUT6","i_vrf/lane_result_q[3][61]_i_1"
"shared_vrf_bram","LUT6","i_vrf/lane_result_q[3][61]_i_2"
"shared_vrf_bram","LUT5","i_vrf/lane_result_q[3][61]_i_3"
"shared_vrf_bram","LUT6","i_vrf/lane_result_q[3][61]_i_4"
"shared_vrf_bram","LUT6","i_vrf/lane_result_q[3][61]_i_5"
"shared_vrf_bram","LUT4","i_vrf/lane_result_q[3][61]_i_6"
"shared_vrf_bram","LUT4","i_vrf/lane_result_q[3][61]_i_7"
"shared_vrf_bram","LUT6","i_vrf/lane_result_q[3][62]_i_1"
"shared_vrf_bram","LUT6","i_vrf/lane_result_q[3][62]_i_2"
"shared_vrf_bram","LUT5","i_vrf/lane_result_q[3][62]_i_3"
"shared_vrf_bram","LUT6","i_vrf/lane_result_q[3][62]_i_4"
"shared_vrf_bram","LUT6","i_vrf/lane_result_q[3][62]_i_5"
"shared_vrf_bram","LUT4","i_vrf/lane_result_q[3][62]_i_6"
"shared_vrf_bram","LUT4","i_vrf/lane_result_q[3][62]_i_7"
"shared_vrf_bram","LUT2","i_vrf/lane_result_q[3][63]_i_10"
"shared_vrf_bram","LUT4","i_vrf/lane_result_q[3][63]_i_100"
"shared_vrf_bram","LUT4","i_vrf/lane_result_q[3][63]_i_101"
"shared_vrf_bram","LUT4","i_vrf/lane_result_q[3][63]_i_102"
"shared_vrf_bram","LUT4","i_vrf/lane_result_q[3][63]_i_103"
"shared_vrf_bram","LUT4","i_vrf/lane_result_q[3][63]_i_104"
"shared_vrf_bram","LUT4","i_vrf/lane_result_q[3][63]_i_105"
"shared_vrf_bram","LUT4","i_vrf/lane_result_q[3][63]_i_106"
"shared_vrf_bram","LUT4","i_vrf/lane_result_q[3][63]_i_107"
"shared_vrf_bram","LUT4","i_vrf/lane_result_q[3][63]_i_108"
"shared_vrf_bram","LUT4","i_vrf/lane_result_q[3][63]_i_109"
"shared_vrf_bram","LUT6","i_vrf/lane_result_q[3][63]_i_11"
"shared_vrf_bram","LUT4","i_vrf/lane_result_q[3][63]_i_110"
"shared_vrf_bram","LUT4","i_vrf/lane_result_q[3][63]_i_111"
"shared_vrf_bram","LUT4","i_vrf/lane_result_q[3][63]_i_112"
"shared_vrf_bram","LUT4","i_vrf/lane_result_q[3][63]_i_113"
"shared_vrf_bram","LUT4","i_vrf/lane_result_q[3][63]_i_114"
"shared_vrf_bram","LUT4","i_vrf/lane_result_q[3][63]_i_115"
"shared_vrf_bram","LUT4","i_vrf/lane_result_q[3][63]_i_116"
"shared_vrf_bram","LUT4","i_vrf/lane_result_q[3][63]_i_117"
"shared_vrf_bram","LUT4","i_vrf/lane_result_q[3][63]_i_118"
"shared_vrf_bram","LUT4","i_vrf/lane_result_q[3][63]_i_119"
"shared_vrf_bram","LUT2","i_vrf/lane_result_q[3][63]_i_12"
"shared_vrf_bram","LUT4","i_vrf/lane_result_q[3][63]_i_120"
"shared_vrf_bram","LUT5","i_vrf/lane_result_q[3][63]_i_121"
"shared_vrf_bram","LUT4","i_vrf/lane_result_q[3][63]_i_122"
"shared_vrf_bram","LUT4","i_vrf/lane_result_q[3][63]_i_123"
"shared_vrf_bram","LUT4","i_vrf/lane_result_q[3][63]_i_124"
"shared_vrf_bram","LUT4","i_vrf/lane_result_q[3][63]_i_125"
"shared_vrf_bram","LUT4","i_vrf/lane_result_q[3][63]_i_126"
"shared_vrf_bram","LUT4","i_vrf/lane_result_q[3][63]_i_127"
"shared_vrf_bram","LUT4","i_vrf/lane_result_q[3][63]_i_128"
"shared_vrf_bram","LUT4","i_vrf/lane_result_q[3][63]_i_129"
"shared_vrf_bram","LUT6","i_vrf/lane_result_q[3][63]_i_13"
"shared_vrf_bram","LUT4","i_vrf/lane_result_q[3][63]_i_130"
"shared_vrf_bram","LUT4","i_vrf/lane_result_q[3][63]_i_131"
"shared_vrf_bram","LUT4","i_vrf/lane_result_q[3][63]_i_132"
"shared_vrf_bram","LUT4","i_vrf/lane_result_q[3][63]_i_133"
"shared_vrf_bram","LUT4","i_vrf/lane_result_q[3][63]_i_134"
"shared_vrf_bram","LUT4","i_vrf/lane_result_q[3][63]_i_135"
"shared_vrf_bram","LUT4","i_vrf/lane_result_q[3][63]_i_136"
"shared_vrf_bram","LUT4","i_vrf/lane_result_q[3][63]_i_137"
"shared_vrf_bram","LUT4","i_vrf/lane_result_q[3][63]_i_138"
"shared_vrf_bram","LUT4","i_vrf/lane_result_q[3][63]_i_139"
"shared_vrf_bram","LUT5","i_vrf/lane_result_q[3][63]_i_14"
"shared_vrf_bram","LUT4","i_vrf/lane_result_q[3][63]_i_140"
"shared_vrf_bram","LUT4","i_vrf/lane_result_q[3][63]_i_141"
"shared_vrf_bram","LUT4","i_vrf/lane_result_q[3][63]_i_142"
"shared_vrf_bram","LUT4","i_vrf/lane_result_q[3][63]_i_143"
"shared_vrf_bram","LUT4","i_vrf/lane_result_q[3][63]_i_144"
"shared_vrf_bram","LUT4","i_vrf/lane_result_q[3][63]_i_145"
"shared_vrf_bram","LUT4","i_vrf/lane_result_q[3][63]_i_146"
"shared_vrf_bram","LUT4","i_vrf/lane_result_q[3][63]_i_147"
"shared_vrf_bram","LUT4","i_vrf/lane_result_q[3][63]_i_148"
"shared_vrf_bram","LUT4","i_vrf/lane_result_q[3][63]_i_149"
"shared_vrf_bram","LUT6","i_vrf/lane_result_q[3][63]_i_15"
"shared_vrf_bram","LUT4","i_vrf/lane_result_q[3][63]_i_150"
"shared_vrf_bram","LUT4","i_vrf/lane_result_q[3][63]_i_151"
"shared_vrf_bram","LUT4","i_vrf/lane_result_q[3][63]_i_152"
"shared_vrf_bram","LUT4","i_vrf/lane_result_q[3][63]_i_153"
"shared_vrf_bram","LUT4","i_vrf/lane_result_q[3][63]_i_154"
"shared_vrf_bram","LUT4","i_vrf/lane_result_q[3][63]_i_155"
"shared_vrf_bram","LUT4","i_vrf/lane_result_q[3][63]_i_156"
"shared_vrf_bram","LUT4","i_vrf/lane_result_q[3][63]_i_157"
"shared_vrf_bram","LUT4","i_vrf/lane_result_q[3][63]_i_158"
"shared_vrf_bram","LUT4","i_vrf/lane_result_q[3][63]_i_159"
"shared_vrf_bram","LUT6","i_vrf/lane_result_q[3][63]_i_16"
"shared_vrf_bram","LUT4","i_vrf/lane_result_q[3][63]_i_160"
"shared_vrf_bram","LUT4","i_vrf/lane_result_q[3][63]_i_161"
"shared_vrf_bram","LUT4","i_vrf/lane_result_q[3][63]_i_162"
"shared_vrf_bram","LUT4","i_vrf/lane_result_q[3][63]_i_163"
"shared_vrf_bram","LUT4","i_vrf/lane_result_q[3][63]_i_164"
"shared_vrf_bram","LUT4","i_vrf/lane_result_q[3][63]_i_165"
"shared_vrf_bram","LUT4","i_vrf/lane_result_q[3][63]_i_166"
"shared_vrf_bram","LUT4","i_vrf/lane_result_q[3][63]_i_167"
"shared_vrf_bram","LUT4","i_vrf/lane_result_q[3][63]_i_168"
"shared_vrf_bram","LUT4","i_vrf/lane_result_q[3][63]_i_169"
"shared_vrf_bram","LUT6","i_vrf/lane_result_q[3][63]_i_17"
"shared_vrf_bram","LUT4","i_vrf/lane_result_q[3][63]_i_170"
"shared_vrf_bram","LUT4","i_vrf/lane_result_q[3][63]_i_171"
"shared_vrf_bram","LUT4","i_vrf/lane_result_q[3][63]_i_172"
"shared_vrf_bram","LUT4","i_vrf/lane_result_q[3][63]_i_173"
"shared_vrf_bram","LUT4","i_vrf/lane_result_q[3][63]_i_174"
"shared_vrf_bram","LUT4","i_vrf/lane_result_q[3][63]_i_175"
"shared_vrf_bram","LUT4","i_vrf/lane_result_q[3][63]_i_176"
"shared_vrf_bram","LUT4","i_vrf/lane_result_q[3][63]_i_177"
"shared_vrf_bram","LUT4","i_vrf/lane_result_q[3][63]_i_178"
"shared_vrf_bram","LUT4","i_vrf/lane_result_q[3][63]_i_179"
"shared_vrf_bram","LUT6","i_vrf/lane_result_q[3][63]_i_18"
"shared_vrf_bram","LUT4","i_vrf/lane_result_q[3][63]_i_180"
"shared_vrf_bram","LUT4","i_vrf/lane_result_q[3][63]_i_181"
"shared_vrf_bram","LUT4","i_vrf/lane_result_q[3][63]_i_182"
"shared_vrf_bram","LUT4","i_vrf/lane_result_q[3][63]_i_183"
"shared_vrf_bram","LUT4","i_vrf/lane_result_q[3][63]_i_184"
"shared_vrf_bram","LUT4","i_vrf/lane_result_q[3][63]_i_185"
"shared_vrf_bram","LUT6","i_vrf/lane_result_q[3][63]_i_19"
"shared_vrf_bram","LUT5","i_vrf/lane_result_q[3][63]_i_2"
"shared_vrf_bram","LUT6","i_vrf/lane_result_q[3][63]_i_20"
"shared_vrf_bram","LUT6","i_vrf/lane_result_q[3][63]_i_21"
"shared_vrf_bram","LUT2","i_vrf/lane_result_q[3][63]_i_22"
"shared_vrf_bram","LUT6","i_vrf/lane_result_q[3][63]_i_23"
"shared_vrf_bram","LUT2","i_vrf/lane_result_q[3][63]_i_24"
"shared_vrf_bram","LUT6","i_vrf/lane_result_q[3][63]_i_25"
"shared_vrf_bram","LUT6","i_vrf/lane_result_q[3][63]_i_26"
"shared_vrf_bram","LUT6","i_vrf/lane_result_q[3][63]_i_27"
"shared_vrf_bram","LUT6","i_vrf/lane_result_q[3][63]_i_28"
"shared_vrf_bram","LUT6","i_vrf/lane_result_q[3][63]_i_29"
"shared_vrf_bram","LUT6","i_vrf/lane_result_q[3][63]_i_3"
"shared_vrf_bram","LUT6","i_vrf/lane_result_q[3][63]_i_30"
"shared_vrf_bram","LUT6","i_vrf/lane_result_q[3][63]_i_31"
"shared_vrf_bram","LUT6","i_vrf/lane_result_q[3][63]_i_32"
"shared_vrf_bram","LUT6","i_vrf/lane_result_q[3][63]_i_33"
"shared_vrf_bram","LUT6","i_vrf/lane_result_q[3][63]_i_34"
"shared_vrf_bram","LUT6","i_vrf/lane_result_q[3][63]_i_35"
"shared_vrf_bram","LUT6","i_vrf/lane_result_q[3][63]_i_36"
"shared_vrf_bram","LUT6","i_vrf/lane_result_q[3][63]_i_37"
"shared_vrf_bram","LUT6","i_vrf/lane_result_q[3][63]_i_38"
"shared_vrf_bram","LUT6","i_vrf/lane_result_q[3][63]_i_39"
"shared_vrf_bram","LUT2","i_vrf/lane_result_q[3][63]_i_4"
"shared_vrf_bram","LUT2","i_vrf/lane_result_q[3][63]_i_40"
"shared_vrf_bram","LUT6","i_vrf/lane_result_q[3][63]_i_41"
"shared_vrf_bram","LUT2","i_vrf/lane_result_q[3][63]_i_42"
"shared_vrf_bram","LUT6","i_vrf/lane_result_q[3][63]_i_43"
"shared_vrf_bram","LUT6","i_vrf/lane_result_q[3][63]_i_44"
"shared_vrf_bram","LUT6","i_vrf/lane_result_q[3][63]_i_45"
"shared_vrf_bram","LUT6","i_vrf/lane_result_q[3][63]_i_46"
"shared_vrf_bram","LUT6","i_vrf/lane_result_q[3][63]_i_47"
"shared_vrf_bram","LUT6","i_vrf/lane_result_q[3][63]_i_48"
"shared_vrf_bram","LUT6","i_vrf/lane_result_q[3][63]_i_49"
"shared_vrf_bram","LUT6","i_vrf/lane_result_q[3][63]_i_5"
"shared_vrf_bram","LUT6","i_vrf/lane_result_q[3][63]_i_50"
"shared_vrf_bram","LUT6","i_vrf/lane_result_q[3][63]_i_51"
"shared_vrf_bram","LUT6","i_vrf/lane_result_q[3][63]_i_52"
"shared_vrf_bram","LUT6","i_vrf/lane_result_q[3][63]_i_53"
"shared_vrf_bram","LUT6","i_vrf/lane_result_q[3][63]_i_54"
"shared_vrf_bram","LUT6","i_vrf/lane_result_q[3][63]_i_55"
"shared_vrf_bram","LUT5","i_vrf/lane_result_q[3][63]_i_56"
"shared_vrf_bram","LUT4","i_vrf/lane_result_q[3][63]_i_57"
"shared_vrf_bram","LUT4","i_vrf/lane_result_q[3][63]_i_58"
"shared_vrf_bram","LUT4","i_vrf/lane_result_q[3][63]_i_59"
"shared_vrf_bram","LUT3","i_vrf/lane_result_q[3][63]_i_6"
"shared_vrf_bram","LUT4","i_vrf/lane_result_q[3][63]_i_60"
"shared_vrf_bram","LUT4","i_vrf/lane_result_q[3][63]_i_61"
"shared_vrf_bram","LUT4","i_vrf/lane_result_q[3][63]_i_62"
"shared_vrf_bram","LUT4","i_vrf/lane_result_q[3][63]_i_63"
"shared_vrf_bram","LUT4","i_vrf/lane_result_q[3][63]_i_64"
"shared_vrf_bram","LUT4","i_vrf/lane_result_q[3][63]_i_65"
"shared_vrf_bram","LUT4","i_vrf/lane_result_q[3][63]_i_66"
"shared_vrf_bram","LUT4","i_vrf/lane_result_q[3][63]_i_67"
"shared_vrf_bram","LUT4","i_vrf/lane_result_q[3][63]_i_68"
"shared_vrf_bram","LUT4","i_vrf/lane_result_q[3][63]_i_69"
"shared_vrf_bram","LUT5","i_vrf/lane_result_q[3][63]_i_7"
"shared_vrf_bram","LUT4","i_vrf/lane_result_q[3][63]_i_70"
"shared_vrf_bram","LUT4","i_vrf/lane_result_q[3][63]_i_71"
"shared_vrf_bram","LUT4","i_vrf/lane_result_q[3][63]_i_72"
"shared_vrf_bram","LUT4","i_vrf/lane_result_q[3][63]_i_73"
"shared_vrf_bram","LUT4","i_vrf/lane_result_q[3][63]_i_74"
"shared_vrf_bram","LUT4","i_vrf/lane_result_q[3][63]_i_75"
"shared_vrf_bram","LUT4","i_vrf/lane_result_q[3][63]_i_76"
"shared_vrf_bram","LUT4","i_vrf/lane_result_q[3][63]_i_77"
"shared_vrf_bram","LUT4","i_vrf/lane_result_q[3][63]_i_78"
"shared_vrf_bram","LUT4","i_vrf/lane_result_q[3][63]_i_79"
"shared_vrf_bram","LUT6","i_vrf/lane_result_q[3][63]_i_8"
"shared_vrf_bram","LUT4","i_vrf/lane_result_q[3][63]_i_80"
"shared_vrf_bram","LUT4","i_vrf/lane_result_q[3][63]_i_81"
"shared_vrf_bram","LUT4","i_vrf/lane_result_q[3][63]_i_82"
"shared_vrf_bram","LUT4","i_vrf/lane_result_q[3][63]_i_83"
"shared_vrf_bram","LUT4","i_vrf/lane_result_q[3][63]_i_84"
"shared_vrf_bram","LUT4","i_vrf/lane_result_q[3][63]_i_85"
"shared_vrf_bram","LUT4","i_vrf/lane_result_q[3][63]_i_86"
"shared_vrf_bram","LUT4","i_vrf/lane_result_q[3][63]_i_87"
"shared_vrf_bram","LUT4","i_vrf/lane_result_q[3][63]_i_88"
"shared_vrf_bram","LUT4","i_vrf/lane_result_q[3][63]_i_89"
"shared_vrf_bram","LUT6","i_vrf/lane_result_q[3][63]_i_9"
"shared_vrf_bram","LUT4","i_vrf/lane_result_q[3][63]_i_90"
"shared_vrf_bram","LUT4","i_vrf/lane_result_q[3][63]_i_91"
"shared_vrf_bram","LUT4","i_vrf/lane_result_q[3][63]_i_92"
"shared_vrf_bram","LUT4","i_vrf/lane_result_q[3][63]_i_93"
"shared_vrf_bram","LUT4","i_vrf/lane_result_q[3][63]_i_94"
"shared_vrf_bram","LUT4","i_vrf/lane_result_q[3][63]_i_95"
"shared_vrf_bram","LUT4","i_vrf/lane_result_q[3][63]_i_96"
"shared_vrf_bram","LUT4","i_vrf/lane_result_q[3][63]_i_97"
"shared_vrf_bram","LUT4","i_vrf/lane_result_q[3][63]_i_98"
"shared_vrf_bram","LUT4","i_vrf/lane_result_q[3][63]_i_99"
"shared_vrf_bram","LUT6","i_vrf/lane_result_q[3][6]_i_1"
"shared_vrf_bram","LUT6","i_vrf/lane_result_q[3][6]_i_2"
"shared_vrf_bram","LUT5","i_vrf/lane_result_q[3][6]_i_3"
"shared_vrf_bram","LUT6","i_vrf/lane_result_q[3][6]_i_4"
"shared_vrf_bram","LUT6","i_vrf/lane_result_q[3][6]_i_5"
"shared_vrf_bram","LUT4","i_vrf/lane_result_q[3][6]_i_6"
"shared_vrf_bram","LUT4","i_vrf/lane_result_q[3][6]_i_7"
"shared_vrf_bram","LUT5","i_vrf/lane_result_q[3][7]_i_1"
"shared_vrf_bram","LUT6","i_vrf/lane_result_q[3][7]_i_2"
"shared_vrf_bram","LUT5","i_vrf/lane_result_q[3][7]_i_3"
"shared_vrf_bram","LUT6","i_vrf/lane_result_q[3][7]_i_4"
"shared_vrf_bram","LUT6","i_vrf/lane_result_q[3][7]_i_5"
"shared_vrf_bram","LUT6","i_vrf/lane_result_q[3][7]_i_6"
"shared_vrf_bram","LUT4","i_vrf/lane_result_q[3][7]_i_7"
"shared_vrf_bram","LUT4","i_vrf/lane_result_q[3][7]_i_8"
"shared_vrf_bram","LUT6","i_vrf/lane_result_q[3][8]_i_1"
"shared_vrf_bram","LUT6","i_vrf/lane_result_q[3][8]_i_2"
"shared_vrf_bram","LUT5","i_vrf/lane_result_q[3][8]_i_3"
"shared_vrf_bram","LUT6","i_vrf/lane_result_q[3][8]_i_4"
"shared_vrf_bram","LUT6","i_vrf/lane_result_q[3][8]_i_5"
"shared_vrf_bram","LUT4","i_vrf/lane_result_q[3][8]_i_6"
"shared_vrf_bram","LUT4","i_vrf/lane_result_q[3][8]_i_7"
"shared_vrf_bram","LUT6","i_vrf/lane_result_q[3][9]_i_1"
"shared_vrf_bram","LUT6","i_vrf/lane_result_q[3][9]_i_2"
"shared_vrf_bram","LUT5","i_vrf/lane_result_q[3][9]_i_3"
"shared_vrf_bram","LUT6","i_vrf/lane_result_q[3][9]_i_4"
"shared_vrf_bram","LUT6","i_vrf/lane_result_q[3][9]_i_5"
"shared_vrf_bram","LUT4","i_vrf/lane_result_q[3][9]_i_6"
"shared_vrf_bram","LUT4","i_vrf/lane_result_q[3][9]_i_7"
"shared_vrf_bram","LUT2","i_vrf/op_q[3]_i_2"
"shared_vrf_bram","LUT2","i_vrf/p4_arch_op_q[3]_i_5"
"shared_vrf_bram","LUT2","i_vrf/ready_o_INST_0_i_1"
"shared_vrf_bram","LUT6","i_vrf/res_q[0]_i_1"
"shared_vrf_bram","LUT6","i_vrf/res_q[0]_i_2"
"shared_vrf_bram","LUT6","i_vrf/res_q[0]_i_3"
"shared_vrf_bram","LUT6","i_vrf/res_q[0]_i_4"
"shared_vrf_bram","LUT6","i_vrf/res_q[10]_i_1"
"shared_vrf_bram","LUT6","i_vrf/res_q[10]_i_2"
"shared_vrf_bram","LUT6","i_vrf/res_q[10]_i_3"
"shared_vrf_bram","LUT6","i_vrf/res_q[11]_i_1"
"shared_vrf_bram","LUT5","i_vrf/res_q[11]_i_2"
"shared_vrf_bram","LUT6","i_vrf/res_q[11]_i_3"
"shared_vrf_bram","LUT2","i_vrf/res_q[11]_i_4"
"shared_vrf_bram","LUT6","i_vrf/res_q[12]_i_1"
"shared_vrf_bram","LUT6","i_vrf/res_q[12]_i_2"
"shared_vrf_bram","LUT6","i_vrf/res_q[12]_i_3"
"shared_vrf_bram","LUT6","i_vrf/res_q[13]_i_1"
"shared_vrf_bram","LUT5","i_vrf/res_q[13]_i_2"
"shared_vrf_bram","LUT3","i_vrf/res_q[13]_i_3"
"shared_vrf_bram","LUT6","i_vrf/res_q[13]_i_4"
"shared_vrf_bram","LUT6","i_vrf/res_q[13]_i_5"
"shared_vrf_bram","LUT2","i_vrf/res_q[14]_i_1"
"shared_vrf_bram","LUT6","i_vrf/res_q[14]_i_2"
"shared_vrf_bram","LUT2","i_vrf/res_q[15]_i_1"
"shared_vrf_bram","LUT6","i_vrf/res_q[15]_i_2"
"shared_vrf_bram","LUT2","i_vrf/res_q[16]_i_1"
"shared_vrf_bram","LUT6","i_vrf/res_q[16]_i_2"
"shared_vrf_bram","LUT2","i_vrf/res_q[17]_i_1"
"shared_vrf_bram","LUT6","i_vrf/res_q[17]_i_2"
"shared_vrf_bram","LUT2","i_vrf/res_q[18]_i_1"
"shared_vrf_bram","LUT6","i_vrf/res_q[18]_i_2"
"shared_vrf_bram","LUT2","i_vrf/res_q[19]_i_1"
"shared_vrf_bram","LUT6","i_vrf/res_q[19]_i_2"
"shared_vrf_bram","LUT6","i_vrf/res_q[1]_i_1"
"shared_vrf_bram","LUT2","i_vrf/res_q[1]_i_10"
"shared_vrf_bram","LUT6","i_vrf/res_q[1]_i_11"
"shared_vrf_bram","LUT5","i_vrf/res_q[1]_i_12"
"shared_vrf_bram","LUT5","i_vrf/res_q[1]_i_13"
"shared_vrf_bram","LUT4","i_vrf/res_q[1]_i_14"
"shared_vrf_bram","LUT2","i_vrf/res_q[1]_i_15"
"shared_vrf_bram","LUT6","i_vrf/res_q[1]_i_2"
"shared_vrf_bram","LUT6","i_vrf/res_q[1]_i_3"
"shared_vrf_bram","LUT6","i_vrf/res_q[1]_i_4"
"shared_vrf_bram","LUT2","i_vrf/res_q[1]_i_5"
"shared_vrf_bram","LUT5","i_vrf/res_q[1]_i_6"
"shared_vrf_bram","LUT3","i_vrf/res_q[1]_i_7"
"shared_vrf_bram","LUT6","i_vrf/res_q[1]_i_8"
"shared_vrf_bram","LUT2","i_vrf/res_q[1]_i_9"
"shared_vrf_bram","LUT2","i_vrf/res_q[20]_i_1"
"shared_vrf_bram","LUT6","i_vrf/res_q[20]_i_2"
"shared_vrf_bram","LUT2","i_vrf/res_q[21]_i_1"
"shared_vrf_bram","LUT6","i_vrf/res_q[21]_i_2"
"shared_vrf_bram","LUT2","i_vrf/res_q[22]_i_1"
"shared_vrf_bram","LUT6","i_vrf/res_q[22]_i_2"
"shared_vrf_bram","LUT2","i_vrf/res_q[23]_i_1"
"shared_vrf_bram","LUT6","i_vrf/res_q[23]_i_2"
"shared_vrf_bram","LUT2","i_vrf/res_q[24]_i_1"
"shared_vrf_bram","LUT6","i_vrf/res_q[24]_i_2"
"shared_vrf_bram","LUT2","i_vrf/res_q[25]_i_1"
"shared_vrf_bram","LUT6","i_vrf/res_q[25]_i_2"
"shared_vrf_bram","LUT2","i_vrf/res_q[26]_i_1"
"shared_vrf_bram","LUT6","i_vrf/res_q[26]_i_2"
"shared_vrf_bram","LUT2","i_vrf/res_q[27]_i_1"
"shared_vrf_bram","LUT6","i_vrf/res_q[27]_i_2"
"shared_vrf_bram","LUT2","i_vrf/res_q[28]_i_1"
"shared_vrf_bram","LUT6","i_vrf/res_q[28]_i_2"
"shared_vrf_bram","LUT2","i_vrf/res_q[29]_i_1"
"shared_vrf_bram","LUT6","i_vrf/res_q[29]_i_2"
"shared_vrf_bram","LUT6","i_vrf/res_q[2]_i_2"
"shared_vrf_bram","LUT6","i_vrf/res_q[2]_i_3"
"shared_vrf_bram","LUT2","i_vrf/res_q[2]_i_4"
"shared_vrf_bram","LUT6","i_vrf/res_q[2]_i_5"
"shared_vrf_bram","LUT6","i_vrf/res_q[2]_i_6"
"shared_vrf_bram","LUT5","i_vrf/res_q[2]_i_7"
"shared_vrf_bram","LUT2","i_vrf/res_q[30]_i_1"
"shared_vrf_bram","LUT6","i_vrf/res_q[30]_i_2"
"shared_vrf_bram","LUT2","i_vrf/res_q[31]_i_1"
"shared_vrf_bram","LUT6","i_vrf/res_q[31]_i_2"
"shared_vrf_bram","LUT2","i_vrf/res_q[32]_i_1"
"shared_vrf_bram","LUT6","i_vrf/res_q[32]_i_2"
"shared_vrf_bram","LUT2","i_vrf/res_q[33]_i_1"
"shared_vrf_bram","LUT6","i_vrf/res_q[33]_i_2"
"shared_vrf_bram","LUT2","i_vrf/res_q[34]_i_1"
"shared_vrf_bram","LUT6","i_vrf/res_q[34]_i_2"
"shared_vrf_bram","LUT2","i_vrf/res_q[35]_i_1"
"shared_vrf_bram","LUT6","i_vrf/res_q[35]_i_2"
"shared_vrf_bram","LUT2","i_vrf/res_q[36]_i_1"
"shared_vrf_bram","LUT6","i_vrf/res_q[36]_i_2"
"shared_vrf_bram","LUT2","i_vrf/res_q[37]_i_1"
"shared_vrf_bram","LUT6","i_vrf/res_q[37]_i_2"
"shared_vrf_bram","LUT2","i_vrf/res_q[38]_i_1"
"shared_vrf_bram","LUT6","i_vrf/res_q[38]_i_2"
"shared_vrf_bram","LUT2","i_vrf/res_q[39]_i_1"
"shared_vrf_bram","LUT6","i_vrf/res_q[39]_i_2"
"shared_vrf_bram","LUT6","i_vrf/res_q[3]_i_1"
"shared_vrf_bram","LUT5","i_vrf/res_q[3]_i_10"
"shared_vrf_bram","LUT6","i_vrf/res_q[3]_i_11"
"shared_vrf_bram","LUT6","i_vrf/res_q[3]_i_12"
"shared_vrf_bram","LUT6","i_vrf/res_q[3]_i_2"
"shared_vrf_bram","LUT6","i_vrf/res_q[3]_i_3"
"shared_vrf_bram","LUT4","i_vrf/res_q[3]_i_4"
"shared_vrf_bram","LUT6","i_vrf/res_q[3]_i_5"
"shared_vrf_bram","LUT3","i_vrf/res_q[3]_i_6"
"shared_vrf_bram","LUT6","i_vrf/res_q[3]_i_7"
"shared_vrf_bram","LUT5","i_vrf/res_q[3]_i_8"
"shared_vrf_bram","LUT4","i_vrf/res_q[3]_i_9"
"shared_vrf_bram","LUT2","i_vrf/res_q[40]_i_1"
"shared_vrf_bram","LUT6","i_vrf/res_q[40]_i_2"
"shared_vrf_bram","LUT2","i_vrf/res_q[41]_i_1"
"shared_vrf_bram","LUT6","i_vrf/res_q[41]_i_2"
"shared_vrf_bram","LUT2","i_vrf/res_q[42]_i_1"
"shared_vrf_bram","LUT6","i_vrf/res_q[42]_i_2"
"shared_vrf_bram","LUT2","i_vrf/res_q[43]_i_1"
"shared_vrf_bram","LUT6","i_vrf/res_q[43]_i_2"
"shared_vrf_bram","LUT2","i_vrf/res_q[44]_i_1"
"shared_vrf_bram","LUT6","i_vrf/res_q[44]_i_2"
"shared_vrf_bram","LUT2","i_vrf/res_q[45]_i_1"
"shared_vrf_bram","LUT6","i_vrf/res_q[45]_i_2"
"shared_vrf_bram","LUT2","i_vrf/res_q[46]_i_1"
"shared_vrf_bram","LUT6","i_vrf/res_q[46]_i_2"
"shared_vrf_bram","LUT2","i_vrf/res_q[47]_i_1"
"shared_vrf_bram","LUT6","i_vrf/res_q[47]_i_2"
"shared_vrf_bram","LUT2","i_vrf/res_q[48]_i_1"
"shared_vrf_bram","LUT6","i_vrf/res_q[48]_i_2"
"shared_vrf_bram","LUT2","i_vrf/res_q[49]_i_1"
"shared_vrf_bram","LUT6","i_vrf/res_q[49]_i_2"
"shared_vrf_bram","LUT6","i_vrf/res_q[4]_i_1"
"shared_vrf_bram","LUT6","i_vrf/res_q[4]_i_2"
"shared_vrf_bram","LUT6","i_vrf/res_q[4]_i_3"
"shared_vrf_bram","LUT5","i_vrf/res_q[4]_i_4"
"shared_vrf_bram","LUT6","i_vrf/res_q[4]_i_5"
"shared_vrf_bram","LUT6","i_vrf/res_q[4]_i_6"
"shared_vrf_bram","LUT6","i_vrf/res_q[4]_i_7"
"shared_vrf_bram","LUT2","i_vrf/res_q[50]_i_1"
"shared_vrf_bram","LUT6","i_vrf/res_q[50]_i_2"
"shared_vrf_bram","LUT2","i_vrf/res_q[51]_i_1"
"shared_vrf_bram","LUT6","i_vrf/res_q[51]_i_2"
"shared_vrf_bram","LUT2","i_vrf/res_q[52]_i_1"
"shared_vrf_bram","LUT6","i_vrf/res_q[52]_i_2"
"shared_vrf_bram","LUT2","i_vrf/res_q[53]_i_1"
"shared_vrf_bram","LUT6","i_vrf/res_q[53]_i_2"
"shared_vrf_bram","LUT2","i_vrf/res_q[54]_i_1"
"shared_vrf_bram","LUT6","i_vrf/res_q[54]_i_2"
"shared_vrf_bram","LUT2","i_vrf/res_q[55]_i_1"
"shared_vrf_bram","LUT6","i_vrf/res_q[55]_i_2"
"shared_vrf_bram","LUT2","i_vrf/res_q[56]_i_1"
"shared_vrf_bram","LUT6","i_vrf/res_q[56]_i_2"
"shared_vrf_bram","LUT2","i_vrf/res_q[57]_i_1"
"shared_vrf_bram","LUT6","i_vrf/res_q[57]_i_2"
"shared_vrf_bram","LUT2","i_vrf/res_q[58]_i_1"
"shared_vrf_bram","LUT6","i_vrf/res_q[58]_i_2"
"shared_vrf_bram","LUT2","i_vrf/res_q[59]_i_1"
"shared_vrf_bram","LUT6","i_vrf/res_q[59]_i_2"
"shared_vrf_bram","LUT6","i_vrf/res_q[5]_i_1"
"shared_vrf_bram","LUT6","i_vrf/res_q[5]_i_2"
"shared_vrf_bram","LUT6","i_vrf/res_q[5]_i_3"
"shared_vrf_bram","LUT6","i_vrf/res_q[5]_i_4"
"shared_vrf_bram","LUT5","i_vrf/res_q[5]_i_5"
"shared_vrf_bram","LUT6","i_vrf/res_q[5]_i_6"
"shared_vrf_bram","LUT6","i_vrf/res_q[5]_i_7"
"shared_vrf_bram","LUT2","i_vrf/res_q[60]_i_1"
"shared_vrf_bram","LUT6","i_vrf/res_q[60]_i_2"
"shared_vrf_bram","LUT2","i_vrf/res_q[61]_i_1"
"shared_vrf_bram","LUT6","i_vrf/res_q[61]_i_2"
"shared_vrf_bram","LUT2","i_vrf/res_q[62]_i_1"
"shared_vrf_bram","LUT6","i_vrf/res_q[62]_i_2"
"shared_vrf_bram","LUT2","i_vrf/res_q[63]_i_1"
"shared_vrf_bram","LUT6","i_vrf/res_q[63]_i_3"
"shared_vrf_bram","LUT6","i_vrf/res_q[63]_i_4"
"shared_vrf_bram","LUT6","i_vrf/res_q[6]_i_1"
"shared_vrf_bram","LUT6","i_vrf/res_q[6]_i_2"
"shared_vrf_bram","LUT6","i_vrf/res_q[6]_i_3"
"shared_vrf_bram","LUT6","i_vrf/res_q[6]_i_4"
"shared_vrf_bram","LUT6","i_vrf/res_q[6]_i_5"
"shared_vrf_bram","LUT5","i_vrf/res_q[6]_i_6"
"shared_vrf_bram","LUT6","i_vrf/res_q[6]_i_7"
"shared_vrf_bram","LUT6","i_vrf/res_q[6]_i_8"
"shared_vrf_bram","LUT6","i_vrf/res_q[7]_i_1"
"shared_vrf_bram","LUT3","i_vrf/res_q[7]_i_10"
"shared_vrf_bram","LUT3","i_vrf/res_q[7]_i_11"
"shared_vrf_bram","LUT6","i_vrf/res_q[7]_i_12"
"shared_vrf_bram","LUT5","i_vrf/res_q[7]_i_13"
"shared_vrf_bram","LUT6","i_vrf/res_q[7]_i_2"
"shared_vrf_bram","LUT6","i_vrf/res_q[7]_i_3"
"shared_vrf_bram","LUT6","i_vrf/res_q[7]_i_4"
"shared_vrf_bram","LUT6","i_vrf/res_q[7]_i_5"
"shared_vrf_bram","LUT5","i_vrf/res_q[7]_i_6"
"shared_vrf_bram","LUT6","i_vrf/res_q[7]_i_7"
"shared_vrf_bram","LUT6","i_vrf/res_q[7]_i_8"
"shared_vrf_bram","LUT2","i_vrf/res_q[7]_i_9"
"shared_vrf_bram","LUT6","i_vrf/res_q[8]_i_1"
"shared_vrf_bram","LUT4","i_vrf/res_q[8]_i_10"
"shared_vrf_bram","LUT5","i_vrf/res_q[8]_i_11"
"shared_vrf_bram","LUT5","i_vrf/res_q[8]_i_12"
"shared_vrf_bram","LUT5","i_vrf/res_q[8]_i_13"
"shared_vrf_bram","LUT6","i_vrf/res_q[8]_i_2"
"shared_vrf_bram","LUT6","i_vrf/res_q[8]_i_3"
"shared_vrf_bram","LUT3","i_vrf/res_q[8]_i_4"
"shared_vrf_bram","LUT6","i_vrf/res_q[8]_i_5"
"shared_vrf_bram","LUT6","i_vrf/res_q[8]_i_6"
"shared_vrf_bram","LUT6","i_vrf/res_q[8]_i_7"
"shared_vrf_bram","LUT6","i_vrf/res_q[8]_i_8"
"shared_vrf_bram","LUT3","i_vrf/res_q[8]_i_9"
"shared_vrf_bram","LUT6","i_vrf/res_q[9]_i_1"
"shared_vrf_bram","LUT6","i_vrf/res_q[9]_i_10"
"shared_vrf_bram","LUT6","i_vrf/res_q[9]_i_2"
"shared_vrf_bram","LUT4","i_vrf/res_q[9]_i_3"
"shared_vrf_bram","LUT2","i_vrf/res_q[9]_i_4"
"shared_vrf_bram","LUT6","i_vrf/res_q[9]_i_5"
"shared_vrf_bram","LUT4","i_vrf/res_q[9]_i_6"
"shared_vrf_bram","LUT6","i_vrf/res_q[9]_i_7"
"shared_vrf_bram","LUT5","i_vrf/res_q[9]_i_8"
"shared_vrf_bram","LUT3","i_vrf/res_q[9]_i_9"
"shared_vrf_bram","MUXF7","i_vrf/res_q_reg[2]_i_1"
"shared_vrf_bram","LUT2","i_vrf/st_q[5]_i_4"
"shared_vrf_bram","LUT2","i_vrf/st_q[5]_i_6"
"shared_vrf_bram","LUT2","i_vrf/uop_p0_q[chunk_idx][0]_i_4"
"shared_vrf_bram","LUT3","i_vrf/uop_p0_q[chunk_idx][0]_i_5"
"shared_vrf_bram","LUT3","i_vrf/uop_p0_q[chunk_idx][1]_i_9"
"shared_vrf_bram","LUT2","i_vrf/uop_p0_q[op_type][2]_i_2"
"shared_vrf_bram","LUT2","i_vrf/uop_p0_q[op_type][2]_i_5"
"shared_vrf_bram","LUT5","i_vrf/uop_p0_q[src0_addr][1]_i_4"
"shared_vrf_bram","LUT4","i_vrf/uop_p0_q[src0_addr][1]_i_6"
"shared_vrf_bram","LUT2","i_vrf/uop_p0_q[src0_addr][4]_i_9"
"shared_vrf_bram","LUT2","i_vrf/vrf_ra_q[0]_i_2"
"shared_vrf_bram","LUT4","i_vrf/vrf_ra_q[0]_i_3"
