Copyright 1986-2022 Xilinx, Inc. All Rights Reserved. Copyright 2022-2024 Advanced Micro Devices, Inc. All Rights Reserved.
----------------------------------------------------------------------------------------------------------------------------------------------------------------------------------------------------------------------------------------------------------------------------------------------------------------------------------------------------------------------
| Tool Version : Vivado v.2024.2 (win64) Build 5239630 Fri Nov 08 22:35:27 MST 2024
| Date         : Sat Jun  6 17:20:57 2026
| Host         : WIN-20240824NZS running 64-bit major release  (build 9200)
| Command      : report_timing -delay_type max -sort_by slack -max_paths 50 -nworst 1 -from [get_pins -quiet -of_objects {i_vrf/lane_result_q[3][62]_i_6/I4} -filter {DIRECTION == OUT}] -to {i_vrf/lane_result_q[3][62]_i_6/I4} -file E:/HDEC/cva6-vhdc-core/reports/vivado/ooc_hdec_timing_atlas_e0925738/175mhz/fixed_paths/fixed_02_p2_control_to_lane_result.rpt
| Design       : hdec_top
| Device       : 7z020-clg400
| Speed File   : -2  PRODUCTION 1.12 2019-11-22
| Design State : Synthesized
----------------------------------------------------------------------------------------------------------------------------------------------------------------------------------------------------------------------------------------------------------------------------------------------------------------------------------------------------------------------

Timing Report

Slack (MET) :             1.788ns  (required time - arrival time)
  Source:                 uop_p2_q_reg[use_shift]/C
                            (rising edge-triggered cell FDCE clocked by clk_i  {rise@0.000ns fall@2.857ns period=5.714ns})
  Destination:            lane_result_q_reg[0][55]/D
                            (rising edge-triggered cell FDCE clocked by clk_i  {rise@0.000ns fall@2.857ns period=5.714ns})
  Path Group:             clk_i
  Path Type:              Setup (Max at Slow Process Corner)
  Requirement:            5.714ns  (clk_i rise@5.714ns - clk_i rise@0.000ns)
  Data Path Delay:        3.923ns  (logic 1.085ns (27.657%)  route 2.838ns (72.343%))
  Logic Levels:           5  (LUT2=1 LUT6=4)
  Clock Path Skew:        -0.039ns (DCD - SCD + CPR)
    Destination Clock Delay (DCD):    0.748ns = ( 6.462 - 5.714 ) 
    Source Clock Delay      (SCD):    0.787ns
    Clock Pessimism Removal (CPR):    0.000ns
  Clock Uncertainty:      0.035ns  ((TSJ^2 + TIJ^2)^1/2 + DJ) / 2 + PE
    Total System Jitter     (TSJ):    0.071ns
    Total Input Jitter      (TIJ):    0.000ns
    Discrete Jitter          (DJ):    0.000ns
    Phase Error              (PE):    0.000ns

    Location             Delay type                Incr(ns)  Path(ns)    Netlist Resource(s)
  -------------------------------------------------------------------    -------------------
                         (clock clk_i rise edge)      0.000     0.000 r  
                                                      0.000     0.000 r  clk_i (IN)
                         net (fo=2875, unset)         0.787     0.787    clk_i
                         FDCE                                         r  uop_p2_q_reg[use_shift]/C
  -------------------------------------------------------------------    -------------------
                         FDCE (Prop_fdce_C_Q)         0.433     1.220 r  uop_p2_q_reg[use_shift]/Q
                         net (fo=9, unplaced)         0.281     1.501    i_vrf/uop_p2_q_reg[use_shift]__0
                         LUT2 (Prop_lut2_I1_O)        0.232     1.733 r  i_vrf/lane_result_q[3][63]_i_21/O
                         net (fo=509, unplaced)       0.668     2.401    i_vrf/lane_shift_valid[0]
                         LUT6 (Prop_lut6_I0_O)        0.105     2.506 r  i_vrf/lane_result_q[0][63]_i_13/O
                         net (fo=2, unplaced)         0.949     3.455    i_vrf/lane_result_q[0][63]_i_13_n_0
                         LUT6 (Prop_lut6_I0_O)        0.105     3.560 r  i_vrf/lane_result_q[0][55]_i_8/O
                         net (fo=2, unplaced)         0.593     4.153    i_vrf/lane_result_q[0][55]_i_8_n_0
                         LUT6 (Prop_lut6_I1_O)        0.105     4.258 r  i_vrf/lane_result_q[0][55]_i_5/O
                         net (fo=1, unplaced)         0.347     4.605    i_vrf/lane_shift_result[0][55]
                         LUT6 (Prop_lut6_I4_O)        0.105     4.710 r  i_vrf/lane_result_q[0][55]_i_1/O
                         net (fo=1, unplaced)         0.000     4.710    i_vrf_n_8
                         FDCE                                         r  lane_result_q_reg[0][55]/D
  -------------------------------------------------------------------    -------------------

                         (clock clk_i rise edge)      5.714     5.714 r  
                                                      0.000     5.714 r  clk_i (IN)
                         net (fo=2875, unset)         0.748     6.462    clk_i
                         FDCE                                         r  lane_result_q_reg[0][55]/C
                         clock pessimism              0.000     6.462    
                         clock uncertainty           -0.035     6.426    
                         FDCE (Setup_fdce_C_D)        0.072     6.498    lane_result_q_reg[0][55]
  -------------------------------------------------------------------
                         required time                          6.498    
                         arrival time                          -4.710    
  -------------------------------------------------------------------
                         slack                                  1.788    

Slack (MET) :             1.788ns  (required time - arrival time)
  Source:                 uop_p2_q_reg[use_shift]/C
                            (rising edge-triggered cell FDCE clocked by clk_i  {rise@0.000ns fall@2.857ns period=5.714ns})
  Destination:            lane_result_q_reg[0][63]/D
                            (rising edge-triggered cell FDCE clocked by clk_i  {rise@0.000ns fall@2.857ns period=5.714ns})
  Path Group:             clk_i
  Path Type:              Setup (Max at Slow Process Corner)
  Requirement:            5.714ns  (clk_i rise@5.714ns - clk_i rise@0.000ns)
  Data Path Delay:        3.923ns  (logic 1.085ns (27.657%)  route 2.838ns (72.343%))
  Logic Levels:           5  (LUT2=1 LUT6=4)
  Clock Path Skew:        -0.039ns (DCD - SCD + CPR)
    Destination Clock Delay (DCD):    0.748ns = ( 6.462 - 5.714 ) 
    Source Clock Delay      (SCD):    0.787ns
    Clock Pessimism Removal (CPR):    0.000ns
  Clock Uncertainty:      0.035ns  ((TSJ^2 + TIJ^2)^1/2 + DJ) / 2 + PE
    Total System Jitter     (TSJ):    0.071ns
    Total Input Jitter      (TIJ):    0.000ns
    Discrete Jitter          (DJ):    0.000ns
    Phase Error              (PE):    0.000ns

    Location             Delay type                Incr(ns)  Path(ns)    Netlist Resource(s)
  -------------------------------------------------------------------    -------------------
                         (clock clk_i rise edge)      0.000     0.000 r  
                                                      0.000     0.000 r  clk_i (IN)
                         net (fo=2875, unset)         0.787     0.787    clk_i
                         FDCE                                         r  uop_p2_q_reg[use_shift]/C
  -------------------------------------------------------------------    -------------------
                         FDCE (Prop_fdce_C_Q)         0.433     1.220 r  uop_p2_q_reg[use_shift]/Q
                         net (fo=9, unplaced)         0.281     1.501    i_vrf/uop_p2_q_reg[use_shift]__0
                         LUT2 (Prop_lut2_I1_O)        0.232     1.733 r  i_vrf/lane_result_q[3][63]_i_21/O
                         net (fo=509, unplaced)       0.668     2.401    i_vrf/lane_shift_valid[0]
                         LUT6 (Prop_lut6_I0_O)        0.105     2.506 r  i_vrf/lane_result_q[0][63]_i_13/O
                         net (fo=2, unplaced)         0.949     3.455    i_vrf/lane_result_q[0][63]_i_13_n_0
                         LUT6 (Prop_lut6_I2_O)        0.105     3.560 r  i_vrf/lane_result_q[0][63]_i_8/O
                         net (fo=2, unplaced)         0.593     4.153    i_vrf/lane_result_q[0][63]_i_8_n_0
                         LUT6 (Prop_lut6_I1_O)        0.105     4.258 r  i_vrf/lane_result_q[0][63]_i_5/O
                         net (fo=1, unplaced)         0.347     4.605    i_vrf/lane_shift_result[0][63]
                         LUT6 (Prop_lut6_I4_O)        0.105     4.710 r  i_vrf/lane_result_q[0][63]_i_1/O
                         net (fo=1, unplaced)         0.000     4.710    i_vrf_n_0
                         FDCE                                         r  lane_result_q_reg[0][63]/D
  -------------------------------------------------------------------    -------------------

                         (clock clk_i rise edge)      5.714     5.714 r  
                                                      0.000     5.714 r  clk_i (IN)
                         net (fo=2875, unset)         0.748     6.462    clk_i
                         FDCE                                         r  lane_result_q_reg[0][63]/C
                         clock pessimism              0.000     6.462    
                         clock uncertainty           -0.035     6.426    
                         FDCE (Setup_fdce_C_D)        0.072     6.498    lane_result_q_reg[0][63]
  -------------------------------------------------------------------
                         required time                          6.498    
                         arrival time                          -4.710    
  -------------------------------------------------------------------
                         slack                                  1.788    

Slack (MET) :             1.788ns  (required time - arrival time)
  Source:                 uop_p2_q_reg[use_shift]/C
                            (rising edge-triggered cell FDCE clocked by clk_i  {rise@0.000ns fall@2.857ns period=5.714ns})
  Destination:            lane_result_q_reg[1][55]/D
                            (rising edge-triggered cell FDCE clocked by clk_i  {rise@0.000ns fall@2.857ns period=5.714ns})
  Path Group:             clk_i
  Path Type:              Setup (Max at Slow Process Corner)
  Requirement:            5.714ns  (clk_i rise@5.714ns - clk_i rise@0.000ns)
  Data Path Delay:        3.923ns  (logic 1.085ns (27.657%)  route 2.838ns (72.343%))
  Logic Levels:           5  (LUT2=1 LUT6=4)
  Clock Path Skew:        -0.039ns (DCD - SCD + CPR)
    Destination Clock Delay (DCD):    0.748ns = ( 6.462 - 5.714 ) 
    Source Clock Delay      (SCD):    0.787ns
    Clock Pessimism Removal (CPR):    0.000ns
  Clock Uncertainty:      0.035ns  ((TSJ^2 + TIJ^2)^1/2 + DJ) / 2 + PE
    Total System Jitter     (TSJ):    0.071ns
    Total Input Jitter      (TIJ):    0.000ns
    Discrete Jitter          (DJ):    0.000ns
    Phase Error              (PE):    0.000ns

    Location             Delay type                Incr(ns)  Path(ns)    Netlist Resource(s)
  -------------------------------------------------------------------    -------------------
                         (clock clk_i rise edge)      0.000     0.000 r  
                                                      0.000     0.000 r  clk_i (IN)
                         net (fo=2875, unset)         0.787     0.787    clk_i
                         FDCE                                         r  uop_p2_q_reg[use_shift]/C
  -------------------------------------------------------------------    -------------------
                         FDCE (Prop_fdce_C_Q)         0.433     1.220 r  uop_p2_q_reg[use_shift]/Q
                         net (fo=9, unplaced)         0.281     1.501    i_vrf/uop_p2_q_reg[use_shift]__0
                         LUT2 (Prop_lut2_I1_O)        0.232     1.733 r  i_vrf/lane_result_q[3][63]_i_21/O
                         net (fo=509, unplaced)       0.668     2.401    i_vrf/lane_shift_valid[0]
                         LUT6 (Prop_lut6_I0_O)        0.105     2.506 r  i_vrf/lane_result_q[1][63]_i_14/O
                         net (fo=2, unplaced)         0.949     3.455    i_vrf/lane_result_q[1][63]_i_14_n_0
                         LUT6 (Prop_lut6_I0_O)        0.105     3.560 r  i_vrf/lane_result_q[1][55]_i_8/O
                         net (fo=2, unplaced)         0.593     4.153    i_vrf/lane_result_q[1][55]_i_8_n_0
                         LUT6 (Prop_lut6_I1_O)        0.105     4.258 r  i_vrf/lane_result_q[1][55]_i_5/O
                         net (fo=1, unplaced)         0.347     4.605    i_vrf/lane_shift_result[1][55]
                         LUT6 (Prop_lut6_I4_O)        0.105     4.710 r  i_vrf/lane_result_q[1][55]_i_1/O
                         net (fo=1, unplaced)         0.000     4.710    i_vrf_n_120
                         FDCE                                         r  lane_result_q_reg[1][55]/D
  -------------------------------------------------------------------    -------------------

                         (clock clk_i rise edge)      5.714     5.714 r  
                                                      0.000     5.714 r  clk_i (IN)
                         net (fo=2875, unset)         0.748     6.462    clk_i
                         FDCE                                         r  lane_result_q_reg[1][55]/C
                         clock pessimism              0.000     6.462    
                         clock uncertainty           -0.035     6.426    
                         FDCE (Setup_fdce_C_D)        0.072     6.498    lane_result_q_reg[1][55]
  -------------------------------------------------------------------
                         required time                          6.498    
                         arrival time                          -4.710    
  -------------------------------------------------------------------
                         slack                                  1.788    

Slack (MET) :             1.788ns  (required time - arrival time)
  Source:                 uop_p2_q_reg[use_shift]/C
                            (rising edge-triggered cell FDCE clocked by clk_i  {rise@0.000ns fall@2.857ns period=5.714ns})
  Destination:            lane_result_q_reg[1][63]/D
                            (rising edge-triggered cell FDCE clocked by clk_i  {rise@0.000ns fall@2.857ns period=5.714ns})
  Path Group:             clk_i
  Path Type:              Setup (Max at Slow Process Corner)
  Requirement:            5.714ns  (clk_i rise@5.714ns - clk_i rise@0.000ns)
  Data Path Delay:        3.923ns  (logic 1.085ns (27.657%)  route 2.838ns (72.343%))
  Logic Levels:           5  (LUT2=1 LUT6=4)
  Clock Path Skew:        -0.039ns (DCD - SCD + CPR)
    Destination Clock Delay (DCD):    0.748ns = ( 6.462 - 5.714 ) 
    Source Clock Delay      (SCD):    0.787ns
    Clock Pessimism Removal (CPR):    0.000ns
  Clock Uncertainty:      0.035ns  ((TSJ^2 + TIJ^2)^1/2 + DJ) / 2 + PE
    Total System Jitter     (TSJ):    0.071ns
    Total Input Jitter      (TIJ):    0.000ns
    Discrete Jitter          (DJ):    0.000ns
    Phase Error              (PE):    0.000ns

    Location             Delay type                Incr(ns)  Path(ns)    Netlist Resource(s)
  -------------------------------------------------------------------    -------------------
                         (clock clk_i rise edge)      0.000     0.000 r  
                                                      0.000     0.000 r  clk_i (IN)
                         net (fo=2875, unset)         0.787     0.787    clk_i
                         FDCE                                         r  uop_p2_q_reg[use_shift]/C
  -------------------------------------------------------------------    -------------------
                         FDCE (Prop_fdce_C_Q)         0.433     1.220 r  uop_p2_q_reg[use_shift]/Q
                         net (fo=9, unplaced)         0.281     1.501    i_vrf/uop_p2_q_reg[use_shift]__0
                         LUT2 (Prop_lut2_I1_O)        0.232     1.733 r  i_vrf/lane_result_q[3][63]_i_21/O
                         net (fo=509, unplaced)       0.668     2.401    i_vrf/lane_shift_valid[0]
                         LUT6 (Prop_lut6_I0_O)        0.105     2.506 r  i_vrf/lane_result_q[1][63]_i_14/O
                         net (fo=2, unplaced)         0.949     3.455    i_vrf/lane_result_q[1][63]_i_14_n_0
                         LUT6 (Prop_lut6_I2_O)        0.105     3.560 r  i_vrf/lane_result_q[1][63]_i_9/O
                         net (fo=2, unplaced)         0.593     4.153    i_vrf/lane_result_q[1][63]_i_9_n_0
                         LUT6 (Prop_lut6_I1_O)        0.105     4.258 r  i_vrf/lane_result_q[1][63]_i_5/O
                         net (fo=1, unplaced)         0.347     4.605    i_vrf/lane_shift_result[1][63]
                         LUT6 (Prop_lut6_I4_O)        0.105     4.710 r  i_vrf/lane_result_q[1][63]_i_1/O
                         net (fo=1, unplaced)         0.000     4.710    i_vrf_n_112
                         FDCE                                         r  lane_result_q_reg[1][63]/D
  -------------------------------------------------------------------    -------------------

                         (clock clk_i rise edge)      5.714     5.714 r  
                                                      0.000     5.714 r  clk_i (IN)
                         net (fo=2875, unset)         0.748     6.462    clk_i
                         FDCE                                         r  lane_result_q_reg[1][63]/C
                         clock pessimism              0.000     6.462    
                         clock uncertainty           -0.035     6.426    
                         FDCE (Setup_fdce_C_D)        0.072     6.498    lane_result_q_reg[1][63]
  -------------------------------------------------------------------
                         required time                          6.498    
                         arrival time                          -4.710    
  -------------------------------------------------------------------
                         slack                                  1.788    

Slack (MET) :             1.788ns  (required time - arrival time)
  Source:                 uop_p2_q_reg[use_shift]/C
                            (rising edge-triggered cell FDCE clocked by clk_i  {rise@0.000ns fall@2.857ns period=5.714ns})
  Destination:            lane_result_q_reg[2][55]/D
                            (rising edge-triggered cell FDCE clocked by clk_i  {rise@0.000ns fall@2.857ns period=5.714ns})
  Path Group:             clk_i
  Path Type:              Setup (Max at Slow Process Corner)
  Requirement:            5.714ns  (clk_i rise@5.714ns - clk_i rise@0.000ns)
  Data Path Delay:        3.923ns  (logic 1.085ns (27.657%)  route 2.838ns (72.343%))
  Logic Levels:           5  (LUT2=1 LUT6=4)
  Clock Path Skew:        -0.039ns (DCD - SCD + CPR)
    Destination Clock Delay (DCD):    0.748ns = ( 6.462 - 5.714 ) 
    Source Clock Delay      (SCD):    0.787ns
    Clock Pessimism Removal (CPR):    0.000ns
  Clock Uncertainty:      0.035ns  ((TSJ^2 + TIJ^2)^1/2 + DJ) / 2 + PE
    Total System Jitter     (TSJ):    0.071ns
    Total Input Jitter      (TIJ):    0.000ns
    Discrete Jitter          (DJ):    0.000ns
    Phase Error              (PE):    0.000ns

    Location             Delay type                Incr(ns)  Path(ns)    Netlist Resource(s)
  -------------------------------------------------------------------    -------------------
                         (clock clk_i rise edge)      0.000     0.000 r  
                                                      0.000     0.000 r  clk_i (IN)
                         net (fo=2875, unset)         0.787     0.787    clk_i
                         FDCE                                         r  uop_p2_q_reg[use_shift]/C
  -------------------------------------------------------------------    -------------------
                         FDCE (Prop_fdce_C_Q)         0.433     1.220 r  uop_p2_q_reg[use_shift]/Q
                         net (fo=9, unplaced)         0.281     1.501    i_vrf/uop_p2_q_reg[use_shift]__0
                         LUT2 (Prop_lut2_I1_O)        0.232     1.733 r  i_vrf/lane_result_q[3][63]_i_21/O
                         net (fo=509, unplaced)       0.668     2.401    i_vrf/lane_shift_valid[0]
                         LUT6 (Prop_lut6_I0_O)        0.105     2.506 r  i_vrf/lane_result_q[2][63]_i_15/O
                         net (fo=2, unplaced)         0.949     3.455    i_vrf/lane_shift_a[35]
                         LUT6 (Prop_lut6_I0_O)        0.105     3.560 r  i_vrf/lane_result_q[2][55]_i_8/O
                         net (fo=2, unplaced)         0.593     4.153    i_vrf/lane_result_q[2][55]_i_8_n_0
                         LUT6 (Prop_lut6_I1_O)        0.105     4.258 r  i_vrf/lane_result_q[2][55]_i_5/O
                         net (fo=1, unplaced)         0.347     4.605    i_vrf/lane_shift_result[2][55]
                         LUT6 (Prop_lut6_I4_O)        0.105     4.710 r  i_vrf/lane_result_q[2][55]_i_1/O
                         net (fo=1, unplaced)         0.000     4.710    i_vrf_n_230
                         FDCE                                         r  lane_result_q_reg[2][55]/D
  -------------------------------------------------------------------    -------------------

                         (clock clk_i rise edge)      5.714     5.714 r  
                                                      0.000     5.714 r  clk_i (IN)
                         net (fo=2875, unset)         0.748     6.462    clk_i
                         FDCE                                         r  lane_result_q_reg[2][55]/C
                         clock pessimism              0.000     6.462    
                         clock uncertainty           -0.035     6.426    
                         FDCE (Setup_fdce_C_D)        0.072     6.498    lane_result_q_reg[2][55]
  -------------------------------------------------------------------
                         required time                          6.498    
                         arrival time                          -4.710    
  -------------------------------------------------------------------
                         slack                                  1.788    

Slack (MET) :             1.788ns  (required time - arrival time)
  Source:                 uop_p2_q_reg[use_shift]/C
                            (rising edge-triggered cell FDCE clocked by clk_i  {rise@0.000ns fall@2.857ns period=5.714ns})
  Destination:            lane_result_q_reg[2][63]/D
                            (rising edge-triggered cell FDCE clocked by clk_i  {rise@0.000ns fall@2.857ns period=5.714ns})
  Path Group:             clk_i
  Path Type:              Setup (Max at Slow Process Corner)
  Requirement:            5.714ns  (clk_i rise@5.714ns - clk_i rise@0.000ns)
  Data Path Delay:        3.923ns  (logic 1.085ns (27.657%)  route 2.838ns (72.343%))
  Logic Levels:           5  (LUT2=1 LUT6=4)
  Clock Path Skew:        -0.039ns (DCD - SCD + CPR)
    Destination Clock Delay (DCD):    0.748ns = ( 6.462 - 5.714 ) 
    Source Clock Delay      (SCD):    0.787ns
    Clock Pessimism Removal (CPR):    0.000ns
  Clock Uncertainty:      0.035ns  ((TSJ^2 + TIJ^2)^1/2 + DJ) / 2 + PE
    Total System Jitter     (TSJ):    0.071ns
    Total Input Jitter      (TIJ):    0.000ns
    Discrete Jitter          (DJ):    0.000ns
    Phase Error              (PE):    0.000ns

    Location             Delay type                Incr(ns)  Path(ns)    Netlist Resource(s)
  -------------------------------------------------------------------    -------------------
                         (clock clk_i rise edge)      0.000     0.000 r  
                                                      0.000     0.000 r  clk_i (IN)
                         net (fo=2875, unset)         0.787     0.787    clk_i
                         FDCE                                         r  uop_p2_q_reg[use_shift]/C
  -------------------------------------------------------------------    -------------------
                         FDCE (Prop_fdce_C_Q)         0.433     1.220 r  uop_p2_q_reg[use_shift]/Q
                         net (fo=9, unplaced)         0.281     1.501    i_vrf/uop_p2_q_reg[use_shift]__0
                         LUT2 (Prop_lut2_I1_O)        0.232     1.733 r  i_vrf/lane_result_q[3][63]_i_21/O
                         net (fo=509, unplaced)       0.668     2.401    i_vrf/lane_shift_valid[0]
                         LUT6 (Prop_lut6_I0_O)        0.105     2.506 r  i_vrf/lane_result_q[2][63]_i_15/O
                         net (fo=2, unplaced)         0.949     3.455    i_vrf/lane_shift_a[35]
                         LUT6 (Prop_lut6_I2_O)        0.105     3.560 r  i_vrf/lane_result_q[2][63]_i_9/O
                         net (fo=2, unplaced)         0.593     4.153    i_vrf/lane_result_q[2][63]_i_9_n_0
                         LUT6 (Prop_lut6_I1_O)        0.105     4.258 r  i_vrf/lane_result_q[2][63]_i_5/O
                         net (fo=1, unplaced)         0.347     4.605    i_vrf/lane_shift_result[2][63]
                         LUT6 (Prop_lut6_I4_O)        0.105     4.710 r  i_vrf/lane_result_q[2][63]_i_1/O
                         net (fo=1, unplaced)         0.000     4.710    i_vrf_n_222
                         FDCE                                         r  lane_result_q_reg[2][63]/D
  -------------------------------------------------------------------    -------------------

                         (clock clk_i rise edge)      5.714     5.714 r  
                                                      0.000     5.714 r  clk_i (IN)
                         net (fo=2875, unset)         0.748     6.462    clk_i
                         FDCE                                         r  lane_result_q_reg[2][63]/C
                         clock pessimism              0.000     6.462    
                         clock uncertainty           -0.035     6.426    
                         FDCE (Setup_fdce_C_D)        0.072     6.498    lane_result_q_reg[2][63]
  -------------------------------------------------------------------
                         required time                          6.498    
                         arrival time                          -4.710    
  -------------------------------------------------------------------
                         slack                                  1.788    

Slack (MET) :             1.842ns  (required time - arrival time)
  Source:                 uop_p2_q_reg[use_shift]/C
                            (rising edge-triggered cell FDCE clocked by clk_i  {rise@0.000ns fall@2.857ns period=5.714ns})
  Destination:            lane_result_q_reg[0][39]/D
                            (rising edge-triggered cell FDCE clocked by clk_i  {rise@0.000ns fall@2.857ns period=5.714ns})
  Path Group:             clk_i
  Path Type:              Setup (Max at Slow Process Corner)
  Requirement:            5.714ns  (clk_i rise@5.714ns - clk_i rise@0.000ns)
  Data Path Delay:        3.869ns  (logic 1.085ns (28.043%)  route 2.784ns (71.957%))
  Logic Levels:           5  (LUT2=1 LUT5=1 LUT6=3)
  Clock Path Skew:        -0.039ns (DCD - SCD + CPR)
    Destination Clock Delay (DCD):    0.748ns = ( 6.462 - 5.714 ) 
    Source Clock Delay      (SCD):    0.787ns
    Clock Pessimism Removal (CPR):    0.000ns
  Clock Uncertainty:      0.035ns  ((TSJ^2 + TIJ^2)^1/2 + DJ) / 2 + PE
    Total System Jitter     (TSJ):    0.071ns
    Total Input Jitter      (TIJ):    0.000ns
    Discrete Jitter          (DJ):    0.000ns
    Phase Error              (PE):    0.000ns

    Location             Delay type                Incr(ns)  Path(ns)    Netlist Resource(s)
  -------------------------------------------------------------------    -------------------
                         (clock clk_i rise edge)      0.000     0.000 r  
                                                      0.000     0.000 r  clk_i (IN)
                         net (fo=2875, unset)         0.787     0.787    clk_i
                         FDCE                                         r  uop_p2_q_reg[use_shift]/C
  -------------------------------------------------------------------    -------------------
                         FDCE (Prop_fdce_C_Q)         0.433     1.220 r  uop_p2_q_reg[use_shift]/Q
                         net (fo=9, unplaced)         0.281     1.501    i_vrf/uop_p2_q_reg[use_shift]__0
                         LUT2 (Prop_lut2_I1_O)        0.232     1.733 r  i_vrf/lane_result_q[3][63]_i_21/O
                         net (fo=509, unplaced)       0.668     2.401    i_vrf/lane_shift_valid[0]
                         LUT6 (Prop_lut6_I0_O)        0.105     2.506 r  i_vrf/lane_result_q[0][63]_i_13/O
                         net (fo=2, unplaced)         0.949     3.455    i_vrf/lane_result_q[0][63]_i_13_n_0
                         LUT6 (Prop_lut6_I0_O)        0.105     3.560 r  i_vrf/lane_result_q[0][55]_i_8/O
                         net (fo=2, unplaced)         0.539     4.099    i_vrf/lane_result_q[0][55]_i_8_n_0
                         LUT6 (Prop_lut6_I0_O)        0.105     4.204 r  i_vrf/lane_result_q[0][39]_i_3/O
                         net (fo=1, unplaced)         0.347     4.551    i_vrf/lane_shift_result[0][39]
                         LUT5 (Prop_lut5_I2_O)        0.105     4.656 r  i_vrf/lane_result_q[0][39]_i_1/O
                         net (fo=1, unplaced)         0.000     4.656    i_vrf_n_24
                         FDCE                                         r  lane_result_q_reg[0][39]/D
  -------------------------------------------------------------------    -------------------

                         (clock clk_i rise edge)      5.714     5.714 r  
                                                      0.000     5.714 r  clk_i (IN)
                         net (fo=2875, unset)         0.748     6.462    clk_i
                         FDCE                                         r  lane_result_q_reg[0][39]/C
                         clock pessimism              0.000     6.462    
                         clock uncertainty           -0.035     6.426    
                         FDCE (Setup_fdce_C_D)        0.072     6.498    lane_result_q_reg[0][39]
  -------------------------------------------------------------------
                         required time                          6.498    
                         arrival time                          -4.656    
  -------------------------------------------------------------------
                         slack                                  1.842    

Slack (MET) :             1.842ns  (required time - arrival time)
  Source:                 uop_p2_q_reg[use_shift]/C
                            (rising edge-triggered cell FDCE clocked by clk_i  {rise@0.000ns fall@2.857ns period=5.714ns})
  Destination:            lane_result_q_reg[0][47]/D
                            (rising edge-triggered cell FDCE clocked by clk_i  {rise@0.000ns fall@2.857ns period=5.714ns})
  Path Group:             clk_i
  Path Type:              Setup (Max at Slow Process Corner)
  Requirement:            5.714ns  (clk_i rise@5.714ns - clk_i rise@0.000ns)
  Data Path Delay:        3.869ns  (logic 1.085ns (28.043%)  route 2.784ns (71.957%))
  Logic Levels:           5  (LUT2=1 LUT5=1 LUT6=3)
  Clock Path Skew:        -0.039ns (DCD - SCD + CPR)
    Destination Clock Delay (DCD):    0.748ns = ( 6.462 - 5.714 ) 
    Source Clock Delay      (SCD):    0.787ns
    Clock Pessimism Removal (CPR):    0.000ns
  Clock Uncertainty:      0.035ns  ((TSJ^2 + TIJ^2)^1/2 + DJ) / 2 + PE
    Total System Jitter     (TSJ):    0.071ns
    Total Input Jitter      (TIJ):    0.000ns
    Discrete Jitter          (DJ):    0.000ns
    Phase Error              (PE):    0.000ns

    Location             Delay type                Incr(ns)  Path(ns)    Netlist Resource(s)
  -------------------------------------------------------------------    -------------------
                         (clock clk_i rise edge)      0.000     0.000 r  
                                                      0.000     0.000 r  clk_i (IN)
                         net (fo=2875, unset)         0.787     0.787    clk_i
                         FDCE                                         r  uop_p2_q_reg[use_shift]/C
  -------------------------------------------------------------------    -------------------
                         FDCE (Prop_fdce_C_Q)         0.433     1.220 r  uop_p2_q_reg[use_shift]/Q
                         net (fo=9, unplaced)         0.281     1.501    i_vrf/uop_p2_q_reg[use_shift]__0
                         LUT2 (Prop_lut2_I1_O)        0.232     1.733 r  i_vrf/lane_result_q[3][63]_i_21/O
                         net (fo=509, unplaced)       0.668     2.401    i_vrf/lane_shift_valid[0]
                         LUT6 (Prop_lut6_I0_O)        0.105     2.506 r  i_vrf/lane_result_q[0][63]_i_13/O
                         net (fo=2, unplaced)         0.949     3.455    i_vrf/lane_result_q[0][63]_i_13_n_0
                         LUT6 (Prop_lut6_I2_O)        0.105     3.560 r  i_vrf/lane_result_q[0][63]_i_8/O
                         net (fo=2, unplaced)         0.539     4.099    i_vrf/lane_result_q[0][63]_i_8_n_0
                         LUT6 (Prop_lut6_I0_O)        0.105     4.204 r  i_vrf/lane_result_q[0][47]_i_3/O
                         net (fo=1, unplaced)         0.347     4.551    i_vrf/lane_shift_result[0][47]
                         LUT5 (Prop_lut5_I2_O)        0.105     4.656 r  i_vrf/lane_result_q[0][47]_i_1/O
                         net (fo=1, unplaced)         0.000     4.656    i_vrf_n_16
                         FDCE                                         r  lane_result_q_reg[0][47]/D
  -------------------------------------------------------------------    -------------------

                         (clock clk_i rise edge)      5.714     5.714 r  
                                                      0.000     5.714 r  clk_i (IN)
                         net (fo=2875, unset)         0.748     6.462    clk_i
                         FDCE                                         r  lane_result_q_reg[0][47]/C
                         clock pessimism              0.000     6.462    
                         clock uncertainty           -0.035     6.426    
                         FDCE (Setup_fdce_C_D)        0.072     6.498    lane_result_q_reg[0][47]
  -------------------------------------------------------------------
                         required time                          6.498    
                         arrival time                          -4.656    
  -------------------------------------------------------------------
                         slack                                  1.842    

Slack (MET) :             1.842ns  (required time - arrival time)
  Source:                 uop_p2_q_reg[use_shift]/C
                            (rising edge-triggered cell FDCE clocked by clk_i  {rise@0.000ns fall@2.857ns period=5.714ns})
  Destination:            lane_result_q_reg[1][39]/D
                            (rising edge-triggered cell FDCE clocked by clk_i  {rise@0.000ns fall@2.857ns period=5.714ns})
  Path Group:             clk_i
  Path Type:              Setup (Max at Slow Process Corner)
  Requirement:            5.714ns  (clk_i rise@5.714ns - clk_i rise@0.000ns)
  Data Path Delay:        3.869ns  (logic 1.085ns (28.043%)  route 2.784ns (71.957%))
  Logic Levels:           5  (LUT2=1 LUT5=1 LUT6=3)
  Clock Path Skew:        -0.039ns (DCD - SCD + CPR)
    Destination Clock Delay (DCD):    0.748ns = ( 6.462 - 5.714 ) 
    Source Clock Delay      (SCD):    0.787ns
    Clock Pessimism Removal (CPR):    0.000ns
  Clock Uncertainty:      0.035ns  ((TSJ^2 + TIJ^2)^1/2 + DJ) / 2 + PE
    Total System Jitter     (TSJ):    0.071ns
    Total Input Jitter      (TIJ):    0.000ns
    Discrete Jitter          (DJ):    0.000ns
    Phase Error              (PE):    0.000ns

    Location             Delay type                Incr(ns)  Path(ns)    Netlist Resource(s)
  -------------------------------------------------------------------    -------------------
                         (clock clk_i rise edge)      0.000     0.000 r  
                                                      0.000     0.000 r  clk_i (IN)
                         net (fo=2875, unset)         0.787     0.787    clk_i
                         FDCE                                         r  uop_p2_q_reg[use_shift]/C
  -------------------------------------------------------------------    -------------------
                         FDCE (Prop_fdce_C_Q)         0.433     1.220 r  uop_p2_q_reg[use_shift]/Q
                         net (fo=9, unplaced)         0.281     1.501    i_vrf/uop_p2_q_reg[use_shift]__0
                         LUT2 (Prop_lut2_I1_O)        0.232     1.733 r  i_vrf/lane_result_q[3][63]_i_21/O
                         net (fo=509, unplaced)       0.668     2.401    i_vrf/lane_shift_valid[0]
                         LUT6 (Prop_lut6_I0_O)        0.105     2.506 r  i_vrf/lane_result_q[1][63]_i_14/O
                         net (fo=2, unplaced)         0.949     3.455    i_vrf/lane_result_q[1][63]_i_14_n_0
                         LUT6 (Prop_lut6_I0_O)        0.105     3.560 r  i_vrf/lane_result_q[1][55]_i_8/O
                         net (fo=2, unplaced)         0.539     4.099    i_vrf/lane_result_q[1][55]_i_8_n_0
                         LUT6 (Prop_lut6_I0_O)        0.105     4.204 r  i_vrf/lane_result_q[1][39]_i_3/O
                         net (fo=1, unplaced)         0.347     4.551    i_vrf/lane_shift_result[1][39]
                         LUT5 (Prop_lut5_I2_O)        0.105     4.656 r  i_vrf/lane_result_q[1][39]_i_1/O
                         net (fo=1, unplaced)         0.000     4.656    i_vrf_n_136
                         FDCE                                         r  lane_result_q_reg[1][39]/D
  -------------------------------------------------------------------    -------------------

                         (clock clk_i rise edge)      5.714     5.714 r  
                                                      0.000     5.714 r  clk_i (IN)
                         net (fo=2875, unset)         0.748     6.462    clk_i
                         FDCE                                         r  lane_result_q_reg[1][39]/C
                         clock pessimism              0.000     6.462    
                         clock uncertainty           -0.035     6.426    
                         FDCE (Setup_fdce_C_D)        0.072     6.498    lane_result_q_reg[1][39]
  -------------------------------------------------------------------
                         required time                          6.498    
                         arrival time                          -4.656    
  -------------------------------------------------------------------
                         slack                                  1.842    

Slack (MET) :             1.842ns  (required time - arrival time)
  Source:                 uop_p2_q_reg[use_shift]/C
                            (rising edge-triggered cell FDCE clocked by clk_i  {rise@0.000ns fall@2.857ns period=5.714ns})
  Destination:            lane_result_q_reg[1][47]/D
                            (rising edge-triggered cell FDCE clocked by clk_i  {rise@0.000ns fall@2.857ns period=5.714ns})
  Path Group:             clk_i
  Path Type:              Setup (Max at Slow Process Corner)
  Requirement:            5.714ns  (clk_i rise@5.714ns - clk_i rise@0.000ns)
  Data Path Delay:        3.869ns  (logic 1.085ns (28.043%)  route 2.784ns (71.957%))
  Logic Levels:           5  (LUT2=1 LUT5=1 LUT6=3)
  Clock Path Skew:        -0.039ns (DCD - SCD + CPR)
    Destination Clock Delay (DCD):    0.748ns = ( 6.462 - 5.714 ) 
    Source Clock Delay      (SCD):    0.787ns
    Clock Pessimism Removal (CPR):    0.000ns
  Clock Uncertainty:      0.035ns  ((TSJ^2 + TIJ^2)^1/2 + DJ) / 2 + PE
    Total System Jitter     (TSJ):    0.071ns
    Total Input Jitter      (TIJ):    0.000ns
    Discrete Jitter          (DJ):    0.000ns
    Phase Error              (PE):    0.000ns

    Location             Delay type                Incr(ns)  Path(ns)    Netlist Resource(s)
  -------------------------------------------------------------------    -------------------
                         (clock clk_i rise edge)      0.000     0.000 r  
                                                      0.000     0.000 r  clk_i (IN)
                         net (fo=2875, unset)         0.787     0.787    clk_i
                         FDCE                                         r  uop_p2_q_reg[use_shift]/C
  -------------------------------------------------------------------    -------------------
                         FDCE (Prop_fdce_C_Q)         0.433     1.220 r  uop_p2_q_reg[use_shift]/Q
                         net (fo=9, unplaced)         0.281     1.501    i_vrf/uop_p2_q_reg[use_shift]__0
                         LUT2 (Prop_lut2_I1_O)        0.232     1.733 r  i_vrf/lane_result_q[3][63]_i_21/O
                         net (fo=509, unplaced)       0.668     2.401    i_vrf/lane_shift_valid[0]
                         LUT6 (Prop_lut6_I0_O)        0.105     2.506 r  i_vrf/lane_result_q[1][63]_i_14/O
                         net (fo=2, unplaced)         0.949     3.455    i_vrf/lane_result_q[1][63]_i_14_n_0
                         LUT6 (Prop_lut6_I2_O)        0.105     3.560 r  i_vrf/lane_result_q[1][63]_i_9/O
                         net (fo=2, unplaced)         0.539     4.099    i_vrf/lane_result_q[1][63]_i_9_n_0
                         LUT6 (Prop_lut6_I0_O)        0.105     4.204 r  i_vrf/lane_result_q[1][47]_i_3/O
                         net (fo=1, unplaced)         0.347     4.551    i_vrf/lane_shift_result[1][47]
                         LUT5 (Prop_lut5_I2_O)        0.105     4.656 r  i_vrf/lane_result_q[1][47]_i_1/O
                         net (fo=1, unplaced)         0.000     4.656    i_vrf_n_128
                         FDCE                                         r  lane_result_q_reg[1][47]/D
  -------------------------------------------------------------------    -------------------

                         (clock clk_i rise edge)      5.714     5.714 r  
                                                      0.000     5.714 r  clk_i (IN)
                         net (fo=2875, unset)         0.748     6.462    clk_i
                         FDCE                                         r  lane_result_q_reg[1][47]/C
                         clock pessimism              0.000     6.462    
                         clock uncertainty           -0.035     6.426    
                         FDCE (Setup_fdce_C_D)        0.072     6.498    lane_result_q_reg[1][47]
  -------------------------------------------------------------------
                         required time                          6.498    
                         arrival time                          -4.656    
  -------------------------------------------------------------------
                         slack                                  1.842    

Slack (MET) :             1.842ns  (required time - arrival time)
  Source:                 uop_p2_q_reg[use_shift]/C
                            (rising edge-triggered cell FDCE clocked by clk_i  {rise@0.000ns fall@2.857ns period=5.714ns})
  Destination:            lane_result_q_reg[2][39]/D
                            (rising edge-triggered cell FDCE clocked by clk_i  {rise@0.000ns fall@2.857ns period=5.714ns})
  Path Group:             clk_i
  Path Type:              Setup (Max at Slow Process Corner)
  Requirement:            5.714ns  (clk_i rise@5.714ns - clk_i rise@0.000ns)
  Data Path Delay:        3.869ns  (logic 1.085ns (28.043%)  route 2.784ns (71.957%))
  Logic Levels:           5  (LUT2=1 LUT5=1 LUT6=3)
  Clock Path Skew:        -0.039ns (DCD - SCD + CPR)
    Destination Clock Delay (DCD):    0.748ns = ( 6.462 - 5.714 ) 
    Source Clock Delay      (SCD):    0.787ns
    Clock Pessimism Removal (CPR):    0.000ns
  Clock Uncertainty:      0.035ns  ((TSJ^2 + TIJ^2)^1/2 + DJ) / 2 + PE
    Total System Jitter     (TSJ):    0.071ns
    Total Input Jitter      (TIJ):    0.000ns
    Discrete Jitter          (DJ):    0.000ns
    Phase Error              (PE):    0.000ns

    Location             Delay type                Incr(ns)  Path(ns)    Netlist Resource(s)
  -------------------------------------------------------------------    -------------------
                         (clock clk_i rise edge)      0.000     0.000 r  
                                                      0.000     0.000 r  clk_i (IN)
                         net (fo=2875, unset)         0.787     0.787    clk_i
                         FDCE                                         r  uop_p2_q_reg[use_shift]/C
  -------------------------------------------------------------------    -------------------
                         FDCE (Prop_fdce_C_Q)         0.433     1.220 r  uop_p2_q_reg[use_shift]/Q
                         net (fo=9, unplaced)         0.281     1.501    i_vrf/uop_p2_q_reg[use_shift]__0
                         LUT2 (Prop_lut2_I1_O)        0.232     1.733 r  i_vrf/lane_result_q[3][63]_i_21/O
                         net (fo=509, unplaced)       0.668     2.401    i_vrf/lane_shift_valid[0]
                         LUT6 (Prop_lut6_I0_O)        0.105     2.506 r  i_vrf/lane_result_q[2][63]_i_15/O
                         net (fo=2, unplaced)         0.949     3.455    i_vrf/lane_shift_a[35]
                         LUT6 (Prop_lut6_I0_O)        0.105     3.560 r  i_vrf/lane_result_q[2][55]_i_8/O
                         net (fo=2, unplaced)         0.539     4.099    i_vrf/lane_result_q[2][55]_i_8_n_0
                         LUT6 (Prop_lut6_I0_O)        0.105     4.204 r  i_vrf/lane_result_q[2][39]_i_3/O
                         net (fo=1, unplaced)         0.347     4.551    i_vrf/lane_shift_result[2][39]
                         LUT5 (Prop_lut5_I2_O)        0.105     4.656 r  i_vrf/lane_result_q[2][39]_i_1/O
                         net (fo=1, unplaced)         0.000     4.656    i_vrf_n_246
                         FDCE                                         r  lane_result_q_reg[2][39]/D
  -------------------------------------------------------------------    -------------------

                         (clock clk_i rise edge)      5.714     5.714 r  
                                                      0.000     5.714 r  clk_i (IN)
                         net (fo=2875, unset)         0.748     6.462    clk_i
                         FDCE                                         r  lane_result_q_reg[2][39]/C
                         clock pessimism              0.000     6.462    
                         clock uncertainty           -0.035     6.426    
                         FDCE (Setup_fdce_C_D)        0.072     6.498    lane_result_q_reg[2][39]
  -------------------------------------------------------------------
                         required time                          6.498    
                         arrival time                          -4.656    
  -------------------------------------------------------------------
                         slack                                  1.842    

Slack (MET) :             1.842ns  (required time - arrival time)
  Source:                 uop_p2_q_reg[use_shift]/C
                            (rising edge-triggered cell FDCE clocked by clk_i  {rise@0.000ns fall@2.857ns period=5.714ns})
  Destination:            lane_result_q_reg[2][47]/D
                            (rising edge-triggered cell FDCE clocked by clk_i  {rise@0.000ns fall@2.857ns period=5.714ns})
  Path Group:             clk_i
  Path Type:              Setup (Max at Slow Process Corner)
  Requirement:            5.714ns  (clk_i rise@5.714ns - clk_i rise@0.000ns)
  Data Path Delay:        3.869ns  (logic 1.085ns (28.043%)  route 2.784ns (71.957%))
  Logic Levels:           5  (LUT2=1 LUT5=1 LUT6=3)
  Clock Path Skew:        -0.039ns (DCD - SCD + CPR)
    Destination Clock Delay (DCD):    0.748ns = ( 6.462 - 5.714 ) 
    Source Clock Delay      (SCD):    0.787ns
    Clock Pessimism Removal (CPR):    0.000ns
  Clock Uncertainty:      0.035ns  ((TSJ^2 + TIJ^2)^1/2 + DJ) / 2 + PE
    Total System Jitter     (TSJ):    0.071ns
    Total Input Jitter      (TIJ):    0.000ns
    Discrete Jitter          (DJ):    0.000ns
    Phase Error              (PE):    0.000ns

    Location             Delay type                Incr(ns)  Path(ns)    Netlist Resource(s)
  -------------------------------------------------------------------    -------------------
                         (clock clk_i rise edge)      0.000     0.000 r  
                                                      0.000     0.000 r  clk_i (IN)
                         net (fo=2875, unset)         0.787     0.787    clk_i
                         FDCE                                         r  uop_p2_q_reg[use_shift]/C
  -------------------------------------------------------------------    -------------------
                         FDCE (Prop_fdce_C_Q)         0.433     1.220 r  uop_p2_q_reg[use_shift]/Q
                         net (fo=9, unplaced)         0.281     1.501    i_vrf/uop_p2_q_reg[use_shift]__0
                         LUT2 (Prop_lut2_I1_O)        0.232     1.733 r  i_vrf/lane_result_q[3][63]_i_21/O
                         net (fo=509, unplaced)       0.668     2.401    i_vrf/lane_shift_valid[0]
                         LUT6 (Prop_lut6_I0_O)        0.105     2.506 r  i_vrf/lane_result_q[2][63]_i_15/O
                         net (fo=2, unplaced)         0.949     3.455    i_vrf/lane_shift_a[35]
                         LUT6 (Prop_lut6_I2_O)        0.105     3.560 r  i_vrf/lane_result_q[2][63]_i_9/O
                         net (fo=2, unplaced)         0.539     4.099    i_vrf/lane_result_q[2][63]_i_9_n_0
                         LUT6 (Prop_lut6_I0_O)        0.105     4.204 r  i_vrf/lane_result_q[2][47]_i_3/O
                         net (fo=1, unplaced)         0.347     4.551    i_vrf/lane_shift_result[2][47]
                         LUT5 (Prop_lut5_I2_O)        0.105     4.656 r  i_vrf/lane_result_q[2][47]_i_1/O
                         net (fo=1, unplaced)         0.000     4.656    i_vrf_n_238
                         FDCE                                         r  lane_result_q_reg[2][47]/D
  -------------------------------------------------------------------    -------------------

                         (clock clk_i rise edge)      5.714     5.714 r  
                                                      0.000     5.714 r  clk_i (IN)
                         net (fo=2875, unset)         0.748     6.462    clk_i
                         FDCE                                         r  lane_result_q_reg[2][47]/C
                         clock pessimism              0.000     6.462    
                         clock uncertainty           -0.035     6.426    
                         FDCE (Setup_fdce_C_D)        0.072     6.498    lane_result_q_reg[2][47]
  -------------------------------------------------------------------
                         required time                          6.498    
                         arrival time                          -4.656    
  -------------------------------------------------------------------
                         slack                                  1.842    

Slack (MET) :             1.853ns  (required time - arrival time)
  Source:                 uop_p2_q_reg[use_shift]/C
                            (rising edge-triggered cell FDCE clocked by clk_i  {rise@0.000ns fall@2.857ns period=5.714ns})
  Destination:            lane_result_q_reg[0][54]/D
                            (rising edge-triggered cell FDCE clocked by clk_i  {rise@0.000ns fall@2.857ns period=5.714ns})
  Path Group:             clk_i
  Path Type:              Setup (Max at Slow Process Corner)
  Requirement:            5.714ns  (clk_i rise@5.714ns - clk_i rise@0.000ns)
  Data Path Delay:        3.858ns  (logic 1.085ns (28.123%)  route 2.773ns (71.877%))
  Logic Levels:           5  (LUT2=1 LUT5=1 LUT6=3)
  Clock Path Skew:        -0.039ns (DCD - SCD + CPR)
    Destination Clock Delay (DCD):    0.748ns = ( 6.462 - 5.714 ) 
    Source Clock Delay      (SCD):    0.787ns
    Clock Pessimism Removal (CPR):    0.000ns
  Clock Uncertainty:      0.035ns  ((TSJ^2 + TIJ^2)^1/2 + DJ) / 2 + PE
    Total System Jitter     (TSJ):    0.071ns
    Total Input Jitter      (TIJ):    0.000ns
    Discrete Jitter          (DJ):    0.000ns
    Phase Error              (PE):    0.000ns

    Location             Delay type                Incr(ns)  Path(ns)    Netlist Resource(s)
  -------------------------------------------------------------------    -------------------
                         (clock clk_i rise edge)      0.000     0.000 r  
                                                      0.000     0.000 r  clk_i (IN)
                         net (fo=2875, unset)         0.787     0.787    clk_i
                         FDCE                                         r  uop_p2_q_reg[use_shift]/C
  -------------------------------------------------------------------    -------------------
                         FDCE (Prop_fdce_C_Q)         0.433     1.220 r  uop_p2_q_reg[use_shift]/Q
                         net (fo=9, unplaced)         0.281     1.501    i_vrf/uop_p2_q_reg[use_shift]__0
                         LUT2 (Prop_lut2_I1_O)        0.232     1.733 r  i_vrf/lane_result_q[3][63]_i_21/O
                         net (fo=509, unplaced)       0.668     2.401    i_vrf/lane_shift_valid[0]
                         LUT6 (Prop_lut6_I0_O)        0.105     2.506 r  i_vrf/lane_result_q[0][62]_i_9/O
                         net (fo=2, unplaced)         0.949     3.455    i_vrf/lane_result_q[0][62]_i_9_n_0
                         LUT6 (Prop_lut6_I0_O)        0.105     3.560 r  i_vrf/lane_result_q[0][54]_i_5/O
                         net (fo=1, unplaced)         0.528     4.088    i_vrf/lane_result_q[0][54]_i_5_n_0
                         LUT6 (Prop_lut6_I0_O)        0.105     4.193 r  i_vrf/lane_result_q[0][54]_i_3/O
                         net (fo=1, unplaced)         0.347     4.540    i_vrf/lane_shift_result[0][54]
                         LUT5 (Prop_lut5_I2_O)        0.105     4.645 r  i_vrf/lane_result_q[0][54]_i_1/O
                         net (fo=1, unplaced)         0.000     4.645    i_vrf_n_9
                         FDCE                                         r  lane_result_q_reg[0][54]/D
  -------------------------------------------------------------------    -------------------

                         (clock clk_i rise edge)      5.714     5.714 r  
                                                      0.000     5.714 r  clk_i (IN)
                         net (fo=2875, unset)         0.748     6.462    clk_i
                         FDCE                                         r  lane_result_q_reg[0][54]/C
                         clock pessimism              0.000     6.462    
                         clock uncertainty           -0.035     6.426    
                         FDCE (Setup_fdce_C_D)        0.072     6.498    lane_result_q_reg[0][54]
  -------------------------------------------------------------------
                         required time                          6.498    
                         arrival time                          -4.645    
  -------------------------------------------------------------------
                         slack                                  1.853    

Slack (MET) :             1.853ns  (required time - arrival time)
  Source:                 uop_p2_q_reg[use_shift]/C
                            (rising edge-triggered cell FDCE clocked by clk_i  {rise@0.000ns fall@2.857ns period=5.714ns})
  Destination:            lane_result_q_reg[1][54]/D
                            (rising edge-triggered cell FDCE clocked by clk_i  {rise@0.000ns fall@2.857ns period=5.714ns})
  Path Group:             clk_i
  Path Type:              Setup (Max at Slow Process Corner)
  Requirement:            5.714ns  (clk_i rise@5.714ns - clk_i rise@0.000ns)
  Data Path Delay:        3.858ns  (logic 1.085ns (28.123%)  route 2.773ns (71.877%))
  Logic Levels:           5  (LUT2=1 LUT5=1 LUT6=3)
  Clock Path Skew:        -0.039ns (DCD - SCD + CPR)
    Destination Clock Delay (DCD):    0.748ns = ( 6.462 - 5.714 ) 
    Source Clock Delay      (SCD):    0.787ns
    Clock Pessimism Removal (CPR):    0.000ns
  Clock Uncertainty:      0.035ns  ((TSJ^2 + TIJ^2)^1/2 + DJ) / 2 + PE
    Total System Jitter     (TSJ):    0.071ns
    Total Input Jitter      (TIJ):    0.000ns
    Discrete Jitter          (DJ):    0.000ns
    Phase Error              (PE):    0.000ns

    Location             Delay type                Incr(ns)  Path(ns)    Netlist Resource(s)
  -------------------------------------------------------------------    -------------------
                         (clock clk_i rise edge)      0.000     0.000 r  
                                                      0.000     0.000 r  clk_i (IN)
                         net (fo=2875, unset)         0.787     0.787    clk_i
                         FDCE                                         r  uop_p2_q_reg[use_shift]/C
  -------------------------------------------------------------------    -------------------
                         FDCE (Prop_fdce_C_Q)         0.433     1.220 r  uop_p2_q_reg[use_shift]/Q
                         net (fo=9, unplaced)         0.281     1.501    i_vrf/uop_p2_q_reg[use_shift]__0
                         LUT2 (Prop_lut2_I1_O)        0.232     1.733 r  i_vrf/lane_result_q[3][63]_i_21/O
                         net (fo=509, unplaced)       0.668     2.401    i_vrf/lane_shift_valid[0]
                         LUT6 (Prop_lut6_I0_O)        0.105     2.506 r  i_vrf/lane_result_q[1][62]_i_9/O
                         net (fo=2, unplaced)         0.949     3.455    i_vrf/lane_result_q[1][62]_i_9_n_0
                         LUT6 (Prop_lut6_I0_O)        0.105     3.560 r  i_vrf/lane_result_q[1][54]_i_5/O
                         net (fo=1, unplaced)         0.528     4.088    i_vrf/lane_result_q[1][54]_i_5_n_0
                         LUT6 (Prop_lut6_I0_O)        0.105     4.193 r  i_vrf/lane_result_q[1][54]_i_3/O
                         net (fo=1, unplaced)         0.347     4.540    i_vrf/lane_shift_result[1][54]
                         LUT5 (Prop_lut5_I2_O)        0.105     4.645 r  i_vrf/lane_result_q[1][54]_i_1/O
                         net (fo=1, unplaced)         0.000     4.645    i_vrf_n_121
                         FDCE                                         r  lane_result_q_reg[1][54]/D
  -------------------------------------------------------------------    -------------------

                         (clock clk_i rise edge)      5.714     5.714 r  
                                                      0.000     5.714 r  clk_i (IN)
                         net (fo=2875, unset)         0.748     6.462    clk_i
                         FDCE                                         r  lane_result_q_reg[1][54]/C
                         clock pessimism              0.000     6.462    
                         clock uncertainty           -0.035     6.426    
                         FDCE (Setup_fdce_C_D)        0.072     6.498    lane_result_q_reg[1][54]
  -------------------------------------------------------------------
                         required time                          6.498    
                         arrival time                          -4.645    
  -------------------------------------------------------------------
                         slack                                  1.853    

Slack (MET) :             1.853ns  (required time - arrival time)
  Source:                 uop_p2_q_reg[use_shift]/C
                            (rising edge-triggered cell FDCE clocked by clk_i  {rise@0.000ns fall@2.857ns period=5.714ns})
  Destination:            lane_result_q_reg[2][54]/D
                            (rising edge-triggered cell FDCE clocked by clk_i  {rise@0.000ns fall@2.857ns period=5.714ns})
  Path Group:             clk_i
  Path Type:              Setup (Max at Slow Process Corner)
  Requirement:            5.714ns  (clk_i rise@5.714ns - clk_i rise@0.000ns)
  Data Path Delay:        3.858ns  (logic 1.085ns (28.123%)  route 2.773ns (71.877%))
  Logic Levels:           5  (LUT2=1 LUT5=1 LUT6=3)
  Clock Path Skew:        -0.039ns (DCD - SCD + CPR)
    Destination Clock Delay (DCD):    0.748ns = ( 6.462 - 5.714 ) 
    Source Clock Delay      (SCD):    0.787ns
    Clock Pessimism Removal (CPR):    0.000ns
  Clock Uncertainty:      0.035ns  ((TSJ^2 + TIJ^2)^1/2 + DJ) / 2 + PE
    Total System Jitter     (TSJ):    0.071ns
    Total Input Jitter      (TIJ):    0.000ns
    Discrete Jitter          (DJ):    0.000ns
    Phase Error              (PE):    0.000ns

    Location             Delay type                Incr(ns)  Path(ns)    Netlist Resource(s)
  -------------------------------------------------------------------    -------------------
                         (clock clk_i rise edge)      0.000     0.000 r  
                                                      0.000     0.000 r  clk_i (IN)
                         net (fo=2875, unset)         0.787     0.787    clk_i
                         FDCE                                         r  uop_p2_q_reg[use_shift]/C
  -------------------------------------------------------------------    -------------------
                         FDCE (Prop_fdce_C_Q)         0.433     1.220 r  uop_p2_q_reg[use_shift]/Q
                         net (fo=9, unplaced)         0.281     1.501    i_vrf/uop_p2_q_reg[use_shift]__0
                         LUT2 (Prop_lut2_I1_O)        0.232     1.733 r  i_vrf/lane_result_q[3][63]_i_21/O
                         net (fo=509, unplaced)       0.668     2.401    i_vrf/lane_shift_valid[0]
                         LUT6 (Prop_lut6_I0_O)        0.105     2.506 r  i_vrf/lane_result_q[2][62]_i_9/O
                         net (fo=2, unplaced)         0.949     3.455    i_vrf/lane_shift_a[50]
                         LUT6 (Prop_lut6_I0_O)        0.105     3.560 r  i_vrf/lane_result_q[2][54]_i_5/O
                         net (fo=1, unplaced)         0.528     4.088    i_vrf/lane_result_q[2][54]_i_5_n_0
                         LUT6 (Prop_lut6_I0_O)        0.105     4.193 r  i_vrf/lane_result_q[2][54]_i_3/O
                         net (fo=1, unplaced)         0.347     4.540    i_vrf/lane_shift_result[2][54]
                         LUT5 (Prop_lut5_I2_O)        0.105     4.645 r  i_vrf/lane_result_q[2][54]_i_1/O
                         net (fo=1, unplaced)         0.000     4.645    i_vrf_n_231
                         FDCE                                         r  lane_result_q_reg[2][54]/D
  -------------------------------------------------------------------    -------------------

                         (clock clk_i rise edge)      5.714     5.714 r  
                                                      0.000     5.714 r  clk_i (IN)
                         net (fo=2875, unset)         0.748     6.462    clk_i
                         FDCE                                         r  lane_result_q_reg[2][54]/C
                         clock pessimism              0.000     6.462    
                         clock uncertainty           -0.035     6.426    
                         FDCE (Setup_fdce_C_D)        0.072     6.498    lane_result_q_reg[2][54]
  -------------------------------------------------------------------
                         required time                          6.498    
                         arrival time                          -4.645    
  -------------------------------------------------------------------
                         slack                                  1.853    

Slack (MET) :             1.853ns  (required time - arrival time)
  Source:                 uop_p2_q_reg[use_shift]/C
                            (rising edge-triggered cell FDCE clocked by clk_i  {rise@0.000ns fall@2.857ns period=5.714ns})
  Destination:            lane_result_q_reg[3][56]/D
                            (rising edge-triggered cell FDCE clocked by clk_i  {rise@0.000ns fall@2.857ns period=5.714ns})
  Path Group:             clk_i
  Path Type:              Setup (Max at Slow Process Corner)
  Requirement:            5.714ns  (clk_i rise@5.714ns - clk_i rise@0.000ns)
  Data Path Delay:        3.858ns  (logic 1.085ns (28.123%)  route 2.773ns (71.877%))
  Logic Levels:           5  (LUT2=1 LUT5=1 LUT6=3)
  Clock Path Skew:        -0.039ns (DCD - SCD + CPR)
    Destination Clock Delay (DCD):    0.748ns = ( 6.462 - 5.714 ) 
    Source Clock Delay      (SCD):    0.787ns
    Clock Pessimism Removal (CPR):    0.000ns
  Clock Uncertainty:      0.035ns  ((TSJ^2 + TIJ^2)^1/2 + DJ) / 2 + PE
    Total System Jitter     (TSJ):    0.071ns
    Total Input Jitter      (TIJ):    0.000ns
    Discrete Jitter          (DJ):    0.000ns
    Phase Error              (PE):    0.000ns

    Location             Delay type                Incr(ns)  Path(ns)    Netlist Resource(s)
  -------------------------------------------------------------------    -------------------
                         (clock clk_i rise edge)      0.000     0.000 r  
                                                      0.000     0.000 r  clk_i (IN)
                         net (fo=2875, unset)         0.787     0.787    clk_i
                         FDCE                                         r  uop_p2_q_reg[use_shift]/C
  -------------------------------------------------------------------    -------------------
                         FDCE (Prop_fdce_C_Q)         0.433     1.220 r  uop_p2_q_reg[use_shift]/Q
                         net (fo=9, unplaced)         0.281     1.501    i_vrf/uop_p2_q_reg[use_shift]__0
                         LUT2 (Prop_lut2_I1_O)        0.232     1.733 r  i_vrf/lane_result_q[3][63]_i_21/O
                         net (fo=509, unplaced)       0.668     2.401    i_vrf/lane_shift_valid[0]
                         LUT6 (Prop_lut6_I0_O)        0.105     2.506 r  i_vrf/lane_result_q[3][60]_i_11/O
                         net (fo=2, unplaced)         0.949     3.455    i_vrf/lane_shift_b[52]
                         LUT6 (Prop_lut6_I0_O)        0.105     3.560 r  i_vrf/lane_result_q[3][56]_i_5/O
                         net (fo=1, unplaced)         0.528     4.088    i_vrf/lane_result_q[3][56]_i_5_n_0
                         LUT6 (Prop_lut6_I0_O)        0.105     4.193 r  i_vrf/lane_result_q[3][56]_i_3/O
                         net (fo=1, unplaced)         0.347     4.540    i_vrf/lane_shift_result[3][56]
                         LUT5 (Prop_lut5_I2_O)        0.105     4.645 r  i_vrf/lane_result_q[3][56]_i_1/O
                         net (fo=1, unplaced)         0.000     4.645    i_vrf_n_339
                         FDCE                                         r  lane_result_q_reg[3][56]/D
  -------------------------------------------------------------------    -------------------

                         (clock clk_i rise edge)      5.714     5.714 r  
                                                      0.000     5.714 r  clk_i (IN)
                         net (fo=2875, unset)         0.748     6.462    clk_i
                         FDCE                                         r  lane_result_q_reg[3][56]/C
                         clock pessimism              0.000     6.462    
                         clock uncertainty           -0.035     6.426    
                         FDCE (Setup_fdce_C_D)        0.072     6.498    lane_result_q_reg[3][56]
  -------------------------------------------------------------------
                         required time                          6.498    
                         arrival time                          -4.645    
  -------------------------------------------------------------------
                         slack                                  1.853    

Slack (MET) :             1.853ns  (required time - arrival time)
  Source:                 uop_p2_q_reg[use_shift]/C
                            (rising edge-triggered cell FDCE clocked by clk_i  {rise@0.000ns fall@2.857ns period=5.714ns})
  Destination:            lane_result_q_reg[3][57]/D
                            (rising edge-triggered cell FDCE clocked by clk_i  {rise@0.000ns fall@2.857ns period=5.714ns})
  Path Group:             clk_i
  Path Type:              Setup (Max at Slow Process Corner)
  Requirement:            5.714ns  (clk_i rise@5.714ns - clk_i rise@0.000ns)
  Data Path Delay:        3.858ns  (logic 1.085ns (28.123%)  route 2.773ns (71.877%))
  Logic Levels:           5  (LUT2=1 LUT5=1 LUT6=3)
  Clock Path Skew:        -0.039ns (DCD - SCD + CPR)
    Destination Clock Delay (DCD):    0.748ns = ( 6.462 - 5.714 ) 
    Source Clock Delay      (SCD):    0.787ns
    Clock Pessimism Removal (CPR):    0.000ns
  Clock Uncertainty:      0.035ns  ((TSJ^2 + TIJ^2)^1/2 + DJ) / 2 + PE
    Total System Jitter     (TSJ):    0.071ns
    Total Input Jitter      (TIJ):    0.000ns
    Discrete Jitter          (DJ):    0.000ns
    Phase Error              (PE):    0.000ns

    Location             Delay type                Incr(ns)  Path(ns)    Netlist Resource(s)
  -------------------------------------------------------------------    -------------------
                         (clock clk_i rise edge)      0.000     0.000 r  
                                                      0.000     0.000 r  clk_i (IN)
                         net (fo=2875, unset)         0.787     0.787    clk_i
                         FDCE                                         r  uop_p2_q_reg[use_shift]/C
  -------------------------------------------------------------------    -------------------
                         FDCE (Prop_fdce_C_Q)         0.433     1.220 r  uop_p2_q_reg[use_shift]/Q
                         net (fo=9, unplaced)         0.281     1.501    i_vrf/uop_p2_q_reg[use_shift]__0
                         LUT2 (Prop_lut2_I1_O)        0.232     1.733 r  i_vrf/lane_result_q[3][63]_i_21/O
                         net (fo=509, unplaced)       0.668     2.401    i_vrf/lane_shift_valid[0]
                         LUT6 (Prop_lut6_I0_O)        0.105     2.506 r  i_vrf/lane_result_q[3][61]_i_12/O
                         net (fo=2, unplaced)         0.949     3.455    i_vrf/lane_shift_b[53]
                         LUT6 (Prop_lut6_I0_O)        0.105     3.560 r  i_vrf/lane_result_q[3][57]_i_5/O
                         net (fo=1, unplaced)         0.528     4.088    i_vrf/lane_result_q[3][57]_i_5_n_0
                         LUT6 (Prop_lut6_I0_O)        0.105     4.193 r  i_vrf/lane_result_q[3][57]_i_3/O
                         net (fo=1, unplaced)         0.347     4.540    i_vrf/lane_shift_result[3][57]
                         LUT5 (Prop_lut5_I2_O)        0.105     4.645 r  i_vrf/lane_result_q[3][57]_i_1/O
                         net (fo=1, unplaced)         0.000     4.645    i_vrf_n_338
                         FDCE                                         r  lane_result_q_reg[3][57]/D
  -------------------------------------------------------------------    -------------------

                         (clock clk_i rise edge)      5.714     5.714 r  
                                                      0.000     5.714 r  clk_i (IN)
                         net (fo=2875, unset)         0.748     6.462    clk_i
                         FDCE                                         r  lane_result_q_reg[3][57]/C
                         clock pessimism              0.000     6.462    
                         clock uncertainty           -0.035     6.426    
                         FDCE (Setup_fdce_C_D)        0.072     6.498    lane_result_q_reg[3][57]
  -------------------------------------------------------------------
                         required time                          6.498    
                         arrival time                          -4.645    
  -------------------------------------------------------------------
                         slack                                  1.853    

Slack (MET) :             1.853ns  (required time - arrival time)
  Source:                 uop_p2_q_reg[use_shift]/C
                            (rising edge-triggered cell FDCE clocked by clk_i  {rise@0.000ns fall@2.857ns period=5.714ns})
  Destination:            lane_result_q_reg[3][58]/D
                            (rising edge-triggered cell FDCE clocked by clk_i  {rise@0.000ns fall@2.857ns period=5.714ns})
  Path Group:             clk_i
  Path Type:              Setup (Max at Slow Process Corner)
  Requirement:            5.714ns  (clk_i rise@5.714ns - clk_i rise@0.000ns)
  Data Path Delay:        3.858ns  (logic 1.085ns (28.123%)  route 2.773ns (71.877%))
  Logic Levels:           5  (LUT2=1 LUT6=4)
  Clock Path Skew:        -0.039ns (DCD - SCD + CPR)
    Destination Clock Delay (DCD):    0.748ns = ( 6.462 - 5.714 ) 
    Source Clock Delay      (SCD):    0.787ns
    Clock Pessimism Removal (CPR):    0.000ns
  Clock Uncertainty:      0.035ns  ((TSJ^2 + TIJ^2)^1/2 + DJ) / 2 + PE
    Total System Jitter     (TSJ):    0.071ns
    Total Input Jitter      (TIJ):    0.000ns
    Discrete Jitter          (DJ):    0.000ns
    Phase Error              (PE):    0.000ns

    Location             Delay type                Incr(ns)  Path(ns)    Netlist Resource(s)
  -------------------------------------------------------------------    -------------------
                         (clock clk_i rise edge)      0.000     0.000 r  
                                                      0.000     0.000 r  clk_i (IN)
                         net (fo=2875, unset)         0.787     0.787    clk_i
                         FDCE                                         r  uop_p2_q_reg[use_shift]/C
  -------------------------------------------------------------------    -------------------
                         FDCE (Prop_fdce_C_Q)         0.433     1.220 r  uop_p2_q_reg[use_shift]/Q
                         net (fo=9, unplaced)         0.281     1.501    i_vrf/uop_p2_q_reg[use_shift]__0
                         LUT2 (Prop_lut2_I1_O)        0.232     1.733 r  i_vrf/lane_result_q[3][63]_i_21/O
                         net (fo=509, unplaced)       0.668     2.401    i_vrf/lane_shift_valid[0]
                         LUT6 (Prop_lut6_I0_O)        0.105     2.506 r  i_vrf/lane_result_q[3][62]_i_11/O
                         net (fo=2, unplaced)         0.949     3.455    i_vrf/lane_shift_b[54]
                         LUT6 (Prop_lut6_I0_O)        0.105     3.560 r  i_vrf/lane_result_q[3][58]_i_6/O
                         net (fo=1, unplaced)         0.528     4.088    i_vrf/lane_result_q[3][58]_i_6_n_0
                         LUT6 (Prop_lut6_I0_O)        0.105     4.193 r  i_vrf/lane_result_q[3][58]_i_5/O
                         net (fo=1, unplaced)         0.347     4.540    i_vrf/lane_shift_result[3][58]
                         LUT6 (Prop_lut6_I4_O)        0.105     4.645 r  i_vrf/lane_result_q[3][58]_i_1/O
                         net (fo=1, unplaced)         0.000     4.645    i_vrf_n_337
                         FDCE                                         r  lane_result_q_reg[3][58]/D
  -------------------------------------------------------------------    -------------------

                         (clock clk_i rise edge)      5.714     5.714 r  
                                                      0.000     5.714 r  clk_i (IN)
                         net (fo=2875, unset)         0.748     6.462    clk_i
                         FDCE                                         r  lane_result_q_reg[3][58]/C
                         clock pessimism              0.000     6.462    
                         clock uncertainty           -0.035     6.426    
                         FDCE (Setup_fdce_C_D)        0.072     6.498    lane_result_q_reg[3][58]
  -------------------------------------------------------------------
                         required time                          6.498    
                         arrival time                          -4.645    
  -------------------------------------------------------------------
                         slack                                  1.853    

Slack (MET) :             1.853ns  (required time - arrival time)
  Source:                 uop_p2_q_reg[use_shift]/C
                            (rising edge-triggered cell FDCE clocked by clk_i  {rise@0.000ns fall@2.857ns period=5.714ns})
  Destination:            lane_result_q_reg[3][59]/D
                            (rising edge-triggered cell FDCE clocked by clk_i  {rise@0.000ns fall@2.857ns period=5.714ns})
  Path Group:             clk_i
  Path Type:              Setup (Max at Slow Process Corner)
  Requirement:            5.714ns  (clk_i rise@5.714ns - clk_i rise@0.000ns)
  Data Path Delay:        3.858ns  (logic 1.085ns (28.123%)  route 2.773ns (71.877%))
  Logic Levels:           5  (LUT2=1 LUT5=1 LUT6=3)
  Clock Path Skew:        -0.039ns (DCD - SCD + CPR)
    Destination Clock Delay (DCD):    0.748ns = ( 6.462 - 5.714 ) 
    Source Clock Delay      (SCD):    0.787ns
    Clock Pessimism Removal (CPR):    0.000ns
  Clock Uncertainty:      0.035ns  ((TSJ^2 + TIJ^2)^1/2 + DJ) / 2 + PE
    Total System Jitter     (TSJ):    0.071ns
    Total Input Jitter      (TIJ):    0.000ns
    Discrete Jitter          (DJ):    0.000ns
    Phase Error              (PE):    0.000ns

    Location             Delay type                Incr(ns)  Path(ns)    Netlist Resource(s)
  -------------------------------------------------------------------    -------------------
                         (clock clk_i rise edge)      0.000     0.000 r  
                                                      0.000     0.000 r  clk_i (IN)
                         net (fo=2875, unset)         0.787     0.787    clk_i
                         FDCE                                         r  uop_p2_q_reg[use_shift]/C
  -------------------------------------------------------------------    -------------------
                         FDCE (Prop_fdce_C_Q)         0.433     1.220 r  uop_p2_q_reg[use_shift]/Q
                         net (fo=9, unplaced)         0.281     1.501    i_vrf/uop_p2_q_reg[use_shift]__0
                         LUT2 (Prop_lut2_I1_O)        0.232     1.733 r  i_vrf/lane_result_q[3][63]_i_21/O
                         net (fo=509, unplaced)       0.668     2.401    i_vrf/lane_shift_valid[0]
                         LUT6 (Prop_lut6_I0_O)        0.105     2.506 r  i_vrf/lane_result_q[3][63]_i_22/O
                         net (fo=2, unplaced)         0.949     3.455    i_vrf/lane_shift_b[55]
                         LUT6 (Prop_lut6_I0_O)        0.105     3.560 r  i_vrf/lane_result_q[3][59]_i_6/O
                         net (fo=1, unplaced)         0.528     4.088    i_vrf/lane_result_q[3][59]_i_6_n_0
                         LUT6 (Prop_lut6_I0_O)        0.105     4.193 r  i_vrf/lane_result_q[3][59]_i_3/O
                         net (fo=1, unplaced)         0.347     4.540    i_vrf/lane_shift_result[3][59]
                         LUT5 (Prop_lut5_I2_O)        0.105     4.645 r  i_vrf/lane_result_q[3][59]_i_1/O
                         net (fo=1, unplaced)         0.000     4.645    i_vrf_n_336
                         FDCE                                         r  lane_result_q_reg[3][59]/D
  -------------------------------------------------------------------    -------------------

                         (clock clk_i rise edge)      5.714     5.714 r  
                                                      0.000     5.714 r  clk_i (IN)
                         net (fo=2875, unset)         0.748     6.462    clk_i
                         FDCE                                         r  lane_result_q_reg[3][59]/C
                         clock pessimism              0.000     6.462    
                         clock uncertainty           -0.035     6.426    
                         FDCE (Setup_fdce_C_D)        0.072     6.498    lane_result_q_reg[3][59]
  -------------------------------------------------------------------
                         required time                          6.498    
                         arrival time                          -4.645    
  -------------------------------------------------------------------
                         slack                                  1.853    

Slack (MET) :             1.864ns  (required time - arrival time)
  Source:                 uop_p2_q_reg[use_shift]/C
                            (rising edge-triggered cell FDCE clocked by clk_i  {rise@0.000ns fall@2.857ns period=5.714ns})
  Destination:            lane_result_q_reg[0][56]/D
                            (rising edge-triggered cell FDCE clocked by clk_i  {rise@0.000ns fall@2.857ns period=5.714ns})
  Path Group:             clk_i
  Path Type:              Setup (Max at Slow Process Corner)
  Requirement:            5.714ns  (clk_i rise@5.714ns - clk_i rise@0.000ns)
  Data Path Delay:        3.847ns  (logic 1.085ns (28.204%)  route 2.762ns (71.796%))
  Logic Levels:           5  (LUT2=1 LUT5=1 LUT6=3)
  Clock Path Skew:        -0.039ns (DCD - SCD + CPR)
    Destination Clock Delay (DCD):    0.748ns = ( 6.462 - 5.714 ) 
    Source Clock Delay      (SCD):    0.787ns
    Clock Pessimism Removal (CPR):    0.000ns
  Clock Uncertainty:      0.035ns  ((TSJ^2 + TIJ^2)^1/2 + DJ) / 2 + PE
    Total System Jitter     (TSJ):    0.071ns
    Total Input Jitter      (TIJ):    0.000ns
    Discrete Jitter          (DJ):    0.000ns
    Phase Error              (PE):    0.000ns

    Location             Delay type                Incr(ns)  Path(ns)    Netlist Resource(s)
  -------------------------------------------------------------------    -------------------
                         (clock clk_i rise edge)      0.000     0.000 r  
                                                      0.000     0.000 r  clk_i (IN)
                         net (fo=2875, unset)         0.787     0.787    clk_i
                         FDCE                                         r  uop_p2_q_reg[use_shift]/C
  -------------------------------------------------------------------    -------------------
                         FDCE (Prop_fdce_C_Q)         0.433     1.220 r  uop_p2_q_reg[use_shift]/Q
                         net (fo=9, unplaced)         0.281     1.501    i_vrf/uop_p2_q_reg[use_shift]__0
                         LUT2 (Prop_lut2_I1_O)        0.232     1.733 r  i_vrf/lane_result_q[3][63]_i_21/O
                         net (fo=509, unplaced)       0.668     2.401    i_vrf/lane_shift_valid[0]
                         LUT6 (Prop_lut6_I0_O)        0.105     2.506 r  i_vrf/lane_result_q[0][56]_i_7/O
                         net (fo=1, unplaced)         0.938     3.444    i_vrf/lane_result_q[0][56]_i_7_n_0
                         LUT6 (Prop_lut6_I0_O)        0.105     3.549 r  i_vrf/lane_result_q[0][56]_i_5/O
                         net (fo=1, unplaced)         0.528     4.077    i_vrf/lane_result_q[0][56]_i_5_n_0
                         LUT6 (Prop_lut6_I0_O)        0.105     4.182 r  i_vrf/lane_result_q[0][56]_i_3/O
                         net (fo=1, unplaced)         0.347     4.529    i_vrf/lane_shift_result[0][56]
                         LUT5 (Prop_lut5_I2_O)        0.105     4.634 r  i_vrf/lane_result_q[0][56]_i_1/O
                         net (fo=1, unplaced)         0.000     4.634    i_vrf_n_7
                         FDCE                                         r  lane_result_q_reg[0][56]/D
  -------------------------------------------------------------------    -------------------

                         (clock clk_i rise edge)      5.714     5.714 r  
                                                      0.000     5.714 r  clk_i (IN)
                         net (fo=2875, unset)         0.748     6.462    clk_i
                         FDCE                                         r  lane_result_q_reg[0][56]/C
                         clock pessimism              0.000     6.462    
                         clock uncertainty           -0.035     6.426    
                         FDCE (Setup_fdce_C_D)        0.072     6.498    lane_result_q_reg[0][56]
  -------------------------------------------------------------------
                         required time                          6.498    
                         arrival time                          -4.634    
  -------------------------------------------------------------------
                         slack                                  1.864    

Slack (MET) :             1.864ns  (required time - arrival time)
  Source:                 uop_p2_q_reg[use_shift]/C
                            (rising edge-triggered cell FDCE clocked by clk_i  {rise@0.000ns fall@2.857ns period=5.714ns})
  Destination:            lane_result_q_reg[0][57]/D
                            (rising edge-triggered cell FDCE clocked by clk_i  {rise@0.000ns fall@2.857ns period=5.714ns})
  Path Group:             clk_i
  Path Type:              Setup (Max at Slow Process Corner)
  Requirement:            5.714ns  (clk_i rise@5.714ns - clk_i rise@0.000ns)
  Data Path Delay:        3.847ns  (logic 1.085ns (28.204%)  route 2.762ns (71.796%))
  Logic Levels:           5  (LUT2=1 LUT5=1 LUT6=3)
  Clock Path Skew:        -0.039ns (DCD - SCD + CPR)
    Destination Clock Delay (DCD):    0.748ns = ( 6.462 - 5.714 ) 
    Source Clock Delay      (SCD):    0.787ns
    Clock Pessimism Removal (CPR):    0.000ns
  Clock Uncertainty:      0.035ns  ((TSJ^2 + TIJ^2)^1/2 + DJ) / 2 + PE
    Total System Jitter     (TSJ):    0.071ns
    Total Input Jitter      (TIJ):    0.000ns
    Discrete Jitter          (DJ):    0.000ns
    Phase Error              (PE):    0.000ns

    Location             Delay type                Incr(ns)  Path(ns)    Netlist Resource(s)
  -------------------------------------------------------------------    -------------------
                         (clock clk_i rise edge)      0.000     0.000 r  
                                                      0.000     0.000 r  clk_i (IN)
                         net (fo=2875, unset)         0.787     0.787    clk_i
                         FDCE                                         r  uop_p2_q_reg[use_shift]/C
  -------------------------------------------------------------------    -------------------
                         FDCE (Prop_fdce_C_Q)         0.433     1.220 r  uop_p2_q_reg[use_shift]/Q
                         net (fo=9, unplaced)         0.281     1.501    i_vrf/uop_p2_q_reg[use_shift]__0
                         LUT2 (Prop_lut2_I1_O)        0.232     1.733 r  i_vrf/lane_result_q[3][63]_i_21/O
                         net (fo=509, unplaced)       0.668     2.401    i_vrf/lane_shift_valid[0]
                         LUT6 (Prop_lut6_I0_O)        0.105     2.506 r  i_vrf/lane_result_q[0][57]_i_7/O
                         net (fo=1, unplaced)         0.938     3.444    i_vrf/lane_result_q[0][57]_i_7_n_0
                         LUT6 (Prop_lut6_I0_O)        0.105     3.549 r  i_vrf/lane_result_q[0][57]_i_5/O
                         net (fo=1, unplaced)         0.528     4.077    i_vrf/lane_result_q[0][57]_i_5_n_0
                         LUT6 (Prop_lut6_I0_O)        0.105     4.182 r  i_vrf/lane_result_q[0][57]_i_3/O
                         net (fo=1, unplaced)         0.347     4.529    i_vrf/lane_shift_result[0][57]
                         LUT5 (Prop_lut5_I2_O)        0.105     4.634 r  i_vrf/lane_result_q[0][57]_i_1/O
                         net (fo=1, unplaced)         0.000     4.634    i_vrf_n_6
                         FDCE                                         r  lane_result_q_reg[0][57]/D
  -------------------------------------------------------------------    -------------------

                         (clock clk_i rise edge)      5.714     5.714 r  
                                                      0.000     5.714 r  clk_i (IN)
                         net (fo=2875, unset)         0.748     6.462    clk_i
                         FDCE                                         r  lane_result_q_reg[0][57]/C
                         clock pessimism              0.000     6.462    
                         clock uncertainty           -0.035     6.426    
                         FDCE (Setup_fdce_C_D)        0.072     6.498    lane_result_q_reg[0][57]
  -------------------------------------------------------------------
                         required time                          6.498    
                         arrival time                          -4.634    
  -------------------------------------------------------------------
                         slack                                  1.864    

Slack (MET) :             1.864ns  (required time - arrival time)
  Source:                 uop_p2_q_reg[use_shift]/C
                            (rising edge-triggered cell FDCE clocked by clk_i  {rise@0.000ns fall@2.857ns period=5.714ns})
  Destination:            lane_result_q_reg[0][58]/D
                            (rising edge-triggered cell FDCE clocked by clk_i  {rise@0.000ns fall@2.857ns period=5.714ns})
  Path Group:             clk_i
  Path Type:              Setup (Max at Slow Process Corner)
  Requirement:            5.714ns  (clk_i rise@5.714ns - clk_i rise@0.000ns)
  Data Path Delay:        3.847ns  (logic 1.085ns (28.204%)  route 2.762ns (71.796%))
  Logic Levels:           5  (LUT2=1 LUT6=4)
  Clock Path Skew:        -0.039ns (DCD - SCD + CPR)
    Destination Clock Delay (DCD):    0.748ns = ( 6.462 - 5.714 ) 
    Source Clock Delay      (SCD):    0.787ns
    Clock Pessimism Removal (CPR):    0.000ns
  Clock Uncertainty:      0.035ns  ((TSJ^2 + TIJ^2)^1/2 + DJ) / 2 + PE
    Total System Jitter     (TSJ):    0.071ns
    Total Input Jitter      (TIJ):    0.000ns
    Discrete Jitter          (DJ):    0.000ns
    Phase Error              (PE):    0.000ns

    Location             Delay type                Incr(ns)  Path(ns)    Netlist Resource(s)
  -------------------------------------------------------------------    -------------------
                         (clock clk_i rise edge)      0.000     0.000 r  
                                                      0.000     0.000 r  clk_i (IN)
                         net (fo=2875, unset)         0.787     0.787    clk_i
                         FDCE                                         r  uop_p2_q_reg[use_shift]/C
  -------------------------------------------------------------------    -------------------
                         FDCE (Prop_fdce_C_Q)         0.433     1.220 r  uop_p2_q_reg[use_shift]/Q
                         net (fo=9, unplaced)         0.281     1.501    i_vrf/uop_p2_q_reg[use_shift]__0
                         LUT2 (Prop_lut2_I1_O)        0.232     1.733 r  i_vrf/lane_result_q[3][63]_i_21/O
                         net (fo=509, unplaced)       0.668     2.401    i_vrf/lane_shift_valid[0]
                         LUT6 (Prop_lut6_I0_O)        0.105     2.506 r  i_vrf/lane_result_q[0][58]_i_8/O
                         net (fo=1, unplaced)         0.938     3.444    i_vrf/lane_result_q[0][58]_i_8_n_0
                         LUT6 (Prop_lut6_I0_O)        0.105     3.549 r  i_vrf/lane_result_q[0][58]_i_6/O
                         net (fo=1, unplaced)         0.528     4.077    i_vrf/lane_result_q[0][58]_i_6_n_0
                         LUT6 (Prop_lut6_I0_O)        0.105     4.182 r  i_vrf/lane_result_q[0][58]_i_5/O
                         net (fo=1, unplaced)         0.347     4.529    i_vrf/lane_shift_result[0][58]
                         LUT6 (Prop_lut6_I4_O)        0.105     4.634 r  i_vrf/lane_result_q[0][58]_i_1/O
                         net (fo=1, unplaced)         0.000     4.634    i_vrf_n_5
                         FDCE                                         r  lane_result_q_reg[0][58]/D
  -------------------------------------------------------------------    -------------------

                         (clock clk_i rise edge)      5.714     5.714 r  
                                                      0.000     5.714 r  clk_i (IN)
                         net (fo=2875, unset)         0.748     6.462    clk_i
                         FDCE                                         r  lane_result_q_reg[0][58]/C
                         clock pessimism              0.000     6.462    
                         clock uncertainty           -0.035     6.426    
                         FDCE (Setup_fdce_C_D)        0.072     6.498    lane_result_q_reg[0][58]
  -------------------------------------------------------------------
                         required time                          6.498    
                         arrival time                          -4.634    
  -------------------------------------------------------------------
                         slack                                  1.864    

Slack (MET) :             1.864ns  (required time - arrival time)
  Source:                 uop_p2_q_reg[use_shift]/C
                            (rising edge-triggered cell FDCE clocked by clk_i  {rise@0.000ns fall@2.857ns period=5.714ns})
  Destination:            lane_result_q_reg[0][59]/D
                            (rising edge-triggered cell FDCE clocked by clk_i  {rise@0.000ns fall@2.857ns period=5.714ns})
  Path Group:             clk_i
  Path Type:              Setup (Max at Slow Process Corner)
  Requirement:            5.714ns  (clk_i rise@5.714ns - clk_i rise@0.000ns)
  Data Path Delay:        3.847ns  (logic 1.085ns (28.204%)  route 2.762ns (71.796%))
  Logic Levels:           5  (LUT2=1 LUT5=1 LUT6=3)
  Clock Path Skew:        -0.039ns (DCD - SCD + CPR)
    Destination Clock Delay (DCD):    0.748ns = ( 6.462 - 5.714 ) 
    Source Clock Delay      (SCD):    0.787ns
    Clock Pessimism Removal (CPR):    0.000ns
  Clock Uncertainty:      0.035ns  ((TSJ^2 + TIJ^2)^1/2 + DJ) / 2 + PE
    Total System Jitter     (TSJ):    0.071ns
    Total Input Jitter      (TIJ):    0.000ns
    Discrete Jitter          (DJ):    0.000ns
    Phase Error              (PE):    0.000ns

    Location             Delay type                Incr(ns)  Path(ns)    Netlist Resource(s)
  -------------------------------------------------------------------    -------------------
                         (clock clk_i rise edge)      0.000     0.000 r  
                                                      0.000     0.000 r  clk_i (IN)
                         net (fo=2875, unset)         0.787     0.787    clk_i
                         FDCE                                         r  uop_p2_q_reg[use_shift]/C
  -------------------------------------------------------------------    -------------------
                         FDCE (Prop_fdce_C_Q)         0.433     1.220 r  uop_p2_q_reg[use_shift]/Q
                         net (fo=9, unplaced)         0.281     1.501    i_vrf/uop_p2_q_reg[use_shift]__0
                         LUT2 (Prop_lut2_I1_O)        0.232     1.733 r  i_vrf/lane_result_q[3][63]_i_21/O
                         net (fo=509, unplaced)       0.668     2.401    i_vrf/lane_shift_valid[0]
                         LUT6 (Prop_lut6_I0_O)        0.105     2.506 r  i_vrf/lane_result_q[0][59]_i_9/O
                         net (fo=1, unplaced)         0.938     3.444    i_vrf/lane_result_q[0][59]_i_9_n_0
                         LUT6 (Prop_lut6_I0_O)        0.105     3.549 r  i_vrf/lane_result_q[0][59]_i_6/O
                         net (fo=1, unplaced)         0.528     4.077    i_vrf/lane_result_q[0][59]_i_6_n_0
                         LUT6 (Prop_lut6_I0_O)        0.105     4.182 r  i_vrf/lane_result_q[0][59]_i_3/O
                         net (fo=1, unplaced)         0.347     4.529    i_vrf/lane_shift_result[0][59]
                         LUT5 (Prop_lut5_I2_O)        0.105     4.634 r  i_vrf/lane_result_q[0][59]_i_1/O
                         net (fo=1, unplaced)         0.000     4.634    i_vrf_n_4
                         FDCE                                         r  lane_result_q_reg[0][59]/D
  -------------------------------------------------------------------    -------------------

                         (clock clk_i rise edge)      5.714     5.714 r  
                                                      0.000     5.714 r  clk_i (IN)
                         net (fo=2875, unset)         0.748     6.462    clk_i
                         FDCE                                         r  lane_result_q_reg[0][59]/C
                         clock pessimism              0.000     6.462    
                         clock uncertainty           -0.035     6.426    
                         FDCE (Setup_fdce_C_D)        0.072     6.498    lane_result_q_reg[0][59]
  -------------------------------------------------------------------
                         required time                          6.498    
                         arrival time                          -4.634    
  -------------------------------------------------------------------
                         slack                                  1.864    

Slack (MET) :             1.864ns  (required time - arrival time)
  Source:                 uop_p2_q_reg[use_shift]/C
                            (rising edge-triggered cell FDCE clocked by clk_i  {rise@0.000ns fall@2.857ns period=5.714ns})
  Destination:            lane_result_q_reg[0][60]/D
                            (rising edge-triggered cell FDCE clocked by clk_i  {rise@0.000ns fall@2.857ns period=5.714ns})
  Path Group:             clk_i
  Path Type:              Setup (Max at Slow Process Corner)
  Requirement:            5.714ns  (clk_i rise@5.714ns - clk_i rise@0.000ns)
  Data Path Delay:        3.847ns  (logic 1.085ns (28.204%)  route 2.762ns (71.796%))
  Logic Levels:           5  (LUT2=1 LUT5=1 LUT6=3)
  Clock Path Skew:        -0.039ns (DCD - SCD + CPR)
    Destination Clock Delay (DCD):    0.748ns = ( 6.462 - 5.714 ) 
    Source Clock Delay      (SCD):    0.787ns
    Clock Pessimism Removal (CPR):    0.000ns
  Clock Uncertainty:      0.035ns  ((TSJ^2 + TIJ^2)^1/2 + DJ) / 2 + PE
    Total System Jitter     (TSJ):    0.071ns
    Total Input Jitter      (TIJ):    0.000ns
    Discrete Jitter          (DJ):    0.000ns
    Phase Error              (PE):    0.000ns

    Location             Delay type                Incr(ns)  Path(ns)    Netlist Resource(s)
  -------------------------------------------------------------------    -------------------
                         (clock clk_i rise edge)      0.000     0.000 r  
                                                      0.000     0.000 r  clk_i (IN)
                         net (fo=2875, unset)         0.787     0.787    clk_i
                         FDCE                                         r  uop_p2_q_reg[use_shift]/C
  -------------------------------------------------------------------    -------------------
                         FDCE (Prop_fdce_C_Q)         0.433     1.220 r  uop_p2_q_reg[use_shift]/Q
                         net (fo=9, unplaced)         0.281     1.501    i_vrf/uop_p2_q_reg[use_shift]__0
                         LUT2 (Prop_lut2_I1_O)        0.232     1.733 r  i_vrf/lane_result_q[3][63]_i_21/O
                         net (fo=509, unplaced)       0.668     2.401    i_vrf/lane_shift_valid[0]
                         LUT6 (Prop_lut6_I0_O)        0.105     2.506 r  i_vrf/lane_result_q[0][60]_i_7/O
                         net (fo=1, unplaced)         0.938     3.444    i_vrf/lane_result_q[0][60]_i_7_n_0
                         LUT6 (Prop_lut6_I0_O)        0.105     3.549 r  i_vrf/lane_result_q[0][60]_i_5/O
                         net (fo=1, unplaced)         0.528     4.077    i_vrf/lane_result_q[0][60]_i_5_n_0
                         LUT6 (Prop_lut6_I0_O)        0.105     4.182 r  i_vrf/lane_result_q[0][60]_i_3/O
                         net (fo=1, unplaced)         0.347     4.529    i_vrf/lane_shift_result[0][60]
                         LUT5 (Prop_lut5_I2_O)        0.105     4.634 r  i_vrf/lane_result_q[0][60]_i_1/O
                         net (fo=1, unplaced)         0.000     4.634    i_vrf_n_3
                         FDCE                                         r  lane_result_q_reg[0][60]/D
  -------------------------------------------------------------------    -------------------

                         (clock clk_i rise edge)      5.714     5.714 r  
                                                      0.000     5.714 r  clk_i (IN)
                         net (fo=2875, unset)         0.748     6.462    clk_i
                         FDCE                                         r  lane_result_q_reg[0][60]/C
                         clock pessimism              0.000     6.462    
                         clock uncertainty           -0.035     6.426    
                         FDCE (Setup_fdce_C_D)        0.072     6.498    lane_result_q_reg[0][60]
  -------------------------------------------------------------------
                         required time                          6.498    
                         arrival time                          -4.634    
  -------------------------------------------------------------------
                         slack                                  1.864    

Slack (MET) :             1.864ns  (required time - arrival time)
  Source:                 uop_p2_q_reg[use_shift]/C
                            (rising edge-triggered cell FDCE clocked by clk_i  {rise@0.000ns fall@2.857ns period=5.714ns})
  Destination:            lane_result_q_reg[0][61]/D
                            (rising edge-triggered cell FDCE clocked by clk_i  {rise@0.000ns fall@2.857ns period=5.714ns})
  Path Group:             clk_i
  Path Type:              Setup (Max at Slow Process Corner)
  Requirement:            5.714ns  (clk_i rise@5.714ns - clk_i rise@0.000ns)
  Data Path Delay:        3.847ns  (logic 1.085ns (28.204%)  route 2.762ns (71.796%))
  Logic Levels:           5  (LUT2=1 LUT6=4)
  Clock Path Skew:        -0.039ns (DCD - SCD + CPR)
    Destination Clock Delay (DCD):    0.748ns = ( 6.462 - 5.714 ) 
    Source Clock Delay      (SCD):    0.787ns
    Clock Pessimism Removal (CPR):    0.000ns
  Clock Uncertainty:      0.035ns  ((TSJ^2 + TIJ^2)^1/2 + DJ) / 2 + PE
    Total System Jitter     (TSJ):    0.071ns
    Total Input Jitter      (TIJ):    0.000ns
    Discrete Jitter          (DJ):    0.000ns
    Phase Error              (PE):    0.000ns

    Location             Delay type                Incr(ns)  Path(ns)    Netlist Resource(s)
  -------------------------------------------------------------------    -------------------
                         (clock clk_i rise edge)      0.000     0.000 r  
                                                      0.000     0.000 r  clk_i (IN)
                         net (fo=2875, unset)         0.787     0.787    clk_i
                         FDCE                                         r  uop_p2_q_reg[use_shift]/C
  -------------------------------------------------------------------    -------------------
                         FDCE (Prop_fdce_C_Q)         0.433     1.220 r  uop_p2_q_reg[use_shift]/Q
                         net (fo=9, unplaced)         0.281     1.501    i_vrf/uop_p2_q_reg[use_shift]__0
                         LUT2 (Prop_lut2_I1_O)        0.232     1.733 r  i_vrf/lane_result_q[3][63]_i_21/O
                         net (fo=509, unplaced)       0.668     2.401    i_vrf/lane_shift_valid[0]
                         LUT6 (Prop_lut6_I0_O)        0.105     2.506 r  i_vrf/lane_result_q[0][61]_i_8/O
                         net (fo=1, unplaced)         0.938     3.444    i_vrf/lane_result_q[0][61]_i_8_n_0
                         LUT6 (Prop_lut6_I0_O)        0.105     3.549 r  i_vrf/lane_result_q[0][61]_i_6/O
                         net (fo=1, unplaced)         0.528     4.077    i_vrf/lane_result_q[0][61]_i_6_n_0
                         LUT6 (Prop_lut6_I0_O)        0.105     4.182 r  i_vrf/lane_result_q[0][61]_i_5/O
                         net (fo=1, unplaced)         0.347     4.529    i_vrf/lane_shift_result[0][61]
                         LUT6 (Prop_lut6_I4_O)        0.105     4.634 r  i_vrf/lane_result_q[0][61]_i_1/O
                         net (fo=1, unplaced)         0.000     4.634    i_vrf_n_2
                         FDCE                                         r  lane_result_q_reg[0][61]/D
  -------------------------------------------------------------------    -------------------

                         (clock clk_i rise edge)      5.714     5.714 r  
                                                      0.000     5.714 r  clk_i (IN)
                         net (fo=2875, unset)         0.748     6.462    clk_i
                         FDCE                                         r  lane_result_q_reg[0][61]/C
                         clock pessimism              0.000     6.462    
                         clock uncertainty           -0.035     6.426    
                         FDCE (Setup_fdce_C_D)        0.072     6.498    lane_result_q_reg[0][61]
  -------------------------------------------------------------------
                         required time                          6.498    
                         arrival time                          -4.634    
  -------------------------------------------------------------------
                         slack                                  1.864    

Slack (MET) :             1.864ns  (required time - arrival time)
  Source:                 uop_p2_q_reg[use_shift]/C
                            (rising edge-triggered cell FDCE clocked by clk_i  {rise@0.000ns fall@2.857ns period=5.714ns})
  Destination:            lane_result_q_reg[1][56]/D
                            (rising edge-triggered cell FDCE clocked by clk_i  {rise@0.000ns fall@2.857ns period=5.714ns})
  Path Group:             clk_i
  Path Type:              Setup (Max at Slow Process Corner)
  Requirement:            5.714ns  (clk_i rise@5.714ns - clk_i rise@0.000ns)
  Data Path Delay:        3.847ns  (logic 1.085ns (28.204%)  route 2.762ns (71.796%))
  Logic Levels:           5  (LUT2=1 LUT5=1 LUT6=3)
  Clock Path Skew:        -0.039ns (DCD - SCD + CPR)
    Destination Clock Delay (DCD):    0.748ns = ( 6.462 - 5.714 ) 
    Source Clock Delay      (SCD):    0.787ns
    Clock Pessimism Removal (CPR):    0.000ns
  Clock Uncertainty:      0.035ns  ((TSJ^2 + TIJ^2)^1/2 + DJ) / 2 + PE
    Total System Jitter     (TSJ):    0.071ns
    Total Input Jitter      (TIJ):    0.000ns
    Discrete Jitter          (DJ):    0.000ns
    Phase Error              (PE):    0.000ns

    Location             Delay type                Incr(ns)  Path(ns)    Netlist Resource(s)
  -------------------------------------------------------------------    -------------------
                         (clock clk_i rise edge)      0.000     0.000 r  
                                                      0.000     0.000 r  clk_i (IN)
                         net (fo=2875, unset)         0.787     0.787    clk_i
                         FDCE                                         r  uop_p2_q_reg[use_shift]/C
  -------------------------------------------------------------------    -------------------
                         FDCE (Prop_fdce_C_Q)         0.433     1.220 r  uop_p2_q_reg[use_shift]/Q
                         net (fo=9, unplaced)         0.281     1.501    i_vrf/uop_p2_q_reg[use_shift]__0
                         LUT2 (Prop_lut2_I1_O)        0.232     1.733 r  i_vrf/lane_result_q[3][63]_i_21/O
                         net (fo=509, unplaced)       0.668     2.401    i_vrf/lane_shift_valid[0]
                         LUT6 (Prop_lut6_I0_O)        0.105     2.506 r  i_vrf/lane_result_q[1][56]_i_7/O
                         net (fo=1, unplaced)         0.938     3.444    i_vrf/lane_result_q[1][56]_i_7_n_0
                         LUT6 (Prop_lut6_I0_O)        0.105     3.549 r  i_vrf/lane_result_q[1][56]_i_5/O
                         net (fo=1, unplaced)         0.528     4.077    i_vrf/lane_result_q[1][56]_i_5_n_0
                         LUT6 (Prop_lut6_I0_O)        0.105     4.182 r  i_vrf/lane_result_q[1][56]_i_3/O
                         net (fo=1, unplaced)         0.347     4.529    i_vrf/lane_shift_result[1][56]
                         LUT5 (Prop_lut5_I2_O)        0.105     4.634 r  i_vrf/lane_result_q[1][56]_i_1/O
                         net (fo=1, unplaced)         0.000     4.634    i_vrf_n_119
                         FDCE                                         r  lane_result_q_reg[1][56]/D
  -------------------------------------------------------------------    -------------------

                         (clock clk_i rise edge)      5.714     5.714 r  
                                                      0.000     5.714 r  clk_i (IN)
                         net (fo=2875, unset)         0.748     6.462    clk_i
                         FDCE                                         r  lane_result_q_reg[1][56]/C
                         clock pessimism              0.000     6.462    
                         clock uncertainty           -0.035     6.426    
                         FDCE (Setup_fdce_C_D)        0.072     6.498    lane_result_q_reg[1][56]
  -------------------------------------------------------------------
                         required time                          6.498    
                         arrival time                          -4.634    
  -------------------------------------------------------------------
                         slack                                  1.864    

Slack (MET) :             1.864ns  (required time - arrival time)
  Source:                 uop_p2_q_reg[use_shift]/C
                            (rising edge-triggered cell FDCE clocked by clk_i  {rise@0.000ns fall@2.857ns period=5.714ns})
  Destination:            lane_result_q_reg[1][57]/D
                            (rising edge-triggered cell FDCE clocked by clk_i  {rise@0.000ns fall@2.857ns period=5.714ns})
  Path Group:             clk_i
  Path Type:              Setup (Max at Slow Process Corner)
  Requirement:            5.714ns  (clk_i rise@5.714ns - clk_i rise@0.000ns)
  Data Path Delay:        3.847ns  (logic 1.085ns (28.204%)  route 2.762ns (71.796%))
  Logic Levels:           5  (LUT2=1 LUT5=1 LUT6=3)
  Clock Path Skew:        -0.039ns (DCD - SCD + CPR)
    Destination Clock Delay (DCD):    0.748ns = ( 6.462 - 5.714 ) 
    Source Clock Delay      (SCD):    0.787ns
    Clock Pessimism Removal (CPR):    0.000ns
  Clock Uncertainty:      0.035ns  ((TSJ^2 + TIJ^2)^1/2 + DJ) / 2 + PE
    Total System Jitter     (TSJ):    0.071ns
    Total Input Jitter      (TIJ):    0.000ns
    Discrete Jitter          (DJ):    0.000ns
    Phase Error              (PE):    0.000ns

    Location             Delay type                Incr(ns)  Path(ns)    Netlist Resource(s)
  -------------------------------------------------------------------    -------------------
                         (clock clk_i rise edge)      0.000     0.000 r  
                                                      0.000     0.000 r  clk_i (IN)
                         net (fo=2875, unset)         0.787     0.787    clk_i
                         FDCE                                         r  uop_p2_q_reg[use_shift]/C
  -------------------------------------------------------------------    -------------------
                         FDCE (Prop_fdce_C_Q)         0.433     1.220 r  uop_p2_q_reg[use_shift]/Q
                         net (fo=9, unplaced)         0.281     1.501    i_vrf/uop_p2_q_reg[use_shift]__0
                         LUT2 (Prop_lut2_I1_O)        0.232     1.733 r  i_vrf/lane_result_q[3][63]_i_21/O
                         net (fo=509, unplaced)       0.668     2.401    i_vrf/lane_shift_valid[0]
                         LUT6 (Prop_lut6_I0_O)        0.105     2.506 r  i_vrf/lane_result_q[1][57]_i_7/O
                         net (fo=1, unplaced)         0.938     3.444    i_vrf/lane_result_q[1][57]_i_7_n_0
                         LUT6 (Prop_lut6_I0_O)        0.105     3.549 r  i_vrf/lane_result_q[1][57]_i_5/O
                         net (fo=1, unplaced)         0.528     4.077    i_vrf/lane_result_q[1][57]_i_5_n_0
                         LUT6 (Prop_lut6_I0_O)        0.105     4.182 r  i_vrf/lane_result_q[1][57]_i_3/O
                         net (fo=1, unplaced)         0.347     4.529    i_vrf/lane_shift_result[1][57]
                         LUT5 (Prop_lut5_I2_O)        0.105     4.634 r  i_vrf/lane_result_q[1][57]_i_1/O
                         net (fo=1, unplaced)         0.000     4.634    i_vrf_n_118
                         FDCE                                         r  lane_result_q_reg[1][57]/D
  -------------------------------------------------------------------    -------------------

                         (clock clk_i rise edge)      5.714     5.714 r  
                                                      0.000     5.714 r  clk_i (IN)
                         net (fo=2875, unset)         0.748     6.462    clk_i
                         FDCE                                         r  lane_result_q_reg[1][57]/C
                         clock pessimism              0.000     6.462    
                         clock uncertainty           -0.035     6.426    
                         FDCE (Setup_fdce_C_D)        0.072     6.498    lane_result_q_reg[1][57]
  -------------------------------------------------------------------
                         required time                          6.498    
                         arrival time                          -4.634    
  -------------------------------------------------------------------
                         slack                                  1.864    

Slack (MET) :             1.864ns  (required time - arrival time)
  Source:                 uop_p2_q_reg[use_shift]/C
                            (rising edge-triggered cell FDCE clocked by clk_i  {rise@0.000ns fall@2.857ns period=5.714ns})
  Destination:            lane_result_q_reg[1][58]/D
                            (rising edge-triggered cell FDCE clocked by clk_i  {rise@0.000ns fall@2.857ns period=5.714ns})
  Path Group:             clk_i
  Path Type:              Setup (Max at Slow Process Corner)
  Requirement:            5.714ns  (clk_i rise@5.714ns - clk_i rise@0.000ns)
  Data Path Delay:        3.847ns  (logic 1.085ns (28.204%)  route 2.762ns (71.796%))
  Logic Levels:           5  (LUT2=1 LUT6=4)
  Clock Path Skew:        -0.039ns (DCD - SCD + CPR)
    Destination Clock Delay (DCD):    0.748ns = ( 6.462 - 5.714 ) 
    Source Clock Delay      (SCD):    0.787ns
    Clock Pessimism Removal (CPR):    0.000ns
  Clock Uncertainty:      0.035ns  ((TSJ^2 + TIJ^2)^1/2 + DJ) / 2 + PE
    Total System Jitter     (TSJ):    0.071ns
    Total Input Jitter      (TIJ):    0.000ns
    Discrete Jitter          (DJ):    0.000ns
    Phase Error              (PE):    0.000ns

    Location             Delay type                Incr(ns)  Path(ns)    Netlist Resource(s)
  -------------------------------------------------------------------    -------------------
                         (clock clk_i rise edge)      0.000     0.000 r  
                                                      0.000     0.000 r  clk_i (IN)
                         net (fo=2875, unset)         0.787     0.787    clk_i
                         FDCE                                         r  uop_p2_q_reg[use_shift]/C
  -------------------------------------------------------------------    -------------------
                         FDCE (Prop_fdce_C_Q)         0.433     1.220 r  uop_p2_q_reg[use_shift]/Q
                         net (fo=9, unplaced)         0.281     1.501    i_vrf/uop_p2_q_reg[use_shift]__0
                         LUT2 (Prop_lut2_I1_O)        0.232     1.733 r  i_vrf/lane_result_q[3][63]_i_21/O
                         net (fo=509, unplaced)       0.668     2.401    i_vrf/lane_shift_valid[0]
                         LUT6 (Prop_lut6_I0_O)        0.105     2.506 r  i_vrf/lane_result_q[1][58]_i_8/O
                         net (fo=1, unplaced)         0.938     3.444    i_vrf/lane_result_q[1][58]_i_8_n_0
                         LUT6 (Prop_lut6_I0_O)        0.105     3.549 r  i_vrf/lane_result_q[1][58]_i_6/O
                         net (fo=1, unplaced)         0.528     4.077    i_vrf/lane_result_q[1][58]_i_6_n_0
                         LUT6 (Prop_lut6_I0_O)        0.105     4.182 r  i_vrf/lane_result_q[1][58]_i_5/O
                         net (fo=1, unplaced)         0.347     4.529    i_vrf/lane_shift_result[1][58]
                         LUT6 (Prop_lut6_I4_O)        0.105     4.634 r  i_vrf/lane_result_q[1][58]_i_1/O
                         net (fo=1, unplaced)         0.000     4.634    i_vrf_n_117
                         FDCE                                         r  lane_result_q_reg[1][58]/D
  -------------------------------------------------------------------    -------------------

                         (clock clk_i rise edge)      5.714     5.714 r  
                                                      0.000     5.714 r  clk_i (IN)
                         net (fo=2875, unset)         0.748     6.462    clk_i
                         FDCE                                         r  lane_result_q_reg[1][58]/C
                         clock pessimism              0.000     6.462    
                         clock uncertainty           -0.035     6.426    
                         FDCE (Setup_fdce_C_D)        0.072     6.498    lane_result_q_reg[1][58]
  -------------------------------------------------------------------
                         required time                          6.498    
                         arrival time                          -4.634    
  -------------------------------------------------------------------
                         slack                                  1.864    

Slack (MET) :             1.864ns  (required time - arrival time)
  Source:                 uop_p2_q_reg[use_shift]/C
                            (rising edge-triggered cell FDCE clocked by clk_i  {rise@0.000ns fall@2.857ns period=5.714ns})
  Destination:            lane_result_q_reg[1][59]/D
                            (rising edge-triggered cell FDCE clocked by clk_i  {rise@0.000ns fall@2.857ns period=5.714ns})
  Path Group:             clk_i
  Path Type:              Setup (Max at Slow Process Corner)
  Requirement:            5.714ns  (clk_i rise@5.714ns - clk_i rise@0.000ns)
  Data Path Delay:        3.847ns  (logic 1.085ns (28.204%)  route 2.762ns (71.796%))
  Logic Levels:           5  (LUT2=1 LUT5=1 LUT6=3)
  Clock Path Skew:        -0.039ns (DCD - SCD + CPR)
    Destination Clock Delay (DCD):    0.748ns = ( 6.462 - 5.714 ) 
    Source Clock Delay      (SCD):    0.787ns
    Clock Pessimism Removal (CPR):    0.000ns
  Clock Uncertainty:      0.035ns  ((TSJ^2 + TIJ^2)^1/2 + DJ) / 2 + PE
    Total System Jitter     (TSJ):    0.071ns
    Total Input Jitter      (TIJ):    0.000ns
    Discrete Jitter          (DJ):    0.000ns
    Phase Error              (PE):    0.000ns

    Location             Delay type                Incr(ns)  Path(ns)    Netlist Resource(s)
  -------------------------------------------------------------------    -------------------
                         (clock clk_i rise edge)      0.000     0.000 r  
                                                      0.000     0.000 r  clk_i (IN)
                         net (fo=2875, unset)         0.787     0.787    clk_i
                         FDCE                                         r  uop_p2_q_reg[use_shift]/C
  -------------------------------------------------------------------    -------------------
                         FDCE (Prop_fdce_C_Q)         0.433     1.220 r  uop_p2_q_reg[use_shift]/Q
                         net (fo=9, unplaced)         0.281     1.501    i_vrf/uop_p2_q_reg[use_shift]__0
                         LUT2 (Prop_lut2_I1_O)        0.232     1.733 r  i_vrf/lane_result_q[3][63]_i_21/O
                         net (fo=509, unplaced)       0.668     2.401    i_vrf/lane_shift_valid[0]
                         LUT6 (Prop_lut6_I0_O)        0.105     2.506 r  i_vrf/lane_result_q[1][59]_i_9/O
                         net (fo=1, unplaced)         0.938     3.444    i_vrf/lane_result_q[1][59]_i_9_n_0
                         LUT6 (Prop_lut6_I0_O)        0.105     3.549 r  i_vrf/lane_result_q[1][59]_i_6/O
                         net (fo=1, unplaced)         0.528     4.077    i_vrf/lane_result_q[1][59]_i_6_n_0
                         LUT6 (Prop_lut6_I0_O)        0.105     4.182 r  i_vrf/lane_result_q[1][59]_i_3/O
                         net (fo=1, unplaced)         0.347     4.529    i_vrf/lane_shift_result[1][59]
                         LUT5 (Prop_lut5_I2_O)        0.105     4.634 r  i_vrf/lane_result_q[1][59]_i_1/O
                         net (fo=1, unplaced)         0.000     4.634    i_vrf_n_116
                         FDCE                                         r  lane_result_q_reg[1][59]/D
  -------------------------------------------------------------------    -------------------

                         (clock clk_i rise edge)      5.714     5.714 r  
                                                      0.000     5.714 r  clk_i (IN)
                         net (fo=2875, unset)         0.748     6.462    clk_i
                         FDCE                                         r  lane_result_q_reg[1][59]/C
                         clock pessimism              0.000     6.462    
                         clock uncertainty           -0.035     6.426    
                         FDCE (Setup_fdce_C_D)        0.072     6.498    lane_result_q_reg[1][59]
  -------------------------------------------------------------------
                         required time                          6.498    
                         arrival time                          -4.634    
  -------------------------------------------------------------------
                         slack                                  1.864    

Slack (MET) :             1.864ns  (required time - arrival time)
  Source:                 uop_p2_q_reg[use_shift]/C
                            (rising edge-triggered cell FDCE clocked by clk_i  {rise@0.000ns fall@2.857ns period=5.714ns})
  Destination:            lane_result_q_reg[1][60]/D
                            (rising edge-triggered cell FDCE clocked by clk_i  {rise@0.000ns fall@2.857ns period=5.714ns})
  Path Group:             clk_i
  Path Type:              Setup (Max at Slow Process Corner)
  Requirement:            5.714ns  (clk_i rise@5.714ns - clk_i rise@0.000ns)
  Data Path Delay:        3.847ns  (logic 1.085ns (28.204%)  route 2.762ns (71.796%))
  Logic Levels:           5  (LUT2=1 LUT5=1 LUT6=3)
  Clock Path Skew:        -0.039ns (DCD - SCD + CPR)
    Destination Clock Delay (DCD):    0.748ns = ( 6.462 - 5.714 ) 
    Source Clock Delay      (SCD):    0.787ns
    Clock Pessimism Removal (CPR):    0.000ns
  Clock Uncertainty:      0.035ns  ((TSJ^2 + TIJ^2)^1/2 + DJ) / 2 + PE
    Total System Jitter     (TSJ):    0.071ns
    Total Input Jitter      (TIJ):    0.000ns
    Discrete Jitter          (DJ):    0.000ns
    Phase Error              (PE):    0.000ns

    Location             Delay type                Incr(ns)  Path(ns)    Netlist Resource(s)
  -------------------------------------------------------------------    -------------------
                         (clock clk_i rise edge)      0.000     0.000 r  
                                                      0.000     0.000 r  clk_i (IN)
                         net (fo=2875, unset)         0.787     0.787    clk_i
                         FDCE                                         r  uop_p2_q_reg[use_shift]/C
  -------------------------------------------------------------------    -------------------
                         FDCE (Prop_fdce_C_Q)         0.433     1.220 r  uop_p2_q_reg[use_shift]/Q
                         net (fo=9, unplaced)         0.281     1.501    i_vrf/uop_p2_q_reg[use_shift]__0
                         LUT2 (Prop_lut2_I1_O)        0.232     1.733 r  i_vrf/lane_result_q[3][63]_i_21/O
                         net (fo=509, unplaced)       0.668     2.401    i_vrf/lane_shift_valid[0]
                         LUT6 (Prop_lut6_I0_O)        0.105     2.506 r  i_vrf/lane_result_q[1][60]_i_7/O
                         net (fo=1, unplaced)         0.938     3.444    i_vrf/lane_result_q[1][60]_i_7_n_0
                         LUT6 (Prop_lut6_I0_O)        0.105     3.549 r  i_vrf/lane_result_q[1][60]_i_5/O
                         net (fo=1, unplaced)         0.528     4.077    i_vrf/lane_result_q[1][60]_i_5_n_0
                         LUT6 (Prop_lut6_I0_O)        0.105     4.182 r  i_vrf/lane_result_q[1][60]_i_3/O
                         net (fo=1, unplaced)         0.347     4.529    i_vrf/lane_shift_result[1][60]
                         LUT5 (Prop_lut5_I2_O)        0.105     4.634 r  i_vrf/lane_result_q[1][60]_i_1/O
                         net (fo=1, unplaced)         0.000     4.634    i_vrf_n_115
                         FDCE                                         r  lane_result_q_reg[1][60]/D
  -------------------------------------------------------------------    -------------------

                         (clock clk_i rise edge)      5.714     5.714 r  
                                                      0.000     5.714 r  clk_i (IN)
                         net (fo=2875, unset)         0.748     6.462    clk_i
                         FDCE                                         r  lane_result_q_reg[1][60]/C
                         clock pessimism              0.000     6.462    
                         clock uncertainty           -0.035     6.426    
                         FDCE (Setup_fdce_C_D)        0.072     6.498    lane_result_q_reg[1][60]
  -------------------------------------------------------------------
                         required time                          6.498    
                         arrival time                          -4.634    
  -------------------------------------------------------------------
                         slack                                  1.864    

Slack (MET) :             1.864ns  (required time - arrival time)
  Source:                 uop_p2_q_reg[use_shift]/C
                            (rising edge-triggered cell FDCE clocked by clk_i  {rise@0.000ns fall@2.857ns period=5.714ns})
  Destination:            lane_result_q_reg[1][61]/D
                            (rising edge-triggered cell FDCE clocked by clk_i  {rise@0.000ns fall@2.857ns period=5.714ns})
  Path Group:             clk_i
  Path Type:              Setup (Max at Slow Process Corner)
  Requirement:            5.714ns  (clk_i rise@5.714ns - clk_i rise@0.000ns)
  Data Path Delay:        3.847ns  (logic 1.085ns (28.204%)  route 2.762ns (71.796%))
  Logic Levels:           5  (LUT2=1 LUT6=4)
  Clock Path Skew:        -0.039ns (DCD - SCD + CPR)
    Destination Clock Delay (DCD):    0.748ns = ( 6.462 - 5.714 ) 
    Source Clock Delay      (SCD):    0.787ns
    Clock Pessimism Removal (CPR):    0.000ns
  Clock Uncertainty:      0.035ns  ((TSJ^2 + TIJ^2)^1/2 + DJ) / 2 + PE
    Total System Jitter     (TSJ):    0.071ns
    Total Input Jitter      (TIJ):    0.000ns
    Discrete Jitter          (DJ):    0.000ns
    Phase Error              (PE):    0.000ns

    Location             Delay type                Incr(ns)  Path(ns)    Netlist Resource(s)
  -------------------------------------------------------------------    -------------------
                         (clock clk_i rise edge)      0.000     0.000 r  
                                                      0.000     0.000 r  clk_i (IN)
                         net (fo=2875, unset)         0.787     0.787    clk_i
                         FDCE                                         r  uop_p2_q_reg[use_shift]/C
  -------------------------------------------------------------------    -------------------
                         FDCE (Prop_fdce_C_Q)         0.433     1.220 r  uop_p2_q_reg[use_shift]/Q
                         net (fo=9, unplaced)         0.281     1.501    i_vrf/uop_p2_q_reg[use_shift]__0
                         LUT2 (Prop_lut2_I1_O)        0.232     1.733 r  i_vrf/lane_result_q[3][63]_i_21/O
                         net (fo=509, unplaced)       0.668     2.401    i_vrf/lane_shift_valid[0]
                         LUT6 (Prop_lut6_I0_O)        0.105     2.506 r  i_vrf/lane_result_q[1][61]_i_8/O
                         net (fo=1, unplaced)         0.938     3.444    i_vrf/lane_result_q[1][61]_i_8_n_0
                         LUT6 (Prop_lut6_I0_O)        0.105     3.549 r  i_vrf/lane_result_q[1][61]_i_6/O
                         net (fo=1, unplaced)         0.528     4.077    i_vrf/lane_result_q[1][61]_i_6_n_0
                         LUT6 (Prop_lut6_I0_O)        0.105     4.182 r  i_vrf/lane_result_q[1][61]_i_5/O
                         net (fo=1, unplaced)         0.347     4.529    i_vrf/lane_shift_result[1][61]
                         LUT6 (Prop_lut6_I4_O)        0.105     4.634 r  i_vrf/lane_result_q[1][61]_i_1/O
                         net (fo=1, unplaced)         0.000     4.634    i_vrf_n_114
                         FDCE                                         r  lane_result_q_reg[1][61]/D
  -------------------------------------------------------------------    -------------------

                         (clock clk_i rise edge)      5.714     5.714 r  
                                                      0.000     5.714 r  clk_i (IN)
                         net (fo=2875, unset)         0.748     6.462    clk_i
                         FDCE                                         r  lane_result_q_reg[1][61]/C
                         clock pessimism              0.000     6.462    
                         clock uncertainty           -0.035     6.426    
                         FDCE (Setup_fdce_C_D)        0.072     6.498    lane_result_q_reg[1][61]
  -------------------------------------------------------------------
                         required time                          6.498    
                         arrival time                          -4.634    
  -------------------------------------------------------------------
                         slack                                  1.864    

Slack (MET) :             1.864ns  (required time - arrival time)
  Source:                 uop_p2_q_reg[use_shift]/C
                            (rising edge-triggered cell FDCE clocked by clk_i  {rise@0.000ns fall@2.857ns period=5.714ns})
  Destination:            lane_result_q_reg[2][56]/D
                            (rising edge-triggered cell FDCE clocked by clk_i  {rise@0.000ns fall@2.857ns period=5.714ns})
  Path Group:             clk_i
  Path Type:              Setup (Max at Slow Process Corner)
  Requirement:            5.714ns  (clk_i rise@5.714ns - clk_i rise@0.000ns)
  Data Path Delay:        3.847ns  (logic 1.085ns (28.204%)  route 2.762ns (71.796%))
  Logic Levels:           5  (LUT2=1 LUT5=1 LUT6=3)
  Clock Path Skew:        -0.039ns (DCD - SCD + CPR)
    Destination Clock Delay (DCD):    0.748ns = ( 6.462 - 5.714 ) 
    Source Clock Delay      (SCD):    0.787ns
    Clock Pessimism Removal (CPR):    0.000ns
  Clock Uncertainty:      0.035ns  ((TSJ^2 + TIJ^2)^1/2 + DJ) / 2 + PE
    Total System Jitter     (TSJ):    0.071ns
    Total Input Jitter      (TIJ):    0.000ns
    Discrete Jitter          (DJ):    0.000ns
    Phase Error              (PE):    0.000ns

    Location             Delay type                Incr(ns)  Path(ns)    Netlist Resource(s)
  -------------------------------------------------------------------    -------------------
                         (clock clk_i rise edge)      0.000     0.000 r  
                                                      0.000     0.000 r  clk_i (IN)
                         net (fo=2875, unset)         0.787     0.787    clk_i
                         FDCE                                         r  uop_p2_q_reg[use_shift]/C
  -------------------------------------------------------------------    -------------------
                         FDCE (Prop_fdce_C_Q)         0.433     1.220 r  uop_p2_q_reg[use_shift]/Q
                         net (fo=9, unplaced)         0.281     1.501    i_vrf/uop_p2_q_reg[use_shift]__0
                         LUT2 (Prop_lut2_I1_O)        0.232     1.733 r  i_vrf/lane_result_q[3][63]_i_21/O
                         net (fo=509, unplaced)       0.668     2.401    i_vrf/lane_shift_valid[0]
                         LUT6 (Prop_lut6_I0_O)        0.105     2.506 r  i_vrf/lane_result_q[2][56]_i_7/O
                         net (fo=1, unplaced)         0.938     3.444    i_vrf/lane_shift_a[52]
                         LUT6 (Prop_lut6_I0_O)        0.105     3.549 r  i_vrf/lane_result_q[2][56]_i_5/O
                         net (fo=1, unplaced)         0.528     4.077    i_vrf/lane_result_q[2][56]_i_5_n_0
                         LUT6 (Prop_lut6_I0_O)        0.105     4.182 r  i_vrf/lane_result_q[2][56]_i_3/O
                         net (fo=1, unplaced)         0.347     4.529    i_vrf/lane_shift_result[2][56]
                         LUT5 (Prop_lut5_I2_O)        0.105     4.634 r  i_vrf/lane_result_q[2][56]_i_1/O
                         net (fo=1, unplaced)         0.000     4.634    i_vrf_n_229
                         FDCE                                         r  lane_result_q_reg[2][56]/D
  -------------------------------------------------------------------    -------------------

                         (clock clk_i rise edge)      5.714     5.714 r  
                                                      0.000     5.714 r  clk_i (IN)
                         net (fo=2875, unset)         0.748     6.462    clk_i
                         FDCE                                         r  lane_result_q_reg[2][56]/C
                         clock pessimism              0.000     6.462    
                         clock uncertainty           -0.035     6.426    
                         FDCE (Setup_fdce_C_D)        0.072     6.498    lane_result_q_reg[2][56]
  -------------------------------------------------------------------
                         required time                          6.498    
                         arrival time                          -4.634    
  -------------------------------------------------------------------
                         slack                                  1.864    

Slack (MET) :             1.864ns  (required time - arrival time)
  Source:                 uop_p2_q_reg[use_shift]/C
                            (rising edge-triggered cell FDCE clocked by clk_i  {rise@0.000ns fall@2.857ns period=5.714ns})
  Destination:            lane_result_q_reg[2][57]/D
                            (rising edge-triggered cell FDCE clocked by clk_i  {rise@0.000ns fall@2.857ns period=5.714ns})
  Path Group:             clk_i
  Path Type:              Setup (Max at Slow Process Corner)
  Requirement:            5.714ns  (clk_i rise@5.714ns - clk_i rise@0.000ns)
  Data Path Delay:        3.847ns  (logic 1.085ns (28.204%)  route 2.762ns (71.796%))
  Logic Levels:           5  (LUT2=1 LUT5=1 LUT6=3)
  Clock Path Skew:        -0.039ns (DCD - SCD + CPR)
    Destination Clock Delay (DCD):    0.748ns = ( 6.462 - 5.714 ) 
    Source Clock Delay      (SCD):    0.787ns
    Clock Pessimism Removal (CPR):    0.000ns
  Clock Uncertainty:      0.035ns  ((TSJ^2 + TIJ^2)^1/2 + DJ) / 2 + PE
    Total System Jitter     (TSJ):    0.071ns
    Total Input Jitter      (TIJ):    0.000ns
    Discrete Jitter          (DJ):    0.000ns
    Phase Error              (PE):    0.000ns

    Location             Delay type                Incr(ns)  Path(ns)    Netlist Resource(s)
  -------------------------------------------------------------------    -------------------
                         (clock clk_i rise edge)      0.000     0.000 r  
                                                      0.000     0.000 r  clk_i (IN)
                         net (fo=2875, unset)         0.787     0.787    clk_i
                         FDCE                                         r  uop_p2_q_reg[use_shift]/C
  -------------------------------------------------------------------    -------------------
                         FDCE (Prop_fdce_C_Q)         0.433     1.220 r  uop_p2_q_reg[use_shift]/Q
                         net (fo=9, unplaced)         0.281     1.501    i_vrf/uop_p2_q_reg[use_shift]__0
                         LUT2 (Prop_lut2_I1_O)        0.232     1.733 r  i_vrf/lane_result_q[3][63]_i_21/O
                         net (fo=509, unplaced)       0.668     2.401    i_vrf/lane_shift_valid[0]
                         LUT6 (Prop_lut6_I0_O)        0.105     2.506 r  i_vrf/lane_result_q[2][57]_i_7/O
                         net (fo=1, unplaced)         0.938     3.444    i_vrf/lane_shift_a[53]
                         LUT6 (Prop_lut6_I0_O)        0.105     3.549 r  i_vrf/lane_result_q[2][57]_i_5/O
                         net (fo=1, unplaced)         0.528     4.077    i_vrf/lane_result_q[2][57]_i_5_n_0
                         LUT6 (Prop_lut6_I0_O)        0.105     4.182 r  i_vrf/lane_result_q[2][57]_i_3/O
                         net (fo=1, unplaced)         0.347     4.529    i_vrf/lane_shift_result[2][57]
                         LUT5 (Prop_lut5_I2_O)        0.105     4.634 r  i_vrf/lane_result_q[2][57]_i_1/O
                         net (fo=1, unplaced)         0.000     4.634    i_vrf_n_228
                         FDCE                                         r  lane_result_q_reg[2][57]/D
  -------------------------------------------------------------------    -------------------

                         (clock clk_i rise edge)      5.714     5.714 r  
                                                      0.000     5.714 r  clk_i (IN)
                         net (fo=2875, unset)         0.748     6.462    clk_i
                         FDCE                                         r  lane_result_q_reg[2][57]/C
                         clock pessimism              0.000     6.462    
                         clock uncertainty           -0.035     6.426    
                         FDCE (Setup_fdce_C_D)        0.072     6.498    lane_result_q_reg[2][57]
  -------------------------------------------------------------------
                         required time                          6.498    
                         arrival time                          -4.634    
  -------------------------------------------------------------------
                         slack                                  1.864    

Slack (MET) :             1.864ns  (required time - arrival time)
  Source:                 uop_p2_q_reg[use_shift]/C
                            (rising edge-triggered cell FDCE clocked by clk_i  {rise@0.000ns fall@2.857ns period=5.714ns})
  Destination:            lane_result_q_reg[2][58]/D
                            (rising edge-triggered cell FDCE clocked by clk_i  {rise@0.000ns fall@2.857ns period=5.714ns})
  Path Group:             clk_i
  Path Type:              Setup (Max at Slow Process Corner)
  Requirement:            5.714ns  (clk_i rise@5.714ns - clk_i rise@0.000ns)
  Data Path Delay:        3.847ns  (logic 1.085ns (28.204%)  route 2.762ns (71.796%))
  Logic Levels:           5  (LUT2=1 LUT6=4)
  Clock Path Skew:        -0.039ns (DCD - SCD + CPR)
    Destination Clock Delay (DCD):    0.748ns = ( 6.462 - 5.714 ) 
    Source Clock Delay      (SCD):    0.787ns
    Clock Pessimism Removal (CPR):    0.000ns
  Clock Uncertainty:      0.035ns  ((TSJ^2 + TIJ^2)^1/2 + DJ) / 2 + PE
    Total System Jitter     (TSJ):    0.071ns
    Total Input Jitter      (TIJ):    0.000ns
    Discrete Jitter          (DJ):    0.000ns
    Phase Error              (PE):    0.000ns

    Location             Delay type                Incr(ns)  Path(ns)    Netlist Resource(s)
  -------------------------------------------------------------------    -------------------
                         (clock clk_i rise edge)      0.000     0.000 r  
                                                      0.000     0.000 r  clk_i (IN)
                         net (fo=2875, unset)         0.787     0.787    clk_i
                         FDCE                                         r  uop_p2_q_reg[use_shift]/C
  -------------------------------------------------------------------    -------------------
                         FDCE (Prop_fdce_C_Q)         0.433     1.220 r  uop_p2_q_reg[use_shift]/Q
                         net (fo=9, unplaced)         0.281     1.501    i_vrf/uop_p2_q_reg[use_shift]__0
                         LUT2 (Prop_lut2_I1_O)        0.232     1.733 r  i_vrf/lane_result_q[3][63]_i_21/O
                         net (fo=509, unplaced)       0.668     2.401    i_vrf/lane_shift_valid[0]
                         LUT6 (Prop_lut6_I0_O)        0.105     2.506 r  i_vrf/lane_result_q[2][58]_i_8/O
                         net (fo=1, unplaced)         0.938     3.444    i_vrf/lane_shift_a[54]
                         LUT6 (Prop_lut6_I0_O)        0.105     3.549 r  i_vrf/lane_result_q[2][58]_i_6/O
                         net (fo=1, unplaced)         0.528     4.077    i_vrf/lane_result_q[2][58]_i_6_n_0
                         LUT6 (Prop_lut6_I0_O)        0.105     4.182 r  i_vrf/lane_result_q[2][58]_i_5/O
                         net (fo=1, unplaced)         0.347     4.529    i_vrf/lane_shift_result[2][58]
                         LUT6 (Prop_lut6_I4_O)        0.105     4.634 r  i_vrf/lane_result_q[2][58]_i_1/O
                         net (fo=1, unplaced)         0.000     4.634    i_vrf_n_227
                         FDCE                                         r  lane_result_q_reg[2][58]/D
  -------------------------------------------------------------------    -------------------

                         (clock clk_i rise edge)      5.714     5.714 r  
                                                      0.000     5.714 r  clk_i (IN)
                         net (fo=2875, unset)         0.748     6.462    clk_i
                         FDCE                                         r  lane_result_q_reg[2][58]/C
                         clock pessimism              0.000     6.462    
                         clock uncertainty           -0.035     6.426    
                         FDCE (Setup_fdce_C_D)        0.072     6.498    lane_result_q_reg[2][58]
  -------------------------------------------------------------------
                         required time                          6.498    
                         arrival time                          -4.634    
  -------------------------------------------------------------------
                         slack                                  1.864    

Slack (MET) :             1.864ns  (required time - arrival time)
  Source:                 uop_p2_q_reg[use_shift]/C
                            (rising edge-triggered cell FDCE clocked by clk_i  {rise@0.000ns fall@2.857ns period=5.714ns})
  Destination:            lane_result_q_reg[2][59]/D
                            (rising edge-triggered cell FDCE clocked by clk_i  {rise@0.000ns fall@2.857ns period=5.714ns})
  Path Group:             clk_i
  Path Type:              Setup (Max at Slow Process Corner)
  Requirement:            5.714ns  (clk_i rise@5.714ns - clk_i rise@0.000ns)
  Data Path Delay:        3.847ns  (logic 1.085ns (28.204%)  route 2.762ns (71.796%))
  Logic Levels:           5  (LUT2=1 LUT5=1 LUT6=3)
  Clock Path Skew:        -0.039ns (DCD - SCD + CPR)
    Destination Clock Delay (DCD):    0.748ns = ( 6.462 - 5.714 ) 
    Source Clock Delay      (SCD):    0.787ns
    Clock Pessimism Removal (CPR):    0.000ns
  Clock Uncertainty:      0.035ns  ((TSJ^2 + TIJ^2)^1/2 + DJ) / 2 + PE
    Total System Jitter     (TSJ):    0.071ns
    Total Input Jitter      (TIJ):    0.000ns
    Discrete Jitter          (DJ):    0.000ns
    Phase Error              (PE):    0.000ns

    Location             Delay type                Incr(ns)  Path(ns)    Netlist Resource(s)
  -------------------------------------------------------------------    -------------------
                         (clock clk_i rise edge)      0.000     0.000 r  
                                                      0.000     0.000 r  clk_i (IN)
                         net (fo=2875, unset)         0.787     0.787    clk_i
                         FDCE                                         r  uop_p2_q_reg[use_shift]/C
  -------------------------------------------------------------------    -------------------
                         FDCE (Prop_fdce_C_Q)         0.433     1.220 r  uop_p2_q_reg[use_shift]/Q
                         net (fo=9, unplaced)         0.281     1.501    i_vrf/uop_p2_q_reg[use_shift]__0
                         LUT2 (Prop_lut2_I1_O)        0.232     1.733 r  i_vrf/lane_result_q[3][63]_i_21/O
                         net (fo=509, unplaced)       0.668     2.401    i_vrf/lane_shift_valid[0]
                         LUT6 (Prop_lut6_I0_O)        0.105     2.506 r  i_vrf/lane_result_q[2][59]_i_9/O
                         net (fo=1, unplaced)         0.938     3.444    i_vrf/lane_shift_a[55]
                         LUT6 (Prop_lut6_I0_O)        0.105     3.549 r  i_vrf/lane_result_q[2][59]_i_6/O
                         net (fo=1, unplaced)         0.528     4.077    i_vrf/lane_result_q[2][59]_i_6_n_0
                         LUT6 (Prop_lut6_I0_O)        0.105     4.182 r  i_vrf/lane_result_q[2][59]_i_3/O
                         net (fo=1, unplaced)         0.347     4.529    i_vrf/lane_shift_result[2][59]
                         LUT5 (Prop_lut5_I2_O)        0.105     4.634 r  i_vrf/lane_result_q[2][59]_i_1/O
                         net (fo=1, unplaced)         0.000     4.634    i_vrf_n_226
                         FDCE                                         r  lane_result_q_reg[2][59]/D
  -------------------------------------------------------------------    -------------------

                         (clock clk_i rise edge)      5.714     5.714 r  
                                                      0.000     5.714 r  clk_i (IN)
                         net (fo=2875, unset)         0.748     6.462    clk_i
                         FDCE                                         r  lane_result_q_reg[2][59]/C
                         clock pessimism              0.000     6.462    
                         clock uncertainty           -0.035     6.426    
                         FDCE (Setup_fdce_C_D)        0.072     6.498    lane_result_q_reg[2][59]
  -------------------------------------------------------------------
                         required time                          6.498    
                         arrival time                          -4.634    
  -------------------------------------------------------------------
                         slack                                  1.864    

Slack (MET) :             1.864ns  (required time - arrival time)
  Source:                 uop_p2_q_reg[use_shift]/C
                            (rising edge-triggered cell FDCE clocked by clk_i  {rise@0.000ns fall@2.857ns period=5.714ns})
  Destination:            lane_result_q_reg[2][60]/D
                            (rising edge-triggered cell FDCE clocked by clk_i  {rise@0.000ns fall@2.857ns period=5.714ns})
  Path Group:             clk_i
  Path Type:              Setup (Max at Slow Process Corner)
  Requirement:            5.714ns  (clk_i rise@5.714ns - clk_i rise@0.000ns)
  Data Path Delay:        3.847ns  (logic 1.085ns (28.204%)  route 2.762ns (71.796%))
  Logic Levels:           5  (LUT2=1 LUT5=1 LUT6=3)
  Clock Path Skew:        -0.039ns (DCD - SCD + CPR)
    Destination Clock Delay (DCD):    0.748ns = ( 6.462 - 5.714 ) 
    Source Clock Delay      (SCD):    0.787ns
    Clock Pessimism Removal (CPR):    0.000ns
  Clock Uncertainty:      0.035ns  ((TSJ^2 + TIJ^2)^1/2 + DJ) / 2 + PE
    Total System Jitter     (TSJ):    0.071ns
    Total Input Jitter      (TIJ):    0.000ns
    Discrete Jitter          (DJ):    0.000ns
    Phase Error              (PE):    0.000ns

    Location             Delay type                Incr(ns)  Path(ns)    Netlist Resource(s)
  -------------------------------------------------------------------    -------------------
                         (clock clk_i rise edge)      0.000     0.000 r  
                                                      0.000     0.000 r  clk_i (IN)
                         net (fo=2875, unset)         0.787     0.787    clk_i
                         FDCE                                         r  uop_p2_q_reg[use_shift]/C
  -------------------------------------------------------------------    -------------------
                         FDCE (Prop_fdce_C_Q)         0.433     1.220 r  uop_p2_q_reg[use_shift]/Q
                         net (fo=9, unplaced)         0.281     1.501    i_vrf/uop_p2_q_reg[use_shift]__0
                         LUT2 (Prop_lut2_I1_O)        0.232     1.733 r  i_vrf/lane_result_q[3][63]_i_21/O
                         net (fo=509, unplaced)       0.668     2.401    i_vrf/lane_shift_valid[0]
                         LUT6 (Prop_lut6_I0_O)        0.105     2.506 r  i_vrf/lane_result_q[2][60]_i_7/O
                         net (fo=1, unplaced)         0.938     3.444    i_vrf/lane_shift_a[56]
                         LUT6 (Prop_lut6_I0_O)        0.105     3.549 r  i_vrf/lane_result_q[2][60]_i_5/O
                         net (fo=1, unplaced)         0.528     4.077    i_vrf/lane_result_q[2][60]_i_5_n_0
                         LUT6 (Prop_lut6_I0_O)        0.105     4.182 r  i_vrf/lane_result_q[2][60]_i_3/O
                         net (fo=1, unplaced)         0.347     4.529    i_vrf/lane_shift_result[2][60]
                         LUT5 (Prop_lut5_I2_O)        0.105     4.634 r  i_vrf/lane_result_q[2][60]_i_1/O
                         net (fo=1, unplaced)         0.000     4.634    i_vrf_n_225
                         FDCE                                         r  lane_result_q_reg[2][60]/D
  -------------------------------------------------------------------    -------------------

                         (clock clk_i rise edge)      5.714     5.714 r  
                                                      0.000     5.714 r  clk_i (IN)
                         net (fo=2875, unset)         0.748     6.462    clk_i
                         FDCE                                         r  lane_result_q_reg[2][60]/C
                         clock pessimism              0.000     6.462    
                         clock uncertainty           -0.035     6.426    
                         FDCE (Setup_fdce_C_D)        0.072     6.498    lane_result_q_reg[2][60]
  -------------------------------------------------------------------
                         required time                          6.498    
                         arrival time                          -4.634    
  -------------------------------------------------------------------
                         slack                                  1.864    

Slack (MET) :             1.864ns  (required time - arrival time)
  Source:                 uop_p2_q_reg[use_shift]/C
                            (rising edge-triggered cell FDCE clocked by clk_i  {rise@0.000ns fall@2.857ns period=5.714ns})
  Destination:            lane_result_q_reg[2][61]/D
                            (rising edge-triggered cell FDCE clocked by clk_i  {rise@0.000ns fall@2.857ns period=5.714ns})
  Path Group:             clk_i
  Path Type:              Setup (Max at Slow Process Corner)
  Requirement:            5.714ns  (clk_i rise@5.714ns - clk_i rise@0.000ns)
  Data Path Delay:        3.847ns  (logic 1.085ns (28.204%)  route 2.762ns (71.796%))
  Logic Levels:           5  (LUT2=1 LUT6=4)
  Clock Path Skew:        -0.039ns (DCD - SCD + CPR)
    Destination Clock Delay (DCD):    0.748ns = ( 6.462 - 5.714 ) 
    Source Clock Delay      (SCD):    0.787ns
    Clock Pessimism Removal (CPR):    0.000ns
  Clock Uncertainty:      0.035ns  ((TSJ^2 + TIJ^2)^1/2 + DJ) / 2 + PE
    Total System Jitter     (TSJ):    0.071ns
    Total Input Jitter      (TIJ):    0.000ns
    Discrete Jitter          (DJ):    0.000ns
    Phase Error              (PE):    0.000ns

    Location             Delay type                Incr(ns)  Path(ns)    Netlist Resource(s)
  -------------------------------------------------------------------    -------------------
                         (clock clk_i rise edge)      0.000     0.000 r  
                                                      0.000     0.000 r  clk_i (IN)
                         net (fo=2875, unset)         0.787     0.787    clk_i
                         FDCE                                         r  uop_p2_q_reg[use_shift]/C
  -------------------------------------------------------------------    -------------------
                         FDCE (Prop_fdce_C_Q)         0.433     1.220 r  uop_p2_q_reg[use_shift]/Q
                         net (fo=9, unplaced)         0.281     1.501    i_vrf/uop_p2_q_reg[use_shift]__0
                         LUT2 (Prop_lut2_I1_O)        0.232     1.733 r  i_vrf/lane_result_q[3][63]_i_21/O
                         net (fo=509, unplaced)       0.668     2.401    i_vrf/lane_shift_valid[0]
                         LUT6 (Prop_lut6_I0_O)        0.105     2.506 r  i_vrf/lane_result_q[2][61]_i_8/O
                         net (fo=1, unplaced)         0.938     3.444    i_vrf/lane_shift_a[57]
                         LUT6 (Prop_lut6_I0_O)        0.105     3.549 r  i_vrf/lane_result_q[2][61]_i_6/O
                         net (fo=1, unplaced)         0.528     4.077    i_vrf/lane_result_q[2][61]_i_6_n_0
                         LUT6 (Prop_lut6_I0_O)        0.105     4.182 r  i_vrf/lane_result_q[2][61]_i_5/O
                         net (fo=1, unplaced)         0.347     4.529    i_vrf/lane_shift_result[2][61]
                         LUT6 (Prop_lut6_I4_O)        0.105     4.634 r  i_vrf/lane_result_q[2][61]_i_1/O
                         net (fo=1, unplaced)         0.000     4.634    i_vrf_n_224
                         FDCE                                         r  lane_result_q_reg[2][61]/D
  -------------------------------------------------------------------    -------------------

                         (clock clk_i rise edge)      5.714     5.714 r  
                                                      0.000     5.714 r  clk_i (IN)
                         net (fo=2875, unset)         0.748     6.462    clk_i
                         FDCE                                         r  lane_result_q_reg[2][61]/C
                         clock pessimism              0.000     6.462    
                         clock uncertainty           -0.035     6.426    
                         FDCE (Setup_fdce_C_D)        0.072     6.498    lane_result_q_reg[2][61]
  -------------------------------------------------------------------
                         required time                          6.498    
                         arrival time                          -4.634    
  -------------------------------------------------------------------
                         slack                                  1.864    

Slack (MET) :             1.893ns  (required time - arrival time)
  Source:                 uop_p2_q_reg[use_shift]/C
                            (rising edge-triggered cell FDCE clocked by clk_i  {rise@0.000ns fall@2.857ns period=5.714ns})
  Destination:            lane_result_q_reg[3][20]/D
                            (rising edge-triggered cell FDCE clocked by clk_i  {rise@0.000ns fall@2.857ns period=5.714ns})
  Path Group:             clk_i
  Path Type:              Setup (Max at Slow Process Corner)
  Requirement:            5.714ns  (clk_i rise@5.714ns - clk_i rise@0.000ns)
  Data Path Delay:        3.850ns  (logic 1.286ns (33.403%)  route 2.564ns (66.597%))
  Logic Levels:           6  (LUT3=1 LUT5=1 LUT6=3 MUXF7=1)
  Clock Path Skew:        -0.039ns (DCD - SCD + CPR)
    Destination Clock Delay (DCD):    0.748ns = ( 6.462 - 5.714 ) 
    Source Clock Delay      (SCD):    0.787ns
    Clock Pessimism Removal (CPR):    0.000ns
  Clock Uncertainty:      0.035ns  ((TSJ^2 + TIJ^2)^1/2 + DJ) / 2 + PE
    Total System Jitter     (TSJ):    0.071ns
    Total Input Jitter      (TIJ):    0.000ns
    Discrete Jitter          (DJ):    0.000ns
    Phase Error              (PE):    0.000ns

    Location             Delay type                Incr(ns)  Path(ns)    Netlist Resource(s)
  -------------------------------------------------------------------    -------------------
                         (clock clk_i rise edge)      0.000     0.000 r  
                                                      0.000     0.000 r  clk_i (IN)
                         net (fo=2875, unset)         0.787     0.787    clk_i
                         FDCE                                         r  uop_p2_q_reg[use_shift]/C
  -------------------------------------------------------------------    -------------------
                         FDCE (Prop_fdce_C_Q)         0.433     1.220 f  uop_p2_q_reg[use_shift]/Q
                         net (fo=9, unplaced)         0.281     1.501    i_vrf/uop_p2_q_reg[use_shift]__0
                         LUT3 (Prop_lut3_I2_O)        0.232     1.733 r  i_vrf/lane_result_q[3][63]_i_40/O
                         net (fo=4, unplaced)         0.552     2.285    i_vrf/lane_result_q[3][63]_i_40_n_0
                         LUT6 (Prop_lut6_I0_O)        0.105     2.390 r  i_vrf/lane_result_q[3][60]_i_10/O
                         net (fo=135, unplaced)       0.435     2.825    i_vrf/lane_result_q[3][60]_i_10_n_0
                         LUT6 (Prop_lut6_I2_O)        0.105     2.930 r  i_vrf/lane_result_q[3][20]_i_12/O
                         net (fo=2, unplaced)         0.949     3.879    i_vrf/lane_result_q[3][20]_i_12_n_0
                         LUT6 (Prop_lut6_I1_O)        0.105     3.984 r  i_vrf/lane_result_q[3][20]_i_5/O
                         net (fo=1, unplaced)         0.347     4.331    i_vrf/lane_result_q[3][20]_i_5_n_0
                         LUT5 (Prop_lut5_I2_O)        0.105     4.436 r  i_vrf/lane_result_q[3][20]_i_2/O
                         net (fo=1, unplaced)         0.000     4.436    i_vrf/lane_result_q[3][20]_i_2_n_0
                         MUXF7 (Prop_muxf7_I0_O)      0.201     4.637 r  i_vrf/lane_result_q_reg[3][20]_i_1/O
                         net (fo=1, unplaced)         0.000     4.637    i_vrf_n_375
                         FDCE                                         r  lane_result_q_reg[3][20]/D
  -------------------------------------------------------------------    -------------------

                         (clock clk_i rise edge)      5.714     5.714 r  
                                                      0.000     5.714 r  clk_i (IN)
                         net (fo=2875, unset)         0.748     6.462    clk_i
                         FDCE                                         r  lane_result_q_reg[3][20]/C
                         clock pessimism              0.000     6.462    
                         clock uncertainty           -0.035     6.426    
                         FDCE (Setup_fdce_C_D)        0.104     6.530    lane_result_q_reg[3][20]
  -------------------------------------------------------------------
                         required time                          6.530    
                         arrival time                          -4.637    
  -------------------------------------------------------------------
                         slack                                  1.893    

Slack (MET) :             1.893ns  (required time - arrival time)
  Source:                 uop_p2_q_reg[use_shift]/C
                            (rising edge-triggered cell FDCE clocked by clk_i  {rise@0.000ns fall@2.857ns period=5.714ns})
  Destination:            lane_result_q_reg[3][4]/D
                            (rising edge-triggered cell FDCE clocked by clk_i  {rise@0.000ns fall@2.857ns period=5.714ns})
  Path Group:             clk_i
  Path Type:              Setup (Max at Slow Process Corner)
  Requirement:            5.714ns  (clk_i rise@5.714ns - clk_i rise@0.000ns)
  Data Path Delay:        3.850ns  (logic 1.286ns (33.403%)  route 2.564ns (66.597%))
  Logic Levels:           6  (LUT3=1 LUT5=1 LUT6=3 MUXF7=1)
  Clock Path Skew:        -0.039ns (DCD - SCD + CPR)
    Destination Clock Delay (DCD):    0.748ns = ( 6.462 - 5.714 ) 
    Source Clock Delay      (SCD):    0.787ns
    Clock Pessimism Removal (CPR):    0.000ns
  Clock Uncertainty:      0.035ns  ((TSJ^2 + TIJ^2)^1/2 + DJ) / 2 + PE
    Total System Jitter     (TSJ):    0.071ns
    Total Input Jitter      (TIJ):    0.000ns
    Discrete Jitter          (DJ):    0.000ns
    Phase Error              (PE):    0.000ns

    Location             Delay type                Incr(ns)  Path(ns)    Netlist Resource(s)
  -------------------------------------------------------------------    -------------------
                         (clock clk_i rise edge)      0.000     0.000 r  
                                                      0.000     0.000 r  clk_i (IN)
                         net (fo=2875, unset)         0.787     0.787    clk_i
                         FDCE                                         r  uop_p2_q_reg[use_shift]/C
  -------------------------------------------------------------------    -------------------
                         FDCE (Prop_fdce_C_Q)         0.433     1.220 f  uop_p2_q_reg[use_shift]/Q
                         net (fo=9, unplaced)         0.281     1.501    i_vrf/uop_p2_q_reg[use_shift]__0
                         LUT3 (Prop_lut3_I2_O)        0.232     1.733 r  i_vrf/lane_result_q[3][63]_i_40/O
                         net (fo=4, unplaced)         0.552     2.285    i_vrf/lane_result_q[3][63]_i_40_n_0
                         LUT6 (Prop_lut6_I0_O)        0.105     2.390 r  i_vrf/lane_result_q[3][60]_i_10/O
                         net (fo=135, unplaced)       0.435     2.825    i_vrf/lane_result_q[3][60]_i_10_n_0
                         LUT6 (Prop_lut6_I2_O)        0.105     2.930 r  i_vrf/lane_result_q[3][20]_i_14/O
                         net (fo=2, unplaced)         0.949     3.879    i_vrf/lane_result_q[3][20]_i_14_n_0
                         LUT6 (Prop_lut6_I1_O)        0.105     3.984 r  i_vrf/lane_result_q[3][4]_i_5/O
                         net (fo=1, unplaced)         0.347     4.331    i_vrf/lane_result_q[3][4]_i_5_n_0
                         LUT5 (Prop_lut5_I2_O)        0.105     4.436 r  i_vrf/lane_result_q[3][4]_i_2/O
                         net (fo=1, unplaced)         0.000     4.436    i_vrf/lane_result_q[3][4]_i_2_n_0
                         MUXF7 (Prop_muxf7_I0_O)      0.201     4.637 r  i_vrf/lane_result_q_reg[3][4]_i_1/O
                         net (fo=1, unplaced)         0.000     4.637    i_vrf_n_391
                         FDCE                                         r  lane_result_q_reg[3][4]/D
  -------------------------------------------------------------------    -------------------

                         (clock clk_i rise edge)      5.714     5.714 r  
                                                      0.000     5.714 r  clk_i (IN)
                         net (fo=2875, unset)         0.748     6.462    clk_i
                         FDCE                                         r  lane_result_q_reg[3][4]/C
                         clock pessimism              0.000     6.462    
                         clock uncertainty           -0.035     6.426    
                         FDCE (Setup_fdce_C_D)        0.104     6.530    lane_result_q_reg[3][4]
  -------------------------------------------------------------------
                         required time                          6.530    
                         arrival time                          -4.637    
  -------------------------------------------------------------------
                         slack                                  1.893    

Slack (MET) :             1.904ns  (required time - arrival time)
  Source:                 uop_p2_q_reg[use_shift]/C
                            (rising edge-triggered cell FDCE clocked by clk_i  {rise@0.000ns fall@2.857ns period=5.714ns})
  Destination:            lane_result_q_reg[0][52]/D
                            (rising edge-triggered cell FDCE clocked by clk_i  {rise@0.000ns fall@2.857ns period=5.714ns})
  Path Group:             clk_i
  Path Type:              Setup (Max at Slow Process Corner)
  Requirement:            5.714ns  (clk_i rise@5.714ns - clk_i rise@0.000ns)
  Data Path Delay:        3.839ns  (logic 1.286ns (33.498%)  route 2.553ns (66.502%))
  Logic Levels:           6  (LUT3=1 LUT5=1 LUT6=3 MUXF7=1)
  Clock Path Skew:        -0.039ns (DCD - SCD + CPR)
    Destination Clock Delay (DCD):    0.748ns = ( 6.462 - 5.714 ) 
    Source Clock Delay      (SCD):    0.787ns
    Clock Pessimism Removal (CPR):    0.000ns
  Clock Uncertainty:      0.035ns  ((TSJ^2 + TIJ^2)^1/2 + DJ) / 2 + PE
    Total System Jitter     (TSJ):    0.071ns
    Total Input Jitter      (TIJ):    0.000ns
    Discrete Jitter          (DJ):    0.000ns
    Phase Error              (PE):    0.000ns

    Location             Delay type                Incr(ns)  Path(ns)    Netlist Resource(s)
  -------------------------------------------------------------------    -------------------
                         (clock clk_i rise edge)      0.000     0.000 r  
                                                      0.000     0.000 r  clk_i (IN)
                         net (fo=2875, unset)         0.787     0.787    clk_i
                         FDCE                                         r  uop_p2_q_reg[use_shift]/C
  -------------------------------------------------------------------    -------------------
                         FDCE (Prop_fdce_C_Q)         0.433     1.220 f  uop_p2_q_reg[use_shift]/Q
                         net (fo=9, unplaced)         0.281     1.501    i_vrf/uop_p2_q_reg[use_shift]__0
                         LUT3 (Prop_lut3_I2_O)        0.232     1.733 r  i_vrf/lane_result_q[3][63]_i_40/O
                         net (fo=4, unplaced)         0.552     2.285    i_vrf/lane_result_q[3][63]_i_40_n_0
                         LUT6 (Prop_lut6_I0_O)        0.105     2.390 r  i_vrf/lane_result_q[3][60]_i_10/O
                         net (fo=135, unplaced)       0.435     2.825    i_vrf/lane_result_q[3][60]_i_10_n_0
                         LUT6 (Prop_lut6_I2_O)        0.105     2.930 r  i_vrf/lane_result_q[0][52]_i_11/O
                         net (fo=1, unplaced)         0.938     3.868    i_vrf/lane_result_q[0][52]_i_11_n_0
                         LUT6 (Prop_lut6_I1_O)        0.105     3.973 r  i_vrf/lane_result_q[0][52]_i_5/O
                         net (fo=1, unplaced)         0.347     4.320    i_vrf/lane_result_q[0][52]_i_5_n_0
                         LUT5 (Prop_lut5_I2_O)        0.105     4.425 r  i_vrf/lane_result_q[0][52]_i_2/O
                         net (fo=1, unplaced)         0.000     4.425    i_vrf/lane_result_q[0][52]_i_2_n_0
                         MUXF7 (Prop_muxf7_I0_O)      0.201     4.626 r  i_vrf/lane_result_q_reg[0][52]_i_1/O
                         net (fo=1, unplaced)         0.000     4.626    i_vrf_n_11
                         FDCE                                         r  lane_result_q_reg[0][52]/D
  -------------------------------------------------------------------    -------------------

                         (clock clk_i rise edge)      5.714     5.714 r  
                                                      0.000     5.714 r  clk_i (IN)
                         net (fo=2875, unset)         0.748     6.462    clk_i
                         FDCE                                         r  lane_result_q_reg[0][52]/C
                         clock pessimism              0.000     6.462    
                         clock uncertainty           -0.035     6.426    
                         FDCE (Setup_fdce_C_D)        0.104     6.530    lane_result_q_reg[0][52]
  -------------------------------------------------------------------
                         required time                          6.530    
                         arrival time                          -4.626    
  -------------------------------------------------------------------
                         slack                                  1.904    

Slack (MET) :             1.922ns  (required time - arrival time)
  Source:                 uop_p2_q_reg[use_shift]/C
                            (rising edge-triggered cell FDCE clocked by clk_i  {rise@0.000ns fall@2.857ns period=5.714ns})
  Destination:            lane_result_q_reg[3][21]/D
                            (rising edge-triggered cell FDCE clocked by clk_i  {rise@0.000ns fall@2.857ns period=5.714ns})
  Path Group:             clk_i
  Path Type:              Setup (Max at Slow Process Corner)
  Requirement:            5.714ns  (clk_i rise@5.714ns - clk_i rise@0.000ns)
  Data Path Delay:        3.821ns  (logic 1.286ns (33.656%)  route 2.535ns (66.344%))
  Logic Levels:           6  (LUT3=1 LUT5=1 LUT6=3 MUXF7=1)
  Clock Path Skew:        -0.039ns (DCD - SCD + CPR)
    Destination Clock Delay (DCD):    0.748ns = ( 6.462 - 5.714 ) 
    Source Clock Delay      (SCD):    0.787ns
    Clock Pessimism Removal (CPR):    0.000ns
  Clock Uncertainty:      0.035ns  ((TSJ^2 + TIJ^2)^1/2 + DJ) / 2 + PE
    Total System Jitter     (TSJ):    0.071ns
    Total Input Jitter      (TIJ):    0.000ns
    Discrete Jitter          (DJ):    0.000ns
    Phase Error              (PE):    0.000ns

    Location             Delay type                Incr(ns)  Path(ns)    Netlist Resource(s)
  -------------------------------------------------------------------    -------------------
                         (clock clk_i rise edge)      0.000     0.000 r  
                                                      0.000     0.000 r  clk_i (IN)
                         net (fo=2875, unset)         0.787     0.787    clk_i
                         FDCE                                         r  uop_p2_q_reg[use_shift]/C
  -------------------------------------------------------------------    -------------------
                         FDCE (Prop_fdce_C_Q)         0.433     1.220 f  uop_p2_q_reg[use_shift]/Q
                         net (fo=9, unplaced)         0.281     1.501    i_vrf/uop_p2_q_reg[use_shift]__0
                         LUT3 (Prop_lut3_I2_O)        0.232     1.733 r  i_vrf/lane_result_q[3][63]_i_40/O
                         net (fo=4, unplaced)         0.552     2.285    i_vrf/lane_result_q[3][63]_i_40_n_0
                         LUT6 (Prop_lut6_I0_O)        0.105     2.390 r  i_vrf/lane_result_q[3][61]_i_11/O
                         net (fo=42, unplaced)        0.406     2.796    i_vrf/lane_result_q[3][61]_i_11_n_0
                         LUT6 (Prop_lut6_I2_O)        0.105     2.901 r  i_vrf/lane_result_q[3][21]_i_12/O
                         net (fo=2, unplaced)         0.949     3.850    i_vrf/lane_result_q[3][21]_i_12_n_0
                         LUT6 (Prop_lut6_I1_O)        0.105     3.955 r  i_vrf/lane_result_q[3][21]_i_5/O
                         net (fo=1, unplaced)         0.347     4.302    i_vrf/lane_result_q[3][21]_i_5_n_0
                         LUT5 (Prop_lut5_I2_O)        0.105     4.407 r  i_vrf/lane_result_q[3][21]_i_2/O
                         net (fo=1, unplaced)         0.000     4.407    i_vrf/lane_result_q[3][21]_i_2_n_0
                         MUXF7 (Prop_muxf7_I0_O)      0.201     4.608 r  i_vrf/lane_result_q_reg[3][21]_i_1/O
                         net (fo=1, unplaced)         0.000     4.608    i_vrf_n_374
                         FDCE                                         r  lane_result_q_reg[3][21]/D
  -------------------------------------------------------------------    -------------------

                         (clock clk_i rise edge)      5.714     5.714 r  
                                                      0.000     5.714 r  clk_i (IN)
                         net (fo=2875, unset)         0.748     6.462    clk_i
                         FDCE                                         r  lane_result_q_reg[3][21]/C
                         clock pessimism              0.000     6.462    
                         clock uncertainty           -0.035     6.426    
                         FDCE (Setup_fdce_C_D)        0.104     6.530    lane_result_q_reg[3][21]
  -------------------------------------------------------------------
                         required time                          6.530    
                         arrival time                          -4.608    
  -------------------------------------------------------------------
                         slack                                  1.922    

Slack (MET) :             1.922ns  (required time - arrival time)
  Source:                 uop_p2_q_reg[use_shift]/C
                            (rising edge-triggered cell FDCE clocked by clk_i  {rise@0.000ns fall@2.857ns period=5.714ns})
  Destination:            lane_result_q_reg[3][5]/D
                            (rising edge-triggered cell FDCE clocked by clk_i  {rise@0.000ns fall@2.857ns period=5.714ns})
  Path Group:             clk_i
  Path Type:              Setup (Max at Slow Process Corner)
  Requirement:            5.714ns  (clk_i rise@5.714ns - clk_i rise@0.000ns)
  Data Path Delay:        3.821ns  (logic 1.286ns (33.656%)  route 2.535ns (66.344%))
  Logic Levels:           6  (LUT3=1 LUT5=1 LUT6=3 MUXF7=1)
  Clock Path Skew:        -0.039ns (DCD - SCD + CPR)
    Destination Clock Delay (DCD):    0.748ns = ( 6.462 - 5.714 ) 
    Source Clock Delay      (SCD):    0.787ns
    Clock Pessimism Removal (CPR):    0.000ns
  Clock Uncertainty:      0.035ns  ((TSJ^2 + TIJ^2)^1/2 + DJ) / 2 + PE
    Total System Jitter     (TSJ):    0.071ns
    Total Input Jitter      (TIJ):    0.000ns
    Discrete Jitter          (DJ):    0.000ns
    Phase Error              (PE):    0.000ns

    Location             Delay type                Incr(ns)  Path(ns)    Netlist Resource(s)
  -------------------------------------------------------------------    -------------------
                         (clock clk_i rise edge)      0.000     0.000 r  
                                                      0.000     0.000 r  clk_i (IN)
                         net (fo=2875, unset)         0.787     0.787    clk_i
                         FDCE                                         r  uop_p2_q_reg[use_shift]/C
  -------------------------------------------------------------------    -------------------
                         FDCE (Prop_fdce_C_Q)         0.433     1.220 f  uop_p2_q_reg[use_shift]/Q
                         net (fo=9, unplaced)         0.281     1.501    i_vrf/uop_p2_q_reg[use_shift]__0
                         LUT3 (Prop_lut3_I2_O)        0.232     1.733 r  i_vrf/lane_result_q[3][63]_i_40/O
                         net (fo=4, unplaced)         0.552     2.285    i_vrf/lane_result_q[3][63]_i_40_n_0
                         LUT6 (Prop_lut6_I0_O)        0.105     2.390 r  i_vrf/lane_result_q[3][61]_i_11/O
                         net (fo=42, unplaced)        0.406     2.796    i_vrf/lane_result_q[3][61]_i_11_n_0
                         LUT6 (Prop_lut6_I2_O)        0.105     2.901 r  i_vrf/lane_result_q[3][21]_i_14/O
                         net (fo=2, unplaced)         0.949     3.850    i_vrf/lane_result_q[3][21]_i_14_n_0
                         LUT6 (Prop_lut6_I1_O)        0.105     3.955 r  i_vrf/lane_result_q[3][5]_i_5/O
                         net (fo=1, unplaced)         0.347     4.302    i_vrf/lane_result_q[3][5]_i_5_n_0
                         LUT5 (Prop_lut5_I2_O)        0.105     4.407 r  i_vrf/lane_result_q[3][5]_i_2/O
                         net (fo=1, unplaced)         0.000     4.407    i_vrf/lane_result_q[3][5]_i_2_n_0
                         MUXF7 (Prop_muxf7_I0_O)      0.201     4.608 r  i_vrf/lane_result_q_reg[3][5]_i_1/O
                         net (fo=1, unplaced)         0.000     4.608    i_vrf_n_390
                         FDCE                                         r  lane_result_q_reg[3][5]/D
  -------------------------------------------------------------------    -------------------

                         (clock clk_i rise edge)      5.714     5.714 r  
                                                      0.000     5.714 r  clk_i (IN)
                         net (fo=2875, unset)         0.748     6.462    clk_i
                         FDCE                                         r  lane_result_q_reg[3][5]/C
                         clock pessimism              0.000     6.462    
                         clock uncertainty           -0.035     6.426    
                         FDCE (Setup_fdce_C_D)        0.104     6.530    lane_result_q_reg[3][5]
  -------------------------------------------------------------------
                         required time                          6.530    
                         arrival time                          -4.608    
  -------------------------------------------------------------------
                         slack                                  1.922    

Slack (MET) :             1.931ns  (required time - arrival time)
  Source:                 uop_p2_q_reg[use_shift]/C
                            (rising edge-triggered cell FDCE clocked by clk_i  {rise@0.000ns fall@2.857ns period=5.714ns})
  Destination:            lane_result_q_reg[0][40]/D
                            (rising edge-triggered cell FDCE clocked by clk_i  {rise@0.000ns fall@2.857ns period=5.714ns})
  Path Group:             clk_i
  Path Type:              Setup (Max at Slow Process Corner)
  Requirement:            5.714ns  (clk_i rise@5.714ns - clk_i rise@0.000ns)
  Data Path Delay:        3.780ns  (logic 1.190ns (31.481%)  route 2.590ns (68.519%))
  Logic Levels:           6  (LUT3=1 LUT5=2 LUT6=3)
  Clock Path Skew:        -0.039ns (DCD - SCD + CPR)
    Destination Clock Delay (DCD):    0.748ns = ( 6.462 - 5.714 ) 
    Source Clock Delay      (SCD):    0.787ns
    Clock Pessimism Removal (CPR):    0.000ns
  Clock Uncertainty:      0.035ns  ((TSJ^2 + TIJ^2)^1/2 + DJ) / 2 + PE
    Total System Jitter     (TSJ):    0.071ns
    Total Input Jitter      (TIJ):    0.000ns
    Discrete Jitter          (DJ):    0.000ns
    Phase Error              (PE):    0.000ns

    Location             Delay type                Incr(ns)  Path(ns)    Netlist Resource(s)
  -------------------------------------------------------------------    -------------------
                         (clock clk_i rise edge)      0.000     0.000 r  
                                                      0.000     0.000 r  clk_i (IN)
                         net (fo=2875, unset)         0.787     0.787    clk_i
                         FDCE                                         r  uop_p2_q_reg[use_shift]/C
  -------------------------------------------------------------------    -------------------
                         FDCE (Prop_fdce_C_Q)         0.433     1.220 f  uop_p2_q_reg[use_shift]/Q
                         net (fo=9, unplaced)         0.281     1.501    i_vrf/uop_p2_q_reg[use_shift]__0
                         LUT3 (Prop_lut3_I2_O)        0.232     1.733 r  i_vrf/lane_result_q[3][63]_i_40/O
                         net (fo=4, unplaced)         0.552     2.285    i_vrf/lane_result_q[3][63]_i_40_n_0
                         LUT6 (Prop_lut6_I0_O)        0.105     2.390 r  i_vrf/lane_result_q[3][58]_i_10/O
                         net (fo=156, unplaced)       0.439     2.829    i_vrf/lane_shift_nibble[0]
                         LUT6 (Prop_lut6_I2_O)        0.105     2.934 r  i_vrf/lane_result_q[1][8]_i_6/O
                         net (fo=3, unplaced)         0.365     3.299    i_vrf/lane_result_q[1][8]_i_6_n_0
                         LUT5 (Prop_lut5_I4_O)        0.105     3.404 r  i_vrf/lane_result_q[1][8]_i_5/O
                         net (fo=4, unplaced)         0.606     4.010    i_vrf/lane_result_q[1][8]_i_5_n_0
                         LUT6 (Prop_lut6_I1_O)        0.105     4.115 r  i_vrf/lane_result_q[0][40]_i_3/O
                         net (fo=1, unplaced)         0.347     4.462    i_vrf/lane_shift_result[0][40]
                         LUT5 (Prop_lut5_I2_O)        0.105     4.567 r  i_vrf/lane_result_q[0][40]_i_1/O
                         net (fo=1, unplaced)         0.000     4.567    i_vrf_n_23
                         FDCE                                         r  lane_result_q_reg[0][40]/D
  -------------------------------------------------------------------    -------------------

                         (clock clk_i rise edge)      5.714     5.714 r  
                                                      0.000     5.714 r  clk_i (IN)
                         net (fo=2875, unset)         0.748     6.462    clk_i
                         FDCE                                         r  lane_result_q_reg[0][40]/C
                         clock pessimism              0.000     6.462    
                         clock uncertainty           -0.035     6.426    
                         FDCE (Setup_fdce_C_D)        0.072     6.498    lane_result_q_reg[0][40]
  -------------------------------------------------------------------
                         required time                          6.498    
                         arrival time                          -4.567    
  -------------------------------------------------------------------
                         slack                                  1.931    

Slack (MET) :             1.931ns  (required time - arrival time)
  Source:                 uop_p2_q_reg[use_shift]/C
                            (rising edge-triggered cell FDCE clocked by clk_i  {rise@0.000ns fall@2.857ns period=5.714ns})
  Destination:            lane_result_q_reg[0][41]/D
                            (rising edge-triggered cell FDCE clocked by clk_i  {rise@0.000ns fall@2.857ns period=5.714ns})
  Path Group:             clk_i
  Path Type:              Setup (Max at Slow Process Corner)
  Requirement:            5.714ns  (clk_i rise@5.714ns - clk_i rise@0.000ns)
  Data Path Delay:        3.780ns  (logic 1.190ns (31.481%)  route 2.590ns (68.519%))
  Logic Levels:           6  (LUT3=1 LUT5=2 LUT6=3)
  Clock Path Skew:        -0.039ns (DCD - SCD + CPR)
    Destination Clock Delay (DCD):    0.748ns = ( 6.462 - 5.714 ) 
    Source Clock Delay      (SCD):    0.787ns
    Clock Pessimism Removal (CPR):    0.000ns
  Clock Uncertainty:      0.035ns  ((TSJ^2 + TIJ^2)^1/2 + DJ) / 2 + PE
    Total System Jitter     (TSJ):    0.071ns
    Total Input Jitter      (TIJ):    0.000ns
    Discrete Jitter          (DJ):    0.000ns
    Phase Error              (PE):    0.000ns

    Location             Delay type                Incr(ns)  Path(ns)    Netlist Resource(s)
  -------------------------------------------------------------------    -------------------
                         (clock clk_i rise edge)      0.000     0.000 r  
                                                      0.000     0.000 r  clk_i (IN)
                         net (fo=2875, unset)         0.787     0.787    clk_i
                         FDCE                                         r  uop_p2_q_reg[use_shift]/C
  -------------------------------------------------------------------    -------------------
                         FDCE (Prop_fdce_C_Q)         0.433     1.220 f  uop_p2_q_reg[use_shift]/Q
                         net (fo=9, unplaced)         0.281     1.501    i_vrf/uop_p2_q_reg[use_shift]__0
                         LUT3 (Prop_lut3_I2_O)        0.232     1.733 r  i_vrf/lane_result_q[3][63]_i_40/O
                         net (fo=4, unplaced)         0.552     2.285    i_vrf/lane_result_q[3][63]_i_40_n_0
                         LUT6 (Prop_lut6_I0_O)        0.105     2.390 r  i_vrf/lane_result_q[3][58]_i_10/O
                         net (fo=156, unplaced)       0.439     2.829    i_vrf/lane_shift_nibble[0]
                         LUT6 (Prop_lut6_I2_O)        0.105     2.934 r  i_vrf/lane_result_q[1][9]_i_6/O
                         net (fo=3, unplaced)         0.365     3.299    i_vrf/lane_result_q[1][9]_i_6_n_0
                         LUT5 (Prop_lut5_I4_O)        0.105     3.404 r  i_vrf/lane_result_q[1][9]_i_5/O
                         net (fo=4, unplaced)         0.606     4.010    i_vrf/lane_result_q[1][9]_i_5_n_0
                         LUT6 (Prop_lut6_I1_O)        0.105     4.115 r  i_vrf/lane_result_q[0][41]_i_3/O
                         net (fo=1, unplaced)         0.347     4.462    i_vrf/lane_shift_result[0][41]
                         LUT5 (Prop_lut5_I2_O)        0.105     4.567 r  i_vrf/lane_result_q[0][41]_i_1/O
                         net (fo=1, unplaced)         0.000     4.567    i_vrf_n_22
                         FDCE                                         r  lane_result_q_reg[0][41]/D
  -------------------------------------------------------------------    -------------------

                         (clock clk_i rise edge)      5.714     5.714 r  
                                                      0.000     5.714 r  clk_i (IN)
                         net (fo=2875, unset)         0.748     6.462    clk_i
                         FDCE                                         r  lane_result_q_reg[0][41]/C
                         clock pessimism              0.000     6.462    
                         clock uncertainty           -0.035     6.426    
                         FDCE (Setup_fdce_C_D)        0.072     6.498    lane_result_q_reg[0][41]
  -------------------------------------------------------------------
                         required time                          6.498    
                         arrival time                          -4.567    
  -------------------------------------------------------------------
                         slack                                  1.931    

Slack (MET) :             1.931ns  (required time - arrival time)
  Source:                 uop_p2_q_reg[use_shift]/C
                            (rising edge-triggered cell FDCE clocked by clk_i  {rise@0.000ns fall@2.857ns period=5.714ns})
  Destination:            lane_result_q_reg[0][42]/D
                            (rising edge-triggered cell FDCE clocked by clk_i  {rise@0.000ns fall@2.857ns period=5.714ns})
  Path Group:             clk_i
  Path Type:              Setup (Max at Slow Process Corner)
  Requirement:            5.714ns  (clk_i rise@5.714ns - clk_i rise@0.000ns)
  Data Path Delay:        3.780ns  (logic 1.190ns (31.481%)  route 2.590ns (68.519%))
  Logic Levels:           6  (LUT3=1 LUT5=2 LUT6=3)
  Clock Path Skew:        -0.039ns (DCD - SCD + CPR)
    Destination Clock Delay (DCD):    0.748ns = ( 6.462 - 5.714 ) 
    Source Clock Delay      (SCD):    0.787ns
    Clock Pessimism Removal (CPR):    0.000ns
  Clock Uncertainty:      0.035ns  ((TSJ^2 + TIJ^2)^1/2 + DJ) / 2 + PE
    Total System Jitter     (TSJ):    0.071ns
    Total Input Jitter      (TIJ):    0.000ns
    Discrete Jitter          (DJ):    0.000ns
    Phase Error              (PE):    0.000ns

    Location             Delay type                Incr(ns)  Path(ns)    Netlist Resource(s)
  -------------------------------------------------------------------    -------------------
                         (clock clk_i rise edge)      0.000     0.000 r  
                                                      0.000     0.000 r  clk_i (IN)
                         net (fo=2875, unset)         0.787     0.787    clk_i
                         FDCE                                         r  uop_p2_q_reg[use_shift]/C
  -------------------------------------------------------------------    -------------------
                         FDCE (Prop_fdce_C_Q)         0.433     1.220 f  uop_p2_q_reg[use_shift]/Q
                         net (fo=9, unplaced)         0.281     1.501    i_vrf/uop_p2_q_reg[use_shift]__0
                         LUT3 (Prop_lut3_I2_O)        0.232     1.733 r  i_vrf/lane_result_q[3][63]_i_40/O
                         net (fo=4, unplaced)         0.552     2.285    i_vrf/lane_result_q[3][63]_i_40_n_0
                         LUT6 (Prop_lut6_I0_O)        0.105     2.390 r  i_vrf/lane_result_q[3][58]_i_10/O
                         net (fo=156, unplaced)       0.439     2.829    i_vrf/lane_shift_nibble[0]
                         LUT6 (Prop_lut6_I2_O)        0.105     2.934 r  i_vrf/lane_result_q[1][10]_i_7/O
                         net (fo=3, unplaced)         0.365     3.299    i_vrf/lane_result_q[1][10]_i_7_n_0
                         LUT5 (Prop_lut5_I4_O)        0.105     3.404 r  i_vrf/lane_result_q[1][10]_i_6/O
                         net (fo=4, unplaced)         0.606     4.010    i_vrf/lane_result_q[1][10]_i_6_n_0
                         LUT6 (Prop_lut6_I1_O)        0.105     4.115 r  i_vrf/lane_result_q[0][42]_i_3/O
                         net (fo=1, unplaced)         0.347     4.462    i_vrf/lane_shift_result[0][42]
                         LUT5 (Prop_lut5_I2_O)        0.105     4.567 r  i_vrf/lane_result_q[0][42]_i_1/O
                         net (fo=1, unplaced)         0.000     4.567    i_vrf_n_21
                         FDCE                                         r  lane_result_q_reg[0][42]/D
  -------------------------------------------------------------------    -------------------

                         (clock clk_i rise edge)      5.714     5.714 r  
                                                      0.000     5.714 r  clk_i (IN)
                         net (fo=2875, unset)         0.748     6.462    clk_i
                         FDCE                                         r  lane_result_q_reg[0][42]/C
                         clock pessimism              0.000     6.462    
                         clock uncertainty           -0.035     6.426    
                         FDCE (Setup_fdce_C_D)        0.072     6.498    lane_result_q_reg[0][42]
  -------------------------------------------------------------------
                         required time                          6.498    
                         arrival time                          -4.567    
  -------------------------------------------------------------------
                         slack                                  1.931    

Slack (MET) :             1.931ns  (required time - arrival time)
  Source:                 uop_p2_q_reg[use_shift]/C
                            (rising edge-triggered cell FDCE clocked by clk_i  {rise@0.000ns fall@2.857ns period=5.714ns})
  Destination:            lane_result_q_reg[1][40]/D
                            (rising edge-triggered cell FDCE clocked by clk_i  {rise@0.000ns fall@2.857ns period=5.714ns})
  Path Group:             clk_i
  Path Type:              Setup (Max at Slow Process Corner)
  Requirement:            5.714ns  (clk_i rise@5.714ns - clk_i rise@0.000ns)
  Data Path Delay:        3.780ns  (logic 1.190ns (31.481%)  route 2.590ns (68.519%))
  Logic Levels:           6  (LUT3=1 LUT5=2 LUT6=3)
  Clock Path Skew:        -0.039ns (DCD - SCD + CPR)
    Destination Clock Delay (DCD):    0.748ns = ( 6.462 - 5.714 ) 
    Source Clock Delay      (SCD):    0.787ns
    Clock Pessimism Removal (CPR):    0.000ns
  Clock Uncertainty:      0.035ns  ((TSJ^2 + TIJ^2)^1/2 + DJ) / 2 + PE
    Total System Jitter     (TSJ):    0.071ns
    Total Input Jitter      (TIJ):    0.000ns
    Discrete Jitter          (DJ):    0.000ns
    Phase Error              (PE):    0.000ns

    Location             Delay type                Incr(ns)  Path(ns)    Netlist Resource(s)
  -------------------------------------------------------------------    -------------------
                         (clock clk_i rise edge)      0.000     0.000 r  
                                                      0.000     0.000 r  clk_i (IN)
                         net (fo=2875, unset)         0.787     0.787    clk_i
                         FDCE                                         r  uop_p2_q_reg[use_shift]/C
  -------------------------------------------------------------------    -------------------
                         FDCE (Prop_fdce_C_Q)         0.433     1.220 f  uop_p2_q_reg[use_shift]/Q
                         net (fo=9, unplaced)         0.281     1.501    i_vrf/uop_p2_q_reg[use_shift]__0
                         LUT3 (Prop_lut3_I2_O)        0.232     1.733 r  i_vrf/lane_result_q[3][63]_i_40/O
                         net (fo=4, unplaced)         0.552     2.285    i_vrf/lane_result_q[3][63]_i_40_n_0
                         LUT6 (Prop_lut6_I0_O)        0.105     2.390 r  i_vrf/lane_result_q[3][58]_i_10/O
                         net (fo=156, unplaced)       0.439     2.829    i_vrf/lane_shift_nibble[0]
                         LUT6 (Prop_lut6_I2_O)        0.105     2.934 r  i_vrf/lane_result_q[2][8]_i_6/O
                         net (fo=3, unplaced)         0.365     3.299    i_vrf/lane_result_q[2][8]_i_6_n_0
                         LUT5 (Prop_lut5_I4_O)        0.105     3.404 r  i_vrf/lane_result_q[2][8]_i_5/O
                         net (fo=4, unplaced)         0.606     4.010    i_vrf/lane_result_q[2][8]_i_5_n_0
                         LUT6 (Prop_lut6_I1_O)        0.105     4.115 r  i_vrf/lane_result_q[1][40]_i_3/O
                         net (fo=1, unplaced)         0.347     4.462    i_vrf/lane_shift_result[1][40]
                         LUT5 (Prop_lut5_I2_O)        0.105     4.567 r  i_vrf/lane_result_q[1][40]_i_1/O
                         net (fo=1, unplaced)         0.000     4.567    i_vrf_n_135
                         FDCE                                         r  lane_result_q_reg[1][40]/D
  -------------------------------------------------------------------    -------------------

                         (clock clk_i rise edge)      5.714     5.714 r  
                                                      0.000     5.714 r  clk_i (IN)
                         net (fo=2875, unset)         0.748     6.462    clk_i
                         FDCE                                         r  lane_result_q_reg[1][40]/C
                         clock pessimism              0.000     6.462    
                         clock uncertainty           -0.035     6.426    
                         FDCE (Setup_fdce_C_D)        0.072     6.498    lane_result_q_reg[1][40]
  -------------------------------------------------------------------
                         required time                          6.498    
                         arrival time                          -4.567    
  -------------------------------------------------------------------
                         slack                                  1.931    

Slack (MET) :             1.931ns  (required time - arrival time)
  Source:                 uop_p2_q_reg[use_shift]/C
                            (rising edge-triggered cell FDCE clocked by clk_i  {rise@0.000ns fall@2.857ns period=5.714ns})
  Destination:            lane_result_q_reg[1][41]/D
                            (rising edge-triggered cell FDCE clocked by clk_i  {rise@0.000ns fall@2.857ns period=5.714ns})
  Path Group:             clk_i
  Path Type:              Setup (Max at Slow Process Corner)
  Requirement:            5.714ns  (clk_i rise@5.714ns - clk_i rise@0.000ns)
  Data Path Delay:        3.780ns  (logic 1.190ns (31.481%)  route 2.590ns (68.519%))
  Logic Levels:           6  (LUT3=1 LUT5=2 LUT6=3)
  Clock Path Skew:        -0.039ns (DCD - SCD + CPR)
    Destination Clock Delay (DCD):    0.748ns = ( 6.462 - 5.714 ) 
    Source Clock Delay      (SCD):    0.787ns
    Clock Pessimism Removal (CPR):    0.000ns
  Clock Uncertainty:      0.035ns  ((TSJ^2 + TIJ^2)^1/2 + DJ) / 2 + PE
    Total System Jitter     (TSJ):    0.071ns
    Total Input Jitter      (TIJ):    0.000ns
    Discrete Jitter          (DJ):    0.000ns
    Phase Error              (PE):    0.000ns

    Location             Delay type                Incr(ns)  Path(ns)    Netlist Resource(s)
  -------------------------------------------------------------------    -------------------
                         (clock clk_i rise edge)      0.000     0.000 r  
                                                      0.000     0.000 r  clk_i (IN)
                         net (fo=2875, unset)         0.787     0.787    clk_i
                         FDCE                                         r  uop_p2_q_reg[use_shift]/C
  -------------------------------------------------------------------    -------------------
                         FDCE (Prop_fdce_C_Q)         0.433     1.220 f  uop_p2_q_reg[use_shift]/Q
                         net (fo=9, unplaced)         0.281     1.501    i_vrf/uop_p2_q_reg[use_shift]__0
                         LUT3 (Prop_lut3_I2_O)        0.232     1.733 r  i_vrf/lane_result_q[3][63]_i_40/O
                         net (fo=4, unplaced)         0.552     2.285    i_vrf/lane_result_q[3][63]_i_40_n_0
                         LUT6 (Prop_lut6_I0_O)        0.105     2.390 r  i_vrf/lane_result_q[3][58]_i_10/O
                         net (fo=156, unplaced)       0.439     2.829    i_vrf/lane_shift_nibble[0]
                         LUT6 (Prop_lut6_I2_O)        0.105     2.934 r  i_vrf/lane_result_q[2][9]_i_6/O
                         net (fo=3, unplaced)         0.365     3.299    i_vrf/lane_result_q[2][9]_i_6_n_0
                         LUT5 (Prop_lut5_I4_O)        0.105     3.404 r  i_vrf/lane_result_q[2][9]_i_5/O
                         net (fo=4, unplaced)         0.606     4.010    i_vrf/lane_result_q[2][9]_i_5_n_0
                         LUT6 (Prop_lut6_I1_O)        0.105     4.115 r  i_vrf/lane_result_q[1][41]_i_3/O
                         net (fo=1, unplaced)         0.347     4.462    i_vrf/lane_shift_result[1][41]
                         LUT5 (Prop_lut5_I2_O)        0.105     4.567 r  i_vrf/lane_result_q[1][41]_i_1/O
                         net (fo=1, unplaced)         0.000     4.567    i_vrf_n_134
                         FDCE                                         r  lane_result_q_reg[1][41]/D
  -------------------------------------------------------------------    -------------------

                         (clock clk_i rise edge)      5.714     5.714 r  
                                                      0.000     5.714 r  clk_i (IN)
                         net (fo=2875, unset)         0.748     6.462    clk_i
                         FDCE                                         r  lane_result_q_reg[1][41]/C
                         clock pessimism              0.000     6.462    
                         clock uncertainty           -0.035     6.426    
                         FDCE (Setup_fdce_C_D)        0.072     6.498    lane_result_q_reg[1][41]
  -------------------------------------------------------------------
                         required time                          6.498    
                         arrival time                          -4.567    
  -------------------------------------------------------------------
                         slack                                  1.931    

Slack (MET) :             1.931ns  (required time - arrival time)
  Source:                 uop_p2_q_reg[use_shift]/C
                            (rising edge-triggered cell FDCE clocked by clk_i  {rise@0.000ns fall@2.857ns period=5.714ns})
  Destination:            lane_result_q_reg[1][42]/D
                            (rising edge-triggered cell FDCE clocked by clk_i  {rise@0.000ns fall@2.857ns period=5.714ns})
  Path Group:             clk_i
  Path Type:              Setup (Max at Slow Process Corner)
  Requirement:            5.714ns  (clk_i rise@5.714ns - clk_i rise@0.000ns)
  Data Path Delay:        3.780ns  (logic 1.190ns (31.481%)  route 2.590ns (68.519%))
  Logic Levels:           6  (LUT3=1 LUT5=2 LUT6=3)
  Clock Path Skew:        -0.039ns (DCD - SCD + CPR)
    Destination Clock Delay (DCD):    0.748ns = ( 6.462 - 5.714 ) 
    Source Clock Delay      (SCD):    0.787ns
    Clock Pessimism Removal (CPR):    0.000ns
  Clock Uncertainty:      0.035ns  ((TSJ^2 + TIJ^2)^1/2 + DJ) / 2 + PE
    Total System Jitter     (TSJ):    0.071ns
    Total Input Jitter      (TIJ):    0.000ns
    Discrete Jitter          (DJ):    0.000ns
    Phase Error              (PE):    0.000ns

    Location             Delay type                Incr(ns)  Path(ns)    Netlist Resource(s)
  -------------------------------------------------------------------    -------------------
                         (clock clk_i rise edge)      0.000     0.000 r  
                                                      0.000     0.000 r  clk_i (IN)
                         net (fo=2875, unset)         0.787     0.787    clk_i
                         FDCE                                         r  uop_p2_q_reg[use_shift]/C
  -------------------------------------------------------------------    -------------------
                         FDCE (Prop_fdce_C_Q)         0.433     1.220 f  uop_p2_q_reg[use_shift]/Q
                         net (fo=9, unplaced)         0.281     1.501    i_vrf/uop_p2_q_reg[use_shift]__0
                         LUT3 (Prop_lut3_I2_O)        0.232     1.733 r  i_vrf/lane_result_q[3][63]_i_40/O
                         net (fo=4, unplaced)         0.552     2.285    i_vrf/lane_result_q[3][63]_i_40_n_0
                         LUT6 (Prop_lut6_I0_O)        0.105     2.390 r  i_vrf/lane_result_q[3][58]_i_10/O
                         net (fo=156, unplaced)       0.439     2.829    i_vrf/lane_shift_nibble[0]
                         LUT6 (Prop_lut6_I2_O)        0.105     2.934 r  i_vrf/lane_result_q[2][10]_i_7/O
                         net (fo=3, unplaced)         0.365     3.299    i_vrf/lane_result_q[2][10]_i_7_n_0
                         LUT5 (Prop_lut5_I4_O)        0.105     3.404 r  i_vrf/lane_result_q[2][10]_i_6/O
                         net (fo=4, unplaced)         0.606     4.010    i_vrf/lane_result_q[2][10]_i_6_n_0
                         LUT6 (Prop_lut6_I1_O)        0.105     4.115 r  i_vrf/lane_result_q[1][42]_i_3/O
                         net (fo=1, unplaced)         0.347     4.462    i_vrf/lane_shift_result[1][42]
                         LUT5 (Prop_lut5_I2_O)        0.105     4.567 r  i_vrf/lane_result_q[1][42]_i_1/O
                         net (fo=1, unplaced)         0.000     4.567    i_vrf_n_133
                         FDCE                                         r  lane_result_q_reg[1][42]/D
  -------------------------------------------------------------------    -------------------

                         (clock clk_i rise edge)      5.714     5.714 r  
                                                      0.000     5.714 r  clk_i (IN)
                         net (fo=2875, unset)         0.748     6.462    clk_i
                         FDCE                                         r  lane_result_q_reg[1][42]/C
                         clock pessimism              0.000     6.462    
                         clock uncertainty           -0.035     6.426    
                         FDCE (Setup_fdce_C_D)        0.072     6.498    lane_result_q_reg[1][42]
  -------------------------------------------------------------------
                         required time                          6.498    
                         arrival time                          -4.567    
  -------------------------------------------------------------------
                         slack                                  1.931    

Slack (MET) :             1.931ns  (required time - arrival time)
  Source:                 uop_p2_q_reg[use_shift]/C
                            (rising edge-triggered cell FDCE clocked by clk_i  {rise@0.000ns fall@2.857ns period=5.714ns})
  Destination:            lane_result_q_reg[2][40]/D
                            (rising edge-triggered cell FDCE clocked by clk_i  {rise@0.000ns fall@2.857ns period=5.714ns})
  Path Group:             clk_i
  Path Type:              Setup (Max at Slow Process Corner)
  Requirement:            5.714ns  (clk_i rise@5.714ns - clk_i rise@0.000ns)
  Data Path Delay:        3.780ns  (logic 1.190ns (31.481%)  route 2.590ns (68.519%))
  Logic Levels:           6  (LUT3=1 LUT5=2 LUT6=3)
  Clock Path Skew:        -0.039ns (DCD - SCD + CPR)
    Destination Clock Delay (DCD):    0.748ns = ( 6.462 - 5.714 ) 
    Source Clock Delay      (SCD):    0.787ns
    Clock Pessimism Removal (CPR):    0.000ns
  Clock Uncertainty:      0.035ns  ((TSJ^2 + TIJ^2)^1/2 + DJ) / 2 + PE
    Total System Jitter     (TSJ):    0.071ns
    Total Input Jitter      (TIJ):    0.000ns
    Discrete Jitter          (DJ):    0.000ns
    Phase Error              (PE):    0.000ns

    Location             Delay type                Incr(ns)  Path(ns)    Netlist Resource(s)
  -------------------------------------------------------------------    -------------------
                         (clock clk_i rise edge)      0.000     0.000 r  
                                                      0.000     0.000 r  clk_i (IN)
                         net (fo=2875, unset)         0.787     0.787    clk_i
                         FDCE                                         r  uop_p2_q_reg[use_shift]/C
  -------------------------------------------------------------------    -------------------
                         FDCE (Prop_fdce_C_Q)         0.433     1.220 f  uop_p2_q_reg[use_shift]/Q
                         net (fo=9, unplaced)         0.281     1.501    i_vrf/uop_p2_q_reg[use_shift]__0
                         LUT3 (Prop_lut3_I2_O)        0.232     1.733 r  i_vrf/lane_result_q[3][63]_i_40/O
                         net (fo=4, unplaced)         0.552     2.285    i_vrf/lane_result_q[3][63]_i_40_n_0
                         LUT6 (Prop_lut6_I0_O)        0.105     2.390 r  i_vrf/lane_result_q[3][58]_i_10/O
                         net (fo=156, unplaced)       0.439     2.829    i_vrf/lane_shift_nibble[0]
                         LUT6 (Prop_lut6_I2_O)        0.105     2.934 r  i_vrf/lane_result_q[3][8]_i_6/O
                         net (fo=3, unplaced)         0.365     3.299    i_vrf/lane_result_q[3][8]_i_6_n_0
                         LUT5 (Prop_lut5_I4_O)        0.105     3.404 r  i_vrf/lane_result_q[3][8]_i_5/O
                         net (fo=4, unplaced)         0.606     4.010    i_vrf/lane_result_q[3][8]_i_5_n_0
                         LUT6 (Prop_lut6_I1_O)        0.105     4.115 r  i_vrf/lane_result_q[2][40]_i_3/O
                         net (fo=1, unplaced)         0.347     4.462    i_vrf/lane_shift_result[2][40]
                         LUT5 (Prop_lut5_I2_O)        0.105     4.567 r  i_vrf/lane_result_q[2][40]_i_1/O
                         net (fo=1, unplaced)         0.000     4.567    i_vrf_n_245
                         FDCE                                         r  lane_result_q_reg[2][40]/D
  -------------------------------------------------------------------    -------------------

                         (clock clk_i rise edge)      5.714     5.714 r  
                                                      0.000     5.714 r  clk_i (IN)
                         net (fo=2875, unset)         0.748     6.462    clk_i
                         FDCE                                         r  lane_result_q_reg[2][40]/C
                         clock pessimism              0.000     6.462    
                         clock uncertainty           -0.035     6.426    
                         FDCE (Setup_fdce_C_D)        0.072     6.498    lane_result_q_reg[2][40]
  -------------------------------------------------------------------
                         required time                          6.498    
                         arrival time                          -4.567    
  -------------------------------------------------------------------
                         slack                                  1.931    

Slack (MET) :             1.931ns  (required time - arrival time)
  Source:                 uop_p2_q_reg[use_shift]/C
                            (rising edge-triggered cell FDCE clocked by clk_i  {rise@0.000ns fall@2.857ns period=5.714ns})
  Destination:            lane_result_q_reg[2][41]/D
                            (rising edge-triggered cell FDCE clocked by clk_i  {rise@0.000ns fall@2.857ns period=5.714ns})
  Path Group:             clk_i
  Path Type:              Setup (Max at Slow Process Corner)
  Requirement:            5.714ns  (clk_i rise@5.714ns - clk_i rise@0.000ns)
  Data Path Delay:        3.780ns  (logic 1.190ns (31.481%)  route 2.590ns (68.519%))
  Logic Levels:           6  (LUT3=1 LUT5=2 LUT6=3)
  Clock Path Skew:        -0.039ns (DCD - SCD + CPR)
    Destination Clock Delay (DCD):    0.748ns = ( 6.462 - 5.714 ) 
    Source Clock Delay      (SCD):    0.787ns
    Clock Pessimism Removal (CPR):    0.000ns
  Clock Uncertainty:      0.035ns  ((TSJ^2 + TIJ^2)^1/2 + DJ) / 2 + PE
    Total System Jitter     (TSJ):    0.071ns
    Total Input Jitter      (TIJ):    0.000ns
    Discrete Jitter          (DJ):    0.000ns
    Phase Error              (PE):    0.000ns

    Location             Delay type                Incr(ns)  Path(ns)    Netlist Resource(s)
  -------------------------------------------------------------------    -------------------
                         (clock clk_i rise edge)      0.000     0.000 r  
                                                      0.000     0.000 r  clk_i (IN)
                         net (fo=2875, unset)         0.787     0.787    clk_i
                         FDCE                                         r  uop_p2_q_reg[use_shift]/C
  -------------------------------------------------------------------    -------------------
                         FDCE (Prop_fdce_C_Q)         0.433     1.220 f  uop_p2_q_reg[use_shift]/Q
                         net (fo=9, unplaced)         0.281     1.501    i_vrf/uop_p2_q_reg[use_shift]__0
                         LUT3 (Prop_lut3_I2_O)        0.232     1.733 r  i_vrf/lane_result_q[3][63]_i_40/O
                         net (fo=4, unplaced)         0.552     2.285    i_vrf/lane_result_q[3][63]_i_40_n_0
                         LUT6 (Prop_lut6_I0_O)        0.105     2.390 r  i_vrf/lane_result_q[3][58]_i_10/O
                         net (fo=156, unplaced)       0.439     2.829    i_vrf/lane_shift_nibble[0]
                         LUT6 (Prop_lut6_I2_O)        0.105     2.934 r  i_vrf/lane_result_q[3][9]_i_6/O
                         net (fo=3, unplaced)         0.365     3.299    i_vrf/lane_result_q[3][9]_i_6_n_0
                         LUT5 (Prop_lut5_I4_O)        0.105     3.404 r  i_vrf/lane_result_q[3][9]_i_5/O
                         net (fo=4, unplaced)         0.606     4.010    i_vrf/lane_result_q[3][9]_i_5_n_0
                         LUT6 (Prop_lut6_I1_O)        0.105     4.115 r  i_vrf/lane_result_q[2][41]_i_3/O
                         net (fo=1, unplaced)         0.347     4.462    i_vrf/lane_shift_result[2][41]
                         LUT5 (Prop_lut5_I2_O)        0.105     4.567 r  i_vrf/lane_result_q[2][41]_i_1/O
                         net (fo=1, unplaced)         0.000     4.567    i_vrf_n_244
                         FDCE                                         r  lane_result_q_reg[2][41]/D
  -------------------------------------------------------------------    -------------------

                         (clock clk_i rise edge)      5.714     5.714 r  
                                                      0.000     5.714 r  clk_i (IN)
                         net (fo=2875, unset)         0.748     6.462    clk_i
                         FDCE                                         r  lane_result_q_reg[2][41]/C
                         clock pessimism              0.000     6.462    
                         clock uncertainty           -0.035     6.426    
                         FDCE (Setup_fdce_C_D)        0.072     6.498    lane_result_q_reg[2][41]
  -------------------------------------------------------------------
                         required time                          6.498    
                         arrival time                          -4.567    
  -------------------------------------------------------------------
                         slack                                  1.931    




