rank,slack_ns,required_time_ns,data_path_delay_ns,logic_delay_ns,route_delay_ns,route_ratio,logic_levels,startpoint,endpoint,path_class,main_cells
1,0.061,5.000,4.936,1.105,3.831,0.776,5,"gen_lane[0].i_p2_pop_slice/bool_result_q_reg[17]/C","gen_lane[0].i_p2_pop_slice/popcount_part_q_o_reg[0][5]/D","P2 popcount capture","FDCE=2;LUT3=1;LUT5=2;LUT6=2"
2,0.061,5.000,4.936,1.105,3.831,0.776,5,"gen_lane[0].i_p2_pop_slice/bool_result_q_reg[49]/C","gen_lane[0].i_p2_pop_slice/popcount_part_q_o_reg[1][5]/D","P2 popcount capture","FDCE=2;LUT3=1;LUT5=2;LUT6=2"
3,0.061,5.000,4.936,1.105,3.831,0.776,5,"gen_lane[1].i_p2_pop_slice/bool_result_q_reg[17]/C","gen_lane[1].i_p2_pop_slice/popcount_part_q_o_reg[0][5]/D","P2 popcount capture","FDCE=2;LUT3=1;LUT5=2;LUT6=2"
4,0.061,5.000,4.936,1.105,3.831,0.776,5,"gen_lane[1].i_p2_pop_slice/bool_result_q_reg[49]/C","gen_lane[1].i_p2_pop_slice/popcount_part_q_o_reg[1][5]/D","P2 popcount capture","FDCE=2;LUT3=1;LUT5=2;LUT6=2"
5,0.061,5.000,4.936,1.105,3.831,0.776,5,"gen_lane[2].i_p2_pop_slice/bool_result_q_reg[17]/C","gen_lane[2].i_p2_pop_slice/popcount_part_q_o_reg[0][5]/D","P2 popcount capture","FDCE=2;LUT3=1;LUT5=2;LUT6=2"
6,0.061,5.000,4.936,1.105,3.831,0.776,5,"gen_lane[2].i_p2_pop_slice/bool_result_q_reg[49]/C","gen_lane[2].i_p2_pop_slice/popcount_part_q_o_reg[1][5]/D","P2 popcount capture","FDCE=2;LUT3=1;LUT5=2;LUT6=2"
7,0.061,5.000,4.936,1.105,3.831,0.776,5,"gen_lane[3].i_p2_pop_slice/bool_result_q_reg[17]/C","gen_lane[3].i_p2_pop_slice/popcount_part_q_o_reg[0][5]/D","P2 popcount capture","FDCE=2;LUT3=1;LUT5=2;LUT6=2"
8,0.061,5.000,4.936,1.105,3.831,0.776,5,"gen_lane[3].i_p2_pop_slice/bool_result_q_reg[49]/C","gen_lane[3].i_p2_pop_slice/popcount_part_q_o_reg[1][5]/D","P2 popcount capture","FDCE=2;LUT3=1;LUT5=2;LUT6=2"
9,0.326,5.000,4.700,2.246,2.454,0.522,7,"gen_lane[0].i_p2_pop_slice/popcount_part_q_o_reg[0][0]/C","group_dist_q_reg[8]/D","P2 popcount capture","CARRY4=4;FDCE=2;LUT3=2;LUT5=1"
10,0.417,5.000,4.580,1.105,3.475,0.759,5,"gen_lane[0].i_p2_pop_slice/bool_result_q_reg[17]/C","gen_lane[0].i_p2_pop_slice/popcount_part_q_o_reg[0][2]/D","P2 popcount capture","FDCE=2;LUT3=2;LUT5=2;LUT6=1"
11,0.417,5.000,4.580,1.105,3.475,0.759,5,"gen_lane[0].i_p2_pop_slice/bool_result_q_reg[17]/C","gen_lane[0].i_p2_pop_slice/popcount_part_q_o_reg[0][3]/D","P2 popcount capture","FDCE=2;LUT3=1;LUT5=3;LUT6=1"
12,0.417,5.000,4.580,1.105,3.475,0.759,5,"gen_lane[0].i_p2_pop_slice/bool_result_q_reg[49]/C","gen_lane[0].i_p2_pop_slice/popcount_part_q_o_reg[1][2]/D","P2 popcount capture","FDCE=2;LUT3=2;LUT5=2;LUT6=1"
13,0.417,5.000,4.580,1.105,3.475,0.759,5,"gen_lane[0].i_p2_pop_slice/bool_result_q_reg[49]/C","gen_lane[0].i_p2_pop_slice/popcount_part_q_o_reg[1][3]/D","P2 popcount capture","FDCE=2;LUT3=1;LUT5=3;LUT6=1"
14,0.417,5.000,4.580,1.105,3.475,0.759,5,"gen_lane[1].i_p2_pop_slice/bool_result_q_reg[17]/C","gen_lane[1].i_p2_pop_slice/popcount_part_q_o_reg[0][2]/D","P2 popcount capture","FDCE=2;LUT3=2;LUT5=2;LUT6=1"
15,0.417,5.000,4.580,1.105,3.475,0.759,5,"gen_lane[1].i_p2_pop_slice/bool_result_q_reg[17]/C","gen_lane[1].i_p2_pop_slice/popcount_part_q_o_reg[0][3]/D","P2 popcount capture","FDCE=2;LUT3=1;LUT5=3;LUT6=1"
16,0.417,5.000,4.580,1.105,3.475,0.759,5,"gen_lane[1].i_p2_pop_slice/bool_result_q_reg[49]/C","gen_lane[1].i_p2_pop_slice/popcount_part_q_o_reg[1][2]/D","P2 popcount capture","FDCE=2;LUT3=2;LUT5=2;LUT6=1"
17,0.417,5.000,4.580,1.105,3.475,0.759,5,"gen_lane[1].i_p2_pop_slice/bool_result_q_reg[49]/C","gen_lane[1].i_p2_pop_slice/popcount_part_q_o_reg[1][3]/D","P2 popcount capture","FDCE=2;LUT3=1;LUT5=3;LUT6=1"
18,0.417,5.000,4.580,1.105,3.475,0.759,5,"gen_lane[2].i_p2_pop_slice/bool_result_q_reg[17]/C","gen_lane[2].i_p2_pop_slice/popcount_part_q_o_reg[0][2]/D","P2 popcount capture","FDCE=2;LUT3=2;LUT5=2;LUT6=1"
19,0.417,5.000,4.580,1.105,3.475,0.759,5,"gen_lane[2].i_p2_pop_slice/bool_result_q_reg[17]/C","gen_lane[2].i_p2_pop_slice/popcount_part_q_o_reg[0][3]/D","P2 popcount capture","FDCE=2;LUT3=1;LUT5=3;LUT6=1"
20,0.417,5.000,4.580,1.105,3.475,0.759,5,"gen_lane[2].i_p2_pop_slice/bool_result_q_reg[49]/C","gen_lane[2].i_p2_pop_slice/popcount_part_q_o_reg[1][2]/D","P2 popcount capture","FDCE=2;LUT3=2;LUT5=2;LUT6=1"
21,0.417,5.000,4.580,1.105,3.475,0.759,5,"gen_lane[2].i_p2_pop_slice/bool_result_q_reg[49]/C","gen_lane[2].i_p2_pop_slice/popcount_part_q_o_reg[1][3]/D","P2 popcount capture","FDCE=2;LUT3=1;LUT5=3;LUT6=1"
22,0.417,5.000,4.580,1.105,3.475,0.759,5,"gen_lane[3].i_p2_pop_slice/bool_result_q_reg[17]/C","gen_lane[3].i_p2_pop_slice/popcount_part_q_o_reg[0][2]/D","P2 popcount capture","FDCE=2;LUT3=2;LUT5=2;LUT6=1"
23,0.417,5.000,4.580,1.105,3.475,0.759,5,"gen_lane[3].i_p2_pop_slice/bool_result_q_reg[17]/C","gen_lane[3].i_p2_pop_slice/popcount_part_q_o_reg[0][3]/D","P2 popcount capture","FDCE=2;LUT3=1;LUT5=3;LUT6=1"
24,0.417,5.000,4.580,1.105,3.475,0.759,5,"gen_lane[3].i_p2_pop_slice/bool_result_q_reg[49]/C","gen_lane[3].i_p2_pop_slice/popcount_part_q_o_reg[1][2]/D","P2 popcount capture","FDCE=2;LUT3=2;LUT5=2;LUT6=1"
25,0.417,5.000,4.580,1.105,3.475,0.759,5,"gen_lane[3].i_p2_pop_slice/bool_result_q_reg[49]/C","gen_lane[3].i_p2_pop_slice/popcount_part_q_o_reg[1][3]/D","P2 popcount capture","FDCE=2;LUT3=1;LUT5=3;LUT6=1"
26,0.426,5.000,4.600,2.146,2.454,0.533,6,"gen_lane[0].i_p2_pop_slice/popcount_part_q_o_reg[0][0]/C","group_dist_q_reg[7]/D","P2 popcount capture","CARRY4=3;FDCE=2;LUT3=2;LUT5=1"
27,0.479,5.000,4.547,2.093,2.454,0.540,6,"gen_lane[0].i_p2_pop_slice/popcount_part_q_o_reg[0][0]/C","group_dist_q_reg[6]/D","P2 popcount capture","CARRY4=3;FDCE=2;LUT3=2;LUT5=1"
28,0.600,5.000,4.426,2.168,2.258,0.510,7,"gen_lane[2].i_p2_pop_slice/popcount_part_q_o_reg[1][0]/C","group_dist_q_reg[5]/D","P2 popcount capture","CARRY4=3;FDCE=2;LUT3=2;LUT5=1;LUT6=1"
29,0.671,5.000,4.326,1.105,3.221,0.745,5,"gen_lane[0].i_p2_pop_slice/bool_result_q_reg[17]/C","gen_lane[0].i_p2_pop_slice/popcount_part_q_o_reg[0][4]/D","P2 popcount capture","FDCE=2;LUT3=1;LUT5=2;LUT6=2"
30,0.671,5.000,4.326,1.105,3.221,0.745,5,"gen_lane[0].i_p2_pop_slice/bool_result_q_reg[49]/C","gen_lane[0].i_p2_pop_slice/popcount_part_q_o_reg[1][4]/D","P2 popcount capture","FDCE=2;LUT3=1;LUT5=2;LUT6=2"
31,0.671,5.000,4.326,1.105,3.221,0.745,5,"gen_lane[1].i_p2_pop_slice/bool_result_q_reg[17]/C","gen_lane[1].i_p2_pop_slice/popcount_part_q_o_reg[0][4]/D","P2 popcount capture","FDCE=2;LUT3=1;LUT5=2;LUT6=2"
32,0.671,5.000,4.326,1.105,3.221,0.745,5,"gen_lane[1].i_p2_pop_slice/bool_result_q_reg[49]/C","gen_lane[1].i_p2_pop_slice/popcount_part_q_o_reg[1][4]/D","P2 popcount capture","FDCE=2;LUT3=1;LUT5=2;LUT6=2"
33,0.671,5.000,4.326,1.105,3.221,0.745,5,"gen_lane[2].i_p2_pop_slice/bool_result_q_reg[17]/C","gen_lane[2].i_p2_pop_slice/popcount_part_q_o_reg[0][4]/D","P2 popcount capture","FDCE=2;LUT3=1;LUT5=2;LUT6=2"
34,0.671,5.000,4.326,1.105,3.221,0.745,5,"gen_lane[2].i_p2_pop_slice/bool_result_q_reg[49]/C","gen_lane[2].i_p2_pop_slice/popcount_part_q_o_reg[1][4]/D","P2 popcount capture","FDCE=2;LUT3=1;LUT5=2;LUT6=2"
35,0.671,5.000,4.326,1.105,3.221,0.745,5,"gen_lane[3].i_p2_pop_slice/bool_result_q_reg[17]/C","gen_lane[3].i_p2_pop_slice/popcount_part_q_o_reg[0][4]/D","P2 popcount capture","FDCE=2;LUT3=1;LUT5=2;LUT6=2"
36,0.671,5.000,4.326,1.105,3.221,0.745,5,"gen_lane[3].i_p2_pop_slice/bool_result_q_reg[49]/C","gen_lane[3].i_p2_pop_slice/popcount_part_q_o_reg[1][4]/D","P2 popcount capture","FDCE=2;LUT3=1;LUT5=2;LUT6=2"
37,0.680,5.000,4.346,2.088,2.258,0.520,7,"gen_lane[2].i_p2_pop_slice/popcount_part_q_o_reg[1][0]/C","group_dist_q_reg[4]/D","P2 popcount capture","CARRY4=3;FDCE=2;LUT3=2;LUT5=1;LUT6=1"
38,0.886,5.000,4.111,1.777,2.334,0.568,6,"a_q_reg[8]/C","st_q_reg[2]/D","TOP control","CARRY4=2;FDCE=2;LUT4=1;LUT6=3"
39,0.886,5.000,4.111,1.777,2.334,0.568,6,"a_q_reg[8]/C","st_q_reg[2]_rep/D","TOP control","CARRY4=2;FDCE=2;LUT4=1;LUT6=3"
40,0.886,5.000,4.111,1.777,2.334,0.568,6,"a_q_reg[8]/C","st_q_reg[2]_rep__0/D","TOP control","CARRY4=2;FDCE=2;LUT4=1;LUT6=3"
41,0.886,5.000,4.111,1.777,2.334,0.568,6,"a_q_reg[8]/C","st_q_reg[3]/D","TOP control","CARRY4=2;FDCE=2;LUT4=1;LUT6=3"
42,0.886,5.000,4.111,1.777,2.334,0.568,6,"a_q_reg[8]/C","st_q_reg[3]_rep/D","TOP control","CARRY4=2;FDCE=2;LUT4=1;LUT6=3"
43,0.902,5.000,4.124,1.864,2.260,0.548,5,"gen_lane[2].i_p2_pop_slice/popcount_part_q_o_reg[1][0]/C","group_dist_q_reg[3]/D","P2 popcount capture","CARRY4=2;FDCE=2;LUT3=2;LUT5=1"
44,0.914,5.000,4.083,1.777,2.306,0.565,6,"a_q_reg[8]/C","res_q_reg[1]/D","scalar response","CARRY4=2;FDCE=2;LUT4=1;LUT5=1;LUT6=2"
45,1.125,5.000,3.593,0.980,2.613,0.727,4,"ecc_fold_word_q_reg[0]/C","ecc_product_even_reg_0_3_63_63/DP/I","other","FDCE=1;LUT4=2;LUT5=1;LUT6=1;RAMD32=1"
46,1.125,5.000,3.593,0.980,2.613,0.727,4,"ecc_fold_word_q_reg[0]/C","ecc_product_odd_reg_0_3_0_0/DP/I","other","FDCE=1;LUT4=1;LUT5=1;LUT6=2;RAMD32=1"
47,1.125,5.000,3.593,0.980,2.613,0.727,4,"ecc_fold_word_q_reg[0]/C","ecc_product_odd_reg_0_3_10_10/DP/I","other","FDCE=1;LUT4=1;LUT5=1;LUT6=2;RAMD32=1"
48,1.125,5.000,3.593,0.980,2.613,0.727,4,"ecc_fold_word_q_reg[0]/C","ecc_product_odd_reg_0_3_11_11/DP/I","other","FDCE=1;LUT4=1;LUT5=1;LUT6=2;RAMD32=1"
49,1.125,5.000,3.593,0.980,2.613,0.727,4,"ecc_fold_word_q_reg[0]/C","ecc_product_odd_reg_0_3_12_12/DP/I","other","FDCE=1;LUT4=1;LUT5=1;LUT6=2;RAMD32=1"
50,1.125,5.000,3.593,0.980,2.613,0.727,4,"ecc_fold_word_q_reg[0]/C","ecc_product_odd_reg_0_3_13_13/DP/I","other","FDCE=1;LUT4=1;LUT5=1;LUT6=2;RAMD32=1"
51,1.125,5.000,3.593,0.980,2.613,0.727,4,"ecc_fold_word_q_reg[0]/C","ecc_product_odd_reg_0_3_14_14/DP/I","other","FDCE=1;LUT4=1;LUT5=1;LUT6=2;RAMD32=1"
52,1.125,5.000,3.593,0.980,2.613,0.727,4,"ecc_fold_word_q_reg[0]/C","ecc_product_odd_reg_0_3_15_15/DP/I","other","FDCE=1;LUT4=1;LUT5=1;LUT6=2;RAMD32=1"
53,1.125,5.000,3.593,0.980,2.613,0.727,4,"ecc_fold_word_q_reg[0]/C","ecc_product_odd_reg_0_3_16_16/DP/I","other","FDCE=1;LUT4=1;LUT5=1;LUT6=2;RAMD32=1"
54,1.125,5.000,3.593,0.980,2.613,0.727,4,"ecc_fold_word_q_reg[0]/C","ecc_product_odd_reg_0_3_17_17/DP/I","other","FDCE=1;LUT4=1;LUT5=1;LUT6=2;RAMD32=1"
55,1.125,5.000,3.593,0.980,2.613,0.727,4,"ecc_fold_word_q_reg[0]/C","ecc_product_odd_reg_0_3_18_18/DP/I","other","FDCE=1;LUT4=1;LUT5=1;LUT6=2;RAMD32=1"
56,1.125,5.000,3.593,0.980,2.613,0.727,4,"ecc_fold_word_q_reg[0]/C","ecc_product_odd_reg_0_3_19_19/DP/I","other","FDCE=1;LUT4=1;LUT5=1;LUT6=2;RAMD32=1"
57,1.125,5.000,3.593,0.980,2.613,0.727,4,"ecc_fold_word_q_reg[0]/C","ecc_product_odd_reg_0_3_1_1/DP/I","other","FDCE=1;LUT4=1;LUT5=1;LUT6=2;RAMD32=1"
58,1.125,5.000,3.593,0.980,2.613,0.727,4,"ecc_fold_word_q_reg[0]/C","ecc_product_odd_reg_0_3_20_20/DP/I","other","FDCE=1;LUT4=1;LUT5=1;LUT6=2;RAMD32=1"
59,1.125,5.000,3.593,0.980,2.613,0.727,4,"ecc_fold_word_q_reg[0]/C","ecc_product_odd_reg_0_3_21_21/DP/I","other","FDCE=1;LUT4=1;LUT5=1;LUT6=2;RAMD32=1"
60,1.125,5.000,3.593,0.980,2.613,0.727,4,"ecc_fold_word_q_reg[0]/C","ecc_product_odd_reg_0_3_22_22/DP/I","other","FDCE=1;LUT4=1;LUT5=1;LUT6=2;RAMD32=1"
61,1.125,5.000,3.593,0.980,2.613,0.727,4,"ecc_fold_word_q_reg[0]/C","ecc_product_odd_reg_0_3_23_23/DP/I","other","FDCE=1;LUT4=1;LUT5=1;LUT6=2;RAMD32=1"
62,1.125,5.000,3.593,0.980,2.613,0.727,4,"ecc_fold_word_q_reg[0]/C","ecc_product_odd_reg_0_3_24_24/DP/I","other","FDCE=1;LUT4=1;LUT5=1;LUT6=2;RAMD32=1"
63,1.125,5.000,3.593,0.980,2.613,0.727,4,"ecc_fold_word_q_reg[0]/C","ecc_product_odd_reg_0_3_25_25/DP/I","other","FDCE=1;LUT4=1;LUT5=1;LUT6=2;RAMD32=1"
64,1.125,5.000,3.593,0.980,2.613,0.727,4,"ecc_fold_word_q_reg[0]/C","ecc_product_odd_reg_0_3_26_26/DP/I","other","FDCE=1;LUT4=1;LUT5=1;LUT6=2;RAMD32=1"
65,1.125,5.000,3.593,0.980,2.613,0.727,4,"ecc_fold_word_q_reg[0]/C","ecc_product_odd_reg_0_3_27_27/DP/I","other","FDCE=1;LUT4=1;LUT5=1;LUT6=2;RAMD32=1"
66,1.125,5.000,3.593,0.980,2.613,0.727,4,"ecc_fold_word_q_reg[0]/C","ecc_product_odd_reg_0_3_28_28/DP/I","other","FDCE=1;LUT4=1;LUT5=1;LUT6=2;RAMD32=1"
67,1.125,5.000,3.593,0.980,2.613,0.727,4,"ecc_fold_word_q_reg[0]/C","ecc_product_odd_reg_0_3_29_29/DP/I","other","FDCE=1;LUT4=1;LUT5=1;LUT6=2;RAMD32=1"
68,1.125,5.000,3.593,0.980,2.613,0.727,4,"ecc_fold_word_q_reg[0]/C","ecc_product_odd_reg_0_3_2_2/DP/I","other","FDCE=1;LUT4=1;LUT5=1;LUT6=2;RAMD32=1"
69,1.125,5.000,3.593,0.980,2.613,0.727,4,"ecc_fold_word_q_reg[0]/C","ecc_product_odd_reg_0_3_30_30/DP/I","other","FDCE=1;LUT4=1;LUT5=1;LUT6=2;RAMD32=1"
70,1.125,5.000,3.593,0.980,2.613,0.727,4,"ecc_fold_word_q_reg[0]/C","ecc_product_odd_reg_0_3_3_3/DP/I","other","FDCE=1;LUT4=1;LUT5=1;LUT6=2;RAMD32=1"
71,1.125,5.000,3.593,0.980,2.613,0.727,4,"ecc_fold_word_q_reg[0]/C","ecc_product_odd_reg_0_3_4_4/DP/I","other","FDCE=1;LUT4=1;LUT5=1;LUT6=2;RAMD32=1"
72,1.125,5.000,3.593,0.980,2.613,0.727,4,"ecc_fold_word_q_reg[0]/C","ecc_product_odd_reg_0_3_5_5/DP/I","other","FDCE=1;LUT4=1;LUT5=1;LUT6=2;RAMD32=1"
73,1.125,5.000,3.593,0.980,2.613,0.727,4,"ecc_fold_word_q_reg[0]/C","ecc_product_odd_reg_0_3_6_6/DP/I","other","FDCE=1;LUT4=1;LUT5=1;LUT6=2;RAMD32=1"
74,1.125,5.000,3.593,0.980,2.613,0.727,4,"ecc_fold_word_q_reg[0]/C","ecc_product_odd_reg_0_3_7_7/DP/I","other","FDCE=1;LUT4=1;LUT5=1;LUT6=2;RAMD32=1"
75,1.125,5.000,3.593,0.980,2.613,0.727,4,"ecc_fold_word_q_reg[0]/C","ecc_product_odd_reg_0_3_8_8/DP/I","other","FDCE=1;LUT4=1;LUT5=1;LUT6=2;RAMD32=1"
76,1.125,5.000,3.593,0.980,2.613,0.727,4,"ecc_fold_word_q_reg[0]/C","ecc_product_odd_reg_0_3_9_9/DP/I","other","FDCE=1;LUT4=1;LUT5=1;LUT6=2;RAMD32=1"
77,1.128,5.000,3.869,1.000,2.869,0.742,4,"gen_lane[0].i_p2_pop_slice/bool_result_q_reg[17]/C","gen_lane[0].i_p2_pop_slice/popcount_part_q_o_reg[0][1]/D","P2 popcount capture","FDCE=2;LUT3=1;LUT5=2;LUT6=1"
78,1.128,5.000,3.869,1.000,2.869,0.742,4,"gen_lane[0].i_p2_pop_slice/bool_result_q_reg[49]/C","gen_lane[0].i_p2_pop_slice/popcount_part_q_o_reg[1][1]/D","P2 popcount capture","FDCE=2;LUT3=1;LUT5=2;LUT6=1"
79,1.128,5.000,3.869,1.000,2.869,0.742,4,"gen_lane[1].i_p2_pop_slice/bool_result_q_reg[17]/C","gen_lane[1].i_p2_pop_slice/popcount_part_q_o_reg[0][1]/D","P2 popcount capture","FDCE=2;LUT3=1;LUT5=2;LUT6=1"
80,1.128,5.000,3.869,1.000,2.869,0.742,4,"gen_lane[1].i_p2_pop_slice/bool_result_q_reg[49]/C","gen_lane[1].i_p2_pop_slice/popcount_part_q_o_reg[1][1]/D","P2 popcount capture","FDCE=2;LUT3=1;LUT5=2;LUT6=1"
81,1.128,5.000,3.869,1.000,2.869,0.742,4,"gen_lane[2].i_p2_pop_slice/bool_result_q_reg[17]/C","gen_lane[2].i_p2_pop_slice/popcount_part_q_o_reg[0][1]/D","P2 popcount capture","FDCE=2;LUT3=1;LUT5=2;LUT6=1"
82,1.128,5.000,3.869,1.000,2.869,0.742,4,"gen_lane[2].i_p2_pop_slice/bool_result_q_reg[49]/C","gen_lane[2].i_p2_pop_slice/popcount_part_q_o_reg[1][1]/D","P2 popcount capture","FDCE=2;LUT3=1;LUT5=2;LUT6=1"
83,1.128,5.000,3.869,1.000,2.869,0.742,4,"gen_lane[3].i_p2_pop_slice/bool_result_q_reg[17]/C","gen_lane[3].i_p2_pop_slice/popcount_part_q_o_reg[0][1]/D","P2 popcount capture","FDCE=2;LUT3=1;LUT5=2;LUT6=1"
84,1.128,5.000,3.869,1.000,2.869,0.742,4,"gen_lane[3].i_p2_pop_slice/bool_result_q_reg[49]/C","gen_lane[3].i_p2_pop_slice/popcount_part_q_o_reg[1][1]/D","P2 popcount capture","FDCE=2;LUT3=1;LUT5=2;LUT6=1"
85,1.144,5.000,3.574,0.980,2.594,0.726,4,"ecc_fold_word_q_reg[0]/C","ecc_product_even_reg_0_3_32_32/DP/I","other","FDCE=1;LUT4=1;LUT5=1;LUT6=2;RAMD32=1"
86,1.144,5.000,3.574,0.980,2.594,0.726,4,"ecc_fold_word_q_reg[0]/C","ecc_product_even_reg_0_3_33_33/DP/I","other","FDCE=1;LUT4=1;LUT5=1;LUT6=2;RAMD32=1"
87,1.144,5.000,3.574,0.980,2.594,0.726,4,"ecc_fold_word_q_reg[0]/C","ecc_product_even_reg_0_3_34_34/DP/I","other","FDCE=1;LUT4=1;LUT5=1;LUT6=2;RAMD32=1"
88,1.144,5.000,3.574,0.980,2.594,0.726,4,"ecc_fold_word_q_reg[0]/C","ecc_product_even_reg_0_3_35_35/DP/I","other","FDCE=1;LUT4=1;LUT5=1;LUT6=2;RAMD32=1"
89,1.144,5.000,3.574,0.980,2.594,0.726,4,"ecc_fold_word_q_reg[0]/C","ecc_product_even_reg_0_3_36_36/DP/I","other","FDCE=1;LUT4=1;LUT5=1;LUT6=2;RAMD32=1"
90,1.144,5.000,3.574,0.980,2.594,0.726,4,"ecc_fold_word_q_reg[0]/C","ecc_product_even_reg_0_3_37_37/DP/I","other","FDCE=1;LUT4=1;LUT5=1;LUT6=2;RAMD32=1"
91,1.144,5.000,3.574,0.980,2.594,0.726,4,"ecc_fold_word_q_reg[0]/C","ecc_product_even_reg_0_3_38_38/DP/I","other","FDCE=1;LUT4=1;LUT5=1;LUT6=2;RAMD32=1"
92,1.144,5.000,3.574,0.980,2.594,0.726,4,"ecc_fold_word_q_reg[0]/C","ecc_product_even_reg_0_3_39_39/DP/I","other","FDCE=1;LUT4=1;LUT5=1;LUT6=2;RAMD32=1"
93,1.144,5.000,3.574,0.980,2.594,0.726,4,"ecc_fold_word_q_reg[0]/C","ecc_product_even_reg_0_3_40_40/DP/I","other","FDCE=1;LUT4=1;LUT5=1;LUT6=2;RAMD32=1"
94,1.144,5.000,3.574,0.980,2.594,0.726,4,"ecc_fold_word_q_reg[0]/C","ecc_product_even_reg_0_3_41_41/DP/I","other","FDCE=1;LUT4=1;LUT5=1;LUT6=2;RAMD32=1"
95,1.144,5.000,3.574,0.980,2.594,0.726,4,"ecc_fold_word_q_reg[0]/C","ecc_product_even_reg_0_3_42_42/DP/I","other","FDCE=1;LUT4=1;LUT5=1;LUT6=2;RAMD32=1"
96,1.144,5.000,3.574,0.980,2.594,0.726,4,"ecc_fold_word_q_reg[0]/C","ecc_product_even_reg_0_3_43_43/DP/I","other","FDCE=1;LUT4=1;LUT5=1;LUT6=2;RAMD32=1"
97,1.144,5.000,3.574,0.980,2.594,0.726,4,"ecc_fold_word_q_reg[0]/C","ecc_product_even_reg_0_3_44_44/DP/I","other","FDCE=1;LUT4=1;LUT5=1;LUT6=2;RAMD32=1"
98,1.144,5.000,3.574,0.980,2.594,0.726,4,"ecc_fold_word_q_reg[0]/C","ecc_product_even_reg_0_3_45_45/DP/I","other","FDCE=1;LUT4=1;LUT5=1;LUT6=2;RAMD32=1"
99,1.144,5.000,3.574,0.980,2.594,0.726,4,"ecc_fold_word_q_reg[0]/C","ecc_product_even_reg_0_3_46_46/DP/I","other","FDCE=1;LUT4=1;LUT5=1;LUT6=2;RAMD32=1"
100,1.144,5.000,3.574,0.980,2.594,0.726,4,"ecc_fold_word_q_reg[0]/C","ecc_product_even_reg_0_3_47_47/DP/I","other","FDCE=1;LUT4=1;LUT5=1;LUT6=2;RAMD32=1"
101,1.144,5.000,3.574,0.980,2.594,0.726,4,"ecc_fold_word_q_reg[0]/C","ecc_product_even_reg_0_3_48_48/DP/I","other","FDCE=1;LUT4=1;LUT5=1;LUT6=2;RAMD32=1"
102,1.144,5.000,3.574,0.980,2.594,0.726,4,"ecc_fold_word_q_reg[0]/C","ecc_product_even_reg_0_3_49_49/DP/I","other","FDCE=1;LUT4=1;LUT5=1;LUT6=2;RAMD32=1"
103,1.144,5.000,3.574,0.980,2.594,0.726,4,"ecc_fold_word_q_reg[0]/C","ecc_product_even_reg_0_3_50_50/DP/I","other","FDCE=1;LUT4=1;LUT5=1;LUT6=2;RAMD32=1"
104,1.144,5.000,3.574,0.980,2.594,0.726,4,"ecc_fold_word_q_reg[0]/C","ecc_product_even_reg_0_3_51_51/DP/I","other","FDCE=1;LUT4=1;LUT5=1;LUT6=2;RAMD32=1"
105,1.144,5.000,3.574,0.980,2.594,0.726,4,"ecc_fold_word_q_reg[0]/C","ecc_product_even_reg_0_3_52_52/DP/I","other","FDCE=1;LUT4=1;LUT5=1;LUT6=2;RAMD32=1"
106,1.144,5.000,3.574,0.980,2.594,0.726,4,"ecc_fold_word_q_reg[0]/C","ecc_product_even_reg_0_3_53_53/DP/I","other","FDCE=1;LUT4=1;LUT5=1;LUT6=2;RAMD32=1"
107,1.144,5.000,3.574,0.980,2.594,0.726,4,"ecc_fold_word_q_reg[0]/C","ecc_product_even_reg_0_3_54_54/DP/I","other","FDCE=1;LUT4=1;LUT5=1;LUT6=2;RAMD32=1"
108,1.144,5.000,3.574,0.980,2.594,0.726,4,"ecc_fold_word_q_reg[0]/C","ecc_product_even_reg_0_3_55_55/DP/I","other","FDCE=1;LUT4=1;LUT5=1;LUT6=2;RAMD32=1"
109,1.144,5.000,3.574,0.980,2.594,0.726,4,"ecc_fold_word_q_reg[0]/C","ecc_product_even_reg_0_3_56_56/DP/I","other","FDCE=1;LUT4=1;LUT5=1;LUT6=2;RAMD32=1"
110,1.144,5.000,3.574,0.980,2.594,0.726,4,"ecc_fold_word_q_reg[0]/C","ecc_product_even_reg_0_3_57_57/DP/I","other","FDCE=1;LUT4=1;LUT5=1;LUT6=2;RAMD32=1"
111,1.144,5.000,3.574,0.980,2.594,0.726,4,"ecc_fold_word_q_reg[0]/C","ecc_product_even_reg_0_3_58_58/DP/I","other","FDCE=1;LUT4=1;LUT5=1;LUT6=2;RAMD32=1"
112,1.144,5.000,3.574,0.980,2.594,0.726,4,"ecc_fold_word_q_reg[0]/C","ecc_product_even_reg_0_3_59_59/DP/I","other","FDCE=1;LUT4=1;LUT5=1;LUT6=2;RAMD32=1"
113,1.144,5.000,3.574,0.980,2.594,0.726,4,"ecc_fold_word_q_reg[0]/C","ecc_product_even_reg_0_3_60_60/DP/I","other","FDCE=1;LUT4=1;LUT5=1;LUT6=2;RAMD32=1"
114,1.144,5.000,3.574,0.980,2.594,0.726,4,"ecc_fold_word_q_reg[0]/C","ecc_product_even_reg_0_3_61_61/DP/I","other","FDCE=1;LUT4=1;LUT5=1;LUT6=2;RAMD32=1"
115,1.144,5.000,3.574,0.980,2.594,0.726,4,"ecc_fold_word_q_reg[0]/C","ecc_product_even_reg_0_3_62_62/DP/I","other","FDCE=1;LUT4=1;LUT5=1;LUT6=2;RAMD32=1"
116,1.160,5.000,3.593,0.980,2.613,0.727,4,"ecc_fold_word_q_reg[0]/C","ecc_product_even_reg_0_3_63_63/SP/I","other","FDCE=1;LUT4=2;LUT5=1;LUT6=1;RAMD32=1"
117,1.160,5.000,3.593,0.980,2.613,0.727,4,"ecc_fold_word_q_reg[0]/C","ecc_product_odd_reg_0_3_0_0/SP/I","other","FDCE=1;LUT4=1;LUT5=1;LUT6=2;RAMD32=1"
118,1.160,5.000,3.593,0.980,2.613,0.727,4,"ecc_fold_word_q_reg[0]/C","ecc_product_odd_reg_0_3_10_10/SP/I","other","FDCE=1;LUT4=1;LUT5=1;LUT6=2;RAMD32=1"
119,1.160,5.000,3.593,0.980,2.613,0.727,4,"ecc_fold_word_q_reg[0]/C","ecc_product_odd_reg_0_3_11_11/SP/I","other","FDCE=1;LUT4=1;LUT5=1;LUT6=2;RAMD32=1"
120,1.160,5.000,3.593,0.980,2.613,0.727,4,"ecc_fold_word_q_reg[0]/C","ecc_product_odd_reg_0_3_12_12/SP/I","other","FDCE=1;LUT4=1;LUT5=1;LUT6=2;RAMD32=1"
121,1.160,5.000,3.593,0.980,2.613,0.727,4,"ecc_fold_word_q_reg[0]/C","ecc_product_odd_reg_0_3_13_13/SP/I","other","FDCE=1;LUT4=1;LUT5=1;LUT6=2;RAMD32=1"
122,1.160,5.000,3.593,0.980,2.613,0.727,4,"ecc_fold_word_q_reg[0]/C","ecc_product_odd_reg_0_3_14_14/SP/I","other","FDCE=1;LUT4=1;LUT5=1;LUT6=2;RAMD32=1"
123,1.160,5.000,3.593,0.980,2.613,0.727,4,"ecc_fold_word_q_reg[0]/C","ecc_product_odd_reg_0_3_15_15/SP/I","other","FDCE=1;LUT4=1;LUT5=1;LUT6=2;RAMD32=1"
124,1.160,5.000,3.593,0.980,2.613,0.727,4,"ecc_fold_word_q_reg[0]/C","ecc_product_odd_reg_0_3_16_16/SP/I","other","FDCE=1;LUT4=1;LUT5=1;LUT6=2;RAMD32=1"
125,1.160,5.000,3.593,0.980,2.613,0.727,4,"ecc_fold_word_q_reg[0]/C","ecc_product_odd_reg_0_3_17_17/SP/I","other","FDCE=1;LUT4=1;LUT5=1;LUT6=2;RAMD32=1"
126,1.160,5.000,3.593,0.980,2.613,0.727,4,"ecc_fold_word_q_reg[0]/C","ecc_product_odd_reg_0_3_18_18/SP/I","other","FDCE=1;LUT4=1;LUT5=1;LUT6=2;RAMD32=1"
127,1.160,5.000,3.593,0.980,2.613,0.727,4,"ecc_fold_word_q_reg[0]/C","ecc_product_odd_reg_0_3_19_19/SP/I","other","FDCE=1;LUT4=1;LUT5=1;LUT6=2;RAMD32=1"
128,1.160,5.000,3.593,0.980,2.613,0.727,4,"ecc_fold_word_q_reg[0]/C","ecc_product_odd_reg_0_3_1_1/SP/I","other","FDCE=1;LUT4=1;LUT5=1;LUT6=2;RAMD32=1"
129,1.160,5.000,3.593,0.980,2.613,0.727,4,"ecc_fold_word_q_reg[0]/C","ecc_product_odd_reg_0_3_20_20/SP/I","other","FDCE=1;LUT4=1;LUT5=1;LUT6=2;RAMD32=1"
130,1.160,5.000,3.593,0.980,2.613,0.727,4,"ecc_fold_word_q_reg[0]/C","ecc_product_odd_reg_0_3_21_21/SP/I","other","FDCE=1;LUT4=1;LUT5=1;LUT6=2;RAMD32=1"
131,1.160,5.000,3.593,0.980,2.613,0.727,4,"ecc_fold_word_q_reg[0]/C","ecc_product_odd_reg_0_3_22_22/SP/I","other","FDCE=1;LUT4=1;LUT5=1;LUT6=2;RAMD32=1"
132,1.160,5.000,3.593,0.980,2.613,0.727,4,"ecc_fold_word_q_reg[0]/C","ecc_product_odd_reg_0_3_23_23/SP/I","other","FDCE=1;LUT4=1;LUT5=1;LUT6=2;RAMD32=1"
133,1.160,5.000,3.593,0.980,2.613,0.727,4,"ecc_fold_word_q_reg[0]/C","ecc_product_odd_reg_0_3_24_24/SP/I","other","FDCE=1;LUT4=1;LUT5=1;LUT6=2;RAMD32=1"
134,1.160,5.000,3.593,0.980,2.613,0.727,4,"ecc_fold_word_q_reg[0]/C","ecc_product_odd_reg_0_3_25_25/SP/I","other","FDCE=1;LUT4=1;LUT5=1;LUT6=2;RAMD32=1"
135,1.160,5.000,3.593,0.980,2.613,0.727,4,"ecc_fold_word_q_reg[0]/C","ecc_product_odd_reg_0_3_26_26/SP/I","other","FDCE=1;LUT4=1;LUT5=1;LUT6=2;RAMD32=1"
136,1.160,5.000,3.593,0.980,2.613,0.727,4,"ecc_fold_word_q_reg[0]/C","ecc_product_odd_reg_0_3_27_27/SP/I","other","FDCE=1;LUT4=1;LUT5=1;LUT6=2;RAMD32=1"
137,1.160,5.000,3.593,0.980,2.613,0.727,4,"ecc_fold_word_q_reg[0]/C","ecc_product_odd_reg_0_3_28_28/SP/I","other","FDCE=1;LUT4=1;LUT5=1;LUT6=2;RAMD32=1"
138,1.160,5.000,3.593,0.980,2.613,0.727,4,"ecc_fold_word_q_reg[0]/C","ecc_product_odd_reg_0_3_29_29/SP/I","other","FDCE=1;LUT4=1;LUT5=1;LUT6=2;RAMD32=1"
139,1.160,5.000,3.593,0.980,2.613,0.727,4,"ecc_fold_word_q_reg[0]/C","ecc_product_odd_reg_0_3_2_2/SP/I","other","FDCE=1;LUT4=1;LUT5=1;LUT6=2;RAMD32=1"
140,1.160,5.000,3.593,0.980,2.613,0.727,4,"ecc_fold_word_q_reg[0]/C","ecc_product_odd_reg_0_3_30_30/SP/I","other","FDCE=1;LUT4=1;LUT5=1;LUT6=2;RAMD32=1"
141,1.160,5.000,3.593,0.980,2.613,0.727,4,"ecc_fold_word_q_reg[0]/C","ecc_product_odd_reg_0_3_3_3/SP/I","other","FDCE=1;LUT4=1;LUT5=1;LUT6=2;RAMD32=1"
142,1.160,5.000,3.593,0.980,2.613,0.727,4,"ecc_fold_word_q_reg[0]/C","ecc_product_odd_reg_0_3_4_4/SP/I","other","FDCE=1;LUT4=1;LUT5=1;LUT6=2;RAMD32=1"
143,1.160,5.000,3.593,0.980,2.613,0.727,4,"ecc_fold_word_q_reg[0]/C","ecc_product_odd_reg_0_3_5_5/SP/I","other","FDCE=1;LUT4=1;LUT5=1;LUT6=2;RAMD32=1"
144,1.160,5.000,3.593,0.980,2.613,0.727,4,"ecc_fold_word_q_reg[0]/C","ecc_product_odd_reg_0_3_6_6/SP/I","other","FDCE=1;LUT4=1;LUT5=1;LUT6=2;RAMD32=1"
145,1.160,5.000,3.593,0.980,2.613,0.727,4,"ecc_fold_word_q_reg[0]/C","ecc_product_odd_reg_0_3_7_7/SP/I","other","FDCE=1;LUT4=1;LUT5=1;LUT6=2;RAMD32=1"
146,1.160,5.000,3.593,0.980,2.613,0.727,4,"ecc_fold_word_q_reg[0]/C","ecc_product_odd_reg_0_3_8_8/SP/I","other","FDCE=1;LUT4=1;LUT5=1;LUT6=2;RAMD32=1"
147,1.160,5.000,3.593,0.980,2.613,0.727,4,"ecc_fold_word_q_reg[0]/C","ecc_product_odd_reg_0_3_9_9/SP/I","other","FDCE=1;LUT4=1;LUT5=1;LUT6=2;RAMD32=1"
148,1.179,5.000,3.574,0.980,2.594,0.726,4,"ecc_fold_word_q_reg[0]/C","ecc_product_even_reg_0_3_32_32/SP/I","other","FDCE=1;LUT4=1;LUT5=1;LUT6=2;RAMD32=1"
149,1.179,5.000,3.574,0.980,2.594,0.726,4,"ecc_fold_word_q_reg[0]/C","ecc_product_even_reg_0_3_33_33/SP/I","other","FDCE=1;LUT4=1;LUT5=1;LUT6=2;RAMD32=1"
150,1.179,5.000,3.574,0.980,2.594,0.726,4,"ecc_fold_word_q_reg[0]/C","ecc_product_even_reg_0_3_34_34/SP/I","other","FDCE=1;LUT4=1;LUT5=1;LUT6=2;RAMD32=1"
151,1.179,5.000,3.574,0.980,2.594,0.726,4,"ecc_fold_word_q_reg[0]/C","ecc_product_even_reg_0_3_35_35/SP/I","other","FDCE=1;LUT4=1;LUT5=1;LUT6=2;RAMD32=1"
152,1.179,5.000,3.574,0.980,2.594,0.726,4,"ecc_fold_word_q_reg[0]/C","ecc_product_even_reg_0_3_36_36/SP/I","other","FDCE=1;LUT4=1;LUT5=1;LUT6=2;RAMD32=1"
153,1.179,5.000,3.574,0.980,2.594,0.726,4,"ecc_fold_word_q_reg[0]/C","ecc_product_even_reg_0_3_37_37/SP/I","other","FDCE=1;LUT4=1;LUT5=1;LUT6=2;RAMD32=1"
154,1.179,5.000,3.574,0.980,2.594,0.726,4,"ecc_fold_word_q_reg[0]/C","ecc_product_even_reg_0_3_38_38/SP/I","other","FDCE=1;LUT4=1;LUT5=1;LUT6=2;RAMD32=1"
155,1.179,5.000,3.574,0.980,2.594,0.726,4,"ecc_fold_word_q_reg[0]/C","ecc_product_even_reg_0_3_39_39/SP/I","other","FDCE=1;LUT4=1;LUT5=1;LUT6=2;RAMD32=1"
156,1.179,5.000,3.574,0.980,2.594,0.726,4,"ecc_fold_word_q_reg[0]/C","ecc_product_even_reg_0_3_40_40/SP/I","other","FDCE=1;LUT4=1;LUT5=1;LUT6=2;RAMD32=1"
157,1.179,5.000,3.574,0.980,2.594,0.726,4,"ecc_fold_word_q_reg[0]/C","ecc_product_even_reg_0_3_41_41/SP/I","other","FDCE=1;LUT4=1;LUT5=1;LUT6=2;RAMD32=1"
158,1.179,5.000,3.574,0.980,2.594,0.726,4,"ecc_fold_word_q_reg[0]/C","ecc_product_even_reg_0_3_42_42/SP/I","other","FDCE=1;LUT4=1;LUT5=1;LUT6=2;RAMD32=1"
159,1.179,5.000,3.574,0.980,2.594,0.726,4,"ecc_fold_word_q_reg[0]/C","ecc_product_even_reg_0_3_43_43/SP/I","other","FDCE=1;LUT4=1;LUT5=1;LUT6=2;RAMD32=1"
160,1.179,5.000,3.574,0.980,2.594,0.726,4,"ecc_fold_word_q_reg[0]/C","ecc_product_even_reg_0_3_44_44/SP/I","other","FDCE=1;LUT4=1;LUT5=1;LUT6=2;RAMD32=1"
161,1.179,5.000,3.574,0.980,2.594,0.726,4,"ecc_fold_word_q_reg[0]/C","ecc_product_even_reg_0_3_45_45/SP/I","other","FDCE=1;LUT4=1;LUT5=1;LUT6=2;RAMD32=1"
162,1.179,5.000,3.574,0.980,2.594,0.726,4,"ecc_fold_word_q_reg[0]/C","ecc_product_even_reg_0_3_46_46/SP/I","other","FDCE=1;LUT4=1;LUT5=1;LUT6=2;RAMD32=1"
163,1.179,5.000,3.574,0.980,2.594,0.726,4,"ecc_fold_word_q_reg[0]/C","ecc_product_even_reg_0_3_47_47/SP/I","other","FDCE=1;LUT4=1;LUT5=1;LUT6=2;RAMD32=1"
164,1.179,5.000,3.574,0.980,2.594,0.726,4,"ecc_fold_word_q_reg[0]/C","ecc_product_even_reg_0_3_48_48/SP/I","other","FDCE=1;LUT4=1;LUT5=1;LUT6=2;RAMD32=1"
165,1.179,5.000,3.574,0.980,2.594,0.726,4,"ecc_fold_word_q_reg[0]/C","ecc_product_even_reg_0_3_49_49/SP/I","other","FDCE=1;LUT4=1;LUT5=1;LUT6=2;RAMD32=1"
166,1.179,5.000,3.574,0.980,2.594,0.726,4,"ecc_fold_word_q_reg[0]/C","ecc_product_even_reg_0_3_50_50/SP/I","other","FDCE=1;LUT4=1;LUT5=1;LUT6=2;RAMD32=1"
167,1.179,5.000,3.574,0.980,2.594,0.726,4,"ecc_fold_word_q_reg[0]/C","ecc_product_even_reg_0_3_51_51/SP/I","other","FDCE=1;LUT4=1;LUT5=1;LUT6=2;RAMD32=1"
168,1.179,5.000,3.574,0.980,2.594,0.726,4,"ecc_fold_word_q_reg[0]/C","ecc_product_even_reg_0_3_52_52/SP/I","other","FDCE=1;LUT4=1;LUT5=1;LUT6=2;RAMD32=1"
169,1.179,5.000,3.574,0.980,2.594,0.726,4,"ecc_fold_word_q_reg[0]/C","ecc_product_even_reg_0_3_53_53/SP/I","other","FDCE=1;LUT4=1;LUT5=1;LUT6=2;RAMD32=1"
170,1.179,5.000,3.574,0.980,2.594,0.726,4,"ecc_fold_word_q_reg[0]/C","ecc_product_even_reg_0_3_54_54/SP/I","other","FDCE=1;LUT4=1;LUT5=1;LUT6=2;RAMD32=1"
171,1.179,5.000,3.574,0.980,2.594,0.726,4,"ecc_fold_word_q_reg[0]/C","ecc_product_even_reg_0_3_55_55/SP/I","other","FDCE=1;LUT4=1;LUT5=1;LUT6=2;RAMD32=1"
172,1.179,5.000,3.574,0.980,2.594,0.726,4,"ecc_fold_word_q_reg[0]/C","ecc_product_even_reg_0_3_56_56/SP/I","other","FDCE=1;LUT4=1;LUT5=1;LUT6=2;RAMD32=1"
173,1.179,5.000,3.574,0.980,2.594,0.726,4,"ecc_fold_word_q_reg[0]/C","ecc_product_even_reg_0_3_57_57/SP/I","other","FDCE=1;LUT4=1;LUT5=1;LUT6=2;RAMD32=1"
174,1.179,5.000,3.574,0.980,2.594,0.726,4,"ecc_fold_word_q_reg[0]/C","ecc_product_even_reg_0_3_58_58/SP/I","other","FDCE=1;LUT4=1;LUT5=1;LUT6=2;RAMD32=1"
175,1.179,5.000,3.574,0.980,2.594,0.726,4,"ecc_fold_word_q_reg[0]/C","ecc_product_even_reg_0_3_59_59/SP/I","other","FDCE=1;LUT4=1;LUT5=1;LUT6=2;RAMD32=1"
176,1.179,5.000,3.574,0.980,2.594,0.726,4,"ecc_fold_word_q_reg[0]/C","ecc_product_even_reg_0_3_60_60/SP/I","other","FDCE=1;LUT4=1;LUT5=1;LUT6=2;RAMD32=1"
177,1.179,5.000,3.574,0.980,2.594,0.726,4,"ecc_fold_word_q_reg[0]/C","ecc_product_even_reg_0_3_61_61/SP/I","other","FDCE=1;LUT4=1;LUT5=1;LUT6=2;RAMD32=1"
178,1.179,5.000,3.574,0.980,2.594,0.726,4,"ecc_fold_word_q_reg[0]/C","ecc_product_even_reg_0_3_62_62/SP/I","other","FDCE=1;LUT4=1;LUT5=1;LUT6=2;RAMD32=1"
179,1.221,5.000,3.776,1.085,2.691,0.713,5,"uop_p2_q_reg[use_shift]/C","lane_result_q_reg[0][32]/D","P2 lane result capture","FDCE=2;LUT3=1;LUT6=4"
180,1.221,5.000,3.776,1.085,2.691,0.713,5,"uop_p2_q_reg[use_shift]/C","lane_result_q_reg[0][33]/D","P2 lane result capture","FDCE=2;LUT3=1;LUT6=4"
181,1.221,5.000,3.776,1.085,2.691,0.713,5,"uop_p2_q_reg[use_shift]/C","lane_result_q_reg[0][34]/D","P2 lane result capture","FDCE=2;LUT3=1;LUT6=4"
182,1.221,5.000,3.776,1.085,2.691,0.713,5,"uop_p2_q_reg[use_shift]/C","lane_result_q_reg[0][35]/D","P2 lane result capture","FDCE=2;LUT3=1;LUT6=4"
183,1.221,5.000,3.776,1.085,2.691,0.713,5,"uop_p2_q_reg[use_shift]/C","lane_result_q_reg[0][40]/D","P2 lane result capture","FDCE=2;LUT3=1;LUT6=4"
184,1.221,5.000,3.776,1.085,2.691,0.713,5,"uop_p2_q_reg[use_shift]/C","lane_result_q_reg[0][41]/D","P2 lane result capture","FDCE=2;LUT3=1;LUT6=4"
185,1.221,5.000,3.776,1.085,2.691,0.713,5,"uop_p2_q_reg[use_shift]/C","lane_result_q_reg[0][42]/D","P2 lane result capture","FDCE=2;LUT3=1;LUT6=4"
186,1.221,5.000,3.776,1.085,2.691,0.713,5,"uop_p2_q_reg[use_shift]/C","lane_result_q_reg[0][43]/D","P2 lane result capture","FDCE=2;LUT3=1;LUT6=4"
187,1.221,5.000,3.776,1.085,2.691,0.713,5,"uop_p2_q_reg[use_shift]/C","lane_result_q_reg[0][48]/D","P2 lane result capture","FDCE=2;LUT3=1;LUT6=4"
188,1.221,5.000,3.776,1.085,2.691,0.713,5,"uop_p2_q_reg[use_shift]/C","lane_result_q_reg[0][49]/D","P2 lane result capture","FDCE=2;LUT3=1;LUT6=4"
189,1.221,5.000,3.776,1.085,2.691,0.713,5,"uop_p2_q_reg[use_shift]/C","lane_result_q_reg[0][50]/D","P2 lane result capture","FDCE=2;LUT3=1;LUT6=4"
190,1.221,5.000,3.776,1.085,2.691,0.713,5,"uop_p2_q_reg[use_shift]/C","lane_result_q_reg[0][51]/D","P2 lane result capture","FDCE=2;LUT3=1;LUT6=4"
191,1.221,5.000,3.776,1.085,2.691,0.713,5,"uop_p2_q_reg[use_shift]/C","lane_result_q_reg[0][56]/D","P2 lane result capture","FDCE=2;LUT3=1;LUT6=4"
192,1.221,5.000,3.776,1.085,2.691,0.713,5,"uop_p2_q_reg[use_shift]/C","lane_result_q_reg[0][57]/D","P2 lane result capture","FDCE=2;LUT3=1;LUT6=4"
193,1.221,5.000,3.776,1.085,2.691,0.713,5,"uop_p2_q_reg[use_shift]/C","lane_result_q_reg[0][58]/D","P2 lane result capture","FDCE=2;LUT3=1;LUT6=4"
194,1.221,5.000,3.776,1.085,2.691,0.713,5,"uop_p2_q_reg[use_shift]/C","lane_result_q_reg[0][59]/D","P2 lane result capture","FDCE=2;LUT3=1;LUT6=4"
195,1.221,5.000,3.776,1.085,2.691,0.713,5,"uop_p2_q_reg[use_shift]/C","lane_result_q_reg[1][0]/D","P2 lane result capture","FDCE=2;LUT3=1;LUT6=4"
196,1.221,5.000,3.776,1.085,2.691,0.713,5,"uop_p2_q_reg[use_shift]/C","lane_result_q_reg[1][10]/D","P2 lane result capture","FDCE=2;LUT3=1;LUT6=4"
197,1.221,5.000,3.776,1.085,2.691,0.713,5,"uop_p2_q_reg[use_shift]/C","lane_result_q_reg[1][11]/D","P2 lane result capture","FDCE=2;LUT3=1;LUT6=4"
198,1.221,5.000,3.776,1.085,2.691,0.713,5,"uop_p2_q_reg[use_shift]/C","lane_result_q_reg[1][16]/D","P2 lane result capture","FDCE=2;LUT3=1;LUT6=4"
199,1.221,5.000,3.776,1.085,2.691,0.713,5,"uop_p2_q_reg[use_shift]/C","lane_result_q_reg[1][17]/D","P2 lane result capture","FDCE=2;LUT3=1;LUT6=4"
200,1.221,5.000,3.776,1.085,2.691,0.713,5,"uop_p2_q_reg[use_shift]/C","lane_result_q_reg[1][18]/D","P2 lane result capture","FDCE=2;LUT3=1;LUT6=4"
201,1.221,5.000,3.776,1.085,2.691,0.713,5,"uop_p2_q_reg[use_shift]/C","lane_result_q_reg[1][19]/D","P2 lane result capture","FDCE=2;LUT3=1;LUT6=4"
202,1.221,5.000,3.776,1.085,2.691,0.713,5,"uop_p2_q_reg[use_shift]/C","lane_result_q_reg[1][1]/D","P2 lane result capture","FDCE=2;LUT3=1;LUT6=4"
203,1.221,5.000,3.776,1.085,2.691,0.713,5,"uop_p2_q_reg[use_shift]/C","lane_result_q_reg[1][24]/D","P2 lane result capture","FDCE=2;LUT3=1;LUT6=4"
204,1.221,5.000,3.776,1.085,2.691,0.713,5,"uop_p2_q_reg[use_shift]/C","lane_result_q_reg[1][25]/D","P2 lane result capture","FDCE=2;LUT3=1;LUT6=4"
205,1.221,5.000,3.776,1.085,2.691,0.713,5,"uop_p2_q_reg[use_shift]/C","lane_result_q_reg[1][26]/D","P2 lane result capture","FDCE=2;LUT3=1;LUT6=4"
206,1.221,5.000,3.776,1.085,2.691,0.713,5,"uop_p2_q_reg[use_shift]/C","lane_result_q_reg[1][27]/D","P2 lane result capture","FDCE=2;LUT3=1;LUT6=4"
207,1.221,5.000,3.776,1.085,2.691,0.713,5,"uop_p2_q_reg[use_shift]/C","lane_result_q_reg[1][2]/D","P2 lane result capture","FDCE=2;LUT3=1;LUT6=4"
208,1.221,5.000,3.776,1.085,2.691,0.713,5,"uop_p2_q_reg[use_shift]/C","lane_result_q_reg[1][32]/D","P2 lane result capture","FDCE=2;LUT3=1;LUT6=4"
209,1.221,5.000,3.776,1.085,2.691,0.713,5,"uop_p2_q_reg[use_shift]/C","lane_result_q_reg[1][33]/D","P2 lane result capture","FDCE=2;LUT3=1;LUT6=4"
210,1.221,5.000,3.776,1.085,2.691,0.713,5,"uop_p2_q_reg[use_shift]/C","lane_result_q_reg[1][34]/D","P2 lane result capture","FDCE=2;LUT3=1;LUT6=4"
211,1.221,5.000,3.776,1.085,2.691,0.713,5,"uop_p2_q_reg[use_shift]/C","lane_result_q_reg[1][35]/D","P2 lane result capture","FDCE=2;LUT3=1;LUT6=4"
212,1.221,5.000,3.776,1.085,2.691,0.713,5,"uop_p2_q_reg[use_shift]/C","lane_result_q_reg[1][3]/D","P2 lane result capture","FDCE=2;LUT3=1;LUT6=4"
213,1.221,5.000,3.776,1.085,2.691,0.713,5,"uop_p2_q_reg[use_shift]/C","lane_result_q_reg[1][40]/D","P2 lane result capture","FDCE=2;LUT3=1;LUT6=4"
214,1.221,5.000,3.776,1.085,2.691,0.713,5,"uop_p2_q_reg[use_shift]/C","lane_result_q_reg[1][41]/D","P2 lane result capture","FDCE=2;LUT3=1;LUT6=4"
215,1.221,5.000,3.776,1.085,2.691,0.713,5,"uop_p2_q_reg[use_shift]/C","lane_result_q_reg[1][42]/D","P2 lane result capture","FDCE=2;LUT3=1;LUT6=4"
216,1.221,5.000,3.776,1.085,2.691,0.713,5,"uop_p2_q_reg[use_shift]/C","lane_result_q_reg[1][43]/D","P2 lane result capture","FDCE=2;LUT3=1;LUT6=4"
217,1.221,5.000,3.776,1.085,2.691,0.713,5,"uop_p2_q_reg[use_shift]/C","lane_result_q_reg[1][48]/D","P2 lane result capture","FDCE=2;LUT3=1;LUT6=4"
218,1.221,5.000,3.776,1.085,2.691,0.713,5,"uop_p2_q_reg[use_shift]/C","lane_result_q_reg[1][49]/D","P2 lane result capture","FDCE=2;LUT3=1;LUT6=4"
219,1.221,5.000,3.776,1.085,2.691,0.713,5,"uop_p2_q_reg[use_shift]/C","lane_result_q_reg[1][50]/D","P2 lane result capture","FDCE=2;LUT3=1;LUT6=4"
220,1.221,5.000,3.776,1.085,2.691,0.713,5,"uop_p2_q_reg[use_shift]/C","lane_result_q_reg[1][51]/D","P2 lane result capture","FDCE=2;LUT3=1;LUT6=4"
221,1.221,5.000,3.776,1.085,2.691,0.713,5,"uop_p2_q_reg[use_shift]/C","lane_result_q_reg[1][56]/D","P2 lane result capture","FDCE=2;LUT3=1;LUT6=4"
222,1.221,5.000,3.776,1.085,2.691,0.713,5,"uop_p2_q_reg[use_shift]/C","lane_result_q_reg[1][57]/D","P2 lane result capture","FDCE=2;LUT3=1;LUT6=4"
223,1.221,5.000,3.776,1.085,2.691,0.713,5,"uop_p2_q_reg[use_shift]/C","lane_result_q_reg[1][58]/D","P2 lane result capture","FDCE=2;LUT3=1;LUT6=4"
224,1.221,5.000,3.776,1.085,2.691,0.713,5,"uop_p2_q_reg[use_shift]/C","lane_result_q_reg[1][59]/D","P2 lane result capture","FDCE=2;LUT3=1;LUT6=4"
225,1.221,5.000,3.776,1.085,2.691,0.713,5,"uop_p2_q_reg[use_shift]/C","lane_result_q_reg[1][8]/D","P2 lane result capture","FDCE=2;LUT3=1;LUT6=4"
226,1.221,5.000,3.776,1.085,2.691,0.713,5,"uop_p2_q_reg[use_shift]/C","lane_result_q_reg[1][9]/D","P2 lane result capture","FDCE=2;LUT3=1;LUT6=4"
227,1.221,5.000,3.776,1.085,2.691,0.713,5,"uop_p2_q_reg[use_shift]/C","lane_result_q_reg[2][0]/D","P2 lane result capture","FDCE=2;LUT3=1;LUT6=4"
228,1.221,5.000,3.776,1.085,2.691,0.713,5,"uop_p2_q_reg[use_shift]/C","lane_result_q_reg[2][10]/D","P2 lane result capture","FDCE=2;LUT3=1;LUT6=4"
229,1.221,5.000,3.776,1.085,2.691,0.713,5,"uop_p2_q_reg[use_shift]/C","lane_result_q_reg[2][11]/D","P2 lane result capture","FDCE=2;LUT3=1;LUT6=4"
230,1.221,5.000,3.776,1.085,2.691,0.713,5,"uop_p2_q_reg[use_shift]/C","lane_result_q_reg[2][16]/D","P2 lane result capture","FDCE=2;LUT3=1;LUT6=4"
231,1.221,5.000,3.776,1.085,2.691,0.713,5,"uop_p2_q_reg[use_shift]/C","lane_result_q_reg[2][17]/D","P2 lane result capture","FDCE=2;LUT3=1;LUT6=4"
232,1.221,5.000,3.776,1.085,2.691,0.713,5,"uop_p2_q_reg[use_shift]/C","lane_result_q_reg[2][18]/D","P2 lane result capture","FDCE=2;LUT3=1;LUT6=4"
233,1.221,5.000,3.776,1.085,2.691,0.713,5,"uop_p2_q_reg[use_shift]/C","lane_result_q_reg[2][19]/D","P2 lane result capture","FDCE=2;LUT3=1;LUT6=4"
234,1.221,5.000,3.776,1.085,2.691,0.713,5,"uop_p2_q_reg[use_shift]/C","lane_result_q_reg[2][1]/D","P2 lane result capture","FDCE=2;LUT3=1;LUT6=4"
235,1.221,5.000,3.776,1.085,2.691,0.713,5,"uop_p2_q_reg[use_shift]/C","lane_result_q_reg[2][24]/D","P2 lane result capture","FDCE=2;LUT3=1;LUT6=4"
236,1.221,5.000,3.776,1.085,2.691,0.713,5,"uop_p2_q_reg[use_shift]/C","lane_result_q_reg[2][25]/D","P2 lane result capture","FDCE=2;LUT3=1;LUT6=4"
237,1.221,5.000,3.776,1.085,2.691,0.713,5,"uop_p2_q_reg[use_shift]/C","lane_result_q_reg[2][26]/D","P2 lane result capture","FDCE=2;LUT3=1;LUT6=4"
238,1.221,5.000,3.776,1.085,2.691,0.713,5,"uop_p2_q_reg[use_shift]/C","lane_result_q_reg[2][27]/D","P2 lane result capture","FDCE=2;LUT3=1;LUT6=4"
239,1.221,5.000,3.776,1.085,2.691,0.713,5,"uop_p2_q_reg[use_shift]/C","lane_result_q_reg[2][2]/D","P2 lane result capture","FDCE=2;LUT3=1;LUT6=4"
240,1.221,5.000,3.776,1.085,2.691,0.713,5,"uop_p2_q_reg[use_shift]/C","lane_result_q_reg[2][32]/D","P2 lane result capture","FDCE=2;LUT3=1;LUT6=4"
241,1.221,5.000,3.776,1.085,2.691,0.713,5,"uop_p2_q_reg[use_shift]/C","lane_result_q_reg[2][33]/D","P2 lane result capture","FDCE=2;LUT3=1;LUT6=4"
242,1.221,5.000,3.776,1.085,2.691,0.713,5,"uop_p2_q_reg[use_shift]/C","lane_result_q_reg[2][34]/D","P2 lane result capture","FDCE=2;LUT3=1;LUT6=4"
243,1.221,5.000,3.776,1.085,2.691,0.713,5,"uop_p2_q_reg[use_shift]/C","lane_result_q_reg[2][35]/D","P2 lane result capture","FDCE=2;LUT3=1;LUT6=4"
244,1.221,5.000,3.776,1.085,2.691,0.713,5,"uop_p2_q_reg[use_shift]/C","lane_result_q_reg[2][3]/D","P2 lane result capture","FDCE=2;LUT3=1;LUT6=4"
245,1.221,5.000,3.776,1.085,2.691,0.713,5,"uop_p2_q_reg[use_shift]/C","lane_result_q_reg[2][40]/D","P2 lane result capture","FDCE=2;LUT3=1;LUT6=4"
246,1.221,5.000,3.776,1.085,2.691,0.713,5,"uop_p2_q_reg[use_shift]/C","lane_result_q_reg[2][41]/D","P2 lane result capture","FDCE=2;LUT3=1;LUT6=4"
247,1.221,5.000,3.776,1.085,2.691,0.713,5,"uop_p2_q_reg[use_shift]/C","lane_result_q_reg[2][42]/D","P2 lane result capture","FDCE=2;LUT3=1;LUT6=4"
248,1.221,5.000,3.776,1.085,2.691,0.713,5,"uop_p2_q_reg[use_shift]/C","lane_result_q_reg[2][43]/D","P2 lane result capture","FDCE=2;LUT3=1;LUT6=4"
249,1.221,5.000,3.776,1.085,2.691,0.713,5,"uop_p2_q_reg[use_shift]/C","lane_result_q_reg[2][48]/D","P2 lane result capture","FDCE=2;LUT3=1;LUT6=4"
250,1.221,5.000,3.776,1.085,2.691,0.713,5,"uop_p2_q_reg[use_shift]/C","lane_result_q_reg[2][49]/D","P2 lane result capture","FDCE=2;LUT3=1;LUT6=4"
251,1.221,5.000,3.776,1.085,2.691,0.713,5,"uop_p2_q_reg[use_shift]/C","lane_result_q_reg[2][50]/D","P2 lane result capture","FDCE=2;LUT3=1;LUT6=4"
252,1.221,5.000,3.776,1.085,2.691,0.713,5,"uop_p2_q_reg[use_shift]/C","lane_result_q_reg[2][51]/D","P2 lane result capture","FDCE=2;LUT3=1;LUT6=4"
253,1.221,5.000,3.776,1.085,2.691,0.713,5,"uop_p2_q_reg[use_shift]/C","lane_result_q_reg[2][56]/D","P2 lane result capture","FDCE=2;LUT3=1;LUT6=4"
254,1.221,5.000,3.776,1.085,2.691,0.713,5,"uop_p2_q_reg[use_shift]/C","lane_result_q_reg[2][57]/D","P2 lane result capture","FDCE=2;LUT3=1;LUT6=4"
255,1.221,5.000,3.776,1.085,2.691,0.713,5,"uop_p2_q_reg[use_shift]/C","lane_result_q_reg[2][58]/D","P2 lane result capture","FDCE=2;LUT3=1;LUT6=4"
256,1.221,5.000,3.776,1.085,2.691,0.713,5,"uop_p2_q_reg[use_shift]/C","lane_result_q_reg[2][59]/D","P2 lane result capture","FDCE=2;LUT3=1;LUT6=4"
257,1.221,5.000,3.776,1.085,2.691,0.713,5,"uop_p2_q_reg[use_shift]/C","lane_result_q_reg[2][8]/D","P2 lane result capture","FDCE=2;LUT3=1;LUT6=4"
258,1.221,5.000,3.776,1.085,2.691,0.713,5,"uop_p2_q_reg[use_shift]/C","lane_result_q_reg[2][9]/D","P2 lane result capture","FDCE=2;LUT3=1;LUT6=4"
259,1.221,5.000,3.776,1.085,2.691,0.713,5,"uop_p2_q_reg[use_shift]/C","lane_result_q_reg[3][0]/D","P2 lane result capture","FDCE=2;LUT3=1;LUT6=4"
260,1.221,5.000,3.776,1.085,2.691,0.713,5,"uop_p2_q_reg[use_shift]/C","lane_result_q_reg[3][10]/D","P2 lane result capture","FDCE=2;LUT3=1;LUT6=4"
261,1.221,5.000,3.776,1.085,2.691,0.713,5,"uop_p2_q_reg[use_shift]/C","lane_result_q_reg[3][11]/D","P2 lane result capture","FDCE=2;LUT3=1;LUT6=4"
262,1.221,5.000,3.776,1.085,2.691,0.713,5,"uop_p2_q_reg[use_shift]/C","lane_result_q_reg[3][16]/D","P2 lane result capture","FDCE=2;LUT3=1;LUT6=4"
263,1.221,5.000,3.776,1.085,2.691,0.713,5,"uop_p2_q_reg[use_shift]/C","lane_result_q_reg[3][17]/D","P2 lane result capture","FDCE=2;LUT3=1;LUT6=4"
264,1.221,5.000,3.776,1.085,2.691,0.713,5,"uop_p2_q_reg[use_shift]/C","lane_result_q_reg[3][18]/D","P2 lane result capture","FDCE=2;LUT3=1;LUT6=4"
265,1.221,5.000,3.776,1.085,2.691,0.713,5,"uop_p2_q_reg[use_shift]/C","lane_result_q_reg[3][19]/D","P2 lane result capture","FDCE=2;LUT3=1;LUT6=4"
266,1.221,5.000,3.776,1.085,2.691,0.713,5,"uop_p2_q_reg[use_shift]/C","lane_result_q_reg[3][1]/D","P2 lane result capture","FDCE=2;LUT3=1;LUT6=4"
267,1.221,5.000,3.776,1.085,2.691,0.713,5,"uop_p2_q_reg[use_shift]/C","lane_result_q_reg[3][24]/D","P2 lane result capture","FDCE=2;LUT3=1;LUT6=4"
268,1.221,5.000,3.776,1.085,2.691,0.713,5,"uop_p2_q_reg[use_shift]/C","lane_result_q_reg[3][25]/D","P2 lane result capture","FDCE=2;LUT3=1;LUT6=4"
269,1.221,5.000,3.776,1.085,2.691,0.713,5,"uop_p2_q_reg[use_shift]/C","lane_result_q_reg[3][26]/D","P2 lane result capture","FDCE=2;LUT3=1;LUT6=4"
270,1.221,5.000,3.776,1.085,2.691,0.713,5,"uop_p2_q_reg[use_shift]/C","lane_result_q_reg[3][27]/D","P2 lane result capture","FDCE=2;LUT3=1;LUT6=4"
271,1.221,5.000,3.776,1.085,2.691,0.713,5,"uop_p2_q_reg[use_shift]/C","lane_result_q_reg[3][2]/D","P2 lane result capture","FDCE=2;LUT3=1;LUT6=4"
272,1.221,5.000,3.776,1.085,2.691,0.713,5,"uop_p2_q_reg[use_shift]/C","lane_result_q_reg[3][32]/D","P2 lane result capture","FDCE=2;LUT3=1;LUT6=4"
273,1.221,5.000,3.776,1.085,2.691,0.713,5,"uop_p2_q_reg[use_shift]/C","lane_result_q_reg[3][33]/D","P2 lane result capture","FDCE=2;LUT3=1;LUT6=4"
274,1.221,5.000,3.776,1.085,2.691,0.713,5,"uop_p2_q_reg[use_shift]/C","lane_result_q_reg[3][34]/D","P2 lane result capture","FDCE=2;LUT3=1;LUT6=4"
275,1.221,5.000,3.776,1.085,2.691,0.713,5,"uop_p2_q_reg[use_shift]/C","lane_result_q_reg[3][35]/D","P2 lane result capture","FDCE=2;LUT3=1;LUT6=4"
276,1.221,5.000,3.776,1.085,2.691,0.713,5,"uop_p2_q_reg[use_shift]/C","lane_result_q_reg[3][3]/D","P2 lane result capture","FDCE=2;LUT3=1;LUT6=4"
277,1.221,5.000,3.776,1.085,2.691,0.713,5,"uop_p2_q_reg[use_shift]/C","lane_result_q_reg[3][40]/D","P2 lane result capture","FDCE=2;LUT3=1;LUT6=4"
278,1.221,5.000,3.776,1.085,2.691,0.713,5,"uop_p2_q_reg[use_shift]/C","lane_result_q_reg[3][41]/D","P2 lane result capture","FDCE=2;LUT3=1;LUT6=4"
279,1.221,5.000,3.776,1.085,2.691,0.713,5,"uop_p2_q_reg[use_shift]/C","lane_result_q_reg[3][42]/D","P2 lane result capture","FDCE=2;LUT3=1;LUT6=4"
280,1.221,5.000,3.776,1.085,2.691,0.713,5,"uop_p2_q_reg[use_shift]/C","lane_result_q_reg[3][43]/D","P2 lane result capture","FDCE=2;LUT3=1;LUT6=4"
281,1.221,5.000,3.776,1.085,2.691,0.713,5,"uop_p2_q_reg[use_shift]/C","lane_result_q_reg[3][48]/D","P2 lane result capture","FDCE=2;LUT3=1;LUT6=4"
282,1.221,5.000,3.776,1.085,2.691,0.713,5,"uop_p2_q_reg[use_shift]/C","lane_result_q_reg[3][49]/D","P2 lane result capture","FDCE=2;LUT3=1;LUT6=4"
283,1.221,5.000,3.776,1.085,2.691,0.713,5,"uop_p2_q_reg[use_shift]/C","lane_result_q_reg[3][50]/D","P2 lane result capture","FDCE=2;LUT3=1;LUT6=4"
284,1.221,5.000,3.776,1.085,2.691,0.713,5,"uop_p2_q_reg[use_shift]/C","lane_result_q_reg[3][51]/D","P2 lane result capture","FDCE=2;LUT3=1;LUT6=4"
285,1.221,5.000,3.776,1.085,2.691,0.713,5,"uop_p2_q_reg[use_shift]/C","lane_result_q_reg[3][56]/D","P2 lane result capture","FDCE=2;LUT3=1;LUT6=4"
286,1.221,5.000,3.776,1.085,2.691,0.713,5,"uop_p2_q_reg[use_shift]/C","lane_result_q_reg[3][57]/D","P2 lane result capture","FDCE=2;LUT3=1;LUT6=4"
287,1.221,5.000,3.776,1.085,2.691,0.713,5,"uop_p2_q_reg[use_shift]/C","lane_result_q_reg[3][58]/D","P2 lane result capture","FDCE=2;LUT3=1;LUT6=4"
288,1.221,5.000,3.776,1.085,2.691,0.713,5,"uop_p2_q_reg[use_shift]/C","lane_result_q_reg[3][59]/D","P2 lane result capture","FDCE=2;LUT3=1;LUT6=4"
289,1.221,5.000,3.776,1.085,2.691,0.713,5,"uop_p2_q_reg[use_shift]/C","lane_result_q_reg[3][8]/D","P2 lane result capture","FDCE=2;LUT3=1;LUT6=4"
290,1.221,5.000,3.776,1.085,2.691,0.713,5,"uop_p2_q_reg[use_shift]/C","lane_result_q_reg[3][9]/D","P2 lane result capture","FDCE=2;LUT3=1;LUT6=4"
291,1.221,5.000,3.776,1.105,2.671,0.707,5,"st_q_reg[2]_rep/C","vrf_ra_q_reg[0][4]/D","VRF/read/writeback","FDCE=2;LUT3=2;LUT4=1;LUT5=1;LUT6=1"
292,1.221,5.000,3.776,1.105,2.671,0.707,5,"st_q_reg[2]_rep/C","vrf_ra_q_reg[1][4]/D","VRF/read/writeback","FDCE=2;LUT3=2;LUT4=1;LUT5=1;LUT6=1"
293,1.221,5.000,3.776,1.105,2.671,0.707,5,"st_q_reg[2]_rep/C","vrf_ra_q_reg[2][4]/D","VRF/read/writeback","FDCE=2;LUT3=2;LUT4=1;LUT5=1;LUT6=1"
294,1.221,5.000,3.776,1.105,2.671,0.707,5,"st_q_reg[2]_rep/C","vrf_ra_q_reg[3][4]/D","VRF/read/writeback","FDCE=2;LUT3=2;LUT4=1;LUT5=1;LUT6=1"
295,1.232,5.000,3.765,1.085,2.680,0.712,5,"uop_p2_q_reg[use_shift]/C","lane_result_q_reg[0][10]/D","P2 lane result capture","FDCE=2;LUT3=1;LUT6=4"
296,1.232,5.000,3.765,1.085,2.680,0.712,5,"uop_p2_q_reg[use_shift]/C","lane_result_q_reg[0][11]/D","P2 lane result capture","FDCE=2;LUT3=1;LUT6=4"
297,1.232,5.000,3.765,1.085,2.680,0.712,5,"uop_p2_q_reg[use_shift]/C","lane_result_q_reg[0][16]/D","P2 lane result capture","FDCE=2;LUT3=1;LUT6=4"
298,1.232,5.000,3.765,1.085,2.680,0.712,5,"uop_p2_q_reg[use_shift]/C","lane_result_q_reg[0][17]/D","P2 lane result capture","FDCE=2;LUT3=1;LUT6=4"
299,1.232,5.000,3.765,1.085,2.680,0.712,5,"uop_p2_q_reg[use_shift]/C","lane_result_q_reg[0][18]/D","P2 lane result capture","FDCE=2;LUT3=1;LUT6=4"
300,1.232,5.000,3.765,1.085,2.680,0.712,5,"uop_p2_q_reg[use_shift]/C","lane_result_q_reg[0][19]/D","P2 lane result capture","FDCE=2;LUT3=1;LUT6=4"
301,1.232,5.000,3.765,1.085,2.680,0.712,5,"uop_p2_q_reg[use_shift]/C","lane_result_q_reg[0][24]/D","P2 lane result capture","FDCE=2;LUT3=1;LUT6=4"
302,1.232,5.000,3.765,1.085,2.680,0.712,5,"uop_p2_q_reg[use_shift]/C","lane_result_q_reg[0][25]/D","P2 lane result capture","FDCE=2;LUT3=1;LUT6=4"
303,1.232,5.000,3.765,1.085,2.680,0.712,5,"uop_p2_q_reg[use_shift]/C","lane_result_q_reg[0][26]/D","P2 lane result capture","FDCE=2;LUT3=1;LUT6=4"
304,1.232,5.000,3.765,1.085,2.680,0.712,5,"uop_p2_q_reg[use_shift]/C","lane_result_q_reg[0][27]/D","P2 lane result capture","FDCE=2;LUT3=1;LUT6=4"
305,1.232,5.000,3.765,1.085,2.680,0.712,5,"uop_p2_q_reg[use_shift]/C","lane_result_q_reg[0][8]/D","P2 lane result capture","FDCE=2;LUT3=1;LUT6=4"
306,1.232,5.000,3.765,1.085,2.680,0.712,5,"uop_p2_q_reg[use_shift]/C","lane_result_q_reg[0][9]/D","P2 lane result capture","FDCE=2;LUT3=1;LUT6=4"
307,1.238,5.000,3.759,1.085,2.674,0.711,5,"uop_p2_q_reg[use_shift]/C","lane_result_q_reg[0][0]/D","P2 lane result capture","FDCE=2;LUT3=1;LUT6=4"
308,1.238,5.000,3.759,1.085,2.674,0.711,5,"uop_p2_q_reg[use_shift]/C","lane_result_q_reg[0][1]/D","P2 lane result capture","FDCE=2;LUT3=1;LUT6=4"
309,1.238,5.000,3.759,1.085,2.674,0.711,5,"uop_p2_q_reg[use_shift]/C","lane_result_q_reg[0][2]/D","P2 lane result capture","FDCE=2;LUT3=1;LUT6=4"
310,1.238,5.000,3.759,1.085,2.674,0.711,5,"uop_p2_q_reg[use_shift]/C","lane_result_q_reg[0][3]/D","P2 lane result capture","FDCE=2;LUT3=1;LUT6=4"
311,1.301,5.000,3.488,1.000,2.488,0.713,4,"st_q_reg[2]_rep/C","ecc_leaf_id_q_reg[0]/CE","TOP control","FDCE=2;LUT3=1;LUT5=2;LUT6=1"
312,1.301,5.000,3.488,1.000,2.488,0.713,4,"st_q_reg[2]_rep/C","ecc_leaf_id_q_reg[1]/CE","TOP control","FDCE=2;LUT3=1;LUT5=2;LUT6=1"
313,1.301,5.000,3.488,1.000,2.488,0.713,4,"st_q_reg[2]_rep/C","ecc_leaf_id_q_reg[2]/CE","TOP control","FDCE=2;LUT3=1;LUT5=2;LUT6=1"
314,1.301,5.000,3.488,1.000,2.488,0.713,4,"st_q_reg[2]_rep/C","ecc_leaf_id_q_reg[3]/CE","TOP control","FDCE=2;LUT3=1;LUT5=2;LUT6=1"
315,1.301,5.000,3.488,1.000,2.488,0.713,4,"st_q_reg[2]_rep/C","ecc_leaf_id_q_reg[4]/CE","TOP control","FDCE=2;LUT3=1;LUT5=2;LUT6=1"
316,1.308,5.000,3.689,1.085,2.604,0.706,5,"uop_p2_q_reg[use_shift]/C","lane_result_q_reg[0][36]/D","P2 lane result capture","FDCE=2;LUT3=1;LUT6=4"
317,1.308,5.000,3.689,1.085,2.604,0.706,5,"uop_p2_q_reg[use_shift]/C","lane_result_q_reg[0][37]/D","P2 lane result capture","FDCE=2;LUT3=1;LUT6=4"
318,1.308,5.000,3.689,1.085,2.604,0.706,5,"uop_p2_q_reg[use_shift]/C","lane_result_q_reg[0][38]/D","P2 lane result capture","FDCE=2;LUT3=1;LUT6=4"
319,1.308,5.000,3.689,1.085,2.604,0.706,5,"uop_p2_q_reg[use_shift]/C","lane_result_q_reg[0][39]/D","P2 lane result capture","FDCE=2;LUT3=1;LUT6=4"
320,1.308,5.000,3.689,1.085,2.604,0.706,5,"uop_p2_q_reg[use_shift]/C","lane_result_q_reg[0][44]/D","P2 lane result capture","FDCE=2;LUT3=1;LUT6=4"
321,1.308,5.000,3.689,1.085,2.604,0.706,5,"uop_p2_q_reg[use_shift]/C","lane_result_q_reg[0][45]/D","P2 lane result capture","FDCE=2;LUT3=1;LUT6=4"
322,1.308,5.000,3.689,1.085,2.604,0.706,5,"uop_p2_q_reg[use_shift]/C","lane_result_q_reg[0][46]/D","P2 lane result capture","FDCE=2;LUT3=1;LUT6=4"
323,1.308,5.000,3.689,1.085,2.604,0.706,5,"uop_p2_q_reg[use_shift]/C","lane_result_q_reg[0][47]/D","P2 lane result capture","FDCE=2;LUT3=1;LUT6=4"
324,1.308,5.000,3.689,1.085,2.604,0.706,5,"uop_p2_q_reg[use_shift]/C","lane_result_q_reg[0][52]/D","P2 lane result capture","FDCE=2;LUT3=1;LUT6=4"
325,1.308,5.000,3.689,1.085,2.604,0.706,5,"uop_p2_q_reg[use_shift]/C","lane_result_q_reg[0][53]/D","P2 lane result capture","FDCE=2;LUT3=1;LUT6=4"
326,1.308,5.000,3.689,1.085,2.604,0.706,5,"uop_p2_q_reg[use_shift]/C","lane_result_q_reg[0][54]/D","P2 lane result capture","FDCE=2;LUT3=1;LUT6=4"
327,1.308,5.000,3.689,1.085,2.604,0.706,5,"uop_p2_q_reg[use_shift]/C","lane_result_q_reg[0][55]/D","P2 lane result capture","FDCE=2;LUT3=1;LUT6=4"
328,1.308,5.000,3.689,1.085,2.604,0.706,5,"uop_p2_q_reg[use_shift]/C","lane_result_q_reg[0][60]/D","P2 lane result capture","FDCE=2;LUT3=1;LUT6=4"
329,1.308,5.000,3.689,1.085,2.604,0.706,5,"uop_p2_q_reg[use_shift]/C","lane_result_q_reg[0][61]/D","P2 lane result capture","FDCE=2;LUT3=1;LUT6=4"
330,1.308,5.000,3.689,1.085,2.604,0.706,5,"uop_p2_q_reg[use_shift]/C","lane_result_q_reg[0][62]/D","P2 lane result capture","FDCE=2;LUT3=1;LUT6=4"
331,1.308,5.000,3.689,1.085,2.604,0.706,5,"uop_p2_q_reg[use_shift]/C","lane_result_q_reg[0][63]/D","P2 lane result capture","FDCE=2;LUT3=1;LUT6=4"
332,1.308,5.000,3.689,1.085,2.604,0.706,5,"uop_p2_q_reg[use_shift]/C","lane_result_q_reg[1][12]/D","P2 lane result capture","FDCE=2;LUT3=1;LUT6=4"
333,1.308,5.000,3.689,1.085,2.604,0.706,5,"uop_p2_q_reg[use_shift]/C","lane_result_q_reg[1][13]/D","P2 lane result capture","FDCE=2;LUT3=1;LUT6=4"
334,1.308,5.000,3.689,1.085,2.604,0.706,5,"uop_p2_q_reg[use_shift]/C","lane_result_q_reg[1][14]/D","P2 lane result capture","FDCE=2;LUT3=1;LUT6=4"
335,1.308,5.000,3.689,1.085,2.604,0.706,5,"uop_p2_q_reg[use_shift]/C","lane_result_q_reg[1][15]/D","P2 lane result capture","FDCE=2;LUT3=1;LUT6=4"
336,1.308,5.000,3.689,1.085,2.604,0.706,5,"uop_p2_q_reg[use_shift]/C","lane_result_q_reg[1][20]/D","P2 lane result capture","FDCE=2;LUT3=1;LUT6=4"
337,1.308,5.000,3.689,1.085,2.604,0.706,5,"uop_p2_q_reg[use_shift]/C","lane_result_q_reg[1][21]/D","P2 lane result capture","FDCE=2;LUT3=1;LUT6=4"
338,1.308,5.000,3.689,1.085,2.604,0.706,5,"uop_p2_q_reg[use_shift]/C","lane_result_q_reg[1][22]/D","P2 lane result capture","FDCE=2;LUT3=1;LUT6=4"
339,1.308,5.000,3.689,1.085,2.604,0.706,5,"uop_p2_q_reg[use_shift]/C","lane_result_q_reg[1][23]/D","P2 lane result capture","FDCE=2;LUT3=1;LUT6=4"
340,1.308,5.000,3.689,1.085,2.604,0.706,5,"uop_p2_q_reg[use_shift]/C","lane_result_q_reg[1][28]/D","P2 lane result capture","FDCE=2;LUT3=1;LUT6=4"
341,1.308,5.000,3.689,1.085,2.604,0.706,5,"uop_p2_q_reg[use_shift]/C","lane_result_q_reg[1][29]/D","P2 lane result capture","FDCE=2;LUT3=1;LUT6=4"
342,1.308,5.000,3.689,1.085,2.604,0.706,5,"uop_p2_q_reg[use_shift]/C","lane_result_q_reg[1][30]/D","P2 lane result capture","FDCE=2;LUT3=1;LUT6=4"
343,1.308,5.000,3.689,1.085,2.604,0.706,5,"uop_p2_q_reg[use_shift]/C","lane_result_q_reg[1][31]/D","P2 lane result capture","FDCE=2;LUT3=1;LUT6=4"
344,1.308,5.000,3.689,1.085,2.604,0.706,5,"uop_p2_q_reg[use_shift]/C","lane_result_q_reg[1][36]/D","P2 lane result capture","FDCE=2;LUT3=1;LUT6=4"
345,1.308,5.000,3.689,1.085,2.604,0.706,5,"uop_p2_q_reg[use_shift]/C","lane_result_q_reg[1][37]/D","P2 lane result capture","FDCE=2;LUT3=1;LUT6=4"
346,1.308,5.000,3.689,1.085,2.604,0.706,5,"uop_p2_q_reg[use_shift]/C","lane_result_q_reg[1][38]/D","P2 lane result capture","FDCE=2;LUT3=1;LUT6=4"
347,1.308,5.000,3.689,1.085,2.604,0.706,5,"uop_p2_q_reg[use_shift]/C","lane_result_q_reg[1][39]/D","P2 lane result capture","FDCE=2;LUT3=1;LUT6=4"
348,1.308,5.000,3.689,1.085,2.604,0.706,5,"uop_p2_q_reg[use_shift]/C","lane_result_q_reg[1][44]/D","P2 lane result capture","FDCE=2;LUT3=1;LUT6=4"
349,1.308,5.000,3.689,1.085,2.604,0.706,5,"uop_p2_q_reg[use_shift]/C","lane_result_q_reg[1][45]/D","P2 lane result capture","FDCE=2;LUT3=1;LUT6=4"
350,1.308,5.000,3.689,1.085,2.604,0.706,5,"uop_p2_q_reg[use_shift]/C","lane_result_q_reg[1][46]/D","P2 lane result capture","FDCE=2;LUT3=1;LUT6=4"
351,1.308,5.000,3.689,1.085,2.604,0.706,5,"uop_p2_q_reg[use_shift]/C","lane_result_q_reg[1][47]/D","P2 lane result capture","FDCE=2;LUT3=1;LUT6=4"
352,1.308,5.000,3.689,1.085,2.604,0.706,5,"uop_p2_q_reg[use_shift]/C","lane_result_q_reg[1][4]/D","P2 lane result capture","FDCE=2;LUT3=1;LUT6=4"
353,1.308,5.000,3.689,1.085,2.604,0.706,5,"uop_p2_q_reg[use_shift]/C","lane_result_q_reg[1][52]/D","P2 lane result capture","FDCE=2;LUT3=1;LUT6=4"
354,1.308,5.000,3.689,1.085,2.604,0.706,5,"uop_p2_q_reg[use_shift]/C","lane_result_q_reg[1][53]/D","P2 lane result capture","FDCE=2;LUT3=1;LUT6=4"
355,1.308,5.000,3.689,1.085,2.604,0.706,5,"uop_p2_q_reg[use_shift]/C","lane_result_q_reg[1][54]/D","P2 lane result capture","FDCE=2;LUT3=1;LUT6=4"
356,1.308,5.000,3.689,1.085,2.604,0.706,5,"uop_p2_q_reg[use_shift]/C","lane_result_q_reg[1][55]/D","P2 lane result capture","FDCE=2;LUT3=1;LUT6=4"
357,1.308,5.000,3.689,1.085,2.604,0.706,5,"uop_p2_q_reg[use_shift]/C","lane_result_q_reg[1][5]/D","P2 lane result capture","FDCE=2;LUT3=1;LUT6=4"
358,1.308,5.000,3.689,1.085,2.604,0.706,5,"uop_p2_q_reg[use_shift]/C","lane_result_q_reg[1][60]/D","P2 lane result capture","FDCE=2;LUT3=1;LUT6=4"
359,1.308,5.000,3.689,1.085,2.604,0.706,5,"uop_p2_q_reg[use_shift]/C","lane_result_q_reg[1][61]/D","P2 lane result capture","FDCE=2;LUT3=1;LUT6=4"
360,1.308,5.000,3.689,1.085,2.604,0.706,5,"uop_p2_q_reg[use_shift]/C","lane_result_q_reg[1][62]/D","P2 lane result capture","FDCE=2;LUT3=1;LUT6=4"
361,1.308,5.000,3.689,1.085,2.604,0.706,5,"uop_p2_q_reg[use_shift]/C","lane_result_q_reg[1][63]/D","P2 lane result capture","FDCE=2;LUT3=1;LUT6=4"
362,1.308,5.000,3.689,1.085,2.604,0.706,5,"uop_p2_q_reg[use_shift]/C","lane_result_q_reg[1][6]/D","P2 lane result capture","FDCE=2;LUT3=1;LUT6=4"
363,1.308,5.000,3.689,1.085,2.604,0.706,5,"uop_p2_q_reg[use_shift]/C","lane_result_q_reg[1][7]/D","P2 lane result capture","FDCE=2;LUT3=1;LUT6=4"
364,1.308,5.000,3.689,1.085,2.604,0.706,5,"uop_p2_q_reg[use_shift]/C","lane_result_q_reg[2][12]/D","P2 lane result capture","FDCE=2;LUT3=1;LUT6=4"
365,1.308,5.000,3.689,1.085,2.604,0.706,5,"uop_p2_q_reg[use_shift]/C","lane_result_q_reg[2][13]/D","P2 lane result capture","FDCE=2;LUT3=1;LUT6=4"
366,1.308,5.000,3.689,1.085,2.604,0.706,5,"uop_p2_q_reg[use_shift]/C","lane_result_q_reg[2][14]/D","P2 lane result capture","FDCE=2;LUT3=1;LUT6=4"
367,1.308,5.000,3.689,1.085,2.604,0.706,5,"uop_p2_q_reg[use_shift]/C","lane_result_q_reg[2][15]/D","P2 lane result capture","FDCE=2;LUT3=1;LUT6=4"
368,1.308,5.000,3.689,1.085,2.604,0.706,5,"uop_p2_q_reg[use_shift]/C","lane_result_q_reg[2][20]/D","P2 lane result capture","FDCE=2;LUT3=1;LUT6=4"
369,1.308,5.000,3.689,1.085,2.604,0.706,5,"uop_p2_q_reg[use_shift]/C","lane_result_q_reg[2][21]/D","P2 lane result capture","FDCE=2;LUT3=1;LUT6=4"
370,1.308,5.000,3.689,1.085,2.604,0.706,5,"uop_p2_q_reg[use_shift]/C","lane_result_q_reg[2][22]/D","P2 lane result capture","FDCE=2;LUT3=1;LUT6=4"
371,1.308,5.000,3.689,1.085,2.604,0.706,5,"uop_p2_q_reg[use_shift]/C","lane_result_q_reg[2][23]/D","P2 lane result capture","FDCE=2;LUT3=1;LUT6=4"
372,1.308,5.000,3.689,1.085,2.604,0.706,5,"uop_p2_q_reg[use_shift]/C","lane_result_q_reg[2][28]/D","P2 lane result capture","FDCE=2;LUT3=1;LUT6=4"
373,1.308,5.000,3.689,1.085,2.604,0.706,5,"uop_p2_q_reg[use_shift]/C","lane_result_q_reg[2][29]/D","P2 lane result capture","FDCE=2;LUT3=1;LUT6=4"
374,1.308,5.000,3.689,1.085,2.604,0.706,5,"uop_p2_q_reg[use_shift]/C","lane_result_q_reg[2][30]/D","P2 lane result capture","FDCE=2;LUT3=1;LUT6=4"
375,1.308,5.000,3.689,1.085,2.604,0.706,5,"uop_p2_q_reg[use_shift]/C","lane_result_q_reg[2][31]/D","P2 lane result capture","FDCE=2;LUT3=1;LUT6=4"
376,1.308,5.000,3.689,1.085,2.604,0.706,5,"uop_p2_q_reg[use_shift]/C","lane_result_q_reg[2][36]/D","P2 lane result capture","FDCE=2;LUT3=1;LUT6=4"
377,1.308,5.000,3.689,1.085,2.604,0.706,5,"uop_p2_q_reg[use_shift]/C","lane_result_q_reg[2][37]/D","P2 lane result capture","FDCE=2;LUT3=1;LUT6=4"
378,1.308,5.000,3.689,1.085,2.604,0.706,5,"uop_p2_q_reg[use_shift]/C","lane_result_q_reg[2][38]/D","P2 lane result capture","FDCE=2;LUT3=1;LUT6=4"
379,1.308,5.000,3.689,1.085,2.604,0.706,5,"uop_p2_q_reg[use_shift]/C","lane_result_q_reg[2][39]/D","P2 lane result capture","FDCE=2;LUT3=1;LUT6=4"
380,1.308,5.000,3.689,1.085,2.604,0.706,5,"uop_p2_q_reg[use_shift]/C","lane_result_q_reg[2][44]/D","P2 lane result capture","FDCE=2;LUT3=1;LUT6=4"
381,1.308,5.000,3.689,1.085,2.604,0.706,5,"uop_p2_q_reg[use_shift]/C","lane_result_q_reg[2][45]/D","P2 lane result capture","FDCE=2;LUT3=1;LUT6=4"
382,1.308,5.000,3.689,1.085,2.604,0.706,5,"uop_p2_q_reg[use_shift]/C","lane_result_q_reg[2][46]/D","P2 lane result capture","FDCE=2;LUT3=1;LUT6=4"
383,1.308,5.000,3.689,1.085,2.604,0.706,5,"uop_p2_q_reg[use_shift]/C","lane_result_q_reg[2][47]/D","P2 lane result capture","FDCE=2;LUT3=1;LUT6=4"
384,1.308,5.000,3.689,1.085,2.604,0.706,5,"uop_p2_q_reg[use_shift]/C","lane_result_q_reg[2][4]/D","P2 lane result capture","FDCE=2;LUT3=1;LUT6=4"
385,1.308,5.000,3.689,1.085,2.604,0.706,5,"uop_p2_q_reg[use_shift]/C","lane_result_q_reg[2][52]/D","P2 lane result capture","FDCE=2;LUT3=1;LUT6=4"
386,1.308,5.000,3.689,1.085,2.604,0.706,5,"uop_p2_q_reg[use_shift]/C","lane_result_q_reg[2][53]/D","P2 lane result capture","FDCE=2;LUT3=1;LUT6=4"
387,1.308,5.000,3.689,1.085,2.604,0.706,5,"uop_p2_q_reg[use_shift]/C","lane_result_q_reg[2][54]/D","P2 lane result capture","FDCE=2;LUT3=1;LUT6=4"
388,1.308,5.000,3.689,1.085,2.604,0.706,5,"uop_p2_q_reg[use_shift]/C","lane_result_q_reg[2][55]/D","P2 lane result capture","FDCE=2;LUT3=1;LUT6=4"
389,1.308,5.000,3.689,1.085,2.604,0.706,5,"uop_p2_q_reg[use_shift]/C","lane_result_q_reg[2][5]/D","P2 lane result capture","FDCE=2;LUT3=1;LUT6=4"
390,1.308,5.000,3.689,1.085,2.604,0.706,5,"uop_p2_q_reg[use_shift]/C","lane_result_q_reg[2][60]/D","P2 lane result capture","FDCE=2;LUT3=1;LUT6=4"
391,1.308,5.000,3.689,1.085,2.604,0.706,5,"uop_p2_q_reg[use_shift]/C","lane_result_q_reg[2][61]/D","P2 lane result capture","FDCE=2;LUT3=1;LUT6=4"
392,1.308,5.000,3.689,1.085,2.604,0.706,5,"uop_p2_q_reg[use_shift]/C","lane_result_q_reg[2][62]/D","P2 lane result capture","FDCE=2;LUT3=1;LUT6=4"
393,1.308,5.000,3.689,1.085,2.604,0.706,5,"uop_p2_q_reg[use_shift]/C","lane_result_q_reg[2][63]/D","P2 lane result capture","FDCE=2;LUT3=1;LUT6=4"
394,1.308,5.000,3.689,1.085,2.604,0.706,5,"uop_p2_q_reg[use_shift]/C","lane_result_q_reg[2][6]/D","P2 lane result capture","FDCE=2;LUT3=1;LUT6=4"
395,1.308,5.000,3.689,1.085,2.604,0.706,5,"uop_p2_q_reg[use_shift]/C","lane_result_q_reg[2][7]/D","P2 lane result capture","FDCE=2;LUT3=1;LUT6=4"
396,1.308,5.000,3.689,1.085,2.604,0.706,5,"uop_p2_q_reg[use_shift]/C","lane_result_q_reg[3][12]/D","P2 lane result capture","FDCE=2;LUT3=1;LUT6=4"
397,1.308,5.000,3.689,1.085,2.604,0.706,5,"uop_p2_q_reg[use_shift]/C","lane_result_q_reg[3][13]/D","P2 lane result capture","FDCE=2;LUT3=1;LUT6=4"
398,1.308,5.000,3.689,1.085,2.604,0.706,5,"uop_p2_q_reg[use_shift]/C","lane_result_q_reg[3][14]/D","P2 lane result capture","FDCE=2;LUT3=1;LUT6=4"
399,1.308,5.000,3.689,1.085,2.604,0.706,5,"uop_p2_q_reg[use_shift]/C","lane_result_q_reg[3][15]/D","P2 lane result capture","FDCE=2;LUT3=1;LUT6=4"
400,1.308,5.000,3.689,1.085,2.604,0.706,5,"uop_p2_q_reg[use_shift]/C","lane_result_q_reg[3][20]/D","P2 lane result capture","FDCE=2;LUT3=1;LUT6=4"
401,1.308,5.000,3.689,1.085,2.604,0.706,5,"uop_p2_q_reg[use_shift]/C","lane_result_q_reg[3][21]/D","P2 lane result capture","FDCE=2;LUT3=1;LUT6=4"
402,1.308,5.000,3.689,1.085,2.604,0.706,5,"uop_p2_q_reg[use_shift]/C","lane_result_q_reg[3][22]/D","P2 lane result capture","FDCE=2;LUT3=1;LUT6=4"
403,1.308,5.000,3.689,1.085,2.604,0.706,5,"uop_p2_q_reg[use_shift]/C","lane_result_q_reg[3][23]/D","P2 lane result capture","FDCE=2;LUT3=1;LUT6=4"
404,1.308,5.000,3.689,1.085,2.604,0.706,5,"uop_p2_q_reg[use_shift]/C","lane_result_q_reg[3][28]/D","P2 lane result capture","FDCE=2;LUT3=1;LUT6=4"
405,1.308,5.000,3.689,1.085,2.604,0.706,5,"uop_p2_q_reg[use_shift]/C","lane_result_q_reg[3][29]/D","P2 lane result capture","FDCE=2;LUT3=1;LUT6=4"
406,1.308,5.000,3.689,1.085,2.604,0.706,5,"uop_p2_q_reg[use_shift]/C","lane_result_q_reg[3][30]/D","P2 lane result capture","FDCE=2;LUT3=1;LUT6=4"
407,1.308,5.000,3.689,1.085,2.604,0.706,5,"uop_p2_q_reg[use_shift]/C","lane_result_q_reg[3][31]/D","P2 lane result capture","FDCE=2;LUT3=1;LUT6=4"
408,1.308,5.000,3.689,1.085,2.604,0.706,5,"uop_p2_q_reg[use_shift]/C","lane_result_q_reg[3][36]/D","P2 lane result capture","FDCE=2;LUT3=1;LUT6=4"
409,1.308,5.000,3.689,1.085,2.604,0.706,5,"uop_p2_q_reg[use_shift]/C","lane_result_q_reg[3][37]/D","P2 lane result capture","FDCE=2;LUT3=1;LUT6=4"
410,1.308,5.000,3.689,1.085,2.604,0.706,5,"uop_p2_q_reg[use_shift]/C","lane_result_q_reg[3][38]/D","P2 lane result capture","FDCE=2;LUT3=1;LUT6=4"
411,1.308,5.000,3.689,1.085,2.604,0.706,5,"uop_p2_q_reg[use_shift]/C","lane_result_q_reg[3][39]/D","P2 lane result capture","FDCE=2;LUT3=1;LUT6=4"
412,1.308,5.000,3.689,1.085,2.604,0.706,5,"uop_p2_q_reg[use_shift]/C","lane_result_q_reg[3][44]/D","P2 lane result capture","FDCE=2;LUT3=1;LUT6=4"
413,1.308,5.000,3.689,1.085,2.604,0.706,5,"uop_p2_q_reg[use_shift]/C","lane_result_q_reg[3][45]/D","P2 lane result capture","FDCE=2;LUT3=1;LUT6=4"
414,1.308,5.000,3.689,1.085,2.604,0.706,5,"uop_p2_q_reg[use_shift]/C","lane_result_q_reg[3][46]/D","P2 lane result capture","FDCE=2;LUT3=1;LUT6=4"
415,1.308,5.000,3.689,1.085,2.604,0.706,5,"uop_p2_q_reg[use_shift]/C","lane_result_q_reg[3][47]/D","P2 lane result capture","FDCE=2;LUT3=1;LUT6=4"
416,1.308,5.000,3.689,1.085,2.604,0.706,5,"uop_p2_q_reg[use_shift]/C","lane_result_q_reg[3][4]/D","P2 lane result capture","FDCE=2;LUT3=1;LUT6=4"
417,1.308,5.000,3.689,1.085,2.604,0.706,5,"uop_p2_q_reg[use_shift]/C","lane_result_q_reg[3][52]/D","P2 lane result capture","FDCE=2;LUT3=1;LUT6=4"
418,1.308,5.000,3.689,1.085,2.604,0.706,5,"uop_p2_q_reg[use_shift]/C","lane_result_q_reg[3][53]/D","P2 lane result capture","FDCE=2;LUT3=1;LUT6=4"
419,1.308,5.000,3.689,1.085,2.604,0.706,5,"uop_p2_q_reg[use_shift]/C","lane_result_q_reg[3][54]/D","P2 lane result capture","FDCE=2;LUT3=1;LUT6=4"
420,1.308,5.000,3.689,1.085,2.604,0.706,5,"uop_p2_q_reg[use_shift]/C","lane_result_q_reg[3][55]/D","P2 lane result capture","FDCE=2;LUT3=1;LUT6=4"
421,1.308,5.000,3.689,1.085,2.604,0.706,5,"uop_p2_q_reg[use_shift]/C","lane_result_q_reg[3][5]/D","P2 lane result capture","FDCE=2;LUT3=1;LUT6=4"
422,1.308,5.000,3.689,1.085,2.604,0.706,5,"uop_p2_q_reg[use_shift]/C","lane_result_q_reg[3][60]/D","P2 lane result capture","FDCE=2;LUT3=1;LUT6=4"
423,1.308,5.000,3.689,1.085,2.604,0.706,5,"uop_p2_q_reg[use_shift]/C","lane_result_q_reg[3][61]/D","P2 lane result capture","FDCE=2;LUT3=1;LUT6=4"
424,1.308,5.000,3.689,1.085,2.604,0.706,5,"uop_p2_q_reg[use_shift]/C","lane_result_q_reg[3][62]/D","P2 lane result capture","FDCE=2;LUT3=1;LUT6=4"
425,1.308,5.000,3.689,1.085,2.604,0.706,5,"uop_p2_q_reg[use_shift]/C","lane_result_q_reg[3][63]/D","P2 lane result capture","FDCE=2;LUT3=1;LUT6=4"
426,1.308,5.000,3.689,1.085,2.604,0.706,5,"uop_p2_q_reg[use_shift]/C","lane_result_q_reg[3][6]/D","P2 lane result capture","FDCE=2;LUT3=1;LUT6=4"
427,1.308,5.000,3.689,1.085,2.604,0.706,5,"uop_p2_q_reg[use_shift]/C","lane_result_q_reg[3][7]/D","P2 lane result capture","FDCE=2;LUT3=1;LUT6=4"
428,1.319,5.000,3.678,1.085,2.593,0.705,5,"uop_p2_q_reg[use_shift]/C","lane_result_q_reg[0][12]/D","P2 lane result capture","FDCE=2;LUT3=1;LUT6=4"
429,1.319,5.000,3.678,1.085,2.593,0.705,5,"uop_p2_q_reg[use_shift]/C","lane_result_q_reg[0][13]/D","P2 lane result capture","FDCE=2;LUT3=1;LUT6=4"
430,1.319,5.000,3.678,1.085,2.593,0.705,5,"uop_p2_q_reg[use_shift]/C","lane_result_q_reg[0][14]/D","P2 lane result capture","FDCE=2;LUT3=1;LUT6=4"
431,1.319,5.000,3.678,1.085,2.593,0.705,5,"uop_p2_q_reg[use_shift]/C","lane_result_q_reg[0][15]/D","P2 lane result capture","FDCE=2;LUT3=1;LUT6=4"
432,1.319,5.000,3.678,1.085,2.593,0.705,5,"uop_p2_q_reg[use_shift]/C","lane_result_q_reg[0][20]/D","P2 lane result capture","FDCE=2;LUT3=1;LUT6=4"
433,1.319,5.000,3.678,1.085,2.593,0.705,5,"uop_p2_q_reg[use_shift]/C","lane_result_q_reg[0][21]/D","P2 lane result capture","FDCE=2;LUT3=1;LUT6=4"
434,1.319,5.000,3.678,1.085,2.593,0.705,5,"uop_p2_q_reg[use_shift]/C","lane_result_q_reg[0][22]/D","P2 lane result capture","FDCE=2;LUT3=1;LUT6=4"
435,1.319,5.000,3.678,1.085,2.593,0.705,5,"uop_p2_q_reg[use_shift]/C","lane_result_q_reg[0][23]/D","P2 lane result capture","FDCE=2;LUT3=1;LUT6=4"
436,1.319,5.000,3.678,1.085,2.593,0.705,5,"uop_p2_q_reg[use_shift]/C","lane_result_q_reg[0][28]/D","P2 lane result capture","FDCE=2;LUT3=1;LUT6=4"
437,1.319,5.000,3.678,1.085,2.593,0.705,5,"uop_p2_q_reg[use_shift]/C","lane_result_q_reg[0][29]/D","P2 lane result capture","FDCE=2;LUT3=1;LUT6=4"
438,1.319,5.000,3.678,1.085,2.593,0.705,5,"uop_p2_q_reg[use_shift]/C","lane_result_q_reg[0][30]/D","P2 lane result capture","FDCE=2;LUT3=1;LUT6=4"
439,1.319,5.000,3.678,1.085,2.593,0.705,5,"uop_p2_q_reg[use_shift]/C","lane_result_q_reg[0][31]/D","P2 lane result capture","FDCE=2;LUT3=1;LUT6=4"
440,1.325,5.000,3.672,1.085,2.587,0.705,5,"uop_p2_q_reg[use_shift]/C","lane_result_q_reg[0][4]/D","P2 lane result capture","FDCE=2;LUT3=1;LUT6=4"
441,1.325,5.000,3.672,1.085,2.587,0.705,5,"uop_p2_q_reg[use_shift]/C","lane_result_q_reg[0][5]/D","P2 lane result capture","FDCE=2;LUT3=1;LUT6=4"
442,1.325,5.000,3.672,1.085,2.587,0.705,5,"uop_p2_q_reg[use_shift]/C","lane_result_q_reg[0][6]/D","P2 lane result capture","FDCE=2;LUT3=1;LUT6=4"
443,1.325,5.000,3.672,1.085,2.587,0.705,5,"uop_p2_q_reg[use_shift]/C","lane_result_q_reg[0][7]/D","P2 lane result capture","FDCE=2;LUT3=1;LUT6=4"
444,1.349,5.000,3.369,0.980,2.389,0.709,4,"ecc_fold_word_q_reg[0]/C","ecc_product_odd_reg_0_3_31_31/DP/I","other","FDCE=1;LUT4=2;LUT6=2;RAMD32=1"
445,1.349,5.000,3.369,0.980,2.389,0.709,4,"ecc_fold_word_q_reg[0]/C","ecc_product_odd_reg_0_3_32_32/DP/I","other","FDCE=1;LUT4=1;LUT6=3;RAMD32=1"
446,1.349,5.000,3.369,0.980,2.389,0.709,4,"ecc_fold_word_q_reg[0]/C","ecc_product_odd_reg_0_3_33_33/DP/I","other","FDCE=1;LUT4=1;LUT6=3;RAMD32=1"
447,1.349,5.000,3.369,0.980,2.389,0.709,4,"ecc_fold_word_q_reg[0]/C","ecc_product_odd_reg_0_3_34_34/DP/I","other","FDCE=1;LUT4=1;LUT6=3;RAMD32=1"
448,1.349,5.000,3.369,0.980,2.389,0.709,4,"ecc_fold_word_q_reg[0]/C","ecc_product_odd_reg_0_3_35_35/DP/I","other","FDCE=1;LUT4=1;LUT6=3;RAMD32=1"
449,1.349,5.000,3.369,0.980,2.389,0.709,4,"ecc_fold_word_q_reg[0]/C","ecc_product_odd_reg_0_3_36_36/DP/I","other","FDCE=1;LUT4=1;LUT6=3;RAMD32=1"
450,1.349,5.000,3.369,0.980,2.389,0.709,4,"ecc_fold_word_q_reg[0]/C","ecc_product_odd_reg_0_3_37_37/DP/I","other","FDCE=1;LUT4=1;LUT6=3;RAMD32=1"
451,1.349,5.000,3.369,0.980,2.389,0.709,4,"ecc_fold_word_q_reg[0]/C","ecc_product_odd_reg_0_3_38_38/DP/I","other","FDCE=1;LUT4=1;LUT6=3;RAMD32=1"
452,1.349,5.000,3.369,0.980,2.389,0.709,4,"ecc_fold_word_q_reg[0]/C","ecc_product_odd_reg_0_3_39_39/DP/I","other","FDCE=1;LUT4=1;LUT6=3;RAMD32=1"
453,1.349,5.000,3.369,0.980,2.389,0.709,4,"ecc_fold_word_q_reg[0]/C","ecc_product_odd_reg_0_3_40_40/DP/I","other","FDCE=1;LUT4=1;LUT6=3;RAMD32=1"
454,1.349,5.000,3.369,0.980,2.389,0.709,4,"ecc_fold_word_q_reg[0]/C","ecc_product_odd_reg_0_3_41_41/DP/I","other","FDCE=1;LUT4=1;LUT6=3;RAMD32=1"
455,1.349,5.000,3.369,0.980,2.389,0.709,4,"ecc_fold_word_q_reg[0]/C","ecc_product_odd_reg_0_3_42_42/DP/I","other","FDCE=1;LUT4=1;LUT6=3;RAMD32=1"
456,1.349,5.000,3.369,0.980,2.389,0.709,4,"ecc_fold_word_q_reg[0]/C","ecc_product_odd_reg_0_3_43_43/DP/I","other","FDCE=1;LUT4=1;LUT6=3;RAMD32=1"
457,1.349,5.000,3.369,0.980,2.389,0.709,4,"ecc_fold_word_q_reg[0]/C","ecc_product_odd_reg_0_3_44_44/DP/I","other","FDCE=1;LUT4=1;LUT6=3;RAMD32=1"
458,1.349,5.000,3.369,0.980,2.389,0.709,4,"ecc_fold_word_q_reg[0]/C","ecc_product_odd_reg_0_3_45_45/DP/I","other","FDCE=1;LUT4=1;LUT6=3;RAMD32=1"
459,1.349,5.000,3.369,0.980,2.389,0.709,4,"ecc_fold_word_q_reg[0]/C","ecc_product_odd_reg_0_3_46_46/DP/I","other","FDCE=1;LUT4=1;LUT6=3;RAMD32=1"
460,1.349,5.000,3.369,0.980,2.389,0.709,4,"ecc_fold_word_q_reg[0]/C","ecc_product_odd_reg_0_3_47_47/DP/I","other","FDCE=1;LUT4=1;LUT6=3;RAMD32=1"
461,1.349,5.000,3.369,0.980,2.389,0.709,4,"ecc_fold_word_q_reg[0]/C","ecc_product_odd_reg_0_3_48_48/DP/I","other","FDCE=1;LUT4=1;LUT6=3;RAMD32=1"
462,1.349,5.000,3.369,0.980,2.389,0.709,4,"ecc_fold_word_q_reg[0]/C","ecc_product_odd_reg_0_3_49_49/DP/I","other","FDCE=1;LUT4=1;LUT6=3;RAMD32=1"
463,1.349,5.000,3.369,0.980,2.389,0.709,4,"ecc_fold_word_q_reg[0]/C","ecc_product_odd_reg_0_3_50_50/DP/I","other","FDCE=1;LUT4=1;LUT6=3;RAMD32=1"
464,1.349,5.000,3.369,0.980,2.389,0.709,4,"ecc_fold_word_q_reg[0]/C","ecc_product_odd_reg_0_3_51_51/DP/I","other","FDCE=1;LUT4=1;LUT6=3;RAMD32=1"
465,1.349,5.000,3.369,0.980,2.389,0.709,4,"ecc_fold_word_q_reg[0]/C","ecc_product_odd_reg_0_3_52_52/DP/I","other","FDCE=1;LUT4=1;LUT6=3;RAMD32=1"
466,1.349,5.000,3.369,0.980,2.389,0.709,4,"ecc_fold_word_q_reg[0]/C","ecc_product_odd_reg_0_3_53_53/DP/I","other","FDCE=1;LUT4=1;LUT6=3;RAMD32=1"
467,1.349,5.000,3.369,0.980,2.389,0.709,4,"ecc_fold_word_q_reg[0]/C","ecc_product_odd_reg_0_3_54_54/DP/I","other","FDCE=1;LUT4=1;LUT6=3;RAMD32=1"
468,1.349,5.000,3.369,0.980,2.389,0.709,4,"ecc_fold_word_q_reg[0]/C","ecc_product_odd_reg_0_3_55_55/DP/I","other","FDCE=1;LUT4=1;LUT6=3;RAMD32=1"
469,1.349,5.000,3.369,0.980,2.389,0.709,4,"ecc_fold_word_q_reg[0]/C","ecc_product_odd_reg_0_3_56_56/DP/I","other","FDCE=1;LUT4=1;LUT6=3;RAMD32=1"
470,1.349,5.000,3.369,0.980,2.389,0.709,4,"ecc_fold_word_q_reg[0]/C","ecc_product_odd_reg_0_3_57_57/DP/I","other","FDCE=1;LUT4=1;LUT6=3;RAMD32=1"
471,1.349,5.000,3.369,0.980,2.389,0.709,4,"ecc_fold_word_q_reg[0]/C","ecc_product_odd_reg_0_3_58_58/DP/I","other","FDCE=1;LUT4=1;LUT6=3;RAMD32=1"
472,1.349,5.000,3.369,0.980,2.389,0.709,4,"ecc_fold_word_q_reg[0]/C","ecc_product_odd_reg_0_3_59_59/DP/I","other","FDCE=1;LUT4=1;LUT6=3;RAMD32=1"
473,1.349,5.000,3.369,0.980,2.389,0.709,4,"ecc_fold_word_q_reg[0]/C","ecc_product_odd_reg_0_3_60_60/DP/I","other","FDCE=1;LUT4=1;LUT6=3;RAMD32=1"
474,1.349,5.000,3.369,0.980,2.389,0.709,4,"ecc_fold_word_q_reg[0]/C","ecc_product_odd_reg_0_3_61_61/DP/I","other","FDCE=1;LUT4=1;LUT6=3;RAMD32=1"
475,1.349,5.000,3.369,0.980,2.389,0.709,4,"ecc_fold_word_q_reg[0]/C","ecc_product_odd_reg_0_3_62_62/DP/I","other","FDCE=1;LUT4=1;LUT6=3;RAMD32=1"
476,1.368,5.000,3.350,0.980,2.370,0.707,4,"ecc_fold_word_q_reg[0]/C","ecc_product_even_reg_0_3_0_0/DP/I","other","FDCE=1;LUT4=1;LUT6=3;RAMD32=1"
477,1.368,5.000,3.350,0.980,2.370,0.707,4,"ecc_fold_word_q_reg[0]/C","ecc_product_even_reg_0_3_10_10/DP/I","other","FDCE=1;LUT4=1;LUT6=3;RAMD32=1"
478,1.368,5.000,3.350,0.980,2.370,0.707,4,"ecc_fold_word_q_reg[0]/C","ecc_product_even_reg_0_3_11_11/DP/I","other","FDCE=1;LUT4=1;LUT6=3;RAMD32=1"
479,1.368,5.000,3.350,0.980,2.370,0.707,4,"ecc_fold_word_q_reg[0]/C","ecc_product_even_reg_0_3_12_12/DP/I","other","FDCE=1;LUT4=1;LUT6=3;RAMD32=1"
480,1.368,5.000,3.350,0.980,2.370,0.707,4,"ecc_fold_word_q_reg[0]/C","ecc_product_even_reg_0_3_13_13/DP/I","other","FDCE=1;LUT4=1;LUT6=3;RAMD32=1"
481,1.368,5.000,3.350,0.980,2.370,0.707,4,"ecc_fold_word_q_reg[0]/C","ecc_product_even_reg_0_3_14_14/DP/I","other","FDCE=1;LUT4=1;LUT6=3;RAMD32=1"
482,1.368,5.000,3.350,0.980,2.370,0.707,4,"ecc_fold_word_q_reg[0]/C","ecc_product_even_reg_0_3_15_15/DP/I","other","FDCE=1;LUT4=1;LUT6=3;RAMD32=1"
483,1.368,5.000,3.350,0.980,2.370,0.707,4,"ecc_fold_word_q_reg[0]/C","ecc_product_even_reg_0_3_16_16/DP/I","other","FDCE=1;LUT4=1;LUT6=3;RAMD32=1"
484,1.368,5.000,3.350,0.980,2.370,0.707,4,"ecc_fold_word_q_reg[0]/C","ecc_product_even_reg_0_3_17_17/DP/I","other","FDCE=1;LUT4=1;LUT6=3;RAMD32=1"
485,1.368,5.000,3.350,0.980,2.370,0.707,4,"ecc_fold_word_q_reg[0]/C","ecc_product_even_reg_0_3_18_18/DP/I","other","FDCE=1;LUT4=1;LUT6=3;RAMD32=1"
486,1.368,5.000,3.350,0.980,2.370,0.707,4,"ecc_fold_word_q_reg[0]/C","ecc_product_even_reg_0_3_19_19/DP/I","other","FDCE=1;LUT4=1;LUT6=3;RAMD32=1"
487,1.368,5.000,3.350,0.980,2.370,0.707,4,"ecc_fold_word_q_reg[0]/C","ecc_product_even_reg_0_3_1_1/DP/I","other","FDCE=1;LUT4=1;LUT6=3;RAMD32=1"
488,1.368,5.000,3.350,0.980,2.370,0.707,4,"ecc_fold_word_q_reg[0]/C","ecc_product_even_reg_0_3_20_20/DP/I","other","FDCE=1;LUT4=1;LUT6=3;RAMD32=1"
489,1.368,5.000,3.350,0.980,2.370,0.707,4,"ecc_fold_word_q_reg[0]/C","ecc_product_even_reg_0_3_21_21/DP/I","other","FDCE=1;LUT4=1;LUT6=3;RAMD32=1"
490,1.368,5.000,3.350,0.980,2.370,0.707,4,"ecc_fold_word_q_reg[0]/C","ecc_product_even_reg_0_3_22_22/DP/I","other","FDCE=1;LUT4=1;LUT6=3;RAMD32=1"
491,1.368,5.000,3.350,0.980,2.370,0.707,4,"ecc_fold_word_q_reg[0]/C","ecc_product_even_reg_0_3_23_23/DP/I","other","FDCE=1;LUT4=1;LUT6=3;RAMD32=1"
492,1.368,5.000,3.350,0.980,2.370,0.707,4,"ecc_fold_word_q_reg[0]/C","ecc_product_even_reg_0_3_24_24/DP/I","other","FDCE=1;LUT4=1;LUT6=3;RAMD32=1"
493,1.368,5.000,3.350,0.980,2.370,0.707,4,"ecc_fold_word_q_reg[0]/C","ecc_product_even_reg_0_3_25_25/DP/I","other","FDCE=1;LUT4=1;LUT6=3;RAMD32=1"
494,1.368,5.000,3.350,0.980,2.370,0.707,4,"ecc_fold_word_q_reg[0]/C","ecc_product_even_reg_0_3_26_26/DP/I","other","FDCE=1;LUT4=1;LUT6=3;RAMD32=1"
495,1.368,5.000,3.350,0.980,2.370,0.707,4,"ecc_fold_word_q_reg[0]/C","ecc_product_even_reg_0_3_27_27/DP/I","other","FDCE=1;LUT4=1;LUT6=3;RAMD32=1"
496,1.368,5.000,3.350,0.980,2.370,0.707,4,"ecc_fold_word_q_reg[0]/C","ecc_product_even_reg_0_3_28_28/DP/I","other","FDCE=1;LUT4=1;LUT6=3;RAMD32=1"
497,1.368,5.000,3.350,0.980,2.370,0.707,4,"ecc_fold_word_q_reg[0]/C","ecc_product_even_reg_0_3_29_29/DP/I","other","FDCE=1;LUT4=1;LUT6=3;RAMD32=1"
498,1.368,5.000,3.350,0.980,2.370,0.707,4,"ecc_fold_word_q_reg[0]/C","ecc_product_even_reg_0_3_2_2/DP/I","other","FDCE=1;LUT4=1;LUT6=3;RAMD32=1"
499,1.368,5.000,3.350,0.980,2.370,0.707,4,"ecc_fold_word_q_reg[0]/C","ecc_product_even_reg_0_3_30_30/DP/I","other","FDCE=1;LUT4=1;LUT6=3;RAMD32=1"
500,1.368,5.000,3.350,0.980,2.370,0.707,4,"ecc_fold_word_q_reg[0]/C","ecc_product_even_reg_0_3_31_31/DP/I","other","FDCE=1;LUT4=2;LUT6=2;RAMD32=1"
501,1.368,5.000,3.350,0.980,2.370,0.707,4,"ecc_fold_word_q_reg[0]/C","ecc_product_even_reg_0_3_3_3/DP/I","other","FDCE=1;LUT4=1;LUT6=3;RAMD32=1"
502,1.368,5.000,3.350,0.980,2.370,0.707,4,"ecc_fold_word_q_reg[0]/C","ecc_product_even_reg_0_3_4_4/DP/I","other","FDCE=1;LUT4=1;LUT6=3;RAMD32=1"
503,1.368,5.000,3.350,0.980,2.370,0.707,4,"ecc_fold_word_q_reg[0]/C","ecc_product_even_reg_0_3_5_5/DP/I","other","FDCE=1;LUT4=1;LUT6=3;RAMD32=1"
504,1.368,5.000,3.350,0.980,2.370,0.707,4,"ecc_fold_word_q_reg[0]/C","ecc_product_even_reg_0_3_6_6/DP/I","other","FDCE=1;LUT4=1;LUT6=3;RAMD32=1"
505,1.368,5.000,3.350,0.980,2.370,0.707,4,"ecc_fold_word_q_reg[0]/C","ecc_product_even_reg_0_3_7_7/DP/I","other","FDCE=1;LUT4=1;LUT6=3;RAMD32=1"
506,1.368,5.000,3.350,0.980,2.370,0.707,4,"ecc_fold_word_q_reg[0]/C","ecc_product_even_reg_0_3_8_8/DP/I","other","FDCE=1;LUT4=1;LUT6=3;RAMD32=1"
507,1.368,5.000,3.350,0.980,2.370,0.707,4,"ecc_fold_word_q_reg[0]/C","ecc_product_even_reg_0_3_9_9/DP/I","other","FDCE=1;LUT4=1;LUT6=3;RAMD32=1"
508,1.384,5.000,3.369,0.980,2.389,0.709,4,"ecc_fold_word_q_reg[0]/C","ecc_product_odd_reg_0_3_31_31/SP/I","other","FDCE=1;LUT4=2;LUT6=2;RAMD32=1"
509,1.384,5.000,3.369,0.980,2.389,0.709,4,"ecc_fold_word_q_reg[0]/C","ecc_product_odd_reg_0_3_32_32/SP/I","other","FDCE=1;LUT4=1;LUT6=3;RAMD32=1"
510,1.384,5.000,3.369,0.980,2.389,0.709,4,"ecc_fold_word_q_reg[0]/C","ecc_product_odd_reg_0_3_33_33/SP/I","other","FDCE=1;LUT4=1;LUT6=3;RAMD32=1"
511,1.384,5.000,3.369,0.980,2.389,0.709,4,"ecc_fold_word_q_reg[0]/C","ecc_product_odd_reg_0_3_34_34/SP/I","other","FDCE=1;LUT4=1;LUT6=3;RAMD32=1"
512,1.384,5.000,3.369,0.980,2.389,0.709,4,"ecc_fold_word_q_reg[0]/C","ecc_product_odd_reg_0_3_35_35/SP/I","other","FDCE=1;LUT4=1;LUT6=3;RAMD32=1"
513,1.384,5.000,3.369,0.980,2.389,0.709,4,"ecc_fold_word_q_reg[0]/C","ecc_product_odd_reg_0_3_36_36/SP/I","other","FDCE=1;LUT4=1;LUT6=3;RAMD32=1"
514,1.384,5.000,3.369,0.980,2.389,0.709,4,"ecc_fold_word_q_reg[0]/C","ecc_product_odd_reg_0_3_37_37/SP/I","other","FDCE=1;LUT4=1;LUT6=3;RAMD32=1"
515,1.384,5.000,3.369,0.980,2.389,0.709,4,"ecc_fold_word_q_reg[0]/C","ecc_product_odd_reg_0_3_38_38/SP/I","other","FDCE=1;LUT4=1;LUT6=3;RAMD32=1"
516,1.384,5.000,3.369,0.980,2.389,0.709,4,"ecc_fold_word_q_reg[0]/C","ecc_product_odd_reg_0_3_39_39/SP/I","other","FDCE=1;LUT4=1;LUT6=3;RAMD32=1"
517,1.384,5.000,3.369,0.980,2.389,0.709,4,"ecc_fold_word_q_reg[0]/C","ecc_product_odd_reg_0_3_40_40/SP/I","other","FDCE=1;LUT4=1;LUT6=3;RAMD32=1"
518,1.384,5.000,3.369,0.980,2.389,0.709,4,"ecc_fold_word_q_reg[0]/C","ecc_product_odd_reg_0_3_41_41/SP/I","other","FDCE=1;LUT4=1;LUT6=3;RAMD32=1"
519,1.384,5.000,3.369,0.980,2.389,0.709,4,"ecc_fold_word_q_reg[0]/C","ecc_product_odd_reg_0_3_42_42/SP/I","other","FDCE=1;LUT4=1;LUT6=3;RAMD32=1"
520,1.384,5.000,3.369,0.980,2.389,0.709,4,"ecc_fold_word_q_reg[0]/C","ecc_product_odd_reg_0_3_43_43/SP/I","other","FDCE=1;LUT4=1;LUT6=3;RAMD32=1"
521,1.384,5.000,3.369,0.980,2.389,0.709,4,"ecc_fold_word_q_reg[0]/C","ecc_product_odd_reg_0_3_44_44/SP/I","other","FDCE=1;LUT4=1;LUT6=3;RAMD32=1"
522,1.384,5.000,3.369,0.980,2.389,0.709,4,"ecc_fold_word_q_reg[0]/C","ecc_product_odd_reg_0_3_45_45/SP/I","other","FDCE=1;LUT4=1;LUT6=3;RAMD32=1"
523,1.384,5.000,3.369,0.980,2.389,0.709,4,"ecc_fold_word_q_reg[0]/C","ecc_product_odd_reg_0_3_46_46/SP/I","other","FDCE=1;LUT4=1;LUT6=3;RAMD32=1"
524,1.384,5.000,3.369,0.980,2.389,0.709,4,"ecc_fold_word_q_reg[0]/C","ecc_product_odd_reg_0_3_47_47/SP/I","other","FDCE=1;LUT4=1;LUT6=3;RAMD32=1"
525,1.384,5.000,3.369,0.980,2.389,0.709,4,"ecc_fold_word_q_reg[0]/C","ecc_product_odd_reg_0_3_48_48/SP/I","other","FDCE=1;LUT4=1;LUT6=3;RAMD32=1"
526,1.384,5.000,3.369,0.980,2.389,0.709,4,"ecc_fold_word_q_reg[0]/C","ecc_product_odd_reg_0_3_49_49/SP/I","other","FDCE=1;LUT4=1;LUT6=3;RAMD32=1"
527,1.384,5.000,3.369,0.980,2.389,0.709,4,"ecc_fold_word_q_reg[0]/C","ecc_product_odd_reg_0_3_50_50/SP/I","other","FDCE=1;LUT4=1;LUT6=3;RAMD32=1"
528,1.384,5.000,3.369,0.980,2.389,0.709,4,"ecc_fold_word_q_reg[0]/C","ecc_product_odd_reg_0_3_51_51/SP/I","other","FDCE=1;LUT4=1;LUT6=3;RAMD32=1"
529,1.384,5.000,3.369,0.980,2.389,0.709,4,"ecc_fold_word_q_reg[0]/C","ecc_product_odd_reg_0_3_52_52/SP/I","other","FDCE=1;LUT4=1;LUT6=3;RAMD32=1"
530,1.384,5.000,3.369,0.980,2.389,0.709,4,"ecc_fold_word_q_reg[0]/C","ecc_product_odd_reg_0_3_53_53/SP/I","other","FDCE=1;LUT4=1;LUT6=3;RAMD32=1"
531,1.384,5.000,3.369,0.980,2.389,0.709,4,"ecc_fold_word_q_reg[0]/C","ecc_product_odd_reg_0_3_54_54/SP/I","other","FDCE=1;LUT4=1;LUT6=3;RAMD32=1"
532,1.384,5.000,3.369,0.980,2.389,0.709,4,"ecc_fold_word_q_reg[0]/C","ecc_product_odd_reg_0_3_55_55/SP/I","other","FDCE=1;LUT4=1;LUT6=3;RAMD32=1"
533,1.384,5.000,3.369,0.980,2.389,0.709,4,"ecc_fold_word_q_reg[0]/C","ecc_product_odd_reg_0_3_56_56/SP/I","other","FDCE=1;LUT4=1;LUT6=3;RAMD32=1"
534,1.384,5.000,3.369,0.980,2.389,0.709,4,"ecc_fold_word_q_reg[0]/C","ecc_product_odd_reg_0_3_57_57/SP/I","other","FDCE=1;LUT4=1;LUT6=3;RAMD32=1"
535,1.384,5.000,3.369,0.980,2.389,0.709,4,"ecc_fold_word_q_reg[0]/C","ecc_product_odd_reg_0_3_58_58/SP/I","other","FDCE=1;LUT4=1;LUT6=3;RAMD32=1"
536,1.384,5.000,3.369,0.980,2.389,0.709,4,"ecc_fold_word_q_reg[0]/C","ecc_product_odd_reg_0_3_59_59/SP/I","other","FDCE=1;LUT4=1;LUT6=3;RAMD32=1"
537,1.384,5.000,3.369,0.980,2.389,0.709,4,"ecc_fold_word_q_reg[0]/C","ecc_product_odd_reg_0_3_60_60/SP/I","other","FDCE=1;LUT4=1;LUT6=3;RAMD32=1"
538,1.384,5.000,3.369,0.980,2.389,0.709,4,"ecc_fold_word_q_reg[0]/C","ecc_product_odd_reg_0_3_61_61/SP/I","other","FDCE=1;LUT4=1;LUT6=3;RAMD32=1"
539,1.384,5.000,3.369,0.980,2.389,0.709,4,"ecc_fold_word_q_reg[0]/C","ecc_product_odd_reg_0_3_62_62/SP/I","other","FDCE=1;LUT4=1;LUT6=3;RAMD32=1"
540,1.403,5.000,3.350,0.980,2.370,0.707,4,"ecc_fold_word_q_reg[0]/C","ecc_product_even_reg_0_3_0_0/SP/I","other","FDCE=1;LUT4=1;LUT6=3;RAMD32=1"
541,1.403,5.000,3.350,0.980,2.370,0.707,4,"ecc_fold_word_q_reg[0]/C","ecc_product_even_reg_0_3_10_10/SP/I","other","FDCE=1;LUT4=1;LUT6=3;RAMD32=1"
542,1.403,5.000,3.350,0.980,2.370,0.707,4,"ecc_fold_word_q_reg[0]/C","ecc_product_even_reg_0_3_11_11/SP/I","other","FDCE=1;LUT4=1;LUT6=3;RAMD32=1"
543,1.403,5.000,3.350,0.980,2.370,0.707,4,"ecc_fold_word_q_reg[0]/C","ecc_product_even_reg_0_3_12_12/SP/I","other","FDCE=1;LUT4=1;LUT6=3;RAMD32=1"
544,1.403,5.000,3.350,0.980,2.370,0.707,4,"ecc_fold_word_q_reg[0]/C","ecc_product_even_reg_0_3_13_13/SP/I","other","FDCE=1;LUT4=1;LUT6=3;RAMD32=1"
545,1.403,5.000,3.350,0.980,2.370,0.707,4,"ecc_fold_word_q_reg[0]/C","ecc_product_even_reg_0_3_14_14/SP/I","other","FDCE=1;LUT4=1;LUT6=3;RAMD32=1"
546,1.403,5.000,3.350,0.980,2.370,0.707,4,"ecc_fold_word_q_reg[0]/C","ecc_product_even_reg_0_3_15_15/SP/I","other","FDCE=1;LUT4=1;LUT6=3;RAMD32=1"
547,1.403,5.000,3.350,0.980,2.370,0.707,4,"ecc_fold_word_q_reg[0]/C","ecc_product_even_reg_0_3_16_16/SP/I","other","FDCE=1;LUT4=1;LUT6=3;RAMD32=1"
548,1.403,5.000,3.350,0.980,2.370,0.707,4,"ecc_fold_word_q_reg[0]/C","ecc_product_even_reg_0_3_17_17/SP/I","other","FDCE=1;LUT4=1;LUT6=3;RAMD32=1"
549,1.403,5.000,3.350,0.980,2.370,0.707,4,"ecc_fold_word_q_reg[0]/C","ecc_product_even_reg_0_3_18_18/SP/I","other","FDCE=1;LUT4=1;LUT6=3;RAMD32=1"
550,1.403,5.000,3.350,0.980,2.370,0.707,4,"ecc_fold_word_q_reg[0]/C","ecc_product_even_reg_0_3_19_19/SP/I","other","FDCE=1;LUT4=1;LUT6=3;RAMD32=1"
551,1.403,5.000,3.350,0.980,2.370,0.707,4,"ecc_fold_word_q_reg[0]/C","ecc_product_even_reg_0_3_1_1/SP/I","other","FDCE=1;LUT4=1;LUT6=3;RAMD32=1"
552,1.403,5.000,3.350,0.980,2.370,0.707,4,"ecc_fold_word_q_reg[0]/C","ecc_product_even_reg_0_3_20_20/SP/I","other","FDCE=1;LUT4=1;LUT6=3;RAMD32=1"
553,1.403,5.000,3.350,0.980,2.370,0.707,4,"ecc_fold_word_q_reg[0]/C","ecc_product_even_reg_0_3_21_21/SP/I","other","FDCE=1;LUT4=1;LUT6=3;RAMD32=1"
554,1.403,5.000,3.350,0.980,2.370,0.707,4,"ecc_fold_word_q_reg[0]/C","ecc_product_even_reg_0_3_22_22/SP/I","other","FDCE=1;LUT4=1;LUT6=3;RAMD32=1"
555,1.403,5.000,3.350,0.980,2.370,0.707,4,"ecc_fold_word_q_reg[0]/C","ecc_product_even_reg_0_3_23_23/SP/I","other","FDCE=1;LUT4=1;LUT6=3;RAMD32=1"
556,1.403,5.000,3.350,0.980,2.370,0.707,4,"ecc_fold_word_q_reg[0]/C","ecc_product_even_reg_0_3_24_24/SP/I","other","FDCE=1;LUT4=1;LUT6=3;RAMD32=1"
557,1.403,5.000,3.350,0.980,2.370,0.707,4,"ecc_fold_word_q_reg[0]/C","ecc_product_even_reg_0_3_25_25/SP/I","other","FDCE=1;LUT4=1;LUT6=3;RAMD32=1"
558,1.403,5.000,3.350,0.980,2.370,0.707,4,"ecc_fold_word_q_reg[0]/C","ecc_product_even_reg_0_3_26_26/SP/I","other","FDCE=1;LUT4=1;LUT6=3;RAMD32=1"
559,1.403,5.000,3.350,0.980,2.370,0.707,4,"ecc_fold_word_q_reg[0]/C","ecc_product_even_reg_0_3_27_27/SP/I","other","FDCE=1;LUT4=1;LUT6=3;RAMD32=1"
560,1.403,5.000,3.350,0.980,2.370,0.707,4,"ecc_fold_word_q_reg[0]/C","ecc_product_even_reg_0_3_28_28/SP/I","other","FDCE=1;LUT4=1;LUT6=3;RAMD32=1"
561,1.403,5.000,3.350,0.980,2.370,0.707,4,"ecc_fold_word_q_reg[0]/C","ecc_product_even_reg_0_3_29_29/SP/I","other","FDCE=1;LUT4=1;LUT6=3;RAMD32=1"
562,1.403,5.000,3.350,0.980,2.370,0.707,4,"ecc_fold_word_q_reg[0]/C","ecc_product_even_reg_0_3_2_2/SP/I","other","FDCE=1;LUT4=1;LUT6=3;RAMD32=1"
563,1.403,5.000,3.350,0.980,2.370,0.707,4,"ecc_fold_word_q_reg[0]/C","ecc_product_even_reg_0_3_30_30/SP/I","other","FDCE=1;LUT4=1;LUT6=3;RAMD32=1"
564,1.403,5.000,3.350,0.980,2.370,0.707,4,"ecc_fold_word_q_reg[0]/C","ecc_product_even_reg_0_3_31_31/SP/I","other","FDCE=1;LUT4=2;LUT6=2;RAMD32=1"
565,1.403,5.000,3.350,0.980,2.370,0.707,4,"ecc_fold_word_q_reg[0]/C","ecc_product_even_reg_0_3_3_3/SP/I","other","FDCE=1;LUT4=1;LUT6=3;RAMD32=1"
566,1.403,5.000,3.350,0.980,2.370,0.707,4,"ecc_fold_word_q_reg[0]/C","ecc_product_even_reg_0_3_4_4/SP/I","other","FDCE=1;LUT4=1;LUT6=3;RAMD32=1"
567,1.403,5.000,3.350,0.980,2.370,0.707,4,"ecc_fold_word_q_reg[0]/C","ecc_product_even_reg_0_3_5_5/SP/I","other","FDCE=1;LUT4=1;LUT6=3;RAMD32=1"
568,1.403,5.000,3.350,0.980,2.370,0.707,4,"ecc_fold_word_q_reg[0]/C","ecc_product_even_reg_0_3_6_6/SP/I","other","FDCE=1;LUT4=1;LUT6=3;RAMD32=1"
569,1.403,5.000,3.350,0.980,2.370,0.707,4,"ecc_fold_word_q_reg[0]/C","ecc_product_even_reg_0_3_7_7/SP/I","other","FDCE=1;LUT4=1;LUT6=3;RAMD32=1"
570,1.403,5.000,3.350,0.980,2.370,0.707,4,"ecc_fold_word_q_reg[0]/C","ecc_product_even_reg_0_3_8_8/SP/I","other","FDCE=1;LUT4=1;LUT6=3;RAMD32=1"
571,1.403,5.000,3.350,0.980,2.370,0.707,4,"ecc_fold_word_q_reg[0]/C","ecc_product_even_reg_0_3_9_9/SP/I","other","FDCE=1;LUT4=1;LUT6=3;RAMD32=1"
572,1.423,5.000,3.574,1.105,2.469,0.691,5,"st_q_reg[2]_rep/C","ecc_diag_base_q_reg[3]/D","TOP control","FDCE=2;LUT3=1;LUT5=3;LUT6=1"
573,1.423,5.000,3.574,1.105,2.469,0.691,5,"st_q_reg[2]_rep/C","ecc_diag_base_q_reg[4]/D","TOP control","FDCE=2;LUT3=1;LUT5=2;LUT6=2"
574,1.423,5.000,3.574,1.105,2.469,0.691,5,"st_q_reg[2]_rep/C","ecc_diag_base_q_reg[5]/D","TOP control","FDCE=2;LUT3=1;LUT5=2;LUT6=2"
575,1.425,5.000,3.572,0.980,2.592,0.726,4,"st_q_reg[1]/C","uop_p0_q_reg[valid]/D","TOP control","FDCE=2;LUT5=1;LUT6=3"
576,1.429,5.000,3.360,0.875,2.485,0.740,3,"st_q_reg[1]/C","uop_p0_q_reg[chunk_idx][0]/CE","TOP control","FDCE=2;LUT5=1;LUT6=2"
577,1.429,5.000,3.360,0.875,2.485,0.740,3,"st_q_reg[1]/C","uop_p0_q_reg[chunk_idx][1]/CE","TOP control","FDCE=2;LUT5=1;LUT6=2"
578,1.429,5.000,3.360,0.875,2.485,0.740,3,"st_q_reg[1]/C","uop_p0_q_reg[class_idx][0]/CE","TOP control","FDCE=2;LUT5=1;LUT6=2"
579,1.429,5.000,3.360,0.875,2.485,0.740,3,"st_q_reg[1]/C","uop_p0_q_reg[class_idx][1]/CE","TOP control","FDCE=2;LUT5=1;LUT6=2"
580,1.429,5.000,3.360,0.875,2.485,0.740,3,"st_q_reg[1]/C","uop_p0_q_reg[class_idx][2]/CE","TOP control","FDCE=2;LUT5=1;LUT6=2"
581,1.429,5.000,3.360,0.875,2.485,0.740,3,"st_q_reg[1]/C","uop_p0_q_reg[dst_addr][0]/CE","TOP control","FDCE=2;LUT5=1;LUT6=2"
582,1.429,5.000,3.360,0.875,2.485,0.740,3,"st_q_reg[1]/C","uop_p0_q_reg[dst_addr][1]/CE","TOP control","FDCE=2;LUT5=1;LUT6=2"
583,1.429,5.000,3.360,0.875,2.485,0.740,3,"st_q_reg[1]/C","uop_p0_q_reg[dst_addr][2]/CE","TOP control","FDCE=2;LUT5=1;LUT6=2"
584,1.429,5.000,3.360,0.875,2.485,0.740,3,"st_q_reg[1]/C","uop_p0_q_reg[dst_addr][3]/CE","TOP control","FDCE=2;LUT5=1;LUT6=2"
585,1.429,5.000,3.360,0.875,2.485,0.740,3,"st_q_reg[1]/C","uop_p0_q_reg[dst_addr][4]/CE","TOP control","FDCE=2;LUT5=1;LUT6=2"
586,1.429,5.000,3.360,0.875,2.485,0.740,3,"st_q_reg[1]/C","uop_p0_q_reg[dst_addr][5]/CE","TOP control","FDCE=2;LUT5=1;LUT6=2"
587,1.429,5.000,3.360,0.875,2.485,0.740,3,"st_q_reg[1]/C","uop_p0_q_reg[is_last_class]/CE","TOP control","FDCE=2;LUT5=1;LUT6=2"
588,1.429,5.000,3.360,0.875,2.485,0.740,3,"st_q_reg[1]/C","uop_p0_q_reg[op_type][0]/CE","TOP control","FDCE=2;LUT5=1;LUT6=2"
589,1.429,5.000,3.360,0.875,2.485,0.740,3,"st_q_reg[1]/C","uop_p0_q_reg[op_type][1]/CE","TOP control","FDCE=2;LUT5=1;LUT6=2"
590,1.429,5.000,3.360,0.875,2.485,0.740,3,"st_q_reg[1]/C","uop_p0_q_reg[op_type][2]/CE","TOP control","FDCE=2;LUT5=1;LUT6=2"
591,1.429,5.000,3.360,0.875,2.485,0.740,3,"st_q_reg[1]/C","uop_p0_q_reg[perm_nibble][0]/CE","TOP control","FDCE=2;LUT5=1;LUT6=2"
592,1.429,5.000,3.360,0.875,2.485,0.740,3,"st_q_reg[1]/C","uop_p0_q_reg[perm_nibble][1]/CE","TOP control","FDCE=2;LUT5=1;LUT6=2"
593,1.429,5.000,3.360,0.875,2.485,0.740,3,"st_q_reg[1]/C","uop_p0_q_reg[perm_nibble][2]/CE","TOP control","FDCE=2;LUT5=1;LUT6=2"
594,1.429,5.000,3.360,0.875,2.485,0.740,3,"st_q_reg[1]/C","uop_p0_q_reg[perm_nibble][3]/CE","TOP control","FDCE=2;LUT5=1;LUT6=2"
595,1.429,5.000,3.360,0.875,2.485,0.740,3,"st_q_reg[1]/C","uop_p0_q_reg[src0_addr][0]/CE","TOP control","FDCE=2;LUT5=1;LUT6=2"
596,1.429,5.000,3.360,0.875,2.485,0.740,3,"st_q_reg[1]/C","uop_p0_q_reg[src0_addr][1]/CE","TOP control","FDCE=2;LUT5=1;LUT6=2"
597,1.429,5.000,3.360,0.875,2.485,0.740,3,"st_q_reg[1]/C","uop_p0_q_reg[src0_addr][2]/CE","TOP control","FDCE=2;LUT5=1;LUT6=2"
598,1.429,5.000,3.360,0.875,2.485,0.740,3,"st_q_reg[1]/C","uop_p0_q_reg[src0_addr][3]/CE","TOP control","FDCE=2;LUT5=1;LUT6=2"
599,1.429,5.000,3.360,0.875,2.485,0.740,3,"st_q_reg[1]/C","uop_p0_q_reg[src0_addr][4]/CE","TOP control","FDCE=2;LUT5=1;LUT6=2"
600,1.429,5.000,3.360,0.875,2.485,0.740,3,"st_q_reg[1]/C","uop_p0_q_reg[src0_addr][5]/CE","TOP control","FDCE=2;LUT5=1;LUT6=2"
601,1.429,5.000,3.360,0.875,2.485,0.740,3,"st_q_reg[1]/C","uop_p0_q_reg[src1_addr][0]/CE","TOP control","FDCE=2;LUT5=1;LUT6=2"
602,1.429,5.000,3.360,0.875,2.485,0.740,3,"st_q_reg[1]/C","uop_p0_q_reg[src1_addr][1]/CE","TOP control","FDCE=2;LUT5=1;LUT6=2"
603,1.429,5.000,3.360,0.875,2.485,0.740,3,"st_q_reg[1]/C","uop_p0_q_reg[src1_addr][2]/CE","TOP control","FDCE=2;LUT5=1;LUT6=2"
604,1.429,5.000,3.360,0.875,2.485,0.740,3,"st_q_reg[1]/C","uop_p0_q_reg[src1_addr][3]/CE","TOP control","FDCE=2;LUT5=1;LUT6=2"
605,1.429,5.000,3.360,0.875,2.485,0.740,3,"st_q_reg[1]/C","uop_p0_q_reg[src1_addr][4]/CE","TOP control","FDCE=2;LUT5=1;LUT6=2"
606,1.429,5.000,3.360,0.875,2.485,0.740,3,"st_q_reg[1]/C","uop_p0_q_reg[src1_addr][5]/CE","TOP control","FDCE=2;LUT5=1;LUT6=2"
607,1.429,5.000,3.360,0.875,2.485,0.740,3,"st_q_reg[1]/C","uop_p0_q_reg[subgroup_idx][0]/CE","TOP control","FDCE=2;LUT5=1;LUT6=2"
608,1.429,5.000,3.360,0.875,2.485,0.740,3,"st_q_reg[1]/C","uop_p0_q_reg[subgroup_idx][1]/CE","TOP control","FDCE=2;LUT5=1;LUT6=2"
609,1.429,5.000,3.360,0.875,2.485,0.740,3,"st_q_reg[1]/C","uop_p0_q_reg[use_clip]/CE","TOP control","FDCE=2;LUT5=1;LUT6=2"
610,1.429,5.000,3.360,0.875,2.485,0.740,3,"st_q_reg[1]/C","uop_p0_q_reg[use_counter]/CE","TOP control","FDCE=2;LUT5=1;LUT6=2"
611,1.429,5.000,3.360,0.875,2.485,0.740,3,"st_q_reg[1]/C","uop_p0_q_reg[use_shift]/CE","TOP control","FDCE=2;LUT5=1;LUT6=2"
612,1.442,5.000,3.555,1.105,2.450,0.689,5,"ecc_leaf_id_q_reg[0]/C","ecc_leaf_b_q_reg[10]/D","other","FDCE=2;LUT4=3;LUT5=2"
613,1.442,5.000,3.555,1.105,2.450,0.689,5,"ecc_leaf_id_q_reg[0]/C","ecc_leaf_b_q_reg[11]/D","other","FDCE=2;LUT4=2;LUT5=3"
614,1.442,5.000,3.555,1.105,2.450,0.689,5,"ecc_leaf_id_q_reg[0]/C","ecc_leaf_b_q_reg[12]/D","other","FDCE=2;LUT4=3;LUT5=2"
615,1.442,5.000,3.555,1.105,2.450,0.689,5,"ecc_leaf_id_q_reg[0]/C","ecc_leaf_b_q_reg[13]/D","other","FDCE=2;LUT4=3;LUT5=2"
616,1.442,5.000,3.555,1.105,2.450,0.689,5,"ecc_leaf_id_q_reg[0]/C","ecc_leaf_b_q_reg[14]/D","other","FDCE=2;LUT4=3;LUT5=2"
617,1.442,5.000,3.555,1.105,2.450,0.689,5,"ecc_leaf_id_q_reg[0]/C","ecc_leaf_b_q_reg[15]/D","other","FDCE=2;LUT4=2;LUT5=3"
618,1.442,5.000,3.555,1.105,2.450,0.689,5,"ecc_leaf_id_q_reg[0]/C","ecc_leaf_b_q_reg[17]/D","other","FDCE=2;LUT4=2;LUT5=3"
619,1.442,5.000,3.555,1.105,2.450,0.689,5,"ecc_leaf_id_q_reg[0]/C","ecc_leaf_b_q_reg[19]/D","other","FDCE=2;LUT4=3;LUT5=2"
620,1.442,5.000,3.555,1.105,2.450,0.689,5,"ecc_leaf_id_q_reg[0]/C","ecc_leaf_b_q_reg[1]/D","other","FDCE=2;LUT4=2;LUT5=3"
621,1.442,5.000,3.555,1.105,2.450,0.689,5,"ecc_leaf_id_q_reg[0]/C","ecc_leaf_b_q_reg[20]/D","other","FDCE=2;LUT4=2;LUT5=3"
622,1.442,5.000,3.555,1.105,2.450,0.689,5,"ecc_leaf_id_q_reg[0]/C","ecc_leaf_b_q_reg[22]/D","other","FDCE=2;LUT4=2;LUT5=3"
623,1.442,5.000,3.555,1.105,2.450,0.689,5,"ecc_leaf_id_q_reg[0]/C","ecc_leaf_b_q_reg[24]/D","other","FDCE=2;LUT4=3;LUT5=2"
624,1.442,5.000,3.555,1.105,2.450,0.689,5,"ecc_leaf_id_q_reg[0]/C","ecc_leaf_b_q_reg[26]/D","other","FDCE=2;LUT4=2;LUT5=3"
625,1.442,5.000,3.555,1.105,2.450,0.689,5,"ecc_leaf_id_q_reg[0]/C","ecc_leaf_b_q_reg[27]/D","other","FDCE=2;LUT4=3;LUT5=1;LUT6=1"
626,1.442,5.000,3.555,1.105,2.450,0.689,5,"ecc_leaf_id_q_reg[0]/C","ecc_leaf_b_q_reg[28]/D","other","FDCE=2;LUT4=3;LUT5=2"
627,1.442,5.000,3.555,1.105,2.450,0.689,5,"ecc_leaf_id_q_reg[0]/C","ecc_leaf_b_q_reg[29]/D","other","FDCE=2;LUT4=3;LUT5=2"
628,1.442,5.000,3.555,1.105,2.450,0.689,5,"ecc_leaf_id_q_reg[0]/C","ecc_leaf_b_q_reg[30]/D","other","FDCE=2;LUT4=2;LUT5=3"
629,1.442,5.000,3.555,1.105,2.450,0.689,5,"ecc_leaf_id_q_reg[0]/C","ecc_leaf_b_q_reg[31]/D","other","FDCE=2;LUT4=3;LUT5=2"
630,1.442,5.000,3.555,1.105,2.450,0.689,5,"ecc_leaf_id_q_reg[0]/C","ecc_leaf_b_q_reg[3]/D","other","FDCE=2;LUT4=3;LUT5=2"
631,1.442,5.000,3.555,1.105,2.450,0.689,5,"ecc_leaf_id_q_reg[0]/C","ecc_leaf_b_q_reg[4]/D","other","FDCE=2;LUT4=2;LUT5=3"
632,1.442,5.000,3.555,1.105,2.450,0.689,5,"ecc_leaf_id_q_reg[0]/C","ecc_leaf_b_q_reg[5]/D","other","FDCE=2;LUT4=3;LUT5=2"
633,1.442,5.000,3.555,1.105,2.450,0.689,5,"ecc_leaf_id_q_reg[0]/C","ecc_leaf_b_q_reg[6]/D","other","FDCE=2;LUT4=3;LUT5=2"
634,1.442,5.000,3.555,1.105,2.450,0.689,5,"ecc_leaf_id_q_reg[0]/C","ecc_leaf_b_q_reg[7]/D","other","FDCE=2;LUT4=3;LUT5=2"
635,1.442,5.000,3.555,1.105,2.450,0.689,5,"ecc_leaf_id_q_reg[0]/C","ecc_leaf_b_q_reg[8]/D","other","FDCE=2;LUT4=3;LUT5=2"
636,1.442,5.000,3.555,1.105,2.450,0.689,5,"ecc_leaf_id_q_reg[0]/C","ecc_leaf_b_q_reg[9]/D","other","FDCE=2;LUT4=2;LUT5=3"
637,1.443,5.000,3.346,0.980,2.366,0.707,4,"a_q_reg[16]/C","ecc_leaf_a_q_reg[0]/CE","other","FDCE=2;LUT5=3;LUT6=1"
638,1.443,5.000,3.346,0.980,2.366,0.707,4,"a_q_reg[16]/C","ecc_leaf_a_q_reg[10]/CE","other","FDCE=2;LUT5=3;LUT6=1"
639,1.443,5.000,3.346,0.980,2.366,0.707,4,"a_q_reg[16]/C","ecc_leaf_a_q_reg[11]/CE","other","FDCE=2;LUT5=3;LUT6=1"
640,1.443,5.000,3.346,0.980,2.366,0.707,4,"a_q_reg[16]/C","ecc_leaf_a_q_reg[12]/CE","other","FDCE=2;LUT5=3;LUT6=1"
641,1.443,5.000,3.346,0.980,2.366,0.707,4,"a_q_reg[16]/C","ecc_leaf_a_q_reg[13]/CE","other","FDCE=2;LUT5=3;LUT6=1"
642,1.443,5.000,3.346,0.980,2.366,0.707,4,"a_q_reg[16]/C","ecc_leaf_a_q_reg[14]/CE","other","FDCE=2;LUT5=3;LUT6=1"
643,1.443,5.000,3.346,0.980,2.366,0.707,4,"a_q_reg[16]/C","ecc_leaf_a_q_reg[15]/CE","other","FDCE=2;LUT5=3;LUT6=1"
644,1.443,5.000,3.346,0.980,2.366,0.707,4,"a_q_reg[16]/C","ecc_leaf_a_q_reg[16]/CE","other","FDCE=2;LUT5=3;LUT6=1"
645,1.443,5.000,3.346,0.980,2.366,0.707,4,"a_q_reg[16]/C","ecc_leaf_a_q_reg[17]/CE","other","FDCE=2;LUT5=3;LUT6=1"
646,1.443,5.000,3.346,0.980,2.366,0.707,4,"a_q_reg[16]/C","ecc_leaf_a_q_reg[18]/CE","other","FDCE=2;LUT5=3;LUT6=1"
647,1.443,5.000,3.346,0.980,2.366,0.707,4,"a_q_reg[16]/C","ecc_leaf_a_q_reg[19]/CE","other","FDCE=2;LUT5=3;LUT6=1"
648,1.443,5.000,3.346,0.980,2.366,0.707,4,"a_q_reg[16]/C","ecc_leaf_a_q_reg[1]/CE","other","FDCE=2;LUT5=3;LUT6=1"
649,1.443,5.000,3.346,0.980,2.366,0.707,4,"a_q_reg[16]/C","ecc_leaf_a_q_reg[20]/CE","other","FDCE=2;LUT5=3;LUT6=1"
650,1.443,5.000,3.346,0.980,2.366,0.707,4,"a_q_reg[16]/C","ecc_leaf_a_q_reg[21]/CE","other","FDCE=2;LUT5=3;LUT6=1"
651,1.443,5.000,3.346,0.980,2.366,0.707,4,"a_q_reg[16]/C","ecc_leaf_a_q_reg[22]/CE","other","FDCE=2;LUT5=3;LUT6=1"
652,1.443,5.000,3.346,0.980,2.366,0.707,4,"a_q_reg[16]/C","ecc_leaf_a_q_reg[23]/CE","other","FDCE=2;LUT5=3;LUT6=1"
653,1.443,5.000,3.346,0.980,2.366,0.707,4,"a_q_reg[16]/C","ecc_leaf_a_q_reg[24]/CE","other","FDCE=2;LUT5=3;LUT6=1"
654,1.443,5.000,3.346,0.980,2.366,0.707,4,"a_q_reg[16]/C","ecc_leaf_a_q_reg[25]/CE","other","FDCE=2;LUT5=3;LUT6=1"
655,1.443,5.000,3.346,0.980,2.366,0.707,4,"a_q_reg[16]/C","ecc_leaf_a_q_reg[26]/CE","other","FDCE=2;LUT5=3;LUT6=1"
656,1.443,5.000,3.346,0.980,2.366,0.707,4,"a_q_reg[16]/C","ecc_leaf_a_q_reg[27]/CE","other","FDCE=2;LUT5=3;LUT6=1"
657,1.443,5.000,3.346,0.980,2.366,0.707,4,"a_q_reg[16]/C","ecc_leaf_a_q_reg[28]/CE","other","FDCE=2;LUT5=3;LUT6=1"
658,1.443,5.000,3.346,0.980,2.366,0.707,4,"a_q_reg[16]/C","ecc_leaf_a_q_reg[29]/CE","other","FDCE=2;LUT5=3;LUT6=1"
659,1.443,5.000,3.346,0.980,2.366,0.707,4,"a_q_reg[16]/C","ecc_leaf_a_q_reg[2]/CE","other","FDCE=2;LUT5=3;LUT6=1"
660,1.443,5.000,3.346,0.980,2.366,0.707,4,"a_q_reg[16]/C","ecc_leaf_a_q_reg[30]/CE","other","FDCE=2;LUT5=3;LUT6=1"
661,1.443,5.000,3.346,0.980,2.366,0.707,4,"a_q_reg[16]/C","ecc_leaf_a_q_reg[31]/CE","other","FDCE=2;LUT5=3;LUT6=1"
662,1.443,5.000,3.346,0.980,2.366,0.707,4,"a_q_reg[16]/C","ecc_leaf_a_q_reg[3]/CE","other","FDCE=2;LUT5=3;LUT6=1"
663,1.443,5.000,3.346,0.980,2.366,0.707,4,"a_q_reg[16]/C","ecc_leaf_a_q_reg[4]/CE","other","FDCE=2;LUT5=3;LUT6=1"
664,1.443,5.000,3.346,0.980,2.366,0.707,4,"a_q_reg[16]/C","ecc_leaf_a_q_reg[5]/CE","other","FDCE=2;LUT5=3;LUT6=1"
665,1.443,5.000,3.346,0.980,2.366,0.707,4,"a_q_reg[16]/C","ecc_leaf_a_q_reg[6]/CE","other","FDCE=2;LUT5=3;LUT6=1"
666,1.443,5.000,3.346,0.980,2.366,0.707,4,"a_q_reg[16]/C","ecc_leaf_a_q_reg[7]/CE","other","FDCE=2;LUT5=3;LUT6=1"
667,1.443,5.000,3.346,0.980,2.366,0.707,4,"a_q_reg[16]/C","ecc_leaf_a_q_reg[8]/CE","other","FDCE=2;LUT5=3;LUT6=1"
668,1.443,5.000,3.346,0.980,2.366,0.707,4,"a_q_reg[16]/C","ecc_leaf_a_q_reg[9]/CE","other","FDCE=2;LUT5=3;LUT6=1"
669,1.443,5.000,3.554,1.085,2.469,0.695,5,"ecc_leaf_id_q_reg[0]/C","ecc_leaf_a_q_reg[0]/D","other","FDCE=2;LUT4=3;LUT5=2"
670,1.443,5.000,3.554,1.085,2.469,0.695,5,"ecc_leaf_id_q_reg[0]/C","ecc_leaf_a_q_reg[10]/D","other","FDCE=2;LUT4=3;LUT5=2"
671,1.443,5.000,3.554,1.085,2.469,0.695,5,"ecc_leaf_id_q_reg[0]/C","ecc_leaf_a_q_reg[11]/D","other","FDCE=2;LUT4=3;LUT5=2"
672,1.443,5.000,3.554,1.085,2.469,0.695,5,"ecc_leaf_id_q_reg[0]/C","ecc_leaf_a_q_reg[12]/D","other","FDCE=2;LUT4=3;LUT5=2"
673,1.443,5.000,3.554,1.085,2.469,0.695,5,"ecc_leaf_id_q_reg[0]/C","ecc_leaf_a_q_reg[13]/D","other","FDCE=2;LUT4=2;LUT5=2;LUT6=1"
674,1.443,5.000,3.554,1.085,2.469,0.695,5,"ecc_leaf_id_q_reg[0]/C","ecc_leaf_a_q_reg[14]/D","other","FDCE=2;LUT4=2;LUT5=2;LUT6=1"
675,1.443,5.000,3.554,1.085,2.469,0.695,5,"ecc_leaf_id_q_reg[0]/C","ecc_leaf_a_q_reg[15]/D","other","FDCE=2;LUT4=3;LUT5=2"
676,1.443,5.000,3.554,1.085,2.469,0.695,5,"ecc_leaf_id_q_reg[0]/C","ecc_leaf_a_q_reg[16]/D","other","FDCE=2;LUT4=3;LUT5=2"
677,1.443,5.000,3.554,1.085,2.469,0.695,5,"ecc_leaf_id_q_reg[0]/C","ecc_leaf_a_q_reg[17]/D","other","FDCE=2;LUT4=2;LUT5=3"
678,1.443,5.000,3.554,1.085,2.469,0.695,5,"ecc_leaf_id_q_reg[0]/C","ecc_leaf_a_q_reg[18]/D","other","FDCE=2;LUT4=2;LUT5=3"
679,1.443,5.000,3.554,1.085,2.469,0.695,5,"ecc_leaf_id_q_reg[0]/C","ecc_leaf_a_q_reg[19]/D","other","FDCE=2;LUT4=2;LUT5=3"
680,1.443,5.000,3.554,1.085,2.469,0.695,5,"ecc_leaf_id_q_reg[0]/C","ecc_leaf_a_q_reg[1]/D","other","FDCE=2;LUT4=2;LUT5=3"
681,1.443,5.000,3.554,1.085,2.469,0.695,5,"ecc_leaf_id_q_reg[0]/C","ecc_leaf_a_q_reg[20]/D","other","FDCE=2;LUT4=3;LUT5=2"
682,1.443,5.000,3.554,1.085,2.469,0.695,5,"ecc_leaf_id_q_reg[0]/C","ecc_leaf_a_q_reg[21]/D","other","FDCE=2;LUT4=3;LUT5=2"
683,1.443,5.000,3.554,1.085,2.469,0.695,5,"ecc_leaf_id_q_reg[0]/C","ecc_leaf_a_q_reg[22]/D","other","FDCE=2;LUT4=2;LUT5=2;LUT6=1"
684,1.443,5.000,3.554,1.085,2.469,0.695,5,"ecc_leaf_id_q_reg[0]/C","ecc_leaf_a_q_reg[24]/D","other","FDCE=2;LUT4=3;LUT5=2"
685,1.443,5.000,3.554,1.085,2.469,0.695,5,"ecc_leaf_id_q_reg[0]/C","ecc_leaf_a_q_reg[25]/D","other","FDCE=2;LUT4=3;LUT5=2"
686,1.443,5.000,3.554,1.085,2.469,0.695,5,"ecc_leaf_id_q_reg[0]/C","ecc_leaf_a_q_reg[26]/D","other","FDCE=2;LUT4=2;LUT5=3"
687,1.443,5.000,3.554,1.085,2.469,0.695,5,"ecc_leaf_id_q_reg[0]/C","ecc_leaf_a_q_reg[27]/D","other","FDCE=2;LUT4=3;LUT5=1;LUT6=1"
688,1.443,5.000,3.554,1.085,2.469,0.695,5,"ecc_leaf_id_q_reg[0]/C","ecc_leaf_a_q_reg[28]/D","other","FDCE=2;LUT4=2;LUT5=3"
689,1.443,5.000,3.554,1.085,2.469,0.695,5,"ecc_leaf_id_q_reg[0]/C","ecc_leaf_a_q_reg[29]/D","other","FDCE=2;LUT4=3;LUT5=2"
690,1.443,5.000,3.554,1.085,2.469,0.695,5,"ecc_leaf_id_q_reg[0]/C","ecc_leaf_a_q_reg[2]/D","other","FDCE=2;LUT4=3;LUT5=2"
691,1.443,5.000,3.554,1.085,2.469,0.695,5,"ecc_leaf_id_q_reg[0]/C","ecc_leaf_a_q_reg[30]/D","other","FDCE=2;LUT4=2;LUT5=3"
692,1.443,5.000,3.554,1.085,2.469,0.695,5,"ecc_leaf_id_q_reg[0]/C","ecc_leaf_a_q_reg[31]/D","other","FDCE=2;LUT4=3;LUT5=2"
693,1.443,5.000,3.554,1.085,2.469,0.695,5,"ecc_leaf_id_q_reg[0]/C","ecc_leaf_a_q_reg[3]/D","other","FDCE=2;LUT4=3;LUT5=2"
694,1.443,5.000,3.554,1.085,2.469,0.695,5,"ecc_leaf_id_q_reg[0]/C","ecc_leaf_a_q_reg[4]/D","other","FDCE=2;LUT4=3;LUT5=2"
695,1.443,5.000,3.554,1.085,2.469,0.695,5,"ecc_leaf_id_q_reg[0]/C","ecc_leaf_a_q_reg[5]/D","other","FDCE=2;LUT4=3;LUT5=2"
696,1.443,5.000,3.554,1.085,2.469,0.695,5,"ecc_leaf_id_q_reg[0]/C","ecc_leaf_a_q_reg[6]/D","other","FDCE=2;LUT4=2;LUT5=3"
697,1.443,5.000,3.554,1.085,2.469,0.695,5,"ecc_leaf_id_q_reg[0]/C","ecc_leaf_a_q_reg[7]/D","other","FDCE=2;LUT4=2;LUT5=3"
698,1.443,5.000,3.554,1.085,2.469,0.695,5,"ecc_leaf_id_q_reg[0]/C","ecc_leaf_a_q_reg[8]/D","other","FDCE=2;LUT4=2;LUT5=3"
699,1.443,5.000,3.554,1.085,2.469,0.695,5,"ecc_leaf_id_q_reg[0]/C","ecc_leaf_a_q_reg[9]/D","other","FDCE=2;LUT4=3;LUT5=2"
700,1.443,5.000,3.554,1.085,2.469,0.695,5,"ecc_leaf_id_q_reg[0]/C","ecc_leaf_b_q_reg[0]/D","other","FDCE=2;LUT4=3;LUT5=2"
701,1.443,5.000,3.554,1.085,2.469,0.695,5,"ecc_leaf_id_q_reg[0]/C","ecc_leaf_b_q_reg[16]/D","other","FDCE=2;LUT4=3;LUT5=2"
702,1.443,5.000,3.554,1.085,2.469,0.695,5,"ecc_leaf_id_q_reg[0]/C","ecc_leaf_b_q_reg[18]/D","other","FDCE=2;LUT4=2;LUT5=3"
703,1.443,5.000,3.554,1.085,2.469,0.695,5,"ecc_leaf_id_q_reg[0]/C","ecc_leaf_b_q_reg[21]/D","other","FDCE=2;LUT4=3;LUT5=2"
704,1.443,5.000,3.554,1.085,2.469,0.695,5,"ecc_leaf_id_q_reg[0]/C","ecc_leaf_b_q_reg[23]/D","other","FDCE=2;LUT4=3;LUT5=2"
705,1.443,5.000,3.554,1.085,2.469,0.695,5,"ecc_leaf_id_q_reg[0]/C","ecc_leaf_b_q_reg[25]/D","other","FDCE=2;LUT4=3;LUT5=2"
706,1.443,5.000,3.554,1.085,2.469,0.695,5,"ecc_leaf_id_q_reg[0]/C","ecc_leaf_b_q_reg[2]/D","other","FDCE=2;LUT4=3;LUT5=2"
707,1.445,5.000,3.552,1.085,2.467,0.695,5,"ecc_leaf_id_q_reg[0]/C","ecc_leaf_a_q_reg[23]/D","other","FDCE=2;LUT4=3;LUT5=1;LUT6=1"
708,1.447,5.000,3.579,1.687,1.892,0.529,5,"gen_lane[2].i_p2_pop_slice/popcount_part_q_o_reg[1][0]/C","group_dist_q_reg[2]/D","P2 popcount capture","CARRY4=2;FDCE=2;LUT3=2;LUT6=1"
709,1.456,5.000,3.541,1.105,2.436,0.688,5,"st_q_reg[2]_rep/C","vrf_ra_q_reg[0][0]/D","VRF/read/writeback","FDCE=2;LUT3=2;LUT4=1;LUT6=2"
710,1.456,5.000,3.541,1.105,2.436,0.688,5,"st_q_reg[2]_rep/C","vrf_ra_q_reg[1][0]/D","VRF/read/writeback","FDCE=2;LUT3=2;LUT4=1;LUT6=2"
711,1.456,5.000,3.541,1.105,2.436,0.688,5,"st_q_reg[2]_rep/C","vrf_ra_q_reg[2][0]/D","VRF/read/writeback","FDCE=2;LUT3=2;LUT4=1;LUT6=2"
712,1.456,5.000,3.541,1.105,2.436,0.688,5,"st_q_reg[2]_rep/C","vrf_ra_q_reg[3][0]/D","VRF/read/writeback","FDCE=2;LUT3=2;LUT4=1;LUT6=2"
713,1.475,5.000,3.522,1.105,2.417,0.686,5,"st_q_reg[2]_rep/C","vrf_ra_q_reg[0][1]/D","VRF/read/writeback","FDCE=2;LUT3=2;LUT4=1;LUT6=2"
714,1.475,5.000,3.522,1.105,2.417,0.686,5,"st_q_reg[2]_rep/C","vrf_ra_q_reg[0][2]/D","VRF/read/writeback","FDCE=2;LUT3=2;LUT4=1;LUT6=2"
715,1.475,5.000,3.522,1.105,2.417,0.686,5,"st_q_reg[2]_rep/C","vrf_ra_q_reg[0][3]/D","VRF/read/writeback","FDCE=2;LUT3=2;LUT4=1;LUT6=2"
716,1.475,5.000,3.522,1.105,2.417,0.686,5,"st_q_reg[2]_rep/C","vrf_ra_q_reg[1][1]/D","VRF/read/writeback","FDCE=2;LUT3=2;LUT4=1;LUT6=2"
717,1.475,5.000,3.522,1.105,2.417,0.686,5,"st_q_reg[2]_rep/C","vrf_ra_q_reg[1][2]/D","VRF/read/writeback","FDCE=2;LUT3=2;LUT4=1;LUT6=2"
718,1.475,5.000,3.522,1.105,2.417,0.686,5,"st_q_reg[2]_rep/C","vrf_ra_q_reg[1][3]/D","VRF/read/writeback","FDCE=2;LUT3=2;LUT4=1;LUT6=2"
719,1.475,5.000,3.522,1.105,2.417,0.686,5,"st_q_reg[2]_rep/C","vrf_ra_q_reg[2][1]/D","VRF/read/writeback","FDCE=2;LUT3=2;LUT4=1;LUT6=2"
720,1.475,5.000,3.522,1.105,2.417,0.686,5,"st_q_reg[2]_rep/C","vrf_ra_q_reg[2][2]/D","VRF/read/writeback","FDCE=2;LUT3=2;LUT4=1;LUT6=2"
721,1.475,5.000,3.522,1.105,2.417,0.686,5,"st_q_reg[2]_rep/C","vrf_ra_q_reg[2][3]/D","VRF/read/writeback","FDCE=2;LUT3=2;LUT4=1;LUT6=2"
722,1.475,5.000,3.522,1.105,2.417,0.686,5,"st_q_reg[2]_rep/C","vrf_ra_q_reg[3][1]/D","VRF/read/writeback","FDCE=2;LUT3=2;LUT4=1;LUT6=2"
723,1.475,5.000,3.522,1.105,2.417,0.686,5,"st_q_reg[2]_rep/C","vrf_ra_q_reg[3][2]/D","VRF/read/writeback","FDCE=2;LUT3=2;LUT4=1;LUT6=2"
724,1.475,5.000,3.522,1.105,2.417,0.686,5,"st_q_reg[2]_rep/C","vrf_ra_q_reg[3][3]/D","VRF/read/writeback","FDCE=2;LUT3=2;LUT4=1;LUT6=2"
725,1.476,5.000,3.313,0.980,2.333,0.704,4,"a_q_reg[16]/C","ecc_leaf_prod_q_reg[0]/CE","other","FDCE=2;LUT5=2;LUT6=2"
726,1.476,5.000,3.313,0.980,2.333,0.704,4,"a_q_reg[16]/C","ecc_leaf_prod_q_reg[10]/CE","other","FDCE=2;LUT5=2;LUT6=2"
727,1.476,5.000,3.313,0.980,2.333,0.704,4,"a_q_reg[16]/C","ecc_leaf_prod_q_reg[11]/CE","other","FDCE=2;LUT5=2;LUT6=2"
728,1.476,5.000,3.313,0.980,2.333,0.704,4,"a_q_reg[16]/C","ecc_leaf_prod_q_reg[12]/CE","other","FDCE=2;LUT5=2;LUT6=2"
729,1.476,5.000,3.313,0.980,2.333,0.704,4,"a_q_reg[16]/C","ecc_leaf_prod_q_reg[13]/CE","other","FDCE=2;LUT5=2;LUT6=2"
730,1.476,5.000,3.313,0.980,2.333,0.704,4,"a_q_reg[16]/C","ecc_leaf_prod_q_reg[14]/CE","other","FDCE=2;LUT5=2;LUT6=2"
731,1.476,5.000,3.313,0.980,2.333,0.704,4,"a_q_reg[16]/C","ecc_leaf_prod_q_reg[15]/CE","other","FDCE=2;LUT5=2;LUT6=2"
732,1.476,5.000,3.313,0.980,2.333,0.704,4,"a_q_reg[16]/C","ecc_leaf_prod_q_reg[16]/CE","other","FDCE=2;LUT5=2;LUT6=2"
733,1.476,5.000,3.313,0.980,2.333,0.704,4,"a_q_reg[16]/C","ecc_leaf_prod_q_reg[17]/CE","other","FDCE=2;LUT5=2;LUT6=2"
734,1.476,5.000,3.313,0.980,2.333,0.704,4,"a_q_reg[16]/C","ecc_leaf_prod_q_reg[18]/CE","other","FDCE=2;LUT5=2;LUT6=2"
735,1.476,5.000,3.313,0.980,2.333,0.704,4,"a_q_reg[16]/C","ecc_leaf_prod_q_reg[19]/CE","other","FDCE=2;LUT5=2;LUT6=2"
736,1.476,5.000,3.313,0.980,2.333,0.704,4,"a_q_reg[16]/C","ecc_leaf_prod_q_reg[1]/CE","other","FDCE=2;LUT5=2;LUT6=2"
737,1.476,5.000,3.313,0.980,2.333,0.704,4,"a_q_reg[16]/C","ecc_leaf_prod_q_reg[20]/CE","other","FDCE=2;LUT5=2;LUT6=2"
738,1.476,5.000,3.313,0.980,2.333,0.704,4,"a_q_reg[16]/C","ecc_leaf_prod_q_reg[21]/CE","other","FDCE=2;LUT5=2;LUT6=2"
739,1.476,5.000,3.313,0.980,2.333,0.704,4,"a_q_reg[16]/C","ecc_leaf_prod_q_reg[22]/CE","other","FDCE=2;LUT5=2;LUT6=2"
740,1.476,5.000,3.313,0.980,2.333,0.704,4,"a_q_reg[16]/C","ecc_leaf_prod_q_reg[23]/CE","other","FDCE=2;LUT5=2;LUT6=2"
741,1.476,5.000,3.313,0.980,2.333,0.704,4,"a_q_reg[16]/C","ecc_leaf_prod_q_reg[24]/CE","other","FDCE=2;LUT5=2;LUT6=2"
742,1.476,5.000,3.313,0.980,2.333,0.704,4,"a_q_reg[16]/C","ecc_leaf_prod_q_reg[25]/CE","other","FDCE=2;LUT5=2;LUT6=2"
743,1.476,5.000,3.313,0.980,2.333,0.704,4,"a_q_reg[16]/C","ecc_leaf_prod_q_reg[26]/CE","other","FDCE=2;LUT5=2;LUT6=2"
744,1.476,5.000,3.313,0.980,2.333,0.704,4,"a_q_reg[16]/C","ecc_leaf_prod_q_reg[27]/CE","other","FDCE=2;LUT5=2;LUT6=2"
745,1.476,5.000,3.313,0.980,2.333,0.704,4,"a_q_reg[16]/C","ecc_leaf_prod_q_reg[28]/CE","other","FDCE=2;LUT5=2;LUT6=2"
746,1.476,5.000,3.313,0.980,2.333,0.704,4,"a_q_reg[16]/C","ecc_leaf_prod_q_reg[29]/CE","other","FDCE=2;LUT5=2;LUT6=2"
747,1.476,5.000,3.313,0.980,2.333,0.704,4,"a_q_reg[16]/C","ecc_leaf_prod_q_reg[2]/CE","other","FDCE=2;LUT5=2;LUT6=2"
748,1.476,5.000,3.313,0.980,2.333,0.704,4,"a_q_reg[16]/C","ecc_leaf_prod_q_reg[30]/CE","other","FDCE=2;LUT5=2;LUT6=2"
749,1.476,5.000,3.313,0.980,2.333,0.704,4,"a_q_reg[16]/C","ecc_leaf_prod_q_reg[31]/CE","other","FDCE=2;LUT5=2;LUT6=2"
750,1.476,5.000,3.313,0.980,2.333,0.704,4,"a_q_reg[16]/C","ecc_leaf_prod_q_reg[32]/CE","other","FDCE=2;LUT5=2;LUT6=2"
751,1.476,5.000,3.313,0.980,2.333,0.704,4,"a_q_reg[16]/C","ecc_leaf_prod_q_reg[33]/CE","other","FDCE=2;LUT5=2;LUT6=2"
752,1.476,5.000,3.313,0.980,2.333,0.704,4,"a_q_reg[16]/C","ecc_leaf_prod_q_reg[34]/CE","other","FDCE=2;LUT5=2;LUT6=2"
753,1.476,5.000,3.313,0.980,2.333,0.704,4,"a_q_reg[16]/C","ecc_leaf_prod_q_reg[35]/CE","other","FDCE=2;LUT5=2;LUT6=2"
754,1.476,5.000,3.313,0.980,2.333,0.704,4,"a_q_reg[16]/C","ecc_leaf_prod_q_reg[36]/CE","other","FDCE=2;LUT5=2;LUT6=2"
755,1.476,5.000,3.313,0.980,2.333,0.704,4,"a_q_reg[16]/C","ecc_leaf_prod_q_reg[37]/CE","other","FDCE=2;LUT5=2;LUT6=2"
756,1.476,5.000,3.313,0.980,2.333,0.704,4,"a_q_reg[16]/C","ecc_leaf_prod_q_reg[38]/CE","other","FDCE=2;LUT5=2;LUT6=2"
757,1.476,5.000,3.313,0.980,2.333,0.704,4,"a_q_reg[16]/C","ecc_leaf_prod_q_reg[39]/CE","other","FDCE=2;LUT5=2;LUT6=2"
758,1.476,5.000,3.313,0.980,2.333,0.704,4,"a_q_reg[16]/C","ecc_leaf_prod_q_reg[3]/CE","other","FDCE=2;LUT5=2;LUT6=2"
759,1.476,5.000,3.313,0.980,2.333,0.704,4,"a_q_reg[16]/C","ecc_leaf_prod_q_reg[40]/CE","other","FDCE=2;LUT5=2;LUT6=2"
760,1.476,5.000,3.313,0.980,2.333,0.704,4,"a_q_reg[16]/C","ecc_leaf_prod_q_reg[41]/CE","other","FDCE=2;LUT5=2;LUT6=2"
761,1.476,5.000,3.313,0.980,2.333,0.704,4,"a_q_reg[16]/C","ecc_leaf_prod_q_reg[42]/CE","other","FDCE=2;LUT5=2;LUT6=2"
762,1.476,5.000,3.313,0.980,2.333,0.704,4,"a_q_reg[16]/C","ecc_leaf_prod_q_reg[43]/CE","other","FDCE=2;LUT5=2;LUT6=2"
763,1.476,5.000,3.313,0.980,2.333,0.704,4,"a_q_reg[16]/C","ecc_leaf_prod_q_reg[44]/CE","other","FDCE=2;LUT5=2;LUT6=2"
764,1.476,5.000,3.313,0.980,2.333,0.704,4,"a_q_reg[16]/C","ecc_leaf_prod_q_reg[45]/CE","other","FDCE=2;LUT5=2;LUT6=2"
765,1.476,5.000,3.313,0.980,2.333,0.704,4,"a_q_reg[16]/C","ecc_leaf_prod_q_reg[46]/CE","other","FDCE=2;LUT5=2;LUT6=2"
766,1.476,5.000,3.313,0.980,2.333,0.704,4,"a_q_reg[16]/C","ecc_leaf_prod_q_reg[47]/CE","other","FDCE=2;LUT5=2;LUT6=2"
767,1.476,5.000,3.313,0.980,2.333,0.704,4,"a_q_reg[16]/C","ecc_leaf_prod_q_reg[48]/CE","other","FDCE=2;LUT5=2;LUT6=2"
768,1.476,5.000,3.313,0.980,2.333,0.704,4,"a_q_reg[16]/C","ecc_leaf_prod_q_reg[49]/CE","other","FDCE=2;LUT5=2;LUT6=2"
769,1.476,5.000,3.313,0.980,2.333,0.704,4,"a_q_reg[16]/C","ecc_leaf_prod_q_reg[4]/CE","other","FDCE=2;LUT5=2;LUT6=2"
770,1.476,5.000,3.313,0.980,2.333,0.704,4,"a_q_reg[16]/C","ecc_leaf_prod_q_reg[50]/CE","other","FDCE=2;LUT5=2;LUT6=2"
771,1.476,5.000,3.313,0.980,2.333,0.704,4,"a_q_reg[16]/C","ecc_leaf_prod_q_reg[51]/CE","other","FDCE=2;LUT5=2;LUT6=2"
772,1.476,5.000,3.313,0.980,2.333,0.704,4,"a_q_reg[16]/C","ecc_leaf_prod_q_reg[52]/CE","other","FDCE=2;LUT5=2;LUT6=2"
773,1.476,5.000,3.313,0.980,2.333,0.704,4,"a_q_reg[16]/C","ecc_leaf_prod_q_reg[53]/CE","other","FDCE=2;LUT5=2;LUT6=2"
774,1.476,5.000,3.313,0.980,2.333,0.704,4,"a_q_reg[16]/C","ecc_leaf_prod_q_reg[54]/CE","other","FDCE=2;LUT5=2;LUT6=2"
775,1.476,5.000,3.313,0.980,2.333,0.704,4,"a_q_reg[16]/C","ecc_leaf_prod_q_reg[55]/CE","other","FDCE=2;LUT5=2;LUT6=2"
776,1.476,5.000,3.313,0.980,2.333,0.704,4,"a_q_reg[16]/C","ecc_leaf_prod_q_reg[5]/CE","other","FDCE=2;LUT5=2;LUT6=2"
777,1.476,5.000,3.313,0.980,2.333,0.704,4,"a_q_reg[16]/C","ecc_leaf_prod_q_reg[6]/CE","other","FDCE=2;LUT5=2;LUT6=2"
778,1.476,5.000,3.313,0.980,2.333,0.704,4,"a_q_reg[16]/C","ecc_leaf_prod_q_reg[7]/CE","other","FDCE=2;LUT5=2;LUT6=2"
779,1.476,5.000,3.313,0.980,2.333,0.704,4,"a_q_reg[16]/C","ecc_leaf_prod_q_reg[8]/CE","other","FDCE=2;LUT5=2;LUT6=2"
780,1.476,5.000,3.313,0.980,2.333,0.704,4,"a_q_reg[16]/C","ecc_leaf_prod_q_reg[9]/CE","other","FDCE=2;LUT5=2;LUT6=2"
781,1.479,5.000,3.310,0.980,2.330,0.704,4,"a_q_reg[16]/C","ecc_leaf_prod_q_reg[56]/CE","other","FDCE=2;LUT5=2;LUT6=2"
782,1.479,5.000,3.310,0.980,2.330,0.704,4,"a_q_reg[16]/C","ecc_leaf_prod_q_reg[57]/CE","other","FDCE=2;LUT5=2;LUT6=2"
783,1.479,5.000,3.310,0.980,2.330,0.704,4,"a_q_reg[16]/C","ecc_leaf_prod_q_reg[58]/CE","other","FDCE=2;LUT5=2;LUT6=2"
784,1.479,5.000,3.310,0.980,2.330,0.704,4,"a_q_reg[16]/C","ecc_leaf_prod_q_reg[59]/CE","other","FDCE=2;LUT5=2;LUT6=2"
785,1.479,5.000,3.310,0.980,2.330,0.704,4,"a_q_reg[16]/C","ecc_leaf_prod_q_reg[60]/CE","other","FDCE=2;LUT5=2;LUT6=2"
786,1.479,5.000,3.310,0.980,2.330,0.704,4,"a_q_reg[16]/C","ecc_leaf_prod_q_reg[61]/CE","other","FDCE=2;LUT5=2;LUT6=2"
787,1.479,5.000,3.310,0.980,2.330,0.704,4,"a_q_reg[16]/C","ecc_leaf_prod_q_reg[62]/CE","other","FDCE=2;LUT5=2;LUT6=2"
788,1.618,5.000,3.171,0.980,2.191,0.691,4,"a_q_reg[1]/C","hperm_dst_base_q_reg[2]/CE","other","FDCE=2;LUT4=2;LUT6=2"
789,1.618,5.000,3.171,0.980,2.191,0.691,4,"a_q_reg[1]/C","hperm_dst_base_q_reg[3]/CE","other","FDCE=2;LUT4=2;LUT6=2"
790,1.618,5.000,3.171,0.980,2.191,0.691,4,"a_q_reg[1]/C","hperm_dst_base_q_reg[4]/CE","other","FDCE=2;LUT4=2;LUT6=2"
791,1.618,5.000,3.171,0.980,2.191,0.691,4,"a_q_reg[1]/C","hperm_dst_base_q_reg[5]/CE","other","FDCE=2;LUT4=2;LUT6=2"
792,1.618,5.000,3.171,0.980,2.191,0.691,4,"a_q_reg[1]/C","hperm_lane_base_q_reg[0]/CE","other","FDCE=2;LUT4=2;LUT6=2"
793,1.618,5.000,3.171,0.980,2.191,0.691,4,"a_q_reg[1]/C","hperm_lane_base_q_reg[0]_rep/CE","other","FDCE=2;LUT4=2;LUT6=2"
794,1.618,5.000,3.171,0.980,2.191,0.691,4,"a_q_reg[1]/C","hperm_lane_base_q_reg[0]_rep__0/CE","other","FDCE=2;LUT4=2;LUT6=2"
795,1.618,5.000,3.171,0.980,2.191,0.691,4,"a_q_reg[1]/C","hperm_lane_base_q_reg[0]_rep__1/CE","other","FDCE=2;LUT4=2;LUT6=2"
796,1.618,5.000,3.171,0.980,2.191,0.691,4,"a_q_reg[1]/C","hperm_lane_base_q_reg[1]/CE","other","FDCE=2;LUT4=2;LUT6=2"
797,1.618,5.000,3.171,0.980,2.191,0.691,4,"a_q_reg[1]/C","hperm_lane_base_q_reg[1]_rep/CE","other","FDCE=2;LUT4=2;LUT6=2"
798,1.618,5.000,3.171,0.980,2.191,0.691,4,"a_q_reg[1]/C","hperm_lane_base_q_reg[1]_rep__0/CE","other","FDCE=2;LUT4=2;LUT6=2"
799,1.618,5.000,3.171,0.980,2.191,0.691,4,"a_q_reg[1]/C","hperm_lane_base_q_reg[1]_rep__1/CE","other","FDCE=2;LUT4=2;LUT6=2"
800,1.618,5.000,3.171,0.980,2.191,0.691,4,"a_q_reg[1]/C","hperm_nibble_q_reg[0]/CE","other","FDCE=2;LUT4=2;LUT6=2"
801,1.618,5.000,3.171,0.980,2.191,0.691,4,"a_q_reg[1]/C","hperm_nibble_q_reg[1]/CE","other","FDCE=2;LUT4=2;LUT6=2"
802,1.618,5.000,3.171,0.980,2.191,0.691,4,"a_q_reg[1]/C","hperm_nibble_q_reg[2]/CE","other","FDCE=2;LUT4=2;LUT6=2"
803,1.618,5.000,3.171,0.980,2.191,0.691,4,"a_q_reg[1]/C","hperm_nibble_q_reg[3]/CE","other","FDCE=2;LUT4=2;LUT6=2"
804,1.618,5.000,3.171,0.980,2.191,0.691,4,"a_q_reg[1]/C","hperm_src_base_q_reg[2]/CE","other","FDCE=2;LUT4=2;LUT6=2"
805,1.618,5.000,3.171,0.980,2.191,0.691,4,"a_q_reg[1]/C","hperm_src_base_q_reg[3]/CE","other","FDCE=2;LUT4=2;LUT6=2"
806,1.618,5.000,3.171,0.980,2.191,0.691,4,"a_q_reg[1]/C","hperm_src_base_q_reg[4]/CE","other","FDCE=2;LUT4=2;LUT6=2"
807,1.618,5.000,3.171,0.980,2.191,0.691,4,"a_q_reg[1]/C","hperm_src_base_q_reg[5]/CE","other","FDCE=2;LUT4=2;LUT6=2"
808,1.618,5.000,3.171,0.980,2.191,0.691,4,"a_q_reg[1]/C","hperm_word_off_q_reg[2]/CE","other","FDCE=2;LUT4=2;LUT6=2"
809,1.618,5.000,3.171,0.980,2.191,0.691,4,"a_q_reg[1]/C","hperm_word_off_q_reg[3]/CE","other","FDCE=2;LUT4=2;LUT6=2"
810,1.680,5.000,3.317,0.980,2.337,0.705,4,"ecc_leaf_id_q_reg[0]/C","vrf_ra_q_reg[0][5]/D","VRF/read/writeback","FDCE=2;LUT5=3;LUT6=1"
811,1.680,5.000,3.317,0.980,2.337,0.705,4,"ecc_leaf_id_q_reg[0]/C","vrf_ra_q_reg[1][5]/D","VRF/read/writeback","FDCE=2;LUT5=3;LUT6=1"
812,1.680,5.000,3.317,0.980,2.337,0.705,4,"ecc_leaf_id_q_reg[0]/C","vrf_ra_q_reg[2][5]/D","VRF/read/writeback","FDCE=2;LUT5=3;LUT6=1"
813,1.680,5.000,3.317,0.980,2.337,0.705,4,"ecc_leaf_id_q_reg[0]/C","vrf_ra_q_reg[3][5]/D","VRF/read/writeback","FDCE=2;LUT5=3;LUT6=1"
814,1.731,5.000,3.266,1.000,2.266,0.694,4,"st_q_reg[2]_rep/C","st_q_reg[1]/D","TOP control","FDCE=2;LUT3=1;LUT6=3"
815,1.734,5.000,3.055,0.895,2.160,0.707,3,"st_q_reg[2]_rep/C","ecc_dst_q_reg[0]/CE","TOP control","FDCE=2;LUT1=1;LUT3=1;LUT6=1"
816,1.734,5.000,3.055,0.895,2.160,0.707,3,"st_q_reg[2]_rep/C","ecc_dst_q_reg[1]/CE","TOP control","FDCE=2;LUT1=1;LUT3=1;LUT6=1"
817,1.734,5.000,3.055,0.895,2.160,0.707,3,"st_q_reg[2]_rep/C","ecc_dst_q_reg[2]/CE","TOP control","FDCE=2;LUT1=1;LUT3=1;LUT6=1"
818,1.734,5.000,3.055,0.895,2.160,0.707,3,"st_q_reg[2]_rep/C","ecc_dst_q_reg[3]/CE","TOP control","FDCE=2;LUT1=1;LUT3=1;LUT6=1"
819,1.734,5.000,3.055,0.895,2.160,0.707,3,"st_q_reg[2]_rep/C","ecc_dst_q_reg[4]/CE","TOP control","FDCE=2;LUT1=1;LUT3=1;LUT6=1"
820,1.734,5.000,3.055,0.895,2.160,0.707,3,"st_q_reg[2]_rep/C","ecc_dst_q_reg[5]/CE","TOP control","FDCE=2;LUT1=1;LUT3=1;LUT6=1"
821,1.734,5.000,3.055,0.895,2.160,0.707,3,"st_q_reg[2]_rep/C","ecc_src_a_q_reg[0]/CE","TOP control","FDCE=2;LUT1=1;LUT3=1;LUT6=1"
822,1.734,5.000,3.055,0.895,2.160,0.707,3,"st_q_reg[2]_rep/C","ecc_src_a_q_reg[1]/CE","TOP control","FDCE=2;LUT1=1;LUT3=1;LUT6=1"
823,1.734,5.000,3.055,0.895,2.160,0.707,3,"st_q_reg[2]_rep/C","ecc_src_a_q_reg[2]/CE","TOP control","FDCE=2;LUT1=1;LUT3=1;LUT6=1"
824,1.734,5.000,3.055,0.895,2.160,0.707,3,"st_q_reg[2]_rep/C","ecc_src_a_q_reg[3]/CE","TOP control","FDCE=2;LUT1=1;LUT3=1;LUT6=1"
825,1.734,5.000,3.055,0.895,2.160,0.707,3,"st_q_reg[2]_rep/C","ecc_src_a_q_reg[4]/CE","TOP control","FDCE=2;LUT1=1;LUT3=1;LUT6=1"
826,1.734,5.000,3.055,0.895,2.160,0.707,3,"st_q_reg[2]_rep/C","ecc_src_a_q_reg[5]/CE","TOP control","FDCE=2;LUT1=1;LUT3=1;LUT6=1"
827,1.734,5.000,3.055,0.895,2.160,0.707,3,"st_q_reg[2]_rep/C","ecc_src_b_q_reg[0]/CE","TOP control","FDCE=2;LUT1=1;LUT3=1;LUT6=1"
828,1.734,5.000,3.055,0.895,2.160,0.707,3,"st_q_reg[2]_rep/C","ecc_src_b_q_reg[1]/CE","TOP control","FDCE=2;LUT1=1;LUT3=1;LUT6=1"
829,1.734,5.000,3.055,0.895,2.160,0.707,3,"st_q_reg[2]_rep/C","ecc_src_b_q_reg[2]/CE","TOP control","FDCE=2;LUT1=1;LUT3=1;LUT6=1"
830,1.734,5.000,3.055,0.895,2.160,0.707,3,"st_q_reg[2]_rep/C","ecc_src_b_q_reg[3]/CE","TOP control","FDCE=2;LUT1=1;LUT3=1;LUT6=1"
831,1.734,5.000,3.055,0.895,2.160,0.707,3,"st_q_reg[2]_rep/C","ecc_src_b_q_reg[4]/CE","TOP control","FDCE=2;LUT1=1;LUT3=1;LUT6=1"
832,1.734,5.000,3.055,0.895,2.160,0.707,3,"st_q_reg[2]_rep/C","ecc_src_b_q_reg[5]/CE","TOP control","FDCE=2;LUT1=1;LUT3=1;LUT6=1"
833,1.764,5.000,3.025,0.875,2.150,0.711,3,"st_q_reg[1]/C","gen_lane[0].i_p2_pop_slice/bool_result_q_reg[0]/CE","P2 popcount capture","FDCE=2;LUT2=1;LUT5=2"
834,1.764,5.000,3.025,0.875,2.150,0.711,3,"st_q_reg[1]/C","gen_lane[0].i_p2_pop_slice/bool_result_q_reg[10]/CE","P2 popcount capture","FDCE=2;LUT2=1;LUT5=2"
835,1.764,5.000,3.025,0.875,2.150,0.711,3,"st_q_reg[1]/C","gen_lane[0].i_p2_pop_slice/bool_result_q_reg[11]/CE","P2 popcount capture","FDCE=2;LUT2=1;LUT5=2"
836,1.764,5.000,3.025,0.875,2.150,0.711,3,"st_q_reg[1]/C","gen_lane[0].i_p2_pop_slice/bool_result_q_reg[12]/CE","P2 popcount capture","FDCE=2;LUT2=1;LUT5=2"
837,1.764,5.000,3.025,0.875,2.150,0.711,3,"st_q_reg[1]/C","gen_lane[0].i_p2_pop_slice/bool_result_q_reg[13]/CE","P2 popcount capture","FDCE=2;LUT2=1;LUT5=2"
838,1.764,5.000,3.025,0.875,2.150,0.711,3,"st_q_reg[1]/C","gen_lane[0].i_p2_pop_slice/bool_result_q_reg[14]/CE","P2 popcount capture","FDCE=2;LUT2=1;LUT5=2"
839,1.764,5.000,3.025,0.875,2.150,0.711,3,"st_q_reg[1]/C","gen_lane[0].i_p2_pop_slice/bool_result_q_reg[15]/CE","P2 popcount capture","FDCE=2;LUT2=1;LUT5=2"
840,1.764,5.000,3.025,0.875,2.150,0.711,3,"st_q_reg[1]/C","gen_lane[0].i_p2_pop_slice/bool_result_q_reg[16]/CE","P2 popcount capture","FDCE=2;LUT2=1;LUT5=2"
841,1.764,5.000,3.025,0.875,2.150,0.711,3,"st_q_reg[1]/C","gen_lane[0].i_p2_pop_slice/bool_result_q_reg[17]/CE","P2 popcount capture","FDCE=2;LUT2=1;LUT5=2"
842,1.764,5.000,3.025,0.875,2.150,0.711,3,"st_q_reg[1]/C","gen_lane[0].i_p2_pop_slice/bool_result_q_reg[18]/CE","P2 popcount capture","FDCE=2;LUT2=1;LUT5=2"
843,1.764,5.000,3.025,0.875,2.150,0.711,3,"st_q_reg[1]/C","gen_lane[0].i_p2_pop_slice/bool_result_q_reg[19]/CE","P2 popcount capture","FDCE=2;LUT2=1;LUT5=2"
844,1.764,5.000,3.025,0.875,2.150,0.711,3,"st_q_reg[1]/C","gen_lane[0].i_p2_pop_slice/bool_result_q_reg[1]/CE","P2 popcount capture","FDCE=2;LUT2=1;LUT5=2"
845,1.764,5.000,3.025,0.875,2.150,0.711,3,"st_q_reg[1]/C","gen_lane[0].i_p2_pop_slice/bool_result_q_reg[20]/CE","P2 popcount capture","FDCE=2;LUT2=1;LUT5=2"
846,1.764,5.000,3.025,0.875,2.150,0.711,3,"st_q_reg[1]/C","gen_lane[0].i_p2_pop_slice/bool_result_q_reg[21]/CE","P2 popcount capture","FDCE=2;LUT2=1;LUT5=2"
847,1.764,5.000,3.025,0.875,2.150,0.711,3,"st_q_reg[1]/C","gen_lane[0].i_p2_pop_slice/bool_result_q_reg[22]/CE","P2 popcount capture","FDCE=2;LUT2=1;LUT5=2"
848,1.764,5.000,3.025,0.875,2.150,0.711,3,"st_q_reg[1]/C","gen_lane[0].i_p2_pop_slice/bool_result_q_reg[23]/CE","P2 popcount capture","FDCE=2;LUT2=1;LUT5=2"
849,1.764,5.000,3.025,0.875,2.150,0.711,3,"st_q_reg[1]/C","gen_lane[0].i_p2_pop_slice/bool_result_q_reg[24]/CE","P2 popcount capture","FDCE=2;LUT2=1;LUT5=2"
850,1.764,5.000,3.025,0.875,2.150,0.711,3,"st_q_reg[1]/C","gen_lane[0].i_p2_pop_slice/bool_result_q_reg[25]/CE","P2 popcount capture","FDCE=2;LUT2=1;LUT5=2"
851,1.764,5.000,3.025,0.875,2.150,0.711,3,"st_q_reg[1]/C","gen_lane[0].i_p2_pop_slice/bool_result_q_reg[26]/CE","P2 popcount capture","FDCE=2;LUT2=1;LUT5=2"
852,1.764,5.000,3.025,0.875,2.150,0.711,3,"st_q_reg[1]/C","gen_lane[0].i_p2_pop_slice/bool_result_q_reg[27]/CE","P2 popcount capture","FDCE=2;LUT2=1;LUT5=2"
853,1.764,5.000,3.025,0.875,2.150,0.711,3,"st_q_reg[1]/C","gen_lane[0].i_p2_pop_slice/bool_result_q_reg[28]/CE","P2 popcount capture","FDCE=2;LUT2=1;LUT5=2"
854,1.764,5.000,3.025,0.875,2.150,0.711,3,"st_q_reg[1]/C","gen_lane[0].i_p2_pop_slice/bool_result_q_reg[29]/CE","P2 popcount capture","FDCE=2;LUT2=1;LUT5=2"
855,1.764,5.000,3.025,0.875,2.150,0.711,3,"st_q_reg[1]/C","gen_lane[0].i_p2_pop_slice/bool_result_q_reg[2]/CE","P2 popcount capture","FDCE=2;LUT2=1;LUT5=2"
856,1.764,5.000,3.025,0.875,2.150,0.711,3,"st_q_reg[1]/C","gen_lane[0].i_p2_pop_slice/bool_result_q_reg[30]/CE","P2 popcount capture","FDCE=2;LUT2=1;LUT5=2"
857,1.764,5.000,3.025,0.875,2.150,0.711,3,"st_q_reg[1]/C","gen_lane[0].i_p2_pop_slice/bool_result_q_reg[31]/CE","P2 popcount capture","FDCE=2;LUT2=1;LUT5=2"
858,1.764,5.000,3.025,0.875,2.150,0.711,3,"st_q_reg[1]/C","gen_lane[0].i_p2_pop_slice/bool_result_q_reg[32]/CE","P2 popcount capture","FDCE=2;LUT2=1;LUT5=2"
859,1.764,5.000,3.025,0.875,2.150,0.711,3,"st_q_reg[1]/C","gen_lane[0].i_p2_pop_slice/bool_result_q_reg[33]/CE","P2 popcount capture","FDCE=2;LUT2=1;LUT5=2"
860,1.764,5.000,3.025,0.875,2.150,0.711,3,"st_q_reg[1]/C","gen_lane[0].i_p2_pop_slice/bool_result_q_reg[34]/CE","P2 popcount capture","FDCE=2;LUT2=1;LUT5=2"
861,1.764,5.000,3.025,0.875,2.150,0.711,3,"st_q_reg[1]/C","gen_lane[0].i_p2_pop_slice/bool_result_q_reg[35]/CE","P2 popcount capture","FDCE=2;LUT2=1;LUT5=2"
862,1.764,5.000,3.025,0.875,2.150,0.711,3,"st_q_reg[1]/C","gen_lane[0].i_p2_pop_slice/bool_result_q_reg[36]/CE","P2 popcount capture","FDCE=2;LUT2=1;LUT5=2"
863,1.764,5.000,3.025,0.875,2.150,0.711,3,"st_q_reg[1]/C","gen_lane[0].i_p2_pop_slice/bool_result_q_reg[37]/CE","P2 popcount capture","FDCE=2;LUT2=1;LUT5=2"
864,1.764,5.000,3.025,0.875,2.150,0.711,3,"st_q_reg[1]/C","gen_lane[0].i_p2_pop_slice/bool_result_q_reg[38]/CE","P2 popcount capture","FDCE=2;LUT2=1;LUT5=2"
865,1.764,5.000,3.025,0.875,2.150,0.711,3,"st_q_reg[1]/C","gen_lane[0].i_p2_pop_slice/bool_result_q_reg[39]/CE","P2 popcount capture","FDCE=2;LUT2=1;LUT5=2"
866,1.764,5.000,3.025,0.875,2.150,0.711,3,"st_q_reg[1]/C","gen_lane[0].i_p2_pop_slice/bool_result_q_reg[3]/CE","P2 popcount capture","FDCE=2;LUT2=1;LUT5=2"
867,1.764,5.000,3.025,0.875,2.150,0.711,3,"st_q_reg[1]/C","gen_lane[0].i_p2_pop_slice/bool_result_q_reg[40]/CE","P2 popcount capture","FDCE=2;LUT2=1;LUT5=2"
868,1.764,5.000,3.025,0.875,2.150,0.711,3,"st_q_reg[1]/C","gen_lane[0].i_p2_pop_slice/bool_result_q_reg[41]/CE","P2 popcount capture","FDCE=2;LUT2=1;LUT5=2"
869,1.764,5.000,3.025,0.875,2.150,0.711,3,"st_q_reg[1]/C","gen_lane[0].i_p2_pop_slice/bool_result_q_reg[42]/CE","P2 popcount capture","FDCE=2;LUT2=1;LUT5=2"
870,1.764,5.000,3.025,0.875,2.150,0.711,3,"st_q_reg[1]/C","gen_lane[0].i_p2_pop_slice/bool_result_q_reg[43]/CE","P2 popcount capture","FDCE=2;LUT2=1;LUT5=2"
871,1.764,5.000,3.025,0.875,2.150,0.711,3,"st_q_reg[1]/C","gen_lane[0].i_p2_pop_slice/bool_result_q_reg[44]/CE","P2 popcount capture","FDCE=2;LUT2=1;LUT5=2"
872,1.764,5.000,3.025,0.875,2.150,0.711,3,"st_q_reg[1]/C","gen_lane[0].i_p2_pop_slice/bool_result_q_reg[45]/CE","P2 popcount capture","FDCE=2;LUT2=1;LUT5=2"
873,1.764,5.000,3.025,0.875,2.150,0.711,3,"st_q_reg[1]/C","gen_lane[0].i_p2_pop_slice/bool_result_q_reg[46]/CE","P2 popcount capture","FDCE=2;LUT2=1;LUT5=2"
874,1.764,5.000,3.025,0.875,2.150,0.711,3,"st_q_reg[1]/C","gen_lane[0].i_p2_pop_slice/bool_result_q_reg[47]/CE","P2 popcount capture","FDCE=2;LUT2=1;LUT5=2"
875,1.764,5.000,3.025,0.875,2.150,0.711,3,"st_q_reg[1]/C","gen_lane[0].i_p2_pop_slice/bool_result_q_reg[48]/CE","P2 popcount capture","FDCE=2;LUT2=1;LUT5=2"
876,1.764,5.000,3.025,0.875,2.150,0.711,3,"st_q_reg[1]/C","gen_lane[0].i_p2_pop_slice/bool_result_q_reg[49]/CE","P2 popcount capture","FDCE=2;LUT2=1;LUT5=2"
877,1.764,5.000,3.025,0.875,2.150,0.711,3,"st_q_reg[1]/C","gen_lane[0].i_p2_pop_slice/bool_result_q_reg[4]/CE","P2 popcount capture","FDCE=2;LUT2=1;LUT5=2"
878,1.764,5.000,3.025,0.875,2.150,0.711,3,"st_q_reg[1]/C","gen_lane[0].i_p2_pop_slice/bool_result_q_reg[50]/CE","P2 popcount capture","FDCE=2;LUT2=1;LUT5=2"
879,1.764,5.000,3.025,0.875,2.150,0.711,3,"st_q_reg[1]/C","gen_lane[0].i_p2_pop_slice/bool_result_q_reg[51]/CE","P2 popcount capture","FDCE=2;LUT2=1;LUT5=2"
880,1.764,5.000,3.025,0.875,2.150,0.711,3,"st_q_reg[1]/C","gen_lane[0].i_p2_pop_slice/bool_result_q_reg[52]/CE","P2 popcount capture","FDCE=2;LUT2=1;LUT5=2"
881,1.764,5.000,3.025,0.875,2.150,0.711,3,"st_q_reg[1]/C","gen_lane[0].i_p2_pop_slice/bool_result_q_reg[53]/CE","P2 popcount capture","FDCE=2;LUT2=1;LUT5=2"
882,1.764,5.000,3.025,0.875,2.150,0.711,3,"st_q_reg[1]/C","gen_lane[0].i_p2_pop_slice/bool_result_q_reg[54]/CE","P2 popcount capture","FDCE=2;LUT2=1;LUT5=2"
883,1.764,5.000,3.025,0.875,2.150,0.711,3,"st_q_reg[1]/C","gen_lane[0].i_p2_pop_slice/bool_result_q_reg[55]/CE","P2 popcount capture","FDCE=2;LUT2=1;LUT5=2"
884,1.764,5.000,3.025,0.875,2.150,0.711,3,"st_q_reg[1]/C","gen_lane[0].i_p2_pop_slice/bool_result_q_reg[56]/CE","P2 popcount capture","FDCE=2;LUT2=1;LUT5=2"
885,1.764,5.000,3.025,0.875,2.150,0.711,3,"st_q_reg[1]/C","gen_lane[0].i_p2_pop_slice/bool_result_q_reg[57]/CE","P2 popcount capture","FDCE=2;LUT2=1;LUT5=2"
886,1.764,5.000,3.025,0.875,2.150,0.711,3,"st_q_reg[1]/C","gen_lane[0].i_p2_pop_slice/bool_result_q_reg[58]/CE","P2 popcount capture","FDCE=2;LUT2=1;LUT5=2"
887,1.764,5.000,3.025,0.875,2.150,0.711,3,"st_q_reg[1]/C","gen_lane[0].i_p2_pop_slice/bool_result_q_reg[59]/CE","P2 popcount capture","FDCE=2;LUT2=1;LUT5=2"
888,1.764,5.000,3.025,0.875,2.150,0.711,3,"st_q_reg[1]/C","gen_lane[0].i_p2_pop_slice/bool_result_q_reg[5]/CE","P2 popcount capture","FDCE=2;LUT2=1;LUT5=2"
889,1.764,5.000,3.025,0.875,2.150,0.711,3,"st_q_reg[1]/C","gen_lane[0].i_p2_pop_slice/bool_result_q_reg[60]/CE","P2 popcount capture","FDCE=2;LUT2=1;LUT5=2"
890,1.764,5.000,3.025,0.875,2.150,0.711,3,"st_q_reg[1]/C","gen_lane[0].i_p2_pop_slice/bool_result_q_reg[61]/CE","P2 popcount capture","FDCE=2;LUT2=1;LUT5=2"
891,1.764,5.000,3.025,0.875,2.150,0.711,3,"st_q_reg[1]/C","gen_lane[0].i_p2_pop_slice/bool_result_q_reg[62]/CE","P2 popcount capture","FDCE=2;LUT2=1;LUT5=2"
892,1.764,5.000,3.025,0.875,2.150,0.711,3,"st_q_reg[1]/C","gen_lane[0].i_p2_pop_slice/bool_result_q_reg[63]/CE","P2 popcount capture","FDCE=2;LUT2=1;LUT5=2"
893,1.764,5.000,3.025,0.875,2.150,0.711,3,"st_q_reg[1]/C","gen_lane[0].i_p2_pop_slice/bool_result_q_reg[6]/CE","P2 popcount capture","FDCE=2;LUT2=1;LUT5=2"
894,1.764,5.000,3.025,0.875,2.150,0.711,3,"st_q_reg[1]/C","gen_lane[0].i_p2_pop_slice/bool_result_q_reg[7]/CE","P2 popcount capture","FDCE=2;LUT2=1;LUT5=2"
895,1.764,5.000,3.025,0.875,2.150,0.711,3,"st_q_reg[1]/C","gen_lane[0].i_p2_pop_slice/bool_result_q_reg[8]/CE","P2 popcount capture","FDCE=2;LUT2=1;LUT5=2"
896,1.764,5.000,3.025,0.875,2.150,0.711,3,"st_q_reg[1]/C","gen_lane[0].i_p2_pop_slice/bool_result_q_reg[9]/CE","P2 popcount capture","FDCE=2;LUT2=1;LUT5=2"
897,1.764,5.000,3.025,0.875,2.150,0.711,3,"st_q_reg[1]/C","gen_lane[1].i_p2_pop_slice/bool_result_q_reg[0]/CE","P2 popcount capture","FDCE=2;LUT2=1;LUT5=2"
898,1.764,5.000,3.025,0.875,2.150,0.711,3,"st_q_reg[1]/C","gen_lane[1].i_p2_pop_slice/bool_result_q_reg[10]/CE","P2 popcount capture","FDCE=2;LUT2=1;LUT5=2"
899,1.764,5.000,3.025,0.875,2.150,0.711,3,"st_q_reg[1]/C","gen_lane[1].i_p2_pop_slice/bool_result_q_reg[11]/CE","P2 popcount capture","FDCE=2;LUT2=1;LUT5=2"
900,1.764,5.000,3.025,0.875,2.150,0.711,3,"st_q_reg[1]/C","gen_lane[1].i_p2_pop_slice/bool_result_q_reg[12]/CE","P2 popcount capture","FDCE=2;LUT2=1;LUT5=2"
901,1.764,5.000,3.025,0.875,2.150,0.711,3,"st_q_reg[1]/C","gen_lane[1].i_p2_pop_slice/bool_result_q_reg[13]/CE","P2 popcount capture","FDCE=2;LUT2=1;LUT5=2"
902,1.764,5.000,3.025,0.875,2.150,0.711,3,"st_q_reg[1]/C","gen_lane[1].i_p2_pop_slice/bool_result_q_reg[14]/CE","P2 popcount capture","FDCE=2;LUT2=1;LUT5=2"
903,1.764,5.000,3.025,0.875,2.150,0.711,3,"st_q_reg[1]/C","gen_lane[1].i_p2_pop_slice/bool_result_q_reg[15]/CE","P2 popcount capture","FDCE=2;LUT2=1;LUT5=2"
904,1.764,5.000,3.025,0.875,2.150,0.711,3,"st_q_reg[1]/C","gen_lane[1].i_p2_pop_slice/bool_result_q_reg[16]/CE","P2 popcount capture","FDCE=2;LUT2=1;LUT5=2"
905,1.764,5.000,3.025,0.875,2.150,0.711,3,"st_q_reg[1]/C","gen_lane[1].i_p2_pop_slice/bool_result_q_reg[17]/CE","P2 popcount capture","FDCE=2;LUT2=1;LUT5=2"
906,1.764,5.000,3.025,0.875,2.150,0.711,3,"st_q_reg[1]/C","gen_lane[1].i_p2_pop_slice/bool_result_q_reg[18]/CE","P2 popcount capture","FDCE=2;LUT2=1;LUT5=2"
907,1.764,5.000,3.025,0.875,2.150,0.711,3,"st_q_reg[1]/C","gen_lane[1].i_p2_pop_slice/bool_result_q_reg[19]/CE","P2 popcount capture","FDCE=2;LUT2=1;LUT5=2"
908,1.764,5.000,3.025,0.875,2.150,0.711,3,"st_q_reg[1]/C","gen_lane[1].i_p2_pop_slice/bool_result_q_reg[1]/CE","P2 popcount capture","FDCE=2;LUT2=1;LUT5=2"
909,1.764,5.000,3.025,0.875,2.150,0.711,3,"st_q_reg[1]/C","gen_lane[1].i_p2_pop_slice/bool_result_q_reg[20]/CE","P2 popcount capture","FDCE=2;LUT2=1;LUT5=2"
910,1.764,5.000,3.025,0.875,2.150,0.711,3,"st_q_reg[1]/C","gen_lane[1].i_p2_pop_slice/bool_result_q_reg[21]/CE","P2 popcount capture","FDCE=2;LUT2=1;LUT5=2"
911,1.764,5.000,3.025,0.875,2.150,0.711,3,"st_q_reg[1]/C","gen_lane[1].i_p2_pop_slice/bool_result_q_reg[22]/CE","P2 popcount capture","FDCE=2;LUT2=1;LUT5=2"
912,1.764,5.000,3.025,0.875,2.150,0.711,3,"st_q_reg[1]/C","gen_lane[1].i_p2_pop_slice/bool_result_q_reg[23]/CE","P2 popcount capture","FDCE=2;LUT2=1;LUT5=2"
913,1.764,5.000,3.025,0.875,2.150,0.711,3,"st_q_reg[1]/C","gen_lane[1].i_p2_pop_slice/bool_result_q_reg[24]/CE","P2 popcount capture","FDCE=2;LUT2=1;LUT5=2"
914,1.764,5.000,3.025,0.875,2.150,0.711,3,"st_q_reg[1]/C","gen_lane[1].i_p2_pop_slice/bool_result_q_reg[25]/CE","P2 popcount capture","FDCE=2;LUT2=1;LUT5=2"
915,1.764,5.000,3.025,0.875,2.150,0.711,3,"st_q_reg[1]/C","gen_lane[1].i_p2_pop_slice/bool_result_q_reg[26]/CE","P2 popcount capture","FDCE=2;LUT2=1;LUT5=2"
916,1.764,5.000,3.025,0.875,2.150,0.711,3,"st_q_reg[1]/C","gen_lane[1].i_p2_pop_slice/bool_result_q_reg[27]/CE","P2 popcount capture","FDCE=2;LUT2=1;LUT5=2"
917,1.764,5.000,3.025,0.875,2.150,0.711,3,"st_q_reg[1]/C","gen_lane[1].i_p2_pop_slice/bool_result_q_reg[28]/CE","P2 popcount capture","FDCE=2;LUT2=1;LUT5=2"
918,1.764,5.000,3.025,0.875,2.150,0.711,3,"st_q_reg[1]/C","gen_lane[1].i_p2_pop_slice/bool_result_q_reg[29]/CE","P2 popcount capture","FDCE=2;LUT2=1;LUT5=2"
919,1.764,5.000,3.025,0.875,2.150,0.711,3,"st_q_reg[1]/C","gen_lane[1].i_p2_pop_slice/bool_result_q_reg[2]/CE","P2 popcount capture","FDCE=2;LUT2=1;LUT5=2"
920,1.764,5.000,3.025,0.875,2.150,0.711,3,"st_q_reg[1]/C","gen_lane[1].i_p2_pop_slice/bool_result_q_reg[30]/CE","P2 popcount capture","FDCE=2;LUT2=1;LUT5=2"
921,1.764,5.000,3.025,0.875,2.150,0.711,3,"st_q_reg[1]/C","gen_lane[1].i_p2_pop_slice/bool_result_q_reg[31]/CE","P2 popcount capture","FDCE=2;LUT2=1;LUT5=2"
922,1.764,5.000,3.025,0.875,2.150,0.711,3,"st_q_reg[1]/C","gen_lane[1].i_p2_pop_slice/bool_result_q_reg[32]/CE","P2 popcount capture","FDCE=2;LUT2=1;LUT5=2"
923,1.764,5.000,3.025,0.875,2.150,0.711,3,"st_q_reg[1]/C","gen_lane[1].i_p2_pop_slice/bool_result_q_reg[33]/CE","P2 popcount capture","FDCE=2;LUT2=1;LUT5=2"
924,1.764,5.000,3.025,0.875,2.150,0.711,3,"st_q_reg[1]/C","gen_lane[1].i_p2_pop_slice/bool_result_q_reg[34]/CE","P2 popcount capture","FDCE=2;LUT2=1;LUT5=2"
925,1.764,5.000,3.025,0.875,2.150,0.711,3,"st_q_reg[1]/C","gen_lane[1].i_p2_pop_slice/bool_result_q_reg[35]/CE","P2 popcount capture","FDCE=2;LUT2=1;LUT5=2"
926,1.764,5.000,3.025,0.875,2.150,0.711,3,"st_q_reg[1]/C","gen_lane[1].i_p2_pop_slice/bool_result_q_reg[36]/CE","P2 popcount capture","FDCE=2;LUT2=1;LUT5=2"
927,1.764,5.000,3.025,0.875,2.150,0.711,3,"st_q_reg[1]/C","gen_lane[1].i_p2_pop_slice/bool_result_q_reg[37]/CE","P2 popcount capture","FDCE=2;LUT2=1;LUT5=2"
928,1.764,5.000,3.025,0.875,2.150,0.711,3,"st_q_reg[1]/C","gen_lane[1].i_p2_pop_slice/bool_result_q_reg[38]/CE","P2 popcount capture","FDCE=2;LUT2=1;LUT5=2"
929,1.764,5.000,3.025,0.875,2.150,0.711,3,"st_q_reg[1]/C","gen_lane[1].i_p2_pop_slice/bool_result_q_reg[39]/CE","P2 popcount capture","FDCE=2;LUT2=1;LUT5=2"
930,1.764,5.000,3.025,0.875,2.150,0.711,3,"st_q_reg[1]/C","gen_lane[1].i_p2_pop_slice/bool_result_q_reg[3]/CE","P2 popcount capture","FDCE=2;LUT2=1;LUT5=2"
931,1.764,5.000,3.025,0.875,2.150,0.711,3,"st_q_reg[1]/C","gen_lane[1].i_p2_pop_slice/bool_result_q_reg[40]/CE","P2 popcount capture","FDCE=2;LUT2=1;LUT5=2"
932,1.764,5.000,3.025,0.875,2.150,0.711,3,"st_q_reg[1]/C","gen_lane[1].i_p2_pop_slice/bool_result_q_reg[41]/CE","P2 popcount capture","FDCE=2;LUT2=1;LUT5=2"
933,1.764,5.000,3.025,0.875,2.150,0.711,3,"st_q_reg[1]/C","gen_lane[1].i_p2_pop_slice/bool_result_q_reg[42]/CE","P2 popcount capture","FDCE=2;LUT2=1;LUT5=2"
934,1.764,5.000,3.025,0.875,2.150,0.711,3,"st_q_reg[1]/C","gen_lane[1].i_p2_pop_slice/bool_result_q_reg[43]/CE","P2 popcount capture","FDCE=2;LUT2=1;LUT5=2"
935,1.764,5.000,3.025,0.875,2.150,0.711,3,"st_q_reg[1]/C","gen_lane[1].i_p2_pop_slice/bool_result_q_reg[44]/CE","P2 popcount capture","FDCE=2;LUT2=1;LUT5=2"
936,1.764,5.000,3.025,0.875,2.150,0.711,3,"st_q_reg[1]/C","gen_lane[1].i_p2_pop_slice/bool_result_q_reg[45]/CE","P2 popcount capture","FDCE=2;LUT2=1;LUT5=2"
937,1.764,5.000,3.025,0.875,2.150,0.711,3,"st_q_reg[1]/C","gen_lane[1].i_p2_pop_slice/bool_result_q_reg[46]/CE","P2 popcount capture","FDCE=2;LUT2=1;LUT5=2"
938,1.764,5.000,3.025,0.875,2.150,0.711,3,"st_q_reg[1]/C","gen_lane[1].i_p2_pop_slice/bool_result_q_reg[47]/CE","P2 popcount capture","FDCE=2;LUT2=1;LUT5=2"
939,1.764,5.000,3.025,0.875,2.150,0.711,3,"st_q_reg[1]/C","gen_lane[1].i_p2_pop_slice/bool_result_q_reg[48]/CE","P2 popcount capture","FDCE=2;LUT2=1;LUT5=2"
940,1.764,5.000,3.025,0.875,2.150,0.711,3,"st_q_reg[1]/C","gen_lane[1].i_p2_pop_slice/bool_result_q_reg[49]/CE","P2 popcount capture","FDCE=2;LUT2=1;LUT5=2"
941,1.764,5.000,3.025,0.875,2.150,0.711,3,"st_q_reg[1]/C","gen_lane[1].i_p2_pop_slice/bool_result_q_reg[4]/CE","P2 popcount capture","FDCE=2;LUT2=1;LUT5=2"
942,1.764,5.000,3.025,0.875,2.150,0.711,3,"st_q_reg[1]/C","gen_lane[1].i_p2_pop_slice/bool_result_q_reg[50]/CE","P2 popcount capture","FDCE=2;LUT2=1;LUT5=2"
943,1.764,5.000,3.025,0.875,2.150,0.711,3,"st_q_reg[1]/C","gen_lane[1].i_p2_pop_slice/bool_result_q_reg[51]/CE","P2 popcount capture","FDCE=2;LUT2=1;LUT5=2"
944,1.764,5.000,3.025,0.875,2.150,0.711,3,"st_q_reg[1]/C","gen_lane[1].i_p2_pop_slice/bool_result_q_reg[52]/CE","P2 popcount capture","FDCE=2;LUT2=1;LUT5=2"
945,1.764,5.000,3.025,0.875,2.150,0.711,3,"st_q_reg[1]/C","gen_lane[1].i_p2_pop_slice/bool_result_q_reg[53]/CE","P2 popcount capture","FDCE=2;LUT2=1;LUT5=2"
946,1.764,5.000,3.025,0.875,2.150,0.711,3,"st_q_reg[1]/C","gen_lane[1].i_p2_pop_slice/bool_result_q_reg[54]/CE","P2 popcount capture","FDCE=2;LUT2=1;LUT5=2"
947,1.764,5.000,3.025,0.875,2.150,0.711,3,"st_q_reg[1]/C","gen_lane[1].i_p2_pop_slice/bool_result_q_reg[55]/CE","P2 popcount capture","FDCE=2;LUT2=1;LUT5=2"
948,1.764,5.000,3.025,0.875,2.150,0.711,3,"st_q_reg[1]/C","gen_lane[1].i_p2_pop_slice/bool_result_q_reg[56]/CE","P2 popcount capture","FDCE=2;LUT2=1;LUT5=2"
949,1.764,5.000,3.025,0.875,2.150,0.711,3,"st_q_reg[1]/C","gen_lane[1].i_p2_pop_slice/bool_result_q_reg[57]/CE","P2 popcount capture","FDCE=2;LUT2=1;LUT5=2"
950,1.764,5.000,3.025,0.875,2.150,0.711,3,"st_q_reg[1]/C","gen_lane[1].i_p2_pop_slice/bool_result_q_reg[58]/CE","P2 popcount capture","FDCE=2;LUT2=1;LUT5=2"
951,1.764,5.000,3.025,0.875,2.150,0.711,3,"st_q_reg[1]/C","gen_lane[1].i_p2_pop_slice/bool_result_q_reg[59]/CE","P2 popcount capture","FDCE=2;LUT2=1;LUT5=2"
952,1.764,5.000,3.025,0.875,2.150,0.711,3,"st_q_reg[1]/C","gen_lane[1].i_p2_pop_slice/bool_result_q_reg[5]/CE","P2 popcount capture","FDCE=2;LUT2=1;LUT5=2"
953,1.764,5.000,3.025,0.875,2.150,0.711,3,"st_q_reg[1]/C","gen_lane[1].i_p2_pop_slice/bool_result_q_reg[60]/CE","P2 popcount capture","FDCE=2;LUT2=1;LUT5=2"
954,1.764,5.000,3.025,0.875,2.150,0.711,3,"st_q_reg[1]/C","gen_lane[1].i_p2_pop_slice/bool_result_q_reg[61]/CE","P2 popcount capture","FDCE=2;LUT2=1;LUT5=2"
955,1.764,5.000,3.025,0.875,2.150,0.711,3,"st_q_reg[1]/C","gen_lane[1].i_p2_pop_slice/bool_result_q_reg[62]/CE","P2 popcount capture","FDCE=2;LUT2=1;LUT5=2"
956,1.764,5.000,3.025,0.875,2.150,0.711,3,"st_q_reg[1]/C","gen_lane[1].i_p2_pop_slice/bool_result_q_reg[63]/CE","P2 popcount capture","FDCE=2;LUT2=1;LUT5=2"
957,1.764,5.000,3.025,0.875,2.150,0.711,3,"st_q_reg[1]/C","gen_lane[1].i_p2_pop_slice/bool_result_q_reg[6]/CE","P2 popcount capture","FDCE=2;LUT2=1;LUT5=2"
958,1.764,5.000,3.025,0.875,2.150,0.711,3,"st_q_reg[1]/C","gen_lane[1].i_p2_pop_slice/bool_result_q_reg[7]/CE","P2 popcount capture","FDCE=2;LUT2=1;LUT5=2"
959,1.764,5.000,3.025,0.875,2.150,0.711,3,"st_q_reg[1]/C","gen_lane[1].i_p2_pop_slice/bool_result_q_reg[8]/CE","P2 popcount capture","FDCE=2;LUT2=1;LUT5=2"
960,1.764,5.000,3.025,0.875,2.150,0.711,3,"st_q_reg[1]/C","gen_lane[1].i_p2_pop_slice/bool_result_q_reg[9]/CE","P2 popcount capture","FDCE=2;LUT2=1;LUT5=2"
961,1.764,5.000,3.025,0.875,2.150,0.711,3,"st_q_reg[1]/C","gen_lane[2].i_p2_pop_slice/bool_result_q_reg[0]/CE","P2 popcount capture","FDCE=2;LUT2=1;LUT5=2"
962,1.764,5.000,3.025,0.875,2.150,0.711,3,"st_q_reg[1]/C","gen_lane[2].i_p2_pop_slice/bool_result_q_reg[10]/CE","P2 popcount capture","FDCE=2;LUT2=1;LUT5=2"
963,1.764,5.000,3.025,0.875,2.150,0.711,3,"st_q_reg[1]/C","gen_lane[2].i_p2_pop_slice/bool_result_q_reg[11]/CE","P2 popcount capture","FDCE=2;LUT2=1;LUT5=2"
964,1.764,5.000,3.025,0.875,2.150,0.711,3,"st_q_reg[1]/C","gen_lane[2].i_p2_pop_slice/bool_result_q_reg[12]/CE","P2 popcount capture","FDCE=2;LUT2=1;LUT5=2"
965,1.764,5.000,3.025,0.875,2.150,0.711,3,"st_q_reg[1]/C","gen_lane[2].i_p2_pop_slice/bool_result_q_reg[13]/CE","P2 popcount capture","FDCE=2;LUT2=1;LUT5=2"
966,1.764,5.000,3.025,0.875,2.150,0.711,3,"st_q_reg[1]/C","gen_lane[2].i_p2_pop_slice/bool_result_q_reg[14]/CE","P2 popcount capture","FDCE=2;LUT2=1;LUT5=2"
967,1.764,5.000,3.025,0.875,2.150,0.711,3,"st_q_reg[1]/C","gen_lane[2].i_p2_pop_slice/bool_result_q_reg[15]/CE","P2 popcount capture","FDCE=2;LUT2=1;LUT5=2"
968,1.764,5.000,3.025,0.875,2.150,0.711,3,"st_q_reg[1]/C","gen_lane[2].i_p2_pop_slice/bool_result_q_reg[16]/CE","P2 popcount capture","FDCE=2;LUT2=1;LUT5=2"
969,1.764,5.000,3.025,0.875,2.150,0.711,3,"st_q_reg[1]/C","gen_lane[2].i_p2_pop_slice/bool_result_q_reg[17]/CE","P2 popcount capture","FDCE=2;LUT2=1;LUT5=2"
970,1.764,5.000,3.025,0.875,2.150,0.711,3,"st_q_reg[1]/C","gen_lane[2].i_p2_pop_slice/bool_result_q_reg[18]/CE","P2 popcount capture","FDCE=2;LUT2=1;LUT5=2"
971,1.764,5.000,3.025,0.875,2.150,0.711,3,"st_q_reg[1]/C","gen_lane[2].i_p2_pop_slice/bool_result_q_reg[19]/CE","P2 popcount capture","FDCE=2;LUT2=1;LUT5=2"
972,1.764,5.000,3.025,0.875,2.150,0.711,3,"st_q_reg[1]/C","gen_lane[2].i_p2_pop_slice/bool_result_q_reg[1]/CE","P2 popcount capture","FDCE=2;LUT2=1;LUT5=2"
973,1.764,5.000,3.025,0.875,2.150,0.711,3,"st_q_reg[1]/C","gen_lane[2].i_p2_pop_slice/bool_result_q_reg[20]/CE","P2 popcount capture","FDCE=2;LUT2=1;LUT5=2"
974,1.764,5.000,3.025,0.875,2.150,0.711,3,"st_q_reg[1]/C","gen_lane[2].i_p2_pop_slice/bool_result_q_reg[21]/CE","P2 popcount capture","FDCE=2;LUT2=1;LUT5=2"
975,1.764,5.000,3.025,0.875,2.150,0.711,3,"st_q_reg[1]/C","gen_lane[2].i_p2_pop_slice/bool_result_q_reg[22]/CE","P2 popcount capture","FDCE=2;LUT2=1;LUT5=2"
976,1.764,5.000,3.025,0.875,2.150,0.711,3,"st_q_reg[1]/C","gen_lane[2].i_p2_pop_slice/bool_result_q_reg[23]/CE","P2 popcount capture","FDCE=2;LUT2=1;LUT5=2"
977,1.764,5.000,3.025,0.875,2.150,0.711,3,"st_q_reg[1]/C","gen_lane[2].i_p2_pop_slice/bool_result_q_reg[24]/CE","P2 popcount capture","FDCE=2;LUT2=1;LUT5=2"
978,1.764,5.000,3.025,0.875,2.150,0.711,3,"st_q_reg[1]/C","gen_lane[2].i_p2_pop_slice/bool_result_q_reg[25]/CE","P2 popcount capture","FDCE=2;LUT2=1;LUT5=2"
979,1.764,5.000,3.025,0.875,2.150,0.711,3,"st_q_reg[1]/C","gen_lane[2].i_p2_pop_slice/bool_result_q_reg[26]/CE","P2 popcount capture","FDCE=2;LUT2=1;LUT5=2"
980,1.764,5.000,3.025,0.875,2.150,0.711,3,"st_q_reg[1]/C","gen_lane[2].i_p2_pop_slice/bool_result_q_reg[27]/CE","P2 popcount capture","FDCE=2;LUT2=1;LUT5=2"
981,1.764,5.000,3.025,0.875,2.150,0.711,3,"st_q_reg[1]/C","gen_lane[2].i_p2_pop_slice/bool_result_q_reg[28]/CE","P2 popcount capture","FDCE=2;LUT2=1;LUT5=2"
982,1.764,5.000,3.025,0.875,2.150,0.711,3,"st_q_reg[1]/C","gen_lane[2].i_p2_pop_slice/bool_result_q_reg[29]/CE","P2 popcount capture","FDCE=2;LUT2=1;LUT5=2"
983,1.764,5.000,3.025,0.875,2.150,0.711,3,"st_q_reg[1]/C","gen_lane[2].i_p2_pop_slice/bool_result_q_reg[2]/CE","P2 popcount capture","FDCE=2;LUT2=1;LUT5=2"
984,1.764,5.000,3.025,0.875,2.150,0.711,3,"st_q_reg[1]/C","gen_lane[2].i_p2_pop_slice/bool_result_q_reg[30]/CE","P2 popcount capture","FDCE=2;LUT2=1;LUT5=2"
985,1.764,5.000,3.025,0.875,2.150,0.711,3,"st_q_reg[1]/C","gen_lane[2].i_p2_pop_slice/bool_result_q_reg[31]/CE","P2 popcount capture","FDCE=2;LUT2=1;LUT5=2"
986,1.764,5.000,3.025,0.875,2.150,0.711,3,"st_q_reg[1]/C","gen_lane[2].i_p2_pop_slice/bool_result_q_reg[32]/CE","P2 popcount capture","FDCE=2;LUT2=1;LUT5=2"
987,1.764,5.000,3.025,0.875,2.150,0.711,3,"st_q_reg[1]/C","gen_lane[2].i_p2_pop_slice/bool_result_q_reg[33]/CE","P2 popcount capture","FDCE=2;LUT2=1;LUT5=2"
988,1.764,5.000,3.025,0.875,2.150,0.711,3,"st_q_reg[1]/C","gen_lane[2].i_p2_pop_slice/bool_result_q_reg[34]/CE","P2 popcount capture","FDCE=2;LUT2=1;LUT5=2"
989,1.764,5.000,3.025,0.875,2.150,0.711,3,"st_q_reg[1]/C","gen_lane[2].i_p2_pop_slice/bool_result_q_reg[35]/CE","P2 popcount capture","FDCE=2;LUT2=1;LUT5=2"
990,1.764,5.000,3.025,0.875,2.150,0.711,3,"st_q_reg[1]/C","gen_lane[2].i_p2_pop_slice/bool_result_q_reg[36]/CE","P2 popcount capture","FDCE=2;LUT2=1;LUT5=2"
991,1.764,5.000,3.025,0.875,2.150,0.711,3,"st_q_reg[1]/C","gen_lane[2].i_p2_pop_slice/bool_result_q_reg[37]/CE","P2 popcount capture","FDCE=2;LUT2=1;LUT5=2"
992,1.764,5.000,3.025,0.875,2.150,0.711,3,"st_q_reg[1]/C","gen_lane[2].i_p2_pop_slice/bool_result_q_reg[38]/CE","P2 popcount capture","FDCE=2;LUT2=1;LUT5=2"
993,1.764,5.000,3.025,0.875,2.150,0.711,3,"st_q_reg[1]/C","gen_lane[2].i_p2_pop_slice/bool_result_q_reg[39]/CE","P2 popcount capture","FDCE=2;LUT2=1;LUT5=2"
994,1.764,5.000,3.025,0.875,2.150,0.711,3,"st_q_reg[1]/C","gen_lane[2].i_p2_pop_slice/bool_result_q_reg[3]/CE","P2 popcount capture","FDCE=2;LUT2=1;LUT5=2"
995,1.764,5.000,3.025,0.875,2.150,0.711,3,"st_q_reg[1]/C","gen_lane[2].i_p2_pop_slice/bool_result_q_reg[40]/CE","P2 popcount capture","FDCE=2;LUT2=1;LUT5=2"
996,1.764,5.000,3.025,0.875,2.150,0.711,3,"st_q_reg[1]/C","gen_lane[2].i_p2_pop_slice/bool_result_q_reg[41]/CE","P2 popcount capture","FDCE=2;LUT2=1;LUT5=2"
997,1.764,5.000,3.025,0.875,2.150,0.711,3,"st_q_reg[1]/C","gen_lane[2].i_p2_pop_slice/bool_result_q_reg[42]/CE","P2 popcount capture","FDCE=2;LUT2=1;LUT5=2"
998,1.764,5.000,3.025,0.875,2.150,0.711,3,"st_q_reg[1]/C","gen_lane[2].i_p2_pop_slice/bool_result_q_reg[43]/CE","P2 popcount capture","FDCE=2;LUT2=1;LUT5=2"
999,1.764,5.000,3.025,0.875,2.150,0.711,3,"st_q_reg[1]/C","gen_lane[2].i_p2_pop_slice/bool_result_q_reg[44]/CE","P2 popcount capture","FDCE=2;LUT2=1;LUT5=2"
1000,1.764,5.000,3.025,0.875,2.150,0.711,3,"st_q_reg[1]/C","gen_lane[2].i_p2_pop_slice/bool_result_q_reg[45]/CE","P2 popcount capture","FDCE=2;LUT2=1;LUT5=2"
