rank,slack_ns,required_time_ns,data_path_delay_ns,logic_delay_ns,route_delay_ns,route_ratio,logic_levels,startpoint,endpoint,path_class,main_cells
1,0.061,5.000,4.936,1.105,3.831,0.776,5,"gen_lane[0].i_p2_pop_slice/bool_result_q_reg[17]/C","gen_lane[0].i_p2_pop_slice/popcount_part_q_o_reg[0][5]/D","P2 popcount capture","FDCE=2;LUT3=1;LUT5=2;LUT6=2"
2,0.061,5.000,4.936,1.105,3.831,0.776,5,"gen_lane[0].i_p2_pop_slice/bool_result_q_reg[49]/C","gen_lane[0].i_p2_pop_slice/popcount_part_q_o_reg[1][5]/D","P2 popcount capture","FDCE=2;LUT3=1;LUT5=2;LUT6=2"
3,0.061,5.000,4.936,1.105,3.831,0.776,5,"gen_lane[1].i_p2_pop_slice/bool_result_q_reg[17]/C","gen_lane[1].i_p2_pop_slice/popcount_part_q_o_reg[0][5]/D","P2 popcount capture","FDCE=2;LUT3=1;LUT5=2;LUT6=2"
4,0.061,5.000,4.936,1.105,3.831,0.776,5,"gen_lane[1].i_p2_pop_slice/bool_result_q_reg[49]/C","gen_lane[1].i_p2_pop_slice/popcount_part_q_o_reg[1][5]/D","P2 popcount capture","FDCE=2;LUT3=1;LUT5=2;LUT6=2"
5,0.061,5.000,4.936,1.105,3.831,0.776,5,"gen_lane[2].i_p2_pop_slice/bool_result_q_reg[17]/C","gen_lane[2].i_p2_pop_slice/popcount_part_q_o_reg[0][5]/D","P2 popcount capture","FDCE=2;LUT3=1;LUT5=2;LUT6=2"
6,0.061,5.000,4.936,1.105,3.831,0.776,5,"gen_lane[2].i_p2_pop_slice/bool_result_q_reg[49]/C","gen_lane[2].i_p2_pop_slice/popcount_part_q_o_reg[1][5]/D","P2 popcount capture","FDCE=2;LUT3=1;LUT5=2;LUT6=2"
7,0.061,5.000,4.936,1.105,3.831,0.776,5,"gen_lane[3].i_p2_pop_slice/bool_result_q_reg[17]/C","gen_lane[3].i_p2_pop_slice/popcount_part_q_o_reg[0][5]/D","P2 popcount capture","FDCE=2;LUT3=1;LUT5=2;LUT6=2"
8,0.061,5.000,4.936,1.105,3.831,0.776,5,"gen_lane[3].i_p2_pop_slice/bool_result_q_reg[49]/C","gen_lane[3].i_p2_pop_slice/popcount_part_q_o_reg[1][5]/D","P2 popcount capture","FDCE=2;LUT3=1;LUT5=2;LUT6=2"
9,0.326,5.000,4.700,2.246,2.454,0.522,7,"gen_lane[0].i_p2_pop_slice/popcount_part_q_o_reg[0][0]/C","group_dist_q_reg[8]/D","P2 popcount capture","CARRY4=4;FDCE=2;LUT3=2;LUT5=1"
10,0.417,5.000,4.580,1.105,3.475,0.759,5,"gen_lane[0].i_p2_pop_slice/bool_result_q_reg[17]/C","gen_lane[0].i_p2_pop_slice/popcount_part_q_o_reg[0][2]/D","P2 popcount capture","FDCE=2;LUT3=2;LUT5=2;LUT6=1"
11,0.417,5.000,4.580,1.105,3.475,0.759,5,"gen_lane[0].i_p2_pop_slice/bool_result_q_reg[17]/C","gen_lane[0].i_p2_pop_slice/popcount_part_q_o_reg[0][3]/D","P2 popcount capture","FDCE=2;LUT3=1;LUT5=3;LUT6=1"
12,0.417,5.000,4.580,1.105,3.475,0.759,5,"gen_lane[0].i_p2_pop_slice/bool_result_q_reg[49]/C","gen_lane[0].i_p2_pop_slice/popcount_part_q_o_reg[1][2]/D","P2 popcount capture","FDCE=2;LUT3=2;LUT5=2;LUT6=1"
13,0.417,5.000,4.580,1.105,3.475,0.759,5,"gen_lane[0].i_p2_pop_slice/bool_result_q_reg[49]/C","gen_lane[0].i_p2_pop_slice/popcount_part_q_o_reg[1][3]/D","P2 popcount capture","FDCE=2;LUT3=1;LUT5=3;LUT6=1"
14,0.417,5.000,4.580,1.105,3.475,0.759,5,"gen_lane[1].i_p2_pop_slice/bool_result_q_reg[17]/C","gen_lane[1].i_p2_pop_slice/popcount_part_q_o_reg[0][2]/D","P2 popcount capture","FDCE=2;LUT3=2;LUT5=2;LUT6=1"
15,0.417,5.000,4.580,1.105,3.475,0.759,5,"gen_lane[1].i_p2_pop_slice/bool_result_q_reg[17]/C","gen_lane[1].i_p2_pop_slice/popcount_part_q_o_reg[0][3]/D","P2 popcount capture","FDCE=2;LUT3=1;LUT5=3;LUT6=1"
16,0.417,5.000,4.580,1.105,3.475,0.759,5,"gen_lane[1].i_p2_pop_slice/bool_result_q_reg[49]/C","gen_lane[1].i_p2_pop_slice/popcount_part_q_o_reg[1][2]/D","P2 popcount capture","FDCE=2;LUT3=2;LUT5=2;LUT6=1"
17,0.417,5.000,4.580,1.105,3.475,0.759,5,"gen_lane[1].i_p2_pop_slice/bool_result_q_reg[49]/C","gen_lane[1].i_p2_pop_slice/popcount_part_q_o_reg[1][3]/D","P2 popcount capture","FDCE=2;LUT3=1;LUT5=3;LUT6=1"
18,0.417,5.000,4.580,1.105,3.475,0.759,5,"gen_lane[2].i_p2_pop_slice/bool_result_q_reg[17]/C","gen_lane[2].i_p2_pop_slice/popcount_part_q_o_reg[0][2]/D","P2 popcount capture","FDCE=2;LUT3=2;LUT5=2;LUT6=1"
19,0.417,5.000,4.580,1.105,3.475,0.759,5,"gen_lane[2].i_p2_pop_slice/bool_result_q_reg[17]/C","gen_lane[2].i_p2_pop_slice/popcount_part_q_o_reg[0][3]/D","P2 popcount capture","FDCE=2;LUT3=1;LUT5=3;LUT6=1"
20,0.417,5.000,4.580,1.105,3.475,0.759,5,"gen_lane[2].i_p2_pop_slice/bool_result_q_reg[49]/C","gen_lane[2].i_p2_pop_slice/popcount_part_q_o_reg[1][2]/D","P2 popcount capture","FDCE=2;LUT3=2;LUT5=2;LUT6=1"
21,0.417,5.000,4.580,1.105,3.475,0.759,5,"gen_lane[2].i_p2_pop_slice/bool_result_q_reg[49]/C","gen_lane[2].i_p2_pop_slice/popcount_part_q_o_reg[1][3]/D","P2 popcount capture","FDCE=2;LUT3=1;LUT5=3;LUT6=1"
22,0.417,5.000,4.580,1.105,3.475,0.759,5,"gen_lane[3].i_p2_pop_slice/bool_result_q_reg[17]/C","gen_lane[3].i_p2_pop_slice/popcount_part_q_o_reg[0][2]/D","P2 popcount capture","FDCE=2;LUT3=2;LUT5=2;LUT6=1"
23,0.417,5.000,4.580,1.105,3.475,0.759,5,"gen_lane[3].i_p2_pop_slice/bool_result_q_reg[17]/C","gen_lane[3].i_p2_pop_slice/popcount_part_q_o_reg[0][3]/D","P2 popcount capture","FDCE=2;LUT3=1;LUT5=3;LUT6=1"
24,0.417,5.000,4.580,1.105,3.475,0.759,5,"gen_lane[3].i_p2_pop_slice/bool_result_q_reg[49]/C","gen_lane[3].i_p2_pop_slice/popcount_part_q_o_reg[1][2]/D","P2 popcount capture","FDCE=2;LUT3=2;LUT5=2;LUT6=1"
25,0.417,5.000,4.580,1.105,3.475,0.759,5,"gen_lane[3].i_p2_pop_slice/bool_result_q_reg[49]/C","gen_lane[3].i_p2_pop_slice/popcount_part_q_o_reg[1][3]/D","P2 popcount capture","FDCE=2;LUT3=1;LUT5=3;LUT6=1"
26,0.426,5.000,4.600,2.146,2.454,0.533,6,"gen_lane[0].i_p2_pop_slice/popcount_part_q_o_reg[0][0]/C","group_dist_q_reg[7]/D","P2 popcount capture","CARRY4=3;FDCE=2;LUT3=2;LUT5=1"
27,0.479,5.000,4.547,2.093,2.454,0.540,6,"gen_lane[0].i_p2_pop_slice/popcount_part_q_o_reg[0][0]/C","group_dist_q_reg[6]/D","P2 popcount capture","CARRY4=3;FDCE=2;LUT3=2;LUT5=1"
28,0.600,5.000,4.426,2.168,2.258,0.510,7,"gen_lane[2].i_p2_pop_slice/popcount_part_q_o_reg[1][0]/C","group_dist_q_reg[5]/D","P2 popcount capture","CARRY4=3;FDCE=2;LUT3=2;LUT5=1;LUT6=1"
29,0.671,5.000,4.326,1.105,3.221,0.745,5,"gen_lane[0].i_p2_pop_slice/bool_result_q_reg[17]/C","gen_lane[0].i_p2_pop_slice/popcount_part_q_o_reg[0][4]/D","P2 popcount capture","FDCE=2;LUT3=1;LUT5=2;LUT6=2"
30,0.671,5.000,4.326,1.105,3.221,0.745,5,"gen_lane[0].i_p2_pop_slice/bool_result_q_reg[49]/C","gen_lane[0].i_p2_pop_slice/popcount_part_q_o_reg[1][4]/D","P2 popcount capture","FDCE=2;LUT3=1;LUT5=2;LUT6=2"
31,0.671,5.000,4.326,1.105,3.221,0.745,5,"gen_lane[1].i_p2_pop_slice/bool_result_q_reg[17]/C","gen_lane[1].i_p2_pop_slice/popcount_part_q_o_reg[0][4]/D","P2 popcount capture","FDCE=2;LUT3=1;LUT5=2;LUT6=2"
32,0.671,5.000,4.326,1.105,3.221,0.745,5,"gen_lane[1].i_p2_pop_slice/bool_result_q_reg[49]/C","gen_lane[1].i_p2_pop_slice/popcount_part_q_o_reg[1][4]/D","P2 popcount capture","FDCE=2;LUT3=1;LUT5=2;LUT6=2"
33,0.671,5.000,4.326,1.105,3.221,0.745,5,"gen_lane[2].i_p2_pop_slice/bool_result_q_reg[17]/C","gen_lane[2].i_p2_pop_slice/popcount_part_q_o_reg[0][4]/D","P2 popcount capture","FDCE=2;LUT3=1;LUT5=2;LUT6=2"
34,0.671,5.000,4.326,1.105,3.221,0.745,5,"gen_lane[2].i_p2_pop_slice/bool_result_q_reg[49]/C","gen_lane[2].i_p2_pop_slice/popcount_part_q_o_reg[1][4]/D","P2 popcount capture","FDCE=2;LUT3=1;LUT5=2;LUT6=2"
35,0.671,5.000,4.326,1.105,3.221,0.745,5,"gen_lane[3].i_p2_pop_slice/bool_result_q_reg[17]/C","gen_lane[3].i_p2_pop_slice/popcount_part_q_o_reg[0][4]/D","P2 popcount capture","FDCE=2;LUT3=1;LUT5=2;LUT6=2"
36,0.671,5.000,4.326,1.105,3.221,0.745,5,"gen_lane[3].i_p2_pop_slice/bool_result_q_reg[49]/C","gen_lane[3].i_p2_pop_slice/popcount_part_q_o_reg[1][4]/D","P2 popcount capture","FDCE=2;LUT3=1;LUT5=2;LUT6=2"
37,0.680,5.000,4.346,2.088,2.258,0.520,7,"gen_lane[2].i_p2_pop_slice/popcount_part_q_o_reg[1][0]/C","group_dist_q_reg[4]/D","P2 popcount capture","CARRY4=3;FDCE=2;LUT3=2;LUT5=1;LUT6=1"
38,0.902,5.000,4.124,1.864,2.260,0.548,5,"gen_lane[2].i_p2_pop_slice/popcount_part_q_o_reg[1][0]/C","group_dist_q_reg[3]/D","P2 popcount capture","CARRY4=2;FDCE=2;LUT3=2;LUT5=1"
39,1.128,5.000,3.869,1.000,2.869,0.742,4,"gen_lane[0].i_p2_pop_slice/bool_result_q_reg[17]/C","gen_lane[0].i_p2_pop_slice/popcount_part_q_o_reg[0][1]/D","P2 popcount capture","FDCE=2;LUT3=1;LUT5=2;LUT6=1"
40,1.128,5.000,3.869,1.000,2.869,0.742,4,"gen_lane[0].i_p2_pop_slice/bool_result_q_reg[49]/C","gen_lane[0].i_p2_pop_slice/popcount_part_q_o_reg[1][1]/D","P2 popcount capture","FDCE=2;LUT3=1;LUT5=2;LUT6=1"
41,1.128,5.000,3.869,1.000,2.869,0.742,4,"gen_lane[1].i_p2_pop_slice/bool_result_q_reg[17]/C","gen_lane[1].i_p2_pop_slice/popcount_part_q_o_reg[0][1]/D","P2 popcount capture","FDCE=2;LUT3=1;LUT5=2;LUT6=1"
42,1.128,5.000,3.869,1.000,2.869,0.742,4,"gen_lane[1].i_p2_pop_slice/bool_result_q_reg[49]/C","gen_lane[1].i_p2_pop_slice/popcount_part_q_o_reg[1][1]/D","P2 popcount capture","FDCE=2;LUT3=1;LUT5=2;LUT6=1"
43,1.128,5.000,3.869,1.000,2.869,0.742,4,"gen_lane[2].i_p2_pop_slice/bool_result_q_reg[17]/C","gen_lane[2].i_p2_pop_slice/popcount_part_q_o_reg[0][1]/D","P2 popcount capture","FDCE=2;LUT3=1;LUT5=2;LUT6=1"
44,1.128,5.000,3.869,1.000,2.869,0.742,4,"gen_lane[2].i_p2_pop_slice/bool_result_q_reg[49]/C","gen_lane[2].i_p2_pop_slice/popcount_part_q_o_reg[1][1]/D","P2 popcount capture","FDCE=2;LUT3=1;LUT5=2;LUT6=1"
45,1.128,5.000,3.869,1.000,2.869,0.742,4,"gen_lane[3].i_p2_pop_slice/bool_result_q_reg[17]/C","gen_lane[3].i_p2_pop_slice/popcount_part_q_o_reg[0][1]/D","P2 popcount capture","FDCE=2;LUT3=1;LUT5=2;LUT6=1"
46,1.128,5.000,3.869,1.000,2.869,0.742,4,"gen_lane[3].i_p2_pop_slice/bool_result_q_reg[49]/C","gen_lane[3].i_p2_pop_slice/popcount_part_q_o_reg[1][1]/D","P2 popcount capture","FDCE=2;LUT3=1;LUT5=2;LUT6=1"
47,1.180,5.000,3.817,1.659,2.158,0.565,5,"a_q_reg[4]/C","res_q_reg[1]/D","scalar response","CARRY4=1;FDCE=2;LUT4=1;LUT6=3"
48,1.180,5.000,3.817,1.659,2.158,0.565,5,"a_q_reg[4]/C","st_q_reg[2]/D","TOP control","CARRY4=1;FDCE=2;LUT4=1;LUT6=3"
49,1.180,5.000,3.817,1.659,2.158,0.565,5,"a_q_reg[4]/C","st_q_reg[3]/D","TOP control","CARRY4=1;FDCE=2;LUT4=1;LUT6=3"
50,1.221,5.000,3.776,1.085,2.691,0.713,5,"uop_p2_q_reg[use_shift]/C","lane_result_q_reg[0][32]/D","P2 lane result capture","FDCE=2;LUT3=1;LUT6=4"
51,1.221,5.000,3.776,1.085,2.691,0.713,5,"uop_p2_q_reg[use_shift]/C","lane_result_q_reg[0][33]/D","P2 lane result capture","FDCE=2;LUT3=1;LUT6=4"
52,1.221,5.000,3.776,1.085,2.691,0.713,5,"uop_p2_q_reg[use_shift]/C","lane_result_q_reg[0][34]/D","P2 lane result capture","FDCE=2;LUT3=1;LUT6=4"
53,1.221,5.000,3.776,1.085,2.691,0.713,5,"uop_p2_q_reg[use_shift]/C","lane_result_q_reg[0][35]/D","P2 lane result capture","FDCE=2;LUT3=1;LUT5=1;LUT6=3"
54,1.221,5.000,3.776,1.085,2.691,0.713,5,"uop_p2_q_reg[use_shift]/C","lane_result_q_reg[0][40]/D","P2 lane result capture","FDCE=2;LUT3=1;LUT6=4"
55,1.221,5.000,3.776,1.085,2.691,0.713,5,"uop_p2_q_reg[use_shift]/C","lane_result_q_reg[0][41]/D","P2 lane result capture","FDCE=2;LUT3=1;LUT6=4"
56,1.221,5.000,3.776,1.085,2.691,0.713,5,"uop_p2_q_reg[use_shift]/C","lane_result_q_reg[0][42]/D","P2 lane result capture","FDCE=2;LUT3=1;LUT6=4"
57,1.221,5.000,3.776,1.085,2.691,0.713,5,"uop_p2_q_reg[use_shift]/C","lane_result_q_reg[0][43]/D","P2 lane result capture","FDCE=2;LUT3=1;LUT5=1;LUT6=3"
58,1.221,5.000,3.776,1.085,2.691,0.713,5,"uop_p2_q_reg[use_shift]/C","lane_result_q_reg[0][48]/D","P2 lane result capture","FDCE=2;LUT3=1;LUT6=4"
59,1.221,5.000,3.776,1.085,2.691,0.713,5,"uop_p2_q_reg[use_shift]/C","lane_result_q_reg[0][49]/D","P2 lane result capture","FDCE=2;LUT3=1;LUT6=4"
60,1.221,5.000,3.776,1.085,2.691,0.713,5,"uop_p2_q_reg[use_shift]/C","lane_result_q_reg[0][50]/D","P2 lane result capture","FDCE=2;LUT3=1;LUT6=4"
61,1.221,5.000,3.776,1.085,2.691,0.713,5,"uop_p2_q_reg[use_shift]/C","lane_result_q_reg[0][51]/D","P2 lane result capture","FDCE=2;LUT3=1;LUT5=1;LUT6=3"
62,1.221,5.000,3.776,1.085,2.691,0.713,5,"uop_p2_q_reg[use_shift]/C","lane_result_q_reg[0][56]/D","P2 lane result capture","FDCE=2;LUT3=1;LUT6=4"
63,1.221,5.000,3.776,1.085,2.691,0.713,5,"uop_p2_q_reg[use_shift]/C","lane_result_q_reg[0][57]/D","P2 lane result capture","FDCE=2;LUT3=1;LUT6=4"
64,1.221,5.000,3.776,1.085,2.691,0.713,5,"uop_p2_q_reg[use_shift]/C","lane_result_q_reg[0][58]/D","P2 lane result capture","FDCE=2;LUT3=1;LUT6=4"
65,1.221,5.000,3.776,1.085,2.691,0.713,5,"uop_p2_q_reg[use_shift]/C","lane_result_q_reg[0][59]/D","P2 lane result capture","FDCE=2;LUT3=1;LUT5=1;LUT6=3"
66,1.221,5.000,3.776,1.085,2.691,0.713,5,"uop_p2_q_reg[use_shift]/C","lane_result_q_reg[1][0]/D","P2 lane result capture","FDCE=2;LUT3=1;LUT6=4"
67,1.221,5.000,3.776,1.085,2.691,0.713,5,"uop_p2_q_reg[use_shift]/C","lane_result_q_reg[1][10]/D","P2 lane result capture","FDCE=2;LUT3=1;LUT6=4"
68,1.221,5.000,3.776,1.085,2.691,0.713,5,"uop_p2_q_reg[use_shift]/C","lane_result_q_reg[1][11]/D","P2 lane result capture","FDCE=2;LUT3=1;LUT5=1;LUT6=3"
69,1.221,5.000,3.776,1.085,2.691,0.713,5,"uop_p2_q_reg[use_shift]/C","lane_result_q_reg[1][16]/D","P2 lane result capture","FDCE=2;LUT3=1;LUT6=4"
70,1.221,5.000,3.776,1.085,2.691,0.713,5,"uop_p2_q_reg[use_shift]/C","lane_result_q_reg[1][17]/D","P2 lane result capture","FDCE=2;LUT3=1;LUT6=4"
71,1.221,5.000,3.776,1.085,2.691,0.713,5,"uop_p2_q_reg[use_shift]/C","lane_result_q_reg[1][18]/D","P2 lane result capture","FDCE=2;LUT3=1;LUT6=4"
72,1.221,5.000,3.776,1.085,2.691,0.713,5,"uop_p2_q_reg[use_shift]/C","lane_result_q_reg[1][19]/D","P2 lane result capture","FDCE=2;LUT3=1;LUT5=1;LUT6=3"
73,1.221,5.000,3.776,1.085,2.691,0.713,5,"uop_p2_q_reg[use_shift]/C","lane_result_q_reg[1][1]/D","P2 lane result capture","FDCE=2;LUT3=1;LUT6=4"
74,1.221,5.000,3.776,1.085,2.691,0.713,5,"uop_p2_q_reg[use_shift]/C","lane_result_q_reg[1][24]/D","P2 lane result capture","FDCE=2;LUT3=1;LUT6=4"
75,1.221,5.000,3.776,1.085,2.691,0.713,5,"uop_p2_q_reg[use_shift]/C","lane_result_q_reg[1][25]/D","P2 lane result capture","FDCE=2;LUT3=1;LUT6=4"
76,1.221,5.000,3.776,1.085,2.691,0.713,5,"uop_p2_q_reg[use_shift]/C","lane_result_q_reg[1][26]/D","P2 lane result capture","FDCE=2;LUT3=1;LUT6=4"
77,1.221,5.000,3.776,1.085,2.691,0.713,5,"uop_p2_q_reg[use_shift]/C","lane_result_q_reg[1][27]/D","P2 lane result capture","FDCE=2;LUT3=1;LUT5=1;LUT6=3"
78,1.221,5.000,3.776,1.085,2.691,0.713,5,"uop_p2_q_reg[use_shift]/C","lane_result_q_reg[1][2]/D","P2 lane result capture","FDCE=2;LUT3=1;LUT6=4"
79,1.221,5.000,3.776,1.085,2.691,0.713,5,"uop_p2_q_reg[use_shift]/C","lane_result_q_reg[1][32]/D","P2 lane result capture","FDCE=2;LUT3=1;LUT6=4"
80,1.221,5.000,3.776,1.085,2.691,0.713,5,"uop_p2_q_reg[use_shift]/C","lane_result_q_reg[1][33]/D","P2 lane result capture","FDCE=2;LUT3=1;LUT6=4"
81,1.221,5.000,3.776,1.085,2.691,0.713,5,"uop_p2_q_reg[use_shift]/C","lane_result_q_reg[1][34]/D","P2 lane result capture","FDCE=2;LUT3=1;LUT6=4"
82,1.221,5.000,3.776,1.085,2.691,0.713,5,"uop_p2_q_reg[use_shift]/C","lane_result_q_reg[1][35]/D","P2 lane result capture","FDCE=2;LUT3=1;LUT5=1;LUT6=3"
83,1.221,5.000,3.776,1.085,2.691,0.713,5,"uop_p2_q_reg[use_shift]/C","lane_result_q_reg[1][3]/D","P2 lane result capture","FDCE=2;LUT3=1;LUT5=1;LUT6=3"
84,1.221,5.000,3.776,1.085,2.691,0.713,5,"uop_p2_q_reg[use_shift]/C","lane_result_q_reg[1][40]/D","P2 lane result capture","FDCE=2;LUT3=1;LUT6=4"
85,1.221,5.000,3.776,1.085,2.691,0.713,5,"uop_p2_q_reg[use_shift]/C","lane_result_q_reg[1][41]/D","P2 lane result capture","FDCE=2;LUT3=1;LUT6=4"
86,1.221,5.000,3.776,1.085,2.691,0.713,5,"uop_p2_q_reg[use_shift]/C","lane_result_q_reg[1][42]/D","P2 lane result capture","FDCE=2;LUT3=1;LUT6=4"
87,1.221,5.000,3.776,1.085,2.691,0.713,5,"uop_p2_q_reg[use_shift]/C","lane_result_q_reg[1][43]/D","P2 lane result capture","FDCE=2;LUT3=1;LUT5=1;LUT6=3"
88,1.221,5.000,3.776,1.085,2.691,0.713,5,"uop_p2_q_reg[use_shift]/C","lane_result_q_reg[1][48]/D","P2 lane result capture","FDCE=2;LUT3=1;LUT6=4"
89,1.221,5.000,3.776,1.085,2.691,0.713,5,"uop_p2_q_reg[use_shift]/C","lane_result_q_reg[1][49]/D","P2 lane result capture","FDCE=2;LUT3=1;LUT6=4"
90,1.221,5.000,3.776,1.085,2.691,0.713,5,"uop_p2_q_reg[use_shift]/C","lane_result_q_reg[1][50]/D","P2 lane result capture","FDCE=2;LUT3=1;LUT6=4"
91,1.221,5.000,3.776,1.085,2.691,0.713,5,"uop_p2_q_reg[use_shift]/C","lane_result_q_reg[1][51]/D","P2 lane result capture","FDCE=2;LUT3=1;LUT5=1;LUT6=3"
92,1.221,5.000,3.776,1.085,2.691,0.713,5,"uop_p2_q_reg[use_shift]/C","lane_result_q_reg[1][56]/D","P2 lane result capture","FDCE=2;LUT3=1;LUT6=4"
93,1.221,5.000,3.776,1.085,2.691,0.713,5,"uop_p2_q_reg[use_shift]/C","lane_result_q_reg[1][57]/D","P2 lane result capture","FDCE=2;LUT3=1;LUT6=4"
94,1.221,5.000,3.776,1.085,2.691,0.713,5,"uop_p2_q_reg[use_shift]/C","lane_result_q_reg[1][58]/D","P2 lane result capture","FDCE=2;LUT3=1;LUT6=4"
95,1.221,5.000,3.776,1.085,2.691,0.713,5,"uop_p2_q_reg[use_shift]/C","lane_result_q_reg[1][59]/D","P2 lane result capture","FDCE=2;LUT3=1;LUT5=1;LUT6=3"
96,1.221,5.000,3.776,1.085,2.691,0.713,5,"uop_p2_q_reg[use_shift]/C","lane_result_q_reg[1][8]/D","P2 lane result capture","FDCE=2;LUT3=1;LUT6=4"
97,1.221,5.000,3.776,1.085,2.691,0.713,5,"uop_p2_q_reg[use_shift]/C","lane_result_q_reg[1][9]/D","P2 lane result capture","FDCE=2;LUT3=1;LUT6=4"
98,1.221,5.000,3.776,1.085,2.691,0.713,5,"uop_p2_q_reg[use_shift]/C","lane_result_q_reg[2][0]/D","P2 lane result capture","FDCE=2;LUT3=1;LUT6=4"
99,1.221,5.000,3.776,1.085,2.691,0.713,5,"uop_p2_q_reg[use_shift]/C","lane_result_q_reg[2][10]/D","P2 lane result capture","FDCE=2;LUT3=1;LUT6=4"
100,1.221,5.000,3.776,1.085,2.691,0.713,5,"uop_p2_q_reg[use_shift]/C","lane_result_q_reg[2][11]/D","P2 lane result capture","FDCE=2;LUT3=1;LUT5=1;LUT6=3"
101,1.221,5.000,3.776,1.085,2.691,0.713,5,"uop_p2_q_reg[use_shift]/C","lane_result_q_reg[2][16]/D","P2 lane result capture","FDCE=2;LUT3=1;LUT6=4"
102,1.221,5.000,3.776,1.085,2.691,0.713,5,"uop_p2_q_reg[use_shift]/C","lane_result_q_reg[2][17]/D","P2 lane result capture","FDCE=2;LUT3=1;LUT6=4"
103,1.221,5.000,3.776,1.085,2.691,0.713,5,"uop_p2_q_reg[use_shift]/C","lane_result_q_reg[2][18]/D","P2 lane result capture","FDCE=2;LUT3=1;LUT6=4"
104,1.221,5.000,3.776,1.085,2.691,0.713,5,"uop_p2_q_reg[use_shift]/C","lane_result_q_reg[2][19]/D","P2 lane result capture","FDCE=2;LUT3=1;LUT5=1;LUT6=3"
105,1.221,5.000,3.776,1.085,2.691,0.713,5,"uop_p2_q_reg[use_shift]/C","lane_result_q_reg[2][1]/D","P2 lane result capture","FDCE=2;LUT3=1;LUT6=4"
106,1.221,5.000,3.776,1.085,2.691,0.713,5,"uop_p2_q_reg[use_shift]/C","lane_result_q_reg[2][24]/D","P2 lane result capture","FDCE=2;LUT3=1;LUT6=4"
107,1.221,5.000,3.776,1.085,2.691,0.713,5,"uop_p2_q_reg[use_shift]/C","lane_result_q_reg[2][25]/D","P2 lane result capture","FDCE=2;LUT3=1;LUT6=4"
108,1.221,5.000,3.776,1.085,2.691,0.713,5,"uop_p2_q_reg[use_shift]/C","lane_result_q_reg[2][26]/D","P2 lane result capture","FDCE=2;LUT3=1;LUT6=4"
109,1.221,5.000,3.776,1.085,2.691,0.713,5,"uop_p2_q_reg[use_shift]/C","lane_result_q_reg[2][27]/D","P2 lane result capture","FDCE=2;LUT3=1;LUT5=1;LUT6=3"
110,1.221,5.000,3.776,1.085,2.691,0.713,5,"uop_p2_q_reg[use_shift]/C","lane_result_q_reg[2][2]/D","P2 lane result capture","FDCE=2;LUT3=1;LUT6=4"
111,1.221,5.000,3.776,1.085,2.691,0.713,5,"uop_p2_q_reg[use_shift]/C","lane_result_q_reg[2][32]/D","P2 lane result capture","FDCE=2;LUT3=1;LUT6=4"
112,1.221,5.000,3.776,1.085,2.691,0.713,5,"uop_p2_q_reg[use_shift]/C","lane_result_q_reg[2][33]/D","P2 lane result capture","FDCE=2;LUT3=1;LUT6=4"
113,1.221,5.000,3.776,1.085,2.691,0.713,5,"uop_p2_q_reg[use_shift]/C","lane_result_q_reg[2][34]/D","P2 lane result capture","FDCE=2;LUT3=1;LUT6=4"
114,1.221,5.000,3.776,1.085,2.691,0.713,5,"uop_p2_q_reg[use_shift]/C","lane_result_q_reg[2][35]/D","P2 lane result capture","FDCE=2;LUT3=1;LUT5=1;LUT6=3"
115,1.221,5.000,3.776,1.085,2.691,0.713,5,"uop_p2_q_reg[use_shift]/C","lane_result_q_reg[2][3]/D","P2 lane result capture","FDCE=2;LUT3=1;LUT5=1;LUT6=3"
116,1.221,5.000,3.776,1.085,2.691,0.713,5,"uop_p2_q_reg[use_shift]/C","lane_result_q_reg[2][40]/D","P2 lane result capture","FDCE=2;LUT3=1;LUT6=4"
117,1.221,5.000,3.776,1.085,2.691,0.713,5,"uop_p2_q_reg[use_shift]/C","lane_result_q_reg[2][41]/D","P2 lane result capture","FDCE=2;LUT3=1;LUT6=4"
118,1.221,5.000,3.776,1.085,2.691,0.713,5,"uop_p2_q_reg[use_shift]/C","lane_result_q_reg[2][42]/D","P2 lane result capture","FDCE=2;LUT3=1;LUT6=4"
119,1.221,5.000,3.776,1.085,2.691,0.713,5,"uop_p2_q_reg[use_shift]/C","lane_result_q_reg[2][43]/D","P2 lane result capture","FDCE=2;LUT3=1;LUT5=1;LUT6=3"
120,1.221,5.000,3.776,1.085,2.691,0.713,5,"uop_p2_q_reg[use_shift]/C","lane_result_q_reg[2][48]/D","P2 lane result capture","FDCE=2;LUT3=1;LUT6=4"
121,1.221,5.000,3.776,1.085,2.691,0.713,5,"uop_p2_q_reg[use_shift]/C","lane_result_q_reg[2][49]/D","P2 lane result capture","FDCE=2;LUT3=1;LUT6=4"
122,1.221,5.000,3.776,1.085,2.691,0.713,5,"uop_p2_q_reg[use_shift]/C","lane_result_q_reg[2][50]/D","P2 lane result capture","FDCE=2;LUT3=1;LUT6=4"
123,1.221,5.000,3.776,1.085,2.691,0.713,5,"uop_p2_q_reg[use_shift]/C","lane_result_q_reg[2][51]/D","P2 lane result capture","FDCE=2;LUT3=1;LUT5=1;LUT6=3"
124,1.221,5.000,3.776,1.085,2.691,0.713,5,"uop_p2_q_reg[use_shift]/C","lane_result_q_reg[2][56]/D","P2 lane result capture","FDCE=2;LUT3=1;LUT6=4"
125,1.221,5.000,3.776,1.085,2.691,0.713,5,"uop_p2_q_reg[use_shift]/C","lane_result_q_reg[2][57]/D","P2 lane result capture","FDCE=2;LUT3=1;LUT6=4"
126,1.221,5.000,3.776,1.085,2.691,0.713,5,"uop_p2_q_reg[use_shift]/C","lane_result_q_reg[2][58]/D","P2 lane result capture","FDCE=2;LUT3=1;LUT6=4"
127,1.221,5.000,3.776,1.085,2.691,0.713,5,"uop_p2_q_reg[use_shift]/C","lane_result_q_reg[2][59]/D","P2 lane result capture","FDCE=2;LUT3=1;LUT5=1;LUT6=3"
128,1.221,5.000,3.776,1.085,2.691,0.713,5,"uop_p2_q_reg[use_shift]/C","lane_result_q_reg[2][8]/D","P2 lane result capture","FDCE=2;LUT3=1;LUT6=4"
129,1.221,5.000,3.776,1.085,2.691,0.713,5,"uop_p2_q_reg[use_shift]/C","lane_result_q_reg[2][9]/D","P2 lane result capture","FDCE=2;LUT3=1;LUT6=4"
130,1.221,5.000,3.776,1.085,2.691,0.713,5,"uop_p2_q_reg[use_shift]/C","lane_result_q_reg[3][0]/D","P2 lane result capture","FDCE=2;LUT3=1;LUT6=4"
131,1.221,5.000,3.776,1.085,2.691,0.713,5,"uop_p2_q_reg[use_shift]/C","lane_result_q_reg[3][10]/D","P2 lane result capture","FDCE=2;LUT3=1;LUT6=4"
132,1.221,5.000,3.776,1.085,2.691,0.713,5,"uop_p2_q_reg[use_shift]/C","lane_result_q_reg[3][11]/D","P2 lane result capture","FDCE=2;LUT3=1;LUT5=1;LUT6=3"
133,1.221,5.000,3.776,1.085,2.691,0.713,5,"uop_p2_q_reg[use_shift]/C","lane_result_q_reg[3][16]/D","P2 lane result capture","FDCE=2;LUT3=1;LUT6=4"
134,1.221,5.000,3.776,1.085,2.691,0.713,5,"uop_p2_q_reg[use_shift]/C","lane_result_q_reg[3][17]/D","P2 lane result capture","FDCE=2;LUT3=1;LUT6=4"
135,1.221,5.000,3.776,1.085,2.691,0.713,5,"uop_p2_q_reg[use_shift]/C","lane_result_q_reg[3][18]/D","P2 lane result capture","FDCE=2;LUT3=1;LUT6=4"
136,1.221,5.000,3.776,1.085,2.691,0.713,5,"uop_p2_q_reg[use_shift]/C","lane_result_q_reg[3][19]/D","P2 lane result capture","FDCE=2;LUT3=1;LUT5=1;LUT6=3"
137,1.221,5.000,3.776,1.085,2.691,0.713,5,"uop_p2_q_reg[use_shift]/C","lane_result_q_reg[3][1]/D","P2 lane result capture","FDCE=2;LUT3=1;LUT6=4"
138,1.221,5.000,3.776,1.085,2.691,0.713,5,"uop_p2_q_reg[use_shift]/C","lane_result_q_reg[3][24]/D","P2 lane result capture","FDCE=2;LUT3=1;LUT6=4"
139,1.221,5.000,3.776,1.085,2.691,0.713,5,"uop_p2_q_reg[use_shift]/C","lane_result_q_reg[3][25]/D","P2 lane result capture","FDCE=2;LUT3=1;LUT6=4"
140,1.221,5.000,3.776,1.085,2.691,0.713,5,"uop_p2_q_reg[use_shift]/C","lane_result_q_reg[3][26]/D","P2 lane result capture","FDCE=2;LUT3=1;LUT6=4"
141,1.221,5.000,3.776,1.085,2.691,0.713,5,"uop_p2_q_reg[use_shift]/C","lane_result_q_reg[3][27]/D","P2 lane result capture","FDCE=2;LUT3=1;LUT5=1;LUT6=3"
142,1.221,5.000,3.776,1.085,2.691,0.713,5,"uop_p2_q_reg[use_shift]/C","lane_result_q_reg[3][2]/D","P2 lane result capture","FDCE=2;LUT3=1;LUT6=4"
143,1.221,5.000,3.776,1.085,2.691,0.713,5,"uop_p2_q_reg[use_shift]/C","lane_result_q_reg[3][32]/D","P2 lane result capture","FDCE=2;LUT3=1;LUT6=4"
144,1.221,5.000,3.776,1.085,2.691,0.713,5,"uop_p2_q_reg[use_shift]/C","lane_result_q_reg[3][33]/D","P2 lane result capture","FDCE=2;LUT3=1;LUT6=4"
145,1.221,5.000,3.776,1.085,2.691,0.713,5,"uop_p2_q_reg[use_shift]/C","lane_result_q_reg[3][34]/D","P2 lane result capture","FDCE=2;LUT3=1;LUT6=4"
146,1.221,5.000,3.776,1.085,2.691,0.713,5,"uop_p2_q_reg[use_shift]/C","lane_result_q_reg[3][35]/D","P2 lane result capture","FDCE=2;LUT3=1;LUT5=1;LUT6=3"
147,1.221,5.000,3.776,1.085,2.691,0.713,5,"uop_p2_q_reg[use_shift]/C","lane_result_q_reg[3][3]/D","P2 lane result capture","FDCE=2;LUT3=1;LUT5=1;LUT6=3"
148,1.221,5.000,3.776,1.085,2.691,0.713,5,"uop_p2_q_reg[use_shift]/C","lane_result_q_reg[3][40]/D","P2 lane result capture","FDCE=2;LUT3=1;LUT6=4"
149,1.221,5.000,3.776,1.085,2.691,0.713,5,"uop_p2_q_reg[use_shift]/C","lane_result_q_reg[3][41]/D","P2 lane result capture","FDCE=2;LUT3=1;LUT6=4"
150,1.221,5.000,3.776,1.085,2.691,0.713,5,"uop_p2_q_reg[use_shift]/C","lane_result_q_reg[3][42]/D","P2 lane result capture","FDCE=2;LUT3=1;LUT6=4"
151,1.221,5.000,3.776,1.085,2.691,0.713,5,"uop_p2_q_reg[use_shift]/C","lane_result_q_reg[3][43]/D","P2 lane result capture","FDCE=2;LUT3=1;LUT5=1;LUT6=3"
152,1.221,5.000,3.776,1.085,2.691,0.713,5,"uop_p2_q_reg[use_shift]/C","lane_result_q_reg[3][48]/D","P2 lane result capture","FDCE=2;LUT3=1;LUT6=4"
153,1.221,5.000,3.776,1.085,2.691,0.713,5,"uop_p2_q_reg[use_shift]/C","lane_result_q_reg[3][49]/D","P2 lane result capture","FDCE=2;LUT3=1;LUT6=4"
154,1.221,5.000,3.776,1.085,2.691,0.713,5,"uop_p2_q_reg[use_shift]/C","lane_result_q_reg[3][50]/D","P2 lane result capture","FDCE=2;LUT3=1;LUT6=4"
155,1.221,5.000,3.776,1.085,2.691,0.713,5,"uop_p2_q_reg[use_shift]/C","lane_result_q_reg[3][51]/D","P2 lane result capture","FDCE=2;LUT3=1;LUT5=1;LUT6=3"
156,1.221,5.000,3.776,1.085,2.691,0.713,5,"uop_p2_q_reg[use_shift]/C","lane_result_q_reg[3][56]/D","P2 lane result capture","FDCE=2;LUT3=1;LUT6=4"
157,1.221,5.000,3.776,1.085,2.691,0.713,5,"uop_p2_q_reg[use_shift]/C","lane_result_q_reg[3][57]/D","P2 lane result capture","FDCE=2;LUT3=1;LUT6=4"
158,1.221,5.000,3.776,1.085,2.691,0.713,5,"uop_p2_q_reg[use_shift]/C","lane_result_q_reg[3][58]/D","P2 lane result capture","FDCE=2;LUT3=1;LUT6=4"
159,1.221,5.000,3.776,1.085,2.691,0.713,5,"uop_p2_q_reg[use_shift]/C","lane_result_q_reg[3][59]/D","P2 lane result capture","FDCE=2;LUT3=1;LUT5=1;LUT6=3"
160,1.221,5.000,3.776,1.085,2.691,0.713,5,"uop_p2_q_reg[use_shift]/C","lane_result_q_reg[3][8]/D","P2 lane result capture","FDCE=2;LUT3=1;LUT6=4"
161,1.221,5.000,3.776,1.085,2.691,0.713,5,"uop_p2_q_reg[use_shift]/C","lane_result_q_reg[3][9]/D","P2 lane result capture","FDCE=2;LUT3=1;LUT6=4"
162,1.232,5.000,3.765,1.085,2.680,0.712,5,"uop_p2_q_reg[use_shift]/C","lane_result_q_reg[0][10]/D","P2 lane result capture","FDCE=2;LUT3=1;LUT6=4"
163,1.232,5.000,3.765,1.085,2.680,0.712,5,"uop_p2_q_reg[use_shift]/C","lane_result_q_reg[0][11]/D","P2 lane result capture","FDCE=2;LUT3=1;LUT5=1;LUT6=3"
164,1.232,5.000,3.765,1.085,2.680,0.712,5,"uop_p2_q_reg[use_shift]/C","lane_result_q_reg[0][16]/D","P2 lane result capture","FDCE=2;LUT3=1;LUT6=4"
165,1.232,5.000,3.765,1.085,2.680,0.712,5,"uop_p2_q_reg[use_shift]/C","lane_result_q_reg[0][17]/D","P2 lane result capture","FDCE=2;LUT3=1;LUT6=4"
166,1.232,5.000,3.765,1.085,2.680,0.712,5,"uop_p2_q_reg[use_shift]/C","lane_result_q_reg[0][18]/D","P2 lane result capture","FDCE=2;LUT3=1;LUT6=4"
167,1.232,5.000,3.765,1.085,2.680,0.712,5,"uop_p2_q_reg[use_shift]/C","lane_result_q_reg[0][19]/D","P2 lane result capture","FDCE=2;LUT3=1;LUT5=1;LUT6=3"
168,1.232,5.000,3.765,1.085,2.680,0.712,5,"uop_p2_q_reg[use_shift]/C","lane_result_q_reg[0][24]/D","P2 lane result capture","FDCE=2;LUT3=1;LUT6=4"
169,1.232,5.000,3.765,1.085,2.680,0.712,5,"uop_p2_q_reg[use_shift]/C","lane_result_q_reg[0][25]/D","P2 lane result capture","FDCE=2;LUT3=1;LUT6=4"
170,1.232,5.000,3.765,1.085,2.680,0.712,5,"uop_p2_q_reg[use_shift]/C","lane_result_q_reg[0][26]/D","P2 lane result capture","FDCE=2;LUT3=1;LUT6=4"
171,1.232,5.000,3.765,1.085,2.680,0.712,5,"uop_p2_q_reg[use_shift]/C","lane_result_q_reg[0][27]/D","P2 lane result capture","FDCE=2;LUT3=1;LUT5=1;LUT6=3"
172,1.232,5.000,3.765,1.085,2.680,0.712,5,"uop_p2_q_reg[use_shift]/C","lane_result_q_reg[0][8]/D","P2 lane result capture","FDCE=2;LUT3=1;LUT6=4"
173,1.232,5.000,3.765,1.085,2.680,0.712,5,"uop_p2_q_reg[use_shift]/C","lane_result_q_reg[0][9]/D","P2 lane result capture","FDCE=2;LUT3=1;LUT6=4"
174,1.238,5.000,3.759,1.085,2.674,0.711,5,"uop_p2_q_reg[use_shift]/C","lane_result_q_reg[0][0]/D","P2 lane result capture","FDCE=2;LUT3=1;LUT6=4"
175,1.238,5.000,3.759,1.085,2.674,0.711,5,"uop_p2_q_reg[use_shift]/C","lane_result_q_reg[0][1]/D","P2 lane result capture","FDCE=2;LUT3=1;LUT6=4"
176,1.238,5.000,3.759,1.085,2.674,0.711,5,"uop_p2_q_reg[use_shift]/C","lane_result_q_reg[0][2]/D","P2 lane result capture","FDCE=2;LUT3=1;LUT6=4"
177,1.238,5.000,3.759,1.085,2.674,0.711,5,"uop_p2_q_reg[use_shift]/C","lane_result_q_reg[0][3]/D","P2 lane result capture","FDCE=2;LUT3=1;LUT5=1;LUT6=3"
178,1.308,5.000,3.689,1.085,2.604,0.706,5,"uop_p2_q_reg[use_shift]/C","lane_result_q_reg[0][36]/D","P2 lane result capture","FDCE=2;LUT3=1;LUT6=4"
179,1.308,5.000,3.689,1.085,2.604,0.706,5,"uop_p2_q_reg[use_shift]/C","lane_result_q_reg[0][37]/D","P2 lane result capture","FDCE=2;LUT3=1;LUT6=4"
180,1.308,5.000,3.689,1.085,2.604,0.706,5,"uop_p2_q_reg[use_shift]/C","lane_result_q_reg[0][38]/D","P2 lane result capture","FDCE=2;LUT3=1;LUT6=4"
181,1.308,5.000,3.689,1.085,2.604,0.706,5,"uop_p2_q_reg[use_shift]/C","lane_result_q_reg[0][39]/D","P2 lane result capture","FDCE=2;LUT3=1;LUT5=1;LUT6=3"
182,1.308,5.000,3.689,1.085,2.604,0.706,5,"uop_p2_q_reg[use_shift]/C","lane_result_q_reg[0][44]/D","P2 lane result capture","FDCE=2;LUT3=1;LUT6=4"
183,1.308,5.000,3.689,1.085,2.604,0.706,5,"uop_p2_q_reg[use_shift]/C","lane_result_q_reg[0][45]/D","P2 lane result capture","FDCE=2;LUT3=1;LUT6=4"
184,1.308,5.000,3.689,1.085,2.604,0.706,5,"uop_p2_q_reg[use_shift]/C","lane_result_q_reg[0][46]/D","P2 lane result capture","FDCE=2;LUT3=1;LUT6=4"
185,1.308,5.000,3.689,1.085,2.604,0.706,5,"uop_p2_q_reg[use_shift]/C","lane_result_q_reg[0][47]/D","P2 lane result capture","FDCE=2;LUT3=1;LUT5=1;LUT6=3"
186,1.308,5.000,3.689,1.085,2.604,0.706,5,"uop_p2_q_reg[use_shift]/C","lane_result_q_reg[0][52]/D","P2 lane result capture","FDCE=2;LUT3=1;LUT6=4"
187,1.308,5.000,3.689,1.085,2.604,0.706,5,"uop_p2_q_reg[use_shift]/C","lane_result_q_reg[0][53]/D","P2 lane result capture","FDCE=2;LUT3=1;LUT6=4"
188,1.308,5.000,3.689,1.085,2.604,0.706,5,"uop_p2_q_reg[use_shift]/C","lane_result_q_reg[0][54]/D","P2 lane result capture","FDCE=2;LUT3=1;LUT6=4"
189,1.308,5.000,3.689,1.085,2.604,0.706,5,"uop_p2_q_reg[use_shift]/C","lane_result_q_reg[0][55]/D","P2 lane result capture","FDCE=2;LUT3=1;LUT5=1;LUT6=3"
190,1.308,5.000,3.689,1.085,2.604,0.706,5,"uop_p2_q_reg[use_shift]/C","lane_result_q_reg[0][60]/D","P2 lane result capture","FDCE=2;LUT3=1;LUT6=4"
191,1.308,5.000,3.689,1.085,2.604,0.706,5,"uop_p2_q_reg[use_shift]/C","lane_result_q_reg[0][61]/D","P2 lane result capture","FDCE=2;LUT3=1;LUT6=4"
192,1.308,5.000,3.689,1.085,2.604,0.706,5,"uop_p2_q_reg[use_shift]/C","lane_result_q_reg[0][62]/D","P2 lane result capture","FDCE=2;LUT3=1;LUT6=4"
193,1.308,5.000,3.689,1.085,2.604,0.706,5,"uop_p2_q_reg[use_shift]/C","lane_result_q_reg[0][63]/D","P2 lane result capture","FDCE=2;LUT3=1;LUT5=1;LUT6=3"
194,1.308,5.000,3.689,1.085,2.604,0.706,5,"uop_p2_q_reg[use_shift]/C","lane_result_q_reg[1][12]/D","P2 lane result capture","FDCE=2;LUT3=1;LUT6=4"
195,1.308,5.000,3.689,1.085,2.604,0.706,5,"uop_p2_q_reg[use_shift]/C","lane_result_q_reg[1][13]/D","P2 lane result capture","FDCE=2;LUT3=1;LUT6=4"
196,1.308,5.000,3.689,1.085,2.604,0.706,5,"uop_p2_q_reg[use_shift]/C","lane_result_q_reg[1][14]/D","P2 lane result capture","FDCE=2;LUT3=1;LUT6=4"
197,1.308,5.000,3.689,1.085,2.604,0.706,5,"uop_p2_q_reg[use_shift]/C","lane_result_q_reg[1][15]/D","P2 lane result capture","FDCE=2;LUT3=1;LUT5=1;LUT6=3"
198,1.308,5.000,3.689,1.085,2.604,0.706,5,"uop_p2_q_reg[use_shift]/C","lane_result_q_reg[1][20]/D","P2 lane result capture","FDCE=2;LUT3=1;LUT6=4"
199,1.308,5.000,3.689,1.085,2.604,0.706,5,"uop_p2_q_reg[use_shift]/C","lane_result_q_reg[1][21]/D","P2 lane result capture","FDCE=2;LUT3=1;LUT6=4"
200,1.308,5.000,3.689,1.085,2.604,0.706,5,"uop_p2_q_reg[use_shift]/C","lane_result_q_reg[1][22]/D","P2 lane result capture","FDCE=2;LUT3=1;LUT6=4"
201,1.308,5.000,3.689,1.085,2.604,0.706,5,"uop_p2_q_reg[use_shift]/C","lane_result_q_reg[1][23]/D","P2 lane result capture","FDCE=2;LUT3=1;LUT5=1;LUT6=3"
202,1.308,5.000,3.689,1.085,2.604,0.706,5,"uop_p2_q_reg[use_shift]/C","lane_result_q_reg[1][28]/D","P2 lane result capture","FDCE=2;LUT3=1;LUT6=4"
203,1.308,5.000,3.689,1.085,2.604,0.706,5,"uop_p2_q_reg[use_shift]/C","lane_result_q_reg[1][29]/D","P2 lane result capture","FDCE=2;LUT3=1;LUT6=4"
204,1.308,5.000,3.689,1.085,2.604,0.706,5,"uop_p2_q_reg[use_shift]/C","lane_result_q_reg[1][30]/D","P2 lane result capture","FDCE=2;LUT3=1;LUT6=4"
205,1.308,5.000,3.689,1.085,2.604,0.706,5,"uop_p2_q_reg[use_shift]/C","lane_result_q_reg[1][31]/D","P2 lane result capture","FDCE=2;LUT3=1;LUT5=1;LUT6=3"
206,1.308,5.000,3.689,1.085,2.604,0.706,5,"uop_p2_q_reg[use_shift]/C","lane_result_q_reg[1][36]/D","P2 lane result capture","FDCE=2;LUT3=1;LUT6=4"
207,1.308,5.000,3.689,1.085,2.604,0.706,5,"uop_p2_q_reg[use_shift]/C","lane_result_q_reg[1][37]/D","P2 lane result capture","FDCE=2;LUT3=1;LUT6=4"
208,1.308,5.000,3.689,1.085,2.604,0.706,5,"uop_p2_q_reg[use_shift]/C","lane_result_q_reg[1][38]/D","P2 lane result capture","FDCE=2;LUT3=1;LUT6=4"
209,1.308,5.000,3.689,1.085,2.604,0.706,5,"uop_p2_q_reg[use_shift]/C","lane_result_q_reg[1][39]/D","P2 lane result capture","FDCE=2;LUT3=1;LUT5=1;LUT6=3"
210,1.308,5.000,3.689,1.085,2.604,0.706,5,"uop_p2_q_reg[use_shift]/C","lane_result_q_reg[1][44]/D","P2 lane result capture","FDCE=2;LUT3=1;LUT6=4"
211,1.308,5.000,3.689,1.085,2.604,0.706,5,"uop_p2_q_reg[use_shift]/C","lane_result_q_reg[1][45]/D","P2 lane result capture","FDCE=2;LUT3=1;LUT6=4"
212,1.308,5.000,3.689,1.085,2.604,0.706,5,"uop_p2_q_reg[use_shift]/C","lane_result_q_reg[1][46]/D","P2 lane result capture","FDCE=2;LUT3=1;LUT6=4"
213,1.308,5.000,3.689,1.085,2.604,0.706,5,"uop_p2_q_reg[use_shift]/C","lane_result_q_reg[1][47]/D","P2 lane result capture","FDCE=2;LUT3=1;LUT5=1;LUT6=3"
214,1.308,5.000,3.689,1.085,2.604,0.706,5,"uop_p2_q_reg[use_shift]/C","lane_result_q_reg[1][4]/D","P2 lane result capture","FDCE=2;LUT3=1;LUT6=4"
215,1.308,5.000,3.689,1.085,2.604,0.706,5,"uop_p2_q_reg[use_shift]/C","lane_result_q_reg[1][52]/D","P2 lane result capture","FDCE=2;LUT3=1;LUT6=4"
216,1.308,5.000,3.689,1.085,2.604,0.706,5,"uop_p2_q_reg[use_shift]/C","lane_result_q_reg[1][53]/D","P2 lane result capture","FDCE=2;LUT3=1;LUT6=4"
217,1.308,5.000,3.689,1.085,2.604,0.706,5,"uop_p2_q_reg[use_shift]/C","lane_result_q_reg[1][54]/D","P2 lane result capture","FDCE=2;LUT3=1;LUT6=4"
218,1.308,5.000,3.689,1.085,2.604,0.706,5,"uop_p2_q_reg[use_shift]/C","lane_result_q_reg[1][55]/D","P2 lane result capture","FDCE=2;LUT3=1;LUT5=1;LUT6=3"
219,1.308,5.000,3.689,1.085,2.604,0.706,5,"uop_p2_q_reg[use_shift]/C","lane_result_q_reg[1][5]/D","P2 lane result capture","FDCE=2;LUT3=1;LUT6=4"
220,1.308,5.000,3.689,1.085,2.604,0.706,5,"uop_p2_q_reg[use_shift]/C","lane_result_q_reg[1][60]/D","P2 lane result capture","FDCE=2;LUT3=1;LUT6=4"
221,1.308,5.000,3.689,1.085,2.604,0.706,5,"uop_p2_q_reg[use_shift]/C","lane_result_q_reg[1][61]/D","P2 lane result capture","FDCE=2;LUT3=1;LUT6=4"
222,1.308,5.000,3.689,1.085,2.604,0.706,5,"uop_p2_q_reg[use_shift]/C","lane_result_q_reg[1][62]/D","P2 lane result capture","FDCE=2;LUT3=1;LUT6=4"
223,1.308,5.000,3.689,1.085,2.604,0.706,5,"uop_p2_q_reg[use_shift]/C","lane_result_q_reg[1][63]/D","P2 lane result capture","FDCE=2;LUT3=1;LUT5=1;LUT6=3"
224,1.308,5.000,3.689,1.085,2.604,0.706,5,"uop_p2_q_reg[use_shift]/C","lane_result_q_reg[1][6]/D","P2 lane result capture","FDCE=2;LUT3=1;LUT6=4"
225,1.308,5.000,3.689,1.085,2.604,0.706,5,"uop_p2_q_reg[use_shift]/C","lane_result_q_reg[1][7]/D","P2 lane result capture","FDCE=2;LUT3=1;LUT5=1;LUT6=3"
226,1.308,5.000,3.689,1.085,2.604,0.706,5,"uop_p2_q_reg[use_shift]/C","lane_result_q_reg[2][12]/D","P2 lane result capture","FDCE=2;LUT3=1;LUT6=4"
227,1.308,5.000,3.689,1.085,2.604,0.706,5,"uop_p2_q_reg[use_shift]/C","lane_result_q_reg[2][13]/D","P2 lane result capture","FDCE=2;LUT3=1;LUT6=4"
228,1.308,5.000,3.689,1.085,2.604,0.706,5,"uop_p2_q_reg[use_shift]/C","lane_result_q_reg[2][14]/D","P2 lane result capture","FDCE=2;LUT3=1;LUT6=4"
229,1.308,5.000,3.689,1.085,2.604,0.706,5,"uop_p2_q_reg[use_shift]/C","lane_result_q_reg[2][15]/D","P2 lane result capture","FDCE=2;LUT3=1;LUT5=1;LUT6=3"
230,1.308,5.000,3.689,1.085,2.604,0.706,5,"uop_p2_q_reg[use_shift]/C","lane_result_q_reg[2][20]/D","P2 lane result capture","FDCE=2;LUT3=1;LUT6=4"
231,1.308,5.000,3.689,1.085,2.604,0.706,5,"uop_p2_q_reg[use_shift]/C","lane_result_q_reg[2][21]/D","P2 lane result capture","FDCE=2;LUT3=1;LUT6=4"
232,1.308,5.000,3.689,1.085,2.604,0.706,5,"uop_p2_q_reg[use_shift]/C","lane_result_q_reg[2][22]/D","P2 lane result capture","FDCE=2;LUT3=1;LUT6=4"
233,1.308,5.000,3.689,1.085,2.604,0.706,5,"uop_p2_q_reg[use_shift]/C","lane_result_q_reg[2][23]/D","P2 lane result capture","FDCE=2;LUT3=1;LUT5=1;LUT6=3"
234,1.308,5.000,3.689,1.085,2.604,0.706,5,"uop_p2_q_reg[use_shift]/C","lane_result_q_reg[2][28]/D","P2 lane result capture","FDCE=2;LUT3=1;LUT6=4"
235,1.308,5.000,3.689,1.085,2.604,0.706,5,"uop_p2_q_reg[use_shift]/C","lane_result_q_reg[2][29]/D","P2 lane result capture","FDCE=2;LUT3=1;LUT6=4"
236,1.308,5.000,3.689,1.085,2.604,0.706,5,"uop_p2_q_reg[use_shift]/C","lane_result_q_reg[2][30]/D","P2 lane result capture","FDCE=2;LUT3=1;LUT6=4"
237,1.308,5.000,3.689,1.085,2.604,0.706,5,"uop_p2_q_reg[use_shift]/C","lane_result_q_reg[2][31]/D","P2 lane result capture","FDCE=2;LUT3=1;LUT5=1;LUT6=3"
238,1.308,5.000,3.689,1.085,2.604,0.706,5,"uop_p2_q_reg[use_shift]/C","lane_result_q_reg[2][36]/D","P2 lane result capture","FDCE=2;LUT3=1;LUT6=4"
239,1.308,5.000,3.689,1.085,2.604,0.706,5,"uop_p2_q_reg[use_shift]/C","lane_result_q_reg[2][37]/D","P2 lane result capture","FDCE=2;LUT3=1;LUT6=4"
240,1.308,5.000,3.689,1.085,2.604,0.706,5,"uop_p2_q_reg[use_shift]/C","lane_result_q_reg[2][38]/D","P2 lane result capture","FDCE=2;LUT3=1;LUT6=4"
241,1.308,5.000,3.689,1.085,2.604,0.706,5,"uop_p2_q_reg[use_shift]/C","lane_result_q_reg[2][39]/D","P2 lane result capture","FDCE=2;LUT3=1;LUT5=1;LUT6=3"
242,1.308,5.000,3.689,1.085,2.604,0.706,5,"uop_p2_q_reg[use_shift]/C","lane_result_q_reg[2][44]/D","P2 lane result capture","FDCE=2;LUT3=1;LUT6=4"
243,1.308,5.000,3.689,1.085,2.604,0.706,5,"uop_p2_q_reg[use_shift]/C","lane_result_q_reg[2][45]/D","P2 lane result capture","FDCE=2;LUT3=1;LUT6=4"
244,1.308,5.000,3.689,1.085,2.604,0.706,5,"uop_p2_q_reg[use_shift]/C","lane_result_q_reg[2][46]/D","P2 lane result capture","FDCE=2;LUT3=1;LUT6=4"
245,1.308,5.000,3.689,1.085,2.604,0.706,5,"uop_p2_q_reg[use_shift]/C","lane_result_q_reg[2][47]/D","P2 lane result capture","FDCE=2;LUT3=1;LUT5=1;LUT6=3"
246,1.308,5.000,3.689,1.085,2.604,0.706,5,"uop_p2_q_reg[use_shift]/C","lane_result_q_reg[2][4]/D","P2 lane result capture","FDCE=2;LUT3=1;LUT6=4"
247,1.308,5.000,3.689,1.085,2.604,0.706,5,"uop_p2_q_reg[use_shift]/C","lane_result_q_reg[2][52]/D","P2 lane result capture","FDCE=2;LUT3=1;LUT6=4"
248,1.308,5.000,3.689,1.085,2.604,0.706,5,"uop_p2_q_reg[use_shift]/C","lane_result_q_reg[2][53]/D","P2 lane result capture","FDCE=2;LUT3=1;LUT6=4"
249,1.308,5.000,3.689,1.085,2.604,0.706,5,"uop_p2_q_reg[use_shift]/C","lane_result_q_reg[2][54]/D","P2 lane result capture","FDCE=2;LUT3=1;LUT6=4"
250,1.308,5.000,3.689,1.085,2.604,0.706,5,"uop_p2_q_reg[use_shift]/C","lane_result_q_reg[2][55]/D","P2 lane result capture","FDCE=2;LUT3=1;LUT5=1;LUT6=3"
251,1.308,5.000,3.689,1.085,2.604,0.706,5,"uop_p2_q_reg[use_shift]/C","lane_result_q_reg[2][5]/D","P2 lane result capture","FDCE=2;LUT3=1;LUT6=4"
252,1.308,5.000,3.689,1.085,2.604,0.706,5,"uop_p2_q_reg[use_shift]/C","lane_result_q_reg[2][60]/D","P2 lane result capture","FDCE=2;LUT3=1;LUT6=4"
253,1.308,5.000,3.689,1.085,2.604,0.706,5,"uop_p2_q_reg[use_shift]/C","lane_result_q_reg[2][61]/D","P2 lane result capture","FDCE=2;LUT3=1;LUT6=4"
254,1.308,5.000,3.689,1.085,2.604,0.706,5,"uop_p2_q_reg[use_shift]/C","lane_result_q_reg[2][62]/D","P2 lane result capture","FDCE=2;LUT3=1;LUT6=4"
255,1.308,5.000,3.689,1.085,2.604,0.706,5,"uop_p2_q_reg[use_shift]/C","lane_result_q_reg[2][63]/D","P2 lane result capture","FDCE=2;LUT3=1;LUT5=1;LUT6=3"
256,1.308,5.000,3.689,1.085,2.604,0.706,5,"uop_p2_q_reg[use_shift]/C","lane_result_q_reg[2][6]/D","P2 lane result capture","FDCE=2;LUT3=1;LUT6=4"
257,1.308,5.000,3.689,1.085,2.604,0.706,5,"uop_p2_q_reg[use_shift]/C","lane_result_q_reg[2][7]/D","P2 lane result capture","FDCE=2;LUT3=1;LUT5=1;LUT6=3"
258,1.308,5.000,3.689,1.085,2.604,0.706,5,"uop_p2_q_reg[use_shift]/C","lane_result_q_reg[3][12]/D","P2 lane result capture","FDCE=2;LUT3=1;LUT6=4"
259,1.308,5.000,3.689,1.085,2.604,0.706,5,"uop_p2_q_reg[use_shift]/C","lane_result_q_reg[3][13]/D","P2 lane result capture","FDCE=2;LUT3=1;LUT6=4"
260,1.308,5.000,3.689,1.085,2.604,0.706,5,"uop_p2_q_reg[use_shift]/C","lane_result_q_reg[3][14]/D","P2 lane result capture","FDCE=2;LUT3=1;LUT6=4"
261,1.308,5.000,3.689,1.085,2.604,0.706,5,"uop_p2_q_reg[use_shift]/C","lane_result_q_reg[3][15]/D","P2 lane result capture","FDCE=2;LUT3=1;LUT5=1;LUT6=3"
262,1.308,5.000,3.689,1.085,2.604,0.706,5,"uop_p2_q_reg[use_shift]/C","lane_result_q_reg[3][20]/D","P2 lane result capture","FDCE=2;LUT3=1;LUT6=4"
263,1.308,5.000,3.689,1.085,2.604,0.706,5,"uop_p2_q_reg[use_shift]/C","lane_result_q_reg[3][21]/D","P2 lane result capture","FDCE=2;LUT3=1;LUT6=4"
264,1.308,5.000,3.689,1.085,2.604,0.706,5,"uop_p2_q_reg[use_shift]/C","lane_result_q_reg[3][22]/D","P2 lane result capture","FDCE=2;LUT3=1;LUT6=4"
265,1.308,5.000,3.689,1.085,2.604,0.706,5,"uop_p2_q_reg[use_shift]/C","lane_result_q_reg[3][23]/D","P2 lane result capture","FDCE=2;LUT3=1;LUT5=1;LUT6=3"
266,1.308,5.000,3.689,1.085,2.604,0.706,5,"uop_p2_q_reg[use_shift]/C","lane_result_q_reg[3][28]/D","P2 lane result capture","FDCE=2;LUT3=1;LUT6=4"
267,1.308,5.000,3.689,1.085,2.604,0.706,5,"uop_p2_q_reg[use_shift]/C","lane_result_q_reg[3][29]/D","P2 lane result capture","FDCE=2;LUT3=1;LUT6=4"
268,1.308,5.000,3.689,1.085,2.604,0.706,5,"uop_p2_q_reg[use_shift]/C","lane_result_q_reg[3][30]/D","P2 lane result capture","FDCE=2;LUT3=1;LUT6=4"
269,1.308,5.000,3.689,1.085,2.604,0.706,5,"uop_p2_q_reg[use_shift]/C","lane_result_q_reg[3][31]/D","P2 lane result capture","FDCE=2;LUT3=1;LUT5=1;LUT6=3"
270,1.308,5.000,3.689,1.085,2.604,0.706,5,"uop_p2_q_reg[use_shift]/C","lane_result_q_reg[3][36]/D","P2 lane result capture","FDCE=2;LUT3=1;LUT6=4"
271,1.308,5.000,3.689,1.085,2.604,0.706,5,"uop_p2_q_reg[use_shift]/C","lane_result_q_reg[3][37]/D","P2 lane result capture","FDCE=2;LUT3=1;LUT6=4"
272,1.308,5.000,3.689,1.085,2.604,0.706,5,"uop_p2_q_reg[use_shift]/C","lane_result_q_reg[3][38]/D","P2 lane result capture","FDCE=2;LUT3=1;LUT6=4"
273,1.308,5.000,3.689,1.085,2.604,0.706,5,"uop_p2_q_reg[use_shift]/C","lane_result_q_reg[3][39]/D","P2 lane result capture","FDCE=2;LUT3=1;LUT5=1;LUT6=3"
274,1.308,5.000,3.689,1.085,2.604,0.706,5,"uop_p2_q_reg[use_shift]/C","lane_result_q_reg[3][44]/D","P2 lane result capture","FDCE=2;LUT3=1;LUT6=4"
275,1.308,5.000,3.689,1.085,2.604,0.706,5,"uop_p2_q_reg[use_shift]/C","lane_result_q_reg[3][45]/D","P2 lane result capture","FDCE=2;LUT3=1;LUT6=4"
276,1.308,5.000,3.689,1.085,2.604,0.706,5,"uop_p2_q_reg[use_shift]/C","lane_result_q_reg[3][46]/D","P2 lane result capture","FDCE=2;LUT3=1;LUT6=4"
277,1.308,5.000,3.689,1.085,2.604,0.706,5,"uop_p2_q_reg[use_shift]/C","lane_result_q_reg[3][47]/D","P2 lane result capture","FDCE=2;LUT3=1;LUT5=1;LUT6=3"
278,1.308,5.000,3.689,1.085,2.604,0.706,5,"uop_p2_q_reg[use_shift]/C","lane_result_q_reg[3][4]/D","P2 lane result capture","FDCE=2;LUT3=1;LUT6=4"
279,1.308,5.000,3.689,1.085,2.604,0.706,5,"uop_p2_q_reg[use_shift]/C","lane_result_q_reg[3][52]/D","P2 lane result capture","FDCE=2;LUT3=1;LUT6=4"
280,1.308,5.000,3.689,1.085,2.604,0.706,5,"uop_p2_q_reg[use_shift]/C","lane_result_q_reg[3][53]/D","P2 lane result capture","FDCE=2;LUT3=1;LUT6=4"
281,1.308,5.000,3.689,1.085,2.604,0.706,5,"uop_p2_q_reg[use_shift]/C","lane_result_q_reg[3][54]/D","P2 lane result capture","FDCE=2;LUT3=1;LUT6=4"
282,1.308,5.000,3.689,1.085,2.604,0.706,5,"uop_p2_q_reg[use_shift]/C","lane_result_q_reg[3][55]/D","P2 lane result capture","FDCE=2;LUT3=1;LUT5=1;LUT6=3"
283,1.308,5.000,3.689,1.085,2.604,0.706,5,"uop_p2_q_reg[use_shift]/C","lane_result_q_reg[3][5]/D","P2 lane result capture","FDCE=2;LUT3=1;LUT6=4"
284,1.308,5.000,3.689,1.085,2.604,0.706,5,"uop_p2_q_reg[use_shift]/C","lane_result_q_reg[3][60]/D","P2 lane result capture","FDCE=2;LUT3=1;LUT6=4"
285,1.308,5.000,3.689,1.085,2.604,0.706,5,"uop_p2_q_reg[use_shift]/C","lane_result_q_reg[3][61]/D","P2 lane result capture","FDCE=2;LUT3=1;LUT6=4"
286,1.308,5.000,3.689,1.085,2.604,0.706,5,"uop_p2_q_reg[use_shift]/C","lane_result_q_reg[3][62]/D","P2 lane result capture","FDCE=2;LUT3=1;LUT6=4"
287,1.308,5.000,3.689,1.085,2.604,0.706,5,"uop_p2_q_reg[use_shift]/C","lane_result_q_reg[3][63]/D","P2 lane result capture","FDCE=2;LUT3=1;LUT5=1;LUT6=3"
288,1.308,5.000,3.689,1.085,2.604,0.706,5,"uop_p2_q_reg[use_shift]/C","lane_result_q_reg[3][6]/D","P2 lane result capture","FDCE=2;LUT3=1;LUT6=4"
289,1.308,5.000,3.689,1.085,2.604,0.706,5,"uop_p2_q_reg[use_shift]/C","lane_result_q_reg[3][7]/D","P2 lane result capture","FDCE=2;LUT3=1;LUT5=1;LUT6=3"
290,1.319,5.000,3.678,1.085,2.593,0.705,5,"uop_p2_q_reg[use_shift]/C","lane_result_q_reg[0][12]/D","P2 lane result capture","FDCE=2;LUT3=1;LUT6=4"
291,1.319,5.000,3.678,1.085,2.593,0.705,5,"uop_p2_q_reg[use_shift]/C","lane_result_q_reg[0][13]/D","P2 lane result capture","FDCE=2;LUT3=1;LUT6=4"
292,1.319,5.000,3.678,1.085,2.593,0.705,5,"uop_p2_q_reg[use_shift]/C","lane_result_q_reg[0][14]/D","P2 lane result capture","FDCE=2;LUT3=1;LUT6=4"
293,1.319,5.000,3.678,1.085,2.593,0.705,5,"uop_p2_q_reg[use_shift]/C","lane_result_q_reg[0][15]/D","P2 lane result capture","FDCE=2;LUT3=1;LUT5=1;LUT6=3"
294,1.319,5.000,3.678,1.085,2.593,0.705,5,"uop_p2_q_reg[use_shift]/C","lane_result_q_reg[0][20]/D","P2 lane result capture","FDCE=2;LUT3=1;LUT6=4"
295,1.319,5.000,3.678,1.085,2.593,0.705,5,"uop_p2_q_reg[use_shift]/C","lane_result_q_reg[0][21]/D","P2 lane result capture","FDCE=2;LUT3=1;LUT6=4"
296,1.319,5.000,3.678,1.085,2.593,0.705,5,"uop_p2_q_reg[use_shift]/C","lane_result_q_reg[0][22]/D","P2 lane result capture","FDCE=2;LUT3=1;LUT6=4"
297,1.319,5.000,3.678,1.085,2.593,0.705,5,"uop_p2_q_reg[use_shift]/C","lane_result_q_reg[0][23]/D","P2 lane result capture","FDCE=2;LUT3=1;LUT5=1;LUT6=3"
298,1.319,5.000,3.678,1.085,2.593,0.705,5,"uop_p2_q_reg[use_shift]/C","lane_result_q_reg[0][28]/D","P2 lane result capture","FDCE=2;LUT3=1;LUT6=4"
299,1.319,5.000,3.678,1.085,2.593,0.705,5,"uop_p2_q_reg[use_shift]/C","lane_result_q_reg[0][29]/D","P2 lane result capture","FDCE=2;LUT3=1;LUT6=4"
300,1.319,5.000,3.678,1.085,2.593,0.705,5,"uop_p2_q_reg[use_shift]/C","lane_result_q_reg[0][30]/D","P2 lane result capture","FDCE=2;LUT3=1;LUT6=4"
301,1.319,5.000,3.678,1.085,2.593,0.705,5,"uop_p2_q_reg[use_shift]/C","lane_result_q_reg[0][31]/D","P2 lane result capture","FDCE=2;LUT3=1;LUT5=1;LUT6=3"
302,1.325,5.000,3.672,1.085,2.587,0.705,5,"uop_p2_q_reg[use_shift]/C","lane_result_q_reg[0][4]/D","P2 lane result capture","FDCE=2;LUT3=1;LUT6=4"
303,1.325,5.000,3.672,1.085,2.587,0.705,5,"uop_p2_q_reg[use_shift]/C","lane_result_q_reg[0][5]/D","P2 lane result capture","FDCE=2;LUT3=1;LUT6=4"
304,1.325,5.000,3.672,1.085,2.587,0.705,5,"uop_p2_q_reg[use_shift]/C","lane_result_q_reg[0][6]/D","P2 lane result capture","FDCE=2;LUT3=1;LUT6=4"
305,1.325,5.000,3.672,1.085,2.587,0.705,5,"uop_p2_q_reg[use_shift]/C","lane_result_q_reg[0][7]/D","P2 lane result capture","FDCE=2;LUT3=1;LUT5=1;LUT6=3"
306,1.349,5.000,3.369,0.875,2.494,0.740,3,"ecc_leaf_id_q_reg[0]/C","ecc_product_even_reg_0_3_32_32/DP/I","other","FDCE=1;LUT6=3;RAMD32=1"
307,1.349,5.000,3.369,0.875,2.494,0.740,3,"ecc_leaf_id_q_reg[0]/C","ecc_product_even_reg_0_3_33_33/DP/I","other","FDCE=1;LUT6=3;RAMD32=1"
308,1.349,5.000,3.369,0.875,2.494,0.740,3,"ecc_leaf_id_q_reg[0]/C","ecc_product_even_reg_0_3_34_34/DP/I","other","FDCE=1;LUT6=3;RAMD32=1"
309,1.349,5.000,3.369,0.875,2.494,0.740,3,"ecc_leaf_id_q_reg[0]/C","ecc_product_even_reg_0_3_35_35/DP/I","other","FDCE=1;LUT6=3;RAMD32=1"
310,1.349,5.000,3.369,0.875,2.494,0.740,3,"ecc_leaf_id_q_reg[0]/C","ecc_product_even_reg_0_3_36_36/DP/I","other","FDCE=1;LUT6=3;RAMD32=1"
311,1.349,5.000,3.369,0.875,2.494,0.740,3,"ecc_leaf_id_q_reg[0]/C","ecc_product_even_reg_0_3_37_37/DP/I","other","FDCE=1;LUT6=3;RAMD32=1"
312,1.349,5.000,3.369,0.875,2.494,0.740,3,"ecc_leaf_id_q_reg[0]/C","ecc_product_even_reg_0_3_38_38/DP/I","other","FDCE=1;LUT6=3;RAMD32=1"
313,1.349,5.000,3.369,0.875,2.494,0.740,3,"ecc_leaf_id_q_reg[0]/C","ecc_product_even_reg_0_3_39_39/DP/I","other","FDCE=1;LUT6=3;RAMD32=1"
314,1.349,5.000,3.369,0.875,2.494,0.740,3,"ecc_leaf_id_q_reg[0]/C","ecc_product_even_reg_0_3_40_40/DP/I","other","FDCE=1;LUT6=3;RAMD32=1"
315,1.349,5.000,3.369,0.875,2.494,0.740,3,"ecc_leaf_id_q_reg[0]/C","ecc_product_even_reg_0_3_41_41/DP/I","other","FDCE=1;LUT6=3;RAMD32=1"
316,1.349,5.000,3.369,0.875,2.494,0.740,3,"ecc_leaf_id_q_reg[0]/C","ecc_product_even_reg_0_3_42_42/DP/I","other","FDCE=1;LUT6=3;RAMD32=1"
317,1.349,5.000,3.369,0.875,2.494,0.740,3,"ecc_leaf_id_q_reg[0]/C","ecc_product_even_reg_0_3_43_43/DP/I","other","FDCE=1;LUT6=3;RAMD32=1"
318,1.349,5.000,3.369,0.875,2.494,0.740,3,"ecc_leaf_id_q_reg[0]/C","ecc_product_even_reg_0_3_44_44/DP/I","other","FDCE=1;LUT6=3;RAMD32=1"
319,1.349,5.000,3.369,0.875,2.494,0.740,3,"ecc_leaf_id_q_reg[0]/C","ecc_product_even_reg_0_3_45_45/DP/I","other","FDCE=1;LUT6=3;RAMD32=1"
320,1.349,5.000,3.369,0.875,2.494,0.740,3,"ecc_leaf_id_q_reg[0]/C","ecc_product_even_reg_0_3_46_46/DP/I","other","FDCE=1;LUT6=3;RAMD32=1"
321,1.349,5.000,3.369,0.875,2.494,0.740,3,"ecc_leaf_id_q_reg[0]/C","ecc_product_even_reg_0_3_47_47/DP/I","other","FDCE=1;LUT6=3;RAMD32=1"
322,1.349,5.000,3.369,0.875,2.494,0.740,3,"ecc_leaf_id_q_reg[0]/C","ecc_product_even_reg_0_3_48_48/DP/I","other","FDCE=1;LUT6=3;RAMD32=1"
323,1.349,5.000,3.369,0.875,2.494,0.740,3,"ecc_leaf_id_q_reg[0]/C","ecc_product_even_reg_0_3_49_49/DP/I","other","FDCE=1;LUT6=3;RAMD32=1"
324,1.349,5.000,3.369,0.875,2.494,0.740,3,"ecc_leaf_id_q_reg[0]/C","ecc_product_even_reg_0_3_50_50/DP/I","other","FDCE=1;LUT6=3;RAMD32=1"
325,1.349,5.000,3.369,0.875,2.494,0.740,3,"ecc_leaf_id_q_reg[0]/C","ecc_product_even_reg_0_3_51_51/DP/I","other","FDCE=1;LUT6=3;RAMD32=1"
326,1.349,5.000,3.369,0.875,2.494,0.740,3,"ecc_leaf_id_q_reg[0]/C","ecc_product_even_reg_0_3_52_52/DP/I","other","FDCE=1;LUT6=3;RAMD32=1"
327,1.349,5.000,3.369,0.875,2.494,0.740,3,"ecc_leaf_id_q_reg[0]/C","ecc_product_even_reg_0_3_53_53/DP/I","other","FDCE=1;LUT6=3;RAMD32=1"
328,1.349,5.000,3.369,0.875,2.494,0.740,3,"ecc_leaf_id_q_reg[0]/C","ecc_product_even_reg_0_3_54_54/DP/I","other","FDCE=1;LUT6=3;RAMD32=1"
329,1.349,5.000,3.369,0.875,2.494,0.740,3,"ecc_leaf_id_q_reg[0]/C","ecc_product_even_reg_0_3_55_55/DP/I","other","FDCE=1;LUT6=3;RAMD32=1"
330,1.349,5.000,3.369,0.875,2.494,0.740,3,"ecc_leaf_id_q_reg[0]/C","ecc_product_even_reg_0_3_56_56/DP/I","other","FDCE=1;LUT6=3;RAMD32=1"
331,1.349,5.000,3.369,0.875,2.494,0.740,3,"ecc_leaf_id_q_reg[0]/C","ecc_product_even_reg_0_3_57_57/DP/I","other","FDCE=1;LUT6=3;RAMD32=1"
332,1.349,5.000,3.369,0.875,2.494,0.740,3,"ecc_leaf_id_q_reg[0]/C","ecc_product_even_reg_0_3_58_58/DP/I","other","FDCE=1;LUT6=3;RAMD32=1"
333,1.349,5.000,3.369,0.875,2.494,0.740,3,"ecc_leaf_id_q_reg[0]/C","ecc_product_even_reg_0_3_59_59/DP/I","other","FDCE=1;LUT6=3;RAMD32=1"
334,1.349,5.000,3.369,0.875,2.494,0.740,3,"ecc_leaf_id_q_reg[0]/C","ecc_product_even_reg_0_3_60_60/DP/I","other","FDCE=1;LUT6=3;RAMD32=1"
335,1.349,5.000,3.369,0.875,2.494,0.740,3,"ecc_leaf_id_q_reg[0]/C","ecc_product_even_reg_0_3_61_61/DP/I","other","FDCE=1;LUT6=3;RAMD32=1"
336,1.349,5.000,3.369,0.875,2.494,0.740,3,"ecc_leaf_id_q_reg[0]/C","ecc_product_even_reg_0_3_62_62/DP/I","other","FDCE=1;LUT6=3;RAMD32=1"
337,1.349,5.000,3.369,0.875,2.494,0.740,3,"ecc_leaf_id_q_reg[0]/C","ecc_product_even_reg_0_3_63_63/DP/I","other","FDCE=1;LUT4=1;LUT6=2;RAMD32=1"
338,1.349,5.000,3.369,0.875,2.494,0.740,3,"ecc_leaf_id_q_reg[0]/C","ecc_product_odd_reg_0_3_0_0/DP/I","other","FDCE=1;LUT6=3;RAMD32=1"
339,1.349,5.000,3.369,0.875,2.494,0.740,3,"ecc_leaf_id_q_reg[0]/C","ecc_product_odd_reg_0_3_10_10/DP/I","other","FDCE=1;LUT6=3;RAMD32=1"
340,1.349,5.000,3.369,0.875,2.494,0.740,3,"ecc_leaf_id_q_reg[0]/C","ecc_product_odd_reg_0_3_11_11/DP/I","other","FDCE=1;LUT6=3;RAMD32=1"
341,1.349,5.000,3.369,0.875,2.494,0.740,3,"ecc_leaf_id_q_reg[0]/C","ecc_product_odd_reg_0_3_12_12/DP/I","other","FDCE=1;LUT6=3;RAMD32=1"
342,1.349,5.000,3.369,0.875,2.494,0.740,3,"ecc_leaf_id_q_reg[0]/C","ecc_product_odd_reg_0_3_13_13/DP/I","other","FDCE=1;LUT6=3;RAMD32=1"
343,1.349,5.000,3.369,0.875,2.494,0.740,3,"ecc_leaf_id_q_reg[0]/C","ecc_product_odd_reg_0_3_14_14/DP/I","other","FDCE=1;LUT6=3;RAMD32=1"
344,1.349,5.000,3.369,0.875,2.494,0.740,3,"ecc_leaf_id_q_reg[0]/C","ecc_product_odd_reg_0_3_15_15/DP/I","other","FDCE=1;LUT6=3;RAMD32=1"
345,1.349,5.000,3.369,0.875,2.494,0.740,3,"ecc_leaf_id_q_reg[0]/C","ecc_product_odd_reg_0_3_16_16/DP/I","other","FDCE=1;LUT6=3;RAMD32=1"
346,1.349,5.000,3.369,0.875,2.494,0.740,3,"ecc_leaf_id_q_reg[0]/C","ecc_product_odd_reg_0_3_17_17/DP/I","other","FDCE=1;LUT6=3;RAMD32=1"
347,1.349,5.000,3.369,0.875,2.494,0.740,3,"ecc_leaf_id_q_reg[0]/C","ecc_product_odd_reg_0_3_18_18/DP/I","other","FDCE=1;LUT6=3;RAMD32=1"
348,1.349,5.000,3.369,0.875,2.494,0.740,3,"ecc_leaf_id_q_reg[0]/C","ecc_product_odd_reg_0_3_19_19/DP/I","other","FDCE=1;LUT6=3;RAMD32=1"
349,1.349,5.000,3.369,0.875,2.494,0.740,3,"ecc_leaf_id_q_reg[0]/C","ecc_product_odd_reg_0_3_1_1/DP/I","other","FDCE=1;LUT6=3;RAMD32=1"
350,1.349,5.000,3.369,0.875,2.494,0.740,3,"ecc_leaf_id_q_reg[0]/C","ecc_product_odd_reg_0_3_20_20/DP/I","other","FDCE=1;LUT6=3;RAMD32=1"
351,1.349,5.000,3.369,0.875,2.494,0.740,3,"ecc_leaf_id_q_reg[0]/C","ecc_product_odd_reg_0_3_21_21/DP/I","other","FDCE=1;LUT6=3;RAMD32=1"
352,1.349,5.000,3.369,0.875,2.494,0.740,3,"ecc_leaf_id_q_reg[0]/C","ecc_product_odd_reg_0_3_22_22/DP/I","other","FDCE=1;LUT6=3;RAMD32=1"
353,1.349,5.000,3.369,0.875,2.494,0.740,3,"ecc_leaf_id_q_reg[0]/C","ecc_product_odd_reg_0_3_23_23/DP/I","other","FDCE=1;LUT6=3;RAMD32=1"
354,1.349,5.000,3.369,0.875,2.494,0.740,3,"ecc_leaf_id_q_reg[0]/C","ecc_product_odd_reg_0_3_24_24/DP/I","other","FDCE=1;LUT6=3;RAMD32=1"
355,1.349,5.000,3.369,0.875,2.494,0.740,3,"ecc_leaf_id_q_reg[0]/C","ecc_product_odd_reg_0_3_25_25/DP/I","other","FDCE=1;LUT6=3;RAMD32=1"
356,1.349,5.000,3.369,0.875,2.494,0.740,3,"ecc_leaf_id_q_reg[0]/C","ecc_product_odd_reg_0_3_26_26/DP/I","other","FDCE=1;LUT6=3;RAMD32=1"
357,1.349,5.000,3.369,0.875,2.494,0.740,3,"ecc_leaf_id_q_reg[0]/C","ecc_product_odd_reg_0_3_27_27/DP/I","other","FDCE=1;LUT6=3;RAMD32=1"
358,1.349,5.000,3.369,0.875,2.494,0.740,3,"ecc_leaf_id_q_reg[0]/C","ecc_product_odd_reg_0_3_28_28/DP/I","other","FDCE=1;LUT6=3;RAMD32=1"
359,1.349,5.000,3.369,0.875,2.494,0.740,3,"ecc_leaf_id_q_reg[0]/C","ecc_product_odd_reg_0_3_29_29/DP/I","other","FDCE=1;LUT6=3;RAMD32=1"
360,1.349,5.000,3.369,0.875,2.494,0.740,3,"ecc_leaf_id_q_reg[0]/C","ecc_product_odd_reg_0_3_2_2/DP/I","other","FDCE=1;LUT6=3;RAMD32=1"
361,1.349,5.000,3.369,0.875,2.494,0.740,3,"ecc_leaf_id_q_reg[0]/C","ecc_product_odd_reg_0_3_30_30/DP/I","other","FDCE=1;LUT6=3;RAMD32=1"
362,1.349,5.000,3.369,0.875,2.494,0.740,3,"ecc_leaf_id_q_reg[0]/C","ecc_product_odd_reg_0_3_31_31/DP/I","other","FDCE=1;LUT4=1;LUT5=1;LUT6=1;RAMD32=1"
363,1.349,5.000,3.369,0.875,2.494,0.740,3,"ecc_leaf_id_q_reg[0]/C","ecc_product_odd_reg_0_3_32_32/DP/I","other","FDCE=1;LUT5=1;LUT6=2;RAMD32=1"
364,1.349,5.000,3.369,0.875,2.494,0.740,3,"ecc_leaf_id_q_reg[0]/C","ecc_product_odd_reg_0_3_33_33/DP/I","other","FDCE=1;LUT5=1;LUT6=2;RAMD32=1"
365,1.349,5.000,3.369,0.875,2.494,0.740,3,"ecc_leaf_id_q_reg[0]/C","ecc_product_odd_reg_0_3_34_34/DP/I","other","FDCE=1;LUT5=1;LUT6=2;RAMD32=1"
366,1.349,5.000,3.369,0.875,2.494,0.740,3,"ecc_leaf_id_q_reg[0]/C","ecc_product_odd_reg_0_3_35_35/DP/I","other","FDCE=1;LUT5=1;LUT6=2;RAMD32=1"
367,1.349,5.000,3.369,0.875,2.494,0.740,3,"ecc_leaf_id_q_reg[0]/C","ecc_product_odd_reg_0_3_36_36/DP/I","other","FDCE=1;LUT5=1;LUT6=2;RAMD32=1"
368,1.349,5.000,3.369,0.875,2.494,0.740,3,"ecc_leaf_id_q_reg[0]/C","ecc_product_odd_reg_0_3_37_37/DP/I","other","FDCE=1;LUT5=1;LUT6=2;RAMD32=1"
369,1.349,5.000,3.369,0.875,2.494,0.740,3,"ecc_leaf_id_q_reg[0]/C","ecc_product_odd_reg_0_3_38_38/DP/I","other","FDCE=1;LUT5=1;LUT6=2;RAMD32=1"
370,1.349,5.000,3.369,0.875,2.494,0.740,3,"ecc_leaf_id_q_reg[0]/C","ecc_product_odd_reg_0_3_39_39/DP/I","other","FDCE=1;LUT5=1;LUT6=2;RAMD32=1"
371,1.349,5.000,3.369,0.875,2.494,0.740,3,"ecc_leaf_id_q_reg[0]/C","ecc_product_odd_reg_0_3_3_3/DP/I","other","FDCE=1;LUT6=3;RAMD32=1"
372,1.349,5.000,3.369,0.875,2.494,0.740,3,"ecc_leaf_id_q_reg[0]/C","ecc_product_odd_reg_0_3_40_40/DP/I","other","FDCE=1;LUT5=1;LUT6=2;RAMD32=1"
373,1.349,5.000,3.369,0.875,2.494,0.740,3,"ecc_leaf_id_q_reg[0]/C","ecc_product_odd_reg_0_3_41_41/DP/I","other","FDCE=1;LUT5=1;LUT6=2;RAMD32=1"
374,1.349,5.000,3.369,0.875,2.494,0.740,3,"ecc_leaf_id_q_reg[0]/C","ecc_product_odd_reg_0_3_42_42/DP/I","other","FDCE=1;LUT5=1;LUT6=2;RAMD32=1"
375,1.349,5.000,3.369,0.875,2.494,0.740,3,"ecc_leaf_id_q_reg[0]/C","ecc_product_odd_reg_0_3_43_43/DP/I","other","FDCE=1;LUT5=1;LUT6=2;RAMD32=1"
376,1.349,5.000,3.369,0.875,2.494,0.740,3,"ecc_leaf_id_q_reg[0]/C","ecc_product_odd_reg_0_3_44_44/DP/I","other","FDCE=1;LUT5=1;LUT6=2;RAMD32=1"
377,1.349,5.000,3.369,0.875,2.494,0.740,3,"ecc_leaf_id_q_reg[0]/C","ecc_product_odd_reg_0_3_45_45/DP/I","other","FDCE=1;LUT5=1;LUT6=2;RAMD32=1"
378,1.349,5.000,3.369,0.875,2.494,0.740,3,"ecc_leaf_id_q_reg[0]/C","ecc_product_odd_reg_0_3_46_46/DP/I","other","FDCE=1;LUT5=1;LUT6=2;RAMD32=1"
379,1.349,5.000,3.369,0.875,2.494,0.740,3,"ecc_leaf_id_q_reg[0]/C","ecc_product_odd_reg_0_3_47_47/DP/I","other","FDCE=1;LUT5=1;LUT6=2;RAMD32=1"
380,1.349,5.000,3.369,0.875,2.494,0.740,3,"ecc_leaf_id_q_reg[0]/C","ecc_product_odd_reg_0_3_48_48/DP/I","other","FDCE=1;LUT5=1;LUT6=2;RAMD32=1"
381,1.349,5.000,3.369,0.875,2.494,0.740,3,"ecc_leaf_id_q_reg[0]/C","ecc_product_odd_reg_0_3_49_49/DP/I","other","FDCE=1;LUT5=1;LUT6=2;RAMD32=1"
382,1.349,5.000,3.369,0.875,2.494,0.740,3,"ecc_leaf_id_q_reg[0]/C","ecc_product_odd_reg_0_3_4_4/DP/I","other","FDCE=1;LUT6=3;RAMD32=1"
383,1.349,5.000,3.369,0.875,2.494,0.740,3,"ecc_leaf_id_q_reg[0]/C","ecc_product_odd_reg_0_3_50_50/DP/I","other","FDCE=1;LUT5=1;LUT6=2;RAMD32=1"
384,1.349,5.000,3.369,0.875,2.494,0.740,3,"ecc_leaf_id_q_reg[0]/C","ecc_product_odd_reg_0_3_51_51/DP/I","other","FDCE=1;LUT5=1;LUT6=2;RAMD32=1"
385,1.349,5.000,3.369,0.875,2.494,0.740,3,"ecc_leaf_id_q_reg[0]/C","ecc_product_odd_reg_0_3_52_52/DP/I","other","FDCE=1;LUT5=1;LUT6=2;RAMD32=1"
386,1.349,5.000,3.369,0.875,2.494,0.740,3,"ecc_leaf_id_q_reg[0]/C","ecc_product_odd_reg_0_3_53_53/DP/I","other","FDCE=1;LUT5=1;LUT6=2;RAMD32=1"
387,1.349,5.000,3.369,0.875,2.494,0.740,3,"ecc_leaf_id_q_reg[0]/C","ecc_product_odd_reg_0_3_54_54/DP/I","other","FDCE=1;LUT5=1;LUT6=2;RAMD32=1"
388,1.349,5.000,3.369,0.875,2.494,0.740,3,"ecc_leaf_id_q_reg[0]/C","ecc_product_odd_reg_0_3_55_55/DP/I","other","FDCE=1;LUT5=1;LUT6=2;RAMD32=1"
389,1.349,5.000,3.369,0.875,2.494,0.740,3,"ecc_leaf_id_q_reg[0]/C","ecc_product_odd_reg_0_3_56_56/DP/I","other","FDCE=1;LUT5=1;LUT6=2;RAMD32=1"
390,1.349,5.000,3.369,0.875,2.494,0.740,3,"ecc_leaf_id_q_reg[0]/C","ecc_product_odd_reg_0_3_57_57/DP/I","other","FDCE=1;LUT5=1;LUT6=2;RAMD32=1"
391,1.349,5.000,3.369,0.875,2.494,0.740,3,"ecc_leaf_id_q_reg[0]/C","ecc_product_odd_reg_0_3_58_58/DP/I","other","FDCE=1;LUT5=1;LUT6=2;RAMD32=1"
392,1.349,5.000,3.369,0.875,2.494,0.740,3,"ecc_leaf_id_q_reg[0]/C","ecc_product_odd_reg_0_3_59_59/DP/I","other","FDCE=1;LUT5=1;LUT6=2;RAMD32=1"
393,1.349,5.000,3.369,0.875,2.494,0.740,3,"ecc_leaf_id_q_reg[0]/C","ecc_product_odd_reg_0_3_5_5/DP/I","other","FDCE=1;LUT6=3;RAMD32=1"
394,1.349,5.000,3.369,0.875,2.494,0.740,3,"ecc_leaf_id_q_reg[0]/C","ecc_product_odd_reg_0_3_60_60/DP/I","other","FDCE=1;LUT5=1;LUT6=2;RAMD32=1"
395,1.349,5.000,3.369,0.875,2.494,0.740,3,"ecc_leaf_id_q_reg[0]/C","ecc_product_odd_reg_0_3_61_61/DP/I","other","FDCE=1;LUT5=1;LUT6=2;RAMD32=1"
396,1.349,5.000,3.369,0.875,2.494,0.740,3,"ecc_leaf_id_q_reg[0]/C","ecc_product_odd_reg_0_3_62_62/DP/I","other","FDCE=1;LUT5=1;LUT6=2;RAMD32=1"
397,1.349,5.000,3.369,0.875,2.494,0.740,3,"ecc_leaf_id_q_reg[0]/C","ecc_product_odd_reg_0_3_6_6/DP/I","other","FDCE=1;LUT6=3;RAMD32=1"
398,1.349,5.000,3.369,0.875,2.494,0.740,3,"ecc_leaf_id_q_reg[0]/C","ecc_product_odd_reg_0_3_7_7/DP/I","other","FDCE=1;LUT6=3;RAMD32=1"
399,1.349,5.000,3.369,0.875,2.494,0.740,3,"ecc_leaf_id_q_reg[0]/C","ecc_product_odd_reg_0_3_8_8/DP/I","other","FDCE=1;LUT6=3;RAMD32=1"
400,1.349,5.000,3.369,0.875,2.494,0.740,3,"ecc_leaf_id_q_reg[0]/C","ecc_product_odd_reg_0_3_9_9/DP/I","other","FDCE=1;LUT6=3;RAMD32=1"
401,1.384,5.000,3.369,0.875,2.494,0.740,3,"ecc_leaf_id_q_reg[0]/C","ecc_product_even_reg_0_3_32_32/SP/I","other","FDCE=1;LUT6=3;RAMD32=1"
402,1.384,5.000,3.369,0.875,2.494,0.740,3,"ecc_leaf_id_q_reg[0]/C","ecc_product_even_reg_0_3_33_33/SP/I","other","FDCE=1;LUT6=3;RAMD32=1"
403,1.384,5.000,3.369,0.875,2.494,0.740,3,"ecc_leaf_id_q_reg[0]/C","ecc_product_even_reg_0_3_34_34/SP/I","other","FDCE=1;LUT6=3;RAMD32=1"
404,1.384,5.000,3.369,0.875,2.494,0.740,3,"ecc_leaf_id_q_reg[0]/C","ecc_product_even_reg_0_3_35_35/SP/I","other","FDCE=1;LUT6=3;RAMD32=1"
405,1.384,5.000,3.369,0.875,2.494,0.740,3,"ecc_leaf_id_q_reg[0]/C","ecc_product_even_reg_0_3_36_36/SP/I","other","FDCE=1;LUT6=3;RAMD32=1"
406,1.384,5.000,3.369,0.875,2.494,0.740,3,"ecc_leaf_id_q_reg[0]/C","ecc_product_even_reg_0_3_37_37/SP/I","other","FDCE=1;LUT6=3;RAMD32=1"
407,1.384,5.000,3.369,0.875,2.494,0.740,3,"ecc_leaf_id_q_reg[0]/C","ecc_product_even_reg_0_3_38_38/SP/I","other","FDCE=1;LUT6=3;RAMD32=1"
408,1.384,5.000,3.369,0.875,2.494,0.740,3,"ecc_leaf_id_q_reg[0]/C","ecc_product_even_reg_0_3_39_39/SP/I","other","FDCE=1;LUT6=3;RAMD32=1"
409,1.384,5.000,3.369,0.875,2.494,0.740,3,"ecc_leaf_id_q_reg[0]/C","ecc_product_even_reg_0_3_40_40/SP/I","other","FDCE=1;LUT6=3;RAMD32=1"
410,1.384,5.000,3.369,0.875,2.494,0.740,3,"ecc_leaf_id_q_reg[0]/C","ecc_product_even_reg_0_3_41_41/SP/I","other","FDCE=1;LUT6=3;RAMD32=1"
411,1.384,5.000,3.369,0.875,2.494,0.740,3,"ecc_leaf_id_q_reg[0]/C","ecc_product_even_reg_0_3_42_42/SP/I","other","FDCE=1;LUT6=3;RAMD32=1"
412,1.384,5.000,3.369,0.875,2.494,0.740,3,"ecc_leaf_id_q_reg[0]/C","ecc_product_even_reg_0_3_43_43/SP/I","other","FDCE=1;LUT6=3;RAMD32=1"
413,1.384,5.000,3.369,0.875,2.494,0.740,3,"ecc_leaf_id_q_reg[0]/C","ecc_product_even_reg_0_3_44_44/SP/I","other","FDCE=1;LUT6=3;RAMD32=1"
414,1.384,5.000,3.369,0.875,2.494,0.740,3,"ecc_leaf_id_q_reg[0]/C","ecc_product_even_reg_0_3_45_45/SP/I","other","FDCE=1;LUT6=3;RAMD32=1"
415,1.384,5.000,3.369,0.875,2.494,0.740,3,"ecc_leaf_id_q_reg[0]/C","ecc_product_even_reg_0_3_46_46/SP/I","other","FDCE=1;LUT6=3;RAMD32=1"
416,1.384,5.000,3.369,0.875,2.494,0.740,3,"ecc_leaf_id_q_reg[0]/C","ecc_product_even_reg_0_3_47_47/SP/I","other","FDCE=1;LUT6=3;RAMD32=1"
417,1.384,5.000,3.369,0.875,2.494,0.740,3,"ecc_leaf_id_q_reg[0]/C","ecc_product_even_reg_0_3_48_48/SP/I","other","FDCE=1;LUT6=3;RAMD32=1"
418,1.384,5.000,3.369,0.875,2.494,0.740,3,"ecc_leaf_id_q_reg[0]/C","ecc_product_even_reg_0_3_49_49/SP/I","other","FDCE=1;LUT6=3;RAMD32=1"
419,1.384,5.000,3.369,0.875,2.494,0.740,3,"ecc_leaf_id_q_reg[0]/C","ecc_product_even_reg_0_3_50_50/SP/I","other","FDCE=1;LUT6=3;RAMD32=1"
420,1.384,5.000,3.369,0.875,2.494,0.740,3,"ecc_leaf_id_q_reg[0]/C","ecc_product_even_reg_0_3_51_51/SP/I","other","FDCE=1;LUT6=3;RAMD32=1"
421,1.384,5.000,3.369,0.875,2.494,0.740,3,"ecc_leaf_id_q_reg[0]/C","ecc_product_even_reg_0_3_52_52/SP/I","other","FDCE=1;LUT6=3;RAMD32=1"
422,1.384,5.000,3.369,0.875,2.494,0.740,3,"ecc_leaf_id_q_reg[0]/C","ecc_product_even_reg_0_3_53_53/SP/I","other","FDCE=1;LUT6=3;RAMD32=1"
423,1.384,5.000,3.369,0.875,2.494,0.740,3,"ecc_leaf_id_q_reg[0]/C","ecc_product_even_reg_0_3_54_54/SP/I","other","FDCE=1;LUT6=3;RAMD32=1"
424,1.384,5.000,3.369,0.875,2.494,0.740,3,"ecc_leaf_id_q_reg[0]/C","ecc_product_even_reg_0_3_55_55/SP/I","other","FDCE=1;LUT6=3;RAMD32=1"
425,1.384,5.000,3.369,0.875,2.494,0.740,3,"ecc_leaf_id_q_reg[0]/C","ecc_product_even_reg_0_3_56_56/SP/I","other","FDCE=1;LUT6=3;RAMD32=1"
426,1.384,5.000,3.369,0.875,2.494,0.740,3,"ecc_leaf_id_q_reg[0]/C","ecc_product_even_reg_0_3_57_57/SP/I","other","FDCE=1;LUT6=3;RAMD32=1"
427,1.384,5.000,3.369,0.875,2.494,0.740,3,"ecc_leaf_id_q_reg[0]/C","ecc_product_even_reg_0_3_58_58/SP/I","other","FDCE=1;LUT6=3;RAMD32=1"
428,1.384,5.000,3.369,0.875,2.494,0.740,3,"ecc_leaf_id_q_reg[0]/C","ecc_product_even_reg_0_3_59_59/SP/I","other","FDCE=1;LUT6=3;RAMD32=1"
429,1.384,5.000,3.369,0.875,2.494,0.740,3,"ecc_leaf_id_q_reg[0]/C","ecc_product_even_reg_0_3_60_60/SP/I","other","FDCE=1;LUT6=3;RAMD32=1"
430,1.384,5.000,3.369,0.875,2.494,0.740,3,"ecc_leaf_id_q_reg[0]/C","ecc_product_even_reg_0_3_61_61/SP/I","other","FDCE=1;LUT6=3;RAMD32=1"
431,1.384,5.000,3.369,0.875,2.494,0.740,3,"ecc_leaf_id_q_reg[0]/C","ecc_product_even_reg_0_3_62_62/SP/I","other","FDCE=1;LUT6=3;RAMD32=1"
432,1.384,5.000,3.369,0.875,2.494,0.740,3,"ecc_leaf_id_q_reg[0]/C","ecc_product_even_reg_0_3_63_63/SP/I","other","FDCE=1;LUT4=1;LUT6=2;RAMD32=1"
433,1.384,5.000,3.369,0.875,2.494,0.740,3,"ecc_leaf_id_q_reg[0]/C","ecc_product_odd_reg_0_3_0_0/SP/I","other","FDCE=1;LUT6=3;RAMD32=1"
434,1.384,5.000,3.369,0.875,2.494,0.740,3,"ecc_leaf_id_q_reg[0]/C","ecc_product_odd_reg_0_3_10_10/SP/I","other","FDCE=1;LUT6=3;RAMD32=1"
435,1.384,5.000,3.369,0.875,2.494,0.740,3,"ecc_leaf_id_q_reg[0]/C","ecc_product_odd_reg_0_3_11_11/SP/I","other","FDCE=1;LUT6=3;RAMD32=1"
436,1.384,5.000,3.369,0.875,2.494,0.740,3,"ecc_leaf_id_q_reg[0]/C","ecc_product_odd_reg_0_3_12_12/SP/I","other","FDCE=1;LUT6=3;RAMD32=1"
437,1.384,5.000,3.369,0.875,2.494,0.740,3,"ecc_leaf_id_q_reg[0]/C","ecc_product_odd_reg_0_3_13_13/SP/I","other","FDCE=1;LUT6=3;RAMD32=1"
438,1.384,5.000,3.369,0.875,2.494,0.740,3,"ecc_leaf_id_q_reg[0]/C","ecc_product_odd_reg_0_3_14_14/SP/I","other","FDCE=1;LUT6=3;RAMD32=1"
439,1.384,5.000,3.369,0.875,2.494,0.740,3,"ecc_leaf_id_q_reg[0]/C","ecc_product_odd_reg_0_3_15_15/SP/I","other","FDCE=1;LUT6=3;RAMD32=1"
440,1.384,5.000,3.369,0.875,2.494,0.740,3,"ecc_leaf_id_q_reg[0]/C","ecc_product_odd_reg_0_3_16_16/SP/I","other","FDCE=1;LUT6=3;RAMD32=1"
441,1.384,5.000,3.369,0.875,2.494,0.740,3,"ecc_leaf_id_q_reg[0]/C","ecc_product_odd_reg_0_3_17_17/SP/I","other","FDCE=1;LUT6=3;RAMD32=1"
442,1.384,5.000,3.369,0.875,2.494,0.740,3,"ecc_leaf_id_q_reg[0]/C","ecc_product_odd_reg_0_3_18_18/SP/I","other","FDCE=1;LUT6=3;RAMD32=1"
443,1.384,5.000,3.369,0.875,2.494,0.740,3,"ecc_leaf_id_q_reg[0]/C","ecc_product_odd_reg_0_3_19_19/SP/I","other","FDCE=1;LUT6=3;RAMD32=1"
444,1.384,5.000,3.369,0.875,2.494,0.740,3,"ecc_leaf_id_q_reg[0]/C","ecc_product_odd_reg_0_3_1_1/SP/I","other","FDCE=1;LUT6=3;RAMD32=1"
445,1.384,5.000,3.369,0.875,2.494,0.740,3,"ecc_leaf_id_q_reg[0]/C","ecc_product_odd_reg_0_3_20_20/SP/I","other","FDCE=1;LUT6=3;RAMD32=1"
446,1.384,5.000,3.369,0.875,2.494,0.740,3,"ecc_leaf_id_q_reg[0]/C","ecc_product_odd_reg_0_3_21_21/SP/I","other","FDCE=1;LUT6=3;RAMD32=1"
447,1.384,5.000,3.369,0.875,2.494,0.740,3,"ecc_leaf_id_q_reg[0]/C","ecc_product_odd_reg_0_3_22_22/SP/I","other","FDCE=1;LUT6=3;RAMD32=1"
448,1.384,5.000,3.369,0.875,2.494,0.740,3,"ecc_leaf_id_q_reg[0]/C","ecc_product_odd_reg_0_3_23_23/SP/I","other","FDCE=1;LUT6=3;RAMD32=1"
449,1.384,5.000,3.369,0.875,2.494,0.740,3,"ecc_leaf_id_q_reg[0]/C","ecc_product_odd_reg_0_3_24_24/SP/I","other","FDCE=1;LUT6=3;RAMD32=1"
450,1.384,5.000,3.369,0.875,2.494,0.740,3,"ecc_leaf_id_q_reg[0]/C","ecc_product_odd_reg_0_3_25_25/SP/I","other","FDCE=1;LUT6=3;RAMD32=1"
451,1.384,5.000,3.369,0.875,2.494,0.740,3,"ecc_leaf_id_q_reg[0]/C","ecc_product_odd_reg_0_3_26_26/SP/I","other","FDCE=1;LUT6=3;RAMD32=1"
452,1.384,5.000,3.369,0.875,2.494,0.740,3,"ecc_leaf_id_q_reg[0]/C","ecc_product_odd_reg_0_3_27_27/SP/I","other","FDCE=1;LUT6=3;RAMD32=1"
453,1.384,5.000,3.369,0.875,2.494,0.740,3,"ecc_leaf_id_q_reg[0]/C","ecc_product_odd_reg_0_3_28_28/SP/I","other","FDCE=1;LUT6=3;RAMD32=1"
454,1.384,5.000,3.369,0.875,2.494,0.740,3,"ecc_leaf_id_q_reg[0]/C","ecc_product_odd_reg_0_3_29_29/SP/I","other","FDCE=1;LUT6=3;RAMD32=1"
455,1.384,5.000,3.369,0.875,2.494,0.740,3,"ecc_leaf_id_q_reg[0]/C","ecc_product_odd_reg_0_3_2_2/SP/I","other","FDCE=1;LUT6=3;RAMD32=1"
456,1.384,5.000,3.369,0.875,2.494,0.740,3,"ecc_leaf_id_q_reg[0]/C","ecc_product_odd_reg_0_3_30_30/SP/I","other","FDCE=1;LUT6=3;RAMD32=1"
457,1.384,5.000,3.369,0.875,2.494,0.740,3,"ecc_leaf_id_q_reg[0]/C","ecc_product_odd_reg_0_3_31_31/SP/I","other","FDCE=1;LUT4=1;LUT5=1;LUT6=1;RAMD32=1"
458,1.384,5.000,3.369,0.875,2.494,0.740,3,"ecc_leaf_id_q_reg[0]/C","ecc_product_odd_reg_0_3_32_32/SP/I","other","FDCE=1;LUT5=1;LUT6=2;RAMD32=1"
459,1.384,5.000,3.369,0.875,2.494,0.740,3,"ecc_leaf_id_q_reg[0]/C","ecc_product_odd_reg_0_3_33_33/SP/I","other","FDCE=1;LUT5=1;LUT6=2;RAMD32=1"
460,1.384,5.000,3.369,0.875,2.494,0.740,3,"ecc_leaf_id_q_reg[0]/C","ecc_product_odd_reg_0_3_34_34/SP/I","other","FDCE=1;LUT5=1;LUT6=2;RAMD32=1"
461,1.384,5.000,3.369,0.875,2.494,0.740,3,"ecc_leaf_id_q_reg[0]/C","ecc_product_odd_reg_0_3_35_35/SP/I","other","FDCE=1;LUT5=1;LUT6=2;RAMD32=1"
462,1.384,5.000,3.369,0.875,2.494,0.740,3,"ecc_leaf_id_q_reg[0]/C","ecc_product_odd_reg_0_3_36_36/SP/I","other","FDCE=1;LUT5=1;LUT6=2;RAMD32=1"
463,1.384,5.000,3.369,0.875,2.494,0.740,3,"ecc_leaf_id_q_reg[0]/C","ecc_product_odd_reg_0_3_37_37/SP/I","other","FDCE=1;LUT5=1;LUT6=2;RAMD32=1"
464,1.384,5.000,3.369,0.875,2.494,0.740,3,"ecc_leaf_id_q_reg[0]/C","ecc_product_odd_reg_0_3_38_38/SP/I","other","FDCE=1;LUT5=1;LUT6=2;RAMD32=1"
465,1.384,5.000,3.369,0.875,2.494,0.740,3,"ecc_leaf_id_q_reg[0]/C","ecc_product_odd_reg_0_3_39_39/SP/I","other","FDCE=1;LUT5=1;LUT6=2;RAMD32=1"
466,1.384,5.000,3.369,0.875,2.494,0.740,3,"ecc_leaf_id_q_reg[0]/C","ecc_product_odd_reg_0_3_3_3/SP/I","other","FDCE=1;LUT6=3;RAMD32=1"
467,1.384,5.000,3.369,0.875,2.494,0.740,3,"ecc_leaf_id_q_reg[0]/C","ecc_product_odd_reg_0_3_40_40/SP/I","other","FDCE=1;LUT5=1;LUT6=2;RAMD32=1"
468,1.384,5.000,3.369,0.875,2.494,0.740,3,"ecc_leaf_id_q_reg[0]/C","ecc_product_odd_reg_0_3_41_41/SP/I","other","FDCE=1;LUT5=1;LUT6=2;RAMD32=1"
469,1.384,5.000,3.369,0.875,2.494,0.740,3,"ecc_leaf_id_q_reg[0]/C","ecc_product_odd_reg_0_3_42_42/SP/I","other","FDCE=1;LUT5=1;LUT6=2;RAMD32=1"
470,1.384,5.000,3.369,0.875,2.494,0.740,3,"ecc_leaf_id_q_reg[0]/C","ecc_product_odd_reg_0_3_43_43/SP/I","other","FDCE=1;LUT5=1;LUT6=2;RAMD32=1"
471,1.384,5.000,3.369,0.875,2.494,0.740,3,"ecc_leaf_id_q_reg[0]/C","ecc_product_odd_reg_0_3_44_44/SP/I","other","FDCE=1;LUT5=1;LUT6=2;RAMD32=1"
472,1.384,5.000,3.369,0.875,2.494,0.740,3,"ecc_leaf_id_q_reg[0]/C","ecc_product_odd_reg_0_3_45_45/SP/I","other","FDCE=1;LUT5=1;LUT6=2;RAMD32=1"
473,1.384,5.000,3.369,0.875,2.494,0.740,3,"ecc_leaf_id_q_reg[0]/C","ecc_product_odd_reg_0_3_46_46/SP/I","other","FDCE=1;LUT5=1;LUT6=2;RAMD32=1"
474,1.384,5.000,3.369,0.875,2.494,0.740,3,"ecc_leaf_id_q_reg[0]/C","ecc_product_odd_reg_0_3_47_47/SP/I","other","FDCE=1;LUT5=1;LUT6=2;RAMD32=1"
475,1.384,5.000,3.369,0.875,2.494,0.740,3,"ecc_leaf_id_q_reg[0]/C","ecc_product_odd_reg_0_3_48_48/SP/I","other","FDCE=1;LUT5=1;LUT6=2;RAMD32=1"
476,1.384,5.000,3.369,0.875,2.494,0.740,3,"ecc_leaf_id_q_reg[0]/C","ecc_product_odd_reg_0_3_49_49/SP/I","other","FDCE=1;LUT5=1;LUT6=2;RAMD32=1"
477,1.384,5.000,3.369,0.875,2.494,0.740,3,"ecc_leaf_id_q_reg[0]/C","ecc_product_odd_reg_0_3_4_4/SP/I","other","FDCE=1;LUT6=3;RAMD32=1"
478,1.384,5.000,3.369,0.875,2.494,0.740,3,"ecc_leaf_id_q_reg[0]/C","ecc_product_odd_reg_0_3_50_50/SP/I","other","FDCE=1;LUT5=1;LUT6=2;RAMD32=1"
479,1.384,5.000,3.369,0.875,2.494,0.740,3,"ecc_leaf_id_q_reg[0]/C","ecc_product_odd_reg_0_3_51_51/SP/I","other","FDCE=1;LUT5=1;LUT6=2;RAMD32=1"
480,1.384,5.000,3.369,0.875,2.494,0.740,3,"ecc_leaf_id_q_reg[0]/C","ecc_product_odd_reg_0_3_52_52/SP/I","other","FDCE=1;LUT5=1;LUT6=2;RAMD32=1"
481,1.384,5.000,3.369,0.875,2.494,0.740,3,"ecc_leaf_id_q_reg[0]/C","ecc_product_odd_reg_0_3_53_53/SP/I","other","FDCE=1;LUT5=1;LUT6=2;RAMD32=1"
482,1.384,5.000,3.369,0.875,2.494,0.740,3,"ecc_leaf_id_q_reg[0]/C","ecc_product_odd_reg_0_3_54_54/SP/I","other","FDCE=1;LUT5=1;LUT6=2;RAMD32=1"
483,1.384,5.000,3.369,0.875,2.494,0.740,3,"ecc_leaf_id_q_reg[0]/C","ecc_product_odd_reg_0_3_55_55/SP/I","other","FDCE=1;LUT5=1;LUT6=2;RAMD32=1"
484,1.384,5.000,3.369,0.875,2.494,0.740,3,"ecc_leaf_id_q_reg[0]/C","ecc_product_odd_reg_0_3_56_56/SP/I","other","FDCE=1;LUT5=1;LUT6=2;RAMD32=1"
485,1.384,5.000,3.369,0.875,2.494,0.740,3,"ecc_leaf_id_q_reg[0]/C","ecc_product_odd_reg_0_3_57_57/SP/I","other","FDCE=1;LUT5=1;LUT6=2;RAMD32=1"
486,1.384,5.000,3.369,0.875,2.494,0.740,3,"ecc_leaf_id_q_reg[0]/C","ecc_product_odd_reg_0_3_58_58/SP/I","other","FDCE=1;LUT5=1;LUT6=2;RAMD32=1"
487,1.384,5.000,3.369,0.875,2.494,0.740,3,"ecc_leaf_id_q_reg[0]/C","ecc_product_odd_reg_0_3_59_59/SP/I","other","FDCE=1;LUT5=1;LUT6=2;RAMD32=1"
488,1.384,5.000,3.369,0.875,2.494,0.740,3,"ecc_leaf_id_q_reg[0]/C","ecc_product_odd_reg_0_3_5_5/SP/I","other","FDCE=1;LUT6=3;RAMD32=1"
489,1.384,5.000,3.369,0.875,2.494,0.740,3,"ecc_leaf_id_q_reg[0]/C","ecc_product_odd_reg_0_3_60_60/SP/I","other","FDCE=1;LUT5=1;LUT6=2;RAMD32=1"
490,1.384,5.000,3.369,0.875,2.494,0.740,3,"ecc_leaf_id_q_reg[0]/C","ecc_product_odd_reg_0_3_61_61/SP/I","other","FDCE=1;LUT5=1;LUT6=2;RAMD32=1"
491,1.384,5.000,3.369,0.875,2.494,0.740,3,"ecc_leaf_id_q_reg[0]/C","ecc_product_odd_reg_0_3_62_62/SP/I","other","FDCE=1;LUT5=1;LUT6=2;RAMD32=1"
492,1.384,5.000,3.369,0.875,2.494,0.740,3,"ecc_leaf_id_q_reg[0]/C","ecc_product_odd_reg_0_3_6_6/SP/I","other","FDCE=1;LUT6=3;RAMD32=1"
493,1.384,5.000,3.369,0.875,2.494,0.740,3,"ecc_leaf_id_q_reg[0]/C","ecc_product_odd_reg_0_3_7_7/SP/I","other","FDCE=1;LUT6=3;RAMD32=1"
494,1.384,5.000,3.369,0.875,2.494,0.740,3,"ecc_leaf_id_q_reg[0]/C","ecc_product_odd_reg_0_3_8_8/SP/I","other","FDCE=1;LUT6=3;RAMD32=1"
495,1.384,5.000,3.369,0.875,2.494,0.740,3,"ecc_leaf_id_q_reg[0]/C","ecc_product_odd_reg_0_3_9_9/SP/I","other","FDCE=1;LUT6=3;RAMD32=1"
496,1.438,5.000,3.351,0.980,2.371,0.708,4,"a_q_reg[16]/C","ecc_leaf_b_q_reg[0]/CE","other","FDCE=2;LUT5=2;LUT6=2"
497,1.438,5.000,3.351,0.980,2.371,0.708,4,"a_q_reg[16]/C","ecc_leaf_b_q_reg[10]/CE","other","FDCE=2;LUT5=2;LUT6=2"
498,1.438,5.000,3.351,0.980,2.371,0.708,4,"a_q_reg[16]/C","ecc_leaf_b_q_reg[11]/CE","other","FDCE=2;LUT5=2;LUT6=2"
499,1.438,5.000,3.351,0.980,2.371,0.708,4,"a_q_reg[16]/C","ecc_leaf_b_q_reg[12]/CE","other","FDCE=2;LUT5=2;LUT6=2"
500,1.438,5.000,3.351,0.980,2.371,0.708,4,"a_q_reg[16]/C","ecc_leaf_b_q_reg[13]/CE","other","FDCE=2;LUT5=2;LUT6=2"
501,1.438,5.000,3.351,0.980,2.371,0.708,4,"a_q_reg[16]/C","ecc_leaf_b_q_reg[14]/CE","other","FDCE=2;LUT5=2;LUT6=2"
502,1.438,5.000,3.351,0.980,2.371,0.708,4,"a_q_reg[16]/C","ecc_leaf_b_q_reg[15]/CE","other","FDCE=2;LUT5=2;LUT6=2"
503,1.438,5.000,3.351,0.980,2.371,0.708,4,"a_q_reg[16]/C","ecc_leaf_b_q_reg[16]/CE","other","FDCE=2;LUT5=2;LUT6=2"
504,1.438,5.000,3.351,0.980,2.371,0.708,4,"a_q_reg[16]/C","ecc_leaf_b_q_reg[17]/CE","other","FDCE=2;LUT5=2;LUT6=2"
505,1.438,5.000,3.351,0.980,2.371,0.708,4,"a_q_reg[16]/C","ecc_leaf_b_q_reg[18]/CE","other","FDCE=2;LUT5=2;LUT6=2"
506,1.438,5.000,3.351,0.980,2.371,0.708,4,"a_q_reg[16]/C","ecc_leaf_b_q_reg[19]/CE","other","FDCE=2;LUT5=2;LUT6=2"
507,1.438,5.000,3.351,0.980,2.371,0.708,4,"a_q_reg[16]/C","ecc_leaf_b_q_reg[1]/CE","other","FDCE=2;LUT5=2;LUT6=2"
508,1.438,5.000,3.351,0.980,2.371,0.708,4,"a_q_reg[16]/C","ecc_leaf_b_q_reg[20]/CE","other","FDCE=2;LUT5=2;LUT6=2"
509,1.438,5.000,3.351,0.980,2.371,0.708,4,"a_q_reg[16]/C","ecc_leaf_b_q_reg[21]/CE","other","FDCE=2;LUT5=2;LUT6=2"
510,1.438,5.000,3.351,0.980,2.371,0.708,4,"a_q_reg[16]/C","ecc_leaf_b_q_reg[22]/CE","other","FDCE=2;LUT5=2;LUT6=2"
511,1.438,5.000,3.351,0.980,2.371,0.708,4,"a_q_reg[16]/C","ecc_leaf_b_q_reg[23]/CE","other","FDCE=2;LUT5=2;LUT6=2"
512,1.438,5.000,3.351,0.980,2.371,0.708,4,"a_q_reg[16]/C","ecc_leaf_b_q_reg[24]/CE","other","FDCE=2;LUT5=2;LUT6=2"
513,1.438,5.000,3.351,0.980,2.371,0.708,4,"a_q_reg[16]/C","ecc_leaf_b_q_reg[25]/CE","other","FDCE=2;LUT5=2;LUT6=2"
514,1.438,5.000,3.351,0.980,2.371,0.708,4,"a_q_reg[16]/C","ecc_leaf_b_q_reg[26]/CE","other","FDCE=2;LUT5=2;LUT6=2"
515,1.438,5.000,3.351,0.980,2.371,0.708,4,"a_q_reg[16]/C","ecc_leaf_b_q_reg[27]/CE","other","FDCE=2;LUT5=2;LUT6=2"
516,1.438,5.000,3.351,0.980,2.371,0.708,4,"a_q_reg[16]/C","ecc_leaf_b_q_reg[28]/CE","other","FDCE=2;LUT5=2;LUT6=2"
517,1.438,5.000,3.351,0.980,2.371,0.708,4,"a_q_reg[16]/C","ecc_leaf_b_q_reg[29]/CE","other","FDCE=2;LUT5=2;LUT6=2"
518,1.438,5.000,3.351,0.980,2.371,0.708,4,"a_q_reg[16]/C","ecc_leaf_b_q_reg[2]/CE","other","FDCE=2;LUT5=2;LUT6=2"
519,1.438,5.000,3.351,0.980,2.371,0.708,4,"a_q_reg[16]/C","ecc_leaf_b_q_reg[30]/CE","other","FDCE=2;LUT5=2;LUT6=2"
520,1.438,5.000,3.351,0.980,2.371,0.708,4,"a_q_reg[16]/C","ecc_leaf_b_q_reg[31]/CE","other","FDCE=2;LUT5=2;LUT6=2"
521,1.438,5.000,3.351,0.980,2.371,0.708,4,"a_q_reg[16]/C","ecc_leaf_b_q_reg[3]/CE","other","FDCE=2;LUT5=2;LUT6=2"
522,1.438,5.000,3.351,0.980,2.371,0.708,4,"a_q_reg[16]/C","ecc_leaf_b_q_reg[4]/CE","other","FDCE=2;LUT5=2;LUT6=2"
523,1.438,5.000,3.351,0.980,2.371,0.708,4,"a_q_reg[16]/C","ecc_leaf_b_q_reg[5]/CE","other","FDCE=2;LUT5=2;LUT6=2"
524,1.438,5.000,3.351,0.980,2.371,0.708,4,"a_q_reg[16]/C","ecc_leaf_b_q_reg[6]/CE","other","FDCE=2;LUT5=2;LUT6=2"
525,1.438,5.000,3.351,0.980,2.371,0.708,4,"a_q_reg[16]/C","ecc_leaf_b_q_reg[7]/CE","other","FDCE=2;LUT5=2;LUT6=2"
526,1.438,5.000,3.351,0.980,2.371,0.708,4,"a_q_reg[16]/C","ecc_leaf_b_q_reg[8]/CE","other","FDCE=2;LUT5=2;LUT6=2"
527,1.438,5.000,3.351,0.980,2.371,0.708,4,"a_q_reg[16]/C","ecc_leaf_b_q_reg[9]/CE","other","FDCE=2;LUT5=2;LUT6=2"
528,1.438,5.000,3.351,0.980,2.371,0.708,4,"a_q_reg[16]/C","ecc_leaf_id_q_reg[0]/CE","other","FDCE=2;LUT5=2;LUT6=2"
529,1.438,5.000,3.351,0.980,2.371,0.708,4,"a_q_reg[16]/C","ecc_leaf_id_q_reg[1]/CE","other","FDCE=2;LUT5=2;LUT6=2"
530,1.438,5.000,3.351,0.980,2.371,0.708,4,"a_q_reg[16]/C","ecc_leaf_id_q_reg[2]/CE","other","FDCE=2;LUT5=2;LUT6=2"
531,1.438,5.000,3.351,0.980,2.371,0.708,4,"a_q_reg[16]/C","ecc_leaf_id_q_reg[3]/CE","other","FDCE=2;LUT5=2;LUT6=2"
532,1.438,5.000,3.351,0.980,2.371,0.708,4,"a_q_reg[16]/C","ecc_leaf_id_q_reg[4]/CE","other","FDCE=2;LUT5=2;LUT6=2"
533,1.442,5.000,3.555,1.085,2.470,0.695,5,"ecc_leaf_id_q_reg[0]/C","ecc_leaf_a_q_reg[0]/D","other","FDCE=2;LUT4=3;LUT5=2"
534,1.442,5.000,3.555,1.085,2.470,0.695,5,"ecc_leaf_id_q_reg[0]/C","ecc_leaf_a_q_reg[11]/D","other","FDCE=2;LUT4=3;LUT5=2"
535,1.442,5.000,3.555,1.085,2.470,0.695,5,"ecc_leaf_id_q_reg[0]/C","ecc_leaf_a_q_reg[12]/D","other","FDCE=2;LUT4=2;LUT5=3"
536,1.442,5.000,3.555,1.085,2.470,0.695,5,"ecc_leaf_id_q_reg[0]/C","ecc_leaf_a_q_reg[13]/D","other","FDCE=2;LUT4=2;LUT5=3"
537,1.442,5.000,3.555,1.085,2.470,0.695,5,"ecc_leaf_id_q_reg[0]/C","ecc_leaf_a_q_reg[14]/D","other","FDCE=2;LUT4=3;LUT5=2"
538,1.442,5.000,3.555,1.085,2.470,0.695,5,"ecc_leaf_id_q_reg[0]/C","ecc_leaf_a_q_reg[15]/D","other","FDCE=2;LUT4=3;LUT5=2"
539,1.442,5.000,3.555,1.085,2.470,0.695,5,"ecc_leaf_id_q_reg[0]/C","ecc_leaf_a_q_reg[16]/D","other","FDCE=2;LUT4=3;LUT5=2"
540,1.442,5.000,3.555,1.085,2.470,0.695,5,"ecc_leaf_id_q_reg[0]/C","ecc_leaf_a_q_reg[17]/D","other","FDCE=2;LUT4=3;LUT5=2"
541,1.442,5.000,3.555,1.085,2.470,0.695,5,"ecc_leaf_id_q_reg[0]/C","ecc_leaf_a_q_reg[18]/D","other","FDCE=2;LUT4=3;LUT5=2"
542,1.442,5.000,3.555,1.085,2.470,0.695,5,"ecc_leaf_id_q_reg[0]/C","ecc_leaf_a_q_reg[19]/D","other","FDCE=2;LUT4=3;LUT5=2"
543,1.442,5.000,3.555,1.085,2.470,0.695,5,"ecc_leaf_id_q_reg[0]/C","ecc_leaf_a_q_reg[1]/D","other","FDCE=2;LUT4=3;LUT5=2"
544,1.442,5.000,3.555,1.085,2.470,0.695,5,"ecc_leaf_id_q_reg[0]/C","ecc_leaf_a_q_reg[20]/D","other","FDCE=2;LUT4=3;LUT5=2"
545,1.442,5.000,3.555,1.085,2.470,0.695,5,"ecc_leaf_id_q_reg[0]/C","ecc_leaf_a_q_reg[21]/D","other","FDCE=2;LUT4=2;LUT5=3"
546,1.442,5.000,3.555,1.085,2.470,0.695,5,"ecc_leaf_id_q_reg[0]/C","ecc_leaf_a_q_reg[23]/D","other","FDCE=2;LUT4=3;LUT5=2"
547,1.442,5.000,3.555,1.085,2.470,0.695,5,"ecc_leaf_id_q_reg[0]/C","ecc_leaf_a_q_reg[24]/D","other","FDCE=2;LUT4=3;LUT5=2"
548,1.442,5.000,3.555,1.085,2.470,0.695,5,"ecc_leaf_id_q_reg[0]/C","ecc_leaf_a_q_reg[25]/D","other","FDCE=2;LUT4=3;LUT5=2"
549,1.442,5.000,3.555,1.085,2.470,0.695,5,"ecc_leaf_id_q_reg[0]/C","ecc_leaf_a_q_reg[26]/D","other","FDCE=2;LUT4=3;LUT5=2"
550,1.442,5.000,3.555,1.085,2.470,0.695,5,"ecc_leaf_id_q_reg[0]/C","ecc_leaf_a_q_reg[28]/D","other","FDCE=2;LUT4=3;LUT5=2"
551,1.442,5.000,3.555,1.085,2.470,0.695,5,"ecc_leaf_id_q_reg[0]/C","ecc_leaf_a_q_reg[29]/D","other","FDCE=2;LUT4=3;LUT5=2"
552,1.442,5.000,3.555,1.085,2.470,0.695,5,"ecc_leaf_id_q_reg[0]/C","ecc_leaf_a_q_reg[2]/D","other","FDCE=2;LUT4=3;LUT5=2"
553,1.442,5.000,3.555,1.085,2.470,0.695,5,"ecc_leaf_id_q_reg[0]/C","ecc_leaf_a_q_reg[30]/D","other","FDCE=2;LUT4=3;LUT5=2"
554,1.442,5.000,3.555,1.085,2.470,0.695,5,"ecc_leaf_id_q_reg[0]/C","ecc_leaf_a_q_reg[31]/D","other","FDCE=2;LUT4=3;LUT5=2"
555,1.442,5.000,3.555,1.085,2.470,0.695,5,"ecc_leaf_id_q_reg[0]/C","ecc_leaf_a_q_reg[3]/D","other","FDCE=2;LUT4=2;LUT5=3"
556,1.442,5.000,3.555,1.085,2.470,0.695,5,"ecc_leaf_id_q_reg[0]/C","ecc_leaf_a_q_reg[5]/D","other","FDCE=2;LUT4=3;LUT5=2"
557,1.442,5.000,3.555,1.085,2.470,0.695,5,"ecc_leaf_id_q_reg[0]/C","ecc_leaf_a_q_reg[7]/D","other","FDCE=2;LUT4=2;LUT5=3"
558,1.442,5.000,3.555,1.085,2.470,0.695,5,"ecc_leaf_id_q_reg[0]/C","ecc_leaf_a_q_reg[8]/D","other","FDCE=2;LUT4=3;LUT5=2"
559,1.442,5.000,3.555,1.085,2.470,0.695,5,"ecc_leaf_id_q_reg[0]/C","ecc_leaf_a_q_reg[9]/D","other","FDCE=2;LUT4=3;LUT5=2"
560,1.442,5.000,3.555,1.085,2.470,0.695,5,"ecc_leaf_id_q_reg[0]/C","ecc_leaf_b_q_reg[0]/D","other","FDCE=2;LUT4=3;LUT5=2"
561,1.442,5.000,3.555,1.085,2.470,0.695,5,"ecc_leaf_id_q_reg[0]/C","ecc_leaf_b_q_reg[11]/D","other","FDCE=2;LUT4=3;LUT5=2"
562,1.442,5.000,3.555,1.085,2.470,0.695,5,"ecc_leaf_id_q_reg[0]/C","ecc_leaf_b_q_reg[12]/D","other","FDCE=2;LUT4=2;LUT5=3"
563,1.442,5.000,3.555,1.085,2.470,0.695,5,"ecc_leaf_id_q_reg[0]/C","ecc_leaf_b_q_reg[13]/D","other","FDCE=2;LUT4=2;LUT5=3"
564,1.442,5.000,3.555,1.085,2.470,0.695,5,"ecc_leaf_id_q_reg[0]/C","ecc_leaf_b_q_reg[14]/D","other","FDCE=2;LUT4=3;LUT5=2"
565,1.442,5.000,3.555,1.085,2.470,0.695,5,"ecc_leaf_id_q_reg[0]/C","ecc_leaf_b_q_reg[15]/D","other","FDCE=2;LUT4=3;LUT5=2"
566,1.442,5.000,3.555,1.085,2.470,0.695,5,"ecc_leaf_id_q_reg[0]/C","ecc_leaf_b_q_reg[16]/D","other","FDCE=2;LUT4=3;LUT5=2"
567,1.442,5.000,3.555,1.085,2.470,0.695,5,"ecc_leaf_id_q_reg[0]/C","ecc_leaf_b_q_reg[17]/D","other","FDCE=2;LUT4=3;LUT5=2"
568,1.442,5.000,3.555,1.085,2.470,0.695,5,"ecc_leaf_id_q_reg[0]/C","ecc_leaf_b_q_reg[18]/D","other","FDCE=2;LUT4=3;LUT5=2"
569,1.442,5.000,3.555,1.085,2.470,0.695,5,"ecc_leaf_id_q_reg[0]/C","ecc_leaf_b_q_reg[19]/D","other","FDCE=2;LUT4=3;LUT5=2"
570,1.442,5.000,3.555,1.085,2.470,0.695,5,"ecc_leaf_id_q_reg[0]/C","ecc_leaf_b_q_reg[1]/D","other","FDCE=2;LUT4=3;LUT5=2"
571,1.442,5.000,3.555,1.085,2.470,0.695,5,"ecc_leaf_id_q_reg[0]/C","ecc_leaf_b_q_reg[20]/D","other","FDCE=2;LUT4=3;LUT5=2"
572,1.442,5.000,3.555,1.085,2.470,0.695,5,"ecc_leaf_id_q_reg[0]/C","ecc_leaf_b_q_reg[21]/D","other","FDCE=2;LUT4=2;LUT5=3"
573,1.442,5.000,3.555,1.085,2.470,0.695,5,"ecc_leaf_id_q_reg[0]/C","ecc_leaf_b_q_reg[23]/D","other","FDCE=2;LUT4=3;LUT5=2"
574,1.442,5.000,3.555,1.085,2.470,0.695,5,"ecc_leaf_id_q_reg[0]/C","ecc_leaf_b_q_reg[24]/D","other","FDCE=2;LUT4=3;LUT5=2"
575,1.442,5.000,3.555,1.085,2.470,0.695,5,"ecc_leaf_id_q_reg[0]/C","ecc_leaf_b_q_reg[25]/D","other","FDCE=2;LUT4=3;LUT5=2"
576,1.442,5.000,3.555,1.085,2.470,0.695,5,"ecc_leaf_id_q_reg[0]/C","ecc_leaf_b_q_reg[26]/D","other","FDCE=2;LUT4=3;LUT5=2"
577,1.442,5.000,3.555,1.085,2.470,0.695,5,"ecc_leaf_id_q_reg[0]/C","ecc_leaf_b_q_reg[28]/D","other","FDCE=2;LUT4=3;LUT5=2"
578,1.442,5.000,3.555,1.085,2.470,0.695,5,"ecc_leaf_id_q_reg[0]/C","ecc_leaf_b_q_reg[29]/D","other","FDCE=2;LUT4=3;LUT5=2"
579,1.442,5.000,3.555,1.085,2.470,0.695,5,"ecc_leaf_id_q_reg[0]/C","ecc_leaf_b_q_reg[2]/D","other","FDCE=2;LUT4=3;LUT5=2"
580,1.442,5.000,3.555,1.085,2.470,0.695,5,"ecc_leaf_id_q_reg[0]/C","ecc_leaf_b_q_reg[30]/D","other","FDCE=2;LUT4=3;LUT5=2"
581,1.442,5.000,3.555,1.085,2.470,0.695,5,"ecc_leaf_id_q_reg[0]/C","ecc_leaf_b_q_reg[31]/D","other","FDCE=2;LUT4=3;LUT5=2"
582,1.442,5.000,3.555,1.085,2.470,0.695,5,"ecc_leaf_id_q_reg[0]/C","ecc_leaf_b_q_reg[3]/D","other","FDCE=2;LUT4=2;LUT5=3"
583,1.442,5.000,3.555,1.085,2.470,0.695,5,"ecc_leaf_id_q_reg[0]/C","ecc_leaf_b_q_reg[5]/D","other","FDCE=2;LUT4=3;LUT5=2"
584,1.442,5.000,3.555,1.085,2.470,0.695,5,"ecc_leaf_id_q_reg[0]/C","ecc_leaf_b_q_reg[7]/D","other","FDCE=2;LUT4=2;LUT5=3"
585,1.442,5.000,3.555,1.085,2.470,0.695,5,"ecc_leaf_id_q_reg[0]/C","ecc_leaf_b_q_reg[8]/D","other","FDCE=2;LUT4=3;LUT5=2"
586,1.442,5.000,3.555,1.085,2.470,0.695,5,"ecc_leaf_id_q_reg[0]/C","ecc_leaf_b_q_reg[9]/D","other","FDCE=2;LUT4=3;LUT5=2"
587,1.443,5.000,3.554,1.085,2.469,0.695,5,"ecc_leaf_id_q_reg[0]/C","ecc_leaf_a_q_reg[10]/D","other","FDCE=2;LUT4=2;LUT5=2;LUT6=1"
588,1.443,5.000,3.554,1.085,2.469,0.695,5,"ecc_leaf_id_q_reg[0]/C","ecc_leaf_a_q_reg[22]/D","other","FDCE=2;LUT4=2;LUT5=2;LUT6=1"
589,1.443,5.000,3.554,1.085,2.469,0.695,5,"ecc_leaf_id_q_reg[0]/C","ecc_leaf_a_q_reg[27]/D","other","FDCE=2;LUT4=3;LUT5=1;LUT6=1"
590,1.443,5.000,3.554,1.085,2.469,0.695,5,"ecc_leaf_id_q_reg[0]/C","ecc_leaf_a_q_reg[4]/D","other","FDCE=2;LUT4=2;LUT5=2;LUT6=1"
591,1.443,5.000,3.554,1.085,2.469,0.695,5,"ecc_leaf_id_q_reg[0]/C","ecc_leaf_a_q_reg[6]/D","other","FDCE=2;LUT4=2;LUT5=2;LUT6=1"
592,1.443,5.000,3.554,1.085,2.469,0.695,5,"ecc_leaf_id_q_reg[0]/C","ecc_leaf_b_q_reg[10]/D","other","FDCE=2;LUT4=2;LUT5=2;LUT6=1"
593,1.443,5.000,3.554,1.085,2.469,0.695,5,"ecc_leaf_id_q_reg[0]/C","ecc_leaf_b_q_reg[22]/D","other","FDCE=2;LUT4=2;LUT5=2;LUT6=1"
594,1.443,5.000,3.554,1.085,2.469,0.695,5,"ecc_leaf_id_q_reg[0]/C","ecc_leaf_b_q_reg[27]/D","other","FDCE=2;LUT4=3;LUT5=1;LUT6=1"
595,1.443,5.000,3.554,1.085,2.469,0.695,5,"ecc_leaf_id_q_reg[0]/C","ecc_leaf_b_q_reg[4]/D","other","FDCE=2;LUT4=2;LUT5=2;LUT6=1"
596,1.443,5.000,3.554,1.085,2.469,0.695,5,"ecc_leaf_id_q_reg[0]/C","ecc_leaf_b_q_reg[6]/D","other","FDCE=2;LUT4=2;LUT5=2;LUT6=1"
597,1.447,5.000,3.579,1.687,1.892,0.529,5,"gen_lane[2].i_p2_pop_slice/popcount_part_q_o_reg[1][0]/C","group_dist_q_reg[2]/D","P2 popcount capture","CARRY4=2;FDCE=2;LUT3=2;LUT6=1"
598,1.540,5.000,3.249,0.980,2.269,0.698,4,"uop_p0_q_reg[class_idx][0]/C","hmatch_budget_q_reg[0]/CE","TOP control","FDCE=2;LUT4=1;LUT6=3"
599,1.540,5.000,3.249,0.980,2.269,0.698,4,"uop_p0_q_reg[class_idx][0]/C","hmatch_budget_q_reg[10]/CE","TOP control","FDCE=2;LUT4=1;LUT6=3"
600,1.540,5.000,3.249,0.980,2.269,0.698,4,"uop_p0_q_reg[class_idx][0]/C","hmatch_budget_q_reg[11]_inv/CE","TOP control","FDCE=1;FDPE=1;LUT4=1;LUT6=3"
601,1.540,5.000,3.249,0.980,2.269,0.698,4,"uop_p0_q_reg[class_idx][0]/C","hmatch_budget_q_reg[1]/CE","TOP control","FDCE=2;LUT4=1;LUT6=3"
602,1.540,5.000,3.249,0.980,2.269,0.698,4,"uop_p0_q_reg[class_idx][0]/C","hmatch_budget_q_reg[2]/CE","TOP control","FDCE=2;LUT4=1;LUT6=3"
603,1.540,5.000,3.249,0.980,2.269,0.698,4,"uop_p0_q_reg[class_idx][0]/C","hmatch_budget_q_reg[3]/CE","TOP control","FDCE=2;LUT4=1;LUT6=3"
604,1.540,5.000,3.249,0.980,2.269,0.698,4,"uop_p0_q_reg[class_idx][0]/C","hmatch_budget_q_reg[4]/CE","TOP control","FDCE=2;LUT4=1;LUT6=3"
605,1.540,5.000,3.249,0.980,2.269,0.698,4,"uop_p0_q_reg[class_idx][0]/C","hmatch_budget_q_reg[5]/CE","TOP control","FDCE=2;LUT4=1;LUT6=3"
606,1.540,5.000,3.249,0.980,2.269,0.698,4,"uop_p0_q_reg[class_idx][0]/C","hmatch_budget_q_reg[6]/CE","TOP control","FDCE=2;LUT4=1;LUT6=3"
607,1.540,5.000,3.249,0.980,2.269,0.698,4,"uop_p0_q_reg[class_idx][0]/C","hmatch_budget_q_reg[7]/CE","TOP control","FDCE=2;LUT4=1;LUT6=3"
608,1.540,5.000,3.249,0.980,2.269,0.698,4,"uop_p0_q_reg[class_idx][0]/C","hmatch_budget_q_reg[8]/CE","TOP control","FDCE=2;LUT4=1;LUT6=3"
609,1.540,5.000,3.249,0.980,2.269,0.698,4,"uop_p0_q_reg[class_idx][0]/C","hmatch_budget_q_reg[9]/CE","TOP control","FDCE=2;LUT4=1;LUT6=3"
610,1.566,5.000,3.431,1.085,2.346,0.684,5,"st_q_reg[2]/C","ecc_k_q_reg[0]/D","TOP control","FDCE=2;LUT4=1;LUT5=1;LUT6=3"
611,1.566,5.000,3.431,1.085,2.346,0.684,5,"st_q_reg[2]/C","ecc_k_q_reg[1]/D","TOP control","FDCE=2;LUT5=2;LUT6=3"
612,1.566,5.000,3.431,1.085,2.346,0.684,5,"st_q_reg[2]/C","ecc_k_q_reg[2]/D","TOP control","FDCE=2;LUT5=1;LUT6=4"
613,1.614,5.000,3.175,0.980,2.195,0.691,4,"a_q_reg[7]/C","hperm_dst_base_q_reg[2]/CE","other","FDCE=2;LUT4=1;LUT5=1;LUT6=2"
614,1.614,5.000,3.175,0.980,2.195,0.691,4,"a_q_reg[7]/C","hperm_dst_base_q_reg[3]/CE","other","FDCE=2;LUT4=1;LUT5=1;LUT6=2"
615,1.614,5.000,3.175,0.980,2.195,0.691,4,"a_q_reg[7]/C","hperm_dst_base_q_reg[4]/CE","other","FDCE=2;LUT4=1;LUT5=1;LUT6=2"
616,1.614,5.000,3.175,0.980,2.195,0.691,4,"a_q_reg[7]/C","hperm_dst_base_q_reg[5]/CE","other","FDCE=2;LUT4=1;LUT5=1;LUT6=2"
617,1.614,5.000,3.175,0.980,2.195,0.691,4,"a_q_reg[7]/C","hperm_lane_base_q_reg[0]/CE","other","FDCE=2;LUT4=1;LUT5=1;LUT6=2"
618,1.614,5.000,3.175,0.980,2.195,0.691,4,"a_q_reg[7]/C","hperm_lane_base_q_reg[0]_rep/CE","other","FDCE=2;LUT4=1;LUT5=1;LUT6=2"
619,1.614,5.000,3.175,0.980,2.195,0.691,4,"a_q_reg[7]/C","hperm_lane_base_q_reg[0]_rep__0/CE","other","FDCE=2;LUT4=1;LUT5=1;LUT6=2"
620,1.614,5.000,3.175,0.980,2.195,0.691,4,"a_q_reg[7]/C","hperm_lane_base_q_reg[0]_rep__1/CE","other","FDCE=2;LUT4=1;LUT5=1;LUT6=2"
621,1.614,5.000,3.175,0.980,2.195,0.691,4,"a_q_reg[7]/C","hperm_lane_base_q_reg[1]/CE","other","FDCE=2;LUT4=1;LUT5=1;LUT6=2"
622,1.614,5.000,3.175,0.980,2.195,0.691,4,"a_q_reg[7]/C","hperm_lane_base_q_reg[1]_rep/CE","other","FDCE=2;LUT4=1;LUT5=1;LUT6=2"
623,1.614,5.000,3.175,0.980,2.195,0.691,4,"a_q_reg[7]/C","hperm_lane_base_q_reg[1]_rep__0/CE","other","FDCE=2;LUT4=1;LUT5=1;LUT6=2"
624,1.614,5.000,3.175,0.980,2.195,0.691,4,"a_q_reg[7]/C","hperm_lane_base_q_reg[1]_rep__1/CE","other","FDCE=2;LUT4=1;LUT5=1;LUT6=2"
625,1.614,5.000,3.175,0.980,2.195,0.691,4,"a_q_reg[7]/C","hperm_nibble_q_reg[0]/CE","other","FDCE=2;LUT4=1;LUT5=1;LUT6=2"
626,1.614,5.000,3.175,0.980,2.195,0.691,4,"a_q_reg[7]/C","hperm_nibble_q_reg[1]/CE","other","FDCE=2;LUT4=1;LUT5=1;LUT6=2"
627,1.614,5.000,3.175,0.980,2.195,0.691,4,"a_q_reg[7]/C","hperm_nibble_q_reg[2]/CE","other","FDCE=2;LUT4=1;LUT5=1;LUT6=2"
628,1.614,5.000,3.175,0.980,2.195,0.691,4,"a_q_reg[7]/C","hperm_nibble_q_reg[3]/CE","other","FDCE=2;LUT4=1;LUT5=1;LUT6=2"
629,1.614,5.000,3.175,0.980,2.195,0.691,4,"a_q_reg[7]/C","hperm_src_base_q_reg[2]/CE","other","FDCE=2;LUT4=1;LUT5=1;LUT6=2"
630,1.614,5.000,3.175,0.980,2.195,0.691,4,"a_q_reg[7]/C","hperm_src_base_q_reg[3]/CE","other","FDCE=2;LUT4=1;LUT5=1;LUT6=2"
631,1.614,5.000,3.175,0.980,2.195,0.691,4,"a_q_reg[7]/C","hperm_src_base_q_reg[4]/CE","other","FDCE=2;LUT4=1;LUT5=1;LUT6=2"
632,1.614,5.000,3.175,0.980,2.195,0.691,4,"a_q_reg[7]/C","hperm_src_base_q_reg[5]/CE","other","FDCE=2;LUT4=1;LUT5=1;LUT6=2"
633,1.614,5.000,3.175,0.980,2.195,0.691,4,"a_q_reg[7]/C","hperm_word_off_q_reg[2]/CE","other","FDCE=2;LUT4=1;LUT5=1;LUT6=2"
634,1.614,5.000,3.175,0.980,2.195,0.691,4,"a_q_reg[7]/C","hperm_word_off_q_reg[3]/CE","other","FDCE=2;LUT4=1;LUT5=1;LUT6=2"
635,1.617,5.000,3.380,1.000,2.380,0.704,4,"st_q_reg[3]/C","uop_p0_q_reg[valid]/D","TOP control","FDCE=2;LUT2=1;LUT6=3"
636,1.626,5.000,3.163,0.875,2.288,0.723,3,"st_q_reg[0]/C","hdc_src0_q_reg[0][48]/CE","TOP control","FDCE=2;LUT5=1;LUT6=2"
637,1.626,5.000,3.163,0.875,2.288,0.723,3,"st_q_reg[0]/C","hdc_src0_q_reg[0][49]/CE","TOP control","FDCE=2;LUT5=1;LUT6=2"
638,1.626,5.000,3.163,0.875,2.288,0.723,3,"st_q_reg[0]/C","hdc_src0_q_reg[0][50]/CE","TOP control","FDCE=2;LUT5=1;LUT6=2"
639,1.626,5.000,3.163,0.875,2.288,0.723,3,"st_q_reg[0]/C","hdc_src0_q_reg[0][51]/CE","TOP control","FDCE=2;LUT5=1;LUT6=2"
640,1.626,5.000,3.163,0.875,2.288,0.723,3,"st_q_reg[0]/C","hdc_src0_q_reg[0][52]/CE","TOP control","FDCE=2;LUT5=1;LUT6=2"
641,1.626,5.000,3.163,0.875,2.288,0.723,3,"st_q_reg[0]/C","hdc_src0_q_reg[0][53]/CE","TOP control","FDCE=2;LUT5=1;LUT6=2"
642,1.626,5.000,3.163,0.875,2.288,0.723,3,"st_q_reg[0]/C","hdc_src0_q_reg[0][54]/CE","TOP control","FDCE=2;LUT5=1;LUT6=2"
643,1.626,5.000,3.163,0.875,2.288,0.723,3,"st_q_reg[0]/C","hdc_src0_q_reg[0][55]/CE","TOP control","FDCE=2;LUT5=1;LUT6=2"
644,1.626,5.000,3.163,0.875,2.288,0.723,3,"st_q_reg[0]/C","hdc_src0_q_reg[0][56]/CE","TOP control","FDCE=2;LUT5=1;LUT6=2"
645,1.626,5.000,3.163,0.875,2.288,0.723,3,"st_q_reg[0]/C","hdc_src0_q_reg[0][57]/CE","TOP control","FDCE=2;LUT5=1;LUT6=2"
646,1.626,5.000,3.163,0.875,2.288,0.723,3,"st_q_reg[0]/C","hdc_src0_q_reg[0][58]/CE","TOP control","FDCE=2;LUT5=1;LUT6=2"
647,1.626,5.000,3.163,0.875,2.288,0.723,3,"st_q_reg[0]/C","hdc_src0_q_reg[0][59]/CE","TOP control","FDCE=2;LUT5=1;LUT6=2"
648,1.626,5.000,3.163,0.875,2.288,0.723,3,"st_q_reg[0]/C","hdc_src0_q_reg[0][60]/CE","TOP control","FDCE=2;LUT5=1;LUT6=2"
649,1.626,5.000,3.163,0.875,2.288,0.723,3,"st_q_reg[0]/C","hdc_src0_q_reg[0][61]/CE","TOP control","FDCE=2;LUT5=1;LUT6=2"
650,1.626,5.000,3.163,0.875,2.288,0.723,3,"st_q_reg[0]/C","hdc_src0_q_reg[0][62]/CE","TOP control","FDCE=2;LUT5=1;LUT6=2"
651,1.626,5.000,3.163,0.875,2.288,0.723,3,"st_q_reg[0]/C","hdc_src0_q_reg[0][63]/CE","TOP control","FDCE=2;LUT5=1;LUT6=2"
652,1.626,5.000,3.163,0.875,2.288,0.723,3,"st_q_reg[0]/C","hdc_src0_q_reg[1][48]/CE","TOP control","FDCE=2;LUT5=1;LUT6=2"
653,1.626,5.000,3.163,0.875,2.288,0.723,3,"st_q_reg[0]/C","hdc_src0_q_reg[1][49]/CE","TOP control","FDCE=2;LUT5=1;LUT6=2"
654,1.626,5.000,3.163,0.875,2.288,0.723,3,"st_q_reg[0]/C","hdc_src0_q_reg[1][50]/CE","TOP control","FDCE=2;LUT5=1;LUT6=2"
655,1.626,5.000,3.163,0.875,2.288,0.723,3,"st_q_reg[0]/C","hdc_src0_q_reg[1][51]/CE","TOP control","FDCE=2;LUT5=1;LUT6=2"
656,1.626,5.000,3.163,0.875,2.288,0.723,3,"st_q_reg[0]/C","hdc_src0_q_reg[1][52]/CE","TOP control","FDCE=2;LUT5=1;LUT6=2"
657,1.626,5.000,3.163,0.875,2.288,0.723,3,"st_q_reg[0]/C","hdc_src0_q_reg[1][53]/CE","TOP control","FDCE=2;LUT5=1;LUT6=2"
658,1.626,5.000,3.163,0.875,2.288,0.723,3,"st_q_reg[0]/C","hdc_src0_q_reg[1][54]/CE","TOP control","FDCE=2;LUT5=1;LUT6=2"
659,1.626,5.000,3.163,0.875,2.288,0.723,3,"st_q_reg[0]/C","hdc_src0_q_reg[1][55]/CE","TOP control","FDCE=2;LUT5=1;LUT6=2"
660,1.626,5.000,3.163,0.875,2.288,0.723,3,"st_q_reg[0]/C","hdc_src0_q_reg[1][56]/CE","TOP control","FDCE=2;LUT5=1;LUT6=2"
661,1.626,5.000,3.163,0.875,2.288,0.723,3,"st_q_reg[0]/C","hdc_src0_q_reg[1][57]/CE","TOP control","FDCE=2;LUT5=1;LUT6=2"
662,1.626,5.000,3.163,0.875,2.288,0.723,3,"st_q_reg[0]/C","hdc_src0_q_reg[1][58]/CE","TOP control","FDCE=2;LUT5=1;LUT6=2"
663,1.626,5.000,3.163,0.875,2.288,0.723,3,"st_q_reg[0]/C","hdc_src0_q_reg[1][59]/CE","TOP control","FDCE=2;LUT5=1;LUT6=2"
664,1.626,5.000,3.163,0.875,2.288,0.723,3,"st_q_reg[0]/C","hdc_src0_q_reg[1][60]/CE","TOP control","FDCE=2;LUT5=1;LUT6=2"
665,1.626,5.000,3.163,0.875,2.288,0.723,3,"st_q_reg[0]/C","hdc_src0_q_reg[1][61]/CE","TOP control","FDCE=2;LUT5=1;LUT6=2"
666,1.626,5.000,3.163,0.875,2.288,0.723,3,"st_q_reg[0]/C","hdc_src0_q_reg[1][62]/CE","TOP control","FDCE=2;LUT5=1;LUT6=2"
667,1.626,5.000,3.163,0.875,2.288,0.723,3,"st_q_reg[0]/C","hdc_src0_q_reg[1][63]/CE","TOP control","FDCE=2;LUT5=1;LUT6=2"
668,1.626,5.000,3.163,0.875,2.288,0.723,3,"st_q_reg[0]/C","hdc_src0_q_reg[2][48]/CE","TOP control","FDCE=2;LUT5=1;LUT6=2"
669,1.626,5.000,3.163,0.875,2.288,0.723,3,"st_q_reg[0]/C","hdc_src0_q_reg[2][49]/CE","TOP control","FDCE=2;LUT5=1;LUT6=2"
670,1.626,5.000,3.163,0.875,2.288,0.723,3,"st_q_reg[0]/C","hdc_src0_q_reg[2][50]/CE","TOP control","FDCE=2;LUT5=1;LUT6=2"
671,1.626,5.000,3.163,0.875,2.288,0.723,3,"st_q_reg[0]/C","hdc_src0_q_reg[2][51]/CE","TOP control","FDCE=2;LUT5=1;LUT6=2"
672,1.626,5.000,3.163,0.875,2.288,0.723,3,"st_q_reg[0]/C","hdc_src0_q_reg[2][52]/CE","TOP control","FDCE=2;LUT5=1;LUT6=2"
673,1.626,5.000,3.163,0.875,2.288,0.723,3,"st_q_reg[0]/C","hdc_src0_q_reg[2][53]/CE","TOP control","FDCE=2;LUT5=1;LUT6=2"
674,1.626,5.000,3.163,0.875,2.288,0.723,3,"st_q_reg[0]/C","hdc_src0_q_reg[2][54]/CE","TOP control","FDCE=2;LUT5=1;LUT6=2"
675,1.626,5.000,3.163,0.875,2.288,0.723,3,"st_q_reg[0]/C","hdc_src0_q_reg[2][55]/CE","TOP control","FDCE=2;LUT5=1;LUT6=2"
676,1.626,5.000,3.163,0.875,2.288,0.723,3,"st_q_reg[0]/C","hdc_src0_q_reg[2][56]/CE","TOP control","FDCE=2;LUT5=1;LUT6=2"
677,1.626,5.000,3.163,0.875,2.288,0.723,3,"st_q_reg[0]/C","hdc_src0_q_reg[2][57]/CE","TOP control","FDCE=2;LUT5=1;LUT6=2"
678,1.626,5.000,3.163,0.875,2.288,0.723,3,"st_q_reg[0]/C","hdc_src0_q_reg[2][58]/CE","TOP control","FDCE=2;LUT5=1;LUT6=2"
679,1.626,5.000,3.163,0.875,2.288,0.723,3,"st_q_reg[0]/C","hdc_src0_q_reg[2][59]/CE","TOP control","FDCE=2;LUT5=1;LUT6=2"
680,1.626,5.000,3.163,0.875,2.288,0.723,3,"st_q_reg[0]/C","hdc_src0_q_reg[2][60]/CE","TOP control","FDCE=2;LUT5=1;LUT6=2"
681,1.626,5.000,3.163,0.875,2.288,0.723,3,"st_q_reg[0]/C","hdc_src0_q_reg[2][61]/CE","TOP control","FDCE=2;LUT5=1;LUT6=2"
682,1.626,5.000,3.163,0.875,2.288,0.723,3,"st_q_reg[0]/C","hdc_src0_q_reg[2][62]/CE","TOP control","FDCE=2;LUT5=1;LUT6=2"
683,1.626,5.000,3.163,0.875,2.288,0.723,3,"st_q_reg[0]/C","hdc_src0_q_reg[2][63]/CE","TOP control","FDCE=2;LUT5=1;LUT6=2"
684,1.626,5.000,3.163,0.875,2.288,0.723,3,"st_q_reg[0]/C","hdc_src0_q_reg[3][48]/CE","TOP control","FDCE=2;LUT5=1;LUT6=2"
685,1.626,5.000,3.163,0.875,2.288,0.723,3,"st_q_reg[0]/C","hdc_src0_q_reg[3][49]/CE","TOP control","FDCE=2;LUT5=1;LUT6=2"
686,1.626,5.000,3.163,0.875,2.288,0.723,3,"st_q_reg[0]/C","hdc_src0_q_reg[3][50]/CE","TOP control","FDCE=2;LUT5=1;LUT6=2"
687,1.626,5.000,3.163,0.875,2.288,0.723,3,"st_q_reg[0]/C","hdc_src0_q_reg[3][51]/CE","TOP control","FDCE=2;LUT5=1;LUT6=2"
688,1.626,5.000,3.163,0.875,2.288,0.723,3,"st_q_reg[0]/C","hdc_src0_q_reg[3][52]/CE","TOP control","FDCE=2;LUT5=1;LUT6=2"
689,1.626,5.000,3.163,0.875,2.288,0.723,3,"st_q_reg[0]/C","hdc_src0_q_reg[3][53]/CE","TOP control","FDCE=2;LUT5=1;LUT6=2"
690,1.626,5.000,3.163,0.875,2.288,0.723,3,"st_q_reg[0]/C","hdc_src0_q_reg[3][54]/CE","TOP control","FDCE=2;LUT5=1;LUT6=2"
691,1.626,5.000,3.163,0.875,2.288,0.723,3,"st_q_reg[0]/C","hdc_src0_q_reg[3][55]/CE","TOP control","FDCE=2;LUT5=1;LUT6=2"
692,1.626,5.000,3.163,0.875,2.288,0.723,3,"st_q_reg[0]/C","hdc_src0_q_reg[3][56]/CE","TOP control","FDCE=2;LUT5=1;LUT6=2"
693,1.626,5.000,3.163,0.875,2.288,0.723,3,"st_q_reg[0]/C","hdc_src0_q_reg[3][57]/CE","TOP control","FDCE=2;LUT5=1;LUT6=2"
694,1.626,5.000,3.163,0.875,2.288,0.723,3,"st_q_reg[0]/C","hdc_src0_q_reg[3][58]/CE","TOP control","FDCE=2;LUT5=1;LUT6=2"
695,1.626,5.000,3.163,0.875,2.288,0.723,3,"st_q_reg[0]/C","hdc_src0_q_reg[3][59]/CE","TOP control","FDCE=2;LUT5=1;LUT6=2"
696,1.626,5.000,3.163,0.875,2.288,0.723,3,"st_q_reg[0]/C","hdc_src0_q_reg[3][60]/CE","TOP control","FDCE=2;LUT5=1;LUT6=2"
697,1.626,5.000,3.163,0.875,2.288,0.723,3,"st_q_reg[0]/C","hdc_src0_q_reg[3][61]/CE","TOP control","FDCE=2;LUT5=1;LUT6=2"
698,1.626,5.000,3.163,0.875,2.288,0.723,3,"st_q_reg[0]/C","hdc_src0_q_reg[3][62]/CE","TOP control","FDCE=2;LUT5=1;LUT6=2"
699,1.626,5.000,3.163,0.875,2.288,0.723,3,"st_q_reg[0]/C","hdc_src0_q_reg[3][63]/CE","TOP control","FDCE=2;LUT5=1;LUT6=2"
700,1.645,5.000,3.144,0.875,2.269,0.722,3,"st_q_reg[0]/C","hdc_src0_q_reg[0][0]/CE","TOP control","FDCE=2;LUT5=1;LUT6=2"
701,1.645,5.000,3.144,0.875,2.269,0.722,3,"st_q_reg[0]/C","hdc_src0_q_reg[0][10]/CE","TOP control","FDCE=2;LUT5=1;LUT6=2"
702,1.645,5.000,3.144,0.875,2.269,0.722,3,"st_q_reg[0]/C","hdc_src0_q_reg[0][11]/CE","TOP control","FDCE=2;LUT5=1;LUT6=2"
703,1.645,5.000,3.144,0.875,2.269,0.722,3,"st_q_reg[0]/C","hdc_src0_q_reg[0][12]/CE","TOP control","FDCE=2;LUT5=1;LUT6=2"
704,1.645,5.000,3.144,0.875,2.269,0.722,3,"st_q_reg[0]/C","hdc_src0_q_reg[0][13]/CE","TOP control","FDCE=2;LUT5=1;LUT6=2"
705,1.645,5.000,3.144,0.875,2.269,0.722,3,"st_q_reg[0]/C","hdc_src0_q_reg[0][14]/CE","TOP control","FDCE=2;LUT5=1;LUT6=2"
706,1.645,5.000,3.144,0.875,2.269,0.722,3,"st_q_reg[0]/C","hdc_src0_q_reg[0][15]/CE","TOP control","FDCE=2;LUT5=1;LUT6=2"
707,1.645,5.000,3.144,0.875,2.269,0.722,3,"st_q_reg[0]/C","hdc_src0_q_reg[0][16]/CE","TOP control","FDCE=2;LUT5=1;LUT6=2"
708,1.645,5.000,3.144,0.875,2.269,0.722,3,"st_q_reg[0]/C","hdc_src0_q_reg[0][17]/CE","TOP control","FDCE=2;LUT5=1;LUT6=2"
709,1.645,5.000,3.144,0.875,2.269,0.722,3,"st_q_reg[0]/C","hdc_src0_q_reg[0][18]/CE","TOP control","FDCE=2;LUT5=1;LUT6=2"
710,1.645,5.000,3.144,0.875,2.269,0.722,3,"st_q_reg[0]/C","hdc_src0_q_reg[0][19]/CE","TOP control","FDCE=2;LUT5=1;LUT6=2"
711,1.645,5.000,3.144,0.875,2.269,0.722,3,"st_q_reg[0]/C","hdc_src0_q_reg[0][1]/CE","TOP control","FDCE=2;LUT5=1;LUT6=2"
712,1.645,5.000,3.144,0.875,2.269,0.722,3,"st_q_reg[0]/C","hdc_src0_q_reg[0][20]/CE","TOP control","FDCE=2;LUT5=1;LUT6=2"
713,1.645,5.000,3.144,0.875,2.269,0.722,3,"st_q_reg[0]/C","hdc_src0_q_reg[0][21]/CE","TOP control","FDCE=2;LUT5=1;LUT6=2"
714,1.645,5.000,3.144,0.875,2.269,0.722,3,"st_q_reg[0]/C","hdc_src0_q_reg[0][22]/CE","TOP control","FDCE=2;LUT5=1;LUT6=2"
715,1.645,5.000,3.144,0.875,2.269,0.722,3,"st_q_reg[0]/C","hdc_src0_q_reg[0][23]/CE","TOP control","FDCE=2;LUT5=1;LUT6=2"
716,1.645,5.000,3.144,0.875,2.269,0.722,3,"st_q_reg[0]/C","hdc_src0_q_reg[0][24]/CE","TOP control","FDCE=2;LUT5=1;LUT6=2"
717,1.645,5.000,3.144,0.875,2.269,0.722,3,"st_q_reg[0]/C","hdc_src0_q_reg[0][25]/CE","TOP control","FDCE=2;LUT5=1;LUT6=2"
718,1.645,5.000,3.144,0.875,2.269,0.722,3,"st_q_reg[0]/C","hdc_src0_q_reg[0][26]/CE","TOP control","FDCE=2;LUT5=1;LUT6=2"
719,1.645,5.000,3.144,0.875,2.269,0.722,3,"st_q_reg[0]/C","hdc_src0_q_reg[0][27]/CE","TOP control","FDCE=2;LUT5=1;LUT6=2"
720,1.645,5.000,3.144,0.875,2.269,0.722,3,"st_q_reg[0]/C","hdc_src0_q_reg[0][28]/CE","TOP control","FDCE=2;LUT5=1;LUT6=2"
721,1.645,5.000,3.144,0.875,2.269,0.722,3,"st_q_reg[0]/C","hdc_src0_q_reg[0][29]/CE","TOP control","FDCE=2;LUT5=1;LUT6=2"
722,1.645,5.000,3.144,0.875,2.269,0.722,3,"st_q_reg[0]/C","hdc_src0_q_reg[0][2]/CE","TOP control","FDCE=2;LUT5=1;LUT6=2"
723,1.645,5.000,3.144,0.875,2.269,0.722,3,"st_q_reg[0]/C","hdc_src0_q_reg[0][30]/CE","TOP control","FDCE=2;LUT5=1;LUT6=2"
724,1.645,5.000,3.144,0.875,2.269,0.722,3,"st_q_reg[0]/C","hdc_src0_q_reg[0][31]/CE","TOP control","FDCE=2;LUT5=1;LUT6=2"
725,1.645,5.000,3.144,0.875,2.269,0.722,3,"st_q_reg[0]/C","hdc_src0_q_reg[0][32]/CE","TOP control","FDCE=2;LUT5=1;LUT6=2"
726,1.645,5.000,3.144,0.875,2.269,0.722,3,"st_q_reg[0]/C","hdc_src0_q_reg[0][33]/CE","TOP control","FDCE=2;LUT5=1;LUT6=2"
727,1.645,5.000,3.144,0.875,2.269,0.722,3,"st_q_reg[0]/C","hdc_src0_q_reg[0][34]/CE","TOP control","FDCE=2;LUT5=1;LUT6=2"
728,1.645,5.000,3.144,0.875,2.269,0.722,3,"st_q_reg[0]/C","hdc_src0_q_reg[0][35]/CE","TOP control","FDCE=2;LUT5=1;LUT6=2"
729,1.645,5.000,3.144,0.875,2.269,0.722,3,"st_q_reg[0]/C","hdc_src0_q_reg[0][36]/CE","TOP control","FDCE=2;LUT5=1;LUT6=2"
730,1.645,5.000,3.144,0.875,2.269,0.722,3,"st_q_reg[0]/C","hdc_src0_q_reg[0][37]/CE","TOP control","FDCE=2;LUT5=1;LUT6=2"
731,1.645,5.000,3.144,0.875,2.269,0.722,3,"st_q_reg[0]/C","hdc_src0_q_reg[0][38]/CE","TOP control","FDCE=2;LUT5=1;LUT6=2"
732,1.645,5.000,3.144,0.875,2.269,0.722,3,"st_q_reg[0]/C","hdc_src0_q_reg[0][39]/CE","TOP control","FDCE=2;LUT5=1;LUT6=2"
733,1.645,5.000,3.144,0.875,2.269,0.722,3,"st_q_reg[0]/C","hdc_src0_q_reg[0][3]/CE","TOP control","FDCE=2;LUT5=1;LUT6=2"
734,1.645,5.000,3.144,0.875,2.269,0.722,3,"st_q_reg[0]/C","hdc_src0_q_reg[0][40]/CE","TOP control","FDCE=2;LUT5=1;LUT6=2"
735,1.645,5.000,3.144,0.875,2.269,0.722,3,"st_q_reg[0]/C","hdc_src0_q_reg[0][41]/CE","TOP control","FDCE=2;LUT5=1;LUT6=2"
736,1.645,5.000,3.144,0.875,2.269,0.722,3,"st_q_reg[0]/C","hdc_src0_q_reg[0][42]/CE","TOP control","FDCE=2;LUT5=1;LUT6=2"
737,1.645,5.000,3.144,0.875,2.269,0.722,3,"st_q_reg[0]/C","hdc_src0_q_reg[0][43]/CE","TOP control","FDCE=2;LUT5=1;LUT6=2"
738,1.645,5.000,3.144,0.875,2.269,0.722,3,"st_q_reg[0]/C","hdc_src0_q_reg[0][44]/CE","TOP control","FDCE=2;LUT5=1;LUT6=2"
739,1.645,5.000,3.144,0.875,2.269,0.722,3,"st_q_reg[0]/C","hdc_src0_q_reg[0][45]/CE","TOP control","FDCE=2;LUT5=1;LUT6=2"
740,1.645,5.000,3.144,0.875,2.269,0.722,3,"st_q_reg[0]/C","hdc_src0_q_reg[0][46]/CE","TOP control","FDCE=2;LUT5=1;LUT6=2"
741,1.645,5.000,3.144,0.875,2.269,0.722,3,"st_q_reg[0]/C","hdc_src0_q_reg[0][47]/CE","TOP control","FDCE=2;LUT5=1;LUT6=2"
742,1.645,5.000,3.144,0.875,2.269,0.722,3,"st_q_reg[0]/C","hdc_src0_q_reg[0][4]/CE","TOP control","FDCE=2;LUT5=1;LUT6=2"
743,1.645,5.000,3.144,0.875,2.269,0.722,3,"st_q_reg[0]/C","hdc_src0_q_reg[0][5]/CE","TOP control","FDCE=2;LUT5=1;LUT6=2"
744,1.645,5.000,3.144,0.875,2.269,0.722,3,"st_q_reg[0]/C","hdc_src0_q_reg[0][6]/CE","TOP control","FDCE=2;LUT5=1;LUT6=2"
745,1.645,5.000,3.144,0.875,2.269,0.722,3,"st_q_reg[0]/C","hdc_src0_q_reg[0][7]/CE","TOP control","FDCE=2;LUT5=1;LUT6=2"
746,1.645,5.000,3.144,0.875,2.269,0.722,3,"st_q_reg[0]/C","hdc_src0_q_reg[0][8]/CE","TOP control","FDCE=2;LUT5=1;LUT6=2"
747,1.645,5.000,3.144,0.875,2.269,0.722,3,"st_q_reg[0]/C","hdc_src0_q_reg[0][9]/CE","TOP control","FDCE=2;LUT5=1;LUT6=2"
748,1.645,5.000,3.144,0.875,2.269,0.722,3,"st_q_reg[0]/C","hdc_src0_q_reg[1][0]/CE","TOP control","FDCE=2;LUT5=1;LUT6=2"
749,1.645,5.000,3.144,0.875,2.269,0.722,3,"st_q_reg[0]/C","hdc_src0_q_reg[1][10]/CE","TOP control","FDCE=2;LUT5=1;LUT6=2"
750,1.645,5.000,3.144,0.875,2.269,0.722,3,"st_q_reg[0]/C","hdc_src0_q_reg[1][11]/CE","TOP control","FDCE=2;LUT5=1;LUT6=2"
751,1.645,5.000,3.144,0.875,2.269,0.722,3,"st_q_reg[0]/C","hdc_src0_q_reg[1][12]/CE","TOP control","FDCE=2;LUT5=1;LUT6=2"
752,1.645,5.000,3.144,0.875,2.269,0.722,3,"st_q_reg[0]/C","hdc_src0_q_reg[1][13]/CE","TOP control","FDCE=2;LUT5=1;LUT6=2"
753,1.645,5.000,3.144,0.875,2.269,0.722,3,"st_q_reg[0]/C","hdc_src0_q_reg[1][14]/CE","TOP control","FDCE=2;LUT5=1;LUT6=2"
754,1.645,5.000,3.144,0.875,2.269,0.722,3,"st_q_reg[0]/C","hdc_src0_q_reg[1][15]/CE","TOP control","FDCE=2;LUT5=1;LUT6=2"
755,1.645,5.000,3.144,0.875,2.269,0.722,3,"st_q_reg[0]/C","hdc_src0_q_reg[1][16]/CE","TOP control","FDCE=2;LUT5=1;LUT6=2"
756,1.645,5.000,3.144,0.875,2.269,0.722,3,"st_q_reg[0]/C","hdc_src0_q_reg[1][17]/CE","TOP control","FDCE=2;LUT5=1;LUT6=2"
757,1.645,5.000,3.144,0.875,2.269,0.722,3,"st_q_reg[0]/C","hdc_src0_q_reg[1][18]/CE","TOP control","FDCE=2;LUT5=1;LUT6=2"
758,1.645,5.000,3.144,0.875,2.269,0.722,3,"st_q_reg[0]/C","hdc_src0_q_reg[1][19]/CE","TOP control","FDCE=2;LUT5=1;LUT6=2"
759,1.645,5.000,3.144,0.875,2.269,0.722,3,"st_q_reg[0]/C","hdc_src0_q_reg[1][1]/CE","TOP control","FDCE=2;LUT5=1;LUT6=2"
760,1.645,5.000,3.144,0.875,2.269,0.722,3,"st_q_reg[0]/C","hdc_src0_q_reg[1][20]/CE","TOP control","FDCE=2;LUT5=1;LUT6=2"
761,1.645,5.000,3.144,0.875,2.269,0.722,3,"st_q_reg[0]/C","hdc_src0_q_reg[1][21]/CE","TOP control","FDCE=2;LUT5=1;LUT6=2"
762,1.645,5.000,3.144,0.875,2.269,0.722,3,"st_q_reg[0]/C","hdc_src0_q_reg[1][22]/CE","TOP control","FDCE=2;LUT5=1;LUT6=2"
763,1.645,5.000,3.144,0.875,2.269,0.722,3,"st_q_reg[0]/C","hdc_src0_q_reg[1][23]/CE","TOP control","FDCE=2;LUT5=1;LUT6=2"
764,1.645,5.000,3.144,0.875,2.269,0.722,3,"st_q_reg[0]/C","hdc_src0_q_reg[1][24]/CE","TOP control","FDCE=2;LUT5=1;LUT6=2"
765,1.645,5.000,3.144,0.875,2.269,0.722,3,"st_q_reg[0]/C","hdc_src0_q_reg[1][25]/CE","TOP control","FDCE=2;LUT5=1;LUT6=2"
766,1.645,5.000,3.144,0.875,2.269,0.722,3,"st_q_reg[0]/C","hdc_src0_q_reg[1][26]/CE","TOP control","FDCE=2;LUT5=1;LUT6=2"
767,1.645,5.000,3.144,0.875,2.269,0.722,3,"st_q_reg[0]/C","hdc_src0_q_reg[1][27]/CE","TOP control","FDCE=2;LUT5=1;LUT6=2"
768,1.645,5.000,3.144,0.875,2.269,0.722,3,"st_q_reg[0]/C","hdc_src0_q_reg[1][28]/CE","TOP control","FDCE=2;LUT5=1;LUT6=2"
769,1.645,5.000,3.144,0.875,2.269,0.722,3,"st_q_reg[0]/C","hdc_src0_q_reg[1][29]/CE","TOP control","FDCE=2;LUT5=1;LUT6=2"
770,1.645,5.000,3.144,0.875,2.269,0.722,3,"st_q_reg[0]/C","hdc_src0_q_reg[1][2]/CE","TOP control","FDCE=2;LUT5=1;LUT6=2"
771,1.645,5.000,3.144,0.875,2.269,0.722,3,"st_q_reg[0]/C","hdc_src0_q_reg[1][30]/CE","TOP control","FDCE=2;LUT5=1;LUT6=2"
772,1.645,5.000,3.144,0.875,2.269,0.722,3,"st_q_reg[0]/C","hdc_src0_q_reg[1][31]/CE","TOP control","FDCE=2;LUT5=1;LUT6=2"
773,1.645,5.000,3.144,0.875,2.269,0.722,3,"st_q_reg[0]/C","hdc_src0_q_reg[1][32]/CE","TOP control","FDCE=2;LUT5=1;LUT6=2"
774,1.645,5.000,3.144,0.875,2.269,0.722,3,"st_q_reg[0]/C","hdc_src0_q_reg[1][33]/CE","TOP control","FDCE=2;LUT5=1;LUT6=2"
775,1.645,5.000,3.144,0.875,2.269,0.722,3,"st_q_reg[0]/C","hdc_src0_q_reg[1][34]/CE","TOP control","FDCE=2;LUT5=1;LUT6=2"
776,1.645,5.000,3.144,0.875,2.269,0.722,3,"st_q_reg[0]/C","hdc_src0_q_reg[1][35]/CE","TOP control","FDCE=2;LUT5=1;LUT6=2"
777,1.645,5.000,3.144,0.875,2.269,0.722,3,"st_q_reg[0]/C","hdc_src0_q_reg[1][36]/CE","TOP control","FDCE=2;LUT5=1;LUT6=2"
778,1.645,5.000,3.144,0.875,2.269,0.722,3,"st_q_reg[0]/C","hdc_src0_q_reg[1][37]/CE","TOP control","FDCE=2;LUT5=1;LUT6=2"
779,1.645,5.000,3.144,0.875,2.269,0.722,3,"st_q_reg[0]/C","hdc_src0_q_reg[1][38]/CE","TOP control","FDCE=2;LUT5=1;LUT6=2"
780,1.645,5.000,3.144,0.875,2.269,0.722,3,"st_q_reg[0]/C","hdc_src0_q_reg[1][39]/CE","TOP control","FDCE=2;LUT5=1;LUT6=2"
781,1.645,5.000,3.144,0.875,2.269,0.722,3,"st_q_reg[0]/C","hdc_src0_q_reg[1][3]/CE","TOP control","FDCE=2;LUT5=1;LUT6=2"
782,1.645,5.000,3.144,0.875,2.269,0.722,3,"st_q_reg[0]/C","hdc_src0_q_reg[1][40]/CE","TOP control","FDCE=2;LUT5=1;LUT6=2"
783,1.645,5.000,3.144,0.875,2.269,0.722,3,"st_q_reg[0]/C","hdc_src0_q_reg[1][41]/CE","TOP control","FDCE=2;LUT5=1;LUT6=2"
784,1.645,5.000,3.144,0.875,2.269,0.722,3,"st_q_reg[0]/C","hdc_src0_q_reg[1][42]/CE","TOP control","FDCE=2;LUT5=1;LUT6=2"
785,1.645,5.000,3.144,0.875,2.269,0.722,3,"st_q_reg[0]/C","hdc_src0_q_reg[1][43]/CE","TOP control","FDCE=2;LUT5=1;LUT6=2"
786,1.645,5.000,3.144,0.875,2.269,0.722,3,"st_q_reg[0]/C","hdc_src0_q_reg[1][44]/CE","TOP control","FDCE=2;LUT5=1;LUT6=2"
787,1.645,5.000,3.144,0.875,2.269,0.722,3,"st_q_reg[0]/C","hdc_src0_q_reg[1][45]/CE","TOP control","FDCE=2;LUT5=1;LUT6=2"
788,1.645,5.000,3.144,0.875,2.269,0.722,3,"st_q_reg[0]/C","hdc_src0_q_reg[1][46]/CE","TOP control","FDCE=2;LUT5=1;LUT6=2"
789,1.645,5.000,3.144,0.875,2.269,0.722,3,"st_q_reg[0]/C","hdc_src0_q_reg[1][47]/CE","TOP control","FDCE=2;LUT5=1;LUT6=2"
790,1.645,5.000,3.144,0.875,2.269,0.722,3,"st_q_reg[0]/C","hdc_src0_q_reg[1][4]/CE","TOP control","FDCE=2;LUT5=1;LUT6=2"
791,1.645,5.000,3.144,0.875,2.269,0.722,3,"st_q_reg[0]/C","hdc_src0_q_reg[1][5]/CE","TOP control","FDCE=2;LUT5=1;LUT6=2"
792,1.645,5.000,3.144,0.875,2.269,0.722,3,"st_q_reg[0]/C","hdc_src0_q_reg[1][6]/CE","TOP control","FDCE=2;LUT5=1;LUT6=2"
793,1.645,5.000,3.144,0.875,2.269,0.722,3,"st_q_reg[0]/C","hdc_src0_q_reg[1][7]/CE","TOP control","FDCE=2;LUT5=1;LUT6=2"
794,1.645,5.000,3.144,0.875,2.269,0.722,3,"st_q_reg[0]/C","hdc_src0_q_reg[1][8]/CE","TOP control","FDCE=2;LUT5=1;LUT6=2"
795,1.645,5.000,3.144,0.875,2.269,0.722,3,"st_q_reg[0]/C","hdc_src0_q_reg[1][9]/CE","TOP control","FDCE=2;LUT5=1;LUT6=2"
796,1.645,5.000,3.144,0.875,2.269,0.722,3,"st_q_reg[0]/C","hdc_src0_q_reg[2][0]/CE","TOP control","FDCE=2;LUT5=1;LUT6=2"
797,1.645,5.000,3.144,0.875,2.269,0.722,3,"st_q_reg[0]/C","hdc_src0_q_reg[2][10]/CE","TOP control","FDCE=2;LUT5=1;LUT6=2"
798,1.645,5.000,3.144,0.875,2.269,0.722,3,"st_q_reg[0]/C","hdc_src0_q_reg[2][11]/CE","TOP control","FDCE=2;LUT5=1;LUT6=2"
799,1.645,5.000,3.144,0.875,2.269,0.722,3,"st_q_reg[0]/C","hdc_src0_q_reg[2][12]/CE","TOP control","FDCE=2;LUT5=1;LUT6=2"
800,1.645,5.000,3.144,0.875,2.269,0.722,3,"st_q_reg[0]/C","hdc_src0_q_reg[2][13]/CE","TOP control","FDCE=2;LUT5=1;LUT6=2"
801,1.645,5.000,3.144,0.875,2.269,0.722,3,"st_q_reg[0]/C","hdc_src0_q_reg[2][14]/CE","TOP control","FDCE=2;LUT5=1;LUT6=2"
802,1.645,5.000,3.144,0.875,2.269,0.722,3,"st_q_reg[0]/C","hdc_src0_q_reg[2][15]/CE","TOP control","FDCE=2;LUT5=1;LUT6=2"
803,1.645,5.000,3.144,0.875,2.269,0.722,3,"st_q_reg[0]/C","hdc_src0_q_reg[2][16]/CE","TOP control","FDCE=2;LUT5=1;LUT6=2"
804,1.645,5.000,3.144,0.875,2.269,0.722,3,"st_q_reg[0]/C","hdc_src0_q_reg[2][17]/CE","TOP control","FDCE=2;LUT5=1;LUT6=2"
805,1.645,5.000,3.144,0.875,2.269,0.722,3,"st_q_reg[0]/C","hdc_src0_q_reg[2][18]/CE","TOP control","FDCE=2;LUT5=1;LUT6=2"
806,1.645,5.000,3.144,0.875,2.269,0.722,3,"st_q_reg[0]/C","hdc_src0_q_reg[2][19]/CE","TOP control","FDCE=2;LUT5=1;LUT6=2"
807,1.645,5.000,3.144,0.875,2.269,0.722,3,"st_q_reg[0]/C","hdc_src0_q_reg[2][1]/CE","TOP control","FDCE=2;LUT5=1;LUT6=2"
808,1.645,5.000,3.144,0.875,2.269,0.722,3,"st_q_reg[0]/C","hdc_src0_q_reg[2][20]/CE","TOP control","FDCE=2;LUT5=1;LUT6=2"
809,1.645,5.000,3.144,0.875,2.269,0.722,3,"st_q_reg[0]/C","hdc_src0_q_reg[2][21]/CE","TOP control","FDCE=2;LUT5=1;LUT6=2"
810,1.645,5.000,3.144,0.875,2.269,0.722,3,"st_q_reg[0]/C","hdc_src0_q_reg[2][22]/CE","TOP control","FDCE=2;LUT5=1;LUT6=2"
811,1.645,5.000,3.144,0.875,2.269,0.722,3,"st_q_reg[0]/C","hdc_src0_q_reg[2][23]/CE","TOP control","FDCE=2;LUT5=1;LUT6=2"
812,1.645,5.000,3.144,0.875,2.269,0.722,3,"st_q_reg[0]/C","hdc_src0_q_reg[2][24]/CE","TOP control","FDCE=2;LUT5=1;LUT6=2"
813,1.645,5.000,3.144,0.875,2.269,0.722,3,"st_q_reg[0]/C","hdc_src0_q_reg[2][25]/CE","TOP control","FDCE=2;LUT5=1;LUT6=2"
814,1.645,5.000,3.144,0.875,2.269,0.722,3,"st_q_reg[0]/C","hdc_src0_q_reg[2][26]/CE","TOP control","FDCE=2;LUT5=1;LUT6=2"
815,1.645,5.000,3.144,0.875,2.269,0.722,3,"st_q_reg[0]/C","hdc_src0_q_reg[2][27]/CE","TOP control","FDCE=2;LUT5=1;LUT6=2"
816,1.645,5.000,3.144,0.875,2.269,0.722,3,"st_q_reg[0]/C","hdc_src0_q_reg[2][28]/CE","TOP control","FDCE=2;LUT5=1;LUT6=2"
817,1.645,5.000,3.144,0.875,2.269,0.722,3,"st_q_reg[0]/C","hdc_src0_q_reg[2][29]/CE","TOP control","FDCE=2;LUT5=1;LUT6=2"
818,1.645,5.000,3.144,0.875,2.269,0.722,3,"st_q_reg[0]/C","hdc_src0_q_reg[2][2]/CE","TOP control","FDCE=2;LUT5=1;LUT6=2"
819,1.645,5.000,3.144,0.875,2.269,0.722,3,"st_q_reg[0]/C","hdc_src0_q_reg[2][30]/CE","TOP control","FDCE=2;LUT5=1;LUT6=2"
820,1.645,5.000,3.144,0.875,2.269,0.722,3,"st_q_reg[0]/C","hdc_src0_q_reg[2][31]/CE","TOP control","FDCE=2;LUT5=1;LUT6=2"
821,1.645,5.000,3.144,0.875,2.269,0.722,3,"st_q_reg[0]/C","hdc_src0_q_reg[2][32]/CE","TOP control","FDCE=2;LUT5=1;LUT6=2"
822,1.645,5.000,3.144,0.875,2.269,0.722,3,"st_q_reg[0]/C","hdc_src0_q_reg[2][33]/CE","TOP control","FDCE=2;LUT5=1;LUT6=2"
823,1.645,5.000,3.144,0.875,2.269,0.722,3,"st_q_reg[0]/C","hdc_src0_q_reg[2][34]/CE","TOP control","FDCE=2;LUT5=1;LUT6=2"
824,1.645,5.000,3.144,0.875,2.269,0.722,3,"st_q_reg[0]/C","hdc_src0_q_reg[2][35]/CE","TOP control","FDCE=2;LUT5=1;LUT6=2"
825,1.645,5.000,3.144,0.875,2.269,0.722,3,"st_q_reg[0]/C","hdc_src0_q_reg[2][36]/CE","TOP control","FDCE=2;LUT5=1;LUT6=2"
826,1.645,5.000,3.144,0.875,2.269,0.722,3,"st_q_reg[0]/C","hdc_src0_q_reg[2][37]/CE","TOP control","FDCE=2;LUT5=1;LUT6=2"
827,1.645,5.000,3.144,0.875,2.269,0.722,3,"st_q_reg[0]/C","hdc_src0_q_reg[2][38]/CE","TOP control","FDCE=2;LUT5=1;LUT6=2"
828,1.645,5.000,3.144,0.875,2.269,0.722,3,"st_q_reg[0]/C","hdc_src0_q_reg[2][39]/CE","TOP control","FDCE=2;LUT5=1;LUT6=2"
829,1.645,5.000,3.144,0.875,2.269,0.722,3,"st_q_reg[0]/C","hdc_src0_q_reg[2][3]/CE","TOP control","FDCE=2;LUT5=1;LUT6=2"
830,1.645,5.000,3.144,0.875,2.269,0.722,3,"st_q_reg[0]/C","hdc_src0_q_reg[2][40]/CE","TOP control","FDCE=2;LUT5=1;LUT6=2"
831,1.645,5.000,3.144,0.875,2.269,0.722,3,"st_q_reg[0]/C","hdc_src0_q_reg[2][41]/CE","TOP control","FDCE=2;LUT5=1;LUT6=2"
832,1.645,5.000,3.144,0.875,2.269,0.722,3,"st_q_reg[0]/C","hdc_src0_q_reg[2][42]/CE","TOP control","FDCE=2;LUT5=1;LUT6=2"
833,1.645,5.000,3.144,0.875,2.269,0.722,3,"st_q_reg[0]/C","hdc_src0_q_reg[2][43]/CE","TOP control","FDCE=2;LUT5=1;LUT6=2"
834,1.645,5.000,3.144,0.875,2.269,0.722,3,"st_q_reg[0]/C","hdc_src0_q_reg[2][44]/CE","TOP control","FDCE=2;LUT5=1;LUT6=2"
835,1.645,5.000,3.144,0.875,2.269,0.722,3,"st_q_reg[0]/C","hdc_src0_q_reg[2][45]/CE","TOP control","FDCE=2;LUT5=1;LUT6=2"
836,1.645,5.000,3.144,0.875,2.269,0.722,3,"st_q_reg[0]/C","hdc_src0_q_reg[2][46]/CE","TOP control","FDCE=2;LUT5=1;LUT6=2"
837,1.645,5.000,3.144,0.875,2.269,0.722,3,"st_q_reg[0]/C","hdc_src0_q_reg[2][47]/CE","TOP control","FDCE=2;LUT5=1;LUT6=2"
838,1.645,5.000,3.144,0.875,2.269,0.722,3,"st_q_reg[0]/C","hdc_src0_q_reg[2][4]/CE","TOP control","FDCE=2;LUT5=1;LUT6=2"
839,1.645,5.000,3.144,0.875,2.269,0.722,3,"st_q_reg[0]/C","hdc_src0_q_reg[2][5]/CE","TOP control","FDCE=2;LUT5=1;LUT6=2"
840,1.645,5.000,3.144,0.875,2.269,0.722,3,"st_q_reg[0]/C","hdc_src0_q_reg[2][6]/CE","TOP control","FDCE=2;LUT5=1;LUT6=2"
841,1.645,5.000,3.144,0.875,2.269,0.722,3,"st_q_reg[0]/C","hdc_src0_q_reg[2][7]/CE","TOP control","FDCE=2;LUT5=1;LUT6=2"
842,1.645,5.000,3.144,0.875,2.269,0.722,3,"st_q_reg[0]/C","hdc_src0_q_reg[2][8]/CE","TOP control","FDCE=2;LUT5=1;LUT6=2"
843,1.645,5.000,3.144,0.875,2.269,0.722,3,"st_q_reg[0]/C","hdc_src0_q_reg[2][9]/CE","TOP control","FDCE=2;LUT5=1;LUT6=2"
844,1.645,5.000,3.144,0.875,2.269,0.722,3,"st_q_reg[0]/C","hdc_src0_q_reg[3][0]/CE","TOP control","FDCE=2;LUT5=1;LUT6=2"
845,1.645,5.000,3.144,0.875,2.269,0.722,3,"st_q_reg[0]/C","hdc_src0_q_reg[3][10]/CE","TOP control","FDCE=2;LUT5=1;LUT6=2"
846,1.645,5.000,3.144,0.875,2.269,0.722,3,"st_q_reg[0]/C","hdc_src0_q_reg[3][11]/CE","TOP control","FDCE=2;LUT5=1;LUT6=2"
847,1.645,5.000,3.144,0.875,2.269,0.722,3,"st_q_reg[0]/C","hdc_src0_q_reg[3][12]/CE","TOP control","FDCE=2;LUT5=1;LUT6=2"
848,1.645,5.000,3.144,0.875,2.269,0.722,3,"st_q_reg[0]/C","hdc_src0_q_reg[3][13]/CE","TOP control","FDCE=2;LUT5=1;LUT6=2"
849,1.645,5.000,3.144,0.875,2.269,0.722,3,"st_q_reg[0]/C","hdc_src0_q_reg[3][14]/CE","TOP control","FDCE=2;LUT5=1;LUT6=2"
850,1.645,5.000,3.144,0.875,2.269,0.722,3,"st_q_reg[0]/C","hdc_src0_q_reg[3][15]/CE","TOP control","FDCE=2;LUT5=1;LUT6=2"
851,1.645,5.000,3.144,0.875,2.269,0.722,3,"st_q_reg[0]/C","hdc_src0_q_reg[3][16]/CE","TOP control","FDCE=2;LUT5=1;LUT6=2"
852,1.645,5.000,3.144,0.875,2.269,0.722,3,"st_q_reg[0]/C","hdc_src0_q_reg[3][17]/CE","TOP control","FDCE=2;LUT5=1;LUT6=2"
853,1.645,5.000,3.144,0.875,2.269,0.722,3,"st_q_reg[0]/C","hdc_src0_q_reg[3][18]/CE","TOP control","FDCE=2;LUT5=1;LUT6=2"
854,1.645,5.000,3.144,0.875,2.269,0.722,3,"st_q_reg[0]/C","hdc_src0_q_reg[3][19]/CE","TOP control","FDCE=2;LUT5=1;LUT6=2"
855,1.645,5.000,3.144,0.875,2.269,0.722,3,"st_q_reg[0]/C","hdc_src0_q_reg[3][1]/CE","TOP control","FDCE=2;LUT5=1;LUT6=2"
856,1.645,5.000,3.144,0.875,2.269,0.722,3,"st_q_reg[0]/C","hdc_src0_q_reg[3][20]/CE","TOP control","FDCE=2;LUT5=1;LUT6=2"
857,1.645,5.000,3.144,0.875,2.269,0.722,3,"st_q_reg[0]/C","hdc_src0_q_reg[3][21]/CE","TOP control","FDCE=2;LUT5=1;LUT6=2"
858,1.645,5.000,3.144,0.875,2.269,0.722,3,"st_q_reg[0]/C","hdc_src0_q_reg[3][22]/CE","TOP control","FDCE=2;LUT5=1;LUT6=2"
859,1.645,5.000,3.144,0.875,2.269,0.722,3,"st_q_reg[0]/C","hdc_src0_q_reg[3][23]/CE","TOP control","FDCE=2;LUT5=1;LUT6=2"
860,1.645,5.000,3.144,0.875,2.269,0.722,3,"st_q_reg[0]/C","hdc_src0_q_reg[3][24]/CE","TOP control","FDCE=2;LUT5=1;LUT6=2"
861,1.645,5.000,3.144,0.875,2.269,0.722,3,"st_q_reg[0]/C","hdc_src0_q_reg[3][25]/CE","TOP control","FDCE=2;LUT5=1;LUT6=2"
862,1.645,5.000,3.144,0.875,2.269,0.722,3,"st_q_reg[0]/C","hdc_src0_q_reg[3][26]/CE","TOP control","FDCE=2;LUT5=1;LUT6=2"
863,1.645,5.000,3.144,0.875,2.269,0.722,3,"st_q_reg[0]/C","hdc_src0_q_reg[3][27]/CE","TOP control","FDCE=2;LUT5=1;LUT6=2"
864,1.645,5.000,3.144,0.875,2.269,0.722,3,"st_q_reg[0]/C","hdc_src0_q_reg[3][28]/CE","TOP control","FDCE=2;LUT5=1;LUT6=2"
865,1.645,5.000,3.144,0.875,2.269,0.722,3,"st_q_reg[0]/C","hdc_src0_q_reg[3][29]/CE","TOP control","FDCE=2;LUT5=1;LUT6=2"
866,1.645,5.000,3.144,0.875,2.269,0.722,3,"st_q_reg[0]/C","hdc_src0_q_reg[3][2]/CE","TOP control","FDCE=2;LUT5=1;LUT6=2"
867,1.645,5.000,3.144,0.875,2.269,0.722,3,"st_q_reg[0]/C","hdc_src0_q_reg[3][30]/CE","TOP control","FDCE=2;LUT5=1;LUT6=2"
868,1.645,5.000,3.144,0.875,2.269,0.722,3,"st_q_reg[0]/C","hdc_src0_q_reg[3][31]/CE","TOP control","FDCE=2;LUT5=1;LUT6=2"
869,1.645,5.000,3.144,0.875,2.269,0.722,3,"st_q_reg[0]/C","hdc_src0_q_reg[3][32]/CE","TOP control","FDCE=2;LUT5=1;LUT6=2"
870,1.645,5.000,3.144,0.875,2.269,0.722,3,"st_q_reg[0]/C","hdc_src0_q_reg[3][33]/CE","TOP control","FDCE=2;LUT5=1;LUT6=2"
871,1.645,5.000,3.144,0.875,2.269,0.722,3,"st_q_reg[0]/C","hdc_src0_q_reg[3][34]/CE","TOP control","FDCE=2;LUT5=1;LUT6=2"
872,1.645,5.000,3.144,0.875,2.269,0.722,3,"st_q_reg[0]/C","hdc_src0_q_reg[3][35]/CE","TOP control","FDCE=2;LUT5=1;LUT6=2"
873,1.645,5.000,3.144,0.875,2.269,0.722,3,"st_q_reg[0]/C","hdc_src0_q_reg[3][36]/CE","TOP control","FDCE=2;LUT5=1;LUT6=2"
874,1.645,5.000,3.144,0.875,2.269,0.722,3,"st_q_reg[0]/C","hdc_src0_q_reg[3][37]/CE","TOP control","FDCE=2;LUT5=1;LUT6=2"
875,1.645,5.000,3.144,0.875,2.269,0.722,3,"st_q_reg[0]/C","hdc_src0_q_reg[3][38]/CE","TOP control","FDCE=2;LUT5=1;LUT6=2"
876,1.645,5.000,3.144,0.875,2.269,0.722,3,"st_q_reg[0]/C","hdc_src0_q_reg[3][39]/CE","TOP control","FDCE=2;LUT5=1;LUT6=2"
877,1.645,5.000,3.144,0.875,2.269,0.722,3,"st_q_reg[0]/C","hdc_src0_q_reg[3][3]/CE","TOP control","FDCE=2;LUT5=1;LUT6=2"
878,1.645,5.000,3.144,0.875,2.269,0.722,3,"st_q_reg[0]/C","hdc_src0_q_reg[3][40]/CE","TOP control","FDCE=2;LUT5=1;LUT6=2"
879,1.645,5.000,3.144,0.875,2.269,0.722,3,"st_q_reg[0]/C","hdc_src0_q_reg[3][41]/CE","TOP control","FDCE=2;LUT5=1;LUT6=2"
880,1.645,5.000,3.144,0.875,2.269,0.722,3,"st_q_reg[0]/C","hdc_src0_q_reg[3][42]/CE","TOP control","FDCE=2;LUT5=1;LUT6=2"
881,1.645,5.000,3.144,0.875,2.269,0.722,3,"st_q_reg[0]/C","hdc_src0_q_reg[3][43]/CE","TOP control","FDCE=2;LUT5=1;LUT6=2"
882,1.645,5.000,3.144,0.875,2.269,0.722,3,"st_q_reg[0]/C","hdc_src0_q_reg[3][44]/CE","TOP control","FDCE=2;LUT5=1;LUT6=2"
883,1.645,5.000,3.144,0.875,2.269,0.722,3,"st_q_reg[0]/C","hdc_src0_q_reg[3][45]/CE","TOP control","FDCE=2;LUT5=1;LUT6=2"
884,1.645,5.000,3.144,0.875,2.269,0.722,3,"st_q_reg[0]/C","hdc_src0_q_reg[3][46]/CE","TOP control","FDCE=2;LUT5=1;LUT6=2"
885,1.645,5.000,3.144,0.875,2.269,0.722,3,"st_q_reg[0]/C","hdc_src0_q_reg[3][47]/CE","TOP control","FDCE=2;LUT5=1;LUT6=2"
886,1.645,5.000,3.144,0.875,2.269,0.722,3,"st_q_reg[0]/C","hdc_src0_q_reg[3][4]/CE","TOP control","FDCE=2;LUT5=1;LUT6=2"
887,1.645,5.000,3.144,0.875,2.269,0.722,3,"st_q_reg[0]/C","hdc_src0_q_reg[3][5]/CE","TOP control","FDCE=2;LUT5=1;LUT6=2"
888,1.645,5.000,3.144,0.875,2.269,0.722,3,"st_q_reg[0]/C","hdc_src0_q_reg[3][6]/CE","TOP control","FDCE=2;LUT5=1;LUT6=2"
889,1.645,5.000,3.144,0.875,2.269,0.722,3,"st_q_reg[0]/C","hdc_src0_q_reg[3][7]/CE","TOP control","FDCE=2;LUT5=1;LUT6=2"
890,1.645,5.000,3.144,0.875,2.269,0.722,3,"st_q_reg[0]/C","hdc_src0_q_reg[3][8]/CE","TOP control","FDCE=2;LUT5=1;LUT6=2"
891,1.645,5.000,3.144,0.875,2.269,0.722,3,"st_q_reg[0]/C","hdc_src0_q_reg[3][9]/CE","TOP control","FDCE=2;LUT5=1;LUT6=2"
892,1.656,5.000,3.133,0.895,2.238,0.714,3,"st_q_reg[3]/C","uop_p0_q_reg[chunk_idx][0]/CE","TOP control","FDCE=2;LUT2=1;LUT6=2"
893,1.656,5.000,3.133,0.895,2.238,0.714,3,"st_q_reg[3]/C","uop_p0_q_reg[chunk_idx][1]/CE","TOP control","FDCE=2;LUT2=1;LUT6=2"
894,1.656,5.000,3.133,0.895,2.238,0.714,3,"st_q_reg[3]/C","uop_p0_q_reg[class_idx][0]/CE","TOP control","FDCE=2;LUT2=1;LUT6=2"
895,1.656,5.000,3.133,0.895,2.238,0.714,3,"st_q_reg[3]/C","uop_p0_q_reg[class_idx][1]/CE","TOP control","FDCE=2;LUT2=1;LUT6=2"
896,1.656,5.000,3.133,0.895,2.238,0.714,3,"st_q_reg[3]/C","uop_p0_q_reg[class_idx][2]/CE","TOP control","FDCE=2;LUT2=1;LUT6=2"
897,1.656,5.000,3.133,0.895,2.238,0.714,3,"st_q_reg[3]/C","uop_p0_q_reg[dst_addr][0]/CE","TOP control","FDCE=2;LUT2=1;LUT6=2"
898,1.656,5.000,3.133,0.895,2.238,0.714,3,"st_q_reg[3]/C","uop_p0_q_reg[dst_addr][1]/CE","TOP control","FDCE=2;LUT2=1;LUT6=2"
899,1.656,5.000,3.133,0.895,2.238,0.714,3,"st_q_reg[3]/C","uop_p0_q_reg[dst_addr][2]/CE","TOP control","FDCE=2;LUT2=1;LUT6=2"
900,1.656,5.000,3.133,0.895,2.238,0.714,3,"st_q_reg[3]/C","uop_p0_q_reg[dst_addr][3]/CE","TOP control","FDCE=2;LUT2=1;LUT6=2"
901,1.656,5.000,3.133,0.895,2.238,0.714,3,"st_q_reg[3]/C","uop_p0_q_reg[dst_addr][4]/CE","TOP control","FDCE=2;LUT2=1;LUT6=2"
902,1.656,5.000,3.133,0.895,2.238,0.714,3,"st_q_reg[3]/C","uop_p0_q_reg[dst_addr][5]/CE","TOP control","FDCE=2;LUT2=1;LUT6=2"
903,1.656,5.000,3.133,0.895,2.238,0.714,3,"st_q_reg[3]/C","uop_p0_q_reg[is_last_class]/CE","TOP control","FDCE=2;LUT2=1;LUT6=2"
904,1.656,5.000,3.133,0.895,2.238,0.714,3,"st_q_reg[3]/C","uop_p0_q_reg[op_type][0]/CE","TOP control","FDCE=2;LUT2=1;LUT6=2"
905,1.656,5.000,3.133,0.895,2.238,0.714,3,"st_q_reg[3]/C","uop_p0_q_reg[op_type][1]/CE","TOP control","FDCE=2;LUT2=1;LUT6=2"
906,1.656,5.000,3.133,0.895,2.238,0.714,3,"st_q_reg[3]/C","uop_p0_q_reg[op_type][2]/CE","TOP control","FDCE=2;LUT2=1;LUT6=2"
907,1.656,5.000,3.133,0.895,2.238,0.714,3,"st_q_reg[3]/C","uop_p0_q_reg[perm_nibble][0]/CE","TOP control","FDCE=2;LUT2=1;LUT6=2"
908,1.656,5.000,3.133,0.895,2.238,0.714,3,"st_q_reg[3]/C","uop_p0_q_reg[perm_nibble][1]/CE","TOP control","FDCE=2;LUT2=1;LUT6=2"
909,1.656,5.000,3.133,0.895,2.238,0.714,3,"st_q_reg[3]/C","uop_p0_q_reg[perm_nibble][2]/CE","TOP control","FDCE=2;LUT2=1;LUT6=2"
910,1.656,5.000,3.133,0.895,2.238,0.714,3,"st_q_reg[3]/C","uop_p0_q_reg[perm_nibble][3]/CE","TOP control","FDCE=2;LUT2=1;LUT6=2"
911,1.656,5.000,3.133,0.895,2.238,0.714,3,"st_q_reg[3]/C","uop_p0_q_reg[src0_addr][0]/CE","TOP control","FDCE=2;LUT2=1;LUT6=2"
912,1.656,5.000,3.133,0.895,2.238,0.714,3,"st_q_reg[3]/C","uop_p0_q_reg[src0_addr][1]/CE","TOP control","FDCE=2;LUT2=1;LUT6=2"
913,1.656,5.000,3.133,0.895,2.238,0.714,3,"st_q_reg[3]/C","uop_p0_q_reg[src0_addr][2]/CE","TOP control","FDCE=2;LUT2=1;LUT6=2"
914,1.656,5.000,3.133,0.895,2.238,0.714,3,"st_q_reg[3]/C","uop_p0_q_reg[src0_addr][3]/CE","TOP control","FDCE=2;LUT2=1;LUT6=2"
915,1.656,5.000,3.133,0.895,2.238,0.714,3,"st_q_reg[3]/C","uop_p0_q_reg[src0_addr][4]/CE","TOP control","FDCE=2;LUT2=1;LUT6=2"
916,1.656,5.000,3.133,0.895,2.238,0.714,3,"st_q_reg[3]/C","uop_p0_q_reg[src0_addr][5]/CE","TOP control","FDCE=2;LUT2=1;LUT6=2"
917,1.656,5.000,3.133,0.895,2.238,0.714,3,"st_q_reg[3]/C","uop_p0_q_reg[src1_addr][0]/CE","TOP control","FDCE=2;LUT2=1;LUT6=2"
918,1.656,5.000,3.133,0.895,2.238,0.714,3,"st_q_reg[3]/C","uop_p0_q_reg[src1_addr][1]/CE","TOP control","FDCE=2;LUT2=1;LUT6=2"
919,1.656,5.000,3.133,0.895,2.238,0.714,3,"st_q_reg[3]/C","uop_p0_q_reg[src1_addr][2]/CE","TOP control","FDCE=2;LUT2=1;LUT6=2"
920,1.656,5.000,3.133,0.895,2.238,0.714,3,"st_q_reg[3]/C","uop_p0_q_reg[src1_addr][3]/CE","TOP control","FDCE=2;LUT2=1;LUT6=2"
921,1.656,5.000,3.133,0.895,2.238,0.714,3,"st_q_reg[3]/C","uop_p0_q_reg[src1_addr][4]/CE","TOP control","FDCE=2;LUT2=1;LUT6=2"
922,1.656,5.000,3.133,0.895,2.238,0.714,3,"st_q_reg[3]/C","uop_p0_q_reg[src1_addr][5]/CE","TOP control","FDCE=2;LUT2=1;LUT6=2"
923,1.656,5.000,3.133,0.895,2.238,0.714,3,"st_q_reg[3]/C","uop_p0_q_reg[subgroup_idx][0]/CE","TOP control","FDCE=2;LUT2=1;LUT6=2"
924,1.656,5.000,3.133,0.895,2.238,0.714,3,"st_q_reg[3]/C","uop_p0_q_reg[subgroup_idx][1]/CE","TOP control","FDCE=2;LUT2=1;LUT6=2"
925,1.656,5.000,3.133,0.895,2.238,0.714,3,"st_q_reg[3]/C","uop_p0_q_reg[use_clip]/CE","TOP control","FDCE=2;LUT2=1;LUT6=2"
926,1.656,5.000,3.133,0.895,2.238,0.714,3,"st_q_reg[3]/C","uop_p0_q_reg[use_counter]/CE","TOP control","FDCE=2;LUT2=1;LUT6=2"
927,1.656,5.000,3.133,0.895,2.238,0.714,3,"st_q_reg[3]/C","uop_p0_q_reg[use_shift]/CE","TOP control","FDCE=2;LUT2=1;LUT6=2"
928,1.672,5.000,3.325,1.000,2.325,0.699,4,"uop_p3_q_reg[op_type][1]/C","hmatch_update_q_reg/D","HMATCH reduction/compare","FDCE=2;LUT3=1;LUT5=1;LUT6=2"
929,1.679,5.000,3.318,1.000,2.318,0.699,4,"op_q_reg[3]/C","uop_p0_q_reg[src1_addr][4]/D","TOP control","FDCE=2;LUT4=1;LUT6=3"
930,1.697,5.000,3.021,0.875,2.146,0.710,3,"ecc_fold_word_q_reg[0]/C","ecc_product_even_reg_0_3_0_0/DP/I","other","FDCE=1;LUT6=3;RAMD32=1"
931,1.697,5.000,3.021,0.875,2.146,0.710,3,"ecc_fold_word_q_reg[0]/C","ecc_product_even_reg_0_3_10_10/DP/I","other","FDCE=1;LUT6=3;RAMD32=1"
932,1.697,5.000,3.021,0.875,2.146,0.710,3,"ecc_fold_word_q_reg[0]/C","ecc_product_even_reg_0_3_11_11/DP/I","other","FDCE=1;LUT6=3;RAMD32=1"
933,1.697,5.000,3.021,0.875,2.146,0.710,3,"ecc_fold_word_q_reg[0]/C","ecc_product_even_reg_0_3_12_12/DP/I","other","FDCE=1;LUT6=3;RAMD32=1"
934,1.697,5.000,3.021,0.875,2.146,0.710,3,"ecc_fold_word_q_reg[0]/C","ecc_product_even_reg_0_3_13_13/DP/I","other","FDCE=1;LUT6=3;RAMD32=1"
935,1.697,5.000,3.021,0.875,2.146,0.710,3,"ecc_fold_word_q_reg[0]/C","ecc_product_even_reg_0_3_14_14/DP/I","other","FDCE=1;LUT6=3;RAMD32=1"
936,1.697,5.000,3.021,0.875,2.146,0.710,3,"ecc_fold_word_q_reg[0]/C","ecc_product_even_reg_0_3_15_15/DP/I","other","FDCE=1;LUT6=3;RAMD32=1"
937,1.697,5.000,3.021,0.875,2.146,0.710,3,"ecc_fold_word_q_reg[0]/C","ecc_product_even_reg_0_3_16_16/DP/I","other","FDCE=1;LUT6=3;RAMD32=1"
938,1.697,5.000,3.021,0.875,2.146,0.710,3,"ecc_fold_word_q_reg[0]/C","ecc_product_even_reg_0_3_17_17/DP/I","other","FDCE=1;LUT6=3;RAMD32=1"
939,1.697,5.000,3.021,0.875,2.146,0.710,3,"ecc_fold_word_q_reg[0]/C","ecc_product_even_reg_0_3_18_18/DP/I","other","FDCE=1;LUT6=3;RAMD32=1"
940,1.697,5.000,3.021,0.875,2.146,0.710,3,"ecc_fold_word_q_reg[0]/C","ecc_product_even_reg_0_3_19_19/DP/I","other","FDCE=1;LUT6=3;RAMD32=1"
941,1.697,5.000,3.021,0.875,2.146,0.710,3,"ecc_fold_word_q_reg[0]/C","ecc_product_even_reg_0_3_1_1/DP/I","other","FDCE=1;LUT6=3;RAMD32=1"
942,1.697,5.000,3.021,0.875,2.146,0.710,3,"ecc_fold_word_q_reg[0]/C","ecc_product_even_reg_0_3_20_20/DP/I","other","FDCE=1;LUT6=3;RAMD32=1"
943,1.697,5.000,3.021,0.875,2.146,0.710,3,"ecc_fold_word_q_reg[0]/C","ecc_product_even_reg_0_3_21_21/DP/I","other","FDCE=1;LUT6=3;RAMD32=1"
944,1.697,5.000,3.021,0.875,2.146,0.710,3,"ecc_fold_word_q_reg[0]/C","ecc_product_even_reg_0_3_22_22/DP/I","other","FDCE=1;LUT6=3;RAMD32=1"
945,1.697,5.000,3.021,0.875,2.146,0.710,3,"ecc_fold_word_q_reg[0]/C","ecc_product_even_reg_0_3_23_23/DP/I","other","FDCE=1;LUT6=3;RAMD32=1"
946,1.697,5.000,3.021,0.875,2.146,0.710,3,"ecc_fold_word_q_reg[0]/C","ecc_product_even_reg_0_3_24_24/DP/I","other","FDCE=1;LUT6=3;RAMD32=1"
947,1.697,5.000,3.021,0.875,2.146,0.710,3,"ecc_fold_word_q_reg[0]/C","ecc_product_even_reg_0_3_25_25/DP/I","other","FDCE=1;LUT6=3;RAMD32=1"
948,1.697,5.000,3.021,0.875,2.146,0.710,3,"ecc_fold_word_q_reg[0]/C","ecc_product_even_reg_0_3_26_26/DP/I","other","FDCE=1;LUT6=3;RAMD32=1"
949,1.697,5.000,3.021,0.875,2.146,0.710,3,"ecc_fold_word_q_reg[0]/C","ecc_product_even_reg_0_3_27_27/DP/I","other","FDCE=1;LUT6=3;RAMD32=1"
950,1.697,5.000,3.021,0.875,2.146,0.710,3,"ecc_fold_word_q_reg[0]/C","ecc_product_even_reg_0_3_28_28/DP/I","other","FDCE=1;LUT6=3;RAMD32=1"
951,1.697,5.000,3.021,0.875,2.146,0.710,3,"ecc_fold_word_q_reg[0]/C","ecc_product_even_reg_0_3_29_29/DP/I","other","FDCE=1;LUT6=3;RAMD32=1"
952,1.697,5.000,3.021,0.875,2.146,0.710,3,"ecc_fold_word_q_reg[0]/C","ecc_product_even_reg_0_3_2_2/DP/I","other","FDCE=1;LUT6=3;RAMD32=1"
953,1.697,5.000,3.021,0.875,2.146,0.710,3,"ecc_fold_word_q_reg[0]/C","ecc_product_even_reg_0_3_30_30/DP/I","other","FDCE=1;LUT6=3;RAMD32=1"
954,1.697,5.000,3.021,0.875,2.146,0.710,3,"ecc_fold_word_q_reg[0]/C","ecc_product_even_reg_0_3_31_31/DP/I","other","FDCE=1;LUT4=1;LUT6=2;RAMD32=1"
955,1.697,5.000,3.021,0.875,2.146,0.710,3,"ecc_fold_word_q_reg[0]/C","ecc_product_even_reg_0_3_3_3/DP/I","other","FDCE=1;LUT6=3;RAMD32=1"
956,1.697,5.000,3.021,0.875,2.146,0.710,3,"ecc_fold_word_q_reg[0]/C","ecc_product_even_reg_0_3_4_4/DP/I","other","FDCE=1;LUT6=3;RAMD32=1"
957,1.697,5.000,3.021,0.875,2.146,0.710,3,"ecc_fold_word_q_reg[0]/C","ecc_product_even_reg_0_3_5_5/DP/I","other","FDCE=1;LUT6=3;RAMD32=1"
958,1.697,5.000,3.021,0.875,2.146,0.710,3,"ecc_fold_word_q_reg[0]/C","ecc_product_even_reg_0_3_6_6/DP/I","other","FDCE=1;LUT6=3;RAMD32=1"
959,1.697,5.000,3.021,0.875,2.146,0.710,3,"ecc_fold_word_q_reg[0]/C","ecc_product_even_reg_0_3_7_7/DP/I","other","FDCE=1;LUT6=3;RAMD32=1"
960,1.697,5.000,3.021,0.875,2.146,0.710,3,"ecc_fold_word_q_reg[0]/C","ecc_product_even_reg_0_3_8_8/DP/I","other","FDCE=1;LUT6=3;RAMD32=1"
961,1.697,5.000,3.021,0.875,2.146,0.710,3,"ecc_fold_word_q_reg[0]/C","ecc_product_even_reg_0_3_9_9/DP/I","other","FDCE=1;LUT6=3;RAMD32=1"
962,1.732,5.000,3.021,0.875,2.146,0.710,3,"ecc_fold_word_q_reg[0]/C","ecc_product_even_reg_0_3_0_0/SP/I","other","FDCE=1;LUT6=3;RAMD32=1"
963,1.732,5.000,3.021,0.875,2.146,0.710,3,"ecc_fold_word_q_reg[0]/C","ecc_product_even_reg_0_3_10_10/SP/I","other","FDCE=1;LUT6=3;RAMD32=1"
964,1.732,5.000,3.021,0.875,2.146,0.710,3,"ecc_fold_word_q_reg[0]/C","ecc_product_even_reg_0_3_11_11/SP/I","other","FDCE=1;LUT6=3;RAMD32=1"
965,1.732,5.000,3.021,0.875,2.146,0.710,3,"ecc_fold_word_q_reg[0]/C","ecc_product_even_reg_0_3_12_12/SP/I","other","FDCE=1;LUT6=3;RAMD32=1"
966,1.732,5.000,3.021,0.875,2.146,0.710,3,"ecc_fold_word_q_reg[0]/C","ecc_product_even_reg_0_3_13_13/SP/I","other","FDCE=1;LUT6=3;RAMD32=1"
967,1.732,5.000,3.021,0.875,2.146,0.710,3,"ecc_fold_word_q_reg[0]/C","ecc_product_even_reg_0_3_14_14/SP/I","other","FDCE=1;LUT6=3;RAMD32=1"
968,1.732,5.000,3.021,0.875,2.146,0.710,3,"ecc_fold_word_q_reg[0]/C","ecc_product_even_reg_0_3_15_15/SP/I","other","FDCE=1;LUT6=3;RAMD32=1"
969,1.732,5.000,3.021,0.875,2.146,0.710,3,"ecc_fold_word_q_reg[0]/C","ecc_product_even_reg_0_3_16_16/SP/I","other","FDCE=1;LUT6=3;RAMD32=1"
970,1.732,5.000,3.021,0.875,2.146,0.710,3,"ecc_fold_word_q_reg[0]/C","ecc_product_even_reg_0_3_17_17/SP/I","other","FDCE=1;LUT6=3;RAMD32=1"
971,1.732,5.000,3.021,0.875,2.146,0.710,3,"ecc_fold_word_q_reg[0]/C","ecc_product_even_reg_0_3_18_18/SP/I","other","FDCE=1;LUT6=3;RAMD32=1"
972,1.732,5.000,3.021,0.875,2.146,0.710,3,"ecc_fold_word_q_reg[0]/C","ecc_product_even_reg_0_3_19_19/SP/I","other","FDCE=1;LUT6=3;RAMD32=1"
973,1.732,5.000,3.021,0.875,2.146,0.710,3,"ecc_fold_word_q_reg[0]/C","ecc_product_even_reg_0_3_1_1/SP/I","other","FDCE=1;LUT6=3;RAMD32=1"
974,1.732,5.000,3.021,0.875,2.146,0.710,3,"ecc_fold_word_q_reg[0]/C","ecc_product_even_reg_0_3_20_20/SP/I","other","FDCE=1;LUT6=3;RAMD32=1"
975,1.732,5.000,3.021,0.875,2.146,0.710,3,"ecc_fold_word_q_reg[0]/C","ecc_product_even_reg_0_3_21_21/SP/I","other","FDCE=1;LUT6=3;RAMD32=1"
976,1.732,5.000,3.021,0.875,2.146,0.710,3,"ecc_fold_word_q_reg[0]/C","ecc_product_even_reg_0_3_22_22/SP/I","other","FDCE=1;LUT6=3;RAMD32=1"
977,1.732,5.000,3.021,0.875,2.146,0.710,3,"ecc_fold_word_q_reg[0]/C","ecc_product_even_reg_0_3_23_23/SP/I","other","FDCE=1;LUT6=3;RAMD32=1"
978,1.732,5.000,3.021,0.875,2.146,0.710,3,"ecc_fold_word_q_reg[0]/C","ecc_product_even_reg_0_3_24_24/SP/I","other","FDCE=1;LUT6=3;RAMD32=1"
979,1.732,5.000,3.021,0.875,2.146,0.710,3,"ecc_fold_word_q_reg[0]/C","ecc_product_even_reg_0_3_25_25/SP/I","other","FDCE=1;LUT6=3;RAMD32=1"
980,1.732,5.000,3.021,0.875,2.146,0.710,3,"ecc_fold_word_q_reg[0]/C","ecc_product_even_reg_0_3_26_26/SP/I","other","FDCE=1;LUT6=3;RAMD32=1"
981,1.732,5.000,3.021,0.875,2.146,0.710,3,"ecc_fold_word_q_reg[0]/C","ecc_product_even_reg_0_3_27_27/SP/I","other","FDCE=1;LUT6=3;RAMD32=1"
982,1.732,5.000,3.021,0.875,2.146,0.710,3,"ecc_fold_word_q_reg[0]/C","ecc_product_even_reg_0_3_28_28/SP/I","other","FDCE=1;LUT6=3;RAMD32=1"
983,1.732,5.000,3.021,0.875,2.146,0.710,3,"ecc_fold_word_q_reg[0]/C","ecc_product_even_reg_0_3_29_29/SP/I","other","FDCE=1;LUT6=3;RAMD32=1"
984,1.732,5.000,3.021,0.875,2.146,0.710,3,"ecc_fold_word_q_reg[0]/C","ecc_product_even_reg_0_3_2_2/SP/I","other","FDCE=1;LUT6=3;RAMD32=1"
985,1.732,5.000,3.021,0.875,2.146,0.710,3,"ecc_fold_word_q_reg[0]/C","ecc_product_even_reg_0_3_30_30/SP/I","other","FDCE=1;LUT6=3;RAMD32=1"
986,1.732,5.000,3.021,0.875,2.146,0.710,3,"ecc_fold_word_q_reg[0]/C","ecc_product_even_reg_0_3_31_31/SP/I","other","FDCE=1;LUT4=1;LUT6=2;RAMD32=1"
987,1.732,5.000,3.021,0.875,2.146,0.710,3,"ecc_fold_word_q_reg[0]/C","ecc_product_even_reg_0_3_3_3/SP/I","other","FDCE=1;LUT6=3;RAMD32=1"
988,1.732,5.000,3.021,0.875,2.146,0.710,3,"ecc_fold_word_q_reg[0]/C","ecc_product_even_reg_0_3_4_4/SP/I","other","FDCE=1;LUT6=3;RAMD32=1"
989,1.732,5.000,3.021,0.875,2.146,0.710,3,"ecc_fold_word_q_reg[0]/C","ecc_product_even_reg_0_3_5_5/SP/I","other","FDCE=1;LUT6=3;RAMD32=1"
990,1.732,5.000,3.021,0.875,2.146,0.710,3,"ecc_fold_word_q_reg[0]/C","ecc_product_even_reg_0_3_6_6/SP/I","other","FDCE=1;LUT6=3;RAMD32=1"
991,1.732,5.000,3.021,0.875,2.146,0.710,3,"ecc_fold_word_q_reg[0]/C","ecc_product_even_reg_0_3_7_7/SP/I","other","FDCE=1;LUT6=3;RAMD32=1"
992,1.732,5.000,3.021,0.875,2.146,0.710,3,"ecc_fold_word_q_reg[0]/C","ecc_product_even_reg_0_3_8_8/SP/I","other","FDCE=1;LUT6=3;RAMD32=1"
993,1.732,5.000,3.021,0.875,2.146,0.710,3,"ecc_fold_word_q_reg[0]/C","ecc_product_even_reg_0_3_9_9/SP/I","other","FDCE=1;LUT6=3;RAMD32=1"
994,1.757,5.000,3.240,1.085,2.155,0.665,5,"a_q_reg[7]/C","uop_p0_q_reg[op_type][1]/D","TOP control","FDCE=2;LUT3=1;LUT4=1;LUT5=2;LUT6=1"
995,1.757,5.000,3.240,1.085,2.155,0.665,5,"a_q_reg[7]/C","uop_p0_q_reg[perm_nibble][0]/D","TOP control","FDCE=2;LUT3=1;LUT4=1;LUT5=1;LUT6=2"
996,1.757,5.000,3.240,1.085,2.155,0.665,5,"a_q_reg[7]/C","uop_p0_q_reg[perm_nibble][1]/D","TOP control","FDCE=2;LUT3=1;LUT4=1;LUT5=1;LUT6=2"
997,1.757,5.000,3.240,1.085,2.155,0.665,5,"a_q_reg[7]/C","uop_p0_q_reg[perm_nibble][2]/D","TOP control","FDCE=2;LUT3=1;LUT4=1;LUT5=1;LUT6=2"
998,1.757,5.000,3.240,1.085,2.155,0.665,5,"a_q_reg[7]/C","uop_p0_q_reg[perm_nibble][3]/D","TOP control","FDCE=2;LUT3=1;LUT4=1;LUT5=1;LUT6=2"
999,1.757,5.000,3.240,1.085,2.155,0.665,5,"a_q_reg[7]/C","uop_p0_q_reg[src0_addr][0]/D","TOP control","FDCE=2;LUT3=1;LUT4=1;LUT5=1;LUT6=2"
1000,1.757,5.000,3.240,1.085,2.155,0.665,5,"a_q_reg[7]/C","uop_p0_q_reg[src0_addr][1]/D","TOP control","FDCE=2;LUT3=1;LUT4=1;LUT5=1;LUT6=2"
