Copyright 1986-2022 Xilinx, Inc. All Rights Reserved. Copyright 2022-2024 Advanced Micro Devices, Inc. All Rights Reserved.
----------------------------------------------------------------------------------------------------------------------------------------------------------------------------------
| Tool Version : Vivado v.2024.2 (win64) Build 5239630 Fri Nov 08 22:35:27 MST 2024
| Date         : Mon Jun  8 13:16:28 2026
| Host         : WIN-20240824NZS running 64-bit major release  (build 9200)
| Command      : report_qor_suggestions -file E:/HDEC/cva6-vhdc-core/tmp/hdec_ooc_p1_keep_trial/worktree/tmp/hdec_vrf_bram_sram_trial/ooc_200/reports/qor_suggestions.rpt
| Design       : hdec_top
| Device       : xc7z020
| Design State : Synthesized
| ML Models    : v2020.1.0
----------------------------------------------------------------------------------------------------------------------------------------------------------------------------------

Report QoR Suggestions

Table of Contents
-----------------
1. QoR Suggestions Report Summary
2. ML Strategies
3. QoR Suggestions - XDC
4. QoR Suggestions - Netlist

1. QoR Suggestions Report Summary
---------------------------------

+------------------+----------------+-----------+--------------+----------------+-----------+-------------+----------------------+------------------------------------------------------------------------------------------+-------------+
|       Name       |       Id       |   Status  | Generated At | Applicable For | Automatic |    Scope    | Incremental Friendly |                                        Description                                       |    Source   |
+------------------+----------------+-----------+--------------+----------------+-----------+-------------+----------------------+------------------------------------------------------------------------------------------+-------------+
| RQS_XDC-1-1      | RQS_XDC-1      | Generated | synth_design | synth_design   | No        | GLOBALSCOPE | No                   | Paths above Max Net/LUT budgeting. Review paths and either reduce logic delays, add      | Current Run |
|                  |                |           |              |                |           |             |                      | pipelining or increase path requirements.                                                |             |
| RQS_NETLIST-10-1 | RQS_NETLIST-10 | Generated | synth_design | synth_design   | Yes       | GLOBALSCOPE | No                   | Rebalance timing paths by forward and backward retiming.                                 | Current Run |
+------------------+----------------+-----------+--------------+----------------+-----------+-------------+----------------------+------------------------------------------------------------------------------------------+-------------+
* By default the number of failing paths is limited to 100. Use the -max_paths options to override.
** The design checks report may change until design is completely implemented/routed


2. ML Strategies
----------------

+---+----+---------+---------+
| # | Id | Command | Options |
+---+----+---------+---------+
* ML Strategies are available only in default/explore at successfully routed design.
** The design is not compatible for suggesting strategy, as it was not run using vivado implementation default or vivado implementation explore strategy.


3. QoR Suggestions - XDC
------------------------

+-------------+-------------+--------------+--------+--------+-------+--------+----------------+-------+--------+--------------+-------------------+--------------------------------------------------------------------------------------------------+--------------------------------------------------+---------------------------+---------------------------+-----------------+-----------------+
|     Name    | No of Paths | Logic Levels | Routes |  Slack |  Req. |  Skew  | Datapath Delay | Cell% | Route% | Source Clock | Destination Clock |                                            Startpoint                                            |                     Endpoint                     | Path budget for Net check | Path budget for Lut check | Net check slack | LUT check slack |
+-------------+-------------+--------------+--------+--------+-------+--------+----------------+-------+--------+--------------+-------------------+--------------------------------------------------------------------------------------------------+--------------------------------------------------+---------------------------+---------------------------+-----------------+-----------------+
| RQS_XDC-1-1 | 16          | 6            | 7      | -1.866 | 5.000 | -0.039 | 6.864          | 40.10 | 59.90  | clk_i        | clk_i             | i_vrf/gen_vrf_bram[0].i_vrf_bank/xpm_memory_base_inst/gen_wr_a.gen_word_narrow.mem_reg/CLKARDCLK | gen_lane[0].i_p2_pop_slice/popcount_q_o_reg[5]/D | 6                         | 9                         | -0.208          | 1.497           |
+-------------+-------------+--------------+--------+--------+-------+--------+----------------+-------+--------+--------------+-------------------+--------------------------------------------------------------------------------------------------+--------------------------------------------------+---------------------------+---------------------------+-----------------+-----------------+


4. QoR Suggestions - Netlist
----------------------------

+------------------+-------------+--------------+--------+--------+-------+--------+--------+----------------+-------+--------+--------------+-------------------+--------------------------------------------------------------------------------------------------+--------------------------------------------------+
|       Name       | No of Paths | Logic Levels | Routes |  Slack |  Req. |  Skew  | Fanout | Datapath Delay | Cell% | Route% | Source Clock | Destination Clock |                                            Startpoint                                            |                     Endpoint                     |
+------------------+-------------+--------------+--------+--------+-------+--------+--------+----------------+-------+--------+--------------+-------------------+--------------------------------------------------------------------------------------------------+--------------------------------------------------+
| RQS_NETLIST-10-1 | 1           | 7            | 8      | 0.571  | 5.000 | -0.039 | -      | 4.426          | 49.20 | 50.80  | clk_i        | clk_i             | gen_lane[2].i_p2_pop_slice/popcount_q_o_reg[2]/C                                                 | hsim_total_q_reg[6]/D                            |
|                  | 1           | 7            | 8      | 0.480  | 5.000 | -0.039 | -      | 4.517          | 42.90 | 57.10  | clk_i        | clk_i             | a_q_reg[8]/C                                                                                     | uop_p0_q_reg[src0_base][3]/D                     |
|                  | 1           | 7            | 8      | 0.498  | 5.000 | -0.039 | -      | 4.499          | 43.10 | 56.90  | clk_i        | clk_i             | a_q_reg[8]/C                                                                                     | uop_p0_q_reg[src1_base][5]/D                     |
|                  | 1           | 7            | 8      | 0.498  | 5.000 | -0.039 | -      | 4.499          | 43.10 | 56.90  | clk_i        | clk_i             | a_q_reg[8]/C                                                                                     | uop_p0_q_reg[op_type][0]/D                       |
|                  | 1           | 5            | 6      | 0.856  | 5.000 | -0.039 | -      | 4.141          | 26.20 | 73.80  | clk_i        | clk_i             | hperm_lane_base_q_reg[1]/C                                                                       | lane_result_q_reg[0][0]/D                        |
|                  | 1           | 7            | 8      | 0.487  | 5.000 | -0.039 | -      | 4.510          | 43.00 | 57.00  | clk_i        | clk_i             | a_q_reg[8]/C                                                                                     | FSM_onehot_st_q_reg[10]/D                        |
|                  | 1           | 7            | 8      | 0.487  | 5.000 | -0.039 | -      | 4.510          | 43.00 | 57.00  | clk_i        | clk_i             | a_q_reg[8]/C                                                                                     | uop_p0_q_reg[src1_base][3]/D                     |
|                  | 1           | 7            | 8      | 0.711  | 5.000 | -0.039 | -      | 4.286          | 50.00 | 50.00  | clk_i        | clk_i             | gen_lane[2].i_p2_pop_slice/popcount_q_o_reg[2]/C                                                 | hsim_total_q_reg[4]/D                            |
|                  | 1           | 7            | 8      | 0.487  | 5.000 | -0.039 | -      | 4.510          | 43.00 | 57.00  | clk_i        | clk_i             | a_q_reg[8]/C                                                                                     | uop_p0_q_reg[src1_base][2]/D                     |
|                  | 1           | 7            | 8      | 0.498  | 5.000 | -0.039 | -      | 4.499          | 43.10 | 56.90  | clk_i        | clk_i             | a_q_reg[8]/C                                                                                     | uop_p0_q_reg[src0_addr][3]/D                     |
|                  | 1           | 7            | 8      | 0.487  | 5.000 | -0.039 | -      | 4.510          | 43.00 | 57.00  | clk_i        | clk_i             | a_q_reg[8]/C                                                                                     | uop_p0_q_reg[src1_addr][2]/D                     |
|                  | 1           | 7            | 8      | 0.498  | 5.000 | -0.039 | -      | 4.499          | 43.10 | 56.90  | clk_i        | clk_i             | a_q_reg[8]/C                                                                                     | uop_p0_q_reg[src0_addr][2]/D                     |
|                  | 1           | 7            | 8      | 0.498  | 5.000 | -0.039 | -      | 4.499          | 43.10 | 56.90  | clk_i        | clk_i             | a_q_reg[8]/C                                                                                     | uop_p0_q_reg[src0_addr][4]/D                     |
|                  | 1           | 7            | 8      | 0.498  | 5.000 | -0.039 | -      | 4.499          | 43.10 | 56.90  | clk_i        | clk_i             | a_q_reg[8]/C                                                                                     | uop_p0_q_reg[src0_addr][5]/D                     |
|                  | 1           | 7            | 8      | 0.487  | 5.000 | -0.039 | -      | 4.510          | 43.00 | 57.00  | clk_i        | clk_i             | a_q_reg[8]/C                                                                                     | FSM_onehot_st_q_reg[4]/D                         |
|                  | 1           | 7            | 8      | 0.498  | 5.000 | -0.039 | -      | 4.499          | 43.10 | 56.90  | clk_i        | clk_i             | a_q_reg[8]/C                                                                                     | uop_p0_q_reg[src0_base][5]/D                     |
|                  | 1           | 7            | 8      | 0.498  | 5.000 | -0.039 | -      | 4.499          | 43.10 | 56.90  | clk_i        | clk_i             | a_q_reg[8]/C                                                                                     | uop_p0_q_reg[arch_op][3]/D                       |
|                  | 1           | 7            | 8      | 0.498  | 5.000 | -0.039 | -      | 4.499          | 43.10 | 56.90  | clk_i        | clk_i             | a_q_reg[8]/C                                                                                     | uop_p0_q_reg[src1_addr][4]/D                     |
|                  | 1           | 7            | 8      | 0.498  | 5.000 | -0.039 | -      | 4.499          | 43.10 | 56.90  | clk_i        | clk_i             | a_q_reg[8]/C                                                                                     | uop_p0_q_reg[src1_base][4]/D                     |
|                  | 1           | 7            | 8      | 0.624  | 5.000 | -0.039 | -      | 4.373          | 51.00 | 49.00  | clk_i        | clk_i             | gen_lane[2].i_p2_pop_slice/popcount_q_o_reg[2]/C                                                 | hsim_total_q_reg[5]/D                            |
|                  | 1           | 6            | 7      | 0.720  | 5.000 | -0.039 | -      | 4.277          | 43.60 | 56.40  | clk_i        | clk_i             | gen_lane[2].i_p2_pop_slice/popcount_q_o_reg[2]/C                                                 | hsim_total_q_reg[3]/D                            |
|                  | 1           | 5            | 6      | 0.856  | 5.000 | -0.039 | -      | 4.141          | 26.20 | 73.80  | clk_i        | clk_i             | hperm_lane_base_q_reg[1]/C                                                                       | lane_result_q_reg[0][1]/D                        |
|                  | 1           | 5            | 6      | 0.861  | 5.000 | -0.039 | -      | 4.136          | 26.20 | 73.80  | clk_i        | clk_i             | hperm_lane_base_q_reg[1]/C                                                                       | lane_result_q_reg[0][2]/D                        |
|                  | 1           | 7            | 8      | 0.487  | 5.000 | -0.039 | -      | 4.510          | 43.00 | 57.00  | clk_i        | clk_i             | a_q_reg[8]/C                                                                                     | uop_p0_q_reg[src1_addr][3]/D                     |
|                  | 1           | 5            | 6      | 0.858  | 5.000 | -0.039 | -      | 4.139          | 26.20 | 73.80  | clk_i        | clk_i             | hperm_lane_base_q_reg[1]/C                                                                       | lane_result_q_reg[0][3]/D                        |
|                  | 1           | 7            | 8      | 0.487  | 5.000 | -0.039 | -      | 4.510          | 43.00 | 57.00  | clk_i        | clk_i             | a_q_reg[8]/C                                                                                     | uop_p0_q_reg[valid]/D                            |
|                  | 1           | 7            | 8      | 0.498  | 5.000 | -0.039 | -      | 4.499          | 43.10 | 56.90  | clk_i        | clk_i             | a_q_reg[8]/C                                                                                     | uop_p0_q_reg[src0_base][4]/D                     |
|                  | 1           | 5            | 6      | 1.708  | 5.000 | -0.039 | -      | 3.289          | 33.60 | 66.40  | clk_i        | clk_i             | a_q_reg[7]/C                                                                                     | uop_p0_q_reg[use_shift]/D                        |
|                  | 1           | 5            | 6      | 1.771  | 5.000 | -0.039 | -      | 3.226          | 34.30 | 65.70  | clk_i        | clk_i             | a_q_reg[7]/C                                                                                     | uop_p0_q_reg[src0_addr][1]/D                     |
|                  | 1           | 5            | 6      | 1.753  | 5.000 | -0.039 | -      | 3.244          | 34.10 | 65.90  | clk_i        | clk_i             | a_q_reg[7]/C                                                                                     | uop_p0_q_reg[dst_base][2]/D                      |
|                  | 1           | 5            | 6      | 1.739  | 5.000 | -0.039 | -      | 3.258          | 33.90 | 66.10  | clk_i        | clk_i             | a_q_reg[7]/C                                                                                     | uop_p0_q_reg[perm_nibble][2]/D                   |
|                  | 1           | 5            | 6      | 1.771  | 5.000 | -0.039 | -      | 3.226          | 34.30 | 65.70  | clk_i        | clk_i             | a_q_reg[7]/C                                                                                     | uop_p0_q_reg[op_type][2]/D                       |
|                  | 1           | 5            | 6      | 1.739  | 5.000 | -0.039 | -      | 3.258          | 33.90 | 66.10  | clk_i        | clk_i             | a_q_reg[7]/C                                                                                     | uop_p0_q_reg[perm_nibble][1]/D                   |
|                  | 1           | 5            | 6      | 1.739  | 5.000 | -0.039 | -      | 3.258          | 33.90 | 66.10  | clk_i        | clk_i             | a_q_reg[7]/C                                                                                     | uop_p0_q_reg[perm_nibble][0]/D                   |
|                  | 1           | 5            | 6      | 1.739  | 5.000 | -0.039 | -      | 3.258          | 33.90 | 66.10  | clk_i        | clk_i             | a_q_reg[7]/C                                                                                     | uop_p0_q_reg[src1_addr][1]/D                     |
|                  | 1           | 5            | 6      | 1.753  | 5.000 | -0.039 | -      | 3.244          | 34.10 | 65.90  | clk_i        | clk_i             | a_q_reg[7]/C                                                                                     | uop_p0_q_reg[dst_base][3]/D                      |
|                  | 1           | 5            | 6      | 1.753  | 5.000 | -0.039 | -      | 3.244          | 34.10 | 65.90  | clk_i        | clk_i             | a_q_reg[7]/C                                                                                     | uop_p0_q_reg[dst_base][4]/D                      |
|                  | 1           | 5            | 6      | 1.760  | 5.000 | -0.039 | -      | 3.237          | 34.10 | 65.90  | clk_i        | clk_i             | a_q_reg[7]/C                                                                                     | uop_p0_q_reg[arch_op][2]/D                       |
|                  | 1           | 5            | 6      | 1.739  | 5.000 | -0.039 | -      | 3.258          | 33.90 | 66.10  | clk_i        | clk_i             | a_q_reg[7]/C                                                                                     | uop_p0_q_reg[perm_nibble][3]/D                   |
|                  | 1           | 5            | 6      | 1.771  | 5.000 | -0.039 | -      | 3.226          | 34.30 | 65.70  | clk_i        | clk_i             | a_q_reg[7]/C                                                                                     | uop_p0_q_reg[src0_addr][0]/D                     |
|                  | 1           | 5            | 6      | 1.739  | 5.000 | -0.039 | -      | 3.258          | 33.90 | 66.10  | clk_i        | clk_i             | a_q_reg[7]/C                                                                                     | uop_p0_q_reg[src1_addr][0]/D                     |
|                  | 1           | 5            | 6      | -0.535 | 5.000 | -0.039 | -      | 5.533          | 47.90 | 52.10  | clk_i        | clk_i             | i_vrf/gen_vrf_bram[0].i_vrf_bank/xpm_memory_base_inst/gen_wr_a.gen_word_narrow.mem_reg/CLKARDCLK | lane_result_q_reg[3][34]/D                       |
|                  | 1           | 5            | 6      | -0.535 | 5.000 | -0.039 | -      | 5.533          | 47.90 | 52.10  | clk_i        | clk_i             | i_vrf/gen_vrf_bram[0].i_vrf_bank/xpm_memory_base_inst/gen_wr_a.gen_word_narrow.mem_reg/CLKARDCLK | lane_result_q_reg[3][44]/D                       |
|                  | 1           | 5            | 6      | -0.541 | 5.000 | -0.039 | -      | 5.539          | 47.80 | 52.20  | clk_i        | clk_i             | i_vrf/gen_vrf_bram[0].i_vrf_bank/xpm_memory_base_inst/gen_wr_a.gen_word_narrow.mem_reg/CLKARDCLK | lane_result_q_reg[3][30]/D                       |
|                  | 1           | 5            | 6      | -0.541 | 5.000 | -0.039 | -      | 5.539          | 47.80 | 52.20  | clk_i        | clk_i             | i_vrf/gen_vrf_bram[0].i_vrf_bank/xpm_memory_base_inst/gen_wr_a.gen_word_narrow.mem_reg/CLKARDCLK | lane_result_q_reg[3][31]/D                       |
|                  | 1           | 5            | 6      | -0.535 | 5.000 | -0.039 | -      | 5.533          | 47.90 | 52.10  | clk_i        | clk_i             | i_vrf/gen_vrf_bram[0].i_vrf_bank/xpm_memory_base_inst/gen_wr_a.gen_word_narrow.mem_reg/CLKARDCLK | lane_result_q_reg[3][38]/D                       |
|                  | 1           | 5            | 6      | -0.535 | 5.000 | -0.039 | -      | 5.533          | 47.90 | 52.10  | clk_i        | clk_i             | i_vrf/gen_vrf_bram[0].i_vrf_bank/xpm_memory_base_inst/gen_wr_a.gen_word_narrow.mem_reg/CLKARDCLK | lane_result_q_reg[3][39]/D                       |
|                  | 1           | 5            | 6      | -0.535 | 5.000 | -0.039 | -      | 5.533          | 47.90 | 52.10  | clk_i        | clk_i             | i_vrf/gen_vrf_bram[0].i_vrf_bank/xpm_memory_base_inst/gen_wr_a.gen_word_narrow.mem_reg/CLKARDCLK | lane_result_q_reg[3][35]/D                       |
|                  | 1           | 5            | 6      | -0.535 | 5.000 | -0.039 | -      | 5.533          | 47.90 | 52.10  | clk_i        | clk_i             | i_vrf/gen_vrf_bram[0].i_vrf_bank/xpm_memory_base_inst/gen_wr_a.gen_word_narrow.mem_reg/CLKARDCLK | lane_result_q_reg[3][45]/D                       |
|                  | 1           | 5            | 6      | -0.535 | 5.000 | -0.039 | -      | 5.533          | 47.90 | 52.10  | clk_i        | clk_i             | i_vrf/gen_vrf_bram[0].i_vrf_bank/xpm_memory_base_inst/gen_wr_a.gen_word_narrow.mem_reg/CLKARDCLK | lane_result_q_reg[3][42]/D                       |
|                  | 1           | 5            | 6      | -0.541 | 5.000 | -0.039 | -      | 5.539          | 47.80 | 52.20  | clk_i        | clk_i             | i_vrf/gen_vrf_bram[0].i_vrf_bank/xpm_memory_base_inst/gen_wr_a.gen_word_narrow.mem_reg/CLKARDCLK | lane_result_q_reg[3][27]/D                       |
|                  | 1           | 5            | 6      | -0.539 | 5.000 | -0.039 | -      | 5.537          | 47.90 | 52.10  | clk_i        | clk_i             | i_vrf/gen_vrf_bram[0].i_vrf_bank/xpm_memory_base_inst/gen_wr_a.gen_word_narrow.mem_reg/CLKARDCLK | lane_result_q_reg[3][37]/D                       |
|                  | 1           | 5            | 6      | -0.535 | 5.000 | -0.039 | -      | 5.533          | 47.90 | 52.10  | clk_i        | clk_i             | i_vrf/gen_vrf_bram[0].i_vrf_bank/xpm_memory_base_inst/gen_wr_a.gen_word_narrow.mem_reg/CLKARDCLK | lane_result_q_reg[3][43]/D                       |
|                  | 1           | 5            | 6      | -0.541 | 5.000 | -0.039 | -      | 5.539          | 47.80 | 52.20  | clk_i        | clk_i             | i_vrf/gen_vrf_bram[0].i_vrf_bank/xpm_memory_base_inst/gen_wr_a.gen_word_narrow.mem_reg/CLKARDCLK | lane_result_q_reg[3][26]/D                       |
|                  | 1           | 5            | 6      | -0.539 | 5.000 | -0.039 | -      | 5.537          | 47.90 | 52.10  | clk_i        | clk_i             | i_vrf/gen_vrf_bram[0].i_vrf_bank/xpm_memory_base_inst/gen_wr_a.gen_word_narrow.mem_reg/CLKARDCLK | lane_result_q_reg[3][36]/D                       |
|                  | 1           | 7            | 8      | -0.133 | 5.000 | -0.039 | -      | 4.922          | 39.40 | 60.60  | clk_i        | clk_i             | a_q_reg[8]/C                                                                                     | hsim_total_q_reg[6]/CE                           |
|                  | 1           | 7            | 8      | -0.133 | 5.000 | -0.039 | -      | 4.922          | 39.40 | 60.60  | clk_i        | clk_i             | a_q_reg[8]/C                                                                                     | hsim_total_q_reg[9]/CE                           |
|                  | 1           | 5            | 6      | -0.131 | 5.000 | -0.039 | -      | 5.129          | 51.70 | 48.30  | clk_i        | clk_i             | i_vrf/gen_vrf_bram[0].i_vrf_bank/xpm_memory_base_inst/gen_wr_a.gen_word_narrow.mem_reg/CLKARDCLK | lane_result_q_reg[0][39]/D                       |
|                  | 1           | 5            | 6      | -0.131 | 5.000 | -0.039 | -      | 5.129          | 51.70 | 48.30  | clk_i        | clk_i             | i_vrf/gen_vrf_bram[0].i_vrf_bank/xpm_memory_base_inst/gen_wr_a.gen_word_narrow.mem_reg/CLKARDCLK | lane_result_q_reg[0][56]/D                       |
|                  | 1           | 5            | 6      | -0.131 | 5.000 | -0.039 | -      | 5.129          | 51.70 | 48.30  | clk_i        | clk_i             | i_vrf/gen_vrf_bram[0].i_vrf_bank/xpm_memory_base_inst/gen_wr_a.gen_word_narrow.mem_reg/CLKARDCLK | lane_result_q_reg[1][39]/D                       |
|                  | 1           | 7            | 8      | -0.133 | 5.000 | -0.039 | -      | 4.922          | 39.40 | 60.60  | clk_i        | clk_i             | a_q_reg[8]/C                                                                                     | hsim_total_q_reg[5]/CE                           |
|                  | 1           | 5            | 6      | -0.129 | 5.000 | -0.039 | -      | 5.127          | 51.90 | 48.10  | clk_i        | clk_i             | i_vrf/gen_vrf_bram[0].i_vrf_bank/xpm_memory_base_inst/gen_wr_a.gen_word_narrow.mem_reg/CLKARDCLK | lane_result_q_reg[0][19]/D                       |
|                  | 1           | 5            | 6      | -0.125 | 5.000 | -0.039 | -      | 5.123          | 51.70 | 48.30  | clk_i        | clk_i             | i_vrf/gen_vrf_bram[0].i_vrf_bank/xpm_memory_base_inst/gen_wr_a.gen_word_narrow.mem_reg/CLKARDCLK | lane_result_q_reg[0][31]/D                       |
|                  | 1           | 5            | 6      | -0.131 | 5.000 | -0.039 | -      | 5.129          | 51.70 | 48.30  | clk_i        | clk_i             | i_vrf/gen_vrf_bram[0].i_vrf_bank/xpm_memory_base_inst/gen_wr_a.gen_word_narrow.mem_reg/CLKARDCLK | lane_result_q_reg[0][57]/D                       |
|                  | 1           | 5            | 6      | -0.131 | 5.000 | -0.039 | -      | 5.129          | 51.70 | 48.30  | clk_i        | clk_i             | i_vrf/gen_vrf_bram[0].i_vrf_bank/xpm_memory_base_inst/gen_wr_a.gen_word_narrow.mem_reg/CLKARDCLK | lane_result_q_reg[1][56]/D                       |
|                  | 1           | 7            | 8      | -0.133 | 5.000 | -0.039 | -      | 4.922          | 39.40 | 60.60  | clk_i        | clk_i             | a_q_reg[8]/C                                                                                     | hsim_total_q_reg[7]/CE                           |
|                  | 1           | 5            | 6      | -0.131 | 5.000 | -0.039 | -      | 5.129          | 51.70 | 48.30  | clk_i        | clk_i             | i_vrf/gen_vrf_bram[0].i_vrf_bank/xpm_memory_base_inst/gen_wr_a.gen_word_narrow.mem_reg/CLKARDCLK | lane_result_q_reg[1][54]/D                       |
|                  | 1           | 5            | 6      | -0.131 | 5.000 | -0.039 | -      | 5.129          | 51.70 | 48.30  | clk_i        | clk_i             | i_vrf/gen_vrf_bram[0].i_vrf_bank/xpm_memory_base_inst/gen_wr_a.gen_word_narrow.mem_reg/CLKARDCLK | lane_result_q_reg[1][57]/D                       |
|                  | 1           | 5            | 6      | -0.129 | 5.000 | -0.039 | -      | 5.127          | 51.90 | 48.10  | clk_i        | clk_i             | i_vrf/gen_vrf_bram[0].i_vrf_bank/xpm_memory_base_inst/gen_wr_a.gen_word_narrow.mem_reg/CLKARDCLK | lane_result_q_reg[0][18]/D                       |
|                  | 1           | 5            | 6      | -0.125 | 5.000 | -0.039 | -      | 5.123          | 51.70 | 48.30  | clk_i        | clk_i             | i_vrf/gen_vrf_bram[0].i_vrf_bank/xpm_memory_base_inst/gen_wr_a.gen_word_narrow.mem_reg/CLKARDCLK | lane_result_q_reg[1][31]/D                       |
|                  | 1           | 5            | 6      | -0.131 | 5.000 | -0.039 | -      | 5.129          | 51.70 | 48.30  | clk_i        | clk_i             | i_vrf/gen_vrf_bram[0].i_vrf_bank/xpm_memory_base_inst/gen_wr_a.gen_word_narrow.mem_reg/CLKARDCLK | lane_result_q_reg[0][54]/D                       |
|                  | 1           | 5            | 6      | -0.119 | 5.000 | -0.039 | -      | 5.117          | 51.80 | 48.20  | clk_i        | clk_i             | i_vrf/gen_vrf_bram[0].i_vrf_bank/xpm_memory_base_inst/gen_wr_a.gen_word_narrow.mem_reg/CLKARDCLK | lane_result_q_reg[1][16]/D                       |
|                  | 1           | 5            | 6      | -0.119 | 5.000 | -0.039 | -      | 5.117          | 51.80 | 48.20  | clk_i        | clk_i             | i_vrf/gen_vrf_bram[0].i_vrf_bank/xpm_memory_base_inst/gen_wr_a.gen_word_narrow.mem_reg/CLKARDCLK | lane_result_q_reg[1][17]/D                       |
|                  | 1           | 5            | 6      | -0.119 | 5.000 | -0.039 | -      | 5.117          | 51.80 | 48.20  | clk_i        | clk_i             | i_vrf/gen_vrf_bram[0].i_vrf_bank/xpm_memory_base_inst/gen_wr_a.gen_word_narrow.mem_reg/CLKARDCLK | lane_result_q_reg[1][19]/D                       |
|                  | 1           | 5            | 6      | -0.113 | 5.000 | -0.039 | -      | 5.111          | 51.90 | 48.10  | clk_i        | clk_i             | i_vrf/gen_vrf_bram[0].i_vrf_bank/xpm_memory_base_inst/gen_wr_a.gen_word_narrow.mem_reg/CLKARDCLK | lane_result_q_reg[0][61]/D                       |
|                  | 1           | 5            | 6      | -0.113 | 5.000 | -0.039 | -      | 5.111          | 51.90 | 48.10  | clk_i        | clk_i             | i_vrf/gen_vrf_bram[0].i_vrf_bank/xpm_memory_base_inst/gen_wr_a.gen_word_narrow.mem_reg/CLKARDCLK | lane_result_q_reg[0][60]/D                       |
|                  | 1           | 5            | 6      | -0.119 | 5.000 | -0.039 | -      | 5.117          | 51.80 | 48.20  | clk_i        | clk_i             | i_vrf/gen_vrf_bram[0].i_vrf_bank/xpm_memory_base_inst/gen_wr_a.gen_word_narrow.mem_reg/CLKARDCLK | lane_result_q_reg[1][18]/D                       |
|                  | 1           | 7            | 8      | -0.133 | 5.000 | -0.039 | -      | 4.922          | 39.40 | 60.60  | clk_i        | clk_i             | a_q_reg[8]/C                                                                                     | hsim_total_q_reg[8]/CE                           |
|                  | 1           | 5            | 6      | -0.546 | 5.000 | -0.039 | -      | 5.544          | 47.80 | 52.20  | clk_i        | clk_i             | i_vrf/gen_vrf_bram[0].i_vrf_bank/xpm_memory_base_inst/gen_wr_a.gen_word_narrow.mem_reg/CLKARDCLK | lane_result_q_reg[3][2]/D                        |
|                  | 1           | 5            | 6      | -0.546 | 5.000 | -0.039 | -      | 5.544          | 47.80 | 52.20  | clk_i        | clk_i             | i_vrf/gen_vrf_bram[0].i_vrf_bank/xpm_memory_base_inst/gen_wr_a.gen_word_narrow.mem_reg/CLKARDCLK | lane_result_q_reg[3][32]/D                       |
|                  | 1           | 5            | 6      | -0.546 | 5.000 | -0.039 | -      | 5.544          | 47.80 | 52.20  | clk_i        | clk_i             | i_vrf/gen_vrf_bram[0].i_vrf_bank/xpm_memory_base_inst/gen_wr_a.gen_word_narrow.mem_reg/CLKARDCLK | lane_result_q_reg[3][33]/D                       |
|                  | 1           | 5            | 6      | -0.546 | 5.000 | -0.039 | -      | 5.544          | 47.80 | 52.20  | clk_i        | clk_i             | i_vrf/gen_vrf_bram[0].i_vrf_bank/xpm_memory_base_inst/gen_wr_a.gen_word_narrow.mem_reg/CLKARDCLK | lane_result_q_reg[3][3]/D                        |
|                  | 1           | 5            | 6      | -0.552 | 5.000 | -0.039 | -      | 5.550          | 47.80 | 52.20  | clk_i        | clk_i             | i_vrf/gen_vrf_bram[0].i_vrf_bank/xpm_memory_base_inst/gen_wr_a.gen_word_narrow.mem_reg/CLKARDCLK | lane_result_q_reg[3][25]/D                       |
|                  | 1           | 5            | 6      | -0.552 | 5.000 | -0.039 | -      | 5.550          | 47.80 | 52.20  | clk_i        | clk_i             | i_vrf/gen_vrf_bram[0].i_vrf_bank/xpm_memory_base_inst/gen_wr_a.gen_word_narrow.mem_reg/CLKARDCLK | lane_result_q_reg[3][24]/D                       |
|                  | 1           | 5            | 6      | -0.550 | 5.000 | -0.039 | -      | 5.548          | 47.80 | 52.20  | clk_i        | clk_i             | i_vrf/gen_vrf_bram[0].i_vrf_bank/xpm_memory_base_inst/gen_wr_a.gen_word_narrow.mem_reg/CLKARDCLK | lane_result_q_reg[3][10]/D                       |
|                  | 1           | 5            | 6      | -0.546 | 5.000 | -0.039 | -      | 5.544          | 47.80 | 52.20  | clk_i        | clk_i             | i_vrf/gen_vrf_bram[0].i_vrf_bank/xpm_memory_base_inst/gen_wr_a.gen_word_narrow.mem_reg/CLKARDCLK | lane_result_q_reg[3][40]/D                       |
|                  | 1           | 5            | 6      | -0.546 | 5.000 | -0.039 | -      | 5.544          | 47.80 | 52.20  | clk_i        | clk_i             | i_vrf/gen_vrf_bram[0].i_vrf_bank/xpm_memory_base_inst/gen_wr_a.gen_word_narrow.mem_reg/CLKARDCLK | lane_result_q_reg[3][41]/D                       |
|                  | 1           | 5            | 6      | -0.550 | 5.000 | -0.039 | -      | 5.548          | 47.80 | 52.20  | clk_i        | clk_i             | i_vrf/gen_vrf_bram[0].i_vrf_bank/xpm_memory_base_inst/gen_wr_a.gen_word_narrow.mem_reg/CLKARDCLK | lane_result_q_reg[3][14]/D                       |
|                  | 1           | 5            | 6      | -0.552 | 5.000 | -0.039 | -      | 5.550          | 47.80 | 52.20  | clk_i        | clk_i             | i_vrf/gen_vrf_bram[0].i_vrf_bank/xpm_memory_base_inst/gen_wr_a.gen_word_narrow.mem_reg/CLKARDCLK | lane_result_q_reg[3][28]/D                       |
|                  | 1           | 5            | 6      | -0.552 | 5.000 | -0.039 | -      | 5.550          | 47.80 | 52.20  | clk_i        | clk_i             | i_vrf/gen_vrf_bram[0].i_vrf_bank/xpm_memory_base_inst/gen_wr_a.gen_word_narrow.mem_reg/CLKARDCLK | lane_result_q_reg[3][29]/D                       |
|                  | 1           | 5            | 6      | -0.550 | 5.000 | -0.039 | -      | 5.548          | 47.80 | 52.20  | clk_i        | clk_i             | i_vrf/gen_vrf_bram[0].i_vrf_bank/xpm_memory_base_inst/gen_wr_a.gen_word_narrow.mem_reg/CLKARDCLK | lane_result_q_reg[3][15]/D                       |
|                  | 1           | 5            | 6      | -0.550 | 5.000 | -0.039 | -      | 5.548          | 47.80 | 52.20  | clk_i        | clk_i             | i_vrf/gen_vrf_bram[0].i_vrf_bank/xpm_memory_base_inst/gen_wr_a.gen_word_narrow.mem_reg/CLKARDCLK | lane_result_q_reg[3][11]/D                       |
|                  | 1           | 7            | 8      | 0.264  | 5.000 | -0.039 | -      | 4.733          | 51.40 | 48.60  | clk_i        | clk_i             | gen_lane[2].i_p2_pop_slice/popcount_q_o_reg[4]/C                                                 | hmatch_budget_q_reg[10]/D                        |
|                  | 1           | 7            | 8      | 0.264  | 5.000 | -0.039 | -      | 4.733          | 51.40 | 48.60  | clk_i        | clk_i             | gen_lane[2].i_p2_pop_slice/popcount_q_o_reg[4]/C                                                 | hmatch_budget_q_reg[0]/D                         |
|                  | 1           | 9            | 10     | 0.322  | 5.000 | -0.039 | -      | 4.675          | 54.40 | 45.60  | clk_i        | clk_i             | gen_lane[2].i_p2_pop_slice/popcount_q_o_reg[2]/C                                                 | hsim_total_q_reg[9]/D                            |
|                  | 1           | 9            | 10     | 0.269  | 5.000 | -0.039 | -      | 4.728          | 52.60 | 47.40  | clk_i        | clk_i             | gen_lane[2].i_p2_pop_slice/popcount_q_o_reg[2]/C                                                 | hsim_total_q_reg[10]/D                           |
|                  | 1           | 7            | 8      | 0.450  | 5.000 | -0.039 | -      | 4.547          | 42.60 | 57.40  | clk_i        | clk_i             | a_q_reg[8]/C                                                                                     | uop_p0_q_reg[arch_op][0]/D                       |
|                  | 1           | 9            | 10     | 0.409  | 5.000 | -0.039 | -      | 4.588          | 53.60 | 46.40  | clk_i        | clk_i             | gen_lane[2].i_p2_pop_slice/popcount_q_o_reg[2]/C                                                 | hsim_total_q_reg[8]/D                            |
|                  | 1           | 7            | 8      | 0.450  | 5.000 | -0.039 | -      | 4.547          | 42.60 | 57.40  | clk_i        | clk_i             | a_q_reg[8]/C                                                                                     | uop_p0_q_reg[class_count][3]/D                   |
|                  | 1           | 7            | 8      | 0.450  | 5.000 | -0.039 | -      | 4.547          | 42.60 | 57.40  | clk_i        | clk_i             | a_q_reg[8]/C                                                                                     | uop_p0_q_reg[class_count][5]/D                   |
|                  | 1           | 7            | 8      | 0.450  | 5.000 | -0.039 | -      | 4.547          | 42.60 | 57.40  | clk_i        | clk_i             | a_q_reg[8]/C                                                                                     | uop_p0_q_reg[class_count][6]/D                   |
|                  | 1           | 7            | 8      | 0.450  | 5.000 | -0.039 | -      | 4.547          | 42.60 | 57.40  | clk_i        | clk_i             | a_q_reg[8]/C                                                                                     | uop_p0_q_reg[class_count][7]/D                   |
|                  | 1           | 7            | 8      | 0.450  | 5.000 | -0.039 | -      | 4.547          | 42.60 | 57.40  | clk_i        | clk_i             | a_q_reg[8]/C                                                                                     | uop_p0_q_reg[is_last_class]/D                    |
|                  | 1           | 7            | 8      | 0.480  | 5.000 | -0.039 | -      | 4.517          | 42.90 | 57.10  | clk_i        | clk_i             | a_q_reg[8]/C                                                                                     | uop_p0_q_reg[src0_base][2]/D                     |
|                  | 1           | 7            | 8      | 0.450  | 5.000 | -0.039 | -      | 4.547          | 42.60 | 57.40  | clk_i        | clk_i             | a_q_reg[8]/C                                                                                     | uop_p0_q_reg[class_count][0]/D                   |
|                  | 1           | 7            | 8      | 0.450  | 5.000 | -0.039 | -      | 4.547          | 42.60 | 57.40  | clk_i        | clk_i             | a_q_reg[8]/C                                                                                     | uop_p0_q_reg[class_count][4]/D                   |
|                  | 1           | 7            | 8      | 0.332  | 5.000 | -0.039 | -      | 4.665          | 48.10 | 51.90  | clk_i        | clk_i             | gen_lane[2].i_p2_pop_slice/popcount_q_o_reg[2]/C                                                 | hsim_total_q_reg[7]/D                            |
|                  | 1           | 7            | 8      | 0.450  | 5.000 | -0.039 | -      | 4.547          | 42.60 | 57.40  | clk_i        | clk_i             | a_q_reg[8]/C                                                                                     | uop_p0_q_reg[class_count][1]/D                   |
|                  | 1           | 7            | 8      | 0.450  | 5.000 | -0.039 | -      | 4.547          | 42.60 | 57.40  | clk_i        | clk_i             | a_q_reg[8]/C                                                                                     | uop_p0_q_reg[class_count][2]/D                   |
|                  | 1           | 7            | 8      | 0.480  | 5.000 | -0.039 | -      | 4.517          | 42.90 | 57.10  | clk_i        | clk_i             | a_q_reg[8]/C                                                                                     | uop_p0_q_reg[op_type][1]/D                       |
|                  | 1           | 5            | 6      | -0.173 | 5.000 | -0.039 | -      | 5.171          | 51.30 | 48.70  | clk_i        | clk_i             | i_vrf/gen_vrf_bram[0].i_vrf_bank/xpm_memory_base_inst/gen_wr_a.gen_word_narrow.mem_reg/CLKARDCLK | lane_result_q_reg[1][33]/D                       |
|                  | 1           | 5            | 6      | -0.165 | 5.000 | -0.039 | -      | 5.163          | 51.50 | 48.50  | clk_i        | clk_i             | i_vrf/gen_vrf_bram[0].i_vrf_bank/xpm_memory_base_inst/gen_wr_a.gen_word_narrow.mem_reg/CLKARDCLK | lane_result_q_reg[0][24]/D                       |
|                  | 1           | 7            | 8      | -0.162 | 5.000 | -0.039 | -      | 4.951          | 39.10 | 60.90  | clk_i        | clk_i             | a_q_reg[8]/C                                                                                     | hmatch_best_idx_q_reg[6]/CE                      |
|                  | 1           | 5            | 6      | -0.144 | 5.000 | -0.039 | -      | 5.142          | 51.50 | 48.50  | clk_i        | clk_i             | i_vrf/gen_vrf_bram[0].i_vrf_bank/xpm_memory_base_inst/gen_wr_a.gen_word_narrow.mem_reg/CLKARDCLK | lane_result_q_reg[1][25]/D                       |
|                  | 1           | 5            | 6      | -0.144 | 5.000 | -0.039 | -      | 5.142          | 51.50 | 48.50  | clk_i        | clk_i             | i_vrf/gen_vrf_bram[0].i_vrf_bank/xpm_memory_base_inst/gen_wr_a.gen_word_narrow.mem_reg/CLKARDCLK | lane_result_q_reg[1][27]/D                       |
|                  | 1           | 5            | 6      | -0.140 | 5.000 | -0.039 | -      | 5.138          | 51.80 | 48.20  | clk_i        | clk_i             | i_vrf/gen_vrf_bram[0].i_vrf_bank/xpm_memory_base_inst/gen_wr_a.gen_word_narrow.mem_reg/CLKARDCLK | lane_result_q_reg[0][17]/D                       |
|                  | 1           | 7            | 8      | -0.162 | 5.000 | -0.039 | -      | 4.951          | 39.10 | 60.90  | clk_i        | clk_i             | a_q_reg[8]/C                                                                                     | hmatch_best_idx_q_reg[7]/CE                      |
|                  | 1           | 7            | 8      | -0.162 | 5.000 | -0.039 | -      | 4.951          | 39.10 | 60.90  | clk_i        | clk_i             | a_q_reg[8]/C                                                                                     | hmatch_best_idx_q_reg[2]/CE                      |
|                  | 1           | 7            | 8      | -0.175 | 5.000 | -0.039 | -      | 4.964          | 39.00 | 61.00  | clk_i        | clk_i             | a_q_reg[8]/C                                                                                     | res_q_reg[60]/CE                                 |
|                  | 1           | 7            | 8      | -0.175 | 5.000 | -0.039 | -      | 4.964          | 39.00 | 61.00  | clk_i        | clk_i             | a_q_reg[8]/C                                                                                     | res_q_reg[6]/CE                                  |
|                  | 1           | 5            | 6      | -0.165 | 5.000 | -0.039 | -      | 5.163          | 51.50 | 48.50  | clk_i        | clk_i             | i_vrf/gen_vrf_bram[0].i_vrf_bank/xpm_memory_base_inst/gen_wr_a.gen_word_narrow.mem_reg/CLKARDCLK | lane_result_q_reg[0][25]/D                       |
|                  | 1           | 7            | 8      | -0.162 | 5.000 | -0.039 | -      | 4.951          | 39.10 | 60.90  | clk_i        | clk_i             | a_q_reg[8]/C                                                                                     | hmatch_best_idx_q_reg[0]/CE                      |
|                  | 1           | 7            | 8      | -0.175 | 5.000 | -0.039 | -      | 4.964          | 39.00 | 61.00  | clk_i        | clk_i             | a_q_reg[8]/C                                                                                     | res_q_reg[62]/CE                                 |
|                  | 1           | 7            | 8      | -0.175 | 5.000 | -0.039 | -      | 4.964          | 39.00 | 61.00  | clk_i        | clk_i             | a_q_reg[8]/C                                                                                     | res_q_reg[9]/CE                                  |
|                  | 1           | 7            | 8      | -0.162 | 5.000 | -0.039 | -      | 4.951          | 39.10 | 60.90  | clk_i        | clk_i             | a_q_reg[8]/C                                                                                     | hmatch_best_idx_q_reg[1]/CE                      |
|                  | 1           | 5            | 6      | -0.154 | 5.000 | -0.039 | -      | 5.152          | 51.60 | 48.40  | clk_i        | clk_i             | i_vrf/gen_vrf_bram[0].i_vrf_bank/xpm_memory_base_inst/gen_wr_a.gen_word_narrow.mem_reg/CLKARDCLK | lane_result_q_reg[0][26]/D                       |
|                  | 1           | 7            | 8      | -0.162 | 5.000 | -0.039 | -      | 4.951          | 39.10 | 60.90  | clk_i        | clk_i             | a_q_reg[8]/C                                                                                     | hmatch_best_idx_q_reg[3]/CE                      |
|                  | 1           | 7            | 8      | -0.175 | 5.000 | -0.039 | -      | 4.964          | 39.00 | 61.00  | clk_i        | clk_i             | a_q_reg[8]/C                                                                                     | res_q_reg[7]/CE                                  |
|                  | 1           | 7            | 8      | -0.175 | 5.000 | -0.039 | -      | 4.964          | 39.00 | 61.00  | clk_i        | clk_i             | a_q_reg[8]/C                                                                                     | res_q_reg[8]/CE                                  |
|                  | 1           | 5            | 6      | -0.173 | 5.000 | -0.039 | -      | 5.171          | 51.30 | 48.70  | clk_i        | clk_i             | i_vrf/gen_vrf_bram[0].i_vrf_bank/xpm_memory_base_inst/gen_wr_a.gen_word_narrow.mem_reg/CLKARDCLK | lane_result_q_reg[1][35]/D                       |
|                  | 1           | 7            | 8      | -0.148 | 5.000 | -0.039 | -      | 4.937          | 39.30 | 60.70  | clk_i        | clk_i             | a_q_reg[8]/C                                                                                     | hmatch_class_slot_q_reg[3]/CE                    |
|                  | 1           | 5            | 6      | -0.173 | 5.000 | -0.039 | -      | 5.171          | 51.30 | 48.70  | clk_i        | clk_i             | i_vrf/gen_vrf_bram[0].i_vrf_bank/xpm_memory_base_inst/gen_wr_a.gen_word_narrow.mem_reg/CLKARDCLK | lane_result_q_reg[1][34]/D                       |
|                  | 1           | 7            | 8      | -0.175 | 5.000 | -0.039 | -      | 4.964          | 39.00 | 61.00  | clk_i        | clk_i             | a_q_reg[8]/C                                                                                     | res_q_reg[61]/CE                                 |
|                  | 1           | 7            | 8      | -0.162 | 5.000 | -0.039 | -      | 4.951          | 39.10 | 60.90  | clk_i        | clk_i             | a_q_reg[8]/C                                                                                     | hmatch_best_idx_q_reg[4]/CE                      |
|                  | 1           | 7            | 8      | -0.175 | 5.000 | -0.039 | -      | 4.964          | 39.00 | 61.00  | clk_i        | clk_i             | a_q_reg[8]/C                                                                                     | res_q_reg[63]/CE                                 |
|                  | 1           | 7            | 8      | -0.148 | 5.000 | -0.039 | -      | 4.937          | 39.30 | 60.70  | clk_i        | clk_i             | a_q_reg[8]/C                                                                                     | hmatch_class_slot_q_reg[0]/CE                    |
|                  | 1           | 7            | 8      | -0.175 | 5.000 | -0.039 | -      | 4.964          | 39.00 | 61.00  | clk_i        | clk_i             | a_q_reg[8]/C                                                                                     | res_q_reg[5]/CE                                  |
|                  | 1           | 5            | 6      | -0.173 | 5.000 | -0.039 | -      | 5.171          | 51.30 | 48.70  | clk_i        | clk_i             | i_vrf/gen_vrf_bram[0].i_vrf_bank/xpm_memory_base_inst/gen_wr_a.gen_word_narrow.mem_reg/CLKARDCLK | lane_result_q_reg[1][32]/D                       |
|                  | 1           | 5            | 6      | -0.154 | 5.000 | -0.039 | -      | 5.152          | 51.60 | 48.40  | clk_i        | clk_i             | i_vrf/gen_vrf_bram[0].i_vrf_bank/xpm_memory_base_inst/gen_wr_a.gen_word_narrow.mem_reg/CLKARDCLK | lane_result_q_reg[0][27]/D                       |
|                  | 1           | 7            | 8      | -0.148 | 5.000 | -0.039 | -      | 4.937          | 39.30 | 60.70  | clk_i        | clk_i             | a_q_reg[8]/C                                                                                     | hmatch_class_slot_q_reg[2]/CE                    |
|                  | 1           | 5            | 6      | -0.144 | 5.000 | -0.039 | -      | 5.142          | 51.50 | 48.50  | clk_i        | clk_i             | i_vrf/gen_vrf_bram[0].i_vrf_bank/xpm_memory_base_inst/gen_wr_a.gen_word_narrow.mem_reg/CLKARDCLK | lane_result_q_reg[1][24]/D                       |
|                  | 1           | 7            | 8      | -0.162 | 5.000 | -0.039 | -      | 4.951          | 39.10 | 60.90  | clk_i        | clk_i             | a_q_reg[8]/C                                                                                     | hmatch_best_idx_q_reg[5]/CE                      |
|                  | 1           | 7            | 8      | -0.148 | 5.000 | -0.039 | -      | 4.937          | 39.30 | 60.70  | clk_i        | clk_i             | a_q_reg[8]/C                                                                                     | hmatch_class_slot_q_reg[1]/CE                    |
|                  | 1           | 5            | 6      | -0.144 | 5.000 | -0.039 | -      | 5.142          | 51.50 | 48.50  | clk_i        | clk_i             | i_vrf/gen_vrf_bram[0].i_vrf_bank/xpm_memory_base_inst/gen_wr_a.gen_word_narrow.mem_reg/CLKARDCLK | lane_result_q_reg[1][26]/D                       |
|                  | 1           | 5            | 6      | -0.140 | 5.000 | -0.039 | -      | 5.138          | 51.80 | 48.20  | clk_i        | clk_i             | i_vrf/gen_vrf_bram[0].i_vrf_bank/xpm_memory_base_inst/gen_wr_a.gen_word_narrow.mem_reg/CLKARDCLK | lane_result_q_reg[0][16]/D                       |
|                  | 1           | 7            | 8      | -0.133 | 5.000 | -0.039 | -      | 4.922          | 39.40 | 60.60  | clk_i        | clk_i             | a_q_reg[8]/C                                                                                     | hmatch_budget_q_reg[1]/CE                        |
|                  | 1           | 7            | 8      | -0.133 | 5.000 | -0.039 | -      | 4.922          | 39.40 | 60.60  | clk_i        | clk_i             | a_q_reg[8]/C                                                                                     | hmatch_budget_q_reg[8]/CE                        |
|                  | 1           | 7            | 8      | -0.133 | 5.000 | -0.039 | -      | 4.922          | 39.40 | 60.60  | clk_i        | clk_i             | a_q_reg[8]/C                                                                                     | hmatch_budget_q_reg[9]/CE                        |
|                  | 1           | 7            | 8      | -0.133 | 5.000 | -0.039 | -      | 4.922          | 39.40 | 60.60  | clk_i        | clk_i             | a_q_reg[8]/C                                                                                     | hsim_total_q_reg[0]/CE                           |
|                  | 1           | 7            | 8      | -0.133 | 5.000 | -0.039 | -      | 4.922          | 39.40 | 60.60  | clk_i        | clk_i             | a_q_reg[8]/C                                                                                     | hsim_total_q_reg[1]/CE                           |
|                  | 1           | 7            | 8      | -0.133 | 5.000 | -0.039 | -      | 4.922          | 39.40 | 60.60  | clk_i        | clk_i             | a_q_reg[8]/C                                                                                     | hsim_total_q_reg[2]/CE                           |
|                  | 1           | 7            | 8      | -0.133 | 5.000 | -0.039 | -      | 4.922          | 39.40 | 60.60  | clk_i        | clk_i             | a_q_reg[8]/C                                                                                     | hsim_total_q_reg[3]/CE                           |
|                  | 1           | 7            | 8      | -0.133 | 5.000 | -0.039 | -      | 4.922          | 39.40 | 60.60  | clk_i        | clk_i             | a_q_reg[8]/C                                                                                     | hsim_total_q_reg[4]/CE                           |
|                  | 1           | 7            | 8      | -0.133 | 5.000 | -0.039 | -      | 4.922          | 39.40 | 60.60  | clk_i        | clk_i             | a_q_reg[8]/C                                                                                     | hmatch_budget_q_reg[4]/CE                        |
|                  | 1           | 5            | 6      | -0.136 | 5.000 | -0.039 | -      | 5.134          | 51.60 | 48.40  | clk_i        | clk_i             | i_vrf/gen_vrf_bram[0].i_vrf_bank/xpm_memory_base_inst/gen_wr_a.gen_word_narrow.mem_reg/CLKARDCLK | lane_result_q_reg[0][46]/D                       |
|                  | 1           | 7            | 8      | -0.133 | 5.000 | -0.039 | -      | 4.922          | 39.40 | 60.60  | clk_i        | clk_i             | a_q_reg[8]/C                                                                                     | hsim_total_q_reg[10]/CE                          |
|                  | 1           | 5            | 6      | -0.136 | 5.000 | -0.039 | -      | 5.134          | 51.60 | 48.40  | clk_i        | clk_i             | i_vrf/gen_vrf_bram[0].i_vrf_bank/xpm_memory_base_inst/gen_wr_a.gen_word_narrow.mem_reg/CLKARDCLK | lane_result_q_reg[0][49]/D                       |
|                  | 1           | 5            | 6      | -0.136 | 5.000 | -0.039 | -      | 5.134          | 51.60 | 48.40  | clk_i        | clk_i             | i_vrf/gen_vrf_bram[0].i_vrf_bank/xpm_memory_base_inst/gen_wr_a.gen_word_narrow.mem_reg/CLKARDCLK | lane_result_q_reg[1][49]/D                       |
|                  | 1           | 5            | 6      | -0.136 | 5.000 | -0.039 | -      | 5.134          | 51.60 | 48.40  | clk_i        | clk_i             | i_vrf/gen_vrf_bram[0].i_vrf_bank/xpm_memory_base_inst/gen_wr_a.gen_word_narrow.mem_reg/CLKARDCLK | lane_result_q_reg[1][46]/D                       |
|                  | 1           | 5            | 6      | -0.136 | 5.000 | -0.039 | -      | 5.134          | 51.60 | 48.40  | clk_i        | clk_i             | i_vrf/gen_vrf_bram[0].i_vrf_bank/xpm_memory_base_inst/gen_wr_a.gen_word_narrow.mem_reg/CLKARDCLK | lane_result_q_reg[1][48]/D                       |
|                  | 1           | 5            | 6      | -0.136 | 5.000 | -0.039 | -      | 5.134          | 51.60 | 48.40  | clk_i        | clk_i             | i_vrf/gen_vrf_bram[0].i_vrf_bank/xpm_memory_base_inst/gen_wr_a.gen_word_narrow.mem_reg/CLKARDCLK | lane_result_q_reg[0][48]/D                       |
|                  | 1           | 7            | 8      | -0.133 | 5.000 | -0.039 | -      | 4.922          | 39.40 | 60.60  | clk_i        | clk_i             | a_q_reg[8]/C                                                                                     | hmatch_budget_q_reg[10]/CE                       |
|                  | 1           | 7            | 8      | -0.133 | 5.000 | -0.039 | -      | 4.922          | 39.40 | 60.60  | clk_i        | clk_i             | a_q_reg[8]/C                                                                                     | hmatch_budget_q_reg[3]/CE                        |
|                  | 1           | 7            | 8      | -0.133 | 5.000 | -0.039 | -      | 4.922          | 39.40 | 60.60  | clk_i        | clk_i             | a_q_reg[8]/C                                                                                     | hmatch_budget_q_reg[0]/CE                        |
|                  | 1           | 7            | 8      | -0.133 | 5.000 | -0.039 | -      | 4.922          | 39.40 | 60.60  | clk_i        | clk_i             | a_q_reg[8]/C                                                                                     | hmatch_budget_q_reg[5]/CE                        |
|                  | 1           | 7            | 8      | -0.133 | 5.000 | -0.039 | -      | 4.922          | 39.40 | 60.60  | clk_i        | clk_i             | a_q_reg[8]/C                                                                                     | hmatch_budget_q_reg[2]/CE                        |
|                  | 1           | 7            | 8      | -0.133 | 5.000 | -0.039 | -      | 4.922          | 39.40 | 60.60  | clk_i        | clk_i             | a_q_reg[8]/C                                                                                     | hmatch_budget_q_reg[7]/CE                        |
|                  | 1           | 7            | 8      | -0.133 | 5.000 | -0.039 | -      | 4.922          | 39.40 | 60.60  | clk_i        | clk_i             | a_q_reg[8]/C                                                                                     | hmatch_budget_q_reg[6]/CE                        |
|                  | 1           | 8            | 9      | -0.231 | 5.000 | -0.039 | -      | 5.228          | 48.60 | 51.40  | clk_i        | clk_i             | gen_lane[2].i_p2_pop_slice/popcount_q_o_reg[4]/C                                                 | hmatch_update_q_reg/D                            |
|                  | 1           | 5            | 6      | -0.203 | 5.000 | -0.039 | -      | 5.201          | 51.00 | 49.00  | clk_i        | clk_i             | i_vrf/gen_vrf_bram[0].i_vrf_bank/xpm_memory_base_inst/gen_wr_a.gen_word_narrow.mem_reg/CLKARDCLK | lane_result_q_reg[1][6]/D                        |
|                  | 1           | 5            | 6      | -0.198 | 5.000 | -0.039 | -      | 5.196          | 51.00 | 49.00  | clk_i        | clk_i             | i_vrf/gen_vrf_bram[0].i_vrf_bank/xpm_memory_base_inst/gen_wr_a.gen_word_narrow.mem_reg/CLKARDCLK | lane_result_q_reg[1][40]/D                       |
|                  | 1           | 5            | 6      | -0.190 | 5.000 | -0.039 | -      | 5.188          | 51.10 | 48.90  | clk_i        | clk_i             | i_vrf/gen_vrf_bram[0].i_vrf_bank/xpm_memory_base_inst/gen_wr_a.gen_word_narrow.mem_reg/CLKARDCLK | lane_result_q_reg[0][62]/D                       |
|                  | 1           | 5            | 6      | -0.219 | 5.000 | -0.039 | -      | 5.217          | 51.00 | 49.00  | clk_i        | clk_i             | i_vrf/gen_vrf_bram[0].i_vrf_bank/xpm_memory_base_inst/gen_wr_a.gen_word_narrow.mem_reg/CLKARDCLK | lane_result_q_reg[0][40]/D                       |
|                  | 1           | 5            | 6      | -0.203 | 5.000 | -0.039 | -      | 5.201          | 51.00 | 49.00  | clk_i        | clk_i             | i_vrf/gen_vrf_bram[0].i_vrf_bank/xpm_memory_base_inst/gen_wr_a.gen_word_narrow.mem_reg/CLKARDCLK | lane_result_q_reg[1][9]/D                        |
|                  | 1           | 5            | 6      | -0.219 | 5.000 | -0.039 | -      | 5.217          | 51.00 | 49.00  | clk_i        | clk_i             | i_vrf/gen_vrf_bram[0].i_vrf_bank/xpm_memory_base_inst/gen_wr_a.gen_word_narrow.mem_reg/CLKARDCLK | lane_result_q_reg[0][41]/D                       |
|                  | 1           | 5            | 6      | -0.208 | 5.000 | -0.039 | -      | 5.206          | 51.10 | 48.90  | clk_i        | clk_i             | i_vrf/gen_vrf_bram[0].i_vrf_bank/xpm_memory_base_inst/gen_wr_a.gen_word_narrow.mem_reg/CLKARDCLK | lane_result_q_reg[0][43]/D                       |
|                  | 1           | 5            | 6      | -0.208 | 5.000 | -0.039 | -      | 5.206          | 51.10 | 48.90  | clk_i        | clk_i             | i_vrf/gen_vrf_bram[0].i_vrf_bank/xpm_memory_base_inst/gen_wr_a.gen_word_narrow.mem_reg/CLKARDCLK | lane_result_q_reg[0][42]/D                       |
|                  | 1           | 5            | 6      | -0.190 | 5.000 | -0.039 | -      | 5.188          | 51.10 | 48.90  | clk_i        | clk_i             | i_vrf/gen_vrf_bram[0].i_vrf_bank/xpm_memory_base_inst/gen_wr_a.gen_word_narrow.mem_reg/CLKARDCLK | lane_result_q_reg[1][0]/D                        |
|                  | 1           | 5            | 6      | -0.203 | 5.000 | -0.039 | -      | 5.201          | 51.00 | 49.00  | clk_i        | clk_i             | i_vrf/gen_vrf_bram[0].i_vrf_bank/xpm_memory_base_inst/gen_wr_a.gen_word_narrow.mem_reg/CLKARDCLK | lane_result_q_reg[1][8]/D                        |
|                  | 1           | 5            | 6      | -0.190 | 5.000 | -0.039 | -      | 5.188          | 51.10 | 48.90  | clk_i        | clk_i             | i_vrf/gen_vrf_bram[0].i_vrf_bank/xpm_memory_base_inst/gen_wr_a.gen_word_narrow.mem_reg/CLKARDCLK | lane_result_q_reg[1][1]/D                        |
|                  | 1           | 5            | 6      | -0.190 | 5.000 | -0.039 | -      | 5.188          | 51.10 | 48.90  | clk_i        | clk_i             | i_vrf/gen_vrf_bram[0].i_vrf_bank/xpm_memory_base_inst/gen_wr_a.gen_word_narrow.mem_reg/CLKARDCLK | lane_result_q_reg[2][0]/D                        |
|                  | 1           | 5            | 6      | -0.190 | 5.000 | -0.039 | -      | 5.188          | 51.10 | 48.90  | clk_i        | clk_i             | i_vrf/gen_vrf_bram[0].i_vrf_bank/xpm_memory_base_inst/gen_wr_a.gen_word_narrow.mem_reg/CLKARDCLK | lane_result_q_reg[1][62]/D                       |
|                  | 1           | 5            | 6      | -0.190 | 5.000 | -0.039 | -      | 5.188          | 51.10 | 48.90  | clk_i        | clk_i             | i_vrf/gen_vrf_bram[0].i_vrf_bank/xpm_memory_base_inst/gen_wr_a.gen_word_narrow.mem_reg/CLKARDCLK | lane_result_q_reg[2][1]/D                        |
|                  | 1           | 5            | 6      | -0.185 | 5.000 | -0.039 | -      | 5.183          | 51.10 | 48.90  | clk_i        | clk_i             | i_vrf/gen_vrf_bram[0].i_vrf_bank/xpm_memory_base_inst/gen_wr_a.gen_word_narrow.mem_reg/CLKARDCLK | lane_result_q_reg[0][55]/D                       |
|                  | 1           | 5            | 6      | -0.185 | 5.000 | -0.039 | -      | 5.183          | 51.10 | 48.90  | clk_i        | clk_i             | i_vrf/gen_vrf_bram[0].i_vrf_bank/xpm_memory_base_inst/gen_wr_a.gen_word_narrow.mem_reg/CLKARDCLK | lane_result_q_reg[1][55]/D                       |
|                  | 1           | 5            | 6      | -0.183 | 5.000 | -0.039 | -      | 5.181          | 51.30 | 48.70  | clk_i        | clk_i             | i_vrf/gen_vrf_bram[0].i_vrf_bank/xpm_memory_base_inst/gen_wr_a.gen_word_narrow.mem_reg/CLKARDCLK | lane_result_q_reg[0][34]/D                       |
|                  | 1           | 5            | 6      | -0.183 | 5.000 | -0.039 | -      | 5.181          | 51.30 | 48.70  | clk_i        | clk_i             | i_vrf/gen_vrf_bram[0].i_vrf_bank/xpm_memory_base_inst/gen_wr_a.gen_word_narrow.mem_reg/CLKARDCLK | lane_result_q_reg[0][35]/D                       |
|                  | 1           | 5            | 6      | -0.183 | 5.000 | -0.039 | -      | 5.181          | 51.20 | 48.80  | clk_i        | clk_i             | i_vrf/gen_vrf_bram[0].i_vrf_bank/xpm_memory_base_inst/gen_wr_a.gen_word_narrow.mem_reg/CLKARDCLK | lane_result_q_reg[0][63]/D                       |
|                  | 1           | 8            | 9      | -0.231 | 5.000 | -0.039 | -      | 5.228          | 48.60 | 51.40  | clk_i        | clk_i             | gen_lane[2].i_p2_pop_slice/popcount_q_o_reg[4]/C                                                 | hmatch_budget_q_reg[7]/D                         |
|                  | 1           | 8            | 9      | -0.231 | 5.000 | -0.039 | -      | 5.228          | 48.60 | 51.40  | clk_i        | clk_i             | gen_lane[2].i_p2_pop_slice/popcount_q_o_reg[4]/C                                                 | hmatch_budget_q_reg[8]/D                         |
|                  | 1           | 8            | 9      | -0.231 | 5.000 | -0.039 | -      | 5.228          | 48.60 | 51.40  | clk_i        | clk_i             | gen_lane[2].i_p2_pop_slice/popcount_q_o_reg[4]/C                                                 | hmatch_budget_q_reg[9]/D                         |
|                  | 1           | 5            | 6      | -0.209 | 5.000 | -0.039 | -      | 5.207          | 50.90 | 49.10  | clk_i        | clk_i             | i_vrf/gen_vrf_bram[0].i_vrf_bank/xpm_memory_base_inst/gen_wr_a.gen_word_narrow.mem_reg/CLKARDCLK | lane_result_q_reg[1][7]/D                        |
|                  | 1           | 5            | 6      | -0.198 | 5.000 | -0.039 | -      | 5.196          | 51.00 | 49.00  | clk_i        | clk_i             | i_vrf/gen_vrf_bram[0].i_vrf_bank/xpm_memory_base_inst/gen_wr_a.gen_word_narrow.mem_reg/CLKARDCLK | lane_result_q_reg[1][43]/D                       |
|                  | 1           | 5            | 6      | -0.194 | 5.000 | -0.039 | -      | 5.192          | 51.20 | 48.80  | clk_i        | clk_i             | i_vrf/gen_vrf_bram[0].i_vrf_bank/xpm_memory_base_inst/gen_wr_a.gen_word_narrow.mem_reg/CLKARDCLK | lane_result_q_reg[0][33]/D                       |
|                  | 1           | 5            | 6      | -0.198 | 5.000 | -0.039 | -      | 5.196          | 51.00 | 49.00  | clk_i        | clk_i             | i_vrf/gen_vrf_bram[0].i_vrf_bank/xpm_memory_base_inst/gen_wr_a.gen_word_narrow.mem_reg/CLKARDCLK | lane_result_q_reg[1][42]/D                       |
|                  | 1           | 5            | 6      | -0.198 | 5.000 | -0.039 | -      | 5.196          | 51.00 | 49.00  | clk_i        | clk_i             | i_vrf/gen_vrf_bram[0].i_vrf_bank/xpm_memory_base_inst/gen_wr_a.gen_word_narrow.mem_reg/CLKARDCLK | lane_result_q_reg[1][41]/D                       |
|                  | 1           | 5            | 6      | -0.194 | 5.000 | -0.039 | -      | 5.192          | 51.20 | 48.80  | clk_i        | clk_i             | i_vrf/gen_vrf_bram[0].i_vrf_bank/xpm_memory_base_inst/gen_wr_a.gen_word_narrow.mem_reg/CLKARDCLK | lane_result_q_reg[0][32]/D                       |
|                  | 1           | 5            | 6      | -0.557 | 5.000 | -0.039 | -      | 5.555          | 47.70 | 52.30  | clk_i        | clk_i             | i_vrf/gen_vrf_bram[0].i_vrf_bank/xpm_memory_base_inst/gen_wr_a.gen_word_narrow.mem_reg/CLKARDCLK | lane_result_q_reg[3][12]/D                       |
|                  | 1           | 5            | 6      | -0.559 | 5.000 | -0.039 | -      | 5.557          | 48.10 | 51.90  | clk_i        | clk_i             | i_vrf/gen_vrf_bram[0].i_vrf_bank/xpm_memory_base_inst/gen_wr_a.gen_word_narrow.mem_reg/CLKARDCLK | lane_result_q_reg[2][53]/D                       |
|                  | 1           | 5            | 6      | -0.559 | 5.000 | -0.039 | -      | 5.557          | 48.10 | 51.90  | clk_i        | clk_i             | i_vrf/gen_vrf_bram[0].i_vrf_bank/xpm_memory_base_inst/gen_wr_a.gen_word_narrow.mem_reg/CLKARDCLK | lane_result_q_reg[2][52]/D                       |
|                  | 1           | 5            | 6      | -0.557 | 5.000 | -0.039 | -      | 5.555          | 47.70 | 52.30  | clk_i        | clk_i             | i_vrf/gen_vrf_bram[0].i_vrf_bank/xpm_memory_base_inst/gen_wr_a.gen_word_narrow.mem_reg/CLKARDCLK | lane_result_q_reg[3][13]/D                       |
|                  | 1           | 5            | 6      | -0.552 | 5.000 | -0.039 | -      | 5.550          | 47.80 | 52.20  | clk_i        | clk_i             | i_vrf/gen_vrf_bram[0].i_vrf_bank/xpm_memory_base_inst/gen_wr_a.gen_word_narrow.mem_reg/CLKARDCLK | lane_result_q_reg[2][30]/D                       |
|                  | 1           | 5            | 6      | -0.559 | 5.000 | -0.039 | -      | 5.557          | 48.10 | 51.90  | clk_i        | clk_i             | i_vrf/gen_vrf_bram[0].i_vrf_bank/xpm_memory_base_inst/gen_wr_a.gen_word_narrow.mem_reg/CLKARDCLK | lane_result_q_reg[2][51]/D                       |
|                  | 1           | 5            | 6      | -0.552 | 5.000 | -0.039 | -      | 5.550          | 47.80 | 52.20  | clk_i        | clk_i             | i_vrf/gen_vrf_bram[0].i_vrf_bank/xpm_memory_base_inst/gen_wr_a.gen_word_narrow.mem_reg/CLKARDCLK | lane_result_q_reg[2][31]/D                       |
|                  | 1           | 5            | 6      | -0.559 | 5.000 | -0.039 | -      | 5.557          | 47.70 | 52.30  | clk_i        | clk_i             | i_vrf/gen_vrf_bram[0].i_vrf_bank/xpm_memory_base_inst/gen_wr_a.gen_word_narrow.mem_reg/CLKARDCLK | lane_result_q_reg[2][28]/D                       |
|                  | 1           | 5            | 6      | -0.559 | 5.000 | -0.039 | -      | 5.557          | 47.70 | 52.30  | clk_i        | clk_i             | i_vrf/gen_vrf_bram[0].i_vrf_bank/xpm_memory_base_inst/gen_wr_a.gen_word_narrow.mem_reg/CLKARDCLK | lane_result_q_reg[2][29]/D                       |
|                  | 1           | 5            | 6      | -0.559 | 5.000 | -0.039 | -      | 5.557          | 47.70 | 52.30  | clk_i        | clk_i             | i_vrf/gen_vrf_bram[0].i_vrf_bank/xpm_memory_base_inst/gen_wr_a.gen_word_narrow.mem_reg/CLKARDCLK | lane_result_q_reg[3][17]/D                       |
|                  | 1           | 5            | 6      | -0.552 | 5.000 | -0.039 | -      | 5.550          | 47.80 | 52.20  | clk_i        | clk_i             | i_vrf/gen_vrf_bram[0].i_vrf_bank/xpm_memory_base_inst/gen_wr_a.gen_word_narrow.mem_reg/CLKARDCLK | lane_result_q_reg[3][18]/D                       |
|                  | 1           | 5            | 6      | -0.552 | 5.000 | -0.039 | -      | 5.550          | 47.80 | 52.20  | clk_i        | clk_i             | i_vrf/gen_vrf_bram[0].i_vrf_bank/xpm_memory_base_inst/gen_wr_a.gen_word_narrow.mem_reg/CLKARDCLK | lane_result_q_reg[3][19]/D                       |
|                  | 1           | 5            | 6      | -0.559 | 5.000 | -0.039 | -      | 5.557          | 48.10 | 51.90  | clk_i        | clk_i             | i_vrf/gen_vrf_bram[0].i_vrf_bank/xpm_memory_base_inst/gen_wr_a.gen_word_narrow.mem_reg/CLKARDCLK | lane_result_q_reg[2][38]/D                       |
|                  | 1           | 5            | 6      | -0.559 | 5.000 | -0.039 | -      | 5.557          | 47.70 | 52.30  | clk_i        | clk_i             | i_vrf/gen_vrf_bram[0].i_vrf_bank/xpm_memory_base_inst/gen_wr_a.gen_word_narrow.mem_reg/CLKARDCLK | lane_result_q_reg[3][16]/D                       |
|                  | 1           | 5            | 6      | -0.704 | 5.000 | -0.039 | -      | 5.702          | 46.50 | 53.50  | clk_i        | clk_i             | i_vrf/gen_vrf_bram[0].i_vrf_bank/xpm_memory_base_inst/gen_wr_a.gen_word_narrow.mem_reg/CLKARDCLK | lane_result_q_reg[3][56]/D                       |
|                  | 1           | 5            | 6      | -0.711 | 5.000 | -0.039 | -      | 5.709          | 46.40 | 53.60  | clk_i        | clk_i             | i_vrf/gen_vrf_bram[0].i_vrf_bank/xpm_memory_base_inst/gen_wr_a.gen_word_narrow.mem_reg/CLKARDCLK | lane_result_q_reg[2][57]/D                       |
|                  | 1           | 5            | 6      | -0.711 | 5.000 | -0.039 | -      | 5.709          | 46.40 | 53.60  | clk_i        | clk_i             | i_vrf/gen_vrf_bram[0].i_vrf_bank/xpm_memory_base_inst/gen_wr_a.gen_word_narrow.mem_reg/CLKARDCLK | lane_result_q_reg[2][60]/D                       |
|                  | 1           | 5            | 6      | -0.704 | 5.000 | -0.039 | -      | 5.702          | 46.50 | 53.50  | clk_i        | clk_i             | i_vrf/gen_vrf_bram[0].i_vrf_bank/xpm_memory_base_inst/gen_wr_a.gen_word_narrow.mem_reg/CLKARDCLK | lane_result_q_reg[2][59]/D                       |
|                  | 1           | 5            | 6      | -0.704 | 5.000 | -0.039 | -      | 5.702          | 46.50 | 53.50  | clk_i        | clk_i             | i_vrf/gen_vrf_bram[0].i_vrf_bank/xpm_memory_base_inst/gen_wr_a.gen_word_narrow.mem_reg/CLKARDCLK | lane_result_q_reg[3][59]/D                       |
|                  | 1           | 5            | 6      | -0.711 | 5.000 | -0.039 | -      | 5.709          | 46.40 | 53.60  | clk_i        | clk_i             | i_vrf/gen_vrf_bram[0].i_vrf_bank/xpm_memory_base_inst/gen_wr_a.gen_word_narrow.mem_reg/CLKARDCLK | lane_result_q_reg[2][61]/D                       |
|                  | 1           | 5            | 6      | -0.704 | 5.000 | -0.039 | -      | 5.702          | 46.50 | 53.50  | clk_i        | clk_i             | i_vrf/gen_vrf_bram[0].i_vrf_bank/xpm_memory_base_inst/gen_wr_a.gen_word_narrow.mem_reg/CLKARDCLK | lane_result_q_reg[3][57]/D                       |
|                  | 1           | 5            | 5      | -0.627 | 5.000 | -0.039 | -      | 5.657          | 48.90 | 51.10  | clk_i        | clk_i             | i_vrf/gen_vrf_bram[0].i_vrf_bank/xpm_memory_base_inst/gen_wr_a.gen_word_narrow.mem_reg/CLKARDCLK | lane_result_q_reg[3][20]/D                       |
|                  | 1           | 5            | 5      | -0.627 | 5.000 | -0.039 | -      | 5.657          | 48.90 | 51.10  | clk_i        | clk_i             | i_vrf/gen_vrf_bram[0].i_vrf_bank/xpm_memory_base_inst/gen_wr_a.gen_word_narrow.mem_reg/CLKARDCLK | lane_result_q_reg[3][21]/D                       |
|                  | 1           | 5            | 6      | -0.592 | 5.000 | -0.039 | -      | 5.590          | 47.80 | 52.20  | clk_i        | clk_i             | i_vrf/gen_vrf_bram[0].i_vrf_bank/xpm_memory_base_inst/gen_wr_a.gen_word_narrow.mem_reg/CLKARDCLK | lane_result_q_reg[2][40]/D                       |
|                  | 1           | 5            | 5      | -0.627 | 5.000 | -0.039 | -      | 5.657          | 48.90 | 51.10  | clk_i        | clk_i             | i_vrf/gen_vrf_bram[0].i_vrf_bank/xpm_memory_base_inst/gen_wr_a.gen_word_narrow.mem_reg/CLKARDCLK | lane_result_q_reg[3][4]/D                        |
|                  | 1           | 5            | 6      | -0.704 | 5.000 | -0.039 | -      | 5.702          | 46.50 | 53.50  | clk_i        | clk_i             | i_vrf/gen_vrf_bram[0].i_vrf_bank/xpm_memory_base_inst/gen_wr_a.gen_word_narrow.mem_reg/CLKARDCLK | lane_result_q_reg[3][58]/D                       |
|                  | 1           | 5            | 5      | -0.627 | 5.000 | -0.039 | -      | 5.657          | 48.90 | 51.10  | clk_i        | clk_i             | i_vrf/gen_vrf_bram[0].i_vrf_bank/xpm_memory_base_inst/gen_wr_a.gen_word_narrow.mem_reg/CLKARDCLK | lane_result_q_reg[3][5]/D                        |
|                  | 1           | 5            | 6      | -0.704 | 5.000 | -0.039 | -      | 5.702          | 46.50 | 53.50  | clk_i        | clk_i             | i_vrf/gen_vrf_bram[0].i_vrf_bank/xpm_memory_base_inst/gen_wr_a.gen_word_narrow.mem_reg/CLKARDCLK | lane_result_q_reg[2][58]/D                       |
|                  | 1           | 6            | 7      | -1.866 | 5.000 | -0.039 | -      | 6.864          | 40.10 | 59.90  | clk_i        | clk_i             | i_vrf/gen_vrf_bram[3].i_vrf_bank/xpm_memory_base_inst/gen_wr_a.gen_word_narrow.mem_reg/CLKARDCLK | gen_lane[3].i_p2_pop_slice/popcount_q_o_reg[5]/D |
|                  | 1           | 6            | 7      | -1.631 | 5.000 | -0.039 | -      | 6.629          | 41.60 | 58.40  | clk_i        | clk_i             | i_vrf/gen_vrf_bram[2].i_vrf_bank/xpm_memory_base_inst/gen_wr_a.gen_word_narrow.mem_reg/CLKARDCLK | gen_lane[2].i_p2_pop_slice/popcount_q_o_reg[3]/D |
|                  | 1           | 6            | 7      | -1.631 | 5.000 | -0.039 | -      | 6.629          | 41.60 | 58.40  | clk_i        | clk_i             | i_vrf/gen_vrf_bram[3].i_vrf_bank/xpm_memory_base_inst/gen_wr_a.gen_word_narrow.mem_reg/CLKARDCLK | gen_lane[3].i_p2_pop_slice/popcount_q_o_reg[3]/D |
|                  | 1           | 6            | 7      | -1.631 | 5.000 | -0.039 | -      | 6.629          | 41.60 | 58.40  | clk_i        | clk_i             | i_vrf/gen_vrf_bram[1].i_vrf_bank/xpm_memory_base_inst/gen_wr_a.gen_word_narrow.mem_reg/CLKARDCLK | gen_lane[1].i_p2_pop_slice/popcount_q_o_reg[3]/D |
|                  | 1           | 6            | 7      | -1.866 | 5.000 | -0.039 | -      | 6.864          | 40.10 | 59.90  | clk_i        | clk_i             | i_vrf/gen_vrf_bram[2].i_vrf_bank/xpm_memory_base_inst/gen_wr_a.gen_word_narrow.mem_reg/CLKARDCLK | gen_lane[2].i_p2_pop_slice/popcount_q_o_reg[5]/D |
|                  | 1           | 6            | 7      | -1.823 | 5.000 | -0.039 | -      | 6.821          | 40.40 | 59.60  | clk_i        | clk_i             | i_vrf/gen_vrf_bram[2].i_vrf_bank/xpm_memory_base_inst/gen_wr_a.gen_word_narrow.mem_reg/CLKARDCLK | gen_lane[2].i_p2_pop_slice/popcount_q_o_reg[4]/D |
|                  | 1           | 6            | 7      | -1.866 | 5.000 | -0.039 | -      | 6.864          | 40.10 | 59.90  | clk_i        | clk_i             | i_vrf/gen_vrf_bram[3].i_vrf_bank/xpm_memory_base_inst/gen_wr_a.gen_word_narrow.mem_reg/CLKARDCLK | gen_lane[3].i_p2_pop_slice/popcount_q_o_reg[6]/D |
|                  | 1           | 6            | 7      | -1.823 | 5.000 | -0.039 | -      | 6.821          | 40.40 | 59.60  | clk_i        | clk_i             | i_vrf/gen_vrf_bram[3].i_vrf_bank/xpm_memory_base_inst/gen_wr_a.gen_word_narrow.mem_reg/CLKARDCLK | gen_lane[3].i_p2_pop_slice/popcount_q_o_reg[4]/D |
|                  | 1           | 6            | 7      | -1.866 | 5.000 | -0.039 | -      | 6.864          | 40.10 | 59.90  | clk_i        | clk_i             | i_vrf/gen_vrf_bram[1].i_vrf_bank/xpm_memory_base_inst/gen_wr_a.gen_word_narrow.mem_reg/CLKARDCLK | gen_lane[1].i_p2_pop_slice/popcount_q_o_reg[6]/D |
|                  | 1           | 6            | 7      | -1.823 | 5.000 | -0.039 | -      | 6.821          | 40.40 | 59.60  | clk_i        | clk_i             | i_vrf/gen_vrf_bram[1].i_vrf_bank/xpm_memory_base_inst/gen_wr_a.gen_word_narrow.mem_reg/CLKARDCLK | gen_lane[1].i_p2_pop_slice/popcount_q_o_reg[4]/D |
|                  | 1           | 6            | 7      | -1.823 | 5.000 | -0.039 | -      | 6.821          | 40.40 | 59.60  | clk_i        | clk_i             | i_vrf/gen_vrf_bram[0].i_vrf_bank/xpm_memory_base_inst/gen_wr_a.gen_word_narrow.mem_reg/CLKARDCLK | gen_lane[0].i_p2_pop_slice/popcount_q_o_reg[4]/D |
|                  | 1           | 6            | 7      | -1.631 | 5.000 | -0.039 | -      | 6.629          | 41.60 | 58.40  | clk_i        | clk_i             | i_vrf/gen_vrf_bram[0].i_vrf_bank/xpm_memory_base_inst/gen_wr_a.gen_word_narrow.mem_reg/CLKARDCLK | gen_lane[0].i_p2_pop_slice/popcount_q_o_reg[3]/D |
|                  | 1           | 6            | 7      | -1.866 | 5.000 | -0.039 | -      | 6.864          | 40.10 | 59.90  | clk_i        | clk_i             | i_vrf/gen_vrf_bram[1].i_vrf_bank/xpm_memory_base_inst/gen_wr_a.gen_word_narrow.mem_reg/CLKARDCLK | gen_lane[1].i_p2_pop_slice/popcount_q_o_reg[5]/D |
|                  | 1           | 6            | 7      | -1.866 | 5.000 | -0.039 | -      | 6.864          | 40.10 | 59.90  | clk_i        | clk_i             | i_vrf/gen_vrf_bram[2].i_vrf_bank/xpm_memory_base_inst/gen_wr_a.gen_word_narrow.mem_reg/CLKARDCLK | gen_lane[2].i_p2_pop_slice/popcount_q_o_reg[6]/D |
|                  | 1           | 5            | 6      | -1.150 | 5.000 | -0.039 | -      | 6.148          | 43.10 | 56.90  | clk_i        | clk_i             | i_vrf/gen_vrf_bram[3].i_vrf_bank/xpm_memory_base_inst/gen_wr_a.gen_word_narrow.mem_reg/CLKARDCLK | gen_lane[3].i_p2_pop_slice/popcount_q_o_reg[1]/D |
|                  | 1           | 5            | 6      | -1.165 | 5.000 | -0.039 | -      | 6.163          | 43.00 | 57.00  | clk_i        | clk_i             | i_vrf/gen_vrf_bram[0].i_vrf_bank/xpm_memory_base_inst/gen_wr_a.gen_word_narrow.mem_reg/CLKARDCLK | gen_lane[0].i_p2_pop_slice/popcount_q_o_reg[2]/D |
|                  | 1           | 5            | 6      | -1.150 | 5.000 | -0.039 | -      | 6.148          | 43.10 | 56.90  | clk_i        | clk_i             | i_vrf/gen_vrf_bram[0].i_vrf_bank/xpm_memory_base_inst/gen_wr_a.gen_word_narrow.mem_reg/CLKARDCLK | gen_lane[0].i_p2_pop_slice/popcount_q_o_reg[1]/D |
|                  | 1           | 5            | 6      | -0.780 | 5.000 | -0.039 | -      | 5.778          | 45.90 | 54.10  | clk_i        | clk_i             | i_vrf/gen_vrf_bram[0].i_vrf_bank/xpm_memory_base_inst/gen_wr_a.gen_word_narrow.mem_reg/CLKARDCLK | lane_result_q_reg[2][55]/D                       |
|                  | 1           | 5            | 6      | -0.780 | 5.000 | -0.039 | -      | 5.778          | 45.90 | 54.10  | clk_i        | clk_i             | i_vrf/gen_vrf_bram[0].i_vrf_bank/xpm_memory_base_inst/gen_wr_a.gen_word_narrow.mem_reg/CLKARDCLK | lane_result_q_reg[2][63]/D                       |
|                  | 1           | 5            | 6      | -1.165 | 5.000 | -0.039 | -      | 6.163          | 43.00 | 57.00  | clk_i        | clk_i             | i_vrf/gen_vrf_bram[2].i_vrf_bank/xpm_memory_base_inst/gen_wr_a.gen_word_narrow.mem_reg/CLKARDCLK | gen_lane[2].i_p2_pop_slice/popcount_q_o_reg[2]/D |
|                  | 1           | 5            | 6      | -1.165 | 5.000 | -0.039 | -      | 6.163          | 43.00 | 57.00  | clk_i        | clk_i             | i_vrf/gen_vrf_bram[3].i_vrf_bank/xpm_memory_base_inst/gen_wr_a.gen_word_narrow.mem_reg/CLKARDCLK | gen_lane[3].i_p2_pop_slice/popcount_q_o_reg[2]/D |
|                  | 1           | 5            | 6      | -0.726 | 5.000 | -0.039 | -      | 5.724          | 46.30 | 53.70  | clk_i        | clk_i             | i_vrf/gen_vrf_bram[0].i_vrf_bank/xpm_memory_base_inst/gen_wr_a.gen_word_narrow.mem_reg/CLKARDCLK | lane_result_q_reg[2][47]/D                       |
|                  | 1           | 5            | 6      | -1.150 | 5.000 | -0.039 | -      | 6.148          | 43.10 | 56.90  | clk_i        | clk_i             | i_vrf/gen_vrf_bram[1].i_vrf_bank/xpm_memory_base_inst/gen_wr_a.gen_word_narrow.mem_reg/CLKARDCLK | gen_lane[1].i_p2_pop_slice/popcount_q_o_reg[1]/D |
|                  | 1           | 5            | 6      | -1.150 | 5.000 | -0.039 | -      | 6.148          | 43.10 | 56.90  | clk_i        | clk_i             | i_vrf/gen_vrf_bram[2].i_vrf_bank/xpm_memory_base_inst/gen_wr_a.gen_word_narrow.mem_reg/CLKARDCLK | gen_lane[2].i_p2_pop_slice/popcount_q_o_reg[1]/D |
|                  | 1           | 5            | 6      | -0.726 | 5.000 | -0.039 | -      | 5.724          | 46.30 | 53.70  | clk_i        | clk_i             | i_vrf/gen_vrf_bram[0].i_vrf_bank/xpm_memory_base_inst/gen_wr_a.gen_word_narrow.mem_reg/CLKARDCLK | lane_result_q_reg[2][39]/D                       |
|                  | 1           | 5            | 6      | -0.715 | 5.000 | -0.039 | -      | 5.713          | 46.40 | 53.60  | clk_i        | clk_i             | i_vrf/gen_vrf_bram[0].i_vrf_bank/xpm_memory_base_inst/gen_wr_a.gen_word_narrow.mem_reg/CLKARDCLK | lane_result_q_reg[2][54]/D                       |
|                  | 1           | 5            | 6      | -0.711 | 5.000 | -0.039 | -      | 5.709          | 46.40 | 53.60  | clk_i        | clk_i             | i_vrf/gen_vrf_bram[0].i_vrf_bank/xpm_memory_base_inst/gen_wr_a.gen_word_narrow.mem_reg/CLKARDCLK | lane_result_q_reg[2][56]/D                       |
|                  | 1           | 5            | 6      | -1.165 | 5.000 | -0.039 | -      | 6.163          | 43.00 | 57.00  | clk_i        | clk_i             | i_vrf/gen_vrf_bram[1].i_vrf_bank/xpm_memory_base_inst/gen_wr_a.gen_word_narrow.mem_reg/CLKARDCLK | gen_lane[1].i_p2_pop_slice/popcount_q_o_reg[2]/D |
|                  | 1           | 6            | 7      | -1.866 | 5.000 | -0.039 | -      | 6.864          | 40.10 | 59.90  | clk_i        | clk_i             | i_vrf/gen_vrf_bram[0].i_vrf_bank/xpm_memory_base_inst/gen_wr_a.gen_word_narrow.mem_reg/CLKARDCLK | gen_lane[0].i_p2_pop_slice/popcount_q_o_reg[5]/D |
|                  | 1           | 6            | 7      | -1.866 | 5.000 | -0.039 | -      | 6.864          | 40.10 | 59.90  | clk_i        | clk_i             | i_vrf/gen_vrf_bram[0].i_vrf_bank/xpm_memory_base_inst/gen_wr_a.gen_word_narrow.mem_reg/CLKARDCLK | gen_lane[0].i_p2_pop_slice/popcount_q_o_reg[6]/D |
|                  | 1           | 5            | 6      | -0.535 | 5.000 | -0.039 | -      | 5.533          | 47.90 | 52.10  | clk_i        | clk_i             | i_vrf/gen_vrf_bram[0].i_vrf_bank/xpm_memory_base_inst/gen_wr_a.gen_word_narrow.mem_reg/CLKARDCLK | lane_result_q_reg[3][47]/D                       |
|                  | 1           | 5            | 6      | -0.528 | 5.000 | -0.039 | -      | 5.526          | 48.00 | 52.00  | clk_i        | clk_i             | i_vrf/gen_vrf_bram[0].i_vrf_bank/xpm_memory_base_inst/gen_wr_a.gen_word_narrow.mem_reg/CLKARDCLK | lane_result_q_reg[3][51]/D                       |
|                  | 1           | 5            | 6      | -0.528 | 5.000 | -0.039 | -      | 5.526          | 48.00 | 52.00  | clk_i        | clk_i             | i_vrf/gen_vrf_bram[0].i_vrf_bank/xpm_memory_base_inst/gen_wr_a.gen_word_narrow.mem_reg/CLKARDCLK | lane_result_q_reg[3][52]/D                       |
|                  | 1           | 5            | 6      | -0.528 | 5.000 | -0.039 | -      | 5.526          | 48.00 | 52.00  | clk_i        | clk_i             | i_vrf/gen_vrf_bram[0].i_vrf_bank/xpm_memory_base_inst/gen_wr_a.gen_word_narrow.mem_reg/CLKARDCLK | lane_result_q_reg[3][53]/D                       |
|                  | 1           | 5            | 6      | -0.528 | 5.000 | -0.039 | -      | 5.526          | 48.00 | 52.00  | clk_i        | clk_i             | i_vrf/gen_vrf_bram[0].i_vrf_bank/xpm_memory_base_inst/gen_wr_a.gen_word_narrow.mem_reg/CLKARDCLK | lane_result_q_reg[3][54]/D                       |
|                  | 1           | 5            | 6      | -0.528 | 5.000 | -0.039 | -      | 5.526          | 48.00 | 52.00  | clk_i        | clk_i             | i_vrf/gen_vrf_bram[0].i_vrf_bank/xpm_memory_base_inst/gen_wr_a.gen_word_narrow.mem_reg/CLKARDCLK | lane_result_q_reg[3][61]/D                       |
|                  | 1           | 5            | 6      | -0.528 | 5.000 | -0.039 | -      | 5.526          | 48.00 | 52.00  | clk_i        | clk_i             | i_vrf/gen_vrf_bram[0].i_vrf_bank/xpm_memory_base_inst/gen_wr_a.gen_word_narrow.mem_reg/CLKARDCLK | lane_result_q_reg[3][62]/D                       |
|                  | 1           | 5            | 6      | -0.528 | 5.000 | -0.039 | -      | 5.526          | 48.00 | 52.00  | clk_i        | clk_i             | i_vrf/gen_vrf_bram[0].i_vrf_bank/xpm_memory_base_inst/gen_wr_a.gen_word_narrow.mem_reg/CLKARDCLK | lane_result_q_reg[3][55]/D                       |
|                  | 1           | 5            | 6      | -0.528 | 5.000 | -0.039 | -      | 5.526          | 48.00 | 52.00  | clk_i        | clk_i             | i_vrf/gen_vrf_bram[0].i_vrf_bank/xpm_memory_base_inst/gen_wr_a.gen_word_narrow.mem_reg/CLKARDCLK | lane_result_q_reg[3][49]/D                       |
|                  | 1           | 5            | 6      | -0.528 | 5.000 | -0.039 | -      | 5.526          | 48.00 | 52.00  | clk_i        | clk_i             | i_vrf/gen_vrf_bram[0].i_vrf_bank/xpm_memory_base_inst/gen_wr_a.gen_word_narrow.mem_reg/CLKARDCLK | lane_result_q_reg[3][60]/D                       |
|                  | 1           | 5            | 6      | -0.535 | 5.000 | -0.039 | -      | 5.533          | 47.90 | 52.10  | clk_i        | clk_i             | i_vrf/gen_vrf_bram[0].i_vrf_bank/xpm_memory_base_inst/gen_wr_a.gen_word_narrow.mem_reg/CLKARDCLK | lane_result_q_reg[3][46]/D                       |
|                  | 1           | 5            | 6      | -0.528 | 5.000 | -0.039 | -      | 5.526          | 48.00 | 52.00  | clk_i        | clk_i             | i_vrf/gen_vrf_bram[0].i_vrf_bank/xpm_memory_base_inst/gen_wr_a.gen_word_narrow.mem_reg/CLKARDCLK | lane_result_q_reg[3][50]/D                       |
|                  | 1           | 5            | 6      | -0.533 | 5.000 | -0.039 | -      | 5.531          | 47.90 | 52.10  | clk_i        | clk_i             | i_vrf/gen_vrf_bram[0].i_vrf_bank/xpm_memory_base_inst/gen_wr_a.gen_word_narrow.mem_reg/CLKARDCLK | lane_result_q_reg[3][63]/D                       |
|                  | 1           | 5            | 6      | -0.528 | 5.000 | -0.039 | -      | 5.526          | 48.00 | 52.00  | clk_i        | clk_i             | i_vrf/gen_vrf_bram[0].i_vrf_bank/xpm_memory_base_inst/gen_wr_a.gen_word_narrow.mem_reg/CLKARDCLK | lane_result_q_reg[3][48]/D                       |
|                  | 1           | 8            | 9      | -0.231 | 5.000 | -0.039 | -      | 5.228          | 48.60 | 51.40  | clk_i        | clk_i             | gen_lane[2].i_p2_pop_slice/popcount_q_o_reg[4]/C                                                 | hmatch_budget_q_reg[4]/D                         |
|                  | 1           | 8            | 9      | -0.231 | 5.000 | -0.039 | -      | 5.228          | 48.60 | 51.40  | clk_i        | clk_i             | gen_lane[2].i_p2_pop_slice/popcount_q_o_reg[4]/C                                                 | hmatch_budget_q_reg[5]/D                         |
|                  | 1           | 5            | 5      | -0.250 | 5.000 | -0.039 | -      | 5.280          | 52.20 | 47.80  | clk_i        | clk_i             | i_vrf/gen_vrf_bram[0].i_vrf_bank/xpm_memory_base_inst/gen_wr_a.gen_word_narrow.mem_reg/CLKARDCLK | lane_result_q_reg[0][52]/D                       |
|                  | 1           | 5            | 6      | -0.355 | 5.000 | -0.039 | -      | 5.353          | 49.90 | 50.10  | clk_i        | clk_i             | i_vrf/gen_vrf_bram[0].i_vrf_bank/xpm_memory_base_inst/gen_wr_a.gen_word_narrow.mem_reg/CLKARDCLK | lane_result_q_reg[2][4]/D                        |
|                  | 1           | 8            | 9      | -0.231 | 5.000 | -0.039 | -      | 5.228          | 48.60 | 51.40  | clk_i        | clk_i             | gen_lane[2].i_p2_pop_slice/popcount_q_o_reg[4]/C                                                 | hmatch_budget_q_reg[6]/D                         |
|                  | 1           | 8            | 9      | -0.231 | 5.000 | -0.039 | -      | 5.228          | 48.60 | 51.40  | clk_i        | clk_i             | gen_lane[2].i_p2_pop_slice/popcount_q_o_reg[4]/C                                                 | hmatch_budget_q_reg[1]/D                         |
|                  | 1           | 5            | 6      | -0.498 | 5.000 | -0.039 | -      | 5.496          | 48.20 | 51.80  | clk_i        | clk_i             | i_vrf/gen_vrf_bram[0].i_vrf_bank/xpm_memory_base_inst/gen_wr_a.gen_word_narrow.mem_reg/CLKARDCLK | lane_result_q_reg[2][14]/D                       |
|                  | 1           | 5            | 6      | -0.355 | 5.000 | -0.039 | -      | 5.353          | 49.90 | 50.10  | clk_i        | clk_i             | i_vrf/gen_vrf_bram[0].i_vrf_bank/xpm_memory_base_inst/gen_wr_a.gen_word_narrow.mem_reg/CLKARDCLK | lane_result_q_reg[2][7]/D                        |
|                  | 1           | 8            | 9      | -0.231 | 5.000 | -0.039 | -      | 5.228          | 48.60 | 51.40  | clk_i        | clk_i             | gen_lane[2].i_p2_pop_slice/popcount_q_o_reg[4]/C                                                 | hmatch_budget_q_reg[2]/D                         |
|                  | 1           | 5            | 6      | -0.355 | 5.000 | -0.039 | -      | 5.353          | 49.90 | 50.10  | clk_i        | clk_i             | i_vrf/gen_vrf_bram[0].i_vrf_bank/xpm_memory_base_inst/gen_wr_a.gen_word_narrow.mem_reg/CLKARDCLK | lane_result_q_reg[2][6]/D                        |
|                  | 1           | 8            | 9      | -0.231 | 5.000 | -0.039 | -      | 5.228          | 48.60 | 51.40  | clk_i        | clk_i             | gen_lane[2].i_p2_pop_slice/popcount_q_o_reg[4]/C                                                 | hmatch_budget_q_reg[3]/D                         |
|                  | 1           | 5            | 6      | -0.498 | 5.000 | -0.039 | -      | 5.496          | 48.20 | 51.80  | clk_i        | clk_i             | i_vrf/gen_vrf_bram[0].i_vrf_bank/xpm_memory_base_inst/gen_wr_a.gen_word_narrow.mem_reg/CLKARDCLK | lane_result_q_reg[2][15]/D                       |
|                  | 1           | 5            | 6      | -0.355 | 5.000 | -0.039 | -      | 5.353          | 49.90 | 50.10  | clk_i        | clk_i             | i_vrf/gen_vrf_bram[0].i_vrf_bank/xpm_memory_base_inst/gen_wr_a.gen_word_narrow.mem_reg/CLKARDCLK | lane_result_q_reg[2][5]/D                        |
|                  | 1           | 5            | 5      | -0.250 | 5.000 | -0.039 | -      | 5.280          | 52.20 | 47.80  | clk_i        | clk_i             | i_vrf/gen_vrf_bram[0].i_vrf_bank/xpm_memory_base_inst/gen_wr_a.gen_word_narrow.mem_reg/CLKARDCLK | lane_result_q_reg[0][53]/D                       |
|                  | 1           | 7            | 8      | -0.175 | 5.000 | -0.039 | -      | 4.964          | 39.00 | 61.00  | clk_i        | clk_i             | a_q_reg[8]/C                                                                                     | res_q_reg[24]/CE                                 |
|                  | 1           | 7            | 8      | -0.175 | 5.000 | -0.039 | -      | 4.964          | 39.00 | 61.00  | clk_i        | clk_i             | a_q_reg[8]/C                                                                                     | res_q_reg[28]/CE                                 |
|                  | 1           | 7            | 8      | -0.175 | 5.000 | -0.039 | -      | 4.964          | 39.00 | 61.00  | clk_i        | clk_i             | a_q_reg[8]/C                                                                                     | res_q_reg[35]/CE                                 |
|                  | 1           | 7            | 8      | -0.175 | 5.000 | -0.039 | -      | 4.964          | 39.00 | 61.00  | clk_i        | clk_i             | a_q_reg[8]/C                                                                                     | res_q_reg[34]/CE                                 |
|                  | 1           | 7            | 8      | -0.175 | 5.000 | -0.039 | -      | 4.964          | 39.00 | 61.00  | clk_i        | clk_i             | a_q_reg[8]/C                                                                                     | res_q_reg[11]/CE                                 |
|                  | 1           | 7            | 8      | -0.175 | 5.000 | -0.039 | -      | 4.964          | 39.00 | 61.00  | clk_i        | clk_i             | a_q_reg[8]/C                                                                                     | res_q_reg[30]/CE                                 |
|                  | 1           | 7            | 8      | -0.175 | 5.000 | -0.039 | -      | 4.964          | 39.00 | 61.00  | clk_i        | clk_i             | a_q_reg[8]/C                                                                                     | res_q_reg[0]/CE                                  |
|                  | 1           | 7            | 8      | -0.175 | 5.000 | -0.039 | -      | 4.964          | 39.00 | 61.00  | clk_i        | clk_i             | a_q_reg[8]/C                                                                                     | res_q_reg[10]/CE                                 |
|                  | 1           | 7            | 8      | -0.175 | 5.000 | -0.039 | -      | 4.964          | 39.00 | 61.00  | clk_i        | clk_i             | a_q_reg[8]/C                                                                                     | res_q_reg[2]/CE                                  |
|                  | 1           | 7            | 8      | -0.175 | 5.000 | -0.039 | -      | 4.964          | 39.00 | 61.00  | clk_i        | clk_i             | a_q_reg[8]/C                                                                                     | res_q_reg[15]/CE                                 |
|                  | 1           | 7            | 8      | -0.175 | 5.000 | -0.039 | -      | 4.964          | 39.00 | 61.00  | clk_i        | clk_i             | a_q_reg[8]/C                                                                                     | res_q_reg[13]/CE                                 |
|                  | 1           | 7            | 8      | -0.175 | 5.000 | -0.039 | -      | 4.964          | 39.00 | 61.00  | clk_i        | clk_i             | a_q_reg[8]/C                                                                                     | res_q_reg[17]/CE                                 |
|                  | 1           | 7            | 8      | -0.175 | 5.000 | -0.039 | -      | 4.964          | 39.00 | 61.00  | clk_i        | clk_i             | a_q_reg[8]/C                                                                                     | res_q_reg[18]/CE                                 |
|                  | 1           | 5            | 6      | -0.179 | 5.000 | -0.039 | -      | 5.177          | 51.20 | 48.80  | clk_i        | clk_i             | i_vrf/gen_vrf_bram[0].i_vrf_bank/xpm_memory_base_inst/gen_wr_a.gen_word_narrow.mem_reg/CLKARDCLK | lane_result_q_reg[1][47]/D                       |
|                  | 1           | 7            | 8      | -0.175 | 5.000 | -0.039 | -      | 4.964          | 39.00 | 61.00  | clk_i        | clk_i             | a_q_reg[8]/C                                                                                     | res_q_reg[20]/CE                                 |
|                  | 1           | 7            | 8      | -0.175 | 5.000 | -0.039 | -      | 4.964          | 39.00 | 61.00  | clk_i        | clk_i             | a_q_reg[8]/C                                                                                     | res_q_reg[27]/CE                                 |
|                  | 1           | 7            | 8      | -0.175 | 5.000 | -0.039 | -      | 4.964          | 39.00 | 61.00  | clk_i        | clk_i             | a_q_reg[8]/C                                                                                     | res_q_reg[21]/CE                                 |
|                  | 1           | 7            | 8      | -0.175 | 5.000 | -0.039 | -      | 4.964          | 39.00 | 61.00  | clk_i        | clk_i             | a_q_reg[8]/C                                                                                     | res_q_reg[29]/CE                                 |
|                  | 1           | 7            | 8      | -0.175 | 5.000 | -0.039 | -      | 4.964          | 39.00 | 61.00  | clk_i        | clk_i             | a_q_reg[8]/C                                                                                     | res_q_reg[31]/CE                                 |
|                  | 1           | 7            | 8      | -0.175 | 5.000 | -0.039 | -      | 4.964          | 39.00 | 61.00  | clk_i        | clk_i             | a_q_reg[8]/C                                                                                     | res_q_reg[16]/CE                                 |
|                  | 1           | 7            | 8      | -0.175 | 5.000 | -0.039 | -      | 4.964          | 39.00 | 61.00  | clk_i        | clk_i             | a_q_reg[8]/C                                                                                     | res_q_reg[19]/CE                                 |
|                  | 1           | 7            | 8      | -0.175 | 5.000 | -0.039 | -      | 4.964          | 39.00 | 61.00  | clk_i        | clk_i             | a_q_reg[8]/C                                                                                     | res_q_reg[32]/CE                                 |
|                  | 1           | 7            | 8      | -0.175 | 5.000 | -0.039 | -      | 4.964          | 39.00 | 61.00  | clk_i        | clk_i             | a_q_reg[8]/C                                                                                     | res_q_reg[12]/CE                                 |
|                  | 1           | 5            | 6      | -0.183 | 5.000 | -0.039 | -      | 5.181          | 51.20 | 48.80  | clk_i        | clk_i             | i_vrf/gen_vrf_bram[0].i_vrf_bank/xpm_memory_base_inst/gen_wr_a.gen_word_narrow.mem_reg/CLKARDCLK | lane_result_q_reg[1][63]/D                       |
|                  | 1           | 7            | 8      | -0.175 | 5.000 | -0.039 | -      | 4.964          | 39.00 | 61.00  | clk_i        | clk_i             | a_q_reg[8]/C                                                                                     | res_q_reg[1]/CE                                  |
|                  | 1           | 7            | 8      | -0.175 | 5.000 | -0.039 | -      | 4.964          | 39.00 | 61.00  | clk_i        | clk_i             | a_q_reg[8]/C                                                                                     | res_q_reg[25]/CE                                 |
|                  | 1           | 7            | 8      | -0.175 | 5.000 | -0.039 | -      | 4.964          | 39.00 | 61.00  | clk_i        | clk_i             | a_q_reg[8]/C                                                                                     | res_q_reg[22]/CE                                 |
|                  | 1           | 5            | 6      | -0.179 | 5.000 | -0.039 | -      | 5.177          | 51.20 | 48.80  | clk_i        | clk_i             | i_vrf/gen_vrf_bram[0].i_vrf_bank/xpm_memory_base_inst/gen_wr_a.gen_word_narrow.mem_reg/CLKARDCLK | lane_result_q_reg[0][47]/D                       |
|                  | 1           | 7            | 8      | -0.175 | 5.000 | -0.039 | -      | 4.964          | 39.00 | 61.00  | clk_i        | clk_i             | a_q_reg[8]/C                                                                                     | res_q_reg[14]/CE                                 |
|                  | 1           | 7            | 8      | -0.175 | 5.000 | -0.039 | -      | 4.964          | 39.00 | 61.00  | clk_i        | clk_i             | a_q_reg[8]/C                                                                                     | res_q_reg[23]/CE                                 |
|                  | 1           | 7            | 8      | -0.175 | 5.000 | -0.039 | -      | 4.964          | 39.00 | 61.00  | clk_i        | clk_i             | a_q_reg[8]/C                                                                                     | res_q_reg[26]/CE                                 |
|                  | 1           | 7            | 8      | -0.175 | 5.000 | -0.039 | -      | 4.964          | 39.00 | 61.00  | clk_i        | clk_i             | a_q_reg[8]/C                                                                                     | res_q_reg[33]/CE                                 |
|                  | 1           | 7            | 8      | -0.175 | 5.000 | -0.039 | -      | 4.964          | 39.00 | 61.00  | clk_i        | clk_i             | a_q_reg[8]/C                                                                                     | res_q_reg[36]/CE                                 |
|                  | 1           | 7            | 8      | -0.175 | 5.000 | -0.039 | -      | 4.964          | 39.00 | 61.00  | clk_i        | clk_i             | a_q_reg[8]/C                                                                                     | res_q_reg[38]/CE                                 |
|                  | 1           | 7            | 8      | -0.175 | 5.000 | -0.039 | -      | 4.964          | 39.00 | 61.00  | clk_i        | clk_i             | a_q_reg[8]/C                                                                                     | res_q_reg[39]/CE                                 |
|                  | 1           | 7            | 8      | -0.175 | 5.000 | -0.039 | -      | 4.964          | 39.00 | 61.00  | clk_i        | clk_i             | a_q_reg[8]/C                                                                                     | res_q_reg[42]/CE                                 |
|                  | 1           | 7            | 8      | -0.175 | 5.000 | -0.039 | -      | 4.964          | 39.00 | 61.00  | clk_i        | clk_i             | a_q_reg[8]/C                                                                                     | res_q_reg[46]/CE                                 |
|                  | 1           | 7            | 8      | -0.175 | 5.000 | -0.039 | -      | 4.964          | 39.00 | 61.00  | clk_i        | clk_i             | a_q_reg[8]/C                                                                                     | res_q_reg[56]/CE                                 |
|                  | 1           | 7            | 8      | -0.175 | 5.000 | -0.039 | -      | 4.964          | 39.00 | 61.00  | clk_i        | clk_i             | a_q_reg[8]/C                                                                                     | res_q_reg[58]/CE                                 |
|                  | 1           | 7            | 8      | -0.175 | 5.000 | -0.039 | -      | 4.964          | 39.00 | 61.00  | clk_i        | clk_i             | a_q_reg[8]/C                                                                                     | res_q_reg[43]/CE                                 |
|                  | 1           | 7            | 8      | -0.175 | 5.000 | -0.039 | -      | 4.964          | 39.00 | 61.00  | clk_i        | clk_i             | a_q_reg[8]/C                                                                                     | res_q_reg[54]/CE                                 |
|                  | 1           | 7            | 8      | -0.175 | 5.000 | -0.039 | -      | 4.964          | 39.00 | 61.00  | clk_i        | clk_i             | a_q_reg[8]/C                                                                                     | res_q_reg[47]/CE                                 |
|                  | 1           | 7            | 8      | -0.175 | 5.000 | -0.039 | -      | 4.964          | 39.00 | 61.00  | clk_i        | clk_i             | a_q_reg[8]/C                                                                                     | res_q_reg[49]/CE                                 |
|                  | 1           | 7            | 8      | -0.175 | 5.000 | -0.039 | -      | 4.964          | 39.00 | 61.00  | clk_i        | clk_i             | a_q_reg[8]/C                                                                                     | res_q_reg[44]/CE                                 |
|                  | 1           | 7            | 8      | -0.175 | 5.000 | -0.039 | -      | 4.964          | 39.00 | 61.00  | clk_i        | clk_i             | a_q_reg[8]/C                                                                                     | res_q_reg[48]/CE                                 |
|                  | 1           | 7            | 8      | -0.175 | 5.000 | -0.039 | -      | 4.964          | 39.00 | 61.00  | clk_i        | clk_i             | a_q_reg[8]/C                                                                                     | res_q_reg[51]/CE                                 |
|                  | 1           | 7            | 8      | -0.175 | 5.000 | -0.039 | -      | 4.964          | 39.00 | 61.00  | clk_i        | clk_i             | a_q_reg[8]/C                                                                                     | res_q_reg[53]/CE                                 |
|                  | 1           | 7            | 8      | -0.175 | 5.000 | -0.039 | -      | 4.964          | 39.00 | 61.00  | clk_i        | clk_i             | a_q_reg[8]/C                                                                                     | res_q_reg[52]/CE                                 |
|                  | 1           | 7            | 8      | -0.175 | 5.000 | -0.039 | -      | 4.964          | 39.00 | 61.00  | clk_i        | clk_i             | a_q_reg[8]/C                                                                                     | res_q_reg[57]/CE                                 |
|                  | 1           | 7            | 8      | -0.175 | 5.000 | -0.039 | -      | 4.964          | 39.00 | 61.00  | clk_i        | clk_i             | a_q_reg[8]/C                                                                                     | res_q_reg[59]/CE                                 |
|                  | 1           | 7            | 8      | -0.175 | 5.000 | -0.039 | -      | 4.964          | 39.00 | 61.00  | clk_i        | clk_i             | a_q_reg[8]/C                                                                                     | res_q_reg[40]/CE                                 |
|                  | 1           | 7            | 8      | -0.175 | 5.000 | -0.039 | -      | 4.964          | 39.00 | 61.00  | clk_i        | clk_i             | a_q_reg[8]/C                                                                                     | res_q_reg[4]/CE                                  |
|                  | 1           | 7            | 8      | -0.175 | 5.000 | -0.039 | -      | 4.964          | 39.00 | 61.00  | clk_i        | clk_i             | a_q_reg[8]/C                                                                                     | res_q_reg[3]/CE                                  |
|                  | 1           | 7            | 8      | -0.175 | 5.000 | -0.039 | -      | 4.964          | 39.00 | 61.00  | clk_i        | clk_i             | a_q_reg[8]/C                                                                                     | res_q_reg[55]/CE                                 |
|                  | 1           | 7            | 8      | -0.175 | 5.000 | -0.039 | -      | 4.964          | 39.00 | 61.00  | clk_i        | clk_i             | a_q_reg[8]/C                                                                                     | res_q_reg[45]/CE                                 |
|                  | 1           | 7            | 8      | -0.175 | 5.000 | -0.039 | -      | 4.964          | 39.00 | 61.00  | clk_i        | clk_i             | a_q_reg[8]/C                                                                                     | res_q_reg[50]/CE                                 |
|                  | 1           | 7            | 8      | -0.175 | 5.000 | -0.039 | -      | 4.964          | 39.00 | 61.00  | clk_i        | clk_i             | a_q_reg[8]/C                                                                                     | res_q_reg[37]/CE                                 |
|                  | 1           | 7            | 8      | -0.175 | 5.000 | -0.039 | -      | 4.964          | 39.00 | 61.00  | clk_i        | clk_i             | a_q_reg[8]/C                                                                                     | res_q_reg[41]/CE                                 |
|                  | 1           | 5            | 6      | -0.586 | 5.000 | -0.039 | -      | 5.584          | 47.80 | 52.20  | clk_i        | clk_i             | i_vrf/gen_vrf_bram[0].i_vrf_bank/xpm_memory_base_inst/gen_wr_a.gen_word_narrow.mem_reg/CLKARDCLK | lane_result_q_reg[3][8]/D                        |
|                  | 1           | 5            | 6      | -0.585 | 5.000 | -0.039 | -      | 5.583          | 47.80 | 52.20  | clk_i        | clk_i             | i_vrf/gen_vrf_bram[0].i_vrf_bank/xpm_memory_base_inst/gen_wr_a.gen_word_narrow.mem_reg/CLKARDCLK | lane_result_q_reg[2][43]/D                       |
|                  | 1           | 5            | 6      | -0.572 | 5.000 | -0.039 | -      | 5.570          | 47.90 | 52.10  | clk_i        | clk_i             | i_vrf/gen_vrf_bram[0].i_vrf_bank/xpm_memory_base_inst/gen_wr_a.gen_word_narrow.mem_reg/CLKARDCLK | lane_result_q_reg[2][48]/D                       |
|                  | 1           | 5            | 6      | -0.579 | 5.000 | -0.039 | -      | 5.577          | 47.90 | 52.10  | clk_i        | clk_i             | i_vrf/gen_vrf_bram[0].i_vrf_bank/xpm_memory_base_inst/gen_wr_a.gen_word_narrow.mem_reg/CLKARDCLK | lane_result_q_reg[3][6]/D                        |
|                  | 1           | 5            | 6      | -0.573 | 5.000 | -0.039 | -      | 5.571          | 47.90 | 52.10  | clk_i        | clk_i             | i_vrf/gen_vrf_bram[0].i_vrf_bank/xpm_memory_base_inst/gen_wr_a.gen_word_narrow.mem_reg/CLKARDCLK | lane_result_q_reg[3][1]/D                        |
|                  | 1           | 5            | 6      | -0.572 | 5.000 | -0.039 | -      | 5.570          | 47.90 | 52.10  | clk_i        | clk_i             | i_vrf/gen_vrf_bram[0].i_vrf_bank/xpm_memory_base_inst/gen_wr_a.gen_word_narrow.mem_reg/CLKARDCLK | lane_result_q_reg[2][45]/D                       |
|                  | 1           | 5            | 6      | -0.572 | 5.000 | -0.039 | -      | 5.570          | 47.90 | 52.10  | clk_i        | clk_i             | i_vrf/gen_vrf_bram[0].i_vrf_bank/xpm_memory_base_inst/gen_wr_a.gen_word_narrow.mem_reg/CLKARDCLK | lane_result_q_reg[2][49]/D                       |
|                  | 1           | 5            | 6      | -0.567 | 5.000 | -0.039 | -      | 5.565          | 48.00 | 52.00  | clk_i        | clk_i             | i_vrf/gen_vrf_bram[0].i_vrf_bank/xpm_memory_base_inst/gen_wr_a.gen_word_narrow.mem_reg/CLKARDCLK | lane_result_q_reg[2][32]/D                       |
|                  | 1           | 5            | 6      | -0.572 | 5.000 | -0.039 | -      | 5.570          | 47.90 | 52.10  | clk_i        | clk_i             | i_vrf/gen_vrf_bram[0].i_vrf_bank/xpm_memory_base_inst/gen_wr_a.gen_word_narrow.mem_reg/CLKARDCLK | lane_result_q_reg[2][44]/D                       |
|                  | 1           | 5            | 6      | -0.585 | 5.000 | -0.039 | -      | 5.583          | 47.80 | 52.20  | clk_i        | clk_i             | i_vrf/gen_vrf_bram[0].i_vrf_bank/xpm_memory_base_inst/gen_wr_a.gen_word_narrow.mem_reg/CLKARDCLK | lane_result_q_reg[3][7]/D                        |
|                  | 1           | 5            | 6      | -0.573 | 5.000 | -0.039 | -      | 5.571          | 47.90 | 52.10  | clk_i        | clk_i             | i_vrf/gen_vrf_bram[0].i_vrf_bank/xpm_memory_base_inst/gen_wr_a.gen_word_narrow.mem_reg/CLKARDCLK | lane_result_q_reg[3][0]/D                        |
|                  | 1           | 5            | 6      | -0.586 | 5.000 | -0.039 | -      | 5.584          | 47.80 | 52.20  | clk_i        | clk_i             | i_vrf/gen_vrf_bram[0].i_vrf_bank/xpm_memory_base_inst/gen_wr_a.gen_word_narrow.mem_reg/CLKARDCLK | lane_result_q_reg[3][9]/D                        |
|                  | 1           | 5            | 6      | -0.585 | 5.000 | -0.039 | -      | 5.583          | 47.80 | 52.20  | clk_i        | clk_i             | i_vrf/gen_vrf_bram[0].i_vrf_bank/xpm_memory_base_inst/gen_wr_a.gen_word_narrow.mem_reg/CLKARDCLK | lane_result_q_reg[2][42]/D                       |
|                  | 1           | 5            | 6      | -0.592 | 5.000 | -0.039 | -      | 5.590          | 47.80 | 52.20  | clk_i        | clk_i             | i_vrf/gen_vrf_bram[0].i_vrf_bank/xpm_memory_base_inst/gen_wr_a.gen_word_narrow.mem_reg/CLKARDCLK | lane_result_q_reg[2][41]/D                       |
|                  | 1           | 5            | 6      | -0.561 | 5.000 | -0.039 | -      | 5.559          | 48.00 | 52.00  | clk_i        | clk_i             | i_vrf/gen_vrf_bram[0].i_vrf_bank/xpm_memory_base_inst/gen_wr_a.gen_word_narrow.mem_reg/CLKARDCLK | lane_result_q_reg[3][23]/D                       |
|                  | 1           | 5            | 6      | -0.560 | 5.000 | -0.039 | -      | 5.558          | 48.00 | 52.00  | clk_i        | clk_i             | i_vrf/gen_vrf_bram[0].i_vrf_bank/xpm_memory_base_inst/gen_wr_a.gen_word_narrow.mem_reg/CLKARDCLK | lane_result_q_reg[2][34]/D                       |
|                  | 1           | 5            | 6      | -0.560 | 5.000 | -0.039 | -      | 5.558          | 48.00 | 52.00  | clk_i        | clk_i             | i_vrf/gen_vrf_bram[0].i_vrf_bank/xpm_memory_base_inst/gen_wr_a.gen_word_narrow.mem_reg/CLKARDCLK | lane_result_q_reg[2][35]/D                       |
|                  | 1           | 5            | 6      | -0.561 | 5.000 | -0.039 | -      | 5.559          | 48.00 | 52.00  | clk_i        | clk_i             | i_vrf/gen_vrf_bram[0].i_vrf_bank/xpm_memory_base_inst/gen_wr_a.gen_word_narrow.mem_reg/CLKARDCLK | lane_result_q_reg[2][46]/D                       |
|                  | 1           | 5            | 6      | -0.565 | 5.000 | -0.039 | -      | 5.563          | 48.00 | 52.00  | clk_i        | clk_i             | i_vrf/gen_vrf_bram[0].i_vrf_bank/xpm_memory_base_inst/gen_wr_a.gen_word_narrow.mem_reg/CLKARDCLK | lane_result_q_reg[2][27]/D                       |
|                  | 1           | 5            | 6      | -0.561 | 5.000 | -0.039 | -      | 5.559          | 48.00 | 52.00  | clk_i        | clk_i             | i_vrf/gen_vrf_bram[0].i_vrf_bank/xpm_memory_base_inst/gen_wr_a.gen_word_narrow.mem_reg/CLKARDCLK | lane_result_q_reg[2][50]/D                       |
|                  | 1           | 5            | 6      | -0.560 | 5.000 | -0.039 | -      | 5.558          | 48.00 | 52.00  | clk_i        | clk_i             | i_vrf/gen_vrf_bram[0].i_vrf_bank/xpm_memory_base_inst/gen_wr_a.gen_word_narrow.mem_reg/CLKARDCLK | lane_result_q_reg[2][36]/D                       |
|                  | 1           | 5            | 6      | -0.560 | 5.000 | -0.039 | -      | 5.558          | 48.00 | 52.00  | clk_i        | clk_i             | i_vrf/gen_vrf_bram[0].i_vrf_bank/xpm_memory_base_inst/gen_wr_a.gen_word_narrow.mem_reg/CLKARDCLK | lane_result_q_reg[2][37]/D                       |
|                  | 1           | 5            | 6      | -0.561 | 5.000 | -0.039 | -      | 5.559          | 48.00 | 52.00  | clk_i        | clk_i             | i_vrf/gen_vrf_bram[0].i_vrf_bank/xpm_memory_base_inst/gen_wr_a.gen_word_narrow.mem_reg/CLKARDCLK | lane_result_q_reg[3][22]/D                       |
|                  | 1           | 5            | 6      | -0.567 | 5.000 | -0.039 | -      | 5.565          | 48.00 | 52.00  | clk_i        | clk_i             | i_vrf/gen_vrf_bram[0].i_vrf_bank/xpm_memory_base_inst/gen_wr_a.gen_word_narrow.mem_reg/CLKARDCLK | lane_result_q_reg[2][33]/D                       |
|                  | 1           | 5            | 6      | -0.565 | 5.000 | -0.039 | -      | 5.563          | 48.00 | 52.00  | clk_i        | clk_i             | i_vrf/gen_vrf_bram[0].i_vrf_bank/xpm_memory_base_inst/gen_wr_a.gen_word_narrow.mem_reg/CLKARDCLK | lane_result_q_reg[2][24]/D                       |
|                  | 1           | 5            | 6      | -0.565 | 5.000 | -0.039 | -      | 5.563          | 48.00 | 52.00  | clk_i        | clk_i             | i_vrf/gen_vrf_bram[0].i_vrf_bank/xpm_memory_base_inst/gen_wr_a.gen_word_narrow.mem_reg/CLKARDCLK | lane_result_q_reg[2][26]/D                       |
|                  | 1           | 5            | 6      | -0.565 | 5.000 | -0.039 | -      | 5.563          | 48.00 | 52.00  | clk_i        | clk_i             | i_vrf/gen_vrf_bram[0].i_vrf_bank/xpm_memory_base_inst/gen_wr_a.gen_word_narrow.mem_reg/CLKARDCLK | lane_result_q_reg[2][25]/D                       |
|                  | 1           | 5            | 6      | -0.566 | 5.000 | -0.039 | -      | 5.564          | 48.00 | 52.00  | clk_i        | clk_i             | i_vrf/gen_vrf_bram[0].i_vrf_bank/xpm_memory_base_inst/gen_wr_a.gen_word_narrow.mem_reg/CLKARDCLK | lane_result_q_reg[2][62]/D                       |
|                  | 1           | 5            | 6      | -0.513 | 5.000 | -0.039 | -      | 5.511          | 48.50 | 51.50  | clk_i        | clk_i             | i_vrf/gen_vrf_bram[0].i_vrf_bank/xpm_memory_base_inst/gen_wr_a.gen_word_narrow.mem_reg/CLKARDCLK | lane_result_q_reg[2][17]/D                       |
|                  | 1           | 5            | 6      | -0.506 | 5.000 | -0.039 | -      | 5.504          | 48.50 | 51.50  | clk_i        | clk_i             | i_vrf/gen_vrf_bram[0].i_vrf_bank/xpm_memory_base_inst/gen_wr_a.gen_word_narrow.mem_reg/CLKARDCLK | lane_result_q_reg[2][20]/D                       |
|                  | 1           | 5            | 6      | -0.505 | 5.000 | -0.039 | -      | 5.503          | 48.50 | 51.50  | clk_i        | clk_i             | i_vrf/gen_vrf_bram[0].i_vrf_bank/xpm_memory_base_inst/gen_wr_a.gen_word_narrow.mem_reg/CLKARDCLK | lane_result_q_reg[2][22]/D                       |
|                  | 1           | 5            | 6      | -0.505 | 5.000 | -0.039 | -      | 5.503          | 48.50 | 51.50  | clk_i        | clk_i             | i_vrf/gen_vrf_bram[0].i_vrf_bank/xpm_memory_base_inst/gen_wr_a.gen_word_narrow.mem_reg/CLKARDCLK | lane_result_q_reg[2][23]/D                       |
|                  | 1           | 5            | 6      | -0.513 | 5.000 | -0.039 | -      | 5.511          | 48.50 | 51.50  | clk_i        | clk_i             | i_vrf/gen_vrf_bram[0].i_vrf_bank/xpm_memory_base_inst/gen_wr_a.gen_word_narrow.mem_reg/CLKARDCLK | lane_result_q_reg[2][16]/D                       |
|                  | 1           | 5            | 6      | -0.511 | 5.000 | -0.039 | -      | 5.509          | 48.50 | 51.50  | clk_i        | clk_i             | i_vrf/gen_vrf_bram[0].i_vrf_bank/xpm_memory_base_inst/gen_wr_a.gen_word_narrow.mem_reg/CLKARDCLK | lane_result_q_reg[2][11]/D                       |
|                  | 1           | 5            | 6      | -0.506 | 5.000 | -0.039 | -      | 5.504          | 48.50 | 51.50  | clk_i        | clk_i             | i_vrf/gen_vrf_bram[0].i_vrf_bank/xpm_memory_base_inst/gen_wr_a.gen_word_narrow.mem_reg/CLKARDCLK | lane_result_q_reg[2][19]/D                       |
|                  | 1           | 5            | 6      | -0.505 | 5.000 | -0.039 | -      | 5.503          | 48.20 | 51.80  | clk_i        | clk_i             | i_vrf/gen_vrf_bram[0].i_vrf_bank/xpm_memory_base_inst/gen_wr_a.gen_word_narrow.mem_reg/CLKARDCLK | lane_result_q_reg[2][12]/D                       |
|                  | 1           | 5            | 6      | -0.506 | 5.000 | -0.039 | -      | 5.504          | 48.50 | 51.50  | clk_i        | clk_i             | i_vrf/gen_vrf_bram[0].i_vrf_bank/xpm_memory_base_inst/gen_wr_a.gen_word_narrow.mem_reg/CLKARDCLK | lane_result_q_reg[2][21]/D                       |
|                  | 1           | 5            | 6      | -0.505 | 5.000 | -0.039 | -      | 5.503          | 48.20 | 51.80  | clk_i        | clk_i             | i_vrf/gen_vrf_bram[0].i_vrf_bank/xpm_memory_base_inst/gen_wr_a.gen_word_narrow.mem_reg/CLKARDCLK | lane_result_q_reg[2][13]/D                       |
|                  | 1           | 5            | 6      | -0.511 | 5.000 | -0.039 | -      | 5.509          | 48.50 | 51.50  | clk_i        | clk_i             | i_vrf/gen_vrf_bram[0].i_vrf_bank/xpm_memory_base_inst/gen_wr_a.gen_word_narrow.mem_reg/CLKARDCLK | lane_result_q_reg[2][8]/D                        |
|                  | 1           | 5            | 6      | -0.511 | 5.000 | -0.039 | -      | 5.509          | 48.50 | 51.50  | clk_i        | clk_i             | i_vrf/gen_vrf_bram[0].i_vrf_bank/xpm_memory_base_inst/gen_wr_a.gen_word_narrow.mem_reg/CLKARDCLK | lane_result_q_reg[2][10]/D                       |
|                  | 1           | 5            | 6      | -0.511 | 5.000 | -0.039 | -      | 5.509          | 48.50 | 51.50  | clk_i        | clk_i             | i_vrf/gen_vrf_bram[0].i_vrf_bank/xpm_memory_base_inst/gen_wr_a.gen_word_narrow.mem_reg/CLKARDCLK | lane_result_q_reg[2][9]/D                        |
|                  | 1           | 5            | 6      | -0.506 | 5.000 | -0.039 | -      | 5.504          | 48.50 | 51.50  | clk_i        | clk_i             | i_vrf/gen_vrf_bram[0].i_vrf_bank/xpm_memory_base_inst/gen_wr_a.gen_word_narrow.mem_reg/CLKARDCLK | lane_result_q_reg[2][18]/D                       |
+------------------+-------------+--------------+--------+--------+-------+--------+--------+----------------+-------+--------+--------------+-------------------+--------------------------------------------------------------------------------------------------+--------------------------------------------------+


