rank,slack_ns,required_time_ns,data_path_delay_ns,logic_delay_ns,route_delay_ns,route_ratio,logic_levels,startpoint,endpoint,path_class,main_cells
1,0.061,5.000,4.936,1.105,3.831,0.776,5,"gen_lane[0].i_p2_pop_slice/bool_result_q_reg[17]/C","gen_lane[0].i_p2_pop_slice/popcount_part_q_o_reg[0][5]/D","P2 popcount capture","FDCE=2;LUT3=1;LUT5=2;LUT6=2"
2,0.061,5.000,4.936,1.105,3.831,0.776,5,"gen_lane[0].i_p2_pop_slice/bool_result_q_reg[49]/C","gen_lane[0].i_p2_pop_slice/popcount_part_q_o_reg[1][5]/D","P2 popcount capture","FDCE=2;LUT3=1;LUT5=2;LUT6=2"
3,0.061,5.000,4.936,1.105,3.831,0.776,5,"gen_lane[1].i_p2_pop_slice/bool_result_q_reg[17]/C","gen_lane[1].i_p2_pop_slice/popcount_part_q_o_reg[0][5]/D","P2 popcount capture","FDCE=2;LUT3=1;LUT5=2;LUT6=2"
4,0.061,5.000,4.936,1.105,3.831,0.776,5,"gen_lane[1].i_p2_pop_slice/bool_result_q_reg[49]/C","gen_lane[1].i_p2_pop_slice/popcount_part_q_o_reg[1][5]/D","P2 popcount capture","FDCE=2;LUT3=1;LUT5=2;LUT6=2"
5,0.061,5.000,4.936,1.105,3.831,0.776,5,"gen_lane[2].i_p2_pop_slice/bool_result_q_reg[17]/C","gen_lane[2].i_p2_pop_slice/popcount_part_q_o_reg[0][5]/D","P2 popcount capture","FDCE=2;LUT3=1;LUT5=2;LUT6=2"
6,0.061,5.000,4.936,1.105,3.831,0.776,5,"gen_lane[2].i_p2_pop_slice/bool_result_q_reg[49]/C","gen_lane[2].i_p2_pop_slice/popcount_part_q_o_reg[1][5]/D","P2 popcount capture","FDCE=2;LUT3=1;LUT5=2;LUT6=2"
7,0.061,5.000,4.936,1.105,3.831,0.776,5,"gen_lane[3].i_p2_pop_slice/bool_result_q_reg[17]/C","gen_lane[3].i_p2_pop_slice/popcount_part_q_o_reg[0][5]/D","P2 popcount capture","FDCE=2;LUT3=1;LUT5=2;LUT6=2"
8,0.061,5.000,4.936,1.105,3.831,0.776,5,"gen_lane[3].i_p2_pop_slice/bool_result_q_reg[49]/C","gen_lane[3].i_p2_pop_slice/popcount_part_q_o_reg[1][5]/D","P2 popcount capture","FDCE=2;LUT3=1;LUT5=2;LUT6=2"
9,0.326,5.000,4.700,2.246,2.454,0.522,7,"gen_lane[0].i_p2_pop_slice/popcount_part_q_o_reg[0][0]/C","group_dist_q_reg[8]/D","P2 popcount capture","CARRY4=4;FDCE=2;LUT3=2;LUT5=1"
10,0.417,5.000,4.580,1.105,3.475,0.759,5,"gen_lane[0].i_p2_pop_slice/bool_result_q_reg[17]/C","gen_lane[0].i_p2_pop_slice/popcount_part_q_o_reg[0][2]/D","P2 popcount capture","FDCE=2;LUT3=2;LUT5=2;LUT6=1"
11,0.417,5.000,4.580,1.105,3.475,0.759,5,"gen_lane[0].i_p2_pop_slice/bool_result_q_reg[17]/C","gen_lane[0].i_p2_pop_slice/popcount_part_q_o_reg[0][3]/D","P2 popcount capture","FDCE=2;LUT3=1;LUT5=3;LUT6=1"
12,0.417,5.000,4.580,1.105,3.475,0.759,5,"gen_lane[0].i_p2_pop_slice/bool_result_q_reg[49]/C","gen_lane[0].i_p2_pop_slice/popcount_part_q_o_reg[1][2]/D","P2 popcount capture","FDCE=2;LUT3=2;LUT5=2;LUT6=1"
13,0.417,5.000,4.580,1.105,3.475,0.759,5,"gen_lane[0].i_p2_pop_slice/bool_result_q_reg[49]/C","gen_lane[0].i_p2_pop_slice/popcount_part_q_o_reg[1][3]/D","P2 popcount capture","FDCE=2;LUT3=1;LUT5=3;LUT6=1"
14,0.417,5.000,4.580,1.105,3.475,0.759,5,"gen_lane[1].i_p2_pop_slice/bool_result_q_reg[17]/C","gen_lane[1].i_p2_pop_slice/popcount_part_q_o_reg[0][2]/D","P2 popcount capture","FDCE=2;LUT3=2;LUT5=2;LUT6=1"
15,0.417,5.000,4.580,1.105,3.475,0.759,5,"gen_lane[1].i_p2_pop_slice/bool_result_q_reg[17]/C","gen_lane[1].i_p2_pop_slice/popcount_part_q_o_reg[0][3]/D","P2 popcount capture","FDCE=2;LUT3=1;LUT5=3;LUT6=1"
16,0.417,5.000,4.580,1.105,3.475,0.759,5,"gen_lane[1].i_p2_pop_slice/bool_result_q_reg[49]/C","gen_lane[1].i_p2_pop_slice/popcount_part_q_o_reg[1][2]/D","P2 popcount capture","FDCE=2;LUT3=2;LUT5=2;LUT6=1"
17,0.417,5.000,4.580,1.105,3.475,0.759,5,"gen_lane[1].i_p2_pop_slice/bool_result_q_reg[49]/C","gen_lane[1].i_p2_pop_slice/popcount_part_q_o_reg[1][3]/D","P2 popcount capture","FDCE=2;LUT3=1;LUT5=3;LUT6=1"
18,0.417,5.000,4.580,1.105,3.475,0.759,5,"gen_lane[2].i_p2_pop_slice/bool_result_q_reg[17]/C","gen_lane[2].i_p2_pop_slice/popcount_part_q_o_reg[0][2]/D","P2 popcount capture","FDCE=2;LUT3=2;LUT5=2;LUT6=1"
19,0.417,5.000,4.580,1.105,3.475,0.759,5,"gen_lane[2].i_p2_pop_slice/bool_result_q_reg[17]/C","gen_lane[2].i_p2_pop_slice/popcount_part_q_o_reg[0][3]/D","P2 popcount capture","FDCE=2;LUT3=1;LUT5=3;LUT6=1"
20,0.417,5.000,4.580,1.105,3.475,0.759,5,"gen_lane[2].i_p2_pop_slice/bool_result_q_reg[49]/C","gen_lane[2].i_p2_pop_slice/popcount_part_q_o_reg[1][2]/D","P2 popcount capture","FDCE=2;LUT3=2;LUT5=2;LUT6=1"
21,0.417,5.000,4.580,1.105,3.475,0.759,5,"gen_lane[2].i_p2_pop_slice/bool_result_q_reg[49]/C","gen_lane[2].i_p2_pop_slice/popcount_part_q_o_reg[1][3]/D","P2 popcount capture","FDCE=2;LUT3=1;LUT5=3;LUT6=1"
22,0.417,5.000,4.580,1.105,3.475,0.759,5,"gen_lane[3].i_p2_pop_slice/bool_result_q_reg[17]/C","gen_lane[3].i_p2_pop_slice/popcount_part_q_o_reg[0][2]/D","P2 popcount capture","FDCE=2;LUT3=2;LUT5=2;LUT6=1"
23,0.417,5.000,4.580,1.105,3.475,0.759,5,"gen_lane[3].i_p2_pop_slice/bool_result_q_reg[17]/C","gen_lane[3].i_p2_pop_slice/popcount_part_q_o_reg[0][3]/D","P2 popcount capture","FDCE=2;LUT3=1;LUT5=3;LUT6=1"
24,0.417,5.000,4.580,1.105,3.475,0.759,5,"gen_lane[3].i_p2_pop_slice/bool_result_q_reg[49]/C","gen_lane[3].i_p2_pop_slice/popcount_part_q_o_reg[1][2]/D","P2 popcount capture","FDCE=2;LUT3=2;LUT5=2;LUT6=1"
25,0.417,5.000,4.580,1.105,3.475,0.759,5,"gen_lane[3].i_p2_pop_slice/bool_result_q_reg[49]/C","gen_lane[3].i_p2_pop_slice/popcount_part_q_o_reg[1][3]/D","P2 popcount capture","FDCE=2;LUT3=1;LUT5=3;LUT6=1"
26,0.426,5.000,4.600,2.146,2.454,0.533,6,"gen_lane[0].i_p2_pop_slice/popcount_part_q_o_reg[0][0]/C","group_dist_q_reg[7]/D","P2 popcount capture","CARRY4=3;FDCE=2;LUT3=2;LUT5=1"
27,0.440,5.000,4.589,1.286,3.303,0.720,6,"FSM_onehot_st_q_reg[18]/C","lane_result_q_reg[0][18]/D","P2 lane result capture","FDCE=2;LUT3=1;LUT6=4;MUXF7=1"
28,0.440,5.000,4.589,1.286,3.303,0.720,6,"FSM_onehot_st_q_reg[18]/C","lane_result_q_reg[0][19]/D","P2 lane result capture","FDCE=2;LUT3=1;LUT6=4;MUXF7=1"
29,0.440,5.000,4.589,1.286,3.303,0.720,6,"FSM_onehot_st_q_reg[18]/C","lane_result_q_reg[0][20]/D","P2 lane result capture","FDCE=2;LUT3=1;LUT6=4;MUXF7=1"
30,0.440,5.000,4.589,1.286,3.303,0.720,6,"FSM_onehot_st_q_reg[18]/C","lane_result_q_reg[0][21]/D","P2 lane result capture","FDCE=2;LUT3=1;LUT6=4;MUXF7=1"
31,0.440,5.000,4.589,1.286,3.303,0.720,6,"FSM_onehot_st_q_reg[18]/C","lane_result_q_reg[0][22]/D","P2 lane result capture","FDCE=2;LUT3=1;LUT6=4;MUXF7=1"
32,0.440,5.000,4.589,1.286,3.303,0.720,6,"FSM_onehot_st_q_reg[18]/C","lane_result_q_reg[0][23]/D","P2 lane result capture","FDCE=2;LUT3=1;LUT6=4;MUXF7=1"
33,0.440,5.000,4.589,1.286,3.303,0.720,6,"FSM_onehot_st_q_reg[18]/C","lane_result_q_reg[0][24]/D","P2 lane result capture","FDCE=2;LUT3=1;LUT6=4;MUXF7=1"
34,0.440,5.000,4.589,1.286,3.303,0.720,6,"FSM_onehot_st_q_reg[18]/C","lane_result_q_reg[0][25]/D","P2 lane result capture","FDCE=2;LUT3=1;LUT6=4;MUXF7=1"
35,0.440,5.000,4.589,1.286,3.303,0.720,6,"FSM_onehot_st_q_reg[18]/C","lane_result_q_reg[0][26]/D","P2 lane result capture","FDCE=2;LUT3=1;LUT6=4;MUXF7=1"
36,0.440,5.000,4.589,1.286,3.303,0.720,6,"FSM_onehot_st_q_reg[18]/C","lane_result_q_reg[0][27]/D","P2 lane result capture","FDCE=2;LUT3=1;LUT6=4;MUXF7=1"
37,0.440,5.000,4.589,1.286,3.303,0.720,6,"FSM_onehot_st_q_reg[18]/C","lane_result_q_reg[0][28]/D","P2 lane result capture","FDCE=2;LUT3=1;LUT6=4;MUXF7=1"
38,0.440,5.000,4.589,1.286,3.303,0.720,6,"FSM_onehot_st_q_reg[18]/C","lane_result_q_reg[0][29]/D","P2 lane result capture","FDCE=2;LUT3=1;LUT6=4;MUXF7=1"
39,0.440,5.000,4.589,1.286,3.303,0.720,6,"FSM_onehot_st_q_reg[18]/C","lane_result_q_reg[0][30]/D","P2 lane result capture","FDCE=2;LUT3=1;LUT6=4;MUXF7=1"
40,0.440,5.000,4.589,1.286,3.303,0.720,6,"FSM_onehot_st_q_reg[18]/C","lane_result_q_reg[0][31]/D","P2 lane result capture","FDCE=2;LUT3=1;LUT6=4;MUXF7=1"
41,0.440,5.000,4.589,1.286,3.303,0.720,6,"FSM_onehot_st_q_reg[18]/C","lane_result_q_reg[0][34]/D","P2 lane result capture","FDCE=2;LUT3=1;LUT6=4;MUXF7=1"
42,0.440,5.000,4.589,1.286,3.303,0.720,6,"FSM_onehot_st_q_reg[18]/C","lane_result_q_reg[0][35]/D","P2 lane result capture","FDCE=2;LUT3=1;LUT6=4;MUXF7=1"
43,0.440,5.000,4.589,1.286,3.303,0.720,6,"FSM_onehot_st_q_reg[18]/C","lane_result_q_reg[0][36]/D","P2 lane result capture","FDCE=2;LUT3=1;LUT6=4;MUXF7=1"
44,0.440,5.000,4.589,1.286,3.303,0.720,6,"FSM_onehot_st_q_reg[18]/C","lane_result_q_reg[0][37]/D","P2 lane result capture","FDCE=2;LUT3=1;LUT6=4;MUXF7=1"
45,0.440,5.000,4.589,1.286,3.303,0.720,6,"FSM_onehot_st_q_reg[18]/C","lane_result_q_reg[0][38]/D","P2 lane result capture","FDCE=2;LUT3=1;LUT6=4;MUXF7=1"
46,0.440,5.000,4.589,1.286,3.303,0.720,6,"FSM_onehot_st_q_reg[18]/C","lane_result_q_reg[0][39]/D","P2 lane result capture","FDCE=2;LUT3=1;LUT6=4;MUXF7=1"
47,0.440,5.000,4.589,1.286,3.303,0.720,6,"FSM_onehot_st_q_reg[18]/C","lane_result_q_reg[0][40]/D","P2 lane result capture","FDCE=2;LUT3=1;LUT6=4;MUXF7=1"
48,0.440,5.000,4.589,1.286,3.303,0.720,6,"FSM_onehot_st_q_reg[18]/C","lane_result_q_reg[0][41]/D","P2 lane result capture","FDCE=2;LUT3=1;LUT6=4;MUXF7=1"
49,0.440,5.000,4.589,1.286,3.303,0.720,6,"FSM_onehot_st_q_reg[18]/C","lane_result_q_reg[0][42]/D","P2 lane result capture","FDCE=2;LUT3=1;LUT6=4;MUXF7=1"
50,0.440,5.000,4.589,1.286,3.303,0.720,6,"FSM_onehot_st_q_reg[18]/C","lane_result_q_reg[0][43]/D","P2 lane result capture","FDCE=2;LUT3=1;LUT6=4;MUXF7=1"
51,0.440,5.000,4.589,1.286,3.303,0.720,6,"FSM_onehot_st_q_reg[18]/C","lane_result_q_reg[0][44]/D","P2 lane result capture","FDCE=2;LUT3=1;LUT6=4;MUXF7=1"
52,0.440,5.000,4.589,1.286,3.303,0.720,6,"FSM_onehot_st_q_reg[18]/C","lane_result_q_reg[0][45]/D","P2 lane result capture","FDCE=2;LUT3=1;LUT6=4;MUXF7=1"
53,0.440,5.000,4.589,1.286,3.303,0.720,6,"FSM_onehot_st_q_reg[18]/C","lane_result_q_reg[0][46]/D","P2 lane result capture","FDCE=2;LUT3=1;LUT6=4;MUXF7=1"
54,0.440,5.000,4.589,1.286,3.303,0.720,6,"FSM_onehot_st_q_reg[18]/C","lane_result_q_reg[0][47]/D","P2 lane result capture","FDCE=2;LUT3=1;LUT6=4;MUXF7=1"
55,0.440,5.000,4.589,1.286,3.303,0.720,6,"FSM_onehot_st_q_reg[18]/C","lane_result_q_reg[0][50]/D","P2 lane result capture","FDCE=2;LUT3=1;LUT6=4;MUXF7=1"
56,0.440,5.000,4.589,1.286,3.303,0.720,6,"FSM_onehot_st_q_reg[18]/C","lane_result_q_reg[0][51]/D","P2 lane result capture","FDCE=2;LUT3=1;LUT6=4;MUXF7=1"
57,0.440,5.000,4.589,1.286,3.303,0.720,6,"FSM_onehot_st_q_reg[18]/C","lane_result_q_reg[0][52]/D","P2 lane result capture","FDCE=2;LUT3=1;LUT6=4;MUXF7=1"
58,0.440,5.000,4.589,1.286,3.303,0.720,6,"FSM_onehot_st_q_reg[18]/C","lane_result_q_reg[0][53]/D","P2 lane result capture","FDCE=2;LUT3=1;LUT6=4;MUXF7=1"
59,0.440,5.000,4.589,1.286,3.303,0.720,6,"FSM_onehot_st_q_reg[18]/C","lane_result_q_reg[0][54]/D","P2 lane result capture","FDCE=2;LUT3=1;LUT6=4;MUXF7=1"
60,0.440,5.000,4.589,1.286,3.303,0.720,6,"FSM_onehot_st_q_reg[18]/C","lane_result_q_reg[0][55]/D","P2 lane result capture","FDCE=2;LUT3=1;LUT6=4;MUXF7=1"
61,0.440,5.000,4.589,1.286,3.303,0.720,6,"FSM_onehot_st_q_reg[18]/C","lane_result_q_reg[0][56]/D","P2 lane result capture","FDCE=2;LUT3=1;LUT6=4;MUXF7=1"
62,0.440,5.000,4.589,1.286,3.303,0.720,6,"FSM_onehot_st_q_reg[18]/C","lane_result_q_reg[0][57]/D","P2 lane result capture","FDCE=2;LUT3=1;LUT6=4;MUXF7=1"
63,0.440,5.000,4.589,1.286,3.303,0.720,6,"FSM_onehot_st_q_reg[18]/C","lane_result_q_reg[0][58]/D","P2 lane result capture","FDCE=2;LUT3=1;LUT6=4;MUXF7=1"
64,0.440,5.000,4.589,1.286,3.303,0.720,6,"FSM_onehot_st_q_reg[18]/C","lane_result_q_reg[0][59]/D","P2 lane result capture","FDCE=2;LUT3=1;LUT6=4;MUXF7=1"
65,0.440,5.000,4.589,1.286,3.303,0.720,6,"FSM_onehot_st_q_reg[18]/C","lane_result_q_reg[0][60]/D","P2 lane result capture","FDCE=2;LUT3=1;LUT6=4;MUXF7=1"
66,0.440,5.000,4.589,1.286,3.303,0.720,6,"FSM_onehot_st_q_reg[18]/C","lane_result_q_reg[0][61]/D","P2 lane result capture","FDCE=2;LUT3=1;LUT6=4;MUXF7=1"
67,0.440,5.000,4.589,1.286,3.303,0.720,6,"FSM_onehot_st_q_reg[18]/C","lane_result_q_reg[0][62]/D","P2 lane result capture","FDCE=2;LUT3=1;LUT6=4;MUXF7=1"
68,0.440,5.000,4.589,1.286,3.303,0.720,6,"FSM_onehot_st_q_reg[18]/C","lane_result_q_reg[0][63]/D","P2 lane result capture","FDCE=2;LUT3=1;LUT6=4;MUXF7=1"
69,0.440,5.000,4.589,1.286,3.303,0.720,6,"FSM_onehot_st_q_reg[18]/C","lane_result_q_reg[1][10]/D","P2 lane result capture","FDCE=2;LUT3=1;LUT6=4;MUXF7=1"
70,0.440,5.000,4.589,1.286,3.303,0.720,6,"FSM_onehot_st_q_reg[18]/C","lane_result_q_reg[1][11]/D","P2 lane result capture","FDCE=2;LUT3=1;LUT6=4;MUXF7=1"
71,0.440,5.000,4.589,1.286,3.303,0.720,6,"FSM_onehot_st_q_reg[18]/C","lane_result_q_reg[1][12]/D","P2 lane result capture","FDCE=2;LUT3=1;LUT6=4;MUXF7=1"
72,0.440,5.000,4.589,1.286,3.303,0.720,6,"FSM_onehot_st_q_reg[18]/C","lane_result_q_reg[1][13]/D","P2 lane result capture","FDCE=2;LUT3=1;LUT6=4;MUXF7=1"
73,0.440,5.000,4.589,1.286,3.303,0.720,6,"FSM_onehot_st_q_reg[18]/C","lane_result_q_reg[1][14]/D","P2 lane result capture","FDCE=2;LUT3=1;LUT6=4;MUXF7=1"
74,0.440,5.000,4.589,1.286,3.303,0.720,6,"FSM_onehot_st_q_reg[18]/C","lane_result_q_reg[1][15]/D","P2 lane result capture","FDCE=2;LUT3=1;LUT6=4;MUXF7=1"
75,0.440,5.000,4.589,1.286,3.303,0.720,6,"FSM_onehot_st_q_reg[18]/C","lane_result_q_reg[1][18]/D","P2 lane result capture","FDCE=2;LUT3=1;LUT6=4;MUXF7=1"
76,0.440,5.000,4.589,1.286,3.303,0.720,6,"FSM_onehot_st_q_reg[18]/C","lane_result_q_reg[1][19]/D","P2 lane result capture","FDCE=2;LUT3=1;LUT6=4;MUXF7=1"
77,0.440,5.000,4.589,1.286,3.303,0.720,6,"FSM_onehot_st_q_reg[18]/C","lane_result_q_reg[1][20]/D","P2 lane result capture","FDCE=2;LUT3=1;LUT6=4;MUXF7=1"
78,0.440,5.000,4.589,1.286,3.303,0.720,6,"FSM_onehot_st_q_reg[18]/C","lane_result_q_reg[1][21]/D","P2 lane result capture","FDCE=2;LUT3=1;LUT6=4;MUXF7=1"
79,0.440,5.000,4.589,1.286,3.303,0.720,6,"FSM_onehot_st_q_reg[18]/C","lane_result_q_reg[1][22]/D","P2 lane result capture","FDCE=2;LUT3=1;LUT6=4;MUXF7=1"
80,0.440,5.000,4.589,1.286,3.303,0.720,6,"FSM_onehot_st_q_reg[18]/C","lane_result_q_reg[1][23]/D","P2 lane result capture","FDCE=2;LUT3=1;LUT6=4;MUXF7=1"
81,0.440,5.000,4.589,1.286,3.303,0.720,6,"FSM_onehot_st_q_reg[18]/C","lane_result_q_reg[1][24]/D","P2 lane result capture","FDCE=2;LUT3=1;LUT6=4;MUXF7=1"
82,0.440,5.000,4.589,1.286,3.303,0.720,6,"FSM_onehot_st_q_reg[18]/C","lane_result_q_reg[1][25]/D","P2 lane result capture","FDCE=2;LUT3=1;LUT6=4;MUXF7=1"
83,0.440,5.000,4.589,1.286,3.303,0.720,6,"FSM_onehot_st_q_reg[18]/C","lane_result_q_reg[1][26]/D","P2 lane result capture","FDCE=2;LUT3=1;LUT6=4;MUXF7=1"
84,0.440,5.000,4.589,1.286,3.303,0.720,6,"FSM_onehot_st_q_reg[18]/C","lane_result_q_reg[1][27]/D","P2 lane result capture","FDCE=2;LUT3=1;LUT6=4;MUXF7=1"
85,0.440,5.000,4.589,1.286,3.303,0.720,6,"FSM_onehot_st_q_reg[18]/C","lane_result_q_reg[1][28]/D","P2 lane result capture","FDCE=2;LUT3=1;LUT6=4;MUXF7=1"
86,0.440,5.000,4.589,1.286,3.303,0.720,6,"FSM_onehot_st_q_reg[18]/C","lane_result_q_reg[1][29]/D","P2 lane result capture","FDCE=2;LUT3=1;LUT6=4;MUXF7=1"
87,0.440,5.000,4.589,1.286,3.303,0.720,6,"FSM_onehot_st_q_reg[18]/C","lane_result_q_reg[1][2]/D","P2 lane result capture","FDCE=2;LUT3=1;LUT6=4;MUXF7=1"
88,0.440,5.000,4.589,1.286,3.303,0.720,6,"FSM_onehot_st_q_reg[18]/C","lane_result_q_reg[1][30]/D","P2 lane result capture","FDCE=2;LUT3=1;LUT6=4;MUXF7=1"
89,0.440,5.000,4.589,1.286,3.303,0.720,6,"FSM_onehot_st_q_reg[18]/C","lane_result_q_reg[1][31]/D","P2 lane result capture","FDCE=2;LUT3=1;LUT6=4;MUXF7=1"
90,0.440,5.000,4.589,1.286,3.303,0.720,6,"FSM_onehot_st_q_reg[18]/C","lane_result_q_reg[1][34]/D","P2 lane result capture","FDCE=2;LUT3=1;LUT6=4;MUXF7=1"
91,0.440,5.000,4.589,1.286,3.303,0.720,6,"FSM_onehot_st_q_reg[18]/C","lane_result_q_reg[1][35]/D","P2 lane result capture","FDCE=2;LUT3=1;LUT6=4;MUXF7=1"
92,0.440,5.000,4.589,1.286,3.303,0.720,6,"FSM_onehot_st_q_reg[18]/C","lane_result_q_reg[1][36]/D","P2 lane result capture","FDCE=2;LUT3=1;LUT6=4;MUXF7=1"
93,0.440,5.000,4.589,1.286,3.303,0.720,6,"FSM_onehot_st_q_reg[18]/C","lane_result_q_reg[1][37]/D","P2 lane result capture","FDCE=2;LUT3=1;LUT6=4;MUXF7=1"
94,0.440,5.000,4.589,1.286,3.303,0.720,6,"FSM_onehot_st_q_reg[18]/C","lane_result_q_reg[1][38]/D","P2 lane result capture","FDCE=2;LUT3=1;LUT6=4;MUXF7=1"
95,0.440,5.000,4.589,1.286,3.303,0.720,6,"FSM_onehot_st_q_reg[18]/C","lane_result_q_reg[1][39]/D","P2 lane result capture","FDCE=2;LUT3=1;LUT6=4;MUXF7=1"
96,0.440,5.000,4.589,1.286,3.303,0.720,6,"FSM_onehot_st_q_reg[18]/C","lane_result_q_reg[1][3]/D","P2 lane result capture","FDCE=2;LUT3=1;LUT6=4;MUXF7=1"
97,0.440,5.000,4.589,1.286,3.303,0.720,6,"FSM_onehot_st_q_reg[18]/C","lane_result_q_reg[1][40]/D","P2 lane result capture","FDCE=2;LUT3=1;LUT6=4;MUXF7=1"
98,0.440,5.000,4.589,1.286,3.303,0.720,6,"FSM_onehot_st_q_reg[18]/C","lane_result_q_reg[1][41]/D","P2 lane result capture","FDCE=2;LUT3=1;LUT6=4;MUXF7=1"
99,0.440,5.000,4.589,1.286,3.303,0.720,6,"FSM_onehot_st_q_reg[18]/C","lane_result_q_reg[1][42]/D","P2 lane result capture","FDCE=2;LUT3=1;LUT6=4;MUXF7=1"
100,0.440,5.000,4.589,1.286,3.303,0.720,6,"FSM_onehot_st_q_reg[18]/C","lane_result_q_reg[1][43]/D","P2 lane result capture","FDCE=2;LUT3=1;LUT6=4;MUXF7=1"
101,0.440,5.000,4.589,1.286,3.303,0.720,6,"FSM_onehot_st_q_reg[18]/C","lane_result_q_reg[1][44]/D","P2 lane result capture","FDCE=2;LUT3=1;LUT6=4;MUXF7=1"
102,0.440,5.000,4.589,1.286,3.303,0.720,6,"FSM_onehot_st_q_reg[18]/C","lane_result_q_reg[1][45]/D","P2 lane result capture","FDCE=2;LUT3=1;LUT6=4;MUXF7=1"
103,0.440,5.000,4.589,1.286,3.303,0.720,6,"FSM_onehot_st_q_reg[18]/C","lane_result_q_reg[1][46]/D","P2 lane result capture","FDCE=2;LUT3=1;LUT6=4;MUXF7=1"
104,0.440,5.000,4.589,1.286,3.303,0.720,6,"FSM_onehot_st_q_reg[18]/C","lane_result_q_reg[1][47]/D","P2 lane result capture","FDCE=2;LUT3=1;LUT6=4;MUXF7=1"
105,0.440,5.000,4.589,1.286,3.303,0.720,6,"FSM_onehot_st_q_reg[18]/C","lane_result_q_reg[1][4]/D","P2 lane result capture","FDCE=2;LUT3=1;LUT6=4;MUXF7=1"
106,0.440,5.000,4.589,1.286,3.303,0.720,6,"FSM_onehot_st_q_reg[18]/C","lane_result_q_reg[1][50]/D","P2 lane result capture","FDCE=2;LUT3=1;LUT6=4;MUXF7=1"
107,0.440,5.000,4.589,1.286,3.303,0.720,6,"FSM_onehot_st_q_reg[18]/C","lane_result_q_reg[1][51]/D","P2 lane result capture","FDCE=2;LUT3=1;LUT6=4;MUXF7=1"
108,0.440,5.000,4.589,1.286,3.303,0.720,6,"FSM_onehot_st_q_reg[18]/C","lane_result_q_reg[1][52]/D","P2 lane result capture","FDCE=2;LUT3=1;LUT6=4;MUXF7=1"
109,0.440,5.000,4.589,1.286,3.303,0.720,6,"FSM_onehot_st_q_reg[18]/C","lane_result_q_reg[1][53]/D","P2 lane result capture","FDCE=2;LUT3=1;LUT6=4;MUXF7=1"
110,0.440,5.000,4.589,1.286,3.303,0.720,6,"FSM_onehot_st_q_reg[18]/C","lane_result_q_reg[1][54]/D","P2 lane result capture","FDCE=2;LUT3=1;LUT6=4;MUXF7=1"
111,0.440,5.000,4.589,1.286,3.303,0.720,6,"FSM_onehot_st_q_reg[18]/C","lane_result_q_reg[1][55]/D","P2 lane result capture","FDCE=2;LUT3=1;LUT6=4;MUXF7=1"
112,0.440,5.000,4.589,1.286,3.303,0.720,6,"FSM_onehot_st_q_reg[18]/C","lane_result_q_reg[1][56]/D","P2 lane result capture","FDCE=2;LUT3=1;LUT6=4;MUXF7=1"
113,0.440,5.000,4.589,1.286,3.303,0.720,6,"FSM_onehot_st_q_reg[18]/C","lane_result_q_reg[1][57]/D","P2 lane result capture","FDCE=2;LUT3=1;LUT6=4;MUXF7=1"
114,0.440,5.000,4.589,1.286,3.303,0.720,6,"FSM_onehot_st_q_reg[18]/C","lane_result_q_reg[1][58]/D","P2 lane result capture","FDCE=2;LUT3=1;LUT6=4;MUXF7=1"
115,0.440,5.000,4.589,1.286,3.303,0.720,6,"FSM_onehot_st_q_reg[18]/C","lane_result_q_reg[1][59]/D","P2 lane result capture","FDCE=2;LUT3=1;LUT6=4;MUXF7=1"
116,0.440,5.000,4.589,1.286,3.303,0.720,6,"FSM_onehot_st_q_reg[18]/C","lane_result_q_reg[1][5]/D","P2 lane result capture","FDCE=2;LUT3=1;LUT6=4;MUXF7=1"
117,0.440,5.000,4.589,1.286,3.303,0.720,6,"FSM_onehot_st_q_reg[18]/C","lane_result_q_reg[1][60]/D","P2 lane result capture","FDCE=2;LUT3=1;LUT6=4;MUXF7=1"
118,0.440,5.000,4.589,1.286,3.303,0.720,6,"FSM_onehot_st_q_reg[18]/C","lane_result_q_reg[1][61]/D","P2 lane result capture","FDCE=2;LUT3=1;LUT6=4;MUXF7=1"
119,0.440,5.000,4.589,1.286,3.303,0.720,6,"FSM_onehot_st_q_reg[18]/C","lane_result_q_reg[1][62]/D","P2 lane result capture","FDCE=2;LUT3=1;LUT6=4;MUXF7=1"
120,0.440,5.000,4.589,1.286,3.303,0.720,6,"FSM_onehot_st_q_reg[18]/C","lane_result_q_reg[1][63]/D","P2 lane result capture","FDCE=2;LUT3=1;LUT6=4;MUXF7=1"
121,0.440,5.000,4.589,1.286,3.303,0.720,6,"FSM_onehot_st_q_reg[18]/C","lane_result_q_reg[1][6]/D","P2 lane result capture","FDCE=2;LUT3=1;LUT6=4;MUXF7=1"
122,0.440,5.000,4.589,1.286,3.303,0.720,6,"FSM_onehot_st_q_reg[18]/C","lane_result_q_reg[1][7]/D","P2 lane result capture","FDCE=2;LUT3=1;LUT6=4;MUXF7=1"
123,0.440,5.000,4.589,1.286,3.303,0.720,6,"FSM_onehot_st_q_reg[18]/C","lane_result_q_reg[1][8]/D","P2 lane result capture","FDCE=2;LUT3=1;LUT6=4;MUXF7=1"
124,0.440,5.000,4.589,1.286,3.303,0.720,6,"FSM_onehot_st_q_reg[18]/C","lane_result_q_reg[1][9]/D","P2 lane result capture","FDCE=2;LUT3=1;LUT6=4;MUXF7=1"
125,0.440,5.000,4.589,1.286,3.303,0.720,6,"FSM_onehot_st_q_reg[18]/C","lane_result_q_reg[2][10]/D","P2 lane result capture","FDCE=2;LUT3=1;LUT6=4;MUXF7=1"
126,0.440,5.000,4.589,1.286,3.303,0.720,6,"FSM_onehot_st_q_reg[18]/C","lane_result_q_reg[2][11]/D","P2 lane result capture","FDCE=2;LUT3=1;LUT6=4;MUXF7=1"
127,0.440,5.000,4.589,1.286,3.303,0.720,6,"FSM_onehot_st_q_reg[18]/C","lane_result_q_reg[2][12]/D","P2 lane result capture","FDCE=2;LUT3=1;LUT6=4;MUXF7=1"
128,0.440,5.000,4.589,1.286,3.303,0.720,6,"FSM_onehot_st_q_reg[18]/C","lane_result_q_reg[2][13]/D","P2 lane result capture","FDCE=2;LUT3=1;LUT6=4;MUXF7=1"
129,0.440,5.000,4.589,1.286,3.303,0.720,6,"FSM_onehot_st_q_reg[18]/C","lane_result_q_reg[2][14]/D","P2 lane result capture","FDCE=2;LUT3=1;LUT6=4;MUXF7=1"
130,0.440,5.000,4.589,1.286,3.303,0.720,6,"FSM_onehot_st_q_reg[18]/C","lane_result_q_reg[2][15]/D","P2 lane result capture","FDCE=2;LUT3=1;LUT6=4;MUXF7=1"
131,0.440,5.000,4.589,1.286,3.303,0.720,6,"FSM_onehot_st_q_reg[18]/C","lane_result_q_reg[2][18]/D","P2 lane result capture","FDCE=2;LUT3=1;LUT6=4;MUXF7=1"
132,0.440,5.000,4.589,1.286,3.303,0.720,6,"FSM_onehot_st_q_reg[18]/C","lane_result_q_reg[2][19]/D","P2 lane result capture","FDCE=2;LUT3=1;LUT6=4;MUXF7=1"
133,0.440,5.000,4.589,1.286,3.303,0.720,6,"FSM_onehot_st_q_reg[18]/C","lane_result_q_reg[2][20]/D","P2 lane result capture","FDCE=2;LUT3=1;LUT6=4;MUXF7=1"
134,0.440,5.000,4.589,1.286,3.303,0.720,6,"FSM_onehot_st_q_reg[18]/C","lane_result_q_reg[2][21]/D","P2 lane result capture","FDCE=2;LUT3=1;LUT6=4;MUXF7=1"
135,0.440,5.000,4.589,1.286,3.303,0.720,6,"FSM_onehot_st_q_reg[18]/C","lane_result_q_reg[2][22]/D","P2 lane result capture","FDCE=2;LUT3=1;LUT6=4;MUXF7=1"
136,0.440,5.000,4.589,1.286,3.303,0.720,6,"FSM_onehot_st_q_reg[18]/C","lane_result_q_reg[2][23]/D","P2 lane result capture","FDCE=2;LUT3=1;LUT6=4;MUXF7=1"
137,0.440,5.000,4.589,1.286,3.303,0.720,6,"FSM_onehot_st_q_reg[18]/C","lane_result_q_reg[2][24]/D","P2 lane result capture","FDCE=2;LUT3=1;LUT6=4;MUXF7=1"
138,0.440,5.000,4.589,1.286,3.303,0.720,6,"FSM_onehot_st_q_reg[18]/C","lane_result_q_reg[2][25]/D","P2 lane result capture","FDCE=2;LUT3=1;LUT6=4;MUXF7=1"
139,0.440,5.000,4.589,1.286,3.303,0.720,6,"FSM_onehot_st_q_reg[18]/C","lane_result_q_reg[2][26]/D","P2 lane result capture","FDCE=2;LUT3=1;LUT6=4;MUXF7=1"
140,0.440,5.000,4.589,1.286,3.303,0.720,6,"FSM_onehot_st_q_reg[18]/C","lane_result_q_reg[2][27]/D","P2 lane result capture","FDCE=2;LUT3=1;LUT6=4;MUXF7=1"
141,0.440,5.000,4.589,1.286,3.303,0.720,6,"FSM_onehot_st_q_reg[18]/C","lane_result_q_reg[2][28]/D","P2 lane result capture","FDCE=2;LUT3=1;LUT6=4;MUXF7=1"
142,0.440,5.000,4.589,1.286,3.303,0.720,6,"FSM_onehot_st_q_reg[18]/C","lane_result_q_reg[2][29]/D","P2 lane result capture","FDCE=2;LUT3=1;LUT6=4;MUXF7=1"
143,0.440,5.000,4.589,1.286,3.303,0.720,6,"FSM_onehot_st_q_reg[18]/C","lane_result_q_reg[2][2]/D","P2 lane result capture","FDCE=2;LUT3=1;LUT6=4;MUXF7=1"
144,0.440,5.000,4.589,1.286,3.303,0.720,6,"FSM_onehot_st_q_reg[18]/C","lane_result_q_reg[2][30]/D","P2 lane result capture","FDCE=2;LUT3=1;LUT6=4;MUXF7=1"
145,0.440,5.000,4.589,1.286,3.303,0.720,6,"FSM_onehot_st_q_reg[18]/C","lane_result_q_reg[2][31]/D","P2 lane result capture","FDCE=2;LUT3=1;LUT6=4;MUXF7=1"
146,0.440,5.000,4.589,1.286,3.303,0.720,6,"FSM_onehot_st_q_reg[18]/C","lane_result_q_reg[2][34]/D","P2 lane result capture","FDCE=2;LUT3=1;LUT6=4;MUXF7=1"
147,0.440,5.000,4.589,1.286,3.303,0.720,6,"FSM_onehot_st_q_reg[18]/C","lane_result_q_reg[2][35]/D","P2 lane result capture","FDCE=2;LUT3=1;LUT6=4;MUXF7=1"
148,0.440,5.000,4.589,1.286,3.303,0.720,6,"FSM_onehot_st_q_reg[18]/C","lane_result_q_reg[2][36]/D","P2 lane result capture","FDCE=2;LUT3=1;LUT6=4;MUXF7=1"
149,0.440,5.000,4.589,1.286,3.303,0.720,6,"FSM_onehot_st_q_reg[18]/C","lane_result_q_reg[2][37]/D","P2 lane result capture","FDCE=2;LUT3=1;LUT6=4;MUXF7=1"
150,0.440,5.000,4.589,1.286,3.303,0.720,6,"FSM_onehot_st_q_reg[18]/C","lane_result_q_reg[2][38]/D","P2 lane result capture","FDCE=2;LUT3=1;LUT6=4;MUXF7=1"
151,0.440,5.000,4.589,1.286,3.303,0.720,6,"FSM_onehot_st_q_reg[18]/C","lane_result_q_reg[2][39]/D","P2 lane result capture","FDCE=2;LUT3=1;LUT6=4;MUXF7=1"
152,0.440,5.000,4.589,1.286,3.303,0.720,6,"FSM_onehot_st_q_reg[18]/C","lane_result_q_reg[2][3]/D","P2 lane result capture","FDCE=2;LUT3=1;LUT6=4;MUXF7=1"
153,0.440,5.000,4.589,1.286,3.303,0.720,6,"FSM_onehot_st_q_reg[18]/C","lane_result_q_reg[2][40]/D","P2 lane result capture","FDCE=2;LUT3=1;LUT6=4;MUXF7=1"
154,0.440,5.000,4.589,1.286,3.303,0.720,6,"FSM_onehot_st_q_reg[18]/C","lane_result_q_reg[2][41]/D","P2 lane result capture","FDCE=2;LUT3=1;LUT6=4;MUXF7=1"
155,0.440,5.000,4.589,1.286,3.303,0.720,6,"FSM_onehot_st_q_reg[18]/C","lane_result_q_reg[2][42]/D","P2 lane result capture","FDCE=2;LUT3=1;LUT6=4;MUXF7=1"
156,0.440,5.000,4.589,1.286,3.303,0.720,6,"FSM_onehot_st_q_reg[18]/C","lane_result_q_reg[2][43]/D","P2 lane result capture","FDCE=2;LUT3=1;LUT6=4;MUXF7=1"
157,0.440,5.000,4.589,1.286,3.303,0.720,6,"FSM_onehot_st_q_reg[18]/C","lane_result_q_reg[2][44]/D","P2 lane result capture","FDCE=2;LUT3=1;LUT6=4;MUXF7=1"
158,0.440,5.000,4.589,1.286,3.303,0.720,6,"FSM_onehot_st_q_reg[18]/C","lane_result_q_reg[2][45]/D","P2 lane result capture","FDCE=2;LUT3=1;LUT6=4;MUXF7=1"
159,0.440,5.000,4.589,1.286,3.303,0.720,6,"FSM_onehot_st_q_reg[18]/C","lane_result_q_reg[2][46]/D","P2 lane result capture","FDCE=2;LUT3=1;LUT6=4;MUXF7=1"
160,0.440,5.000,4.589,1.286,3.303,0.720,6,"FSM_onehot_st_q_reg[18]/C","lane_result_q_reg[2][47]/D","P2 lane result capture","FDCE=2;LUT3=1;LUT6=4;MUXF7=1"
161,0.440,5.000,4.589,1.286,3.303,0.720,6,"FSM_onehot_st_q_reg[18]/C","lane_result_q_reg[2][4]/D","P2 lane result capture","FDCE=2;LUT3=1;LUT6=4;MUXF7=1"
162,0.440,5.000,4.589,1.286,3.303,0.720,6,"FSM_onehot_st_q_reg[18]/C","lane_result_q_reg[2][50]/D","P2 lane result capture","FDCE=2;LUT3=1;LUT6=4;MUXF7=1"
163,0.440,5.000,4.589,1.286,3.303,0.720,6,"FSM_onehot_st_q_reg[18]/C","lane_result_q_reg[2][51]/D","P2 lane result capture","FDCE=2;LUT3=1;LUT6=4;MUXF7=1"
164,0.440,5.000,4.589,1.286,3.303,0.720,6,"FSM_onehot_st_q_reg[18]/C","lane_result_q_reg[2][52]/D","P2 lane result capture","FDCE=2;LUT3=1;LUT6=4;MUXF7=1"
165,0.440,5.000,4.589,1.286,3.303,0.720,6,"FSM_onehot_st_q_reg[18]/C","lane_result_q_reg[2][53]/D","P2 lane result capture","FDCE=2;LUT3=1;LUT6=4;MUXF7=1"
166,0.440,5.000,4.589,1.286,3.303,0.720,6,"FSM_onehot_st_q_reg[18]/C","lane_result_q_reg[2][54]/D","P2 lane result capture","FDCE=2;LUT3=1;LUT6=4;MUXF7=1"
167,0.440,5.000,4.589,1.286,3.303,0.720,6,"FSM_onehot_st_q_reg[18]/C","lane_result_q_reg[2][55]/D","P2 lane result capture","FDCE=2;LUT3=1;LUT6=4;MUXF7=1"
168,0.440,5.000,4.589,1.286,3.303,0.720,6,"FSM_onehot_st_q_reg[18]/C","lane_result_q_reg[2][56]/D","P2 lane result capture","FDCE=2;LUT3=1;LUT6=4;MUXF7=1"
169,0.440,5.000,4.589,1.286,3.303,0.720,6,"FSM_onehot_st_q_reg[18]/C","lane_result_q_reg[2][57]/D","P2 lane result capture","FDCE=2;LUT3=1;LUT6=4;MUXF7=1"
170,0.440,5.000,4.589,1.286,3.303,0.720,6,"FSM_onehot_st_q_reg[18]/C","lane_result_q_reg[2][58]/D","P2 lane result capture","FDCE=2;LUT3=1;LUT6=4;MUXF7=1"
171,0.440,5.000,4.589,1.286,3.303,0.720,6,"FSM_onehot_st_q_reg[18]/C","lane_result_q_reg[2][59]/D","P2 lane result capture","FDCE=2;LUT3=1;LUT6=4;MUXF7=1"
172,0.440,5.000,4.589,1.286,3.303,0.720,6,"FSM_onehot_st_q_reg[18]/C","lane_result_q_reg[2][5]/D","P2 lane result capture","FDCE=2;LUT3=1;LUT6=4;MUXF7=1"
173,0.440,5.000,4.589,1.286,3.303,0.720,6,"FSM_onehot_st_q_reg[18]/C","lane_result_q_reg[2][60]/D","P2 lane result capture","FDCE=2;LUT3=1;LUT6=4;MUXF7=1"
174,0.440,5.000,4.589,1.286,3.303,0.720,6,"FSM_onehot_st_q_reg[18]/C","lane_result_q_reg[2][61]/D","P2 lane result capture","FDCE=2;LUT3=1;LUT6=4;MUXF7=1"
175,0.440,5.000,4.589,1.286,3.303,0.720,6,"FSM_onehot_st_q_reg[18]/C","lane_result_q_reg[2][62]/D","P2 lane result capture","FDCE=2;LUT3=1;LUT6=4;MUXF7=1"
176,0.440,5.000,4.589,1.286,3.303,0.720,6,"FSM_onehot_st_q_reg[18]/C","lane_result_q_reg[2][63]/D","P2 lane result capture","FDCE=2;LUT3=1;LUT6=4;MUXF7=1"
177,0.440,5.000,4.589,1.286,3.303,0.720,6,"FSM_onehot_st_q_reg[18]/C","lane_result_q_reg[2][6]/D","P2 lane result capture","FDCE=2;LUT3=1;LUT6=4;MUXF7=1"
178,0.440,5.000,4.589,1.286,3.303,0.720,6,"FSM_onehot_st_q_reg[18]/C","lane_result_q_reg[2][7]/D","P2 lane result capture","FDCE=2;LUT3=1;LUT6=4;MUXF7=1"
179,0.440,5.000,4.589,1.286,3.303,0.720,6,"FSM_onehot_st_q_reg[18]/C","lane_result_q_reg[2][8]/D","P2 lane result capture","FDCE=2;LUT3=1;LUT6=4;MUXF7=1"
180,0.440,5.000,4.589,1.286,3.303,0.720,6,"FSM_onehot_st_q_reg[18]/C","lane_result_q_reg[2][9]/D","P2 lane result capture","FDCE=2;LUT3=1;LUT6=4;MUXF7=1"
181,0.440,5.000,4.589,1.286,3.303,0.720,6,"FSM_onehot_st_q_reg[18]/C","lane_result_q_reg[3][10]/D","P2 lane result capture","FDCE=2;LUT3=1;LUT6=4;MUXF7=1"
182,0.440,5.000,4.589,1.286,3.303,0.720,6,"FSM_onehot_st_q_reg[18]/C","lane_result_q_reg[3][11]/D","P2 lane result capture","FDCE=2;LUT3=1;LUT6=4;MUXF7=1"
183,0.440,5.000,4.589,1.286,3.303,0.720,6,"FSM_onehot_st_q_reg[18]/C","lane_result_q_reg[3][12]/D","P2 lane result capture","FDCE=2;LUT3=1;LUT6=4;MUXF7=1"
184,0.440,5.000,4.589,1.286,3.303,0.720,6,"FSM_onehot_st_q_reg[18]/C","lane_result_q_reg[3][13]/D","P2 lane result capture","FDCE=2;LUT3=1;LUT6=4;MUXF7=1"
185,0.440,5.000,4.589,1.286,3.303,0.720,6,"FSM_onehot_st_q_reg[18]/C","lane_result_q_reg[3][14]/D","P2 lane result capture","FDCE=2;LUT3=1;LUT6=4;MUXF7=1"
186,0.440,5.000,4.589,1.286,3.303,0.720,6,"FSM_onehot_st_q_reg[18]/C","lane_result_q_reg[3][15]/D","P2 lane result capture","FDCE=2;LUT3=1;LUT6=4;MUXF7=1"
187,0.440,5.000,4.589,1.286,3.303,0.720,6,"FSM_onehot_st_q_reg[18]/C","lane_result_q_reg[3][18]/D","P2 lane result capture","FDCE=2;LUT3=1;LUT6=4;MUXF7=1"
188,0.440,5.000,4.589,1.286,3.303,0.720,6,"FSM_onehot_st_q_reg[18]/C","lane_result_q_reg[3][19]/D","P2 lane result capture","FDCE=2;LUT3=1;LUT6=4;MUXF7=1"
189,0.440,5.000,4.589,1.286,3.303,0.720,6,"FSM_onehot_st_q_reg[18]/C","lane_result_q_reg[3][20]/D","P2 lane result capture","FDCE=2;LUT3=1;LUT6=4;MUXF7=1"
190,0.440,5.000,4.589,1.286,3.303,0.720,6,"FSM_onehot_st_q_reg[18]/C","lane_result_q_reg[3][21]/D","P2 lane result capture","FDCE=2;LUT3=1;LUT6=4;MUXF7=1"
191,0.440,5.000,4.589,1.286,3.303,0.720,6,"FSM_onehot_st_q_reg[18]/C","lane_result_q_reg[3][22]/D","P2 lane result capture","FDCE=2;LUT3=1;LUT6=4;MUXF7=1"
192,0.440,5.000,4.589,1.286,3.303,0.720,6,"FSM_onehot_st_q_reg[18]/C","lane_result_q_reg[3][23]/D","P2 lane result capture","FDCE=2;LUT3=1;LUT6=4;MUXF7=1"
193,0.440,5.000,4.589,1.286,3.303,0.720,6,"FSM_onehot_st_q_reg[18]/C","lane_result_q_reg[3][24]/D","P2 lane result capture","FDCE=2;LUT3=1;LUT6=4;MUXF7=1"
194,0.440,5.000,4.589,1.286,3.303,0.720,6,"FSM_onehot_st_q_reg[18]/C","lane_result_q_reg[3][25]/D","P2 lane result capture","FDCE=2;LUT3=1;LUT6=4;MUXF7=1"
195,0.440,5.000,4.589,1.286,3.303,0.720,6,"FSM_onehot_st_q_reg[18]/C","lane_result_q_reg[3][26]/D","P2 lane result capture","FDCE=2;LUT3=1;LUT6=4;MUXF7=1"
196,0.440,5.000,4.589,1.286,3.303,0.720,6,"FSM_onehot_st_q_reg[18]/C","lane_result_q_reg[3][27]/D","P2 lane result capture","FDCE=2;LUT3=1;LUT6=4;MUXF7=1"
197,0.440,5.000,4.589,1.286,3.303,0.720,6,"FSM_onehot_st_q_reg[18]/C","lane_result_q_reg[3][28]/D","P2 lane result capture","FDCE=2;LUT3=1;LUT6=4;MUXF7=1"
198,0.440,5.000,4.589,1.286,3.303,0.720,6,"FSM_onehot_st_q_reg[18]/C","lane_result_q_reg[3][29]/D","P2 lane result capture","FDCE=2;LUT3=1;LUT6=4;MUXF7=1"
199,0.440,5.000,4.589,1.286,3.303,0.720,6,"FSM_onehot_st_q_reg[18]/C","lane_result_q_reg[3][2]/D","P2 lane result capture","FDCE=2;LUT3=1;LUT6=4;MUXF7=1"
200,0.440,5.000,4.589,1.286,3.303,0.720,6,"FSM_onehot_st_q_reg[18]/C","lane_result_q_reg[3][30]/D","P2 lane result capture","FDCE=2;LUT3=1;LUT6=4;MUXF7=1"
201,0.440,5.000,4.589,1.286,3.303,0.720,6,"FSM_onehot_st_q_reg[18]/C","lane_result_q_reg[3][31]/D","P2 lane result capture","FDCE=2;LUT3=1;LUT6=4;MUXF7=1"
202,0.440,5.000,4.589,1.286,3.303,0.720,6,"FSM_onehot_st_q_reg[18]/C","lane_result_q_reg[3][3]/D","P2 lane result capture","FDCE=2;LUT3=1;LUT6=4;MUXF7=1"
203,0.440,5.000,4.589,1.286,3.303,0.720,6,"FSM_onehot_st_q_reg[18]/C","lane_result_q_reg[3][4]/D","P2 lane result capture","FDCE=2;LUT3=1;LUT6=4;MUXF7=1"
204,0.440,5.000,4.589,1.286,3.303,0.720,6,"FSM_onehot_st_q_reg[18]/C","lane_result_q_reg[3][5]/D","P2 lane result capture","FDCE=2;LUT3=1;LUT6=4;MUXF7=1"
205,0.440,5.000,4.589,1.286,3.303,0.720,6,"FSM_onehot_st_q_reg[18]/C","lane_result_q_reg[3][6]/D","P2 lane result capture","FDCE=2;LUT3=1;LUT6=4;MUXF7=1"
206,0.440,5.000,4.589,1.286,3.303,0.720,6,"FSM_onehot_st_q_reg[18]/C","lane_result_q_reg[3][7]/D","P2 lane result capture","FDCE=2;LUT3=1;LUT6=4;MUXF7=1"
207,0.440,5.000,4.589,1.286,3.303,0.720,6,"FSM_onehot_st_q_reg[18]/C","lane_result_q_reg[3][8]/D","P2 lane result capture","FDCE=2;LUT3=1;LUT6=4;MUXF7=1"
208,0.440,5.000,4.589,1.286,3.303,0.720,6,"FSM_onehot_st_q_reg[18]/C","lane_result_q_reg[3][9]/D","P2 lane result capture","FDCE=2;LUT3=1;LUT6=4;MUXF7=1"
209,0.446,5.000,4.583,1.286,3.297,0.719,6,"FSM_onehot_st_q_reg[18]/C","lane_result_q_reg[0][10]/D","P2 lane result capture","FDCE=2;LUT3=1;LUT6=4;MUXF7=1"
210,0.446,5.000,4.583,1.286,3.297,0.719,6,"FSM_onehot_st_q_reg[18]/C","lane_result_q_reg[0][11]/D","P2 lane result capture","FDCE=2;LUT3=1;LUT6=4;MUXF7=1"
211,0.446,5.000,4.583,1.286,3.297,0.719,6,"FSM_onehot_st_q_reg[18]/C","lane_result_q_reg[0][12]/D","P2 lane result capture","FDCE=2;LUT3=1;LUT6=4;MUXF7=1"
212,0.446,5.000,4.583,1.286,3.297,0.719,6,"FSM_onehot_st_q_reg[18]/C","lane_result_q_reg[0][13]/D","P2 lane result capture","FDCE=2;LUT3=1;LUT6=4;MUXF7=1"
213,0.446,5.000,4.583,1.286,3.297,0.719,6,"FSM_onehot_st_q_reg[18]/C","lane_result_q_reg[0][14]/D","P2 lane result capture","FDCE=2;LUT3=1;LUT6=4;MUXF7=1"
214,0.446,5.000,4.583,1.286,3.297,0.719,6,"FSM_onehot_st_q_reg[18]/C","lane_result_q_reg[0][15]/D","P2 lane result capture","FDCE=2;LUT3=1;LUT6=4;MUXF7=1"
215,0.446,5.000,4.583,1.286,3.297,0.719,6,"FSM_onehot_st_q_reg[18]/C","lane_result_q_reg[0][2]/D","P2 lane result capture","FDCE=2;LUT3=1;LUT6=4;MUXF7=1"
216,0.446,5.000,4.583,1.286,3.297,0.719,6,"FSM_onehot_st_q_reg[18]/C","lane_result_q_reg[0][3]/D","P2 lane result capture","FDCE=2;LUT3=1;LUT6=4;MUXF7=1"
217,0.446,5.000,4.583,1.286,3.297,0.719,6,"FSM_onehot_st_q_reg[18]/C","lane_result_q_reg[0][4]/D","P2 lane result capture","FDCE=2;LUT3=1;LUT6=4;MUXF7=1"
218,0.446,5.000,4.583,1.286,3.297,0.719,6,"FSM_onehot_st_q_reg[18]/C","lane_result_q_reg[0][5]/D","P2 lane result capture","FDCE=2;LUT3=1;LUT6=4;MUXF7=1"
219,0.446,5.000,4.583,1.286,3.297,0.719,6,"FSM_onehot_st_q_reg[18]/C","lane_result_q_reg[0][6]/D","P2 lane result capture","FDCE=2;LUT3=1;LUT6=4;MUXF7=1"
220,0.446,5.000,4.583,1.286,3.297,0.719,6,"FSM_onehot_st_q_reg[18]/C","lane_result_q_reg[0][7]/D","P2 lane result capture","FDCE=2;LUT3=1;LUT6=4;MUXF7=1"
221,0.446,5.000,4.583,1.286,3.297,0.719,6,"FSM_onehot_st_q_reg[18]/C","lane_result_q_reg[0][8]/D","P2 lane result capture","FDCE=2;LUT3=1;LUT6=4;MUXF7=1"
222,0.446,5.000,4.583,1.286,3.297,0.719,6,"FSM_onehot_st_q_reg[18]/C","lane_result_q_reg[0][9]/D","P2 lane result capture","FDCE=2;LUT3=1;LUT6=4;MUXF7=1"
223,0.446,5.000,4.583,1.286,3.297,0.719,6,"FSM_onehot_st_q_reg[18]/C","lane_result_q_reg[3][34]/D","P2 lane result capture","FDCE=2;LUT3=1;LUT6=4;MUXF7=1"
224,0.446,5.000,4.583,1.286,3.297,0.719,6,"FSM_onehot_st_q_reg[18]/C","lane_result_q_reg[3][35]/D","P2 lane result capture","FDCE=2;LUT3=1;LUT6=4;MUXF7=1"
225,0.446,5.000,4.583,1.286,3.297,0.719,6,"FSM_onehot_st_q_reg[18]/C","lane_result_q_reg[3][36]/D","P2 lane result capture","FDCE=2;LUT3=1;LUT6=4;MUXF7=1"
226,0.446,5.000,4.583,1.286,3.297,0.719,6,"FSM_onehot_st_q_reg[18]/C","lane_result_q_reg[3][37]/D","P2 lane result capture","FDCE=2;LUT3=1;LUT6=4;MUXF7=1"
227,0.446,5.000,4.583,1.286,3.297,0.719,6,"FSM_onehot_st_q_reg[18]/C","lane_result_q_reg[3][38]/D","P2 lane result capture","FDCE=2;LUT3=1;LUT6=4;MUXF7=1"
228,0.446,5.000,4.583,1.286,3.297,0.719,6,"FSM_onehot_st_q_reg[18]/C","lane_result_q_reg[3][39]/D","P2 lane result capture","FDCE=2;LUT3=1;LUT6=4;MUXF7=1"
229,0.446,5.000,4.583,1.286,3.297,0.719,6,"FSM_onehot_st_q_reg[18]/C","lane_result_q_reg[3][40]/D","P2 lane result capture","FDCE=2;LUT3=1;LUT6=4;MUXF7=1"
230,0.446,5.000,4.583,1.286,3.297,0.719,6,"FSM_onehot_st_q_reg[18]/C","lane_result_q_reg[3][41]/D","P2 lane result capture","FDCE=2;LUT3=1;LUT6=4;MUXF7=1"
231,0.446,5.000,4.583,1.286,3.297,0.719,6,"FSM_onehot_st_q_reg[18]/C","lane_result_q_reg[3][42]/D","P2 lane result capture","FDCE=2;LUT3=1;LUT6=4;MUXF7=1"
232,0.446,5.000,4.583,1.286,3.297,0.719,6,"FSM_onehot_st_q_reg[18]/C","lane_result_q_reg[3][43]/D","P2 lane result capture","FDCE=2;LUT3=1;LUT6=4;MUXF7=1"
233,0.446,5.000,4.583,1.286,3.297,0.719,6,"FSM_onehot_st_q_reg[18]/C","lane_result_q_reg[3][44]/D","P2 lane result capture","FDCE=2;LUT3=1;LUT6=4;MUXF7=1"
234,0.446,5.000,4.583,1.286,3.297,0.719,6,"FSM_onehot_st_q_reg[18]/C","lane_result_q_reg[3][45]/D","P2 lane result capture","FDCE=2;LUT3=1;LUT6=4;MUXF7=1"
235,0.446,5.000,4.583,1.286,3.297,0.719,6,"FSM_onehot_st_q_reg[18]/C","lane_result_q_reg[3][46]/D","P2 lane result capture","FDCE=2;LUT3=1;LUT6=4;MUXF7=1"
236,0.446,5.000,4.583,1.286,3.297,0.719,6,"FSM_onehot_st_q_reg[18]/C","lane_result_q_reg[3][47]/D","P2 lane result capture","FDCE=2;LUT3=1;LUT6=4;MUXF7=1"
237,0.453,5.000,4.576,1.286,3.290,0.719,6,"FSM_onehot_st_q_reg[18]/C","lane_result_q_reg[3][50]/D","P2 lane result capture","FDCE=2;LUT3=1;LUT6=4;MUXF7=1"
238,0.453,5.000,4.576,1.286,3.290,0.719,6,"FSM_onehot_st_q_reg[18]/C","lane_result_q_reg[3][51]/D","P2 lane result capture","FDCE=2;LUT3=1;LUT6=4;MUXF7=1"
239,0.453,5.000,4.576,1.286,3.290,0.719,6,"FSM_onehot_st_q_reg[18]/C","lane_result_q_reg[3][52]/D","P2 lane result capture","FDCE=2;LUT3=1;LUT6=4;MUXF7=1"
240,0.453,5.000,4.576,1.286,3.290,0.719,6,"FSM_onehot_st_q_reg[18]/C","lane_result_q_reg[3][53]/D","P2 lane result capture","FDCE=2;LUT3=1;LUT6=4;MUXF7=1"
241,0.453,5.000,4.576,1.286,3.290,0.719,6,"FSM_onehot_st_q_reg[18]/C","lane_result_q_reg[3][54]/D","P2 lane result capture","FDCE=2;LUT3=1;LUT6=4;MUXF7=1"
242,0.453,5.000,4.576,1.286,3.290,0.719,6,"FSM_onehot_st_q_reg[18]/C","lane_result_q_reg[3][55]/D","P2 lane result capture","FDCE=2;LUT3=1;LUT6=4;MUXF7=1"
243,0.453,5.000,4.576,1.286,3.290,0.719,6,"FSM_onehot_st_q_reg[18]/C","lane_result_q_reg[3][56]/D","P2 lane result capture","FDCE=2;LUT3=1;LUT6=4;MUXF7=1"
244,0.453,5.000,4.576,1.286,3.290,0.719,6,"FSM_onehot_st_q_reg[18]/C","lane_result_q_reg[3][57]/D","P2 lane result capture","FDCE=2;LUT3=1;LUT6=4;MUXF7=1"
245,0.453,5.000,4.576,1.286,3.290,0.719,6,"FSM_onehot_st_q_reg[18]/C","lane_result_q_reg[3][58]/D","P2 lane result capture","FDCE=2;LUT3=1;LUT6=4;MUXF7=1"
246,0.453,5.000,4.576,1.286,3.290,0.719,6,"FSM_onehot_st_q_reg[18]/C","lane_result_q_reg[3][59]/D","P2 lane result capture","FDCE=2;LUT3=1;LUT6=4;MUXF7=1"
247,0.453,5.000,4.576,1.286,3.290,0.719,6,"FSM_onehot_st_q_reg[18]/C","lane_result_q_reg[3][60]/D","P2 lane result capture","FDCE=2;LUT3=1;LUT6=4;MUXF7=1"
248,0.453,5.000,4.576,1.286,3.290,0.719,6,"FSM_onehot_st_q_reg[18]/C","lane_result_q_reg[3][61]/D","P2 lane result capture","FDCE=2;LUT3=1;LUT6=4;MUXF7=1"
249,0.453,5.000,4.576,1.286,3.290,0.719,6,"FSM_onehot_st_q_reg[18]/C","lane_result_q_reg[3][62]/D","P2 lane result capture","FDCE=2;LUT3=1;LUT6=4;MUXF7=1"
250,0.453,5.000,4.576,1.286,3.290,0.719,6,"FSM_onehot_st_q_reg[18]/C","lane_result_q_reg[3][63]/D","P2 lane result capture","FDCE=2;LUT3=1;LUT6=4;MUXF7=1"
251,0.472,5.000,4.557,1.286,3.271,0.718,6,"FSM_onehot_st_q_reg[18]/C","lane_result_q_reg[0][16]/D","P2 lane result capture","FDCE=2;LUT3=1;LUT6=4;MUXF7=1"
252,0.472,5.000,4.557,1.286,3.271,0.718,6,"FSM_onehot_st_q_reg[18]/C","lane_result_q_reg[0][17]/D","P2 lane result capture","FDCE=2;LUT3=1;LUT6=4;MUXF7=1"
253,0.472,5.000,4.557,1.286,3.271,0.718,6,"FSM_onehot_st_q_reg[18]/C","lane_result_q_reg[0][32]/D","P2 lane result capture","FDCE=2;LUT3=1;LUT6=4;MUXF7=1"
254,0.472,5.000,4.557,1.286,3.271,0.718,6,"FSM_onehot_st_q_reg[18]/C","lane_result_q_reg[0][33]/D","P2 lane result capture","FDCE=2;LUT3=1;LUT6=4;MUXF7=1"
255,0.472,5.000,4.557,1.286,3.271,0.718,6,"FSM_onehot_st_q_reg[18]/C","lane_result_q_reg[0][48]/D","P2 lane result capture","FDCE=2;LUT3=1;LUT6=4;MUXF7=1"
256,0.472,5.000,4.557,1.286,3.271,0.718,6,"FSM_onehot_st_q_reg[18]/C","lane_result_q_reg[0][49]/D","P2 lane result capture","FDCE=2;LUT3=1;LUT6=4;MUXF7=1"
257,0.472,5.000,4.557,1.286,3.271,0.718,6,"FSM_onehot_st_q_reg[18]/C","lane_result_q_reg[1][0]/D","P2 lane result capture","FDCE=2;LUT3=1;LUT6=4;MUXF7=1"
258,0.472,5.000,4.557,1.286,3.271,0.718,6,"FSM_onehot_st_q_reg[18]/C","lane_result_q_reg[1][16]/D","P2 lane result capture","FDCE=2;LUT3=1;LUT6=4;MUXF7=1"
259,0.472,5.000,4.557,1.286,3.271,0.718,6,"FSM_onehot_st_q_reg[18]/C","lane_result_q_reg[1][17]/D","P2 lane result capture","FDCE=2;LUT3=1;LUT6=4;MUXF7=1"
260,0.472,5.000,4.557,1.286,3.271,0.718,6,"FSM_onehot_st_q_reg[18]/C","lane_result_q_reg[1][1]/D","P2 lane result capture","FDCE=2;LUT3=1;LUT6=4;MUXF7=1"
261,0.472,5.000,4.557,1.286,3.271,0.718,6,"FSM_onehot_st_q_reg[18]/C","lane_result_q_reg[1][32]/D","P2 lane result capture","FDCE=2;LUT3=1;LUT6=4;MUXF7=1"
262,0.472,5.000,4.557,1.286,3.271,0.718,6,"FSM_onehot_st_q_reg[18]/C","lane_result_q_reg[1][33]/D","P2 lane result capture","FDCE=2;LUT3=1;LUT6=4;MUXF7=1"
263,0.472,5.000,4.557,1.286,3.271,0.718,6,"FSM_onehot_st_q_reg[18]/C","lane_result_q_reg[1][48]/D","P2 lane result capture","FDCE=2;LUT3=1;LUT6=4;MUXF7=1"
264,0.472,5.000,4.557,1.286,3.271,0.718,6,"FSM_onehot_st_q_reg[18]/C","lane_result_q_reg[1][49]/D","P2 lane result capture","FDCE=2;LUT3=1;LUT6=4;MUXF7=1"
265,0.472,5.000,4.557,1.286,3.271,0.718,6,"FSM_onehot_st_q_reg[18]/C","lane_result_q_reg[2][0]/D","P2 lane result capture","FDCE=2;LUT3=1;LUT6=4;MUXF7=1"
266,0.472,5.000,4.557,1.286,3.271,0.718,6,"FSM_onehot_st_q_reg[18]/C","lane_result_q_reg[2][16]/D","P2 lane result capture","FDCE=2;LUT3=1;LUT6=4;MUXF7=1"
267,0.472,5.000,4.557,1.286,3.271,0.718,6,"FSM_onehot_st_q_reg[18]/C","lane_result_q_reg[2][17]/D","P2 lane result capture","FDCE=2;LUT3=1;LUT6=4;MUXF7=1"
268,0.472,5.000,4.557,1.286,3.271,0.718,6,"FSM_onehot_st_q_reg[18]/C","lane_result_q_reg[2][1]/D","P2 lane result capture","FDCE=2;LUT3=1;LUT6=4;MUXF7=1"
269,0.472,5.000,4.557,1.286,3.271,0.718,6,"FSM_onehot_st_q_reg[18]/C","lane_result_q_reg[2][32]/D","P2 lane result capture","FDCE=2;LUT3=1;LUT6=4;MUXF7=1"
270,0.472,5.000,4.557,1.286,3.271,0.718,6,"FSM_onehot_st_q_reg[18]/C","lane_result_q_reg[2][33]/D","P2 lane result capture","FDCE=2;LUT3=1;LUT6=4;MUXF7=1"
271,0.472,5.000,4.557,1.286,3.271,0.718,6,"FSM_onehot_st_q_reg[18]/C","lane_result_q_reg[2][48]/D","P2 lane result capture","FDCE=2;LUT3=1;LUT6=4;MUXF7=1"
272,0.472,5.000,4.557,1.286,3.271,0.718,6,"FSM_onehot_st_q_reg[18]/C","lane_result_q_reg[2][49]/D","P2 lane result capture","FDCE=2;LUT3=1;LUT6=4;MUXF7=1"
273,0.472,5.000,4.557,1.286,3.271,0.718,6,"FSM_onehot_st_q_reg[18]/C","lane_result_q_reg[3][0]/D","P2 lane result capture","FDCE=2;LUT3=1;LUT6=4;MUXF7=1"
274,0.472,5.000,4.557,1.286,3.271,0.718,6,"FSM_onehot_st_q_reg[18]/C","lane_result_q_reg[3][16]/D","P2 lane result capture","FDCE=2;LUT3=1;LUT6=4;MUXF7=1"
275,0.472,5.000,4.557,1.286,3.271,0.718,6,"FSM_onehot_st_q_reg[18]/C","lane_result_q_reg[3][17]/D","P2 lane result capture","FDCE=2;LUT3=1;LUT6=4;MUXF7=1"
276,0.472,5.000,4.557,1.286,3.271,0.718,6,"FSM_onehot_st_q_reg[18]/C","lane_result_q_reg[3][1]/D","P2 lane result capture","FDCE=2;LUT3=1;LUT6=4;MUXF7=1"
277,0.478,5.000,4.551,1.286,3.265,0.717,6,"FSM_onehot_st_q_reg[18]/C","lane_result_q_reg[0][0]/D","P2 lane result capture","FDCE=2;LUT3=1;LUT6=4;MUXF7=1"
278,0.478,5.000,4.551,1.286,3.265,0.717,6,"FSM_onehot_st_q_reg[18]/C","lane_result_q_reg[0][1]/D","P2 lane result capture","FDCE=2;LUT3=1;LUT6=4;MUXF7=1"
279,0.478,5.000,4.551,1.286,3.265,0.717,6,"FSM_onehot_st_q_reg[18]/C","lane_result_q_reg[3][32]/D","P2 lane result capture","FDCE=2;LUT3=1;LUT6=4;MUXF7=1"
280,0.478,5.000,4.551,1.286,3.265,0.717,6,"FSM_onehot_st_q_reg[18]/C","lane_result_q_reg[3][33]/D","P2 lane result capture","FDCE=2;LUT3=1;LUT6=4;MUXF7=1"
281,0.479,5.000,4.547,2.093,2.454,0.540,6,"gen_lane[0].i_p2_pop_slice/popcount_part_q_o_reg[0][0]/C","group_dist_q_reg[6]/D","P2 popcount capture","CARRY4=3;FDCE=2;LUT3=2;LUT5=1"
282,0.485,5.000,4.544,1.286,3.258,0.717,6,"FSM_onehot_st_q_reg[18]/C","lane_result_q_reg[3][48]/D","P2 lane result capture","FDCE=2;LUT3=1;LUT6=4;MUXF7=1"
283,0.485,5.000,4.544,1.286,3.258,0.717,6,"FSM_onehot_st_q_reg[18]/C","lane_result_q_reg[3][49]/D","P2 lane result capture","FDCE=2;LUT3=1;LUT6=4;MUXF7=1"
284,0.600,5.000,4.426,2.168,2.258,0.510,7,"gen_lane[2].i_p2_pop_slice/popcount_part_q_o_reg[1][0]/C","group_dist_q_reg[5]/D","P2 popcount capture","CARRY4=3;FDCE=2;LUT3=2;LUT5=1;LUT6=1"
285,0.671,5.000,4.326,1.105,3.221,0.745,5,"gen_lane[0].i_p2_pop_slice/bool_result_q_reg[17]/C","gen_lane[0].i_p2_pop_slice/popcount_part_q_o_reg[0][4]/D","P2 popcount capture","FDCE=2;LUT3=1;LUT5=2;LUT6=2"
286,0.671,5.000,4.326,1.105,3.221,0.745,5,"gen_lane[0].i_p2_pop_slice/bool_result_q_reg[49]/C","gen_lane[0].i_p2_pop_slice/popcount_part_q_o_reg[1][4]/D","P2 popcount capture","FDCE=2;LUT3=1;LUT5=2;LUT6=2"
287,0.671,5.000,4.326,1.105,3.221,0.745,5,"gen_lane[1].i_p2_pop_slice/bool_result_q_reg[17]/C","gen_lane[1].i_p2_pop_slice/popcount_part_q_o_reg[0][4]/D","P2 popcount capture","FDCE=2;LUT3=1;LUT5=2;LUT6=2"
288,0.671,5.000,4.326,1.105,3.221,0.745,5,"gen_lane[1].i_p2_pop_slice/bool_result_q_reg[49]/C","gen_lane[1].i_p2_pop_slice/popcount_part_q_o_reg[1][4]/D","P2 popcount capture","FDCE=2;LUT3=1;LUT5=2;LUT6=2"
289,0.671,5.000,4.326,1.105,3.221,0.745,5,"gen_lane[2].i_p2_pop_slice/bool_result_q_reg[17]/C","gen_lane[2].i_p2_pop_slice/popcount_part_q_o_reg[0][4]/D","P2 popcount capture","FDCE=2;LUT3=1;LUT5=2;LUT6=2"
290,0.671,5.000,4.326,1.105,3.221,0.745,5,"gen_lane[2].i_p2_pop_slice/bool_result_q_reg[49]/C","gen_lane[2].i_p2_pop_slice/popcount_part_q_o_reg[1][4]/D","P2 popcount capture","FDCE=2;LUT3=1;LUT5=2;LUT6=2"
291,0.671,5.000,4.326,1.105,3.221,0.745,5,"gen_lane[3].i_p2_pop_slice/bool_result_q_reg[17]/C","gen_lane[3].i_p2_pop_slice/popcount_part_q_o_reg[0][4]/D","P2 popcount capture","FDCE=2;LUT3=1;LUT5=2;LUT6=2"
292,0.671,5.000,4.326,1.105,3.221,0.745,5,"gen_lane[3].i_p2_pop_slice/bool_result_q_reg[49]/C","gen_lane[3].i_p2_pop_slice/popcount_part_q_o_reg[1][4]/D","P2 popcount capture","FDCE=2;LUT3=1;LUT5=2;LUT6=2"
293,0.680,5.000,4.346,2.088,2.258,0.520,7,"gen_lane[2].i_p2_pop_slice/popcount_part_q_o_reg[1][0]/C","group_dist_q_reg[4]/D","P2 popcount capture","CARRY4=3;FDCE=2;LUT3=2;LUT5=1;LUT6=1"
294,0.902,5.000,4.124,1.864,2.260,0.548,5,"gen_lane[2].i_p2_pop_slice/popcount_part_q_o_reg[1][0]/C","group_dist_q_reg[3]/D","P2 popcount capture","CARRY4=2;FDCE=2;LUT3=2;LUT5=1"
295,1.128,5.000,3.869,1.000,2.869,0.742,4,"gen_lane[0].i_p2_pop_slice/bool_result_q_reg[17]/C","gen_lane[0].i_p2_pop_slice/popcount_part_q_o_reg[0][1]/D","P2 popcount capture","FDCE=2;LUT3=1;LUT5=2;LUT6=1"
296,1.128,5.000,3.869,1.000,2.869,0.742,4,"gen_lane[0].i_p2_pop_slice/bool_result_q_reg[49]/C","gen_lane[0].i_p2_pop_slice/popcount_part_q_o_reg[1][1]/D","P2 popcount capture","FDCE=2;LUT3=1;LUT5=2;LUT6=1"
297,1.128,5.000,3.869,1.000,2.869,0.742,4,"gen_lane[1].i_p2_pop_slice/bool_result_q_reg[17]/C","gen_lane[1].i_p2_pop_slice/popcount_part_q_o_reg[0][1]/D","P2 popcount capture","FDCE=2;LUT3=1;LUT5=2;LUT6=1"
298,1.128,5.000,3.869,1.000,2.869,0.742,4,"gen_lane[1].i_p2_pop_slice/bool_result_q_reg[49]/C","gen_lane[1].i_p2_pop_slice/popcount_part_q_o_reg[1][1]/D","P2 popcount capture","FDCE=2;LUT3=1;LUT5=2;LUT6=1"
299,1.128,5.000,3.869,1.000,2.869,0.742,4,"gen_lane[2].i_p2_pop_slice/bool_result_q_reg[17]/C","gen_lane[2].i_p2_pop_slice/popcount_part_q_o_reg[0][1]/D","P2 popcount capture","FDCE=2;LUT3=1;LUT5=2;LUT6=1"
300,1.128,5.000,3.869,1.000,2.869,0.742,4,"gen_lane[2].i_p2_pop_slice/bool_result_q_reg[49]/C","gen_lane[2].i_p2_pop_slice/popcount_part_q_o_reg[1][1]/D","P2 popcount capture","FDCE=2;LUT3=1;LUT5=2;LUT6=1"
301,1.128,5.000,3.869,1.000,2.869,0.742,4,"gen_lane[3].i_p2_pop_slice/bool_result_q_reg[17]/C","gen_lane[3].i_p2_pop_slice/popcount_part_q_o_reg[0][1]/D","P2 popcount capture","FDCE=2;LUT3=1;LUT5=2;LUT6=1"
302,1.128,5.000,3.869,1.000,2.869,0.742,4,"gen_lane[3].i_p2_pop_slice/bool_result_q_reg[49]/C","gen_lane[3].i_p2_pop_slice/popcount_part_q_o_reg[1][1]/D","P2 popcount capture","FDCE=2;LUT3=1;LUT5=2;LUT6=1"
303,1.265,5.000,3.732,1.746,1.986,0.532,6,"a_q_reg[4]/C","FSM_onehot_st_q_reg[9]/D","TOP control","CARRY4=2;FDCE=2;LUT4=2;LUT6=2"
304,1.265,5.000,3.732,1.746,1.986,0.532,6,"a_q_reg[4]/C","res_q_reg[1]/D","scalar response","CARRY4=2;FDCE=2;LUT4=2;LUT6=2"
305,1.295,5.000,3.702,1.746,1.956,0.528,6,"a_q_reg[4]/C","FSM_onehot_st_q_reg[23]/D","TOP control","CARRY4=2;FDCE=2;LUT4=2;LUT5=2"
306,1.350,5.000,3.439,0.980,2.459,0.715,4,"a_q_reg[17]/C","ecc_leaf_prod_q_reg[0]/CE","other","FDCE=2;LUT4=1;LUT6=3"
307,1.350,5.000,3.439,0.980,2.459,0.715,4,"a_q_reg[17]/C","ecc_leaf_prod_q_reg[10]/CE","other","FDCE=2;LUT4=1;LUT6=3"
308,1.350,5.000,3.439,0.980,2.459,0.715,4,"a_q_reg[17]/C","ecc_leaf_prod_q_reg[11]/CE","other","FDCE=2;LUT4=1;LUT6=3"
309,1.350,5.000,3.439,0.980,2.459,0.715,4,"a_q_reg[17]/C","ecc_leaf_prod_q_reg[12]/CE","other","FDCE=2;LUT4=1;LUT6=3"
310,1.350,5.000,3.439,0.980,2.459,0.715,4,"a_q_reg[17]/C","ecc_leaf_prod_q_reg[13]/CE","other","FDCE=2;LUT4=1;LUT6=3"
311,1.350,5.000,3.439,0.980,2.459,0.715,4,"a_q_reg[17]/C","ecc_leaf_prod_q_reg[14]/CE","other","FDCE=2;LUT4=1;LUT6=3"
312,1.350,5.000,3.439,0.980,2.459,0.715,4,"a_q_reg[17]/C","ecc_leaf_prod_q_reg[15]/CE","other","FDCE=2;LUT4=1;LUT6=3"
313,1.350,5.000,3.439,0.980,2.459,0.715,4,"a_q_reg[17]/C","ecc_leaf_prod_q_reg[16]/CE","other","FDCE=2;LUT4=1;LUT6=3"
314,1.350,5.000,3.439,0.980,2.459,0.715,4,"a_q_reg[17]/C","ecc_leaf_prod_q_reg[17]/CE","other","FDCE=2;LUT4=1;LUT6=3"
315,1.350,5.000,3.439,0.980,2.459,0.715,4,"a_q_reg[17]/C","ecc_leaf_prod_q_reg[18]/CE","other","FDCE=2;LUT4=1;LUT6=3"
316,1.350,5.000,3.439,0.980,2.459,0.715,4,"a_q_reg[17]/C","ecc_leaf_prod_q_reg[19]/CE","other","FDCE=2;LUT4=1;LUT6=3"
317,1.350,5.000,3.439,0.980,2.459,0.715,4,"a_q_reg[17]/C","ecc_leaf_prod_q_reg[1]/CE","other","FDCE=2;LUT4=1;LUT6=3"
318,1.350,5.000,3.439,0.980,2.459,0.715,4,"a_q_reg[17]/C","ecc_leaf_prod_q_reg[20]/CE","other","FDCE=2;LUT4=1;LUT6=3"
319,1.350,5.000,3.439,0.980,2.459,0.715,4,"a_q_reg[17]/C","ecc_leaf_prod_q_reg[21]/CE","other","FDCE=2;LUT4=1;LUT6=3"
320,1.350,5.000,3.439,0.980,2.459,0.715,4,"a_q_reg[17]/C","ecc_leaf_prod_q_reg[22]/CE","other","FDCE=2;LUT4=1;LUT6=3"
321,1.350,5.000,3.439,0.980,2.459,0.715,4,"a_q_reg[17]/C","ecc_leaf_prod_q_reg[23]/CE","other","FDCE=2;LUT4=1;LUT6=3"
322,1.350,5.000,3.439,0.980,2.459,0.715,4,"a_q_reg[17]/C","ecc_leaf_prod_q_reg[24]/CE","other","FDCE=2;LUT4=1;LUT6=3"
323,1.350,5.000,3.439,0.980,2.459,0.715,4,"a_q_reg[17]/C","ecc_leaf_prod_q_reg[25]/CE","other","FDCE=2;LUT4=1;LUT6=3"
324,1.350,5.000,3.439,0.980,2.459,0.715,4,"a_q_reg[17]/C","ecc_leaf_prod_q_reg[26]/CE","other","FDCE=2;LUT4=1;LUT6=3"
325,1.350,5.000,3.439,0.980,2.459,0.715,4,"a_q_reg[17]/C","ecc_leaf_prod_q_reg[27]/CE","other","FDCE=2;LUT4=1;LUT6=3"
326,1.350,5.000,3.439,0.980,2.459,0.715,4,"a_q_reg[17]/C","ecc_leaf_prod_q_reg[28]/CE","other","FDCE=2;LUT4=1;LUT6=3"
327,1.350,5.000,3.439,0.980,2.459,0.715,4,"a_q_reg[17]/C","ecc_leaf_prod_q_reg[29]/CE","other","FDCE=2;LUT4=1;LUT6=3"
328,1.350,5.000,3.439,0.980,2.459,0.715,4,"a_q_reg[17]/C","ecc_leaf_prod_q_reg[2]/CE","other","FDCE=2;LUT4=1;LUT6=3"
329,1.350,5.000,3.439,0.980,2.459,0.715,4,"a_q_reg[17]/C","ecc_leaf_prod_q_reg[30]/CE","other","FDCE=2;LUT4=1;LUT6=3"
330,1.350,5.000,3.439,0.980,2.459,0.715,4,"a_q_reg[17]/C","ecc_leaf_prod_q_reg[31]/CE","other","FDCE=2;LUT4=1;LUT6=3"
331,1.350,5.000,3.439,0.980,2.459,0.715,4,"a_q_reg[17]/C","ecc_leaf_prod_q_reg[32]/CE","other","FDCE=2;LUT4=1;LUT6=3"
332,1.350,5.000,3.439,0.980,2.459,0.715,4,"a_q_reg[17]/C","ecc_leaf_prod_q_reg[33]/CE","other","FDCE=2;LUT4=1;LUT6=3"
333,1.350,5.000,3.439,0.980,2.459,0.715,4,"a_q_reg[17]/C","ecc_leaf_prod_q_reg[34]/CE","other","FDCE=2;LUT4=1;LUT6=3"
334,1.350,5.000,3.439,0.980,2.459,0.715,4,"a_q_reg[17]/C","ecc_leaf_prod_q_reg[35]/CE","other","FDCE=2;LUT4=1;LUT6=3"
335,1.350,5.000,3.439,0.980,2.459,0.715,4,"a_q_reg[17]/C","ecc_leaf_prod_q_reg[36]/CE","other","FDCE=2;LUT4=1;LUT6=3"
336,1.350,5.000,3.439,0.980,2.459,0.715,4,"a_q_reg[17]/C","ecc_leaf_prod_q_reg[37]/CE","other","FDCE=2;LUT4=1;LUT6=3"
337,1.350,5.000,3.439,0.980,2.459,0.715,4,"a_q_reg[17]/C","ecc_leaf_prod_q_reg[38]/CE","other","FDCE=2;LUT4=1;LUT6=3"
338,1.350,5.000,3.439,0.980,2.459,0.715,4,"a_q_reg[17]/C","ecc_leaf_prod_q_reg[39]/CE","other","FDCE=2;LUT4=1;LUT6=3"
339,1.350,5.000,3.439,0.980,2.459,0.715,4,"a_q_reg[17]/C","ecc_leaf_prod_q_reg[3]/CE","other","FDCE=2;LUT4=1;LUT6=3"
340,1.350,5.000,3.439,0.980,2.459,0.715,4,"a_q_reg[17]/C","ecc_leaf_prod_q_reg[40]/CE","other","FDCE=2;LUT4=1;LUT6=3"
341,1.350,5.000,3.439,0.980,2.459,0.715,4,"a_q_reg[17]/C","ecc_leaf_prod_q_reg[41]/CE","other","FDCE=2;LUT4=1;LUT6=3"
342,1.350,5.000,3.439,0.980,2.459,0.715,4,"a_q_reg[17]/C","ecc_leaf_prod_q_reg[42]/CE","other","FDCE=2;LUT4=1;LUT6=3"
343,1.350,5.000,3.439,0.980,2.459,0.715,4,"a_q_reg[17]/C","ecc_leaf_prod_q_reg[43]/CE","other","FDCE=2;LUT4=1;LUT6=3"
344,1.350,5.000,3.439,0.980,2.459,0.715,4,"a_q_reg[17]/C","ecc_leaf_prod_q_reg[44]/CE","other","FDCE=2;LUT4=1;LUT6=3"
345,1.350,5.000,3.439,0.980,2.459,0.715,4,"a_q_reg[17]/C","ecc_leaf_prod_q_reg[45]/CE","other","FDCE=2;LUT4=1;LUT6=3"
346,1.350,5.000,3.439,0.980,2.459,0.715,4,"a_q_reg[17]/C","ecc_leaf_prod_q_reg[46]/CE","other","FDCE=2;LUT4=1;LUT6=3"
347,1.350,5.000,3.439,0.980,2.459,0.715,4,"a_q_reg[17]/C","ecc_leaf_prod_q_reg[47]/CE","other","FDCE=2;LUT4=1;LUT6=3"
348,1.350,5.000,3.439,0.980,2.459,0.715,4,"a_q_reg[17]/C","ecc_leaf_prod_q_reg[48]/CE","other","FDCE=2;LUT4=1;LUT6=3"
349,1.350,5.000,3.439,0.980,2.459,0.715,4,"a_q_reg[17]/C","ecc_leaf_prod_q_reg[49]/CE","other","FDCE=2;LUT4=1;LUT6=3"
350,1.350,5.000,3.439,0.980,2.459,0.715,4,"a_q_reg[17]/C","ecc_leaf_prod_q_reg[4]/CE","other","FDCE=2;LUT4=1;LUT6=3"
351,1.350,5.000,3.439,0.980,2.459,0.715,4,"a_q_reg[17]/C","ecc_leaf_prod_q_reg[50]/CE","other","FDCE=2;LUT4=1;LUT6=3"
352,1.350,5.000,3.439,0.980,2.459,0.715,4,"a_q_reg[17]/C","ecc_leaf_prod_q_reg[51]/CE","other","FDCE=2;LUT4=1;LUT6=3"
353,1.350,5.000,3.439,0.980,2.459,0.715,4,"a_q_reg[17]/C","ecc_leaf_prod_q_reg[52]/CE","other","FDCE=2;LUT4=1;LUT6=3"
354,1.350,5.000,3.439,0.980,2.459,0.715,4,"a_q_reg[17]/C","ecc_leaf_prod_q_reg[53]/CE","other","FDCE=2;LUT4=1;LUT6=3"
355,1.350,5.000,3.439,0.980,2.459,0.715,4,"a_q_reg[17]/C","ecc_leaf_prod_q_reg[54]/CE","other","FDCE=2;LUT4=1;LUT6=3"
356,1.350,5.000,3.439,0.980,2.459,0.715,4,"a_q_reg[17]/C","ecc_leaf_prod_q_reg[55]/CE","other","FDCE=2;LUT4=1;LUT6=3"
357,1.350,5.000,3.439,0.980,2.459,0.715,4,"a_q_reg[17]/C","ecc_leaf_prod_q_reg[5]/CE","other","FDCE=2;LUT4=1;LUT6=3"
358,1.350,5.000,3.439,0.980,2.459,0.715,4,"a_q_reg[17]/C","ecc_leaf_prod_q_reg[6]/CE","other","FDCE=2;LUT4=1;LUT6=3"
359,1.350,5.000,3.439,0.980,2.459,0.715,4,"a_q_reg[17]/C","ecc_leaf_prod_q_reg[7]/CE","other","FDCE=2;LUT4=1;LUT6=3"
360,1.350,5.000,3.439,0.980,2.459,0.715,4,"a_q_reg[17]/C","ecc_leaf_prod_q_reg[8]/CE","other","FDCE=2;LUT4=1;LUT6=3"
361,1.350,5.000,3.439,0.980,2.459,0.715,4,"a_q_reg[17]/C","ecc_leaf_prod_q_reg[9]/CE","other","FDCE=2;LUT4=1;LUT6=3"
362,1.353,5.000,3.436,0.980,2.456,0.715,4,"a_q_reg[17]/C","ecc_leaf_prod_q_reg[56]/CE","other","FDCE=2;LUT4=1;LUT6=3"
363,1.353,5.000,3.436,0.980,2.456,0.715,4,"a_q_reg[17]/C","ecc_leaf_prod_q_reg[57]/CE","other","FDCE=2;LUT4=1;LUT6=3"
364,1.353,5.000,3.436,0.980,2.456,0.715,4,"a_q_reg[17]/C","ecc_leaf_prod_q_reg[58]/CE","other","FDCE=2;LUT4=1;LUT6=3"
365,1.353,5.000,3.436,0.980,2.456,0.715,4,"a_q_reg[17]/C","ecc_leaf_prod_q_reg[59]/CE","other","FDCE=2;LUT4=1;LUT6=3"
366,1.353,5.000,3.436,0.980,2.456,0.715,4,"a_q_reg[17]/C","ecc_leaf_prod_q_reg[60]/CE","other","FDCE=2;LUT4=1;LUT6=3"
367,1.353,5.000,3.436,0.980,2.456,0.715,4,"a_q_reg[17]/C","ecc_leaf_prod_q_reg[61]/CE","other","FDCE=2;LUT4=1;LUT6=3"
368,1.353,5.000,3.436,0.980,2.456,0.715,4,"a_q_reg[17]/C","ecc_leaf_prod_q_reg[62]/CE","other","FDCE=2;LUT4=1;LUT6=3"
369,1.372,5.000,3.417,1.085,2.332,0.682,5,"FSM_onehot_st_q_reg[13]/C","FSM_onehot_st_q_reg[0]/CE","TOP control","FDCE=2;LUT2=1;LUT4=1;LUT6=3"
370,1.372,5.000,3.417,1.085,2.332,0.682,5,"FSM_onehot_st_q_reg[13]/C","FSM_onehot_st_q_reg[10]/CE","TOP control","FDCE=2;LUT2=1;LUT4=1;LUT6=3"
371,1.372,5.000,3.417,1.085,2.332,0.682,5,"FSM_onehot_st_q_reg[13]/C","FSM_onehot_st_q_reg[11]/CE","TOP control","FDCE=2;LUT2=1;LUT4=1;LUT6=3"
372,1.372,5.000,3.417,1.085,2.332,0.682,5,"FSM_onehot_st_q_reg[13]/C","FSM_onehot_st_q_reg[12]/CE","TOP control","FDCE=2;LUT2=1;LUT4=1;LUT6=3"
373,1.372,5.000,3.417,1.085,2.332,0.682,5,"FSM_onehot_st_q_reg[13]/C","FSM_onehot_st_q_reg[13]/CE","TOP control","FDCE=1;LUT2=1;LUT4=1;LUT6=3"
374,1.372,5.000,3.417,1.085,2.332,0.682,5,"FSM_onehot_st_q_reg[13]/C","FSM_onehot_st_q_reg[14]/CE","TOP control","FDCE=2;LUT2=1;LUT4=1;LUT6=3"
375,1.372,5.000,3.417,1.085,2.332,0.682,5,"FSM_onehot_st_q_reg[13]/C","FSM_onehot_st_q_reg[15]/CE","TOP control","FDCE=2;LUT2=1;LUT4=1;LUT6=3"
376,1.372,5.000,3.417,1.085,2.332,0.682,5,"FSM_onehot_st_q_reg[13]/C","FSM_onehot_st_q_reg[16]/CE","TOP control","FDCE=2;LUT2=1;LUT4=1;LUT6=3"
377,1.372,5.000,3.417,1.085,2.332,0.682,5,"FSM_onehot_st_q_reg[13]/C","FSM_onehot_st_q_reg[17]/CE","TOP control","FDCE=2;LUT2=1;LUT4=1;LUT6=3"
378,1.372,5.000,3.417,1.085,2.332,0.682,5,"FSM_onehot_st_q_reg[13]/C","FSM_onehot_st_q_reg[18]/CE","TOP control","FDCE=2;LUT2=1;LUT4=1;LUT6=3"
379,1.372,5.000,3.417,1.085,2.332,0.682,5,"FSM_onehot_st_q_reg[13]/C","FSM_onehot_st_q_reg[19]/CE","TOP control","FDCE=2;LUT2=1;LUT4=1;LUT6=3"
380,1.372,5.000,3.417,1.085,2.332,0.682,5,"FSM_onehot_st_q_reg[13]/C","FSM_onehot_st_q_reg[1]/CE","TOP control","FDCE=2;LUT2=1;LUT4=1;LUT6=3"
381,1.372,5.000,3.417,1.085,2.332,0.682,5,"FSM_onehot_st_q_reg[13]/C","FSM_onehot_st_q_reg[1]_rep/CE","TOP control","FDCE=2;LUT2=1;LUT4=1;LUT6=3"
382,1.372,5.000,3.417,1.085,2.332,0.682,5,"FSM_onehot_st_q_reg[13]/C","FSM_onehot_st_q_reg[1]_rep__0/CE","TOP control","FDCE=2;LUT2=1;LUT4=1;LUT6=3"
383,1.372,5.000,3.417,1.085,2.332,0.682,5,"FSM_onehot_st_q_reg[13]/C","FSM_onehot_st_q_reg[1]_rep__1/CE","TOP control","FDCE=2;LUT2=1;LUT4=1;LUT6=3"
384,1.372,5.000,3.417,1.085,2.332,0.682,5,"FSM_onehot_st_q_reg[13]/C","FSM_onehot_st_q_reg[1]_rep__2/CE","TOP control","FDCE=2;LUT2=1;LUT4=1;LUT6=3"
385,1.372,5.000,3.417,1.085,2.332,0.682,5,"FSM_onehot_st_q_reg[13]/C","FSM_onehot_st_q_reg[1]_rep__3/CE","TOP control","FDCE=2;LUT2=1;LUT4=1;LUT6=3"
386,1.372,5.000,3.417,1.085,2.332,0.682,5,"FSM_onehot_st_q_reg[13]/C","FSM_onehot_st_q_reg[1]_rep__4/CE","TOP control","FDCE=2;LUT2=1;LUT4=1;LUT6=3"
387,1.372,5.000,3.417,1.085,2.332,0.682,5,"FSM_onehot_st_q_reg[13]/C","FSM_onehot_st_q_reg[1]_rep__5/CE","TOP control","FDCE=2;LUT2=1;LUT4=1;LUT6=3"
388,1.372,5.000,3.417,1.085,2.332,0.682,5,"FSM_onehot_st_q_reg[13]/C","FSM_onehot_st_q_reg[20]/CE","TOP control","FDCE=2;LUT2=1;LUT4=1;LUT6=3"
389,1.372,5.000,3.417,1.085,2.332,0.682,5,"FSM_onehot_st_q_reg[13]/C","FSM_onehot_st_q_reg[21]/CE","TOP control","FDCE=2;LUT2=1;LUT4=1;LUT6=3"
390,1.372,5.000,3.417,1.085,2.332,0.682,5,"FSM_onehot_st_q_reg[13]/C","FSM_onehot_st_q_reg[22]/CE","TOP control","FDCE=2;LUT2=1;LUT4=1;LUT6=3"
391,1.372,5.000,3.417,1.085,2.332,0.682,5,"FSM_onehot_st_q_reg[13]/C","FSM_onehot_st_q_reg[23]/CE","TOP control","FDCE=2;LUT2=1;LUT4=1;LUT6=3"
392,1.372,5.000,3.417,1.085,2.332,0.682,5,"FSM_onehot_st_q_reg[13]/C","FSM_onehot_st_q_reg[24]/CE","TOP control","FDCE=2;LUT2=1;LUT4=1;LUT6=3"
393,1.372,5.000,3.417,1.085,2.332,0.682,5,"FSM_onehot_st_q_reg[13]/C","FSM_onehot_st_q_reg[25]/CE","TOP control","FDCE=2;LUT2=1;LUT4=1;LUT6=3"
394,1.372,5.000,3.417,1.085,2.332,0.682,5,"FSM_onehot_st_q_reg[13]/C","FSM_onehot_st_q_reg[26]/CE","TOP control","FDCE=2;LUT2=1;LUT4=1;LUT6=3"
395,1.372,5.000,3.417,1.085,2.332,0.682,5,"FSM_onehot_st_q_reg[13]/C","FSM_onehot_st_q_reg[27]/CE","TOP control","FDCE=2;LUT2=1;LUT4=1;LUT6=3"
396,1.372,5.000,3.417,1.085,2.332,0.682,5,"FSM_onehot_st_q_reg[13]/C","FSM_onehot_st_q_reg[28]/CE","TOP control","FDCE=1;FDPE=1;LUT2=1;LUT4=1;LUT6=3"
397,1.372,5.000,3.417,1.085,2.332,0.682,5,"FSM_onehot_st_q_reg[13]/C","FSM_onehot_st_q_reg[29]/CE","TOP control","FDCE=2;LUT2=1;LUT4=1;LUT6=3"
398,1.372,5.000,3.417,1.085,2.332,0.682,5,"FSM_onehot_st_q_reg[13]/C","FSM_onehot_st_q_reg[2]/CE","TOP control","FDCE=2;LUT2=1;LUT4=1;LUT6=3"
399,1.372,5.000,3.417,1.085,2.332,0.682,5,"FSM_onehot_st_q_reg[13]/C","FSM_onehot_st_q_reg[30]/CE","TOP control","FDCE=2;LUT2=1;LUT4=1;LUT6=3"
400,1.372,5.000,3.417,1.085,2.332,0.682,5,"FSM_onehot_st_q_reg[13]/C","FSM_onehot_st_q_reg[30]_rep/CE","TOP control","FDCE=2;LUT2=1;LUT4=1;LUT6=3"
401,1.372,5.000,3.417,1.085,2.332,0.682,5,"FSM_onehot_st_q_reg[13]/C","FSM_onehot_st_q_reg[30]_rep__0/CE","TOP control","FDCE=2;LUT2=1;LUT4=1;LUT6=3"
402,1.372,5.000,3.417,1.085,2.332,0.682,5,"FSM_onehot_st_q_reg[13]/C","FSM_onehot_st_q_reg[30]_rep__1/CE","TOP control","FDCE=2;LUT2=1;LUT4=1;LUT6=3"
403,1.372,5.000,3.417,1.085,2.332,0.682,5,"FSM_onehot_st_q_reg[13]/C","FSM_onehot_st_q_reg[31]/CE","TOP control","FDCE=2;LUT2=1;LUT4=1;LUT6=3"
404,1.372,5.000,3.417,1.085,2.332,0.682,5,"FSM_onehot_st_q_reg[13]/C","FSM_onehot_st_q_reg[3]/CE","TOP control","FDCE=2;LUT2=1;LUT4=1;LUT6=3"
405,1.372,5.000,3.417,1.085,2.332,0.682,5,"FSM_onehot_st_q_reg[13]/C","FSM_onehot_st_q_reg[4]/CE","TOP control","FDCE=2;LUT2=1;LUT4=1;LUT6=3"
406,1.372,5.000,3.417,1.085,2.332,0.682,5,"FSM_onehot_st_q_reg[13]/C","FSM_onehot_st_q_reg[5]/CE","TOP control","FDCE=2;LUT2=1;LUT4=1;LUT6=3"
407,1.372,5.000,3.417,1.085,2.332,0.682,5,"FSM_onehot_st_q_reg[13]/C","FSM_onehot_st_q_reg[6]/CE","TOP control","FDCE=2;LUT2=1;LUT4=1;LUT6=3"
408,1.372,5.000,3.417,1.085,2.332,0.682,5,"FSM_onehot_st_q_reg[13]/C","FSM_onehot_st_q_reg[7]/CE","TOP control","FDCE=2;LUT2=1;LUT4=1;LUT6=3"
409,1.372,5.000,3.417,1.085,2.332,0.682,5,"FSM_onehot_st_q_reg[13]/C","FSM_onehot_st_q_reg[8]/CE","TOP control","FDCE=2;LUT2=1;LUT4=1;LUT6=3"
410,1.372,5.000,3.417,1.085,2.332,0.682,5,"FSM_onehot_st_q_reg[13]/C","FSM_onehot_st_q_reg[9]/CE","TOP control","FDCE=2;LUT2=1;LUT4=1;LUT6=3"
411,1.377,5.000,3.412,0.875,2.537,0.744,3,"uop_p3_q_reg[op_type][0]/C","uop_p0_q_reg[chunk_idx][0]/CE","TOP control","FDCE=2;LUT2=1;LUT3=1;LUT6=1"
412,1.377,5.000,3.412,0.875,2.537,0.744,3,"uop_p3_q_reg[op_type][0]/C","uop_p0_q_reg[chunk_idx][1]/CE","TOP control","FDCE=2;LUT2=1;LUT3=1;LUT6=1"
413,1.377,5.000,3.412,0.875,2.537,0.744,3,"uop_p3_q_reg[op_type][0]/C","uop_p0_q_reg[class_idx][0]/CE","TOP control","FDCE=2;LUT2=1;LUT3=1;LUT6=1"
414,1.377,5.000,3.412,0.875,2.537,0.744,3,"uop_p3_q_reg[op_type][0]/C","uop_p0_q_reg[class_idx][1]/CE","TOP control","FDCE=2;LUT2=1;LUT3=1;LUT6=1"
415,1.377,5.000,3.412,0.875,2.537,0.744,3,"uop_p3_q_reg[op_type][0]/C","uop_p0_q_reg[class_idx][2]/CE","TOP control","FDCE=2;LUT2=1;LUT3=1;LUT6=1"
416,1.377,5.000,3.412,0.875,2.537,0.744,3,"uop_p3_q_reg[op_type][0]/C","uop_p0_q_reg[dst_addr][0]/CE","TOP control","FDCE=2;LUT2=1;LUT3=1;LUT6=1"
417,1.377,5.000,3.412,0.875,2.537,0.744,3,"uop_p3_q_reg[op_type][0]/C","uop_p0_q_reg[dst_addr][1]/CE","TOP control","FDCE=2;LUT2=1;LUT3=1;LUT6=1"
418,1.377,5.000,3.412,0.875,2.537,0.744,3,"uop_p3_q_reg[op_type][0]/C","uop_p0_q_reg[dst_addr][2]/CE","TOP control","FDCE=2;LUT2=1;LUT3=1;LUT6=1"
419,1.377,5.000,3.412,0.875,2.537,0.744,3,"uop_p3_q_reg[op_type][0]/C","uop_p0_q_reg[dst_addr][3]/CE","TOP control","FDCE=2;LUT2=1;LUT3=1;LUT6=1"
420,1.377,5.000,3.412,0.875,2.537,0.744,3,"uop_p3_q_reg[op_type][0]/C","uop_p0_q_reg[dst_addr][4]/CE","TOP control","FDCE=2;LUT2=1;LUT3=1;LUT6=1"
421,1.377,5.000,3.412,0.875,2.537,0.744,3,"uop_p3_q_reg[op_type][0]/C","uop_p0_q_reg[dst_addr][5]/CE","TOP control","FDCE=2;LUT2=1;LUT3=1;LUT6=1"
422,1.377,5.000,3.412,0.875,2.537,0.744,3,"uop_p3_q_reg[op_type][0]/C","uop_p0_q_reg[is_last_class]/CE","TOP control","FDCE=2;LUT2=1;LUT3=1;LUT6=1"
423,1.377,5.000,3.412,0.875,2.537,0.744,3,"uop_p3_q_reg[op_type][0]/C","uop_p0_q_reg[op_type][0]/CE","TOP control","FDCE=2;LUT2=1;LUT3=1;LUT6=1"
424,1.377,5.000,3.412,0.875,2.537,0.744,3,"uop_p3_q_reg[op_type][0]/C","uop_p0_q_reg[op_type][1]/CE","TOP control","FDCE=2;LUT2=1;LUT3=1;LUT6=1"
425,1.377,5.000,3.412,0.875,2.537,0.744,3,"uop_p3_q_reg[op_type][0]/C","uop_p0_q_reg[op_type][2]/CE","TOP control","FDCE=2;LUT2=1;LUT3=1;LUT6=1"
426,1.377,5.000,3.412,0.875,2.537,0.744,3,"uop_p3_q_reg[op_type][0]/C","uop_p0_q_reg[perm_nibble][0]/CE","TOP control","FDCE=2;LUT2=1;LUT3=1;LUT6=1"
427,1.377,5.000,3.412,0.875,2.537,0.744,3,"uop_p3_q_reg[op_type][0]/C","uop_p0_q_reg[perm_nibble][1]/CE","TOP control","FDCE=2;LUT2=1;LUT3=1;LUT6=1"
428,1.377,5.000,3.412,0.875,2.537,0.744,3,"uop_p3_q_reg[op_type][0]/C","uop_p0_q_reg[perm_nibble][2]/CE","TOP control","FDCE=2;LUT2=1;LUT3=1;LUT6=1"
429,1.377,5.000,3.412,0.875,2.537,0.744,3,"uop_p3_q_reg[op_type][0]/C","uop_p0_q_reg[perm_nibble][3]/CE","TOP control","FDCE=2;LUT2=1;LUT3=1;LUT6=1"
430,1.377,5.000,3.412,0.875,2.537,0.744,3,"uop_p3_q_reg[op_type][0]/C","uop_p0_q_reg[src0_addr][0]/CE","TOP control","FDCE=2;LUT2=1;LUT3=1;LUT6=1"
431,1.377,5.000,3.412,0.875,2.537,0.744,3,"uop_p3_q_reg[op_type][0]/C","uop_p0_q_reg[src0_addr][1]/CE","TOP control","FDCE=2;LUT2=1;LUT3=1;LUT6=1"
432,1.377,5.000,3.412,0.875,2.537,0.744,3,"uop_p3_q_reg[op_type][0]/C","uop_p0_q_reg[src0_addr][2]/CE","TOP control","FDCE=2;LUT2=1;LUT3=1;LUT6=1"
433,1.377,5.000,3.412,0.875,2.537,0.744,3,"uop_p3_q_reg[op_type][0]/C","uop_p0_q_reg[src0_addr][3]/CE","TOP control","FDCE=2;LUT2=1;LUT3=1;LUT6=1"
434,1.377,5.000,3.412,0.875,2.537,0.744,3,"uop_p3_q_reg[op_type][0]/C","uop_p0_q_reg[src0_addr][4]/CE","TOP control","FDCE=2;LUT2=1;LUT3=1;LUT6=1"
435,1.377,5.000,3.412,0.875,2.537,0.744,3,"uop_p3_q_reg[op_type][0]/C","uop_p0_q_reg[src0_addr][5]/CE","TOP control","FDCE=2;LUT2=1;LUT3=1;LUT6=1"
436,1.377,5.000,3.412,0.875,2.537,0.744,3,"uop_p3_q_reg[op_type][0]/C","uop_p0_q_reg[src1_addr][0]/CE","TOP control","FDCE=2;LUT2=1;LUT3=1;LUT6=1"
437,1.377,5.000,3.412,0.875,2.537,0.744,3,"uop_p3_q_reg[op_type][0]/C","uop_p0_q_reg[src1_addr][1]/CE","TOP control","FDCE=2;LUT2=1;LUT3=1;LUT6=1"
438,1.377,5.000,3.412,0.875,2.537,0.744,3,"uop_p3_q_reg[op_type][0]/C","uop_p0_q_reg[src1_addr][2]/CE","TOP control","FDCE=2;LUT2=1;LUT3=1;LUT6=1"
439,1.377,5.000,3.412,0.875,2.537,0.744,3,"uop_p3_q_reg[op_type][0]/C","uop_p0_q_reg[src1_addr][3]/CE","TOP control","FDCE=2;LUT2=1;LUT3=1;LUT6=1"
440,1.377,5.000,3.412,0.875,2.537,0.744,3,"uop_p3_q_reg[op_type][0]/C","uop_p0_q_reg[src1_addr][4]/CE","TOP control","FDCE=2;LUT2=1;LUT3=1;LUT6=1"
441,1.377,5.000,3.412,0.875,2.537,0.744,3,"uop_p3_q_reg[op_type][0]/C","uop_p0_q_reg[src1_addr][5]/CE","TOP control","FDCE=2;LUT2=1;LUT3=1;LUT6=1"
442,1.377,5.000,3.412,0.875,2.537,0.744,3,"uop_p3_q_reg[op_type][0]/C","uop_p0_q_reg[subgroup_idx][0]/CE","TOP control","FDCE=2;LUT2=1;LUT3=1;LUT6=1"
443,1.377,5.000,3.412,0.875,2.537,0.744,3,"uop_p3_q_reg[op_type][0]/C","uop_p0_q_reg[subgroup_idx][1]/CE","TOP control","FDCE=2;LUT2=1;LUT3=1;LUT6=1"
444,1.377,5.000,3.412,0.875,2.537,0.744,3,"uop_p3_q_reg[op_type][0]/C","uop_p0_q_reg[use_clip]/CE","TOP control","FDCE=2;LUT2=1;LUT3=1;LUT6=1"
445,1.377,5.000,3.412,0.875,2.537,0.744,3,"uop_p3_q_reg[op_type][0]/C","uop_p0_q_reg[use_counter]/CE","TOP control","FDCE=2;LUT2=1;LUT3=1;LUT6=1"
446,1.377,5.000,3.412,0.875,2.537,0.744,3,"uop_p3_q_reg[op_type][0]/C","uop_p0_q_reg[use_shift]/CE","TOP control","FDCE=2;LUT2=1;LUT3=1;LUT6=1"
447,1.442,5.000,3.555,1.085,2.470,0.695,5,"ecc_leaf_id_q_reg[0]/C","ecc_leaf_a_q_reg[14]/D","other","FDCE=2;LUT5=4;LUT6=1"
448,1.442,5.000,3.555,1.085,2.470,0.695,5,"ecc_leaf_id_q_reg[0]/C","ecc_leaf_a_q_reg[16]/D","other","FDCE=2;LUT5=4;LUT6=1"
449,1.442,5.000,3.555,1.085,2.470,0.695,5,"ecc_leaf_id_q_reg[0]/C","ecc_leaf_a_q_reg[1]/D","other","FDCE=2;LUT5=4;LUT6=1"
450,1.442,5.000,3.555,1.085,2.470,0.695,5,"ecc_leaf_id_q_reg[0]/C","ecc_leaf_a_q_reg[24]/D","other","FDCE=2;LUT4=1;LUT5=3;LUT6=1"
451,1.442,5.000,3.555,1.085,2.470,0.695,5,"ecc_leaf_id_q_reg[0]/C","ecc_leaf_a_q_reg[26]/D","other","FDCE=2;LUT5=4;LUT6=1"
452,1.442,5.000,3.555,1.085,2.470,0.695,5,"ecc_leaf_id_q_reg[0]/C","ecc_leaf_a_q_reg[28]/D","other","FDCE=2;LUT4=1;LUT5=3;LUT6=1"
453,1.442,5.000,3.555,1.085,2.470,0.695,5,"ecc_leaf_id_q_reg[0]/C","ecc_leaf_a_q_reg[30]/D","other","FDCE=2;LUT4=1;LUT5=3;LUT6=1"
454,1.442,5.000,3.555,1.085,2.470,0.695,5,"ecc_leaf_id_q_reg[0]/C","ecc_leaf_a_q_reg[5]/D","other","FDCE=2;LUT5=4;LUT6=1"
455,1.442,5.000,3.555,1.085,2.470,0.695,5,"ecc_leaf_id_q_reg[0]/C","ecc_leaf_a_q_reg[6]/D","other","FDCE=2;LUT5=4;LUT6=1"
456,1.442,5.000,3.555,1.085,2.470,0.695,5,"ecc_leaf_id_q_reg[0]/C","ecc_leaf_a_q_reg[7]/D","other","FDCE=2;LUT5=4;LUT6=1"
457,1.442,5.000,3.555,1.085,2.470,0.695,5,"ecc_leaf_id_q_reg[0]/C","ecc_leaf_a_q_reg[8]/D","other","FDCE=2;LUT5=4;LUT6=1"
458,1.442,5.000,3.555,1.085,2.470,0.695,5,"ecc_leaf_id_q_reg[0]/C","ecc_leaf_b_q_reg[14]/D","other","FDCE=2;LUT5=4;LUT6=1"
459,1.442,5.000,3.555,1.085,2.470,0.695,5,"ecc_leaf_id_q_reg[0]/C","ecc_leaf_b_q_reg[16]/D","other","FDCE=2;LUT5=4;LUT6=1"
460,1.442,5.000,3.555,1.085,2.470,0.695,5,"ecc_leaf_id_q_reg[0]/C","ecc_leaf_b_q_reg[1]/D","other","FDCE=2;LUT5=4;LUT6=1"
461,1.442,5.000,3.555,1.085,2.470,0.695,5,"ecc_leaf_id_q_reg[0]/C","ecc_leaf_b_q_reg[24]/D","other","FDCE=2;LUT4=1;LUT5=3;LUT6=1"
462,1.442,5.000,3.555,1.085,2.470,0.695,5,"ecc_leaf_id_q_reg[0]/C","ecc_leaf_b_q_reg[26]/D","other","FDCE=2;LUT5=4;LUT6=1"
463,1.442,5.000,3.555,1.085,2.470,0.695,5,"ecc_leaf_id_q_reg[0]/C","ecc_leaf_b_q_reg[28]/D","other","FDCE=2;LUT4=1;LUT5=3;LUT6=1"
464,1.442,5.000,3.555,1.085,2.470,0.695,5,"ecc_leaf_id_q_reg[0]/C","ecc_leaf_b_q_reg[30]/D","other","FDCE=2;LUT4=1;LUT5=3;LUT6=1"
465,1.442,5.000,3.555,1.085,2.470,0.695,5,"ecc_leaf_id_q_reg[0]/C","ecc_leaf_b_q_reg[5]/D","other","FDCE=2;LUT5=4;LUT6=1"
466,1.442,5.000,3.555,1.085,2.470,0.695,5,"ecc_leaf_id_q_reg[0]/C","ecc_leaf_b_q_reg[6]/D","other","FDCE=2;LUT5=4;LUT6=1"
467,1.442,5.000,3.555,1.085,2.470,0.695,5,"ecc_leaf_id_q_reg[0]/C","ecc_leaf_b_q_reg[7]/D","other","FDCE=2;LUT5=4;LUT6=1"
468,1.442,5.000,3.555,1.085,2.470,0.695,5,"ecc_leaf_id_q_reg[0]/C","ecc_leaf_b_q_reg[8]/D","other","FDCE=2;LUT5=4;LUT6=1"
469,1.443,5.000,3.554,1.085,2.469,0.695,5,"ecc_leaf_id_q_reg[0]/C","ecc_leaf_a_q_reg[0]/D","other","FDCE=2;LUT5=3;LUT6=2"
470,1.443,5.000,3.554,1.085,2.469,0.695,5,"ecc_leaf_id_q_reg[0]/C","ecc_leaf_a_q_reg[10]/D","other","FDCE=2;LUT5=3;LUT6=2"
471,1.443,5.000,3.554,1.085,2.469,0.695,5,"ecc_leaf_id_q_reg[0]/C","ecc_leaf_a_q_reg[11]/D","other","FDCE=2;LUT5=3;LUT6=2"
472,1.443,5.000,3.554,1.085,2.469,0.695,5,"ecc_leaf_id_q_reg[0]/C","ecc_leaf_a_q_reg[12]/D","other","FDCE=2;LUT5=3;LUT6=2"
473,1.443,5.000,3.554,1.085,2.469,0.695,5,"ecc_leaf_id_q_reg[0]/C","ecc_leaf_a_q_reg[13]/D","other","FDCE=2;LUT5=3;LUT6=2"
474,1.443,5.000,3.554,1.085,2.469,0.695,5,"ecc_leaf_id_q_reg[0]/C","ecc_leaf_a_q_reg[15]/D","other","FDCE=2;LUT5=3;LUT6=2"
475,1.443,5.000,3.554,1.085,2.469,0.695,5,"ecc_leaf_id_q_reg[0]/C","ecc_leaf_a_q_reg[17]/D","other","FDCE=2;LUT5=3;LUT6=2"
476,1.443,5.000,3.554,1.085,2.469,0.695,5,"ecc_leaf_id_q_reg[0]/C","ecc_leaf_a_q_reg[18]/D","other","FDCE=2;LUT5=3;LUT6=2"
477,1.443,5.000,3.554,1.085,2.469,0.695,5,"ecc_leaf_id_q_reg[0]/C","ecc_leaf_a_q_reg[19]/D","other","FDCE=2;LUT5=3;LUT6=2"
478,1.443,5.000,3.554,1.085,2.469,0.695,5,"ecc_leaf_id_q_reg[0]/C","ecc_leaf_a_q_reg[20]/D","other","FDCE=2;LUT5=3;LUT6=2"
479,1.443,5.000,3.554,1.085,2.469,0.695,5,"ecc_leaf_id_q_reg[0]/C","ecc_leaf_a_q_reg[21]/D","other","FDCE=2;LUT5=3;LUT6=2"
480,1.443,5.000,3.554,1.085,2.469,0.695,5,"ecc_leaf_id_q_reg[0]/C","ecc_leaf_a_q_reg[22]/D","other","FDCE=2;LUT5=3;LUT6=2"
481,1.443,5.000,3.554,1.085,2.469,0.695,5,"ecc_leaf_id_q_reg[0]/C","ecc_leaf_a_q_reg[23]/D","other","FDCE=2;LUT5=3;LUT6=2"
482,1.443,5.000,3.554,1.085,2.469,0.695,5,"ecc_leaf_id_q_reg[0]/C","ecc_leaf_a_q_reg[25]/D","other","FDCE=2;LUT5=3;LUT6=2"
483,1.443,5.000,3.554,1.085,2.469,0.695,5,"ecc_leaf_id_q_reg[0]/C","ecc_leaf_a_q_reg[27]/D","other","FDCE=2;LUT4=1;LUT5=2;LUT6=2"
484,1.443,5.000,3.554,1.085,2.469,0.695,5,"ecc_leaf_id_q_reg[0]/C","ecc_leaf_a_q_reg[29]/D","other","FDCE=2;LUT5=3;LUT6=2"
485,1.443,5.000,3.554,1.085,2.469,0.695,5,"ecc_leaf_id_q_reg[0]/C","ecc_leaf_a_q_reg[2]/D","other","FDCE=2;LUT5=3;LUT6=2"
486,1.443,5.000,3.554,1.085,2.469,0.695,5,"ecc_leaf_id_q_reg[0]/C","ecc_leaf_a_q_reg[31]/D","other","FDCE=2;LUT4=1;LUT5=2;LUT6=2"
487,1.443,5.000,3.554,1.085,2.469,0.695,5,"ecc_leaf_id_q_reg[0]/C","ecc_leaf_a_q_reg[3]/D","other","FDCE=2;LUT5=3;LUT6=2"
488,1.443,5.000,3.554,1.085,2.469,0.695,5,"ecc_leaf_id_q_reg[0]/C","ecc_leaf_a_q_reg[4]/D","other","FDCE=2;LUT5=3;LUT6=2"
489,1.443,5.000,3.554,1.085,2.469,0.695,5,"ecc_leaf_id_q_reg[0]/C","ecc_leaf_a_q_reg[9]/D","other","FDCE=2;LUT5=3;LUT6=2"
490,1.443,5.000,3.554,1.085,2.469,0.695,5,"ecc_leaf_id_q_reg[0]/C","ecc_leaf_b_q_reg[0]/D","other","FDCE=2;LUT5=3;LUT6=2"
491,1.443,5.000,3.554,1.085,2.469,0.695,5,"ecc_leaf_id_q_reg[0]/C","ecc_leaf_b_q_reg[10]/D","other","FDCE=2;LUT5=3;LUT6=2"
492,1.443,5.000,3.554,1.085,2.469,0.695,5,"ecc_leaf_id_q_reg[0]/C","ecc_leaf_b_q_reg[11]/D","other","FDCE=2;LUT5=3;LUT6=2"
493,1.443,5.000,3.554,1.085,2.469,0.695,5,"ecc_leaf_id_q_reg[0]/C","ecc_leaf_b_q_reg[12]/D","other","FDCE=2;LUT5=3;LUT6=2"
494,1.443,5.000,3.554,1.085,2.469,0.695,5,"ecc_leaf_id_q_reg[0]/C","ecc_leaf_b_q_reg[13]/D","other","FDCE=2;LUT5=3;LUT6=2"
495,1.443,5.000,3.554,1.085,2.469,0.695,5,"ecc_leaf_id_q_reg[0]/C","ecc_leaf_b_q_reg[15]/D","other","FDCE=2;LUT5=3;LUT6=2"
496,1.443,5.000,3.554,1.085,2.469,0.695,5,"ecc_leaf_id_q_reg[0]/C","ecc_leaf_b_q_reg[17]/D","other","FDCE=2;LUT5=3;LUT6=2"
497,1.443,5.000,3.554,1.085,2.469,0.695,5,"ecc_leaf_id_q_reg[0]/C","ecc_leaf_b_q_reg[18]/D","other","FDCE=2;LUT5=3;LUT6=2"
498,1.443,5.000,3.554,1.085,2.469,0.695,5,"ecc_leaf_id_q_reg[0]/C","ecc_leaf_b_q_reg[19]/D","other","FDCE=2;LUT5=3;LUT6=2"
499,1.443,5.000,3.554,1.085,2.469,0.695,5,"ecc_leaf_id_q_reg[0]/C","ecc_leaf_b_q_reg[20]/D","other","FDCE=2;LUT5=3;LUT6=2"
500,1.443,5.000,3.554,1.085,2.469,0.695,5,"ecc_leaf_id_q_reg[0]/C","ecc_leaf_b_q_reg[21]/D","other","FDCE=2;LUT5=3;LUT6=2"
501,1.443,5.000,3.554,1.085,2.469,0.695,5,"ecc_leaf_id_q_reg[0]/C","ecc_leaf_b_q_reg[22]/D","other","FDCE=2;LUT5=3;LUT6=2"
502,1.443,5.000,3.554,1.085,2.469,0.695,5,"ecc_leaf_id_q_reg[0]/C","ecc_leaf_b_q_reg[23]/D","other","FDCE=2;LUT5=3;LUT6=2"
503,1.443,5.000,3.554,1.085,2.469,0.695,5,"ecc_leaf_id_q_reg[0]/C","ecc_leaf_b_q_reg[25]/D","other","FDCE=2;LUT5=3;LUT6=2"
504,1.443,5.000,3.554,1.085,2.469,0.695,5,"ecc_leaf_id_q_reg[0]/C","ecc_leaf_b_q_reg[27]/D","other","FDCE=2;LUT4=1;LUT5=2;LUT6=2"
505,1.443,5.000,3.554,1.085,2.469,0.695,5,"ecc_leaf_id_q_reg[0]/C","ecc_leaf_b_q_reg[29]/D","other","FDCE=2;LUT5=3;LUT6=2"
506,1.443,5.000,3.554,1.085,2.469,0.695,5,"ecc_leaf_id_q_reg[0]/C","ecc_leaf_b_q_reg[2]/D","other","FDCE=2;LUT5=3;LUT6=2"
507,1.443,5.000,3.554,1.085,2.469,0.695,5,"ecc_leaf_id_q_reg[0]/C","ecc_leaf_b_q_reg[31]/D","other","FDCE=2;LUT4=1;LUT5=2;LUT6=2"
508,1.443,5.000,3.554,1.085,2.469,0.695,5,"ecc_leaf_id_q_reg[0]/C","ecc_leaf_b_q_reg[3]/D","other","FDCE=2;LUT5=3;LUT6=2"
509,1.443,5.000,3.554,1.085,2.469,0.695,5,"ecc_leaf_id_q_reg[0]/C","ecc_leaf_b_q_reg[4]/D","other","FDCE=2;LUT5=3;LUT6=2"
510,1.443,5.000,3.554,1.085,2.469,0.695,5,"ecc_leaf_id_q_reg[0]/C","ecc_leaf_b_q_reg[9]/D","other","FDCE=2;LUT5=3;LUT6=2"
511,1.447,5.000,3.579,1.687,1.892,0.529,5,"gen_lane[2].i_p2_pop_slice/popcount_part_q_o_reg[1][0]/C","group_dist_q_reg[2]/D","P2 popcount capture","CARRY4=2;FDCE=2;LUT3=2;LUT6=1"
512,1.532,5.000,3.257,0.980,2.277,0.699,4,"uop_p0_q_reg[op_type][0]/C","hmatch_best_dist_q_reg[0]/CE","HMATCH reduction/compare","FDCE=2;LUT2=1;LUT3=1;LUT6=2"
513,1.532,5.000,3.257,0.980,2.277,0.699,4,"uop_p0_q_reg[op_type][0]/C","hmatch_best_dist_q_reg[10]/CE","HMATCH reduction/compare","FDCE=2;LUT2=1;LUT3=1;LUT6=2"
514,1.532,5.000,3.257,0.980,2.277,0.699,4,"uop_p0_q_reg[op_type][0]/C","hmatch_best_dist_q_reg[1]/CE","HMATCH reduction/compare","FDCE=2;LUT2=1;LUT3=1;LUT6=2"
515,1.532,5.000,3.257,0.980,2.277,0.699,4,"uop_p0_q_reg[op_type][0]/C","hmatch_best_dist_q_reg[2]/CE","HMATCH reduction/compare","FDCE=2;LUT2=1;LUT3=1;LUT6=2"
516,1.532,5.000,3.257,0.980,2.277,0.699,4,"uop_p0_q_reg[op_type][0]/C","hmatch_best_dist_q_reg[3]/CE","HMATCH reduction/compare","FDCE=2;LUT2=1;LUT3=1;LUT6=2"
517,1.532,5.000,3.257,0.980,2.277,0.699,4,"uop_p0_q_reg[op_type][0]/C","hmatch_best_dist_q_reg[4]/CE","HMATCH reduction/compare","FDCE=2;LUT2=1;LUT3=1;LUT6=2"
518,1.532,5.000,3.257,0.980,2.277,0.699,4,"uop_p0_q_reg[op_type][0]/C","hmatch_best_dist_q_reg[5]/CE","HMATCH reduction/compare","FDCE=2;LUT2=1;LUT3=1;LUT6=2"
519,1.532,5.000,3.257,0.980,2.277,0.699,4,"uop_p0_q_reg[op_type][0]/C","hmatch_best_dist_q_reg[6]/CE","HMATCH reduction/compare","FDCE=2;LUT2=1;LUT3=1;LUT6=2"
520,1.532,5.000,3.257,0.980,2.277,0.699,4,"uop_p0_q_reg[op_type][0]/C","hmatch_best_dist_q_reg[7]/CE","HMATCH reduction/compare","FDCE=2;LUT2=1;LUT3=1;LUT6=2"
521,1.532,5.000,3.257,0.980,2.277,0.699,4,"uop_p0_q_reg[op_type][0]/C","hmatch_best_dist_q_reg[8]/CE","HMATCH reduction/compare","FDCE=2;LUT2=1;LUT3=1;LUT6=2"
522,1.532,5.000,3.257,0.980,2.277,0.699,4,"uop_p0_q_reg[op_type][0]/C","hmatch_best_dist_q_reg[9]/CE","HMATCH reduction/compare","FDCE=2;LUT2=1;LUT3=1;LUT6=2"
523,1.532,5.000,3.257,0.980,2.277,0.699,4,"uop_p0_q_reg[op_type][0]/C","hmatch_best_idx_q_reg[0]/CE","HMATCH reduction/compare","FDCE=2;LUT2=1;LUT3=1;LUT6=2"
524,1.532,5.000,3.257,0.980,2.277,0.699,4,"uop_p0_q_reg[op_type][0]/C","hmatch_best_idx_q_reg[1]/CE","HMATCH reduction/compare","FDCE=2;LUT2=1;LUT3=1;LUT6=2"
525,1.532,5.000,3.257,0.980,2.277,0.699,4,"uop_p0_q_reg[op_type][0]/C","hmatch_best_idx_q_reg[2]/CE","HMATCH reduction/compare","FDCE=2;LUT2=1;LUT3=1;LUT6=2"
526,1.658,5.000,3.339,1.085,2.254,0.675,5,"uop_p3_q_reg[op_type][0]/C","vrf_wa_q_reg[0][4]/D","VRF/read/writeback","FDCE=2;LUT3=3;LUT5=1;LUT6=1"
527,1.658,5.000,3.339,1.085,2.254,0.675,5,"uop_p3_q_reg[op_type][0]/C","vrf_wa_q_reg[1][4]/D","VRF/read/writeback","FDCE=2;LUT3=2;LUT5=1;LUT6=2"
528,1.658,5.000,3.339,1.085,2.254,0.675,5,"uop_p3_q_reg[op_type][0]/C","vrf_wa_q_reg[2][4]/D","VRF/read/writeback","FDCE=2;LUT3=2;LUT5=1;LUT6=2"
529,1.658,5.000,3.339,1.085,2.254,0.675,5,"uop_p3_q_reg[op_type][0]/C","vrf_wa_q_reg[3][4]/D","VRF/read/writeback","FDCE=2;LUT3=3;LUT5=1;LUT6=1"
530,1.753,5.000,3.244,1.085,2.159,0.666,5,"a_q_reg[0]/C","uop_p0_q_reg[dst_addr][5]/D","TOP control","FDCE=2;LUT4=1;LUT6=4"
531,1.753,5.000,3.244,1.085,2.159,0.666,5,"a_q_reg[0]/C","uop_p0_q_reg[valid]/D","TOP control","FDCE=2;LUT4=1;LUT6=4"
532,1.796,5.000,3.201,1.085,2.116,0.661,5,"hmatch_best_dist_q_reg[0]/C","hmatch_budget_q_reg[10]/D","HMATCH reduction/compare","FDCE=2;LUT5=1;LUT6=4"
533,1.796,5.000,3.201,1.085,2.116,0.661,5,"hmatch_best_dist_q_reg[0]/C","hmatch_budget_q_reg[11]_inv/D","HMATCH reduction/compare","FDCE=1;FDPE=1;LUT3=1;LUT5=1;LUT6=3"
534,1.796,5.000,3.201,1.085,2.116,0.661,5,"hmatch_best_dist_q_reg[0]/C","hmatch_budget_q_reg[9]/D","HMATCH reduction/compare","FDCE=2;LUT5=2;LUT6=3"
535,1.799,5.000,3.198,1.085,2.113,0.661,5,"a_q_reg[0]/C","uop_p0_q_reg[src0_addr][2]/D","TOP control","FDCE=2;LUT4=1;LUT6=4"
536,1.799,5.000,3.198,1.085,2.113,0.661,5,"a_q_reg[0]/C","uop_p0_q_reg[src0_addr][3]/D","TOP control","FDCE=2;LUT4=1;LUT6=4"
537,1.799,5.000,3.198,1.085,2.113,0.661,5,"a_q_reg[0]/C","uop_p0_q_reg[src1_addr][3]/D","TOP control","FDCE=2;LUT4=1;LUT6=4"
538,1.809,5.000,3.188,1.085,2.103,0.660,5,"hmatch_best_dist_q_reg[0]/C","hmatch_budget_q_reg[8]/D","HMATCH reduction/compare","FDCE=2;LUT5=2;LUT6=3"
539,1.823,5.000,3.174,1.085,2.089,0.658,5,"a_q_reg[0]/C","uop_p0_q_reg[src0_addr][4]/D","TOP control","FDCE=2;LUT4=1;LUT6=4"
540,1.823,5.000,3.174,1.085,2.089,0.658,5,"a_q_reg[0]/C","uop_p0_q_reg[src0_addr][5]/D","TOP control","FDCE=2;LUT4=1;LUT5=1;LUT6=3"
541,1.823,5.000,3.174,1.085,2.089,0.658,5,"a_q_reg[0]/C","uop_p0_q_reg[src1_addr][4]/D","TOP control","FDCE=2;LUT4=1;LUT6=4"
542,1.840,5.000,2.949,0.875,2.074,0.703,3,"a_q_reg[17]/C","ecc_leaf_b_q_reg[0]/CE","other","FDCE=2;LUT4=1;LUT6=2"
543,1.840,5.000,2.949,0.875,2.074,0.703,3,"a_q_reg[17]/C","ecc_leaf_b_q_reg[10]/CE","other","FDCE=2;LUT4=1;LUT6=2"
544,1.840,5.000,2.949,0.875,2.074,0.703,3,"a_q_reg[17]/C","ecc_leaf_b_q_reg[11]/CE","other","FDCE=2;LUT4=1;LUT6=2"
545,1.840,5.000,2.949,0.875,2.074,0.703,3,"a_q_reg[17]/C","ecc_leaf_b_q_reg[12]/CE","other","FDCE=2;LUT4=1;LUT6=2"
546,1.840,5.000,2.949,0.875,2.074,0.703,3,"a_q_reg[17]/C","ecc_leaf_b_q_reg[13]/CE","other","FDCE=2;LUT4=1;LUT6=2"
547,1.840,5.000,2.949,0.875,2.074,0.703,3,"a_q_reg[17]/C","ecc_leaf_b_q_reg[14]/CE","other","FDCE=2;LUT4=1;LUT6=2"
548,1.840,5.000,2.949,0.875,2.074,0.703,3,"a_q_reg[17]/C","ecc_leaf_b_q_reg[15]/CE","other","FDCE=2;LUT4=1;LUT6=2"
549,1.840,5.000,2.949,0.875,2.074,0.703,3,"a_q_reg[17]/C","ecc_leaf_b_q_reg[16]/CE","other","FDCE=2;LUT4=1;LUT6=2"
550,1.840,5.000,2.949,0.875,2.074,0.703,3,"a_q_reg[17]/C","ecc_leaf_b_q_reg[17]/CE","other","FDCE=2;LUT4=1;LUT6=2"
551,1.840,5.000,2.949,0.875,2.074,0.703,3,"a_q_reg[17]/C","ecc_leaf_b_q_reg[18]/CE","other","FDCE=2;LUT4=1;LUT6=2"
552,1.840,5.000,2.949,0.875,2.074,0.703,3,"a_q_reg[17]/C","ecc_leaf_b_q_reg[19]/CE","other","FDCE=2;LUT4=1;LUT6=2"
553,1.840,5.000,2.949,0.875,2.074,0.703,3,"a_q_reg[17]/C","ecc_leaf_b_q_reg[1]/CE","other","FDCE=2;LUT4=1;LUT6=2"
554,1.840,5.000,2.949,0.875,2.074,0.703,3,"a_q_reg[17]/C","ecc_leaf_b_q_reg[20]/CE","other","FDCE=2;LUT4=1;LUT6=2"
555,1.840,5.000,2.949,0.875,2.074,0.703,3,"a_q_reg[17]/C","ecc_leaf_b_q_reg[21]/CE","other","FDCE=2;LUT4=1;LUT6=2"
556,1.840,5.000,2.949,0.875,2.074,0.703,3,"a_q_reg[17]/C","ecc_leaf_b_q_reg[22]/CE","other","FDCE=2;LUT4=1;LUT6=2"
557,1.840,5.000,2.949,0.875,2.074,0.703,3,"a_q_reg[17]/C","ecc_leaf_b_q_reg[23]/CE","other","FDCE=2;LUT4=1;LUT6=2"
558,1.840,5.000,2.949,0.875,2.074,0.703,3,"a_q_reg[17]/C","ecc_leaf_b_q_reg[24]/CE","other","FDCE=2;LUT4=1;LUT6=2"
559,1.840,5.000,2.949,0.875,2.074,0.703,3,"a_q_reg[17]/C","ecc_leaf_b_q_reg[25]/CE","other","FDCE=2;LUT4=1;LUT6=2"
560,1.840,5.000,2.949,0.875,2.074,0.703,3,"a_q_reg[17]/C","ecc_leaf_b_q_reg[26]/CE","other","FDCE=2;LUT4=1;LUT6=2"
561,1.840,5.000,2.949,0.875,2.074,0.703,3,"a_q_reg[17]/C","ecc_leaf_b_q_reg[27]/CE","other","FDCE=2;LUT4=1;LUT6=2"
562,1.840,5.000,2.949,0.875,2.074,0.703,3,"a_q_reg[17]/C","ecc_leaf_b_q_reg[28]/CE","other","FDCE=2;LUT4=1;LUT6=2"
563,1.840,5.000,2.949,0.875,2.074,0.703,3,"a_q_reg[17]/C","ecc_leaf_b_q_reg[29]/CE","other","FDCE=2;LUT4=1;LUT6=2"
564,1.840,5.000,2.949,0.875,2.074,0.703,3,"a_q_reg[17]/C","ecc_leaf_b_q_reg[2]/CE","other","FDCE=2;LUT4=1;LUT6=2"
565,1.840,5.000,2.949,0.875,2.074,0.703,3,"a_q_reg[17]/C","ecc_leaf_b_q_reg[30]/CE","other","FDCE=2;LUT4=1;LUT6=2"
566,1.840,5.000,2.949,0.875,2.074,0.703,3,"a_q_reg[17]/C","ecc_leaf_b_q_reg[31]/CE","other","FDCE=2;LUT4=1;LUT6=2"
567,1.840,5.000,2.949,0.875,2.074,0.703,3,"a_q_reg[17]/C","ecc_leaf_b_q_reg[3]/CE","other","FDCE=2;LUT4=1;LUT6=2"
568,1.840,5.000,2.949,0.875,2.074,0.703,3,"a_q_reg[17]/C","ecc_leaf_b_q_reg[4]/CE","other","FDCE=2;LUT4=1;LUT6=2"
569,1.840,5.000,2.949,0.875,2.074,0.703,3,"a_q_reg[17]/C","ecc_leaf_b_q_reg[5]/CE","other","FDCE=2;LUT4=1;LUT6=2"
570,1.840,5.000,2.949,0.875,2.074,0.703,3,"a_q_reg[17]/C","ecc_leaf_b_q_reg[6]/CE","other","FDCE=2;LUT4=1;LUT6=2"
571,1.840,5.000,2.949,0.875,2.074,0.703,3,"a_q_reg[17]/C","ecc_leaf_b_q_reg[7]/CE","other","FDCE=2;LUT4=1;LUT6=2"
572,1.840,5.000,2.949,0.875,2.074,0.703,3,"a_q_reg[17]/C","ecc_leaf_b_q_reg[8]/CE","other","FDCE=2;LUT4=1;LUT6=2"
573,1.840,5.000,2.949,0.875,2.074,0.703,3,"a_q_reg[17]/C","ecc_leaf_b_q_reg[9]/CE","other","FDCE=2;LUT4=1;LUT6=2"
574,1.840,5.000,2.949,0.875,2.074,0.703,3,"a_q_reg[17]/C","ecc_leaf_id_q_reg[0]/CE","other","FDCE=2;LUT4=1;LUT6=2"
575,1.840,5.000,2.949,0.875,2.074,0.703,3,"a_q_reg[17]/C","ecc_leaf_id_q_reg[1]/CE","other","FDCE=2;LUT4=1;LUT6=2"
576,1.840,5.000,2.949,0.875,2.074,0.703,3,"a_q_reg[17]/C","ecc_leaf_id_q_reg[2]/CE","other","FDCE=2;LUT4=1;LUT6=2"
577,1.840,5.000,2.949,0.875,2.074,0.703,3,"a_q_reg[17]/C","ecc_leaf_id_q_reg[3]/CE","other","FDCE=2;LUT4=1;LUT6=2"
578,1.840,5.000,2.949,0.875,2.074,0.703,3,"a_q_reg[17]/C","ecc_leaf_id_q_reg[4]/CE","other","FDCE=2;LUT4=1;LUT6=2"
579,1.849,5.000,2.940,0.875,2.065,0.702,3,"a_q_reg[17]/C","ecc_leaf_a_q_reg[0]/CE","other","FDCE=2;LUT5=1;LUT6=2"
580,1.849,5.000,2.940,0.875,2.065,0.702,3,"a_q_reg[17]/C","ecc_leaf_a_q_reg[10]/CE","other","FDCE=2;LUT5=1;LUT6=2"
581,1.849,5.000,2.940,0.875,2.065,0.702,3,"a_q_reg[17]/C","ecc_leaf_a_q_reg[11]/CE","other","FDCE=2;LUT5=1;LUT6=2"
582,1.849,5.000,2.940,0.875,2.065,0.702,3,"a_q_reg[17]/C","ecc_leaf_a_q_reg[12]/CE","other","FDCE=2;LUT5=1;LUT6=2"
583,1.849,5.000,2.940,0.875,2.065,0.702,3,"a_q_reg[17]/C","ecc_leaf_a_q_reg[13]/CE","other","FDCE=2;LUT5=1;LUT6=2"
584,1.849,5.000,2.940,0.875,2.065,0.702,3,"a_q_reg[17]/C","ecc_leaf_a_q_reg[14]/CE","other","FDCE=2;LUT5=1;LUT6=2"
585,1.849,5.000,2.940,0.875,2.065,0.702,3,"a_q_reg[17]/C","ecc_leaf_a_q_reg[15]/CE","other","FDCE=2;LUT5=1;LUT6=2"
586,1.849,5.000,2.940,0.875,2.065,0.702,3,"a_q_reg[17]/C","ecc_leaf_a_q_reg[16]/CE","other","FDCE=2;LUT5=1;LUT6=2"
587,1.849,5.000,2.940,0.875,2.065,0.702,3,"a_q_reg[17]/C","ecc_leaf_a_q_reg[17]/CE","other","FDCE=2;LUT5=1;LUT6=2"
588,1.849,5.000,2.940,0.875,2.065,0.702,3,"a_q_reg[17]/C","ecc_leaf_a_q_reg[18]/CE","other","FDCE=2;LUT5=1;LUT6=2"
589,1.849,5.000,2.940,0.875,2.065,0.702,3,"a_q_reg[17]/C","ecc_leaf_a_q_reg[19]/CE","other","FDCE=2;LUT5=1;LUT6=2"
590,1.849,5.000,2.940,0.875,2.065,0.702,3,"a_q_reg[17]/C","ecc_leaf_a_q_reg[1]/CE","other","FDCE=2;LUT5=1;LUT6=2"
591,1.849,5.000,2.940,0.875,2.065,0.702,3,"a_q_reg[17]/C","ecc_leaf_a_q_reg[20]/CE","other","FDCE=2;LUT5=1;LUT6=2"
592,1.849,5.000,2.940,0.875,2.065,0.702,3,"a_q_reg[17]/C","ecc_leaf_a_q_reg[21]/CE","other","FDCE=2;LUT5=1;LUT6=2"
593,1.849,5.000,2.940,0.875,2.065,0.702,3,"a_q_reg[17]/C","ecc_leaf_a_q_reg[22]/CE","other","FDCE=2;LUT5=1;LUT6=2"
594,1.849,5.000,2.940,0.875,2.065,0.702,3,"a_q_reg[17]/C","ecc_leaf_a_q_reg[23]/CE","other","FDCE=2;LUT5=1;LUT6=2"
595,1.849,5.000,2.940,0.875,2.065,0.702,3,"a_q_reg[17]/C","ecc_leaf_a_q_reg[24]/CE","other","FDCE=2;LUT5=1;LUT6=2"
596,1.849,5.000,2.940,0.875,2.065,0.702,3,"a_q_reg[17]/C","ecc_leaf_a_q_reg[25]/CE","other","FDCE=2;LUT5=1;LUT6=2"
597,1.849,5.000,2.940,0.875,2.065,0.702,3,"a_q_reg[17]/C","ecc_leaf_a_q_reg[26]/CE","other","FDCE=2;LUT5=1;LUT6=2"
598,1.849,5.000,2.940,0.875,2.065,0.702,3,"a_q_reg[17]/C","ecc_leaf_a_q_reg[27]/CE","other","FDCE=2;LUT5=1;LUT6=2"
599,1.849,5.000,2.940,0.875,2.065,0.702,3,"a_q_reg[17]/C","ecc_leaf_a_q_reg[28]/CE","other","FDCE=2;LUT5=1;LUT6=2"
600,1.849,5.000,2.940,0.875,2.065,0.702,3,"a_q_reg[17]/C","ecc_leaf_a_q_reg[29]/CE","other","FDCE=2;LUT5=1;LUT6=2"
601,1.849,5.000,2.940,0.875,2.065,0.702,3,"a_q_reg[17]/C","ecc_leaf_a_q_reg[2]/CE","other","FDCE=2;LUT5=1;LUT6=2"
602,1.849,5.000,2.940,0.875,2.065,0.702,3,"a_q_reg[17]/C","ecc_leaf_a_q_reg[30]/CE","other","FDCE=2;LUT5=1;LUT6=2"
603,1.849,5.000,2.940,0.875,2.065,0.702,3,"a_q_reg[17]/C","ecc_leaf_a_q_reg[31]/CE","other","FDCE=2;LUT5=1;LUT6=2"
604,1.849,5.000,2.940,0.875,2.065,0.702,3,"a_q_reg[17]/C","ecc_leaf_a_q_reg[3]/CE","other","FDCE=2;LUT5=1;LUT6=2"
605,1.849,5.000,2.940,0.875,2.065,0.702,3,"a_q_reg[17]/C","ecc_leaf_a_q_reg[4]/CE","other","FDCE=2;LUT5=1;LUT6=2"
606,1.849,5.000,2.940,0.875,2.065,0.702,3,"a_q_reg[17]/C","ecc_leaf_a_q_reg[5]/CE","other","FDCE=2;LUT5=1;LUT6=2"
607,1.849,5.000,2.940,0.875,2.065,0.702,3,"a_q_reg[17]/C","ecc_leaf_a_q_reg[6]/CE","other","FDCE=2;LUT5=1;LUT6=2"
608,1.849,5.000,2.940,0.875,2.065,0.702,3,"a_q_reg[17]/C","ecc_leaf_a_q_reg[7]/CE","other","FDCE=2;LUT5=1;LUT6=2"
609,1.849,5.000,2.940,0.875,2.065,0.702,3,"a_q_reg[17]/C","ecc_leaf_a_q_reg[8]/CE","other","FDCE=2;LUT5=1;LUT6=2"
610,1.849,5.000,2.940,0.875,2.065,0.702,3,"a_q_reg[17]/C","ecc_leaf_a_q_reg[9]/CE","other","FDCE=2;LUT5=1;LUT6=2"
611,1.896,5.000,3.101,1.085,2.016,0.650,5,"ecc_fold_word_q_reg[0]/C","ecc_diag_base_q_reg[3]/D","other","FDCE=2;LUT2=2;LUT3=2;LUT6=1"
612,1.896,5.000,3.101,1.085,2.016,0.650,5,"ecc_fold_word_q_reg[0]/C","ecc_diag_base_q_reg[4]/D","other","FDCE=2;LUT2=2;LUT3=1;LUT4=1;LUT6=1"
613,1.896,5.000,3.101,1.085,2.016,0.650,5,"ecc_fold_word_q_reg[0]/C","ecc_diag_base_q_reg[5]/D","other","FDCE=2;LUT2=2;LUT3=1;LUT5=1;LUT6=1"
614,1.896,5.000,3.101,1.085,2.016,0.650,5,"ecc_fold_word_q_reg[0]/C","ecc_diag_base_q_reg[5]_rep/D","other","FDCE=2;LUT2=2;LUT3=1;LUT5=1;LUT6=1"
615,1.901,5.000,3.096,0.875,2.221,0.717,3,"ecc_leaf_id_q_reg[4]/C","ecc_product_odd_reg[0][0]/D","other","FDCE=1;FDRE=1;LUT5=2;LUT6=1"
616,1.901,5.000,3.096,0.875,2.221,0.717,3,"ecc_leaf_id_q_reg[4]/C","ecc_product_odd_reg[0][10]/D","other","FDCE=1;FDRE=1;LUT5=2;LUT6=1"
617,1.901,5.000,3.096,0.875,2.221,0.717,3,"ecc_leaf_id_q_reg[4]/C","ecc_product_odd_reg[0][11]/D","other","FDCE=1;FDRE=1;LUT5=2;LUT6=1"
618,1.901,5.000,3.096,0.875,2.221,0.717,3,"ecc_leaf_id_q_reg[4]/C","ecc_product_odd_reg[0][12]/D","other","FDCE=1;FDRE=1;LUT5=2;LUT6=1"
619,1.901,5.000,3.096,0.875,2.221,0.717,3,"ecc_leaf_id_q_reg[4]/C","ecc_product_odd_reg[0][13]/D","other","FDCE=1;FDRE=1;LUT5=2;LUT6=1"
620,1.901,5.000,3.096,0.875,2.221,0.717,3,"ecc_leaf_id_q_reg[4]/C","ecc_product_odd_reg[0][14]/D","other","FDCE=1;FDRE=1;LUT5=2;LUT6=1"
621,1.901,5.000,3.096,0.875,2.221,0.717,3,"ecc_leaf_id_q_reg[4]/C","ecc_product_odd_reg[0][15]/D","other","FDCE=1;FDRE=1;LUT5=2;LUT6=1"
622,1.901,5.000,3.096,0.875,2.221,0.717,3,"ecc_leaf_id_q_reg[4]/C","ecc_product_odd_reg[0][16]/D","other","FDCE=1;FDRE=1;LUT5=2;LUT6=1"
623,1.901,5.000,3.096,0.875,2.221,0.717,3,"ecc_leaf_id_q_reg[4]/C","ecc_product_odd_reg[0][17]/D","other","FDCE=1;FDRE=1;LUT5=2;LUT6=1"
624,1.901,5.000,3.096,0.875,2.221,0.717,3,"ecc_leaf_id_q_reg[4]/C","ecc_product_odd_reg[0][18]/D","other","FDCE=1;FDRE=1;LUT5=2;LUT6=1"
625,1.901,5.000,3.096,0.875,2.221,0.717,3,"ecc_leaf_id_q_reg[4]/C","ecc_product_odd_reg[0][19]/D","other","FDCE=1;FDRE=1;LUT5=2;LUT6=1"
626,1.901,5.000,3.096,0.875,2.221,0.717,3,"ecc_leaf_id_q_reg[4]/C","ecc_product_odd_reg[0][1]/D","other","FDCE=1;FDRE=1;LUT5=2;LUT6=1"
627,1.901,5.000,3.096,0.875,2.221,0.717,3,"ecc_leaf_id_q_reg[4]/C","ecc_product_odd_reg[0][20]/D","other","FDCE=1;FDRE=1;LUT5=2;LUT6=1"
628,1.901,5.000,3.096,0.875,2.221,0.717,3,"ecc_leaf_id_q_reg[4]/C","ecc_product_odd_reg[0][21]/D","other","FDCE=1;FDRE=1;LUT5=2;LUT6=1"
629,1.901,5.000,3.096,0.875,2.221,0.717,3,"ecc_leaf_id_q_reg[4]/C","ecc_product_odd_reg[0][22]/D","other","FDCE=1;FDRE=1;LUT5=2;LUT6=1"
630,1.901,5.000,3.096,0.875,2.221,0.717,3,"ecc_leaf_id_q_reg[4]/C","ecc_product_odd_reg[0][23]/D","other","FDCE=1;FDRE=1;LUT5=2;LUT6=1"
631,1.901,5.000,3.096,0.875,2.221,0.717,3,"ecc_leaf_id_q_reg[4]/C","ecc_product_odd_reg[0][24]/D","other","FDCE=1;FDRE=1;LUT5=2;LUT6=1"
632,1.901,5.000,3.096,0.875,2.221,0.717,3,"ecc_leaf_id_q_reg[4]/C","ecc_product_odd_reg[0][25]/D","other","FDCE=1;FDRE=1;LUT5=2;LUT6=1"
633,1.901,5.000,3.096,0.875,2.221,0.717,3,"ecc_leaf_id_q_reg[4]/C","ecc_product_odd_reg[0][26]/D","other","FDCE=1;FDRE=1;LUT5=2;LUT6=1"
634,1.901,5.000,3.096,0.875,2.221,0.717,3,"ecc_leaf_id_q_reg[4]/C","ecc_product_odd_reg[0][27]/D","other","FDCE=1;FDRE=1;LUT5=2;LUT6=1"
635,1.901,5.000,3.096,0.875,2.221,0.717,3,"ecc_leaf_id_q_reg[4]/C","ecc_product_odd_reg[0][28]/D","other","FDCE=1;FDRE=1;LUT5=2;LUT6=1"
636,1.901,5.000,3.096,0.875,2.221,0.717,3,"ecc_leaf_id_q_reg[4]/C","ecc_product_odd_reg[0][29]/D","other","FDCE=1;FDRE=1;LUT5=2;LUT6=1"
637,1.901,5.000,3.096,0.875,2.221,0.717,3,"ecc_leaf_id_q_reg[4]/C","ecc_product_odd_reg[0][2]/D","other","FDCE=1;FDRE=1;LUT5=2;LUT6=1"
638,1.901,5.000,3.096,0.875,2.221,0.717,3,"ecc_leaf_id_q_reg[4]/C","ecc_product_odd_reg[0][30]/D","other","FDCE=1;FDRE=1;LUT5=2;LUT6=1"
639,1.901,5.000,3.096,0.875,2.221,0.717,3,"ecc_leaf_id_q_reg[4]/C","ecc_product_odd_reg[0][32]/D","other","FDCE=1;FDRE=1;LUT5=2;LUT6=1"
640,1.901,5.000,3.096,0.875,2.221,0.717,3,"ecc_leaf_id_q_reg[4]/C","ecc_product_odd_reg[0][33]/D","other","FDCE=1;FDRE=1;LUT5=2;LUT6=1"
641,1.901,5.000,3.096,0.875,2.221,0.717,3,"ecc_leaf_id_q_reg[4]/C","ecc_product_odd_reg[0][34]/D","other","FDCE=1;FDRE=1;LUT5=2;LUT6=1"
642,1.901,5.000,3.096,0.875,2.221,0.717,3,"ecc_leaf_id_q_reg[4]/C","ecc_product_odd_reg[0][35]/D","other","FDCE=1;FDRE=1;LUT5=2;LUT6=1"
643,1.901,5.000,3.096,0.875,2.221,0.717,3,"ecc_leaf_id_q_reg[4]/C","ecc_product_odd_reg[0][36]/D","other","FDCE=1;FDRE=1;LUT5=2;LUT6=1"
644,1.901,5.000,3.096,0.875,2.221,0.717,3,"ecc_leaf_id_q_reg[4]/C","ecc_product_odd_reg[0][37]/D","other","FDCE=1;FDRE=1;LUT5=2;LUT6=1"
645,1.901,5.000,3.096,0.875,2.221,0.717,3,"ecc_leaf_id_q_reg[4]/C","ecc_product_odd_reg[0][38]/D","other","FDCE=1;FDRE=1;LUT5=2;LUT6=1"
646,1.901,5.000,3.096,0.875,2.221,0.717,3,"ecc_leaf_id_q_reg[4]/C","ecc_product_odd_reg[0][39]/D","other","FDCE=1;FDRE=1;LUT5=2;LUT6=1"
647,1.901,5.000,3.096,0.875,2.221,0.717,3,"ecc_leaf_id_q_reg[4]/C","ecc_product_odd_reg[0][3]/D","other","FDCE=1;FDRE=1;LUT5=2;LUT6=1"
648,1.901,5.000,3.096,0.875,2.221,0.717,3,"ecc_leaf_id_q_reg[4]/C","ecc_product_odd_reg[0][40]/D","other","FDCE=1;FDRE=1;LUT5=2;LUT6=1"
649,1.901,5.000,3.096,0.875,2.221,0.717,3,"ecc_leaf_id_q_reg[4]/C","ecc_product_odd_reg[0][41]/D","other","FDCE=1;FDRE=1;LUT5=2;LUT6=1"
650,1.901,5.000,3.096,0.875,2.221,0.717,3,"ecc_leaf_id_q_reg[4]/C","ecc_product_odd_reg[0][42]/D","other","FDCE=1;FDRE=1;LUT5=2;LUT6=1"
651,1.901,5.000,3.096,0.875,2.221,0.717,3,"ecc_leaf_id_q_reg[4]/C","ecc_product_odd_reg[0][43]/D","other","FDCE=1;FDRE=1;LUT5=2;LUT6=1"
652,1.901,5.000,3.096,0.875,2.221,0.717,3,"ecc_leaf_id_q_reg[4]/C","ecc_product_odd_reg[0][44]/D","other","FDCE=1;FDRE=1;LUT5=2;LUT6=1"
653,1.901,5.000,3.096,0.875,2.221,0.717,3,"ecc_leaf_id_q_reg[4]/C","ecc_product_odd_reg[0][45]/D","other","FDCE=1;FDRE=1;LUT5=2;LUT6=1"
654,1.901,5.000,3.096,0.875,2.221,0.717,3,"ecc_leaf_id_q_reg[4]/C","ecc_product_odd_reg[0][46]/D","other","FDCE=1;FDRE=1;LUT5=2;LUT6=1"
655,1.901,5.000,3.096,0.875,2.221,0.717,3,"ecc_leaf_id_q_reg[4]/C","ecc_product_odd_reg[0][47]/D","other","FDCE=1;FDRE=1;LUT5=2;LUT6=1"
656,1.901,5.000,3.096,0.875,2.221,0.717,3,"ecc_leaf_id_q_reg[4]/C","ecc_product_odd_reg[0][48]/D","other","FDCE=1;FDRE=1;LUT5=2;LUT6=1"
657,1.901,5.000,3.096,0.875,2.221,0.717,3,"ecc_leaf_id_q_reg[4]/C","ecc_product_odd_reg[0][49]/D","other","FDCE=1;FDRE=1;LUT5=2;LUT6=1"
658,1.901,5.000,3.096,0.875,2.221,0.717,3,"ecc_leaf_id_q_reg[4]/C","ecc_product_odd_reg[0][4]/D","other","FDCE=1;FDRE=1;LUT5=2;LUT6=1"
659,1.901,5.000,3.096,0.875,2.221,0.717,3,"ecc_leaf_id_q_reg[4]/C","ecc_product_odd_reg[0][50]/D","other","FDCE=1;FDRE=1;LUT5=2;LUT6=1"
660,1.901,5.000,3.096,0.875,2.221,0.717,3,"ecc_leaf_id_q_reg[4]/C","ecc_product_odd_reg[0][51]/D","other","FDCE=1;FDRE=1;LUT5=2;LUT6=1"
661,1.901,5.000,3.096,0.875,2.221,0.717,3,"ecc_leaf_id_q_reg[4]/C","ecc_product_odd_reg[0][52]/D","other","FDCE=1;FDRE=1;LUT5=2;LUT6=1"
662,1.901,5.000,3.096,0.875,2.221,0.717,3,"ecc_leaf_id_q_reg[4]/C","ecc_product_odd_reg[0][53]/D","other","FDCE=1;FDRE=1;LUT5=2;LUT6=1"
663,1.901,5.000,3.096,0.875,2.221,0.717,3,"ecc_leaf_id_q_reg[4]/C","ecc_product_odd_reg[0][54]/D","other","FDCE=1;FDRE=1;LUT5=2;LUT6=1"
664,1.901,5.000,3.096,0.875,2.221,0.717,3,"ecc_leaf_id_q_reg[4]/C","ecc_product_odd_reg[0][55]/D","other","FDCE=1;FDRE=1;LUT5=2;LUT6=1"
665,1.901,5.000,3.096,0.875,2.221,0.717,3,"ecc_leaf_id_q_reg[4]/C","ecc_product_odd_reg[0][56]/D","other","FDCE=1;FDRE=1;LUT5=2;LUT6=1"
666,1.901,5.000,3.096,0.875,2.221,0.717,3,"ecc_leaf_id_q_reg[4]/C","ecc_product_odd_reg[0][57]/D","other","FDCE=1;FDRE=1;LUT5=2;LUT6=1"
667,1.901,5.000,3.096,0.875,2.221,0.717,3,"ecc_leaf_id_q_reg[4]/C","ecc_product_odd_reg[0][58]/D","other","FDCE=1;FDRE=1;LUT5=2;LUT6=1"
668,1.901,5.000,3.096,0.875,2.221,0.717,3,"ecc_leaf_id_q_reg[4]/C","ecc_product_odd_reg[0][59]/D","other","FDCE=1;FDRE=1;LUT5=2;LUT6=1"
669,1.901,5.000,3.096,0.875,2.221,0.717,3,"ecc_leaf_id_q_reg[4]/C","ecc_product_odd_reg[0][5]/D","other","FDCE=1;FDRE=1;LUT5=2;LUT6=1"
670,1.901,5.000,3.096,0.875,2.221,0.717,3,"ecc_leaf_id_q_reg[4]/C","ecc_product_odd_reg[0][60]/D","other","FDCE=1;FDRE=1;LUT5=2;LUT6=1"
671,1.901,5.000,3.096,0.875,2.221,0.717,3,"ecc_leaf_id_q_reg[4]/C","ecc_product_odd_reg[0][61]/D","other","FDCE=1;FDRE=1;LUT5=2;LUT6=1"
672,1.901,5.000,3.096,0.875,2.221,0.717,3,"ecc_leaf_id_q_reg[4]/C","ecc_product_odd_reg[0][62]/D","other","FDCE=1;FDRE=1;LUT5=2;LUT6=1"
673,1.901,5.000,3.096,0.875,2.221,0.717,3,"ecc_leaf_id_q_reg[4]/C","ecc_product_odd_reg[0][6]/D","other","FDCE=1;FDRE=1;LUT5=2;LUT6=1"
674,1.901,5.000,3.096,0.875,2.221,0.717,3,"ecc_leaf_id_q_reg[4]/C","ecc_product_odd_reg[0][7]/D","other","FDCE=1;FDRE=1;LUT5=2;LUT6=1"
675,1.901,5.000,3.096,0.875,2.221,0.717,3,"ecc_leaf_id_q_reg[4]/C","ecc_product_odd_reg[0][8]/D","other","FDCE=1;FDRE=1;LUT5=2;LUT6=1"
676,1.901,5.000,3.096,0.875,2.221,0.717,3,"ecc_leaf_id_q_reg[4]/C","ecc_product_odd_reg[0][9]/D","other","FDCE=1;FDRE=1;LUT5=2;LUT6=1"
677,1.901,5.000,3.096,0.875,2.221,0.717,3,"ecc_leaf_id_q_reg[4]/C","ecc_product_odd_reg[1][0]/D","other","FDCE=1;FDRE=1;LUT5=2;LUT6=1"
678,1.901,5.000,3.096,0.875,2.221,0.717,3,"ecc_leaf_id_q_reg[4]/C","ecc_product_odd_reg[1][10]/D","other","FDCE=1;FDRE=1;LUT5=2;LUT6=1"
679,1.901,5.000,3.096,0.875,2.221,0.717,3,"ecc_leaf_id_q_reg[4]/C","ecc_product_odd_reg[1][11]/D","other","FDCE=1;FDRE=1;LUT5=2;LUT6=1"
680,1.901,5.000,3.096,0.875,2.221,0.717,3,"ecc_leaf_id_q_reg[4]/C","ecc_product_odd_reg[1][12]/D","other","FDCE=1;FDRE=1;LUT5=2;LUT6=1"
681,1.901,5.000,3.096,0.875,2.221,0.717,3,"ecc_leaf_id_q_reg[4]/C","ecc_product_odd_reg[1][13]/D","other","FDCE=1;FDRE=1;LUT5=2;LUT6=1"
682,1.901,5.000,3.096,0.875,2.221,0.717,3,"ecc_leaf_id_q_reg[4]/C","ecc_product_odd_reg[1][14]/D","other","FDCE=1;FDRE=1;LUT5=2;LUT6=1"
683,1.901,5.000,3.096,0.875,2.221,0.717,3,"ecc_leaf_id_q_reg[4]/C","ecc_product_odd_reg[1][15]/D","other","FDCE=1;FDRE=1;LUT5=2;LUT6=1"
684,1.901,5.000,3.096,0.875,2.221,0.717,3,"ecc_leaf_id_q_reg[4]/C","ecc_product_odd_reg[1][16]/D","other","FDCE=1;FDRE=1;LUT5=2;LUT6=1"
685,1.901,5.000,3.096,0.875,2.221,0.717,3,"ecc_leaf_id_q_reg[4]/C","ecc_product_odd_reg[1][17]/D","other","FDCE=1;FDRE=1;LUT5=2;LUT6=1"
686,1.901,5.000,3.096,0.875,2.221,0.717,3,"ecc_leaf_id_q_reg[4]/C","ecc_product_odd_reg[1][18]/D","other","FDCE=1;FDRE=1;LUT5=2;LUT6=1"
687,1.901,5.000,3.096,0.875,2.221,0.717,3,"ecc_leaf_id_q_reg[4]/C","ecc_product_odd_reg[1][19]/D","other","FDCE=1;FDRE=1;LUT5=2;LUT6=1"
688,1.901,5.000,3.096,0.875,2.221,0.717,3,"ecc_leaf_id_q_reg[4]/C","ecc_product_odd_reg[1][1]/D","other","FDCE=1;FDRE=1;LUT5=2;LUT6=1"
689,1.901,5.000,3.096,0.875,2.221,0.717,3,"ecc_leaf_id_q_reg[4]/C","ecc_product_odd_reg[1][20]/D","other","FDCE=1;FDRE=1;LUT5=2;LUT6=1"
690,1.901,5.000,3.096,0.875,2.221,0.717,3,"ecc_leaf_id_q_reg[4]/C","ecc_product_odd_reg[1][21]/D","other","FDCE=1;FDRE=1;LUT5=2;LUT6=1"
691,1.901,5.000,3.096,0.875,2.221,0.717,3,"ecc_leaf_id_q_reg[4]/C","ecc_product_odd_reg[1][22]/D","other","FDCE=1;FDRE=1;LUT5=2;LUT6=1"
692,1.901,5.000,3.096,0.875,2.221,0.717,3,"ecc_leaf_id_q_reg[4]/C","ecc_product_odd_reg[1][23]/D","other","FDCE=1;FDRE=1;LUT5=2;LUT6=1"
693,1.901,5.000,3.096,0.875,2.221,0.717,3,"ecc_leaf_id_q_reg[4]/C","ecc_product_odd_reg[1][24]/D","other","FDCE=1;FDRE=1;LUT5=2;LUT6=1"
694,1.901,5.000,3.096,0.875,2.221,0.717,3,"ecc_leaf_id_q_reg[4]/C","ecc_product_odd_reg[1][25]/D","other","FDCE=1;FDRE=1;LUT5=2;LUT6=1"
695,1.901,5.000,3.096,0.875,2.221,0.717,3,"ecc_leaf_id_q_reg[4]/C","ecc_product_odd_reg[1][26]/D","other","FDCE=1;FDRE=1;LUT5=2;LUT6=1"
696,1.901,5.000,3.096,0.875,2.221,0.717,3,"ecc_leaf_id_q_reg[4]/C","ecc_product_odd_reg[1][27]/D","other","FDCE=1;FDRE=1;LUT5=2;LUT6=1"
697,1.901,5.000,3.096,0.875,2.221,0.717,3,"ecc_leaf_id_q_reg[4]/C","ecc_product_odd_reg[1][28]/D","other","FDCE=1;FDRE=1;LUT5=2;LUT6=1"
698,1.901,5.000,3.096,0.875,2.221,0.717,3,"ecc_leaf_id_q_reg[4]/C","ecc_product_odd_reg[1][29]/D","other","FDCE=1;FDRE=1;LUT5=2;LUT6=1"
699,1.901,5.000,3.096,0.875,2.221,0.717,3,"ecc_leaf_id_q_reg[4]/C","ecc_product_odd_reg[1][2]/D","other","FDCE=1;FDRE=1;LUT5=2;LUT6=1"
700,1.901,5.000,3.096,0.875,2.221,0.717,3,"ecc_leaf_id_q_reg[4]/C","ecc_product_odd_reg[1][30]/D","other","FDCE=1;FDRE=1;LUT5=2;LUT6=1"
701,1.901,5.000,3.096,0.875,2.221,0.717,3,"ecc_leaf_id_q_reg[4]/C","ecc_product_odd_reg[1][32]/D","other","FDCE=1;FDRE=1;LUT5=2;LUT6=1"
702,1.901,5.000,3.096,0.875,2.221,0.717,3,"ecc_leaf_id_q_reg[4]/C","ecc_product_odd_reg[1][33]/D","other","FDCE=1;FDRE=1;LUT5=2;LUT6=1"
703,1.901,5.000,3.096,0.875,2.221,0.717,3,"ecc_leaf_id_q_reg[4]/C","ecc_product_odd_reg[1][34]/D","other","FDCE=1;FDRE=1;LUT5=2;LUT6=1"
704,1.901,5.000,3.096,0.875,2.221,0.717,3,"ecc_leaf_id_q_reg[4]/C","ecc_product_odd_reg[1][35]/D","other","FDCE=1;FDRE=1;LUT5=2;LUT6=1"
705,1.901,5.000,3.096,0.875,2.221,0.717,3,"ecc_leaf_id_q_reg[4]/C","ecc_product_odd_reg[1][36]/D","other","FDCE=1;FDRE=1;LUT5=2;LUT6=1"
706,1.901,5.000,3.096,0.875,2.221,0.717,3,"ecc_leaf_id_q_reg[4]/C","ecc_product_odd_reg[1][37]/D","other","FDCE=1;FDRE=1;LUT5=2;LUT6=1"
707,1.901,5.000,3.096,0.875,2.221,0.717,3,"ecc_leaf_id_q_reg[4]/C","ecc_product_odd_reg[1][38]/D","other","FDCE=1;FDRE=1;LUT5=2;LUT6=1"
708,1.901,5.000,3.096,0.875,2.221,0.717,3,"ecc_leaf_id_q_reg[4]/C","ecc_product_odd_reg[1][39]/D","other","FDCE=1;FDRE=1;LUT5=2;LUT6=1"
709,1.901,5.000,3.096,0.875,2.221,0.717,3,"ecc_leaf_id_q_reg[4]/C","ecc_product_odd_reg[1][3]/D","other","FDCE=1;FDRE=1;LUT5=2;LUT6=1"
710,1.901,5.000,3.096,0.875,2.221,0.717,3,"ecc_leaf_id_q_reg[4]/C","ecc_product_odd_reg[1][40]/D","other","FDCE=1;FDRE=1;LUT5=2;LUT6=1"
711,1.901,5.000,3.096,0.875,2.221,0.717,3,"ecc_leaf_id_q_reg[4]/C","ecc_product_odd_reg[1][41]/D","other","FDCE=1;FDRE=1;LUT5=2;LUT6=1"
712,1.901,5.000,3.096,0.875,2.221,0.717,3,"ecc_leaf_id_q_reg[4]/C","ecc_product_odd_reg[1][42]/D","other","FDCE=1;FDRE=1;LUT5=2;LUT6=1"
713,1.901,5.000,3.096,0.875,2.221,0.717,3,"ecc_leaf_id_q_reg[4]/C","ecc_product_odd_reg[1][43]/D","other","FDCE=1;FDRE=1;LUT5=2;LUT6=1"
714,1.901,5.000,3.096,0.875,2.221,0.717,3,"ecc_leaf_id_q_reg[4]/C","ecc_product_odd_reg[1][44]/D","other","FDCE=1;FDRE=1;LUT5=2;LUT6=1"
715,1.901,5.000,3.096,0.875,2.221,0.717,3,"ecc_leaf_id_q_reg[4]/C","ecc_product_odd_reg[1][45]/D","other","FDCE=1;FDRE=1;LUT5=2;LUT6=1"
716,1.901,5.000,3.096,0.875,2.221,0.717,3,"ecc_leaf_id_q_reg[4]/C","ecc_product_odd_reg[1][46]/D","other","FDCE=1;FDRE=1;LUT5=2;LUT6=1"
717,1.901,5.000,3.096,0.875,2.221,0.717,3,"ecc_leaf_id_q_reg[4]/C","ecc_product_odd_reg[1][47]/D","other","FDCE=1;FDRE=1;LUT5=2;LUT6=1"
718,1.901,5.000,3.096,0.875,2.221,0.717,3,"ecc_leaf_id_q_reg[4]/C","ecc_product_odd_reg[1][48]/D","other","FDCE=1;FDRE=1;LUT5=2;LUT6=1"
719,1.901,5.000,3.096,0.875,2.221,0.717,3,"ecc_leaf_id_q_reg[4]/C","ecc_product_odd_reg[1][49]/D","other","FDCE=1;FDRE=1;LUT5=2;LUT6=1"
720,1.901,5.000,3.096,0.875,2.221,0.717,3,"ecc_leaf_id_q_reg[4]/C","ecc_product_odd_reg[1][4]/D","other","FDCE=1;FDRE=1;LUT5=2;LUT6=1"
721,1.901,5.000,3.096,0.875,2.221,0.717,3,"ecc_leaf_id_q_reg[4]/C","ecc_product_odd_reg[1][50]/D","other","FDCE=1;FDRE=1;LUT5=2;LUT6=1"
722,1.901,5.000,3.096,0.875,2.221,0.717,3,"ecc_leaf_id_q_reg[4]/C","ecc_product_odd_reg[1][51]/D","other","FDCE=1;FDRE=1;LUT5=2;LUT6=1"
723,1.901,5.000,3.096,0.875,2.221,0.717,3,"ecc_leaf_id_q_reg[4]/C","ecc_product_odd_reg[1][52]/D","other","FDCE=1;FDRE=1;LUT5=2;LUT6=1"
724,1.901,5.000,3.096,0.875,2.221,0.717,3,"ecc_leaf_id_q_reg[4]/C","ecc_product_odd_reg[1][53]/D","other","FDCE=1;FDRE=1;LUT5=2;LUT6=1"
725,1.901,5.000,3.096,0.875,2.221,0.717,3,"ecc_leaf_id_q_reg[4]/C","ecc_product_odd_reg[1][54]/D","other","FDCE=1;FDRE=1;LUT5=2;LUT6=1"
726,1.901,5.000,3.096,0.875,2.221,0.717,3,"ecc_leaf_id_q_reg[4]/C","ecc_product_odd_reg[1][55]/D","other","FDCE=1;FDRE=1;LUT5=2;LUT6=1"
727,1.901,5.000,3.096,0.875,2.221,0.717,3,"ecc_leaf_id_q_reg[4]/C","ecc_product_odd_reg[1][56]/D","other","FDCE=1;FDRE=1;LUT5=2;LUT6=1"
728,1.901,5.000,3.096,0.875,2.221,0.717,3,"ecc_leaf_id_q_reg[4]/C","ecc_product_odd_reg[1][57]/D","other","FDCE=1;FDRE=1;LUT5=2;LUT6=1"
729,1.901,5.000,3.096,0.875,2.221,0.717,3,"ecc_leaf_id_q_reg[4]/C","ecc_product_odd_reg[1][58]/D","other","FDCE=1;FDRE=1;LUT5=2;LUT6=1"
730,1.901,5.000,3.096,0.875,2.221,0.717,3,"ecc_leaf_id_q_reg[4]/C","ecc_product_odd_reg[1][59]/D","other","FDCE=1;FDRE=1;LUT5=2;LUT6=1"
731,1.901,5.000,3.096,0.875,2.221,0.717,3,"ecc_leaf_id_q_reg[4]/C","ecc_product_odd_reg[1][5]/D","other","FDCE=1;FDRE=1;LUT5=2;LUT6=1"
732,1.901,5.000,3.096,0.875,2.221,0.717,3,"ecc_leaf_id_q_reg[4]/C","ecc_product_odd_reg[1][60]/D","other","FDCE=1;FDRE=1;LUT5=2;LUT6=1"
733,1.901,5.000,3.096,0.875,2.221,0.717,3,"ecc_leaf_id_q_reg[4]/C","ecc_product_odd_reg[1][61]/D","other","FDCE=1;FDRE=1;LUT5=2;LUT6=1"
734,1.901,5.000,3.096,0.875,2.221,0.717,3,"ecc_leaf_id_q_reg[4]/C","ecc_product_odd_reg[1][62]/D","other","FDCE=1;FDRE=1;LUT5=2;LUT6=1"
735,1.901,5.000,3.096,0.875,2.221,0.717,3,"ecc_leaf_id_q_reg[4]/C","ecc_product_odd_reg[1][6]/D","other","FDCE=1;FDRE=1;LUT5=2;LUT6=1"
736,1.901,5.000,3.096,0.875,2.221,0.717,3,"ecc_leaf_id_q_reg[4]/C","ecc_product_odd_reg[1][7]/D","other","FDCE=1;FDRE=1;LUT5=2;LUT6=1"
737,1.901,5.000,3.096,0.875,2.221,0.717,3,"ecc_leaf_id_q_reg[4]/C","ecc_product_odd_reg[1][8]/D","other","FDCE=1;FDRE=1;LUT5=2;LUT6=1"
738,1.901,5.000,3.096,0.875,2.221,0.717,3,"ecc_leaf_id_q_reg[4]/C","ecc_product_odd_reg[1][9]/D","other","FDCE=1;FDRE=1;LUT5=2;LUT6=1"
739,1.901,5.000,3.096,0.875,2.221,0.717,3,"ecc_leaf_id_q_reg[4]/C","ecc_product_odd_reg[2][0]/D","other","FDCE=1;FDRE=1;LUT5=2;LUT6=1"
740,1.901,5.000,3.096,0.875,2.221,0.717,3,"ecc_leaf_id_q_reg[4]/C","ecc_product_odd_reg[2][10]/D","other","FDCE=1;FDRE=1;LUT5=2;LUT6=1"
741,1.901,5.000,3.096,0.875,2.221,0.717,3,"ecc_leaf_id_q_reg[4]/C","ecc_product_odd_reg[2][11]/D","other","FDCE=1;FDRE=1;LUT5=2;LUT6=1"
742,1.901,5.000,3.096,0.875,2.221,0.717,3,"ecc_leaf_id_q_reg[4]/C","ecc_product_odd_reg[2][12]/D","other","FDCE=1;FDRE=1;LUT5=2;LUT6=1"
743,1.901,5.000,3.096,0.875,2.221,0.717,3,"ecc_leaf_id_q_reg[4]/C","ecc_product_odd_reg[2][13]/D","other","FDCE=1;FDRE=1;LUT5=2;LUT6=1"
744,1.901,5.000,3.096,0.875,2.221,0.717,3,"ecc_leaf_id_q_reg[4]/C","ecc_product_odd_reg[2][14]/D","other","FDCE=1;FDRE=1;LUT5=2;LUT6=1"
745,1.901,5.000,3.096,0.875,2.221,0.717,3,"ecc_leaf_id_q_reg[4]/C","ecc_product_odd_reg[2][15]/D","other","FDCE=1;FDRE=1;LUT5=2;LUT6=1"
746,1.901,5.000,3.096,0.875,2.221,0.717,3,"ecc_leaf_id_q_reg[4]/C","ecc_product_odd_reg[2][16]/D","other","FDCE=1;FDRE=1;LUT5=2;LUT6=1"
747,1.901,5.000,3.096,0.875,2.221,0.717,3,"ecc_leaf_id_q_reg[4]/C","ecc_product_odd_reg[2][17]/D","other","FDCE=1;FDRE=1;LUT5=2;LUT6=1"
748,1.901,5.000,3.096,0.875,2.221,0.717,3,"ecc_leaf_id_q_reg[4]/C","ecc_product_odd_reg[2][18]/D","other","FDCE=1;FDRE=1;LUT5=2;LUT6=1"
749,1.901,5.000,3.096,0.875,2.221,0.717,3,"ecc_leaf_id_q_reg[4]/C","ecc_product_odd_reg[2][19]/D","other","FDCE=1;FDRE=1;LUT5=2;LUT6=1"
750,1.901,5.000,3.096,0.875,2.221,0.717,3,"ecc_leaf_id_q_reg[4]/C","ecc_product_odd_reg[2][1]/D","other","FDCE=1;FDRE=1;LUT5=2;LUT6=1"
751,1.901,5.000,3.096,0.875,2.221,0.717,3,"ecc_leaf_id_q_reg[4]/C","ecc_product_odd_reg[2][20]/D","other","FDCE=1;FDRE=1;LUT5=2;LUT6=1"
752,1.901,5.000,3.096,0.875,2.221,0.717,3,"ecc_leaf_id_q_reg[4]/C","ecc_product_odd_reg[2][21]/D","other","FDCE=1;FDRE=1;LUT5=2;LUT6=1"
753,1.901,5.000,3.096,0.875,2.221,0.717,3,"ecc_leaf_id_q_reg[4]/C","ecc_product_odd_reg[2][22]/D","other","FDCE=1;FDRE=1;LUT5=2;LUT6=1"
754,1.901,5.000,3.096,0.875,2.221,0.717,3,"ecc_leaf_id_q_reg[4]/C","ecc_product_odd_reg[2][23]/D","other","FDCE=1;FDRE=1;LUT5=2;LUT6=1"
755,1.901,5.000,3.096,0.875,2.221,0.717,3,"ecc_leaf_id_q_reg[4]/C","ecc_product_odd_reg[2][24]/D","other","FDCE=1;FDRE=1;LUT5=2;LUT6=1"
756,1.901,5.000,3.096,0.875,2.221,0.717,3,"ecc_leaf_id_q_reg[4]/C","ecc_product_odd_reg[2][25]/D","other","FDCE=1;FDRE=1;LUT5=2;LUT6=1"
757,1.901,5.000,3.096,0.875,2.221,0.717,3,"ecc_leaf_id_q_reg[4]/C","ecc_product_odd_reg[2][26]/D","other","FDCE=1;FDRE=1;LUT5=2;LUT6=1"
758,1.901,5.000,3.096,0.875,2.221,0.717,3,"ecc_leaf_id_q_reg[4]/C","ecc_product_odd_reg[2][27]/D","other","FDCE=1;FDRE=1;LUT5=2;LUT6=1"
759,1.901,5.000,3.096,0.875,2.221,0.717,3,"ecc_leaf_id_q_reg[4]/C","ecc_product_odd_reg[2][28]/D","other","FDCE=1;FDRE=1;LUT5=2;LUT6=1"
760,1.901,5.000,3.096,0.875,2.221,0.717,3,"ecc_leaf_id_q_reg[4]/C","ecc_product_odd_reg[2][29]/D","other","FDCE=1;FDRE=1;LUT5=2;LUT6=1"
761,1.901,5.000,3.096,0.875,2.221,0.717,3,"ecc_leaf_id_q_reg[4]/C","ecc_product_odd_reg[2][2]/D","other","FDCE=1;FDRE=1;LUT5=2;LUT6=1"
762,1.901,5.000,3.096,0.875,2.221,0.717,3,"ecc_leaf_id_q_reg[4]/C","ecc_product_odd_reg[2][30]/D","other","FDCE=1;FDRE=1;LUT5=2;LUT6=1"
763,1.901,5.000,3.096,0.875,2.221,0.717,3,"ecc_leaf_id_q_reg[4]/C","ecc_product_odd_reg[2][32]/D","other","FDCE=1;FDRE=1;LUT5=2;LUT6=1"
764,1.901,5.000,3.096,0.875,2.221,0.717,3,"ecc_leaf_id_q_reg[4]/C","ecc_product_odd_reg[2][33]/D","other","FDCE=1;FDRE=1;LUT5=2;LUT6=1"
765,1.901,5.000,3.096,0.875,2.221,0.717,3,"ecc_leaf_id_q_reg[4]/C","ecc_product_odd_reg[2][34]/D","other","FDCE=1;FDRE=1;LUT5=2;LUT6=1"
766,1.901,5.000,3.096,0.875,2.221,0.717,3,"ecc_leaf_id_q_reg[4]/C","ecc_product_odd_reg[2][35]/D","other","FDCE=1;FDRE=1;LUT5=2;LUT6=1"
767,1.901,5.000,3.096,0.875,2.221,0.717,3,"ecc_leaf_id_q_reg[4]/C","ecc_product_odd_reg[2][36]/D","other","FDCE=1;FDRE=1;LUT5=2;LUT6=1"
768,1.901,5.000,3.096,0.875,2.221,0.717,3,"ecc_leaf_id_q_reg[4]/C","ecc_product_odd_reg[2][37]/D","other","FDCE=1;FDRE=1;LUT5=2;LUT6=1"
769,1.901,5.000,3.096,0.875,2.221,0.717,3,"ecc_leaf_id_q_reg[4]/C","ecc_product_odd_reg[2][38]/D","other","FDCE=1;FDRE=1;LUT5=2;LUT6=1"
770,1.901,5.000,3.096,0.875,2.221,0.717,3,"ecc_leaf_id_q_reg[4]/C","ecc_product_odd_reg[2][39]/D","other","FDCE=1;FDRE=1;LUT5=2;LUT6=1"
771,1.901,5.000,3.096,0.875,2.221,0.717,3,"ecc_leaf_id_q_reg[4]/C","ecc_product_odd_reg[2][3]/D","other","FDCE=1;FDRE=1;LUT5=2;LUT6=1"
772,1.901,5.000,3.096,0.875,2.221,0.717,3,"ecc_leaf_id_q_reg[4]/C","ecc_product_odd_reg[2][40]/D","other","FDCE=1;FDRE=1;LUT5=2;LUT6=1"
773,1.901,5.000,3.096,0.875,2.221,0.717,3,"ecc_leaf_id_q_reg[4]/C","ecc_product_odd_reg[2][41]/D","other","FDCE=1;FDRE=1;LUT5=2;LUT6=1"
774,1.901,5.000,3.096,0.875,2.221,0.717,3,"ecc_leaf_id_q_reg[4]/C","ecc_product_odd_reg[2][42]/D","other","FDCE=1;FDRE=1;LUT5=2;LUT6=1"
775,1.901,5.000,3.096,0.875,2.221,0.717,3,"ecc_leaf_id_q_reg[4]/C","ecc_product_odd_reg[2][43]/D","other","FDCE=1;FDRE=1;LUT5=2;LUT6=1"
776,1.901,5.000,3.096,0.875,2.221,0.717,3,"ecc_leaf_id_q_reg[4]/C","ecc_product_odd_reg[2][44]/D","other","FDCE=1;FDRE=1;LUT5=2;LUT6=1"
777,1.901,5.000,3.096,0.875,2.221,0.717,3,"ecc_leaf_id_q_reg[4]/C","ecc_product_odd_reg[2][45]/D","other","FDCE=1;FDRE=1;LUT5=2;LUT6=1"
778,1.901,5.000,3.096,0.875,2.221,0.717,3,"ecc_leaf_id_q_reg[4]/C","ecc_product_odd_reg[2][46]/D","other","FDCE=1;FDRE=1;LUT5=2;LUT6=1"
779,1.901,5.000,3.096,0.875,2.221,0.717,3,"ecc_leaf_id_q_reg[4]/C","ecc_product_odd_reg[2][47]/D","other","FDCE=1;FDRE=1;LUT5=2;LUT6=1"
780,1.901,5.000,3.096,0.875,2.221,0.717,3,"ecc_leaf_id_q_reg[4]/C","ecc_product_odd_reg[2][48]/D","other","FDCE=1;FDRE=1;LUT5=2;LUT6=1"
781,1.901,5.000,3.096,0.875,2.221,0.717,3,"ecc_leaf_id_q_reg[4]/C","ecc_product_odd_reg[2][49]/D","other","FDCE=1;FDRE=1;LUT5=2;LUT6=1"
782,1.901,5.000,3.096,0.875,2.221,0.717,3,"ecc_leaf_id_q_reg[4]/C","ecc_product_odd_reg[2][4]/D","other","FDCE=1;FDRE=1;LUT5=2;LUT6=1"
783,1.901,5.000,3.096,0.875,2.221,0.717,3,"ecc_leaf_id_q_reg[4]/C","ecc_product_odd_reg[2][50]/D","other","FDCE=1;FDRE=1;LUT5=2;LUT6=1"
784,1.901,5.000,3.096,0.875,2.221,0.717,3,"ecc_leaf_id_q_reg[4]/C","ecc_product_odd_reg[2][51]/D","other","FDCE=1;FDRE=1;LUT5=2;LUT6=1"
785,1.901,5.000,3.096,0.875,2.221,0.717,3,"ecc_leaf_id_q_reg[4]/C","ecc_product_odd_reg[2][52]/D","other","FDCE=1;FDRE=1;LUT5=2;LUT6=1"
786,1.901,5.000,3.096,0.875,2.221,0.717,3,"ecc_leaf_id_q_reg[4]/C","ecc_product_odd_reg[2][53]/D","other","FDCE=1;FDRE=1;LUT5=2;LUT6=1"
787,1.901,5.000,3.096,0.875,2.221,0.717,3,"ecc_leaf_id_q_reg[4]/C","ecc_product_odd_reg[2][54]/D","other","FDCE=1;FDRE=1;LUT5=2;LUT6=1"
788,1.901,5.000,3.096,0.875,2.221,0.717,3,"ecc_leaf_id_q_reg[4]/C","ecc_product_odd_reg[2][55]/D","other","FDCE=1;FDRE=1;LUT5=2;LUT6=1"
789,1.901,5.000,3.096,0.875,2.221,0.717,3,"ecc_leaf_id_q_reg[4]/C","ecc_product_odd_reg[2][56]/D","other","FDCE=1;FDRE=1;LUT5=2;LUT6=1"
790,1.901,5.000,3.096,0.875,2.221,0.717,3,"ecc_leaf_id_q_reg[4]/C","ecc_product_odd_reg[2][57]/D","other","FDCE=1;FDRE=1;LUT5=2;LUT6=1"
791,1.901,5.000,3.096,0.875,2.221,0.717,3,"ecc_leaf_id_q_reg[4]/C","ecc_product_odd_reg[2][58]/D","other","FDCE=1;FDRE=1;LUT5=2;LUT6=1"
792,1.901,5.000,3.096,0.875,2.221,0.717,3,"ecc_leaf_id_q_reg[4]/C","ecc_product_odd_reg[2][59]/D","other","FDCE=1;FDRE=1;LUT5=2;LUT6=1"
793,1.901,5.000,3.096,0.875,2.221,0.717,3,"ecc_leaf_id_q_reg[4]/C","ecc_product_odd_reg[2][5]/D","other","FDCE=1;FDRE=1;LUT5=2;LUT6=1"
794,1.901,5.000,3.096,0.875,2.221,0.717,3,"ecc_leaf_id_q_reg[4]/C","ecc_product_odd_reg[2][60]/D","other","FDCE=1;FDRE=1;LUT5=2;LUT6=1"
795,1.901,5.000,3.096,0.875,2.221,0.717,3,"ecc_leaf_id_q_reg[4]/C","ecc_product_odd_reg[2][61]/D","other","FDCE=1;FDRE=1;LUT5=2;LUT6=1"
796,1.901,5.000,3.096,0.875,2.221,0.717,3,"ecc_leaf_id_q_reg[4]/C","ecc_product_odd_reg[2][62]/D","other","FDCE=1;FDRE=1;LUT5=2;LUT6=1"
797,1.901,5.000,3.096,0.875,2.221,0.717,3,"ecc_leaf_id_q_reg[4]/C","ecc_product_odd_reg[2][6]/D","other","FDCE=1;FDRE=1;LUT5=2;LUT6=1"
798,1.901,5.000,3.096,0.875,2.221,0.717,3,"ecc_leaf_id_q_reg[4]/C","ecc_product_odd_reg[2][7]/D","other","FDCE=1;FDRE=1;LUT5=2;LUT6=1"
799,1.901,5.000,3.096,0.875,2.221,0.717,3,"ecc_leaf_id_q_reg[4]/C","ecc_product_odd_reg[2][8]/D","other","FDCE=1;FDRE=1;LUT5=2;LUT6=1"
800,1.901,5.000,3.096,0.875,2.221,0.717,3,"ecc_leaf_id_q_reg[4]/C","ecc_product_odd_reg[2][9]/D","other","FDCE=1;FDRE=1;LUT5=2;LUT6=1"
801,1.901,5.000,3.096,0.875,2.221,0.717,3,"ecc_leaf_id_q_reg[4]/C","ecc_product_odd_reg[3][0]/D","other","FDCE=1;FDRE=1;LUT5=2;LUT6=1"
802,1.901,5.000,3.096,0.875,2.221,0.717,3,"ecc_leaf_id_q_reg[4]/C","ecc_product_odd_reg[3][10]/D","other","FDCE=1;FDRE=1;LUT5=2;LUT6=1"
803,1.901,5.000,3.096,0.875,2.221,0.717,3,"ecc_leaf_id_q_reg[4]/C","ecc_product_odd_reg[3][11]/D","other","FDCE=1;FDRE=1;LUT5=2;LUT6=1"
804,1.901,5.000,3.096,0.875,2.221,0.717,3,"ecc_leaf_id_q_reg[4]/C","ecc_product_odd_reg[3][12]/D","other","FDCE=1;FDRE=1;LUT5=2;LUT6=1"
805,1.901,5.000,3.096,0.875,2.221,0.717,3,"ecc_leaf_id_q_reg[4]/C","ecc_product_odd_reg[3][13]/D","other","FDCE=1;FDRE=1;LUT5=2;LUT6=1"
806,1.901,5.000,3.096,0.875,2.221,0.717,3,"ecc_leaf_id_q_reg[4]/C","ecc_product_odd_reg[3][14]/D","other","FDCE=1;FDRE=1;LUT5=2;LUT6=1"
807,1.901,5.000,3.096,0.875,2.221,0.717,3,"ecc_leaf_id_q_reg[4]/C","ecc_product_odd_reg[3][15]/D","other","FDCE=1;FDRE=1;LUT5=2;LUT6=1"
808,1.901,5.000,3.096,0.875,2.221,0.717,3,"ecc_leaf_id_q_reg[4]/C","ecc_product_odd_reg[3][16]/D","other","FDCE=1;FDRE=1;LUT5=2;LUT6=1"
809,1.901,5.000,3.096,0.875,2.221,0.717,3,"ecc_leaf_id_q_reg[4]/C","ecc_product_odd_reg[3][17]/D","other","FDCE=1;FDRE=1;LUT5=2;LUT6=1"
810,1.901,5.000,3.096,0.875,2.221,0.717,3,"ecc_leaf_id_q_reg[4]/C","ecc_product_odd_reg[3][18]/D","other","FDCE=1;FDRE=1;LUT5=2;LUT6=1"
811,1.901,5.000,3.096,0.875,2.221,0.717,3,"ecc_leaf_id_q_reg[4]/C","ecc_product_odd_reg[3][19]/D","other","FDCE=1;FDRE=1;LUT5=2;LUT6=1"
812,1.901,5.000,3.096,0.875,2.221,0.717,3,"ecc_leaf_id_q_reg[4]/C","ecc_product_odd_reg[3][1]/D","other","FDCE=1;FDRE=1;LUT5=2;LUT6=1"
813,1.901,5.000,3.096,0.875,2.221,0.717,3,"ecc_leaf_id_q_reg[4]/C","ecc_product_odd_reg[3][20]/D","other","FDCE=1;FDRE=1;LUT5=2;LUT6=1"
814,1.901,5.000,3.096,0.875,2.221,0.717,3,"ecc_leaf_id_q_reg[4]/C","ecc_product_odd_reg[3][21]/D","other","FDCE=1;FDRE=1;LUT5=2;LUT6=1"
815,1.901,5.000,3.096,0.875,2.221,0.717,3,"ecc_leaf_id_q_reg[4]/C","ecc_product_odd_reg[3][22]/D","other","FDCE=1;FDRE=1;LUT5=2;LUT6=1"
816,1.901,5.000,3.096,0.875,2.221,0.717,3,"ecc_leaf_id_q_reg[4]/C","ecc_product_odd_reg[3][23]/D","other","FDCE=1;FDRE=1;LUT5=2;LUT6=1"
817,1.901,5.000,3.096,0.875,2.221,0.717,3,"ecc_leaf_id_q_reg[4]/C","ecc_product_odd_reg[3][24]/D","other","FDCE=1;FDRE=1;LUT5=2;LUT6=1"
818,1.901,5.000,3.096,0.875,2.221,0.717,3,"ecc_leaf_id_q_reg[4]/C","ecc_product_odd_reg[3][25]/D","other","FDCE=1;FDRE=1;LUT5=2;LUT6=1"
819,1.901,5.000,3.096,0.875,2.221,0.717,3,"ecc_leaf_id_q_reg[4]/C","ecc_product_odd_reg[3][26]/D","other","FDCE=1;FDRE=1;LUT5=2;LUT6=1"
820,1.901,5.000,3.096,0.875,2.221,0.717,3,"ecc_leaf_id_q_reg[4]/C","ecc_product_odd_reg[3][27]/D","other","FDCE=1;FDRE=1;LUT5=2;LUT6=1"
821,1.901,5.000,3.096,0.875,2.221,0.717,3,"ecc_leaf_id_q_reg[4]/C","ecc_product_odd_reg[3][28]/D","other","FDCE=1;FDRE=1;LUT5=2;LUT6=1"
822,1.901,5.000,3.096,0.875,2.221,0.717,3,"ecc_leaf_id_q_reg[4]/C","ecc_product_odd_reg[3][29]/D","other","FDCE=1;FDRE=1;LUT5=2;LUT6=1"
823,1.901,5.000,3.096,0.875,2.221,0.717,3,"ecc_leaf_id_q_reg[4]/C","ecc_product_odd_reg[3][2]/D","other","FDCE=1;FDRE=1;LUT5=2;LUT6=1"
824,1.901,5.000,3.096,0.875,2.221,0.717,3,"ecc_leaf_id_q_reg[4]/C","ecc_product_odd_reg[3][30]/D","other","FDCE=1;FDRE=1;LUT5=2;LUT6=1"
825,1.901,5.000,3.096,0.875,2.221,0.717,3,"ecc_leaf_id_q_reg[4]/C","ecc_product_odd_reg[3][32]/D","other","FDCE=1;FDRE=1;LUT5=2;LUT6=1"
826,1.901,5.000,3.096,0.875,2.221,0.717,3,"ecc_leaf_id_q_reg[4]/C","ecc_product_odd_reg[3][33]/D","other","FDCE=1;FDRE=1;LUT5=2;LUT6=1"
827,1.901,5.000,3.096,0.875,2.221,0.717,3,"ecc_leaf_id_q_reg[4]/C","ecc_product_odd_reg[3][34]/D","other","FDCE=1;FDRE=1;LUT5=2;LUT6=1"
828,1.901,5.000,3.096,0.875,2.221,0.717,3,"ecc_leaf_id_q_reg[4]/C","ecc_product_odd_reg[3][35]/D","other","FDCE=1;FDRE=1;LUT5=2;LUT6=1"
829,1.901,5.000,3.096,0.875,2.221,0.717,3,"ecc_leaf_id_q_reg[4]/C","ecc_product_odd_reg[3][36]/D","other","FDCE=1;FDRE=1;LUT5=2;LUT6=1"
830,1.901,5.000,3.096,0.875,2.221,0.717,3,"ecc_leaf_id_q_reg[4]/C","ecc_product_odd_reg[3][37]/D","other","FDCE=1;FDRE=1;LUT5=2;LUT6=1"
831,1.901,5.000,3.096,0.875,2.221,0.717,3,"ecc_leaf_id_q_reg[4]/C","ecc_product_odd_reg[3][38]/D","other","FDCE=1;FDRE=1;LUT5=2;LUT6=1"
832,1.901,5.000,3.096,0.875,2.221,0.717,3,"ecc_leaf_id_q_reg[4]/C","ecc_product_odd_reg[3][39]/D","other","FDCE=1;FDRE=1;LUT5=2;LUT6=1"
833,1.901,5.000,3.096,0.875,2.221,0.717,3,"ecc_leaf_id_q_reg[4]/C","ecc_product_odd_reg[3][3]/D","other","FDCE=1;FDRE=1;LUT5=2;LUT6=1"
834,1.901,5.000,3.096,0.875,2.221,0.717,3,"ecc_leaf_id_q_reg[4]/C","ecc_product_odd_reg[3][40]/D","other","FDCE=1;FDRE=1;LUT5=2;LUT6=1"
835,1.901,5.000,3.096,0.875,2.221,0.717,3,"ecc_leaf_id_q_reg[4]/C","ecc_product_odd_reg[3][41]/D","other","FDCE=1;FDRE=1;LUT5=2;LUT6=1"
836,1.901,5.000,3.096,0.875,2.221,0.717,3,"ecc_leaf_id_q_reg[4]/C","ecc_product_odd_reg[3][42]/D","other","FDCE=1;FDRE=1;LUT5=2;LUT6=1"
837,1.901,5.000,3.096,0.875,2.221,0.717,3,"ecc_leaf_id_q_reg[4]/C","ecc_product_odd_reg[3][43]/D","other","FDCE=1;FDRE=1;LUT5=2;LUT6=1"
838,1.901,5.000,3.096,0.875,2.221,0.717,3,"ecc_leaf_id_q_reg[4]/C","ecc_product_odd_reg[3][44]/D","other","FDCE=1;FDRE=1;LUT5=2;LUT6=1"
839,1.901,5.000,3.096,0.875,2.221,0.717,3,"ecc_leaf_id_q_reg[4]/C","ecc_product_odd_reg[3][45]/D","other","FDCE=1;FDRE=1;LUT5=2;LUT6=1"
840,1.901,5.000,3.096,0.875,2.221,0.717,3,"ecc_leaf_id_q_reg[4]/C","ecc_product_odd_reg[3][46]/D","other","FDCE=1;FDRE=1;LUT5=2;LUT6=1"
841,1.901,5.000,3.096,0.875,2.221,0.717,3,"ecc_leaf_id_q_reg[4]/C","ecc_product_odd_reg[3][47]/D","other","FDCE=1;FDRE=1;LUT5=2;LUT6=1"
842,1.901,5.000,3.096,0.875,2.221,0.717,3,"ecc_leaf_id_q_reg[4]/C","ecc_product_odd_reg[3][48]/D","other","FDCE=1;FDRE=1;LUT5=2;LUT6=1"
843,1.901,5.000,3.096,0.875,2.221,0.717,3,"ecc_leaf_id_q_reg[4]/C","ecc_product_odd_reg[3][49]/D","other","FDCE=1;FDRE=1;LUT5=2;LUT6=1"
844,1.901,5.000,3.096,0.875,2.221,0.717,3,"ecc_leaf_id_q_reg[4]/C","ecc_product_odd_reg[3][4]/D","other","FDCE=1;FDRE=1;LUT5=2;LUT6=1"
845,1.901,5.000,3.096,0.875,2.221,0.717,3,"ecc_leaf_id_q_reg[4]/C","ecc_product_odd_reg[3][50]/D","other","FDCE=1;FDRE=1;LUT5=2;LUT6=1"
846,1.901,5.000,3.096,0.875,2.221,0.717,3,"ecc_leaf_id_q_reg[4]/C","ecc_product_odd_reg[3][51]/D","other","FDCE=1;FDRE=1;LUT5=2;LUT6=1"
847,1.901,5.000,3.096,0.875,2.221,0.717,3,"ecc_leaf_id_q_reg[4]/C","ecc_product_odd_reg[3][52]/D","other","FDCE=1;FDRE=1;LUT5=2;LUT6=1"
848,1.901,5.000,3.096,0.875,2.221,0.717,3,"ecc_leaf_id_q_reg[4]/C","ecc_product_odd_reg[3][53]/D","other","FDCE=1;FDRE=1;LUT5=2;LUT6=1"
849,1.901,5.000,3.096,0.875,2.221,0.717,3,"ecc_leaf_id_q_reg[4]/C","ecc_product_odd_reg[3][54]/D","other","FDCE=1;FDRE=1;LUT5=2;LUT6=1"
850,1.901,5.000,3.096,0.875,2.221,0.717,3,"ecc_leaf_id_q_reg[4]/C","ecc_product_odd_reg[3][55]/D","other","FDCE=1;FDRE=1;LUT5=2;LUT6=1"
851,1.901,5.000,3.096,0.875,2.221,0.717,3,"ecc_leaf_id_q_reg[4]/C","ecc_product_odd_reg[3][56]/D","other","FDCE=1;FDRE=1;LUT5=2;LUT6=1"
852,1.901,5.000,3.096,0.875,2.221,0.717,3,"ecc_leaf_id_q_reg[4]/C","ecc_product_odd_reg[3][57]/D","other","FDCE=1;FDRE=1;LUT5=2;LUT6=1"
853,1.901,5.000,3.096,0.875,2.221,0.717,3,"ecc_leaf_id_q_reg[4]/C","ecc_product_odd_reg[3][58]/D","other","FDCE=1;FDRE=1;LUT5=2;LUT6=1"
854,1.901,5.000,3.096,0.875,2.221,0.717,3,"ecc_leaf_id_q_reg[4]/C","ecc_product_odd_reg[3][59]/D","other","FDCE=1;FDRE=1;LUT5=2;LUT6=1"
855,1.901,5.000,3.096,0.875,2.221,0.717,3,"ecc_leaf_id_q_reg[4]/C","ecc_product_odd_reg[3][5]/D","other","FDCE=1;FDRE=1;LUT5=2;LUT6=1"
856,1.901,5.000,3.096,0.875,2.221,0.717,3,"ecc_leaf_id_q_reg[4]/C","ecc_product_odd_reg[3][60]/D","other","FDCE=1;FDRE=1;LUT5=2;LUT6=1"
857,1.901,5.000,3.096,0.875,2.221,0.717,3,"ecc_leaf_id_q_reg[4]/C","ecc_product_odd_reg[3][61]/D","other","FDCE=1;FDRE=1;LUT5=2;LUT6=1"
858,1.901,5.000,3.096,0.875,2.221,0.717,3,"ecc_leaf_id_q_reg[4]/C","ecc_product_odd_reg[3][62]/D","other","FDCE=1;FDRE=1;LUT5=2;LUT6=1"
859,1.901,5.000,3.096,0.875,2.221,0.717,3,"ecc_leaf_id_q_reg[4]/C","ecc_product_odd_reg[3][6]/D","other","FDCE=1;FDRE=1;LUT5=2;LUT6=1"
860,1.901,5.000,3.096,0.875,2.221,0.717,3,"ecc_leaf_id_q_reg[4]/C","ecc_product_odd_reg[3][7]/D","other","FDCE=1;FDRE=1;LUT5=2;LUT6=1"
861,1.901,5.000,3.096,0.875,2.221,0.717,3,"ecc_leaf_id_q_reg[4]/C","ecc_product_odd_reg[3][8]/D","other","FDCE=1;FDRE=1;LUT5=2;LUT6=1"
862,1.901,5.000,3.096,0.875,2.221,0.717,3,"ecc_leaf_id_q_reg[4]/C","ecc_product_odd_reg[3][9]/D","other","FDCE=1;FDRE=1;LUT5=2;LUT6=1"
863,1.939,5.000,3.058,1.085,1.973,0.645,5,"ecc_fold_word_q_reg[0]/C","ecc_product_even_reg[0][32]/D","other","FDCE=1;FDRE=1;LUT2=1;LUT5=1;LUT6=3"
864,1.939,5.000,3.058,1.085,1.973,0.645,5,"ecc_fold_word_q_reg[0]/C","ecc_product_even_reg[0][33]/D","other","FDCE=1;FDRE=1;LUT2=1;LUT5=1;LUT6=3"
865,1.939,5.000,3.058,1.085,1.973,0.645,5,"ecc_fold_word_q_reg[0]/C","ecc_product_even_reg[0][34]/D","other","FDCE=1;FDRE=1;LUT2=1;LUT5=1;LUT6=3"
866,1.939,5.000,3.058,1.085,1.973,0.645,5,"ecc_fold_word_q_reg[0]/C","ecc_product_even_reg[0][35]/D","other","FDCE=1;FDRE=1;LUT2=1;LUT5=1;LUT6=3"
867,1.939,5.000,3.058,1.085,1.973,0.645,5,"ecc_fold_word_q_reg[0]/C","ecc_product_even_reg[0][36]/D","other","FDCE=1;FDRE=1;LUT2=1;LUT5=1;LUT6=3"
868,1.939,5.000,3.058,1.085,1.973,0.645,5,"ecc_fold_word_q_reg[0]/C","ecc_product_even_reg[0][37]/D","other","FDCE=1;FDRE=1;LUT2=1;LUT5=1;LUT6=3"
869,1.939,5.000,3.058,1.085,1.973,0.645,5,"ecc_fold_word_q_reg[0]/C","ecc_product_even_reg[0][38]/D","other","FDCE=1;FDRE=1;LUT2=1;LUT5=1;LUT6=3"
870,1.939,5.000,3.058,1.085,1.973,0.645,5,"ecc_fold_word_q_reg[0]/C","ecc_product_even_reg[0][39]/D","other","FDCE=1;FDRE=1;LUT2=1;LUT5=1;LUT6=3"
871,1.939,5.000,3.058,1.085,1.973,0.645,5,"ecc_fold_word_q_reg[0]/C","ecc_product_even_reg[0][40]/D","other","FDCE=1;FDRE=1;LUT2=1;LUT5=1;LUT6=3"
872,1.939,5.000,3.058,1.085,1.973,0.645,5,"ecc_fold_word_q_reg[0]/C","ecc_product_even_reg[0][41]/D","other","FDCE=1;FDRE=1;LUT2=1;LUT5=1;LUT6=3"
873,1.939,5.000,3.058,1.085,1.973,0.645,5,"ecc_fold_word_q_reg[0]/C","ecc_product_even_reg[0][42]/D","other","FDCE=1;FDRE=1;LUT2=1;LUT5=1;LUT6=3"
874,1.939,5.000,3.058,1.085,1.973,0.645,5,"ecc_fold_word_q_reg[0]/C","ecc_product_even_reg[0][43]/D","other","FDCE=1;FDRE=1;LUT2=1;LUT5=1;LUT6=3"
875,1.939,5.000,3.058,1.085,1.973,0.645,5,"ecc_fold_word_q_reg[0]/C","ecc_product_even_reg[0][44]/D","other","FDCE=1;FDRE=1;LUT2=1;LUT5=1;LUT6=3"
876,1.939,5.000,3.058,1.085,1.973,0.645,5,"ecc_fold_word_q_reg[0]/C","ecc_product_even_reg[0][45]/D","other","FDCE=1;FDRE=1;LUT2=1;LUT5=1;LUT6=3"
877,1.939,5.000,3.058,1.085,1.973,0.645,5,"ecc_fold_word_q_reg[0]/C","ecc_product_even_reg[0][46]/D","other","FDCE=1;FDRE=1;LUT2=1;LUT5=1;LUT6=3"
878,1.939,5.000,3.058,1.085,1.973,0.645,5,"ecc_fold_word_q_reg[0]/C","ecc_product_even_reg[0][47]/D","other","FDCE=1;FDRE=1;LUT2=1;LUT5=1;LUT6=3"
879,1.939,5.000,3.058,1.085,1.973,0.645,5,"ecc_fold_word_q_reg[0]/C","ecc_product_even_reg[0][48]/D","other","FDCE=1;FDRE=1;LUT2=1;LUT5=1;LUT6=3"
880,1.939,5.000,3.058,1.085,1.973,0.645,5,"ecc_fold_word_q_reg[0]/C","ecc_product_even_reg[0][49]/D","other","FDCE=1;FDRE=1;LUT2=1;LUT5=1;LUT6=3"
881,1.939,5.000,3.058,1.085,1.973,0.645,5,"ecc_fold_word_q_reg[0]/C","ecc_product_even_reg[0][50]/D","other","FDCE=1;FDRE=1;LUT2=1;LUT5=1;LUT6=3"
882,1.939,5.000,3.058,1.085,1.973,0.645,5,"ecc_fold_word_q_reg[0]/C","ecc_product_even_reg[0][51]/D","other","FDCE=1;FDRE=1;LUT2=1;LUT5=1;LUT6=3"
883,1.939,5.000,3.058,1.085,1.973,0.645,5,"ecc_fold_word_q_reg[0]/C","ecc_product_even_reg[0][52]/D","other","FDCE=1;FDRE=1;LUT2=1;LUT5=1;LUT6=3"
884,1.939,5.000,3.058,1.085,1.973,0.645,5,"ecc_fold_word_q_reg[0]/C","ecc_product_even_reg[0][53]/D","other","FDCE=1;FDRE=1;LUT2=1;LUT5=1;LUT6=3"
885,1.939,5.000,3.058,1.085,1.973,0.645,5,"ecc_fold_word_q_reg[0]/C","ecc_product_even_reg[0][54]/D","other","FDCE=1;FDRE=1;LUT2=1;LUT5=1;LUT6=3"
886,1.939,5.000,3.058,1.085,1.973,0.645,5,"ecc_fold_word_q_reg[0]/C","ecc_product_even_reg[0][55]/D","other","FDCE=1;FDRE=1;LUT2=1;LUT5=1;LUT6=3"
887,1.939,5.000,3.058,1.085,1.973,0.645,5,"ecc_fold_word_q_reg[0]/C","ecc_product_even_reg[0][56]/D","other","FDCE=1;FDRE=1;LUT2=1;LUT5=1;LUT6=3"
888,1.939,5.000,3.058,1.085,1.973,0.645,5,"ecc_fold_word_q_reg[0]/C","ecc_product_even_reg[0][57]/D","other","FDCE=1;FDRE=1;LUT2=1;LUT5=1;LUT6=3"
889,1.939,5.000,3.058,1.085,1.973,0.645,5,"ecc_fold_word_q_reg[0]/C","ecc_product_even_reg[0][58]/D","other","FDCE=1;FDRE=1;LUT2=1;LUT5=1;LUT6=3"
890,1.939,5.000,3.058,1.085,1.973,0.645,5,"ecc_fold_word_q_reg[0]/C","ecc_product_even_reg[0][59]/D","other","FDCE=1;FDRE=1;LUT2=1;LUT5=1;LUT6=3"
891,1.939,5.000,3.058,1.085,1.973,0.645,5,"ecc_fold_word_q_reg[0]/C","ecc_product_even_reg[0][60]/D","other","FDCE=1;FDRE=1;LUT2=1;LUT5=1;LUT6=3"
892,1.939,5.000,3.058,1.085,1.973,0.645,5,"ecc_fold_word_q_reg[0]/C","ecc_product_even_reg[0][61]/D","other","FDCE=1;FDRE=1;LUT2=1;LUT5=1;LUT6=3"
893,1.939,5.000,3.058,1.085,1.973,0.645,5,"ecc_fold_word_q_reg[0]/C","ecc_product_even_reg[0][62]/D","other","FDCE=1;FDRE=1;LUT2=1;LUT5=1;LUT6=3"
894,1.939,5.000,3.058,1.085,1.973,0.645,5,"ecc_fold_word_q_reg[0]/C","ecc_product_even_reg[0][63]/D","other","FDCE=1;FDRE=1;LUT2=1;LUT3=1;LUT6=3"
895,1.939,5.000,3.058,1.085,1.973,0.645,5,"ecc_fold_word_q_reg[0]/C","ecc_product_even_reg[1][32]/D","other","FDCE=1;FDRE=1;LUT2=1;LUT5=1;LUT6=3"
896,1.939,5.000,3.058,1.085,1.973,0.645,5,"ecc_fold_word_q_reg[0]/C","ecc_product_even_reg[1][33]/D","other","FDCE=1;FDRE=1;LUT2=1;LUT5=1;LUT6=3"
897,1.939,5.000,3.058,1.085,1.973,0.645,5,"ecc_fold_word_q_reg[0]/C","ecc_product_even_reg[1][34]/D","other","FDCE=1;FDRE=1;LUT2=1;LUT5=1;LUT6=3"
898,1.939,5.000,3.058,1.085,1.973,0.645,5,"ecc_fold_word_q_reg[0]/C","ecc_product_even_reg[1][35]/D","other","FDCE=1;FDRE=1;LUT2=1;LUT5=1;LUT6=3"
899,1.939,5.000,3.058,1.085,1.973,0.645,5,"ecc_fold_word_q_reg[0]/C","ecc_product_even_reg[1][36]/D","other","FDCE=1;FDRE=1;LUT2=1;LUT5=1;LUT6=3"
900,1.939,5.000,3.058,1.085,1.973,0.645,5,"ecc_fold_word_q_reg[0]/C","ecc_product_even_reg[1][37]/D","other","FDCE=1;FDRE=1;LUT2=1;LUT5=1;LUT6=3"
901,1.939,5.000,3.058,1.085,1.973,0.645,5,"ecc_fold_word_q_reg[0]/C","ecc_product_even_reg[1][38]/D","other","FDCE=1;FDRE=1;LUT2=1;LUT5=1;LUT6=3"
902,1.939,5.000,3.058,1.085,1.973,0.645,5,"ecc_fold_word_q_reg[0]/C","ecc_product_even_reg[1][39]/D","other","FDCE=1;FDRE=1;LUT2=1;LUT5=1;LUT6=3"
903,1.939,5.000,3.058,1.085,1.973,0.645,5,"ecc_fold_word_q_reg[0]/C","ecc_product_even_reg[1][40]/D","other","FDCE=1;FDRE=1;LUT2=1;LUT5=1;LUT6=3"
904,1.939,5.000,3.058,1.085,1.973,0.645,5,"ecc_fold_word_q_reg[0]/C","ecc_product_even_reg[1][41]/D","other","FDCE=1;FDRE=1;LUT2=1;LUT5=1;LUT6=3"
905,1.939,5.000,3.058,1.085,1.973,0.645,5,"ecc_fold_word_q_reg[0]/C","ecc_product_even_reg[1][42]/D","other","FDCE=1;FDRE=1;LUT2=1;LUT5=1;LUT6=3"
906,1.939,5.000,3.058,1.085,1.973,0.645,5,"ecc_fold_word_q_reg[0]/C","ecc_product_even_reg[1][43]/D","other","FDCE=1;FDRE=1;LUT2=1;LUT5=1;LUT6=3"
907,1.939,5.000,3.058,1.085,1.973,0.645,5,"ecc_fold_word_q_reg[0]/C","ecc_product_even_reg[1][44]/D","other","FDCE=1;FDRE=1;LUT2=1;LUT5=1;LUT6=3"
908,1.939,5.000,3.058,1.085,1.973,0.645,5,"ecc_fold_word_q_reg[0]/C","ecc_product_even_reg[1][45]/D","other","FDCE=1;FDRE=1;LUT2=1;LUT5=1;LUT6=3"
909,1.939,5.000,3.058,1.085,1.973,0.645,5,"ecc_fold_word_q_reg[0]/C","ecc_product_even_reg[1][46]/D","other","FDCE=1;FDRE=1;LUT2=1;LUT5=1;LUT6=3"
910,1.939,5.000,3.058,1.085,1.973,0.645,5,"ecc_fold_word_q_reg[0]/C","ecc_product_even_reg[1][47]/D","other","FDCE=1;FDRE=1;LUT2=1;LUT5=1;LUT6=3"
911,1.939,5.000,3.058,1.085,1.973,0.645,5,"ecc_fold_word_q_reg[0]/C","ecc_product_even_reg[1][48]/D","other","FDCE=1;FDRE=1;LUT2=1;LUT5=1;LUT6=3"
912,1.939,5.000,3.058,1.085,1.973,0.645,5,"ecc_fold_word_q_reg[0]/C","ecc_product_even_reg[1][49]/D","other","FDCE=1;FDRE=1;LUT2=1;LUT5=1;LUT6=3"
913,1.939,5.000,3.058,1.085,1.973,0.645,5,"ecc_fold_word_q_reg[0]/C","ecc_product_even_reg[1][50]/D","other","FDCE=1;FDRE=1;LUT2=1;LUT5=1;LUT6=3"
914,1.939,5.000,3.058,1.085,1.973,0.645,5,"ecc_fold_word_q_reg[0]/C","ecc_product_even_reg[1][51]/D","other","FDCE=1;FDRE=1;LUT2=1;LUT5=1;LUT6=3"
915,1.939,5.000,3.058,1.085,1.973,0.645,5,"ecc_fold_word_q_reg[0]/C","ecc_product_even_reg[1][52]/D","other","FDCE=1;FDRE=1;LUT2=1;LUT5=1;LUT6=3"
916,1.939,5.000,3.058,1.085,1.973,0.645,5,"ecc_fold_word_q_reg[0]/C","ecc_product_even_reg[1][53]/D","other","FDCE=1;FDRE=1;LUT2=1;LUT5=1;LUT6=3"
917,1.939,5.000,3.058,1.085,1.973,0.645,5,"ecc_fold_word_q_reg[0]/C","ecc_product_even_reg[1][54]/D","other","FDCE=1;FDRE=1;LUT2=1;LUT5=1;LUT6=3"
918,1.939,5.000,3.058,1.085,1.973,0.645,5,"ecc_fold_word_q_reg[0]/C","ecc_product_even_reg[1][55]/D","other","FDCE=1;FDRE=1;LUT2=1;LUT5=1;LUT6=3"
919,1.939,5.000,3.058,1.085,1.973,0.645,5,"ecc_fold_word_q_reg[0]/C","ecc_product_even_reg[1][56]/D","other","FDCE=1;FDRE=1;LUT2=1;LUT5=1;LUT6=3"
920,1.939,5.000,3.058,1.085,1.973,0.645,5,"ecc_fold_word_q_reg[0]/C","ecc_product_even_reg[1][57]/D","other","FDCE=1;FDRE=1;LUT2=1;LUT5=1;LUT6=3"
921,1.939,5.000,3.058,1.085,1.973,0.645,5,"ecc_fold_word_q_reg[0]/C","ecc_product_even_reg[1][58]/D","other","FDCE=1;FDRE=1;LUT2=1;LUT5=1;LUT6=3"
922,1.939,5.000,3.058,1.085,1.973,0.645,5,"ecc_fold_word_q_reg[0]/C","ecc_product_even_reg[1][59]/D","other","FDCE=1;FDRE=1;LUT2=1;LUT5=1;LUT6=3"
923,1.939,5.000,3.058,1.085,1.973,0.645,5,"ecc_fold_word_q_reg[0]/C","ecc_product_even_reg[1][60]/D","other","FDCE=1;FDRE=1;LUT2=1;LUT5=1;LUT6=3"
924,1.939,5.000,3.058,1.085,1.973,0.645,5,"ecc_fold_word_q_reg[0]/C","ecc_product_even_reg[1][61]/D","other","FDCE=1;FDRE=1;LUT2=1;LUT5=1;LUT6=3"
925,1.939,5.000,3.058,1.085,1.973,0.645,5,"ecc_fold_word_q_reg[0]/C","ecc_product_even_reg[1][62]/D","other","FDCE=1;FDRE=1;LUT2=1;LUT5=1;LUT6=3"
926,1.939,5.000,3.058,1.085,1.973,0.645,5,"ecc_fold_word_q_reg[0]/C","ecc_product_even_reg[1][63]/D","other","FDCE=1;FDRE=1;LUT2=1;LUT3=1;LUT6=3"
927,1.939,5.000,3.058,1.085,1.973,0.645,5,"ecc_fold_word_q_reg[0]/C","ecc_product_even_reg[2][32]/D","other","FDCE=1;FDRE=1;LUT2=1;LUT5=1;LUT6=3"
928,1.939,5.000,3.058,1.085,1.973,0.645,5,"ecc_fold_word_q_reg[0]/C","ecc_product_even_reg[2][33]/D","other","FDCE=1;FDRE=1;LUT2=1;LUT5=1;LUT6=3"
929,1.939,5.000,3.058,1.085,1.973,0.645,5,"ecc_fold_word_q_reg[0]/C","ecc_product_even_reg[2][34]/D","other","FDCE=1;FDRE=1;LUT2=1;LUT5=1;LUT6=3"
930,1.939,5.000,3.058,1.085,1.973,0.645,5,"ecc_fold_word_q_reg[0]/C","ecc_product_even_reg[2][35]/D","other","FDCE=1;FDRE=1;LUT2=1;LUT5=1;LUT6=3"
931,1.939,5.000,3.058,1.085,1.973,0.645,5,"ecc_fold_word_q_reg[0]/C","ecc_product_even_reg[2][36]/D","other","FDCE=1;FDRE=1;LUT2=1;LUT5=1;LUT6=3"
932,1.939,5.000,3.058,1.085,1.973,0.645,5,"ecc_fold_word_q_reg[0]/C","ecc_product_even_reg[2][37]/D","other","FDCE=1;FDRE=1;LUT2=1;LUT5=1;LUT6=3"
933,1.939,5.000,3.058,1.085,1.973,0.645,5,"ecc_fold_word_q_reg[0]/C","ecc_product_even_reg[2][38]/D","other","FDCE=1;FDRE=1;LUT2=1;LUT5=1;LUT6=3"
934,1.939,5.000,3.058,1.085,1.973,0.645,5,"ecc_fold_word_q_reg[0]/C","ecc_product_even_reg[2][39]/D","other","FDCE=1;FDRE=1;LUT2=1;LUT5=1;LUT6=3"
935,1.939,5.000,3.058,1.085,1.973,0.645,5,"ecc_fold_word_q_reg[0]/C","ecc_product_even_reg[2][40]/D","other","FDCE=1;FDRE=1;LUT2=1;LUT5=1;LUT6=3"
936,1.939,5.000,3.058,1.085,1.973,0.645,5,"ecc_fold_word_q_reg[0]/C","ecc_product_even_reg[2][41]/D","other","FDCE=1;FDRE=1;LUT2=1;LUT5=1;LUT6=3"
937,1.939,5.000,3.058,1.085,1.973,0.645,5,"ecc_fold_word_q_reg[0]/C","ecc_product_even_reg[2][42]/D","other","FDCE=1;FDRE=1;LUT2=1;LUT5=1;LUT6=3"
938,1.939,5.000,3.058,1.085,1.973,0.645,5,"ecc_fold_word_q_reg[0]/C","ecc_product_even_reg[2][43]/D","other","FDCE=1;FDRE=1;LUT2=1;LUT5=1;LUT6=3"
939,1.939,5.000,3.058,1.085,1.973,0.645,5,"ecc_fold_word_q_reg[0]/C","ecc_product_even_reg[2][44]/D","other","FDCE=1;FDRE=1;LUT2=1;LUT5=1;LUT6=3"
940,1.939,5.000,3.058,1.085,1.973,0.645,5,"ecc_fold_word_q_reg[0]/C","ecc_product_even_reg[2][45]/D","other","FDCE=1;FDRE=1;LUT2=1;LUT5=1;LUT6=3"
941,1.939,5.000,3.058,1.085,1.973,0.645,5,"ecc_fold_word_q_reg[0]/C","ecc_product_even_reg[2][46]/D","other","FDCE=1;FDRE=1;LUT2=1;LUT5=1;LUT6=3"
942,1.939,5.000,3.058,1.085,1.973,0.645,5,"ecc_fold_word_q_reg[0]/C","ecc_product_even_reg[2][47]/D","other","FDCE=1;FDRE=1;LUT2=1;LUT5=1;LUT6=3"
943,1.939,5.000,3.058,1.085,1.973,0.645,5,"ecc_fold_word_q_reg[0]/C","ecc_product_even_reg[2][48]/D","other","FDCE=1;FDRE=1;LUT2=1;LUT5=1;LUT6=3"
944,1.939,5.000,3.058,1.085,1.973,0.645,5,"ecc_fold_word_q_reg[0]/C","ecc_product_even_reg[2][49]/D","other","FDCE=1;FDRE=1;LUT2=1;LUT5=1;LUT6=3"
945,1.939,5.000,3.058,1.085,1.973,0.645,5,"ecc_fold_word_q_reg[0]/C","ecc_product_even_reg[2][50]/D","other","FDCE=1;FDRE=1;LUT2=1;LUT5=1;LUT6=3"
946,1.939,5.000,3.058,1.085,1.973,0.645,5,"ecc_fold_word_q_reg[0]/C","ecc_product_even_reg[2][51]/D","other","FDCE=1;FDRE=1;LUT2=1;LUT5=1;LUT6=3"
947,1.939,5.000,3.058,1.085,1.973,0.645,5,"ecc_fold_word_q_reg[0]/C","ecc_product_even_reg[2][52]/D","other","FDCE=1;FDRE=1;LUT2=1;LUT5=1;LUT6=3"
948,1.939,5.000,3.058,1.085,1.973,0.645,5,"ecc_fold_word_q_reg[0]/C","ecc_product_even_reg[2][53]/D","other","FDCE=1;FDRE=1;LUT2=1;LUT5=1;LUT6=3"
949,1.939,5.000,3.058,1.085,1.973,0.645,5,"ecc_fold_word_q_reg[0]/C","ecc_product_even_reg[2][54]/D","other","FDCE=1;FDRE=1;LUT2=1;LUT5=1;LUT6=3"
950,1.939,5.000,3.058,1.085,1.973,0.645,5,"ecc_fold_word_q_reg[0]/C","ecc_product_even_reg[2][55]/D","other","FDCE=1;FDRE=1;LUT2=1;LUT5=1;LUT6=3"
951,1.939,5.000,3.058,1.085,1.973,0.645,5,"ecc_fold_word_q_reg[0]/C","ecc_product_even_reg[2][56]/D","other","FDCE=1;FDRE=1;LUT2=1;LUT5=1;LUT6=3"
952,1.939,5.000,3.058,1.085,1.973,0.645,5,"ecc_fold_word_q_reg[0]/C","ecc_product_even_reg[2][57]/D","other","FDCE=1;FDRE=1;LUT2=1;LUT5=1;LUT6=3"
953,1.939,5.000,3.058,1.085,1.973,0.645,5,"ecc_fold_word_q_reg[0]/C","ecc_product_even_reg[2][58]/D","other","FDCE=1;FDRE=1;LUT2=1;LUT5=1;LUT6=3"
954,1.939,5.000,3.058,1.085,1.973,0.645,5,"ecc_fold_word_q_reg[0]/C","ecc_product_even_reg[2][59]/D","other","FDCE=1;FDRE=1;LUT2=1;LUT5=1;LUT6=3"
955,1.939,5.000,3.058,1.085,1.973,0.645,5,"ecc_fold_word_q_reg[0]/C","ecc_product_even_reg[2][60]/D","other","FDCE=1;FDRE=1;LUT2=1;LUT5=1;LUT6=3"
956,1.939,5.000,3.058,1.085,1.973,0.645,5,"ecc_fold_word_q_reg[0]/C","ecc_product_even_reg[2][61]/D","other","FDCE=1;FDRE=1;LUT2=1;LUT5=1;LUT6=3"
957,1.939,5.000,3.058,1.085,1.973,0.645,5,"ecc_fold_word_q_reg[0]/C","ecc_product_even_reg[2][62]/D","other","FDCE=1;FDRE=1;LUT2=1;LUT5=1;LUT6=3"
958,1.939,5.000,3.058,1.085,1.973,0.645,5,"ecc_fold_word_q_reg[0]/C","ecc_product_even_reg[2][63]/D","other","FDCE=1;FDRE=1;LUT2=1;LUT3=1;LUT6=3"
959,1.939,5.000,3.058,1.085,1.973,0.645,5,"ecc_fold_word_q_reg[0]/C","ecc_product_even_reg[3][32]/D","other","FDCE=1;FDRE=1;LUT2=1;LUT5=1;LUT6=3"
960,1.939,5.000,3.058,1.085,1.973,0.645,5,"ecc_fold_word_q_reg[0]/C","ecc_product_even_reg[3][33]/D","other","FDCE=1;FDRE=1;LUT2=1;LUT5=1;LUT6=3"
961,1.939,5.000,3.058,1.085,1.973,0.645,5,"ecc_fold_word_q_reg[0]/C","ecc_product_even_reg[3][34]/D","other","FDCE=1;FDRE=1;LUT2=1;LUT5=1;LUT6=3"
962,1.939,5.000,3.058,1.085,1.973,0.645,5,"ecc_fold_word_q_reg[0]/C","ecc_product_even_reg[3][35]/D","other","FDCE=1;FDRE=1;LUT2=1;LUT5=1;LUT6=3"
963,1.939,5.000,3.058,1.085,1.973,0.645,5,"ecc_fold_word_q_reg[0]/C","ecc_product_even_reg[3][36]/D","other","FDCE=1;FDRE=1;LUT2=1;LUT5=1;LUT6=3"
964,1.939,5.000,3.058,1.085,1.973,0.645,5,"ecc_fold_word_q_reg[0]/C","ecc_product_even_reg[3][37]/D","other","FDCE=1;FDRE=1;LUT2=1;LUT5=1;LUT6=3"
965,1.939,5.000,3.058,1.085,1.973,0.645,5,"ecc_fold_word_q_reg[0]/C","ecc_product_even_reg[3][38]/D","other","FDCE=1;FDRE=1;LUT2=1;LUT5=1;LUT6=3"
966,1.939,5.000,3.058,1.085,1.973,0.645,5,"ecc_fold_word_q_reg[0]/C","ecc_product_even_reg[3][39]/D","other","FDCE=1;FDRE=1;LUT2=1;LUT5=1;LUT6=3"
967,1.939,5.000,3.058,1.085,1.973,0.645,5,"ecc_fold_word_q_reg[0]/C","ecc_product_even_reg[3][40]/D","other","FDCE=1;FDRE=1;LUT2=1;LUT5=1;LUT6=3"
968,1.939,5.000,3.058,1.085,1.973,0.645,5,"ecc_fold_word_q_reg[0]/C","ecc_product_even_reg[3][41]/D","other","FDCE=1;FDRE=1;LUT2=1;LUT5=1;LUT6=3"
969,1.939,5.000,3.058,1.085,1.973,0.645,5,"ecc_fold_word_q_reg[0]/C","ecc_product_even_reg[3][42]/D","other","FDCE=1;FDRE=1;LUT2=1;LUT5=1;LUT6=3"
970,1.939,5.000,3.058,1.085,1.973,0.645,5,"ecc_fold_word_q_reg[0]/C","ecc_product_even_reg[3][43]/D","other","FDCE=1;FDRE=1;LUT2=1;LUT5=1;LUT6=3"
971,1.939,5.000,3.058,1.085,1.973,0.645,5,"ecc_fold_word_q_reg[0]/C","ecc_product_even_reg[3][44]/D","other","FDCE=1;FDRE=1;LUT2=1;LUT5=1;LUT6=3"
972,1.939,5.000,3.058,1.085,1.973,0.645,5,"ecc_fold_word_q_reg[0]/C","ecc_product_even_reg[3][45]/D","other","FDCE=1;FDRE=1;LUT2=1;LUT5=1;LUT6=3"
973,1.939,5.000,3.058,1.085,1.973,0.645,5,"ecc_fold_word_q_reg[0]/C","ecc_product_even_reg[3][46]/D","other","FDCE=1;FDRE=1;LUT2=1;LUT5=1;LUT6=3"
974,1.939,5.000,3.058,1.085,1.973,0.645,5,"ecc_fold_word_q_reg[0]/C","ecc_product_even_reg[3][47]/D","other","FDCE=1;FDRE=1;LUT2=1;LUT5=1;LUT6=3"
975,1.939,5.000,3.058,1.085,1.973,0.645,5,"ecc_fold_word_q_reg[0]/C","ecc_product_even_reg[3][48]/D","other","FDCE=1;FDRE=1;LUT2=1;LUT5=1;LUT6=3"
976,1.939,5.000,3.058,1.085,1.973,0.645,5,"ecc_fold_word_q_reg[0]/C","ecc_product_even_reg[3][49]/D","other","FDCE=1;FDRE=1;LUT2=1;LUT5=1;LUT6=3"
977,1.939,5.000,3.058,1.085,1.973,0.645,5,"ecc_fold_word_q_reg[0]/C","ecc_product_even_reg[3][50]/D","other","FDCE=1;FDRE=1;LUT2=1;LUT5=1;LUT6=3"
978,1.939,5.000,3.058,1.085,1.973,0.645,5,"ecc_fold_word_q_reg[0]/C","ecc_product_even_reg[3][51]/D","other","FDCE=1;FDRE=1;LUT2=1;LUT5=1;LUT6=3"
979,1.939,5.000,3.058,1.085,1.973,0.645,5,"ecc_fold_word_q_reg[0]/C","ecc_product_even_reg[3][52]/D","other","FDCE=1;FDRE=1;LUT2=1;LUT5=1;LUT6=3"
980,1.939,5.000,3.058,1.085,1.973,0.645,5,"ecc_fold_word_q_reg[0]/C","ecc_product_even_reg[3][53]/D","other","FDCE=1;FDRE=1;LUT2=1;LUT5=1;LUT6=3"
981,1.939,5.000,3.058,1.085,1.973,0.645,5,"ecc_fold_word_q_reg[0]/C","ecc_product_even_reg[3][54]/D","other","FDCE=1;FDRE=1;LUT2=1;LUT5=1;LUT6=3"
982,1.939,5.000,3.058,1.085,1.973,0.645,5,"ecc_fold_word_q_reg[0]/C","ecc_product_even_reg[3][55]/D","other","FDCE=1;FDRE=1;LUT2=1;LUT5=1;LUT6=3"
983,1.939,5.000,3.058,1.085,1.973,0.645,5,"ecc_fold_word_q_reg[0]/C","ecc_product_even_reg[3][56]/D","other","FDCE=1;FDRE=1;LUT2=1;LUT5=1;LUT6=3"
984,1.939,5.000,3.058,1.085,1.973,0.645,5,"ecc_fold_word_q_reg[0]/C","ecc_product_even_reg[3][57]/D","other","FDCE=1;FDRE=1;LUT2=1;LUT5=1;LUT6=3"
985,1.939,5.000,3.058,1.085,1.973,0.645,5,"ecc_fold_word_q_reg[0]/C","ecc_product_even_reg[3][58]/D","other","FDCE=1;FDRE=1;LUT2=1;LUT5=1;LUT6=3"
986,1.939,5.000,3.058,1.085,1.973,0.645,5,"ecc_fold_word_q_reg[0]/C","ecc_product_even_reg[3][59]/D","other","FDCE=1;FDRE=1;LUT2=1;LUT5=1;LUT6=3"
987,1.939,5.000,3.058,1.085,1.973,0.645,5,"ecc_fold_word_q_reg[0]/C","ecc_product_even_reg[3][60]/D","other","FDCE=1;FDRE=1;LUT2=1;LUT5=1;LUT6=3"
988,1.939,5.000,3.058,1.085,1.973,0.645,5,"ecc_fold_word_q_reg[0]/C","ecc_product_even_reg[3][61]/D","other","FDCE=1;FDRE=1;LUT2=1;LUT5=1;LUT6=3"
989,1.939,5.000,3.058,1.085,1.973,0.645,5,"ecc_fold_word_q_reg[0]/C","ecc_product_even_reg[3][62]/D","other","FDCE=1;FDRE=1;LUT2=1;LUT5=1;LUT6=3"
990,1.939,5.000,3.058,1.085,1.973,0.645,5,"ecc_fold_word_q_reg[0]/C","ecc_product_even_reg[3][63]/D","other","FDCE=1;FDRE=1;LUT2=1;LUT3=1;LUT6=3"
991,1.953,5.000,2.836,0.875,1.961,0.691,3,"FSM_onehot_st_q_reg[19]/C","hdc_src0_q_reg[0][0]/CE","TOP control","FDCE=2;LUT5=1;LUT6=2"
992,1.953,5.000,2.836,0.875,1.961,0.691,3,"FSM_onehot_st_q_reg[19]/C","hdc_src0_q_reg[0][10]/CE","TOP control","FDCE=2;LUT5=1;LUT6=2"
993,1.953,5.000,2.836,0.875,1.961,0.691,3,"FSM_onehot_st_q_reg[19]/C","hdc_src0_q_reg[0][11]/CE","TOP control","FDCE=2;LUT5=1;LUT6=2"
994,1.953,5.000,2.836,0.875,1.961,0.691,3,"FSM_onehot_st_q_reg[19]/C","hdc_src0_q_reg[0][12]/CE","TOP control","FDCE=2;LUT5=1;LUT6=2"
995,1.953,5.000,2.836,0.875,1.961,0.691,3,"FSM_onehot_st_q_reg[19]/C","hdc_src0_q_reg[0][13]/CE","TOP control","FDCE=2;LUT5=1;LUT6=2"
996,1.953,5.000,2.836,0.875,1.961,0.691,3,"FSM_onehot_st_q_reg[19]/C","hdc_src0_q_reg[0][14]/CE","TOP control","FDCE=2;LUT5=1;LUT6=2"
997,1.953,5.000,2.836,0.875,1.961,0.691,3,"FSM_onehot_st_q_reg[19]/C","hdc_src0_q_reg[0][15]/CE","TOP control","FDCE=2;LUT5=1;LUT6=2"
998,1.953,5.000,2.836,0.875,1.961,0.691,3,"FSM_onehot_st_q_reg[19]/C","hdc_src0_q_reg[0][16]/CE","TOP control","FDCE=2;LUT5=1;LUT6=2"
999,1.953,5.000,2.836,0.875,1.961,0.691,3,"FSM_onehot_st_q_reg[19]/C","hdc_src0_q_reg[0][17]/CE","TOP control","FDCE=2;LUT5=1;LUT6=2"
1000,1.953,5.000,2.836,0.875,1.961,0.691,3,"FSM_onehot_st_q_reg[19]/C","hdc_src0_q_reg[0][18]/CE","TOP control","FDCE=2;LUT5=1;LUT6=2"
