Copyright 1986-2022 Xilinx, Inc. All Rights Reserved. Copyright 2022-2024 Advanced Micro Devices, Inc. All Rights Reserved.
---------------------------------------------------------------------------------------------------------------------------------------------------------------------------------------------------------------------------------------------------------------------------------------------------------------------------------------------------------------------------
| Tool Version : Vivado v.2024.2 (win64) Build 5239630 Fri Nov 08 22:35:27 MST 2024
| Date         : Sun Jun  7 11:55:32 2026
| Host         : WIN-20240824NZS running 64-bit major release  (build 9200)
| Command      : report_timing -delay_type max -sort_by slack -max_paths 50 -nworst 1 -from [get_pins -quiet -of_objects {i_vrf/lane_result_q[3][8]_i_7/I2} -filter {DIRECTION == OUT}] -to {i_vrf/lane_result_q[3][8]_i_7/I2} -file E:/HDEC/cva6-vhdc-core/reports/vivado/ooc_hdec_hmatch_countdown_v1_ff838841/150mhz/fixed_paths/fixed_01_p2_control_to_lane_popcnt.rpt
| Design       : hdec_top
| Device       : 7z020-clg400
| Speed File   : -2  PRODUCTION 1.12 2019-11-22
| Design State : Synthesized
---------------------------------------------------------------------------------------------------------------------------------------------------------------------------------------------------------------------------------------------------------------------------------------------------------------------------------------------------------------------------

Timing Report

Slack (MET) :             0.232ns  (required time - arrival time)
  Source:                 uop_p2_q_reg[use_xor]/C
                            (rising edge-triggered cell FDCE clocked by clk_i  {rise@0.000ns fall@3.333ns period=6.667ns})
  Destination:            lane_popcnt_q_reg[3][4]/D
                            (rising edge-triggered cell FDCE clocked by clk_i  {rise@0.000ns fall@3.333ns period=6.667ns})
  Path Group:             clk_i
  Path Type:              Setup (Max at Slow Process Corner)
  Requirement:            6.667ns  (clk_i rise@6.667ns - clk_i rise@0.000ns)
  Data Path Delay:        6.432ns  (logic 1.315ns (20.445%)  route 5.117ns (79.555%))
  Logic Levels:           7  (LUT4=1 LUT5=2 LUT6=4)
  Clock Path Skew:        -0.039ns (DCD - SCD + CPR)
    Destination Clock Delay (DCD):    0.748ns = ( 7.415 - 6.667 ) 
    Source Clock Delay      (SCD):    0.787ns
    Clock Pessimism Removal (CPR):    0.000ns
  Clock Uncertainty:      0.035ns  ((TSJ^2 + TIJ^2)^1/2 + DJ) / 2 + PE
    Total System Jitter     (TSJ):    0.071ns
    Total Input Jitter      (TIJ):    0.000ns
    Discrete Jitter          (DJ):    0.000ns
    Phase Error              (PE):    0.000ns

    Location             Delay type                Incr(ns)  Path(ns)    Netlist Resource(s)
  -------------------------------------------------------------------    -------------------
                         (clock clk_i rise edge)      0.000     0.000 r  
                                                      0.000     0.000 r  clk_i (IN)
                         net (fo=2885, unset)         0.787     0.787    clk_i
                         FDCE                                         r  uop_p2_q_reg[use_xor]/C
  -------------------------------------------------------------------    -------------------
                         FDCE (Prop_fdce_C_Q)         0.433     1.220 r  uop_p2_q_reg[use_xor]/Q
                         net (fo=74, unplaced)        0.691     1.911    gen_lane[3].i_lane/uop_p2_q_reg[use_xor]__0
                         LUT4 (Prop_lut4_I1_O)        0.252     2.163 r  gen_lane[3].i_lane/lane_result_q[3][63]_i_12/O
                         net (fo=3, unplaced)         0.956     3.119    i_vrf/lane_result_q_reg[3][63]
                         LUT6 (Prop_lut6_I1_O)        0.105     3.224 r  i_vrf/lane_popcnt_q[3][0]_i_33/O
                         net (fo=3, unplaced)         0.956     4.180    gen_lane[3].i_lane/lane_popcnt_q[3][6]_i_9_3
                         LUT6 (Prop_lut6_I0_O)        0.105     4.285 r  gen_lane[3].i_lane/lane_popcnt_q[3][3]_i_11/O
                         net (fo=2, unplaced)         0.593     4.878    gen_lane[3].i_lane/uop_p2_q_reg[use_popcount]_19
                         LUT6 (Prop_lut6_I3_O)        0.105     4.983 r  gen_lane[3].i_lane/lane_popcnt_q[3][1]_i_2/O
                         net (fo=3, unplaced)         0.600     5.583    gen_lane[3].i_lane/lane_popcnt_q[3][1]_i_10_0
                         LUT5 (Prop_lut5_I2_O)        0.105     5.688 r  gen_lane[3].i_lane/lane_popcnt_q[3][3]_i_4/O
                         net (fo=3, unplaced)         0.956     6.644    gen_lane[3].i_lane/lane_popcnt_q[3][1]_i_4_1
                         LUT6 (Prop_lut6_I1_O)        0.105     6.749 r  gen_lane[3].i_lane/lane_popcnt_q[3][6]_i_7/O
                         net (fo=3, unplaced)         0.365     7.114    i_vrf/lane_popcnt_q_reg[3][6]_3
                         LUT5 (Prop_lut5_I3_O)        0.105     7.219 r  i_vrf/lane_popcnt_q[3][4]_i_1/O
                         net (fo=1, unplaced)         0.000     7.219    lane_popcount_count[3][4]
                         FDCE                                         r  lane_popcnt_q_reg[3][4]/D
  -------------------------------------------------------------------    -------------------

                         (clock clk_i rise edge)      6.667     6.667 r  
                                                      0.000     6.667 r  clk_i (IN)
                         net (fo=2885, unset)         0.748     7.415    clk_i
                         FDCE                                         r  lane_popcnt_q_reg[3][4]/C
                         clock pessimism              0.000     7.415    
                         clock uncertainty           -0.035     7.379    
                         FDCE (Setup_fdce_C_D)        0.072     7.451    lane_popcnt_q_reg[3][4]
  -------------------------------------------------------------------
                         required time                          7.451    
                         arrival time                          -7.219    
  -------------------------------------------------------------------
                         slack                                  0.232    

Slack (MET) :             0.232ns  (required time - arrival time)
  Source:                 uop_p2_q_reg[use_xor]/C
                            (rising edge-triggered cell FDCE clocked by clk_i  {rise@0.000ns fall@3.333ns period=6.667ns})
  Destination:            lane_popcnt_q_reg[3][5]/D
                            (rising edge-triggered cell FDCE clocked by clk_i  {rise@0.000ns fall@3.333ns period=6.667ns})
  Path Group:             clk_i
  Path Type:              Setup (Max at Slow Process Corner)
  Requirement:            6.667ns  (clk_i rise@6.667ns - clk_i rise@0.000ns)
  Data Path Delay:        6.432ns  (logic 1.315ns (20.445%)  route 5.117ns (79.555%))
  Logic Levels:           7  (LUT4=1 LUT5=1 LUT6=5)
  Clock Path Skew:        -0.039ns (DCD - SCD + CPR)
    Destination Clock Delay (DCD):    0.748ns = ( 7.415 - 6.667 ) 
    Source Clock Delay      (SCD):    0.787ns
    Clock Pessimism Removal (CPR):    0.000ns
  Clock Uncertainty:      0.035ns  ((TSJ^2 + TIJ^2)^1/2 + DJ) / 2 + PE
    Total System Jitter     (TSJ):    0.071ns
    Total Input Jitter      (TIJ):    0.000ns
    Discrete Jitter          (DJ):    0.000ns
    Phase Error              (PE):    0.000ns

    Location             Delay type                Incr(ns)  Path(ns)    Netlist Resource(s)
  -------------------------------------------------------------------    -------------------
                         (clock clk_i rise edge)      0.000     0.000 r  
                                                      0.000     0.000 r  clk_i (IN)
                         net (fo=2885, unset)         0.787     0.787    clk_i
                         FDCE                                         r  uop_p2_q_reg[use_xor]/C
  -------------------------------------------------------------------    -------------------
                         FDCE (Prop_fdce_C_Q)         0.433     1.220 r  uop_p2_q_reg[use_xor]/Q
                         net (fo=74, unplaced)        0.691     1.911    gen_lane[3].i_lane/uop_p2_q_reg[use_xor]__0
                         LUT4 (Prop_lut4_I1_O)        0.252     2.163 r  gen_lane[3].i_lane/lane_result_q[3][63]_i_12/O
                         net (fo=3, unplaced)         0.956     3.119    i_vrf/lane_result_q_reg[3][63]
                         LUT6 (Prop_lut6_I1_O)        0.105     3.224 r  i_vrf/lane_popcnt_q[3][0]_i_33/O
                         net (fo=3, unplaced)         0.956     4.180    gen_lane[3].i_lane/lane_popcnt_q[3][6]_i_9_3
                         LUT6 (Prop_lut6_I0_O)        0.105     4.285 r  gen_lane[3].i_lane/lane_popcnt_q[3][3]_i_11/O
                         net (fo=2, unplaced)         0.593     4.878    gen_lane[3].i_lane/uop_p2_q_reg[use_popcount]_19
                         LUT6 (Prop_lut6_I3_O)        0.105     4.983 r  gen_lane[3].i_lane/lane_popcnt_q[3][1]_i_2/O
                         net (fo=3, unplaced)         0.600     5.583    gen_lane[3].i_lane/lane_popcnt_q[3][1]_i_10_0
                         LUT5 (Prop_lut5_I2_O)        0.105     5.688 r  gen_lane[3].i_lane/lane_popcnt_q[3][3]_i_4/O
                         net (fo=3, unplaced)         0.956     6.644    gen_lane[3].i_lane/lane_popcnt_q[3][1]_i_4_1
                         LUT6 (Prop_lut6_I1_O)        0.105     6.749 r  gen_lane[3].i_lane/lane_popcnt_q[3][6]_i_7/O
                         net (fo=3, unplaced)         0.365     7.114    i_vrf/lane_popcnt_q_reg[3][6]_3
                         LUT6 (Prop_lut6_I3_O)        0.105     7.219 r  i_vrf/lane_popcnt_q[3][5]_i_1/O
                         net (fo=1, unplaced)         0.000     7.219    lane_popcount_count[3][5]
                         FDCE                                         r  lane_popcnt_q_reg[3][5]/D
  -------------------------------------------------------------------    -------------------

                         (clock clk_i rise edge)      6.667     6.667 r  
                                                      0.000     6.667 r  clk_i (IN)
                         net (fo=2885, unset)         0.748     7.415    clk_i
                         FDCE                                         r  lane_popcnt_q_reg[3][5]/C
                         clock pessimism              0.000     7.415    
                         clock uncertainty           -0.035     7.379    
                         FDCE (Setup_fdce_C_D)        0.072     7.451    lane_popcnt_q_reg[3][5]
  -------------------------------------------------------------------
                         required time                          7.451    
                         arrival time                          -7.219    
  -------------------------------------------------------------------
                         slack                                  0.232    

Slack (MET) :             0.232ns  (required time - arrival time)
  Source:                 uop_p2_q_reg[use_xor]/C
                            (rising edge-triggered cell FDCE clocked by clk_i  {rise@0.000ns fall@3.333ns period=6.667ns})
  Destination:            lane_popcnt_q_reg[3][6]/D
                            (rising edge-triggered cell FDCE clocked by clk_i  {rise@0.000ns fall@3.333ns period=6.667ns})
  Path Group:             clk_i
  Path Type:              Setup (Max at Slow Process Corner)
  Requirement:            6.667ns  (clk_i rise@6.667ns - clk_i rise@0.000ns)
  Data Path Delay:        6.432ns  (logic 1.315ns (20.445%)  route 5.117ns (79.555%))
  Logic Levels:           7  (LUT4=1 LUT5=1 LUT6=5)
  Clock Path Skew:        -0.039ns (DCD - SCD + CPR)
    Destination Clock Delay (DCD):    0.748ns = ( 7.415 - 6.667 ) 
    Source Clock Delay      (SCD):    0.787ns
    Clock Pessimism Removal (CPR):    0.000ns
  Clock Uncertainty:      0.035ns  ((TSJ^2 + TIJ^2)^1/2 + DJ) / 2 + PE
    Total System Jitter     (TSJ):    0.071ns
    Total Input Jitter      (TIJ):    0.000ns
    Discrete Jitter          (DJ):    0.000ns
    Phase Error              (PE):    0.000ns

    Location             Delay type                Incr(ns)  Path(ns)    Netlist Resource(s)
  -------------------------------------------------------------------    -------------------
                         (clock clk_i rise edge)      0.000     0.000 r  
                                                      0.000     0.000 r  clk_i (IN)
                         net (fo=2885, unset)         0.787     0.787    clk_i
                         FDCE                                         r  uop_p2_q_reg[use_xor]/C
  -------------------------------------------------------------------    -------------------
                         FDCE (Prop_fdce_C_Q)         0.433     1.220 r  uop_p2_q_reg[use_xor]/Q
                         net (fo=74, unplaced)        0.691     1.911    gen_lane[3].i_lane/uop_p2_q_reg[use_xor]__0
                         LUT4 (Prop_lut4_I1_O)        0.252     2.163 r  gen_lane[3].i_lane/lane_result_q[3][63]_i_12/O
                         net (fo=3, unplaced)         0.956     3.119    i_vrf/lane_result_q_reg[3][63]
                         LUT6 (Prop_lut6_I1_O)        0.105     3.224 r  i_vrf/lane_popcnt_q[3][0]_i_33/O
                         net (fo=3, unplaced)         0.956     4.180    gen_lane[3].i_lane/lane_popcnt_q[3][6]_i_9_3
                         LUT6 (Prop_lut6_I0_O)        0.105     4.285 r  gen_lane[3].i_lane/lane_popcnt_q[3][3]_i_11/O
                         net (fo=2, unplaced)         0.593     4.878    gen_lane[3].i_lane/uop_p2_q_reg[use_popcount]_19
                         LUT6 (Prop_lut6_I3_O)        0.105     4.983 r  gen_lane[3].i_lane/lane_popcnt_q[3][1]_i_2/O
                         net (fo=3, unplaced)         0.600     5.583    gen_lane[3].i_lane/lane_popcnt_q[3][1]_i_10_0
                         LUT5 (Prop_lut5_I2_O)        0.105     5.688 r  gen_lane[3].i_lane/lane_popcnt_q[3][3]_i_4/O
                         net (fo=3, unplaced)         0.956     6.644    gen_lane[3].i_lane/lane_popcnt_q[3][1]_i_4_1
                         LUT6 (Prop_lut6_I1_O)        0.105     6.749 r  gen_lane[3].i_lane/lane_popcnt_q[3][6]_i_7/O
                         net (fo=3, unplaced)         0.365     7.114    i_vrf/lane_popcnt_q_reg[3][6]_3
                         LUT6 (Prop_lut6_I5_O)        0.105     7.219 r  i_vrf/lane_popcnt_q[3][6]_i_1/O
                         net (fo=1, unplaced)         0.000     7.219    lane_popcount_count[3][6]
                         FDCE                                         r  lane_popcnt_q_reg[3][6]/D
  -------------------------------------------------------------------    -------------------

                         (clock clk_i rise edge)      6.667     6.667 r  
                                                      0.000     6.667 r  clk_i (IN)
                         net (fo=2885, unset)         0.748     7.415    clk_i
                         FDCE                                         r  lane_popcnt_q_reg[3][6]/C
                         clock pessimism              0.000     7.415    
                         clock uncertainty           -0.035     7.379    
                         FDCE (Setup_fdce_C_D)        0.072     7.451    lane_popcnt_q_reg[3][6]
  -------------------------------------------------------------------
                         required time                          7.451    
                         arrival time                          -7.219    
  -------------------------------------------------------------------
                         slack                                  0.232    

Slack (MET) :             0.233ns  (required time - arrival time)
  Source:                 uop_p2_q_reg[use_xor]_rep__1/C
                            (rising edge-triggered cell FDCE clocked by clk_i  {rise@0.000ns fall@3.333ns period=6.667ns})
  Destination:            lane_popcnt_q_reg[0][4]/D
                            (rising edge-triggered cell FDCE clocked by clk_i  {rise@0.000ns fall@3.333ns period=6.667ns})
  Path Group:             clk_i
  Path Type:              Setup (Max at Slow Process Corner)
  Requirement:            6.667ns  (clk_i rise@6.667ns - clk_i rise@0.000ns)
  Data Path Delay:        6.431ns  (logic 1.315ns (20.448%)  route 5.116ns (79.552%))
  Logic Levels:           7  (LUT4=1 LUT5=2 LUT6=4)
  Clock Path Skew:        -0.039ns (DCD - SCD + CPR)
    Destination Clock Delay (DCD):    0.748ns = ( 7.415 - 6.667 ) 
    Source Clock Delay      (SCD):    0.787ns
    Clock Pessimism Removal (CPR):    0.000ns
  Clock Uncertainty:      0.035ns  ((TSJ^2 + TIJ^2)^1/2 + DJ) / 2 + PE
    Total System Jitter     (TSJ):    0.071ns
    Total Input Jitter      (TIJ):    0.000ns
    Discrete Jitter          (DJ):    0.000ns
    Phase Error              (PE):    0.000ns

    Location             Delay type                Incr(ns)  Path(ns)    Netlist Resource(s)
  -------------------------------------------------------------------    -------------------
                         (clock clk_i rise edge)      0.000     0.000 r  
                                                      0.000     0.000 r  clk_i (IN)
                         net (fo=2885, unset)         0.787     0.787    clk_i
                         FDCE                                         r  uop_p2_q_reg[use_xor]_rep__1/C
  -------------------------------------------------------------------    -------------------
                         FDCE (Prop_fdce_C_Q)         0.433     1.220 r  uop_p2_q_reg[use_xor]_rep__1/Q
                         net (fo=72, unplaced)        0.690     1.910    gen_lane[0].i_lane/lane_popcnt_q[0][6]_i_26_2
                         LUT4 (Prop_lut4_I1_O)        0.252     2.162 r  gen_lane[0].i_lane/lane_result_q[0][63]_i_7/O
                         net (fo=3, unplaced)         0.956     3.118    i_vrf/lane_result_q_reg[0][63]
                         LUT6 (Prop_lut6_I1_O)        0.105     3.223 r  i_vrf/lane_popcnt_q[0][0]_i_33/O
                         net (fo=3, unplaced)         0.956     4.179    gen_lane[0].i_lane/lane_popcnt_q[0][6]_i_9_3
                         LUT6 (Prop_lut6_I0_O)        0.105     4.284 r  gen_lane[0].i_lane/lane_popcnt_q[0][3]_i_11/O
                         net (fo=2, unplaced)         0.593     4.877    gen_lane[0].i_lane/uop_p2_q_reg[use_popcount]_rep__1_19
                         LUT6 (Prop_lut6_I3_O)        0.105     4.982 r  gen_lane[0].i_lane/lane_popcnt_q[0][1]_i_2/O
                         net (fo=3, unplaced)         0.600     5.582    gen_lane[0].i_lane/lane_popcnt_q[0][1]_i_10_0
                         LUT5 (Prop_lut5_I2_O)        0.105     5.687 r  gen_lane[0].i_lane/lane_popcnt_q[0][3]_i_4/O
                         net (fo=3, unplaced)         0.956     6.643    gen_lane[0].i_lane/lane_popcnt_q[0][1]_i_4_1
                         LUT6 (Prop_lut6_I1_O)        0.105     6.748 r  gen_lane[0].i_lane/lane_popcnt_q[0][6]_i_7/O
                         net (fo=3, unplaced)         0.365     7.113    i_vrf/lane_popcnt_q_reg[0][6]_3
                         LUT5 (Prop_lut5_I3_O)        0.105     7.218 r  i_vrf/lane_popcnt_q[0][4]_i_1/O
                         net (fo=1, unplaced)         0.000     7.218    lane_popcount_count[0][4]
                         FDCE                                         r  lane_popcnt_q_reg[0][4]/D
  -------------------------------------------------------------------    -------------------

                         (clock clk_i rise edge)      6.667     6.667 r  
                                                      0.000     6.667 r  clk_i (IN)
                         net (fo=2885, unset)         0.748     7.415    clk_i
                         FDCE                                         r  lane_popcnt_q_reg[0][4]/C
                         clock pessimism              0.000     7.415    
                         clock uncertainty           -0.035     7.379    
                         FDCE (Setup_fdce_C_D)        0.072     7.451    lane_popcnt_q_reg[0][4]
  -------------------------------------------------------------------
                         required time                          7.451    
                         arrival time                          -7.218    
  -------------------------------------------------------------------
                         slack                                  0.233    

Slack (MET) :             0.233ns  (required time - arrival time)
  Source:                 uop_p2_q_reg[use_xor]_rep__1/C
                            (rising edge-triggered cell FDCE clocked by clk_i  {rise@0.000ns fall@3.333ns period=6.667ns})
  Destination:            lane_popcnt_q_reg[0][5]/D
                            (rising edge-triggered cell FDCE clocked by clk_i  {rise@0.000ns fall@3.333ns period=6.667ns})
  Path Group:             clk_i
  Path Type:              Setup (Max at Slow Process Corner)
  Requirement:            6.667ns  (clk_i rise@6.667ns - clk_i rise@0.000ns)
  Data Path Delay:        6.431ns  (logic 1.315ns (20.448%)  route 5.116ns (79.552%))
  Logic Levels:           7  (LUT4=1 LUT5=1 LUT6=5)
  Clock Path Skew:        -0.039ns (DCD - SCD + CPR)
    Destination Clock Delay (DCD):    0.748ns = ( 7.415 - 6.667 ) 
    Source Clock Delay      (SCD):    0.787ns
    Clock Pessimism Removal (CPR):    0.000ns
  Clock Uncertainty:      0.035ns  ((TSJ^2 + TIJ^2)^1/2 + DJ) / 2 + PE
    Total System Jitter     (TSJ):    0.071ns
    Total Input Jitter      (TIJ):    0.000ns
    Discrete Jitter          (DJ):    0.000ns
    Phase Error              (PE):    0.000ns

    Location             Delay type                Incr(ns)  Path(ns)    Netlist Resource(s)
  -------------------------------------------------------------------    -------------------
                         (clock clk_i rise edge)      0.000     0.000 r  
                                                      0.000     0.000 r  clk_i (IN)
                         net (fo=2885, unset)         0.787     0.787    clk_i
                         FDCE                                         r  uop_p2_q_reg[use_xor]_rep__1/C
  -------------------------------------------------------------------    -------------------
                         FDCE (Prop_fdce_C_Q)         0.433     1.220 r  uop_p2_q_reg[use_xor]_rep__1/Q
                         net (fo=72, unplaced)        0.690     1.910    gen_lane[0].i_lane/lane_popcnt_q[0][6]_i_26_2
                         LUT4 (Prop_lut4_I1_O)        0.252     2.162 r  gen_lane[0].i_lane/lane_result_q[0][63]_i_7/O
                         net (fo=3, unplaced)         0.956     3.118    i_vrf/lane_result_q_reg[0][63]
                         LUT6 (Prop_lut6_I1_O)        0.105     3.223 r  i_vrf/lane_popcnt_q[0][0]_i_33/O
                         net (fo=3, unplaced)         0.956     4.179    gen_lane[0].i_lane/lane_popcnt_q[0][6]_i_9_3
                         LUT6 (Prop_lut6_I0_O)        0.105     4.284 r  gen_lane[0].i_lane/lane_popcnt_q[0][3]_i_11/O
                         net (fo=2, unplaced)         0.593     4.877    gen_lane[0].i_lane/uop_p2_q_reg[use_popcount]_rep__1_19
                         LUT6 (Prop_lut6_I3_O)        0.105     4.982 r  gen_lane[0].i_lane/lane_popcnt_q[0][1]_i_2/O
                         net (fo=3, unplaced)         0.600     5.582    gen_lane[0].i_lane/lane_popcnt_q[0][1]_i_10_0
                         LUT5 (Prop_lut5_I2_O)        0.105     5.687 r  gen_lane[0].i_lane/lane_popcnt_q[0][3]_i_4/O
                         net (fo=3, unplaced)         0.956     6.643    gen_lane[0].i_lane/lane_popcnt_q[0][1]_i_4_1
                         LUT6 (Prop_lut6_I1_O)        0.105     6.748 r  gen_lane[0].i_lane/lane_popcnt_q[0][6]_i_7/O
                         net (fo=3, unplaced)         0.365     7.113    i_vrf/lane_popcnt_q_reg[0][6]_3
                         LUT6 (Prop_lut6_I3_O)        0.105     7.218 r  i_vrf/lane_popcnt_q[0][5]_i_1/O
                         net (fo=1, unplaced)         0.000     7.218    lane_popcount_count[0][5]
                         FDCE                                         r  lane_popcnt_q_reg[0][5]/D
  -------------------------------------------------------------------    -------------------

                         (clock clk_i rise edge)      6.667     6.667 r  
                                                      0.000     6.667 r  clk_i (IN)
                         net (fo=2885, unset)         0.748     7.415    clk_i
                         FDCE                                         r  lane_popcnt_q_reg[0][5]/C
                         clock pessimism              0.000     7.415    
                         clock uncertainty           -0.035     7.379    
                         FDCE (Setup_fdce_C_D)        0.072     7.451    lane_popcnt_q_reg[0][5]
  -------------------------------------------------------------------
                         required time                          7.451    
                         arrival time                          -7.218    
  -------------------------------------------------------------------
                         slack                                  0.233    

Slack (MET) :             0.233ns  (required time - arrival time)
  Source:                 uop_p2_q_reg[use_xor]_rep__1/C
                            (rising edge-triggered cell FDCE clocked by clk_i  {rise@0.000ns fall@3.333ns period=6.667ns})
  Destination:            lane_popcnt_q_reg[0][6]/D
                            (rising edge-triggered cell FDCE clocked by clk_i  {rise@0.000ns fall@3.333ns period=6.667ns})
  Path Group:             clk_i
  Path Type:              Setup (Max at Slow Process Corner)
  Requirement:            6.667ns  (clk_i rise@6.667ns - clk_i rise@0.000ns)
  Data Path Delay:        6.431ns  (logic 1.315ns (20.448%)  route 5.116ns (79.552%))
  Logic Levels:           7  (LUT4=1 LUT5=1 LUT6=5)
  Clock Path Skew:        -0.039ns (DCD - SCD + CPR)
    Destination Clock Delay (DCD):    0.748ns = ( 7.415 - 6.667 ) 
    Source Clock Delay      (SCD):    0.787ns
    Clock Pessimism Removal (CPR):    0.000ns
  Clock Uncertainty:      0.035ns  ((TSJ^2 + TIJ^2)^1/2 + DJ) / 2 + PE
    Total System Jitter     (TSJ):    0.071ns
    Total Input Jitter      (TIJ):    0.000ns
    Discrete Jitter          (DJ):    0.000ns
    Phase Error              (PE):    0.000ns

    Location             Delay type                Incr(ns)  Path(ns)    Netlist Resource(s)
  -------------------------------------------------------------------    -------------------
                         (clock clk_i rise edge)      0.000     0.000 r  
                                                      0.000     0.000 r  clk_i (IN)
                         net (fo=2885, unset)         0.787     0.787    clk_i
                         FDCE                                         r  uop_p2_q_reg[use_xor]_rep__1/C
  -------------------------------------------------------------------    -------------------
                         FDCE (Prop_fdce_C_Q)         0.433     1.220 r  uop_p2_q_reg[use_xor]_rep__1/Q
                         net (fo=72, unplaced)        0.690     1.910    gen_lane[0].i_lane/lane_popcnt_q[0][6]_i_26_2
                         LUT4 (Prop_lut4_I1_O)        0.252     2.162 r  gen_lane[0].i_lane/lane_result_q[0][63]_i_7/O
                         net (fo=3, unplaced)         0.956     3.118    i_vrf/lane_result_q_reg[0][63]
                         LUT6 (Prop_lut6_I1_O)        0.105     3.223 r  i_vrf/lane_popcnt_q[0][0]_i_33/O
                         net (fo=3, unplaced)         0.956     4.179    gen_lane[0].i_lane/lane_popcnt_q[0][6]_i_9_3
                         LUT6 (Prop_lut6_I0_O)        0.105     4.284 r  gen_lane[0].i_lane/lane_popcnt_q[0][3]_i_11/O
                         net (fo=2, unplaced)         0.593     4.877    gen_lane[0].i_lane/uop_p2_q_reg[use_popcount]_rep__1_19
                         LUT6 (Prop_lut6_I3_O)        0.105     4.982 r  gen_lane[0].i_lane/lane_popcnt_q[0][1]_i_2/O
                         net (fo=3, unplaced)         0.600     5.582    gen_lane[0].i_lane/lane_popcnt_q[0][1]_i_10_0
                         LUT5 (Prop_lut5_I2_O)        0.105     5.687 r  gen_lane[0].i_lane/lane_popcnt_q[0][3]_i_4/O
                         net (fo=3, unplaced)         0.956     6.643    gen_lane[0].i_lane/lane_popcnt_q[0][1]_i_4_1
                         LUT6 (Prop_lut6_I1_O)        0.105     6.748 r  gen_lane[0].i_lane/lane_popcnt_q[0][6]_i_7/O
                         net (fo=3, unplaced)         0.365     7.113    i_vrf/lane_popcnt_q_reg[0][6]_3
                         LUT6 (Prop_lut6_I5_O)        0.105     7.218 r  i_vrf/lane_popcnt_q[0][6]_i_1/O
                         net (fo=1, unplaced)         0.000     7.218    lane_popcount_count[0][6]
                         FDCE                                         r  lane_popcnt_q_reg[0][6]/D
  -------------------------------------------------------------------    -------------------

                         (clock clk_i rise edge)      6.667     6.667 r  
                                                      0.000     6.667 r  clk_i (IN)
                         net (fo=2885, unset)         0.748     7.415    clk_i
                         FDCE                                         r  lane_popcnt_q_reg[0][6]/C
                         clock pessimism              0.000     7.415    
                         clock uncertainty           -0.035     7.379    
                         FDCE (Setup_fdce_C_D)        0.072     7.451    lane_popcnt_q_reg[0][6]
  -------------------------------------------------------------------
                         required time                          7.451    
                         arrival time                          -7.218    
  -------------------------------------------------------------------
                         slack                                  0.233    

Slack (MET) :             0.233ns  (required time - arrival time)
  Source:                 uop_p2_q_reg[use_xor]_rep__0/C
                            (rising edge-triggered cell FDCE clocked by clk_i  {rise@0.000ns fall@3.333ns period=6.667ns})
  Destination:            lane_popcnt_q_reg[1][4]/D
                            (rising edge-triggered cell FDCE clocked by clk_i  {rise@0.000ns fall@3.333ns period=6.667ns})
  Path Group:             clk_i
  Path Type:              Setup (Max at Slow Process Corner)
  Requirement:            6.667ns  (clk_i rise@6.667ns - clk_i rise@0.000ns)
  Data Path Delay:        6.431ns  (logic 1.315ns (20.448%)  route 5.116ns (79.552%))
  Logic Levels:           7  (LUT4=1 LUT5=2 LUT6=4)
  Clock Path Skew:        -0.039ns (DCD - SCD + CPR)
    Destination Clock Delay (DCD):    0.748ns = ( 7.415 - 6.667 ) 
    Source Clock Delay      (SCD):    0.787ns
    Clock Pessimism Removal (CPR):    0.000ns
  Clock Uncertainty:      0.035ns  ((TSJ^2 + TIJ^2)^1/2 + DJ) / 2 + PE
    Total System Jitter     (TSJ):    0.071ns
    Total Input Jitter      (TIJ):    0.000ns
    Discrete Jitter          (DJ):    0.000ns
    Phase Error              (PE):    0.000ns

    Location             Delay type                Incr(ns)  Path(ns)    Netlist Resource(s)
  -------------------------------------------------------------------    -------------------
                         (clock clk_i rise edge)      0.000     0.000 r  
                                                      0.000     0.000 r  clk_i (IN)
                         net (fo=2885, unset)         0.787     0.787    clk_i
                         FDCE                                         r  uop_p2_q_reg[use_xor]_rep__0/C
  -------------------------------------------------------------------    -------------------
                         FDCE (Prop_fdce_C_Q)         0.433     1.220 r  uop_p2_q_reg[use_xor]_rep__0/Q
                         net (fo=72, unplaced)        0.690     1.910    gen_lane[1].i_lane/lane_popcnt_q[1][6]_i_27_2
                         LUT4 (Prop_lut4_I1_O)        0.252     2.162 r  gen_lane[1].i_lane/lane_result_q[1][63]_i_7/O
                         net (fo=3, unplaced)         0.956     3.118    i_vrf/lane_result_q_reg[1][63]
                         LUT6 (Prop_lut6_I1_O)        0.105     3.223 r  i_vrf/lane_popcnt_q[1][0]_i_33/O
                         net (fo=3, unplaced)         0.956     4.179    gen_lane[1].i_lane/lane_popcnt_q[1][6]_i_10_3
                         LUT6 (Prop_lut6_I0_O)        0.105     4.284 r  gen_lane[1].i_lane/lane_popcnt_q[1][3]_i_11/O
                         net (fo=2, unplaced)         0.593     4.877    gen_lane[1].i_lane/uop_p2_q_reg[use_popcount]_rep__0_19
                         LUT6 (Prop_lut6_I3_O)        0.105     4.982 r  gen_lane[1].i_lane/lane_popcnt_q[1][1]_i_2/O
                         net (fo=3, unplaced)         0.600     5.582    gen_lane[1].i_lane/lane_popcnt_q[1][1]_i_10_0
                         LUT5 (Prop_lut5_I2_O)        0.105     5.687 r  gen_lane[1].i_lane/lane_popcnt_q[1][3]_i_4/O
                         net (fo=3, unplaced)         0.956     6.643    gen_lane[1].i_lane/lane_popcnt_q[1][1]_i_4_1
                         LUT6 (Prop_lut6_I1_O)        0.105     6.748 r  gen_lane[1].i_lane/lane_popcnt_q[1][6]_i_8/O
                         net (fo=3, unplaced)         0.365     7.113    i_vrf/lane_popcnt_q_reg[1][6]_3
                         LUT5 (Prop_lut5_I3_O)        0.105     7.218 r  i_vrf/lane_popcnt_q[1][4]_i_1/O
                         net (fo=1, unplaced)         0.000     7.218    lane_popcount_count[1][4]
                         FDCE                                         r  lane_popcnt_q_reg[1][4]/D
  -------------------------------------------------------------------    -------------------

                         (clock clk_i rise edge)      6.667     6.667 r  
                                                      0.000     6.667 r  clk_i (IN)
                         net (fo=2885, unset)         0.748     7.415    clk_i
                         FDCE                                         r  lane_popcnt_q_reg[1][4]/C
                         clock pessimism              0.000     7.415    
                         clock uncertainty           -0.035     7.379    
                         FDCE (Setup_fdce_C_D)        0.072     7.451    lane_popcnt_q_reg[1][4]
  -------------------------------------------------------------------
                         required time                          7.451    
                         arrival time                          -7.218    
  -------------------------------------------------------------------
                         slack                                  0.233    

Slack (MET) :             0.233ns  (required time - arrival time)
  Source:                 uop_p2_q_reg[use_xor]_rep__0/C
                            (rising edge-triggered cell FDCE clocked by clk_i  {rise@0.000ns fall@3.333ns period=6.667ns})
  Destination:            lane_popcnt_q_reg[1][5]/D
                            (rising edge-triggered cell FDCE clocked by clk_i  {rise@0.000ns fall@3.333ns period=6.667ns})
  Path Group:             clk_i
  Path Type:              Setup (Max at Slow Process Corner)
  Requirement:            6.667ns  (clk_i rise@6.667ns - clk_i rise@0.000ns)
  Data Path Delay:        6.431ns  (logic 1.315ns (20.448%)  route 5.116ns (79.552%))
  Logic Levels:           7  (LUT4=1 LUT5=1 LUT6=5)
  Clock Path Skew:        -0.039ns (DCD - SCD + CPR)
    Destination Clock Delay (DCD):    0.748ns = ( 7.415 - 6.667 ) 
    Source Clock Delay      (SCD):    0.787ns
    Clock Pessimism Removal (CPR):    0.000ns
  Clock Uncertainty:      0.035ns  ((TSJ^2 + TIJ^2)^1/2 + DJ) / 2 + PE
    Total System Jitter     (TSJ):    0.071ns
    Total Input Jitter      (TIJ):    0.000ns
    Discrete Jitter          (DJ):    0.000ns
    Phase Error              (PE):    0.000ns

    Location             Delay type                Incr(ns)  Path(ns)    Netlist Resource(s)
  -------------------------------------------------------------------    -------------------
                         (clock clk_i rise edge)      0.000     0.000 r  
                                                      0.000     0.000 r  clk_i (IN)
                         net (fo=2885, unset)         0.787     0.787    clk_i
                         FDCE                                         r  uop_p2_q_reg[use_xor]_rep__0/C
  -------------------------------------------------------------------    -------------------
                         FDCE (Prop_fdce_C_Q)         0.433     1.220 r  uop_p2_q_reg[use_xor]_rep__0/Q
                         net (fo=72, unplaced)        0.690     1.910    gen_lane[1].i_lane/lane_popcnt_q[1][6]_i_27_2
                         LUT4 (Prop_lut4_I1_O)        0.252     2.162 r  gen_lane[1].i_lane/lane_result_q[1][63]_i_7/O
                         net (fo=3, unplaced)         0.956     3.118    i_vrf/lane_result_q_reg[1][63]
                         LUT6 (Prop_lut6_I1_O)        0.105     3.223 r  i_vrf/lane_popcnt_q[1][0]_i_33/O
                         net (fo=3, unplaced)         0.956     4.179    gen_lane[1].i_lane/lane_popcnt_q[1][6]_i_10_3
                         LUT6 (Prop_lut6_I0_O)        0.105     4.284 r  gen_lane[1].i_lane/lane_popcnt_q[1][3]_i_11/O
                         net (fo=2, unplaced)         0.593     4.877    gen_lane[1].i_lane/uop_p2_q_reg[use_popcount]_rep__0_19
                         LUT6 (Prop_lut6_I3_O)        0.105     4.982 r  gen_lane[1].i_lane/lane_popcnt_q[1][1]_i_2/O
                         net (fo=3, unplaced)         0.600     5.582    gen_lane[1].i_lane/lane_popcnt_q[1][1]_i_10_0
                         LUT5 (Prop_lut5_I2_O)        0.105     5.687 r  gen_lane[1].i_lane/lane_popcnt_q[1][3]_i_4/O
                         net (fo=3, unplaced)         0.956     6.643    gen_lane[1].i_lane/lane_popcnt_q[1][1]_i_4_1
                         LUT6 (Prop_lut6_I1_O)        0.105     6.748 r  gen_lane[1].i_lane/lane_popcnt_q[1][6]_i_8/O
                         net (fo=3, unplaced)         0.365     7.113    i_vrf/lane_popcnt_q_reg[1][6]_3
                         LUT6 (Prop_lut6_I3_O)        0.105     7.218 r  i_vrf/lane_popcnt_q[1][5]_i_1/O
                         net (fo=1, unplaced)         0.000     7.218    lane_popcount_count[1][5]
                         FDCE                                         r  lane_popcnt_q_reg[1][5]/D
  -------------------------------------------------------------------    -------------------

                         (clock clk_i rise edge)      6.667     6.667 r  
                                                      0.000     6.667 r  clk_i (IN)
                         net (fo=2885, unset)         0.748     7.415    clk_i
                         FDCE                                         r  lane_popcnt_q_reg[1][5]/C
                         clock pessimism              0.000     7.415    
                         clock uncertainty           -0.035     7.379    
                         FDCE (Setup_fdce_C_D)        0.072     7.451    lane_popcnt_q_reg[1][5]
  -------------------------------------------------------------------
                         required time                          7.451    
                         arrival time                          -7.218    
  -------------------------------------------------------------------
                         slack                                  0.233    

Slack (MET) :             0.233ns  (required time - arrival time)
  Source:                 uop_p2_q_reg[use_xor]_rep__0/C
                            (rising edge-triggered cell FDCE clocked by clk_i  {rise@0.000ns fall@3.333ns period=6.667ns})
  Destination:            lane_popcnt_q_reg[1][6]/D
                            (rising edge-triggered cell FDCE clocked by clk_i  {rise@0.000ns fall@3.333ns period=6.667ns})
  Path Group:             clk_i
  Path Type:              Setup (Max at Slow Process Corner)
  Requirement:            6.667ns  (clk_i rise@6.667ns - clk_i rise@0.000ns)
  Data Path Delay:        6.431ns  (logic 1.315ns (20.448%)  route 5.116ns (79.552%))
  Logic Levels:           7  (LUT4=1 LUT5=1 LUT6=5)
  Clock Path Skew:        -0.039ns (DCD - SCD + CPR)
    Destination Clock Delay (DCD):    0.748ns = ( 7.415 - 6.667 ) 
    Source Clock Delay      (SCD):    0.787ns
    Clock Pessimism Removal (CPR):    0.000ns
  Clock Uncertainty:      0.035ns  ((TSJ^2 + TIJ^2)^1/2 + DJ) / 2 + PE
    Total System Jitter     (TSJ):    0.071ns
    Total Input Jitter      (TIJ):    0.000ns
    Discrete Jitter          (DJ):    0.000ns
    Phase Error              (PE):    0.000ns

    Location             Delay type                Incr(ns)  Path(ns)    Netlist Resource(s)
  -------------------------------------------------------------------    -------------------
                         (clock clk_i rise edge)      0.000     0.000 r  
                                                      0.000     0.000 r  clk_i (IN)
                         net (fo=2885, unset)         0.787     0.787    clk_i
                         FDCE                                         r  uop_p2_q_reg[use_xor]_rep__0/C
  -------------------------------------------------------------------    -------------------
                         FDCE (Prop_fdce_C_Q)         0.433     1.220 r  uop_p2_q_reg[use_xor]_rep__0/Q
                         net (fo=72, unplaced)        0.690     1.910    gen_lane[1].i_lane/lane_popcnt_q[1][6]_i_27_2
                         LUT4 (Prop_lut4_I1_O)        0.252     2.162 r  gen_lane[1].i_lane/lane_result_q[1][63]_i_7/O
                         net (fo=3, unplaced)         0.956     3.118    i_vrf/lane_result_q_reg[1][63]
                         LUT6 (Prop_lut6_I1_O)        0.105     3.223 r  i_vrf/lane_popcnt_q[1][0]_i_33/O
                         net (fo=3, unplaced)         0.956     4.179    gen_lane[1].i_lane/lane_popcnt_q[1][6]_i_10_3
                         LUT6 (Prop_lut6_I0_O)        0.105     4.284 r  gen_lane[1].i_lane/lane_popcnt_q[1][3]_i_11/O
                         net (fo=2, unplaced)         0.593     4.877    gen_lane[1].i_lane/uop_p2_q_reg[use_popcount]_rep__0_19
                         LUT6 (Prop_lut6_I3_O)        0.105     4.982 r  gen_lane[1].i_lane/lane_popcnt_q[1][1]_i_2/O
                         net (fo=3, unplaced)         0.600     5.582    gen_lane[1].i_lane/lane_popcnt_q[1][1]_i_10_0
                         LUT5 (Prop_lut5_I2_O)        0.105     5.687 r  gen_lane[1].i_lane/lane_popcnt_q[1][3]_i_4/O
                         net (fo=3, unplaced)         0.956     6.643    gen_lane[1].i_lane/lane_popcnt_q[1][1]_i_4_1
                         LUT6 (Prop_lut6_I1_O)        0.105     6.748 r  gen_lane[1].i_lane/lane_popcnt_q[1][6]_i_8/O
                         net (fo=3, unplaced)         0.365     7.113    i_vrf/lane_popcnt_q_reg[1][6]_3
                         LUT6 (Prop_lut6_I5_O)        0.105     7.218 r  i_vrf/lane_popcnt_q[1][6]_i_2/O
                         net (fo=1, unplaced)         0.000     7.218    lane_popcount_count[1][6]
                         FDCE                                         r  lane_popcnt_q_reg[1][6]/D
  -------------------------------------------------------------------    -------------------

                         (clock clk_i rise edge)      6.667     6.667 r  
                                                      0.000     6.667 r  clk_i (IN)
                         net (fo=2885, unset)         0.748     7.415    clk_i
                         FDCE                                         r  lane_popcnt_q_reg[1][6]/C
                         clock pessimism              0.000     7.415    
                         clock uncertainty           -0.035     7.379    
                         FDCE (Setup_fdce_C_D)        0.072     7.451    lane_popcnt_q_reg[1][6]
  -------------------------------------------------------------------
                         required time                          7.451    
                         arrival time                          -7.218    
  -------------------------------------------------------------------
                         slack                                  0.233    

Slack (MET) :             0.233ns  (required time - arrival time)
  Source:                 uop_p2_q_reg[use_xor]_rep/C
                            (rising edge-triggered cell FDCE clocked by clk_i  {rise@0.000ns fall@3.333ns period=6.667ns})
  Destination:            lane_popcnt_q_reg[2][4]/D
                            (rising edge-triggered cell FDCE clocked by clk_i  {rise@0.000ns fall@3.333ns period=6.667ns})
  Path Group:             clk_i
  Path Type:              Setup (Max at Slow Process Corner)
  Requirement:            6.667ns  (clk_i rise@6.667ns - clk_i rise@0.000ns)
  Data Path Delay:        6.431ns  (logic 1.315ns (20.448%)  route 5.116ns (79.552%))
  Logic Levels:           7  (LUT4=1 LUT5=2 LUT6=4)
  Clock Path Skew:        -0.039ns (DCD - SCD + CPR)
    Destination Clock Delay (DCD):    0.748ns = ( 7.415 - 6.667 ) 
    Source Clock Delay      (SCD):    0.787ns
    Clock Pessimism Removal (CPR):    0.000ns
  Clock Uncertainty:      0.035ns  ((TSJ^2 + TIJ^2)^1/2 + DJ) / 2 + PE
    Total System Jitter     (TSJ):    0.071ns
    Total Input Jitter      (TIJ):    0.000ns
    Discrete Jitter          (DJ):    0.000ns
    Phase Error              (PE):    0.000ns

    Location             Delay type                Incr(ns)  Path(ns)    Netlist Resource(s)
  -------------------------------------------------------------------    -------------------
                         (clock clk_i rise edge)      0.000     0.000 r  
                                                      0.000     0.000 r  clk_i (IN)
                         net (fo=2885, unset)         0.787     0.787    clk_i
                         FDCE                                         r  uop_p2_q_reg[use_xor]_rep/C
  -------------------------------------------------------------------    -------------------
                         FDCE (Prop_fdce_C_Q)         0.433     1.220 r  uop_p2_q_reg[use_xor]_rep/Q
                         net (fo=72, unplaced)        0.690     1.910    gen_lane[2].i_lane/lane_popcnt_q[2][6]_i_26_2
                         LUT4 (Prop_lut4_I1_O)        0.252     2.162 r  gen_lane[2].i_lane/lane_result_q[2][63]_i_7/O
                         net (fo=3, unplaced)         0.956     3.118    i_vrf/lane_result_q_reg[2][63]
                         LUT6 (Prop_lut6_I1_O)        0.105     3.223 r  i_vrf/lane_popcnt_q[2][0]_i_33/O
                         net (fo=3, unplaced)         0.956     4.179    gen_lane[2].i_lane/lane_popcnt_q[2][6]_i_9_3
                         LUT6 (Prop_lut6_I0_O)        0.105     4.284 r  gen_lane[2].i_lane/lane_popcnt_q[2][3]_i_11/O
                         net (fo=2, unplaced)         0.593     4.877    gen_lane[2].i_lane/uop_p2_q_reg[use_popcount]_rep_19
                         LUT6 (Prop_lut6_I3_O)        0.105     4.982 r  gen_lane[2].i_lane/lane_popcnt_q[2][1]_i_2/O
                         net (fo=3, unplaced)         0.600     5.582    gen_lane[2].i_lane/lane_popcnt_q[2][1]_i_10_0
                         LUT5 (Prop_lut5_I2_O)        0.105     5.687 r  gen_lane[2].i_lane/lane_popcnt_q[2][3]_i_4/O
                         net (fo=3, unplaced)         0.956     6.643    gen_lane[2].i_lane/lane_popcnt_q[2][1]_i_4_1
                         LUT6 (Prop_lut6_I1_O)        0.105     6.748 r  gen_lane[2].i_lane/lane_popcnt_q[2][6]_i_7/O
                         net (fo=3, unplaced)         0.365     7.113    i_vrf/lane_popcnt_q_reg[2][6]_3
                         LUT5 (Prop_lut5_I3_O)        0.105     7.218 r  i_vrf/lane_popcnt_q[2][4]_i_1/O
                         net (fo=1, unplaced)         0.000     7.218    lane_popcount_count[2][4]
                         FDCE                                         r  lane_popcnt_q_reg[2][4]/D
  -------------------------------------------------------------------    -------------------

                         (clock clk_i rise edge)      6.667     6.667 r  
                                                      0.000     6.667 r  clk_i (IN)
                         net (fo=2885, unset)         0.748     7.415    clk_i
                         FDCE                                         r  lane_popcnt_q_reg[2][4]/C
                         clock pessimism              0.000     7.415    
                         clock uncertainty           -0.035     7.379    
                         FDCE (Setup_fdce_C_D)        0.072     7.451    lane_popcnt_q_reg[2][4]
  -------------------------------------------------------------------
                         required time                          7.451    
                         arrival time                          -7.218    
  -------------------------------------------------------------------
                         slack                                  0.233    

Slack (MET) :             0.233ns  (required time - arrival time)
  Source:                 uop_p2_q_reg[use_xor]_rep/C
                            (rising edge-triggered cell FDCE clocked by clk_i  {rise@0.000ns fall@3.333ns period=6.667ns})
  Destination:            lane_popcnt_q_reg[2][5]/D
                            (rising edge-triggered cell FDCE clocked by clk_i  {rise@0.000ns fall@3.333ns period=6.667ns})
  Path Group:             clk_i
  Path Type:              Setup (Max at Slow Process Corner)
  Requirement:            6.667ns  (clk_i rise@6.667ns - clk_i rise@0.000ns)
  Data Path Delay:        6.431ns  (logic 1.315ns (20.448%)  route 5.116ns (79.552%))
  Logic Levels:           7  (LUT4=1 LUT5=1 LUT6=5)
  Clock Path Skew:        -0.039ns (DCD - SCD + CPR)
    Destination Clock Delay (DCD):    0.748ns = ( 7.415 - 6.667 ) 
    Source Clock Delay      (SCD):    0.787ns
    Clock Pessimism Removal (CPR):    0.000ns
  Clock Uncertainty:      0.035ns  ((TSJ^2 + TIJ^2)^1/2 + DJ) / 2 + PE
    Total System Jitter     (TSJ):    0.071ns
    Total Input Jitter      (TIJ):    0.000ns
    Discrete Jitter          (DJ):    0.000ns
    Phase Error              (PE):    0.000ns

    Location             Delay type                Incr(ns)  Path(ns)    Netlist Resource(s)
  -------------------------------------------------------------------    -------------------
                         (clock clk_i rise edge)      0.000     0.000 r  
                                                      0.000     0.000 r  clk_i (IN)
                         net (fo=2885, unset)         0.787     0.787    clk_i
                         FDCE                                         r  uop_p2_q_reg[use_xor]_rep/C
  -------------------------------------------------------------------    -------------------
                         FDCE (Prop_fdce_C_Q)         0.433     1.220 r  uop_p2_q_reg[use_xor]_rep/Q
                         net (fo=72, unplaced)        0.690     1.910    gen_lane[2].i_lane/lane_popcnt_q[2][6]_i_26_2
                         LUT4 (Prop_lut4_I1_O)        0.252     2.162 r  gen_lane[2].i_lane/lane_result_q[2][63]_i_7/O
                         net (fo=3, unplaced)         0.956     3.118    i_vrf/lane_result_q_reg[2][63]
                         LUT6 (Prop_lut6_I1_O)        0.105     3.223 r  i_vrf/lane_popcnt_q[2][0]_i_33/O
                         net (fo=3, unplaced)         0.956     4.179    gen_lane[2].i_lane/lane_popcnt_q[2][6]_i_9_3
                         LUT6 (Prop_lut6_I0_O)        0.105     4.284 r  gen_lane[2].i_lane/lane_popcnt_q[2][3]_i_11/O
                         net (fo=2, unplaced)         0.593     4.877    gen_lane[2].i_lane/uop_p2_q_reg[use_popcount]_rep_19
                         LUT6 (Prop_lut6_I3_O)        0.105     4.982 r  gen_lane[2].i_lane/lane_popcnt_q[2][1]_i_2/O
                         net (fo=3, unplaced)         0.600     5.582    gen_lane[2].i_lane/lane_popcnt_q[2][1]_i_10_0
                         LUT5 (Prop_lut5_I2_O)        0.105     5.687 r  gen_lane[2].i_lane/lane_popcnt_q[2][3]_i_4/O
                         net (fo=3, unplaced)         0.956     6.643    gen_lane[2].i_lane/lane_popcnt_q[2][1]_i_4_1
                         LUT6 (Prop_lut6_I1_O)        0.105     6.748 r  gen_lane[2].i_lane/lane_popcnt_q[2][6]_i_7/O
                         net (fo=3, unplaced)         0.365     7.113    i_vrf/lane_popcnt_q_reg[2][6]_3
                         LUT6 (Prop_lut6_I3_O)        0.105     7.218 r  i_vrf/lane_popcnt_q[2][5]_i_1/O
                         net (fo=1, unplaced)         0.000     7.218    lane_popcount_count[2][5]
                         FDCE                                         r  lane_popcnt_q_reg[2][5]/D
  -------------------------------------------------------------------    -------------------

                         (clock clk_i rise edge)      6.667     6.667 r  
                                                      0.000     6.667 r  clk_i (IN)
                         net (fo=2885, unset)         0.748     7.415    clk_i
                         FDCE                                         r  lane_popcnt_q_reg[2][5]/C
                         clock pessimism              0.000     7.415    
                         clock uncertainty           -0.035     7.379    
                         FDCE (Setup_fdce_C_D)        0.072     7.451    lane_popcnt_q_reg[2][5]
  -------------------------------------------------------------------
                         required time                          7.451    
                         arrival time                          -7.218    
  -------------------------------------------------------------------
                         slack                                  0.233    

Slack (MET) :             0.233ns  (required time - arrival time)
  Source:                 uop_p2_q_reg[use_xor]_rep/C
                            (rising edge-triggered cell FDCE clocked by clk_i  {rise@0.000ns fall@3.333ns period=6.667ns})
  Destination:            lane_popcnt_q_reg[2][6]/D
                            (rising edge-triggered cell FDCE clocked by clk_i  {rise@0.000ns fall@3.333ns period=6.667ns})
  Path Group:             clk_i
  Path Type:              Setup (Max at Slow Process Corner)
  Requirement:            6.667ns  (clk_i rise@6.667ns - clk_i rise@0.000ns)
  Data Path Delay:        6.431ns  (logic 1.315ns (20.448%)  route 5.116ns (79.552%))
  Logic Levels:           7  (LUT4=1 LUT5=1 LUT6=5)
  Clock Path Skew:        -0.039ns (DCD - SCD + CPR)
    Destination Clock Delay (DCD):    0.748ns = ( 7.415 - 6.667 ) 
    Source Clock Delay      (SCD):    0.787ns
    Clock Pessimism Removal (CPR):    0.000ns
  Clock Uncertainty:      0.035ns  ((TSJ^2 + TIJ^2)^1/2 + DJ) / 2 + PE
    Total System Jitter     (TSJ):    0.071ns
    Total Input Jitter      (TIJ):    0.000ns
    Discrete Jitter          (DJ):    0.000ns
    Phase Error              (PE):    0.000ns

    Location             Delay type                Incr(ns)  Path(ns)    Netlist Resource(s)
  -------------------------------------------------------------------    -------------------
                         (clock clk_i rise edge)      0.000     0.000 r  
                                                      0.000     0.000 r  clk_i (IN)
                         net (fo=2885, unset)         0.787     0.787    clk_i
                         FDCE                                         r  uop_p2_q_reg[use_xor]_rep/C
  -------------------------------------------------------------------    -------------------
                         FDCE (Prop_fdce_C_Q)         0.433     1.220 r  uop_p2_q_reg[use_xor]_rep/Q
                         net (fo=72, unplaced)        0.690     1.910    gen_lane[2].i_lane/lane_popcnt_q[2][6]_i_26_2
                         LUT4 (Prop_lut4_I1_O)        0.252     2.162 r  gen_lane[2].i_lane/lane_result_q[2][63]_i_7/O
                         net (fo=3, unplaced)         0.956     3.118    i_vrf/lane_result_q_reg[2][63]
                         LUT6 (Prop_lut6_I1_O)        0.105     3.223 r  i_vrf/lane_popcnt_q[2][0]_i_33/O
                         net (fo=3, unplaced)         0.956     4.179    gen_lane[2].i_lane/lane_popcnt_q[2][6]_i_9_3
                         LUT6 (Prop_lut6_I0_O)        0.105     4.284 r  gen_lane[2].i_lane/lane_popcnt_q[2][3]_i_11/O
                         net (fo=2, unplaced)         0.593     4.877    gen_lane[2].i_lane/uop_p2_q_reg[use_popcount]_rep_19
                         LUT6 (Prop_lut6_I3_O)        0.105     4.982 r  gen_lane[2].i_lane/lane_popcnt_q[2][1]_i_2/O
                         net (fo=3, unplaced)         0.600     5.582    gen_lane[2].i_lane/lane_popcnt_q[2][1]_i_10_0
                         LUT5 (Prop_lut5_I2_O)        0.105     5.687 r  gen_lane[2].i_lane/lane_popcnt_q[2][3]_i_4/O
                         net (fo=3, unplaced)         0.956     6.643    gen_lane[2].i_lane/lane_popcnt_q[2][1]_i_4_1
                         LUT6 (Prop_lut6_I1_O)        0.105     6.748 r  gen_lane[2].i_lane/lane_popcnt_q[2][6]_i_7/O
                         net (fo=3, unplaced)         0.365     7.113    i_vrf/lane_popcnt_q_reg[2][6]_3
                         LUT6 (Prop_lut6_I5_O)        0.105     7.218 r  i_vrf/lane_popcnt_q[2][6]_i_1/O
                         net (fo=1, unplaced)         0.000     7.218    lane_popcount_count[2][6]
                         FDCE                                         r  lane_popcnt_q_reg[2][6]/D
  -------------------------------------------------------------------    -------------------

                         (clock clk_i rise edge)      6.667     6.667 r  
                                                      0.000     6.667 r  clk_i (IN)
                         net (fo=2885, unset)         0.748     7.415    clk_i
                         FDCE                                         r  lane_popcnt_q_reg[2][6]/C
                         clock pessimism              0.000     7.415    
                         clock uncertainty           -0.035     7.379    
                         FDCE (Setup_fdce_C_D)        0.072     7.451    lane_popcnt_q_reg[2][6]
  -------------------------------------------------------------------
                         required time                          7.451    
                         arrival time                          -7.218    
  -------------------------------------------------------------------
                         slack                                  0.233    

Slack (MET) :             0.835ns  (required time - arrival time)
  Source:                 uop_p2_q_reg[use_popcount]_rep__1/C
                            (rising edge-triggered cell FDCE clocked by clk_i  {rise@0.000ns fall@3.333ns period=6.667ns})
  Destination:            lane_popcnt_q_reg[0][3]/D
                            (rising edge-triggered cell FDCE clocked by clk_i  {rise@0.000ns fall@3.333ns period=6.667ns})
  Path Group:             clk_i
  Path Type:              Setup (Max at Slow Process Corner)
  Requirement:            6.667ns  (clk_i rise@6.667ns - clk_i rise@0.000ns)
  Data Path Delay:        5.829ns  (logic 1.308ns (22.440%)  route 4.521ns (77.560%))
  Logic Levels:           7  (LUT3=1 LUT5=4 LUT6=2)
  Clock Path Skew:        -0.039ns (DCD - SCD + CPR)
    Destination Clock Delay (DCD):    0.748ns = ( 7.415 - 6.667 ) 
    Source Clock Delay      (SCD):    0.787ns
    Clock Pessimism Removal (CPR):    0.000ns
  Clock Uncertainty:      0.035ns  ((TSJ^2 + TIJ^2)^1/2 + DJ) / 2 + PE
    Total System Jitter     (TSJ):    0.071ns
    Total Input Jitter      (TIJ):    0.000ns
    Discrete Jitter          (DJ):    0.000ns
    Phase Error              (PE):    0.000ns

    Location             Delay type                Incr(ns)  Path(ns)    Netlist Resource(s)
  -------------------------------------------------------------------    -------------------
                         (clock clk_i rise edge)      0.000     0.000 r  
                                                      0.000     0.000 r  clk_i (IN)
                         net (fo=2885, unset)         0.787     0.787    clk_i
                         FDCE                                         r  uop_p2_q_reg[use_popcount]_rep__1/C
  -------------------------------------------------------------------    -------------------
                         FDCE (Prop_fdce_C_Q)         0.433     1.220 r  uop_p2_q_reg[use_popcount]_rep__1/Q
                         net (fo=72, unplaced)        0.748     1.968    i_vrf/lane_result_q[0][12]_i_2_0
                         LUT5 (Prop_lut5_I0_O)        0.232     2.200 r  i_vrf/lane_popcnt_q[0][0]_i_14/O
                         net (fo=6, unplaced)         0.970     3.170    gen_lane[0].i_lane/lane_bool_result[0][13]
                         LUT6 (Prop_lut6_I1_O)        0.105     3.275 r  gen_lane[0].i_lane/lane_popcnt_q[0][6]_i_43/O
                         net (fo=2, unplaced)         0.793     4.068    gen_lane[0].i_lane/lane_popcnt_q[0][6]_i_43_n_0
                         LUT6 (Prop_lut6_I0_O)        0.105     4.173 r  gen_lane[0].i_lane/lane_popcnt_q[0][1]_i_18/O
                         net (fo=2, unplaced)         0.358     4.531    gen_lane[0].i_lane/lane_popcnt_q[0][1]_i_18_n_0
                         LUT5 (Prop_lut5_I4_O)        0.105     4.636 r  gen_lane[0].i_lane/lane_popcnt_q[0][6]_i_8/O
                         net (fo=2, unplaced)         0.949     5.585    gen_lane[0].i_lane/lane_popcnt_q[0][6]_i_8_n_0
                         LUT5 (Prop_lut5_I0_O)        0.118     5.703 r  gen_lane[0].i_lane/lane_popcnt_q[0][6]_i_2/O
                         net (fo=5, unplaced)         0.356     6.059    gen_lane[0].i_lane/lane_popcnt_q[0][6]_i_12_1
                         LUT3 (Prop_lut3_I0_O)        0.105     6.164 r  gen_lane[0].i_lane/lane_popcnt_q[0][3]_i_6/O
                         net (fo=1, unplaced)         0.347     6.511    i_vrf/lane_popcnt_q_reg[0][3]
                         LUT5 (Prop_lut5_I4_O)        0.105     6.616 r  i_vrf/lane_popcnt_q[0][3]_i_1/O
                         net (fo=1, unplaced)         0.000     6.616    lane_popcount_count[0][3]
                         FDCE                                         r  lane_popcnt_q_reg[0][3]/D
  -------------------------------------------------------------------    -------------------

                         (clock clk_i rise edge)      6.667     6.667 r  
                                                      0.000     6.667 r  clk_i (IN)
                         net (fo=2885, unset)         0.748     7.415    clk_i
                         FDCE                                         r  lane_popcnt_q_reg[0][3]/C
                         clock pessimism              0.000     7.415    
                         clock uncertainty           -0.035     7.379    
                         FDCE (Setup_fdce_C_D)        0.072     7.451    lane_popcnt_q_reg[0][3]
  -------------------------------------------------------------------
                         required time                          7.451    
                         arrival time                          -6.616    
  -------------------------------------------------------------------
                         slack                                  0.835    

Slack (MET) :             0.835ns  (required time - arrival time)
  Source:                 uop_p2_q_reg[use_popcount]_rep__0/C
                            (rising edge-triggered cell FDCE clocked by clk_i  {rise@0.000ns fall@3.333ns period=6.667ns})
  Destination:            lane_popcnt_q_reg[1][3]/D
                            (rising edge-triggered cell FDCE clocked by clk_i  {rise@0.000ns fall@3.333ns period=6.667ns})
  Path Group:             clk_i
  Path Type:              Setup (Max at Slow Process Corner)
  Requirement:            6.667ns  (clk_i rise@6.667ns - clk_i rise@0.000ns)
  Data Path Delay:        5.829ns  (logic 1.308ns (22.440%)  route 4.521ns (77.560%))
  Logic Levels:           7  (LUT3=1 LUT5=4 LUT6=2)
  Clock Path Skew:        -0.039ns (DCD - SCD + CPR)
    Destination Clock Delay (DCD):    0.748ns = ( 7.415 - 6.667 ) 
    Source Clock Delay      (SCD):    0.787ns
    Clock Pessimism Removal (CPR):    0.000ns
  Clock Uncertainty:      0.035ns  ((TSJ^2 + TIJ^2)^1/2 + DJ) / 2 + PE
    Total System Jitter     (TSJ):    0.071ns
    Total Input Jitter      (TIJ):    0.000ns
    Discrete Jitter          (DJ):    0.000ns
    Phase Error              (PE):    0.000ns

    Location             Delay type                Incr(ns)  Path(ns)    Netlist Resource(s)
  -------------------------------------------------------------------    -------------------
                         (clock clk_i rise edge)      0.000     0.000 r  
                                                      0.000     0.000 r  clk_i (IN)
                         net (fo=2885, unset)         0.787     0.787    clk_i
                         FDCE                                         r  uop_p2_q_reg[use_popcount]_rep__0/C
  -------------------------------------------------------------------    -------------------
                         FDCE (Prop_fdce_C_Q)         0.433     1.220 r  uop_p2_q_reg[use_popcount]_rep__0/Q
                         net (fo=72, unplaced)        0.748     1.968    i_vrf/lane_result_q[1][12]_i_2_0
                         LUT5 (Prop_lut5_I0_O)        0.232     2.200 r  i_vrf/lane_popcnt_q[1][0]_i_14/O
                         net (fo=6, unplaced)         0.970     3.170    gen_lane[1].i_lane/lane_bool_result[1][13]
                         LUT6 (Prop_lut6_I1_O)        0.105     3.275 r  gen_lane[1].i_lane/lane_popcnt_q[1][6]_i_44/O
                         net (fo=2, unplaced)         0.793     4.068    gen_lane[1].i_lane/lane_popcnt_q[1][6]_i_44_n_0
                         LUT6 (Prop_lut6_I0_O)        0.105     4.173 r  gen_lane[1].i_lane/lane_popcnt_q[1][1]_i_18/O
                         net (fo=2, unplaced)         0.358     4.531    gen_lane[1].i_lane/lane_popcnt_q[1][1]_i_18_n_0
                         LUT5 (Prop_lut5_I4_O)        0.105     4.636 r  gen_lane[1].i_lane/lane_popcnt_q[1][6]_i_9/O
                         net (fo=2, unplaced)         0.949     5.585    gen_lane[1].i_lane/lane_popcnt_q[1][6]_i_9_n_0
                         LUT5 (Prop_lut5_I0_O)        0.118     5.703 r  gen_lane[1].i_lane/lane_popcnt_q[1][6]_i_3/O
                         net (fo=5, unplaced)         0.356     6.059    gen_lane[1].i_lane/lane_popcnt_q[1][6]_i_13_1
                         LUT3 (Prop_lut3_I0_O)        0.105     6.164 r  gen_lane[1].i_lane/lane_popcnt_q[1][3]_i_6/O
                         net (fo=1, unplaced)         0.347     6.511    i_vrf/lane_popcnt_q_reg[1][3]
                         LUT5 (Prop_lut5_I4_O)        0.105     6.616 r  i_vrf/lane_popcnt_q[1][3]_i_1/O
                         net (fo=1, unplaced)         0.000     6.616    lane_popcount_count[1][3]
                         FDCE                                         r  lane_popcnt_q_reg[1][3]/D
  -------------------------------------------------------------------    -------------------

                         (clock clk_i rise edge)      6.667     6.667 r  
                                                      0.000     6.667 r  clk_i (IN)
                         net (fo=2885, unset)         0.748     7.415    clk_i
                         FDCE                                         r  lane_popcnt_q_reg[1][3]/C
                         clock pessimism              0.000     7.415    
                         clock uncertainty           -0.035     7.379    
                         FDCE (Setup_fdce_C_D)        0.072     7.451    lane_popcnt_q_reg[1][3]
  -------------------------------------------------------------------
                         required time                          7.451    
                         arrival time                          -6.616    
  -------------------------------------------------------------------
                         slack                                  0.835    

Slack (MET) :             0.835ns  (required time - arrival time)
  Source:                 uop_p2_q_reg[use_popcount]_rep/C
                            (rising edge-triggered cell FDCE clocked by clk_i  {rise@0.000ns fall@3.333ns period=6.667ns})
  Destination:            lane_popcnt_q_reg[2][3]/D
                            (rising edge-triggered cell FDCE clocked by clk_i  {rise@0.000ns fall@3.333ns period=6.667ns})
  Path Group:             clk_i
  Path Type:              Setup (Max at Slow Process Corner)
  Requirement:            6.667ns  (clk_i rise@6.667ns - clk_i rise@0.000ns)
  Data Path Delay:        5.829ns  (logic 1.308ns (22.440%)  route 4.521ns (77.560%))
  Logic Levels:           7  (LUT3=1 LUT5=4 LUT6=2)
  Clock Path Skew:        -0.039ns (DCD - SCD + CPR)
    Destination Clock Delay (DCD):    0.748ns = ( 7.415 - 6.667 ) 
    Source Clock Delay      (SCD):    0.787ns
    Clock Pessimism Removal (CPR):    0.000ns
  Clock Uncertainty:      0.035ns  ((TSJ^2 + TIJ^2)^1/2 + DJ) / 2 + PE
    Total System Jitter     (TSJ):    0.071ns
    Total Input Jitter      (TIJ):    0.000ns
    Discrete Jitter          (DJ):    0.000ns
    Phase Error              (PE):    0.000ns

    Location             Delay type                Incr(ns)  Path(ns)    Netlist Resource(s)
  -------------------------------------------------------------------    -------------------
                         (clock clk_i rise edge)      0.000     0.000 r  
                                                      0.000     0.000 r  clk_i (IN)
                         net (fo=2885, unset)         0.787     0.787    clk_i
                         FDCE                                         r  uop_p2_q_reg[use_popcount]_rep/C
  -------------------------------------------------------------------    -------------------
                         FDCE (Prop_fdce_C_Q)         0.433     1.220 r  uop_p2_q_reg[use_popcount]_rep/Q
                         net (fo=72, unplaced)        0.748     1.968    i_vrf/lane_result_q[2][12]_i_2_0
                         LUT5 (Prop_lut5_I0_O)        0.232     2.200 r  i_vrf/lane_popcnt_q[2][0]_i_14/O
                         net (fo=6, unplaced)         0.970     3.170    gen_lane[2].i_lane/lane_bool_result[2][13]
                         LUT6 (Prop_lut6_I1_O)        0.105     3.275 r  gen_lane[2].i_lane/lane_popcnt_q[2][6]_i_43/O
                         net (fo=2, unplaced)         0.793     4.068    gen_lane[2].i_lane/lane_popcnt_q[2][6]_i_43_n_0
                         LUT6 (Prop_lut6_I0_O)        0.105     4.173 r  gen_lane[2].i_lane/lane_popcnt_q[2][1]_i_18/O
                         net (fo=2, unplaced)         0.358     4.531    gen_lane[2].i_lane/lane_popcnt_q[2][1]_i_18_n_0
                         LUT5 (Prop_lut5_I4_O)        0.105     4.636 r  gen_lane[2].i_lane/lane_popcnt_q[2][6]_i_8/O
                         net (fo=2, unplaced)         0.949     5.585    gen_lane[2].i_lane/lane_popcnt_q[2][6]_i_8_n_0
                         LUT5 (Prop_lut5_I0_O)        0.118     5.703 r  gen_lane[2].i_lane/lane_popcnt_q[2][6]_i_2/O
                         net (fo=5, unplaced)         0.356     6.059    gen_lane[2].i_lane/lane_popcnt_q[2][6]_i_12_1
                         LUT3 (Prop_lut3_I0_O)        0.105     6.164 r  gen_lane[2].i_lane/lane_popcnt_q[2][3]_i_6/O
                         net (fo=1, unplaced)         0.347     6.511    i_vrf/lane_popcnt_q_reg[2][3]
                         LUT5 (Prop_lut5_I4_O)        0.105     6.616 r  i_vrf/lane_popcnt_q[2][3]_i_1/O
                         net (fo=1, unplaced)         0.000     6.616    lane_popcount_count[2][3]
                         FDCE                                         r  lane_popcnt_q_reg[2][3]/D
  -------------------------------------------------------------------    -------------------

                         (clock clk_i rise edge)      6.667     6.667 r  
                                                      0.000     6.667 r  clk_i (IN)
                         net (fo=2885, unset)         0.748     7.415    clk_i
                         FDCE                                         r  lane_popcnt_q_reg[2][3]/C
                         clock pessimism              0.000     7.415    
                         clock uncertainty           -0.035     7.379    
                         FDCE (Setup_fdce_C_D)        0.072     7.451    lane_popcnt_q_reg[2][3]
  -------------------------------------------------------------------
                         required time                          7.451    
                         arrival time                          -6.616    
  -------------------------------------------------------------------
                         slack                                  0.835    

Slack (MET) :             0.835ns  (required time - arrival time)
  Source:                 uop_p2_q_reg[use_popcount]/C
                            (rising edge-triggered cell FDCE clocked by clk_i  {rise@0.000ns fall@3.333ns period=6.667ns})
  Destination:            lane_popcnt_q_reg[3][3]/D
                            (rising edge-triggered cell FDCE clocked by clk_i  {rise@0.000ns fall@3.333ns period=6.667ns})
  Path Group:             clk_i
  Path Type:              Setup (Max at Slow Process Corner)
  Requirement:            6.667ns  (clk_i rise@6.667ns - clk_i rise@0.000ns)
  Data Path Delay:        5.829ns  (logic 1.308ns (22.440%)  route 4.521ns (77.560%))
  Logic Levels:           7  (LUT3=1 LUT5=4 LUT6=2)
  Clock Path Skew:        -0.039ns (DCD - SCD + CPR)
    Destination Clock Delay (DCD):    0.748ns = ( 7.415 - 6.667 ) 
    Source Clock Delay      (SCD):    0.787ns
    Clock Pessimism Removal (CPR):    0.000ns
  Clock Uncertainty:      0.035ns  ((TSJ^2 + TIJ^2)^1/2 + DJ) / 2 + PE
    Total System Jitter     (TSJ):    0.071ns
    Total Input Jitter      (TIJ):    0.000ns
    Discrete Jitter          (DJ):    0.000ns
    Phase Error              (PE):    0.000ns

    Location             Delay type                Incr(ns)  Path(ns)    Netlist Resource(s)
  -------------------------------------------------------------------    -------------------
                         (clock clk_i rise edge)      0.000     0.000 r  
                                                      0.000     0.000 r  clk_i (IN)
                         net (fo=2885, unset)         0.787     0.787    clk_i
                         FDCE                                         r  uop_p2_q_reg[use_popcount]/C
  -------------------------------------------------------------------    -------------------
                         FDCE (Prop_fdce_C_Q)         0.433     1.220 r  uop_p2_q_reg[use_popcount]/Q
                         net (fo=72, unplaced)        0.748     1.968    i_vrf/uop_p2_q_reg[use_popcount]__0
                         LUT5 (Prop_lut5_I0_O)        0.232     2.200 r  i_vrf/lane_popcnt_q[3][0]_i_14/O
                         net (fo=6, unplaced)         0.970     3.170    gen_lane[3].i_lane/lane_bool_result[3][13]
                         LUT6 (Prop_lut6_I1_O)        0.105     3.275 r  gen_lane[3].i_lane/lane_popcnt_q[3][6]_i_43/O
                         net (fo=2, unplaced)         0.793     4.068    gen_lane[3].i_lane/lane_popcnt_q[3][6]_i_43_n_0
                         LUT6 (Prop_lut6_I0_O)        0.105     4.173 r  gen_lane[3].i_lane/lane_popcnt_q[3][1]_i_18/O
                         net (fo=2, unplaced)         0.358     4.531    gen_lane[3].i_lane/lane_popcnt_q[3][1]_i_18_n_0
                         LUT5 (Prop_lut5_I4_O)        0.105     4.636 r  gen_lane[3].i_lane/lane_popcnt_q[3][6]_i_8/O
                         net (fo=2, unplaced)         0.949     5.585    gen_lane[3].i_lane/lane_popcnt_q[3][6]_i_8_n_0
                         LUT5 (Prop_lut5_I0_O)        0.118     5.703 r  gen_lane[3].i_lane/lane_popcnt_q[3][6]_i_2/O
                         net (fo=5, unplaced)         0.356     6.059    gen_lane[3].i_lane/lane_popcnt_q[3][6]_i_12_1
                         LUT3 (Prop_lut3_I0_O)        0.105     6.164 r  gen_lane[3].i_lane/lane_popcnt_q[3][3]_i_6/O
                         net (fo=1, unplaced)         0.347     6.511    i_vrf/lane_popcnt_q_reg[3][3]
                         LUT5 (Prop_lut5_I4_O)        0.105     6.616 r  i_vrf/lane_popcnt_q[3][3]_i_1/O
                         net (fo=1, unplaced)         0.000     6.616    lane_popcount_count[3][3]
                         FDCE                                         r  lane_popcnt_q_reg[3][3]/D
  -------------------------------------------------------------------    -------------------

                         (clock clk_i rise edge)      6.667     6.667 r  
                                                      0.000     6.667 r  clk_i (IN)
                         net (fo=2885, unset)         0.748     7.415    clk_i
                         FDCE                                         r  lane_popcnt_q_reg[3][3]/C
                         clock pessimism              0.000     7.415    
                         clock uncertainty           -0.035     7.379    
                         FDCE (Setup_fdce_C_D)        0.072     7.451    lane_popcnt_q_reg[3][3]
  -------------------------------------------------------------------
                         required time                          7.451    
                         arrival time                          -6.616    
  -------------------------------------------------------------------
                         slack                                  0.835    

Slack (MET) :             1.110ns  (required time - arrival time)
  Source:                 uop_p2_q_reg[use_popcount]_rep__1/C
                            (rising edge-triggered cell FDCE clocked by clk_i  {rise@0.000ns fall@3.333ns period=6.667ns})
  Destination:            lane_popcnt_q_reg[0][2]/D
                            (rising edge-triggered cell FDCE clocked by clk_i  {rise@0.000ns fall@3.333ns period=6.667ns})
  Path Group:             clk_i
  Path Type:              Setup (Max at Slow Process Corner)
  Requirement:            6.667ns  (clk_i rise@6.667ns - clk_i rise@0.000ns)
  Data Path Delay:        5.554ns  (logic 1.190ns (21.426%)  route 4.364ns (78.574%))
  Logic Levels:           6  (LUT4=1 LUT5=3 LUT6=2)
  Clock Path Skew:        -0.039ns (DCD - SCD + CPR)
    Destination Clock Delay (DCD):    0.748ns = ( 7.415 - 6.667 ) 
    Source Clock Delay      (SCD):    0.787ns
    Clock Pessimism Removal (CPR):    0.000ns
  Clock Uncertainty:      0.035ns  ((TSJ^2 + TIJ^2)^1/2 + DJ) / 2 + PE
    Total System Jitter     (TSJ):    0.071ns
    Total Input Jitter      (TIJ):    0.000ns
    Discrete Jitter          (DJ):    0.000ns
    Phase Error              (PE):    0.000ns

    Location             Delay type                Incr(ns)  Path(ns)    Netlist Resource(s)
  -------------------------------------------------------------------    -------------------
                         (clock clk_i rise edge)      0.000     0.000 r  
                                                      0.000     0.000 r  clk_i (IN)
                         net (fo=2885, unset)         0.787     0.787    clk_i
                         FDCE                                         r  uop_p2_q_reg[use_popcount]_rep__1/C
  -------------------------------------------------------------------    -------------------
                         FDCE (Prop_fdce_C_Q)         0.433     1.220 r  uop_p2_q_reg[use_popcount]_rep__1/Q
                         net (fo=72, unplaced)        0.748     1.968    i_vrf/lane_result_q[0][12]_i_2_0
                         LUT5 (Prop_lut5_I0_O)        0.232     2.200 r  i_vrf/lane_popcnt_q[0][0]_i_14/O
                         net (fo=6, unplaced)         0.970     3.170    gen_lane[0].i_lane/lane_bool_result[0][13]
                         LUT6 (Prop_lut6_I1_O)        0.105     3.275 r  gen_lane[0].i_lane/lane_popcnt_q[0][6]_i_43/O
                         net (fo=2, unplaced)         0.793     4.068    gen_lane[0].i_lane/lane_popcnt_q[0][6]_i_43_n_0
                         LUT6 (Prop_lut6_I0_O)        0.105     4.173 r  gen_lane[0].i_lane/lane_popcnt_q[0][1]_i_18/O
                         net (fo=2, unplaced)         0.358     4.531    gen_lane[0].i_lane/lane_popcnt_q[0][1]_i_18_n_0
                         LUT5 (Prop_lut5_I4_O)        0.105     4.636 r  gen_lane[0].i_lane/lane_popcnt_q[0][6]_i_8/O
                         net (fo=2, unplaced)         0.949     5.585    gen_lane[0].i_lane/lane_popcnt_q[0][6]_i_8_n_0
                         LUT5 (Prop_lut5_I0_O)        0.105     5.690 r  gen_lane[0].i_lane/lane_popcnt_q[0][3]_i_3/O
                         net (fo=3, unplaced)         0.546     6.236    i_vrf/lane_popcnt_q_reg[0][2]
                         LUT4 (Prop_lut4_I0_O)        0.105     6.341 r  i_vrf/lane_popcnt_q[0][2]_i_1/O
                         net (fo=1, unplaced)         0.000     6.341    lane_popcount_count[0][2]
                         FDCE                                         r  lane_popcnt_q_reg[0][2]/D
  -------------------------------------------------------------------    -------------------

                         (clock clk_i rise edge)      6.667     6.667 r  
                                                      0.000     6.667 r  clk_i (IN)
                         net (fo=2885, unset)         0.748     7.415    clk_i
                         FDCE                                         r  lane_popcnt_q_reg[0][2]/C
                         clock pessimism              0.000     7.415    
                         clock uncertainty           -0.035     7.379    
                         FDCE (Setup_fdce_C_D)        0.072     7.451    lane_popcnt_q_reg[0][2]
  -------------------------------------------------------------------
                         required time                          7.451    
                         arrival time                          -6.341    
  -------------------------------------------------------------------
                         slack                                  1.110    

Slack (MET) :             1.110ns  (required time - arrival time)
  Source:                 uop_p2_q_reg[use_popcount]_rep__0/C
                            (rising edge-triggered cell FDCE clocked by clk_i  {rise@0.000ns fall@3.333ns period=6.667ns})
  Destination:            lane_popcnt_q_reg[1][2]/D
                            (rising edge-triggered cell FDCE clocked by clk_i  {rise@0.000ns fall@3.333ns period=6.667ns})
  Path Group:             clk_i
  Path Type:              Setup (Max at Slow Process Corner)
  Requirement:            6.667ns  (clk_i rise@6.667ns - clk_i rise@0.000ns)
  Data Path Delay:        5.554ns  (logic 1.190ns (21.426%)  route 4.364ns (78.574%))
  Logic Levels:           6  (LUT4=1 LUT5=3 LUT6=2)
  Clock Path Skew:        -0.039ns (DCD - SCD + CPR)
    Destination Clock Delay (DCD):    0.748ns = ( 7.415 - 6.667 ) 
    Source Clock Delay      (SCD):    0.787ns
    Clock Pessimism Removal (CPR):    0.000ns
  Clock Uncertainty:      0.035ns  ((TSJ^2 + TIJ^2)^1/2 + DJ) / 2 + PE
    Total System Jitter     (TSJ):    0.071ns
    Total Input Jitter      (TIJ):    0.000ns
    Discrete Jitter          (DJ):    0.000ns
    Phase Error              (PE):    0.000ns

    Location             Delay type                Incr(ns)  Path(ns)    Netlist Resource(s)
  -------------------------------------------------------------------    -------------------
                         (clock clk_i rise edge)      0.000     0.000 r  
                                                      0.000     0.000 r  clk_i (IN)
                         net (fo=2885, unset)         0.787     0.787    clk_i
                         FDCE                                         r  uop_p2_q_reg[use_popcount]_rep__0/C
  -------------------------------------------------------------------    -------------------
                         FDCE (Prop_fdce_C_Q)         0.433     1.220 r  uop_p2_q_reg[use_popcount]_rep__0/Q
                         net (fo=72, unplaced)        0.748     1.968    i_vrf/lane_result_q[1][12]_i_2_0
                         LUT5 (Prop_lut5_I0_O)        0.232     2.200 r  i_vrf/lane_popcnt_q[1][0]_i_14/O
                         net (fo=6, unplaced)         0.970     3.170    gen_lane[1].i_lane/lane_bool_result[1][13]
                         LUT6 (Prop_lut6_I1_O)        0.105     3.275 r  gen_lane[1].i_lane/lane_popcnt_q[1][6]_i_44/O
                         net (fo=2, unplaced)         0.793     4.068    gen_lane[1].i_lane/lane_popcnt_q[1][6]_i_44_n_0
                         LUT6 (Prop_lut6_I0_O)        0.105     4.173 r  gen_lane[1].i_lane/lane_popcnt_q[1][1]_i_18/O
                         net (fo=2, unplaced)         0.358     4.531    gen_lane[1].i_lane/lane_popcnt_q[1][1]_i_18_n_0
                         LUT5 (Prop_lut5_I4_O)        0.105     4.636 r  gen_lane[1].i_lane/lane_popcnt_q[1][6]_i_9/O
                         net (fo=2, unplaced)         0.949     5.585    gen_lane[1].i_lane/lane_popcnt_q[1][6]_i_9_n_0
                         LUT5 (Prop_lut5_I0_O)        0.105     5.690 r  gen_lane[1].i_lane/lane_popcnt_q[1][3]_i_3/O
                         net (fo=3, unplaced)         0.546     6.236    i_vrf/lane_popcnt_q_reg[1][2]
                         LUT4 (Prop_lut4_I0_O)        0.105     6.341 r  i_vrf/lane_popcnt_q[1][2]_i_1/O
                         net (fo=1, unplaced)         0.000     6.341    lane_popcount_count[1][2]
                         FDCE                                         r  lane_popcnt_q_reg[1][2]/D
  -------------------------------------------------------------------    -------------------

                         (clock clk_i rise edge)      6.667     6.667 r  
                                                      0.000     6.667 r  clk_i (IN)
                         net (fo=2885, unset)         0.748     7.415    clk_i
                         FDCE                                         r  lane_popcnt_q_reg[1][2]/C
                         clock pessimism              0.000     7.415    
                         clock uncertainty           -0.035     7.379    
                         FDCE (Setup_fdce_C_D)        0.072     7.451    lane_popcnt_q_reg[1][2]
  -------------------------------------------------------------------
                         required time                          7.451    
                         arrival time                          -6.341    
  -------------------------------------------------------------------
                         slack                                  1.110    

Slack (MET) :             1.110ns  (required time - arrival time)
  Source:                 uop_p2_q_reg[use_popcount]_rep/C
                            (rising edge-triggered cell FDCE clocked by clk_i  {rise@0.000ns fall@3.333ns period=6.667ns})
  Destination:            lane_popcnt_q_reg[2][2]/D
                            (rising edge-triggered cell FDCE clocked by clk_i  {rise@0.000ns fall@3.333ns period=6.667ns})
  Path Group:             clk_i
  Path Type:              Setup (Max at Slow Process Corner)
  Requirement:            6.667ns  (clk_i rise@6.667ns - clk_i rise@0.000ns)
  Data Path Delay:        5.554ns  (logic 1.190ns (21.426%)  route 4.364ns (78.574%))
  Logic Levels:           6  (LUT4=1 LUT5=3 LUT6=2)
  Clock Path Skew:        -0.039ns (DCD - SCD + CPR)
    Destination Clock Delay (DCD):    0.748ns = ( 7.415 - 6.667 ) 
    Source Clock Delay      (SCD):    0.787ns
    Clock Pessimism Removal (CPR):    0.000ns
  Clock Uncertainty:      0.035ns  ((TSJ^2 + TIJ^2)^1/2 + DJ) / 2 + PE
    Total System Jitter     (TSJ):    0.071ns
    Total Input Jitter      (TIJ):    0.000ns
    Discrete Jitter          (DJ):    0.000ns
    Phase Error              (PE):    0.000ns

    Location             Delay type                Incr(ns)  Path(ns)    Netlist Resource(s)
  -------------------------------------------------------------------    -------------------
                         (clock clk_i rise edge)      0.000     0.000 r  
                                                      0.000     0.000 r  clk_i (IN)
                         net (fo=2885, unset)         0.787     0.787    clk_i
                         FDCE                                         r  uop_p2_q_reg[use_popcount]_rep/C
  -------------------------------------------------------------------    -------------------
                         FDCE (Prop_fdce_C_Q)         0.433     1.220 r  uop_p2_q_reg[use_popcount]_rep/Q
                         net (fo=72, unplaced)        0.748     1.968    i_vrf/lane_result_q[2][12]_i_2_0
                         LUT5 (Prop_lut5_I0_O)        0.232     2.200 r  i_vrf/lane_popcnt_q[2][0]_i_14/O
                         net (fo=6, unplaced)         0.970     3.170    gen_lane[2].i_lane/lane_bool_result[2][13]
                         LUT6 (Prop_lut6_I1_O)        0.105     3.275 r  gen_lane[2].i_lane/lane_popcnt_q[2][6]_i_43/O
                         net (fo=2, unplaced)         0.793     4.068    gen_lane[2].i_lane/lane_popcnt_q[2][6]_i_43_n_0
                         LUT6 (Prop_lut6_I0_O)        0.105     4.173 r  gen_lane[2].i_lane/lane_popcnt_q[2][1]_i_18/O
                         net (fo=2, unplaced)         0.358     4.531    gen_lane[2].i_lane/lane_popcnt_q[2][1]_i_18_n_0
                         LUT5 (Prop_lut5_I4_O)        0.105     4.636 r  gen_lane[2].i_lane/lane_popcnt_q[2][6]_i_8/O
                         net (fo=2, unplaced)         0.949     5.585    gen_lane[2].i_lane/lane_popcnt_q[2][6]_i_8_n_0
                         LUT5 (Prop_lut5_I0_O)        0.105     5.690 r  gen_lane[2].i_lane/lane_popcnt_q[2][3]_i_3/O
                         net (fo=3, unplaced)         0.546     6.236    i_vrf/lane_popcnt_q_reg[2][2]
                         LUT4 (Prop_lut4_I0_O)        0.105     6.341 r  i_vrf/lane_popcnt_q[2][2]_i_1/O
                         net (fo=1, unplaced)         0.000     6.341    lane_popcount_count[2][2]
                         FDCE                                         r  lane_popcnt_q_reg[2][2]/D
  -------------------------------------------------------------------    -------------------

                         (clock clk_i rise edge)      6.667     6.667 r  
                                                      0.000     6.667 r  clk_i (IN)
                         net (fo=2885, unset)         0.748     7.415    clk_i
                         FDCE                                         r  lane_popcnt_q_reg[2][2]/C
                         clock pessimism              0.000     7.415    
                         clock uncertainty           -0.035     7.379    
                         FDCE (Setup_fdce_C_D)        0.072     7.451    lane_popcnt_q_reg[2][2]
  -------------------------------------------------------------------
                         required time                          7.451    
                         arrival time                          -6.341    
  -------------------------------------------------------------------
                         slack                                  1.110    

Slack (MET) :             1.110ns  (required time - arrival time)
  Source:                 uop_p2_q_reg[use_popcount]/C
                            (rising edge-triggered cell FDCE clocked by clk_i  {rise@0.000ns fall@3.333ns period=6.667ns})
  Destination:            lane_popcnt_q_reg[3][2]/D
                            (rising edge-triggered cell FDCE clocked by clk_i  {rise@0.000ns fall@3.333ns period=6.667ns})
  Path Group:             clk_i
  Path Type:              Setup (Max at Slow Process Corner)
  Requirement:            6.667ns  (clk_i rise@6.667ns - clk_i rise@0.000ns)
  Data Path Delay:        5.554ns  (logic 1.190ns (21.426%)  route 4.364ns (78.574%))
  Logic Levels:           6  (LUT4=1 LUT5=3 LUT6=2)
  Clock Path Skew:        -0.039ns (DCD - SCD + CPR)
    Destination Clock Delay (DCD):    0.748ns = ( 7.415 - 6.667 ) 
    Source Clock Delay      (SCD):    0.787ns
    Clock Pessimism Removal (CPR):    0.000ns
  Clock Uncertainty:      0.035ns  ((TSJ^2 + TIJ^2)^1/2 + DJ) / 2 + PE
    Total System Jitter     (TSJ):    0.071ns
    Total Input Jitter      (TIJ):    0.000ns
    Discrete Jitter          (DJ):    0.000ns
    Phase Error              (PE):    0.000ns

    Location             Delay type                Incr(ns)  Path(ns)    Netlist Resource(s)
  -------------------------------------------------------------------    -------------------
                         (clock clk_i rise edge)      0.000     0.000 r  
                                                      0.000     0.000 r  clk_i (IN)
                         net (fo=2885, unset)         0.787     0.787    clk_i
                         FDCE                                         r  uop_p2_q_reg[use_popcount]/C
  -------------------------------------------------------------------    -------------------
                         FDCE (Prop_fdce_C_Q)         0.433     1.220 r  uop_p2_q_reg[use_popcount]/Q
                         net (fo=72, unplaced)        0.748     1.968    i_vrf/uop_p2_q_reg[use_popcount]__0
                         LUT5 (Prop_lut5_I0_O)        0.232     2.200 r  i_vrf/lane_popcnt_q[3][0]_i_14/O
                         net (fo=6, unplaced)         0.970     3.170    gen_lane[3].i_lane/lane_bool_result[3][13]
                         LUT6 (Prop_lut6_I1_O)        0.105     3.275 r  gen_lane[3].i_lane/lane_popcnt_q[3][6]_i_43/O
                         net (fo=2, unplaced)         0.793     4.068    gen_lane[3].i_lane/lane_popcnt_q[3][6]_i_43_n_0
                         LUT6 (Prop_lut6_I0_O)        0.105     4.173 r  gen_lane[3].i_lane/lane_popcnt_q[3][1]_i_18/O
                         net (fo=2, unplaced)         0.358     4.531    gen_lane[3].i_lane/lane_popcnt_q[3][1]_i_18_n_0
                         LUT5 (Prop_lut5_I4_O)        0.105     4.636 r  gen_lane[3].i_lane/lane_popcnt_q[3][6]_i_8/O
                         net (fo=2, unplaced)         0.949     5.585    gen_lane[3].i_lane/lane_popcnt_q[3][6]_i_8_n_0
                         LUT5 (Prop_lut5_I0_O)        0.105     5.690 r  gen_lane[3].i_lane/lane_popcnt_q[3][3]_i_3/O
                         net (fo=3, unplaced)         0.546     6.236    i_vrf/lane_popcnt_q_reg[3][2]
                         LUT4 (Prop_lut4_I0_O)        0.105     6.341 r  i_vrf/lane_popcnt_q[3][2]_i_1/O
                         net (fo=1, unplaced)         0.000     6.341    lane_popcount_count[3][2]
                         FDCE                                         r  lane_popcnt_q_reg[3][2]/D
  -------------------------------------------------------------------    -------------------

                         (clock clk_i rise edge)      6.667     6.667 r  
                                                      0.000     6.667 r  clk_i (IN)
                         net (fo=2885, unset)         0.748     7.415    clk_i
                         FDCE                                         r  lane_popcnt_q_reg[3][2]/C
                         clock pessimism              0.000     7.415    
                         clock uncertainty           -0.035     7.379    
                         FDCE (Setup_fdce_C_D)        0.072     7.451    lane_popcnt_q_reg[3][2]
  -------------------------------------------------------------------
                         required time                          7.451    
                         arrival time                          -6.341    
  -------------------------------------------------------------------
                         slack                                  1.110    

Slack (MET) :             1.407ns  (required time - arrival time)
  Source:                 uop_p2_q_reg[use_xor]/C
                            (rising edge-triggered cell FDCE clocked by clk_i  {rise@0.000ns fall@3.333ns period=6.667ns})
  Destination:            lane_popcnt_q_reg[3][1]/D
                            (rising edge-triggered cell FDCE clocked by clk_i  {rise@0.000ns fall@3.333ns period=6.667ns})
  Path Group:             clk_i
  Path Type:              Setup (Max at Slow Process Corner)
  Requirement:            6.667ns  (clk_i rise@6.667ns - clk_i rise@0.000ns)
  Data Path Delay:        5.257ns  (logic 1.105ns (21.020%)  route 4.152ns (78.980%))
  Logic Levels:           5  (LUT4=1 LUT5=1 LUT6=3)
  Clock Path Skew:        -0.039ns (DCD - SCD + CPR)
    Destination Clock Delay (DCD):    0.748ns = ( 7.415 - 6.667 ) 
    Source Clock Delay      (SCD):    0.787ns
    Clock Pessimism Removal (CPR):    0.000ns
  Clock Uncertainty:      0.035ns  ((TSJ^2 + TIJ^2)^1/2 + DJ) / 2 + PE
    Total System Jitter     (TSJ):    0.071ns
    Total Input Jitter      (TIJ):    0.000ns
    Discrete Jitter          (DJ):    0.000ns
    Phase Error              (PE):    0.000ns

    Location             Delay type                Incr(ns)  Path(ns)    Netlist Resource(s)
  -------------------------------------------------------------------    -------------------
                         (clock clk_i rise edge)      0.000     0.000 r  
                                                      0.000     0.000 r  clk_i (IN)
                         net (fo=2885, unset)         0.787     0.787    clk_i
                         FDCE                                         r  uop_p2_q_reg[use_xor]/C
  -------------------------------------------------------------------    -------------------
                         FDCE (Prop_fdce_C_Q)         0.433     1.220 r  uop_p2_q_reg[use_xor]/Q
                         net (fo=74, unplaced)        0.691     1.911    gen_lane[3].i_lane/uop_p2_q_reg[use_xor]__0
                         LUT4 (Prop_lut4_I1_O)        0.252     2.163 r  gen_lane[3].i_lane/lane_result_q[3][63]_i_12/O
                         net (fo=3, unplaced)         0.956     3.119    i_vrf/lane_result_q_reg[3][63]
                         LUT6 (Prop_lut6_I1_O)        0.105     3.224 r  i_vrf/lane_popcnt_q[3][0]_i_33/O
                         net (fo=3, unplaced)         0.956     4.180    gen_lane[3].i_lane/lane_popcnt_q[3][6]_i_9_3
                         LUT6 (Prop_lut6_I0_O)        0.105     4.285 r  gen_lane[3].i_lane/lane_popcnt_q[3][3]_i_11/O
                         net (fo=2, unplaced)         0.593     4.878    gen_lane[3].i_lane/uop_p2_q_reg[use_popcount]_19
                         LUT6 (Prop_lut6_I3_O)        0.105     4.983 r  gen_lane[3].i_lane/lane_popcnt_q[3][1]_i_2/O
                         net (fo=3, unplaced)         0.956     5.939    i_vrf/lane_popcnt_q_reg[3][1]_1
                         LUT5 (Prop_lut5_I0_O)        0.105     6.044 r  i_vrf/lane_popcnt_q[3][1]_i_1/O
                         net (fo=1, unplaced)         0.000     6.044    lane_popcount_count[3][1]
                         FDCE                                         r  lane_popcnt_q_reg[3][1]/D
  -------------------------------------------------------------------    -------------------

                         (clock clk_i rise edge)      6.667     6.667 r  
                                                      0.000     6.667 r  clk_i (IN)
                         net (fo=2885, unset)         0.748     7.415    clk_i
                         FDCE                                         r  lane_popcnt_q_reg[3][1]/C
                         clock pessimism              0.000     7.415    
                         clock uncertainty           -0.035     7.379    
                         FDCE (Setup_fdce_C_D)        0.072     7.451    lane_popcnt_q_reg[3][1]
  -------------------------------------------------------------------
                         required time                          7.451    
                         arrival time                          -6.044    
  -------------------------------------------------------------------
                         slack                                  1.407    

Slack (MET) :             1.408ns  (required time - arrival time)
  Source:                 uop_p2_q_reg[use_xor]_rep__1/C
                            (rising edge-triggered cell FDCE clocked by clk_i  {rise@0.000ns fall@3.333ns period=6.667ns})
  Destination:            lane_popcnt_q_reg[0][1]/D
                            (rising edge-triggered cell FDCE clocked by clk_i  {rise@0.000ns fall@3.333ns period=6.667ns})
  Path Group:             clk_i
  Path Type:              Setup (Max at Slow Process Corner)
  Requirement:            6.667ns  (clk_i rise@6.667ns - clk_i rise@0.000ns)
  Data Path Delay:        5.256ns  (logic 1.105ns (21.024%)  route 4.151ns (78.976%))
  Logic Levels:           5  (LUT4=1 LUT5=1 LUT6=3)
  Clock Path Skew:        -0.039ns (DCD - SCD + CPR)
    Destination Clock Delay (DCD):    0.748ns = ( 7.415 - 6.667 ) 
    Source Clock Delay      (SCD):    0.787ns
    Clock Pessimism Removal (CPR):    0.000ns
  Clock Uncertainty:      0.035ns  ((TSJ^2 + TIJ^2)^1/2 + DJ) / 2 + PE
    Total System Jitter     (TSJ):    0.071ns
    Total Input Jitter      (TIJ):    0.000ns
    Discrete Jitter          (DJ):    0.000ns
    Phase Error              (PE):    0.000ns

    Location             Delay type                Incr(ns)  Path(ns)    Netlist Resource(s)
  -------------------------------------------------------------------    -------------------
                         (clock clk_i rise edge)      0.000     0.000 r  
                                                      0.000     0.000 r  clk_i (IN)
                         net (fo=2885, unset)         0.787     0.787    clk_i
                         FDCE                                         r  uop_p2_q_reg[use_xor]_rep__1/C
  -------------------------------------------------------------------    -------------------
                         FDCE (Prop_fdce_C_Q)         0.433     1.220 r  uop_p2_q_reg[use_xor]_rep__1/Q
                         net (fo=72, unplaced)        0.690     1.910    gen_lane[0].i_lane/lane_popcnt_q[0][6]_i_26_2
                         LUT4 (Prop_lut4_I1_O)        0.252     2.162 r  gen_lane[0].i_lane/lane_result_q[0][63]_i_7/O
                         net (fo=3, unplaced)         0.956     3.118    i_vrf/lane_result_q_reg[0][63]
                         LUT6 (Prop_lut6_I1_O)        0.105     3.223 r  i_vrf/lane_popcnt_q[0][0]_i_33/O
                         net (fo=3, unplaced)         0.956     4.179    gen_lane[0].i_lane/lane_popcnt_q[0][6]_i_9_3
                         LUT6 (Prop_lut6_I0_O)        0.105     4.284 r  gen_lane[0].i_lane/lane_popcnt_q[0][3]_i_11/O
                         net (fo=2, unplaced)         0.593     4.877    gen_lane[0].i_lane/uop_p2_q_reg[use_popcount]_rep__1_19
                         LUT6 (Prop_lut6_I3_O)        0.105     4.982 r  gen_lane[0].i_lane/lane_popcnt_q[0][1]_i_2/O
                         net (fo=3, unplaced)         0.956     5.938    i_vrf/lane_popcnt_q_reg[0][1]_1
                         LUT5 (Prop_lut5_I0_O)        0.105     6.043 r  i_vrf/lane_popcnt_q[0][1]_i_1/O
                         net (fo=1, unplaced)         0.000     6.043    lane_popcount_count[0][1]
                         FDCE                                         r  lane_popcnt_q_reg[0][1]/D
  -------------------------------------------------------------------    -------------------

                         (clock clk_i rise edge)      6.667     6.667 r  
                                                      0.000     6.667 r  clk_i (IN)
                         net (fo=2885, unset)         0.748     7.415    clk_i
                         FDCE                                         r  lane_popcnt_q_reg[0][1]/C
                         clock pessimism              0.000     7.415    
                         clock uncertainty           -0.035     7.379    
                         FDCE (Setup_fdce_C_D)        0.072     7.451    lane_popcnt_q_reg[0][1]
  -------------------------------------------------------------------
                         required time                          7.451    
                         arrival time                          -6.043    
  -------------------------------------------------------------------
                         slack                                  1.408    

Slack (MET) :             1.408ns  (required time - arrival time)
  Source:                 uop_p2_q_reg[use_xor]_rep__0/C
                            (rising edge-triggered cell FDCE clocked by clk_i  {rise@0.000ns fall@3.333ns period=6.667ns})
  Destination:            lane_popcnt_q_reg[1][1]/D
                            (rising edge-triggered cell FDCE clocked by clk_i  {rise@0.000ns fall@3.333ns period=6.667ns})
  Path Group:             clk_i
  Path Type:              Setup (Max at Slow Process Corner)
  Requirement:            6.667ns  (clk_i rise@6.667ns - clk_i rise@0.000ns)
  Data Path Delay:        5.256ns  (logic 1.105ns (21.024%)  route 4.151ns (78.976%))
  Logic Levels:           5  (LUT4=1 LUT5=1 LUT6=3)
  Clock Path Skew:        -0.039ns (DCD - SCD + CPR)
    Destination Clock Delay (DCD):    0.748ns = ( 7.415 - 6.667 ) 
    Source Clock Delay      (SCD):    0.787ns
    Clock Pessimism Removal (CPR):    0.000ns
  Clock Uncertainty:      0.035ns  ((TSJ^2 + TIJ^2)^1/2 + DJ) / 2 + PE
    Total System Jitter     (TSJ):    0.071ns
    Total Input Jitter      (TIJ):    0.000ns
    Discrete Jitter          (DJ):    0.000ns
    Phase Error              (PE):    0.000ns

    Location             Delay type                Incr(ns)  Path(ns)    Netlist Resource(s)
  -------------------------------------------------------------------    -------------------
                         (clock clk_i rise edge)      0.000     0.000 r  
                                                      0.000     0.000 r  clk_i (IN)
                         net (fo=2885, unset)         0.787     0.787    clk_i
                         FDCE                                         r  uop_p2_q_reg[use_xor]_rep__0/C
  -------------------------------------------------------------------    -------------------
                         FDCE (Prop_fdce_C_Q)         0.433     1.220 r  uop_p2_q_reg[use_xor]_rep__0/Q
                         net (fo=72, unplaced)        0.690     1.910    gen_lane[1].i_lane/lane_popcnt_q[1][6]_i_27_2
                         LUT4 (Prop_lut4_I1_O)        0.252     2.162 r  gen_lane[1].i_lane/lane_result_q[1][63]_i_7/O
                         net (fo=3, unplaced)         0.956     3.118    i_vrf/lane_result_q_reg[1][63]
                         LUT6 (Prop_lut6_I1_O)        0.105     3.223 r  i_vrf/lane_popcnt_q[1][0]_i_33/O
                         net (fo=3, unplaced)         0.956     4.179    gen_lane[1].i_lane/lane_popcnt_q[1][6]_i_10_3
                         LUT6 (Prop_lut6_I0_O)        0.105     4.284 r  gen_lane[1].i_lane/lane_popcnt_q[1][3]_i_11/O
                         net (fo=2, unplaced)         0.593     4.877    gen_lane[1].i_lane/uop_p2_q_reg[use_popcount]_rep__0_19
                         LUT6 (Prop_lut6_I3_O)        0.105     4.982 r  gen_lane[1].i_lane/lane_popcnt_q[1][1]_i_2/O
                         net (fo=3, unplaced)         0.956     5.938    i_vrf/lane_popcnt_q_reg[1][1]_1
                         LUT5 (Prop_lut5_I0_O)        0.105     6.043 r  i_vrf/lane_popcnt_q[1][1]_i_1/O
                         net (fo=1, unplaced)         0.000     6.043    lane_popcount_count[1][1]
                         FDCE                                         r  lane_popcnt_q_reg[1][1]/D
  -------------------------------------------------------------------    -------------------

                         (clock clk_i rise edge)      6.667     6.667 r  
                                                      0.000     6.667 r  clk_i (IN)
                         net (fo=2885, unset)         0.748     7.415    clk_i
                         FDCE                                         r  lane_popcnt_q_reg[1][1]/C
                         clock pessimism              0.000     7.415    
                         clock uncertainty           -0.035     7.379    
                         FDCE (Setup_fdce_C_D)        0.072     7.451    lane_popcnt_q_reg[1][1]
  -------------------------------------------------------------------
                         required time                          7.451    
                         arrival time                          -6.043    
  -------------------------------------------------------------------
                         slack                                  1.408    

Slack (MET) :             1.408ns  (required time - arrival time)
  Source:                 uop_p2_q_reg[use_xor]_rep/C
                            (rising edge-triggered cell FDCE clocked by clk_i  {rise@0.000ns fall@3.333ns period=6.667ns})
  Destination:            lane_popcnt_q_reg[2][1]/D
                            (rising edge-triggered cell FDCE clocked by clk_i  {rise@0.000ns fall@3.333ns period=6.667ns})
  Path Group:             clk_i
  Path Type:              Setup (Max at Slow Process Corner)
  Requirement:            6.667ns  (clk_i rise@6.667ns - clk_i rise@0.000ns)
  Data Path Delay:        5.256ns  (logic 1.105ns (21.024%)  route 4.151ns (78.976%))
  Logic Levels:           5  (LUT4=1 LUT5=1 LUT6=3)
  Clock Path Skew:        -0.039ns (DCD - SCD + CPR)
    Destination Clock Delay (DCD):    0.748ns = ( 7.415 - 6.667 ) 
    Source Clock Delay      (SCD):    0.787ns
    Clock Pessimism Removal (CPR):    0.000ns
  Clock Uncertainty:      0.035ns  ((TSJ^2 + TIJ^2)^1/2 + DJ) / 2 + PE
    Total System Jitter     (TSJ):    0.071ns
    Total Input Jitter      (TIJ):    0.000ns
    Discrete Jitter          (DJ):    0.000ns
    Phase Error              (PE):    0.000ns

    Location             Delay type                Incr(ns)  Path(ns)    Netlist Resource(s)
  -------------------------------------------------------------------    -------------------
                         (clock clk_i rise edge)      0.000     0.000 r  
                                                      0.000     0.000 r  clk_i (IN)
                         net (fo=2885, unset)         0.787     0.787    clk_i
                         FDCE                                         r  uop_p2_q_reg[use_xor]_rep/C
  -------------------------------------------------------------------    -------------------
                         FDCE (Prop_fdce_C_Q)         0.433     1.220 r  uop_p2_q_reg[use_xor]_rep/Q
                         net (fo=72, unplaced)        0.690     1.910    gen_lane[2].i_lane/lane_popcnt_q[2][6]_i_26_2
                         LUT4 (Prop_lut4_I1_O)        0.252     2.162 r  gen_lane[2].i_lane/lane_result_q[2][63]_i_7/O
                         net (fo=3, unplaced)         0.956     3.118    i_vrf/lane_result_q_reg[2][63]
                         LUT6 (Prop_lut6_I1_O)        0.105     3.223 r  i_vrf/lane_popcnt_q[2][0]_i_33/O
                         net (fo=3, unplaced)         0.956     4.179    gen_lane[2].i_lane/lane_popcnt_q[2][6]_i_9_3
                         LUT6 (Prop_lut6_I0_O)        0.105     4.284 r  gen_lane[2].i_lane/lane_popcnt_q[2][3]_i_11/O
                         net (fo=2, unplaced)         0.593     4.877    gen_lane[2].i_lane/uop_p2_q_reg[use_popcount]_rep_19
                         LUT6 (Prop_lut6_I3_O)        0.105     4.982 r  gen_lane[2].i_lane/lane_popcnt_q[2][1]_i_2/O
                         net (fo=3, unplaced)         0.956     5.938    i_vrf/lane_popcnt_q_reg[2][1]_1
                         LUT5 (Prop_lut5_I0_O)        0.105     6.043 r  i_vrf/lane_popcnt_q[2][1]_i_1/O
                         net (fo=1, unplaced)         0.000     6.043    lane_popcount_count[2][1]
                         FDCE                                         r  lane_popcnt_q_reg[2][1]/D
  -------------------------------------------------------------------    -------------------

                         (clock clk_i rise edge)      6.667     6.667 r  
                                                      0.000     6.667 r  clk_i (IN)
                         net (fo=2885, unset)         0.748     7.415    clk_i
                         FDCE                                         r  lane_popcnt_q_reg[2][1]/C
                         clock pessimism              0.000     7.415    
                         clock uncertainty           -0.035     7.379    
                         FDCE (Setup_fdce_C_D)        0.072     7.451    lane_popcnt_q_reg[2][1]
  -------------------------------------------------------------------
                         required time                          7.451    
                         arrival time                          -6.043    
  -------------------------------------------------------------------
                         slack                                  1.408    

Slack (MET) :             2.999ns  (required time - arrival time)
  Source:                 uop_p2_q_reg[use_popcount]_rep__1/C
                            (rising edge-triggered cell FDCE clocked by clk_i  {rise@0.000ns fall@3.333ns period=6.667ns})
  Destination:            lane_popcnt_q_reg[0][0]/D
                            (rising edge-triggered cell FDCE clocked by clk_i  {rise@0.000ns fall@3.333ns period=6.667ns})
  Path Group:             clk_i
  Path Type:              Setup (Max at Slow Process Corner)
  Requirement:            6.667ns  (clk_i rise@6.667ns - clk_i rise@0.000ns)
  Data Path Delay:        3.665ns  (logic 0.980ns (26.739%)  route 2.685ns (73.261%))
  Logic Levels:           4  (LUT3=1 LUT5=2 LUT6=1)
  Clock Path Skew:        -0.039ns (DCD - SCD + CPR)
    Destination Clock Delay (DCD):    0.748ns = ( 7.415 - 6.667 ) 
    Source Clock Delay      (SCD):    0.787ns
    Clock Pessimism Removal (CPR):    0.000ns
  Clock Uncertainty:      0.035ns  ((TSJ^2 + TIJ^2)^1/2 + DJ) / 2 + PE
    Total System Jitter     (TSJ):    0.071ns
    Total Input Jitter      (TIJ):    0.000ns
    Discrete Jitter          (DJ):    0.000ns
    Phase Error              (PE):    0.000ns

    Location             Delay type                Incr(ns)  Path(ns)    Netlist Resource(s)
  -------------------------------------------------------------------    -------------------
                         (clock clk_i rise edge)      0.000     0.000 r  
                                                      0.000     0.000 r  clk_i (IN)
                         net (fo=2885, unset)         0.787     0.787    clk_i
                         FDCE                                         r  uop_p2_q_reg[use_popcount]_rep__1/C
  -------------------------------------------------------------------    -------------------
                         FDCE (Prop_fdce_C_Q)         0.433     1.220 r  uop_p2_q_reg[use_popcount]_rep__1/Q
                         net (fo=72, unplaced)        0.748     1.968    i_vrf/lane_result_q[0][12]_i_2_0
                         LUT5 (Prop_lut5_I0_O)        0.232     2.200 r  i_vrf/lane_result_q[0][27]_i_5/O
                         net (fo=5, unplaced)         0.610     2.810    gen_lane[0].i_lane/lane_bool_result[0][18]
                         LUT3 (Prop_lut3_I0_O)        0.105     2.915 r  gen_lane[0].i_lane/lane_popcnt_q[0][0]_i_17/O
                         net (fo=3, unplaced)         0.365     3.280    gen_lane[0].i_lane/lane_popcnt_q[0][0]_i_17_n_0
                         LUT5 (Prop_lut5_I4_O)        0.105     3.385 r  gen_lane[0].i_lane/lane_popcnt_q[0][0]_i_3/O
                         net (fo=4, unplaced)         0.962     4.347    i_vrf/lane_popcnt_q_reg[0][0]_0
                         LUT6 (Prop_lut6_I1_O)        0.105     4.452 r  i_vrf/lane_popcnt_q[0][0]_i_1/O
                         net (fo=1, unplaced)         0.000     4.452    lane_popcount_count[0][0]
                         FDCE                                         r  lane_popcnt_q_reg[0][0]/D
  -------------------------------------------------------------------    -------------------

                         (clock clk_i rise edge)      6.667     6.667 r  
                                                      0.000     6.667 r  clk_i (IN)
                         net (fo=2885, unset)         0.748     7.415    clk_i
                         FDCE                                         r  lane_popcnt_q_reg[0][0]/C
                         clock pessimism              0.000     7.415    
                         clock uncertainty           -0.035     7.379    
                         FDCE (Setup_fdce_C_D)        0.072     7.451    lane_popcnt_q_reg[0][0]
  -------------------------------------------------------------------
                         required time                          7.451    
                         arrival time                          -4.452    
  -------------------------------------------------------------------
                         slack                                  2.999    

Slack (MET) :             2.999ns  (required time - arrival time)
  Source:                 uop_p2_q_reg[use_popcount]_rep__0/C
                            (rising edge-triggered cell FDCE clocked by clk_i  {rise@0.000ns fall@3.333ns period=6.667ns})
  Destination:            lane_popcnt_q_reg[1][0]/D
                            (rising edge-triggered cell FDCE clocked by clk_i  {rise@0.000ns fall@3.333ns period=6.667ns})
  Path Group:             clk_i
  Path Type:              Setup (Max at Slow Process Corner)
  Requirement:            6.667ns  (clk_i rise@6.667ns - clk_i rise@0.000ns)
  Data Path Delay:        3.665ns  (logic 0.980ns (26.739%)  route 2.685ns (73.261%))
  Logic Levels:           4  (LUT3=1 LUT5=2 LUT6=1)
  Clock Path Skew:        -0.039ns (DCD - SCD + CPR)
    Destination Clock Delay (DCD):    0.748ns = ( 7.415 - 6.667 ) 
    Source Clock Delay      (SCD):    0.787ns
    Clock Pessimism Removal (CPR):    0.000ns
  Clock Uncertainty:      0.035ns  ((TSJ^2 + TIJ^2)^1/2 + DJ) / 2 + PE
    Total System Jitter     (TSJ):    0.071ns
    Total Input Jitter      (TIJ):    0.000ns
    Discrete Jitter          (DJ):    0.000ns
    Phase Error              (PE):    0.000ns

    Location             Delay type                Incr(ns)  Path(ns)    Netlist Resource(s)
  -------------------------------------------------------------------    -------------------
                         (clock clk_i rise edge)      0.000     0.000 r  
                                                      0.000     0.000 r  clk_i (IN)
                         net (fo=2885, unset)         0.787     0.787    clk_i
                         FDCE                                         r  uop_p2_q_reg[use_popcount]_rep__0/C
  -------------------------------------------------------------------    -------------------
                         FDCE (Prop_fdce_C_Q)         0.433     1.220 r  uop_p2_q_reg[use_popcount]_rep__0/Q
                         net (fo=72, unplaced)        0.748     1.968    i_vrf/lane_result_q[1][12]_i_2_0
                         LUT5 (Prop_lut5_I0_O)        0.232     2.200 r  i_vrf/lane_result_q[1][27]_i_5/O
                         net (fo=5, unplaced)         0.610     2.810    gen_lane[1].i_lane/lane_bool_result[1][18]
                         LUT3 (Prop_lut3_I0_O)        0.105     2.915 r  gen_lane[1].i_lane/lane_popcnt_q[1][0]_i_17/O
                         net (fo=3, unplaced)         0.365     3.280    gen_lane[1].i_lane/lane_popcnt_q[1][0]_i_17_n_0
                         LUT5 (Prop_lut5_I4_O)        0.105     3.385 r  gen_lane[1].i_lane/lane_popcnt_q[1][0]_i_3/O
                         net (fo=4, unplaced)         0.962     4.347    i_vrf/lane_popcnt_q_reg[1][0]_0
                         LUT6 (Prop_lut6_I1_O)        0.105     4.452 r  i_vrf/lane_popcnt_q[1][0]_i_1/O
                         net (fo=1, unplaced)         0.000     4.452    lane_popcount_count[1][0]
                         FDCE                                         r  lane_popcnt_q_reg[1][0]/D
  -------------------------------------------------------------------    -------------------

                         (clock clk_i rise edge)      6.667     6.667 r  
                                                      0.000     6.667 r  clk_i (IN)
                         net (fo=2885, unset)         0.748     7.415    clk_i
                         FDCE                                         r  lane_popcnt_q_reg[1][0]/C
                         clock pessimism              0.000     7.415    
                         clock uncertainty           -0.035     7.379    
                         FDCE (Setup_fdce_C_D)        0.072     7.451    lane_popcnt_q_reg[1][0]
  -------------------------------------------------------------------
                         required time                          7.451    
                         arrival time                          -4.452    
  -------------------------------------------------------------------
                         slack                                  2.999    

Slack (MET) :             2.999ns  (required time - arrival time)
  Source:                 uop_p2_q_reg[use_popcount]_rep/C
                            (rising edge-triggered cell FDCE clocked by clk_i  {rise@0.000ns fall@3.333ns period=6.667ns})
  Destination:            lane_popcnt_q_reg[2][0]/D
                            (rising edge-triggered cell FDCE clocked by clk_i  {rise@0.000ns fall@3.333ns period=6.667ns})
  Path Group:             clk_i
  Path Type:              Setup (Max at Slow Process Corner)
  Requirement:            6.667ns  (clk_i rise@6.667ns - clk_i rise@0.000ns)
  Data Path Delay:        3.665ns  (logic 0.980ns (26.739%)  route 2.685ns (73.261%))
  Logic Levels:           4  (LUT3=1 LUT5=2 LUT6=1)
  Clock Path Skew:        -0.039ns (DCD - SCD + CPR)
    Destination Clock Delay (DCD):    0.748ns = ( 7.415 - 6.667 ) 
    Source Clock Delay      (SCD):    0.787ns
    Clock Pessimism Removal (CPR):    0.000ns
  Clock Uncertainty:      0.035ns  ((TSJ^2 + TIJ^2)^1/2 + DJ) / 2 + PE
    Total System Jitter     (TSJ):    0.071ns
    Total Input Jitter      (TIJ):    0.000ns
    Discrete Jitter          (DJ):    0.000ns
    Phase Error              (PE):    0.000ns

    Location             Delay type                Incr(ns)  Path(ns)    Netlist Resource(s)
  -------------------------------------------------------------------    -------------------
                         (clock clk_i rise edge)      0.000     0.000 r  
                                                      0.000     0.000 r  clk_i (IN)
                         net (fo=2885, unset)         0.787     0.787    clk_i
                         FDCE                                         r  uop_p2_q_reg[use_popcount]_rep/C
  -------------------------------------------------------------------    -------------------
                         FDCE (Prop_fdce_C_Q)         0.433     1.220 r  uop_p2_q_reg[use_popcount]_rep/Q
                         net (fo=72, unplaced)        0.748     1.968    i_vrf/lane_result_q[2][12]_i_2_0
                         LUT5 (Prop_lut5_I0_O)        0.232     2.200 r  i_vrf/lane_result_q[2][27]_i_5/O
                         net (fo=5, unplaced)         0.610     2.810    gen_lane[2].i_lane/lane_bool_result[2][18]
                         LUT3 (Prop_lut3_I0_O)        0.105     2.915 r  gen_lane[2].i_lane/lane_popcnt_q[2][0]_i_17/O
                         net (fo=3, unplaced)         0.365     3.280    gen_lane[2].i_lane/lane_popcnt_q[2][0]_i_17_n_0
                         LUT5 (Prop_lut5_I4_O)        0.105     3.385 r  gen_lane[2].i_lane/lane_popcnt_q[2][0]_i_3/O
                         net (fo=4, unplaced)         0.962     4.347    i_vrf/lane_popcnt_q_reg[2][0]_0
                         LUT6 (Prop_lut6_I1_O)        0.105     4.452 r  i_vrf/lane_popcnt_q[2][0]_i_1/O
                         net (fo=1, unplaced)         0.000     4.452    lane_popcount_count[2][0]
                         FDCE                                         r  lane_popcnt_q_reg[2][0]/D
  -------------------------------------------------------------------    -------------------

                         (clock clk_i rise edge)      6.667     6.667 r  
                                                      0.000     6.667 r  clk_i (IN)
                         net (fo=2885, unset)         0.748     7.415    clk_i
                         FDCE                                         r  lane_popcnt_q_reg[2][0]/C
                         clock pessimism              0.000     7.415    
                         clock uncertainty           -0.035     7.379    
                         FDCE (Setup_fdce_C_D)        0.072     7.451    lane_popcnt_q_reg[2][0]
  -------------------------------------------------------------------
                         required time                          7.451    
                         arrival time                          -4.452    
  -------------------------------------------------------------------
                         slack                                  2.999    

Slack (MET) :             2.999ns  (required time - arrival time)
  Source:                 uop_p2_q_reg[use_popcount]/C
                            (rising edge-triggered cell FDCE clocked by clk_i  {rise@0.000ns fall@3.333ns period=6.667ns})
  Destination:            lane_popcnt_q_reg[3][0]/D
                            (rising edge-triggered cell FDCE clocked by clk_i  {rise@0.000ns fall@3.333ns period=6.667ns})
  Path Group:             clk_i
  Path Type:              Setup (Max at Slow Process Corner)
  Requirement:            6.667ns  (clk_i rise@6.667ns - clk_i rise@0.000ns)
  Data Path Delay:        3.665ns  (logic 0.980ns (26.739%)  route 2.685ns (73.261%))
  Logic Levels:           4  (LUT3=1 LUT5=2 LUT6=1)
  Clock Path Skew:        -0.039ns (DCD - SCD + CPR)
    Destination Clock Delay (DCD):    0.748ns = ( 7.415 - 6.667 ) 
    Source Clock Delay      (SCD):    0.787ns
    Clock Pessimism Removal (CPR):    0.000ns
  Clock Uncertainty:      0.035ns  ((TSJ^2 + TIJ^2)^1/2 + DJ) / 2 + PE
    Total System Jitter     (TSJ):    0.071ns
    Total Input Jitter      (TIJ):    0.000ns
    Discrete Jitter          (DJ):    0.000ns
    Phase Error              (PE):    0.000ns

    Location             Delay type                Incr(ns)  Path(ns)    Netlist Resource(s)
  -------------------------------------------------------------------    -------------------
                         (clock clk_i rise edge)      0.000     0.000 r  
                                                      0.000     0.000 r  clk_i (IN)
                         net (fo=2885, unset)         0.787     0.787    clk_i
                         FDCE                                         r  uop_p2_q_reg[use_popcount]/C
  -------------------------------------------------------------------    -------------------
                         FDCE (Prop_fdce_C_Q)         0.433     1.220 r  uop_p2_q_reg[use_popcount]/Q
                         net (fo=72, unplaced)        0.748     1.968    i_vrf/uop_p2_q_reg[use_popcount]__0
                         LUT5 (Prop_lut5_I0_O)        0.232     2.200 r  i_vrf/lane_result_q[3][27]_i_5/O
                         net (fo=5, unplaced)         0.610     2.810    gen_lane[3].i_lane/lane_bool_result[3][18]
                         LUT3 (Prop_lut3_I0_O)        0.105     2.915 r  gen_lane[3].i_lane/lane_popcnt_q[3][0]_i_17/O
                         net (fo=3, unplaced)         0.365     3.280    gen_lane[3].i_lane/lane_popcnt_q[3][0]_i_17_n_0
                         LUT5 (Prop_lut5_I4_O)        0.105     3.385 r  gen_lane[3].i_lane/lane_popcnt_q[3][0]_i_3/O
                         net (fo=4, unplaced)         0.962     4.347    i_vrf/lane_popcnt_q_reg[3][0]_0
                         LUT6 (Prop_lut6_I1_O)        0.105     4.452 r  i_vrf/lane_popcnt_q[3][0]_i_1/O
                         net (fo=1, unplaced)         0.000     4.452    lane_popcount_count[3][0]
                         FDCE                                         r  lane_popcnt_q_reg[3][0]/D
  -------------------------------------------------------------------    -------------------

                         (clock clk_i rise edge)      6.667     6.667 r  
                                                      0.000     6.667 r  clk_i (IN)
                         net (fo=2885, unset)         0.748     7.415    clk_i
                         FDCE                                         r  lane_popcnt_q_reg[3][0]/C
                         clock pessimism              0.000     7.415    
                         clock uncertainty           -0.035     7.379    
                         FDCE (Setup_fdce_C_D)        0.072     7.451    lane_popcnt_q_reg[3][0]
  -------------------------------------------------------------------
                         required time                          7.451    
                         arrival time                          -4.452    
  -------------------------------------------------------------------
                         slack                                  2.999    

Slack (MET) :             4.971ns  (required time - arrival time)
  Source:                 uop_p2_q_reg[use_popcount]_rep__2/C
                            (rising edge-triggered cell FDCE clocked by clk_i  {rise@0.000ns fall@3.333ns period=6.667ns})
  Destination:            lane_popcnt_q_reg[0][0]/CE
                            (rising edge-triggered cell FDCE clocked by clk_i  {rise@0.000ns fall@3.333ns period=6.667ns})
  Path Group:             clk_i
  Path Type:              Setup (Max at Slow Process Corner)
  Requirement:            6.667ns  (clk_i rise@6.667ns - clk_i rise@0.000ns)
  Data Path Delay:        1.485ns  (logic 0.665ns (44.781%)  route 0.820ns (55.219%))
  Logic Levels:           1  (LUT3=1)
  Clock Path Skew:        -0.039ns (DCD - SCD + CPR)
    Destination Clock Delay (DCD):    0.748ns = ( 7.415 - 6.667 ) 
    Source Clock Delay      (SCD):    0.787ns
    Clock Pessimism Removal (CPR):    0.000ns
  Clock Uncertainty:      0.035ns  ((TSJ^2 + TIJ^2)^1/2 + DJ) / 2 + PE
    Total System Jitter     (TSJ):    0.071ns
    Total Input Jitter      (TIJ):    0.000ns
    Discrete Jitter          (DJ):    0.000ns
    Phase Error              (PE):    0.000ns

    Location             Delay type                Incr(ns)  Path(ns)    Netlist Resource(s)
  -------------------------------------------------------------------    -------------------
                         (clock clk_i rise edge)      0.000     0.000 r  
                                                      0.000     0.000 r  clk_i (IN)
                         net (fo=2885, unset)         0.787     0.787    clk_i
                         FDCE                                         r  uop_p2_q_reg[use_popcount]_rep__2/C
  -------------------------------------------------------------------    -------------------
                         FDCE (Prop_fdce_C_Q)         0.433     1.220 r  uop_p2_q_reg[use_popcount]_rep__2/Q
                         net (fo=4, unplaced)         0.386     1.606    uop_p2_q_reg[use_popcount]_rep__2_n_0
                         LUT3 (Prop_lut3_I1_O)        0.232     1.838 r  lane_popcnt_q[1][6]_i_1/O
                         net (fo=28, unplaced)        0.434     2.272    lane_popcnt_n
                         FDCE                                         r  lane_popcnt_q_reg[0][0]/CE
  -------------------------------------------------------------------    -------------------

                         (clock clk_i rise edge)      6.667     6.667 r  
                                                      0.000     6.667 r  clk_i (IN)
                         net (fo=2885, unset)         0.748     7.415    clk_i
                         FDCE                                         r  lane_popcnt_q_reg[0][0]/C
                         clock pessimism              0.000     7.415    
                         clock uncertainty           -0.035     7.379    
                         FDCE (Setup_fdce_C_CE)      -0.136     7.243    lane_popcnt_q_reg[0][0]
  -------------------------------------------------------------------
                         required time                          7.243    
                         arrival time                          -2.272    
  -------------------------------------------------------------------
                         slack                                  4.971    

Slack (MET) :             4.971ns  (required time - arrival time)
  Source:                 uop_p2_q_reg[use_popcount]_rep__2/C
                            (rising edge-triggered cell FDCE clocked by clk_i  {rise@0.000ns fall@3.333ns period=6.667ns})
  Destination:            lane_popcnt_q_reg[0][1]/CE
                            (rising edge-triggered cell FDCE clocked by clk_i  {rise@0.000ns fall@3.333ns period=6.667ns})
  Path Group:             clk_i
  Path Type:              Setup (Max at Slow Process Corner)
  Requirement:            6.667ns  (clk_i rise@6.667ns - clk_i rise@0.000ns)
  Data Path Delay:        1.485ns  (logic 0.665ns (44.781%)  route 0.820ns (55.219%))
  Logic Levels:           1  (LUT3=1)
  Clock Path Skew:        -0.039ns (DCD - SCD + CPR)
    Destination Clock Delay (DCD):    0.748ns = ( 7.415 - 6.667 ) 
    Source Clock Delay      (SCD):    0.787ns
    Clock Pessimism Removal (CPR):    0.000ns
  Clock Uncertainty:      0.035ns  ((TSJ^2 + TIJ^2)^1/2 + DJ) / 2 + PE
    Total System Jitter     (TSJ):    0.071ns
    Total Input Jitter      (TIJ):    0.000ns
    Discrete Jitter          (DJ):    0.000ns
    Phase Error              (PE):    0.000ns

    Location             Delay type                Incr(ns)  Path(ns)    Netlist Resource(s)
  -------------------------------------------------------------------    -------------------
                         (clock clk_i rise edge)      0.000     0.000 r  
                                                      0.000     0.000 r  clk_i (IN)
                         net (fo=2885, unset)         0.787     0.787    clk_i
                         FDCE                                         r  uop_p2_q_reg[use_popcount]_rep__2/C
  -------------------------------------------------------------------    -------------------
                         FDCE (Prop_fdce_C_Q)         0.433     1.220 r  uop_p2_q_reg[use_popcount]_rep__2/Q
                         net (fo=4, unplaced)         0.386     1.606    uop_p2_q_reg[use_popcount]_rep__2_n_0
                         LUT3 (Prop_lut3_I1_O)        0.232     1.838 r  lane_popcnt_q[1][6]_i_1/O
                         net (fo=28, unplaced)        0.434     2.272    lane_popcnt_n
                         FDCE                                         r  lane_popcnt_q_reg[0][1]/CE
  -------------------------------------------------------------------    -------------------

                         (clock clk_i rise edge)      6.667     6.667 r  
                                                      0.000     6.667 r  clk_i (IN)
                         net (fo=2885, unset)         0.748     7.415    clk_i
                         FDCE                                         r  lane_popcnt_q_reg[0][1]/C
                         clock pessimism              0.000     7.415    
                         clock uncertainty           -0.035     7.379    
                         FDCE (Setup_fdce_C_CE)      -0.136     7.243    lane_popcnt_q_reg[0][1]
  -------------------------------------------------------------------
                         required time                          7.243    
                         arrival time                          -2.272    
  -------------------------------------------------------------------
                         slack                                  4.971    

Slack (MET) :             4.971ns  (required time - arrival time)
  Source:                 uop_p2_q_reg[use_popcount]_rep__2/C
                            (rising edge-triggered cell FDCE clocked by clk_i  {rise@0.000ns fall@3.333ns period=6.667ns})
  Destination:            lane_popcnt_q_reg[0][2]/CE
                            (rising edge-triggered cell FDCE clocked by clk_i  {rise@0.000ns fall@3.333ns period=6.667ns})
  Path Group:             clk_i
  Path Type:              Setup (Max at Slow Process Corner)
  Requirement:            6.667ns  (clk_i rise@6.667ns - clk_i rise@0.000ns)
  Data Path Delay:        1.485ns  (logic 0.665ns (44.781%)  route 0.820ns (55.219%))
  Logic Levels:           1  (LUT3=1)
  Clock Path Skew:        -0.039ns (DCD - SCD + CPR)
    Destination Clock Delay (DCD):    0.748ns = ( 7.415 - 6.667 ) 
    Source Clock Delay      (SCD):    0.787ns
    Clock Pessimism Removal (CPR):    0.000ns
  Clock Uncertainty:      0.035ns  ((TSJ^2 + TIJ^2)^1/2 + DJ) / 2 + PE
    Total System Jitter     (TSJ):    0.071ns
    Total Input Jitter      (TIJ):    0.000ns
    Discrete Jitter          (DJ):    0.000ns
    Phase Error              (PE):    0.000ns

    Location             Delay type                Incr(ns)  Path(ns)    Netlist Resource(s)
  -------------------------------------------------------------------    -------------------
                         (clock clk_i rise edge)      0.000     0.000 r  
                                                      0.000     0.000 r  clk_i (IN)
                         net (fo=2885, unset)         0.787     0.787    clk_i
                         FDCE                                         r  uop_p2_q_reg[use_popcount]_rep__2/C
  -------------------------------------------------------------------    -------------------
                         FDCE (Prop_fdce_C_Q)         0.433     1.220 r  uop_p2_q_reg[use_popcount]_rep__2/Q
                         net (fo=4, unplaced)         0.386     1.606    uop_p2_q_reg[use_popcount]_rep__2_n_0
                         LUT3 (Prop_lut3_I1_O)        0.232     1.838 r  lane_popcnt_q[1][6]_i_1/O
                         net (fo=28, unplaced)        0.434     2.272    lane_popcnt_n
                         FDCE                                         r  lane_popcnt_q_reg[0][2]/CE
  -------------------------------------------------------------------    -------------------

                         (clock clk_i rise edge)      6.667     6.667 r  
                                                      0.000     6.667 r  clk_i (IN)
                         net (fo=2885, unset)         0.748     7.415    clk_i
                         FDCE                                         r  lane_popcnt_q_reg[0][2]/C
                         clock pessimism              0.000     7.415    
                         clock uncertainty           -0.035     7.379    
                         FDCE (Setup_fdce_C_CE)      -0.136     7.243    lane_popcnt_q_reg[0][2]
  -------------------------------------------------------------------
                         required time                          7.243    
                         arrival time                          -2.272    
  -------------------------------------------------------------------
                         slack                                  4.971    

Slack (MET) :             4.971ns  (required time - arrival time)
  Source:                 uop_p2_q_reg[use_popcount]_rep__2/C
                            (rising edge-triggered cell FDCE clocked by clk_i  {rise@0.000ns fall@3.333ns period=6.667ns})
  Destination:            lane_popcnt_q_reg[0][3]/CE
                            (rising edge-triggered cell FDCE clocked by clk_i  {rise@0.000ns fall@3.333ns period=6.667ns})
  Path Group:             clk_i
  Path Type:              Setup (Max at Slow Process Corner)
  Requirement:            6.667ns  (clk_i rise@6.667ns - clk_i rise@0.000ns)
  Data Path Delay:        1.485ns  (logic 0.665ns (44.781%)  route 0.820ns (55.219%))
  Logic Levels:           1  (LUT3=1)
  Clock Path Skew:        -0.039ns (DCD - SCD + CPR)
    Destination Clock Delay (DCD):    0.748ns = ( 7.415 - 6.667 ) 
    Source Clock Delay      (SCD):    0.787ns
    Clock Pessimism Removal (CPR):    0.000ns
  Clock Uncertainty:      0.035ns  ((TSJ^2 + TIJ^2)^1/2 + DJ) / 2 + PE
    Total System Jitter     (TSJ):    0.071ns
    Total Input Jitter      (TIJ):    0.000ns
    Discrete Jitter          (DJ):    0.000ns
    Phase Error              (PE):    0.000ns

    Location             Delay type                Incr(ns)  Path(ns)    Netlist Resource(s)
  -------------------------------------------------------------------    -------------------
                         (clock clk_i rise edge)      0.000     0.000 r  
                                                      0.000     0.000 r  clk_i (IN)
                         net (fo=2885, unset)         0.787     0.787    clk_i
                         FDCE                                         r  uop_p2_q_reg[use_popcount]_rep__2/C
  -------------------------------------------------------------------    -------------------
                         FDCE (Prop_fdce_C_Q)         0.433     1.220 r  uop_p2_q_reg[use_popcount]_rep__2/Q
                         net (fo=4, unplaced)         0.386     1.606    uop_p2_q_reg[use_popcount]_rep__2_n_0
                         LUT3 (Prop_lut3_I1_O)        0.232     1.838 r  lane_popcnt_q[1][6]_i_1/O
                         net (fo=28, unplaced)        0.434     2.272    lane_popcnt_n
                         FDCE                                         r  lane_popcnt_q_reg[0][3]/CE
  -------------------------------------------------------------------    -------------------

                         (clock clk_i rise edge)      6.667     6.667 r  
                                                      0.000     6.667 r  clk_i (IN)
                         net (fo=2885, unset)         0.748     7.415    clk_i
                         FDCE                                         r  lane_popcnt_q_reg[0][3]/C
                         clock pessimism              0.000     7.415    
                         clock uncertainty           -0.035     7.379    
                         FDCE (Setup_fdce_C_CE)      -0.136     7.243    lane_popcnt_q_reg[0][3]
  -------------------------------------------------------------------
                         required time                          7.243    
                         arrival time                          -2.272    
  -------------------------------------------------------------------
                         slack                                  4.971    

Slack (MET) :             4.971ns  (required time - arrival time)
  Source:                 uop_p2_q_reg[use_popcount]_rep__2/C
                            (rising edge-triggered cell FDCE clocked by clk_i  {rise@0.000ns fall@3.333ns period=6.667ns})
  Destination:            lane_popcnt_q_reg[0][4]/CE
                            (rising edge-triggered cell FDCE clocked by clk_i  {rise@0.000ns fall@3.333ns period=6.667ns})
  Path Group:             clk_i
  Path Type:              Setup (Max at Slow Process Corner)
  Requirement:            6.667ns  (clk_i rise@6.667ns - clk_i rise@0.000ns)
  Data Path Delay:        1.485ns  (logic 0.665ns (44.781%)  route 0.820ns (55.219%))
  Logic Levels:           1  (LUT3=1)
  Clock Path Skew:        -0.039ns (DCD - SCD + CPR)
    Destination Clock Delay (DCD):    0.748ns = ( 7.415 - 6.667 ) 
    Source Clock Delay      (SCD):    0.787ns
    Clock Pessimism Removal (CPR):    0.000ns
  Clock Uncertainty:      0.035ns  ((TSJ^2 + TIJ^2)^1/2 + DJ) / 2 + PE
    Total System Jitter     (TSJ):    0.071ns
    Total Input Jitter      (TIJ):    0.000ns
    Discrete Jitter          (DJ):    0.000ns
    Phase Error              (PE):    0.000ns

    Location             Delay type                Incr(ns)  Path(ns)    Netlist Resource(s)
  -------------------------------------------------------------------    -------------------
                         (clock clk_i rise edge)      0.000     0.000 r  
                                                      0.000     0.000 r  clk_i (IN)
                         net (fo=2885, unset)         0.787     0.787    clk_i
                         FDCE                                         r  uop_p2_q_reg[use_popcount]_rep__2/C
  -------------------------------------------------------------------    -------------------
                         FDCE (Prop_fdce_C_Q)         0.433     1.220 r  uop_p2_q_reg[use_popcount]_rep__2/Q
                         net (fo=4, unplaced)         0.386     1.606    uop_p2_q_reg[use_popcount]_rep__2_n_0
                         LUT3 (Prop_lut3_I1_O)        0.232     1.838 r  lane_popcnt_q[1][6]_i_1/O
                         net (fo=28, unplaced)        0.434     2.272    lane_popcnt_n
                         FDCE                                         r  lane_popcnt_q_reg[0][4]/CE
  -------------------------------------------------------------------    -------------------

                         (clock clk_i rise edge)      6.667     6.667 r  
                                                      0.000     6.667 r  clk_i (IN)
                         net (fo=2885, unset)         0.748     7.415    clk_i
                         FDCE                                         r  lane_popcnt_q_reg[0][4]/C
                         clock pessimism              0.000     7.415    
                         clock uncertainty           -0.035     7.379    
                         FDCE (Setup_fdce_C_CE)      -0.136     7.243    lane_popcnt_q_reg[0][4]
  -------------------------------------------------------------------
                         required time                          7.243    
                         arrival time                          -2.272    
  -------------------------------------------------------------------
                         slack                                  4.971    

Slack (MET) :             4.971ns  (required time - arrival time)
  Source:                 uop_p2_q_reg[use_popcount]_rep__2/C
                            (rising edge-triggered cell FDCE clocked by clk_i  {rise@0.000ns fall@3.333ns period=6.667ns})
  Destination:            lane_popcnt_q_reg[0][5]/CE
                            (rising edge-triggered cell FDCE clocked by clk_i  {rise@0.000ns fall@3.333ns period=6.667ns})
  Path Group:             clk_i
  Path Type:              Setup (Max at Slow Process Corner)
  Requirement:            6.667ns  (clk_i rise@6.667ns - clk_i rise@0.000ns)
  Data Path Delay:        1.485ns  (logic 0.665ns (44.781%)  route 0.820ns (55.219%))
  Logic Levels:           1  (LUT3=1)
  Clock Path Skew:        -0.039ns (DCD - SCD + CPR)
    Destination Clock Delay (DCD):    0.748ns = ( 7.415 - 6.667 ) 
    Source Clock Delay      (SCD):    0.787ns
    Clock Pessimism Removal (CPR):    0.000ns
  Clock Uncertainty:      0.035ns  ((TSJ^2 + TIJ^2)^1/2 + DJ) / 2 + PE
    Total System Jitter     (TSJ):    0.071ns
    Total Input Jitter      (TIJ):    0.000ns
    Discrete Jitter          (DJ):    0.000ns
    Phase Error              (PE):    0.000ns

    Location             Delay type                Incr(ns)  Path(ns)    Netlist Resource(s)
  -------------------------------------------------------------------    -------------------
                         (clock clk_i rise edge)      0.000     0.000 r  
                                                      0.000     0.000 r  clk_i (IN)
                         net (fo=2885, unset)         0.787     0.787    clk_i
                         FDCE                                         r  uop_p2_q_reg[use_popcount]_rep__2/C
  -------------------------------------------------------------------    -------------------
                         FDCE (Prop_fdce_C_Q)         0.433     1.220 r  uop_p2_q_reg[use_popcount]_rep__2/Q
                         net (fo=4, unplaced)         0.386     1.606    uop_p2_q_reg[use_popcount]_rep__2_n_0
                         LUT3 (Prop_lut3_I1_O)        0.232     1.838 r  lane_popcnt_q[1][6]_i_1/O
                         net (fo=28, unplaced)        0.434     2.272    lane_popcnt_n
                         FDCE                                         r  lane_popcnt_q_reg[0][5]/CE
  -------------------------------------------------------------------    -------------------

                         (clock clk_i rise edge)      6.667     6.667 r  
                                                      0.000     6.667 r  clk_i (IN)
                         net (fo=2885, unset)         0.748     7.415    clk_i
                         FDCE                                         r  lane_popcnt_q_reg[0][5]/C
                         clock pessimism              0.000     7.415    
                         clock uncertainty           -0.035     7.379    
                         FDCE (Setup_fdce_C_CE)      -0.136     7.243    lane_popcnt_q_reg[0][5]
  -------------------------------------------------------------------
                         required time                          7.243    
                         arrival time                          -2.272    
  -------------------------------------------------------------------
                         slack                                  4.971    

Slack (MET) :             4.971ns  (required time - arrival time)
  Source:                 uop_p2_q_reg[use_popcount]_rep__2/C
                            (rising edge-triggered cell FDCE clocked by clk_i  {rise@0.000ns fall@3.333ns period=6.667ns})
  Destination:            lane_popcnt_q_reg[0][6]/CE
                            (rising edge-triggered cell FDCE clocked by clk_i  {rise@0.000ns fall@3.333ns period=6.667ns})
  Path Group:             clk_i
  Path Type:              Setup (Max at Slow Process Corner)
  Requirement:            6.667ns  (clk_i rise@6.667ns - clk_i rise@0.000ns)
  Data Path Delay:        1.485ns  (logic 0.665ns (44.781%)  route 0.820ns (55.219%))
  Logic Levels:           1  (LUT3=1)
  Clock Path Skew:        -0.039ns (DCD - SCD + CPR)
    Destination Clock Delay (DCD):    0.748ns = ( 7.415 - 6.667 ) 
    Source Clock Delay      (SCD):    0.787ns
    Clock Pessimism Removal (CPR):    0.000ns
  Clock Uncertainty:      0.035ns  ((TSJ^2 + TIJ^2)^1/2 + DJ) / 2 + PE
    Total System Jitter     (TSJ):    0.071ns
    Total Input Jitter      (TIJ):    0.000ns
    Discrete Jitter          (DJ):    0.000ns
    Phase Error              (PE):    0.000ns

    Location             Delay type                Incr(ns)  Path(ns)    Netlist Resource(s)
  -------------------------------------------------------------------    -------------------
                         (clock clk_i rise edge)      0.000     0.000 r  
                                                      0.000     0.000 r  clk_i (IN)
                         net (fo=2885, unset)         0.787     0.787    clk_i
                         FDCE                                         r  uop_p2_q_reg[use_popcount]_rep__2/C
  -------------------------------------------------------------------    -------------------
                         FDCE (Prop_fdce_C_Q)         0.433     1.220 r  uop_p2_q_reg[use_popcount]_rep__2/Q
                         net (fo=4, unplaced)         0.386     1.606    uop_p2_q_reg[use_popcount]_rep__2_n_0
                         LUT3 (Prop_lut3_I1_O)        0.232     1.838 r  lane_popcnt_q[1][6]_i_1/O
                         net (fo=28, unplaced)        0.434     2.272    lane_popcnt_n
                         FDCE                                         r  lane_popcnt_q_reg[0][6]/CE
  -------------------------------------------------------------------    -------------------

                         (clock clk_i rise edge)      6.667     6.667 r  
                                                      0.000     6.667 r  clk_i (IN)
                         net (fo=2885, unset)         0.748     7.415    clk_i
                         FDCE                                         r  lane_popcnt_q_reg[0][6]/C
                         clock pessimism              0.000     7.415    
                         clock uncertainty           -0.035     7.379    
                         FDCE (Setup_fdce_C_CE)      -0.136     7.243    lane_popcnt_q_reg[0][6]
  -------------------------------------------------------------------
                         required time                          7.243    
                         arrival time                          -2.272    
  -------------------------------------------------------------------
                         slack                                  4.971    

Slack (MET) :             4.971ns  (required time - arrival time)
  Source:                 uop_p2_q_reg[use_popcount]_rep__2/C
                            (rising edge-triggered cell FDCE clocked by clk_i  {rise@0.000ns fall@3.333ns period=6.667ns})
  Destination:            lane_popcnt_q_reg[1][0]/CE
                            (rising edge-triggered cell FDCE clocked by clk_i  {rise@0.000ns fall@3.333ns period=6.667ns})
  Path Group:             clk_i
  Path Type:              Setup (Max at Slow Process Corner)
  Requirement:            6.667ns  (clk_i rise@6.667ns - clk_i rise@0.000ns)
  Data Path Delay:        1.485ns  (logic 0.665ns (44.781%)  route 0.820ns (55.219%))
  Logic Levels:           1  (LUT3=1)
  Clock Path Skew:        -0.039ns (DCD - SCD + CPR)
    Destination Clock Delay (DCD):    0.748ns = ( 7.415 - 6.667 ) 
    Source Clock Delay      (SCD):    0.787ns
    Clock Pessimism Removal (CPR):    0.000ns
  Clock Uncertainty:      0.035ns  ((TSJ^2 + TIJ^2)^1/2 + DJ) / 2 + PE
    Total System Jitter     (TSJ):    0.071ns
    Total Input Jitter      (TIJ):    0.000ns
    Discrete Jitter          (DJ):    0.000ns
    Phase Error              (PE):    0.000ns

    Location             Delay type                Incr(ns)  Path(ns)    Netlist Resource(s)
  -------------------------------------------------------------------    -------------------
                         (clock clk_i rise edge)      0.000     0.000 r  
                                                      0.000     0.000 r  clk_i (IN)
                         net (fo=2885, unset)         0.787     0.787    clk_i
                         FDCE                                         r  uop_p2_q_reg[use_popcount]_rep__2/C
  -------------------------------------------------------------------    -------------------
                         FDCE (Prop_fdce_C_Q)         0.433     1.220 r  uop_p2_q_reg[use_popcount]_rep__2/Q
                         net (fo=4, unplaced)         0.386     1.606    uop_p2_q_reg[use_popcount]_rep__2_n_0
                         LUT3 (Prop_lut3_I1_O)        0.232     1.838 r  lane_popcnt_q[1][6]_i_1/O
                         net (fo=28, unplaced)        0.434     2.272    lane_popcnt_n
                         FDCE                                         r  lane_popcnt_q_reg[1][0]/CE
  -------------------------------------------------------------------    -------------------

                         (clock clk_i rise edge)      6.667     6.667 r  
                                                      0.000     6.667 r  clk_i (IN)
                         net (fo=2885, unset)         0.748     7.415    clk_i
                         FDCE                                         r  lane_popcnt_q_reg[1][0]/C
                         clock pessimism              0.000     7.415    
                         clock uncertainty           -0.035     7.379    
                         FDCE (Setup_fdce_C_CE)      -0.136     7.243    lane_popcnt_q_reg[1][0]
  -------------------------------------------------------------------
                         required time                          7.243    
                         arrival time                          -2.272    
  -------------------------------------------------------------------
                         slack                                  4.971    

Slack (MET) :             4.971ns  (required time - arrival time)
  Source:                 uop_p2_q_reg[use_popcount]_rep__2/C
                            (rising edge-triggered cell FDCE clocked by clk_i  {rise@0.000ns fall@3.333ns period=6.667ns})
  Destination:            lane_popcnt_q_reg[1][1]/CE
                            (rising edge-triggered cell FDCE clocked by clk_i  {rise@0.000ns fall@3.333ns period=6.667ns})
  Path Group:             clk_i
  Path Type:              Setup (Max at Slow Process Corner)
  Requirement:            6.667ns  (clk_i rise@6.667ns - clk_i rise@0.000ns)
  Data Path Delay:        1.485ns  (logic 0.665ns (44.781%)  route 0.820ns (55.219%))
  Logic Levels:           1  (LUT3=1)
  Clock Path Skew:        -0.039ns (DCD - SCD + CPR)
    Destination Clock Delay (DCD):    0.748ns = ( 7.415 - 6.667 ) 
    Source Clock Delay      (SCD):    0.787ns
    Clock Pessimism Removal (CPR):    0.000ns
  Clock Uncertainty:      0.035ns  ((TSJ^2 + TIJ^2)^1/2 + DJ) / 2 + PE
    Total System Jitter     (TSJ):    0.071ns
    Total Input Jitter      (TIJ):    0.000ns
    Discrete Jitter          (DJ):    0.000ns
    Phase Error              (PE):    0.000ns

    Location             Delay type                Incr(ns)  Path(ns)    Netlist Resource(s)
  -------------------------------------------------------------------    -------------------
                         (clock clk_i rise edge)      0.000     0.000 r  
                                                      0.000     0.000 r  clk_i (IN)
                         net (fo=2885, unset)         0.787     0.787    clk_i
                         FDCE                                         r  uop_p2_q_reg[use_popcount]_rep__2/C
  -------------------------------------------------------------------    -------------------
                         FDCE (Prop_fdce_C_Q)         0.433     1.220 r  uop_p2_q_reg[use_popcount]_rep__2/Q
                         net (fo=4, unplaced)         0.386     1.606    uop_p2_q_reg[use_popcount]_rep__2_n_0
                         LUT3 (Prop_lut3_I1_O)        0.232     1.838 r  lane_popcnt_q[1][6]_i_1/O
                         net (fo=28, unplaced)        0.434     2.272    lane_popcnt_n
                         FDCE                                         r  lane_popcnt_q_reg[1][1]/CE
  -------------------------------------------------------------------    -------------------

                         (clock clk_i rise edge)      6.667     6.667 r  
                                                      0.000     6.667 r  clk_i (IN)
                         net (fo=2885, unset)         0.748     7.415    clk_i
                         FDCE                                         r  lane_popcnt_q_reg[1][1]/C
                         clock pessimism              0.000     7.415    
                         clock uncertainty           -0.035     7.379    
                         FDCE (Setup_fdce_C_CE)      -0.136     7.243    lane_popcnt_q_reg[1][1]
  -------------------------------------------------------------------
                         required time                          7.243    
                         arrival time                          -2.272    
  -------------------------------------------------------------------
                         slack                                  4.971    

Slack (MET) :             4.971ns  (required time - arrival time)
  Source:                 uop_p2_q_reg[use_popcount]_rep__2/C
                            (rising edge-triggered cell FDCE clocked by clk_i  {rise@0.000ns fall@3.333ns period=6.667ns})
  Destination:            lane_popcnt_q_reg[1][2]/CE
                            (rising edge-triggered cell FDCE clocked by clk_i  {rise@0.000ns fall@3.333ns period=6.667ns})
  Path Group:             clk_i
  Path Type:              Setup (Max at Slow Process Corner)
  Requirement:            6.667ns  (clk_i rise@6.667ns - clk_i rise@0.000ns)
  Data Path Delay:        1.485ns  (logic 0.665ns (44.781%)  route 0.820ns (55.219%))
  Logic Levels:           1  (LUT3=1)
  Clock Path Skew:        -0.039ns (DCD - SCD + CPR)
    Destination Clock Delay (DCD):    0.748ns = ( 7.415 - 6.667 ) 
    Source Clock Delay      (SCD):    0.787ns
    Clock Pessimism Removal (CPR):    0.000ns
  Clock Uncertainty:      0.035ns  ((TSJ^2 + TIJ^2)^1/2 + DJ) / 2 + PE
    Total System Jitter     (TSJ):    0.071ns
    Total Input Jitter      (TIJ):    0.000ns
    Discrete Jitter          (DJ):    0.000ns
    Phase Error              (PE):    0.000ns

    Location             Delay type                Incr(ns)  Path(ns)    Netlist Resource(s)
  -------------------------------------------------------------------    -------------------
                         (clock clk_i rise edge)      0.000     0.000 r  
                                                      0.000     0.000 r  clk_i (IN)
                         net (fo=2885, unset)         0.787     0.787    clk_i
                         FDCE                                         r  uop_p2_q_reg[use_popcount]_rep__2/C
  -------------------------------------------------------------------    -------------------
                         FDCE (Prop_fdce_C_Q)         0.433     1.220 r  uop_p2_q_reg[use_popcount]_rep__2/Q
                         net (fo=4, unplaced)         0.386     1.606    uop_p2_q_reg[use_popcount]_rep__2_n_0
                         LUT3 (Prop_lut3_I1_O)        0.232     1.838 r  lane_popcnt_q[1][6]_i_1/O
                         net (fo=28, unplaced)        0.434     2.272    lane_popcnt_n
                         FDCE                                         r  lane_popcnt_q_reg[1][2]/CE
  -------------------------------------------------------------------    -------------------

                         (clock clk_i rise edge)      6.667     6.667 r  
                                                      0.000     6.667 r  clk_i (IN)
                         net (fo=2885, unset)         0.748     7.415    clk_i
                         FDCE                                         r  lane_popcnt_q_reg[1][2]/C
                         clock pessimism              0.000     7.415    
                         clock uncertainty           -0.035     7.379    
                         FDCE (Setup_fdce_C_CE)      -0.136     7.243    lane_popcnt_q_reg[1][2]
  -------------------------------------------------------------------
                         required time                          7.243    
                         arrival time                          -2.272    
  -------------------------------------------------------------------
                         slack                                  4.971    

Slack (MET) :             4.971ns  (required time - arrival time)
  Source:                 uop_p2_q_reg[use_popcount]_rep__2/C
                            (rising edge-triggered cell FDCE clocked by clk_i  {rise@0.000ns fall@3.333ns period=6.667ns})
  Destination:            lane_popcnt_q_reg[1][3]/CE
                            (rising edge-triggered cell FDCE clocked by clk_i  {rise@0.000ns fall@3.333ns period=6.667ns})
  Path Group:             clk_i
  Path Type:              Setup (Max at Slow Process Corner)
  Requirement:            6.667ns  (clk_i rise@6.667ns - clk_i rise@0.000ns)
  Data Path Delay:        1.485ns  (logic 0.665ns (44.781%)  route 0.820ns (55.219%))
  Logic Levels:           1  (LUT3=1)
  Clock Path Skew:        -0.039ns (DCD - SCD + CPR)
    Destination Clock Delay (DCD):    0.748ns = ( 7.415 - 6.667 ) 
    Source Clock Delay      (SCD):    0.787ns
    Clock Pessimism Removal (CPR):    0.000ns
  Clock Uncertainty:      0.035ns  ((TSJ^2 + TIJ^2)^1/2 + DJ) / 2 + PE
    Total System Jitter     (TSJ):    0.071ns
    Total Input Jitter      (TIJ):    0.000ns
    Discrete Jitter          (DJ):    0.000ns
    Phase Error              (PE):    0.000ns

    Location             Delay type                Incr(ns)  Path(ns)    Netlist Resource(s)
  -------------------------------------------------------------------    -------------------
                         (clock clk_i rise edge)      0.000     0.000 r  
                                                      0.000     0.000 r  clk_i (IN)
                         net (fo=2885, unset)         0.787     0.787    clk_i
                         FDCE                                         r  uop_p2_q_reg[use_popcount]_rep__2/C
  -------------------------------------------------------------------    -------------------
                         FDCE (Prop_fdce_C_Q)         0.433     1.220 r  uop_p2_q_reg[use_popcount]_rep__2/Q
                         net (fo=4, unplaced)         0.386     1.606    uop_p2_q_reg[use_popcount]_rep__2_n_0
                         LUT3 (Prop_lut3_I1_O)        0.232     1.838 r  lane_popcnt_q[1][6]_i_1/O
                         net (fo=28, unplaced)        0.434     2.272    lane_popcnt_n
                         FDCE                                         r  lane_popcnt_q_reg[1][3]/CE
  -------------------------------------------------------------------    -------------------

                         (clock clk_i rise edge)      6.667     6.667 r  
                                                      0.000     6.667 r  clk_i (IN)
                         net (fo=2885, unset)         0.748     7.415    clk_i
                         FDCE                                         r  lane_popcnt_q_reg[1][3]/C
                         clock pessimism              0.000     7.415    
                         clock uncertainty           -0.035     7.379    
                         FDCE (Setup_fdce_C_CE)      -0.136     7.243    lane_popcnt_q_reg[1][3]
  -------------------------------------------------------------------
                         required time                          7.243    
                         arrival time                          -2.272    
  -------------------------------------------------------------------
                         slack                                  4.971    

Slack (MET) :             4.971ns  (required time - arrival time)
  Source:                 uop_p2_q_reg[use_popcount]_rep__2/C
                            (rising edge-triggered cell FDCE clocked by clk_i  {rise@0.000ns fall@3.333ns period=6.667ns})
  Destination:            lane_popcnt_q_reg[1][4]/CE
                            (rising edge-triggered cell FDCE clocked by clk_i  {rise@0.000ns fall@3.333ns period=6.667ns})
  Path Group:             clk_i
  Path Type:              Setup (Max at Slow Process Corner)
  Requirement:            6.667ns  (clk_i rise@6.667ns - clk_i rise@0.000ns)
  Data Path Delay:        1.485ns  (logic 0.665ns (44.781%)  route 0.820ns (55.219%))
  Logic Levels:           1  (LUT3=1)
  Clock Path Skew:        -0.039ns (DCD - SCD + CPR)
    Destination Clock Delay (DCD):    0.748ns = ( 7.415 - 6.667 ) 
    Source Clock Delay      (SCD):    0.787ns
    Clock Pessimism Removal (CPR):    0.000ns
  Clock Uncertainty:      0.035ns  ((TSJ^2 + TIJ^2)^1/2 + DJ) / 2 + PE
    Total System Jitter     (TSJ):    0.071ns
    Total Input Jitter      (TIJ):    0.000ns
    Discrete Jitter          (DJ):    0.000ns
    Phase Error              (PE):    0.000ns

    Location             Delay type                Incr(ns)  Path(ns)    Netlist Resource(s)
  -------------------------------------------------------------------    -------------------
                         (clock clk_i rise edge)      0.000     0.000 r  
                                                      0.000     0.000 r  clk_i (IN)
                         net (fo=2885, unset)         0.787     0.787    clk_i
                         FDCE                                         r  uop_p2_q_reg[use_popcount]_rep__2/C
  -------------------------------------------------------------------    -------------------
                         FDCE (Prop_fdce_C_Q)         0.433     1.220 r  uop_p2_q_reg[use_popcount]_rep__2/Q
                         net (fo=4, unplaced)         0.386     1.606    uop_p2_q_reg[use_popcount]_rep__2_n_0
                         LUT3 (Prop_lut3_I1_O)        0.232     1.838 r  lane_popcnt_q[1][6]_i_1/O
                         net (fo=28, unplaced)        0.434     2.272    lane_popcnt_n
                         FDCE                                         r  lane_popcnt_q_reg[1][4]/CE
  -------------------------------------------------------------------    -------------------

                         (clock clk_i rise edge)      6.667     6.667 r  
                                                      0.000     6.667 r  clk_i (IN)
                         net (fo=2885, unset)         0.748     7.415    clk_i
                         FDCE                                         r  lane_popcnt_q_reg[1][4]/C
                         clock pessimism              0.000     7.415    
                         clock uncertainty           -0.035     7.379    
                         FDCE (Setup_fdce_C_CE)      -0.136     7.243    lane_popcnt_q_reg[1][4]
  -------------------------------------------------------------------
                         required time                          7.243    
                         arrival time                          -2.272    
  -------------------------------------------------------------------
                         slack                                  4.971    

Slack (MET) :             4.971ns  (required time - arrival time)
  Source:                 uop_p2_q_reg[use_popcount]_rep__2/C
                            (rising edge-triggered cell FDCE clocked by clk_i  {rise@0.000ns fall@3.333ns period=6.667ns})
  Destination:            lane_popcnt_q_reg[1][5]/CE
                            (rising edge-triggered cell FDCE clocked by clk_i  {rise@0.000ns fall@3.333ns period=6.667ns})
  Path Group:             clk_i
  Path Type:              Setup (Max at Slow Process Corner)
  Requirement:            6.667ns  (clk_i rise@6.667ns - clk_i rise@0.000ns)
  Data Path Delay:        1.485ns  (logic 0.665ns (44.781%)  route 0.820ns (55.219%))
  Logic Levels:           1  (LUT3=1)
  Clock Path Skew:        -0.039ns (DCD - SCD + CPR)
    Destination Clock Delay (DCD):    0.748ns = ( 7.415 - 6.667 ) 
    Source Clock Delay      (SCD):    0.787ns
    Clock Pessimism Removal (CPR):    0.000ns
  Clock Uncertainty:      0.035ns  ((TSJ^2 + TIJ^2)^1/2 + DJ) / 2 + PE
    Total System Jitter     (TSJ):    0.071ns
    Total Input Jitter      (TIJ):    0.000ns
    Discrete Jitter          (DJ):    0.000ns
    Phase Error              (PE):    0.000ns

    Location             Delay type                Incr(ns)  Path(ns)    Netlist Resource(s)
  -------------------------------------------------------------------    -------------------
                         (clock clk_i rise edge)      0.000     0.000 r  
                                                      0.000     0.000 r  clk_i (IN)
                         net (fo=2885, unset)         0.787     0.787    clk_i
                         FDCE                                         r  uop_p2_q_reg[use_popcount]_rep__2/C
  -------------------------------------------------------------------    -------------------
                         FDCE (Prop_fdce_C_Q)         0.433     1.220 r  uop_p2_q_reg[use_popcount]_rep__2/Q
                         net (fo=4, unplaced)         0.386     1.606    uop_p2_q_reg[use_popcount]_rep__2_n_0
                         LUT3 (Prop_lut3_I1_O)        0.232     1.838 r  lane_popcnt_q[1][6]_i_1/O
                         net (fo=28, unplaced)        0.434     2.272    lane_popcnt_n
                         FDCE                                         r  lane_popcnt_q_reg[1][5]/CE
  -------------------------------------------------------------------    -------------------

                         (clock clk_i rise edge)      6.667     6.667 r  
                                                      0.000     6.667 r  clk_i (IN)
                         net (fo=2885, unset)         0.748     7.415    clk_i
                         FDCE                                         r  lane_popcnt_q_reg[1][5]/C
                         clock pessimism              0.000     7.415    
                         clock uncertainty           -0.035     7.379    
                         FDCE (Setup_fdce_C_CE)      -0.136     7.243    lane_popcnt_q_reg[1][5]
  -------------------------------------------------------------------
                         required time                          7.243    
                         arrival time                          -2.272    
  -------------------------------------------------------------------
                         slack                                  4.971    

Slack (MET) :             4.971ns  (required time - arrival time)
  Source:                 uop_p2_q_reg[use_popcount]_rep__2/C
                            (rising edge-triggered cell FDCE clocked by clk_i  {rise@0.000ns fall@3.333ns period=6.667ns})
  Destination:            lane_popcnt_q_reg[1][6]/CE
                            (rising edge-triggered cell FDCE clocked by clk_i  {rise@0.000ns fall@3.333ns period=6.667ns})
  Path Group:             clk_i
  Path Type:              Setup (Max at Slow Process Corner)
  Requirement:            6.667ns  (clk_i rise@6.667ns - clk_i rise@0.000ns)
  Data Path Delay:        1.485ns  (logic 0.665ns (44.781%)  route 0.820ns (55.219%))
  Logic Levels:           1  (LUT3=1)
  Clock Path Skew:        -0.039ns (DCD - SCD + CPR)
    Destination Clock Delay (DCD):    0.748ns = ( 7.415 - 6.667 ) 
    Source Clock Delay      (SCD):    0.787ns
    Clock Pessimism Removal (CPR):    0.000ns
  Clock Uncertainty:      0.035ns  ((TSJ^2 + TIJ^2)^1/2 + DJ) / 2 + PE
    Total System Jitter     (TSJ):    0.071ns
    Total Input Jitter      (TIJ):    0.000ns
    Discrete Jitter          (DJ):    0.000ns
    Phase Error              (PE):    0.000ns

    Location             Delay type                Incr(ns)  Path(ns)    Netlist Resource(s)
  -------------------------------------------------------------------    -------------------
                         (clock clk_i rise edge)      0.000     0.000 r  
                                                      0.000     0.000 r  clk_i (IN)
                         net (fo=2885, unset)         0.787     0.787    clk_i
                         FDCE                                         r  uop_p2_q_reg[use_popcount]_rep__2/C
  -------------------------------------------------------------------    -------------------
                         FDCE (Prop_fdce_C_Q)         0.433     1.220 r  uop_p2_q_reg[use_popcount]_rep__2/Q
                         net (fo=4, unplaced)         0.386     1.606    uop_p2_q_reg[use_popcount]_rep__2_n_0
                         LUT3 (Prop_lut3_I1_O)        0.232     1.838 r  lane_popcnt_q[1][6]_i_1/O
                         net (fo=28, unplaced)        0.434     2.272    lane_popcnt_n
                         FDCE                                         r  lane_popcnt_q_reg[1][6]/CE
  -------------------------------------------------------------------    -------------------

                         (clock clk_i rise edge)      6.667     6.667 r  
                                                      0.000     6.667 r  clk_i (IN)
                         net (fo=2885, unset)         0.748     7.415    clk_i
                         FDCE                                         r  lane_popcnt_q_reg[1][6]/C
                         clock pessimism              0.000     7.415    
                         clock uncertainty           -0.035     7.379    
                         FDCE (Setup_fdce_C_CE)      -0.136     7.243    lane_popcnt_q_reg[1][6]
  -------------------------------------------------------------------
                         required time                          7.243    
                         arrival time                          -2.272    
  -------------------------------------------------------------------
                         slack                                  4.971    

Slack (MET) :             4.971ns  (required time - arrival time)
  Source:                 uop_p2_q_reg[use_popcount]_rep__2/C
                            (rising edge-triggered cell FDCE clocked by clk_i  {rise@0.000ns fall@3.333ns period=6.667ns})
  Destination:            lane_popcnt_q_reg[2][0]/CE
                            (rising edge-triggered cell FDCE clocked by clk_i  {rise@0.000ns fall@3.333ns period=6.667ns})
  Path Group:             clk_i
  Path Type:              Setup (Max at Slow Process Corner)
  Requirement:            6.667ns  (clk_i rise@6.667ns - clk_i rise@0.000ns)
  Data Path Delay:        1.485ns  (logic 0.665ns (44.781%)  route 0.820ns (55.219%))
  Logic Levels:           1  (LUT3=1)
  Clock Path Skew:        -0.039ns (DCD - SCD + CPR)
    Destination Clock Delay (DCD):    0.748ns = ( 7.415 - 6.667 ) 
    Source Clock Delay      (SCD):    0.787ns
    Clock Pessimism Removal (CPR):    0.000ns
  Clock Uncertainty:      0.035ns  ((TSJ^2 + TIJ^2)^1/2 + DJ) / 2 + PE
    Total System Jitter     (TSJ):    0.071ns
    Total Input Jitter      (TIJ):    0.000ns
    Discrete Jitter          (DJ):    0.000ns
    Phase Error              (PE):    0.000ns

    Location             Delay type                Incr(ns)  Path(ns)    Netlist Resource(s)
  -------------------------------------------------------------------    -------------------
                         (clock clk_i rise edge)      0.000     0.000 r  
                                                      0.000     0.000 r  clk_i (IN)
                         net (fo=2885, unset)         0.787     0.787    clk_i
                         FDCE                                         r  uop_p2_q_reg[use_popcount]_rep__2/C
  -------------------------------------------------------------------    -------------------
                         FDCE (Prop_fdce_C_Q)         0.433     1.220 r  uop_p2_q_reg[use_popcount]_rep__2/Q
                         net (fo=4, unplaced)         0.386     1.606    uop_p2_q_reg[use_popcount]_rep__2_n_0
                         LUT3 (Prop_lut3_I1_O)        0.232     1.838 r  lane_popcnt_q[1][6]_i_1/O
                         net (fo=28, unplaced)        0.434     2.272    lane_popcnt_n
                         FDCE                                         r  lane_popcnt_q_reg[2][0]/CE
  -------------------------------------------------------------------    -------------------

                         (clock clk_i rise edge)      6.667     6.667 r  
                                                      0.000     6.667 r  clk_i (IN)
                         net (fo=2885, unset)         0.748     7.415    clk_i
                         FDCE                                         r  lane_popcnt_q_reg[2][0]/C
                         clock pessimism              0.000     7.415    
                         clock uncertainty           -0.035     7.379    
                         FDCE (Setup_fdce_C_CE)      -0.136     7.243    lane_popcnt_q_reg[2][0]
  -------------------------------------------------------------------
                         required time                          7.243    
                         arrival time                          -2.272    
  -------------------------------------------------------------------
                         slack                                  4.971    

Slack (MET) :             4.971ns  (required time - arrival time)
  Source:                 uop_p2_q_reg[use_popcount]_rep__2/C
                            (rising edge-triggered cell FDCE clocked by clk_i  {rise@0.000ns fall@3.333ns period=6.667ns})
  Destination:            lane_popcnt_q_reg[2][1]/CE
                            (rising edge-triggered cell FDCE clocked by clk_i  {rise@0.000ns fall@3.333ns period=6.667ns})
  Path Group:             clk_i
  Path Type:              Setup (Max at Slow Process Corner)
  Requirement:            6.667ns  (clk_i rise@6.667ns - clk_i rise@0.000ns)
  Data Path Delay:        1.485ns  (logic 0.665ns (44.781%)  route 0.820ns (55.219%))
  Logic Levels:           1  (LUT3=1)
  Clock Path Skew:        -0.039ns (DCD - SCD + CPR)
    Destination Clock Delay (DCD):    0.748ns = ( 7.415 - 6.667 ) 
    Source Clock Delay      (SCD):    0.787ns
    Clock Pessimism Removal (CPR):    0.000ns
  Clock Uncertainty:      0.035ns  ((TSJ^2 + TIJ^2)^1/2 + DJ) / 2 + PE
    Total System Jitter     (TSJ):    0.071ns
    Total Input Jitter      (TIJ):    0.000ns
    Discrete Jitter          (DJ):    0.000ns
    Phase Error              (PE):    0.000ns

    Location             Delay type                Incr(ns)  Path(ns)    Netlist Resource(s)
  -------------------------------------------------------------------    -------------------
                         (clock clk_i rise edge)      0.000     0.000 r  
                                                      0.000     0.000 r  clk_i (IN)
                         net (fo=2885, unset)         0.787     0.787    clk_i
                         FDCE                                         r  uop_p2_q_reg[use_popcount]_rep__2/C
  -------------------------------------------------------------------    -------------------
                         FDCE (Prop_fdce_C_Q)         0.433     1.220 r  uop_p2_q_reg[use_popcount]_rep__2/Q
                         net (fo=4, unplaced)         0.386     1.606    uop_p2_q_reg[use_popcount]_rep__2_n_0
                         LUT3 (Prop_lut3_I1_O)        0.232     1.838 r  lane_popcnt_q[1][6]_i_1/O
                         net (fo=28, unplaced)        0.434     2.272    lane_popcnt_n
                         FDCE                                         r  lane_popcnt_q_reg[2][1]/CE
  -------------------------------------------------------------------    -------------------

                         (clock clk_i rise edge)      6.667     6.667 r  
                                                      0.000     6.667 r  clk_i (IN)
                         net (fo=2885, unset)         0.748     7.415    clk_i
                         FDCE                                         r  lane_popcnt_q_reg[2][1]/C
                         clock pessimism              0.000     7.415    
                         clock uncertainty           -0.035     7.379    
                         FDCE (Setup_fdce_C_CE)      -0.136     7.243    lane_popcnt_q_reg[2][1]
  -------------------------------------------------------------------
                         required time                          7.243    
                         arrival time                          -2.272    
  -------------------------------------------------------------------
                         slack                                  4.971    

Slack (MET) :             4.971ns  (required time - arrival time)
  Source:                 uop_p2_q_reg[use_popcount]_rep__2/C
                            (rising edge-triggered cell FDCE clocked by clk_i  {rise@0.000ns fall@3.333ns period=6.667ns})
  Destination:            lane_popcnt_q_reg[2][2]/CE
                            (rising edge-triggered cell FDCE clocked by clk_i  {rise@0.000ns fall@3.333ns period=6.667ns})
  Path Group:             clk_i
  Path Type:              Setup (Max at Slow Process Corner)
  Requirement:            6.667ns  (clk_i rise@6.667ns - clk_i rise@0.000ns)
  Data Path Delay:        1.485ns  (logic 0.665ns (44.781%)  route 0.820ns (55.219%))
  Logic Levels:           1  (LUT3=1)
  Clock Path Skew:        -0.039ns (DCD - SCD + CPR)
    Destination Clock Delay (DCD):    0.748ns = ( 7.415 - 6.667 ) 
    Source Clock Delay      (SCD):    0.787ns
    Clock Pessimism Removal (CPR):    0.000ns
  Clock Uncertainty:      0.035ns  ((TSJ^2 + TIJ^2)^1/2 + DJ) / 2 + PE
    Total System Jitter     (TSJ):    0.071ns
    Total Input Jitter      (TIJ):    0.000ns
    Discrete Jitter          (DJ):    0.000ns
    Phase Error              (PE):    0.000ns

    Location             Delay type                Incr(ns)  Path(ns)    Netlist Resource(s)
  -------------------------------------------------------------------    -------------------
                         (clock clk_i rise edge)      0.000     0.000 r  
                                                      0.000     0.000 r  clk_i (IN)
                         net (fo=2885, unset)         0.787     0.787    clk_i
                         FDCE                                         r  uop_p2_q_reg[use_popcount]_rep__2/C
  -------------------------------------------------------------------    -------------------
                         FDCE (Prop_fdce_C_Q)         0.433     1.220 r  uop_p2_q_reg[use_popcount]_rep__2/Q
                         net (fo=4, unplaced)         0.386     1.606    uop_p2_q_reg[use_popcount]_rep__2_n_0
                         LUT3 (Prop_lut3_I1_O)        0.232     1.838 r  lane_popcnt_q[1][6]_i_1/O
                         net (fo=28, unplaced)        0.434     2.272    lane_popcnt_n
                         FDCE                                         r  lane_popcnt_q_reg[2][2]/CE
  -------------------------------------------------------------------    -------------------

                         (clock clk_i rise edge)      6.667     6.667 r  
                                                      0.000     6.667 r  clk_i (IN)
                         net (fo=2885, unset)         0.748     7.415    clk_i
                         FDCE                                         r  lane_popcnt_q_reg[2][2]/C
                         clock pessimism              0.000     7.415    
                         clock uncertainty           -0.035     7.379    
                         FDCE (Setup_fdce_C_CE)      -0.136     7.243    lane_popcnt_q_reg[2][2]
  -------------------------------------------------------------------
                         required time                          7.243    
                         arrival time                          -2.272    
  -------------------------------------------------------------------
                         slack                                  4.971    

Slack (MET) :             4.971ns  (required time - arrival time)
  Source:                 uop_p2_q_reg[use_popcount]_rep__2/C
                            (rising edge-triggered cell FDCE clocked by clk_i  {rise@0.000ns fall@3.333ns period=6.667ns})
  Destination:            lane_popcnt_q_reg[2][3]/CE
                            (rising edge-triggered cell FDCE clocked by clk_i  {rise@0.000ns fall@3.333ns period=6.667ns})
  Path Group:             clk_i
  Path Type:              Setup (Max at Slow Process Corner)
  Requirement:            6.667ns  (clk_i rise@6.667ns - clk_i rise@0.000ns)
  Data Path Delay:        1.485ns  (logic 0.665ns (44.781%)  route 0.820ns (55.219%))
  Logic Levels:           1  (LUT3=1)
  Clock Path Skew:        -0.039ns (DCD - SCD + CPR)
    Destination Clock Delay (DCD):    0.748ns = ( 7.415 - 6.667 ) 
    Source Clock Delay      (SCD):    0.787ns
    Clock Pessimism Removal (CPR):    0.000ns
  Clock Uncertainty:      0.035ns  ((TSJ^2 + TIJ^2)^1/2 + DJ) / 2 + PE
    Total System Jitter     (TSJ):    0.071ns
    Total Input Jitter      (TIJ):    0.000ns
    Discrete Jitter          (DJ):    0.000ns
    Phase Error              (PE):    0.000ns

    Location             Delay type                Incr(ns)  Path(ns)    Netlist Resource(s)
  -------------------------------------------------------------------    -------------------
                         (clock clk_i rise edge)      0.000     0.000 r  
                                                      0.000     0.000 r  clk_i (IN)
                         net (fo=2885, unset)         0.787     0.787    clk_i
                         FDCE                                         r  uop_p2_q_reg[use_popcount]_rep__2/C
  -------------------------------------------------------------------    -------------------
                         FDCE (Prop_fdce_C_Q)         0.433     1.220 r  uop_p2_q_reg[use_popcount]_rep__2/Q
                         net (fo=4, unplaced)         0.386     1.606    uop_p2_q_reg[use_popcount]_rep__2_n_0
                         LUT3 (Prop_lut3_I1_O)        0.232     1.838 r  lane_popcnt_q[1][6]_i_1/O
                         net (fo=28, unplaced)        0.434     2.272    lane_popcnt_n
                         FDCE                                         r  lane_popcnt_q_reg[2][3]/CE
  -------------------------------------------------------------------    -------------------

                         (clock clk_i rise edge)      6.667     6.667 r  
                                                      0.000     6.667 r  clk_i (IN)
                         net (fo=2885, unset)         0.748     7.415    clk_i
                         FDCE                                         r  lane_popcnt_q_reg[2][3]/C
                         clock pessimism              0.000     7.415    
                         clock uncertainty           -0.035     7.379    
                         FDCE (Setup_fdce_C_CE)      -0.136     7.243    lane_popcnt_q_reg[2][3]
  -------------------------------------------------------------------
                         required time                          7.243    
                         arrival time                          -2.272    
  -------------------------------------------------------------------
                         slack                                  4.971    

Slack (MET) :             4.971ns  (required time - arrival time)
  Source:                 uop_p2_q_reg[use_popcount]_rep__2/C
                            (rising edge-triggered cell FDCE clocked by clk_i  {rise@0.000ns fall@3.333ns period=6.667ns})
  Destination:            lane_popcnt_q_reg[2][4]/CE
                            (rising edge-triggered cell FDCE clocked by clk_i  {rise@0.000ns fall@3.333ns period=6.667ns})
  Path Group:             clk_i
  Path Type:              Setup (Max at Slow Process Corner)
  Requirement:            6.667ns  (clk_i rise@6.667ns - clk_i rise@0.000ns)
  Data Path Delay:        1.485ns  (logic 0.665ns (44.781%)  route 0.820ns (55.219%))
  Logic Levels:           1  (LUT3=1)
  Clock Path Skew:        -0.039ns (DCD - SCD + CPR)
    Destination Clock Delay (DCD):    0.748ns = ( 7.415 - 6.667 ) 
    Source Clock Delay      (SCD):    0.787ns
    Clock Pessimism Removal (CPR):    0.000ns
  Clock Uncertainty:      0.035ns  ((TSJ^2 + TIJ^2)^1/2 + DJ) / 2 + PE
    Total System Jitter     (TSJ):    0.071ns
    Total Input Jitter      (TIJ):    0.000ns
    Discrete Jitter          (DJ):    0.000ns
    Phase Error              (PE):    0.000ns

    Location             Delay type                Incr(ns)  Path(ns)    Netlist Resource(s)
  -------------------------------------------------------------------    -------------------
                         (clock clk_i rise edge)      0.000     0.000 r  
                                                      0.000     0.000 r  clk_i (IN)
                         net (fo=2885, unset)         0.787     0.787    clk_i
                         FDCE                                         r  uop_p2_q_reg[use_popcount]_rep__2/C
  -------------------------------------------------------------------    -------------------
                         FDCE (Prop_fdce_C_Q)         0.433     1.220 r  uop_p2_q_reg[use_popcount]_rep__2/Q
                         net (fo=4, unplaced)         0.386     1.606    uop_p2_q_reg[use_popcount]_rep__2_n_0
                         LUT3 (Prop_lut3_I1_O)        0.232     1.838 r  lane_popcnt_q[1][6]_i_1/O
                         net (fo=28, unplaced)        0.434     2.272    lane_popcnt_n
                         FDCE                                         r  lane_popcnt_q_reg[2][4]/CE
  -------------------------------------------------------------------    -------------------

                         (clock clk_i rise edge)      6.667     6.667 r  
                                                      0.000     6.667 r  clk_i (IN)
                         net (fo=2885, unset)         0.748     7.415    clk_i
                         FDCE                                         r  lane_popcnt_q_reg[2][4]/C
                         clock pessimism              0.000     7.415    
                         clock uncertainty           -0.035     7.379    
                         FDCE (Setup_fdce_C_CE)      -0.136     7.243    lane_popcnt_q_reg[2][4]
  -------------------------------------------------------------------
                         required time                          7.243    
                         arrival time                          -2.272    
  -------------------------------------------------------------------
                         slack                                  4.971    

Slack (MET) :             4.971ns  (required time - arrival time)
  Source:                 uop_p2_q_reg[use_popcount]_rep__2/C
                            (rising edge-triggered cell FDCE clocked by clk_i  {rise@0.000ns fall@3.333ns period=6.667ns})
  Destination:            lane_popcnt_q_reg[2][5]/CE
                            (rising edge-triggered cell FDCE clocked by clk_i  {rise@0.000ns fall@3.333ns period=6.667ns})
  Path Group:             clk_i
  Path Type:              Setup (Max at Slow Process Corner)
  Requirement:            6.667ns  (clk_i rise@6.667ns - clk_i rise@0.000ns)
  Data Path Delay:        1.485ns  (logic 0.665ns (44.781%)  route 0.820ns (55.219%))
  Logic Levels:           1  (LUT3=1)
  Clock Path Skew:        -0.039ns (DCD - SCD + CPR)
    Destination Clock Delay (DCD):    0.748ns = ( 7.415 - 6.667 ) 
    Source Clock Delay      (SCD):    0.787ns
    Clock Pessimism Removal (CPR):    0.000ns
  Clock Uncertainty:      0.035ns  ((TSJ^2 + TIJ^2)^1/2 + DJ) / 2 + PE
    Total System Jitter     (TSJ):    0.071ns
    Total Input Jitter      (TIJ):    0.000ns
    Discrete Jitter          (DJ):    0.000ns
    Phase Error              (PE):    0.000ns

    Location             Delay type                Incr(ns)  Path(ns)    Netlist Resource(s)
  -------------------------------------------------------------------    -------------------
                         (clock clk_i rise edge)      0.000     0.000 r  
                                                      0.000     0.000 r  clk_i (IN)
                         net (fo=2885, unset)         0.787     0.787    clk_i
                         FDCE                                         r  uop_p2_q_reg[use_popcount]_rep__2/C
  -------------------------------------------------------------------    -------------------
                         FDCE (Prop_fdce_C_Q)         0.433     1.220 r  uop_p2_q_reg[use_popcount]_rep__2/Q
                         net (fo=4, unplaced)         0.386     1.606    uop_p2_q_reg[use_popcount]_rep__2_n_0
                         LUT3 (Prop_lut3_I1_O)        0.232     1.838 r  lane_popcnt_q[1][6]_i_1/O
                         net (fo=28, unplaced)        0.434     2.272    lane_popcnt_n
                         FDCE                                         r  lane_popcnt_q_reg[2][5]/CE
  -------------------------------------------------------------------    -------------------

                         (clock clk_i rise edge)      6.667     6.667 r  
                                                      0.000     6.667 r  clk_i (IN)
                         net (fo=2885, unset)         0.748     7.415    clk_i
                         FDCE                                         r  lane_popcnt_q_reg[2][5]/C
                         clock pessimism              0.000     7.415    
                         clock uncertainty           -0.035     7.379    
                         FDCE (Setup_fdce_C_CE)      -0.136     7.243    lane_popcnt_q_reg[2][5]
  -------------------------------------------------------------------
                         required time                          7.243    
                         arrival time                          -2.272    
  -------------------------------------------------------------------
                         slack                                  4.971    

Slack (MET) :             4.971ns  (required time - arrival time)
  Source:                 uop_p2_q_reg[use_popcount]_rep__2/C
                            (rising edge-triggered cell FDCE clocked by clk_i  {rise@0.000ns fall@3.333ns period=6.667ns})
  Destination:            lane_popcnt_q_reg[2][6]/CE
                            (rising edge-triggered cell FDCE clocked by clk_i  {rise@0.000ns fall@3.333ns period=6.667ns})
  Path Group:             clk_i
  Path Type:              Setup (Max at Slow Process Corner)
  Requirement:            6.667ns  (clk_i rise@6.667ns - clk_i rise@0.000ns)
  Data Path Delay:        1.485ns  (logic 0.665ns (44.781%)  route 0.820ns (55.219%))
  Logic Levels:           1  (LUT3=1)
  Clock Path Skew:        -0.039ns (DCD - SCD + CPR)
    Destination Clock Delay (DCD):    0.748ns = ( 7.415 - 6.667 ) 
    Source Clock Delay      (SCD):    0.787ns
    Clock Pessimism Removal (CPR):    0.000ns
  Clock Uncertainty:      0.035ns  ((TSJ^2 + TIJ^2)^1/2 + DJ) / 2 + PE
    Total System Jitter     (TSJ):    0.071ns
    Total Input Jitter      (TIJ):    0.000ns
    Discrete Jitter          (DJ):    0.000ns
    Phase Error              (PE):    0.000ns

    Location             Delay type                Incr(ns)  Path(ns)    Netlist Resource(s)
  -------------------------------------------------------------------    -------------------
                         (clock clk_i rise edge)      0.000     0.000 r  
                                                      0.000     0.000 r  clk_i (IN)
                         net (fo=2885, unset)         0.787     0.787    clk_i
                         FDCE                                         r  uop_p2_q_reg[use_popcount]_rep__2/C
  -------------------------------------------------------------------    -------------------
                         FDCE (Prop_fdce_C_Q)         0.433     1.220 r  uop_p2_q_reg[use_popcount]_rep__2/Q
                         net (fo=4, unplaced)         0.386     1.606    uop_p2_q_reg[use_popcount]_rep__2_n_0
                         LUT3 (Prop_lut3_I1_O)        0.232     1.838 r  lane_popcnt_q[1][6]_i_1/O
                         net (fo=28, unplaced)        0.434     2.272    lane_popcnt_n
                         FDCE                                         r  lane_popcnt_q_reg[2][6]/CE
  -------------------------------------------------------------------    -------------------

                         (clock clk_i rise edge)      6.667     6.667 r  
                                                      0.000     6.667 r  clk_i (IN)
                         net (fo=2885, unset)         0.748     7.415    clk_i
                         FDCE                                         r  lane_popcnt_q_reg[2][6]/C
                         clock pessimism              0.000     7.415    
                         clock uncertainty           -0.035     7.379    
                         FDCE (Setup_fdce_C_CE)      -0.136     7.243    lane_popcnt_q_reg[2][6]
  -------------------------------------------------------------------
                         required time                          7.243    
                         arrival time                          -2.272    
  -------------------------------------------------------------------
                         slack                                  4.971    

Slack (MET) :             4.971ns  (required time - arrival time)
  Source:                 uop_p2_q_reg[use_popcount]_rep__2/C
                            (rising edge-triggered cell FDCE clocked by clk_i  {rise@0.000ns fall@3.333ns period=6.667ns})
  Destination:            lane_popcnt_q_reg[3][0]/CE
                            (rising edge-triggered cell FDCE clocked by clk_i  {rise@0.000ns fall@3.333ns period=6.667ns})
  Path Group:             clk_i
  Path Type:              Setup (Max at Slow Process Corner)
  Requirement:            6.667ns  (clk_i rise@6.667ns - clk_i rise@0.000ns)
  Data Path Delay:        1.485ns  (logic 0.665ns (44.781%)  route 0.820ns (55.219%))
  Logic Levels:           1  (LUT3=1)
  Clock Path Skew:        -0.039ns (DCD - SCD + CPR)
    Destination Clock Delay (DCD):    0.748ns = ( 7.415 - 6.667 ) 
    Source Clock Delay      (SCD):    0.787ns
    Clock Pessimism Removal (CPR):    0.000ns
  Clock Uncertainty:      0.035ns  ((TSJ^2 + TIJ^2)^1/2 + DJ) / 2 + PE
    Total System Jitter     (TSJ):    0.071ns
    Total Input Jitter      (TIJ):    0.000ns
    Discrete Jitter          (DJ):    0.000ns
    Phase Error              (PE):    0.000ns

    Location             Delay type                Incr(ns)  Path(ns)    Netlist Resource(s)
  -------------------------------------------------------------------    -------------------
                         (clock clk_i rise edge)      0.000     0.000 r  
                                                      0.000     0.000 r  clk_i (IN)
                         net (fo=2885, unset)         0.787     0.787    clk_i
                         FDCE                                         r  uop_p2_q_reg[use_popcount]_rep__2/C
  -------------------------------------------------------------------    -------------------
                         FDCE (Prop_fdce_C_Q)         0.433     1.220 r  uop_p2_q_reg[use_popcount]_rep__2/Q
                         net (fo=4, unplaced)         0.386     1.606    uop_p2_q_reg[use_popcount]_rep__2_n_0
                         LUT3 (Prop_lut3_I1_O)        0.232     1.838 r  lane_popcnt_q[1][6]_i_1/O
                         net (fo=28, unplaced)        0.434     2.272    lane_popcnt_n
                         FDCE                                         r  lane_popcnt_q_reg[3][0]/CE
  -------------------------------------------------------------------    -------------------

                         (clock clk_i rise edge)      6.667     6.667 r  
                                                      0.000     6.667 r  clk_i (IN)
                         net (fo=2885, unset)         0.748     7.415    clk_i
                         FDCE                                         r  lane_popcnt_q_reg[3][0]/C
                         clock pessimism              0.000     7.415    
                         clock uncertainty           -0.035     7.379    
                         FDCE (Setup_fdce_C_CE)      -0.136     7.243    lane_popcnt_q_reg[3][0]
  -------------------------------------------------------------------
                         required time                          7.243    
                         arrival time                          -2.272    
  -------------------------------------------------------------------
                         slack                                  4.971    




