rank,slack_ns,required_time_ns,data_path_delay_ns,logic_delay_ns,route_delay_ns,route_ratio,logic_levels,startpoint,endpoint,path_class,main_cells
1,0.061,5.000,4.936,1.105,3.831,0.776,5,"gen_lane[0].i_p2_pop_slice/bool_result_q_reg[17]/C","gen_lane[0].i_p2_pop_slice/popcount_part_q_o_reg[0][5]/D","P2 popcount capture","FDCE=2;LUT3=1;LUT5=2;LUT6=2"
2,0.061,5.000,4.936,1.105,3.831,0.776,5,"gen_lane[0].i_p2_pop_slice/bool_result_q_reg[49]/C","gen_lane[0].i_p2_pop_slice/popcount_part_q_o_reg[1][5]/D","P2 popcount capture","FDCE=2;LUT3=1;LUT5=2;LUT6=2"
3,0.061,5.000,4.936,1.105,3.831,0.776,5,"gen_lane[1].i_p2_pop_slice/bool_result_q_reg[17]/C","gen_lane[1].i_p2_pop_slice/popcount_part_q_o_reg[0][5]/D","P2 popcount capture","FDCE=2;LUT3=1;LUT5=2;LUT6=2"
4,0.061,5.000,4.936,1.105,3.831,0.776,5,"gen_lane[1].i_p2_pop_slice/bool_result_q_reg[49]/C","gen_lane[1].i_p2_pop_slice/popcount_part_q_o_reg[1][5]/D","P2 popcount capture","FDCE=2;LUT3=1;LUT5=2;LUT6=2"
5,0.061,5.000,4.936,1.105,3.831,0.776,5,"gen_lane[2].i_p2_pop_slice/bool_result_q_reg[17]/C","gen_lane[2].i_p2_pop_slice/popcount_part_q_o_reg[0][5]/D","P2 popcount capture","FDCE=2;LUT3=1;LUT5=2;LUT6=2"
6,0.061,5.000,4.936,1.105,3.831,0.776,5,"gen_lane[2].i_p2_pop_slice/bool_result_q_reg[49]/C","gen_lane[2].i_p2_pop_slice/popcount_part_q_o_reg[1][5]/D","P2 popcount capture","FDCE=2;LUT3=1;LUT5=2;LUT6=2"
7,0.061,5.000,4.936,1.105,3.831,0.776,5,"gen_lane[3].i_p2_pop_slice/bool_result_q_reg[17]/C","gen_lane[3].i_p2_pop_slice/popcount_part_q_o_reg[0][5]/D","P2 popcount capture","FDCE=2;LUT3=1;LUT5=2;LUT6=2"
8,0.061,5.000,4.936,1.105,3.831,0.776,5,"gen_lane[3].i_p2_pop_slice/bool_result_q_reg[49]/C","gen_lane[3].i_p2_pop_slice/popcount_part_q_o_reg[1][5]/D","P2 popcount capture","FDCE=2;LUT3=1;LUT5=2;LUT6=2"
9,0.326,5.000,4.700,2.246,2.454,0.522,7,"gen_lane[0].i_p2_pop_slice/popcount_part_q_o_reg[0][0]/C","group_dist_q_reg[8]/D","P2 popcount capture","CARRY4=4;FDCE=2;LUT3=2;LUT5=1"
10,0.417,5.000,4.580,1.105,3.475,0.759,5,"gen_lane[0].i_p2_pop_slice/bool_result_q_reg[17]/C","gen_lane[0].i_p2_pop_slice/popcount_part_q_o_reg[0][2]/D","P2 popcount capture","FDCE=2;LUT3=2;LUT5=2;LUT6=1"
11,0.417,5.000,4.580,1.105,3.475,0.759,5,"gen_lane[0].i_p2_pop_slice/bool_result_q_reg[17]/C","gen_lane[0].i_p2_pop_slice/popcount_part_q_o_reg[0][3]/D","P2 popcount capture","FDCE=2;LUT3=1;LUT5=3;LUT6=1"
12,0.417,5.000,4.580,1.105,3.475,0.759,5,"gen_lane[0].i_p2_pop_slice/bool_result_q_reg[49]/C","gen_lane[0].i_p2_pop_slice/popcount_part_q_o_reg[1][2]/D","P2 popcount capture","FDCE=2;LUT3=2;LUT5=2;LUT6=1"
13,0.417,5.000,4.580,1.105,3.475,0.759,5,"gen_lane[0].i_p2_pop_slice/bool_result_q_reg[49]/C","gen_lane[0].i_p2_pop_slice/popcount_part_q_o_reg[1][3]/D","P2 popcount capture","FDCE=2;LUT3=1;LUT5=3;LUT6=1"
14,0.417,5.000,4.580,1.105,3.475,0.759,5,"gen_lane[1].i_p2_pop_slice/bool_result_q_reg[17]/C","gen_lane[1].i_p2_pop_slice/popcount_part_q_o_reg[0][2]/D","P2 popcount capture","FDCE=2;LUT3=2;LUT5=2;LUT6=1"
15,0.417,5.000,4.580,1.105,3.475,0.759,5,"gen_lane[1].i_p2_pop_slice/bool_result_q_reg[17]/C","gen_lane[1].i_p2_pop_slice/popcount_part_q_o_reg[0][3]/D","P2 popcount capture","FDCE=2;LUT3=1;LUT5=3;LUT6=1"
16,0.417,5.000,4.580,1.105,3.475,0.759,5,"gen_lane[1].i_p2_pop_slice/bool_result_q_reg[49]/C","gen_lane[1].i_p2_pop_slice/popcount_part_q_o_reg[1][2]/D","P2 popcount capture","FDCE=2;LUT3=2;LUT5=2;LUT6=1"
17,0.417,5.000,4.580,1.105,3.475,0.759,5,"gen_lane[1].i_p2_pop_slice/bool_result_q_reg[49]/C","gen_lane[1].i_p2_pop_slice/popcount_part_q_o_reg[1][3]/D","P2 popcount capture","FDCE=2;LUT3=1;LUT5=3;LUT6=1"
18,0.417,5.000,4.580,1.105,3.475,0.759,5,"gen_lane[2].i_p2_pop_slice/bool_result_q_reg[17]/C","gen_lane[2].i_p2_pop_slice/popcount_part_q_o_reg[0][2]/D","P2 popcount capture","FDCE=2;LUT3=2;LUT5=2;LUT6=1"
19,0.417,5.000,4.580,1.105,3.475,0.759,5,"gen_lane[2].i_p2_pop_slice/bool_result_q_reg[17]/C","gen_lane[2].i_p2_pop_slice/popcount_part_q_o_reg[0][3]/D","P2 popcount capture","FDCE=2;LUT3=1;LUT5=3;LUT6=1"
20,0.417,5.000,4.580,1.105,3.475,0.759,5,"gen_lane[2].i_p2_pop_slice/bool_result_q_reg[49]/C","gen_lane[2].i_p2_pop_slice/popcount_part_q_o_reg[1][2]/D","P2 popcount capture","FDCE=2;LUT3=2;LUT5=2;LUT6=1"
21,0.417,5.000,4.580,1.105,3.475,0.759,5,"gen_lane[2].i_p2_pop_slice/bool_result_q_reg[49]/C","gen_lane[2].i_p2_pop_slice/popcount_part_q_o_reg[1][3]/D","P2 popcount capture","FDCE=2;LUT3=1;LUT5=3;LUT6=1"
22,0.417,5.000,4.580,1.105,3.475,0.759,5,"gen_lane[3].i_p2_pop_slice/bool_result_q_reg[17]/C","gen_lane[3].i_p2_pop_slice/popcount_part_q_o_reg[0][2]/D","P2 popcount capture","FDCE=2;LUT3=2;LUT5=2;LUT6=1"
23,0.417,5.000,4.580,1.105,3.475,0.759,5,"gen_lane[3].i_p2_pop_slice/bool_result_q_reg[17]/C","gen_lane[3].i_p2_pop_slice/popcount_part_q_o_reg[0][3]/D","P2 popcount capture","FDCE=2;LUT3=1;LUT5=3;LUT6=1"
24,0.417,5.000,4.580,1.105,3.475,0.759,5,"gen_lane[3].i_p2_pop_slice/bool_result_q_reg[49]/C","gen_lane[3].i_p2_pop_slice/popcount_part_q_o_reg[1][2]/D","P2 popcount capture","FDCE=2;LUT3=2;LUT5=2;LUT6=1"
25,0.417,5.000,4.580,1.105,3.475,0.759,5,"gen_lane[3].i_p2_pop_slice/bool_result_q_reg[49]/C","gen_lane[3].i_p2_pop_slice/popcount_part_q_o_reg[1][3]/D","P2 popcount capture","FDCE=2;LUT3=1;LUT5=3;LUT6=1"
26,0.426,5.000,4.600,2.146,2.454,0.533,6,"gen_lane[0].i_p2_pop_slice/popcount_part_q_o_reg[0][0]/C","group_dist_q_reg[7]/D","P2 popcount capture","CARRY4=3;FDCE=2;LUT3=2;LUT5=1"
27,0.479,5.000,4.547,2.093,2.454,0.540,6,"gen_lane[0].i_p2_pop_slice/popcount_part_q_o_reg[0][0]/C","group_dist_q_reg[6]/D","P2 popcount capture","CARRY4=3;FDCE=2;LUT3=2;LUT5=1"
28,0.595,5.000,4.431,2.168,2.263,0.511,7,"gen_lane[2].i_p2_pop_slice/popcount_part_q_o_reg[1][0]/C","group_dist_q_reg[5]/D","P2 popcount capture","CARRY4=3;FDCE=2;LUT3=2;LUT5=1;LUT6=1"
29,0.671,5.000,4.326,1.105,3.221,0.745,5,"gen_lane[0].i_p2_pop_slice/bool_result_q_reg[17]/C","gen_lane[0].i_p2_pop_slice/popcount_part_q_o_reg[0][4]/D","P2 popcount capture","FDCE=2;LUT3=1;LUT5=2;LUT6=2"
30,0.671,5.000,4.326,1.105,3.221,0.745,5,"gen_lane[0].i_p2_pop_slice/bool_result_q_reg[49]/C","gen_lane[0].i_p2_pop_slice/popcount_part_q_o_reg[1][4]/D","P2 popcount capture","FDCE=2;LUT3=1;LUT5=2;LUT6=2"
31,0.671,5.000,4.326,1.105,3.221,0.745,5,"gen_lane[1].i_p2_pop_slice/bool_result_q_reg[17]/C","gen_lane[1].i_p2_pop_slice/popcount_part_q_o_reg[0][4]/D","P2 popcount capture","FDCE=2;LUT3=1;LUT5=2;LUT6=2"
32,0.671,5.000,4.326,1.105,3.221,0.745,5,"gen_lane[1].i_p2_pop_slice/bool_result_q_reg[49]/C","gen_lane[1].i_p2_pop_slice/popcount_part_q_o_reg[1][4]/D","P2 popcount capture","FDCE=2;LUT3=1;LUT5=2;LUT6=2"
33,0.671,5.000,4.326,1.105,3.221,0.745,5,"gen_lane[2].i_p2_pop_slice/bool_result_q_reg[17]/C","gen_lane[2].i_p2_pop_slice/popcount_part_q_o_reg[0][4]/D","P2 popcount capture","FDCE=2;LUT3=1;LUT5=2;LUT6=2"
34,0.671,5.000,4.326,1.105,3.221,0.745,5,"gen_lane[2].i_p2_pop_slice/bool_result_q_reg[49]/C","gen_lane[2].i_p2_pop_slice/popcount_part_q_o_reg[1][4]/D","P2 popcount capture","FDCE=2;LUT3=1;LUT5=2;LUT6=2"
35,0.671,5.000,4.326,1.105,3.221,0.745,5,"gen_lane[3].i_p2_pop_slice/bool_result_q_reg[17]/C","gen_lane[3].i_p2_pop_slice/popcount_part_q_o_reg[0][4]/D","P2 popcount capture","FDCE=2;LUT3=1;LUT5=2;LUT6=2"
36,0.671,5.000,4.326,1.105,3.221,0.745,5,"gen_lane[3].i_p2_pop_slice/bool_result_q_reg[49]/C","gen_lane[3].i_p2_pop_slice/popcount_part_q_o_reg[1][4]/D","P2 popcount capture","FDCE=2;LUT3=1;LUT5=2;LUT6=2"
37,0.675,5.000,4.351,2.088,2.263,0.520,7,"gen_lane[2].i_p2_pop_slice/popcount_part_q_o_reg[1][0]/C","group_dist_q_reg[4]/D","P2 popcount capture","CARRY4=3;FDCE=2;LUT3=2;LUT5=1;LUT6=1"
38,0.897,5.000,4.129,1.864,2.265,0.549,5,"gen_lane[2].i_p2_pop_slice/popcount_part_q_o_reg[1][0]/C","group_dist_q_reg[3]/D","P2 popcount capture","CARRY4=2;FDCE=2;LUT3=2;LUT5=1"
39,0.978,5.000,4.019,1.833,2.186,0.544,6,"a_q_reg[4]/C","res_q_reg[1]/D","scalar response","CARRY4=2;FDCE=2;LUT4=1;LUT6=3"
40,0.978,5.000,4.019,1.833,2.186,0.544,6,"a_q_reg[4]/C","st_q_reg[2]/D","TOP control","CARRY4=2;FDCE=2;LUT4=1;LUT6=3"
41,0.978,5.000,4.019,1.833,2.186,0.544,6,"a_q_reg[4]/C","st_q_reg[3]/D","TOP control","CARRY4=2;FDCE=2;LUT4=1;LUT6=3"
42,1.128,5.000,3.869,1.000,2.869,0.742,4,"gen_lane[0].i_p2_pop_slice/bool_result_q_reg[17]/C","gen_lane[0].i_p2_pop_slice/popcount_part_q_o_reg[0][1]/D","P2 popcount capture","FDCE=2;LUT3=1;LUT5=2;LUT6=1"
43,1.128,5.000,3.869,1.000,2.869,0.742,4,"gen_lane[0].i_p2_pop_slice/bool_result_q_reg[49]/C","gen_lane[0].i_p2_pop_slice/popcount_part_q_o_reg[1][1]/D","P2 popcount capture","FDCE=2;LUT3=1;LUT5=2;LUT6=1"
44,1.128,5.000,3.869,1.000,2.869,0.742,4,"gen_lane[1].i_p2_pop_slice/bool_result_q_reg[17]/C","gen_lane[1].i_p2_pop_slice/popcount_part_q_o_reg[0][1]/D","P2 popcount capture","FDCE=2;LUT3=1;LUT5=2;LUT6=1"
45,1.128,5.000,3.869,1.000,2.869,0.742,4,"gen_lane[1].i_p2_pop_slice/bool_result_q_reg[49]/C","gen_lane[1].i_p2_pop_slice/popcount_part_q_o_reg[1][1]/D","P2 popcount capture","FDCE=2;LUT3=1;LUT5=2;LUT6=1"
46,1.128,5.000,3.869,1.000,2.869,0.742,4,"gen_lane[2].i_p2_pop_slice/bool_result_q_reg[17]/C","gen_lane[2].i_p2_pop_slice/popcount_part_q_o_reg[0][1]/D","P2 popcount capture","FDCE=2;LUT3=1;LUT5=2;LUT6=1"
47,1.128,5.000,3.869,1.000,2.869,0.742,4,"gen_lane[2].i_p2_pop_slice/bool_result_q_reg[49]/C","gen_lane[2].i_p2_pop_slice/popcount_part_q_o_reg[1][1]/D","P2 popcount capture","FDCE=2;LUT3=1;LUT5=2;LUT6=1"
48,1.128,5.000,3.869,1.000,2.869,0.742,4,"gen_lane[3].i_p2_pop_slice/bool_result_q_reg[17]/C","gen_lane[3].i_p2_pop_slice/popcount_part_q_o_reg[0][1]/D","P2 popcount capture","FDCE=2;LUT3=1;LUT5=2;LUT6=1"
49,1.128,5.000,3.869,1.000,2.869,0.742,4,"gen_lane[3].i_p2_pop_slice/bool_result_q_reg[49]/C","gen_lane[3].i_p2_pop_slice/popcount_part_q_o_reg[1][1]/D","P2 popcount capture","FDCE=2;LUT3=1;LUT5=2;LUT6=1"
50,1.221,5.000,3.776,1.085,2.691,0.713,5,"uop_p2_q_reg[use_shift]/C","lane_result_q_reg[0][32]/D","P2 lane result capture","FDCE=2;LUT3=1;LUT6=4"
51,1.221,5.000,3.776,1.085,2.691,0.713,5,"uop_p2_q_reg[use_shift]/C","lane_result_q_reg[0][33]/D","P2 lane result capture","FDCE=2;LUT3=1;LUT6=4"
52,1.221,5.000,3.776,1.085,2.691,0.713,5,"uop_p2_q_reg[use_shift]/C","lane_result_q_reg[0][34]/D","P2 lane result capture","FDCE=2;LUT3=1;LUT6=4"
53,1.221,5.000,3.776,1.085,2.691,0.713,5,"uop_p2_q_reg[use_shift]/C","lane_result_q_reg[0][35]/D","P2 lane result capture","FDCE=2;LUT3=1;LUT5=1;LUT6=3"
54,1.221,5.000,3.776,1.085,2.691,0.713,5,"uop_p2_q_reg[use_shift]/C","lane_result_q_reg[0][40]/D","P2 lane result capture","FDCE=2;LUT3=1;LUT6=4"
55,1.221,5.000,3.776,1.085,2.691,0.713,5,"uop_p2_q_reg[use_shift]/C","lane_result_q_reg[0][41]/D","P2 lane result capture","FDCE=2;LUT3=1;LUT6=4"
56,1.221,5.000,3.776,1.085,2.691,0.713,5,"uop_p2_q_reg[use_shift]/C","lane_result_q_reg[0][42]/D","P2 lane result capture","FDCE=2;LUT3=1;LUT6=4"
57,1.221,5.000,3.776,1.085,2.691,0.713,5,"uop_p2_q_reg[use_shift]/C","lane_result_q_reg[0][43]/D","P2 lane result capture","FDCE=2;LUT3=1;LUT5=1;LUT6=3"
58,1.221,5.000,3.776,1.085,2.691,0.713,5,"uop_p2_q_reg[use_shift]/C","lane_result_q_reg[0][48]/D","P2 lane result capture","FDCE=2;LUT3=1;LUT6=4"
59,1.221,5.000,3.776,1.085,2.691,0.713,5,"uop_p2_q_reg[use_shift]/C","lane_result_q_reg[0][49]/D","P2 lane result capture","FDCE=2;LUT3=1;LUT6=4"
60,1.221,5.000,3.776,1.085,2.691,0.713,5,"uop_p2_q_reg[use_shift]/C","lane_result_q_reg[0][50]/D","P2 lane result capture","FDCE=2;LUT3=1;LUT6=4"
61,1.221,5.000,3.776,1.085,2.691,0.713,5,"uop_p2_q_reg[use_shift]/C","lane_result_q_reg[0][51]/D","P2 lane result capture","FDCE=2;LUT3=1;LUT5=1;LUT6=3"
62,1.221,5.000,3.776,1.085,2.691,0.713,5,"uop_p2_q_reg[use_shift]/C","lane_result_q_reg[0][56]/D","P2 lane result capture","FDCE=2;LUT3=1;LUT6=4"
63,1.221,5.000,3.776,1.085,2.691,0.713,5,"uop_p2_q_reg[use_shift]/C","lane_result_q_reg[0][57]/D","P2 lane result capture","FDCE=2;LUT3=1;LUT6=4"
64,1.221,5.000,3.776,1.085,2.691,0.713,5,"uop_p2_q_reg[use_shift]/C","lane_result_q_reg[0][58]/D","P2 lane result capture","FDCE=2;LUT3=1;LUT6=4"
65,1.221,5.000,3.776,1.085,2.691,0.713,5,"uop_p2_q_reg[use_shift]/C","lane_result_q_reg[0][59]/D","P2 lane result capture","FDCE=2;LUT3=1;LUT5=1;LUT6=3"
66,1.221,5.000,3.776,1.085,2.691,0.713,5,"uop_p2_q_reg[use_shift]/C","lane_result_q_reg[1][0]/D","P2 lane result capture","FDCE=2;LUT3=1;LUT6=4"
67,1.221,5.000,3.776,1.085,2.691,0.713,5,"uop_p2_q_reg[use_shift]/C","lane_result_q_reg[1][10]/D","P2 lane result capture","FDCE=2;LUT3=1;LUT6=4"
68,1.221,5.000,3.776,1.085,2.691,0.713,5,"uop_p2_q_reg[use_shift]/C","lane_result_q_reg[1][11]/D","P2 lane result capture","FDCE=2;LUT3=1;LUT5=1;LUT6=3"
69,1.221,5.000,3.776,1.085,2.691,0.713,5,"uop_p2_q_reg[use_shift]/C","lane_result_q_reg[1][16]/D","P2 lane result capture","FDCE=2;LUT3=1;LUT6=4"
70,1.221,5.000,3.776,1.085,2.691,0.713,5,"uop_p2_q_reg[use_shift]/C","lane_result_q_reg[1][17]/D","P2 lane result capture","FDCE=2;LUT3=1;LUT6=4"
71,1.221,5.000,3.776,1.085,2.691,0.713,5,"uop_p2_q_reg[use_shift]/C","lane_result_q_reg[1][18]/D","P2 lane result capture","FDCE=2;LUT3=1;LUT6=4"
72,1.221,5.000,3.776,1.085,2.691,0.713,5,"uop_p2_q_reg[use_shift]/C","lane_result_q_reg[1][19]/D","P2 lane result capture","FDCE=2;LUT3=1;LUT5=1;LUT6=3"
73,1.221,5.000,3.776,1.085,2.691,0.713,5,"uop_p2_q_reg[use_shift]/C","lane_result_q_reg[1][1]/D","P2 lane result capture","FDCE=2;LUT3=1;LUT6=4"
74,1.221,5.000,3.776,1.085,2.691,0.713,5,"uop_p2_q_reg[use_shift]/C","lane_result_q_reg[1][24]/D","P2 lane result capture","FDCE=2;LUT3=1;LUT6=4"
75,1.221,5.000,3.776,1.085,2.691,0.713,5,"uop_p2_q_reg[use_shift]/C","lane_result_q_reg[1][25]/D","P2 lane result capture","FDCE=2;LUT3=1;LUT6=4"
76,1.221,5.000,3.776,1.085,2.691,0.713,5,"uop_p2_q_reg[use_shift]/C","lane_result_q_reg[1][26]/D","P2 lane result capture","FDCE=2;LUT3=1;LUT6=4"
77,1.221,5.000,3.776,1.085,2.691,0.713,5,"uop_p2_q_reg[use_shift]/C","lane_result_q_reg[1][27]/D","P2 lane result capture","FDCE=2;LUT3=1;LUT5=1;LUT6=3"
78,1.221,5.000,3.776,1.085,2.691,0.713,5,"uop_p2_q_reg[use_shift]/C","lane_result_q_reg[1][2]/D","P2 lane result capture","FDCE=2;LUT3=1;LUT6=4"
79,1.221,5.000,3.776,1.085,2.691,0.713,5,"uop_p2_q_reg[use_shift]/C","lane_result_q_reg[1][32]/D","P2 lane result capture","FDCE=2;LUT3=1;LUT6=4"
80,1.221,5.000,3.776,1.085,2.691,0.713,5,"uop_p2_q_reg[use_shift]/C","lane_result_q_reg[1][33]/D","P2 lane result capture","FDCE=2;LUT3=1;LUT6=4"
81,1.221,5.000,3.776,1.085,2.691,0.713,5,"uop_p2_q_reg[use_shift]/C","lane_result_q_reg[1][34]/D","P2 lane result capture","FDCE=2;LUT3=1;LUT6=4"
82,1.221,5.000,3.776,1.085,2.691,0.713,5,"uop_p2_q_reg[use_shift]/C","lane_result_q_reg[1][35]/D","P2 lane result capture","FDCE=2;LUT3=1;LUT5=1;LUT6=3"
83,1.221,5.000,3.776,1.085,2.691,0.713,5,"uop_p2_q_reg[use_shift]/C","lane_result_q_reg[1][3]/D","P2 lane result capture","FDCE=2;LUT3=1;LUT5=1;LUT6=3"
84,1.221,5.000,3.776,1.085,2.691,0.713,5,"uop_p2_q_reg[use_shift]/C","lane_result_q_reg[1][40]/D","P2 lane result capture","FDCE=2;LUT3=1;LUT6=4"
85,1.221,5.000,3.776,1.085,2.691,0.713,5,"uop_p2_q_reg[use_shift]/C","lane_result_q_reg[1][41]/D","P2 lane result capture","FDCE=2;LUT3=1;LUT6=4"
86,1.221,5.000,3.776,1.085,2.691,0.713,5,"uop_p2_q_reg[use_shift]/C","lane_result_q_reg[1][42]/D","P2 lane result capture","FDCE=2;LUT3=1;LUT6=4"
87,1.221,5.000,3.776,1.085,2.691,0.713,5,"uop_p2_q_reg[use_shift]/C","lane_result_q_reg[1][43]/D","P2 lane result capture","FDCE=2;LUT3=1;LUT5=1;LUT6=3"
88,1.221,5.000,3.776,1.085,2.691,0.713,5,"uop_p2_q_reg[use_shift]/C","lane_result_q_reg[1][48]/D","P2 lane result capture","FDCE=2;LUT3=1;LUT6=4"
89,1.221,5.000,3.776,1.085,2.691,0.713,5,"uop_p2_q_reg[use_shift]/C","lane_result_q_reg[1][49]/D","P2 lane result capture","FDCE=2;LUT3=1;LUT6=4"
90,1.221,5.000,3.776,1.085,2.691,0.713,5,"uop_p2_q_reg[use_shift]/C","lane_result_q_reg[1][50]/D","P2 lane result capture","FDCE=2;LUT3=1;LUT6=4"
91,1.221,5.000,3.776,1.085,2.691,0.713,5,"uop_p2_q_reg[use_shift]/C","lane_result_q_reg[1][51]/D","P2 lane result capture","FDCE=2;LUT3=1;LUT5=1;LUT6=3"
92,1.221,5.000,3.776,1.085,2.691,0.713,5,"uop_p2_q_reg[use_shift]/C","lane_result_q_reg[1][56]/D","P2 lane result capture","FDCE=2;LUT3=1;LUT6=4"
93,1.221,5.000,3.776,1.085,2.691,0.713,5,"uop_p2_q_reg[use_shift]/C","lane_result_q_reg[1][57]/D","P2 lane result capture","FDCE=2;LUT3=1;LUT6=4"
94,1.221,5.000,3.776,1.085,2.691,0.713,5,"uop_p2_q_reg[use_shift]/C","lane_result_q_reg[1][58]/D","P2 lane result capture","FDCE=2;LUT3=1;LUT6=4"
95,1.221,5.000,3.776,1.085,2.691,0.713,5,"uop_p2_q_reg[use_shift]/C","lane_result_q_reg[1][59]/D","P2 lane result capture","FDCE=2;LUT3=1;LUT5=1;LUT6=3"
96,1.221,5.000,3.776,1.085,2.691,0.713,5,"uop_p2_q_reg[use_shift]/C","lane_result_q_reg[1][8]/D","P2 lane result capture","FDCE=2;LUT3=1;LUT6=4"
97,1.221,5.000,3.776,1.085,2.691,0.713,5,"uop_p2_q_reg[use_shift]/C","lane_result_q_reg[1][9]/D","P2 lane result capture","FDCE=2;LUT3=1;LUT6=4"
98,1.221,5.000,3.776,1.085,2.691,0.713,5,"uop_p2_q_reg[use_shift]/C","lane_result_q_reg[2][0]/D","P2 lane result capture","FDCE=2;LUT3=1;LUT6=4"
99,1.221,5.000,3.776,1.085,2.691,0.713,5,"uop_p2_q_reg[use_shift]/C","lane_result_q_reg[2][10]/D","P2 lane result capture","FDCE=2;LUT3=1;LUT6=4"
100,1.221,5.000,3.776,1.085,2.691,0.713,5,"uop_p2_q_reg[use_shift]/C","lane_result_q_reg[2][11]/D","P2 lane result capture","FDCE=2;LUT3=1;LUT5=1;LUT6=3"
101,1.221,5.000,3.776,1.085,2.691,0.713,5,"uop_p2_q_reg[use_shift]/C","lane_result_q_reg[2][16]/D","P2 lane result capture","FDCE=2;LUT3=1;LUT6=4"
102,1.221,5.000,3.776,1.085,2.691,0.713,5,"uop_p2_q_reg[use_shift]/C","lane_result_q_reg[2][17]/D","P2 lane result capture","FDCE=2;LUT3=1;LUT6=4"
103,1.221,5.000,3.776,1.085,2.691,0.713,5,"uop_p2_q_reg[use_shift]/C","lane_result_q_reg[2][18]/D","P2 lane result capture","FDCE=2;LUT3=1;LUT6=4"
104,1.221,5.000,3.776,1.085,2.691,0.713,5,"uop_p2_q_reg[use_shift]/C","lane_result_q_reg[2][19]/D","P2 lane result capture","FDCE=2;LUT3=1;LUT5=1;LUT6=3"
105,1.221,5.000,3.776,1.085,2.691,0.713,5,"uop_p2_q_reg[use_shift]/C","lane_result_q_reg[2][1]/D","P2 lane result capture","FDCE=2;LUT3=1;LUT6=4"
106,1.221,5.000,3.776,1.085,2.691,0.713,5,"uop_p2_q_reg[use_shift]/C","lane_result_q_reg[2][24]/D","P2 lane result capture","FDCE=2;LUT3=1;LUT6=4"
107,1.221,5.000,3.776,1.085,2.691,0.713,5,"uop_p2_q_reg[use_shift]/C","lane_result_q_reg[2][25]/D","P2 lane result capture","FDCE=2;LUT3=1;LUT6=4"
108,1.221,5.000,3.776,1.085,2.691,0.713,5,"uop_p2_q_reg[use_shift]/C","lane_result_q_reg[2][26]/D","P2 lane result capture","FDCE=2;LUT3=1;LUT6=4"
109,1.221,5.000,3.776,1.085,2.691,0.713,5,"uop_p2_q_reg[use_shift]/C","lane_result_q_reg[2][27]/D","P2 lane result capture","FDCE=2;LUT3=1;LUT5=1;LUT6=3"
110,1.221,5.000,3.776,1.085,2.691,0.713,5,"uop_p2_q_reg[use_shift]/C","lane_result_q_reg[2][2]/D","P2 lane result capture","FDCE=2;LUT3=1;LUT6=4"
111,1.221,5.000,3.776,1.085,2.691,0.713,5,"uop_p2_q_reg[use_shift]/C","lane_result_q_reg[2][32]/D","P2 lane result capture","FDCE=2;LUT3=1;LUT6=4"
112,1.221,5.000,3.776,1.085,2.691,0.713,5,"uop_p2_q_reg[use_shift]/C","lane_result_q_reg[2][33]/D","P2 lane result capture","FDCE=2;LUT3=1;LUT6=4"
113,1.221,5.000,3.776,1.085,2.691,0.713,5,"uop_p2_q_reg[use_shift]/C","lane_result_q_reg[2][34]/D","P2 lane result capture","FDCE=2;LUT3=1;LUT6=4"
114,1.221,5.000,3.776,1.085,2.691,0.713,5,"uop_p2_q_reg[use_shift]/C","lane_result_q_reg[2][35]/D","P2 lane result capture","FDCE=2;LUT3=1;LUT5=1;LUT6=3"
115,1.221,5.000,3.776,1.085,2.691,0.713,5,"uop_p2_q_reg[use_shift]/C","lane_result_q_reg[2][3]/D","P2 lane result capture","FDCE=2;LUT3=1;LUT5=1;LUT6=3"
116,1.221,5.000,3.776,1.085,2.691,0.713,5,"uop_p2_q_reg[use_shift]/C","lane_result_q_reg[2][40]/D","P2 lane result capture","FDCE=2;LUT3=1;LUT6=4"
117,1.221,5.000,3.776,1.085,2.691,0.713,5,"uop_p2_q_reg[use_shift]/C","lane_result_q_reg[2][41]/D","P2 lane result capture","FDCE=2;LUT3=1;LUT6=4"
118,1.221,5.000,3.776,1.085,2.691,0.713,5,"uop_p2_q_reg[use_shift]/C","lane_result_q_reg[2][42]/D","P2 lane result capture","FDCE=2;LUT3=1;LUT6=4"
119,1.221,5.000,3.776,1.085,2.691,0.713,5,"uop_p2_q_reg[use_shift]/C","lane_result_q_reg[2][43]/D","P2 lane result capture","FDCE=2;LUT3=1;LUT5=1;LUT6=3"
120,1.221,5.000,3.776,1.085,2.691,0.713,5,"uop_p2_q_reg[use_shift]/C","lane_result_q_reg[2][48]/D","P2 lane result capture","FDCE=2;LUT3=1;LUT6=4"
121,1.221,5.000,3.776,1.085,2.691,0.713,5,"uop_p2_q_reg[use_shift]/C","lane_result_q_reg[2][49]/D","P2 lane result capture","FDCE=2;LUT3=1;LUT6=4"
122,1.221,5.000,3.776,1.085,2.691,0.713,5,"uop_p2_q_reg[use_shift]/C","lane_result_q_reg[2][50]/D","P2 lane result capture","FDCE=2;LUT3=1;LUT6=4"
123,1.221,5.000,3.776,1.085,2.691,0.713,5,"uop_p2_q_reg[use_shift]/C","lane_result_q_reg[2][51]/D","P2 lane result capture","FDCE=2;LUT3=1;LUT5=1;LUT6=3"
124,1.221,5.000,3.776,1.085,2.691,0.713,5,"uop_p2_q_reg[use_shift]/C","lane_result_q_reg[2][56]/D","P2 lane result capture","FDCE=2;LUT3=1;LUT6=4"
125,1.221,5.000,3.776,1.085,2.691,0.713,5,"uop_p2_q_reg[use_shift]/C","lane_result_q_reg[2][57]/D","P2 lane result capture","FDCE=2;LUT3=1;LUT6=4"
126,1.221,5.000,3.776,1.085,2.691,0.713,5,"uop_p2_q_reg[use_shift]/C","lane_result_q_reg[2][58]/D","P2 lane result capture","FDCE=2;LUT3=1;LUT6=4"
127,1.221,5.000,3.776,1.085,2.691,0.713,5,"uop_p2_q_reg[use_shift]/C","lane_result_q_reg[2][59]/D","P2 lane result capture","FDCE=2;LUT3=1;LUT5=1;LUT6=3"
128,1.221,5.000,3.776,1.085,2.691,0.713,5,"uop_p2_q_reg[use_shift]/C","lane_result_q_reg[2][8]/D","P2 lane result capture","FDCE=2;LUT3=1;LUT6=4"
129,1.221,5.000,3.776,1.085,2.691,0.713,5,"uop_p2_q_reg[use_shift]/C","lane_result_q_reg[2][9]/D","P2 lane result capture","FDCE=2;LUT3=1;LUT6=4"
130,1.221,5.000,3.776,1.085,2.691,0.713,5,"uop_p2_q_reg[use_shift]/C","lane_result_q_reg[3][0]/D","P2 lane result capture","FDCE=2;LUT3=1;LUT6=4"
131,1.221,5.000,3.776,1.085,2.691,0.713,5,"uop_p2_q_reg[use_shift]/C","lane_result_q_reg[3][10]/D","P2 lane result capture","FDCE=2;LUT3=1;LUT6=4"
132,1.221,5.000,3.776,1.085,2.691,0.713,5,"uop_p2_q_reg[use_shift]/C","lane_result_q_reg[3][11]/D","P2 lane result capture","FDCE=2;LUT3=1;LUT5=1;LUT6=3"
133,1.221,5.000,3.776,1.085,2.691,0.713,5,"uop_p2_q_reg[use_shift]/C","lane_result_q_reg[3][16]/D","P2 lane result capture","FDCE=2;LUT3=1;LUT6=4"
134,1.221,5.000,3.776,1.085,2.691,0.713,5,"uop_p2_q_reg[use_shift]/C","lane_result_q_reg[3][17]/D","P2 lane result capture","FDCE=2;LUT3=1;LUT6=4"
135,1.221,5.000,3.776,1.085,2.691,0.713,5,"uop_p2_q_reg[use_shift]/C","lane_result_q_reg[3][18]/D","P2 lane result capture","FDCE=2;LUT3=1;LUT6=4"
136,1.221,5.000,3.776,1.085,2.691,0.713,5,"uop_p2_q_reg[use_shift]/C","lane_result_q_reg[3][19]/D","P2 lane result capture","FDCE=2;LUT3=1;LUT5=1;LUT6=3"
137,1.221,5.000,3.776,1.085,2.691,0.713,5,"uop_p2_q_reg[use_shift]/C","lane_result_q_reg[3][1]/D","P2 lane result capture","FDCE=2;LUT3=1;LUT6=4"
138,1.221,5.000,3.776,1.085,2.691,0.713,5,"uop_p2_q_reg[use_shift]/C","lane_result_q_reg[3][24]/D","P2 lane result capture","FDCE=2;LUT3=1;LUT6=4"
139,1.221,5.000,3.776,1.085,2.691,0.713,5,"uop_p2_q_reg[use_shift]/C","lane_result_q_reg[3][25]/D","P2 lane result capture","FDCE=2;LUT3=1;LUT6=4"
140,1.221,5.000,3.776,1.085,2.691,0.713,5,"uop_p2_q_reg[use_shift]/C","lane_result_q_reg[3][26]/D","P2 lane result capture","FDCE=2;LUT3=1;LUT6=4"
141,1.221,5.000,3.776,1.085,2.691,0.713,5,"uop_p2_q_reg[use_shift]/C","lane_result_q_reg[3][27]/D","P2 lane result capture","FDCE=2;LUT3=1;LUT5=1;LUT6=3"
142,1.221,5.000,3.776,1.085,2.691,0.713,5,"uop_p2_q_reg[use_shift]/C","lane_result_q_reg[3][2]/D","P2 lane result capture","FDCE=2;LUT3=1;LUT6=4"
143,1.221,5.000,3.776,1.085,2.691,0.713,5,"uop_p2_q_reg[use_shift]/C","lane_result_q_reg[3][32]/D","P2 lane result capture","FDCE=2;LUT3=1;LUT6=4"
144,1.221,5.000,3.776,1.085,2.691,0.713,5,"uop_p2_q_reg[use_shift]/C","lane_result_q_reg[3][33]/D","P2 lane result capture","FDCE=2;LUT3=1;LUT6=4"
145,1.221,5.000,3.776,1.085,2.691,0.713,5,"uop_p2_q_reg[use_shift]/C","lane_result_q_reg[3][34]/D","P2 lane result capture","FDCE=2;LUT3=1;LUT6=4"
146,1.221,5.000,3.776,1.085,2.691,0.713,5,"uop_p2_q_reg[use_shift]/C","lane_result_q_reg[3][35]/D","P2 lane result capture","FDCE=2;LUT3=1;LUT5=1;LUT6=3"
147,1.221,5.000,3.776,1.085,2.691,0.713,5,"uop_p2_q_reg[use_shift]/C","lane_result_q_reg[3][3]/D","P2 lane result capture","FDCE=2;LUT3=1;LUT5=1;LUT6=3"
148,1.221,5.000,3.776,1.085,2.691,0.713,5,"uop_p2_q_reg[use_shift]/C","lane_result_q_reg[3][40]/D","P2 lane result capture","FDCE=2;LUT3=1;LUT6=4"
149,1.221,5.000,3.776,1.085,2.691,0.713,5,"uop_p2_q_reg[use_shift]/C","lane_result_q_reg[3][41]/D","P2 lane result capture","FDCE=2;LUT3=1;LUT6=4"
150,1.221,5.000,3.776,1.085,2.691,0.713,5,"uop_p2_q_reg[use_shift]/C","lane_result_q_reg[3][42]/D","P2 lane result capture","FDCE=2;LUT3=1;LUT6=4"
151,1.221,5.000,3.776,1.085,2.691,0.713,5,"uop_p2_q_reg[use_shift]/C","lane_result_q_reg[3][43]/D","P2 lane result capture","FDCE=2;LUT3=1;LUT5=1;LUT6=3"
152,1.221,5.000,3.776,1.085,2.691,0.713,5,"uop_p2_q_reg[use_shift]/C","lane_result_q_reg[3][48]/D","P2 lane result capture","FDCE=2;LUT3=1;LUT6=4"
153,1.221,5.000,3.776,1.085,2.691,0.713,5,"uop_p2_q_reg[use_shift]/C","lane_result_q_reg[3][49]/D","P2 lane result capture","FDCE=2;LUT3=1;LUT6=4"
154,1.221,5.000,3.776,1.085,2.691,0.713,5,"uop_p2_q_reg[use_shift]/C","lane_result_q_reg[3][50]/D","P2 lane result capture","FDCE=2;LUT3=1;LUT6=4"
155,1.221,5.000,3.776,1.085,2.691,0.713,5,"uop_p2_q_reg[use_shift]/C","lane_result_q_reg[3][51]/D","P2 lane result capture","FDCE=2;LUT3=1;LUT5=1;LUT6=3"
156,1.221,5.000,3.776,1.085,2.691,0.713,5,"uop_p2_q_reg[use_shift]/C","lane_result_q_reg[3][56]/D","P2 lane result capture","FDCE=2;LUT3=1;LUT6=4"
157,1.221,5.000,3.776,1.085,2.691,0.713,5,"uop_p2_q_reg[use_shift]/C","lane_result_q_reg[3][57]/D","P2 lane result capture","FDCE=2;LUT3=1;LUT6=4"
158,1.221,5.000,3.776,1.085,2.691,0.713,5,"uop_p2_q_reg[use_shift]/C","lane_result_q_reg[3][58]/D","P2 lane result capture","FDCE=2;LUT3=1;LUT6=4"
159,1.221,5.000,3.776,1.085,2.691,0.713,5,"uop_p2_q_reg[use_shift]/C","lane_result_q_reg[3][59]/D","P2 lane result capture","FDCE=2;LUT3=1;LUT5=1;LUT6=3"
160,1.221,5.000,3.776,1.085,2.691,0.713,5,"uop_p2_q_reg[use_shift]/C","lane_result_q_reg[3][8]/D","P2 lane result capture","FDCE=2;LUT3=1;LUT6=4"
161,1.221,5.000,3.776,1.085,2.691,0.713,5,"uop_p2_q_reg[use_shift]/C","lane_result_q_reg[3][9]/D","P2 lane result capture","FDCE=2;LUT3=1;LUT6=4"
162,1.232,5.000,3.765,1.085,2.680,0.712,5,"uop_p2_q_reg[use_shift]/C","lane_result_q_reg[0][10]/D","P2 lane result capture","FDCE=2;LUT3=1;LUT6=4"
163,1.232,5.000,3.765,1.085,2.680,0.712,5,"uop_p2_q_reg[use_shift]/C","lane_result_q_reg[0][11]/D","P2 lane result capture","FDCE=2;LUT3=1;LUT5=1;LUT6=3"
164,1.232,5.000,3.765,1.085,2.680,0.712,5,"uop_p2_q_reg[use_shift]/C","lane_result_q_reg[0][16]/D","P2 lane result capture","FDCE=2;LUT3=1;LUT6=4"
165,1.232,5.000,3.765,1.085,2.680,0.712,5,"uop_p2_q_reg[use_shift]/C","lane_result_q_reg[0][17]/D","P2 lane result capture","FDCE=2;LUT3=1;LUT6=4"
166,1.232,5.000,3.765,1.085,2.680,0.712,5,"uop_p2_q_reg[use_shift]/C","lane_result_q_reg[0][18]/D","P2 lane result capture","FDCE=2;LUT3=1;LUT6=4"
167,1.232,5.000,3.765,1.085,2.680,0.712,5,"uop_p2_q_reg[use_shift]/C","lane_result_q_reg[0][19]/D","P2 lane result capture","FDCE=2;LUT3=1;LUT5=1;LUT6=3"
168,1.232,5.000,3.765,1.085,2.680,0.712,5,"uop_p2_q_reg[use_shift]/C","lane_result_q_reg[0][24]/D","P2 lane result capture","FDCE=2;LUT3=1;LUT6=4"
169,1.232,5.000,3.765,1.085,2.680,0.712,5,"uop_p2_q_reg[use_shift]/C","lane_result_q_reg[0][25]/D","P2 lane result capture","FDCE=2;LUT3=1;LUT6=4"
170,1.232,5.000,3.765,1.085,2.680,0.712,5,"uop_p2_q_reg[use_shift]/C","lane_result_q_reg[0][26]/D","P2 lane result capture","FDCE=2;LUT3=1;LUT6=4"
171,1.232,5.000,3.765,1.085,2.680,0.712,5,"uop_p2_q_reg[use_shift]/C","lane_result_q_reg[0][27]/D","P2 lane result capture","FDCE=2;LUT3=1;LUT5=1;LUT6=3"
172,1.232,5.000,3.765,1.085,2.680,0.712,5,"uop_p2_q_reg[use_shift]/C","lane_result_q_reg[0][8]/D","P2 lane result capture","FDCE=2;LUT3=1;LUT6=4"
173,1.232,5.000,3.765,1.085,2.680,0.712,5,"uop_p2_q_reg[use_shift]/C","lane_result_q_reg[0][9]/D","P2 lane result capture","FDCE=2;LUT3=1;LUT6=4"
174,1.238,5.000,3.759,1.085,2.674,0.711,5,"uop_p2_q_reg[use_shift]/C","lane_result_q_reg[0][0]/D","P2 lane result capture","FDCE=2;LUT3=1;LUT6=4"
175,1.238,5.000,3.759,1.085,2.674,0.711,5,"uop_p2_q_reg[use_shift]/C","lane_result_q_reg[0][1]/D","P2 lane result capture","FDCE=2;LUT3=1;LUT6=4"
176,1.238,5.000,3.759,1.085,2.674,0.711,5,"uop_p2_q_reg[use_shift]/C","lane_result_q_reg[0][2]/D","P2 lane result capture","FDCE=2;LUT3=1;LUT6=4"
177,1.238,5.000,3.759,1.085,2.674,0.711,5,"uop_p2_q_reg[use_shift]/C","lane_result_q_reg[0][3]/D","P2 lane result capture","FDCE=2;LUT3=1;LUT5=1;LUT6=3"
178,1.308,5.000,3.689,1.085,2.604,0.706,5,"uop_p2_q_reg[use_shift]/C","lane_result_q_reg[0][36]/D","P2 lane result capture","FDCE=2;LUT3=1;LUT6=4"
179,1.308,5.000,3.689,1.085,2.604,0.706,5,"uop_p2_q_reg[use_shift]/C","lane_result_q_reg[0][37]/D","P2 lane result capture","FDCE=2;LUT3=1;LUT6=4"
180,1.308,5.000,3.689,1.085,2.604,0.706,5,"uop_p2_q_reg[use_shift]/C","lane_result_q_reg[0][38]/D","P2 lane result capture","FDCE=2;LUT3=1;LUT6=4"
181,1.308,5.000,3.689,1.085,2.604,0.706,5,"uop_p2_q_reg[use_shift]/C","lane_result_q_reg[0][39]/D","P2 lane result capture","FDCE=2;LUT3=1;LUT5=1;LUT6=3"
182,1.308,5.000,3.689,1.085,2.604,0.706,5,"uop_p2_q_reg[use_shift]/C","lane_result_q_reg[0][44]/D","P2 lane result capture","FDCE=2;LUT3=1;LUT6=4"
183,1.308,5.000,3.689,1.085,2.604,0.706,5,"uop_p2_q_reg[use_shift]/C","lane_result_q_reg[0][45]/D","P2 lane result capture","FDCE=2;LUT3=1;LUT6=4"
184,1.308,5.000,3.689,1.085,2.604,0.706,5,"uop_p2_q_reg[use_shift]/C","lane_result_q_reg[0][46]/D","P2 lane result capture","FDCE=2;LUT3=1;LUT6=4"
185,1.308,5.000,3.689,1.085,2.604,0.706,5,"uop_p2_q_reg[use_shift]/C","lane_result_q_reg[0][47]/D","P2 lane result capture","FDCE=2;LUT3=1;LUT5=1;LUT6=3"
186,1.308,5.000,3.689,1.085,2.604,0.706,5,"uop_p2_q_reg[use_shift]/C","lane_result_q_reg[0][52]/D","P2 lane result capture","FDCE=2;LUT3=1;LUT6=4"
187,1.308,5.000,3.689,1.085,2.604,0.706,5,"uop_p2_q_reg[use_shift]/C","lane_result_q_reg[0][53]/D","P2 lane result capture","FDCE=2;LUT3=1;LUT6=4"
188,1.308,5.000,3.689,1.085,2.604,0.706,5,"uop_p2_q_reg[use_shift]/C","lane_result_q_reg[0][54]/D","P2 lane result capture","FDCE=2;LUT3=1;LUT6=4"
189,1.308,5.000,3.689,1.085,2.604,0.706,5,"uop_p2_q_reg[use_shift]/C","lane_result_q_reg[0][55]/D","P2 lane result capture","FDCE=2;LUT3=1;LUT5=1;LUT6=3"
190,1.308,5.000,3.689,1.085,2.604,0.706,5,"uop_p2_q_reg[use_shift]/C","lane_result_q_reg[0][60]/D","P2 lane result capture","FDCE=2;LUT3=1;LUT6=4"
191,1.308,5.000,3.689,1.085,2.604,0.706,5,"uop_p2_q_reg[use_shift]/C","lane_result_q_reg[0][61]/D","P2 lane result capture","FDCE=2;LUT3=1;LUT6=4"
192,1.308,5.000,3.689,1.085,2.604,0.706,5,"uop_p2_q_reg[use_shift]/C","lane_result_q_reg[0][62]/D","P2 lane result capture","FDCE=2;LUT3=1;LUT6=4"
193,1.308,5.000,3.689,1.085,2.604,0.706,5,"uop_p2_q_reg[use_shift]/C","lane_result_q_reg[0][63]/D","P2 lane result capture","FDCE=2;LUT3=1;LUT5=1;LUT6=3"
194,1.308,5.000,3.689,1.085,2.604,0.706,5,"uop_p2_q_reg[use_shift]/C","lane_result_q_reg[1][12]/D","P2 lane result capture","FDCE=2;LUT3=1;LUT6=4"
195,1.308,5.000,3.689,1.085,2.604,0.706,5,"uop_p2_q_reg[use_shift]/C","lane_result_q_reg[1][13]/D","P2 lane result capture","FDCE=2;LUT3=1;LUT6=4"
196,1.308,5.000,3.689,1.085,2.604,0.706,5,"uop_p2_q_reg[use_shift]/C","lane_result_q_reg[1][14]/D","P2 lane result capture","FDCE=2;LUT3=1;LUT6=4"
197,1.308,5.000,3.689,1.085,2.604,0.706,5,"uop_p2_q_reg[use_shift]/C","lane_result_q_reg[1][15]/D","P2 lane result capture","FDCE=2;LUT3=1;LUT5=1;LUT6=3"
198,1.308,5.000,3.689,1.085,2.604,0.706,5,"uop_p2_q_reg[use_shift]/C","lane_result_q_reg[1][20]/D","P2 lane result capture","FDCE=2;LUT3=1;LUT6=4"
199,1.308,5.000,3.689,1.085,2.604,0.706,5,"uop_p2_q_reg[use_shift]/C","lane_result_q_reg[1][21]/D","P2 lane result capture","FDCE=2;LUT3=1;LUT6=4"
200,1.308,5.000,3.689,1.085,2.604,0.706,5,"uop_p2_q_reg[use_shift]/C","lane_result_q_reg[1][22]/D","P2 lane result capture","FDCE=2;LUT3=1;LUT6=4"
201,1.308,5.000,3.689,1.085,2.604,0.706,5,"uop_p2_q_reg[use_shift]/C","lane_result_q_reg[1][23]/D","P2 lane result capture","FDCE=2;LUT3=1;LUT5=1;LUT6=3"
202,1.308,5.000,3.689,1.085,2.604,0.706,5,"uop_p2_q_reg[use_shift]/C","lane_result_q_reg[1][28]/D","P2 lane result capture","FDCE=2;LUT3=1;LUT6=4"
203,1.308,5.000,3.689,1.085,2.604,0.706,5,"uop_p2_q_reg[use_shift]/C","lane_result_q_reg[1][29]/D","P2 lane result capture","FDCE=2;LUT3=1;LUT6=4"
204,1.308,5.000,3.689,1.085,2.604,0.706,5,"uop_p2_q_reg[use_shift]/C","lane_result_q_reg[1][30]/D","P2 lane result capture","FDCE=2;LUT3=1;LUT6=4"
205,1.308,5.000,3.689,1.085,2.604,0.706,5,"uop_p2_q_reg[use_shift]/C","lane_result_q_reg[1][31]/D","P2 lane result capture","FDCE=2;LUT3=1;LUT5=1;LUT6=3"
206,1.308,5.000,3.689,1.085,2.604,0.706,5,"uop_p2_q_reg[use_shift]/C","lane_result_q_reg[1][36]/D","P2 lane result capture","FDCE=2;LUT3=1;LUT6=4"
207,1.308,5.000,3.689,1.085,2.604,0.706,5,"uop_p2_q_reg[use_shift]/C","lane_result_q_reg[1][37]/D","P2 lane result capture","FDCE=2;LUT3=1;LUT6=4"
208,1.308,5.000,3.689,1.085,2.604,0.706,5,"uop_p2_q_reg[use_shift]/C","lane_result_q_reg[1][38]/D","P2 lane result capture","FDCE=2;LUT3=1;LUT6=4"
209,1.308,5.000,3.689,1.085,2.604,0.706,5,"uop_p2_q_reg[use_shift]/C","lane_result_q_reg[1][39]/D","P2 lane result capture","FDCE=2;LUT3=1;LUT5=1;LUT6=3"
210,1.308,5.000,3.689,1.085,2.604,0.706,5,"uop_p2_q_reg[use_shift]/C","lane_result_q_reg[1][44]/D","P2 lane result capture","FDCE=2;LUT3=1;LUT6=4"
211,1.308,5.000,3.689,1.085,2.604,0.706,5,"uop_p2_q_reg[use_shift]/C","lane_result_q_reg[1][45]/D","P2 lane result capture","FDCE=2;LUT3=1;LUT6=4"
212,1.308,5.000,3.689,1.085,2.604,0.706,5,"uop_p2_q_reg[use_shift]/C","lane_result_q_reg[1][46]/D","P2 lane result capture","FDCE=2;LUT3=1;LUT6=4"
213,1.308,5.000,3.689,1.085,2.604,0.706,5,"uop_p2_q_reg[use_shift]/C","lane_result_q_reg[1][47]/D","P2 lane result capture","FDCE=2;LUT3=1;LUT5=1;LUT6=3"
214,1.308,5.000,3.689,1.085,2.604,0.706,5,"uop_p2_q_reg[use_shift]/C","lane_result_q_reg[1][4]/D","P2 lane result capture","FDCE=2;LUT3=1;LUT6=4"
215,1.308,5.000,3.689,1.085,2.604,0.706,5,"uop_p2_q_reg[use_shift]/C","lane_result_q_reg[1][52]/D","P2 lane result capture","FDCE=2;LUT3=1;LUT6=4"
216,1.308,5.000,3.689,1.085,2.604,0.706,5,"uop_p2_q_reg[use_shift]/C","lane_result_q_reg[1][53]/D","P2 lane result capture","FDCE=2;LUT3=1;LUT6=4"
217,1.308,5.000,3.689,1.085,2.604,0.706,5,"uop_p2_q_reg[use_shift]/C","lane_result_q_reg[1][54]/D","P2 lane result capture","FDCE=2;LUT3=1;LUT6=4"
218,1.308,5.000,3.689,1.085,2.604,0.706,5,"uop_p2_q_reg[use_shift]/C","lane_result_q_reg[1][55]/D","P2 lane result capture","FDCE=2;LUT3=1;LUT5=1;LUT6=3"
219,1.308,5.000,3.689,1.085,2.604,0.706,5,"uop_p2_q_reg[use_shift]/C","lane_result_q_reg[1][5]/D","P2 lane result capture","FDCE=2;LUT3=1;LUT6=4"
220,1.308,5.000,3.689,1.085,2.604,0.706,5,"uop_p2_q_reg[use_shift]/C","lane_result_q_reg[1][60]/D","P2 lane result capture","FDCE=2;LUT3=1;LUT6=4"
221,1.308,5.000,3.689,1.085,2.604,0.706,5,"uop_p2_q_reg[use_shift]/C","lane_result_q_reg[1][61]/D","P2 lane result capture","FDCE=2;LUT3=1;LUT6=4"
222,1.308,5.000,3.689,1.085,2.604,0.706,5,"uop_p2_q_reg[use_shift]/C","lane_result_q_reg[1][62]/D","P2 lane result capture","FDCE=2;LUT3=1;LUT6=4"
223,1.308,5.000,3.689,1.085,2.604,0.706,5,"uop_p2_q_reg[use_shift]/C","lane_result_q_reg[1][63]/D","P2 lane result capture","FDCE=2;LUT3=1;LUT5=1;LUT6=3"
224,1.308,5.000,3.689,1.085,2.604,0.706,5,"uop_p2_q_reg[use_shift]/C","lane_result_q_reg[1][6]/D","P2 lane result capture","FDCE=2;LUT3=1;LUT6=4"
225,1.308,5.000,3.689,1.085,2.604,0.706,5,"uop_p2_q_reg[use_shift]/C","lane_result_q_reg[1][7]/D","P2 lane result capture","FDCE=2;LUT3=1;LUT5=1;LUT6=3"
226,1.308,5.000,3.689,1.085,2.604,0.706,5,"uop_p2_q_reg[use_shift]/C","lane_result_q_reg[2][12]/D","P2 lane result capture","FDCE=2;LUT3=1;LUT6=4"
227,1.308,5.000,3.689,1.085,2.604,0.706,5,"uop_p2_q_reg[use_shift]/C","lane_result_q_reg[2][13]/D","P2 lane result capture","FDCE=2;LUT3=1;LUT6=4"
228,1.308,5.000,3.689,1.085,2.604,0.706,5,"uop_p2_q_reg[use_shift]/C","lane_result_q_reg[2][14]/D","P2 lane result capture","FDCE=2;LUT3=1;LUT6=4"
229,1.308,5.000,3.689,1.085,2.604,0.706,5,"uop_p2_q_reg[use_shift]/C","lane_result_q_reg[2][15]/D","P2 lane result capture","FDCE=2;LUT3=1;LUT5=1;LUT6=3"
230,1.308,5.000,3.689,1.085,2.604,0.706,5,"uop_p2_q_reg[use_shift]/C","lane_result_q_reg[2][20]/D","P2 lane result capture","FDCE=2;LUT3=1;LUT6=4"
231,1.308,5.000,3.689,1.085,2.604,0.706,5,"uop_p2_q_reg[use_shift]/C","lane_result_q_reg[2][21]/D","P2 lane result capture","FDCE=2;LUT3=1;LUT6=4"
232,1.308,5.000,3.689,1.085,2.604,0.706,5,"uop_p2_q_reg[use_shift]/C","lane_result_q_reg[2][22]/D","P2 lane result capture","FDCE=2;LUT3=1;LUT6=4"
233,1.308,5.000,3.689,1.085,2.604,0.706,5,"uop_p2_q_reg[use_shift]/C","lane_result_q_reg[2][23]/D","P2 lane result capture","FDCE=2;LUT3=1;LUT5=1;LUT6=3"
234,1.308,5.000,3.689,1.085,2.604,0.706,5,"uop_p2_q_reg[use_shift]/C","lane_result_q_reg[2][28]/D","P2 lane result capture","FDCE=2;LUT3=1;LUT6=4"
235,1.308,5.000,3.689,1.085,2.604,0.706,5,"uop_p2_q_reg[use_shift]/C","lane_result_q_reg[2][29]/D","P2 lane result capture","FDCE=2;LUT3=1;LUT6=4"
236,1.308,5.000,3.689,1.085,2.604,0.706,5,"uop_p2_q_reg[use_shift]/C","lane_result_q_reg[2][30]/D","P2 lane result capture","FDCE=2;LUT3=1;LUT6=4"
237,1.308,5.000,3.689,1.085,2.604,0.706,5,"uop_p2_q_reg[use_shift]/C","lane_result_q_reg[2][31]/D","P2 lane result capture","FDCE=2;LUT3=1;LUT5=1;LUT6=3"
238,1.308,5.000,3.689,1.085,2.604,0.706,5,"uop_p2_q_reg[use_shift]/C","lane_result_q_reg[2][36]/D","P2 lane result capture","FDCE=2;LUT3=1;LUT6=4"
239,1.308,5.000,3.689,1.085,2.604,0.706,5,"uop_p2_q_reg[use_shift]/C","lane_result_q_reg[2][37]/D","P2 lane result capture","FDCE=2;LUT3=1;LUT6=4"
240,1.308,5.000,3.689,1.085,2.604,0.706,5,"uop_p2_q_reg[use_shift]/C","lane_result_q_reg[2][38]/D","P2 lane result capture","FDCE=2;LUT3=1;LUT6=4"
241,1.308,5.000,3.689,1.085,2.604,0.706,5,"uop_p2_q_reg[use_shift]/C","lane_result_q_reg[2][39]/D","P2 lane result capture","FDCE=2;LUT3=1;LUT5=1;LUT6=3"
242,1.308,5.000,3.689,1.085,2.604,0.706,5,"uop_p2_q_reg[use_shift]/C","lane_result_q_reg[2][44]/D","P2 lane result capture","FDCE=2;LUT3=1;LUT6=4"
243,1.308,5.000,3.689,1.085,2.604,0.706,5,"uop_p2_q_reg[use_shift]/C","lane_result_q_reg[2][45]/D","P2 lane result capture","FDCE=2;LUT3=1;LUT6=4"
244,1.308,5.000,3.689,1.085,2.604,0.706,5,"uop_p2_q_reg[use_shift]/C","lane_result_q_reg[2][46]/D","P2 lane result capture","FDCE=2;LUT3=1;LUT6=4"
245,1.308,5.000,3.689,1.085,2.604,0.706,5,"uop_p2_q_reg[use_shift]/C","lane_result_q_reg[2][47]/D","P2 lane result capture","FDCE=2;LUT3=1;LUT5=1;LUT6=3"
246,1.308,5.000,3.689,1.085,2.604,0.706,5,"uop_p2_q_reg[use_shift]/C","lane_result_q_reg[2][4]/D","P2 lane result capture","FDCE=2;LUT3=1;LUT6=4"
247,1.308,5.000,3.689,1.085,2.604,0.706,5,"uop_p2_q_reg[use_shift]/C","lane_result_q_reg[2][52]/D","P2 lane result capture","FDCE=2;LUT3=1;LUT6=4"
248,1.308,5.000,3.689,1.085,2.604,0.706,5,"uop_p2_q_reg[use_shift]/C","lane_result_q_reg[2][53]/D","P2 lane result capture","FDCE=2;LUT3=1;LUT6=4"
249,1.308,5.000,3.689,1.085,2.604,0.706,5,"uop_p2_q_reg[use_shift]/C","lane_result_q_reg[2][54]/D","P2 lane result capture","FDCE=2;LUT3=1;LUT6=4"
250,1.308,5.000,3.689,1.085,2.604,0.706,5,"uop_p2_q_reg[use_shift]/C","lane_result_q_reg[2][55]/D","P2 lane result capture","FDCE=2;LUT3=1;LUT5=1;LUT6=3"
251,1.308,5.000,3.689,1.085,2.604,0.706,5,"uop_p2_q_reg[use_shift]/C","lane_result_q_reg[2][5]/D","P2 lane result capture","FDCE=2;LUT3=1;LUT6=4"
252,1.308,5.000,3.689,1.085,2.604,0.706,5,"uop_p2_q_reg[use_shift]/C","lane_result_q_reg[2][60]/D","P2 lane result capture","FDCE=2;LUT3=1;LUT6=4"
253,1.308,5.000,3.689,1.085,2.604,0.706,5,"uop_p2_q_reg[use_shift]/C","lane_result_q_reg[2][61]/D","P2 lane result capture","FDCE=2;LUT3=1;LUT6=4"
254,1.308,5.000,3.689,1.085,2.604,0.706,5,"uop_p2_q_reg[use_shift]/C","lane_result_q_reg[2][62]/D","P2 lane result capture","FDCE=2;LUT3=1;LUT6=4"
255,1.308,5.000,3.689,1.085,2.604,0.706,5,"uop_p2_q_reg[use_shift]/C","lane_result_q_reg[2][63]/D","P2 lane result capture","FDCE=2;LUT3=1;LUT5=1;LUT6=3"
256,1.308,5.000,3.689,1.085,2.604,0.706,5,"uop_p2_q_reg[use_shift]/C","lane_result_q_reg[2][6]/D","P2 lane result capture","FDCE=2;LUT3=1;LUT6=4"
257,1.308,5.000,3.689,1.085,2.604,0.706,5,"uop_p2_q_reg[use_shift]/C","lane_result_q_reg[2][7]/D","P2 lane result capture","FDCE=2;LUT3=1;LUT5=1;LUT6=3"
258,1.308,5.000,3.689,1.085,2.604,0.706,5,"uop_p2_q_reg[use_shift]/C","lane_result_q_reg[3][12]/D","P2 lane result capture","FDCE=2;LUT3=1;LUT6=4"
259,1.308,5.000,3.689,1.085,2.604,0.706,5,"uop_p2_q_reg[use_shift]/C","lane_result_q_reg[3][13]/D","P2 lane result capture","FDCE=2;LUT3=1;LUT6=4"
260,1.308,5.000,3.689,1.085,2.604,0.706,5,"uop_p2_q_reg[use_shift]/C","lane_result_q_reg[3][14]/D","P2 lane result capture","FDCE=2;LUT3=1;LUT6=4"
261,1.308,5.000,3.689,1.085,2.604,0.706,5,"uop_p2_q_reg[use_shift]/C","lane_result_q_reg[3][15]/D","P2 lane result capture","FDCE=2;LUT3=1;LUT5=1;LUT6=3"
262,1.308,5.000,3.689,1.085,2.604,0.706,5,"uop_p2_q_reg[use_shift]/C","lane_result_q_reg[3][20]/D","P2 lane result capture","FDCE=2;LUT3=1;LUT6=4"
263,1.308,5.000,3.689,1.085,2.604,0.706,5,"uop_p2_q_reg[use_shift]/C","lane_result_q_reg[3][21]/D","P2 lane result capture","FDCE=2;LUT3=1;LUT6=4"
264,1.308,5.000,3.689,1.085,2.604,0.706,5,"uop_p2_q_reg[use_shift]/C","lane_result_q_reg[3][22]/D","P2 lane result capture","FDCE=2;LUT3=1;LUT6=4"
265,1.308,5.000,3.689,1.085,2.604,0.706,5,"uop_p2_q_reg[use_shift]/C","lane_result_q_reg[3][23]/D","P2 lane result capture","FDCE=2;LUT3=1;LUT5=1;LUT6=3"
266,1.308,5.000,3.689,1.085,2.604,0.706,5,"uop_p2_q_reg[use_shift]/C","lane_result_q_reg[3][28]/D","P2 lane result capture","FDCE=2;LUT3=1;LUT6=4"
267,1.308,5.000,3.689,1.085,2.604,0.706,5,"uop_p2_q_reg[use_shift]/C","lane_result_q_reg[3][29]/D","P2 lane result capture","FDCE=2;LUT3=1;LUT6=4"
268,1.308,5.000,3.689,1.085,2.604,0.706,5,"uop_p2_q_reg[use_shift]/C","lane_result_q_reg[3][30]/D","P2 lane result capture","FDCE=2;LUT3=1;LUT6=4"
269,1.308,5.000,3.689,1.085,2.604,0.706,5,"uop_p2_q_reg[use_shift]/C","lane_result_q_reg[3][31]/D","P2 lane result capture","FDCE=2;LUT3=1;LUT5=1;LUT6=3"
270,1.308,5.000,3.689,1.085,2.604,0.706,5,"uop_p2_q_reg[use_shift]/C","lane_result_q_reg[3][36]/D","P2 lane result capture","FDCE=2;LUT3=1;LUT6=4"
271,1.308,5.000,3.689,1.085,2.604,0.706,5,"uop_p2_q_reg[use_shift]/C","lane_result_q_reg[3][37]/D","P2 lane result capture","FDCE=2;LUT3=1;LUT6=4"
272,1.308,5.000,3.689,1.085,2.604,0.706,5,"uop_p2_q_reg[use_shift]/C","lane_result_q_reg[3][38]/D","P2 lane result capture","FDCE=2;LUT3=1;LUT6=4"
273,1.308,5.000,3.689,1.085,2.604,0.706,5,"uop_p2_q_reg[use_shift]/C","lane_result_q_reg[3][39]/D","P2 lane result capture","FDCE=2;LUT3=1;LUT5=1;LUT6=3"
274,1.308,5.000,3.689,1.085,2.604,0.706,5,"uop_p2_q_reg[use_shift]/C","lane_result_q_reg[3][44]/D","P2 lane result capture","FDCE=2;LUT3=1;LUT6=4"
275,1.308,5.000,3.689,1.085,2.604,0.706,5,"uop_p2_q_reg[use_shift]/C","lane_result_q_reg[3][45]/D","P2 lane result capture","FDCE=2;LUT3=1;LUT6=4"
276,1.308,5.000,3.689,1.085,2.604,0.706,5,"uop_p2_q_reg[use_shift]/C","lane_result_q_reg[3][46]/D","P2 lane result capture","FDCE=2;LUT3=1;LUT6=4"
277,1.308,5.000,3.689,1.085,2.604,0.706,5,"uop_p2_q_reg[use_shift]/C","lane_result_q_reg[3][47]/D","P2 lane result capture","FDCE=2;LUT3=1;LUT5=1;LUT6=3"
278,1.308,5.000,3.689,1.085,2.604,0.706,5,"uop_p2_q_reg[use_shift]/C","lane_result_q_reg[3][4]/D","P2 lane result capture","FDCE=2;LUT3=1;LUT6=4"
279,1.308,5.000,3.689,1.085,2.604,0.706,5,"uop_p2_q_reg[use_shift]/C","lane_result_q_reg[3][52]/D","P2 lane result capture","FDCE=2;LUT3=1;LUT6=4"
280,1.308,5.000,3.689,1.085,2.604,0.706,5,"uop_p2_q_reg[use_shift]/C","lane_result_q_reg[3][53]/D","P2 lane result capture","FDCE=2;LUT3=1;LUT6=4"
281,1.308,5.000,3.689,1.085,2.604,0.706,5,"uop_p2_q_reg[use_shift]/C","lane_result_q_reg[3][54]/D","P2 lane result capture","FDCE=2;LUT3=1;LUT6=4"
282,1.308,5.000,3.689,1.085,2.604,0.706,5,"uop_p2_q_reg[use_shift]/C","lane_result_q_reg[3][55]/D","P2 lane result capture","FDCE=2;LUT3=1;LUT5=1;LUT6=3"
283,1.308,5.000,3.689,1.085,2.604,0.706,5,"uop_p2_q_reg[use_shift]/C","lane_result_q_reg[3][5]/D","P2 lane result capture","FDCE=2;LUT3=1;LUT6=4"
284,1.308,5.000,3.689,1.085,2.604,0.706,5,"uop_p2_q_reg[use_shift]/C","lane_result_q_reg[3][60]/D","P2 lane result capture","FDCE=2;LUT3=1;LUT6=4"
285,1.308,5.000,3.689,1.085,2.604,0.706,5,"uop_p2_q_reg[use_shift]/C","lane_result_q_reg[3][61]/D","P2 lane result capture","FDCE=2;LUT3=1;LUT6=4"
286,1.308,5.000,3.689,1.085,2.604,0.706,5,"uop_p2_q_reg[use_shift]/C","lane_result_q_reg[3][62]/D","P2 lane result capture","FDCE=2;LUT3=1;LUT6=4"
287,1.308,5.000,3.689,1.085,2.604,0.706,5,"uop_p2_q_reg[use_shift]/C","lane_result_q_reg[3][63]/D","P2 lane result capture","FDCE=2;LUT3=1;LUT5=1;LUT6=3"
288,1.308,5.000,3.689,1.085,2.604,0.706,5,"uop_p2_q_reg[use_shift]/C","lane_result_q_reg[3][6]/D","P2 lane result capture","FDCE=2;LUT3=1;LUT6=4"
289,1.308,5.000,3.689,1.085,2.604,0.706,5,"uop_p2_q_reg[use_shift]/C","lane_result_q_reg[3][7]/D","P2 lane result capture","FDCE=2;LUT3=1;LUT5=1;LUT6=3"
290,1.319,5.000,3.678,1.085,2.593,0.705,5,"uop_p2_q_reg[use_shift]/C","lane_result_q_reg[0][12]/D","P2 lane result capture","FDCE=2;LUT3=1;LUT6=4"
291,1.319,5.000,3.678,1.085,2.593,0.705,5,"uop_p2_q_reg[use_shift]/C","lane_result_q_reg[0][13]/D","P2 lane result capture","FDCE=2;LUT3=1;LUT6=4"
292,1.319,5.000,3.678,1.085,2.593,0.705,5,"uop_p2_q_reg[use_shift]/C","lane_result_q_reg[0][14]/D","P2 lane result capture","FDCE=2;LUT3=1;LUT6=4"
293,1.319,5.000,3.678,1.085,2.593,0.705,5,"uop_p2_q_reg[use_shift]/C","lane_result_q_reg[0][15]/D","P2 lane result capture","FDCE=2;LUT3=1;LUT5=1;LUT6=3"
294,1.319,5.000,3.678,1.085,2.593,0.705,5,"uop_p2_q_reg[use_shift]/C","lane_result_q_reg[0][20]/D","P2 lane result capture","FDCE=2;LUT3=1;LUT6=4"
295,1.319,5.000,3.678,1.085,2.593,0.705,5,"uop_p2_q_reg[use_shift]/C","lane_result_q_reg[0][21]/D","P2 lane result capture","FDCE=2;LUT3=1;LUT6=4"
296,1.319,5.000,3.678,1.085,2.593,0.705,5,"uop_p2_q_reg[use_shift]/C","lane_result_q_reg[0][22]/D","P2 lane result capture","FDCE=2;LUT3=1;LUT6=4"
297,1.319,5.000,3.678,1.085,2.593,0.705,5,"uop_p2_q_reg[use_shift]/C","lane_result_q_reg[0][23]/D","P2 lane result capture","FDCE=2;LUT3=1;LUT5=1;LUT6=3"
298,1.319,5.000,3.678,1.085,2.593,0.705,5,"uop_p2_q_reg[use_shift]/C","lane_result_q_reg[0][28]/D","P2 lane result capture","FDCE=2;LUT3=1;LUT6=4"
299,1.319,5.000,3.678,1.085,2.593,0.705,5,"uop_p2_q_reg[use_shift]/C","lane_result_q_reg[0][29]/D","P2 lane result capture","FDCE=2;LUT3=1;LUT6=4"
300,1.319,5.000,3.678,1.085,2.593,0.705,5,"uop_p2_q_reg[use_shift]/C","lane_result_q_reg[0][30]/D","P2 lane result capture","FDCE=2;LUT3=1;LUT6=4"
301,1.319,5.000,3.678,1.085,2.593,0.705,5,"uop_p2_q_reg[use_shift]/C","lane_result_q_reg[0][31]/D","P2 lane result capture","FDCE=2;LUT3=1;LUT5=1;LUT6=3"
302,1.323,5.000,3.674,1.085,2.589,0.705,5,"ecc_leaf_path_q_reg[5]_rep/C","ecc_leaf_a_q_reg[0]/D","other","FDCE=2;LUT4=1;LUT6=4"
303,1.323,5.000,3.674,1.085,2.589,0.705,5,"ecc_leaf_path_q_reg[5]_rep/C","ecc_leaf_a_q_reg[10]/D","other","FDCE=2;LUT4=1;LUT6=4"
304,1.323,5.000,3.674,1.085,2.589,0.705,5,"ecc_leaf_path_q_reg[5]_rep/C","ecc_leaf_a_q_reg[11]/D","other","FDCE=2;LUT4=1;LUT6=4"
305,1.323,5.000,3.674,1.085,2.589,0.705,5,"ecc_leaf_path_q_reg[5]_rep/C","ecc_leaf_a_q_reg[12]/D","other","FDCE=2;LUT4=1;LUT6=4"
306,1.323,5.000,3.674,1.085,2.589,0.705,5,"ecc_leaf_path_q_reg[5]_rep/C","ecc_leaf_a_q_reg[13]/D","other","FDCE=2;LUT4=1;LUT6=4"
307,1.323,5.000,3.674,1.085,2.589,0.705,5,"ecc_leaf_path_q_reg[5]_rep/C","ecc_leaf_a_q_reg[14]/D","other","FDCE=2;LUT4=1;LUT6=4"
308,1.323,5.000,3.674,1.085,2.589,0.705,5,"ecc_leaf_path_q_reg[5]_rep/C","ecc_leaf_a_q_reg[15]/D","other","FDCE=2;LUT4=1;LUT6=4"
309,1.323,5.000,3.674,1.085,2.589,0.705,5,"ecc_leaf_path_q_reg[5]_rep/C","ecc_leaf_a_q_reg[16]/D","other","FDCE=2;LUT4=1;LUT6=4"
310,1.323,5.000,3.674,1.085,2.589,0.705,5,"ecc_leaf_path_q_reg[5]_rep/C","ecc_leaf_a_q_reg[17]/D","other","FDCE=2;LUT4=1;LUT6=4"
311,1.323,5.000,3.674,1.085,2.589,0.705,5,"ecc_leaf_path_q_reg[5]_rep/C","ecc_leaf_a_q_reg[18]/D","other","FDCE=2;LUT4=1;LUT6=4"
312,1.323,5.000,3.674,1.085,2.589,0.705,5,"ecc_leaf_path_q_reg[5]_rep/C","ecc_leaf_a_q_reg[19]/D","other","FDCE=2;LUT4=1;LUT6=4"
313,1.323,5.000,3.674,1.085,2.589,0.705,5,"ecc_leaf_path_q_reg[5]_rep/C","ecc_leaf_a_q_reg[1]/D","other","FDCE=2;LUT4=1;LUT6=4"
314,1.323,5.000,3.674,1.085,2.589,0.705,5,"ecc_leaf_path_q_reg[5]_rep/C","ecc_leaf_a_q_reg[20]/D","other","FDCE=2;LUT4=1;LUT6=4"
315,1.323,5.000,3.674,1.085,2.589,0.705,5,"ecc_leaf_path_q_reg[5]_rep/C","ecc_leaf_a_q_reg[21]/D","other","FDCE=2;LUT4=1;LUT6=4"
316,1.323,5.000,3.674,1.085,2.589,0.705,5,"ecc_leaf_path_q_reg[5]_rep/C","ecc_leaf_a_q_reg[22]/D","other","FDCE=2;LUT4=1;LUT6=4"
317,1.323,5.000,3.674,1.085,2.589,0.705,5,"ecc_leaf_path_q_reg[5]_rep/C","ecc_leaf_a_q_reg[23]/D","other","FDCE=2;LUT4=1;LUT6=4"
318,1.323,5.000,3.674,1.085,2.589,0.705,5,"ecc_leaf_path_q_reg[5]_rep/C","ecc_leaf_a_q_reg[24]/D","other","FDCE=2;LUT4=1;LUT6=4"
319,1.323,5.000,3.674,1.085,2.589,0.705,5,"ecc_leaf_path_q_reg[5]_rep/C","ecc_leaf_a_q_reg[25]/D","other","FDCE=2;LUT4=1;LUT6=4"
320,1.323,5.000,3.674,1.085,2.589,0.705,5,"ecc_leaf_path_q_reg[5]_rep/C","ecc_leaf_a_q_reg[26]/D","other","FDCE=2;LUT4=1;LUT6=4"
321,1.323,5.000,3.674,1.085,2.589,0.705,5,"ecc_leaf_path_q_reg[5]_rep/C","ecc_leaf_a_q_reg[27]/D","other","FDCE=2;LUT4=1;LUT6=4"
322,1.323,5.000,3.674,1.085,2.589,0.705,5,"ecc_leaf_path_q_reg[5]_rep/C","ecc_leaf_a_q_reg[28]/D","other","FDCE=2;LUT4=1;LUT6=4"
323,1.323,5.000,3.674,1.085,2.589,0.705,5,"ecc_leaf_path_q_reg[5]_rep/C","ecc_leaf_a_q_reg[29]/D","other","FDCE=2;LUT4=1;LUT6=4"
324,1.323,5.000,3.674,1.085,2.589,0.705,5,"ecc_leaf_path_q_reg[5]_rep/C","ecc_leaf_a_q_reg[2]/D","other","FDCE=2;LUT4=1;LUT6=4"
325,1.323,5.000,3.674,1.085,2.589,0.705,5,"ecc_leaf_path_q_reg[5]_rep/C","ecc_leaf_a_q_reg[30]/D","other","FDCE=2;LUT4=1;LUT6=4"
326,1.323,5.000,3.674,1.085,2.589,0.705,5,"ecc_leaf_path_q_reg[5]_rep/C","ecc_leaf_a_q_reg[31]/D","other","FDCE=2;LUT4=1;LUT6=4"
327,1.323,5.000,3.674,1.085,2.589,0.705,5,"ecc_leaf_path_q_reg[5]_rep/C","ecc_leaf_a_q_reg[3]/D","other","FDCE=2;LUT4=1;LUT6=4"
328,1.323,5.000,3.674,1.085,2.589,0.705,5,"ecc_leaf_path_q_reg[5]_rep/C","ecc_leaf_a_q_reg[4]/D","other","FDCE=2;LUT4=1;LUT6=4"
329,1.323,5.000,3.674,1.085,2.589,0.705,5,"ecc_leaf_path_q_reg[5]_rep/C","ecc_leaf_a_q_reg[5]/D","other","FDCE=2;LUT4=1;LUT6=4"
330,1.323,5.000,3.674,1.085,2.589,0.705,5,"ecc_leaf_path_q_reg[5]_rep/C","ecc_leaf_a_q_reg[6]/D","other","FDCE=2;LUT4=1;LUT6=4"
331,1.323,5.000,3.674,1.085,2.589,0.705,5,"ecc_leaf_path_q_reg[5]_rep/C","ecc_leaf_a_q_reg[7]/D","other","FDCE=2;LUT4=1;LUT6=4"
332,1.323,5.000,3.674,1.085,2.589,0.705,5,"ecc_leaf_path_q_reg[5]_rep/C","ecc_leaf_a_q_reg[8]/D","other","FDCE=2;LUT4=1;LUT6=4"
333,1.323,5.000,3.674,1.085,2.589,0.705,5,"ecc_leaf_path_q_reg[5]_rep/C","ecc_leaf_a_q_reg[9]/D","other","FDCE=2;LUT4=1;LUT6=4"
334,1.323,5.000,3.674,1.085,2.589,0.705,5,"ecc_leaf_path_q_reg[5]_rep/C","ecc_leaf_b_q_reg[0]/D","other","FDCE=2;LUT4=1;LUT6=4"
335,1.323,5.000,3.674,1.085,2.589,0.705,5,"ecc_leaf_path_q_reg[5]_rep/C","ecc_leaf_b_q_reg[10]/D","other","FDCE=2;LUT4=1;LUT6=4"
336,1.323,5.000,3.674,1.085,2.589,0.705,5,"ecc_leaf_path_q_reg[5]_rep/C","ecc_leaf_b_q_reg[11]/D","other","FDCE=2;LUT4=1;LUT6=4"
337,1.323,5.000,3.674,1.085,2.589,0.705,5,"ecc_leaf_path_q_reg[5]_rep/C","ecc_leaf_b_q_reg[12]/D","other","FDCE=2;LUT4=1;LUT6=4"
338,1.323,5.000,3.674,1.085,2.589,0.705,5,"ecc_leaf_path_q_reg[5]_rep/C","ecc_leaf_b_q_reg[13]/D","other","FDCE=2;LUT4=1;LUT6=4"
339,1.323,5.000,3.674,1.085,2.589,0.705,5,"ecc_leaf_path_q_reg[5]_rep/C","ecc_leaf_b_q_reg[14]/D","other","FDCE=2;LUT4=1;LUT6=4"
340,1.323,5.000,3.674,1.085,2.589,0.705,5,"ecc_leaf_path_q_reg[5]_rep/C","ecc_leaf_b_q_reg[15]/D","other","FDCE=2;LUT4=1;LUT6=4"
341,1.323,5.000,3.674,1.085,2.589,0.705,5,"ecc_leaf_path_q_reg[5]_rep/C","ecc_leaf_b_q_reg[16]/D","other","FDCE=2;LUT4=1;LUT6=4"
342,1.323,5.000,3.674,1.085,2.589,0.705,5,"ecc_leaf_path_q_reg[5]_rep/C","ecc_leaf_b_q_reg[17]/D","other","FDCE=2;LUT4=1;LUT6=4"
343,1.323,5.000,3.674,1.085,2.589,0.705,5,"ecc_leaf_path_q_reg[5]_rep/C","ecc_leaf_b_q_reg[18]/D","other","FDCE=2;LUT4=1;LUT6=4"
344,1.323,5.000,3.674,1.085,2.589,0.705,5,"ecc_leaf_path_q_reg[5]_rep/C","ecc_leaf_b_q_reg[19]/D","other","FDCE=2;LUT4=1;LUT6=4"
345,1.323,5.000,3.674,1.085,2.589,0.705,5,"ecc_leaf_path_q_reg[5]_rep/C","ecc_leaf_b_q_reg[1]/D","other","FDCE=2;LUT4=1;LUT6=4"
346,1.323,5.000,3.674,1.085,2.589,0.705,5,"ecc_leaf_path_q_reg[5]_rep/C","ecc_leaf_b_q_reg[20]/D","other","FDCE=2;LUT4=1;LUT6=4"
347,1.323,5.000,3.674,1.085,2.589,0.705,5,"ecc_leaf_path_q_reg[5]_rep/C","ecc_leaf_b_q_reg[21]/D","other","FDCE=2;LUT4=1;LUT6=4"
348,1.323,5.000,3.674,1.085,2.589,0.705,5,"ecc_leaf_path_q_reg[5]_rep/C","ecc_leaf_b_q_reg[22]/D","other","FDCE=2;LUT4=1;LUT6=4"
349,1.323,5.000,3.674,1.085,2.589,0.705,5,"ecc_leaf_path_q_reg[5]_rep/C","ecc_leaf_b_q_reg[23]/D","other","FDCE=2;LUT4=1;LUT6=4"
350,1.323,5.000,3.674,1.085,2.589,0.705,5,"ecc_leaf_path_q_reg[5]_rep/C","ecc_leaf_b_q_reg[24]/D","other","FDCE=2;LUT4=1;LUT6=4"
351,1.323,5.000,3.674,1.085,2.589,0.705,5,"ecc_leaf_path_q_reg[5]_rep/C","ecc_leaf_b_q_reg[25]/D","other","FDCE=2;LUT4=1;LUT6=4"
352,1.323,5.000,3.674,1.085,2.589,0.705,5,"ecc_leaf_path_q_reg[5]_rep/C","ecc_leaf_b_q_reg[26]/D","other","FDCE=2;LUT4=1;LUT6=4"
353,1.323,5.000,3.674,1.085,2.589,0.705,5,"ecc_leaf_path_q_reg[5]_rep/C","ecc_leaf_b_q_reg[27]/D","other","FDCE=2;LUT4=1;LUT6=4"
354,1.323,5.000,3.674,1.085,2.589,0.705,5,"ecc_leaf_path_q_reg[5]_rep/C","ecc_leaf_b_q_reg[28]/D","other","FDCE=2;LUT4=1;LUT6=4"
355,1.323,5.000,3.674,1.085,2.589,0.705,5,"ecc_leaf_path_q_reg[5]_rep/C","ecc_leaf_b_q_reg[29]/D","other","FDCE=2;LUT4=1;LUT6=4"
356,1.323,5.000,3.674,1.085,2.589,0.705,5,"ecc_leaf_path_q_reg[5]_rep/C","ecc_leaf_b_q_reg[2]/D","other","FDCE=2;LUT4=1;LUT6=4"
357,1.323,5.000,3.674,1.085,2.589,0.705,5,"ecc_leaf_path_q_reg[5]_rep/C","ecc_leaf_b_q_reg[30]/D","other","FDCE=2;LUT4=1;LUT6=4"
358,1.323,5.000,3.674,1.085,2.589,0.705,5,"ecc_leaf_path_q_reg[5]_rep/C","ecc_leaf_b_q_reg[31]/D","other","FDCE=2;LUT4=1;LUT6=4"
359,1.323,5.000,3.674,1.085,2.589,0.705,5,"ecc_leaf_path_q_reg[5]_rep/C","ecc_leaf_b_q_reg[3]/D","other","FDCE=2;LUT4=1;LUT6=4"
360,1.323,5.000,3.674,1.085,2.589,0.705,5,"ecc_leaf_path_q_reg[5]_rep/C","ecc_leaf_b_q_reg[4]/D","other","FDCE=2;LUT4=1;LUT6=4"
361,1.323,5.000,3.674,1.085,2.589,0.705,5,"ecc_leaf_path_q_reg[5]_rep/C","ecc_leaf_b_q_reg[5]/D","other","FDCE=2;LUT4=1;LUT6=4"
362,1.323,5.000,3.674,1.085,2.589,0.705,5,"ecc_leaf_path_q_reg[5]_rep/C","ecc_leaf_b_q_reg[6]/D","other","FDCE=2;LUT4=1;LUT6=4"
363,1.323,5.000,3.674,1.085,2.589,0.705,5,"ecc_leaf_path_q_reg[5]_rep/C","ecc_leaf_b_q_reg[7]/D","other","FDCE=2;LUT4=1;LUT6=4"
364,1.323,5.000,3.674,1.085,2.589,0.705,5,"ecc_leaf_path_q_reg[5]_rep/C","ecc_leaf_b_q_reg[8]/D","other","FDCE=2;LUT4=1;LUT6=4"
365,1.323,5.000,3.674,1.085,2.589,0.705,5,"ecc_leaf_path_q_reg[5]_rep/C","ecc_leaf_b_q_reg[9]/D","other","FDCE=2;LUT4=1;LUT6=4"
366,1.325,5.000,3.672,1.085,2.587,0.705,5,"uop_p2_q_reg[use_shift]/C","lane_result_q_reg[0][4]/D","P2 lane result capture","FDCE=2;LUT3=1;LUT6=4"
367,1.325,5.000,3.672,1.085,2.587,0.705,5,"uop_p2_q_reg[use_shift]/C","lane_result_q_reg[0][5]/D","P2 lane result capture","FDCE=2;LUT3=1;LUT6=4"
368,1.325,5.000,3.672,1.085,2.587,0.705,5,"uop_p2_q_reg[use_shift]/C","lane_result_q_reg[0][6]/D","P2 lane result capture","FDCE=2;LUT3=1;LUT6=4"
369,1.325,5.000,3.672,1.085,2.587,0.705,5,"uop_p2_q_reg[use_shift]/C","lane_result_q_reg[0][7]/D","P2 lane result capture","FDCE=2;LUT3=1;LUT5=1;LUT6=3"
370,1.335,5.000,3.691,1.672,2.019,0.547,5,"gen_lane[2].i_p2_pop_slice/popcount_part_q_o_reg[1][0]/C","group_dist_q_reg[2]/D","P2 popcount capture","CARRY4=2;FDCE=2;LUT3=1;LUT4=2"
371,1.540,5.000,3.249,0.980,2.269,0.698,4,"uop_p0_q_reg[class_idx][2]/C","hmatch_budget_q_reg[0]/CE","TOP control","FDCE=2;LUT4=1;LUT6=3"
372,1.540,5.000,3.249,0.980,2.269,0.698,4,"uop_p0_q_reg[class_idx][2]/C","hmatch_budget_q_reg[10]/CE","TOP control","FDCE=2;LUT4=1;LUT6=3"
373,1.540,5.000,3.249,0.980,2.269,0.698,4,"uop_p0_q_reg[class_idx][2]/C","hmatch_budget_q_reg[11]_inv/CE","TOP control","FDCE=1;FDPE=1;LUT4=1;LUT6=3"
374,1.540,5.000,3.249,0.980,2.269,0.698,4,"uop_p0_q_reg[class_idx][2]/C","hmatch_budget_q_reg[1]/CE","TOP control","FDCE=2;LUT4=1;LUT6=3"
375,1.540,5.000,3.249,0.980,2.269,0.698,4,"uop_p0_q_reg[class_idx][2]/C","hmatch_budget_q_reg[2]/CE","TOP control","FDCE=2;LUT4=1;LUT6=3"
376,1.540,5.000,3.249,0.980,2.269,0.698,4,"uop_p0_q_reg[class_idx][2]/C","hmatch_budget_q_reg[3]/CE","TOP control","FDCE=2;LUT4=1;LUT6=3"
377,1.540,5.000,3.249,0.980,2.269,0.698,4,"uop_p0_q_reg[class_idx][2]/C","hmatch_budget_q_reg[4]/CE","TOP control","FDCE=2;LUT4=1;LUT6=3"
378,1.540,5.000,3.249,0.980,2.269,0.698,4,"uop_p0_q_reg[class_idx][2]/C","hmatch_budget_q_reg[5]/CE","TOP control","FDCE=2;LUT4=1;LUT6=3"
379,1.540,5.000,3.249,0.980,2.269,0.698,4,"uop_p0_q_reg[class_idx][2]/C","hmatch_budget_q_reg[6]/CE","TOP control","FDCE=2;LUT4=1;LUT6=3"
380,1.540,5.000,3.249,0.980,2.269,0.698,4,"uop_p0_q_reg[class_idx][2]/C","hmatch_budget_q_reg[7]/CE","TOP control","FDCE=2;LUT4=1;LUT6=3"
381,1.540,5.000,3.249,0.980,2.269,0.698,4,"uop_p0_q_reg[class_idx][2]/C","hmatch_budget_q_reg[8]/CE","TOP control","FDCE=2;LUT4=1;LUT6=3"
382,1.540,5.000,3.249,0.980,2.269,0.698,4,"uop_p0_q_reg[class_idx][2]/C","hmatch_budget_q_reg[9]/CE","TOP control","FDCE=2;LUT4=1;LUT6=3"
383,1.606,5.000,3.183,0.875,2.308,0.725,3,"a_q_reg[16]/C","ecc_leaf_a_q_reg[0]/CE","other","FDCE=2;LUT5=1;LUT6=2"
384,1.606,5.000,3.183,0.875,2.308,0.725,3,"a_q_reg[16]/C","ecc_leaf_a_q_reg[10]/CE","other","FDCE=2;LUT5=1;LUT6=2"
385,1.606,5.000,3.183,0.875,2.308,0.725,3,"a_q_reg[16]/C","ecc_leaf_a_q_reg[11]/CE","other","FDCE=2;LUT5=1;LUT6=2"
386,1.606,5.000,3.183,0.875,2.308,0.725,3,"a_q_reg[16]/C","ecc_leaf_a_q_reg[12]/CE","other","FDCE=2;LUT5=1;LUT6=2"
387,1.606,5.000,3.183,0.875,2.308,0.725,3,"a_q_reg[16]/C","ecc_leaf_a_q_reg[13]/CE","other","FDCE=2;LUT5=1;LUT6=2"
388,1.606,5.000,3.183,0.875,2.308,0.725,3,"a_q_reg[16]/C","ecc_leaf_a_q_reg[14]/CE","other","FDCE=2;LUT5=1;LUT6=2"
389,1.606,5.000,3.183,0.875,2.308,0.725,3,"a_q_reg[16]/C","ecc_leaf_a_q_reg[15]/CE","other","FDCE=2;LUT5=1;LUT6=2"
390,1.606,5.000,3.183,0.875,2.308,0.725,3,"a_q_reg[16]/C","ecc_leaf_a_q_reg[16]/CE","other","FDCE=2;LUT5=1;LUT6=2"
391,1.606,5.000,3.183,0.875,2.308,0.725,3,"a_q_reg[16]/C","ecc_leaf_a_q_reg[17]/CE","other","FDCE=2;LUT5=1;LUT6=2"
392,1.606,5.000,3.183,0.875,2.308,0.725,3,"a_q_reg[16]/C","ecc_leaf_a_q_reg[18]/CE","other","FDCE=2;LUT5=1;LUT6=2"
393,1.606,5.000,3.183,0.875,2.308,0.725,3,"a_q_reg[16]/C","ecc_leaf_a_q_reg[19]/CE","other","FDCE=2;LUT5=1;LUT6=2"
394,1.606,5.000,3.183,0.875,2.308,0.725,3,"a_q_reg[16]/C","ecc_leaf_a_q_reg[1]/CE","other","FDCE=2;LUT5=1;LUT6=2"
395,1.606,5.000,3.183,0.875,2.308,0.725,3,"a_q_reg[16]/C","ecc_leaf_a_q_reg[20]/CE","other","FDCE=2;LUT5=1;LUT6=2"
396,1.606,5.000,3.183,0.875,2.308,0.725,3,"a_q_reg[16]/C","ecc_leaf_a_q_reg[21]/CE","other","FDCE=2;LUT5=1;LUT6=2"
397,1.606,5.000,3.183,0.875,2.308,0.725,3,"a_q_reg[16]/C","ecc_leaf_a_q_reg[22]/CE","other","FDCE=2;LUT5=1;LUT6=2"
398,1.606,5.000,3.183,0.875,2.308,0.725,3,"a_q_reg[16]/C","ecc_leaf_a_q_reg[23]/CE","other","FDCE=2;LUT5=1;LUT6=2"
399,1.606,5.000,3.183,0.875,2.308,0.725,3,"a_q_reg[16]/C","ecc_leaf_a_q_reg[24]/CE","other","FDCE=2;LUT5=1;LUT6=2"
400,1.606,5.000,3.183,0.875,2.308,0.725,3,"a_q_reg[16]/C","ecc_leaf_a_q_reg[25]/CE","other","FDCE=2;LUT5=1;LUT6=2"
401,1.606,5.000,3.183,0.875,2.308,0.725,3,"a_q_reg[16]/C","ecc_leaf_a_q_reg[26]/CE","other","FDCE=2;LUT5=1;LUT6=2"
402,1.606,5.000,3.183,0.875,2.308,0.725,3,"a_q_reg[16]/C","ecc_leaf_a_q_reg[27]/CE","other","FDCE=2;LUT5=1;LUT6=2"
403,1.606,5.000,3.183,0.875,2.308,0.725,3,"a_q_reg[16]/C","ecc_leaf_a_q_reg[28]/CE","other","FDCE=2;LUT5=1;LUT6=2"
404,1.606,5.000,3.183,0.875,2.308,0.725,3,"a_q_reg[16]/C","ecc_leaf_a_q_reg[29]/CE","other","FDCE=2;LUT5=1;LUT6=2"
405,1.606,5.000,3.183,0.875,2.308,0.725,3,"a_q_reg[16]/C","ecc_leaf_a_q_reg[2]/CE","other","FDCE=2;LUT5=1;LUT6=2"
406,1.606,5.000,3.183,0.875,2.308,0.725,3,"a_q_reg[16]/C","ecc_leaf_a_q_reg[30]/CE","other","FDCE=2;LUT5=1;LUT6=2"
407,1.606,5.000,3.183,0.875,2.308,0.725,3,"a_q_reg[16]/C","ecc_leaf_a_q_reg[31]/CE","other","FDCE=2;LUT5=1;LUT6=2"
408,1.606,5.000,3.183,0.875,2.308,0.725,3,"a_q_reg[16]/C","ecc_leaf_a_q_reg[3]/CE","other","FDCE=2;LUT5=1;LUT6=2"
409,1.606,5.000,3.183,0.875,2.308,0.725,3,"a_q_reg[16]/C","ecc_leaf_a_q_reg[4]/CE","other","FDCE=2;LUT5=1;LUT6=2"
410,1.606,5.000,3.183,0.875,2.308,0.725,3,"a_q_reg[16]/C","ecc_leaf_a_q_reg[5]/CE","other","FDCE=2;LUT5=1;LUT6=2"
411,1.606,5.000,3.183,0.875,2.308,0.725,3,"a_q_reg[16]/C","ecc_leaf_a_q_reg[6]/CE","other","FDCE=2;LUT5=1;LUT6=2"
412,1.606,5.000,3.183,0.875,2.308,0.725,3,"a_q_reg[16]/C","ecc_leaf_a_q_reg[7]/CE","other","FDCE=2;LUT5=1;LUT6=2"
413,1.606,5.000,3.183,0.875,2.308,0.725,3,"a_q_reg[16]/C","ecc_leaf_a_q_reg[8]/CE","other","FDCE=2;LUT5=1;LUT6=2"
414,1.606,5.000,3.183,0.875,2.308,0.725,3,"a_q_reg[16]/C","ecc_leaf_a_q_reg[9]/CE","other","FDCE=2;LUT5=1;LUT6=2"
415,1.619,5.000,3.170,0.980,2.190,0.691,4,"a_q_reg[7]/C","hperm_dst_base_q_reg[2]/CE","other","FDCE=2;LUT4=1;LUT5=2;LUT6=1"
416,1.619,5.000,3.170,0.980,2.190,0.691,4,"a_q_reg[7]/C","hperm_dst_base_q_reg[3]/CE","other","FDCE=2;LUT4=1;LUT5=2;LUT6=1"
417,1.619,5.000,3.170,0.980,2.190,0.691,4,"a_q_reg[7]/C","hperm_dst_base_q_reg[4]/CE","other","FDCE=2;LUT4=1;LUT5=2;LUT6=1"
418,1.619,5.000,3.170,0.980,2.190,0.691,4,"a_q_reg[7]/C","hperm_dst_base_q_reg[5]/CE","other","FDCE=2;LUT4=1;LUT5=2;LUT6=1"
419,1.619,5.000,3.170,0.980,2.190,0.691,4,"a_q_reg[7]/C","hperm_lane_base_q_reg[0]/CE","other","FDCE=2;LUT4=1;LUT5=2;LUT6=1"
420,1.619,5.000,3.170,0.980,2.190,0.691,4,"a_q_reg[7]/C","hperm_lane_base_q_reg[0]_rep/CE","other","FDCE=2;LUT4=1;LUT5=2;LUT6=1"
421,1.619,5.000,3.170,0.980,2.190,0.691,4,"a_q_reg[7]/C","hperm_lane_base_q_reg[0]_rep__0/CE","other","FDCE=2;LUT4=1;LUT5=2;LUT6=1"
422,1.619,5.000,3.170,0.980,2.190,0.691,4,"a_q_reg[7]/C","hperm_lane_base_q_reg[0]_rep__1/CE","other","FDCE=2;LUT4=1;LUT5=2;LUT6=1"
423,1.619,5.000,3.170,0.980,2.190,0.691,4,"a_q_reg[7]/C","hperm_lane_base_q_reg[1]/CE","other","FDCE=2;LUT4=1;LUT5=2;LUT6=1"
424,1.619,5.000,3.170,0.980,2.190,0.691,4,"a_q_reg[7]/C","hperm_lane_base_q_reg[1]_rep/CE","other","FDCE=2;LUT4=1;LUT5=2;LUT6=1"
425,1.619,5.000,3.170,0.980,2.190,0.691,4,"a_q_reg[7]/C","hperm_lane_base_q_reg[1]_rep__0/CE","other","FDCE=2;LUT4=1;LUT5=2;LUT6=1"
426,1.619,5.000,3.170,0.980,2.190,0.691,4,"a_q_reg[7]/C","hperm_lane_base_q_reg[1]_rep__1/CE","other","FDCE=2;LUT4=1;LUT5=2;LUT6=1"
427,1.619,5.000,3.170,0.980,2.190,0.691,4,"a_q_reg[7]/C","hperm_nibble_q_reg[0]/CE","other","FDCE=2;LUT4=1;LUT5=2;LUT6=1"
428,1.619,5.000,3.170,0.980,2.190,0.691,4,"a_q_reg[7]/C","hperm_nibble_q_reg[1]/CE","other","FDCE=2;LUT4=1;LUT5=2;LUT6=1"
429,1.619,5.000,3.170,0.980,2.190,0.691,4,"a_q_reg[7]/C","hperm_nibble_q_reg[2]/CE","other","FDCE=2;LUT4=1;LUT5=2;LUT6=1"
430,1.619,5.000,3.170,0.980,2.190,0.691,4,"a_q_reg[7]/C","hperm_nibble_q_reg[3]/CE","other","FDCE=2;LUT4=1;LUT5=2;LUT6=1"
431,1.619,5.000,3.170,0.980,2.190,0.691,4,"a_q_reg[7]/C","hperm_src_base_q_reg[2]/CE","other","FDCE=2;LUT4=1;LUT5=2;LUT6=1"
432,1.619,5.000,3.170,0.980,2.190,0.691,4,"a_q_reg[7]/C","hperm_src_base_q_reg[3]/CE","other","FDCE=2;LUT4=1;LUT5=2;LUT6=1"
433,1.619,5.000,3.170,0.980,2.190,0.691,4,"a_q_reg[7]/C","hperm_src_base_q_reg[4]/CE","other","FDCE=2;LUT4=1;LUT5=2;LUT6=1"
434,1.619,5.000,3.170,0.980,2.190,0.691,4,"a_q_reg[7]/C","hperm_src_base_q_reg[5]/CE","other","FDCE=2;LUT4=1;LUT5=2;LUT6=1"
435,1.619,5.000,3.170,0.980,2.190,0.691,4,"a_q_reg[7]/C","hperm_word_off_q_reg[2]/CE","other","FDCE=2;LUT4=1;LUT5=2;LUT6=1"
436,1.619,5.000,3.170,0.980,2.190,0.691,4,"a_q_reg[7]/C","hperm_word_off_q_reg[3]/CE","other","FDCE=2;LUT4=1;LUT5=2;LUT6=1"
437,1.624,5.000,3.129,0.875,2.254,0.720,3,"ecc_leaf_path_q_reg[0]/C","ecc_product_pair_reg_0_3_0_0/SP/I","other","FDCE=1;LUT6=3;RAMS32=1"
438,1.624,5.000,3.129,0.875,2.254,0.720,3,"ecc_leaf_path_q_reg[0]/C","ecc_product_pair_reg_0_3_10_10/SP/I","other","FDCE=1;LUT6=3;RAMS32=1"
439,1.624,5.000,3.129,0.875,2.254,0.720,3,"ecc_leaf_path_q_reg[0]/C","ecc_product_pair_reg_0_3_11_11/SP/I","other","FDCE=1;LUT6=3;RAMS32=1"
440,1.624,5.000,3.129,0.875,2.254,0.720,3,"ecc_leaf_path_q_reg[0]/C","ecc_product_pair_reg_0_3_12_12/SP/I","other","FDCE=1;LUT6=3;RAMS32=1"
441,1.624,5.000,3.129,0.875,2.254,0.720,3,"ecc_leaf_path_q_reg[0]/C","ecc_product_pair_reg_0_3_13_13/SP/I","other","FDCE=1;LUT6=3;RAMS32=1"
442,1.624,5.000,3.129,0.875,2.254,0.720,3,"ecc_leaf_path_q_reg[0]/C","ecc_product_pair_reg_0_3_14_14/SP/I","other","FDCE=1;LUT6=3;RAMS32=1"
443,1.624,5.000,3.129,0.875,2.254,0.720,3,"ecc_leaf_path_q_reg[0]/C","ecc_product_pair_reg_0_3_15_15/SP/I","other","FDCE=1;LUT6=3;RAMS32=1"
444,1.624,5.000,3.129,0.875,2.254,0.720,3,"ecc_leaf_path_q_reg[0]/C","ecc_product_pair_reg_0_3_16_16/SP/I","other","FDCE=1;LUT6=3;RAMS32=1"
445,1.624,5.000,3.129,0.875,2.254,0.720,3,"ecc_leaf_path_q_reg[0]/C","ecc_product_pair_reg_0_3_17_17/SP/I","other","FDCE=1;LUT6=3;RAMS32=1"
446,1.624,5.000,3.129,0.875,2.254,0.720,3,"ecc_leaf_path_q_reg[0]/C","ecc_product_pair_reg_0_3_18_18/SP/I","other","FDCE=1;LUT6=3;RAMS32=1"
447,1.624,5.000,3.129,0.875,2.254,0.720,3,"ecc_leaf_path_q_reg[0]/C","ecc_product_pair_reg_0_3_19_19/SP/I","other","FDCE=1;LUT6=3;RAMS32=1"
448,1.624,5.000,3.129,0.875,2.254,0.720,3,"ecc_leaf_path_q_reg[0]/C","ecc_product_pair_reg_0_3_1_1/SP/I","other","FDCE=1;LUT6=3;RAMS32=1"
449,1.624,5.000,3.129,0.875,2.254,0.720,3,"ecc_leaf_path_q_reg[0]/C","ecc_product_pair_reg_0_3_20_20/SP/I","other","FDCE=1;LUT6=3;RAMS32=1"
450,1.624,5.000,3.129,0.875,2.254,0.720,3,"ecc_leaf_path_q_reg[0]/C","ecc_product_pair_reg_0_3_21_21/SP/I","other","FDCE=1;LUT6=3;RAMS32=1"
451,1.624,5.000,3.129,0.875,2.254,0.720,3,"ecc_leaf_path_q_reg[0]/C","ecc_product_pair_reg_0_3_22_22/SP/I","other","FDCE=1;LUT6=3;RAMS32=1"
452,1.624,5.000,3.129,0.875,2.254,0.720,3,"ecc_leaf_path_q_reg[0]/C","ecc_product_pair_reg_0_3_23_23/SP/I","other","FDCE=1;LUT6=3;RAMS32=1"
453,1.624,5.000,3.129,0.875,2.254,0.720,3,"ecc_leaf_path_q_reg[0]/C","ecc_product_pair_reg_0_3_24_24/SP/I","other","FDCE=1;LUT6=3;RAMS32=1"
454,1.624,5.000,3.129,0.875,2.254,0.720,3,"ecc_leaf_path_q_reg[0]/C","ecc_product_pair_reg_0_3_25_25/SP/I","other","FDCE=1;LUT6=3;RAMS32=1"
455,1.624,5.000,3.129,0.875,2.254,0.720,3,"ecc_leaf_path_q_reg[0]/C","ecc_product_pair_reg_0_3_26_26/SP/I","other","FDCE=1;LUT6=3;RAMS32=1"
456,1.624,5.000,3.129,0.875,2.254,0.720,3,"ecc_leaf_path_q_reg[0]/C","ecc_product_pair_reg_0_3_27_27/SP/I","other","FDCE=1;LUT6=3;RAMS32=1"
457,1.624,5.000,3.129,0.875,2.254,0.720,3,"ecc_leaf_path_q_reg[0]/C","ecc_product_pair_reg_0_3_28_28/SP/I","other","FDCE=1;LUT6=3;RAMS32=1"
458,1.624,5.000,3.129,0.875,2.254,0.720,3,"ecc_leaf_path_q_reg[0]/C","ecc_product_pair_reg_0_3_29_29/SP/I","other","FDCE=1;LUT6=3;RAMS32=1"
459,1.624,5.000,3.129,0.875,2.254,0.720,3,"ecc_leaf_path_q_reg[0]/C","ecc_product_pair_reg_0_3_2_2/SP/I","other","FDCE=1;LUT6=3;RAMS32=1"
460,1.624,5.000,3.129,0.875,2.254,0.720,3,"ecc_leaf_path_q_reg[0]/C","ecc_product_pair_reg_0_3_30_30/SP/I","other","FDCE=1;LUT6=3;RAMS32=1"
461,1.624,5.000,3.129,0.875,2.254,0.720,3,"ecc_leaf_path_q_reg[0]/C","ecc_product_pair_reg_0_3_31_31/SP/I","other","FDCE=1;LUT4=1;LUT6=2;RAMS32=1"
462,1.624,5.000,3.129,0.875,2.254,0.720,3,"ecc_leaf_path_q_reg[0]/C","ecc_product_pair_reg_0_3_32_32/SP/I","other","FDCE=1;LUT6=3;RAMS32=1"
463,1.624,5.000,3.129,0.875,2.254,0.720,3,"ecc_leaf_path_q_reg[0]/C","ecc_product_pair_reg_0_3_33_33/SP/I","other","FDCE=1;LUT6=3;RAMS32=1"
464,1.624,5.000,3.129,0.875,2.254,0.720,3,"ecc_leaf_path_q_reg[0]/C","ecc_product_pair_reg_0_3_34_34/SP/I","other","FDCE=1;LUT6=3;RAMS32=1"
465,1.624,5.000,3.129,0.875,2.254,0.720,3,"ecc_leaf_path_q_reg[0]/C","ecc_product_pair_reg_0_3_35_35/SP/I","other","FDCE=1;LUT6=3;RAMS32=1"
466,1.624,5.000,3.129,0.875,2.254,0.720,3,"ecc_leaf_path_q_reg[0]/C","ecc_product_pair_reg_0_3_36_36/SP/I","other","FDCE=1;LUT6=3;RAMS32=1"
467,1.624,5.000,3.129,0.875,2.254,0.720,3,"ecc_leaf_path_q_reg[0]/C","ecc_product_pair_reg_0_3_37_37/SP/I","other","FDCE=1;LUT6=3;RAMS32=1"
468,1.624,5.000,3.129,0.875,2.254,0.720,3,"ecc_leaf_path_q_reg[0]/C","ecc_product_pair_reg_0_3_38_38/SP/I","other","FDCE=1;LUT6=3;RAMS32=1"
469,1.624,5.000,3.129,0.875,2.254,0.720,3,"ecc_leaf_path_q_reg[0]/C","ecc_product_pair_reg_0_3_39_39/SP/I","other","FDCE=1;LUT6=3;RAMS32=1"
470,1.624,5.000,3.129,0.875,2.254,0.720,3,"ecc_leaf_path_q_reg[0]/C","ecc_product_pair_reg_0_3_3_3/SP/I","other","FDCE=1;LUT6=3;RAMS32=1"
471,1.624,5.000,3.129,0.875,2.254,0.720,3,"ecc_leaf_path_q_reg[0]/C","ecc_product_pair_reg_0_3_40_40/SP/I","other","FDCE=1;LUT6=3;RAMS32=1"
472,1.624,5.000,3.129,0.875,2.254,0.720,3,"ecc_leaf_path_q_reg[0]/C","ecc_product_pair_reg_0_3_41_41/SP/I","other","FDCE=1;LUT6=3;RAMS32=1"
473,1.624,5.000,3.129,0.875,2.254,0.720,3,"ecc_leaf_path_q_reg[0]/C","ecc_product_pair_reg_0_3_42_42/SP/I","other","FDCE=1;LUT6=3;RAMS32=1"
474,1.624,5.000,3.129,0.875,2.254,0.720,3,"ecc_leaf_path_q_reg[0]/C","ecc_product_pair_reg_0_3_43_43/SP/I","other","FDCE=1;LUT6=3;RAMS32=1"
475,1.624,5.000,3.129,0.875,2.254,0.720,3,"ecc_leaf_path_q_reg[0]/C","ecc_product_pair_reg_0_3_44_44/SP/I","other","FDCE=1;LUT6=3;RAMS32=1"
476,1.624,5.000,3.129,0.875,2.254,0.720,3,"ecc_leaf_path_q_reg[0]/C","ecc_product_pair_reg_0_3_45_45/SP/I","other","FDCE=1;LUT6=3;RAMS32=1"
477,1.624,5.000,3.129,0.875,2.254,0.720,3,"ecc_leaf_path_q_reg[0]/C","ecc_product_pair_reg_0_3_46_46/SP/I","other","FDCE=1;LUT6=3;RAMS32=1"
478,1.624,5.000,3.129,0.875,2.254,0.720,3,"ecc_leaf_path_q_reg[0]/C","ecc_product_pair_reg_0_3_47_47/SP/I","other","FDCE=1;LUT6=3;RAMS32=1"
479,1.624,5.000,3.129,0.875,2.254,0.720,3,"ecc_leaf_path_q_reg[0]/C","ecc_product_pair_reg_0_3_48_48/SP/I","other","FDCE=1;LUT6=3;RAMS32=1"
480,1.624,5.000,3.129,0.875,2.254,0.720,3,"ecc_leaf_path_q_reg[0]/C","ecc_product_pair_reg_0_3_49_49/SP/I","other","FDCE=1;LUT6=3;RAMS32=1"
481,1.624,5.000,3.129,0.875,2.254,0.720,3,"ecc_leaf_path_q_reg[0]/C","ecc_product_pair_reg_0_3_4_4/SP/I","other","FDCE=1;LUT6=3;RAMS32=1"
482,1.624,5.000,3.129,0.875,2.254,0.720,3,"ecc_leaf_path_q_reg[0]/C","ecc_product_pair_reg_0_3_50_50/SP/I","other","FDCE=1;LUT6=3;RAMS32=1"
483,1.624,5.000,3.129,0.875,2.254,0.720,3,"ecc_leaf_path_q_reg[0]/C","ecc_product_pair_reg_0_3_51_51/SP/I","other","FDCE=1;LUT6=3;RAMS32=1"
484,1.624,5.000,3.129,0.875,2.254,0.720,3,"ecc_leaf_path_q_reg[0]/C","ecc_product_pair_reg_0_3_52_52/SP/I","other","FDCE=1;LUT6=3;RAMS32=1"
485,1.624,5.000,3.129,0.875,2.254,0.720,3,"ecc_leaf_path_q_reg[0]/C","ecc_product_pair_reg_0_3_53_53/SP/I","other","FDCE=1;LUT6=3;RAMS32=1"
486,1.624,5.000,3.129,0.875,2.254,0.720,3,"ecc_leaf_path_q_reg[0]/C","ecc_product_pair_reg_0_3_54_54/SP/I","other","FDCE=1;LUT6=3;RAMS32=1"
487,1.624,5.000,3.129,0.875,2.254,0.720,3,"ecc_leaf_path_q_reg[0]/C","ecc_product_pair_reg_0_3_55_55/SP/I","other","FDCE=1;LUT6=3;RAMS32=1"
488,1.624,5.000,3.129,0.875,2.254,0.720,3,"ecc_leaf_path_q_reg[0]/C","ecc_product_pair_reg_0_3_56_56/SP/I","other","FDCE=1;LUT6=3;RAMS32=1"
489,1.624,5.000,3.129,0.875,2.254,0.720,3,"ecc_leaf_path_q_reg[0]/C","ecc_product_pair_reg_0_3_57_57/SP/I","other","FDCE=1;LUT6=3;RAMS32=1"
490,1.624,5.000,3.129,0.875,2.254,0.720,3,"ecc_leaf_path_q_reg[0]/C","ecc_product_pair_reg_0_3_58_58/SP/I","other","FDCE=1;LUT6=3;RAMS32=1"
491,1.624,5.000,3.129,0.875,2.254,0.720,3,"ecc_leaf_path_q_reg[0]/C","ecc_product_pair_reg_0_3_59_59/SP/I","other","FDCE=1;LUT6=3;RAMS32=1"
492,1.624,5.000,3.129,0.875,2.254,0.720,3,"ecc_leaf_path_q_reg[0]/C","ecc_product_pair_reg_0_3_5_5/SP/I","other","FDCE=1;LUT6=3;RAMS32=1"
493,1.624,5.000,3.129,0.875,2.254,0.720,3,"ecc_leaf_path_q_reg[0]/C","ecc_product_pair_reg_0_3_60_60/SP/I","other","FDCE=1;LUT6=3;RAMS32=1"
494,1.624,5.000,3.129,0.875,2.254,0.720,3,"ecc_leaf_path_q_reg[0]/C","ecc_product_pair_reg_0_3_61_61/SP/I","other","FDCE=1;LUT6=3;RAMS32=1"
495,1.624,5.000,3.129,0.875,2.254,0.720,3,"ecc_leaf_path_q_reg[0]/C","ecc_product_pair_reg_0_3_62_62/SP/I","other","FDCE=1;LUT6=3;RAMS32=1"
496,1.624,5.000,3.129,0.875,2.254,0.720,3,"ecc_leaf_path_q_reg[0]/C","ecc_product_pair_reg_0_3_6_6/SP/I","other","FDCE=1;LUT6=3;RAMS32=1"
497,1.624,5.000,3.129,0.875,2.254,0.720,3,"ecc_leaf_path_q_reg[0]/C","ecc_product_pair_reg_0_3_7_7/SP/I","other","FDCE=1;LUT6=3;RAMS32=1"
498,1.624,5.000,3.129,0.875,2.254,0.720,3,"ecc_leaf_path_q_reg[0]/C","ecc_product_pair_reg_0_3_8_8/SP/I","other","FDCE=1;LUT6=3;RAMS32=1"
499,1.624,5.000,3.129,0.875,2.254,0.720,3,"ecc_leaf_path_q_reg[0]/C","ecc_product_pair_reg_0_3_9_9/SP/I","other","FDCE=1;LUT6=3;RAMS32=1"
500,1.633,5.000,3.019,1.081,1.938,0.642,4,"uop_p3_q_reg[op_type][1]/C","uop_p0_q_reg[chunk_idx][0]/CE","TOP control","FDCE=2;LUT3=1;LUT5=1;LUT6=1;MUXF7=1"
501,1.633,5.000,3.019,1.081,1.938,0.642,4,"uop_p3_q_reg[op_type][1]/C","uop_p0_q_reg[chunk_idx][1]/CE","TOP control","FDCE=2;LUT3=1;LUT5=1;LUT6=1;MUXF7=1"
502,1.633,5.000,3.019,1.081,1.938,0.642,4,"uop_p3_q_reg[op_type][1]/C","uop_p0_q_reg[class_idx][0]/CE","TOP control","FDCE=2;LUT3=1;LUT5=1;LUT6=1;MUXF7=1"
503,1.633,5.000,3.019,1.081,1.938,0.642,4,"uop_p3_q_reg[op_type][1]/C","uop_p0_q_reg[class_idx][1]/CE","TOP control","FDCE=2;LUT3=1;LUT5=1;LUT6=1;MUXF7=1"
504,1.633,5.000,3.019,1.081,1.938,0.642,4,"uop_p3_q_reg[op_type][1]/C","uop_p0_q_reg[class_idx][2]/CE","TOP control","FDCE=2;LUT3=1;LUT5=1;LUT6=1;MUXF7=1"
505,1.633,5.000,3.019,1.081,1.938,0.642,4,"uop_p3_q_reg[op_type][1]/C","uop_p0_q_reg[dst_addr][0]/CE","TOP control","FDCE=2;LUT3=1;LUT5=1;LUT6=1;MUXF7=1"
506,1.633,5.000,3.019,1.081,1.938,0.642,4,"uop_p3_q_reg[op_type][1]/C","uop_p0_q_reg[dst_addr][1]/CE","TOP control","FDCE=2;LUT3=1;LUT5=1;LUT6=1;MUXF7=1"
507,1.633,5.000,3.019,1.081,1.938,0.642,4,"uop_p3_q_reg[op_type][1]/C","uop_p0_q_reg[dst_addr][2]/CE","TOP control","FDCE=2;LUT3=1;LUT5=1;LUT6=1;MUXF7=1"
508,1.633,5.000,3.019,1.081,1.938,0.642,4,"uop_p3_q_reg[op_type][1]/C","uop_p0_q_reg[dst_addr][3]/CE","TOP control","FDCE=2;LUT3=1;LUT5=1;LUT6=1;MUXF7=1"
509,1.633,5.000,3.019,1.081,1.938,0.642,4,"uop_p3_q_reg[op_type][1]/C","uop_p0_q_reg[dst_addr][4]/CE","TOP control","FDCE=2;LUT3=1;LUT5=1;LUT6=1;MUXF7=1"
510,1.633,5.000,3.019,1.081,1.938,0.642,4,"uop_p3_q_reg[op_type][1]/C","uop_p0_q_reg[dst_addr][5]/CE","TOP control","FDCE=2;LUT3=1;LUT5=1;LUT6=1;MUXF7=1"
511,1.633,5.000,3.019,1.081,1.938,0.642,4,"uop_p3_q_reg[op_type][1]/C","uop_p0_q_reg[is_last_class]/CE","TOP control","FDCE=2;LUT3=1;LUT5=1;LUT6=1;MUXF7=1"
512,1.633,5.000,3.019,1.081,1.938,0.642,4,"uop_p3_q_reg[op_type][1]/C","uop_p0_q_reg[op_type][0]/CE","TOP control","FDCE=2;LUT3=1;LUT5=1;LUT6=1;MUXF7=1"
513,1.633,5.000,3.019,1.081,1.938,0.642,4,"uop_p3_q_reg[op_type][1]/C","uop_p0_q_reg[op_type][1]/CE","TOP control","FDCE=2;LUT3=1;LUT5=1;LUT6=1;MUXF7=1"
514,1.633,5.000,3.019,1.081,1.938,0.642,4,"uop_p3_q_reg[op_type][1]/C","uop_p0_q_reg[op_type][2]/CE","TOP control","FDCE=2;LUT3=1;LUT5=1;LUT6=1;MUXF7=1"
515,1.633,5.000,3.019,1.081,1.938,0.642,4,"uop_p3_q_reg[op_type][1]/C","uop_p0_q_reg[perm_nibble][0]/CE","TOP control","FDCE=2;LUT3=1;LUT5=1;LUT6=1;MUXF7=1"
516,1.633,5.000,3.019,1.081,1.938,0.642,4,"uop_p3_q_reg[op_type][1]/C","uop_p0_q_reg[perm_nibble][1]/CE","TOP control","FDCE=2;LUT3=1;LUT5=1;LUT6=1;MUXF7=1"
517,1.633,5.000,3.019,1.081,1.938,0.642,4,"uop_p3_q_reg[op_type][1]/C","uop_p0_q_reg[perm_nibble][2]/CE","TOP control","FDCE=2;LUT3=1;LUT5=1;LUT6=1;MUXF7=1"
518,1.633,5.000,3.019,1.081,1.938,0.642,4,"uop_p3_q_reg[op_type][1]/C","uop_p0_q_reg[perm_nibble][3]/CE","TOP control","FDCE=2;LUT3=1;LUT5=1;LUT6=1;MUXF7=1"
519,1.633,5.000,3.019,1.081,1.938,0.642,4,"uop_p3_q_reg[op_type][1]/C","uop_p0_q_reg[src0_addr][0]/CE","TOP control","FDCE=2;LUT3=1;LUT5=1;LUT6=1;MUXF7=1"
520,1.633,5.000,3.019,1.081,1.938,0.642,4,"uop_p3_q_reg[op_type][1]/C","uop_p0_q_reg[src0_addr][1]/CE","TOP control","FDCE=2;LUT3=1;LUT5=1;LUT6=1;MUXF7=1"
521,1.633,5.000,3.019,1.081,1.938,0.642,4,"uop_p3_q_reg[op_type][1]/C","uop_p0_q_reg[src0_addr][2]/CE","TOP control","FDCE=2;LUT3=1;LUT5=1;LUT6=1;MUXF7=1"
522,1.633,5.000,3.019,1.081,1.938,0.642,4,"uop_p3_q_reg[op_type][1]/C","uop_p0_q_reg[src0_addr][3]/CE","TOP control","FDCE=2;LUT3=1;LUT5=1;LUT6=1;MUXF7=1"
523,1.633,5.000,3.019,1.081,1.938,0.642,4,"uop_p3_q_reg[op_type][1]/C","uop_p0_q_reg[src0_addr][4]/CE","TOP control","FDCE=2;LUT3=1;LUT5=1;LUT6=1;MUXF7=1"
524,1.633,5.000,3.019,1.081,1.938,0.642,4,"uop_p3_q_reg[op_type][1]/C","uop_p0_q_reg[src0_addr][5]/CE","TOP control","FDCE=2;LUT3=1;LUT5=1;LUT6=1;MUXF7=1"
525,1.633,5.000,3.019,1.081,1.938,0.642,4,"uop_p3_q_reg[op_type][1]/C","uop_p0_q_reg[src1_addr][0]/CE","TOP control","FDCE=2;LUT3=1;LUT5=1;LUT6=1;MUXF7=1"
526,1.633,5.000,3.019,1.081,1.938,0.642,4,"uop_p3_q_reg[op_type][1]/C","uop_p0_q_reg[src1_addr][1]/CE","TOP control","FDCE=2;LUT3=1;LUT5=1;LUT6=1;MUXF7=1"
527,1.633,5.000,3.019,1.081,1.938,0.642,4,"uop_p3_q_reg[op_type][1]/C","uop_p0_q_reg[src1_addr][2]/CE","TOP control","FDCE=2;LUT3=1;LUT5=1;LUT6=1;MUXF7=1"
528,1.633,5.000,3.019,1.081,1.938,0.642,4,"uop_p3_q_reg[op_type][1]/C","uop_p0_q_reg[src1_addr][3]/CE","TOP control","FDCE=2;LUT3=1;LUT5=1;LUT6=1;MUXF7=1"
529,1.633,5.000,3.019,1.081,1.938,0.642,4,"uop_p3_q_reg[op_type][1]/C","uop_p0_q_reg[src1_addr][4]/CE","TOP control","FDCE=2;LUT3=1;LUT5=1;LUT6=1;MUXF7=1"
530,1.633,5.000,3.019,1.081,1.938,0.642,4,"uop_p3_q_reg[op_type][1]/C","uop_p0_q_reg[src1_addr][5]/CE","TOP control","FDCE=2;LUT3=1;LUT5=1;LUT6=1;MUXF7=1"
531,1.633,5.000,3.019,1.081,1.938,0.642,4,"uop_p3_q_reg[op_type][1]/C","uop_p0_q_reg[subgroup_idx][0]/CE","TOP control","FDCE=2;LUT3=1;LUT5=1;LUT6=1;MUXF7=1"
532,1.633,5.000,3.019,1.081,1.938,0.642,4,"uop_p3_q_reg[op_type][1]/C","uop_p0_q_reg[subgroup_idx][1]/CE","TOP control","FDCE=2;LUT3=1;LUT5=1;LUT6=1;MUXF7=1"
533,1.633,5.000,3.019,1.081,1.938,0.642,4,"uop_p3_q_reg[op_type][1]/C","uop_p0_q_reg[use_clip]/CE","TOP control","FDCE=2;LUT3=1;LUT5=1;LUT6=1;MUXF7=1"
534,1.633,5.000,3.019,1.081,1.938,0.642,4,"uop_p3_q_reg[op_type][1]/C","uop_p0_q_reg[use_counter]/CE","TOP control","FDCE=2;LUT3=1;LUT5=1;LUT6=1;MUXF7=1"
535,1.633,5.000,3.019,1.081,1.938,0.642,4,"uop_p3_q_reg[op_type][1]/C","uop_p0_q_reg[use_shift]/CE","TOP control","FDCE=2;LUT3=1;LUT5=1;LUT6=1;MUXF7=1"
536,1.658,5.000,3.131,0.875,2.256,0.721,3,"a_q_reg[16]/C","ecc_leaf_prod_q_reg[0]/CE","other","FDCE=2;LUT5=1;LUT6=2"
537,1.658,5.000,3.131,0.875,2.256,0.721,3,"a_q_reg[16]/C","ecc_leaf_prod_q_reg[10]/CE","other","FDCE=2;LUT5=1;LUT6=2"
538,1.658,5.000,3.131,0.875,2.256,0.721,3,"a_q_reg[16]/C","ecc_leaf_prod_q_reg[11]/CE","other","FDCE=2;LUT5=1;LUT6=2"
539,1.658,5.000,3.131,0.875,2.256,0.721,3,"a_q_reg[16]/C","ecc_leaf_prod_q_reg[12]/CE","other","FDCE=2;LUT5=1;LUT6=2"
540,1.658,5.000,3.131,0.875,2.256,0.721,3,"a_q_reg[16]/C","ecc_leaf_prod_q_reg[13]/CE","other","FDCE=2;LUT5=1;LUT6=2"
541,1.658,5.000,3.131,0.875,2.256,0.721,3,"a_q_reg[16]/C","ecc_leaf_prod_q_reg[14]/CE","other","FDCE=2;LUT5=1;LUT6=2"
542,1.658,5.000,3.131,0.875,2.256,0.721,3,"a_q_reg[16]/C","ecc_leaf_prod_q_reg[15]/CE","other","FDCE=2;LUT5=1;LUT6=2"
543,1.658,5.000,3.131,0.875,2.256,0.721,3,"a_q_reg[16]/C","ecc_leaf_prod_q_reg[16]/CE","other","FDCE=2;LUT5=1;LUT6=2"
544,1.658,5.000,3.131,0.875,2.256,0.721,3,"a_q_reg[16]/C","ecc_leaf_prod_q_reg[17]/CE","other","FDCE=2;LUT5=1;LUT6=2"
545,1.658,5.000,3.131,0.875,2.256,0.721,3,"a_q_reg[16]/C","ecc_leaf_prod_q_reg[18]/CE","other","FDCE=2;LUT5=1;LUT6=2"
546,1.658,5.000,3.131,0.875,2.256,0.721,3,"a_q_reg[16]/C","ecc_leaf_prod_q_reg[19]/CE","other","FDCE=2;LUT5=1;LUT6=2"
547,1.658,5.000,3.131,0.875,2.256,0.721,3,"a_q_reg[16]/C","ecc_leaf_prod_q_reg[1]/CE","other","FDCE=2;LUT5=1;LUT6=2"
548,1.658,5.000,3.131,0.875,2.256,0.721,3,"a_q_reg[16]/C","ecc_leaf_prod_q_reg[20]/CE","other","FDCE=2;LUT5=1;LUT6=2"
549,1.658,5.000,3.131,0.875,2.256,0.721,3,"a_q_reg[16]/C","ecc_leaf_prod_q_reg[21]/CE","other","FDCE=2;LUT5=1;LUT6=2"
550,1.658,5.000,3.131,0.875,2.256,0.721,3,"a_q_reg[16]/C","ecc_leaf_prod_q_reg[22]/CE","other","FDCE=2;LUT5=1;LUT6=2"
551,1.658,5.000,3.131,0.875,2.256,0.721,3,"a_q_reg[16]/C","ecc_leaf_prod_q_reg[23]/CE","other","FDCE=2;LUT5=1;LUT6=2"
552,1.658,5.000,3.131,0.875,2.256,0.721,3,"a_q_reg[16]/C","ecc_leaf_prod_q_reg[24]/CE","other","FDCE=2;LUT5=1;LUT6=2"
553,1.658,5.000,3.131,0.875,2.256,0.721,3,"a_q_reg[16]/C","ecc_leaf_prod_q_reg[25]/CE","other","FDCE=2;LUT5=1;LUT6=2"
554,1.658,5.000,3.131,0.875,2.256,0.721,3,"a_q_reg[16]/C","ecc_leaf_prod_q_reg[26]/CE","other","FDCE=2;LUT5=1;LUT6=2"
555,1.658,5.000,3.131,0.875,2.256,0.721,3,"a_q_reg[16]/C","ecc_leaf_prod_q_reg[27]/CE","other","FDCE=2;LUT5=1;LUT6=2"
556,1.658,5.000,3.131,0.875,2.256,0.721,3,"a_q_reg[16]/C","ecc_leaf_prod_q_reg[28]/CE","other","FDCE=2;LUT5=1;LUT6=2"
557,1.658,5.000,3.131,0.875,2.256,0.721,3,"a_q_reg[16]/C","ecc_leaf_prod_q_reg[29]/CE","other","FDCE=2;LUT5=1;LUT6=2"
558,1.658,5.000,3.131,0.875,2.256,0.721,3,"a_q_reg[16]/C","ecc_leaf_prod_q_reg[2]/CE","other","FDCE=2;LUT5=1;LUT6=2"
559,1.658,5.000,3.131,0.875,2.256,0.721,3,"a_q_reg[16]/C","ecc_leaf_prod_q_reg[30]/CE","other","FDCE=2;LUT5=1;LUT6=2"
560,1.658,5.000,3.131,0.875,2.256,0.721,3,"a_q_reg[16]/C","ecc_leaf_prod_q_reg[31]/CE","other","FDCE=2;LUT5=1;LUT6=2"
561,1.658,5.000,3.131,0.875,2.256,0.721,3,"a_q_reg[16]/C","ecc_leaf_prod_q_reg[32]/CE","other","FDCE=2;LUT5=1;LUT6=2"
562,1.658,5.000,3.131,0.875,2.256,0.721,3,"a_q_reg[16]/C","ecc_leaf_prod_q_reg[33]/CE","other","FDCE=2;LUT5=1;LUT6=2"
563,1.658,5.000,3.131,0.875,2.256,0.721,3,"a_q_reg[16]/C","ecc_leaf_prod_q_reg[34]/CE","other","FDCE=2;LUT5=1;LUT6=2"
564,1.658,5.000,3.131,0.875,2.256,0.721,3,"a_q_reg[16]/C","ecc_leaf_prod_q_reg[35]/CE","other","FDCE=2;LUT5=1;LUT6=2"
565,1.658,5.000,3.131,0.875,2.256,0.721,3,"a_q_reg[16]/C","ecc_leaf_prod_q_reg[36]/CE","other","FDCE=2;LUT5=1;LUT6=2"
566,1.658,5.000,3.131,0.875,2.256,0.721,3,"a_q_reg[16]/C","ecc_leaf_prod_q_reg[37]/CE","other","FDCE=2;LUT5=1;LUT6=2"
567,1.658,5.000,3.131,0.875,2.256,0.721,3,"a_q_reg[16]/C","ecc_leaf_prod_q_reg[38]/CE","other","FDCE=2;LUT5=1;LUT6=2"
568,1.658,5.000,3.131,0.875,2.256,0.721,3,"a_q_reg[16]/C","ecc_leaf_prod_q_reg[39]/CE","other","FDCE=2;LUT5=1;LUT6=2"
569,1.658,5.000,3.131,0.875,2.256,0.721,3,"a_q_reg[16]/C","ecc_leaf_prod_q_reg[3]/CE","other","FDCE=2;LUT5=1;LUT6=2"
570,1.658,5.000,3.131,0.875,2.256,0.721,3,"a_q_reg[16]/C","ecc_leaf_prod_q_reg[40]/CE","other","FDCE=2;LUT5=1;LUT6=2"
571,1.658,5.000,3.131,0.875,2.256,0.721,3,"a_q_reg[16]/C","ecc_leaf_prod_q_reg[41]/CE","other","FDCE=2;LUT5=1;LUT6=2"
572,1.658,5.000,3.131,0.875,2.256,0.721,3,"a_q_reg[16]/C","ecc_leaf_prod_q_reg[42]/CE","other","FDCE=2;LUT5=1;LUT6=2"
573,1.658,5.000,3.131,0.875,2.256,0.721,3,"a_q_reg[16]/C","ecc_leaf_prod_q_reg[43]/CE","other","FDCE=2;LUT5=1;LUT6=2"
574,1.658,5.000,3.131,0.875,2.256,0.721,3,"a_q_reg[16]/C","ecc_leaf_prod_q_reg[44]/CE","other","FDCE=2;LUT5=1;LUT6=2"
575,1.658,5.000,3.131,0.875,2.256,0.721,3,"a_q_reg[16]/C","ecc_leaf_prod_q_reg[45]/CE","other","FDCE=2;LUT5=1;LUT6=2"
576,1.658,5.000,3.131,0.875,2.256,0.721,3,"a_q_reg[16]/C","ecc_leaf_prod_q_reg[46]/CE","other","FDCE=2;LUT5=1;LUT6=2"
577,1.658,5.000,3.131,0.875,2.256,0.721,3,"a_q_reg[16]/C","ecc_leaf_prod_q_reg[47]/CE","other","FDCE=2;LUT5=1;LUT6=2"
578,1.658,5.000,3.131,0.875,2.256,0.721,3,"a_q_reg[16]/C","ecc_leaf_prod_q_reg[48]/CE","other","FDCE=2;LUT5=1;LUT6=2"
579,1.658,5.000,3.131,0.875,2.256,0.721,3,"a_q_reg[16]/C","ecc_leaf_prod_q_reg[49]/CE","other","FDCE=2;LUT5=1;LUT6=2"
580,1.658,5.000,3.131,0.875,2.256,0.721,3,"a_q_reg[16]/C","ecc_leaf_prod_q_reg[4]/CE","other","FDCE=2;LUT5=1;LUT6=2"
581,1.658,5.000,3.131,0.875,2.256,0.721,3,"a_q_reg[16]/C","ecc_leaf_prod_q_reg[50]/CE","other","FDCE=2;LUT5=1;LUT6=2"
582,1.658,5.000,3.131,0.875,2.256,0.721,3,"a_q_reg[16]/C","ecc_leaf_prod_q_reg[51]/CE","other","FDCE=2;LUT5=1;LUT6=2"
583,1.658,5.000,3.131,0.875,2.256,0.721,3,"a_q_reg[16]/C","ecc_leaf_prod_q_reg[52]/CE","other","FDCE=2;LUT5=1;LUT6=2"
584,1.658,5.000,3.131,0.875,2.256,0.721,3,"a_q_reg[16]/C","ecc_leaf_prod_q_reg[53]/CE","other","FDCE=2;LUT5=1;LUT6=2"
585,1.658,5.000,3.131,0.875,2.256,0.721,3,"a_q_reg[16]/C","ecc_leaf_prod_q_reg[54]/CE","other","FDCE=2;LUT5=1;LUT6=2"
586,1.658,5.000,3.131,0.875,2.256,0.721,3,"a_q_reg[16]/C","ecc_leaf_prod_q_reg[55]/CE","other","FDCE=2;LUT5=1;LUT6=2"
587,1.658,5.000,3.131,0.875,2.256,0.721,3,"a_q_reg[16]/C","ecc_leaf_prod_q_reg[5]/CE","other","FDCE=2;LUT5=1;LUT6=2"
588,1.658,5.000,3.131,0.875,2.256,0.721,3,"a_q_reg[16]/C","ecc_leaf_prod_q_reg[6]/CE","other","FDCE=2;LUT5=1;LUT6=2"
589,1.658,5.000,3.131,0.875,2.256,0.721,3,"a_q_reg[16]/C","ecc_leaf_prod_q_reg[7]/CE","other","FDCE=2;LUT5=1;LUT6=2"
590,1.658,5.000,3.131,0.875,2.256,0.721,3,"a_q_reg[16]/C","ecc_leaf_prod_q_reg[8]/CE","other","FDCE=2;LUT5=1;LUT6=2"
591,1.658,5.000,3.131,0.875,2.256,0.721,3,"a_q_reg[16]/C","ecc_leaf_prod_q_reg[9]/CE","other","FDCE=2;LUT5=1;LUT6=2"
592,1.661,5.000,3.128,0.875,2.253,0.720,3,"a_q_reg[16]/C","ecc_leaf_prod_q_reg[56]/CE","other","FDCE=2;LUT5=1;LUT6=2"
593,1.661,5.000,3.128,0.875,2.253,0.720,3,"a_q_reg[16]/C","ecc_leaf_prod_q_reg[57]/CE","other","FDCE=2;LUT5=1;LUT6=2"
594,1.661,5.000,3.128,0.875,2.253,0.720,3,"a_q_reg[16]/C","ecc_leaf_prod_q_reg[58]/CE","other","FDCE=2;LUT5=1;LUT6=2"
595,1.661,5.000,3.128,0.875,2.253,0.720,3,"a_q_reg[16]/C","ecc_leaf_prod_q_reg[59]/CE","other","FDCE=2;LUT5=1;LUT6=2"
596,1.661,5.000,3.128,0.875,2.253,0.720,3,"a_q_reg[16]/C","ecc_leaf_prod_q_reg[60]/CE","other","FDCE=2;LUT5=1;LUT6=2"
597,1.661,5.000,3.128,0.875,2.253,0.720,3,"a_q_reg[16]/C","ecc_leaf_prod_q_reg[61]/CE","other","FDCE=2;LUT5=1;LUT6=2"
598,1.661,5.000,3.128,0.875,2.253,0.720,3,"a_q_reg[16]/C","ecc_leaf_prod_q_reg[62]/CE","other","FDCE=2;LUT5=1;LUT6=2"
599,1.689,5.000,3.100,0.980,2.120,0.684,4,"op_q_reg[2]/C","st_q_reg[0]/CE","TOP control","FDCE=2;LUT3=1;LUT5=1;LUT6=2"
600,1.689,5.000,3.100,0.980,2.120,0.684,4,"op_q_reg[2]/C","st_q_reg[1]/CE","TOP control","FDCE=2;LUT3=1;LUT5=1;LUT6=2"
601,1.689,5.000,3.100,0.980,2.120,0.684,4,"op_q_reg[2]/C","st_q_reg[2]/CE","TOP control","FDCE=2;LUT3=1;LUT5=1;LUT6=2"
602,1.689,5.000,3.100,0.980,2.120,0.684,4,"op_q_reg[2]/C","st_q_reg[3]/CE","TOP control","FDCE=2;LUT3=1;LUT5=1;LUT6=2"
603,1.689,5.000,3.100,0.980,2.120,0.684,4,"op_q_reg[2]/C","st_q_reg[4]/CE","TOP control","FDCE=2;LUT3=1;LUT5=1;LUT6=2"
604,1.689,5.000,3.100,0.980,2.120,0.684,4,"op_q_reg[2]/C","st_q_reg[4]_rep/CE","TOP control","FDCE=2;LUT3=1;LUT5=1;LUT6=2"
605,1.689,5.000,3.100,0.980,2.120,0.684,4,"op_q_reg[2]/C","st_q_reg[4]_rep__0/CE","TOP control","FDCE=2;LUT3=1;LUT5=1;LUT6=2"
606,1.695,5.000,3.331,1.502,1.829,0.549,6,"gen_lane[2].i_p2_pop_slice/popcount_part_q_o_reg[1][0]/C","group_dist_q_reg[1]/D","P2 popcount capture","CARRY4=2;FDCE=2;LUT3=1;LUT4=3"
607,1.700,5.000,3.089,0.980,2.109,0.683,4,"op_q_reg[2]/C","clr_cnt_q_reg[0]/CE","other","FDCE=2;LUT3=1;LUT6=3"
608,1.700,5.000,3.089,0.980,2.109,0.683,4,"op_q_reg[2]/C","clr_cnt_q_reg[1]/CE","other","FDCE=2;LUT3=1;LUT6=3"
609,1.700,5.000,3.089,0.980,2.109,0.683,4,"op_q_reg[2]/C","clr_cnt_q_reg[2]/CE","other","FDCE=2;LUT3=1;LUT6=3"
610,1.700,5.000,3.089,0.980,2.109,0.683,4,"op_q_reg[2]/C","clr_cnt_q_reg[3]/CE","other","FDCE=2;LUT3=1;LUT6=3"
611,1.717,5.000,3.072,0.980,2.092,0.681,4,"st_q_reg[3]/C","hdc_src0_q_reg[0][0]/CE","TOP control","FDCE=2;LUT2=1;LUT4=1;LUT6=2"
612,1.717,5.000,3.072,0.980,2.092,0.681,4,"st_q_reg[3]/C","hdc_src0_q_reg[0][10]/CE","TOP control","FDCE=2;LUT2=1;LUT4=1;LUT6=2"
613,1.717,5.000,3.072,0.980,2.092,0.681,4,"st_q_reg[3]/C","hdc_src0_q_reg[0][11]/CE","TOP control","FDCE=2;LUT2=1;LUT4=1;LUT6=2"
614,1.717,5.000,3.072,0.980,2.092,0.681,4,"st_q_reg[3]/C","hdc_src0_q_reg[0][12]/CE","TOP control","FDCE=2;LUT2=1;LUT4=1;LUT6=2"
615,1.717,5.000,3.072,0.980,2.092,0.681,4,"st_q_reg[3]/C","hdc_src0_q_reg[0][13]/CE","TOP control","FDCE=2;LUT2=1;LUT4=1;LUT6=2"
616,1.717,5.000,3.072,0.980,2.092,0.681,4,"st_q_reg[3]/C","hdc_src0_q_reg[0][14]/CE","TOP control","FDCE=2;LUT2=1;LUT4=1;LUT6=2"
617,1.717,5.000,3.072,0.980,2.092,0.681,4,"st_q_reg[3]/C","hdc_src0_q_reg[0][15]/CE","TOP control","FDCE=2;LUT2=1;LUT4=1;LUT6=2"
618,1.717,5.000,3.072,0.980,2.092,0.681,4,"st_q_reg[3]/C","hdc_src0_q_reg[0][16]/CE","TOP control","FDCE=2;LUT2=1;LUT4=1;LUT6=2"
619,1.717,5.000,3.072,0.980,2.092,0.681,4,"st_q_reg[3]/C","hdc_src0_q_reg[0][17]/CE","TOP control","FDCE=2;LUT2=1;LUT4=1;LUT6=2"
620,1.717,5.000,3.072,0.980,2.092,0.681,4,"st_q_reg[3]/C","hdc_src0_q_reg[0][18]/CE","TOP control","FDCE=2;LUT2=1;LUT4=1;LUT6=2"
621,1.717,5.000,3.072,0.980,2.092,0.681,4,"st_q_reg[3]/C","hdc_src0_q_reg[0][19]/CE","TOP control","FDCE=2;LUT2=1;LUT4=1;LUT6=2"
622,1.717,5.000,3.072,0.980,2.092,0.681,4,"st_q_reg[3]/C","hdc_src0_q_reg[0][1]/CE","TOP control","FDCE=2;LUT2=1;LUT4=1;LUT6=2"
623,1.717,5.000,3.072,0.980,2.092,0.681,4,"st_q_reg[3]/C","hdc_src0_q_reg[0][20]/CE","TOP control","FDCE=2;LUT2=1;LUT4=1;LUT6=2"
624,1.717,5.000,3.072,0.980,2.092,0.681,4,"st_q_reg[3]/C","hdc_src0_q_reg[0][21]/CE","TOP control","FDCE=2;LUT2=1;LUT4=1;LUT6=2"
625,1.717,5.000,3.072,0.980,2.092,0.681,4,"st_q_reg[3]/C","hdc_src0_q_reg[0][22]/CE","TOP control","FDCE=2;LUT2=1;LUT4=1;LUT6=2"
626,1.717,5.000,3.072,0.980,2.092,0.681,4,"st_q_reg[3]/C","hdc_src0_q_reg[0][23]/CE","TOP control","FDCE=2;LUT2=1;LUT4=1;LUT6=2"
627,1.717,5.000,3.072,0.980,2.092,0.681,4,"st_q_reg[3]/C","hdc_src0_q_reg[0][24]/CE","TOP control","FDCE=2;LUT2=1;LUT4=1;LUT6=2"
628,1.717,5.000,3.072,0.980,2.092,0.681,4,"st_q_reg[3]/C","hdc_src0_q_reg[0][25]/CE","TOP control","FDCE=2;LUT2=1;LUT4=1;LUT6=2"
629,1.717,5.000,3.072,0.980,2.092,0.681,4,"st_q_reg[3]/C","hdc_src0_q_reg[0][26]/CE","TOP control","FDCE=2;LUT2=1;LUT4=1;LUT6=2"
630,1.717,5.000,3.072,0.980,2.092,0.681,4,"st_q_reg[3]/C","hdc_src0_q_reg[0][27]/CE","TOP control","FDCE=2;LUT2=1;LUT4=1;LUT6=2"
631,1.717,5.000,3.072,0.980,2.092,0.681,4,"st_q_reg[3]/C","hdc_src0_q_reg[0][28]/CE","TOP control","FDCE=2;LUT2=1;LUT4=1;LUT6=2"
632,1.717,5.000,3.072,0.980,2.092,0.681,4,"st_q_reg[3]/C","hdc_src0_q_reg[0][29]/CE","TOP control","FDCE=2;LUT2=1;LUT4=1;LUT6=2"
633,1.717,5.000,3.072,0.980,2.092,0.681,4,"st_q_reg[3]/C","hdc_src0_q_reg[0][2]/CE","TOP control","FDCE=2;LUT2=1;LUT4=1;LUT6=2"
634,1.717,5.000,3.072,0.980,2.092,0.681,4,"st_q_reg[3]/C","hdc_src0_q_reg[0][30]/CE","TOP control","FDCE=2;LUT2=1;LUT4=1;LUT6=2"
635,1.717,5.000,3.072,0.980,2.092,0.681,4,"st_q_reg[3]/C","hdc_src0_q_reg[0][31]/CE","TOP control","FDCE=2;LUT2=1;LUT4=1;LUT6=2"
636,1.717,5.000,3.072,0.980,2.092,0.681,4,"st_q_reg[3]/C","hdc_src0_q_reg[0][32]/CE","TOP control","FDCE=2;LUT2=1;LUT4=1;LUT6=2"
637,1.717,5.000,3.072,0.980,2.092,0.681,4,"st_q_reg[3]/C","hdc_src0_q_reg[0][33]/CE","TOP control","FDCE=2;LUT2=1;LUT4=1;LUT6=2"
638,1.717,5.000,3.072,0.980,2.092,0.681,4,"st_q_reg[3]/C","hdc_src0_q_reg[0][34]/CE","TOP control","FDCE=2;LUT2=1;LUT4=1;LUT6=2"
639,1.717,5.000,3.072,0.980,2.092,0.681,4,"st_q_reg[3]/C","hdc_src0_q_reg[0][35]/CE","TOP control","FDCE=2;LUT2=1;LUT4=1;LUT6=2"
640,1.717,5.000,3.072,0.980,2.092,0.681,4,"st_q_reg[3]/C","hdc_src0_q_reg[0][36]/CE","TOP control","FDCE=2;LUT2=1;LUT4=1;LUT6=2"
641,1.717,5.000,3.072,0.980,2.092,0.681,4,"st_q_reg[3]/C","hdc_src0_q_reg[0][37]/CE","TOP control","FDCE=2;LUT2=1;LUT4=1;LUT6=2"
642,1.717,5.000,3.072,0.980,2.092,0.681,4,"st_q_reg[3]/C","hdc_src0_q_reg[0][38]/CE","TOP control","FDCE=2;LUT2=1;LUT4=1;LUT6=2"
643,1.717,5.000,3.072,0.980,2.092,0.681,4,"st_q_reg[3]/C","hdc_src0_q_reg[0][39]/CE","TOP control","FDCE=2;LUT2=1;LUT4=1;LUT6=2"
644,1.717,5.000,3.072,0.980,2.092,0.681,4,"st_q_reg[3]/C","hdc_src0_q_reg[0][3]/CE","TOP control","FDCE=2;LUT2=1;LUT4=1;LUT6=2"
645,1.717,5.000,3.072,0.980,2.092,0.681,4,"st_q_reg[3]/C","hdc_src0_q_reg[0][40]/CE","TOP control","FDCE=2;LUT2=1;LUT4=1;LUT6=2"
646,1.717,5.000,3.072,0.980,2.092,0.681,4,"st_q_reg[3]/C","hdc_src0_q_reg[0][41]/CE","TOP control","FDCE=2;LUT2=1;LUT4=1;LUT6=2"
647,1.717,5.000,3.072,0.980,2.092,0.681,4,"st_q_reg[3]/C","hdc_src0_q_reg[0][42]/CE","TOP control","FDCE=2;LUT2=1;LUT4=1;LUT6=2"
648,1.717,5.000,3.072,0.980,2.092,0.681,4,"st_q_reg[3]/C","hdc_src0_q_reg[0][43]/CE","TOP control","FDCE=2;LUT2=1;LUT4=1;LUT6=2"
649,1.717,5.000,3.072,0.980,2.092,0.681,4,"st_q_reg[3]/C","hdc_src0_q_reg[0][44]/CE","TOP control","FDCE=2;LUT2=1;LUT4=1;LUT6=2"
650,1.717,5.000,3.072,0.980,2.092,0.681,4,"st_q_reg[3]/C","hdc_src0_q_reg[0][45]/CE","TOP control","FDCE=2;LUT2=1;LUT4=1;LUT6=2"
651,1.717,5.000,3.072,0.980,2.092,0.681,4,"st_q_reg[3]/C","hdc_src0_q_reg[0][46]/CE","TOP control","FDCE=2;LUT2=1;LUT4=1;LUT6=2"
652,1.717,5.000,3.072,0.980,2.092,0.681,4,"st_q_reg[3]/C","hdc_src0_q_reg[0][47]/CE","TOP control","FDCE=2;LUT2=1;LUT4=1;LUT6=2"
653,1.717,5.000,3.072,0.980,2.092,0.681,4,"st_q_reg[3]/C","hdc_src0_q_reg[0][48]/CE","TOP control","FDCE=2;LUT2=1;LUT4=1;LUT5=1;LUT6=1"
654,1.717,5.000,3.072,0.980,2.092,0.681,4,"st_q_reg[3]/C","hdc_src0_q_reg[0][49]/CE","TOP control","FDCE=2;LUT2=1;LUT4=1;LUT5=1;LUT6=1"
655,1.717,5.000,3.072,0.980,2.092,0.681,4,"st_q_reg[3]/C","hdc_src0_q_reg[0][4]/CE","TOP control","FDCE=2;LUT2=1;LUT4=1;LUT6=2"
656,1.717,5.000,3.072,0.980,2.092,0.681,4,"st_q_reg[3]/C","hdc_src0_q_reg[0][50]/CE","TOP control","FDCE=2;LUT2=1;LUT4=1;LUT5=1;LUT6=1"
657,1.717,5.000,3.072,0.980,2.092,0.681,4,"st_q_reg[3]/C","hdc_src0_q_reg[0][51]/CE","TOP control","FDCE=2;LUT2=1;LUT4=1;LUT5=1;LUT6=1"
658,1.717,5.000,3.072,0.980,2.092,0.681,4,"st_q_reg[3]/C","hdc_src0_q_reg[0][52]/CE","TOP control","FDCE=2;LUT2=1;LUT4=1;LUT5=1;LUT6=1"
659,1.717,5.000,3.072,0.980,2.092,0.681,4,"st_q_reg[3]/C","hdc_src0_q_reg[0][53]/CE","TOP control","FDCE=2;LUT2=1;LUT4=1;LUT5=1;LUT6=1"
660,1.717,5.000,3.072,0.980,2.092,0.681,4,"st_q_reg[3]/C","hdc_src0_q_reg[0][54]/CE","TOP control","FDCE=2;LUT2=1;LUT4=1;LUT5=1;LUT6=1"
661,1.717,5.000,3.072,0.980,2.092,0.681,4,"st_q_reg[3]/C","hdc_src0_q_reg[0][55]/CE","TOP control","FDCE=2;LUT2=1;LUT4=1;LUT5=1;LUT6=1"
662,1.717,5.000,3.072,0.980,2.092,0.681,4,"st_q_reg[3]/C","hdc_src0_q_reg[0][56]/CE","TOP control","FDCE=2;LUT2=1;LUT4=1;LUT5=1;LUT6=1"
663,1.717,5.000,3.072,0.980,2.092,0.681,4,"st_q_reg[3]/C","hdc_src0_q_reg[0][57]/CE","TOP control","FDCE=2;LUT2=1;LUT4=1;LUT5=1;LUT6=1"
664,1.717,5.000,3.072,0.980,2.092,0.681,4,"st_q_reg[3]/C","hdc_src0_q_reg[0][58]/CE","TOP control","FDCE=2;LUT2=1;LUT4=1;LUT5=1;LUT6=1"
665,1.717,5.000,3.072,0.980,2.092,0.681,4,"st_q_reg[3]/C","hdc_src0_q_reg[0][59]/CE","TOP control","FDCE=2;LUT2=1;LUT4=1;LUT5=1;LUT6=1"
666,1.717,5.000,3.072,0.980,2.092,0.681,4,"st_q_reg[3]/C","hdc_src0_q_reg[0][5]/CE","TOP control","FDCE=2;LUT2=1;LUT4=1;LUT6=2"
667,1.717,5.000,3.072,0.980,2.092,0.681,4,"st_q_reg[3]/C","hdc_src0_q_reg[0][60]/CE","TOP control","FDCE=2;LUT2=1;LUT4=1;LUT5=1;LUT6=1"
668,1.717,5.000,3.072,0.980,2.092,0.681,4,"st_q_reg[3]/C","hdc_src0_q_reg[0][61]/CE","TOP control","FDCE=2;LUT2=1;LUT4=1;LUT5=1;LUT6=1"
669,1.717,5.000,3.072,0.980,2.092,0.681,4,"st_q_reg[3]/C","hdc_src0_q_reg[0][62]/CE","TOP control","FDCE=2;LUT2=1;LUT4=1;LUT5=1;LUT6=1"
670,1.717,5.000,3.072,0.980,2.092,0.681,4,"st_q_reg[3]/C","hdc_src0_q_reg[0][63]/CE","TOP control","FDCE=2;LUT2=1;LUT4=1;LUT5=1;LUT6=1"
671,1.717,5.000,3.072,0.980,2.092,0.681,4,"st_q_reg[3]/C","hdc_src0_q_reg[0][6]/CE","TOP control","FDCE=2;LUT2=1;LUT4=1;LUT6=2"
672,1.717,5.000,3.072,0.980,2.092,0.681,4,"st_q_reg[3]/C","hdc_src0_q_reg[0][7]/CE","TOP control","FDCE=2;LUT2=1;LUT4=1;LUT6=2"
673,1.717,5.000,3.072,0.980,2.092,0.681,4,"st_q_reg[3]/C","hdc_src0_q_reg[0][8]/CE","TOP control","FDCE=2;LUT2=1;LUT4=1;LUT6=2"
674,1.717,5.000,3.072,0.980,2.092,0.681,4,"st_q_reg[3]/C","hdc_src0_q_reg[0][9]/CE","TOP control","FDCE=2;LUT2=1;LUT4=1;LUT6=2"
675,1.717,5.000,3.072,0.980,2.092,0.681,4,"st_q_reg[3]/C","hdc_src0_q_reg[1][0]/CE","TOP control","FDCE=2;LUT2=1;LUT4=1;LUT6=2"
676,1.717,5.000,3.072,0.980,2.092,0.681,4,"st_q_reg[3]/C","hdc_src0_q_reg[1][10]/CE","TOP control","FDCE=2;LUT2=1;LUT4=1;LUT6=2"
677,1.717,5.000,3.072,0.980,2.092,0.681,4,"st_q_reg[3]/C","hdc_src0_q_reg[1][11]/CE","TOP control","FDCE=2;LUT2=1;LUT4=1;LUT6=2"
678,1.717,5.000,3.072,0.980,2.092,0.681,4,"st_q_reg[3]/C","hdc_src0_q_reg[1][12]/CE","TOP control","FDCE=2;LUT2=1;LUT4=1;LUT6=2"
679,1.717,5.000,3.072,0.980,2.092,0.681,4,"st_q_reg[3]/C","hdc_src0_q_reg[1][13]/CE","TOP control","FDCE=2;LUT2=1;LUT4=1;LUT6=2"
680,1.717,5.000,3.072,0.980,2.092,0.681,4,"st_q_reg[3]/C","hdc_src0_q_reg[1][14]/CE","TOP control","FDCE=2;LUT2=1;LUT4=1;LUT6=2"
681,1.717,5.000,3.072,0.980,2.092,0.681,4,"st_q_reg[3]/C","hdc_src0_q_reg[1][15]/CE","TOP control","FDCE=2;LUT2=1;LUT4=1;LUT6=2"
682,1.717,5.000,3.072,0.980,2.092,0.681,4,"st_q_reg[3]/C","hdc_src0_q_reg[1][16]/CE","TOP control","FDCE=2;LUT2=1;LUT4=1;LUT6=2"
683,1.717,5.000,3.072,0.980,2.092,0.681,4,"st_q_reg[3]/C","hdc_src0_q_reg[1][17]/CE","TOP control","FDCE=2;LUT2=1;LUT4=1;LUT6=2"
684,1.717,5.000,3.072,0.980,2.092,0.681,4,"st_q_reg[3]/C","hdc_src0_q_reg[1][18]/CE","TOP control","FDCE=2;LUT2=1;LUT4=1;LUT6=2"
685,1.717,5.000,3.072,0.980,2.092,0.681,4,"st_q_reg[3]/C","hdc_src0_q_reg[1][19]/CE","TOP control","FDCE=2;LUT2=1;LUT4=1;LUT6=2"
686,1.717,5.000,3.072,0.980,2.092,0.681,4,"st_q_reg[3]/C","hdc_src0_q_reg[1][1]/CE","TOP control","FDCE=2;LUT2=1;LUT4=1;LUT6=2"
687,1.717,5.000,3.072,0.980,2.092,0.681,4,"st_q_reg[3]/C","hdc_src0_q_reg[1][20]/CE","TOP control","FDCE=2;LUT2=1;LUT4=1;LUT6=2"
688,1.717,5.000,3.072,0.980,2.092,0.681,4,"st_q_reg[3]/C","hdc_src0_q_reg[1][21]/CE","TOP control","FDCE=2;LUT2=1;LUT4=1;LUT6=2"
689,1.717,5.000,3.072,0.980,2.092,0.681,4,"st_q_reg[3]/C","hdc_src0_q_reg[1][22]/CE","TOP control","FDCE=2;LUT2=1;LUT4=1;LUT6=2"
690,1.717,5.000,3.072,0.980,2.092,0.681,4,"st_q_reg[3]/C","hdc_src0_q_reg[1][23]/CE","TOP control","FDCE=2;LUT2=1;LUT4=1;LUT6=2"
691,1.717,5.000,3.072,0.980,2.092,0.681,4,"st_q_reg[3]/C","hdc_src0_q_reg[1][24]/CE","TOP control","FDCE=2;LUT2=1;LUT4=1;LUT6=2"
692,1.717,5.000,3.072,0.980,2.092,0.681,4,"st_q_reg[3]/C","hdc_src0_q_reg[1][25]/CE","TOP control","FDCE=2;LUT2=1;LUT4=1;LUT6=2"
693,1.717,5.000,3.072,0.980,2.092,0.681,4,"st_q_reg[3]/C","hdc_src0_q_reg[1][26]/CE","TOP control","FDCE=2;LUT2=1;LUT4=1;LUT6=2"
694,1.717,5.000,3.072,0.980,2.092,0.681,4,"st_q_reg[3]/C","hdc_src0_q_reg[1][27]/CE","TOP control","FDCE=2;LUT2=1;LUT4=1;LUT6=2"
695,1.717,5.000,3.072,0.980,2.092,0.681,4,"st_q_reg[3]/C","hdc_src0_q_reg[1][28]/CE","TOP control","FDCE=2;LUT2=1;LUT4=1;LUT6=2"
696,1.717,5.000,3.072,0.980,2.092,0.681,4,"st_q_reg[3]/C","hdc_src0_q_reg[1][29]/CE","TOP control","FDCE=2;LUT2=1;LUT4=1;LUT6=2"
697,1.717,5.000,3.072,0.980,2.092,0.681,4,"st_q_reg[3]/C","hdc_src0_q_reg[1][2]/CE","TOP control","FDCE=2;LUT2=1;LUT4=1;LUT6=2"
698,1.717,5.000,3.072,0.980,2.092,0.681,4,"st_q_reg[3]/C","hdc_src0_q_reg[1][30]/CE","TOP control","FDCE=2;LUT2=1;LUT4=1;LUT6=2"
699,1.717,5.000,3.072,0.980,2.092,0.681,4,"st_q_reg[3]/C","hdc_src0_q_reg[1][31]/CE","TOP control","FDCE=2;LUT2=1;LUT4=1;LUT6=2"
700,1.717,5.000,3.072,0.980,2.092,0.681,4,"st_q_reg[3]/C","hdc_src0_q_reg[1][32]/CE","TOP control","FDCE=2;LUT2=1;LUT4=1;LUT6=2"
701,1.717,5.000,3.072,0.980,2.092,0.681,4,"st_q_reg[3]/C","hdc_src0_q_reg[1][33]/CE","TOP control","FDCE=2;LUT2=1;LUT4=1;LUT6=2"
702,1.717,5.000,3.072,0.980,2.092,0.681,4,"st_q_reg[3]/C","hdc_src0_q_reg[1][34]/CE","TOP control","FDCE=2;LUT2=1;LUT4=1;LUT6=2"
703,1.717,5.000,3.072,0.980,2.092,0.681,4,"st_q_reg[3]/C","hdc_src0_q_reg[1][35]/CE","TOP control","FDCE=2;LUT2=1;LUT4=1;LUT6=2"
704,1.717,5.000,3.072,0.980,2.092,0.681,4,"st_q_reg[3]/C","hdc_src0_q_reg[1][36]/CE","TOP control","FDCE=2;LUT2=1;LUT4=1;LUT6=2"
705,1.717,5.000,3.072,0.980,2.092,0.681,4,"st_q_reg[3]/C","hdc_src0_q_reg[1][37]/CE","TOP control","FDCE=2;LUT2=1;LUT4=1;LUT6=2"
706,1.717,5.000,3.072,0.980,2.092,0.681,4,"st_q_reg[3]/C","hdc_src0_q_reg[1][38]/CE","TOP control","FDCE=2;LUT2=1;LUT4=1;LUT6=2"
707,1.717,5.000,3.072,0.980,2.092,0.681,4,"st_q_reg[3]/C","hdc_src0_q_reg[1][39]/CE","TOP control","FDCE=2;LUT2=1;LUT4=1;LUT6=2"
708,1.717,5.000,3.072,0.980,2.092,0.681,4,"st_q_reg[3]/C","hdc_src0_q_reg[1][3]/CE","TOP control","FDCE=2;LUT2=1;LUT4=1;LUT6=2"
709,1.717,5.000,3.072,0.980,2.092,0.681,4,"st_q_reg[3]/C","hdc_src0_q_reg[1][40]/CE","TOP control","FDCE=2;LUT2=1;LUT4=1;LUT6=2"
710,1.717,5.000,3.072,0.980,2.092,0.681,4,"st_q_reg[3]/C","hdc_src0_q_reg[1][41]/CE","TOP control","FDCE=2;LUT2=1;LUT4=1;LUT6=2"
711,1.717,5.000,3.072,0.980,2.092,0.681,4,"st_q_reg[3]/C","hdc_src0_q_reg[1][42]/CE","TOP control","FDCE=2;LUT2=1;LUT4=1;LUT6=2"
712,1.717,5.000,3.072,0.980,2.092,0.681,4,"st_q_reg[3]/C","hdc_src0_q_reg[1][43]/CE","TOP control","FDCE=2;LUT2=1;LUT4=1;LUT6=2"
713,1.717,5.000,3.072,0.980,2.092,0.681,4,"st_q_reg[3]/C","hdc_src0_q_reg[1][44]/CE","TOP control","FDCE=2;LUT2=1;LUT4=1;LUT6=2"
714,1.717,5.000,3.072,0.980,2.092,0.681,4,"st_q_reg[3]/C","hdc_src0_q_reg[1][45]/CE","TOP control","FDCE=2;LUT2=1;LUT4=1;LUT6=2"
715,1.717,5.000,3.072,0.980,2.092,0.681,4,"st_q_reg[3]/C","hdc_src0_q_reg[1][46]/CE","TOP control","FDCE=2;LUT2=1;LUT4=1;LUT6=2"
716,1.717,5.000,3.072,0.980,2.092,0.681,4,"st_q_reg[3]/C","hdc_src0_q_reg[1][47]/CE","TOP control","FDCE=2;LUT2=1;LUT4=1;LUT6=2"
717,1.717,5.000,3.072,0.980,2.092,0.681,4,"st_q_reg[3]/C","hdc_src0_q_reg[1][48]/CE","TOP control","FDCE=2;LUT2=1;LUT4=1;LUT5=1;LUT6=1"
718,1.717,5.000,3.072,0.980,2.092,0.681,4,"st_q_reg[3]/C","hdc_src0_q_reg[1][49]/CE","TOP control","FDCE=2;LUT2=1;LUT4=1;LUT5=1;LUT6=1"
719,1.717,5.000,3.072,0.980,2.092,0.681,4,"st_q_reg[3]/C","hdc_src0_q_reg[1][4]/CE","TOP control","FDCE=2;LUT2=1;LUT4=1;LUT6=2"
720,1.717,5.000,3.072,0.980,2.092,0.681,4,"st_q_reg[3]/C","hdc_src0_q_reg[1][50]/CE","TOP control","FDCE=2;LUT2=1;LUT4=1;LUT5=1;LUT6=1"
721,1.717,5.000,3.072,0.980,2.092,0.681,4,"st_q_reg[3]/C","hdc_src0_q_reg[1][51]/CE","TOP control","FDCE=2;LUT2=1;LUT4=1;LUT5=1;LUT6=1"
722,1.717,5.000,3.072,0.980,2.092,0.681,4,"st_q_reg[3]/C","hdc_src0_q_reg[1][52]/CE","TOP control","FDCE=2;LUT2=1;LUT4=1;LUT5=1;LUT6=1"
723,1.717,5.000,3.072,0.980,2.092,0.681,4,"st_q_reg[3]/C","hdc_src0_q_reg[1][53]/CE","TOP control","FDCE=2;LUT2=1;LUT4=1;LUT5=1;LUT6=1"
724,1.717,5.000,3.072,0.980,2.092,0.681,4,"st_q_reg[3]/C","hdc_src0_q_reg[1][54]/CE","TOP control","FDCE=2;LUT2=1;LUT4=1;LUT5=1;LUT6=1"
725,1.717,5.000,3.072,0.980,2.092,0.681,4,"st_q_reg[3]/C","hdc_src0_q_reg[1][55]/CE","TOP control","FDCE=2;LUT2=1;LUT4=1;LUT5=1;LUT6=1"
726,1.717,5.000,3.072,0.980,2.092,0.681,4,"st_q_reg[3]/C","hdc_src0_q_reg[1][56]/CE","TOP control","FDCE=2;LUT2=1;LUT4=1;LUT5=1;LUT6=1"
727,1.717,5.000,3.072,0.980,2.092,0.681,4,"st_q_reg[3]/C","hdc_src0_q_reg[1][57]/CE","TOP control","FDCE=2;LUT2=1;LUT4=1;LUT5=1;LUT6=1"
728,1.717,5.000,3.072,0.980,2.092,0.681,4,"st_q_reg[3]/C","hdc_src0_q_reg[1][58]/CE","TOP control","FDCE=2;LUT2=1;LUT4=1;LUT5=1;LUT6=1"
729,1.717,5.000,3.072,0.980,2.092,0.681,4,"st_q_reg[3]/C","hdc_src0_q_reg[1][59]/CE","TOP control","FDCE=2;LUT2=1;LUT4=1;LUT5=1;LUT6=1"
730,1.717,5.000,3.072,0.980,2.092,0.681,4,"st_q_reg[3]/C","hdc_src0_q_reg[1][5]/CE","TOP control","FDCE=2;LUT2=1;LUT4=1;LUT6=2"
731,1.717,5.000,3.072,0.980,2.092,0.681,4,"st_q_reg[3]/C","hdc_src0_q_reg[1][60]/CE","TOP control","FDCE=2;LUT2=1;LUT4=1;LUT5=1;LUT6=1"
732,1.717,5.000,3.072,0.980,2.092,0.681,4,"st_q_reg[3]/C","hdc_src0_q_reg[1][61]/CE","TOP control","FDCE=2;LUT2=1;LUT4=1;LUT5=1;LUT6=1"
733,1.717,5.000,3.072,0.980,2.092,0.681,4,"st_q_reg[3]/C","hdc_src0_q_reg[1][62]/CE","TOP control","FDCE=2;LUT2=1;LUT4=1;LUT5=1;LUT6=1"
734,1.717,5.000,3.072,0.980,2.092,0.681,4,"st_q_reg[3]/C","hdc_src0_q_reg[1][63]/CE","TOP control","FDCE=2;LUT2=1;LUT4=1;LUT5=1;LUT6=1"
735,1.717,5.000,3.072,0.980,2.092,0.681,4,"st_q_reg[3]/C","hdc_src0_q_reg[1][6]/CE","TOP control","FDCE=2;LUT2=1;LUT4=1;LUT6=2"
736,1.717,5.000,3.072,0.980,2.092,0.681,4,"st_q_reg[3]/C","hdc_src0_q_reg[1][7]/CE","TOP control","FDCE=2;LUT2=1;LUT4=1;LUT6=2"
737,1.717,5.000,3.072,0.980,2.092,0.681,4,"st_q_reg[3]/C","hdc_src0_q_reg[1][8]/CE","TOP control","FDCE=2;LUT2=1;LUT4=1;LUT6=2"
738,1.717,5.000,3.072,0.980,2.092,0.681,4,"st_q_reg[3]/C","hdc_src0_q_reg[1][9]/CE","TOP control","FDCE=2;LUT2=1;LUT4=1;LUT6=2"
739,1.717,5.000,3.072,0.980,2.092,0.681,4,"st_q_reg[3]/C","hdc_src0_q_reg[2][0]/CE","TOP control","FDCE=2;LUT2=1;LUT4=1;LUT6=2"
740,1.717,5.000,3.072,0.980,2.092,0.681,4,"st_q_reg[3]/C","hdc_src0_q_reg[2][10]/CE","TOP control","FDCE=2;LUT2=1;LUT4=1;LUT6=2"
741,1.717,5.000,3.072,0.980,2.092,0.681,4,"st_q_reg[3]/C","hdc_src0_q_reg[2][11]/CE","TOP control","FDCE=2;LUT2=1;LUT4=1;LUT6=2"
742,1.717,5.000,3.072,0.980,2.092,0.681,4,"st_q_reg[3]/C","hdc_src0_q_reg[2][12]/CE","TOP control","FDCE=2;LUT2=1;LUT4=1;LUT6=2"
743,1.717,5.000,3.072,0.980,2.092,0.681,4,"st_q_reg[3]/C","hdc_src0_q_reg[2][13]/CE","TOP control","FDCE=2;LUT2=1;LUT4=1;LUT6=2"
744,1.717,5.000,3.072,0.980,2.092,0.681,4,"st_q_reg[3]/C","hdc_src0_q_reg[2][14]/CE","TOP control","FDCE=2;LUT2=1;LUT4=1;LUT6=2"
745,1.717,5.000,3.072,0.980,2.092,0.681,4,"st_q_reg[3]/C","hdc_src0_q_reg[2][15]/CE","TOP control","FDCE=2;LUT2=1;LUT4=1;LUT6=2"
746,1.717,5.000,3.072,0.980,2.092,0.681,4,"st_q_reg[3]/C","hdc_src0_q_reg[2][16]/CE","TOP control","FDCE=2;LUT2=1;LUT4=1;LUT6=2"
747,1.717,5.000,3.072,0.980,2.092,0.681,4,"st_q_reg[3]/C","hdc_src0_q_reg[2][17]/CE","TOP control","FDCE=2;LUT2=1;LUT4=1;LUT6=2"
748,1.717,5.000,3.072,0.980,2.092,0.681,4,"st_q_reg[3]/C","hdc_src0_q_reg[2][18]/CE","TOP control","FDCE=2;LUT2=1;LUT4=1;LUT6=2"
749,1.717,5.000,3.072,0.980,2.092,0.681,4,"st_q_reg[3]/C","hdc_src0_q_reg[2][19]/CE","TOP control","FDCE=2;LUT2=1;LUT4=1;LUT6=2"
750,1.717,5.000,3.072,0.980,2.092,0.681,4,"st_q_reg[3]/C","hdc_src0_q_reg[2][1]/CE","TOP control","FDCE=2;LUT2=1;LUT4=1;LUT6=2"
751,1.717,5.000,3.072,0.980,2.092,0.681,4,"st_q_reg[3]/C","hdc_src0_q_reg[2][20]/CE","TOP control","FDCE=2;LUT2=1;LUT4=1;LUT6=2"
752,1.717,5.000,3.072,0.980,2.092,0.681,4,"st_q_reg[3]/C","hdc_src0_q_reg[2][21]/CE","TOP control","FDCE=2;LUT2=1;LUT4=1;LUT6=2"
753,1.717,5.000,3.072,0.980,2.092,0.681,4,"st_q_reg[3]/C","hdc_src0_q_reg[2][22]/CE","TOP control","FDCE=2;LUT2=1;LUT4=1;LUT6=2"
754,1.717,5.000,3.072,0.980,2.092,0.681,4,"st_q_reg[3]/C","hdc_src0_q_reg[2][23]/CE","TOP control","FDCE=2;LUT2=1;LUT4=1;LUT6=2"
755,1.717,5.000,3.072,0.980,2.092,0.681,4,"st_q_reg[3]/C","hdc_src0_q_reg[2][24]/CE","TOP control","FDCE=2;LUT2=1;LUT4=1;LUT6=2"
756,1.717,5.000,3.072,0.980,2.092,0.681,4,"st_q_reg[3]/C","hdc_src0_q_reg[2][25]/CE","TOP control","FDCE=2;LUT2=1;LUT4=1;LUT6=2"
757,1.717,5.000,3.072,0.980,2.092,0.681,4,"st_q_reg[3]/C","hdc_src0_q_reg[2][26]/CE","TOP control","FDCE=2;LUT2=1;LUT4=1;LUT6=2"
758,1.717,5.000,3.072,0.980,2.092,0.681,4,"st_q_reg[3]/C","hdc_src0_q_reg[2][27]/CE","TOP control","FDCE=2;LUT2=1;LUT4=1;LUT6=2"
759,1.717,5.000,3.072,0.980,2.092,0.681,4,"st_q_reg[3]/C","hdc_src0_q_reg[2][28]/CE","TOP control","FDCE=2;LUT2=1;LUT4=1;LUT6=2"
760,1.717,5.000,3.072,0.980,2.092,0.681,4,"st_q_reg[3]/C","hdc_src0_q_reg[2][29]/CE","TOP control","FDCE=2;LUT2=1;LUT4=1;LUT6=2"
761,1.717,5.000,3.072,0.980,2.092,0.681,4,"st_q_reg[3]/C","hdc_src0_q_reg[2][2]/CE","TOP control","FDCE=2;LUT2=1;LUT4=1;LUT6=2"
762,1.717,5.000,3.072,0.980,2.092,0.681,4,"st_q_reg[3]/C","hdc_src0_q_reg[2][30]/CE","TOP control","FDCE=2;LUT2=1;LUT4=1;LUT6=2"
763,1.717,5.000,3.072,0.980,2.092,0.681,4,"st_q_reg[3]/C","hdc_src0_q_reg[2][31]/CE","TOP control","FDCE=2;LUT2=1;LUT4=1;LUT6=2"
764,1.717,5.000,3.072,0.980,2.092,0.681,4,"st_q_reg[3]/C","hdc_src0_q_reg[2][32]/CE","TOP control","FDCE=2;LUT2=1;LUT4=1;LUT6=2"
765,1.717,5.000,3.072,0.980,2.092,0.681,4,"st_q_reg[3]/C","hdc_src0_q_reg[2][33]/CE","TOP control","FDCE=2;LUT2=1;LUT4=1;LUT6=2"
766,1.717,5.000,3.072,0.980,2.092,0.681,4,"st_q_reg[3]/C","hdc_src0_q_reg[2][34]/CE","TOP control","FDCE=2;LUT2=1;LUT4=1;LUT6=2"
767,1.717,5.000,3.072,0.980,2.092,0.681,4,"st_q_reg[3]/C","hdc_src0_q_reg[2][35]/CE","TOP control","FDCE=2;LUT2=1;LUT4=1;LUT6=2"
768,1.717,5.000,3.072,0.980,2.092,0.681,4,"st_q_reg[3]/C","hdc_src0_q_reg[2][36]/CE","TOP control","FDCE=2;LUT2=1;LUT4=1;LUT6=2"
769,1.717,5.000,3.072,0.980,2.092,0.681,4,"st_q_reg[3]/C","hdc_src0_q_reg[2][37]/CE","TOP control","FDCE=2;LUT2=1;LUT4=1;LUT6=2"
770,1.717,5.000,3.072,0.980,2.092,0.681,4,"st_q_reg[3]/C","hdc_src0_q_reg[2][38]/CE","TOP control","FDCE=2;LUT2=1;LUT4=1;LUT6=2"
771,1.717,5.000,3.072,0.980,2.092,0.681,4,"st_q_reg[3]/C","hdc_src0_q_reg[2][39]/CE","TOP control","FDCE=2;LUT2=1;LUT4=1;LUT6=2"
772,1.717,5.000,3.072,0.980,2.092,0.681,4,"st_q_reg[3]/C","hdc_src0_q_reg[2][3]/CE","TOP control","FDCE=2;LUT2=1;LUT4=1;LUT6=2"
773,1.717,5.000,3.072,0.980,2.092,0.681,4,"st_q_reg[3]/C","hdc_src0_q_reg[2][40]/CE","TOP control","FDCE=2;LUT2=1;LUT4=1;LUT6=2"
774,1.717,5.000,3.072,0.980,2.092,0.681,4,"st_q_reg[3]/C","hdc_src0_q_reg[2][41]/CE","TOP control","FDCE=2;LUT2=1;LUT4=1;LUT6=2"
775,1.717,5.000,3.072,0.980,2.092,0.681,4,"st_q_reg[3]/C","hdc_src0_q_reg[2][42]/CE","TOP control","FDCE=2;LUT2=1;LUT4=1;LUT6=2"
776,1.717,5.000,3.072,0.980,2.092,0.681,4,"st_q_reg[3]/C","hdc_src0_q_reg[2][43]/CE","TOP control","FDCE=2;LUT2=1;LUT4=1;LUT6=2"
777,1.717,5.000,3.072,0.980,2.092,0.681,4,"st_q_reg[3]/C","hdc_src0_q_reg[2][44]/CE","TOP control","FDCE=2;LUT2=1;LUT4=1;LUT6=2"
778,1.717,5.000,3.072,0.980,2.092,0.681,4,"st_q_reg[3]/C","hdc_src0_q_reg[2][45]/CE","TOP control","FDCE=2;LUT2=1;LUT4=1;LUT6=2"
779,1.717,5.000,3.072,0.980,2.092,0.681,4,"st_q_reg[3]/C","hdc_src0_q_reg[2][46]/CE","TOP control","FDCE=2;LUT2=1;LUT4=1;LUT6=2"
780,1.717,5.000,3.072,0.980,2.092,0.681,4,"st_q_reg[3]/C","hdc_src0_q_reg[2][47]/CE","TOP control","FDCE=2;LUT2=1;LUT4=1;LUT6=2"
781,1.717,5.000,3.072,0.980,2.092,0.681,4,"st_q_reg[3]/C","hdc_src0_q_reg[2][48]/CE","TOP control","FDCE=2;LUT2=1;LUT4=1;LUT5=1;LUT6=1"
782,1.717,5.000,3.072,0.980,2.092,0.681,4,"st_q_reg[3]/C","hdc_src0_q_reg[2][49]/CE","TOP control","FDCE=2;LUT2=1;LUT4=1;LUT5=1;LUT6=1"
783,1.717,5.000,3.072,0.980,2.092,0.681,4,"st_q_reg[3]/C","hdc_src0_q_reg[2][4]/CE","TOP control","FDCE=2;LUT2=1;LUT4=1;LUT6=2"
784,1.717,5.000,3.072,0.980,2.092,0.681,4,"st_q_reg[3]/C","hdc_src0_q_reg[2][50]/CE","TOP control","FDCE=2;LUT2=1;LUT4=1;LUT5=1;LUT6=1"
785,1.717,5.000,3.072,0.980,2.092,0.681,4,"st_q_reg[3]/C","hdc_src0_q_reg[2][51]/CE","TOP control","FDCE=2;LUT2=1;LUT4=1;LUT5=1;LUT6=1"
786,1.717,5.000,3.072,0.980,2.092,0.681,4,"st_q_reg[3]/C","hdc_src0_q_reg[2][52]/CE","TOP control","FDCE=2;LUT2=1;LUT4=1;LUT5=1;LUT6=1"
787,1.717,5.000,3.072,0.980,2.092,0.681,4,"st_q_reg[3]/C","hdc_src0_q_reg[2][53]/CE","TOP control","FDCE=2;LUT2=1;LUT4=1;LUT5=1;LUT6=1"
788,1.717,5.000,3.072,0.980,2.092,0.681,4,"st_q_reg[3]/C","hdc_src0_q_reg[2][54]/CE","TOP control","FDCE=2;LUT2=1;LUT4=1;LUT5=1;LUT6=1"
789,1.717,5.000,3.072,0.980,2.092,0.681,4,"st_q_reg[3]/C","hdc_src0_q_reg[2][55]/CE","TOP control","FDCE=2;LUT2=1;LUT4=1;LUT5=1;LUT6=1"
790,1.717,5.000,3.072,0.980,2.092,0.681,4,"st_q_reg[3]/C","hdc_src0_q_reg[2][56]/CE","TOP control","FDCE=2;LUT2=1;LUT4=1;LUT5=1;LUT6=1"
791,1.717,5.000,3.072,0.980,2.092,0.681,4,"st_q_reg[3]/C","hdc_src0_q_reg[2][57]/CE","TOP control","FDCE=2;LUT2=1;LUT4=1;LUT5=1;LUT6=1"
792,1.717,5.000,3.072,0.980,2.092,0.681,4,"st_q_reg[3]/C","hdc_src0_q_reg[2][58]/CE","TOP control","FDCE=2;LUT2=1;LUT4=1;LUT5=1;LUT6=1"
793,1.717,5.000,3.072,0.980,2.092,0.681,4,"st_q_reg[3]/C","hdc_src0_q_reg[2][59]/CE","TOP control","FDCE=2;LUT2=1;LUT4=1;LUT5=1;LUT6=1"
794,1.717,5.000,3.072,0.980,2.092,0.681,4,"st_q_reg[3]/C","hdc_src0_q_reg[2][5]/CE","TOP control","FDCE=2;LUT2=1;LUT4=1;LUT6=2"
795,1.717,5.000,3.072,0.980,2.092,0.681,4,"st_q_reg[3]/C","hdc_src0_q_reg[2][60]/CE","TOP control","FDCE=2;LUT2=1;LUT4=1;LUT5=1;LUT6=1"
796,1.717,5.000,3.072,0.980,2.092,0.681,4,"st_q_reg[3]/C","hdc_src0_q_reg[2][61]/CE","TOP control","FDCE=2;LUT2=1;LUT4=1;LUT5=1;LUT6=1"
797,1.717,5.000,3.072,0.980,2.092,0.681,4,"st_q_reg[3]/C","hdc_src0_q_reg[2][62]/CE","TOP control","FDCE=2;LUT2=1;LUT4=1;LUT5=1;LUT6=1"
798,1.717,5.000,3.072,0.980,2.092,0.681,4,"st_q_reg[3]/C","hdc_src0_q_reg[2][63]/CE","TOP control","FDCE=2;LUT2=1;LUT4=1;LUT5=1;LUT6=1"
799,1.717,5.000,3.072,0.980,2.092,0.681,4,"st_q_reg[3]/C","hdc_src0_q_reg[2][6]/CE","TOP control","FDCE=2;LUT2=1;LUT4=1;LUT6=2"
800,1.717,5.000,3.072,0.980,2.092,0.681,4,"st_q_reg[3]/C","hdc_src0_q_reg[2][7]/CE","TOP control","FDCE=2;LUT2=1;LUT4=1;LUT6=2"
801,1.717,5.000,3.072,0.980,2.092,0.681,4,"st_q_reg[3]/C","hdc_src0_q_reg[2][8]/CE","TOP control","FDCE=2;LUT2=1;LUT4=1;LUT6=2"
802,1.717,5.000,3.072,0.980,2.092,0.681,4,"st_q_reg[3]/C","hdc_src0_q_reg[2][9]/CE","TOP control","FDCE=2;LUT2=1;LUT4=1;LUT6=2"
803,1.717,5.000,3.072,0.980,2.092,0.681,4,"st_q_reg[3]/C","hdc_src0_q_reg[3][0]/CE","TOP control","FDCE=2;LUT2=1;LUT4=1;LUT6=2"
804,1.717,5.000,3.072,0.980,2.092,0.681,4,"st_q_reg[3]/C","hdc_src0_q_reg[3][10]/CE","TOP control","FDCE=2;LUT2=1;LUT4=1;LUT6=2"
805,1.717,5.000,3.072,0.980,2.092,0.681,4,"st_q_reg[3]/C","hdc_src0_q_reg[3][11]/CE","TOP control","FDCE=2;LUT2=1;LUT4=1;LUT6=2"
806,1.717,5.000,3.072,0.980,2.092,0.681,4,"st_q_reg[3]/C","hdc_src0_q_reg[3][12]/CE","TOP control","FDCE=2;LUT2=1;LUT4=1;LUT6=2"
807,1.717,5.000,3.072,0.980,2.092,0.681,4,"st_q_reg[3]/C","hdc_src0_q_reg[3][13]/CE","TOP control","FDCE=2;LUT2=1;LUT4=1;LUT6=2"
808,1.717,5.000,3.072,0.980,2.092,0.681,4,"st_q_reg[3]/C","hdc_src0_q_reg[3][14]/CE","TOP control","FDCE=2;LUT2=1;LUT4=1;LUT6=2"
809,1.717,5.000,3.072,0.980,2.092,0.681,4,"st_q_reg[3]/C","hdc_src0_q_reg[3][15]/CE","TOP control","FDCE=2;LUT2=1;LUT4=1;LUT6=2"
810,1.717,5.000,3.072,0.980,2.092,0.681,4,"st_q_reg[3]/C","hdc_src0_q_reg[3][16]/CE","TOP control","FDCE=2;LUT2=1;LUT4=1;LUT6=2"
811,1.717,5.000,3.072,0.980,2.092,0.681,4,"st_q_reg[3]/C","hdc_src0_q_reg[3][17]/CE","TOP control","FDCE=2;LUT2=1;LUT4=1;LUT6=2"
812,1.717,5.000,3.072,0.980,2.092,0.681,4,"st_q_reg[3]/C","hdc_src0_q_reg[3][18]/CE","TOP control","FDCE=2;LUT2=1;LUT4=1;LUT6=2"
813,1.717,5.000,3.072,0.980,2.092,0.681,4,"st_q_reg[3]/C","hdc_src0_q_reg[3][19]/CE","TOP control","FDCE=2;LUT2=1;LUT4=1;LUT6=2"
814,1.717,5.000,3.072,0.980,2.092,0.681,4,"st_q_reg[3]/C","hdc_src0_q_reg[3][1]/CE","TOP control","FDCE=2;LUT2=1;LUT4=1;LUT6=2"
815,1.717,5.000,3.072,0.980,2.092,0.681,4,"st_q_reg[3]/C","hdc_src0_q_reg[3][20]/CE","TOP control","FDCE=2;LUT2=1;LUT4=1;LUT6=2"
816,1.717,5.000,3.072,0.980,2.092,0.681,4,"st_q_reg[3]/C","hdc_src0_q_reg[3][21]/CE","TOP control","FDCE=2;LUT2=1;LUT4=1;LUT6=2"
817,1.717,5.000,3.072,0.980,2.092,0.681,4,"st_q_reg[3]/C","hdc_src0_q_reg[3][22]/CE","TOP control","FDCE=2;LUT2=1;LUT4=1;LUT6=2"
818,1.717,5.000,3.072,0.980,2.092,0.681,4,"st_q_reg[3]/C","hdc_src0_q_reg[3][23]/CE","TOP control","FDCE=2;LUT2=1;LUT4=1;LUT6=2"
819,1.717,5.000,3.072,0.980,2.092,0.681,4,"st_q_reg[3]/C","hdc_src0_q_reg[3][24]/CE","TOP control","FDCE=2;LUT2=1;LUT4=1;LUT6=2"
820,1.717,5.000,3.072,0.980,2.092,0.681,4,"st_q_reg[3]/C","hdc_src0_q_reg[3][25]/CE","TOP control","FDCE=2;LUT2=1;LUT4=1;LUT6=2"
821,1.717,5.000,3.072,0.980,2.092,0.681,4,"st_q_reg[3]/C","hdc_src0_q_reg[3][26]/CE","TOP control","FDCE=2;LUT2=1;LUT4=1;LUT6=2"
822,1.717,5.000,3.072,0.980,2.092,0.681,4,"st_q_reg[3]/C","hdc_src0_q_reg[3][27]/CE","TOP control","FDCE=2;LUT2=1;LUT4=1;LUT6=2"
823,1.717,5.000,3.072,0.980,2.092,0.681,4,"st_q_reg[3]/C","hdc_src0_q_reg[3][28]/CE","TOP control","FDCE=2;LUT2=1;LUT4=1;LUT6=2"
824,1.717,5.000,3.072,0.980,2.092,0.681,4,"st_q_reg[3]/C","hdc_src0_q_reg[3][29]/CE","TOP control","FDCE=2;LUT2=1;LUT4=1;LUT6=2"
825,1.717,5.000,3.072,0.980,2.092,0.681,4,"st_q_reg[3]/C","hdc_src0_q_reg[3][2]/CE","TOP control","FDCE=2;LUT2=1;LUT4=1;LUT6=2"
826,1.717,5.000,3.072,0.980,2.092,0.681,4,"st_q_reg[3]/C","hdc_src0_q_reg[3][30]/CE","TOP control","FDCE=2;LUT2=1;LUT4=1;LUT6=2"
827,1.717,5.000,3.072,0.980,2.092,0.681,4,"st_q_reg[3]/C","hdc_src0_q_reg[3][31]/CE","TOP control","FDCE=2;LUT2=1;LUT4=1;LUT6=2"
828,1.717,5.000,3.072,0.980,2.092,0.681,4,"st_q_reg[3]/C","hdc_src0_q_reg[3][32]/CE","TOP control","FDCE=2;LUT2=1;LUT4=1;LUT6=2"
829,1.717,5.000,3.072,0.980,2.092,0.681,4,"st_q_reg[3]/C","hdc_src0_q_reg[3][33]/CE","TOP control","FDCE=2;LUT2=1;LUT4=1;LUT6=2"
830,1.717,5.000,3.072,0.980,2.092,0.681,4,"st_q_reg[3]/C","hdc_src0_q_reg[3][34]/CE","TOP control","FDCE=2;LUT2=1;LUT4=1;LUT6=2"
831,1.717,5.000,3.072,0.980,2.092,0.681,4,"st_q_reg[3]/C","hdc_src0_q_reg[3][35]/CE","TOP control","FDCE=2;LUT2=1;LUT4=1;LUT6=2"
832,1.717,5.000,3.072,0.980,2.092,0.681,4,"st_q_reg[3]/C","hdc_src0_q_reg[3][36]/CE","TOP control","FDCE=2;LUT2=1;LUT4=1;LUT6=2"
833,1.717,5.000,3.072,0.980,2.092,0.681,4,"st_q_reg[3]/C","hdc_src0_q_reg[3][37]/CE","TOP control","FDCE=2;LUT2=1;LUT4=1;LUT6=2"
834,1.717,5.000,3.072,0.980,2.092,0.681,4,"st_q_reg[3]/C","hdc_src0_q_reg[3][38]/CE","TOP control","FDCE=2;LUT2=1;LUT4=1;LUT6=2"
835,1.717,5.000,3.072,0.980,2.092,0.681,4,"st_q_reg[3]/C","hdc_src0_q_reg[3][39]/CE","TOP control","FDCE=2;LUT2=1;LUT4=1;LUT6=2"
836,1.717,5.000,3.072,0.980,2.092,0.681,4,"st_q_reg[3]/C","hdc_src0_q_reg[3][3]/CE","TOP control","FDCE=2;LUT2=1;LUT4=1;LUT6=2"
837,1.717,5.000,3.072,0.980,2.092,0.681,4,"st_q_reg[3]/C","hdc_src0_q_reg[3][40]/CE","TOP control","FDCE=2;LUT2=1;LUT4=1;LUT6=2"
838,1.717,5.000,3.072,0.980,2.092,0.681,4,"st_q_reg[3]/C","hdc_src0_q_reg[3][41]/CE","TOP control","FDCE=2;LUT2=1;LUT4=1;LUT6=2"
839,1.717,5.000,3.072,0.980,2.092,0.681,4,"st_q_reg[3]/C","hdc_src0_q_reg[3][42]/CE","TOP control","FDCE=2;LUT2=1;LUT4=1;LUT6=2"
840,1.717,5.000,3.072,0.980,2.092,0.681,4,"st_q_reg[3]/C","hdc_src0_q_reg[3][43]/CE","TOP control","FDCE=2;LUT2=1;LUT4=1;LUT6=2"
841,1.717,5.000,3.072,0.980,2.092,0.681,4,"st_q_reg[3]/C","hdc_src0_q_reg[3][44]/CE","TOP control","FDCE=2;LUT2=1;LUT4=1;LUT6=2"
842,1.717,5.000,3.072,0.980,2.092,0.681,4,"st_q_reg[3]/C","hdc_src0_q_reg[3][45]/CE","TOP control","FDCE=2;LUT2=1;LUT4=1;LUT6=2"
843,1.717,5.000,3.072,0.980,2.092,0.681,4,"st_q_reg[3]/C","hdc_src0_q_reg[3][46]/CE","TOP control","FDCE=2;LUT2=1;LUT4=1;LUT6=2"
844,1.717,5.000,3.072,0.980,2.092,0.681,4,"st_q_reg[3]/C","hdc_src0_q_reg[3][47]/CE","TOP control","FDCE=2;LUT2=1;LUT4=1;LUT6=2"
845,1.717,5.000,3.072,0.980,2.092,0.681,4,"st_q_reg[3]/C","hdc_src0_q_reg[3][48]/CE","TOP control","FDCE=2;LUT2=1;LUT4=1;LUT5=1;LUT6=1"
846,1.717,5.000,3.072,0.980,2.092,0.681,4,"st_q_reg[3]/C","hdc_src0_q_reg[3][49]/CE","TOP control","FDCE=2;LUT2=1;LUT4=1;LUT5=1;LUT6=1"
847,1.717,5.000,3.072,0.980,2.092,0.681,4,"st_q_reg[3]/C","hdc_src0_q_reg[3][4]/CE","TOP control","FDCE=2;LUT2=1;LUT4=1;LUT6=2"
848,1.717,5.000,3.072,0.980,2.092,0.681,4,"st_q_reg[3]/C","hdc_src0_q_reg[3][50]/CE","TOP control","FDCE=2;LUT2=1;LUT4=1;LUT5=1;LUT6=1"
849,1.717,5.000,3.072,0.980,2.092,0.681,4,"st_q_reg[3]/C","hdc_src0_q_reg[3][51]/CE","TOP control","FDCE=2;LUT2=1;LUT4=1;LUT5=1;LUT6=1"
850,1.717,5.000,3.072,0.980,2.092,0.681,4,"st_q_reg[3]/C","hdc_src0_q_reg[3][52]/CE","TOP control","FDCE=2;LUT2=1;LUT4=1;LUT5=1;LUT6=1"
851,1.717,5.000,3.072,0.980,2.092,0.681,4,"st_q_reg[3]/C","hdc_src0_q_reg[3][53]/CE","TOP control","FDCE=2;LUT2=1;LUT4=1;LUT5=1;LUT6=1"
852,1.717,5.000,3.072,0.980,2.092,0.681,4,"st_q_reg[3]/C","hdc_src0_q_reg[3][54]/CE","TOP control","FDCE=2;LUT2=1;LUT4=1;LUT5=1;LUT6=1"
853,1.717,5.000,3.072,0.980,2.092,0.681,4,"st_q_reg[3]/C","hdc_src0_q_reg[3][55]/CE","TOP control","FDCE=2;LUT2=1;LUT4=1;LUT5=1;LUT6=1"
854,1.717,5.000,3.072,0.980,2.092,0.681,4,"st_q_reg[3]/C","hdc_src0_q_reg[3][56]/CE","TOP control","FDCE=2;LUT2=1;LUT4=1;LUT5=1;LUT6=1"
855,1.717,5.000,3.072,0.980,2.092,0.681,4,"st_q_reg[3]/C","hdc_src0_q_reg[3][57]/CE","TOP control","FDCE=2;LUT2=1;LUT4=1;LUT5=1;LUT6=1"
856,1.717,5.000,3.072,0.980,2.092,0.681,4,"st_q_reg[3]/C","hdc_src0_q_reg[3][58]/CE","TOP control","FDCE=2;LUT2=1;LUT4=1;LUT5=1;LUT6=1"
857,1.717,5.000,3.072,0.980,2.092,0.681,4,"st_q_reg[3]/C","hdc_src0_q_reg[3][59]/CE","TOP control","FDCE=2;LUT2=1;LUT4=1;LUT5=1;LUT6=1"
858,1.717,5.000,3.072,0.980,2.092,0.681,4,"st_q_reg[3]/C","hdc_src0_q_reg[3][5]/CE","TOP control","FDCE=2;LUT2=1;LUT4=1;LUT6=2"
859,1.717,5.000,3.072,0.980,2.092,0.681,4,"st_q_reg[3]/C","hdc_src0_q_reg[3][60]/CE","TOP control","FDCE=2;LUT2=1;LUT4=1;LUT5=1;LUT6=1"
860,1.717,5.000,3.072,0.980,2.092,0.681,4,"st_q_reg[3]/C","hdc_src0_q_reg[3][61]/CE","TOP control","FDCE=2;LUT2=1;LUT4=1;LUT5=1;LUT6=1"
861,1.717,5.000,3.072,0.980,2.092,0.681,4,"st_q_reg[3]/C","hdc_src0_q_reg[3][62]/CE","TOP control","FDCE=2;LUT2=1;LUT4=1;LUT5=1;LUT6=1"
862,1.717,5.000,3.072,0.980,2.092,0.681,4,"st_q_reg[3]/C","hdc_src0_q_reg[3][63]/CE","TOP control","FDCE=2;LUT2=1;LUT4=1;LUT5=1;LUT6=1"
863,1.717,5.000,3.072,0.980,2.092,0.681,4,"st_q_reg[3]/C","hdc_src0_q_reg[3][6]/CE","TOP control","FDCE=2;LUT2=1;LUT4=1;LUT6=2"
864,1.717,5.000,3.072,0.980,2.092,0.681,4,"st_q_reg[3]/C","hdc_src0_q_reg[3][7]/CE","TOP control","FDCE=2;LUT2=1;LUT4=1;LUT6=2"
865,1.717,5.000,3.072,0.980,2.092,0.681,4,"st_q_reg[3]/C","hdc_src0_q_reg[3][8]/CE","TOP control","FDCE=2;LUT2=1;LUT4=1;LUT6=2"
866,1.717,5.000,3.072,0.980,2.092,0.681,4,"st_q_reg[3]/C","hdc_src0_q_reg[3][9]/CE","TOP control","FDCE=2;LUT2=1;LUT4=1;LUT6=2"
867,1.759,5.000,2.994,0.875,2.119,0.708,3,"ecc_leaf_path_q_reg[4]/C","ecc_product_pair_reg_0_3_95_95/SP/I","other","FDCE=1;LUT4=1;LUT6=2;RAMS32=1"
868,1.761,5.000,3.028,0.888,2.140,0.707,3,"st_q_reg[4]_rep/C","gen_lane[0].i_p2_pop_slice/bool_result_q_reg[0]/CE","P2 popcount capture","FDCE=2;LUT2=1;LUT5=2"
869,1.761,5.000,3.028,0.888,2.140,0.707,3,"st_q_reg[4]_rep/C","gen_lane[0].i_p2_pop_slice/bool_result_q_reg[10]/CE","P2 popcount capture","FDCE=2;LUT2=1;LUT5=2"
870,1.761,5.000,3.028,0.888,2.140,0.707,3,"st_q_reg[4]_rep/C","gen_lane[0].i_p2_pop_slice/bool_result_q_reg[11]/CE","P2 popcount capture","FDCE=2;LUT2=1;LUT5=2"
871,1.761,5.000,3.028,0.888,2.140,0.707,3,"st_q_reg[4]_rep/C","gen_lane[0].i_p2_pop_slice/bool_result_q_reg[12]/CE","P2 popcount capture","FDCE=2;LUT2=1;LUT5=2"
872,1.761,5.000,3.028,0.888,2.140,0.707,3,"st_q_reg[4]_rep/C","gen_lane[0].i_p2_pop_slice/bool_result_q_reg[13]/CE","P2 popcount capture","FDCE=2;LUT2=1;LUT5=2"
873,1.761,5.000,3.028,0.888,2.140,0.707,3,"st_q_reg[4]_rep/C","gen_lane[0].i_p2_pop_slice/bool_result_q_reg[14]/CE","P2 popcount capture","FDCE=2;LUT2=1;LUT5=2"
874,1.761,5.000,3.028,0.888,2.140,0.707,3,"st_q_reg[4]_rep/C","gen_lane[0].i_p2_pop_slice/bool_result_q_reg[15]/CE","P2 popcount capture","FDCE=2;LUT2=1;LUT5=2"
875,1.761,5.000,3.028,0.888,2.140,0.707,3,"st_q_reg[4]_rep/C","gen_lane[0].i_p2_pop_slice/bool_result_q_reg[16]/CE","P2 popcount capture","FDCE=2;LUT2=1;LUT5=2"
876,1.761,5.000,3.028,0.888,2.140,0.707,3,"st_q_reg[4]_rep/C","gen_lane[0].i_p2_pop_slice/bool_result_q_reg[17]/CE","P2 popcount capture","FDCE=2;LUT2=1;LUT5=2"
877,1.761,5.000,3.028,0.888,2.140,0.707,3,"st_q_reg[4]_rep/C","gen_lane[0].i_p2_pop_slice/bool_result_q_reg[18]/CE","P2 popcount capture","FDCE=2;LUT2=1;LUT5=2"
878,1.761,5.000,3.028,0.888,2.140,0.707,3,"st_q_reg[4]_rep/C","gen_lane[0].i_p2_pop_slice/bool_result_q_reg[19]/CE","P2 popcount capture","FDCE=2;LUT2=1;LUT5=2"
879,1.761,5.000,3.028,0.888,2.140,0.707,3,"st_q_reg[4]_rep/C","gen_lane[0].i_p2_pop_slice/bool_result_q_reg[1]/CE","P2 popcount capture","FDCE=2;LUT2=1;LUT5=2"
880,1.761,5.000,3.028,0.888,2.140,0.707,3,"st_q_reg[4]_rep/C","gen_lane[0].i_p2_pop_slice/bool_result_q_reg[20]/CE","P2 popcount capture","FDCE=2;LUT2=1;LUT5=2"
881,1.761,5.000,3.028,0.888,2.140,0.707,3,"st_q_reg[4]_rep/C","gen_lane[0].i_p2_pop_slice/bool_result_q_reg[21]/CE","P2 popcount capture","FDCE=2;LUT2=1;LUT5=2"
882,1.761,5.000,3.028,0.888,2.140,0.707,3,"st_q_reg[4]_rep/C","gen_lane[0].i_p2_pop_slice/bool_result_q_reg[22]/CE","P2 popcount capture","FDCE=2;LUT2=1;LUT5=2"
883,1.761,5.000,3.028,0.888,2.140,0.707,3,"st_q_reg[4]_rep/C","gen_lane[0].i_p2_pop_slice/bool_result_q_reg[23]/CE","P2 popcount capture","FDCE=2;LUT2=1;LUT5=2"
884,1.761,5.000,3.028,0.888,2.140,0.707,3,"st_q_reg[4]_rep/C","gen_lane[0].i_p2_pop_slice/bool_result_q_reg[24]/CE","P2 popcount capture","FDCE=2;LUT2=1;LUT5=2"
885,1.761,5.000,3.028,0.888,2.140,0.707,3,"st_q_reg[4]_rep/C","gen_lane[0].i_p2_pop_slice/bool_result_q_reg[25]/CE","P2 popcount capture","FDCE=2;LUT2=1;LUT5=2"
886,1.761,5.000,3.028,0.888,2.140,0.707,3,"st_q_reg[4]_rep/C","gen_lane[0].i_p2_pop_slice/bool_result_q_reg[26]/CE","P2 popcount capture","FDCE=2;LUT2=1;LUT5=2"
887,1.761,5.000,3.028,0.888,2.140,0.707,3,"st_q_reg[4]_rep/C","gen_lane[0].i_p2_pop_slice/bool_result_q_reg[27]/CE","P2 popcount capture","FDCE=2;LUT2=1;LUT5=2"
888,1.761,5.000,3.028,0.888,2.140,0.707,3,"st_q_reg[4]_rep/C","gen_lane[0].i_p2_pop_slice/bool_result_q_reg[28]/CE","P2 popcount capture","FDCE=2;LUT2=1;LUT5=2"
889,1.761,5.000,3.028,0.888,2.140,0.707,3,"st_q_reg[4]_rep/C","gen_lane[0].i_p2_pop_slice/bool_result_q_reg[29]/CE","P2 popcount capture","FDCE=2;LUT2=1;LUT5=2"
890,1.761,5.000,3.028,0.888,2.140,0.707,3,"st_q_reg[4]_rep/C","gen_lane[0].i_p2_pop_slice/bool_result_q_reg[2]/CE","P2 popcount capture","FDCE=2;LUT2=1;LUT5=2"
891,1.761,5.000,3.028,0.888,2.140,0.707,3,"st_q_reg[4]_rep/C","gen_lane[0].i_p2_pop_slice/bool_result_q_reg[30]/CE","P2 popcount capture","FDCE=2;LUT2=1;LUT5=2"
892,1.761,5.000,3.028,0.888,2.140,0.707,3,"st_q_reg[4]_rep/C","gen_lane[0].i_p2_pop_slice/bool_result_q_reg[31]/CE","P2 popcount capture","FDCE=2;LUT2=1;LUT5=2"
893,1.761,5.000,3.028,0.888,2.140,0.707,3,"st_q_reg[4]_rep/C","gen_lane[0].i_p2_pop_slice/bool_result_q_reg[32]/CE","P2 popcount capture","FDCE=2;LUT2=1;LUT5=2"
894,1.761,5.000,3.028,0.888,2.140,0.707,3,"st_q_reg[4]_rep/C","gen_lane[0].i_p2_pop_slice/bool_result_q_reg[33]/CE","P2 popcount capture","FDCE=2;LUT2=1;LUT5=2"
895,1.761,5.000,3.028,0.888,2.140,0.707,3,"st_q_reg[4]_rep/C","gen_lane[0].i_p2_pop_slice/bool_result_q_reg[34]/CE","P2 popcount capture","FDCE=2;LUT2=1;LUT5=2"
896,1.761,5.000,3.028,0.888,2.140,0.707,3,"st_q_reg[4]_rep/C","gen_lane[0].i_p2_pop_slice/bool_result_q_reg[35]/CE","P2 popcount capture","FDCE=2;LUT2=1;LUT5=2"
897,1.761,5.000,3.028,0.888,2.140,0.707,3,"st_q_reg[4]_rep/C","gen_lane[0].i_p2_pop_slice/bool_result_q_reg[36]/CE","P2 popcount capture","FDCE=2;LUT2=1;LUT5=2"
898,1.761,5.000,3.028,0.888,2.140,0.707,3,"st_q_reg[4]_rep/C","gen_lane[0].i_p2_pop_slice/bool_result_q_reg[37]/CE","P2 popcount capture","FDCE=2;LUT2=1;LUT5=2"
899,1.761,5.000,3.028,0.888,2.140,0.707,3,"st_q_reg[4]_rep/C","gen_lane[0].i_p2_pop_slice/bool_result_q_reg[38]/CE","P2 popcount capture","FDCE=2;LUT2=1;LUT5=2"
900,1.761,5.000,3.028,0.888,2.140,0.707,3,"st_q_reg[4]_rep/C","gen_lane[0].i_p2_pop_slice/bool_result_q_reg[39]/CE","P2 popcount capture","FDCE=2;LUT2=1;LUT5=2"
901,1.761,5.000,3.028,0.888,2.140,0.707,3,"st_q_reg[4]_rep/C","gen_lane[0].i_p2_pop_slice/bool_result_q_reg[3]/CE","P2 popcount capture","FDCE=2;LUT2=1;LUT5=2"
902,1.761,5.000,3.028,0.888,2.140,0.707,3,"st_q_reg[4]_rep/C","gen_lane[0].i_p2_pop_slice/bool_result_q_reg[40]/CE","P2 popcount capture","FDCE=2;LUT2=1;LUT5=2"
903,1.761,5.000,3.028,0.888,2.140,0.707,3,"st_q_reg[4]_rep/C","gen_lane[0].i_p2_pop_slice/bool_result_q_reg[41]/CE","P2 popcount capture","FDCE=2;LUT2=1;LUT5=2"
904,1.761,5.000,3.028,0.888,2.140,0.707,3,"st_q_reg[4]_rep/C","gen_lane[0].i_p2_pop_slice/bool_result_q_reg[42]/CE","P2 popcount capture","FDCE=2;LUT2=1;LUT5=2"
905,1.761,5.000,3.028,0.888,2.140,0.707,3,"st_q_reg[4]_rep/C","gen_lane[0].i_p2_pop_slice/bool_result_q_reg[43]/CE","P2 popcount capture","FDCE=2;LUT2=1;LUT5=2"
906,1.761,5.000,3.028,0.888,2.140,0.707,3,"st_q_reg[4]_rep/C","gen_lane[0].i_p2_pop_slice/bool_result_q_reg[44]/CE","P2 popcount capture","FDCE=2;LUT2=1;LUT5=2"
907,1.761,5.000,3.028,0.888,2.140,0.707,3,"st_q_reg[4]_rep/C","gen_lane[0].i_p2_pop_slice/bool_result_q_reg[45]/CE","P2 popcount capture","FDCE=2;LUT2=1;LUT5=2"
908,1.761,5.000,3.028,0.888,2.140,0.707,3,"st_q_reg[4]_rep/C","gen_lane[0].i_p2_pop_slice/bool_result_q_reg[46]/CE","P2 popcount capture","FDCE=2;LUT2=1;LUT5=2"
909,1.761,5.000,3.028,0.888,2.140,0.707,3,"st_q_reg[4]_rep/C","gen_lane[0].i_p2_pop_slice/bool_result_q_reg[47]/CE","P2 popcount capture","FDCE=2;LUT2=1;LUT5=2"
910,1.761,5.000,3.028,0.888,2.140,0.707,3,"st_q_reg[4]_rep/C","gen_lane[0].i_p2_pop_slice/bool_result_q_reg[48]/CE","P2 popcount capture","FDCE=2;LUT2=1;LUT5=2"
911,1.761,5.000,3.028,0.888,2.140,0.707,3,"st_q_reg[4]_rep/C","gen_lane[0].i_p2_pop_slice/bool_result_q_reg[49]/CE","P2 popcount capture","FDCE=2;LUT2=1;LUT5=2"
912,1.761,5.000,3.028,0.888,2.140,0.707,3,"st_q_reg[4]_rep/C","gen_lane[0].i_p2_pop_slice/bool_result_q_reg[4]/CE","P2 popcount capture","FDCE=2;LUT2=1;LUT5=2"
913,1.761,5.000,3.028,0.888,2.140,0.707,3,"st_q_reg[4]_rep/C","gen_lane[0].i_p2_pop_slice/bool_result_q_reg[50]/CE","P2 popcount capture","FDCE=2;LUT2=1;LUT5=2"
914,1.761,5.000,3.028,0.888,2.140,0.707,3,"st_q_reg[4]_rep/C","gen_lane[0].i_p2_pop_slice/bool_result_q_reg[51]/CE","P2 popcount capture","FDCE=2;LUT2=1;LUT5=2"
915,1.761,5.000,3.028,0.888,2.140,0.707,3,"st_q_reg[4]_rep/C","gen_lane[0].i_p2_pop_slice/bool_result_q_reg[52]/CE","P2 popcount capture","FDCE=2;LUT2=1;LUT5=2"
916,1.761,5.000,3.028,0.888,2.140,0.707,3,"st_q_reg[4]_rep/C","gen_lane[0].i_p2_pop_slice/bool_result_q_reg[53]/CE","P2 popcount capture","FDCE=2;LUT2=1;LUT5=2"
917,1.761,5.000,3.028,0.888,2.140,0.707,3,"st_q_reg[4]_rep/C","gen_lane[0].i_p2_pop_slice/bool_result_q_reg[54]/CE","P2 popcount capture","FDCE=2;LUT2=1;LUT5=2"
918,1.761,5.000,3.028,0.888,2.140,0.707,3,"st_q_reg[4]_rep/C","gen_lane[0].i_p2_pop_slice/bool_result_q_reg[55]/CE","P2 popcount capture","FDCE=2;LUT2=1;LUT5=2"
919,1.761,5.000,3.028,0.888,2.140,0.707,3,"st_q_reg[4]_rep/C","gen_lane[0].i_p2_pop_slice/bool_result_q_reg[56]/CE","P2 popcount capture","FDCE=2;LUT2=1;LUT5=2"
920,1.761,5.000,3.028,0.888,2.140,0.707,3,"st_q_reg[4]_rep/C","gen_lane[0].i_p2_pop_slice/bool_result_q_reg[57]/CE","P2 popcount capture","FDCE=2;LUT2=1;LUT5=2"
921,1.761,5.000,3.028,0.888,2.140,0.707,3,"st_q_reg[4]_rep/C","gen_lane[0].i_p2_pop_slice/bool_result_q_reg[58]/CE","P2 popcount capture","FDCE=2;LUT2=1;LUT5=2"
922,1.761,5.000,3.028,0.888,2.140,0.707,3,"st_q_reg[4]_rep/C","gen_lane[0].i_p2_pop_slice/bool_result_q_reg[59]/CE","P2 popcount capture","FDCE=2;LUT2=1;LUT5=2"
923,1.761,5.000,3.028,0.888,2.140,0.707,3,"st_q_reg[4]_rep/C","gen_lane[0].i_p2_pop_slice/bool_result_q_reg[5]/CE","P2 popcount capture","FDCE=2;LUT2=1;LUT5=2"
924,1.761,5.000,3.028,0.888,2.140,0.707,3,"st_q_reg[4]_rep/C","gen_lane[0].i_p2_pop_slice/bool_result_q_reg[60]/CE","P2 popcount capture","FDCE=2;LUT2=1;LUT5=2"
925,1.761,5.000,3.028,0.888,2.140,0.707,3,"st_q_reg[4]_rep/C","gen_lane[0].i_p2_pop_slice/bool_result_q_reg[61]/CE","P2 popcount capture","FDCE=2;LUT2=1;LUT5=2"
926,1.761,5.000,3.028,0.888,2.140,0.707,3,"st_q_reg[4]_rep/C","gen_lane[0].i_p2_pop_slice/bool_result_q_reg[62]/CE","P2 popcount capture","FDCE=2;LUT2=1;LUT5=2"
927,1.761,5.000,3.028,0.888,2.140,0.707,3,"st_q_reg[4]_rep/C","gen_lane[0].i_p2_pop_slice/bool_result_q_reg[63]/CE","P2 popcount capture","FDCE=2;LUT2=1;LUT5=2"
928,1.761,5.000,3.028,0.888,2.140,0.707,3,"st_q_reg[4]_rep/C","gen_lane[0].i_p2_pop_slice/bool_result_q_reg[6]/CE","P2 popcount capture","FDCE=2;LUT2=1;LUT5=2"
929,1.761,5.000,3.028,0.888,2.140,0.707,3,"st_q_reg[4]_rep/C","gen_lane[0].i_p2_pop_slice/bool_result_q_reg[7]/CE","P2 popcount capture","FDCE=2;LUT2=1;LUT5=2"
930,1.761,5.000,3.028,0.888,2.140,0.707,3,"st_q_reg[4]_rep/C","gen_lane[0].i_p2_pop_slice/bool_result_q_reg[8]/CE","P2 popcount capture","FDCE=2;LUT2=1;LUT5=2"
931,1.761,5.000,3.028,0.888,2.140,0.707,3,"st_q_reg[4]_rep/C","gen_lane[0].i_p2_pop_slice/bool_result_q_reg[9]/CE","P2 popcount capture","FDCE=2;LUT2=1;LUT5=2"
932,1.761,5.000,3.028,0.888,2.140,0.707,3,"st_q_reg[4]_rep/C","gen_lane[1].i_p2_pop_slice/bool_result_q_reg[0]/CE","P2 popcount capture","FDCE=2;LUT2=1;LUT5=2"
933,1.761,5.000,3.028,0.888,2.140,0.707,3,"st_q_reg[4]_rep/C","gen_lane[1].i_p2_pop_slice/bool_result_q_reg[10]/CE","P2 popcount capture","FDCE=2;LUT2=1;LUT5=2"
934,1.761,5.000,3.028,0.888,2.140,0.707,3,"st_q_reg[4]_rep/C","gen_lane[1].i_p2_pop_slice/bool_result_q_reg[11]/CE","P2 popcount capture","FDCE=2;LUT2=1;LUT5=2"
935,1.761,5.000,3.028,0.888,2.140,0.707,3,"st_q_reg[4]_rep/C","gen_lane[1].i_p2_pop_slice/bool_result_q_reg[12]/CE","P2 popcount capture","FDCE=2;LUT2=1;LUT5=2"
936,1.761,5.000,3.028,0.888,2.140,0.707,3,"st_q_reg[4]_rep/C","gen_lane[1].i_p2_pop_slice/bool_result_q_reg[13]/CE","P2 popcount capture","FDCE=2;LUT2=1;LUT5=2"
937,1.761,5.000,3.028,0.888,2.140,0.707,3,"st_q_reg[4]_rep/C","gen_lane[1].i_p2_pop_slice/bool_result_q_reg[14]/CE","P2 popcount capture","FDCE=2;LUT2=1;LUT5=2"
938,1.761,5.000,3.028,0.888,2.140,0.707,3,"st_q_reg[4]_rep/C","gen_lane[1].i_p2_pop_slice/bool_result_q_reg[15]/CE","P2 popcount capture","FDCE=2;LUT2=1;LUT5=2"
939,1.761,5.000,3.028,0.888,2.140,0.707,3,"st_q_reg[4]_rep/C","gen_lane[1].i_p2_pop_slice/bool_result_q_reg[16]/CE","P2 popcount capture","FDCE=2;LUT2=1;LUT5=2"
940,1.761,5.000,3.028,0.888,2.140,0.707,3,"st_q_reg[4]_rep/C","gen_lane[1].i_p2_pop_slice/bool_result_q_reg[17]/CE","P2 popcount capture","FDCE=2;LUT2=1;LUT5=2"
941,1.761,5.000,3.028,0.888,2.140,0.707,3,"st_q_reg[4]_rep/C","gen_lane[1].i_p2_pop_slice/bool_result_q_reg[18]/CE","P2 popcount capture","FDCE=2;LUT2=1;LUT5=2"
942,1.761,5.000,3.028,0.888,2.140,0.707,3,"st_q_reg[4]_rep/C","gen_lane[1].i_p2_pop_slice/bool_result_q_reg[19]/CE","P2 popcount capture","FDCE=2;LUT2=1;LUT5=2"
943,1.761,5.000,3.028,0.888,2.140,0.707,3,"st_q_reg[4]_rep/C","gen_lane[1].i_p2_pop_slice/bool_result_q_reg[1]/CE","P2 popcount capture","FDCE=2;LUT2=1;LUT5=2"
944,1.761,5.000,3.028,0.888,2.140,0.707,3,"st_q_reg[4]_rep/C","gen_lane[1].i_p2_pop_slice/bool_result_q_reg[20]/CE","P2 popcount capture","FDCE=2;LUT2=1;LUT5=2"
945,1.761,5.000,3.028,0.888,2.140,0.707,3,"st_q_reg[4]_rep/C","gen_lane[1].i_p2_pop_slice/bool_result_q_reg[21]/CE","P2 popcount capture","FDCE=2;LUT2=1;LUT5=2"
946,1.761,5.000,3.028,0.888,2.140,0.707,3,"st_q_reg[4]_rep/C","gen_lane[1].i_p2_pop_slice/bool_result_q_reg[22]/CE","P2 popcount capture","FDCE=2;LUT2=1;LUT5=2"
947,1.761,5.000,3.028,0.888,2.140,0.707,3,"st_q_reg[4]_rep/C","gen_lane[1].i_p2_pop_slice/bool_result_q_reg[23]/CE","P2 popcount capture","FDCE=2;LUT2=1;LUT5=2"
948,1.761,5.000,3.028,0.888,2.140,0.707,3,"st_q_reg[4]_rep/C","gen_lane[1].i_p2_pop_slice/bool_result_q_reg[24]/CE","P2 popcount capture","FDCE=2;LUT2=1;LUT5=2"
949,1.761,5.000,3.028,0.888,2.140,0.707,3,"st_q_reg[4]_rep/C","gen_lane[1].i_p2_pop_slice/bool_result_q_reg[25]/CE","P2 popcount capture","FDCE=2;LUT2=1;LUT5=2"
950,1.761,5.000,3.028,0.888,2.140,0.707,3,"st_q_reg[4]_rep/C","gen_lane[1].i_p2_pop_slice/bool_result_q_reg[26]/CE","P2 popcount capture","FDCE=2;LUT2=1;LUT5=2"
951,1.761,5.000,3.028,0.888,2.140,0.707,3,"st_q_reg[4]_rep/C","gen_lane[1].i_p2_pop_slice/bool_result_q_reg[27]/CE","P2 popcount capture","FDCE=2;LUT2=1;LUT5=2"
952,1.761,5.000,3.028,0.888,2.140,0.707,3,"st_q_reg[4]_rep/C","gen_lane[1].i_p2_pop_slice/bool_result_q_reg[28]/CE","P2 popcount capture","FDCE=2;LUT2=1;LUT5=2"
953,1.761,5.000,3.028,0.888,2.140,0.707,3,"st_q_reg[4]_rep/C","gen_lane[1].i_p2_pop_slice/bool_result_q_reg[29]/CE","P2 popcount capture","FDCE=2;LUT2=1;LUT5=2"
954,1.761,5.000,3.028,0.888,2.140,0.707,3,"st_q_reg[4]_rep/C","gen_lane[1].i_p2_pop_slice/bool_result_q_reg[2]/CE","P2 popcount capture","FDCE=2;LUT2=1;LUT5=2"
955,1.761,5.000,3.028,0.888,2.140,0.707,3,"st_q_reg[4]_rep/C","gen_lane[1].i_p2_pop_slice/bool_result_q_reg[30]/CE","P2 popcount capture","FDCE=2;LUT2=1;LUT5=2"
956,1.761,5.000,3.028,0.888,2.140,0.707,3,"st_q_reg[4]_rep/C","gen_lane[1].i_p2_pop_slice/bool_result_q_reg[31]/CE","P2 popcount capture","FDCE=2;LUT2=1;LUT5=2"
957,1.761,5.000,3.028,0.888,2.140,0.707,3,"st_q_reg[4]_rep/C","gen_lane[1].i_p2_pop_slice/bool_result_q_reg[32]/CE","P2 popcount capture","FDCE=2;LUT2=1;LUT5=2"
958,1.761,5.000,3.028,0.888,2.140,0.707,3,"st_q_reg[4]_rep/C","gen_lane[1].i_p2_pop_slice/bool_result_q_reg[33]/CE","P2 popcount capture","FDCE=2;LUT2=1;LUT5=2"
959,1.761,5.000,3.028,0.888,2.140,0.707,3,"st_q_reg[4]_rep/C","gen_lane[1].i_p2_pop_slice/bool_result_q_reg[34]/CE","P2 popcount capture","FDCE=2;LUT2=1;LUT5=2"
960,1.761,5.000,3.028,0.888,2.140,0.707,3,"st_q_reg[4]_rep/C","gen_lane[1].i_p2_pop_slice/bool_result_q_reg[35]/CE","P2 popcount capture","FDCE=2;LUT2=1;LUT5=2"
961,1.761,5.000,3.028,0.888,2.140,0.707,3,"st_q_reg[4]_rep/C","gen_lane[1].i_p2_pop_slice/bool_result_q_reg[36]/CE","P2 popcount capture","FDCE=2;LUT2=1;LUT5=2"
962,1.761,5.000,3.028,0.888,2.140,0.707,3,"st_q_reg[4]_rep/C","gen_lane[1].i_p2_pop_slice/bool_result_q_reg[37]/CE","P2 popcount capture","FDCE=2;LUT2=1;LUT5=2"
963,1.761,5.000,3.028,0.888,2.140,0.707,3,"st_q_reg[4]_rep/C","gen_lane[1].i_p2_pop_slice/bool_result_q_reg[38]/CE","P2 popcount capture","FDCE=2;LUT2=1;LUT5=2"
964,1.761,5.000,3.028,0.888,2.140,0.707,3,"st_q_reg[4]_rep/C","gen_lane[1].i_p2_pop_slice/bool_result_q_reg[39]/CE","P2 popcount capture","FDCE=2;LUT2=1;LUT5=2"
965,1.761,5.000,3.028,0.888,2.140,0.707,3,"st_q_reg[4]_rep/C","gen_lane[1].i_p2_pop_slice/bool_result_q_reg[3]/CE","P2 popcount capture","FDCE=2;LUT2=1;LUT5=2"
966,1.761,5.000,3.028,0.888,2.140,0.707,3,"st_q_reg[4]_rep/C","gen_lane[1].i_p2_pop_slice/bool_result_q_reg[40]/CE","P2 popcount capture","FDCE=2;LUT2=1;LUT5=2"
967,1.761,5.000,3.028,0.888,2.140,0.707,3,"st_q_reg[4]_rep/C","gen_lane[1].i_p2_pop_slice/bool_result_q_reg[41]/CE","P2 popcount capture","FDCE=2;LUT2=1;LUT5=2"
968,1.761,5.000,3.028,0.888,2.140,0.707,3,"st_q_reg[4]_rep/C","gen_lane[1].i_p2_pop_slice/bool_result_q_reg[42]/CE","P2 popcount capture","FDCE=2;LUT2=1;LUT5=2"
969,1.761,5.000,3.028,0.888,2.140,0.707,3,"st_q_reg[4]_rep/C","gen_lane[1].i_p2_pop_slice/bool_result_q_reg[43]/CE","P2 popcount capture","FDCE=2;LUT2=1;LUT5=2"
970,1.761,5.000,3.028,0.888,2.140,0.707,3,"st_q_reg[4]_rep/C","gen_lane[1].i_p2_pop_slice/bool_result_q_reg[44]/CE","P2 popcount capture","FDCE=2;LUT2=1;LUT5=2"
971,1.761,5.000,3.028,0.888,2.140,0.707,3,"st_q_reg[4]_rep/C","gen_lane[1].i_p2_pop_slice/bool_result_q_reg[45]/CE","P2 popcount capture","FDCE=2;LUT2=1;LUT5=2"
972,1.761,5.000,3.028,0.888,2.140,0.707,3,"st_q_reg[4]_rep/C","gen_lane[1].i_p2_pop_slice/bool_result_q_reg[46]/CE","P2 popcount capture","FDCE=2;LUT2=1;LUT5=2"
973,1.761,5.000,3.028,0.888,2.140,0.707,3,"st_q_reg[4]_rep/C","gen_lane[1].i_p2_pop_slice/bool_result_q_reg[47]/CE","P2 popcount capture","FDCE=2;LUT2=1;LUT5=2"
974,1.761,5.000,3.028,0.888,2.140,0.707,3,"st_q_reg[4]_rep/C","gen_lane[1].i_p2_pop_slice/bool_result_q_reg[48]/CE","P2 popcount capture","FDCE=2;LUT2=1;LUT5=2"
975,1.761,5.000,3.028,0.888,2.140,0.707,3,"st_q_reg[4]_rep/C","gen_lane[1].i_p2_pop_slice/bool_result_q_reg[49]/CE","P2 popcount capture","FDCE=2;LUT2=1;LUT5=2"
976,1.761,5.000,3.028,0.888,2.140,0.707,3,"st_q_reg[4]_rep/C","gen_lane[1].i_p2_pop_slice/bool_result_q_reg[4]/CE","P2 popcount capture","FDCE=2;LUT2=1;LUT5=2"
977,1.761,5.000,3.028,0.888,2.140,0.707,3,"st_q_reg[4]_rep/C","gen_lane[1].i_p2_pop_slice/bool_result_q_reg[50]/CE","P2 popcount capture","FDCE=2;LUT2=1;LUT5=2"
978,1.761,5.000,3.028,0.888,2.140,0.707,3,"st_q_reg[4]_rep/C","gen_lane[1].i_p2_pop_slice/bool_result_q_reg[51]/CE","P2 popcount capture","FDCE=2;LUT2=1;LUT5=2"
979,1.761,5.000,3.028,0.888,2.140,0.707,3,"st_q_reg[4]_rep/C","gen_lane[1].i_p2_pop_slice/bool_result_q_reg[52]/CE","P2 popcount capture","FDCE=2;LUT2=1;LUT5=2"
980,1.761,5.000,3.028,0.888,2.140,0.707,3,"st_q_reg[4]_rep/C","gen_lane[1].i_p2_pop_slice/bool_result_q_reg[53]/CE","P2 popcount capture","FDCE=2;LUT2=1;LUT5=2"
981,1.761,5.000,3.028,0.888,2.140,0.707,3,"st_q_reg[4]_rep/C","gen_lane[1].i_p2_pop_slice/bool_result_q_reg[54]/CE","P2 popcount capture","FDCE=2;LUT2=1;LUT5=2"
982,1.761,5.000,3.028,0.888,2.140,0.707,3,"st_q_reg[4]_rep/C","gen_lane[1].i_p2_pop_slice/bool_result_q_reg[55]/CE","P2 popcount capture","FDCE=2;LUT2=1;LUT5=2"
983,1.761,5.000,3.028,0.888,2.140,0.707,3,"st_q_reg[4]_rep/C","gen_lane[1].i_p2_pop_slice/bool_result_q_reg[56]/CE","P2 popcount capture","FDCE=2;LUT2=1;LUT5=2"
984,1.761,5.000,3.028,0.888,2.140,0.707,3,"st_q_reg[4]_rep/C","gen_lane[1].i_p2_pop_slice/bool_result_q_reg[57]/CE","P2 popcount capture","FDCE=2;LUT2=1;LUT5=2"
985,1.761,5.000,3.028,0.888,2.140,0.707,3,"st_q_reg[4]_rep/C","gen_lane[1].i_p2_pop_slice/bool_result_q_reg[58]/CE","P2 popcount capture","FDCE=2;LUT2=1;LUT5=2"
986,1.761,5.000,3.028,0.888,2.140,0.707,3,"st_q_reg[4]_rep/C","gen_lane[1].i_p2_pop_slice/bool_result_q_reg[59]/CE","P2 popcount capture","FDCE=2;LUT2=1;LUT5=2"
987,1.761,5.000,3.028,0.888,2.140,0.707,3,"st_q_reg[4]_rep/C","gen_lane[1].i_p2_pop_slice/bool_result_q_reg[5]/CE","P2 popcount capture","FDCE=2;LUT2=1;LUT5=2"
988,1.761,5.000,3.028,0.888,2.140,0.707,3,"st_q_reg[4]_rep/C","gen_lane[1].i_p2_pop_slice/bool_result_q_reg[60]/CE","P2 popcount capture","FDCE=2;LUT2=1;LUT5=2"
989,1.761,5.000,3.028,0.888,2.140,0.707,3,"st_q_reg[4]_rep/C","gen_lane[1].i_p2_pop_slice/bool_result_q_reg[61]/CE","P2 popcount capture","FDCE=2;LUT2=1;LUT5=2"
990,1.761,5.000,3.028,0.888,2.140,0.707,3,"st_q_reg[4]_rep/C","gen_lane[1].i_p2_pop_slice/bool_result_q_reg[62]/CE","P2 popcount capture","FDCE=2;LUT2=1;LUT5=2"
991,1.761,5.000,3.028,0.888,2.140,0.707,3,"st_q_reg[4]_rep/C","gen_lane[1].i_p2_pop_slice/bool_result_q_reg[63]/CE","P2 popcount capture","FDCE=2;LUT2=1;LUT5=2"
992,1.761,5.000,3.028,0.888,2.140,0.707,3,"st_q_reg[4]_rep/C","gen_lane[1].i_p2_pop_slice/bool_result_q_reg[6]/CE","P2 popcount capture","FDCE=2;LUT2=1;LUT5=2"
993,1.761,5.000,3.028,0.888,2.140,0.707,3,"st_q_reg[4]_rep/C","gen_lane[1].i_p2_pop_slice/bool_result_q_reg[7]/CE","P2 popcount capture","FDCE=2;LUT2=1;LUT5=2"
994,1.761,5.000,3.028,0.888,2.140,0.707,3,"st_q_reg[4]_rep/C","gen_lane[1].i_p2_pop_slice/bool_result_q_reg[8]/CE","P2 popcount capture","FDCE=2;LUT2=1;LUT5=2"
995,1.761,5.000,3.028,0.888,2.140,0.707,3,"st_q_reg[4]_rep/C","gen_lane[1].i_p2_pop_slice/bool_result_q_reg[9]/CE","P2 popcount capture","FDCE=2;LUT2=1;LUT5=2"
996,1.761,5.000,3.028,0.888,2.140,0.707,3,"st_q_reg[4]_rep/C","gen_lane[2].i_p2_pop_slice/bool_result_q_reg[0]/CE","P2 popcount capture","FDCE=2;LUT2=1;LUT5=2"
997,1.761,5.000,3.028,0.888,2.140,0.707,3,"st_q_reg[4]_rep/C","gen_lane[2].i_p2_pop_slice/bool_result_q_reg[10]/CE","P2 popcount capture","FDCE=2;LUT2=1;LUT5=2"
998,1.761,5.000,3.028,0.888,2.140,0.707,3,"st_q_reg[4]_rep/C","gen_lane[2].i_p2_pop_slice/bool_result_q_reg[11]/CE","P2 popcount capture","FDCE=2;LUT2=1;LUT5=2"
999,1.761,5.000,3.028,0.888,2.140,0.707,3,"st_q_reg[4]_rep/C","gen_lane[2].i_p2_pop_slice/bool_result_q_reg[12]/CE","P2 popcount capture","FDCE=2;LUT2=1;LUT5=2"
1000,1.761,5.000,3.028,0.888,2.140,0.707,3,"st_q_reg[4]_rep/C","gen_lane[2].i_p2_pop_slice/bool_result_q_reg[13]/CE","P2 popcount capture","FDCE=2;LUT2=1;LUT5=2"
