rank,slack_ns,required_time_ns,data_path_delay_ns,logic_delay_ns,route_delay_ns,route_ratio,logic_levels,startpoint,endpoint,path_class,main_cells
1,0.254,5.000,4.743,1.190,3.553,0.749,6,"FSM_onehot_st_q_reg[19]/C","lane_result_q_reg[0][55]/D","P2 lane result capture","FDCE=2;LUT4=1;LUT6=5"
2,0.254,5.000,4.743,1.190,3.553,0.749,6,"FSM_onehot_st_q_reg[19]/C","lane_result_q_reg[1][55]/D","P2 lane result capture","FDCE=2;LUT4=1;LUT6=5"
3,0.254,5.000,4.743,1.190,3.553,0.749,6,"FSM_onehot_st_q_reg[19]/C","lane_result_q_reg[2][55]/D","P2 lane result capture","FDCE=2;LUT4=1;LUT6=5"
4,0.254,5.000,4.743,1.190,3.553,0.749,6,"FSM_onehot_st_q_reg[19]/C","lane_result_q_reg[3][55]/D","P2 lane result capture","FDCE=2;LUT4=1;LUT6=5"
5,0.255,5.000,4.742,1.190,3.552,0.749,6,"FSM_onehot_st_q_reg[19]/C","lane_result_q_reg[0][59]/D","P2 lane result capture","FDCE=2;LUT4=1;LUT6=5"
6,0.255,5.000,4.742,1.190,3.552,0.749,6,"FSM_onehot_st_q_reg[19]/C","lane_result_q_reg[1][59]/D","P2 lane result capture","FDCE=2;LUT4=1;LUT6=5"
7,0.255,5.000,4.742,1.190,3.552,0.749,6,"FSM_onehot_st_q_reg[19]/C","lane_result_q_reg[2][59]/D","P2 lane result capture","FDCE=2;LUT4=1;LUT6=5"
8,0.255,5.000,4.742,1.190,3.552,0.749,6,"FSM_onehot_st_q_reg[19]/C","lane_result_q_reg[3][59]/D","P2 lane result capture","FDCE=2;LUT4=1;LUT6=5"
9,0.265,5.000,4.732,1.190,3.542,0.749,6,"FSM_onehot_st_q_reg[19]/C","lane_result_q_reg[0][63]/D","P2 lane result capture","FDCE=2;LUT4=1;LUT6=5"
10,0.265,5.000,4.732,1.190,3.542,0.749,6,"FSM_onehot_st_q_reg[19]/C","lane_result_q_reg[1][63]/D","P2 lane result capture","FDCE=2;LUT4=1;LUT6=5"
11,0.265,5.000,4.732,1.190,3.542,0.749,6,"FSM_onehot_st_q_reg[19]/C","lane_result_q_reg[2][63]/D","P2 lane result capture","FDCE=2;LUT4=1;LUT6=5"
12,0.265,5.000,4.732,1.190,3.542,0.749,6,"FSM_onehot_st_q_reg[19]/C","lane_result_q_reg[3][63]/D","P2 lane result capture","FDCE=2;LUT4=1;LUT6=5"
13,0.326,5.000,4.700,2.246,2.454,0.522,7,"gen_lane[0].i_p2_pop_slice/popcount_part_q_o_reg[0][0]/C","group_dist_q_reg[8]/D","P2 popcount capture","CARRY4=4;FDCE=2;LUT3=2;LUT5=1"
14,0.426,5.000,4.600,2.146,2.454,0.533,6,"gen_lane[0].i_p2_pop_slice/popcount_part_q_o_reg[0][0]/C","group_dist_q_reg[7]/D","P2 popcount capture","CARRY4=3;FDCE=2;LUT3=2;LUT5=1"
15,0.479,5.000,4.547,2.093,2.454,0.540,6,"gen_lane[0].i_p2_pop_slice/popcount_part_q_o_reg[0][0]/C","group_dist_q_reg[6]/D","P2 popcount capture","CARRY4=3;FDCE=2;LUT3=2;LUT5=1"
16,0.527,5.000,4.470,1.938,2.532,0.566,7,"a_q_reg[4]/C","FSM_onehot_st_q_reg[9]/D","TOP control","CARRY4=2;FDCE=2;LUT4=1;LUT5=1;LUT6=3"
17,0.527,5.000,4.470,1.938,2.532,0.566,7,"a_q_reg[4]/C","res_q_reg[1]/D","scalar response","CARRY4=2;FDCE=2;LUT3=1;LUT4=1;LUT6=3"
18,0.550,5.000,4.447,1.210,3.237,0.728,6,"FSM_onehot_st_q_reg[19]/C","lane_result_q_reg[0][35]/D","P2 lane result capture","FDCE=2;LUT3=1;LUT6=5"
19,0.550,5.000,4.447,1.210,3.237,0.728,6,"FSM_onehot_st_q_reg[19]/C","lane_result_q_reg[0][36]/D","P2 lane result capture","FDCE=2;LUT3=1;LUT6=5"
20,0.550,5.000,4.447,1.210,3.237,0.728,6,"FSM_onehot_st_q_reg[19]/C","lane_result_q_reg[0][37]/D","P2 lane result capture","FDCE=2;LUT3=1;LUT6=5"
21,0.550,5.000,4.447,1.210,3.237,0.728,6,"FSM_onehot_st_q_reg[19]/C","lane_result_q_reg[0][45]/D","P2 lane result capture","FDCE=2;LUT3=1;LUT6=5"
22,0.550,5.000,4.447,1.210,3.237,0.728,6,"FSM_onehot_st_q_reg[19]/C","lane_result_q_reg[0][51]/D","P2 lane result capture","FDCE=2;LUT3=1;LUT6=5"
23,0.550,5.000,4.447,1.210,3.237,0.728,6,"FSM_onehot_st_q_reg[19]/C","lane_result_q_reg[0][52]/D","P2 lane result capture","FDCE=2;LUT3=1;LUT6=5"
24,0.550,5.000,4.447,1.210,3.237,0.728,6,"FSM_onehot_st_q_reg[19]/C","lane_result_q_reg[0][53]/D","P2 lane result capture","FDCE=2;LUT3=1;LUT6=5"
25,0.550,5.000,4.447,1.210,3.237,0.728,6,"FSM_onehot_st_q_reg[19]/C","lane_result_q_reg[0][60]/D","P2 lane result capture","FDCE=2;LUT3=1;LUT6=5"
26,0.550,5.000,4.447,1.210,3.237,0.728,6,"FSM_onehot_st_q_reg[19]/C","lane_result_q_reg[0][61]/D","P2 lane result capture","FDCE=2;LUT3=1;LUT6=5"
27,0.550,5.000,4.447,1.210,3.237,0.728,6,"FSM_onehot_st_q_reg[19]/C","lane_result_q_reg[1][35]/D","P2 lane result capture","FDCE=2;LUT3=1;LUT6=5"
28,0.550,5.000,4.447,1.210,3.237,0.728,6,"FSM_onehot_st_q_reg[19]/C","lane_result_q_reg[1][36]/D","P2 lane result capture","FDCE=2;LUT3=1;LUT6=5"
29,0.550,5.000,4.447,1.210,3.237,0.728,6,"FSM_onehot_st_q_reg[19]/C","lane_result_q_reg[1][37]/D","P2 lane result capture","FDCE=2;LUT3=1;LUT6=5"
30,0.550,5.000,4.447,1.210,3.237,0.728,6,"FSM_onehot_st_q_reg[19]/C","lane_result_q_reg[1][44]/D","P2 lane result capture","FDCE=2;LUT3=1;LUT6=5"
31,0.550,5.000,4.447,1.210,3.237,0.728,6,"FSM_onehot_st_q_reg[19]/C","lane_result_q_reg[1][45]/D","P2 lane result capture","FDCE=2;LUT3=1;LUT6=5"
32,0.550,5.000,4.447,1.210,3.237,0.728,6,"FSM_onehot_st_q_reg[19]/C","lane_result_q_reg[1][51]/D","P2 lane result capture","FDCE=2;LUT3=1;LUT6=5"
33,0.550,5.000,4.447,1.210,3.237,0.728,6,"FSM_onehot_st_q_reg[19]/C","lane_result_q_reg[1][52]/D","P2 lane result capture","FDCE=2;LUT3=1;LUT6=5"
34,0.550,5.000,4.447,1.210,3.237,0.728,6,"FSM_onehot_st_q_reg[19]/C","lane_result_q_reg[1][53]/D","P2 lane result capture","FDCE=2;LUT3=1;LUT6=5"
35,0.550,5.000,4.447,1.210,3.237,0.728,6,"FSM_onehot_st_q_reg[19]/C","lane_result_q_reg[1][60]/D","P2 lane result capture","FDCE=2;LUT3=1;LUT6=5"
36,0.550,5.000,4.447,1.210,3.237,0.728,6,"FSM_onehot_st_q_reg[19]/C","lane_result_q_reg[1][61]/D","P2 lane result capture","FDCE=2;LUT3=1;LUT6=5"
37,0.550,5.000,4.447,1.210,3.237,0.728,6,"FSM_onehot_st_q_reg[19]/C","lane_result_q_reg[2][35]/D","P2 lane result capture","FDCE=2;LUT3=1;LUT6=5"
38,0.550,5.000,4.447,1.210,3.237,0.728,6,"FSM_onehot_st_q_reg[19]/C","lane_result_q_reg[2][36]/D","P2 lane result capture","FDCE=2;LUT3=1;LUT6=5"
39,0.550,5.000,4.447,1.210,3.237,0.728,6,"FSM_onehot_st_q_reg[19]/C","lane_result_q_reg[2][37]/D","P2 lane result capture","FDCE=2;LUT3=1;LUT6=5"
40,0.550,5.000,4.447,1.210,3.237,0.728,6,"FSM_onehot_st_q_reg[19]/C","lane_result_q_reg[2][45]/D","P2 lane result capture","FDCE=2;LUT3=1;LUT6=5"
41,0.550,5.000,4.447,1.210,3.237,0.728,6,"FSM_onehot_st_q_reg[19]/C","lane_result_q_reg[2][51]/D","P2 lane result capture","FDCE=2;LUT3=1;LUT6=5"
42,0.550,5.000,4.447,1.210,3.237,0.728,6,"FSM_onehot_st_q_reg[19]/C","lane_result_q_reg[2][52]/D","P2 lane result capture","FDCE=2;LUT3=1;LUT6=5"
43,0.550,5.000,4.447,1.210,3.237,0.728,6,"FSM_onehot_st_q_reg[19]/C","lane_result_q_reg[2][53]/D","P2 lane result capture","FDCE=2;LUT3=1;LUT6=5"
44,0.550,5.000,4.447,1.210,3.237,0.728,6,"FSM_onehot_st_q_reg[19]/C","lane_result_q_reg[2][60]/D","P2 lane result capture","FDCE=2;LUT3=1;LUT6=5"
45,0.550,5.000,4.447,1.210,3.237,0.728,6,"FSM_onehot_st_q_reg[19]/C","lane_result_q_reg[2][61]/D","P2 lane result capture","FDCE=2;LUT3=1;LUT6=5"
46,0.550,5.000,4.447,1.210,3.237,0.728,6,"FSM_onehot_st_q_reg[19]/C","lane_result_q_reg[3][35]/D","P2 lane result capture","FDCE=2;LUT3=1;LUT6=5"
47,0.550,5.000,4.447,1.210,3.237,0.728,6,"FSM_onehot_st_q_reg[19]/C","lane_result_q_reg[3][36]/D","P2 lane result capture","FDCE=2;LUT3=1;LUT6=5"
48,0.550,5.000,4.447,1.210,3.237,0.728,6,"FSM_onehot_st_q_reg[19]/C","lane_result_q_reg[3][37]/D","P2 lane result capture","FDCE=2;LUT3=1;LUT6=5"
49,0.550,5.000,4.447,1.210,3.237,0.728,6,"FSM_onehot_st_q_reg[19]/C","lane_result_q_reg[3][43]/D","P2 lane result capture","FDCE=2;LUT3=1;LUT6=5"
50,0.550,5.000,4.447,1.210,3.237,0.728,6,"FSM_onehot_st_q_reg[19]/C","lane_result_q_reg[3][44]/D","P2 lane result capture","FDCE=2;LUT3=1;LUT6=5"
51,0.550,5.000,4.447,1.210,3.237,0.728,6,"FSM_onehot_st_q_reg[19]/C","lane_result_q_reg[3][45]/D","P2 lane result capture","FDCE=2;LUT3=1;LUT6=5"
52,0.550,5.000,4.447,1.210,3.237,0.728,6,"FSM_onehot_st_q_reg[19]/C","lane_result_q_reg[3][51]/D","P2 lane result capture","FDCE=2;LUT3=1;LUT6=5"
53,0.550,5.000,4.447,1.210,3.237,0.728,6,"FSM_onehot_st_q_reg[19]/C","lane_result_q_reg[3][52]/D","P2 lane result capture","FDCE=2;LUT3=1;LUT6=5"
54,0.550,5.000,4.447,1.210,3.237,0.728,6,"FSM_onehot_st_q_reg[19]/C","lane_result_q_reg[3][53]/D","P2 lane result capture","FDCE=2;LUT3=1;LUT6=5"
55,0.550,5.000,4.447,1.210,3.237,0.728,6,"FSM_onehot_st_q_reg[19]/C","lane_result_q_reg[3][60]/D","P2 lane result capture","FDCE=2;LUT3=1;LUT6=5"
56,0.550,5.000,4.447,1.210,3.237,0.728,6,"FSM_onehot_st_q_reg[19]/C","lane_result_q_reg[3][61]/D","P2 lane result capture","FDCE=2;LUT3=1;LUT6=5"
57,0.551,5.000,4.446,1.210,3.236,0.728,6,"FSM_onehot_st_q_reg[19]/C","lane_result_q_reg[0][32]/D","P2 lane result capture","FDCE=2;LUT3=1;LUT6=5"
58,0.551,5.000,4.446,1.210,3.236,0.728,6,"FSM_onehot_st_q_reg[19]/C","lane_result_q_reg[0][33]/D","P2 lane result capture","FDCE=2;LUT3=1;LUT6=5"
59,0.551,5.000,4.446,1.210,3.236,0.728,6,"FSM_onehot_st_q_reg[19]/C","lane_result_q_reg[0][34]/D","P2 lane result capture","FDCE=2;LUT3=1;LUT6=5"
60,0.551,5.000,4.446,1.210,3.236,0.728,6,"FSM_onehot_st_q_reg[19]/C","lane_result_q_reg[0][40]/D","P2 lane result capture","FDCE=2;LUT3=1;LUT6=5"
61,0.551,5.000,4.446,1.210,3.236,0.728,6,"FSM_onehot_st_q_reg[19]/C","lane_result_q_reg[0][41]/D","P2 lane result capture","FDCE=2;LUT3=1;LUT6=5"
62,0.551,5.000,4.446,1.210,3.236,0.728,6,"FSM_onehot_st_q_reg[19]/C","lane_result_q_reg[0][42]/D","P2 lane result capture","FDCE=2;LUT3=1;LUT6=5"
63,0.551,5.000,4.446,1.210,3.236,0.728,6,"FSM_onehot_st_q_reg[19]/C","lane_result_q_reg[0][48]/D","P2 lane result capture","FDCE=2;LUT3=1;LUT6=5"
64,0.551,5.000,4.446,1.210,3.236,0.728,6,"FSM_onehot_st_q_reg[19]/C","lane_result_q_reg[0][49]/D","P2 lane result capture","FDCE=2;LUT3=1;LUT6=5"
65,0.551,5.000,4.446,1.210,3.236,0.728,6,"FSM_onehot_st_q_reg[19]/C","lane_result_q_reg[0][50]/D","P2 lane result capture","FDCE=2;LUT3=1;LUT6=5"
66,0.551,5.000,4.446,1.210,3.236,0.728,6,"FSM_onehot_st_q_reg[19]/C","lane_result_q_reg[0][56]/D","P2 lane result capture","FDCE=2;LUT3=1;LUT6=5"
67,0.551,5.000,4.446,1.210,3.236,0.728,6,"FSM_onehot_st_q_reg[19]/C","lane_result_q_reg[0][57]/D","P2 lane result capture","FDCE=2;LUT3=1;LUT6=5"
68,0.551,5.000,4.446,1.210,3.236,0.728,6,"FSM_onehot_st_q_reg[19]/C","lane_result_q_reg[0][58]/D","P2 lane result capture","FDCE=2;LUT3=1;LUT6=5"
69,0.551,5.000,4.446,1.210,3.236,0.728,6,"FSM_onehot_st_q_reg[19]/C","lane_result_q_reg[1][32]/D","P2 lane result capture","FDCE=2;LUT3=1;LUT6=5"
70,0.551,5.000,4.446,1.210,3.236,0.728,6,"FSM_onehot_st_q_reg[19]/C","lane_result_q_reg[1][33]/D","P2 lane result capture","FDCE=2;LUT3=1;LUT6=5"
71,0.551,5.000,4.446,1.210,3.236,0.728,6,"FSM_onehot_st_q_reg[19]/C","lane_result_q_reg[1][34]/D","P2 lane result capture","FDCE=2;LUT3=1;LUT6=5"
72,0.551,5.000,4.446,1.210,3.236,0.728,6,"FSM_onehot_st_q_reg[19]/C","lane_result_q_reg[1][41]/D","P2 lane result capture","FDCE=2;LUT3=1;LUT6=5"
73,0.551,5.000,4.446,1.210,3.236,0.728,6,"FSM_onehot_st_q_reg[19]/C","lane_result_q_reg[1][42]/D","P2 lane result capture","FDCE=2;LUT3=1;LUT6=5"
74,0.551,5.000,4.446,1.210,3.236,0.728,6,"FSM_onehot_st_q_reg[19]/C","lane_result_q_reg[1][48]/D","P2 lane result capture","FDCE=2;LUT3=1;LUT6=5"
75,0.551,5.000,4.446,1.210,3.236,0.728,6,"FSM_onehot_st_q_reg[19]/C","lane_result_q_reg[1][49]/D","P2 lane result capture","FDCE=2;LUT3=1;LUT6=5"
76,0.551,5.000,4.446,1.210,3.236,0.728,6,"FSM_onehot_st_q_reg[19]/C","lane_result_q_reg[1][50]/D","P2 lane result capture","FDCE=2;LUT3=1;LUT6=5"
77,0.551,5.000,4.446,1.210,3.236,0.728,6,"FSM_onehot_st_q_reg[19]/C","lane_result_q_reg[1][56]/D","P2 lane result capture","FDCE=2;LUT3=1;LUT6=5"
78,0.551,5.000,4.446,1.210,3.236,0.728,6,"FSM_onehot_st_q_reg[19]/C","lane_result_q_reg[1][57]/D","P2 lane result capture","FDCE=2;LUT3=1;LUT6=5"
79,0.551,5.000,4.446,1.210,3.236,0.728,6,"FSM_onehot_st_q_reg[19]/C","lane_result_q_reg[1][58]/D","P2 lane result capture","FDCE=2;LUT3=1;LUT6=5"
80,0.551,5.000,4.446,1.210,3.236,0.728,6,"FSM_onehot_st_q_reg[19]/C","lane_result_q_reg[2][32]/D","P2 lane result capture","FDCE=2;LUT3=1;LUT6=5"
81,0.551,5.000,4.446,1.210,3.236,0.728,6,"FSM_onehot_st_q_reg[19]/C","lane_result_q_reg[2][33]/D","P2 lane result capture","FDCE=2;LUT3=1;LUT6=5"
82,0.551,5.000,4.446,1.210,3.236,0.728,6,"FSM_onehot_st_q_reg[19]/C","lane_result_q_reg[2][34]/D","P2 lane result capture","FDCE=2;LUT3=1;LUT6=5"
83,0.551,5.000,4.446,1.210,3.236,0.728,6,"FSM_onehot_st_q_reg[19]/C","lane_result_q_reg[2][40]/D","P2 lane result capture","FDCE=2;LUT3=1;LUT6=5"
84,0.551,5.000,4.446,1.210,3.236,0.728,6,"FSM_onehot_st_q_reg[19]/C","lane_result_q_reg[2][41]/D","P2 lane result capture","FDCE=2;LUT3=1;LUT6=5"
85,0.551,5.000,4.446,1.210,3.236,0.728,6,"FSM_onehot_st_q_reg[19]/C","lane_result_q_reg[2][42]/D","P2 lane result capture","FDCE=2;LUT3=1;LUT6=5"
86,0.551,5.000,4.446,1.210,3.236,0.728,6,"FSM_onehot_st_q_reg[19]/C","lane_result_q_reg[2][48]/D","P2 lane result capture","FDCE=2;LUT3=1;LUT6=5"
87,0.551,5.000,4.446,1.210,3.236,0.728,6,"FSM_onehot_st_q_reg[19]/C","lane_result_q_reg[2][49]/D","P2 lane result capture","FDCE=2;LUT3=1;LUT6=5"
88,0.551,5.000,4.446,1.210,3.236,0.728,6,"FSM_onehot_st_q_reg[19]/C","lane_result_q_reg[2][50]/D","P2 lane result capture","FDCE=2;LUT3=1;LUT6=5"
89,0.551,5.000,4.446,1.210,3.236,0.728,6,"FSM_onehot_st_q_reg[19]/C","lane_result_q_reg[2][56]/D","P2 lane result capture","FDCE=2;LUT3=1;LUT6=5"
90,0.551,5.000,4.446,1.210,3.236,0.728,6,"FSM_onehot_st_q_reg[19]/C","lane_result_q_reg[2][57]/D","P2 lane result capture","FDCE=2;LUT3=1;LUT6=5"
91,0.551,5.000,4.446,1.210,3.236,0.728,6,"FSM_onehot_st_q_reg[19]/C","lane_result_q_reg[2][58]/D","P2 lane result capture","FDCE=2;LUT3=1;LUT6=5"
92,0.551,5.000,4.446,1.210,3.236,0.728,6,"FSM_onehot_st_q_reg[19]/C","lane_result_q_reg[3][32]/D","P2 lane result capture","FDCE=2;LUT3=1;LUT6=5"
93,0.551,5.000,4.446,1.210,3.236,0.728,6,"FSM_onehot_st_q_reg[19]/C","lane_result_q_reg[3][33]/D","P2 lane result capture","FDCE=2;LUT3=1;LUT6=5"
94,0.551,5.000,4.446,1.210,3.236,0.728,6,"FSM_onehot_st_q_reg[19]/C","lane_result_q_reg[3][34]/D","P2 lane result capture","FDCE=2;LUT3=1;LUT6=5"
95,0.551,5.000,4.446,1.210,3.236,0.728,6,"FSM_onehot_st_q_reg[19]/C","lane_result_q_reg[3][41]/D","P2 lane result capture","FDCE=2;LUT3=1;LUT6=5"
96,0.551,5.000,4.446,1.210,3.236,0.728,6,"FSM_onehot_st_q_reg[19]/C","lane_result_q_reg[3][42]/D","P2 lane result capture","FDCE=2;LUT3=1;LUT6=5"
97,0.551,5.000,4.446,1.210,3.236,0.728,6,"FSM_onehot_st_q_reg[19]/C","lane_result_q_reg[3][48]/D","P2 lane result capture","FDCE=2;LUT3=1;LUT6=5"
98,0.551,5.000,4.446,1.210,3.236,0.728,6,"FSM_onehot_st_q_reg[19]/C","lane_result_q_reg[3][49]/D","P2 lane result capture","FDCE=2;LUT3=1;LUT6=5"
99,0.551,5.000,4.446,1.210,3.236,0.728,6,"FSM_onehot_st_q_reg[19]/C","lane_result_q_reg[3][50]/D","P2 lane result capture","FDCE=2;LUT3=1;LUT6=5"
100,0.551,5.000,4.446,1.210,3.236,0.728,6,"FSM_onehot_st_q_reg[19]/C","lane_result_q_reg[3][56]/D","P2 lane result capture","FDCE=2;LUT3=1;LUT6=5"
101,0.551,5.000,4.446,1.210,3.236,0.728,6,"FSM_onehot_st_q_reg[19]/C","lane_result_q_reg[3][57]/D","P2 lane result capture","FDCE=2;LUT3=1;LUT6=5"
102,0.551,5.000,4.446,1.210,3.236,0.728,6,"FSM_onehot_st_q_reg[19]/C","lane_result_q_reg[3][58]/D","P2 lane result capture","FDCE=2;LUT3=1;LUT6=5"
103,0.560,5.000,4.437,1.210,3.227,0.727,6,"FSM_onehot_st_q_reg[19]/C","lane_result_q_reg[0][38]/D","P2 lane result capture","FDCE=2;LUT3=1;LUT6=5"
104,0.560,5.000,4.437,1.210,3.227,0.727,6,"FSM_onehot_st_q_reg[19]/C","lane_result_q_reg[0][46]/D","P2 lane result capture","FDCE=2;LUT3=1;LUT6=5"
105,0.560,5.000,4.437,1.210,3.227,0.727,6,"FSM_onehot_st_q_reg[19]/C","lane_result_q_reg[0][54]/D","P2 lane result capture","FDCE=2;LUT3=1;LUT6=5"
106,0.560,5.000,4.437,1.210,3.227,0.727,6,"FSM_onehot_st_q_reg[19]/C","lane_result_q_reg[0][62]/D","P2 lane result capture","FDCE=2;LUT3=1;LUT6=5"
107,0.560,5.000,4.437,1.210,3.227,0.727,6,"FSM_onehot_st_q_reg[19]/C","lane_result_q_reg[1][38]/D","P2 lane result capture","FDCE=2;LUT3=1;LUT6=5"
108,0.560,5.000,4.437,1.210,3.227,0.727,6,"FSM_onehot_st_q_reg[19]/C","lane_result_q_reg[1][46]/D","P2 lane result capture","FDCE=2;LUT3=1;LUT6=5"
109,0.560,5.000,4.437,1.210,3.227,0.727,6,"FSM_onehot_st_q_reg[19]/C","lane_result_q_reg[1][47]/D","P2 lane result capture","FDCE=2;LUT3=1;LUT6=5"
110,0.560,5.000,4.437,1.210,3.227,0.727,6,"FSM_onehot_st_q_reg[19]/C","lane_result_q_reg[1][54]/D","P2 lane result capture","FDCE=2;LUT3=1;LUT6=5"
111,0.560,5.000,4.437,1.210,3.227,0.727,6,"FSM_onehot_st_q_reg[19]/C","lane_result_q_reg[1][62]/D","P2 lane result capture","FDCE=2;LUT3=1;LUT6=5"
112,0.560,5.000,4.437,1.210,3.227,0.727,6,"FSM_onehot_st_q_reg[19]/C","lane_result_q_reg[2][38]/D","P2 lane result capture","FDCE=2;LUT3=1;LUT6=5"
113,0.560,5.000,4.437,1.210,3.227,0.727,6,"FSM_onehot_st_q_reg[19]/C","lane_result_q_reg[2][46]/D","P2 lane result capture","FDCE=2;LUT3=1;LUT6=5"
114,0.560,5.000,4.437,1.210,3.227,0.727,6,"FSM_onehot_st_q_reg[19]/C","lane_result_q_reg[2][54]/D","P2 lane result capture","FDCE=2;LUT3=1;LUT6=5"
115,0.560,5.000,4.437,1.210,3.227,0.727,6,"FSM_onehot_st_q_reg[19]/C","lane_result_q_reg[2][62]/D","P2 lane result capture","FDCE=2;LUT3=1;LUT6=5"
116,0.560,5.000,4.437,1.210,3.227,0.727,6,"FSM_onehot_st_q_reg[19]/C","lane_result_q_reg[3][38]/D","P2 lane result capture","FDCE=2;LUT3=1;LUT6=5"
117,0.560,5.000,4.437,1.210,3.227,0.727,6,"FSM_onehot_st_q_reg[19]/C","lane_result_q_reg[3][46]/D","P2 lane result capture","FDCE=2;LUT3=1;LUT6=5"
118,0.560,5.000,4.437,1.210,3.227,0.727,6,"FSM_onehot_st_q_reg[19]/C","lane_result_q_reg[3][47]/D","P2 lane result capture","FDCE=2;LUT3=1;LUT6=5"
119,0.560,5.000,4.437,1.210,3.227,0.727,6,"FSM_onehot_st_q_reg[19]/C","lane_result_q_reg[3][54]/D","P2 lane result capture","FDCE=2;LUT3=1;LUT6=5"
120,0.560,5.000,4.437,1.210,3.227,0.727,6,"FSM_onehot_st_q_reg[19]/C","lane_result_q_reg[3][62]/D","P2 lane result capture","FDCE=2;LUT3=1;LUT6=5"
121,0.561,5.000,4.436,1.210,3.226,0.727,6,"FSM_onehot_st_q_reg[19]/C","lane_result_q_reg[0][28]/D","P2 lane result capture","FDCE=2;LUT3=1;LUT6=5"
122,0.561,5.000,4.436,1.210,3.226,0.727,6,"FSM_onehot_st_q_reg[19]/C","lane_result_q_reg[1][28]/D","P2 lane result capture","FDCE=2;LUT3=1;LUT6=5"
123,0.561,5.000,4.436,1.210,3.226,0.727,6,"FSM_onehot_st_q_reg[19]/C","lane_result_q_reg[2][28]/D","P2 lane result capture","FDCE=2;LUT3=1;LUT6=5"
124,0.562,5.000,4.435,1.210,3.225,0.727,6,"FSM_onehot_st_q_reg[19]/C","lane_result_q_reg[0][24]/D","P2 lane result capture","FDCE=2;LUT3=1;LUT6=5"
125,0.562,5.000,4.435,1.210,3.225,0.727,6,"FSM_onehot_st_q_reg[19]/C","lane_result_q_reg[1][24]/D","P2 lane result capture","FDCE=2;LUT3=1;LUT6=5"
126,0.562,5.000,4.435,1.210,3.225,0.727,6,"FSM_onehot_st_q_reg[19]/C","lane_result_q_reg[2][24]/D","P2 lane result capture","FDCE=2;LUT3=1;LUT6=5"
127,0.562,5.000,4.435,1.210,3.225,0.727,6,"FSM_onehot_st_q_reg[19]/C","lane_result_q_reg[3][24]/D","P2 lane result capture","FDCE=2;LUT3=1;LUT6=5"
128,0.569,5.000,4.428,1.210,3.218,0.727,6,"FSM_onehot_st_q_reg[19]/C","lane_result_q_reg[0][13]/D","P2 lane result capture","FDCE=2;LUT3=1;LUT6=5"
129,0.569,5.000,4.428,1.210,3.218,0.727,6,"FSM_onehot_st_q_reg[19]/C","lane_result_q_reg[0][19]/D","P2 lane result capture","FDCE=2;LUT3=1;LUT6=5"
130,0.569,5.000,4.428,1.210,3.218,0.727,6,"FSM_onehot_st_q_reg[19]/C","lane_result_q_reg[0][20]/D","P2 lane result capture","FDCE=2;LUT3=1;LUT6=5"
131,0.569,5.000,4.428,1.210,3.218,0.727,6,"FSM_onehot_st_q_reg[19]/C","lane_result_q_reg[0][21]/D","P2 lane result capture","FDCE=2;LUT3=1;LUT6=5"
132,0.569,5.000,4.428,1.210,3.218,0.727,6,"FSM_onehot_st_q_reg[19]/C","lane_result_q_reg[0][27]/D","P2 lane result capture","FDCE=2;LUT3=1;LUT6=5"
133,0.569,5.000,4.428,1.210,3.218,0.727,6,"FSM_onehot_st_q_reg[19]/C","lane_result_q_reg[0][29]/D","P2 lane result capture","FDCE=2;LUT3=1;LUT6=5"
134,0.569,5.000,4.428,1.210,3.218,0.727,6,"FSM_onehot_st_q_reg[19]/C","lane_result_q_reg[0][3]/D","P2 lane result capture","FDCE=2;LUT3=1;LUT6=5"
135,0.569,5.000,4.428,1.210,3.218,0.727,6,"FSM_onehot_st_q_reg[19]/C","lane_result_q_reg[0][4]/D","P2 lane result capture","FDCE=2;LUT3=1;LUT6=5"
136,0.569,5.000,4.428,1.210,3.218,0.727,6,"FSM_onehot_st_q_reg[19]/C","lane_result_q_reg[0][5]/D","P2 lane result capture","FDCE=2;LUT3=1;LUT6=5"
137,0.569,5.000,4.428,1.210,3.218,0.727,6,"FSM_onehot_st_q_reg[19]/C","lane_result_q_reg[1][12]/D","P2 lane result capture","FDCE=2;LUT3=1;LUT6=5"
138,0.569,5.000,4.428,1.210,3.218,0.727,6,"FSM_onehot_st_q_reg[19]/C","lane_result_q_reg[1][13]/D","P2 lane result capture","FDCE=2;LUT3=1;LUT6=5"
139,0.569,5.000,4.428,1.210,3.218,0.727,6,"FSM_onehot_st_q_reg[19]/C","lane_result_q_reg[1][19]/D","P2 lane result capture","FDCE=2;LUT3=1;LUT6=5"
140,0.569,5.000,4.428,1.210,3.218,0.727,6,"FSM_onehot_st_q_reg[19]/C","lane_result_q_reg[1][20]/D","P2 lane result capture","FDCE=2;LUT3=1;LUT6=5"
141,0.569,5.000,4.428,1.210,3.218,0.727,6,"FSM_onehot_st_q_reg[19]/C","lane_result_q_reg[1][21]/D","P2 lane result capture","FDCE=2;LUT3=1;LUT6=5"
142,0.569,5.000,4.428,1.210,3.218,0.727,6,"FSM_onehot_st_q_reg[19]/C","lane_result_q_reg[1][27]/D","P2 lane result capture","FDCE=2;LUT3=1;LUT6=5"
143,0.569,5.000,4.428,1.210,3.218,0.727,6,"FSM_onehot_st_q_reg[19]/C","lane_result_q_reg[1][29]/D","P2 lane result capture","FDCE=2;LUT3=1;LUT6=5"
144,0.569,5.000,4.428,1.210,3.218,0.727,6,"FSM_onehot_st_q_reg[19]/C","lane_result_q_reg[1][3]/D","P2 lane result capture","FDCE=2;LUT3=1;LUT6=5"
145,0.569,5.000,4.428,1.210,3.218,0.727,6,"FSM_onehot_st_q_reg[19]/C","lane_result_q_reg[1][4]/D","P2 lane result capture","FDCE=2;LUT3=1;LUT6=5"
146,0.569,5.000,4.428,1.210,3.218,0.727,6,"FSM_onehot_st_q_reg[19]/C","lane_result_q_reg[1][5]/D","P2 lane result capture","FDCE=2;LUT3=1;LUT6=5"
147,0.569,5.000,4.428,1.210,3.218,0.727,6,"FSM_onehot_st_q_reg[19]/C","lane_result_q_reg[2][13]/D","P2 lane result capture","FDCE=2;LUT3=1;LUT6=5"
148,0.569,5.000,4.428,1.210,3.218,0.727,6,"FSM_onehot_st_q_reg[19]/C","lane_result_q_reg[2][19]/D","P2 lane result capture","FDCE=2;LUT3=1;LUT6=5"
149,0.569,5.000,4.428,1.210,3.218,0.727,6,"FSM_onehot_st_q_reg[19]/C","lane_result_q_reg[2][20]/D","P2 lane result capture","FDCE=2;LUT3=1;LUT6=5"
150,0.569,5.000,4.428,1.210,3.218,0.727,6,"FSM_onehot_st_q_reg[19]/C","lane_result_q_reg[2][21]/D","P2 lane result capture","FDCE=2;LUT3=1;LUT6=5"
151,0.569,5.000,4.428,1.210,3.218,0.727,6,"FSM_onehot_st_q_reg[19]/C","lane_result_q_reg[2][27]/D","P2 lane result capture","FDCE=2;LUT3=1;LUT6=5"
152,0.569,5.000,4.428,1.210,3.218,0.727,6,"FSM_onehot_st_q_reg[19]/C","lane_result_q_reg[2][29]/D","P2 lane result capture","FDCE=2;LUT3=1;LUT6=5"
153,0.569,5.000,4.428,1.210,3.218,0.727,6,"FSM_onehot_st_q_reg[19]/C","lane_result_q_reg[2][3]/D","P2 lane result capture","FDCE=2;LUT3=1;LUT6=5"
154,0.569,5.000,4.428,1.210,3.218,0.727,6,"FSM_onehot_st_q_reg[19]/C","lane_result_q_reg[2][4]/D","P2 lane result capture","FDCE=2;LUT3=1;LUT6=5"
155,0.569,5.000,4.428,1.210,3.218,0.727,6,"FSM_onehot_st_q_reg[19]/C","lane_result_q_reg[2][5]/D","P2 lane result capture","FDCE=2;LUT3=1;LUT6=5"
156,0.569,5.000,4.428,1.210,3.218,0.727,6,"FSM_onehot_st_q_reg[19]/C","lane_result_q_reg[3][11]/D","P2 lane result capture","FDCE=2;LUT3=1;LUT6=5"
157,0.569,5.000,4.428,1.210,3.218,0.727,6,"FSM_onehot_st_q_reg[19]/C","lane_result_q_reg[3][12]/D","P2 lane result capture","FDCE=2;LUT3=1;LUT6=5"
158,0.569,5.000,4.428,1.210,3.218,0.727,6,"FSM_onehot_st_q_reg[19]/C","lane_result_q_reg[3][13]/D","P2 lane result capture","FDCE=2;LUT3=1;LUT6=5"
159,0.569,5.000,4.428,1.210,3.218,0.727,6,"FSM_onehot_st_q_reg[19]/C","lane_result_q_reg[3][19]/D","P2 lane result capture","FDCE=2;LUT3=1;LUT6=5"
160,0.569,5.000,4.428,1.210,3.218,0.727,6,"FSM_onehot_st_q_reg[19]/C","lane_result_q_reg[3][20]/D","P2 lane result capture","FDCE=2;LUT3=1;LUT6=5"
161,0.569,5.000,4.428,1.210,3.218,0.727,6,"FSM_onehot_st_q_reg[19]/C","lane_result_q_reg[3][21]/D","P2 lane result capture","FDCE=2;LUT3=1;LUT6=5"
162,0.569,5.000,4.428,1.210,3.218,0.727,6,"FSM_onehot_st_q_reg[19]/C","lane_result_q_reg[3][27]/D","P2 lane result capture","FDCE=2;LUT3=1;LUT6=5"
163,0.569,5.000,4.428,1.210,3.218,0.727,6,"FSM_onehot_st_q_reg[19]/C","lane_result_q_reg[3][28]/D","P2 lane result capture","FDCE=2;LUT3=1;LUT6=5"
164,0.569,5.000,4.428,1.210,3.218,0.727,6,"FSM_onehot_st_q_reg[19]/C","lane_result_q_reg[3][29]/D","P2 lane result capture","FDCE=2;LUT3=1;LUT6=5"
165,0.569,5.000,4.428,1.210,3.218,0.727,6,"FSM_onehot_st_q_reg[19]/C","lane_result_q_reg[3][3]/D","P2 lane result capture","FDCE=2;LUT3=1;LUT6=5"
166,0.569,5.000,4.428,1.210,3.218,0.727,6,"FSM_onehot_st_q_reg[19]/C","lane_result_q_reg[3][4]/D","P2 lane result capture","FDCE=2;LUT3=1;LUT6=5"
167,0.569,5.000,4.428,1.210,3.218,0.727,6,"FSM_onehot_st_q_reg[19]/C","lane_result_q_reg[3][5]/D","P2 lane result capture","FDCE=2;LUT3=1;LUT6=5"
168,0.570,5.000,4.427,1.210,3.217,0.727,6,"FSM_onehot_st_q_reg[19]/C","lane_result_q_reg[0][0]/D","P2 lane result capture","FDCE=2;LUT3=1;LUT6=5"
169,0.570,5.000,4.427,1.210,3.217,0.727,6,"FSM_onehot_st_q_reg[19]/C","lane_result_q_reg[0][10]/D","P2 lane result capture","FDCE=2;LUT3=1;LUT6=5"
170,0.570,5.000,4.427,1.210,3.217,0.727,6,"FSM_onehot_st_q_reg[19]/C","lane_result_q_reg[0][16]/D","P2 lane result capture","FDCE=2;LUT3=1;LUT6=5"
171,0.570,5.000,4.427,1.210,3.217,0.727,6,"FSM_onehot_st_q_reg[19]/C","lane_result_q_reg[0][17]/D","P2 lane result capture","FDCE=2;LUT3=1;LUT6=5"
172,0.570,5.000,4.427,1.210,3.217,0.727,6,"FSM_onehot_st_q_reg[19]/C","lane_result_q_reg[0][18]/D","P2 lane result capture","FDCE=2;LUT3=1;LUT6=5"
173,0.570,5.000,4.427,1.210,3.217,0.727,6,"FSM_onehot_st_q_reg[19]/C","lane_result_q_reg[0][1]/D","P2 lane result capture","FDCE=2;LUT3=1;LUT6=5"
174,0.570,5.000,4.427,1.210,3.217,0.727,6,"FSM_onehot_st_q_reg[19]/C","lane_result_q_reg[0][25]/D","P2 lane result capture","FDCE=2;LUT3=1;LUT6=5"
175,0.570,5.000,4.427,1.210,3.217,0.727,6,"FSM_onehot_st_q_reg[19]/C","lane_result_q_reg[0][26]/D","P2 lane result capture","FDCE=2;LUT3=1;LUT6=5"
176,0.570,5.000,4.427,1.210,3.217,0.727,6,"FSM_onehot_st_q_reg[19]/C","lane_result_q_reg[0][2]/D","P2 lane result capture","FDCE=2;LUT3=1;LUT6=5"
177,0.570,5.000,4.427,1.190,3.237,0.731,6,"FSM_onehot_st_q_reg[19]/C","lane_result_q_reg[0][43]/D","P2 lane result capture","FDCE=2;LUT3=1;LUT6=5"
178,0.570,5.000,4.427,1.190,3.237,0.731,6,"FSM_onehot_st_q_reg[19]/C","lane_result_q_reg[0][44]/D","P2 lane result capture","FDCE=2;LUT3=1;LUT6=5"
179,0.570,5.000,4.427,1.210,3.217,0.727,6,"FSM_onehot_st_q_reg[19]/C","lane_result_q_reg[0][8]/D","P2 lane result capture","FDCE=2;LUT3=1;LUT6=5"
180,0.570,5.000,4.427,1.210,3.217,0.727,6,"FSM_onehot_st_q_reg[19]/C","lane_result_q_reg[0][9]/D","P2 lane result capture","FDCE=2;LUT3=1;LUT6=5"
181,0.570,5.000,4.427,1.210,3.217,0.727,6,"FSM_onehot_st_q_reg[19]/C","lane_result_q_reg[1][0]/D","P2 lane result capture","FDCE=2;LUT3=1;LUT6=5"
182,0.570,5.000,4.427,1.210,3.217,0.727,6,"FSM_onehot_st_q_reg[19]/C","lane_result_q_reg[1][10]/D","P2 lane result capture","FDCE=2;LUT3=1;LUT6=5"
183,0.570,5.000,4.427,1.210,3.217,0.727,6,"FSM_onehot_st_q_reg[19]/C","lane_result_q_reg[1][16]/D","P2 lane result capture","FDCE=2;LUT3=1;LUT6=5"
184,0.570,5.000,4.427,1.210,3.217,0.727,6,"FSM_onehot_st_q_reg[19]/C","lane_result_q_reg[1][17]/D","P2 lane result capture","FDCE=2;LUT3=1;LUT6=5"
185,0.570,5.000,4.427,1.210,3.217,0.727,6,"FSM_onehot_st_q_reg[19]/C","lane_result_q_reg[1][18]/D","P2 lane result capture","FDCE=2;LUT3=1;LUT6=5"
186,0.570,5.000,4.427,1.210,3.217,0.727,6,"FSM_onehot_st_q_reg[19]/C","lane_result_q_reg[1][1]/D","P2 lane result capture","FDCE=2;LUT3=1;LUT6=5"
187,0.570,5.000,4.427,1.210,3.217,0.727,6,"FSM_onehot_st_q_reg[19]/C","lane_result_q_reg[1][25]/D","P2 lane result capture","FDCE=2;LUT3=1;LUT6=5"
188,0.570,5.000,4.427,1.210,3.217,0.727,6,"FSM_onehot_st_q_reg[19]/C","lane_result_q_reg[1][26]/D","P2 lane result capture","FDCE=2;LUT3=1;LUT6=5"
189,0.570,5.000,4.427,1.210,3.217,0.727,6,"FSM_onehot_st_q_reg[19]/C","lane_result_q_reg[1][2]/D","P2 lane result capture","FDCE=2;LUT3=1;LUT6=5"
190,0.570,5.000,4.427,1.190,3.237,0.731,6,"FSM_onehot_st_q_reg[19]/C","lane_result_q_reg[1][43]/D","P2 lane result capture","FDCE=2;LUT3=1;LUT6=5"
191,0.570,5.000,4.427,1.210,3.217,0.727,6,"FSM_onehot_st_q_reg[19]/C","lane_result_q_reg[1][9]/D","P2 lane result capture","FDCE=2;LUT3=1;LUT6=5"
192,0.570,5.000,4.427,1.210,3.217,0.727,6,"FSM_onehot_st_q_reg[19]/C","lane_result_q_reg[2][0]/D","P2 lane result capture","FDCE=2;LUT3=1;LUT6=5"
193,0.570,5.000,4.427,1.210,3.217,0.727,6,"FSM_onehot_st_q_reg[19]/C","lane_result_q_reg[2][10]/D","P2 lane result capture","FDCE=2;LUT3=1;LUT6=5"
194,0.570,5.000,4.427,1.210,3.217,0.727,6,"FSM_onehot_st_q_reg[19]/C","lane_result_q_reg[2][16]/D","P2 lane result capture","FDCE=2;LUT3=1;LUT6=5"
195,0.570,5.000,4.427,1.210,3.217,0.727,6,"FSM_onehot_st_q_reg[19]/C","lane_result_q_reg[2][17]/D","P2 lane result capture","FDCE=2;LUT3=1;LUT6=5"
196,0.570,5.000,4.427,1.210,3.217,0.727,6,"FSM_onehot_st_q_reg[19]/C","lane_result_q_reg[2][18]/D","P2 lane result capture","FDCE=2;LUT3=1;LUT6=5"
197,0.570,5.000,4.427,1.210,3.217,0.727,6,"FSM_onehot_st_q_reg[19]/C","lane_result_q_reg[2][1]/D","P2 lane result capture","FDCE=2;LUT3=1;LUT6=5"
198,0.570,5.000,4.427,1.210,3.217,0.727,6,"FSM_onehot_st_q_reg[19]/C","lane_result_q_reg[2][25]/D","P2 lane result capture","FDCE=2;LUT3=1;LUT6=5"
199,0.570,5.000,4.427,1.210,3.217,0.727,6,"FSM_onehot_st_q_reg[19]/C","lane_result_q_reg[2][26]/D","P2 lane result capture","FDCE=2;LUT3=1;LUT6=5"
200,0.570,5.000,4.427,1.210,3.217,0.727,6,"FSM_onehot_st_q_reg[19]/C","lane_result_q_reg[2][2]/D","P2 lane result capture","FDCE=2;LUT3=1;LUT6=5"
201,0.570,5.000,4.427,1.190,3.237,0.731,6,"FSM_onehot_st_q_reg[19]/C","lane_result_q_reg[2][43]/D","P2 lane result capture","FDCE=2;LUT3=1;LUT6=5"
202,0.570,5.000,4.427,1.190,3.237,0.731,6,"FSM_onehot_st_q_reg[19]/C","lane_result_q_reg[2][44]/D","P2 lane result capture","FDCE=2;LUT3=1;LUT6=5"
203,0.570,5.000,4.427,1.210,3.217,0.727,6,"FSM_onehot_st_q_reg[19]/C","lane_result_q_reg[2][8]/D","P2 lane result capture","FDCE=2;LUT3=1;LUT6=5"
204,0.570,5.000,4.427,1.210,3.217,0.727,6,"FSM_onehot_st_q_reg[19]/C","lane_result_q_reg[2][9]/D","P2 lane result capture","FDCE=2;LUT3=1;LUT6=5"
205,0.570,5.000,4.427,1.210,3.217,0.727,6,"FSM_onehot_st_q_reg[19]/C","lane_result_q_reg[3][0]/D","P2 lane result capture","FDCE=2;LUT3=1;LUT6=5"
206,0.570,5.000,4.427,1.210,3.217,0.727,6,"FSM_onehot_st_q_reg[19]/C","lane_result_q_reg[3][10]/D","P2 lane result capture","FDCE=2;LUT3=1;LUT6=5"
207,0.570,5.000,4.427,1.210,3.217,0.727,6,"FSM_onehot_st_q_reg[19]/C","lane_result_q_reg[3][16]/D","P2 lane result capture","FDCE=2;LUT3=1;LUT6=5"
208,0.570,5.000,4.427,1.210,3.217,0.727,6,"FSM_onehot_st_q_reg[19]/C","lane_result_q_reg[3][17]/D","P2 lane result capture","FDCE=2;LUT3=1;LUT6=5"
209,0.570,5.000,4.427,1.210,3.217,0.727,6,"FSM_onehot_st_q_reg[19]/C","lane_result_q_reg[3][18]/D","P2 lane result capture","FDCE=2;LUT3=1;LUT6=5"
210,0.570,5.000,4.427,1.210,3.217,0.727,6,"FSM_onehot_st_q_reg[19]/C","lane_result_q_reg[3][1]/D","P2 lane result capture","FDCE=2;LUT3=1;LUT6=5"
211,0.570,5.000,4.427,1.210,3.217,0.727,6,"FSM_onehot_st_q_reg[19]/C","lane_result_q_reg[3][25]/D","P2 lane result capture","FDCE=2;LUT3=1;LUT6=5"
212,0.570,5.000,4.427,1.210,3.217,0.727,6,"FSM_onehot_st_q_reg[19]/C","lane_result_q_reg[3][26]/D","P2 lane result capture","FDCE=2;LUT3=1;LUT6=5"
213,0.570,5.000,4.427,1.210,3.217,0.727,6,"FSM_onehot_st_q_reg[19]/C","lane_result_q_reg[3][2]/D","P2 lane result capture","FDCE=2;LUT3=1;LUT6=5"
214,0.570,5.000,4.427,1.210,3.217,0.727,6,"FSM_onehot_st_q_reg[19]/C","lane_result_q_reg[3][9]/D","P2 lane result capture","FDCE=2;LUT3=1;LUT6=5"
215,0.571,5.000,4.426,1.190,3.236,0.731,6,"FSM_onehot_st_q_reg[19]/C","lane_result_q_reg[1][40]/D","P2 lane result capture","FDCE=2;LUT3=1;LUT6=5"
216,0.571,5.000,4.426,1.190,3.236,0.731,6,"FSM_onehot_st_q_reg[19]/C","lane_result_q_reg[3][40]/D","P2 lane result capture","FDCE=2;LUT3=1;LUT6=5"
217,0.579,5.000,4.418,1.210,3.208,0.726,6,"FSM_onehot_st_q_reg[19]/C","lane_result_q_reg[0][14]/D","P2 lane result capture","FDCE=2;LUT3=1;LUT6=5"
218,0.579,5.000,4.418,1.210,3.208,0.726,6,"FSM_onehot_st_q_reg[19]/C","lane_result_q_reg[0][22]/D","P2 lane result capture","FDCE=2;LUT3=1;LUT6=5"
219,0.579,5.000,4.418,1.210,3.208,0.726,6,"FSM_onehot_st_q_reg[19]/C","lane_result_q_reg[0][23]/D","P2 lane result capture","FDCE=2;LUT3=1;LUT6=5"
220,0.579,5.000,4.418,1.210,3.208,0.726,6,"FSM_onehot_st_q_reg[19]/C","lane_result_q_reg[0][30]/D","P2 lane result capture","FDCE=2;LUT3=1;LUT6=5"
221,0.579,5.000,4.418,1.210,3.208,0.726,6,"FSM_onehot_st_q_reg[19]/C","lane_result_q_reg[0][31]/D","P2 lane result capture","FDCE=2;LUT3=1;LUT6=5"
222,0.579,5.000,4.418,1.210,3.208,0.726,6,"FSM_onehot_st_q_reg[19]/C","lane_result_q_reg[0][6]/D","P2 lane result capture","FDCE=2;LUT3=1;LUT6=5"
223,0.579,5.000,4.418,1.210,3.208,0.726,6,"FSM_onehot_st_q_reg[19]/C","lane_result_q_reg[1][14]/D","P2 lane result capture","FDCE=2;LUT3=1;LUT6=5"
224,0.579,5.000,4.418,1.210,3.208,0.726,6,"FSM_onehot_st_q_reg[19]/C","lane_result_q_reg[1][15]/D","P2 lane result capture","FDCE=2;LUT3=1;LUT6=5"
225,0.579,5.000,4.418,1.210,3.208,0.726,6,"FSM_onehot_st_q_reg[19]/C","lane_result_q_reg[1][22]/D","P2 lane result capture","FDCE=2;LUT3=1;LUT6=5"
226,0.579,5.000,4.418,1.210,3.208,0.726,6,"FSM_onehot_st_q_reg[19]/C","lane_result_q_reg[1][23]/D","P2 lane result capture","FDCE=2;LUT3=1;LUT6=5"
227,0.579,5.000,4.418,1.210,3.208,0.726,6,"FSM_onehot_st_q_reg[19]/C","lane_result_q_reg[1][30]/D","P2 lane result capture","FDCE=2;LUT3=1;LUT6=5"
228,0.579,5.000,4.418,1.210,3.208,0.726,6,"FSM_onehot_st_q_reg[19]/C","lane_result_q_reg[1][31]/D","P2 lane result capture","FDCE=2;LUT3=1;LUT6=5"
229,0.579,5.000,4.418,1.210,3.208,0.726,6,"FSM_onehot_st_q_reg[19]/C","lane_result_q_reg[1][6]/D","P2 lane result capture","FDCE=2;LUT3=1;LUT6=5"
230,0.579,5.000,4.418,1.210,3.208,0.726,6,"FSM_onehot_st_q_reg[19]/C","lane_result_q_reg[2][14]/D","P2 lane result capture","FDCE=2;LUT3=1;LUT6=5"
231,0.579,5.000,4.418,1.210,3.208,0.726,6,"FSM_onehot_st_q_reg[19]/C","lane_result_q_reg[2][22]/D","P2 lane result capture","FDCE=2;LUT3=1;LUT6=5"
232,0.579,5.000,4.418,1.210,3.208,0.726,6,"FSM_onehot_st_q_reg[19]/C","lane_result_q_reg[2][23]/D","P2 lane result capture","FDCE=2;LUT3=1;LUT6=5"
233,0.579,5.000,4.418,1.210,3.208,0.726,6,"FSM_onehot_st_q_reg[19]/C","lane_result_q_reg[2][30]/D","P2 lane result capture","FDCE=2;LUT3=1;LUT6=5"
234,0.579,5.000,4.418,1.210,3.208,0.726,6,"FSM_onehot_st_q_reg[19]/C","lane_result_q_reg[2][31]/D","P2 lane result capture","FDCE=2;LUT3=1;LUT6=5"
235,0.579,5.000,4.418,1.210,3.208,0.726,6,"FSM_onehot_st_q_reg[19]/C","lane_result_q_reg[2][6]/D","P2 lane result capture","FDCE=2;LUT3=1;LUT6=5"
236,0.579,5.000,4.418,1.210,3.208,0.726,6,"FSM_onehot_st_q_reg[19]/C","lane_result_q_reg[3][14]/D","P2 lane result capture","FDCE=2;LUT3=1;LUT6=5"
237,0.579,5.000,4.418,1.210,3.208,0.726,6,"FSM_onehot_st_q_reg[19]/C","lane_result_q_reg[3][15]/D","P2 lane result capture","FDCE=2;LUT3=1;LUT6=5"
238,0.579,5.000,4.418,1.210,3.208,0.726,6,"FSM_onehot_st_q_reg[19]/C","lane_result_q_reg[3][22]/D","P2 lane result capture","FDCE=2;LUT3=1;LUT6=5"
239,0.579,5.000,4.418,1.210,3.208,0.726,6,"FSM_onehot_st_q_reg[19]/C","lane_result_q_reg[3][23]/D","P2 lane result capture","FDCE=2;LUT3=1;LUT6=5"
240,0.579,5.000,4.418,1.210,3.208,0.726,6,"FSM_onehot_st_q_reg[19]/C","lane_result_q_reg[3][30]/D","P2 lane result capture","FDCE=2;LUT3=1;LUT6=5"
241,0.579,5.000,4.418,1.210,3.208,0.726,6,"FSM_onehot_st_q_reg[19]/C","lane_result_q_reg[3][31]/D","P2 lane result capture","FDCE=2;LUT3=1;LUT6=5"
242,0.579,5.000,4.418,1.210,3.208,0.726,6,"FSM_onehot_st_q_reg[19]/C","lane_result_q_reg[3][6]/D","P2 lane result capture","FDCE=2;LUT3=1;LUT6=5"
243,0.580,5.000,4.417,1.190,3.227,0.731,6,"FSM_onehot_st_q_reg[19]/C","lane_result_q_reg[0][39]/D","P2 lane result capture","FDCE=2;LUT3=1;LUT6=5"
244,0.580,5.000,4.417,1.190,3.227,0.731,6,"FSM_onehot_st_q_reg[19]/C","lane_result_q_reg[0][47]/D","P2 lane result capture","FDCE=2;LUT3=1;LUT6=5"
245,0.580,5.000,4.417,1.190,3.227,0.731,6,"FSM_onehot_st_q_reg[19]/C","lane_result_q_reg[1][39]/D","P2 lane result capture","FDCE=2;LUT3=1;LUT6=5"
246,0.580,5.000,4.417,1.190,3.227,0.731,6,"FSM_onehot_st_q_reg[19]/C","lane_result_q_reg[2][39]/D","P2 lane result capture","FDCE=2;LUT3=1;LUT6=5"
247,0.580,5.000,4.417,1.190,3.227,0.731,6,"FSM_onehot_st_q_reg[19]/C","lane_result_q_reg[2][47]/D","P2 lane result capture","FDCE=2;LUT3=1;LUT6=5"
248,0.580,5.000,4.417,1.190,3.227,0.731,6,"FSM_onehot_st_q_reg[19]/C","lane_result_q_reg[3][39]/D","P2 lane result capture","FDCE=2;LUT3=1;LUT6=5"
249,0.583,5.000,4.414,1.118,3.296,0.747,5,"gen_lane[0].i_p2_pop_slice/bool_result_q_reg[7]/C","gen_lane[0].i_p2_pop_slice/popcount_part_q_o_reg[0][3]/D","P2 popcount capture","FDCE=2;LUT3=1;LUT5=2;LUT6=2"
250,0.583,5.000,4.414,1.118,3.296,0.747,5,"gen_lane[0].i_p2_pop_slice/bool_result_q_reg[39]/C","gen_lane[0].i_p2_pop_slice/popcount_part_q_o_reg[1][3]/D","P2 popcount capture","FDCE=2;LUT3=1;LUT5=2;LUT6=2"
251,0.583,5.000,4.414,1.118,3.296,0.747,5,"gen_lane[1].i_p2_pop_slice/bool_result_q_reg[7]/C","gen_lane[1].i_p2_pop_slice/popcount_part_q_o_reg[0][3]/D","P2 popcount capture","FDCE=2;LUT3=1;LUT5=2;LUT6=2"
252,0.583,5.000,4.414,1.118,3.296,0.747,5,"gen_lane[1].i_p2_pop_slice/bool_result_q_reg[39]/C","gen_lane[1].i_p2_pop_slice/popcount_part_q_o_reg[1][3]/D","P2 popcount capture","FDCE=2;LUT3=1;LUT5=2;LUT6=2"
253,0.583,5.000,4.414,1.118,3.296,0.747,5,"gen_lane[2].i_p2_pop_slice/bool_result_q_reg[7]/C","gen_lane[2].i_p2_pop_slice/popcount_part_q_o_reg[0][3]/D","P2 popcount capture","FDCE=2;LUT3=1;LUT5=2;LUT6=2"
254,0.583,5.000,4.414,1.118,3.296,0.747,5,"gen_lane[2].i_p2_pop_slice/bool_result_q_reg[39]/C","gen_lane[2].i_p2_pop_slice/popcount_part_q_o_reg[1][3]/D","P2 popcount capture","FDCE=2;LUT3=1;LUT5=2;LUT6=2"
255,0.583,5.000,4.414,1.118,3.296,0.747,5,"gen_lane[3].i_p2_pop_slice/bool_result_q_reg[7]/C","gen_lane[3].i_p2_pop_slice/popcount_part_q_o_reg[0][3]/D","P2 popcount capture","FDCE=2;LUT3=1;LUT5=2;LUT6=2"
256,0.583,5.000,4.414,1.118,3.296,0.747,5,"gen_lane[3].i_p2_pop_slice/bool_result_q_reg[39]/C","gen_lane[3].i_p2_pop_slice/popcount_part_q_o_reg[1][3]/D","P2 popcount capture","FDCE=2;LUT3=1;LUT5=2;LUT6=2"
257,0.589,5.000,4.408,1.190,3.218,0.730,6,"FSM_onehot_st_q_reg[19]/C","lane_result_q_reg[0][11]/D","P2 lane result capture","FDCE=2;LUT3=1;LUT6=5"
258,0.589,5.000,4.408,1.190,3.218,0.730,6,"FSM_onehot_st_q_reg[19]/C","lane_result_q_reg[0][12]/D","P2 lane result capture","FDCE=2;LUT3=1;LUT6=5"
259,0.589,5.000,4.408,1.190,3.218,0.730,6,"FSM_onehot_st_q_reg[19]/C","lane_result_q_reg[1][11]/D","P2 lane result capture","FDCE=2;LUT3=1;LUT6=5"
260,0.589,5.000,4.408,1.190,3.218,0.730,6,"FSM_onehot_st_q_reg[19]/C","lane_result_q_reg[2][11]/D","P2 lane result capture","FDCE=2;LUT3=1;LUT6=5"
261,0.589,5.000,4.408,1.190,3.218,0.730,6,"FSM_onehot_st_q_reg[19]/C","lane_result_q_reg[2][12]/D","P2 lane result capture","FDCE=2;LUT3=1;LUT6=5"
262,0.590,5.000,4.407,1.190,3.217,0.730,6,"FSM_onehot_st_q_reg[19]/C","lane_result_q_reg[1][8]/D","P2 lane result capture","FDCE=2;LUT3=1;LUT6=5"
263,0.590,5.000,4.407,1.190,3.217,0.730,6,"FSM_onehot_st_q_reg[19]/C","lane_result_q_reg[3][8]/D","P2 lane result capture","FDCE=2;LUT3=1;LUT6=5"
264,0.596,5.000,4.401,1.105,3.296,0.749,5,"gen_lane[0].i_p2_pop_slice/bool_result_q_reg[7]/C","gen_lane[0].i_p2_pop_slice/popcount_part_q_o_reg[0][5]/D","P2 popcount capture","FDCE=2;LUT3=1;LUT5=1;LUT6=3"
265,0.596,5.000,4.401,1.105,3.296,0.749,5,"gen_lane[0].i_p2_pop_slice/bool_result_q_reg[39]/C","gen_lane[0].i_p2_pop_slice/popcount_part_q_o_reg[1][5]/D","P2 popcount capture","FDCE=2;LUT3=1;LUT5=1;LUT6=3"
266,0.596,5.000,4.401,1.105,3.296,0.749,5,"gen_lane[1].i_p2_pop_slice/bool_result_q_reg[7]/C","gen_lane[1].i_p2_pop_slice/popcount_part_q_o_reg[0][5]/D","P2 popcount capture","FDCE=2;LUT3=1;LUT5=1;LUT6=3"
267,0.596,5.000,4.401,1.105,3.296,0.749,5,"gen_lane[1].i_p2_pop_slice/bool_result_q_reg[39]/C","gen_lane[1].i_p2_pop_slice/popcount_part_q_o_reg[1][5]/D","P2 popcount capture","FDCE=2;LUT3=1;LUT5=1;LUT6=3"
268,0.596,5.000,4.401,1.105,3.296,0.749,5,"gen_lane[2].i_p2_pop_slice/bool_result_q_reg[7]/C","gen_lane[2].i_p2_pop_slice/popcount_part_q_o_reg[0][5]/D","P2 popcount capture","FDCE=2;LUT3=1;LUT5=1;LUT6=3"
269,0.596,5.000,4.401,1.105,3.296,0.749,5,"gen_lane[2].i_p2_pop_slice/bool_result_q_reg[39]/C","gen_lane[2].i_p2_pop_slice/popcount_part_q_o_reg[1][5]/D","P2 popcount capture","FDCE=2;LUT3=1;LUT5=1;LUT6=3"
270,0.596,5.000,4.401,1.105,3.296,0.749,5,"gen_lane[3].i_p2_pop_slice/bool_result_q_reg[7]/C","gen_lane[3].i_p2_pop_slice/popcount_part_q_o_reg[0][5]/D","P2 popcount capture","FDCE=2;LUT3=1;LUT5=1;LUT6=3"
271,0.596,5.000,4.401,1.105,3.296,0.749,5,"gen_lane[3].i_p2_pop_slice/bool_result_q_reg[39]/C","gen_lane[3].i_p2_pop_slice/popcount_part_q_o_reg[1][5]/D","P2 popcount capture","FDCE=2;LUT3=1;LUT5=1;LUT6=3"
272,0.599,5.000,4.398,1.190,3.208,0.729,6,"FSM_onehot_st_q_reg[19]/C","lane_result_q_reg[0][15]/D","P2 lane result capture","FDCE=2;LUT3=1;LUT6=5"
273,0.599,5.000,4.398,1.190,3.208,0.729,6,"FSM_onehot_st_q_reg[19]/C","lane_result_q_reg[0][7]/D","P2 lane result capture","FDCE=2;LUT3=1;LUT6=5"
274,0.599,5.000,4.398,1.190,3.208,0.729,6,"FSM_onehot_st_q_reg[19]/C","lane_result_q_reg[1][7]/D","P2 lane result capture","FDCE=2;LUT3=1;LUT6=5"
275,0.599,5.000,4.398,1.190,3.208,0.729,6,"FSM_onehot_st_q_reg[19]/C","lane_result_q_reg[2][15]/D","P2 lane result capture","FDCE=2;LUT3=1;LUT6=5"
276,0.599,5.000,4.398,1.190,3.208,0.729,6,"FSM_onehot_st_q_reg[19]/C","lane_result_q_reg[2][7]/D","P2 lane result capture","FDCE=2;LUT3=1;LUT6=5"
277,0.599,5.000,4.398,1.190,3.208,0.729,6,"FSM_onehot_st_q_reg[19]/C","lane_result_q_reg[3][7]/D","P2 lane result capture","FDCE=2;LUT3=1;LUT6=5"
278,0.600,5.000,4.426,2.168,2.258,0.510,7,"gen_lane[2].i_p2_pop_slice/popcount_part_q_o_reg[1][0]/C","group_dist_q_reg[5]/D","P2 popcount capture","CARRY4=3;FDCE=2;LUT3=2;LUT5=1;LUT6=1"
279,0.602,5.000,4.395,1.105,3.290,0.749,5,"gen_lane[0].i_p2_pop_slice/bool_result_q_reg[7]/C","gen_lane[0].i_p2_pop_slice/popcount_part_q_o_reg[0][4]/D","P2 popcount capture","FDCE=2;LUT3=1;LUT5=1;LUT6=3"
280,0.602,5.000,4.395,1.105,3.290,0.749,5,"gen_lane[0].i_p2_pop_slice/bool_result_q_reg[39]/C","gen_lane[0].i_p2_pop_slice/popcount_part_q_o_reg[1][4]/D","P2 popcount capture","FDCE=2;LUT3=1;LUT5=1;LUT6=3"
281,0.602,5.000,4.395,1.105,3.290,0.749,5,"gen_lane[1].i_p2_pop_slice/bool_result_q_reg[7]/C","gen_lane[1].i_p2_pop_slice/popcount_part_q_o_reg[0][4]/D","P2 popcount capture","FDCE=2;LUT3=1;LUT5=1;LUT6=3"
282,0.602,5.000,4.395,1.105,3.290,0.749,5,"gen_lane[1].i_p2_pop_slice/bool_result_q_reg[39]/C","gen_lane[1].i_p2_pop_slice/popcount_part_q_o_reg[1][4]/D","P2 popcount capture","FDCE=2;LUT3=1;LUT5=1;LUT6=3"
283,0.602,5.000,4.395,1.105,3.290,0.749,5,"gen_lane[2].i_p2_pop_slice/bool_result_q_reg[7]/C","gen_lane[2].i_p2_pop_slice/popcount_part_q_o_reg[0][4]/D","P2 popcount capture","FDCE=2;LUT3=1;LUT5=1;LUT6=3"
284,0.602,5.000,4.395,1.105,3.290,0.749,5,"gen_lane[2].i_p2_pop_slice/bool_result_q_reg[39]/C","gen_lane[2].i_p2_pop_slice/popcount_part_q_o_reg[1][4]/D","P2 popcount capture","FDCE=2;LUT3=1;LUT5=1;LUT6=3"
285,0.602,5.000,4.395,1.105,3.290,0.749,5,"gen_lane[3].i_p2_pop_slice/bool_result_q_reg[7]/C","gen_lane[3].i_p2_pop_slice/popcount_part_q_o_reg[0][4]/D","P2 popcount capture","FDCE=2;LUT3=1;LUT5=1;LUT6=3"
286,0.602,5.000,4.395,1.105,3.290,0.749,5,"gen_lane[3].i_p2_pop_slice/bool_result_q_reg[39]/C","gen_lane[3].i_p2_pop_slice/popcount_part_q_o_reg[1][4]/D","P2 popcount capture","FDCE=2;LUT3=1;LUT5=1;LUT6=3"
287,0.680,5.000,4.346,2.088,2.258,0.520,7,"gen_lane[2].i_p2_pop_slice/popcount_part_q_o_reg[1][0]/C","group_dist_q_reg[4]/D","P2 popcount capture","CARRY4=3;FDCE=2;LUT3=2;LUT5=1;LUT6=1"
288,0.902,5.000,4.124,1.864,2.260,0.548,5,"gen_lane[2].i_p2_pop_slice/popcount_part_q_o_reg[1][0]/C","group_dist_q_reg[3]/D","P2 popcount capture","CARRY4=2;FDCE=2;LUT3=2;LUT5=1"
289,0.979,5.000,4.018,1.833,2.185,0.544,6,"a_q_reg[4]/C","FSM_onehot_st_q_reg[23]/D","TOP control","CARRY4=2;FDCE=2;LUT4=1;LUT6=3"
290,1.204,5.000,3.793,1.190,2.603,0.686,6,"gen_lane[0].i_p2_pop_slice/bool_result_q_reg[23]/C","gen_lane[0].i_p2_pop_slice/popcount_part_q_o_reg[0][2]/D","P2 popcount capture","FDCE=2;LUT3=1;LUT5=3;LUT6=2"
291,1.204,5.000,3.793,1.190,2.603,0.686,6,"gen_lane[0].i_p2_pop_slice/bool_result_q_reg[55]/C","gen_lane[0].i_p2_pop_slice/popcount_part_q_o_reg[1][2]/D","P2 popcount capture","FDCE=2;LUT3=1;LUT5=3;LUT6=2"
292,1.204,5.000,3.793,1.190,2.603,0.686,6,"gen_lane[1].i_p2_pop_slice/bool_result_q_reg[23]/C","gen_lane[1].i_p2_pop_slice/popcount_part_q_o_reg[0][2]/D","P2 popcount capture","FDCE=2;LUT3=1;LUT5=3;LUT6=2"
293,1.204,5.000,3.793,1.190,2.603,0.686,6,"gen_lane[1].i_p2_pop_slice/bool_result_q_reg[55]/C","gen_lane[1].i_p2_pop_slice/popcount_part_q_o_reg[1][2]/D","P2 popcount capture","FDCE=2;LUT3=1;LUT5=3;LUT6=2"
294,1.204,5.000,3.793,1.190,2.603,0.686,6,"gen_lane[2].i_p2_pop_slice/bool_result_q_reg[23]/C","gen_lane[2].i_p2_pop_slice/popcount_part_q_o_reg[0][2]/D","P2 popcount capture","FDCE=2;LUT3=1;LUT5=3;LUT6=2"
295,1.204,5.000,3.793,1.190,2.603,0.686,6,"gen_lane[2].i_p2_pop_slice/bool_result_q_reg[55]/C","gen_lane[2].i_p2_pop_slice/popcount_part_q_o_reg[1][2]/D","P2 popcount capture","FDCE=2;LUT3=1;LUT5=3;LUT6=2"
296,1.204,5.000,3.793,1.190,2.603,0.686,6,"gen_lane[3].i_p2_pop_slice/bool_result_q_reg[23]/C","gen_lane[3].i_p2_pop_slice/popcount_part_q_o_reg[0][2]/D","P2 popcount capture","FDCE=2;LUT3=1;LUT5=3;LUT6=2"
297,1.204,5.000,3.793,1.190,2.603,0.686,6,"gen_lane[3].i_p2_pop_slice/bool_result_q_reg[55]/C","gen_lane[3].i_p2_pop_slice/popcount_part_q_o_reg[1][2]/D","P2 popcount capture","FDCE=2;LUT3=1;LUT5=3;LUT6=2"
298,1.323,5.000,3.674,1.203,2.471,0.673,6,"hmatch_best_dist_q_reg[0]/C","hmatch_budget_q_reg[10]/D","HMATCH reduction/compare","FDCE=2;LUT5=1;LUT6=5"
299,1.323,5.000,3.674,1.203,2.471,0.673,6,"hmatch_best_dist_q_reg[0]/C","hmatch_budget_q_reg[11]_inv/D","HMATCH reduction/compare","FDCE=1;FDPE=1;LUT5=2;LUT6=4"
300,1.380,5.000,3.409,0.980,2.429,0.713,4,"uop_p3_q_reg[op_type][1]/C","uop_p0_q_reg[chunk_idx][0]/CE","TOP control","FDCE=2;LUT2=1;LUT4=1;LUT5=1;LUT6=1"
301,1.380,5.000,3.409,0.980,2.429,0.713,4,"uop_p3_q_reg[op_type][1]/C","uop_p0_q_reg[chunk_idx][1]/CE","TOP control","FDCE=2;LUT2=1;LUT4=1;LUT5=1;LUT6=1"
302,1.380,5.000,3.409,0.980,2.429,0.713,4,"uop_p3_q_reg[op_type][1]/C","uop_p0_q_reg[class_idx][0]/CE","TOP control","FDCE=2;LUT2=1;LUT4=1;LUT5=1;LUT6=1"
303,1.380,5.000,3.409,0.980,2.429,0.713,4,"uop_p3_q_reg[op_type][1]/C","uop_p0_q_reg[class_idx][1]/CE","TOP control","FDCE=2;LUT2=1;LUT4=1;LUT5=1;LUT6=1"
304,1.380,5.000,3.409,0.980,2.429,0.713,4,"uop_p3_q_reg[op_type][1]/C","uop_p0_q_reg[class_idx][2]/CE","TOP control","FDCE=2;LUT2=1;LUT4=1;LUT5=1;LUT6=1"
305,1.380,5.000,3.409,0.980,2.429,0.713,4,"uop_p3_q_reg[op_type][1]/C","uop_p0_q_reg[dst_addr][0]/CE","TOP control","FDCE=2;LUT2=1;LUT4=1;LUT5=1;LUT6=1"
306,1.380,5.000,3.409,0.980,2.429,0.713,4,"uop_p3_q_reg[op_type][1]/C","uop_p0_q_reg[dst_addr][1]/CE","TOP control","FDCE=2;LUT2=1;LUT4=1;LUT5=1;LUT6=1"
307,1.380,5.000,3.409,0.980,2.429,0.713,4,"uop_p3_q_reg[op_type][1]/C","uop_p0_q_reg[dst_addr][2]/CE","TOP control","FDCE=2;LUT2=1;LUT4=1;LUT5=1;LUT6=1"
308,1.380,5.000,3.409,0.980,2.429,0.713,4,"uop_p3_q_reg[op_type][1]/C","uop_p0_q_reg[dst_addr][3]/CE","TOP control","FDCE=2;LUT2=1;LUT4=1;LUT5=1;LUT6=1"
309,1.380,5.000,3.409,0.980,2.429,0.713,4,"uop_p3_q_reg[op_type][1]/C","uop_p0_q_reg[dst_addr][4]/CE","TOP control","FDCE=2;LUT2=1;LUT4=1;LUT5=1;LUT6=1"
310,1.380,5.000,3.409,0.980,2.429,0.713,4,"uop_p3_q_reg[op_type][1]/C","uop_p0_q_reg[dst_addr][5]/CE","TOP control","FDCE=2;LUT2=1;LUT4=1;LUT5=1;LUT6=1"
311,1.380,5.000,3.409,0.980,2.429,0.713,4,"uop_p3_q_reg[op_type][1]/C","uop_p0_q_reg[is_last_class]/CE","TOP control","FDCE=2;LUT2=1;LUT4=1;LUT5=1;LUT6=1"
312,1.380,5.000,3.409,0.980,2.429,0.713,4,"uop_p3_q_reg[op_type][1]/C","uop_p0_q_reg[op_type][0]/CE","TOP control","FDCE=2;LUT2=1;LUT4=1;LUT5=1;LUT6=1"
313,1.380,5.000,3.409,0.980,2.429,0.713,4,"uop_p3_q_reg[op_type][1]/C","uop_p0_q_reg[op_type][1]/CE","TOP control","FDCE=2;LUT2=1;LUT4=1;LUT5=1;LUT6=1"
314,1.380,5.000,3.409,0.980,2.429,0.713,4,"uop_p3_q_reg[op_type][1]/C","uop_p0_q_reg[op_type][2]/CE","TOP control","FDCE=2;LUT2=1;LUT4=1;LUT5=1;LUT6=1"
315,1.380,5.000,3.409,0.980,2.429,0.713,4,"uop_p3_q_reg[op_type][1]/C","uop_p0_q_reg[perm_nibble][0]/CE","TOP control","FDCE=2;LUT2=1;LUT4=1;LUT5=1;LUT6=1"
316,1.380,5.000,3.409,0.980,2.429,0.713,4,"uop_p3_q_reg[op_type][1]/C","uop_p0_q_reg[perm_nibble][1]/CE","TOP control","FDCE=2;LUT2=1;LUT4=1;LUT5=1;LUT6=1"
317,1.380,5.000,3.409,0.980,2.429,0.713,4,"uop_p3_q_reg[op_type][1]/C","uop_p0_q_reg[perm_nibble][2]/CE","TOP control","FDCE=2;LUT2=1;LUT4=1;LUT5=1;LUT6=1"
318,1.380,5.000,3.409,0.980,2.429,0.713,4,"uop_p3_q_reg[op_type][1]/C","uop_p0_q_reg[perm_nibble][3]/CE","TOP control","FDCE=2;LUT2=1;LUT4=1;LUT5=1;LUT6=1"
319,1.380,5.000,3.409,0.980,2.429,0.713,4,"uop_p3_q_reg[op_type][1]/C","uop_p0_q_reg[src0_addr][0]/CE","TOP control","FDCE=2;LUT2=1;LUT4=1;LUT5=1;LUT6=1"
320,1.380,5.000,3.409,0.980,2.429,0.713,4,"uop_p3_q_reg[op_type][1]/C","uop_p0_q_reg[src0_addr][1]/CE","TOP control","FDCE=2;LUT2=1;LUT4=1;LUT5=1;LUT6=1"
321,1.380,5.000,3.409,0.980,2.429,0.713,4,"uop_p3_q_reg[op_type][1]/C","uop_p0_q_reg[src0_addr][2]/CE","TOP control","FDCE=2;LUT2=1;LUT4=1;LUT5=1;LUT6=1"
322,1.380,5.000,3.409,0.980,2.429,0.713,4,"uop_p3_q_reg[op_type][1]/C","uop_p0_q_reg[src0_addr][3]/CE","TOP control","FDCE=2;LUT2=1;LUT4=1;LUT5=1;LUT6=1"
323,1.380,5.000,3.409,0.980,2.429,0.713,4,"uop_p3_q_reg[op_type][1]/C","uop_p0_q_reg[src0_addr][4]/CE","TOP control","FDCE=2;LUT2=1;LUT4=1;LUT5=1;LUT6=1"
324,1.380,5.000,3.409,0.980,2.429,0.713,4,"uop_p3_q_reg[op_type][1]/C","uop_p0_q_reg[src0_addr][5]/CE","TOP control","FDCE=2;LUT2=1;LUT4=1;LUT5=1;LUT6=1"
325,1.380,5.000,3.409,0.980,2.429,0.713,4,"uop_p3_q_reg[op_type][1]/C","uop_p0_q_reg[src1_addr][0]/CE","TOP control","FDCE=2;LUT2=1;LUT4=1;LUT5=1;LUT6=1"
326,1.380,5.000,3.409,0.980,2.429,0.713,4,"uop_p3_q_reg[op_type][1]/C","uop_p0_q_reg[src1_addr][1]/CE","TOP control","FDCE=2;LUT2=1;LUT4=1;LUT5=1;LUT6=1"
327,1.380,5.000,3.409,0.980,2.429,0.713,4,"uop_p3_q_reg[op_type][1]/C","uop_p0_q_reg[src1_addr][2]/CE","TOP control","FDCE=2;LUT2=1;LUT4=1;LUT5=1;LUT6=1"
328,1.380,5.000,3.409,0.980,2.429,0.713,4,"uop_p3_q_reg[op_type][1]/C","uop_p0_q_reg[src1_addr][3]/CE","TOP control","FDCE=2;LUT2=1;LUT4=1;LUT5=1;LUT6=1"
329,1.380,5.000,3.409,0.980,2.429,0.713,4,"uop_p3_q_reg[op_type][1]/C","uop_p0_q_reg[src1_addr][4]/CE","TOP control","FDCE=2;LUT2=1;LUT4=1;LUT5=1;LUT6=1"
330,1.380,5.000,3.409,0.980,2.429,0.713,4,"uop_p3_q_reg[op_type][1]/C","uop_p0_q_reg[src1_addr][5]/CE","TOP control","FDCE=2;LUT2=1;LUT4=1;LUT5=1;LUT6=1"
331,1.380,5.000,3.409,0.980,2.429,0.713,4,"uop_p3_q_reg[op_type][1]/C","uop_p0_q_reg[subgroup_idx][0]/CE","TOP control","FDCE=2;LUT2=1;LUT4=1;LUT5=1;LUT6=1"
332,1.380,5.000,3.409,0.980,2.429,0.713,4,"uop_p3_q_reg[op_type][1]/C","uop_p0_q_reg[subgroup_idx][1]/CE","TOP control","FDCE=2;LUT2=1;LUT4=1;LUT5=1;LUT6=1"
333,1.380,5.000,3.409,0.980,2.429,0.713,4,"uop_p3_q_reg[op_type][1]/C","uop_p0_q_reg[use_clip]/CE","TOP control","FDCE=2;LUT2=1;LUT4=1;LUT5=1;LUT6=1"
334,1.380,5.000,3.409,0.980,2.429,0.713,4,"uop_p3_q_reg[op_type][1]/C","uop_p0_q_reg[use_counter]/CE","TOP control","FDCE=2;LUT2=1;LUT4=1;LUT5=1;LUT6=1"
335,1.380,5.000,3.409,0.980,2.429,0.713,4,"uop_p3_q_reg[op_type][1]/C","uop_p0_q_reg[use_shift]/CE","TOP control","FDCE=2;LUT2=1;LUT4=1;LUT5=1;LUT6=1"
336,1.394,5.000,3.603,1.190,2.413,0.670,6,"hsim_total_q_reg[0]/C","hmatch_budget_q_reg[9]/D","HMATCH reduction/compare","FDCE=2;LUT3=1;LUT5=1;LUT6=4"
337,1.440,5.000,3.349,0.980,2.369,0.707,4,"a_q_reg[17]/C","ecc_leaf_prod_q_reg[0]/CE","other","FDCE=2;LUT4=1;LUT5=1;LUT6=2"
338,1.440,5.000,3.349,0.980,2.369,0.707,4,"a_q_reg[17]/C","ecc_leaf_prod_q_reg[10]/CE","other","FDCE=2;LUT4=1;LUT5=1;LUT6=2"
339,1.440,5.000,3.349,0.980,2.369,0.707,4,"a_q_reg[17]/C","ecc_leaf_prod_q_reg[11]/CE","other","FDCE=2;LUT4=1;LUT5=1;LUT6=2"
340,1.440,5.000,3.349,0.980,2.369,0.707,4,"a_q_reg[17]/C","ecc_leaf_prod_q_reg[12]/CE","other","FDCE=2;LUT4=1;LUT5=1;LUT6=2"
341,1.440,5.000,3.349,0.980,2.369,0.707,4,"a_q_reg[17]/C","ecc_leaf_prod_q_reg[13]/CE","other","FDCE=2;LUT4=1;LUT5=1;LUT6=2"
342,1.440,5.000,3.349,0.980,2.369,0.707,4,"a_q_reg[17]/C","ecc_leaf_prod_q_reg[14]/CE","other","FDCE=2;LUT4=1;LUT5=1;LUT6=2"
343,1.440,5.000,3.349,0.980,2.369,0.707,4,"a_q_reg[17]/C","ecc_leaf_prod_q_reg[15]/CE","other","FDCE=2;LUT4=1;LUT5=1;LUT6=2"
344,1.440,5.000,3.349,0.980,2.369,0.707,4,"a_q_reg[17]/C","ecc_leaf_prod_q_reg[16]/CE","other","FDCE=2;LUT4=1;LUT5=1;LUT6=2"
345,1.440,5.000,3.349,0.980,2.369,0.707,4,"a_q_reg[17]/C","ecc_leaf_prod_q_reg[17]/CE","other","FDCE=2;LUT4=1;LUT5=1;LUT6=2"
346,1.440,5.000,3.349,0.980,2.369,0.707,4,"a_q_reg[17]/C","ecc_leaf_prod_q_reg[18]/CE","other","FDCE=2;LUT4=1;LUT5=1;LUT6=2"
347,1.440,5.000,3.349,0.980,2.369,0.707,4,"a_q_reg[17]/C","ecc_leaf_prod_q_reg[19]/CE","other","FDCE=2;LUT4=1;LUT5=1;LUT6=2"
348,1.440,5.000,3.349,0.980,2.369,0.707,4,"a_q_reg[17]/C","ecc_leaf_prod_q_reg[1]/CE","other","FDCE=2;LUT4=1;LUT5=1;LUT6=2"
349,1.440,5.000,3.349,0.980,2.369,0.707,4,"a_q_reg[17]/C","ecc_leaf_prod_q_reg[20]/CE","other","FDCE=2;LUT4=1;LUT5=1;LUT6=2"
350,1.440,5.000,3.349,0.980,2.369,0.707,4,"a_q_reg[17]/C","ecc_leaf_prod_q_reg[21]/CE","other","FDCE=2;LUT4=1;LUT5=1;LUT6=2"
351,1.440,5.000,3.349,0.980,2.369,0.707,4,"a_q_reg[17]/C","ecc_leaf_prod_q_reg[22]/CE","other","FDCE=2;LUT4=1;LUT5=1;LUT6=2"
352,1.440,5.000,3.349,0.980,2.369,0.707,4,"a_q_reg[17]/C","ecc_leaf_prod_q_reg[23]/CE","other","FDCE=2;LUT4=1;LUT5=1;LUT6=2"
353,1.440,5.000,3.349,0.980,2.369,0.707,4,"a_q_reg[17]/C","ecc_leaf_prod_q_reg[24]/CE","other","FDCE=2;LUT4=1;LUT5=1;LUT6=2"
354,1.440,5.000,3.349,0.980,2.369,0.707,4,"a_q_reg[17]/C","ecc_leaf_prod_q_reg[25]/CE","other","FDCE=2;LUT4=1;LUT5=1;LUT6=2"
355,1.440,5.000,3.349,0.980,2.369,0.707,4,"a_q_reg[17]/C","ecc_leaf_prod_q_reg[26]/CE","other","FDCE=2;LUT4=1;LUT5=1;LUT6=2"
356,1.440,5.000,3.349,0.980,2.369,0.707,4,"a_q_reg[17]/C","ecc_leaf_prod_q_reg[27]/CE","other","FDCE=2;LUT4=1;LUT5=1;LUT6=2"
357,1.440,5.000,3.349,0.980,2.369,0.707,4,"a_q_reg[17]/C","ecc_leaf_prod_q_reg[28]/CE","other","FDCE=2;LUT4=1;LUT5=1;LUT6=2"
358,1.440,5.000,3.349,0.980,2.369,0.707,4,"a_q_reg[17]/C","ecc_leaf_prod_q_reg[29]/CE","other","FDCE=2;LUT4=1;LUT5=1;LUT6=2"
359,1.440,5.000,3.349,0.980,2.369,0.707,4,"a_q_reg[17]/C","ecc_leaf_prod_q_reg[2]/CE","other","FDCE=2;LUT4=1;LUT5=1;LUT6=2"
360,1.440,5.000,3.349,0.980,2.369,0.707,4,"a_q_reg[17]/C","ecc_leaf_prod_q_reg[30]/CE","other","FDCE=2;LUT4=1;LUT5=1;LUT6=2"
361,1.440,5.000,3.349,0.980,2.369,0.707,4,"a_q_reg[17]/C","ecc_leaf_prod_q_reg[31]/CE","other","FDCE=2;LUT4=1;LUT5=1;LUT6=2"
362,1.440,5.000,3.349,0.980,2.369,0.707,4,"a_q_reg[17]/C","ecc_leaf_prod_q_reg[32]/CE","other","FDCE=2;LUT4=1;LUT5=1;LUT6=2"
363,1.440,5.000,3.349,0.980,2.369,0.707,4,"a_q_reg[17]/C","ecc_leaf_prod_q_reg[33]/CE","other","FDCE=2;LUT4=1;LUT5=1;LUT6=2"
364,1.440,5.000,3.349,0.980,2.369,0.707,4,"a_q_reg[17]/C","ecc_leaf_prod_q_reg[34]/CE","other","FDCE=2;LUT4=1;LUT5=1;LUT6=2"
365,1.440,5.000,3.349,0.980,2.369,0.707,4,"a_q_reg[17]/C","ecc_leaf_prod_q_reg[35]/CE","other","FDCE=2;LUT4=1;LUT5=1;LUT6=2"
366,1.440,5.000,3.349,0.980,2.369,0.707,4,"a_q_reg[17]/C","ecc_leaf_prod_q_reg[36]/CE","other","FDCE=2;LUT4=1;LUT5=1;LUT6=2"
367,1.440,5.000,3.349,0.980,2.369,0.707,4,"a_q_reg[17]/C","ecc_leaf_prod_q_reg[37]/CE","other","FDCE=2;LUT4=1;LUT5=1;LUT6=2"
368,1.440,5.000,3.349,0.980,2.369,0.707,4,"a_q_reg[17]/C","ecc_leaf_prod_q_reg[38]/CE","other","FDCE=2;LUT4=1;LUT5=1;LUT6=2"
369,1.440,5.000,3.349,0.980,2.369,0.707,4,"a_q_reg[17]/C","ecc_leaf_prod_q_reg[39]/CE","other","FDCE=2;LUT4=1;LUT5=1;LUT6=2"
370,1.440,5.000,3.349,0.980,2.369,0.707,4,"a_q_reg[17]/C","ecc_leaf_prod_q_reg[3]/CE","other","FDCE=2;LUT4=1;LUT5=1;LUT6=2"
371,1.440,5.000,3.349,0.980,2.369,0.707,4,"a_q_reg[17]/C","ecc_leaf_prod_q_reg[40]/CE","other","FDCE=2;LUT4=1;LUT5=1;LUT6=2"
372,1.440,5.000,3.349,0.980,2.369,0.707,4,"a_q_reg[17]/C","ecc_leaf_prod_q_reg[41]/CE","other","FDCE=2;LUT4=1;LUT5=1;LUT6=2"
373,1.440,5.000,3.349,0.980,2.369,0.707,4,"a_q_reg[17]/C","ecc_leaf_prod_q_reg[42]/CE","other","FDCE=2;LUT4=1;LUT5=1;LUT6=2"
374,1.440,5.000,3.349,0.980,2.369,0.707,4,"a_q_reg[17]/C","ecc_leaf_prod_q_reg[43]/CE","other","FDCE=2;LUT4=1;LUT5=1;LUT6=2"
375,1.440,5.000,3.349,0.980,2.369,0.707,4,"a_q_reg[17]/C","ecc_leaf_prod_q_reg[44]/CE","other","FDCE=2;LUT4=1;LUT5=1;LUT6=2"
376,1.440,5.000,3.349,0.980,2.369,0.707,4,"a_q_reg[17]/C","ecc_leaf_prod_q_reg[45]/CE","other","FDCE=2;LUT4=1;LUT5=1;LUT6=2"
377,1.440,5.000,3.349,0.980,2.369,0.707,4,"a_q_reg[17]/C","ecc_leaf_prod_q_reg[46]/CE","other","FDCE=2;LUT4=1;LUT5=1;LUT6=2"
378,1.440,5.000,3.349,0.980,2.369,0.707,4,"a_q_reg[17]/C","ecc_leaf_prod_q_reg[47]/CE","other","FDCE=2;LUT4=1;LUT5=1;LUT6=2"
379,1.440,5.000,3.349,0.980,2.369,0.707,4,"a_q_reg[17]/C","ecc_leaf_prod_q_reg[48]/CE","other","FDCE=2;LUT4=1;LUT5=1;LUT6=2"
380,1.440,5.000,3.349,0.980,2.369,0.707,4,"a_q_reg[17]/C","ecc_leaf_prod_q_reg[49]/CE","other","FDCE=2;LUT4=1;LUT5=1;LUT6=2"
381,1.440,5.000,3.349,0.980,2.369,0.707,4,"a_q_reg[17]/C","ecc_leaf_prod_q_reg[4]/CE","other","FDCE=2;LUT4=1;LUT5=1;LUT6=2"
382,1.440,5.000,3.349,0.980,2.369,0.707,4,"a_q_reg[17]/C","ecc_leaf_prod_q_reg[50]/CE","other","FDCE=2;LUT4=1;LUT5=1;LUT6=2"
383,1.440,5.000,3.349,0.980,2.369,0.707,4,"a_q_reg[17]/C","ecc_leaf_prod_q_reg[51]/CE","other","FDCE=2;LUT4=1;LUT5=1;LUT6=2"
384,1.440,5.000,3.349,0.980,2.369,0.707,4,"a_q_reg[17]/C","ecc_leaf_prod_q_reg[52]/CE","other","FDCE=2;LUT4=1;LUT5=1;LUT6=2"
385,1.440,5.000,3.349,0.980,2.369,0.707,4,"a_q_reg[17]/C","ecc_leaf_prod_q_reg[53]/CE","other","FDCE=2;LUT4=1;LUT5=1;LUT6=2"
386,1.440,5.000,3.349,0.980,2.369,0.707,4,"a_q_reg[17]/C","ecc_leaf_prod_q_reg[54]/CE","other","FDCE=2;LUT4=1;LUT5=1;LUT6=2"
387,1.440,5.000,3.349,0.980,2.369,0.707,4,"a_q_reg[17]/C","ecc_leaf_prod_q_reg[55]/CE","other","FDCE=2;LUT4=1;LUT5=1;LUT6=2"
388,1.440,5.000,3.349,0.980,2.369,0.707,4,"a_q_reg[17]/C","ecc_leaf_prod_q_reg[5]/CE","other","FDCE=2;LUT4=1;LUT5=1;LUT6=2"
389,1.440,5.000,3.349,0.980,2.369,0.707,4,"a_q_reg[17]/C","ecc_leaf_prod_q_reg[6]/CE","other","FDCE=2;LUT4=1;LUT5=1;LUT6=2"
390,1.440,5.000,3.349,0.980,2.369,0.707,4,"a_q_reg[17]/C","ecc_leaf_prod_q_reg[7]/CE","other","FDCE=2;LUT4=1;LUT5=1;LUT6=2"
391,1.440,5.000,3.349,0.980,2.369,0.707,4,"a_q_reg[17]/C","ecc_leaf_prod_q_reg[8]/CE","other","FDCE=2;LUT4=1;LUT5=1;LUT6=2"
392,1.440,5.000,3.349,0.980,2.369,0.707,4,"a_q_reg[17]/C","ecc_leaf_prod_q_reg[9]/CE","other","FDCE=2;LUT4=1;LUT5=1;LUT6=2"
393,1.443,5.000,3.346,0.980,2.366,0.707,4,"a_q_reg[17]/C","ecc_leaf_prod_q_reg[56]/CE","other","FDCE=2;LUT4=1;LUT5=1;LUT6=2"
394,1.443,5.000,3.346,0.980,2.366,0.707,4,"a_q_reg[17]/C","ecc_leaf_prod_q_reg[57]/CE","other","FDCE=2;LUT4=1;LUT5=1;LUT6=2"
395,1.443,5.000,3.346,0.980,2.366,0.707,4,"a_q_reg[17]/C","ecc_leaf_prod_q_reg[58]/CE","other","FDCE=2;LUT4=1;LUT5=1;LUT6=2"
396,1.443,5.000,3.346,0.980,2.366,0.707,4,"a_q_reg[17]/C","ecc_leaf_prod_q_reg[59]/CE","other","FDCE=2;LUT4=1;LUT5=1;LUT6=2"
397,1.443,5.000,3.346,0.980,2.366,0.707,4,"a_q_reg[17]/C","ecc_leaf_prod_q_reg[60]/CE","other","FDCE=2;LUT4=1;LUT5=1;LUT6=2"
398,1.443,5.000,3.346,0.980,2.366,0.707,4,"a_q_reg[17]/C","ecc_leaf_prod_q_reg[61]/CE","other","FDCE=2;LUT4=1;LUT5=1;LUT6=2"
399,1.443,5.000,3.346,0.980,2.366,0.707,4,"a_q_reg[17]/C","ecc_leaf_prod_q_reg[62]/CE","other","FDCE=2;LUT4=1;LUT5=1;LUT6=2"
400,1.446,5.000,3.343,0.980,2.363,0.707,4,"a_q_reg[17]/C","ecc_leaf_id_q_reg[0]/CE","other","FDCE=2;LUT2=1;LUT5=1;LUT6=2"
401,1.446,5.000,3.343,0.980,2.363,0.707,4,"a_q_reg[17]/C","ecc_leaf_id_q_reg[1]/CE","other","FDCE=2;LUT2=1;LUT5=1;LUT6=2"
402,1.446,5.000,3.343,0.980,2.363,0.707,4,"a_q_reg[17]/C","ecc_leaf_id_q_reg[2]/CE","other","FDCE=2;LUT2=1;LUT5=1;LUT6=2"
403,1.446,5.000,3.343,0.980,2.363,0.707,4,"a_q_reg[17]/C","ecc_leaf_id_q_reg[3]/CE","other","FDCE=2;LUT2=1;LUT5=1;LUT6=2"
404,1.446,5.000,3.343,0.980,2.363,0.707,4,"a_q_reg[17]/C","ecc_leaf_id_q_reg[4]/CE","other","FDCE=2;LUT2=1;LUT5=1;LUT6=2"
405,1.447,5.000,3.579,1.687,1.892,0.529,5,"gen_lane[2].i_p2_pop_slice/popcount_part_q_o_reg[1][0]/C","group_dist_q_reg[2]/D","P2 popcount capture","CARRY4=2;FDCE=2;LUT3=2;LUT6=1"
406,1.532,5.000,3.257,0.980,2.277,0.699,4,"uop_p0_q_reg[op_type][1]/C","hmatch_best_dist_q_reg[0]/CE","HMATCH reduction/compare","FDCE=2;LUT2=1;LUT3=1;LUT6=2"
407,1.532,5.000,3.257,0.980,2.277,0.699,4,"uop_p0_q_reg[op_type][1]/C","hmatch_best_dist_q_reg[10]/CE","HMATCH reduction/compare","FDCE=2;LUT2=1;LUT3=1;LUT6=2"
408,1.532,5.000,3.257,0.980,2.277,0.699,4,"uop_p0_q_reg[op_type][1]/C","hmatch_best_dist_q_reg[1]/CE","HMATCH reduction/compare","FDCE=2;LUT2=1;LUT3=1;LUT6=2"
409,1.532,5.000,3.257,0.980,2.277,0.699,4,"uop_p0_q_reg[op_type][1]/C","hmatch_best_dist_q_reg[2]/CE","HMATCH reduction/compare","FDCE=2;LUT2=1;LUT3=1;LUT6=2"
410,1.532,5.000,3.257,0.980,2.277,0.699,4,"uop_p0_q_reg[op_type][1]/C","hmatch_best_dist_q_reg[3]/CE","HMATCH reduction/compare","FDCE=2;LUT2=1;LUT3=1;LUT6=2"
411,1.532,5.000,3.257,0.980,2.277,0.699,4,"uop_p0_q_reg[op_type][1]/C","hmatch_best_dist_q_reg[4]/CE","HMATCH reduction/compare","FDCE=2;LUT2=1;LUT3=1;LUT6=2"
412,1.532,5.000,3.257,0.980,2.277,0.699,4,"uop_p0_q_reg[op_type][1]/C","hmatch_best_dist_q_reg[5]/CE","HMATCH reduction/compare","FDCE=2;LUT2=1;LUT3=1;LUT6=2"
413,1.532,5.000,3.257,0.980,2.277,0.699,4,"uop_p0_q_reg[op_type][1]/C","hmatch_best_dist_q_reg[6]/CE","HMATCH reduction/compare","FDCE=2;LUT2=1;LUT3=1;LUT6=2"
414,1.532,5.000,3.257,0.980,2.277,0.699,4,"uop_p0_q_reg[op_type][1]/C","hmatch_best_dist_q_reg[7]/CE","HMATCH reduction/compare","FDCE=2;LUT2=1;LUT3=1;LUT6=2"
415,1.532,5.000,3.257,0.980,2.277,0.699,4,"uop_p0_q_reg[op_type][1]/C","hmatch_best_dist_q_reg[8]/CE","HMATCH reduction/compare","FDCE=2;LUT2=1;LUT3=1;LUT6=2"
416,1.532,5.000,3.257,0.980,2.277,0.699,4,"uop_p0_q_reg[op_type][1]/C","hmatch_best_dist_q_reg[9]/CE","HMATCH reduction/compare","FDCE=2;LUT2=1;LUT3=1;LUT6=2"
417,1.532,5.000,3.257,0.980,2.277,0.699,4,"uop_p0_q_reg[op_type][1]/C","hmatch_best_idx_q_reg[0]/CE","HMATCH reduction/compare","FDCE=2;LUT2=1;LUT3=1;LUT6=2"
418,1.532,5.000,3.257,0.980,2.277,0.699,4,"uop_p0_q_reg[op_type][1]/C","hmatch_best_idx_q_reg[1]/CE","HMATCH reduction/compare","FDCE=2;LUT2=1;LUT3=1;LUT6=2"
419,1.532,5.000,3.257,0.980,2.277,0.699,4,"uop_p0_q_reg[op_type][1]/C","hmatch_best_idx_q_reg[2]/CE","HMATCH reduction/compare","FDCE=2;LUT2=1;LUT3=1;LUT6=2"
420,1.571,5.000,3.426,1.210,2.216,0.647,6,"uop_p3_q_reg[chunk_idx][1]/C","uop_p0_q_reg[src0_addr][2]/D","TOP control","FDCE=2;LUT2=1;LUT4=1;LUT6=4"
421,1.610,5.000,3.179,0.980,2.199,0.692,4,"a_q_reg[2]/C","hperm_dst_base_q_reg[2]/CE","other","FDCE=2;LUT1=1;LUT4=1;LUT6=2"
422,1.610,5.000,3.179,0.980,2.199,0.692,4,"a_q_reg[2]/C","hperm_dst_base_q_reg[3]/CE","other","FDCE=2;LUT1=1;LUT4=1;LUT6=2"
423,1.610,5.000,3.179,0.980,2.199,0.692,4,"a_q_reg[2]/C","hperm_dst_base_q_reg[4]/CE","other","FDCE=2;LUT1=1;LUT4=1;LUT6=2"
424,1.610,5.000,3.179,0.980,2.199,0.692,4,"a_q_reg[2]/C","hperm_dst_base_q_reg[5]/CE","other","FDCE=2;LUT1=1;LUT4=1;LUT6=2"
425,1.610,5.000,3.179,0.980,2.199,0.692,4,"a_q_reg[2]/C","hperm_lane_base_q_reg[0]/CE","other","FDCE=2;LUT1=1;LUT4=1;LUT6=2"
426,1.610,5.000,3.179,0.980,2.199,0.692,4,"a_q_reg[2]/C","hperm_lane_base_q_reg[0]_rep/CE","other","FDCE=2;LUT1=1;LUT4=1;LUT6=2"
427,1.610,5.000,3.179,0.980,2.199,0.692,4,"a_q_reg[2]/C","hperm_lane_base_q_reg[0]_rep__0/CE","other","FDCE=2;LUT1=1;LUT4=1;LUT6=2"
428,1.610,5.000,3.179,0.980,2.199,0.692,4,"a_q_reg[2]/C","hperm_lane_base_q_reg[0]_rep__1/CE","other","FDCE=2;LUT1=1;LUT4=1;LUT6=2"
429,1.610,5.000,3.179,0.980,2.199,0.692,4,"a_q_reg[2]/C","hperm_lane_base_q_reg[1]/CE","other","FDCE=2;LUT1=1;LUT4=1;LUT6=2"
430,1.610,5.000,3.179,0.980,2.199,0.692,4,"a_q_reg[2]/C","hperm_lane_base_q_reg[1]_rep/CE","other","FDCE=2;LUT1=1;LUT4=1;LUT6=2"
431,1.610,5.000,3.179,0.980,2.199,0.692,4,"a_q_reg[2]/C","hperm_lane_base_q_reg[1]_rep__0/CE","other","FDCE=2;LUT1=1;LUT4=1;LUT6=2"
432,1.610,5.000,3.179,0.980,2.199,0.692,4,"a_q_reg[2]/C","hperm_lane_base_q_reg[1]_rep__1/CE","other","FDCE=2;LUT1=1;LUT4=1;LUT6=2"
433,1.610,5.000,3.179,0.980,2.199,0.692,4,"a_q_reg[2]/C","hperm_nibble_q_reg[0]/CE","other","FDCE=2;LUT1=1;LUT4=1;LUT6=2"
434,1.610,5.000,3.179,0.980,2.199,0.692,4,"a_q_reg[2]/C","hperm_nibble_q_reg[1]/CE","other","FDCE=2;LUT1=1;LUT4=1;LUT6=2"
435,1.610,5.000,3.179,0.980,2.199,0.692,4,"a_q_reg[2]/C","hperm_nibble_q_reg[2]/CE","other","FDCE=2;LUT1=1;LUT4=1;LUT6=2"
436,1.610,5.000,3.179,0.980,2.199,0.692,4,"a_q_reg[2]/C","hperm_nibble_q_reg[3]/CE","other","FDCE=2;LUT1=1;LUT4=1;LUT6=2"
437,1.610,5.000,3.179,0.980,2.199,0.692,4,"a_q_reg[2]/C","hperm_src_base_q_reg[2]/CE","other","FDCE=2;LUT1=1;LUT4=1;LUT6=2"
438,1.610,5.000,3.179,0.980,2.199,0.692,4,"a_q_reg[2]/C","hperm_src_base_q_reg[3]/CE","other","FDCE=2;LUT1=1;LUT4=1;LUT6=2"
439,1.610,5.000,3.179,0.980,2.199,0.692,4,"a_q_reg[2]/C","hperm_src_base_q_reg[4]/CE","other","FDCE=2;LUT1=1;LUT4=1;LUT6=2"
440,1.610,5.000,3.179,0.980,2.199,0.692,4,"a_q_reg[2]/C","hperm_src_base_q_reg[5]/CE","other","FDCE=2;LUT1=1;LUT4=1;LUT6=2"
441,1.610,5.000,3.179,0.980,2.199,0.692,4,"a_q_reg[2]/C","hperm_word_off_q_reg[2]/CE","other","FDCE=2;LUT1=1;LUT4=1;LUT6=2"
442,1.610,5.000,3.179,0.980,2.199,0.692,4,"a_q_reg[2]/C","hperm_word_off_q_reg[3]/CE","other","FDCE=2;LUT1=1;LUT4=1;LUT6=2"
443,1.619,5.000,3.170,0.980,2.190,0.691,4,"FSM_onehot_st_q_reg[8]/C","FSM_onehot_st_q_reg[0]/CE","TOP control","FDCE=2;LUT4=2;LUT6=2"
444,1.619,5.000,3.170,0.980,2.190,0.691,4,"FSM_onehot_st_q_reg[8]/C","FSM_onehot_st_q_reg[10]/CE","TOP control","FDCE=2;LUT4=2;LUT6=2"
445,1.619,5.000,3.170,0.980,2.190,0.691,4,"FSM_onehot_st_q_reg[8]/C","FSM_onehot_st_q_reg[11]/CE","TOP control","FDCE=2;LUT4=2;LUT6=2"
446,1.619,5.000,3.170,0.980,2.190,0.691,4,"FSM_onehot_st_q_reg[8]/C","FSM_onehot_st_q_reg[12]/CE","TOP control","FDCE=2;LUT4=2;LUT6=2"
447,1.619,5.000,3.170,0.980,2.190,0.691,4,"FSM_onehot_st_q_reg[8]/C","FSM_onehot_st_q_reg[13]/CE","TOP control","FDCE=2;LUT4=2;LUT6=2"
448,1.619,5.000,3.170,0.980,2.190,0.691,4,"FSM_onehot_st_q_reg[8]/C","FSM_onehot_st_q_reg[14]/CE","TOP control","FDCE=2;LUT4=2;LUT6=2"
449,1.619,5.000,3.170,0.980,2.190,0.691,4,"FSM_onehot_st_q_reg[8]/C","FSM_onehot_st_q_reg[15]/CE","TOP control","FDCE=2;LUT4=2;LUT6=2"
450,1.619,5.000,3.170,0.980,2.190,0.691,4,"FSM_onehot_st_q_reg[8]/C","FSM_onehot_st_q_reg[16]/CE","TOP control","FDCE=2;LUT4=2;LUT6=2"
451,1.619,5.000,3.170,0.980,2.190,0.691,4,"FSM_onehot_st_q_reg[8]/C","FSM_onehot_st_q_reg[17]/CE","TOP control","FDCE=2;LUT4=2;LUT6=2"
452,1.619,5.000,3.170,0.980,2.190,0.691,4,"FSM_onehot_st_q_reg[8]/C","FSM_onehot_st_q_reg[18]/CE","TOP control","FDCE=2;LUT4=2;LUT6=2"
453,1.619,5.000,3.170,0.980,2.190,0.691,4,"FSM_onehot_st_q_reg[8]/C","FSM_onehot_st_q_reg[18]_rep/CE","TOP control","FDCE=2;LUT4=2;LUT6=2"
454,1.619,5.000,3.170,0.980,2.190,0.691,4,"FSM_onehot_st_q_reg[8]/C","FSM_onehot_st_q_reg[18]_rep__0/CE","TOP control","FDCE=2;LUT4=2;LUT6=2"
455,1.619,5.000,3.170,0.980,2.190,0.691,4,"FSM_onehot_st_q_reg[8]/C","FSM_onehot_st_q_reg[19]/CE","TOP control","FDCE=2;LUT4=2;LUT6=2"
456,1.619,5.000,3.170,0.980,2.190,0.691,4,"FSM_onehot_st_q_reg[8]/C","FSM_onehot_st_q_reg[1]/CE","TOP control","FDCE=2;LUT4=2;LUT6=2"
457,1.619,5.000,3.170,0.980,2.190,0.691,4,"FSM_onehot_st_q_reg[8]/C","FSM_onehot_st_q_reg[1]_rep/CE","TOP control","FDCE=2;LUT4=2;LUT6=2"
458,1.619,5.000,3.170,0.980,2.190,0.691,4,"FSM_onehot_st_q_reg[8]/C","FSM_onehot_st_q_reg[1]_rep__0/CE","TOP control","FDCE=2;LUT4=2;LUT6=2"
459,1.619,5.000,3.170,0.980,2.190,0.691,4,"FSM_onehot_st_q_reg[8]/C","FSM_onehot_st_q_reg[1]_rep__1/CE","TOP control","FDCE=2;LUT4=2;LUT6=2"
460,1.619,5.000,3.170,0.980,2.190,0.691,4,"FSM_onehot_st_q_reg[8]/C","FSM_onehot_st_q_reg[20]/CE","TOP control","FDCE=2;LUT4=2;LUT6=2"
461,1.619,5.000,3.170,0.980,2.190,0.691,4,"FSM_onehot_st_q_reg[8]/C","FSM_onehot_st_q_reg[21]/CE","TOP control","FDCE=2;LUT4=2;LUT6=2"
462,1.619,5.000,3.170,0.980,2.190,0.691,4,"FSM_onehot_st_q_reg[8]/C","FSM_onehot_st_q_reg[22]/CE","TOP control","FDCE=2;LUT4=2;LUT6=2"
463,1.619,5.000,3.170,0.980,2.190,0.691,4,"FSM_onehot_st_q_reg[8]/C","FSM_onehot_st_q_reg[23]/CE","TOP control","FDCE=2;LUT4=2;LUT6=2"
464,1.619,5.000,3.170,0.980,2.190,0.691,4,"FSM_onehot_st_q_reg[8]/C","FSM_onehot_st_q_reg[24]/CE","TOP control","FDCE=2;LUT4=2;LUT6=2"
465,1.619,5.000,3.170,0.980,2.190,0.691,4,"FSM_onehot_st_q_reg[8]/C","FSM_onehot_st_q_reg[25]/CE","TOP control","FDCE=2;LUT4=2;LUT6=2"
466,1.619,5.000,3.170,0.980,2.190,0.691,4,"FSM_onehot_st_q_reg[8]/C","FSM_onehot_st_q_reg[25]_rep/CE","TOP control","FDCE=2;LUT4=2;LUT6=2"
467,1.619,5.000,3.170,0.980,2.190,0.691,4,"FSM_onehot_st_q_reg[8]/C","FSM_onehot_st_q_reg[25]_rep__0/CE","TOP control","FDCE=2;LUT4=2;LUT6=2"
468,1.619,5.000,3.170,0.980,2.190,0.691,4,"FSM_onehot_st_q_reg[8]/C","FSM_onehot_st_q_reg[26]/CE","TOP control","FDCE=2;LUT4=2;LUT6=2"
469,1.619,5.000,3.170,0.980,2.190,0.691,4,"FSM_onehot_st_q_reg[8]/C","FSM_onehot_st_q_reg[27]/CE","TOP control","FDCE=2;LUT4=2;LUT6=2"
470,1.619,5.000,3.170,0.980,2.190,0.691,4,"FSM_onehot_st_q_reg[8]/C","FSM_onehot_st_q_reg[27]_rep/CE","TOP control","FDCE=2;LUT4=2;LUT6=2"
471,1.619,5.000,3.170,0.980,2.190,0.691,4,"FSM_onehot_st_q_reg[8]/C","FSM_onehot_st_q_reg[27]_rep__0/CE","TOP control","FDCE=2;LUT4=2;LUT6=2"
472,1.619,5.000,3.170,0.980,2.190,0.691,4,"FSM_onehot_st_q_reg[8]/C","FSM_onehot_st_q_reg[28]/CE","TOP control","FDCE=1;FDPE=1;LUT4=2;LUT6=2"
473,1.619,5.000,3.170,0.980,2.190,0.691,4,"FSM_onehot_st_q_reg[8]/C","FSM_onehot_st_q_reg[29]/CE","TOP control","FDCE=2;LUT4=2;LUT6=2"
474,1.619,5.000,3.170,0.980,2.190,0.691,4,"FSM_onehot_st_q_reg[8]/C","FSM_onehot_st_q_reg[2]/CE","TOP control","FDCE=2;LUT4=2;LUT6=2"
475,1.619,5.000,3.170,0.980,2.190,0.691,4,"FSM_onehot_st_q_reg[8]/C","FSM_onehot_st_q_reg[2]_rep/CE","TOP control","FDCE=2;LUT4=2;LUT6=2"
476,1.619,5.000,3.170,0.980,2.190,0.691,4,"FSM_onehot_st_q_reg[8]/C","FSM_onehot_st_q_reg[2]_rep__0/CE","TOP control","FDCE=2;LUT4=2;LUT6=2"
477,1.619,5.000,3.170,0.980,2.190,0.691,4,"FSM_onehot_st_q_reg[8]/C","FSM_onehot_st_q_reg[2]_rep__1/CE","TOP control","FDCE=2;LUT4=2;LUT6=2"
478,1.619,5.000,3.170,0.980,2.190,0.691,4,"FSM_onehot_st_q_reg[8]/C","FSM_onehot_st_q_reg[2]_rep__2/CE","TOP control","FDCE=2;LUT4=2;LUT6=2"
479,1.619,5.000,3.170,0.980,2.190,0.691,4,"FSM_onehot_st_q_reg[8]/C","FSM_onehot_st_q_reg[30]/CE","TOP control","FDCE=2;LUT4=2;LUT6=2"
480,1.619,5.000,3.170,0.980,2.190,0.691,4,"FSM_onehot_st_q_reg[8]/C","FSM_onehot_st_q_reg[31]/CE","TOP control","FDCE=2;LUT4=2;LUT6=2"
481,1.619,5.000,3.170,0.980,2.190,0.691,4,"FSM_onehot_st_q_reg[8]/C","FSM_onehot_st_q_reg[3]/CE","TOP control","FDCE=2;LUT4=2;LUT6=2"
482,1.619,5.000,3.170,0.980,2.190,0.691,4,"FSM_onehot_st_q_reg[8]/C","FSM_onehot_st_q_reg[4]/CE","TOP control","FDCE=2;LUT4=2;LUT6=2"
483,1.619,5.000,3.170,0.980,2.190,0.691,4,"FSM_onehot_st_q_reg[8]/C","FSM_onehot_st_q_reg[5]/CE","TOP control","FDCE=2;LUT4=2;LUT6=2"
484,1.619,5.000,3.170,0.980,2.190,0.691,4,"FSM_onehot_st_q_reg[8]/C","FSM_onehot_st_q_reg[6]/CE","TOP control","FDCE=2;LUT4=2;LUT6=2"
485,1.619,5.000,3.170,0.980,2.190,0.691,4,"FSM_onehot_st_q_reg[8]/C","FSM_onehot_st_q_reg[7]/CE","TOP control","FDCE=2;LUT4=2;LUT6=2"
486,1.619,5.000,3.170,0.980,2.190,0.691,4,"FSM_onehot_st_q_reg[8]/C","FSM_onehot_st_q_reg[8]/CE","TOP control","FDCE=1;LUT4=2;LUT6=2"
487,1.619,5.000,3.170,0.980,2.190,0.691,4,"FSM_onehot_st_q_reg[8]/C","FSM_onehot_st_q_reg[9]/CE","TOP control","FDCE=2;LUT4=2;LUT6=2"
488,1.654,5.000,3.343,1.105,2.238,0.669,5,"hmatch_class_slot_q_reg[0]/C","uop_p0_q_reg[src1_addr][4]/D","TOP control","FDCE=2;LUT4=1;LUT6=4"
489,1.680,5.000,3.317,1.085,2.232,0.673,5,"gen_lane[0].i_p2_pop_slice/bool_result_q_reg[23]/C","gen_lane[0].i_p2_pop_slice/popcount_part_q_o_reg[0][1]/D","P2 popcount capture","FDCE=2;LUT5=3;LUT6=2"
490,1.680,5.000,3.317,1.085,2.232,0.673,5,"gen_lane[0].i_p2_pop_slice/bool_result_q_reg[55]/C","gen_lane[0].i_p2_pop_slice/popcount_part_q_o_reg[1][1]/D","P2 popcount capture","FDCE=2;LUT5=3;LUT6=2"
491,1.680,5.000,3.317,1.085,2.232,0.673,5,"gen_lane[1].i_p2_pop_slice/bool_result_q_reg[23]/C","gen_lane[1].i_p2_pop_slice/popcount_part_q_o_reg[0][1]/D","P2 popcount capture","FDCE=2;LUT5=3;LUT6=2"
492,1.680,5.000,3.317,1.085,2.232,0.673,5,"gen_lane[1].i_p2_pop_slice/bool_result_q_reg[55]/C","gen_lane[1].i_p2_pop_slice/popcount_part_q_o_reg[1][1]/D","P2 popcount capture","FDCE=2;LUT5=3;LUT6=2"
493,1.680,5.000,3.317,1.085,2.232,0.673,5,"gen_lane[2].i_p2_pop_slice/bool_result_q_reg[23]/C","gen_lane[2].i_p2_pop_slice/popcount_part_q_o_reg[0][1]/D","P2 popcount capture","FDCE=2;LUT5=3;LUT6=2"
494,1.680,5.000,3.317,1.085,2.232,0.673,5,"gen_lane[2].i_p2_pop_slice/bool_result_q_reg[55]/C","gen_lane[2].i_p2_pop_slice/popcount_part_q_o_reg[1][1]/D","P2 popcount capture","FDCE=2;LUT5=3;LUT6=2"
495,1.680,5.000,3.317,1.085,2.232,0.673,5,"gen_lane[3].i_p2_pop_slice/bool_result_q_reg[23]/C","gen_lane[3].i_p2_pop_slice/popcount_part_q_o_reg[0][1]/D","P2 popcount capture","FDCE=2;LUT5=3;LUT6=2"
496,1.680,5.000,3.317,1.085,2.232,0.673,5,"gen_lane[3].i_p2_pop_slice/bool_result_q_reg[55]/C","gen_lane[3].i_p2_pop_slice/popcount_part_q_o_reg[1][1]/D","P2 popcount capture","FDCE=2;LUT5=3;LUT6=2"
497,1.786,5.000,3.211,1.098,2.113,0.658,5,"hmatch_best_dist_q_reg[0]/C","hmatch_budget_q_reg[8]/D","HMATCH reduction/compare","FDCE=2;LUT5=2;LUT6=3"
498,1.792,5.000,2.858,0.770,2.088,0.731,2,"vrf_wa_q_reg[0][0]/C","i_vrf/vrf_b0_reg_r1_0_63_63_63/DP/I","VRF/read/writeback","FDCE=1;LUT6=1;RAMD64E=1"
499,1.792,5.000,2.858,0.770,2.088,0.731,2,"vrf_wa_q_reg[0][0]/C","i_vrf/vrf_b0_reg_r2_0_63_63_63/DP/I","VRF/read/writeback","FDCE=1;LUT6=1;RAMD64E=2"
500,1.792,5.000,2.858,0.770,2.088,0.731,2,"vrf_wa_q_reg[1][0]/C","i_vrf/vrf_b1_reg_r1_0_63_63_63/DP/I","VRF/read/writeback","FDCE=1;LUT6=1;RAMD64E=1"
501,1.792,5.000,2.858,0.770,2.088,0.731,2,"vrf_wa_q_reg[1][0]/C","i_vrf/vrf_b1_reg_r2_0_63_63_63/DP/I","VRF/read/writeback","FDCE=1;LUT6=1;RAMD64E=2"
502,1.792,5.000,2.858,0.770,2.088,0.731,2,"vrf_wa_q_reg[2][0]/C","i_vrf/vrf_b2_reg_r1_0_63_63_63/DP/I","VRF/read/writeback","FDCE=1;LUT6=1;RAMD64E=1"
503,1.792,5.000,2.858,0.770,2.088,0.731,2,"vrf_wa_q_reg[2][0]/C","i_vrf/vrf_b2_reg_r2_0_63_63_63/DP/I","VRF/read/writeback","FDCE=1;LUT6=1;RAMD64E=2"
504,1.792,5.000,2.858,0.770,2.088,0.731,2,"vrf_wa_q_reg[3][0]/C","i_vrf/vrf_b3_reg_r1_0_63_63_63/DP/I","VRF/read/writeback","FDCE=1;LUT6=1;RAMD64E=1"
505,1.792,5.000,2.858,0.770,2.088,0.731,2,"vrf_wa_q_reg[3][0]/C","i_vrf/vrf_b3_reg_r2_0_63_63_63/DP/I","VRF/read/writeback","FDCE=1;LUT6=1;RAMD64E=2"
506,1.794,5.000,3.203,1.085,2.118,0.661,5,"a_q_reg[2]/C","uop_p0_q_reg[src0_addr][0]/D","TOP control","FDCE=2;LUT2=1;LUT4=1;LUT6=3"
507,1.801,5.000,2.845,0.770,2.075,0.729,2,"vrf_wa_q_reg[0][0]/C","i_vrf/vrf_b0_reg_r1_0_63_0_2/RAMB/I","VRF/read/writeback","FDCE=1;LUT6=1;RAMD64E=1"
508,1.801,5.000,2.845,0.770,2.075,0.729,2,"vrf_wa_q_reg[0][0]/C","i_vrf/vrf_b0_reg_r1_0_63_12_14/RAMB/I","VRF/read/writeback","FDCE=1;LUT6=1;RAMD64E=1"
509,1.801,5.000,2.845,0.770,2.075,0.729,2,"vrf_wa_q_reg[0][0]/C","i_vrf/vrf_b0_reg_r1_0_63_15_17/RAMB/I","VRF/read/writeback","FDCE=1;LUT6=1;RAMD64E=1"
510,1.801,5.000,2.845,0.770,2.075,0.729,2,"vrf_wa_q_reg[0][0]/C","i_vrf/vrf_b0_reg_r1_0_63_18_20/RAMB/I","VRF/read/writeback","FDCE=1;LUT6=1;RAMD64E=1"
511,1.801,5.000,2.845,0.770,2.075,0.729,2,"vrf_wa_q_reg[0][0]/C","i_vrf/vrf_b0_reg_r1_0_63_21_23/RAMB/I","VRF/read/writeback","FDCE=1;LUT6=1;RAMD64E=1"
512,1.801,5.000,2.845,0.770,2.075,0.729,2,"vrf_wa_q_reg[0][0]/C","i_vrf/vrf_b0_reg_r1_0_63_24_26/RAMB/I","VRF/read/writeback","FDCE=1;LUT6=1;RAMD64E=1"
513,1.801,5.000,2.845,0.770,2.075,0.729,2,"vrf_wa_q_reg[0][0]/C","i_vrf/vrf_b0_reg_r1_0_63_27_29/RAMB/I","VRF/read/writeback","FDCE=1;LUT6=1;RAMD64E=1"
514,1.801,5.000,2.845,0.770,2.075,0.729,2,"vrf_wa_q_reg[0][0]/C","i_vrf/vrf_b0_reg_r1_0_63_30_32/RAMB/I","VRF/read/writeback","FDCE=1;LUT6=1;RAMD64E=1"
515,1.801,5.000,2.845,0.770,2.075,0.729,2,"vrf_wa_q_reg[0][0]/C","i_vrf/vrf_b0_reg_r1_0_63_33_35/RAMB/I","VRF/read/writeback","FDCE=1;LUT6=1;RAMD64E=1"
516,1.801,5.000,2.845,0.770,2.075,0.729,2,"vrf_wa_q_reg[0][0]/C","i_vrf/vrf_b0_reg_r1_0_63_36_38/RAMB/I","VRF/read/writeback","FDCE=1;LUT6=1;RAMD64E=1"
517,1.801,5.000,2.845,0.770,2.075,0.729,2,"vrf_wa_q_reg[0][0]/C","i_vrf/vrf_b0_reg_r1_0_63_39_41/RAMB/I","VRF/read/writeback","FDCE=1;LUT6=1;RAMD64E=1"
518,1.801,5.000,2.845,0.770,2.075,0.729,2,"vrf_wa_q_reg[0][0]/C","i_vrf/vrf_b0_reg_r1_0_63_3_5/RAMB/I","VRF/read/writeback","FDCE=1;LUT6=1;RAMD64E=1"
519,1.801,5.000,2.845,0.770,2.075,0.729,2,"vrf_wa_q_reg[0][0]/C","i_vrf/vrf_b0_reg_r1_0_63_42_44/RAMB/I","VRF/read/writeback","FDCE=1;LUT6=1;RAMD64E=1"
520,1.801,5.000,2.845,0.770,2.075,0.729,2,"vrf_wa_q_reg[0][0]/C","i_vrf/vrf_b0_reg_r1_0_63_45_47/RAMB/I","VRF/read/writeback","FDCE=1;LUT6=1;RAMD64E=1"
521,1.801,5.000,2.845,0.770,2.075,0.729,2,"vrf_wa_q_reg[0][0]/C","i_vrf/vrf_b0_reg_r1_0_63_48_50/RAMB/I","VRF/read/writeback","FDCE=1;LUT6=1;RAMD64E=1"
522,1.801,5.000,2.845,0.770,2.075,0.729,2,"vrf_wa_q_reg[0][0]/C","i_vrf/vrf_b0_reg_r1_0_63_51_53/RAMB/I","VRF/read/writeback","FDCE=1;LUT6=1;RAMD64E=1"
523,1.801,5.000,2.845,0.770,2.075,0.729,2,"vrf_wa_q_reg[0][0]/C","i_vrf/vrf_b0_reg_r1_0_63_54_56/RAMB/I","VRF/read/writeback","FDCE=1;LUT6=1;RAMD64E=1"
524,1.801,5.000,2.845,0.770,2.075,0.729,2,"vrf_wa_q_reg[0][0]/C","i_vrf/vrf_b0_reg_r1_0_63_57_59/RAMB/I","VRF/read/writeback","FDCE=1;LUT6=1;RAMD64E=1"
525,1.801,5.000,2.845,0.770,2.075,0.729,2,"vrf_wa_q_reg[0][0]/C","i_vrf/vrf_b0_reg_r1_0_63_60_62/RAMB/I","VRF/read/writeback","FDCE=1;LUT6=1;RAMD64E=1"
526,1.801,5.000,2.845,0.770,2.075,0.729,2,"vrf_wa_q_reg[0][0]/C","i_vrf/vrf_b0_reg_r1_0_63_6_8/RAMB/I","VRF/read/writeback","FDCE=1;LUT6=1;RAMD64E=1"
527,1.801,5.000,2.845,0.770,2.075,0.729,2,"vrf_wa_q_reg[0][0]/C","i_vrf/vrf_b0_reg_r1_0_63_9_11/RAMB/I","VRF/read/writeback","FDCE=1;LUT6=1;RAMD64E=1"
528,1.801,5.000,2.845,0.770,2.075,0.729,2,"vrf_wa_q_reg[0][0]/C","i_vrf/vrf_b0_reg_r2_0_63_0_2/RAMB/I","VRF/read/writeback","FDCE=1;LUT6=1;RAMD64E=2"
529,1.801,5.000,2.845,0.770,2.075,0.729,2,"vrf_wa_q_reg[0][0]/C","i_vrf/vrf_b0_reg_r2_0_63_12_14/RAMB/I","VRF/read/writeback","FDCE=1;LUT6=1;RAMD64E=2"
530,1.801,5.000,2.845,0.770,2.075,0.729,2,"vrf_wa_q_reg[0][0]/C","i_vrf/vrf_b0_reg_r2_0_63_15_17/RAMB/I","VRF/read/writeback","FDCE=1;LUT6=1;RAMD64E=2"
531,1.801,5.000,2.845,0.770,2.075,0.729,2,"vrf_wa_q_reg[0][0]/C","i_vrf/vrf_b0_reg_r2_0_63_18_20/RAMB/I","VRF/read/writeback","FDCE=1;LUT6=1;RAMD64E=2"
532,1.801,5.000,2.845,0.770,2.075,0.729,2,"vrf_wa_q_reg[0][0]/C","i_vrf/vrf_b0_reg_r2_0_63_21_23/RAMB/I","VRF/read/writeback","FDCE=1;LUT6=1;RAMD64E=2"
533,1.801,5.000,2.845,0.770,2.075,0.729,2,"vrf_wa_q_reg[0][0]/C","i_vrf/vrf_b0_reg_r2_0_63_24_26/RAMB/I","VRF/read/writeback","FDCE=1;LUT6=1;RAMD64E=2"
534,1.801,5.000,2.845,0.770,2.075,0.729,2,"vrf_wa_q_reg[0][0]/C","i_vrf/vrf_b0_reg_r2_0_63_27_29/RAMB/I","VRF/read/writeback","FDCE=1;LUT6=1;RAMD64E=2"
535,1.801,5.000,2.845,0.770,2.075,0.729,2,"vrf_wa_q_reg[0][0]/C","i_vrf/vrf_b0_reg_r2_0_63_30_32/RAMB/I","VRF/read/writeback","FDCE=1;LUT6=1;RAMD64E=2"
536,1.801,5.000,2.845,0.770,2.075,0.729,2,"vrf_wa_q_reg[0][0]/C","i_vrf/vrf_b0_reg_r2_0_63_33_35/RAMB/I","VRF/read/writeback","FDCE=1;LUT6=1;RAMD64E=2"
537,1.801,5.000,2.845,0.770,2.075,0.729,2,"vrf_wa_q_reg[0][0]/C","i_vrf/vrf_b0_reg_r2_0_63_36_38/RAMB/I","VRF/read/writeback","FDCE=1;LUT6=1;RAMD64E=2"
538,1.801,5.000,2.845,0.770,2.075,0.729,2,"vrf_wa_q_reg[0][0]/C","i_vrf/vrf_b0_reg_r2_0_63_39_41/RAMB/I","VRF/read/writeback","FDCE=1;LUT6=1;RAMD64E=2"
539,1.801,5.000,2.845,0.770,2.075,0.729,2,"vrf_wa_q_reg[0][0]/C","i_vrf/vrf_b0_reg_r2_0_63_3_5/RAMB/I","VRF/read/writeback","FDCE=1;LUT6=1;RAMD64E=2"
540,1.801,5.000,2.845,0.770,2.075,0.729,2,"vrf_wa_q_reg[0][0]/C","i_vrf/vrf_b0_reg_r2_0_63_42_44/RAMB/I","VRF/read/writeback","FDCE=1;LUT6=1;RAMD64E=2"
541,1.801,5.000,2.845,0.770,2.075,0.729,2,"vrf_wa_q_reg[0][0]/C","i_vrf/vrf_b0_reg_r2_0_63_45_47/RAMB/I","VRF/read/writeback","FDCE=1;LUT6=1;RAMD64E=2"
542,1.801,5.000,2.845,0.770,2.075,0.729,2,"vrf_wa_q_reg[0][0]/C","i_vrf/vrf_b0_reg_r2_0_63_48_50/RAMB/I","VRF/read/writeback","FDCE=1;LUT6=1;RAMD64E=2"
543,1.801,5.000,2.845,0.770,2.075,0.729,2,"vrf_wa_q_reg[0][0]/C","i_vrf/vrf_b0_reg_r2_0_63_51_53/RAMB/I","VRF/read/writeback","FDCE=1;LUT6=1;RAMD64E=2"
544,1.801,5.000,2.845,0.770,2.075,0.729,2,"vrf_wa_q_reg[0][0]/C","i_vrf/vrf_b0_reg_r2_0_63_54_56/RAMB/I","VRF/read/writeback","FDCE=1;LUT6=1;RAMD64E=2"
545,1.801,5.000,2.845,0.770,2.075,0.729,2,"vrf_wa_q_reg[0][0]/C","i_vrf/vrf_b0_reg_r2_0_63_57_59/RAMB/I","VRF/read/writeback","FDCE=1;LUT6=1;RAMD64E=2"
546,1.801,5.000,2.845,0.770,2.075,0.729,2,"vrf_wa_q_reg[0][0]/C","i_vrf/vrf_b0_reg_r2_0_63_60_62/RAMB/I","VRF/read/writeback","FDCE=1;LUT6=1;RAMD64E=2"
547,1.801,5.000,2.845,0.770,2.075,0.729,2,"vrf_wa_q_reg[0][0]/C","i_vrf/vrf_b0_reg_r2_0_63_6_8/RAMB/I","VRF/read/writeback","FDCE=1;LUT6=1;RAMD64E=2"
548,1.801,5.000,2.845,0.770,2.075,0.729,2,"vrf_wa_q_reg[0][0]/C","i_vrf/vrf_b0_reg_r2_0_63_9_11/RAMB/I","VRF/read/writeback","FDCE=1;LUT6=1;RAMD64E=2"
549,1.801,5.000,2.845,0.770,2.075,0.729,2,"vrf_wa_q_reg[1][0]/C","i_vrf/vrf_b1_reg_r1_0_63_0_2/RAMB/I","VRF/read/writeback","FDCE=1;LUT6=1;RAMD64E=1"
550,1.801,5.000,2.845,0.770,2.075,0.729,2,"vrf_wa_q_reg[1][0]/C","i_vrf/vrf_b1_reg_r1_0_63_12_14/RAMB/I","VRF/read/writeback","FDCE=1;LUT6=1;RAMD64E=1"
551,1.801,5.000,2.845,0.770,2.075,0.729,2,"vrf_wa_q_reg[1][0]/C","i_vrf/vrf_b1_reg_r1_0_63_15_17/RAMB/I","VRF/read/writeback","FDCE=1;LUT6=1;RAMD64E=1"
552,1.801,5.000,2.845,0.770,2.075,0.729,2,"vrf_wa_q_reg[1][0]/C","i_vrf/vrf_b1_reg_r1_0_63_18_20/RAMB/I","VRF/read/writeback","FDCE=1;LUT6=1;RAMD64E=1"
553,1.801,5.000,2.845,0.770,2.075,0.729,2,"vrf_wa_q_reg[1][0]/C","i_vrf/vrf_b1_reg_r1_0_63_21_23/RAMB/I","VRF/read/writeback","FDCE=1;LUT6=1;RAMD64E=1"
554,1.801,5.000,2.845,0.770,2.075,0.729,2,"vrf_wa_q_reg[1][0]/C","i_vrf/vrf_b1_reg_r1_0_63_24_26/RAMB/I","VRF/read/writeback","FDCE=1;LUT6=1;RAMD64E=1"
555,1.801,5.000,2.845,0.770,2.075,0.729,2,"vrf_wa_q_reg[1][0]/C","i_vrf/vrf_b1_reg_r1_0_63_27_29/RAMB/I","VRF/read/writeback","FDCE=1;LUT6=1;RAMD64E=1"
556,1.801,5.000,2.845,0.770,2.075,0.729,2,"vrf_wa_q_reg[1][0]/C","i_vrf/vrf_b1_reg_r1_0_63_30_32/RAMB/I","VRF/read/writeback","FDCE=1;LUT6=1;RAMD64E=1"
557,1.801,5.000,2.845,0.770,2.075,0.729,2,"vrf_wa_q_reg[1][0]/C","i_vrf/vrf_b1_reg_r1_0_63_33_35/RAMB/I","VRF/read/writeback","FDCE=1;LUT6=1;RAMD64E=1"
558,1.801,5.000,2.845,0.770,2.075,0.729,2,"vrf_wa_q_reg[1][0]/C","i_vrf/vrf_b1_reg_r1_0_63_36_38/RAMB/I","VRF/read/writeback","FDCE=1;LUT6=1;RAMD64E=1"
559,1.801,5.000,2.845,0.770,2.075,0.729,2,"vrf_wa_q_reg[1][0]/C","i_vrf/vrf_b1_reg_r1_0_63_39_41/RAMB/I","VRF/read/writeback","FDCE=1;LUT6=1;RAMD64E=1"
560,1.801,5.000,2.845,0.770,2.075,0.729,2,"vrf_wa_q_reg[1][0]/C","i_vrf/vrf_b1_reg_r1_0_63_3_5/RAMB/I","VRF/read/writeback","FDCE=1;LUT6=1;RAMD64E=1"
561,1.801,5.000,2.845,0.770,2.075,0.729,2,"vrf_wa_q_reg[1][0]/C","i_vrf/vrf_b1_reg_r1_0_63_42_44/RAMB/I","VRF/read/writeback","FDCE=1;LUT6=1;RAMD64E=1"
562,1.801,5.000,2.845,0.770,2.075,0.729,2,"vrf_wa_q_reg[1][0]/C","i_vrf/vrf_b1_reg_r1_0_63_45_47/RAMB/I","VRF/read/writeback","FDCE=1;LUT6=1;RAMD64E=1"
563,1.801,5.000,2.845,0.770,2.075,0.729,2,"vrf_wa_q_reg[1][0]/C","i_vrf/vrf_b1_reg_r1_0_63_48_50/RAMB/I","VRF/read/writeback","FDCE=1;LUT6=1;RAMD64E=1"
564,1.801,5.000,2.845,0.770,2.075,0.729,2,"vrf_wa_q_reg[1][0]/C","i_vrf/vrf_b1_reg_r1_0_63_51_53/RAMB/I","VRF/read/writeback","FDCE=1;LUT6=1;RAMD64E=1"
565,1.801,5.000,2.845,0.770,2.075,0.729,2,"vrf_wa_q_reg[1][0]/C","i_vrf/vrf_b1_reg_r1_0_63_54_56/RAMB/I","VRF/read/writeback","FDCE=1;LUT6=1;RAMD64E=1"
566,1.801,5.000,2.845,0.770,2.075,0.729,2,"vrf_wa_q_reg[1][0]/C","i_vrf/vrf_b1_reg_r1_0_63_57_59/RAMB/I","VRF/read/writeback","FDCE=1;LUT6=1;RAMD64E=1"
567,1.801,5.000,2.845,0.770,2.075,0.729,2,"vrf_wa_q_reg[1][0]/C","i_vrf/vrf_b1_reg_r1_0_63_60_62/RAMB/I","VRF/read/writeback","FDCE=1;LUT6=1;RAMD64E=1"
568,1.801,5.000,2.845,0.770,2.075,0.729,2,"vrf_wa_q_reg[1][0]/C","i_vrf/vrf_b1_reg_r1_0_63_6_8/RAMB/I","VRF/read/writeback","FDCE=1;LUT6=1;RAMD64E=1"
569,1.801,5.000,2.845,0.770,2.075,0.729,2,"vrf_wa_q_reg[1][0]/C","i_vrf/vrf_b1_reg_r1_0_63_9_11/RAMB/I","VRF/read/writeback","FDCE=1;LUT6=1;RAMD64E=1"
570,1.801,5.000,2.845,0.770,2.075,0.729,2,"vrf_wa_q_reg[1][0]/C","i_vrf/vrf_b1_reg_r2_0_63_0_2/RAMB/I","VRF/read/writeback","FDCE=1;LUT6=1;RAMD64E=2"
571,1.801,5.000,2.845,0.770,2.075,0.729,2,"vrf_wa_q_reg[1][0]/C","i_vrf/vrf_b1_reg_r2_0_63_12_14/RAMB/I","VRF/read/writeback","FDCE=1;LUT6=1;RAMD64E=2"
572,1.801,5.000,2.845,0.770,2.075,0.729,2,"vrf_wa_q_reg[1][0]/C","i_vrf/vrf_b1_reg_r2_0_63_15_17/RAMB/I","VRF/read/writeback","FDCE=1;LUT6=1;RAMD64E=2"
573,1.801,5.000,2.845,0.770,2.075,0.729,2,"vrf_wa_q_reg[1][0]/C","i_vrf/vrf_b1_reg_r2_0_63_18_20/RAMB/I","VRF/read/writeback","FDCE=1;LUT6=1;RAMD64E=2"
574,1.801,5.000,2.845,0.770,2.075,0.729,2,"vrf_wa_q_reg[1][0]/C","i_vrf/vrf_b1_reg_r2_0_63_21_23/RAMB/I","VRF/read/writeback","FDCE=1;LUT6=1;RAMD64E=2"
575,1.801,5.000,2.845,0.770,2.075,0.729,2,"vrf_wa_q_reg[1][0]/C","i_vrf/vrf_b1_reg_r2_0_63_24_26/RAMB/I","VRF/read/writeback","FDCE=1;LUT6=1;RAMD64E=2"
576,1.801,5.000,2.845,0.770,2.075,0.729,2,"vrf_wa_q_reg[1][0]/C","i_vrf/vrf_b1_reg_r2_0_63_27_29/RAMB/I","VRF/read/writeback","FDCE=1;LUT6=1;RAMD64E=2"
577,1.801,5.000,2.845,0.770,2.075,0.729,2,"vrf_wa_q_reg[1][0]/C","i_vrf/vrf_b1_reg_r2_0_63_30_32/RAMB/I","VRF/read/writeback","FDCE=1;LUT6=1;RAMD64E=2"
578,1.801,5.000,2.845,0.770,2.075,0.729,2,"vrf_wa_q_reg[1][0]/C","i_vrf/vrf_b1_reg_r2_0_63_33_35/RAMB/I","VRF/read/writeback","FDCE=1;LUT6=1;RAMD64E=2"
579,1.801,5.000,2.845,0.770,2.075,0.729,2,"vrf_wa_q_reg[1][0]/C","i_vrf/vrf_b1_reg_r2_0_63_36_38/RAMB/I","VRF/read/writeback","FDCE=1;LUT6=1;RAMD64E=2"
580,1.801,5.000,2.845,0.770,2.075,0.729,2,"vrf_wa_q_reg[1][0]/C","i_vrf/vrf_b1_reg_r2_0_63_39_41/RAMB/I","VRF/read/writeback","FDCE=1;LUT6=1;RAMD64E=2"
581,1.801,5.000,2.845,0.770,2.075,0.729,2,"vrf_wa_q_reg[1][0]/C","i_vrf/vrf_b1_reg_r2_0_63_3_5/RAMB/I","VRF/read/writeback","FDCE=1;LUT6=1;RAMD64E=2"
582,1.801,5.000,2.845,0.770,2.075,0.729,2,"vrf_wa_q_reg[1][0]/C","i_vrf/vrf_b1_reg_r2_0_63_42_44/RAMB/I","VRF/read/writeback","FDCE=1;LUT6=1;RAMD64E=2"
583,1.801,5.000,2.845,0.770,2.075,0.729,2,"vrf_wa_q_reg[1][0]/C","i_vrf/vrf_b1_reg_r2_0_63_45_47/RAMB/I","VRF/read/writeback","FDCE=1;LUT6=1;RAMD64E=2"
584,1.801,5.000,2.845,0.770,2.075,0.729,2,"vrf_wa_q_reg[1][0]/C","i_vrf/vrf_b1_reg_r2_0_63_48_50/RAMB/I","VRF/read/writeback","FDCE=1;LUT6=1;RAMD64E=2"
585,1.801,5.000,2.845,0.770,2.075,0.729,2,"vrf_wa_q_reg[1][0]/C","i_vrf/vrf_b1_reg_r2_0_63_51_53/RAMB/I","VRF/read/writeback","FDCE=1;LUT6=1;RAMD64E=2"
586,1.801,5.000,2.845,0.770,2.075,0.729,2,"vrf_wa_q_reg[1][0]/C","i_vrf/vrf_b1_reg_r2_0_63_54_56/RAMB/I","VRF/read/writeback","FDCE=1;LUT6=1;RAMD64E=2"
587,1.801,5.000,2.845,0.770,2.075,0.729,2,"vrf_wa_q_reg[1][0]/C","i_vrf/vrf_b1_reg_r2_0_63_57_59/RAMB/I","VRF/read/writeback","FDCE=1;LUT6=1;RAMD64E=2"
588,1.801,5.000,2.845,0.770,2.075,0.729,2,"vrf_wa_q_reg[1][0]/C","i_vrf/vrf_b1_reg_r2_0_63_60_62/RAMB/I","VRF/read/writeback","FDCE=1;LUT6=1;RAMD64E=2"
589,1.801,5.000,2.845,0.770,2.075,0.729,2,"vrf_wa_q_reg[1][0]/C","i_vrf/vrf_b1_reg_r2_0_63_6_8/RAMB/I","VRF/read/writeback","FDCE=1;LUT6=1;RAMD64E=2"
590,1.801,5.000,2.845,0.770,2.075,0.729,2,"vrf_wa_q_reg[1][0]/C","i_vrf/vrf_b1_reg_r2_0_63_9_11/RAMB/I","VRF/read/writeback","FDCE=1;LUT6=1;RAMD64E=2"
591,1.801,5.000,2.845,0.770,2.075,0.729,2,"vrf_wa_q_reg[2][0]/C","i_vrf/vrf_b2_reg_r1_0_63_0_2/RAMB/I","VRF/read/writeback","FDCE=1;LUT6=1;RAMD64E=1"
592,1.801,5.000,2.845,0.770,2.075,0.729,2,"vrf_wa_q_reg[2][0]/C","i_vrf/vrf_b2_reg_r1_0_63_12_14/RAMB/I","VRF/read/writeback","FDCE=1;LUT6=1;RAMD64E=1"
593,1.801,5.000,2.845,0.770,2.075,0.729,2,"vrf_wa_q_reg[2][0]/C","i_vrf/vrf_b2_reg_r1_0_63_15_17/RAMB/I","VRF/read/writeback","FDCE=1;LUT6=1;RAMD64E=1"
594,1.801,5.000,2.845,0.770,2.075,0.729,2,"vrf_wa_q_reg[2][0]/C","i_vrf/vrf_b2_reg_r1_0_63_18_20/RAMB/I","VRF/read/writeback","FDCE=1;LUT6=1;RAMD64E=1"
595,1.801,5.000,2.845,0.770,2.075,0.729,2,"vrf_wa_q_reg[2][0]/C","i_vrf/vrf_b2_reg_r1_0_63_21_23/RAMB/I","VRF/read/writeback","FDCE=1;LUT6=1;RAMD64E=1"
596,1.801,5.000,2.845,0.770,2.075,0.729,2,"vrf_wa_q_reg[2][0]/C","i_vrf/vrf_b2_reg_r1_0_63_24_26/RAMB/I","VRF/read/writeback","FDCE=1;LUT6=1;RAMD64E=1"
597,1.801,5.000,2.845,0.770,2.075,0.729,2,"vrf_wa_q_reg[2][0]/C","i_vrf/vrf_b2_reg_r1_0_63_27_29/RAMB/I","VRF/read/writeback","FDCE=1;LUT6=1;RAMD64E=1"
598,1.801,5.000,2.845,0.770,2.075,0.729,2,"vrf_wa_q_reg[2][0]/C","i_vrf/vrf_b2_reg_r1_0_63_30_32/RAMB/I","VRF/read/writeback","FDCE=1;LUT6=1;RAMD64E=1"
599,1.801,5.000,2.845,0.770,2.075,0.729,2,"vrf_wa_q_reg[2][0]/C","i_vrf/vrf_b2_reg_r1_0_63_33_35/RAMB/I","VRF/read/writeback","FDCE=1;LUT6=1;RAMD64E=1"
600,1.801,5.000,2.845,0.770,2.075,0.729,2,"vrf_wa_q_reg[2][0]/C","i_vrf/vrf_b2_reg_r1_0_63_36_38/RAMB/I","VRF/read/writeback","FDCE=1;LUT6=1;RAMD64E=1"
601,1.801,5.000,2.845,0.770,2.075,0.729,2,"vrf_wa_q_reg[2][0]/C","i_vrf/vrf_b2_reg_r1_0_63_39_41/RAMB/I","VRF/read/writeback","FDCE=1;LUT6=1;RAMD64E=1"
602,1.801,5.000,2.845,0.770,2.075,0.729,2,"vrf_wa_q_reg[2][0]/C","i_vrf/vrf_b2_reg_r1_0_63_3_5/RAMB/I","VRF/read/writeback","FDCE=1;LUT6=1;RAMD64E=1"
603,1.801,5.000,2.845,0.770,2.075,0.729,2,"vrf_wa_q_reg[2][0]/C","i_vrf/vrf_b2_reg_r1_0_63_42_44/RAMB/I","VRF/read/writeback","FDCE=1;LUT6=1;RAMD64E=1"
604,1.801,5.000,2.845,0.770,2.075,0.729,2,"vrf_wa_q_reg[2][0]/C","i_vrf/vrf_b2_reg_r1_0_63_45_47/RAMB/I","VRF/read/writeback","FDCE=1;LUT6=1;RAMD64E=1"
605,1.801,5.000,2.845,0.770,2.075,0.729,2,"vrf_wa_q_reg[2][0]/C","i_vrf/vrf_b2_reg_r1_0_63_48_50/RAMB/I","VRF/read/writeback","FDCE=1;LUT6=1;RAMD64E=1"
606,1.801,5.000,2.845,0.770,2.075,0.729,2,"vrf_wa_q_reg[2][0]/C","i_vrf/vrf_b2_reg_r1_0_63_51_53/RAMB/I","VRF/read/writeback","FDCE=1;LUT6=1;RAMD64E=1"
607,1.801,5.000,2.845,0.770,2.075,0.729,2,"vrf_wa_q_reg[2][0]/C","i_vrf/vrf_b2_reg_r1_0_63_54_56/RAMB/I","VRF/read/writeback","FDCE=1;LUT6=1;RAMD64E=1"
608,1.801,5.000,2.845,0.770,2.075,0.729,2,"vrf_wa_q_reg[2][0]/C","i_vrf/vrf_b2_reg_r1_0_63_57_59/RAMB/I","VRF/read/writeback","FDCE=1;LUT6=1;RAMD64E=1"
609,1.801,5.000,2.845,0.770,2.075,0.729,2,"vrf_wa_q_reg[2][0]/C","i_vrf/vrf_b2_reg_r1_0_63_60_62/RAMB/I","VRF/read/writeback","FDCE=1;LUT6=1;RAMD64E=1"
610,1.801,5.000,2.845,0.770,2.075,0.729,2,"vrf_wa_q_reg[2][0]/C","i_vrf/vrf_b2_reg_r1_0_63_6_8/RAMB/I","VRF/read/writeback","FDCE=1;LUT6=1;RAMD64E=1"
611,1.801,5.000,2.845,0.770,2.075,0.729,2,"vrf_wa_q_reg[2][0]/C","i_vrf/vrf_b2_reg_r1_0_63_9_11/RAMB/I","VRF/read/writeback","FDCE=1;LUT6=1;RAMD64E=1"
612,1.801,5.000,2.845,0.770,2.075,0.729,2,"vrf_wa_q_reg[2][0]/C","i_vrf/vrf_b2_reg_r2_0_63_0_2/RAMB/I","VRF/read/writeback","FDCE=1;LUT6=1;RAMD64E=2"
613,1.801,5.000,2.845,0.770,2.075,0.729,2,"vrf_wa_q_reg[2][0]/C","i_vrf/vrf_b2_reg_r2_0_63_12_14/RAMB/I","VRF/read/writeback","FDCE=1;LUT6=1;RAMD64E=2"
614,1.801,5.000,2.845,0.770,2.075,0.729,2,"vrf_wa_q_reg[2][0]/C","i_vrf/vrf_b2_reg_r2_0_63_15_17/RAMB/I","VRF/read/writeback","FDCE=1;LUT6=1;RAMD64E=2"
615,1.801,5.000,2.845,0.770,2.075,0.729,2,"vrf_wa_q_reg[2][0]/C","i_vrf/vrf_b2_reg_r2_0_63_18_20/RAMB/I","VRF/read/writeback","FDCE=1;LUT6=1;RAMD64E=2"
616,1.801,5.000,2.845,0.770,2.075,0.729,2,"vrf_wa_q_reg[2][0]/C","i_vrf/vrf_b2_reg_r2_0_63_21_23/RAMB/I","VRF/read/writeback","FDCE=1;LUT6=1;RAMD64E=2"
617,1.801,5.000,2.845,0.770,2.075,0.729,2,"vrf_wa_q_reg[2][0]/C","i_vrf/vrf_b2_reg_r2_0_63_24_26/RAMB/I","VRF/read/writeback","FDCE=1;LUT6=1;RAMD64E=2"
618,1.801,5.000,2.845,0.770,2.075,0.729,2,"vrf_wa_q_reg[2][0]/C","i_vrf/vrf_b2_reg_r2_0_63_27_29/RAMB/I","VRF/read/writeback","FDCE=1;LUT6=1;RAMD64E=2"
619,1.801,5.000,2.845,0.770,2.075,0.729,2,"vrf_wa_q_reg[2][0]/C","i_vrf/vrf_b2_reg_r2_0_63_30_32/RAMB/I","VRF/read/writeback","FDCE=1;LUT6=1;RAMD64E=2"
620,1.801,5.000,2.845,0.770,2.075,0.729,2,"vrf_wa_q_reg[2][0]/C","i_vrf/vrf_b2_reg_r2_0_63_33_35/RAMB/I","VRF/read/writeback","FDCE=1;LUT6=1;RAMD64E=2"
621,1.801,5.000,2.845,0.770,2.075,0.729,2,"vrf_wa_q_reg[2][0]/C","i_vrf/vrf_b2_reg_r2_0_63_36_38/RAMB/I","VRF/read/writeback","FDCE=1;LUT6=1;RAMD64E=2"
622,1.801,5.000,2.845,0.770,2.075,0.729,2,"vrf_wa_q_reg[2][0]/C","i_vrf/vrf_b2_reg_r2_0_63_39_41/RAMB/I","VRF/read/writeback","FDCE=1;LUT6=1;RAMD64E=2"
623,1.801,5.000,2.845,0.770,2.075,0.729,2,"vrf_wa_q_reg[2][0]/C","i_vrf/vrf_b2_reg_r2_0_63_3_5/RAMB/I","VRF/read/writeback","FDCE=1;LUT6=1;RAMD64E=2"
624,1.801,5.000,2.845,0.770,2.075,0.729,2,"vrf_wa_q_reg[2][0]/C","i_vrf/vrf_b2_reg_r2_0_63_42_44/RAMB/I","VRF/read/writeback","FDCE=1;LUT6=1;RAMD64E=2"
625,1.801,5.000,2.845,0.770,2.075,0.729,2,"vrf_wa_q_reg[2][0]/C","i_vrf/vrf_b2_reg_r2_0_63_45_47/RAMB/I","VRF/read/writeback","FDCE=1;LUT6=1;RAMD64E=2"
626,1.801,5.000,2.845,0.770,2.075,0.729,2,"vrf_wa_q_reg[2][0]/C","i_vrf/vrf_b2_reg_r2_0_63_48_50/RAMB/I","VRF/read/writeback","FDCE=1;LUT6=1;RAMD64E=2"
627,1.801,5.000,2.845,0.770,2.075,0.729,2,"vrf_wa_q_reg[2][0]/C","i_vrf/vrf_b2_reg_r2_0_63_51_53/RAMB/I","VRF/read/writeback","FDCE=1;LUT6=1;RAMD64E=2"
628,1.801,5.000,2.845,0.770,2.075,0.729,2,"vrf_wa_q_reg[2][0]/C","i_vrf/vrf_b2_reg_r2_0_63_54_56/RAMB/I","VRF/read/writeback","FDCE=1;LUT6=1;RAMD64E=2"
629,1.801,5.000,2.845,0.770,2.075,0.729,2,"vrf_wa_q_reg[2][0]/C","i_vrf/vrf_b2_reg_r2_0_63_57_59/RAMB/I","VRF/read/writeback","FDCE=1;LUT6=1;RAMD64E=2"
630,1.801,5.000,2.845,0.770,2.075,0.729,2,"vrf_wa_q_reg[2][0]/C","i_vrf/vrf_b2_reg_r2_0_63_60_62/RAMB/I","VRF/read/writeback","FDCE=1;LUT6=1;RAMD64E=2"
631,1.801,5.000,2.845,0.770,2.075,0.729,2,"vrf_wa_q_reg[2][0]/C","i_vrf/vrf_b2_reg_r2_0_63_6_8/RAMB/I","VRF/read/writeback","FDCE=1;LUT6=1;RAMD64E=2"
632,1.801,5.000,2.845,0.770,2.075,0.729,2,"vrf_wa_q_reg[2][0]/C","i_vrf/vrf_b2_reg_r2_0_63_9_11/RAMB/I","VRF/read/writeback","FDCE=1;LUT6=1;RAMD64E=2"
633,1.801,5.000,2.845,0.770,2.075,0.729,2,"vrf_wa_q_reg[3][0]/C","i_vrf/vrf_b3_reg_r1_0_63_0_2/RAMB/I","VRF/read/writeback","FDCE=1;LUT6=1;RAMD64E=1"
634,1.801,5.000,2.845,0.770,2.075,0.729,2,"vrf_wa_q_reg[3][0]/C","i_vrf/vrf_b3_reg_r1_0_63_12_14/RAMB/I","VRF/read/writeback","FDCE=1;LUT6=1;RAMD64E=1"
635,1.801,5.000,2.845,0.770,2.075,0.729,2,"vrf_wa_q_reg[3][0]/C","i_vrf/vrf_b3_reg_r1_0_63_15_17/RAMB/I","VRF/read/writeback","FDCE=1;LUT6=1;RAMD64E=1"
636,1.801,5.000,2.845,0.770,2.075,0.729,2,"vrf_wa_q_reg[3][0]/C","i_vrf/vrf_b3_reg_r1_0_63_18_20/RAMB/I","VRF/read/writeback","FDCE=1;LUT6=1;RAMD64E=1"
637,1.801,5.000,2.845,0.770,2.075,0.729,2,"vrf_wa_q_reg[3][0]/C","i_vrf/vrf_b3_reg_r1_0_63_21_23/RAMB/I","VRF/read/writeback","FDCE=1;LUT6=1;RAMD64E=1"
638,1.801,5.000,2.845,0.770,2.075,0.729,2,"vrf_wa_q_reg[3][0]/C","i_vrf/vrf_b3_reg_r1_0_63_24_26/RAMB/I","VRF/read/writeback","FDCE=1;LUT6=1;RAMD64E=1"
639,1.801,5.000,2.845,0.770,2.075,0.729,2,"vrf_wa_q_reg[3][0]/C","i_vrf/vrf_b3_reg_r1_0_63_27_29/RAMB/I","VRF/read/writeback","FDCE=1;LUT6=1;RAMD64E=1"
640,1.801,5.000,2.845,0.770,2.075,0.729,2,"vrf_wa_q_reg[3][0]/C","i_vrf/vrf_b3_reg_r1_0_63_30_32/RAMB/I","VRF/read/writeback","FDCE=1;LUT6=1;RAMD64E=1"
641,1.801,5.000,2.845,0.770,2.075,0.729,2,"vrf_wa_q_reg[3][0]/C","i_vrf/vrf_b3_reg_r1_0_63_33_35/RAMB/I","VRF/read/writeback","FDCE=1;LUT6=1;RAMD64E=1"
642,1.801,5.000,2.845,0.770,2.075,0.729,2,"vrf_wa_q_reg[3][0]/C","i_vrf/vrf_b3_reg_r1_0_63_36_38/RAMB/I","VRF/read/writeback","FDCE=1;LUT6=1;RAMD64E=1"
643,1.801,5.000,2.845,0.770,2.075,0.729,2,"vrf_wa_q_reg[3][0]/C","i_vrf/vrf_b3_reg_r1_0_63_39_41/RAMB/I","VRF/read/writeback","FDCE=1;LUT6=1;RAMD64E=1"
644,1.801,5.000,2.845,0.770,2.075,0.729,2,"vrf_wa_q_reg[3][0]/C","i_vrf/vrf_b3_reg_r1_0_63_3_5/RAMB/I","VRF/read/writeback","FDCE=1;LUT6=1;RAMD64E=1"
645,1.801,5.000,2.845,0.770,2.075,0.729,2,"vrf_wa_q_reg[3][0]/C","i_vrf/vrf_b3_reg_r1_0_63_42_44/RAMB/I","VRF/read/writeback","FDCE=1;LUT6=1;RAMD64E=1"
646,1.801,5.000,2.845,0.770,2.075,0.729,2,"vrf_wa_q_reg[3][0]/C","i_vrf/vrf_b3_reg_r1_0_63_45_47/RAMB/I","VRF/read/writeback","FDCE=1;LUT6=1;RAMD64E=1"
647,1.801,5.000,2.845,0.770,2.075,0.729,2,"vrf_wa_q_reg[3][0]/C","i_vrf/vrf_b3_reg_r1_0_63_48_50/RAMB/I","VRF/read/writeback","FDCE=1;LUT6=1;RAMD64E=1"
648,1.801,5.000,2.845,0.770,2.075,0.729,2,"vrf_wa_q_reg[3][0]/C","i_vrf/vrf_b3_reg_r1_0_63_51_53/RAMB/I","VRF/read/writeback","FDCE=1;LUT6=1;RAMD64E=1"
649,1.801,5.000,2.845,0.770,2.075,0.729,2,"vrf_wa_q_reg[3][0]/C","i_vrf/vrf_b3_reg_r1_0_63_54_56/RAMB/I","VRF/read/writeback","FDCE=1;LUT6=1;RAMD64E=1"
650,1.801,5.000,2.845,0.770,2.075,0.729,2,"vrf_wa_q_reg[3][0]/C","i_vrf/vrf_b3_reg_r1_0_63_57_59/RAMB/I","VRF/read/writeback","FDCE=1;LUT6=1;RAMD64E=1"
651,1.801,5.000,2.845,0.770,2.075,0.729,2,"vrf_wa_q_reg[3][0]/C","i_vrf/vrf_b3_reg_r1_0_63_60_62/RAMB/I","VRF/read/writeback","FDCE=1;LUT6=1;RAMD64E=1"
652,1.801,5.000,2.845,0.770,2.075,0.729,2,"vrf_wa_q_reg[3][0]/C","i_vrf/vrf_b3_reg_r1_0_63_6_8/RAMB/I","VRF/read/writeback","FDCE=1;LUT6=1;RAMD64E=1"
653,1.801,5.000,2.845,0.770,2.075,0.729,2,"vrf_wa_q_reg[3][0]/C","i_vrf/vrf_b3_reg_r1_0_63_9_11/RAMB/I","VRF/read/writeback","FDCE=1;LUT6=1;RAMD64E=1"
654,1.801,5.000,2.845,0.770,2.075,0.729,2,"vrf_wa_q_reg[3][0]/C","i_vrf/vrf_b3_reg_r2_0_63_0_2/RAMB/I","VRF/read/writeback","FDCE=1;LUT6=1;RAMD64E=2"
655,1.801,5.000,2.845,0.770,2.075,0.729,2,"vrf_wa_q_reg[3][0]/C","i_vrf/vrf_b3_reg_r2_0_63_12_14/RAMB/I","VRF/read/writeback","FDCE=1;LUT6=1;RAMD64E=2"
656,1.801,5.000,2.845,0.770,2.075,0.729,2,"vrf_wa_q_reg[3][0]/C","i_vrf/vrf_b3_reg_r2_0_63_15_17/RAMB/I","VRF/read/writeback","FDCE=1;LUT6=1;RAMD64E=2"
657,1.801,5.000,2.845,0.770,2.075,0.729,2,"vrf_wa_q_reg[3][0]/C","i_vrf/vrf_b3_reg_r2_0_63_18_20/RAMB/I","VRF/read/writeback","FDCE=1;LUT6=1;RAMD64E=2"
658,1.801,5.000,2.845,0.770,2.075,0.729,2,"vrf_wa_q_reg[3][0]/C","i_vrf/vrf_b3_reg_r2_0_63_21_23/RAMB/I","VRF/read/writeback","FDCE=1;LUT6=1;RAMD64E=2"
659,1.801,5.000,2.845,0.770,2.075,0.729,2,"vrf_wa_q_reg[3][0]/C","i_vrf/vrf_b3_reg_r2_0_63_24_26/RAMB/I","VRF/read/writeback","FDCE=1;LUT6=1;RAMD64E=2"
660,1.801,5.000,2.845,0.770,2.075,0.729,2,"vrf_wa_q_reg[3][0]/C","i_vrf/vrf_b3_reg_r2_0_63_27_29/RAMB/I","VRF/read/writeback","FDCE=1;LUT6=1;RAMD64E=2"
661,1.801,5.000,2.845,0.770,2.075,0.729,2,"vrf_wa_q_reg[3][0]/C","i_vrf/vrf_b3_reg_r2_0_63_30_32/RAMB/I","VRF/read/writeback","FDCE=1;LUT6=1;RAMD64E=2"
662,1.801,5.000,2.845,0.770,2.075,0.729,2,"vrf_wa_q_reg[3][0]/C","i_vrf/vrf_b3_reg_r2_0_63_33_35/RAMB/I","VRF/read/writeback","FDCE=1;LUT6=1;RAMD64E=2"
663,1.801,5.000,2.845,0.770,2.075,0.729,2,"vrf_wa_q_reg[3][0]/C","i_vrf/vrf_b3_reg_r2_0_63_36_38/RAMB/I","VRF/read/writeback","FDCE=1;LUT6=1;RAMD64E=2"
664,1.801,5.000,2.845,0.770,2.075,0.729,2,"vrf_wa_q_reg[3][0]/C","i_vrf/vrf_b3_reg_r2_0_63_39_41/RAMB/I","VRF/read/writeback","FDCE=1;LUT6=1;RAMD64E=2"
665,1.801,5.000,2.845,0.770,2.075,0.729,2,"vrf_wa_q_reg[3][0]/C","i_vrf/vrf_b3_reg_r2_0_63_3_5/RAMB/I","VRF/read/writeback","FDCE=1;LUT6=1;RAMD64E=2"
666,1.801,5.000,2.845,0.770,2.075,0.729,2,"vrf_wa_q_reg[3][0]/C","i_vrf/vrf_b3_reg_r2_0_63_42_44/RAMB/I","VRF/read/writeback","FDCE=1;LUT6=1;RAMD64E=2"
667,1.801,5.000,2.845,0.770,2.075,0.729,2,"vrf_wa_q_reg[3][0]/C","i_vrf/vrf_b3_reg_r2_0_63_45_47/RAMB/I","VRF/read/writeback","FDCE=1;LUT6=1;RAMD64E=2"
668,1.801,5.000,2.845,0.770,2.075,0.729,2,"vrf_wa_q_reg[3][0]/C","i_vrf/vrf_b3_reg_r2_0_63_48_50/RAMB/I","VRF/read/writeback","FDCE=1;LUT6=1;RAMD64E=2"
669,1.801,5.000,2.845,0.770,2.075,0.729,2,"vrf_wa_q_reg[3][0]/C","i_vrf/vrf_b3_reg_r2_0_63_51_53/RAMB/I","VRF/read/writeback","FDCE=1;LUT6=1;RAMD64E=2"
670,1.801,5.000,2.845,0.770,2.075,0.729,2,"vrf_wa_q_reg[3][0]/C","i_vrf/vrf_b3_reg_r2_0_63_54_56/RAMB/I","VRF/read/writeback","FDCE=1;LUT6=1;RAMD64E=2"
671,1.801,5.000,2.845,0.770,2.075,0.729,2,"vrf_wa_q_reg[3][0]/C","i_vrf/vrf_b3_reg_r2_0_63_57_59/RAMB/I","VRF/read/writeback","FDCE=1;LUT6=1;RAMD64E=2"
672,1.801,5.000,2.845,0.770,2.075,0.729,2,"vrf_wa_q_reg[3][0]/C","i_vrf/vrf_b3_reg_r2_0_63_60_62/RAMB/I","VRF/read/writeback","FDCE=1;LUT6=1;RAMD64E=2"
673,1.801,5.000,2.845,0.770,2.075,0.729,2,"vrf_wa_q_reg[3][0]/C","i_vrf/vrf_b3_reg_r2_0_63_6_8/RAMB/I","VRF/read/writeback","FDCE=1;LUT6=1;RAMD64E=2"
674,1.801,5.000,2.845,0.770,2.075,0.729,2,"vrf_wa_q_reg[3][0]/C","i_vrf/vrf_b3_reg_r2_0_63_9_11/RAMB/I","VRF/read/writeback","FDCE=1;LUT6=1;RAMD64E=2"
675,1.805,5.000,2.845,0.770,2.075,0.729,2,"vrf_wa_q_reg[0][0]/C","i_vrf/vrf_b0_reg_r1_0_63_0_2/RAMC/I","VRF/read/writeback","FDCE=1;LUT6=1;RAMD64E=1"
676,1.805,5.000,2.845,0.770,2.075,0.729,2,"vrf_wa_q_reg[0][0]/C","i_vrf/vrf_b0_reg_r1_0_63_12_14/RAMC/I","VRF/read/writeback","FDCE=1;LUT6=1;RAMD64E=1"
677,1.805,5.000,2.845,0.770,2.075,0.729,2,"vrf_wa_q_reg[0][0]/C","i_vrf/vrf_b0_reg_r1_0_63_15_17/RAMC/I","VRF/read/writeback","FDCE=1;LUT6=1;RAMD64E=1"
678,1.805,5.000,2.845,0.770,2.075,0.729,2,"vrf_wa_q_reg[0][0]/C","i_vrf/vrf_b0_reg_r1_0_63_18_20/RAMC/I","VRF/read/writeback","FDCE=1;LUT6=1;RAMD64E=1"
679,1.805,5.000,2.845,0.770,2.075,0.729,2,"vrf_wa_q_reg[0][0]/C","i_vrf/vrf_b0_reg_r1_0_63_21_23/RAMC/I","VRF/read/writeback","FDCE=1;LUT6=1;RAMD64E=1"
680,1.805,5.000,2.845,0.770,2.075,0.729,2,"vrf_wa_q_reg[0][0]/C","i_vrf/vrf_b0_reg_r1_0_63_24_26/RAMC/I","VRF/read/writeback","FDCE=1;LUT6=1;RAMD64E=1"
681,1.805,5.000,2.845,0.770,2.075,0.729,2,"vrf_wa_q_reg[0][0]/C","i_vrf/vrf_b0_reg_r1_0_63_27_29/RAMC/I","VRF/read/writeback","FDCE=1;LUT6=1;RAMD64E=1"
682,1.805,5.000,2.845,0.770,2.075,0.729,2,"vrf_wa_q_reg[0][0]/C","i_vrf/vrf_b0_reg_r1_0_63_30_32/RAMC/I","VRF/read/writeback","FDCE=1;LUT6=1;RAMD64E=1"
683,1.805,5.000,2.845,0.770,2.075,0.729,2,"vrf_wa_q_reg[0][0]/C","i_vrf/vrf_b0_reg_r1_0_63_33_35/RAMC/I","VRF/read/writeback","FDCE=1;LUT6=1;RAMD64E=1"
684,1.805,5.000,2.845,0.770,2.075,0.729,2,"vrf_wa_q_reg[0][0]/C","i_vrf/vrf_b0_reg_r1_0_63_36_38/RAMC/I","VRF/read/writeback","FDCE=1;LUT6=1;RAMD64E=1"
685,1.805,5.000,2.845,0.770,2.075,0.729,2,"vrf_wa_q_reg[0][0]/C","i_vrf/vrf_b0_reg_r1_0_63_39_41/RAMC/I","VRF/read/writeback","FDCE=1;LUT6=1;RAMD64E=1"
686,1.805,5.000,2.845,0.770,2.075,0.729,2,"vrf_wa_q_reg[0][0]/C","i_vrf/vrf_b0_reg_r1_0_63_3_5/RAMC/I","VRF/read/writeback","FDCE=1;LUT6=1;RAMD64E=1"
687,1.805,5.000,2.845,0.770,2.075,0.729,2,"vrf_wa_q_reg[0][0]/C","i_vrf/vrf_b0_reg_r1_0_63_42_44/RAMC/I","VRF/read/writeback","FDCE=1;LUT6=1;RAMD64E=1"
688,1.805,5.000,2.845,0.770,2.075,0.729,2,"vrf_wa_q_reg[0][0]/C","i_vrf/vrf_b0_reg_r1_0_63_45_47/RAMC/I","VRF/read/writeback","FDCE=1;LUT6=1;RAMD64E=1"
689,1.805,5.000,2.845,0.770,2.075,0.729,2,"vrf_wa_q_reg[0][0]/C","i_vrf/vrf_b0_reg_r1_0_63_48_50/RAMC/I","VRF/read/writeback","FDCE=1;LUT6=1;RAMD64E=1"
690,1.805,5.000,2.845,0.770,2.075,0.729,2,"vrf_wa_q_reg[0][0]/C","i_vrf/vrf_b0_reg_r1_0_63_51_53/RAMC/I","VRF/read/writeback","FDCE=1;LUT6=1;RAMD64E=1"
691,1.805,5.000,2.845,0.770,2.075,0.729,2,"vrf_wa_q_reg[0][0]/C","i_vrf/vrf_b0_reg_r1_0_63_54_56/RAMC/I","VRF/read/writeback","FDCE=1;LUT6=1;RAMD64E=1"
692,1.805,5.000,2.845,0.770,2.075,0.729,2,"vrf_wa_q_reg[0][0]/C","i_vrf/vrf_b0_reg_r1_0_63_57_59/RAMC/I","VRF/read/writeback","FDCE=1;LUT6=1;RAMD64E=1"
693,1.805,5.000,2.845,0.770,2.075,0.729,2,"vrf_wa_q_reg[0][0]/C","i_vrf/vrf_b0_reg_r1_0_63_60_62/RAMC/I","VRF/read/writeback","FDCE=1;LUT6=1;RAMD64E=1"
694,1.805,5.000,2.845,0.770,2.075,0.729,2,"vrf_wa_q_reg[0][0]/C","i_vrf/vrf_b0_reg_r1_0_63_6_8/RAMC/I","VRF/read/writeback","FDCE=1;LUT6=1;RAMD64E=1"
695,1.805,5.000,2.845,0.770,2.075,0.729,2,"vrf_wa_q_reg[0][0]/C","i_vrf/vrf_b0_reg_r1_0_63_9_11/RAMC/I","VRF/read/writeback","FDCE=1;LUT6=1;RAMD64E=1"
696,1.805,5.000,2.845,0.770,2.075,0.729,2,"vrf_wa_q_reg[0][0]/C","i_vrf/vrf_b0_reg_r2_0_63_0_2/RAMC/I","VRF/read/writeback","FDCE=1;LUT6=1;RAMD64E=2"
697,1.805,5.000,2.845,0.770,2.075,0.729,2,"vrf_wa_q_reg[0][0]/C","i_vrf/vrf_b0_reg_r2_0_63_12_14/RAMC/I","VRF/read/writeback","FDCE=1;LUT6=1;RAMD64E=2"
698,1.805,5.000,2.845,0.770,2.075,0.729,2,"vrf_wa_q_reg[0][0]/C","i_vrf/vrf_b0_reg_r2_0_63_15_17/RAMC/I","VRF/read/writeback","FDCE=1;LUT6=1;RAMD64E=2"
699,1.805,5.000,2.845,0.770,2.075,0.729,2,"vrf_wa_q_reg[0][0]/C","i_vrf/vrf_b0_reg_r2_0_63_18_20/RAMC/I","VRF/read/writeback","FDCE=1;LUT6=1;RAMD64E=2"
700,1.805,5.000,2.845,0.770,2.075,0.729,2,"vrf_wa_q_reg[0][0]/C","i_vrf/vrf_b0_reg_r2_0_63_21_23/RAMC/I","VRF/read/writeback","FDCE=1;LUT6=1;RAMD64E=2"
701,1.805,5.000,2.845,0.770,2.075,0.729,2,"vrf_wa_q_reg[0][0]/C","i_vrf/vrf_b0_reg_r2_0_63_24_26/RAMC/I","VRF/read/writeback","FDCE=1;LUT6=1;RAMD64E=2"
702,1.805,5.000,2.845,0.770,2.075,0.729,2,"vrf_wa_q_reg[0][0]/C","i_vrf/vrf_b0_reg_r2_0_63_27_29/RAMC/I","VRF/read/writeback","FDCE=1;LUT6=1;RAMD64E=2"
703,1.805,5.000,2.845,0.770,2.075,0.729,2,"vrf_wa_q_reg[0][0]/C","i_vrf/vrf_b0_reg_r2_0_63_30_32/RAMC/I","VRF/read/writeback","FDCE=1;LUT6=1;RAMD64E=2"
704,1.805,5.000,2.845,0.770,2.075,0.729,2,"vrf_wa_q_reg[0][0]/C","i_vrf/vrf_b0_reg_r2_0_63_33_35/RAMC/I","VRF/read/writeback","FDCE=1;LUT6=1;RAMD64E=2"
705,1.805,5.000,2.845,0.770,2.075,0.729,2,"vrf_wa_q_reg[0][0]/C","i_vrf/vrf_b0_reg_r2_0_63_36_38/RAMC/I","VRF/read/writeback","FDCE=1;LUT6=1;RAMD64E=2"
706,1.805,5.000,2.845,0.770,2.075,0.729,2,"vrf_wa_q_reg[0][0]/C","i_vrf/vrf_b0_reg_r2_0_63_39_41/RAMC/I","VRF/read/writeback","FDCE=1;LUT6=1;RAMD64E=2"
707,1.805,5.000,2.845,0.770,2.075,0.729,2,"vrf_wa_q_reg[0][0]/C","i_vrf/vrf_b0_reg_r2_0_63_3_5/RAMC/I","VRF/read/writeback","FDCE=1;LUT6=1;RAMD64E=2"
708,1.805,5.000,2.845,0.770,2.075,0.729,2,"vrf_wa_q_reg[0][0]/C","i_vrf/vrf_b0_reg_r2_0_63_42_44/RAMC/I","VRF/read/writeback","FDCE=1;LUT6=1;RAMD64E=2"
709,1.805,5.000,2.845,0.770,2.075,0.729,2,"vrf_wa_q_reg[0][0]/C","i_vrf/vrf_b0_reg_r2_0_63_45_47/RAMC/I","VRF/read/writeback","FDCE=1;LUT6=1;RAMD64E=2"
710,1.805,5.000,2.845,0.770,2.075,0.729,2,"vrf_wa_q_reg[0][0]/C","i_vrf/vrf_b0_reg_r2_0_63_48_50/RAMC/I","VRF/read/writeback","FDCE=1;LUT6=1;RAMD64E=2"
711,1.805,5.000,2.845,0.770,2.075,0.729,2,"vrf_wa_q_reg[0][0]/C","i_vrf/vrf_b0_reg_r2_0_63_51_53/RAMC/I","VRF/read/writeback","FDCE=1;LUT6=1;RAMD64E=2"
712,1.805,5.000,2.845,0.770,2.075,0.729,2,"vrf_wa_q_reg[0][0]/C","i_vrf/vrf_b0_reg_r2_0_63_54_56/RAMC/I","VRF/read/writeback","FDCE=1;LUT6=1;RAMD64E=2"
713,1.805,5.000,2.845,0.770,2.075,0.729,2,"vrf_wa_q_reg[0][0]/C","i_vrf/vrf_b0_reg_r2_0_63_57_59/RAMC/I","VRF/read/writeback","FDCE=1;LUT6=1;RAMD64E=2"
714,1.805,5.000,2.845,0.770,2.075,0.729,2,"vrf_wa_q_reg[0][0]/C","i_vrf/vrf_b0_reg_r2_0_63_60_62/RAMC/I","VRF/read/writeback","FDCE=1;LUT6=1;RAMD64E=2"
715,1.805,5.000,2.845,0.770,2.075,0.729,2,"vrf_wa_q_reg[0][0]/C","i_vrf/vrf_b0_reg_r2_0_63_6_8/RAMC/I","VRF/read/writeback","FDCE=1;LUT6=1;RAMD64E=2"
716,1.805,5.000,2.845,0.770,2.075,0.729,2,"vrf_wa_q_reg[0][0]/C","i_vrf/vrf_b0_reg_r2_0_63_9_11/RAMC/I","VRF/read/writeback","FDCE=1;LUT6=1;RAMD64E=2"
717,1.805,5.000,2.845,0.770,2.075,0.729,2,"vrf_wa_q_reg[1][0]/C","i_vrf/vrf_b1_reg_r1_0_63_0_2/RAMC/I","VRF/read/writeback","FDCE=1;LUT6=1;RAMD64E=1"
718,1.805,5.000,2.845,0.770,2.075,0.729,2,"vrf_wa_q_reg[1][0]/C","i_vrf/vrf_b1_reg_r1_0_63_12_14/RAMC/I","VRF/read/writeback","FDCE=1;LUT6=1;RAMD64E=1"
719,1.805,5.000,2.845,0.770,2.075,0.729,2,"vrf_wa_q_reg[1][0]/C","i_vrf/vrf_b1_reg_r1_0_63_15_17/RAMC/I","VRF/read/writeback","FDCE=1;LUT6=1;RAMD64E=1"
720,1.805,5.000,2.845,0.770,2.075,0.729,2,"vrf_wa_q_reg[1][0]/C","i_vrf/vrf_b1_reg_r1_0_63_18_20/RAMC/I","VRF/read/writeback","FDCE=1;LUT6=1;RAMD64E=1"
721,1.805,5.000,2.845,0.770,2.075,0.729,2,"vrf_wa_q_reg[1][0]/C","i_vrf/vrf_b1_reg_r1_0_63_21_23/RAMC/I","VRF/read/writeback","FDCE=1;LUT6=1;RAMD64E=1"
722,1.805,5.000,2.845,0.770,2.075,0.729,2,"vrf_wa_q_reg[1][0]/C","i_vrf/vrf_b1_reg_r1_0_63_24_26/RAMC/I","VRF/read/writeback","FDCE=1;LUT6=1;RAMD64E=1"
723,1.805,5.000,2.845,0.770,2.075,0.729,2,"vrf_wa_q_reg[1][0]/C","i_vrf/vrf_b1_reg_r1_0_63_27_29/RAMC/I","VRF/read/writeback","FDCE=1;LUT6=1;RAMD64E=1"
724,1.805,5.000,2.845,0.770,2.075,0.729,2,"vrf_wa_q_reg[1][0]/C","i_vrf/vrf_b1_reg_r1_0_63_30_32/RAMC/I","VRF/read/writeback","FDCE=1;LUT6=1;RAMD64E=1"
725,1.805,5.000,2.845,0.770,2.075,0.729,2,"vrf_wa_q_reg[1][0]/C","i_vrf/vrf_b1_reg_r1_0_63_33_35/RAMC/I","VRF/read/writeback","FDCE=1;LUT6=1;RAMD64E=1"
726,1.805,5.000,2.845,0.770,2.075,0.729,2,"vrf_wa_q_reg[1][0]/C","i_vrf/vrf_b1_reg_r1_0_63_36_38/RAMC/I","VRF/read/writeback","FDCE=1;LUT6=1;RAMD64E=1"
727,1.805,5.000,2.845,0.770,2.075,0.729,2,"vrf_wa_q_reg[1][0]/C","i_vrf/vrf_b1_reg_r1_0_63_39_41/RAMC/I","VRF/read/writeback","FDCE=1;LUT6=1;RAMD64E=1"
728,1.805,5.000,2.845,0.770,2.075,0.729,2,"vrf_wa_q_reg[1][0]/C","i_vrf/vrf_b1_reg_r1_0_63_3_5/RAMC/I","VRF/read/writeback","FDCE=1;LUT6=1;RAMD64E=1"
729,1.805,5.000,2.845,0.770,2.075,0.729,2,"vrf_wa_q_reg[1][0]/C","i_vrf/vrf_b1_reg_r1_0_63_42_44/RAMC/I","VRF/read/writeback","FDCE=1;LUT6=1;RAMD64E=1"
730,1.805,5.000,2.845,0.770,2.075,0.729,2,"vrf_wa_q_reg[1][0]/C","i_vrf/vrf_b1_reg_r1_0_63_45_47/RAMC/I","VRF/read/writeback","FDCE=1;LUT6=1;RAMD64E=1"
731,1.805,5.000,2.845,0.770,2.075,0.729,2,"vrf_wa_q_reg[1][0]/C","i_vrf/vrf_b1_reg_r1_0_63_48_50/RAMC/I","VRF/read/writeback","FDCE=1;LUT6=1;RAMD64E=1"
732,1.805,5.000,2.845,0.770,2.075,0.729,2,"vrf_wa_q_reg[1][0]/C","i_vrf/vrf_b1_reg_r1_0_63_51_53/RAMC/I","VRF/read/writeback","FDCE=1;LUT6=1;RAMD64E=1"
733,1.805,5.000,2.845,0.770,2.075,0.729,2,"vrf_wa_q_reg[1][0]/C","i_vrf/vrf_b1_reg_r1_0_63_54_56/RAMC/I","VRF/read/writeback","FDCE=1;LUT6=1;RAMD64E=1"
734,1.805,5.000,2.845,0.770,2.075,0.729,2,"vrf_wa_q_reg[1][0]/C","i_vrf/vrf_b1_reg_r1_0_63_57_59/RAMC/I","VRF/read/writeback","FDCE=1;LUT6=1;RAMD64E=1"
735,1.805,5.000,2.845,0.770,2.075,0.729,2,"vrf_wa_q_reg[1][0]/C","i_vrf/vrf_b1_reg_r1_0_63_60_62/RAMC/I","VRF/read/writeback","FDCE=1;LUT6=1;RAMD64E=1"
736,1.805,5.000,2.845,0.770,2.075,0.729,2,"vrf_wa_q_reg[1][0]/C","i_vrf/vrf_b1_reg_r1_0_63_6_8/RAMC/I","VRF/read/writeback","FDCE=1;LUT6=1;RAMD64E=1"
737,1.805,5.000,2.845,0.770,2.075,0.729,2,"vrf_wa_q_reg[1][0]/C","i_vrf/vrf_b1_reg_r1_0_63_9_11/RAMC/I","VRF/read/writeback","FDCE=1;LUT6=1;RAMD64E=1"
738,1.805,5.000,2.845,0.770,2.075,0.729,2,"vrf_wa_q_reg[1][0]/C","i_vrf/vrf_b1_reg_r2_0_63_0_2/RAMC/I","VRF/read/writeback","FDCE=1;LUT6=1;RAMD64E=2"
739,1.805,5.000,2.845,0.770,2.075,0.729,2,"vrf_wa_q_reg[1][0]/C","i_vrf/vrf_b1_reg_r2_0_63_12_14/RAMC/I","VRF/read/writeback","FDCE=1;LUT6=1;RAMD64E=2"
740,1.805,5.000,2.845,0.770,2.075,0.729,2,"vrf_wa_q_reg[1][0]/C","i_vrf/vrf_b1_reg_r2_0_63_15_17/RAMC/I","VRF/read/writeback","FDCE=1;LUT6=1;RAMD64E=2"
741,1.805,5.000,2.845,0.770,2.075,0.729,2,"vrf_wa_q_reg[1][0]/C","i_vrf/vrf_b1_reg_r2_0_63_18_20/RAMC/I","VRF/read/writeback","FDCE=1;LUT6=1;RAMD64E=2"
742,1.805,5.000,2.845,0.770,2.075,0.729,2,"vrf_wa_q_reg[1][0]/C","i_vrf/vrf_b1_reg_r2_0_63_21_23/RAMC/I","VRF/read/writeback","FDCE=1;LUT6=1;RAMD64E=2"
743,1.805,5.000,2.845,0.770,2.075,0.729,2,"vrf_wa_q_reg[1][0]/C","i_vrf/vrf_b1_reg_r2_0_63_24_26/RAMC/I","VRF/read/writeback","FDCE=1;LUT6=1;RAMD64E=2"
744,1.805,5.000,2.845,0.770,2.075,0.729,2,"vrf_wa_q_reg[1][0]/C","i_vrf/vrf_b1_reg_r2_0_63_27_29/RAMC/I","VRF/read/writeback","FDCE=1;LUT6=1;RAMD64E=2"
745,1.805,5.000,2.845,0.770,2.075,0.729,2,"vrf_wa_q_reg[1][0]/C","i_vrf/vrf_b1_reg_r2_0_63_30_32/RAMC/I","VRF/read/writeback","FDCE=1;LUT6=1;RAMD64E=2"
746,1.805,5.000,2.845,0.770,2.075,0.729,2,"vrf_wa_q_reg[1][0]/C","i_vrf/vrf_b1_reg_r2_0_63_33_35/RAMC/I","VRF/read/writeback","FDCE=1;LUT6=1;RAMD64E=2"
747,1.805,5.000,2.845,0.770,2.075,0.729,2,"vrf_wa_q_reg[1][0]/C","i_vrf/vrf_b1_reg_r2_0_63_36_38/RAMC/I","VRF/read/writeback","FDCE=1;LUT6=1;RAMD64E=2"
748,1.805,5.000,2.845,0.770,2.075,0.729,2,"vrf_wa_q_reg[1][0]/C","i_vrf/vrf_b1_reg_r2_0_63_39_41/RAMC/I","VRF/read/writeback","FDCE=1;LUT6=1;RAMD64E=2"
749,1.805,5.000,2.845,0.770,2.075,0.729,2,"vrf_wa_q_reg[1][0]/C","i_vrf/vrf_b1_reg_r2_0_63_3_5/RAMC/I","VRF/read/writeback","FDCE=1;LUT6=1;RAMD64E=2"
750,1.805,5.000,2.845,0.770,2.075,0.729,2,"vrf_wa_q_reg[1][0]/C","i_vrf/vrf_b1_reg_r2_0_63_42_44/RAMC/I","VRF/read/writeback","FDCE=1;LUT6=1;RAMD64E=2"
751,1.805,5.000,2.845,0.770,2.075,0.729,2,"vrf_wa_q_reg[1][0]/C","i_vrf/vrf_b1_reg_r2_0_63_45_47/RAMC/I","VRF/read/writeback","FDCE=1;LUT6=1;RAMD64E=2"
752,1.805,5.000,2.845,0.770,2.075,0.729,2,"vrf_wa_q_reg[1][0]/C","i_vrf/vrf_b1_reg_r2_0_63_48_50/RAMC/I","VRF/read/writeback","FDCE=1;LUT6=1;RAMD64E=2"
753,1.805,5.000,2.845,0.770,2.075,0.729,2,"vrf_wa_q_reg[1][0]/C","i_vrf/vrf_b1_reg_r2_0_63_51_53/RAMC/I","VRF/read/writeback","FDCE=1;LUT6=1;RAMD64E=2"
754,1.805,5.000,2.845,0.770,2.075,0.729,2,"vrf_wa_q_reg[1][0]/C","i_vrf/vrf_b1_reg_r2_0_63_54_56/RAMC/I","VRF/read/writeback","FDCE=1;LUT6=1;RAMD64E=2"
755,1.805,5.000,2.845,0.770,2.075,0.729,2,"vrf_wa_q_reg[1][0]/C","i_vrf/vrf_b1_reg_r2_0_63_57_59/RAMC/I","VRF/read/writeback","FDCE=1;LUT6=1;RAMD64E=2"
756,1.805,5.000,2.845,0.770,2.075,0.729,2,"vrf_wa_q_reg[1][0]/C","i_vrf/vrf_b1_reg_r2_0_63_60_62/RAMC/I","VRF/read/writeback","FDCE=1;LUT6=1;RAMD64E=2"
757,1.805,5.000,2.845,0.770,2.075,0.729,2,"vrf_wa_q_reg[1][0]/C","i_vrf/vrf_b1_reg_r2_0_63_6_8/RAMC/I","VRF/read/writeback","FDCE=1;LUT6=1;RAMD64E=2"
758,1.805,5.000,2.845,0.770,2.075,0.729,2,"vrf_wa_q_reg[1][0]/C","i_vrf/vrf_b1_reg_r2_0_63_9_11/RAMC/I","VRF/read/writeback","FDCE=1;LUT6=1;RAMD64E=2"
759,1.805,5.000,2.845,0.770,2.075,0.729,2,"vrf_wa_q_reg[2][0]/C","i_vrf/vrf_b2_reg_r1_0_63_0_2/RAMC/I","VRF/read/writeback","FDCE=1;LUT6=1;RAMD64E=1"
760,1.805,5.000,2.845,0.770,2.075,0.729,2,"vrf_wa_q_reg[2][0]/C","i_vrf/vrf_b2_reg_r1_0_63_12_14/RAMC/I","VRF/read/writeback","FDCE=1;LUT6=1;RAMD64E=1"
761,1.805,5.000,2.845,0.770,2.075,0.729,2,"vrf_wa_q_reg[2][0]/C","i_vrf/vrf_b2_reg_r1_0_63_15_17/RAMC/I","VRF/read/writeback","FDCE=1;LUT6=1;RAMD64E=1"
762,1.805,5.000,2.845,0.770,2.075,0.729,2,"vrf_wa_q_reg[2][0]/C","i_vrf/vrf_b2_reg_r1_0_63_18_20/RAMC/I","VRF/read/writeback","FDCE=1;LUT6=1;RAMD64E=1"
763,1.805,5.000,2.845,0.770,2.075,0.729,2,"vrf_wa_q_reg[2][0]/C","i_vrf/vrf_b2_reg_r1_0_63_21_23/RAMC/I","VRF/read/writeback","FDCE=1;LUT6=1;RAMD64E=1"
764,1.805,5.000,2.845,0.770,2.075,0.729,2,"vrf_wa_q_reg[2][0]/C","i_vrf/vrf_b2_reg_r1_0_63_24_26/RAMC/I","VRF/read/writeback","FDCE=1;LUT6=1;RAMD64E=1"
765,1.805,5.000,2.845,0.770,2.075,0.729,2,"vrf_wa_q_reg[2][0]/C","i_vrf/vrf_b2_reg_r1_0_63_27_29/RAMC/I","VRF/read/writeback","FDCE=1;LUT6=1;RAMD64E=1"
766,1.805,5.000,2.845,0.770,2.075,0.729,2,"vrf_wa_q_reg[2][0]/C","i_vrf/vrf_b2_reg_r1_0_63_30_32/RAMC/I","VRF/read/writeback","FDCE=1;LUT6=1;RAMD64E=1"
767,1.805,5.000,2.845,0.770,2.075,0.729,2,"vrf_wa_q_reg[2][0]/C","i_vrf/vrf_b2_reg_r1_0_63_33_35/RAMC/I","VRF/read/writeback","FDCE=1;LUT6=1;RAMD64E=1"
768,1.805,5.000,2.845,0.770,2.075,0.729,2,"vrf_wa_q_reg[2][0]/C","i_vrf/vrf_b2_reg_r1_0_63_36_38/RAMC/I","VRF/read/writeback","FDCE=1;LUT6=1;RAMD64E=1"
769,1.805,5.000,2.845,0.770,2.075,0.729,2,"vrf_wa_q_reg[2][0]/C","i_vrf/vrf_b2_reg_r1_0_63_39_41/RAMC/I","VRF/read/writeback","FDCE=1;LUT6=1;RAMD64E=1"
770,1.805,5.000,2.845,0.770,2.075,0.729,2,"vrf_wa_q_reg[2][0]/C","i_vrf/vrf_b2_reg_r1_0_63_3_5/RAMC/I","VRF/read/writeback","FDCE=1;LUT6=1;RAMD64E=1"
771,1.805,5.000,2.845,0.770,2.075,0.729,2,"vrf_wa_q_reg[2][0]/C","i_vrf/vrf_b2_reg_r1_0_63_42_44/RAMC/I","VRF/read/writeback","FDCE=1;LUT6=1;RAMD64E=1"
772,1.805,5.000,2.845,0.770,2.075,0.729,2,"vrf_wa_q_reg[2][0]/C","i_vrf/vrf_b2_reg_r1_0_63_45_47/RAMC/I","VRF/read/writeback","FDCE=1;LUT6=1;RAMD64E=1"
773,1.805,5.000,2.845,0.770,2.075,0.729,2,"vrf_wa_q_reg[2][0]/C","i_vrf/vrf_b2_reg_r1_0_63_48_50/RAMC/I","VRF/read/writeback","FDCE=1;LUT6=1;RAMD64E=1"
774,1.805,5.000,2.845,0.770,2.075,0.729,2,"vrf_wa_q_reg[2][0]/C","i_vrf/vrf_b2_reg_r1_0_63_51_53/RAMC/I","VRF/read/writeback","FDCE=1;LUT6=1;RAMD64E=1"
775,1.805,5.000,2.845,0.770,2.075,0.729,2,"vrf_wa_q_reg[2][0]/C","i_vrf/vrf_b2_reg_r1_0_63_54_56/RAMC/I","VRF/read/writeback","FDCE=1;LUT6=1;RAMD64E=1"
776,1.805,5.000,2.845,0.770,2.075,0.729,2,"vrf_wa_q_reg[2][0]/C","i_vrf/vrf_b2_reg_r1_0_63_57_59/RAMC/I","VRF/read/writeback","FDCE=1;LUT6=1;RAMD64E=1"
777,1.805,5.000,2.845,0.770,2.075,0.729,2,"vrf_wa_q_reg[2][0]/C","i_vrf/vrf_b2_reg_r1_0_63_60_62/RAMC/I","VRF/read/writeback","FDCE=1;LUT6=1;RAMD64E=1"
778,1.805,5.000,2.845,0.770,2.075,0.729,2,"vrf_wa_q_reg[2][0]/C","i_vrf/vrf_b2_reg_r1_0_63_6_8/RAMC/I","VRF/read/writeback","FDCE=1;LUT6=1;RAMD64E=1"
779,1.805,5.000,2.845,0.770,2.075,0.729,2,"vrf_wa_q_reg[2][0]/C","i_vrf/vrf_b2_reg_r1_0_63_9_11/RAMC/I","VRF/read/writeback","FDCE=1;LUT6=1;RAMD64E=1"
780,1.805,5.000,2.845,0.770,2.075,0.729,2,"vrf_wa_q_reg[2][0]/C","i_vrf/vrf_b2_reg_r2_0_63_0_2/RAMC/I","VRF/read/writeback","FDCE=1;LUT6=1;RAMD64E=2"
781,1.805,5.000,2.845,0.770,2.075,0.729,2,"vrf_wa_q_reg[2][0]/C","i_vrf/vrf_b2_reg_r2_0_63_12_14/RAMC/I","VRF/read/writeback","FDCE=1;LUT6=1;RAMD64E=2"
782,1.805,5.000,2.845,0.770,2.075,0.729,2,"vrf_wa_q_reg[2][0]/C","i_vrf/vrf_b2_reg_r2_0_63_15_17/RAMC/I","VRF/read/writeback","FDCE=1;LUT6=1;RAMD64E=2"
783,1.805,5.000,2.845,0.770,2.075,0.729,2,"vrf_wa_q_reg[2][0]/C","i_vrf/vrf_b2_reg_r2_0_63_18_20/RAMC/I","VRF/read/writeback","FDCE=1;LUT6=1;RAMD64E=2"
784,1.805,5.000,2.845,0.770,2.075,0.729,2,"vrf_wa_q_reg[2][0]/C","i_vrf/vrf_b2_reg_r2_0_63_21_23/RAMC/I","VRF/read/writeback","FDCE=1;LUT6=1;RAMD64E=2"
785,1.805,5.000,2.845,0.770,2.075,0.729,2,"vrf_wa_q_reg[2][0]/C","i_vrf/vrf_b2_reg_r2_0_63_24_26/RAMC/I","VRF/read/writeback","FDCE=1;LUT6=1;RAMD64E=2"
786,1.805,5.000,2.845,0.770,2.075,0.729,2,"vrf_wa_q_reg[2][0]/C","i_vrf/vrf_b2_reg_r2_0_63_27_29/RAMC/I","VRF/read/writeback","FDCE=1;LUT6=1;RAMD64E=2"
787,1.805,5.000,2.845,0.770,2.075,0.729,2,"vrf_wa_q_reg[2][0]/C","i_vrf/vrf_b2_reg_r2_0_63_30_32/RAMC/I","VRF/read/writeback","FDCE=1;LUT6=1;RAMD64E=2"
788,1.805,5.000,2.845,0.770,2.075,0.729,2,"vrf_wa_q_reg[2][0]/C","i_vrf/vrf_b2_reg_r2_0_63_33_35/RAMC/I","VRF/read/writeback","FDCE=1;LUT6=1;RAMD64E=2"
789,1.805,5.000,2.845,0.770,2.075,0.729,2,"vrf_wa_q_reg[2][0]/C","i_vrf/vrf_b2_reg_r2_0_63_36_38/RAMC/I","VRF/read/writeback","FDCE=1;LUT6=1;RAMD64E=2"
790,1.805,5.000,2.845,0.770,2.075,0.729,2,"vrf_wa_q_reg[2][0]/C","i_vrf/vrf_b2_reg_r2_0_63_39_41/RAMC/I","VRF/read/writeback","FDCE=1;LUT6=1;RAMD64E=2"
791,1.805,5.000,2.845,0.770,2.075,0.729,2,"vrf_wa_q_reg[2][0]/C","i_vrf/vrf_b2_reg_r2_0_63_3_5/RAMC/I","VRF/read/writeback","FDCE=1;LUT6=1;RAMD64E=2"
792,1.805,5.000,2.845,0.770,2.075,0.729,2,"vrf_wa_q_reg[2][0]/C","i_vrf/vrf_b2_reg_r2_0_63_42_44/RAMC/I","VRF/read/writeback","FDCE=1;LUT6=1;RAMD64E=2"
793,1.805,5.000,2.845,0.770,2.075,0.729,2,"vrf_wa_q_reg[2][0]/C","i_vrf/vrf_b2_reg_r2_0_63_45_47/RAMC/I","VRF/read/writeback","FDCE=1;LUT6=1;RAMD64E=2"
794,1.805,5.000,2.845,0.770,2.075,0.729,2,"vrf_wa_q_reg[2][0]/C","i_vrf/vrf_b2_reg_r2_0_63_48_50/RAMC/I","VRF/read/writeback","FDCE=1;LUT6=1;RAMD64E=2"
795,1.805,5.000,2.845,0.770,2.075,0.729,2,"vrf_wa_q_reg[2][0]/C","i_vrf/vrf_b2_reg_r2_0_63_51_53/RAMC/I","VRF/read/writeback","FDCE=1;LUT6=1;RAMD64E=2"
796,1.805,5.000,2.845,0.770,2.075,0.729,2,"vrf_wa_q_reg[2][0]/C","i_vrf/vrf_b2_reg_r2_0_63_54_56/RAMC/I","VRF/read/writeback","FDCE=1;LUT6=1;RAMD64E=2"
797,1.805,5.000,2.845,0.770,2.075,0.729,2,"vrf_wa_q_reg[2][0]/C","i_vrf/vrf_b2_reg_r2_0_63_57_59/RAMC/I","VRF/read/writeback","FDCE=1;LUT6=1;RAMD64E=2"
798,1.805,5.000,2.845,0.770,2.075,0.729,2,"vrf_wa_q_reg[2][0]/C","i_vrf/vrf_b2_reg_r2_0_63_60_62/RAMC/I","VRF/read/writeback","FDCE=1;LUT6=1;RAMD64E=2"
799,1.805,5.000,2.845,0.770,2.075,0.729,2,"vrf_wa_q_reg[2][0]/C","i_vrf/vrf_b2_reg_r2_0_63_6_8/RAMC/I","VRF/read/writeback","FDCE=1;LUT6=1;RAMD64E=2"
800,1.805,5.000,2.845,0.770,2.075,0.729,2,"vrf_wa_q_reg[2][0]/C","i_vrf/vrf_b2_reg_r2_0_63_9_11/RAMC/I","VRF/read/writeback","FDCE=1;LUT6=1;RAMD64E=2"
801,1.805,5.000,2.845,0.770,2.075,0.729,2,"vrf_wa_q_reg[3][0]/C","i_vrf/vrf_b3_reg_r1_0_63_0_2/RAMC/I","VRF/read/writeback","FDCE=1;LUT6=1;RAMD64E=1"
802,1.805,5.000,2.845,0.770,2.075,0.729,2,"vrf_wa_q_reg[3][0]/C","i_vrf/vrf_b3_reg_r1_0_63_12_14/RAMC/I","VRF/read/writeback","FDCE=1;LUT6=1;RAMD64E=1"
803,1.805,5.000,2.845,0.770,2.075,0.729,2,"vrf_wa_q_reg[3][0]/C","i_vrf/vrf_b3_reg_r1_0_63_15_17/RAMC/I","VRF/read/writeback","FDCE=1;LUT6=1;RAMD64E=1"
804,1.805,5.000,2.845,0.770,2.075,0.729,2,"vrf_wa_q_reg[3][0]/C","i_vrf/vrf_b3_reg_r1_0_63_18_20/RAMC/I","VRF/read/writeback","FDCE=1;LUT6=1;RAMD64E=1"
805,1.805,5.000,2.845,0.770,2.075,0.729,2,"vrf_wa_q_reg[3][0]/C","i_vrf/vrf_b3_reg_r1_0_63_21_23/RAMC/I","VRF/read/writeback","FDCE=1;LUT6=1;RAMD64E=1"
806,1.805,5.000,2.845,0.770,2.075,0.729,2,"vrf_wa_q_reg[3][0]/C","i_vrf/vrf_b3_reg_r1_0_63_24_26/RAMC/I","VRF/read/writeback","FDCE=1;LUT6=1;RAMD64E=1"
807,1.805,5.000,2.845,0.770,2.075,0.729,2,"vrf_wa_q_reg[3][0]/C","i_vrf/vrf_b3_reg_r1_0_63_27_29/RAMC/I","VRF/read/writeback","FDCE=1;LUT6=1;RAMD64E=1"
808,1.805,5.000,2.845,0.770,2.075,0.729,2,"vrf_wa_q_reg[3][0]/C","i_vrf/vrf_b3_reg_r1_0_63_30_32/RAMC/I","VRF/read/writeback","FDCE=1;LUT6=1;RAMD64E=1"
809,1.805,5.000,2.845,0.770,2.075,0.729,2,"vrf_wa_q_reg[3][0]/C","i_vrf/vrf_b3_reg_r1_0_63_33_35/RAMC/I","VRF/read/writeback","FDCE=1;LUT6=1;RAMD64E=1"
810,1.805,5.000,2.845,0.770,2.075,0.729,2,"vrf_wa_q_reg[3][0]/C","i_vrf/vrf_b3_reg_r1_0_63_36_38/RAMC/I","VRF/read/writeback","FDCE=1;LUT6=1;RAMD64E=1"
811,1.805,5.000,2.845,0.770,2.075,0.729,2,"vrf_wa_q_reg[3][0]/C","i_vrf/vrf_b3_reg_r1_0_63_39_41/RAMC/I","VRF/read/writeback","FDCE=1;LUT6=1;RAMD64E=1"
812,1.805,5.000,2.845,0.770,2.075,0.729,2,"vrf_wa_q_reg[3][0]/C","i_vrf/vrf_b3_reg_r1_0_63_3_5/RAMC/I","VRF/read/writeback","FDCE=1;LUT6=1;RAMD64E=1"
813,1.805,5.000,2.845,0.770,2.075,0.729,2,"vrf_wa_q_reg[3][0]/C","i_vrf/vrf_b3_reg_r1_0_63_42_44/RAMC/I","VRF/read/writeback","FDCE=1;LUT6=1;RAMD64E=1"
814,1.805,5.000,2.845,0.770,2.075,0.729,2,"vrf_wa_q_reg[3][0]/C","i_vrf/vrf_b3_reg_r1_0_63_45_47/RAMC/I","VRF/read/writeback","FDCE=1;LUT6=1;RAMD64E=1"
815,1.805,5.000,2.845,0.770,2.075,0.729,2,"vrf_wa_q_reg[3][0]/C","i_vrf/vrf_b3_reg_r1_0_63_48_50/RAMC/I","VRF/read/writeback","FDCE=1;LUT6=1;RAMD64E=1"
816,1.805,5.000,2.845,0.770,2.075,0.729,2,"vrf_wa_q_reg[3][0]/C","i_vrf/vrf_b3_reg_r1_0_63_51_53/RAMC/I","VRF/read/writeback","FDCE=1;LUT6=1;RAMD64E=1"
817,1.805,5.000,2.845,0.770,2.075,0.729,2,"vrf_wa_q_reg[3][0]/C","i_vrf/vrf_b3_reg_r1_0_63_54_56/RAMC/I","VRF/read/writeback","FDCE=1;LUT6=1;RAMD64E=1"
818,1.805,5.000,2.845,0.770,2.075,0.729,2,"vrf_wa_q_reg[3][0]/C","i_vrf/vrf_b3_reg_r1_0_63_57_59/RAMC/I","VRF/read/writeback","FDCE=1;LUT6=1;RAMD64E=1"
819,1.805,5.000,2.845,0.770,2.075,0.729,2,"vrf_wa_q_reg[3][0]/C","i_vrf/vrf_b3_reg_r1_0_63_60_62/RAMC/I","VRF/read/writeback","FDCE=1;LUT6=1;RAMD64E=1"
820,1.805,5.000,2.845,0.770,2.075,0.729,2,"vrf_wa_q_reg[3][0]/C","i_vrf/vrf_b3_reg_r1_0_63_6_8/RAMC/I","VRF/read/writeback","FDCE=1;LUT6=1;RAMD64E=1"
821,1.805,5.000,2.845,0.770,2.075,0.729,2,"vrf_wa_q_reg[3][0]/C","i_vrf/vrf_b3_reg_r1_0_63_9_11/RAMC/I","VRF/read/writeback","FDCE=1;LUT6=1;RAMD64E=1"
822,1.805,5.000,2.845,0.770,2.075,0.729,2,"vrf_wa_q_reg[3][0]/C","i_vrf/vrf_b3_reg_r2_0_63_0_2/RAMC/I","VRF/read/writeback","FDCE=1;LUT6=1;RAMD64E=2"
823,1.805,5.000,2.845,0.770,2.075,0.729,2,"vrf_wa_q_reg[3][0]/C","i_vrf/vrf_b3_reg_r2_0_63_12_14/RAMC/I","VRF/read/writeback","FDCE=1;LUT6=1;RAMD64E=2"
824,1.805,5.000,2.845,0.770,2.075,0.729,2,"vrf_wa_q_reg[3][0]/C","i_vrf/vrf_b3_reg_r2_0_63_15_17/RAMC/I","VRF/read/writeback","FDCE=1;LUT6=1;RAMD64E=2"
825,1.805,5.000,2.845,0.770,2.075,0.729,2,"vrf_wa_q_reg[3][0]/C","i_vrf/vrf_b3_reg_r2_0_63_18_20/RAMC/I","VRF/read/writeback","FDCE=1;LUT6=1;RAMD64E=2"
826,1.805,5.000,2.845,0.770,2.075,0.729,2,"vrf_wa_q_reg[3][0]/C","i_vrf/vrf_b3_reg_r2_0_63_21_23/RAMC/I","VRF/read/writeback","FDCE=1;LUT6=1;RAMD64E=2"
827,1.805,5.000,2.845,0.770,2.075,0.729,2,"vrf_wa_q_reg[3][0]/C","i_vrf/vrf_b3_reg_r2_0_63_24_26/RAMC/I","VRF/read/writeback","FDCE=1;LUT6=1;RAMD64E=2"
828,1.805,5.000,2.845,0.770,2.075,0.729,2,"vrf_wa_q_reg[3][0]/C","i_vrf/vrf_b3_reg_r2_0_63_27_29/RAMC/I","VRF/read/writeback","FDCE=1;LUT6=1;RAMD64E=2"
829,1.805,5.000,2.845,0.770,2.075,0.729,2,"vrf_wa_q_reg[3][0]/C","i_vrf/vrf_b3_reg_r2_0_63_30_32/RAMC/I","VRF/read/writeback","FDCE=1;LUT6=1;RAMD64E=2"
830,1.805,5.000,2.845,0.770,2.075,0.729,2,"vrf_wa_q_reg[3][0]/C","i_vrf/vrf_b3_reg_r2_0_63_33_35/RAMC/I","VRF/read/writeback","FDCE=1;LUT6=1;RAMD64E=2"
831,1.805,5.000,2.845,0.770,2.075,0.729,2,"vrf_wa_q_reg[3][0]/C","i_vrf/vrf_b3_reg_r2_0_63_36_38/RAMC/I","VRF/read/writeback","FDCE=1;LUT6=1;RAMD64E=2"
832,1.805,5.000,2.845,0.770,2.075,0.729,2,"vrf_wa_q_reg[3][0]/C","i_vrf/vrf_b3_reg_r2_0_63_39_41/RAMC/I","VRF/read/writeback","FDCE=1;LUT6=1;RAMD64E=2"
833,1.805,5.000,2.845,0.770,2.075,0.729,2,"vrf_wa_q_reg[3][0]/C","i_vrf/vrf_b3_reg_r2_0_63_3_5/RAMC/I","VRF/read/writeback","FDCE=1;LUT6=1;RAMD64E=2"
834,1.805,5.000,2.845,0.770,2.075,0.729,2,"vrf_wa_q_reg[3][0]/C","i_vrf/vrf_b3_reg_r2_0_63_42_44/RAMC/I","VRF/read/writeback","FDCE=1;LUT6=1;RAMD64E=2"
835,1.805,5.000,2.845,0.770,2.075,0.729,2,"vrf_wa_q_reg[3][0]/C","i_vrf/vrf_b3_reg_r2_0_63_45_47/RAMC/I","VRF/read/writeback","FDCE=1;LUT6=1;RAMD64E=2"
836,1.805,5.000,2.845,0.770,2.075,0.729,2,"vrf_wa_q_reg[3][0]/C","i_vrf/vrf_b3_reg_r2_0_63_48_50/RAMC/I","VRF/read/writeback","FDCE=1;LUT6=1;RAMD64E=2"
837,1.805,5.000,2.845,0.770,2.075,0.729,2,"vrf_wa_q_reg[3][0]/C","i_vrf/vrf_b3_reg_r2_0_63_51_53/RAMC/I","VRF/read/writeback","FDCE=1;LUT6=1;RAMD64E=2"
838,1.805,5.000,2.845,0.770,2.075,0.729,2,"vrf_wa_q_reg[3][0]/C","i_vrf/vrf_b3_reg_r2_0_63_54_56/RAMC/I","VRF/read/writeback","FDCE=1;LUT6=1;RAMD64E=2"
839,1.805,5.000,2.845,0.770,2.075,0.729,2,"vrf_wa_q_reg[3][0]/C","i_vrf/vrf_b3_reg_r2_0_63_57_59/RAMC/I","VRF/read/writeback","FDCE=1;LUT6=1;RAMD64E=2"
840,1.805,5.000,2.845,0.770,2.075,0.729,2,"vrf_wa_q_reg[3][0]/C","i_vrf/vrf_b3_reg_r2_0_63_60_62/RAMC/I","VRF/read/writeback","FDCE=1;LUT6=1;RAMD64E=2"
841,1.805,5.000,2.845,0.770,2.075,0.729,2,"vrf_wa_q_reg[3][0]/C","i_vrf/vrf_b3_reg_r2_0_63_6_8/RAMC/I","VRF/read/writeback","FDCE=1;LUT6=1;RAMD64E=2"
842,1.805,5.000,2.845,0.770,2.075,0.729,2,"vrf_wa_q_reg[3][0]/C","i_vrf/vrf_b3_reg_r2_0_63_9_11/RAMC/I","VRF/read/writeback","FDCE=1;LUT6=1;RAMD64E=2"
843,1.810,5.000,2.845,0.770,2.075,0.729,2,"vrf_wa_q_reg[0][0]/C","i_vrf/vrf_b0_reg_r1_0_63_0_2/RAMA/I","VRF/read/writeback","FDCE=1;LUT6=1;RAMD64E=1"
844,1.810,5.000,2.845,0.770,2.075,0.729,2,"vrf_wa_q_reg[0][0]/C","i_vrf/vrf_b0_reg_r1_0_63_12_14/RAMA/I","VRF/read/writeback","FDCE=1;LUT6=1;RAMD64E=1"
845,1.810,5.000,2.845,0.770,2.075,0.729,2,"vrf_wa_q_reg[0][0]/C","i_vrf/vrf_b0_reg_r1_0_63_15_17/RAMA/I","VRF/read/writeback","FDCE=1;LUT6=1;RAMD64E=1"
846,1.810,5.000,2.845,0.770,2.075,0.729,2,"vrf_wa_q_reg[0][0]/C","i_vrf/vrf_b0_reg_r1_0_63_18_20/RAMA/I","VRF/read/writeback","FDCE=1;LUT6=1;RAMD64E=1"
847,1.810,5.000,2.845,0.770,2.075,0.729,2,"vrf_wa_q_reg[0][0]/C","i_vrf/vrf_b0_reg_r1_0_63_21_23/RAMA/I","VRF/read/writeback","FDCE=1;LUT6=1;RAMD64E=1"
848,1.810,5.000,2.845,0.770,2.075,0.729,2,"vrf_wa_q_reg[0][0]/C","i_vrf/vrf_b0_reg_r1_0_63_24_26/RAMA/I","VRF/read/writeback","FDCE=1;LUT6=1;RAMD64E=1"
849,1.810,5.000,2.845,0.770,2.075,0.729,2,"vrf_wa_q_reg[0][0]/C","i_vrf/vrf_b0_reg_r1_0_63_27_29/RAMA/I","VRF/read/writeback","FDCE=1;LUT6=1;RAMD64E=1"
850,1.810,5.000,2.845,0.770,2.075,0.729,2,"vrf_wa_q_reg[0][0]/C","i_vrf/vrf_b0_reg_r1_0_63_30_32/RAMA/I","VRF/read/writeback","FDCE=1;LUT6=1;RAMD64E=1"
851,1.810,5.000,2.845,0.770,2.075,0.729,2,"vrf_wa_q_reg[0][0]/C","i_vrf/vrf_b0_reg_r1_0_63_33_35/RAMA/I","VRF/read/writeback","FDCE=1;LUT6=1;RAMD64E=1"
852,1.810,5.000,2.845,0.770,2.075,0.729,2,"vrf_wa_q_reg[0][0]/C","i_vrf/vrf_b0_reg_r1_0_63_36_38/RAMA/I","VRF/read/writeback","FDCE=1;LUT6=1;RAMD64E=1"
853,1.810,5.000,2.845,0.770,2.075,0.729,2,"vrf_wa_q_reg[0][0]/C","i_vrf/vrf_b0_reg_r1_0_63_39_41/RAMA/I","VRF/read/writeback","FDCE=1;LUT6=1;RAMD64E=1"
854,1.810,5.000,2.845,0.770,2.075,0.729,2,"vrf_wa_q_reg[0][0]/C","i_vrf/vrf_b0_reg_r1_0_63_3_5/RAMA/I","VRF/read/writeback","FDCE=1;LUT6=1;RAMD64E=1"
855,1.810,5.000,2.845,0.770,2.075,0.729,2,"vrf_wa_q_reg[0][0]/C","i_vrf/vrf_b0_reg_r1_0_63_42_44/RAMA/I","VRF/read/writeback","FDCE=1;LUT6=1;RAMD64E=1"
856,1.810,5.000,2.845,0.770,2.075,0.729,2,"vrf_wa_q_reg[0][0]/C","i_vrf/vrf_b0_reg_r1_0_63_45_47/RAMA/I","VRF/read/writeback","FDCE=1;LUT6=1;RAMD64E=1"
857,1.810,5.000,2.845,0.770,2.075,0.729,2,"vrf_wa_q_reg[0][0]/C","i_vrf/vrf_b0_reg_r1_0_63_48_50/RAMA/I","VRF/read/writeback","FDCE=1;LUT6=1;RAMD64E=1"
858,1.810,5.000,2.845,0.770,2.075,0.729,2,"vrf_wa_q_reg[0][0]/C","i_vrf/vrf_b0_reg_r1_0_63_51_53/RAMA/I","VRF/read/writeback","FDCE=1;LUT6=1;RAMD64E=1"
859,1.810,5.000,2.845,0.770,2.075,0.729,2,"vrf_wa_q_reg[0][0]/C","i_vrf/vrf_b0_reg_r1_0_63_54_56/RAMA/I","VRF/read/writeback","FDCE=1;LUT6=1;RAMD64E=1"
860,1.810,5.000,2.845,0.770,2.075,0.729,2,"vrf_wa_q_reg[0][0]/C","i_vrf/vrf_b0_reg_r1_0_63_57_59/RAMA/I","VRF/read/writeback","FDCE=1;LUT6=1;RAMD64E=1"
861,1.810,5.000,2.845,0.770,2.075,0.729,2,"vrf_wa_q_reg[0][0]/C","i_vrf/vrf_b0_reg_r1_0_63_60_62/RAMA/I","VRF/read/writeback","FDCE=1;LUT6=1;RAMD64E=1"
862,1.810,5.000,2.845,0.770,2.075,0.729,2,"vrf_wa_q_reg[0][0]/C","i_vrf/vrf_b0_reg_r1_0_63_6_8/RAMA/I","VRF/read/writeback","FDCE=1;LUT6=1;RAMD64E=1"
863,1.810,5.000,2.845,0.770,2.075,0.729,2,"vrf_wa_q_reg[0][0]/C","i_vrf/vrf_b0_reg_r1_0_63_9_11/RAMA/I","VRF/read/writeback","FDCE=1;LUT6=1;RAMD64E=1"
864,1.810,5.000,2.845,0.770,2.075,0.729,2,"vrf_wa_q_reg[0][0]/C","i_vrf/vrf_b0_reg_r2_0_63_0_2/RAMA/I","VRF/read/writeback","FDCE=1;LUT6=1;RAMD64E=2"
865,1.810,5.000,2.845,0.770,2.075,0.729,2,"vrf_wa_q_reg[0][0]/C","i_vrf/vrf_b0_reg_r2_0_63_12_14/RAMA/I","VRF/read/writeback","FDCE=1;LUT6=1;RAMD64E=2"
866,1.810,5.000,2.845,0.770,2.075,0.729,2,"vrf_wa_q_reg[0][0]/C","i_vrf/vrf_b0_reg_r2_0_63_15_17/RAMA/I","VRF/read/writeback","FDCE=1;LUT6=1;RAMD64E=2"
867,1.810,5.000,2.845,0.770,2.075,0.729,2,"vrf_wa_q_reg[0][0]/C","i_vrf/vrf_b0_reg_r2_0_63_18_20/RAMA/I","VRF/read/writeback","FDCE=1;LUT6=1;RAMD64E=2"
868,1.810,5.000,2.845,0.770,2.075,0.729,2,"vrf_wa_q_reg[0][0]/C","i_vrf/vrf_b0_reg_r2_0_63_21_23/RAMA/I","VRF/read/writeback","FDCE=1;LUT6=1;RAMD64E=2"
869,1.810,5.000,2.845,0.770,2.075,0.729,2,"vrf_wa_q_reg[0][0]/C","i_vrf/vrf_b0_reg_r2_0_63_24_26/RAMA/I","VRF/read/writeback","FDCE=1;LUT6=1;RAMD64E=2"
870,1.810,5.000,2.845,0.770,2.075,0.729,2,"vrf_wa_q_reg[0][0]/C","i_vrf/vrf_b0_reg_r2_0_63_27_29/RAMA/I","VRF/read/writeback","FDCE=1;LUT6=1;RAMD64E=2"
871,1.810,5.000,2.845,0.770,2.075,0.729,2,"vrf_wa_q_reg[0][0]/C","i_vrf/vrf_b0_reg_r2_0_63_30_32/RAMA/I","VRF/read/writeback","FDCE=1;LUT6=1;RAMD64E=2"
872,1.810,5.000,2.845,0.770,2.075,0.729,2,"vrf_wa_q_reg[0][0]/C","i_vrf/vrf_b0_reg_r2_0_63_33_35/RAMA/I","VRF/read/writeback","FDCE=1;LUT6=1;RAMD64E=2"
873,1.810,5.000,2.845,0.770,2.075,0.729,2,"vrf_wa_q_reg[0][0]/C","i_vrf/vrf_b0_reg_r2_0_63_36_38/RAMA/I","VRF/read/writeback","FDCE=1;LUT6=1;RAMD64E=2"
874,1.810,5.000,2.845,0.770,2.075,0.729,2,"vrf_wa_q_reg[0][0]/C","i_vrf/vrf_b0_reg_r2_0_63_39_41/RAMA/I","VRF/read/writeback","FDCE=1;LUT6=1;RAMD64E=2"
875,1.810,5.000,2.845,0.770,2.075,0.729,2,"vrf_wa_q_reg[0][0]/C","i_vrf/vrf_b0_reg_r2_0_63_3_5/RAMA/I","VRF/read/writeback","FDCE=1;LUT6=1;RAMD64E=2"
876,1.810,5.000,2.845,0.770,2.075,0.729,2,"vrf_wa_q_reg[0][0]/C","i_vrf/vrf_b0_reg_r2_0_63_42_44/RAMA/I","VRF/read/writeback","FDCE=1;LUT6=1;RAMD64E=2"
877,1.810,5.000,2.845,0.770,2.075,0.729,2,"vrf_wa_q_reg[0][0]/C","i_vrf/vrf_b0_reg_r2_0_63_45_47/RAMA/I","VRF/read/writeback","FDCE=1;LUT6=1;RAMD64E=2"
878,1.810,5.000,2.845,0.770,2.075,0.729,2,"vrf_wa_q_reg[0][0]/C","i_vrf/vrf_b0_reg_r2_0_63_48_50/RAMA/I","VRF/read/writeback","FDCE=1;LUT6=1;RAMD64E=2"
879,1.810,5.000,2.845,0.770,2.075,0.729,2,"vrf_wa_q_reg[0][0]/C","i_vrf/vrf_b0_reg_r2_0_63_51_53/RAMA/I","VRF/read/writeback","FDCE=1;LUT6=1;RAMD64E=2"
880,1.810,5.000,2.845,0.770,2.075,0.729,2,"vrf_wa_q_reg[0][0]/C","i_vrf/vrf_b0_reg_r2_0_63_54_56/RAMA/I","VRF/read/writeback","FDCE=1;LUT6=1;RAMD64E=2"
881,1.810,5.000,2.845,0.770,2.075,0.729,2,"vrf_wa_q_reg[0][0]/C","i_vrf/vrf_b0_reg_r2_0_63_57_59/RAMA/I","VRF/read/writeback","FDCE=1;LUT6=1;RAMD64E=2"
882,1.810,5.000,2.845,0.770,2.075,0.729,2,"vrf_wa_q_reg[0][0]/C","i_vrf/vrf_b0_reg_r2_0_63_60_62/RAMA/I","VRF/read/writeback","FDCE=1;LUT6=1;RAMD64E=2"
883,1.810,5.000,2.845,0.770,2.075,0.729,2,"vrf_wa_q_reg[0][0]/C","i_vrf/vrf_b0_reg_r2_0_63_6_8/RAMA/I","VRF/read/writeback","FDCE=1;LUT6=1;RAMD64E=2"
884,1.810,5.000,2.845,0.770,2.075,0.729,2,"vrf_wa_q_reg[0][0]/C","i_vrf/vrf_b0_reg_r2_0_63_9_11/RAMA/I","VRF/read/writeback","FDCE=1;LUT6=1;RAMD64E=2"
885,1.810,5.000,2.845,0.770,2.075,0.729,2,"vrf_wa_q_reg[1][0]/C","i_vrf/vrf_b1_reg_r1_0_63_0_2/RAMA/I","VRF/read/writeback","FDCE=1;LUT6=1;RAMD64E=1"
886,1.810,5.000,2.845,0.770,2.075,0.729,2,"vrf_wa_q_reg[1][0]/C","i_vrf/vrf_b1_reg_r1_0_63_12_14/RAMA/I","VRF/read/writeback","FDCE=1;LUT6=1;RAMD64E=1"
887,1.810,5.000,2.845,0.770,2.075,0.729,2,"vrf_wa_q_reg[1][0]/C","i_vrf/vrf_b1_reg_r1_0_63_15_17/RAMA/I","VRF/read/writeback","FDCE=1;LUT6=1;RAMD64E=1"
888,1.810,5.000,2.845,0.770,2.075,0.729,2,"vrf_wa_q_reg[1][0]/C","i_vrf/vrf_b1_reg_r1_0_63_18_20/RAMA/I","VRF/read/writeback","FDCE=1;LUT6=1;RAMD64E=1"
889,1.810,5.000,2.845,0.770,2.075,0.729,2,"vrf_wa_q_reg[1][0]/C","i_vrf/vrf_b1_reg_r1_0_63_21_23/RAMA/I","VRF/read/writeback","FDCE=1;LUT6=1;RAMD64E=1"
890,1.810,5.000,2.845,0.770,2.075,0.729,2,"vrf_wa_q_reg[1][0]/C","i_vrf/vrf_b1_reg_r1_0_63_24_26/RAMA/I","VRF/read/writeback","FDCE=1;LUT6=1;RAMD64E=1"
891,1.810,5.000,2.845,0.770,2.075,0.729,2,"vrf_wa_q_reg[1][0]/C","i_vrf/vrf_b1_reg_r1_0_63_27_29/RAMA/I","VRF/read/writeback","FDCE=1;LUT6=1;RAMD64E=1"
892,1.810,5.000,2.845,0.770,2.075,0.729,2,"vrf_wa_q_reg[1][0]/C","i_vrf/vrf_b1_reg_r1_0_63_30_32/RAMA/I","VRF/read/writeback","FDCE=1;LUT6=1;RAMD64E=1"
893,1.810,5.000,2.845,0.770,2.075,0.729,2,"vrf_wa_q_reg[1][0]/C","i_vrf/vrf_b1_reg_r1_0_63_33_35/RAMA/I","VRF/read/writeback","FDCE=1;LUT6=1;RAMD64E=1"
894,1.810,5.000,2.845,0.770,2.075,0.729,2,"vrf_wa_q_reg[1][0]/C","i_vrf/vrf_b1_reg_r1_0_63_36_38/RAMA/I","VRF/read/writeback","FDCE=1;LUT6=1;RAMD64E=1"
895,1.810,5.000,2.845,0.770,2.075,0.729,2,"vrf_wa_q_reg[1][0]/C","i_vrf/vrf_b1_reg_r1_0_63_39_41/RAMA/I","VRF/read/writeback","FDCE=1;LUT6=1;RAMD64E=1"
896,1.810,5.000,2.845,0.770,2.075,0.729,2,"vrf_wa_q_reg[1][0]/C","i_vrf/vrf_b1_reg_r1_0_63_3_5/RAMA/I","VRF/read/writeback","FDCE=1;LUT6=1;RAMD64E=1"
897,1.810,5.000,2.845,0.770,2.075,0.729,2,"vrf_wa_q_reg[1][0]/C","i_vrf/vrf_b1_reg_r1_0_63_42_44/RAMA/I","VRF/read/writeback","FDCE=1;LUT6=1;RAMD64E=1"
898,1.810,5.000,2.845,0.770,2.075,0.729,2,"vrf_wa_q_reg[1][0]/C","i_vrf/vrf_b1_reg_r1_0_63_45_47/RAMA/I","VRF/read/writeback","FDCE=1;LUT6=1;RAMD64E=1"
899,1.810,5.000,2.845,0.770,2.075,0.729,2,"vrf_wa_q_reg[1][0]/C","i_vrf/vrf_b1_reg_r1_0_63_48_50/RAMA/I","VRF/read/writeback","FDCE=1;LUT6=1;RAMD64E=1"
900,1.810,5.000,2.845,0.770,2.075,0.729,2,"vrf_wa_q_reg[1][0]/C","i_vrf/vrf_b1_reg_r1_0_63_51_53/RAMA/I","VRF/read/writeback","FDCE=1;LUT6=1;RAMD64E=1"
901,1.810,5.000,2.845,0.770,2.075,0.729,2,"vrf_wa_q_reg[1][0]/C","i_vrf/vrf_b1_reg_r1_0_63_54_56/RAMA/I","VRF/read/writeback","FDCE=1;LUT6=1;RAMD64E=1"
902,1.810,5.000,2.845,0.770,2.075,0.729,2,"vrf_wa_q_reg[1][0]/C","i_vrf/vrf_b1_reg_r1_0_63_57_59/RAMA/I","VRF/read/writeback","FDCE=1;LUT6=1;RAMD64E=1"
903,1.810,5.000,2.845,0.770,2.075,0.729,2,"vrf_wa_q_reg[1][0]/C","i_vrf/vrf_b1_reg_r1_0_63_60_62/RAMA/I","VRF/read/writeback","FDCE=1;LUT6=1;RAMD64E=1"
904,1.810,5.000,2.845,0.770,2.075,0.729,2,"vrf_wa_q_reg[1][0]/C","i_vrf/vrf_b1_reg_r1_0_63_6_8/RAMA/I","VRF/read/writeback","FDCE=1;LUT6=1;RAMD64E=1"
905,1.810,5.000,2.845,0.770,2.075,0.729,2,"vrf_wa_q_reg[1][0]/C","i_vrf/vrf_b1_reg_r1_0_63_9_11/RAMA/I","VRF/read/writeback","FDCE=1;LUT6=1;RAMD64E=1"
906,1.810,5.000,2.845,0.770,2.075,0.729,2,"vrf_wa_q_reg[1][0]/C","i_vrf/vrf_b1_reg_r2_0_63_0_2/RAMA/I","VRF/read/writeback","FDCE=1;LUT6=1;RAMD64E=2"
907,1.810,5.000,2.845,0.770,2.075,0.729,2,"vrf_wa_q_reg[1][0]/C","i_vrf/vrf_b1_reg_r2_0_63_12_14/RAMA/I","VRF/read/writeback","FDCE=1;LUT6=1;RAMD64E=2"
908,1.810,5.000,2.845,0.770,2.075,0.729,2,"vrf_wa_q_reg[1][0]/C","i_vrf/vrf_b1_reg_r2_0_63_15_17/RAMA/I","VRF/read/writeback","FDCE=1;LUT6=1;RAMD64E=2"
909,1.810,5.000,2.845,0.770,2.075,0.729,2,"vrf_wa_q_reg[1][0]/C","i_vrf/vrf_b1_reg_r2_0_63_18_20/RAMA/I","VRF/read/writeback","FDCE=1;LUT6=1;RAMD64E=2"
910,1.810,5.000,2.845,0.770,2.075,0.729,2,"vrf_wa_q_reg[1][0]/C","i_vrf/vrf_b1_reg_r2_0_63_21_23/RAMA/I","VRF/read/writeback","FDCE=1;LUT6=1;RAMD64E=2"
911,1.810,5.000,2.845,0.770,2.075,0.729,2,"vrf_wa_q_reg[1][0]/C","i_vrf/vrf_b1_reg_r2_0_63_24_26/RAMA/I","VRF/read/writeback","FDCE=1;LUT6=1;RAMD64E=2"
912,1.810,5.000,2.845,0.770,2.075,0.729,2,"vrf_wa_q_reg[1][0]/C","i_vrf/vrf_b1_reg_r2_0_63_27_29/RAMA/I","VRF/read/writeback","FDCE=1;LUT6=1;RAMD64E=2"
913,1.810,5.000,2.845,0.770,2.075,0.729,2,"vrf_wa_q_reg[1][0]/C","i_vrf/vrf_b1_reg_r2_0_63_30_32/RAMA/I","VRF/read/writeback","FDCE=1;LUT6=1;RAMD64E=2"
914,1.810,5.000,2.845,0.770,2.075,0.729,2,"vrf_wa_q_reg[1][0]/C","i_vrf/vrf_b1_reg_r2_0_63_33_35/RAMA/I","VRF/read/writeback","FDCE=1;LUT6=1;RAMD64E=2"
915,1.810,5.000,2.845,0.770,2.075,0.729,2,"vrf_wa_q_reg[1][0]/C","i_vrf/vrf_b1_reg_r2_0_63_36_38/RAMA/I","VRF/read/writeback","FDCE=1;LUT6=1;RAMD64E=2"
916,1.810,5.000,2.845,0.770,2.075,0.729,2,"vrf_wa_q_reg[1][0]/C","i_vrf/vrf_b1_reg_r2_0_63_39_41/RAMA/I","VRF/read/writeback","FDCE=1;LUT6=1;RAMD64E=2"
917,1.810,5.000,2.845,0.770,2.075,0.729,2,"vrf_wa_q_reg[1][0]/C","i_vrf/vrf_b1_reg_r2_0_63_3_5/RAMA/I","VRF/read/writeback","FDCE=1;LUT6=1;RAMD64E=2"
918,1.810,5.000,2.845,0.770,2.075,0.729,2,"vrf_wa_q_reg[1][0]/C","i_vrf/vrf_b1_reg_r2_0_63_42_44/RAMA/I","VRF/read/writeback","FDCE=1;LUT6=1;RAMD64E=2"
919,1.810,5.000,2.845,0.770,2.075,0.729,2,"vrf_wa_q_reg[1][0]/C","i_vrf/vrf_b1_reg_r2_0_63_45_47/RAMA/I","VRF/read/writeback","FDCE=1;LUT6=1;RAMD64E=2"
920,1.810,5.000,2.845,0.770,2.075,0.729,2,"vrf_wa_q_reg[1][0]/C","i_vrf/vrf_b1_reg_r2_0_63_48_50/RAMA/I","VRF/read/writeback","FDCE=1;LUT6=1;RAMD64E=2"
921,1.810,5.000,2.845,0.770,2.075,0.729,2,"vrf_wa_q_reg[1][0]/C","i_vrf/vrf_b1_reg_r2_0_63_51_53/RAMA/I","VRF/read/writeback","FDCE=1;LUT6=1;RAMD64E=2"
922,1.810,5.000,2.845,0.770,2.075,0.729,2,"vrf_wa_q_reg[1][0]/C","i_vrf/vrf_b1_reg_r2_0_63_54_56/RAMA/I","VRF/read/writeback","FDCE=1;LUT6=1;RAMD64E=2"
923,1.810,5.000,2.845,0.770,2.075,0.729,2,"vrf_wa_q_reg[1][0]/C","i_vrf/vrf_b1_reg_r2_0_63_57_59/RAMA/I","VRF/read/writeback","FDCE=1;LUT6=1;RAMD64E=2"
924,1.810,5.000,2.845,0.770,2.075,0.729,2,"vrf_wa_q_reg[1][0]/C","i_vrf/vrf_b1_reg_r2_0_63_60_62/RAMA/I","VRF/read/writeback","FDCE=1;LUT6=1;RAMD64E=2"
925,1.810,5.000,2.845,0.770,2.075,0.729,2,"vrf_wa_q_reg[1][0]/C","i_vrf/vrf_b1_reg_r2_0_63_6_8/RAMA/I","VRF/read/writeback","FDCE=1;LUT6=1;RAMD64E=2"
926,1.810,5.000,2.845,0.770,2.075,0.729,2,"vrf_wa_q_reg[1][0]/C","i_vrf/vrf_b1_reg_r2_0_63_9_11/RAMA/I","VRF/read/writeback","FDCE=1;LUT6=1;RAMD64E=2"
927,1.810,5.000,2.845,0.770,2.075,0.729,2,"vrf_wa_q_reg[2][0]/C","i_vrf/vrf_b2_reg_r1_0_63_0_2/RAMA/I","VRF/read/writeback","FDCE=1;LUT6=1;RAMD64E=1"
928,1.810,5.000,2.845,0.770,2.075,0.729,2,"vrf_wa_q_reg[2][0]/C","i_vrf/vrf_b2_reg_r1_0_63_12_14/RAMA/I","VRF/read/writeback","FDCE=1;LUT6=1;RAMD64E=1"
929,1.810,5.000,2.845,0.770,2.075,0.729,2,"vrf_wa_q_reg[2][0]/C","i_vrf/vrf_b2_reg_r1_0_63_15_17/RAMA/I","VRF/read/writeback","FDCE=1;LUT6=1;RAMD64E=1"
930,1.810,5.000,2.845,0.770,2.075,0.729,2,"vrf_wa_q_reg[2][0]/C","i_vrf/vrf_b2_reg_r1_0_63_18_20/RAMA/I","VRF/read/writeback","FDCE=1;LUT6=1;RAMD64E=1"
931,1.810,5.000,2.845,0.770,2.075,0.729,2,"vrf_wa_q_reg[2][0]/C","i_vrf/vrf_b2_reg_r1_0_63_21_23/RAMA/I","VRF/read/writeback","FDCE=1;LUT6=1;RAMD64E=1"
932,1.810,5.000,2.845,0.770,2.075,0.729,2,"vrf_wa_q_reg[2][0]/C","i_vrf/vrf_b2_reg_r1_0_63_24_26/RAMA/I","VRF/read/writeback","FDCE=1;LUT6=1;RAMD64E=1"
933,1.810,5.000,2.845,0.770,2.075,0.729,2,"vrf_wa_q_reg[2][0]/C","i_vrf/vrf_b2_reg_r1_0_63_27_29/RAMA/I","VRF/read/writeback","FDCE=1;LUT6=1;RAMD64E=1"
934,1.810,5.000,2.845,0.770,2.075,0.729,2,"vrf_wa_q_reg[2][0]/C","i_vrf/vrf_b2_reg_r1_0_63_30_32/RAMA/I","VRF/read/writeback","FDCE=1;LUT6=1;RAMD64E=1"
935,1.810,5.000,2.845,0.770,2.075,0.729,2,"vrf_wa_q_reg[2][0]/C","i_vrf/vrf_b2_reg_r1_0_63_33_35/RAMA/I","VRF/read/writeback","FDCE=1;LUT6=1;RAMD64E=1"
936,1.810,5.000,2.845,0.770,2.075,0.729,2,"vrf_wa_q_reg[2][0]/C","i_vrf/vrf_b2_reg_r1_0_63_36_38/RAMA/I","VRF/read/writeback","FDCE=1;LUT6=1;RAMD64E=1"
937,1.810,5.000,2.845,0.770,2.075,0.729,2,"vrf_wa_q_reg[2][0]/C","i_vrf/vrf_b2_reg_r1_0_63_39_41/RAMA/I","VRF/read/writeback","FDCE=1;LUT6=1;RAMD64E=1"
938,1.810,5.000,2.845,0.770,2.075,0.729,2,"vrf_wa_q_reg[2][0]/C","i_vrf/vrf_b2_reg_r1_0_63_3_5/RAMA/I","VRF/read/writeback","FDCE=1;LUT6=1;RAMD64E=1"
939,1.810,5.000,2.845,0.770,2.075,0.729,2,"vrf_wa_q_reg[2][0]/C","i_vrf/vrf_b2_reg_r1_0_63_42_44/RAMA/I","VRF/read/writeback","FDCE=1;LUT6=1;RAMD64E=1"
940,1.810,5.000,2.845,0.770,2.075,0.729,2,"vrf_wa_q_reg[2][0]/C","i_vrf/vrf_b2_reg_r1_0_63_45_47/RAMA/I","VRF/read/writeback","FDCE=1;LUT6=1;RAMD64E=1"
941,1.810,5.000,2.845,0.770,2.075,0.729,2,"vrf_wa_q_reg[2][0]/C","i_vrf/vrf_b2_reg_r1_0_63_48_50/RAMA/I","VRF/read/writeback","FDCE=1;LUT6=1;RAMD64E=1"
942,1.810,5.000,2.845,0.770,2.075,0.729,2,"vrf_wa_q_reg[2][0]/C","i_vrf/vrf_b2_reg_r1_0_63_51_53/RAMA/I","VRF/read/writeback","FDCE=1;LUT6=1;RAMD64E=1"
943,1.810,5.000,2.845,0.770,2.075,0.729,2,"vrf_wa_q_reg[2][0]/C","i_vrf/vrf_b2_reg_r1_0_63_54_56/RAMA/I","VRF/read/writeback","FDCE=1;LUT6=1;RAMD64E=1"
944,1.810,5.000,2.845,0.770,2.075,0.729,2,"vrf_wa_q_reg[2][0]/C","i_vrf/vrf_b2_reg_r1_0_63_57_59/RAMA/I","VRF/read/writeback","FDCE=1;LUT6=1;RAMD64E=1"
945,1.810,5.000,2.845,0.770,2.075,0.729,2,"vrf_wa_q_reg[2][0]/C","i_vrf/vrf_b2_reg_r1_0_63_60_62/RAMA/I","VRF/read/writeback","FDCE=1;LUT6=1;RAMD64E=1"
946,1.810,5.000,2.845,0.770,2.075,0.729,2,"vrf_wa_q_reg[2][0]/C","i_vrf/vrf_b2_reg_r1_0_63_6_8/RAMA/I","VRF/read/writeback","FDCE=1;LUT6=1;RAMD64E=1"
947,1.810,5.000,2.845,0.770,2.075,0.729,2,"vrf_wa_q_reg[2][0]/C","i_vrf/vrf_b2_reg_r1_0_63_9_11/RAMA/I","VRF/read/writeback","FDCE=1;LUT6=1;RAMD64E=1"
948,1.810,5.000,2.845,0.770,2.075,0.729,2,"vrf_wa_q_reg[2][0]/C","i_vrf/vrf_b2_reg_r2_0_63_0_2/RAMA/I","VRF/read/writeback","FDCE=1;LUT6=1;RAMD64E=2"
949,1.810,5.000,2.845,0.770,2.075,0.729,2,"vrf_wa_q_reg[2][0]/C","i_vrf/vrf_b2_reg_r2_0_63_12_14/RAMA/I","VRF/read/writeback","FDCE=1;LUT6=1;RAMD64E=2"
950,1.810,5.000,2.845,0.770,2.075,0.729,2,"vrf_wa_q_reg[2][0]/C","i_vrf/vrf_b2_reg_r2_0_63_15_17/RAMA/I","VRF/read/writeback","FDCE=1;LUT6=1;RAMD64E=2"
951,1.810,5.000,2.845,0.770,2.075,0.729,2,"vrf_wa_q_reg[2][0]/C","i_vrf/vrf_b2_reg_r2_0_63_18_20/RAMA/I","VRF/read/writeback","FDCE=1;LUT6=1;RAMD64E=2"
952,1.810,5.000,2.845,0.770,2.075,0.729,2,"vrf_wa_q_reg[2][0]/C","i_vrf/vrf_b2_reg_r2_0_63_21_23/RAMA/I","VRF/read/writeback","FDCE=1;LUT6=1;RAMD64E=2"
953,1.810,5.000,2.845,0.770,2.075,0.729,2,"vrf_wa_q_reg[2][0]/C","i_vrf/vrf_b2_reg_r2_0_63_24_26/RAMA/I","VRF/read/writeback","FDCE=1;LUT6=1;RAMD64E=2"
954,1.810,5.000,2.845,0.770,2.075,0.729,2,"vrf_wa_q_reg[2][0]/C","i_vrf/vrf_b2_reg_r2_0_63_27_29/RAMA/I","VRF/read/writeback","FDCE=1;LUT6=1;RAMD64E=2"
955,1.810,5.000,2.845,0.770,2.075,0.729,2,"vrf_wa_q_reg[2][0]/C","i_vrf/vrf_b2_reg_r2_0_63_30_32/RAMA/I","VRF/read/writeback","FDCE=1;LUT6=1;RAMD64E=2"
956,1.810,5.000,2.845,0.770,2.075,0.729,2,"vrf_wa_q_reg[2][0]/C","i_vrf/vrf_b2_reg_r2_0_63_33_35/RAMA/I","VRF/read/writeback","FDCE=1;LUT6=1;RAMD64E=2"
957,1.810,5.000,2.845,0.770,2.075,0.729,2,"vrf_wa_q_reg[2][0]/C","i_vrf/vrf_b2_reg_r2_0_63_36_38/RAMA/I","VRF/read/writeback","FDCE=1;LUT6=1;RAMD64E=2"
958,1.810,5.000,2.845,0.770,2.075,0.729,2,"vrf_wa_q_reg[2][0]/C","i_vrf/vrf_b2_reg_r2_0_63_39_41/RAMA/I","VRF/read/writeback","FDCE=1;LUT6=1;RAMD64E=2"
959,1.810,5.000,2.845,0.770,2.075,0.729,2,"vrf_wa_q_reg[2][0]/C","i_vrf/vrf_b2_reg_r2_0_63_3_5/RAMA/I","VRF/read/writeback","FDCE=1;LUT6=1;RAMD64E=2"
960,1.810,5.000,2.845,0.770,2.075,0.729,2,"vrf_wa_q_reg[2][0]/C","i_vrf/vrf_b2_reg_r2_0_63_42_44/RAMA/I","VRF/read/writeback","FDCE=1;LUT6=1;RAMD64E=2"
961,1.810,5.000,2.845,0.770,2.075,0.729,2,"vrf_wa_q_reg[2][0]/C","i_vrf/vrf_b2_reg_r2_0_63_45_47/RAMA/I","VRF/read/writeback","FDCE=1;LUT6=1;RAMD64E=2"
962,1.810,5.000,2.845,0.770,2.075,0.729,2,"vrf_wa_q_reg[2][0]/C","i_vrf/vrf_b2_reg_r2_0_63_48_50/RAMA/I","VRF/read/writeback","FDCE=1;LUT6=1;RAMD64E=2"
963,1.810,5.000,2.845,0.770,2.075,0.729,2,"vrf_wa_q_reg[2][0]/C","i_vrf/vrf_b2_reg_r2_0_63_51_53/RAMA/I","VRF/read/writeback","FDCE=1;LUT6=1;RAMD64E=2"
964,1.810,5.000,2.845,0.770,2.075,0.729,2,"vrf_wa_q_reg[2][0]/C","i_vrf/vrf_b2_reg_r2_0_63_54_56/RAMA/I","VRF/read/writeback","FDCE=1;LUT6=1;RAMD64E=2"
965,1.810,5.000,2.845,0.770,2.075,0.729,2,"vrf_wa_q_reg[2][0]/C","i_vrf/vrf_b2_reg_r2_0_63_57_59/RAMA/I","VRF/read/writeback","FDCE=1;LUT6=1;RAMD64E=2"
966,1.810,5.000,2.845,0.770,2.075,0.729,2,"vrf_wa_q_reg[2][0]/C","i_vrf/vrf_b2_reg_r2_0_63_60_62/RAMA/I","VRF/read/writeback","FDCE=1;LUT6=1;RAMD64E=2"
967,1.810,5.000,2.845,0.770,2.075,0.729,2,"vrf_wa_q_reg[2][0]/C","i_vrf/vrf_b2_reg_r2_0_63_6_8/RAMA/I","VRF/read/writeback","FDCE=1;LUT6=1;RAMD64E=2"
968,1.810,5.000,2.845,0.770,2.075,0.729,2,"vrf_wa_q_reg[2][0]/C","i_vrf/vrf_b2_reg_r2_0_63_9_11/RAMA/I","VRF/read/writeback","FDCE=1;LUT6=1;RAMD64E=2"
969,1.810,5.000,2.845,0.770,2.075,0.729,2,"vrf_wa_q_reg[3][0]/C","i_vrf/vrf_b3_reg_r1_0_63_0_2/RAMA/I","VRF/read/writeback","FDCE=1;LUT6=1;RAMD64E=1"
970,1.810,5.000,2.845,0.770,2.075,0.729,2,"vrf_wa_q_reg[3][0]/C","i_vrf/vrf_b3_reg_r1_0_63_12_14/RAMA/I","VRF/read/writeback","FDCE=1;LUT6=1;RAMD64E=1"
971,1.810,5.000,2.845,0.770,2.075,0.729,2,"vrf_wa_q_reg[3][0]/C","i_vrf/vrf_b3_reg_r1_0_63_15_17/RAMA/I","VRF/read/writeback","FDCE=1;LUT6=1;RAMD64E=1"
972,1.810,5.000,2.845,0.770,2.075,0.729,2,"vrf_wa_q_reg[3][0]/C","i_vrf/vrf_b3_reg_r1_0_63_18_20/RAMA/I","VRF/read/writeback","FDCE=1;LUT6=1;RAMD64E=1"
973,1.810,5.000,2.845,0.770,2.075,0.729,2,"vrf_wa_q_reg[3][0]/C","i_vrf/vrf_b3_reg_r1_0_63_21_23/RAMA/I","VRF/read/writeback","FDCE=1;LUT6=1;RAMD64E=1"
974,1.810,5.000,2.845,0.770,2.075,0.729,2,"vrf_wa_q_reg[3][0]/C","i_vrf/vrf_b3_reg_r1_0_63_24_26/RAMA/I","VRF/read/writeback","FDCE=1;LUT6=1;RAMD64E=1"
975,1.810,5.000,2.845,0.770,2.075,0.729,2,"vrf_wa_q_reg[3][0]/C","i_vrf/vrf_b3_reg_r1_0_63_27_29/RAMA/I","VRF/read/writeback","FDCE=1;LUT6=1;RAMD64E=1"
976,1.810,5.000,2.845,0.770,2.075,0.729,2,"vrf_wa_q_reg[3][0]/C","i_vrf/vrf_b3_reg_r1_0_63_30_32/RAMA/I","VRF/read/writeback","FDCE=1;LUT6=1;RAMD64E=1"
977,1.810,5.000,2.845,0.770,2.075,0.729,2,"vrf_wa_q_reg[3][0]/C","i_vrf/vrf_b3_reg_r1_0_63_33_35/RAMA/I","VRF/read/writeback","FDCE=1;LUT6=1;RAMD64E=1"
978,1.810,5.000,2.845,0.770,2.075,0.729,2,"vrf_wa_q_reg[3][0]/C","i_vrf/vrf_b3_reg_r1_0_63_36_38/RAMA/I","VRF/read/writeback","FDCE=1;LUT6=1;RAMD64E=1"
979,1.810,5.000,2.845,0.770,2.075,0.729,2,"vrf_wa_q_reg[3][0]/C","i_vrf/vrf_b3_reg_r1_0_63_39_41/RAMA/I","VRF/read/writeback","FDCE=1;LUT6=1;RAMD64E=1"
980,1.810,5.000,2.845,0.770,2.075,0.729,2,"vrf_wa_q_reg[3][0]/C","i_vrf/vrf_b3_reg_r1_0_63_3_5/RAMA/I","VRF/read/writeback","FDCE=1;LUT6=1;RAMD64E=1"
981,1.810,5.000,2.845,0.770,2.075,0.729,2,"vrf_wa_q_reg[3][0]/C","i_vrf/vrf_b3_reg_r1_0_63_42_44/RAMA/I","VRF/read/writeback","FDCE=1;LUT6=1;RAMD64E=1"
982,1.810,5.000,2.845,0.770,2.075,0.729,2,"vrf_wa_q_reg[3][0]/C","i_vrf/vrf_b3_reg_r1_0_63_45_47/RAMA/I","VRF/read/writeback","FDCE=1;LUT6=1;RAMD64E=1"
983,1.810,5.000,2.845,0.770,2.075,0.729,2,"vrf_wa_q_reg[3][0]/C","i_vrf/vrf_b3_reg_r1_0_63_48_50/RAMA/I","VRF/read/writeback","FDCE=1;LUT6=1;RAMD64E=1"
984,1.810,5.000,2.845,0.770,2.075,0.729,2,"vrf_wa_q_reg[3][0]/C","i_vrf/vrf_b3_reg_r1_0_63_51_53/RAMA/I","VRF/read/writeback","FDCE=1;LUT6=1;RAMD64E=1"
985,1.810,5.000,2.845,0.770,2.075,0.729,2,"vrf_wa_q_reg[3][0]/C","i_vrf/vrf_b3_reg_r1_0_63_54_56/RAMA/I","VRF/read/writeback","FDCE=1;LUT6=1;RAMD64E=1"
986,1.810,5.000,2.845,0.770,2.075,0.729,2,"vrf_wa_q_reg[3][0]/C","i_vrf/vrf_b3_reg_r1_0_63_57_59/RAMA/I","VRF/read/writeback","FDCE=1;LUT6=1;RAMD64E=1"
987,1.810,5.000,2.845,0.770,2.075,0.729,2,"vrf_wa_q_reg[3][0]/C","i_vrf/vrf_b3_reg_r1_0_63_60_62/RAMA/I","VRF/read/writeback","FDCE=1;LUT6=1;RAMD64E=1"
988,1.810,5.000,2.845,0.770,2.075,0.729,2,"vrf_wa_q_reg[3][0]/C","i_vrf/vrf_b3_reg_r1_0_63_6_8/RAMA/I","VRF/read/writeback","FDCE=1;LUT6=1;RAMD64E=1"
989,1.810,5.000,2.845,0.770,2.075,0.729,2,"vrf_wa_q_reg[3][0]/C","i_vrf/vrf_b3_reg_r1_0_63_9_11/RAMA/I","VRF/read/writeback","FDCE=1;LUT6=1;RAMD64E=1"
990,1.810,5.000,2.845,0.770,2.075,0.729,2,"vrf_wa_q_reg[3][0]/C","i_vrf/vrf_b3_reg_r2_0_63_0_2/RAMA/I","VRF/read/writeback","FDCE=1;LUT6=1;RAMD64E=2"
991,1.810,5.000,2.845,0.770,2.075,0.729,2,"vrf_wa_q_reg[3][0]/C","i_vrf/vrf_b3_reg_r2_0_63_12_14/RAMA/I","VRF/read/writeback","FDCE=1;LUT6=1;RAMD64E=2"
992,1.810,5.000,2.845,0.770,2.075,0.729,2,"vrf_wa_q_reg[3][0]/C","i_vrf/vrf_b3_reg_r2_0_63_15_17/RAMA/I","VRF/read/writeback","FDCE=1;LUT6=1;RAMD64E=2"
993,1.810,5.000,2.845,0.770,2.075,0.729,2,"vrf_wa_q_reg[3][0]/C","i_vrf/vrf_b3_reg_r2_0_63_18_20/RAMA/I","VRF/read/writeback","FDCE=1;LUT6=1;RAMD64E=2"
994,1.810,5.000,2.845,0.770,2.075,0.729,2,"vrf_wa_q_reg[3][0]/C","i_vrf/vrf_b3_reg_r2_0_63_21_23/RAMA/I","VRF/read/writeback","FDCE=1;LUT6=1;RAMD64E=2"
995,1.810,5.000,2.845,0.770,2.075,0.729,2,"vrf_wa_q_reg[3][0]/C","i_vrf/vrf_b3_reg_r2_0_63_24_26/RAMA/I","VRF/read/writeback","FDCE=1;LUT6=1;RAMD64E=2"
996,1.810,5.000,2.845,0.770,2.075,0.729,2,"vrf_wa_q_reg[3][0]/C","i_vrf/vrf_b3_reg_r2_0_63_27_29/RAMA/I","VRF/read/writeback","FDCE=1;LUT6=1;RAMD64E=2"
997,1.810,5.000,2.845,0.770,2.075,0.729,2,"vrf_wa_q_reg[3][0]/C","i_vrf/vrf_b3_reg_r2_0_63_30_32/RAMA/I","VRF/read/writeback","FDCE=1;LUT6=1;RAMD64E=2"
998,1.810,5.000,2.845,0.770,2.075,0.729,2,"vrf_wa_q_reg[3][0]/C","i_vrf/vrf_b3_reg_r2_0_63_33_35/RAMA/I","VRF/read/writeback","FDCE=1;LUT6=1;RAMD64E=2"
999,1.810,5.000,2.845,0.770,2.075,0.729,2,"vrf_wa_q_reg[3][0]/C","i_vrf/vrf_b3_reg_r2_0_63_36_38/RAMA/I","VRF/read/writeback","FDCE=1;LUT6=1;RAMD64E=2"
1000,1.810,5.000,2.845,0.770,2.075,0.729,2,"vrf_wa_q_reg[3][0]/C","i_vrf/vrf_b3_reg_r2_0_63_39_41/RAMA/I","VRF/read/writeback","FDCE=1;LUT6=1;RAMD64E=2"
