rank,slack_ns,required_time_ns,data_path_delay_ns,logic_delay_ns,route_delay_ns,route_ratio,logic_levels,startpoint,endpoint,path_class,main_cells
1,0.061,5.000,4.936,1.105,3.831,0.776,5,"gen_lane[0].i_p2_pop_slice/bool_result_q_reg[17]/C","gen_lane[0].i_p2_pop_slice/popcount_part_q_o_reg[0][5]/D","P2 popcount capture","FDCE=2;LUT3=1;LUT5=2;LUT6=2"
2,0.061,5.000,4.936,1.105,3.831,0.776,5,"gen_lane[0].i_p2_pop_slice/bool_result_q_reg[49]/C","gen_lane[0].i_p2_pop_slice/popcount_part_q_o_reg[1][5]/D","P2 popcount capture","FDCE=2;LUT3=1;LUT5=2;LUT6=2"
3,0.061,5.000,4.936,1.105,3.831,0.776,5,"gen_lane[1].i_p2_pop_slice/bool_result_q_reg[17]/C","gen_lane[1].i_p2_pop_slice/popcount_part_q_o_reg[0][5]/D","P2 popcount capture","FDCE=2;LUT3=1;LUT5=2;LUT6=2"
4,0.061,5.000,4.936,1.105,3.831,0.776,5,"gen_lane[1].i_p2_pop_slice/bool_result_q_reg[49]/C","gen_lane[1].i_p2_pop_slice/popcount_part_q_o_reg[1][5]/D","P2 popcount capture","FDCE=2;LUT3=1;LUT5=2;LUT6=2"
5,0.061,5.000,4.936,1.105,3.831,0.776,5,"gen_lane[2].i_p2_pop_slice/bool_result_q_reg[17]/C","gen_lane[2].i_p2_pop_slice/popcount_part_q_o_reg[0][5]/D","P2 popcount capture","FDCE=2;LUT3=1;LUT5=2;LUT6=2"
6,0.061,5.000,4.936,1.105,3.831,0.776,5,"gen_lane[2].i_p2_pop_slice/bool_result_q_reg[49]/C","gen_lane[2].i_p2_pop_slice/popcount_part_q_o_reg[1][5]/D","P2 popcount capture","FDCE=2;LUT3=1;LUT5=2;LUT6=2"
7,0.061,5.000,4.936,1.105,3.831,0.776,5,"gen_lane[3].i_p2_pop_slice/bool_result_q_reg[17]/C","gen_lane[3].i_p2_pop_slice/popcount_part_q_o_reg[0][5]/D","P2 popcount capture","FDCE=2;LUT3=1;LUT5=2;LUT6=2"
8,0.061,5.000,4.936,1.105,3.831,0.776,5,"gen_lane[3].i_p2_pop_slice/bool_result_q_reg[49]/C","gen_lane[3].i_p2_pop_slice/popcount_part_q_o_reg[1][5]/D","P2 popcount capture","FDCE=2;LUT3=1;LUT5=2;LUT6=2"
9,0.326,5.000,4.700,2.246,2.454,0.522,7,"gen_lane[0].i_p2_pop_slice/popcount_part_q_o_reg[0][0]/C","group_dist_q_reg[8]/D","P2 popcount capture","CARRY4=4;FDCE=2;LUT3=2;LUT5=1"
10,0.417,5.000,4.580,1.105,3.475,0.759,5,"gen_lane[0].i_p2_pop_slice/bool_result_q_reg[17]/C","gen_lane[0].i_p2_pop_slice/popcount_part_q_o_reg[0][2]/D","P2 popcount capture","FDCE=2;LUT3=2;LUT5=2;LUT6=1"
11,0.417,5.000,4.580,1.105,3.475,0.759,5,"gen_lane[0].i_p2_pop_slice/bool_result_q_reg[17]/C","gen_lane[0].i_p2_pop_slice/popcount_part_q_o_reg[0][3]/D","P2 popcount capture","FDCE=2;LUT3=1;LUT5=3;LUT6=1"
12,0.417,5.000,4.580,1.105,3.475,0.759,5,"gen_lane[0].i_p2_pop_slice/bool_result_q_reg[49]/C","gen_lane[0].i_p2_pop_slice/popcount_part_q_o_reg[1][2]/D","P2 popcount capture","FDCE=2;LUT3=2;LUT5=2;LUT6=1"
13,0.417,5.000,4.580,1.105,3.475,0.759,5,"gen_lane[0].i_p2_pop_slice/bool_result_q_reg[49]/C","gen_lane[0].i_p2_pop_slice/popcount_part_q_o_reg[1][3]/D","P2 popcount capture","FDCE=2;LUT3=1;LUT5=3;LUT6=1"
14,0.417,5.000,4.580,1.105,3.475,0.759,5,"gen_lane[1].i_p2_pop_slice/bool_result_q_reg[17]/C","gen_lane[1].i_p2_pop_slice/popcount_part_q_o_reg[0][2]/D","P2 popcount capture","FDCE=2;LUT3=2;LUT5=2;LUT6=1"
15,0.417,5.000,4.580,1.105,3.475,0.759,5,"gen_lane[1].i_p2_pop_slice/bool_result_q_reg[17]/C","gen_lane[1].i_p2_pop_slice/popcount_part_q_o_reg[0][3]/D","P2 popcount capture","FDCE=2;LUT3=1;LUT5=3;LUT6=1"
16,0.417,5.000,4.580,1.105,3.475,0.759,5,"gen_lane[1].i_p2_pop_slice/bool_result_q_reg[49]/C","gen_lane[1].i_p2_pop_slice/popcount_part_q_o_reg[1][2]/D","P2 popcount capture","FDCE=2;LUT3=2;LUT5=2;LUT6=1"
17,0.417,5.000,4.580,1.105,3.475,0.759,5,"gen_lane[1].i_p2_pop_slice/bool_result_q_reg[49]/C","gen_lane[1].i_p2_pop_slice/popcount_part_q_o_reg[1][3]/D","P2 popcount capture","FDCE=2;LUT3=1;LUT5=3;LUT6=1"
18,0.417,5.000,4.580,1.105,3.475,0.759,5,"gen_lane[2].i_p2_pop_slice/bool_result_q_reg[17]/C","gen_lane[2].i_p2_pop_slice/popcount_part_q_o_reg[0][2]/D","P2 popcount capture","FDCE=2;LUT3=2;LUT5=2;LUT6=1"
19,0.417,5.000,4.580,1.105,3.475,0.759,5,"gen_lane[2].i_p2_pop_slice/bool_result_q_reg[17]/C","gen_lane[2].i_p2_pop_slice/popcount_part_q_o_reg[0][3]/D","P2 popcount capture","FDCE=2;LUT3=1;LUT5=3;LUT6=1"
20,0.417,5.000,4.580,1.105,3.475,0.759,5,"gen_lane[2].i_p2_pop_slice/bool_result_q_reg[49]/C","gen_lane[2].i_p2_pop_slice/popcount_part_q_o_reg[1][2]/D","P2 popcount capture","FDCE=2;LUT3=2;LUT5=2;LUT6=1"
21,0.417,5.000,4.580,1.105,3.475,0.759,5,"gen_lane[2].i_p2_pop_slice/bool_result_q_reg[49]/C","gen_lane[2].i_p2_pop_slice/popcount_part_q_o_reg[1][3]/D","P2 popcount capture","FDCE=2;LUT3=1;LUT5=3;LUT6=1"
22,0.417,5.000,4.580,1.105,3.475,0.759,5,"gen_lane[3].i_p2_pop_slice/bool_result_q_reg[17]/C","gen_lane[3].i_p2_pop_slice/popcount_part_q_o_reg[0][2]/D","P2 popcount capture","FDCE=2;LUT3=2;LUT5=2;LUT6=1"
23,0.417,5.000,4.580,1.105,3.475,0.759,5,"gen_lane[3].i_p2_pop_slice/bool_result_q_reg[17]/C","gen_lane[3].i_p2_pop_slice/popcount_part_q_o_reg[0][3]/D","P2 popcount capture","FDCE=2;LUT3=1;LUT5=3;LUT6=1"
24,0.417,5.000,4.580,1.105,3.475,0.759,5,"gen_lane[3].i_p2_pop_slice/bool_result_q_reg[49]/C","gen_lane[3].i_p2_pop_slice/popcount_part_q_o_reg[1][2]/D","P2 popcount capture","FDCE=2;LUT3=2;LUT5=2;LUT6=1"
25,0.417,5.000,4.580,1.105,3.475,0.759,5,"gen_lane[3].i_p2_pop_slice/bool_result_q_reg[49]/C","gen_lane[3].i_p2_pop_slice/popcount_part_q_o_reg[1][3]/D","P2 popcount capture","FDCE=2;LUT3=1;LUT5=3;LUT6=1"
26,0.426,5.000,4.600,2.146,2.454,0.533,6,"gen_lane[0].i_p2_pop_slice/popcount_part_q_o_reg[0][0]/C","group_dist_q_reg[7]/D","P2 popcount capture","CARRY4=3;FDCE=2;LUT3=2;LUT5=1"
27,0.479,5.000,4.547,2.093,2.454,0.540,6,"gen_lane[0].i_p2_pop_slice/popcount_part_q_o_reg[0][0]/C","group_dist_q_reg[6]/D","P2 popcount capture","CARRY4=3;FDCE=2;LUT3=2;LUT5=1"
28,0.600,5.000,4.426,2.168,2.258,0.510,7,"gen_lane[2].i_p2_pop_slice/popcount_part_q_o_reg[1][0]/C","group_dist_q_reg[5]/D","P2 popcount capture","CARRY4=3;FDCE=2;LUT3=2;LUT5=1;LUT6=1"
29,0.671,5.000,4.326,1.105,3.221,0.745,5,"gen_lane[0].i_p2_pop_slice/bool_result_q_reg[17]/C","gen_lane[0].i_p2_pop_slice/popcount_part_q_o_reg[0][4]/D","P2 popcount capture","FDCE=2;LUT3=1;LUT5=2;LUT6=2"
30,0.671,5.000,4.326,1.105,3.221,0.745,5,"gen_lane[0].i_p2_pop_slice/bool_result_q_reg[49]/C","gen_lane[0].i_p2_pop_slice/popcount_part_q_o_reg[1][4]/D","P2 popcount capture","FDCE=2;LUT3=1;LUT5=2;LUT6=2"
31,0.671,5.000,4.326,1.105,3.221,0.745,5,"gen_lane[1].i_p2_pop_slice/bool_result_q_reg[17]/C","gen_lane[1].i_p2_pop_slice/popcount_part_q_o_reg[0][4]/D","P2 popcount capture","FDCE=2;LUT3=1;LUT5=2;LUT6=2"
32,0.671,5.000,4.326,1.105,3.221,0.745,5,"gen_lane[1].i_p2_pop_slice/bool_result_q_reg[49]/C","gen_lane[1].i_p2_pop_slice/popcount_part_q_o_reg[1][4]/D","P2 popcount capture","FDCE=2;LUT3=1;LUT5=2;LUT6=2"
33,0.671,5.000,4.326,1.105,3.221,0.745,5,"gen_lane[2].i_p2_pop_slice/bool_result_q_reg[17]/C","gen_lane[2].i_p2_pop_slice/popcount_part_q_o_reg[0][4]/D","P2 popcount capture","FDCE=2;LUT3=1;LUT5=2;LUT6=2"
34,0.671,5.000,4.326,1.105,3.221,0.745,5,"gen_lane[2].i_p2_pop_slice/bool_result_q_reg[49]/C","gen_lane[2].i_p2_pop_slice/popcount_part_q_o_reg[1][4]/D","P2 popcount capture","FDCE=2;LUT3=1;LUT5=2;LUT6=2"
35,0.671,5.000,4.326,1.105,3.221,0.745,5,"gen_lane[3].i_p2_pop_slice/bool_result_q_reg[17]/C","gen_lane[3].i_p2_pop_slice/popcount_part_q_o_reg[0][4]/D","P2 popcount capture","FDCE=2;LUT3=1;LUT5=2;LUT6=2"
36,0.671,5.000,4.326,1.105,3.221,0.745,5,"gen_lane[3].i_p2_pop_slice/bool_result_q_reg[49]/C","gen_lane[3].i_p2_pop_slice/popcount_part_q_o_reg[1][4]/D","P2 popcount capture","FDCE=2;LUT3=1;LUT5=2;LUT6=2"
37,0.680,5.000,4.346,2.088,2.258,0.520,7,"gen_lane[2].i_p2_pop_slice/popcount_part_q_o_reg[1][0]/C","group_dist_q_reg[4]/D","P2 popcount capture","CARRY4=3;FDCE=2;LUT3=2;LUT5=1;LUT6=1"
38,0.782,5.000,4.247,1.291,2.956,0.696,6,"st_q_reg[4]_rep__0/C","lane_result_q_reg[0][16]/D","P2 lane result capture","FDCE=2;LUT2=1;LUT5=1;LUT6=3;MUXF7=1"
39,0.782,5.000,4.247,1.291,2.956,0.696,6,"st_q_reg[4]_rep__0/C","lane_result_q_reg[0][17]/D","P2 lane result capture","FDCE=2;LUT2=1;LUT5=1;LUT6=3;MUXF7=1"
40,0.782,5.000,4.247,1.291,2.956,0.696,6,"st_q_reg[4]_rep__0/C","lane_result_q_reg[0][18]/D","P2 lane result capture","FDCE=2;LUT2=1;LUT5=1;LUT6=3;MUXF7=1"
41,0.782,5.000,4.247,1.291,2.956,0.696,6,"st_q_reg[4]_rep__0/C","lane_result_q_reg[0][19]/D","P2 lane result capture","FDCE=2;LUT2=1;LUT5=1;LUT6=3;MUXF7=1"
42,0.782,5.000,4.247,1.291,2.956,0.696,6,"st_q_reg[4]_rep__0/C","lane_result_q_reg[0][20]/D","P2 lane result capture","FDCE=2;LUT2=1;LUT5=1;LUT6=3;MUXF7=1"
43,0.782,5.000,4.247,1.291,2.956,0.696,6,"st_q_reg[4]_rep__0/C","lane_result_q_reg[0][21]/D","P2 lane result capture","FDCE=2;LUT2=1;LUT5=1;LUT6=3;MUXF7=1"
44,0.782,5.000,4.247,1.291,2.956,0.696,6,"st_q_reg[4]_rep__0/C","lane_result_q_reg[0][22]/D","P2 lane result capture","FDCE=2;LUT2=1;LUT5=1;LUT6=3;MUXF7=1"
45,0.782,5.000,4.247,1.291,2.956,0.696,6,"st_q_reg[4]_rep__0/C","lane_result_q_reg[0][23]/D","P2 lane result capture","FDCE=2;LUT2=1;LUT5=1;LUT6=3;MUXF7=1"
46,0.782,5.000,4.247,1.291,2.956,0.696,6,"st_q_reg[4]_rep__0/C","lane_result_q_reg[0][24]/D","P2 lane result capture","FDCE=2;LUT2=1;LUT5=1;LUT6=3;MUXF7=1"
47,0.782,5.000,4.247,1.291,2.956,0.696,6,"st_q_reg[4]_rep__0/C","lane_result_q_reg[0][25]/D","P2 lane result capture","FDCE=2;LUT2=1;LUT5=1;LUT6=3;MUXF7=1"
48,0.782,5.000,4.247,1.291,2.956,0.696,6,"st_q_reg[4]_rep__0/C","lane_result_q_reg[0][26]/D","P2 lane result capture","FDCE=2;LUT2=1;LUT5=1;LUT6=3;MUXF7=1"
49,0.782,5.000,4.247,1.291,2.956,0.696,6,"st_q_reg[4]_rep__0/C","lane_result_q_reg[0][27]/D","P2 lane result capture","FDCE=2;LUT2=1;LUT5=1;LUT6=3;MUXF7=1"
50,0.782,5.000,4.247,1.291,2.956,0.696,6,"st_q_reg[4]_rep__0/C","lane_result_q_reg[0][28]/D","P2 lane result capture","FDCE=2;LUT2=1;LUT5=1;LUT6=3;MUXF7=1"
51,0.782,5.000,4.247,1.291,2.956,0.696,6,"st_q_reg[4]_rep__0/C","lane_result_q_reg[0][29]/D","P2 lane result capture","FDCE=2;LUT2=1;LUT5=1;LUT6=3;MUXF7=1"
52,0.782,5.000,4.247,1.291,2.956,0.696,6,"st_q_reg[4]_rep__0/C","lane_result_q_reg[0][30]/D","P2 lane result capture","FDCE=2;LUT2=1;LUT5=1;LUT6=3;MUXF7=1"
53,0.782,5.000,4.247,1.291,2.956,0.696,6,"st_q_reg[4]_rep__0/C","lane_result_q_reg[0][31]/D","P2 lane result capture","FDCE=2;LUT2=1;LUT5=1;LUT6=3;MUXF7=1"
54,0.782,5.000,4.247,1.291,2.956,0.696,6,"st_q_reg[4]_rep__0/C","lane_result_q_reg[0][32]/D","P2 lane result capture","FDCE=2;LUT2=1;LUT5=1;LUT6=3;MUXF7=1"
55,0.782,5.000,4.247,1.291,2.956,0.696,6,"st_q_reg[4]_rep__0/C","lane_result_q_reg[0][33]/D","P2 lane result capture","FDCE=2;LUT2=1;LUT5=1;LUT6=3;MUXF7=1"
56,0.782,5.000,4.247,1.291,2.956,0.696,6,"st_q_reg[4]_rep__0/C","lane_result_q_reg[0][34]/D","P2 lane result capture","FDCE=2;LUT2=1;LUT5=1;LUT6=3;MUXF7=1"
57,0.782,5.000,4.247,1.291,2.956,0.696,6,"st_q_reg[4]_rep__0/C","lane_result_q_reg[0][35]/D","P2 lane result capture","FDCE=2;LUT2=1;LUT5=1;LUT6=3;MUXF7=1"
58,0.782,5.000,4.247,1.291,2.956,0.696,6,"st_q_reg[4]_rep__0/C","lane_result_q_reg[0][36]/D","P2 lane result capture","FDCE=2;LUT2=1;LUT5=1;LUT6=3;MUXF7=1"
59,0.782,5.000,4.247,1.291,2.956,0.696,6,"st_q_reg[4]_rep__0/C","lane_result_q_reg[0][37]/D","P2 lane result capture","FDCE=2;LUT2=1;LUT5=1;LUT6=3;MUXF7=1"
60,0.782,5.000,4.247,1.291,2.956,0.696,6,"st_q_reg[4]_rep__0/C","lane_result_q_reg[0][38]/D","P2 lane result capture","FDCE=2;LUT2=1;LUT5=1;LUT6=3;MUXF7=1"
61,0.782,5.000,4.247,1.291,2.956,0.696,6,"st_q_reg[4]_rep__0/C","lane_result_q_reg[0][39]/D","P2 lane result capture","FDCE=2;LUT2=1;LUT5=1;LUT6=3;MUXF7=1"
62,0.782,5.000,4.247,1.291,2.956,0.696,6,"st_q_reg[4]_rep__0/C","lane_result_q_reg[0][40]/D","P2 lane result capture","FDCE=2;LUT2=1;LUT5=1;LUT6=3;MUXF7=1"
63,0.782,5.000,4.247,1.291,2.956,0.696,6,"st_q_reg[4]_rep__0/C","lane_result_q_reg[0][41]/D","P2 lane result capture","FDCE=2;LUT2=1;LUT5=1;LUT6=3;MUXF7=1"
64,0.782,5.000,4.247,1.291,2.956,0.696,6,"st_q_reg[4]_rep__0/C","lane_result_q_reg[0][42]/D","P2 lane result capture","FDCE=2;LUT2=1;LUT5=1;LUT6=3;MUXF7=1"
65,0.782,5.000,4.247,1.291,2.956,0.696,6,"st_q_reg[4]_rep__0/C","lane_result_q_reg[0][43]/D","P2 lane result capture","FDCE=2;LUT2=1;LUT5=1;LUT6=3;MUXF7=1"
66,0.782,5.000,4.247,1.291,2.956,0.696,6,"st_q_reg[4]_rep__0/C","lane_result_q_reg[0][44]/D","P2 lane result capture","FDCE=2;LUT2=1;LUT5=1;LUT6=3;MUXF7=1"
67,0.782,5.000,4.247,1.291,2.956,0.696,6,"st_q_reg[4]_rep__0/C","lane_result_q_reg[0][45]/D","P2 lane result capture","FDCE=2;LUT2=1;LUT5=1;LUT6=3;MUXF7=1"
68,0.782,5.000,4.247,1.291,2.956,0.696,6,"st_q_reg[4]_rep__0/C","lane_result_q_reg[0][46]/D","P2 lane result capture","FDCE=2;LUT2=1;LUT5=1;LUT6=3;MUXF7=1"
69,0.782,5.000,4.247,1.291,2.956,0.696,6,"st_q_reg[4]_rep__0/C","lane_result_q_reg[0][47]/D","P2 lane result capture","FDCE=2;LUT2=1;LUT5=1;LUT6=3;MUXF7=1"
70,0.782,5.000,4.247,1.291,2.956,0.696,6,"st_q_reg[4]_rep__0/C","lane_result_q_reg[0][48]/D","P2 lane result capture","FDCE=2;LUT2=1;LUT5=1;LUT6=3;MUXF7=1"
71,0.782,5.000,4.247,1.291,2.956,0.696,6,"st_q_reg[4]_rep__0/C","lane_result_q_reg[0][49]/D","P2 lane result capture","FDCE=2;LUT2=1;LUT5=1;LUT6=3;MUXF7=1"
72,0.782,5.000,4.247,1.291,2.956,0.696,6,"st_q_reg[4]_rep__0/C","lane_result_q_reg[0][50]/D","P2 lane result capture","FDCE=2;LUT2=1;LUT5=1;LUT6=3;MUXF7=1"
73,0.782,5.000,4.247,1.291,2.956,0.696,6,"st_q_reg[4]_rep__0/C","lane_result_q_reg[0][51]/D","P2 lane result capture","FDCE=2;LUT2=1;LUT5=1;LUT6=3;MUXF7=1"
74,0.782,5.000,4.247,1.291,2.956,0.696,6,"st_q_reg[4]_rep__0/C","lane_result_q_reg[0][52]/D","P2 lane result capture","FDCE=2;LUT2=1;LUT5=1;LUT6=3;MUXF7=1"
75,0.782,5.000,4.247,1.291,2.956,0.696,6,"st_q_reg[4]_rep__0/C","lane_result_q_reg[0][53]/D","P2 lane result capture","FDCE=2;LUT2=1;LUT5=1;LUT6=3;MUXF7=1"
76,0.782,5.000,4.247,1.291,2.956,0.696,6,"st_q_reg[4]_rep__0/C","lane_result_q_reg[0][54]/D","P2 lane result capture","FDCE=2;LUT2=1;LUT5=1;LUT6=3;MUXF7=1"
77,0.782,5.000,4.247,1.291,2.956,0.696,6,"st_q_reg[4]_rep__0/C","lane_result_q_reg[0][55]/D","P2 lane result capture","FDCE=2;LUT2=1;LUT5=1;LUT6=3;MUXF7=1"
78,0.782,5.000,4.247,1.291,2.956,0.696,6,"st_q_reg[4]_rep__0/C","lane_result_q_reg[0][56]/D","P2 lane result capture","FDCE=2;LUT2=1;LUT5=1;LUT6=3;MUXF7=1"
79,0.782,5.000,4.247,1.291,2.956,0.696,6,"st_q_reg[4]_rep__0/C","lane_result_q_reg[0][57]/D","P2 lane result capture","FDCE=2;LUT2=1;LUT5=1;LUT6=3;MUXF7=1"
80,0.782,5.000,4.247,1.291,2.956,0.696,6,"st_q_reg[4]_rep__0/C","lane_result_q_reg[0][58]/D","P2 lane result capture","FDCE=2;LUT2=1;LUT5=1;LUT6=3;MUXF7=1"
81,0.782,5.000,4.247,1.291,2.956,0.696,6,"st_q_reg[4]_rep__0/C","lane_result_q_reg[0][59]/D","P2 lane result capture","FDCE=2;LUT2=1;LUT5=1;LUT6=3;MUXF7=1"
82,0.782,5.000,4.247,1.291,2.956,0.696,6,"st_q_reg[4]_rep__0/C","lane_result_q_reg[0][60]/D","P2 lane result capture","FDCE=2;LUT2=1;LUT5=1;LUT6=3;MUXF7=1"
83,0.782,5.000,4.247,1.291,2.956,0.696,6,"st_q_reg[4]_rep__0/C","lane_result_q_reg[0][61]/D","P2 lane result capture","FDCE=2;LUT2=1;LUT5=1;LUT6=3;MUXF7=1"
84,0.782,5.000,4.247,1.291,2.956,0.696,6,"st_q_reg[4]_rep__0/C","lane_result_q_reg[0][62]/D","P2 lane result capture","FDCE=2;LUT2=1;LUT5=1;LUT6=3;MUXF7=1"
85,0.782,5.000,4.247,1.291,2.956,0.696,6,"st_q_reg[4]_rep__0/C","lane_result_q_reg[0][63]/D","P2 lane result capture","FDCE=2;LUT2=1;LUT5=1;LUT6=3;MUXF7=1"
86,0.782,5.000,4.247,1.291,2.956,0.696,6,"st_q_reg[4]_rep__0/C","lane_result_q_reg[1][0]/D","P2 lane result capture","FDCE=2;LUT2=1;LUT5=1;LUT6=3;MUXF7=1"
87,0.783,5.000,4.246,1.291,2.955,0.696,6,"st_q_reg[4]_rep__0/C","lane_result_q_reg[1][10]/D","P2 lane result capture","FDCE=2;LUT2=1;LUT5=1;LUT6=3;MUXF7=1"
88,0.783,5.000,4.246,1.291,2.955,0.696,6,"st_q_reg[4]_rep__0/C","lane_result_q_reg[1][11]/D","P2 lane result capture","FDCE=2;LUT2=1;LUT5=1;LUT6=3;MUXF7=1"
89,0.783,5.000,4.246,1.291,2.955,0.696,6,"st_q_reg[4]_rep__0/C","lane_result_q_reg[1][12]/D","P2 lane result capture","FDCE=2;LUT2=1;LUT5=1;LUT6=3;MUXF7=1"
90,0.783,5.000,4.246,1.291,2.955,0.696,6,"st_q_reg[4]_rep__0/C","lane_result_q_reg[1][13]/D","P2 lane result capture","FDCE=2;LUT2=1;LUT5=1;LUT6=3;MUXF7=1"
91,0.783,5.000,4.246,1.291,2.955,0.696,6,"st_q_reg[4]_rep__0/C","lane_result_q_reg[1][14]/D","P2 lane result capture","FDCE=2;LUT2=1;LUT5=1;LUT6=3;MUXF7=1"
92,0.783,5.000,4.246,1.291,2.955,0.696,6,"st_q_reg[4]_rep__0/C","lane_result_q_reg[1][15]/D","P2 lane result capture","FDCE=2;LUT2=1;LUT5=1;LUT6=3;MUXF7=1"
93,0.783,5.000,4.246,1.291,2.955,0.696,6,"st_q_reg[4]_rep__0/C","lane_result_q_reg[1][16]/D","P2 lane result capture","FDCE=2;LUT2=1;LUT5=1;LUT6=3;MUXF7=1"
94,0.783,5.000,4.246,1.291,2.955,0.696,6,"st_q_reg[4]_rep__0/C","lane_result_q_reg[1][17]/D","P2 lane result capture","FDCE=2;LUT2=1;LUT5=1;LUT6=3;MUXF7=1"
95,0.783,5.000,4.246,1.291,2.955,0.696,6,"st_q_reg[4]_rep__0/C","lane_result_q_reg[1][18]/D","P2 lane result capture","FDCE=2;LUT2=1;LUT5=1;LUT6=3;MUXF7=1"
96,0.783,5.000,4.246,1.291,2.955,0.696,6,"st_q_reg[4]_rep__0/C","lane_result_q_reg[1][19]/D","P2 lane result capture","FDCE=2;LUT2=1;LUT5=1;LUT6=3;MUXF7=1"
97,0.783,5.000,4.246,1.291,2.955,0.696,6,"st_q_reg[4]_rep__0/C","lane_result_q_reg[1][1]/D","P2 lane result capture","FDCE=2;LUT2=1;LUT5=1;LUT6=3;MUXF7=1"
98,0.783,5.000,4.246,1.291,2.955,0.696,6,"st_q_reg[4]_rep__0/C","lane_result_q_reg[1][20]/D","P2 lane result capture","FDCE=2;LUT2=1;LUT5=1;LUT6=3;MUXF7=1"
99,0.783,5.000,4.246,1.291,2.955,0.696,6,"st_q_reg[4]_rep__0/C","lane_result_q_reg[1][21]/D","P2 lane result capture","FDCE=2;LUT2=1;LUT5=1;LUT6=3;MUXF7=1"
100,0.783,5.000,4.246,1.291,2.955,0.696,6,"st_q_reg[4]_rep__0/C","lane_result_q_reg[1][22]/D","P2 lane result capture","FDCE=2;LUT2=1;LUT5=1;LUT6=3;MUXF7=1"
101,0.783,5.000,4.246,1.291,2.955,0.696,6,"st_q_reg[4]_rep__0/C","lane_result_q_reg[1][23]/D","P2 lane result capture","FDCE=2;LUT2=1;LUT5=1;LUT6=3;MUXF7=1"
102,0.783,5.000,4.246,1.291,2.955,0.696,6,"st_q_reg[4]_rep__0/C","lane_result_q_reg[1][24]/D","P2 lane result capture","FDCE=2;LUT2=1;LUT5=1;LUT6=3;MUXF7=1"
103,0.783,5.000,4.246,1.291,2.955,0.696,6,"st_q_reg[4]_rep__0/C","lane_result_q_reg[1][25]/D","P2 lane result capture","FDCE=2;LUT2=1;LUT5=1;LUT6=3;MUXF7=1"
104,0.783,5.000,4.246,1.291,2.955,0.696,6,"st_q_reg[4]_rep__0/C","lane_result_q_reg[1][26]/D","P2 lane result capture","FDCE=2;LUT2=1;LUT5=1;LUT6=3;MUXF7=1"
105,0.783,5.000,4.246,1.291,2.955,0.696,6,"st_q_reg[4]_rep__0/C","lane_result_q_reg[1][27]/D","P2 lane result capture","FDCE=2;LUT2=1;LUT5=1;LUT6=3;MUXF7=1"
106,0.783,5.000,4.246,1.291,2.955,0.696,6,"st_q_reg[4]_rep__0/C","lane_result_q_reg[1][28]/D","P2 lane result capture","FDCE=2;LUT2=1;LUT5=1;LUT6=3;MUXF7=1"
107,0.783,5.000,4.246,1.291,2.955,0.696,6,"st_q_reg[4]_rep__0/C","lane_result_q_reg[1][29]/D","P2 lane result capture","FDCE=2;LUT2=1;LUT5=1;LUT6=3;MUXF7=1"
108,0.783,5.000,4.246,1.291,2.955,0.696,6,"st_q_reg[4]_rep__0/C","lane_result_q_reg[1][2]/D","P2 lane result capture","FDCE=2;LUT2=1;LUT5=1;LUT6=3;MUXF7=1"
109,0.783,5.000,4.246,1.291,2.955,0.696,6,"st_q_reg[4]_rep__0/C","lane_result_q_reg[1][30]/D","P2 lane result capture","FDCE=2;LUT2=1;LUT5=1;LUT6=3;MUXF7=1"
110,0.783,5.000,4.246,1.291,2.955,0.696,6,"st_q_reg[4]_rep__0/C","lane_result_q_reg[1][31]/D","P2 lane result capture","FDCE=2;LUT2=1;LUT5=1;LUT6=3;MUXF7=1"
111,0.783,5.000,4.246,1.291,2.955,0.696,6,"st_q_reg[4]_rep__0/C","lane_result_q_reg[1][32]/D","P2 lane result capture","FDCE=2;LUT2=1;LUT5=1;LUT6=3;MUXF7=1"
112,0.783,5.000,4.246,1.291,2.955,0.696,6,"st_q_reg[4]_rep__0/C","lane_result_q_reg[1][33]/D","P2 lane result capture","FDCE=2;LUT2=1;LUT5=1;LUT6=3;MUXF7=1"
113,0.783,5.000,4.246,1.291,2.955,0.696,6,"st_q_reg[4]_rep__0/C","lane_result_q_reg[1][34]/D","P2 lane result capture","FDCE=2;LUT2=1;LUT5=1;LUT6=3;MUXF7=1"
114,0.783,5.000,4.246,1.291,2.955,0.696,6,"st_q_reg[4]_rep__0/C","lane_result_q_reg[1][35]/D","P2 lane result capture","FDCE=2;LUT2=1;LUT5=1;LUT6=3;MUXF7=1"
115,0.783,5.000,4.246,1.291,2.955,0.696,6,"st_q_reg[4]_rep__0/C","lane_result_q_reg[1][36]/D","P2 lane result capture","FDCE=2;LUT2=1;LUT5=1;LUT6=3;MUXF7=1"
116,0.783,5.000,4.246,1.291,2.955,0.696,6,"st_q_reg[4]_rep__0/C","lane_result_q_reg[1][37]/D","P2 lane result capture","FDCE=2;LUT2=1;LUT5=1;LUT6=3;MUXF7=1"
117,0.783,5.000,4.246,1.291,2.955,0.696,6,"st_q_reg[4]_rep__0/C","lane_result_q_reg[1][38]/D","P2 lane result capture","FDCE=2;LUT2=1;LUT5=1;LUT6=3;MUXF7=1"
118,0.783,5.000,4.246,1.291,2.955,0.696,6,"st_q_reg[4]_rep__0/C","lane_result_q_reg[1][39]/D","P2 lane result capture","FDCE=2;LUT2=1;LUT5=1;LUT6=3;MUXF7=1"
119,0.783,5.000,4.246,1.291,2.955,0.696,6,"st_q_reg[4]_rep__0/C","lane_result_q_reg[1][3]/D","P2 lane result capture","FDCE=2;LUT2=1;LUT5=1;LUT6=3;MUXF7=1"
120,0.783,5.000,4.246,1.291,2.955,0.696,6,"st_q_reg[4]_rep__0/C","lane_result_q_reg[1][40]/D","P2 lane result capture","FDCE=2;LUT2=1;LUT5=1;LUT6=3;MUXF7=1"
121,0.783,5.000,4.246,1.291,2.955,0.696,6,"st_q_reg[4]_rep__0/C","lane_result_q_reg[1][41]/D","P2 lane result capture","FDCE=2;LUT2=1;LUT5=1;LUT6=3;MUXF7=1"
122,0.783,5.000,4.246,1.291,2.955,0.696,6,"st_q_reg[4]_rep__0/C","lane_result_q_reg[1][42]/D","P2 lane result capture","FDCE=2;LUT2=1;LUT5=1;LUT6=3;MUXF7=1"
123,0.783,5.000,4.246,1.291,2.955,0.696,6,"st_q_reg[4]_rep__0/C","lane_result_q_reg[1][43]/D","P2 lane result capture","FDCE=2;LUT2=1;LUT5=1;LUT6=3;MUXF7=1"
124,0.783,5.000,4.246,1.291,2.955,0.696,6,"st_q_reg[4]_rep__0/C","lane_result_q_reg[1][44]/D","P2 lane result capture","FDCE=2;LUT2=1;LUT5=1;LUT6=3;MUXF7=1"
125,0.783,5.000,4.246,1.291,2.955,0.696,6,"st_q_reg[4]_rep__0/C","lane_result_q_reg[1][45]/D","P2 lane result capture","FDCE=2;LUT2=1;LUT5=1;LUT6=3;MUXF7=1"
126,0.783,5.000,4.246,1.291,2.955,0.696,6,"st_q_reg[4]_rep__0/C","lane_result_q_reg[1][46]/D","P2 lane result capture","FDCE=2;LUT2=1;LUT5=1;LUT6=3;MUXF7=1"
127,0.783,5.000,4.246,1.291,2.955,0.696,6,"st_q_reg[4]_rep__0/C","lane_result_q_reg[1][47]/D","P2 lane result capture","FDCE=2;LUT2=1;LUT5=1;LUT6=3;MUXF7=1"
128,0.783,5.000,4.246,1.291,2.955,0.696,6,"st_q_reg[4]_rep__0/C","lane_result_q_reg[1][48]/D","P2 lane result capture","FDCE=2;LUT2=1;LUT5=1;LUT6=3;MUXF7=1"
129,0.783,5.000,4.246,1.291,2.955,0.696,6,"st_q_reg[4]_rep__0/C","lane_result_q_reg[1][49]/D","P2 lane result capture","FDCE=2;LUT2=1;LUT5=1;LUT6=3;MUXF7=1"
130,0.783,5.000,4.246,1.291,2.955,0.696,6,"st_q_reg[4]_rep__0/C","lane_result_q_reg[1][4]/D","P2 lane result capture","FDCE=2;LUT2=1;LUT5=1;LUT6=3;MUXF7=1"
131,0.783,5.000,4.246,1.291,2.955,0.696,6,"st_q_reg[4]_rep__0/C","lane_result_q_reg[1][50]/D","P2 lane result capture","FDCE=2;LUT2=1;LUT5=1;LUT6=3;MUXF7=1"
132,0.783,5.000,4.246,1.291,2.955,0.696,6,"st_q_reg[4]_rep__0/C","lane_result_q_reg[1][51]/D","P2 lane result capture","FDCE=2;LUT2=1;LUT5=1;LUT6=3;MUXF7=1"
133,0.783,5.000,4.246,1.291,2.955,0.696,6,"st_q_reg[4]_rep__0/C","lane_result_q_reg[1][52]/D","P2 lane result capture","FDCE=2;LUT2=1;LUT5=1;LUT6=3;MUXF7=1"
134,0.783,5.000,4.246,1.291,2.955,0.696,6,"st_q_reg[4]_rep__0/C","lane_result_q_reg[1][53]/D","P2 lane result capture","FDCE=2;LUT2=1;LUT5=1;LUT6=3;MUXF7=1"
135,0.783,5.000,4.246,1.291,2.955,0.696,6,"st_q_reg[4]_rep__0/C","lane_result_q_reg[1][54]/D","P2 lane result capture","FDCE=2;LUT2=1;LUT5=1;LUT6=3;MUXF7=1"
136,0.783,5.000,4.246,1.291,2.955,0.696,6,"st_q_reg[4]_rep__0/C","lane_result_q_reg[1][55]/D","P2 lane result capture","FDCE=2;LUT2=1;LUT5=1;LUT6=3;MUXF7=1"
137,0.783,5.000,4.246,1.291,2.955,0.696,6,"st_q_reg[4]_rep__0/C","lane_result_q_reg[1][56]/D","P2 lane result capture","FDCE=2;LUT2=1;LUT5=1;LUT6=3;MUXF7=1"
138,0.783,5.000,4.246,1.291,2.955,0.696,6,"st_q_reg[4]_rep__0/C","lane_result_q_reg[1][57]/D","P2 lane result capture","FDCE=2;LUT2=1;LUT5=1;LUT6=3;MUXF7=1"
139,0.783,5.000,4.246,1.291,2.955,0.696,6,"st_q_reg[4]_rep__0/C","lane_result_q_reg[1][58]/D","P2 lane result capture","FDCE=2;LUT2=1;LUT5=1;LUT6=3;MUXF7=1"
140,0.783,5.000,4.246,1.291,2.955,0.696,6,"st_q_reg[4]_rep__0/C","lane_result_q_reg[1][59]/D","P2 lane result capture","FDCE=2;LUT2=1;LUT5=1;LUT6=3;MUXF7=1"
141,0.783,5.000,4.246,1.291,2.955,0.696,6,"st_q_reg[4]_rep__0/C","lane_result_q_reg[1][5]/D","P2 lane result capture","FDCE=2;LUT2=1;LUT5=1;LUT6=3;MUXF7=1"
142,0.783,5.000,4.246,1.291,2.955,0.696,6,"st_q_reg[4]_rep__0/C","lane_result_q_reg[1][60]/D","P2 lane result capture","FDCE=2;LUT2=1;LUT5=1;LUT6=3;MUXF7=1"
143,0.783,5.000,4.246,1.291,2.955,0.696,6,"st_q_reg[4]_rep__0/C","lane_result_q_reg[1][61]/D","P2 lane result capture","FDCE=2;LUT2=1;LUT5=1;LUT6=3;MUXF7=1"
144,0.783,5.000,4.246,1.291,2.955,0.696,6,"st_q_reg[4]_rep__0/C","lane_result_q_reg[1][62]/D","P2 lane result capture","FDCE=2;LUT2=1;LUT5=1;LUT6=3;MUXF7=1"
145,0.783,5.000,4.246,1.291,2.955,0.696,6,"st_q_reg[4]_rep__0/C","lane_result_q_reg[1][63]/D","P2 lane result capture","FDCE=2;LUT2=1;LUT5=1;LUT6=3;MUXF7=1"
146,0.783,5.000,4.246,1.291,2.955,0.696,6,"st_q_reg[4]_rep__0/C","lane_result_q_reg[1][6]/D","P2 lane result capture","FDCE=2;LUT2=1;LUT5=1;LUT6=3;MUXF7=1"
147,0.783,5.000,4.246,1.291,2.955,0.696,6,"st_q_reg[4]_rep__0/C","lane_result_q_reg[1][7]/D","P2 lane result capture","FDCE=2;LUT2=1;LUT5=1;LUT6=3;MUXF7=1"
148,0.783,5.000,4.246,1.291,2.955,0.696,6,"st_q_reg[4]_rep__0/C","lane_result_q_reg[1][8]/D","P2 lane result capture","FDCE=2;LUT2=1;LUT5=1;LUT6=3;MUXF7=1"
149,0.783,5.000,4.246,1.291,2.955,0.696,6,"st_q_reg[4]_rep__0/C","lane_result_q_reg[1][9]/D","P2 lane result capture","FDCE=2;LUT2=1;LUT5=1;LUT6=3;MUXF7=1"
150,0.783,5.000,4.246,1.291,2.955,0.696,6,"st_q_reg[4]_rep__0/C","lane_result_q_reg[2][0]/D","P2 lane result capture","FDCE=2;LUT2=1;LUT5=1;LUT6=3;MUXF7=1"
151,0.783,5.000,4.246,1.291,2.955,0.696,6,"st_q_reg[4]_rep__0/C","lane_result_q_reg[2][10]/D","P2 lane result capture","FDCE=2;LUT2=1;LUT5=1;LUT6=3;MUXF7=1"
152,0.783,5.000,4.246,1.291,2.955,0.696,6,"st_q_reg[4]_rep__0/C","lane_result_q_reg[2][11]/D","P2 lane result capture","FDCE=2;LUT2=1;LUT5=1;LUT6=3;MUXF7=1"
153,0.783,5.000,4.246,1.291,2.955,0.696,6,"st_q_reg[4]_rep__0/C","lane_result_q_reg[2][12]/D","P2 lane result capture","FDCE=2;LUT2=1;LUT5=1;LUT6=3;MUXF7=1"
154,0.783,5.000,4.246,1.291,2.955,0.696,6,"st_q_reg[4]_rep__0/C","lane_result_q_reg[2][13]/D","P2 lane result capture","FDCE=2;LUT2=1;LUT5=1;LUT6=3;MUXF7=1"
155,0.783,5.000,4.246,1.291,2.955,0.696,6,"st_q_reg[4]_rep__0/C","lane_result_q_reg[2][14]/D","P2 lane result capture","FDCE=2;LUT2=1;LUT5=1;LUT6=3;MUXF7=1"
156,0.783,5.000,4.246,1.291,2.955,0.696,6,"st_q_reg[4]_rep__0/C","lane_result_q_reg[2][15]/D","P2 lane result capture","FDCE=2;LUT2=1;LUT5=1;LUT6=3;MUXF7=1"
157,0.783,5.000,4.246,1.291,2.955,0.696,6,"st_q_reg[4]_rep__0/C","lane_result_q_reg[2][16]/D","P2 lane result capture","FDCE=2;LUT2=1;LUT5=1;LUT6=3;MUXF7=1"
158,0.783,5.000,4.246,1.291,2.955,0.696,6,"st_q_reg[4]_rep__0/C","lane_result_q_reg[2][17]/D","P2 lane result capture","FDCE=2;LUT2=1;LUT5=1;LUT6=3;MUXF7=1"
159,0.783,5.000,4.246,1.291,2.955,0.696,6,"st_q_reg[4]_rep__0/C","lane_result_q_reg[2][18]/D","P2 lane result capture","FDCE=2;LUT2=1;LUT5=1;LUT6=3;MUXF7=1"
160,0.783,5.000,4.246,1.291,2.955,0.696,6,"st_q_reg[4]_rep__0/C","lane_result_q_reg[2][19]/D","P2 lane result capture","FDCE=2;LUT2=1;LUT5=1;LUT6=3;MUXF7=1"
161,0.783,5.000,4.246,1.291,2.955,0.696,6,"st_q_reg[4]_rep__0/C","lane_result_q_reg[2][1]/D","P2 lane result capture","FDCE=2;LUT2=1;LUT5=1;LUT6=3;MUXF7=1"
162,0.783,5.000,4.246,1.291,2.955,0.696,6,"st_q_reg[4]_rep__0/C","lane_result_q_reg[2][20]/D","P2 lane result capture","FDCE=2;LUT2=1;LUT5=1;LUT6=3;MUXF7=1"
163,0.783,5.000,4.246,1.291,2.955,0.696,6,"st_q_reg[4]_rep__0/C","lane_result_q_reg[2][21]/D","P2 lane result capture","FDCE=2;LUT2=1;LUT5=1;LUT6=3;MUXF7=1"
164,0.783,5.000,4.246,1.291,2.955,0.696,6,"st_q_reg[4]_rep__0/C","lane_result_q_reg[2][22]/D","P2 lane result capture","FDCE=2;LUT2=1;LUT5=1;LUT6=3;MUXF7=1"
165,0.783,5.000,4.246,1.291,2.955,0.696,6,"st_q_reg[4]_rep__0/C","lane_result_q_reg[2][23]/D","P2 lane result capture","FDCE=2;LUT2=1;LUT5=1;LUT6=3;MUXF7=1"
166,0.783,5.000,4.246,1.291,2.955,0.696,6,"st_q_reg[4]_rep__0/C","lane_result_q_reg[2][24]/D","P2 lane result capture","FDCE=2;LUT2=1;LUT5=1;LUT6=3;MUXF7=1"
167,0.783,5.000,4.246,1.291,2.955,0.696,6,"st_q_reg[4]_rep__0/C","lane_result_q_reg[2][25]/D","P2 lane result capture","FDCE=2;LUT2=1;LUT5=1;LUT6=3;MUXF7=1"
168,0.783,5.000,4.246,1.291,2.955,0.696,6,"st_q_reg[4]_rep__0/C","lane_result_q_reg[2][26]/D","P2 lane result capture","FDCE=2;LUT2=1;LUT5=1;LUT6=3;MUXF7=1"
169,0.783,5.000,4.246,1.291,2.955,0.696,6,"st_q_reg[4]_rep__0/C","lane_result_q_reg[2][27]/D","P2 lane result capture","FDCE=2;LUT2=1;LUT5=1;LUT6=3;MUXF7=1"
170,0.783,5.000,4.246,1.291,2.955,0.696,6,"st_q_reg[4]_rep__0/C","lane_result_q_reg[2][28]/D","P2 lane result capture","FDCE=2;LUT2=1;LUT5=1;LUT6=3;MUXF7=1"
171,0.783,5.000,4.246,1.291,2.955,0.696,6,"st_q_reg[4]_rep__0/C","lane_result_q_reg[2][29]/D","P2 lane result capture","FDCE=2;LUT2=1;LUT5=1;LUT6=3;MUXF7=1"
172,0.783,5.000,4.246,1.291,2.955,0.696,6,"st_q_reg[4]_rep__0/C","lane_result_q_reg[2][2]/D","P2 lane result capture","FDCE=2;LUT2=1;LUT5=1;LUT6=3;MUXF7=1"
173,0.783,5.000,4.246,1.291,2.955,0.696,6,"st_q_reg[4]_rep__0/C","lane_result_q_reg[2][30]/D","P2 lane result capture","FDCE=2;LUT2=1;LUT5=1;LUT6=3;MUXF7=1"
174,0.783,5.000,4.246,1.291,2.955,0.696,6,"st_q_reg[4]_rep__0/C","lane_result_q_reg[2][31]/D","P2 lane result capture","FDCE=2;LUT2=1;LUT5=1;LUT6=3;MUXF7=1"
175,0.783,5.000,4.246,1.291,2.955,0.696,6,"st_q_reg[4]_rep__0/C","lane_result_q_reg[2][32]/D","P2 lane result capture","FDCE=2;LUT2=1;LUT5=1;LUT6=3;MUXF7=1"
176,0.783,5.000,4.246,1.291,2.955,0.696,6,"st_q_reg[4]_rep__0/C","lane_result_q_reg[2][33]/D","P2 lane result capture","FDCE=2;LUT2=1;LUT5=1;LUT6=3;MUXF7=1"
177,0.783,5.000,4.246,1.291,2.955,0.696,6,"st_q_reg[4]_rep__0/C","lane_result_q_reg[2][34]/D","P2 lane result capture","FDCE=2;LUT2=1;LUT5=1;LUT6=3;MUXF7=1"
178,0.783,5.000,4.246,1.291,2.955,0.696,6,"st_q_reg[4]_rep__0/C","lane_result_q_reg[2][35]/D","P2 lane result capture","FDCE=2;LUT2=1;LUT5=1;LUT6=3;MUXF7=1"
179,0.783,5.000,4.246,1.291,2.955,0.696,6,"st_q_reg[4]_rep__0/C","lane_result_q_reg[2][36]/D","P2 lane result capture","FDCE=2;LUT2=1;LUT5=1;LUT6=3;MUXF7=1"
180,0.783,5.000,4.246,1.291,2.955,0.696,6,"st_q_reg[4]_rep__0/C","lane_result_q_reg[2][37]/D","P2 lane result capture","FDCE=2;LUT2=1;LUT5=1;LUT6=3;MUXF7=1"
181,0.783,5.000,4.246,1.291,2.955,0.696,6,"st_q_reg[4]_rep__0/C","lane_result_q_reg[2][38]/D","P2 lane result capture","FDCE=2;LUT2=1;LUT5=1;LUT6=3;MUXF7=1"
182,0.783,5.000,4.246,1.291,2.955,0.696,6,"st_q_reg[4]_rep__0/C","lane_result_q_reg[2][39]/D","P2 lane result capture","FDCE=2;LUT2=1;LUT5=1;LUT6=3;MUXF7=1"
183,0.783,5.000,4.246,1.291,2.955,0.696,6,"st_q_reg[4]_rep__0/C","lane_result_q_reg[2][3]/D","P2 lane result capture","FDCE=2;LUT2=1;LUT5=1;LUT6=3;MUXF7=1"
184,0.783,5.000,4.246,1.291,2.955,0.696,6,"st_q_reg[4]_rep__0/C","lane_result_q_reg[2][40]/D","P2 lane result capture","FDCE=2;LUT2=1;LUT5=1;LUT6=3;MUXF7=1"
185,0.783,5.000,4.246,1.291,2.955,0.696,6,"st_q_reg[4]_rep__0/C","lane_result_q_reg[2][41]/D","P2 lane result capture","FDCE=2;LUT2=1;LUT5=1;LUT6=3;MUXF7=1"
186,0.783,5.000,4.246,1.291,2.955,0.696,6,"st_q_reg[4]_rep__0/C","lane_result_q_reg[2][42]/D","P2 lane result capture","FDCE=2;LUT2=1;LUT5=1;LUT6=3;MUXF7=1"
187,0.783,5.000,4.246,1.291,2.955,0.696,6,"st_q_reg[4]_rep__0/C","lane_result_q_reg[2][43]/D","P2 lane result capture","FDCE=2;LUT2=1;LUT5=1;LUT6=3;MUXF7=1"
188,0.783,5.000,4.246,1.291,2.955,0.696,6,"st_q_reg[4]_rep__0/C","lane_result_q_reg[2][44]/D","P2 lane result capture","FDCE=2;LUT2=1;LUT5=1;LUT6=3;MUXF7=1"
189,0.783,5.000,4.246,1.291,2.955,0.696,6,"st_q_reg[4]_rep__0/C","lane_result_q_reg[2][45]/D","P2 lane result capture","FDCE=2;LUT2=1;LUT5=1;LUT6=3;MUXF7=1"
190,0.783,5.000,4.246,1.291,2.955,0.696,6,"st_q_reg[4]_rep__0/C","lane_result_q_reg[2][46]/D","P2 lane result capture","FDCE=2;LUT2=1;LUT5=1;LUT6=3;MUXF7=1"
191,0.783,5.000,4.246,1.291,2.955,0.696,6,"st_q_reg[4]_rep__0/C","lane_result_q_reg[2][47]/D","P2 lane result capture","FDCE=2;LUT2=1;LUT5=1;LUT6=3;MUXF7=1"
192,0.783,5.000,4.246,1.291,2.955,0.696,6,"st_q_reg[4]_rep__0/C","lane_result_q_reg[2][48]/D","P2 lane result capture","FDCE=2;LUT2=1;LUT5=1;LUT6=3;MUXF7=1"
193,0.783,5.000,4.246,1.291,2.955,0.696,6,"st_q_reg[4]_rep__0/C","lane_result_q_reg[2][49]/D","P2 lane result capture","FDCE=2;LUT2=1;LUT5=1;LUT6=3;MUXF7=1"
194,0.783,5.000,4.246,1.291,2.955,0.696,6,"st_q_reg[4]_rep__0/C","lane_result_q_reg[2][4]/D","P2 lane result capture","FDCE=2;LUT2=1;LUT5=1;LUT6=3;MUXF7=1"
195,0.783,5.000,4.246,1.291,2.955,0.696,6,"st_q_reg[4]_rep__0/C","lane_result_q_reg[2][50]/D","P2 lane result capture","FDCE=2;LUT2=1;LUT5=1;LUT6=3;MUXF7=1"
196,0.783,5.000,4.246,1.291,2.955,0.696,6,"st_q_reg[4]_rep__0/C","lane_result_q_reg[2][51]/D","P2 lane result capture","FDCE=2;LUT2=1;LUT5=1;LUT6=3;MUXF7=1"
197,0.783,5.000,4.246,1.291,2.955,0.696,6,"st_q_reg[4]_rep__0/C","lane_result_q_reg[2][52]/D","P2 lane result capture","FDCE=2;LUT2=1;LUT5=1;LUT6=3;MUXF7=1"
198,0.783,5.000,4.246,1.291,2.955,0.696,6,"st_q_reg[4]_rep__0/C","lane_result_q_reg[2][53]/D","P2 lane result capture","FDCE=2;LUT2=1;LUT5=1;LUT6=3;MUXF7=1"
199,0.783,5.000,4.246,1.291,2.955,0.696,6,"st_q_reg[4]_rep__0/C","lane_result_q_reg[2][54]/D","P2 lane result capture","FDCE=2;LUT2=1;LUT5=1;LUT6=3;MUXF7=1"
200,0.783,5.000,4.246,1.291,2.955,0.696,6,"st_q_reg[4]_rep__0/C","lane_result_q_reg[2][55]/D","P2 lane result capture","FDCE=2;LUT2=1;LUT5=1;LUT6=3;MUXF7=1"
201,0.783,5.000,4.246,1.291,2.955,0.696,6,"st_q_reg[4]_rep__0/C","lane_result_q_reg[2][56]/D","P2 lane result capture","FDCE=2;LUT2=1;LUT5=1;LUT6=3;MUXF7=1"
202,0.783,5.000,4.246,1.291,2.955,0.696,6,"st_q_reg[4]_rep__0/C","lane_result_q_reg[2][57]/D","P2 lane result capture","FDCE=2;LUT2=1;LUT5=1;LUT6=3;MUXF7=1"
203,0.783,5.000,4.246,1.291,2.955,0.696,6,"st_q_reg[4]_rep__0/C","lane_result_q_reg[2][58]/D","P2 lane result capture","FDCE=2;LUT2=1;LUT5=1;LUT6=3;MUXF7=1"
204,0.783,5.000,4.246,1.291,2.955,0.696,6,"st_q_reg[4]_rep__0/C","lane_result_q_reg[2][59]/D","P2 lane result capture","FDCE=2;LUT2=1;LUT5=1;LUT6=3;MUXF7=1"
205,0.783,5.000,4.246,1.291,2.955,0.696,6,"st_q_reg[4]_rep__0/C","lane_result_q_reg[2][5]/D","P2 lane result capture","FDCE=2;LUT2=1;LUT5=1;LUT6=3;MUXF7=1"
206,0.783,5.000,4.246,1.291,2.955,0.696,6,"st_q_reg[4]_rep__0/C","lane_result_q_reg[2][60]/D","P2 lane result capture","FDCE=2;LUT2=1;LUT5=1;LUT6=3;MUXF7=1"
207,0.783,5.000,4.246,1.291,2.955,0.696,6,"st_q_reg[4]_rep__0/C","lane_result_q_reg[2][61]/D","P2 lane result capture","FDCE=2;LUT2=1;LUT5=1;LUT6=3;MUXF7=1"
208,0.783,5.000,4.246,1.291,2.955,0.696,6,"st_q_reg[4]_rep__0/C","lane_result_q_reg[2][62]/D","P2 lane result capture","FDCE=2;LUT2=1;LUT5=1;LUT6=3;MUXF7=1"
209,0.783,5.000,4.246,1.291,2.955,0.696,6,"st_q_reg[4]_rep__0/C","lane_result_q_reg[2][63]/D","P2 lane result capture","FDCE=2;LUT2=1;LUT5=1;LUT6=3;MUXF7=1"
210,0.783,5.000,4.246,1.291,2.955,0.696,6,"st_q_reg[4]_rep__0/C","lane_result_q_reg[2][6]/D","P2 lane result capture","FDCE=2;LUT2=1;LUT5=1;LUT6=3;MUXF7=1"
211,0.783,5.000,4.246,1.291,2.955,0.696,6,"st_q_reg[4]_rep__0/C","lane_result_q_reg[2][7]/D","P2 lane result capture","FDCE=2;LUT2=1;LUT5=1;LUT6=3;MUXF7=1"
212,0.783,5.000,4.246,1.291,2.955,0.696,6,"st_q_reg[4]_rep__0/C","lane_result_q_reg[2][8]/D","P2 lane result capture","FDCE=2;LUT2=1;LUT5=1;LUT6=3;MUXF7=1"
213,0.783,5.000,4.246,1.291,2.955,0.696,6,"st_q_reg[4]_rep__0/C","lane_result_q_reg[2][9]/D","P2 lane result capture","FDCE=2;LUT2=1;LUT5=1;LUT6=3;MUXF7=1"
214,0.783,5.000,4.246,1.291,2.955,0.696,6,"st_q_reg[4]_rep__0/C","lane_result_q_reg[3][0]/D","P2 lane result capture","FDCE=2;LUT2=1;LUT5=1;LUT6=3;MUXF7=1"
215,0.783,5.000,4.246,1.291,2.955,0.696,6,"st_q_reg[4]_rep__0/C","lane_result_q_reg[3][10]/D","P2 lane result capture","FDCE=2;LUT2=1;LUT5=1;LUT6=3;MUXF7=1"
216,0.783,5.000,4.246,1.291,2.955,0.696,6,"st_q_reg[4]_rep__0/C","lane_result_q_reg[3][11]/D","P2 lane result capture","FDCE=2;LUT2=1;LUT5=1;LUT6=3;MUXF7=1"
217,0.783,5.000,4.246,1.291,2.955,0.696,6,"st_q_reg[4]_rep__0/C","lane_result_q_reg[3][12]/D","P2 lane result capture","FDCE=2;LUT2=1;LUT5=1;LUT6=3;MUXF7=1"
218,0.783,5.000,4.246,1.291,2.955,0.696,6,"st_q_reg[4]_rep__0/C","lane_result_q_reg[3][13]/D","P2 lane result capture","FDCE=2;LUT2=1;LUT5=1;LUT6=3;MUXF7=1"
219,0.783,5.000,4.246,1.291,2.955,0.696,6,"st_q_reg[4]_rep__0/C","lane_result_q_reg[3][14]/D","P2 lane result capture","FDCE=2;LUT2=1;LUT5=1;LUT6=3;MUXF7=1"
220,0.783,5.000,4.246,1.291,2.955,0.696,6,"st_q_reg[4]_rep__0/C","lane_result_q_reg[3][15]/D","P2 lane result capture","FDCE=2;LUT2=1;LUT5=1;LUT6=3;MUXF7=1"
221,0.783,5.000,4.246,1.291,2.955,0.696,6,"st_q_reg[4]_rep__0/C","lane_result_q_reg[3][16]/D","P2 lane result capture","FDCE=2;LUT2=1;LUT5=1;LUT6=3;MUXF7=1"
222,0.783,5.000,4.246,1.291,2.955,0.696,6,"st_q_reg[4]_rep__0/C","lane_result_q_reg[3][17]/D","P2 lane result capture","FDCE=2;LUT2=1;LUT5=1;LUT6=3;MUXF7=1"
223,0.783,5.000,4.246,1.291,2.955,0.696,6,"st_q_reg[4]_rep__0/C","lane_result_q_reg[3][18]/D","P2 lane result capture","FDCE=2;LUT2=1;LUT5=1;LUT6=3;MUXF7=1"
224,0.783,5.000,4.246,1.291,2.955,0.696,6,"st_q_reg[4]_rep__0/C","lane_result_q_reg[3][19]/D","P2 lane result capture","FDCE=2;LUT2=1;LUT5=1;LUT6=3;MUXF7=1"
225,0.783,5.000,4.246,1.291,2.955,0.696,6,"st_q_reg[4]_rep__0/C","lane_result_q_reg[3][1]/D","P2 lane result capture","FDCE=2;LUT2=1;LUT5=1;LUT6=3;MUXF7=1"
226,0.783,5.000,4.246,1.291,2.955,0.696,6,"st_q_reg[4]_rep__0/C","lane_result_q_reg[3][20]/D","P2 lane result capture","FDCE=2;LUT2=1;LUT5=1;LUT6=3;MUXF7=1"
227,0.783,5.000,4.246,1.291,2.955,0.696,6,"st_q_reg[4]_rep__0/C","lane_result_q_reg[3][21]/D","P2 lane result capture","FDCE=2;LUT2=1;LUT5=1;LUT6=3;MUXF7=1"
228,0.783,5.000,4.246,1.291,2.955,0.696,6,"st_q_reg[4]_rep__0/C","lane_result_q_reg[3][22]/D","P2 lane result capture","FDCE=2;LUT2=1;LUT5=1;LUT6=3;MUXF7=1"
229,0.783,5.000,4.246,1.291,2.955,0.696,6,"st_q_reg[4]_rep__0/C","lane_result_q_reg[3][23]/D","P2 lane result capture","FDCE=2;LUT2=1;LUT5=1;LUT6=3;MUXF7=1"
230,0.783,5.000,4.246,1.291,2.955,0.696,6,"st_q_reg[4]_rep__0/C","lane_result_q_reg[3][24]/D","P2 lane result capture","FDCE=2;LUT2=1;LUT5=1;LUT6=3;MUXF7=1"
231,0.783,5.000,4.246,1.291,2.955,0.696,6,"st_q_reg[4]_rep__0/C","lane_result_q_reg[3][25]/D","P2 lane result capture","FDCE=2;LUT2=1;LUT5=1;LUT6=3;MUXF7=1"
232,0.783,5.000,4.246,1.291,2.955,0.696,6,"st_q_reg[4]_rep__0/C","lane_result_q_reg[3][26]/D","P2 lane result capture","FDCE=2;LUT2=1;LUT5=1;LUT6=3;MUXF7=1"
233,0.783,5.000,4.246,1.291,2.955,0.696,6,"st_q_reg[4]_rep__0/C","lane_result_q_reg[3][27]/D","P2 lane result capture","FDCE=2;LUT2=1;LUT5=1;LUT6=3;MUXF7=1"
234,0.783,5.000,4.246,1.291,2.955,0.696,6,"st_q_reg[4]_rep__0/C","lane_result_q_reg[3][28]/D","P2 lane result capture","FDCE=2;LUT2=1;LUT5=1;LUT6=3;MUXF7=1"
235,0.783,5.000,4.246,1.291,2.955,0.696,6,"st_q_reg[4]_rep__0/C","lane_result_q_reg[3][29]/D","P2 lane result capture","FDCE=2;LUT2=1;LUT5=1;LUT6=3;MUXF7=1"
236,0.783,5.000,4.246,1.291,2.955,0.696,6,"st_q_reg[4]_rep__0/C","lane_result_q_reg[3][2]/D","P2 lane result capture","FDCE=2;LUT2=1;LUT5=1;LUT6=3;MUXF7=1"
237,0.783,5.000,4.246,1.291,2.955,0.696,6,"st_q_reg[4]_rep__0/C","lane_result_q_reg[3][30]/D","P2 lane result capture","FDCE=2;LUT2=1;LUT5=1;LUT6=3;MUXF7=1"
238,0.783,5.000,4.246,1.291,2.955,0.696,6,"st_q_reg[4]_rep__0/C","lane_result_q_reg[3][31]/D","P2 lane result capture","FDCE=2;LUT2=1;LUT5=1;LUT6=3;MUXF7=1"
239,0.783,5.000,4.246,1.291,2.955,0.696,6,"st_q_reg[4]_rep__0/C","lane_result_q_reg[3][3]/D","P2 lane result capture","FDCE=2;LUT2=1;LUT5=1;LUT6=3;MUXF7=1"
240,0.783,5.000,4.246,1.291,2.955,0.696,6,"st_q_reg[4]_rep__0/C","lane_result_q_reg[3][4]/D","P2 lane result capture","FDCE=2;LUT2=1;LUT5=1;LUT6=3;MUXF7=1"
241,0.783,5.000,4.246,1.291,2.955,0.696,6,"st_q_reg[4]_rep__0/C","lane_result_q_reg[3][5]/D","P2 lane result capture","FDCE=2;LUT2=1;LUT5=1;LUT6=3;MUXF7=1"
242,0.783,5.000,4.246,1.291,2.955,0.696,6,"st_q_reg[4]_rep__0/C","lane_result_q_reg[3][6]/D","P2 lane result capture","FDCE=2;LUT2=1;LUT5=1;LUT6=3;MUXF7=1"
243,0.783,5.000,4.246,1.291,2.955,0.696,6,"st_q_reg[4]_rep__0/C","lane_result_q_reg[3][7]/D","P2 lane result capture","FDCE=2;LUT2=1;LUT5=1;LUT6=3;MUXF7=1"
244,0.783,5.000,4.246,1.291,2.955,0.696,6,"st_q_reg[4]_rep__0/C","lane_result_q_reg[3][8]/D","P2 lane result capture","FDCE=2;LUT2=1;LUT5=1;LUT6=3;MUXF7=1"
245,0.783,5.000,4.246,1.291,2.955,0.696,6,"st_q_reg[4]_rep__0/C","lane_result_q_reg[3][9]/D","P2 lane result capture","FDCE=2;LUT2=1;LUT5=1;LUT6=3;MUXF7=1"
246,0.788,5.000,4.241,1.291,2.950,0.696,6,"st_q_reg[4]_rep__0/C","lane_result_q_reg[0][0]/D","P2 lane result capture","FDCE=2;LUT2=1;LUT5=1;LUT6=3;MUXF7=1"
247,0.788,5.000,4.241,1.291,2.950,0.696,6,"st_q_reg[4]_rep__0/C","lane_result_q_reg[0][10]/D","P2 lane result capture","FDCE=2;LUT2=1;LUT5=1;LUT6=3;MUXF7=1"
248,0.788,5.000,4.241,1.291,2.950,0.696,6,"st_q_reg[4]_rep__0/C","lane_result_q_reg[0][11]/D","P2 lane result capture","FDCE=2;LUT2=1;LUT5=1;LUT6=3;MUXF7=1"
249,0.788,5.000,4.241,1.291,2.950,0.696,6,"st_q_reg[4]_rep__0/C","lane_result_q_reg[0][12]/D","P2 lane result capture","FDCE=2;LUT2=1;LUT5=1;LUT6=3;MUXF7=1"
250,0.788,5.000,4.241,1.291,2.950,0.696,6,"st_q_reg[4]_rep__0/C","lane_result_q_reg[0][13]/D","P2 lane result capture","FDCE=2;LUT2=1;LUT5=1;LUT6=3;MUXF7=1"
251,0.788,5.000,4.241,1.291,2.950,0.696,6,"st_q_reg[4]_rep__0/C","lane_result_q_reg[0][14]/D","P2 lane result capture","FDCE=2;LUT2=1;LUT5=1;LUT6=3;MUXF7=1"
252,0.788,5.000,4.241,1.291,2.950,0.696,6,"st_q_reg[4]_rep__0/C","lane_result_q_reg[0][15]/D","P2 lane result capture","FDCE=2;LUT2=1;LUT5=1;LUT6=3;MUXF7=1"
253,0.788,5.000,4.241,1.291,2.950,0.696,6,"st_q_reg[4]_rep__0/C","lane_result_q_reg[0][1]/D","P2 lane result capture","FDCE=2;LUT2=1;LUT5=1;LUT6=3;MUXF7=1"
254,0.788,5.000,4.241,1.291,2.950,0.696,6,"st_q_reg[4]_rep__0/C","lane_result_q_reg[0][2]/D","P2 lane result capture","FDCE=2;LUT2=1;LUT5=1;LUT6=3;MUXF7=1"
255,0.788,5.000,4.241,1.291,2.950,0.696,6,"st_q_reg[4]_rep__0/C","lane_result_q_reg[0][3]/D","P2 lane result capture","FDCE=2;LUT2=1;LUT5=1;LUT6=3;MUXF7=1"
256,0.788,5.000,4.241,1.291,2.950,0.696,6,"st_q_reg[4]_rep__0/C","lane_result_q_reg[0][4]/D","P2 lane result capture","FDCE=2;LUT2=1;LUT5=1;LUT6=3;MUXF7=1"
257,0.788,5.000,4.241,1.291,2.950,0.696,6,"st_q_reg[4]_rep__0/C","lane_result_q_reg[0][5]/D","P2 lane result capture","FDCE=2;LUT2=1;LUT5=1;LUT6=3;MUXF7=1"
258,0.788,5.000,4.241,1.291,2.950,0.696,6,"st_q_reg[4]_rep__0/C","lane_result_q_reg[0][6]/D","P2 lane result capture","FDCE=2;LUT2=1;LUT5=1;LUT6=3;MUXF7=1"
259,0.788,5.000,4.241,1.291,2.950,0.696,6,"st_q_reg[4]_rep__0/C","lane_result_q_reg[0][7]/D","P2 lane result capture","FDCE=2;LUT2=1;LUT5=1;LUT6=3;MUXF7=1"
260,0.788,5.000,4.241,1.291,2.950,0.696,6,"st_q_reg[4]_rep__0/C","lane_result_q_reg[0][8]/D","P2 lane result capture","FDCE=2;LUT2=1;LUT5=1;LUT6=3;MUXF7=1"
261,0.788,5.000,4.241,1.291,2.950,0.696,6,"st_q_reg[4]_rep__0/C","lane_result_q_reg[0][9]/D","P2 lane result capture","FDCE=2;LUT2=1;LUT5=1;LUT6=3;MUXF7=1"
262,0.789,5.000,4.240,1.291,2.949,0.696,6,"st_q_reg[4]_rep__0/C","lane_result_q_reg[3][32]/D","P2 lane result capture","FDCE=2;LUT2=1;LUT5=1;LUT6=3;MUXF7=1"
263,0.789,5.000,4.240,1.291,2.949,0.696,6,"st_q_reg[4]_rep__0/C","lane_result_q_reg[3][33]/D","P2 lane result capture","FDCE=2;LUT2=1;LUT5=1;LUT6=3;MUXF7=1"
264,0.789,5.000,4.240,1.291,2.949,0.696,6,"st_q_reg[4]_rep__0/C","lane_result_q_reg[3][34]/D","P2 lane result capture","FDCE=2;LUT2=1;LUT5=1;LUT6=3;MUXF7=1"
265,0.789,5.000,4.240,1.291,2.949,0.696,6,"st_q_reg[4]_rep__0/C","lane_result_q_reg[3][35]/D","P2 lane result capture","FDCE=2;LUT2=1;LUT5=1;LUT6=3;MUXF7=1"
266,0.789,5.000,4.240,1.291,2.949,0.696,6,"st_q_reg[4]_rep__0/C","lane_result_q_reg[3][36]/D","P2 lane result capture","FDCE=2;LUT2=1;LUT5=1;LUT6=3;MUXF7=1"
267,0.789,5.000,4.240,1.291,2.949,0.696,6,"st_q_reg[4]_rep__0/C","lane_result_q_reg[3][37]/D","P2 lane result capture","FDCE=2;LUT2=1;LUT5=1;LUT6=3;MUXF7=1"
268,0.789,5.000,4.240,1.291,2.949,0.696,6,"st_q_reg[4]_rep__0/C","lane_result_q_reg[3][38]/D","P2 lane result capture","FDCE=2;LUT2=1;LUT5=1;LUT6=3;MUXF7=1"
269,0.789,5.000,4.240,1.291,2.949,0.696,6,"st_q_reg[4]_rep__0/C","lane_result_q_reg[3][39]/D","P2 lane result capture","FDCE=2;LUT2=1;LUT5=1;LUT6=3;MUXF7=1"
270,0.789,5.000,4.240,1.291,2.949,0.696,6,"st_q_reg[4]_rep__0/C","lane_result_q_reg[3][40]/D","P2 lane result capture","FDCE=2;LUT2=1;LUT5=1;LUT6=3;MUXF7=1"
271,0.789,5.000,4.240,1.291,2.949,0.696,6,"st_q_reg[4]_rep__0/C","lane_result_q_reg[3][41]/D","P2 lane result capture","FDCE=2;LUT2=1;LUT5=1;LUT6=3;MUXF7=1"
272,0.789,5.000,4.240,1.291,2.949,0.696,6,"st_q_reg[4]_rep__0/C","lane_result_q_reg[3][42]/D","P2 lane result capture","FDCE=2;LUT2=1;LUT5=1;LUT6=3;MUXF7=1"
273,0.789,5.000,4.240,1.291,2.949,0.696,6,"st_q_reg[4]_rep__0/C","lane_result_q_reg[3][43]/D","P2 lane result capture","FDCE=2;LUT2=1;LUT5=1;LUT6=3;MUXF7=1"
274,0.789,5.000,4.240,1.291,2.949,0.696,6,"st_q_reg[4]_rep__0/C","lane_result_q_reg[3][44]/D","P2 lane result capture","FDCE=2;LUT2=1;LUT5=1;LUT6=3;MUXF7=1"
275,0.789,5.000,4.240,1.291,2.949,0.696,6,"st_q_reg[4]_rep__0/C","lane_result_q_reg[3][45]/D","P2 lane result capture","FDCE=2;LUT2=1;LUT5=1;LUT6=3;MUXF7=1"
276,0.789,5.000,4.240,1.291,2.949,0.696,6,"st_q_reg[4]_rep__0/C","lane_result_q_reg[3][46]/D","P2 lane result capture","FDCE=2;LUT2=1;LUT5=1;LUT6=3;MUXF7=1"
277,0.789,5.000,4.240,1.291,2.949,0.696,6,"st_q_reg[4]_rep__0/C","lane_result_q_reg[3][47]/D","P2 lane result capture","FDCE=2;LUT2=1;LUT5=1;LUT6=3;MUXF7=1"
278,0.796,5.000,4.233,1.291,2.942,0.695,6,"st_q_reg[4]_rep__0/C","lane_result_q_reg[3][48]/D","P2 lane result capture","FDCE=2;LUT2=1;LUT5=1;LUT6=3;MUXF7=1"
279,0.796,5.000,4.233,1.291,2.942,0.695,6,"st_q_reg[4]_rep__0/C","lane_result_q_reg[3][49]/D","P2 lane result capture","FDCE=2;LUT2=1;LUT5=1;LUT6=3;MUXF7=1"
280,0.796,5.000,4.233,1.291,2.942,0.695,6,"st_q_reg[4]_rep__0/C","lane_result_q_reg[3][50]/D","P2 lane result capture","FDCE=2;LUT2=1;LUT5=1;LUT6=3;MUXF7=1"
281,0.796,5.000,4.233,1.291,2.942,0.695,6,"st_q_reg[4]_rep__0/C","lane_result_q_reg[3][51]/D","P2 lane result capture","FDCE=2;LUT2=1;LUT5=1;LUT6=3;MUXF7=1"
282,0.796,5.000,4.233,1.291,2.942,0.695,6,"st_q_reg[4]_rep__0/C","lane_result_q_reg[3][52]/D","P2 lane result capture","FDCE=2;LUT2=1;LUT5=1;LUT6=3;MUXF7=1"
283,0.796,5.000,4.233,1.291,2.942,0.695,6,"st_q_reg[4]_rep__0/C","lane_result_q_reg[3][53]/D","P2 lane result capture","FDCE=2;LUT2=1;LUT5=1;LUT6=3;MUXF7=1"
284,0.796,5.000,4.233,1.291,2.942,0.695,6,"st_q_reg[4]_rep__0/C","lane_result_q_reg[3][54]/D","P2 lane result capture","FDCE=2;LUT2=1;LUT5=1;LUT6=3;MUXF7=1"
285,0.796,5.000,4.233,1.291,2.942,0.695,6,"st_q_reg[4]_rep__0/C","lane_result_q_reg[3][55]/D","P2 lane result capture","FDCE=2;LUT2=1;LUT5=1;LUT6=3;MUXF7=1"
286,0.796,5.000,4.233,1.291,2.942,0.695,6,"st_q_reg[4]_rep__0/C","lane_result_q_reg[3][56]/D","P2 lane result capture","FDCE=2;LUT2=1;LUT5=1;LUT6=3;MUXF7=1"
287,0.796,5.000,4.233,1.291,2.942,0.695,6,"st_q_reg[4]_rep__0/C","lane_result_q_reg[3][57]/D","P2 lane result capture","FDCE=2;LUT2=1;LUT5=1;LUT6=3;MUXF7=1"
288,0.796,5.000,4.233,1.291,2.942,0.695,6,"st_q_reg[4]_rep__0/C","lane_result_q_reg[3][58]/D","P2 lane result capture","FDCE=2;LUT2=1;LUT5=1;LUT6=3;MUXF7=1"
289,0.796,5.000,4.233,1.291,2.942,0.695,6,"st_q_reg[4]_rep__0/C","lane_result_q_reg[3][59]/D","P2 lane result capture","FDCE=2;LUT2=1;LUT5=1;LUT6=3;MUXF7=1"
290,0.796,5.000,4.233,1.291,2.942,0.695,6,"st_q_reg[4]_rep__0/C","lane_result_q_reg[3][60]/D","P2 lane result capture","FDCE=2;LUT2=1;LUT5=1;LUT6=3;MUXF7=1"
291,0.796,5.000,4.233,1.291,2.942,0.695,6,"st_q_reg[4]_rep__0/C","lane_result_q_reg[3][61]/D","P2 lane result capture","FDCE=2;LUT2=1;LUT5=1;LUT6=3;MUXF7=1"
292,0.796,5.000,4.233,1.291,2.942,0.695,6,"st_q_reg[4]_rep__0/C","lane_result_q_reg[3][62]/D","P2 lane result capture","FDCE=2;LUT2=1;LUT5=1;LUT6=3;MUXF7=1"
293,0.796,5.000,4.233,1.291,2.942,0.695,6,"st_q_reg[4]_rep__0/C","lane_result_q_reg[3][63]/D","P2 lane result capture","FDCE=2;LUT2=1;LUT5=1;LUT6=3;MUXF7=1"
294,0.888,5.000,4.109,1.777,2.332,0.568,6,"a_q_reg[8]/C","res_q_reg[1]/D","scalar response","CARRY4=2;FDCE=2;LUT4=1;LUT6=3"
295,0.888,5.000,4.109,1.777,2.332,0.568,6,"a_q_reg[8]/C","st_q_reg[2]/D","TOP control","CARRY4=2;FDCE=2;LUT4=1;LUT6=3"
296,0.888,5.000,4.109,1.777,2.332,0.568,6,"a_q_reg[8]/C","st_q_reg[2]_rep/D","TOP control","CARRY4=2;FDCE=2;LUT4=1;LUT6=3"
297,0.888,5.000,4.109,1.777,2.332,0.568,6,"a_q_reg[8]/C","st_q_reg[2]_rep__0/D","TOP control","CARRY4=2;FDCE=2;LUT4=1;LUT6=3"
298,0.888,5.000,4.109,1.777,2.332,0.568,6,"a_q_reg[8]/C","st_q_reg[2]_rep__1/D","TOP control","CARRY4=2;FDCE=2;LUT4=1;LUT6=3"
299,0.888,5.000,4.109,1.777,2.332,0.568,6,"a_q_reg[8]/C","st_q_reg[3]/D","TOP control","CARRY4=2;FDCE=2;LUT4=1;LUT6=3"
300,0.888,5.000,4.109,1.777,2.332,0.568,6,"a_q_reg[8]/C","st_q_reg[3]_rep/D","TOP control","CARRY4=2;FDCE=2;LUT4=1;LUT6=3"
301,0.888,5.000,4.109,1.777,2.332,0.568,6,"a_q_reg[8]/C","st_q_reg[3]_rep__0/D","TOP control","CARRY4=2;FDCE=2;LUT4=1;LUT6=3"
302,0.902,5.000,4.124,1.864,2.260,0.548,5,"gen_lane[2].i_p2_pop_slice/popcount_part_q_o_reg[1][0]/C","group_dist_q_reg[3]/D","P2 popcount capture","CARRY4=2;FDCE=2;LUT3=2;LUT5=1"
303,1.128,5.000,3.869,1.000,2.869,0.742,4,"gen_lane[0].i_p2_pop_slice/bool_result_q_reg[17]/C","gen_lane[0].i_p2_pop_slice/popcount_part_q_o_reg[0][1]/D","P2 popcount capture","FDCE=2;LUT3=1;LUT5=2;LUT6=1"
304,1.128,5.000,3.869,1.000,2.869,0.742,4,"gen_lane[0].i_p2_pop_slice/bool_result_q_reg[49]/C","gen_lane[0].i_p2_pop_slice/popcount_part_q_o_reg[1][1]/D","P2 popcount capture","FDCE=2;LUT3=1;LUT5=2;LUT6=1"
305,1.128,5.000,3.869,1.000,2.869,0.742,4,"gen_lane[1].i_p2_pop_slice/bool_result_q_reg[17]/C","gen_lane[1].i_p2_pop_slice/popcount_part_q_o_reg[0][1]/D","P2 popcount capture","FDCE=2;LUT3=1;LUT5=2;LUT6=1"
306,1.128,5.000,3.869,1.000,2.869,0.742,4,"gen_lane[1].i_p2_pop_slice/bool_result_q_reg[49]/C","gen_lane[1].i_p2_pop_slice/popcount_part_q_o_reg[1][1]/D","P2 popcount capture","FDCE=2;LUT3=1;LUT5=2;LUT6=1"
307,1.128,5.000,3.869,1.000,2.869,0.742,4,"gen_lane[2].i_p2_pop_slice/bool_result_q_reg[17]/C","gen_lane[2].i_p2_pop_slice/popcount_part_q_o_reg[0][1]/D","P2 popcount capture","FDCE=2;LUT3=1;LUT5=2;LUT6=1"
308,1.128,5.000,3.869,1.000,2.869,0.742,4,"gen_lane[2].i_p2_pop_slice/bool_result_q_reg[49]/C","gen_lane[2].i_p2_pop_slice/popcount_part_q_o_reg[1][1]/D","P2 popcount capture","FDCE=2;LUT3=1;LUT5=2;LUT6=1"
309,1.128,5.000,3.869,1.000,2.869,0.742,4,"gen_lane[3].i_p2_pop_slice/bool_result_q_reg[17]/C","gen_lane[3].i_p2_pop_slice/popcount_part_q_o_reg[0][1]/D","P2 popcount capture","FDCE=2;LUT3=1;LUT5=2;LUT6=1"
310,1.128,5.000,3.869,1.000,2.869,0.742,4,"gen_lane[3].i_p2_pop_slice/bool_result_q_reg[49]/C","gen_lane[3].i_p2_pop_slice/popcount_part_q_o_reg[1][1]/D","P2 popcount capture","FDCE=2;LUT3=1;LUT5=2;LUT6=1"
311,1.204,5.000,3.549,1.105,2.444,0.689,5,"ecc_fold_word_q_reg[0]/C","ecc_product_even_reg_0_3_32_32/SP/I","other","FDCE=1;LUT3=1;LUT6=4;RAMS32=1"
312,1.204,5.000,3.549,1.105,2.444,0.689,5,"ecc_fold_word_q_reg[0]/C","ecc_product_even_reg_0_3_33_33/SP/I","other","FDCE=1;LUT3=1;LUT6=4;RAMS32=1"
313,1.204,5.000,3.549,1.105,2.444,0.689,5,"ecc_fold_word_q_reg[0]/C","ecc_product_even_reg_0_3_34_34/SP/I","other","FDCE=1;LUT3=1;LUT6=4;RAMS32=1"
314,1.204,5.000,3.549,1.105,2.444,0.689,5,"ecc_fold_word_q_reg[0]/C","ecc_product_even_reg_0_3_35_35/SP/I","other","FDCE=1;LUT3=1;LUT6=4;RAMS32=1"
315,1.204,5.000,3.549,1.105,2.444,0.689,5,"ecc_fold_word_q_reg[0]/C","ecc_product_even_reg_0_3_36_36/SP/I","other","FDCE=1;LUT3=1;LUT6=4;RAMS32=1"
316,1.204,5.000,3.549,1.105,2.444,0.689,5,"ecc_fold_word_q_reg[0]/C","ecc_product_even_reg_0_3_37_37/SP/I","other","FDCE=1;LUT3=1;LUT6=4;RAMS32=1"
317,1.204,5.000,3.549,1.105,2.444,0.689,5,"ecc_fold_word_q_reg[0]/C","ecc_product_even_reg_0_3_38_38/SP/I","other","FDCE=1;LUT3=1;LUT6=4;RAMS32=1"
318,1.204,5.000,3.549,1.105,2.444,0.689,5,"ecc_fold_word_q_reg[0]/C","ecc_product_even_reg_0_3_39_39/SP/I","other","FDCE=1;LUT3=1;LUT6=4;RAMS32=1"
319,1.204,5.000,3.549,1.105,2.444,0.689,5,"ecc_fold_word_q_reg[0]/C","ecc_product_even_reg_0_3_40_40/SP/I","other","FDCE=1;LUT3=1;LUT6=4;RAMS32=1"
320,1.204,5.000,3.549,1.105,2.444,0.689,5,"ecc_fold_word_q_reg[0]/C","ecc_product_even_reg_0_3_41_41/SP/I","other","FDCE=1;LUT3=1;LUT6=4;RAMS32=1"
321,1.204,5.000,3.549,1.105,2.444,0.689,5,"ecc_fold_word_q_reg[0]/C","ecc_product_even_reg_0_3_42_42/SP/I","other","FDCE=1;LUT3=1;LUT6=4;RAMS32=1"
322,1.204,5.000,3.549,1.105,2.444,0.689,5,"ecc_fold_word_q_reg[0]/C","ecc_product_even_reg_0_3_43_43/SP/I","other","FDCE=1;LUT3=1;LUT6=4;RAMS32=1"
323,1.204,5.000,3.549,1.105,2.444,0.689,5,"ecc_fold_word_q_reg[0]/C","ecc_product_even_reg_0_3_44_44/SP/I","other","FDCE=1;LUT3=1;LUT6=4;RAMS32=1"
324,1.204,5.000,3.549,1.105,2.444,0.689,5,"ecc_fold_word_q_reg[0]/C","ecc_product_even_reg_0_3_45_45/SP/I","other","FDCE=1;LUT3=1;LUT6=4;RAMS32=1"
325,1.204,5.000,3.549,1.105,2.444,0.689,5,"ecc_fold_word_q_reg[0]/C","ecc_product_even_reg_0_3_46_46/SP/I","other","FDCE=1;LUT3=1;LUT6=4;RAMS32=1"
326,1.204,5.000,3.549,1.105,2.444,0.689,5,"ecc_fold_word_q_reg[0]/C","ecc_product_even_reg_0_3_47_47/SP/I","other","FDCE=1;LUT3=1;LUT6=4;RAMS32=1"
327,1.204,5.000,3.549,1.105,2.444,0.689,5,"ecc_fold_word_q_reg[0]/C","ecc_product_even_reg_0_3_48_48/SP/I","other","FDCE=1;LUT3=1;LUT6=4;RAMS32=1"
328,1.204,5.000,3.549,1.105,2.444,0.689,5,"ecc_fold_word_q_reg[0]/C","ecc_product_even_reg_0_3_49_49/SP/I","other","FDCE=1;LUT3=1;LUT6=4;RAMS32=1"
329,1.204,5.000,3.549,1.105,2.444,0.689,5,"ecc_fold_word_q_reg[0]/C","ecc_product_even_reg_0_3_50_50/SP/I","other","FDCE=1;LUT3=1;LUT6=4;RAMS32=1"
330,1.204,5.000,3.549,1.105,2.444,0.689,5,"ecc_fold_word_q_reg[0]/C","ecc_product_even_reg_0_3_51_51/SP/I","other","FDCE=1;LUT3=1;LUT6=4;RAMS32=1"
331,1.204,5.000,3.549,1.105,2.444,0.689,5,"ecc_fold_word_q_reg[0]/C","ecc_product_even_reg_0_3_52_52/SP/I","other","FDCE=1;LUT3=1;LUT6=4;RAMS32=1"
332,1.204,5.000,3.549,1.105,2.444,0.689,5,"ecc_fold_word_q_reg[0]/C","ecc_product_even_reg_0_3_53_53/SP/I","other","FDCE=1;LUT3=1;LUT6=4;RAMS32=1"
333,1.204,5.000,3.549,1.105,2.444,0.689,5,"ecc_fold_word_q_reg[0]/C","ecc_product_even_reg_0_3_54_54/SP/I","other","FDCE=1;LUT3=1;LUT6=4;RAMS32=1"
334,1.204,5.000,3.549,1.105,2.444,0.689,5,"ecc_fold_word_q_reg[0]/C","ecc_product_even_reg_0_3_55_55/SP/I","other","FDCE=1;LUT3=1;LUT6=4;RAMS32=1"
335,1.204,5.000,3.549,1.105,2.444,0.689,5,"ecc_fold_word_q_reg[0]/C","ecc_product_even_reg_0_3_56_56/SP/I","other","FDCE=1;LUT3=1;LUT6=4;RAMS32=1"
336,1.204,5.000,3.549,1.105,2.444,0.689,5,"ecc_fold_word_q_reg[0]/C","ecc_product_even_reg_0_3_57_57/SP/I","other","FDCE=1;LUT3=1;LUT6=4;RAMS32=1"
337,1.204,5.000,3.549,1.105,2.444,0.689,5,"ecc_fold_word_q_reg[0]/C","ecc_product_even_reg_0_3_58_58/SP/I","other","FDCE=1;LUT3=1;LUT6=4;RAMS32=1"
338,1.204,5.000,3.549,1.105,2.444,0.689,5,"ecc_fold_word_q_reg[0]/C","ecc_product_even_reg_0_3_59_59/SP/I","other","FDCE=1;LUT3=1;LUT6=4;RAMS32=1"
339,1.204,5.000,3.549,1.105,2.444,0.689,5,"ecc_fold_word_q_reg[0]/C","ecc_product_even_reg_0_3_60_60/SP/I","other","FDCE=1;LUT3=1;LUT6=4;RAMS32=1"
340,1.204,5.000,3.549,1.105,2.444,0.689,5,"ecc_fold_word_q_reg[0]/C","ecc_product_even_reg_0_3_61_61/SP/I","other","FDCE=1;LUT3=1;LUT6=4;RAMS32=1"
341,1.204,5.000,3.549,1.105,2.444,0.689,5,"ecc_fold_word_q_reg[0]/C","ecc_product_even_reg_0_3_62_62/SP/I","other","FDCE=1;LUT3=1;LUT6=4;RAMS32=1"
342,1.204,5.000,3.549,1.105,2.444,0.689,5,"ecc_fold_word_q_reg[0]/C","ecc_product_even_reg_0_3_63_63/SP/I","other","FDCE=1;LUT3=1;LUT4=1;LUT6=3;RAMS32=1"
343,1.204,5.000,3.549,1.105,2.444,0.689,5,"ecc_fold_word_q_reg[0]/C","ecc_product_odd_reg_0_3_0_0/SP/I","other","FDCE=1;LUT3=1;LUT6=4;RAMS32=1"
344,1.204,5.000,3.549,1.105,2.444,0.689,5,"ecc_fold_word_q_reg[0]/C","ecc_product_odd_reg_0_3_10_10/SP/I","other","FDCE=1;LUT3=1;LUT6=4;RAMS32=1"
345,1.204,5.000,3.549,1.105,2.444,0.689,5,"ecc_fold_word_q_reg[0]/C","ecc_product_odd_reg_0_3_11_11/SP/I","other","FDCE=1;LUT3=1;LUT6=4;RAMS32=1"
346,1.204,5.000,3.549,1.105,2.444,0.689,5,"ecc_fold_word_q_reg[0]/C","ecc_product_odd_reg_0_3_12_12/SP/I","other","FDCE=1;LUT3=1;LUT6=4;RAMS32=1"
347,1.204,5.000,3.549,1.105,2.444,0.689,5,"ecc_fold_word_q_reg[0]/C","ecc_product_odd_reg_0_3_13_13/SP/I","other","FDCE=1;LUT3=1;LUT6=4;RAMS32=1"
348,1.204,5.000,3.549,1.105,2.444,0.689,5,"ecc_fold_word_q_reg[0]/C","ecc_product_odd_reg_0_3_14_14/SP/I","other","FDCE=1;LUT3=1;LUT6=4;RAMS32=1"
349,1.204,5.000,3.549,1.105,2.444,0.689,5,"ecc_fold_word_q_reg[0]/C","ecc_product_odd_reg_0_3_15_15/SP/I","other","FDCE=1;LUT3=1;LUT6=4;RAMS32=1"
350,1.204,5.000,3.549,1.105,2.444,0.689,5,"ecc_fold_word_q_reg[0]/C","ecc_product_odd_reg_0_3_16_16/SP/I","other","FDCE=1;LUT3=1;LUT6=4;RAMS32=1"
351,1.204,5.000,3.549,1.105,2.444,0.689,5,"ecc_fold_word_q_reg[0]/C","ecc_product_odd_reg_0_3_17_17/SP/I","other","FDCE=1;LUT3=1;LUT6=4;RAMS32=1"
352,1.204,5.000,3.549,1.105,2.444,0.689,5,"ecc_fold_word_q_reg[0]/C","ecc_product_odd_reg_0_3_18_18/SP/I","other","FDCE=1;LUT3=1;LUT6=4;RAMS32=1"
353,1.204,5.000,3.549,1.105,2.444,0.689,5,"ecc_fold_word_q_reg[0]/C","ecc_product_odd_reg_0_3_19_19/SP/I","other","FDCE=1;LUT3=1;LUT6=4;RAMS32=1"
354,1.204,5.000,3.549,1.105,2.444,0.689,5,"ecc_fold_word_q_reg[0]/C","ecc_product_odd_reg_0_3_1_1/SP/I","other","FDCE=1;LUT3=1;LUT6=4;RAMS32=1"
355,1.204,5.000,3.549,1.105,2.444,0.689,5,"ecc_fold_word_q_reg[0]/C","ecc_product_odd_reg_0_3_20_20/SP/I","other","FDCE=1;LUT3=1;LUT6=4;RAMS32=1"
356,1.204,5.000,3.549,1.105,2.444,0.689,5,"ecc_fold_word_q_reg[0]/C","ecc_product_odd_reg_0_3_21_21/SP/I","other","FDCE=1;LUT3=1;LUT6=4;RAMS32=1"
357,1.204,5.000,3.549,1.105,2.444,0.689,5,"ecc_fold_word_q_reg[0]/C","ecc_product_odd_reg_0_3_22_22/SP/I","other","FDCE=1;LUT3=1;LUT6=4;RAMS32=1"
358,1.204,5.000,3.549,1.105,2.444,0.689,5,"ecc_fold_word_q_reg[0]/C","ecc_product_odd_reg_0_3_23_23/SP/I","other","FDCE=1;LUT3=1;LUT6=4;RAMS32=1"
359,1.204,5.000,3.549,1.105,2.444,0.689,5,"ecc_fold_word_q_reg[0]/C","ecc_product_odd_reg_0_3_24_24/SP/I","other","FDCE=1;LUT3=1;LUT6=4;RAMS32=1"
360,1.204,5.000,3.549,1.105,2.444,0.689,5,"ecc_fold_word_q_reg[0]/C","ecc_product_odd_reg_0_3_25_25/SP/I","other","FDCE=1;LUT3=1;LUT6=4;RAMS32=1"
361,1.204,5.000,3.549,1.105,2.444,0.689,5,"ecc_fold_word_q_reg[0]/C","ecc_product_odd_reg_0_3_26_26/SP/I","other","FDCE=1;LUT3=1;LUT6=4;RAMS32=1"
362,1.204,5.000,3.549,1.105,2.444,0.689,5,"ecc_fold_word_q_reg[0]/C","ecc_product_odd_reg_0_3_27_27/SP/I","other","FDCE=1;LUT3=1;LUT6=4;RAMS32=1"
363,1.204,5.000,3.549,1.105,2.444,0.689,5,"ecc_fold_word_q_reg[0]/C","ecc_product_odd_reg_0_3_28_28/SP/I","other","FDCE=1;LUT3=1;LUT6=4;RAMS32=1"
364,1.204,5.000,3.549,1.105,2.444,0.689,5,"ecc_fold_word_q_reg[0]/C","ecc_product_odd_reg_0_3_29_29/SP/I","other","FDCE=1;LUT3=1;LUT6=4;RAMS32=1"
365,1.204,5.000,3.549,1.105,2.444,0.689,5,"ecc_fold_word_q_reg[0]/C","ecc_product_odd_reg_0_3_2_2/SP/I","other","FDCE=1;LUT3=1;LUT6=4;RAMS32=1"
366,1.204,5.000,3.549,1.105,2.444,0.689,5,"ecc_fold_word_q_reg[0]/C","ecc_product_odd_reg_0_3_30_30/SP/I","other","FDCE=1;LUT3=1;LUT6=4;RAMS32=1"
367,1.204,5.000,3.549,1.105,2.444,0.689,5,"ecc_fold_word_q_reg[0]/C","ecc_product_odd_reg_0_3_3_3/SP/I","other","FDCE=1;LUT3=1;LUT6=4;RAMS32=1"
368,1.204,5.000,3.549,1.105,2.444,0.689,5,"ecc_fold_word_q_reg[0]/C","ecc_product_odd_reg_0_3_4_4/SP/I","other","FDCE=1;LUT3=1;LUT6=4;RAMS32=1"
369,1.204,5.000,3.549,1.105,2.444,0.689,5,"ecc_fold_word_q_reg[0]/C","ecc_product_odd_reg_0_3_5_5/SP/I","other","FDCE=1;LUT3=1;LUT6=4;RAMS32=1"
370,1.204,5.000,3.549,1.105,2.444,0.689,5,"ecc_fold_word_q_reg[0]/C","ecc_product_odd_reg_0_3_6_6/SP/I","other","FDCE=1;LUT3=1;LUT6=4;RAMS32=1"
371,1.204,5.000,3.549,1.105,2.444,0.689,5,"ecc_fold_word_q_reg[0]/C","ecc_product_odd_reg_0_3_7_7/SP/I","other","FDCE=1;LUT3=1;LUT6=4;RAMS32=1"
372,1.204,5.000,3.549,1.105,2.444,0.689,5,"ecc_fold_word_q_reg[0]/C","ecc_product_odd_reg_0_3_8_8/SP/I","other","FDCE=1;LUT3=1;LUT6=4;RAMS32=1"
373,1.204,5.000,3.549,1.105,2.444,0.689,5,"ecc_fold_word_q_reg[0]/C","ecc_product_odd_reg_0_3_9_9/SP/I","other","FDCE=1;LUT3=1;LUT6=4;RAMS32=1"
374,1.410,5.000,3.379,0.875,2.504,0.741,3,"st_q_reg[0]/C","hdc_src0_q_reg[0][0]/CE","TOP control","FDCE=2;LUT5=1;LUT6=2"
375,1.410,5.000,3.379,0.875,2.504,0.741,3,"st_q_reg[0]/C","hdc_src0_q_reg[0][10]/CE","TOP control","FDCE=2;LUT5=1;LUT6=2"
376,1.410,5.000,3.379,0.875,2.504,0.741,3,"st_q_reg[0]/C","hdc_src0_q_reg[0][11]/CE","TOP control","FDCE=2;LUT5=1;LUT6=2"
377,1.410,5.000,3.379,0.875,2.504,0.741,3,"st_q_reg[0]/C","hdc_src0_q_reg[0][12]/CE","TOP control","FDCE=2;LUT5=1;LUT6=2"
378,1.410,5.000,3.379,0.875,2.504,0.741,3,"st_q_reg[0]/C","hdc_src0_q_reg[0][13]/CE","TOP control","FDCE=2;LUT5=1;LUT6=2"
379,1.410,5.000,3.379,0.875,2.504,0.741,3,"st_q_reg[0]/C","hdc_src0_q_reg[0][14]/CE","TOP control","FDCE=2;LUT5=1;LUT6=2"
380,1.410,5.000,3.379,0.875,2.504,0.741,3,"st_q_reg[0]/C","hdc_src0_q_reg[0][15]/CE","TOP control","FDCE=2;LUT5=1;LUT6=2"
381,1.410,5.000,3.379,0.875,2.504,0.741,3,"st_q_reg[0]/C","hdc_src0_q_reg[0][1]/CE","TOP control","FDCE=2;LUT5=1;LUT6=2"
382,1.410,5.000,3.379,0.875,2.504,0.741,3,"st_q_reg[0]/C","hdc_src0_q_reg[0][2]/CE","TOP control","FDCE=2;LUT5=1;LUT6=2"
383,1.410,5.000,3.379,0.875,2.504,0.741,3,"st_q_reg[0]/C","hdc_src0_q_reg[0][32]/CE","TOP control","FDCE=2;LUT5=1;LUT6=2"
384,1.410,5.000,3.379,0.875,2.504,0.741,3,"st_q_reg[0]/C","hdc_src0_q_reg[0][33]/CE","TOP control","FDCE=2;LUT5=1;LUT6=2"
385,1.410,5.000,3.379,0.875,2.504,0.741,3,"st_q_reg[0]/C","hdc_src0_q_reg[0][34]/CE","TOP control","FDCE=2;LUT5=1;LUT6=2"
386,1.410,5.000,3.379,0.875,2.504,0.741,3,"st_q_reg[0]/C","hdc_src0_q_reg[0][35]/CE","TOP control","FDCE=2;LUT5=1;LUT6=2"
387,1.410,5.000,3.379,0.875,2.504,0.741,3,"st_q_reg[0]/C","hdc_src0_q_reg[0][36]/CE","TOP control","FDCE=2;LUT5=1;LUT6=2"
388,1.410,5.000,3.379,0.875,2.504,0.741,3,"st_q_reg[0]/C","hdc_src0_q_reg[0][37]/CE","TOP control","FDCE=2;LUT5=1;LUT6=2"
389,1.410,5.000,3.379,0.875,2.504,0.741,3,"st_q_reg[0]/C","hdc_src0_q_reg[0][38]/CE","TOP control","FDCE=2;LUT5=1;LUT6=2"
390,1.410,5.000,3.379,0.875,2.504,0.741,3,"st_q_reg[0]/C","hdc_src0_q_reg[0][39]/CE","TOP control","FDCE=2;LUT5=1;LUT6=2"
391,1.410,5.000,3.379,0.875,2.504,0.741,3,"st_q_reg[0]/C","hdc_src0_q_reg[0][3]/CE","TOP control","FDCE=2;LUT5=1;LUT6=2"
392,1.410,5.000,3.379,0.875,2.504,0.741,3,"st_q_reg[0]/C","hdc_src0_q_reg[0][40]/CE","TOP control","FDCE=2;LUT5=1;LUT6=2"
393,1.410,5.000,3.379,0.875,2.504,0.741,3,"st_q_reg[0]/C","hdc_src0_q_reg[0][41]/CE","TOP control","FDCE=2;LUT5=1;LUT6=2"
394,1.410,5.000,3.379,0.875,2.504,0.741,3,"st_q_reg[0]/C","hdc_src0_q_reg[0][42]/CE","TOP control","FDCE=2;LUT5=1;LUT6=2"
395,1.410,5.000,3.379,0.875,2.504,0.741,3,"st_q_reg[0]/C","hdc_src0_q_reg[0][43]/CE","TOP control","FDCE=2;LUT5=1;LUT6=2"
396,1.410,5.000,3.379,0.875,2.504,0.741,3,"st_q_reg[0]/C","hdc_src0_q_reg[0][44]/CE","TOP control","FDCE=2;LUT5=1;LUT6=2"
397,1.410,5.000,3.379,0.875,2.504,0.741,3,"st_q_reg[0]/C","hdc_src0_q_reg[0][45]/CE","TOP control","FDCE=2;LUT5=1;LUT6=2"
398,1.410,5.000,3.379,0.875,2.504,0.741,3,"st_q_reg[0]/C","hdc_src0_q_reg[0][46]/CE","TOP control","FDCE=2;LUT5=1;LUT6=2"
399,1.410,5.000,3.379,0.875,2.504,0.741,3,"st_q_reg[0]/C","hdc_src0_q_reg[0][47]/CE","TOP control","FDCE=2;LUT5=1;LUT6=2"
400,1.410,5.000,3.379,0.875,2.504,0.741,3,"st_q_reg[0]/C","hdc_src0_q_reg[0][4]/CE","TOP control","FDCE=2;LUT5=1;LUT6=2"
401,1.410,5.000,3.379,0.875,2.504,0.741,3,"st_q_reg[0]/C","hdc_src0_q_reg[0][5]/CE","TOP control","FDCE=2;LUT5=1;LUT6=2"
402,1.410,5.000,3.379,0.875,2.504,0.741,3,"st_q_reg[0]/C","hdc_src0_q_reg[0][6]/CE","TOP control","FDCE=2;LUT5=1;LUT6=2"
403,1.410,5.000,3.379,0.875,2.504,0.741,3,"st_q_reg[0]/C","hdc_src0_q_reg[0][7]/CE","TOP control","FDCE=2;LUT5=1;LUT6=2"
404,1.410,5.000,3.379,0.875,2.504,0.741,3,"st_q_reg[0]/C","hdc_src0_q_reg[0][8]/CE","TOP control","FDCE=2;LUT5=1;LUT6=2"
405,1.410,5.000,3.379,0.875,2.504,0.741,3,"st_q_reg[0]/C","hdc_src0_q_reg[0][9]/CE","TOP control","FDCE=2;LUT5=1;LUT6=2"
406,1.410,5.000,3.379,0.875,2.504,0.741,3,"st_q_reg[0]/C","hdc_src0_q_reg[1][0]/CE","TOP control","FDCE=2;LUT5=1;LUT6=2"
407,1.410,5.000,3.379,0.875,2.504,0.741,3,"st_q_reg[0]/C","hdc_src0_q_reg[1][10]/CE","TOP control","FDCE=2;LUT5=1;LUT6=2"
408,1.410,5.000,3.379,0.875,2.504,0.741,3,"st_q_reg[0]/C","hdc_src0_q_reg[1][11]/CE","TOP control","FDCE=2;LUT5=1;LUT6=2"
409,1.410,5.000,3.379,0.875,2.504,0.741,3,"st_q_reg[0]/C","hdc_src0_q_reg[1][12]/CE","TOP control","FDCE=2;LUT5=1;LUT6=2"
410,1.410,5.000,3.379,0.875,2.504,0.741,3,"st_q_reg[0]/C","hdc_src0_q_reg[1][13]/CE","TOP control","FDCE=2;LUT5=1;LUT6=2"
411,1.410,5.000,3.379,0.875,2.504,0.741,3,"st_q_reg[0]/C","hdc_src0_q_reg[1][14]/CE","TOP control","FDCE=2;LUT5=1;LUT6=2"
412,1.410,5.000,3.379,0.875,2.504,0.741,3,"st_q_reg[0]/C","hdc_src0_q_reg[1][15]/CE","TOP control","FDCE=2;LUT5=1;LUT6=2"
413,1.410,5.000,3.379,0.875,2.504,0.741,3,"st_q_reg[0]/C","hdc_src0_q_reg[1][1]/CE","TOP control","FDCE=2;LUT5=1;LUT6=2"
414,1.410,5.000,3.379,0.875,2.504,0.741,3,"st_q_reg[0]/C","hdc_src0_q_reg[1][2]/CE","TOP control","FDCE=2;LUT5=1;LUT6=2"
415,1.410,5.000,3.379,0.875,2.504,0.741,3,"st_q_reg[0]/C","hdc_src0_q_reg[1][32]/CE","TOP control","FDCE=2;LUT5=1;LUT6=2"
416,1.410,5.000,3.379,0.875,2.504,0.741,3,"st_q_reg[0]/C","hdc_src0_q_reg[1][33]/CE","TOP control","FDCE=2;LUT5=1;LUT6=2"
417,1.410,5.000,3.379,0.875,2.504,0.741,3,"st_q_reg[0]/C","hdc_src0_q_reg[1][34]/CE","TOP control","FDCE=2;LUT5=1;LUT6=2"
418,1.410,5.000,3.379,0.875,2.504,0.741,3,"st_q_reg[0]/C","hdc_src0_q_reg[1][35]/CE","TOP control","FDCE=2;LUT5=1;LUT6=2"
419,1.410,5.000,3.379,0.875,2.504,0.741,3,"st_q_reg[0]/C","hdc_src0_q_reg[1][36]/CE","TOP control","FDCE=2;LUT5=1;LUT6=2"
420,1.410,5.000,3.379,0.875,2.504,0.741,3,"st_q_reg[0]/C","hdc_src0_q_reg[1][37]/CE","TOP control","FDCE=2;LUT5=1;LUT6=2"
421,1.410,5.000,3.379,0.875,2.504,0.741,3,"st_q_reg[0]/C","hdc_src0_q_reg[1][38]/CE","TOP control","FDCE=2;LUT5=1;LUT6=2"
422,1.410,5.000,3.379,0.875,2.504,0.741,3,"st_q_reg[0]/C","hdc_src0_q_reg[1][39]/CE","TOP control","FDCE=2;LUT5=1;LUT6=2"
423,1.410,5.000,3.379,0.875,2.504,0.741,3,"st_q_reg[0]/C","hdc_src0_q_reg[1][3]/CE","TOP control","FDCE=2;LUT5=1;LUT6=2"
424,1.410,5.000,3.379,0.875,2.504,0.741,3,"st_q_reg[0]/C","hdc_src0_q_reg[1][40]/CE","TOP control","FDCE=2;LUT5=1;LUT6=2"
425,1.410,5.000,3.379,0.875,2.504,0.741,3,"st_q_reg[0]/C","hdc_src0_q_reg[1][41]/CE","TOP control","FDCE=2;LUT5=1;LUT6=2"
426,1.410,5.000,3.379,0.875,2.504,0.741,3,"st_q_reg[0]/C","hdc_src0_q_reg[1][42]/CE","TOP control","FDCE=2;LUT5=1;LUT6=2"
427,1.410,5.000,3.379,0.875,2.504,0.741,3,"st_q_reg[0]/C","hdc_src0_q_reg[1][43]/CE","TOP control","FDCE=2;LUT5=1;LUT6=2"
428,1.410,5.000,3.379,0.875,2.504,0.741,3,"st_q_reg[0]/C","hdc_src0_q_reg[1][44]/CE","TOP control","FDCE=2;LUT5=1;LUT6=2"
429,1.410,5.000,3.379,0.875,2.504,0.741,3,"st_q_reg[0]/C","hdc_src0_q_reg[1][45]/CE","TOP control","FDCE=2;LUT5=1;LUT6=2"
430,1.410,5.000,3.379,0.875,2.504,0.741,3,"st_q_reg[0]/C","hdc_src0_q_reg[1][46]/CE","TOP control","FDCE=2;LUT5=1;LUT6=2"
431,1.410,5.000,3.379,0.875,2.504,0.741,3,"st_q_reg[0]/C","hdc_src0_q_reg[1][47]/CE","TOP control","FDCE=2;LUT5=1;LUT6=2"
432,1.410,5.000,3.379,0.875,2.504,0.741,3,"st_q_reg[0]/C","hdc_src0_q_reg[1][4]/CE","TOP control","FDCE=2;LUT5=1;LUT6=2"
433,1.410,5.000,3.379,0.875,2.504,0.741,3,"st_q_reg[0]/C","hdc_src0_q_reg[1][5]/CE","TOP control","FDCE=2;LUT5=1;LUT6=2"
434,1.410,5.000,3.379,0.875,2.504,0.741,3,"st_q_reg[0]/C","hdc_src0_q_reg[1][6]/CE","TOP control","FDCE=2;LUT5=1;LUT6=2"
435,1.410,5.000,3.379,0.875,2.504,0.741,3,"st_q_reg[0]/C","hdc_src0_q_reg[1][7]/CE","TOP control","FDCE=2;LUT5=1;LUT6=2"
436,1.410,5.000,3.379,0.875,2.504,0.741,3,"st_q_reg[0]/C","hdc_src0_q_reg[1][8]/CE","TOP control","FDCE=2;LUT5=1;LUT6=2"
437,1.410,5.000,3.379,0.875,2.504,0.741,3,"st_q_reg[0]/C","hdc_src0_q_reg[1][9]/CE","TOP control","FDCE=2;LUT5=1;LUT6=2"
438,1.410,5.000,3.379,0.875,2.504,0.741,3,"st_q_reg[0]/C","hdc_src0_q_reg[2][0]/CE","TOP control","FDCE=2;LUT5=1;LUT6=2"
439,1.410,5.000,3.379,0.875,2.504,0.741,3,"st_q_reg[0]/C","hdc_src0_q_reg[2][10]/CE","TOP control","FDCE=2;LUT5=1;LUT6=2"
440,1.410,5.000,3.379,0.875,2.504,0.741,3,"st_q_reg[0]/C","hdc_src0_q_reg[2][11]/CE","TOP control","FDCE=2;LUT5=1;LUT6=2"
441,1.410,5.000,3.379,0.875,2.504,0.741,3,"st_q_reg[0]/C","hdc_src0_q_reg[2][12]/CE","TOP control","FDCE=2;LUT5=1;LUT6=2"
442,1.410,5.000,3.379,0.875,2.504,0.741,3,"st_q_reg[0]/C","hdc_src0_q_reg[2][13]/CE","TOP control","FDCE=2;LUT5=1;LUT6=2"
443,1.410,5.000,3.379,0.875,2.504,0.741,3,"st_q_reg[0]/C","hdc_src0_q_reg[2][14]/CE","TOP control","FDCE=2;LUT5=1;LUT6=2"
444,1.410,5.000,3.379,0.875,2.504,0.741,3,"st_q_reg[0]/C","hdc_src0_q_reg[2][15]/CE","TOP control","FDCE=2;LUT5=1;LUT6=2"
445,1.410,5.000,3.379,0.875,2.504,0.741,3,"st_q_reg[0]/C","hdc_src0_q_reg[2][1]/CE","TOP control","FDCE=2;LUT5=1;LUT6=2"
446,1.410,5.000,3.379,0.875,2.504,0.741,3,"st_q_reg[0]/C","hdc_src0_q_reg[2][2]/CE","TOP control","FDCE=2;LUT5=1;LUT6=2"
447,1.410,5.000,3.379,0.875,2.504,0.741,3,"st_q_reg[0]/C","hdc_src0_q_reg[2][32]/CE","TOP control","FDCE=2;LUT5=1;LUT6=2"
448,1.410,5.000,3.379,0.875,2.504,0.741,3,"st_q_reg[0]/C","hdc_src0_q_reg[2][33]/CE","TOP control","FDCE=2;LUT5=1;LUT6=2"
449,1.410,5.000,3.379,0.875,2.504,0.741,3,"st_q_reg[0]/C","hdc_src0_q_reg[2][34]/CE","TOP control","FDCE=2;LUT5=1;LUT6=2"
450,1.410,5.000,3.379,0.875,2.504,0.741,3,"st_q_reg[0]/C","hdc_src0_q_reg[2][35]/CE","TOP control","FDCE=2;LUT5=1;LUT6=2"
451,1.410,5.000,3.379,0.875,2.504,0.741,3,"st_q_reg[0]/C","hdc_src0_q_reg[2][36]/CE","TOP control","FDCE=2;LUT5=1;LUT6=2"
452,1.410,5.000,3.379,0.875,2.504,0.741,3,"st_q_reg[0]/C","hdc_src0_q_reg[2][37]/CE","TOP control","FDCE=2;LUT5=1;LUT6=2"
453,1.410,5.000,3.379,0.875,2.504,0.741,3,"st_q_reg[0]/C","hdc_src0_q_reg[2][38]/CE","TOP control","FDCE=2;LUT5=1;LUT6=2"
454,1.410,5.000,3.379,0.875,2.504,0.741,3,"st_q_reg[0]/C","hdc_src0_q_reg[2][39]/CE","TOP control","FDCE=2;LUT5=1;LUT6=2"
455,1.410,5.000,3.379,0.875,2.504,0.741,3,"st_q_reg[0]/C","hdc_src0_q_reg[2][3]/CE","TOP control","FDCE=2;LUT5=1;LUT6=2"
456,1.410,5.000,3.379,0.875,2.504,0.741,3,"st_q_reg[0]/C","hdc_src0_q_reg[2][40]/CE","TOP control","FDCE=2;LUT5=1;LUT6=2"
457,1.410,5.000,3.379,0.875,2.504,0.741,3,"st_q_reg[0]/C","hdc_src0_q_reg[2][41]/CE","TOP control","FDCE=2;LUT5=1;LUT6=2"
458,1.410,5.000,3.379,0.875,2.504,0.741,3,"st_q_reg[0]/C","hdc_src0_q_reg[2][42]/CE","TOP control","FDCE=2;LUT5=1;LUT6=2"
459,1.410,5.000,3.379,0.875,2.504,0.741,3,"st_q_reg[0]/C","hdc_src0_q_reg[2][43]/CE","TOP control","FDCE=2;LUT5=1;LUT6=2"
460,1.410,5.000,3.379,0.875,2.504,0.741,3,"st_q_reg[0]/C","hdc_src0_q_reg[2][44]/CE","TOP control","FDCE=2;LUT5=1;LUT6=2"
461,1.410,5.000,3.379,0.875,2.504,0.741,3,"st_q_reg[0]/C","hdc_src0_q_reg[2][45]/CE","TOP control","FDCE=2;LUT5=1;LUT6=2"
462,1.410,5.000,3.379,0.875,2.504,0.741,3,"st_q_reg[0]/C","hdc_src0_q_reg[2][46]/CE","TOP control","FDCE=2;LUT5=1;LUT6=2"
463,1.410,5.000,3.379,0.875,2.504,0.741,3,"st_q_reg[0]/C","hdc_src0_q_reg[2][47]/CE","TOP control","FDCE=2;LUT5=1;LUT6=2"
464,1.410,5.000,3.379,0.875,2.504,0.741,3,"st_q_reg[0]/C","hdc_src0_q_reg[2][4]/CE","TOP control","FDCE=2;LUT5=1;LUT6=2"
465,1.410,5.000,3.379,0.875,2.504,0.741,3,"st_q_reg[0]/C","hdc_src0_q_reg[2][5]/CE","TOP control","FDCE=2;LUT5=1;LUT6=2"
466,1.410,5.000,3.379,0.875,2.504,0.741,3,"st_q_reg[0]/C","hdc_src0_q_reg[2][6]/CE","TOP control","FDCE=2;LUT5=1;LUT6=2"
467,1.410,5.000,3.379,0.875,2.504,0.741,3,"st_q_reg[0]/C","hdc_src0_q_reg[2][7]/CE","TOP control","FDCE=2;LUT5=1;LUT6=2"
468,1.410,5.000,3.379,0.875,2.504,0.741,3,"st_q_reg[0]/C","hdc_src0_q_reg[2][8]/CE","TOP control","FDCE=2;LUT5=1;LUT6=2"
469,1.410,5.000,3.379,0.875,2.504,0.741,3,"st_q_reg[0]/C","hdc_src0_q_reg[2][9]/CE","TOP control","FDCE=2;LUT5=1;LUT6=2"
470,1.410,5.000,3.379,0.875,2.504,0.741,3,"st_q_reg[0]/C","hdc_src0_q_reg[3][0]/CE","TOP control","FDCE=2;LUT5=1;LUT6=2"
471,1.410,5.000,3.379,0.875,2.504,0.741,3,"st_q_reg[0]/C","hdc_src0_q_reg[3][10]/CE","TOP control","FDCE=2;LUT5=1;LUT6=2"
472,1.410,5.000,3.379,0.875,2.504,0.741,3,"st_q_reg[0]/C","hdc_src0_q_reg[3][11]/CE","TOP control","FDCE=2;LUT5=1;LUT6=2"
473,1.410,5.000,3.379,0.875,2.504,0.741,3,"st_q_reg[0]/C","hdc_src0_q_reg[3][12]/CE","TOP control","FDCE=2;LUT5=1;LUT6=2"
474,1.410,5.000,3.379,0.875,2.504,0.741,3,"st_q_reg[0]/C","hdc_src0_q_reg[3][13]/CE","TOP control","FDCE=2;LUT5=1;LUT6=2"
475,1.410,5.000,3.379,0.875,2.504,0.741,3,"st_q_reg[0]/C","hdc_src0_q_reg[3][14]/CE","TOP control","FDCE=2;LUT5=1;LUT6=2"
476,1.410,5.000,3.379,0.875,2.504,0.741,3,"st_q_reg[0]/C","hdc_src0_q_reg[3][15]/CE","TOP control","FDCE=2;LUT5=1;LUT6=2"
477,1.410,5.000,3.379,0.875,2.504,0.741,3,"st_q_reg[0]/C","hdc_src0_q_reg[3][1]/CE","TOP control","FDCE=2;LUT5=1;LUT6=2"
478,1.410,5.000,3.379,0.875,2.504,0.741,3,"st_q_reg[0]/C","hdc_src0_q_reg[3][2]/CE","TOP control","FDCE=2;LUT5=1;LUT6=2"
479,1.410,5.000,3.379,0.875,2.504,0.741,3,"st_q_reg[0]/C","hdc_src0_q_reg[3][32]/CE","TOP control","FDCE=2;LUT5=1;LUT6=2"
480,1.410,5.000,3.379,0.875,2.504,0.741,3,"st_q_reg[0]/C","hdc_src0_q_reg[3][33]/CE","TOP control","FDCE=2;LUT5=1;LUT6=2"
481,1.410,5.000,3.379,0.875,2.504,0.741,3,"st_q_reg[0]/C","hdc_src0_q_reg[3][34]/CE","TOP control","FDCE=2;LUT5=1;LUT6=2"
482,1.410,5.000,3.379,0.875,2.504,0.741,3,"st_q_reg[0]/C","hdc_src0_q_reg[3][35]/CE","TOP control","FDCE=2;LUT5=1;LUT6=2"
483,1.410,5.000,3.379,0.875,2.504,0.741,3,"st_q_reg[0]/C","hdc_src0_q_reg[3][36]/CE","TOP control","FDCE=2;LUT5=1;LUT6=2"
484,1.410,5.000,3.379,0.875,2.504,0.741,3,"st_q_reg[0]/C","hdc_src0_q_reg[3][37]/CE","TOP control","FDCE=2;LUT5=1;LUT6=2"
485,1.410,5.000,3.379,0.875,2.504,0.741,3,"st_q_reg[0]/C","hdc_src0_q_reg[3][38]/CE","TOP control","FDCE=2;LUT5=1;LUT6=2"
486,1.410,5.000,3.379,0.875,2.504,0.741,3,"st_q_reg[0]/C","hdc_src0_q_reg[3][39]/CE","TOP control","FDCE=2;LUT5=1;LUT6=2"
487,1.410,5.000,3.379,0.875,2.504,0.741,3,"st_q_reg[0]/C","hdc_src0_q_reg[3][3]/CE","TOP control","FDCE=2;LUT5=1;LUT6=2"
488,1.410,5.000,3.379,0.875,2.504,0.741,3,"st_q_reg[0]/C","hdc_src0_q_reg[3][40]/CE","TOP control","FDCE=2;LUT5=1;LUT6=2"
489,1.410,5.000,3.379,0.875,2.504,0.741,3,"st_q_reg[0]/C","hdc_src0_q_reg[3][41]/CE","TOP control","FDCE=2;LUT5=1;LUT6=2"
490,1.410,5.000,3.379,0.875,2.504,0.741,3,"st_q_reg[0]/C","hdc_src0_q_reg[3][42]/CE","TOP control","FDCE=2;LUT5=1;LUT6=2"
491,1.410,5.000,3.379,0.875,2.504,0.741,3,"st_q_reg[0]/C","hdc_src0_q_reg[3][43]/CE","TOP control","FDCE=2;LUT5=1;LUT6=2"
492,1.410,5.000,3.379,0.875,2.504,0.741,3,"st_q_reg[0]/C","hdc_src0_q_reg[3][44]/CE","TOP control","FDCE=2;LUT5=1;LUT6=2"
493,1.410,5.000,3.379,0.875,2.504,0.741,3,"st_q_reg[0]/C","hdc_src0_q_reg[3][45]/CE","TOP control","FDCE=2;LUT5=1;LUT6=2"
494,1.410,5.000,3.379,0.875,2.504,0.741,3,"st_q_reg[0]/C","hdc_src0_q_reg[3][46]/CE","TOP control","FDCE=2;LUT5=1;LUT6=2"
495,1.410,5.000,3.379,0.875,2.504,0.741,3,"st_q_reg[0]/C","hdc_src0_q_reg[3][47]/CE","TOP control","FDCE=2;LUT5=1;LUT6=2"
496,1.410,5.000,3.379,0.875,2.504,0.741,3,"st_q_reg[0]/C","hdc_src0_q_reg[3][4]/CE","TOP control","FDCE=2;LUT5=1;LUT6=2"
497,1.410,5.000,3.379,0.875,2.504,0.741,3,"st_q_reg[0]/C","hdc_src0_q_reg[3][5]/CE","TOP control","FDCE=2;LUT5=1;LUT6=2"
498,1.410,5.000,3.379,0.875,2.504,0.741,3,"st_q_reg[0]/C","hdc_src0_q_reg[3][6]/CE","TOP control","FDCE=2;LUT5=1;LUT6=2"
499,1.410,5.000,3.379,0.875,2.504,0.741,3,"st_q_reg[0]/C","hdc_src0_q_reg[3][7]/CE","TOP control","FDCE=2;LUT5=1;LUT6=2"
500,1.410,5.000,3.379,0.875,2.504,0.741,3,"st_q_reg[0]/C","hdc_src0_q_reg[3][8]/CE","TOP control","FDCE=2;LUT5=1;LUT6=2"
501,1.410,5.000,3.379,0.875,2.504,0.741,3,"st_q_reg[0]/C","hdc_src0_q_reg[3][9]/CE","TOP control","FDCE=2;LUT5=1;LUT6=2"
502,1.419,5.000,3.334,0.980,2.354,0.706,4,"ecc_leaf_id_q_reg[2]/C","ecc_product_even_reg_0_3_0_0/SP/I","other","FDCE=1;LUT5=1;LUT6=3;RAMS32=1"
503,1.419,5.000,3.334,0.980,2.354,0.706,4,"ecc_leaf_id_q_reg[2]/C","ecc_product_even_reg_0_3_10_10/SP/I","other","FDCE=1;LUT5=1;LUT6=3;RAMS32=1"
504,1.419,5.000,3.334,0.980,2.354,0.706,4,"ecc_leaf_id_q_reg[2]/C","ecc_product_even_reg_0_3_11_11/SP/I","other","FDCE=1;LUT5=1;LUT6=3;RAMS32=1"
505,1.419,5.000,3.334,0.980,2.354,0.706,4,"ecc_leaf_id_q_reg[2]/C","ecc_product_even_reg_0_3_12_12/SP/I","other","FDCE=1;LUT5=1;LUT6=3;RAMS32=1"
506,1.419,5.000,3.334,0.980,2.354,0.706,4,"ecc_leaf_id_q_reg[2]/C","ecc_product_even_reg_0_3_13_13/SP/I","other","FDCE=1;LUT5=1;LUT6=3;RAMS32=1"
507,1.419,5.000,3.334,0.980,2.354,0.706,4,"ecc_leaf_id_q_reg[2]/C","ecc_product_even_reg_0_3_14_14/SP/I","other","FDCE=1;LUT5=1;LUT6=3;RAMS32=1"
508,1.419,5.000,3.334,0.980,2.354,0.706,4,"ecc_leaf_id_q_reg[2]/C","ecc_product_even_reg_0_3_15_15/SP/I","other","FDCE=1;LUT5=1;LUT6=3;RAMS32=1"
509,1.419,5.000,3.334,0.980,2.354,0.706,4,"ecc_leaf_id_q_reg[2]/C","ecc_product_even_reg_0_3_16_16/SP/I","other","FDCE=1;LUT5=1;LUT6=3;RAMS32=1"
510,1.419,5.000,3.334,0.980,2.354,0.706,4,"ecc_leaf_id_q_reg[2]/C","ecc_product_even_reg_0_3_17_17/SP/I","other","FDCE=1;LUT5=1;LUT6=3;RAMS32=1"
511,1.419,5.000,3.334,0.980,2.354,0.706,4,"ecc_leaf_id_q_reg[2]/C","ecc_product_even_reg_0_3_18_18/SP/I","other","FDCE=1;LUT5=1;LUT6=3;RAMS32=1"
512,1.419,5.000,3.334,0.980,2.354,0.706,4,"ecc_leaf_id_q_reg[2]/C","ecc_product_even_reg_0_3_19_19/SP/I","other","FDCE=1;LUT5=1;LUT6=3;RAMS32=1"
513,1.419,5.000,3.334,0.980,2.354,0.706,4,"ecc_leaf_id_q_reg[2]/C","ecc_product_even_reg_0_3_1_1/SP/I","other","FDCE=1;LUT5=1;LUT6=3;RAMS32=1"
514,1.419,5.000,3.334,0.980,2.354,0.706,4,"ecc_leaf_id_q_reg[2]/C","ecc_product_even_reg_0_3_20_20/SP/I","other","FDCE=1;LUT5=1;LUT6=3;RAMS32=1"
515,1.419,5.000,3.334,0.980,2.354,0.706,4,"ecc_leaf_id_q_reg[2]/C","ecc_product_even_reg_0_3_21_21/SP/I","other","FDCE=1;LUT5=1;LUT6=3;RAMS32=1"
516,1.419,5.000,3.334,0.980,2.354,0.706,4,"ecc_leaf_id_q_reg[2]/C","ecc_product_even_reg_0_3_22_22/SP/I","other","FDCE=1;LUT5=1;LUT6=3;RAMS32=1"
517,1.419,5.000,3.334,0.980,2.354,0.706,4,"ecc_leaf_id_q_reg[2]/C","ecc_product_even_reg_0_3_23_23/SP/I","other","FDCE=1;LUT5=1;LUT6=3;RAMS32=1"
518,1.419,5.000,3.334,0.980,2.354,0.706,4,"ecc_leaf_id_q_reg[2]/C","ecc_product_even_reg_0_3_24_24/SP/I","other","FDCE=1;LUT5=1;LUT6=3;RAMS32=1"
519,1.419,5.000,3.334,0.980,2.354,0.706,4,"ecc_leaf_id_q_reg[2]/C","ecc_product_even_reg_0_3_25_25/SP/I","other","FDCE=1;LUT5=1;LUT6=3;RAMS32=1"
520,1.419,5.000,3.334,0.980,2.354,0.706,4,"ecc_leaf_id_q_reg[2]/C","ecc_product_even_reg_0_3_26_26/SP/I","other","FDCE=1;LUT5=1;LUT6=3;RAMS32=1"
521,1.419,5.000,3.334,0.980,2.354,0.706,4,"ecc_leaf_id_q_reg[2]/C","ecc_product_even_reg_0_3_27_27/SP/I","other","FDCE=1;LUT5=1;LUT6=3;RAMS32=1"
522,1.419,5.000,3.334,0.980,2.354,0.706,4,"ecc_leaf_id_q_reg[2]/C","ecc_product_even_reg_0_3_28_28/SP/I","other","FDCE=1;LUT5=1;LUT6=3;RAMS32=1"
523,1.419,5.000,3.334,0.980,2.354,0.706,4,"ecc_leaf_id_q_reg[2]/C","ecc_product_even_reg_0_3_29_29/SP/I","other","FDCE=1;LUT5=1;LUT6=3;RAMS32=1"
524,1.419,5.000,3.334,0.980,2.354,0.706,4,"ecc_leaf_id_q_reg[2]/C","ecc_product_even_reg_0_3_2_2/SP/I","other","FDCE=1;LUT5=1;LUT6=3;RAMS32=1"
525,1.419,5.000,3.334,0.980,2.354,0.706,4,"ecc_leaf_id_q_reg[2]/C","ecc_product_even_reg_0_3_30_30/SP/I","other","FDCE=1;LUT5=1;LUT6=3;RAMS32=1"
526,1.419,5.000,3.334,0.980,2.354,0.706,4,"ecc_leaf_id_q_reg[2]/C","ecc_product_even_reg_0_3_31_31/SP/I","other","FDCE=1;LUT4=1;LUT5=1;LUT6=2;RAMS32=1"
527,1.419,5.000,3.334,0.980,2.354,0.706,4,"ecc_leaf_id_q_reg[2]/C","ecc_product_even_reg_0_3_3_3/SP/I","other","FDCE=1;LUT5=1;LUT6=3;RAMS32=1"
528,1.419,5.000,3.334,0.980,2.354,0.706,4,"ecc_leaf_id_q_reg[2]/C","ecc_product_even_reg_0_3_4_4/SP/I","other","FDCE=1;LUT5=1;LUT6=3;RAMS32=1"
529,1.419,5.000,3.334,0.980,2.354,0.706,4,"ecc_leaf_id_q_reg[2]/C","ecc_product_even_reg_0_3_5_5/SP/I","other","FDCE=1;LUT5=1;LUT6=3;RAMS32=1"
530,1.419,5.000,3.334,0.980,2.354,0.706,4,"ecc_leaf_id_q_reg[2]/C","ecc_product_even_reg_0_3_6_6/SP/I","other","FDCE=1;LUT5=1;LUT6=3;RAMS32=1"
531,1.419,5.000,3.334,0.980,2.354,0.706,4,"ecc_leaf_id_q_reg[2]/C","ecc_product_even_reg_0_3_7_7/SP/I","other","FDCE=1;LUT5=1;LUT6=3;RAMS32=1"
532,1.419,5.000,3.334,0.980,2.354,0.706,4,"ecc_leaf_id_q_reg[2]/C","ecc_product_even_reg_0_3_8_8/SP/I","other","FDCE=1;LUT5=1;LUT6=3;RAMS32=1"
533,1.419,5.000,3.334,0.980,2.354,0.706,4,"ecc_leaf_id_q_reg[2]/C","ecc_product_even_reg_0_3_9_9/SP/I","other","FDCE=1;LUT5=1;LUT6=3;RAMS32=1"
534,1.429,5.000,3.324,0.980,2.344,0.705,4,"ecc_fold_word_q_reg[1]/C","ecc_product_odd_reg_0_3_31_31/SP/I","other","FDCE=1;LUT3=1;LUT4=1;LUT5=1;LUT6=1;RAMS32=1"
535,1.429,5.000,3.324,0.980,2.344,0.705,4,"ecc_fold_word_q_reg[1]/C","ecc_product_odd_reg_0_3_32_32/SP/I","other","FDCE=1;LUT3=1;LUT5=1;LUT6=2;RAMS32=1"
536,1.429,5.000,3.324,0.980,2.344,0.705,4,"ecc_fold_word_q_reg[1]/C","ecc_product_odd_reg_0_3_33_33/SP/I","other","FDCE=1;LUT3=1;LUT5=1;LUT6=2;RAMS32=1"
537,1.429,5.000,3.324,0.980,2.344,0.705,4,"ecc_fold_word_q_reg[1]/C","ecc_product_odd_reg_0_3_34_34/SP/I","other","FDCE=1;LUT3=1;LUT5=1;LUT6=2;RAMS32=1"
538,1.429,5.000,3.324,0.980,2.344,0.705,4,"ecc_fold_word_q_reg[1]/C","ecc_product_odd_reg_0_3_35_35/SP/I","other","FDCE=1;LUT3=1;LUT5=1;LUT6=2;RAMS32=1"
539,1.429,5.000,3.324,0.980,2.344,0.705,4,"ecc_fold_word_q_reg[1]/C","ecc_product_odd_reg_0_3_36_36/SP/I","other","FDCE=1;LUT3=1;LUT5=1;LUT6=2;RAMS32=1"
540,1.429,5.000,3.324,0.980,2.344,0.705,4,"ecc_fold_word_q_reg[1]/C","ecc_product_odd_reg_0_3_37_37/SP/I","other","FDCE=1;LUT3=1;LUT5=1;LUT6=2;RAMS32=1"
541,1.429,5.000,3.324,0.980,2.344,0.705,4,"ecc_fold_word_q_reg[1]/C","ecc_product_odd_reg_0_3_38_38/SP/I","other","FDCE=1;LUT3=1;LUT5=1;LUT6=2;RAMS32=1"
542,1.429,5.000,3.324,0.980,2.344,0.705,4,"ecc_fold_word_q_reg[1]/C","ecc_product_odd_reg_0_3_39_39/SP/I","other","FDCE=1;LUT3=1;LUT5=1;LUT6=2;RAMS32=1"
543,1.429,5.000,3.324,0.980,2.344,0.705,4,"ecc_fold_word_q_reg[1]/C","ecc_product_odd_reg_0_3_40_40/SP/I","other","FDCE=1;LUT3=1;LUT5=1;LUT6=2;RAMS32=1"
544,1.429,5.000,3.324,0.980,2.344,0.705,4,"ecc_fold_word_q_reg[1]/C","ecc_product_odd_reg_0_3_41_41/SP/I","other","FDCE=1;LUT3=1;LUT5=1;LUT6=2;RAMS32=1"
545,1.429,5.000,3.324,0.980,2.344,0.705,4,"ecc_fold_word_q_reg[1]/C","ecc_product_odd_reg_0_3_42_42/SP/I","other","FDCE=1;LUT3=1;LUT5=1;LUT6=2;RAMS32=1"
546,1.429,5.000,3.324,0.980,2.344,0.705,4,"ecc_fold_word_q_reg[1]/C","ecc_product_odd_reg_0_3_43_43/SP/I","other","FDCE=1;LUT3=1;LUT5=1;LUT6=2;RAMS32=1"
547,1.429,5.000,3.324,0.980,2.344,0.705,4,"ecc_fold_word_q_reg[1]/C","ecc_product_odd_reg_0_3_44_44/SP/I","other","FDCE=1;LUT3=1;LUT5=1;LUT6=2;RAMS32=1"
548,1.429,5.000,3.324,0.980,2.344,0.705,4,"ecc_fold_word_q_reg[1]/C","ecc_product_odd_reg_0_3_45_45/SP/I","other","FDCE=1;LUT3=1;LUT5=1;LUT6=2;RAMS32=1"
549,1.429,5.000,3.324,0.980,2.344,0.705,4,"ecc_fold_word_q_reg[1]/C","ecc_product_odd_reg_0_3_46_46/SP/I","other","FDCE=1;LUT3=1;LUT5=1;LUT6=2;RAMS32=1"
550,1.429,5.000,3.324,0.980,2.344,0.705,4,"ecc_fold_word_q_reg[1]/C","ecc_product_odd_reg_0_3_47_47/SP/I","other","FDCE=1;LUT3=1;LUT5=1;LUT6=2;RAMS32=1"
551,1.429,5.000,3.324,0.980,2.344,0.705,4,"ecc_fold_word_q_reg[1]/C","ecc_product_odd_reg_0_3_48_48/SP/I","other","FDCE=1;LUT3=1;LUT5=1;LUT6=2;RAMS32=1"
552,1.429,5.000,3.324,0.980,2.344,0.705,4,"ecc_fold_word_q_reg[1]/C","ecc_product_odd_reg_0_3_49_49/SP/I","other","FDCE=1;LUT3=1;LUT5=1;LUT6=2;RAMS32=1"
553,1.429,5.000,3.324,0.980,2.344,0.705,4,"ecc_fold_word_q_reg[1]/C","ecc_product_odd_reg_0_3_50_50/SP/I","other","FDCE=1;LUT3=1;LUT5=1;LUT6=2;RAMS32=1"
554,1.429,5.000,3.324,0.980,2.344,0.705,4,"ecc_fold_word_q_reg[1]/C","ecc_product_odd_reg_0_3_51_51/SP/I","other","FDCE=1;LUT3=1;LUT5=1;LUT6=2;RAMS32=1"
555,1.429,5.000,3.324,0.980,2.344,0.705,4,"ecc_fold_word_q_reg[1]/C","ecc_product_odd_reg_0_3_52_52/SP/I","other","FDCE=1;LUT3=1;LUT5=1;LUT6=2;RAMS32=1"
556,1.429,5.000,3.324,0.980,2.344,0.705,4,"ecc_fold_word_q_reg[1]/C","ecc_product_odd_reg_0_3_53_53/SP/I","other","FDCE=1;LUT3=1;LUT5=1;LUT6=2;RAMS32=1"
557,1.429,5.000,3.324,0.980,2.344,0.705,4,"ecc_fold_word_q_reg[1]/C","ecc_product_odd_reg_0_3_54_54/SP/I","other","FDCE=1;LUT3=1;LUT5=1;LUT6=2;RAMS32=1"
558,1.429,5.000,3.324,0.980,2.344,0.705,4,"ecc_fold_word_q_reg[1]/C","ecc_product_odd_reg_0_3_55_55/SP/I","other","FDCE=1;LUT3=1;LUT5=1;LUT6=2;RAMS32=1"
559,1.429,5.000,3.324,0.980,2.344,0.705,4,"ecc_fold_word_q_reg[1]/C","ecc_product_odd_reg_0_3_56_56/SP/I","other","FDCE=1;LUT3=1;LUT5=1;LUT6=2;RAMS32=1"
560,1.429,5.000,3.324,0.980,2.344,0.705,4,"ecc_fold_word_q_reg[1]/C","ecc_product_odd_reg_0_3_57_57/SP/I","other","FDCE=1;LUT3=1;LUT5=1;LUT6=2;RAMS32=1"
561,1.429,5.000,3.324,0.980,2.344,0.705,4,"ecc_fold_word_q_reg[1]/C","ecc_product_odd_reg_0_3_58_58/SP/I","other","FDCE=1;LUT3=1;LUT5=1;LUT6=2;RAMS32=1"
562,1.429,5.000,3.324,0.980,2.344,0.705,4,"ecc_fold_word_q_reg[1]/C","ecc_product_odd_reg_0_3_59_59/SP/I","other","FDCE=1;LUT3=1;LUT5=1;LUT6=2;RAMS32=1"
563,1.429,5.000,3.324,0.980,2.344,0.705,4,"ecc_fold_word_q_reg[1]/C","ecc_product_odd_reg_0_3_60_60/SP/I","other","FDCE=1;LUT3=1;LUT5=1;LUT6=2;RAMS32=1"
564,1.429,5.000,3.324,0.980,2.344,0.705,4,"ecc_fold_word_q_reg[1]/C","ecc_product_odd_reg_0_3_61_61/SP/I","other","FDCE=1;LUT3=1;LUT5=1;LUT6=2;RAMS32=1"
565,1.429,5.000,3.324,0.980,2.344,0.705,4,"ecc_fold_word_q_reg[1]/C","ecc_product_odd_reg_0_3_62_62/SP/I","other","FDCE=1;LUT3=1;LUT5=1;LUT6=2;RAMS32=1"
566,1.441,5.000,3.556,1.105,2.451,0.689,5,"ecc_leaf_id_q_reg[0]/C","ecc_leaf_b_q_reg[12]/D","other","FDCE=2;LUT4=3;LUT5=2"
567,1.441,5.000,3.556,1.105,2.451,0.689,5,"ecc_leaf_id_q_reg[0]/C","ecc_leaf_b_q_reg[17]/D","other","FDCE=2;LUT4=2;LUT5=3"
568,1.441,5.000,3.556,1.105,2.451,0.689,5,"ecc_leaf_id_q_reg[0]/C","ecc_leaf_b_q_reg[19]/D","other","FDCE=2;LUT4=3;LUT5=2"
569,1.441,5.000,3.556,1.105,2.451,0.689,5,"ecc_leaf_id_q_reg[0]/C","ecc_leaf_b_q_reg[21]/D","other","FDCE=2;LUT4=2;LUT5=3"
570,1.441,5.000,3.556,1.105,2.451,0.689,5,"ecc_leaf_id_q_reg[0]/C","ecc_leaf_b_q_reg[24]/D","other","FDCE=2;LUT4=3;LUT5=2"
571,1.441,5.000,3.556,1.105,2.451,0.689,5,"ecc_leaf_id_q_reg[0]/C","ecc_leaf_b_q_reg[3]/D","other","FDCE=2;LUT4=2;LUT5=3"
572,1.441,5.000,3.556,1.105,2.451,0.689,5,"ecc_leaf_id_q_reg[0]/C","ecc_leaf_b_q_reg[6]/D","other","FDCE=2;LUT4=3;LUT5=2"
573,1.442,5.000,3.555,1.085,2.470,0.695,5,"ecc_leaf_id_q_reg[0]/C","ecc_leaf_b_q_reg[10]/D","other","FDCE=2;LUT4=2;LUT5=3"
574,1.442,5.000,3.555,1.085,2.470,0.695,5,"ecc_leaf_id_q_reg[0]/C","ecc_leaf_b_q_reg[11]/D","other","FDCE=2;LUT4=3;LUT5=2"
575,1.442,5.000,3.555,1.085,2.470,0.695,5,"ecc_leaf_id_q_reg[0]/C","ecc_leaf_b_q_reg[16]/D","other","FDCE=2;LUT4=2;LUT5=3"
576,1.442,5.000,3.555,1.085,2.470,0.695,5,"ecc_leaf_id_q_reg[0]/C","ecc_leaf_a_q_reg[12]/D","other","FDCE=2;LUT4=3;LUT5=2"
577,1.442,5.000,3.555,1.085,2.470,0.695,5,"ecc_leaf_id_q_reg[0]/C","ecc_leaf_a_q_reg[17]/D","other","FDCE=2;LUT4=2;LUT5=3"
578,1.442,5.000,3.555,1.085,2.470,0.695,5,"ecc_leaf_id_q_reg[0]/C","ecc_leaf_a_q_reg[21]/D","other","FDCE=2;LUT4=2;LUT5=3"
579,1.442,5.000,3.555,1.085,2.470,0.695,5,"ecc_leaf_id_q_reg[0]/C","ecc_leaf_a_q_reg[24]/D","other","FDCE=2;LUT4=3;LUT5=2"
580,1.442,5.000,3.555,1.085,2.470,0.695,5,"ecc_leaf_id_q_reg[0]/C","ecc_leaf_a_q_reg[30]/D","other","FDCE=2;LUT4=3;LUT5=2"
581,1.442,5.000,3.555,1.085,2.470,0.695,5,"ecc_leaf_id_q_reg[0]/C","ecc_leaf_a_q_reg[3]/D","other","FDCE=2;LUT4=2;LUT5=3"
582,1.442,5.000,3.555,1.085,2.470,0.695,5,"ecc_leaf_id_q_reg[0]/C","ecc_leaf_b_q_reg[0]/D","other","FDCE=2;LUT4=3;LUT5=2"
583,1.442,5.000,3.555,1.085,2.470,0.695,5,"ecc_leaf_id_q_reg[0]/C","ecc_leaf_b_q_reg[13]/D","other","FDCE=2;LUT4=3;LUT5=2"
584,1.442,5.000,3.555,1.085,2.470,0.695,5,"ecc_leaf_id_q_reg[0]/C","ecc_leaf_b_q_reg[14]/D","other","FDCE=2;LUT4=3;LUT5=2"
585,1.442,5.000,3.555,1.085,2.470,0.695,5,"ecc_leaf_id_q_reg[0]/C","ecc_leaf_b_q_reg[15]/D","other","FDCE=2;LUT4=3;LUT5=2"
586,1.442,5.000,3.555,1.085,2.470,0.695,5,"ecc_leaf_id_q_reg[0]/C","ecc_leaf_b_q_reg[18]/D","other","FDCE=2;LUT4=3;LUT5=2"
587,1.442,5.000,3.555,1.085,2.470,0.695,5,"ecc_leaf_id_q_reg[0]/C","ecc_leaf_b_q_reg[1]/D","other","FDCE=2;LUT4=2;LUT5=3"
588,1.442,5.000,3.555,1.085,2.470,0.695,5,"ecc_leaf_id_q_reg[0]/C","ecc_leaf_b_q_reg[20]/D","other","FDCE=2;LUT4=3;LUT5=2"
589,1.442,5.000,3.555,1.085,2.470,0.695,5,"ecc_leaf_id_q_reg[0]/C","ecc_leaf_b_q_reg[22]/D","other","FDCE=2;LUT4=3;LUT5=2"
590,1.442,5.000,3.555,1.085,2.470,0.695,5,"ecc_leaf_id_q_reg[0]/C","ecc_leaf_b_q_reg[23]/D","other","FDCE=2;LUT4=3;LUT5=2"
591,1.442,5.000,3.555,1.085,2.470,0.695,5,"ecc_leaf_id_q_reg[0]/C","ecc_leaf_b_q_reg[25]/D","other","FDCE=2;LUT4=3;LUT5=2"
592,1.442,5.000,3.555,1.085,2.470,0.695,5,"ecc_leaf_id_q_reg[0]/C","ecc_leaf_b_q_reg[26]/D","other","FDCE=2;LUT4=3;LUT5=2"
593,1.442,5.000,3.555,1.085,2.470,0.695,5,"ecc_leaf_id_q_reg[0]/C","ecc_leaf_b_q_reg[28]/D","other","FDCE=2;LUT4=3;LUT5=2"
594,1.442,5.000,3.555,1.085,2.470,0.695,5,"ecc_leaf_id_q_reg[0]/C","ecc_leaf_b_q_reg[29]/D","other","FDCE=2;LUT4=3;LUT5=2"
595,1.442,5.000,3.555,1.085,2.470,0.695,5,"ecc_leaf_id_q_reg[0]/C","ecc_leaf_b_q_reg[30]/D","other","FDCE=2;LUT4=3;LUT5=2"
596,1.442,5.000,3.555,1.085,2.470,0.695,5,"ecc_leaf_id_q_reg[0]/C","ecc_leaf_b_q_reg[31]/D","other","FDCE=2;LUT4=3;LUT5=2"
597,1.442,5.000,3.555,1.085,2.470,0.695,5,"ecc_leaf_id_q_reg[0]/C","ecc_leaf_b_q_reg[4]/D","other","FDCE=2;LUT4=3;LUT5=1;LUT6=1"
598,1.442,5.000,3.555,1.085,2.470,0.695,5,"ecc_leaf_id_q_reg[0]/C","ecc_leaf_b_q_reg[5]/D","other","FDCE=2;LUT4=3;LUT5=2"
599,1.442,5.000,3.555,1.085,2.470,0.695,5,"ecc_leaf_id_q_reg[0]/C","ecc_leaf_b_q_reg[8]/D","other","FDCE=2;LUT4=3;LUT5=2"
600,1.442,5.000,3.555,1.085,2.470,0.695,5,"ecc_leaf_id_q_reg[0]/C","ecc_leaf_b_q_reg[9]/D","other","FDCE=2;LUT4=3;LUT5=2"
601,1.443,5.000,3.554,1.085,2.469,0.695,5,"ecc_leaf_id_q_reg[0]/C","ecc_leaf_a_q_reg[10]/D","other","FDCE=2;LUT4=2;LUT5=2;LUT6=1"
602,1.443,5.000,3.554,1.085,2.469,0.695,5,"ecc_leaf_id_q_reg[0]/C","ecc_leaf_a_q_reg[11]/D","other","FDCE=2;LUT4=2;LUT5=2;LUT6=1"
603,1.443,5.000,3.554,1.085,2.469,0.695,5,"ecc_leaf_id_q_reg[0]/C","ecc_leaf_a_q_reg[16]/D","other","FDCE=2;LUT4=2;LUT5=2;LUT6=1"
604,1.443,5.000,3.554,1.085,2.469,0.695,5,"ecc_leaf_id_q_reg[0]/C","ecc_leaf_b_q_reg[27]/D","other","FDCE=2;LUT4=2;LUT5=2;LUT6=1"
605,1.443,5.000,3.554,1.085,2.469,0.695,5,"ecc_leaf_id_q_reg[0]/C","ecc_leaf_b_q_reg[2]/D","other","FDCE=2;LUT4=2;LUT5=2;LUT6=1"
606,1.443,5.000,3.554,1.085,2.469,0.695,5,"ecc_leaf_id_q_reg[0]/C","ecc_leaf_b_q_reg[7]/D","other","FDCE=2;LUT4=3;LUT5=1;LUT6=1"
607,1.447,5.000,3.579,1.687,1.892,0.529,5,"gen_lane[2].i_p2_pop_slice/popcount_part_q_o_reg[1][0]/C","group_dist_q_reg[2]/D","P2 popcount capture","CARRY4=2;FDCE=2;LUT3=2;LUT6=1"
608,1.451,5.000,3.546,1.118,2.428,0.685,5,"st_q_reg[4]_rep__0/C","vrf_ra_q_reg[1][0]/D","VRF/read/writeback","FDCE=2;LUT3=1;LUT4=1;LUT5=2;LUT6=1"
609,1.451,5.000,3.546,1.118,2.428,0.685,5,"st_q_reg[4]_rep__0/C","vrf_ra_q_reg[3][0]/D","VRF/read/writeback","FDCE=2;LUT3=1;LUT4=1;LUT5=2;LUT6=1"
610,1.452,5.000,3.545,1.098,2.447,0.690,5,"st_q_reg[4]_rep__0/C","vrf_ra_q_reg[0][0]/D","VRF/read/writeback","FDCE=2;LUT3=1;LUT4=1;LUT5=2;LUT6=1"
611,1.461,5.000,3.536,1.085,2.451,0.693,5,"ecc_leaf_id_q_reg[0]/C","ecc_leaf_a_q_reg[0]/D","other","FDCE=2;LUT4=3;LUT5=2"
612,1.461,5.000,3.536,1.085,2.451,0.693,5,"ecc_leaf_id_q_reg[0]/C","ecc_leaf_a_q_reg[13]/D","other","FDCE=2;LUT4=3;LUT5=2"
613,1.461,5.000,3.536,1.085,2.451,0.693,5,"ecc_leaf_id_q_reg[0]/C","ecc_leaf_a_q_reg[14]/D","other","FDCE=2;LUT4=3;LUT5=2"
614,1.461,5.000,3.536,1.085,2.451,0.693,5,"ecc_leaf_id_q_reg[0]/C","ecc_leaf_a_q_reg[15]/D","other","FDCE=2;LUT4=3;LUT5=2"
615,1.461,5.000,3.536,1.085,2.451,0.693,5,"ecc_leaf_id_q_reg[0]/C","ecc_leaf_a_q_reg[18]/D","other","FDCE=2;LUT4=2;LUT5=3"
616,1.461,5.000,3.536,1.085,2.451,0.693,5,"ecc_leaf_id_q_reg[0]/C","ecc_leaf_a_q_reg[19]/D","other","FDCE=2;LUT4=3;LUT5=2"
617,1.461,5.000,3.536,1.085,2.451,0.693,5,"ecc_leaf_id_q_reg[0]/C","ecc_leaf_a_q_reg[1]/D","other","FDCE=2;LUT4=2;LUT5=3"
618,1.461,5.000,3.536,1.085,2.451,0.693,5,"ecc_leaf_id_q_reg[0]/C","ecc_leaf_a_q_reg[20]/D","other","FDCE=2;LUT4=2;LUT5=3"
619,1.461,5.000,3.536,1.085,2.451,0.693,5,"ecc_leaf_id_q_reg[0]/C","ecc_leaf_a_q_reg[22]/D","other","FDCE=2;LUT4=3;LUT5=2"
620,1.461,5.000,3.536,1.085,2.451,0.693,5,"ecc_leaf_id_q_reg[0]/C","ecc_leaf_a_q_reg[23]/D","other","FDCE=2;LUT4=2;LUT5=3"
621,1.461,5.000,3.536,1.085,2.451,0.693,5,"ecc_leaf_id_q_reg[0]/C","ecc_leaf_a_q_reg[25]/D","other","FDCE=2;LUT4=2;LUT5=3"
622,1.461,5.000,3.536,1.085,2.451,0.693,5,"ecc_leaf_id_q_reg[0]/C","ecc_leaf_a_q_reg[26]/D","other","FDCE=2;LUT4=3;LUT5=2"
623,1.461,5.000,3.536,1.085,2.451,0.693,5,"ecc_leaf_id_q_reg[0]/C","ecc_leaf_a_q_reg[27]/D","other","FDCE=2;LUT4=2;LUT5=3"
624,1.461,5.000,3.536,1.085,2.451,0.693,5,"ecc_leaf_id_q_reg[0]/C","ecc_leaf_a_q_reg[28]/D","other","FDCE=2;LUT4=2;LUT5=3"
625,1.461,5.000,3.536,1.085,2.451,0.693,5,"ecc_leaf_id_q_reg[0]/C","ecc_leaf_a_q_reg[29]/D","other","FDCE=2;LUT4=2;LUT5=3"
626,1.461,5.000,3.536,1.085,2.451,0.693,5,"ecc_leaf_id_q_reg[0]/C","ecc_leaf_a_q_reg[2]/D","other","FDCE=2;LUT4=2;LUT5=3"
627,1.461,5.000,3.536,1.085,2.451,0.693,5,"ecc_leaf_id_q_reg[0]/C","ecc_leaf_a_q_reg[31]/D","other","FDCE=2;LUT4=3;LUT5=2"
628,1.461,5.000,3.536,1.085,2.451,0.693,5,"ecc_leaf_id_q_reg[0]/C","ecc_leaf_a_q_reg[4]/D","other","FDCE=2;LUT4=2;LUT5=3"
629,1.461,5.000,3.536,1.085,2.451,0.693,5,"ecc_leaf_id_q_reg[0]/C","ecc_leaf_a_q_reg[5]/D","other","FDCE=2;LUT4=3;LUT5=2"
630,1.461,5.000,3.536,1.085,2.451,0.693,5,"ecc_leaf_id_q_reg[0]/C","ecc_leaf_a_q_reg[6]/D","other","FDCE=2;LUT4=3;LUT5=2"
631,1.461,5.000,3.536,1.085,2.451,0.693,5,"ecc_leaf_id_q_reg[0]/C","ecc_leaf_a_q_reg[7]/D","other","FDCE=2;LUT4=2;LUT5=3"
632,1.461,5.000,3.536,1.085,2.451,0.693,5,"ecc_leaf_id_q_reg[0]/C","ecc_leaf_a_q_reg[8]/D","other","FDCE=2;LUT4=2;LUT5=3"
633,1.461,5.000,3.536,1.085,2.451,0.693,5,"ecc_leaf_id_q_reg[0]/C","ecc_leaf_a_q_reg[9]/D","other","FDCE=2;LUT4=2;LUT5=3"
634,1.471,5.000,3.526,1.098,2.428,0.689,5,"st_q_reg[4]_rep__0/C","vrf_ra_q_reg[2][0]/D","VRF/read/writeback","FDCE=2;LUT3=1;LUT4=1;LUT5=2;LUT6=1"
635,1.491,5.000,3.298,0.980,2.318,0.703,4,"st_q_reg[4]_rep__0/C","gen_lane[0].i_p2_pop_slice/bool_result_q_reg[0]/CE","P2 popcount capture","FDCE=2;LUT2=2;LUT4=1;LUT5=1"
636,1.491,5.000,3.298,0.980,2.318,0.703,4,"st_q_reg[4]_rep__0/C","gen_lane[0].i_p2_pop_slice/bool_result_q_reg[10]/CE","P2 popcount capture","FDCE=2;LUT2=2;LUT4=1;LUT5=1"
637,1.491,5.000,3.298,0.980,2.318,0.703,4,"st_q_reg[4]_rep__0/C","gen_lane[0].i_p2_pop_slice/bool_result_q_reg[11]/CE","P2 popcount capture","FDCE=2;LUT2=2;LUT4=1;LUT5=1"
638,1.491,5.000,3.298,0.980,2.318,0.703,4,"st_q_reg[4]_rep__0/C","gen_lane[0].i_p2_pop_slice/bool_result_q_reg[12]/CE","P2 popcount capture","FDCE=2;LUT2=2;LUT4=1;LUT5=1"
639,1.491,5.000,3.298,0.980,2.318,0.703,4,"st_q_reg[4]_rep__0/C","gen_lane[0].i_p2_pop_slice/bool_result_q_reg[13]/CE","P2 popcount capture","FDCE=2;LUT2=2;LUT4=1;LUT5=1"
640,1.491,5.000,3.298,0.980,2.318,0.703,4,"st_q_reg[4]_rep__0/C","gen_lane[0].i_p2_pop_slice/bool_result_q_reg[14]/CE","P2 popcount capture","FDCE=2;LUT2=2;LUT4=1;LUT5=1"
641,1.491,5.000,3.298,0.980,2.318,0.703,4,"st_q_reg[4]_rep__0/C","gen_lane[0].i_p2_pop_slice/bool_result_q_reg[15]/CE","P2 popcount capture","FDCE=2;LUT2=2;LUT4=1;LUT5=1"
642,1.491,5.000,3.298,0.980,2.318,0.703,4,"st_q_reg[4]_rep__0/C","gen_lane[0].i_p2_pop_slice/bool_result_q_reg[16]/CE","P2 popcount capture","FDCE=2;LUT2=2;LUT4=1;LUT5=1"
643,1.491,5.000,3.298,0.980,2.318,0.703,4,"st_q_reg[4]_rep__0/C","gen_lane[0].i_p2_pop_slice/bool_result_q_reg[17]/CE","P2 popcount capture","FDCE=2;LUT2=2;LUT4=1;LUT5=1"
644,1.491,5.000,3.298,0.980,2.318,0.703,4,"st_q_reg[4]_rep__0/C","gen_lane[0].i_p2_pop_slice/bool_result_q_reg[18]/CE","P2 popcount capture","FDCE=2;LUT2=2;LUT4=1;LUT5=1"
645,1.491,5.000,3.298,0.980,2.318,0.703,4,"st_q_reg[4]_rep__0/C","gen_lane[0].i_p2_pop_slice/bool_result_q_reg[19]/CE","P2 popcount capture","FDCE=2;LUT2=2;LUT4=1;LUT5=1"
646,1.491,5.000,3.298,0.980,2.318,0.703,4,"st_q_reg[4]_rep__0/C","gen_lane[0].i_p2_pop_slice/bool_result_q_reg[1]/CE","P2 popcount capture","FDCE=2;LUT2=2;LUT4=1;LUT5=1"
647,1.491,5.000,3.298,0.980,2.318,0.703,4,"st_q_reg[4]_rep__0/C","gen_lane[0].i_p2_pop_slice/bool_result_q_reg[20]/CE","P2 popcount capture","FDCE=2;LUT2=2;LUT4=1;LUT5=1"
648,1.491,5.000,3.298,0.980,2.318,0.703,4,"st_q_reg[4]_rep__0/C","gen_lane[0].i_p2_pop_slice/bool_result_q_reg[21]/CE","P2 popcount capture","FDCE=2;LUT2=2;LUT4=1;LUT5=1"
649,1.491,5.000,3.298,0.980,2.318,0.703,4,"st_q_reg[4]_rep__0/C","gen_lane[0].i_p2_pop_slice/bool_result_q_reg[22]/CE","P2 popcount capture","FDCE=2;LUT2=2;LUT4=1;LUT5=1"
650,1.491,5.000,3.298,0.980,2.318,0.703,4,"st_q_reg[4]_rep__0/C","gen_lane[0].i_p2_pop_slice/bool_result_q_reg[23]/CE","P2 popcount capture","FDCE=2;LUT2=2;LUT4=1;LUT5=1"
651,1.491,5.000,3.298,0.980,2.318,0.703,4,"st_q_reg[4]_rep__0/C","gen_lane[0].i_p2_pop_slice/bool_result_q_reg[24]/CE","P2 popcount capture","FDCE=2;LUT2=2;LUT4=1;LUT5=1"
652,1.491,5.000,3.298,0.980,2.318,0.703,4,"st_q_reg[4]_rep__0/C","gen_lane[0].i_p2_pop_slice/bool_result_q_reg[25]/CE","P2 popcount capture","FDCE=2;LUT2=2;LUT4=1;LUT5=1"
653,1.491,5.000,3.298,0.980,2.318,0.703,4,"st_q_reg[4]_rep__0/C","gen_lane[0].i_p2_pop_slice/bool_result_q_reg[26]/CE","P2 popcount capture","FDCE=2;LUT2=2;LUT4=1;LUT5=1"
654,1.491,5.000,3.298,0.980,2.318,0.703,4,"st_q_reg[4]_rep__0/C","gen_lane[0].i_p2_pop_slice/bool_result_q_reg[27]/CE","P2 popcount capture","FDCE=2;LUT2=2;LUT4=1;LUT5=1"
655,1.491,5.000,3.298,0.980,2.318,0.703,4,"st_q_reg[4]_rep__0/C","gen_lane[0].i_p2_pop_slice/bool_result_q_reg[28]/CE","P2 popcount capture","FDCE=2;LUT2=2;LUT4=1;LUT5=1"
656,1.491,5.000,3.298,0.980,2.318,0.703,4,"st_q_reg[4]_rep__0/C","gen_lane[0].i_p2_pop_slice/bool_result_q_reg[29]/CE","P2 popcount capture","FDCE=2;LUT2=2;LUT4=1;LUT5=1"
657,1.491,5.000,3.298,0.980,2.318,0.703,4,"st_q_reg[4]_rep__0/C","gen_lane[0].i_p2_pop_slice/bool_result_q_reg[2]/CE","P2 popcount capture","FDCE=2;LUT2=2;LUT4=1;LUT5=1"
658,1.491,5.000,3.298,0.980,2.318,0.703,4,"st_q_reg[4]_rep__0/C","gen_lane[0].i_p2_pop_slice/bool_result_q_reg[30]/CE","P2 popcount capture","FDCE=2;LUT2=2;LUT4=1;LUT5=1"
659,1.491,5.000,3.298,0.980,2.318,0.703,4,"st_q_reg[4]_rep__0/C","gen_lane[0].i_p2_pop_slice/bool_result_q_reg[31]/CE","P2 popcount capture","FDCE=2;LUT2=2;LUT4=1;LUT5=1"
660,1.491,5.000,3.298,0.980,2.318,0.703,4,"st_q_reg[4]_rep__0/C","gen_lane[0].i_p2_pop_slice/bool_result_q_reg[32]/CE","P2 popcount capture","FDCE=2;LUT2=2;LUT4=1;LUT5=1"
661,1.491,5.000,3.298,0.980,2.318,0.703,4,"st_q_reg[4]_rep__0/C","gen_lane[0].i_p2_pop_slice/bool_result_q_reg[33]/CE","P2 popcount capture","FDCE=2;LUT2=2;LUT4=1;LUT5=1"
662,1.491,5.000,3.298,0.980,2.318,0.703,4,"st_q_reg[4]_rep__0/C","gen_lane[0].i_p2_pop_slice/bool_result_q_reg[34]/CE","P2 popcount capture","FDCE=2;LUT2=2;LUT4=1;LUT5=1"
663,1.491,5.000,3.298,0.980,2.318,0.703,4,"st_q_reg[4]_rep__0/C","gen_lane[0].i_p2_pop_slice/bool_result_q_reg[35]/CE","P2 popcount capture","FDCE=2;LUT2=2;LUT4=1;LUT5=1"
664,1.491,5.000,3.298,0.980,2.318,0.703,4,"st_q_reg[4]_rep__0/C","gen_lane[0].i_p2_pop_slice/bool_result_q_reg[36]/CE","P2 popcount capture","FDCE=2;LUT2=2;LUT4=1;LUT5=1"
665,1.491,5.000,3.298,0.980,2.318,0.703,4,"st_q_reg[4]_rep__0/C","gen_lane[0].i_p2_pop_slice/bool_result_q_reg[37]/CE","P2 popcount capture","FDCE=2;LUT2=2;LUT4=1;LUT5=1"
666,1.491,5.000,3.298,0.980,2.318,0.703,4,"st_q_reg[4]_rep__0/C","gen_lane[0].i_p2_pop_slice/bool_result_q_reg[38]/CE","P2 popcount capture","FDCE=2;LUT2=2;LUT4=1;LUT5=1"
667,1.491,5.000,3.298,0.980,2.318,0.703,4,"st_q_reg[4]_rep__0/C","gen_lane[0].i_p2_pop_slice/bool_result_q_reg[39]/CE","P2 popcount capture","FDCE=2;LUT2=2;LUT4=1;LUT5=1"
668,1.491,5.000,3.298,0.980,2.318,0.703,4,"st_q_reg[4]_rep__0/C","gen_lane[0].i_p2_pop_slice/bool_result_q_reg[3]/CE","P2 popcount capture","FDCE=2;LUT2=2;LUT4=1;LUT5=1"
669,1.491,5.000,3.298,0.980,2.318,0.703,4,"st_q_reg[4]_rep__0/C","gen_lane[0].i_p2_pop_slice/bool_result_q_reg[40]/CE","P2 popcount capture","FDCE=2;LUT2=2;LUT4=1;LUT5=1"
670,1.491,5.000,3.298,0.980,2.318,0.703,4,"st_q_reg[4]_rep__0/C","gen_lane[0].i_p2_pop_slice/bool_result_q_reg[41]/CE","P2 popcount capture","FDCE=2;LUT2=2;LUT4=1;LUT5=1"
671,1.491,5.000,3.298,0.980,2.318,0.703,4,"st_q_reg[4]_rep__0/C","gen_lane[0].i_p2_pop_slice/bool_result_q_reg[42]/CE","P2 popcount capture","FDCE=2;LUT2=2;LUT4=1;LUT5=1"
672,1.491,5.000,3.298,0.980,2.318,0.703,4,"st_q_reg[4]_rep__0/C","gen_lane[0].i_p2_pop_slice/bool_result_q_reg[43]/CE","P2 popcount capture","FDCE=2;LUT2=2;LUT4=1;LUT5=1"
673,1.491,5.000,3.298,0.980,2.318,0.703,4,"st_q_reg[4]_rep__0/C","gen_lane[0].i_p2_pop_slice/bool_result_q_reg[44]/CE","P2 popcount capture","FDCE=2;LUT2=2;LUT4=1;LUT5=1"
674,1.491,5.000,3.298,0.980,2.318,0.703,4,"st_q_reg[4]_rep__0/C","gen_lane[0].i_p2_pop_slice/bool_result_q_reg[45]/CE","P2 popcount capture","FDCE=2;LUT2=2;LUT4=1;LUT5=1"
675,1.491,5.000,3.298,0.980,2.318,0.703,4,"st_q_reg[4]_rep__0/C","gen_lane[0].i_p2_pop_slice/bool_result_q_reg[46]/CE","P2 popcount capture","FDCE=2;LUT2=2;LUT4=1;LUT5=1"
676,1.491,5.000,3.298,0.980,2.318,0.703,4,"st_q_reg[4]_rep__0/C","gen_lane[0].i_p2_pop_slice/bool_result_q_reg[47]/CE","P2 popcount capture","FDCE=2;LUT2=2;LUT4=1;LUT5=1"
677,1.491,5.000,3.298,0.980,2.318,0.703,4,"st_q_reg[4]_rep__0/C","gen_lane[0].i_p2_pop_slice/bool_result_q_reg[48]/CE","P2 popcount capture","FDCE=2;LUT2=2;LUT4=1;LUT5=1"
678,1.491,5.000,3.298,0.980,2.318,0.703,4,"st_q_reg[4]_rep__0/C","gen_lane[0].i_p2_pop_slice/bool_result_q_reg[49]/CE","P2 popcount capture","FDCE=2;LUT2=2;LUT4=1;LUT5=1"
679,1.491,5.000,3.298,0.980,2.318,0.703,4,"st_q_reg[4]_rep__0/C","gen_lane[0].i_p2_pop_slice/bool_result_q_reg[4]/CE","P2 popcount capture","FDCE=2;LUT2=2;LUT4=1;LUT5=1"
680,1.491,5.000,3.298,0.980,2.318,0.703,4,"st_q_reg[4]_rep__0/C","gen_lane[0].i_p2_pop_slice/bool_result_q_reg[50]/CE","P2 popcount capture","FDCE=2;LUT2=2;LUT4=1;LUT5=1"
681,1.491,5.000,3.298,0.980,2.318,0.703,4,"st_q_reg[4]_rep__0/C","gen_lane[0].i_p2_pop_slice/bool_result_q_reg[51]/CE","P2 popcount capture","FDCE=2;LUT2=2;LUT4=1;LUT5=1"
682,1.491,5.000,3.298,0.980,2.318,0.703,4,"st_q_reg[4]_rep__0/C","gen_lane[0].i_p2_pop_slice/bool_result_q_reg[52]/CE","P2 popcount capture","FDCE=2;LUT2=2;LUT4=1;LUT5=1"
683,1.491,5.000,3.298,0.980,2.318,0.703,4,"st_q_reg[4]_rep__0/C","gen_lane[0].i_p2_pop_slice/bool_result_q_reg[53]/CE","P2 popcount capture","FDCE=2;LUT2=2;LUT4=1;LUT5=1"
684,1.491,5.000,3.298,0.980,2.318,0.703,4,"st_q_reg[4]_rep__0/C","gen_lane[0].i_p2_pop_slice/bool_result_q_reg[54]/CE","P2 popcount capture","FDCE=2;LUT2=2;LUT4=1;LUT5=1"
685,1.491,5.000,3.298,0.980,2.318,0.703,4,"st_q_reg[4]_rep__0/C","gen_lane[0].i_p2_pop_slice/bool_result_q_reg[55]/CE","P2 popcount capture","FDCE=2;LUT2=2;LUT4=1;LUT5=1"
686,1.491,5.000,3.298,0.980,2.318,0.703,4,"st_q_reg[4]_rep__0/C","gen_lane[0].i_p2_pop_slice/bool_result_q_reg[56]/CE","P2 popcount capture","FDCE=2;LUT2=2;LUT4=1;LUT5=1"
687,1.491,5.000,3.298,0.980,2.318,0.703,4,"st_q_reg[4]_rep__0/C","gen_lane[0].i_p2_pop_slice/bool_result_q_reg[57]/CE","P2 popcount capture","FDCE=2;LUT2=2;LUT4=1;LUT5=1"
688,1.491,5.000,3.298,0.980,2.318,0.703,4,"st_q_reg[4]_rep__0/C","gen_lane[0].i_p2_pop_slice/bool_result_q_reg[58]/CE","P2 popcount capture","FDCE=2;LUT2=2;LUT4=1;LUT5=1"
689,1.491,5.000,3.298,0.980,2.318,0.703,4,"st_q_reg[4]_rep__0/C","gen_lane[0].i_p2_pop_slice/bool_result_q_reg[59]/CE","P2 popcount capture","FDCE=2;LUT2=2;LUT4=1;LUT5=1"
690,1.491,5.000,3.298,0.980,2.318,0.703,4,"st_q_reg[4]_rep__0/C","gen_lane[0].i_p2_pop_slice/bool_result_q_reg[5]/CE","P2 popcount capture","FDCE=2;LUT2=2;LUT4=1;LUT5=1"
691,1.491,5.000,3.298,0.980,2.318,0.703,4,"st_q_reg[4]_rep__0/C","gen_lane[0].i_p2_pop_slice/bool_result_q_reg[60]/CE","P2 popcount capture","FDCE=2;LUT2=2;LUT4=1;LUT5=1"
692,1.491,5.000,3.298,0.980,2.318,0.703,4,"st_q_reg[4]_rep__0/C","gen_lane[0].i_p2_pop_slice/bool_result_q_reg[61]/CE","P2 popcount capture","FDCE=2;LUT2=2;LUT4=1;LUT5=1"
693,1.491,5.000,3.298,0.980,2.318,0.703,4,"st_q_reg[4]_rep__0/C","gen_lane[0].i_p2_pop_slice/bool_result_q_reg[62]/CE","P2 popcount capture","FDCE=2;LUT2=2;LUT4=1;LUT5=1"
694,1.491,5.000,3.298,0.980,2.318,0.703,4,"st_q_reg[4]_rep__0/C","gen_lane[0].i_p2_pop_slice/bool_result_q_reg[63]/CE","P2 popcount capture","FDCE=2;LUT2=2;LUT4=1;LUT5=1"
695,1.491,5.000,3.298,0.980,2.318,0.703,4,"st_q_reg[4]_rep__0/C","gen_lane[0].i_p2_pop_slice/bool_result_q_reg[6]/CE","P2 popcount capture","FDCE=2;LUT2=2;LUT4=1;LUT5=1"
696,1.491,5.000,3.298,0.980,2.318,0.703,4,"st_q_reg[4]_rep__0/C","gen_lane[0].i_p2_pop_slice/bool_result_q_reg[7]/CE","P2 popcount capture","FDCE=2;LUT2=2;LUT4=1;LUT5=1"
697,1.491,5.000,3.298,0.980,2.318,0.703,4,"st_q_reg[4]_rep__0/C","gen_lane[0].i_p2_pop_slice/bool_result_q_reg[8]/CE","P2 popcount capture","FDCE=2;LUT2=2;LUT4=1;LUT5=1"
698,1.491,5.000,3.298,0.980,2.318,0.703,4,"st_q_reg[4]_rep__0/C","gen_lane[0].i_p2_pop_slice/bool_result_q_reg[9]/CE","P2 popcount capture","FDCE=2;LUT2=2;LUT4=1;LUT5=1"
699,1.491,5.000,3.298,0.980,2.318,0.703,4,"st_q_reg[4]_rep__0/C","gen_lane[1].i_p2_pop_slice/bool_result_q_reg[0]/CE","P2 popcount capture","FDCE=2;LUT2=2;LUT4=1;LUT5=1"
700,1.491,5.000,3.298,0.980,2.318,0.703,4,"st_q_reg[4]_rep__0/C","gen_lane[1].i_p2_pop_slice/bool_result_q_reg[10]/CE","P2 popcount capture","FDCE=2;LUT2=2;LUT4=1;LUT5=1"
701,1.491,5.000,3.298,0.980,2.318,0.703,4,"st_q_reg[4]_rep__0/C","gen_lane[1].i_p2_pop_slice/bool_result_q_reg[11]/CE","P2 popcount capture","FDCE=2;LUT2=2;LUT4=1;LUT5=1"
702,1.491,5.000,3.298,0.980,2.318,0.703,4,"st_q_reg[4]_rep__0/C","gen_lane[1].i_p2_pop_slice/bool_result_q_reg[12]/CE","P2 popcount capture","FDCE=2;LUT2=2;LUT4=1;LUT5=1"
703,1.491,5.000,3.298,0.980,2.318,0.703,4,"st_q_reg[4]_rep__0/C","gen_lane[1].i_p2_pop_slice/bool_result_q_reg[13]/CE","P2 popcount capture","FDCE=2;LUT2=2;LUT4=1;LUT5=1"
704,1.491,5.000,3.298,0.980,2.318,0.703,4,"st_q_reg[4]_rep__0/C","gen_lane[1].i_p2_pop_slice/bool_result_q_reg[14]/CE","P2 popcount capture","FDCE=2;LUT2=2;LUT4=1;LUT5=1"
705,1.491,5.000,3.298,0.980,2.318,0.703,4,"st_q_reg[4]_rep__0/C","gen_lane[1].i_p2_pop_slice/bool_result_q_reg[15]/CE","P2 popcount capture","FDCE=2;LUT2=2;LUT4=1;LUT5=1"
706,1.491,5.000,3.298,0.980,2.318,0.703,4,"st_q_reg[4]_rep__0/C","gen_lane[1].i_p2_pop_slice/bool_result_q_reg[16]/CE","P2 popcount capture","FDCE=2;LUT2=2;LUT4=1;LUT5=1"
707,1.491,5.000,3.298,0.980,2.318,0.703,4,"st_q_reg[4]_rep__0/C","gen_lane[1].i_p2_pop_slice/bool_result_q_reg[17]/CE","P2 popcount capture","FDCE=2;LUT2=2;LUT4=1;LUT5=1"
708,1.491,5.000,3.298,0.980,2.318,0.703,4,"st_q_reg[4]_rep__0/C","gen_lane[1].i_p2_pop_slice/bool_result_q_reg[18]/CE","P2 popcount capture","FDCE=2;LUT2=2;LUT4=1;LUT5=1"
709,1.491,5.000,3.298,0.980,2.318,0.703,4,"st_q_reg[4]_rep__0/C","gen_lane[1].i_p2_pop_slice/bool_result_q_reg[19]/CE","P2 popcount capture","FDCE=2;LUT2=2;LUT4=1;LUT5=1"
710,1.491,5.000,3.298,0.980,2.318,0.703,4,"st_q_reg[4]_rep__0/C","gen_lane[1].i_p2_pop_slice/bool_result_q_reg[1]/CE","P2 popcount capture","FDCE=2;LUT2=2;LUT4=1;LUT5=1"
711,1.491,5.000,3.298,0.980,2.318,0.703,4,"st_q_reg[4]_rep__0/C","gen_lane[1].i_p2_pop_slice/bool_result_q_reg[20]/CE","P2 popcount capture","FDCE=2;LUT2=2;LUT4=1;LUT5=1"
712,1.491,5.000,3.298,0.980,2.318,0.703,4,"st_q_reg[4]_rep__0/C","gen_lane[1].i_p2_pop_slice/bool_result_q_reg[21]/CE","P2 popcount capture","FDCE=2;LUT2=2;LUT4=1;LUT5=1"
713,1.491,5.000,3.298,0.980,2.318,0.703,4,"st_q_reg[4]_rep__0/C","gen_lane[1].i_p2_pop_slice/bool_result_q_reg[22]/CE","P2 popcount capture","FDCE=2;LUT2=2;LUT4=1;LUT5=1"
714,1.491,5.000,3.298,0.980,2.318,0.703,4,"st_q_reg[4]_rep__0/C","gen_lane[1].i_p2_pop_slice/bool_result_q_reg[23]/CE","P2 popcount capture","FDCE=2;LUT2=2;LUT4=1;LUT5=1"
715,1.491,5.000,3.298,0.980,2.318,0.703,4,"st_q_reg[4]_rep__0/C","gen_lane[1].i_p2_pop_slice/bool_result_q_reg[24]/CE","P2 popcount capture","FDCE=2;LUT2=2;LUT4=1;LUT5=1"
716,1.491,5.000,3.298,0.980,2.318,0.703,4,"st_q_reg[4]_rep__0/C","gen_lane[1].i_p2_pop_slice/bool_result_q_reg[25]/CE","P2 popcount capture","FDCE=2;LUT2=2;LUT4=1;LUT5=1"
717,1.491,5.000,3.298,0.980,2.318,0.703,4,"st_q_reg[4]_rep__0/C","gen_lane[1].i_p2_pop_slice/bool_result_q_reg[26]/CE","P2 popcount capture","FDCE=2;LUT2=2;LUT4=1;LUT5=1"
718,1.491,5.000,3.298,0.980,2.318,0.703,4,"st_q_reg[4]_rep__0/C","gen_lane[1].i_p2_pop_slice/bool_result_q_reg[27]/CE","P2 popcount capture","FDCE=2;LUT2=2;LUT4=1;LUT5=1"
719,1.491,5.000,3.298,0.980,2.318,0.703,4,"st_q_reg[4]_rep__0/C","gen_lane[1].i_p2_pop_slice/bool_result_q_reg[28]/CE","P2 popcount capture","FDCE=2;LUT2=2;LUT4=1;LUT5=1"
720,1.491,5.000,3.298,0.980,2.318,0.703,4,"st_q_reg[4]_rep__0/C","gen_lane[1].i_p2_pop_slice/bool_result_q_reg[29]/CE","P2 popcount capture","FDCE=2;LUT2=2;LUT4=1;LUT5=1"
721,1.491,5.000,3.298,0.980,2.318,0.703,4,"st_q_reg[4]_rep__0/C","gen_lane[1].i_p2_pop_slice/bool_result_q_reg[2]/CE","P2 popcount capture","FDCE=2;LUT2=2;LUT4=1;LUT5=1"
722,1.491,5.000,3.298,0.980,2.318,0.703,4,"st_q_reg[4]_rep__0/C","gen_lane[1].i_p2_pop_slice/bool_result_q_reg[30]/CE","P2 popcount capture","FDCE=2;LUT2=2;LUT4=1;LUT5=1"
723,1.491,5.000,3.298,0.980,2.318,0.703,4,"st_q_reg[4]_rep__0/C","gen_lane[1].i_p2_pop_slice/bool_result_q_reg[31]/CE","P2 popcount capture","FDCE=2;LUT2=2;LUT4=1;LUT5=1"
724,1.491,5.000,3.298,0.980,2.318,0.703,4,"st_q_reg[4]_rep__0/C","gen_lane[1].i_p2_pop_slice/bool_result_q_reg[32]/CE","P2 popcount capture","FDCE=2;LUT2=2;LUT4=1;LUT5=1"
725,1.491,5.000,3.298,0.980,2.318,0.703,4,"st_q_reg[4]_rep__0/C","gen_lane[1].i_p2_pop_slice/bool_result_q_reg[33]/CE","P2 popcount capture","FDCE=2;LUT2=2;LUT4=1;LUT5=1"
726,1.491,5.000,3.298,0.980,2.318,0.703,4,"st_q_reg[4]_rep__0/C","gen_lane[1].i_p2_pop_slice/bool_result_q_reg[34]/CE","P2 popcount capture","FDCE=2;LUT2=2;LUT4=1;LUT5=1"
727,1.491,5.000,3.298,0.980,2.318,0.703,4,"st_q_reg[4]_rep__0/C","gen_lane[1].i_p2_pop_slice/bool_result_q_reg[35]/CE","P2 popcount capture","FDCE=2;LUT2=2;LUT4=1;LUT5=1"
728,1.491,5.000,3.298,0.980,2.318,0.703,4,"st_q_reg[4]_rep__0/C","gen_lane[1].i_p2_pop_slice/bool_result_q_reg[36]/CE","P2 popcount capture","FDCE=2;LUT2=2;LUT4=1;LUT5=1"
729,1.491,5.000,3.298,0.980,2.318,0.703,4,"st_q_reg[4]_rep__0/C","gen_lane[1].i_p2_pop_slice/bool_result_q_reg[37]/CE","P2 popcount capture","FDCE=2;LUT2=2;LUT4=1;LUT5=1"
730,1.491,5.000,3.298,0.980,2.318,0.703,4,"st_q_reg[4]_rep__0/C","gen_lane[1].i_p2_pop_slice/bool_result_q_reg[38]/CE","P2 popcount capture","FDCE=2;LUT2=2;LUT4=1;LUT5=1"
731,1.491,5.000,3.298,0.980,2.318,0.703,4,"st_q_reg[4]_rep__0/C","gen_lane[1].i_p2_pop_slice/bool_result_q_reg[39]/CE","P2 popcount capture","FDCE=2;LUT2=2;LUT4=1;LUT5=1"
732,1.491,5.000,3.298,0.980,2.318,0.703,4,"st_q_reg[4]_rep__0/C","gen_lane[1].i_p2_pop_slice/bool_result_q_reg[3]/CE","P2 popcount capture","FDCE=2;LUT2=2;LUT4=1;LUT5=1"
733,1.491,5.000,3.298,0.980,2.318,0.703,4,"st_q_reg[4]_rep__0/C","gen_lane[1].i_p2_pop_slice/bool_result_q_reg[40]/CE","P2 popcount capture","FDCE=2;LUT2=2;LUT4=1;LUT5=1"
734,1.491,5.000,3.298,0.980,2.318,0.703,4,"st_q_reg[4]_rep__0/C","gen_lane[1].i_p2_pop_slice/bool_result_q_reg[41]/CE","P2 popcount capture","FDCE=2;LUT2=2;LUT4=1;LUT5=1"
735,1.491,5.000,3.298,0.980,2.318,0.703,4,"st_q_reg[4]_rep__0/C","gen_lane[1].i_p2_pop_slice/bool_result_q_reg[42]/CE","P2 popcount capture","FDCE=2;LUT2=2;LUT4=1;LUT5=1"
736,1.491,5.000,3.298,0.980,2.318,0.703,4,"st_q_reg[4]_rep__0/C","gen_lane[1].i_p2_pop_slice/bool_result_q_reg[43]/CE","P2 popcount capture","FDCE=2;LUT2=2;LUT4=1;LUT5=1"
737,1.491,5.000,3.298,0.980,2.318,0.703,4,"st_q_reg[4]_rep__0/C","gen_lane[1].i_p2_pop_slice/bool_result_q_reg[44]/CE","P2 popcount capture","FDCE=2;LUT2=2;LUT4=1;LUT5=1"
738,1.491,5.000,3.298,0.980,2.318,0.703,4,"st_q_reg[4]_rep__0/C","gen_lane[1].i_p2_pop_slice/bool_result_q_reg[45]/CE","P2 popcount capture","FDCE=2;LUT2=2;LUT4=1;LUT5=1"
739,1.491,5.000,3.298,0.980,2.318,0.703,4,"st_q_reg[4]_rep__0/C","gen_lane[1].i_p2_pop_slice/bool_result_q_reg[46]/CE","P2 popcount capture","FDCE=2;LUT2=2;LUT4=1;LUT5=1"
740,1.491,5.000,3.298,0.980,2.318,0.703,4,"st_q_reg[4]_rep__0/C","gen_lane[1].i_p2_pop_slice/bool_result_q_reg[47]/CE","P2 popcount capture","FDCE=2;LUT2=2;LUT4=1;LUT5=1"
741,1.491,5.000,3.298,0.980,2.318,0.703,4,"st_q_reg[4]_rep__0/C","gen_lane[1].i_p2_pop_slice/bool_result_q_reg[48]/CE","P2 popcount capture","FDCE=2;LUT2=2;LUT4=1;LUT5=1"
742,1.491,5.000,3.298,0.980,2.318,0.703,4,"st_q_reg[4]_rep__0/C","gen_lane[1].i_p2_pop_slice/bool_result_q_reg[49]/CE","P2 popcount capture","FDCE=2;LUT2=2;LUT4=1;LUT5=1"
743,1.491,5.000,3.298,0.980,2.318,0.703,4,"st_q_reg[4]_rep__0/C","gen_lane[1].i_p2_pop_slice/bool_result_q_reg[4]/CE","P2 popcount capture","FDCE=2;LUT2=2;LUT4=1;LUT5=1"
744,1.491,5.000,3.298,0.980,2.318,0.703,4,"st_q_reg[4]_rep__0/C","gen_lane[1].i_p2_pop_slice/bool_result_q_reg[50]/CE","P2 popcount capture","FDCE=2;LUT2=2;LUT4=1;LUT5=1"
745,1.491,5.000,3.298,0.980,2.318,0.703,4,"st_q_reg[4]_rep__0/C","gen_lane[1].i_p2_pop_slice/bool_result_q_reg[51]/CE","P2 popcount capture","FDCE=2;LUT2=2;LUT4=1;LUT5=1"
746,1.491,5.000,3.298,0.980,2.318,0.703,4,"st_q_reg[4]_rep__0/C","gen_lane[1].i_p2_pop_slice/bool_result_q_reg[52]/CE","P2 popcount capture","FDCE=2;LUT2=2;LUT4=1;LUT5=1"
747,1.491,5.000,3.298,0.980,2.318,0.703,4,"st_q_reg[4]_rep__0/C","gen_lane[1].i_p2_pop_slice/bool_result_q_reg[53]/CE","P2 popcount capture","FDCE=2;LUT2=2;LUT4=1;LUT5=1"
748,1.491,5.000,3.298,0.980,2.318,0.703,4,"st_q_reg[4]_rep__0/C","gen_lane[1].i_p2_pop_slice/bool_result_q_reg[54]/CE","P2 popcount capture","FDCE=2;LUT2=2;LUT4=1;LUT5=1"
749,1.491,5.000,3.298,0.980,2.318,0.703,4,"st_q_reg[4]_rep__0/C","gen_lane[1].i_p2_pop_slice/bool_result_q_reg[55]/CE","P2 popcount capture","FDCE=2;LUT2=2;LUT4=1;LUT5=1"
750,1.491,5.000,3.298,0.980,2.318,0.703,4,"st_q_reg[4]_rep__0/C","gen_lane[1].i_p2_pop_slice/bool_result_q_reg[56]/CE","P2 popcount capture","FDCE=2;LUT2=2;LUT4=1;LUT5=1"
751,1.491,5.000,3.298,0.980,2.318,0.703,4,"st_q_reg[4]_rep__0/C","gen_lane[1].i_p2_pop_slice/bool_result_q_reg[57]/CE","P2 popcount capture","FDCE=2;LUT2=2;LUT4=1;LUT5=1"
752,1.491,5.000,3.298,0.980,2.318,0.703,4,"st_q_reg[4]_rep__0/C","gen_lane[1].i_p2_pop_slice/bool_result_q_reg[58]/CE","P2 popcount capture","FDCE=2;LUT2=2;LUT4=1;LUT5=1"
753,1.491,5.000,3.298,0.980,2.318,0.703,4,"st_q_reg[4]_rep__0/C","gen_lane[1].i_p2_pop_slice/bool_result_q_reg[59]/CE","P2 popcount capture","FDCE=2;LUT2=2;LUT4=1;LUT5=1"
754,1.491,5.000,3.298,0.980,2.318,0.703,4,"st_q_reg[4]_rep__0/C","gen_lane[1].i_p2_pop_slice/bool_result_q_reg[5]/CE","P2 popcount capture","FDCE=2;LUT2=2;LUT4=1;LUT5=1"
755,1.491,5.000,3.298,0.980,2.318,0.703,4,"st_q_reg[4]_rep__0/C","gen_lane[1].i_p2_pop_slice/bool_result_q_reg[60]/CE","P2 popcount capture","FDCE=2;LUT2=2;LUT4=1;LUT5=1"
756,1.491,5.000,3.298,0.980,2.318,0.703,4,"st_q_reg[4]_rep__0/C","gen_lane[1].i_p2_pop_slice/bool_result_q_reg[61]/CE","P2 popcount capture","FDCE=2;LUT2=2;LUT4=1;LUT5=1"
757,1.491,5.000,3.298,0.980,2.318,0.703,4,"st_q_reg[4]_rep__0/C","gen_lane[1].i_p2_pop_slice/bool_result_q_reg[62]/CE","P2 popcount capture","FDCE=2;LUT2=2;LUT4=1;LUT5=1"
758,1.491,5.000,3.298,0.980,2.318,0.703,4,"st_q_reg[4]_rep__0/C","gen_lane[1].i_p2_pop_slice/bool_result_q_reg[63]/CE","P2 popcount capture","FDCE=2;LUT2=2;LUT4=1;LUT5=1"
759,1.491,5.000,3.298,0.980,2.318,0.703,4,"st_q_reg[4]_rep__0/C","gen_lane[1].i_p2_pop_slice/bool_result_q_reg[6]/CE","P2 popcount capture","FDCE=2;LUT2=2;LUT4=1;LUT5=1"
760,1.491,5.000,3.298,0.980,2.318,0.703,4,"st_q_reg[4]_rep__0/C","gen_lane[1].i_p2_pop_slice/bool_result_q_reg[7]/CE","P2 popcount capture","FDCE=2;LUT2=2;LUT4=1;LUT5=1"
761,1.491,5.000,3.298,0.980,2.318,0.703,4,"st_q_reg[4]_rep__0/C","gen_lane[1].i_p2_pop_slice/bool_result_q_reg[8]/CE","P2 popcount capture","FDCE=2;LUT2=2;LUT4=1;LUT5=1"
762,1.491,5.000,3.298,0.980,2.318,0.703,4,"st_q_reg[4]_rep__0/C","gen_lane[1].i_p2_pop_slice/bool_result_q_reg[9]/CE","P2 popcount capture","FDCE=2;LUT2=2;LUT4=1;LUT5=1"
763,1.491,5.000,3.298,0.980,2.318,0.703,4,"st_q_reg[4]_rep__0/C","gen_lane[2].i_p2_pop_slice/bool_result_q_reg[0]/CE","P2 popcount capture","FDCE=2;LUT2=2;LUT4=1;LUT5=1"
764,1.491,5.000,3.298,0.980,2.318,0.703,4,"st_q_reg[4]_rep__0/C","gen_lane[2].i_p2_pop_slice/bool_result_q_reg[10]/CE","P2 popcount capture","FDCE=2;LUT2=2;LUT4=1;LUT5=1"
765,1.491,5.000,3.298,0.980,2.318,0.703,4,"st_q_reg[4]_rep__0/C","gen_lane[2].i_p2_pop_slice/bool_result_q_reg[11]/CE","P2 popcount capture","FDCE=2;LUT2=2;LUT4=1;LUT5=1"
766,1.491,5.000,3.298,0.980,2.318,0.703,4,"st_q_reg[4]_rep__0/C","gen_lane[2].i_p2_pop_slice/bool_result_q_reg[12]/CE","P2 popcount capture","FDCE=2;LUT2=2;LUT4=1;LUT5=1"
767,1.491,5.000,3.298,0.980,2.318,0.703,4,"st_q_reg[4]_rep__0/C","gen_lane[2].i_p2_pop_slice/bool_result_q_reg[13]/CE","P2 popcount capture","FDCE=2;LUT2=2;LUT4=1;LUT5=1"
768,1.491,5.000,3.298,0.980,2.318,0.703,4,"st_q_reg[4]_rep__0/C","gen_lane[2].i_p2_pop_slice/bool_result_q_reg[14]/CE","P2 popcount capture","FDCE=2;LUT2=2;LUT4=1;LUT5=1"
769,1.491,5.000,3.298,0.980,2.318,0.703,4,"st_q_reg[4]_rep__0/C","gen_lane[2].i_p2_pop_slice/bool_result_q_reg[15]/CE","P2 popcount capture","FDCE=2;LUT2=2;LUT4=1;LUT5=1"
770,1.491,5.000,3.298,0.980,2.318,0.703,4,"st_q_reg[4]_rep__0/C","gen_lane[2].i_p2_pop_slice/bool_result_q_reg[16]/CE","P2 popcount capture","FDCE=2;LUT2=2;LUT4=1;LUT5=1"
771,1.491,5.000,3.298,0.980,2.318,0.703,4,"st_q_reg[4]_rep__0/C","gen_lane[2].i_p2_pop_slice/bool_result_q_reg[17]/CE","P2 popcount capture","FDCE=2;LUT2=2;LUT4=1;LUT5=1"
772,1.491,5.000,3.298,0.980,2.318,0.703,4,"st_q_reg[4]_rep__0/C","gen_lane[2].i_p2_pop_slice/bool_result_q_reg[18]/CE","P2 popcount capture","FDCE=2;LUT2=2;LUT4=1;LUT5=1"
773,1.491,5.000,3.298,0.980,2.318,0.703,4,"st_q_reg[4]_rep__0/C","gen_lane[2].i_p2_pop_slice/bool_result_q_reg[19]/CE","P2 popcount capture","FDCE=2;LUT2=2;LUT4=1;LUT5=1"
774,1.491,5.000,3.298,0.980,2.318,0.703,4,"st_q_reg[4]_rep__0/C","gen_lane[2].i_p2_pop_slice/bool_result_q_reg[1]/CE","P2 popcount capture","FDCE=2;LUT2=2;LUT4=1;LUT5=1"
775,1.491,5.000,3.298,0.980,2.318,0.703,4,"st_q_reg[4]_rep__0/C","gen_lane[2].i_p2_pop_slice/bool_result_q_reg[20]/CE","P2 popcount capture","FDCE=2;LUT2=2;LUT4=1;LUT5=1"
776,1.491,5.000,3.298,0.980,2.318,0.703,4,"st_q_reg[4]_rep__0/C","gen_lane[2].i_p2_pop_slice/bool_result_q_reg[21]/CE","P2 popcount capture","FDCE=2;LUT2=2;LUT4=1;LUT5=1"
777,1.491,5.000,3.298,0.980,2.318,0.703,4,"st_q_reg[4]_rep__0/C","gen_lane[2].i_p2_pop_slice/bool_result_q_reg[22]/CE","P2 popcount capture","FDCE=2;LUT2=2;LUT4=1;LUT5=1"
778,1.491,5.000,3.298,0.980,2.318,0.703,4,"st_q_reg[4]_rep__0/C","gen_lane[2].i_p2_pop_slice/bool_result_q_reg[23]/CE","P2 popcount capture","FDCE=2;LUT2=2;LUT4=1;LUT5=1"
779,1.491,5.000,3.298,0.980,2.318,0.703,4,"st_q_reg[4]_rep__0/C","gen_lane[2].i_p2_pop_slice/bool_result_q_reg[24]/CE","P2 popcount capture","FDCE=2;LUT2=2;LUT4=1;LUT5=1"
780,1.491,5.000,3.298,0.980,2.318,0.703,4,"st_q_reg[4]_rep__0/C","gen_lane[2].i_p2_pop_slice/bool_result_q_reg[25]/CE","P2 popcount capture","FDCE=2;LUT2=2;LUT4=1;LUT5=1"
781,1.491,5.000,3.298,0.980,2.318,0.703,4,"st_q_reg[4]_rep__0/C","gen_lane[2].i_p2_pop_slice/bool_result_q_reg[26]/CE","P2 popcount capture","FDCE=2;LUT2=2;LUT4=1;LUT5=1"
782,1.491,5.000,3.298,0.980,2.318,0.703,4,"st_q_reg[4]_rep__0/C","gen_lane[2].i_p2_pop_slice/bool_result_q_reg[27]/CE","P2 popcount capture","FDCE=2;LUT2=2;LUT4=1;LUT5=1"
783,1.491,5.000,3.298,0.980,2.318,0.703,4,"st_q_reg[4]_rep__0/C","gen_lane[2].i_p2_pop_slice/bool_result_q_reg[28]/CE","P2 popcount capture","FDCE=2;LUT2=2;LUT4=1;LUT5=1"
784,1.491,5.000,3.298,0.980,2.318,0.703,4,"st_q_reg[4]_rep__0/C","gen_lane[2].i_p2_pop_slice/bool_result_q_reg[29]/CE","P2 popcount capture","FDCE=2;LUT2=2;LUT4=1;LUT5=1"
785,1.491,5.000,3.298,0.980,2.318,0.703,4,"st_q_reg[4]_rep__0/C","gen_lane[2].i_p2_pop_slice/bool_result_q_reg[2]/CE","P2 popcount capture","FDCE=2;LUT2=2;LUT4=1;LUT5=1"
786,1.491,5.000,3.298,0.980,2.318,0.703,4,"st_q_reg[4]_rep__0/C","gen_lane[2].i_p2_pop_slice/bool_result_q_reg[30]/CE","P2 popcount capture","FDCE=2;LUT2=2;LUT4=1;LUT5=1"
787,1.491,5.000,3.298,0.980,2.318,0.703,4,"st_q_reg[4]_rep__0/C","gen_lane[2].i_p2_pop_slice/bool_result_q_reg[31]/CE","P2 popcount capture","FDCE=2;LUT2=2;LUT4=1;LUT5=1"
788,1.491,5.000,3.298,0.980,2.318,0.703,4,"st_q_reg[4]_rep__0/C","gen_lane[2].i_p2_pop_slice/bool_result_q_reg[32]/CE","P2 popcount capture","FDCE=2;LUT2=2;LUT4=1;LUT5=1"
789,1.491,5.000,3.298,0.980,2.318,0.703,4,"st_q_reg[4]_rep__0/C","gen_lane[2].i_p2_pop_slice/bool_result_q_reg[33]/CE","P2 popcount capture","FDCE=2;LUT2=2;LUT4=1;LUT5=1"
790,1.491,5.000,3.298,0.980,2.318,0.703,4,"st_q_reg[4]_rep__0/C","gen_lane[2].i_p2_pop_slice/bool_result_q_reg[34]/CE","P2 popcount capture","FDCE=2;LUT2=2;LUT4=1;LUT5=1"
791,1.491,5.000,3.298,0.980,2.318,0.703,4,"st_q_reg[4]_rep__0/C","gen_lane[2].i_p2_pop_slice/bool_result_q_reg[35]/CE","P2 popcount capture","FDCE=2;LUT2=2;LUT4=1;LUT5=1"
792,1.491,5.000,3.298,0.980,2.318,0.703,4,"st_q_reg[4]_rep__0/C","gen_lane[2].i_p2_pop_slice/bool_result_q_reg[36]/CE","P2 popcount capture","FDCE=2;LUT2=2;LUT4=1;LUT5=1"
793,1.491,5.000,3.298,0.980,2.318,0.703,4,"st_q_reg[4]_rep__0/C","gen_lane[2].i_p2_pop_slice/bool_result_q_reg[37]/CE","P2 popcount capture","FDCE=2;LUT2=2;LUT4=1;LUT5=1"
794,1.491,5.000,3.298,0.980,2.318,0.703,4,"st_q_reg[4]_rep__0/C","gen_lane[2].i_p2_pop_slice/bool_result_q_reg[38]/CE","P2 popcount capture","FDCE=2;LUT2=2;LUT4=1;LUT5=1"
795,1.491,5.000,3.298,0.980,2.318,0.703,4,"st_q_reg[4]_rep__0/C","gen_lane[2].i_p2_pop_slice/bool_result_q_reg[39]/CE","P2 popcount capture","FDCE=2;LUT2=2;LUT4=1;LUT5=1"
796,1.491,5.000,3.298,0.980,2.318,0.703,4,"st_q_reg[4]_rep__0/C","gen_lane[2].i_p2_pop_slice/bool_result_q_reg[3]/CE","P2 popcount capture","FDCE=2;LUT2=2;LUT4=1;LUT5=1"
797,1.491,5.000,3.298,0.980,2.318,0.703,4,"st_q_reg[4]_rep__0/C","gen_lane[2].i_p2_pop_slice/bool_result_q_reg[40]/CE","P2 popcount capture","FDCE=2;LUT2=2;LUT4=1;LUT5=1"
798,1.491,5.000,3.298,0.980,2.318,0.703,4,"st_q_reg[4]_rep__0/C","gen_lane[2].i_p2_pop_slice/bool_result_q_reg[41]/CE","P2 popcount capture","FDCE=2;LUT2=2;LUT4=1;LUT5=1"
799,1.491,5.000,3.298,0.980,2.318,0.703,4,"st_q_reg[4]_rep__0/C","gen_lane[2].i_p2_pop_slice/bool_result_q_reg[42]/CE","P2 popcount capture","FDCE=2;LUT2=2;LUT4=1;LUT5=1"
800,1.491,5.000,3.298,0.980,2.318,0.703,4,"st_q_reg[4]_rep__0/C","gen_lane[2].i_p2_pop_slice/bool_result_q_reg[43]/CE","P2 popcount capture","FDCE=2;LUT2=2;LUT4=1;LUT5=1"
801,1.491,5.000,3.298,0.980,2.318,0.703,4,"st_q_reg[4]_rep__0/C","gen_lane[2].i_p2_pop_slice/bool_result_q_reg[44]/CE","P2 popcount capture","FDCE=2;LUT2=2;LUT4=1;LUT5=1"
802,1.491,5.000,3.298,0.980,2.318,0.703,4,"st_q_reg[4]_rep__0/C","gen_lane[2].i_p2_pop_slice/bool_result_q_reg[45]/CE","P2 popcount capture","FDCE=2;LUT2=2;LUT4=1;LUT5=1"
803,1.491,5.000,3.298,0.980,2.318,0.703,4,"st_q_reg[4]_rep__0/C","gen_lane[2].i_p2_pop_slice/bool_result_q_reg[46]/CE","P2 popcount capture","FDCE=2;LUT2=2;LUT4=1;LUT5=1"
804,1.491,5.000,3.298,0.980,2.318,0.703,4,"st_q_reg[4]_rep__0/C","gen_lane[2].i_p2_pop_slice/bool_result_q_reg[47]/CE","P2 popcount capture","FDCE=2;LUT2=2;LUT4=1;LUT5=1"
805,1.491,5.000,3.298,0.980,2.318,0.703,4,"st_q_reg[4]_rep__0/C","gen_lane[2].i_p2_pop_slice/bool_result_q_reg[48]/CE","P2 popcount capture","FDCE=2;LUT2=2;LUT4=1;LUT5=1"
806,1.491,5.000,3.298,0.980,2.318,0.703,4,"st_q_reg[4]_rep__0/C","gen_lane[2].i_p2_pop_slice/bool_result_q_reg[49]/CE","P2 popcount capture","FDCE=2;LUT2=2;LUT4=1;LUT5=1"
807,1.491,5.000,3.298,0.980,2.318,0.703,4,"st_q_reg[4]_rep__0/C","gen_lane[2].i_p2_pop_slice/bool_result_q_reg[4]/CE","P2 popcount capture","FDCE=2;LUT2=2;LUT4=1;LUT5=1"
808,1.491,5.000,3.298,0.980,2.318,0.703,4,"st_q_reg[4]_rep__0/C","gen_lane[2].i_p2_pop_slice/bool_result_q_reg[50]/CE","P2 popcount capture","FDCE=2;LUT2=2;LUT4=1;LUT5=1"
809,1.491,5.000,3.298,0.980,2.318,0.703,4,"st_q_reg[4]_rep__0/C","gen_lane[2].i_p2_pop_slice/bool_result_q_reg[51]/CE","P2 popcount capture","FDCE=2;LUT2=2;LUT4=1;LUT5=1"
810,1.491,5.000,3.298,0.980,2.318,0.703,4,"st_q_reg[4]_rep__0/C","gen_lane[2].i_p2_pop_slice/bool_result_q_reg[52]/CE","P2 popcount capture","FDCE=2;LUT2=2;LUT4=1;LUT5=1"
811,1.491,5.000,3.298,0.980,2.318,0.703,4,"st_q_reg[4]_rep__0/C","gen_lane[2].i_p2_pop_slice/bool_result_q_reg[53]/CE","P2 popcount capture","FDCE=2;LUT2=2;LUT4=1;LUT5=1"
812,1.491,5.000,3.298,0.980,2.318,0.703,4,"st_q_reg[4]_rep__0/C","gen_lane[2].i_p2_pop_slice/bool_result_q_reg[54]/CE","P2 popcount capture","FDCE=2;LUT2=2;LUT4=1;LUT5=1"
813,1.491,5.000,3.298,0.980,2.318,0.703,4,"st_q_reg[4]_rep__0/C","gen_lane[2].i_p2_pop_slice/bool_result_q_reg[55]/CE","P2 popcount capture","FDCE=2;LUT2=2;LUT4=1;LUT5=1"
814,1.491,5.000,3.298,0.980,2.318,0.703,4,"st_q_reg[4]_rep__0/C","gen_lane[2].i_p2_pop_slice/bool_result_q_reg[56]/CE","P2 popcount capture","FDCE=2;LUT2=2;LUT4=1;LUT5=1"
815,1.491,5.000,3.298,0.980,2.318,0.703,4,"st_q_reg[4]_rep__0/C","gen_lane[2].i_p2_pop_slice/bool_result_q_reg[57]/CE","P2 popcount capture","FDCE=2;LUT2=2;LUT4=1;LUT5=1"
816,1.491,5.000,3.298,0.980,2.318,0.703,4,"st_q_reg[4]_rep__0/C","gen_lane[2].i_p2_pop_slice/bool_result_q_reg[58]/CE","P2 popcount capture","FDCE=2;LUT2=2;LUT4=1;LUT5=1"
817,1.491,5.000,3.298,0.980,2.318,0.703,4,"st_q_reg[4]_rep__0/C","gen_lane[2].i_p2_pop_slice/bool_result_q_reg[59]/CE","P2 popcount capture","FDCE=2;LUT2=2;LUT4=1;LUT5=1"
818,1.491,5.000,3.298,0.980,2.318,0.703,4,"st_q_reg[4]_rep__0/C","gen_lane[2].i_p2_pop_slice/bool_result_q_reg[5]/CE","P2 popcount capture","FDCE=2;LUT2=2;LUT4=1;LUT5=1"
819,1.491,5.000,3.298,0.980,2.318,0.703,4,"st_q_reg[4]_rep__0/C","gen_lane[2].i_p2_pop_slice/bool_result_q_reg[60]/CE","P2 popcount capture","FDCE=2;LUT2=2;LUT4=1;LUT5=1"
820,1.491,5.000,3.298,0.980,2.318,0.703,4,"st_q_reg[4]_rep__0/C","gen_lane[2].i_p2_pop_slice/bool_result_q_reg[61]/CE","P2 popcount capture","FDCE=2;LUT2=2;LUT4=1;LUT5=1"
821,1.491,5.000,3.298,0.980,2.318,0.703,4,"st_q_reg[4]_rep__0/C","gen_lane[2].i_p2_pop_slice/bool_result_q_reg[62]/CE","P2 popcount capture","FDCE=2;LUT2=2;LUT4=1;LUT5=1"
822,1.491,5.000,3.298,0.980,2.318,0.703,4,"st_q_reg[4]_rep__0/C","gen_lane[2].i_p2_pop_slice/bool_result_q_reg[63]/CE","P2 popcount capture","FDCE=2;LUT2=2;LUT4=1;LUT5=1"
823,1.491,5.000,3.298,0.980,2.318,0.703,4,"st_q_reg[4]_rep__0/C","gen_lane[2].i_p2_pop_slice/bool_result_q_reg[6]/CE","P2 popcount capture","FDCE=2;LUT2=2;LUT4=1;LUT5=1"
824,1.491,5.000,3.298,0.980,2.318,0.703,4,"st_q_reg[4]_rep__0/C","gen_lane[2].i_p2_pop_slice/bool_result_q_reg[7]/CE","P2 popcount capture","FDCE=2;LUT2=2;LUT4=1;LUT5=1"
825,1.491,5.000,3.298,0.980,2.318,0.703,4,"st_q_reg[4]_rep__0/C","gen_lane[2].i_p2_pop_slice/bool_result_q_reg[8]/CE","P2 popcount capture","FDCE=2;LUT2=2;LUT4=1;LUT5=1"
826,1.491,5.000,3.298,0.980,2.318,0.703,4,"st_q_reg[4]_rep__0/C","gen_lane[2].i_p2_pop_slice/bool_result_q_reg[9]/CE","P2 popcount capture","FDCE=2;LUT2=2;LUT4=1;LUT5=1"
827,1.491,5.000,3.298,0.980,2.318,0.703,4,"st_q_reg[4]_rep__0/C","gen_lane[3].i_p2_pop_slice/bool_result_q_reg[0]/CE","P2 popcount capture","FDCE=2;LUT2=2;LUT4=1;LUT5=1"
828,1.491,5.000,3.298,0.980,2.318,0.703,4,"st_q_reg[4]_rep__0/C","gen_lane[3].i_p2_pop_slice/bool_result_q_reg[10]/CE","P2 popcount capture","FDCE=2;LUT2=2;LUT4=1;LUT5=1"
829,1.491,5.000,3.298,0.980,2.318,0.703,4,"st_q_reg[4]_rep__0/C","gen_lane[3].i_p2_pop_slice/bool_result_q_reg[11]/CE","P2 popcount capture","FDCE=2;LUT2=2;LUT4=1;LUT5=1"
830,1.491,5.000,3.298,0.980,2.318,0.703,4,"st_q_reg[4]_rep__0/C","gen_lane[3].i_p2_pop_slice/bool_result_q_reg[12]/CE","P2 popcount capture","FDCE=2;LUT2=2;LUT4=1;LUT5=1"
831,1.491,5.000,3.298,0.980,2.318,0.703,4,"st_q_reg[4]_rep__0/C","gen_lane[3].i_p2_pop_slice/bool_result_q_reg[13]/CE","P2 popcount capture","FDCE=2;LUT2=2;LUT4=1;LUT5=1"
832,1.491,5.000,3.298,0.980,2.318,0.703,4,"st_q_reg[4]_rep__0/C","gen_lane[3].i_p2_pop_slice/bool_result_q_reg[14]/CE","P2 popcount capture","FDCE=2;LUT2=2;LUT4=1;LUT5=1"
833,1.491,5.000,3.298,0.980,2.318,0.703,4,"st_q_reg[4]_rep__0/C","gen_lane[3].i_p2_pop_slice/bool_result_q_reg[15]/CE","P2 popcount capture","FDCE=2;LUT2=2;LUT4=1;LUT5=1"
834,1.491,5.000,3.298,0.980,2.318,0.703,4,"st_q_reg[4]_rep__0/C","gen_lane[3].i_p2_pop_slice/bool_result_q_reg[16]/CE","P2 popcount capture","FDCE=2;LUT2=2;LUT4=1;LUT5=1"
835,1.491,5.000,3.298,0.980,2.318,0.703,4,"st_q_reg[4]_rep__0/C","gen_lane[3].i_p2_pop_slice/bool_result_q_reg[17]/CE","P2 popcount capture","FDCE=2;LUT2=2;LUT4=1;LUT5=1"
836,1.491,5.000,3.298,0.980,2.318,0.703,4,"st_q_reg[4]_rep__0/C","gen_lane[3].i_p2_pop_slice/bool_result_q_reg[18]/CE","P2 popcount capture","FDCE=2;LUT2=2;LUT4=1;LUT5=1"
837,1.491,5.000,3.298,0.980,2.318,0.703,4,"st_q_reg[4]_rep__0/C","gen_lane[3].i_p2_pop_slice/bool_result_q_reg[19]/CE","P2 popcount capture","FDCE=2;LUT2=2;LUT4=1;LUT5=1"
838,1.491,5.000,3.298,0.980,2.318,0.703,4,"st_q_reg[4]_rep__0/C","gen_lane[3].i_p2_pop_slice/bool_result_q_reg[1]/CE","P2 popcount capture","FDCE=2;LUT2=2;LUT4=1;LUT5=1"
839,1.491,5.000,3.298,0.980,2.318,0.703,4,"st_q_reg[4]_rep__0/C","gen_lane[3].i_p2_pop_slice/bool_result_q_reg[20]/CE","P2 popcount capture","FDCE=2;LUT2=2;LUT4=1;LUT5=1"
840,1.491,5.000,3.298,0.980,2.318,0.703,4,"st_q_reg[4]_rep__0/C","gen_lane[3].i_p2_pop_slice/bool_result_q_reg[21]/CE","P2 popcount capture","FDCE=2;LUT2=2;LUT4=1;LUT5=1"
841,1.491,5.000,3.298,0.980,2.318,0.703,4,"st_q_reg[4]_rep__0/C","gen_lane[3].i_p2_pop_slice/bool_result_q_reg[22]/CE","P2 popcount capture","FDCE=2;LUT2=2;LUT4=1;LUT5=1"
842,1.491,5.000,3.298,0.980,2.318,0.703,4,"st_q_reg[4]_rep__0/C","gen_lane[3].i_p2_pop_slice/bool_result_q_reg[23]/CE","P2 popcount capture","FDCE=2;LUT2=2;LUT4=1;LUT5=1"
843,1.491,5.000,3.298,0.980,2.318,0.703,4,"st_q_reg[4]_rep__0/C","gen_lane[3].i_p2_pop_slice/bool_result_q_reg[24]/CE","P2 popcount capture","FDCE=2;LUT2=2;LUT4=1;LUT5=1"
844,1.491,5.000,3.298,0.980,2.318,0.703,4,"st_q_reg[4]_rep__0/C","gen_lane[3].i_p2_pop_slice/bool_result_q_reg[25]/CE","P2 popcount capture","FDCE=2;LUT2=2;LUT4=1;LUT5=1"
845,1.491,5.000,3.298,0.980,2.318,0.703,4,"st_q_reg[4]_rep__0/C","gen_lane[3].i_p2_pop_slice/bool_result_q_reg[26]/CE","P2 popcount capture","FDCE=2;LUT2=2;LUT4=1;LUT5=1"
846,1.491,5.000,3.298,0.980,2.318,0.703,4,"st_q_reg[4]_rep__0/C","gen_lane[3].i_p2_pop_slice/bool_result_q_reg[27]/CE","P2 popcount capture","FDCE=2;LUT2=2;LUT4=1;LUT5=1"
847,1.491,5.000,3.298,0.980,2.318,0.703,4,"st_q_reg[4]_rep__0/C","gen_lane[3].i_p2_pop_slice/bool_result_q_reg[28]/CE","P2 popcount capture","FDCE=2;LUT2=2;LUT4=1;LUT5=1"
848,1.491,5.000,3.298,0.980,2.318,0.703,4,"st_q_reg[4]_rep__0/C","gen_lane[3].i_p2_pop_slice/bool_result_q_reg[29]/CE","P2 popcount capture","FDCE=2;LUT2=2;LUT4=1;LUT5=1"
849,1.491,5.000,3.298,0.980,2.318,0.703,4,"st_q_reg[4]_rep__0/C","gen_lane[3].i_p2_pop_slice/bool_result_q_reg[2]/CE","P2 popcount capture","FDCE=2;LUT2=2;LUT4=1;LUT5=1"
850,1.491,5.000,3.298,0.980,2.318,0.703,4,"st_q_reg[4]_rep__0/C","gen_lane[3].i_p2_pop_slice/bool_result_q_reg[30]/CE","P2 popcount capture","FDCE=2;LUT2=2;LUT4=1;LUT5=1"
851,1.491,5.000,3.298,0.980,2.318,0.703,4,"st_q_reg[4]_rep__0/C","gen_lane[3].i_p2_pop_slice/bool_result_q_reg[31]/CE","P2 popcount capture","FDCE=2;LUT2=2;LUT4=1;LUT5=1"
852,1.491,5.000,3.298,0.980,2.318,0.703,4,"st_q_reg[4]_rep__0/C","gen_lane[3].i_p2_pop_slice/bool_result_q_reg[32]/CE","P2 popcount capture","FDCE=2;LUT2=2;LUT4=1;LUT5=1"
853,1.491,5.000,3.298,0.980,2.318,0.703,4,"st_q_reg[4]_rep__0/C","gen_lane[3].i_p2_pop_slice/bool_result_q_reg[33]/CE","P2 popcount capture","FDCE=2;LUT2=2;LUT4=1;LUT5=1"
854,1.491,5.000,3.298,0.980,2.318,0.703,4,"st_q_reg[4]_rep__0/C","gen_lane[3].i_p2_pop_slice/bool_result_q_reg[34]/CE","P2 popcount capture","FDCE=2;LUT2=2;LUT4=1;LUT5=1"
855,1.491,5.000,3.298,0.980,2.318,0.703,4,"st_q_reg[4]_rep__0/C","gen_lane[3].i_p2_pop_slice/bool_result_q_reg[35]/CE","P2 popcount capture","FDCE=2;LUT2=2;LUT4=1;LUT5=1"
856,1.491,5.000,3.298,0.980,2.318,0.703,4,"st_q_reg[4]_rep__0/C","gen_lane[3].i_p2_pop_slice/bool_result_q_reg[36]/CE","P2 popcount capture","FDCE=2;LUT2=2;LUT4=1;LUT5=1"
857,1.491,5.000,3.298,0.980,2.318,0.703,4,"st_q_reg[4]_rep__0/C","gen_lane[3].i_p2_pop_slice/bool_result_q_reg[37]/CE","P2 popcount capture","FDCE=2;LUT2=2;LUT4=1;LUT5=1"
858,1.491,5.000,3.298,0.980,2.318,0.703,4,"st_q_reg[4]_rep__0/C","gen_lane[3].i_p2_pop_slice/bool_result_q_reg[38]/CE","P2 popcount capture","FDCE=2;LUT2=2;LUT4=1;LUT5=1"
859,1.491,5.000,3.298,0.980,2.318,0.703,4,"st_q_reg[4]_rep__0/C","gen_lane[3].i_p2_pop_slice/bool_result_q_reg[39]/CE","P2 popcount capture","FDCE=2;LUT2=2;LUT4=1;LUT5=1"
860,1.491,5.000,3.298,0.980,2.318,0.703,4,"st_q_reg[4]_rep__0/C","gen_lane[3].i_p2_pop_slice/bool_result_q_reg[3]/CE","P2 popcount capture","FDCE=2;LUT2=2;LUT4=1;LUT5=1"
861,1.491,5.000,3.298,0.980,2.318,0.703,4,"st_q_reg[4]_rep__0/C","gen_lane[3].i_p2_pop_slice/bool_result_q_reg[40]/CE","P2 popcount capture","FDCE=2;LUT2=2;LUT4=1;LUT5=1"
862,1.491,5.000,3.298,0.980,2.318,0.703,4,"st_q_reg[4]_rep__0/C","gen_lane[3].i_p2_pop_slice/bool_result_q_reg[41]/CE","P2 popcount capture","FDCE=2;LUT2=2;LUT4=1;LUT5=1"
863,1.491,5.000,3.298,0.980,2.318,0.703,4,"st_q_reg[4]_rep__0/C","gen_lane[3].i_p2_pop_slice/bool_result_q_reg[42]/CE","P2 popcount capture","FDCE=2;LUT2=2;LUT4=1;LUT5=1"
864,1.491,5.000,3.298,0.980,2.318,0.703,4,"st_q_reg[4]_rep__0/C","gen_lane[3].i_p2_pop_slice/bool_result_q_reg[43]/CE","P2 popcount capture","FDCE=2;LUT2=2;LUT4=1;LUT5=1"
865,1.491,5.000,3.298,0.980,2.318,0.703,4,"st_q_reg[4]_rep__0/C","gen_lane[3].i_p2_pop_slice/bool_result_q_reg[44]/CE","P2 popcount capture","FDCE=2;LUT2=2;LUT4=1;LUT5=1"
866,1.491,5.000,3.298,0.980,2.318,0.703,4,"st_q_reg[4]_rep__0/C","gen_lane[3].i_p2_pop_slice/bool_result_q_reg[45]/CE","P2 popcount capture","FDCE=2;LUT2=2;LUT4=1;LUT5=1"
867,1.491,5.000,3.298,0.980,2.318,0.703,4,"st_q_reg[4]_rep__0/C","gen_lane[3].i_p2_pop_slice/bool_result_q_reg[46]/CE","P2 popcount capture","FDCE=2;LUT2=2;LUT4=1;LUT5=1"
868,1.491,5.000,3.298,0.980,2.318,0.703,4,"st_q_reg[4]_rep__0/C","gen_lane[3].i_p2_pop_slice/bool_result_q_reg[47]/CE","P2 popcount capture","FDCE=2;LUT2=2;LUT4=1;LUT5=1"
869,1.491,5.000,3.298,0.980,2.318,0.703,4,"st_q_reg[4]_rep__0/C","gen_lane[3].i_p2_pop_slice/bool_result_q_reg[48]/CE","P2 popcount capture","FDCE=2;LUT2=2;LUT4=1;LUT5=1"
870,1.491,5.000,3.298,0.980,2.318,0.703,4,"st_q_reg[4]_rep__0/C","gen_lane[3].i_p2_pop_slice/bool_result_q_reg[49]/CE","P2 popcount capture","FDCE=2;LUT2=2;LUT4=1;LUT5=1"
871,1.491,5.000,3.298,0.980,2.318,0.703,4,"st_q_reg[4]_rep__0/C","gen_lane[3].i_p2_pop_slice/bool_result_q_reg[4]/CE","P2 popcount capture","FDCE=2;LUT2=2;LUT4=1;LUT5=1"
872,1.491,5.000,3.298,0.980,2.318,0.703,4,"st_q_reg[4]_rep__0/C","gen_lane[3].i_p2_pop_slice/bool_result_q_reg[50]/CE","P2 popcount capture","FDCE=2;LUT2=2;LUT4=1;LUT5=1"
873,1.491,5.000,3.298,0.980,2.318,0.703,4,"st_q_reg[4]_rep__0/C","gen_lane[3].i_p2_pop_slice/bool_result_q_reg[51]/CE","P2 popcount capture","FDCE=2;LUT2=2;LUT4=1;LUT5=1"
874,1.491,5.000,3.298,0.980,2.318,0.703,4,"st_q_reg[4]_rep__0/C","gen_lane[3].i_p2_pop_slice/bool_result_q_reg[52]/CE","P2 popcount capture","FDCE=2;LUT2=2;LUT4=1;LUT5=1"
875,1.491,5.000,3.298,0.980,2.318,0.703,4,"st_q_reg[4]_rep__0/C","gen_lane[3].i_p2_pop_slice/bool_result_q_reg[53]/CE","P2 popcount capture","FDCE=2;LUT2=2;LUT4=1;LUT5=1"
876,1.491,5.000,3.298,0.980,2.318,0.703,4,"st_q_reg[4]_rep__0/C","gen_lane[3].i_p2_pop_slice/bool_result_q_reg[54]/CE","P2 popcount capture","FDCE=2;LUT2=2;LUT4=1;LUT5=1"
877,1.491,5.000,3.298,0.980,2.318,0.703,4,"st_q_reg[4]_rep__0/C","gen_lane[3].i_p2_pop_slice/bool_result_q_reg[55]/CE","P2 popcount capture","FDCE=2;LUT2=2;LUT4=1;LUT5=1"
878,1.491,5.000,3.298,0.980,2.318,0.703,4,"st_q_reg[4]_rep__0/C","gen_lane[3].i_p2_pop_slice/bool_result_q_reg[56]/CE","P2 popcount capture","FDCE=2;LUT2=2;LUT4=1;LUT5=1"
879,1.491,5.000,3.298,0.980,2.318,0.703,4,"st_q_reg[4]_rep__0/C","gen_lane[3].i_p2_pop_slice/bool_result_q_reg[57]/CE","P2 popcount capture","FDCE=2;LUT2=2;LUT4=1;LUT5=1"
880,1.491,5.000,3.298,0.980,2.318,0.703,4,"st_q_reg[4]_rep__0/C","gen_lane[3].i_p2_pop_slice/bool_result_q_reg[58]/CE","P2 popcount capture","FDCE=2;LUT2=2;LUT4=1;LUT5=1"
881,1.491,5.000,3.298,0.980,2.318,0.703,4,"st_q_reg[4]_rep__0/C","gen_lane[3].i_p2_pop_slice/bool_result_q_reg[59]/CE","P2 popcount capture","FDCE=2;LUT2=2;LUT4=1;LUT5=1"
882,1.491,5.000,3.298,0.980,2.318,0.703,4,"st_q_reg[4]_rep__0/C","gen_lane[3].i_p2_pop_slice/bool_result_q_reg[5]/CE","P2 popcount capture","FDCE=2;LUT2=2;LUT4=1;LUT5=1"
883,1.491,5.000,3.298,0.980,2.318,0.703,4,"st_q_reg[4]_rep__0/C","gen_lane[3].i_p2_pop_slice/bool_result_q_reg[60]/CE","P2 popcount capture","FDCE=2;LUT2=2;LUT4=1;LUT5=1"
884,1.491,5.000,3.298,0.980,2.318,0.703,4,"st_q_reg[4]_rep__0/C","gen_lane[3].i_p2_pop_slice/bool_result_q_reg[61]/CE","P2 popcount capture","FDCE=2;LUT2=2;LUT4=1;LUT5=1"
885,1.491,5.000,3.298,0.980,2.318,0.703,4,"st_q_reg[4]_rep__0/C","gen_lane[3].i_p2_pop_slice/bool_result_q_reg[62]/CE","P2 popcount capture","FDCE=2;LUT2=2;LUT4=1;LUT5=1"
886,1.491,5.000,3.298,0.980,2.318,0.703,4,"st_q_reg[4]_rep__0/C","gen_lane[3].i_p2_pop_slice/bool_result_q_reg[63]/CE","P2 popcount capture","FDCE=2;LUT2=2;LUT4=1;LUT5=1"
887,1.491,5.000,3.298,0.980,2.318,0.703,4,"st_q_reg[4]_rep__0/C","gen_lane[3].i_p2_pop_slice/bool_result_q_reg[6]/CE","P2 popcount capture","FDCE=2;LUT2=2;LUT4=1;LUT5=1"
888,1.491,5.000,3.298,0.980,2.318,0.703,4,"st_q_reg[4]_rep__0/C","gen_lane[3].i_p2_pop_slice/bool_result_q_reg[7]/CE","P2 popcount capture","FDCE=2;LUT2=2;LUT4=1;LUT5=1"
889,1.491,5.000,3.298,0.980,2.318,0.703,4,"st_q_reg[4]_rep__0/C","gen_lane[3].i_p2_pop_slice/bool_result_q_reg[8]/CE","P2 popcount capture","FDCE=2;LUT2=2;LUT4=1;LUT5=1"
890,1.491,5.000,3.298,0.980,2.318,0.703,4,"st_q_reg[4]_rep__0/C","gen_lane[3].i_p2_pop_slice/bool_result_q_reg[9]/CE","P2 popcount capture","FDCE=2;LUT2=2;LUT4=1;LUT5=1"
891,1.522,5.000,3.475,1.105,2.370,0.682,5,"uop_p3_q_reg[subgroup_idx][0]/C","vrf_ra_q_reg[1][2]/D","VRF/read/writeback","FDCE=2;LUT3=1;LUT4=1;LUT6=3"
892,1.522,5.000,3.475,1.105,2.370,0.682,5,"uop_p3_q_reg[subgroup_idx][0]/C","vrf_ra_q_reg[1][3]/D","VRF/read/writeback","FDCE=2;LUT3=1;LUT4=1;LUT6=3"
893,1.522,5.000,3.475,1.105,2.370,0.682,5,"uop_p3_q_reg[subgroup_idx][0]/C","vrf_ra_q_reg[3][2]/D","VRF/read/writeback","FDCE=2;LUT3=1;LUT4=1;LUT6=3"
894,1.522,5.000,3.475,1.105,2.370,0.682,5,"uop_p3_q_reg[subgroup_idx][0]/C","vrf_ra_q_reg[3][3]/D","VRF/read/writeback","FDCE=2;LUT3=1;LUT4=1;LUT6=3"
895,1.523,5.000,3.474,1.085,2.389,0.688,5,"uop_p3_q_reg[subgroup_idx][0]/C","vrf_ra_q_reg[0][2]/D","VRF/read/writeback","FDCE=2;LUT3=1;LUT4=1;LUT6=3"
896,1.523,5.000,3.474,1.085,2.389,0.688,5,"uop_p3_q_reg[subgroup_idx][0]/C","vrf_ra_q_reg[0][3]/D","VRF/read/writeback","FDCE=2;LUT3=1;LUT4=1;LUT6=3"
897,1.542,5.000,3.455,1.085,2.370,0.686,5,"uop_p3_q_reg[subgroup_idx][0]/C","vrf_ra_q_reg[2][2]/D","VRF/read/writeback","FDCE=2;LUT3=1;LUT4=1;LUT6=3"
898,1.542,5.000,3.455,1.085,2.370,0.686,5,"uop_p3_q_reg[subgroup_idx][0]/C","vrf_ra_q_reg[2][3]/D","VRF/read/writeback","FDCE=2;LUT3=1;LUT4=1;LUT6=3"
899,1.577,5.000,3.420,1.085,2.335,0.683,5,"a_q_reg[4]/C","uop_p0_q_reg[src0_addr][4]/D","TOP control","FDCE=2;LUT4=2;LUT6=3"
900,1.598,5.000,3.399,1.085,2.314,0.681,5,"st_q_reg[1]/C","vrf_ra_q_reg[1][1]/D","VRF/read/writeback","FDCE=2;LUT2=1;LUT4=2;LUT6=2"
901,1.598,5.000,3.399,1.085,2.314,0.681,5,"st_q_reg[1]/C","vrf_ra_q_reg[2][1]/D","VRF/read/writeback","FDCE=2;LUT2=1;LUT4=2;LUT6=2"
902,1.598,5.000,3.399,1.085,2.314,0.681,5,"st_q_reg[1]/C","vrf_ra_q_reg[3][1]/D","VRF/read/writeback","FDCE=2;LUT2=1;LUT4=2;LUT6=2"
903,1.607,5.000,3.390,1.085,2.305,0.680,5,"st_q_reg[1]/C","vrf_ra_q_reg[0][1]/D","VRF/read/writeback","FDCE=2;LUT2=2;LUT3=1;LUT6=2"
904,1.611,5.000,3.178,0.980,2.198,0.692,4,"a_q_reg[4]/C","hperm_dst_base_q_reg[2]/CE","other","FDCE=2;LUT3=1;LUT4=1;LUT6=2"
905,1.611,5.000,3.178,0.980,2.198,0.692,4,"a_q_reg[4]/C","hperm_dst_base_q_reg[3]/CE","other","FDCE=2;LUT3=1;LUT4=1;LUT6=2"
906,1.611,5.000,3.178,0.980,2.198,0.692,4,"a_q_reg[4]/C","hperm_dst_base_q_reg[4]/CE","other","FDCE=2;LUT3=1;LUT4=1;LUT6=2"
907,1.611,5.000,3.178,0.980,2.198,0.692,4,"a_q_reg[4]/C","hperm_dst_base_q_reg[5]/CE","other","FDCE=2;LUT3=1;LUT4=1;LUT6=2"
908,1.611,5.000,3.178,0.980,2.198,0.692,4,"a_q_reg[4]/C","hperm_lane_base_q_reg[0]/CE","other","FDCE=2;LUT3=1;LUT4=1;LUT6=2"
909,1.611,5.000,3.178,0.980,2.198,0.692,4,"a_q_reg[4]/C","hperm_lane_base_q_reg[0]_rep/CE","other","FDCE=2;LUT3=1;LUT4=1;LUT6=2"
910,1.611,5.000,3.178,0.980,2.198,0.692,4,"a_q_reg[4]/C","hperm_lane_base_q_reg[0]_rep__0/CE","other","FDCE=2;LUT3=1;LUT4=1;LUT6=2"
911,1.611,5.000,3.178,0.980,2.198,0.692,4,"a_q_reg[4]/C","hperm_lane_base_q_reg[0]_rep__1/CE","other","FDCE=2;LUT3=1;LUT4=1;LUT6=2"
912,1.611,5.000,3.178,0.980,2.198,0.692,4,"a_q_reg[4]/C","hperm_lane_base_q_reg[1]/CE","other","FDCE=2;LUT3=1;LUT4=1;LUT6=2"
913,1.611,5.000,3.178,0.980,2.198,0.692,4,"a_q_reg[4]/C","hperm_lane_base_q_reg[1]_rep/CE","other","FDCE=2;LUT3=1;LUT4=1;LUT6=2"
914,1.611,5.000,3.178,0.980,2.198,0.692,4,"a_q_reg[4]/C","hperm_lane_base_q_reg[1]_rep__0/CE","other","FDCE=2;LUT3=1;LUT4=1;LUT6=2"
915,1.611,5.000,3.178,0.980,2.198,0.692,4,"a_q_reg[4]/C","hperm_lane_base_q_reg[1]_rep__1/CE","other","FDCE=2;LUT3=1;LUT4=1;LUT6=2"
916,1.611,5.000,3.178,0.980,2.198,0.692,4,"a_q_reg[4]/C","hperm_nibble_q_reg[0]/CE","other","FDCE=2;LUT3=1;LUT4=1;LUT6=2"
917,1.611,5.000,3.178,0.980,2.198,0.692,4,"a_q_reg[4]/C","hperm_nibble_q_reg[1]/CE","other","FDCE=2;LUT3=1;LUT4=1;LUT6=2"
918,1.611,5.000,3.178,0.980,2.198,0.692,4,"a_q_reg[4]/C","hperm_nibble_q_reg[2]/CE","other","FDCE=2;LUT3=1;LUT4=1;LUT6=2"
919,1.611,5.000,3.178,0.980,2.198,0.692,4,"a_q_reg[4]/C","hperm_nibble_q_reg[3]/CE","other","FDCE=2;LUT3=1;LUT4=1;LUT6=2"
920,1.611,5.000,3.178,0.980,2.198,0.692,4,"a_q_reg[4]/C","hperm_src_base_q_reg[2]/CE","other","FDCE=2;LUT3=1;LUT4=1;LUT6=2"
921,1.611,5.000,3.178,0.980,2.198,0.692,4,"a_q_reg[4]/C","hperm_src_base_q_reg[3]/CE","other","FDCE=2;LUT3=1;LUT4=1;LUT6=2"
922,1.611,5.000,3.178,0.980,2.198,0.692,4,"a_q_reg[4]/C","hperm_src_base_q_reg[4]/CE","other","FDCE=2;LUT3=1;LUT4=1;LUT6=2"
923,1.611,5.000,3.178,0.980,2.198,0.692,4,"a_q_reg[4]/C","hperm_src_base_q_reg[5]/CE","other","FDCE=2;LUT3=1;LUT4=1;LUT6=2"
924,1.611,5.000,3.178,0.980,2.198,0.692,4,"a_q_reg[4]/C","hperm_word_off_q_reg[2]/CE","other","FDCE=2;LUT3=1;LUT4=1;LUT6=2"
925,1.611,5.000,3.178,0.980,2.198,0.692,4,"a_q_reg[4]/C","hperm_word_off_q_reg[3]/CE","other","FDCE=2;LUT3=1;LUT4=1;LUT6=2"
926,1.624,5.000,3.165,0.980,2.185,0.690,4,"st_q_reg[4]_rep__0/C","hdc_src0_q_reg[0][16]/CE","TOP control","FDCE=2;LUT2=1;LUT4=1;LUT5=1;LUT6=1"
927,1.624,5.000,3.165,0.980,2.185,0.690,4,"st_q_reg[4]_rep__0/C","hdc_src0_q_reg[0][17]/CE","TOP control","FDCE=2;LUT2=1;LUT4=1;LUT5=1;LUT6=1"
928,1.624,5.000,3.165,0.980,2.185,0.690,4,"st_q_reg[4]_rep__0/C","hdc_src0_q_reg[0][18]/CE","TOP control","FDCE=2;LUT2=1;LUT4=1;LUT5=1;LUT6=1"
929,1.624,5.000,3.165,0.980,2.185,0.690,4,"st_q_reg[4]_rep__0/C","hdc_src0_q_reg[0][19]/CE","TOP control","FDCE=2;LUT2=1;LUT4=1;LUT5=1;LUT6=1"
930,1.624,5.000,3.165,0.980,2.185,0.690,4,"st_q_reg[4]_rep__0/C","hdc_src0_q_reg[0][20]/CE","TOP control","FDCE=2;LUT2=1;LUT4=1;LUT5=1;LUT6=1"
931,1.624,5.000,3.165,0.980,2.185,0.690,4,"st_q_reg[4]_rep__0/C","hdc_src0_q_reg[0][21]/CE","TOP control","FDCE=2;LUT2=1;LUT4=1;LUT5=1;LUT6=1"
932,1.624,5.000,3.165,0.980,2.185,0.690,4,"st_q_reg[4]_rep__0/C","hdc_src0_q_reg[0][22]/CE","TOP control","FDCE=2;LUT2=1;LUT4=1;LUT5=1;LUT6=1"
933,1.624,5.000,3.165,0.980,2.185,0.690,4,"st_q_reg[4]_rep__0/C","hdc_src0_q_reg[0][23]/CE","TOP control","FDCE=2;LUT2=1;LUT4=1;LUT5=1;LUT6=1"
934,1.624,5.000,3.165,0.980,2.185,0.690,4,"st_q_reg[4]_rep__0/C","hdc_src0_q_reg[0][24]/CE","TOP control","FDCE=2;LUT2=1;LUT4=1;LUT5=1;LUT6=1"
935,1.624,5.000,3.165,0.980,2.185,0.690,4,"st_q_reg[4]_rep__0/C","hdc_src0_q_reg[0][25]/CE","TOP control","FDCE=2;LUT2=1;LUT4=1;LUT5=1;LUT6=1"
936,1.624,5.000,3.165,0.980,2.185,0.690,4,"st_q_reg[4]_rep__0/C","hdc_src0_q_reg[0][26]/CE","TOP control","FDCE=2;LUT2=1;LUT4=1;LUT5=1;LUT6=1"
937,1.624,5.000,3.165,0.980,2.185,0.690,4,"st_q_reg[4]_rep__0/C","hdc_src0_q_reg[0][27]/CE","TOP control","FDCE=2;LUT2=1;LUT4=1;LUT5=1;LUT6=1"
938,1.624,5.000,3.165,0.980,2.185,0.690,4,"st_q_reg[4]_rep__0/C","hdc_src0_q_reg[0][28]/CE","TOP control","FDCE=2;LUT2=1;LUT4=1;LUT5=1;LUT6=1"
939,1.624,5.000,3.165,0.980,2.185,0.690,4,"st_q_reg[4]_rep__0/C","hdc_src0_q_reg[0][29]/CE","TOP control","FDCE=2;LUT2=1;LUT4=1;LUT5=1;LUT6=1"
940,1.624,5.000,3.165,0.980,2.185,0.690,4,"st_q_reg[4]_rep__0/C","hdc_src0_q_reg[0][30]/CE","TOP control","FDCE=2;LUT2=1;LUT4=1;LUT5=1;LUT6=1"
941,1.624,5.000,3.165,0.980,2.185,0.690,4,"st_q_reg[4]_rep__0/C","hdc_src0_q_reg[0][31]/CE","TOP control","FDCE=2;LUT2=1;LUT4=1;LUT5=1;LUT6=1"
942,1.624,5.000,3.165,0.980,2.185,0.690,4,"st_q_reg[4]_rep__0/C","hdc_src0_q_reg[1][16]/CE","TOP control","FDCE=2;LUT2=1;LUT4=1;LUT5=1;LUT6=1"
943,1.624,5.000,3.165,0.980,2.185,0.690,4,"st_q_reg[4]_rep__0/C","hdc_src0_q_reg[1][17]/CE","TOP control","FDCE=2;LUT2=1;LUT4=1;LUT5=1;LUT6=1"
944,1.624,5.000,3.165,0.980,2.185,0.690,4,"st_q_reg[4]_rep__0/C","hdc_src0_q_reg[1][18]/CE","TOP control","FDCE=2;LUT2=1;LUT4=1;LUT5=1;LUT6=1"
945,1.624,5.000,3.165,0.980,2.185,0.690,4,"st_q_reg[4]_rep__0/C","hdc_src0_q_reg[1][19]/CE","TOP control","FDCE=2;LUT2=1;LUT4=1;LUT5=1;LUT6=1"
946,1.624,5.000,3.165,0.980,2.185,0.690,4,"st_q_reg[4]_rep__0/C","hdc_src0_q_reg[1][20]/CE","TOP control","FDCE=2;LUT2=1;LUT4=1;LUT5=1;LUT6=1"
947,1.624,5.000,3.165,0.980,2.185,0.690,4,"st_q_reg[4]_rep__0/C","hdc_src0_q_reg[1][21]/CE","TOP control","FDCE=2;LUT2=1;LUT4=1;LUT5=1;LUT6=1"
948,1.624,5.000,3.165,0.980,2.185,0.690,4,"st_q_reg[4]_rep__0/C","hdc_src0_q_reg[1][22]/CE","TOP control","FDCE=2;LUT2=1;LUT4=1;LUT5=1;LUT6=1"
949,1.624,5.000,3.165,0.980,2.185,0.690,4,"st_q_reg[4]_rep__0/C","hdc_src0_q_reg[1][23]/CE","TOP control","FDCE=2;LUT2=1;LUT4=1;LUT5=1;LUT6=1"
950,1.624,5.000,3.165,0.980,2.185,0.690,4,"st_q_reg[4]_rep__0/C","hdc_src0_q_reg[1][24]/CE","TOP control","FDCE=2;LUT2=1;LUT4=1;LUT5=1;LUT6=1"
951,1.624,5.000,3.165,0.980,2.185,0.690,4,"st_q_reg[4]_rep__0/C","hdc_src0_q_reg[1][25]/CE","TOP control","FDCE=2;LUT2=1;LUT4=1;LUT5=1;LUT6=1"
952,1.624,5.000,3.165,0.980,2.185,0.690,4,"st_q_reg[4]_rep__0/C","hdc_src0_q_reg[1][26]/CE","TOP control","FDCE=2;LUT2=1;LUT4=1;LUT5=1;LUT6=1"
953,1.624,5.000,3.165,0.980,2.185,0.690,4,"st_q_reg[4]_rep__0/C","hdc_src0_q_reg[1][27]/CE","TOP control","FDCE=2;LUT2=1;LUT4=1;LUT5=1;LUT6=1"
954,1.624,5.000,3.165,0.980,2.185,0.690,4,"st_q_reg[4]_rep__0/C","hdc_src0_q_reg[1][28]/CE","TOP control","FDCE=2;LUT2=1;LUT4=1;LUT5=1;LUT6=1"
955,1.624,5.000,3.165,0.980,2.185,0.690,4,"st_q_reg[4]_rep__0/C","hdc_src0_q_reg[1][29]/CE","TOP control","FDCE=2;LUT2=1;LUT4=1;LUT5=1;LUT6=1"
956,1.624,5.000,3.165,0.980,2.185,0.690,4,"st_q_reg[4]_rep__0/C","hdc_src0_q_reg[1][30]/CE","TOP control","FDCE=2;LUT2=1;LUT4=1;LUT5=1;LUT6=1"
957,1.624,5.000,3.165,0.980,2.185,0.690,4,"st_q_reg[4]_rep__0/C","hdc_src0_q_reg[1][31]/CE","TOP control","FDCE=2;LUT2=1;LUT4=1;LUT5=1;LUT6=1"
958,1.624,5.000,3.165,0.980,2.185,0.690,4,"st_q_reg[4]_rep__0/C","hdc_src0_q_reg[2][16]/CE","TOP control","FDCE=2;LUT2=1;LUT4=1;LUT5=1;LUT6=1"
959,1.624,5.000,3.165,0.980,2.185,0.690,4,"st_q_reg[4]_rep__0/C","hdc_src0_q_reg[2][17]/CE","TOP control","FDCE=2;LUT2=1;LUT4=1;LUT5=1;LUT6=1"
960,1.624,5.000,3.165,0.980,2.185,0.690,4,"st_q_reg[4]_rep__0/C","hdc_src0_q_reg[2][18]/CE","TOP control","FDCE=2;LUT2=1;LUT4=1;LUT5=1;LUT6=1"
961,1.624,5.000,3.165,0.980,2.185,0.690,4,"st_q_reg[4]_rep__0/C","hdc_src0_q_reg[2][19]/CE","TOP control","FDCE=2;LUT2=1;LUT4=1;LUT5=1;LUT6=1"
962,1.624,5.000,3.165,0.980,2.185,0.690,4,"st_q_reg[4]_rep__0/C","hdc_src0_q_reg[2][20]/CE","TOP control","FDCE=2;LUT2=1;LUT4=1;LUT5=1;LUT6=1"
963,1.624,5.000,3.165,0.980,2.185,0.690,4,"st_q_reg[4]_rep__0/C","hdc_src0_q_reg[2][21]/CE","TOP control","FDCE=2;LUT2=1;LUT4=1;LUT5=1;LUT6=1"
964,1.624,5.000,3.165,0.980,2.185,0.690,4,"st_q_reg[4]_rep__0/C","hdc_src0_q_reg[2][22]/CE","TOP control","FDCE=2;LUT2=1;LUT4=1;LUT5=1;LUT6=1"
965,1.624,5.000,3.165,0.980,2.185,0.690,4,"st_q_reg[4]_rep__0/C","hdc_src0_q_reg[2][23]/CE","TOP control","FDCE=2;LUT2=1;LUT4=1;LUT5=1;LUT6=1"
966,1.624,5.000,3.165,0.980,2.185,0.690,4,"st_q_reg[4]_rep__0/C","hdc_src0_q_reg[2][24]/CE","TOP control","FDCE=2;LUT2=1;LUT4=1;LUT5=1;LUT6=1"
967,1.624,5.000,3.165,0.980,2.185,0.690,4,"st_q_reg[4]_rep__0/C","hdc_src0_q_reg[2][25]/CE","TOP control","FDCE=2;LUT2=1;LUT4=1;LUT5=1;LUT6=1"
968,1.624,5.000,3.165,0.980,2.185,0.690,4,"st_q_reg[4]_rep__0/C","hdc_src0_q_reg[2][26]/CE","TOP control","FDCE=2;LUT2=1;LUT4=1;LUT5=1;LUT6=1"
969,1.624,5.000,3.165,0.980,2.185,0.690,4,"st_q_reg[4]_rep__0/C","hdc_src0_q_reg[2][27]/CE","TOP control","FDCE=2;LUT2=1;LUT4=1;LUT5=1;LUT6=1"
970,1.624,5.000,3.165,0.980,2.185,0.690,4,"st_q_reg[4]_rep__0/C","hdc_src0_q_reg[2][28]/CE","TOP control","FDCE=2;LUT2=1;LUT4=1;LUT5=1;LUT6=1"
971,1.624,5.000,3.165,0.980,2.185,0.690,4,"st_q_reg[4]_rep__0/C","hdc_src0_q_reg[2][29]/CE","TOP control","FDCE=2;LUT2=1;LUT4=1;LUT5=1;LUT6=1"
972,1.624,5.000,3.165,0.980,2.185,0.690,4,"st_q_reg[4]_rep__0/C","hdc_src0_q_reg[2][30]/CE","TOP control","FDCE=2;LUT2=1;LUT4=1;LUT5=1;LUT6=1"
973,1.624,5.000,3.165,0.980,2.185,0.690,4,"st_q_reg[4]_rep__0/C","hdc_src0_q_reg[2][31]/CE","TOP control","FDCE=2;LUT2=1;LUT4=1;LUT5=1;LUT6=1"
974,1.624,5.000,3.165,0.980,2.185,0.690,4,"st_q_reg[4]_rep__0/C","hdc_src0_q_reg[3][16]/CE","TOP control","FDCE=2;LUT2=1;LUT4=1;LUT5=1;LUT6=1"
975,1.624,5.000,3.165,0.980,2.185,0.690,4,"st_q_reg[4]_rep__0/C","hdc_src0_q_reg[3][17]/CE","TOP control","FDCE=2;LUT2=1;LUT4=1;LUT5=1;LUT6=1"
976,1.624,5.000,3.165,0.980,2.185,0.690,4,"st_q_reg[4]_rep__0/C","hdc_src0_q_reg[3][18]/CE","TOP control","FDCE=2;LUT2=1;LUT4=1;LUT5=1;LUT6=1"
977,1.624,5.000,3.165,0.980,2.185,0.690,4,"st_q_reg[4]_rep__0/C","hdc_src0_q_reg[3][19]/CE","TOP control","FDCE=2;LUT2=1;LUT4=1;LUT5=1;LUT6=1"
978,1.624,5.000,3.165,0.980,2.185,0.690,4,"st_q_reg[4]_rep__0/C","hdc_src0_q_reg[3][20]/CE","TOP control","FDCE=2;LUT2=1;LUT4=1;LUT5=1;LUT6=1"
979,1.624,5.000,3.165,0.980,2.185,0.690,4,"st_q_reg[4]_rep__0/C","hdc_src0_q_reg[3][21]/CE","TOP control","FDCE=2;LUT2=1;LUT4=1;LUT5=1;LUT6=1"
980,1.624,5.000,3.165,0.980,2.185,0.690,4,"st_q_reg[4]_rep__0/C","hdc_src0_q_reg[3][22]/CE","TOP control","FDCE=2;LUT2=1;LUT4=1;LUT5=1;LUT6=1"
981,1.624,5.000,3.165,0.980,2.185,0.690,4,"st_q_reg[4]_rep__0/C","hdc_src0_q_reg[3][23]/CE","TOP control","FDCE=2;LUT2=1;LUT4=1;LUT5=1;LUT6=1"
982,1.624,5.000,3.165,0.980,2.185,0.690,4,"st_q_reg[4]_rep__0/C","hdc_src0_q_reg[3][24]/CE","TOP control","FDCE=2;LUT2=1;LUT4=1;LUT5=1;LUT6=1"
983,1.624,5.000,3.165,0.980,2.185,0.690,4,"st_q_reg[4]_rep__0/C","hdc_src0_q_reg[3][25]/CE","TOP control","FDCE=2;LUT2=1;LUT4=1;LUT5=1;LUT6=1"
984,1.624,5.000,3.165,0.980,2.185,0.690,4,"st_q_reg[4]_rep__0/C","hdc_src0_q_reg[3][26]/CE","TOP control","FDCE=2;LUT2=1;LUT4=1;LUT5=1;LUT6=1"
985,1.624,5.000,3.165,0.980,2.185,0.690,4,"st_q_reg[4]_rep__0/C","hdc_src0_q_reg[3][27]/CE","TOP control","FDCE=2;LUT2=1;LUT4=1;LUT5=1;LUT6=1"
986,1.624,5.000,3.165,0.980,2.185,0.690,4,"st_q_reg[4]_rep__0/C","hdc_src0_q_reg[3][28]/CE","TOP control","FDCE=2;LUT2=1;LUT4=1;LUT5=1;LUT6=1"
987,1.624,5.000,3.165,0.980,2.185,0.690,4,"st_q_reg[4]_rep__0/C","hdc_src0_q_reg[3][29]/CE","TOP control","FDCE=2;LUT2=1;LUT4=1;LUT5=1;LUT6=1"
988,1.624,5.000,3.165,0.980,2.185,0.690,4,"st_q_reg[4]_rep__0/C","hdc_src0_q_reg[3][30]/CE","TOP control","FDCE=2;LUT2=1;LUT4=1;LUT5=1;LUT6=1"
989,1.624,5.000,3.165,0.980,2.185,0.690,4,"st_q_reg[4]_rep__0/C","hdc_src0_q_reg[3][31]/CE","TOP control","FDCE=2;LUT2=1;LUT4=1;LUT5=1;LUT6=1"
990,1.638,5.000,3.151,0.980,2.171,0.689,4,"st_q_reg[1]/C","ecc_leaf_a_q_reg[0]/CE","TOP control","FDCE=2;LUT2=1;LUT4=1;LUT6=2"
991,1.638,5.000,3.151,0.980,2.171,0.689,4,"st_q_reg[1]/C","ecc_leaf_a_q_reg[10]/CE","TOP control","FDCE=2;LUT2=1;LUT4=1;LUT6=2"
992,1.638,5.000,3.151,0.980,2.171,0.689,4,"st_q_reg[1]/C","ecc_leaf_a_q_reg[11]/CE","TOP control","FDCE=2;LUT2=1;LUT4=1;LUT6=2"
993,1.638,5.000,3.151,0.980,2.171,0.689,4,"st_q_reg[1]/C","ecc_leaf_a_q_reg[12]/CE","TOP control","FDCE=2;LUT2=1;LUT4=1;LUT6=2"
994,1.638,5.000,3.151,0.980,2.171,0.689,4,"st_q_reg[1]/C","ecc_leaf_a_q_reg[13]/CE","TOP control","FDCE=2;LUT2=1;LUT4=1;LUT6=2"
995,1.638,5.000,3.151,0.980,2.171,0.689,4,"st_q_reg[1]/C","ecc_leaf_a_q_reg[14]/CE","TOP control","FDCE=2;LUT2=1;LUT4=1;LUT6=2"
996,1.638,5.000,3.151,0.980,2.171,0.689,4,"st_q_reg[1]/C","ecc_leaf_a_q_reg[15]/CE","TOP control","FDCE=2;LUT2=1;LUT4=1;LUT6=2"
997,1.638,5.000,3.151,0.980,2.171,0.689,4,"st_q_reg[1]/C","ecc_leaf_a_q_reg[16]/CE","TOP control","FDCE=2;LUT2=1;LUT4=1;LUT6=2"
998,1.638,5.000,3.151,0.980,2.171,0.689,4,"st_q_reg[1]/C","ecc_leaf_a_q_reg[17]/CE","TOP control","FDCE=2;LUT2=1;LUT4=1;LUT6=2"
999,1.638,5.000,3.151,0.980,2.171,0.689,4,"st_q_reg[1]/C","ecc_leaf_a_q_reg[18]/CE","TOP control","FDCE=2;LUT2=1;LUT4=1;LUT6=2"
1000,1.638,5.000,3.151,0.980,2.171,0.689,4,"st_q_reg[1]/C","ecc_leaf_a_q_reg[19]/CE","TOP control","FDCE=2;LUT2=1;LUT4=1;LUT6=2"
