Copyright 1986-2022 Xilinx, Inc. All Rights Reserved. Copyright 2022-2024 Advanced Micro Devices, Inc. All Rights Reserved.
----------------------------------------------------------------------------------------------------------------------------------------------------------------------------------------------------------------------------------------------------------------
| Tool Version : Vivado v.2024.2 (win64) Build 5239630 Fri Nov 08 22:35:27 MST 2024
| Date         : Wed Jun 10 23:30:44 2026
| Host         : WIN-20240824NZS running 64-bit major release  (build 9200)
| Command      : report_timing_summary -delay_type max -report_unconstrained -check_timing_verbose -max_paths 50 -file E:/HDEC/cva6-vhdc-core/tmp/hdec_v15_pointmul_worktree/tmp/hdec_v19_opt/round04_remove_seen_flag_ooc_200/reports/timing_summary_top50.rpt
| Design       : hdec_top
| Device       : 7z020-clg400
| Speed File   : -2  PRODUCTION 1.12 2019-11-22
| Design State : Synthesized
----------------------------------------------------------------------------------------------------------------------------------------------------------------------------------------------------------------------------------------------------------------

Timing Summary Report

------------------------------------------------------------------------------------------------
| Timer Settings
| --------------
------------------------------------------------------------------------------------------------

  Enable Multi Corner Analysis               :  Yes
  Enable Pessimism Removal                   :  Yes
  Pessimism Removal Resolution               :  Nearest Common Node
  Enable Input Delay Default Clock           :  No
  Enable Preset / Clear Arcs                 :  No
  Disable Flight Delays                      :  No
  Ignore I/O Paths                           :  No
  Timing Early Launch at Borrowing Latches   :  No
  Borrow Time for Max Delay Exceptions       :  Yes
  Merge Timing Exceptions                    :  Yes
  Inter-SLR Compensation                     :  Conservative

  Corner  Analyze    Analyze    
  Name    Max Paths  Min Paths  
  ------  ---------  ---------  
  Slow    Yes        Yes        
  Fast    Yes        Yes        


------------------------------------------------------------------------------------------------
| Report Methodology
| ------------------
------------------------------------------------------------------------------------------------

No report available as report_methodology has not been run prior. Run report_methodology on the current design for the summary of methodology violations.



check_timing report

Table of Contents
-----------------
1. checking no_clock (0)
2. checking constant_clock (0)
3. checking pulse_width_clock (0)
4. checking unconstrained_internal_endpoints (0)
5. checking no_input_delay (134)
6. checking no_output_delay (66)
7. checking multiple_clock (0)
8. checking generated_clocks (0)
9. checking loops (0)
10. checking partial_input_delay (0)
11. checking partial_output_delay (0)
12. checking latch_loops (0)

1. checking no_clock (0)
------------------------
 There are 0 register/latch pins with no clock.


2. checking constant_clock (0)
------------------------------
 There are 0 register/latch pins with constant_clock.


3. checking pulse_width_clock (0)
---------------------------------
 There are 0 register/latch pins which need pulse_width check


4. checking unconstrained_internal_endpoints (0)
------------------------------------------------
 There are 0 pins that are not constrained for maximum delay.

 There are 0 pins that are not constrained for maximum delay due to constant clock.


5. checking no_input_delay (134)
--------------------------------
 There are 134 input ports with no input delay specified. (HIGH)

operand_a_i[0]
operand_a_i[10]
operand_a_i[11]
operand_a_i[12]
operand_a_i[13]
operand_a_i[14]
operand_a_i[15]
operand_a_i[16]
operand_a_i[17]
operand_a_i[18]
operand_a_i[19]
operand_a_i[1]
operand_a_i[20]
operand_a_i[21]
operand_a_i[22]
operand_a_i[23]
operand_a_i[24]
operand_a_i[25]
operand_a_i[26]
operand_a_i[27]
operand_a_i[28]
operand_a_i[29]
operand_a_i[2]
operand_a_i[30]
operand_a_i[31]
operand_a_i[32]
operand_a_i[33]
operand_a_i[34]
operand_a_i[35]
operand_a_i[36]
operand_a_i[37]
operand_a_i[38]
operand_a_i[39]
operand_a_i[3]
operand_a_i[40]
operand_a_i[41]
operand_a_i[42]
operand_a_i[43]
operand_a_i[44]
operand_a_i[45]
operand_a_i[46]
operand_a_i[47]
operand_a_i[48]
operand_a_i[49]
operand_a_i[4]
operand_a_i[50]
operand_a_i[51]
operand_a_i[52]
operand_a_i[53]
operand_a_i[54]
operand_a_i[55]
operand_a_i[56]
operand_a_i[57]
operand_a_i[58]
operand_a_i[59]
operand_a_i[5]
operand_a_i[60]
operand_a_i[61]
operand_a_i[62]
operand_a_i[63]
operand_a_i[6]
operand_a_i[7]
operand_a_i[8]
operand_a_i[9]
operand_b_i[0]
operand_b_i[10]
operand_b_i[11]
operand_b_i[12]
operand_b_i[13]
operand_b_i[14]
operand_b_i[15]
operand_b_i[16]
operand_b_i[17]
operand_b_i[18]
operand_b_i[19]
operand_b_i[1]
operand_b_i[20]
operand_b_i[21]
operand_b_i[22]
operand_b_i[23]
operand_b_i[24]
operand_b_i[25]
operand_b_i[26]
operand_b_i[27]
operand_b_i[28]
operand_b_i[29]
operand_b_i[2]
operand_b_i[30]
operand_b_i[31]
operand_b_i[32]
operand_b_i[33]
operand_b_i[34]
operand_b_i[35]
operand_b_i[36]
operand_b_i[37]
operand_b_i[38]
operand_b_i[39]
operand_b_i[3]
operand_b_i[40]
operand_b_i[41]
operand_b_i[42]
operand_b_i[43]
operand_b_i[44]
operand_b_i[45]
operand_b_i[46]
operand_b_i[47]
operand_b_i[48]
operand_b_i[49]
operand_b_i[4]
operand_b_i[50]
operand_b_i[51]
operand_b_i[52]
operand_b_i[53]
operand_b_i[54]
operand_b_i[55]
operand_b_i[56]
operand_b_i[57]
operand_b_i[58]
operand_b_i[59]
operand_b_i[5]
operand_b_i[60]
operand_b_i[61]
operand_b_i[62]
operand_b_i[63]
operand_b_i[6]
operand_b_i[7]
operand_b_i[8]
operand_b_i[9]
operator_i[0]
operator_i[1]
operator_i[2]
operator_i[3]
rst_ni
valid_i

 There are 0 input ports with no input delay but user has a false path constraint.


6. checking no_output_delay (66)
--------------------------------
 There are 66 ports with no output delay specified. (HIGH)

ready_o
result_o[0]
result_o[10]
result_o[11]
result_o[12]
result_o[13]
result_o[14]
result_o[15]
result_o[16]
result_o[17]
result_o[18]
result_o[19]
result_o[1]
result_o[20]
result_o[21]
result_o[22]
result_o[23]
result_o[24]
result_o[25]
result_o[26]
result_o[27]
result_o[28]
result_o[29]
result_o[2]
result_o[30]
result_o[31]
result_o[32]
result_o[33]
result_o[34]
result_o[35]
result_o[36]
result_o[37]
result_o[38]
result_o[39]
result_o[3]
result_o[40]
result_o[41]
result_o[42]
result_o[43]
result_o[44]
result_o[45]
result_o[46]
result_o[47]
result_o[48]
result_o[49]
result_o[4]
result_o[50]
result_o[51]
result_o[52]
result_o[53]
result_o[54]
result_o[55]
result_o[56]
result_o[57]
result_o[58]
result_o[59]
result_o[5]
result_o[60]
result_o[61]
result_o[62]
result_o[63]
result_o[6]
result_o[7]
result_o[8]
result_o[9]
valid_o

 There are 0 ports with no output delay but user has a false path constraint

 There are 0 ports with no output delay but with a timing clock defined on it or propagating through it


7. checking multiple_clock (0)
------------------------------
 There are 0 register/latch pins with multiple clocks.


8. checking generated_clocks (0)
--------------------------------
 There are 0 generated clocks that are not connected to a clock source.


9. checking loops (0)
---------------------
 There are 0 combinational loops in the design.


10. checking partial_input_delay (0)
------------------------------------
 There are 0 input ports with partial input delay specified.


11. checking partial_output_delay (0)
-------------------------------------
 There are 0 ports with partial output delay specified.


12. checking latch_loops (0)
----------------------------
 There are 0 combinational latch loops in the design through latch input



------------------------------------------------------------------------------------------------
| Design Timing Summary
| ---------------------
------------------------------------------------------------------------------------------------

    WNS(ns)      TNS(ns)  TNS Failing Endpoints  TNS Total Endpoints     WPWS(ns)     TPWS(ns)  TPWS Failing Endpoints  TPWS Total Endpoints  
    -------      -------  ---------------------  -------------------     --------     --------  ----------------------  --------------------  
      0.326        0.000                      0                 6838        1.370        0.000                       0                  2688  


All user specified timing constraints are met.


------------------------------------------------------------------------------------------------
| Clock Summary
| -------------
------------------------------------------------------------------------------------------------

Clock  Waveform(ns)         Period(ns)      Frequency(MHz)
-----  ------------         ----------      --------------
clk_i  {0.000 2.500}        5.000           200.000         


------------------------------------------------------------------------------------------------
| Intra Clock Table
| -----------------
------------------------------------------------------------------------------------------------

Clock             WNS(ns)      TNS(ns)  TNS Failing Endpoints  TNS Total Endpoints     WPWS(ns)     TPWS(ns)  TPWS Failing Endpoints  TPWS Total Endpoints  
-----             -------      -------  ---------------------  -------------------     --------     --------  ----------------------  --------------------  
clk_i               0.326        0.000                      0                 6838        1.370        0.000                       0                  2688  


------------------------------------------------------------------------------------------------
| Inter Clock Table
| -----------------
------------------------------------------------------------------------------------------------

From Clock    To Clock          WNS(ns)      TNS(ns)  TNS Failing Endpoints  TNS Total Endpoints  
----------    --------          -------      -------  ---------------------  -------------------  


------------------------------------------------------------------------------------------------
| Other Path Groups Table
| -----------------------
------------------------------------------------------------------------------------------------

Path Group    From Clock    To Clock          WNS(ns)      TNS(ns)  TNS Failing Endpoints  TNS Total Endpoints  
----------    ----------    --------          -------      -------  ---------------------  -------------------  


------------------------------------------------------------------------------------------------
| User Ignored Path Table
| -----------------------
------------------------------------------------------------------------------------------------

Path Group    From Clock    To Clock    
----------    ----------    --------    


------------------------------------------------------------------------------------------------
| Unconstrained Path Table
| ------------------------
------------------------------------------------------------------------------------------------

Path Group    From Clock    To Clock    
----------    ----------    --------    
(none)        clk_i                       
(none)                      clk_i         


------------------------------------------------------------------------------------------------
| Timing Details
| --------------
------------------------------------------------------------------------------------------------


---------------------------------------------------------------------------------------------------
From Clock:  clk_i
  To Clock:  clk_i

Setup :            0  Failing Endpoints,  Worst Slack        0.326ns,  Total Violation        0.000ns
Hold  :           NA  Failing Endpoints,  Worst Slack           NA  ,  Total Violation           NA
PW    :            0  Failing Endpoints,  Worst Slack        1.370ns,  Total Violation        0.000ns
---------------------------------------------------------------------------------------------------


Max Delay Paths
--------------------------------------------------------------------------------------
Slack (MET) :             0.326ns  (required time - arrival time)
  Source:                 gen_lane[0].i_p2_pop_slice/popcount_part_q_o_reg[0][0]/C
                            (rising edge-triggered cell FDCE clocked by clk_i  {rise@0.000ns fall@2.500ns period=5.000ns})
  Destination:            group_dist_q_reg[8]/D
                            (rising edge-triggered cell FDCE clocked by clk_i  {rise@0.000ns fall@2.500ns period=5.000ns})
  Path Group:             clk_i
  Path Type:              Setup (Max at Slow Process Corner)
  Requirement:            5.000ns  (clk_i rise@5.000ns - clk_i rise@0.000ns)
  Data Path Delay:        4.700ns  (logic 2.246ns (47.787%)  route 2.454ns (52.213%))
  Logic Levels:           7  (CARRY4=4 LUT3=2 LUT5=1)
  Clock Path Skew:        -0.039ns (DCD - SCD + CPR)
    Destination Clock Delay (DCD):    0.748ns = ( 5.748 - 5.000 ) 
    Source Clock Delay      (SCD):    0.787ns
    Clock Pessimism Removal (CPR):    0.000ns
  Clock Uncertainty:      0.035ns  ((TSJ^2 + TIJ^2)^1/2 + DJ) / 2 + PE
    Total System Jitter     (TSJ):    0.071ns
    Total Input Jitter      (TIJ):    0.000ns
    Discrete Jitter          (DJ):    0.000ns
    Phase Error              (PE):    0.000ns

    Location             Delay type                Incr(ns)  Path(ns)    Netlist Resource(s)
  -------------------------------------------------------------------    -------------------
                         (clock clk_i rise edge)      0.000     0.000 r  
                                                      0.000     0.000 r  clk_i (IN)
                         net (fo=2687, unset)         0.787     0.787    gen_lane[0].i_p2_pop_slice/clk_i
                         FDCE                                         r  gen_lane[0].i_p2_pop_slice/popcount_part_q_o_reg[0][0]/C
  -------------------------------------------------------------------    -------------------
                         FDCE (Prop_fdce_C_Q)         0.433     1.220 r  gen_lane[0].i_p2_pop_slice/popcount_part_q_o_reg[0][0]/Q
                         net (fo=4, unplaced)         0.623     1.843    gen_lane[3].i_p2_pop_slice/popcount_part_q_o[0][0]
                         LUT3 (Prop_lut3_I0_O)        0.232     2.075 r  gen_lane[3].i_p2_pop_slice/group_dist_q[7]_i_25/O
                         net (fo=1, unplaced)         0.537     2.612    gen_lane[3].i_p2_pop_slice/group_dist_q[7]_i_25_n_0
                         CARRY4 (Prop_carry4_DI[1]_CO[3])
                                                      0.430     3.042 r  gen_lane[3].i_p2_pop_slice/group_dist_q_reg[7]_i_13/CO[3]
                         net (fo=1, unplaced)         0.008     3.050    gen_lane[3].i_p2_pop_slice/group_dist_q_reg[7]_i_13_n_0
                         CARRY4 (Prop_carry4_CI_O[0])
                                                      0.189     3.239 r  gen_lane[3].i_p2_pop_slice/group_dist_q_reg[8]_i_5/O[0]
                         net (fo=3, unplaced)         0.380     3.619    gen_lane[3].i_p2_pop_slice/popcount_part_q_o_reg[0][4]_0[0]
                         LUT3 (Prop_lut3_I0_O)        0.238     3.857 r  gen_lane[3].i_p2_pop_slice/group_dist_q[7]_i_11/O
                         net (fo=2, unplaced)         0.358     4.215    gen_lane[3].i_p2_pop_slice/group_dist_q[7]_i_11_n_0
                         LUT5 (Prop_lut5_I1_O)        0.105     4.320 r  gen_lane[3].i_p2_pop_slice/group_dist_q[7]_i_4/O
                         net (fo=2, unplaced)         0.548     4.868    gen_lane[3].i_p2_pop_slice/group_dist_q[7]_i_4_n_0
                         CARRY4 (Prop_carry4_DI[1]_CO[3])
                                                      0.430     5.298 r  gen_lane[3].i_p2_pop_slice/group_dist_q_reg[7]_i_1/CO[3]
                         net (fo=1, unplaced)         0.000     5.298    gen_lane[3].i_p2_pop_slice/group_dist_q_reg[7]_i_1_n_0
                         CARRY4 (Prop_carry4_CI_O[0])
                                                      0.189     5.487 r  gen_lane[3].i_p2_pop_slice/group_dist_q_reg[8]_i_2/O[0]
                         net (fo=1, unplaced)         0.000     5.487    group_dist_sum[8]
                         FDCE                                         r  group_dist_q_reg[8]/D
  -------------------------------------------------------------------    -------------------

                         (clock clk_i rise edge)      5.000     5.000 r  
                                                      0.000     5.000 r  clk_i (IN)
                         net (fo=2687, unset)         0.748     5.748    clk_i
                         FDCE                                         r  group_dist_q_reg[8]/C
                         clock pessimism              0.000     5.748    
                         clock uncertainty           -0.035     5.712    
                         FDCE (Setup_fdce_C_D)        0.101     5.813    group_dist_q_reg[8]
  -------------------------------------------------------------------
                         required time                          5.813    
                         arrival time                          -5.487    
  -------------------------------------------------------------------
                         slack                                  0.326    

Slack (MET) :             0.344ns  (required time - arrival time)
  Source:                 a_q_reg[4]/C
                            (rising edge-triggered cell FDCE clocked by clk_i  {rise@0.000ns fall@2.500ns period=5.000ns})
  Destination:            hperm_dst_base_q_reg[0]/CE
                            (rising edge-triggered cell FDCE clocked by clk_i  {rise@0.000ns fall@2.500ns period=5.000ns})
  Path Group:             clk_i
  Path Type:              Setup (Max at Slow Process Corner)
  Requirement:            5.000ns  (clk_i rise@5.000ns - clk_i rise@0.000ns)
  Data Path Delay:        4.445ns  (logic 1.190ns (26.772%)  route 3.255ns (73.228%))
  Logic Levels:           6  (LUT2=1 LUT4=1 LUT6=4)
  Clock Path Skew:        -0.039ns (DCD - SCD + CPR)
    Destination Clock Delay (DCD):    0.748ns = ( 5.748 - 5.000 ) 
    Source Clock Delay      (SCD):    0.787ns
    Clock Pessimism Removal (CPR):    0.000ns
  Clock Uncertainty:      0.035ns  ((TSJ^2 + TIJ^2)^1/2 + DJ) / 2 + PE
    Total System Jitter     (TSJ):    0.071ns
    Total Input Jitter      (TIJ):    0.000ns
    Discrete Jitter          (DJ):    0.000ns
    Phase Error              (PE):    0.000ns

    Location             Delay type                Incr(ns)  Path(ns)    Netlist Resource(s)
  -------------------------------------------------------------------    -------------------
                         (clock clk_i rise edge)      0.000     0.000 r  
                                                      0.000     0.000 r  clk_i (IN)
                         net (fo=2687, unset)         0.787     0.787    clk_i
                         FDCE                                         r  a_q_reg[4]/C
  -------------------------------------------------------------------    -------------------
                         FDCE (Prop_fdce_C_Q)         0.433     1.220 r  a_q_reg[4]/Q
                         net (fo=38, unplaced)        0.437     1.657    i_vrf/vrf_wd_q_reg[3][63][4]
                         LUT2 (Prop_lut2_I0_O)        0.232     1.889 f  i_vrf/res_q[1]_i_31/O
                         net (fo=2, unplaced)         0.949     2.838    i_vrf/res_q[1]_i_31_n_0
                         LUT6 (Prop_lut6_I1_O)        0.105     2.943 f  i_vrf/res_q[1]_i_20/O
                         net (fo=3, unplaced)         0.365     3.308    i_vrf/a_q_reg[15]
                         LUT6 (Prop_lut6_I4_O)        0.105     3.413 f  i_vrf/res_q[1]_i_11/O
                         net (fo=8, unplaced)         0.385     3.798    i_vrf_n_1246
                         LUT4 (Prop_lut4_I2_O)        0.105     3.903 f  hperm_dst_base_q[5]_i_10/O
                         net (fo=1, unplaced)         0.347     4.250    hperm_dst_base_q[5]_i_10_n_0
                         LUT6 (Prop_lut6_I2_O)        0.105     4.355 r  hperm_dst_base_q[5]_i_3/O
                         net (fo=2, unplaced)         0.358     4.713    hperm_dst_base_q[5]_i_3_n_0
                         LUT6 (Prop_lut6_I0_O)        0.105     4.818 r  hperm_dst_base_q[5]_i_1/O
                         net (fo=12, unplaced)        0.414     5.232    hperm_dst_base_n
                         FDCE                                         r  hperm_dst_base_q_reg[0]/CE
  -------------------------------------------------------------------    -------------------

                         (clock clk_i rise edge)      5.000     5.000 r  
                                                      0.000     5.000 r  clk_i (IN)
                         net (fo=2687, unset)         0.748     5.748    clk_i
                         FDCE                                         r  hperm_dst_base_q_reg[0]/C
                         clock pessimism              0.000     5.748    
                         clock uncertainty           -0.035     5.712    
                         FDCE (Setup_fdce_C_CE)      -0.136     5.576    hperm_dst_base_q_reg[0]
  -------------------------------------------------------------------
                         required time                          5.576    
                         arrival time                          -5.232    
  -------------------------------------------------------------------
                         slack                                  0.344    

Slack (MET) :             0.344ns  (required time - arrival time)
  Source:                 a_q_reg[4]/C
                            (rising edge-triggered cell FDCE clocked by clk_i  {rise@0.000ns fall@2.500ns period=5.000ns})
  Destination:            hperm_dst_base_q_reg[1]/CE
                            (rising edge-triggered cell FDCE clocked by clk_i  {rise@0.000ns fall@2.500ns period=5.000ns})
  Path Group:             clk_i
  Path Type:              Setup (Max at Slow Process Corner)
  Requirement:            5.000ns  (clk_i rise@5.000ns - clk_i rise@0.000ns)
  Data Path Delay:        4.445ns  (logic 1.190ns (26.772%)  route 3.255ns (73.228%))
  Logic Levels:           6  (LUT2=1 LUT4=1 LUT6=4)
  Clock Path Skew:        -0.039ns (DCD - SCD + CPR)
    Destination Clock Delay (DCD):    0.748ns = ( 5.748 - 5.000 ) 
    Source Clock Delay      (SCD):    0.787ns
    Clock Pessimism Removal (CPR):    0.000ns
  Clock Uncertainty:      0.035ns  ((TSJ^2 + TIJ^2)^1/2 + DJ) / 2 + PE
    Total System Jitter     (TSJ):    0.071ns
    Total Input Jitter      (TIJ):    0.000ns
    Discrete Jitter          (DJ):    0.000ns
    Phase Error              (PE):    0.000ns

    Location             Delay type                Incr(ns)  Path(ns)    Netlist Resource(s)
  -------------------------------------------------------------------    -------------------
                         (clock clk_i rise edge)      0.000     0.000 r  
                                                      0.000     0.000 r  clk_i (IN)
                         net (fo=2687, unset)         0.787     0.787    clk_i
                         FDCE                                         r  a_q_reg[4]/C
  -------------------------------------------------------------------    -------------------
                         FDCE (Prop_fdce_C_Q)         0.433     1.220 r  a_q_reg[4]/Q
                         net (fo=38, unplaced)        0.437     1.657    i_vrf/vrf_wd_q_reg[3][63][4]
                         LUT2 (Prop_lut2_I0_O)        0.232     1.889 f  i_vrf/res_q[1]_i_31/O
                         net (fo=2, unplaced)         0.949     2.838    i_vrf/res_q[1]_i_31_n_0
                         LUT6 (Prop_lut6_I1_O)        0.105     2.943 f  i_vrf/res_q[1]_i_20/O
                         net (fo=3, unplaced)         0.365     3.308    i_vrf/a_q_reg[15]
                         LUT6 (Prop_lut6_I4_O)        0.105     3.413 f  i_vrf/res_q[1]_i_11/O
                         net (fo=8, unplaced)         0.385     3.798    i_vrf_n_1246
                         LUT4 (Prop_lut4_I2_O)        0.105     3.903 f  hperm_dst_base_q[5]_i_10/O
                         net (fo=1, unplaced)         0.347     4.250    hperm_dst_base_q[5]_i_10_n_0
                         LUT6 (Prop_lut6_I2_O)        0.105     4.355 r  hperm_dst_base_q[5]_i_3/O
                         net (fo=2, unplaced)         0.358     4.713    hperm_dst_base_q[5]_i_3_n_0
                         LUT6 (Prop_lut6_I0_O)        0.105     4.818 r  hperm_dst_base_q[5]_i_1/O
                         net (fo=12, unplaced)        0.414     5.232    hperm_dst_base_n
                         FDCE                                         r  hperm_dst_base_q_reg[1]/CE
  -------------------------------------------------------------------    -------------------

                         (clock clk_i rise edge)      5.000     5.000 r  
                                                      0.000     5.000 r  clk_i (IN)
                         net (fo=2687, unset)         0.748     5.748    clk_i
                         FDCE                                         r  hperm_dst_base_q_reg[1]/C
                         clock pessimism              0.000     5.748    
                         clock uncertainty           -0.035     5.712    
                         FDCE (Setup_fdce_C_CE)      -0.136     5.576    hperm_dst_base_q_reg[1]
  -------------------------------------------------------------------
                         required time                          5.576    
                         arrival time                          -5.232    
  -------------------------------------------------------------------
                         slack                                  0.344    

Slack (MET) :             0.344ns  (required time - arrival time)
  Source:                 a_q_reg[4]/C
                            (rising edge-triggered cell FDCE clocked by clk_i  {rise@0.000ns fall@2.500ns period=5.000ns})
  Destination:            hperm_dst_base_q_reg[2]/CE
                            (rising edge-triggered cell FDCE clocked by clk_i  {rise@0.000ns fall@2.500ns period=5.000ns})
  Path Group:             clk_i
  Path Type:              Setup (Max at Slow Process Corner)
  Requirement:            5.000ns  (clk_i rise@5.000ns - clk_i rise@0.000ns)
  Data Path Delay:        4.445ns  (logic 1.190ns (26.772%)  route 3.255ns (73.228%))
  Logic Levels:           6  (LUT2=1 LUT4=1 LUT6=4)
  Clock Path Skew:        -0.039ns (DCD - SCD + CPR)
    Destination Clock Delay (DCD):    0.748ns = ( 5.748 - 5.000 ) 
    Source Clock Delay      (SCD):    0.787ns
    Clock Pessimism Removal (CPR):    0.000ns
  Clock Uncertainty:      0.035ns  ((TSJ^2 + TIJ^2)^1/2 + DJ) / 2 + PE
    Total System Jitter     (TSJ):    0.071ns
    Total Input Jitter      (TIJ):    0.000ns
    Discrete Jitter          (DJ):    0.000ns
    Phase Error              (PE):    0.000ns

    Location             Delay type                Incr(ns)  Path(ns)    Netlist Resource(s)
  -------------------------------------------------------------------    -------------------
                         (clock clk_i rise edge)      0.000     0.000 r  
                                                      0.000     0.000 r  clk_i (IN)
                         net (fo=2687, unset)         0.787     0.787    clk_i
                         FDCE                                         r  a_q_reg[4]/C
  -------------------------------------------------------------------    -------------------
                         FDCE (Prop_fdce_C_Q)         0.433     1.220 r  a_q_reg[4]/Q
                         net (fo=38, unplaced)        0.437     1.657    i_vrf/vrf_wd_q_reg[3][63][4]
                         LUT2 (Prop_lut2_I0_O)        0.232     1.889 f  i_vrf/res_q[1]_i_31/O
                         net (fo=2, unplaced)         0.949     2.838    i_vrf/res_q[1]_i_31_n_0
                         LUT6 (Prop_lut6_I1_O)        0.105     2.943 f  i_vrf/res_q[1]_i_20/O
                         net (fo=3, unplaced)         0.365     3.308    i_vrf/a_q_reg[15]
                         LUT6 (Prop_lut6_I4_O)        0.105     3.413 f  i_vrf/res_q[1]_i_11/O
                         net (fo=8, unplaced)         0.385     3.798    i_vrf_n_1246
                         LUT4 (Prop_lut4_I2_O)        0.105     3.903 f  hperm_dst_base_q[5]_i_10/O
                         net (fo=1, unplaced)         0.347     4.250    hperm_dst_base_q[5]_i_10_n_0
                         LUT6 (Prop_lut6_I2_O)        0.105     4.355 r  hperm_dst_base_q[5]_i_3/O
                         net (fo=2, unplaced)         0.358     4.713    hperm_dst_base_q[5]_i_3_n_0
                         LUT6 (Prop_lut6_I0_O)        0.105     4.818 r  hperm_dst_base_q[5]_i_1/O
                         net (fo=12, unplaced)        0.414     5.232    hperm_dst_base_n
                         FDCE                                         r  hperm_dst_base_q_reg[2]/CE
  -------------------------------------------------------------------    -------------------

                         (clock clk_i rise edge)      5.000     5.000 r  
                                                      0.000     5.000 r  clk_i (IN)
                         net (fo=2687, unset)         0.748     5.748    clk_i
                         FDCE                                         r  hperm_dst_base_q_reg[2]/C
                         clock pessimism              0.000     5.748    
                         clock uncertainty           -0.035     5.712    
                         FDCE (Setup_fdce_C_CE)      -0.136     5.576    hperm_dst_base_q_reg[2]
  -------------------------------------------------------------------
                         required time                          5.576    
                         arrival time                          -5.232    
  -------------------------------------------------------------------
                         slack                                  0.344    

Slack (MET) :             0.344ns  (required time - arrival time)
  Source:                 a_q_reg[4]/C
                            (rising edge-triggered cell FDCE clocked by clk_i  {rise@0.000ns fall@2.500ns period=5.000ns})
  Destination:            hperm_dst_base_q_reg[3]/CE
                            (rising edge-triggered cell FDCE clocked by clk_i  {rise@0.000ns fall@2.500ns period=5.000ns})
  Path Group:             clk_i
  Path Type:              Setup (Max at Slow Process Corner)
  Requirement:            5.000ns  (clk_i rise@5.000ns - clk_i rise@0.000ns)
  Data Path Delay:        4.445ns  (logic 1.190ns (26.772%)  route 3.255ns (73.228%))
  Logic Levels:           6  (LUT2=1 LUT4=1 LUT6=4)
  Clock Path Skew:        -0.039ns (DCD - SCD + CPR)
    Destination Clock Delay (DCD):    0.748ns = ( 5.748 - 5.000 ) 
    Source Clock Delay      (SCD):    0.787ns
    Clock Pessimism Removal (CPR):    0.000ns
  Clock Uncertainty:      0.035ns  ((TSJ^2 + TIJ^2)^1/2 + DJ) / 2 + PE
    Total System Jitter     (TSJ):    0.071ns
    Total Input Jitter      (TIJ):    0.000ns
    Discrete Jitter          (DJ):    0.000ns
    Phase Error              (PE):    0.000ns

    Location             Delay type                Incr(ns)  Path(ns)    Netlist Resource(s)
  -------------------------------------------------------------------    -------------------
                         (clock clk_i rise edge)      0.000     0.000 r  
                                                      0.000     0.000 r  clk_i (IN)
                         net (fo=2687, unset)         0.787     0.787    clk_i
                         FDCE                                         r  a_q_reg[4]/C
  -------------------------------------------------------------------    -------------------
                         FDCE (Prop_fdce_C_Q)         0.433     1.220 r  a_q_reg[4]/Q
                         net (fo=38, unplaced)        0.437     1.657    i_vrf/vrf_wd_q_reg[3][63][4]
                         LUT2 (Prop_lut2_I0_O)        0.232     1.889 f  i_vrf/res_q[1]_i_31/O
                         net (fo=2, unplaced)         0.949     2.838    i_vrf/res_q[1]_i_31_n_0
                         LUT6 (Prop_lut6_I1_O)        0.105     2.943 f  i_vrf/res_q[1]_i_20/O
                         net (fo=3, unplaced)         0.365     3.308    i_vrf/a_q_reg[15]
                         LUT6 (Prop_lut6_I4_O)        0.105     3.413 f  i_vrf/res_q[1]_i_11/O
                         net (fo=8, unplaced)         0.385     3.798    i_vrf_n_1246
                         LUT4 (Prop_lut4_I2_O)        0.105     3.903 f  hperm_dst_base_q[5]_i_10/O
                         net (fo=1, unplaced)         0.347     4.250    hperm_dst_base_q[5]_i_10_n_0
                         LUT6 (Prop_lut6_I2_O)        0.105     4.355 r  hperm_dst_base_q[5]_i_3/O
                         net (fo=2, unplaced)         0.358     4.713    hperm_dst_base_q[5]_i_3_n_0
                         LUT6 (Prop_lut6_I0_O)        0.105     4.818 r  hperm_dst_base_q[5]_i_1/O
                         net (fo=12, unplaced)        0.414     5.232    hperm_dst_base_n
                         FDCE                                         r  hperm_dst_base_q_reg[3]/CE
  -------------------------------------------------------------------    -------------------

                         (clock clk_i rise edge)      5.000     5.000 r  
                                                      0.000     5.000 r  clk_i (IN)
                         net (fo=2687, unset)         0.748     5.748    clk_i
                         FDCE                                         r  hperm_dst_base_q_reg[3]/C
                         clock pessimism              0.000     5.748    
                         clock uncertainty           -0.035     5.712    
                         FDCE (Setup_fdce_C_CE)      -0.136     5.576    hperm_dst_base_q_reg[3]
  -------------------------------------------------------------------
                         required time                          5.576    
                         arrival time                          -5.232    
  -------------------------------------------------------------------
                         slack                                  0.344    

Slack (MET) :             0.344ns  (required time - arrival time)
  Source:                 a_q_reg[4]/C
                            (rising edge-triggered cell FDCE clocked by clk_i  {rise@0.000ns fall@2.500ns period=5.000ns})
  Destination:            hperm_dst_base_q_reg[4]/CE
                            (rising edge-triggered cell FDCE clocked by clk_i  {rise@0.000ns fall@2.500ns period=5.000ns})
  Path Group:             clk_i
  Path Type:              Setup (Max at Slow Process Corner)
  Requirement:            5.000ns  (clk_i rise@5.000ns - clk_i rise@0.000ns)
  Data Path Delay:        4.445ns  (logic 1.190ns (26.772%)  route 3.255ns (73.228%))
  Logic Levels:           6  (LUT2=1 LUT4=1 LUT6=4)
  Clock Path Skew:        -0.039ns (DCD - SCD + CPR)
    Destination Clock Delay (DCD):    0.748ns = ( 5.748 - 5.000 ) 
    Source Clock Delay      (SCD):    0.787ns
    Clock Pessimism Removal (CPR):    0.000ns
  Clock Uncertainty:      0.035ns  ((TSJ^2 + TIJ^2)^1/2 + DJ) / 2 + PE
    Total System Jitter     (TSJ):    0.071ns
    Total Input Jitter      (TIJ):    0.000ns
    Discrete Jitter          (DJ):    0.000ns
    Phase Error              (PE):    0.000ns

    Location             Delay type                Incr(ns)  Path(ns)    Netlist Resource(s)
  -------------------------------------------------------------------    -------------------
                         (clock clk_i rise edge)      0.000     0.000 r  
                                                      0.000     0.000 r  clk_i (IN)
                         net (fo=2687, unset)         0.787     0.787    clk_i
                         FDCE                                         r  a_q_reg[4]/C
  -------------------------------------------------------------------    -------------------
                         FDCE (Prop_fdce_C_Q)         0.433     1.220 r  a_q_reg[4]/Q
                         net (fo=38, unplaced)        0.437     1.657    i_vrf/vrf_wd_q_reg[3][63][4]
                         LUT2 (Prop_lut2_I0_O)        0.232     1.889 f  i_vrf/res_q[1]_i_31/O
                         net (fo=2, unplaced)         0.949     2.838    i_vrf/res_q[1]_i_31_n_0
                         LUT6 (Prop_lut6_I1_O)        0.105     2.943 f  i_vrf/res_q[1]_i_20/O
                         net (fo=3, unplaced)         0.365     3.308    i_vrf/a_q_reg[15]
                         LUT6 (Prop_lut6_I4_O)        0.105     3.413 f  i_vrf/res_q[1]_i_11/O
                         net (fo=8, unplaced)         0.385     3.798    i_vrf_n_1246
                         LUT4 (Prop_lut4_I2_O)        0.105     3.903 f  hperm_dst_base_q[5]_i_10/O
                         net (fo=1, unplaced)         0.347     4.250    hperm_dst_base_q[5]_i_10_n_0
                         LUT6 (Prop_lut6_I2_O)        0.105     4.355 r  hperm_dst_base_q[5]_i_3/O
                         net (fo=2, unplaced)         0.358     4.713    hperm_dst_base_q[5]_i_3_n_0
                         LUT6 (Prop_lut6_I0_O)        0.105     4.818 r  hperm_dst_base_q[5]_i_1/O
                         net (fo=12, unplaced)        0.414     5.232    hperm_dst_base_n
                         FDCE                                         r  hperm_dst_base_q_reg[4]/CE
  -------------------------------------------------------------------    -------------------

                         (clock clk_i rise edge)      5.000     5.000 r  
                                                      0.000     5.000 r  clk_i (IN)
                         net (fo=2687, unset)         0.748     5.748    clk_i
                         FDCE                                         r  hperm_dst_base_q_reg[4]/C
                         clock pessimism              0.000     5.748    
                         clock uncertainty           -0.035     5.712    
                         FDCE (Setup_fdce_C_CE)      -0.136     5.576    hperm_dst_base_q_reg[4]
  -------------------------------------------------------------------
                         required time                          5.576    
                         arrival time                          -5.232    
  -------------------------------------------------------------------
                         slack                                  0.344    

Slack (MET) :             0.344ns  (required time - arrival time)
  Source:                 a_q_reg[4]/C
                            (rising edge-triggered cell FDCE clocked by clk_i  {rise@0.000ns fall@2.500ns period=5.000ns})
  Destination:            hperm_dst_base_q_reg[5]/CE
                            (rising edge-triggered cell FDCE clocked by clk_i  {rise@0.000ns fall@2.500ns period=5.000ns})
  Path Group:             clk_i
  Path Type:              Setup (Max at Slow Process Corner)
  Requirement:            5.000ns  (clk_i rise@5.000ns - clk_i rise@0.000ns)
  Data Path Delay:        4.445ns  (logic 1.190ns (26.772%)  route 3.255ns (73.228%))
  Logic Levels:           6  (LUT2=1 LUT4=1 LUT6=4)
  Clock Path Skew:        -0.039ns (DCD - SCD + CPR)
    Destination Clock Delay (DCD):    0.748ns = ( 5.748 - 5.000 ) 
    Source Clock Delay      (SCD):    0.787ns
    Clock Pessimism Removal (CPR):    0.000ns
  Clock Uncertainty:      0.035ns  ((TSJ^2 + TIJ^2)^1/2 + DJ) / 2 + PE
    Total System Jitter     (TSJ):    0.071ns
    Total Input Jitter      (TIJ):    0.000ns
    Discrete Jitter          (DJ):    0.000ns
    Phase Error              (PE):    0.000ns

    Location             Delay type                Incr(ns)  Path(ns)    Netlist Resource(s)
  -------------------------------------------------------------------    -------------------
                         (clock clk_i rise edge)      0.000     0.000 r  
                                                      0.000     0.000 r  clk_i (IN)
                         net (fo=2687, unset)         0.787     0.787    clk_i
                         FDCE                                         r  a_q_reg[4]/C
  -------------------------------------------------------------------    -------------------
                         FDCE (Prop_fdce_C_Q)         0.433     1.220 r  a_q_reg[4]/Q
                         net (fo=38, unplaced)        0.437     1.657    i_vrf/vrf_wd_q_reg[3][63][4]
                         LUT2 (Prop_lut2_I0_O)        0.232     1.889 f  i_vrf/res_q[1]_i_31/O
                         net (fo=2, unplaced)         0.949     2.838    i_vrf/res_q[1]_i_31_n_0
                         LUT6 (Prop_lut6_I1_O)        0.105     2.943 f  i_vrf/res_q[1]_i_20/O
                         net (fo=3, unplaced)         0.365     3.308    i_vrf/a_q_reg[15]
                         LUT6 (Prop_lut6_I4_O)        0.105     3.413 f  i_vrf/res_q[1]_i_11/O
                         net (fo=8, unplaced)         0.385     3.798    i_vrf_n_1246
                         LUT4 (Prop_lut4_I2_O)        0.105     3.903 f  hperm_dst_base_q[5]_i_10/O
                         net (fo=1, unplaced)         0.347     4.250    hperm_dst_base_q[5]_i_10_n_0
                         LUT6 (Prop_lut6_I2_O)        0.105     4.355 r  hperm_dst_base_q[5]_i_3/O
                         net (fo=2, unplaced)         0.358     4.713    hperm_dst_base_q[5]_i_3_n_0
                         LUT6 (Prop_lut6_I0_O)        0.105     4.818 r  hperm_dst_base_q[5]_i_1/O
                         net (fo=12, unplaced)        0.414     5.232    hperm_dst_base_n
                         FDCE                                         r  hperm_dst_base_q_reg[5]/CE
  -------------------------------------------------------------------    -------------------

                         (clock clk_i rise edge)      5.000     5.000 r  
                                                      0.000     5.000 r  clk_i (IN)
                         net (fo=2687, unset)         0.748     5.748    clk_i
                         FDCE                                         r  hperm_dst_base_q_reg[5]/C
                         clock pessimism              0.000     5.748    
                         clock uncertainty           -0.035     5.712    
                         FDCE (Setup_fdce_C_CE)      -0.136     5.576    hperm_dst_base_q_reg[5]
  -------------------------------------------------------------------
                         required time                          5.576    
                         arrival time                          -5.232    
  -------------------------------------------------------------------
                         slack                                  0.344    

Slack (MET) :             0.344ns  (required time - arrival time)
  Source:                 a_q_reg[4]/C
                            (rising edge-triggered cell FDCE clocked by clk_i  {rise@0.000ns fall@2.500ns period=5.000ns})
  Destination:            hperm_src_base_q_reg[0]/CE
                            (rising edge-triggered cell FDCE clocked by clk_i  {rise@0.000ns fall@2.500ns period=5.000ns})
  Path Group:             clk_i
  Path Type:              Setup (Max at Slow Process Corner)
  Requirement:            5.000ns  (clk_i rise@5.000ns - clk_i rise@0.000ns)
  Data Path Delay:        4.445ns  (logic 1.190ns (26.772%)  route 3.255ns (73.228%))
  Logic Levels:           6  (LUT2=1 LUT4=1 LUT6=4)
  Clock Path Skew:        -0.039ns (DCD - SCD + CPR)
    Destination Clock Delay (DCD):    0.748ns = ( 5.748 - 5.000 ) 
    Source Clock Delay      (SCD):    0.787ns
    Clock Pessimism Removal (CPR):    0.000ns
  Clock Uncertainty:      0.035ns  ((TSJ^2 + TIJ^2)^1/2 + DJ) / 2 + PE
    Total System Jitter     (TSJ):    0.071ns
    Total Input Jitter      (TIJ):    0.000ns
    Discrete Jitter          (DJ):    0.000ns
    Phase Error              (PE):    0.000ns

    Location             Delay type                Incr(ns)  Path(ns)    Netlist Resource(s)
  -------------------------------------------------------------------    -------------------
                         (clock clk_i rise edge)      0.000     0.000 r  
                                                      0.000     0.000 r  clk_i (IN)
                         net (fo=2687, unset)         0.787     0.787    clk_i
                         FDCE                                         r  a_q_reg[4]/C
  -------------------------------------------------------------------    -------------------
                         FDCE (Prop_fdce_C_Q)         0.433     1.220 r  a_q_reg[4]/Q
                         net (fo=38, unplaced)        0.437     1.657    i_vrf/vrf_wd_q_reg[3][63][4]
                         LUT2 (Prop_lut2_I0_O)        0.232     1.889 f  i_vrf/res_q[1]_i_31/O
                         net (fo=2, unplaced)         0.949     2.838    i_vrf/res_q[1]_i_31_n_0
                         LUT6 (Prop_lut6_I1_O)        0.105     2.943 f  i_vrf/res_q[1]_i_20/O
                         net (fo=3, unplaced)         0.365     3.308    i_vrf/a_q_reg[15]
                         LUT6 (Prop_lut6_I4_O)        0.105     3.413 f  i_vrf/res_q[1]_i_11/O
                         net (fo=8, unplaced)         0.385     3.798    i_vrf_n_1246
                         LUT4 (Prop_lut4_I2_O)        0.105     3.903 f  hperm_dst_base_q[5]_i_10/O
                         net (fo=1, unplaced)         0.347     4.250    hperm_dst_base_q[5]_i_10_n_0
                         LUT6 (Prop_lut6_I2_O)        0.105     4.355 r  hperm_dst_base_q[5]_i_3/O
                         net (fo=2, unplaced)         0.358     4.713    hperm_dst_base_q[5]_i_3_n_0
                         LUT6 (Prop_lut6_I0_O)        0.105     4.818 r  hperm_dst_base_q[5]_i_1/O
                         net (fo=12, unplaced)        0.414     5.232    hperm_dst_base_n
                         FDCE                                         r  hperm_src_base_q_reg[0]/CE
  -------------------------------------------------------------------    -------------------

                         (clock clk_i rise edge)      5.000     5.000 r  
                                                      0.000     5.000 r  clk_i (IN)
                         net (fo=2687, unset)         0.748     5.748    clk_i
                         FDCE                                         r  hperm_src_base_q_reg[0]/C
                         clock pessimism              0.000     5.748    
                         clock uncertainty           -0.035     5.712    
                         FDCE (Setup_fdce_C_CE)      -0.136     5.576    hperm_src_base_q_reg[0]
  -------------------------------------------------------------------
                         required time                          5.576    
                         arrival time                          -5.232    
  -------------------------------------------------------------------
                         slack                                  0.344    

Slack (MET) :             0.344ns  (required time - arrival time)
  Source:                 a_q_reg[4]/C
                            (rising edge-triggered cell FDCE clocked by clk_i  {rise@0.000ns fall@2.500ns period=5.000ns})
  Destination:            hperm_src_base_q_reg[1]/CE
                            (rising edge-triggered cell FDCE clocked by clk_i  {rise@0.000ns fall@2.500ns period=5.000ns})
  Path Group:             clk_i
  Path Type:              Setup (Max at Slow Process Corner)
  Requirement:            5.000ns  (clk_i rise@5.000ns - clk_i rise@0.000ns)
  Data Path Delay:        4.445ns  (logic 1.190ns (26.772%)  route 3.255ns (73.228%))
  Logic Levels:           6  (LUT2=1 LUT4=1 LUT6=4)
  Clock Path Skew:        -0.039ns (DCD - SCD + CPR)
    Destination Clock Delay (DCD):    0.748ns = ( 5.748 - 5.000 ) 
    Source Clock Delay      (SCD):    0.787ns
    Clock Pessimism Removal (CPR):    0.000ns
  Clock Uncertainty:      0.035ns  ((TSJ^2 + TIJ^2)^1/2 + DJ) / 2 + PE
    Total System Jitter     (TSJ):    0.071ns
    Total Input Jitter      (TIJ):    0.000ns
    Discrete Jitter          (DJ):    0.000ns
    Phase Error              (PE):    0.000ns

    Location             Delay type                Incr(ns)  Path(ns)    Netlist Resource(s)
  -------------------------------------------------------------------    -------------------
                         (clock clk_i rise edge)      0.000     0.000 r  
                                                      0.000     0.000 r  clk_i (IN)
                         net (fo=2687, unset)         0.787     0.787    clk_i
                         FDCE                                         r  a_q_reg[4]/C
  -------------------------------------------------------------------    -------------------
                         FDCE (Prop_fdce_C_Q)         0.433     1.220 r  a_q_reg[4]/Q
                         net (fo=38, unplaced)        0.437     1.657    i_vrf/vrf_wd_q_reg[3][63][4]
                         LUT2 (Prop_lut2_I0_O)        0.232     1.889 f  i_vrf/res_q[1]_i_31/O
                         net (fo=2, unplaced)         0.949     2.838    i_vrf/res_q[1]_i_31_n_0
                         LUT6 (Prop_lut6_I1_O)        0.105     2.943 f  i_vrf/res_q[1]_i_20/O
                         net (fo=3, unplaced)         0.365     3.308    i_vrf/a_q_reg[15]
                         LUT6 (Prop_lut6_I4_O)        0.105     3.413 f  i_vrf/res_q[1]_i_11/O
                         net (fo=8, unplaced)         0.385     3.798    i_vrf_n_1246
                         LUT4 (Prop_lut4_I2_O)        0.105     3.903 f  hperm_dst_base_q[5]_i_10/O
                         net (fo=1, unplaced)         0.347     4.250    hperm_dst_base_q[5]_i_10_n_0
                         LUT6 (Prop_lut6_I2_O)        0.105     4.355 r  hperm_dst_base_q[5]_i_3/O
                         net (fo=2, unplaced)         0.358     4.713    hperm_dst_base_q[5]_i_3_n_0
                         LUT6 (Prop_lut6_I0_O)        0.105     4.818 r  hperm_dst_base_q[5]_i_1/O
                         net (fo=12, unplaced)        0.414     5.232    hperm_dst_base_n
                         FDCE                                         r  hperm_src_base_q_reg[1]/CE
  -------------------------------------------------------------------    -------------------

                         (clock clk_i rise edge)      5.000     5.000 r  
                                                      0.000     5.000 r  clk_i (IN)
                         net (fo=2687, unset)         0.748     5.748    clk_i
                         FDCE                                         r  hperm_src_base_q_reg[1]/C
                         clock pessimism              0.000     5.748    
                         clock uncertainty           -0.035     5.712    
                         FDCE (Setup_fdce_C_CE)      -0.136     5.576    hperm_src_base_q_reg[1]
  -------------------------------------------------------------------
                         required time                          5.576    
                         arrival time                          -5.232    
  -------------------------------------------------------------------
                         slack                                  0.344    

Slack (MET) :             0.344ns  (required time - arrival time)
  Source:                 a_q_reg[4]/C
                            (rising edge-triggered cell FDCE clocked by clk_i  {rise@0.000ns fall@2.500ns period=5.000ns})
  Destination:            hperm_src_base_q_reg[2]/CE
                            (rising edge-triggered cell FDCE clocked by clk_i  {rise@0.000ns fall@2.500ns period=5.000ns})
  Path Group:             clk_i
  Path Type:              Setup (Max at Slow Process Corner)
  Requirement:            5.000ns  (clk_i rise@5.000ns - clk_i rise@0.000ns)
  Data Path Delay:        4.445ns  (logic 1.190ns (26.772%)  route 3.255ns (73.228%))
  Logic Levels:           6  (LUT2=1 LUT4=1 LUT6=4)
  Clock Path Skew:        -0.039ns (DCD - SCD + CPR)
    Destination Clock Delay (DCD):    0.748ns = ( 5.748 - 5.000 ) 
    Source Clock Delay      (SCD):    0.787ns
    Clock Pessimism Removal (CPR):    0.000ns
  Clock Uncertainty:      0.035ns  ((TSJ^2 + TIJ^2)^1/2 + DJ) / 2 + PE
    Total System Jitter     (TSJ):    0.071ns
    Total Input Jitter      (TIJ):    0.000ns
    Discrete Jitter          (DJ):    0.000ns
    Phase Error              (PE):    0.000ns

    Location             Delay type                Incr(ns)  Path(ns)    Netlist Resource(s)
  -------------------------------------------------------------------    -------------------
                         (clock clk_i rise edge)      0.000     0.000 r  
                                                      0.000     0.000 r  clk_i (IN)
                         net (fo=2687, unset)         0.787     0.787    clk_i
                         FDCE                                         r  a_q_reg[4]/C
  -------------------------------------------------------------------    -------------------
                         FDCE (Prop_fdce_C_Q)         0.433     1.220 r  a_q_reg[4]/Q
                         net (fo=38, unplaced)        0.437     1.657    i_vrf/vrf_wd_q_reg[3][63][4]
                         LUT2 (Prop_lut2_I0_O)        0.232     1.889 f  i_vrf/res_q[1]_i_31/O
                         net (fo=2, unplaced)         0.949     2.838    i_vrf/res_q[1]_i_31_n_0
                         LUT6 (Prop_lut6_I1_O)        0.105     2.943 f  i_vrf/res_q[1]_i_20/O
                         net (fo=3, unplaced)         0.365     3.308    i_vrf/a_q_reg[15]
                         LUT6 (Prop_lut6_I4_O)        0.105     3.413 f  i_vrf/res_q[1]_i_11/O
                         net (fo=8, unplaced)         0.385     3.798    i_vrf_n_1246
                         LUT4 (Prop_lut4_I2_O)        0.105     3.903 f  hperm_dst_base_q[5]_i_10/O
                         net (fo=1, unplaced)         0.347     4.250    hperm_dst_base_q[5]_i_10_n_0
                         LUT6 (Prop_lut6_I2_O)        0.105     4.355 r  hperm_dst_base_q[5]_i_3/O
                         net (fo=2, unplaced)         0.358     4.713    hperm_dst_base_q[5]_i_3_n_0
                         LUT6 (Prop_lut6_I0_O)        0.105     4.818 r  hperm_dst_base_q[5]_i_1/O
                         net (fo=12, unplaced)        0.414     5.232    hperm_dst_base_n
                         FDCE                                         r  hperm_src_base_q_reg[2]/CE
  -------------------------------------------------------------------    -------------------

                         (clock clk_i rise edge)      5.000     5.000 r  
                                                      0.000     5.000 r  clk_i (IN)
                         net (fo=2687, unset)         0.748     5.748    clk_i
                         FDCE                                         r  hperm_src_base_q_reg[2]/C
                         clock pessimism              0.000     5.748    
                         clock uncertainty           -0.035     5.712    
                         FDCE (Setup_fdce_C_CE)      -0.136     5.576    hperm_src_base_q_reg[2]
  -------------------------------------------------------------------
                         required time                          5.576    
                         arrival time                          -5.232    
  -------------------------------------------------------------------
                         slack                                  0.344    

Slack (MET) :             0.344ns  (required time - arrival time)
  Source:                 a_q_reg[4]/C
                            (rising edge-triggered cell FDCE clocked by clk_i  {rise@0.000ns fall@2.500ns period=5.000ns})
  Destination:            hperm_src_base_q_reg[3]/CE
                            (rising edge-triggered cell FDCE clocked by clk_i  {rise@0.000ns fall@2.500ns period=5.000ns})
  Path Group:             clk_i
  Path Type:              Setup (Max at Slow Process Corner)
  Requirement:            5.000ns  (clk_i rise@5.000ns - clk_i rise@0.000ns)
  Data Path Delay:        4.445ns  (logic 1.190ns (26.772%)  route 3.255ns (73.228%))
  Logic Levels:           6  (LUT2=1 LUT4=1 LUT6=4)
  Clock Path Skew:        -0.039ns (DCD - SCD + CPR)
    Destination Clock Delay (DCD):    0.748ns = ( 5.748 - 5.000 ) 
    Source Clock Delay      (SCD):    0.787ns
    Clock Pessimism Removal (CPR):    0.000ns
  Clock Uncertainty:      0.035ns  ((TSJ^2 + TIJ^2)^1/2 + DJ) / 2 + PE
    Total System Jitter     (TSJ):    0.071ns
    Total Input Jitter      (TIJ):    0.000ns
    Discrete Jitter          (DJ):    0.000ns
    Phase Error              (PE):    0.000ns

    Location             Delay type                Incr(ns)  Path(ns)    Netlist Resource(s)
  -------------------------------------------------------------------    -------------------
                         (clock clk_i rise edge)      0.000     0.000 r  
                                                      0.000     0.000 r  clk_i (IN)
                         net (fo=2687, unset)         0.787     0.787    clk_i
                         FDCE                                         r  a_q_reg[4]/C
  -------------------------------------------------------------------    -------------------
                         FDCE (Prop_fdce_C_Q)         0.433     1.220 r  a_q_reg[4]/Q
                         net (fo=38, unplaced)        0.437     1.657    i_vrf/vrf_wd_q_reg[3][63][4]
                         LUT2 (Prop_lut2_I0_O)        0.232     1.889 f  i_vrf/res_q[1]_i_31/O
                         net (fo=2, unplaced)         0.949     2.838    i_vrf/res_q[1]_i_31_n_0
                         LUT6 (Prop_lut6_I1_O)        0.105     2.943 f  i_vrf/res_q[1]_i_20/O
                         net (fo=3, unplaced)         0.365     3.308    i_vrf/a_q_reg[15]
                         LUT6 (Prop_lut6_I4_O)        0.105     3.413 f  i_vrf/res_q[1]_i_11/O
                         net (fo=8, unplaced)         0.385     3.798    i_vrf_n_1246
                         LUT4 (Prop_lut4_I2_O)        0.105     3.903 f  hperm_dst_base_q[5]_i_10/O
                         net (fo=1, unplaced)         0.347     4.250    hperm_dst_base_q[5]_i_10_n_0
                         LUT6 (Prop_lut6_I2_O)        0.105     4.355 r  hperm_dst_base_q[5]_i_3/O
                         net (fo=2, unplaced)         0.358     4.713    hperm_dst_base_q[5]_i_3_n_0
                         LUT6 (Prop_lut6_I0_O)        0.105     4.818 r  hperm_dst_base_q[5]_i_1/O
                         net (fo=12, unplaced)        0.414     5.232    hperm_dst_base_n
                         FDCE                                         r  hperm_src_base_q_reg[3]/CE
  -------------------------------------------------------------------    -------------------

                         (clock clk_i rise edge)      5.000     5.000 r  
                                                      0.000     5.000 r  clk_i (IN)
                         net (fo=2687, unset)         0.748     5.748    clk_i
                         FDCE                                         r  hperm_src_base_q_reg[3]/C
                         clock pessimism              0.000     5.748    
                         clock uncertainty           -0.035     5.712    
                         FDCE (Setup_fdce_C_CE)      -0.136     5.576    hperm_src_base_q_reg[3]
  -------------------------------------------------------------------
                         required time                          5.576    
                         arrival time                          -5.232    
  -------------------------------------------------------------------
                         slack                                  0.344    

Slack (MET) :             0.344ns  (required time - arrival time)
  Source:                 a_q_reg[4]/C
                            (rising edge-triggered cell FDCE clocked by clk_i  {rise@0.000ns fall@2.500ns period=5.000ns})
  Destination:            hperm_src_base_q_reg[4]/CE
                            (rising edge-triggered cell FDCE clocked by clk_i  {rise@0.000ns fall@2.500ns period=5.000ns})
  Path Group:             clk_i
  Path Type:              Setup (Max at Slow Process Corner)
  Requirement:            5.000ns  (clk_i rise@5.000ns - clk_i rise@0.000ns)
  Data Path Delay:        4.445ns  (logic 1.190ns (26.772%)  route 3.255ns (73.228%))
  Logic Levels:           6  (LUT2=1 LUT4=1 LUT6=4)
  Clock Path Skew:        -0.039ns (DCD - SCD + CPR)
    Destination Clock Delay (DCD):    0.748ns = ( 5.748 - 5.000 ) 
    Source Clock Delay      (SCD):    0.787ns
    Clock Pessimism Removal (CPR):    0.000ns
  Clock Uncertainty:      0.035ns  ((TSJ^2 + TIJ^2)^1/2 + DJ) / 2 + PE
    Total System Jitter     (TSJ):    0.071ns
    Total Input Jitter      (TIJ):    0.000ns
    Discrete Jitter          (DJ):    0.000ns
    Phase Error              (PE):    0.000ns

    Location             Delay type                Incr(ns)  Path(ns)    Netlist Resource(s)
  -------------------------------------------------------------------    -------------------
                         (clock clk_i rise edge)      0.000     0.000 r  
                                                      0.000     0.000 r  clk_i (IN)
                         net (fo=2687, unset)         0.787     0.787    clk_i
                         FDCE                                         r  a_q_reg[4]/C
  -------------------------------------------------------------------    -------------------
                         FDCE (Prop_fdce_C_Q)         0.433     1.220 r  a_q_reg[4]/Q
                         net (fo=38, unplaced)        0.437     1.657    i_vrf/vrf_wd_q_reg[3][63][4]
                         LUT2 (Prop_lut2_I0_O)        0.232     1.889 f  i_vrf/res_q[1]_i_31/O
                         net (fo=2, unplaced)         0.949     2.838    i_vrf/res_q[1]_i_31_n_0
                         LUT6 (Prop_lut6_I1_O)        0.105     2.943 f  i_vrf/res_q[1]_i_20/O
                         net (fo=3, unplaced)         0.365     3.308    i_vrf/a_q_reg[15]
                         LUT6 (Prop_lut6_I4_O)        0.105     3.413 f  i_vrf/res_q[1]_i_11/O
                         net (fo=8, unplaced)         0.385     3.798    i_vrf_n_1246
                         LUT4 (Prop_lut4_I2_O)        0.105     3.903 f  hperm_dst_base_q[5]_i_10/O
                         net (fo=1, unplaced)         0.347     4.250    hperm_dst_base_q[5]_i_10_n_0
                         LUT6 (Prop_lut6_I2_O)        0.105     4.355 r  hperm_dst_base_q[5]_i_3/O
                         net (fo=2, unplaced)         0.358     4.713    hperm_dst_base_q[5]_i_3_n_0
                         LUT6 (Prop_lut6_I0_O)        0.105     4.818 r  hperm_dst_base_q[5]_i_1/O
                         net (fo=12, unplaced)        0.414     5.232    hperm_dst_base_n
                         FDCE                                         r  hperm_src_base_q_reg[4]/CE
  -------------------------------------------------------------------    -------------------

                         (clock clk_i rise edge)      5.000     5.000 r  
                                                      0.000     5.000 r  clk_i (IN)
                         net (fo=2687, unset)         0.748     5.748    clk_i
                         FDCE                                         r  hperm_src_base_q_reg[4]/C
                         clock pessimism              0.000     5.748    
                         clock uncertainty           -0.035     5.712    
                         FDCE (Setup_fdce_C_CE)      -0.136     5.576    hperm_src_base_q_reg[4]
  -------------------------------------------------------------------
                         required time                          5.576    
                         arrival time                          -5.232    
  -------------------------------------------------------------------
                         slack                                  0.344    

Slack (MET) :             0.344ns  (required time - arrival time)
  Source:                 a_q_reg[4]/C
                            (rising edge-triggered cell FDCE clocked by clk_i  {rise@0.000ns fall@2.500ns period=5.000ns})
  Destination:            hperm_src_base_q_reg[5]/CE
                            (rising edge-triggered cell FDCE clocked by clk_i  {rise@0.000ns fall@2.500ns period=5.000ns})
  Path Group:             clk_i
  Path Type:              Setup (Max at Slow Process Corner)
  Requirement:            5.000ns  (clk_i rise@5.000ns - clk_i rise@0.000ns)
  Data Path Delay:        4.445ns  (logic 1.190ns (26.772%)  route 3.255ns (73.228%))
  Logic Levels:           6  (LUT2=1 LUT4=1 LUT6=4)
  Clock Path Skew:        -0.039ns (DCD - SCD + CPR)
    Destination Clock Delay (DCD):    0.748ns = ( 5.748 - 5.000 ) 
    Source Clock Delay      (SCD):    0.787ns
    Clock Pessimism Removal (CPR):    0.000ns
  Clock Uncertainty:      0.035ns  ((TSJ^2 + TIJ^2)^1/2 + DJ) / 2 + PE
    Total System Jitter     (TSJ):    0.071ns
    Total Input Jitter      (TIJ):    0.000ns
    Discrete Jitter          (DJ):    0.000ns
    Phase Error              (PE):    0.000ns

    Location             Delay type                Incr(ns)  Path(ns)    Netlist Resource(s)
  -------------------------------------------------------------------    -------------------
                         (clock clk_i rise edge)      0.000     0.000 r  
                                                      0.000     0.000 r  clk_i (IN)
                         net (fo=2687, unset)         0.787     0.787    clk_i
                         FDCE                                         r  a_q_reg[4]/C
  -------------------------------------------------------------------    -------------------
                         FDCE (Prop_fdce_C_Q)         0.433     1.220 r  a_q_reg[4]/Q
                         net (fo=38, unplaced)        0.437     1.657    i_vrf/vrf_wd_q_reg[3][63][4]
                         LUT2 (Prop_lut2_I0_O)        0.232     1.889 f  i_vrf/res_q[1]_i_31/O
                         net (fo=2, unplaced)         0.949     2.838    i_vrf/res_q[1]_i_31_n_0
                         LUT6 (Prop_lut6_I1_O)        0.105     2.943 f  i_vrf/res_q[1]_i_20/O
                         net (fo=3, unplaced)         0.365     3.308    i_vrf/a_q_reg[15]
                         LUT6 (Prop_lut6_I4_O)        0.105     3.413 f  i_vrf/res_q[1]_i_11/O
                         net (fo=8, unplaced)         0.385     3.798    i_vrf_n_1246
                         LUT4 (Prop_lut4_I2_O)        0.105     3.903 f  hperm_dst_base_q[5]_i_10/O
                         net (fo=1, unplaced)         0.347     4.250    hperm_dst_base_q[5]_i_10_n_0
                         LUT6 (Prop_lut6_I2_O)        0.105     4.355 r  hperm_dst_base_q[5]_i_3/O
                         net (fo=2, unplaced)         0.358     4.713    hperm_dst_base_q[5]_i_3_n_0
                         LUT6 (Prop_lut6_I0_O)        0.105     4.818 r  hperm_dst_base_q[5]_i_1/O
                         net (fo=12, unplaced)        0.414     5.232    hperm_dst_base_n
                         FDCE                                         r  hperm_src_base_q_reg[5]/CE
  -------------------------------------------------------------------    -------------------

                         (clock clk_i rise edge)      5.000     5.000 r  
                                                      0.000     5.000 r  clk_i (IN)
                         net (fo=2687, unset)         0.748     5.748    clk_i
                         FDCE                                         r  hperm_src_base_q_reg[5]/C
                         clock pessimism              0.000     5.748    
                         clock uncertainty           -0.035     5.712    
                         FDCE (Setup_fdce_C_CE)      -0.136     5.576    hperm_src_base_q_reg[5]
  -------------------------------------------------------------------
                         required time                          5.576    
                         arrival time                          -5.232    
  -------------------------------------------------------------------
                         slack                                  0.344    

Slack (MET) :             0.426ns  (required time - arrival time)
  Source:                 gen_lane[0].i_p2_pop_slice/popcount_part_q_o_reg[0][0]/C
                            (rising edge-triggered cell FDCE clocked by clk_i  {rise@0.000ns fall@2.500ns period=5.000ns})
  Destination:            group_dist_q_reg[7]/D
                            (rising edge-triggered cell FDCE clocked by clk_i  {rise@0.000ns fall@2.500ns period=5.000ns})
  Path Group:             clk_i
  Path Type:              Setup (Max at Slow Process Corner)
  Requirement:            5.000ns  (clk_i rise@5.000ns - clk_i rise@0.000ns)
  Data Path Delay:        4.600ns  (logic 2.146ns (46.652%)  route 2.454ns (53.348%))
  Logic Levels:           6  (CARRY4=3 LUT3=2 LUT5=1)
  Clock Path Skew:        -0.039ns (DCD - SCD + CPR)
    Destination Clock Delay (DCD):    0.748ns = ( 5.748 - 5.000 ) 
    Source Clock Delay      (SCD):    0.787ns
    Clock Pessimism Removal (CPR):    0.000ns
  Clock Uncertainty:      0.035ns  ((TSJ^2 + TIJ^2)^1/2 + DJ) / 2 + PE
    Total System Jitter     (TSJ):    0.071ns
    Total Input Jitter      (TIJ):    0.000ns
    Discrete Jitter          (DJ):    0.000ns
    Phase Error              (PE):    0.000ns

    Location             Delay type                Incr(ns)  Path(ns)    Netlist Resource(s)
  -------------------------------------------------------------------    -------------------
                         (clock clk_i rise edge)      0.000     0.000 r  
                                                      0.000     0.000 r  clk_i (IN)
                         net (fo=2687, unset)         0.787     0.787    gen_lane[0].i_p2_pop_slice/clk_i
                         FDCE                                         r  gen_lane[0].i_p2_pop_slice/popcount_part_q_o_reg[0][0]/C
  -------------------------------------------------------------------    -------------------
                         FDCE (Prop_fdce_C_Q)         0.433     1.220 r  gen_lane[0].i_p2_pop_slice/popcount_part_q_o_reg[0][0]/Q
                         net (fo=4, unplaced)         0.623     1.843    gen_lane[3].i_p2_pop_slice/popcount_part_q_o[0][0]
                         LUT3 (Prop_lut3_I0_O)        0.232     2.075 r  gen_lane[3].i_p2_pop_slice/group_dist_q[7]_i_25/O
                         net (fo=1, unplaced)         0.537     2.612    gen_lane[3].i_p2_pop_slice/group_dist_q[7]_i_25_n_0
                         CARRY4 (Prop_carry4_DI[1]_CO[3])
                                                      0.430     3.042 r  gen_lane[3].i_p2_pop_slice/group_dist_q_reg[7]_i_13/CO[3]
                         net (fo=1, unplaced)         0.008     3.050    gen_lane[3].i_p2_pop_slice/group_dist_q_reg[7]_i_13_n_0
                         CARRY4 (Prop_carry4_CI_O[0])
                                                      0.189     3.239 r  gen_lane[3].i_p2_pop_slice/group_dist_q_reg[8]_i_5/O[0]
                         net (fo=3, unplaced)         0.380     3.619    gen_lane[3].i_p2_pop_slice/popcount_part_q_o_reg[0][4]_0[0]
                         LUT3 (Prop_lut3_I0_O)        0.238     3.857 r  gen_lane[3].i_p2_pop_slice/group_dist_q[7]_i_11/O
                         net (fo=2, unplaced)         0.358     4.215    gen_lane[3].i_p2_pop_slice/group_dist_q[7]_i_11_n_0
                         LUT5 (Prop_lut5_I1_O)        0.105     4.320 r  gen_lane[3].i_p2_pop_slice/group_dist_q[7]_i_4/O
                         net (fo=2, unplaced)         0.548     4.868    gen_lane[3].i_p2_pop_slice/group_dist_q[7]_i_4_n_0
                         CARRY4 (Prop_carry4_DI[1]_O[3])
                                                      0.519     5.387 r  gen_lane[3].i_p2_pop_slice/group_dist_q_reg[7]_i_1/O[3]
                         net (fo=1, unplaced)         0.000     5.387    group_dist_sum[7]
                         FDCE                                         r  group_dist_q_reg[7]/D
  -------------------------------------------------------------------    -------------------

                         (clock clk_i rise edge)      5.000     5.000 r  
                                                      0.000     5.000 r  clk_i (IN)
                         net (fo=2687, unset)         0.748     5.748    clk_i
                         FDCE                                         r  group_dist_q_reg[7]/C
                         clock pessimism              0.000     5.748    
                         clock uncertainty           -0.035     5.712    
                         FDCE (Setup_fdce_C_D)        0.101     5.813    group_dist_q_reg[7]
  -------------------------------------------------------------------
                         required time                          5.813    
                         arrival time                          -5.387    
  -------------------------------------------------------------------
                         slack                                  0.426    

Slack (MET) :             0.479ns  (required time - arrival time)
  Source:                 gen_lane[0].i_p2_pop_slice/popcount_part_q_o_reg[0][0]/C
                            (rising edge-triggered cell FDCE clocked by clk_i  {rise@0.000ns fall@2.500ns period=5.000ns})
  Destination:            group_dist_q_reg[6]/D
                            (rising edge-triggered cell FDCE clocked by clk_i  {rise@0.000ns fall@2.500ns period=5.000ns})
  Path Group:             clk_i
  Path Type:              Setup (Max at Slow Process Corner)
  Requirement:            5.000ns  (clk_i rise@5.000ns - clk_i rise@0.000ns)
  Data Path Delay:        4.547ns  (logic 2.093ns (46.030%)  route 2.454ns (53.970%))
  Logic Levels:           6  (CARRY4=3 LUT3=2 LUT5=1)
  Clock Path Skew:        -0.039ns (DCD - SCD + CPR)
    Destination Clock Delay (DCD):    0.748ns = ( 5.748 - 5.000 ) 
    Source Clock Delay      (SCD):    0.787ns
    Clock Pessimism Removal (CPR):    0.000ns
  Clock Uncertainty:      0.035ns  ((TSJ^2 + TIJ^2)^1/2 + DJ) / 2 + PE
    Total System Jitter     (TSJ):    0.071ns
    Total Input Jitter      (TIJ):    0.000ns
    Discrete Jitter          (DJ):    0.000ns
    Phase Error              (PE):    0.000ns

    Location             Delay type                Incr(ns)  Path(ns)    Netlist Resource(s)
  -------------------------------------------------------------------    -------------------
                         (clock clk_i rise edge)      0.000     0.000 r  
                                                      0.000     0.000 r  clk_i (IN)
                         net (fo=2687, unset)         0.787     0.787    gen_lane[0].i_p2_pop_slice/clk_i
                         FDCE                                         r  gen_lane[0].i_p2_pop_slice/popcount_part_q_o_reg[0][0]/C
  -------------------------------------------------------------------    -------------------
                         FDCE (Prop_fdce_C_Q)         0.433     1.220 r  gen_lane[0].i_p2_pop_slice/popcount_part_q_o_reg[0][0]/Q
                         net (fo=4, unplaced)         0.623     1.843    gen_lane[3].i_p2_pop_slice/popcount_part_q_o[0][0]
                         LUT3 (Prop_lut3_I0_O)        0.232     2.075 r  gen_lane[3].i_p2_pop_slice/group_dist_q[7]_i_25/O
                         net (fo=1, unplaced)         0.537     2.612    gen_lane[3].i_p2_pop_slice/group_dist_q[7]_i_25_n_0
                         CARRY4 (Prop_carry4_DI[1]_CO[3])
                                                      0.430     3.042 r  gen_lane[3].i_p2_pop_slice/group_dist_q_reg[7]_i_13/CO[3]
                         net (fo=1, unplaced)         0.008     3.050    gen_lane[3].i_p2_pop_slice/group_dist_q_reg[7]_i_13_n_0
                         CARRY4 (Prop_carry4_CI_O[0])
                                                      0.189     3.239 r  gen_lane[3].i_p2_pop_slice/group_dist_q_reg[8]_i_5/O[0]
                         net (fo=3, unplaced)         0.380     3.619    gen_lane[3].i_p2_pop_slice/popcount_part_q_o_reg[0][4]_0[0]
                         LUT3 (Prop_lut3_I0_O)        0.238     3.857 r  gen_lane[3].i_p2_pop_slice/group_dist_q[7]_i_11/O
                         net (fo=2, unplaced)         0.358     4.215    gen_lane[3].i_p2_pop_slice/group_dist_q[7]_i_11_n_0
                         LUT5 (Prop_lut5_I1_O)        0.105     4.320 r  gen_lane[3].i_p2_pop_slice/group_dist_q[7]_i_4/O
                         net (fo=2, unplaced)         0.548     4.868    gen_lane[3].i_p2_pop_slice/group_dist_q[7]_i_4_n_0
                         CARRY4 (Prop_carry4_DI[1]_O[2])
                                                      0.466     5.334 r  gen_lane[3].i_p2_pop_slice/group_dist_q_reg[7]_i_1/O[2]
                         net (fo=1, unplaced)         0.000     5.334    group_dist_sum[6]
                         FDCE                                         r  group_dist_q_reg[6]/D
  -------------------------------------------------------------------    -------------------

                         (clock clk_i rise edge)      5.000     5.000 r  
                                                      0.000     5.000 r  clk_i (IN)
                         net (fo=2687, unset)         0.748     5.748    clk_i
                         FDCE                                         r  group_dist_q_reg[6]/C
                         clock pessimism              0.000     5.748    
                         clock uncertainty           -0.035     5.712    
                         FDCE (Setup_fdce_C_D)        0.101     5.813    group_dist_q_reg[6]
  -------------------------------------------------------------------
                         required time                          5.813    
                         arrival time                          -5.334    
  -------------------------------------------------------------------
                         slack                                  0.479    

Slack (MET) :             0.496ns  (required time - arrival time)
  Source:                 ecc_pmul_step_q_reg[4]/C
                            (rising edge-triggered cell FDCE clocked by clk_i  {rise@0.000ns fall@2.500ns period=5.000ns})
  Destination:            vrf_ra_q_reg[1][1]/D
                            (rising edge-triggered cell FDCE clocked by clk_i  {rise@0.000ns fall@2.500ns period=5.000ns})
  Path Group:             clk_i
  Path Type:              Setup (Max at Slow Process Corner)
  Requirement:            5.000ns  (clk_i rise@5.000ns - clk_i rise@0.000ns)
  Data Path Delay:        4.501ns  (logic 1.190ns (26.439%)  route 3.311ns (73.561%))
  Logic Levels:           6  (LUT5=1 LUT6=5)
  Clock Path Skew:        -0.039ns (DCD - SCD + CPR)
    Destination Clock Delay (DCD):    0.748ns = ( 5.748 - 5.000 ) 
    Source Clock Delay      (SCD):    0.787ns
    Clock Pessimism Removal (CPR):    0.000ns
  Clock Uncertainty:      0.035ns  ((TSJ^2 + TIJ^2)^1/2 + DJ) / 2 + PE
    Total System Jitter     (TSJ):    0.071ns
    Total Input Jitter      (TIJ):    0.000ns
    Discrete Jitter          (DJ):    0.000ns
    Phase Error              (PE):    0.000ns

    Location             Delay type                Incr(ns)  Path(ns)    Netlist Resource(s)
  -------------------------------------------------------------------    -------------------
                         (clock clk_i rise edge)      0.000     0.000 r  
                                                      0.000     0.000 r  clk_i (IN)
                         net (fo=2687, unset)         0.787     0.787    clk_i
                         FDCE                                         r  ecc_pmul_step_q_reg[4]/C
  -------------------------------------------------------------------    -------------------
                         FDCE (Prop_fdce_C_Q)         0.433     1.220 r  ecc_pmul_step_q_reg[4]/Q
                         net (fo=61, unplaced)        0.866     2.086    step[4]
                         LUT6 (Prop_lut6_I0_O)        0.232     2.318 r  vrf_ra_q[3][1]_i_25/O
                         net (fo=1, unplaced)         0.582     2.900    vrf_ra_q[3][1]_i_25_n_0
                         LUT6 (Prop_lut6_I0_O)        0.105     3.005 f  vrf_ra_q[3][1]_i_20/O
                         net (fo=1, unplaced)         0.582     3.587    vrf_ra_q[3][1]_i_20_n_0
                         LUT6 (Prop_lut6_I0_O)        0.105     3.692 f  vrf_ra_q[3][1]_i_17/O
                         net (fo=1, unplaced)         0.328     4.020    vrf_ra_q[3][1]_i_17_n_0
                         LUT6 (Prop_lut6_I0_O)        0.105     4.125 f  vrf_ra_q[3][1]_i_9/O
                         net (fo=1, unplaced)         0.347     4.472    vrf_ra_q[3][1]_i_9_n_0
                         LUT5 (Prop_lut5_I3_O)        0.105     4.577 r  vrf_ra_q[3][1]_i_3/O
                         net (fo=4, unplaced)         0.606     5.183    vrf_ra_q[3][1]_i_3_n_0
                         LUT6 (Prop_lut6_I1_O)        0.105     5.288 r  vrf_ra_q[1][1]_i_1/O
                         net (fo=1, unplaced)         0.000     5.288    vrf_ra_q[1][1]_i_1_n_0
                         FDCE                                         r  vrf_ra_q_reg[1][1]/D
  -------------------------------------------------------------------    -------------------

                         (clock clk_i rise edge)      5.000     5.000 r  
                                                      0.000     5.000 r  clk_i (IN)
                         net (fo=2687, unset)         0.748     5.748    clk_i
                         FDCE                                         r  vrf_ra_q_reg[1][1]/C
                         clock pessimism              0.000     5.748    
                         clock uncertainty           -0.035     5.712    
                         FDCE (Setup_fdce_C_D)        0.072     5.784    vrf_ra_q_reg[1][1]
  -------------------------------------------------------------------
                         required time                          5.784    
                         arrival time                          -5.288    
  -------------------------------------------------------------------
                         slack                                  0.496    

Slack (MET) :             0.496ns  (required time - arrival time)
  Source:                 ecc_pmul_step_q_reg[4]/C
                            (rising edge-triggered cell FDCE clocked by clk_i  {rise@0.000ns fall@2.500ns period=5.000ns})
  Destination:            vrf_ra_q_reg[2][1]/D
                            (rising edge-triggered cell FDCE clocked by clk_i  {rise@0.000ns fall@2.500ns period=5.000ns})
  Path Group:             clk_i
  Path Type:              Setup (Max at Slow Process Corner)
  Requirement:            5.000ns  (clk_i rise@5.000ns - clk_i rise@0.000ns)
  Data Path Delay:        4.501ns  (logic 1.190ns (26.439%)  route 3.311ns (73.561%))
  Logic Levels:           6  (LUT5=1 LUT6=5)
  Clock Path Skew:        -0.039ns (DCD - SCD + CPR)
    Destination Clock Delay (DCD):    0.748ns = ( 5.748 - 5.000 ) 
    Source Clock Delay      (SCD):    0.787ns
    Clock Pessimism Removal (CPR):    0.000ns
  Clock Uncertainty:      0.035ns  ((TSJ^2 + TIJ^2)^1/2 + DJ) / 2 + PE
    Total System Jitter     (TSJ):    0.071ns
    Total Input Jitter      (TIJ):    0.000ns
    Discrete Jitter          (DJ):    0.000ns
    Phase Error              (PE):    0.000ns

    Location             Delay type                Incr(ns)  Path(ns)    Netlist Resource(s)
  -------------------------------------------------------------------    -------------------
                         (clock clk_i rise edge)      0.000     0.000 r  
                                                      0.000     0.000 r  clk_i (IN)
                         net (fo=2687, unset)         0.787     0.787    clk_i
                         FDCE                                         r  ecc_pmul_step_q_reg[4]/C
  -------------------------------------------------------------------    -------------------
                         FDCE (Prop_fdce_C_Q)         0.433     1.220 r  ecc_pmul_step_q_reg[4]/Q
                         net (fo=61, unplaced)        0.866     2.086    step[4]
                         LUT6 (Prop_lut6_I0_O)        0.232     2.318 r  vrf_ra_q[3][1]_i_25/O
                         net (fo=1, unplaced)         0.582     2.900    vrf_ra_q[3][1]_i_25_n_0
                         LUT6 (Prop_lut6_I0_O)        0.105     3.005 f  vrf_ra_q[3][1]_i_20/O
                         net (fo=1, unplaced)         0.582     3.587    vrf_ra_q[3][1]_i_20_n_0
                         LUT6 (Prop_lut6_I0_O)        0.105     3.692 f  vrf_ra_q[3][1]_i_17/O
                         net (fo=1, unplaced)         0.328     4.020    vrf_ra_q[3][1]_i_17_n_0
                         LUT6 (Prop_lut6_I0_O)        0.105     4.125 f  vrf_ra_q[3][1]_i_9/O
                         net (fo=1, unplaced)         0.347     4.472    vrf_ra_q[3][1]_i_9_n_0
                         LUT5 (Prop_lut5_I3_O)        0.105     4.577 r  vrf_ra_q[3][1]_i_3/O
                         net (fo=4, unplaced)         0.606     5.183    vrf_ra_q[3][1]_i_3_n_0
                         LUT6 (Prop_lut6_I1_O)        0.105     5.288 r  vrf_ra_q[2][1]_i_1/O
                         net (fo=1, unplaced)         0.000     5.288    vrf_ra_q[2][1]_i_1_n_0
                         FDCE                                         r  vrf_ra_q_reg[2][1]/D
  -------------------------------------------------------------------    -------------------

                         (clock clk_i rise edge)      5.000     5.000 r  
                                                      0.000     5.000 r  clk_i (IN)
                         net (fo=2687, unset)         0.748     5.748    clk_i
                         FDCE                                         r  vrf_ra_q_reg[2][1]/C
                         clock pessimism              0.000     5.748    
                         clock uncertainty           -0.035     5.712    
                         FDCE (Setup_fdce_C_D)        0.072     5.784    vrf_ra_q_reg[2][1]
  -------------------------------------------------------------------
                         required time                          5.784    
                         arrival time                          -5.288    
  -------------------------------------------------------------------
                         slack                                  0.496    

Slack (MET) :             0.496ns  (required time - arrival time)
  Source:                 ecc_pmul_step_q_reg[4]/C
                            (rising edge-triggered cell FDCE clocked by clk_i  {rise@0.000ns fall@2.500ns period=5.000ns})
  Destination:            vrf_ra_q_reg[3][1]/D
                            (rising edge-triggered cell FDCE clocked by clk_i  {rise@0.000ns fall@2.500ns period=5.000ns})
  Path Group:             clk_i
  Path Type:              Setup (Max at Slow Process Corner)
  Requirement:            5.000ns  (clk_i rise@5.000ns - clk_i rise@0.000ns)
  Data Path Delay:        4.501ns  (logic 1.190ns (26.439%)  route 3.311ns (73.561%))
  Logic Levels:           6  (LUT5=1 LUT6=5)
  Clock Path Skew:        -0.039ns (DCD - SCD + CPR)
    Destination Clock Delay (DCD):    0.748ns = ( 5.748 - 5.000 ) 
    Source Clock Delay      (SCD):    0.787ns
    Clock Pessimism Removal (CPR):    0.000ns
  Clock Uncertainty:      0.035ns  ((TSJ^2 + TIJ^2)^1/2 + DJ) / 2 + PE
    Total System Jitter     (TSJ):    0.071ns
    Total Input Jitter      (TIJ):    0.000ns
    Discrete Jitter          (DJ):    0.000ns
    Phase Error              (PE):    0.000ns

    Location             Delay type                Incr(ns)  Path(ns)    Netlist Resource(s)
  -------------------------------------------------------------------    -------------------
                         (clock clk_i rise edge)      0.000     0.000 r  
                                                      0.000     0.000 r  clk_i (IN)
                         net (fo=2687, unset)         0.787     0.787    clk_i
                         FDCE                                         r  ecc_pmul_step_q_reg[4]/C
  -------------------------------------------------------------------    -------------------
                         FDCE (Prop_fdce_C_Q)         0.433     1.220 r  ecc_pmul_step_q_reg[4]/Q
                         net (fo=61, unplaced)        0.866     2.086    step[4]
                         LUT6 (Prop_lut6_I0_O)        0.232     2.318 r  vrf_ra_q[3][1]_i_25/O
                         net (fo=1, unplaced)         0.582     2.900    vrf_ra_q[3][1]_i_25_n_0
                         LUT6 (Prop_lut6_I0_O)        0.105     3.005 f  vrf_ra_q[3][1]_i_20/O
                         net (fo=1, unplaced)         0.582     3.587    vrf_ra_q[3][1]_i_20_n_0
                         LUT6 (Prop_lut6_I0_O)        0.105     3.692 f  vrf_ra_q[3][1]_i_17/O
                         net (fo=1, unplaced)         0.328     4.020    vrf_ra_q[3][1]_i_17_n_0
                         LUT6 (Prop_lut6_I0_O)        0.105     4.125 f  vrf_ra_q[3][1]_i_9/O
                         net (fo=1, unplaced)         0.347     4.472    vrf_ra_q[3][1]_i_9_n_0
                         LUT5 (Prop_lut5_I3_O)        0.105     4.577 r  vrf_ra_q[3][1]_i_3/O
                         net (fo=4, unplaced)         0.606     5.183    vrf_ra_q[3][1]_i_3_n_0
                         LUT6 (Prop_lut6_I1_O)        0.105     5.288 r  vrf_ra_q[3][1]_i_1/O
                         net (fo=1, unplaced)         0.000     5.288    vrf_ra_q[3][1]_i_1_n_0
                         FDCE                                         r  vrf_ra_q_reg[3][1]/D
  -------------------------------------------------------------------    -------------------

                         (clock clk_i rise edge)      5.000     5.000 r  
                                                      0.000     5.000 r  clk_i (IN)
                         net (fo=2687, unset)         0.748     5.748    clk_i
                         FDCE                                         r  vrf_ra_q_reg[3][1]/C
                         clock pessimism              0.000     5.748    
                         clock uncertainty           -0.035     5.712    
                         FDCE (Setup_fdce_C_D)        0.072     5.784    vrf_ra_q_reg[3][1]
  -------------------------------------------------------------------
                         required time                          5.784    
                         arrival time                          -5.288    
  -------------------------------------------------------------------
                         slack                                  0.496    

Slack (MET) :             0.497ns  (required time - arrival time)
  Source:                 a_q_reg[4]/C
                            (rising edge-triggered cell FDCE clocked by clk_i  {rise@0.000ns fall@2.500ns period=5.000ns})
  Destination:            st_q_reg[2]/D
                            (rising edge-triggered cell FDCE clocked by clk_i  {rise@0.000ns fall@2.500ns period=5.000ns})
  Path Group:             clk_i
  Path Type:              Setup (Max at Slow Process Corner)
  Requirement:            5.000ns  (clk_i rise@5.000ns - clk_i rise@0.000ns)
  Data Path Delay:        4.500ns  (logic 1.938ns (43.067%)  route 2.562ns (56.933%))
  Logic Levels:           7  (CARRY4=2 LUT4=1 LUT6=4)
  Clock Path Skew:        -0.039ns (DCD - SCD + CPR)
    Destination Clock Delay (DCD):    0.748ns = ( 5.748 - 5.000 ) 
    Source Clock Delay      (SCD):    0.787ns
    Clock Pessimism Removal (CPR):    0.000ns
  Clock Uncertainty:      0.035ns  ((TSJ^2 + TIJ^2)^1/2 + DJ) / 2 + PE
    Total System Jitter     (TSJ):    0.071ns
    Total Input Jitter      (TIJ):    0.000ns
    Discrete Jitter          (DJ):    0.000ns
    Phase Error              (PE):    0.000ns

    Location             Delay type                Incr(ns)  Path(ns)    Netlist Resource(s)
  -------------------------------------------------------------------    -------------------
                         (clock clk_i rise edge)      0.000     0.000 r  
                                                      0.000     0.000 r  clk_i (IN)
                         net (fo=2687, unset)         0.787     0.787    clk_i
                         FDCE                                         r  a_q_reg[4]/C
  -------------------------------------------------------------------    -------------------
                         FDCE (Prop_fdce_C_Q)         0.433     1.220 r  a_q_reg[4]/Q
                         net (fo=38, unplaced)        0.674     1.894    i_vrf/vrf_wd_q_reg[3][63][4]
                         LUT4 (Prop_lut4_I1_O)        0.232     2.126 r  i_vrf/res_q[1]_i_48/O
                         net (fo=1, unplaced)         0.000     2.126    i_vrf/res_q[1]_i_48_n_0
                         CARRY4 (Prop_carry4_S[1]_CO[3])
                                                      0.444     2.570 r  i_vrf/res_q_reg[1]_i_26/CO[3]
                         net (fo=1, unplaced)         0.008     2.578    i_vrf/res_q_reg[1]_i_26_n_0
                         CARRY4 (Prop_carry4_CI_O[1])
                                                      0.269     2.847 r  i_vrf/res_q_reg[1]_i_25/O[1]
                         net (fo=1, unplaced)         0.803     3.650    i_vrf/res_q_reg[1]_i_25_n_6
                         LUT6 (Prop_lut6_I0_O)        0.245     3.895 r  i_vrf/res_q[1]_i_17/O
                         net (fo=3, unplaced)         0.365     4.260    i_vrf_n_1253
                         LUT6 (Prop_lut6_I1_O)        0.105     4.365 f  st_q[2]_i_9/O
                         net (fo=1, unplaced)         0.347     4.712    st_q[2]_i_9_n_0
                         LUT6 (Prop_lut6_I4_O)        0.105     4.817 f  st_q[2]_i_2/O
                         net (fo=3, unplaced)         0.365     5.182    st_q[2]_i_2_n_0
                         LUT6 (Prop_lut6_I0_O)        0.105     5.287 r  st_q[2]_i_1/O
                         net (fo=1, unplaced)         0.000     5.287    st_q[2]_i_1_n_0
                         FDCE                                         r  st_q_reg[2]/D
  -------------------------------------------------------------------    -------------------

                         (clock clk_i rise edge)      5.000     5.000 r  
                                                      0.000     5.000 r  clk_i (IN)
                         net (fo=2687, unset)         0.748     5.748    clk_i
                         FDCE                                         r  st_q_reg[2]/C
                         clock pessimism              0.000     5.748    
                         clock uncertainty           -0.035     5.712    
                         FDCE (Setup_fdce_C_D)        0.072     5.784    st_q_reg[2]
  -------------------------------------------------------------------
                         required time                          5.784    
                         arrival time                          -5.287    
  -------------------------------------------------------------------
                         slack                                  0.497    

Slack (MET) :             0.497ns  (required time - arrival time)
  Source:                 a_q_reg[4]/C
                            (rising edge-triggered cell FDCE clocked by clk_i  {rise@0.000ns fall@2.500ns period=5.000ns})
  Destination:            st_q_reg[2]_rep/D
                            (rising edge-triggered cell FDCE clocked by clk_i  {rise@0.000ns fall@2.500ns period=5.000ns})
  Path Group:             clk_i
  Path Type:              Setup (Max at Slow Process Corner)
  Requirement:            5.000ns  (clk_i rise@5.000ns - clk_i rise@0.000ns)
  Data Path Delay:        4.500ns  (logic 1.938ns (43.067%)  route 2.562ns (56.933%))
  Logic Levels:           7  (CARRY4=2 LUT4=1 LUT6=4)
  Clock Path Skew:        -0.039ns (DCD - SCD + CPR)
    Destination Clock Delay (DCD):    0.748ns = ( 5.748 - 5.000 ) 
    Source Clock Delay      (SCD):    0.787ns
    Clock Pessimism Removal (CPR):    0.000ns
  Clock Uncertainty:      0.035ns  ((TSJ^2 + TIJ^2)^1/2 + DJ) / 2 + PE
    Total System Jitter     (TSJ):    0.071ns
    Total Input Jitter      (TIJ):    0.000ns
    Discrete Jitter          (DJ):    0.000ns
    Phase Error              (PE):    0.000ns

    Location             Delay type                Incr(ns)  Path(ns)    Netlist Resource(s)
  -------------------------------------------------------------------    -------------------
                         (clock clk_i rise edge)      0.000     0.000 r  
                                                      0.000     0.000 r  clk_i (IN)
                         net (fo=2687, unset)         0.787     0.787    clk_i
                         FDCE                                         r  a_q_reg[4]/C
  -------------------------------------------------------------------    -------------------
                         FDCE (Prop_fdce_C_Q)         0.433     1.220 r  a_q_reg[4]/Q
                         net (fo=38, unplaced)        0.674     1.894    i_vrf/vrf_wd_q_reg[3][63][4]
                         LUT4 (Prop_lut4_I1_O)        0.232     2.126 r  i_vrf/res_q[1]_i_48/O
                         net (fo=1, unplaced)         0.000     2.126    i_vrf/res_q[1]_i_48_n_0
                         CARRY4 (Prop_carry4_S[1]_CO[3])
                                                      0.444     2.570 r  i_vrf/res_q_reg[1]_i_26/CO[3]
                         net (fo=1, unplaced)         0.008     2.578    i_vrf/res_q_reg[1]_i_26_n_0
                         CARRY4 (Prop_carry4_CI_O[1])
                                                      0.269     2.847 r  i_vrf/res_q_reg[1]_i_25/O[1]
                         net (fo=1, unplaced)         0.803     3.650    i_vrf/res_q_reg[1]_i_25_n_6
                         LUT6 (Prop_lut6_I0_O)        0.245     3.895 r  i_vrf/res_q[1]_i_17/O
                         net (fo=3, unplaced)         0.365     4.260    i_vrf_n_1253
                         LUT6 (Prop_lut6_I1_O)        0.105     4.365 f  st_q[2]_i_9/O
                         net (fo=1, unplaced)         0.347     4.712    st_q[2]_i_9_n_0
                         LUT6 (Prop_lut6_I4_O)        0.105     4.817 f  st_q[2]_i_2/O
                         net (fo=3, unplaced)         0.365     5.182    st_q[2]_i_2_n_0
                         LUT6 (Prop_lut6_I0_O)        0.105     5.287 r  st_q[2]_rep_i_1/O
                         net (fo=1, unplaced)         0.000     5.287    st_q[2]_rep_i_1_n_0
                         FDCE                                         r  st_q_reg[2]_rep/D
  -------------------------------------------------------------------    -------------------

                         (clock clk_i rise edge)      5.000     5.000 r  
                                                      0.000     5.000 r  clk_i (IN)
                         net (fo=2687, unset)         0.748     5.748    clk_i
                         FDCE                                         r  st_q_reg[2]_rep/C
                         clock pessimism              0.000     5.748    
                         clock uncertainty           -0.035     5.712    
                         FDCE (Setup_fdce_C_D)        0.072     5.784    st_q_reg[2]_rep
  -------------------------------------------------------------------
                         required time                          5.784    
                         arrival time                          -5.287    
  -------------------------------------------------------------------
                         slack                                  0.497    

Slack (MET) :             0.497ns  (required time - arrival time)
  Source:                 a_q_reg[4]/C
                            (rising edge-triggered cell FDCE clocked by clk_i  {rise@0.000ns fall@2.500ns period=5.000ns})
  Destination:            st_q_reg[2]_rep__0/D
                            (rising edge-triggered cell FDCE clocked by clk_i  {rise@0.000ns fall@2.500ns period=5.000ns})
  Path Group:             clk_i
  Path Type:              Setup (Max at Slow Process Corner)
  Requirement:            5.000ns  (clk_i rise@5.000ns - clk_i rise@0.000ns)
  Data Path Delay:        4.500ns  (logic 1.938ns (43.067%)  route 2.562ns (56.933%))
  Logic Levels:           7  (CARRY4=2 LUT4=1 LUT6=4)
  Clock Path Skew:        -0.039ns (DCD - SCD + CPR)
    Destination Clock Delay (DCD):    0.748ns = ( 5.748 - 5.000 ) 
    Source Clock Delay      (SCD):    0.787ns
    Clock Pessimism Removal (CPR):    0.000ns
  Clock Uncertainty:      0.035ns  ((TSJ^2 + TIJ^2)^1/2 + DJ) / 2 + PE
    Total System Jitter     (TSJ):    0.071ns
    Total Input Jitter      (TIJ):    0.000ns
    Discrete Jitter          (DJ):    0.000ns
    Phase Error              (PE):    0.000ns

    Location             Delay type                Incr(ns)  Path(ns)    Netlist Resource(s)
  -------------------------------------------------------------------    -------------------
                         (clock clk_i rise edge)      0.000     0.000 r  
                                                      0.000     0.000 r  clk_i (IN)
                         net (fo=2687, unset)         0.787     0.787    clk_i
                         FDCE                                         r  a_q_reg[4]/C
  -------------------------------------------------------------------    -------------------
                         FDCE (Prop_fdce_C_Q)         0.433     1.220 r  a_q_reg[4]/Q
                         net (fo=38, unplaced)        0.674     1.894    i_vrf/vrf_wd_q_reg[3][63][4]
                         LUT4 (Prop_lut4_I1_O)        0.232     2.126 r  i_vrf/res_q[1]_i_48/O
                         net (fo=1, unplaced)         0.000     2.126    i_vrf/res_q[1]_i_48_n_0
                         CARRY4 (Prop_carry4_S[1]_CO[3])
                                                      0.444     2.570 r  i_vrf/res_q_reg[1]_i_26/CO[3]
                         net (fo=1, unplaced)         0.008     2.578    i_vrf/res_q_reg[1]_i_26_n_0
                         CARRY4 (Prop_carry4_CI_O[1])
                                                      0.269     2.847 r  i_vrf/res_q_reg[1]_i_25/O[1]
                         net (fo=1, unplaced)         0.803     3.650    i_vrf/res_q_reg[1]_i_25_n_6
                         LUT6 (Prop_lut6_I0_O)        0.245     3.895 r  i_vrf/res_q[1]_i_17/O
                         net (fo=3, unplaced)         0.365     4.260    i_vrf_n_1253
                         LUT6 (Prop_lut6_I1_O)        0.105     4.365 f  st_q[2]_i_9/O
                         net (fo=1, unplaced)         0.347     4.712    st_q[2]_i_9_n_0
                         LUT6 (Prop_lut6_I4_O)        0.105     4.817 f  st_q[2]_i_2/O
                         net (fo=3, unplaced)         0.365     5.182    st_q[2]_i_2_n_0
                         LUT6 (Prop_lut6_I0_O)        0.105     5.287 r  st_q[2]_rep_i_1__0/O
                         net (fo=1, unplaced)         0.000     5.287    st_q[2]_rep_i_1__0_n_0
                         FDCE                                         r  st_q_reg[2]_rep__0/D
  -------------------------------------------------------------------    -------------------

                         (clock clk_i rise edge)      5.000     5.000 r  
                                                      0.000     5.000 r  clk_i (IN)
                         net (fo=2687, unset)         0.748     5.748    clk_i
                         FDCE                                         r  st_q_reg[2]_rep__0/C
                         clock pessimism              0.000     5.748    
                         clock uncertainty           -0.035     5.712    
                         FDCE (Setup_fdce_C_D)        0.072     5.784    st_q_reg[2]_rep__0
  -------------------------------------------------------------------
                         required time                          5.784    
                         arrival time                          -5.287    
  -------------------------------------------------------------------
                         slack                                  0.497    

Slack (MET) :             0.497ns  (required time - arrival time)
  Source:                 a_q_reg[4]/C
                            (rising edge-triggered cell FDCE clocked by clk_i  {rise@0.000ns fall@2.500ns period=5.000ns})
  Destination:            st_q_reg[3]/D
                            (rising edge-triggered cell FDCE clocked by clk_i  {rise@0.000ns fall@2.500ns period=5.000ns})
  Path Group:             clk_i
  Path Type:              Setup (Max at Slow Process Corner)
  Requirement:            5.000ns  (clk_i rise@5.000ns - clk_i rise@0.000ns)
  Data Path Delay:        4.500ns  (logic 1.938ns (43.067%)  route 2.562ns (56.933%))
  Logic Levels:           7  (CARRY4=2 LUT4=1 LUT6=4)
  Clock Path Skew:        -0.039ns (DCD - SCD + CPR)
    Destination Clock Delay (DCD):    0.748ns = ( 5.748 - 5.000 ) 
    Source Clock Delay      (SCD):    0.787ns
    Clock Pessimism Removal (CPR):    0.000ns
  Clock Uncertainty:      0.035ns  ((TSJ^2 + TIJ^2)^1/2 + DJ) / 2 + PE
    Total System Jitter     (TSJ):    0.071ns
    Total Input Jitter      (TIJ):    0.000ns
    Discrete Jitter          (DJ):    0.000ns
    Phase Error              (PE):    0.000ns

    Location             Delay type                Incr(ns)  Path(ns)    Netlist Resource(s)
  -------------------------------------------------------------------    -------------------
                         (clock clk_i rise edge)      0.000     0.000 r  
                                                      0.000     0.000 r  clk_i (IN)
                         net (fo=2687, unset)         0.787     0.787    clk_i
                         FDCE                                         r  a_q_reg[4]/C
  -------------------------------------------------------------------    -------------------
                         FDCE (Prop_fdce_C_Q)         0.433     1.220 r  a_q_reg[4]/Q
                         net (fo=38, unplaced)        0.674     1.894    i_vrf/vrf_wd_q_reg[3][63][4]
                         LUT4 (Prop_lut4_I1_O)        0.232     2.126 r  i_vrf/res_q[1]_i_48/O
                         net (fo=1, unplaced)         0.000     2.126    i_vrf/res_q[1]_i_48_n_0
                         CARRY4 (Prop_carry4_S[1]_CO[3])
                                                      0.444     2.570 r  i_vrf/res_q_reg[1]_i_26/CO[3]
                         net (fo=1, unplaced)         0.008     2.578    i_vrf/res_q_reg[1]_i_26_n_0
                         CARRY4 (Prop_carry4_CI_O[1])
                                                      0.269     2.847 f  i_vrf/res_q_reg[1]_i_25/O[1]
                         net (fo=1, unplaced)         0.803     3.650    i_vrf/res_q_reg[1]_i_25_n_6
                         LUT6 (Prop_lut6_I0_O)        0.245     3.895 f  i_vrf/res_q[1]_i_17/O
                         net (fo=3, unplaced)         0.365     4.260    i_vrf_n_1253
                         LUT6 (Prop_lut6_I1_O)        0.105     4.365 r  st_q[3]_i_12/O
                         net (fo=1, unplaced)         0.347     4.712    st_q[3]_i_12_n_0
                         LUT6 (Prop_lut6_I2_O)        0.105     4.817 r  st_q[3]_i_3/O
                         net (fo=3, unplaced)         0.365     5.182    st_q[3]_i_3_n_0
                         LUT6 (Prop_lut6_I1_O)        0.105     5.287 r  st_q[3]_i_1/O
                         net (fo=1, unplaced)         0.000     5.287    st_q[3]_i_1_n_0
                         FDCE                                         r  st_q_reg[3]/D
  -------------------------------------------------------------------    -------------------

                         (clock clk_i rise edge)      5.000     5.000 r  
                                                      0.000     5.000 r  clk_i (IN)
                         net (fo=2687, unset)         0.748     5.748    clk_i
                         FDCE                                         r  st_q_reg[3]/C
                         clock pessimism              0.000     5.748    
                         clock uncertainty           -0.035     5.712    
                         FDCE (Setup_fdce_C_D)        0.072     5.784    st_q_reg[3]
  -------------------------------------------------------------------
                         required time                          5.784    
                         arrival time                          -5.287    
  -------------------------------------------------------------------
                         slack                                  0.497    

Slack (MET) :             0.497ns  (required time - arrival time)
  Source:                 a_q_reg[4]/C
                            (rising edge-triggered cell FDCE clocked by clk_i  {rise@0.000ns fall@2.500ns period=5.000ns})
  Destination:            st_q_reg[3]_rep/D
                            (rising edge-triggered cell FDCE clocked by clk_i  {rise@0.000ns fall@2.500ns period=5.000ns})
  Path Group:             clk_i
  Path Type:              Setup (Max at Slow Process Corner)
  Requirement:            5.000ns  (clk_i rise@5.000ns - clk_i rise@0.000ns)
  Data Path Delay:        4.500ns  (logic 1.938ns (43.067%)  route 2.562ns (56.933%))
  Logic Levels:           7  (CARRY4=2 LUT4=1 LUT6=4)
  Clock Path Skew:        -0.039ns (DCD - SCD + CPR)
    Destination Clock Delay (DCD):    0.748ns = ( 5.748 - 5.000 ) 
    Source Clock Delay      (SCD):    0.787ns
    Clock Pessimism Removal (CPR):    0.000ns
  Clock Uncertainty:      0.035ns  ((TSJ^2 + TIJ^2)^1/2 + DJ) / 2 + PE
    Total System Jitter     (TSJ):    0.071ns
    Total Input Jitter      (TIJ):    0.000ns
    Discrete Jitter          (DJ):    0.000ns
    Phase Error              (PE):    0.000ns

    Location             Delay type                Incr(ns)  Path(ns)    Netlist Resource(s)
  -------------------------------------------------------------------    -------------------
                         (clock clk_i rise edge)      0.000     0.000 r  
                                                      0.000     0.000 r  clk_i (IN)
                         net (fo=2687, unset)         0.787     0.787    clk_i
                         FDCE                                         r  a_q_reg[4]/C
  -------------------------------------------------------------------    -------------------
                         FDCE (Prop_fdce_C_Q)         0.433     1.220 r  a_q_reg[4]/Q
                         net (fo=38, unplaced)        0.674     1.894    i_vrf/vrf_wd_q_reg[3][63][4]
                         LUT4 (Prop_lut4_I1_O)        0.232     2.126 r  i_vrf/res_q[1]_i_48/O
                         net (fo=1, unplaced)         0.000     2.126    i_vrf/res_q[1]_i_48_n_0
                         CARRY4 (Prop_carry4_S[1]_CO[3])
                                                      0.444     2.570 r  i_vrf/res_q_reg[1]_i_26/CO[3]
                         net (fo=1, unplaced)         0.008     2.578    i_vrf/res_q_reg[1]_i_26_n_0
                         CARRY4 (Prop_carry4_CI_O[1])
                                                      0.269     2.847 f  i_vrf/res_q_reg[1]_i_25/O[1]
                         net (fo=1, unplaced)         0.803     3.650    i_vrf/res_q_reg[1]_i_25_n_6
                         LUT6 (Prop_lut6_I0_O)        0.245     3.895 f  i_vrf/res_q[1]_i_17/O
                         net (fo=3, unplaced)         0.365     4.260    i_vrf_n_1253
                         LUT6 (Prop_lut6_I1_O)        0.105     4.365 r  st_q[3]_i_12/O
                         net (fo=1, unplaced)         0.347     4.712    st_q[3]_i_12_n_0
                         LUT6 (Prop_lut6_I2_O)        0.105     4.817 r  st_q[3]_i_3/O
                         net (fo=3, unplaced)         0.365     5.182    st_q[3]_i_3_n_0
                         LUT6 (Prop_lut6_I1_O)        0.105     5.287 r  st_q[3]_rep_i_1/O
                         net (fo=1, unplaced)         0.000     5.287    st_q[3]_rep_i_1_n_0
                         FDCE                                         r  st_q_reg[3]_rep/D
  -------------------------------------------------------------------    -------------------

                         (clock clk_i rise edge)      5.000     5.000 r  
                                                      0.000     5.000 r  clk_i (IN)
                         net (fo=2687, unset)         0.748     5.748    clk_i
                         FDCE                                         r  st_q_reg[3]_rep/C
                         clock pessimism              0.000     5.748    
                         clock uncertainty           -0.035     5.712    
                         FDCE (Setup_fdce_C_D)        0.072     5.784    st_q_reg[3]_rep
  -------------------------------------------------------------------
                         required time                          5.784    
                         arrival time                          -5.287    
  -------------------------------------------------------------------
                         slack                                  0.497    

Slack (MET) :             0.497ns  (required time - arrival time)
  Source:                 a_q_reg[4]/C
                            (rising edge-triggered cell FDCE clocked by clk_i  {rise@0.000ns fall@2.500ns period=5.000ns})
  Destination:            st_q_reg[3]_rep__0/D
                            (rising edge-triggered cell FDCE clocked by clk_i  {rise@0.000ns fall@2.500ns period=5.000ns})
  Path Group:             clk_i
  Path Type:              Setup (Max at Slow Process Corner)
  Requirement:            5.000ns  (clk_i rise@5.000ns - clk_i rise@0.000ns)
  Data Path Delay:        4.500ns  (logic 1.938ns (43.067%)  route 2.562ns (56.933%))
  Logic Levels:           7  (CARRY4=2 LUT4=1 LUT6=4)
  Clock Path Skew:        -0.039ns (DCD - SCD + CPR)
    Destination Clock Delay (DCD):    0.748ns = ( 5.748 - 5.000 ) 
    Source Clock Delay      (SCD):    0.787ns
    Clock Pessimism Removal (CPR):    0.000ns
  Clock Uncertainty:      0.035ns  ((TSJ^2 + TIJ^2)^1/2 + DJ) / 2 + PE
    Total System Jitter     (TSJ):    0.071ns
    Total Input Jitter      (TIJ):    0.000ns
    Discrete Jitter          (DJ):    0.000ns
    Phase Error              (PE):    0.000ns

    Location             Delay type                Incr(ns)  Path(ns)    Netlist Resource(s)
  -------------------------------------------------------------------    -------------------
                         (clock clk_i rise edge)      0.000     0.000 r  
                                                      0.000     0.000 r  clk_i (IN)
                         net (fo=2687, unset)         0.787     0.787    clk_i
                         FDCE                                         r  a_q_reg[4]/C
  -------------------------------------------------------------------    -------------------
                         FDCE (Prop_fdce_C_Q)         0.433     1.220 r  a_q_reg[4]/Q
                         net (fo=38, unplaced)        0.674     1.894    i_vrf/vrf_wd_q_reg[3][63][4]
                         LUT4 (Prop_lut4_I1_O)        0.232     2.126 r  i_vrf/res_q[1]_i_48/O
                         net (fo=1, unplaced)         0.000     2.126    i_vrf/res_q[1]_i_48_n_0
                         CARRY4 (Prop_carry4_S[1]_CO[3])
                                                      0.444     2.570 r  i_vrf/res_q_reg[1]_i_26/CO[3]
                         net (fo=1, unplaced)         0.008     2.578    i_vrf/res_q_reg[1]_i_26_n_0
                         CARRY4 (Prop_carry4_CI_O[1])
                                                      0.269     2.847 f  i_vrf/res_q_reg[1]_i_25/O[1]
                         net (fo=1, unplaced)         0.803     3.650    i_vrf/res_q_reg[1]_i_25_n_6
                         LUT6 (Prop_lut6_I0_O)        0.245     3.895 f  i_vrf/res_q[1]_i_17/O
                         net (fo=3, unplaced)         0.365     4.260    i_vrf_n_1253
                         LUT6 (Prop_lut6_I1_O)        0.105     4.365 r  st_q[3]_i_12/O
                         net (fo=1, unplaced)         0.347     4.712    st_q[3]_i_12_n_0
                         LUT6 (Prop_lut6_I2_O)        0.105     4.817 r  st_q[3]_i_3/O
                         net (fo=3, unplaced)         0.365     5.182    st_q[3]_i_3_n_0
                         LUT6 (Prop_lut6_I1_O)        0.105     5.287 r  st_q[3]_rep_i_1__0/O
                         net (fo=1, unplaced)         0.000     5.287    st_q[3]_rep_i_1__0_n_0
                         FDCE                                         r  st_q_reg[3]_rep__0/D
  -------------------------------------------------------------------    -------------------

                         (clock clk_i rise edge)      5.000     5.000 r  
                                                      0.000     5.000 r  clk_i (IN)
                         net (fo=2687, unset)         0.748     5.748    clk_i
                         FDCE                                         r  st_q_reg[3]_rep__0/C
                         clock pessimism              0.000     5.748    
                         clock uncertainty           -0.035     5.712    
                         FDCE (Setup_fdce_C_D)        0.072     5.784    st_q_reg[3]_rep__0
  -------------------------------------------------------------------
                         required time                          5.784    
                         arrival time                          -5.287    
  -------------------------------------------------------------------
                         slack                                  0.497    

Slack (MET) :             0.515ns  (required time - arrival time)
  Source:                 a_q_reg[4]/C
                            (rising edge-triggered cell FDCE clocked by clk_i  {rise@0.000ns fall@2.500ns period=5.000ns})
  Destination:            res_q_reg[1]/D
                            (rising edge-triggered cell FDCE clocked by clk_i  {rise@0.000ns fall@2.500ns period=5.000ns})
  Path Group:             clk_i
  Path Type:              Setup (Max at Slow Process Corner)
  Requirement:            5.000ns  (clk_i rise@5.000ns - clk_i rise@0.000ns)
  Data Path Delay:        4.482ns  (logic 1.938ns (43.240%)  route 2.544ns (56.760%))
  Logic Levels:           7  (CARRY4=2 LUT4=1 LUT5=1 LUT6=3)
  Clock Path Skew:        -0.039ns (DCD - SCD + CPR)
    Destination Clock Delay (DCD):    0.748ns = ( 5.748 - 5.000 ) 
    Source Clock Delay      (SCD):    0.787ns
    Clock Pessimism Removal (CPR):    0.000ns
  Clock Uncertainty:      0.035ns  ((TSJ^2 + TIJ^2)^1/2 + DJ) / 2 + PE
    Total System Jitter     (TSJ):    0.071ns
    Total Input Jitter      (TIJ):    0.000ns
    Discrete Jitter          (DJ):    0.000ns
    Phase Error              (PE):    0.000ns

    Location             Delay type                Incr(ns)  Path(ns)    Netlist Resource(s)
  -------------------------------------------------------------------    -------------------
                         (clock clk_i rise edge)      0.000     0.000 r  
                                                      0.000     0.000 r  clk_i (IN)
                         net (fo=2687, unset)         0.787     0.787    clk_i
                         FDCE                                         r  a_q_reg[4]/C
  -------------------------------------------------------------------    -------------------
                         FDCE (Prop_fdce_C_Q)         0.433     1.220 r  a_q_reg[4]/Q
                         net (fo=38, unplaced)        0.674     1.894    i_vrf/vrf_wd_q_reg[3][63][4]
                         LUT4 (Prop_lut4_I1_O)        0.232     2.126 r  i_vrf/res_q[1]_i_48/O
                         net (fo=1, unplaced)         0.000     2.126    i_vrf/res_q[1]_i_48_n_0
                         CARRY4 (Prop_carry4_S[1]_CO[3])
                                                      0.444     2.570 r  i_vrf/res_q_reg[1]_i_26/CO[3]
                         net (fo=1, unplaced)         0.008     2.578    i_vrf/res_q_reg[1]_i_26_n_0
                         CARRY4 (Prop_carry4_CI_O[1])
                                                      0.269     2.847 r  i_vrf/res_q_reg[1]_i_25/O[1]
                         net (fo=1, unplaced)         0.803     3.650    i_vrf/res_q_reg[1]_i_25_n_6
                         LUT6 (Prop_lut6_I0_O)        0.245     3.895 r  i_vrf/res_q[1]_i_17/O
                         net (fo=3, unplaced)         0.365     4.260    i_vrf/a_q_reg[14]_0
                         LUT6 (Prop_lut6_I5_O)        0.105     4.365 f  i_vrf/res_q[1]_i_10/O
                         net (fo=1, unplaced)         0.347     4.712    i_vrf/res_q[1]_i_10_n_0
                         LUT5 (Prop_lut5_I2_O)        0.105     4.817 f  i_vrf/res_q[1]_i_4/O
                         net (fo=1, unplaced)         0.347     5.164    i_vrf/res_q[1]_i_4_n_0
                         LUT6 (Prop_lut6_I2_O)        0.105     5.269 r  i_vrf/res_q[1]_i_1/O
                         net (fo=1, unplaced)         0.000     5.269    i_vrf_n_574
                         FDCE                                         r  res_q_reg[1]/D
  -------------------------------------------------------------------    -------------------

                         (clock clk_i rise edge)      5.000     5.000 r  
                                                      0.000     5.000 r  clk_i (IN)
                         net (fo=2687, unset)         0.748     5.748    clk_i
                         FDCE                                         r  res_q_reg[1]/C
                         clock pessimism              0.000     5.748    
                         clock uncertainty           -0.035     5.712    
                         FDCE (Setup_fdce_C_D)        0.072     5.784    res_q_reg[1]
  -------------------------------------------------------------------
                         required time                          5.784    
                         arrival time                          -5.269    
  -------------------------------------------------------------------
                         slack                                  0.515    

Slack (MET) :             0.540ns  (required time - arrival time)
  Source:                 a_q_reg[4]/C
                            (rising edge-triggered cell FDCE clocked by clk_i  {rise@0.000ns fall@2.500ns period=5.000ns})
  Destination:            ecc_dst_q_reg[0]/CE
                            (rising edge-triggered cell FDCE clocked by clk_i  {rise@0.000ns fall@2.500ns period=5.000ns})
  Path Group:             clk_i
  Path Type:              Setup (Max at Slow Process Corner)
  Requirement:            5.000ns  (clk_i rise@5.000ns - clk_i rise@0.000ns)
  Data Path Delay:        4.249ns  (logic 1.085ns (25.535%)  route 3.164ns (74.465%))
  Logic Levels:           5  (LUT2=1 LUT5=1 LUT6=3)
  Clock Path Skew:        -0.039ns (DCD - SCD + CPR)
    Destination Clock Delay (DCD):    0.748ns = ( 5.748 - 5.000 ) 
    Source Clock Delay      (SCD):    0.787ns
    Clock Pessimism Removal (CPR):    0.000ns
  Clock Uncertainty:      0.035ns  ((TSJ^2 + TIJ^2)^1/2 + DJ) / 2 + PE
    Total System Jitter     (TSJ):    0.071ns
    Total Input Jitter      (TIJ):    0.000ns
    Discrete Jitter          (DJ):    0.000ns
    Phase Error              (PE):    0.000ns

    Location             Delay type                Incr(ns)  Path(ns)    Netlist Resource(s)
  -------------------------------------------------------------------    -------------------
                         (clock clk_i rise edge)      0.000     0.000 r  
                                                      0.000     0.000 r  clk_i (IN)
                         net (fo=2687, unset)         0.787     0.787    clk_i
                         FDCE                                         r  a_q_reg[4]/C
  -------------------------------------------------------------------    -------------------
                         FDCE (Prop_fdce_C_Q)         0.433     1.220 r  a_q_reg[4]/Q
                         net (fo=38, unplaced)        0.437     1.657    i_vrf/vrf_wd_q_reg[3][63][4]
                         LUT2 (Prop_lut2_I0_O)        0.232     1.889 f  i_vrf/res_q[1]_i_31/O
                         net (fo=2, unplaced)         0.949     2.838    i_vrf/res_q[1]_i_31_n_0
                         LUT6 (Prop_lut6_I1_O)        0.105     2.943 f  i_vrf/res_q[1]_i_20/O
                         net (fo=3, unplaced)         0.365     3.308    i_vrf/a_q_reg[15]
                         LUT6 (Prop_lut6_I4_O)        0.105     3.413 f  i_vrf/res_q[1]_i_11/O
                         net (fo=8, unplaced)         0.385     3.798    i_vrf_n_1246
                         LUT6 (Prop_lut6_I5_O)        0.105     3.903 r  ecc_dst_q[5]_i_4/O
                         net (fo=12, unplaced)        0.630     4.533    ecc_dst_q[5]_i_4_n_0
                         LUT5 (Prop_lut5_I2_O)        0.105     4.638 r  ecc_dst_q[5]_i_1/O
                         net (fo=6, unplaced)         0.398     5.036    ecc_dst_q[5]_i_1_n_0
                         FDCE                                         r  ecc_dst_q_reg[0]/CE
  -------------------------------------------------------------------    -------------------

                         (clock clk_i rise edge)      5.000     5.000 r  
                                                      0.000     5.000 r  clk_i (IN)
                         net (fo=2687, unset)         0.748     5.748    clk_i
                         FDCE                                         r  ecc_dst_q_reg[0]/C
                         clock pessimism              0.000     5.748    
                         clock uncertainty           -0.035     5.712    
                         FDCE (Setup_fdce_C_CE)      -0.136     5.576    ecc_dst_q_reg[0]
  -------------------------------------------------------------------
                         required time                          5.576    
                         arrival time                          -5.036    
  -------------------------------------------------------------------
                         slack                                  0.540    

Slack (MET) :             0.540ns  (required time - arrival time)
  Source:                 a_q_reg[4]/C
                            (rising edge-triggered cell FDCE clocked by clk_i  {rise@0.000ns fall@2.500ns period=5.000ns})
  Destination:            ecc_dst_q_reg[1]/CE
                            (rising edge-triggered cell FDCE clocked by clk_i  {rise@0.000ns fall@2.500ns period=5.000ns})
  Path Group:             clk_i
  Path Type:              Setup (Max at Slow Process Corner)
  Requirement:            5.000ns  (clk_i rise@5.000ns - clk_i rise@0.000ns)
  Data Path Delay:        4.249ns  (logic 1.085ns (25.535%)  route 3.164ns (74.465%))
  Logic Levels:           5  (LUT2=1 LUT5=1 LUT6=3)
  Clock Path Skew:        -0.039ns (DCD - SCD + CPR)
    Destination Clock Delay (DCD):    0.748ns = ( 5.748 - 5.000 ) 
    Source Clock Delay      (SCD):    0.787ns
    Clock Pessimism Removal (CPR):    0.000ns
  Clock Uncertainty:      0.035ns  ((TSJ^2 + TIJ^2)^1/2 + DJ) / 2 + PE
    Total System Jitter     (TSJ):    0.071ns
    Total Input Jitter      (TIJ):    0.000ns
    Discrete Jitter          (DJ):    0.000ns
    Phase Error              (PE):    0.000ns

    Location             Delay type                Incr(ns)  Path(ns)    Netlist Resource(s)
  -------------------------------------------------------------------    -------------------
                         (clock clk_i rise edge)      0.000     0.000 r  
                                                      0.000     0.000 r  clk_i (IN)
                         net (fo=2687, unset)         0.787     0.787    clk_i
                         FDCE                                         r  a_q_reg[4]/C
  -------------------------------------------------------------------    -------------------
                         FDCE (Prop_fdce_C_Q)         0.433     1.220 r  a_q_reg[4]/Q
                         net (fo=38, unplaced)        0.437     1.657    i_vrf/vrf_wd_q_reg[3][63][4]
                         LUT2 (Prop_lut2_I0_O)        0.232     1.889 f  i_vrf/res_q[1]_i_31/O
                         net (fo=2, unplaced)         0.949     2.838    i_vrf/res_q[1]_i_31_n_0
                         LUT6 (Prop_lut6_I1_O)        0.105     2.943 f  i_vrf/res_q[1]_i_20/O
                         net (fo=3, unplaced)         0.365     3.308    i_vrf/a_q_reg[15]
                         LUT6 (Prop_lut6_I4_O)        0.105     3.413 f  i_vrf/res_q[1]_i_11/O
                         net (fo=8, unplaced)         0.385     3.798    i_vrf_n_1246
                         LUT6 (Prop_lut6_I5_O)        0.105     3.903 r  ecc_dst_q[5]_i_4/O
                         net (fo=12, unplaced)        0.630     4.533    ecc_dst_q[5]_i_4_n_0
                         LUT5 (Prop_lut5_I2_O)        0.105     4.638 r  ecc_dst_q[5]_i_1/O
                         net (fo=6, unplaced)         0.398     5.036    ecc_dst_q[5]_i_1_n_0
                         FDCE                                         r  ecc_dst_q_reg[1]/CE
  -------------------------------------------------------------------    -------------------

                         (clock clk_i rise edge)      5.000     5.000 r  
                                                      0.000     5.000 r  clk_i (IN)
                         net (fo=2687, unset)         0.748     5.748    clk_i
                         FDCE                                         r  ecc_dst_q_reg[1]/C
                         clock pessimism              0.000     5.748    
                         clock uncertainty           -0.035     5.712    
                         FDCE (Setup_fdce_C_CE)      -0.136     5.576    ecc_dst_q_reg[1]
  -------------------------------------------------------------------
                         required time                          5.576    
                         arrival time                          -5.036    
  -------------------------------------------------------------------
                         slack                                  0.540    

Slack (MET) :             0.540ns  (required time - arrival time)
  Source:                 a_q_reg[4]/C
                            (rising edge-triggered cell FDCE clocked by clk_i  {rise@0.000ns fall@2.500ns period=5.000ns})
  Destination:            ecc_dst_q_reg[2]/CE
                            (rising edge-triggered cell FDCE clocked by clk_i  {rise@0.000ns fall@2.500ns period=5.000ns})
  Path Group:             clk_i
  Path Type:              Setup (Max at Slow Process Corner)
  Requirement:            5.000ns  (clk_i rise@5.000ns - clk_i rise@0.000ns)
  Data Path Delay:        4.249ns  (logic 1.085ns (25.535%)  route 3.164ns (74.465%))
  Logic Levels:           5  (LUT2=1 LUT5=1 LUT6=3)
  Clock Path Skew:        -0.039ns (DCD - SCD + CPR)
    Destination Clock Delay (DCD):    0.748ns = ( 5.748 - 5.000 ) 
    Source Clock Delay      (SCD):    0.787ns
    Clock Pessimism Removal (CPR):    0.000ns
  Clock Uncertainty:      0.035ns  ((TSJ^2 + TIJ^2)^1/2 + DJ) / 2 + PE
    Total System Jitter     (TSJ):    0.071ns
    Total Input Jitter      (TIJ):    0.000ns
    Discrete Jitter          (DJ):    0.000ns
    Phase Error              (PE):    0.000ns

    Location             Delay type                Incr(ns)  Path(ns)    Netlist Resource(s)
  -------------------------------------------------------------------    -------------------
                         (clock clk_i rise edge)      0.000     0.000 r  
                                                      0.000     0.000 r  clk_i (IN)
                         net (fo=2687, unset)         0.787     0.787    clk_i
                         FDCE                                         r  a_q_reg[4]/C
  -------------------------------------------------------------------    -------------------
                         FDCE (Prop_fdce_C_Q)         0.433     1.220 r  a_q_reg[4]/Q
                         net (fo=38, unplaced)        0.437     1.657    i_vrf/vrf_wd_q_reg[3][63][4]
                         LUT2 (Prop_lut2_I0_O)        0.232     1.889 f  i_vrf/res_q[1]_i_31/O
                         net (fo=2, unplaced)         0.949     2.838    i_vrf/res_q[1]_i_31_n_0
                         LUT6 (Prop_lut6_I1_O)        0.105     2.943 f  i_vrf/res_q[1]_i_20/O
                         net (fo=3, unplaced)         0.365     3.308    i_vrf/a_q_reg[15]
                         LUT6 (Prop_lut6_I4_O)        0.105     3.413 f  i_vrf/res_q[1]_i_11/O
                         net (fo=8, unplaced)         0.385     3.798    i_vrf_n_1246
                         LUT6 (Prop_lut6_I5_O)        0.105     3.903 r  ecc_dst_q[5]_i_4/O
                         net (fo=12, unplaced)        0.630     4.533    ecc_dst_q[5]_i_4_n_0
                         LUT5 (Prop_lut5_I2_O)        0.105     4.638 r  ecc_dst_q[5]_i_1/O
                         net (fo=6, unplaced)         0.398     5.036    ecc_dst_q[5]_i_1_n_0
                         FDCE                                         r  ecc_dst_q_reg[2]/CE
  -------------------------------------------------------------------    -------------------

                         (clock clk_i rise edge)      5.000     5.000 r  
                                                      0.000     5.000 r  clk_i (IN)
                         net (fo=2687, unset)         0.748     5.748    clk_i
                         FDCE                                         r  ecc_dst_q_reg[2]/C
                         clock pessimism              0.000     5.748    
                         clock uncertainty           -0.035     5.712    
                         FDCE (Setup_fdce_C_CE)      -0.136     5.576    ecc_dst_q_reg[2]
  -------------------------------------------------------------------
                         required time                          5.576    
                         arrival time                          -5.036    
  -------------------------------------------------------------------
                         slack                                  0.540    

Slack (MET) :             0.540ns  (required time - arrival time)
  Source:                 a_q_reg[4]/C
                            (rising edge-triggered cell FDCE clocked by clk_i  {rise@0.000ns fall@2.500ns period=5.000ns})
  Destination:            ecc_dst_q_reg[3]/CE
                            (rising edge-triggered cell FDCE clocked by clk_i  {rise@0.000ns fall@2.500ns period=5.000ns})
  Path Group:             clk_i
  Path Type:              Setup (Max at Slow Process Corner)
  Requirement:            5.000ns  (clk_i rise@5.000ns - clk_i rise@0.000ns)
  Data Path Delay:        4.249ns  (logic 1.085ns (25.535%)  route 3.164ns (74.465%))
  Logic Levels:           5  (LUT2=1 LUT5=1 LUT6=3)
  Clock Path Skew:        -0.039ns (DCD - SCD + CPR)
    Destination Clock Delay (DCD):    0.748ns = ( 5.748 - 5.000 ) 
    Source Clock Delay      (SCD):    0.787ns
    Clock Pessimism Removal (CPR):    0.000ns
  Clock Uncertainty:      0.035ns  ((TSJ^2 + TIJ^2)^1/2 + DJ) / 2 + PE
    Total System Jitter     (TSJ):    0.071ns
    Total Input Jitter      (TIJ):    0.000ns
    Discrete Jitter          (DJ):    0.000ns
    Phase Error              (PE):    0.000ns

    Location             Delay type                Incr(ns)  Path(ns)    Netlist Resource(s)
  -------------------------------------------------------------------    -------------------
                         (clock clk_i rise edge)      0.000     0.000 r  
                                                      0.000     0.000 r  clk_i (IN)
                         net (fo=2687, unset)         0.787     0.787    clk_i
                         FDCE                                         r  a_q_reg[4]/C
  -------------------------------------------------------------------    -------------------
                         FDCE (Prop_fdce_C_Q)         0.433     1.220 r  a_q_reg[4]/Q
                         net (fo=38, unplaced)        0.437     1.657    i_vrf/vrf_wd_q_reg[3][63][4]
                         LUT2 (Prop_lut2_I0_O)        0.232     1.889 f  i_vrf/res_q[1]_i_31/O
                         net (fo=2, unplaced)         0.949     2.838    i_vrf/res_q[1]_i_31_n_0
                         LUT6 (Prop_lut6_I1_O)        0.105     2.943 f  i_vrf/res_q[1]_i_20/O
                         net (fo=3, unplaced)         0.365     3.308    i_vrf/a_q_reg[15]
                         LUT6 (Prop_lut6_I4_O)        0.105     3.413 f  i_vrf/res_q[1]_i_11/O
                         net (fo=8, unplaced)         0.385     3.798    i_vrf_n_1246
                         LUT6 (Prop_lut6_I5_O)        0.105     3.903 r  ecc_dst_q[5]_i_4/O
                         net (fo=12, unplaced)        0.630     4.533    ecc_dst_q[5]_i_4_n_0
                         LUT5 (Prop_lut5_I2_O)        0.105     4.638 r  ecc_dst_q[5]_i_1/O
                         net (fo=6, unplaced)         0.398     5.036    ecc_dst_q[5]_i_1_n_0
                         FDCE                                         r  ecc_dst_q_reg[3]/CE
  -------------------------------------------------------------------    -------------------

                         (clock clk_i rise edge)      5.000     5.000 r  
                                                      0.000     5.000 r  clk_i (IN)
                         net (fo=2687, unset)         0.748     5.748    clk_i
                         FDCE                                         r  ecc_dst_q_reg[3]/C
                         clock pessimism              0.000     5.748    
                         clock uncertainty           -0.035     5.712    
                         FDCE (Setup_fdce_C_CE)      -0.136     5.576    ecc_dst_q_reg[3]
  -------------------------------------------------------------------
                         required time                          5.576    
                         arrival time                          -5.036    
  -------------------------------------------------------------------
                         slack                                  0.540    

Slack (MET) :             0.540ns  (required time - arrival time)
  Source:                 a_q_reg[4]/C
                            (rising edge-triggered cell FDCE clocked by clk_i  {rise@0.000ns fall@2.500ns period=5.000ns})
  Destination:            ecc_dst_q_reg[4]/CE
                            (rising edge-triggered cell FDCE clocked by clk_i  {rise@0.000ns fall@2.500ns period=5.000ns})
  Path Group:             clk_i
  Path Type:              Setup (Max at Slow Process Corner)
  Requirement:            5.000ns  (clk_i rise@5.000ns - clk_i rise@0.000ns)
  Data Path Delay:        4.249ns  (logic 1.085ns (25.535%)  route 3.164ns (74.465%))
  Logic Levels:           5  (LUT2=1 LUT5=1 LUT6=3)
  Clock Path Skew:        -0.039ns (DCD - SCD + CPR)
    Destination Clock Delay (DCD):    0.748ns = ( 5.748 - 5.000 ) 
    Source Clock Delay      (SCD):    0.787ns
    Clock Pessimism Removal (CPR):    0.000ns
  Clock Uncertainty:      0.035ns  ((TSJ^2 + TIJ^2)^1/2 + DJ) / 2 + PE
    Total System Jitter     (TSJ):    0.071ns
    Total Input Jitter      (TIJ):    0.000ns
    Discrete Jitter          (DJ):    0.000ns
    Phase Error              (PE):    0.000ns

    Location             Delay type                Incr(ns)  Path(ns)    Netlist Resource(s)
  -------------------------------------------------------------------    -------------------
                         (clock clk_i rise edge)      0.000     0.000 r  
                                                      0.000     0.000 r  clk_i (IN)
                         net (fo=2687, unset)         0.787     0.787    clk_i
                         FDCE                                         r  a_q_reg[4]/C
  -------------------------------------------------------------------    -------------------
                         FDCE (Prop_fdce_C_Q)         0.433     1.220 r  a_q_reg[4]/Q
                         net (fo=38, unplaced)        0.437     1.657    i_vrf/vrf_wd_q_reg[3][63][4]
                         LUT2 (Prop_lut2_I0_O)        0.232     1.889 f  i_vrf/res_q[1]_i_31/O
                         net (fo=2, unplaced)         0.949     2.838    i_vrf/res_q[1]_i_31_n_0
                         LUT6 (Prop_lut6_I1_O)        0.105     2.943 f  i_vrf/res_q[1]_i_20/O
                         net (fo=3, unplaced)         0.365     3.308    i_vrf/a_q_reg[15]
                         LUT6 (Prop_lut6_I4_O)        0.105     3.413 f  i_vrf/res_q[1]_i_11/O
                         net (fo=8, unplaced)         0.385     3.798    i_vrf_n_1246
                         LUT6 (Prop_lut6_I5_O)        0.105     3.903 r  ecc_dst_q[5]_i_4/O
                         net (fo=12, unplaced)        0.630     4.533    ecc_dst_q[5]_i_4_n_0
                         LUT5 (Prop_lut5_I2_O)        0.105     4.638 r  ecc_dst_q[5]_i_1/O
                         net (fo=6, unplaced)         0.398     5.036    ecc_dst_q[5]_i_1_n_0
                         FDCE                                         r  ecc_dst_q_reg[4]/CE
  -------------------------------------------------------------------    -------------------

                         (clock clk_i rise edge)      5.000     5.000 r  
                                                      0.000     5.000 r  clk_i (IN)
                         net (fo=2687, unset)         0.748     5.748    clk_i
                         FDCE                                         r  ecc_dst_q_reg[4]/C
                         clock pessimism              0.000     5.748    
                         clock uncertainty           -0.035     5.712    
                         FDCE (Setup_fdce_C_CE)      -0.136     5.576    ecc_dst_q_reg[4]
  -------------------------------------------------------------------
                         required time                          5.576    
                         arrival time                          -5.036    
  -------------------------------------------------------------------
                         slack                                  0.540    

Slack (MET) :             0.540ns  (required time - arrival time)
  Source:                 a_q_reg[4]/C
                            (rising edge-triggered cell FDCE clocked by clk_i  {rise@0.000ns fall@2.500ns period=5.000ns})
  Destination:            ecc_dst_q_reg[5]/CE
                            (rising edge-triggered cell FDCE clocked by clk_i  {rise@0.000ns fall@2.500ns period=5.000ns})
  Path Group:             clk_i
  Path Type:              Setup (Max at Slow Process Corner)
  Requirement:            5.000ns  (clk_i rise@5.000ns - clk_i rise@0.000ns)
  Data Path Delay:        4.249ns  (logic 1.085ns (25.535%)  route 3.164ns (74.465%))
  Logic Levels:           5  (LUT2=1 LUT5=1 LUT6=3)
  Clock Path Skew:        -0.039ns (DCD - SCD + CPR)
    Destination Clock Delay (DCD):    0.748ns = ( 5.748 - 5.000 ) 
    Source Clock Delay      (SCD):    0.787ns
    Clock Pessimism Removal (CPR):    0.000ns
  Clock Uncertainty:      0.035ns  ((TSJ^2 + TIJ^2)^1/2 + DJ) / 2 + PE
    Total System Jitter     (TSJ):    0.071ns
    Total Input Jitter      (TIJ):    0.000ns
    Discrete Jitter          (DJ):    0.000ns
    Phase Error              (PE):    0.000ns

    Location             Delay type                Incr(ns)  Path(ns)    Netlist Resource(s)
  -------------------------------------------------------------------    -------------------
                         (clock clk_i rise edge)      0.000     0.000 r  
                                                      0.000     0.000 r  clk_i (IN)
                         net (fo=2687, unset)         0.787     0.787    clk_i
                         FDCE                                         r  a_q_reg[4]/C
  -------------------------------------------------------------------    -------------------
                         FDCE (Prop_fdce_C_Q)         0.433     1.220 r  a_q_reg[4]/Q
                         net (fo=38, unplaced)        0.437     1.657    i_vrf/vrf_wd_q_reg[3][63][4]
                         LUT2 (Prop_lut2_I0_O)        0.232     1.889 f  i_vrf/res_q[1]_i_31/O
                         net (fo=2, unplaced)         0.949     2.838    i_vrf/res_q[1]_i_31_n_0
                         LUT6 (Prop_lut6_I1_O)        0.105     2.943 f  i_vrf/res_q[1]_i_20/O
                         net (fo=3, unplaced)         0.365     3.308    i_vrf/a_q_reg[15]
                         LUT6 (Prop_lut6_I4_O)        0.105     3.413 f  i_vrf/res_q[1]_i_11/O
                         net (fo=8, unplaced)         0.385     3.798    i_vrf_n_1246
                         LUT6 (Prop_lut6_I5_O)        0.105     3.903 r  ecc_dst_q[5]_i_4/O
                         net (fo=12, unplaced)        0.630     4.533    ecc_dst_q[5]_i_4_n_0
                         LUT5 (Prop_lut5_I2_O)        0.105     4.638 r  ecc_dst_q[5]_i_1/O
                         net (fo=6, unplaced)         0.398     5.036    ecc_dst_q[5]_i_1_n_0
                         FDCE                                         r  ecc_dst_q_reg[5]/CE
  -------------------------------------------------------------------    -------------------

                         (clock clk_i rise edge)      5.000     5.000 r  
                                                      0.000     5.000 r  clk_i (IN)
                         net (fo=2687, unset)         0.748     5.748    clk_i
                         FDCE                                         r  ecc_dst_q_reg[5]/C
                         clock pessimism              0.000     5.748    
                         clock uncertainty           -0.035     5.712    
                         FDCE (Setup_fdce_C_CE)      -0.136     5.576    ecc_dst_q_reg[5]
  -------------------------------------------------------------------
                         required time                          5.576    
                         arrival time                          -5.036    
  -------------------------------------------------------------------
                         slack                                  0.540    

Slack (MET) :             0.586ns  (required time - arrival time)
  Source:                 a_q_reg[18]/C
                            (rising edge-triggered cell FDCE clocked by clk_i  {rise@0.000ns fall@2.500ns period=5.000ns})
  Destination:            ecc_acc_dst_q_reg[0]/CE
                            (rising edge-triggered cell FDCE clocked by clk_i  {rise@0.000ns fall@2.500ns period=5.000ns})
  Path Group:             clk_i
  Path Type:              Setup (Max at Slow Process Corner)
  Requirement:            5.000ns  (clk_i rise@5.000ns - clk_i rise@0.000ns)
  Data Path Delay:        4.203ns  (logic 1.190ns (28.313%)  route 3.013ns (71.687%))
  Logic Levels:           6  (LUT4=1 LUT5=1 LUT6=4)
  Clock Path Skew:        -0.039ns (DCD - SCD + CPR)
    Destination Clock Delay (DCD):    0.748ns = ( 5.748 - 5.000 ) 
    Source Clock Delay      (SCD):    0.787ns
    Clock Pessimism Removal (CPR):    0.000ns
  Clock Uncertainty:      0.035ns  ((TSJ^2 + TIJ^2)^1/2 + DJ) / 2 + PE
    Total System Jitter     (TSJ):    0.071ns
    Total Input Jitter      (TIJ):    0.000ns
    Discrete Jitter          (DJ):    0.000ns
    Phase Error              (PE):    0.000ns

    Location             Delay type                Incr(ns)  Path(ns)    Netlist Resource(s)
  -------------------------------------------------------------------    -------------------
                         (clock clk_i rise edge)      0.000     0.000 r  
                                                      0.000     0.000 r  clk_i (IN)
                         net (fo=2687, unset)         0.787     0.787    clk_i
                         FDCE                                         r  a_q_reg[18]/C
  -------------------------------------------------------------------    -------------------
                         FDCE (Prop_fdce_C_Q)         0.433     1.220 r  a_q_reg[18]/Q
                         net (fo=29, unplaced)        0.848     2.068    i_vrf/vrf_wd_q_reg[3][63][18]
                         LUT6 (Prop_lut6_I0_O)        0.232     2.300 f  i_vrf/ecc_src_b_q[5]_i_14/O
                         net (fo=1, unplaced)         0.328     2.628    i_vrf/ecc_src_b_q[5]_i_14_n_0
                         LUT6 (Prop_lut6_I2_O)        0.105     2.733 r  i_vrf/ecc_src_b_q[5]_i_11/O
                         net (fo=2, unplaced)         0.339     3.072    i_vrf/a_q_reg[16]_0
                         LUT6 (Prop_lut6_I0_O)        0.105     3.177 r  i_vrf/ecc_src_b_q[5]_i_7/O
                         net (fo=3, unplaced)         0.365     3.542    i_vrf_n_1248
                         LUT5 (Prop_lut5_I0_O)        0.105     3.647 f  ecc_src_b_q[5]_i_4/O
                         net (fo=9, unplaced)         0.388     4.035    ecc_src_b_q[5]_i_4_n_0
                         LUT4 (Prop_lut4_I2_O)        0.105     4.140 r  ecc_acc_dst_q[5]_i_3/O
                         net (fo=1, unplaced)         0.347     4.487    ecc_acc_dst_q[5]_i_3_n_0
                         LUT6 (Prop_lut6_I1_O)        0.105     4.592 r  ecc_acc_dst_q[5]_i_1/O
                         net (fo=6, unplaced)         0.398     4.990    ecc_acc_dst_n
                         FDCE                                         r  ecc_acc_dst_q_reg[0]/CE
  -------------------------------------------------------------------    -------------------

                         (clock clk_i rise edge)      5.000     5.000 r  
                                                      0.000     5.000 r  clk_i (IN)
                         net (fo=2687, unset)         0.748     5.748    clk_i
                         FDCE                                         r  ecc_acc_dst_q_reg[0]/C
                         clock pessimism              0.000     5.748    
                         clock uncertainty           -0.035     5.712    
                         FDCE (Setup_fdce_C_CE)      -0.136     5.576    ecc_acc_dst_q_reg[0]
  -------------------------------------------------------------------
                         required time                          5.576    
                         arrival time                          -4.990    
  -------------------------------------------------------------------
                         slack                                  0.586    

Slack (MET) :             0.586ns  (required time - arrival time)
  Source:                 a_q_reg[18]/C
                            (rising edge-triggered cell FDCE clocked by clk_i  {rise@0.000ns fall@2.500ns period=5.000ns})
  Destination:            ecc_acc_dst_q_reg[1]/CE
                            (rising edge-triggered cell FDCE clocked by clk_i  {rise@0.000ns fall@2.500ns period=5.000ns})
  Path Group:             clk_i
  Path Type:              Setup (Max at Slow Process Corner)
  Requirement:            5.000ns  (clk_i rise@5.000ns - clk_i rise@0.000ns)
  Data Path Delay:        4.203ns  (logic 1.190ns (28.313%)  route 3.013ns (71.687%))
  Logic Levels:           6  (LUT4=1 LUT5=1 LUT6=4)
  Clock Path Skew:        -0.039ns (DCD - SCD + CPR)
    Destination Clock Delay (DCD):    0.748ns = ( 5.748 - 5.000 ) 
    Source Clock Delay      (SCD):    0.787ns
    Clock Pessimism Removal (CPR):    0.000ns
  Clock Uncertainty:      0.035ns  ((TSJ^2 + TIJ^2)^1/2 + DJ) / 2 + PE
    Total System Jitter     (TSJ):    0.071ns
    Total Input Jitter      (TIJ):    0.000ns
    Discrete Jitter          (DJ):    0.000ns
    Phase Error              (PE):    0.000ns

    Location             Delay type                Incr(ns)  Path(ns)    Netlist Resource(s)
  -------------------------------------------------------------------    -------------------
                         (clock clk_i rise edge)      0.000     0.000 r  
                                                      0.000     0.000 r  clk_i (IN)
                         net (fo=2687, unset)         0.787     0.787    clk_i
                         FDCE                                         r  a_q_reg[18]/C
  -------------------------------------------------------------------    -------------------
                         FDCE (Prop_fdce_C_Q)         0.433     1.220 r  a_q_reg[18]/Q
                         net (fo=29, unplaced)        0.848     2.068    i_vrf/vrf_wd_q_reg[3][63][18]
                         LUT6 (Prop_lut6_I0_O)        0.232     2.300 f  i_vrf/ecc_src_b_q[5]_i_14/O
                         net (fo=1, unplaced)         0.328     2.628    i_vrf/ecc_src_b_q[5]_i_14_n_0
                         LUT6 (Prop_lut6_I2_O)        0.105     2.733 r  i_vrf/ecc_src_b_q[5]_i_11/O
                         net (fo=2, unplaced)         0.339     3.072    i_vrf/a_q_reg[16]_0
                         LUT6 (Prop_lut6_I0_O)        0.105     3.177 r  i_vrf/ecc_src_b_q[5]_i_7/O
                         net (fo=3, unplaced)         0.365     3.542    i_vrf_n_1248
                         LUT5 (Prop_lut5_I0_O)        0.105     3.647 f  ecc_src_b_q[5]_i_4/O
                         net (fo=9, unplaced)         0.388     4.035    ecc_src_b_q[5]_i_4_n_0
                         LUT4 (Prop_lut4_I2_O)        0.105     4.140 r  ecc_acc_dst_q[5]_i_3/O
                         net (fo=1, unplaced)         0.347     4.487    ecc_acc_dst_q[5]_i_3_n_0
                         LUT6 (Prop_lut6_I1_O)        0.105     4.592 r  ecc_acc_dst_q[5]_i_1/O
                         net (fo=6, unplaced)         0.398     4.990    ecc_acc_dst_n
                         FDCE                                         r  ecc_acc_dst_q_reg[1]/CE
  -------------------------------------------------------------------    -------------------

                         (clock clk_i rise edge)      5.000     5.000 r  
                                                      0.000     5.000 r  clk_i (IN)
                         net (fo=2687, unset)         0.748     5.748    clk_i
                         FDCE                                         r  ecc_acc_dst_q_reg[1]/C
                         clock pessimism              0.000     5.748    
                         clock uncertainty           -0.035     5.712    
                         FDCE (Setup_fdce_C_CE)      -0.136     5.576    ecc_acc_dst_q_reg[1]
  -------------------------------------------------------------------
                         required time                          5.576    
                         arrival time                          -4.990    
  -------------------------------------------------------------------
                         slack                                  0.586    

Slack (MET) :             0.586ns  (required time - arrival time)
  Source:                 a_q_reg[18]/C
                            (rising edge-triggered cell FDCE clocked by clk_i  {rise@0.000ns fall@2.500ns period=5.000ns})
  Destination:            ecc_acc_dst_q_reg[2]/CE
                            (rising edge-triggered cell FDCE clocked by clk_i  {rise@0.000ns fall@2.500ns period=5.000ns})
  Path Group:             clk_i
  Path Type:              Setup (Max at Slow Process Corner)
  Requirement:            5.000ns  (clk_i rise@5.000ns - clk_i rise@0.000ns)
  Data Path Delay:        4.203ns  (logic 1.190ns (28.313%)  route 3.013ns (71.687%))
  Logic Levels:           6  (LUT4=1 LUT5=1 LUT6=4)
  Clock Path Skew:        -0.039ns (DCD - SCD + CPR)
    Destination Clock Delay (DCD):    0.748ns = ( 5.748 - 5.000 ) 
    Source Clock Delay      (SCD):    0.787ns
    Clock Pessimism Removal (CPR):    0.000ns
  Clock Uncertainty:      0.035ns  ((TSJ^2 + TIJ^2)^1/2 + DJ) / 2 + PE
    Total System Jitter     (TSJ):    0.071ns
    Total Input Jitter      (TIJ):    0.000ns
    Discrete Jitter          (DJ):    0.000ns
    Phase Error              (PE):    0.000ns

    Location             Delay type                Incr(ns)  Path(ns)    Netlist Resource(s)
  -------------------------------------------------------------------    -------------------
                         (clock clk_i rise edge)      0.000     0.000 r  
                                                      0.000     0.000 r  clk_i (IN)
                         net (fo=2687, unset)         0.787     0.787    clk_i
                         FDCE                                         r  a_q_reg[18]/C
  -------------------------------------------------------------------    -------------------
                         FDCE (Prop_fdce_C_Q)         0.433     1.220 r  a_q_reg[18]/Q
                         net (fo=29, unplaced)        0.848     2.068    i_vrf/vrf_wd_q_reg[3][63][18]
                         LUT6 (Prop_lut6_I0_O)        0.232     2.300 f  i_vrf/ecc_src_b_q[5]_i_14/O
                         net (fo=1, unplaced)         0.328     2.628    i_vrf/ecc_src_b_q[5]_i_14_n_0
                         LUT6 (Prop_lut6_I2_O)        0.105     2.733 r  i_vrf/ecc_src_b_q[5]_i_11/O
                         net (fo=2, unplaced)         0.339     3.072    i_vrf/a_q_reg[16]_0
                         LUT6 (Prop_lut6_I0_O)        0.105     3.177 r  i_vrf/ecc_src_b_q[5]_i_7/O
                         net (fo=3, unplaced)         0.365     3.542    i_vrf_n_1248
                         LUT5 (Prop_lut5_I0_O)        0.105     3.647 f  ecc_src_b_q[5]_i_4/O
                         net (fo=9, unplaced)         0.388     4.035    ecc_src_b_q[5]_i_4_n_0
                         LUT4 (Prop_lut4_I2_O)        0.105     4.140 r  ecc_acc_dst_q[5]_i_3/O
                         net (fo=1, unplaced)         0.347     4.487    ecc_acc_dst_q[5]_i_3_n_0
                         LUT6 (Prop_lut6_I1_O)        0.105     4.592 r  ecc_acc_dst_q[5]_i_1/O
                         net (fo=6, unplaced)         0.398     4.990    ecc_acc_dst_n
                         FDCE                                         r  ecc_acc_dst_q_reg[2]/CE
  -------------------------------------------------------------------    -------------------

                         (clock clk_i rise edge)      5.000     5.000 r  
                                                      0.000     5.000 r  clk_i (IN)
                         net (fo=2687, unset)         0.748     5.748    clk_i
                         FDCE                                         r  ecc_acc_dst_q_reg[2]/C
                         clock pessimism              0.000     5.748    
                         clock uncertainty           -0.035     5.712    
                         FDCE (Setup_fdce_C_CE)      -0.136     5.576    ecc_acc_dst_q_reg[2]
  -------------------------------------------------------------------
                         required time                          5.576    
                         arrival time                          -4.990    
  -------------------------------------------------------------------
                         slack                                  0.586    

Slack (MET) :             0.586ns  (required time - arrival time)
  Source:                 a_q_reg[18]/C
                            (rising edge-triggered cell FDCE clocked by clk_i  {rise@0.000ns fall@2.500ns period=5.000ns})
  Destination:            ecc_acc_dst_q_reg[3]/CE
                            (rising edge-triggered cell FDCE clocked by clk_i  {rise@0.000ns fall@2.500ns period=5.000ns})
  Path Group:             clk_i
  Path Type:              Setup (Max at Slow Process Corner)
  Requirement:            5.000ns  (clk_i rise@5.000ns - clk_i rise@0.000ns)
  Data Path Delay:        4.203ns  (logic 1.190ns (28.313%)  route 3.013ns (71.687%))
  Logic Levels:           6  (LUT4=1 LUT5=1 LUT6=4)
  Clock Path Skew:        -0.039ns (DCD - SCD + CPR)
    Destination Clock Delay (DCD):    0.748ns = ( 5.748 - 5.000 ) 
    Source Clock Delay      (SCD):    0.787ns
    Clock Pessimism Removal (CPR):    0.000ns
  Clock Uncertainty:      0.035ns  ((TSJ^2 + TIJ^2)^1/2 + DJ) / 2 + PE
    Total System Jitter     (TSJ):    0.071ns
    Total Input Jitter      (TIJ):    0.000ns
    Discrete Jitter          (DJ):    0.000ns
    Phase Error              (PE):    0.000ns

    Location             Delay type                Incr(ns)  Path(ns)    Netlist Resource(s)
  -------------------------------------------------------------------    -------------------
                         (clock clk_i rise edge)      0.000     0.000 r  
                                                      0.000     0.000 r  clk_i (IN)
                         net (fo=2687, unset)         0.787     0.787    clk_i
                         FDCE                                         r  a_q_reg[18]/C
  -------------------------------------------------------------------    -------------------
                         FDCE (Prop_fdce_C_Q)         0.433     1.220 r  a_q_reg[18]/Q
                         net (fo=29, unplaced)        0.848     2.068    i_vrf/vrf_wd_q_reg[3][63][18]
                         LUT6 (Prop_lut6_I0_O)        0.232     2.300 f  i_vrf/ecc_src_b_q[5]_i_14/O
                         net (fo=1, unplaced)         0.328     2.628    i_vrf/ecc_src_b_q[5]_i_14_n_0
                         LUT6 (Prop_lut6_I2_O)        0.105     2.733 r  i_vrf/ecc_src_b_q[5]_i_11/O
                         net (fo=2, unplaced)         0.339     3.072    i_vrf/a_q_reg[16]_0
                         LUT6 (Prop_lut6_I0_O)        0.105     3.177 r  i_vrf/ecc_src_b_q[5]_i_7/O
                         net (fo=3, unplaced)         0.365     3.542    i_vrf_n_1248
                         LUT5 (Prop_lut5_I0_O)        0.105     3.647 f  ecc_src_b_q[5]_i_4/O
                         net (fo=9, unplaced)         0.388     4.035    ecc_src_b_q[5]_i_4_n_0
                         LUT4 (Prop_lut4_I2_O)        0.105     4.140 r  ecc_acc_dst_q[5]_i_3/O
                         net (fo=1, unplaced)         0.347     4.487    ecc_acc_dst_q[5]_i_3_n_0
                         LUT6 (Prop_lut6_I1_O)        0.105     4.592 r  ecc_acc_dst_q[5]_i_1/O
                         net (fo=6, unplaced)         0.398     4.990    ecc_acc_dst_n
                         FDCE                                         r  ecc_acc_dst_q_reg[3]/CE
  -------------------------------------------------------------------    -------------------

                         (clock clk_i rise edge)      5.000     5.000 r  
                                                      0.000     5.000 r  clk_i (IN)
                         net (fo=2687, unset)         0.748     5.748    clk_i
                         FDCE                                         r  ecc_acc_dst_q_reg[3]/C
                         clock pessimism              0.000     5.748    
                         clock uncertainty           -0.035     5.712    
                         FDCE (Setup_fdce_C_CE)      -0.136     5.576    ecc_acc_dst_q_reg[3]
  -------------------------------------------------------------------
                         required time                          5.576    
                         arrival time                          -4.990    
  -------------------------------------------------------------------
                         slack                                  0.586    

Slack (MET) :             0.586ns  (required time - arrival time)
  Source:                 a_q_reg[18]/C
                            (rising edge-triggered cell FDCE clocked by clk_i  {rise@0.000ns fall@2.500ns period=5.000ns})
  Destination:            ecc_acc_dst_q_reg[4]/CE
                            (rising edge-triggered cell FDCE clocked by clk_i  {rise@0.000ns fall@2.500ns period=5.000ns})
  Path Group:             clk_i
  Path Type:              Setup (Max at Slow Process Corner)
  Requirement:            5.000ns  (clk_i rise@5.000ns - clk_i rise@0.000ns)
  Data Path Delay:        4.203ns  (logic 1.190ns (28.313%)  route 3.013ns (71.687%))
  Logic Levels:           6  (LUT4=1 LUT5=1 LUT6=4)
  Clock Path Skew:        -0.039ns (DCD - SCD + CPR)
    Destination Clock Delay (DCD):    0.748ns = ( 5.748 - 5.000 ) 
    Source Clock Delay      (SCD):    0.787ns
    Clock Pessimism Removal (CPR):    0.000ns
  Clock Uncertainty:      0.035ns  ((TSJ^2 + TIJ^2)^1/2 + DJ) / 2 + PE
    Total System Jitter     (TSJ):    0.071ns
    Total Input Jitter      (TIJ):    0.000ns
    Discrete Jitter          (DJ):    0.000ns
    Phase Error              (PE):    0.000ns

    Location             Delay type                Incr(ns)  Path(ns)    Netlist Resource(s)
  -------------------------------------------------------------------    -------------------
                         (clock clk_i rise edge)      0.000     0.000 r  
                                                      0.000     0.000 r  clk_i (IN)
                         net (fo=2687, unset)         0.787     0.787    clk_i
                         FDCE                                         r  a_q_reg[18]/C
  -------------------------------------------------------------------    -------------------
                         FDCE (Prop_fdce_C_Q)         0.433     1.220 r  a_q_reg[18]/Q
                         net (fo=29, unplaced)        0.848     2.068    i_vrf/vrf_wd_q_reg[3][63][18]
                         LUT6 (Prop_lut6_I0_O)        0.232     2.300 f  i_vrf/ecc_src_b_q[5]_i_14/O
                         net (fo=1, unplaced)         0.328     2.628    i_vrf/ecc_src_b_q[5]_i_14_n_0
                         LUT6 (Prop_lut6_I2_O)        0.105     2.733 r  i_vrf/ecc_src_b_q[5]_i_11/O
                         net (fo=2, unplaced)         0.339     3.072    i_vrf/a_q_reg[16]_0
                         LUT6 (Prop_lut6_I0_O)        0.105     3.177 r  i_vrf/ecc_src_b_q[5]_i_7/O
                         net (fo=3, unplaced)         0.365     3.542    i_vrf_n_1248
                         LUT5 (Prop_lut5_I0_O)        0.105     3.647 f  ecc_src_b_q[5]_i_4/O
                         net (fo=9, unplaced)         0.388     4.035    ecc_src_b_q[5]_i_4_n_0
                         LUT4 (Prop_lut4_I2_O)        0.105     4.140 r  ecc_acc_dst_q[5]_i_3/O
                         net (fo=1, unplaced)         0.347     4.487    ecc_acc_dst_q[5]_i_3_n_0
                         LUT6 (Prop_lut6_I1_O)        0.105     4.592 r  ecc_acc_dst_q[5]_i_1/O
                         net (fo=6, unplaced)         0.398     4.990    ecc_acc_dst_n
                         FDCE                                         r  ecc_acc_dst_q_reg[4]/CE
  -------------------------------------------------------------------    -------------------

                         (clock clk_i rise edge)      5.000     5.000 r  
                                                      0.000     5.000 r  clk_i (IN)
                         net (fo=2687, unset)         0.748     5.748    clk_i
                         FDCE                                         r  ecc_acc_dst_q_reg[4]/C
                         clock pessimism              0.000     5.748    
                         clock uncertainty           -0.035     5.712    
                         FDCE (Setup_fdce_C_CE)      -0.136     5.576    ecc_acc_dst_q_reg[4]
  -------------------------------------------------------------------
                         required time                          5.576    
                         arrival time                          -4.990    
  -------------------------------------------------------------------
                         slack                                  0.586    

Slack (MET) :             0.586ns  (required time - arrival time)
  Source:                 a_q_reg[18]/C
                            (rising edge-triggered cell FDCE clocked by clk_i  {rise@0.000ns fall@2.500ns period=5.000ns})
  Destination:            ecc_acc_dst_q_reg[5]/CE
                            (rising edge-triggered cell FDCE clocked by clk_i  {rise@0.000ns fall@2.500ns period=5.000ns})
  Path Group:             clk_i
  Path Type:              Setup (Max at Slow Process Corner)
  Requirement:            5.000ns  (clk_i rise@5.000ns - clk_i rise@0.000ns)
  Data Path Delay:        4.203ns  (logic 1.190ns (28.313%)  route 3.013ns (71.687%))
  Logic Levels:           6  (LUT4=1 LUT5=1 LUT6=4)
  Clock Path Skew:        -0.039ns (DCD - SCD + CPR)
    Destination Clock Delay (DCD):    0.748ns = ( 5.748 - 5.000 ) 
    Source Clock Delay      (SCD):    0.787ns
    Clock Pessimism Removal (CPR):    0.000ns
  Clock Uncertainty:      0.035ns  ((TSJ^2 + TIJ^2)^1/2 + DJ) / 2 + PE
    Total System Jitter     (TSJ):    0.071ns
    Total Input Jitter      (TIJ):    0.000ns
    Discrete Jitter          (DJ):    0.000ns
    Phase Error              (PE):    0.000ns

    Location             Delay type                Incr(ns)  Path(ns)    Netlist Resource(s)
  -------------------------------------------------------------------    -------------------
                         (clock clk_i rise edge)      0.000     0.000 r  
                                                      0.000     0.000 r  clk_i (IN)
                         net (fo=2687, unset)         0.787     0.787    clk_i
                         FDCE                                         r  a_q_reg[18]/C
  -------------------------------------------------------------------    -------------------
                         FDCE (Prop_fdce_C_Q)         0.433     1.220 r  a_q_reg[18]/Q
                         net (fo=29, unplaced)        0.848     2.068    i_vrf/vrf_wd_q_reg[3][63][18]
                         LUT6 (Prop_lut6_I0_O)        0.232     2.300 f  i_vrf/ecc_src_b_q[5]_i_14/O
                         net (fo=1, unplaced)         0.328     2.628    i_vrf/ecc_src_b_q[5]_i_14_n_0
                         LUT6 (Prop_lut6_I2_O)        0.105     2.733 r  i_vrf/ecc_src_b_q[5]_i_11/O
                         net (fo=2, unplaced)         0.339     3.072    i_vrf/a_q_reg[16]_0
                         LUT6 (Prop_lut6_I0_O)        0.105     3.177 r  i_vrf/ecc_src_b_q[5]_i_7/O
                         net (fo=3, unplaced)         0.365     3.542    i_vrf_n_1248
                         LUT5 (Prop_lut5_I0_O)        0.105     3.647 f  ecc_src_b_q[5]_i_4/O
                         net (fo=9, unplaced)         0.388     4.035    ecc_src_b_q[5]_i_4_n_0
                         LUT4 (Prop_lut4_I2_O)        0.105     4.140 r  ecc_acc_dst_q[5]_i_3/O
                         net (fo=1, unplaced)         0.347     4.487    ecc_acc_dst_q[5]_i_3_n_0
                         LUT6 (Prop_lut6_I1_O)        0.105     4.592 r  ecc_acc_dst_q[5]_i_1/O
                         net (fo=6, unplaced)         0.398     4.990    ecc_acc_dst_n
                         FDCE                                         r  ecc_acc_dst_q_reg[5]/CE
  -------------------------------------------------------------------    -------------------

                         (clock clk_i rise edge)      5.000     5.000 r  
                                                      0.000     5.000 r  clk_i (IN)
                         net (fo=2687, unset)         0.748     5.748    clk_i
                         FDCE                                         r  ecc_acc_dst_q_reg[5]/C
                         clock pessimism              0.000     5.748    
                         clock uncertainty           -0.035     5.712    
                         FDCE (Setup_fdce_C_CE)      -0.136     5.576    ecc_acc_dst_q_reg[5]
  -------------------------------------------------------------------
                         required time                          5.576    
                         arrival time                          -4.990    
  -------------------------------------------------------------------
                         slack                                  0.586    

Slack (MET) :             0.588ns  (required time - arrival time)
  Source:                 a_q_reg[18]/C
                            (rising edge-triggered cell FDCE clocked by clk_i  {rise@0.000ns fall@2.500ns period=5.000ns})
  Destination:            ecc_src_a_q_reg[0]/CE
                            (rising edge-triggered cell FDCE clocked by clk_i  {rise@0.000ns fall@2.500ns period=5.000ns})
  Path Group:             clk_i
  Path Type:              Setup (Max at Slow Process Corner)
  Requirement:            5.000ns  (clk_i rise@5.000ns - clk_i rise@0.000ns)
  Data Path Delay:        4.201ns  (logic 1.190ns (28.327%)  route 3.011ns (71.673%))
  Logic Levels:           6  (LUT4=1 LUT6=5)
  Clock Path Skew:        -0.039ns (DCD - SCD + CPR)
    Destination Clock Delay (DCD):    0.748ns = ( 5.748 - 5.000 ) 
    Source Clock Delay      (SCD):    0.787ns
    Clock Pessimism Removal (CPR):    0.000ns
  Clock Uncertainty:      0.035ns  ((TSJ^2 + TIJ^2)^1/2 + DJ) / 2 + PE
    Total System Jitter     (TSJ):    0.071ns
    Total Input Jitter      (TIJ):    0.000ns
    Discrete Jitter          (DJ):    0.000ns
    Phase Error              (PE):    0.000ns

    Location             Delay type                Incr(ns)  Path(ns)    Netlist Resource(s)
  -------------------------------------------------------------------    -------------------
                         (clock clk_i rise edge)      0.000     0.000 r  
                                                      0.000     0.000 r  clk_i (IN)
                         net (fo=2687, unset)         0.787     0.787    clk_i
                         FDCE                                         r  a_q_reg[18]/C
  -------------------------------------------------------------------    -------------------
                         FDCE (Prop_fdce_C_Q)         0.433     1.220 r  a_q_reg[18]/Q
                         net (fo=29, unplaced)        0.848     2.068    i_vrf/vrf_wd_q_reg[3][63][18]
                         LUT6 (Prop_lut6_I0_O)        0.232     2.300 f  i_vrf/ecc_src_b_q[5]_i_14/O
                         net (fo=1, unplaced)         0.328     2.628    i_vrf/ecc_src_b_q[5]_i_14_n_0
                         LUT6 (Prop_lut6_I2_O)        0.105     2.733 r  i_vrf/ecc_src_b_q[5]_i_11/O
                         net (fo=2, unplaced)         0.339     3.072    i_vrf/a_q_reg[16]_0
                         LUT6 (Prop_lut6_I0_O)        0.105     3.177 r  i_vrf/ecc_src_b_q[5]_i_7/O
                         net (fo=3, unplaced)         0.365     3.542    i_vrf/a_q_reg[19]
                         LUT6 (Prop_lut6_I5_O)        0.105     3.647 r  i_vrf/res_q[1]_i_9/O
                         net (fo=5, unplaced)         0.375     4.022    i_vrf_n_1172
                         LUT6 (Prop_lut6_I0_O)        0.105     4.127 f  ecc_dst_q[5]_i_3/O
                         net (fo=2, unplaced)         0.358     4.485    ecc_dst_q[5]_i_3_n_0
                         LUT4 (Prop_lut4_I2_O)        0.105     4.590 r  ecc_src_a_q[5]_i_1/O
                         net (fo=6, unplaced)         0.398     4.988    ecc_src_a_n
                         FDCE                                         r  ecc_src_a_q_reg[0]/CE
  -------------------------------------------------------------------    -------------------

                         (clock clk_i rise edge)      5.000     5.000 r  
                                                      0.000     5.000 r  clk_i (IN)
                         net (fo=2687, unset)         0.748     5.748    clk_i
                         FDCE                                         r  ecc_src_a_q_reg[0]/C
                         clock pessimism              0.000     5.748    
                         clock uncertainty           -0.035     5.712    
                         FDCE (Setup_fdce_C_CE)      -0.136     5.576    ecc_src_a_q_reg[0]
  -------------------------------------------------------------------
                         required time                          5.576    
                         arrival time                          -4.988    
  -------------------------------------------------------------------
                         slack                                  0.588    

Slack (MET) :             0.588ns  (required time - arrival time)
  Source:                 a_q_reg[18]/C
                            (rising edge-triggered cell FDCE clocked by clk_i  {rise@0.000ns fall@2.500ns period=5.000ns})
  Destination:            ecc_src_a_q_reg[1]/CE
                            (rising edge-triggered cell FDCE clocked by clk_i  {rise@0.000ns fall@2.500ns period=5.000ns})
  Path Group:             clk_i
  Path Type:              Setup (Max at Slow Process Corner)
  Requirement:            5.000ns  (clk_i rise@5.000ns - clk_i rise@0.000ns)
  Data Path Delay:        4.201ns  (logic 1.190ns (28.327%)  route 3.011ns (71.673%))
  Logic Levels:           6  (LUT4=1 LUT6=5)
  Clock Path Skew:        -0.039ns (DCD - SCD + CPR)
    Destination Clock Delay (DCD):    0.748ns = ( 5.748 - 5.000 ) 
    Source Clock Delay      (SCD):    0.787ns
    Clock Pessimism Removal (CPR):    0.000ns
  Clock Uncertainty:      0.035ns  ((TSJ^2 + TIJ^2)^1/2 + DJ) / 2 + PE
    Total System Jitter     (TSJ):    0.071ns
    Total Input Jitter      (TIJ):    0.000ns
    Discrete Jitter          (DJ):    0.000ns
    Phase Error              (PE):    0.000ns

    Location             Delay type                Incr(ns)  Path(ns)    Netlist Resource(s)
  -------------------------------------------------------------------    -------------------
                         (clock clk_i rise edge)      0.000     0.000 r  
                                                      0.000     0.000 r  clk_i (IN)
                         net (fo=2687, unset)         0.787     0.787    clk_i
                         FDCE                                         r  a_q_reg[18]/C
  -------------------------------------------------------------------    -------------------
                         FDCE (Prop_fdce_C_Q)         0.433     1.220 r  a_q_reg[18]/Q
                         net (fo=29, unplaced)        0.848     2.068    i_vrf/vrf_wd_q_reg[3][63][18]
                         LUT6 (Prop_lut6_I0_O)        0.232     2.300 f  i_vrf/ecc_src_b_q[5]_i_14/O
                         net (fo=1, unplaced)         0.328     2.628    i_vrf/ecc_src_b_q[5]_i_14_n_0
                         LUT6 (Prop_lut6_I2_O)        0.105     2.733 r  i_vrf/ecc_src_b_q[5]_i_11/O
                         net (fo=2, unplaced)         0.339     3.072    i_vrf/a_q_reg[16]_0
                         LUT6 (Prop_lut6_I0_O)        0.105     3.177 r  i_vrf/ecc_src_b_q[5]_i_7/O
                         net (fo=3, unplaced)         0.365     3.542    i_vrf/a_q_reg[19]
                         LUT6 (Prop_lut6_I5_O)        0.105     3.647 r  i_vrf/res_q[1]_i_9/O
                         net (fo=5, unplaced)         0.375     4.022    i_vrf_n_1172
                         LUT6 (Prop_lut6_I0_O)        0.105     4.127 f  ecc_dst_q[5]_i_3/O
                         net (fo=2, unplaced)         0.358     4.485    ecc_dst_q[5]_i_3_n_0
                         LUT4 (Prop_lut4_I2_O)        0.105     4.590 r  ecc_src_a_q[5]_i_1/O
                         net (fo=6, unplaced)         0.398     4.988    ecc_src_a_n
                         FDCE                                         r  ecc_src_a_q_reg[1]/CE
  -------------------------------------------------------------------    -------------------

                         (clock clk_i rise edge)      5.000     5.000 r  
                                                      0.000     5.000 r  clk_i (IN)
                         net (fo=2687, unset)         0.748     5.748    clk_i
                         FDCE                                         r  ecc_src_a_q_reg[1]/C
                         clock pessimism              0.000     5.748    
                         clock uncertainty           -0.035     5.712    
                         FDCE (Setup_fdce_C_CE)      -0.136     5.576    ecc_src_a_q_reg[1]
  -------------------------------------------------------------------
                         required time                          5.576    
                         arrival time                          -4.988    
  -------------------------------------------------------------------
                         slack                                  0.588    

Slack (MET) :             0.588ns  (required time - arrival time)
  Source:                 a_q_reg[18]/C
                            (rising edge-triggered cell FDCE clocked by clk_i  {rise@0.000ns fall@2.500ns period=5.000ns})
  Destination:            ecc_src_a_q_reg[2]/CE
                            (rising edge-triggered cell FDCE clocked by clk_i  {rise@0.000ns fall@2.500ns period=5.000ns})
  Path Group:             clk_i
  Path Type:              Setup (Max at Slow Process Corner)
  Requirement:            5.000ns  (clk_i rise@5.000ns - clk_i rise@0.000ns)
  Data Path Delay:        4.201ns  (logic 1.190ns (28.327%)  route 3.011ns (71.673%))
  Logic Levels:           6  (LUT4=1 LUT6=5)
  Clock Path Skew:        -0.039ns (DCD - SCD + CPR)
    Destination Clock Delay (DCD):    0.748ns = ( 5.748 - 5.000 ) 
    Source Clock Delay      (SCD):    0.787ns
    Clock Pessimism Removal (CPR):    0.000ns
  Clock Uncertainty:      0.035ns  ((TSJ^2 + TIJ^2)^1/2 + DJ) / 2 + PE
    Total System Jitter     (TSJ):    0.071ns
    Total Input Jitter      (TIJ):    0.000ns
    Discrete Jitter          (DJ):    0.000ns
    Phase Error              (PE):    0.000ns

    Location             Delay type                Incr(ns)  Path(ns)    Netlist Resource(s)
  -------------------------------------------------------------------    -------------------
                         (clock clk_i rise edge)      0.000     0.000 r  
                                                      0.000     0.000 r  clk_i (IN)
                         net (fo=2687, unset)         0.787     0.787    clk_i
                         FDCE                                         r  a_q_reg[18]/C
  -------------------------------------------------------------------    -------------------
                         FDCE (Prop_fdce_C_Q)         0.433     1.220 r  a_q_reg[18]/Q
                         net (fo=29, unplaced)        0.848     2.068    i_vrf/vrf_wd_q_reg[3][63][18]
                         LUT6 (Prop_lut6_I0_O)        0.232     2.300 f  i_vrf/ecc_src_b_q[5]_i_14/O
                         net (fo=1, unplaced)         0.328     2.628    i_vrf/ecc_src_b_q[5]_i_14_n_0
                         LUT6 (Prop_lut6_I2_O)        0.105     2.733 r  i_vrf/ecc_src_b_q[5]_i_11/O
                         net (fo=2, unplaced)         0.339     3.072    i_vrf/a_q_reg[16]_0
                         LUT6 (Prop_lut6_I0_O)        0.105     3.177 r  i_vrf/ecc_src_b_q[5]_i_7/O
                         net (fo=3, unplaced)         0.365     3.542    i_vrf/a_q_reg[19]
                         LUT6 (Prop_lut6_I5_O)        0.105     3.647 r  i_vrf/res_q[1]_i_9/O
                         net (fo=5, unplaced)         0.375     4.022    i_vrf_n_1172
                         LUT6 (Prop_lut6_I0_O)        0.105     4.127 f  ecc_dst_q[5]_i_3/O
                         net (fo=2, unplaced)         0.358     4.485    ecc_dst_q[5]_i_3_n_0
                         LUT4 (Prop_lut4_I2_O)        0.105     4.590 r  ecc_src_a_q[5]_i_1/O
                         net (fo=6, unplaced)         0.398     4.988    ecc_src_a_n
                         FDCE                                         r  ecc_src_a_q_reg[2]/CE
  -------------------------------------------------------------------    -------------------

                         (clock clk_i rise edge)      5.000     5.000 r  
                                                      0.000     5.000 r  clk_i (IN)
                         net (fo=2687, unset)         0.748     5.748    clk_i
                         FDCE                                         r  ecc_src_a_q_reg[2]/C
                         clock pessimism              0.000     5.748    
                         clock uncertainty           -0.035     5.712    
                         FDCE (Setup_fdce_C_CE)      -0.136     5.576    ecc_src_a_q_reg[2]
  -------------------------------------------------------------------
                         required time                          5.576    
                         arrival time                          -4.988    
  -------------------------------------------------------------------
                         slack                                  0.588    

Slack (MET) :             0.588ns  (required time - arrival time)
  Source:                 a_q_reg[18]/C
                            (rising edge-triggered cell FDCE clocked by clk_i  {rise@0.000ns fall@2.500ns period=5.000ns})
  Destination:            ecc_src_a_q_reg[3]/CE
                            (rising edge-triggered cell FDCE clocked by clk_i  {rise@0.000ns fall@2.500ns period=5.000ns})
  Path Group:             clk_i
  Path Type:              Setup (Max at Slow Process Corner)
  Requirement:            5.000ns  (clk_i rise@5.000ns - clk_i rise@0.000ns)
  Data Path Delay:        4.201ns  (logic 1.190ns (28.327%)  route 3.011ns (71.673%))
  Logic Levels:           6  (LUT4=1 LUT6=5)
  Clock Path Skew:        -0.039ns (DCD - SCD + CPR)
    Destination Clock Delay (DCD):    0.748ns = ( 5.748 - 5.000 ) 
    Source Clock Delay      (SCD):    0.787ns
    Clock Pessimism Removal (CPR):    0.000ns
  Clock Uncertainty:      0.035ns  ((TSJ^2 + TIJ^2)^1/2 + DJ) / 2 + PE
    Total System Jitter     (TSJ):    0.071ns
    Total Input Jitter      (TIJ):    0.000ns
    Discrete Jitter          (DJ):    0.000ns
    Phase Error              (PE):    0.000ns

    Location             Delay type                Incr(ns)  Path(ns)    Netlist Resource(s)
  -------------------------------------------------------------------    -------------------
                         (clock clk_i rise edge)      0.000     0.000 r  
                                                      0.000     0.000 r  clk_i (IN)
                         net (fo=2687, unset)         0.787     0.787    clk_i
                         FDCE                                         r  a_q_reg[18]/C
  -------------------------------------------------------------------    -------------------
                         FDCE (Prop_fdce_C_Q)         0.433     1.220 r  a_q_reg[18]/Q
                         net (fo=29, unplaced)        0.848     2.068    i_vrf/vrf_wd_q_reg[3][63][18]
                         LUT6 (Prop_lut6_I0_O)        0.232     2.300 f  i_vrf/ecc_src_b_q[5]_i_14/O
                         net (fo=1, unplaced)         0.328     2.628    i_vrf/ecc_src_b_q[5]_i_14_n_0
                         LUT6 (Prop_lut6_I2_O)        0.105     2.733 r  i_vrf/ecc_src_b_q[5]_i_11/O
                         net (fo=2, unplaced)         0.339     3.072    i_vrf/a_q_reg[16]_0
                         LUT6 (Prop_lut6_I0_O)        0.105     3.177 r  i_vrf/ecc_src_b_q[5]_i_7/O
                         net (fo=3, unplaced)         0.365     3.542    i_vrf/a_q_reg[19]
                         LUT6 (Prop_lut6_I5_O)        0.105     3.647 r  i_vrf/res_q[1]_i_9/O
                         net (fo=5, unplaced)         0.375     4.022    i_vrf_n_1172
                         LUT6 (Prop_lut6_I0_O)        0.105     4.127 f  ecc_dst_q[5]_i_3/O
                         net (fo=2, unplaced)         0.358     4.485    ecc_dst_q[5]_i_3_n_0
                         LUT4 (Prop_lut4_I2_O)        0.105     4.590 r  ecc_src_a_q[5]_i_1/O
                         net (fo=6, unplaced)         0.398     4.988    ecc_src_a_n
                         FDCE                                         r  ecc_src_a_q_reg[3]/CE
  -------------------------------------------------------------------    -------------------

                         (clock clk_i rise edge)      5.000     5.000 r  
                                                      0.000     5.000 r  clk_i (IN)
                         net (fo=2687, unset)         0.748     5.748    clk_i
                         FDCE                                         r  ecc_src_a_q_reg[3]/C
                         clock pessimism              0.000     5.748    
                         clock uncertainty           -0.035     5.712    
                         FDCE (Setup_fdce_C_CE)      -0.136     5.576    ecc_src_a_q_reg[3]
  -------------------------------------------------------------------
                         required time                          5.576    
                         arrival time                          -4.988    
  -------------------------------------------------------------------
                         slack                                  0.588    

Slack (MET) :             0.588ns  (required time - arrival time)
  Source:                 a_q_reg[18]/C
                            (rising edge-triggered cell FDCE clocked by clk_i  {rise@0.000ns fall@2.500ns period=5.000ns})
  Destination:            ecc_src_a_q_reg[4]/CE
                            (rising edge-triggered cell FDCE clocked by clk_i  {rise@0.000ns fall@2.500ns period=5.000ns})
  Path Group:             clk_i
  Path Type:              Setup (Max at Slow Process Corner)
  Requirement:            5.000ns  (clk_i rise@5.000ns - clk_i rise@0.000ns)
  Data Path Delay:        4.201ns  (logic 1.190ns (28.327%)  route 3.011ns (71.673%))
  Logic Levels:           6  (LUT4=1 LUT6=5)
  Clock Path Skew:        -0.039ns (DCD - SCD + CPR)
    Destination Clock Delay (DCD):    0.748ns = ( 5.748 - 5.000 ) 
    Source Clock Delay      (SCD):    0.787ns
    Clock Pessimism Removal (CPR):    0.000ns
  Clock Uncertainty:      0.035ns  ((TSJ^2 + TIJ^2)^1/2 + DJ) / 2 + PE
    Total System Jitter     (TSJ):    0.071ns
    Total Input Jitter      (TIJ):    0.000ns
    Discrete Jitter          (DJ):    0.000ns
    Phase Error              (PE):    0.000ns

    Location             Delay type                Incr(ns)  Path(ns)    Netlist Resource(s)
  -------------------------------------------------------------------    -------------------
                         (clock clk_i rise edge)      0.000     0.000 r  
                                                      0.000     0.000 r  clk_i (IN)
                         net (fo=2687, unset)         0.787     0.787    clk_i
                         FDCE                                         r  a_q_reg[18]/C
  -------------------------------------------------------------------    -------------------
                         FDCE (Prop_fdce_C_Q)         0.433     1.220 r  a_q_reg[18]/Q
                         net (fo=29, unplaced)        0.848     2.068    i_vrf/vrf_wd_q_reg[3][63][18]
                         LUT6 (Prop_lut6_I0_O)        0.232     2.300 f  i_vrf/ecc_src_b_q[5]_i_14/O
                         net (fo=1, unplaced)         0.328     2.628    i_vrf/ecc_src_b_q[5]_i_14_n_0
                         LUT6 (Prop_lut6_I2_O)        0.105     2.733 r  i_vrf/ecc_src_b_q[5]_i_11/O
                         net (fo=2, unplaced)         0.339     3.072    i_vrf/a_q_reg[16]_0
                         LUT6 (Prop_lut6_I0_O)        0.105     3.177 r  i_vrf/ecc_src_b_q[5]_i_7/O
                         net (fo=3, unplaced)         0.365     3.542    i_vrf/a_q_reg[19]
                         LUT6 (Prop_lut6_I5_O)        0.105     3.647 r  i_vrf/res_q[1]_i_9/O
                         net (fo=5, unplaced)         0.375     4.022    i_vrf_n_1172
                         LUT6 (Prop_lut6_I0_O)        0.105     4.127 f  ecc_dst_q[5]_i_3/O
                         net (fo=2, unplaced)         0.358     4.485    ecc_dst_q[5]_i_3_n_0
                         LUT4 (Prop_lut4_I2_O)        0.105     4.590 r  ecc_src_a_q[5]_i_1/O
                         net (fo=6, unplaced)         0.398     4.988    ecc_src_a_n
                         FDCE                                         r  ecc_src_a_q_reg[4]/CE
  -------------------------------------------------------------------    -------------------

                         (clock clk_i rise edge)      5.000     5.000 r  
                                                      0.000     5.000 r  clk_i (IN)
                         net (fo=2687, unset)         0.748     5.748    clk_i
                         FDCE                                         r  ecc_src_a_q_reg[4]/C
                         clock pessimism              0.000     5.748    
                         clock uncertainty           -0.035     5.712    
                         FDCE (Setup_fdce_C_CE)      -0.136     5.576    ecc_src_a_q_reg[4]
  -------------------------------------------------------------------
                         required time                          5.576    
                         arrival time                          -4.988    
  -------------------------------------------------------------------
                         slack                                  0.588    

Slack (MET) :             0.588ns  (required time - arrival time)
  Source:                 a_q_reg[18]/C
                            (rising edge-triggered cell FDCE clocked by clk_i  {rise@0.000ns fall@2.500ns period=5.000ns})
  Destination:            ecc_src_a_q_reg[5]/CE
                            (rising edge-triggered cell FDCE clocked by clk_i  {rise@0.000ns fall@2.500ns period=5.000ns})
  Path Group:             clk_i
  Path Type:              Setup (Max at Slow Process Corner)
  Requirement:            5.000ns  (clk_i rise@5.000ns - clk_i rise@0.000ns)
  Data Path Delay:        4.201ns  (logic 1.190ns (28.327%)  route 3.011ns (71.673%))
  Logic Levels:           6  (LUT4=1 LUT6=5)
  Clock Path Skew:        -0.039ns (DCD - SCD + CPR)
    Destination Clock Delay (DCD):    0.748ns = ( 5.748 - 5.000 ) 
    Source Clock Delay      (SCD):    0.787ns
    Clock Pessimism Removal (CPR):    0.000ns
  Clock Uncertainty:      0.035ns  ((TSJ^2 + TIJ^2)^1/2 + DJ) / 2 + PE
    Total System Jitter     (TSJ):    0.071ns
    Total Input Jitter      (TIJ):    0.000ns
    Discrete Jitter          (DJ):    0.000ns
    Phase Error              (PE):    0.000ns

    Location             Delay type                Incr(ns)  Path(ns)    Netlist Resource(s)
  -------------------------------------------------------------------    -------------------
                         (clock clk_i rise edge)      0.000     0.000 r  
                                                      0.000     0.000 r  clk_i (IN)
                         net (fo=2687, unset)         0.787     0.787    clk_i
                         FDCE                                         r  a_q_reg[18]/C
  -------------------------------------------------------------------    -------------------
                         FDCE (Prop_fdce_C_Q)         0.433     1.220 r  a_q_reg[18]/Q
                         net (fo=29, unplaced)        0.848     2.068    i_vrf/vrf_wd_q_reg[3][63][18]
                         LUT6 (Prop_lut6_I0_O)        0.232     2.300 f  i_vrf/ecc_src_b_q[5]_i_14/O
                         net (fo=1, unplaced)         0.328     2.628    i_vrf/ecc_src_b_q[5]_i_14_n_0
                         LUT6 (Prop_lut6_I2_O)        0.105     2.733 r  i_vrf/ecc_src_b_q[5]_i_11/O
                         net (fo=2, unplaced)         0.339     3.072    i_vrf/a_q_reg[16]_0
                         LUT6 (Prop_lut6_I0_O)        0.105     3.177 r  i_vrf/ecc_src_b_q[5]_i_7/O
                         net (fo=3, unplaced)         0.365     3.542    i_vrf/a_q_reg[19]
                         LUT6 (Prop_lut6_I5_O)        0.105     3.647 r  i_vrf/res_q[1]_i_9/O
                         net (fo=5, unplaced)         0.375     4.022    i_vrf_n_1172
                         LUT6 (Prop_lut6_I0_O)        0.105     4.127 f  ecc_dst_q[5]_i_3/O
                         net (fo=2, unplaced)         0.358     4.485    ecc_dst_q[5]_i_3_n_0
                         LUT4 (Prop_lut4_I2_O)        0.105     4.590 r  ecc_src_a_q[5]_i_1/O
                         net (fo=6, unplaced)         0.398     4.988    ecc_src_a_n
                         FDCE                                         r  ecc_src_a_q_reg[5]/CE
  -------------------------------------------------------------------    -------------------

                         (clock clk_i rise edge)      5.000     5.000 r  
                                                      0.000     5.000 r  clk_i (IN)
                         net (fo=2687, unset)         0.748     5.748    clk_i
                         FDCE                                         r  ecc_src_a_q_reg[5]/C
                         clock pessimism              0.000     5.748    
                         clock uncertainty           -0.035     5.712    
                         FDCE (Setup_fdce_C_CE)      -0.136     5.576    ecc_src_a_q_reg[5]
  -------------------------------------------------------------------
                         required time                          5.576    
                         arrival time                          -4.988    
  -------------------------------------------------------------------
                         slack                                  0.588    

Slack (MET) :             0.600ns  (required time - arrival time)
  Source:                 gen_lane[2].i_p2_pop_slice/popcount_part_q_o_reg[1][0]/C
                            (rising edge-triggered cell FDCE clocked by clk_i  {rise@0.000ns fall@2.500ns period=5.000ns})
  Destination:            group_dist_q_reg[5]/D
                            (rising edge-triggered cell FDCE clocked by clk_i  {rise@0.000ns fall@2.500ns period=5.000ns})
  Path Group:             clk_i
  Path Type:              Setup (Max at Slow Process Corner)
  Requirement:            5.000ns  (clk_i rise@5.000ns - clk_i rise@0.000ns)
  Data Path Delay:        4.426ns  (logic 2.168ns (48.983%)  route 2.258ns (51.017%))
  Logic Levels:           7  (CARRY4=3 LUT3=2 LUT5=1 LUT6=1)
  Clock Path Skew:        -0.039ns (DCD - SCD + CPR)
    Destination Clock Delay (DCD):    0.748ns = ( 5.748 - 5.000 ) 
    Source Clock Delay      (SCD):    0.787ns
    Clock Pessimism Removal (CPR):    0.000ns
  Clock Uncertainty:      0.035ns  ((TSJ^2 + TIJ^2)^1/2 + DJ) / 2 + PE
    Total System Jitter     (TSJ):    0.071ns
    Total Input Jitter      (TIJ):    0.000ns
    Discrete Jitter          (DJ):    0.000ns
    Phase Error              (PE):    0.000ns

    Location             Delay type                Incr(ns)  Path(ns)    Netlist Resource(s)
  -------------------------------------------------------------------    -------------------
                         (clock clk_i rise edge)      0.000     0.000 r  
                                                      0.000     0.000 r  clk_i (IN)
                         net (fo=2687, unset)         0.787     0.787    gen_lane[2].i_p2_pop_slice/clk_i
                         FDCE                                         r  gen_lane[2].i_p2_pop_slice/popcount_part_q_o_reg[1][0]/C
  -------------------------------------------------------------------    -------------------
                         FDCE (Prop_fdce_C_Q)         0.433     1.220 r  gen_lane[2].i_p2_pop_slice/popcount_part_q_o_reg[1][0]/Q
                         net (fo=4, unplaced)         0.623     1.843    gen_lane[2].i_p2_pop_slice/lane_popcnt_part_q[2][1][0]
                         LUT3 (Prop_lut3_I0_O)        0.232     2.075 r  gen_lane[2].i_p2_pop_slice/group_dist_q[7]_i_18/O
                         net (fo=1, unplaced)         0.537     2.612    gen_lane[2].i_p2_pop_slice/group_dist_q[7]_i_18_n_0
                         CARRY4 (Prop_carry4_DI[1]_O[2])
                                                      0.466     3.078 r  gen_lane[2].i_p2_pop_slice/group_dist_q_reg[7]_i_12/O[2]
                         net (fo=3, unplaced)         0.367     3.445    gen_lane[3].i_p2_pop_slice/O[1]
                         LUT3 (Prop_lut3_I2_O)        0.244     3.689 r  gen_lane[3].i_p2_pop_slice/group_dist_q[3]_i_9/O
                         net (fo=3, unplaced)         0.365     4.054    gen_lane[3].i_p2_pop_slice/popcount_part_q_o_reg[1][2]_0
                         LUT5 (Prop_lut5_I1_O)        0.105     4.159 r  gen_lane[3].i_p2_pop_slice/group_dist_q[3]_i_2/O
                         net (fo=2, unplaced)         0.358     4.517    gen_lane[3].i_p2_pop_slice/group_dist_q[3]_i_2_n_0
                         LUT6 (Prop_lut6_I0_O)        0.105     4.622 r  gen_lane[3].i_p2_pop_slice/group_dist_q[3]_i_5/O
                         net (fo=1, unplaced)         0.000     4.622    gen_lane[3].i_p2_pop_slice/group_dist_q[3]_i_5_n_0
                         CARRY4 (Prop_carry4_S[3]_CO[3])
                                                      0.314     4.936 r  gen_lane[3].i_p2_pop_slice/group_dist_q_reg[3]_i_1/CO[3]
                         net (fo=1, unplaced)         0.008     4.944    gen_lane[3].i_p2_pop_slice/group_dist_q_reg[3]_i_1_n_0
                         CARRY4 (Prop_carry4_CI_O[1])
                                                      0.269     5.213 r  gen_lane[3].i_p2_pop_slice/group_dist_q_reg[7]_i_1/O[1]
                         net (fo=1, unplaced)         0.000     5.213    group_dist_sum[5]
                         FDCE                                         r  group_dist_q_reg[5]/D
  -------------------------------------------------------------------    -------------------

                         (clock clk_i rise edge)      5.000     5.000 r  
                                                      0.000     5.000 r  clk_i (IN)
                         net (fo=2687, unset)         0.748     5.748    clk_i
                         FDCE                                         r  group_dist_q_reg[5]/C
                         clock pessimism              0.000     5.748    
                         clock uncertainty           -0.035     5.712    
                         FDCE (Setup_fdce_C_D)        0.101     5.813    group_dist_q_reg[5]
  -------------------------------------------------------------------
                         required time                          5.813    
                         arrival time                          -5.213    
  -------------------------------------------------------------------
                         slack                                  0.600    

Slack (MET) :             0.637ns  (required time - arrival time)
  Source:                 st_q_reg[4]_rep__1/C
                            (rising edge-triggered cell FDCE clocked by clk_i  {rise@0.000ns fall@2.500ns period=5.000ns})
  Destination:            vrf_ra_q_reg[1][3]/D
                            (rising edge-triggered cell FDCE clocked by clk_i  {rise@0.000ns fall@2.500ns period=5.000ns})
  Path Group:             clk_i
  Path Type:              Setup (Max at Slow Process Corner)
  Requirement:            5.000ns  (clk_i rise@5.000ns - clk_i rise@0.000ns)
  Data Path Delay:        4.360ns  (logic 1.085ns (24.885%)  route 3.275ns (75.115%))
  Logic Levels:           5  (LUT4=1 LUT5=1 LUT6=3)
  Clock Path Skew:        -0.039ns (DCD - SCD + CPR)
    Destination Clock Delay (DCD):    0.748ns = ( 5.748 - 5.000 ) 
    Source Clock Delay      (SCD):    0.787ns
    Clock Pessimism Removal (CPR):    0.000ns
  Clock Uncertainty:      0.035ns  ((TSJ^2 + TIJ^2)^1/2 + DJ) / 2 + PE
    Total System Jitter     (TSJ):    0.071ns
    Total Input Jitter      (TIJ):    0.000ns
    Discrete Jitter          (DJ):    0.000ns
    Phase Error              (PE):    0.000ns

    Location             Delay type                Incr(ns)  Path(ns)    Netlist Resource(s)
  -------------------------------------------------------------------    -------------------
                         (clock clk_i rise edge)      0.000     0.000 r  
                                                      0.000     0.000 r  clk_i (IN)
                         net (fo=2687, unset)         0.787     0.787    clk_i
                         FDCE                                         r  st_q_reg[4]_rep__1/C
  -------------------------------------------------------------------    -------------------
                         FDCE (Prop_fdce_C_Q)         0.433     1.220 r  st_q_reg[4]_rep__1/Q
                         net (fo=105, unplaced)       0.880     2.100    st_q_reg[4]_rep__1_n_0
                         LUT6 (Prop_lut6_I0_O)        0.232     2.332 r  vrf_ra_q[3][5]_i_18/O
                         net (fo=10, unplaced)        0.625     2.957    vrf_ra_q[3][5]_i_18_n_0
                         LUT4 (Prop_lut4_I0_O)        0.105     3.062 r  vrf_ra_q[3][3]_i_14/O
                         net (fo=1, unplaced)         0.582     3.644    vrf_ra_q[3][3]_i_14_n_0
                         LUT5 (Prop_lut5_I1_O)        0.105     3.749 f  vrf_ra_q[3][3]_i_8/O
                         net (fo=1, unplaced)         0.582     4.331    vrf_ra_q[3][3]_i_8_n_0
                         LUT6 (Prop_lut6_I2_O)        0.105     4.436 r  vrf_ra_q[3][3]_i_2/O
                         net (fo=4, unplaced)         0.606     5.042    vrf_ra_q[3][3]_i_2_n_0
                         LUT6 (Prop_lut6_I0_O)        0.105     5.147 r  vrf_ra_q[1][3]_i_1/O
                         net (fo=1, unplaced)         0.000     5.147    vrf_ra_q[1][3]_i_1_n_0
                         FDCE                                         r  vrf_ra_q_reg[1][3]/D
  -------------------------------------------------------------------    -------------------

                         (clock clk_i rise edge)      5.000     5.000 r  
                                                      0.000     5.000 r  clk_i (IN)
                         net (fo=2687, unset)         0.748     5.748    clk_i
                         FDCE                                         r  vrf_ra_q_reg[1][3]/C
                         clock pessimism              0.000     5.748    
                         clock uncertainty           -0.035     5.712    
                         FDCE (Setup_fdce_C_D)        0.072     5.784    vrf_ra_q_reg[1][3]
  -------------------------------------------------------------------
                         required time                          5.784    
                         arrival time                          -5.147    
  -------------------------------------------------------------------
                         slack                                  0.637    

Slack (MET) :             0.637ns  (required time - arrival time)
  Source:                 st_q_reg[4]_rep__1/C
                            (rising edge-triggered cell FDCE clocked by clk_i  {rise@0.000ns fall@2.500ns period=5.000ns})
  Destination:            vrf_ra_q_reg[2][3]/D
                            (rising edge-triggered cell FDCE clocked by clk_i  {rise@0.000ns fall@2.500ns period=5.000ns})
  Path Group:             clk_i
  Path Type:              Setup (Max at Slow Process Corner)
  Requirement:            5.000ns  (clk_i rise@5.000ns - clk_i rise@0.000ns)
  Data Path Delay:        4.360ns  (logic 1.085ns (24.885%)  route 3.275ns (75.115%))
  Logic Levels:           5  (LUT4=1 LUT5=1 LUT6=3)
  Clock Path Skew:        -0.039ns (DCD - SCD + CPR)
    Destination Clock Delay (DCD):    0.748ns = ( 5.748 - 5.000 ) 
    Source Clock Delay      (SCD):    0.787ns
    Clock Pessimism Removal (CPR):    0.000ns
  Clock Uncertainty:      0.035ns  ((TSJ^2 + TIJ^2)^1/2 + DJ) / 2 + PE
    Total System Jitter     (TSJ):    0.071ns
    Total Input Jitter      (TIJ):    0.000ns
    Discrete Jitter          (DJ):    0.000ns
    Phase Error              (PE):    0.000ns

    Location             Delay type                Incr(ns)  Path(ns)    Netlist Resource(s)
  -------------------------------------------------------------------    -------------------
                         (clock clk_i rise edge)      0.000     0.000 r  
                                                      0.000     0.000 r  clk_i (IN)
                         net (fo=2687, unset)         0.787     0.787    clk_i
                         FDCE                                         r  st_q_reg[4]_rep__1/C
  -------------------------------------------------------------------    -------------------
                         FDCE (Prop_fdce_C_Q)         0.433     1.220 r  st_q_reg[4]_rep__1/Q
                         net (fo=105, unplaced)       0.880     2.100    st_q_reg[4]_rep__1_n_0
                         LUT6 (Prop_lut6_I0_O)        0.232     2.332 r  vrf_ra_q[3][5]_i_18/O
                         net (fo=10, unplaced)        0.625     2.957    vrf_ra_q[3][5]_i_18_n_0
                         LUT4 (Prop_lut4_I0_O)        0.105     3.062 r  vrf_ra_q[3][3]_i_14/O
                         net (fo=1, unplaced)         0.582     3.644    vrf_ra_q[3][3]_i_14_n_0
                         LUT5 (Prop_lut5_I1_O)        0.105     3.749 f  vrf_ra_q[3][3]_i_8/O
                         net (fo=1, unplaced)         0.582     4.331    vrf_ra_q[3][3]_i_8_n_0
                         LUT6 (Prop_lut6_I2_O)        0.105     4.436 r  vrf_ra_q[3][3]_i_2/O
                         net (fo=4, unplaced)         0.606     5.042    vrf_ra_q[3][3]_i_2_n_0
                         LUT6 (Prop_lut6_I0_O)        0.105     5.147 r  vrf_ra_q[2][3]_i_1/O
                         net (fo=1, unplaced)         0.000     5.147    vrf_ra_q[2][3]_i_1_n_0
                         FDCE                                         r  vrf_ra_q_reg[2][3]/D
  -------------------------------------------------------------------    -------------------

                         (clock clk_i rise edge)      5.000     5.000 r  
                                                      0.000     5.000 r  clk_i (IN)
                         net (fo=2687, unset)         0.748     5.748    clk_i
                         FDCE                                         r  vrf_ra_q_reg[2][3]/C
                         clock pessimism              0.000     5.748    
                         clock uncertainty           -0.035     5.712    
                         FDCE (Setup_fdce_C_D)        0.072     5.784    vrf_ra_q_reg[2][3]
  -------------------------------------------------------------------
                         required time                          5.784    
                         arrival time                          -5.147    
  -------------------------------------------------------------------
                         slack                                  0.637    

Slack (MET) :             0.637ns  (required time - arrival time)
  Source:                 st_q_reg[4]_rep__1/C
                            (rising edge-triggered cell FDCE clocked by clk_i  {rise@0.000ns fall@2.500ns period=5.000ns})
  Destination:            vrf_ra_q_reg[3][3]/D
                            (rising edge-triggered cell FDCE clocked by clk_i  {rise@0.000ns fall@2.500ns period=5.000ns})
  Path Group:             clk_i
  Path Type:              Setup (Max at Slow Process Corner)
  Requirement:            5.000ns  (clk_i rise@5.000ns - clk_i rise@0.000ns)
  Data Path Delay:        4.360ns  (logic 1.085ns (24.885%)  route 3.275ns (75.115%))
  Logic Levels:           5  (LUT4=1 LUT5=1 LUT6=3)
  Clock Path Skew:        -0.039ns (DCD - SCD + CPR)
    Destination Clock Delay (DCD):    0.748ns = ( 5.748 - 5.000 ) 
    Source Clock Delay      (SCD):    0.787ns
    Clock Pessimism Removal (CPR):    0.000ns
  Clock Uncertainty:      0.035ns  ((TSJ^2 + TIJ^2)^1/2 + DJ) / 2 + PE
    Total System Jitter     (TSJ):    0.071ns
    Total Input Jitter      (TIJ):    0.000ns
    Discrete Jitter          (DJ):    0.000ns
    Phase Error              (PE):    0.000ns

    Location             Delay type                Incr(ns)  Path(ns)    Netlist Resource(s)
  -------------------------------------------------------------------    -------------------
                         (clock clk_i rise edge)      0.000     0.000 r  
                                                      0.000     0.000 r  clk_i (IN)
                         net (fo=2687, unset)         0.787     0.787    clk_i
                         FDCE                                         r  st_q_reg[4]_rep__1/C
  -------------------------------------------------------------------    -------------------
                         FDCE (Prop_fdce_C_Q)         0.433     1.220 r  st_q_reg[4]_rep__1/Q
                         net (fo=105, unplaced)       0.880     2.100    st_q_reg[4]_rep__1_n_0
                         LUT6 (Prop_lut6_I0_O)        0.232     2.332 r  vrf_ra_q[3][5]_i_18/O
                         net (fo=10, unplaced)        0.625     2.957    vrf_ra_q[3][5]_i_18_n_0
                         LUT4 (Prop_lut4_I0_O)        0.105     3.062 r  vrf_ra_q[3][3]_i_14/O
                         net (fo=1, unplaced)         0.582     3.644    vrf_ra_q[3][3]_i_14_n_0
                         LUT5 (Prop_lut5_I1_O)        0.105     3.749 f  vrf_ra_q[3][3]_i_8/O
                         net (fo=1, unplaced)         0.582     4.331    vrf_ra_q[3][3]_i_8_n_0
                         LUT6 (Prop_lut6_I2_O)        0.105     4.436 r  vrf_ra_q[3][3]_i_2/O
                         net (fo=4, unplaced)         0.606     5.042    vrf_ra_q[3][3]_i_2_n_0
                         LUT6 (Prop_lut6_I0_O)        0.105     5.147 r  vrf_ra_q[3][3]_i_1/O
                         net (fo=1, unplaced)         0.000     5.147    vrf_ra_q[3][3]_i_1_n_0
                         FDCE                                         r  vrf_ra_q_reg[3][3]/D
  -------------------------------------------------------------------    -------------------

                         (clock clk_i rise edge)      5.000     5.000 r  
                                                      0.000     5.000 r  clk_i (IN)
                         net (fo=2687, unset)         0.748     5.748    clk_i
                         FDCE                                         r  vrf_ra_q_reg[3][3]/C
                         clock pessimism              0.000     5.748    
                         clock uncertainty           -0.035     5.712    
                         FDCE (Setup_fdce_C_D)        0.072     5.784    vrf_ra_q_reg[3][3]
  -------------------------------------------------------------------
                         required time                          5.784    
                         arrival time                          -5.147    
  -------------------------------------------------------------------
                         slack                                  0.637    

Slack (MET) :             0.670ns  (required time - arrival time)
  Source:                 a_q_reg[4]/C
                            (rising edge-triggered cell FDCE clocked by clk_i  {rise@0.000ns fall@2.500ns period=5.000ns})
  Destination:            vrf_ra_q_reg[0][3]/D
                            (rising edge-triggered cell FDCE clocked by clk_i  {rise@0.000ns fall@2.500ns period=5.000ns})
  Path Group:             clk_i
  Path Type:              Setup (Max at Slow Process Corner)
  Requirement:            5.000ns  (clk_i rise@5.000ns - clk_i rise@0.000ns)
  Data Path Delay:        4.327ns  (logic 1.190ns (27.502%)  route 3.137ns (72.498%))
  Logic Levels:           6  (LUT2=1 LUT6=5)
  Clock Path Skew:        -0.039ns (DCD - SCD + CPR)
    Destination Clock Delay (DCD):    0.748ns = ( 5.748 - 5.000 ) 
    Source Clock Delay      (SCD):    0.787ns
    Clock Pessimism Removal (CPR):    0.000ns
  Clock Uncertainty:      0.035ns  ((TSJ^2 + TIJ^2)^1/2 + DJ) / 2 + PE
    Total System Jitter     (TSJ):    0.071ns
    Total Input Jitter      (TIJ):    0.000ns
    Discrete Jitter          (DJ):    0.000ns
    Phase Error              (PE):    0.000ns

    Location             Delay type                Incr(ns)  Path(ns)    Netlist Resource(s)
  -------------------------------------------------------------------    -------------------
                         (clock clk_i rise edge)      0.000     0.000 r  
                                                      0.000     0.000 r  clk_i (IN)
                         net (fo=2687, unset)         0.787     0.787    clk_i
                         FDCE                                         r  a_q_reg[4]/C
  -------------------------------------------------------------------    -------------------
                         FDCE (Prop_fdce_C_Q)         0.433     1.220 r  a_q_reg[4]/Q
                         net (fo=38, unplaced)        0.437     1.657    i_vrf/vrf_wd_q_reg[3][63][4]
                         LUT2 (Prop_lut2_I0_O)        0.232     1.889 f  i_vrf/res_q[1]_i_31/O
                         net (fo=2, unplaced)         0.949     2.838    i_vrf/res_q[1]_i_31_n_0
                         LUT6 (Prop_lut6_I1_O)        0.105     2.943 f  i_vrf/res_q[1]_i_20/O
                         net (fo=3, unplaced)         0.365     3.308    i_vrf/a_q_reg[15]
                         LUT6 (Prop_lut6_I4_O)        0.105     3.413 f  i_vrf/res_q[1]_i_11/O
                         net (fo=8, unplaced)         0.385     3.798    i_vrf_n_1246
                         LUT6 (Prop_lut6_I5_O)        0.105     3.903 r  ecc_dst_q[5]_i_4/O
                         net (fo=12, unplaced)        0.395     4.298    ecc_dst_q[5]_i_4_n_0
                         LUT6 (Prop_lut6_I3_O)        0.105     4.403 f  vrf_ra_q[3][3]_i_4/O
                         net (fo=4, unplaced)         0.606     5.009    vrf_ra_q[3][3]_i_4_n_0
                         LUT6 (Prop_lut6_I2_O)        0.105     5.114 r  vrf_ra_q[0][3]_i_1/O
                         net (fo=1, unplaced)         0.000     5.114    vrf_ra_q[0][3]_i_1_n_0
                         FDCE                                         r  vrf_ra_q_reg[0][3]/D
  -------------------------------------------------------------------    -------------------

                         (clock clk_i rise edge)      5.000     5.000 r  
                                                      0.000     5.000 r  clk_i (IN)
                         net (fo=2687, unset)         0.748     5.748    clk_i
                         FDCE                                         r  vrf_ra_q_reg[0][3]/C
                         clock pessimism              0.000     5.748    
                         clock uncertainty           -0.035     5.712    
                         FDCE (Setup_fdce_C_D)        0.072     5.784    vrf_ra_q_reg[0][3]
  -------------------------------------------------------------------
                         required time                          5.784    
                         arrival time                          -5.114    
  -------------------------------------------------------------------
                         slack                                  0.670    

Slack (MET) :             0.670ns  (required time - arrival time)
  Source:                 a_q_reg[4]/C
                            (rising edge-triggered cell FDCE clocked by clk_i  {rise@0.000ns fall@2.500ns period=5.000ns})
  Destination:            vrf_ra_q_reg[0][4]/D
                            (rising edge-triggered cell FDCE clocked by clk_i  {rise@0.000ns fall@2.500ns period=5.000ns})
  Path Group:             clk_i
  Path Type:              Setup (Max at Slow Process Corner)
  Requirement:            5.000ns  (clk_i rise@5.000ns - clk_i rise@0.000ns)
  Data Path Delay:        4.327ns  (logic 1.190ns (27.502%)  route 3.137ns (72.498%))
  Logic Levels:           6  (LUT2=1 LUT6=5)
  Clock Path Skew:        -0.039ns (DCD - SCD + CPR)
    Destination Clock Delay (DCD):    0.748ns = ( 5.748 - 5.000 ) 
    Source Clock Delay      (SCD):    0.787ns
    Clock Pessimism Removal (CPR):    0.000ns
  Clock Uncertainty:      0.035ns  ((TSJ^2 + TIJ^2)^1/2 + DJ) / 2 + PE
    Total System Jitter     (TSJ):    0.071ns
    Total Input Jitter      (TIJ):    0.000ns
    Discrete Jitter          (DJ):    0.000ns
    Phase Error              (PE):    0.000ns

    Location             Delay type                Incr(ns)  Path(ns)    Netlist Resource(s)
  -------------------------------------------------------------------    -------------------
                         (clock clk_i rise edge)      0.000     0.000 r  
                                                      0.000     0.000 r  clk_i (IN)
                         net (fo=2687, unset)         0.787     0.787    clk_i
                         FDCE                                         r  a_q_reg[4]/C
  -------------------------------------------------------------------    -------------------
                         FDCE (Prop_fdce_C_Q)         0.433     1.220 r  a_q_reg[4]/Q
                         net (fo=38, unplaced)        0.437     1.657    i_vrf/vrf_wd_q_reg[3][63][4]
                         LUT2 (Prop_lut2_I0_O)        0.232     1.889 f  i_vrf/res_q[1]_i_31/O
                         net (fo=2, unplaced)         0.949     2.838    i_vrf/res_q[1]_i_31_n_0
                         LUT6 (Prop_lut6_I1_O)        0.105     2.943 f  i_vrf/res_q[1]_i_20/O
                         net (fo=3, unplaced)         0.365     3.308    i_vrf/a_q_reg[15]
                         LUT6 (Prop_lut6_I4_O)        0.105     3.413 f  i_vrf/res_q[1]_i_11/O
                         net (fo=8, unplaced)         0.385     3.798    i_vrf_n_1246
                         LUT6 (Prop_lut6_I5_O)        0.105     3.903 r  ecc_dst_q[5]_i_4/O
                         net (fo=12, unplaced)        0.395     4.298    ecc_dst_q[5]_i_4_n_0
                         LUT6 (Prop_lut6_I3_O)        0.105     4.403 f  vrf_ra_q[3][4]_i_4/O
                         net (fo=4, unplaced)         0.606     5.009    vrf_ra_q[3][4]_i_4_n_0
                         LUT6 (Prop_lut6_I2_O)        0.105     5.114 r  vrf_ra_q[0][4]_i_1/O
                         net (fo=1, unplaced)         0.000     5.114    vrf_ra_q[0][4]_i_1_n_0
                         FDCE                                         r  vrf_ra_q_reg[0][4]/D
  -------------------------------------------------------------------    -------------------

                         (clock clk_i rise edge)      5.000     5.000 r  
                                                      0.000     5.000 r  clk_i (IN)
                         net (fo=2687, unset)         0.748     5.748    clk_i
                         FDCE                                         r  vrf_ra_q_reg[0][4]/C
                         clock pessimism              0.000     5.748    
                         clock uncertainty           -0.035     5.712    
                         FDCE (Setup_fdce_C_D)        0.072     5.784    vrf_ra_q_reg[0][4]
  -------------------------------------------------------------------
                         required time                          5.784    
                         arrival time                          -5.114    
  -------------------------------------------------------------------
                         slack                                  0.670    

Slack (MET) :             0.680ns  (required time - arrival time)
  Source:                 hperm_lane_base_q_reg[0]_rep__5/C
                            (rising edge-triggered cell FDCE clocked by clk_i  {rise@0.000ns fall@2.500ns period=5.000ns})
  Destination:            lane_result_q_reg[3][22]/D
                            (rising edge-triggered cell FDCE clocked by clk_i  {rise@0.000ns fall@2.500ns period=5.000ns})
  Path Group:             clk_i
  Path Type:              Setup (Max at Slow Process Corner)
  Requirement:            5.000ns  (clk_i rise@5.000ns - clk_i rise@0.000ns)
  Data Path Delay:        4.317ns  (logic 1.105ns (25.596%)  route 3.212ns (74.404%))
  Logic Levels:           5  (LUT4=1 LUT6=4)
  Clock Path Skew:        -0.039ns (DCD - SCD + CPR)
    Destination Clock Delay (DCD):    0.748ns = ( 5.748 - 5.000 ) 
    Source Clock Delay      (SCD):    0.787ns
    Clock Pessimism Removal (CPR):    0.000ns
  Clock Uncertainty:      0.035ns  ((TSJ^2 + TIJ^2)^1/2 + DJ) / 2 + PE
    Total System Jitter     (TSJ):    0.071ns
    Total Input Jitter      (TIJ):    0.000ns
    Discrete Jitter          (DJ):    0.000ns
    Phase Error              (PE):    0.000ns

    Location             Delay type                Incr(ns)  Path(ns)    Netlist Resource(s)
  -------------------------------------------------------------------    -------------------
                         (clock clk_i rise edge)      0.000     0.000 r  
                                                      0.000     0.000 r  clk_i (IN)
                         net (fo=2687, unset)         0.787     0.787    clk_i
                         FDCE                                         r  hperm_lane_base_q_reg[0]_rep__5/C
  -------------------------------------------------------------------    -------------------
                         FDCE (Prop_fdce_C_Q)         0.433     1.220 r  hperm_lane_base_q_reg[0]_rep__5/Q
                         net (fo=80, unplaced)        0.693     1.913    i_vrf/lane_result_q[2][56]_i_5_0
                         LUT4 (Prop_lut4_I1_O)        0.252     2.165 f  i_vrf/lane_result_q[3][63]_i_109/O
                         net (fo=2, unplaced)         0.949     3.114    gen_lane[3].i_lane/i_shift_align/lane_result_q[3][8]_i_4_1
                         LUT6 (Prop_lut6_I1_O)        0.105     3.219 r  gen_lane[3].i_lane/i_shift_align/lane_result_q[3][32]_i_5/O
                         net (fo=4, unplaced)         0.606     3.825    gen_lane[3].i_lane/i_shift_align/lane_result_q[3][32]_i_5_n_0
                         LUT6 (Prop_lut6_I1_O)        0.105     3.930 r  gen_lane[3].i_lane/i_shift_align/lane_result_q[3][24]_i_4/O
                         net (fo=4, unplaced)         0.606     4.536    gen_lane[3].i_lane/i_shift_align/lane_result_q[3][24]_i_4_n_0
                         LUT6 (Prop_lut6_I1_O)        0.105     4.641 r  gen_lane[3].i_lane/i_shift_align/lane_result_q[3][22]_i_3/O
                         net (fo=2, unplaced)         0.358     4.999    i_vrf/lane_result_q_reg[3][21]
                         LUT6 (Prop_lut6_I5_O)        0.105     5.104 r  i_vrf/lane_result_q[3][22]_i_1/O
                         net (fo=1, unplaced)         0.000     5.104    i_vrf_n_424
                         FDCE                                         r  lane_result_q_reg[3][22]/D
  -------------------------------------------------------------------    -------------------

                         (clock clk_i rise edge)      5.000     5.000 r  
                                                      0.000     5.000 r  clk_i (IN)
                         net (fo=2687, unset)         0.748     5.748    clk_i
                         FDCE                                         r  lane_result_q_reg[3][22]/C
                         clock pessimism              0.000     5.748    
                         clock uncertainty           -0.035     5.712    
                         FDCE (Setup_fdce_C_D)        0.072     5.784    lane_result_q_reg[3][22]
  -------------------------------------------------------------------
                         required time                          5.784    
                         arrival time                          -5.104    
  -------------------------------------------------------------------
                         slack                                  0.680    





Pulse Width Checks
--------------------------------------------------------------------------------------
Clock Name:         clk_i
Waveform(ns):       { 0.000 2.500 }
Period(ns):         5.000
Sources:            { clk_i }

Check Type        Corner  Lib Pin     Reference Pin  Required(ns)  Actual(ns)  Slack(ns)  Location  Pin
Min Period        n/a     FDCE/C      n/a            1.000         5.000       4.000                a_q_reg[0]/C
Min Period        n/a     FDCE/C      n/a            1.000         5.000       4.000                a_q_reg[10]/C
Min Period        n/a     FDCE/C      n/a            1.000         5.000       4.000                a_q_reg[11]/C
Min Period        n/a     FDCE/C      n/a            1.000         5.000       4.000                a_q_reg[12]/C
Min Period        n/a     FDCE/C      n/a            1.000         5.000       4.000                a_q_reg[13]/C
Min Period        n/a     FDCE/C      n/a            1.000         5.000       4.000                a_q_reg[14]/C
Min Period        n/a     FDCE/C      n/a            1.000         5.000       4.000                a_q_reg[15]/C
Min Period        n/a     FDCE/C      n/a            1.000         5.000       4.000                a_q_reg[16]/C
Min Period        n/a     FDCE/C      n/a            1.000         5.000       4.000                a_q_reg[17]/C
Min Period        n/a     FDCE/C      n/a            1.000         5.000       4.000                a_q_reg[18]/C
Min Period        n/a     FDCE/C      n/a            1.000         5.000       4.000                a_q_reg[19]/C
Min Period        n/a     FDCE/C      n/a            1.000         5.000       4.000                a_q_reg[1]/C
Min Period        n/a     FDCE/C      n/a            1.000         5.000       4.000                a_q_reg[20]/C
Min Period        n/a     FDCE/C      n/a            1.000         5.000       4.000                a_q_reg[21]/C
Min Period        n/a     FDCE/C      n/a            1.000         5.000       4.000                a_q_reg[22]/C
Min Period        n/a     FDCE/C      n/a            1.000         5.000       4.000                a_q_reg[23]/C
Min Period        n/a     FDCE/C      n/a            1.000         5.000       4.000                a_q_reg[24]/C
Min Period        n/a     FDCE/C      n/a            1.000         5.000       4.000                a_q_reg[25]/C
Min Period        n/a     FDCE/C      n/a            1.000         5.000       4.000                a_q_reg[26]/C
Min Period        n/a     FDCE/C      n/a            1.000         5.000       4.000                a_q_reg[27]/C
Min Period        n/a     FDCE/C      n/a            1.000         5.000       4.000                a_q_reg[28]/C
Min Period        n/a     FDCE/C      n/a            1.000         5.000       4.000                a_q_reg[29]/C
Min Period        n/a     FDCE/C      n/a            1.000         5.000       4.000                a_q_reg[2]/C
Min Period        n/a     FDCE/C      n/a            1.000         5.000       4.000                a_q_reg[30]/C
Min Period        n/a     FDCE/C      n/a            1.000         5.000       4.000                a_q_reg[31]/C
Min Period        n/a     FDCE/C      n/a            1.000         5.000       4.000                a_q_reg[32]/C
Min Period        n/a     FDCE/C      n/a            1.000         5.000       4.000                a_q_reg[33]/C
Min Period        n/a     FDCE/C      n/a            1.000         5.000       4.000                a_q_reg[34]/C
Min Period        n/a     FDCE/C      n/a            1.000         5.000       4.000                a_q_reg[35]/C
Min Period        n/a     FDCE/C      n/a            1.000         5.000       4.000                a_q_reg[36]/C
Min Period        n/a     FDCE/C      n/a            1.000         5.000       4.000                a_q_reg[37]/C
Min Period        n/a     FDCE/C      n/a            1.000         5.000       4.000                a_q_reg[38]/C
Min Period        n/a     FDCE/C      n/a            1.000         5.000       4.000                a_q_reg[39]/C
Min Period        n/a     FDCE/C      n/a            1.000         5.000       4.000                a_q_reg[3]/C
Min Period        n/a     FDCE/C      n/a            1.000         5.000       4.000                a_q_reg[40]/C
Min Period        n/a     FDCE/C      n/a            1.000         5.000       4.000                a_q_reg[41]/C
Min Period        n/a     FDCE/C      n/a            1.000         5.000       4.000                a_q_reg[42]/C
Min Period        n/a     FDCE/C      n/a            1.000         5.000       4.000                a_q_reg[43]/C
Min Period        n/a     FDCE/C      n/a            1.000         5.000       4.000                a_q_reg[44]/C
Min Period        n/a     FDCE/C      n/a            1.000         5.000       4.000                a_q_reg[45]/C
Min Period        n/a     FDCE/C      n/a            1.000         5.000       4.000                a_q_reg[46]/C
Min Period        n/a     FDCE/C      n/a            1.000         5.000       4.000                a_q_reg[47]/C
Min Period        n/a     FDCE/C      n/a            1.000         5.000       4.000                a_q_reg[48]/C
Min Period        n/a     FDCE/C      n/a            1.000         5.000       4.000                a_q_reg[49]/C
Min Period        n/a     FDCE/C      n/a            1.000         5.000       4.000                a_q_reg[4]/C
Min Period        n/a     FDCE/C      n/a            1.000         5.000       4.000                a_q_reg[50]/C
Min Period        n/a     FDCE/C      n/a            1.000         5.000       4.000                a_q_reg[51]/C
Min Period        n/a     FDCE/C      n/a            1.000         5.000       4.000                a_q_reg[52]/C
Min Period        n/a     FDCE/C      n/a            1.000         5.000       4.000                a_q_reg[53]/C
Min Period        n/a     FDCE/C      n/a            1.000         5.000       4.000                a_q_reg[54]/C
Low Pulse Width   Slow    RAMS32/CLK  n/a            1.130         2.500       1.370                ecc_product_pair_reg_0_3_0_0/SP/CLK
Low Pulse Width   Fast    RAMS32/CLK  n/a            1.130         2.500       1.370                ecc_product_pair_reg_0_3_0_0/SP/CLK
Low Pulse Width   Slow    RAMS32/CLK  n/a            1.130         2.500       1.370                ecc_product_pair_reg_0_3_100_100/SP/CLK
Low Pulse Width   Fast    RAMS32/CLK  n/a            1.130         2.500       1.370                ecc_product_pair_reg_0_3_100_100/SP/CLK
Low Pulse Width   Slow    RAMS32/CLK  n/a            1.130         2.500       1.370                ecc_product_pair_reg_0_3_101_101/SP/CLK
Low Pulse Width   Fast    RAMS32/CLK  n/a            1.130         2.500       1.370                ecc_product_pair_reg_0_3_101_101/SP/CLK
Low Pulse Width   Slow    RAMS32/CLK  n/a            1.130         2.500       1.370                ecc_product_pair_reg_0_3_102_102/SP/CLK
Low Pulse Width   Fast    RAMS32/CLK  n/a            1.130         2.500       1.370                ecc_product_pair_reg_0_3_102_102/SP/CLK
Low Pulse Width   Slow    RAMS32/CLK  n/a            1.130         2.500       1.370                ecc_product_pair_reg_0_3_103_103/SP/CLK
Low Pulse Width   Fast    RAMS32/CLK  n/a            1.130         2.500       1.370                ecc_product_pair_reg_0_3_103_103/SP/CLK
Low Pulse Width   Slow    RAMS32/CLK  n/a            1.130         2.500       1.370                ecc_product_pair_reg_0_3_104_104/SP/CLK
Low Pulse Width   Fast    RAMS32/CLK  n/a            1.130         2.500       1.370                ecc_product_pair_reg_0_3_104_104/SP/CLK
Low Pulse Width   Slow    RAMS32/CLK  n/a            1.130         2.500       1.370                ecc_product_pair_reg_0_3_105_105/SP/CLK
Low Pulse Width   Fast    RAMS32/CLK  n/a            1.130         2.500       1.370                ecc_product_pair_reg_0_3_105_105/SP/CLK
Low Pulse Width   Slow    RAMS32/CLK  n/a            1.130         2.500       1.370                ecc_product_pair_reg_0_3_106_106/SP/CLK
Low Pulse Width   Fast    RAMS32/CLK  n/a            1.130         2.500       1.370                ecc_product_pair_reg_0_3_106_106/SP/CLK
Low Pulse Width   Slow    RAMS32/CLK  n/a            1.130         2.500       1.370                ecc_product_pair_reg_0_3_107_107/SP/CLK
Low Pulse Width   Fast    RAMS32/CLK  n/a            1.130         2.500       1.370                ecc_product_pair_reg_0_3_107_107/SP/CLK
Low Pulse Width   Slow    RAMS32/CLK  n/a            1.130         2.500       1.370                ecc_product_pair_reg_0_3_108_108/SP/CLK
Low Pulse Width   Fast    RAMS32/CLK  n/a            1.130         2.500       1.370                ecc_product_pair_reg_0_3_108_108/SP/CLK
Low Pulse Width   Slow    RAMS32/CLK  n/a            1.130         2.500       1.370                ecc_product_pair_reg_0_3_109_109/SP/CLK
Low Pulse Width   Fast    RAMS32/CLK  n/a            1.130         2.500       1.370                ecc_product_pair_reg_0_3_109_109/SP/CLK
Low Pulse Width   Slow    RAMS32/CLK  n/a            1.130         2.500       1.370                ecc_product_pair_reg_0_3_10_10/SP/CLK
Low Pulse Width   Fast    RAMS32/CLK  n/a            1.130         2.500       1.370                ecc_product_pair_reg_0_3_10_10/SP/CLK
Low Pulse Width   Slow    RAMS32/CLK  n/a            1.130         2.500       1.370                ecc_product_pair_reg_0_3_110_110/SP/CLK
Low Pulse Width   Fast    RAMS32/CLK  n/a            1.130         2.500       1.370                ecc_product_pair_reg_0_3_110_110/SP/CLK
Low Pulse Width   Slow    RAMS32/CLK  n/a            1.130         2.500       1.370                ecc_product_pair_reg_0_3_111_111/SP/CLK
Low Pulse Width   Fast    RAMS32/CLK  n/a            1.130         2.500       1.370                ecc_product_pair_reg_0_3_111_111/SP/CLK
Low Pulse Width   Slow    RAMS32/CLK  n/a            1.130         2.500       1.370                ecc_product_pair_reg_0_3_112_112/SP/CLK
Low Pulse Width   Fast    RAMS32/CLK  n/a            1.130         2.500       1.370                ecc_product_pair_reg_0_3_112_112/SP/CLK
Low Pulse Width   Slow    RAMS32/CLK  n/a            1.130         2.500       1.370                ecc_product_pair_reg_0_3_113_113/SP/CLK
Low Pulse Width   Fast    RAMS32/CLK  n/a            1.130         2.500       1.370                ecc_product_pair_reg_0_3_113_113/SP/CLK
Low Pulse Width   Slow    RAMS32/CLK  n/a            1.130         2.500       1.370                ecc_product_pair_reg_0_3_114_114/SP/CLK
Low Pulse Width   Fast    RAMS32/CLK  n/a            1.130         2.500       1.370                ecc_product_pair_reg_0_3_114_114/SP/CLK
Low Pulse Width   Slow    RAMS32/CLK  n/a            1.130         2.500       1.370                ecc_product_pair_reg_0_3_115_115/SP/CLK
Low Pulse Width   Fast    RAMS32/CLK  n/a            1.130         2.500       1.370                ecc_product_pair_reg_0_3_115_115/SP/CLK
Low Pulse Width   Slow    RAMS32/CLK  n/a            1.130         2.500       1.370                ecc_product_pair_reg_0_3_116_116/SP/CLK
Low Pulse Width   Fast    RAMS32/CLK  n/a            1.130         2.500       1.370                ecc_product_pair_reg_0_3_116_116/SP/CLK
Low Pulse Width   Slow    RAMS32/CLK  n/a            1.130         2.500       1.370                ecc_product_pair_reg_0_3_117_117/SP/CLK
Low Pulse Width   Fast    RAMS32/CLK  n/a            1.130         2.500       1.370                ecc_product_pair_reg_0_3_117_117/SP/CLK
Low Pulse Width   Slow    RAMS32/CLK  n/a            1.130         2.500       1.370                ecc_product_pair_reg_0_3_118_118/SP/CLK
Low Pulse Width   Fast    RAMS32/CLK  n/a            1.130         2.500       1.370                ecc_product_pair_reg_0_3_118_118/SP/CLK
Low Pulse Width   Slow    RAMS32/CLK  n/a            1.130         2.500       1.370                ecc_product_pair_reg_0_3_119_119/SP/CLK
Low Pulse Width   Fast    RAMS32/CLK  n/a            1.130         2.500       1.370                ecc_product_pair_reg_0_3_119_119/SP/CLK
Low Pulse Width   Slow    RAMS32/CLK  n/a            1.130         2.500       1.370                ecc_product_pair_reg_0_3_11_11/SP/CLK
Low Pulse Width   Fast    RAMS32/CLK  n/a            1.130         2.500       1.370                ecc_product_pair_reg_0_3_11_11/SP/CLK
Low Pulse Width   Slow    RAMS32/CLK  n/a            1.130         2.500       1.370                ecc_product_pair_reg_0_3_120_120/SP/CLK
Low Pulse Width   Fast    RAMS32/CLK  n/a            1.130         2.500       1.370                ecc_product_pair_reg_0_3_120_120/SP/CLK
Low Pulse Width   Slow    RAMS32/CLK  n/a            1.130         2.500       1.370                ecc_product_pair_reg_0_3_121_121/SP/CLK
Low Pulse Width   Fast    RAMS32/CLK  n/a            1.130         2.500       1.370                ecc_product_pair_reg_0_3_121_121/SP/CLK
High Pulse Width  Slow    RAMS32/CLK  n/a            1.130         2.500       1.370                ecc_product_pair_reg_0_3_0_0/SP/CLK
High Pulse Width  Fast    RAMS32/CLK  n/a            1.130         2.500       1.370                ecc_product_pair_reg_0_3_0_0/SP/CLK
High Pulse Width  Slow    RAMS32/CLK  n/a            1.130         2.500       1.370                ecc_product_pair_reg_0_3_100_100/SP/CLK
High Pulse Width  Fast    RAMS32/CLK  n/a            1.130         2.500       1.370                ecc_product_pair_reg_0_3_100_100/SP/CLK
High Pulse Width  Slow    RAMS32/CLK  n/a            1.130         2.500       1.370                ecc_product_pair_reg_0_3_101_101/SP/CLK
High Pulse Width  Fast    RAMS32/CLK  n/a            1.130         2.500       1.370                ecc_product_pair_reg_0_3_101_101/SP/CLK
High Pulse Width  Slow    RAMS32/CLK  n/a            1.130         2.500       1.370                ecc_product_pair_reg_0_3_102_102/SP/CLK
High Pulse Width  Fast    RAMS32/CLK  n/a            1.130         2.500       1.370                ecc_product_pair_reg_0_3_102_102/SP/CLK
High Pulse Width  Slow    RAMS32/CLK  n/a            1.130         2.500       1.370                ecc_product_pair_reg_0_3_103_103/SP/CLK
High Pulse Width  Fast    RAMS32/CLK  n/a            1.130         2.500       1.370                ecc_product_pair_reg_0_3_103_103/SP/CLK
High Pulse Width  Slow    RAMS32/CLK  n/a            1.130         2.500       1.370                ecc_product_pair_reg_0_3_104_104/SP/CLK
High Pulse Width  Fast    RAMS32/CLK  n/a            1.130         2.500       1.370                ecc_product_pair_reg_0_3_104_104/SP/CLK
High Pulse Width  Slow    RAMS32/CLK  n/a            1.130         2.500       1.370                ecc_product_pair_reg_0_3_105_105/SP/CLK
High Pulse Width  Fast    RAMS32/CLK  n/a            1.130         2.500       1.370                ecc_product_pair_reg_0_3_105_105/SP/CLK
High Pulse Width  Slow    RAMS32/CLK  n/a            1.130         2.500       1.370                ecc_product_pair_reg_0_3_106_106/SP/CLK
High Pulse Width  Fast    RAMS32/CLK  n/a            1.130         2.500       1.370                ecc_product_pair_reg_0_3_106_106/SP/CLK
High Pulse Width  Slow    RAMS32/CLK  n/a            1.130         2.500       1.370                ecc_product_pair_reg_0_3_107_107/SP/CLK
High Pulse Width  Fast    RAMS32/CLK  n/a            1.130         2.500       1.370                ecc_product_pair_reg_0_3_107_107/SP/CLK
High Pulse Width  Slow    RAMS32/CLK  n/a            1.130         2.500       1.370                ecc_product_pair_reg_0_3_108_108/SP/CLK
High Pulse Width  Fast    RAMS32/CLK  n/a            1.130         2.500       1.370                ecc_product_pair_reg_0_3_108_108/SP/CLK
High Pulse Width  Slow    RAMS32/CLK  n/a            1.130         2.500       1.370                ecc_product_pair_reg_0_3_109_109/SP/CLK
High Pulse Width  Fast    RAMS32/CLK  n/a            1.130         2.500       1.370                ecc_product_pair_reg_0_3_109_109/SP/CLK
High Pulse Width  Slow    RAMS32/CLK  n/a            1.130         2.500       1.370                ecc_product_pair_reg_0_3_10_10/SP/CLK
High Pulse Width  Fast    RAMS32/CLK  n/a            1.130         2.500       1.370                ecc_product_pair_reg_0_3_10_10/SP/CLK
High Pulse Width  Slow    RAMS32/CLK  n/a            1.130         2.500       1.370                ecc_product_pair_reg_0_3_110_110/SP/CLK
High Pulse Width  Fast    RAMS32/CLK  n/a            1.130         2.500       1.370                ecc_product_pair_reg_0_3_110_110/SP/CLK
High Pulse Width  Slow    RAMS32/CLK  n/a            1.130         2.500       1.370                ecc_product_pair_reg_0_3_111_111/SP/CLK
High Pulse Width  Fast    RAMS32/CLK  n/a            1.130         2.500       1.370                ecc_product_pair_reg_0_3_111_111/SP/CLK
High Pulse Width  Slow    RAMS32/CLK  n/a            1.130         2.500       1.370                ecc_product_pair_reg_0_3_112_112/SP/CLK
High Pulse Width  Fast    RAMS32/CLK  n/a            1.130         2.500       1.370                ecc_product_pair_reg_0_3_112_112/SP/CLK
High Pulse Width  Slow    RAMS32/CLK  n/a            1.130         2.500       1.370                ecc_product_pair_reg_0_3_113_113/SP/CLK
High Pulse Width  Fast    RAMS32/CLK  n/a            1.130         2.500       1.370                ecc_product_pair_reg_0_3_113_113/SP/CLK
High Pulse Width  Slow    RAMS32/CLK  n/a            1.130         2.500       1.370                ecc_product_pair_reg_0_3_114_114/SP/CLK
High Pulse Width  Fast    RAMS32/CLK  n/a            1.130         2.500       1.370                ecc_product_pair_reg_0_3_114_114/SP/CLK
High Pulse Width  Slow    RAMS32/CLK  n/a            1.130         2.500       1.370                ecc_product_pair_reg_0_3_115_115/SP/CLK
High Pulse Width  Fast    RAMS32/CLK  n/a            1.130         2.500       1.370                ecc_product_pair_reg_0_3_115_115/SP/CLK
High Pulse Width  Slow    RAMS32/CLK  n/a            1.130         2.500       1.370                ecc_product_pair_reg_0_3_116_116/SP/CLK
High Pulse Width  Fast    RAMS32/CLK  n/a            1.130         2.500       1.370                ecc_product_pair_reg_0_3_116_116/SP/CLK
High Pulse Width  Slow    RAMS32/CLK  n/a            1.130         2.500       1.370                ecc_product_pair_reg_0_3_117_117/SP/CLK
High Pulse Width  Fast    RAMS32/CLK  n/a            1.130         2.500       1.370                ecc_product_pair_reg_0_3_117_117/SP/CLK
High Pulse Width  Slow    RAMS32/CLK  n/a            1.130         2.500       1.370                ecc_product_pair_reg_0_3_118_118/SP/CLK
High Pulse Width  Fast    RAMS32/CLK  n/a            1.130         2.500       1.370                ecc_product_pair_reg_0_3_118_118/SP/CLK
High Pulse Width  Slow    RAMS32/CLK  n/a            1.130         2.500       1.370                ecc_product_pair_reg_0_3_119_119/SP/CLK
High Pulse Width  Fast    RAMS32/CLK  n/a            1.130         2.500       1.370                ecc_product_pair_reg_0_3_119_119/SP/CLK
High Pulse Width  Slow    RAMS32/CLK  n/a            1.130         2.500       1.370                ecc_product_pair_reg_0_3_11_11/SP/CLK
High Pulse Width  Fast    RAMS32/CLK  n/a            1.130         2.500       1.370                ecc_product_pair_reg_0_3_11_11/SP/CLK
High Pulse Width  Slow    RAMS32/CLK  n/a            1.130         2.500       1.370                ecc_product_pair_reg_0_3_120_120/SP/CLK
High Pulse Width  Fast    RAMS32/CLK  n/a            1.130         2.500       1.370                ecc_product_pair_reg_0_3_120_120/SP/CLK
High Pulse Width  Slow    RAMS32/CLK  n/a            1.130         2.500       1.370                ecc_product_pair_reg_0_3_121_121/SP/CLK
High Pulse Width  Fast    RAMS32/CLK  n/a            1.130         2.500       1.370                ecc_product_pair_reg_0_3_121_121/SP/CLK



--------------------------------------------------------------------------------------
Path Group:  (none)
From Clock:  clk_i
  To Clock:  

Max Delay            66 Endpoints
Min Delay             0 Endpoints
--------------------------------------------------------------------------------------


Max Delay Paths
--------------------------------------------------------------------------------------
Slack:                    inf
  Source:                 st_q_reg[5]/C
                            (rising edge-triggered cell FDCE clocked by clk_i  {rise@0.000ns fall@2.500ns period=5.000ns})
  Destination:            valid_o
                            (output port)
  Path Group:             (none)
  Path Type:              Max at Slow Process Corner
  Data Path Delay:        2.279ns  (logic 0.665ns (29.179%)  route 1.614ns (70.821%))
  Logic Levels:           1  (LUT6=1)
  Clock Uncertainty:      0.025ns  ((TSJ^2 + TIJ^2)^1/2 + DJ) / 2 + PE
    Total System Jitter     (TSJ):    0.050ns
    Total Input Jitter      (TIJ):    0.000ns
    Discrete Jitter          (DJ):    0.000ns
    Phase Error              (PE):    0.000ns

    Location             Delay type                Incr(ns)  Path(ns)    Netlist Resource(s)
  -------------------------------------------------------------------    -------------------
                         (clock clk_i rise edge)      0.000     0.000 r  
                                                      0.000     0.000 r  clk_i (IN)
                         net (fo=2687, unset)         0.787     0.787    clk_i
                         FDCE                                         r  st_q_reg[5]/C
  -------------------------------------------------------------------    -------------------
                         FDCE (Prop_fdce_C_Q)         0.433     1.220 f  st_q_reg[5]/Q
                         net (fo=12, unplaced)        0.827     2.047    st_q[5]
                         LUT6 (Prop_lut6_I0_O)        0.232     2.279 r  valid_o_INST_0/O
                         net (fo=0)                   0.787     3.066    valid_o
                                                                      r  valid_o (OUT)
  -------------------------------------------------------------------    -------------------

Slack:                    inf
  Source:                 st_q_reg[0]/C
                            (rising edge-triggered cell FDCE clocked by clk_i  {rise@0.000ns fall@2.500ns period=5.000ns})
  Destination:            ready_o
                            (output port)
  Path Group:             (none)
  Path Type:              Max at Slow Process Corner
  Data Path Delay:        2.266ns  (logic 0.665ns (29.347%)  route 1.601ns (70.653%))
  Logic Levels:           1  (LUT6=1)
  Clock Uncertainty:      0.025ns  ((TSJ^2 + TIJ^2)^1/2 + DJ) / 2 + PE
    Total System Jitter     (TSJ):    0.050ns
    Total Input Jitter      (TIJ):    0.000ns
    Discrete Jitter          (DJ):    0.000ns
    Phase Error              (PE):    0.000ns

    Location             Delay type                Incr(ns)  Path(ns)    Netlist Resource(s)
  -------------------------------------------------------------------    -------------------
                         (clock clk_i rise edge)      0.000     0.000 r  
                                                      0.000     0.000 r  clk_i (IN)
                         net (fo=2687, unset)         0.787     0.787    clk_i
                         FDCE                                         r  st_q_reg[0]/C
  -------------------------------------------------------------------    -------------------
                         FDCE (Prop_fdce_C_Q)         0.433     1.220 f  st_q_reg[0]/Q
                         net (fo=7, unplaced)         0.814     2.034    st_q[0]
                         LUT6 (Prop_lut6_I0_O)        0.232     2.266 r  ready_o_INST_0/O
                         net (fo=0)                   0.787     3.053    ready_o
                                                                      r  ready_o (OUT)
  -------------------------------------------------------------------    -------------------

Slack:                    inf
  Source:                 res_q_reg[0]/C
                            (rising edge-triggered cell FDCE clocked by clk_i  {rise@0.000ns fall@2.500ns period=5.000ns})
  Destination:            result_o[0]
                            (output port)
  Path Group:             (none)
  Path Type:              Max at Slow Process Corner
  Data Path Delay:        1.220ns  (logic 0.433ns (35.492%)  route 0.787ns (64.508%))
  Logic Levels:           0  
  Clock Uncertainty:      0.025ns  ((TSJ^2 + TIJ^2)^1/2 + DJ) / 2 + PE
    Total System Jitter     (TSJ):    0.050ns
    Total Input Jitter      (TIJ):    0.000ns
    Discrete Jitter          (DJ):    0.000ns
    Phase Error              (PE):    0.000ns

    Location             Delay type                Incr(ns)  Path(ns)    Netlist Resource(s)
  -------------------------------------------------------------------    -------------------
                         (clock clk_i rise edge)      0.000     0.000 r  
                                                      0.000     0.000 r  clk_i (IN)
                         net (fo=2687, unset)         0.787     0.787    clk_i
                         FDCE                                         r  res_q_reg[0]/C
  -------------------------------------------------------------------    -------------------
                         FDCE (Prop_fdce_C_Q)         0.433     1.220 r  res_q_reg[0]/Q
                         net (fo=0)                   0.787     2.007    result_o[0]
                                                                      r  result_o[0] (OUT)
  -------------------------------------------------------------------    -------------------

Slack:                    inf
  Source:                 res_q_reg[10]/C
                            (rising edge-triggered cell FDCE clocked by clk_i  {rise@0.000ns fall@2.500ns period=5.000ns})
  Destination:            result_o[10]
                            (output port)
  Path Group:             (none)
  Path Type:              Max at Slow Process Corner
  Data Path Delay:        1.220ns  (logic 0.433ns (35.492%)  route 0.787ns (64.508%))
  Logic Levels:           0  
  Clock Uncertainty:      0.025ns  ((TSJ^2 + TIJ^2)^1/2 + DJ) / 2 + PE
    Total System Jitter     (TSJ):    0.050ns
    Total Input Jitter      (TIJ):    0.000ns
    Discrete Jitter          (DJ):    0.000ns
    Phase Error              (PE):    0.000ns

    Location             Delay type                Incr(ns)  Path(ns)    Netlist Resource(s)
  -------------------------------------------------------------------    -------------------
                         (clock clk_i rise edge)      0.000     0.000 r  
                                                      0.000     0.000 r  clk_i (IN)
                         net (fo=2687, unset)         0.787     0.787    clk_i
                         FDCE                                         r  res_q_reg[10]/C
  -------------------------------------------------------------------    -------------------
                         FDCE (Prop_fdce_C_Q)         0.433     1.220 r  res_q_reg[10]/Q
                         net (fo=0)                   0.787     2.007    result_o[10]
                                                                      r  result_o[10] (OUT)
  -------------------------------------------------------------------    -------------------

Slack:                    inf
  Source:                 res_q_reg[11]/C
                            (rising edge-triggered cell FDCE clocked by clk_i  {rise@0.000ns fall@2.500ns period=5.000ns})
  Destination:            result_o[11]
                            (output port)
  Path Group:             (none)
  Path Type:              Max at Slow Process Corner
  Data Path Delay:        1.220ns  (logic 0.433ns (35.492%)  route 0.787ns (64.508%))
  Logic Levels:           0  
  Clock Uncertainty:      0.025ns  ((TSJ^2 + TIJ^2)^1/2 + DJ) / 2 + PE
    Total System Jitter     (TSJ):    0.050ns
    Total Input Jitter      (TIJ):    0.000ns
    Discrete Jitter          (DJ):    0.000ns
    Phase Error              (PE):    0.000ns

    Location             Delay type                Incr(ns)  Path(ns)    Netlist Resource(s)
  -------------------------------------------------------------------    -------------------
                         (clock clk_i rise edge)      0.000     0.000 r  
                                                      0.000     0.000 r  clk_i (IN)
                         net (fo=2687, unset)         0.787     0.787    clk_i
                         FDCE                                         r  res_q_reg[11]/C
  -------------------------------------------------------------------    -------------------
                         FDCE (Prop_fdce_C_Q)         0.433     1.220 r  res_q_reg[11]/Q
                         net (fo=0)                   0.787     2.007    result_o[11]
                                                                      r  result_o[11] (OUT)
  -------------------------------------------------------------------    -------------------

Slack:                    inf
  Source:                 res_q_reg[12]/C
                            (rising edge-triggered cell FDCE clocked by clk_i  {rise@0.000ns fall@2.500ns period=5.000ns})
  Destination:            result_o[12]
                            (output port)
  Path Group:             (none)
  Path Type:              Max at Slow Process Corner
  Data Path Delay:        1.220ns  (logic 0.433ns (35.492%)  route 0.787ns (64.508%))
  Logic Levels:           0  
  Clock Uncertainty:      0.025ns  ((TSJ^2 + TIJ^2)^1/2 + DJ) / 2 + PE
    Total System Jitter     (TSJ):    0.050ns
    Total Input Jitter      (TIJ):    0.000ns
    Discrete Jitter          (DJ):    0.000ns
    Phase Error              (PE):    0.000ns

    Location             Delay type                Incr(ns)  Path(ns)    Netlist Resource(s)
  -------------------------------------------------------------------    -------------------
                         (clock clk_i rise edge)      0.000     0.000 r  
                                                      0.000     0.000 r  clk_i (IN)
                         net (fo=2687, unset)         0.787     0.787    clk_i
                         FDCE                                         r  res_q_reg[12]/C
  -------------------------------------------------------------------    -------------------
                         FDCE (Prop_fdce_C_Q)         0.433     1.220 r  res_q_reg[12]/Q
                         net (fo=0)                   0.787     2.007    result_o[12]
                                                                      r  result_o[12] (OUT)
  -------------------------------------------------------------------    -------------------

Slack:                    inf
  Source:                 res_q_reg[13]/C
                            (rising edge-triggered cell FDCE clocked by clk_i  {rise@0.000ns fall@2.500ns period=5.000ns})
  Destination:            result_o[13]
                            (output port)
  Path Group:             (none)
  Path Type:              Max at Slow Process Corner
  Data Path Delay:        1.220ns  (logic 0.433ns (35.492%)  route 0.787ns (64.508%))
  Logic Levels:           0  
  Clock Uncertainty:      0.025ns  ((TSJ^2 + TIJ^2)^1/2 + DJ) / 2 + PE
    Total System Jitter     (TSJ):    0.050ns
    Total Input Jitter      (TIJ):    0.000ns
    Discrete Jitter          (DJ):    0.000ns
    Phase Error              (PE):    0.000ns

    Location             Delay type                Incr(ns)  Path(ns)    Netlist Resource(s)
  -------------------------------------------------------------------    -------------------
                         (clock clk_i rise edge)      0.000     0.000 r  
                                                      0.000     0.000 r  clk_i (IN)
                         net (fo=2687, unset)         0.787     0.787    clk_i
                         FDCE                                         r  res_q_reg[13]/C
  -------------------------------------------------------------------    -------------------
                         FDCE (Prop_fdce_C_Q)         0.433     1.220 r  res_q_reg[13]/Q
                         net (fo=0)                   0.787     2.007    result_o[13]
                                                                      r  result_o[13] (OUT)
  -------------------------------------------------------------------    -------------------

Slack:                    inf
  Source:                 res_q_reg[14]/C
                            (rising edge-triggered cell FDCE clocked by clk_i  {rise@0.000ns fall@2.500ns period=5.000ns})
  Destination:            result_o[14]
                            (output port)
  Path Group:             (none)
  Path Type:              Max at Slow Process Corner
  Data Path Delay:        1.220ns  (logic 0.433ns (35.492%)  route 0.787ns (64.508%))
  Logic Levels:           0  
  Clock Uncertainty:      0.025ns  ((TSJ^2 + TIJ^2)^1/2 + DJ) / 2 + PE
    Total System Jitter     (TSJ):    0.050ns
    Total Input Jitter      (TIJ):    0.000ns
    Discrete Jitter          (DJ):    0.000ns
    Phase Error              (PE):    0.000ns

    Location             Delay type                Incr(ns)  Path(ns)    Netlist Resource(s)
  -------------------------------------------------------------------    -------------------
                         (clock clk_i rise edge)      0.000     0.000 r  
                                                      0.000     0.000 r  clk_i (IN)
                         net (fo=2687, unset)         0.787     0.787    clk_i
                         FDCE                                         r  res_q_reg[14]/C
  -------------------------------------------------------------------    -------------------
                         FDCE (Prop_fdce_C_Q)         0.433     1.220 r  res_q_reg[14]/Q
                         net (fo=0)                   0.787     2.007    result_o[14]
                                                                      r  result_o[14] (OUT)
  -------------------------------------------------------------------    -------------------

Slack:                    inf
  Source:                 res_q_reg[15]/C
                            (rising edge-triggered cell FDCE clocked by clk_i  {rise@0.000ns fall@2.500ns period=5.000ns})
  Destination:            result_o[15]
                            (output port)
  Path Group:             (none)
  Path Type:              Max at Slow Process Corner
  Data Path Delay:        1.220ns  (logic 0.433ns (35.492%)  route 0.787ns (64.508%))
  Logic Levels:           0  
  Clock Uncertainty:      0.025ns  ((TSJ^2 + TIJ^2)^1/2 + DJ) / 2 + PE
    Total System Jitter     (TSJ):    0.050ns
    Total Input Jitter      (TIJ):    0.000ns
    Discrete Jitter          (DJ):    0.000ns
    Phase Error              (PE):    0.000ns

    Location             Delay type                Incr(ns)  Path(ns)    Netlist Resource(s)
  -------------------------------------------------------------------    -------------------
                         (clock clk_i rise edge)      0.000     0.000 r  
                                                      0.000     0.000 r  clk_i (IN)
                         net (fo=2687, unset)         0.787     0.787    clk_i
                         FDCE                                         r  res_q_reg[15]/C
  -------------------------------------------------------------------    -------------------
                         FDCE (Prop_fdce_C_Q)         0.433     1.220 r  res_q_reg[15]/Q
                         net (fo=0)                   0.787     2.007    result_o[15]
                                                                      r  result_o[15] (OUT)
  -------------------------------------------------------------------    -------------------

Slack:                    inf
  Source:                 res_q_reg[16]/C
                            (rising edge-triggered cell FDCE clocked by clk_i  {rise@0.000ns fall@2.500ns period=5.000ns})
  Destination:            result_o[16]
                            (output port)
  Path Group:             (none)
  Path Type:              Max at Slow Process Corner
  Data Path Delay:        1.220ns  (logic 0.433ns (35.492%)  route 0.787ns (64.508%))
  Logic Levels:           0  
  Clock Uncertainty:      0.025ns  ((TSJ^2 + TIJ^2)^1/2 + DJ) / 2 + PE
    Total System Jitter     (TSJ):    0.050ns
    Total Input Jitter      (TIJ):    0.000ns
    Discrete Jitter          (DJ):    0.000ns
    Phase Error              (PE):    0.000ns

    Location             Delay type                Incr(ns)  Path(ns)    Netlist Resource(s)
  -------------------------------------------------------------------    -------------------
                         (clock clk_i rise edge)      0.000     0.000 r  
                                                      0.000     0.000 r  clk_i (IN)
                         net (fo=2687, unset)         0.787     0.787    clk_i
                         FDCE                                         r  res_q_reg[16]/C
  -------------------------------------------------------------------    -------------------
                         FDCE (Prop_fdce_C_Q)         0.433     1.220 r  res_q_reg[16]/Q
                         net (fo=0)                   0.787     2.007    result_o[16]
                                                                      r  result_o[16] (OUT)
  -------------------------------------------------------------------    -------------------

Slack:                    inf
  Source:                 res_q_reg[17]/C
                            (rising edge-triggered cell FDCE clocked by clk_i  {rise@0.000ns fall@2.500ns period=5.000ns})
  Destination:            result_o[17]
                            (output port)
  Path Group:             (none)
  Path Type:              Max at Slow Process Corner
  Data Path Delay:        1.220ns  (logic 0.433ns (35.492%)  route 0.787ns (64.508%))
  Logic Levels:           0  
  Clock Uncertainty:      0.025ns  ((TSJ^2 + TIJ^2)^1/2 + DJ) / 2 + PE
    Total System Jitter     (TSJ):    0.050ns
    Total Input Jitter      (TIJ):    0.000ns
    Discrete Jitter          (DJ):    0.000ns
    Phase Error              (PE):    0.000ns

    Location             Delay type                Incr(ns)  Path(ns)    Netlist Resource(s)
  -------------------------------------------------------------------    -------------------
                         (clock clk_i rise edge)      0.000     0.000 r  
                                                      0.000     0.000 r  clk_i (IN)
                         net (fo=2687, unset)         0.787     0.787    clk_i
                         FDCE                                         r  res_q_reg[17]/C
  -------------------------------------------------------------------    -------------------
                         FDCE (Prop_fdce_C_Q)         0.433     1.220 r  res_q_reg[17]/Q
                         net (fo=0)                   0.787     2.007    result_o[17]
                                                                      r  result_o[17] (OUT)
  -------------------------------------------------------------------    -------------------

Slack:                    inf
  Source:                 res_q_reg[18]/C
                            (rising edge-triggered cell FDCE clocked by clk_i  {rise@0.000ns fall@2.500ns period=5.000ns})
  Destination:            result_o[18]
                            (output port)
  Path Group:             (none)
  Path Type:              Max at Slow Process Corner
  Data Path Delay:        1.220ns  (logic 0.433ns (35.492%)  route 0.787ns (64.508%))
  Logic Levels:           0  
  Clock Uncertainty:      0.025ns  ((TSJ^2 + TIJ^2)^1/2 + DJ) / 2 + PE
    Total System Jitter     (TSJ):    0.050ns
    Total Input Jitter      (TIJ):    0.000ns
    Discrete Jitter          (DJ):    0.000ns
    Phase Error              (PE):    0.000ns

    Location             Delay type                Incr(ns)  Path(ns)    Netlist Resource(s)
  -------------------------------------------------------------------    -------------------
                         (clock clk_i rise edge)      0.000     0.000 r  
                                                      0.000     0.000 r  clk_i (IN)
                         net (fo=2687, unset)         0.787     0.787    clk_i
                         FDCE                                         r  res_q_reg[18]/C
  -------------------------------------------------------------------    -------------------
                         FDCE (Prop_fdce_C_Q)         0.433     1.220 r  res_q_reg[18]/Q
                         net (fo=0)                   0.787     2.007    result_o[18]
                                                                      r  result_o[18] (OUT)
  -------------------------------------------------------------------    -------------------

Slack:                    inf
  Source:                 res_q_reg[19]/C
                            (rising edge-triggered cell FDCE clocked by clk_i  {rise@0.000ns fall@2.500ns period=5.000ns})
  Destination:            result_o[19]
                            (output port)
  Path Group:             (none)
  Path Type:              Max at Slow Process Corner
  Data Path Delay:        1.220ns  (logic 0.433ns (35.492%)  route 0.787ns (64.508%))
  Logic Levels:           0  
  Clock Uncertainty:      0.025ns  ((TSJ^2 + TIJ^2)^1/2 + DJ) / 2 + PE
    Total System Jitter     (TSJ):    0.050ns
    Total Input Jitter      (TIJ):    0.000ns
    Discrete Jitter          (DJ):    0.000ns
    Phase Error              (PE):    0.000ns

    Location             Delay type                Incr(ns)  Path(ns)    Netlist Resource(s)
  -------------------------------------------------------------------    -------------------
                         (clock clk_i rise edge)      0.000     0.000 r  
                                                      0.000     0.000 r  clk_i (IN)
                         net (fo=2687, unset)         0.787     0.787    clk_i
                         FDCE                                         r  res_q_reg[19]/C
  -------------------------------------------------------------------    -------------------
                         FDCE (Prop_fdce_C_Q)         0.433     1.220 r  res_q_reg[19]/Q
                         net (fo=0)                   0.787     2.007    result_o[19]
                                                                      r  result_o[19] (OUT)
  -------------------------------------------------------------------    -------------------

Slack:                    inf
  Source:                 res_q_reg[1]/C
                            (rising edge-triggered cell FDCE clocked by clk_i  {rise@0.000ns fall@2.500ns period=5.000ns})
  Destination:            result_o[1]
                            (output port)
  Path Group:             (none)
  Path Type:              Max at Slow Process Corner
  Data Path Delay:        1.220ns  (logic 0.433ns (35.492%)  route 0.787ns (64.508%))
  Logic Levels:           0  
  Clock Uncertainty:      0.025ns  ((TSJ^2 + TIJ^2)^1/2 + DJ) / 2 + PE
    Total System Jitter     (TSJ):    0.050ns
    Total Input Jitter      (TIJ):    0.000ns
    Discrete Jitter          (DJ):    0.000ns
    Phase Error              (PE):    0.000ns

    Location             Delay type                Incr(ns)  Path(ns)    Netlist Resource(s)
  -------------------------------------------------------------------    -------------------
                         (clock clk_i rise edge)      0.000     0.000 r  
                                                      0.000     0.000 r  clk_i (IN)
                         net (fo=2687, unset)         0.787     0.787    clk_i
                         FDCE                                         r  res_q_reg[1]/C
  -------------------------------------------------------------------    -------------------
                         FDCE (Prop_fdce_C_Q)         0.433     1.220 r  res_q_reg[1]/Q
                         net (fo=0)                   0.787     2.007    result_o[1]
                                                                      r  result_o[1] (OUT)
  -------------------------------------------------------------------    -------------------

Slack:                    inf
  Source:                 res_q_reg[20]/C
                            (rising edge-triggered cell FDCE clocked by clk_i  {rise@0.000ns fall@2.500ns period=5.000ns})
  Destination:            result_o[20]
                            (output port)
  Path Group:             (none)
  Path Type:              Max at Slow Process Corner
  Data Path Delay:        1.220ns  (logic 0.433ns (35.492%)  route 0.787ns (64.508%))
  Logic Levels:           0  
  Clock Uncertainty:      0.025ns  ((TSJ^2 + TIJ^2)^1/2 + DJ) / 2 + PE
    Total System Jitter     (TSJ):    0.050ns
    Total Input Jitter      (TIJ):    0.000ns
    Discrete Jitter          (DJ):    0.000ns
    Phase Error              (PE):    0.000ns

    Location             Delay type                Incr(ns)  Path(ns)    Netlist Resource(s)
  -------------------------------------------------------------------    -------------------
                         (clock clk_i rise edge)      0.000     0.000 r  
                                                      0.000     0.000 r  clk_i (IN)
                         net (fo=2687, unset)         0.787     0.787    clk_i
                         FDCE                                         r  res_q_reg[20]/C
  -------------------------------------------------------------------    -------------------
                         FDCE (Prop_fdce_C_Q)         0.433     1.220 r  res_q_reg[20]/Q
                         net (fo=0)                   0.787     2.007    result_o[20]
                                                                      r  result_o[20] (OUT)
  -------------------------------------------------------------------    -------------------

Slack:                    inf
  Source:                 res_q_reg[21]/C
                            (rising edge-triggered cell FDCE clocked by clk_i  {rise@0.000ns fall@2.500ns period=5.000ns})
  Destination:            result_o[21]
                            (output port)
  Path Group:             (none)
  Path Type:              Max at Slow Process Corner
  Data Path Delay:        1.220ns  (logic 0.433ns (35.492%)  route 0.787ns (64.508%))
  Logic Levels:           0  
  Clock Uncertainty:      0.025ns  ((TSJ^2 + TIJ^2)^1/2 + DJ) / 2 + PE
    Total System Jitter     (TSJ):    0.050ns
    Total Input Jitter      (TIJ):    0.000ns
    Discrete Jitter          (DJ):    0.000ns
    Phase Error              (PE):    0.000ns

    Location             Delay type                Incr(ns)  Path(ns)    Netlist Resource(s)
  -------------------------------------------------------------------    -------------------
                         (clock clk_i rise edge)      0.000     0.000 r  
                                                      0.000     0.000 r  clk_i (IN)
                         net (fo=2687, unset)         0.787     0.787    clk_i
                         FDCE                                         r  res_q_reg[21]/C
  -------------------------------------------------------------------    -------------------
                         FDCE (Prop_fdce_C_Q)         0.433     1.220 r  res_q_reg[21]/Q
                         net (fo=0)                   0.787     2.007    result_o[21]
                                                                      r  result_o[21] (OUT)
  -------------------------------------------------------------------    -------------------

Slack:                    inf
  Source:                 res_q_reg[22]/C
                            (rising edge-triggered cell FDCE clocked by clk_i  {rise@0.000ns fall@2.500ns period=5.000ns})
  Destination:            result_o[22]
                            (output port)
  Path Group:             (none)
  Path Type:              Max at Slow Process Corner
  Data Path Delay:        1.220ns  (logic 0.433ns (35.492%)  route 0.787ns (64.508%))
  Logic Levels:           0  
  Clock Uncertainty:      0.025ns  ((TSJ^2 + TIJ^2)^1/2 + DJ) / 2 + PE
    Total System Jitter     (TSJ):    0.050ns
    Total Input Jitter      (TIJ):    0.000ns
    Discrete Jitter          (DJ):    0.000ns
    Phase Error              (PE):    0.000ns

    Location             Delay type                Incr(ns)  Path(ns)    Netlist Resource(s)
  -------------------------------------------------------------------    -------------------
                         (clock clk_i rise edge)      0.000     0.000 r  
                                                      0.000     0.000 r  clk_i (IN)
                         net (fo=2687, unset)         0.787     0.787    clk_i
                         FDCE                                         r  res_q_reg[22]/C
  -------------------------------------------------------------------    -------------------
                         FDCE (Prop_fdce_C_Q)         0.433     1.220 r  res_q_reg[22]/Q
                         net (fo=0)                   0.787     2.007    result_o[22]
                                                                      r  result_o[22] (OUT)
  -------------------------------------------------------------------    -------------------

Slack:                    inf
  Source:                 res_q_reg[23]/C
                            (rising edge-triggered cell FDCE clocked by clk_i  {rise@0.000ns fall@2.500ns period=5.000ns})
  Destination:            result_o[23]
                            (output port)
  Path Group:             (none)
  Path Type:              Max at Slow Process Corner
  Data Path Delay:        1.220ns  (logic 0.433ns (35.492%)  route 0.787ns (64.508%))
  Logic Levels:           0  
  Clock Uncertainty:      0.025ns  ((TSJ^2 + TIJ^2)^1/2 + DJ) / 2 + PE
    Total System Jitter     (TSJ):    0.050ns
    Total Input Jitter      (TIJ):    0.000ns
    Discrete Jitter          (DJ):    0.000ns
    Phase Error              (PE):    0.000ns

    Location             Delay type                Incr(ns)  Path(ns)    Netlist Resource(s)
  -------------------------------------------------------------------    -------------------
                         (clock clk_i rise edge)      0.000     0.000 r  
                                                      0.000     0.000 r  clk_i (IN)
                         net (fo=2687, unset)         0.787     0.787    clk_i
                         FDCE                                         r  res_q_reg[23]/C
  -------------------------------------------------------------------    -------------------
                         FDCE (Prop_fdce_C_Q)         0.433     1.220 r  res_q_reg[23]/Q
                         net (fo=0)                   0.787     2.007    result_o[23]
                                                                      r  result_o[23] (OUT)
  -------------------------------------------------------------------    -------------------

Slack:                    inf
  Source:                 res_q_reg[24]/C
                            (rising edge-triggered cell FDCE clocked by clk_i  {rise@0.000ns fall@2.500ns period=5.000ns})
  Destination:            result_o[24]
                            (output port)
  Path Group:             (none)
  Path Type:              Max at Slow Process Corner
  Data Path Delay:        1.220ns  (logic 0.433ns (35.492%)  route 0.787ns (64.508%))
  Logic Levels:           0  
  Clock Uncertainty:      0.025ns  ((TSJ^2 + TIJ^2)^1/2 + DJ) / 2 + PE
    Total System Jitter     (TSJ):    0.050ns
    Total Input Jitter      (TIJ):    0.000ns
    Discrete Jitter          (DJ):    0.000ns
    Phase Error              (PE):    0.000ns

    Location             Delay type                Incr(ns)  Path(ns)    Netlist Resource(s)
  -------------------------------------------------------------------    -------------------
                         (clock clk_i rise edge)      0.000     0.000 r  
                                                      0.000     0.000 r  clk_i (IN)
                         net (fo=2687, unset)         0.787     0.787    clk_i
                         FDCE                                         r  res_q_reg[24]/C
  -------------------------------------------------------------------    -------------------
                         FDCE (Prop_fdce_C_Q)         0.433     1.220 r  res_q_reg[24]/Q
                         net (fo=0)                   0.787     2.007    result_o[24]
                                                                      r  result_o[24] (OUT)
  -------------------------------------------------------------------    -------------------

Slack:                    inf
  Source:                 res_q_reg[25]/C
                            (rising edge-triggered cell FDCE clocked by clk_i  {rise@0.000ns fall@2.500ns period=5.000ns})
  Destination:            result_o[25]
                            (output port)
  Path Group:             (none)
  Path Type:              Max at Slow Process Corner
  Data Path Delay:        1.220ns  (logic 0.433ns (35.492%)  route 0.787ns (64.508%))
  Logic Levels:           0  
  Clock Uncertainty:      0.025ns  ((TSJ^2 + TIJ^2)^1/2 + DJ) / 2 + PE
    Total System Jitter     (TSJ):    0.050ns
    Total Input Jitter      (TIJ):    0.000ns
    Discrete Jitter          (DJ):    0.000ns
    Phase Error              (PE):    0.000ns

    Location             Delay type                Incr(ns)  Path(ns)    Netlist Resource(s)
  -------------------------------------------------------------------    -------------------
                         (clock clk_i rise edge)      0.000     0.000 r  
                                                      0.000     0.000 r  clk_i (IN)
                         net (fo=2687, unset)         0.787     0.787    clk_i
                         FDCE                                         r  res_q_reg[25]/C
  -------------------------------------------------------------------    -------------------
                         FDCE (Prop_fdce_C_Q)         0.433     1.220 r  res_q_reg[25]/Q
                         net (fo=0)                   0.787     2.007    result_o[25]
                                                                      r  result_o[25] (OUT)
  -------------------------------------------------------------------    -------------------

Slack:                    inf
  Source:                 res_q_reg[26]/C
                            (rising edge-triggered cell FDCE clocked by clk_i  {rise@0.000ns fall@2.500ns period=5.000ns})
  Destination:            result_o[26]
                            (output port)
  Path Group:             (none)
  Path Type:              Max at Slow Process Corner
  Data Path Delay:        1.220ns  (logic 0.433ns (35.492%)  route 0.787ns (64.508%))
  Logic Levels:           0  
  Clock Uncertainty:      0.025ns  ((TSJ^2 + TIJ^2)^1/2 + DJ) / 2 + PE
    Total System Jitter     (TSJ):    0.050ns
    Total Input Jitter      (TIJ):    0.000ns
    Discrete Jitter          (DJ):    0.000ns
    Phase Error              (PE):    0.000ns

    Location             Delay type                Incr(ns)  Path(ns)    Netlist Resource(s)
  -------------------------------------------------------------------    -------------------
                         (clock clk_i rise edge)      0.000     0.000 r  
                                                      0.000     0.000 r  clk_i (IN)
                         net (fo=2687, unset)         0.787     0.787    clk_i
                         FDCE                                         r  res_q_reg[26]/C
  -------------------------------------------------------------------    -------------------
                         FDCE (Prop_fdce_C_Q)         0.433     1.220 r  res_q_reg[26]/Q
                         net (fo=0)                   0.787     2.007    result_o[26]
                                                                      r  result_o[26] (OUT)
  -------------------------------------------------------------------    -------------------

Slack:                    inf
  Source:                 res_q_reg[27]/C
                            (rising edge-triggered cell FDCE clocked by clk_i  {rise@0.000ns fall@2.500ns period=5.000ns})
  Destination:            result_o[27]
                            (output port)
  Path Group:             (none)
  Path Type:              Max at Slow Process Corner
  Data Path Delay:        1.220ns  (logic 0.433ns (35.492%)  route 0.787ns (64.508%))
  Logic Levels:           0  
  Clock Uncertainty:      0.025ns  ((TSJ^2 + TIJ^2)^1/2 + DJ) / 2 + PE
    Total System Jitter     (TSJ):    0.050ns
    Total Input Jitter      (TIJ):    0.000ns
    Discrete Jitter          (DJ):    0.000ns
    Phase Error              (PE):    0.000ns

    Location             Delay type                Incr(ns)  Path(ns)    Netlist Resource(s)
  -------------------------------------------------------------------    -------------------
                         (clock clk_i rise edge)      0.000     0.000 r  
                                                      0.000     0.000 r  clk_i (IN)
                         net (fo=2687, unset)         0.787     0.787    clk_i
                         FDCE                                         r  res_q_reg[27]/C
  -------------------------------------------------------------------    -------------------
                         FDCE (Prop_fdce_C_Q)         0.433     1.220 r  res_q_reg[27]/Q
                         net (fo=0)                   0.787     2.007    result_o[27]
                                                                      r  result_o[27] (OUT)
  -------------------------------------------------------------------    -------------------

Slack:                    inf
  Source:                 res_q_reg[28]/C
                            (rising edge-triggered cell FDCE clocked by clk_i  {rise@0.000ns fall@2.500ns period=5.000ns})
  Destination:            result_o[28]
                            (output port)
  Path Group:             (none)
  Path Type:              Max at Slow Process Corner
  Data Path Delay:        1.220ns  (logic 0.433ns (35.492%)  route 0.787ns (64.508%))
  Logic Levels:           0  
  Clock Uncertainty:      0.025ns  ((TSJ^2 + TIJ^2)^1/2 + DJ) / 2 + PE
    Total System Jitter     (TSJ):    0.050ns
    Total Input Jitter      (TIJ):    0.000ns
    Discrete Jitter          (DJ):    0.000ns
    Phase Error              (PE):    0.000ns

    Location             Delay type                Incr(ns)  Path(ns)    Netlist Resource(s)
  -------------------------------------------------------------------    -------------------
                         (clock clk_i rise edge)      0.000     0.000 r  
                                                      0.000     0.000 r  clk_i (IN)
                         net (fo=2687, unset)         0.787     0.787    clk_i
                         FDCE                                         r  res_q_reg[28]/C
  -------------------------------------------------------------------    -------------------
                         FDCE (Prop_fdce_C_Q)         0.433     1.220 r  res_q_reg[28]/Q
                         net (fo=0)                   0.787     2.007    result_o[28]
                                                                      r  result_o[28] (OUT)
  -------------------------------------------------------------------    -------------------

Slack:                    inf
  Source:                 res_q_reg[29]/C
                            (rising edge-triggered cell FDCE clocked by clk_i  {rise@0.000ns fall@2.500ns period=5.000ns})
  Destination:            result_o[29]
                            (output port)
  Path Group:             (none)
  Path Type:              Max at Slow Process Corner
  Data Path Delay:        1.220ns  (logic 0.433ns (35.492%)  route 0.787ns (64.508%))
  Logic Levels:           0  
  Clock Uncertainty:      0.025ns  ((TSJ^2 + TIJ^2)^1/2 + DJ) / 2 + PE
    Total System Jitter     (TSJ):    0.050ns
    Total Input Jitter      (TIJ):    0.000ns
    Discrete Jitter          (DJ):    0.000ns
    Phase Error              (PE):    0.000ns

    Location             Delay type                Incr(ns)  Path(ns)    Netlist Resource(s)
  -------------------------------------------------------------------    -------------------
                         (clock clk_i rise edge)      0.000     0.000 r  
                                                      0.000     0.000 r  clk_i (IN)
                         net (fo=2687, unset)         0.787     0.787    clk_i
                         FDCE                                         r  res_q_reg[29]/C
  -------------------------------------------------------------------    -------------------
                         FDCE (Prop_fdce_C_Q)         0.433     1.220 r  res_q_reg[29]/Q
                         net (fo=0)                   0.787     2.007    result_o[29]
                                                                      r  result_o[29] (OUT)
  -------------------------------------------------------------------    -------------------

Slack:                    inf
  Source:                 res_q_reg[2]/C
                            (rising edge-triggered cell FDCE clocked by clk_i  {rise@0.000ns fall@2.500ns period=5.000ns})
  Destination:            result_o[2]
                            (output port)
  Path Group:             (none)
  Path Type:              Max at Slow Process Corner
  Data Path Delay:        1.220ns  (logic 0.433ns (35.492%)  route 0.787ns (64.508%))
  Logic Levels:           0  
  Clock Uncertainty:      0.025ns  ((TSJ^2 + TIJ^2)^1/2 + DJ) / 2 + PE
    Total System Jitter     (TSJ):    0.050ns
    Total Input Jitter      (TIJ):    0.000ns
    Discrete Jitter          (DJ):    0.000ns
    Phase Error              (PE):    0.000ns

    Location             Delay type                Incr(ns)  Path(ns)    Netlist Resource(s)
  -------------------------------------------------------------------    -------------------
                         (clock clk_i rise edge)      0.000     0.000 r  
                                                      0.000     0.000 r  clk_i (IN)
                         net (fo=2687, unset)         0.787     0.787    clk_i
                         FDCE                                         r  res_q_reg[2]/C
  -------------------------------------------------------------------    -------------------
                         FDCE (Prop_fdce_C_Q)         0.433     1.220 r  res_q_reg[2]/Q
                         net (fo=0)                   0.787     2.007    result_o[2]
                                                                      r  result_o[2] (OUT)
  -------------------------------------------------------------------    -------------------

Slack:                    inf
  Source:                 res_q_reg[30]/C
                            (rising edge-triggered cell FDCE clocked by clk_i  {rise@0.000ns fall@2.500ns period=5.000ns})
  Destination:            result_o[30]
                            (output port)
  Path Group:             (none)
  Path Type:              Max at Slow Process Corner
  Data Path Delay:        1.220ns  (logic 0.433ns (35.492%)  route 0.787ns (64.508%))
  Logic Levels:           0  
  Clock Uncertainty:      0.025ns  ((TSJ^2 + TIJ^2)^1/2 + DJ) / 2 + PE
    Total System Jitter     (TSJ):    0.050ns
    Total Input Jitter      (TIJ):    0.000ns
    Discrete Jitter          (DJ):    0.000ns
    Phase Error              (PE):    0.000ns

    Location             Delay type                Incr(ns)  Path(ns)    Netlist Resource(s)
  -------------------------------------------------------------------    -------------------
                         (clock clk_i rise edge)      0.000     0.000 r  
                                                      0.000     0.000 r  clk_i (IN)
                         net (fo=2687, unset)         0.787     0.787    clk_i
                         FDCE                                         r  res_q_reg[30]/C
  -------------------------------------------------------------------    -------------------
                         FDCE (Prop_fdce_C_Q)         0.433     1.220 r  res_q_reg[30]/Q
                         net (fo=0)                   0.787     2.007    result_o[30]
                                                                      r  result_o[30] (OUT)
  -------------------------------------------------------------------    -------------------

Slack:                    inf
  Source:                 res_q_reg[31]/C
                            (rising edge-triggered cell FDCE clocked by clk_i  {rise@0.000ns fall@2.500ns period=5.000ns})
  Destination:            result_o[31]
                            (output port)
  Path Group:             (none)
  Path Type:              Max at Slow Process Corner
  Data Path Delay:        1.220ns  (logic 0.433ns (35.492%)  route 0.787ns (64.508%))
  Logic Levels:           0  
  Clock Uncertainty:      0.025ns  ((TSJ^2 + TIJ^2)^1/2 + DJ) / 2 + PE
    Total System Jitter     (TSJ):    0.050ns
    Total Input Jitter      (TIJ):    0.000ns
    Discrete Jitter          (DJ):    0.000ns
    Phase Error              (PE):    0.000ns

    Location             Delay type                Incr(ns)  Path(ns)    Netlist Resource(s)
  -------------------------------------------------------------------    -------------------
                         (clock clk_i rise edge)      0.000     0.000 r  
                                                      0.000     0.000 r  clk_i (IN)
                         net (fo=2687, unset)         0.787     0.787    clk_i
                         FDCE                                         r  res_q_reg[31]/C
  -------------------------------------------------------------------    -------------------
                         FDCE (Prop_fdce_C_Q)         0.433     1.220 r  res_q_reg[31]/Q
                         net (fo=0)                   0.787     2.007    result_o[31]
                                                                      r  result_o[31] (OUT)
  -------------------------------------------------------------------    -------------------

Slack:                    inf
  Source:                 res_q_reg[32]/C
                            (rising edge-triggered cell FDCE clocked by clk_i  {rise@0.000ns fall@2.500ns period=5.000ns})
  Destination:            result_o[32]
                            (output port)
  Path Group:             (none)
  Path Type:              Max at Slow Process Corner
  Data Path Delay:        1.220ns  (logic 0.433ns (35.492%)  route 0.787ns (64.508%))
  Logic Levels:           0  
  Clock Uncertainty:      0.025ns  ((TSJ^2 + TIJ^2)^1/2 + DJ) / 2 + PE
    Total System Jitter     (TSJ):    0.050ns
    Total Input Jitter      (TIJ):    0.000ns
    Discrete Jitter          (DJ):    0.000ns
    Phase Error              (PE):    0.000ns

    Location             Delay type                Incr(ns)  Path(ns)    Netlist Resource(s)
  -------------------------------------------------------------------    -------------------
                         (clock clk_i rise edge)      0.000     0.000 r  
                                                      0.000     0.000 r  clk_i (IN)
                         net (fo=2687, unset)         0.787     0.787    clk_i
                         FDCE                                         r  res_q_reg[32]/C
  -------------------------------------------------------------------    -------------------
                         FDCE (Prop_fdce_C_Q)         0.433     1.220 r  res_q_reg[32]/Q
                         net (fo=0)                   0.787     2.007    result_o[32]
                                                                      r  result_o[32] (OUT)
  -------------------------------------------------------------------    -------------------

Slack:                    inf
  Source:                 res_q_reg[33]/C
                            (rising edge-triggered cell FDCE clocked by clk_i  {rise@0.000ns fall@2.500ns period=5.000ns})
  Destination:            result_o[33]
                            (output port)
  Path Group:             (none)
  Path Type:              Max at Slow Process Corner
  Data Path Delay:        1.220ns  (logic 0.433ns (35.492%)  route 0.787ns (64.508%))
  Logic Levels:           0  
  Clock Uncertainty:      0.025ns  ((TSJ^2 + TIJ^2)^1/2 + DJ) / 2 + PE
    Total System Jitter     (TSJ):    0.050ns
    Total Input Jitter      (TIJ):    0.000ns
    Discrete Jitter          (DJ):    0.000ns
    Phase Error              (PE):    0.000ns

    Location             Delay type                Incr(ns)  Path(ns)    Netlist Resource(s)
  -------------------------------------------------------------------    -------------------
                         (clock clk_i rise edge)      0.000     0.000 r  
                                                      0.000     0.000 r  clk_i (IN)
                         net (fo=2687, unset)         0.787     0.787    clk_i
                         FDCE                                         r  res_q_reg[33]/C
  -------------------------------------------------------------------    -------------------
                         FDCE (Prop_fdce_C_Q)         0.433     1.220 r  res_q_reg[33]/Q
                         net (fo=0)                   0.787     2.007    result_o[33]
                                                                      r  result_o[33] (OUT)
  -------------------------------------------------------------------    -------------------

Slack:                    inf
  Source:                 res_q_reg[34]/C
                            (rising edge-triggered cell FDCE clocked by clk_i  {rise@0.000ns fall@2.500ns period=5.000ns})
  Destination:            result_o[34]
                            (output port)
  Path Group:             (none)
  Path Type:              Max at Slow Process Corner
  Data Path Delay:        1.220ns  (logic 0.433ns (35.492%)  route 0.787ns (64.508%))
  Logic Levels:           0  
  Clock Uncertainty:      0.025ns  ((TSJ^2 + TIJ^2)^1/2 + DJ) / 2 + PE
    Total System Jitter     (TSJ):    0.050ns
    Total Input Jitter      (TIJ):    0.000ns
    Discrete Jitter          (DJ):    0.000ns
    Phase Error              (PE):    0.000ns

    Location             Delay type                Incr(ns)  Path(ns)    Netlist Resource(s)
  -------------------------------------------------------------------    -------------------
                         (clock clk_i rise edge)      0.000     0.000 r  
                                                      0.000     0.000 r  clk_i (IN)
                         net (fo=2687, unset)         0.787     0.787    clk_i
                         FDCE                                         r  res_q_reg[34]/C
  -------------------------------------------------------------------    -------------------
                         FDCE (Prop_fdce_C_Q)         0.433     1.220 r  res_q_reg[34]/Q
                         net (fo=0)                   0.787     2.007    result_o[34]
                                                                      r  result_o[34] (OUT)
  -------------------------------------------------------------------    -------------------

Slack:                    inf
  Source:                 res_q_reg[35]/C
                            (rising edge-triggered cell FDCE clocked by clk_i  {rise@0.000ns fall@2.500ns period=5.000ns})
  Destination:            result_o[35]
                            (output port)
  Path Group:             (none)
  Path Type:              Max at Slow Process Corner
  Data Path Delay:        1.220ns  (logic 0.433ns (35.492%)  route 0.787ns (64.508%))
  Logic Levels:           0  
  Clock Uncertainty:      0.025ns  ((TSJ^2 + TIJ^2)^1/2 + DJ) / 2 + PE
    Total System Jitter     (TSJ):    0.050ns
    Total Input Jitter      (TIJ):    0.000ns
    Discrete Jitter          (DJ):    0.000ns
    Phase Error              (PE):    0.000ns

    Location             Delay type                Incr(ns)  Path(ns)    Netlist Resource(s)
  -------------------------------------------------------------------    -------------------
                         (clock clk_i rise edge)      0.000     0.000 r  
                                                      0.000     0.000 r  clk_i (IN)
                         net (fo=2687, unset)         0.787     0.787    clk_i
                         FDCE                                         r  res_q_reg[35]/C
  -------------------------------------------------------------------    -------------------
                         FDCE (Prop_fdce_C_Q)         0.433     1.220 r  res_q_reg[35]/Q
                         net (fo=0)                   0.787     2.007    result_o[35]
                                                                      r  result_o[35] (OUT)
  -------------------------------------------------------------------    -------------------

Slack:                    inf
  Source:                 res_q_reg[36]/C
                            (rising edge-triggered cell FDCE clocked by clk_i  {rise@0.000ns fall@2.500ns period=5.000ns})
  Destination:            result_o[36]
                            (output port)
  Path Group:             (none)
  Path Type:              Max at Slow Process Corner
  Data Path Delay:        1.220ns  (logic 0.433ns (35.492%)  route 0.787ns (64.508%))
  Logic Levels:           0  
  Clock Uncertainty:      0.025ns  ((TSJ^2 + TIJ^2)^1/2 + DJ) / 2 + PE
    Total System Jitter     (TSJ):    0.050ns
    Total Input Jitter      (TIJ):    0.000ns
    Discrete Jitter          (DJ):    0.000ns
    Phase Error              (PE):    0.000ns

    Location             Delay type                Incr(ns)  Path(ns)    Netlist Resource(s)
  -------------------------------------------------------------------    -------------------
                         (clock clk_i rise edge)      0.000     0.000 r  
                                                      0.000     0.000 r  clk_i (IN)
                         net (fo=2687, unset)         0.787     0.787    clk_i
                         FDCE                                         r  res_q_reg[36]/C
  -------------------------------------------------------------------    -------------------
                         FDCE (Prop_fdce_C_Q)         0.433     1.220 r  res_q_reg[36]/Q
                         net (fo=0)                   0.787     2.007    result_o[36]
                                                                      r  result_o[36] (OUT)
  -------------------------------------------------------------------    -------------------

Slack:                    inf
  Source:                 res_q_reg[37]/C
                            (rising edge-triggered cell FDCE clocked by clk_i  {rise@0.000ns fall@2.500ns period=5.000ns})
  Destination:            result_o[37]
                            (output port)
  Path Group:             (none)
  Path Type:              Max at Slow Process Corner
  Data Path Delay:        1.220ns  (logic 0.433ns (35.492%)  route 0.787ns (64.508%))
  Logic Levels:           0  
  Clock Uncertainty:      0.025ns  ((TSJ^2 + TIJ^2)^1/2 + DJ) / 2 + PE
    Total System Jitter     (TSJ):    0.050ns
    Total Input Jitter      (TIJ):    0.000ns
    Discrete Jitter          (DJ):    0.000ns
    Phase Error              (PE):    0.000ns

    Location             Delay type                Incr(ns)  Path(ns)    Netlist Resource(s)
  -------------------------------------------------------------------    -------------------
                         (clock clk_i rise edge)      0.000     0.000 r  
                                                      0.000     0.000 r  clk_i (IN)
                         net (fo=2687, unset)         0.787     0.787    clk_i
                         FDCE                                         r  res_q_reg[37]/C
  -------------------------------------------------------------------    -------------------
                         FDCE (Prop_fdce_C_Q)         0.433     1.220 r  res_q_reg[37]/Q
                         net (fo=0)                   0.787     2.007    result_o[37]
                                                                      r  result_o[37] (OUT)
  -------------------------------------------------------------------    -------------------

Slack:                    inf
  Source:                 res_q_reg[38]/C
                            (rising edge-triggered cell FDCE clocked by clk_i  {rise@0.000ns fall@2.500ns period=5.000ns})
  Destination:            result_o[38]
                            (output port)
  Path Group:             (none)
  Path Type:              Max at Slow Process Corner
  Data Path Delay:        1.220ns  (logic 0.433ns (35.492%)  route 0.787ns (64.508%))
  Logic Levels:           0  
  Clock Uncertainty:      0.025ns  ((TSJ^2 + TIJ^2)^1/2 + DJ) / 2 + PE
    Total System Jitter     (TSJ):    0.050ns
    Total Input Jitter      (TIJ):    0.000ns
    Discrete Jitter          (DJ):    0.000ns
    Phase Error              (PE):    0.000ns

    Location             Delay type                Incr(ns)  Path(ns)    Netlist Resource(s)
  -------------------------------------------------------------------    -------------------
                         (clock clk_i rise edge)      0.000     0.000 r  
                                                      0.000     0.000 r  clk_i (IN)
                         net (fo=2687, unset)         0.787     0.787    clk_i
                         FDCE                                         r  res_q_reg[38]/C
  -------------------------------------------------------------------    -------------------
                         FDCE (Prop_fdce_C_Q)         0.433     1.220 r  res_q_reg[38]/Q
                         net (fo=0)                   0.787     2.007    result_o[38]
                                                                      r  result_o[38] (OUT)
  -------------------------------------------------------------------    -------------------

Slack:                    inf
  Source:                 res_q_reg[39]/C
                            (rising edge-triggered cell FDCE clocked by clk_i  {rise@0.000ns fall@2.500ns period=5.000ns})
  Destination:            result_o[39]
                            (output port)
  Path Group:             (none)
  Path Type:              Max at Slow Process Corner
  Data Path Delay:        1.220ns  (logic 0.433ns (35.492%)  route 0.787ns (64.508%))
  Logic Levels:           0  
  Clock Uncertainty:      0.025ns  ((TSJ^2 + TIJ^2)^1/2 + DJ) / 2 + PE
    Total System Jitter     (TSJ):    0.050ns
    Total Input Jitter      (TIJ):    0.000ns
    Discrete Jitter          (DJ):    0.000ns
    Phase Error              (PE):    0.000ns

    Location             Delay type                Incr(ns)  Path(ns)    Netlist Resource(s)
  -------------------------------------------------------------------    -------------------
                         (clock clk_i rise edge)      0.000     0.000 r  
                                                      0.000     0.000 r  clk_i (IN)
                         net (fo=2687, unset)         0.787     0.787    clk_i
                         FDCE                                         r  res_q_reg[39]/C
  -------------------------------------------------------------------    -------------------
                         FDCE (Prop_fdce_C_Q)         0.433     1.220 r  res_q_reg[39]/Q
                         net (fo=0)                   0.787     2.007    result_o[39]
                                                                      r  result_o[39] (OUT)
  -------------------------------------------------------------------    -------------------

Slack:                    inf
  Source:                 res_q_reg[3]/C
                            (rising edge-triggered cell FDCE clocked by clk_i  {rise@0.000ns fall@2.500ns period=5.000ns})
  Destination:            result_o[3]
                            (output port)
  Path Group:             (none)
  Path Type:              Max at Slow Process Corner
  Data Path Delay:        1.220ns  (logic 0.433ns (35.492%)  route 0.787ns (64.508%))
  Logic Levels:           0  
  Clock Uncertainty:      0.025ns  ((TSJ^2 + TIJ^2)^1/2 + DJ) / 2 + PE
    Total System Jitter     (TSJ):    0.050ns
    Total Input Jitter      (TIJ):    0.000ns
    Discrete Jitter          (DJ):    0.000ns
    Phase Error              (PE):    0.000ns

    Location             Delay type                Incr(ns)  Path(ns)    Netlist Resource(s)
  -------------------------------------------------------------------    -------------------
                         (clock clk_i rise edge)      0.000     0.000 r  
                                                      0.000     0.000 r  clk_i (IN)
                         net (fo=2687, unset)         0.787     0.787    clk_i
                         FDCE                                         r  res_q_reg[3]/C
  -------------------------------------------------------------------    -------------------
                         FDCE (Prop_fdce_C_Q)         0.433     1.220 r  res_q_reg[3]/Q
                         net (fo=0)                   0.787     2.007    result_o[3]
                                                                      r  result_o[3] (OUT)
  -------------------------------------------------------------------    -------------------

Slack:                    inf
  Source:                 res_q_reg[40]/C
                            (rising edge-triggered cell FDCE clocked by clk_i  {rise@0.000ns fall@2.500ns period=5.000ns})
  Destination:            result_o[40]
                            (output port)
  Path Group:             (none)
  Path Type:              Max at Slow Process Corner
  Data Path Delay:        1.220ns  (logic 0.433ns (35.492%)  route 0.787ns (64.508%))
  Logic Levels:           0  
  Clock Uncertainty:      0.025ns  ((TSJ^2 + TIJ^2)^1/2 + DJ) / 2 + PE
    Total System Jitter     (TSJ):    0.050ns
    Total Input Jitter      (TIJ):    0.000ns
    Discrete Jitter          (DJ):    0.000ns
    Phase Error              (PE):    0.000ns

    Location             Delay type                Incr(ns)  Path(ns)    Netlist Resource(s)
  -------------------------------------------------------------------    -------------------
                         (clock clk_i rise edge)      0.000     0.000 r  
                                                      0.000     0.000 r  clk_i (IN)
                         net (fo=2687, unset)         0.787     0.787    clk_i
                         FDCE                                         r  res_q_reg[40]/C
  -------------------------------------------------------------------    -------------------
                         FDCE (Prop_fdce_C_Q)         0.433     1.220 r  res_q_reg[40]/Q
                         net (fo=0)                   0.787     2.007    result_o[40]
                                                                      r  result_o[40] (OUT)
  -------------------------------------------------------------------    -------------------

Slack:                    inf
  Source:                 res_q_reg[41]/C
                            (rising edge-triggered cell FDCE clocked by clk_i  {rise@0.000ns fall@2.500ns period=5.000ns})
  Destination:            result_o[41]
                            (output port)
  Path Group:             (none)
  Path Type:              Max at Slow Process Corner
  Data Path Delay:        1.220ns  (logic 0.433ns (35.492%)  route 0.787ns (64.508%))
  Logic Levels:           0  
  Clock Uncertainty:      0.025ns  ((TSJ^2 + TIJ^2)^1/2 + DJ) / 2 + PE
    Total System Jitter     (TSJ):    0.050ns
    Total Input Jitter      (TIJ):    0.000ns
    Discrete Jitter          (DJ):    0.000ns
    Phase Error              (PE):    0.000ns

    Location             Delay type                Incr(ns)  Path(ns)    Netlist Resource(s)
  -------------------------------------------------------------------    -------------------
                         (clock clk_i rise edge)      0.000     0.000 r  
                                                      0.000     0.000 r  clk_i (IN)
                         net (fo=2687, unset)         0.787     0.787    clk_i
                         FDCE                                         r  res_q_reg[41]/C
  -------------------------------------------------------------------    -------------------
                         FDCE (Prop_fdce_C_Q)         0.433     1.220 r  res_q_reg[41]/Q
                         net (fo=0)                   0.787     2.007    result_o[41]
                                                                      r  result_o[41] (OUT)
  -------------------------------------------------------------------    -------------------

Slack:                    inf
  Source:                 res_q_reg[42]/C
                            (rising edge-triggered cell FDCE clocked by clk_i  {rise@0.000ns fall@2.500ns period=5.000ns})
  Destination:            result_o[42]
                            (output port)
  Path Group:             (none)
  Path Type:              Max at Slow Process Corner
  Data Path Delay:        1.220ns  (logic 0.433ns (35.492%)  route 0.787ns (64.508%))
  Logic Levels:           0  
  Clock Uncertainty:      0.025ns  ((TSJ^2 + TIJ^2)^1/2 + DJ) / 2 + PE
    Total System Jitter     (TSJ):    0.050ns
    Total Input Jitter      (TIJ):    0.000ns
    Discrete Jitter          (DJ):    0.000ns
    Phase Error              (PE):    0.000ns

    Location             Delay type                Incr(ns)  Path(ns)    Netlist Resource(s)
  -------------------------------------------------------------------    -------------------
                         (clock clk_i rise edge)      0.000     0.000 r  
                                                      0.000     0.000 r  clk_i (IN)
                         net (fo=2687, unset)         0.787     0.787    clk_i
                         FDCE                                         r  res_q_reg[42]/C
  -------------------------------------------------------------------    -------------------
                         FDCE (Prop_fdce_C_Q)         0.433     1.220 r  res_q_reg[42]/Q
                         net (fo=0)                   0.787     2.007    result_o[42]
                                                                      r  result_o[42] (OUT)
  -------------------------------------------------------------------    -------------------

Slack:                    inf
  Source:                 res_q_reg[43]/C
                            (rising edge-triggered cell FDCE clocked by clk_i  {rise@0.000ns fall@2.500ns period=5.000ns})
  Destination:            result_o[43]
                            (output port)
  Path Group:             (none)
  Path Type:              Max at Slow Process Corner
  Data Path Delay:        1.220ns  (logic 0.433ns (35.492%)  route 0.787ns (64.508%))
  Logic Levels:           0  
  Clock Uncertainty:      0.025ns  ((TSJ^2 + TIJ^2)^1/2 + DJ) / 2 + PE
    Total System Jitter     (TSJ):    0.050ns
    Total Input Jitter      (TIJ):    0.000ns
    Discrete Jitter          (DJ):    0.000ns
    Phase Error              (PE):    0.000ns

    Location             Delay type                Incr(ns)  Path(ns)    Netlist Resource(s)
  -------------------------------------------------------------------    -------------------
                         (clock clk_i rise edge)      0.000     0.000 r  
                                                      0.000     0.000 r  clk_i (IN)
                         net (fo=2687, unset)         0.787     0.787    clk_i
                         FDCE                                         r  res_q_reg[43]/C
  -------------------------------------------------------------------    -------------------
                         FDCE (Prop_fdce_C_Q)         0.433     1.220 r  res_q_reg[43]/Q
                         net (fo=0)                   0.787     2.007    result_o[43]
                                                                      r  result_o[43] (OUT)
  -------------------------------------------------------------------    -------------------

Slack:                    inf
  Source:                 res_q_reg[44]/C
                            (rising edge-triggered cell FDCE clocked by clk_i  {rise@0.000ns fall@2.500ns period=5.000ns})
  Destination:            result_o[44]
                            (output port)
  Path Group:             (none)
  Path Type:              Max at Slow Process Corner
  Data Path Delay:        1.220ns  (logic 0.433ns (35.492%)  route 0.787ns (64.508%))
  Logic Levels:           0  
  Clock Uncertainty:      0.025ns  ((TSJ^2 + TIJ^2)^1/2 + DJ) / 2 + PE
    Total System Jitter     (TSJ):    0.050ns
    Total Input Jitter      (TIJ):    0.000ns
    Discrete Jitter          (DJ):    0.000ns
    Phase Error              (PE):    0.000ns

    Location             Delay type                Incr(ns)  Path(ns)    Netlist Resource(s)
  -------------------------------------------------------------------    -------------------
                         (clock clk_i rise edge)      0.000     0.000 r  
                                                      0.000     0.000 r  clk_i (IN)
                         net (fo=2687, unset)         0.787     0.787    clk_i
                         FDCE                                         r  res_q_reg[44]/C
  -------------------------------------------------------------------    -------------------
                         FDCE (Prop_fdce_C_Q)         0.433     1.220 r  res_q_reg[44]/Q
                         net (fo=0)                   0.787     2.007    result_o[44]
                                                                      r  result_o[44] (OUT)
  -------------------------------------------------------------------    -------------------

Slack:                    inf
  Source:                 res_q_reg[45]/C
                            (rising edge-triggered cell FDCE clocked by clk_i  {rise@0.000ns fall@2.500ns period=5.000ns})
  Destination:            result_o[45]
                            (output port)
  Path Group:             (none)
  Path Type:              Max at Slow Process Corner
  Data Path Delay:        1.220ns  (logic 0.433ns (35.492%)  route 0.787ns (64.508%))
  Logic Levels:           0  
  Clock Uncertainty:      0.025ns  ((TSJ^2 + TIJ^2)^1/2 + DJ) / 2 + PE
    Total System Jitter     (TSJ):    0.050ns
    Total Input Jitter      (TIJ):    0.000ns
    Discrete Jitter          (DJ):    0.000ns
    Phase Error              (PE):    0.000ns

    Location             Delay type                Incr(ns)  Path(ns)    Netlist Resource(s)
  -------------------------------------------------------------------    -------------------
                         (clock clk_i rise edge)      0.000     0.000 r  
                                                      0.000     0.000 r  clk_i (IN)
                         net (fo=2687, unset)         0.787     0.787    clk_i
                         FDCE                                         r  res_q_reg[45]/C
  -------------------------------------------------------------------    -------------------
                         FDCE (Prop_fdce_C_Q)         0.433     1.220 r  res_q_reg[45]/Q
                         net (fo=0)                   0.787     2.007    result_o[45]
                                                                      r  result_o[45] (OUT)
  -------------------------------------------------------------------    -------------------

Slack:                    inf
  Source:                 res_q_reg[46]/C
                            (rising edge-triggered cell FDCE clocked by clk_i  {rise@0.000ns fall@2.500ns period=5.000ns})
  Destination:            result_o[46]
                            (output port)
  Path Group:             (none)
  Path Type:              Max at Slow Process Corner
  Data Path Delay:        1.220ns  (logic 0.433ns (35.492%)  route 0.787ns (64.508%))
  Logic Levels:           0  
  Clock Uncertainty:      0.025ns  ((TSJ^2 + TIJ^2)^1/2 + DJ) / 2 + PE
    Total System Jitter     (TSJ):    0.050ns
    Total Input Jitter      (TIJ):    0.000ns
    Discrete Jitter          (DJ):    0.000ns
    Phase Error              (PE):    0.000ns

    Location             Delay type                Incr(ns)  Path(ns)    Netlist Resource(s)
  -------------------------------------------------------------------    -------------------
                         (clock clk_i rise edge)      0.000     0.000 r  
                                                      0.000     0.000 r  clk_i (IN)
                         net (fo=2687, unset)         0.787     0.787    clk_i
                         FDCE                                         r  res_q_reg[46]/C
  -------------------------------------------------------------------    -------------------
                         FDCE (Prop_fdce_C_Q)         0.433     1.220 r  res_q_reg[46]/Q
                         net (fo=0)                   0.787     2.007    result_o[46]
                                                                      r  result_o[46] (OUT)
  -------------------------------------------------------------------    -------------------

Slack:                    inf
  Source:                 res_q_reg[47]/C
                            (rising edge-triggered cell FDCE clocked by clk_i  {rise@0.000ns fall@2.500ns period=5.000ns})
  Destination:            result_o[47]
                            (output port)
  Path Group:             (none)
  Path Type:              Max at Slow Process Corner
  Data Path Delay:        1.220ns  (logic 0.433ns (35.492%)  route 0.787ns (64.508%))
  Logic Levels:           0  
  Clock Uncertainty:      0.025ns  ((TSJ^2 + TIJ^2)^1/2 + DJ) / 2 + PE
    Total System Jitter     (TSJ):    0.050ns
    Total Input Jitter      (TIJ):    0.000ns
    Discrete Jitter          (DJ):    0.000ns
    Phase Error              (PE):    0.000ns

    Location             Delay type                Incr(ns)  Path(ns)    Netlist Resource(s)
  -------------------------------------------------------------------    -------------------
                         (clock clk_i rise edge)      0.000     0.000 r  
                                                      0.000     0.000 r  clk_i (IN)
                         net (fo=2687, unset)         0.787     0.787    clk_i
                         FDCE                                         r  res_q_reg[47]/C
  -------------------------------------------------------------------    -------------------
                         FDCE (Prop_fdce_C_Q)         0.433     1.220 r  res_q_reg[47]/Q
                         net (fo=0)                   0.787     2.007    result_o[47]
                                                                      r  result_o[47] (OUT)
  -------------------------------------------------------------------    -------------------

Slack:                    inf
  Source:                 res_q_reg[48]/C
                            (rising edge-triggered cell FDCE clocked by clk_i  {rise@0.000ns fall@2.500ns period=5.000ns})
  Destination:            result_o[48]
                            (output port)
  Path Group:             (none)
  Path Type:              Max at Slow Process Corner
  Data Path Delay:        1.220ns  (logic 0.433ns (35.492%)  route 0.787ns (64.508%))
  Logic Levels:           0  
  Clock Uncertainty:      0.025ns  ((TSJ^2 + TIJ^2)^1/2 + DJ) / 2 + PE
    Total System Jitter     (TSJ):    0.050ns
    Total Input Jitter      (TIJ):    0.000ns
    Discrete Jitter          (DJ):    0.000ns
    Phase Error              (PE):    0.000ns

    Location             Delay type                Incr(ns)  Path(ns)    Netlist Resource(s)
  -------------------------------------------------------------------    -------------------
                         (clock clk_i rise edge)      0.000     0.000 r  
                                                      0.000     0.000 r  clk_i (IN)
                         net (fo=2687, unset)         0.787     0.787    clk_i
                         FDCE                                         r  res_q_reg[48]/C
  -------------------------------------------------------------------    -------------------
                         FDCE (Prop_fdce_C_Q)         0.433     1.220 r  res_q_reg[48]/Q
                         net (fo=0)                   0.787     2.007    result_o[48]
                                                                      r  result_o[48] (OUT)
  -------------------------------------------------------------------    -------------------

Slack:                    inf
  Source:                 res_q_reg[49]/C
                            (rising edge-triggered cell FDCE clocked by clk_i  {rise@0.000ns fall@2.500ns period=5.000ns})
  Destination:            result_o[49]
                            (output port)
  Path Group:             (none)
  Path Type:              Max at Slow Process Corner
  Data Path Delay:        1.220ns  (logic 0.433ns (35.492%)  route 0.787ns (64.508%))
  Logic Levels:           0  
  Clock Uncertainty:      0.025ns  ((TSJ^2 + TIJ^2)^1/2 + DJ) / 2 + PE
    Total System Jitter     (TSJ):    0.050ns
    Total Input Jitter      (TIJ):    0.000ns
    Discrete Jitter          (DJ):    0.000ns
    Phase Error              (PE):    0.000ns

    Location             Delay type                Incr(ns)  Path(ns)    Netlist Resource(s)
  -------------------------------------------------------------------    -------------------
                         (clock clk_i rise edge)      0.000     0.000 r  
                                                      0.000     0.000 r  clk_i (IN)
                         net (fo=2687, unset)         0.787     0.787    clk_i
                         FDCE                                         r  res_q_reg[49]/C
  -------------------------------------------------------------------    -------------------
                         FDCE (Prop_fdce_C_Q)         0.433     1.220 r  res_q_reg[49]/Q
                         net (fo=0)                   0.787     2.007    result_o[49]
                                                                      r  result_o[49] (OUT)
  -------------------------------------------------------------------    -------------------

Slack:                    inf
  Source:                 res_q_reg[4]/C
                            (rising edge-triggered cell FDCE clocked by clk_i  {rise@0.000ns fall@2.500ns period=5.000ns})
  Destination:            result_o[4]
                            (output port)
  Path Group:             (none)
  Path Type:              Max at Slow Process Corner
  Data Path Delay:        1.220ns  (logic 0.433ns (35.492%)  route 0.787ns (64.508%))
  Logic Levels:           0  
  Clock Uncertainty:      0.025ns  ((TSJ^2 + TIJ^2)^1/2 + DJ) / 2 + PE
    Total System Jitter     (TSJ):    0.050ns
    Total Input Jitter      (TIJ):    0.000ns
    Discrete Jitter          (DJ):    0.000ns
    Phase Error              (PE):    0.000ns

    Location             Delay type                Incr(ns)  Path(ns)    Netlist Resource(s)
  -------------------------------------------------------------------    -------------------
                         (clock clk_i rise edge)      0.000     0.000 r  
                                                      0.000     0.000 r  clk_i (IN)
                         net (fo=2687, unset)         0.787     0.787    clk_i
                         FDCE                                         r  res_q_reg[4]/C
  -------------------------------------------------------------------    -------------------
                         FDCE (Prop_fdce_C_Q)         0.433     1.220 r  res_q_reg[4]/Q
                         net (fo=0)                   0.787     2.007    result_o[4]
                                                                      r  result_o[4] (OUT)
  -------------------------------------------------------------------    -------------------

Slack:                    inf
  Source:                 res_q_reg[50]/C
                            (rising edge-triggered cell FDCE clocked by clk_i  {rise@0.000ns fall@2.500ns period=5.000ns})
  Destination:            result_o[50]
                            (output port)
  Path Group:             (none)
  Path Type:              Max at Slow Process Corner
  Data Path Delay:        1.220ns  (logic 0.433ns (35.492%)  route 0.787ns (64.508%))
  Logic Levels:           0  
  Clock Uncertainty:      0.025ns  ((TSJ^2 + TIJ^2)^1/2 + DJ) / 2 + PE
    Total System Jitter     (TSJ):    0.050ns
    Total Input Jitter      (TIJ):    0.000ns
    Discrete Jitter          (DJ):    0.000ns
    Phase Error              (PE):    0.000ns

    Location             Delay type                Incr(ns)  Path(ns)    Netlist Resource(s)
  -------------------------------------------------------------------    -------------------
                         (clock clk_i rise edge)      0.000     0.000 r  
                                                      0.000     0.000 r  clk_i (IN)
                         net (fo=2687, unset)         0.787     0.787    clk_i
                         FDCE                                         r  res_q_reg[50]/C
  -------------------------------------------------------------------    -------------------
                         FDCE (Prop_fdce_C_Q)         0.433     1.220 r  res_q_reg[50]/Q
                         net (fo=0)                   0.787     2.007    result_o[50]
                                                                      r  result_o[50] (OUT)
  -------------------------------------------------------------------    -------------------

Slack:                    inf
  Source:                 res_q_reg[51]/C
                            (rising edge-triggered cell FDCE clocked by clk_i  {rise@0.000ns fall@2.500ns period=5.000ns})
  Destination:            result_o[51]
                            (output port)
  Path Group:             (none)
  Path Type:              Max at Slow Process Corner
  Data Path Delay:        1.220ns  (logic 0.433ns (35.492%)  route 0.787ns (64.508%))
  Logic Levels:           0  
  Clock Uncertainty:      0.025ns  ((TSJ^2 + TIJ^2)^1/2 + DJ) / 2 + PE
    Total System Jitter     (TSJ):    0.050ns
    Total Input Jitter      (TIJ):    0.000ns
    Discrete Jitter          (DJ):    0.000ns
    Phase Error              (PE):    0.000ns

    Location             Delay type                Incr(ns)  Path(ns)    Netlist Resource(s)
  -------------------------------------------------------------------    -------------------
                         (clock clk_i rise edge)      0.000     0.000 r  
                                                      0.000     0.000 r  clk_i (IN)
                         net (fo=2687, unset)         0.787     0.787    clk_i
                         FDCE                                         r  res_q_reg[51]/C
  -------------------------------------------------------------------    -------------------
                         FDCE (Prop_fdce_C_Q)         0.433     1.220 r  res_q_reg[51]/Q
                         net (fo=0)                   0.787     2.007    result_o[51]
                                                                      r  result_o[51] (OUT)
  -------------------------------------------------------------------    -------------------

Slack:                    inf
  Source:                 res_q_reg[52]/C
                            (rising edge-triggered cell FDCE clocked by clk_i  {rise@0.000ns fall@2.500ns period=5.000ns})
  Destination:            result_o[52]
                            (output port)
  Path Group:             (none)
  Path Type:              Max at Slow Process Corner
  Data Path Delay:        1.220ns  (logic 0.433ns (35.492%)  route 0.787ns (64.508%))
  Logic Levels:           0  
  Clock Uncertainty:      0.025ns  ((TSJ^2 + TIJ^2)^1/2 + DJ) / 2 + PE
    Total System Jitter     (TSJ):    0.050ns
    Total Input Jitter      (TIJ):    0.000ns
    Discrete Jitter          (DJ):    0.000ns
    Phase Error              (PE):    0.000ns

    Location             Delay type                Incr(ns)  Path(ns)    Netlist Resource(s)
  -------------------------------------------------------------------    -------------------
                         (clock clk_i rise edge)      0.000     0.000 r  
                                                      0.000     0.000 r  clk_i (IN)
                         net (fo=2687, unset)         0.787     0.787    clk_i
                         FDCE                                         r  res_q_reg[52]/C
  -------------------------------------------------------------------    -------------------
                         FDCE (Prop_fdce_C_Q)         0.433     1.220 r  res_q_reg[52]/Q
                         net (fo=0)                   0.787     2.007    result_o[52]
                                                                      r  result_o[52] (OUT)
  -------------------------------------------------------------------    -------------------





--------------------------------------------------------------------------------------
Path Group:  (none)
From Clock:  
  To Clock:  clk_i

Max Delay          2503 Endpoints
Min Delay             0 Endpoints
--------------------------------------------------------------------------------------


Max Delay Paths
--------------------------------------------------------------------------------------
Slack:                    inf
  Source:                 valid_i
                            (input port)
  Destination:            b_q_reg[0]/CE
                            (rising edge-triggered cell FDCE clocked by clk_i  {rise@0.000ns fall@2.500ns period=5.000ns})
  Path Group:             (none)
  Path Type:              Setup (Max at Slow Process Corner)
  Data Path Delay:        1.888ns  (logic 0.210ns (11.123%)  route 1.678ns (88.877%))
  Logic Levels:           2  (LUT5=1 LUT6=1)
  Clock Path Skew:        0.748ns (DCD - SCD + CPR)
    Destination Clock Delay (DCD):    0.748ns
    Source Clock Delay      (SCD):    0.000ns
    Clock Pessimism Removal (CPR):    0.000ns
  Clock Uncertainty:      0.025ns  ((TSJ^2 + TIJ^2)^1/2 + DJ) / 2 + PE
    Total System Jitter     (TSJ):    0.050ns
    Total Input Jitter      (TIJ):    0.000ns
    Discrete Jitter          (DJ):    0.000ns
    Phase Error              (PE):    0.000ns

    Location             Delay type                Incr(ns)  Path(ns)    Netlist Resource(s)
  -------------------------------------------------------------------    -------------------
                                                      0.000     0.000 r  valid_i (IN)
                         net (fo=1, unset)            0.787     0.787    valid_i
                         LUT5 (Prop_lut5_I0_O)        0.105     0.892 r  a_q[63]_i_1/O
                         net (fo=69, unplaced)        0.437     1.329    op_n
                         LUT6 (Prop_lut6_I0_O)        0.105     1.434 r  b_q[63]_i_1/O
                         net (fo=64, unplaced)        0.454     1.888    b_q[63]_i_1_n_0
                         FDCE                                         r  b_q_reg[0]/CE
  -------------------------------------------------------------------    -------------------

                         (clock clk_i rise edge)      0.000     0.000 r  
                                                      0.000     0.000 r  clk_i (IN)
                         net (fo=2687, unset)         0.748     0.748    clk_i
                         FDCE                                         r  b_q_reg[0]/C

Slack:                    inf
  Source:                 valid_i
                            (input port)
  Destination:            b_q_reg[10]/CE
                            (rising edge-triggered cell FDCE clocked by clk_i  {rise@0.000ns fall@2.500ns period=5.000ns})
  Path Group:             (none)
  Path Type:              Setup (Max at Slow Process Corner)
  Data Path Delay:        1.888ns  (logic 0.210ns (11.123%)  route 1.678ns (88.877%))
  Logic Levels:           2  (LUT5=1 LUT6=1)
  Clock Path Skew:        0.748ns (DCD - SCD + CPR)
    Destination Clock Delay (DCD):    0.748ns
    Source Clock Delay      (SCD):    0.000ns
    Clock Pessimism Removal (CPR):    0.000ns
  Clock Uncertainty:      0.025ns  ((TSJ^2 + TIJ^2)^1/2 + DJ) / 2 + PE
    Total System Jitter     (TSJ):    0.050ns
    Total Input Jitter      (TIJ):    0.000ns
    Discrete Jitter          (DJ):    0.000ns
    Phase Error              (PE):    0.000ns

    Location             Delay type                Incr(ns)  Path(ns)    Netlist Resource(s)
  -------------------------------------------------------------------    -------------------
                                                      0.000     0.000 r  valid_i (IN)
                         net (fo=1, unset)            0.787     0.787    valid_i
                         LUT5 (Prop_lut5_I0_O)        0.105     0.892 r  a_q[63]_i_1/O
                         net (fo=69, unplaced)        0.437     1.329    op_n
                         LUT6 (Prop_lut6_I0_O)        0.105     1.434 r  b_q[63]_i_1/O
                         net (fo=64, unplaced)        0.454     1.888    b_q[63]_i_1_n_0
                         FDCE                                         r  b_q_reg[10]/CE
  -------------------------------------------------------------------    -------------------

                         (clock clk_i rise edge)      0.000     0.000 r  
                                                      0.000     0.000 r  clk_i (IN)
                         net (fo=2687, unset)         0.748     0.748    clk_i
                         FDCE                                         r  b_q_reg[10]/C

Slack:                    inf
  Source:                 valid_i
                            (input port)
  Destination:            b_q_reg[11]/CE
                            (rising edge-triggered cell FDCE clocked by clk_i  {rise@0.000ns fall@2.500ns period=5.000ns})
  Path Group:             (none)
  Path Type:              Setup (Max at Slow Process Corner)
  Data Path Delay:        1.888ns  (logic 0.210ns (11.123%)  route 1.678ns (88.877%))
  Logic Levels:           2  (LUT5=1 LUT6=1)
  Clock Path Skew:        0.748ns (DCD - SCD + CPR)
    Destination Clock Delay (DCD):    0.748ns
    Source Clock Delay      (SCD):    0.000ns
    Clock Pessimism Removal (CPR):    0.000ns
  Clock Uncertainty:      0.025ns  ((TSJ^2 + TIJ^2)^1/2 + DJ) / 2 + PE
    Total System Jitter     (TSJ):    0.050ns
    Total Input Jitter      (TIJ):    0.000ns
    Discrete Jitter          (DJ):    0.000ns
    Phase Error              (PE):    0.000ns

    Location             Delay type                Incr(ns)  Path(ns)    Netlist Resource(s)
  -------------------------------------------------------------------    -------------------
                                                      0.000     0.000 r  valid_i (IN)
                         net (fo=1, unset)            0.787     0.787    valid_i
                         LUT5 (Prop_lut5_I0_O)        0.105     0.892 r  a_q[63]_i_1/O
                         net (fo=69, unplaced)        0.437     1.329    op_n
                         LUT6 (Prop_lut6_I0_O)        0.105     1.434 r  b_q[63]_i_1/O
                         net (fo=64, unplaced)        0.454     1.888    b_q[63]_i_1_n_0
                         FDCE                                         r  b_q_reg[11]/CE
  -------------------------------------------------------------------    -------------------

                         (clock clk_i rise edge)      0.000     0.000 r  
                                                      0.000     0.000 r  clk_i (IN)
                         net (fo=2687, unset)         0.748     0.748    clk_i
                         FDCE                                         r  b_q_reg[11]/C

Slack:                    inf
  Source:                 valid_i
                            (input port)
  Destination:            b_q_reg[12]/CE
                            (rising edge-triggered cell FDCE clocked by clk_i  {rise@0.000ns fall@2.500ns period=5.000ns})
  Path Group:             (none)
  Path Type:              Setup (Max at Slow Process Corner)
  Data Path Delay:        1.888ns  (logic 0.210ns (11.123%)  route 1.678ns (88.877%))
  Logic Levels:           2  (LUT5=1 LUT6=1)
  Clock Path Skew:        0.748ns (DCD - SCD + CPR)
    Destination Clock Delay (DCD):    0.748ns
    Source Clock Delay      (SCD):    0.000ns
    Clock Pessimism Removal (CPR):    0.000ns
  Clock Uncertainty:      0.025ns  ((TSJ^2 + TIJ^2)^1/2 + DJ) / 2 + PE
    Total System Jitter     (TSJ):    0.050ns
    Total Input Jitter      (TIJ):    0.000ns
    Discrete Jitter          (DJ):    0.000ns
    Phase Error              (PE):    0.000ns

    Location             Delay type                Incr(ns)  Path(ns)    Netlist Resource(s)
  -------------------------------------------------------------------    -------------------
                                                      0.000     0.000 r  valid_i (IN)
                         net (fo=1, unset)            0.787     0.787    valid_i
                         LUT5 (Prop_lut5_I0_O)        0.105     0.892 r  a_q[63]_i_1/O
                         net (fo=69, unplaced)        0.437     1.329    op_n
                         LUT6 (Prop_lut6_I0_O)        0.105     1.434 r  b_q[63]_i_1/O
                         net (fo=64, unplaced)        0.454     1.888    b_q[63]_i_1_n_0
                         FDCE                                         r  b_q_reg[12]/CE
  -------------------------------------------------------------------    -------------------

                         (clock clk_i rise edge)      0.000     0.000 r  
                                                      0.000     0.000 r  clk_i (IN)
                         net (fo=2687, unset)         0.748     0.748    clk_i
                         FDCE                                         r  b_q_reg[12]/C

Slack:                    inf
  Source:                 valid_i
                            (input port)
  Destination:            b_q_reg[13]/CE
                            (rising edge-triggered cell FDCE clocked by clk_i  {rise@0.000ns fall@2.500ns period=5.000ns})
  Path Group:             (none)
  Path Type:              Setup (Max at Slow Process Corner)
  Data Path Delay:        1.888ns  (logic 0.210ns (11.123%)  route 1.678ns (88.877%))
  Logic Levels:           2  (LUT5=1 LUT6=1)
  Clock Path Skew:        0.748ns (DCD - SCD + CPR)
    Destination Clock Delay (DCD):    0.748ns
    Source Clock Delay      (SCD):    0.000ns
    Clock Pessimism Removal (CPR):    0.000ns
  Clock Uncertainty:      0.025ns  ((TSJ^2 + TIJ^2)^1/2 + DJ) / 2 + PE
    Total System Jitter     (TSJ):    0.050ns
    Total Input Jitter      (TIJ):    0.000ns
    Discrete Jitter          (DJ):    0.000ns
    Phase Error              (PE):    0.000ns

    Location             Delay type                Incr(ns)  Path(ns)    Netlist Resource(s)
  -------------------------------------------------------------------    -------------------
                                                      0.000     0.000 r  valid_i (IN)
                         net (fo=1, unset)            0.787     0.787    valid_i
                         LUT5 (Prop_lut5_I0_O)        0.105     0.892 r  a_q[63]_i_1/O
                         net (fo=69, unplaced)        0.437     1.329    op_n
                         LUT6 (Prop_lut6_I0_O)        0.105     1.434 r  b_q[63]_i_1/O
                         net (fo=64, unplaced)        0.454     1.888    b_q[63]_i_1_n_0
                         FDCE                                         r  b_q_reg[13]/CE
  -------------------------------------------------------------------    -------------------

                         (clock clk_i rise edge)      0.000     0.000 r  
                                                      0.000     0.000 r  clk_i (IN)
                         net (fo=2687, unset)         0.748     0.748    clk_i
                         FDCE                                         r  b_q_reg[13]/C

Slack:                    inf
  Source:                 valid_i
                            (input port)
  Destination:            b_q_reg[14]/CE
                            (rising edge-triggered cell FDCE clocked by clk_i  {rise@0.000ns fall@2.500ns period=5.000ns})
  Path Group:             (none)
  Path Type:              Setup (Max at Slow Process Corner)
  Data Path Delay:        1.888ns  (logic 0.210ns (11.123%)  route 1.678ns (88.877%))
  Logic Levels:           2  (LUT5=1 LUT6=1)
  Clock Path Skew:        0.748ns (DCD - SCD + CPR)
    Destination Clock Delay (DCD):    0.748ns
    Source Clock Delay      (SCD):    0.000ns
    Clock Pessimism Removal (CPR):    0.000ns
  Clock Uncertainty:      0.025ns  ((TSJ^2 + TIJ^2)^1/2 + DJ) / 2 + PE
    Total System Jitter     (TSJ):    0.050ns
    Total Input Jitter      (TIJ):    0.000ns
    Discrete Jitter          (DJ):    0.000ns
    Phase Error              (PE):    0.000ns

    Location             Delay type                Incr(ns)  Path(ns)    Netlist Resource(s)
  -------------------------------------------------------------------    -------------------
                                                      0.000     0.000 r  valid_i (IN)
                         net (fo=1, unset)            0.787     0.787    valid_i
                         LUT5 (Prop_lut5_I0_O)        0.105     0.892 r  a_q[63]_i_1/O
                         net (fo=69, unplaced)        0.437     1.329    op_n
                         LUT6 (Prop_lut6_I0_O)        0.105     1.434 r  b_q[63]_i_1/O
                         net (fo=64, unplaced)        0.454     1.888    b_q[63]_i_1_n_0
                         FDCE                                         r  b_q_reg[14]/CE
  -------------------------------------------------------------------    -------------------

                         (clock clk_i rise edge)      0.000     0.000 r  
                                                      0.000     0.000 r  clk_i (IN)
                         net (fo=2687, unset)         0.748     0.748    clk_i
                         FDCE                                         r  b_q_reg[14]/C

Slack:                    inf
  Source:                 valid_i
                            (input port)
  Destination:            b_q_reg[15]/CE
                            (rising edge-triggered cell FDCE clocked by clk_i  {rise@0.000ns fall@2.500ns period=5.000ns})
  Path Group:             (none)
  Path Type:              Setup (Max at Slow Process Corner)
  Data Path Delay:        1.888ns  (logic 0.210ns (11.123%)  route 1.678ns (88.877%))
  Logic Levels:           2  (LUT5=1 LUT6=1)
  Clock Path Skew:        0.748ns (DCD - SCD + CPR)
    Destination Clock Delay (DCD):    0.748ns
    Source Clock Delay      (SCD):    0.000ns
    Clock Pessimism Removal (CPR):    0.000ns
  Clock Uncertainty:      0.025ns  ((TSJ^2 + TIJ^2)^1/2 + DJ) / 2 + PE
    Total System Jitter     (TSJ):    0.050ns
    Total Input Jitter      (TIJ):    0.000ns
    Discrete Jitter          (DJ):    0.000ns
    Phase Error              (PE):    0.000ns

    Location             Delay type                Incr(ns)  Path(ns)    Netlist Resource(s)
  -------------------------------------------------------------------    -------------------
                                                      0.000     0.000 r  valid_i (IN)
                         net (fo=1, unset)            0.787     0.787    valid_i
                         LUT5 (Prop_lut5_I0_O)        0.105     0.892 r  a_q[63]_i_1/O
                         net (fo=69, unplaced)        0.437     1.329    op_n
                         LUT6 (Prop_lut6_I0_O)        0.105     1.434 r  b_q[63]_i_1/O
                         net (fo=64, unplaced)        0.454     1.888    b_q[63]_i_1_n_0
                         FDCE                                         r  b_q_reg[15]/CE
  -------------------------------------------------------------------    -------------------

                         (clock clk_i rise edge)      0.000     0.000 r  
                                                      0.000     0.000 r  clk_i (IN)
                         net (fo=2687, unset)         0.748     0.748    clk_i
                         FDCE                                         r  b_q_reg[15]/C

Slack:                    inf
  Source:                 valid_i
                            (input port)
  Destination:            b_q_reg[16]/CE
                            (rising edge-triggered cell FDCE clocked by clk_i  {rise@0.000ns fall@2.500ns period=5.000ns})
  Path Group:             (none)
  Path Type:              Setup (Max at Slow Process Corner)
  Data Path Delay:        1.888ns  (logic 0.210ns (11.123%)  route 1.678ns (88.877%))
  Logic Levels:           2  (LUT5=1 LUT6=1)
  Clock Path Skew:        0.748ns (DCD - SCD + CPR)
    Destination Clock Delay (DCD):    0.748ns
    Source Clock Delay      (SCD):    0.000ns
    Clock Pessimism Removal (CPR):    0.000ns
  Clock Uncertainty:      0.025ns  ((TSJ^2 + TIJ^2)^1/2 + DJ) / 2 + PE
    Total System Jitter     (TSJ):    0.050ns
    Total Input Jitter      (TIJ):    0.000ns
    Discrete Jitter          (DJ):    0.000ns
    Phase Error              (PE):    0.000ns

    Location             Delay type                Incr(ns)  Path(ns)    Netlist Resource(s)
  -------------------------------------------------------------------    -------------------
                                                      0.000     0.000 r  valid_i (IN)
                         net (fo=1, unset)            0.787     0.787    valid_i
                         LUT5 (Prop_lut5_I0_O)        0.105     0.892 r  a_q[63]_i_1/O
                         net (fo=69, unplaced)        0.437     1.329    op_n
                         LUT6 (Prop_lut6_I0_O)        0.105     1.434 r  b_q[63]_i_1/O
                         net (fo=64, unplaced)        0.454     1.888    b_q[63]_i_1_n_0
                         FDCE                                         r  b_q_reg[16]/CE
  -------------------------------------------------------------------    -------------------

                         (clock clk_i rise edge)      0.000     0.000 r  
                                                      0.000     0.000 r  clk_i (IN)
                         net (fo=2687, unset)         0.748     0.748    clk_i
                         FDCE                                         r  b_q_reg[16]/C

Slack:                    inf
  Source:                 valid_i
                            (input port)
  Destination:            b_q_reg[17]/CE
                            (rising edge-triggered cell FDCE clocked by clk_i  {rise@0.000ns fall@2.500ns period=5.000ns})
  Path Group:             (none)
  Path Type:              Setup (Max at Slow Process Corner)
  Data Path Delay:        1.888ns  (logic 0.210ns (11.123%)  route 1.678ns (88.877%))
  Logic Levels:           2  (LUT5=1 LUT6=1)
  Clock Path Skew:        0.748ns (DCD - SCD + CPR)
    Destination Clock Delay (DCD):    0.748ns
    Source Clock Delay      (SCD):    0.000ns
    Clock Pessimism Removal (CPR):    0.000ns
  Clock Uncertainty:      0.025ns  ((TSJ^2 + TIJ^2)^1/2 + DJ) / 2 + PE
    Total System Jitter     (TSJ):    0.050ns
    Total Input Jitter      (TIJ):    0.000ns
    Discrete Jitter          (DJ):    0.000ns
    Phase Error              (PE):    0.000ns

    Location             Delay type                Incr(ns)  Path(ns)    Netlist Resource(s)
  -------------------------------------------------------------------    -------------------
                                                      0.000     0.000 r  valid_i (IN)
                         net (fo=1, unset)            0.787     0.787    valid_i
                         LUT5 (Prop_lut5_I0_O)        0.105     0.892 r  a_q[63]_i_1/O
                         net (fo=69, unplaced)        0.437     1.329    op_n
                         LUT6 (Prop_lut6_I0_O)        0.105     1.434 r  b_q[63]_i_1/O
                         net (fo=64, unplaced)        0.454     1.888    b_q[63]_i_1_n_0
                         FDCE                                         r  b_q_reg[17]/CE
  -------------------------------------------------------------------    -------------------

                         (clock clk_i rise edge)      0.000     0.000 r  
                                                      0.000     0.000 r  clk_i (IN)
                         net (fo=2687, unset)         0.748     0.748    clk_i
                         FDCE                                         r  b_q_reg[17]/C

Slack:                    inf
  Source:                 valid_i
                            (input port)
  Destination:            b_q_reg[18]/CE
                            (rising edge-triggered cell FDCE clocked by clk_i  {rise@0.000ns fall@2.500ns period=5.000ns})
  Path Group:             (none)
  Path Type:              Setup (Max at Slow Process Corner)
  Data Path Delay:        1.888ns  (logic 0.210ns (11.123%)  route 1.678ns (88.877%))
  Logic Levels:           2  (LUT5=1 LUT6=1)
  Clock Path Skew:        0.748ns (DCD - SCD + CPR)
    Destination Clock Delay (DCD):    0.748ns
    Source Clock Delay      (SCD):    0.000ns
    Clock Pessimism Removal (CPR):    0.000ns
  Clock Uncertainty:      0.025ns  ((TSJ^2 + TIJ^2)^1/2 + DJ) / 2 + PE
    Total System Jitter     (TSJ):    0.050ns
    Total Input Jitter      (TIJ):    0.000ns
    Discrete Jitter          (DJ):    0.000ns
    Phase Error              (PE):    0.000ns

    Location             Delay type                Incr(ns)  Path(ns)    Netlist Resource(s)
  -------------------------------------------------------------------    -------------------
                                                      0.000     0.000 r  valid_i (IN)
                         net (fo=1, unset)            0.787     0.787    valid_i
                         LUT5 (Prop_lut5_I0_O)        0.105     0.892 r  a_q[63]_i_1/O
                         net (fo=69, unplaced)        0.437     1.329    op_n
                         LUT6 (Prop_lut6_I0_O)        0.105     1.434 r  b_q[63]_i_1/O
                         net (fo=64, unplaced)        0.454     1.888    b_q[63]_i_1_n_0
                         FDCE                                         r  b_q_reg[18]/CE
  -------------------------------------------------------------------    -------------------

                         (clock clk_i rise edge)      0.000     0.000 r  
                                                      0.000     0.000 r  clk_i (IN)
                         net (fo=2687, unset)         0.748     0.748    clk_i
                         FDCE                                         r  b_q_reg[18]/C

Slack:                    inf
  Source:                 valid_i
                            (input port)
  Destination:            b_q_reg[19]/CE
                            (rising edge-triggered cell FDCE clocked by clk_i  {rise@0.000ns fall@2.500ns period=5.000ns})
  Path Group:             (none)
  Path Type:              Setup (Max at Slow Process Corner)
  Data Path Delay:        1.888ns  (logic 0.210ns (11.123%)  route 1.678ns (88.877%))
  Logic Levels:           2  (LUT5=1 LUT6=1)
  Clock Path Skew:        0.748ns (DCD - SCD + CPR)
    Destination Clock Delay (DCD):    0.748ns
    Source Clock Delay      (SCD):    0.000ns
    Clock Pessimism Removal (CPR):    0.000ns
  Clock Uncertainty:      0.025ns  ((TSJ^2 + TIJ^2)^1/2 + DJ) / 2 + PE
    Total System Jitter     (TSJ):    0.050ns
    Total Input Jitter      (TIJ):    0.000ns
    Discrete Jitter          (DJ):    0.000ns
    Phase Error              (PE):    0.000ns

    Location             Delay type                Incr(ns)  Path(ns)    Netlist Resource(s)
  -------------------------------------------------------------------    -------------------
                                                      0.000     0.000 r  valid_i (IN)
                         net (fo=1, unset)            0.787     0.787    valid_i
                         LUT5 (Prop_lut5_I0_O)        0.105     0.892 r  a_q[63]_i_1/O
                         net (fo=69, unplaced)        0.437     1.329    op_n
                         LUT6 (Prop_lut6_I0_O)        0.105     1.434 r  b_q[63]_i_1/O
                         net (fo=64, unplaced)        0.454     1.888    b_q[63]_i_1_n_0
                         FDCE                                         r  b_q_reg[19]/CE
  -------------------------------------------------------------------    -------------------

                         (clock clk_i rise edge)      0.000     0.000 r  
                                                      0.000     0.000 r  clk_i (IN)
                         net (fo=2687, unset)         0.748     0.748    clk_i
                         FDCE                                         r  b_q_reg[19]/C

Slack:                    inf
  Source:                 valid_i
                            (input port)
  Destination:            b_q_reg[1]/CE
                            (rising edge-triggered cell FDCE clocked by clk_i  {rise@0.000ns fall@2.500ns period=5.000ns})
  Path Group:             (none)
  Path Type:              Setup (Max at Slow Process Corner)
  Data Path Delay:        1.888ns  (logic 0.210ns (11.123%)  route 1.678ns (88.877%))
  Logic Levels:           2  (LUT5=1 LUT6=1)
  Clock Path Skew:        0.748ns (DCD - SCD + CPR)
    Destination Clock Delay (DCD):    0.748ns
    Source Clock Delay      (SCD):    0.000ns
    Clock Pessimism Removal (CPR):    0.000ns
  Clock Uncertainty:      0.025ns  ((TSJ^2 + TIJ^2)^1/2 + DJ) / 2 + PE
    Total System Jitter     (TSJ):    0.050ns
    Total Input Jitter      (TIJ):    0.000ns
    Discrete Jitter          (DJ):    0.000ns
    Phase Error              (PE):    0.000ns

    Location             Delay type                Incr(ns)  Path(ns)    Netlist Resource(s)
  -------------------------------------------------------------------    -------------------
                                                      0.000     0.000 r  valid_i (IN)
                         net (fo=1, unset)            0.787     0.787    valid_i
                         LUT5 (Prop_lut5_I0_O)        0.105     0.892 r  a_q[63]_i_1/O
                         net (fo=69, unplaced)        0.437     1.329    op_n
                         LUT6 (Prop_lut6_I0_O)        0.105     1.434 r  b_q[63]_i_1/O
                         net (fo=64, unplaced)        0.454     1.888    b_q[63]_i_1_n_0
                         FDCE                                         r  b_q_reg[1]/CE
  -------------------------------------------------------------------    -------------------

                         (clock clk_i rise edge)      0.000     0.000 r  
                                                      0.000     0.000 r  clk_i (IN)
                         net (fo=2687, unset)         0.748     0.748    clk_i
                         FDCE                                         r  b_q_reg[1]/C

Slack:                    inf
  Source:                 valid_i
                            (input port)
  Destination:            b_q_reg[20]/CE
                            (rising edge-triggered cell FDCE clocked by clk_i  {rise@0.000ns fall@2.500ns period=5.000ns})
  Path Group:             (none)
  Path Type:              Setup (Max at Slow Process Corner)
  Data Path Delay:        1.888ns  (logic 0.210ns (11.123%)  route 1.678ns (88.877%))
  Logic Levels:           2  (LUT5=1 LUT6=1)
  Clock Path Skew:        0.748ns (DCD - SCD + CPR)
    Destination Clock Delay (DCD):    0.748ns
    Source Clock Delay      (SCD):    0.000ns
    Clock Pessimism Removal (CPR):    0.000ns
  Clock Uncertainty:      0.025ns  ((TSJ^2 + TIJ^2)^1/2 + DJ) / 2 + PE
    Total System Jitter     (TSJ):    0.050ns
    Total Input Jitter      (TIJ):    0.000ns
    Discrete Jitter          (DJ):    0.000ns
    Phase Error              (PE):    0.000ns

    Location             Delay type                Incr(ns)  Path(ns)    Netlist Resource(s)
  -------------------------------------------------------------------    -------------------
                                                      0.000     0.000 r  valid_i (IN)
                         net (fo=1, unset)            0.787     0.787    valid_i
                         LUT5 (Prop_lut5_I0_O)        0.105     0.892 r  a_q[63]_i_1/O
                         net (fo=69, unplaced)        0.437     1.329    op_n
                         LUT6 (Prop_lut6_I0_O)        0.105     1.434 r  b_q[63]_i_1/O
                         net (fo=64, unplaced)        0.454     1.888    b_q[63]_i_1_n_0
                         FDCE                                         r  b_q_reg[20]/CE
  -------------------------------------------------------------------    -------------------

                         (clock clk_i rise edge)      0.000     0.000 r  
                                                      0.000     0.000 r  clk_i (IN)
                         net (fo=2687, unset)         0.748     0.748    clk_i
                         FDCE                                         r  b_q_reg[20]/C

Slack:                    inf
  Source:                 valid_i
                            (input port)
  Destination:            b_q_reg[21]/CE
                            (rising edge-triggered cell FDCE clocked by clk_i  {rise@0.000ns fall@2.500ns period=5.000ns})
  Path Group:             (none)
  Path Type:              Setup (Max at Slow Process Corner)
  Data Path Delay:        1.888ns  (logic 0.210ns (11.123%)  route 1.678ns (88.877%))
  Logic Levels:           2  (LUT5=1 LUT6=1)
  Clock Path Skew:        0.748ns (DCD - SCD + CPR)
    Destination Clock Delay (DCD):    0.748ns
    Source Clock Delay      (SCD):    0.000ns
    Clock Pessimism Removal (CPR):    0.000ns
  Clock Uncertainty:      0.025ns  ((TSJ^2 + TIJ^2)^1/2 + DJ) / 2 + PE
    Total System Jitter     (TSJ):    0.050ns
    Total Input Jitter      (TIJ):    0.000ns
    Discrete Jitter          (DJ):    0.000ns
    Phase Error              (PE):    0.000ns

    Location             Delay type                Incr(ns)  Path(ns)    Netlist Resource(s)
  -------------------------------------------------------------------    -------------------
                                                      0.000     0.000 r  valid_i (IN)
                         net (fo=1, unset)            0.787     0.787    valid_i
                         LUT5 (Prop_lut5_I0_O)        0.105     0.892 r  a_q[63]_i_1/O
                         net (fo=69, unplaced)        0.437     1.329    op_n
                         LUT6 (Prop_lut6_I0_O)        0.105     1.434 r  b_q[63]_i_1/O
                         net (fo=64, unplaced)        0.454     1.888    b_q[63]_i_1_n_0
                         FDCE                                         r  b_q_reg[21]/CE
  -------------------------------------------------------------------    -------------------

                         (clock clk_i rise edge)      0.000     0.000 r  
                                                      0.000     0.000 r  clk_i (IN)
                         net (fo=2687, unset)         0.748     0.748    clk_i
                         FDCE                                         r  b_q_reg[21]/C

Slack:                    inf
  Source:                 valid_i
                            (input port)
  Destination:            b_q_reg[22]/CE
                            (rising edge-triggered cell FDCE clocked by clk_i  {rise@0.000ns fall@2.500ns period=5.000ns})
  Path Group:             (none)
  Path Type:              Setup (Max at Slow Process Corner)
  Data Path Delay:        1.888ns  (logic 0.210ns (11.123%)  route 1.678ns (88.877%))
  Logic Levels:           2  (LUT5=1 LUT6=1)
  Clock Path Skew:        0.748ns (DCD - SCD + CPR)
    Destination Clock Delay (DCD):    0.748ns
    Source Clock Delay      (SCD):    0.000ns
    Clock Pessimism Removal (CPR):    0.000ns
  Clock Uncertainty:      0.025ns  ((TSJ^2 + TIJ^2)^1/2 + DJ) / 2 + PE
    Total System Jitter     (TSJ):    0.050ns
    Total Input Jitter      (TIJ):    0.000ns
    Discrete Jitter          (DJ):    0.000ns
    Phase Error              (PE):    0.000ns

    Location             Delay type                Incr(ns)  Path(ns)    Netlist Resource(s)
  -------------------------------------------------------------------    -------------------
                                                      0.000     0.000 r  valid_i (IN)
                         net (fo=1, unset)            0.787     0.787    valid_i
                         LUT5 (Prop_lut5_I0_O)        0.105     0.892 r  a_q[63]_i_1/O
                         net (fo=69, unplaced)        0.437     1.329    op_n
                         LUT6 (Prop_lut6_I0_O)        0.105     1.434 r  b_q[63]_i_1/O
                         net (fo=64, unplaced)        0.454     1.888    b_q[63]_i_1_n_0
                         FDCE                                         r  b_q_reg[22]/CE
  -------------------------------------------------------------------    -------------------

                         (clock clk_i rise edge)      0.000     0.000 r  
                                                      0.000     0.000 r  clk_i (IN)
                         net (fo=2687, unset)         0.748     0.748    clk_i
                         FDCE                                         r  b_q_reg[22]/C

Slack:                    inf
  Source:                 valid_i
                            (input port)
  Destination:            b_q_reg[23]/CE
                            (rising edge-triggered cell FDCE clocked by clk_i  {rise@0.000ns fall@2.500ns period=5.000ns})
  Path Group:             (none)
  Path Type:              Setup (Max at Slow Process Corner)
  Data Path Delay:        1.888ns  (logic 0.210ns (11.123%)  route 1.678ns (88.877%))
  Logic Levels:           2  (LUT5=1 LUT6=1)
  Clock Path Skew:        0.748ns (DCD - SCD + CPR)
    Destination Clock Delay (DCD):    0.748ns
    Source Clock Delay      (SCD):    0.000ns
    Clock Pessimism Removal (CPR):    0.000ns
  Clock Uncertainty:      0.025ns  ((TSJ^2 + TIJ^2)^1/2 + DJ) / 2 + PE
    Total System Jitter     (TSJ):    0.050ns
    Total Input Jitter      (TIJ):    0.000ns
    Discrete Jitter          (DJ):    0.000ns
    Phase Error              (PE):    0.000ns

    Location             Delay type                Incr(ns)  Path(ns)    Netlist Resource(s)
  -------------------------------------------------------------------    -------------------
                                                      0.000     0.000 r  valid_i (IN)
                         net (fo=1, unset)            0.787     0.787    valid_i
                         LUT5 (Prop_lut5_I0_O)        0.105     0.892 r  a_q[63]_i_1/O
                         net (fo=69, unplaced)        0.437     1.329    op_n
                         LUT6 (Prop_lut6_I0_O)        0.105     1.434 r  b_q[63]_i_1/O
                         net (fo=64, unplaced)        0.454     1.888    b_q[63]_i_1_n_0
                         FDCE                                         r  b_q_reg[23]/CE
  -------------------------------------------------------------------    -------------------

                         (clock clk_i rise edge)      0.000     0.000 r  
                                                      0.000     0.000 r  clk_i (IN)
                         net (fo=2687, unset)         0.748     0.748    clk_i
                         FDCE                                         r  b_q_reg[23]/C

Slack:                    inf
  Source:                 valid_i
                            (input port)
  Destination:            b_q_reg[24]/CE
                            (rising edge-triggered cell FDCE clocked by clk_i  {rise@0.000ns fall@2.500ns period=5.000ns})
  Path Group:             (none)
  Path Type:              Setup (Max at Slow Process Corner)
  Data Path Delay:        1.888ns  (logic 0.210ns (11.123%)  route 1.678ns (88.877%))
  Logic Levels:           2  (LUT5=1 LUT6=1)
  Clock Path Skew:        0.748ns (DCD - SCD + CPR)
    Destination Clock Delay (DCD):    0.748ns
    Source Clock Delay      (SCD):    0.000ns
    Clock Pessimism Removal (CPR):    0.000ns
  Clock Uncertainty:      0.025ns  ((TSJ^2 + TIJ^2)^1/2 + DJ) / 2 + PE
    Total System Jitter     (TSJ):    0.050ns
    Total Input Jitter      (TIJ):    0.000ns
    Discrete Jitter          (DJ):    0.000ns
    Phase Error              (PE):    0.000ns

    Location             Delay type                Incr(ns)  Path(ns)    Netlist Resource(s)
  -------------------------------------------------------------------    -------------------
                                                      0.000     0.000 r  valid_i (IN)
                         net (fo=1, unset)            0.787     0.787    valid_i
                         LUT5 (Prop_lut5_I0_O)        0.105     0.892 r  a_q[63]_i_1/O
                         net (fo=69, unplaced)        0.437     1.329    op_n
                         LUT6 (Prop_lut6_I0_O)        0.105     1.434 r  b_q[63]_i_1/O
                         net (fo=64, unplaced)        0.454     1.888    b_q[63]_i_1_n_0
                         FDCE                                         r  b_q_reg[24]/CE
  -------------------------------------------------------------------    -------------------

                         (clock clk_i rise edge)      0.000     0.000 r  
                                                      0.000     0.000 r  clk_i (IN)
                         net (fo=2687, unset)         0.748     0.748    clk_i
                         FDCE                                         r  b_q_reg[24]/C

Slack:                    inf
  Source:                 valid_i
                            (input port)
  Destination:            b_q_reg[25]/CE
                            (rising edge-triggered cell FDCE clocked by clk_i  {rise@0.000ns fall@2.500ns period=5.000ns})
  Path Group:             (none)
  Path Type:              Setup (Max at Slow Process Corner)
  Data Path Delay:        1.888ns  (logic 0.210ns (11.123%)  route 1.678ns (88.877%))
  Logic Levels:           2  (LUT5=1 LUT6=1)
  Clock Path Skew:        0.748ns (DCD - SCD + CPR)
    Destination Clock Delay (DCD):    0.748ns
    Source Clock Delay      (SCD):    0.000ns
    Clock Pessimism Removal (CPR):    0.000ns
  Clock Uncertainty:      0.025ns  ((TSJ^2 + TIJ^2)^1/2 + DJ) / 2 + PE
    Total System Jitter     (TSJ):    0.050ns
    Total Input Jitter      (TIJ):    0.000ns
    Discrete Jitter          (DJ):    0.000ns
    Phase Error              (PE):    0.000ns

    Location             Delay type                Incr(ns)  Path(ns)    Netlist Resource(s)
  -------------------------------------------------------------------    -------------------
                                                      0.000     0.000 r  valid_i (IN)
                         net (fo=1, unset)            0.787     0.787    valid_i
                         LUT5 (Prop_lut5_I0_O)        0.105     0.892 r  a_q[63]_i_1/O
                         net (fo=69, unplaced)        0.437     1.329    op_n
                         LUT6 (Prop_lut6_I0_O)        0.105     1.434 r  b_q[63]_i_1/O
                         net (fo=64, unplaced)        0.454     1.888    b_q[63]_i_1_n_0
                         FDCE                                         r  b_q_reg[25]/CE
  -------------------------------------------------------------------    -------------------

                         (clock clk_i rise edge)      0.000     0.000 r  
                                                      0.000     0.000 r  clk_i (IN)
                         net (fo=2687, unset)         0.748     0.748    clk_i
                         FDCE                                         r  b_q_reg[25]/C

Slack:                    inf
  Source:                 valid_i
                            (input port)
  Destination:            b_q_reg[26]/CE
                            (rising edge-triggered cell FDCE clocked by clk_i  {rise@0.000ns fall@2.500ns period=5.000ns})
  Path Group:             (none)
  Path Type:              Setup (Max at Slow Process Corner)
  Data Path Delay:        1.888ns  (logic 0.210ns (11.123%)  route 1.678ns (88.877%))
  Logic Levels:           2  (LUT5=1 LUT6=1)
  Clock Path Skew:        0.748ns (DCD - SCD + CPR)
    Destination Clock Delay (DCD):    0.748ns
    Source Clock Delay      (SCD):    0.000ns
    Clock Pessimism Removal (CPR):    0.000ns
  Clock Uncertainty:      0.025ns  ((TSJ^2 + TIJ^2)^1/2 + DJ) / 2 + PE
    Total System Jitter     (TSJ):    0.050ns
    Total Input Jitter      (TIJ):    0.000ns
    Discrete Jitter          (DJ):    0.000ns
    Phase Error              (PE):    0.000ns

    Location             Delay type                Incr(ns)  Path(ns)    Netlist Resource(s)
  -------------------------------------------------------------------    -------------------
                                                      0.000     0.000 r  valid_i (IN)
                         net (fo=1, unset)            0.787     0.787    valid_i
                         LUT5 (Prop_lut5_I0_O)        0.105     0.892 r  a_q[63]_i_1/O
                         net (fo=69, unplaced)        0.437     1.329    op_n
                         LUT6 (Prop_lut6_I0_O)        0.105     1.434 r  b_q[63]_i_1/O
                         net (fo=64, unplaced)        0.454     1.888    b_q[63]_i_1_n_0
                         FDCE                                         r  b_q_reg[26]/CE
  -------------------------------------------------------------------    -------------------

                         (clock clk_i rise edge)      0.000     0.000 r  
                                                      0.000     0.000 r  clk_i (IN)
                         net (fo=2687, unset)         0.748     0.748    clk_i
                         FDCE                                         r  b_q_reg[26]/C

Slack:                    inf
  Source:                 valid_i
                            (input port)
  Destination:            b_q_reg[27]/CE
                            (rising edge-triggered cell FDCE clocked by clk_i  {rise@0.000ns fall@2.500ns period=5.000ns})
  Path Group:             (none)
  Path Type:              Setup (Max at Slow Process Corner)
  Data Path Delay:        1.888ns  (logic 0.210ns (11.123%)  route 1.678ns (88.877%))
  Logic Levels:           2  (LUT5=1 LUT6=1)
  Clock Path Skew:        0.748ns (DCD - SCD + CPR)
    Destination Clock Delay (DCD):    0.748ns
    Source Clock Delay      (SCD):    0.000ns
    Clock Pessimism Removal (CPR):    0.000ns
  Clock Uncertainty:      0.025ns  ((TSJ^2 + TIJ^2)^1/2 + DJ) / 2 + PE
    Total System Jitter     (TSJ):    0.050ns
    Total Input Jitter      (TIJ):    0.000ns
    Discrete Jitter          (DJ):    0.000ns
    Phase Error              (PE):    0.000ns

    Location             Delay type                Incr(ns)  Path(ns)    Netlist Resource(s)
  -------------------------------------------------------------------    -------------------
                                                      0.000     0.000 r  valid_i (IN)
                         net (fo=1, unset)            0.787     0.787    valid_i
                         LUT5 (Prop_lut5_I0_O)        0.105     0.892 r  a_q[63]_i_1/O
                         net (fo=69, unplaced)        0.437     1.329    op_n
                         LUT6 (Prop_lut6_I0_O)        0.105     1.434 r  b_q[63]_i_1/O
                         net (fo=64, unplaced)        0.454     1.888    b_q[63]_i_1_n_0
                         FDCE                                         r  b_q_reg[27]/CE
  -------------------------------------------------------------------    -------------------

                         (clock clk_i rise edge)      0.000     0.000 r  
                                                      0.000     0.000 r  clk_i (IN)
                         net (fo=2687, unset)         0.748     0.748    clk_i
                         FDCE                                         r  b_q_reg[27]/C

Slack:                    inf
  Source:                 valid_i
                            (input port)
  Destination:            b_q_reg[28]/CE
                            (rising edge-triggered cell FDCE clocked by clk_i  {rise@0.000ns fall@2.500ns period=5.000ns})
  Path Group:             (none)
  Path Type:              Setup (Max at Slow Process Corner)
  Data Path Delay:        1.888ns  (logic 0.210ns (11.123%)  route 1.678ns (88.877%))
  Logic Levels:           2  (LUT5=1 LUT6=1)
  Clock Path Skew:        0.748ns (DCD - SCD + CPR)
    Destination Clock Delay (DCD):    0.748ns
    Source Clock Delay      (SCD):    0.000ns
    Clock Pessimism Removal (CPR):    0.000ns
  Clock Uncertainty:      0.025ns  ((TSJ^2 + TIJ^2)^1/2 + DJ) / 2 + PE
    Total System Jitter     (TSJ):    0.050ns
    Total Input Jitter      (TIJ):    0.000ns
    Discrete Jitter          (DJ):    0.000ns
    Phase Error              (PE):    0.000ns

    Location             Delay type                Incr(ns)  Path(ns)    Netlist Resource(s)
  -------------------------------------------------------------------    -------------------
                                                      0.000     0.000 r  valid_i (IN)
                         net (fo=1, unset)            0.787     0.787    valid_i
                         LUT5 (Prop_lut5_I0_O)        0.105     0.892 r  a_q[63]_i_1/O
                         net (fo=69, unplaced)        0.437     1.329    op_n
                         LUT6 (Prop_lut6_I0_O)        0.105     1.434 r  b_q[63]_i_1/O
                         net (fo=64, unplaced)        0.454     1.888    b_q[63]_i_1_n_0
                         FDCE                                         r  b_q_reg[28]/CE
  -------------------------------------------------------------------    -------------------

                         (clock clk_i rise edge)      0.000     0.000 r  
                                                      0.000     0.000 r  clk_i (IN)
                         net (fo=2687, unset)         0.748     0.748    clk_i
                         FDCE                                         r  b_q_reg[28]/C

Slack:                    inf
  Source:                 valid_i
                            (input port)
  Destination:            b_q_reg[29]/CE
                            (rising edge-triggered cell FDCE clocked by clk_i  {rise@0.000ns fall@2.500ns period=5.000ns})
  Path Group:             (none)
  Path Type:              Setup (Max at Slow Process Corner)
  Data Path Delay:        1.888ns  (logic 0.210ns (11.123%)  route 1.678ns (88.877%))
  Logic Levels:           2  (LUT5=1 LUT6=1)
  Clock Path Skew:        0.748ns (DCD - SCD + CPR)
    Destination Clock Delay (DCD):    0.748ns
    Source Clock Delay      (SCD):    0.000ns
    Clock Pessimism Removal (CPR):    0.000ns
  Clock Uncertainty:      0.025ns  ((TSJ^2 + TIJ^2)^1/2 + DJ) / 2 + PE
    Total System Jitter     (TSJ):    0.050ns
    Total Input Jitter      (TIJ):    0.000ns
    Discrete Jitter          (DJ):    0.000ns
    Phase Error              (PE):    0.000ns

    Location             Delay type                Incr(ns)  Path(ns)    Netlist Resource(s)
  -------------------------------------------------------------------    -------------------
                                                      0.000     0.000 r  valid_i (IN)
                         net (fo=1, unset)            0.787     0.787    valid_i
                         LUT5 (Prop_lut5_I0_O)        0.105     0.892 r  a_q[63]_i_1/O
                         net (fo=69, unplaced)        0.437     1.329    op_n
                         LUT6 (Prop_lut6_I0_O)        0.105     1.434 r  b_q[63]_i_1/O
                         net (fo=64, unplaced)        0.454     1.888    b_q[63]_i_1_n_0
                         FDCE                                         r  b_q_reg[29]/CE
  -------------------------------------------------------------------    -------------------

                         (clock clk_i rise edge)      0.000     0.000 r  
                                                      0.000     0.000 r  clk_i (IN)
                         net (fo=2687, unset)         0.748     0.748    clk_i
                         FDCE                                         r  b_q_reg[29]/C

Slack:                    inf
  Source:                 valid_i
                            (input port)
  Destination:            b_q_reg[2]/CE
                            (rising edge-triggered cell FDCE clocked by clk_i  {rise@0.000ns fall@2.500ns period=5.000ns})
  Path Group:             (none)
  Path Type:              Setup (Max at Slow Process Corner)
  Data Path Delay:        1.888ns  (logic 0.210ns (11.123%)  route 1.678ns (88.877%))
  Logic Levels:           2  (LUT5=1 LUT6=1)
  Clock Path Skew:        0.748ns (DCD - SCD + CPR)
    Destination Clock Delay (DCD):    0.748ns
    Source Clock Delay      (SCD):    0.000ns
    Clock Pessimism Removal (CPR):    0.000ns
  Clock Uncertainty:      0.025ns  ((TSJ^2 + TIJ^2)^1/2 + DJ) / 2 + PE
    Total System Jitter     (TSJ):    0.050ns
    Total Input Jitter      (TIJ):    0.000ns
    Discrete Jitter          (DJ):    0.000ns
    Phase Error              (PE):    0.000ns

    Location             Delay type                Incr(ns)  Path(ns)    Netlist Resource(s)
  -------------------------------------------------------------------    -------------------
                                                      0.000     0.000 r  valid_i (IN)
                         net (fo=1, unset)            0.787     0.787    valid_i
                         LUT5 (Prop_lut5_I0_O)        0.105     0.892 r  a_q[63]_i_1/O
                         net (fo=69, unplaced)        0.437     1.329    op_n
                         LUT6 (Prop_lut6_I0_O)        0.105     1.434 r  b_q[63]_i_1/O
                         net (fo=64, unplaced)        0.454     1.888    b_q[63]_i_1_n_0
                         FDCE                                         r  b_q_reg[2]/CE
  -------------------------------------------------------------------    -------------------

                         (clock clk_i rise edge)      0.000     0.000 r  
                                                      0.000     0.000 r  clk_i (IN)
                         net (fo=2687, unset)         0.748     0.748    clk_i
                         FDCE                                         r  b_q_reg[2]/C

Slack:                    inf
  Source:                 valid_i
                            (input port)
  Destination:            b_q_reg[30]/CE
                            (rising edge-triggered cell FDCE clocked by clk_i  {rise@0.000ns fall@2.500ns period=5.000ns})
  Path Group:             (none)
  Path Type:              Setup (Max at Slow Process Corner)
  Data Path Delay:        1.888ns  (logic 0.210ns (11.123%)  route 1.678ns (88.877%))
  Logic Levels:           2  (LUT5=1 LUT6=1)
  Clock Path Skew:        0.748ns (DCD - SCD + CPR)
    Destination Clock Delay (DCD):    0.748ns
    Source Clock Delay      (SCD):    0.000ns
    Clock Pessimism Removal (CPR):    0.000ns
  Clock Uncertainty:      0.025ns  ((TSJ^2 + TIJ^2)^1/2 + DJ) / 2 + PE
    Total System Jitter     (TSJ):    0.050ns
    Total Input Jitter      (TIJ):    0.000ns
    Discrete Jitter          (DJ):    0.000ns
    Phase Error              (PE):    0.000ns

    Location             Delay type                Incr(ns)  Path(ns)    Netlist Resource(s)
  -------------------------------------------------------------------    -------------------
                                                      0.000     0.000 r  valid_i (IN)
                         net (fo=1, unset)            0.787     0.787    valid_i
                         LUT5 (Prop_lut5_I0_O)        0.105     0.892 r  a_q[63]_i_1/O
                         net (fo=69, unplaced)        0.437     1.329    op_n
                         LUT6 (Prop_lut6_I0_O)        0.105     1.434 r  b_q[63]_i_1/O
                         net (fo=64, unplaced)        0.454     1.888    b_q[63]_i_1_n_0
                         FDCE                                         r  b_q_reg[30]/CE
  -------------------------------------------------------------------    -------------------

                         (clock clk_i rise edge)      0.000     0.000 r  
                                                      0.000     0.000 r  clk_i (IN)
                         net (fo=2687, unset)         0.748     0.748    clk_i
                         FDCE                                         r  b_q_reg[30]/C

Slack:                    inf
  Source:                 valid_i
                            (input port)
  Destination:            b_q_reg[31]/CE
                            (rising edge-triggered cell FDCE clocked by clk_i  {rise@0.000ns fall@2.500ns period=5.000ns})
  Path Group:             (none)
  Path Type:              Setup (Max at Slow Process Corner)
  Data Path Delay:        1.888ns  (logic 0.210ns (11.123%)  route 1.678ns (88.877%))
  Logic Levels:           2  (LUT5=1 LUT6=1)
  Clock Path Skew:        0.748ns (DCD - SCD + CPR)
    Destination Clock Delay (DCD):    0.748ns
    Source Clock Delay      (SCD):    0.000ns
    Clock Pessimism Removal (CPR):    0.000ns
  Clock Uncertainty:      0.025ns  ((TSJ^2 + TIJ^2)^1/2 + DJ) / 2 + PE
    Total System Jitter     (TSJ):    0.050ns
    Total Input Jitter      (TIJ):    0.000ns
    Discrete Jitter          (DJ):    0.000ns
    Phase Error              (PE):    0.000ns

    Location             Delay type                Incr(ns)  Path(ns)    Netlist Resource(s)
  -------------------------------------------------------------------    -------------------
                                                      0.000     0.000 r  valid_i (IN)
                         net (fo=1, unset)            0.787     0.787    valid_i
                         LUT5 (Prop_lut5_I0_O)        0.105     0.892 r  a_q[63]_i_1/O
                         net (fo=69, unplaced)        0.437     1.329    op_n
                         LUT6 (Prop_lut6_I0_O)        0.105     1.434 r  b_q[63]_i_1/O
                         net (fo=64, unplaced)        0.454     1.888    b_q[63]_i_1_n_0
                         FDCE                                         r  b_q_reg[31]/CE
  -------------------------------------------------------------------    -------------------

                         (clock clk_i rise edge)      0.000     0.000 r  
                                                      0.000     0.000 r  clk_i (IN)
                         net (fo=2687, unset)         0.748     0.748    clk_i
                         FDCE                                         r  b_q_reg[31]/C

Slack:                    inf
  Source:                 valid_i
                            (input port)
  Destination:            b_q_reg[32]/CE
                            (rising edge-triggered cell FDCE clocked by clk_i  {rise@0.000ns fall@2.500ns period=5.000ns})
  Path Group:             (none)
  Path Type:              Setup (Max at Slow Process Corner)
  Data Path Delay:        1.888ns  (logic 0.210ns (11.123%)  route 1.678ns (88.877%))
  Logic Levels:           2  (LUT5=1 LUT6=1)
  Clock Path Skew:        0.748ns (DCD - SCD + CPR)
    Destination Clock Delay (DCD):    0.748ns
    Source Clock Delay      (SCD):    0.000ns
    Clock Pessimism Removal (CPR):    0.000ns
  Clock Uncertainty:      0.025ns  ((TSJ^2 + TIJ^2)^1/2 + DJ) / 2 + PE
    Total System Jitter     (TSJ):    0.050ns
    Total Input Jitter      (TIJ):    0.000ns
    Discrete Jitter          (DJ):    0.000ns
    Phase Error              (PE):    0.000ns

    Location             Delay type                Incr(ns)  Path(ns)    Netlist Resource(s)
  -------------------------------------------------------------------    -------------------
                                                      0.000     0.000 r  valid_i (IN)
                         net (fo=1, unset)            0.787     0.787    valid_i
                         LUT5 (Prop_lut5_I0_O)        0.105     0.892 r  a_q[63]_i_1/O
                         net (fo=69, unplaced)        0.437     1.329    op_n
                         LUT6 (Prop_lut6_I0_O)        0.105     1.434 r  b_q[63]_i_1/O
                         net (fo=64, unplaced)        0.454     1.888    b_q[63]_i_1_n_0
                         FDCE                                         r  b_q_reg[32]/CE
  -------------------------------------------------------------------    -------------------

                         (clock clk_i rise edge)      0.000     0.000 r  
                                                      0.000     0.000 r  clk_i (IN)
                         net (fo=2687, unset)         0.748     0.748    clk_i
                         FDCE                                         r  b_q_reg[32]/C

Slack:                    inf
  Source:                 valid_i
                            (input port)
  Destination:            b_q_reg[33]/CE
                            (rising edge-triggered cell FDCE clocked by clk_i  {rise@0.000ns fall@2.500ns period=5.000ns})
  Path Group:             (none)
  Path Type:              Setup (Max at Slow Process Corner)
  Data Path Delay:        1.888ns  (logic 0.210ns (11.123%)  route 1.678ns (88.877%))
  Logic Levels:           2  (LUT5=1 LUT6=1)
  Clock Path Skew:        0.748ns (DCD - SCD + CPR)
    Destination Clock Delay (DCD):    0.748ns
    Source Clock Delay      (SCD):    0.000ns
    Clock Pessimism Removal (CPR):    0.000ns
  Clock Uncertainty:      0.025ns  ((TSJ^2 + TIJ^2)^1/2 + DJ) / 2 + PE
    Total System Jitter     (TSJ):    0.050ns
    Total Input Jitter      (TIJ):    0.000ns
    Discrete Jitter          (DJ):    0.000ns
    Phase Error              (PE):    0.000ns

    Location             Delay type                Incr(ns)  Path(ns)    Netlist Resource(s)
  -------------------------------------------------------------------    -------------------
                                                      0.000     0.000 r  valid_i (IN)
                         net (fo=1, unset)            0.787     0.787    valid_i
                         LUT5 (Prop_lut5_I0_O)        0.105     0.892 r  a_q[63]_i_1/O
                         net (fo=69, unplaced)        0.437     1.329    op_n
                         LUT6 (Prop_lut6_I0_O)        0.105     1.434 r  b_q[63]_i_1/O
                         net (fo=64, unplaced)        0.454     1.888    b_q[63]_i_1_n_0
                         FDCE                                         r  b_q_reg[33]/CE
  -------------------------------------------------------------------    -------------------

                         (clock clk_i rise edge)      0.000     0.000 r  
                                                      0.000     0.000 r  clk_i (IN)
                         net (fo=2687, unset)         0.748     0.748    clk_i
                         FDCE                                         r  b_q_reg[33]/C

Slack:                    inf
  Source:                 valid_i
                            (input port)
  Destination:            b_q_reg[34]/CE
                            (rising edge-triggered cell FDCE clocked by clk_i  {rise@0.000ns fall@2.500ns period=5.000ns})
  Path Group:             (none)
  Path Type:              Setup (Max at Slow Process Corner)
  Data Path Delay:        1.888ns  (logic 0.210ns (11.123%)  route 1.678ns (88.877%))
  Logic Levels:           2  (LUT5=1 LUT6=1)
  Clock Path Skew:        0.748ns (DCD - SCD + CPR)
    Destination Clock Delay (DCD):    0.748ns
    Source Clock Delay      (SCD):    0.000ns
    Clock Pessimism Removal (CPR):    0.000ns
  Clock Uncertainty:      0.025ns  ((TSJ^2 + TIJ^2)^1/2 + DJ) / 2 + PE
    Total System Jitter     (TSJ):    0.050ns
    Total Input Jitter      (TIJ):    0.000ns
    Discrete Jitter          (DJ):    0.000ns
    Phase Error              (PE):    0.000ns

    Location             Delay type                Incr(ns)  Path(ns)    Netlist Resource(s)
  -------------------------------------------------------------------    -------------------
                                                      0.000     0.000 r  valid_i (IN)
                         net (fo=1, unset)            0.787     0.787    valid_i
                         LUT5 (Prop_lut5_I0_O)        0.105     0.892 r  a_q[63]_i_1/O
                         net (fo=69, unplaced)        0.437     1.329    op_n
                         LUT6 (Prop_lut6_I0_O)        0.105     1.434 r  b_q[63]_i_1/O
                         net (fo=64, unplaced)        0.454     1.888    b_q[63]_i_1_n_0
                         FDCE                                         r  b_q_reg[34]/CE
  -------------------------------------------------------------------    -------------------

                         (clock clk_i rise edge)      0.000     0.000 r  
                                                      0.000     0.000 r  clk_i (IN)
                         net (fo=2687, unset)         0.748     0.748    clk_i
                         FDCE                                         r  b_q_reg[34]/C

Slack:                    inf
  Source:                 valid_i
                            (input port)
  Destination:            b_q_reg[35]/CE
                            (rising edge-triggered cell FDCE clocked by clk_i  {rise@0.000ns fall@2.500ns period=5.000ns})
  Path Group:             (none)
  Path Type:              Setup (Max at Slow Process Corner)
  Data Path Delay:        1.888ns  (logic 0.210ns (11.123%)  route 1.678ns (88.877%))
  Logic Levels:           2  (LUT5=1 LUT6=1)
  Clock Path Skew:        0.748ns (DCD - SCD + CPR)
    Destination Clock Delay (DCD):    0.748ns
    Source Clock Delay      (SCD):    0.000ns
    Clock Pessimism Removal (CPR):    0.000ns
  Clock Uncertainty:      0.025ns  ((TSJ^2 + TIJ^2)^1/2 + DJ) / 2 + PE
    Total System Jitter     (TSJ):    0.050ns
    Total Input Jitter      (TIJ):    0.000ns
    Discrete Jitter          (DJ):    0.000ns
    Phase Error              (PE):    0.000ns

    Location             Delay type                Incr(ns)  Path(ns)    Netlist Resource(s)
  -------------------------------------------------------------------    -------------------
                                                      0.000     0.000 r  valid_i (IN)
                         net (fo=1, unset)            0.787     0.787    valid_i
                         LUT5 (Prop_lut5_I0_O)        0.105     0.892 r  a_q[63]_i_1/O
                         net (fo=69, unplaced)        0.437     1.329    op_n
                         LUT6 (Prop_lut6_I0_O)        0.105     1.434 r  b_q[63]_i_1/O
                         net (fo=64, unplaced)        0.454     1.888    b_q[63]_i_1_n_0
                         FDCE                                         r  b_q_reg[35]/CE
  -------------------------------------------------------------------    -------------------

                         (clock clk_i rise edge)      0.000     0.000 r  
                                                      0.000     0.000 r  clk_i (IN)
                         net (fo=2687, unset)         0.748     0.748    clk_i
                         FDCE                                         r  b_q_reg[35]/C

Slack:                    inf
  Source:                 valid_i
                            (input port)
  Destination:            b_q_reg[36]/CE
                            (rising edge-triggered cell FDCE clocked by clk_i  {rise@0.000ns fall@2.500ns period=5.000ns})
  Path Group:             (none)
  Path Type:              Setup (Max at Slow Process Corner)
  Data Path Delay:        1.888ns  (logic 0.210ns (11.123%)  route 1.678ns (88.877%))
  Logic Levels:           2  (LUT5=1 LUT6=1)
  Clock Path Skew:        0.748ns (DCD - SCD + CPR)
    Destination Clock Delay (DCD):    0.748ns
    Source Clock Delay      (SCD):    0.000ns
    Clock Pessimism Removal (CPR):    0.000ns
  Clock Uncertainty:      0.025ns  ((TSJ^2 + TIJ^2)^1/2 + DJ) / 2 + PE
    Total System Jitter     (TSJ):    0.050ns
    Total Input Jitter      (TIJ):    0.000ns
    Discrete Jitter          (DJ):    0.000ns
    Phase Error              (PE):    0.000ns

    Location             Delay type                Incr(ns)  Path(ns)    Netlist Resource(s)
  -------------------------------------------------------------------    -------------------
                                                      0.000     0.000 r  valid_i (IN)
                         net (fo=1, unset)            0.787     0.787    valid_i
                         LUT5 (Prop_lut5_I0_O)        0.105     0.892 r  a_q[63]_i_1/O
                         net (fo=69, unplaced)        0.437     1.329    op_n
                         LUT6 (Prop_lut6_I0_O)        0.105     1.434 r  b_q[63]_i_1/O
                         net (fo=64, unplaced)        0.454     1.888    b_q[63]_i_1_n_0
                         FDCE                                         r  b_q_reg[36]/CE
  -------------------------------------------------------------------    -------------------

                         (clock clk_i rise edge)      0.000     0.000 r  
                                                      0.000     0.000 r  clk_i (IN)
                         net (fo=2687, unset)         0.748     0.748    clk_i
                         FDCE                                         r  b_q_reg[36]/C

Slack:                    inf
  Source:                 valid_i
                            (input port)
  Destination:            b_q_reg[37]/CE
                            (rising edge-triggered cell FDCE clocked by clk_i  {rise@0.000ns fall@2.500ns period=5.000ns})
  Path Group:             (none)
  Path Type:              Setup (Max at Slow Process Corner)
  Data Path Delay:        1.888ns  (logic 0.210ns (11.123%)  route 1.678ns (88.877%))
  Logic Levels:           2  (LUT5=1 LUT6=1)
  Clock Path Skew:        0.748ns (DCD - SCD + CPR)
    Destination Clock Delay (DCD):    0.748ns
    Source Clock Delay      (SCD):    0.000ns
    Clock Pessimism Removal (CPR):    0.000ns
  Clock Uncertainty:      0.025ns  ((TSJ^2 + TIJ^2)^1/2 + DJ) / 2 + PE
    Total System Jitter     (TSJ):    0.050ns
    Total Input Jitter      (TIJ):    0.000ns
    Discrete Jitter          (DJ):    0.000ns
    Phase Error              (PE):    0.000ns

    Location             Delay type                Incr(ns)  Path(ns)    Netlist Resource(s)
  -------------------------------------------------------------------    -------------------
                                                      0.000     0.000 r  valid_i (IN)
                         net (fo=1, unset)            0.787     0.787    valid_i
                         LUT5 (Prop_lut5_I0_O)        0.105     0.892 r  a_q[63]_i_1/O
                         net (fo=69, unplaced)        0.437     1.329    op_n
                         LUT6 (Prop_lut6_I0_O)        0.105     1.434 r  b_q[63]_i_1/O
                         net (fo=64, unplaced)        0.454     1.888    b_q[63]_i_1_n_0
                         FDCE                                         r  b_q_reg[37]/CE
  -------------------------------------------------------------------    -------------------

                         (clock clk_i rise edge)      0.000     0.000 r  
                                                      0.000     0.000 r  clk_i (IN)
                         net (fo=2687, unset)         0.748     0.748    clk_i
                         FDCE                                         r  b_q_reg[37]/C

Slack:                    inf
  Source:                 valid_i
                            (input port)
  Destination:            b_q_reg[38]/CE
                            (rising edge-triggered cell FDCE clocked by clk_i  {rise@0.000ns fall@2.500ns period=5.000ns})
  Path Group:             (none)
  Path Type:              Setup (Max at Slow Process Corner)
  Data Path Delay:        1.888ns  (logic 0.210ns (11.123%)  route 1.678ns (88.877%))
  Logic Levels:           2  (LUT5=1 LUT6=1)
  Clock Path Skew:        0.748ns (DCD - SCD + CPR)
    Destination Clock Delay (DCD):    0.748ns
    Source Clock Delay      (SCD):    0.000ns
    Clock Pessimism Removal (CPR):    0.000ns
  Clock Uncertainty:      0.025ns  ((TSJ^2 + TIJ^2)^1/2 + DJ) / 2 + PE
    Total System Jitter     (TSJ):    0.050ns
    Total Input Jitter      (TIJ):    0.000ns
    Discrete Jitter          (DJ):    0.000ns
    Phase Error              (PE):    0.000ns

    Location             Delay type                Incr(ns)  Path(ns)    Netlist Resource(s)
  -------------------------------------------------------------------    -------------------
                                                      0.000     0.000 r  valid_i (IN)
                         net (fo=1, unset)            0.787     0.787    valid_i
                         LUT5 (Prop_lut5_I0_O)        0.105     0.892 r  a_q[63]_i_1/O
                         net (fo=69, unplaced)        0.437     1.329    op_n
                         LUT6 (Prop_lut6_I0_O)        0.105     1.434 r  b_q[63]_i_1/O
                         net (fo=64, unplaced)        0.454     1.888    b_q[63]_i_1_n_0
                         FDCE                                         r  b_q_reg[38]/CE
  -------------------------------------------------------------------    -------------------

                         (clock clk_i rise edge)      0.000     0.000 r  
                                                      0.000     0.000 r  clk_i (IN)
                         net (fo=2687, unset)         0.748     0.748    clk_i
                         FDCE                                         r  b_q_reg[38]/C

Slack:                    inf
  Source:                 valid_i
                            (input port)
  Destination:            b_q_reg[39]/CE
                            (rising edge-triggered cell FDCE clocked by clk_i  {rise@0.000ns fall@2.500ns period=5.000ns})
  Path Group:             (none)
  Path Type:              Setup (Max at Slow Process Corner)
  Data Path Delay:        1.888ns  (logic 0.210ns (11.123%)  route 1.678ns (88.877%))
  Logic Levels:           2  (LUT5=1 LUT6=1)
  Clock Path Skew:        0.748ns (DCD - SCD + CPR)
    Destination Clock Delay (DCD):    0.748ns
    Source Clock Delay      (SCD):    0.000ns
    Clock Pessimism Removal (CPR):    0.000ns
  Clock Uncertainty:      0.025ns  ((TSJ^2 + TIJ^2)^1/2 + DJ) / 2 + PE
    Total System Jitter     (TSJ):    0.050ns
    Total Input Jitter      (TIJ):    0.000ns
    Discrete Jitter          (DJ):    0.000ns
    Phase Error              (PE):    0.000ns

    Location             Delay type                Incr(ns)  Path(ns)    Netlist Resource(s)
  -------------------------------------------------------------------    -------------------
                                                      0.000     0.000 r  valid_i (IN)
                         net (fo=1, unset)            0.787     0.787    valid_i
                         LUT5 (Prop_lut5_I0_O)        0.105     0.892 r  a_q[63]_i_1/O
                         net (fo=69, unplaced)        0.437     1.329    op_n
                         LUT6 (Prop_lut6_I0_O)        0.105     1.434 r  b_q[63]_i_1/O
                         net (fo=64, unplaced)        0.454     1.888    b_q[63]_i_1_n_0
                         FDCE                                         r  b_q_reg[39]/CE
  -------------------------------------------------------------------    -------------------

                         (clock clk_i rise edge)      0.000     0.000 r  
                                                      0.000     0.000 r  clk_i (IN)
                         net (fo=2687, unset)         0.748     0.748    clk_i
                         FDCE                                         r  b_q_reg[39]/C

Slack:                    inf
  Source:                 valid_i
                            (input port)
  Destination:            b_q_reg[3]/CE
                            (rising edge-triggered cell FDCE clocked by clk_i  {rise@0.000ns fall@2.500ns period=5.000ns})
  Path Group:             (none)
  Path Type:              Setup (Max at Slow Process Corner)
  Data Path Delay:        1.888ns  (logic 0.210ns (11.123%)  route 1.678ns (88.877%))
  Logic Levels:           2  (LUT5=1 LUT6=1)
  Clock Path Skew:        0.748ns (DCD - SCD + CPR)
    Destination Clock Delay (DCD):    0.748ns
    Source Clock Delay      (SCD):    0.000ns
    Clock Pessimism Removal (CPR):    0.000ns
  Clock Uncertainty:      0.025ns  ((TSJ^2 + TIJ^2)^1/2 + DJ) / 2 + PE
    Total System Jitter     (TSJ):    0.050ns
    Total Input Jitter      (TIJ):    0.000ns
    Discrete Jitter          (DJ):    0.000ns
    Phase Error              (PE):    0.000ns

    Location             Delay type                Incr(ns)  Path(ns)    Netlist Resource(s)
  -------------------------------------------------------------------    -------------------
                                                      0.000     0.000 r  valid_i (IN)
                         net (fo=1, unset)            0.787     0.787    valid_i
                         LUT5 (Prop_lut5_I0_O)        0.105     0.892 r  a_q[63]_i_1/O
                         net (fo=69, unplaced)        0.437     1.329    op_n
                         LUT6 (Prop_lut6_I0_O)        0.105     1.434 r  b_q[63]_i_1/O
                         net (fo=64, unplaced)        0.454     1.888    b_q[63]_i_1_n_0
                         FDCE                                         r  b_q_reg[3]/CE
  -------------------------------------------------------------------    -------------------

                         (clock clk_i rise edge)      0.000     0.000 r  
                                                      0.000     0.000 r  clk_i (IN)
                         net (fo=2687, unset)         0.748     0.748    clk_i
                         FDCE                                         r  b_q_reg[3]/C

Slack:                    inf
  Source:                 valid_i
                            (input port)
  Destination:            b_q_reg[40]/CE
                            (rising edge-triggered cell FDCE clocked by clk_i  {rise@0.000ns fall@2.500ns period=5.000ns})
  Path Group:             (none)
  Path Type:              Setup (Max at Slow Process Corner)
  Data Path Delay:        1.888ns  (logic 0.210ns (11.123%)  route 1.678ns (88.877%))
  Logic Levels:           2  (LUT5=1 LUT6=1)
  Clock Path Skew:        0.748ns (DCD - SCD + CPR)
    Destination Clock Delay (DCD):    0.748ns
    Source Clock Delay      (SCD):    0.000ns
    Clock Pessimism Removal (CPR):    0.000ns
  Clock Uncertainty:      0.025ns  ((TSJ^2 + TIJ^2)^1/2 + DJ) / 2 + PE
    Total System Jitter     (TSJ):    0.050ns
    Total Input Jitter      (TIJ):    0.000ns
    Discrete Jitter          (DJ):    0.000ns
    Phase Error              (PE):    0.000ns

    Location             Delay type                Incr(ns)  Path(ns)    Netlist Resource(s)
  -------------------------------------------------------------------    -------------------
                                                      0.000     0.000 r  valid_i (IN)
                         net (fo=1, unset)            0.787     0.787    valid_i
                         LUT5 (Prop_lut5_I0_O)        0.105     0.892 r  a_q[63]_i_1/O
                         net (fo=69, unplaced)        0.437     1.329    op_n
                         LUT6 (Prop_lut6_I0_O)        0.105     1.434 r  b_q[63]_i_1/O
                         net (fo=64, unplaced)        0.454     1.888    b_q[63]_i_1_n_0
                         FDCE                                         r  b_q_reg[40]/CE
  -------------------------------------------------------------------    -------------------

                         (clock clk_i rise edge)      0.000     0.000 r  
                                                      0.000     0.000 r  clk_i (IN)
                         net (fo=2687, unset)         0.748     0.748    clk_i
                         FDCE                                         r  b_q_reg[40]/C

Slack:                    inf
  Source:                 valid_i
                            (input port)
  Destination:            b_q_reg[41]/CE
                            (rising edge-triggered cell FDCE clocked by clk_i  {rise@0.000ns fall@2.500ns period=5.000ns})
  Path Group:             (none)
  Path Type:              Setup (Max at Slow Process Corner)
  Data Path Delay:        1.888ns  (logic 0.210ns (11.123%)  route 1.678ns (88.877%))
  Logic Levels:           2  (LUT5=1 LUT6=1)
  Clock Path Skew:        0.748ns (DCD - SCD + CPR)
    Destination Clock Delay (DCD):    0.748ns
    Source Clock Delay      (SCD):    0.000ns
    Clock Pessimism Removal (CPR):    0.000ns
  Clock Uncertainty:      0.025ns  ((TSJ^2 + TIJ^2)^1/2 + DJ) / 2 + PE
    Total System Jitter     (TSJ):    0.050ns
    Total Input Jitter      (TIJ):    0.000ns
    Discrete Jitter          (DJ):    0.000ns
    Phase Error              (PE):    0.000ns

    Location             Delay type                Incr(ns)  Path(ns)    Netlist Resource(s)
  -------------------------------------------------------------------    -------------------
                                                      0.000     0.000 r  valid_i (IN)
                         net (fo=1, unset)            0.787     0.787    valid_i
                         LUT5 (Prop_lut5_I0_O)        0.105     0.892 r  a_q[63]_i_1/O
                         net (fo=69, unplaced)        0.437     1.329    op_n
                         LUT6 (Prop_lut6_I0_O)        0.105     1.434 r  b_q[63]_i_1/O
                         net (fo=64, unplaced)        0.454     1.888    b_q[63]_i_1_n_0
                         FDCE                                         r  b_q_reg[41]/CE
  -------------------------------------------------------------------    -------------------

                         (clock clk_i rise edge)      0.000     0.000 r  
                                                      0.000     0.000 r  clk_i (IN)
                         net (fo=2687, unset)         0.748     0.748    clk_i
                         FDCE                                         r  b_q_reg[41]/C

Slack:                    inf
  Source:                 valid_i
                            (input port)
  Destination:            b_q_reg[42]/CE
                            (rising edge-triggered cell FDCE clocked by clk_i  {rise@0.000ns fall@2.500ns period=5.000ns})
  Path Group:             (none)
  Path Type:              Setup (Max at Slow Process Corner)
  Data Path Delay:        1.888ns  (logic 0.210ns (11.123%)  route 1.678ns (88.877%))
  Logic Levels:           2  (LUT5=1 LUT6=1)
  Clock Path Skew:        0.748ns (DCD - SCD + CPR)
    Destination Clock Delay (DCD):    0.748ns
    Source Clock Delay      (SCD):    0.000ns
    Clock Pessimism Removal (CPR):    0.000ns
  Clock Uncertainty:      0.025ns  ((TSJ^2 + TIJ^2)^1/2 + DJ) / 2 + PE
    Total System Jitter     (TSJ):    0.050ns
    Total Input Jitter      (TIJ):    0.000ns
    Discrete Jitter          (DJ):    0.000ns
    Phase Error              (PE):    0.000ns

    Location             Delay type                Incr(ns)  Path(ns)    Netlist Resource(s)
  -------------------------------------------------------------------    -------------------
                                                      0.000     0.000 r  valid_i (IN)
                         net (fo=1, unset)            0.787     0.787    valid_i
                         LUT5 (Prop_lut5_I0_O)        0.105     0.892 r  a_q[63]_i_1/O
                         net (fo=69, unplaced)        0.437     1.329    op_n
                         LUT6 (Prop_lut6_I0_O)        0.105     1.434 r  b_q[63]_i_1/O
                         net (fo=64, unplaced)        0.454     1.888    b_q[63]_i_1_n_0
                         FDCE                                         r  b_q_reg[42]/CE
  -------------------------------------------------------------------    -------------------

                         (clock clk_i rise edge)      0.000     0.000 r  
                                                      0.000     0.000 r  clk_i (IN)
                         net (fo=2687, unset)         0.748     0.748    clk_i
                         FDCE                                         r  b_q_reg[42]/C

Slack:                    inf
  Source:                 valid_i
                            (input port)
  Destination:            b_q_reg[43]/CE
                            (rising edge-triggered cell FDCE clocked by clk_i  {rise@0.000ns fall@2.500ns period=5.000ns})
  Path Group:             (none)
  Path Type:              Setup (Max at Slow Process Corner)
  Data Path Delay:        1.888ns  (logic 0.210ns (11.123%)  route 1.678ns (88.877%))
  Logic Levels:           2  (LUT5=1 LUT6=1)
  Clock Path Skew:        0.748ns (DCD - SCD + CPR)
    Destination Clock Delay (DCD):    0.748ns
    Source Clock Delay      (SCD):    0.000ns
    Clock Pessimism Removal (CPR):    0.000ns
  Clock Uncertainty:      0.025ns  ((TSJ^2 + TIJ^2)^1/2 + DJ) / 2 + PE
    Total System Jitter     (TSJ):    0.050ns
    Total Input Jitter      (TIJ):    0.000ns
    Discrete Jitter          (DJ):    0.000ns
    Phase Error              (PE):    0.000ns

    Location             Delay type                Incr(ns)  Path(ns)    Netlist Resource(s)
  -------------------------------------------------------------------    -------------------
                                                      0.000     0.000 r  valid_i (IN)
                         net (fo=1, unset)            0.787     0.787    valid_i
                         LUT5 (Prop_lut5_I0_O)        0.105     0.892 r  a_q[63]_i_1/O
                         net (fo=69, unplaced)        0.437     1.329    op_n
                         LUT6 (Prop_lut6_I0_O)        0.105     1.434 r  b_q[63]_i_1/O
                         net (fo=64, unplaced)        0.454     1.888    b_q[63]_i_1_n_0
                         FDCE                                         r  b_q_reg[43]/CE
  -------------------------------------------------------------------    -------------------

                         (clock clk_i rise edge)      0.000     0.000 r  
                                                      0.000     0.000 r  clk_i (IN)
                         net (fo=2687, unset)         0.748     0.748    clk_i
                         FDCE                                         r  b_q_reg[43]/C

Slack:                    inf
  Source:                 valid_i
                            (input port)
  Destination:            b_q_reg[44]/CE
                            (rising edge-triggered cell FDCE clocked by clk_i  {rise@0.000ns fall@2.500ns period=5.000ns})
  Path Group:             (none)
  Path Type:              Setup (Max at Slow Process Corner)
  Data Path Delay:        1.888ns  (logic 0.210ns (11.123%)  route 1.678ns (88.877%))
  Logic Levels:           2  (LUT5=1 LUT6=1)
  Clock Path Skew:        0.748ns (DCD - SCD + CPR)
    Destination Clock Delay (DCD):    0.748ns
    Source Clock Delay      (SCD):    0.000ns
    Clock Pessimism Removal (CPR):    0.000ns
  Clock Uncertainty:      0.025ns  ((TSJ^2 + TIJ^2)^1/2 + DJ) / 2 + PE
    Total System Jitter     (TSJ):    0.050ns
    Total Input Jitter      (TIJ):    0.000ns
    Discrete Jitter          (DJ):    0.000ns
    Phase Error              (PE):    0.000ns

    Location             Delay type                Incr(ns)  Path(ns)    Netlist Resource(s)
  -------------------------------------------------------------------    -------------------
                                                      0.000     0.000 r  valid_i (IN)
                         net (fo=1, unset)            0.787     0.787    valid_i
                         LUT5 (Prop_lut5_I0_O)        0.105     0.892 r  a_q[63]_i_1/O
                         net (fo=69, unplaced)        0.437     1.329    op_n
                         LUT6 (Prop_lut6_I0_O)        0.105     1.434 r  b_q[63]_i_1/O
                         net (fo=64, unplaced)        0.454     1.888    b_q[63]_i_1_n_0
                         FDCE                                         r  b_q_reg[44]/CE
  -------------------------------------------------------------------    -------------------

                         (clock clk_i rise edge)      0.000     0.000 r  
                                                      0.000     0.000 r  clk_i (IN)
                         net (fo=2687, unset)         0.748     0.748    clk_i
                         FDCE                                         r  b_q_reg[44]/C

Slack:                    inf
  Source:                 valid_i
                            (input port)
  Destination:            b_q_reg[45]/CE
                            (rising edge-triggered cell FDCE clocked by clk_i  {rise@0.000ns fall@2.500ns period=5.000ns})
  Path Group:             (none)
  Path Type:              Setup (Max at Slow Process Corner)
  Data Path Delay:        1.888ns  (logic 0.210ns (11.123%)  route 1.678ns (88.877%))
  Logic Levels:           2  (LUT5=1 LUT6=1)
  Clock Path Skew:        0.748ns (DCD - SCD + CPR)
    Destination Clock Delay (DCD):    0.748ns
    Source Clock Delay      (SCD):    0.000ns
    Clock Pessimism Removal (CPR):    0.000ns
  Clock Uncertainty:      0.025ns  ((TSJ^2 + TIJ^2)^1/2 + DJ) / 2 + PE
    Total System Jitter     (TSJ):    0.050ns
    Total Input Jitter      (TIJ):    0.000ns
    Discrete Jitter          (DJ):    0.000ns
    Phase Error              (PE):    0.000ns

    Location             Delay type                Incr(ns)  Path(ns)    Netlist Resource(s)
  -------------------------------------------------------------------    -------------------
                                                      0.000     0.000 r  valid_i (IN)
                         net (fo=1, unset)            0.787     0.787    valid_i
                         LUT5 (Prop_lut5_I0_O)        0.105     0.892 r  a_q[63]_i_1/O
                         net (fo=69, unplaced)        0.437     1.329    op_n
                         LUT6 (Prop_lut6_I0_O)        0.105     1.434 r  b_q[63]_i_1/O
                         net (fo=64, unplaced)        0.454     1.888    b_q[63]_i_1_n_0
                         FDCE                                         r  b_q_reg[45]/CE
  -------------------------------------------------------------------    -------------------

                         (clock clk_i rise edge)      0.000     0.000 r  
                                                      0.000     0.000 r  clk_i (IN)
                         net (fo=2687, unset)         0.748     0.748    clk_i
                         FDCE                                         r  b_q_reg[45]/C

Slack:                    inf
  Source:                 valid_i
                            (input port)
  Destination:            b_q_reg[46]/CE
                            (rising edge-triggered cell FDCE clocked by clk_i  {rise@0.000ns fall@2.500ns period=5.000ns})
  Path Group:             (none)
  Path Type:              Setup (Max at Slow Process Corner)
  Data Path Delay:        1.888ns  (logic 0.210ns (11.123%)  route 1.678ns (88.877%))
  Logic Levels:           2  (LUT5=1 LUT6=1)
  Clock Path Skew:        0.748ns (DCD - SCD + CPR)
    Destination Clock Delay (DCD):    0.748ns
    Source Clock Delay      (SCD):    0.000ns
    Clock Pessimism Removal (CPR):    0.000ns
  Clock Uncertainty:      0.025ns  ((TSJ^2 + TIJ^2)^1/2 + DJ) / 2 + PE
    Total System Jitter     (TSJ):    0.050ns
    Total Input Jitter      (TIJ):    0.000ns
    Discrete Jitter          (DJ):    0.000ns
    Phase Error              (PE):    0.000ns

    Location             Delay type                Incr(ns)  Path(ns)    Netlist Resource(s)
  -------------------------------------------------------------------    -------------------
                                                      0.000     0.000 r  valid_i (IN)
                         net (fo=1, unset)            0.787     0.787    valid_i
                         LUT5 (Prop_lut5_I0_O)        0.105     0.892 r  a_q[63]_i_1/O
                         net (fo=69, unplaced)        0.437     1.329    op_n
                         LUT6 (Prop_lut6_I0_O)        0.105     1.434 r  b_q[63]_i_1/O
                         net (fo=64, unplaced)        0.454     1.888    b_q[63]_i_1_n_0
                         FDCE                                         r  b_q_reg[46]/CE
  -------------------------------------------------------------------    -------------------

                         (clock clk_i rise edge)      0.000     0.000 r  
                                                      0.000     0.000 r  clk_i (IN)
                         net (fo=2687, unset)         0.748     0.748    clk_i
                         FDCE                                         r  b_q_reg[46]/C

Slack:                    inf
  Source:                 valid_i
                            (input port)
  Destination:            b_q_reg[47]/CE
                            (rising edge-triggered cell FDCE clocked by clk_i  {rise@0.000ns fall@2.500ns period=5.000ns})
  Path Group:             (none)
  Path Type:              Setup (Max at Slow Process Corner)
  Data Path Delay:        1.888ns  (logic 0.210ns (11.123%)  route 1.678ns (88.877%))
  Logic Levels:           2  (LUT5=1 LUT6=1)
  Clock Path Skew:        0.748ns (DCD - SCD + CPR)
    Destination Clock Delay (DCD):    0.748ns
    Source Clock Delay      (SCD):    0.000ns
    Clock Pessimism Removal (CPR):    0.000ns
  Clock Uncertainty:      0.025ns  ((TSJ^2 + TIJ^2)^1/2 + DJ) / 2 + PE
    Total System Jitter     (TSJ):    0.050ns
    Total Input Jitter      (TIJ):    0.000ns
    Discrete Jitter          (DJ):    0.000ns
    Phase Error              (PE):    0.000ns

    Location             Delay type                Incr(ns)  Path(ns)    Netlist Resource(s)
  -------------------------------------------------------------------    -------------------
                                                      0.000     0.000 r  valid_i (IN)
                         net (fo=1, unset)            0.787     0.787    valid_i
                         LUT5 (Prop_lut5_I0_O)        0.105     0.892 r  a_q[63]_i_1/O
                         net (fo=69, unplaced)        0.437     1.329    op_n
                         LUT6 (Prop_lut6_I0_O)        0.105     1.434 r  b_q[63]_i_1/O
                         net (fo=64, unplaced)        0.454     1.888    b_q[63]_i_1_n_0
                         FDCE                                         r  b_q_reg[47]/CE
  -------------------------------------------------------------------    -------------------

                         (clock clk_i rise edge)      0.000     0.000 r  
                                                      0.000     0.000 r  clk_i (IN)
                         net (fo=2687, unset)         0.748     0.748    clk_i
                         FDCE                                         r  b_q_reg[47]/C

Slack:                    inf
  Source:                 valid_i
                            (input port)
  Destination:            b_q_reg[48]/CE
                            (rising edge-triggered cell FDCE clocked by clk_i  {rise@0.000ns fall@2.500ns period=5.000ns})
  Path Group:             (none)
  Path Type:              Setup (Max at Slow Process Corner)
  Data Path Delay:        1.888ns  (logic 0.210ns (11.123%)  route 1.678ns (88.877%))
  Logic Levels:           2  (LUT5=1 LUT6=1)
  Clock Path Skew:        0.748ns (DCD - SCD + CPR)
    Destination Clock Delay (DCD):    0.748ns
    Source Clock Delay      (SCD):    0.000ns
    Clock Pessimism Removal (CPR):    0.000ns
  Clock Uncertainty:      0.025ns  ((TSJ^2 + TIJ^2)^1/2 + DJ) / 2 + PE
    Total System Jitter     (TSJ):    0.050ns
    Total Input Jitter      (TIJ):    0.000ns
    Discrete Jitter          (DJ):    0.000ns
    Phase Error              (PE):    0.000ns

    Location             Delay type                Incr(ns)  Path(ns)    Netlist Resource(s)
  -------------------------------------------------------------------    -------------------
                                                      0.000     0.000 r  valid_i (IN)
                         net (fo=1, unset)            0.787     0.787    valid_i
                         LUT5 (Prop_lut5_I0_O)        0.105     0.892 r  a_q[63]_i_1/O
                         net (fo=69, unplaced)        0.437     1.329    op_n
                         LUT6 (Prop_lut6_I0_O)        0.105     1.434 r  b_q[63]_i_1/O
                         net (fo=64, unplaced)        0.454     1.888    b_q[63]_i_1_n_0
                         FDCE                                         r  b_q_reg[48]/CE
  -------------------------------------------------------------------    -------------------

                         (clock clk_i rise edge)      0.000     0.000 r  
                                                      0.000     0.000 r  clk_i (IN)
                         net (fo=2687, unset)         0.748     0.748    clk_i
                         FDCE                                         r  b_q_reg[48]/C

Slack:                    inf
  Source:                 valid_i
                            (input port)
  Destination:            b_q_reg[49]/CE
                            (rising edge-triggered cell FDCE clocked by clk_i  {rise@0.000ns fall@2.500ns period=5.000ns})
  Path Group:             (none)
  Path Type:              Setup (Max at Slow Process Corner)
  Data Path Delay:        1.888ns  (logic 0.210ns (11.123%)  route 1.678ns (88.877%))
  Logic Levels:           2  (LUT5=1 LUT6=1)
  Clock Path Skew:        0.748ns (DCD - SCD + CPR)
    Destination Clock Delay (DCD):    0.748ns
    Source Clock Delay      (SCD):    0.000ns
    Clock Pessimism Removal (CPR):    0.000ns
  Clock Uncertainty:      0.025ns  ((TSJ^2 + TIJ^2)^1/2 + DJ) / 2 + PE
    Total System Jitter     (TSJ):    0.050ns
    Total Input Jitter      (TIJ):    0.000ns
    Discrete Jitter          (DJ):    0.000ns
    Phase Error              (PE):    0.000ns

    Location             Delay type                Incr(ns)  Path(ns)    Netlist Resource(s)
  -------------------------------------------------------------------    -------------------
                                                      0.000     0.000 r  valid_i (IN)
                         net (fo=1, unset)            0.787     0.787    valid_i
                         LUT5 (Prop_lut5_I0_O)        0.105     0.892 r  a_q[63]_i_1/O
                         net (fo=69, unplaced)        0.437     1.329    op_n
                         LUT6 (Prop_lut6_I0_O)        0.105     1.434 r  b_q[63]_i_1/O
                         net (fo=64, unplaced)        0.454     1.888    b_q[63]_i_1_n_0
                         FDCE                                         r  b_q_reg[49]/CE
  -------------------------------------------------------------------    -------------------

                         (clock clk_i rise edge)      0.000     0.000 r  
                                                      0.000     0.000 r  clk_i (IN)
                         net (fo=2687, unset)         0.748     0.748    clk_i
                         FDCE                                         r  b_q_reg[49]/C

Slack:                    inf
  Source:                 valid_i
                            (input port)
  Destination:            b_q_reg[4]/CE
                            (rising edge-triggered cell FDCE clocked by clk_i  {rise@0.000ns fall@2.500ns period=5.000ns})
  Path Group:             (none)
  Path Type:              Setup (Max at Slow Process Corner)
  Data Path Delay:        1.888ns  (logic 0.210ns (11.123%)  route 1.678ns (88.877%))
  Logic Levels:           2  (LUT5=1 LUT6=1)
  Clock Path Skew:        0.748ns (DCD - SCD + CPR)
    Destination Clock Delay (DCD):    0.748ns
    Source Clock Delay      (SCD):    0.000ns
    Clock Pessimism Removal (CPR):    0.000ns
  Clock Uncertainty:      0.025ns  ((TSJ^2 + TIJ^2)^1/2 + DJ) / 2 + PE
    Total System Jitter     (TSJ):    0.050ns
    Total Input Jitter      (TIJ):    0.000ns
    Discrete Jitter          (DJ):    0.000ns
    Phase Error              (PE):    0.000ns

    Location             Delay type                Incr(ns)  Path(ns)    Netlist Resource(s)
  -------------------------------------------------------------------    -------------------
                                                      0.000     0.000 r  valid_i (IN)
                         net (fo=1, unset)            0.787     0.787    valid_i
                         LUT5 (Prop_lut5_I0_O)        0.105     0.892 r  a_q[63]_i_1/O
                         net (fo=69, unplaced)        0.437     1.329    op_n
                         LUT6 (Prop_lut6_I0_O)        0.105     1.434 r  b_q[63]_i_1/O
                         net (fo=64, unplaced)        0.454     1.888    b_q[63]_i_1_n_0
                         FDCE                                         r  b_q_reg[4]/CE
  -------------------------------------------------------------------    -------------------

                         (clock clk_i rise edge)      0.000     0.000 r  
                                                      0.000     0.000 r  clk_i (IN)
                         net (fo=2687, unset)         0.748     0.748    clk_i
                         FDCE                                         r  b_q_reg[4]/C

Slack:                    inf
  Source:                 valid_i
                            (input port)
  Destination:            b_q_reg[50]/CE
                            (rising edge-triggered cell FDCE clocked by clk_i  {rise@0.000ns fall@2.500ns period=5.000ns})
  Path Group:             (none)
  Path Type:              Setup (Max at Slow Process Corner)
  Data Path Delay:        1.888ns  (logic 0.210ns (11.123%)  route 1.678ns (88.877%))
  Logic Levels:           2  (LUT5=1 LUT6=1)
  Clock Path Skew:        0.748ns (DCD - SCD + CPR)
    Destination Clock Delay (DCD):    0.748ns
    Source Clock Delay      (SCD):    0.000ns
    Clock Pessimism Removal (CPR):    0.000ns
  Clock Uncertainty:      0.025ns  ((TSJ^2 + TIJ^2)^1/2 + DJ) / 2 + PE
    Total System Jitter     (TSJ):    0.050ns
    Total Input Jitter      (TIJ):    0.000ns
    Discrete Jitter          (DJ):    0.000ns
    Phase Error              (PE):    0.000ns

    Location             Delay type                Incr(ns)  Path(ns)    Netlist Resource(s)
  -------------------------------------------------------------------    -------------------
                                                      0.000     0.000 r  valid_i (IN)
                         net (fo=1, unset)            0.787     0.787    valid_i
                         LUT5 (Prop_lut5_I0_O)        0.105     0.892 r  a_q[63]_i_1/O
                         net (fo=69, unplaced)        0.437     1.329    op_n
                         LUT6 (Prop_lut6_I0_O)        0.105     1.434 r  b_q[63]_i_1/O
                         net (fo=64, unplaced)        0.454     1.888    b_q[63]_i_1_n_0
                         FDCE                                         r  b_q_reg[50]/CE
  -------------------------------------------------------------------    -------------------

                         (clock clk_i rise edge)      0.000     0.000 r  
                                                      0.000     0.000 r  clk_i (IN)
                         net (fo=2687, unset)         0.748     0.748    clk_i
                         FDCE                                         r  b_q_reg[50]/C

Slack:                    inf
  Source:                 valid_i
                            (input port)
  Destination:            b_q_reg[51]/CE
                            (rising edge-triggered cell FDCE clocked by clk_i  {rise@0.000ns fall@2.500ns period=5.000ns})
  Path Group:             (none)
  Path Type:              Setup (Max at Slow Process Corner)
  Data Path Delay:        1.888ns  (logic 0.210ns (11.123%)  route 1.678ns (88.877%))
  Logic Levels:           2  (LUT5=1 LUT6=1)
  Clock Path Skew:        0.748ns (DCD - SCD + CPR)
    Destination Clock Delay (DCD):    0.748ns
    Source Clock Delay      (SCD):    0.000ns
    Clock Pessimism Removal (CPR):    0.000ns
  Clock Uncertainty:      0.025ns  ((TSJ^2 + TIJ^2)^1/2 + DJ) / 2 + PE
    Total System Jitter     (TSJ):    0.050ns
    Total Input Jitter      (TIJ):    0.000ns
    Discrete Jitter          (DJ):    0.000ns
    Phase Error              (PE):    0.000ns

    Location             Delay type                Incr(ns)  Path(ns)    Netlist Resource(s)
  -------------------------------------------------------------------    -------------------
                                                      0.000     0.000 r  valid_i (IN)
                         net (fo=1, unset)            0.787     0.787    valid_i
                         LUT5 (Prop_lut5_I0_O)        0.105     0.892 r  a_q[63]_i_1/O
                         net (fo=69, unplaced)        0.437     1.329    op_n
                         LUT6 (Prop_lut6_I0_O)        0.105     1.434 r  b_q[63]_i_1/O
                         net (fo=64, unplaced)        0.454     1.888    b_q[63]_i_1_n_0
                         FDCE                                         r  b_q_reg[51]/CE
  -------------------------------------------------------------------    -------------------

                         (clock clk_i rise edge)      0.000     0.000 r  
                                                      0.000     0.000 r  clk_i (IN)
                         net (fo=2687, unset)         0.748     0.748    clk_i
                         FDCE                                         r  b_q_reg[51]/C

Slack:                    inf
  Source:                 valid_i
                            (input port)
  Destination:            b_q_reg[52]/CE
                            (rising edge-triggered cell FDCE clocked by clk_i  {rise@0.000ns fall@2.500ns period=5.000ns})
  Path Group:             (none)
  Path Type:              Setup (Max at Slow Process Corner)
  Data Path Delay:        1.888ns  (logic 0.210ns (11.123%)  route 1.678ns (88.877%))
  Logic Levels:           2  (LUT5=1 LUT6=1)
  Clock Path Skew:        0.748ns (DCD - SCD + CPR)
    Destination Clock Delay (DCD):    0.748ns
    Source Clock Delay      (SCD):    0.000ns
    Clock Pessimism Removal (CPR):    0.000ns
  Clock Uncertainty:      0.025ns  ((TSJ^2 + TIJ^2)^1/2 + DJ) / 2 + PE
    Total System Jitter     (TSJ):    0.050ns
    Total Input Jitter      (TIJ):    0.000ns
    Discrete Jitter          (DJ):    0.000ns
    Phase Error              (PE):    0.000ns

    Location             Delay type                Incr(ns)  Path(ns)    Netlist Resource(s)
  -------------------------------------------------------------------    -------------------
                                                      0.000     0.000 r  valid_i (IN)
                         net (fo=1, unset)            0.787     0.787    valid_i
                         LUT5 (Prop_lut5_I0_O)        0.105     0.892 r  a_q[63]_i_1/O
                         net (fo=69, unplaced)        0.437     1.329    op_n
                         LUT6 (Prop_lut6_I0_O)        0.105     1.434 r  b_q[63]_i_1/O
                         net (fo=64, unplaced)        0.454     1.888    b_q[63]_i_1_n_0
                         FDCE                                         r  b_q_reg[52]/CE
  -------------------------------------------------------------------    -------------------

                         (clock clk_i rise edge)      0.000     0.000 r  
                                                      0.000     0.000 r  clk_i (IN)
                         net (fo=2687, unset)         0.748     0.748    clk_i
                         FDCE                                         r  b_q_reg[52]/C

Slack:                    inf
  Source:                 valid_i
                            (input port)
  Destination:            b_q_reg[53]/CE
                            (rising edge-triggered cell FDCE clocked by clk_i  {rise@0.000ns fall@2.500ns period=5.000ns})
  Path Group:             (none)
  Path Type:              Setup (Max at Slow Process Corner)
  Data Path Delay:        1.888ns  (logic 0.210ns (11.123%)  route 1.678ns (88.877%))
  Logic Levels:           2  (LUT5=1 LUT6=1)
  Clock Path Skew:        0.748ns (DCD - SCD + CPR)
    Destination Clock Delay (DCD):    0.748ns
    Source Clock Delay      (SCD):    0.000ns
    Clock Pessimism Removal (CPR):    0.000ns
  Clock Uncertainty:      0.025ns  ((TSJ^2 + TIJ^2)^1/2 + DJ) / 2 + PE
    Total System Jitter     (TSJ):    0.050ns
    Total Input Jitter      (TIJ):    0.000ns
    Discrete Jitter          (DJ):    0.000ns
    Phase Error              (PE):    0.000ns

    Location             Delay type                Incr(ns)  Path(ns)    Netlist Resource(s)
  -------------------------------------------------------------------    -------------------
                                                      0.000     0.000 r  valid_i (IN)
                         net (fo=1, unset)            0.787     0.787    valid_i
                         LUT5 (Prop_lut5_I0_O)        0.105     0.892 r  a_q[63]_i_1/O
                         net (fo=69, unplaced)        0.437     1.329    op_n
                         LUT6 (Prop_lut6_I0_O)        0.105     1.434 r  b_q[63]_i_1/O
                         net (fo=64, unplaced)        0.454     1.888    b_q[63]_i_1_n_0
                         FDCE                                         r  b_q_reg[53]/CE
  -------------------------------------------------------------------    -------------------

                         (clock clk_i rise edge)      0.000     0.000 r  
                                                      0.000     0.000 r  clk_i (IN)
                         net (fo=2687, unset)         0.748     0.748    clk_i
                         FDCE                                         r  b_q_reg[53]/C

Slack:                    inf
  Source:                 valid_i
                            (input port)
  Destination:            b_q_reg[54]/CE
                            (rising edge-triggered cell FDCE clocked by clk_i  {rise@0.000ns fall@2.500ns period=5.000ns})
  Path Group:             (none)
  Path Type:              Setup (Max at Slow Process Corner)
  Data Path Delay:        1.888ns  (logic 0.210ns (11.123%)  route 1.678ns (88.877%))
  Logic Levels:           2  (LUT5=1 LUT6=1)
  Clock Path Skew:        0.748ns (DCD - SCD + CPR)
    Destination Clock Delay (DCD):    0.748ns
    Source Clock Delay      (SCD):    0.000ns
    Clock Pessimism Removal (CPR):    0.000ns
  Clock Uncertainty:      0.025ns  ((TSJ^2 + TIJ^2)^1/2 + DJ) / 2 + PE
    Total System Jitter     (TSJ):    0.050ns
    Total Input Jitter      (TIJ):    0.000ns
    Discrete Jitter          (DJ):    0.000ns
    Phase Error              (PE):    0.000ns

    Location             Delay type                Incr(ns)  Path(ns)    Netlist Resource(s)
  -------------------------------------------------------------------    -------------------
                                                      0.000     0.000 r  valid_i (IN)
                         net (fo=1, unset)            0.787     0.787    valid_i
                         LUT5 (Prop_lut5_I0_O)        0.105     0.892 r  a_q[63]_i_1/O
                         net (fo=69, unplaced)        0.437     1.329    op_n
                         LUT6 (Prop_lut6_I0_O)        0.105     1.434 r  b_q[63]_i_1/O
                         net (fo=64, unplaced)        0.454     1.888    b_q[63]_i_1_n_0
                         FDCE                                         r  b_q_reg[54]/CE
  -------------------------------------------------------------------    -------------------

                         (clock clk_i rise edge)      0.000     0.000 r  
                                                      0.000     0.000 r  clk_i (IN)
                         net (fo=2687, unset)         0.748     0.748    clk_i
                         FDCE                                         r  b_q_reg[54]/C





