rank,slack_ns,required_time_ns,data_path_delay_ns,logic_delay_ns,route_delay_ns,route_ratio,logic_levels,startpoint,endpoint,path_class,main_cells
1,0.061,5.000,4.936,1.105,3.831,0.776,5,"gen_lane[0].i_p2_pop_slice/bool_result_q_reg[17]/C","gen_lane[0].i_p2_pop_slice/popcount_part_q_o_reg[0][5]/D","P2 popcount capture","FDCE=2;LUT3=1;LUT5=2;LUT6=2"
2,0.061,5.000,4.936,1.105,3.831,0.776,5,"gen_lane[0].i_p2_pop_slice/bool_result_q_reg[49]/C","gen_lane[0].i_p2_pop_slice/popcount_part_q_o_reg[1][5]/D","P2 popcount capture","FDCE=2;LUT3=1;LUT5=2;LUT6=2"
3,0.061,5.000,4.936,1.105,3.831,0.776,5,"gen_lane[1].i_p2_pop_slice/bool_result_q_reg[17]/C","gen_lane[1].i_p2_pop_slice/popcount_part_q_o_reg[0][5]/D","P2 popcount capture","FDCE=2;LUT3=1;LUT5=2;LUT6=2"
4,0.061,5.000,4.936,1.105,3.831,0.776,5,"gen_lane[1].i_p2_pop_slice/bool_result_q_reg[49]/C","gen_lane[1].i_p2_pop_slice/popcount_part_q_o_reg[1][5]/D","P2 popcount capture","FDCE=2;LUT3=1;LUT5=2;LUT6=2"
5,0.061,5.000,4.936,1.105,3.831,0.776,5,"gen_lane[2].i_p2_pop_slice/bool_result_q_reg[17]/C","gen_lane[2].i_p2_pop_slice/popcount_part_q_o_reg[0][5]/D","P2 popcount capture","FDCE=2;LUT3=1;LUT5=2;LUT6=2"
6,0.061,5.000,4.936,1.105,3.831,0.776,5,"gen_lane[2].i_p2_pop_slice/bool_result_q_reg[49]/C","gen_lane[2].i_p2_pop_slice/popcount_part_q_o_reg[1][5]/D","P2 popcount capture","FDCE=2;LUT3=1;LUT5=2;LUT6=2"
7,0.061,5.000,4.936,1.105,3.831,0.776,5,"gen_lane[3].i_p2_pop_slice/bool_result_q_reg[17]/C","gen_lane[3].i_p2_pop_slice/popcount_part_q_o_reg[0][5]/D","P2 popcount capture","FDCE=2;LUT3=1;LUT5=2;LUT6=2"
8,0.061,5.000,4.936,1.105,3.831,0.776,5,"gen_lane[3].i_p2_pop_slice/bool_result_q_reg[49]/C","gen_lane[3].i_p2_pop_slice/popcount_part_q_o_reg[1][5]/D","P2 popcount capture","FDCE=2;LUT3=1;LUT5=2;LUT6=2"
9,0.326,5.000,4.700,2.246,2.454,0.522,7,"gen_lane[0].i_p2_pop_slice/popcount_part_q_o_reg[0][0]/C","group_dist_q_reg[8]/D","P2 popcount capture","CARRY4=4;FDCE=2;LUT3=2;LUT5=1"
10,0.417,5.000,4.580,1.105,3.475,0.759,5,"gen_lane[0].i_p2_pop_slice/bool_result_q_reg[17]/C","gen_lane[0].i_p2_pop_slice/popcount_part_q_o_reg[0][2]/D","P2 popcount capture","FDCE=2;LUT3=2;LUT5=2;LUT6=1"
11,0.417,5.000,4.580,1.105,3.475,0.759,5,"gen_lane[0].i_p2_pop_slice/bool_result_q_reg[17]/C","gen_lane[0].i_p2_pop_slice/popcount_part_q_o_reg[0][3]/D","P2 popcount capture","FDCE=2;LUT3=1;LUT5=3;LUT6=1"
12,0.417,5.000,4.580,1.105,3.475,0.759,5,"gen_lane[0].i_p2_pop_slice/bool_result_q_reg[49]/C","gen_lane[0].i_p2_pop_slice/popcount_part_q_o_reg[1][2]/D","P2 popcount capture","FDCE=2;LUT3=2;LUT5=2;LUT6=1"
13,0.417,5.000,4.580,1.105,3.475,0.759,5,"gen_lane[0].i_p2_pop_slice/bool_result_q_reg[49]/C","gen_lane[0].i_p2_pop_slice/popcount_part_q_o_reg[1][3]/D","P2 popcount capture","FDCE=2;LUT3=1;LUT5=3;LUT6=1"
14,0.417,5.000,4.580,1.105,3.475,0.759,5,"gen_lane[1].i_p2_pop_slice/bool_result_q_reg[17]/C","gen_lane[1].i_p2_pop_slice/popcount_part_q_o_reg[0][2]/D","P2 popcount capture","FDCE=2;LUT3=2;LUT5=2;LUT6=1"
15,0.417,5.000,4.580,1.105,3.475,0.759,5,"gen_lane[1].i_p2_pop_slice/bool_result_q_reg[17]/C","gen_lane[1].i_p2_pop_slice/popcount_part_q_o_reg[0][3]/D","P2 popcount capture","FDCE=2;LUT3=1;LUT5=3;LUT6=1"
16,0.417,5.000,4.580,1.105,3.475,0.759,5,"gen_lane[1].i_p2_pop_slice/bool_result_q_reg[49]/C","gen_lane[1].i_p2_pop_slice/popcount_part_q_o_reg[1][2]/D","P2 popcount capture","FDCE=2;LUT3=2;LUT5=2;LUT6=1"
17,0.417,5.000,4.580,1.105,3.475,0.759,5,"gen_lane[1].i_p2_pop_slice/bool_result_q_reg[49]/C","gen_lane[1].i_p2_pop_slice/popcount_part_q_o_reg[1][3]/D","P2 popcount capture","FDCE=2;LUT3=1;LUT5=3;LUT6=1"
18,0.417,5.000,4.580,1.105,3.475,0.759,5,"gen_lane[2].i_p2_pop_slice/bool_result_q_reg[17]/C","gen_lane[2].i_p2_pop_slice/popcount_part_q_o_reg[0][2]/D","P2 popcount capture","FDCE=2;LUT3=2;LUT5=2;LUT6=1"
19,0.417,5.000,4.580,1.105,3.475,0.759,5,"gen_lane[2].i_p2_pop_slice/bool_result_q_reg[17]/C","gen_lane[2].i_p2_pop_slice/popcount_part_q_o_reg[0][3]/D","P2 popcount capture","FDCE=2;LUT3=1;LUT5=3;LUT6=1"
20,0.417,5.000,4.580,1.105,3.475,0.759,5,"gen_lane[2].i_p2_pop_slice/bool_result_q_reg[49]/C","gen_lane[2].i_p2_pop_slice/popcount_part_q_o_reg[1][2]/D","P2 popcount capture","FDCE=2;LUT3=2;LUT5=2;LUT6=1"
21,0.417,5.000,4.580,1.105,3.475,0.759,5,"gen_lane[2].i_p2_pop_slice/bool_result_q_reg[49]/C","gen_lane[2].i_p2_pop_slice/popcount_part_q_o_reg[1][3]/D","P2 popcount capture","FDCE=2;LUT3=1;LUT5=3;LUT6=1"
22,0.417,5.000,4.580,1.105,3.475,0.759,5,"gen_lane[3].i_p2_pop_slice/bool_result_q_reg[17]/C","gen_lane[3].i_p2_pop_slice/popcount_part_q_o_reg[0][2]/D","P2 popcount capture","FDCE=2;LUT3=2;LUT5=2;LUT6=1"
23,0.417,5.000,4.580,1.105,3.475,0.759,5,"gen_lane[3].i_p2_pop_slice/bool_result_q_reg[17]/C","gen_lane[3].i_p2_pop_slice/popcount_part_q_o_reg[0][3]/D","P2 popcount capture","FDCE=2;LUT3=1;LUT5=3;LUT6=1"
24,0.417,5.000,4.580,1.105,3.475,0.759,5,"gen_lane[3].i_p2_pop_slice/bool_result_q_reg[49]/C","gen_lane[3].i_p2_pop_slice/popcount_part_q_o_reg[1][2]/D","P2 popcount capture","FDCE=2;LUT3=2;LUT5=2;LUT6=1"
25,0.417,5.000,4.580,1.105,3.475,0.759,5,"gen_lane[3].i_p2_pop_slice/bool_result_q_reg[49]/C","gen_lane[3].i_p2_pop_slice/popcount_part_q_o_reg[1][3]/D","P2 popcount capture","FDCE=2;LUT3=1;LUT5=3;LUT6=1"
26,0.426,5.000,4.600,2.146,2.454,0.533,6,"gen_lane[0].i_p2_pop_slice/popcount_part_q_o_reg[0][0]/C","group_dist_q_reg[7]/D","P2 popcount capture","CARRY4=3;FDCE=2;LUT3=2;LUT5=1"
27,0.479,5.000,4.547,2.093,2.454,0.540,6,"gen_lane[0].i_p2_pop_slice/popcount_part_q_o_reg[0][0]/C","group_dist_q_reg[6]/D","P2 popcount capture","CARRY4=3;FDCE=2;LUT3=2;LUT5=1"
28,0.600,5.000,4.426,2.168,2.258,0.510,7,"gen_lane[2].i_p2_pop_slice/popcount_part_q_o_reg[1][0]/C","group_dist_q_reg[5]/D","P2 popcount capture","CARRY4=3;FDCE=2;LUT3=2;LUT5=1;LUT6=1"
29,0.671,5.000,4.326,1.105,3.221,0.745,5,"gen_lane[0].i_p2_pop_slice/bool_result_q_reg[17]/C","gen_lane[0].i_p2_pop_slice/popcount_part_q_o_reg[0][4]/D","P2 popcount capture","FDCE=2;LUT3=1;LUT5=2;LUT6=2"
30,0.671,5.000,4.326,1.105,3.221,0.745,5,"gen_lane[0].i_p2_pop_slice/bool_result_q_reg[49]/C","gen_lane[0].i_p2_pop_slice/popcount_part_q_o_reg[1][4]/D","P2 popcount capture","FDCE=2;LUT3=1;LUT5=2;LUT6=2"
31,0.671,5.000,4.326,1.105,3.221,0.745,5,"gen_lane[1].i_p2_pop_slice/bool_result_q_reg[17]/C","gen_lane[1].i_p2_pop_slice/popcount_part_q_o_reg[0][4]/D","P2 popcount capture","FDCE=2;LUT3=1;LUT5=2;LUT6=2"
32,0.671,5.000,4.326,1.105,3.221,0.745,5,"gen_lane[1].i_p2_pop_slice/bool_result_q_reg[49]/C","gen_lane[1].i_p2_pop_slice/popcount_part_q_o_reg[1][4]/D","P2 popcount capture","FDCE=2;LUT3=1;LUT5=2;LUT6=2"
33,0.671,5.000,4.326,1.105,3.221,0.745,5,"gen_lane[2].i_p2_pop_slice/bool_result_q_reg[17]/C","gen_lane[2].i_p2_pop_slice/popcount_part_q_o_reg[0][4]/D","P2 popcount capture","FDCE=2;LUT3=1;LUT5=2;LUT6=2"
34,0.671,5.000,4.326,1.105,3.221,0.745,5,"gen_lane[2].i_p2_pop_slice/bool_result_q_reg[49]/C","gen_lane[2].i_p2_pop_slice/popcount_part_q_o_reg[1][4]/D","P2 popcount capture","FDCE=2;LUT3=1;LUT5=2;LUT6=2"
35,0.671,5.000,4.326,1.105,3.221,0.745,5,"gen_lane[3].i_p2_pop_slice/bool_result_q_reg[17]/C","gen_lane[3].i_p2_pop_slice/popcount_part_q_o_reg[0][4]/D","P2 popcount capture","FDCE=2;LUT3=1;LUT5=2;LUT6=2"
36,0.671,5.000,4.326,1.105,3.221,0.745,5,"gen_lane[3].i_p2_pop_slice/bool_result_q_reg[49]/C","gen_lane[3].i_p2_pop_slice/popcount_part_q_o_reg[1][4]/D","P2 popcount capture","FDCE=2;LUT3=1;LUT5=2;LUT6=2"
37,0.680,5.000,4.346,2.088,2.258,0.520,7,"gen_lane[2].i_p2_pop_slice/popcount_part_q_o_reg[1][0]/C","group_dist_q_reg[4]/D","P2 popcount capture","CARRY4=3;FDCE=2;LUT3=2;LUT5=1;LUT6=1"
38,0.902,5.000,4.124,1.864,2.260,0.548,5,"gen_lane[2].i_p2_pop_slice/popcount_part_q_o_reg[1][0]/C","group_dist_q_reg[3]/D","P2 popcount capture","CARRY4=2;FDCE=2;LUT3=2;LUT5=1"
39,0.928,5.000,3.861,1.085,2.776,0.719,5,"a_q_reg[13]/C","ecc_leaf_b_q_reg[0]/CE","other","FDCE=2;LUT5=2;LUT6=3"
40,0.928,5.000,3.861,1.085,2.776,0.719,5,"a_q_reg[13]/C","ecc_leaf_b_q_reg[10]/CE","other","FDCE=2;LUT5=2;LUT6=3"
41,0.928,5.000,3.861,1.085,2.776,0.719,5,"a_q_reg[13]/C","ecc_leaf_b_q_reg[11]/CE","other","FDCE=2;LUT5=2;LUT6=3"
42,0.928,5.000,3.861,1.085,2.776,0.719,5,"a_q_reg[13]/C","ecc_leaf_b_q_reg[12]/CE","other","FDCE=2;LUT5=2;LUT6=3"
43,0.928,5.000,3.861,1.085,2.776,0.719,5,"a_q_reg[13]/C","ecc_leaf_b_q_reg[13]/CE","other","FDCE=2;LUT5=2;LUT6=3"
44,0.928,5.000,3.861,1.085,2.776,0.719,5,"a_q_reg[13]/C","ecc_leaf_b_q_reg[14]/CE","other","FDCE=2;LUT5=2;LUT6=3"
45,0.928,5.000,3.861,1.085,2.776,0.719,5,"a_q_reg[13]/C","ecc_leaf_b_q_reg[15]/CE","other","FDCE=2;LUT5=2;LUT6=3"
46,0.928,5.000,3.861,1.085,2.776,0.719,5,"a_q_reg[13]/C","ecc_leaf_b_q_reg[16]/CE","other","FDCE=2;LUT5=2;LUT6=3"
47,0.928,5.000,3.861,1.085,2.776,0.719,5,"a_q_reg[13]/C","ecc_leaf_b_q_reg[17]/CE","other","FDCE=2;LUT5=2;LUT6=3"
48,0.928,5.000,3.861,1.085,2.776,0.719,5,"a_q_reg[13]/C","ecc_leaf_b_q_reg[18]/CE","other","FDCE=2;LUT5=2;LUT6=3"
49,0.928,5.000,3.861,1.085,2.776,0.719,5,"a_q_reg[13]/C","ecc_leaf_b_q_reg[19]/CE","other","FDCE=2;LUT5=2;LUT6=3"
50,0.928,5.000,3.861,1.085,2.776,0.719,5,"a_q_reg[13]/C","ecc_leaf_b_q_reg[1]/CE","other","FDCE=2;LUT5=2;LUT6=3"
51,0.928,5.000,3.861,1.085,2.776,0.719,5,"a_q_reg[13]/C","ecc_leaf_b_q_reg[20]/CE","other","FDCE=2;LUT5=2;LUT6=3"
52,0.928,5.000,3.861,1.085,2.776,0.719,5,"a_q_reg[13]/C","ecc_leaf_b_q_reg[21]/CE","other","FDCE=2;LUT5=2;LUT6=3"
53,0.928,5.000,3.861,1.085,2.776,0.719,5,"a_q_reg[13]/C","ecc_leaf_b_q_reg[22]/CE","other","FDCE=2;LUT5=2;LUT6=3"
54,0.928,5.000,3.861,1.085,2.776,0.719,5,"a_q_reg[13]/C","ecc_leaf_b_q_reg[23]/CE","other","FDCE=2;LUT5=2;LUT6=3"
55,0.928,5.000,3.861,1.085,2.776,0.719,5,"a_q_reg[13]/C","ecc_leaf_b_q_reg[24]/CE","other","FDCE=2;LUT5=2;LUT6=3"
56,0.928,5.000,3.861,1.085,2.776,0.719,5,"a_q_reg[13]/C","ecc_leaf_b_q_reg[25]/CE","other","FDCE=2;LUT5=2;LUT6=3"
57,0.928,5.000,3.861,1.085,2.776,0.719,5,"a_q_reg[13]/C","ecc_leaf_b_q_reg[26]/CE","other","FDCE=2;LUT5=2;LUT6=3"
58,0.928,5.000,3.861,1.085,2.776,0.719,5,"a_q_reg[13]/C","ecc_leaf_b_q_reg[27]/CE","other","FDCE=2;LUT5=2;LUT6=3"
59,0.928,5.000,3.861,1.085,2.776,0.719,5,"a_q_reg[13]/C","ecc_leaf_b_q_reg[28]/CE","other","FDCE=2;LUT5=2;LUT6=3"
60,0.928,5.000,3.861,1.085,2.776,0.719,5,"a_q_reg[13]/C","ecc_leaf_b_q_reg[29]/CE","other","FDCE=2;LUT5=2;LUT6=3"
61,0.928,5.000,3.861,1.085,2.776,0.719,5,"a_q_reg[13]/C","ecc_leaf_b_q_reg[2]/CE","other","FDCE=2;LUT5=2;LUT6=3"
62,0.928,5.000,3.861,1.085,2.776,0.719,5,"a_q_reg[13]/C","ecc_leaf_b_q_reg[30]/CE","other","FDCE=2;LUT5=2;LUT6=3"
63,0.928,5.000,3.861,1.085,2.776,0.719,5,"a_q_reg[13]/C","ecc_leaf_b_q_reg[31]/CE","other","FDCE=2;LUT5=2;LUT6=3"
64,0.928,5.000,3.861,1.085,2.776,0.719,5,"a_q_reg[13]/C","ecc_leaf_b_q_reg[3]/CE","other","FDCE=2;LUT5=2;LUT6=3"
65,0.928,5.000,3.861,1.085,2.776,0.719,5,"a_q_reg[13]/C","ecc_leaf_b_q_reg[4]/CE","other","FDCE=2;LUT5=2;LUT6=3"
66,0.928,5.000,3.861,1.085,2.776,0.719,5,"a_q_reg[13]/C","ecc_leaf_b_q_reg[5]/CE","other","FDCE=2;LUT5=2;LUT6=3"
67,0.928,5.000,3.861,1.085,2.776,0.719,5,"a_q_reg[13]/C","ecc_leaf_b_q_reg[6]/CE","other","FDCE=2;LUT5=2;LUT6=3"
68,0.928,5.000,3.861,1.085,2.776,0.719,5,"a_q_reg[13]/C","ecc_leaf_b_q_reg[7]/CE","other","FDCE=2;LUT5=2;LUT6=3"
69,0.928,5.000,3.861,1.085,2.776,0.719,5,"a_q_reg[13]/C","ecc_leaf_b_q_reg[8]/CE","other","FDCE=2;LUT5=2;LUT6=3"
70,0.928,5.000,3.861,1.085,2.776,0.719,5,"a_q_reg[13]/C","ecc_leaf_b_q_reg[9]/CE","other","FDCE=2;LUT5=2;LUT6=3"
71,0.971,5.000,3.818,1.085,2.733,0.716,5,"a_q_reg[13]/C","ecc_leaf_id_q_reg[0]/CE","other","FDCE=2;LUT5=1;LUT6=4"
72,0.971,5.000,3.818,1.085,2.733,0.716,5,"a_q_reg[13]/C","ecc_leaf_id_q_reg[1]/CE","other","FDCE=2;LUT5=1;LUT6=4"
73,0.971,5.000,3.818,1.085,2.733,0.716,5,"a_q_reg[13]/C","ecc_leaf_id_q_reg[2]/CE","other","FDCE=2;LUT5=1;LUT6=4"
74,0.971,5.000,3.818,1.085,2.733,0.716,5,"a_q_reg[13]/C","ecc_leaf_id_q_reg[3]/CE","other","FDCE=2;LUT5=1;LUT6=4"
75,0.971,5.000,3.818,1.085,2.733,0.716,5,"a_q_reg[13]/C","ecc_leaf_id_q_reg[4]/CE","other","FDCE=2;LUT5=1;LUT6=4"
76,1.128,5.000,3.869,1.000,2.869,0.742,4,"gen_lane[0].i_p2_pop_slice/bool_result_q_reg[17]/C","gen_lane[0].i_p2_pop_slice/popcount_part_q_o_reg[0][1]/D","P2 popcount capture","FDCE=2;LUT3=1;LUT5=2;LUT6=1"
77,1.128,5.000,3.869,1.000,2.869,0.742,4,"gen_lane[0].i_p2_pop_slice/bool_result_q_reg[49]/C","gen_lane[0].i_p2_pop_slice/popcount_part_q_o_reg[1][1]/D","P2 popcount capture","FDCE=2;LUT3=1;LUT5=2;LUT6=1"
78,1.128,5.000,3.869,1.000,2.869,0.742,4,"gen_lane[1].i_p2_pop_slice/bool_result_q_reg[17]/C","gen_lane[1].i_p2_pop_slice/popcount_part_q_o_reg[0][1]/D","P2 popcount capture","FDCE=2;LUT3=1;LUT5=2;LUT6=1"
79,1.128,5.000,3.869,1.000,2.869,0.742,4,"gen_lane[1].i_p2_pop_slice/bool_result_q_reg[49]/C","gen_lane[1].i_p2_pop_slice/popcount_part_q_o_reg[1][1]/D","P2 popcount capture","FDCE=2;LUT3=1;LUT5=2;LUT6=1"
80,1.128,5.000,3.869,1.000,2.869,0.742,4,"gen_lane[2].i_p2_pop_slice/bool_result_q_reg[17]/C","gen_lane[2].i_p2_pop_slice/popcount_part_q_o_reg[0][1]/D","P2 popcount capture","FDCE=2;LUT3=1;LUT5=2;LUT6=1"
81,1.128,5.000,3.869,1.000,2.869,0.742,4,"gen_lane[2].i_p2_pop_slice/bool_result_q_reg[49]/C","gen_lane[2].i_p2_pop_slice/popcount_part_q_o_reg[1][1]/D","P2 popcount capture","FDCE=2;LUT3=1;LUT5=2;LUT6=1"
82,1.128,5.000,3.869,1.000,2.869,0.742,4,"gen_lane[3].i_p2_pop_slice/bool_result_q_reg[17]/C","gen_lane[3].i_p2_pop_slice/popcount_part_q_o_reg[0][1]/D","P2 popcount capture","FDCE=2;LUT3=1;LUT5=2;LUT6=1"
83,1.128,5.000,3.869,1.000,2.869,0.742,4,"gen_lane[3].i_p2_pop_slice/bool_result_q_reg[49]/C","gen_lane[3].i_p2_pop_slice/popcount_part_q_o_reg[1][1]/D","P2 popcount capture","FDCE=2;LUT3=1;LUT5=2;LUT6=1"
84,1.154,5.000,3.843,1.659,2.184,0.568,5,"a_q_reg[8]/C","st_q_reg[2]/D","TOP control","CARRY4=1;FDCE=2;LUT4=1;LUT6=3"
85,1.154,5.000,3.843,1.659,2.184,0.568,5,"a_q_reg[8]/C","st_q_reg[2]_rep/D","TOP control","CARRY4=1;FDCE=2;LUT4=1;LUT6=3"
86,1.154,5.000,3.843,1.659,2.184,0.568,5,"a_q_reg[8]/C","st_q_reg[2]_rep__0/D","TOP control","CARRY4=1;FDCE=2;LUT4=1;LUT6=3"
87,1.154,5.000,3.843,1.659,2.184,0.568,5,"a_q_reg[8]/C","st_q_reg[2]_rep__1/D","TOP control","CARRY4=1;FDCE=2;LUT4=1;LUT6=3"
88,1.154,5.000,3.843,1.659,2.184,0.568,5,"a_q_reg[8]/C","st_q_reg[3]/D","TOP control","CARRY4=1;FDCE=2;LUT4=1;LUT6=3"
89,1.154,5.000,3.843,1.659,2.184,0.568,5,"a_q_reg[8]/C","st_q_reg[3]_rep/D","TOP control","CARRY4=1;FDCE=2;LUT4=1;LUT6=3"
90,1.154,5.000,3.843,1.659,2.184,0.568,5,"a_q_reg[8]/C","st_q_reg[3]_rep__0/D","TOP control","CARRY4=1;FDCE=2;LUT4=1;LUT6=3"
91,1.154,5.000,3.843,1.659,2.184,0.568,5,"a_q_reg[8]/C","st_q_reg[3]_rep__1/D","TOP control","CARRY4=1;FDCE=2;LUT4=1;LUT6=3"
92,1.154,5.000,3.843,1.659,2.184,0.568,5,"a_q_reg[8]/C","st_q_reg[3]_rep__2/D","TOP control","CARRY4=1;FDCE=2;LUT4=1;LUT6=3"
93,1.195,5.000,3.802,1.659,2.143,0.564,5,"a_q_reg[8]/C","res_q_reg[1]/D","scalar response","CARRY4=1;FDCE=2;LUT4=1;LUT6=3"
94,1.243,5.000,3.510,1.085,2.425,0.691,5,"ecc_fold_word_q_reg[0]_rep/C","ecc_product_even_reg_0_3_0_0/SP/I","other","FDCE=1;LUT3=1;LUT6=4;RAMS32=1"
95,1.243,5.000,3.510,1.085,2.425,0.691,5,"ecc_fold_word_q_reg[0]_rep/C","ecc_product_even_reg_0_3_10_10/SP/I","other","FDCE=1;LUT3=1;LUT6=4;RAMS32=1"
96,1.243,5.000,3.510,1.085,2.425,0.691,5,"ecc_fold_word_q_reg[0]_rep/C","ecc_product_even_reg_0_3_11_11/SP/I","other","FDCE=1;LUT3=1;LUT6=4;RAMS32=1"
97,1.243,5.000,3.510,1.085,2.425,0.691,5,"ecc_fold_word_q_reg[0]_rep/C","ecc_product_even_reg_0_3_12_12/SP/I","other","FDCE=1;LUT3=1;LUT6=4;RAMS32=1"
98,1.243,5.000,3.510,1.085,2.425,0.691,5,"ecc_fold_word_q_reg[0]_rep/C","ecc_product_even_reg_0_3_13_13/SP/I","other","FDCE=1;LUT3=1;LUT6=4;RAMS32=1"
99,1.243,5.000,3.510,1.085,2.425,0.691,5,"ecc_fold_word_q_reg[0]_rep/C","ecc_product_even_reg_0_3_14_14/SP/I","other","FDCE=1;LUT3=1;LUT6=4;RAMS32=1"
100,1.243,5.000,3.510,1.085,2.425,0.691,5,"ecc_fold_word_q_reg[0]_rep/C","ecc_product_even_reg_0_3_15_15/SP/I","other","FDCE=1;LUT3=1;LUT6=4;RAMS32=1"
101,1.243,5.000,3.510,1.085,2.425,0.691,5,"ecc_fold_word_q_reg[0]_rep/C","ecc_product_even_reg_0_3_16_16/SP/I","other","FDCE=1;LUT3=1;LUT6=4;RAMS32=1"
102,1.243,5.000,3.510,1.085,2.425,0.691,5,"ecc_fold_word_q_reg[0]_rep/C","ecc_product_even_reg_0_3_17_17/SP/I","other","FDCE=1;LUT3=1;LUT6=4;RAMS32=1"
103,1.243,5.000,3.510,1.085,2.425,0.691,5,"ecc_fold_word_q_reg[0]_rep/C","ecc_product_even_reg_0_3_18_18/SP/I","other","FDCE=1;LUT3=1;LUT6=4;RAMS32=1"
104,1.243,5.000,3.510,1.085,2.425,0.691,5,"ecc_fold_word_q_reg[0]_rep/C","ecc_product_even_reg_0_3_19_19/SP/I","other","FDCE=1;LUT3=1;LUT6=4;RAMS32=1"
105,1.243,5.000,3.510,1.085,2.425,0.691,5,"ecc_fold_word_q_reg[0]_rep/C","ecc_product_even_reg_0_3_1_1/SP/I","other","FDCE=1;LUT3=1;LUT6=4;RAMS32=1"
106,1.243,5.000,3.510,1.085,2.425,0.691,5,"ecc_fold_word_q_reg[0]_rep/C","ecc_product_even_reg_0_3_20_20/SP/I","other","FDCE=1;LUT3=1;LUT6=4;RAMS32=1"
107,1.243,5.000,3.510,1.085,2.425,0.691,5,"ecc_fold_word_q_reg[0]_rep/C","ecc_product_even_reg_0_3_21_21/SP/I","other","FDCE=1;LUT3=1;LUT6=4;RAMS32=1"
108,1.243,5.000,3.510,1.085,2.425,0.691,5,"ecc_fold_word_q_reg[0]_rep/C","ecc_product_even_reg_0_3_22_22/SP/I","other","FDCE=1;LUT3=1;LUT6=4;RAMS32=1"
109,1.243,5.000,3.510,1.085,2.425,0.691,5,"ecc_fold_word_q_reg[0]_rep/C","ecc_product_even_reg_0_3_23_23/SP/I","other","FDCE=1;LUT3=1;LUT6=4;RAMS32=1"
110,1.243,5.000,3.510,1.085,2.425,0.691,5,"ecc_fold_word_q_reg[0]_rep/C","ecc_product_even_reg_0_3_24_24/SP/I","other","FDCE=1;LUT3=1;LUT6=4;RAMS32=1"
111,1.243,5.000,3.510,1.085,2.425,0.691,5,"ecc_fold_word_q_reg[0]_rep/C","ecc_product_even_reg_0_3_25_25/SP/I","other","FDCE=1;LUT3=1;LUT6=4;RAMS32=1"
112,1.243,5.000,3.510,1.085,2.425,0.691,5,"ecc_fold_word_q_reg[0]_rep/C","ecc_product_even_reg_0_3_26_26/SP/I","other","FDCE=1;LUT3=1;LUT6=4;RAMS32=1"
113,1.243,5.000,3.510,1.085,2.425,0.691,5,"ecc_fold_word_q_reg[0]_rep/C","ecc_product_even_reg_0_3_27_27/SP/I","other","FDCE=1;LUT3=1;LUT6=4;RAMS32=1"
114,1.243,5.000,3.510,1.085,2.425,0.691,5,"ecc_fold_word_q_reg[0]_rep/C","ecc_product_even_reg_0_3_28_28/SP/I","other","FDCE=1;LUT3=1;LUT6=4;RAMS32=1"
115,1.243,5.000,3.510,1.085,2.425,0.691,5,"ecc_fold_word_q_reg[0]_rep/C","ecc_product_even_reg_0_3_29_29/SP/I","other","FDCE=1;LUT3=1;LUT6=4;RAMS32=1"
116,1.243,5.000,3.510,1.085,2.425,0.691,5,"ecc_fold_word_q_reg[0]_rep/C","ecc_product_even_reg_0_3_2_2/SP/I","other","FDCE=1;LUT3=1;LUT6=4;RAMS32=1"
117,1.243,5.000,3.510,1.085,2.425,0.691,5,"ecc_fold_word_q_reg[0]_rep/C","ecc_product_even_reg_0_3_30_30/SP/I","other","FDCE=1;LUT3=1;LUT6=4;RAMS32=1"
118,1.243,5.000,3.510,1.085,2.425,0.691,5,"ecc_fold_word_q_reg[0]_rep/C","ecc_product_even_reg_0_3_31_31/SP/I","other","FDCE=1;LUT3=1;LUT4=1;LUT6=3;RAMS32=1"
119,1.243,5.000,3.510,1.085,2.425,0.691,5,"ecc_fold_word_q_reg[0]_rep/C","ecc_product_even_reg_0_3_32_32/SP/I","other","FDCE=1;LUT3=1;LUT6=4;RAMS32=1"
120,1.243,5.000,3.510,1.085,2.425,0.691,5,"ecc_fold_word_q_reg[0]_rep/C","ecc_product_even_reg_0_3_33_33/SP/I","other","FDCE=1;LUT3=1;LUT6=4;RAMS32=1"
121,1.243,5.000,3.510,1.085,2.425,0.691,5,"ecc_fold_word_q_reg[0]_rep/C","ecc_product_even_reg_0_3_34_34/SP/I","other","FDCE=1;LUT3=1;LUT6=4;RAMS32=1"
122,1.243,5.000,3.510,1.085,2.425,0.691,5,"ecc_fold_word_q_reg[0]_rep/C","ecc_product_even_reg_0_3_35_35/SP/I","other","FDCE=1;LUT3=1;LUT6=4;RAMS32=1"
123,1.243,5.000,3.510,1.085,2.425,0.691,5,"ecc_fold_word_q_reg[0]_rep/C","ecc_product_even_reg_0_3_36_36/SP/I","other","FDCE=1;LUT3=1;LUT6=4;RAMS32=1"
124,1.243,5.000,3.510,1.085,2.425,0.691,5,"ecc_fold_word_q_reg[0]_rep/C","ecc_product_even_reg_0_3_37_37/SP/I","other","FDCE=1;LUT3=1;LUT6=4;RAMS32=1"
125,1.243,5.000,3.510,1.085,2.425,0.691,5,"ecc_fold_word_q_reg[0]_rep/C","ecc_product_even_reg_0_3_38_38/SP/I","other","FDCE=1;LUT3=1;LUT6=4;RAMS32=1"
126,1.243,5.000,3.510,1.085,2.425,0.691,5,"ecc_fold_word_q_reg[0]_rep/C","ecc_product_even_reg_0_3_39_39/SP/I","other","FDCE=1;LUT3=1;LUT6=4;RAMS32=1"
127,1.243,5.000,3.510,1.085,2.425,0.691,5,"ecc_fold_word_q_reg[0]_rep/C","ecc_product_even_reg_0_3_3_3/SP/I","other","FDCE=1;LUT3=1;LUT6=4;RAMS32=1"
128,1.243,5.000,3.510,1.085,2.425,0.691,5,"ecc_fold_word_q_reg[0]_rep/C","ecc_product_even_reg_0_3_40_40/SP/I","other","FDCE=1;LUT3=1;LUT6=4;RAMS32=1"
129,1.243,5.000,3.510,1.085,2.425,0.691,5,"ecc_fold_word_q_reg[0]_rep/C","ecc_product_even_reg_0_3_41_41/SP/I","other","FDCE=1;LUT3=1;LUT6=4;RAMS32=1"
130,1.243,5.000,3.510,1.085,2.425,0.691,5,"ecc_fold_word_q_reg[0]_rep/C","ecc_product_even_reg_0_3_42_42/SP/I","other","FDCE=1;LUT3=1;LUT6=4;RAMS32=1"
131,1.243,5.000,3.510,1.085,2.425,0.691,5,"ecc_fold_word_q_reg[0]_rep/C","ecc_product_even_reg_0_3_43_43/SP/I","other","FDCE=1;LUT3=1;LUT6=4;RAMS32=1"
132,1.243,5.000,3.510,1.085,2.425,0.691,5,"ecc_fold_word_q_reg[0]_rep/C","ecc_product_even_reg_0_3_44_44/SP/I","other","FDCE=1;LUT3=1;LUT6=4;RAMS32=1"
133,1.243,5.000,3.510,1.085,2.425,0.691,5,"ecc_fold_word_q_reg[0]_rep/C","ecc_product_even_reg_0_3_45_45/SP/I","other","FDCE=1;LUT3=1;LUT6=4;RAMS32=1"
134,1.243,5.000,3.510,1.085,2.425,0.691,5,"ecc_fold_word_q_reg[0]_rep/C","ecc_product_even_reg_0_3_46_46/SP/I","other","FDCE=1;LUT3=1;LUT6=4;RAMS32=1"
135,1.243,5.000,3.510,1.085,2.425,0.691,5,"ecc_fold_word_q_reg[0]_rep/C","ecc_product_even_reg_0_3_47_47/SP/I","other","FDCE=1;LUT3=1;LUT6=4;RAMS32=1"
136,1.243,5.000,3.510,1.085,2.425,0.691,5,"ecc_fold_word_q_reg[0]_rep/C","ecc_product_even_reg_0_3_48_48/SP/I","other","FDCE=1;LUT3=1;LUT6=4;RAMS32=1"
137,1.243,5.000,3.510,1.085,2.425,0.691,5,"ecc_fold_word_q_reg[0]_rep/C","ecc_product_even_reg_0_3_49_49/SP/I","other","FDCE=1;LUT3=1;LUT6=4;RAMS32=1"
138,1.243,5.000,3.510,1.085,2.425,0.691,5,"ecc_fold_word_q_reg[0]_rep/C","ecc_product_even_reg_0_3_4_4/SP/I","other","FDCE=1;LUT3=1;LUT6=4;RAMS32=1"
139,1.243,5.000,3.510,1.085,2.425,0.691,5,"ecc_fold_word_q_reg[0]_rep/C","ecc_product_even_reg_0_3_50_50/SP/I","other","FDCE=1;LUT3=1;LUT6=4;RAMS32=1"
140,1.243,5.000,3.510,1.085,2.425,0.691,5,"ecc_fold_word_q_reg[0]_rep/C","ecc_product_even_reg_0_3_51_51/SP/I","other","FDCE=1;LUT3=1;LUT6=4;RAMS32=1"
141,1.243,5.000,3.510,1.085,2.425,0.691,5,"ecc_fold_word_q_reg[0]_rep/C","ecc_product_even_reg_0_3_52_52/SP/I","other","FDCE=1;LUT3=1;LUT6=4;RAMS32=1"
142,1.243,5.000,3.510,1.085,2.425,0.691,5,"ecc_fold_word_q_reg[0]_rep/C","ecc_product_even_reg_0_3_53_53/SP/I","other","FDCE=1;LUT3=1;LUT6=4;RAMS32=1"
143,1.243,5.000,3.510,1.085,2.425,0.691,5,"ecc_fold_word_q_reg[0]_rep/C","ecc_product_even_reg_0_3_54_54/SP/I","other","FDCE=1;LUT3=1;LUT6=4;RAMS32=1"
144,1.243,5.000,3.510,1.085,2.425,0.691,5,"ecc_fold_word_q_reg[0]_rep/C","ecc_product_even_reg_0_3_55_55/SP/I","other","FDCE=1;LUT3=1;LUT6=4;RAMS32=1"
145,1.243,5.000,3.510,1.085,2.425,0.691,5,"ecc_fold_word_q_reg[0]_rep/C","ecc_product_even_reg_0_3_56_56/SP/I","other","FDCE=1;LUT3=1;LUT6=4;RAMS32=1"
146,1.243,5.000,3.510,1.085,2.425,0.691,5,"ecc_fold_word_q_reg[0]_rep/C","ecc_product_even_reg_0_3_57_57/SP/I","other","FDCE=1;LUT3=1;LUT6=4;RAMS32=1"
147,1.243,5.000,3.510,1.085,2.425,0.691,5,"ecc_fold_word_q_reg[0]_rep/C","ecc_product_even_reg_0_3_58_58/SP/I","other","FDCE=1;LUT3=1;LUT6=4;RAMS32=1"
148,1.243,5.000,3.510,1.085,2.425,0.691,5,"ecc_fold_word_q_reg[0]_rep/C","ecc_product_even_reg_0_3_59_59/SP/I","other","FDCE=1;LUT3=1;LUT6=4;RAMS32=1"
149,1.243,5.000,3.510,1.085,2.425,0.691,5,"ecc_fold_word_q_reg[0]_rep/C","ecc_product_even_reg_0_3_5_5/SP/I","other","FDCE=1;LUT3=1;LUT6=4;RAMS32=1"
150,1.243,5.000,3.510,1.085,2.425,0.691,5,"ecc_fold_word_q_reg[0]_rep/C","ecc_product_even_reg_0_3_60_60/SP/I","other","FDCE=1;LUT3=1;LUT6=4;RAMS32=1"
151,1.243,5.000,3.510,1.085,2.425,0.691,5,"ecc_fold_word_q_reg[0]_rep/C","ecc_product_even_reg_0_3_61_61/SP/I","other","FDCE=1;LUT3=1;LUT6=4;RAMS32=1"
152,1.243,5.000,3.510,1.085,2.425,0.691,5,"ecc_fold_word_q_reg[0]_rep/C","ecc_product_even_reg_0_3_62_62/SP/I","other","FDCE=1;LUT3=1;LUT6=4;RAMS32=1"
153,1.243,5.000,3.510,1.085,2.425,0.691,5,"ecc_fold_word_q_reg[0]_rep/C","ecc_product_even_reg_0_3_6_6/SP/I","other","FDCE=1;LUT3=1;LUT6=4;RAMS32=1"
154,1.243,5.000,3.510,1.085,2.425,0.691,5,"ecc_fold_word_q_reg[0]_rep/C","ecc_product_even_reg_0_3_7_7/SP/I","other","FDCE=1;LUT3=1;LUT6=4;RAMS32=1"
155,1.243,5.000,3.510,1.085,2.425,0.691,5,"ecc_fold_word_q_reg[0]_rep/C","ecc_product_even_reg_0_3_8_8/SP/I","other","FDCE=1;LUT3=1;LUT6=4;RAMS32=1"
156,1.243,5.000,3.510,1.085,2.425,0.691,5,"ecc_fold_word_q_reg[0]_rep/C","ecc_product_even_reg_0_3_9_9/SP/I","other","FDCE=1;LUT3=1;LUT6=4;RAMS32=1"
157,1.243,5.000,3.510,1.085,2.425,0.691,5,"ecc_fold_word_q_reg[0]_rep/C","ecc_product_odd_reg_0_3_0_0/SP/I","other","FDCE=1;LUT3=1;LUT6=4;RAMS32=1"
158,1.243,5.000,3.510,1.085,2.425,0.691,5,"ecc_fold_word_q_reg[0]_rep/C","ecc_product_odd_reg_0_3_10_10/SP/I","other","FDCE=1;LUT3=1;LUT6=4;RAMS32=1"
159,1.243,5.000,3.510,1.085,2.425,0.691,5,"ecc_fold_word_q_reg[0]_rep/C","ecc_product_odd_reg_0_3_11_11/SP/I","other","FDCE=1;LUT3=1;LUT6=4;RAMS32=1"
160,1.243,5.000,3.510,1.085,2.425,0.691,5,"ecc_fold_word_q_reg[0]_rep/C","ecc_product_odd_reg_0_3_12_12/SP/I","other","FDCE=1;LUT3=1;LUT6=4;RAMS32=1"
161,1.243,5.000,3.510,1.085,2.425,0.691,5,"ecc_fold_word_q_reg[0]_rep/C","ecc_product_odd_reg_0_3_13_13/SP/I","other","FDCE=1;LUT3=1;LUT6=4;RAMS32=1"
162,1.243,5.000,3.510,1.085,2.425,0.691,5,"ecc_fold_word_q_reg[0]_rep/C","ecc_product_odd_reg_0_3_14_14/SP/I","other","FDCE=1;LUT3=1;LUT6=4;RAMS32=1"
163,1.243,5.000,3.510,1.085,2.425,0.691,5,"ecc_fold_word_q_reg[0]_rep/C","ecc_product_odd_reg_0_3_15_15/SP/I","other","FDCE=1;LUT3=1;LUT6=4;RAMS32=1"
164,1.243,5.000,3.510,1.085,2.425,0.691,5,"ecc_fold_word_q_reg[0]_rep/C","ecc_product_odd_reg_0_3_16_16/SP/I","other","FDCE=1;LUT3=1;LUT6=4;RAMS32=1"
165,1.243,5.000,3.510,1.085,2.425,0.691,5,"ecc_fold_word_q_reg[0]_rep/C","ecc_product_odd_reg_0_3_17_17/SP/I","other","FDCE=1;LUT3=1;LUT6=4;RAMS32=1"
166,1.243,5.000,3.510,1.085,2.425,0.691,5,"ecc_fold_word_q_reg[0]_rep/C","ecc_product_odd_reg_0_3_18_18/SP/I","other","FDCE=1;LUT3=1;LUT6=4;RAMS32=1"
167,1.243,5.000,3.510,1.085,2.425,0.691,5,"ecc_fold_word_q_reg[0]_rep/C","ecc_product_odd_reg_0_3_19_19/SP/I","other","FDCE=1;LUT3=1;LUT6=4;RAMS32=1"
168,1.243,5.000,3.510,1.085,2.425,0.691,5,"ecc_fold_word_q_reg[0]_rep/C","ecc_product_odd_reg_0_3_1_1/SP/I","other","FDCE=1;LUT3=1;LUT6=4;RAMS32=1"
169,1.243,5.000,3.510,1.085,2.425,0.691,5,"ecc_fold_word_q_reg[0]_rep/C","ecc_product_odd_reg_0_3_20_20/SP/I","other","FDCE=1;LUT3=1;LUT6=4;RAMS32=1"
170,1.243,5.000,3.510,1.085,2.425,0.691,5,"ecc_fold_word_q_reg[0]_rep/C","ecc_product_odd_reg_0_3_21_21/SP/I","other","FDCE=1;LUT3=1;LUT6=4;RAMS32=1"
171,1.243,5.000,3.510,1.085,2.425,0.691,5,"ecc_fold_word_q_reg[0]_rep/C","ecc_product_odd_reg_0_3_22_22/SP/I","other","FDCE=1;LUT3=1;LUT6=4;RAMS32=1"
172,1.243,5.000,3.510,1.085,2.425,0.691,5,"ecc_fold_word_q_reg[0]_rep/C","ecc_product_odd_reg_0_3_23_23/SP/I","other","FDCE=1;LUT3=1;LUT6=4;RAMS32=1"
173,1.243,5.000,3.510,1.085,2.425,0.691,5,"ecc_fold_word_q_reg[0]_rep/C","ecc_product_odd_reg_0_3_24_24/SP/I","other","FDCE=1;LUT3=1;LUT6=4;RAMS32=1"
174,1.243,5.000,3.510,1.085,2.425,0.691,5,"ecc_fold_word_q_reg[0]_rep/C","ecc_product_odd_reg_0_3_25_25/SP/I","other","FDCE=1;LUT3=1;LUT6=4;RAMS32=1"
175,1.243,5.000,3.510,1.085,2.425,0.691,5,"ecc_fold_word_q_reg[0]_rep/C","ecc_product_odd_reg_0_3_26_26/SP/I","other","FDCE=1;LUT3=1;LUT6=4;RAMS32=1"
176,1.243,5.000,3.510,1.085,2.425,0.691,5,"ecc_fold_word_q_reg[0]_rep/C","ecc_product_odd_reg_0_3_27_27/SP/I","other","FDCE=1;LUT3=1;LUT6=4;RAMS32=1"
177,1.243,5.000,3.510,1.085,2.425,0.691,5,"ecc_fold_word_q_reg[0]_rep/C","ecc_product_odd_reg_0_3_28_28/SP/I","other","FDCE=1;LUT3=1;LUT6=4;RAMS32=1"
178,1.243,5.000,3.510,1.085,2.425,0.691,5,"ecc_fold_word_q_reg[0]_rep/C","ecc_product_odd_reg_0_3_29_29/SP/I","other","FDCE=1;LUT3=1;LUT6=4;RAMS32=1"
179,1.243,5.000,3.510,1.085,2.425,0.691,5,"ecc_fold_word_q_reg[0]_rep/C","ecc_product_odd_reg_0_3_2_2/SP/I","other","FDCE=1;LUT3=1;LUT6=4;RAMS32=1"
180,1.243,5.000,3.510,1.085,2.425,0.691,5,"ecc_fold_word_q_reg[0]_rep/C","ecc_product_odd_reg_0_3_30_30/SP/I","other","FDCE=1;LUT3=1;LUT6=4;RAMS32=1"
181,1.243,5.000,3.510,1.085,2.425,0.691,5,"ecc_fold_word_q_reg[0]_rep/C","ecc_product_odd_reg_0_3_31_31/SP/I","other","FDCE=1;LUT3=1;LUT4=1;LUT6=3;RAMS32=1"
182,1.243,5.000,3.510,1.085,2.425,0.691,5,"ecc_fold_word_q_reg[0]_rep/C","ecc_product_odd_reg_0_3_32_32/SP/I","other","FDCE=1;LUT3=1;LUT6=4;RAMS32=1"
183,1.243,5.000,3.510,1.085,2.425,0.691,5,"ecc_fold_word_q_reg[0]_rep/C","ecc_product_odd_reg_0_3_33_33/SP/I","other","FDCE=1;LUT3=1;LUT6=4;RAMS32=1"
184,1.243,5.000,3.510,1.085,2.425,0.691,5,"ecc_fold_word_q_reg[0]_rep/C","ecc_product_odd_reg_0_3_34_34/SP/I","other","FDCE=1;LUT3=1;LUT6=4;RAMS32=1"
185,1.243,5.000,3.510,1.085,2.425,0.691,5,"ecc_fold_word_q_reg[0]_rep/C","ecc_product_odd_reg_0_3_35_35/SP/I","other","FDCE=1;LUT3=1;LUT6=4;RAMS32=1"
186,1.243,5.000,3.510,1.085,2.425,0.691,5,"ecc_fold_word_q_reg[0]_rep/C","ecc_product_odd_reg_0_3_36_36/SP/I","other","FDCE=1;LUT3=1;LUT6=4;RAMS32=1"
187,1.243,5.000,3.510,1.085,2.425,0.691,5,"ecc_fold_word_q_reg[0]_rep/C","ecc_product_odd_reg_0_3_37_37/SP/I","other","FDCE=1;LUT3=1;LUT6=4;RAMS32=1"
188,1.243,5.000,3.510,1.085,2.425,0.691,5,"ecc_fold_word_q_reg[0]_rep/C","ecc_product_odd_reg_0_3_38_38/SP/I","other","FDCE=1;LUT3=1;LUT6=4;RAMS32=1"
189,1.243,5.000,3.510,1.085,2.425,0.691,5,"ecc_fold_word_q_reg[0]_rep/C","ecc_product_odd_reg_0_3_39_39/SP/I","other","FDCE=1;LUT3=1;LUT6=4;RAMS32=1"
190,1.243,5.000,3.510,1.085,2.425,0.691,5,"ecc_fold_word_q_reg[0]_rep/C","ecc_product_odd_reg_0_3_3_3/SP/I","other","FDCE=1;LUT3=1;LUT6=4;RAMS32=1"
191,1.243,5.000,3.510,1.085,2.425,0.691,5,"ecc_fold_word_q_reg[0]_rep/C","ecc_product_odd_reg_0_3_40_40/SP/I","other","FDCE=1;LUT3=1;LUT6=4;RAMS32=1"
192,1.243,5.000,3.510,1.085,2.425,0.691,5,"ecc_fold_word_q_reg[0]_rep/C","ecc_product_odd_reg_0_3_41_41/SP/I","other","FDCE=1;LUT3=1;LUT6=4;RAMS32=1"
193,1.243,5.000,3.510,1.085,2.425,0.691,5,"ecc_fold_word_q_reg[0]_rep/C","ecc_product_odd_reg_0_3_42_42/SP/I","other","FDCE=1;LUT3=1;LUT6=4;RAMS32=1"
194,1.243,5.000,3.510,1.085,2.425,0.691,5,"ecc_fold_word_q_reg[0]_rep/C","ecc_product_odd_reg_0_3_43_43/SP/I","other","FDCE=1;LUT3=1;LUT6=4;RAMS32=1"
195,1.243,5.000,3.510,1.085,2.425,0.691,5,"ecc_fold_word_q_reg[0]_rep/C","ecc_product_odd_reg_0_3_44_44/SP/I","other","FDCE=1;LUT3=1;LUT6=4;RAMS32=1"
196,1.243,5.000,3.510,1.085,2.425,0.691,5,"ecc_fold_word_q_reg[0]_rep/C","ecc_product_odd_reg_0_3_45_45/SP/I","other","FDCE=1;LUT3=1;LUT6=4;RAMS32=1"
197,1.243,5.000,3.510,1.085,2.425,0.691,5,"ecc_fold_word_q_reg[0]_rep/C","ecc_product_odd_reg_0_3_46_46/SP/I","other","FDCE=1;LUT3=1;LUT6=4;RAMS32=1"
198,1.243,5.000,3.510,1.085,2.425,0.691,5,"ecc_fold_word_q_reg[0]_rep/C","ecc_product_odd_reg_0_3_47_47/SP/I","other","FDCE=1;LUT3=1;LUT6=4;RAMS32=1"
199,1.243,5.000,3.510,1.085,2.425,0.691,5,"ecc_fold_word_q_reg[0]_rep/C","ecc_product_odd_reg_0_3_48_48/SP/I","other","FDCE=1;LUT3=1;LUT6=4;RAMS32=1"
200,1.243,5.000,3.510,1.085,2.425,0.691,5,"ecc_fold_word_q_reg[0]_rep/C","ecc_product_odd_reg_0_3_49_49/SP/I","other","FDCE=1;LUT3=1;LUT6=4;RAMS32=1"
201,1.243,5.000,3.510,1.085,2.425,0.691,5,"ecc_fold_word_q_reg[0]_rep/C","ecc_product_odd_reg_0_3_4_4/SP/I","other","FDCE=1;LUT3=1;LUT6=4;RAMS32=1"
202,1.243,5.000,3.510,1.085,2.425,0.691,5,"ecc_fold_word_q_reg[0]_rep/C","ecc_product_odd_reg_0_3_50_50/SP/I","other","FDCE=1;LUT3=1;LUT6=4;RAMS32=1"
203,1.243,5.000,3.510,1.085,2.425,0.691,5,"ecc_fold_word_q_reg[0]_rep/C","ecc_product_odd_reg_0_3_51_51/SP/I","other","FDCE=1;LUT3=1;LUT6=4;RAMS32=1"
204,1.243,5.000,3.510,1.085,2.425,0.691,5,"ecc_fold_word_q_reg[0]_rep/C","ecc_product_odd_reg_0_3_52_52/SP/I","other","FDCE=1;LUT3=1;LUT6=4;RAMS32=1"
205,1.243,5.000,3.510,1.085,2.425,0.691,5,"ecc_fold_word_q_reg[0]_rep/C","ecc_product_odd_reg_0_3_53_53/SP/I","other","FDCE=1;LUT3=1;LUT6=4;RAMS32=1"
206,1.243,5.000,3.510,1.085,2.425,0.691,5,"ecc_fold_word_q_reg[0]_rep/C","ecc_product_odd_reg_0_3_54_54/SP/I","other","FDCE=1;LUT3=1;LUT6=4;RAMS32=1"
207,1.243,5.000,3.510,1.085,2.425,0.691,5,"ecc_fold_word_q_reg[0]_rep/C","ecc_product_odd_reg_0_3_55_55/SP/I","other","FDCE=1;LUT3=1;LUT6=4;RAMS32=1"
208,1.243,5.000,3.510,1.085,2.425,0.691,5,"ecc_fold_word_q_reg[0]_rep/C","ecc_product_odd_reg_0_3_56_56/SP/I","other","FDCE=1;LUT3=1;LUT6=4;RAMS32=1"
209,1.243,5.000,3.510,1.085,2.425,0.691,5,"ecc_fold_word_q_reg[0]_rep/C","ecc_product_odd_reg_0_3_57_57/SP/I","other","FDCE=1;LUT3=1;LUT6=4;RAMS32=1"
210,1.243,5.000,3.510,1.085,2.425,0.691,5,"ecc_fold_word_q_reg[0]_rep/C","ecc_product_odd_reg_0_3_58_58/SP/I","other","FDCE=1;LUT3=1;LUT6=4;RAMS32=1"
211,1.243,5.000,3.510,1.085,2.425,0.691,5,"ecc_fold_word_q_reg[0]_rep/C","ecc_product_odd_reg_0_3_59_59/SP/I","other","FDCE=1;LUT3=1;LUT6=4;RAMS32=1"
212,1.243,5.000,3.510,1.085,2.425,0.691,5,"ecc_fold_word_q_reg[0]_rep/C","ecc_product_odd_reg_0_3_5_5/SP/I","other","FDCE=1;LUT3=1;LUT6=4;RAMS32=1"
213,1.243,5.000,3.510,1.085,2.425,0.691,5,"ecc_fold_word_q_reg[0]_rep/C","ecc_product_odd_reg_0_3_60_60/SP/I","other","FDCE=1;LUT3=1;LUT6=4;RAMS32=1"
214,1.243,5.000,3.510,1.085,2.425,0.691,5,"ecc_fold_word_q_reg[0]_rep/C","ecc_product_odd_reg_0_3_61_61/SP/I","other","FDCE=1;LUT3=1;LUT6=4;RAMS32=1"
215,1.243,5.000,3.510,1.085,2.425,0.691,5,"ecc_fold_word_q_reg[0]_rep/C","ecc_product_odd_reg_0_3_62_62/SP/I","other","FDCE=1;LUT3=1;LUT6=4;RAMS32=1"
216,1.243,5.000,3.510,1.085,2.425,0.691,5,"ecc_fold_word_q_reg[0]_rep/C","ecc_product_odd_reg_0_3_6_6/SP/I","other","FDCE=1;LUT3=1;LUT6=4;RAMS32=1"
217,1.243,5.000,3.510,1.085,2.425,0.691,5,"ecc_fold_word_q_reg[0]_rep/C","ecc_product_odd_reg_0_3_7_7/SP/I","other","FDCE=1;LUT3=1;LUT6=4;RAMS32=1"
218,1.243,5.000,3.510,1.085,2.425,0.691,5,"ecc_fold_word_q_reg[0]_rep/C","ecc_product_odd_reg_0_3_8_8/SP/I","other","FDCE=1;LUT3=1;LUT6=4;RAMS32=1"
219,1.243,5.000,3.510,1.085,2.425,0.691,5,"ecc_fold_word_q_reg[0]_rep/C","ecc_product_odd_reg_0_3_9_9/SP/I","other","FDCE=1;LUT3=1;LUT6=4;RAMS32=1"
220,1.342,5.000,3.655,1.105,2.550,0.698,5,"st_q_reg[3]_rep__1/C","uop_p0_q_reg[src1_addr][4]/D","TOP control","FDCE=2;LUT3=1;LUT6=4"
221,1.374,5.000,3.623,1.000,2.623,0.724,4,"hperm_lane_base_q_reg[0]/C","lane_result_q_reg[3][40]/D","P2 lane result capture","FDCE=2;LUT4=1;LUT6=3"
222,1.374,5.000,3.623,1.000,2.623,0.724,4,"hperm_lane_base_q_reg[0]_rep__1/C","lane_result_q_reg[3][45]/D","P2 lane result capture","FDCE=2;LUT4=1;LUT6=3"
223,1.374,5.000,3.623,1.000,2.623,0.724,4,"hperm_lane_base_q_reg[0]_rep__0/C","lane_result_q_reg[3][46]/D","P2 lane result capture","FDCE=2;LUT4=1;LUT6=3"
224,1.374,5.000,3.623,1.000,2.623,0.724,4,"hperm_lane_base_q_reg[0]_rep__0/C","lane_result_q_reg[3][50]/D","P2 lane result capture","FDCE=2;LUT4=1;LUT6=3"
225,1.374,5.000,3.623,1.000,2.623,0.724,4,"hperm_lane_base_q_reg[0]_rep__1/C","lane_result_q_reg[3][53]/D","P2 lane result capture","FDCE=2;LUT4=1;LUT6=3"
226,1.374,5.000,3.623,1.000,2.623,0.724,4,"hperm_lane_base_q_reg[0]_rep__1/C","lane_result_q_reg[3][57]/D","P2 lane result capture","FDCE=2;LUT4=1;LUT6=3"
227,1.374,5.000,3.623,1.000,2.623,0.724,4,"hperm_lane_base_q_reg[0]_rep/C","lane_result_q_reg[3][59]/D","P2 lane result capture","FDCE=2;LUT4=1;LUT5=1;LUT6=2"
228,1.374,5.000,3.623,1.000,2.623,0.724,4,"hperm_lane_base_q_reg[0]/C","lane_result_q_reg[3][60]/D","P2 lane result capture","FDCE=2;LUT4=1;LUT6=3"
229,1.374,5.000,3.623,1.000,2.623,0.724,4,"hperm_lane_base_q_reg[0]_rep__1/C","lane_result_q_reg[3][61]/D","P2 lane result capture","FDCE=2;LUT4=1;LUT6=3"
230,1.379,5.000,3.618,1.085,2.533,0.700,5,"st_q_reg[4]_rep/C","lane_result_q_reg[0][32]/D","P2 lane result capture","FDCE=2;LUT3=1;LUT6=4"
231,1.379,5.000,3.618,1.085,2.533,0.700,5,"st_q_reg[4]_rep/C","lane_result_q_reg[0][33]/D","P2 lane result capture","FDCE=2;LUT3=1;LUT6=4"
232,1.379,5.000,3.618,1.085,2.533,0.700,5,"st_q_reg[4]_rep/C","lane_result_q_reg[0][34]/D","P2 lane result capture","FDCE=2;LUT3=1;LUT6=4"
233,1.379,5.000,3.618,1.085,2.533,0.700,5,"st_q_reg[4]_rep/C","lane_result_q_reg[0][35]/D","P2 lane result capture","FDCE=2;LUT3=1;LUT5=1;LUT6=3"
234,1.379,5.000,3.618,1.085,2.533,0.700,5,"st_q_reg[4]_rep/C","lane_result_q_reg[0][36]/D","P2 lane result capture","FDCE=2;LUT3=1;LUT6=4"
235,1.379,5.000,3.618,1.085,2.533,0.700,5,"st_q_reg[4]_rep/C","lane_result_q_reg[0][37]/D","P2 lane result capture","FDCE=2;LUT3=1;LUT6=4"
236,1.379,5.000,3.618,1.085,2.533,0.700,5,"st_q_reg[4]_rep/C","lane_result_q_reg[0][38]/D","P2 lane result capture","FDCE=2;LUT3=1;LUT6=4"
237,1.379,5.000,3.618,1.085,2.533,0.700,5,"st_q_reg[4]_rep/C","lane_result_q_reg[0][39]/D","P2 lane result capture","FDCE=2;LUT3=1;LUT5=1;LUT6=3"
238,1.379,5.000,3.618,1.085,2.533,0.700,5,"st_q_reg[4]_rep/C","lane_result_q_reg[0][40]/D","P2 lane result capture","FDCE=2;LUT3=1;LUT6=4"
239,1.379,5.000,3.618,1.085,2.533,0.700,5,"st_q_reg[4]_rep/C","lane_result_q_reg[0][41]/D","P2 lane result capture","FDCE=2;LUT3=1;LUT6=4"
240,1.379,5.000,3.618,1.085,2.533,0.700,5,"st_q_reg[4]_rep/C","lane_result_q_reg[0][42]/D","P2 lane result capture","FDCE=2;LUT3=1;LUT6=4"
241,1.379,5.000,3.618,1.085,2.533,0.700,5,"st_q_reg[4]_rep/C","lane_result_q_reg[0][43]/D","P2 lane result capture","FDCE=2;LUT3=1;LUT5=1;LUT6=3"
242,1.379,5.000,3.618,1.085,2.533,0.700,5,"st_q_reg[4]_rep/C","lane_result_q_reg[0][44]/D","P2 lane result capture","FDCE=2;LUT3=1;LUT6=4"
243,1.379,5.000,3.618,1.085,2.533,0.700,5,"st_q_reg[4]_rep/C","lane_result_q_reg[0][45]/D","P2 lane result capture","FDCE=2;LUT3=1;LUT6=4"
244,1.379,5.000,3.618,1.085,2.533,0.700,5,"st_q_reg[4]_rep/C","lane_result_q_reg[0][46]/D","P2 lane result capture","FDCE=2;LUT3=1;LUT6=4"
245,1.379,5.000,3.618,1.085,2.533,0.700,5,"st_q_reg[4]_rep/C","lane_result_q_reg[0][47]/D","P2 lane result capture","FDCE=2;LUT3=1;LUT5=1;LUT6=3"
246,1.379,5.000,3.618,1.085,2.533,0.700,5,"st_q_reg[4]_rep/C","lane_result_q_reg[0][48]/D","P2 lane result capture","FDCE=2;LUT3=1;LUT6=4"
247,1.379,5.000,3.618,1.085,2.533,0.700,5,"st_q_reg[4]_rep/C","lane_result_q_reg[0][49]/D","P2 lane result capture","FDCE=2;LUT3=1;LUT6=4"
248,1.379,5.000,3.618,1.085,2.533,0.700,5,"st_q_reg[4]_rep/C","lane_result_q_reg[0][50]/D","P2 lane result capture","FDCE=2;LUT3=1;LUT6=4"
249,1.379,5.000,3.618,1.085,2.533,0.700,5,"st_q_reg[4]_rep/C","lane_result_q_reg[0][51]/D","P2 lane result capture","FDCE=2;LUT3=1;LUT5=1;LUT6=3"
250,1.379,5.000,3.618,1.085,2.533,0.700,5,"st_q_reg[4]_rep/C","lane_result_q_reg[0][52]/D","P2 lane result capture","FDCE=2;LUT3=1;LUT6=4"
251,1.379,5.000,3.618,1.085,2.533,0.700,5,"st_q_reg[4]_rep/C","lane_result_q_reg[0][53]/D","P2 lane result capture","FDCE=2;LUT3=1;LUT6=4"
252,1.379,5.000,3.618,1.085,2.533,0.700,5,"st_q_reg[4]_rep/C","lane_result_q_reg[0][54]/D","P2 lane result capture","FDCE=2;LUT3=1;LUT6=4"
253,1.379,5.000,3.618,1.085,2.533,0.700,5,"st_q_reg[4]_rep/C","lane_result_q_reg[0][55]/D","P2 lane result capture","FDCE=2;LUT3=1;LUT5=1;LUT6=3"
254,1.379,5.000,3.618,1.085,2.533,0.700,5,"st_q_reg[4]_rep/C","lane_result_q_reg[0][56]/D","P2 lane result capture","FDCE=2;LUT3=1;LUT6=4"
255,1.379,5.000,3.618,1.085,2.533,0.700,5,"st_q_reg[4]_rep/C","lane_result_q_reg[0][57]/D","P2 lane result capture","FDCE=2;LUT3=1;LUT6=4"
256,1.379,5.000,3.618,1.085,2.533,0.700,5,"st_q_reg[4]_rep/C","lane_result_q_reg[0][58]/D","P2 lane result capture","FDCE=2;LUT3=1;LUT6=4"
257,1.379,5.000,3.618,1.085,2.533,0.700,5,"st_q_reg[4]_rep/C","lane_result_q_reg[0][59]/D","P2 lane result capture","FDCE=2;LUT3=1;LUT5=1;LUT6=3"
258,1.379,5.000,3.618,1.085,2.533,0.700,5,"st_q_reg[4]_rep/C","lane_result_q_reg[0][60]/D","P2 lane result capture","FDCE=2;LUT3=1;LUT6=4"
259,1.379,5.000,3.618,1.085,2.533,0.700,5,"st_q_reg[4]_rep/C","lane_result_q_reg[0][61]/D","P2 lane result capture","FDCE=2;LUT3=1;LUT6=4"
260,1.379,5.000,3.618,1.085,2.533,0.700,5,"st_q_reg[4]_rep/C","lane_result_q_reg[0][62]/D","P2 lane result capture","FDCE=2;LUT3=1;LUT6=4"
261,1.379,5.000,3.618,1.085,2.533,0.700,5,"st_q_reg[4]_rep/C","lane_result_q_reg[0][63]/D","P2 lane result capture","FDCE=2;LUT3=1;LUT5=1;LUT6=3"
262,1.379,5.000,3.618,1.085,2.533,0.700,5,"st_q_reg[4]_rep/C","lane_result_q_reg[1][0]/D","P2 lane result capture","FDCE=2;LUT3=1;LUT6=4"
263,1.379,5.000,3.618,1.085,2.533,0.700,5,"st_q_reg[4]_rep/C","lane_result_q_reg[1][10]/D","P2 lane result capture","FDCE=2;LUT3=1;LUT6=4"
264,1.379,5.000,3.618,1.085,2.533,0.700,5,"st_q_reg[4]_rep/C","lane_result_q_reg[1][11]/D","P2 lane result capture","FDCE=2;LUT3=1;LUT5=1;LUT6=3"
265,1.379,5.000,3.618,1.085,2.533,0.700,5,"st_q_reg[4]_rep/C","lane_result_q_reg[1][12]/D","P2 lane result capture","FDCE=2;LUT3=1;LUT6=4"
266,1.379,5.000,3.618,1.085,2.533,0.700,5,"st_q_reg[4]_rep/C","lane_result_q_reg[1][13]/D","P2 lane result capture","FDCE=2;LUT3=1;LUT6=4"
267,1.379,5.000,3.618,1.085,2.533,0.700,5,"st_q_reg[4]_rep/C","lane_result_q_reg[1][14]/D","P2 lane result capture","FDCE=2;LUT3=1;LUT6=4"
268,1.379,5.000,3.618,1.085,2.533,0.700,5,"st_q_reg[4]_rep/C","lane_result_q_reg[1][15]/D","P2 lane result capture","FDCE=2;LUT3=1;LUT5=1;LUT6=3"
269,1.379,5.000,3.618,1.085,2.533,0.700,5,"st_q_reg[4]_rep/C","lane_result_q_reg[1][16]/D","P2 lane result capture","FDCE=2;LUT3=1;LUT6=4"
270,1.379,5.000,3.618,1.085,2.533,0.700,5,"st_q_reg[4]_rep/C","lane_result_q_reg[1][17]/D","P2 lane result capture","FDCE=2;LUT3=1;LUT6=4"
271,1.379,5.000,3.618,1.085,2.533,0.700,5,"st_q_reg[4]_rep/C","lane_result_q_reg[1][18]/D","P2 lane result capture","FDCE=2;LUT3=1;LUT6=4"
272,1.379,5.000,3.618,1.085,2.533,0.700,5,"st_q_reg[4]_rep/C","lane_result_q_reg[1][19]/D","P2 lane result capture","FDCE=2;LUT3=1;LUT5=1;LUT6=3"
273,1.379,5.000,3.618,1.085,2.533,0.700,5,"st_q_reg[4]_rep/C","lane_result_q_reg[1][1]/D","P2 lane result capture","FDCE=2;LUT3=1;LUT6=4"
274,1.379,5.000,3.618,1.085,2.533,0.700,5,"st_q_reg[4]_rep/C","lane_result_q_reg[1][20]/D","P2 lane result capture","FDCE=2;LUT3=1;LUT6=4"
275,1.379,5.000,3.618,1.085,2.533,0.700,5,"st_q_reg[4]_rep/C","lane_result_q_reg[1][21]/D","P2 lane result capture","FDCE=2;LUT3=1;LUT6=4"
276,1.379,5.000,3.618,1.085,2.533,0.700,5,"st_q_reg[4]_rep/C","lane_result_q_reg[1][22]/D","P2 lane result capture","FDCE=2;LUT3=1;LUT6=4"
277,1.379,5.000,3.618,1.085,2.533,0.700,5,"st_q_reg[4]_rep/C","lane_result_q_reg[1][23]/D","P2 lane result capture","FDCE=2;LUT3=1;LUT5=1;LUT6=3"
278,1.379,5.000,3.618,1.085,2.533,0.700,5,"st_q_reg[4]_rep/C","lane_result_q_reg[1][24]/D","P2 lane result capture","FDCE=2;LUT3=1;LUT6=4"
279,1.379,5.000,3.618,1.085,2.533,0.700,5,"st_q_reg[4]_rep/C","lane_result_q_reg[1][25]/D","P2 lane result capture","FDCE=2;LUT3=1;LUT6=4"
280,1.379,5.000,3.618,1.085,2.533,0.700,5,"st_q_reg[4]_rep/C","lane_result_q_reg[1][26]/D","P2 lane result capture","FDCE=2;LUT3=1;LUT6=4"
281,1.379,5.000,3.618,1.085,2.533,0.700,5,"st_q_reg[4]_rep/C","lane_result_q_reg[1][27]/D","P2 lane result capture","FDCE=2;LUT3=1;LUT5=1;LUT6=3"
282,1.379,5.000,3.618,1.085,2.533,0.700,5,"st_q_reg[4]_rep/C","lane_result_q_reg[1][28]/D","P2 lane result capture","FDCE=2;LUT3=1;LUT6=4"
283,1.379,5.000,3.618,1.085,2.533,0.700,5,"st_q_reg[4]_rep/C","lane_result_q_reg[1][29]/D","P2 lane result capture","FDCE=2;LUT3=1;LUT6=4"
284,1.379,5.000,3.618,1.085,2.533,0.700,5,"st_q_reg[4]_rep/C","lane_result_q_reg[1][2]/D","P2 lane result capture","FDCE=2;LUT3=1;LUT6=4"
285,1.379,5.000,3.618,1.085,2.533,0.700,5,"st_q_reg[4]_rep/C","lane_result_q_reg[1][30]/D","P2 lane result capture","FDCE=2;LUT3=1;LUT6=4"
286,1.379,5.000,3.618,1.085,2.533,0.700,5,"st_q_reg[4]_rep/C","lane_result_q_reg[1][31]/D","P2 lane result capture","FDCE=2;LUT3=1;LUT5=1;LUT6=3"
287,1.379,5.000,3.618,1.085,2.533,0.700,5,"st_q_reg[4]_rep/C","lane_result_q_reg[1][32]/D","P2 lane result capture","FDCE=2;LUT3=1;LUT6=4"
288,1.379,5.000,3.618,1.085,2.533,0.700,5,"st_q_reg[4]_rep/C","lane_result_q_reg[1][33]/D","P2 lane result capture","FDCE=2;LUT3=1;LUT6=4"
289,1.379,5.000,3.618,1.085,2.533,0.700,5,"st_q_reg[4]_rep/C","lane_result_q_reg[1][34]/D","P2 lane result capture","FDCE=2;LUT3=1;LUT6=4"
290,1.379,5.000,3.618,1.085,2.533,0.700,5,"st_q_reg[4]_rep/C","lane_result_q_reg[1][35]/D","P2 lane result capture","FDCE=2;LUT3=1;LUT5=1;LUT6=3"
291,1.379,5.000,3.618,1.085,2.533,0.700,5,"st_q_reg[4]_rep/C","lane_result_q_reg[1][36]/D","P2 lane result capture","FDCE=2;LUT3=1;LUT6=4"
292,1.379,5.000,3.618,1.085,2.533,0.700,5,"st_q_reg[4]_rep/C","lane_result_q_reg[1][37]/D","P2 lane result capture","FDCE=2;LUT3=1;LUT6=4"
293,1.379,5.000,3.618,1.085,2.533,0.700,5,"st_q_reg[4]_rep/C","lane_result_q_reg[1][38]/D","P2 lane result capture","FDCE=2;LUT3=1;LUT6=4"
294,1.379,5.000,3.618,1.085,2.533,0.700,5,"st_q_reg[4]_rep/C","lane_result_q_reg[1][39]/D","P2 lane result capture","FDCE=2;LUT3=1;LUT5=1;LUT6=3"
295,1.379,5.000,3.618,1.085,2.533,0.700,5,"st_q_reg[4]_rep/C","lane_result_q_reg[1][3]/D","P2 lane result capture","FDCE=2;LUT3=1;LUT5=1;LUT6=3"
296,1.379,5.000,3.618,1.085,2.533,0.700,5,"st_q_reg[4]_rep/C","lane_result_q_reg[1][40]/D","P2 lane result capture","FDCE=2;LUT3=1;LUT6=4"
297,1.379,5.000,3.618,1.085,2.533,0.700,5,"st_q_reg[4]_rep/C","lane_result_q_reg[1][41]/D","P2 lane result capture","FDCE=2;LUT3=1;LUT6=4"
298,1.379,5.000,3.618,1.085,2.533,0.700,5,"st_q_reg[4]_rep/C","lane_result_q_reg[1][42]/D","P2 lane result capture","FDCE=2;LUT3=1;LUT6=4"
299,1.379,5.000,3.618,1.085,2.533,0.700,5,"st_q_reg[4]_rep/C","lane_result_q_reg[1][43]/D","P2 lane result capture","FDCE=2;LUT3=1;LUT5=1;LUT6=3"
300,1.379,5.000,3.618,1.085,2.533,0.700,5,"st_q_reg[4]_rep/C","lane_result_q_reg[1][44]/D","P2 lane result capture","FDCE=2;LUT3=1;LUT6=4"
301,1.379,5.000,3.618,1.085,2.533,0.700,5,"st_q_reg[4]_rep/C","lane_result_q_reg[1][45]/D","P2 lane result capture","FDCE=2;LUT3=1;LUT6=4"
302,1.379,5.000,3.618,1.085,2.533,0.700,5,"st_q_reg[4]_rep/C","lane_result_q_reg[1][46]/D","P2 lane result capture","FDCE=2;LUT3=1;LUT6=4"
303,1.379,5.000,3.618,1.085,2.533,0.700,5,"st_q_reg[4]_rep/C","lane_result_q_reg[1][47]/D","P2 lane result capture","FDCE=2;LUT3=1;LUT5=1;LUT6=3"
304,1.379,5.000,3.618,1.085,2.533,0.700,5,"st_q_reg[4]_rep/C","lane_result_q_reg[1][48]/D","P2 lane result capture","FDCE=2;LUT3=1;LUT6=4"
305,1.379,5.000,3.618,1.085,2.533,0.700,5,"st_q_reg[4]_rep/C","lane_result_q_reg[1][49]/D","P2 lane result capture","FDCE=2;LUT3=1;LUT6=4"
306,1.379,5.000,3.618,1.085,2.533,0.700,5,"st_q_reg[4]_rep/C","lane_result_q_reg[1][4]/D","P2 lane result capture","FDCE=2;LUT3=1;LUT6=4"
307,1.379,5.000,3.618,1.085,2.533,0.700,5,"st_q_reg[4]_rep/C","lane_result_q_reg[1][50]/D","P2 lane result capture","FDCE=2;LUT3=1;LUT6=4"
308,1.379,5.000,3.618,1.085,2.533,0.700,5,"st_q_reg[4]_rep/C","lane_result_q_reg[1][51]/D","P2 lane result capture","FDCE=2;LUT3=1;LUT5=1;LUT6=3"
309,1.379,5.000,3.618,1.085,2.533,0.700,5,"st_q_reg[4]_rep/C","lane_result_q_reg[1][52]/D","P2 lane result capture","FDCE=2;LUT3=1;LUT6=4"
310,1.379,5.000,3.618,1.085,2.533,0.700,5,"st_q_reg[4]_rep/C","lane_result_q_reg[1][53]/D","P2 lane result capture","FDCE=2;LUT3=1;LUT6=4"
311,1.379,5.000,3.618,1.085,2.533,0.700,5,"st_q_reg[4]_rep/C","lane_result_q_reg[1][54]/D","P2 lane result capture","FDCE=2;LUT3=1;LUT6=4"
312,1.379,5.000,3.618,1.085,2.533,0.700,5,"st_q_reg[4]_rep/C","lane_result_q_reg[1][55]/D","P2 lane result capture","FDCE=2;LUT3=1;LUT5=1;LUT6=3"
313,1.379,5.000,3.618,1.085,2.533,0.700,5,"st_q_reg[4]_rep/C","lane_result_q_reg[1][56]/D","P2 lane result capture","FDCE=2;LUT3=1;LUT6=4"
314,1.379,5.000,3.618,1.085,2.533,0.700,5,"st_q_reg[4]_rep/C","lane_result_q_reg[1][57]/D","P2 lane result capture","FDCE=2;LUT3=1;LUT6=4"
315,1.379,5.000,3.618,1.085,2.533,0.700,5,"st_q_reg[4]_rep/C","lane_result_q_reg[1][58]/D","P2 lane result capture","FDCE=2;LUT3=1;LUT6=4"
316,1.379,5.000,3.618,1.085,2.533,0.700,5,"st_q_reg[4]_rep/C","lane_result_q_reg[1][59]/D","P2 lane result capture","FDCE=2;LUT3=1;LUT5=1;LUT6=3"
317,1.379,5.000,3.618,1.085,2.533,0.700,5,"st_q_reg[4]_rep/C","lane_result_q_reg[1][5]/D","P2 lane result capture","FDCE=2;LUT3=1;LUT6=4"
318,1.379,5.000,3.618,1.085,2.533,0.700,5,"st_q_reg[4]_rep/C","lane_result_q_reg[1][60]/D","P2 lane result capture","FDCE=2;LUT3=1;LUT6=4"
319,1.379,5.000,3.618,1.085,2.533,0.700,5,"st_q_reg[4]_rep/C","lane_result_q_reg[1][61]/D","P2 lane result capture","FDCE=2;LUT3=1;LUT6=4"
320,1.379,5.000,3.618,1.085,2.533,0.700,5,"st_q_reg[4]_rep/C","lane_result_q_reg[1][62]/D","P2 lane result capture","FDCE=2;LUT3=1;LUT6=4"
321,1.379,5.000,3.618,1.085,2.533,0.700,5,"st_q_reg[4]_rep/C","lane_result_q_reg[1][63]/D","P2 lane result capture","FDCE=2;LUT3=1;LUT5=1;LUT6=3"
322,1.379,5.000,3.618,1.085,2.533,0.700,5,"st_q_reg[4]_rep/C","lane_result_q_reg[1][6]/D","P2 lane result capture","FDCE=2;LUT3=1;LUT6=4"
323,1.379,5.000,3.618,1.085,2.533,0.700,5,"st_q_reg[4]_rep/C","lane_result_q_reg[1][7]/D","P2 lane result capture","FDCE=2;LUT3=1;LUT5=1;LUT6=3"
324,1.379,5.000,3.618,1.085,2.533,0.700,5,"st_q_reg[4]_rep/C","lane_result_q_reg[1][8]/D","P2 lane result capture","FDCE=2;LUT3=1;LUT6=4"
325,1.379,5.000,3.618,1.085,2.533,0.700,5,"st_q_reg[4]_rep/C","lane_result_q_reg[1][9]/D","P2 lane result capture","FDCE=2;LUT3=1;LUT6=4"
326,1.379,5.000,3.618,1.085,2.533,0.700,5,"st_q_reg[4]_rep/C","lane_result_q_reg[2][0]/D","P2 lane result capture","FDCE=2;LUT3=1;LUT6=4"
327,1.379,5.000,3.618,1.085,2.533,0.700,5,"st_q_reg[4]_rep/C","lane_result_q_reg[2][10]/D","P2 lane result capture","FDCE=2;LUT3=1;LUT6=4"
328,1.379,5.000,3.618,1.085,2.533,0.700,5,"st_q_reg[4]_rep/C","lane_result_q_reg[2][11]/D","P2 lane result capture","FDCE=2;LUT3=1;LUT5=1;LUT6=3"
329,1.379,5.000,3.618,1.085,2.533,0.700,5,"st_q_reg[4]_rep/C","lane_result_q_reg[2][12]/D","P2 lane result capture","FDCE=2;LUT3=1;LUT6=4"
330,1.379,5.000,3.618,1.085,2.533,0.700,5,"st_q_reg[4]_rep/C","lane_result_q_reg[2][13]/D","P2 lane result capture","FDCE=2;LUT3=1;LUT6=4"
331,1.379,5.000,3.618,1.085,2.533,0.700,5,"st_q_reg[4]_rep/C","lane_result_q_reg[2][14]/D","P2 lane result capture","FDCE=2;LUT3=1;LUT6=4"
332,1.379,5.000,3.618,1.085,2.533,0.700,5,"st_q_reg[4]_rep/C","lane_result_q_reg[2][15]/D","P2 lane result capture","FDCE=2;LUT3=1;LUT5=1;LUT6=3"
333,1.379,5.000,3.618,1.085,2.533,0.700,5,"st_q_reg[4]_rep/C","lane_result_q_reg[2][16]/D","P2 lane result capture","FDCE=2;LUT3=1;LUT6=4"
334,1.379,5.000,3.618,1.085,2.533,0.700,5,"st_q_reg[4]_rep/C","lane_result_q_reg[2][17]/D","P2 lane result capture","FDCE=2;LUT3=1;LUT6=4"
335,1.379,5.000,3.618,1.085,2.533,0.700,5,"st_q_reg[4]_rep/C","lane_result_q_reg[2][18]/D","P2 lane result capture","FDCE=2;LUT3=1;LUT6=4"
336,1.379,5.000,3.618,1.085,2.533,0.700,5,"st_q_reg[4]_rep/C","lane_result_q_reg[2][19]/D","P2 lane result capture","FDCE=2;LUT3=1;LUT5=1;LUT6=3"
337,1.379,5.000,3.618,1.085,2.533,0.700,5,"st_q_reg[4]_rep/C","lane_result_q_reg[2][1]/D","P2 lane result capture","FDCE=2;LUT3=1;LUT6=4"
338,1.379,5.000,3.618,1.085,2.533,0.700,5,"st_q_reg[4]_rep/C","lane_result_q_reg[2][20]/D","P2 lane result capture","FDCE=2;LUT3=1;LUT6=4"
339,1.379,5.000,3.618,1.085,2.533,0.700,5,"st_q_reg[4]_rep/C","lane_result_q_reg[2][21]/D","P2 lane result capture","FDCE=2;LUT3=1;LUT6=4"
340,1.379,5.000,3.618,1.085,2.533,0.700,5,"st_q_reg[4]_rep/C","lane_result_q_reg[2][22]/D","P2 lane result capture","FDCE=2;LUT3=1;LUT6=4"
341,1.379,5.000,3.618,1.085,2.533,0.700,5,"st_q_reg[4]_rep/C","lane_result_q_reg[2][23]/D","P2 lane result capture","FDCE=2;LUT3=1;LUT5=1;LUT6=3"
342,1.379,5.000,3.618,1.085,2.533,0.700,5,"st_q_reg[4]_rep/C","lane_result_q_reg[2][24]/D","P2 lane result capture","FDCE=2;LUT3=1;LUT6=4"
343,1.379,5.000,3.618,1.085,2.533,0.700,5,"st_q_reg[4]_rep/C","lane_result_q_reg[2][25]/D","P2 lane result capture","FDCE=2;LUT3=1;LUT6=4"
344,1.379,5.000,3.618,1.085,2.533,0.700,5,"st_q_reg[4]_rep/C","lane_result_q_reg[2][26]/D","P2 lane result capture","FDCE=2;LUT3=1;LUT6=4"
345,1.379,5.000,3.618,1.085,2.533,0.700,5,"st_q_reg[4]_rep/C","lane_result_q_reg[2][27]/D","P2 lane result capture","FDCE=2;LUT3=1;LUT5=1;LUT6=3"
346,1.379,5.000,3.618,1.085,2.533,0.700,5,"st_q_reg[4]_rep/C","lane_result_q_reg[2][28]/D","P2 lane result capture","FDCE=2;LUT3=1;LUT6=4"
347,1.379,5.000,3.618,1.085,2.533,0.700,5,"st_q_reg[4]_rep/C","lane_result_q_reg[2][29]/D","P2 lane result capture","FDCE=2;LUT3=1;LUT6=4"
348,1.379,5.000,3.618,1.085,2.533,0.700,5,"st_q_reg[4]_rep/C","lane_result_q_reg[2][2]/D","P2 lane result capture","FDCE=2;LUT3=1;LUT6=4"
349,1.379,5.000,3.618,1.085,2.533,0.700,5,"st_q_reg[4]_rep/C","lane_result_q_reg[2][30]/D","P2 lane result capture","FDCE=2;LUT3=1;LUT6=4"
350,1.379,5.000,3.618,1.085,2.533,0.700,5,"st_q_reg[4]_rep/C","lane_result_q_reg[2][31]/D","P2 lane result capture","FDCE=2;LUT3=1;LUT5=1;LUT6=3"
351,1.379,5.000,3.618,1.085,2.533,0.700,5,"st_q_reg[4]_rep/C","lane_result_q_reg[2][32]/D","P2 lane result capture","FDCE=2;LUT3=1;LUT6=4"
352,1.379,5.000,3.618,1.085,2.533,0.700,5,"st_q_reg[4]_rep/C","lane_result_q_reg[2][33]/D","P2 lane result capture","FDCE=2;LUT3=1;LUT6=4"
353,1.379,5.000,3.618,1.085,2.533,0.700,5,"st_q_reg[4]_rep/C","lane_result_q_reg[2][34]/D","P2 lane result capture","FDCE=2;LUT3=1;LUT6=4"
354,1.379,5.000,3.618,1.085,2.533,0.700,5,"st_q_reg[4]_rep/C","lane_result_q_reg[2][35]/D","P2 lane result capture","FDCE=2;LUT3=1;LUT5=1;LUT6=3"
355,1.379,5.000,3.618,1.085,2.533,0.700,5,"st_q_reg[4]_rep/C","lane_result_q_reg[2][36]/D","P2 lane result capture","FDCE=2;LUT3=1;LUT6=4"
356,1.379,5.000,3.618,1.085,2.533,0.700,5,"st_q_reg[4]_rep/C","lane_result_q_reg[2][37]/D","P2 lane result capture","FDCE=2;LUT3=1;LUT6=4"
357,1.379,5.000,3.618,1.085,2.533,0.700,5,"st_q_reg[4]_rep/C","lane_result_q_reg[2][38]/D","P2 lane result capture","FDCE=2;LUT3=1;LUT6=4"
358,1.379,5.000,3.618,1.085,2.533,0.700,5,"st_q_reg[4]_rep/C","lane_result_q_reg[2][39]/D","P2 lane result capture","FDCE=2;LUT3=1;LUT5=1;LUT6=3"
359,1.379,5.000,3.618,1.085,2.533,0.700,5,"st_q_reg[4]_rep/C","lane_result_q_reg[2][3]/D","P2 lane result capture","FDCE=2;LUT3=1;LUT5=1;LUT6=3"
360,1.379,5.000,3.618,1.085,2.533,0.700,5,"st_q_reg[4]_rep/C","lane_result_q_reg[2][40]/D","P2 lane result capture","FDCE=2;LUT3=1;LUT6=4"
361,1.379,5.000,3.618,1.085,2.533,0.700,5,"st_q_reg[4]_rep/C","lane_result_q_reg[2][41]/D","P2 lane result capture","FDCE=2;LUT3=1;LUT6=4"
362,1.379,5.000,3.618,1.085,2.533,0.700,5,"st_q_reg[4]_rep/C","lane_result_q_reg[2][42]/D","P2 lane result capture","FDCE=2;LUT3=1;LUT6=4"
363,1.379,5.000,3.618,1.085,2.533,0.700,5,"st_q_reg[4]_rep/C","lane_result_q_reg[2][43]/D","P2 lane result capture","FDCE=2;LUT3=1;LUT5=1;LUT6=3"
364,1.379,5.000,3.618,1.085,2.533,0.700,5,"st_q_reg[4]_rep/C","lane_result_q_reg[2][44]/D","P2 lane result capture","FDCE=2;LUT3=1;LUT6=4"
365,1.379,5.000,3.618,1.085,2.533,0.700,5,"st_q_reg[4]_rep/C","lane_result_q_reg[2][45]/D","P2 lane result capture","FDCE=2;LUT3=1;LUT6=4"
366,1.379,5.000,3.618,1.085,2.533,0.700,5,"st_q_reg[4]_rep/C","lane_result_q_reg[2][46]/D","P2 lane result capture","FDCE=2;LUT3=1;LUT6=4"
367,1.379,5.000,3.618,1.085,2.533,0.700,5,"st_q_reg[4]_rep/C","lane_result_q_reg[2][47]/D","P2 lane result capture","FDCE=2;LUT3=1;LUT5=1;LUT6=3"
368,1.379,5.000,3.618,1.085,2.533,0.700,5,"st_q_reg[4]_rep/C","lane_result_q_reg[2][48]/D","P2 lane result capture","FDCE=2;LUT3=1;LUT6=4"
369,1.379,5.000,3.618,1.085,2.533,0.700,5,"st_q_reg[4]_rep/C","lane_result_q_reg[2][49]/D","P2 lane result capture","FDCE=2;LUT3=1;LUT6=4"
370,1.379,5.000,3.618,1.085,2.533,0.700,5,"st_q_reg[4]_rep/C","lane_result_q_reg[2][4]/D","P2 lane result capture","FDCE=2;LUT3=1;LUT6=4"
371,1.379,5.000,3.618,1.085,2.533,0.700,5,"st_q_reg[4]_rep/C","lane_result_q_reg[2][50]/D","P2 lane result capture","FDCE=2;LUT3=1;LUT6=4"
372,1.379,5.000,3.618,1.085,2.533,0.700,5,"st_q_reg[4]_rep/C","lane_result_q_reg[2][51]/D","P2 lane result capture","FDCE=2;LUT3=1;LUT5=1;LUT6=3"
373,1.379,5.000,3.618,1.085,2.533,0.700,5,"st_q_reg[4]_rep/C","lane_result_q_reg[2][52]/D","P2 lane result capture","FDCE=2;LUT3=1;LUT6=4"
374,1.379,5.000,3.618,1.085,2.533,0.700,5,"st_q_reg[4]_rep/C","lane_result_q_reg[2][53]/D","P2 lane result capture","FDCE=2;LUT3=1;LUT6=4"
375,1.379,5.000,3.618,1.085,2.533,0.700,5,"st_q_reg[4]_rep/C","lane_result_q_reg[2][54]/D","P2 lane result capture","FDCE=2;LUT3=1;LUT6=4"
376,1.379,5.000,3.618,1.085,2.533,0.700,5,"st_q_reg[4]_rep/C","lane_result_q_reg[2][55]/D","P2 lane result capture","FDCE=2;LUT3=1;LUT5=1;LUT6=3"
377,1.379,5.000,3.618,1.085,2.533,0.700,5,"st_q_reg[4]_rep/C","lane_result_q_reg[2][56]/D","P2 lane result capture","FDCE=2;LUT3=1;LUT6=4"
378,1.379,5.000,3.618,1.085,2.533,0.700,5,"st_q_reg[4]_rep/C","lane_result_q_reg[2][57]/D","P2 lane result capture","FDCE=2;LUT3=1;LUT6=4"
379,1.379,5.000,3.618,1.085,2.533,0.700,5,"st_q_reg[4]_rep/C","lane_result_q_reg[2][58]/D","P2 lane result capture","FDCE=2;LUT3=1;LUT6=4"
380,1.379,5.000,3.618,1.085,2.533,0.700,5,"st_q_reg[4]_rep/C","lane_result_q_reg[2][59]/D","P2 lane result capture","FDCE=2;LUT3=1;LUT5=1;LUT6=3"
381,1.379,5.000,3.618,1.085,2.533,0.700,5,"st_q_reg[4]_rep/C","lane_result_q_reg[2][5]/D","P2 lane result capture","FDCE=2;LUT3=1;LUT6=4"
382,1.379,5.000,3.618,1.085,2.533,0.700,5,"st_q_reg[4]_rep/C","lane_result_q_reg[2][60]/D","P2 lane result capture","FDCE=2;LUT3=1;LUT6=4"
383,1.379,5.000,3.618,1.085,2.533,0.700,5,"st_q_reg[4]_rep/C","lane_result_q_reg[2][61]/D","P2 lane result capture","FDCE=2;LUT3=1;LUT6=4"
384,1.379,5.000,3.618,1.085,2.533,0.700,5,"st_q_reg[4]_rep/C","lane_result_q_reg[2][62]/D","P2 lane result capture","FDCE=2;LUT3=1;LUT6=4"
385,1.379,5.000,3.618,1.085,2.533,0.700,5,"st_q_reg[4]_rep/C","lane_result_q_reg[2][63]/D","P2 lane result capture","FDCE=2;LUT3=1;LUT5=1;LUT6=3"
386,1.379,5.000,3.618,1.085,2.533,0.700,5,"st_q_reg[4]_rep/C","lane_result_q_reg[2][6]/D","P2 lane result capture","FDCE=2;LUT3=1;LUT6=4"
387,1.379,5.000,3.618,1.085,2.533,0.700,5,"st_q_reg[4]_rep/C","lane_result_q_reg[2][7]/D","P2 lane result capture","FDCE=2;LUT3=1;LUT5=1;LUT6=3"
388,1.379,5.000,3.618,1.085,2.533,0.700,5,"st_q_reg[4]_rep/C","lane_result_q_reg[2][8]/D","P2 lane result capture","FDCE=2;LUT3=1;LUT6=4"
389,1.379,5.000,3.618,1.085,2.533,0.700,5,"st_q_reg[4]_rep/C","lane_result_q_reg[2][9]/D","P2 lane result capture","FDCE=2;LUT3=1;LUT6=4"
390,1.379,5.000,3.618,1.085,2.533,0.700,5,"st_q_reg[4]_rep/C","lane_result_q_reg[3][0]/D","P2 lane result capture","FDCE=2;LUT3=1;LUT6=4"
391,1.379,5.000,3.618,1.085,2.533,0.700,5,"st_q_reg[4]_rep/C","lane_result_q_reg[3][10]/D","P2 lane result capture","FDCE=2;LUT3=1;LUT6=4"
392,1.379,5.000,3.618,1.085,2.533,0.700,5,"st_q_reg[4]_rep/C","lane_result_q_reg[3][11]/D","P2 lane result capture","FDCE=2;LUT3=1;LUT5=1;LUT6=3"
393,1.379,5.000,3.618,1.085,2.533,0.700,5,"st_q_reg[4]_rep/C","lane_result_q_reg[3][12]/D","P2 lane result capture","FDCE=2;LUT3=1;LUT6=4"
394,1.379,5.000,3.618,1.085,2.533,0.700,5,"st_q_reg[4]_rep/C","lane_result_q_reg[3][13]/D","P2 lane result capture","FDCE=2;LUT3=1;LUT6=4"
395,1.379,5.000,3.618,1.085,2.533,0.700,5,"st_q_reg[4]_rep/C","lane_result_q_reg[3][14]/D","P2 lane result capture","FDCE=2;LUT3=1;LUT6=4"
396,1.379,5.000,3.618,1.085,2.533,0.700,5,"st_q_reg[4]_rep/C","lane_result_q_reg[3][15]/D","P2 lane result capture","FDCE=2;LUT3=1;LUT5=1;LUT6=3"
397,1.379,5.000,3.618,1.085,2.533,0.700,5,"st_q_reg[4]_rep/C","lane_result_q_reg[3][16]/D","P2 lane result capture","FDCE=2;LUT3=1;LUT6=4"
398,1.379,5.000,3.618,1.085,2.533,0.700,5,"st_q_reg[4]_rep/C","lane_result_q_reg[3][17]/D","P2 lane result capture","FDCE=2;LUT3=1;LUT6=4"
399,1.379,5.000,3.618,1.085,2.533,0.700,5,"st_q_reg[4]_rep/C","lane_result_q_reg[3][18]/D","P2 lane result capture","FDCE=2;LUT3=1;LUT6=4"
400,1.379,5.000,3.618,1.085,2.533,0.700,5,"st_q_reg[4]_rep/C","lane_result_q_reg[3][19]/D","P2 lane result capture","FDCE=2;LUT3=1;LUT5=1;LUT6=3"
401,1.379,5.000,3.618,1.085,2.533,0.700,5,"st_q_reg[4]_rep/C","lane_result_q_reg[3][1]/D","P2 lane result capture","FDCE=2;LUT3=1;LUT6=4"
402,1.379,5.000,3.618,1.085,2.533,0.700,5,"st_q_reg[4]_rep/C","lane_result_q_reg[3][20]/D","P2 lane result capture","FDCE=2;LUT3=1;LUT6=4"
403,1.379,5.000,3.618,1.085,2.533,0.700,5,"st_q_reg[4]_rep/C","lane_result_q_reg[3][21]/D","P2 lane result capture","FDCE=2;LUT3=1;LUT6=4"
404,1.379,5.000,3.618,1.085,2.533,0.700,5,"st_q_reg[4]_rep/C","lane_result_q_reg[3][22]/D","P2 lane result capture","FDCE=2;LUT3=1;LUT6=4"
405,1.379,5.000,3.618,1.085,2.533,0.700,5,"st_q_reg[4]_rep/C","lane_result_q_reg[3][23]/D","P2 lane result capture","FDCE=2;LUT3=1;LUT5=1;LUT6=3"
406,1.379,5.000,3.618,1.085,2.533,0.700,5,"st_q_reg[4]_rep/C","lane_result_q_reg[3][24]/D","P2 lane result capture","FDCE=2;LUT3=1;LUT6=4"
407,1.379,5.000,3.618,1.085,2.533,0.700,5,"st_q_reg[4]_rep/C","lane_result_q_reg[3][25]/D","P2 lane result capture","FDCE=2;LUT3=1;LUT6=4"
408,1.379,5.000,3.618,1.085,2.533,0.700,5,"st_q_reg[4]_rep/C","lane_result_q_reg[3][26]/D","P2 lane result capture","FDCE=2;LUT3=1;LUT6=4"
409,1.379,5.000,3.618,1.085,2.533,0.700,5,"st_q_reg[4]_rep/C","lane_result_q_reg[3][27]/D","P2 lane result capture","FDCE=2;LUT3=1;LUT5=1;LUT6=3"
410,1.379,5.000,3.618,1.085,2.533,0.700,5,"st_q_reg[4]_rep/C","lane_result_q_reg[3][28]/D","P2 lane result capture","FDCE=2;LUT3=1;LUT6=4"
411,1.379,5.000,3.618,1.085,2.533,0.700,5,"st_q_reg[4]_rep/C","lane_result_q_reg[3][29]/D","P2 lane result capture","FDCE=2;LUT3=1;LUT6=4"
412,1.379,5.000,3.618,1.085,2.533,0.700,5,"st_q_reg[4]_rep/C","lane_result_q_reg[3][2]/D","P2 lane result capture","FDCE=2;LUT3=1;LUT6=4"
413,1.379,5.000,3.618,1.085,2.533,0.700,5,"st_q_reg[4]_rep/C","lane_result_q_reg[3][30]/D","P2 lane result capture","FDCE=2;LUT3=1;LUT6=4"
414,1.379,5.000,3.618,1.085,2.533,0.700,5,"st_q_reg[4]_rep/C","lane_result_q_reg[3][31]/D","P2 lane result capture","FDCE=2;LUT3=1;LUT5=1;LUT6=3"
415,1.379,5.000,3.618,1.085,2.533,0.700,5,"st_q_reg[4]_rep/C","lane_result_q_reg[3][32]/D","P2 lane result capture","FDCE=2;LUT3=1;LUT6=4"
416,1.379,5.000,3.618,1.085,2.533,0.700,5,"st_q_reg[4]_rep/C","lane_result_q_reg[3][33]/D","P2 lane result capture","FDCE=2;LUT3=1;LUT6=4"
417,1.379,5.000,3.618,1.085,2.533,0.700,5,"st_q_reg[4]_rep/C","lane_result_q_reg[3][34]/D","P2 lane result capture","FDCE=2;LUT3=1;LUT6=4"
418,1.379,5.000,3.618,1.085,2.533,0.700,5,"st_q_reg[4]_rep/C","lane_result_q_reg[3][35]/D","P2 lane result capture","FDCE=2;LUT3=1;LUT5=1;LUT6=3"
419,1.379,5.000,3.618,1.085,2.533,0.700,5,"st_q_reg[4]_rep/C","lane_result_q_reg[3][36]/D","P2 lane result capture","FDCE=2;LUT3=1;LUT6=4"
420,1.379,5.000,3.618,1.085,2.533,0.700,5,"st_q_reg[4]_rep/C","lane_result_q_reg[3][37]/D","P2 lane result capture","FDCE=2;LUT3=1;LUT6=4"
421,1.379,5.000,3.618,1.085,2.533,0.700,5,"st_q_reg[4]_rep/C","lane_result_q_reg[3][38]/D","P2 lane result capture","FDCE=2;LUT3=1;LUT6=4"
422,1.379,5.000,3.618,1.085,2.533,0.700,5,"st_q_reg[4]_rep/C","lane_result_q_reg[3][39]/D","P2 lane result capture","FDCE=2;LUT3=1;LUT5=1;LUT6=3"
423,1.379,5.000,3.618,1.085,2.533,0.700,5,"st_q_reg[4]_rep/C","lane_result_q_reg[3][3]/D","P2 lane result capture","FDCE=2;LUT3=1;LUT5=1;LUT6=3"
424,1.379,5.000,3.618,1.085,2.533,0.700,5,"st_q_reg[4]_rep/C","lane_result_q_reg[3][41]/D","P2 lane result capture","FDCE=2;LUT3=1;LUT6=4"
425,1.379,5.000,3.618,1.085,2.533,0.700,5,"st_q_reg[4]_rep/C","lane_result_q_reg[3][42]/D","P2 lane result capture","FDCE=2;LUT3=1;LUT6=4"
426,1.379,5.000,3.618,1.085,2.533,0.700,5,"st_q_reg[4]_rep/C","lane_result_q_reg[3][43]/D","P2 lane result capture","FDCE=2;LUT3=1;LUT5=1;LUT6=3"
427,1.379,5.000,3.618,1.085,2.533,0.700,5,"st_q_reg[4]_rep/C","lane_result_q_reg[3][44]/D","P2 lane result capture","FDCE=2;LUT3=1;LUT6=4"
428,1.379,5.000,3.618,1.085,2.533,0.700,5,"st_q_reg[4]_rep/C","lane_result_q_reg[3][47]/D","P2 lane result capture","FDCE=2;LUT3=1;LUT5=1;LUT6=3"
429,1.379,5.000,3.618,1.085,2.533,0.700,5,"st_q_reg[4]_rep/C","lane_result_q_reg[3][48]/D","P2 lane result capture","FDCE=2;LUT3=1;LUT6=4"
430,1.379,5.000,3.618,1.085,2.533,0.700,5,"st_q_reg[4]_rep/C","lane_result_q_reg[3][49]/D","P2 lane result capture","FDCE=2;LUT3=1;LUT6=4"
431,1.379,5.000,3.618,1.085,2.533,0.700,5,"st_q_reg[4]_rep/C","lane_result_q_reg[3][4]/D","P2 lane result capture","FDCE=2;LUT3=1;LUT6=4"
432,1.379,5.000,3.618,1.085,2.533,0.700,5,"st_q_reg[4]_rep/C","lane_result_q_reg[3][51]/D","P2 lane result capture","FDCE=2;LUT3=1;LUT5=1;LUT6=3"
433,1.379,5.000,3.618,1.085,2.533,0.700,5,"st_q_reg[4]_rep/C","lane_result_q_reg[3][52]/D","P2 lane result capture","FDCE=2;LUT3=1;LUT6=4"
434,1.379,5.000,3.618,1.085,2.533,0.700,5,"st_q_reg[4]_rep/C","lane_result_q_reg[3][54]/D","P2 lane result capture","FDCE=2;LUT3=1;LUT6=4"
435,1.379,5.000,3.618,1.085,2.533,0.700,5,"st_q_reg[4]_rep/C","lane_result_q_reg[3][55]/D","P2 lane result capture","FDCE=2;LUT3=1;LUT5=1;LUT6=3"
436,1.379,5.000,3.618,1.085,2.533,0.700,5,"st_q_reg[4]_rep/C","lane_result_q_reg[3][56]/D","P2 lane result capture","FDCE=2;LUT3=1;LUT6=4"
437,1.379,5.000,3.618,1.085,2.533,0.700,5,"st_q_reg[4]_rep/C","lane_result_q_reg[3][58]/D","P2 lane result capture","FDCE=2;LUT3=1;LUT6=4"
438,1.379,5.000,3.618,1.085,2.533,0.700,5,"st_q_reg[4]_rep/C","lane_result_q_reg[3][5]/D","P2 lane result capture","FDCE=2;LUT3=1;LUT6=4"
439,1.379,5.000,3.618,1.085,2.533,0.700,5,"st_q_reg[4]_rep/C","lane_result_q_reg[3][62]/D","P2 lane result capture","FDCE=2;LUT3=1;LUT6=4"
440,1.379,5.000,3.618,1.085,2.533,0.700,5,"st_q_reg[4]_rep/C","lane_result_q_reg[3][63]/D","P2 lane result capture","FDCE=2;LUT3=1;LUT5=1;LUT6=3"
441,1.379,5.000,3.618,1.085,2.533,0.700,5,"st_q_reg[4]_rep/C","lane_result_q_reg[3][6]/D","P2 lane result capture","FDCE=2;LUT3=1;LUT6=4"
442,1.379,5.000,3.618,1.085,2.533,0.700,5,"st_q_reg[4]_rep/C","lane_result_q_reg[3][7]/D","P2 lane result capture","FDCE=2;LUT3=1;LUT5=1;LUT6=3"
443,1.379,5.000,3.618,1.085,2.533,0.700,5,"st_q_reg[4]_rep/C","lane_result_q_reg[3][8]/D","P2 lane result capture","FDCE=2;LUT3=1;LUT6=4"
444,1.379,5.000,3.618,1.085,2.533,0.700,5,"st_q_reg[4]_rep/C","lane_result_q_reg[3][9]/D","P2 lane result capture","FDCE=2;LUT3=1;LUT6=4"
445,1.390,5.000,3.607,1.085,2.522,0.699,5,"st_q_reg[4]_rep/C","lane_result_q_reg[0][10]/D","P2 lane result capture","FDCE=2;LUT3=1;LUT6=4"
446,1.390,5.000,3.607,1.085,2.522,0.699,5,"st_q_reg[4]_rep/C","lane_result_q_reg[0][11]/D","P2 lane result capture","FDCE=2;LUT3=1;LUT5=1;LUT6=3"
447,1.390,5.000,3.607,1.085,2.522,0.699,5,"st_q_reg[4]_rep/C","lane_result_q_reg[0][12]/D","P2 lane result capture","FDCE=2;LUT3=1;LUT6=4"
448,1.390,5.000,3.607,1.085,2.522,0.699,5,"st_q_reg[4]_rep/C","lane_result_q_reg[0][13]/D","P2 lane result capture","FDCE=2;LUT3=1;LUT6=4"
449,1.390,5.000,3.607,1.085,2.522,0.699,5,"st_q_reg[4]_rep/C","lane_result_q_reg[0][14]/D","P2 lane result capture","FDCE=2;LUT3=1;LUT6=4"
450,1.390,5.000,3.607,1.085,2.522,0.699,5,"st_q_reg[4]_rep/C","lane_result_q_reg[0][15]/D","P2 lane result capture","FDCE=2;LUT3=1;LUT5=1;LUT6=3"
451,1.390,5.000,3.607,1.085,2.522,0.699,5,"st_q_reg[4]_rep/C","lane_result_q_reg[0][16]/D","P2 lane result capture","FDCE=2;LUT3=1;LUT6=4"
452,1.390,5.000,3.607,1.085,2.522,0.699,5,"st_q_reg[4]_rep/C","lane_result_q_reg[0][17]/D","P2 lane result capture","FDCE=2;LUT3=1;LUT6=4"
453,1.390,5.000,3.607,1.085,2.522,0.699,5,"st_q_reg[4]_rep/C","lane_result_q_reg[0][18]/D","P2 lane result capture","FDCE=2;LUT3=1;LUT6=4"
454,1.390,5.000,3.607,1.085,2.522,0.699,5,"st_q_reg[4]_rep/C","lane_result_q_reg[0][19]/D","P2 lane result capture","FDCE=2;LUT3=1;LUT5=1;LUT6=3"
455,1.390,5.000,3.607,1.085,2.522,0.699,5,"st_q_reg[4]_rep/C","lane_result_q_reg[0][20]/D","P2 lane result capture","FDCE=2;LUT3=1;LUT6=4"
456,1.390,5.000,3.607,1.085,2.522,0.699,5,"st_q_reg[4]_rep/C","lane_result_q_reg[0][21]/D","P2 lane result capture","FDCE=2;LUT3=1;LUT6=4"
457,1.390,5.000,3.607,1.085,2.522,0.699,5,"st_q_reg[4]_rep/C","lane_result_q_reg[0][22]/D","P2 lane result capture","FDCE=2;LUT3=1;LUT6=4"
458,1.390,5.000,3.607,1.085,2.522,0.699,5,"st_q_reg[4]_rep/C","lane_result_q_reg[0][23]/D","P2 lane result capture","FDCE=2;LUT3=1;LUT5=1;LUT6=3"
459,1.390,5.000,3.607,1.085,2.522,0.699,5,"st_q_reg[4]_rep/C","lane_result_q_reg[0][24]/D","P2 lane result capture","FDCE=2;LUT3=1;LUT6=4"
460,1.390,5.000,3.607,1.085,2.522,0.699,5,"st_q_reg[4]_rep/C","lane_result_q_reg[0][25]/D","P2 lane result capture","FDCE=2;LUT3=1;LUT6=4"
461,1.390,5.000,3.607,1.085,2.522,0.699,5,"st_q_reg[4]_rep/C","lane_result_q_reg[0][26]/D","P2 lane result capture","FDCE=2;LUT3=1;LUT6=4"
462,1.390,5.000,3.607,1.085,2.522,0.699,5,"st_q_reg[4]_rep/C","lane_result_q_reg[0][27]/D","P2 lane result capture","FDCE=2;LUT3=1;LUT5=1;LUT6=3"
463,1.390,5.000,3.607,1.085,2.522,0.699,5,"st_q_reg[4]_rep/C","lane_result_q_reg[0][28]/D","P2 lane result capture","FDCE=2;LUT3=1;LUT6=4"
464,1.390,5.000,3.607,1.085,2.522,0.699,5,"st_q_reg[4]_rep/C","lane_result_q_reg[0][29]/D","P2 lane result capture","FDCE=2;LUT3=1;LUT6=4"
465,1.390,5.000,3.607,1.085,2.522,0.699,5,"st_q_reg[4]_rep/C","lane_result_q_reg[0][30]/D","P2 lane result capture","FDCE=2;LUT3=1;LUT6=4"
466,1.390,5.000,3.607,1.085,2.522,0.699,5,"st_q_reg[4]_rep/C","lane_result_q_reg[0][31]/D","P2 lane result capture","FDCE=2;LUT3=1;LUT5=1;LUT6=3"
467,1.390,5.000,3.607,1.085,2.522,0.699,5,"st_q_reg[4]_rep/C","lane_result_q_reg[0][8]/D","P2 lane result capture","FDCE=2;LUT3=1;LUT6=4"
468,1.390,5.000,3.607,1.085,2.522,0.699,5,"st_q_reg[4]_rep/C","lane_result_q_reg[0][9]/D","P2 lane result capture","FDCE=2;LUT3=1;LUT6=4"
469,1.393,5.000,3.360,0.875,2.485,0.740,3,"ecc_leaf_id_q_reg[1]/C","ecc_product_even_reg_0_3_63_63/SP/I","other","FDCE=1;LUT4=1;LUT5=1;LUT6=1;RAMS32=1"
470,1.396,5.000,3.601,1.085,2.516,0.699,5,"st_q_reg[4]_rep/C","lane_result_q_reg[0][0]/D","P2 lane result capture","FDCE=2;LUT3=1;LUT6=4"
471,1.396,5.000,3.601,1.085,2.516,0.699,5,"st_q_reg[4]_rep/C","lane_result_q_reg[0][1]/D","P2 lane result capture","FDCE=2;LUT3=1;LUT6=4"
472,1.396,5.000,3.601,1.085,2.516,0.699,5,"st_q_reg[4]_rep/C","lane_result_q_reg[0][2]/D","P2 lane result capture","FDCE=2;LUT3=1;LUT6=4"
473,1.396,5.000,3.601,1.085,2.516,0.699,5,"st_q_reg[4]_rep/C","lane_result_q_reg[0][3]/D","P2 lane result capture","FDCE=2;LUT3=1;LUT5=1;LUT6=3"
474,1.396,5.000,3.601,1.085,2.516,0.699,5,"st_q_reg[4]_rep/C","lane_result_q_reg[0][4]/D","P2 lane result capture","FDCE=2;LUT3=1;LUT6=4"
475,1.396,5.000,3.601,1.085,2.516,0.699,5,"st_q_reg[4]_rep/C","lane_result_q_reg[0][5]/D","P2 lane result capture","FDCE=2;LUT3=1;LUT6=4"
476,1.396,5.000,3.601,1.085,2.516,0.699,5,"st_q_reg[4]_rep/C","lane_result_q_reg[0][6]/D","P2 lane result capture","FDCE=2;LUT3=1;LUT6=4"
477,1.396,5.000,3.601,1.085,2.516,0.699,5,"st_q_reg[4]_rep/C","lane_result_q_reg[0][7]/D","P2 lane result capture","FDCE=2;LUT3=1;LUT5=1;LUT6=3"
478,1.431,5.000,3.358,0.980,2.378,0.708,4,"a_q_reg[13]/C","ecc_leaf_a_q_reg[0]/CE","other","FDCE=2;LUT5=1;LUT6=3"
479,1.431,5.000,3.358,0.980,2.378,0.708,4,"a_q_reg[13]/C","ecc_leaf_a_q_reg[10]/CE","other","FDCE=2;LUT5=1;LUT6=3"
480,1.431,5.000,3.358,0.980,2.378,0.708,4,"a_q_reg[13]/C","ecc_leaf_a_q_reg[11]/CE","other","FDCE=2;LUT5=1;LUT6=3"
481,1.431,5.000,3.358,0.980,2.378,0.708,4,"a_q_reg[13]/C","ecc_leaf_a_q_reg[12]/CE","other","FDCE=2;LUT5=1;LUT6=3"
482,1.431,5.000,3.358,0.980,2.378,0.708,4,"a_q_reg[13]/C","ecc_leaf_a_q_reg[13]/CE","other","FDCE=2;LUT5=1;LUT6=3"
483,1.431,5.000,3.358,0.980,2.378,0.708,4,"a_q_reg[13]/C","ecc_leaf_a_q_reg[14]/CE","other","FDCE=2;LUT5=1;LUT6=3"
484,1.431,5.000,3.358,0.980,2.378,0.708,4,"a_q_reg[13]/C","ecc_leaf_a_q_reg[15]/CE","other","FDCE=2;LUT5=1;LUT6=3"
485,1.431,5.000,3.358,0.980,2.378,0.708,4,"a_q_reg[13]/C","ecc_leaf_a_q_reg[16]/CE","other","FDCE=2;LUT5=1;LUT6=3"
486,1.431,5.000,3.358,0.980,2.378,0.708,4,"a_q_reg[13]/C","ecc_leaf_a_q_reg[17]/CE","other","FDCE=2;LUT5=1;LUT6=3"
487,1.431,5.000,3.358,0.980,2.378,0.708,4,"a_q_reg[13]/C","ecc_leaf_a_q_reg[18]/CE","other","FDCE=2;LUT5=1;LUT6=3"
488,1.431,5.000,3.358,0.980,2.378,0.708,4,"a_q_reg[13]/C","ecc_leaf_a_q_reg[19]/CE","other","FDCE=2;LUT5=1;LUT6=3"
489,1.431,5.000,3.358,0.980,2.378,0.708,4,"a_q_reg[13]/C","ecc_leaf_a_q_reg[1]/CE","other","FDCE=2;LUT5=1;LUT6=3"
490,1.431,5.000,3.358,0.980,2.378,0.708,4,"a_q_reg[13]/C","ecc_leaf_a_q_reg[20]/CE","other","FDCE=2;LUT5=1;LUT6=3"
491,1.431,5.000,3.358,0.980,2.378,0.708,4,"a_q_reg[13]/C","ecc_leaf_a_q_reg[21]/CE","other","FDCE=2;LUT5=1;LUT6=3"
492,1.431,5.000,3.358,0.980,2.378,0.708,4,"a_q_reg[13]/C","ecc_leaf_a_q_reg[22]/CE","other","FDCE=2;LUT5=1;LUT6=3"
493,1.431,5.000,3.358,0.980,2.378,0.708,4,"a_q_reg[13]/C","ecc_leaf_a_q_reg[23]/CE","other","FDCE=2;LUT5=1;LUT6=3"
494,1.431,5.000,3.358,0.980,2.378,0.708,4,"a_q_reg[13]/C","ecc_leaf_a_q_reg[24]/CE","other","FDCE=2;LUT5=1;LUT6=3"
495,1.431,5.000,3.358,0.980,2.378,0.708,4,"a_q_reg[13]/C","ecc_leaf_a_q_reg[25]/CE","other","FDCE=2;LUT5=1;LUT6=3"
496,1.431,5.000,3.358,0.980,2.378,0.708,4,"a_q_reg[13]/C","ecc_leaf_a_q_reg[26]/CE","other","FDCE=2;LUT5=1;LUT6=3"
497,1.431,5.000,3.358,0.980,2.378,0.708,4,"a_q_reg[13]/C","ecc_leaf_a_q_reg[27]/CE","other","FDCE=2;LUT5=1;LUT6=3"
498,1.431,5.000,3.358,0.980,2.378,0.708,4,"a_q_reg[13]/C","ecc_leaf_a_q_reg[28]/CE","other","FDCE=2;LUT5=1;LUT6=3"
499,1.431,5.000,3.358,0.980,2.378,0.708,4,"a_q_reg[13]/C","ecc_leaf_a_q_reg[29]/CE","other","FDCE=2;LUT5=1;LUT6=3"
500,1.431,5.000,3.358,0.980,2.378,0.708,4,"a_q_reg[13]/C","ecc_leaf_a_q_reg[2]/CE","other","FDCE=2;LUT5=1;LUT6=3"
501,1.431,5.000,3.358,0.980,2.378,0.708,4,"a_q_reg[13]/C","ecc_leaf_a_q_reg[30]/CE","other","FDCE=2;LUT5=1;LUT6=3"
502,1.431,5.000,3.358,0.980,2.378,0.708,4,"a_q_reg[13]/C","ecc_leaf_a_q_reg[31]/CE","other","FDCE=2;LUT5=1;LUT6=3"
503,1.431,5.000,3.358,0.980,2.378,0.708,4,"a_q_reg[13]/C","ecc_leaf_a_q_reg[3]/CE","other","FDCE=2;LUT5=1;LUT6=3"
504,1.431,5.000,3.358,0.980,2.378,0.708,4,"a_q_reg[13]/C","ecc_leaf_a_q_reg[4]/CE","other","FDCE=2;LUT5=1;LUT6=3"
505,1.431,5.000,3.358,0.980,2.378,0.708,4,"a_q_reg[13]/C","ecc_leaf_a_q_reg[5]/CE","other","FDCE=2;LUT5=1;LUT6=3"
506,1.431,5.000,3.358,0.980,2.378,0.708,4,"a_q_reg[13]/C","ecc_leaf_a_q_reg[6]/CE","other","FDCE=2;LUT5=1;LUT6=3"
507,1.431,5.000,3.358,0.980,2.378,0.708,4,"a_q_reg[13]/C","ecc_leaf_a_q_reg[7]/CE","other","FDCE=2;LUT5=1;LUT6=3"
508,1.431,5.000,3.358,0.980,2.378,0.708,4,"a_q_reg[13]/C","ecc_leaf_a_q_reg[8]/CE","other","FDCE=2;LUT5=1;LUT6=3"
509,1.431,5.000,3.358,0.980,2.378,0.708,4,"a_q_reg[13]/C","ecc_leaf_a_q_reg[9]/CE","other","FDCE=2;LUT5=1;LUT6=3"
510,1.441,5.000,3.556,1.085,2.471,0.695,5,"ecc_leaf_id_q_reg[0]/C","ecc_leaf_a_q_reg[0]/D","other","FDCE=2;LUT4=3;LUT5=2"
511,1.441,5.000,3.556,1.085,2.471,0.695,5,"ecc_leaf_id_q_reg[0]/C","ecc_leaf_a_q_reg[10]/D","other","FDCE=2;LUT4=3;LUT5=1;LUT6=1"
512,1.441,5.000,3.556,1.085,2.471,0.695,5,"ecc_leaf_id_q_reg[0]/C","ecc_leaf_a_q_reg[11]/D","other","FDCE=2;LUT4=3;LUT5=1;LUT6=1"
513,1.441,5.000,3.556,1.085,2.471,0.695,5,"ecc_leaf_id_q_reg[0]/C","ecc_leaf_a_q_reg[12]/D","other","FDCE=2;LUT4=2;LUT5=3"
514,1.441,5.000,3.556,1.085,2.471,0.695,5,"ecc_leaf_id_q_reg[0]/C","ecc_leaf_a_q_reg[13]/D","other","FDCE=2;LUT4=2;LUT5=3"
515,1.441,5.000,3.556,1.085,2.471,0.695,5,"ecc_leaf_id_q_reg[0]/C","ecc_leaf_a_q_reg[14]/D","other","FDCE=2;LUT4=2;LUT5=3"
516,1.441,5.000,3.556,1.085,2.471,0.695,5,"ecc_leaf_id_q_reg[0]/C","ecc_leaf_a_q_reg[15]/D","other","FDCE=2;LUT4=3;LUT5=2"
517,1.441,5.000,3.556,1.085,2.471,0.695,5,"ecc_leaf_id_q_reg[0]/C","ecc_leaf_a_q_reg[16]/D","other","FDCE=2;LUT4=3;LUT5=2"
518,1.441,5.000,3.556,1.085,2.471,0.695,5,"ecc_leaf_id_q_reg[0]/C","ecc_leaf_a_q_reg[17]/D","other","FDCE=2;LUT4=2;LUT5=2;LUT6=1"
519,1.441,5.000,3.556,1.085,2.471,0.695,5,"ecc_leaf_id_q_reg[0]/C","ecc_leaf_a_q_reg[18]/D","other","FDCE=2;LUT4=3;LUT5=1;LUT6=1"
520,1.441,5.000,3.556,1.085,2.471,0.695,5,"ecc_leaf_id_q_reg[0]/C","ecc_leaf_a_q_reg[19]/D","other","FDCE=2;LUT4=3;LUT5=2"
521,1.441,5.000,3.556,1.085,2.471,0.695,5,"ecc_leaf_id_q_reg[0]/C","ecc_leaf_a_q_reg[1]/D","other","FDCE=2;LUT4=2;LUT5=2;LUT6=1"
522,1.441,5.000,3.556,1.085,2.471,0.695,5,"ecc_leaf_id_q_reg[0]/C","ecc_leaf_a_q_reg[20]/D","other","FDCE=2;LUT4=2;LUT5=2;LUT6=1"
523,1.441,5.000,3.556,1.085,2.471,0.695,5,"ecc_leaf_id_q_reg[0]/C","ecc_leaf_a_q_reg[21]/D","other","FDCE=2;LUT4=2;LUT5=2;LUT6=1"
524,1.441,5.000,3.556,1.085,2.471,0.695,5,"ecc_leaf_id_q_reg[0]/C","ecc_leaf_a_q_reg[22]/D","other","FDCE=2;LUT4=3;LUT5=1;LUT6=1"
525,1.441,5.000,3.556,1.085,2.471,0.695,5,"ecc_leaf_id_q_reg[0]/C","ecc_leaf_a_q_reg[23]/D","other","FDCE=2;LUT4=3;LUT5=2"
526,1.441,5.000,3.556,1.085,2.471,0.695,5,"ecc_leaf_id_q_reg[0]/C","ecc_leaf_a_q_reg[24]/D","other","FDCE=2;LUT4=2;LUT5=2;LUT6=1"
527,1.441,5.000,3.556,1.085,2.471,0.695,5,"ecc_leaf_id_q_reg[0]/C","ecc_leaf_a_q_reg[25]/D","other","FDCE=2;LUT4=3;LUT5=2"
528,1.441,5.000,3.556,1.085,2.471,0.695,5,"ecc_leaf_id_q_reg[0]/C","ecc_leaf_a_q_reg[26]/D","other","FDCE=2;LUT4=2;LUT5=2;LUT6=1"
529,1.441,5.000,3.556,1.085,2.471,0.695,5,"ecc_leaf_id_q_reg[0]/C","ecc_leaf_a_q_reg[27]/D","other","FDCE=2;LUT4=2;LUT5=3"
530,1.441,5.000,3.556,1.085,2.471,0.695,5,"ecc_leaf_id_q_reg[0]/C","ecc_leaf_a_q_reg[28]/D","other","FDCE=2;LUT4=3;LUT5=2"
531,1.441,5.000,3.556,1.085,2.471,0.695,5,"ecc_leaf_id_q_reg[0]/C","ecc_leaf_a_q_reg[29]/D","other","FDCE=2;LUT4=3;LUT5=2"
532,1.441,5.000,3.556,1.085,2.471,0.695,5,"ecc_leaf_id_q_reg[0]/C","ecc_leaf_a_q_reg[2]/D","other","FDCE=2;LUT4=3;LUT5=2"
533,1.441,5.000,3.556,1.085,2.471,0.695,5,"ecc_leaf_id_q_reg[0]/C","ecc_leaf_a_q_reg[30]/D","other","FDCE=2;LUT4=2;LUT5=3"
534,1.441,5.000,3.556,1.085,2.471,0.695,5,"ecc_leaf_id_q_reg[0]/C","ecc_leaf_a_q_reg[31]/D","other","FDCE=2;LUT4=3;LUT5=2"
535,1.441,5.000,3.556,1.085,2.471,0.695,5,"ecc_leaf_id_q_reg[0]/C","ecc_leaf_a_q_reg[3]/D","other","FDCE=2;LUT4=2;LUT5=3"
536,1.441,5.000,3.556,1.085,2.471,0.695,5,"ecc_leaf_id_q_reg[0]/C","ecc_leaf_a_q_reg[4]/D","other","FDCE=2;LUT4=3;LUT5=1;LUT6=1"
537,1.441,5.000,3.556,1.085,2.471,0.695,5,"ecc_leaf_id_q_reg[0]/C","ecc_leaf_a_q_reg[5]/D","other","FDCE=2;LUT4=2;LUT5=2;LUT6=1"
538,1.441,5.000,3.556,1.085,2.471,0.695,5,"ecc_leaf_id_q_reg[0]/C","ecc_leaf_a_q_reg[6]/D","other","FDCE=2;LUT4=2;LUT5=3"
539,1.441,5.000,3.556,1.085,2.471,0.695,5,"ecc_leaf_id_q_reg[0]/C","ecc_leaf_a_q_reg[7]/D","other","FDCE=2;LUT4=3;LUT5=2"
540,1.441,5.000,3.556,1.085,2.471,0.695,5,"ecc_leaf_id_q_reg[0]/C","ecc_leaf_a_q_reg[8]/D","other","FDCE=2;LUT4=2;LUT5=3"
541,1.441,5.000,3.556,1.085,2.471,0.695,5,"ecc_leaf_id_q_reg[0]/C","ecc_leaf_a_q_reg[9]/D","other","FDCE=2;LUT4=3;LUT5=2"
542,1.441,5.000,3.556,1.085,2.471,0.695,5,"ecc_leaf_id_q_reg[0]/C","ecc_leaf_b_q_reg[0]/D","other","FDCE=2;LUT4=2;LUT5=3"
543,1.441,5.000,3.556,1.085,2.471,0.695,5,"ecc_leaf_id_q_reg[0]/C","ecc_leaf_b_q_reg[10]/D","other","FDCE=2;LUT4=2;LUT5=2;LUT6=1"
544,1.441,5.000,3.556,1.085,2.471,0.695,5,"ecc_leaf_id_q_reg[0]/C","ecc_leaf_b_q_reg[11]/D","other","FDCE=2;LUT4=2;LUT5=2;LUT6=1"
545,1.441,5.000,3.556,1.085,2.471,0.695,5,"ecc_leaf_id_q_reg[0]/C","ecc_leaf_b_q_reg[12]/D","other","FDCE=2;LUT4=1;LUT5=4"
546,1.441,5.000,3.556,1.085,2.471,0.695,5,"ecc_leaf_id_q_reg[0]/C","ecc_leaf_b_q_reg[13]/D","other","FDCE=2;LUT4=1;LUT5=4"
547,1.441,5.000,3.556,1.085,2.471,0.695,5,"ecc_leaf_id_q_reg[0]/C","ecc_leaf_b_q_reg[14]/D","other","FDCE=2;LUT4=1;LUT5=4"
548,1.441,5.000,3.556,1.085,2.471,0.695,5,"ecc_leaf_id_q_reg[0]/C","ecc_leaf_b_q_reg[15]/D","other","FDCE=2;LUT4=2;LUT5=3"
549,1.441,5.000,3.556,1.085,2.471,0.695,5,"ecc_leaf_id_q_reg[0]/C","ecc_leaf_b_q_reg[16]/D","other","FDCE=2;LUT4=2;LUT5=3"
550,1.441,5.000,3.556,1.085,2.471,0.695,5,"ecc_leaf_id_q_reg[0]/C","ecc_leaf_b_q_reg[17]/D","other","FDCE=2;LUT4=1;LUT5=3;LUT6=1"
551,1.441,5.000,3.556,1.085,2.471,0.695,5,"ecc_leaf_id_q_reg[0]/C","ecc_leaf_b_q_reg[18]/D","other","FDCE=2;LUT4=2;LUT5=2;LUT6=1"
552,1.441,5.000,3.556,1.085,2.471,0.695,5,"ecc_leaf_id_q_reg[0]/C","ecc_leaf_b_q_reg[19]/D","other","FDCE=2;LUT4=2;LUT5=3"
553,1.441,5.000,3.556,1.085,2.471,0.695,5,"ecc_leaf_id_q_reg[0]/C","ecc_leaf_b_q_reg[1]/D","other","FDCE=2;LUT4=1;LUT5=3;LUT6=1"
554,1.441,5.000,3.556,1.085,2.471,0.695,5,"ecc_leaf_id_q_reg[0]/C","ecc_leaf_b_q_reg[20]/D","other","FDCE=2;LUT4=1;LUT5=3;LUT6=1"
555,1.441,5.000,3.556,1.085,2.471,0.695,5,"ecc_leaf_id_q_reg[0]/C","ecc_leaf_b_q_reg[21]/D","other","FDCE=2;LUT4=1;LUT5=3;LUT6=1"
556,1.441,5.000,3.556,1.085,2.471,0.695,5,"ecc_leaf_id_q_reg[0]/C","ecc_leaf_b_q_reg[22]/D","other","FDCE=2;LUT4=2;LUT5=2;LUT6=1"
557,1.441,5.000,3.556,1.085,2.471,0.695,5,"ecc_leaf_id_q_reg[0]/C","ecc_leaf_b_q_reg[23]/D","other","FDCE=2;LUT4=2;LUT5=3"
558,1.441,5.000,3.556,1.085,2.471,0.695,5,"ecc_leaf_id_q_reg[0]/C","ecc_leaf_b_q_reg[24]/D","other","FDCE=2;LUT4=1;LUT5=3;LUT6=1"
559,1.441,5.000,3.556,1.085,2.471,0.695,5,"ecc_leaf_id_q_reg[0]/C","ecc_leaf_b_q_reg[25]/D","other","FDCE=2;LUT4=2;LUT5=3"
560,1.441,5.000,3.556,1.085,2.471,0.695,5,"ecc_leaf_id_q_reg[0]/C","ecc_leaf_b_q_reg[26]/D","other","FDCE=2;LUT4=1;LUT5=3;LUT6=1"
561,1.441,5.000,3.556,1.085,2.471,0.695,5,"ecc_leaf_id_q_reg[0]/C","ecc_leaf_b_q_reg[27]/D","other","FDCE=2;LUT4=1;LUT5=4"
562,1.441,5.000,3.556,1.085,2.471,0.695,5,"ecc_leaf_id_q_reg[0]/C","ecc_leaf_b_q_reg[28]/D","other","FDCE=2;LUT4=1;LUT5=3;LUT6=1"
563,1.441,5.000,3.556,1.085,2.471,0.695,5,"ecc_leaf_id_q_reg[0]/C","ecc_leaf_b_q_reg[29]/D","other","FDCE=2;LUT4=2;LUT5=3"
564,1.441,5.000,3.556,1.085,2.471,0.695,5,"ecc_leaf_id_q_reg[0]/C","ecc_leaf_b_q_reg[2]/D","other","FDCE=2;LUT4=2;LUT5=3"
565,1.441,5.000,3.556,1.085,2.471,0.695,5,"ecc_leaf_id_q_reg[0]/C","ecc_leaf_b_q_reg[30]/D","other","FDCE=2;LUT4=1;LUT5=4"
566,1.441,5.000,3.556,1.085,2.471,0.695,5,"ecc_leaf_id_q_reg[0]/C","ecc_leaf_b_q_reg[31]/D","other","FDCE=2;LUT4=1;LUT5=3;LUT6=1"
567,1.441,5.000,3.556,1.085,2.471,0.695,5,"ecc_leaf_id_q_reg[0]/C","ecc_leaf_b_q_reg[3]/D","other","FDCE=2;LUT4=1;LUT5=4"
568,1.441,5.000,3.556,1.085,2.471,0.695,5,"ecc_leaf_id_q_reg[0]/C","ecc_leaf_b_q_reg[4]/D","other","FDCE=2;LUT4=2;LUT5=2;LUT6=1"
569,1.441,5.000,3.556,1.085,2.471,0.695,5,"ecc_leaf_id_q_reg[0]/C","ecc_leaf_b_q_reg[5]/D","other","FDCE=2;LUT4=1;LUT5=3;LUT6=1"
570,1.441,5.000,3.556,1.085,2.471,0.695,5,"ecc_leaf_id_q_reg[0]/C","ecc_leaf_b_q_reg[6]/D","other","FDCE=2;LUT4=1;LUT5=4"
571,1.441,5.000,3.556,1.085,2.471,0.695,5,"ecc_leaf_id_q_reg[0]/C","ecc_leaf_b_q_reg[7]/D","other","FDCE=2;LUT4=2;LUT5=3"
572,1.441,5.000,3.556,1.085,2.471,0.695,5,"ecc_leaf_id_q_reg[0]/C","ecc_leaf_b_q_reg[8]/D","other","FDCE=2;LUT4=1;LUT5=4"
573,1.441,5.000,3.556,1.085,2.471,0.695,5,"ecc_leaf_id_q_reg[0]/C","ecc_leaf_b_q_reg[9]/D","other","FDCE=2;LUT4=2;LUT5=3"
574,1.447,5.000,3.579,1.687,1.892,0.529,5,"gen_lane[2].i_p2_pop_slice/popcount_part_q_o_reg[1][0]/C","group_dist_q_reg[2]/D","P2 popcount capture","CARRY4=2;FDCE=2;LUT3=2;LUT6=1"
575,1.464,5.000,3.325,0.980,2.345,0.705,4,"a_q_reg[13]/C","ecc_leaf_prod_q_reg[0]/CE","other","FDCE=2;LUT5=1;LUT6=3"
576,1.464,5.000,3.325,0.980,2.345,0.705,4,"a_q_reg[13]/C","ecc_leaf_prod_q_reg[10]/CE","other","FDCE=2;LUT5=1;LUT6=3"
577,1.464,5.000,3.325,0.980,2.345,0.705,4,"a_q_reg[13]/C","ecc_leaf_prod_q_reg[11]/CE","other","FDCE=2;LUT5=1;LUT6=3"
578,1.464,5.000,3.325,0.980,2.345,0.705,4,"a_q_reg[13]/C","ecc_leaf_prod_q_reg[12]/CE","other","FDCE=2;LUT5=1;LUT6=3"
579,1.464,5.000,3.325,0.980,2.345,0.705,4,"a_q_reg[13]/C","ecc_leaf_prod_q_reg[13]/CE","other","FDCE=2;LUT5=1;LUT6=3"
580,1.464,5.000,3.325,0.980,2.345,0.705,4,"a_q_reg[13]/C","ecc_leaf_prod_q_reg[14]/CE","other","FDCE=2;LUT5=1;LUT6=3"
581,1.464,5.000,3.325,0.980,2.345,0.705,4,"a_q_reg[13]/C","ecc_leaf_prod_q_reg[15]/CE","other","FDCE=2;LUT5=1;LUT6=3"
582,1.464,5.000,3.325,0.980,2.345,0.705,4,"a_q_reg[13]/C","ecc_leaf_prod_q_reg[16]/CE","other","FDCE=2;LUT5=1;LUT6=3"
583,1.464,5.000,3.325,0.980,2.345,0.705,4,"a_q_reg[13]/C","ecc_leaf_prod_q_reg[17]/CE","other","FDCE=2;LUT5=1;LUT6=3"
584,1.464,5.000,3.325,0.980,2.345,0.705,4,"a_q_reg[13]/C","ecc_leaf_prod_q_reg[18]/CE","other","FDCE=2;LUT5=1;LUT6=3"
585,1.464,5.000,3.325,0.980,2.345,0.705,4,"a_q_reg[13]/C","ecc_leaf_prod_q_reg[19]/CE","other","FDCE=2;LUT5=1;LUT6=3"
586,1.464,5.000,3.325,0.980,2.345,0.705,4,"a_q_reg[13]/C","ecc_leaf_prod_q_reg[1]/CE","other","FDCE=2;LUT5=1;LUT6=3"
587,1.464,5.000,3.325,0.980,2.345,0.705,4,"a_q_reg[13]/C","ecc_leaf_prod_q_reg[20]/CE","other","FDCE=2;LUT5=1;LUT6=3"
588,1.464,5.000,3.325,0.980,2.345,0.705,4,"a_q_reg[13]/C","ecc_leaf_prod_q_reg[21]/CE","other","FDCE=2;LUT5=1;LUT6=3"
589,1.464,5.000,3.325,0.980,2.345,0.705,4,"a_q_reg[13]/C","ecc_leaf_prod_q_reg[22]/CE","other","FDCE=2;LUT5=1;LUT6=3"
590,1.464,5.000,3.325,0.980,2.345,0.705,4,"a_q_reg[13]/C","ecc_leaf_prod_q_reg[23]/CE","other","FDCE=2;LUT5=1;LUT6=3"
591,1.464,5.000,3.325,0.980,2.345,0.705,4,"a_q_reg[13]/C","ecc_leaf_prod_q_reg[24]/CE","other","FDCE=2;LUT5=1;LUT6=3"
592,1.464,5.000,3.325,0.980,2.345,0.705,4,"a_q_reg[13]/C","ecc_leaf_prod_q_reg[25]/CE","other","FDCE=2;LUT5=1;LUT6=3"
593,1.464,5.000,3.325,0.980,2.345,0.705,4,"a_q_reg[13]/C","ecc_leaf_prod_q_reg[26]/CE","other","FDCE=2;LUT5=1;LUT6=3"
594,1.464,5.000,3.325,0.980,2.345,0.705,4,"a_q_reg[13]/C","ecc_leaf_prod_q_reg[27]/CE","other","FDCE=2;LUT5=1;LUT6=3"
595,1.464,5.000,3.325,0.980,2.345,0.705,4,"a_q_reg[13]/C","ecc_leaf_prod_q_reg[28]/CE","other","FDCE=2;LUT5=1;LUT6=3"
596,1.464,5.000,3.325,0.980,2.345,0.705,4,"a_q_reg[13]/C","ecc_leaf_prod_q_reg[29]/CE","other","FDCE=2;LUT5=1;LUT6=3"
597,1.464,5.000,3.325,0.980,2.345,0.705,4,"a_q_reg[13]/C","ecc_leaf_prod_q_reg[2]/CE","other","FDCE=2;LUT5=1;LUT6=3"
598,1.464,5.000,3.325,0.980,2.345,0.705,4,"a_q_reg[13]/C","ecc_leaf_prod_q_reg[30]/CE","other","FDCE=2;LUT5=1;LUT6=3"
599,1.464,5.000,3.325,0.980,2.345,0.705,4,"a_q_reg[13]/C","ecc_leaf_prod_q_reg[31]/CE","other","FDCE=2;LUT5=1;LUT6=3"
600,1.464,5.000,3.325,0.980,2.345,0.705,4,"a_q_reg[13]/C","ecc_leaf_prod_q_reg[32]/CE","other","FDCE=2;LUT5=1;LUT6=3"
601,1.464,5.000,3.325,0.980,2.345,0.705,4,"a_q_reg[13]/C","ecc_leaf_prod_q_reg[33]/CE","other","FDCE=2;LUT5=1;LUT6=3"
602,1.464,5.000,3.325,0.980,2.345,0.705,4,"a_q_reg[13]/C","ecc_leaf_prod_q_reg[34]/CE","other","FDCE=2;LUT5=1;LUT6=3"
603,1.464,5.000,3.325,0.980,2.345,0.705,4,"a_q_reg[13]/C","ecc_leaf_prod_q_reg[35]/CE","other","FDCE=2;LUT5=1;LUT6=3"
604,1.464,5.000,3.325,0.980,2.345,0.705,4,"a_q_reg[13]/C","ecc_leaf_prod_q_reg[36]/CE","other","FDCE=2;LUT5=1;LUT6=3"
605,1.464,5.000,3.325,0.980,2.345,0.705,4,"a_q_reg[13]/C","ecc_leaf_prod_q_reg[37]/CE","other","FDCE=2;LUT5=1;LUT6=3"
606,1.464,5.000,3.325,0.980,2.345,0.705,4,"a_q_reg[13]/C","ecc_leaf_prod_q_reg[38]/CE","other","FDCE=2;LUT5=1;LUT6=3"
607,1.464,5.000,3.325,0.980,2.345,0.705,4,"a_q_reg[13]/C","ecc_leaf_prod_q_reg[39]/CE","other","FDCE=2;LUT5=1;LUT6=3"
608,1.464,5.000,3.325,0.980,2.345,0.705,4,"a_q_reg[13]/C","ecc_leaf_prod_q_reg[3]/CE","other","FDCE=2;LUT5=1;LUT6=3"
609,1.464,5.000,3.325,0.980,2.345,0.705,4,"a_q_reg[13]/C","ecc_leaf_prod_q_reg[40]/CE","other","FDCE=2;LUT5=1;LUT6=3"
610,1.464,5.000,3.325,0.980,2.345,0.705,4,"a_q_reg[13]/C","ecc_leaf_prod_q_reg[41]/CE","other","FDCE=2;LUT5=1;LUT6=3"
611,1.464,5.000,3.325,0.980,2.345,0.705,4,"a_q_reg[13]/C","ecc_leaf_prod_q_reg[42]/CE","other","FDCE=2;LUT5=1;LUT6=3"
612,1.464,5.000,3.325,0.980,2.345,0.705,4,"a_q_reg[13]/C","ecc_leaf_prod_q_reg[43]/CE","other","FDCE=2;LUT5=1;LUT6=3"
613,1.464,5.000,3.325,0.980,2.345,0.705,4,"a_q_reg[13]/C","ecc_leaf_prod_q_reg[44]/CE","other","FDCE=2;LUT5=1;LUT6=3"
614,1.464,5.000,3.325,0.980,2.345,0.705,4,"a_q_reg[13]/C","ecc_leaf_prod_q_reg[45]/CE","other","FDCE=2;LUT5=1;LUT6=3"
615,1.464,5.000,3.325,0.980,2.345,0.705,4,"a_q_reg[13]/C","ecc_leaf_prod_q_reg[46]/CE","other","FDCE=2;LUT5=1;LUT6=3"
616,1.464,5.000,3.325,0.980,2.345,0.705,4,"a_q_reg[13]/C","ecc_leaf_prod_q_reg[47]/CE","other","FDCE=2;LUT5=1;LUT6=3"
617,1.464,5.000,3.325,0.980,2.345,0.705,4,"a_q_reg[13]/C","ecc_leaf_prod_q_reg[48]/CE","other","FDCE=2;LUT5=1;LUT6=3"
618,1.464,5.000,3.325,0.980,2.345,0.705,4,"a_q_reg[13]/C","ecc_leaf_prod_q_reg[49]/CE","other","FDCE=2;LUT5=1;LUT6=3"
619,1.464,5.000,3.325,0.980,2.345,0.705,4,"a_q_reg[13]/C","ecc_leaf_prod_q_reg[4]/CE","other","FDCE=2;LUT5=1;LUT6=3"
620,1.464,5.000,3.325,0.980,2.345,0.705,4,"a_q_reg[13]/C","ecc_leaf_prod_q_reg[50]/CE","other","FDCE=2;LUT5=1;LUT6=3"
621,1.464,5.000,3.325,0.980,2.345,0.705,4,"a_q_reg[13]/C","ecc_leaf_prod_q_reg[51]/CE","other","FDCE=2;LUT5=1;LUT6=3"
622,1.464,5.000,3.325,0.980,2.345,0.705,4,"a_q_reg[13]/C","ecc_leaf_prod_q_reg[52]/CE","other","FDCE=2;LUT5=1;LUT6=3"
623,1.464,5.000,3.325,0.980,2.345,0.705,4,"a_q_reg[13]/C","ecc_leaf_prod_q_reg[53]/CE","other","FDCE=2;LUT5=1;LUT6=3"
624,1.464,5.000,3.325,0.980,2.345,0.705,4,"a_q_reg[13]/C","ecc_leaf_prod_q_reg[54]/CE","other","FDCE=2;LUT5=1;LUT6=3"
625,1.464,5.000,3.325,0.980,2.345,0.705,4,"a_q_reg[13]/C","ecc_leaf_prod_q_reg[55]/CE","other","FDCE=2;LUT5=1;LUT6=3"
626,1.464,5.000,3.325,0.980,2.345,0.705,4,"a_q_reg[13]/C","ecc_leaf_prod_q_reg[5]/CE","other","FDCE=2;LUT5=1;LUT6=3"
627,1.464,5.000,3.325,0.980,2.345,0.705,4,"a_q_reg[13]/C","ecc_leaf_prod_q_reg[6]/CE","other","FDCE=2;LUT5=1;LUT6=3"
628,1.464,5.000,3.325,0.980,2.345,0.705,4,"a_q_reg[13]/C","ecc_leaf_prod_q_reg[7]/CE","other","FDCE=2;LUT5=1;LUT6=3"
629,1.464,5.000,3.325,0.980,2.345,0.705,4,"a_q_reg[13]/C","ecc_leaf_prod_q_reg[8]/CE","other","FDCE=2;LUT5=1;LUT6=3"
630,1.464,5.000,3.325,0.980,2.345,0.705,4,"a_q_reg[13]/C","ecc_leaf_prod_q_reg[9]/CE","other","FDCE=2;LUT5=1;LUT6=3"
631,1.467,5.000,3.322,0.980,2.342,0.705,4,"a_q_reg[13]/C","ecc_leaf_prod_q_reg[56]/CE","other","FDCE=2;LUT5=1;LUT6=3"
632,1.467,5.000,3.322,0.980,2.342,0.705,4,"a_q_reg[13]/C","ecc_leaf_prod_q_reg[57]/CE","other","FDCE=2;LUT5=1;LUT6=3"
633,1.467,5.000,3.322,0.980,2.342,0.705,4,"a_q_reg[13]/C","ecc_leaf_prod_q_reg[58]/CE","other","FDCE=2;LUT5=1;LUT6=3"
634,1.467,5.000,3.322,0.980,2.342,0.705,4,"a_q_reg[13]/C","ecc_leaf_prod_q_reg[59]/CE","other","FDCE=2;LUT5=1;LUT6=3"
635,1.467,5.000,3.322,0.980,2.342,0.705,4,"a_q_reg[13]/C","ecc_leaf_prod_q_reg[60]/CE","other","FDCE=2;LUT5=1;LUT6=3"
636,1.467,5.000,3.322,0.980,2.342,0.705,4,"a_q_reg[13]/C","ecc_leaf_prod_q_reg[61]/CE","other","FDCE=2;LUT5=1;LUT6=3"
637,1.467,5.000,3.322,0.980,2.342,0.705,4,"a_q_reg[13]/C","ecc_leaf_prod_q_reg[62]/CE","other","FDCE=2;LUT5=1;LUT6=3"
638,1.485,5.000,3.512,1.046,2.466,0.702,4,"ecc_fold_word_q_reg[0]_rep__1/C","vrf_wd_q_reg[0][0]/D","VRF/read/writeback","FDCE=2;LUT6=3;RAMS32=1"
639,1.485,5.000,3.512,1.046,2.466,0.702,4,"ecc_fold_word_q_reg[0]_rep__0/C","vrf_wd_q_reg[0][10]/D","VRF/read/writeback","FDCE=2;LUT6=3;RAMS32=1"
640,1.485,5.000,3.512,1.046,2.466,0.702,4,"ecc_fold_word_q_reg[0]_rep__0/C","vrf_wd_q_reg[0][11]/D","VRF/read/writeback","FDCE=2;LUT6=3;RAMS32=1"
641,1.485,5.000,3.512,1.046,2.466,0.702,4,"ecc_fold_word_q_reg[0]_rep__0/C","vrf_wd_q_reg[0][12]/D","VRF/read/writeback","FDCE=2;LUT6=3;RAMS32=1"
642,1.485,5.000,3.512,1.046,2.466,0.702,4,"ecc_fold_word_q_reg[0]_rep__0/C","vrf_wd_q_reg[0][13]/D","VRF/read/writeback","FDCE=2;LUT6=3;RAMS32=1"
643,1.485,5.000,3.512,1.046,2.466,0.702,4,"ecc_fold_word_q_reg[0]_rep__0/C","vrf_wd_q_reg[0][14]/D","VRF/read/writeback","FDCE=2;LUT6=3;RAMS32=1"
644,1.485,5.000,3.512,1.046,2.466,0.702,4,"ecc_fold_word_q_reg[0]_rep__0/C","vrf_wd_q_reg[0][15]/D","VRF/read/writeback","FDCE=2;LUT6=3;RAMS32=1"
645,1.485,5.000,3.512,1.046,2.466,0.702,4,"ecc_fold_word_q_reg[0]_rep__0/C","vrf_wd_q_reg[0][16]/D","VRF/read/writeback","FDCE=2;LUT6=3;RAMS32=1"
646,1.485,5.000,3.512,1.046,2.466,0.702,4,"ecc_fold_word_q_reg[0]_rep__0/C","vrf_wd_q_reg[0][17]/D","VRF/read/writeback","FDCE=2;LUT6=3;RAMS32=1"
647,1.485,5.000,3.512,1.046,2.466,0.702,4,"ecc_fold_word_q_reg[0]_rep__0/C","vrf_wd_q_reg[0][18]/D","VRF/read/writeback","FDCE=2;LUT6=3;RAMS32=1"
648,1.485,5.000,3.512,1.046,2.466,0.702,4,"ecc_fold_word_q_reg[0]_rep__0/C","vrf_wd_q_reg[0][1]/D","VRF/read/writeback","FDCE=2;LUT6=3;RAMS32=1"
649,1.485,5.000,3.512,1.046,2.466,0.702,4,"ecc_fold_word_q_reg[0]_rep__0/C","vrf_wd_q_reg[0][2]/D","VRF/read/writeback","FDCE=2;LUT6=3;RAMS32=1"
650,1.485,5.000,3.512,1.046,2.466,0.702,4,"ecc_fold_word_q_reg[0]_rep__1/C","vrf_wd_q_reg[0][31]/D","VRF/read/writeback","FDCE=2;LUT6=3;RAMS32=1"
651,1.485,5.000,3.512,1.046,2.466,0.702,4,"ecc_fold_word_q_reg[0]_rep__2/C","vrf_wd_q_reg[0][32]/D","VRF/read/writeback","FDCE=2;LUT6=3;RAMS32=1"
652,1.485,5.000,3.512,1.046,2.466,0.702,4,"ecc_fold_word_q_reg[0]_rep__2/C","vrf_wd_q_reg[0][33]/D","VRF/read/writeback","FDCE=2;LUT6=3;RAMS32=1"
653,1.485,5.000,3.512,1.046,2.466,0.702,4,"ecc_fold_word_q_reg[0]_rep__2/C","vrf_wd_q_reg[0][34]/D","VRF/read/writeback","FDCE=2;LUT6=3;RAMS32=1"
654,1.485,5.000,3.512,1.046,2.466,0.702,4,"ecc_fold_word_q_reg[0]_rep__2/C","vrf_wd_q_reg[0][35]/D","VRF/read/writeback","FDCE=2;LUT6=3;RAMS32=1"
655,1.485,5.000,3.512,1.046,2.466,0.702,4,"ecc_fold_word_q_reg[0]_rep__2/C","vrf_wd_q_reg[0][36]/D","VRF/read/writeback","FDCE=2;LUT6=3;RAMS32=1"
656,1.485,5.000,3.512,1.046,2.466,0.702,4,"ecc_fold_word_q_reg[0]_rep__2/C","vrf_wd_q_reg[0][37]/D","VRF/read/writeback","FDCE=2;LUT6=3;RAMS32=1"
657,1.485,5.000,3.512,1.046,2.466,0.702,4,"ecc_fold_word_q_reg[0]_rep__2/C","vrf_wd_q_reg[0][38]/D","VRF/read/writeback","FDCE=2;LUT6=3;RAMS32=1"
658,1.485,5.000,3.512,1.046,2.466,0.702,4,"ecc_fold_word_q_reg[0]_rep__2/C","vrf_wd_q_reg[0][39]/D","VRF/read/writeback","FDCE=2;LUT6=3;RAMS32=1"
659,1.485,5.000,3.512,1.046,2.466,0.702,4,"ecc_fold_word_q_reg[0]_rep__0/C","vrf_wd_q_reg[0][3]/D","VRF/read/writeback","FDCE=2;LUT6=3;RAMS32=1"
660,1.485,5.000,3.512,1.046,2.466,0.702,4,"ecc_fold_word_q_reg[0]_rep__2/C","vrf_wd_q_reg[0][40]/D","VRF/read/writeback","FDCE=2;LUT6=3;RAMS32=1"
661,1.485,5.000,3.512,1.046,2.466,0.702,4,"ecc_fold_word_q_reg[0]_rep__2/C","vrf_wd_q_reg[0][41]/D","VRF/read/writeback","FDCE=2;LUT6=3;RAMS32=1"
662,1.485,5.000,3.512,1.046,2.466,0.702,4,"ecc_fold_word_q_reg[0]_rep__2/C","vrf_wd_q_reg[0][42]/D","VRF/read/writeback","FDCE=2;LUT6=3;RAMS32=1"
663,1.485,5.000,3.512,1.046,2.466,0.702,4,"ecc_fold_word_q_reg[0]_rep__2/C","vrf_wd_q_reg[0][43]/D","VRF/read/writeback","FDCE=2;LUT6=3;RAMS32=1"
664,1.485,5.000,3.512,1.046,2.466,0.702,4,"ecc_fold_word_q_reg[0]_rep__2/C","vrf_wd_q_reg[0][44]/D","VRF/read/writeback","FDCE=2;LUT6=3;RAMS32=1"
665,1.485,5.000,3.512,1.046,2.466,0.702,4,"ecc_fold_word_q_reg[0]_rep__2/C","vrf_wd_q_reg[0][45]/D","VRF/read/writeback","FDCE=2;LUT6=3;RAMS32=1"
666,1.485,5.000,3.512,1.046,2.466,0.702,4,"ecc_fold_word_q_reg[0]_rep__2/C","vrf_wd_q_reg[0][46]/D","VRF/read/writeback","FDCE=2;LUT6=3;RAMS32=1"
667,1.485,5.000,3.512,1.046,2.466,0.702,4,"ecc_fold_word_q_reg[0]_rep__2/C","vrf_wd_q_reg[0][47]/D","VRF/read/writeback","FDCE=2;LUT6=3;RAMS32=1"
668,1.485,5.000,3.512,1.046,2.466,0.702,4,"ecc_fold_word_q_reg[0]_rep__2/C","vrf_wd_q_reg[0][48]/D","VRF/read/writeback","FDCE=2;LUT6=3;RAMS32=1"
669,1.485,5.000,3.512,1.046,2.466,0.702,4,"ecc_fold_word_q_reg[0]_rep__2/C","vrf_wd_q_reg[0][49]/D","VRF/read/writeback","FDCE=2;LUT6=3;RAMS32=1"
670,1.485,5.000,3.512,1.046,2.466,0.702,4,"ecc_fold_word_q_reg[0]_rep__0/C","vrf_wd_q_reg[0][4]/D","VRF/read/writeback","FDCE=2;LUT6=3;RAMS32=1"
671,1.485,5.000,3.512,1.046,2.466,0.702,4,"ecc_fold_word_q_reg[0]_rep__2/C","vrf_wd_q_reg[0][50]/D","VRF/read/writeback","FDCE=2;LUT6=3;RAMS32=1"
672,1.485,5.000,3.512,1.046,2.466,0.702,4,"ecc_fold_word_q_reg[0]_rep__2/C","vrf_wd_q_reg[0][51]/D","VRF/read/writeback","FDCE=2;LUT6=3;RAMS32=1"
673,1.485,5.000,3.512,1.046,2.466,0.702,4,"ecc_fold_word_q_reg[0]_rep__1/C","vrf_wd_q_reg[0][52]/D","VRF/read/writeback","FDCE=2;LUT6=3;RAMS32=1"
674,1.485,5.000,3.512,1.046,2.466,0.702,4,"ecc_fold_word_q_reg[0]_rep__1/C","vrf_wd_q_reg[0][53]/D","VRF/read/writeback","FDCE=2;LUT6=3;RAMS32=1"
675,1.485,5.000,3.512,1.046,2.466,0.702,4,"ecc_fold_word_q_reg[0]_rep__1/C","vrf_wd_q_reg[0][54]/D","VRF/read/writeback","FDCE=2;LUT6=3;RAMS32=1"
676,1.485,5.000,3.512,1.046,2.466,0.702,4,"ecc_fold_word_q_reg[0]_rep__1/C","vrf_wd_q_reg[0][55]/D","VRF/read/writeback","FDCE=2;LUT6=3;RAMS32=1"
677,1.485,5.000,3.512,1.046,2.466,0.702,4,"ecc_fold_word_q_reg[0]_rep__1/C","vrf_wd_q_reg[0][56]/D","VRF/read/writeback","FDCE=2;LUT6=3;RAMS32=1"
678,1.485,5.000,3.512,1.046,2.466,0.702,4,"ecc_fold_word_q_reg[0]_rep__1/C","vrf_wd_q_reg[0][57]/D","VRF/read/writeback","FDCE=2;LUT6=3;RAMS32=1"
679,1.485,5.000,3.512,1.046,2.466,0.702,4,"ecc_fold_word_q_reg[0]_rep__1/C","vrf_wd_q_reg[0][58]/D","VRF/read/writeback","FDCE=2;LUT6=3;RAMS32=1"
680,1.485,5.000,3.512,1.046,2.466,0.702,4,"ecc_fold_word_q_reg[0]_rep__1/C","vrf_wd_q_reg[0][59]/D","VRF/read/writeback","FDCE=2;LUT6=3;RAMS32=1"
681,1.485,5.000,3.512,1.046,2.466,0.702,4,"ecc_fold_word_q_reg[0]_rep__0/C","vrf_wd_q_reg[0][5]/D","VRF/read/writeback","FDCE=2;LUT6=3;RAMS32=1"
682,1.485,5.000,3.512,1.046,2.466,0.702,4,"ecc_fold_word_q_reg[0]_rep__1/C","vrf_wd_q_reg[0][60]/D","VRF/read/writeback","FDCE=2;LUT6=3;RAMS32=1"
683,1.485,5.000,3.512,1.046,2.466,0.702,4,"ecc_fold_word_q_reg[0]_rep__1/C","vrf_wd_q_reg[0][61]/D","VRF/read/writeback","FDCE=2;LUT6=3;RAMS32=1"
684,1.485,5.000,3.512,1.046,2.466,0.702,4,"ecc_fold_word_q_reg[0]_rep__1/C","vrf_wd_q_reg[0][62]/D","VRF/read/writeback","FDCE=2;LUT6=3;RAMS32=1"
685,1.485,5.000,3.512,1.046,2.466,0.702,4,"ecc_fold_word_q_reg[0]_rep__1/C","vrf_wd_q_reg[0][63]/D","VRF/read/writeback","FDCE=2;LUT6=3;RAMS32=1"
686,1.485,5.000,3.512,1.046,2.466,0.702,4,"ecc_fold_word_q_reg[0]_rep__0/C","vrf_wd_q_reg[0][6]/D","VRF/read/writeback","FDCE=2;LUT6=3;RAMS32=1"
687,1.485,5.000,3.512,1.046,2.466,0.702,4,"ecc_fold_word_q_reg[0]_rep__0/C","vrf_wd_q_reg[0][7]/D","VRF/read/writeback","FDCE=2;LUT6=3;RAMS32=1"
688,1.485,5.000,3.512,1.046,2.466,0.702,4,"ecc_fold_word_q_reg[0]_rep__0/C","vrf_wd_q_reg[0][8]/D","VRF/read/writeback","FDCE=2;LUT6=3;RAMS32=1"
689,1.485,5.000,3.512,1.046,2.466,0.702,4,"ecc_fold_word_q_reg[0]_rep__0/C","vrf_wd_q_reg[0][9]/D","VRF/read/writeback","FDCE=2;LUT6=3;RAMS32=1"
690,1.485,5.000,3.512,1.046,2.466,0.702,4,"ecc_fold_word_q_reg[0]_rep__1/C","vrf_wd_q_reg[1][0]/D","VRF/read/writeback","FDCE=2;LUT5=2;LUT6=1;RAMS32=1"
691,1.485,5.000,3.512,1.046,2.466,0.702,4,"ecc_fold_word_q_reg[0]_rep__0/C","vrf_wd_q_reg[1][10]/D","VRF/read/writeback","FDCE=2;LUT5=2;LUT6=1;RAMS32=1"
692,1.485,5.000,3.512,1.046,2.466,0.702,4,"ecc_fold_word_q_reg[0]_rep__0/C","vrf_wd_q_reg[1][11]/D","VRF/read/writeback","FDCE=2;LUT5=2;LUT6=1;RAMS32=1"
693,1.485,5.000,3.512,1.046,2.466,0.702,4,"ecc_fold_word_q_reg[0]_rep__0/C","vrf_wd_q_reg[1][12]/D","VRF/read/writeback","FDCE=2;LUT5=2;LUT6=1;RAMS32=1"
694,1.485,5.000,3.512,1.046,2.466,0.702,4,"ecc_fold_word_q_reg[0]_rep__0/C","vrf_wd_q_reg[1][13]/D","VRF/read/writeback","FDCE=2;LUT5=2;LUT6=1;RAMS32=1"
695,1.485,5.000,3.512,1.046,2.466,0.702,4,"ecc_fold_word_q_reg[0]_rep__0/C","vrf_wd_q_reg[1][14]/D","VRF/read/writeback","FDCE=2;LUT5=2;LUT6=1;RAMS32=1"
696,1.485,5.000,3.512,1.046,2.466,0.702,4,"ecc_fold_word_q_reg[0]_rep__0/C","vrf_wd_q_reg[1][15]/D","VRF/read/writeback","FDCE=2;LUT5=2;LUT6=1;RAMS32=1"
697,1.485,5.000,3.512,1.046,2.466,0.702,4,"ecc_fold_word_q_reg[0]_rep__0/C","vrf_wd_q_reg[1][16]/D","VRF/read/writeback","FDCE=2;LUT5=2;LUT6=1;RAMS32=1"
698,1.485,5.000,3.512,1.046,2.466,0.702,4,"ecc_fold_word_q_reg[0]_rep__0/C","vrf_wd_q_reg[1][17]/D","VRF/read/writeback","FDCE=2;LUT5=2;LUT6=1;RAMS32=1"
699,1.485,5.000,3.512,1.046,2.466,0.702,4,"ecc_fold_word_q_reg[0]_rep__0/C","vrf_wd_q_reg[1][18]/D","VRF/read/writeback","FDCE=2;LUT5=2;LUT6=1;RAMS32=1"
700,1.485,5.000,3.512,1.046,2.466,0.702,4,"ecc_fold_word_q_reg[0]_rep__0/C","vrf_wd_q_reg[1][1]/D","VRF/read/writeback","FDCE=2;LUT5=2;LUT6=1;RAMS32=1"
701,1.485,5.000,3.512,1.046,2.466,0.702,4,"ecc_fold_word_q_reg[0]_rep__0/C","vrf_wd_q_reg[1][2]/D","VRF/read/writeback","FDCE=2;LUT5=2;LUT6=1;RAMS32=1"
702,1.485,5.000,3.512,1.046,2.466,0.702,4,"ecc_fold_word_q_reg[0]_rep__1/C","vrf_wd_q_reg[1][31]/D","VRF/read/writeback","FDCE=2;LUT5=2;LUT6=1;RAMS32=1"
703,1.485,5.000,3.512,1.046,2.466,0.702,4,"ecc_fold_word_q_reg[0]_rep__2/C","vrf_wd_q_reg[1][32]/D","VRF/read/writeback","FDCE=2;LUT5=2;LUT6=1;RAMS32=1"
704,1.485,5.000,3.512,1.046,2.466,0.702,4,"ecc_fold_word_q_reg[0]_rep__2/C","vrf_wd_q_reg[1][33]/D","VRF/read/writeback","FDCE=2;LUT5=2;LUT6=1;RAMS32=1"
705,1.485,5.000,3.512,1.046,2.466,0.702,4,"ecc_fold_word_q_reg[0]_rep__2/C","vrf_wd_q_reg[1][34]/D","VRF/read/writeback","FDCE=2;LUT5=2;LUT6=1;RAMS32=1"
706,1.485,5.000,3.512,1.046,2.466,0.702,4,"ecc_fold_word_q_reg[0]_rep__2/C","vrf_wd_q_reg[1][35]/D","VRF/read/writeback","FDCE=2;LUT5=2;LUT6=1;RAMS32=1"
707,1.485,5.000,3.512,1.046,2.466,0.702,4,"ecc_fold_word_q_reg[0]_rep__2/C","vrf_wd_q_reg[1][36]/D","VRF/read/writeback","FDCE=2;LUT5=2;LUT6=1;RAMS32=1"
708,1.485,5.000,3.512,1.046,2.466,0.702,4,"ecc_fold_word_q_reg[0]_rep__2/C","vrf_wd_q_reg[1][37]/D","VRF/read/writeback","FDCE=2;LUT5=2;LUT6=1;RAMS32=1"
709,1.485,5.000,3.512,1.046,2.466,0.702,4,"ecc_fold_word_q_reg[0]_rep__2/C","vrf_wd_q_reg[1][38]/D","VRF/read/writeback","FDCE=2;LUT5=2;LUT6=1;RAMS32=1"
710,1.485,5.000,3.512,1.046,2.466,0.702,4,"ecc_fold_word_q_reg[0]_rep__2/C","vrf_wd_q_reg[1][39]/D","VRF/read/writeback","FDCE=2;LUT5=2;LUT6=1;RAMS32=1"
711,1.485,5.000,3.512,1.046,2.466,0.702,4,"ecc_fold_word_q_reg[0]_rep__0/C","vrf_wd_q_reg[1][3]/D","VRF/read/writeback","FDCE=2;LUT5=2;LUT6=1;RAMS32=1"
712,1.485,5.000,3.512,1.046,2.466,0.702,4,"ecc_fold_word_q_reg[0]_rep__2/C","vrf_wd_q_reg[1][40]/D","VRF/read/writeback","FDCE=2;LUT5=2;LUT6=1;RAMS32=1"
713,1.485,5.000,3.512,1.046,2.466,0.702,4,"ecc_fold_word_q_reg[0]_rep__2/C","vrf_wd_q_reg[1][41]/D","VRF/read/writeback","FDCE=2;LUT5=2;LUT6=1;RAMS32=1"
714,1.485,5.000,3.512,1.046,2.466,0.702,4,"ecc_fold_word_q_reg[0]_rep__2/C","vrf_wd_q_reg[1][42]/D","VRF/read/writeback","FDCE=2;LUT5=2;LUT6=1;RAMS32=1"
715,1.485,5.000,3.512,1.046,2.466,0.702,4,"ecc_fold_word_q_reg[0]_rep__2/C","vrf_wd_q_reg[1][43]/D","VRF/read/writeback","FDCE=2;LUT5=2;LUT6=1;RAMS32=1"
716,1.485,5.000,3.512,1.046,2.466,0.702,4,"ecc_fold_word_q_reg[0]_rep__2/C","vrf_wd_q_reg[1][44]/D","VRF/read/writeback","FDCE=2;LUT5=2;LUT6=1;RAMS32=1"
717,1.485,5.000,3.512,1.046,2.466,0.702,4,"ecc_fold_word_q_reg[0]_rep__2/C","vrf_wd_q_reg[1][45]/D","VRF/read/writeback","FDCE=2;LUT5=2;LUT6=1;RAMS32=1"
718,1.485,5.000,3.512,1.046,2.466,0.702,4,"ecc_fold_word_q_reg[0]_rep__2/C","vrf_wd_q_reg[1][46]/D","VRF/read/writeback","FDCE=2;LUT5=2;LUT6=1;RAMS32=1"
719,1.485,5.000,3.512,1.046,2.466,0.702,4,"ecc_fold_word_q_reg[0]_rep__2/C","vrf_wd_q_reg[1][47]/D","VRF/read/writeback","FDCE=2;LUT5=2;LUT6=1;RAMS32=1"
720,1.485,5.000,3.512,1.046,2.466,0.702,4,"ecc_fold_word_q_reg[0]_rep__2/C","vrf_wd_q_reg[1][48]/D","VRF/read/writeback","FDCE=2;LUT5=2;LUT6=1;RAMS32=1"
721,1.485,5.000,3.512,1.046,2.466,0.702,4,"ecc_fold_word_q_reg[0]_rep__2/C","vrf_wd_q_reg[1][49]/D","VRF/read/writeback","FDCE=2;LUT5=2;LUT6=1;RAMS32=1"
722,1.485,5.000,3.512,1.046,2.466,0.702,4,"ecc_fold_word_q_reg[0]_rep__0/C","vrf_wd_q_reg[1][4]/D","VRF/read/writeback","FDCE=2;LUT5=2;LUT6=1;RAMS32=1"
723,1.485,5.000,3.512,1.046,2.466,0.702,4,"ecc_fold_word_q_reg[0]_rep__2/C","vrf_wd_q_reg[1][50]/D","VRF/read/writeback","FDCE=2;LUT5=2;LUT6=1;RAMS32=1"
724,1.485,5.000,3.512,1.046,2.466,0.702,4,"ecc_fold_word_q_reg[0]_rep__2/C","vrf_wd_q_reg[1][51]/D","VRF/read/writeback","FDCE=2;LUT5=2;LUT6=1;RAMS32=1"
725,1.485,5.000,3.512,1.046,2.466,0.702,4,"ecc_fold_word_q_reg[0]_rep__1/C","vrf_wd_q_reg[1][52]/D","VRF/read/writeback","FDCE=2;LUT5=2;LUT6=1;RAMS32=1"
726,1.485,5.000,3.512,1.046,2.466,0.702,4,"ecc_fold_word_q_reg[0]_rep__1/C","vrf_wd_q_reg[1][53]/D","VRF/read/writeback","FDCE=2;LUT5=2;LUT6=1;RAMS32=1"
727,1.485,5.000,3.512,1.046,2.466,0.702,4,"ecc_fold_word_q_reg[0]_rep__1/C","vrf_wd_q_reg[1][54]/D","VRF/read/writeback","FDCE=2;LUT5=2;LUT6=1;RAMS32=1"
728,1.485,5.000,3.512,1.046,2.466,0.702,4,"ecc_fold_word_q_reg[0]_rep__1/C","vrf_wd_q_reg[1][55]/D","VRF/read/writeback","FDCE=2;LUT5=2;LUT6=1;RAMS32=1"
729,1.485,5.000,3.512,1.046,2.466,0.702,4,"ecc_fold_word_q_reg[0]_rep__1/C","vrf_wd_q_reg[1][56]/D","VRF/read/writeback","FDCE=2;LUT5=2;LUT6=1;RAMS32=1"
730,1.485,5.000,3.512,1.046,2.466,0.702,4,"ecc_fold_word_q_reg[0]_rep__1/C","vrf_wd_q_reg[1][57]/D","VRF/read/writeback","FDCE=2;LUT5=2;LUT6=1;RAMS32=1"
731,1.485,5.000,3.512,1.046,2.466,0.702,4,"ecc_fold_word_q_reg[0]_rep__1/C","vrf_wd_q_reg[1][58]/D","VRF/read/writeback","FDCE=2;LUT5=2;LUT6=1;RAMS32=1"
732,1.485,5.000,3.512,1.046,2.466,0.702,4,"ecc_fold_word_q_reg[0]_rep__1/C","vrf_wd_q_reg[1][59]/D","VRF/read/writeback","FDCE=2;LUT5=2;LUT6=1;RAMS32=1"
733,1.485,5.000,3.512,1.046,2.466,0.702,4,"ecc_fold_word_q_reg[0]_rep__0/C","vrf_wd_q_reg[1][5]/D","VRF/read/writeback","FDCE=2;LUT5=2;LUT6=1;RAMS32=1"
734,1.485,5.000,3.512,1.046,2.466,0.702,4,"ecc_fold_word_q_reg[0]_rep__1/C","vrf_wd_q_reg[1][60]/D","VRF/read/writeback","FDCE=2;LUT5=2;LUT6=1;RAMS32=1"
735,1.485,5.000,3.512,1.046,2.466,0.702,4,"ecc_fold_word_q_reg[0]_rep__1/C","vrf_wd_q_reg[1][61]/D","VRF/read/writeback","FDCE=2;LUT5=2;LUT6=1;RAMS32=1"
736,1.485,5.000,3.512,1.046,2.466,0.702,4,"ecc_fold_word_q_reg[0]_rep__1/C","vrf_wd_q_reg[1][62]/D","VRF/read/writeback","FDCE=2;LUT5=2;LUT6=1;RAMS32=1"
737,1.485,5.000,3.512,1.046,2.466,0.702,4,"ecc_fold_word_q_reg[0]_rep__1/C","vrf_wd_q_reg[1][63]/D","VRF/read/writeback","FDCE=2;LUT5=2;LUT6=1;RAMS32=1"
738,1.485,5.000,3.512,1.046,2.466,0.702,4,"ecc_fold_word_q_reg[0]_rep__0/C","vrf_wd_q_reg[1][6]/D","VRF/read/writeback","FDCE=2;LUT5=2;LUT6=1;RAMS32=1"
739,1.485,5.000,3.512,1.046,2.466,0.702,4,"ecc_fold_word_q_reg[0]_rep__0/C","vrf_wd_q_reg[1][7]/D","VRF/read/writeback","FDCE=2;LUT5=2;LUT6=1;RAMS32=1"
740,1.485,5.000,3.512,1.046,2.466,0.702,4,"ecc_fold_word_q_reg[0]_rep__0/C","vrf_wd_q_reg[1][8]/D","VRF/read/writeback","FDCE=2;LUT5=2;LUT6=1;RAMS32=1"
741,1.485,5.000,3.512,1.046,2.466,0.702,4,"ecc_fold_word_q_reg[0]_rep__0/C","vrf_wd_q_reg[1][9]/D","VRF/read/writeback","FDCE=2;LUT5=2;LUT6=1;RAMS32=1"
742,1.486,5.000,3.511,1.046,2.465,0.702,4,"ecc_fold_word_q_reg[0]_rep/C","vrf_wd_q_reg[0][19]/D","VRF/read/writeback","FDCE=2;LUT6=3;RAMS32=1"
743,1.486,5.000,3.511,1.046,2.465,0.702,4,"ecc_fold_word_q_reg[0]_rep/C","vrf_wd_q_reg[0][20]/D","VRF/read/writeback","FDCE=2;LUT6=3;RAMS32=1"
744,1.486,5.000,3.511,1.046,2.465,0.702,4,"ecc_fold_word_q_reg[0]_rep/C","vrf_wd_q_reg[0][21]/D","VRF/read/writeback","FDCE=2;LUT6=3;RAMS32=1"
745,1.486,5.000,3.511,1.046,2.465,0.702,4,"ecc_fold_word_q_reg[0]_rep/C","vrf_wd_q_reg[0][22]/D","VRF/read/writeback","FDCE=2;LUT6=3;RAMS32=1"
746,1.486,5.000,3.511,1.046,2.465,0.702,4,"ecc_fold_word_q_reg[0]_rep/C","vrf_wd_q_reg[0][23]/D","VRF/read/writeback","FDCE=2;LUT6=3;RAMS32=1"
747,1.486,5.000,3.511,1.046,2.465,0.702,4,"ecc_fold_word_q_reg[0]_rep/C","vrf_wd_q_reg[0][24]/D","VRF/read/writeback","FDCE=2;LUT6=3;RAMS32=1"
748,1.486,5.000,3.511,1.046,2.465,0.702,4,"ecc_fold_word_q_reg[0]_rep/C","vrf_wd_q_reg[0][25]/D","VRF/read/writeback","FDCE=2;LUT6=3;RAMS32=1"
749,1.486,5.000,3.511,1.046,2.465,0.702,4,"ecc_fold_word_q_reg[0]_rep/C","vrf_wd_q_reg[0][26]/D","VRF/read/writeback","FDCE=2;LUT6=3;RAMS32=1"
750,1.486,5.000,3.511,1.046,2.465,0.702,4,"ecc_fold_word_q_reg[0]_rep/C","vrf_wd_q_reg[0][27]/D","VRF/read/writeback","FDCE=2;LUT6=3;RAMS32=1"
751,1.486,5.000,3.511,1.046,2.465,0.702,4,"ecc_fold_word_q_reg[0]_rep/C","vrf_wd_q_reg[0][28]/D","VRF/read/writeback","FDCE=2;LUT6=3;RAMS32=1"
752,1.486,5.000,3.511,1.046,2.465,0.702,4,"ecc_fold_word_q_reg[0]_rep/C","vrf_wd_q_reg[0][29]/D","VRF/read/writeback","FDCE=2;LUT6=3;RAMS32=1"
753,1.486,5.000,3.511,1.046,2.465,0.702,4,"ecc_fold_word_q_reg[0]_rep/C","vrf_wd_q_reg[0][30]/D","VRF/read/writeback","FDCE=2;LUT6=3;RAMS32=1"
754,1.486,5.000,3.511,1.046,2.465,0.702,4,"ecc_fold_word_q_reg[0]_rep/C","vrf_wd_q_reg[1][19]/D","VRF/read/writeback","FDCE=2;LUT5=2;LUT6=1;RAMS32=1"
755,1.486,5.000,3.511,1.046,2.465,0.702,4,"ecc_fold_word_q_reg[0]_rep/C","vrf_wd_q_reg[1][20]/D","VRF/read/writeback","FDCE=2;LUT5=2;LUT6=1;RAMS32=1"
756,1.486,5.000,3.511,1.046,2.465,0.702,4,"ecc_fold_word_q_reg[0]_rep/C","vrf_wd_q_reg[1][21]/D","VRF/read/writeback","FDCE=2;LUT5=2;LUT6=1;RAMS32=1"
757,1.486,5.000,3.511,1.046,2.465,0.702,4,"ecc_fold_word_q_reg[0]_rep/C","vrf_wd_q_reg[1][22]/D","VRF/read/writeback","FDCE=2;LUT5=2;LUT6=1;RAMS32=1"
758,1.486,5.000,3.511,1.046,2.465,0.702,4,"ecc_fold_word_q_reg[0]_rep/C","vrf_wd_q_reg[1][23]/D","VRF/read/writeback","FDCE=2;LUT5=2;LUT6=1;RAMS32=1"
759,1.486,5.000,3.511,1.046,2.465,0.702,4,"ecc_fold_word_q_reg[0]_rep/C","vrf_wd_q_reg[1][24]/D","VRF/read/writeback","FDCE=2;LUT5=2;LUT6=1;RAMS32=1"
760,1.486,5.000,3.511,1.046,2.465,0.702,4,"ecc_fold_word_q_reg[0]_rep/C","vrf_wd_q_reg[1][25]/D","VRF/read/writeback","FDCE=2;LUT5=2;LUT6=1;RAMS32=1"
761,1.486,5.000,3.511,1.046,2.465,0.702,4,"ecc_fold_word_q_reg[0]_rep/C","vrf_wd_q_reg[1][26]/D","VRF/read/writeback","FDCE=2;LUT5=2;LUT6=1;RAMS32=1"
762,1.486,5.000,3.511,1.046,2.465,0.702,4,"ecc_fold_word_q_reg[0]_rep/C","vrf_wd_q_reg[1][27]/D","VRF/read/writeback","FDCE=2;LUT5=2;LUT6=1;RAMS32=1"
763,1.486,5.000,3.511,1.046,2.465,0.702,4,"ecc_fold_word_q_reg[0]_rep/C","vrf_wd_q_reg[1][28]/D","VRF/read/writeback","FDCE=2;LUT5=2;LUT6=1;RAMS32=1"
764,1.486,5.000,3.511,1.046,2.465,0.702,4,"ecc_fold_word_q_reg[0]_rep/C","vrf_wd_q_reg[1][29]/D","VRF/read/writeback","FDCE=2;LUT5=2;LUT6=1;RAMS32=1"
765,1.486,5.000,3.511,1.046,2.465,0.702,4,"ecc_fold_word_q_reg[0]_rep/C","vrf_wd_q_reg[1][30]/D","VRF/read/writeback","FDCE=2;LUT5=2;LUT6=1;RAMS32=1"
766,1.489,5.000,3.508,1.046,2.462,0.702,4,"ecc_fold_word_q_reg[0]_rep__1/C","vrf_wd_q_reg[2][0]/D","VRF/read/writeback","FDCE=2;LUT6=3;RAMS32=1"
767,1.489,5.000,3.508,1.046,2.462,0.702,4,"ecc_fold_word_q_reg[0]_rep__0/C","vrf_wd_q_reg[2][10]/D","VRF/read/writeback","FDCE=2;LUT6=3;RAMS32=1"
768,1.489,5.000,3.508,1.046,2.462,0.702,4,"ecc_fold_word_q_reg[0]_rep__0/C","vrf_wd_q_reg[2][11]/D","VRF/read/writeback","FDCE=2;LUT6=3;RAMS32=1"
769,1.489,5.000,3.508,1.046,2.462,0.702,4,"ecc_fold_word_q_reg[0]_rep__0/C","vrf_wd_q_reg[2][12]/D","VRF/read/writeback","FDCE=2;LUT6=3;RAMS32=1"
770,1.489,5.000,3.508,1.046,2.462,0.702,4,"ecc_fold_word_q_reg[0]_rep__0/C","vrf_wd_q_reg[2][13]/D","VRF/read/writeback","FDCE=2;LUT6=3;RAMS32=1"
771,1.489,5.000,3.508,1.046,2.462,0.702,4,"ecc_fold_word_q_reg[0]_rep__0/C","vrf_wd_q_reg[2][14]/D","VRF/read/writeback","FDCE=2;LUT6=3;RAMS32=1"
772,1.489,5.000,3.508,1.046,2.462,0.702,4,"ecc_fold_word_q_reg[0]_rep__0/C","vrf_wd_q_reg[2][15]/D","VRF/read/writeback","FDCE=2;LUT6=3;RAMS32=1"
773,1.489,5.000,3.508,1.046,2.462,0.702,4,"ecc_fold_word_q_reg[0]_rep__0/C","vrf_wd_q_reg[2][16]/D","VRF/read/writeback","FDCE=2;LUT6=3;RAMS32=1"
774,1.489,5.000,3.508,1.046,2.462,0.702,4,"ecc_fold_word_q_reg[0]_rep__0/C","vrf_wd_q_reg[2][17]/D","VRF/read/writeback","FDCE=2;LUT6=3;RAMS32=1"
775,1.489,5.000,3.508,1.046,2.462,0.702,4,"ecc_fold_word_q_reg[0]_rep__0/C","vrf_wd_q_reg[2][1]/D","VRF/read/writeback","FDCE=2;LUT6=3;RAMS32=1"
776,1.489,5.000,3.508,1.046,2.462,0.702,4,"ecc_fold_word_q_reg[0]_rep__0/C","vrf_wd_q_reg[2][2]/D","VRF/read/writeback","FDCE=2;LUT6=3;RAMS32=1"
777,1.489,5.000,3.508,1.046,2.462,0.702,4,"ecc_fold_word_q_reg[0]_rep__1/C","vrf_wd_q_reg[2][31]/D","VRF/read/writeback","FDCE=2;LUT6=3;RAMS32=1"
778,1.489,5.000,3.508,1.046,2.462,0.702,4,"ecc_fold_word_q_reg[0]_rep__1/C","vrf_wd_q_reg[2][32]/D","VRF/read/writeback","FDCE=2;LUT6=3;RAMS32=1"
779,1.489,5.000,3.508,1.046,2.462,0.702,4,"ecc_fold_word_q_reg[0]_rep__1/C","vrf_wd_q_reg[2][33]/D","VRF/read/writeback","FDCE=2;LUT6=3;RAMS32=1"
780,1.489,5.000,3.508,1.046,2.462,0.702,4,"ecc_fold_word_q_reg[0]_rep__1/C","vrf_wd_q_reg[2][34]/D","VRF/read/writeback","FDCE=2;LUT6=3;RAMS32=1"
781,1.489,5.000,3.508,1.046,2.462,0.702,4,"ecc_fold_word_q_reg[0]_rep__1/C","vrf_wd_q_reg[2][35]/D","VRF/read/writeback","FDCE=2;LUT6=3;RAMS32=1"
782,1.489,5.000,3.508,1.046,2.462,0.702,4,"ecc_fold_word_q_reg[0]_rep__1/C","vrf_wd_q_reg[2][36]/D","VRF/read/writeback","FDCE=2;LUT6=3;RAMS32=1"
783,1.489,5.000,3.508,1.046,2.462,0.702,4,"ecc_fold_word_q_reg[0]_rep__1/C","vrf_wd_q_reg[2][37]/D","VRF/read/writeback","FDCE=2;LUT6=3;RAMS32=1"
784,1.489,5.000,3.508,1.046,2.462,0.702,4,"ecc_fold_word_q_reg[0]_rep__1/C","vrf_wd_q_reg[2][38]/D","VRF/read/writeback","FDCE=2;LUT6=3;RAMS32=1"
785,1.489,5.000,3.508,1.046,2.462,0.702,4,"ecc_fold_word_q_reg[0]_rep__1/C","vrf_wd_q_reg[2][39]/D","VRF/read/writeback","FDCE=2;LUT6=3;RAMS32=1"
786,1.489,5.000,3.508,1.046,2.462,0.702,4,"ecc_fold_word_q_reg[0]_rep__0/C","vrf_wd_q_reg[2][3]/D","VRF/read/writeback","FDCE=2;LUT6=3;RAMS32=1"
787,1.489,5.000,3.508,1.046,2.462,0.702,4,"ecc_fold_word_q_reg[0]_rep__1/C","vrf_wd_q_reg[2][40]/D","VRF/read/writeback","FDCE=2;LUT6=3;RAMS32=1"
788,1.489,5.000,3.508,1.046,2.462,0.702,4,"ecc_fold_word_q_reg[0]_rep__1/C","vrf_wd_q_reg[2][41]/D","VRF/read/writeback","FDCE=2;LUT6=3;RAMS32=1"
789,1.489,5.000,3.508,1.046,2.462,0.702,4,"ecc_fold_word_q_reg[0]_rep__1/C","vrf_wd_q_reg[2][42]/D","VRF/read/writeback","FDCE=2;LUT6=3;RAMS32=1"
790,1.489,5.000,3.508,1.046,2.462,0.702,4,"ecc_fold_word_q_reg[0]_rep__1/C","vrf_wd_q_reg[2][43]/D","VRF/read/writeback","FDCE=2;LUT6=3;RAMS32=1"
791,1.489,5.000,3.508,1.046,2.462,0.702,4,"ecc_fold_word_q_reg[0]_rep__1/C","vrf_wd_q_reg[2][44]/D","VRF/read/writeback","FDCE=2;LUT6=3;RAMS32=1"
792,1.489,5.000,3.508,1.046,2.462,0.702,4,"ecc_fold_word_q_reg[0]_rep__1/C","vrf_wd_q_reg[2][45]/D","VRF/read/writeback","FDCE=2;LUT6=3;RAMS32=1"
793,1.489,5.000,3.508,1.046,2.462,0.702,4,"ecc_fold_word_q_reg[0]_rep__1/C","vrf_wd_q_reg[2][46]/D","VRF/read/writeback","FDCE=2;LUT6=3;RAMS32=1"
794,1.489,5.000,3.508,1.046,2.462,0.702,4,"ecc_fold_word_q_reg[0]_rep__1/C","vrf_wd_q_reg[2][47]/D","VRF/read/writeback","FDCE=2;LUT6=3;RAMS32=1"
795,1.489,5.000,3.508,1.046,2.462,0.702,4,"ecc_fold_word_q_reg[0]_rep__1/C","vrf_wd_q_reg[2][48]/D","VRF/read/writeback","FDCE=2;LUT6=3;RAMS32=1"
796,1.489,5.000,3.508,1.046,2.462,0.702,4,"ecc_fold_word_q_reg[0]_rep__1/C","vrf_wd_q_reg[2][49]/D","VRF/read/writeback","FDCE=2;LUT6=3;RAMS32=1"
797,1.489,5.000,3.508,1.046,2.462,0.702,4,"ecc_fold_word_q_reg[0]_rep__0/C","vrf_wd_q_reg[2][4]/D","VRF/read/writeback","FDCE=2;LUT6=3;RAMS32=1"
798,1.489,5.000,3.508,1.046,2.462,0.702,4,"ecc_fold_word_q_reg[0]_rep__1/C","vrf_wd_q_reg[2][50]/D","VRF/read/writeback","FDCE=2;LUT6=3;RAMS32=1"
799,1.489,5.000,3.508,1.046,2.462,0.702,4,"ecc_fold_word_q_reg[0]_rep__1/C","vrf_wd_q_reg[2][51]/D","VRF/read/writeback","FDCE=2;LUT6=3;RAMS32=1"
800,1.489,5.000,3.508,1.046,2.462,0.702,4,"ecc_fold_word_q_reg[0]_rep__1/C","vrf_wd_q_reg[2][52]/D","VRF/read/writeback","FDCE=2;LUT6=3;RAMS32=1"
801,1.489,5.000,3.508,1.046,2.462,0.702,4,"ecc_fold_word_q_reg[0]_rep__1/C","vrf_wd_q_reg[2][53]/D","VRF/read/writeback","FDCE=2;LUT6=3;RAMS32=1"
802,1.489,5.000,3.508,1.046,2.462,0.702,4,"ecc_fold_word_q_reg[0]_rep__1/C","vrf_wd_q_reg[2][54]/D","VRF/read/writeback","FDCE=2;LUT6=3;RAMS32=1"
803,1.489,5.000,3.508,1.046,2.462,0.702,4,"ecc_fold_word_q_reg[0]_rep__1/C","vrf_wd_q_reg[2][55]/D","VRF/read/writeback","FDCE=2;LUT6=3;RAMS32=1"
804,1.489,5.000,3.508,1.046,2.462,0.702,4,"ecc_fold_word_q_reg[0]_rep__1/C","vrf_wd_q_reg[2][56]/D","VRF/read/writeback","FDCE=2;LUT6=3;RAMS32=1"
805,1.489,5.000,3.508,1.046,2.462,0.702,4,"ecc_fold_word_q_reg[0]_rep__1/C","vrf_wd_q_reg[2][57]/D","VRF/read/writeback","FDCE=2;LUT6=3;RAMS32=1"
806,1.489,5.000,3.508,1.046,2.462,0.702,4,"ecc_fold_word_q_reg[0]_rep__1/C","vrf_wd_q_reg[2][58]/D","VRF/read/writeback","FDCE=2;LUT6=3;RAMS32=1"
807,1.489,5.000,3.508,1.046,2.462,0.702,4,"ecc_fold_word_q_reg[0]_rep__1/C","vrf_wd_q_reg[2][59]/D","VRF/read/writeback","FDCE=2;LUT6=3;RAMS32=1"
808,1.489,5.000,3.508,1.046,2.462,0.702,4,"ecc_fold_word_q_reg[0]_rep__0/C","vrf_wd_q_reg[2][5]/D","VRF/read/writeback","FDCE=2;LUT6=3;RAMS32=1"
809,1.489,5.000,3.508,1.046,2.462,0.702,4,"ecc_fold_word_q_reg[0]_rep__1/C","vrf_wd_q_reg[2][60]/D","VRF/read/writeback","FDCE=2;LUT6=3;RAMS32=1"
810,1.489,5.000,3.508,1.046,2.462,0.702,4,"ecc_fold_word_q_reg[0]_rep__1/C","vrf_wd_q_reg[2][61]/D","VRF/read/writeback","FDCE=2;LUT6=3;RAMS32=1"
811,1.489,5.000,3.508,1.046,2.462,0.702,4,"ecc_fold_word_q_reg[0]_rep__1/C","vrf_wd_q_reg[2][62]/D","VRF/read/writeback","FDCE=2;LUT6=3;RAMS32=1"
812,1.489,5.000,3.508,1.046,2.462,0.702,4,"ecc_fold_word_q_reg[0]_rep__1/C","vrf_wd_q_reg[2][63]/D","VRF/read/writeback","FDCE=2;LUT6=3;RAMS32=1"
813,1.489,5.000,3.508,1.046,2.462,0.702,4,"ecc_fold_word_q_reg[0]_rep__0/C","vrf_wd_q_reg[2][6]/D","VRF/read/writeback","FDCE=2;LUT6=3;RAMS32=1"
814,1.489,5.000,3.508,1.046,2.462,0.702,4,"ecc_fold_word_q_reg[0]_rep__0/C","vrf_wd_q_reg[2][7]/D","VRF/read/writeback","FDCE=2;LUT6=3;RAMS32=1"
815,1.489,5.000,3.508,1.046,2.462,0.702,4,"ecc_fold_word_q_reg[0]_rep__0/C","vrf_wd_q_reg[2][8]/D","VRF/read/writeback","FDCE=2;LUT6=3;RAMS32=1"
816,1.489,5.000,3.508,1.046,2.462,0.702,4,"ecc_fold_word_q_reg[0]_rep__0/C","vrf_wd_q_reg[2][9]/D","VRF/read/writeback","FDCE=2;LUT6=3;RAMS32=1"
817,1.490,5.000,3.507,1.046,2.461,0.702,4,"ecc_fold_word_q_reg[0]_rep/C","vrf_wd_q_reg[2][18]/D","VRF/read/writeback","FDCE=2;LUT6=3;RAMS32=1"
818,1.490,5.000,3.507,1.046,2.461,0.702,4,"ecc_fold_word_q_reg[0]_rep/C","vrf_wd_q_reg[2][19]/D","VRF/read/writeback","FDCE=2;LUT6=3;RAMS32=1"
819,1.490,5.000,3.507,1.046,2.461,0.702,4,"ecc_fold_word_q_reg[0]_rep/C","vrf_wd_q_reg[2][20]/D","VRF/read/writeback","FDCE=2;LUT6=3;RAMS32=1"
820,1.490,5.000,3.507,1.046,2.461,0.702,4,"ecc_fold_word_q_reg[0]_rep/C","vrf_wd_q_reg[2][21]/D","VRF/read/writeback","FDCE=2;LUT6=3;RAMS32=1"
821,1.490,5.000,3.507,1.046,2.461,0.702,4,"ecc_fold_word_q_reg[0]_rep/C","vrf_wd_q_reg[2][22]/D","VRF/read/writeback","FDCE=2;LUT6=3;RAMS32=1"
822,1.490,5.000,3.507,1.046,2.461,0.702,4,"ecc_fold_word_q_reg[0]_rep/C","vrf_wd_q_reg[2][23]/D","VRF/read/writeback","FDCE=2;LUT6=3;RAMS32=1"
823,1.490,5.000,3.507,1.046,2.461,0.702,4,"ecc_fold_word_q_reg[0]_rep/C","vrf_wd_q_reg[2][24]/D","VRF/read/writeback","FDCE=2;LUT6=3;RAMS32=1"
824,1.490,5.000,3.507,1.046,2.461,0.702,4,"ecc_fold_word_q_reg[0]_rep/C","vrf_wd_q_reg[2][25]/D","VRF/read/writeback","FDCE=2;LUT6=3;RAMS32=1"
825,1.490,5.000,3.507,1.046,2.461,0.702,4,"ecc_fold_word_q_reg[0]_rep/C","vrf_wd_q_reg[2][26]/D","VRF/read/writeback","FDCE=2;LUT6=3;RAMS32=1"
826,1.490,5.000,3.507,1.046,2.461,0.702,4,"ecc_fold_word_q_reg[0]_rep/C","vrf_wd_q_reg[2][27]/D","VRF/read/writeback","FDCE=2;LUT6=3;RAMS32=1"
827,1.490,5.000,3.507,1.046,2.461,0.702,4,"ecc_fold_word_q_reg[0]_rep/C","vrf_wd_q_reg[2][28]/D","VRF/read/writeback","FDCE=2;LUT6=3;RAMS32=1"
828,1.490,5.000,3.507,1.046,2.461,0.702,4,"ecc_fold_word_q_reg[0]_rep/C","vrf_wd_q_reg[2][29]/D","VRF/read/writeback","FDCE=2;LUT6=3;RAMS32=1"
829,1.490,5.000,3.507,1.046,2.461,0.702,4,"ecc_fold_word_q_reg[0]_rep/C","vrf_wd_q_reg[2][30]/D","VRF/read/writeback","FDCE=2;LUT6=3;RAMS32=1"
830,1.540,5.000,3.249,0.980,2.269,0.698,4,"uop_p0_q_reg[class_idx][1]/C","hmatch_budget_q_reg[0]/CE","TOP control","FDCE=2;LUT4=1;LUT6=3"
831,1.540,5.000,3.249,0.980,2.269,0.698,4,"uop_p0_q_reg[class_idx][1]/C","hmatch_budget_q_reg[10]/CE","TOP control","FDCE=2;LUT4=1;LUT6=3"
832,1.540,5.000,3.249,0.980,2.269,0.698,4,"uop_p0_q_reg[class_idx][1]/C","hmatch_budget_q_reg[11]_inv/CE","TOP control","FDCE=1;FDPE=1;LUT4=1;LUT6=3"
833,1.540,5.000,3.249,0.980,2.269,0.698,4,"uop_p0_q_reg[class_idx][1]/C","hmatch_budget_q_reg[1]/CE","TOP control","FDCE=2;LUT4=1;LUT6=3"
834,1.540,5.000,3.249,0.980,2.269,0.698,4,"uop_p0_q_reg[class_idx][1]/C","hmatch_budget_q_reg[2]/CE","TOP control","FDCE=2;LUT4=1;LUT6=3"
835,1.540,5.000,3.249,0.980,2.269,0.698,4,"uop_p0_q_reg[class_idx][1]/C","hmatch_budget_q_reg[3]/CE","TOP control","FDCE=2;LUT4=1;LUT6=3"
836,1.540,5.000,3.249,0.980,2.269,0.698,4,"uop_p0_q_reg[class_idx][1]/C","hmatch_budget_q_reg[4]/CE","TOP control","FDCE=2;LUT4=1;LUT6=3"
837,1.540,5.000,3.249,0.980,2.269,0.698,4,"uop_p0_q_reg[class_idx][1]/C","hmatch_budget_q_reg[5]/CE","TOP control","FDCE=2;LUT4=1;LUT6=3"
838,1.540,5.000,3.249,0.980,2.269,0.698,4,"uop_p0_q_reg[class_idx][1]/C","hmatch_budget_q_reg[6]/CE","TOP control","FDCE=2;LUT4=1;LUT6=3"
839,1.540,5.000,3.249,0.980,2.269,0.698,4,"uop_p0_q_reg[class_idx][1]/C","hmatch_budget_q_reg[7]/CE","TOP control","FDCE=2;LUT4=1;LUT6=3"
840,1.540,5.000,3.249,0.980,2.269,0.698,4,"uop_p0_q_reg[class_idx][1]/C","hmatch_budget_q_reg[8]/CE","TOP control","FDCE=2;LUT4=1;LUT6=3"
841,1.540,5.000,3.249,0.980,2.269,0.698,4,"uop_p0_q_reg[class_idx][1]/C","hmatch_budget_q_reg[9]/CE","TOP control","FDCE=2;LUT4=1;LUT6=3"
842,1.558,5.000,3.231,1.000,2.231,0.690,4,"uop_p3_q_reg[op_type][0]/C","uop_p0_q_reg[chunk_idx][0]/CE","TOP control","FDCE=2;LUT3=1;LUT5=1;LUT6=2"
843,1.558,5.000,3.231,1.000,2.231,0.690,4,"uop_p3_q_reg[op_type][0]/C","uop_p0_q_reg[chunk_idx][1]/CE","TOP control","FDCE=2;LUT3=1;LUT5=1;LUT6=2"
844,1.558,5.000,3.231,1.000,2.231,0.690,4,"uop_p3_q_reg[op_type][0]/C","uop_p0_q_reg[class_idx][0]/CE","TOP control","FDCE=2;LUT3=1;LUT5=1;LUT6=2"
845,1.558,5.000,3.231,1.000,2.231,0.690,4,"uop_p3_q_reg[op_type][0]/C","uop_p0_q_reg[class_idx][1]/CE","TOP control","FDCE=2;LUT3=1;LUT5=1;LUT6=2"
846,1.558,5.000,3.231,1.000,2.231,0.690,4,"uop_p3_q_reg[op_type][0]/C","uop_p0_q_reg[class_idx][2]/CE","TOP control","FDCE=2;LUT3=1;LUT5=1;LUT6=2"
847,1.558,5.000,3.231,1.000,2.231,0.690,4,"uop_p3_q_reg[op_type][0]/C","uop_p0_q_reg[dst_addr][0]/CE","TOP control","FDCE=2;LUT3=1;LUT5=1;LUT6=2"
848,1.558,5.000,3.231,1.000,2.231,0.690,4,"uop_p3_q_reg[op_type][0]/C","uop_p0_q_reg[dst_addr][1]/CE","TOP control","FDCE=2;LUT3=1;LUT5=1;LUT6=2"
849,1.558,5.000,3.231,1.000,2.231,0.690,4,"uop_p3_q_reg[op_type][0]/C","uop_p0_q_reg[dst_addr][2]/CE","TOP control","FDCE=2;LUT3=1;LUT5=1;LUT6=2"
850,1.558,5.000,3.231,1.000,2.231,0.690,4,"uop_p3_q_reg[op_type][0]/C","uop_p0_q_reg[dst_addr][3]/CE","TOP control","FDCE=2;LUT3=1;LUT5=1;LUT6=2"
851,1.558,5.000,3.231,1.000,2.231,0.690,4,"uop_p3_q_reg[op_type][0]/C","uop_p0_q_reg[dst_addr][4]/CE","TOP control","FDCE=2;LUT3=1;LUT5=1;LUT6=2"
852,1.558,5.000,3.231,1.000,2.231,0.690,4,"uop_p3_q_reg[op_type][0]/C","uop_p0_q_reg[dst_addr][5]/CE","TOP control","FDCE=2;LUT3=1;LUT5=1;LUT6=2"
853,1.558,5.000,3.231,1.000,2.231,0.690,4,"uop_p3_q_reg[op_type][0]/C","uop_p0_q_reg[is_last_class]/CE","TOP control","FDCE=2;LUT3=1;LUT5=1;LUT6=2"
854,1.558,5.000,3.231,1.000,2.231,0.690,4,"uop_p3_q_reg[op_type][0]/C","uop_p0_q_reg[op_type][0]/CE","TOP control","FDCE=2;LUT3=1;LUT5=1;LUT6=2"
855,1.558,5.000,3.231,1.000,2.231,0.690,4,"uop_p3_q_reg[op_type][0]/C","uop_p0_q_reg[op_type][1]/CE","TOP control","FDCE=2;LUT3=1;LUT5=1;LUT6=2"
856,1.558,5.000,3.231,1.000,2.231,0.690,4,"uop_p3_q_reg[op_type][0]/C","uop_p0_q_reg[op_type][2]/CE","TOP control","FDCE=2;LUT3=1;LUT5=1;LUT6=2"
857,1.558,5.000,3.231,1.000,2.231,0.690,4,"uop_p3_q_reg[op_type][0]/C","uop_p0_q_reg[perm_nibble][0]/CE","TOP control","FDCE=2;LUT3=1;LUT5=1;LUT6=2"
858,1.558,5.000,3.231,1.000,2.231,0.690,4,"uop_p3_q_reg[op_type][0]/C","uop_p0_q_reg[perm_nibble][1]/CE","TOP control","FDCE=2;LUT3=1;LUT5=1;LUT6=2"
859,1.558,5.000,3.231,1.000,2.231,0.690,4,"uop_p3_q_reg[op_type][0]/C","uop_p0_q_reg[perm_nibble][2]/CE","TOP control","FDCE=2;LUT3=1;LUT5=1;LUT6=2"
860,1.558,5.000,3.231,1.000,2.231,0.690,4,"uop_p3_q_reg[op_type][0]/C","uop_p0_q_reg[perm_nibble][3]/CE","TOP control","FDCE=2;LUT3=1;LUT5=1;LUT6=2"
861,1.558,5.000,3.231,1.000,2.231,0.690,4,"uop_p3_q_reg[op_type][0]/C","uop_p0_q_reg[src0_addr][0]/CE","TOP control","FDCE=2;LUT3=1;LUT5=1;LUT6=2"
862,1.558,5.000,3.231,1.000,2.231,0.690,4,"uop_p3_q_reg[op_type][0]/C","uop_p0_q_reg[src0_addr][1]/CE","TOP control","FDCE=2;LUT3=1;LUT5=1;LUT6=2"
863,1.558,5.000,3.231,1.000,2.231,0.690,4,"uop_p3_q_reg[op_type][0]/C","uop_p0_q_reg[src0_addr][2]/CE","TOP control","FDCE=2;LUT3=1;LUT5=1;LUT6=2"
864,1.558,5.000,3.231,1.000,2.231,0.690,4,"uop_p3_q_reg[op_type][0]/C","uop_p0_q_reg[src0_addr][3]/CE","TOP control","FDCE=2;LUT3=1;LUT5=1;LUT6=2"
865,1.558,5.000,3.231,1.000,2.231,0.690,4,"uop_p3_q_reg[op_type][0]/C","uop_p0_q_reg[src0_addr][4]/CE","TOP control","FDCE=2;LUT3=1;LUT5=1;LUT6=2"
866,1.558,5.000,3.231,1.000,2.231,0.690,4,"uop_p3_q_reg[op_type][0]/C","uop_p0_q_reg[src0_addr][5]/CE","TOP control","FDCE=2;LUT3=1;LUT5=1;LUT6=2"
867,1.558,5.000,3.231,1.000,2.231,0.690,4,"uop_p3_q_reg[op_type][0]/C","uop_p0_q_reg[src1_addr][0]/CE","TOP control","FDCE=2;LUT3=1;LUT5=1;LUT6=2"
868,1.558,5.000,3.231,1.000,2.231,0.690,4,"uop_p3_q_reg[op_type][0]/C","uop_p0_q_reg[src1_addr][1]/CE","TOP control","FDCE=2;LUT3=1;LUT5=1;LUT6=2"
869,1.558,5.000,3.231,1.000,2.231,0.690,4,"uop_p3_q_reg[op_type][0]/C","uop_p0_q_reg[src1_addr][2]/CE","TOP control","FDCE=2;LUT3=1;LUT5=1;LUT6=2"
870,1.558,5.000,3.231,1.000,2.231,0.690,4,"uop_p3_q_reg[op_type][0]/C","uop_p0_q_reg[src1_addr][3]/CE","TOP control","FDCE=2;LUT3=1;LUT5=1;LUT6=2"
871,1.558,5.000,3.231,1.000,2.231,0.690,4,"uop_p3_q_reg[op_type][0]/C","uop_p0_q_reg[src1_addr][4]/CE","TOP control","FDCE=2;LUT3=1;LUT5=1;LUT6=2"
872,1.558,5.000,3.231,1.000,2.231,0.690,4,"uop_p3_q_reg[op_type][0]/C","uop_p0_q_reg[src1_addr][5]/CE","TOP control","FDCE=2;LUT3=1;LUT5=1;LUT6=2"
873,1.558,5.000,3.231,1.000,2.231,0.690,4,"uop_p3_q_reg[op_type][0]/C","uop_p0_q_reg[subgroup_idx][0]/CE","TOP control","FDCE=2;LUT3=1;LUT5=1;LUT6=2"
874,1.558,5.000,3.231,1.000,2.231,0.690,4,"uop_p3_q_reg[op_type][0]/C","uop_p0_q_reg[subgroup_idx][1]/CE","TOP control","FDCE=2;LUT3=1;LUT5=1;LUT6=2"
875,1.558,5.000,3.231,1.000,2.231,0.690,4,"uop_p3_q_reg[op_type][0]/C","uop_p0_q_reg[use_clip]/CE","TOP control","FDCE=2;LUT3=1;LUT5=1;LUT6=2"
876,1.558,5.000,3.231,1.000,2.231,0.690,4,"uop_p3_q_reg[op_type][0]/C","uop_p0_q_reg[use_counter]/CE","TOP control","FDCE=2;LUT3=1;LUT5=1;LUT6=2"
877,1.558,5.000,3.231,1.000,2.231,0.690,4,"uop_p3_q_reg[op_type][0]/C","uop_p0_q_reg[use_shift]/CE","TOP control","FDCE=2;LUT3=1;LUT5=1;LUT6=2"
878,1.573,5.000,3.424,1.085,2.339,0.683,5,"a_q_reg[13]/C","ecc_diag_base_q_reg[3]/D","other","FDCE=2;LUT5=1;LUT6=4"
879,1.573,5.000,3.424,1.085,2.339,0.683,5,"a_q_reg[13]/C","ecc_diag_base_q_reg[3]_rep/D","other","FDCE=2;LUT5=1;LUT6=4"
880,1.573,5.000,3.424,1.085,2.339,0.683,5,"a_q_reg[13]/C","ecc_diag_base_q_reg[4]/D","other","FDCE=2;LUT5=1;LUT6=4"
881,1.573,5.000,3.424,1.085,2.339,0.683,5,"a_q_reg[13]/C","ecc_diag_base_q_reg[5]/D","other","FDCE=2;LUT5=1;LUT6=4"
882,1.573,5.000,3.424,1.085,2.339,0.683,5,"a_q_reg[13]/C","ecc_fold_word_q_reg[0]/D","other","FDCE=2;LUT4=1;LUT5=1;LUT6=3"
883,1.573,5.000,3.424,1.085,2.339,0.683,5,"a_q_reg[13]/C","ecc_fold_word_q_reg[0]_rep/D","other","FDCE=2;LUT4=1;LUT5=1;LUT6=3"
884,1.573,5.000,3.424,1.085,2.339,0.683,5,"a_q_reg[13]/C","ecc_fold_word_q_reg[0]_rep__0/D","other","FDCE=2;LUT4=1;LUT5=1;LUT6=3"
885,1.573,5.000,3.424,1.085,2.339,0.683,5,"a_q_reg[13]/C","ecc_fold_word_q_reg[0]_rep__1/D","other","FDCE=2;LUT4=1;LUT5=1;LUT6=3"
886,1.573,5.000,3.424,1.085,2.339,0.683,5,"a_q_reg[13]/C","ecc_fold_word_q_reg[0]_rep__2/D","other","FDCE=2;LUT4=1;LUT5=1;LUT6=3"
887,1.573,5.000,3.424,1.085,2.339,0.683,5,"a_q_reg[13]/C","ecc_fold_word_q_reg[1]/D","other","FDCE=2;LUT5=2;LUT6=3"
888,1.587,5.000,3.202,0.980,2.222,0.694,4,"a_q_reg[4]/C","hperm_dst_base_q_reg[2]/CE","other","FDCE=2;LUT4=2;LUT6=2"
889,1.587,5.000,3.202,0.980,2.222,0.694,4,"a_q_reg[4]/C","hperm_dst_base_q_reg[3]/CE","other","FDCE=2;LUT4=2;LUT6=2"
890,1.587,5.000,3.202,0.980,2.222,0.694,4,"a_q_reg[4]/C","hperm_dst_base_q_reg[4]/CE","other","FDCE=2;LUT4=2;LUT6=2"
891,1.587,5.000,3.202,0.980,2.222,0.694,4,"a_q_reg[4]/C","hperm_dst_base_q_reg[5]/CE","other","FDCE=2;LUT4=2;LUT6=2"
892,1.587,5.000,3.202,0.980,2.222,0.694,4,"a_q_reg[4]/C","hperm_lane_base_q_reg[0]/CE","other","FDCE=2;LUT4=2;LUT6=2"
893,1.587,5.000,3.202,0.980,2.222,0.694,4,"a_q_reg[4]/C","hperm_lane_base_q_reg[0]_rep/CE","other","FDCE=2;LUT4=2;LUT6=2"
894,1.587,5.000,3.202,0.980,2.222,0.694,4,"a_q_reg[4]/C","hperm_lane_base_q_reg[0]_rep__0/CE","other","FDCE=2;LUT4=2;LUT6=2"
895,1.587,5.000,3.202,0.980,2.222,0.694,4,"a_q_reg[4]/C","hperm_lane_base_q_reg[0]_rep__1/CE","other","FDCE=2;LUT4=2;LUT6=2"
896,1.587,5.000,3.202,0.980,2.222,0.694,4,"a_q_reg[4]/C","hperm_lane_base_q_reg[1]/CE","other","FDCE=2;LUT4=2;LUT6=2"
897,1.587,5.000,3.202,0.980,2.222,0.694,4,"a_q_reg[4]/C","hperm_lane_base_q_reg[1]_rep/CE","other","FDCE=2;LUT4=2;LUT6=2"
898,1.587,5.000,3.202,0.980,2.222,0.694,4,"a_q_reg[4]/C","hperm_lane_base_q_reg[1]_rep__0/CE","other","FDCE=2;LUT4=2;LUT6=2"
899,1.587,5.000,3.202,0.980,2.222,0.694,4,"a_q_reg[4]/C","hperm_lane_base_q_reg[1]_rep__1/CE","other","FDCE=2;LUT4=2;LUT6=2"
900,1.587,5.000,3.202,0.980,2.222,0.694,4,"a_q_reg[4]/C","hperm_nibble_q_reg[0]/CE","other","FDCE=2;LUT4=2;LUT6=2"
901,1.587,5.000,3.202,0.980,2.222,0.694,4,"a_q_reg[4]/C","hperm_nibble_q_reg[1]/CE","other","FDCE=2;LUT4=2;LUT6=2"
902,1.587,5.000,3.202,0.980,2.222,0.694,4,"a_q_reg[4]/C","hperm_nibble_q_reg[2]/CE","other","FDCE=2;LUT4=2;LUT6=2"
903,1.587,5.000,3.202,0.980,2.222,0.694,4,"a_q_reg[4]/C","hperm_nibble_q_reg[3]/CE","other","FDCE=2;LUT4=2;LUT6=2"
904,1.587,5.000,3.202,0.980,2.222,0.694,4,"a_q_reg[4]/C","hperm_src_base_q_reg[2]/CE","other","FDCE=2;LUT4=2;LUT6=2"
905,1.587,5.000,3.202,0.980,2.222,0.694,4,"a_q_reg[4]/C","hperm_src_base_q_reg[3]/CE","other","FDCE=2;LUT4=2;LUT6=2"
906,1.587,5.000,3.202,0.980,2.222,0.694,4,"a_q_reg[4]/C","hperm_src_base_q_reg[4]/CE","other","FDCE=2;LUT4=2;LUT6=2"
907,1.587,5.000,3.202,0.980,2.222,0.694,4,"a_q_reg[4]/C","hperm_src_base_q_reg[5]/CE","other","FDCE=2;LUT4=2;LUT6=2"
908,1.587,5.000,3.202,0.980,2.222,0.694,4,"a_q_reg[4]/C","hperm_word_off_q_reg[2]/CE","other","FDCE=2;LUT4=2;LUT6=2"
909,1.587,5.000,3.202,0.980,2.222,0.694,4,"a_q_reg[4]/C","hperm_word_off_q_reg[3]/CE","other","FDCE=2;LUT4=2;LUT6=2"
910,1.627,5.000,3.370,1.085,2.285,0.678,5,"a_q_reg[17]/C","vrf_ra_q_reg[0][0]/D","VRF/read/writeback","FDCE=2;LUT3=1;LUT5=1;LUT6=3"
911,1.627,5.000,3.370,1.085,2.285,0.678,5,"a_q_reg[17]/C","vrf_ra_q_reg[0][3]/D","VRF/read/writeback","FDCE=2;LUT3=1;LUT5=1;LUT6=3"
912,1.627,5.000,3.370,1.085,2.285,0.678,5,"a_q_reg[17]/C","vrf_ra_q_reg[1][0]/D","VRF/read/writeback","FDCE=2;LUT3=1;LUT5=1;LUT6=3"
913,1.627,5.000,3.370,1.085,2.285,0.678,5,"a_q_reg[17]/C","vrf_ra_q_reg[1][3]/D","VRF/read/writeback","FDCE=2;LUT3=1;LUT5=1;LUT6=3"
914,1.627,5.000,3.370,1.085,2.285,0.678,5,"a_q_reg[17]/C","vrf_ra_q_reg[2][0]/D","VRF/read/writeback","FDCE=2;LUT3=1;LUT5=1;LUT6=3"
915,1.627,5.000,3.370,1.085,2.285,0.678,5,"a_q_reg[17]/C","vrf_ra_q_reg[2][3]/D","VRF/read/writeback","FDCE=2;LUT3=1;LUT5=1;LUT6=3"
916,1.627,5.000,3.370,1.085,2.285,0.678,5,"a_q_reg[17]/C","vrf_ra_q_reg[3][0]/D","VRF/read/writeback","FDCE=2;LUT3=1;LUT5=1;LUT6=3"
917,1.627,5.000,3.370,1.085,2.285,0.678,5,"a_q_reg[17]/C","vrf_ra_q_reg[3][3]/D","VRF/read/writeback","FDCE=2;LUT3=1;LUT5=1;LUT6=3"
918,1.646,5.000,3.351,1.085,2.266,0.676,5,"a_q_reg[17]/C","vrf_ra_q_reg[0][5]/D","VRF/read/writeback","FDCE=2;LUT3=1;LUT5=1;LUT6=3"
919,1.646,5.000,3.351,1.085,2.266,0.676,5,"a_q_reg[17]/C","vrf_ra_q_reg[1][5]/D","VRF/read/writeback","FDCE=2;LUT3=1;LUT5=1;LUT6=3"
920,1.646,5.000,3.351,1.085,2.266,0.676,5,"a_q_reg[17]/C","vrf_ra_q_reg[2][5]/D","VRF/read/writeback","FDCE=2;LUT3=1;LUT5=1;LUT6=3"
921,1.646,5.000,3.351,1.085,2.266,0.676,5,"a_q_reg[17]/C","vrf_ra_q_reg[3][5]/D","VRF/read/writeback","FDCE=2;LUT3=1;LUT5=1;LUT6=3"
922,1.694,5.000,3.303,1.098,2.205,0.668,5,"st_q_reg[2]_rep/C","vrf_ra_q_reg[0][1]/D","VRF/read/writeback","FDCE=2;LUT3=1;LUT5=3;LUT6=1"
923,1.694,5.000,3.303,1.098,2.205,0.668,5,"st_q_reg[2]_rep/C","vrf_ra_q_reg[1][1]/D","VRF/read/writeback","FDCE=2;LUT3=1;LUT5=3;LUT6=1"
924,1.694,5.000,3.303,1.098,2.205,0.668,5,"st_q_reg[2]_rep/C","vrf_ra_q_reg[2][1]/D","VRF/read/writeback","FDCE=2;LUT3=1;LUT5=3;LUT6=1"
925,1.694,5.000,3.303,1.098,2.205,0.668,5,"st_q_reg[2]_rep/C","vrf_ra_q_reg[3][1]/D","VRF/read/writeback","FDCE=2;LUT3=1;LUT5=3;LUT6=1"
926,1.733,5.000,3.264,1.085,2.179,0.668,5,"a_q_reg[4]/C","uop_p0_q_reg[dst_addr][2]/D","TOP control","FDCE=2;LUT4=1;LUT5=1;LUT6=3"
927,1.733,5.000,3.264,1.085,2.179,0.668,5,"a_q_reg[4]/C","uop_p0_q_reg[dst_addr][3]/D","TOP control","FDCE=2;LUT4=1;LUT6=4"
928,1.733,5.000,3.264,1.085,2.179,0.668,5,"a_q_reg[4]/C","uop_p0_q_reg[dst_addr][4]/D","TOP control","FDCE=2;LUT4=2;LUT6=3"
929,1.733,5.000,3.264,1.085,2.179,0.668,5,"a_q_reg[4]/C","uop_p0_q_reg[dst_addr][5]/D","TOP control","FDCE=2;LUT4=1;LUT6=4"
930,1.733,5.000,3.264,1.085,2.179,0.668,5,"a_q_reg[4]/C","uop_p0_q_reg[src0_addr][2]/D","TOP control","FDCE=2;LUT4=1;LUT6=4"
931,1.733,5.000,3.264,1.085,2.179,0.668,5,"a_q_reg[4]/C","uop_p0_q_reg[src0_addr][3]/D","TOP control","FDCE=2;LUT4=1;LUT6=4"
932,1.733,5.000,3.264,1.085,2.179,0.668,5,"a_q_reg[4]/C","uop_p0_q_reg[src0_addr][4]/D","TOP control","FDCE=2;LUT4=1;LUT6=4"
933,1.733,5.000,3.264,1.085,2.179,0.668,5,"a_q_reg[4]/C","uop_p0_q_reg[src0_addr][5]/D","TOP control","FDCE=2;LUT4=1;LUT6=4"
934,1.746,5.000,3.251,0.980,2.271,0.699,4,"st_q_reg[4]/C","uop_p0_q_reg[src1_addr][5]/D","TOP control","FDCE=2;LUT5=1;LUT6=3"
935,1.771,5.000,3.226,1.085,2.141,0.664,5,"a_q_reg[4]/C","uop_p0_q_reg[src1_addr][3]/D","TOP control","FDCE=2;LUT4=1;LUT5=1;LUT6=3"
936,1.772,5.000,3.225,1.098,2.127,0.660,5,"hmatch_best_dist_q_reg[0]/C","hmatch_budget_q_reg[10]/D","HMATCH reduction/compare","FDCE=2;LUT5=2;LUT6=3"
937,1.783,5.000,3.214,1.098,2.116,0.658,5,"hmatch_best_dist_q_reg[0]/C","hmatch_budget_q_reg[9]/D","HMATCH reduction/compare","FDCE=2;LUT5=2;LUT6=3"
938,1.790,5.000,3.207,1.098,2.109,0.658,5,"hmatch_best_dist_q_reg[0]/C","hmatch_budget_q_reg[8]/D","HMATCH reduction/compare","FDCE=2;LUT5=2;LUT6=3"
939,1.791,5.000,3.206,1.098,2.108,0.658,5,"hmatch_best_dist_q_reg[0]/C","hmatch_budget_q_reg[11]_inv/D","HMATCH reduction/compare","FDCE=1;FDPE=1;LUT5=2;LUT6=3"
940,1.809,5.000,2.980,0.875,2.105,0.706,3,"st_q_reg[2]_rep__0/C","hdc_src0_q_reg[0][48]/CE","TOP control","FDCE=2;LUT3=1;LUT5=1;LUT6=1"
941,1.809,5.000,2.980,0.875,2.105,0.706,3,"st_q_reg[2]_rep__0/C","hdc_src0_q_reg[0][49]/CE","TOP control","FDCE=2;LUT3=1;LUT5=1;LUT6=1"
942,1.809,5.000,2.980,0.875,2.105,0.706,3,"st_q_reg[2]_rep__0/C","hdc_src0_q_reg[0][50]/CE","TOP control","FDCE=2;LUT3=1;LUT5=1;LUT6=1"
943,1.809,5.000,2.980,0.875,2.105,0.706,3,"st_q_reg[2]_rep__0/C","hdc_src0_q_reg[0][51]/CE","TOP control","FDCE=2;LUT3=1;LUT5=1;LUT6=1"
944,1.809,5.000,2.980,0.875,2.105,0.706,3,"st_q_reg[2]_rep__0/C","hdc_src0_q_reg[0][52]/CE","TOP control","FDCE=2;LUT3=1;LUT5=1;LUT6=1"
945,1.809,5.000,2.980,0.875,2.105,0.706,3,"st_q_reg[2]_rep__0/C","hdc_src0_q_reg[0][53]/CE","TOP control","FDCE=2;LUT3=1;LUT5=1;LUT6=1"
946,1.809,5.000,2.980,0.875,2.105,0.706,3,"st_q_reg[2]_rep__0/C","hdc_src0_q_reg[0][54]/CE","TOP control","FDCE=2;LUT3=1;LUT5=1;LUT6=1"
947,1.809,5.000,2.980,0.875,2.105,0.706,3,"st_q_reg[2]_rep__0/C","hdc_src0_q_reg[0][55]/CE","TOP control","FDCE=2;LUT3=1;LUT5=1;LUT6=1"
948,1.809,5.000,2.980,0.875,2.105,0.706,3,"st_q_reg[2]_rep__0/C","hdc_src0_q_reg[0][56]/CE","TOP control","FDCE=2;LUT3=1;LUT5=1;LUT6=1"
949,1.809,5.000,2.980,0.875,2.105,0.706,3,"st_q_reg[2]_rep__0/C","hdc_src0_q_reg[0][57]/CE","TOP control","FDCE=2;LUT3=1;LUT5=1;LUT6=1"
950,1.809,5.000,2.980,0.875,2.105,0.706,3,"st_q_reg[2]_rep__0/C","hdc_src0_q_reg[0][58]/CE","TOP control","FDCE=2;LUT3=1;LUT5=1;LUT6=1"
951,1.809,5.000,2.980,0.875,2.105,0.706,3,"st_q_reg[2]_rep__0/C","hdc_src0_q_reg[0][59]/CE","TOP control","FDCE=2;LUT3=1;LUT5=1;LUT6=1"
952,1.809,5.000,2.980,0.875,2.105,0.706,3,"st_q_reg[2]_rep__0/C","hdc_src0_q_reg[0][60]/CE","TOP control","FDCE=2;LUT3=1;LUT5=1;LUT6=1"
953,1.809,5.000,2.980,0.875,2.105,0.706,3,"st_q_reg[2]_rep__0/C","hdc_src0_q_reg[0][61]/CE","TOP control","FDCE=2;LUT3=1;LUT5=1;LUT6=1"
954,1.809,5.000,2.980,0.875,2.105,0.706,3,"st_q_reg[2]_rep__0/C","hdc_src0_q_reg[0][62]/CE","TOP control","FDCE=2;LUT3=1;LUT5=1;LUT6=1"
955,1.809,5.000,2.980,0.875,2.105,0.706,3,"st_q_reg[2]_rep__0/C","hdc_src0_q_reg[0][63]/CE","TOP control","FDCE=2;LUT3=1;LUT5=1;LUT6=1"
956,1.809,5.000,2.980,0.875,2.105,0.706,3,"st_q_reg[2]_rep__0/C","hdc_src0_q_reg[1][48]/CE","TOP control","FDCE=2;LUT3=1;LUT5=1;LUT6=1"
957,1.809,5.000,2.980,0.875,2.105,0.706,3,"st_q_reg[2]_rep__0/C","hdc_src0_q_reg[1][49]/CE","TOP control","FDCE=2;LUT3=1;LUT5=1;LUT6=1"
958,1.809,5.000,2.980,0.875,2.105,0.706,3,"st_q_reg[2]_rep__0/C","hdc_src0_q_reg[1][50]/CE","TOP control","FDCE=2;LUT3=1;LUT5=1;LUT6=1"
959,1.809,5.000,2.980,0.875,2.105,0.706,3,"st_q_reg[2]_rep__0/C","hdc_src0_q_reg[1][51]/CE","TOP control","FDCE=2;LUT3=1;LUT5=1;LUT6=1"
960,1.809,5.000,2.980,0.875,2.105,0.706,3,"st_q_reg[2]_rep__0/C","hdc_src0_q_reg[1][52]/CE","TOP control","FDCE=2;LUT3=1;LUT5=1;LUT6=1"
961,1.809,5.000,2.980,0.875,2.105,0.706,3,"st_q_reg[2]_rep__0/C","hdc_src0_q_reg[1][53]/CE","TOP control","FDCE=2;LUT3=1;LUT5=1;LUT6=1"
962,1.809,5.000,2.980,0.875,2.105,0.706,3,"st_q_reg[2]_rep__0/C","hdc_src0_q_reg[1][54]/CE","TOP control","FDCE=2;LUT3=1;LUT5=1;LUT6=1"
963,1.809,5.000,2.980,0.875,2.105,0.706,3,"st_q_reg[2]_rep__0/C","hdc_src0_q_reg[1][55]/CE","TOP control","FDCE=2;LUT3=1;LUT5=1;LUT6=1"
964,1.809,5.000,2.980,0.875,2.105,0.706,3,"st_q_reg[2]_rep__0/C","hdc_src0_q_reg[1][56]/CE","TOP control","FDCE=2;LUT3=1;LUT5=1;LUT6=1"
965,1.809,5.000,2.980,0.875,2.105,0.706,3,"st_q_reg[2]_rep__0/C","hdc_src0_q_reg[1][57]/CE","TOP control","FDCE=2;LUT3=1;LUT5=1;LUT6=1"
966,1.809,5.000,2.980,0.875,2.105,0.706,3,"st_q_reg[2]_rep__0/C","hdc_src0_q_reg[1][58]/CE","TOP control","FDCE=2;LUT3=1;LUT5=1;LUT6=1"
967,1.809,5.000,2.980,0.875,2.105,0.706,3,"st_q_reg[2]_rep__0/C","hdc_src0_q_reg[1][59]/CE","TOP control","FDCE=2;LUT3=1;LUT5=1;LUT6=1"
968,1.809,5.000,2.980,0.875,2.105,0.706,3,"st_q_reg[2]_rep__0/C","hdc_src0_q_reg[1][60]/CE","TOP control","FDCE=2;LUT3=1;LUT5=1;LUT6=1"
969,1.809,5.000,2.980,0.875,2.105,0.706,3,"st_q_reg[2]_rep__0/C","hdc_src0_q_reg[1][61]/CE","TOP control","FDCE=2;LUT3=1;LUT5=1;LUT6=1"
970,1.809,5.000,2.980,0.875,2.105,0.706,3,"st_q_reg[2]_rep__0/C","hdc_src0_q_reg[1][62]/CE","TOP control","FDCE=2;LUT3=1;LUT5=1;LUT6=1"
971,1.809,5.000,2.980,0.875,2.105,0.706,3,"st_q_reg[2]_rep__0/C","hdc_src0_q_reg[1][63]/CE","TOP control","FDCE=2;LUT3=1;LUT5=1;LUT6=1"
972,1.809,5.000,2.980,0.875,2.105,0.706,3,"st_q_reg[2]_rep__0/C","hdc_src0_q_reg[2][48]/CE","TOP control","FDCE=2;LUT3=1;LUT5=1;LUT6=1"
973,1.809,5.000,2.980,0.875,2.105,0.706,3,"st_q_reg[2]_rep__0/C","hdc_src0_q_reg[2][49]/CE","TOP control","FDCE=2;LUT3=1;LUT5=1;LUT6=1"
974,1.809,5.000,2.980,0.875,2.105,0.706,3,"st_q_reg[2]_rep__0/C","hdc_src0_q_reg[2][50]/CE","TOP control","FDCE=2;LUT3=1;LUT5=1;LUT6=1"
975,1.809,5.000,2.980,0.875,2.105,0.706,3,"st_q_reg[2]_rep__0/C","hdc_src0_q_reg[2][51]/CE","TOP control","FDCE=2;LUT3=1;LUT5=1;LUT6=1"
976,1.809,5.000,2.980,0.875,2.105,0.706,3,"st_q_reg[2]_rep__0/C","hdc_src0_q_reg[2][52]/CE","TOP control","FDCE=2;LUT3=1;LUT5=1;LUT6=1"
977,1.809,5.000,2.980,0.875,2.105,0.706,3,"st_q_reg[2]_rep__0/C","hdc_src0_q_reg[2][53]/CE","TOP control","FDCE=2;LUT3=1;LUT5=1;LUT6=1"
978,1.809,5.000,2.980,0.875,2.105,0.706,3,"st_q_reg[2]_rep__0/C","hdc_src0_q_reg[2][54]/CE","TOP control","FDCE=2;LUT3=1;LUT5=1;LUT6=1"
979,1.809,5.000,2.980,0.875,2.105,0.706,3,"st_q_reg[2]_rep__0/C","hdc_src0_q_reg[2][55]/CE","TOP control","FDCE=2;LUT3=1;LUT5=1;LUT6=1"
980,1.809,5.000,2.980,0.875,2.105,0.706,3,"st_q_reg[2]_rep__0/C","hdc_src0_q_reg[2][56]/CE","TOP control","FDCE=2;LUT3=1;LUT5=1;LUT6=1"
981,1.809,5.000,2.980,0.875,2.105,0.706,3,"st_q_reg[2]_rep__0/C","hdc_src0_q_reg[2][57]/CE","TOP control","FDCE=2;LUT3=1;LUT5=1;LUT6=1"
982,1.809,5.000,2.980,0.875,2.105,0.706,3,"st_q_reg[2]_rep__0/C","hdc_src0_q_reg[2][58]/CE","TOP control","FDCE=2;LUT3=1;LUT5=1;LUT6=1"
983,1.809,5.000,2.980,0.875,2.105,0.706,3,"st_q_reg[2]_rep__0/C","hdc_src0_q_reg[2][59]/CE","TOP control","FDCE=2;LUT3=1;LUT5=1;LUT6=1"
984,1.809,5.000,2.980,0.875,2.105,0.706,3,"st_q_reg[2]_rep__0/C","hdc_src0_q_reg[2][60]/CE","TOP control","FDCE=2;LUT3=1;LUT5=1;LUT6=1"
985,1.809,5.000,2.980,0.875,2.105,0.706,3,"st_q_reg[2]_rep__0/C","hdc_src0_q_reg[2][61]/CE","TOP control","FDCE=2;LUT3=1;LUT5=1;LUT6=1"
986,1.809,5.000,2.980,0.875,2.105,0.706,3,"st_q_reg[2]_rep__0/C","hdc_src0_q_reg[2][62]/CE","TOP control","FDCE=2;LUT3=1;LUT5=1;LUT6=1"
987,1.809,5.000,2.980,0.875,2.105,0.706,3,"st_q_reg[2]_rep__0/C","hdc_src0_q_reg[2][63]/CE","TOP control","FDCE=2;LUT3=1;LUT5=1;LUT6=1"
988,1.809,5.000,2.980,0.875,2.105,0.706,3,"st_q_reg[2]_rep__0/C","hdc_src0_q_reg[3][48]/CE","TOP control","FDCE=2;LUT3=1;LUT5=1;LUT6=1"
989,1.809,5.000,2.980,0.875,2.105,0.706,3,"st_q_reg[2]_rep__0/C","hdc_src0_q_reg[3][49]/CE","TOP control","FDCE=2;LUT3=1;LUT5=1;LUT6=1"
990,1.809,5.000,2.980,0.875,2.105,0.706,3,"st_q_reg[2]_rep__0/C","hdc_src0_q_reg[3][50]/CE","TOP control","FDCE=2;LUT3=1;LUT5=1;LUT6=1"
991,1.809,5.000,2.980,0.875,2.105,0.706,3,"st_q_reg[2]_rep__0/C","hdc_src0_q_reg[3][51]/CE","TOP control","FDCE=2;LUT3=1;LUT5=1;LUT6=1"
992,1.809,5.000,2.980,0.875,2.105,0.706,3,"st_q_reg[2]_rep__0/C","hdc_src0_q_reg[3][52]/CE","TOP control","FDCE=2;LUT3=1;LUT5=1;LUT6=1"
993,1.809,5.000,2.980,0.875,2.105,0.706,3,"st_q_reg[2]_rep__0/C","hdc_src0_q_reg[3][53]/CE","TOP control","FDCE=2;LUT3=1;LUT5=1;LUT6=1"
994,1.809,5.000,2.980,0.875,2.105,0.706,3,"st_q_reg[2]_rep__0/C","hdc_src0_q_reg[3][54]/CE","TOP control","FDCE=2;LUT3=1;LUT5=1;LUT6=1"
995,1.809,5.000,2.980,0.875,2.105,0.706,3,"st_q_reg[2]_rep__0/C","hdc_src0_q_reg[3][55]/CE","TOP control","FDCE=2;LUT3=1;LUT5=1;LUT6=1"
996,1.809,5.000,2.980,0.875,2.105,0.706,3,"st_q_reg[2]_rep__0/C","hdc_src0_q_reg[3][56]/CE","TOP control","FDCE=2;LUT3=1;LUT5=1;LUT6=1"
997,1.809,5.000,2.980,0.875,2.105,0.706,3,"st_q_reg[2]_rep__0/C","hdc_src0_q_reg[3][57]/CE","TOP control","FDCE=2;LUT3=1;LUT5=1;LUT6=1"
998,1.809,5.000,2.980,0.875,2.105,0.706,3,"st_q_reg[2]_rep__0/C","hdc_src0_q_reg[3][58]/CE","TOP control","FDCE=2;LUT3=1;LUT5=1;LUT6=1"
999,1.809,5.000,2.980,0.875,2.105,0.706,3,"st_q_reg[2]_rep__0/C","hdc_src0_q_reg[3][59]/CE","TOP control","FDCE=2;LUT3=1;LUT5=1;LUT6=1"
1000,1.809,5.000,2.980,0.875,2.105,0.706,3,"st_q_reg[2]_rep__0/C","hdc_src0_q_reg[3][60]/CE","TOP control","FDCE=2;LUT3=1;LUT5=1;LUT6=1"
