rank,slack_ns,required_time_ns,data_path_delay_ns,logic_delay_ns,route_delay_ns,route_ratio,logic_levels,startpoint,endpoint,path_class,main_cells
1,0.136,5.000,4.861,1.190,3.671,0.755,6,"FSM_onehot_st_q_reg[14]/C","lane_result_q_reg[0][55]/D","P2 lane result capture","FDCE=2;LUT4=2;LUT6=4"
2,0.136,5.000,4.861,1.190,3.671,0.755,6,"FSM_onehot_st_q_reg[14]/C","lane_result_q_reg[1][55]/D","P2 lane result capture","FDCE=2;LUT4=2;LUT6=4"
3,0.136,5.000,4.861,1.190,3.671,0.755,6,"FSM_onehot_st_q_reg[14]/C","lane_result_q_reg[2][55]/D","P2 lane result capture","FDCE=2;LUT4=2;LUT6=4"
4,0.136,5.000,4.861,1.190,3.671,0.755,6,"FSM_onehot_st_q_reg[14]/C","lane_result_q_reg[3][55]/D","P2 lane result capture","FDCE=2;LUT4=2;LUT6=4"
5,0.137,5.000,4.860,1.190,3.670,0.755,6,"FSM_onehot_st_q_reg[14]/C","lane_result_q_reg[0][59]/D","P2 lane result capture","FDCE=2;LUT4=2;LUT6=4"
6,0.137,5.000,4.860,1.190,3.670,0.755,6,"FSM_onehot_st_q_reg[14]/C","lane_result_q_reg[1][59]/D","P2 lane result capture","FDCE=2;LUT4=2;LUT6=4"
7,0.137,5.000,4.860,1.190,3.670,0.755,6,"FSM_onehot_st_q_reg[14]/C","lane_result_q_reg[2][59]/D","P2 lane result capture","FDCE=2;LUT4=2;LUT6=4"
8,0.137,5.000,4.860,1.190,3.670,0.755,6,"FSM_onehot_st_q_reg[14]/C","lane_result_q_reg[3][59]/D","P2 lane result capture","FDCE=2;LUT4=2;LUT6=4"
9,0.147,5.000,4.850,1.190,3.660,0.755,6,"FSM_onehot_st_q_reg[14]/C","lane_result_q_reg[0][63]/D","P2 lane result capture","FDCE=2;LUT4=2;LUT6=4"
10,0.147,5.000,4.850,1.190,3.660,0.755,6,"FSM_onehot_st_q_reg[14]/C","lane_result_q_reg[1][63]/D","P2 lane result capture","FDCE=2;LUT4=2;LUT6=4"
11,0.147,5.000,4.850,1.190,3.660,0.755,6,"FSM_onehot_st_q_reg[14]/C","lane_result_q_reg[2][63]/D","P2 lane result capture","FDCE=2;LUT4=2;LUT6=4"
12,0.147,5.000,4.850,1.190,3.660,0.755,6,"FSM_onehot_st_q_reg[14]/C","lane_result_q_reg[3][63]/D","P2 lane result capture","FDCE=2;LUT4=2;LUT6=4"
13,0.326,5.000,4.700,2.246,2.454,0.522,7,"gen_lane[0].i_p2_pop_slice/popcount_part_q_o_reg[0][0]/C","group_dist_q_reg[8]/D","P2 popcount capture","CARRY4=4;FDCE=2;LUT3=2;LUT5=1"
14,0.426,5.000,4.600,2.146,2.454,0.533,6,"gen_lane[0].i_p2_pop_slice/popcount_part_q_o_reg[0][0]/C","group_dist_q_reg[7]/D","P2 popcount capture","CARRY4=3;FDCE=2;LUT3=2;LUT5=1"
15,0.432,5.000,4.565,1.210,3.355,0.735,6,"FSM_onehot_st_q_reg[14]/C","lane_result_q_reg[0][35]/D","P2 lane result capture","FDCE=2;LUT3=1;LUT4=1;LUT6=4"
16,0.432,5.000,4.565,1.210,3.355,0.735,6,"FSM_onehot_st_q_reg[14]/C","lane_result_q_reg[0][36]/D","P2 lane result capture","FDCE=2;LUT3=1;LUT4=1;LUT6=4"
17,0.432,5.000,4.565,1.210,3.355,0.735,6,"FSM_onehot_st_q_reg[14]/C","lane_result_q_reg[0][37]/D","P2 lane result capture","FDCE=2;LUT3=1;LUT4=1;LUT6=4"
18,0.432,5.000,4.565,1.210,3.355,0.735,6,"FSM_onehot_st_q_reg[14]/C","lane_result_q_reg[0][45]/D","P2 lane result capture","FDCE=2;LUT3=1;LUT4=1;LUT6=4"
19,0.432,5.000,4.565,1.210,3.355,0.735,6,"FSM_onehot_st_q_reg[14]/C","lane_result_q_reg[0][51]/D","P2 lane result capture","FDCE=2;LUT3=1;LUT4=1;LUT6=4"
20,0.432,5.000,4.565,1.210,3.355,0.735,6,"FSM_onehot_st_q_reg[14]/C","lane_result_q_reg[0][52]/D","P2 lane result capture","FDCE=2;LUT3=1;LUT4=1;LUT6=4"
21,0.432,5.000,4.565,1.210,3.355,0.735,6,"FSM_onehot_st_q_reg[14]/C","lane_result_q_reg[0][53]/D","P2 lane result capture","FDCE=2;LUT3=1;LUT4=1;LUT6=4"
22,0.432,5.000,4.565,1.210,3.355,0.735,6,"FSM_onehot_st_q_reg[14]/C","lane_result_q_reg[0][60]/D","P2 lane result capture","FDCE=2;LUT3=1;LUT4=1;LUT6=4"
23,0.432,5.000,4.565,1.210,3.355,0.735,6,"FSM_onehot_st_q_reg[14]/C","lane_result_q_reg[0][61]/D","P2 lane result capture","FDCE=2;LUT3=1;LUT4=1;LUT6=4"
24,0.432,5.000,4.565,1.210,3.355,0.735,6,"FSM_onehot_st_q_reg[14]/C","lane_result_q_reg[1][35]/D","P2 lane result capture","FDCE=2;LUT3=1;LUT4=1;LUT6=4"
25,0.432,5.000,4.565,1.210,3.355,0.735,6,"FSM_onehot_st_q_reg[14]/C","lane_result_q_reg[1][36]/D","P2 lane result capture","FDCE=2;LUT3=1;LUT4=1;LUT6=4"
26,0.432,5.000,4.565,1.210,3.355,0.735,6,"FSM_onehot_st_q_reg[14]/C","lane_result_q_reg[1][37]/D","P2 lane result capture","FDCE=2;LUT3=1;LUT4=1;LUT6=4"
27,0.432,5.000,4.565,1.210,3.355,0.735,6,"FSM_onehot_st_q_reg[14]/C","lane_result_q_reg[1][44]/D","P2 lane result capture","FDCE=2;LUT3=1;LUT4=1;LUT6=4"
28,0.432,5.000,4.565,1.210,3.355,0.735,6,"FSM_onehot_st_q_reg[14]/C","lane_result_q_reg[1][45]/D","P2 lane result capture","FDCE=2;LUT3=1;LUT4=1;LUT6=4"
29,0.432,5.000,4.565,1.210,3.355,0.735,6,"FSM_onehot_st_q_reg[14]/C","lane_result_q_reg[1][51]/D","P2 lane result capture","FDCE=2;LUT3=1;LUT4=1;LUT6=4"
30,0.432,5.000,4.565,1.210,3.355,0.735,6,"FSM_onehot_st_q_reg[14]/C","lane_result_q_reg[1][52]/D","P2 lane result capture","FDCE=2;LUT3=1;LUT4=1;LUT6=4"
31,0.432,5.000,4.565,1.210,3.355,0.735,6,"FSM_onehot_st_q_reg[14]/C","lane_result_q_reg[1][53]/D","P2 lane result capture","FDCE=2;LUT3=1;LUT4=1;LUT6=4"
32,0.432,5.000,4.565,1.210,3.355,0.735,6,"FSM_onehot_st_q_reg[14]/C","lane_result_q_reg[1][60]/D","P2 lane result capture","FDCE=2;LUT3=1;LUT4=1;LUT6=4"
33,0.432,5.000,4.565,1.210,3.355,0.735,6,"FSM_onehot_st_q_reg[14]/C","lane_result_q_reg[1][61]/D","P2 lane result capture","FDCE=2;LUT3=1;LUT4=1;LUT6=4"
34,0.432,5.000,4.565,1.210,3.355,0.735,6,"FSM_onehot_st_q_reg[14]/C","lane_result_q_reg[2][35]/D","P2 lane result capture","FDCE=2;LUT3=1;LUT4=1;LUT6=4"
35,0.432,5.000,4.565,1.210,3.355,0.735,6,"FSM_onehot_st_q_reg[14]/C","lane_result_q_reg[2][36]/D","P2 lane result capture","FDCE=2;LUT3=1;LUT4=1;LUT6=4"
36,0.432,5.000,4.565,1.210,3.355,0.735,6,"FSM_onehot_st_q_reg[14]/C","lane_result_q_reg[2][37]/D","P2 lane result capture","FDCE=2;LUT3=1;LUT4=1;LUT6=4"
37,0.432,5.000,4.565,1.210,3.355,0.735,6,"FSM_onehot_st_q_reg[14]/C","lane_result_q_reg[2][45]/D","P2 lane result capture","FDCE=2;LUT3=1;LUT4=1;LUT6=4"
38,0.432,5.000,4.565,1.210,3.355,0.735,6,"FSM_onehot_st_q_reg[14]/C","lane_result_q_reg[2][51]/D","P2 lane result capture","FDCE=2;LUT3=1;LUT4=1;LUT6=4"
39,0.432,5.000,4.565,1.210,3.355,0.735,6,"FSM_onehot_st_q_reg[14]/C","lane_result_q_reg[2][52]/D","P2 lane result capture","FDCE=2;LUT3=1;LUT4=1;LUT6=4"
40,0.432,5.000,4.565,1.210,3.355,0.735,6,"FSM_onehot_st_q_reg[14]/C","lane_result_q_reg[2][53]/D","P2 lane result capture","FDCE=2;LUT3=1;LUT4=1;LUT6=4"
41,0.432,5.000,4.565,1.210,3.355,0.735,6,"FSM_onehot_st_q_reg[14]/C","lane_result_q_reg[2][60]/D","P2 lane result capture","FDCE=2;LUT3=1;LUT4=1;LUT6=4"
42,0.432,5.000,4.565,1.210,3.355,0.735,6,"FSM_onehot_st_q_reg[14]/C","lane_result_q_reg[2][61]/D","P2 lane result capture","FDCE=2;LUT3=1;LUT4=1;LUT6=4"
43,0.432,5.000,4.565,1.210,3.355,0.735,6,"FSM_onehot_st_q_reg[14]/C","lane_result_q_reg[3][35]/D","P2 lane result capture","FDCE=2;LUT3=1;LUT4=1;LUT6=4"
44,0.432,5.000,4.565,1.210,3.355,0.735,6,"FSM_onehot_st_q_reg[14]/C","lane_result_q_reg[3][36]/D","P2 lane result capture","FDCE=2;LUT3=1;LUT4=1;LUT6=4"
45,0.432,5.000,4.565,1.210,3.355,0.735,6,"FSM_onehot_st_q_reg[14]/C","lane_result_q_reg[3][37]/D","P2 lane result capture","FDCE=2;LUT3=1;LUT4=1;LUT6=4"
46,0.432,5.000,4.565,1.210,3.355,0.735,6,"FSM_onehot_st_q_reg[14]/C","lane_result_q_reg[3][43]/D","P2 lane result capture","FDCE=2;LUT3=1;LUT4=1;LUT6=4"
47,0.432,5.000,4.565,1.210,3.355,0.735,6,"FSM_onehot_st_q_reg[14]/C","lane_result_q_reg[3][44]/D","P2 lane result capture","FDCE=2;LUT3=1;LUT4=1;LUT6=4"
48,0.432,5.000,4.565,1.210,3.355,0.735,6,"FSM_onehot_st_q_reg[14]/C","lane_result_q_reg[3][45]/D","P2 lane result capture","FDCE=2;LUT3=1;LUT4=1;LUT6=4"
49,0.432,5.000,4.565,1.210,3.355,0.735,6,"FSM_onehot_st_q_reg[14]/C","lane_result_q_reg[3][51]/D","P2 lane result capture","FDCE=2;LUT3=1;LUT4=1;LUT6=4"
50,0.432,5.000,4.565,1.210,3.355,0.735,6,"FSM_onehot_st_q_reg[14]/C","lane_result_q_reg[3][52]/D","P2 lane result capture","FDCE=2;LUT3=1;LUT4=1;LUT6=4"
51,0.432,5.000,4.565,1.210,3.355,0.735,6,"FSM_onehot_st_q_reg[14]/C","lane_result_q_reg[3][53]/D","P2 lane result capture","FDCE=2;LUT3=1;LUT4=1;LUT6=4"
52,0.432,5.000,4.565,1.210,3.355,0.735,6,"FSM_onehot_st_q_reg[14]/C","lane_result_q_reg[3][60]/D","P2 lane result capture","FDCE=2;LUT3=1;LUT4=1;LUT6=4"
53,0.432,5.000,4.565,1.210,3.355,0.735,6,"FSM_onehot_st_q_reg[14]/C","lane_result_q_reg[3][61]/D","P2 lane result capture","FDCE=2;LUT3=1;LUT4=1;LUT6=4"
54,0.433,5.000,4.564,1.210,3.354,0.735,6,"FSM_onehot_st_q_reg[14]/C","lane_result_q_reg[0][32]/D","P2 lane result capture","FDCE=2;LUT3=1;LUT4=1;LUT6=4"
55,0.433,5.000,4.564,1.210,3.354,0.735,6,"FSM_onehot_st_q_reg[14]/C","lane_result_q_reg[0][33]/D","P2 lane result capture","FDCE=2;LUT3=1;LUT4=1;LUT6=4"
56,0.433,5.000,4.564,1.210,3.354,0.735,6,"FSM_onehot_st_q_reg[14]/C","lane_result_q_reg[0][34]/D","P2 lane result capture","FDCE=2;LUT3=1;LUT4=1;LUT6=4"
57,0.433,5.000,4.564,1.210,3.354,0.735,6,"FSM_onehot_st_q_reg[14]/C","lane_result_q_reg[0][40]/D","P2 lane result capture","FDCE=2;LUT3=1;LUT4=1;LUT6=4"
58,0.433,5.000,4.564,1.210,3.354,0.735,6,"FSM_onehot_st_q_reg[14]/C","lane_result_q_reg[0][41]/D","P2 lane result capture","FDCE=2;LUT3=1;LUT4=1;LUT6=4"
59,0.433,5.000,4.564,1.210,3.354,0.735,6,"FSM_onehot_st_q_reg[14]/C","lane_result_q_reg[0][42]/D","P2 lane result capture","FDCE=2;LUT3=1;LUT4=1;LUT6=4"
60,0.433,5.000,4.564,1.210,3.354,0.735,6,"FSM_onehot_st_q_reg[14]/C","lane_result_q_reg[0][48]/D","P2 lane result capture","FDCE=2;LUT3=1;LUT4=1;LUT6=4"
61,0.433,5.000,4.564,1.210,3.354,0.735,6,"FSM_onehot_st_q_reg[14]/C","lane_result_q_reg[0][49]/D","P2 lane result capture","FDCE=2;LUT3=1;LUT4=1;LUT6=4"
62,0.433,5.000,4.564,1.210,3.354,0.735,6,"FSM_onehot_st_q_reg[14]/C","lane_result_q_reg[0][50]/D","P2 lane result capture","FDCE=2;LUT3=1;LUT4=1;LUT6=4"
63,0.433,5.000,4.564,1.210,3.354,0.735,6,"FSM_onehot_st_q_reg[14]/C","lane_result_q_reg[0][56]/D","P2 lane result capture","FDCE=2;LUT3=1;LUT4=1;LUT6=4"
64,0.433,5.000,4.564,1.210,3.354,0.735,6,"FSM_onehot_st_q_reg[14]/C","lane_result_q_reg[0][57]/D","P2 lane result capture","FDCE=2;LUT3=1;LUT4=1;LUT6=4"
65,0.433,5.000,4.564,1.210,3.354,0.735,6,"FSM_onehot_st_q_reg[14]/C","lane_result_q_reg[0][58]/D","P2 lane result capture","FDCE=2;LUT3=1;LUT4=1;LUT6=4"
66,0.433,5.000,4.564,1.210,3.354,0.735,6,"FSM_onehot_st_q_reg[14]/C","lane_result_q_reg[1][32]/D","P2 lane result capture","FDCE=2;LUT3=1;LUT4=1;LUT6=4"
67,0.433,5.000,4.564,1.210,3.354,0.735,6,"FSM_onehot_st_q_reg[14]/C","lane_result_q_reg[1][33]/D","P2 lane result capture","FDCE=2;LUT3=1;LUT4=1;LUT6=4"
68,0.433,5.000,4.564,1.210,3.354,0.735,6,"FSM_onehot_st_q_reg[14]/C","lane_result_q_reg[1][34]/D","P2 lane result capture","FDCE=2;LUT3=1;LUT4=1;LUT6=4"
69,0.433,5.000,4.564,1.210,3.354,0.735,6,"FSM_onehot_st_q_reg[14]/C","lane_result_q_reg[1][41]/D","P2 lane result capture","FDCE=2;LUT3=1;LUT4=1;LUT6=4"
70,0.433,5.000,4.564,1.210,3.354,0.735,6,"FSM_onehot_st_q_reg[14]/C","lane_result_q_reg[1][42]/D","P2 lane result capture","FDCE=2;LUT3=1;LUT4=1;LUT6=4"
71,0.433,5.000,4.564,1.210,3.354,0.735,6,"FSM_onehot_st_q_reg[14]/C","lane_result_q_reg[1][48]/D","P2 lane result capture","FDCE=2;LUT3=1;LUT4=1;LUT6=4"
72,0.433,5.000,4.564,1.210,3.354,0.735,6,"FSM_onehot_st_q_reg[14]/C","lane_result_q_reg[1][49]/D","P2 lane result capture","FDCE=2;LUT3=1;LUT4=1;LUT6=4"
73,0.433,5.000,4.564,1.210,3.354,0.735,6,"FSM_onehot_st_q_reg[14]/C","lane_result_q_reg[1][50]/D","P2 lane result capture","FDCE=2;LUT3=1;LUT4=1;LUT6=4"
74,0.433,5.000,4.564,1.210,3.354,0.735,6,"FSM_onehot_st_q_reg[14]/C","lane_result_q_reg[1][56]/D","P2 lane result capture","FDCE=2;LUT3=1;LUT4=1;LUT6=4"
75,0.433,5.000,4.564,1.210,3.354,0.735,6,"FSM_onehot_st_q_reg[14]/C","lane_result_q_reg[1][57]/D","P2 lane result capture","FDCE=2;LUT3=1;LUT4=1;LUT6=4"
76,0.433,5.000,4.564,1.210,3.354,0.735,6,"FSM_onehot_st_q_reg[14]/C","lane_result_q_reg[1][58]/D","P2 lane result capture","FDCE=2;LUT3=1;LUT4=1;LUT6=4"
77,0.433,5.000,4.564,1.210,3.354,0.735,6,"FSM_onehot_st_q_reg[14]/C","lane_result_q_reg[2][32]/D","P2 lane result capture","FDCE=2;LUT3=1;LUT4=1;LUT6=4"
78,0.433,5.000,4.564,1.210,3.354,0.735,6,"FSM_onehot_st_q_reg[14]/C","lane_result_q_reg[2][33]/D","P2 lane result capture","FDCE=2;LUT3=1;LUT4=1;LUT6=4"
79,0.433,5.000,4.564,1.210,3.354,0.735,6,"FSM_onehot_st_q_reg[14]/C","lane_result_q_reg[2][34]/D","P2 lane result capture","FDCE=2;LUT3=1;LUT4=1;LUT6=4"
80,0.433,5.000,4.564,1.210,3.354,0.735,6,"FSM_onehot_st_q_reg[14]/C","lane_result_q_reg[2][40]/D","P2 lane result capture","FDCE=2;LUT3=1;LUT4=1;LUT6=4"
81,0.433,5.000,4.564,1.210,3.354,0.735,6,"FSM_onehot_st_q_reg[14]/C","lane_result_q_reg[2][41]/D","P2 lane result capture","FDCE=2;LUT3=1;LUT4=1;LUT6=4"
82,0.433,5.000,4.564,1.210,3.354,0.735,6,"FSM_onehot_st_q_reg[14]/C","lane_result_q_reg[2][42]/D","P2 lane result capture","FDCE=2;LUT3=1;LUT4=1;LUT6=4"
83,0.433,5.000,4.564,1.210,3.354,0.735,6,"FSM_onehot_st_q_reg[14]/C","lane_result_q_reg[2][48]/D","P2 lane result capture","FDCE=2;LUT3=1;LUT4=1;LUT6=4"
84,0.433,5.000,4.564,1.210,3.354,0.735,6,"FSM_onehot_st_q_reg[14]/C","lane_result_q_reg[2][49]/D","P2 lane result capture","FDCE=2;LUT3=1;LUT4=1;LUT6=4"
85,0.433,5.000,4.564,1.210,3.354,0.735,6,"FSM_onehot_st_q_reg[14]/C","lane_result_q_reg[2][50]/D","P2 lane result capture","FDCE=2;LUT3=1;LUT4=1;LUT6=4"
86,0.433,5.000,4.564,1.210,3.354,0.735,6,"FSM_onehot_st_q_reg[14]/C","lane_result_q_reg[2][56]/D","P2 lane result capture","FDCE=2;LUT3=1;LUT4=1;LUT6=4"
87,0.433,5.000,4.564,1.210,3.354,0.735,6,"FSM_onehot_st_q_reg[14]/C","lane_result_q_reg[2][57]/D","P2 lane result capture","FDCE=2;LUT3=1;LUT4=1;LUT6=4"
88,0.433,5.000,4.564,1.210,3.354,0.735,6,"FSM_onehot_st_q_reg[14]/C","lane_result_q_reg[2][58]/D","P2 lane result capture","FDCE=2;LUT3=1;LUT4=1;LUT6=4"
89,0.433,5.000,4.564,1.210,3.354,0.735,6,"FSM_onehot_st_q_reg[14]/C","lane_result_q_reg[3][32]/D","P2 lane result capture","FDCE=2;LUT3=1;LUT4=1;LUT6=4"
90,0.433,5.000,4.564,1.210,3.354,0.735,6,"FSM_onehot_st_q_reg[14]/C","lane_result_q_reg[3][33]/D","P2 lane result capture","FDCE=2;LUT3=1;LUT4=1;LUT6=4"
91,0.433,5.000,4.564,1.210,3.354,0.735,6,"FSM_onehot_st_q_reg[14]/C","lane_result_q_reg[3][34]/D","P2 lane result capture","FDCE=2;LUT3=1;LUT4=1;LUT6=4"
92,0.433,5.000,4.564,1.210,3.354,0.735,6,"FSM_onehot_st_q_reg[14]/C","lane_result_q_reg[3][41]/D","P2 lane result capture","FDCE=2;LUT3=1;LUT4=1;LUT6=4"
93,0.433,5.000,4.564,1.210,3.354,0.735,6,"FSM_onehot_st_q_reg[14]/C","lane_result_q_reg[3][42]/D","P2 lane result capture","FDCE=2;LUT3=1;LUT4=1;LUT6=4"
94,0.433,5.000,4.564,1.210,3.354,0.735,6,"FSM_onehot_st_q_reg[14]/C","lane_result_q_reg[3][48]/D","P2 lane result capture","FDCE=2;LUT3=1;LUT4=1;LUT6=4"
95,0.433,5.000,4.564,1.210,3.354,0.735,6,"FSM_onehot_st_q_reg[14]/C","lane_result_q_reg[3][49]/D","P2 lane result capture","FDCE=2;LUT3=1;LUT4=1;LUT6=4"
96,0.433,5.000,4.564,1.210,3.354,0.735,6,"FSM_onehot_st_q_reg[14]/C","lane_result_q_reg[3][50]/D","P2 lane result capture","FDCE=2;LUT3=1;LUT4=1;LUT6=4"
97,0.433,5.000,4.564,1.210,3.354,0.735,6,"FSM_onehot_st_q_reg[14]/C","lane_result_q_reg[3][56]/D","P2 lane result capture","FDCE=2;LUT3=1;LUT4=1;LUT6=4"
98,0.433,5.000,4.564,1.210,3.354,0.735,6,"FSM_onehot_st_q_reg[14]/C","lane_result_q_reg[3][57]/D","P2 lane result capture","FDCE=2;LUT3=1;LUT4=1;LUT6=4"
99,0.433,5.000,4.564,1.210,3.354,0.735,6,"FSM_onehot_st_q_reg[14]/C","lane_result_q_reg[3][58]/D","P2 lane result capture","FDCE=2;LUT3=1;LUT4=1;LUT6=4"
100,0.442,5.000,4.555,1.210,3.345,0.734,6,"FSM_onehot_st_q_reg[14]/C","lane_result_q_reg[0][38]/D","P2 lane result capture","FDCE=2;LUT3=1;LUT4=1;LUT6=4"
101,0.442,5.000,4.555,1.210,3.345,0.734,6,"FSM_onehot_st_q_reg[14]/C","lane_result_q_reg[0][46]/D","P2 lane result capture","FDCE=2;LUT3=1;LUT4=1;LUT6=4"
102,0.442,5.000,4.555,1.210,3.345,0.734,6,"FSM_onehot_st_q_reg[14]/C","lane_result_q_reg[0][54]/D","P2 lane result capture","FDCE=2;LUT3=1;LUT4=1;LUT6=4"
103,0.442,5.000,4.555,1.210,3.345,0.734,6,"FSM_onehot_st_q_reg[14]/C","lane_result_q_reg[0][62]/D","P2 lane result capture","FDCE=2;LUT3=1;LUT4=1;LUT6=4"
104,0.442,5.000,4.555,1.210,3.345,0.734,6,"FSM_onehot_st_q_reg[14]/C","lane_result_q_reg[1][38]/D","P2 lane result capture","FDCE=2;LUT3=1;LUT4=1;LUT6=4"
105,0.442,5.000,4.555,1.210,3.345,0.734,6,"FSM_onehot_st_q_reg[14]/C","lane_result_q_reg[1][46]/D","P2 lane result capture","FDCE=2;LUT3=1;LUT4=1;LUT6=4"
106,0.442,5.000,4.555,1.210,3.345,0.734,6,"FSM_onehot_st_q_reg[14]/C","lane_result_q_reg[1][47]/D","P2 lane result capture","FDCE=2;LUT3=1;LUT4=1;LUT6=4"
107,0.442,5.000,4.555,1.210,3.345,0.734,6,"FSM_onehot_st_q_reg[14]/C","lane_result_q_reg[1][54]/D","P2 lane result capture","FDCE=2;LUT3=1;LUT4=1;LUT6=4"
108,0.442,5.000,4.555,1.210,3.345,0.734,6,"FSM_onehot_st_q_reg[14]/C","lane_result_q_reg[1][62]/D","P2 lane result capture","FDCE=2;LUT3=1;LUT4=1;LUT6=4"
109,0.442,5.000,4.555,1.210,3.345,0.734,6,"FSM_onehot_st_q_reg[14]/C","lane_result_q_reg[2][38]/D","P2 lane result capture","FDCE=2;LUT3=1;LUT4=1;LUT6=4"
110,0.442,5.000,4.555,1.210,3.345,0.734,6,"FSM_onehot_st_q_reg[14]/C","lane_result_q_reg[2][46]/D","P2 lane result capture","FDCE=2;LUT3=1;LUT4=1;LUT6=4"
111,0.442,5.000,4.555,1.210,3.345,0.734,6,"FSM_onehot_st_q_reg[14]/C","lane_result_q_reg[2][54]/D","P2 lane result capture","FDCE=2;LUT3=1;LUT4=1;LUT6=4"
112,0.442,5.000,4.555,1.210,3.345,0.734,6,"FSM_onehot_st_q_reg[14]/C","lane_result_q_reg[2][62]/D","P2 lane result capture","FDCE=2;LUT3=1;LUT4=1;LUT6=4"
113,0.442,5.000,4.555,1.210,3.345,0.734,6,"FSM_onehot_st_q_reg[14]/C","lane_result_q_reg[3][38]/D","P2 lane result capture","FDCE=2;LUT3=1;LUT4=1;LUT6=4"
114,0.442,5.000,4.555,1.210,3.345,0.734,6,"FSM_onehot_st_q_reg[14]/C","lane_result_q_reg[3][46]/D","P2 lane result capture","FDCE=2;LUT3=1;LUT4=1;LUT6=4"
115,0.442,5.000,4.555,1.210,3.345,0.734,6,"FSM_onehot_st_q_reg[14]/C","lane_result_q_reg[3][47]/D","P2 lane result capture","FDCE=2;LUT3=1;LUT4=1;LUT6=4"
116,0.442,5.000,4.555,1.210,3.345,0.734,6,"FSM_onehot_st_q_reg[14]/C","lane_result_q_reg[3][54]/D","P2 lane result capture","FDCE=2;LUT3=1;LUT4=1;LUT6=4"
117,0.442,5.000,4.555,1.210,3.345,0.734,6,"FSM_onehot_st_q_reg[14]/C","lane_result_q_reg[3][62]/D","P2 lane result capture","FDCE=2;LUT3=1;LUT4=1;LUT6=4"
118,0.443,5.000,4.554,1.210,3.344,0.734,6,"FSM_onehot_st_q_reg[14]/C","lane_result_q_reg[0][28]/D","P2 lane result capture","FDCE=2;LUT3=1;LUT4=1;LUT6=4"
119,0.443,5.000,4.554,1.210,3.344,0.734,6,"FSM_onehot_st_q_reg[14]/C","lane_result_q_reg[1][28]/D","P2 lane result capture","FDCE=2;LUT3=1;LUT4=1;LUT6=4"
120,0.443,5.000,4.554,1.210,3.344,0.734,6,"FSM_onehot_st_q_reg[14]/C","lane_result_q_reg[2][28]/D","P2 lane result capture","FDCE=2;LUT3=1;LUT4=1;LUT6=4"
121,0.444,5.000,4.553,1.210,3.343,0.734,6,"FSM_onehot_st_q_reg[14]/C","lane_result_q_reg[0][24]/D","P2 lane result capture","FDCE=2;LUT3=1;LUT4=1;LUT6=4"
122,0.444,5.000,4.553,1.210,3.343,0.734,6,"FSM_onehot_st_q_reg[14]/C","lane_result_q_reg[1][24]/D","P2 lane result capture","FDCE=2;LUT3=1;LUT4=1;LUT6=4"
123,0.444,5.000,4.553,1.210,3.343,0.734,6,"FSM_onehot_st_q_reg[14]/C","lane_result_q_reg[2][24]/D","P2 lane result capture","FDCE=2;LUT3=1;LUT4=1;LUT6=4"
124,0.444,5.000,4.553,1.210,3.343,0.734,6,"FSM_onehot_st_q_reg[14]/C","lane_result_q_reg[3][24]/D","P2 lane result capture","FDCE=2;LUT3=1;LUT4=1;LUT6=4"
125,0.449,5.000,4.548,1.882,2.666,0.586,7,"a_q_reg[8]/C","FSM_onehot_st_q_reg[9]/D","TOP control","CARRY4=2;FDCE=2;LUT4=2;LUT5=1;LUT6=2"
126,0.449,5.000,4.548,1.882,2.666,0.586,7,"a_q_reg[8]/C","res_q_reg[1]/D","scalar response","CARRY4=2;FDCE=2;LUT4=1;LUT5=1;LUT6=3"
127,0.451,5.000,4.546,1.210,3.336,0.734,6,"FSM_onehot_st_q_reg[14]/C","lane_result_q_reg[0][13]/D","P2 lane result capture","FDCE=2;LUT3=1;LUT4=1;LUT6=4"
128,0.451,5.000,4.546,1.210,3.336,0.734,6,"FSM_onehot_st_q_reg[14]/C","lane_result_q_reg[0][19]/D","P2 lane result capture","FDCE=2;LUT3=1;LUT4=1;LUT6=4"
129,0.451,5.000,4.546,1.210,3.336,0.734,6,"FSM_onehot_st_q_reg[14]/C","lane_result_q_reg[0][20]/D","P2 lane result capture","FDCE=2;LUT3=1;LUT4=1;LUT6=4"
130,0.451,5.000,4.546,1.210,3.336,0.734,6,"FSM_onehot_st_q_reg[14]/C","lane_result_q_reg[0][21]/D","P2 lane result capture","FDCE=2;LUT3=1;LUT4=1;LUT6=4"
131,0.451,5.000,4.546,1.210,3.336,0.734,6,"FSM_onehot_st_q_reg[14]/C","lane_result_q_reg[0][27]/D","P2 lane result capture","FDCE=2;LUT3=1;LUT4=1;LUT6=4"
132,0.451,5.000,4.546,1.210,3.336,0.734,6,"FSM_onehot_st_q_reg[14]/C","lane_result_q_reg[0][29]/D","P2 lane result capture","FDCE=2;LUT3=1;LUT4=1;LUT6=4"
133,0.451,5.000,4.546,1.210,3.336,0.734,6,"FSM_onehot_st_q_reg[14]/C","lane_result_q_reg[0][3]/D","P2 lane result capture","FDCE=2;LUT3=1;LUT4=1;LUT6=4"
134,0.451,5.000,4.546,1.210,3.336,0.734,6,"FSM_onehot_st_q_reg[14]/C","lane_result_q_reg[0][4]/D","P2 lane result capture","FDCE=2;LUT3=1;LUT4=1;LUT6=4"
135,0.451,5.000,4.546,1.210,3.336,0.734,6,"FSM_onehot_st_q_reg[14]/C","lane_result_q_reg[0][5]/D","P2 lane result capture","FDCE=2;LUT3=1;LUT4=1;LUT6=4"
136,0.451,5.000,4.546,1.210,3.336,0.734,6,"FSM_onehot_st_q_reg[14]/C","lane_result_q_reg[1][12]/D","P2 lane result capture","FDCE=2;LUT3=1;LUT4=1;LUT6=4"
137,0.451,5.000,4.546,1.210,3.336,0.734,6,"FSM_onehot_st_q_reg[14]/C","lane_result_q_reg[1][13]/D","P2 lane result capture","FDCE=2;LUT3=1;LUT4=1;LUT6=4"
138,0.451,5.000,4.546,1.210,3.336,0.734,6,"FSM_onehot_st_q_reg[14]/C","lane_result_q_reg[1][19]/D","P2 lane result capture","FDCE=2;LUT3=1;LUT4=1;LUT6=4"
139,0.451,5.000,4.546,1.210,3.336,0.734,6,"FSM_onehot_st_q_reg[14]/C","lane_result_q_reg[1][20]/D","P2 lane result capture","FDCE=2;LUT3=1;LUT4=1;LUT6=4"
140,0.451,5.000,4.546,1.210,3.336,0.734,6,"FSM_onehot_st_q_reg[14]/C","lane_result_q_reg[1][21]/D","P2 lane result capture","FDCE=2;LUT3=1;LUT4=1;LUT6=4"
141,0.451,5.000,4.546,1.210,3.336,0.734,6,"FSM_onehot_st_q_reg[14]/C","lane_result_q_reg[1][27]/D","P2 lane result capture","FDCE=2;LUT3=1;LUT4=1;LUT6=4"
142,0.451,5.000,4.546,1.210,3.336,0.734,6,"FSM_onehot_st_q_reg[14]/C","lane_result_q_reg[1][29]/D","P2 lane result capture","FDCE=2;LUT3=1;LUT4=1;LUT6=4"
143,0.451,5.000,4.546,1.210,3.336,0.734,6,"FSM_onehot_st_q_reg[14]/C","lane_result_q_reg[1][3]/D","P2 lane result capture","FDCE=2;LUT3=1;LUT4=1;LUT6=4"
144,0.451,5.000,4.546,1.210,3.336,0.734,6,"FSM_onehot_st_q_reg[14]/C","lane_result_q_reg[1][4]/D","P2 lane result capture","FDCE=2;LUT3=1;LUT4=1;LUT6=4"
145,0.451,5.000,4.546,1.210,3.336,0.734,6,"FSM_onehot_st_q_reg[14]/C","lane_result_q_reg[1][5]/D","P2 lane result capture","FDCE=2;LUT3=1;LUT4=1;LUT6=4"
146,0.451,5.000,4.546,1.210,3.336,0.734,6,"FSM_onehot_st_q_reg[14]/C","lane_result_q_reg[2][13]/D","P2 lane result capture","FDCE=2;LUT3=1;LUT4=1;LUT6=4"
147,0.451,5.000,4.546,1.210,3.336,0.734,6,"FSM_onehot_st_q_reg[14]/C","lane_result_q_reg[2][19]/D","P2 lane result capture","FDCE=2;LUT3=1;LUT4=1;LUT6=4"
148,0.451,5.000,4.546,1.210,3.336,0.734,6,"FSM_onehot_st_q_reg[14]/C","lane_result_q_reg[2][20]/D","P2 lane result capture","FDCE=2;LUT3=1;LUT4=1;LUT6=4"
149,0.451,5.000,4.546,1.210,3.336,0.734,6,"FSM_onehot_st_q_reg[14]/C","lane_result_q_reg[2][21]/D","P2 lane result capture","FDCE=2;LUT3=1;LUT4=1;LUT6=4"
150,0.451,5.000,4.546,1.210,3.336,0.734,6,"FSM_onehot_st_q_reg[14]/C","lane_result_q_reg[2][27]/D","P2 lane result capture","FDCE=2;LUT3=1;LUT4=1;LUT6=4"
151,0.451,5.000,4.546,1.210,3.336,0.734,6,"FSM_onehot_st_q_reg[14]/C","lane_result_q_reg[2][29]/D","P2 lane result capture","FDCE=2;LUT3=1;LUT4=1;LUT6=4"
152,0.451,5.000,4.546,1.210,3.336,0.734,6,"FSM_onehot_st_q_reg[14]/C","lane_result_q_reg[2][3]/D","P2 lane result capture","FDCE=2;LUT3=1;LUT4=1;LUT6=4"
153,0.451,5.000,4.546,1.210,3.336,0.734,6,"FSM_onehot_st_q_reg[14]/C","lane_result_q_reg[2][4]/D","P2 lane result capture","FDCE=2;LUT3=1;LUT4=1;LUT6=4"
154,0.451,5.000,4.546,1.210,3.336,0.734,6,"FSM_onehot_st_q_reg[14]/C","lane_result_q_reg[2][5]/D","P2 lane result capture","FDCE=2;LUT3=1;LUT4=1;LUT6=4"
155,0.451,5.000,4.546,1.210,3.336,0.734,6,"FSM_onehot_st_q_reg[14]/C","lane_result_q_reg[3][11]/D","P2 lane result capture","FDCE=2;LUT3=1;LUT4=1;LUT6=4"
156,0.451,5.000,4.546,1.210,3.336,0.734,6,"FSM_onehot_st_q_reg[14]/C","lane_result_q_reg[3][12]/D","P2 lane result capture","FDCE=2;LUT3=1;LUT4=1;LUT6=4"
157,0.451,5.000,4.546,1.210,3.336,0.734,6,"FSM_onehot_st_q_reg[14]/C","lane_result_q_reg[3][13]/D","P2 lane result capture","FDCE=2;LUT3=1;LUT4=1;LUT6=4"
158,0.451,5.000,4.546,1.210,3.336,0.734,6,"FSM_onehot_st_q_reg[14]/C","lane_result_q_reg[3][19]/D","P2 lane result capture","FDCE=2;LUT3=1;LUT4=1;LUT6=4"
159,0.451,5.000,4.546,1.210,3.336,0.734,6,"FSM_onehot_st_q_reg[14]/C","lane_result_q_reg[3][20]/D","P2 lane result capture","FDCE=2;LUT3=1;LUT4=1;LUT6=4"
160,0.451,5.000,4.546,1.210,3.336,0.734,6,"FSM_onehot_st_q_reg[14]/C","lane_result_q_reg[3][21]/D","P2 lane result capture","FDCE=2;LUT3=1;LUT4=1;LUT6=4"
161,0.451,5.000,4.546,1.210,3.336,0.734,6,"FSM_onehot_st_q_reg[14]/C","lane_result_q_reg[3][27]/D","P2 lane result capture","FDCE=2;LUT3=1;LUT4=1;LUT6=4"
162,0.451,5.000,4.546,1.210,3.336,0.734,6,"FSM_onehot_st_q_reg[14]/C","lane_result_q_reg[3][28]/D","P2 lane result capture","FDCE=2;LUT3=1;LUT4=1;LUT6=4"
163,0.451,5.000,4.546,1.210,3.336,0.734,6,"FSM_onehot_st_q_reg[14]/C","lane_result_q_reg[3][29]/D","P2 lane result capture","FDCE=2;LUT3=1;LUT4=1;LUT6=4"
164,0.451,5.000,4.546,1.210,3.336,0.734,6,"FSM_onehot_st_q_reg[14]/C","lane_result_q_reg[3][3]/D","P2 lane result capture","FDCE=2;LUT3=1;LUT4=1;LUT6=4"
165,0.451,5.000,4.546,1.210,3.336,0.734,6,"FSM_onehot_st_q_reg[14]/C","lane_result_q_reg[3][4]/D","P2 lane result capture","FDCE=2;LUT3=1;LUT4=1;LUT6=4"
166,0.451,5.000,4.546,1.210,3.336,0.734,6,"FSM_onehot_st_q_reg[14]/C","lane_result_q_reg[3][5]/D","P2 lane result capture","FDCE=2;LUT3=1;LUT4=1;LUT6=4"
167,0.452,5.000,4.545,1.210,3.335,0.734,6,"FSM_onehot_st_q_reg[14]/C","lane_result_q_reg[0][0]/D","P2 lane result capture","FDCE=2;LUT3=1;LUT4=1;LUT6=4"
168,0.452,5.000,4.545,1.210,3.335,0.734,6,"FSM_onehot_st_q_reg[14]/C","lane_result_q_reg[0][10]/D","P2 lane result capture","FDCE=2;LUT3=1;LUT4=1;LUT6=4"
169,0.452,5.000,4.545,1.210,3.335,0.734,6,"FSM_onehot_st_q_reg[14]/C","lane_result_q_reg[0][16]/D","P2 lane result capture","FDCE=2;LUT3=1;LUT4=1;LUT6=4"
170,0.452,5.000,4.545,1.210,3.335,0.734,6,"FSM_onehot_st_q_reg[14]/C","lane_result_q_reg[0][17]/D","P2 lane result capture","FDCE=2;LUT3=1;LUT4=1;LUT6=4"
171,0.452,5.000,4.545,1.210,3.335,0.734,6,"FSM_onehot_st_q_reg[14]/C","lane_result_q_reg[0][18]/D","P2 lane result capture","FDCE=2;LUT3=1;LUT4=1;LUT6=4"
172,0.452,5.000,4.545,1.210,3.335,0.734,6,"FSM_onehot_st_q_reg[14]/C","lane_result_q_reg[0][1]/D","P2 lane result capture","FDCE=2;LUT3=1;LUT4=1;LUT6=4"
173,0.452,5.000,4.545,1.210,3.335,0.734,6,"FSM_onehot_st_q_reg[14]/C","lane_result_q_reg[0][25]/D","P2 lane result capture","FDCE=2;LUT3=1;LUT4=1;LUT6=4"
174,0.452,5.000,4.545,1.210,3.335,0.734,6,"FSM_onehot_st_q_reg[14]/C","lane_result_q_reg[0][26]/D","P2 lane result capture","FDCE=2;LUT3=1;LUT4=1;LUT6=4"
175,0.452,5.000,4.545,1.210,3.335,0.734,6,"FSM_onehot_st_q_reg[14]/C","lane_result_q_reg[0][2]/D","P2 lane result capture","FDCE=2;LUT3=1;LUT4=1;LUT6=4"
176,0.452,5.000,4.545,1.190,3.355,0.738,6,"FSM_onehot_st_q_reg[14]/C","lane_result_q_reg[0][43]/D","P2 lane result capture","FDCE=2;LUT3=1;LUT4=1;LUT6=4"
177,0.452,5.000,4.545,1.190,3.355,0.738,6,"FSM_onehot_st_q_reg[14]/C","lane_result_q_reg[0][44]/D","P2 lane result capture","FDCE=2;LUT3=1;LUT4=1;LUT6=4"
178,0.452,5.000,4.545,1.210,3.335,0.734,6,"FSM_onehot_st_q_reg[14]/C","lane_result_q_reg[0][8]/D","P2 lane result capture","FDCE=2;LUT3=1;LUT4=1;LUT6=4"
179,0.452,5.000,4.545,1.210,3.335,0.734,6,"FSM_onehot_st_q_reg[14]/C","lane_result_q_reg[0][9]/D","P2 lane result capture","FDCE=2;LUT3=1;LUT4=1;LUT6=4"
180,0.452,5.000,4.545,1.210,3.335,0.734,6,"FSM_onehot_st_q_reg[14]/C","lane_result_q_reg[1][0]/D","P2 lane result capture","FDCE=2;LUT3=1;LUT4=1;LUT6=4"
181,0.452,5.000,4.545,1.210,3.335,0.734,6,"FSM_onehot_st_q_reg[14]/C","lane_result_q_reg[1][10]/D","P2 lane result capture","FDCE=2;LUT3=1;LUT4=1;LUT6=4"
182,0.452,5.000,4.545,1.210,3.335,0.734,6,"FSM_onehot_st_q_reg[14]/C","lane_result_q_reg[1][16]/D","P2 lane result capture","FDCE=2;LUT3=1;LUT4=1;LUT6=4"
183,0.452,5.000,4.545,1.210,3.335,0.734,6,"FSM_onehot_st_q_reg[14]/C","lane_result_q_reg[1][17]/D","P2 lane result capture","FDCE=2;LUT3=1;LUT4=1;LUT6=4"
184,0.452,5.000,4.545,1.210,3.335,0.734,6,"FSM_onehot_st_q_reg[14]/C","lane_result_q_reg[1][18]/D","P2 lane result capture","FDCE=2;LUT3=1;LUT4=1;LUT6=4"
185,0.452,5.000,4.545,1.210,3.335,0.734,6,"FSM_onehot_st_q_reg[14]/C","lane_result_q_reg[1][1]/D","P2 lane result capture","FDCE=2;LUT3=1;LUT4=1;LUT6=4"
186,0.452,5.000,4.545,1.210,3.335,0.734,6,"FSM_onehot_st_q_reg[14]/C","lane_result_q_reg[1][25]/D","P2 lane result capture","FDCE=2;LUT3=1;LUT4=1;LUT6=4"
187,0.452,5.000,4.545,1.210,3.335,0.734,6,"FSM_onehot_st_q_reg[14]/C","lane_result_q_reg[1][26]/D","P2 lane result capture","FDCE=2;LUT3=1;LUT4=1;LUT6=4"
188,0.452,5.000,4.545,1.210,3.335,0.734,6,"FSM_onehot_st_q_reg[14]/C","lane_result_q_reg[1][2]/D","P2 lane result capture","FDCE=2;LUT3=1;LUT4=1;LUT6=4"
189,0.452,5.000,4.545,1.190,3.355,0.738,6,"FSM_onehot_st_q_reg[14]/C","lane_result_q_reg[1][43]/D","P2 lane result capture","FDCE=2;LUT3=1;LUT4=1;LUT6=4"
190,0.452,5.000,4.545,1.210,3.335,0.734,6,"FSM_onehot_st_q_reg[14]/C","lane_result_q_reg[1][9]/D","P2 lane result capture","FDCE=2;LUT3=1;LUT4=1;LUT6=4"
191,0.452,5.000,4.545,1.210,3.335,0.734,6,"FSM_onehot_st_q_reg[14]/C","lane_result_q_reg[2][0]/D","P2 lane result capture","FDCE=2;LUT3=1;LUT4=1;LUT6=4"
192,0.452,5.000,4.545,1.210,3.335,0.734,6,"FSM_onehot_st_q_reg[14]/C","lane_result_q_reg[2][10]/D","P2 lane result capture","FDCE=2;LUT3=1;LUT4=1;LUT6=4"
193,0.452,5.000,4.545,1.210,3.335,0.734,6,"FSM_onehot_st_q_reg[14]/C","lane_result_q_reg[2][16]/D","P2 lane result capture","FDCE=2;LUT3=1;LUT4=1;LUT6=4"
194,0.452,5.000,4.545,1.210,3.335,0.734,6,"FSM_onehot_st_q_reg[14]/C","lane_result_q_reg[2][17]/D","P2 lane result capture","FDCE=2;LUT3=1;LUT4=1;LUT6=4"
195,0.452,5.000,4.545,1.210,3.335,0.734,6,"FSM_onehot_st_q_reg[14]/C","lane_result_q_reg[2][18]/D","P2 lane result capture","FDCE=2;LUT3=1;LUT4=1;LUT6=4"
196,0.452,5.000,4.545,1.210,3.335,0.734,6,"FSM_onehot_st_q_reg[14]/C","lane_result_q_reg[2][1]/D","P2 lane result capture","FDCE=2;LUT3=1;LUT4=1;LUT6=4"
197,0.452,5.000,4.545,1.210,3.335,0.734,6,"FSM_onehot_st_q_reg[14]/C","lane_result_q_reg[2][25]/D","P2 lane result capture","FDCE=2;LUT3=1;LUT4=1;LUT6=4"
198,0.452,5.000,4.545,1.210,3.335,0.734,6,"FSM_onehot_st_q_reg[14]/C","lane_result_q_reg[2][26]/D","P2 lane result capture","FDCE=2;LUT3=1;LUT4=1;LUT6=4"
199,0.452,5.000,4.545,1.210,3.335,0.734,6,"FSM_onehot_st_q_reg[14]/C","lane_result_q_reg[2][2]/D","P2 lane result capture","FDCE=2;LUT3=1;LUT4=1;LUT6=4"
200,0.452,5.000,4.545,1.190,3.355,0.738,6,"FSM_onehot_st_q_reg[14]/C","lane_result_q_reg[2][43]/D","P2 lane result capture","FDCE=2;LUT3=1;LUT4=1;LUT6=4"
201,0.452,5.000,4.545,1.190,3.355,0.738,6,"FSM_onehot_st_q_reg[14]/C","lane_result_q_reg[2][44]/D","P2 lane result capture","FDCE=2;LUT3=1;LUT4=1;LUT6=4"
202,0.452,5.000,4.545,1.210,3.335,0.734,6,"FSM_onehot_st_q_reg[14]/C","lane_result_q_reg[2][8]/D","P2 lane result capture","FDCE=2;LUT3=1;LUT4=1;LUT6=4"
203,0.452,5.000,4.545,1.210,3.335,0.734,6,"FSM_onehot_st_q_reg[14]/C","lane_result_q_reg[2][9]/D","P2 lane result capture","FDCE=2;LUT3=1;LUT4=1;LUT6=4"
204,0.452,5.000,4.545,1.210,3.335,0.734,6,"FSM_onehot_st_q_reg[14]/C","lane_result_q_reg[3][0]/D","P2 lane result capture","FDCE=2;LUT3=1;LUT4=1;LUT6=4"
205,0.452,5.000,4.545,1.210,3.335,0.734,6,"FSM_onehot_st_q_reg[14]/C","lane_result_q_reg[3][10]/D","P2 lane result capture","FDCE=2;LUT3=1;LUT4=1;LUT6=4"
206,0.452,5.000,4.545,1.210,3.335,0.734,6,"FSM_onehot_st_q_reg[14]/C","lane_result_q_reg[3][16]/D","P2 lane result capture","FDCE=2;LUT3=1;LUT4=1;LUT6=4"
207,0.452,5.000,4.545,1.210,3.335,0.734,6,"FSM_onehot_st_q_reg[14]/C","lane_result_q_reg[3][17]/D","P2 lane result capture","FDCE=2;LUT3=1;LUT4=1;LUT6=4"
208,0.452,5.000,4.545,1.210,3.335,0.734,6,"FSM_onehot_st_q_reg[14]/C","lane_result_q_reg[3][18]/D","P2 lane result capture","FDCE=2;LUT3=1;LUT4=1;LUT6=4"
209,0.452,5.000,4.545,1.210,3.335,0.734,6,"FSM_onehot_st_q_reg[14]/C","lane_result_q_reg[3][1]/D","P2 lane result capture","FDCE=2;LUT3=1;LUT4=1;LUT6=4"
210,0.452,5.000,4.545,1.210,3.335,0.734,6,"FSM_onehot_st_q_reg[14]/C","lane_result_q_reg[3][25]/D","P2 lane result capture","FDCE=2;LUT3=1;LUT4=1;LUT6=4"
211,0.452,5.000,4.545,1.210,3.335,0.734,6,"FSM_onehot_st_q_reg[14]/C","lane_result_q_reg[3][26]/D","P2 lane result capture","FDCE=2;LUT3=1;LUT4=1;LUT6=4"
212,0.452,5.000,4.545,1.210,3.335,0.734,6,"FSM_onehot_st_q_reg[14]/C","lane_result_q_reg[3][2]/D","P2 lane result capture","FDCE=2;LUT3=1;LUT4=1;LUT6=4"
213,0.452,5.000,4.545,1.210,3.335,0.734,6,"FSM_onehot_st_q_reg[14]/C","lane_result_q_reg[3][9]/D","P2 lane result capture","FDCE=2;LUT3=1;LUT4=1;LUT6=4"
214,0.453,5.000,4.544,1.190,3.354,0.738,6,"FSM_onehot_st_q_reg[14]/C","lane_result_q_reg[1][40]/D","P2 lane result capture","FDCE=2;LUT3=1;LUT4=1;LUT6=4"
215,0.453,5.000,4.544,1.190,3.354,0.738,6,"FSM_onehot_st_q_reg[14]/C","lane_result_q_reg[3][40]/D","P2 lane result capture","FDCE=2;LUT3=1;LUT4=1;LUT6=4"
216,0.461,5.000,4.536,1.210,3.326,0.733,6,"FSM_onehot_st_q_reg[14]/C","lane_result_q_reg[0][14]/D","P2 lane result capture","FDCE=2;LUT3=1;LUT4=1;LUT6=4"
217,0.461,5.000,4.536,1.210,3.326,0.733,6,"FSM_onehot_st_q_reg[14]/C","lane_result_q_reg[0][22]/D","P2 lane result capture","FDCE=2;LUT3=1;LUT4=1;LUT6=4"
218,0.461,5.000,4.536,1.210,3.326,0.733,6,"FSM_onehot_st_q_reg[14]/C","lane_result_q_reg[0][23]/D","P2 lane result capture","FDCE=2;LUT3=1;LUT4=1;LUT6=4"
219,0.461,5.000,4.536,1.210,3.326,0.733,6,"FSM_onehot_st_q_reg[14]/C","lane_result_q_reg[0][30]/D","P2 lane result capture","FDCE=2;LUT3=1;LUT4=1;LUT6=4"
220,0.461,5.000,4.536,1.210,3.326,0.733,6,"FSM_onehot_st_q_reg[14]/C","lane_result_q_reg[0][31]/D","P2 lane result capture","FDCE=2;LUT3=1;LUT4=1;LUT6=4"
221,0.461,5.000,4.536,1.210,3.326,0.733,6,"FSM_onehot_st_q_reg[14]/C","lane_result_q_reg[0][6]/D","P2 lane result capture","FDCE=2;LUT3=1;LUT4=1;LUT6=4"
222,0.461,5.000,4.536,1.210,3.326,0.733,6,"FSM_onehot_st_q_reg[14]/C","lane_result_q_reg[1][14]/D","P2 lane result capture","FDCE=2;LUT3=1;LUT4=1;LUT6=4"
223,0.461,5.000,4.536,1.210,3.326,0.733,6,"FSM_onehot_st_q_reg[14]/C","lane_result_q_reg[1][15]/D","P2 lane result capture","FDCE=2;LUT3=1;LUT4=1;LUT6=4"
224,0.461,5.000,4.536,1.210,3.326,0.733,6,"FSM_onehot_st_q_reg[14]/C","lane_result_q_reg[1][22]/D","P2 lane result capture","FDCE=2;LUT3=1;LUT4=1;LUT6=4"
225,0.461,5.000,4.536,1.210,3.326,0.733,6,"FSM_onehot_st_q_reg[14]/C","lane_result_q_reg[1][23]/D","P2 lane result capture","FDCE=2;LUT3=1;LUT4=1;LUT6=4"
226,0.461,5.000,4.536,1.210,3.326,0.733,6,"FSM_onehot_st_q_reg[14]/C","lane_result_q_reg[1][30]/D","P2 lane result capture","FDCE=2;LUT3=1;LUT4=1;LUT6=4"
227,0.461,5.000,4.536,1.210,3.326,0.733,6,"FSM_onehot_st_q_reg[14]/C","lane_result_q_reg[1][31]/D","P2 lane result capture","FDCE=2;LUT3=1;LUT4=1;LUT6=4"
228,0.461,5.000,4.536,1.210,3.326,0.733,6,"FSM_onehot_st_q_reg[14]/C","lane_result_q_reg[1][6]/D","P2 lane result capture","FDCE=2;LUT3=1;LUT4=1;LUT6=4"
229,0.461,5.000,4.536,1.210,3.326,0.733,6,"FSM_onehot_st_q_reg[14]/C","lane_result_q_reg[2][14]/D","P2 lane result capture","FDCE=2;LUT3=1;LUT4=1;LUT6=4"
230,0.461,5.000,4.536,1.210,3.326,0.733,6,"FSM_onehot_st_q_reg[14]/C","lane_result_q_reg[2][22]/D","P2 lane result capture","FDCE=2;LUT3=1;LUT4=1;LUT6=4"
231,0.461,5.000,4.536,1.210,3.326,0.733,6,"FSM_onehot_st_q_reg[14]/C","lane_result_q_reg[2][23]/D","P2 lane result capture","FDCE=2;LUT3=1;LUT4=1;LUT6=4"
232,0.461,5.000,4.536,1.210,3.326,0.733,6,"FSM_onehot_st_q_reg[14]/C","lane_result_q_reg[2][30]/D","P2 lane result capture","FDCE=2;LUT3=1;LUT4=1;LUT6=4"
233,0.461,5.000,4.536,1.210,3.326,0.733,6,"FSM_onehot_st_q_reg[14]/C","lane_result_q_reg[2][31]/D","P2 lane result capture","FDCE=2;LUT3=1;LUT4=1;LUT6=4"
234,0.461,5.000,4.536,1.210,3.326,0.733,6,"FSM_onehot_st_q_reg[14]/C","lane_result_q_reg[2][6]/D","P2 lane result capture","FDCE=2;LUT3=1;LUT4=1;LUT6=4"
235,0.461,5.000,4.536,1.210,3.326,0.733,6,"FSM_onehot_st_q_reg[14]/C","lane_result_q_reg[3][14]/D","P2 lane result capture","FDCE=2;LUT3=1;LUT4=1;LUT6=4"
236,0.461,5.000,4.536,1.210,3.326,0.733,6,"FSM_onehot_st_q_reg[14]/C","lane_result_q_reg[3][15]/D","P2 lane result capture","FDCE=2;LUT3=1;LUT4=1;LUT6=4"
237,0.461,5.000,4.536,1.210,3.326,0.733,6,"FSM_onehot_st_q_reg[14]/C","lane_result_q_reg[3][22]/D","P2 lane result capture","FDCE=2;LUT3=1;LUT4=1;LUT6=4"
238,0.461,5.000,4.536,1.210,3.326,0.733,6,"FSM_onehot_st_q_reg[14]/C","lane_result_q_reg[3][23]/D","P2 lane result capture","FDCE=2;LUT3=1;LUT4=1;LUT6=4"
239,0.461,5.000,4.536,1.210,3.326,0.733,6,"FSM_onehot_st_q_reg[14]/C","lane_result_q_reg[3][30]/D","P2 lane result capture","FDCE=2;LUT3=1;LUT4=1;LUT6=4"
240,0.461,5.000,4.536,1.210,3.326,0.733,6,"FSM_onehot_st_q_reg[14]/C","lane_result_q_reg[3][31]/D","P2 lane result capture","FDCE=2;LUT3=1;LUT4=1;LUT6=4"
241,0.461,5.000,4.536,1.210,3.326,0.733,6,"FSM_onehot_st_q_reg[14]/C","lane_result_q_reg[3][6]/D","P2 lane result capture","FDCE=2;LUT3=1;LUT4=1;LUT6=4"
242,0.462,5.000,4.535,1.190,3.345,0.738,6,"FSM_onehot_st_q_reg[14]/C","lane_result_q_reg[0][39]/D","P2 lane result capture","FDCE=2;LUT3=1;LUT4=1;LUT6=4"
243,0.462,5.000,4.535,1.190,3.345,0.738,6,"FSM_onehot_st_q_reg[14]/C","lane_result_q_reg[0][47]/D","P2 lane result capture","FDCE=2;LUT3=1;LUT4=1;LUT6=4"
244,0.462,5.000,4.535,1.190,3.345,0.738,6,"FSM_onehot_st_q_reg[14]/C","lane_result_q_reg[1][39]/D","P2 lane result capture","FDCE=2;LUT3=1;LUT4=1;LUT6=4"
245,0.462,5.000,4.535,1.190,3.345,0.738,6,"FSM_onehot_st_q_reg[14]/C","lane_result_q_reg[2][39]/D","P2 lane result capture","FDCE=2;LUT3=1;LUT4=1;LUT6=4"
246,0.462,5.000,4.535,1.190,3.345,0.738,6,"FSM_onehot_st_q_reg[14]/C","lane_result_q_reg[2][47]/D","P2 lane result capture","FDCE=2;LUT3=1;LUT4=1;LUT6=4"
247,0.462,5.000,4.535,1.190,3.345,0.738,6,"FSM_onehot_st_q_reg[14]/C","lane_result_q_reg[3][39]/D","P2 lane result capture","FDCE=2;LUT3=1;LUT4=1;LUT6=4"
248,0.471,5.000,4.526,1.190,3.336,0.737,6,"FSM_onehot_st_q_reg[14]/C","lane_result_q_reg[0][11]/D","P2 lane result capture","FDCE=2;LUT3=1;LUT4=1;LUT6=4"
249,0.471,5.000,4.526,1.190,3.336,0.737,6,"FSM_onehot_st_q_reg[14]/C","lane_result_q_reg[0][12]/D","P2 lane result capture","FDCE=2;LUT3=1;LUT4=1;LUT6=4"
250,0.471,5.000,4.526,1.190,3.336,0.737,6,"FSM_onehot_st_q_reg[14]/C","lane_result_q_reg[1][11]/D","P2 lane result capture","FDCE=2;LUT3=1;LUT4=1;LUT6=4"
251,0.471,5.000,4.526,1.190,3.336,0.737,6,"FSM_onehot_st_q_reg[14]/C","lane_result_q_reg[2][11]/D","P2 lane result capture","FDCE=2;LUT3=1;LUT4=1;LUT6=4"
252,0.471,5.000,4.526,1.190,3.336,0.737,6,"FSM_onehot_st_q_reg[14]/C","lane_result_q_reg[2][12]/D","P2 lane result capture","FDCE=2;LUT3=1;LUT4=1;LUT6=4"
253,0.472,5.000,4.525,1.190,3.335,0.737,6,"FSM_onehot_st_q_reg[14]/C","lane_result_q_reg[1][8]/D","P2 lane result capture","FDCE=2;LUT3=1;LUT4=1;LUT6=4"
254,0.472,5.000,4.525,1.190,3.335,0.737,6,"FSM_onehot_st_q_reg[14]/C","lane_result_q_reg[3][8]/D","P2 lane result capture","FDCE=2;LUT3=1;LUT4=1;LUT6=4"
255,0.479,5.000,4.547,2.093,2.454,0.540,6,"gen_lane[0].i_p2_pop_slice/popcount_part_q_o_reg[0][0]/C","group_dist_q_reg[6]/D","P2 popcount capture","CARRY4=3;FDCE=2;LUT3=2;LUT5=1"
256,0.481,5.000,4.516,1.190,3.326,0.736,6,"FSM_onehot_st_q_reg[14]/C","lane_result_q_reg[0][15]/D","P2 lane result capture","FDCE=2;LUT3=1;LUT4=1;LUT6=4"
257,0.481,5.000,4.516,1.190,3.326,0.736,6,"FSM_onehot_st_q_reg[14]/C","lane_result_q_reg[0][7]/D","P2 lane result capture","FDCE=2;LUT3=1;LUT4=1;LUT6=4"
258,0.481,5.000,4.516,1.190,3.326,0.736,6,"FSM_onehot_st_q_reg[14]/C","lane_result_q_reg[1][7]/D","P2 lane result capture","FDCE=2;LUT3=1;LUT4=1;LUT6=4"
259,0.481,5.000,4.516,1.190,3.326,0.736,6,"FSM_onehot_st_q_reg[14]/C","lane_result_q_reg[2][15]/D","P2 lane result capture","FDCE=2;LUT3=1;LUT4=1;LUT6=4"
260,0.481,5.000,4.516,1.190,3.326,0.736,6,"FSM_onehot_st_q_reg[14]/C","lane_result_q_reg[2][7]/D","P2 lane result capture","FDCE=2;LUT3=1;LUT4=1;LUT6=4"
261,0.481,5.000,4.516,1.190,3.326,0.736,6,"FSM_onehot_st_q_reg[14]/C","lane_result_q_reg[3][7]/D","P2 lane result capture","FDCE=2;LUT3=1;LUT4=1;LUT6=4"
262,0.583,5.000,4.414,1.118,3.296,0.747,5,"gen_lane[0].i_p2_pop_slice/bool_result_q_reg[7]/C","gen_lane[0].i_p2_pop_slice/popcount_part_q_o_reg[0][3]/D","P2 popcount capture","FDCE=2;LUT3=1;LUT5=2;LUT6=2"
263,0.583,5.000,4.414,1.118,3.296,0.747,5,"gen_lane[0].i_p2_pop_slice/bool_result_q_reg[39]/C","gen_lane[0].i_p2_pop_slice/popcount_part_q_o_reg[1][3]/D","P2 popcount capture","FDCE=2;LUT3=1;LUT5=2;LUT6=2"
264,0.583,5.000,4.414,1.118,3.296,0.747,5,"gen_lane[1].i_p2_pop_slice/bool_result_q_reg[7]/C","gen_lane[1].i_p2_pop_slice/popcount_part_q_o_reg[0][3]/D","P2 popcount capture","FDCE=2;LUT3=1;LUT5=2;LUT6=2"
265,0.583,5.000,4.414,1.118,3.296,0.747,5,"gen_lane[1].i_p2_pop_slice/bool_result_q_reg[39]/C","gen_lane[1].i_p2_pop_slice/popcount_part_q_o_reg[1][3]/D","P2 popcount capture","FDCE=2;LUT3=1;LUT5=2;LUT6=2"
266,0.583,5.000,4.414,1.118,3.296,0.747,5,"gen_lane[2].i_p2_pop_slice/bool_result_q_reg[7]/C","gen_lane[2].i_p2_pop_slice/popcount_part_q_o_reg[0][3]/D","P2 popcount capture","FDCE=2;LUT3=1;LUT5=2;LUT6=2"
267,0.583,5.000,4.414,1.118,3.296,0.747,5,"gen_lane[2].i_p2_pop_slice/bool_result_q_reg[39]/C","gen_lane[2].i_p2_pop_slice/popcount_part_q_o_reg[1][3]/D","P2 popcount capture","FDCE=2;LUT3=1;LUT5=2;LUT6=2"
268,0.583,5.000,4.414,1.118,3.296,0.747,5,"gen_lane[3].i_p2_pop_slice/bool_result_q_reg[7]/C","gen_lane[3].i_p2_pop_slice/popcount_part_q_o_reg[0][3]/D","P2 popcount capture","FDCE=2;LUT3=1;LUT5=2;LUT6=2"
269,0.583,5.000,4.414,1.118,3.296,0.747,5,"gen_lane[3].i_p2_pop_slice/bool_result_q_reg[39]/C","gen_lane[3].i_p2_pop_slice/popcount_part_q_o_reg[1][3]/D","P2 popcount capture","FDCE=2;LUT3=1;LUT5=2;LUT6=2"
270,0.595,5.000,4.431,2.168,2.263,0.511,7,"gen_lane[2].i_p2_pop_slice/popcount_part_q_o_reg[1][0]/C","group_dist_q_reg[5]/D","P2 popcount capture","CARRY4=3;FDCE=2;LUT3=2;LUT5=1;LUT6=1"
271,0.596,5.000,4.401,1.105,3.296,0.749,5,"gen_lane[0].i_p2_pop_slice/bool_result_q_reg[7]/C","gen_lane[0].i_p2_pop_slice/popcount_part_q_o_reg[0][5]/D","P2 popcount capture","FDCE=2;LUT3=1;LUT5=1;LUT6=3"
272,0.596,5.000,4.401,1.105,3.296,0.749,5,"gen_lane[0].i_p2_pop_slice/bool_result_q_reg[39]/C","gen_lane[0].i_p2_pop_slice/popcount_part_q_o_reg[1][5]/D","P2 popcount capture","FDCE=2;LUT3=1;LUT5=1;LUT6=3"
273,0.596,5.000,4.401,1.105,3.296,0.749,5,"gen_lane[1].i_p2_pop_slice/bool_result_q_reg[7]/C","gen_lane[1].i_p2_pop_slice/popcount_part_q_o_reg[0][5]/D","P2 popcount capture","FDCE=2;LUT3=1;LUT5=1;LUT6=3"
274,0.596,5.000,4.401,1.105,3.296,0.749,5,"gen_lane[1].i_p2_pop_slice/bool_result_q_reg[39]/C","gen_lane[1].i_p2_pop_slice/popcount_part_q_o_reg[1][5]/D","P2 popcount capture","FDCE=2;LUT3=1;LUT5=1;LUT6=3"
275,0.596,5.000,4.401,1.105,3.296,0.749,5,"gen_lane[2].i_p2_pop_slice/bool_result_q_reg[7]/C","gen_lane[2].i_p2_pop_slice/popcount_part_q_o_reg[0][5]/D","P2 popcount capture","FDCE=2;LUT3=1;LUT5=1;LUT6=3"
276,0.596,5.000,4.401,1.105,3.296,0.749,5,"gen_lane[2].i_p2_pop_slice/bool_result_q_reg[39]/C","gen_lane[2].i_p2_pop_slice/popcount_part_q_o_reg[1][5]/D","P2 popcount capture","FDCE=2;LUT3=1;LUT5=1;LUT6=3"
277,0.596,5.000,4.401,1.105,3.296,0.749,5,"gen_lane[3].i_p2_pop_slice/bool_result_q_reg[7]/C","gen_lane[3].i_p2_pop_slice/popcount_part_q_o_reg[0][5]/D","P2 popcount capture","FDCE=2;LUT3=1;LUT5=1;LUT6=3"
278,0.596,5.000,4.401,1.105,3.296,0.749,5,"gen_lane[3].i_p2_pop_slice/bool_result_q_reg[39]/C","gen_lane[3].i_p2_pop_slice/popcount_part_q_o_reg[1][5]/D","P2 popcount capture","FDCE=2;LUT3=1;LUT5=1;LUT6=3"
279,0.602,5.000,4.395,1.105,3.290,0.749,5,"gen_lane[0].i_p2_pop_slice/bool_result_q_reg[7]/C","gen_lane[0].i_p2_pop_slice/popcount_part_q_o_reg[0][4]/D","P2 popcount capture","FDCE=2;LUT3=1;LUT5=1;LUT6=3"
280,0.602,5.000,4.395,1.105,3.290,0.749,5,"gen_lane[0].i_p2_pop_slice/bool_result_q_reg[39]/C","gen_lane[0].i_p2_pop_slice/popcount_part_q_o_reg[1][4]/D","P2 popcount capture","FDCE=2;LUT3=1;LUT5=1;LUT6=3"
281,0.602,5.000,4.395,1.105,3.290,0.749,5,"gen_lane[1].i_p2_pop_slice/bool_result_q_reg[7]/C","gen_lane[1].i_p2_pop_slice/popcount_part_q_o_reg[0][4]/D","P2 popcount capture","FDCE=2;LUT3=1;LUT5=1;LUT6=3"
282,0.602,5.000,4.395,1.105,3.290,0.749,5,"gen_lane[1].i_p2_pop_slice/bool_result_q_reg[39]/C","gen_lane[1].i_p2_pop_slice/popcount_part_q_o_reg[1][4]/D","P2 popcount capture","FDCE=2;LUT3=1;LUT5=1;LUT6=3"
283,0.602,5.000,4.395,1.105,3.290,0.749,5,"gen_lane[2].i_p2_pop_slice/bool_result_q_reg[7]/C","gen_lane[2].i_p2_pop_slice/popcount_part_q_o_reg[0][4]/D","P2 popcount capture","FDCE=2;LUT3=1;LUT5=1;LUT6=3"
284,0.602,5.000,4.395,1.105,3.290,0.749,5,"gen_lane[2].i_p2_pop_slice/bool_result_q_reg[39]/C","gen_lane[2].i_p2_pop_slice/popcount_part_q_o_reg[1][4]/D","P2 popcount capture","FDCE=2;LUT3=1;LUT5=1;LUT6=3"
285,0.602,5.000,4.395,1.105,3.290,0.749,5,"gen_lane[3].i_p2_pop_slice/bool_result_q_reg[7]/C","gen_lane[3].i_p2_pop_slice/popcount_part_q_o_reg[0][4]/D","P2 popcount capture","FDCE=2;LUT3=1;LUT5=1;LUT6=3"
286,0.602,5.000,4.395,1.105,3.290,0.749,5,"gen_lane[3].i_p2_pop_slice/bool_result_q_reg[39]/C","gen_lane[3].i_p2_pop_slice/popcount_part_q_o_reg[1][4]/D","P2 popcount capture","FDCE=2;LUT3=1;LUT5=1;LUT6=3"
287,0.675,5.000,4.351,2.088,2.263,0.520,7,"gen_lane[2].i_p2_pop_slice/popcount_part_q_o_reg[1][0]/C","group_dist_q_reg[4]/D","P2 popcount capture","CARRY4=3;FDCE=2;LUT3=2;LUT5=1;LUT6=1"
288,0.848,5.000,3.941,1.085,2.856,0.725,5,"a_q_reg[13]/C","ecc_leaf_prod_q_reg[0]/CE","other","FDCE=2;LUT2=2;LUT6=3"
289,0.848,5.000,3.941,1.085,2.856,0.725,5,"a_q_reg[13]/C","ecc_leaf_prod_q_reg[10]/CE","other","FDCE=2;LUT2=2;LUT6=3"
290,0.848,5.000,3.941,1.085,2.856,0.725,5,"a_q_reg[13]/C","ecc_leaf_prod_q_reg[11]/CE","other","FDCE=2;LUT2=2;LUT6=3"
291,0.848,5.000,3.941,1.085,2.856,0.725,5,"a_q_reg[13]/C","ecc_leaf_prod_q_reg[12]/CE","other","FDCE=2;LUT2=2;LUT6=3"
292,0.848,5.000,3.941,1.085,2.856,0.725,5,"a_q_reg[13]/C","ecc_leaf_prod_q_reg[13]/CE","other","FDCE=2;LUT2=2;LUT6=3"
293,0.848,5.000,3.941,1.085,2.856,0.725,5,"a_q_reg[13]/C","ecc_leaf_prod_q_reg[14]/CE","other","FDCE=2;LUT2=2;LUT6=3"
294,0.848,5.000,3.941,1.085,2.856,0.725,5,"a_q_reg[13]/C","ecc_leaf_prod_q_reg[15]/CE","other","FDCE=2;LUT2=2;LUT6=3"
295,0.848,5.000,3.941,1.085,2.856,0.725,5,"a_q_reg[13]/C","ecc_leaf_prod_q_reg[16]/CE","other","FDCE=2;LUT2=2;LUT6=3"
296,0.848,5.000,3.941,1.085,2.856,0.725,5,"a_q_reg[13]/C","ecc_leaf_prod_q_reg[17]/CE","other","FDCE=2;LUT2=2;LUT6=3"
297,0.848,5.000,3.941,1.085,2.856,0.725,5,"a_q_reg[13]/C","ecc_leaf_prod_q_reg[18]/CE","other","FDCE=2;LUT2=2;LUT6=3"
298,0.848,5.000,3.941,1.085,2.856,0.725,5,"a_q_reg[13]/C","ecc_leaf_prod_q_reg[19]/CE","other","FDCE=2;LUT2=2;LUT6=3"
299,0.848,5.000,3.941,1.085,2.856,0.725,5,"a_q_reg[13]/C","ecc_leaf_prod_q_reg[1]/CE","other","FDCE=2;LUT2=2;LUT6=3"
300,0.848,5.000,3.941,1.085,2.856,0.725,5,"a_q_reg[13]/C","ecc_leaf_prod_q_reg[20]/CE","other","FDCE=2;LUT2=2;LUT6=3"
301,0.848,5.000,3.941,1.085,2.856,0.725,5,"a_q_reg[13]/C","ecc_leaf_prod_q_reg[21]/CE","other","FDCE=2;LUT2=2;LUT6=3"
302,0.848,5.000,3.941,1.085,2.856,0.725,5,"a_q_reg[13]/C","ecc_leaf_prod_q_reg[22]/CE","other","FDCE=2;LUT2=2;LUT6=3"
303,0.848,5.000,3.941,1.085,2.856,0.725,5,"a_q_reg[13]/C","ecc_leaf_prod_q_reg[23]/CE","other","FDCE=2;LUT2=2;LUT6=3"
304,0.848,5.000,3.941,1.085,2.856,0.725,5,"a_q_reg[13]/C","ecc_leaf_prod_q_reg[24]/CE","other","FDCE=2;LUT2=2;LUT6=3"
305,0.848,5.000,3.941,1.085,2.856,0.725,5,"a_q_reg[13]/C","ecc_leaf_prod_q_reg[25]/CE","other","FDCE=2;LUT2=2;LUT6=3"
306,0.848,5.000,3.941,1.085,2.856,0.725,5,"a_q_reg[13]/C","ecc_leaf_prod_q_reg[26]/CE","other","FDCE=2;LUT2=2;LUT6=3"
307,0.848,5.000,3.941,1.085,2.856,0.725,5,"a_q_reg[13]/C","ecc_leaf_prod_q_reg[27]/CE","other","FDCE=2;LUT2=2;LUT6=3"
308,0.848,5.000,3.941,1.085,2.856,0.725,5,"a_q_reg[13]/C","ecc_leaf_prod_q_reg[28]/CE","other","FDCE=2;LUT2=2;LUT6=3"
309,0.848,5.000,3.941,1.085,2.856,0.725,5,"a_q_reg[13]/C","ecc_leaf_prod_q_reg[29]/CE","other","FDCE=2;LUT2=2;LUT6=3"
310,0.848,5.000,3.941,1.085,2.856,0.725,5,"a_q_reg[13]/C","ecc_leaf_prod_q_reg[2]/CE","other","FDCE=2;LUT2=2;LUT6=3"
311,0.848,5.000,3.941,1.085,2.856,0.725,5,"a_q_reg[13]/C","ecc_leaf_prod_q_reg[30]/CE","other","FDCE=2;LUT2=2;LUT6=3"
312,0.848,5.000,3.941,1.085,2.856,0.725,5,"a_q_reg[13]/C","ecc_leaf_prod_q_reg[31]/CE","other","FDCE=2;LUT2=2;LUT6=3"
313,0.848,5.000,3.941,1.085,2.856,0.725,5,"a_q_reg[13]/C","ecc_leaf_prod_q_reg[32]/CE","other","FDCE=2;LUT2=2;LUT6=3"
314,0.848,5.000,3.941,1.085,2.856,0.725,5,"a_q_reg[13]/C","ecc_leaf_prod_q_reg[33]/CE","other","FDCE=2;LUT2=2;LUT6=3"
315,0.848,5.000,3.941,1.085,2.856,0.725,5,"a_q_reg[13]/C","ecc_leaf_prod_q_reg[34]/CE","other","FDCE=2;LUT2=2;LUT6=3"
316,0.848,5.000,3.941,1.085,2.856,0.725,5,"a_q_reg[13]/C","ecc_leaf_prod_q_reg[35]/CE","other","FDCE=2;LUT2=2;LUT6=3"
317,0.848,5.000,3.941,1.085,2.856,0.725,5,"a_q_reg[13]/C","ecc_leaf_prod_q_reg[36]/CE","other","FDCE=2;LUT2=2;LUT6=3"
318,0.848,5.000,3.941,1.085,2.856,0.725,5,"a_q_reg[13]/C","ecc_leaf_prod_q_reg[37]/CE","other","FDCE=2;LUT2=2;LUT6=3"
319,0.848,5.000,3.941,1.085,2.856,0.725,5,"a_q_reg[13]/C","ecc_leaf_prod_q_reg[38]/CE","other","FDCE=2;LUT2=2;LUT6=3"
320,0.848,5.000,3.941,1.085,2.856,0.725,5,"a_q_reg[13]/C","ecc_leaf_prod_q_reg[39]/CE","other","FDCE=2;LUT2=2;LUT6=3"
321,0.848,5.000,3.941,1.085,2.856,0.725,5,"a_q_reg[13]/C","ecc_leaf_prod_q_reg[3]/CE","other","FDCE=2;LUT2=2;LUT6=3"
322,0.848,5.000,3.941,1.085,2.856,0.725,5,"a_q_reg[13]/C","ecc_leaf_prod_q_reg[40]/CE","other","FDCE=2;LUT2=2;LUT6=3"
323,0.848,5.000,3.941,1.085,2.856,0.725,5,"a_q_reg[13]/C","ecc_leaf_prod_q_reg[41]/CE","other","FDCE=2;LUT2=2;LUT6=3"
324,0.848,5.000,3.941,1.085,2.856,0.725,5,"a_q_reg[13]/C","ecc_leaf_prod_q_reg[42]/CE","other","FDCE=2;LUT2=2;LUT6=3"
325,0.848,5.000,3.941,1.085,2.856,0.725,5,"a_q_reg[13]/C","ecc_leaf_prod_q_reg[43]/CE","other","FDCE=2;LUT2=2;LUT6=3"
326,0.848,5.000,3.941,1.085,2.856,0.725,5,"a_q_reg[13]/C","ecc_leaf_prod_q_reg[44]/CE","other","FDCE=2;LUT2=2;LUT6=3"
327,0.848,5.000,3.941,1.085,2.856,0.725,5,"a_q_reg[13]/C","ecc_leaf_prod_q_reg[45]/CE","other","FDCE=2;LUT2=2;LUT6=3"
328,0.848,5.000,3.941,1.085,2.856,0.725,5,"a_q_reg[13]/C","ecc_leaf_prod_q_reg[46]/CE","other","FDCE=2;LUT2=2;LUT6=3"
329,0.848,5.000,3.941,1.085,2.856,0.725,5,"a_q_reg[13]/C","ecc_leaf_prod_q_reg[47]/CE","other","FDCE=2;LUT2=2;LUT6=3"
330,0.848,5.000,3.941,1.085,2.856,0.725,5,"a_q_reg[13]/C","ecc_leaf_prod_q_reg[48]/CE","other","FDCE=2;LUT2=2;LUT6=3"
331,0.848,5.000,3.941,1.085,2.856,0.725,5,"a_q_reg[13]/C","ecc_leaf_prod_q_reg[49]/CE","other","FDCE=2;LUT2=2;LUT6=3"
332,0.848,5.000,3.941,1.085,2.856,0.725,5,"a_q_reg[13]/C","ecc_leaf_prod_q_reg[4]/CE","other","FDCE=2;LUT2=2;LUT6=3"
333,0.848,5.000,3.941,1.085,2.856,0.725,5,"a_q_reg[13]/C","ecc_leaf_prod_q_reg[50]/CE","other","FDCE=2;LUT2=2;LUT6=3"
334,0.848,5.000,3.941,1.085,2.856,0.725,5,"a_q_reg[13]/C","ecc_leaf_prod_q_reg[51]/CE","other","FDCE=2;LUT2=2;LUT6=3"
335,0.848,5.000,3.941,1.085,2.856,0.725,5,"a_q_reg[13]/C","ecc_leaf_prod_q_reg[52]/CE","other","FDCE=2;LUT2=2;LUT6=3"
336,0.848,5.000,3.941,1.085,2.856,0.725,5,"a_q_reg[13]/C","ecc_leaf_prod_q_reg[53]/CE","other","FDCE=2;LUT2=2;LUT6=3"
337,0.848,5.000,3.941,1.085,2.856,0.725,5,"a_q_reg[13]/C","ecc_leaf_prod_q_reg[54]/CE","other","FDCE=2;LUT2=2;LUT6=3"
338,0.848,5.000,3.941,1.085,2.856,0.725,5,"a_q_reg[13]/C","ecc_leaf_prod_q_reg[55]/CE","other","FDCE=2;LUT2=2;LUT6=3"
339,0.848,5.000,3.941,1.085,2.856,0.725,5,"a_q_reg[13]/C","ecc_leaf_prod_q_reg[5]/CE","other","FDCE=2;LUT2=2;LUT6=3"
340,0.848,5.000,3.941,1.085,2.856,0.725,5,"a_q_reg[13]/C","ecc_leaf_prod_q_reg[6]/CE","other","FDCE=2;LUT2=2;LUT6=3"
341,0.848,5.000,3.941,1.085,2.856,0.725,5,"a_q_reg[13]/C","ecc_leaf_prod_q_reg[7]/CE","other","FDCE=2;LUT2=2;LUT6=3"
342,0.848,5.000,3.941,1.085,2.856,0.725,5,"a_q_reg[13]/C","ecc_leaf_prod_q_reg[8]/CE","other","FDCE=2;LUT2=2;LUT6=3"
343,0.848,5.000,3.941,1.085,2.856,0.725,5,"a_q_reg[13]/C","ecc_leaf_prod_q_reg[9]/CE","other","FDCE=2;LUT2=2;LUT6=3"
344,0.851,5.000,3.938,1.085,2.853,0.724,5,"a_q_reg[13]/C","ecc_leaf_prod_q_reg[56]/CE","other","FDCE=2;LUT2=2;LUT6=3"
345,0.851,5.000,3.938,1.085,2.853,0.724,5,"a_q_reg[13]/C","ecc_leaf_prod_q_reg[57]/CE","other","FDCE=2;LUT2=2;LUT6=3"
346,0.851,5.000,3.938,1.085,2.853,0.724,5,"a_q_reg[13]/C","ecc_leaf_prod_q_reg[58]/CE","other","FDCE=2;LUT2=2;LUT6=3"
347,0.851,5.000,3.938,1.085,2.853,0.724,5,"a_q_reg[13]/C","ecc_leaf_prod_q_reg[59]/CE","other","FDCE=2;LUT2=2;LUT6=3"
348,0.851,5.000,3.938,1.085,2.853,0.724,5,"a_q_reg[13]/C","ecc_leaf_prod_q_reg[60]/CE","other","FDCE=2;LUT2=2;LUT6=3"
349,0.851,5.000,3.938,1.085,2.853,0.724,5,"a_q_reg[13]/C","ecc_leaf_prod_q_reg[61]/CE","other","FDCE=2;LUT2=2;LUT6=3"
350,0.851,5.000,3.938,1.085,2.853,0.724,5,"a_q_reg[13]/C","ecc_leaf_prod_q_reg[62]/CE","other","FDCE=2;LUT2=2;LUT6=3"
351,0.897,5.000,4.129,1.864,2.265,0.549,5,"gen_lane[2].i_p2_pop_slice/popcount_part_q_o_reg[1][0]/C","group_dist_q_reg[3]/D","P2 popcount capture","CARRY4=2;FDCE=2;LUT3=2;LUT5=1"
352,0.901,5.000,4.096,1.777,2.319,0.566,6,"a_q_reg[8]/C","FSM_onehot_st_q_reg[23]/D","TOP control","CARRY4=2;FDCE=2;LUT4=1;LUT5=1;LUT6=2"
353,1.204,5.000,3.793,1.190,2.603,0.686,6,"gen_lane[0].i_p2_pop_slice/bool_result_q_reg[23]/C","gen_lane[0].i_p2_pop_slice/popcount_part_q_o_reg[0][2]/D","P2 popcount capture","FDCE=2;LUT3=1;LUT5=3;LUT6=2"
354,1.204,5.000,3.793,1.190,2.603,0.686,6,"gen_lane[0].i_p2_pop_slice/bool_result_q_reg[55]/C","gen_lane[0].i_p2_pop_slice/popcount_part_q_o_reg[1][2]/D","P2 popcount capture","FDCE=2;LUT3=1;LUT5=3;LUT6=2"
355,1.204,5.000,3.793,1.190,2.603,0.686,6,"gen_lane[1].i_p2_pop_slice/bool_result_q_reg[23]/C","gen_lane[1].i_p2_pop_slice/popcount_part_q_o_reg[0][2]/D","P2 popcount capture","FDCE=2;LUT3=1;LUT5=3;LUT6=2"
356,1.204,5.000,3.793,1.190,2.603,0.686,6,"gen_lane[1].i_p2_pop_slice/bool_result_q_reg[55]/C","gen_lane[1].i_p2_pop_slice/popcount_part_q_o_reg[1][2]/D","P2 popcount capture","FDCE=2;LUT3=1;LUT5=3;LUT6=2"
357,1.204,5.000,3.793,1.190,2.603,0.686,6,"gen_lane[2].i_p2_pop_slice/bool_result_q_reg[23]/C","gen_lane[2].i_p2_pop_slice/popcount_part_q_o_reg[0][2]/D","P2 popcount capture","FDCE=2;LUT3=1;LUT5=3;LUT6=2"
358,1.204,5.000,3.793,1.190,2.603,0.686,6,"gen_lane[2].i_p2_pop_slice/bool_result_q_reg[55]/C","gen_lane[2].i_p2_pop_slice/popcount_part_q_o_reg[1][2]/D","P2 popcount capture","FDCE=2;LUT3=1;LUT5=3;LUT6=2"
359,1.204,5.000,3.793,1.190,2.603,0.686,6,"gen_lane[3].i_p2_pop_slice/bool_result_q_reg[23]/C","gen_lane[3].i_p2_pop_slice/popcount_part_q_o_reg[0][2]/D","P2 popcount capture","FDCE=2;LUT3=1;LUT5=3;LUT6=2"
360,1.204,5.000,3.793,1.190,2.603,0.686,6,"gen_lane[3].i_p2_pop_slice/bool_result_q_reg[55]/C","gen_lane[3].i_p2_pop_slice/popcount_part_q_o_reg[1][2]/D","P2 popcount capture","FDCE=2;LUT3=1;LUT5=3;LUT6=2"
361,1.270,5.000,3.519,0.980,2.539,0.722,4,"a_q_reg[13]/C","ecc_product_q_reg[0]/CE","other","FDCE=2;LUT2=1;LUT4=1;LUT6=2"
362,1.270,5.000,3.519,0.980,2.539,0.722,4,"a_q_reg[13]/C","ecc_product_q_reg[100]/CE","other","FDCE=2;LUT2=1;LUT4=1;LUT6=2"
363,1.270,5.000,3.519,0.980,2.539,0.722,4,"a_q_reg[13]/C","ecc_product_q_reg[101]/CE","other","FDCE=2;LUT2=1;LUT4=1;LUT6=2"
364,1.270,5.000,3.519,0.980,2.539,0.722,4,"a_q_reg[13]/C","ecc_product_q_reg[102]/CE","other","FDCE=2;LUT2=1;LUT4=1;LUT6=2"
365,1.270,5.000,3.519,0.980,2.539,0.722,4,"a_q_reg[13]/C","ecc_product_q_reg[103]/CE","other","FDCE=2;LUT2=1;LUT4=1;LUT6=2"
366,1.270,5.000,3.519,0.980,2.539,0.722,4,"a_q_reg[13]/C","ecc_product_q_reg[104]/CE","other","FDCE=2;LUT2=1;LUT4=1;LUT6=2"
367,1.270,5.000,3.519,0.980,2.539,0.722,4,"a_q_reg[13]/C","ecc_product_q_reg[105]/CE","other","FDCE=2;LUT2=1;LUT4=1;LUT6=2"
368,1.270,5.000,3.519,0.980,2.539,0.722,4,"a_q_reg[13]/C","ecc_product_q_reg[106]/CE","other","FDCE=2;LUT2=1;LUT4=1;LUT6=2"
369,1.270,5.000,3.519,0.980,2.539,0.722,4,"a_q_reg[13]/C","ecc_product_q_reg[107]/CE","other","FDCE=2;LUT2=1;LUT4=1;LUT6=2"
370,1.270,5.000,3.519,0.980,2.539,0.722,4,"a_q_reg[13]/C","ecc_product_q_reg[108]/CE","other","FDCE=2;LUT2=1;LUT4=1;LUT6=2"
371,1.270,5.000,3.519,0.980,2.539,0.722,4,"a_q_reg[13]/C","ecc_product_q_reg[109]/CE","other","FDCE=2;LUT2=1;LUT4=1;LUT6=2"
372,1.270,5.000,3.519,0.980,2.539,0.722,4,"a_q_reg[13]/C","ecc_product_q_reg[10]/CE","other","FDCE=2;LUT2=1;LUT4=1;LUT6=2"
373,1.270,5.000,3.519,0.980,2.539,0.722,4,"a_q_reg[13]/C","ecc_product_q_reg[110]/CE","other","FDCE=2;LUT2=1;LUT4=1;LUT6=2"
374,1.270,5.000,3.519,0.980,2.539,0.722,4,"a_q_reg[13]/C","ecc_product_q_reg[111]/CE","other","FDCE=2;LUT2=1;LUT4=1;LUT6=2"
375,1.270,5.000,3.519,0.980,2.539,0.722,4,"a_q_reg[13]/C","ecc_product_q_reg[112]/CE","other","FDCE=2;LUT2=1;LUT4=1;LUT6=2"
376,1.270,5.000,3.519,0.980,2.539,0.722,4,"a_q_reg[13]/C","ecc_product_q_reg[113]/CE","other","FDCE=2;LUT2=1;LUT4=1;LUT6=2"
377,1.270,5.000,3.519,0.980,2.539,0.722,4,"a_q_reg[13]/C","ecc_product_q_reg[114]/CE","other","FDCE=2;LUT2=1;LUT4=1;LUT6=2"
378,1.270,5.000,3.519,0.980,2.539,0.722,4,"a_q_reg[13]/C","ecc_product_q_reg[115]/CE","other","FDCE=2;LUT2=1;LUT4=1;LUT6=2"
379,1.270,5.000,3.519,0.980,2.539,0.722,4,"a_q_reg[13]/C","ecc_product_q_reg[116]/CE","other","FDCE=2;LUT2=1;LUT4=1;LUT6=2"
380,1.270,5.000,3.519,0.980,2.539,0.722,4,"a_q_reg[13]/C","ecc_product_q_reg[117]/CE","other","FDCE=2;LUT2=1;LUT4=1;LUT6=2"
381,1.270,5.000,3.519,0.980,2.539,0.722,4,"a_q_reg[13]/C","ecc_product_q_reg[118]/CE","other","FDCE=2;LUT2=1;LUT4=1;LUT6=2"
382,1.270,5.000,3.519,0.980,2.539,0.722,4,"a_q_reg[13]/C","ecc_product_q_reg[119]/CE","other","FDCE=2;LUT2=1;LUT4=1;LUT6=2"
383,1.270,5.000,3.519,0.980,2.539,0.722,4,"a_q_reg[13]/C","ecc_product_q_reg[11]/CE","other","FDCE=2;LUT2=1;LUT4=1;LUT6=2"
384,1.270,5.000,3.519,0.980,2.539,0.722,4,"a_q_reg[13]/C","ecc_product_q_reg[120]/CE","other","FDCE=2;LUT2=1;LUT4=1;LUT6=2"
385,1.270,5.000,3.519,0.980,2.539,0.722,4,"a_q_reg[13]/C","ecc_product_q_reg[121]/CE","other","FDCE=2;LUT2=1;LUT4=1;LUT6=2"
386,1.270,5.000,3.519,0.980,2.539,0.722,4,"a_q_reg[13]/C","ecc_product_q_reg[122]/CE","other","FDCE=2;LUT2=1;LUT4=1;LUT6=2"
387,1.270,5.000,3.519,0.980,2.539,0.722,4,"a_q_reg[13]/C","ecc_product_q_reg[123]/CE","other","FDCE=2;LUT2=1;LUT4=1;LUT6=2"
388,1.270,5.000,3.519,0.980,2.539,0.722,4,"a_q_reg[13]/C","ecc_product_q_reg[124]/CE","other","FDCE=2;LUT2=1;LUT4=1;LUT6=2"
389,1.270,5.000,3.519,0.980,2.539,0.722,4,"a_q_reg[13]/C","ecc_product_q_reg[125]/CE","other","FDCE=2;LUT2=1;LUT4=1;LUT6=2"
390,1.270,5.000,3.519,0.980,2.539,0.722,4,"a_q_reg[13]/C","ecc_product_q_reg[126]/CE","other","FDCE=2;LUT2=1;LUT4=1;LUT6=2"
391,1.270,5.000,3.519,0.980,2.539,0.722,4,"a_q_reg[13]/C","ecc_product_q_reg[127]/CE","other","FDCE=2;LUT2=1;LUT4=1;LUT6=2"
392,1.270,5.000,3.519,0.980,2.539,0.722,4,"a_q_reg[13]/C","ecc_product_q_reg[128]/CE","other","FDCE=2;LUT2=1;LUT4=1;LUT6=2"
393,1.270,5.000,3.519,0.980,2.539,0.722,4,"a_q_reg[13]/C","ecc_product_q_reg[129]/CE","other","FDCE=2;LUT2=1;LUT4=1;LUT6=2"
394,1.270,5.000,3.519,0.980,2.539,0.722,4,"a_q_reg[13]/C","ecc_product_q_reg[12]/CE","other","FDCE=2;LUT2=1;LUT4=1;LUT6=2"
395,1.270,5.000,3.519,0.980,2.539,0.722,4,"a_q_reg[13]/C","ecc_product_q_reg[130]/CE","other","FDCE=2;LUT2=1;LUT4=1;LUT6=2"
396,1.270,5.000,3.519,0.980,2.539,0.722,4,"a_q_reg[13]/C","ecc_product_q_reg[131]/CE","other","FDCE=2;LUT2=1;LUT4=1;LUT6=2"
397,1.270,5.000,3.519,0.980,2.539,0.722,4,"a_q_reg[13]/C","ecc_product_q_reg[132]/CE","other","FDCE=2;LUT2=1;LUT4=1;LUT6=2"
398,1.270,5.000,3.519,0.980,2.539,0.722,4,"a_q_reg[13]/C","ecc_product_q_reg[133]/CE","other","FDCE=2;LUT2=1;LUT4=1;LUT6=2"
399,1.270,5.000,3.519,0.980,2.539,0.722,4,"a_q_reg[13]/C","ecc_product_q_reg[134]/CE","other","FDCE=2;LUT2=1;LUT4=1;LUT6=2"
400,1.270,5.000,3.519,0.980,2.539,0.722,4,"a_q_reg[13]/C","ecc_product_q_reg[135]/CE","other","FDCE=2;LUT2=1;LUT4=1;LUT6=2"
401,1.270,5.000,3.519,0.980,2.539,0.722,4,"a_q_reg[13]/C","ecc_product_q_reg[136]/CE","other","FDCE=2;LUT2=1;LUT4=1;LUT6=2"
402,1.270,5.000,3.519,0.980,2.539,0.722,4,"a_q_reg[13]/C","ecc_product_q_reg[137]/CE","other","FDCE=2;LUT2=1;LUT4=1;LUT6=2"
403,1.270,5.000,3.519,0.980,2.539,0.722,4,"a_q_reg[13]/C","ecc_product_q_reg[138]/CE","other","FDCE=2;LUT2=1;LUT4=1;LUT6=2"
404,1.270,5.000,3.519,0.980,2.539,0.722,4,"a_q_reg[13]/C","ecc_product_q_reg[139]/CE","other","FDCE=2;LUT2=1;LUT4=1;LUT6=2"
405,1.270,5.000,3.519,0.980,2.539,0.722,4,"a_q_reg[13]/C","ecc_product_q_reg[13]/CE","other","FDCE=2;LUT2=1;LUT4=1;LUT6=2"
406,1.270,5.000,3.519,0.980,2.539,0.722,4,"a_q_reg[13]/C","ecc_product_q_reg[140]/CE","other","FDCE=2;LUT2=1;LUT4=1;LUT6=2"
407,1.270,5.000,3.519,0.980,2.539,0.722,4,"a_q_reg[13]/C","ecc_product_q_reg[141]/CE","other","FDCE=2;LUT2=1;LUT4=1;LUT6=2"
408,1.270,5.000,3.519,0.980,2.539,0.722,4,"a_q_reg[13]/C","ecc_product_q_reg[142]/CE","other","FDCE=2;LUT2=1;LUT4=1;LUT6=2"
409,1.270,5.000,3.519,0.980,2.539,0.722,4,"a_q_reg[13]/C","ecc_product_q_reg[143]/CE","other","FDCE=2;LUT2=1;LUT4=1;LUT6=2"
410,1.270,5.000,3.519,0.980,2.539,0.722,4,"a_q_reg[13]/C","ecc_product_q_reg[144]/CE","other","FDCE=2;LUT2=1;LUT4=1;LUT6=2"
411,1.270,5.000,3.519,0.980,2.539,0.722,4,"a_q_reg[13]/C","ecc_product_q_reg[145]/CE","other","FDCE=2;LUT2=1;LUT4=1;LUT6=2"
412,1.270,5.000,3.519,0.980,2.539,0.722,4,"a_q_reg[13]/C","ecc_product_q_reg[146]/CE","other","FDCE=2;LUT2=1;LUT4=1;LUT6=2"
413,1.270,5.000,3.519,0.980,2.539,0.722,4,"a_q_reg[13]/C","ecc_product_q_reg[147]/CE","other","FDCE=2;LUT2=1;LUT4=1;LUT6=2"
414,1.270,5.000,3.519,0.980,2.539,0.722,4,"a_q_reg[13]/C","ecc_product_q_reg[148]/CE","other","FDCE=2;LUT2=1;LUT4=1;LUT6=2"
415,1.270,5.000,3.519,0.980,2.539,0.722,4,"a_q_reg[13]/C","ecc_product_q_reg[149]/CE","other","FDCE=2;LUT2=1;LUT4=1;LUT6=2"
416,1.270,5.000,3.519,0.980,2.539,0.722,4,"a_q_reg[13]/C","ecc_product_q_reg[14]/CE","other","FDCE=2;LUT2=1;LUT4=1;LUT6=2"
417,1.270,5.000,3.519,0.980,2.539,0.722,4,"a_q_reg[13]/C","ecc_product_q_reg[150]/CE","other","FDCE=2;LUT2=1;LUT4=1;LUT6=2"
418,1.270,5.000,3.519,0.980,2.539,0.722,4,"a_q_reg[13]/C","ecc_product_q_reg[151]/CE","other","FDCE=2;LUT2=1;LUT4=1;LUT6=2"
419,1.270,5.000,3.519,0.980,2.539,0.722,4,"a_q_reg[13]/C","ecc_product_q_reg[152]/CE","other","FDCE=2;LUT2=1;LUT4=1;LUT6=2"
420,1.270,5.000,3.519,0.980,2.539,0.722,4,"a_q_reg[13]/C","ecc_product_q_reg[153]/CE","other","FDCE=2;LUT2=1;LUT4=1;LUT6=2"
421,1.270,5.000,3.519,0.980,2.539,0.722,4,"a_q_reg[13]/C","ecc_product_q_reg[154]/CE","other","FDCE=2;LUT2=1;LUT4=1;LUT6=2"
422,1.270,5.000,3.519,0.980,2.539,0.722,4,"a_q_reg[13]/C","ecc_product_q_reg[155]/CE","other","FDCE=2;LUT2=1;LUT4=1;LUT6=2"
423,1.270,5.000,3.519,0.980,2.539,0.722,4,"a_q_reg[13]/C","ecc_product_q_reg[156]/CE","other","FDCE=2;LUT2=1;LUT4=1;LUT6=2"
424,1.270,5.000,3.519,0.980,2.539,0.722,4,"a_q_reg[13]/C","ecc_product_q_reg[157]/CE","other","FDCE=2;LUT2=1;LUT4=1;LUT6=2"
425,1.270,5.000,3.519,0.980,2.539,0.722,4,"a_q_reg[13]/C","ecc_product_q_reg[158]/CE","other","FDCE=2;LUT2=1;LUT4=1;LUT6=2"
426,1.270,5.000,3.519,0.980,2.539,0.722,4,"a_q_reg[13]/C","ecc_product_q_reg[159]/CE","other","FDCE=2;LUT2=1;LUT4=1;LUT6=2"
427,1.270,5.000,3.519,0.980,2.539,0.722,4,"a_q_reg[13]/C","ecc_product_q_reg[15]/CE","other","FDCE=2;LUT2=1;LUT4=1;LUT6=2"
428,1.270,5.000,3.519,0.980,2.539,0.722,4,"a_q_reg[13]/C","ecc_product_q_reg[160]/CE","other","FDCE=2;LUT2=1;LUT4=1;LUT6=2"
429,1.270,5.000,3.519,0.980,2.539,0.722,4,"a_q_reg[13]/C","ecc_product_q_reg[161]/CE","other","FDCE=2;LUT2=1;LUT4=1;LUT6=2"
430,1.270,5.000,3.519,0.980,2.539,0.722,4,"a_q_reg[13]/C","ecc_product_q_reg[162]/CE","other","FDCE=2;LUT2=1;LUT4=1;LUT6=2"
431,1.270,5.000,3.519,0.980,2.539,0.722,4,"a_q_reg[13]/C","ecc_product_q_reg[163]/CE","other","FDCE=2;LUT2=1;LUT4=1;LUT6=2"
432,1.270,5.000,3.519,0.980,2.539,0.722,4,"a_q_reg[13]/C","ecc_product_q_reg[164]/CE","other","FDCE=2;LUT2=1;LUT4=1;LUT6=2"
433,1.270,5.000,3.519,0.980,2.539,0.722,4,"a_q_reg[13]/C","ecc_product_q_reg[165]/CE","other","FDCE=2;LUT2=1;LUT4=1;LUT6=2"
434,1.270,5.000,3.519,0.980,2.539,0.722,4,"a_q_reg[13]/C","ecc_product_q_reg[166]/CE","other","FDCE=2;LUT2=1;LUT4=1;LUT6=2"
435,1.270,5.000,3.519,0.980,2.539,0.722,4,"a_q_reg[13]/C","ecc_product_q_reg[167]/CE","other","FDCE=2;LUT2=1;LUT4=1;LUT6=2"
436,1.270,5.000,3.519,0.980,2.539,0.722,4,"a_q_reg[13]/C","ecc_product_q_reg[168]/CE","other","FDCE=2;LUT2=1;LUT4=1;LUT6=2"
437,1.270,5.000,3.519,0.980,2.539,0.722,4,"a_q_reg[13]/C","ecc_product_q_reg[169]/CE","other","FDCE=2;LUT2=1;LUT4=1;LUT6=2"
438,1.270,5.000,3.519,0.980,2.539,0.722,4,"a_q_reg[13]/C","ecc_product_q_reg[16]/CE","other","FDCE=2;LUT2=1;LUT4=1;LUT6=2"
439,1.270,5.000,3.519,0.980,2.539,0.722,4,"a_q_reg[13]/C","ecc_product_q_reg[170]/CE","other","FDCE=2;LUT2=1;LUT4=1;LUT6=2"
440,1.270,5.000,3.519,0.980,2.539,0.722,4,"a_q_reg[13]/C","ecc_product_q_reg[171]/CE","other","FDCE=2;LUT2=1;LUT4=1;LUT6=2"
441,1.270,5.000,3.519,0.980,2.539,0.722,4,"a_q_reg[13]/C","ecc_product_q_reg[172]/CE","other","FDCE=2;LUT2=1;LUT4=1;LUT6=2"
442,1.270,5.000,3.519,0.980,2.539,0.722,4,"a_q_reg[13]/C","ecc_product_q_reg[173]/CE","other","FDCE=2;LUT2=1;LUT4=1;LUT6=2"
443,1.270,5.000,3.519,0.980,2.539,0.722,4,"a_q_reg[13]/C","ecc_product_q_reg[174]/CE","other","FDCE=2;LUT2=1;LUT4=1;LUT6=2"
444,1.270,5.000,3.519,0.980,2.539,0.722,4,"a_q_reg[13]/C","ecc_product_q_reg[175]/CE","other","FDCE=2;LUT2=1;LUT4=1;LUT6=2"
445,1.270,5.000,3.519,0.980,2.539,0.722,4,"a_q_reg[13]/C","ecc_product_q_reg[176]/CE","other","FDCE=2;LUT2=1;LUT4=1;LUT6=2"
446,1.270,5.000,3.519,0.980,2.539,0.722,4,"a_q_reg[13]/C","ecc_product_q_reg[177]/CE","other","FDCE=2;LUT2=1;LUT4=1;LUT6=2"
447,1.270,5.000,3.519,0.980,2.539,0.722,4,"a_q_reg[13]/C","ecc_product_q_reg[178]/CE","other","FDCE=2;LUT2=1;LUT4=1;LUT6=2"
448,1.270,5.000,3.519,0.980,2.539,0.722,4,"a_q_reg[13]/C","ecc_product_q_reg[179]/CE","other","FDCE=2;LUT2=1;LUT4=1;LUT6=2"
449,1.270,5.000,3.519,0.980,2.539,0.722,4,"a_q_reg[13]/C","ecc_product_q_reg[17]/CE","other","FDCE=2;LUT2=1;LUT4=1;LUT6=2"
450,1.270,5.000,3.519,0.980,2.539,0.722,4,"a_q_reg[13]/C","ecc_product_q_reg[180]/CE","other","FDCE=2;LUT2=1;LUT4=1;LUT6=2"
451,1.270,5.000,3.519,0.980,2.539,0.722,4,"a_q_reg[13]/C","ecc_product_q_reg[181]/CE","other","FDCE=2;LUT2=1;LUT4=1;LUT6=2"
452,1.270,5.000,3.519,0.980,2.539,0.722,4,"a_q_reg[13]/C","ecc_product_q_reg[182]/CE","other","FDCE=2;LUT2=1;LUT4=1;LUT6=2"
453,1.270,5.000,3.519,0.980,2.539,0.722,4,"a_q_reg[13]/C","ecc_product_q_reg[183]/CE","other","FDCE=2;LUT2=1;LUT4=1;LUT6=2"
454,1.270,5.000,3.519,0.980,2.539,0.722,4,"a_q_reg[13]/C","ecc_product_q_reg[184]/CE","other","FDCE=2;LUT2=1;LUT4=1;LUT6=2"
455,1.270,5.000,3.519,0.980,2.539,0.722,4,"a_q_reg[13]/C","ecc_product_q_reg[185]/CE","other","FDCE=2;LUT2=1;LUT4=1;LUT6=2"
456,1.270,5.000,3.519,0.980,2.539,0.722,4,"a_q_reg[13]/C","ecc_product_q_reg[186]/CE","other","FDCE=2;LUT2=1;LUT4=1;LUT6=2"
457,1.270,5.000,3.519,0.980,2.539,0.722,4,"a_q_reg[13]/C","ecc_product_q_reg[187]/CE","other","FDCE=2;LUT2=1;LUT4=1;LUT6=2"
458,1.270,5.000,3.519,0.980,2.539,0.722,4,"a_q_reg[13]/C","ecc_product_q_reg[188]/CE","other","FDCE=2;LUT2=1;LUT4=1;LUT6=2"
459,1.270,5.000,3.519,0.980,2.539,0.722,4,"a_q_reg[13]/C","ecc_product_q_reg[189]/CE","other","FDCE=2;LUT2=1;LUT4=1;LUT6=2"
460,1.270,5.000,3.519,0.980,2.539,0.722,4,"a_q_reg[13]/C","ecc_product_q_reg[18]/CE","other","FDCE=2;LUT2=1;LUT4=1;LUT6=2"
461,1.270,5.000,3.519,0.980,2.539,0.722,4,"a_q_reg[13]/C","ecc_product_q_reg[190]/CE","other","FDCE=2;LUT2=1;LUT4=1;LUT6=2"
462,1.270,5.000,3.519,0.980,2.539,0.722,4,"a_q_reg[13]/C","ecc_product_q_reg[191]/CE","other","FDCE=2;LUT2=1;LUT4=1;LUT6=2"
463,1.270,5.000,3.519,0.980,2.539,0.722,4,"a_q_reg[13]/C","ecc_product_q_reg[192]/CE","other","FDCE=2;LUT2=1;LUT4=1;LUT6=2"
464,1.270,5.000,3.519,0.980,2.539,0.722,4,"a_q_reg[13]/C","ecc_product_q_reg[193]/CE","other","FDCE=2;LUT2=1;LUT4=1;LUT6=2"
465,1.270,5.000,3.519,0.980,2.539,0.722,4,"a_q_reg[13]/C","ecc_product_q_reg[194]/CE","other","FDCE=2;LUT2=1;LUT4=1;LUT6=2"
466,1.270,5.000,3.519,0.980,2.539,0.722,4,"a_q_reg[13]/C","ecc_product_q_reg[195]/CE","other","FDCE=2;LUT2=1;LUT4=1;LUT6=2"
467,1.270,5.000,3.519,0.980,2.539,0.722,4,"a_q_reg[13]/C","ecc_product_q_reg[196]/CE","other","FDCE=2;LUT2=1;LUT4=1;LUT6=2"
468,1.270,5.000,3.519,0.980,2.539,0.722,4,"a_q_reg[13]/C","ecc_product_q_reg[197]/CE","other","FDCE=2;LUT2=1;LUT4=1;LUT6=2"
469,1.270,5.000,3.519,0.980,2.539,0.722,4,"a_q_reg[13]/C","ecc_product_q_reg[198]/CE","other","FDCE=2;LUT2=1;LUT4=1;LUT6=2"
470,1.270,5.000,3.519,0.980,2.539,0.722,4,"a_q_reg[13]/C","ecc_product_q_reg[199]/CE","other","FDCE=2;LUT2=1;LUT4=1;LUT6=2"
471,1.270,5.000,3.519,0.980,2.539,0.722,4,"a_q_reg[13]/C","ecc_product_q_reg[19]/CE","other","FDCE=2;LUT2=1;LUT4=1;LUT6=2"
472,1.270,5.000,3.519,0.980,2.539,0.722,4,"a_q_reg[13]/C","ecc_product_q_reg[1]/CE","other","FDCE=2;LUT2=1;LUT4=1;LUT6=2"
473,1.270,5.000,3.519,0.980,2.539,0.722,4,"a_q_reg[13]/C","ecc_product_q_reg[200]/CE","other","FDCE=2;LUT2=1;LUT4=1;LUT6=2"
474,1.270,5.000,3.519,0.980,2.539,0.722,4,"a_q_reg[13]/C","ecc_product_q_reg[201]/CE","other","FDCE=2;LUT2=1;LUT4=1;LUT6=2"
475,1.270,5.000,3.519,0.980,2.539,0.722,4,"a_q_reg[13]/C","ecc_product_q_reg[202]/CE","other","FDCE=2;LUT2=1;LUT4=1;LUT6=2"
476,1.270,5.000,3.519,0.980,2.539,0.722,4,"a_q_reg[13]/C","ecc_product_q_reg[203]/CE","other","FDCE=2;LUT2=1;LUT4=1;LUT6=2"
477,1.270,5.000,3.519,0.980,2.539,0.722,4,"a_q_reg[13]/C","ecc_product_q_reg[204]/CE","other","FDCE=2;LUT2=1;LUT4=1;LUT6=2"
478,1.270,5.000,3.519,0.980,2.539,0.722,4,"a_q_reg[13]/C","ecc_product_q_reg[205]/CE","other","FDCE=2;LUT2=1;LUT4=1;LUT6=2"
479,1.270,5.000,3.519,0.980,2.539,0.722,4,"a_q_reg[13]/C","ecc_product_q_reg[206]/CE","other","FDCE=2;LUT2=1;LUT4=1;LUT6=2"
480,1.270,5.000,3.519,0.980,2.539,0.722,4,"a_q_reg[13]/C","ecc_product_q_reg[207]/CE","other","FDCE=2;LUT2=1;LUT4=1;LUT6=2"
481,1.270,5.000,3.519,0.980,2.539,0.722,4,"a_q_reg[13]/C","ecc_product_q_reg[208]/CE","other","FDCE=2;LUT2=1;LUT4=1;LUT6=2"
482,1.270,5.000,3.519,0.980,2.539,0.722,4,"a_q_reg[13]/C","ecc_product_q_reg[209]/CE","other","FDCE=2;LUT2=1;LUT4=1;LUT6=2"
483,1.270,5.000,3.519,0.980,2.539,0.722,4,"a_q_reg[13]/C","ecc_product_q_reg[20]/CE","other","FDCE=2;LUT2=1;LUT4=1;LUT6=2"
484,1.270,5.000,3.519,0.980,2.539,0.722,4,"a_q_reg[13]/C","ecc_product_q_reg[210]/CE","other","FDCE=2;LUT2=1;LUT4=1;LUT6=2"
485,1.270,5.000,3.519,0.980,2.539,0.722,4,"a_q_reg[13]/C","ecc_product_q_reg[211]/CE","other","FDCE=2;LUT2=1;LUT4=1;LUT6=2"
486,1.270,5.000,3.519,0.980,2.539,0.722,4,"a_q_reg[13]/C","ecc_product_q_reg[212]/CE","other","FDCE=2;LUT2=1;LUT4=1;LUT6=2"
487,1.270,5.000,3.519,0.980,2.539,0.722,4,"a_q_reg[13]/C","ecc_product_q_reg[213]/CE","other","FDCE=2;LUT2=1;LUT4=1;LUT6=2"
488,1.270,5.000,3.519,0.980,2.539,0.722,4,"a_q_reg[13]/C","ecc_product_q_reg[214]/CE","other","FDCE=2;LUT2=1;LUT4=1;LUT6=2"
489,1.270,5.000,3.519,0.980,2.539,0.722,4,"a_q_reg[13]/C","ecc_product_q_reg[215]/CE","other","FDCE=2;LUT2=1;LUT4=1;LUT6=2"
490,1.270,5.000,3.519,0.980,2.539,0.722,4,"a_q_reg[13]/C","ecc_product_q_reg[216]/CE","other","FDCE=2;LUT2=1;LUT4=1;LUT6=2"
491,1.270,5.000,3.519,0.980,2.539,0.722,4,"a_q_reg[13]/C","ecc_product_q_reg[217]/CE","other","FDCE=2;LUT2=1;LUT4=1;LUT6=2"
492,1.270,5.000,3.519,0.980,2.539,0.722,4,"a_q_reg[13]/C","ecc_product_q_reg[218]/CE","other","FDCE=2;LUT2=1;LUT4=1;LUT6=2"
493,1.270,5.000,3.519,0.980,2.539,0.722,4,"a_q_reg[13]/C","ecc_product_q_reg[219]/CE","other","FDCE=2;LUT2=1;LUT4=1;LUT6=2"
494,1.270,5.000,3.519,0.980,2.539,0.722,4,"a_q_reg[13]/C","ecc_product_q_reg[21]/CE","other","FDCE=2;LUT2=1;LUT4=1;LUT6=2"
495,1.270,5.000,3.519,0.980,2.539,0.722,4,"a_q_reg[13]/C","ecc_product_q_reg[220]/CE","other","FDCE=2;LUT2=1;LUT4=1;LUT6=2"
496,1.270,5.000,3.519,0.980,2.539,0.722,4,"a_q_reg[13]/C","ecc_product_q_reg[221]/CE","other","FDCE=2;LUT2=1;LUT4=1;LUT6=2"
497,1.270,5.000,3.519,0.980,2.539,0.722,4,"a_q_reg[13]/C","ecc_product_q_reg[222]/CE","other","FDCE=2;LUT2=1;LUT4=1;LUT6=2"
498,1.270,5.000,3.519,0.980,2.539,0.722,4,"a_q_reg[13]/C","ecc_product_q_reg[223]/CE","other","FDCE=2;LUT2=1;LUT4=1;LUT6=2"
499,1.270,5.000,3.519,0.980,2.539,0.722,4,"a_q_reg[13]/C","ecc_product_q_reg[224]/CE","other","FDCE=2;LUT2=1;LUT4=1;LUT6=2"
500,1.270,5.000,3.519,0.980,2.539,0.722,4,"a_q_reg[13]/C","ecc_product_q_reg[225]/CE","other","FDCE=2;LUT2=1;LUT4=1;LUT6=2"
501,1.270,5.000,3.519,0.980,2.539,0.722,4,"a_q_reg[13]/C","ecc_product_q_reg[226]/CE","other","FDCE=2;LUT2=1;LUT4=1;LUT6=2"
502,1.270,5.000,3.519,0.980,2.539,0.722,4,"a_q_reg[13]/C","ecc_product_q_reg[227]/CE","other","FDCE=2;LUT2=1;LUT4=1;LUT6=2"
503,1.270,5.000,3.519,0.980,2.539,0.722,4,"a_q_reg[13]/C","ecc_product_q_reg[228]/CE","other","FDCE=2;LUT2=1;LUT4=1;LUT6=2"
504,1.270,5.000,3.519,0.980,2.539,0.722,4,"a_q_reg[13]/C","ecc_product_q_reg[229]/CE","other","FDCE=2;LUT2=1;LUT4=1;LUT6=2"
505,1.270,5.000,3.519,0.980,2.539,0.722,4,"a_q_reg[13]/C","ecc_product_q_reg[22]/CE","other","FDCE=2;LUT2=1;LUT4=1;LUT6=2"
506,1.270,5.000,3.519,0.980,2.539,0.722,4,"a_q_reg[13]/C","ecc_product_q_reg[230]/CE","other","FDCE=2;LUT2=1;LUT4=1;LUT6=2"
507,1.270,5.000,3.519,0.980,2.539,0.722,4,"a_q_reg[13]/C","ecc_product_q_reg[231]/CE","other","FDCE=2;LUT2=1;LUT4=1;LUT6=2"
508,1.270,5.000,3.519,0.980,2.539,0.722,4,"a_q_reg[13]/C","ecc_product_q_reg[232]/CE","other","FDCE=2;LUT2=1;LUT4=1;LUT6=2"
509,1.270,5.000,3.519,0.980,2.539,0.722,4,"a_q_reg[13]/C","ecc_product_q_reg[233]/CE","other","FDCE=2;LUT2=1;LUT4=1;LUT6=2"
510,1.270,5.000,3.519,0.980,2.539,0.722,4,"a_q_reg[13]/C","ecc_product_q_reg[234]/CE","other","FDCE=2;LUT2=1;LUT4=1;LUT6=2"
511,1.270,5.000,3.519,0.980,2.539,0.722,4,"a_q_reg[13]/C","ecc_product_q_reg[235]/CE","other","FDCE=2;LUT2=1;LUT4=1;LUT6=2"
512,1.270,5.000,3.519,0.980,2.539,0.722,4,"a_q_reg[13]/C","ecc_product_q_reg[236]/CE","other","FDCE=2;LUT2=1;LUT4=1;LUT6=2"
513,1.270,5.000,3.519,0.980,2.539,0.722,4,"a_q_reg[13]/C","ecc_product_q_reg[237]/CE","other","FDCE=2;LUT2=1;LUT4=1;LUT6=2"
514,1.270,5.000,3.519,0.980,2.539,0.722,4,"a_q_reg[13]/C","ecc_product_q_reg[238]/CE","other","FDCE=2;LUT2=1;LUT4=1;LUT6=2"
515,1.270,5.000,3.519,0.980,2.539,0.722,4,"a_q_reg[13]/C","ecc_product_q_reg[239]/CE","other","FDCE=2;LUT2=1;LUT4=1;LUT6=2"
516,1.270,5.000,3.519,0.980,2.539,0.722,4,"a_q_reg[13]/C","ecc_product_q_reg[23]/CE","other","FDCE=2;LUT2=1;LUT4=1;LUT6=2"
517,1.270,5.000,3.519,0.980,2.539,0.722,4,"a_q_reg[13]/C","ecc_product_q_reg[240]/CE","other","FDCE=2;LUT2=1;LUT4=1;LUT6=2"
518,1.270,5.000,3.519,0.980,2.539,0.722,4,"a_q_reg[13]/C","ecc_product_q_reg[241]/CE","other","FDCE=2;LUT2=1;LUT4=1;LUT6=2"
519,1.270,5.000,3.519,0.980,2.539,0.722,4,"a_q_reg[13]/C","ecc_product_q_reg[242]/CE","other","FDCE=2;LUT2=1;LUT4=1;LUT6=2"
520,1.270,5.000,3.519,0.980,2.539,0.722,4,"a_q_reg[13]/C","ecc_product_q_reg[243]/CE","other","FDCE=2;LUT2=1;LUT4=1;LUT6=2"
521,1.270,5.000,3.519,0.980,2.539,0.722,4,"a_q_reg[13]/C","ecc_product_q_reg[244]/CE","other","FDCE=2;LUT2=1;LUT4=1;LUT6=2"
522,1.270,5.000,3.519,0.980,2.539,0.722,4,"a_q_reg[13]/C","ecc_product_q_reg[245]/CE","other","FDCE=2;LUT2=1;LUT4=1;LUT6=2"
523,1.270,5.000,3.519,0.980,2.539,0.722,4,"a_q_reg[13]/C","ecc_product_q_reg[246]/CE","other","FDCE=2;LUT2=1;LUT4=1;LUT6=2"
524,1.270,5.000,3.519,0.980,2.539,0.722,4,"a_q_reg[13]/C","ecc_product_q_reg[247]/CE","other","FDCE=2;LUT2=1;LUT4=1;LUT6=2"
525,1.270,5.000,3.519,0.980,2.539,0.722,4,"a_q_reg[13]/C","ecc_product_q_reg[248]/CE","other","FDCE=2;LUT2=1;LUT4=1;LUT6=2"
526,1.270,5.000,3.519,0.980,2.539,0.722,4,"a_q_reg[13]/C","ecc_product_q_reg[249]/CE","other","FDCE=2;LUT2=1;LUT4=1;LUT6=2"
527,1.270,5.000,3.519,0.980,2.539,0.722,4,"a_q_reg[13]/C","ecc_product_q_reg[24]/CE","other","FDCE=2;LUT2=1;LUT4=1;LUT6=2"
528,1.270,5.000,3.519,0.980,2.539,0.722,4,"a_q_reg[13]/C","ecc_product_q_reg[250]/CE","other","FDCE=2;LUT2=1;LUT4=1;LUT6=2"
529,1.270,5.000,3.519,0.980,2.539,0.722,4,"a_q_reg[13]/C","ecc_product_q_reg[251]/CE","other","FDCE=2;LUT2=1;LUT4=1;LUT6=2"
530,1.270,5.000,3.519,0.980,2.539,0.722,4,"a_q_reg[13]/C","ecc_product_q_reg[252]/CE","other","FDCE=2;LUT2=1;LUT4=1;LUT6=2"
531,1.270,5.000,3.519,0.980,2.539,0.722,4,"a_q_reg[13]/C","ecc_product_q_reg[253]/CE","other","FDCE=2;LUT2=1;LUT4=1;LUT6=2"
532,1.270,5.000,3.519,0.980,2.539,0.722,4,"a_q_reg[13]/C","ecc_product_q_reg[254]/CE","other","FDCE=2;LUT2=1;LUT4=1;LUT6=2"
533,1.270,5.000,3.519,0.980,2.539,0.722,4,"a_q_reg[13]/C","ecc_product_q_reg[255]/CE","other","FDCE=2;LUT2=1;LUT4=1;LUT6=2"
534,1.270,5.000,3.519,0.980,2.539,0.722,4,"a_q_reg[13]/C","ecc_product_q_reg[256]/CE","other","FDCE=2;LUT2=1;LUT4=1;LUT6=2"
535,1.270,5.000,3.519,0.980,2.539,0.722,4,"a_q_reg[13]/C","ecc_product_q_reg[257]/CE","other","FDCE=2;LUT2=1;LUT4=1;LUT6=2"
536,1.270,5.000,3.519,0.980,2.539,0.722,4,"a_q_reg[13]/C","ecc_product_q_reg[258]/CE","other","FDCE=2;LUT2=1;LUT4=1;LUT6=2"
537,1.270,5.000,3.519,0.980,2.539,0.722,4,"a_q_reg[13]/C","ecc_product_q_reg[259]/CE","other","FDCE=2;LUT2=1;LUT4=1;LUT6=2"
538,1.270,5.000,3.519,0.980,2.539,0.722,4,"a_q_reg[13]/C","ecc_product_q_reg[25]/CE","other","FDCE=2;LUT2=1;LUT4=1;LUT6=2"
539,1.270,5.000,3.519,0.980,2.539,0.722,4,"a_q_reg[13]/C","ecc_product_q_reg[260]/CE","other","FDCE=2;LUT2=1;LUT4=1;LUT6=2"
540,1.270,5.000,3.519,0.980,2.539,0.722,4,"a_q_reg[13]/C","ecc_product_q_reg[261]/CE","other","FDCE=2;LUT2=1;LUT4=1;LUT6=2"
541,1.270,5.000,3.519,0.980,2.539,0.722,4,"a_q_reg[13]/C","ecc_product_q_reg[262]/CE","other","FDCE=2;LUT2=1;LUT4=1;LUT6=2"
542,1.270,5.000,3.519,0.980,2.539,0.722,4,"a_q_reg[13]/C","ecc_product_q_reg[263]/CE","other","FDCE=2;LUT2=1;LUT4=1;LUT6=2"
543,1.270,5.000,3.519,0.980,2.539,0.722,4,"a_q_reg[13]/C","ecc_product_q_reg[264]/CE","other","FDCE=2;LUT2=1;LUT4=1;LUT6=2"
544,1.270,5.000,3.519,0.980,2.539,0.722,4,"a_q_reg[13]/C","ecc_product_q_reg[265]/CE","other","FDCE=2;LUT2=1;LUT4=1;LUT6=2"
545,1.270,5.000,3.519,0.980,2.539,0.722,4,"a_q_reg[13]/C","ecc_product_q_reg[266]/CE","other","FDCE=2;LUT2=1;LUT4=1;LUT6=2"
546,1.270,5.000,3.519,0.980,2.539,0.722,4,"a_q_reg[13]/C","ecc_product_q_reg[267]/CE","other","FDCE=2;LUT2=1;LUT4=1;LUT6=2"
547,1.270,5.000,3.519,0.980,2.539,0.722,4,"a_q_reg[13]/C","ecc_product_q_reg[268]/CE","other","FDCE=2;LUT2=1;LUT4=1;LUT6=2"
548,1.270,5.000,3.519,0.980,2.539,0.722,4,"a_q_reg[13]/C","ecc_product_q_reg[269]/CE","other","FDCE=2;LUT2=1;LUT4=1;LUT6=2"
549,1.270,5.000,3.519,0.980,2.539,0.722,4,"a_q_reg[13]/C","ecc_product_q_reg[26]/CE","other","FDCE=2;LUT2=1;LUT4=1;LUT6=2"
550,1.270,5.000,3.519,0.980,2.539,0.722,4,"a_q_reg[13]/C","ecc_product_q_reg[270]/CE","other","FDCE=2;LUT2=1;LUT4=1;LUT6=2"
551,1.270,5.000,3.519,0.980,2.539,0.722,4,"a_q_reg[13]/C","ecc_product_q_reg[271]/CE","other","FDCE=2;LUT2=1;LUT4=1;LUT6=2"
552,1.270,5.000,3.519,0.980,2.539,0.722,4,"a_q_reg[13]/C","ecc_product_q_reg[272]/CE","other","FDCE=2;LUT2=1;LUT4=1;LUT6=2"
553,1.270,5.000,3.519,0.980,2.539,0.722,4,"a_q_reg[13]/C","ecc_product_q_reg[273]/CE","other","FDCE=2;LUT2=1;LUT4=1;LUT6=2"
554,1.270,5.000,3.519,0.980,2.539,0.722,4,"a_q_reg[13]/C","ecc_product_q_reg[274]/CE","other","FDCE=2;LUT2=1;LUT4=1;LUT6=2"
555,1.270,5.000,3.519,0.980,2.539,0.722,4,"a_q_reg[13]/C","ecc_product_q_reg[275]/CE","other","FDCE=2;LUT2=1;LUT4=1;LUT6=2"
556,1.270,5.000,3.519,0.980,2.539,0.722,4,"a_q_reg[13]/C","ecc_product_q_reg[276]/CE","other","FDCE=2;LUT2=1;LUT4=1;LUT6=2"
557,1.270,5.000,3.519,0.980,2.539,0.722,4,"a_q_reg[13]/C","ecc_product_q_reg[277]/CE","other","FDCE=2;LUT2=1;LUT4=1;LUT6=2"
558,1.270,5.000,3.519,0.980,2.539,0.722,4,"a_q_reg[13]/C","ecc_product_q_reg[278]/CE","other","FDCE=2;LUT2=1;LUT4=1;LUT6=2"
559,1.270,5.000,3.519,0.980,2.539,0.722,4,"a_q_reg[13]/C","ecc_product_q_reg[279]/CE","other","FDCE=2;LUT2=1;LUT4=1;LUT6=2"
560,1.270,5.000,3.519,0.980,2.539,0.722,4,"a_q_reg[13]/C","ecc_product_q_reg[27]/CE","other","FDCE=2;LUT2=1;LUT4=1;LUT6=2"
561,1.270,5.000,3.519,0.980,2.539,0.722,4,"a_q_reg[13]/C","ecc_product_q_reg[280]/CE","other","FDCE=2;LUT2=1;LUT4=1;LUT6=2"
562,1.270,5.000,3.519,0.980,2.539,0.722,4,"a_q_reg[13]/C","ecc_product_q_reg[281]/CE","other","FDCE=2;LUT2=1;LUT4=1;LUT6=2"
563,1.270,5.000,3.519,0.980,2.539,0.722,4,"a_q_reg[13]/C","ecc_product_q_reg[282]/CE","other","FDCE=2;LUT2=1;LUT4=1;LUT6=2"
564,1.270,5.000,3.519,0.980,2.539,0.722,4,"a_q_reg[13]/C","ecc_product_q_reg[283]/CE","other","FDCE=2;LUT2=1;LUT4=1;LUT6=2"
565,1.270,5.000,3.519,0.980,2.539,0.722,4,"a_q_reg[13]/C","ecc_product_q_reg[284]/CE","other","FDCE=2;LUT2=1;LUT4=1;LUT6=2"
566,1.270,5.000,3.519,0.980,2.539,0.722,4,"a_q_reg[13]/C","ecc_product_q_reg[285]/CE","other","FDCE=2;LUT2=1;LUT4=1;LUT6=2"
567,1.270,5.000,3.519,0.980,2.539,0.722,4,"a_q_reg[13]/C","ecc_product_q_reg[286]/CE","other","FDCE=2;LUT2=1;LUT4=1;LUT6=2"
568,1.270,5.000,3.519,0.980,2.539,0.722,4,"a_q_reg[13]/C","ecc_product_q_reg[287]/CE","other","FDCE=2;LUT2=1;LUT4=1;LUT6=2"
569,1.270,5.000,3.519,0.980,2.539,0.722,4,"a_q_reg[13]/C","ecc_product_q_reg[288]/CE","other","FDCE=2;LUT2=1;LUT4=1;LUT6=2"
570,1.270,5.000,3.519,0.980,2.539,0.722,4,"a_q_reg[13]/C","ecc_product_q_reg[289]/CE","other","FDCE=2;LUT2=1;LUT4=1;LUT6=2"
571,1.270,5.000,3.519,0.980,2.539,0.722,4,"a_q_reg[13]/C","ecc_product_q_reg[28]/CE","other","FDCE=2;LUT2=1;LUT4=1;LUT6=2"
572,1.270,5.000,3.519,0.980,2.539,0.722,4,"a_q_reg[13]/C","ecc_product_q_reg[290]/CE","other","FDCE=2;LUT2=1;LUT4=1;LUT6=2"
573,1.270,5.000,3.519,0.980,2.539,0.722,4,"a_q_reg[13]/C","ecc_product_q_reg[291]/CE","other","FDCE=2;LUT2=1;LUT4=1;LUT6=2"
574,1.270,5.000,3.519,0.980,2.539,0.722,4,"a_q_reg[13]/C","ecc_product_q_reg[292]/CE","other","FDCE=2;LUT2=1;LUT4=1;LUT6=2"
575,1.270,5.000,3.519,0.980,2.539,0.722,4,"a_q_reg[13]/C","ecc_product_q_reg[293]/CE","other","FDCE=2;LUT2=1;LUT4=1;LUT6=2"
576,1.270,5.000,3.519,0.980,2.539,0.722,4,"a_q_reg[13]/C","ecc_product_q_reg[294]/CE","other","FDCE=2;LUT2=1;LUT4=1;LUT6=2"
577,1.270,5.000,3.519,0.980,2.539,0.722,4,"a_q_reg[13]/C","ecc_product_q_reg[295]/CE","other","FDCE=2;LUT2=1;LUT4=1;LUT6=2"
578,1.270,5.000,3.519,0.980,2.539,0.722,4,"a_q_reg[13]/C","ecc_product_q_reg[296]/CE","other","FDCE=2;LUT2=1;LUT4=1;LUT6=2"
579,1.270,5.000,3.519,0.980,2.539,0.722,4,"a_q_reg[13]/C","ecc_product_q_reg[297]/CE","other","FDCE=2;LUT2=1;LUT4=1;LUT6=2"
580,1.270,5.000,3.519,0.980,2.539,0.722,4,"a_q_reg[13]/C","ecc_product_q_reg[298]/CE","other","FDCE=2;LUT2=1;LUT4=1;LUT6=2"
581,1.270,5.000,3.519,0.980,2.539,0.722,4,"a_q_reg[13]/C","ecc_product_q_reg[299]/CE","other","FDCE=2;LUT2=1;LUT4=1;LUT6=2"
582,1.270,5.000,3.519,0.980,2.539,0.722,4,"a_q_reg[13]/C","ecc_product_q_reg[29]/CE","other","FDCE=2;LUT2=1;LUT4=1;LUT6=2"
583,1.270,5.000,3.519,0.980,2.539,0.722,4,"a_q_reg[13]/C","ecc_product_q_reg[2]/CE","other","FDCE=2;LUT2=1;LUT4=1;LUT6=2"
584,1.270,5.000,3.519,0.980,2.539,0.722,4,"a_q_reg[13]/C","ecc_product_q_reg[300]/CE","other","FDCE=2;LUT2=1;LUT4=1;LUT6=2"
585,1.270,5.000,3.519,0.980,2.539,0.722,4,"a_q_reg[13]/C","ecc_product_q_reg[301]/CE","other","FDCE=2;LUT2=1;LUT4=1;LUT6=2"
586,1.270,5.000,3.519,0.980,2.539,0.722,4,"a_q_reg[13]/C","ecc_product_q_reg[302]/CE","other","FDCE=2;LUT2=1;LUT4=1;LUT6=2"
587,1.270,5.000,3.519,0.980,2.539,0.722,4,"a_q_reg[13]/C","ecc_product_q_reg[303]/CE","other","FDCE=2;LUT2=1;LUT4=1;LUT6=2"
588,1.270,5.000,3.519,0.980,2.539,0.722,4,"a_q_reg[13]/C","ecc_product_q_reg[304]/CE","other","FDCE=2;LUT2=1;LUT4=1;LUT6=2"
589,1.270,5.000,3.519,0.980,2.539,0.722,4,"a_q_reg[13]/C","ecc_product_q_reg[305]/CE","other","FDCE=2;LUT2=1;LUT4=1;LUT6=2"
590,1.270,5.000,3.519,0.980,2.539,0.722,4,"a_q_reg[13]/C","ecc_product_q_reg[306]/CE","other","FDCE=2;LUT2=1;LUT4=1;LUT6=2"
591,1.270,5.000,3.519,0.980,2.539,0.722,4,"a_q_reg[13]/C","ecc_product_q_reg[307]/CE","other","FDCE=2;LUT2=1;LUT4=1;LUT6=2"
592,1.270,5.000,3.519,0.980,2.539,0.722,4,"a_q_reg[13]/C","ecc_product_q_reg[308]/CE","other","FDCE=2;LUT2=1;LUT4=1;LUT6=2"
593,1.270,5.000,3.519,0.980,2.539,0.722,4,"a_q_reg[13]/C","ecc_product_q_reg[309]/CE","other","FDCE=2;LUT2=1;LUT4=1;LUT6=2"
594,1.270,5.000,3.519,0.980,2.539,0.722,4,"a_q_reg[13]/C","ecc_product_q_reg[30]/CE","other","FDCE=2;LUT2=1;LUT4=1;LUT6=2"
595,1.270,5.000,3.519,0.980,2.539,0.722,4,"a_q_reg[13]/C","ecc_product_q_reg[310]/CE","other","FDCE=2;LUT2=1;LUT4=1;LUT6=2"
596,1.270,5.000,3.519,0.980,2.539,0.722,4,"a_q_reg[13]/C","ecc_product_q_reg[311]/CE","other","FDCE=2;LUT2=1;LUT4=1;LUT6=2"
597,1.270,5.000,3.519,0.980,2.539,0.722,4,"a_q_reg[13]/C","ecc_product_q_reg[312]/CE","other","FDCE=2;LUT2=1;LUT4=1;LUT6=2"
598,1.270,5.000,3.519,0.980,2.539,0.722,4,"a_q_reg[13]/C","ecc_product_q_reg[313]/CE","other","FDCE=2;LUT2=1;LUT4=1;LUT6=2"
599,1.270,5.000,3.519,0.980,2.539,0.722,4,"a_q_reg[13]/C","ecc_product_q_reg[314]/CE","other","FDCE=2;LUT2=1;LUT4=1;LUT6=2"
600,1.270,5.000,3.519,0.980,2.539,0.722,4,"a_q_reg[13]/C","ecc_product_q_reg[315]/CE","other","FDCE=2;LUT2=1;LUT4=1;LUT6=2"
601,1.270,5.000,3.519,0.980,2.539,0.722,4,"a_q_reg[13]/C","ecc_product_q_reg[316]/CE","other","FDCE=2;LUT2=1;LUT4=1;LUT6=2"
602,1.270,5.000,3.519,0.980,2.539,0.722,4,"a_q_reg[13]/C","ecc_product_q_reg[317]/CE","other","FDCE=2;LUT2=1;LUT4=1;LUT6=2"
603,1.270,5.000,3.519,0.980,2.539,0.722,4,"a_q_reg[13]/C","ecc_product_q_reg[318]/CE","other","FDCE=2;LUT2=1;LUT4=1;LUT6=2"
604,1.270,5.000,3.519,0.980,2.539,0.722,4,"a_q_reg[13]/C","ecc_product_q_reg[319]/CE","other","FDCE=2;LUT2=1;LUT4=1;LUT6=2"
605,1.270,5.000,3.519,0.980,2.539,0.722,4,"a_q_reg[13]/C","ecc_product_q_reg[31]/CE","other","FDCE=2;LUT2=1;LUT4=1;LUT6=2"
606,1.270,5.000,3.519,0.980,2.539,0.722,4,"a_q_reg[13]/C","ecc_product_q_reg[320]/CE","other","FDCE=2;LUT2=1;LUT4=1;LUT6=2"
607,1.270,5.000,3.519,0.980,2.539,0.722,4,"a_q_reg[13]/C","ecc_product_q_reg[321]/CE","other","FDCE=2;LUT2=1;LUT4=1;LUT6=2"
608,1.270,5.000,3.519,0.980,2.539,0.722,4,"a_q_reg[13]/C","ecc_product_q_reg[322]/CE","other","FDCE=2;LUT2=1;LUT4=1;LUT6=2"
609,1.270,5.000,3.519,0.980,2.539,0.722,4,"a_q_reg[13]/C","ecc_product_q_reg[323]/CE","other","FDCE=2;LUT2=1;LUT4=1;LUT6=2"
610,1.270,5.000,3.519,0.980,2.539,0.722,4,"a_q_reg[13]/C","ecc_product_q_reg[324]/CE","other","FDCE=2;LUT2=1;LUT4=1;LUT6=2"
611,1.270,5.000,3.519,0.980,2.539,0.722,4,"a_q_reg[13]/C","ecc_product_q_reg[325]/CE","other","FDCE=2;LUT2=1;LUT4=1;LUT6=2"
612,1.270,5.000,3.519,0.980,2.539,0.722,4,"a_q_reg[13]/C","ecc_product_q_reg[326]/CE","other","FDCE=2;LUT2=1;LUT4=1;LUT6=2"
613,1.270,5.000,3.519,0.980,2.539,0.722,4,"a_q_reg[13]/C","ecc_product_q_reg[327]/CE","other","FDCE=2;LUT2=1;LUT4=1;LUT6=2"
614,1.270,5.000,3.519,0.980,2.539,0.722,4,"a_q_reg[13]/C","ecc_product_q_reg[328]/CE","other","FDCE=2;LUT2=1;LUT4=1;LUT6=2"
615,1.270,5.000,3.519,0.980,2.539,0.722,4,"a_q_reg[13]/C","ecc_product_q_reg[329]/CE","other","FDCE=2;LUT2=1;LUT4=1;LUT6=2"
616,1.270,5.000,3.519,0.980,2.539,0.722,4,"a_q_reg[13]/C","ecc_product_q_reg[32]/CE","other","FDCE=2;LUT2=1;LUT4=1;LUT6=2"
617,1.270,5.000,3.519,0.980,2.539,0.722,4,"a_q_reg[13]/C","ecc_product_q_reg[330]/CE","other","FDCE=2;LUT2=1;LUT4=1;LUT6=2"
618,1.270,5.000,3.519,0.980,2.539,0.722,4,"a_q_reg[13]/C","ecc_product_q_reg[331]/CE","other","FDCE=2;LUT2=1;LUT4=1;LUT6=2"
619,1.270,5.000,3.519,0.980,2.539,0.722,4,"a_q_reg[13]/C","ecc_product_q_reg[332]/CE","other","FDCE=2;LUT2=1;LUT4=1;LUT6=2"
620,1.270,5.000,3.519,0.980,2.539,0.722,4,"a_q_reg[13]/C","ecc_product_q_reg[333]/CE","other","FDCE=2;LUT2=1;LUT4=1;LUT6=2"
621,1.270,5.000,3.519,0.980,2.539,0.722,4,"a_q_reg[13]/C","ecc_product_q_reg[334]/CE","other","FDCE=2;LUT2=1;LUT4=1;LUT6=2"
622,1.270,5.000,3.519,0.980,2.539,0.722,4,"a_q_reg[13]/C","ecc_product_q_reg[335]/CE","other","FDCE=2;LUT2=1;LUT4=1;LUT6=2"
623,1.270,5.000,3.519,0.980,2.539,0.722,4,"a_q_reg[13]/C","ecc_product_q_reg[336]/CE","other","FDCE=2;LUT2=1;LUT4=1;LUT6=2"
624,1.270,5.000,3.519,0.980,2.539,0.722,4,"a_q_reg[13]/C","ecc_product_q_reg[337]/CE","other","FDCE=2;LUT2=1;LUT4=1;LUT6=2"
625,1.270,5.000,3.519,0.980,2.539,0.722,4,"a_q_reg[13]/C","ecc_product_q_reg[338]/CE","other","FDCE=2;LUT2=1;LUT4=1;LUT6=2"
626,1.270,5.000,3.519,0.980,2.539,0.722,4,"a_q_reg[13]/C","ecc_product_q_reg[339]/CE","other","FDCE=2;LUT2=1;LUT4=1;LUT6=2"
627,1.270,5.000,3.519,0.980,2.539,0.722,4,"a_q_reg[13]/C","ecc_product_q_reg[33]/CE","other","FDCE=2;LUT2=1;LUT4=1;LUT6=2"
628,1.270,5.000,3.519,0.980,2.539,0.722,4,"a_q_reg[13]/C","ecc_product_q_reg[340]/CE","other","FDCE=2;LUT2=1;LUT4=1;LUT6=2"
629,1.270,5.000,3.519,0.980,2.539,0.722,4,"a_q_reg[13]/C","ecc_product_q_reg[341]/CE","other","FDCE=2;LUT2=1;LUT4=1;LUT6=2"
630,1.270,5.000,3.519,0.980,2.539,0.722,4,"a_q_reg[13]/C","ecc_product_q_reg[342]/CE","other","FDCE=2;LUT2=1;LUT4=1;LUT6=2"
631,1.270,5.000,3.519,0.980,2.539,0.722,4,"a_q_reg[13]/C","ecc_product_q_reg[343]/CE","other","FDCE=2;LUT2=1;LUT4=1;LUT6=2"
632,1.270,5.000,3.519,0.980,2.539,0.722,4,"a_q_reg[13]/C","ecc_product_q_reg[344]/CE","other","FDCE=2;LUT2=1;LUT4=1;LUT6=2"
633,1.270,5.000,3.519,0.980,2.539,0.722,4,"a_q_reg[13]/C","ecc_product_q_reg[345]/CE","other","FDCE=2;LUT2=1;LUT4=1;LUT6=2"
634,1.270,5.000,3.519,0.980,2.539,0.722,4,"a_q_reg[13]/C","ecc_product_q_reg[346]/CE","other","FDCE=2;LUT2=1;LUT4=1;LUT6=2"
635,1.270,5.000,3.519,0.980,2.539,0.722,4,"a_q_reg[13]/C","ecc_product_q_reg[347]/CE","other","FDCE=2;LUT2=1;LUT4=1;LUT6=2"
636,1.270,5.000,3.519,0.980,2.539,0.722,4,"a_q_reg[13]/C","ecc_product_q_reg[348]/CE","other","FDCE=2;LUT2=1;LUT4=1;LUT6=2"
637,1.270,5.000,3.519,0.980,2.539,0.722,4,"a_q_reg[13]/C","ecc_product_q_reg[349]/CE","other","FDCE=2;LUT2=1;LUT4=1;LUT6=2"
638,1.270,5.000,3.519,0.980,2.539,0.722,4,"a_q_reg[13]/C","ecc_product_q_reg[34]/CE","other","FDCE=2;LUT2=1;LUT4=1;LUT6=2"
639,1.270,5.000,3.519,0.980,2.539,0.722,4,"a_q_reg[13]/C","ecc_product_q_reg[350]/CE","other","FDCE=2;LUT2=1;LUT4=1;LUT6=2"
640,1.270,5.000,3.519,0.980,2.539,0.722,4,"a_q_reg[13]/C","ecc_product_q_reg[351]/CE","other","FDCE=2;LUT2=1;LUT4=1;LUT6=2"
641,1.270,5.000,3.519,0.980,2.539,0.722,4,"a_q_reg[13]/C","ecc_product_q_reg[352]/CE","other","FDCE=2;LUT2=1;LUT4=1;LUT6=2"
642,1.270,5.000,3.519,0.980,2.539,0.722,4,"a_q_reg[13]/C","ecc_product_q_reg[353]/CE","other","FDCE=2;LUT2=1;LUT4=1;LUT6=2"
643,1.270,5.000,3.519,0.980,2.539,0.722,4,"a_q_reg[13]/C","ecc_product_q_reg[354]/CE","other","FDCE=2;LUT2=1;LUT4=1;LUT6=2"
644,1.270,5.000,3.519,0.980,2.539,0.722,4,"a_q_reg[13]/C","ecc_product_q_reg[355]/CE","other","FDCE=2;LUT2=1;LUT4=1;LUT6=2"
645,1.270,5.000,3.519,0.980,2.539,0.722,4,"a_q_reg[13]/C","ecc_product_q_reg[356]/CE","other","FDCE=2;LUT2=1;LUT4=1;LUT6=2"
646,1.270,5.000,3.519,0.980,2.539,0.722,4,"a_q_reg[13]/C","ecc_product_q_reg[357]/CE","other","FDCE=2;LUT2=1;LUT4=1;LUT6=2"
647,1.270,5.000,3.519,0.980,2.539,0.722,4,"a_q_reg[13]/C","ecc_product_q_reg[358]/CE","other","FDCE=2;LUT2=1;LUT4=1;LUT6=2"
648,1.270,5.000,3.519,0.980,2.539,0.722,4,"a_q_reg[13]/C","ecc_product_q_reg[359]/CE","other","FDCE=2;LUT2=1;LUT4=1;LUT6=2"
649,1.270,5.000,3.519,0.980,2.539,0.722,4,"a_q_reg[13]/C","ecc_product_q_reg[35]/CE","other","FDCE=2;LUT2=1;LUT4=1;LUT6=2"
650,1.270,5.000,3.519,0.980,2.539,0.722,4,"a_q_reg[13]/C","ecc_product_q_reg[360]/CE","other","FDCE=2;LUT2=1;LUT4=1;LUT6=2"
651,1.270,5.000,3.519,0.980,2.539,0.722,4,"a_q_reg[13]/C","ecc_product_q_reg[361]/CE","other","FDCE=2;LUT2=1;LUT4=1;LUT6=2"
652,1.270,5.000,3.519,0.980,2.539,0.722,4,"a_q_reg[13]/C","ecc_product_q_reg[362]/CE","other","FDCE=2;LUT2=1;LUT4=1;LUT6=2"
653,1.270,5.000,3.519,0.980,2.539,0.722,4,"a_q_reg[13]/C","ecc_product_q_reg[363]/CE","other","FDCE=2;LUT2=1;LUT4=1;LUT6=2"
654,1.270,5.000,3.519,0.980,2.539,0.722,4,"a_q_reg[13]/C","ecc_product_q_reg[364]/CE","other","FDCE=2;LUT2=1;LUT4=1;LUT6=2"
655,1.270,5.000,3.519,0.980,2.539,0.722,4,"a_q_reg[13]/C","ecc_product_q_reg[365]/CE","other","FDCE=2;LUT2=1;LUT4=1;LUT6=2"
656,1.270,5.000,3.519,0.980,2.539,0.722,4,"a_q_reg[13]/C","ecc_product_q_reg[366]/CE","other","FDCE=2;LUT2=1;LUT4=1;LUT6=2"
657,1.270,5.000,3.519,0.980,2.539,0.722,4,"a_q_reg[13]/C","ecc_product_q_reg[367]/CE","other","FDCE=2;LUT2=1;LUT4=1;LUT6=2"
658,1.270,5.000,3.519,0.980,2.539,0.722,4,"a_q_reg[13]/C","ecc_product_q_reg[368]/CE","other","FDCE=2;LUT2=1;LUT4=1;LUT6=2"
659,1.270,5.000,3.519,0.980,2.539,0.722,4,"a_q_reg[13]/C","ecc_product_q_reg[369]/CE","other","FDCE=2;LUT2=1;LUT4=1;LUT6=2"
660,1.270,5.000,3.519,0.980,2.539,0.722,4,"a_q_reg[13]/C","ecc_product_q_reg[36]/CE","other","FDCE=2;LUT2=1;LUT4=1;LUT6=2"
661,1.270,5.000,3.519,0.980,2.539,0.722,4,"a_q_reg[13]/C","ecc_product_q_reg[370]/CE","other","FDCE=2;LUT2=1;LUT4=1;LUT6=2"
662,1.270,5.000,3.519,0.980,2.539,0.722,4,"a_q_reg[13]/C","ecc_product_q_reg[371]/CE","other","FDCE=2;LUT2=1;LUT4=1;LUT6=2"
663,1.270,5.000,3.519,0.980,2.539,0.722,4,"a_q_reg[13]/C","ecc_product_q_reg[372]/CE","other","FDCE=2;LUT2=1;LUT4=1;LUT6=2"
664,1.270,5.000,3.519,0.980,2.539,0.722,4,"a_q_reg[13]/C","ecc_product_q_reg[373]/CE","other","FDCE=2;LUT2=1;LUT4=1;LUT6=2"
665,1.270,5.000,3.519,0.980,2.539,0.722,4,"a_q_reg[13]/C","ecc_product_q_reg[374]/CE","other","FDCE=2;LUT2=1;LUT4=1;LUT6=2"
666,1.270,5.000,3.519,0.980,2.539,0.722,4,"a_q_reg[13]/C","ecc_product_q_reg[375]/CE","other","FDCE=2;LUT2=1;LUT4=1;LUT6=2"
667,1.270,5.000,3.519,0.980,2.539,0.722,4,"a_q_reg[13]/C","ecc_product_q_reg[376]/CE","other","FDCE=2;LUT2=1;LUT4=1;LUT6=2"
668,1.270,5.000,3.519,0.980,2.539,0.722,4,"a_q_reg[13]/C","ecc_product_q_reg[377]/CE","other","FDCE=2;LUT2=1;LUT4=1;LUT6=2"
669,1.270,5.000,3.519,0.980,2.539,0.722,4,"a_q_reg[13]/C","ecc_product_q_reg[378]/CE","other","FDCE=2;LUT2=1;LUT4=1;LUT6=2"
670,1.270,5.000,3.519,0.980,2.539,0.722,4,"a_q_reg[13]/C","ecc_product_q_reg[379]/CE","other","FDCE=2;LUT2=1;LUT4=1;LUT6=2"
671,1.270,5.000,3.519,0.980,2.539,0.722,4,"a_q_reg[13]/C","ecc_product_q_reg[37]/CE","other","FDCE=2;LUT2=1;LUT4=1;LUT6=2"
672,1.270,5.000,3.519,0.980,2.539,0.722,4,"a_q_reg[13]/C","ecc_product_q_reg[380]/CE","other","FDCE=2;LUT2=1;LUT4=1;LUT6=2"
673,1.270,5.000,3.519,0.980,2.539,0.722,4,"a_q_reg[13]/C","ecc_product_q_reg[381]/CE","other","FDCE=2;LUT2=1;LUT4=1;LUT6=2"
674,1.270,5.000,3.519,0.980,2.539,0.722,4,"a_q_reg[13]/C","ecc_product_q_reg[382]/CE","other","FDCE=2;LUT2=1;LUT4=1;LUT6=2"
675,1.270,5.000,3.519,0.980,2.539,0.722,4,"a_q_reg[13]/C","ecc_product_q_reg[383]/CE","other","FDCE=2;LUT2=1;LUT4=1;LUT6=2"
676,1.270,5.000,3.519,0.980,2.539,0.722,4,"a_q_reg[13]/C","ecc_product_q_reg[384]/CE","other","FDCE=2;LUT2=1;LUT4=1;LUT6=2"
677,1.270,5.000,3.519,0.980,2.539,0.722,4,"a_q_reg[13]/C","ecc_product_q_reg[385]/CE","other","FDCE=2;LUT2=1;LUT4=1;LUT6=2"
678,1.270,5.000,3.519,0.980,2.539,0.722,4,"a_q_reg[13]/C","ecc_product_q_reg[386]/CE","other","FDCE=2;LUT2=1;LUT4=1;LUT6=2"
679,1.270,5.000,3.519,0.980,2.539,0.722,4,"a_q_reg[13]/C","ecc_product_q_reg[387]/CE","other","FDCE=2;LUT2=1;LUT4=1;LUT6=2"
680,1.270,5.000,3.519,0.980,2.539,0.722,4,"a_q_reg[13]/C","ecc_product_q_reg[388]/CE","other","FDCE=2;LUT2=1;LUT4=1;LUT6=2"
681,1.270,5.000,3.519,0.980,2.539,0.722,4,"a_q_reg[13]/C","ecc_product_q_reg[389]/CE","other","FDCE=2;LUT2=1;LUT4=1;LUT6=2"
682,1.270,5.000,3.519,0.980,2.539,0.722,4,"a_q_reg[13]/C","ecc_product_q_reg[38]/CE","other","FDCE=2;LUT2=1;LUT4=1;LUT6=2"
683,1.270,5.000,3.519,0.980,2.539,0.722,4,"a_q_reg[13]/C","ecc_product_q_reg[390]/CE","other","FDCE=2;LUT2=1;LUT4=1;LUT6=2"
684,1.270,5.000,3.519,0.980,2.539,0.722,4,"a_q_reg[13]/C","ecc_product_q_reg[391]/CE","other","FDCE=2;LUT2=1;LUT4=1;LUT6=2"
685,1.270,5.000,3.519,0.980,2.539,0.722,4,"a_q_reg[13]/C","ecc_product_q_reg[392]/CE","other","FDCE=2;LUT2=1;LUT4=1;LUT6=2"
686,1.270,5.000,3.519,0.980,2.539,0.722,4,"a_q_reg[13]/C","ecc_product_q_reg[393]/CE","other","FDCE=2;LUT2=1;LUT4=1;LUT6=2"
687,1.270,5.000,3.519,0.980,2.539,0.722,4,"a_q_reg[13]/C","ecc_product_q_reg[394]/CE","other","FDCE=2;LUT2=1;LUT4=1;LUT6=2"
688,1.270,5.000,3.519,0.980,2.539,0.722,4,"a_q_reg[13]/C","ecc_product_q_reg[395]/CE","other","FDCE=2;LUT2=1;LUT4=1;LUT6=2"
689,1.270,5.000,3.519,0.980,2.539,0.722,4,"a_q_reg[13]/C","ecc_product_q_reg[396]/CE","other","FDCE=2;LUT2=1;LUT4=1;LUT6=2"
690,1.270,5.000,3.519,0.980,2.539,0.722,4,"a_q_reg[13]/C","ecc_product_q_reg[397]/CE","other","FDCE=2;LUT2=1;LUT4=1;LUT6=2"
691,1.270,5.000,3.519,0.980,2.539,0.722,4,"a_q_reg[13]/C","ecc_product_q_reg[398]/CE","other","FDCE=2;LUT2=1;LUT4=1;LUT6=2"
692,1.270,5.000,3.519,0.980,2.539,0.722,4,"a_q_reg[13]/C","ecc_product_q_reg[399]/CE","other","FDCE=2;LUT2=1;LUT4=1;LUT6=2"
693,1.270,5.000,3.519,0.980,2.539,0.722,4,"a_q_reg[13]/C","ecc_product_q_reg[39]/CE","other","FDCE=2;LUT2=1;LUT4=1;LUT6=2"
694,1.270,5.000,3.519,0.980,2.539,0.722,4,"a_q_reg[13]/C","ecc_product_q_reg[3]/CE","other","FDCE=2;LUT2=1;LUT4=1;LUT6=2"
695,1.270,5.000,3.519,0.980,2.539,0.722,4,"a_q_reg[13]/C","ecc_product_q_reg[400]/CE","other","FDCE=2;LUT2=1;LUT4=1;LUT6=2"
696,1.270,5.000,3.519,0.980,2.539,0.722,4,"a_q_reg[13]/C","ecc_product_q_reg[401]/CE","other","FDCE=2;LUT2=1;LUT4=1;LUT6=2"
697,1.270,5.000,3.519,0.980,2.539,0.722,4,"a_q_reg[13]/C","ecc_product_q_reg[402]/CE","other","FDCE=2;LUT2=1;LUT4=1;LUT6=2"
698,1.270,5.000,3.519,0.980,2.539,0.722,4,"a_q_reg[13]/C","ecc_product_q_reg[403]/CE","other","FDCE=2;LUT2=1;LUT4=1;LUT6=2"
699,1.270,5.000,3.519,0.980,2.539,0.722,4,"a_q_reg[13]/C","ecc_product_q_reg[404]/CE","other","FDCE=2;LUT2=1;LUT4=1;LUT6=2"
700,1.270,5.000,3.519,0.980,2.539,0.722,4,"a_q_reg[13]/C","ecc_product_q_reg[405]/CE","other","FDCE=2;LUT2=1;LUT4=1;LUT6=2"
701,1.270,5.000,3.519,0.980,2.539,0.722,4,"a_q_reg[13]/C","ecc_product_q_reg[406]/CE","other","FDCE=2;LUT2=1;LUT4=1;LUT6=2"
702,1.270,5.000,3.519,0.980,2.539,0.722,4,"a_q_reg[13]/C","ecc_product_q_reg[407]/CE","other","FDCE=2;LUT2=1;LUT4=1;LUT6=2"
703,1.270,5.000,3.519,0.980,2.539,0.722,4,"a_q_reg[13]/C","ecc_product_q_reg[408]/CE","other","FDCE=2;LUT2=1;LUT4=1;LUT6=2"
704,1.270,5.000,3.519,0.980,2.539,0.722,4,"a_q_reg[13]/C","ecc_product_q_reg[409]/CE","other","FDCE=2;LUT2=1;LUT4=1;LUT6=2"
705,1.270,5.000,3.519,0.980,2.539,0.722,4,"a_q_reg[13]/C","ecc_product_q_reg[40]/CE","other","FDCE=2;LUT2=1;LUT4=1;LUT6=2"
706,1.270,5.000,3.519,0.980,2.539,0.722,4,"a_q_reg[13]/C","ecc_product_q_reg[410]/CE","other","FDCE=2;LUT2=1;LUT4=1;LUT6=2"
707,1.270,5.000,3.519,0.980,2.539,0.722,4,"a_q_reg[13]/C","ecc_product_q_reg[411]/CE","other","FDCE=2;LUT2=1;LUT4=1;LUT6=2"
708,1.270,5.000,3.519,0.980,2.539,0.722,4,"a_q_reg[13]/C","ecc_product_q_reg[412]/CE","other","FDCE=2;LUT2=1;LUT4=1;LUT6=2"
709,1.270,5.000,3.519,0.980,2.539,0.722,4,"a_q_reg[13]/C","ecc_product_q_reg[413]/CE","other","FDCE=2;LUT2=1;LUT4=1;LUT6=2"
710,1.270,5.000,3.519,0.980,2.539,0.722,4,"a_q_reg[13]/C","ecc_product_q_reg[414]/CE","other","FDCE=2;LUT2=1;LUT4=1;LUT6=2"
711,1.270,5.000,3.519,0.980,2.539,0.722,4,"a_q_reg[13]/C","ecc_product_q_reg[415]/CE","other","FDCE=2;LUT2=1;LUT4=1;LUT6=2"
712,1.270,5.000,3.519,0.980,2.539,0.722,4,"a_q_reg[13]/C","ecc_product_q_reg[416]/CE","other","FDCE=2;LUT2=1;LUT4=1;LUT6=2"
713,1.270,5.000,3.519,0.980,2.539,0.722,4,"a_q_reg[13]/C","ecc_product_q_reg[417]/CE","other","FDCE=2;LUT2=1;LUT4=1;LUT6=2"
714,1.270,5.000,3.519,0.980,2.539,0.722,4,"a_q_reg[13]/C","ecc_product_q_reg[418]/CE","other","FDCE=2;LUT2=1;LUT4=1;LUT6=2"
715,1.270,5.000,3.519,0.980,2.539,0.722,4,"a_q_reg[13]/C","ecc_product_q_reg[419]/CE","other","FDCE=2;LUT2=1;LUT4=1;LUT6=2"
716,1.270,5.000,3.519,0.980,2.539,0.722,4,"a_q_reg[13]/C","ecc_product_q_reg[41]/CE","other","FDCE=2;LUT2=1;LUT4=1;LUT6=2"
717,1.270,5.000,3.519,0.980,2.539,0.722,4,"a_q_reg[13]/C","ecc_product_q_reg[420]/CE","other","FDCE=2;LUT2=1;LUT4=1;LUT6=2"
718,1.270,5.000,3.519,0.980,2.539,0.722,4,"a_q_reg[13]/C","ecc_product_q_reg[421]/CE","other","FDCE=2;LUT2=1;LUT4=1;LUT6=2"
719,1.270,5.000,3.519,0.980,2.539,0.722,4,"a_q_reg[13]/C","ecc_product_q_reg[422]/CE","other","FDCE=2;LUT2=1;LUT4=1;LUT6=2"
720,1.270,5.000,3.519,0.980,2.539,0.722,4,"a_q_reg[13]/C","ecc_product_q_reg[423]/CE","other","FDCE=2;LUT2=1;LUT4=1;LUT6=2"
721,1.270,5.000,3.519,0.980,2.539,0.722,4,"a_q_reg[13]/C","ecc_product_q_reg[424]/CE","other","FDCE=2;LUT2=1;LUT4=1;LUT6=2"
722,1.270,5.000,3.519,0.980,2.539,0.722,4,"a_q_reg[13]/C","ecc_product_q_reg[425]/CE","other","FDCE=2;LUT2=1;LUT4=1;LUT6=2"
723,1.270,5.000,3.519,0.980,2.539,0.722,4,"a_q_reg[13]/C","ecc_product_q_reg[426]/CE","other","FDCE=2;LUT2=1;LUT4=1;LUT6=2"
724,1.270,5.000,3.519,0.980,2.539,0.722,4,"a_q_reg[13]/C","ecc_product_q_reg[427]/CE","other","FDCE=2;LUT2=1;LUT4=1;LUT6=2"
725,1.270,5.000,3.519,0.980,2.539,0.722,4,"a_q_reg[13]/C","ecc_product_q_reg[428]/CE","other","FDCE=2;LUT2=1;LUT4=1;LUT6=2"
726,1.270,5.000,3.519,0.980,2.539,0.722,4,"a_q_reg[13]/C","ecc_product_q_reg[429]/CE","other","FDCE=2;LUT2=1;LUT4=1;LUT6=2"
727,1.270,5.000,3.519,0.980,2.539,0.722,4,"a_q_reg[13]/C","ecc_product_q_reg[42]/CE","other","FDCE=2;LUT2=1;LUT4=1;LUT6=2"
728,1.270,5.000,3.519,0.980,2.539,0.722,4,"a_q_reg[13]/C","ecc_product_q_reg[430]/CE","other","FDCE=2;LUT2=1;LUT4=1;LUT6=2"
729,1.270,5.000,3.519,0.980,2.539,0.722,4,"a_q_reg[13]/C","ecc_product_q_reg[431]/CE","other","FDCE=2;LUT2=1;LUT4=1;LUT6=2"
730,1.270,5.000,3.519,0.980,2.539,0.722,4,"a_q_reg[13]/C","ecc_product_q_reg[432]/CE","other","FDCE=2;LUT2=1;LUT4=1;LUT6=2"
731,1.270,5.000,3.519,0.980,2.539,0.722,4,"a_q_reg[13]/C","ecc_product_q_reg[433]/CE","other","FDCE=2;LUT2=1;LUT4=1;LUT6=2"
732,1.270,5.000,3.519,0.980,2.539,0.722,4,"a_q_reg[13]/C","ecc_product_q_reg[434]/CE","other","FDCE=2;LUT2=1;LUT4=1;LUT6=2"
733,1.270,5.000,3.519,0.980,2.539,0.722,4,"a_q_reg[13]/C","ecc_product_q_reg[435]/CE","other","FDCE=2;LUT2=1;LUT4=1;LUT6=2"
734,1.270,5.000,3.519,0.980,2.539,0.722,4,"a_q_reg[13]/C","ecc_product_q_reg[436]/CE","other","FDCE=2;LUT2=1;LUT4=1;LUT6=2"
735,1.270,5.000,3.519,0.980,2.539,0.722,4,"a_q_reg[13]/C","ecc_product_q_reg[437]/CE","other","FDCE=2;LUT2=1;LUT4=1;LUT6=2"
736,1.270,5.000,3.519,0.980,2.539,0.722,4,"a_q_reg[13]/C","ecc_product_q_reg[438]/CE","other","FDCE=2;LUT2=1;LUT4=1;LUT6=2"
737,1.270,5.000,3.519,0.980,2.539,0.722,4,"a_q_reg[13]/C","ecc_product_q_reg[439]/CE","other","FDCE=2;LUT2=1;LUT4=1;LUT6=2"
738,1.270,5.000,3.519,0.980,2.539,0.722,4,"a_q_reg[13]/C","ecc_product_q_reg[43]/CE","other","FDCE=2;LUT2=1;LUT4=1;LUT6=2"
739,1.270,5.000,3.519,0.980,2.539,0.722,4,"a_q_reg[13]/C","ecc_product_q_reg[440]/CE","other","FDCE=2;LUT2=1;LUT4=1;LUT6=2"
740,1.270,5.000,3.519,0.980,2.539,0.722,4,"a_q_reg[13]/C","ecc_product_q_reg[441]/CE","other","FDCE=2;LUT2=1;LUT4=1;LUT6=2"
741,1.270,5.000,3.519,0.980,2.539,0.722,4,"a_q_reg[13]/C","ecc_product_q_reg[442]/CE","other","FDCE=2;LUT2=1;LUT4=1;LUT6=2"
742,1.270,5.000,3.519,0.980,2.539,0.722,4,"a_q_reg[13]/C","ecc_product_q_reg[443]/CE","other","FDCE=2;LUT2=1;LUT4=1;LUT6=2"
743,1.270,5.000,3.519,0.980,2.539,0.722,4,"a_q_reg[13]/C","ecc_product_q_reg[444]/CE","other","FDCE=2;LUT2=1;LUT4=1;LUT6=2"
744,1.270,5.000,3.519,0.980,2.539,0.722,4,"a_q_reg[13]/C","ecc_product_q_reg[445]/CE","other","FDCE=2;LUT2=1;LUT4=1;LUT6=2"
745,1.270,5.000,3.519,0.980,2.539,0.722,4,"a_q_reg[13]/C","ecc_product_q_reg[446]/CE","other","FDCE=2;LUT2=1;LUT4=1;LUT6=2"
746,1.270,5.000,3.519,0.980,2.539,0.722,4,"a_q_reg[13]/C","ecc_product_q_reg[447]/CE","other","FDCE=2;LUT2=1;LUT4=1;LUT6=2"
747,1.270,5.000,3.519,0.980,2.539,0.722,4,"a_q_reg[13]/C","ecc_product_q_reg[448]/CE","other","FDCE=2;LUT2=1;LUT4=1;LUT6=2"
748,1.270,5.000,3.519,0.980,2.539,0.722,4,"a_q_reg[13]/C","ecc_product_q_reg[449]/CE","other","FDCE=2;LUT2=1;LUT4=1;LUT6=2"
749,1.270,5.000,3.519,0.980,2.539,0.722,4,"a_q_reg[13]/C","ecc_product_q_reg[44]/CE","other","FDCE=2;LUT2=1;LUT4=1;LUT6=2"
750,1.270,5.000,3.519,0.980,2.539,0.722,4,"a_q_reg[13]/C","ecc_product_q_reg[450]/CE","other","FDCE=2;LUT2=1;LUT4=1;LUT6=2"
751,1.270,5.000,3.519,0.980,2.539,0.722,4,"a_q_reg[13]/C","ecc_product_q_reg[451]/CE","other","FDCE=2;LUT2=1;LUT4=1;LUT6=2"
752,1.270,5.000,3.519,0.980,2.539,0.722,4,"a_q_reg[13]/C","ecc_product_q_reg[452]/CE","other","FDCE=2;LUT2=1;LUT4=1;LUT6=2"
753,1.270,5.000,3.519,0.980,2.539,0.722,4,"a_q_reg[13]/C","ecc_product_q_reg[453]/CE","other","FDCE=2;LUT2=1;LUT4=1;LUT6=2"
754,1.270,5.000,3.519,0.980,2.539,0.722,4,"a_q_reg[13]/C","ecc_product_q_reg[454]/CE","other","FDCE=2;LUT2=1;LUT4=1;LUT6=2"
755,1.270,5.000,3.519,0.980,2.539,0.722,4,"a_q_reg[13]/C","ecc_product_q_reg[455]/CE","other","FDCE=2;LUT2=1;LUT4=1;LUT6=2"
756,1.270,5.000,3.519,0.980,2.539,0.722,4,"a_q_reg[13]/C","ecc_product_q_reg[456]/CE","other","FDCE=2;LUT2=1;LUT4=1;LUT6=2"
757,1.270,5.000,3.519,0.980,2.539,0.722,4,"a_q_reg[13]/C","ecc_product_q_reg[457]/CE","other","FDCE=2;LUT2=1;LUT4=1;LUT6=2"
758,1.270,5.000,3.519,0.980,2.539,0.722,4,"a_q_reg[13]/C","ecc_product_q_reg[458]/CE","other","FDCE=2;LUT2=1;LUT4=1;LUT6=2"
759,1.270,5.000,3.519,0.980,2.539,0.722,4,"a_q_reg[13]/C","ecc_product_q_reg[459]/CE","other","FDCE=2;LUT2=1;LUT4=1;LUT6=2"
760,1.270,5.000,3.519,0.980,2.539,0.722,4,"a_q_reg[13]/C","ecc_product_q_reg[45]/CE","other","FDCE=2;LUT2=1;LUT4=1;LUT6=2"
761,1.270,5.000,3.519,0.980,2.539,0.722,4,"a_q_reg[13]/C","ecc_product_q_reg[460]/CE","other","FDCE=2;LUT2=1;LUT4=1;LUT6=2"
762,1.270,5.000,3.519,0.980,2.539,0.722,4,"a_q_reg[13]/C","ecc_product_q_reg[461]/CE","other","FDCE=2;LUT2=1;LUT4=1;LUT6=2"
763,1.270,5.000,3.519,0.980,2.539,0.722,4,"a_q_reg[13]/C","ecc_product_q_reg[462]/CE","other","FDCE=2;LUT2=1;LUT4=1;LUT6=2"
764,1.270,5.000,3.519,0.980,2.539,0.722,4,"a_q_reg[13]/C","ecc_product_q_reg[463]/CE","other","FDCE=2;LUT2=1;LUT4=1;LUT6=2"
765,1.270,5.000,3.519,0.980,2.539,0.722,4,"a_q_reg[13]/C","ecc_product_q_reg[464]/CE","other","FDCE=2;LUT2=1;LUT4=1;LUT6=2"
766,1.270,5.000,3.519,0.980,2.539,0.722,4,"a_q_reg[13]/C","ecc_product_q_reg[465]/CE","other","FDCE=2;LUT2=1;LUT4=1;LUT6=2"
767,1.270,5.000,3.519,0.980,2.539,0.722,4,"a_q_reg[13]/C","ecc_product_q_reg[466]/CE","other","FDCE=2;LUT2=1;LUT4=1;LUT6=2"
768,1.270,5.000,3.519,0.980,2.539,0.722,4,"a_q_reg[13]/C","ecc_product_q_reg[467]/CE","other","FDCE=2;LUT2=1;LUT4=1;LUT6=2"
769,1.270,5.000,3.519,0.980,2.539,0.722,4,"a_q_reg[13]/C","ecc_product_q_reg[468]/CE","other","FDCE=2;LUT2=1;LUT4=1;LUT6=2"
770,1.270,5.000,3.519,0.980,2.539,0.722,4,"a_q_reg[13]/C","ecc_product_q_reg[469]/CE","other","FDCE=2;LUT2=1;LUT4=1;LUT6=2"
771,1.270,5.000,3.519,0.980,2.539,0.722,4,"a_q_reg[13]/C","ecc_product_q_reg[46]/CE","other","FDCE=2;LUT2=1;LUT4=1;LUT6=2"
772,1.270,5.000,3.519,0.980,2.539,0.722,4,"a_q_reg[13]/C","ecc_product_q_reg[470]/CE","other","FDCE=2;LUT2=1;LUT4=1;LUT6=2"
773,1.270,5.000,3.519,0.980,2.539,0.722,4,"a_q_reg[13]/C","ecc_product_q_reg[471]/CE","other","FDCE=2;LUT2=1;LUT4=1;LUT6=2"
774,1.270,5.000,3.519,0.980,2.539,0.722,4,"a_q_reg[13]/C","ecc_product_q_reg[472]/CE","other","FDCE=2;LUT2=1;LUT4=1;LUT6=2"
775,1.270,5.000,3.519,0.980,2.539,0.722,4,"a_q_reg[13]/C","ecc_product_q_reg[473]/CE","other","FDCE=2;LUT2=1;LUT4=1;LUT6=2"
776,1.270,5.000,3.519,0.980,2.539,0.722,4,"a_q_reg[13]/C","ecc_product_q_reg[474]/CE","other","FDCE=2;LUT2=1;LUT4=1;LUT6=2"
777,1.270,5.000,3.519,0.980,2.539,0.722,4,"a_q_reg[13]/C","ecc_product_q_reg[475]/CE","other","FDCE=2;LUT2=1;LUT4=1;LUT6=2"
778,1.270,5.000,3.519,0.980,2.539,0.722,4,"a_q_reg[13]/C","ecc_product_q_reg[476]/CE","other","FDCE=2;LUT2=1;LUT4=1;LUT6=2"
779,1.270,5.000,3.519,0.980,2.539,0.722,4,"a_q_reg[13]/C","ecc_product_q_reg[477]/CE","other","FDCE=2;LUT2=1;LUT4=1;LUT6=2"
780,1.270,5.000,3.519,0.980,2.539,0.722,4,"a_q_reg[13]/C","ecc_product_q_reg[478]/CE","other","FDCE=2;LUT2=1;LUT4=1;LUT6=2"
781,1.270,5.000,3.519,0.980,2.539,0.722,4,"a_q_reg[13]/C","ecc_product_q_reg[479]/CE","other","FDCE=2;LUT2=1;LUT4=1;LUT6=2"
782,1.270,5.000,3.519,0.980,2.539,0.722,4,"a_q_reg[13]/C","ecc_product_q_reg[47]/CE","other","FDCE=2;LUT2=1;LUT4=1;LUT6=2"
783,1.270,5.000,3.519,0.980,2.539,0.722,4,"a_q_reg[13]/C","ecc_product_q_reg[480]/CE","other","FDCE=2;LUT2=1;LUT4=1;LUT6=2"
784,1.270,5.000,3.519,0.980,2.539,0.722,4,"a_q_reg[13]/C","ecc_product_q_reg[481]/CE","other","FDCE=2;LUT2=1;LUT4=1;LUT6=2"
785,1.270,5.000,3.519,0.980,2.539,0.722,4,"a_q_reg[13]/C","ecc_product_q_reg[482]/CE","other","FDCE=2;LUT2=1;LUT4=1;LUT6=2"
786,1.270,5.000,3.519,0.980,2.539,0.722,4,"a_q_reg[13]/C","ecc_product_q_reg[483]/CE","other","FDCE=2;LUT2=1;LUT4=1;LUT6=2"
787,1.270,5.000,3.519,0.980,2.539,0.722,4,"a_q_reg[13]/C","ecc_product_q_reg[484]/CE","other","FDCE=2;LUT2=1;LUT4=1;LUT6=2"
788,1.270,5.000,3.519,0.980,2.539,0.722,4,"a_q_reg[13]/C","ecc_product_q_reg[485]/CE","other","FDCE=2;LUT2=1;LUT4=1;LUT6=2"
789,1.270,5.000,3.519,0.980,2.539,0.722,4,"a_q_reg[13]/C","ecc_product_q_reg[486]/CE","other","FDCE=2;LUT2=1;LUT4=1;LUT6=2"
790,1.270,5.000,3.519,0.980,2.539,0.722,4,"a_q_reg[13]/C","ecc_product_q_reg[487]/CE","other","FDCE=2;LUT2=1;LUT4=1;LUT6=2"
791,1.270,5.000,3.519,0.980,2.539,0.722,4,"a_q_reg[13]/C","ecc_product_q_reg[488]/CE","other","FDCE=2;LUT2=1;LUT4=1;LUT6=2"
792,1.270,5.000,3.519,0.980,2.539,0.722,4,"a_q_reg[13]/C","ecc_product_q_reg[489]/CE","other","FDCE=2;LUT2=1;LUT4=1;LUT6=2"
793,1.270,5.000,3.519,0.980,2.539,0.722,4,"a_q_reg[13]/C","ecc_product_q_reg[48]/CE","other","FDCE=2;LUT2=1;LUT4=1;LUT6=2"
794,1.270,5.000,3.519,0.980,2.539,0.722,4,"a_q_reg[13]/C","ecc_product_q_reg[490]/CE","other","FDCE=2;LUT2=1;LUT4=1;LUT6=2"
795,1.270,5.000,3.519,0.980,2.539,0.722,4,"a_q_reg[13]/C","ecc_product_q_reg[491]/CE","other","FDCE=2;LUT2=1;LUT4=1;LUT6=2"
796,1.270,5.000,3.519,0.980,2.539,0.722,4,"a_q_reg[13]/C","ecc_product_q_reg[492]/CE","other","FDCE=2;LUT2=1;LUT4=1;LUT6=2"
797,1.270,5.000,3.519,0.980,2.539,0.722,4,"a_q_reg[13]/C","ecc_product_q_reg[493]/CE","other","FDCE=2;LUT2=1;LUT4=1;LUT6=2"
798,1.270,5.000,3.519,0.980,2.539,0.722,4,"a_q_reg[13]/C","ecc_product_q_reg[494]/CE","other","FDCE=2;LUT2=1;LUT4=1;LUT6=2"
799,1.270,5.000,3.519,0.980,2.539,0.722,4,"a_q_reg[13]/C","ecc_product_q_reg[495]/CE","other","FDCE=2;LUT2=1;LUT4=1;LUT6=2"
800,1.270,5.000,3.519,0.980,2.539,0.722,4,"a_q_reg[13]/C","ecc_product_q_reg[496]/CE","other","FDCE=2;LUT2=1;LUT4=1;LUT6=2"
801,1.270,5.000,3.519,0.980,2.539,0.722,4,"a_q_reg[13]/C","ecc_product_q_reg[497]/CE","other","FDCE=2;LUT2=1;LUT4=1;LUT6=2"
802,1.270,5.000,3.519,0.980,2.539,0.722,4,"a_q_reg[13]/C","ecc_product_q_reg[498]/CE","other","FDCE=2;LUT2=1;LUT4=1;LUT6=2"
803,1.270,5.000,3.519,0.980,2.539,0.722,4,"a_q_reg[13]/C","ecc_product_q_reg[499]/CE","other","FDCE=2;LUT2=1;LUT4=1;LUT6=2"
804,1.270,5.000,3.519,0.980,2.539,0.722,4,"a_q_reg[13]/C","ecc_product_q_reg[49]/CE","other","FDCE=2;LUT2=1;LUT4=1;LUT6=2"
805,1.270,5.000,3.519,0.980,2.539,0.722,4,"a_q_reg[13]/C","ecc_product_q_reg[4]/CE","other","FDCE=2;LUT2=1;LUT4=1;LUT6=2"
806,1.270,5.000,3.519,0.980,2.539,0.722,4,"a_q_reg[13]/C","ecc_product_q_reg[500]/CE","other","FDCE=2;LUT2=1;LUT4=1;LUT6=2"
807,1.270,5.000,3.519,0.980,2.539,0.722,4,"a_q_reg[13]/C","ecc_product_q_reg[501]/CE","other","FDCE=2;LUT2=1;LUT4=1;LUT6=2"
808,1.270,5.000,3.519,0.980,2.539,0.722,4,"a_q_reg[13]/C","ecc_product_q_reg[502]/CE","other","FDCE=2;LUT2=1;LUT4=1;LUT6=2"
809,1.270,5.000,3.519,0.980,2.539,0.722,4,"a_q_reg[13]/C","ecc_product_q_reg[503]/CE","other","FDCE=2;LUT2=1;LUT4=1;LUT6=2"
810,1.270,5.000,3.519,0.980,2.539,0.722,4,"a_q_reg[13]/C","ecc_product_q_reg[504]/CE","other","FDCE=2;LUT2=1;LUT4=1;LUT6=2"
811,1.270,5.000,3.519,0.980,2.539,0.722,4,"a_q_reg[13]/C","ecc_product_q_reg[505]/CE","other","FDCE=2;LUT2=1;LUT4=1;LUT6=2"
812,1.270,5.000,3.519,0.980,2.539,0.722,4,"a_q_reg[13]/C","ecc_product_q_reg[506]/CE","other","FDCE=2;LUT2=1;LUT4=1;LUT6=2"
813,1.270,5.000,3.519,0.980,2.539,0.722,4,"a_q_reg[13]/C","ecc_product_q_reg[507]/CE","other","FDCE=2;LUT2=1;LUT4=1;LUT6=2"
814,1.270,5.000,3.519,0.980,2.539,0.722,4,"a_q_reg[13]/C","ecc_product_q_reg[508]/CE","other","FDCE=2;LUT2=1;LUT4=1;LUT6=2"
815,1.270,5.000,3.519,0.980,2.539,0.722,4,"a_q_reg[13]/C","ecc_product_q_reg[509]/CE","other","FDCE=2;LUT2=1;LUT4=1;LUT6=2"
816,1.270,5.000,3.519,0.980,2.539,0.722,4,"a_q_reg[13]/C","ecc_product_q_reg[50]/CE","other","FDCE=2;LUT2=1;LUT4=1;LUT6=2"
817,1.270,5.000,3.519,0.980,2.539,0.722,4,"a_q_reg[13]/C","ecc_product_q_reg[510]/CE","other","FDCE=2;LUT2=1;LUT4=1;LUT6=2"
818,1.270,5.000,3.519,0.980,2.539,0.722,4,"a_q_reg[13]/C","ecc_product_q_reg[511]/CE","other","FDCE=2;LUT2=1;LUT4=1;LUT6=2"
819,1.270,5.000,3.519,0.980,2.539,0.722,4,"a_q_reg[13]/C","ecc_product_q_reg[51]/CE","other","FDCE=2;LUT2=1;LUT4=1;LUT6=2"
820,1.270,5.000,3.519,0.980,2.539,0.722,4,"a_q_reg[13]/C","ecc_product_q_reg[52]/CE","other","FDCE=2;LUT2=1;LUT4=1;LUT6=2"
821,1.270,5.000,3.519,0.980,2.539,0.722,4,"a_q_reg[13]/C","ecc_product_q_reg[53]/CE","other","FDCE=2;LUT2=1;LUT4=1;LUT6=2"
822,1.270,5.000,3.519,0.980,2.539,0.722,4,"a_q_reg[13]/C","ecc_product_q_reg[54]/CE","other","FDCE=2;LUT2=1;LUT4=1;LUT6=2"
823,1.270,5.000,3.519,0.980,2.539,0.722,4,"a_q_reg[13]/C","ecc_product_q_reg[55]/CE","other","FDCE=2;LUT2=1;LUT4=1;LUT6=2"
824,1.270,5.000,3.519,0.980,2.539,0.722,4,"a_q_reg[13]/C","ecc_product_q_reg[56]/CE","other","FDCE=2;LUT2=1;LUT4=1;LUT6=2"
825,1.270,5.000,3.519,0.980,2.539,0.722,4,"a_q_reg[13]/C","ecc_product_q_reg[57]/CE","other","FDCE=2;LUT2=1;LUT4=1;LUT6=2"
826,1.270,5.000,3.519,0.980,2.539,0.722,4,"a_q_reg[13]/C","ecc_product_q_reg[58]/CE","other","FDCE=2;LUT2=1;LUT4=1;LUT6=2"
827,1.270,5.000,3.519,0.980,2.539,0.722,4,"a_q_reg[13]/C","ecc_product_q_reg[59]/CE","other","FDCE=2;LUT2=1;LUT4=1;LUT6=2"
828,1.270,5.000,3.519,0.980,2.539,0.722,4,"a_q_reg[13]/C","ecc_product_q_reg[5]/CE","other","FDCE=2;LUT2=1;LUT4=1;LUT6=2"
829,1.270,5.000,3.519,0.980,2.539,0.722,4,"a_q_reg[13]/C","ecc_product_q_reg[60]/CE","other","FDCE=2;LUT2=1;LUT4=1;LUT6=2"
830,1.270,5.000,3.519,0.980,2.539,0.722,4,"a_q_reg[13]/C","ecc_product_q_reg[61]/CE","other","FDCE=2;LUT2=1;LUT4=1;LUT6=2"
831,1.270,5.000,3.519,0.980,2.539,0.722,4,"a_q_reg[13]/C","ecc_product_q_reg[62]/CE","other","FDCE=2;LUT2=1;LUT4=1;LUT6=2"
832,1.270,5.000,3.519,0.980,2.539,0.722,4,"a_q_reg[13]/C","ecc_product_q_reg[63]/CE","other","FDCE=2;LUT2=1;LUT4=1;LUT6=2"
833,1.270,5.000,3.519,0.980,2.539,0.722,4,"a_q_reg[13]/C","ecc_product_q_reg[64]/CE","other","FDCE=2;LUT2=1;LUT4=1;LUT6=2"
834,1.270,5.000,3.519,0.980,2.539,0.722,4,"a_q_reg[13]/C","ecc_product_q_reg[65]/CE","other","FDCE=2;LUT2=1;LUT4=1;LUT6=2"
835,1.270,5.000,3.519,0.980,2.539,0.722,4,"a_q_reg[13]/C","ecc_product_q_reg[66]/CE","other","FDCE=2;LUT2=1;LUT4=1;LUT6=2"
836,1.270,5.000,3.519,0.980,2.539,0.722,4,"a_q_reg[13]/C","ecc_product_q_reg[67]/CE","other","FDCE=2;LUT2=1;LUT4=1;LUT6=2"
837,1.270,5.000,3.519,0.980,2.539,0.722,4,"a_q_reg[13]/C","ecc_product_q_reg[68]/CE","other","FDCE=2;LUT2=1;LUT4=1;LUT6=2"
838,1.270,5.000,3.519,0.980,2.539,0.722,4,"a_q_reg[13]/C","ecc_product_q_reg[69]/CE","other","FDCE=2;LUT2=1;LUT4=1;LUT6=2"
839,1.270,5.000,3.519,0.980,2.539,0.722,4,"a_q_reg[13]/C","ecc_product_q_reg[6]/CE","other","FDCE=2;LUT2=1;LUT4=1;LUT6=2"
840,1.270,5.000,3.519,0.980,2.539,0.722,4,"a_q_reg[13]/C","ecc_product_q_reg[70]/CE","other","FDCE=2;LUT2=1;LUT4=1;LUT6=2"
841,1.270,5.000,3.519,0.980,2.539,0.722,4,"a_q_reg[13]/C","ecc_product_q_reg[71]/CE","other","FDCE=2;LUT2=1;LUT4=1;LUT6=2"
842,1.270,5.000,3.519,0.980,2.539,0.722,4,"a_q_reg[13]/C","ecc_product_q_reg[72]/CE","other","FDCE=2;LUT2=1;LUT4=1;LUT6=2"
843,1.270,5.000,3.519,0.980,2.539,0.722,4,"a_q_reg[13]/C","ecc_product_q_reg[73]/CE","other","FDCE=2;LUT2=1;LUT4=1;LUT6=2"
844,1.270,5.000,3.519,0.980,2.539,0.722,4,"a_q_reg[13]/C","ecc_product_q_reg[74]/CE","other","FDCE=2;LUT2=1;LUT4=1;LUT6=2"
845,1.270,5.000,3.519,0.980,2.539,0.722,4,"a_q_reg[13]/C","ecc_product_q_reg[75]/CE","other","FDCE=2;LUT2=1;LUT4=1;LUT6=2"
846,1.270,5.000,3.519,0.980,2.539,0.722,4,"a_q_reg[13]/C","ecc_product_q_reg[76]/CE","other","FDCE=2;LUT2=1;LUT4=1;LUT6=2"
847,1.270,5.000,3.519,0.980,2.539,0.722,4,"a_q_reg[13]/C","ecc_product_q_reg[77]/CE","other","FDCE=2;LUT2=1;LUT4=1;LUT6=2"
848,1.270,5.000,3.519,0.980,2.539,0.722,4,"a_q_reg[13]/C","ecc_product_q_reg[78]/CE","other","FDCE=2;LUT2=1;LUT4=1;LUT6=2"
849,1.270,5.000,3.519,0.980,2.539,0.722,4,"a_q_reg[13]/C","ecc_product_q_reg[79]/CE","other","FDCE=2;LUT2=1;LUT4=1;LUT6=2"
850,1.270,5.000,3.519,0.980,2.539,0.722,4,"a_q_reg[13]/C","ecc_product_q_reg[7]/CE","other","FDCE=2;LUT2=1;LUT4=1;LUT6=2"
851,1.270,5.000,3.519,0.980,2.539,0.722,4,"a_q_reg[13]/C","ecc_product_q_reg[80]/CE","other","FDCE=2;LUT2=1;LUT4=1;LUT6=2"
852,1.270,5.000,3.519,0.980,2.539,0.722,4,"a_q_reg[13]/C","ecc_product_q_reg[81]/CE","other","FDCE=2;LUT2=1;LUT4=1;LUT6=2"
853,1.270,5.000,3.519,0.980,2.539,0.722,4,"a_q_reg[13]/C","ecc_product_q_reg[82]/CE","other","FDCE=2;LUT2=1;LUT4=1;LUT6=2"
854,1.270,5.000,3.519,0.980,2.539,0.722,4,"a_q_reg[13]/C","ecc_product_q_reg[83]/CE","other","FDCE=2;LUT2=1;LUT4=1;LUT6=2"
855,1.270,5.000,3.519,0.980,2.539,0.722,4,"a_q_reg[13]/C","ecc_product_q_reg[84]/CE","other","FDCE=2;LUT2=1;LUT4=1;LUT6=2"
856,1.270,5.000,3.519,0.980,2.539,0.722,4,"a_q_reg[13]/C","ecc_product_q_reg[85]/CE","other","FDCE=2;LUT2=1;LUT4=1;LUT6=2"
857,1.270,5.000,3.519,0.980,2.539,0.722,4,"a_q_reg[13]/C","ecc_product_q_reg[86]/CE","other","FDCE=2;LUT2=1;LUT4=1;LUT6=2"
858,1.270,5.000,3.519,0.980,2.539,0.722,4,"a_q_reg[13]/C","ecc_product_q_reg[87]/CE","other","FDCE=2;LUT2=1;LUT4=1;LUT6=2"
859,1.270,5.000,3.519,0.980,2.539,0.722,4,"a_q_reg[13]/C","ecc_product_q_reg[88]/CE","other","FDCE=2;LUT2=1;LUT4=1;LUT6=2"
860,1.270,5.000,3.519,0.980,2.539,0.722,4,"a_q_reg[13]/C","ecc_product_q_reg[89]/CE","other","FDCE=2;LUT2=1;LUT4=1;LUT6=2"
861,1.270,5.000,3.519,0.980,2.539,0.722,4,"a_q_reg[13]/C","ecc_product_q_reg[8]/CE","other","FDCE=2;LUT2=1;LUT4=1;LUT6=2"
862,1.270,5.000,3.519,0.980,2.539,0.722,4,"a_q_reg[13]/C","ecc_product_q_reg[90]/CE","other","FDCE=2;LUT2=1;LUT4=1;LUT6=2"
863,1.270,5.000,3.519,0.980,2.539,0.722,4,"a_q_reg[13]/C","ecc_product_q_reg[91]/CE","other","FDCE=2;LUT2=1;LUT4=1;LUT6=2"
864,1.270,5.000,3.519,0.980,2.539,0.722,4,"a_q_reg[13]/C","ecc_product_q_reg[92]/CE","other","FDCE=2;LUT2=1;LUT4=1;LUT6=2"
865,1.270,5.000,3.519,0.980,2.539,0.722,4,"a_q_reg[13]/C","ecc_product_q_reg[93]/CE","other","FDCE=2;LUT2=1;LUT4=1;LUT6=2"
866,1.270,5.000,3.519,0.980,2.539,0.722,4,"a_q_reg[13]/C","ecc_product_q_reg[94]/CE","other","FDCE=2;LUT2=1;LUT4=1;LUT6=2"
867,1.270,5.000,3.519,0.980,2.539,0.722,4,"a_q_reg[13]/C","ecc_product_q_reg[95]/CE","other","FDCE=2;LUT2=1;LUT4=1;LUT6=2"
868,1.270,5.000,3.519,0.980,2.539,0.722,4,"a_q_reg[13]/C","ecc_product_q_reg[96]/CE","other","FDCE=2;LUT2=1;LUT4=1;LUT6=2"
869,1.270,5.000,3.519,0.980,2.539,0.722,4,"a_q_reg[13]/C","ecc_product_q_reg[97]/CE","other","FDCE=2;LUT2=1;LUT4=1;LUT6=2"
870,1.270,5.000,3.519,0.980,2.539,0.722,4,"a_q_reg[13]/C","ecc_product_q_reg[98]/CE","other","FDCE=2;LUT2=1;LUT4=1;LUT6=2"
871,1.270,5.000,3.519,0.980,2.539,0.722,4,"a_q_reg[13]/C","ecc_product_q_reg[99]/CE","other","FDCE=2;LUT2=1;LUT4=1;LUT6=2"
872,1.270,5.000,3.519,0.980,2.539,0.722,4,"a_q_reg[13]/C","ecc_product_q_reg[9]/CE","other","FDCE=2;LUT2=1;LUT4=1;LUT6=2"
873,1.323,5.000,3.674,1.203,2.471,0.673,6,"hmatch_best_dist_q_reg[1]/C","hmatch_budget_q_reg[10]/D","HMATCH reduction/compare","FDCE=2;LUT5=1;LUT6=5"
874,1.323,5.000,3.674,1.203,2.471,0.673,6,"hmatch_best_dist_q_reg[1]/C","hmatch_budget_q_reg[11]_inv/D","HMATCH reduction/compare","FDCE=1;FDPE=1;LUT5=2;LUT6=4"
875,1.335,5.000,3.691,1.672,2.019,0.547,5,"gen_lane[2].i_p2_pop_slice/popcount_part_q_o_reg[1][0]/C","group_dist_q_reg[2]/D","P2 popcount capture","CARRY4=2;FDCE=2;LUT3=1;LUT4=2"
876,1.348,5.000,3.441,0.980,2.461,0.715,4,"a_q_reg[13]/C","ecc_leaf_id_q_reg[0]/CE","other","FDCE=2;LUT2=1;LUT6=3"
877,1.348,5.000,3.441,0.980,2.461,0.715,4,"a_q_reg[13]/C","ecc_leaf_id_q_reg[1]/CE","other","FDCE=2;LUT2=1;LUT6=3"
878,1.348,5.000,3.441,0.980,2.461,0.715,4,"a_q_reg[13]/C","ecc_leaf_id_q_reg[2]/CE","other","FDCE=2;LUT2=1;LUT6=3"
879,1.348,5.000,3.441,0.980,2.461,0.715,4,"a_q_reg[13]/C","ecc_leaf_id_q_reg[3]/CE","other","FDCE=2;LUT2=1;LUT6=3"
880,1.348,5.000,3.441,0.980,2.461,0.715,4,"a_q_reg[13]/C","ecc_leaf_id_q_reg[4]/CE","other","FDCE=2;LUT2=1;LUT6=3"
881,1.371,5.000,3.418,0.980,2.438,0.713,4,"FSM_onehot_st_q_reg[0]/C","FSM_onehot_st_q_reg[0]/CE","TOP control","FDCE=1;LUT4=1;LUT5=1;LUT6=2"
882,1.371,5.000,3.418,0.980,2.438,0.713,4,"FSM_onehot_st_q_reg[0]/C","FSM_onehot_st_q_reg[10]/CE","TOP control","FDCE=2;LUT4=1;LUT5=1;LUT6=2"
883,1.371,5.000,3.418,0.980,2.438,0.713,4,"FSM_onehot_st_q_reg[0]/C","FSM_onehot_st_q_reg[11]/CE","TOP control","FDCE=2;LUT4=1;LUT5=1;LUT6=2"
884,1.371,5.000,3.418,0.980,2.438,0.713,4,"FSM_onehot_st_q_reg[0]/C","FSM_onehot_st_q_reg[12]/CE","TOP control","FDCE=2;LUT4=1;LUT5=1;LUT6=2"
885,1.371,5.000,3.418,0.980,2.438,0.713,4,"FSM_onehot_st_q_reg[0]/C","FSM_onehot_st_q_reg[13]/CE","TOP control","FDCE=2;LUT4=1;LUT5=1;LUT6=2"
886,1.371,5.000,3.418,0.980,2.438,0.713,4,"FSM_onehot_st_q_reg[0]/C","FSM_onehot_st_q_reg[14]/CE","TOP control","FDCE=2;LUT4=1;LUT5=1;LUT6=2"
887,1.371,5.000,3.418,0.980,2.438,0.713,4,"FSM_onehot_st_q_reg[0]/C","FSM_onehot_st_q_reg[15]/CE","TOP control","FDCE=2;LUT4=1;LUT5=1;LUT6=2"
888,1.371,5.000,3.418,0.980,2.438,0.713,4,"FSM_onehot_st_q_reg[0]/C","FSM_onehot_st_q_reg[16]/CE","TOP control","FDCE=2;LUT4=1;LUT5=1;LUT6=2"
889,1.371,5.000,3.418,0.980,2.438,0.713,4,"FSM_onehot_st_q_reg[0]/C","FSM_onehot_st_q_reg[17]/CE","TOP control","FDCE=2;LUT4=1;LUT5=1;LUT6=2"
890,1.371,5.000,3.418,0.980,2.438,0.713,4,"FSM_onehot_st_q_reg[0]/C","FSM_onehot_st_q_reg[18]/CE","TOP control","FDCE=2;LUT4=1;LUT5=1;LUT6=2"
891,1.371,5.000,3.418,0.980,2.438,0.713,4,"FSM_onehot_st_q_reg[0]/C","FSM_onehot_st_q_reg[19]/CE","TOP control","FDCE=2;LUT4=1;LUT5=1;LUT6=2"
892,1.371,5.000,3.418,0.980,2.438,0.713,4,"FSM_onehot_st_q_reg[0]/C","FSM_onehot_st_q_reg[19]_rep/CE","TOP control","FDCE=2;LUT4=1;LUT5=1;LUT6=2"
893,1.371,5.000,3.418,0.980,2.438,0.713,4,"FSM_onehot_st_q_reg[0]/C","FSM_onehot_st_q_reg[19]_rep__0/CE","TOP control","FDCE=2;LUT4=1;LUT5=1;LUT6=2"
894,1.371,5.000,3.418,0.980,2.438,0.713,4,"FSM_onehot_st_q_reg[0]/C","FSM_onehot_st_q_reg[1]/CE","TOP control","FDCE=2;LUT4=1;LUT5=1;LUT6=2"
895,1.371,5.000,3.418,0.980,2.438,0.713,4,"FSM_onehot_st_q_reg[0]/C","FSM_onehot_st_q_reg[1]_rep/CE","TOP control","FDCE=2;LUT4=1;LUT5=1;LUT6=2"
896,1.371,5.000,3.418,0.980,2.438,0.713,4,"FSM_onehot_st_q_reg[0]/C","FSM_onehot_st_q_reg[1]_rep__0/CE","TOP control","FDCE=2;LUT4=1;LUT5=1;LUT6=2"
897,1.371,5.000,3.418,0.980,2.438,0.713,4,"FSM_onehot_st_q_reg[0]/C","FSM_onehot_st_q_reg[1]_rep__1/CE","TOP control","FDCE=2;LUT4=1;LUT5=1;LUT6=2"
898,1.371,5.000,3.418,0.980,2.438,0.713,4,"FSM_onehot_st_q_reg[0]/C","FSM_onehot_st_q_reg[1]_rep__2/CE","TOP control","FDCE=2;LUT4=1;LUT5=1;LUT6=2"
899,1.371,5.000,3.418,0.980,2.438,0.713,4,"FSM_onehot_st_q_reg[0]/C","FSM_onehot_st_q_reg[1]_rep__3/CE","TOP control","FDCE=2;LUT4=1;LUT5=1;LUT6=2"
900,1.371,5.000,3.418,0.980,2.438,0.713,4,"FSM_onehot_st_q_reg[0]/C","FSM_onehot_st_q_reg[1]_rep__4/CE","TOP control","FDCE=2;LUT4=1;LUT5=1;LUT6=2"
901,1.371,5.000,3.418,0.980,2.438,0.713,4,"FSM_onehot_st_q_reg[0]/C","FSM_onehot_st_q_reg[20]/CE","TOP control","FDCE=2;LUT4=1;LUT5=1;LUT6=2"
902,1.371,5.000,3.418,0.980,2.438,0.713,4,"FSM_onehot_st_q_reg[0]/C","FSM_onehot_st_q_reg[21]/CE","TOP control","FDCE=2;LUT4=1;LUT5=1;LUT6=2"
903,1.371,5.000,3.418,0.980,2.438,0.713,4,"FSM_onehot_st_q_reg[0]/C","FSM_onehot_st_q_reg[22]/CE","TOP control","FDCE=2;LUT4=1;LUT5=1;LUT6=2"
904,1.371,5.000,3.418,0.980,2.438,0.713,4,"FSM_onehot_st_q_reg[0]/C","FSM_onehot_st_q_reg[23]/CE","TOP control","FDCE=2;LUT4=1;LUT5=1;LUT6=2"
905,1.371,5.000,3.418,0.980,2.438,0.713,4,"FSM_onehot_st_q_reg[0]/C","FSM_onehot_st_q_reg[24]/CE","TOP control","FDCE=2;LUT4=1;LUT5=1;LUT6=2"
906,1.371,5.000,3.418,0.980,2.438,0.713,4,"FSM_onehot_st_q_reg[0]/C","FSM_onehot_st_q_reg[25]/CE","TOP control","FDCE=2;LUT4=1;LUT5=1;LUT6=2"
907,1.371,5.000,3.418,0.980,2.438,0.713,4,"FSM_onehot_st_q_reg[0]/C","FSM_onehot_st_q_reg[25]_rep/CE","TOP control","FDCE=2;LUT4=1;LUT5=1;LUT6=2"
908,1.371,5.000,3.418,0.980,2.438,0.713,4,"FSM_onehot_st_q_reg[0]/C","FSM_onehot_st_q_reg[25]_rep__0/CE","TOP control","FDCE=2;LUT4=1;LUT5=1;LUT6=2"
909,1.371,5.000,3.418,0.980,2.438,0.713,4,"FSM_onehot_st_q_reg[0]/C","FSM_onehot_st_q_reg[26]/CE","TOP control","FDCE=2;LUT4=1;LUT5=1;LUT6=2"
910,1.371,5.000,3.418,0.980,2.438,0.713,4,"FSM_onehot_st_q_reg[0]/C","FSM_onehot_st_q_reg[27]/CE","TOP control","FDCE=2;LUT4=1;LUT5=1;LUT6=2"
911,1.371,5.000,3.418,0.980,2.438,0.713,4,"FSM_onehot_st_q_reg[0]/C","FSM_onehot_st_q_reg[27]_rep/CE","TOP control","FDCE=2;LUT4=1;LUT5=1;LUT6=2"
912,1.371,5.000,3.418,0.980,2.438,0.713,4,"FSM_onehot_st_q_reg[0]/C","FSM_onehot_st_q_reg[27]_rep__0/CE","TOP control","FDCE=2;LUT4=1;LUT5=1;LUT6=2"
913,1.371,5.000,3.418,0.980,2.438,0.713,4,"FSM_onehot_st_q_reg[0]/C","FSM_onehot_st_q_reg[28]/CE","TOP control","FDCE=1;FDPE=1;LUT4=1;LUT5=1;LUT6=2"
914,1.371,5.000,3.418,0.980,2.438,0.713,4,"FSM_onehot_st_q_reg[0]/C","FSM_onehot_st_q_reg[29]/CE","TOP control","FDCE=2;LUT4=1;LUT5=1;LUT6=2"
915,1.371,5.000,3.418,0.980,2.438,0.713,4,"FSM_onehot_st_q_reg[0]/C","FSM_onehot_st_q_reg[2]/CE","TOP control","FDCE=2;LUT4=1;LUT5=1;LUT6=2"
916,1.371,5.000,3.418,0.980,2.438,0.713,4,"FSM_onehot_st_q_reg[0]/C","FSM_onehot_st_q_reg[2]_rep/CE","TOP control","FDCE=2;LUT4=1;LUT5=1;LUT6=2"
917,1.371,5.000,3.418,0.980,2.438,0.713,4,"FSM_onehot_st_q_reg[0]/C","FSM_onehot_st_q_reg[2]_rep__0/CE","TOP control","FDCE=2;LUT4=1;LUT5=1;LUT6=2"
918,1.371,5.000,3.418,0.980,2.438,0.713,4,"FSM_onehot_st_q_reg[0]/C","FSM_onehot_st_q_reg[2]_rep__1/CE","TOP control","FDCE=2;LUT4=1;LUT5=1;LUT6=2"
919,1.371,5.000,3.418,0.980,2.438,0.713,4,"FSM_onehot_st_q_reg[0]/C","FSM_onehot_st_q_reg[2]_rep__2/CE","TOP control","FDCE=2;LUT4=1;LUT5=1;LUT6=2"
920,1.371,5.000,3.418,0.980,2.438,0.713,4,"FSM_onehot_st_q_reg[0]/C","FSM_onehot_st_q_reg[30]/CE","TOP control","FDCE=2;LUT4=1;LUT5=1;LUT6=2"
921,1.371,5.000,3.418,0.980,2.438,0.713,4,"FSM_onehot_st_q_reg[0]/C","FSM_onehot_st_q_reg[31]/CE","TOP control","FDCE=2;LUT4=1;LUT5=1;LUT6=2"
922,1.371,5.000,3.418,0.980,2.438,0.713,4,"FSM_onehot_st_q_reg[0]/C","FSM_onehot_st_q_reg[3]/CE","TOP control","FDCE=2;LUT4=1;LUT5=1;LUT6=2"
923,1.371,5.000,3.418,0.980,2.438,0.713,4,"FSM_onehot_st_q_reg[0]/C","FSM_onehot_st_q_reg[3]_rep/CE","TOP control","FDCE=2;LUT4=1;LUT5=1;LUT6=2"
924,1.371,5.000,3.418,0.980,2.438,0.713,4,"FSM_onehot_st_q_reg[0]/C","FSM_onehot_st_q_reg[4]/CE","TOP control","FDCE=2;LUT4=1;LUT5=1;LUT6=2"
925,1.371,5.000,3.418,0.980,2.438,0.713,4,"FSM_onehot_st_q_reg[0]/C","FSM_onehot_st_q_reg[5]/CE","TOP control","FDCE=2;LUT4=1;LUT5=1;LUT6=2"
926,1.371,5.000,3.418,0.980,2.438,0.713,4,"FSM_onehot_st_q_reg[0]/C","FSM_onehot_st_q_reg[6]/CE","TOP control","FDCE=2;LUT4=1;LUT5=1;LUT6=2"
927,1.371,5.000,3.418,0.980,2.438,0.713,4,"FSM_onehot_st_q_reg[0]/C","FSM_onehot_st_q_reg[7]/CE","TOP control","FDCE=2;LUT4=1;LUT5=1;LUT6=2"
928,1.371,5.000,3.418,0.980,2.438,0.713,4,"FSM_onehot_st_q_reg[0]/C","FSM_onehot_st_q_reg[8]/CE","TOP control","FDCE=2;LUT4=1;LUT5=1;LUT6=2"
929,1.371,5.000,3.418,0.980,2.438,0.713,4,"FSM_onehot_st_q_reg[0]/C","FSM_onehot_st_q_reg[9]/CE","TOP control","FDCE=2;LUT4=1;LUT5=1;LUT6=2"
930,1.374,5.000,3.623,1.210,2.413,0.666,6,"hsim_total_q_reg[0]/C","hmatch_budget_q_reg[9]/D","HMATCH reduction/compare","FDCE=2;LUT3=1;LUT5=1;LUT6=4"
931,1.532,5.000,3.257,0.980,2.277,0.699,4,"uop_p0_q_reg[op_type][1]/C","hmatch_best_dist_q_reg[0]/CE","HMATCH reduction/compare","FDCE=2;LUT2=1;LUT3=1;LUT6=2"
932,1.532,5.000,3.257,0.980,2.277,0.699,4,"uop_p0_q_reg[op_type][1]/C","hmatch_best_dist_q_reg[10]/CE","HMATCH reduction/compare","FDCE=2;LUT2=1;LUT3=1;LUT6=2"
933,1.532,5.000,3.257,0.980,2.277,0.699,4,"uop_p0_q_reg[op_type][1]/C","hmatch_best_dist_q_reg[1]/CE","HMATCH reduction/compare","FDCE=2;LUT2=1;LUT3=1;LUT6=2"
934,1.532,5.000,3.257,0.980,2.277,0.699,4,"uop_p0_q_reg[op_type][1]/C","hmatch_best_dist_q_reg[2]/CE","HMATCH reduction/compare","FDCE=2;LUT2=1;LUT3=1;LUT6=2"
935,1.532,5.000,3.257,0.980,2.277,0.699,4,"uop_p0_q_reg[op_type][1]/C","hmatch_best_dist_q_reg[3]/CE","HMATCH reduction/compare","FDCE=2;LUT2=1;LUT3=1;LUT6=2"
936,1.532,5.000,3.257,0.980,2.277,0.699,4,"uop_p0_q_reg[op_type][1]/C","hmatch_best_dist_q_reg[4]/CE","HMATCH reduction/compare","FDCE=2;LUT2=1;LUT3=1;LUT6=2"
937,1.532,5.000,3.257,0.980,2.277,0.699,4,"uop_p0_q_reg[op_type][1]/C","hmatch_best_dist_q_reg[5]/CE","HMATCH reduction/compare","FDCE=2;LUT2=1;LUT3=1;LUT6=2"
938,1.532,5.000,3.257,0.980,2.277,0.699,4,"uop_p0_q_reg[op_type][1]/C","hmatch_best_dist_q_reg[6]/CE","HMATCH reduction/compare","FDCE=2;LUT2=1;LUT3=1;LUT6=2"
939,1.532,5.000,3.257,0.980,2.277,0.699,4,"uop_p0_q_reg[op_type][1]/C","hmatch_best_dist_q_reg[7]/CE","HMATCH reduction/compare","FDCE=2;LUT2=1;LUT3=1;LUT6=2"
940,1.532,5.000,3.257,0.980,2.277,0.699,4,"uop_p0_q_reg[op_type][1]/C","hmatch_best_dist_q_reg[8]/CE","HMATCH reduction/compare","FDCE=2;LUT2=1;LUT3=1;LUT6=2"
941,1.532,5.000,3.257,0.980,2.277,0.699,4,"uop_p0_q_reg[op_type][1]/C","hmatch_best_dist_q_reg[9]/CE","HMATCH reduction/compare","FDCE=2;LUT2=1;LUT3=1;LUT6=2"
942,1.532,5.000,3.257,0.980,2.277,0.699,4,"uop_p0_q_reg[op_type][1]/C","hmatch_best_idx_q_reg[0]/CE","HMATCH reduction/compare","FDCE=2;LUT2=1;LUT3=1;LUT6=2"
943,1.532,5.000,3.257,0.980,2.277,0.699,4,"uop_p0_q_reg[op_type][1]/C","hmatch_best_idx_q_reg[1]/CE","HMATCH reduction/compare","FDCE=2;LUT2=1;LUT3=1;LUT6=2"
944,1.532,5.000,3.257,0.980,2.277,0.699,4,"uop_p0_q_reg[op_type][1]/C","hmatch_best_idx_q_reg[2]/CE","HMATCH reduction/compare","FDCE=2;LUT2=1;LUT3=1;LUT6=2"
945,1.618,5.000,3.379,1.085,2.294,0.679,5,"op_q_reg[0]/C","uop_p0_q_reg[src1_addr][2]/D","TOP control","FDCE=2;LUT6=5"
946,1.618,5.000,3.379,1.085,2.294,0.679,5,"op_q_reg[0]/C","uop_p0_q_reg[src1_addr][4]/D","TOP control","FDCE=2;LUT6=5"
947,1.680,5.000,3.317,1.085,2.232,0.673,5,"gen_lane[0].i_p2_pop_slice/bool_result_q_reg[23]/C","gen_lane[0].i_p2_pop_slice/popcount_part_q_o_reg[0][1]/D","P2 popcount capture","FDCE=2;LUT5=3;LUT6=2"
948,1.680,5.000,3.317,1.085,2.232,0.673,5,"gen_lane[0].i_p2_pop_slice/bool_result_q_reg[55]/C","gen_lane[0].i_p2_pop_slice/popcount_part_q_o_reg[1][1]/D","P2 popcount capture","FDCE=2;LUT5=3;LUT6=2"
949,1.680,5.000,3.317,1.085,2.232,0.673,5,"gen_lane[1].i_p2_pop_slice/bool_result_q_reg[23]/C","gen_lane[1].i_p2_pop_slice/popcount_part_q_o_reg[0][1]/D","P2 popcount capture","FDCE=2;LUT5=3;LUT6=2"
950,1.680,5.000,3.317,1.085,2.232,0.673,5,"gen_lane[1].i_p2_pop_slice/bool_result_q_reg[55]/C","gen_lane[1].i_p2_pop_slice/popcount_part_q_o_reg[1][1]/D","P2 popcount capture","FDCE=2;LUT5=3;LUT6=2"
951,1.680,5.000,3.317,1.085,2.232,0.673,5,"gen_lane[2].i_p2_pop_slice/bool_result_q_reg[23]/C","gen_lane[2].i_p2_pop_slice/popcount_part_q_o_reg[0][1]/D","P2 popcount capture","FDCE=2;LUT5=3;LUT6=2"
952,1.680,5.000,3.317,1.085,2.232,0.673,5,"gen_lane[2].i_p2_pop_slice/bool_result_q_reg[55]/C","gen_lane[2].i_p2_pop_slice/popcount_part_q_o_reg[1][1]/D","P2 popcount capture","FDCE=2;LUT5=3;LUT6=2"
953,1.680,5.000,3.317,1.085,2.232,0.673,5,"gen_lane[3].i_p2_pop_slice/bool_result_q_reg[23]/C","gen_lane[3].i_p2_pop_slice/popcount_part_q_o_reg[0][1]/D","P2 popcount capture","FDCE=2;LUT5=3;LUT6=2"
954,1.680,5.000,3.317,1.085,2.232,0.673,5,"gen_lane[3].i_p2_pop_slice/bool_result_q_reg[55]/C","gen_lane[3].i_p2_pop_slice/popcount_part_q_o_reg[1][1]/D","P2 popcount capture","FDCE=2;LUT5=3;LUT6=2"
955,1.695,5.000,3.331,1.502,1.829,0.549,6,"gen_lane[2].i_p2_pop_slice/popcount_part_q_o_reg[1][0]/C","group_dist_q_reg[1]/D","P2 popcount capture","CARRY4=2;FDCE=2;LUT3=1;LUT4=3"
956,1.779,5.000,3.218,1.085,2.133,0.663,5,"a_q_reg[4]/C","uop_p0_q_reg[src0_addr][2]/D","TOP control","FDCE=2;LUT4=1;LUT6=4"
957,1.779,5.000,3.218,1.085,2.133,0.663,5,"a_q_reg[4]/C","uop_p0_q_reg[src0_addr][3]/D","TOP control","FDCE=2;LUT4=1;LUT6=4"
958,1.790,5.000,3.207,1.085,2.122,0.662,5,"a_q_reg[4]/C","uop_p0_q_reg[src0_addr][5]/D","TOP control","FDCE=2;LUT4=1;LUT6=4"
959,1.792,5.000,2.858,0.770,2.088,0.731,2,"vrf_wa_q_reg[0][0]/C","i_vrf/vrf_b0_reg_r1_0_63_63_63/DP/I","VRF/read/writeback","FDCE=1;LUT6=1;RAMD64E=1"
960,1.792,5.000,2.858,0.770,2.088,0.731,2,"vrf_wa_q_reg[0][0]/C","i_vrf/vrf_b0_reg_r2_0_63_63_63/DP/I","VRF/read/writeback","FDCE=1;LUT6=1;RAMD64E=2"
961,1.792,5.000,2.858,0.770,2.088,0.731,2,"vrf_wa_q_reg[1][0]/C","i_vrf/vrf_b1_reg_r1_0_63_63_63/DP/I","VRF/read/writeback","FDCE=1;LUT6=1;RAMD64E=1"
962,1.792,5.000,2.858,0.770,2.088,0.731,2,"vrf_wa_q_reg[1][0]/C","i_vrf/vrf_b1_reg_r2_0_63_63_63/DP/I","VRF/read/writeback","FDCE=1;LUT6=1;RAMD64E=2"
963,1.792,5.000,2.858,0.770,2.088,0.731,2,"vrf_wa_q_reg[2][0]/C","i_vrf/vrf_b2_reg_r1_0_63_63_63/DP/I","VRF/read/writeback","FDCE=1;LUT6=1;RAMD64E=1"
964,1.792,5.000,2.858,0.770,2.088,0.731,2,"vrf_wa_q_reg[2][0]/C","i_vrf/vrf_b2_reg_r2_0_63_63_63/DP/I","VRF/read/writeback","FDCE=1;LUT6=1;RAMD64E=2"
965,1.792,5.000,2.858,0.770,2.088,0.731,2,"vrf_wa_q_reg[3][0]/C","i_vrf/vrf_b3_reg_r1_0_63_63_63/DP/I","VRF/read/writeback","FDCE=1;LUT6=1;RAMD64E=1"
966,1.792,5.000,2.858,0.770,2.088,0.731,2,"vrf_wa_q_reg[3][0]/C","i_vrf/vrf_b3_reg_r2_0_63_63_63/DP/I","VRF/read/writeback","FDCE=1;LUT6=1;RAMD64E=2"
967,1.801,5.000,2.845,0.770,2.075,0.729,2,"vrf_wa_q_reg[0][0]/C","i_vrf/vrf_b0_reg_r1_0_63_0_2/RAMB/I","VRF/read/writeback","FDCE=1;LUT6=1;RAMD64E=1"
968,1.801,5.000,2.845,0.770,2.075,0.729,2,"vrf_wa_q_reg[0][0]/C","i_vrf/vrf_b0_reg_r1_0_63_12_14/RAMB/I","VRF/read/writeback","FDCE=1;LUT6=1;RAMD64E=1"
969,1.801,5.000,2.845,0.770,2.075,0.729,2,"vrf_wa_q_reg[0][0]/C","i_vrf/vrf_b0_reg_r1_0_63_15_17/RAMB/I","VRF/read/writeback","FDCE=1;LUT6=1;RAMD64E=1"
970,1.801,5.000,2.845,0.770,2.075,0.729,2,"vrf_wa_q_reg[0][0]/C","i_vrf/vrf_b0_reg_r1_0_63_18_20/RAMB/I","VRF/read/writeback","FDCE=1;LUT6=1;RAMD64E=1"
971,1.801,5.000,2.845,0.770,2.075,0.729,2,"vrf_wa_q_reg[0][0]/C","i_vrf/vrf_b0_reg_r1_0_63_21_23/RAMB/I","VRF/read/writeback","FDCE=1;LUT6=1;RAMD64E=1"
972,1.801,5.000,2.845,0.770,2.075,0.729,2,"vrf_wa_q_reg[0][0]/C","i_vrf/vrf_b0_reg_r1_0_63_24_26/RAMB/I","VRF/read/writeback","FDCE=1;LUT6=1;RAMD64E=1"
973,1.801,5.000,2.845,0.770,2.075,0.729,2,"vrf_wa_q_reg[0][0]/C","i_vrf/vrf_b0_reg_r1_0_63_27_29/RAMB/I","VRF/read/writeback","FDCE=1;LUT6=1;RAMD64E=1"
974,1.801,5.000,2.845,0.770,2.075,0.729,2,"vrf_wa_q_reg[0][0]/C","i_vrf/vrf_b0_reg_r1_0_63_30_32/RAMB/I","VRF/read/writeback","FDCE=1;LUT6=1;RAMD64E=1"
975,1.801,5.000,2.845,0.770,2.075,0.729,2,"vrf_wa_q_reg[0][0]/C","i_vrf/vrf_b0_reg_r1_0_63_33_35/RAMB/I","VRF/read/writeback","FDCE=1;LUT6=1;RAMD64E=1"
976,1.801,5.000,2.845,0.770,2.075,0.729,2,"vrf_wa_q_reg[0][0]/C","i_vrf/vrf_b0_reg_r1_0_63_36_38/RAMB/I","VRF/read/writeback","FDCE=1;LUT6=1;RAMD64E=1"
977,1.801,5.000,2.845,0.770,2.075,0.729,2,"vrf_wa_q_reg[0][0]/C","i_vrf/vrf_b0_reg_r1_0_63_39_41/RAMB/I","VRF/read/writeback","FDCE=1;LUT6=1;RAMD64E=1"
978,1.801,5.000,2.845,0.770,2.075,0.729,2,"vrf_wa_q_reg[0][0]/C","i_vrf/vrf_b0_reg_r1_0_63_3_5/RAMB/I","VRF/read/writeback","FDCE=1;LUT6=1;RAMD64E=1"
979,1.801,5.000,2.845,0.770,2.075,0.729,2,"vrf_wa_q_reg[0][0]/C","i_vrf/vrf_b0_reg_r1_0_63_42_44/RAMB/I","VRF/read/writeback","FDCE=1;LUT6=1;RAMD64E=1"
980,1.801,5.000,2.845,0.770,2.075,0.729,2,"vrf_wa_q_reg[0][0]/C","i_vrf/vrf_b0_reg_r1_0_63_45_47/RAMB/I","VRF/read/writeback","FDCE=1;LUT6=1;RAMD64E=1"
981,1.801,5.000,2.845,0.770,2.075,0.729,2,"vrf_wa_q_reg[0][0]/C","i_vrf/vrf_b0_reg_r1_0_63_48_50/RAMB/I","VRF/read/writeback","FDCE=1;LUT6=1;RAMD64E=1"
982,1.801,5.000,2.845,0.770,2.075,0.729,2,"vrf_wa_q_reg[0][0]/C","i_vrf/vrf_b0_reg_r1_0_63_51_53/RAMB/I","VRF/read/writeback","FDCE=1;LUT6=1;RAMD64E=1"
983,1.801,5.000,2.845,0.770,2.075,0.729,2,"vrf_wa_q_reg[0][0]/C","i_vrf/vrf_b0_reg_r1_0_63_54_56/RAMB/I","VRF/read/writeback","FDCE=1;LUT6=1;RAMD64E=1"
984,1.801,5.000,2.845,0.770,2.075,0.729,2,"vrf_wa_q_reg[0][0]/C","i_vrf/vrf_b0_reg_r1_0_63_57_59/RAMB/I","VRF/read/writeback","FDCE=1;LUT6=1;RAMD64E=1"
985,1.801,5.000,2.845,0.770,2.075,0.729,2,"vrf_wa_q_reg[0][0]/C","i_vrf/vrf_b0_reg_r1_0_63_60_62/RAMB/I","VRF/read/writeback","FDCE=1;LUT6=1;RAMD64E=1"
986,1.801,5.000,2.845,0.770,2.075,0.729,2,"vrf_wa_q_reg[0][0]/C","i_vrf/vrf_b0_reg_r1_0_63_6_8/RAMB/I","VRF/read/writeback","FDCE=1;LUT6=1;RAMD64E=1"
987,1.801,5.000,2.845,0.770,2.075,0.729,2,"vrf_wa_q_reg[0][0]/C","i_vrf/vrf_b0_reg_r1_0_63_9_11/RAMB/I","VRF/read/writeback","FDCE=1;LUT6=1;RAMD64E=1"
988,1.801,5.000,2.845,0.770,2.075,0.729,2,"vrf_wa_q_reg[0][0]/C","i_vrf/vrf_b0_reg_r2_0_63_0_2/RAMB/I","VRF/read/writeback","FDCE=1;LUT6=1;RAMD64E=2"
989,1.801,5.000,2.845,0.770,2.075,0.729,2,"vrf_wa_q_reg[0][0]/C","i_vrf/vrf_b0_reg_r2_0_63_12_14/RAMB/I","VRF/read/writeback","FDCE=1;LUT6=1;RAMD64E=2"
990,1.801,5.000,2.845,0.770,2.075,0.729,2,"vrf_wa_q_reg[0][0]/C","i_vrf/vrf_b0_reg_r2_0_63_15_17/RAMB/I","VRF/read/writeback","FDCE=1;LUT6=1;RAMD64E=2"
991,1.801,5.000,2.845,0.770,2.075,0.729,2,"vrf_wa_q_reg[0][0]/C","i_vrf/vrf_b0_reg_r2_0_63_18_20/RAMB/I","VRF/read/writeback","FDCE=1;LUT6=1;RAMD64E=2"
992,1.801,5.000,2.845,0.770,2.075,0.729,2,"vrf_wa_q_reg[0][0]/C","i_vrf/vrf_b0_reg_r2_0_63_21_23/RAMB/I","VRF/read/writeback","FDCE=1;LUT6=1;RAMD64E=2"
993,1.801,5.000,2.845,0.770,2.075,0.729,2,"vrf_wa_q_reg[0][0]/C","i_vrf/vrf_b0_reg_r2_0_63_24_26/RAMB/I","VRF/read/writeback","FDCE=1;LUT6=1;RAMD64E=2"
994,1.801,5.000,2.845,0.770,2.075,0.729,2,"vrf_wa_q_reg[0][0]/C","i_vrf/vrf_b0_reg_r2_0_63_27_29/RAMB/I","VRF/read/writeback","FDCE=1;LUT6=1;RAMD64E=2"
995,1.801,5.000,2.845,0.770,2.075,0.729,2,"vrf_wa_q_reg[0][0]/C","i_vrf/vrf_b0_reg_r2_0_63_30_32/RAMB/I","VRF/read/writeback","FDCE=1;LUT6=1;RAMD64E=2"
996,1.801,5.000,2.845,0.770,2.075,0.729,2,"vrf_wa_q_reg[0][0]/C","i_vrf/vrf_b0_reg_r2_0_63_33_35/RAMB/I","VRF/read/writeback","FDCE=1;LUT6=1;RAMD64E=2"
997,1.801,5.000,2.845,0.770,2.075,0.729,2,"vrf_wa_q_reg[0][0]/C","i_vrf/vrf_b0_reg_r2_0_63_36_38/RAMB/I","VRF/read/writeback","FDCE=1;LUT6=1;RAMD64E=2"
998,1.801,5.000,2.845,0.770,2.075,0.729,2,"vrf_wa_q_reg[0][0]/C","i_vrf/vrf_b0_reg_r2_0_63_39_41/RAMB/I","VRF/read/writeback","FDCE=1;LUT6=1;RAMD64E=2"
999,1.801,5.000,2.845,0.770,2.075,0.729,2,"vrf_wa_q_reg[0][0]/C","i_vrf/vrf_b0_reg_r2_0_63_3_5/RAMB/I","VRF/read/writeback","FDCE=1;LUT6=1;RAMD64E=2"
1000,1.801,5.000,2.845,0.770,2.075,0.729,2,"vrf_wa_q_reg[0][0]/C","i_vrf/vrf_b0_reg_r2_0_63_42_44/RAMB/I","VRF/read/writeback","FDCE=1;LUT6=1;RAMD64E=2"
