rank,slack_ns,required_time_ns,data_path_delay_ns,logic_delay_ns,route_delay_ns,route_ratio,logic_levels,startpoint,endpoint,path_class,main_cells
1,0.065,5.000,4.932,1.190,3.742,0.759,6,"st_q_reg[2]_rep__0/C","lane_result_q_reg[1][7]/D","P2 lane result capture","FDCE=2;LUT3=1;LUT4=1;LUT5=1;LUT6=3"
2,0.065,5.000,4.932,1.190,3.742,0.759,6,"st_q_reg[2]_rep__0/C","lane_result_q_reg[2][7]/D","P2 lane result capture","FDCE=2;LUT3=1;LUT4=1;LUT5=1;LUT6=3"
3,0.065,5.000,4.932,1.190,3.742,0.759,6,"st_q_reg[2]_rep__0/C","lane_result_q_reg[3][7]/D","P2 lane result capture","FDCE=2;LUT3=1;LUT4=1;LUT5=1;LUT6=3"
4,0.288,5.000,4.709,1.210,3.499,0.743,6,"st_q_reg[2]_rep__0/C","lane_result_q_reg[0][31]/D","P2 lane result capture","FDCE=2;LUT3=2;LUT4=1;LUT6=3"
5,0.288,5.000,4.709,1.210,3.499,0.743,6,"st_q_reg[2]_rep__0/C","lane_result_q_reg[1][23]/D","P2 lane result capture","FDCE=2;LUT3=2;LUT4=1;LUT6=3"
6,0.288,5.000,4.709,1.210,3.499,0.743,6,"st_q_reg[2]_rep__0/C","lane_result_q_reg[1][31]/D","P2 lane result capture","FDCE=2;LUT3=2;LUT4=1;LUT6=3"
7,0.288,5.000,4.709,1.210,3.499,0.743,6,"st_q_reg[2]_rep__0/C","lane_result_q_reg[2][31]/D","P2 lane result capture","FDCE=2;LUT3=2;LUT4=1;LUT6=3"
8,0.289,5.000,4.708,1.190,3.518,0.747,6,"st_q_reg[2]_rep__0/C","lane_result_q_reg[0][51]/D","P2 lane result capture","FDCE=2;LUT3=2;LUT4=1;LUT6=3"
9,0.289,5.000,4.708,1.190,3.518,0.747,6,"st_q_reg[2]_rep__0/C","lane_result_q_reg[1][51]/D","P2 lane result capture","FDCE=2;LUT3=2;LUT4=1;LUT6=3"
10,0.289,5.000,4.708,1.190,3.518,0.747,6,"st_q_reg[2]_rep__0/C","lane_result_q_reg[2][51]/D","P2 lane result capture","FDCE=2;LUT3=2;LUT4=1;LUT6=3"
11,0.292,5.000,4.705,1.190,3.515,0.747,6,"st_q_reg[2]_rep__0/C","lane_result_q_reg[1][2]/D","P2 lane result capture","FDCE=2;LUT3=2;LUT4=1;LUT6=3"
12,0.292,5.000,4.705,1.190,3.515,0.747,6,"st_q_reg[2]_rep__0/C","lane_result_q_reg[1][4]/D","P2 lane result capture","FDCE=2;LUT3=2;LUT4=1;LUT6=3"
13,0.292,5.000,4.705,1.190,3.515,0.747,6,"st_q_reg[2]_rep__0/C","lane_result_q_reg[1][5]/D","P2 lane result capture","FDCE=2;LUT3=2;LUT4=1;LUT6=3"
14,0.292,5.000,4.705,1.190,3.515,0.747,6,"st_q_reg[2]_rep__0/C","lane_result_q_reg[1][6]/D","P2 lane result capture","FDCE=2;LUT3=2;LUT4=1;LUT6=3"
15,0.292,5.000,4.705,1.190,3.515,0.747,6,"st_q_reg[2]_rep__0/C","lane_result_q_reg[1][8]/D","P2 lane result capture","FDCE=2;LUT3=2;LUT4=1;LUT6=3"
16,0.292,5.000,4.705,1.190,3.515,0.747,6,"st_q_reg[2]_rep__0/C","lane_result_q_reg[1][9]/D","P2 lane result capture","FDCE=2;LUT3=2;LUT4=1;LUT6=3"
17,0.292,5.000,4.705,1.190,3.515,0.747,6,"st_q_reg[2]_rep__0/C","lane_result_q_reg[2][2]/D","P2 lane result capture","FDCE=2;LUT3=2;LUT4=1;LUT6=3"
18,0.292,5.000,4.705,1.190,3.515,0.747,6,"st_q_reg[2]_rep__0/C","lane_result_q_reg[2][4]/D","P2 lane result capture","FDCE=2;LUT3=2;LUT4=1;LUT6=3"
19,0.292,5.000,4.705,1.190,3.515,0.747,6,"st_q_reg[2]_rep__0/C","lane_result_q_reg[2][5]/D","P2 lane result capture","FDCE=2;LUT3=2;LUT4=1;LUT6=3"
20,0.292,5.000,4.705,1.190,3.515,0.747,6,"st_q_reg[2]_rep__0/C","lane_result_q_reg[2][6]/D","P2 lane result capture","FDCE=2;LUT3=2;LUT4=1;LUT6=3"
21,0.292,5.000,4.705,1.190,3.515,0.747,6,"st_q_reg[2]_rep__0/C","lane_result_q_reg[2][8]/D","P2 lane result capture","FDCE=2;LUT3=2;LUT4=1;LUT6=3"
22,0.292,5.000,4.705,1.190,3.515,0.747,6,"st_q_reg[2]_rep__0/C","lane_result_q_reg[2][9]/D","P2 lane result capture","FDCE=2;LUT3=2;LUT4=1;LUT6=3"
23,0.292,5.000,4.705,1.190,3.515,0.747,6,"st_q_reg[2]_rep__0/C","lane_result_q_reg[3][2]/D","P2 lane result capture","FDCE=2;LUT3=2;LUT4=1;LUT6=3"
24,0.292,5.000,4.705,1.190,3.515,0.747,6,"st_q_reg[2]_rep__0/C","lane_result_q_reg[3][4]/D","P2 lane result capture","FDCE=2;LUT3=2;LUT4=1;LUT6=3"
25,0.292,5.000,4.705,1.190,3.515,0.747,6,"st_q_reg[2]_rep__0/C","lane_result_q_reg[3][5]/D","P2 lane result capture","FDCE=2;LUT3=2;LUT4=1;LUT6=3"
26,0.292,5.000,4.705,1.190,3.515,0.747,6,"st_q_reg[2]_rep__0/C","lane_result_q_reg[3][6]/D","P2 lane result capture","FDCE=2;LUT3=2;LUT4=1;LUT6=3"
27,0.292,5.000,4.705,1.190,3.515,0.747,6,"st_q_reg[2]_rep__0/C","lane_result_q_reg[3][8]/D","P2 lane result capture","FDCE=2;LUT3=2;LUT4=1;LUT6=3"
28,0.292,5.000,4.705,1.190,3.515,0.747,6,"st_q_reg[2]_rep__0/C","lane_result_q_reg[3][9]/D","P2 lane result capture","FDCE=2;LUT3=2;LUT4=1;LUT6=3"
29,0.293,5.000,4.704,1.190,3.514,0.747,6,"st_q_reg[2]_rep__0/C","lane_result_q_reg[0][48]/D","P2 lane result capture","FDCE=2;LUT3=2;LUT4=1;LUT6=3"
30,0.293,5.000,4.704,1.190,3.514,0.747,6,"st_q_reg[2]_rep__0/C","lane_result_q_reg[0][49]/D","P2 lane result capture","FDCE=2;LUT3=2;LUT4=1;LUT6=3"
31,0.293,5.000,4.704,1.190,3.514,0.747,6,"st_q_reg[2]_rep__0/C","lane_result_q_reg[0][50]/D","P2 lane result capture","FDCE=2;LUT3=2;LUT4=1;LUT6=3"
32,0.293,5.000,4.704,1.190,3.514,0.747,6,"st_q_reg[2]_rep__0/C","lane_result_q_reg[1][48]/D","P2 lane result capture","FDCE=2;LUT3=2;LUT4=1;LUT6=3"
33,0.293,5.000,4.704,1.190,3.514,0.747,6,"st_q_reg[2]_rep__0/C","lane_result_q_reg[1][49]/D","P2 lane result capture","FDCE=2;LUT3=2;LUT4=1;LUT6=3"
34,0.293,5.000,4.704,1.190,3.514,0.747,6,"st_q_reg[2]_rep__0/C","lane_result_q_reg[1][50]/D","P2 lane result capture","FDCE=2;LUT3=2;LUT4=1;LUT6=3"
35,0.293,5.000,4.704,1.190,3.514,0.747,6,"st_q_reg[2]_rep__0/C","lane_result_q_reg[2][48]/D","P2 lane result capture","FDCE=2;LUT3=2;LUT4=1;LUT6=3"
36,0.293,5.000,4.704,1.190,3.514,0.747,6,"st_q_reg[2]_rep__0/C","lane_result_q_reg[2][49]/D","P2 lane result capture","FDCE=2;LUT3=2;LUT4=1;LUT6=3"
37,0.293,5.000,4.704,1.190,3.514,0.747,6,"st_q_reg[2]_rep__0/C","lane_result_q_reg[2][50]/D","P2 lane result capture","FDCE=2;LUT3=2;LUT4=1;LUT6=3"
38,0.295,5.000,4.702,1.210,3.492,0.743,6,"st_q_reg[2]_rep__0/C","lane_result_q_reg[0][16]/D","P2 lane result capture","FDCE=2;LUT3=2;LUT4=1;LUT6=3"
39,0.295,5.000,4.702,1.210,3.492,0.743,6,"st_q_reg[2]_rep__0/C","lane_result_q_reg[0][17]/D","P2 lane result capture","FDCE=2;LUT3=2;LUT4=1;LUT6=3"
40,0.295,5.000,4.702,1.210,3.492,0.743,6,"st_q_reg[2]_rep__0/C","lane_result_q_reg[0][18]/D","P2 lane result capture","FDCE=2;LUT3=2;LUT4=1;LUT6=3"
41,0.295,5.000,4.702,1.210,3.492,0.743,6,"st_q_reg[2]_rep__0/C","lane_result_q_reg[0][19]/D","P2 lane result capture","FDCE=2;LUT3=2;LUT4=1;LUT6=3"
42,0.295,5.000,4.702,1.210,3.492,0.743,6,"st_q_reg[2]_rep__0/C","lane_result_q_reg[0][20]/D","P2 lane result capture","FDCE=2;LUT3=2;LUT4=1;LUT6=3"
43,0.295,5.000,4.702,1.210,3.492,0.743,6,"st_q_reg[2]_rep__0/C","lane_result_q_reg[0][21]/D","P2 lane result capture","FDCE=2;LUT3=2;LUT4=1;LUT6=3"
44,0.295,5.000,4.702,1.210,3.492,0.743,6,"st_q_reg[2]_rep__0/C","lane_result_q_reg[1][11]/D","P2 lane result capture","FDCE=2;LUT3=2;LUT4=1;LUT6=3"
45,0.295,5.000,4.702,1.210,3.492,0.743,6,"st_q_reg[2]_rep__0/C","lane_result_q_reg[1][16]/D","P2 lane result capture","FDCE=2;LUT3=2;LUT4=1;LUT6=3"
46,0.295,5.000,4.702,1.210,3.492,0.743,6,"st_q_reg[2]_rep__0/C","lane_result_q_reg[1][17]/D","P2 lane result capture","FDCE=2;LUT3=2;LUT4=1;LUT6=3"
47,0.295,5.000,4.702,1.210,3.492,0.743,6,"st_q_reg[2]_rep__0/C","lane_result_q_reg[1][18]/D","P2 lane result capture","FDCE=2;LUT3=2;LUT4=1;LUT6=3"
48,0.295,5.000,4.702,1.210,3.492,0.743,6,"st_q_reg[2]_rep__0/C","lane_result_q_reg[1][19]/D","P2 lane result capture","FDCE=2;LUT3=2;LUT4=1;LUT6=3"
49,0.295,5.000,4.702,1.210,3.492,0.743,6,"st_q_reg[2]_rep__0/C","lane_result_q_reg[1][20]/D","P2 lane result capture","FDCE=2;LUT3=2;LUT4=1;LUT6=3"
50,0.295,5.000,4.702,1.210,3.492,0.743,6,"st_q_reg[2]_rep__0/C","lane_result_q_reg[1][21]/D","P2 lane result capture","FDCE=2;LUT3=2;LUT4=1;LUT6=3"
51,0.295,5.000,4.702,1.210,3.492,0.743,6,"st_q_reg[2]_rep__0/C","lane_result_q_reg[2][16]/D","P2 lane result capture","FDCE=2;LUT3=2;LUT4=1;LUT6=3"
52,0.295,5.000,4.702,1.210,3.492,0.743,6,"st_q_reg[2]_rep__0/C","lane_result_q_reg[2][17]/D","P2 lane result capture","FDCE=2;LUT3=2;LUT4=1;LUT6=3"
53,0.295,5.000,4.702,1.210,3.492,0.743,6,"st_q_reg[2]_rep__0/C","lane_result_q_reg[2][18]/D","P2 lane result capture","FDCE=2;LUT3=2;LUT4=1;LUT6=3"
54,0.295,5.000,4.702,1.210,3.492,0.743,6,"st_q_reg[2]_rep__0/C","lane_result_q_reg[2][19]/D","P2 lane result capture","FDCE=2;LUT3=2;LUT4=1;LUT6=3"
55,0.295,5.000,4.702,1.210,3.492,0.743,6,"st_q_reg[2]_rep__0/C","lane_result_q_reg[2][20]/D","P2 lane result capture","FDCE=2;LUT3=2;LUT4=1;LUT6=3"
56,0.295,5.000,4.702,1.210,3.492,0.743,6,"st_q_reg[2]_rep__0/C","lane_result_q_reg[2][21]/D","P2 lane result capture","FDCE=2;LUT3=2;LUT4=1;LUT6=3"
57,0.296,5.000,4.701,1.190,3.511,0.747,6,"st_q_reg[2]_rep__0/C","lane_result_q_reg[0][24]/D","P2 lane result capture","FDCE=2;LUT3=2;LUT4=1;LUT6=3"
58,0.296,5.000,4.701,1.190,3.511,0.747,6,"st_q_reg[2]_rep__0/C","lane_result_q_reg[0][25]/D","P2 lane result capture","FDCE=2;LUT3=2;LUT4=1;LUT6=3"
59,0.296,5.000,4.701,1.190,3.511,0.747,6,"st_q_reg[2]_rep__0/C","lane_result_q_reg[0][26]/D","P2 lane result capture","FDCE=2;LUT3=2;LUT4=1;LUT6=3"
60,0.296,5.000,4.701,1.190,3.511,0.747,6,"st_q_reg[2]_rep__0/C","lane_result_q_reg[0][27]/D","P2 lane result capture","FDCE=2;LUT3=2;LUT4=1;LUT6=3"
61,0.296,5.000,4.701,1.190,3.511,0.747,6,"st_q_reg[2]_rep__0/C","lane_result_q_reg[0][36]/D","P2 lane result capture","FDCE=2;LUT3=2;LUT4=1;LUT6=3"
62,0.296,5.000,4.701,1.190,3.511,0.747,6,"st_q_reg[2]_rep__0/C","lane_result_q_reg[0][37]/D","P2 lane result capture","FDCE=2;LUT3=2;LUT4=1;LUT6=3"
63,0.296,5.000,4.701,1.190,3.511,0.747,6,"st_q_reg[2]_rep__0/C","lane_result_q_reg[0][38]/D","P2 lane result capture","FDCE=2;LUT3=2;LUT4=1;LUT6=3"
64,0.296,5.000,4.701,1.190,3.511,0.747,6,"st_q_reg[2]_rep__0/C","lane_result_q_reg[1][0]/D","P2 lane result capture","FDCE=2;LUT3=2;LUT4=1;LUT6=3"
65,0.296,5.000,4.701,1.190,3.511,0.747,6,"st_q_reg[2]_rep__0/C","lane_result_q_reg[1][10]/D","P2 lane result capture","FDCE=2;LUT3=2;LUT4=1;LUT6=3"
66,0.296,5.000,4.701,1.190,3.511,0.747,6,"st_q_reg[2]_rep__0/C","lane_result_q_reg[1][12]/D","P2 lane result capture","FDCE=2;LUT3=2;LUT4=1;LUT6=3"
67,0.296,5.000,4.701,1.190,3.511,0.747,6,"st_q_reg[2]_rep__0/C","lane_result_q_reg[1][13]/D","P2 lane result capture","FDCE=2;LUT3=2;LUT4=1;LUT6=3"
68,0.296,5.000,4.701,1.190,3.511,0.747,6,"st_q_reg[2]_rep__0/C","lane_result_q_reg[1][14]/D","P2 lane result capture","FDCE=2;LUT3=2;LUT4=1;LUT6=3"
69,0.296,5.000,4.701,1.190,3.511,0.747,6,"st_q_reg[2]_rep__0/C","lane_result_q_reg[1][15]/D","P2 lane result capture","FDCE=2;LUT3=2;LUT4=1;LUT6=3"
70,0.296,5.000,4.701,1.190,3.511,0.747,6,"st_q_reg[2]_rep__0/C","lane_result_q_reg[1][1]/D","P2 lane result capture","FDCE=2;LUT3=2;LUT4=1;LUT6=3"
71,0.296,5.000,4.701,1.190,3.511,0.747,6,"st_q_reg[2]_rep__0/C","lane_result_q_reg[1][24]/D","P2 lane result capture","FDCE=2;LUT3=2;LUT4=1;LUT6=3"
72,0.296,5.000,4.701,1.190,3.511,0.747,6,"st_q_reg[2]_rep__0/C","lane_result_q_reg[1][25]/D","P2 lane result capture","FDCE=2;LUT3=2;LUT4=1;LUT6=3"
73,0.296,5.000,4.701,1.190,3.511,0.747,6,"st_q_reg[2]_rep__0/C","lane_result_q_reg[1][26]/D","P2 lane result capture","FDCE=2;LUT3=2;LUT4=1;LUT6=3"
74,0.296,5.000,4.701,1.190,3.511,0.747,6,"st_q_reg[2]_rep__0/C","lane_result_q_reg[1][27]/D","P2 lane result capture","FDCE=2;LUT3=2;LUT4=1;LUT6=3"
75,0.296,5.000,4.701,1.190,3.511,0.747,6,"st_q_reg[2]_rep__0/C","lane_result_q_reg[1][36]/D","P2 lane result capture","FDCE=2;LUT3=2;LUT4=1;LUT6=3"
76,0.296,5.000,4.701,1.190,3.511,0.747,6,"st_q_reg[2]_rep__0/C","lane_result_q_reg[1][37]/D","P2 lane result capture","FDCE=2;LUT3=2;LUT4=1;LUT6=3"
77,0.296,5.000,4.701,1.190,3.511,0.747,6,"st_q_reg[2]_rep__0/C","lane_result_q_reg[1][38]/D","P2 lane result capture","FDCE=2;LUT3=2;LUT4=1;LUT6=3"
78,0.296,5.000,4.701,1.190,3.511,0.747,6,"st_q_reg[2]_rep__0/C","lane_result_q_reg[2][0]/D","P2 lane result capture","FDCE=2;LUT3=2;LUT4=1;LUT6=3"
79,0.296,5.000,4.701,1.190,3.511,0.747,6,"st_q_reg[2]_rep__0/C","lane_result_q_reg[2][10]/D","P2 lane result capture","FDCE=2;LUT3=2;LUT4=1;LUT6=3"
80,0.296,5.000,4.701,1.190,3.511,0.747,6,"st_q_reg[2]_rep__0/C","lane_result_q_reg[2][11]/D","P2 lane result capture","FDCE=2;LUT3=2;LUT4=1;LUT6=3"
81,0.296,5.000,4.701,1.190,3.511,0.747,6,"st_q_reg[2]_rep__0/C","lane_result_q_reg[2][12]/D","P2 lane result capture","FDCE=2;LUT3=2;LUT4=1;LUT6=3"
82,0.296,5.000,4.701,1.190,3.511,0.747,6,"st_q_reg[2]_rep__0/C","lane_result_q_reg[2][13]/D","P2 lane result capture","FDCE=2;LUT3=2;LUT4=1;LUT6=3"
83,0.296,5.000,4.701,1.190,3.511,0.747,6,"st_q_reg[2]_rep__0/C","lane_result_q_reg[2][14]/D","P2 lane result capture","FDCE=2;LUT3=2;LUT4=1;LUT6=3"
84,0.296,5.000,4.701,1.190,3.511,0.747,6,"st_q_reg[2]_rep__0/C","lane_result_q_reg[2][15]/D","P2 lane result capture","FDCE=2;LUT3=2;LUT4=1;LUT6=3"
85,0.296,5.000,4.701,1.190,3.511,0.747,6,"st_q_reg[2]_rep__0/C","lane_result_q_reg[2][1]/D","P2 lane result capture","FDCE=2;LUT3=2;LUT4=1;LUT6=3"
86,0.296,5.000,4.701,1.190,3.511,0.747,6,"st_q_reg[2]_rep__0/C","lane_result_q_reg[2][24]/D","P2 lane result capture","FDCE=2;LUT3=2;LUT4=1;LUT6=3"
87,0.296,5.000,4.701,1.190,3.511,0.747,6,"st_q_reg[2]_rep__0/C","lane_result_q_reg[2][25]/D","P2 lane result capture","FDCE=2;LUT3=2;LUT4=1;LUT6=3"
88,0.296,5.000,4.701,1.190,3.511,0.747,6,"st_q_reg[2]_rep__0/C","lane_result_q_reg[2][26]/D","P2 lane result capture","FDCE=2;LUT3=2;LUT4=1;LUT6=3"
89,0.296,5.000,4.701,1.190,3.511,0.747,6,"st_q_reg[2]_rep__0/C","lane_result_q_reg[2][27]/D","P2 lane result capture","FDCE=2;LUT3=2;LUT4=1;LUT6=3"
90,0.296,5.000,4.701,1.190,3.511,0.747,6,"st_q_reg[2]_rep__0/C","lane_result_q_reg[2][36]/D","P2 lane result capture","FDCE=2;LUT3=2;LUT4=1;LUT6=3"
91,0.296,5.000,4.701,1.190,3.511,0.747,6,"st_q_reg[2]_rep__0/C","lane_result_q_reg[2][37]/D","P2 lane result capture","FDCE=2;LUT3=2;LUT4=1;LUT6=3"
92,0.296,5.000,4.701,1.190,3.511,0.747,6,"st_q_reg[2]_rep__0/C","lane_result_q_reg[2][38]/D","P2 lane result capture","FDCE=2;LUT3=2;LUT4=1;LUT6=3"
93,0.296,5.000,4.701,1.190,3.511,0.747,6,"st_q_reg[2]_rep__0/C","lane_result_q_reg[3][0]/D","P2 lane result capture","FDCE=2;LUT3=2;LUT4=1;LUT6=3"
94,0.296,5.000,4.701,1.190,3.511,0.747,6,"st_q_reg[2]_rep__0/C","lane_result_q_reg[3][10]/D","P2 lane result capture","FDCE=2;LUT3=2;LUT4=1;LUT6=3"
95,0.296,5.000,4.701,1.190,3.511,0.747,6,"st_q_reg[2]_rep__0/C","lane_result_q_reg[3][11]/D","P2 lane result capture","FDCE=2;LUT3=2;LUT4=1;LUT6=3"
96,0.296,5.000,4.701,1.190,3.511,0.747,6,"st_q_reg[2]_rep__0/C","lane_result_q_reg[3][12]/D","P2 lane result capture","FDCE=2;LUT3=2;LUT4=1;LUT6=3"
97,0.296,5.000,4.701,1.190,3.511,0.747,6,"st_q_reg[2]_rep__0/C","lane_result_q_reg[3][13]/D","P2 lane result capture","FDCE=2;LUT3=2;LUT4=1;LUT6=3"
98,0.296,5.000,4.701,1.190,3.511,0.747,6,"st_q_reg[2]_rep__0/C","lane_result_q_reg[3][14]/D","P2 lane result capture","FDCE=2;LUT3=2;LUT4=1;LUT6=3"
99,0.296,5.000,4.701,1.190,3.511,0.747,6,"st_q_reg[2]_rep__0/C","lane_result_q_reg[3][15]/D","P2 lane result capture","FDCE=2;LUT3=2;LUT4=1;LUT6=3"
100,0.296,5.000,4.701,1.190,3.511,0.747,6,"st_q_reg[2]_rep__0/C","lane_result_q_reg[3][1]/D","P2 lane result capture","FDCE=2;LUT3=2;LUT4=1;LUT6=3"
101,0.299,5.000,4.698,1.210,3.488,0.742,6,"st_q_reg[2]_rep__0/C","lane_result_q_reg[0][12]/D","P2 lane result capture","FDCE=2;LUT3=2;LUT4=1;LUT6=3"
102,0.299,5.000,4.698,1.210,3.488,0.742,6,"st_q_reg[2]_rep__0/C","lane_result_q_reg[0][13]/D","P2 lane result capture","FDCE=2;LUT3=2;LUT4=1;LUT6=3"
103,0.299,5.000,4.698,1.210,3.488,0.742,6,"st_q_reg[2]_rep__0/C","lane_result_q_reg[0][14]/D","P2 lane result capture","FDCE=2;LUT3=2;LUT4=1;LUT6=3"
104,0.299,5.000,4.698,1.210,3.488,0.742,6,"st_q_reg[2]_rep__0/C","lane_result_q_reg[0][28]/D","P2 lane result capture","FDCE=2;LUT3=2;LUT4=1;LUT6=3"
105,0.299,5.000,4.698,1.210,3.488,0.742,6,"st_q_reg[2]_rep__0/C","lane_result_q_reg[0][29]/D","P2 lane result capture","FDCE=2;LUT3=2;LUT4=1;LUT6=3"
106,0.299,5.000,4.698,1.210,3.488,0.742,6,"st_q_reg[2]_rep__0/C","lane_result_q_reg[0][30]/D","P2 lane result capture","FDCE=2;LUT3=2;LUT4=1;LUT6=3"
107,0.299,5.000,4.698,1.210,3.488,0.742,6,"st_q_reg[2]_rep__0/C","lane_result_q_reg[0][7]/D","P2 lane result capture","FDCE=2;LUT3=2;LUT4=1;LUT6=3"
108,0.299,5.000,4.698,1.210,3.488,0.742,6,"st_q_reg[2]_rep__0/C","lane_result_q_reg[1][28]/D","P2 lane result capture","FDCE=2;LUT3=2;LUT4=1;LUT6=3"
109,0.299,5.000,4.698,1.210,3.488,0.742,6,"st_q_reg[2]_rep__0/C","lane_result_q_reg[1][29]/D","P2 lane result capture","FDCE=2;LUT3=2;LUT4=1;LUT6=3"
110,0.299,5.000,4.698,1.210,3.488,0.742,6,"st_q_reg[2]_rep__0/C","lane_result_q_reg[1][30]/D","P2 lane result capture","FDCE=2;LUT3=2;LUT4=1;LUT6=3"
111,0.299,5.000,4.698,1.210,3.488,0.742,6,"st_q_reg[2]_rep__0/C","lane_result_q_reg[1][3]/D","P2 lane result capture","FDCE=2;LUT3=2;LUT4=1;LUT6=3"
112,0.299,5.000,4.698,1.210,3.488,0.742,6,"st_q_reg[2]_rep__0/C","lane_result_q_reg[2][28]/D","P2 lane result capture","FDCE=2;LUT3=2;LUT4=1;LUT6=3"
113,0.299,5.000,4.698,1.210,3.488,0.742,6,"st_q_reg[2]_rep__0/C","lane_result_q_reg[2][29]/D","P2 lane result capture","FDCE=2;LUT3=2;LUT4=1;LUT6=3"
114,0.299,5.000,4.698,1.210,3.488,0.742,6,"st_q_reg[2]_rep__0/C","lane_result_q_reg[2][30]/D","P2 lane result capture","FDCE=2;LUT3=2;LUT4=1;LUT6=3"
115,0.299,5.000,4.698,1.210,3.488,0.742,6,"st_q_reg[2]_rep__0/C","lane_result_q_reg[2][3]/D","P2 lane result capture","FDCE=2;LUT3=2;LUT4=1;LUT6=3"
116,0.299,5.000,4.698,1.210,3.488,0.742,6,"st_q_reg[2]_rep__0/C","lane_result_q_reg[3][16]/D","P2 lane result capture","FDCE=2;LUT3=2;LUT4=1;LUT6=3"
117,0.299,5.000,4.698,1.210,3.488,0.742,6,"st_q_reg[2]_rep__0/C","lane_result_q_reg[3][17]/D","P2 lane result capture","FDCE=2;LUT3=2;LUT4=1;LUT6=3"
118,0.299,5.000,4.698,1.210,3.488,0.742,6,"st_q_reg[2]_rep__0/C","lane_result_q_reg[3][18]/D","P2 lane result capture","FDCE=2;LUT3=2;LUT4=1;LUT6=3"
119,0.299,5.000,4.698,1.210,3.488,0.742,6,"st_q_reg[2]_rep__0/C","lane_result_q_reg[3][19]/D","P2 lane result capture","FDCE=2;LUT3=2;LUT4=1;LUT6=3"
120,0.299,5.000,4.698,1.210,3.488,0.742,6,"st_q_reg[2]_rep__0/C","lane_result_q_reg[3][20]/D","P2 lane result capture","FDCE=2;LUT3=2;LUT4=1;LUT6=3"
121,0.299,5.000,4.698,1.210,3.488,0.742,6,"st_q_reg[2]_rep__0/C","lane_result_q_reg[3][21]/D","P2 lane result capture","FDCE=2;LUT3=2;LUT4=1;LUT6=3"
122,0.299,5.000,4.698,1.210,3.488,0.742,6,"st_q_reg[2]_rep__0/C","lane_result_q_reg[3][23]/D","P2 lane result capture","FDCE=2;LUT3=2;LUT4=1;LUT6=3"
123,0.299,5.000,4.698,1.210,3.488,0.742,6,"st_q_reg[2]_rep__0/C","lane_result_q_reg[3][24]/D","P2 lane result capture","FDCE=2;LUT3=2;LUT4=1;LUT6=3"
124,0.299,5.000,4.698,1.210,3.488,0.742,6,"st_q_reg[2]_rep__0/C","lane_result_q_reg[3][25]/D","P2 lane result capture","FDCE=2;LUT3=2;LUT4=1;LUT6=3"
125,0.299,5.000,4.698,1.210,3.488,0.742,6,"st_q_reg[2]_rep__0/C","lane_result_q_reg[3][26]/D","P2 lane result capture","FDCE=2;LUT3=2;LUT4=1;LUT6=3"
126,0.299,5.000,4.698,1.210,3.488,0.742,6,"st_q_reg[2]_rep__0/C","lane_result_q_reg[3][27]/D","P2 lane result capture","FDCE=2;LUT3=2;LUT4=1;LUT6=3"
127,0.299,5.000,4.698,1.210,3.488,0.742,6,"st_q_reg[2]_rep__0/C","lane_result_q_reg[3][28]/D","P2 lane result capture","FDCE=2;LUT3=2;LUT4=1;LUT6=3"
128,0.299,5.000,4.698,1.210,3.488,0.742,6,"st_q_reg[2]_rep__0/C","lane_result_q_reg[3][29]/D","P2 lane result capture","FDCE=2;LUT3=2;LUT4=1;LUT6=3"
129,0.299,5.000,4.698,1.210,3.488,0.742,6,"st_q_reg[2]_rep__0/C","lane_result_q_reg[3][30]/D","P2 lane result capture","FDCE=2;LUT3=2;LUT4=1;LUT6=3"
130,0.299,5.000,4.698,1.210,3.488,0.742,6,"st_q_reg[2]_rep__0/C","lane_result_q_reg[3][31]/D","P2 lane result capture","FDCE=2;LUT3=2;LUT4=1;LUT6=3"
131,0.299,5.000,4.698,1.210,3.488,0.742,6,"st_q_reg[2]_rep__0/C","lane_result_q_reg[3][3]/D","P2 lane result capture","FDCE=2;LUT3=2;LUT4=1;LUT6=3"
132,0.300,5.000,4.697,1.190,3.507,0.747,6,"st_q_reg[2]_rep__0/C","lane_result_q_reg[0][0]/D","P2 lane result capture","FDCE=2;LUT3=2;LUT4=1;LUT6=3"
133,0.300,5.000,4.697,1.190,3.507,0.747,6,"st_q_reg[2]_rep__0/C","lane_result_q_reg[0][10]/D","P2 lane result capture","FDCE=2;LUT3=2;LUT4=1;LUT6=3"
134,0.300,5.000,4.697,1.190,3.507,0.747,6,"st_q_reg[2]_rep__0/C","lane_result_q_reg[0][11]/D","P2 lane result capture","FDCE=2;LUT3=2;LUT4=1;LUT6=3"
135,0.300,5.000,4.697,1.190,3.507,0.747,6,"st_q_reg[2]_rep__0/C","lane_result_q_reg[0][15]/D","P2 lane result capture","FDCE=2;LUT3=2;LUT4=1;LUT6=3"
136,0.300,5.000,4.697,1.190,3.507,0.747,6,"st_q_reg[2]_rep__0/C","lane_result_q_reg[0][1]/D","P2 lane result capture","FDCE=2;LUT3=2;LUT4=1;LUT6=3"
137,0.300,5.000,4.697,1.190,3.507,0.747,6,"st_q_reg[2]_rep__0/C","lane_result_q_reg[0][22]/D","P2 lane result capture","FDCE=2;LUT3=2;LUT4=1;LUT6=3"
138,0.300,5.000,4.697,1.190,3.507,0.747,6,"st_q_reg[2]_rep__0/C","lane_result_q_reg[0][23]/D","P2 lane result capture","FDCE=2;LUT3=2;LUT4=1;LUT6=3"
139,0.300,5.000,4.697,1.190,3.507,0.747,6,"st_q_reg[2]_rep__0/C","lane_result_q_reg[0][2]/D","P2 lane result capture","FDCE=2;LUT3=2;LUT4=1;LUT6=3"
140,0.300,5.000,4.697,1.190,3.507,0.747,6,"st_q_reg[2]_rep__0/C","lane_result_q_reg[0][3]/D","P2 lane result capture","FDCE=2;LUT3=2;LUT4=1;LUT6=3"
141,0.300,5.000,4.697,1.190,3.507,0.747,6,"st_q_reg[2]_rep__0/C","lane_result_q_reg[0][40]/D","P2 lane result capture","FDCE=2;LUT3=2;LUT4=1;LUT6=3"
142,0.300,5.000,4.697,1.190,3.507,0.747,6,"st_q_reg[2]_rep__0/C","lane_result_q_reg[0][41]/D","P2 lane result capture","FDCE=2;LUT3=2;LUT4=1;LUT6=3"
143,0.300,5.000,4.697,1.190,3.507,0.747,6,"st_q_reg[2]_rep__0/C","lane_result_q_reg[0][42]/D","P2 lane result capture","FDCE=2;LUT3=2;LUT4=1;LUT6=3"
144,0.300,5.000,4.697,1.190,3.507,0.747,6,"st_q_reg[2]_rep__0/C","lane_result_q_reg[0][43]/D","P2 lane result capture","FDCE=2;LUT3=2;LUT4=1;LUT6=3"
145,0.300,5.000,4.697,1.190,3.507,0.747,6,"st_q_reg[2]_rep__0/C","lane_result_q_reg[0][44]/D","P2 lane result capture","FDCE=2;LUT3=2;LUT4=1;LUT6=3"
146,0.300,5.000,4.697,1.190,3.507,0.747,6,"st_q_reg[2]_rep__0/C","lane_result_q_reg[0][45]/D","P2 lane result capture","FDCE=2;LUT3=2;LUT4=1;LUT6=3"
147,0.300,5.000,4.697,1.190,3.507,0.747,6,"st_q_reg[2]_rep__0/C","lane_result_q_reg[0][46]/D","P2 lane result capture","FDCE=2;LUT3=2;LUT4=1;LUT6=3"
148,0.300,5.000,4.697,1.190,3.507,0.747,6,"st_q_reg[2]_rep__0/C","lane_result_q_reg[0][4]/D","P2 lane result capture","FDCE=2;LUT3=2;LUT4=1;LUT6=3"
149,0.300,5.000,4.697,1.190,3.507,0.747,6,"st_q_reg[2]_rep__0/C","lane_result_q_reg[0][52]/D","P2 lane result capture","FDCE=2;LUT3=2;LUT4=1;LUT6=3"
150,0.300,5.000,4.697,1.190,3.507,0.747,6,"st_q_reg[2]_rep__0/C","lane_result_q_reg[0][53]/D","P2 lane result capture","FDCE=2;LUT3=2;LUT4=1;LUT6=3"
151,0.300,5.000,4.697,1.190,3.507,0.747,6,"st_q_reg[2]_rep__0/C","lane_result_q_reg[0][5]/D","P2 lane result capture","FDCE=2;LUT3=2;LUT4=1;LUT6=3"
152,0.300,5.000,4.697,1.190,3.507,0.747,6,"st_q_reg[2]_rep__0/C","lane_result_q_reg[0][6]/D","P2 lane result capture","FDCE=2;LUT3=2;LUT4=1;LUT6=3"
153,0.300,5.000,4.697,1.190,3.507,0.747,6,"st_q_reg[2]_rep__0/C","lane_result_q_reg[0][8]/D","P2 lane result capture","FDCE=2;LUT3=2;LUT4=1;LUT6=3"
154,0.300,5.000,4.697,1.190,3.507,0.747,6,"st_q_reg[2]_rep__0/C","lane_result_q_reg[0][9]/D","P2 lane result capture","FDCE=2;LUT3=2;LUT4=1;LUT6=3"
155,0.300,5.000,4.697,1.190,3.507,0.747,6,"st_q_reg[2]_rep__0/C","lane_result_q_reg[1][22]/D","P2 lane result capture","FDCE=2;LUT3=2;LUT4=1;LUT6=3"
156,0.300,5.000,4.697,1.190,3.507,0.747,6,"st_q_reg[2]_rep__0/C","lane_result_q_reg[1][40]/D","P2 lane result capture","FDCE=2;LUT3=2;LUT4=1;LUT6=3"
157,0.300,5.000,4.697,1.190,3.507,0.747,6,"st_q_reg[2]_rep__0/C","lane_result_q_reg[1][41]/D","P2 lane result capture","FDCE=2;LUT3=2;LUT4=1;LUT6=3"
158,0.300,5.000,4.697,1.190,3.507,0.747,6,"st_q_reg[2]_rep__0/C","lane_result_q_reg[1][42]/D","P2 lane result capture","FDCE=2;LUT3=2;LUT4=1;LUT6=3"
159,0.300,5.000,4.697,1.190,3.507,0.747,6,"st_q_reg[2]_rep__0/C","lane_result_q_reg[1][43]/D","P2 lane result capture","FDCE=2;LUT3=2;LUT4=1;LUT6=3"
160,0.300,5.000,4.697,1.190,3.507,0.747,6,"st_q_reg[2]_rep__0/C","lane_result_q_reg[1][44]/D","P2 lane result capture","FDCE=2;LUT3=2;LUT4=1;LUT6=3"
161,0.300,5.000,4.697,1.190,3.507,0.747,6,"st_q_reg[2]_rep__0/C","lane_result_q_reg[1][45]/D","P2 lane result capture","FDCE=2;LUT3=2;LUT4=1;LUT6=3"
162,0.300,5.000,4.697,1.190,3.507,0.747,6,"st_q_reg[2]_rep__0/C","lane_result_q_reg[1][46]/D","P2 lane result capture","FDCE=2;LUT3=2;LUT4=1;LUT6=3"
163,0.300,5.000,4.697,1.190,3.507,0.747,6,"st_q_reg[2]_rep__0/C","lane_result_q_reg[1][52]/D","P2 lane result capture","FDCE=2;LUT3=2;LUT4=1;LUT6=3"
164,0.300,5.000,4.697,1.190,3.507,0.747,6,"st_q_reg[2]_rep__0/C","lane_result_q_reg[1][53]/D","P2 lane result capture","FDCE=2;LUT3=2;LUT4=1;LUT6=3"
165,0.300,5.000,4.697,1.190,3.507,0.747,6,"st_q_reg[2]_rep__0/C","lane_result_q_reg[2][22]/D","P2 lane result capture","FDCE=2;LUT3=2;LUT4=1;LUT6=3"
166,0.300,5.000,4.697,1.190,3.507,0.747,6,"st_q_reg[2]_rep__0/C","lane_result_q_reg[2][23]/D","P2 lane result capture","FDCE=2;LUT3=2;LUT4=1;LUT6=3"
167,0.300,5.000,4.697,1.190,3.507,0.747,6,"st_q_reg[2]_rep__0/C","lane_result_q_reg[2][40]/D","P2 lane result capture","FDCE=2;LUT3=2;LUT4=1;LUT6=3"
168,0.300,5.000,4.697,1.190,3.507,0.747,6,"st_q_reg[2]_rep__0/C","lane_result_q_reg[2][41]/D","P2 lane result capture","FDCE=2;LUT3=2;LUT4=1;LUT6=3"
169,0.300,5.000,4.697,1.190,3.507,0.747,6,"st_q_reg[2]_rep__0/C","lane_result_q_reg[2][42]/D","P2 lane result capture","FDCE=2;LUT3=2;LUT4=1;LUT6=3"
170,0.300,5.000,4.697,1.190,3.507,0.747,6,"st_q_reg[2]_rep__0/C","lane_result_q_reg[2][43]/D","P2 lane result capture","FDCE=2;LUT3=2;LUT4=1;LUT6=3"
171,0.300,5.000,4.697,1.190,3.507,0.747,6,"st_q_reg[2]_rep__0/C","lane_result_q_reg[2][44]/D","P2 lane result capture","FDCE=2;LUT3=2;LUT4=1;LUT6=3"
172,0.300,5.000,4.697,1.190,3.507,0.747,6,"st_q_reg[2]_rep__0/C","lane_result_q_reg[2][45]/D","P2 lane result capture","FDCE=2;LUT3=2;LUT4=1;LUT6=3"
173,0.300,5.000,4.697,1.190,3.507,0.747,6,"st_q_reg[2]_rep__0/C","lane_result_q_reg[2][46]/D","P2 lane result capture","FDCE=2;LUT3=2;LUT4=1;LUT6=3"
174,0.300,5.000,4.697,1.190,3.507,0.747,6,"st_q_reg[2]_rep__0/C","lane_result_q_reg[2][52]/D","P2 lane result capture","FDCE=2;LUT3=2;LUT4=1;LUT6=3"
175,0.300,5.000,4.697,1.190,3.507,0.747,6,"st_q_reg[2]_rep__0/C","lane_result_q_reg[2][53]/D","P2 lane result capture","FDCE=2;LUT3=2;LUT4=1;LUT6=3"
176,0.300,5.000,4.697,1.190,3.507,0.747,6,"st_q_reg[2]_rep__0/C","lane_result_q_reg[3][22]/D","P2 lane result capture","FDCE=2;LUT3=2;LUT4=1;LUT6=3"
177,0.300,5.000,4.697,1.190,3.507,0.747,6,"st_q_reg[2]_rep__0/C","lane_result_q_reg[0][39]/D","P2 lane result capture","FDCE=2;LUT3=1;LUT4=1;LUT5=1;LUT6=3"
178,0.300,5.000,4.697,1.190,3.507,0.747,6,"st_q_reg[2]_rep__0/C","lane_result_q_reg[0][47]/D","P2 lane result capture","FDCE=2;LUT3=1;LUT4=1;LUT5=1;LUT6=3"
179,0.300,5.000,4.697,1.190,3.507,0.747,6,"st_q_reg[2]_rep__0/C","lane_result_q_reg[0][62]/D","P2 lane result capture","FDCE=2;LUT3=1;LUT4=1;LUT5=1;LUT6=3"
180,0.300,5.000,4.697,1.190,3.507,0.747,6,"st_q_reg[2]_rep__0/C","lane_result_q_reg[1][39]/D","P2 lane result capture","FDCE=2;LUT3=1;LUT4=1;LUT5=1;LUT6=3"
181,0.300,5.000,4.697,1.190,3.507,0.747,6,"st_q_reg[2]_rep__0/C","lane_result_q_reg[1][47]/D","P2 lane result capture","FDCE=2;LUT3=1;LUT4=1;LUT5=1;LUT6=3"
182,0.300,5.000,4.697,1.190,3.507,0.747,6,"st_q_reg[2]_rep__0/C","lane_result_q_reg[1][62]/D","P2 lane result capture","FDCE=2;LUT3=1;LUT4=1;LUT5=1;LUT6=3"
183,0.300,5.000,4.697,1.190,3.507,0.747,6,"st_q_reg[2]_rep__0/C","lane_result_q_reg[2][39]/D","P2 lane result capture","FDCE=2;LUT3=1;LUT4=1;LUT5=1;LUT6=3"
184,0.300,5.000,4.697,1.190,3.507,0.747,6,"st_q_reg[2]_rep__0/C","lane_result_q_reg[2][47]/D","P2 lane result capture","FDCE=2;LUT3=1;LUT4=1;LUT5=1;LUT6=3"
185,0.300,5.000,4.697,1.190,3.507,0.747,6,"st_q_reg[2]_rep__0/C","lane_result_q_reg[2][62]/D","P2 lane result capture","FDCE=2;LUT3=1;LUT4=1;LUT5=1;LUT6=3"
186,0.303,5.000,4.694,1.210,3.484,0.742,6,"st_q_reg[2]_rep__0/C","lane_result_q_reg[0][32]/D","P2 lane result capture","FDCE=2;LUT3=2;LUT4=1;LUT6=3"
187,0.303,5.000,4.694,1.210,3.484,0.742,6,"st_q_reg[2]_rep__0/C","lane_result_q_reg[0][33]/D","P2 lane result capture","FDCE=2;LUT3=2;LUT4=1;LUT6=3"
188,0.303,5.000,4.694,1.210,3.484,0.742,6,"st_q_reg[2]_rep__0/C","lane_result_q_reg[0][34]/D","P2 lane result capture","FDCE=2;LUT3=2;LUT4=1;LUT6=3"
189,0.303,5.000,4.694,1.210,3.484,0.742,6,"st_q_reg[2]_rep__0/C","lane_result_q_reg[2][34]/D","P2 lane result capture","FDCE=2;LUT3=2;LUT4=1;LUT6=3"
190,0.304,5.000,4.693,1.190,3.503,0.746,6,"st_q_reg[2]_rep__0/C","lane_result_q_reg[0][54]/D","P2 lane result capture","FDCE=2;LUT3=1;LUT4=1;LUT5=1;LUT6=3"
191,0.304,5.000,4.693,1.190,3.503,0.746,6,"st_q_reg[2]_rep__0/C","lane_result_q_reg[0][56]/D","P2 lane result capture","FDCE=2;LUT3=1;LUT4=1;LUT5=1;LUT6=3"
192,0.304,5.000,4.693,1.190,3.503,0.746,6,"st_q_reg[2]_rep__0/C","lane_result_q_reg[0][57]/D","P2 lane result capture","FDCE=2;LUT3=1;LUT4=1;LUT5=1;LUT6=3"
193,0.304,5.000,4.693,1.190,3.503,0.746,6,"st_q_reg[2]_rep__0/C","lane_result_q_reg[0][58]/D","P2 lane result capture","FDCE=2;LUT3=1;LUT4=1;LUT5=1;LUT6=3"
194,0.304,5.000,4.693,1.190,3.503,0.746,6,"st_q_reg[2]_rep__0/C","lane_result_q_reg[0][59]/D","P2 lane result capture","FDCE=2;LUT3=1;LUT4=1;LUT5=1;LUT6=3"
195,0.304,5.000,4.693,1.190,3.503,0.746,6,"st_q_reg[2]_rep__0/C","lane_result_q_reg[0][60]/D","P2 lane result capture","FDCE=2;LUT3=1;LUT4=1;LUT5=1;LUT6=3"
196,0.304,5.000,4.693,1.190,3.503,0.746,6,"st_q_reg[2]_rep__0/C","lane_result_q_reg[0][61]/D","P2 lane result capture","FDCE=2;LUT3=1;LUT4=1;LUT5=1;LUT6=3"
197,0.304,5.000,4.693,1.190,3.503,0.746,6,"st_q_reg[2]_rep__0/C","lane_result_q_reg[1][54]/D","P2 lane result capture","FDCE=2;LUT3=1;LUT4=1;LUT5=1;LUT6=3"
198,0.304,5.000,4.693,1.190,3.503,0.746,6,"st_q_reg[2]_rep__0/C","lane_result_q_reg[1][56]/D","P2 lane result capture","FDCE=2;LUT3=1;LUT4=1;LUT5=1;LUT6=3"
199,0.304,5.000,4.693,1.190,3.503,0.746,6,"st_q_reg[2]_rep__0/C","lane_result_q_reg[1][57]/D","P2 lane result capture","FDCE=2;LUT3=1;LUT4=1;LUT5=1;LUT6=3"
200,0.304,5.000,4.693,1.190,3.503,0.746,6,"st_q_reg[2]_rep__0/C","lane_result_q_reg[1][58]/D","P2 lane result capture","FDCE=2;LUT3=1;LUT4=1;LUT5=1;LUT6=3"
201,0.304,5.000,4.693,1.190,3.503,0.746,6,"st_q_reg[2]_rep__0/C","lane_result_q_reg[1][59]/D","P2 lane result capture","FDCE=2;LUT3=1;LUT4=1;LUT5=1;LUT6=3"
202,0.304,5.000,4.693,1.190,3.503,0.746,6,"st_q_reg[2]_rep__0/C","lane_result_q_reg[1][60]/D","P2 lane result capture","FDCE=2;LUT3=1;LUT4=1;LUT5=1;LUT6=3"
203,0.304,5.000,4.693,1.190,3.503,0.746,6,"st_q_reg[2]_rep__0/C","lane_result_q_reg[1][61]/D","P2 lane result capture","FDCE=2;LUT3=1;LUT4=1;LUT5=1;LUT6=3"
204,0.304,5.000,4.693,1.190,3.503,0.746,6,"st_q_reg[2]_rep__0/C","lane_result_q_reg[2][54]/D","P2 lane result capture","FDCE=2;LUT3=1;LUT4=1;LUT5=1;LUT6=3"
205,0.304,5.000,4.693,1.190,3.503,0.746,6,"st_q_reg[2]_rep__0/C","lane_result_q_reg[2][56]/D","P2 lane result capture","FDCE=2;LUT3=1;LUT4=1;LUT5=1;LUT6=3"
206,0.304,5.000,4.693,1.190,3.503,0.746,6,"st_q_reg[2]_rep__0/C","lane_result_q_reg[2][57]/D","P2 lane result capture","FDCE=2;LUT3=1;LUT4=1;LUT5=1;LUT6=3"
207,0.304,5.000,4.693,1.190,3.503,0.746,6,"st_q_reg[2]_rep__0/C","lane_result_q_reg[2][58]/D","P2 lane result capture","FDCE=2;LUT3=1;LUT4=1;LUT5=1;LUT6=3"
208,0.304,5.000,4.693,1.190,3.503,0.746,6,"st_q_reg[2]_rep__0/C","lane_result_q_reg[2][59]/D","P2 lane result capture","FDCE=2;LUT3=1;LUT4=1;LUT5=1;LUT6=3"
209,0.304,5.000,4.693,1.190,3.503,0.746,6,"st_q_reg[2]_rep__0/C","lane_result_q_reg[2][60]/D","P2 lane result capture","FDCE=2;LUT3=1;LUT4=1;LUT5=1;LUT6=3"
210,0.304,5.000,4.693,1.190,3.503,0.746,6,"st_q_reg[2]_rep__0/C","lane_result_q_reg[2][61]/D","P2 lane result capture","FDCE=2;LUT3=1;LUT4=1;LUT5=1;LUT6=3"
211,0.307,5.000,4.690,1.190,3.500,0.746,6,"st_q_reg[2]_rep__0/C","lane_result_q_reg[0][35]/D","P2 lane result capture","FDCE=2;LUT3=2;LUT4=1;LUT6=3"
212,0.307,5.000,4.690,1.190,3.500,0.746,6,"st_q_reg[2]_rep__0/C","lane_result_q_reg[1][32]/D","P2 lane result capture","FDCE=2;LUT3=2;LUT4=1;LUT6=3"
213,0.307,5.000,4.690,1.190,3.500,0.746,6,"st_q_reg[2]_rep__0/C","lane_result_q_reg[1][33]/D","P2 lane result capture","FDCE=2;LUT3=2;LUT4=1;LUT6=3"
214,0.307,5.000,4.690,1.190,3.500,0.746,6,"st_q_reg[2]_rep__0/C","lane_result_q_reg[1][34]/D","P2 lane result capture","FDCE=2;LUT3=2;LUT4=1;LUT6=3"
215,0.307,5.000,4.690,1.190,3.500,0.746,6,"st_q_reg[2]_rep__0/C","lane_result_q_reg[1][35]/D","P2 lane result capture","FDCE=2;LUT3=2;LUT4=1;LUT6=3"
216,0.307,5.000,4.690,1.190,3.500,0.746,6,"st_q_reg[2]_rep__0/C","lane_result_q_reg[2][32]/D","P2 lane result capture","FDCE=2;LUT3=2;LUT4=1;LUT6=3"
217,0.307,5.000,4.690,1.190,3.500,0.746,6,"st_q_reg[2]_rep__0/C","lane_result_q_reg[2][33]/D","P2 lane result capture","FDCE=2;LUT3=2;LUT4=1;LUT6=3"
218,0.307,5.000,4.690,1.190,3.500,0.746,6,"st_q_reg[2]_rep__0/C","lane_result_q_reg[2][35]/D","P2 lane result capture","FDCE=2;LUT3=2;LUT4=1;LUT6=3"
219,0.310,5.000,4.687,1.210,3.477,0.742,6,"st_q_reg[2]_rep__0/C","lane_result_q_reg[3][45]/D","P2 lane result capture","FDCE=2;LUT3=2;LUT4=1;LUT6=3"
220,0.310,5.000,4.687,1.210,3.477,0.742,6,"st_q_reg[2]_rep__0/C","lane_result_q_reg[3][46]/D","P2 lane result capture","FDCE=2;LUT3=2;LUT4=1;LUT6=3"
221,0.311,5.000,4.686,1.190,3.496,0.746,6,"st_q_reg[2]_rep__0/C","lane_result_q_reg[3][32]/D","P2 lane result capture","FDCE=2;LUT3=2;LUT4=1;LUT6=3"
222,0.311,5.000,4.686,1.190,3.496,0.746,6,"st_q_reg[2]_rep__0/C","lane_result_q_reg[3][33]/D","P2 lane result capture","FDCE=2;LUT3=2;LUT4=1;LUT6=3"
223,0.311,5.000,4.686,1.190,3.496,0.746,6,"st_q_reg[2]_rep__0/C","lane_result_q_reg[3][34]/D","P2 lane result capture","FDCE=2;LUT3=2;LUT4=1;LUT6=3"
224,0.311,5.000,4.686,1.190,3.496,0.746,6,"st_q_reg[2]_rep__0/C","lane_result_q_reg[3][35]/D","P2 lane result capture","FDCE=2;LUT3=2;LUT4=1;LUT6=3"
225,0.311,5.000,4.686,1.190,3.496,0.746,6,"st_q_reg[2]_rep__0/C","lane_result_q_reg[3][36]/D","P2 lane result capture","FDCE=2;LUT3=2;LUT4=1;LUT6=3"
226,0.311,5.000,4.686,1.190,3.496,0.746,6,"st_q_reg[2]_rep__0/C","lane_result_q_reg[3][37]/D","P2 lane result capture","FDCE=2;LUT3=2;LUT4=1;LUT6=3"
227,0.311,5.000,4.686,1.190,3.496,0.746,6,"st_q_reg[2]_rep__0/C","lane_result_q_reg[3][38]/D","P2 lane result capture","FDCE=2;LUT3=2;LUT4=1;LUT6=3"
228,0.311,5.000,4.686,1.190,3.496,0.746,6,"st_q_reg[2]_rep__0/C","lane_result_q_reg[3][39]/D","P2 lane result capture","FDCE=2;LUT3=1;LUT4=1;LUT5=1;LUT6=3"
229,0.311,5.000,4.686,1.190,3.496,0.746,6,"st_q_reg[2]_rep__0/C","lane_result_q_reg[3][40]/D","P2 lane result capture","FDCE=2;LUT3=2;LUT4=1;LUT6=3"
230,0.311,5.000,4.686,1.190,3.496,0.746,6,"st_q_reg[2]_rep__0/C","lane_result_q_reg[3][41]/D","P2 lane result capture","FDCE=2;LUT3=2;LUT4=1;LUT6=3"
231,0.311,5.000,4.686,1.190,3.496,0.746,6,"st_q_reg[2]_rep__0/C","lane_result_q_reg[3][42]/D","P2 lane result capture","FDCE=2;LUT3=2;LUT4=1;LUT6=3"
232,0.311,5.000,4.686,1.190,3.496,0.746,6,"st_q_reg[2]_rep__0/C","lane_result_q_reg[3][43]/D","P2 lane result capture","FDCE=2;LUT3=1;LUT4=1;LUT5=1;LUT6=3"
233,0.311,5.000,4.686,1.190,3.496,0.746,6,"st_q_reg[2]_rep__0/C","lane_result_q_reg[3][44]/D","P2 lane result capture","FDCE=2;LUT3=2;LUT4=1;LUT6=3"
234,0.311,5.000,4.686,1.190,3.496,0.746,6,"st_q_reg[2]_rep__0/C","lane_result_q_reg[3][47]/D","P2 lane result capture","FDCE=2;LUT3=1;LUT4=1;LUT5=1;LUT6=3"
235,0.311,5.000,4.686,1.190,3.496,0.746,6,"st_q_reg[2]_rep__0/C","lane_result_q_reg[3][48]/D","P2 lane result capture","FDCE=2;LUT3=1;LUT4=1;LUT5=1;LUT6=3"
236,0.311,5.000,4.686,1.190,3.496,0.746,6,"st_q_reg[2]_rep__0/C","lane_result_q_reg[3][49]/D","P2 lane result capture","FDCE=2;LUT3=1;LUT4=1;LUT5=1;LUT6=3"
237,0.311,5.000,4.686,1.190,3.496,0.746,6,"st_q_reg[2]_rep__0/C","lane_result_q_reg[3][50]/D","P2 lane result capture","FDCE=2;LUT3=1;LUT4=1;LUT5=1;LUT6=3"
238,0.311,5.000,4.686,1.190,3.496,0.746,6,"st_q_reg[2]_rep__0/C","lane_result_q_reg[3][51]/D","P2 lane result capture","FDCE=2;LUT3=1;LUT4=1;LUT5=1;LUT6=3"
239,0.311,5.000,4.686,1.190,3.496,0.746,6,"st_q_reg[2]_rep__0/C","lane_result_q_reg[3][52]/D","P2 lane result capture","FDCE=2;LUT3=1;LUT4=1;LUT5=1;LUT6=3"
240,0.311,5.000,4.686,1.190,3.496,0.746,6,"st_q_reg[2]_rep__0/C","lane_result_q_reg[3][53]/D","P2 lane result capture","FDCE=2;LUT3=1;LUT4=1;LUT5=1;LUT6=3"
241,0.311,5.000,4.686,1.190,3.496,0.746,6,"st_q_reg[2]_rep__0/C","lane_result_q_reg[3][54]/D","P2 lane result capture","FDCE=2;LUT3=1;LUT4=1;LUT5=1;LUT6=3"
242,0.311,5.000,4.686,1.190,3.496,0.746,6,"st_q_reg[2]_rep__0/C","lane_result_q_reg[3][56]/D","P2 lane result capture","FDCE=2;LUT3=1;LUT4=1;LUT5=1;LUT6=3"
243,0.311,5.000,4.686,1.190,3.496,0.746,6,"st_q_reg[2]_rep__0/C","lane_result_q_reg[3][57]/D","P2 lane result capture","FDCE=2;LUT3=1;LUT4=1;LUT5=1;LUT6=3"
244,0.311,5.000,4.686,1.190,3.496,0.746,6,"st_q_reg[2]_rep__0/C","lane_result_q_reg[3][58]/D","P2 lane result capture","FDCE=2;LUT3=1;LUT4=1;LUT5=1;LUT6=3"
245,0.311,5.000,4.686,1.190,3.496,0.746,6,"st_q_reg[2]_rep__0/C","lane_result_q_reg[3][60]/D","P2 lane result capture","FDCE=2;LUT3=1;LUT4=1;LUT5=1;LUT6=3"
246,0.311,5.000,4.686,1.190,3.496,0.746,6,"st_q_reg[2]_rep__0/C","lane_result_q_reg[3][61]/D","P2 lane result capture","FDCE=2;LUT3=1;LUT4=1;LUT5=1;LUT6=3"
247,0.311,5.000,4.686,1.190,3.496,0.746,6,"st_q_reg[2]_rep__0/C","lane_result_q_reg[3][62]/D","P2 lane result capture","FDCE=2;LUT3=1;LUT4=1;LUT5=1;LUT6=3"
248,0.326,5.000,4.700,2.246,2.454,0.522,7,"gen_lane[0].i_p2_pop_slice/popcount_part_q_o_reg[0][0]/C","group_dist_q_reg[8]/D","P2 popcount capture","CARRY4=4;FDCE=2;LUT3=2;LUT5=1"
249,0.388,5.000,4.609,1.210,3.399,0.737,6,"st_q_reg[2]_rep__0/C","lane_result_q_reg[2][55]/D","P2 lane result capture","FDCE=2;LUT3=2;LUT4=1;LUT6=3"
250,0.408,5.000,4.589,1.190,3.399,0.741,6,"st_q_reg[2]_rep__0/C","lane_result_q_reg[0][55]/D","P2 lane result capture","FDCE=2;LUT3=2;LUT4=1;LUT6=3"
251,0.408,5.000,4.589,1.190,3.399,0.741,6,"st_q_reg[2]_rep__0/C","lane_result_q_reg[1][55]/D","P2 lane result capture","FDCE=2;LUT3=2;LUT4=1;LUT6=3"
252,0.418,5.000,4.579,1.210,3.369,0.736,6,"st_q_reg[2]_rep__0/C","lane_result_q_reg[3][55]/D","P2 lane result capture","FDCE=2;LUT3=2;LUT4=1;LUT6=3"
253,0.426,5.000,4.600,2.146,2.454,0.533,6,"gen_lane[0].i_p2_pop_slice/popcount_part_q_o_reg[0][0]/C","group_dist_q_reg[7]/D","P2 popcount capture","CARRY4=3;FDCE=2;LUT3=2;LUT5=1"
254,0.444,5.000,4.553,1.210,3.343,0.734,6,"st_q_reg[2]_rep__0/C","lane_result_q_reg[3][63]/D","P2 lane result capture","FDCE=2;LUT3=1;LUT4=2;LUT6=3"
255,0.445,5.000,4.552,1.190,3.362,0.739,6,"st_q_reg[2]_rep__0/C","lane_result_q_reg[3][59]/D","P2 lane result capture","FDCE=2;LUT3=2;LUT4=1;LUT6=3"
256,0.455,5.000,4.542,1.210,3.332,0.734,6,"st_q_reg[2]_rep__0/C","lane_result_q_reg[0][63]/D","P2 lane result capture","FDCE=2;LUT3=1;LUT4=2;LUT6=3"
257,0.455,5.000,4.542,1.210,3.332,0.734,6,"st_q_reg[2]_rep__0/C","lane_result_q_reg[1][63]/D","P2 lane result capture","FDCE=2;LUT3=1;LUT4=2;LUT6=3"
258,0.455,5.000,4.542,1.210,3.332,0.734,6,"st_q_reg[2]_rep__0/C","lane_result_q_reg[2][63]/D","P2 lane result capture","FDCE=2;LUT3=1;LUT4=2;LUT6=3"
259,0.479,5.000,4.547,2.093,2.454,0.540,6,"gen_lane[0].i_p2_pop_slice/popcount_part_q_o_reg[0][0]/C","group_dist_q_reg[6]/D","P2 popcount capture","CARRY4=3;FDCE=2;LUT3=2;LUT5=1"
260,0.509,5.000,4.488,1.938,2.550,0.568,7,"a_q_reg[8]/C","st_q_reg[3]/D","TOP control","CARRY4=2;FDCE=2;LUT4=1;LUT6=4"
261,0.509,5.000,4.488,1.938,2.550,0.568,7,"a_q_reg[8]/C","st_q_reg[3]_rep/D","TOP control","CARRY4=2;FDCE=2;LUT4=1;LUT6=4"
262,0.509,5.000,4.488,1.938,2.550,0.568,7,"a_q_reg[8]/C","st_q_reg[3]_rep__0/D","TOP control","CARRY4=2;FDCE=2;LUT4=1;LUT6=4"
263,0.509,5.000,4.488,1.938,2.550,0.568,7,"a_q_reg[8]/C","st_q_reg[3]_rep__1/D","TOP control","CARRY4=2;FDCE=2;LUT4=1;LUT6=4"
264,0.509,5.000,4.488,1.938,2.550,0.568,7,"a_q_reg[8]/C","st_q_reg[3]_rep__2/D","TOP control","CARRY4=2;FDCE=2;LUT4=1;LUT6=4"
265,0.513,5.000,4.484,1.938,2.546,0.568,7,"a_q_reg[8]/C","st_q_reg[2]/D","TOP control","CARRY4=2;FDCE=2;LUT4=1;LUT6=4"
266,0.513,5.000,4.484,1.938,2.546,0.568,7,"a_q_reg[8]/C","st_q_reg[2]_rep/D","TOP control","CARRY4=2;FDCE=2;LUT4=1;LUT6=4"
267,0.513,5.000,4.484,1.938,2.546,0.568,7,"a_q_reg[8]/C","st_q_reg[2]_rep__0/D","TOP control","CARRY4=2;FDCE=2;LUT4=1;LUT6=4"
268,0.513,5.000,4.484,1.938,2.546,0.568,7,"a_q_reg[8]/C","st_q_reg[2]_rep__1/D","TOP control","CARRY4=2;FDCE=2;LUT4=1;LUT6=4"
269,0.537,5.000,4.460,1.938,2.522,0.565,7,"a_q_reg[8]/C","res_q_reg[1]/D","scalar response","CARRY4=2;FDCE=2;LUT4=1;LUT6=4"
270,0.583,5.000,4.414,1.118,3.296,0.747,5,"gen_lane[0].i_p2_pop_slice/bool_result_q_reg[7]/C","gen_lane[0].i_p2_pop_slice/popcount_part_q_o_reg[0][3]/D","P2 popcount capture","FDCE=2;LUT3=1;LUT5=2;LUT6=2"
271,0.583,5.000,4.414,1.118,3.296,0.747,5,"gen_lane[0].i_p2_pop_slice/bool_result_q_reg[39]/C","gen_lane[0].i_p2_pop_slice/popcount_part_q_o_reg[1][3]/D","P2 popcount capture","FDCE=2;LUT3=1;LUT5=2;LUT6=2"
272,0.583,5.000,4.414,1.118,3.296,0.747,5,"gen_lane[1].i_p2_pop_slice/bool_result_q_reg[7]/C","gen_lane[1].i_p2_pop_slice/popcount_part_q_o_reg[0][3]/D","P2 popcount capture","FDCE=2;LUT3=1;LUT5=2;LUT6=2"
273,0.583,5.000,4.414,1.118,3.296,0.747,5,"gen_lane[1].i_p2_pop_slice/bool_result_q_reg[39]/C","gen_lane[1].i_p2_pop_slice/popcount_part_q_o_reg[1][3]/D","P2 popcount capture","FDCE=2;LUT3=1;LUT5=2;LUT6=2"
274,0.583,5.000,4.414,1.118,3.296,0.747,5,"gen_lane[2].i_p2_pop_slice/bool_result_q_reg[7]/C","gen_lane[2].i_p2_pop_slice/popcount_part_q_o_reg[0][3]/D","P2 popcount capture","FDCE=2;LUT3=1;LUT5=2;LUT6=2"
275,0.583,5.000,4.414,1.118,3.296,0.747,5,"gen_lane[2].i_p2_pop_slice/bool_result_q_reg[39]/C","gen_lane[2].i_p2_pop_slice/popcount_part_q_o_reg[1][3]/D","P2 popcount capture","FDCE=2;LUT3=1;LUT5=2;LUT6=2"
276,0.583,5.000,4.414,1.118,3.296,0.747,5,"gen_lane[3].i_p2_pop_slice/bool_result_q_reg[7]/C","gen_lane[3].i_p2_pop_slice/popcount_part_q_o_reg[0][3]/D","P2 popcount capture","FDCE=2;LUT3=1;LUT5=2;LUT6=2"
277,0.583,5.000,4.414,1.118,3.296,0.747,5,"gen_lane[3].i_p2_pop_slice/bool_result_q_reg[39]/C","gen_lane[3].i_p2_pop_slice/popcount_part_q_o_reg[1][3]/D","P2 popcount capture","FDCE=2;LUT3=1;LUT5=2;LUT6=2"
278,0.596,5.000,4.401,1.105,3.296,0.749,5,"gen_lane[0].i_p2_pop_slice/bool_result_q_reg[7]/C","gen_lane[0].i_p2_pop_slice/popcount_part_q_o_reg[0][5]/D","P2 popcount capture","FDCE=2;LUT3=1;LUT5=1;LUT6=3"
279,0.596,5.000,4.401,1.105,3.296,0.749,5,"gen_lane[0].i_p2_pop_slice/bool_result_q_reg[39]/C","gen_lane[0].i_p2_pop_slice/popcount_part_q_o_reg[1][5]/D","P2 popcount capture","FDCE=2;LUT3=1;LUT5=1;LUT6=3"
280,0.596,5.000,4.401,1.105,3.296,0.749,5,"gen_lane[1].i_p2_pop_slice/bool_result_q_reg[7]/C","gen_lane[1].i_p2_pop_slice/popcount_part_q_o_reg[0][5]/D","P2 popcount capture","FDCE=2;LUT3=1;LUT5=1;LUT6=3"
281,0.596,5.000,4.401,1.105,3.296,0.749,5,"gen_lane[1].i_p2_pop_slice/bool_result_q_reg[39]/C","gen_lane[1].i_p2_pop_slice/popcount_part_q_o_reg[1][5]/D","P2 popcount capture","FDCE=2;LUT3=1;LUT5=1;LUT6=3"
282,0.596,5.000,4.401,1.105,3.296,0.749,5,"gen_lane[2].i_p2_pop_slice/bool_result_q_reg[7]/C","gen_lane[2].i_p2_pop_slice/popcount_part_q_o_reg[0][5]/D","P2 popcount capture","FDCE=2;LUT3=1;LUT5=1;LUT6=3"
283,0.596,5.000,4.401,1.105,3.296,0.749,5,"gen_lane[2].i_p2_pop_slice/bool_result_q_reg[39]/C","gen_lane[2].i_p2_pop_slice/popcount_part_q_o_reg[1][5]/D","P2 popcount capture","FDCE=2;LUT3=1;LUT5=1;LUT6=3"
284,0.596,5.000,4.401,1.105,3.296,0.749,5,"gen_lane[3].i_p2_pop_slice/bool_result_q_reg[7]/C","gen_lane[3].i_p2_pop_slice/popcount_part_q_o_reg[0][5]/D","P2 popcount capture","FDCE=2;LUT3=1;LUT5=1;LUT6=3"
285,0.596,5.000,4.401,1.105,3.296,0.749,5,"gen_lane[3].i_p2_pop_slice/bool_result_q_reg[39]/C","gen_lane[3].i_p2_pop_slice/popcount_part_q_o_reg[1][5]/D","P2 popcount capture","FDCE=2;LUT3=1;LUT5=1;LUT6=3"
286,0.600,5.000,4.426,2.168,2.258,0.510,7,"gen_lane[2].i_p2_pop_slice/popcount_part_q_o_reg[1][0]/C","group_dist_q_reg[5]/D","P2 popcount capture","CARRY4=3;FDCE=2;LUT3=2;LUT5=1;LUT6=1"
287,0.602,5.000,4.395,1.105,3.290,0.749,5,"gen_lane[0].i_p2_pop_slice/bool_result_q_reg[7]/C","gen_lane[0].i_p2_pop_slice/popcount_part_q_o_reg[0][4]/D","P2 popcount capture","FDCE=2;LUT3=1;LUT5=1;LUT6=3"
288,0.602,5.000,4.395,1.105,3.290,0.749,5,"gen_lane[0].i_p2_pop_slice/bool_result_q_reg[39]/C","gen_lane[0].i_p2_pop_slice/popcount_part_q_o_reg[1][4]/D","P2 popcount capture","FDCE=2;LUT3=1;LUT5=1;LUT6=3"
289,0.602,5.000,4.395,1.105,3.290,0.749,5,"gen_lane[1].i_p2_pop_slice/bool_result_q_reg[7]/C","gen_lane[1].i_p2_pop_slice/popcount_part_q_o_reg[0][4]/D","P2 popcount capture","FDCE=2;LUT3=1;LUT5=1;LUT6=3"
290,0.602,5.000,4.395,1.105,3.290,0.749,5,"gen_lane[1].i_p2_pop_slice/bool_result_q_reg[39]/C","gen_lane[1].i_p2_pop_slice/popcount_part_q_o_reg[1][4]/D","P2 popcount capture","FDCE=2;LUT3=1;LUT5=1;LUT6=3"
291,0.602,5.000,4.395,1.105,3.290,0.749,5,"gen_lane[2].i_p2_pop_slice/bool_result_q_reg[7]/C","gen_lane[2].i_p2_pop_slice/popcount_part_q_o_reg[0][4]/D","P2 popcount capture","FDCE=2;LUT3=1;LUT5=1;LUT6=3"
292,0.602,5.000,4.395,1.105,3.290,0.749,5,"gen_lane[2].i_p2_pop_slice/bool_result_q_reg[39]/C","gen_lane[2].i_p2_pop_slice/popcount_part_q_o_reg[1][4]/D","P2 popcount capture","FDCE=2;LUT3=1;LUT5=1;LUT6=3"
293,0.602,5.000,4.395,1.105,3.290,0.749,5,"gen_lane[3].i_p2_pop_slice/bool_result_q_reg[7]/C","gen_lane[3].i_p2_pop_slice/popcount_part_q_o_reg[0][4]/D","P2 popcount capture","FDCE=2;LUT3=1;LUT5=1;LUT6=3"
294,0.602,5.000,4.395,1.105,3.290,0.749,5,"gen_lane[3].i_p2_pop_slice/bool_result_q_reg[39]/C","gen_lane[3].i_p2_pop_slice/popcount_part_q_o_reg[1][4]/D","P2 popcount capture","FDCE=2;LUT3=1;LUT5=1;LUT6=3"
295,0.680,5.000,4.346,2.088,2.258,0.520,7,"gen_lane[2].i_p2_pop_slice/popcount_part_q_o_reg[1][0]/C","group_dist_q_reg[4]/D","P2 popcount capture","CARRY4=3;FDCE=2;LUT3=2;LUT5=1;LUT6=1"
296,0.902,5.000,4.124,1.864,2.260,0.548,5,"gen_lane[2].i_p2_pop_slice/popcount_part_q_o_reg[1][0]/C","group_dist_q_reg[3]/D","P2 popcount capture","CARRY4=2;FDCE=2;LUT3=2;LUT5=1"
297,1.082,5.000,3.704,1.291,2.413,0.651,6,"a_q_reg[5]/C","st_q_reg[0]/D","TOP control","FDCE=2;LUT4=1;LUT6=4;MUXF7=1"
298,1.082,5.000,3.704,1.291,2.413,0.651,6,"a_q_reg[5]/C","st_q_reg[0]_rep/D","TOP control","FDCE=2;LUT4=1;LUT6=4;MUXF7=1"
299,1.082,5.000,3.704,1.291,2.413,0.651,6,"a_q_reg[5]/C","st_q_reg[0]_rep__0/D","TOP control","FDCE=2;LUT4=1;LUT6=4;MUXF7=1"
300,1.082,5.000,3.704,1.291,2.413,0.651,6,"a_q_reg[5]/C","st_q_reg[0]_rep__1/D","TOP control","FDCE=2;LUT4=1;LUT6=4;MUXF7=1"
301,1.082,5.000,3.704,1.291,2.413,0.651,6,"a_q_reg[5]/C","st_q_reg[0]_rep__2/D","TOP control","FDCE=2;LUT4=1;LUT6=4;MUXF7=1"
302,1.204,5.000,3.793,1.190,2.603,0.686,6,"gen_lane[0].i_p2_pop_slice/bool_result_q_reg[23]/C","gen_lane[0].i_p2_pop_slice/popcount_part_q_o_reg[0][2]/D","P2 popcount capture","FDCE=2;LUT3=1;LUT5=3;LUT6=2"
303,1.204,5.000,3.793,1.190,2.603,0.686,6,"gen_lane[0].i_p2_pop_slice/bool_result_q_reg[55]/C","gen_lane[0].i_p2_pop_slice/popcount_part_q_o_reg[1][2]/D","P2 popcount capture","FDCE=2;LUT3=1;LUT5=3;LUT6=2"
304,1.204,5.000,3.793,1.190,2.603,0.686,6,"gen_lane[1].i_p2_pop_slice/bool_result_q_reg[23]/C","gen_lane[1].i_p2_pop_slice/popcount_part_q_o_reg[0][2]/D","P2 popcount capture","FDCE=2;LUT3=1;LUT5=3;LUT6=2"
305,1.204,5.000,3.793,1.190,2.603,0.686,6,"gen_lane[1].i_p2_pop_slice/bool_result_q_reg[55]/C","gen_lane[1].i_p2_pop_slice/popcount_part_q_o_reg[1][2]/D","P2 popcount capture","FDCE=2;LUT3=1;LUT5=3;LUT6=2"
306,1.204,5.000,3.793,1.190,2.603,0.686,6,"gen_lane[2].i_p2_pop_slice/bool_result_q_reg[23]/C","gen_lane[2].i_p2_pop_slice/popcount_part_q_o_reg[0][2]/D","P2 popcount capture","FDCE=2;LUT3=1;LUT5=3;LUT6=2"
307,1.204,5.000,3.793,1.190,2.603,0.686,6,"gen_lane[2].i_p2_pop_slice/bool_result_q_reg[55]/C","gen_lane[2].i_p2_pop_slice/popcount_part_q_o_reg[1][2]/D","P2 popcount capture","FDCE=2;LUT3=1;LUT5=3;LUT6=2"
308,1.204,5.000,3.793,1.190,2.603,0.686,6,"gen_lane[3].i_p2_pop_slice/bool_result_q_reg[23]/C","gen_lane[3].i_p2_pop_slice/popcount_part_q_o_reg[0][2]/D","P2 popcount capture","FDCE=2;LUT3=1;LUT5=3;LUT6=2"
309,1.204,5.000,3.793,1.190,2.603,0.686,6,"gen_lane[3].i_p2_pop_slice/bool_result_q_reg[55]/C","gen_lane[3].i_p2_pop_slice/popcount_part_q_o_reg[1][2]/D","P2 popcount capture","FDCE=2;LUT3=1;LUT5=3;LUT6=2"
310,1.323,5.000,3.674,1.203,2.471,0.673,6,"hmatch_best_dist_q_reg[1]/C","hmatch_budget_q_reg[10]/D","HMATCH reduction/compare","FDCE=2;LUT5=2;LUT6=4"
311,1.323,5.000,3.674,1.203,2.471,0.673,6,"hmatch_best_dist_q_reg[1]/C","hmatch_budget_q_reg[11]_inv/D","HMATCH reduction/compare","FDCE=1;FDPE=1;LUT5=2;LUT6=4"
312,1.348,5.000,3.370,0.875,2.495,0.740,3,"ecc_leaf_id_q_reg[1]/C","ecc_product_even_reg_0_3_31_31/DP/I","other","FDCE=1;LUT4=1;LUT6=2;RAMD32=1"
313,1.348,5.000,3.370,0.875,2.495,0.740,3,"ecc_leaf_id_q_reg[1]/C","ecc_product_even_reg_0_3_33_33/DP/I","other","FDCE=1;LUT6=3;RAMD32=1"
314,1.348,5.000,3.370,0.875,2.495,0.740,3,"ecc_leaf_id_q_reg[1]/C","ecc_product_even_reg_0_3_35_35/DP/I","other","FDCE=1;LUT6=3;RAMD32=1"
315,1.348,5.000,3.370,0.875,2.495,0.740,3,"ecc_leaf_id_q_reg[1]/C","ecc_product_even_reg_0_3_36_36/DP/I","other","FDCE=1;LUT6=3;RAMD32=1"
316,1.348,5.000,3.370,0.875,2.495,0.740,3,"ecc_leaf_id_q_reg[1]/C","ecc_product_even_reg_0_3_37_37/DP/I","other","FDCE=1;LUT6=3;RAMD32=1"
317,1.348,5.000,3.370,0.875,2.495,0.740,3,"ecc_leaf_id_q_reg[1]/C","ecc_product_even_reg_0_3_39_39/DP/I","other","FDCE=1;LUT6=3;RAMD32=1"
318,1.348,5.000,3.370,0.875,2.495,0.740,3,"ecc_leaf_id_q_reg[1]/C","ecc_product_even_reg_0_3_41_41/DP/I","other","FDCE=1;LUT6=3;RAMD32=1"
319,1.348,5.000,3.370,0.875,2.495,0.740,3,"ecc_leaf_id_q_reg[1]/C","ecc_product_even_reg_0_3_42_42/DP/I","other","FDCE=1;LUT6=3;RAMD32=1"
320,1.348,5.000,3.370,0.875,2.495,0.740,3,"ecc_leaf_id_q_reg[1]/C","ecc_product_even_reg_0_3_43_43/DP/I","other","FDCE=1;LUT6=3;RAMD32=1"
321,1.348,5.000,3.370,0.875,2.495,0.740,3,"ecc_leaf_id_q_reg[1]/C","ecc_product_even_reg_0_3_46_46/DP/I","other","FDCE=1;LUT6=3;RAMD32=1"
322,1.348,5.000,3.370,0.875,2.495,0.740,3,"ecc_leaf_id_q_reg[1]/C","ecc_product_even_reg_0_3_48_48/DP/I","other","FDCE=1;LUT6=3;RAMD32=1"
323,1.348,5.000,3.370,0.875,2.495,0.740,3,"ecc_leaf_id_q_reg[1]/C","ecc_product_even_reg_0_3_49_49/DP/I","other","FDCE=1;LUT6=3;RAMD32=1"
324,1.348,5.000,3.370,0.875,2.495,0.740,3,"ecc_leaf_id_q_reg[1]/C","ecc_product_even_reg_0_3_50_50/DP/I","other","FDCE=1;LUT6=3;RAMD32=1"
325,1.348,5.000,3.370,0.875,2.495,0.740,3,"ecc_leaf_id_q_reg[1]/C","ecc_product_even_reg_0_3_51_51/DP/I","other","FDCE=1;LUT6=3;RAMD32=1"
326,1.348,5.000,3.370,0.875,2.495,0.740,3,"ecc_leaf_id_q_reg[1]/C","ecc_product_even_reg_0_3_52_52/DP/I","other","FDCE=1;LUT6=3;RAMD32=1"
327,1.348,5.000,3.370,0.875,2.495,0.740,3,"ecc_leaf_id_q_reg[1]/C","ecc_product_even_reg_0_3_53_53/DP/I","other","FDCE=1;LUT6=3;RAMD32=1"
328,1.348,5.000,3.370,0.875,2.495,0.740,3,"ecc_leaf_id_q_reg[1]/C","ecc_product_even_reg_0_3_54_54/DP/I","other","FDCE=1;LUT6=3;RAMD32=1"
329,1.348,5.000,3.370,0.875,2.495,0.740,3,"ecc_leaf_id_q_reg[1]/C","ecc_product_even_reg_0_3_55_55/DP/I","other","FDCE=1;LUT6=3;RAMD32=1"
330,1.348,5.000,3.370,0.875,2.495,0.740,3,"ecc_leaf_id_q_reg[1]/C","ecc_product_even_reg_0_3_56_56/DP/I","other","FDCE=1;LUT6=3;RAMD32=1"
331,1.348,5.000,3.370,0.875,2.495,0.740,3,"ecc_leaf_id_q_reg[1]/C","ecc_product_even_reg_0_3_58_58/DP/I","other","FDCE=1;LUT6=3;RAMD32=1"
332,1.348,5.000,3.370,0.875,2.495,0.740,3,"ecc_leaf_id_q_reg[1]/C","ecc_product_even_reg_0_3_59_59/DP/I","other","FDCE=1;LUT6=3;RAMD32=1"
333,1.348,5.000,3.370,0.875,2.495,0.740,3,"ecc_leaf_id_q_reg[1]/C","ecc_product_even_reg_0_3_61_61/DP/I","other","FDCE=1;LUT6=3;RAMD32=1"
334,1.348,5.000,3.370,0.875,2.495,0.740,3,"ecc_leaf_id_q_reg[1]/C","ecc_product_even_reg_0_3_62_62/DP/I","other","FDCE=1;LUT6=3;RAMD32=1"
335,1.356,5.000,3.641,1.190,2.451,0.673,6,"a_q_reg[5]/C","uop_p0_q_reg[src0_addr][3]/D","TOP control","FDCE=2;LUT4=1;LUT6=5"
336,1.356,5.000,3.641,1.190,2.451,0.673,6,"a_q_reg[5]/C","uop_p0_q_reg[src1_addr][3]/D","TOP control","FDCE=2;LUT4=1;LUT6=5"
337,1.356,5.000,3.641,1.190,2.451,0.673,6,"a_q_reg[5]/C","uop_p0_q_reg[valid]/D","TOP control","FDCE=2;LUT4=2;LUT5=1;LUT6=3"
338,1.367,5.000,3.351,0.875,2.476,0.739,3,"ecc_leaf_id_q_reg[1]/C","ecc_product_even_reg_0_3_0_0/DP/I","other","FDCE=1;LUT6=3;RAMD32=1"
339,1.367,5.000,3.351,0.875,2.476,0.739,3,"ecc_leaf_id_q_reg[1]/C","ecc_product_even_reg_0_3_10_10/DP/I","other","FDCE=1;LUT6=3;RAMD32=1"
340,1.367,5.000,3.351,0.875,2.476,0.739,3,"ecc_leaf_id_q_reg[1]/C","ecc_product_even_reg_0_3_11_11/DP/I","other","FDCE=1;LUT6=3;RAMD32=1"
341,1.367,5.000,3.351,0.875,2.476,0.739,3,"ecc_leaf_id_q_reg[1]/C","ecc_product_even_reg_0_3_12_12/DP/I","other","FDCE=1;LUT6=3;RAMD32=1"
342,1.367,5.000,3.351,0.875,2.476,0.739,3,"ecc_leaf_id_q_reg[1]/C","ecc_product_even_reg_0_3_13_13/DP/I","other","FDCE=1;LUT6=3;RAMD32=1"
343,1.367,5.000,3.351,0.875,2.476,0.739,3,"ecc_leaf_id_q_reg[1]/C","ecc_product_even_reg_0_3_14_14/DP/I","other","FDCE=1;LUT6=3;RAMD32=1"
344,1.367,5.000,3.351,0.875,2.476,0.739,3,"ecc_leaf_id_q_reg[1]/C","ecc_product_even_reg_0_3_15_15/DP/I","other","FDCE=1;LUT6=3;RAMD32=1"
345,1.367,5.000,3.351,0.875,2.476,0.739,3,"ecc_leaf_id_q_reg[1]/C","ecc_product_even_reg_0_3_16_16/DP/I","other","FDCE=1;LUT6=3;RAMD32=1"
346,1.367,5.000,3.351,0.875,2.476,0.739,3,"ecc_leaf_id_q_reg[1]/C","ecc_product_even_reg_0_3_17_17/DP/I","other","FDCE=1;LUT6=3;RAMD32=1"
347,1.367,5.000,3.351,0.875,2.476,0.739,3,"ecc_leaf_id_q_reg[1]/C","ecc_product_even_reg_0_3_18_18/DP/I","other","FDCE=1;LUT6=3;RAMD32=1"
348,1.367,5.000,3.351,0.875,2.476,0.739,3,"ecc_leaf_id_q_reg[1]/C","ecc_product_even_reg_0_3_19_19/DP/I","other","FDCE=1;LUT6=3;RAMD32=1"
349,1.367,5.000,3.351,0.875,2.476,0.739,3,"ecc_leaf_id_q_reg[1]/C","ecc_product_even_reg_0_3_1_1/DP/I","other","FDCE=1;LUT6=3;RAMD32=1"
350,1.367,5.000,3.351,0.875,2.476,0.739,3,"ecc_leaf_id_q_reg[1]/C","ecc_product_even_reg_0_3_20_20/DP/I","other","FDCE=1;LUT6=3;RAMD32=1"
351,1.367,5.000,3.351,0.875,2.476,0.739,3,"ecc_leaf_id_q_reg[1]/C","ecc_product_even_reg_0_3_21_21/DP/I","other","FDCE=1;LUT6=3;RAMD32=1"
352,1.367,5.000,3.351,0.875,2.476,0.739,3,"ecc_leaf_id_q_reg[1]/C","ecc_product_even_reg_0_3_22_22/DP/I","other","FDCE=1;LUT6=3;RAMD32=1"
353,1.367,5.000,3.351,0.875,2.476,0.739,3,"ecc_leaf_id_q_reg[1]/C","ecc_product_even_reg_0_3_23_23/DP/I","other","FDCE=1;LUT6=3;RAMD32=1"
354,1.367,5.000,3.351,0.875,2.476,0.739,3,"ecc_leaf_id_q_reg[1]/C","ecc_product_even_reg_0_3_24_24/DP/I","other","FDCE=1;LUT6=3;RAMD32=1"
355,1.367,5.000,3.351,0.875,2.476,0.739,3,"ecc_leaf_id_q_reg[1]/C","ecc_product_even_reg_0_3_25_25/DP/I","other","FDCE=1;LUT6=3;RAMD32=1"
356,1.367,5.000,3.351,0.875,2.476,0.739,3,"ecc_leaf_id_q_reg[1]/C","ecc_product_even_reg_0_3_26_26/DP/I","other","FDCE=1;LUT6=3;RAMD32=1"
357,1.367,5.000,3.351,0.875,2.476,0.739,3,"ecc_leaf_id_q_reg[1]/C","ecc_product_even_reg_0_3_27_27/DP/I","other","FDCE=1;LUT6=3;RAMD32=1"
358,1.367,5.000,3.351,0.875,2.476,0.739,3,"ecc_leaf_id_q_reg[1]/C","ecc_product_even_reg_0_3_28_28/DP/I","other","FDCE=1;LUT6=3;RAMD32=1"
359,1.367,5.000,3.351,0.875,2.476,0.739,3,"ecc_leaf_id_q_reg[1]/C","ecc_product_even_reg_0_3_29_29/DP/I","other","FDCE=1;LUT6=3;RAMD32=1"
360,1.367,5.000,3.351,0.875,2.476,0.739,3,"ecc_leaf_id_q_reg[1]/C","ecc_product_even_reg_0_3_2_2/DP/I","other","FDCE=1;LUT6=3;RAMD32=1"
361,1.367,5.000,3.351,0.875,2.476,0.739,3,"ecc_leaf_id_q_reg[1]/C","ecc_product_even_reg_0_3_30_30/DP/I","other","FDCE=1;LUT6=3;RAMD32=1"
362,1.367,5.000,3.351,0.875,2.476,0.739,3,"ecc_leaf_id_q_reg[1]/C","ecc_product_even_reg_0_3_32_32/DP/I","other","FDCE=1;LUT6=3;RAMD32=1"
363,1.367,5.000,3.351,0.875,2.476,0.739,3,"ecc_leaf_id_q_reg[1]/C","ecc_product_even_reg_0_3_34_34/DP/I","other","FDCE=1;LUT6=3;RAMD32=1"
364,1.367,5.000,3.351,0.875,2.476,0.739,3,"ecc_leaf_id_q_reg[1]/C","ecc_product_even_reg_0_3_38_38/DP/I","other","FDCE=1;LUT6=3;RAMD32=1"
365,1.367,5.000,3.351,0.875,2.476,0.739,3,"ecc_leaf_id_q_reg[1]/C","ecc_product_even_reg_0_3_3_3/DP/I","other","FDCE=1;LUT6=3;RAMD32=1"
366,1.367,5.000,3.351,0.875,2.476,0.739,3,"ecc_leaf_id_q_reg[1]/C","ecc_product_even_reg_0_3_40_40/DP/I","other","FDCE=1;LUT6=3;RAMD32=1"
367,1.367,5.000,3.351,0.875,2.476,0.739,3,"ecc_leaf_id_q_reg[1]/C","ecc_product_even_reg_0_3_44_44/DP/I","other","FDCE=1;LUT6=3;RAMD32=1"
368,1.367,5.000,3.351,0.875,2.476,0.739,3,"ecc_leaf_id_q_reg[1]/C","ecc_product_even_reg_0_3_45_45/DP/I","other","FDCE=1;LUT6=3;RAMD32=1"
369,1.367,5.000,3.351,0.875,2.476,0.739,3,"ecc_leaf_id_q_reg[1]/C","ecc_product_even_reg_0_3_47_47/DP/I","other","FDCE=1;LUT6=3;RAMD32=1"
370,1.367,5.000,3.351,0.875,2.476,0.739,3,"ecc_leaf_id_q_reg[1]/C","ecc_product_even_reg_0_3_4_4/DP/I","other","FDCE=1;LUT6=3;RAMD32=1"
371,1.367,5.000,3.351,0.875,2.476,0.739,3,"ecc_leaf_id_q_reg[1]/C","ecc_product_even_reg_0_3_57_57/DP/I","other","FDCE=1;LUT6=3;RAMD32=1"
372,1.367,5.000,3.351,0.875,2.476,0.739,3,"ecc_leaf_id_q_reg[1]/C","ecc_product_even_reg_0_3_5_5/DP/I","other","FDCE=1;LUT6=3;RAMD32=1"
373,1.367,5.000,3.351,0.875,2.476,0.739,3,"ecc_leaf_id_q_reg[1]/C","ecc_product_even_reg_0_3_60_60/DP/I","other","FDCE=1;LUT6=3;RAMD32=1"
374,1.367,5.000,3.351,0.875,2.476,0.739,3,"ecc_leaf_id_q_reg[1]/C","ecc_product_even_reg_0_3_6_6/DP/I","other","FDCE=1;LUT6=3;RAMD32=1"
375,1.367,5.000,3.351,0.875,2.476,0.739,3,"ecc_leaf_id_q_reg[1]/C","ecc_product_even_reg_0_3_7_7/DP/I","other","FDCE=1;LUT6=3;RAMD32=1"
376,1.367,5.000,3.351,0.875,2.476,0.739,3,"ecc_leaf_id_q_reg[1]/C","ecc_product_even_reg_0_3_8_8/DP/I","other","FDCE=1;LUT6=3;RAMD32=1"
377,1.367,5.000,3.351,0.875,2.476,0.739,3,"ecc_leaf_id_q_reg[1]/C","ecc_product_even_reg_0_3_9_9/DP/I","other","FDCE=1;LUT6=3;RAMD32=1"
378,1.367,5.000,3.630,1.190,2.440,0.672,6,"a_q_reg[5]/C","uop_p0_q_reg[src0_addr][4]/D","TOP control","FDCE=2;LUT4=1;LUT5=1;LUT6=4"
379,1.374,5.000,3.623,1.210,2.413,0.666,6,"hsim_total_q_reg[0]/C","hmatch_budget_q_reg[9]/D","HMATCH reduction/compare","FDCE=2;LUT3=1;LUT5=1;LUT6=4"
380,1.383,5.000,3.370,0.875,2.495,0.740,3,"ecc_leaf_id_q_reg[1]/C","ecc_product_even_reg_0_3_31_31/SP/I","other","FDCE=1;LUT4=1;LUT6=2;RAMD32=1"
381,1.383,5.000,3.370,0.875,2.495,0.740,3,"ecc_leaf_id_q_reg[1]/C","ecc_product_even_reg_0_3_33_33/SP/I","other","FDCE=1;LUT6=3;RAMD32=1"
382,1.383,5.000,3.370,0.875,2.495,0.740,3,"ecc_leaf_id_q_reg[1]/C","ecc_product_even_reg_0_3_35_35/SP/I","other","FDCE=1;LUT6=3;RAMD32=1"
383,1.383,5.000,3.370,0.875,2.495,0.740,3,"ecc_leaf_id_q_reg[1]/C","ecc_product_even_reg_0_3_36_36/SP/I","other","FDCE=1;LUT6=3;RAMD32=1"
384,1.383,5.000,3.370,0.875,2.495,0.740,3,"ecc_leaf_id_q_reg[1]/C","ecc_product_even_reg_0_3_37_37/SP/I","other","FDCE=1;LUT6=3;RAMD32=1"
385,1.383,5.000,3.370,0.875,2.495,0.740,3,"ecc_leaf_id_q_reg[1]/C","ecc_product_even_reg_0_3_39_39/SP/I","other","FDCE=1;LUT6=3;RAMD32=1"
386,1.383,5.000,3.370,0.875,2.495,0.740,3,"ecc_leaf_id_q_reg[1]/C","ecc_product_even_reg_0_3_41_41/SP/I","other","FDCE=1;LUT6=3;RAMD32=1"
387,1.383,5.000,3.370,0.875,2.495,0.740,3,"ecc_leaf_id_q_reg[1]/C","ecc_product_even_reg_0_3_42_42/SP/I","other","FDCE=1;LUT6=3;RAMD32=1"
388,1.383,5.000,3.370,0.875,2.495,0.740,3,"ecc_leaf_id_q_reg[1]/C","ecc_product_even_reg_0_3_43_43/SP/I","other","FDCE=1;LUT6=3;RAMD32=1"
389,1.383,5.000,3.370,0.875,2.495,0.740,3,"ecc_leaf_id_q_reg[1]/C","ecc_product_even_reg_0_3_46_46/SP/I","other","FDCE=1;LUT6=3;RAMD32=1"
390,1.383,5.000,3.370,0.875,2.495,0.740,3,"ecc_leaf_id_q_reg[1]/C","ecc_product_even_reg_0_3_48_48/SP/I","other","FDCE=1;LUT6=3;RAMD32=1"
391,1.383,5.000,3.370,0.875,2.495,0.740,3,"ecc_leaf_id_q_reg[1]/C","ecc_product_even_reg_0_3_49_49/SP/I","other","FDCE=1;LUT6=3;RAMD32=1"
392,1.383,5.000,3.370,0.875,2.495,0.740,3,"ecc_leaf_id_q_reg[1]/C","ecc_product_even_reg_0_3_50_50/SP/I","other","FDCE=1;LUT6=3;RAMD32=1"
393,1.383,5.000,3.370,0.875,2.495,0.740,3,"ecc_leaf_id_q_reg[1]/C","ecc_product_even_reg_0_3_51_51/SP/I","other","FDCE=1;LUT6=3;RAMD32=1"
394,1.383,5.000,3.370,0.875,2.495,0.740,3,"ecc_leaf_id_q_reg[1]/C","ecc_product_even_reg_0_3_52_52/SP/I","other","FDCE=1;LUT6=3;RAMD32=1"
395,1.383,5.000,3.370,0.875,2.495,0.740,3,"ecc_leaf_id_q_reg[1]/C","ecc_product_even_reg_0_3_53_53/SP/I","other","FDCE=1;LUT6=3;RAMD32=1"
396,1.383,5.000,3.370,0.875,2.495,0.740,3,"ecc_leaf_id_q_reg[1]/C","ecc_product_even_reg_0_3_54_54/SP/I","other","FDCE=1;LUT6=3;RAMD32=1"
397,1.383,5.000,3.370,0.875,2.495,0.740,3,"ecc_leaf_id_q_reg[1]/C","ecc_product_even_reg_0_3_55_55/SP/I","other","FDCE=1;LUT6=3;RAMD32=1"
398,1.383,5.000,3.370,0.875,2.495,0.740,3,"ecc_leaf_id_q_reg[1]/C","ecc_product_even_reg_0_3_56_56/SP/I","other","FDCE=1;LUT6=3;RAMD32=1"
399,1.383,5.000,3.370,0.875,2.495,0.740,3,"ecc_leaf_id_q_reg[1]/C","ecc_product_even_reg_0_3_58_58/SP/I","other","FDCE=1;LUT6=3;RAMD32=1"
400,1.383,5.000,3.370,0.875,2.495,0.740,3,"ecc_leaf_id_q_reg[1]/C","ecc_product_even_reg_0_3_59_59/SP/I","other","FDCE=1;LUT6=3;RAMD32=1"
401,1.383,5.000,3.370,0.875,2.495,0.740,3,"ecc_leaf_id_q_reg[1]/C","ecc_product_even_reg_0_3_61_61/SP/I","other","FDCE=1;LUT6=3;RAMD32=1"
402,1.383,5.000,3.370,0.875,2.495,0.740,3,"ecc_leaf_id_q_reg[1]/C","ecc_product_even_reg_0_3_62_62/SP/I","other","FDCE=1;LUT6=3;RAMD32=1"
403,1.402,5.000,3.351,0.875,2.476,0.739,3,"ecc_leaf_id_q_reg[1]/C","ecc_product_even_reg_0_3_0_0/SP/I","other","FDCE=1;LUT6=3;RAMD32=1"
404,1.402,5.000,3.351,0.875,2.476,0.739,3,"ecc_leaf_id_q_reg[1]/C","ecc_product_even_reg_0_3_10_10/SP/I","other","FDCE=1;LUT6=3;RAMD32=1"
405,1.402,5.000,3.351,0.875,2.476,0.739,3,"ecc_leaf_id_q_reg[1]/C","ecc_product_even_reg_0_3_11_11/SP/I","other","FDCE=1;LUT6=3;RAMD32=1"
406,1.402,5.000,3.351,0.875,2.476,0.739,3,"ecc_leaf_id_q_reg[1]/C","ecc_product_even_reg_0_3_12_12/SP/I","other","FDCE=1;LUT6=3;RAMD32=1"
407,1.402,5.000,3.351,0.875,2.476,0.739,3,"ecc_leaf_id_q_reg[1]/C","ecc_product_even_reg_0_3_13_13/SP/I","other","FDCE=1;LUT6=3;RAMD32=1"
408,1.402,5.000,3.351,0.875,2.476,0.739,3,"ecc_leaf_id_q_reg[1]/C","ecc_product_even_reg_0_3_14_14/SP/I","other","FDCE=1;LUT6=3;RAMD32=1"
409,1.402,5.000,3.351,0.875,2.476,0.739,3,"ecc_leaf_id_q_reg[1]/C","ecc_product_even_reg_0_3_15_15/SP/I","other","FDCE=1;LUT6=3;RAMD32=1"
410,1.402,5.000,3.351,0.875,2.476,0.739,3,"ecc_leaf_id_q_reg[1]/C","ecc_product_even_reg_0_3_16_16/SP/I","other","FDCE=1;LUT6=3;RAMD32=1"
411,1.402,5.000,3.351,0.875,2.476,0.739,3,"ecc_leaf_id_q_reg[1]/C","ecc_product_even_reg_0_3_17_17/SP/I","other","FDCE=1;LUT6=3;RAMD32=1"
412,1.402,5.000,3.351,0.875,2.476,0.739,3,"ecc_leaf_id_q_reg[1]/C","ecc_product_even_reg_0_3_18_18/SP/I","other","FDCE=1;LUT6=3;RAMD32=1"
413,1.402,5.000,3.351,0.875,2.476,0.739,3,"ecc_leaf_id_q_reg[1]/C","ecc_product_even_reg_0_3_19_19/SP/I","other","FDCE=1;LUT6=3;RAMD32=1"
414,1.402,5.000,3.351,0.875,2.476,0.739,3,"ecc_leaf_id_q_reg[1]/C","ecc_product_even_reg_0_3_1_1/SP/I","other","FDCE=1;LUT6=3;RAMD32=1"
415,1.402,5.000,3.351,0.875,2.476,0.739,3,"ecc_leaf_id_q_reg[1]/C","ecc_product_even_reg_0_3_20_20/SP/I","other","FDCE=1;LUT6=3;RAMD32=1"
416,1.402,5.000,3.351,0.875,2.476,0.739,3,"ecc_leaf_id_q_reg[1]/C","ecc_product_even_reg_0_3_21_21/SP/I","other","FDCE=1;LUT6=3;RAMD32=1"
417,1.402,5.000,3.351,0.875,2.476,0.739,3,"ecc_leaf_id_q_reg[1]/C","ecc_product_even_reg_0_3_22_22/SP/I","other","FDCE=1;LUT6=3;RAMD32=1"
418,1.402,5.000,3.351,0.875,2.476,0.739,3,"ecc_leaf_id_q_reg[1]/C","ecc_product_even_reg_0_3_23_23/SP/I","other","FDCE=1;LUT6=3;RAMD32=1"
419,1.402,5.000,3.351,0.875,2.476,0.739,3,"ecc_leaf_id_q_reg[1]/C","ecc_product_even_reg_0_3_24_24/SP/I","other","FDCE=1;LUT6=3;RAMD32=1"
420,1.402,5.000,3.351,0.875,2.476,0.739,3,"ecc_leaf_id_q_reg[1]/C","ecc_product_even_reg_0_3_25_25/SP/I","other","FDCE=1;LUT6=3;RAMD32=1"
421,1.402,5.000,3.351,0.875,2.476,0.739,3,"ecc_leaf_id_q_reg[1]/C","ecc_product_even_reg_0_3_26_26/SP/I","other","FDCE=1;LUT6=3;RAMD32=1"
422,1.402,5.000,3.351,0.875,2.476,0.739,3,"ecc_leaf_id_q_reg[1]/C","ecc_product_even_reg_0_3_27_27/SP/I","other","FDCE=1;LUT6=3;RAMD32=1"
423,1.402,5.000,3.351,0.875,2.476,0.739,3,"ecc_leaf_id_q_reg[1]/C","ecc_product_even_reg_0_3_28_28/SP/I","other","FDCE=1;LUT6=3;RAMD32=1"
424,1.402,5.000,3.351,0.875,2.476,0.739,3,"ecc_leaf_id_q_reg[1]/C","ecc_product_even_reg_0_3_29_29/SP/I","other","FDCE=1;LUT6=3;RAMD32=1"
425,1.402,5.000,3.351,0.875,2.476,0.739,3,"ecc_leaf_id_q_reg[1]/C","ecc_product_even_reg_0_3_2_2/SP/I","other","FDCE=1;LUT6=3;RAMD32=1"
426,1.402,5.000,3.351,0.875,2.476,0.739,3,"ecc_leaf_id_q_reg[1]/C","ecc_product_even_reg_0_3_30_30/SP/I","other","FDCE=1;LUT6=3;RAMD32=1"
427,1.402,5.000,3.351,0.875,2.476,0.739,3,"ecc_leaf_id_q_reg[1]/C","ecc_product_even_reg_0_3_32_32/SP/I","other","FDCE=1;LUT6=3;RAMD32=1"
428,1.402,5.000,3.351,0.875,2.476,0.739,3,"ecc_leaf_id_q_reg[1]/C","ecc_product_even_reg_0_3_34_34/SP/I","other","FDCE=1;LUT6=3;RAMD32=1"
429,1.402,5.000,3.351,0.875,2.476,0.739,3,"ecc_leaf_id_q_reg[1]/C","ecc_product_even_reg_0_3_38_38/SP/I","other","FDCE=1;LUT6=3;RAMD32=1"
430,1.402,5.000,3.351,0.875,2.476,0.739,3,"ecc_leaf_id_q_reg[1]/C","ecc_product_even_reg_0_3_3_3/SP/I","other","FDCE=1;LUT6=3;RAMD32=1"
431,1.402,5.000,3.351,0.875,2.476,0.739,3,"ecc_leaf_id_q_reg[1]/C","ecc_product_even_reg_0_3_40_40/SP/I","other","FDCE=1;LUT6=3;RAMD32=1"
432,1.402,5.000,3.351,0.875,2.476,0.739,3,"ecc_leaf_id_q_reg[1]/C","ecc_product_even_reg_0_3_44_44/SP/I","other","FDCE=1;LUT6=3;RAMD32=1"
433,1.402,5.000,3.351,0.875,2.476,0.739,3,"ecc_leaf_id_q_reg[1]/C","ecc_product_even_reg_0_3_45_45/SP/I","other","FDCE=1;LUT6=3;RAMD32=1"
434,1.402,5.000,3.351,0.875,2.476,0.739,3,"ecc_leaf_id_q_reg[1]/C","ecc_product_even_reg_0_3_47_47/SP/I","other","FDCE=1;LUT6=3;RAMD32=1"
435,1.402,5.000,3.351,0.875,2.476,0.739,3,"ecc_leaf_id_q_reg[1]/C","ecc_product_even_reg_0_3_4_4/SP/I","other","FDCE=1;LUT6=3;RAMD32=1"
436,1.402,5.000,3.351,0.875,2.476,0.739,3,"ecc_leaf_id_q_reg[1]/C","ecc_product_even_reg_0_3_57_57/SP/I","other","FDCE=1;LUT6=3;RAMD32=1"
437,1.402,5.000,3.351,0.875,2.476,0.739,3,"ecc_leaf_id_q_reg[1]/C","ecc_product_even_reg_0_3_5_5/SP/I","other","FDCE=1;LUT6=3;RAMD32=1"
438,1.402,5.000,3.351,0.875,2.476,0.739,3,"ecc_leaf_id_q_reg[1]/C","ecc_product_even_reg_0_3_60_60/SP/I","other","FDCE=1;LUT6=3;RAMD32=1"
439,1.402,5.000,3.351,0.875,2.476,0.739,3,"ecc_leaf_id_q_reg[1]/C","ecc_product_even_reg_0_3_6_6/SP/I","other","FDCE=1;LUT6=3;RAMD32=1"
440,1.402,5.000,3.351,0.875,2.476,0.739,3,"ecc_leaf_id_q_reg[1]/C","ecc_product_even_reg_0_3_7_7/SP/I","other","FDCE=1;LUT6=3;RAMD32=1"
441,1.402,5.000,3.351,0.875,2.476,0.739,3,"ecc_leaf_id_q_reg[1]/C","ecc_product_even_reg_0_3_8_8/SP/I","other","FDCE=1;LUT6=3;RAMD32=1"
442,1.402,5.000,3.351,0.875,2.476,0.739,3,"ecc_leaf_id_q_reg[1]/C","ecc_product_even_reg_0_3_9_9/SP/I","other","FDCE=1;LUT6=3;RAMD32=1"
443,1.439,5.000,3.350,0.980,2.370,0.707,4,"a_q_reg[16]/C","ecc_leaf_b_q_reg[0]/CE","other","FDCE=2;LUT5=2;LUT6=2"
444,1.439,5.000,3.350,0.980,2.370,0.707,4,"a_q_reg[16]/C","ecc_leaf_b_q_reg[10]/CE","other","FDCE=2;LUT5=2;LUT6=2"
445,1.439,5.000,3.350,0.980,2.370,0.707,4,"a_q_reg[16]/C","ecc_leaf_b_q_reg[11]/CE","other","FDCE=2;LUT5=2;LUT6=2"
446,1.439,5.000,3.350,0.980,2.370,0.707,4,"a_q_reg[16]/C","ecc_leaf_b_q_reg[12]/CE","other","FDCE=2;LUT5=2;LUT6=2"
447,1.439,5.000,3.350,0.980,2.370,0.707,4,"a_q_reg[16]/C","ecc_leaf_b_q_reg[13]/CE","other","FDCE=2;LUT5=2;LUT6=2"
448,1.439,5.000,3.350,0.980,2.370,0.707,4,"a_q_reg[16]/C","ecc_leaf_b_q_reg[14]/CE","other","FDCE=2;LUT5=2;LUT6=2"
449,1.439,5.000,3.350,0.980,2.370,0.707,4,"a_q_reg[16]/C","ecc_leaf_b_q_reg[15]/CE","other","FDCE=2;LUT5=2;LUT6=2"
450,1.439,5.000,3.350,0.980,2.370,0.707,4,"a_q_reg[16]/C","ecc_leaf_b_q_reg[16]/CE","other","FDCE=2;LUT5=2;LUT6=2"
451,1.439,5.000,3.350,0.980,2.370,0.707,4,"a_q_reg[16]/C","ecc_leaf_b_q_reg[17]/CE","other","FDCE=2;LUT5=2;LUT6=2"
452,1.439,5.000,3.350,0.980,2.370,0.707,4,"a_q_reg[16]/C","ecc_leaf_b_q_reg[18]/CE","other","FDCE=2;LUT5=2;LUT6=2"
453,1.439,5.000,3.350,0.980,2.370,0.707,4,"a_q_reg[16]/C","ecc_leaf_b_q_reg[19]/CE","other","FDCE=2;LUT5=2;LUT6=2"
454,1.439,5.000,3.350,0.980,2.370,0.707,4,"a_q_reg[16]/C","ecc_leaf_b_q_reg[1]/CE","other","FDCE=2;LUT5=2;LUT6=2"
455,1.439,5.000,3.350,0.980,2.370,0.707,4,"a_q_reg[16]/C","ecc_leaf_b_q_reg[20]/CE","other","FDCE=2;LUT5=2;LUT6=2"
456,1.439,5.000,3.350,0.980,2.370,0.707,4,"a_q_reg[16]/C","ecc_leaf_b_q_reg[21]/CE","other","FDCE=2;LUT5=2;LUT6=2"
457,1.439,5.000,3.350,0.980,2.370,0.707,4,"a_q_reg[16]/C","ecc_leaf_b_q_reg[22]/CE","other","FDCE=2;LUT5=2;LUT6=2"
458,1.439,5.000,3.350,0.980,2.370,0.707,4,"a_q_reg[16]/C","ecc_leaf_b_q_reg[23]/CE","other","FDCE=2;LUT5=2;LUT6=2"
459,1.439,5.000,3.350,0.980,2.370,0.707,4,"a_q_reg[16]/C","ecc_leaf_b_q_reg[24]/CE","other","FDCE=2;LUT5=2;LUT6=2"
460,1.439,5.000,3.350,0.980,2.370,0.707,4,"a_q_reg[16]/C","ecc_leaf_b_q_reg[25]/CE","other","FDCE=2;LUT5=2;LUT6=2"
461,1.439,5.000,3.350,0.980,2.370,0.707,4,"a_q_reg[16]/C","ecc_leaf_b_q_reg[26]/CE","other","FDCE=2;LUT5=2;LUT6=2"
462,1.439,5.000,3.350,0.980,2.370,0.707,4,"a_q_reg[16]/C","ecc_leaf_b_q_reg[27]/CE","other","FDCE=2;LUT5=2;LUT6=2"
463,1.439,5.000,3.350,0.980,2.370,0.707,4,"a_q_reg[16]/C","ecc_leaf_b_q_reg[28]/CE","other","FDCE=2;LUT5=2;LUT6=2"
464,1.439,5.000,3.350,0.980,2.370,0.707,4,"a_q_reg[16]/C","ecc_leaf_b_q_reg[29]/CE","other","FDCE=2;LUT5=2;LUT6=2"
465,1.439,5.000,3.350,0.980,2.370,0.707,4,"a_q_reg[16]/C","ecc_leaf_b_q_reg[2]/CE","other","FDCE=2;LUT5=2;LUT6=2"
466,1.439,5.000,3.350,0.980,2.370,0.707,4,"a_q_reg[16]/C","ecc_leaf_b_q_reg[30]/CE","other","FDCE=2;LUT5=2;LUT6=2"
467,1.439,5.000,3.350,0.980,2.370,0.707,4,"a_q_reg[16]/C","ecc_leaf_b_q_reg[31]/CE","other","FDCE=2;LUT5=2;LUT6=2"
468,1.439,5.000,3.350,0.980,2.370,0.707,4,"a_q_reg[16]/C","ecc_leaf_b_q_reg[3]/CE","other","FDCE=2;LUT5=2;LUT6=2"
469,1.439,5.000,3.350,0.980,2.370,0.707,4,"a_q_reg[16]/C","ecc_leaf_b_q_reg[4]/CE","other","FDCE=2;LUT5=2;LUT6=2"
470,1.439,5.000,3.350,0.980,2.370,0.707,4,"a_q_reg[16]/C","ecc_leaf_b_q_reg[5]/CE","other","FDCE=2;LUT5=2;LUT6=2"
471,1.439,5.000,3.350,0.980,2.370,0.707,4,"a_q_reg[16]/C","ecc_leaf_b_q_reg[6]/CE","other","FDCE=2;LUT5=2;LUT6=2"
472,1.439,5.000,3.350,0.980,2.370,0.707,4,"a_q_reg[16]/C","ecc_leaf_b_q_reg[7]/CE","other","FDCE=2;LUT5=2;LUT6=2"
473,1.439,5.000,3.350,0.980,2.370,0.707,4,"a_q_reg[16]/C","ecc_leaf_b_q_reg[8]/CE","other","FDCE=2;LUT5=2;LUT6=2"
474,1.439,5.000,3.350,0.980,2.370,0.707,4,"a_q_reg[16]/C","ecc_leaf_b_q_reg[9]/CE","other","FDCE=2;LUT5=2;LUT6=2"
475,1.439,5.000,3.350,0.980,2.370,0.707,4,"a_q_reg[16]/C","ecc_leaf_id_q_reg[0]/CE","other","FDCE=2;LUT5=2;LUT6=2"
476,1.439,5.000,3.350,0.980,2.370,0.707,4,"a_q_reg[16]/C","ecc_leaf_id_q_reg[1]/CE","other","FDCE=2;LUT5=2;LUT6=2"
477,1.439,5.000,3.350,0.980,2.370,0.707,4,"a_q_reg[16]/C","ecc_leaf_id_q_reg[2]/CE","other","FDCE=2;LUT5=2;LUT6=2"
478,1.439,5.000,3.350,0.980,2.370,0.707,4,"a_q_reg[16]/C","ecc_leaf_id_q_reg[3]/CE","other","FDCE=2;LUT5=2;LUT6=2"
479,1.439,5.000,3.350,0.980,2.370,0.707,4,"a_q_reg[16]/C","ecc_leaf_id_q_reg[4]/CE","other","FDCE=2;LUT5=2;LUT6=2"
480,1.441,5.000,3.556,1.105,2.451,0.689,5,"ecc_leaf_id_q_reg[0]/C","ecc_leaf_b_q_reg[15]/D","other","FDCE=2;LUT4=2;LUT5=3"
481,1.441,5.000,3.556,1.105,2.451,0.689,5,"ecc_leaf_id_q_reg[0]/C","ecc_leaf_b_q_reg[23]/D","other","FDCE=2;LUT4=2;LUT5=3"
482,1.441,5.000,3.556,1.105,2.451,0.689,5,"ecc_leaf_id_q_reg[0]/C","ecc_leaf_b_q_reg[30]/D","other","FDCE=2;LUT4=3;LUT5=2"
483,1.441,5.000,3.556,1.105,2.451,0.689,5,"ecc_leaf_id_q_reg[0]/C","ecc_leaf_b_q_reg[31]/D","other","FDCE=2;LUT4=2;LUT5=3"
484,1.441,5.000,3.556,1.105,2.451,0.689,5,"ecc_leaf_id_q_reg[0]/C","ecc_leaf_b_q_reg[7]/D","other","FDCE=2;LUT4=2;LUT5=3"
485,1.442,5.000,3.555,1.085,2.470,0.695,5,"ecc_leaf_id_q_reg[0]/C","ecc_leaf_a_q_reg[0]/D","other","FDCE=2;LUT4=3;LUT5=2"
486,1.442,5.000,3.555,1.085,2.470,0.695,5,"ecc_leaf_id_q_reg[0]/C","ecc_leaf_a_q_reg[10]/D","other","FDCE=2;LUT4=2;LUT5=2;LUT6=1"
487,1.442,5.000,3.555,1.085,2.470,0.695,5,"ecc_leaf_id_q_reg[0]/C","ecc_leaf_a_q_reg[11]/D","other","FDCE=2;LUT4=2;LUT5=3"
488,1.442,5.000,3.555,1.085,2.470,0.695,5,"ecc_leaf_id_q_reg[0]/C","ecc_leaf_a_q_reg[12]/D","other","FDCE=2;LUT4=3;LUT5=1;LUT6=1"
489,1.442,5.000,3.555,1.085,2.470,0.695,5,"ecc_leaf_id_q_reg[0]/C","ecc_leaf_a_q_reg[13]/D","other","FDCE=2;LUT4=3;LUT5=2"
490,1.442,5.000,3.555,1.085,2.470,0.695,5,"ecc_leaf_id_q_reg[0]/C","ecc_leaf_a_q_reg[14]/D","other","FDCE=2;LUT4=3;LUT5=2"
491,1.442,5.000,3.555,1.085,2.470,0.695,5,"ecc_leaf_id_q_reg[0]/C","ecc_leaf_a_q_reg[15]/D","other","FDCE=2;LUT4=2;LUT5=2;LUT6=1"
492,1.442,5.000,3.555,1.085,2.470,0.695,5,"ecc_leaf_id_q_reg[0]/C","ecc_leaf_a_q_reg[16]/D","other","FDCE=2;LUT4=3;LUT5=2"
493,1.442,5.000,3.555,1.085,2.470,0.695,5,"ecc_leaf_id_q_reg[0]/C","ecc_leaf_a_q_reg[17]/D","other","FDCE=2;LUT4=2;LUT5=2;LUT6=1"
494,1.442,5.000,3.555,1.085,2.470,0.695,5,"ecc_leaf_id_q_reg[0]/C","ecc_leaf_a_q_reg[18]/D","other","FDCE=2;LUT4=3;LUT5=2"
495,1.442,5.000,3.555,1.085,2.470,0.695,5,"ecc_leaf_id_q_reg[0]/C","ecc_leaf_a_q_reg[19]/D","other","FDCE=2;LUT4=3;LUT5=2"
496,1.442,5.000,3.555,1.085,2.470,0.695,5,"ecc_leaf_id_q_reg[0]/C","ecc_leaf_a_q_reg[1]/D","other","FDCE=2;LUT4=2;LUT5=2;LUT6=1"
497,1.442,5.000,3.555,1.085,2.470,0.695,5,"ecc_leaf_id_q_reg[0]/C","ecc_leaf_a_q_reg[20]/D","other","FDCE=2;LUT4=3;LUT5=2"
498,1.442,5.000,3.555,1.085,2.470,0.695,5,"ecc_leaf_id_q_reg[0]/C","ecc_leaf_a_q_reg[21]/D","other","FDCE=2;LUT4=2;LUT5=3"
499,1.442,5.000,3.555,1.085,2.470,0.695,5,"ecc_leaf_id_q_reg[0]/C","ecc_leaf_a_q_reg[22]/D","other","FDCE=2;LUT4=3;LUT5=2"
500,1.442,5.000,3.555,1.085,2.470,0.695,5,"ecc_leaf_id_q_reg[0]/C","ecc_leaf_a_q_reg[23]/D","other","FDCE=2;LUT4=2;LUT5=2;LUT6=1"
501,1.442,5.000,3.555,1.085,2.470,0.695,5,"ecc_leaf_id_q_reg[0]/C","ecc_leaf_a_q_reg[24]/D","other","FDCE=2;LUT4=3;LUT5=2"
502,1.442,5.000,3.555,1.085,2.470,0.695,5,"ecc_leaf_id_q_reg[0]/C","ecc_leaf_a_q_reg[25]/D","other","FDCE=2;LUT4=3;LUT5=2"
503,1.442,5.000,3.555,1.085,2.470,0.695,5,"ecc_leaf_id_q_reg[0]/C","ecc_leaf_a_q_reg[26]/D","other","FDCE=2;LUT4=3;LUT5=2"
504,1.442,5.000,3.555,1.085,2.470,0.695,5,"ecc_leaf_id_q_reg[0]/C","ecc_leaf_a_q_reg[27]/D","other","FDCE=2;LUT4=3;LUT5=2"
505,1.442,5.000,3.555,1.085,2.470,0.695,5,"ecc_leaf_id_q_reg[0]/C","ecc_leaf_a_q_reg[28]/D","other","FDCE=2;LUT4=3;LUT5=2"
506,1.442,5.000,3.555,1.085,2.470,0.695,5,"ecc_leaf_id_q_reg[0]/C","ecc_leaf_a_q_reg[29]/D","other","FDCE=2;LUT4=3;LUT5=2"
507,1.442,5.000,3.555,1.085,2.470,0.695,5,"ecc_leaf_id_q_reg[0]/C","ecc_leaf_a_q_reg[2]/D","other","FDCE=2;LUT4=3;LUT5=2"
508,1.442,5.000,3.555,1.085,2.470,0.695,5,"ecc_leaf_id_q_reg[0]/C","ecc_leaf_a_q_reg[30]/D","other","FDCE=2;LUT4=3;LUT5=2"
509,1.442,5.000,3.555,1.085,2.470,0.695,5,"ecc_leaf_id_q_reg[0]/C","ecc_leaf_a_q_reg[31]/D","other","FDCE=2;LUT4=3;LUT5=2"
510,1.442,5.000,3.555,1.085,2.470,0.695,5,"ecc_leaf_id_q_reg[0]/C","ecc_leaf_a_q_reg[3]/D","other","FDCE=2;LUT4=2;LUT5=2;LUT6=1"
511,1.442,5.000,3.555,1.085,2.470,0.695,5,"ecc_leaf_id_q_reg[0]/C","ecc_leaf_a_q_reg[4]/D","other","FDCE=2;LUT4=3;LUT5=2"
512,1.442,5.000,3.555,1.085,2.470,0.695,5,"ecc_leaf_id_q_reg[0]/C","ecc_leaf_a_q_reg[5]/D","other","FDCE=2;LUT4=2;LUT5=3"
513,1.442,5.000,3.555,1.085,2.470,0.695,5,"ecc_leaf_id_q_reg[0]/C","ecc_leaf_a_q_reg[6]/D","other","FDCE=2;LUT4=3;LUT5=2"
514,1.442,5.000,3.555,1.085,2.470,0.695,5,"ecc_leaf_id_q_reg[0]/C","ecc_leaf_a_q_reg[7]/D","other","FDCE=2;LUT4=3;LUT5=2"
515,1.442,5.000,3.555,1.085,2.470,0.695,5,"ecc_leaf_id_q_reg[0]/C","ecc_leaf_a_q_reg[8]/D","other","FDCE=2;LUT4=2;LUT5=2;LUT6=1"
516,1.442,5.000,3.555,1.085,2.470,0.695,5,"ecc_leaf_id_q_reg[0]/C","ecc_leaf_a_q_reg[9]/D","other","FDCE=2;LUT4=3;LUT5=2"
517,1.442,5.000,3.555,1.085,2.470,0.695,5,"ecc_leaf_id_q_reg[0]/C","ecc_leaf_b_q_reg[0]/D","other","FDCE=2;LUT4=3;LUT5=2"
518,1.442,5.000,3.555,1.085,2.470,0.695,5,"ecc_leaf_id_q_reg[0]/C","ecc_leaf_b_q_reg[10]/D","other","FDCE=2;LUT4=2;LUT5=2;LUT6=1"
519,1.442,5.000,3.555,1.085,2.470,0.695,5,"ecc_leaf_id_q_reg[0]/C","ecc_leaf_b_q_reg[11]/D","other","FDCE=2;LUT4=2;LUT5=3"
520,1.442,5.000,3.555,1.085,2.470,0.695,5,"ecc_leaf_id_q_reg[0]/C","ecc_leaf_b_q_reg[12]/D","other","FDCE=2;LUT4=3;LUT5=1;LUT6=1"
521,1.442,5.000,3.555,1.085,2.470,0.695,5,"ecc_leaf_id_q_reg[0]/C","ecc_leaf_b_q_reg[13]/D","other","FDCE=2;LUT4=3;LUT5=2"
522,1.442,5.000,3.555,1.085,2.470,0.695,5,"ecc_leaf_id_q_reg[0]/C","ecc_leaf_b_q_reg[14]/D","other","FDCE=2;LUT4=3;LUT5=2"
523,1.442,5.000,3.555,1.085,2.470,0.695,5,"ecc_leaf_id_q_reg[0]/C","ecc_leaf_b_q_reg[16]/D","other","FDCE=2;LUT4=3;LUT5=2"
524,1.442,5.000,3.555,1.085,2.470,0.695,5,"ecc_leaf_id_q_reg[0]/C","ecc_leaf_b_q_reg[17]/D","other","FDCE=2;LUT4=2;LUT5=2;LUT6=1"
525,1.442,5.000,3.555,1.085,2.470,0.695,5,"ecc_leaf_id_q_reg[0]/C","ecc_leaf_b_q_reg[18]/D","other","FDCE=2;LUT4=3;LUT5=2"
526,1.442,5.000,3.555,1.085,2.470,0.695,5,"ecc_leaf_id_q_reg[0]/C","ecc_leaf_b_q_reg[19]/D","other","FDCE=2;LUT4=3;LUT5=2"
527,1.442,5.000,3.555,1.085,2.470,0.695,5,"ecc_leaf_id_q_reg[0]/C","ecc_leaf_b_q_reg[1]/D","other","FDCE=2;LUT4=2;LUT5=2;LUT6=1"
528,1.442,5.000,3.555,1.085,2.470,0.695,5,"ecc_leaf_id_q_reg[0]/C","ecc_leaf_b_q_reg[20]/D","other","FDCE=2;LUT4=3;LUT5=2"
529,1.442,5.000,3.555,1.085,2.470,0.695,5,"ecc_leaf_id_q_reg[0]/C","ecc_leaf_b_q_reg[21]/D","other","FDCE=2;LUT4=2;LUT5=3"
530,1.442,5.000,3.555,1.085,2.470,0.695,5,"ecc_leaf_id_q_reg[0]/C","ecc_leaf_b_q_reg[22]/D","other","FDCE=2;LUT4=3;LUT5=2"
531,1.442,5.000,3.555,1.085,2.470,0.695,5,"ecc_leaf_id_q_reg[0]/C","ecc_leaf_b_q_reg[24]/D","other","FDCE=2;LUT4=3;LUT5=2"
532,1.442,5.000,3.555,1.085,2.470,0.695,5,"ecc_leaf_id_q_reg[0]/C","ecc_leaf_b_q_reg[25]/D","other","FDCE=2;LUT4=3;LUT5=2"
533,1.442,5.000,3.555,1.085,2.470,0.695,5,"ecc_leaf_id_q_reg[0]/C","ecc_leaf_b_q_reg[26]/D","other","FDCE=2;LUT4=3;LUT5=2"
534,1.442,5.000,3.555,1.085,2.470,0.695,5,"ecc_leaf_id_q_reg[0]/C","ecc_leaf_b_q_reg[27]/D","other","FDCE=2;LUT4=3;LUT5=2"
535,1.442,5.000,3.555,1.085,2.470,0.695,5,"ecc_leaf_id_q_reg[0]/C","ecc_leaf_b_q_reg[28]/D","other","FDCE=2;LUT4=3;LUT5=2"
536,1.442,5.000,3.555,1.085,2.470,0.695,5,"ecc_leaf_id_q_reg[0]/C","ecc_leaf_b_q_reg[29]/D","other","FDCE=2;LUT4=3;LUT5=2"
537,1.442,5.000,3.555,1.085,2.470,0.695,5,"ecc_leaf_id_q_reg[0]/C","ecc_leaf_b_q_reg[2]/D","other","FDCE=2;LUT4=3;LUT5=2"
538,1.442,5.000,3.555,1.085,2.470,0.695,5,"ecc_leaf_id_q_reg[0]/C","ecc_leaf_b_q_reg[3]/D","other","FDCE=2;LUT4=2;LUT5=2;LUT6=1"
539,1.442,5.000,3.555,1.085,2.470,0.695,5,"ecc_leaf_id_q_reg[0]/C","ecc_leaf_b_q_reg[4]/D","other","FDCE=2;LUT4=3;LUT5=2"
540,1.442,5.000,3.555,1.085,2.470,0.695,5,"ecc_leaf_id_q_reg[0]/C","ecc_leaf_b_q_reg[5]/D","other","FDCE=2;LUT4=2;LUT5=3"
541,1.442,5.000,3.555,1.085,2.470,0.695,5,"ecc_leaf_id_q_reg[0]/C","ecc_leaf_b_q_reg[6]/D","other","FDCE=2;LUT4=3;LUT5=2"
542,1.442,5.000,3.555,1.085,2.470,0.695,5,"ecc_leaf_id_q_reg[0]/C","ecc_leaf_b_q_reg[8]/D","other","FDCE=2;LUT4=2;LUT5=2;LUT6=1"
543,1.442,5.000,3.555,1.085,2.470,0.695,5,"ecc_leaf_id_q_reg[0]/C","ecc_leaf_b_q_reg[9]/D","other","FDCE=2;LUT4=3;LUT5=2"
544,1.447,5.000,3.579,1.687,1.892,0.529,5,"gen_lane[2].i_p2_pop_slice/popcount_part_q_o_reg[1][0]/C","group_dist_q_reg[2]/D","P2 popcount capture","CARRY4=2;FDCE=2;LUT3=2;LUT6=1"
545,1.487,5.000,3.510,0.980,2.530,0.721,4,"ecc_k_q_reg[1]/C","vrf_wd_q_reg[3][12]/D","VRF/read/writeback","FDCE=2;LUT5=1;LUT6=2;RAMD32=1"
546,1.540,5.000,3.249,0.980,2.269,0.698,4,"uop_p0_q_reg[class_idx][0]/C","hmatch_budget_q_reg[0]/CE","TOP control","FDCE=2;LUT4=1;LUT6=3"
547,1.540,5.000,3.249,0.980,2.269,0.698,4,"uop_p0_q_reg[class_idx][0]/C","hmatch_budget_q_reg[10]/CE","TOP control","FDCE=2;LUT4=1;LUT6=3"
548,1.540,5.000,3.249,0.980,2.269,0.698,4,"uop_p0_q_reg[class_idx][0]/C","hmatch_budget_q_reg[11]_inv/CE","TOP control","FDCE=1;FDPE=1;LUT4=1;LUT6=3"
549,1.540,5.000,3.249,0.980,2.269,0.698,4,"uop_p0_q_reg[class_idx][0]/C","hmatch_budget_q_reg[1]/CE","TOP control","FDCE=2;LUT4=1;LUT6=3"
550,1.540,5.000,3.249,0.980,2.269,0.698,4,"uop_p0_q_reg[class_idx][0]/C","hmatch_budget_q_reg[2]/CE","TOP control","FDCE=2;LUT4=1;LUT6=3"
551,1.540,5.000,3.249,0.980,2.269,0.698,4,"uop_p0_q_reg[class_idx][0]/C","hmatch_budget_q_reg[3]/CE","TOP control","FDCE=2;LUT4=1;LUT6=3"
552,1.540,5.000,3.249,0.980,2.269,0.698,4,"uop_p0_q_reg[class_idx][0]/C","hmatch_budget_q_reg[4]/CE","TOP control","FDCE=2;LUT4=1;LUT6=3"
553,1.540,5.000,3.249,0.980,2.269,0.698,4,"uop_p0_q_reg[class_idx][0]/C","hmatch_budget_q_reg[5]/CE","TOP control","FDCE=2;LUT4=1;LUT6=3"
554,1.540,5.000,3.249,0.980,2.269,0.698,4,"uop_p0_q_reg[class_idx][0]/C","hmatch_budget_q_reg[6]/CE","TOP control","FDCE=2;LUT4=1;LUT6=3"
555,1.540,5.000,3.249,0.980,2.269,0.698,4,"uop_p0_q_reg[class_idx][0]/C","hmatch_budget_q_reg[7]/CE","TOP control","FDCE=2;LUT4=1;LUT6=3"
556,1.540,5.000,3.249,0.980,2.269,0.698,4,"uop_p0_q_reg[class_idx][0]/C","hmatch_budget_q_reg[8]/CE","TOP control","FDCE=2;LUT4=1;LUT6=3"
557,1.540,5.000,3.249,0.980,2.269,0.698,4,"uop_p0_q_reg[class_idx][0]/C","hmatch_budget_q_reg[9]/CE","TOP control","FDCE=2;LUT4=1;LUT6=3"
558,1.557,5.000,3.440,1.085,2.355,0.685,5,"a_q_reg[16]/C","ecc_k_q_reg[0]/D","other","FDCE=2;LUT4=1;LUT6=4"
559,1.557,5.000,3.440,1.085,2.355,0.685,5,"a_q_reg[16]/C","ecc_k_q_reg[0]_rep/D","other","FDCE=2;LUT4=1;LUT6=4"
560,1.557,5.000,3.440,1.085,2.355,0.685,5,"a_q_reg[16]/C","ecc_k_q_reg[1]/D","other","FDCE=2;LUT5=1;LUT6=4"
561,1.557,5.000,3.440,1.085,2.355,0.685,5,"a_q_reg[16]/C","ecc_k_q_reg[2]/D","other","FDCE=2;LUT6=5"
562,1.620,5.000,3.169,0.980,2.189,0.691,4,"a_q_reg[5]/C","hperm_dst_base_q_reg[2]/CE","other","FDCE=2;LUT4=1;LUT5=1;LUT6=2"
563,1.620,5.000,3.169,0.980,2.189,0.691,4,"a_q_reg[5]/C","hperm_dst_base_q_reg[3]/CE","other","FDCE=2;LUT4=1;LUT5=1;LUT6=2"
564,1.620,5.000,3.169,0.980,2.189,0.691,4,"a_q_reg[5]/C","hperm_dst_base_q_reg[4]/CE","other","FDCE=2;LUT4=1;LUT5=1;LUT6=2"
565,1.620,5.000,3.169,0.980,2.189,0.691,4,"a_q_reg[5]/C","hperm_dst_base_q_reg[5]/CE","other","FDCE=2;LUT4=1;LUT5=1;LUT6=2"
566,1.620,5.000,3.169,0.980,2.189,0.691,4,"a_q_reg[5]/C","hperm_lane_base_q_reg[0]/CE","other","FDCE=2;LUT4=1;LUT5=1;LUT6=2"
567,1.620,5.000,3.169,0.980,2.189,0.691,4,"a_q_reg[5]/C","hperm_lane_base_q_reg[0]_rep/CE","other","FDCE=2;LUT4=1;LUT5=1;LUT6=2"
568,1.620,5.000,3.169,0.980,2.189,0.691,4,"a_q_reg[5]/C","hperm_lane_base_q_reg[0]_rep__0/CE","other","FDCE=2;LUT4=1;LUT5=1;LUT6=2"
569,1.620,5.000,3.169,0.980,2.189,0.691,4,"a_q_reg[5]/C","hperm_lane_base_q_reg[0]_rep__1/CE","other","FDCE=2;LUT4=1;LUT5=1;LUT6=2"
570,1.620,5.000,3.169,0.980,2.189,0.691,4,"a_q_reg[5]/C","hperm_lane_base_q_reg[1]/CE","other","FDCE=2;LUT4=1;LUT5=1;LUT6=2"
571,1.620,5.000,3.169,0.980,2.189,0.691,4,"a_q_reg[5]/C","hperm_lane_base_q_reg[1]_rep/CE","other","FDCE=2;LUT4=1;LUT5=1;LUT6=2"
572,1.620,5.000,3.169,0.980,2.189,0.691,4,"a_q_reg[5]/C","hperm_lane_base_q_reg[1]_rep__0/CE","other","FDCE=2;LUT4=1;LUT5=1;LUT6=2"
573,1.620,5.000,3.169,0.980,2.189,0.691,4,"a_q_reg[5]/C","hperm_lane_base_q_reg[1]_rep__1/CE","other","FDCE=2;LUT4=1;LUT5=1;LUT6=2"
574,1.620,5.000,3.169,0.980,2.189,0.691,4,"a_q_reg[5]/C","hperm_nibble_q_reg[0]/CE","other","FDCE=2;LUT4=1;LUT5=1;LUT6=2"
575,1.620,5.000,3.169,0.980,2.189,0.691,4,"a_q_reg[5]/C","hperm_src_base_q_reg[2]/CE","other","FDCE=2;LUT4=1;LUT5=1;LUT6=2"
576,1.620,5.000,3.169,0.980,2.189,0.691,4,"a_q_reg[5]/C","hperm_src_base_q_reg[3]/CE","other","FDCE=2;LUT4=1;LUT5=1;LUT6=2"
577,1.620,5.000,3.169,0.980,2.189,0.691,4,"a_q_reg[5]/C","hperm_src_base_q_reg[4]/CE","other","FDCE=2;LUT4=1;LUT5=1;LUT6=2"
578,1.620,5.000,3.169,0.980,2.189,0.691,4,"a_q_reg[5]/C","hperm_src_base_q_reg[5]/CE","other","FDCE=2;LUT4=1;LUT5=1;LUT6=2"
579,1.620,5.000,3.169,0.980,2.189,0.691,4,"a_q_reg[5]/C","hperm_word_off_q_reg[2]/CE","other","FDCE=2;LUT4=1;LUT5=1;LUT6=2"
580,1.620,5.000,3.169,0.980,2.189,0.691,4,"a_q_reg[5]/C","hperm_word_off_q_reg[3]/CE","other","FDCE=2;LUT4=1;LUT5=1;LUT6=2"
581,1.625,5.000,3.093,0.980,2.113,0.683,4,"ecc_fold_word_q_reg[1]/C","ecc_product_odd_reg_0_3_0_0/DP/I","other","FDCE=1;LUT4=1;LUT5=1;LUT6=2;RAMD32=1"
582,1.625,5.000,3.093,0.980,2.113,0.683,4,"ecc_fold_word_q_reg[1]/C","ecc_product_odd_reg_0_3_10_10/DP/I","other","FDCE=1;LUT4=1;LUT5=1;LUT6=2;RAMD32=1"
583,1.625,5.000,3.093,0.980,2.113,0.683,4,"ecc_fold_word_q_reg[1]/C","ecc_product_odd_reg_0_3_11_11/DP/I","other","FDCE=1;LUT4=1;LUT5=1;LUT6=2;RAMD32=1"
584,1.625,5.000,3.093,0.980,2.113,0.683,4,"ecc_fold_word_q_reg[1]/C","ecc_product_odd_reg_0_3_12_12/DP/I","other","FDCE=1;LUT4=1;LUT5=1;LUT6=2;RAMD32=1"
585,1.625,5.000,3.093,0.980,2.113,0.683,4,"ecc_fold_word_q_reg[1]/C","ecc_product_odd_reg_0_3_13_13/DP/I","other","FDCE=1;LUT4=1;LUT5=1;LUT6=2;RAMD32=1"
586,1.625,5.000,3.093,0.980,2.113,0.683,4,"ecc_fold_word_q_reg[1]/C","ecc_product_odd_reg_0_3_14_14/DP/I","other","FDCE=1;LUT4=1;LUT5=1;LUT6=2;RAMD32=1"
587,1.625,5.000,3.093,0.980,2.113,0.683,4,"ecc_fold_word_q_reg[1]/C","ecc_product_odd_reg_0_3_15_15/DP/I","other","FDCE=1;LUT4=1;LUT5=1;LUT6=2;RAMD32=1"
588,1.625,5.000,3.093,0.980,2.113,0.683,4,"ecc_fold_word_q_reg[1]/C","ecc_product_odd_reg_0_3_16_16/DP/I","other","FDCE=1;LUT4=1;LUT5=1;LUT6=2;RAMD32=1"
589,1.625,5.000,3.093,0.980,2.113,0.683,4,"ecc_fold_word_q_reg[1]/C","ecc_product_odd_reg_0_3_17_17/DP/I","other","FDCE=1;LUT4=1;LUT5=1;LUT6=2;RAMD32=1"
590,1.625,5.000,3.093,0.980,2.113,0.683,4,"ecc_fold_word_q_reg[1]/C","ecc_product_odd_reg_0_3_18_18/DP/I","other","FDCE=1;LUT4=1;LUT5=1;LUT6=2;RAMD32=1"
591,1.625,5.000,3.093,0.980,2.113,0.683,4,"ecc_fold_word_q_reg[1]/C","ecc_product_odd_reg_0_3_19_19/DP/I","other","FDCE=1;LUT4=1;LUT5=1;LUT6=2;RAMD32=1"
592,1.625,5.000,3.093,0.980,2.113,0.683,4,"ecc_fold_word_q_reg[1]/C","ecc_product_odd_reg_0_3_1_1/DP/I","other","FDCE=1;LUT4=1;LUT5=1;LUT6=2;RAMD32=1"
593,1.625,5.000,3.093,0.980,2.113,0.683,4,"ecc_fold_word_q_reg[1]/C","ecc_product_odd_reg_0_3_20_20/DP/I","other","FDCE=1;LUT4=1;LUT5=1;LUT6=2;RAMD32=1"
594,1.625,5.000,3.093,0.980,2.113,0.683,4,"ecc_fold_word_q_reg[1]/C","ecc_product_odd_reg_0_3_21_21/DP/I","other","FDCE=1;LUT4=1;LUT5=1;LUT6=2;RAMD32=1"
595,1.625,5.000,3.093,0.980,2.113,0.683,4,"ecc_fold_word_q_reg[1]/C","ecc_product_odd_reg_0_3_22_22/DP/I","other","FDCE=1;LUT4=1;LUT5=1;LUT6=2;RAMD32=1"
596,1.625,5.000,3.093,0.980,2.113,0.683,4,"ecc_fold_word_q_reg[1]/C","ecc_product_odd_reg_0_3_23_23/DP/I","other","FDCE=1;LUT4=1;LUT5=1;LUT6=2;RAMD32=1"
597,1.625,5.000,3.093,0.980,2.113,0.683,4,"ecc_fold_word_q_reg[1]/C","ecc_product_odd_reg_0_3_24_24/DP/I","other","FDCE=1;LUT4=1;LUT5=1;LUT6=2;RAMD32=1"
598,1.625,5.000,3.093,0.980,2.113,0.683,4,"ecc_fold_word_q_reg[1]/C","ecc_product_odd_reg_0_3_25_25/DP/I","other","FDCE=1;LUT4=1;LUT5=1;LUT6=2;RAMD32=1"
599,1.625,5.000,3.093,0.980,2.113,0.683,4,"ecc_fold_word_q_reg[1]/C","ecc_product_odd_reg_0_3_26_26/DP/I","other","FDCE=1;LUT4=1;LUT5=1;LUT6=2;RAMD32=1"
600,1.625,5.000,3.093,0.980,2.113,0.683,4,"ecc_fold_word_q_reg[1]/C","ecc_product_odd_reg_0_3_27_27/DP/I","other","FDCE=1;LUT4=1;LUT5=1;LUT6=2;RAMD32=1"
601,1.625,5.000,3.093,0.980,2.113,0.683,4,"ecc_fold_word_q_reg[1]/C","ecc_product_odd_reg_0_3_28_28/DP/I","other","FDCE=1;LUT4=1;LUT5=1;LUT6=2;RAMD32=1"
602,1.625,5.000,3.093,0.980,2.113,0.683,4,"ecc_fold_word_q_reg[1]/C","ecc_product_odd_reg_0_3_29_29/DP/I","other","FDCE=1;LUT4=1;LUT5=1;LUT6=2;RAMD32=1"
603,1.625,5.000,3.093,0.980,2.113,0.683,4,"ecc_fold_word_q_reg[1]/C","ecc_product_odd_reg_0_3_2_2/DP/I","other","FDCE=1;LUT4=1;LUT5=1;LUT6=2;RAMD32=1"
604,1.625,5.000,3.093,0.980,2.113,0.683,4,"ecc_fold_word_q_reg[1]/C","ecc_product_odd_reg_0_3_30_30/DP/I","other","FDCE=1;LUT4=1;LUT5=1;LUT6=2;RAMD32=1"
605,1.625,5.000,3.093,0.980,2.113,0.683,4,"ecc_fold_word_q_reg[1]/C","ecc_product_odd_reg_0_3_31_31/DP/I","other","FDCE=1;LUT4=2;LUT5=1;LUT6=1;RAMD32=1"
606,1.625,5.000,3.093,0.980,2.113,0.683,4,"ecc_fold_word_q_reg[1]/C","ecc_product_odd_reg_0_3_32_32/DP/I","other","FDCE=1;LUT4=1;LUT5=1;LUT6=2;RAMD32=1"
607,1.625,5.000,3.093,0.980,2.113,0.683,4,"ecc_fold_word_q_reg[1]/C","ecc_product_odd_reg_0_3_33_33/DP/I","other","FDCE=1;LUT4=1;LUT5=1;LUT6=2;RAMD32=1"
608,1.625,5.000,3.093,0.980,2.113,0.683,4,"ecc_fold_word_q_reg[1]/C","ecc_product_odd_reg_0_3_34_34/DP/I","other","FDCE=1;LUT4=1;LUT5=1;LUT6=2;RAMD32=1"
609,1.625,5.000,3.093,0.980,2.113,0.683,4,"ecc_fold_word_q_reg[1]/C","ecc_product_odd_reg_0_3_35_35/DP/I","other","FDCE=1;LUT4=1;LUT5=1;LUT6=2;RAMD32=1"
610,1.625,5.000,3.093,0.980,2.113,0.683,4,"ecc_fold_word_q_reg[1]/C","ecc_product_odd_reg_0_3_36_36/DP/I","other","FDCE=1;LUT4=1;LUT5=1;LUT6=2;RAMD32=1"
611,1.625,5.000,3.093,0.980,2.113,0.683,4,"ecc_fold_word_q_reg[1]/C","ecc_product_odd_reg_0_3_37_37/DP/I","other","FDCE=1;LUT4=1;LUT5=1;LUT6=2;RAMD32=1"
612,1.625,5.000,3.093,0.980,2.113,0.683,4,"ecc_fold_word_q_reg[1]/C","ecc_product_odd_reg_0_3_38_38/DP/I","other","FDCE=1;LUT4=1;LUT5=1;LUT6=2;RAMD32=1"
613,1.625,5.000,3.093,0.980,2.113,0.683,4,"ecc_fold_word_q_reg[1]/C","ecc_product_odd_reg_0_3_39_39/DP/I","other","FDCE=1;LUT4=1;LUT5=1;LUT6=2;RAMD32=1"
614,1.625,5.000,3.093,0.980,2.113,0.683,4,"ecc_fold_word_q_reg[1]/C","ecc_product_odd_reg_0_3_3_3/DP/I","other","FDCE=1;LUT4=1;LUT5=1;LUT6=2;RAMD32=1"
615,1.625,5.000,3.093,0.980,2.113,0.683,4,"ecc_fold_word_q_reg[1]/C","ecc_product_odd_reg_0_3_40_40/DP/I","other","FDCE=1;LUT4=1;LUT5=1;LUT6=2;RAMD32=1"
616,1.625,5.000,3.093,0.980,2.113,0.683,4,"ecc_fold_word_q_reg[1]/C","ecc_product_odd_reg_0_3_41_41/DP/I","other","FDCE=1;LUT4=1;LUT5=1;LUT6=2;RAMD32=1"
617,1.625,5.000,3.093,0.980,2.113,0.683,4,"ecc_fold_word_q_reg[1]/C","ecc_product_odd_reg_0_3_42_42/DP/I","other","FDCE=1;LUT4=1;LUT5=1;LUT6=2;RAMD32=1"
618,1.625,5.000,3.093,0.980,2.113,0.683,4,"ecc_fold_word_q_reg[1]/C","ecc_product_odd_reg_0_3_43_43/DP/I","other","FDCE=1;LUT4=1;LUT5=1;LUT6=2;RAMD32=1"
619,1.625,5.000,3.093,0.980,2.113,0.683,4,"ecc_fold_word_q_reg[1]/C","ecc_product_odd_reg_0_3_44_44/DP/I","other","FDCE=1;LUT4=1;LUT5=1;LUT6=2;RAMD32=1"
620,1.625,5.000,3.093,0.980,2.113,0.683,4,"ecc_fold_word_q_reg[1]/C","ecc_product_odd_reg_0_3_45_45/DP/I","other","FDCE=1;LUT4=1;LUT5=1;LUT6=2;RAMD32=1"
621,1.625,5.000,3.093,0.980,2.113,0.683,4,"ecc_fold_word_q_reg[1]/C","ecc_product_odd_reg_0_3_46_46/DP/I","other","FDCE=1;LUT4=1;LUT5=1;LUT6=2;RAMD32=1"
622,1.625,5.000,3.093,0.980,2.113,0.683,4,"ecc_fold_word_q_reg[1]/C","ecc_product_odd_reg_0_3_47_47/DP/I","other","FDCE=1;LUT4=1;LUT5=1;LUT6=2;RAMD32=1"
623,1.625,5.000,3.093,0.980,2.113,0.683,4,"ecc_fold_word_q_reg[1]/C","ecc_product_odd_reg_0_3_48_48/DP/I","other","FDCE=1;LUT4=1;LUT5=1;LUT6=2;RAMD32=1"
624,1.625,5.000,3.093,0.980,2.113,0.683,4,"ecc_fold_word_q_reg[1]/C","ecc_product_odd_reg_0_3_49_49/DP/I","other","FDCE=1;LUT4=1;LUT5=1;LUT6=2;RAMD32=1"
625,1.625,5.000,3.093,0.980,2.113,0.683,4,"ecc_fold_word_q_reg[1]/C","ecc_product_odd_reg_0_3_4_4/DP/I","other","FDCE=1;LUT4=1;LUT5=1;LUT6=2;RAMD32=1"
626,1.625,5.000,3.093,0.980,2.113,0.683,4,"ecc_fold_word_q_reg[1]/C","ecc_product_odd_reg_0_3_50_50/DP/I","other","FDCE=1;LUT4=1;LUT5=1;LUT6=2;RAMD32=1"
627,1.625,5.000,3.093,0.980,2.113,0.683,4,"ecc_fold_word_q_reg[1]/C","ecc_product_odd_reg_0_3_51_51/DP/I","other","FDCE=1;LUT4=1;LUT5=1;LUT6=2;RAMD32=1"
628,1.625,5.000,3.093,0.980,2.113,0.683,4,"ecc_fold_word_q_reg[1]/C","ecc_product_odd_reg_0_3_52_52/DP/I","other","FDCE=1;LUT4=1;LUT5=1;LUT6=2;RAMD32=1"
629,1.625,5.000,3.093,0.980,2.113,0.683,4,"ecc_fold_word_q_reg[1]/C","ecc_product_odd_reg_0_3_53_53/DP/I","other","FDCE=1;LUT4=1;LUT5=1;LUT6=2;RAMD32=1"
630,1.625,5.000,3.093,0.980,2.113,0.683,4,"ecc_fold_word_q_reg[1]/C","ecc_product_odd_reg_0_3_54_54/DP/I","other","FDCE=1;LUT4=1;LUT5=1;LUT6=2;RAMD32=1"
631,1.625,5.000,3.093,0.980,2.113,0.683,4,"ecc_fold_word_q_reg[1]/C","ecc_product_odd_reg_0_3_55_55/DP/I","other","FDCE=1;LUT4=1;LUT5=1;LUT6=2;RAMD32=1"
632,1.625,5.000,3.093,0.980,2.113,0.683,4,"ecc_fold_word_q_reg[1]/C","ecc_product_odd_reg_0_3_56_56/DP/I","other","FDCE=1;LUT4=1;LUT5=1;LUT6=2;RAMD32=1"
633,1.625,5.000,3.093,0.980,2.113,0.683,4,"ecc_fold_word_q_reg[1]/C","ecc_product_odd_reg_0_3_57_57/DP/I","other","FDCE=1;LUT4=1;LUT5=1;LUT6=2;RAMD32=1"
634,1.625,5.000,3.093,0.980,2.113,0.683,4,"ecc_fold_word_q_reg[1]/C","ecc_product_odd_reg_0_3_58_58/DP/I","other","FDCE=1;LUT4=1;LUT5=1;LUT6=2;RAMD32=1"
635,1.625,5.000,3.093,0.980,2.113,0.683,4,"ecc_fold_word_q_reg[1]/C","ecc_product_odd_reg_0_3_59_59/DP/I","other","FDCE=1;LUT4=1;LUT5=1;LUT6=2;RAMD32=1"
636,1.625,5.000,3.093,0.980,2.113,0.683,4,"ecc_fold_word_q_reg[1]/C","ecc_product_odd_reg_0_3_5_5/DP/I","other","FDCE=1;LUT4=1;LUT5=1;LUT6=2;RAMD32=1"
637,1.625,5.000,3.093,0.980,2.113,0.683,4,"ecc_fold_word_q_reg[1]/C","ecc_product_odd_reg_0_3_60_60/DP/I","other","FDCE=1;LUT4=1;LUT5=1;LUT6=2;RAMD32=1"
638,1.625,5.000,3.093,0.980,2.113,0.683,4,"ecc_fold_word_q_reg[1]/C","ecc_product_odd_reg_0_3_61_61/DP/I","other","FDCE=1;LUT4=1;LUT5=1;LUT6=2;RAMD32=1"
639,1.625,5.000,3.093,0.980,2.113,0.683,4,"ecc_fold_word_q_reg[1]/C","ecc_product_odd_reg_0_3_62_62/DP/I","other","FDCE=1;LUT4=1;LUT5=1;LUT6=2;RAMD32=1"
640,1.625,5.000,3.093,0.980,2.113,0.683,4,"ecc_fold_word_q_reg[1]/C","ecc_product_odd_reg_0_3_6_6/DP/I","other","FDCE=1;LUT4=1;LUT5=1;LUT6=2;RAMD32=1"
641,1.625,5.000,3.093,0.980,2.113,0.683,4,"ecc_fold_word_q_reg[1]/C","ecc_product_odd_reg_0_3_7_7/DP/I","other","FDCE=1;LUT4=1;LUT5=1;LUT6=2;RAMD32=1"
642,1.625,5.000,3.093,0.980,2.113,0.683,4,"ecc_fold_word_q_reg[1]/C","ecc_product_odd_reg_0_3_8_8/DP/I","other","FDCE=1;LUT4=1;LUT5=1;LUT6=2;RAMD32=1"
643,1.625,5.000,3.093,0.980,2.113,0.683,4,"ecc_fold_word_q_reg[1]/C","ecc_product_odd_reg_0_3_9_9/DP/I","other","FDCE=1;LUT4=1;LUT5=1;LUT6=2;RAMD32=1"
644,1.635,5.000,3.154,0.980,2.174,0.689,4,"op_q_reg[2]/C","st_q_reg[0]/CE","TOP control","FDCE=2;LUT3=1;LUT5=1;LUT6=2"
645,1.635,5.000,3.154,0.980,2.174,0.689,4,"op_q_reg[2]/C","st_q_reg[0]_rep/CE","TOP control","FDCE=2;LUT3=1;LUT5=1;LUT6=2"
646,1.635,5.000,3.154,0.980,2.174,0.689,4,"op_q_reg[2]/C","st_q_reg[0]_rep__0/CE","TOP control","FDCE=2;LUT3=1;LUT5=1;LUT6=2"
647,1.635,5.000,3.154,0.980,2.174,0.689,4,"op_q_reg[2]/C","st_q_reg[0]_rep__1/CE","TOP control","FDCE=2;LUT3=1;LUT5=1;LUT6=2"
648,1.635,5.000,3.154,0.980,2.174,0.689,4,"op_q_reg[2]/C","st_q_reg[0]_rep__2/CE","TOP control","FDCE=2;LUT3=1;LUT5=1;LUT6=2"
649,1.635,5.000,3.154,0.980,2.174,0.689,4,"op_q_reg[2]/C","st_q_reg[1]/CE","TOP control","FDCE=2;LUT3=1;LUT5=1;LUT6=2"
650,1.635,5.000,3.154,0.980,2.174,0.689,4,"op_q_reg[2]/C","st_q_reg[1]_rep/CE","TOP control","FDCE=2;LUT3=1;LUT5=1;LUT6=2"
651,1.635,5.000,3.154,0.980,2.174,0.689,4,"op_q_reg[2]/C","st_q_reg[1]_rep__0/CE","TOP control","FDCE=2;LUT3=1;LUT5=1;LUT6=2"
652,1.635,5.000,3.154,0.980,2.174,0.689,4,"op_q_reg[2]/C","st_q_reg[1]_rep__1/CE","TOP control","FDCE=2;LUT3=1;LUT5=1;LUT6=2"
653,1.635,5.000,3.154,0.980,2.174,0.689,4,"op_q_reg[2]/C","st_q_reg[2]/CE","TOP control","FDCE=2;LUT3=1;LUT5=1;LUT6=2"
654,1.635,5.000,3.154,0.980,2.174,0.689,4,"op_q_reg[2]/C","st_q_reg[2]_rep/CE","TOP control","FDCE=2;LUT3=1;LUT5=1;LUT6=2"
655,1.635,5.000,3.154,0.980,2.174,0.689,4,"op_q_reg[2]/C","st_q_reg[2]_rep__0/CE","TOP control","FDCE=2;LUT3=1;LUT5=1;LUT6=2"
656,1.635,5.000,3.154,0.980,2.174,0.689,4,"op_q_reg[2]/C","st_q_reg[2]_rep__1/CE","TOP control","FDCE=2;LUT3=1;LUT5=1;LUT6=2"
657,1.635,5.000,3.154,0.980,2.174,0.689,4,"op_q_reg[2]/C","st_q_reg[3]/CE","TOP control","FDCE=2;LUT3=1;LUT5=1;LUT6=2"
658,1.635,5.000,3.154,0.980,2.174,0.689,4,"op_q_reg[2]/C","st_q_reg[3]_rep/CE","TOP control","FDCE=2;LUT3=1;LUT5=1;LUT6=2"
659,1.635,5.000,3.154,0.980,2.174,0.689,4,"op_q_reg[2]/C","st_q_reg[3]_rep__0/CE","TOP control","FDCE=2;LUT3=1;LUT5=1;LUT6=2"
660,1.635,5.000,3.154,0.980,2.174,0.689,4,"op_q_reg[2]/C","st_q_reg[3]_rep__1/CE","TOP control","FDCE=2;LUT3=1;LUT5=1;LUT6=2"
661,1.635,5.000,3.154,0.980,2.174,0.689,4,"op_q_reg[2]/C","st_q_reg[3]_rep__2/CE","TOP control","FDCE=2;LUT3=1;LUT5=1;LUT6=2"
662,1.635,5.000,3.154,0.980,2.174,0.689,4,"op_q_reg[2]/C","st_q_reg[4]/CE","TOP control","FDCE=2;LUT3=1;LUT5=1;LUT6=2"
663,1.635,5.000,3.154,0.980,2.174,0.689,4,"op_q_reg[2]/C","st_q_reg[4]_rep/CE","TOP control","FDCE=2;LUT3=1;LUT5=1;LUT6=2"
664,1.635,5.000,3.154,0.980,2.174,0.689,4,"op_q_reg[2]/C","st_q_reg[4]_rep__0/CE","TOP control","FDCE=2;LUT3=1;LUT5=1;LUT6=2"
665,1.635,5.000,3.154,0.980,2.174,0.689,4,"op_q_reg[2]/C","st_q_reg[4]_rep__1/CE","TOP control","FDCE=2;LUT3=1;LUT5=1;LUT6=2"
666,1.643,5.000,3.075,0.875,2.200,0.715,3,"ecc_fold_word_q_reg[1]/C","ecc_product_even_reg_0_3_63_63/DP/I","other","FDCE=1;LUT4=1;LUT5=1;LUT6=1;RAMD32=1"
667,1.647,5.000,3.350,1.000,2.350,0.701,4,"op_q_reg[2]/C","uop_p0_q_reg[src1_addr][5]/D","TOP control","FDCE=2;LUT4=1;LUT6=3"
668,1.660,5.000,3.093,0.980,2.113,0.683,4,"ecc_fold_word_q_reg[1]/C","ecc_product_odd_reg_0_3_0_0/SP/I","other","FDCE=1;LUT4=1;LUT5=1;LUT6=2;RAMD32=1"
669,1.660,5.000,3.093,0.980,2.113,0.683,4,"ecc_fold_word_q_reg[1]/C","ecc_product_odd_reg_0_3_10_10/SP/I","other","FDCE=1;LUT4=1;LUT5=1;LUT6=2;RAMD32=1"
670,1.660,5.000,3.093,0.980,2.113,0.683,4,"ecc_fold_word_q_reg[1]/C","ecc_product_odd_reg_0_3_11_11/SP/I","other","FDCE=1;LUT4=1;LUT5=1;LUT6=2;RAMD32=1"
671,1.660,5.000,3.093,0.980,2.113,0.683,4,"ecc_fold_word_q_reg[1]/C","ecc_product_odd_reg_0_3_12_12/SP/I","other","FDCE=1;LUT4=1;LUT5=1;LUT6=2;RAMD32=1"
672,1.660,5.000,3.093,0.980,2.113,0.683,4,"ecc_fold_word_q_reg[1]/C","ecc_product_odd_reg_0_3_13_13/SP/I","other","FDCE=1;LUT4=1;LUT5=1;LUT6=2;RAMD32=1"
673,1.660,5.000,3.093,0.980,2.113,0.683,4,"ecc_fold_word_q_reg[1]/C","ecc_product_odd_reg_0_3_14_14/SP/I","other","FDCE=1;LUT4=1;LUT5=1;LUT6=2;RAMD32=1"
674,1.660,5.000,3.093,0.980,2.113,0.683,4,"ecc_fold_word_q_reg[1]/C","ecc_product_odd_reg_0_3_15_15/SP/I","other","FDCE=1;LUT4=1;LUT5=1;LUT6=2;RAMD32=1"
675,1.660,5.000,3.093,0.980,2.113,0.683,4,"ecc_fold_word_q_reg[1]/C","ecc_product_odd_reg_0_3_16_16/SP/I","other","FDCE=1;LUT4=1;LUT5=1;LUT6=2;RAMD32=1"
676,1.660,5.000,3.093,0.980,2.113,0.683,4,"ecc_fold_word_q_reg[1]/C","ecc_product_odd_reg_0_3_17_17/SP/I","other","FDCE=1;LUT4=1;LUT5=1;LUT6=2;RAMD32=1"
677,1.660,5.000,3.093,0.980,2.113,0.683,4,"ecc_fold_word_q_reg[1]/C","ecc_product_odd_reg_0_3_18_18/SP/I","other","FDCE=1;LUT4=1;LUT5=1;LUT6=2;RAMD32=1"
678,1.660,5.000,3.093,0.980,2.113,0.683,4,"ecc_fold_word_q_reg[1]/C","ecc_product_odd_reg_0_3_19_19/SP/I","other","FDCE=1;LUT4=1;LUT5=1;LUT6=2;RAMD32=1"
679,1.660,5.000,3.093,0.980,2.113,0.683,4,"ecc_fold_word_q_reg[1]/C","ecc_product_odd_reg_0_3_1_1/SP/I","other","FDCE=1;LUT4=1;LUT5=1;LUT6=2;RAMD32=1"
680,1.660,5.000,3.093,0.980,2.113,0.683,4,"ecc_fold_word_q_reg[1]/C","ecc_product_odd_reg_0_3_20_20/SP/I","other","FDCE=1;LUT4=1;LUT5=1;LUT6=2;RAMD32=1"
681,1.660,5.000,3.093,0.980,2.113,0.683,4,"ecc_fold_word_q_reg[1]/C","ecc_product_odd_reg_0_3_21_21/SP/I","other","FDCE=1;LUT4=1;LUT5=1;LUT6=2;RAMD32=1"
682,1.660,5.000,3.093,0.980,2.113,0.683,4,"ecc_fold_word_q_reg[1]/C","ecc_product_odd_reg_0_3_22_22/SP/I","other","FDCE=1;LUT4=1;LUT5=1;LUT6=2;RAMD32=1"
683,1.660,5.000,3.093,0.980,2.113,0.683,4,"ecc_fold_word_q_reg[1]/C","ecc_product_odd_reg_0_3_23_23/SP/I","other","FDCE=1;LUT4=1;LUT5=1;LUT6=2;RAMD32=1"
684,1.660,5.000,3.093,0.980,2.113,0.683,4,"ecc_fold_word_q_reg[1]/C","ecc_product_odd_reg_0_3_24_24/SP/I","other","FDCE=1;LUT4=1;LUT5=1;LUT6=2;RAMD32=1"
685,1.660,5.000,3.093,0.980,2.113,0.683,4,"ecc_fold_word_q_reg[1]/C","ecc_product_odd_reg_0_3_25_25/SP/I","other","FDCE=1;LUT4=1;LUT5=1;LUT6=2;RAMD32=1"
686,1.660,5.000,3.093,0.980,2.113,0.683,4,"ecc_fold_word_q_reg[1]/C","ecc_product_odd_reg_0_3_26_26/SP/I","other","FDCE=1;LUT4=1;LUT5=1;LUT6=2;RAMD32=1"
687,1.660,5.000,3.093,0.980,2.113,0.683,4,"ecc_fold_word_q_reg[1]/C","ecc_product_odd_reg_0_3_27_27/SP/I","other","FDCE=1;LUT4=1;LUT5=1;LUT6=2;RAMD32=1"
688,1.660,5.000,3.093,0.980,2.113,0.683,4,"ecc_fold_word_q_reg[1]/C","ecc_product_odd_reg_0_3_28_28/SP/I","other","FDCE=1;LUT4=1;LUT5=1;LUT6=2;RAMD32=1"
689,1.660,5.000,3.093,0.980,2.113,0.683,4,"ecc_fold_word_q_reg[1]/C","ecc_product_odd_reg_0_3_29_29/SP/I","other","FDCE=1;LUT4=1;LUT5=1;LUT6=2;RAMD32=1"
690,1.660,5.000,3.093,0.980,2.113,0.683,4,"ecc_fold_word_q_reg[1]/C","ecc_product_odd_reg_0_3_2_2/SP/I","other","FDCE=1;LUT4=1;LUT5=1;LUT6=2;RAMD32=1"
691,1.660,5.000,3.093,0.980,2.113,0.683,4,"ecc_fold_word_q_reg[1]/C","ecc_product_odd_reg_0_3_30_30/SP/I","other","FDCE=1;LUT4=1;LUT5=1;LUT6=2;RAMD32=1"
692,1.660,5.000,3.093,0.980,2.113,0.683,4,"ecc_fold_word_q_reg[1]/C","ecc_product_odd_reg_0_3_31_31/SP/I","other","FDCE=1;LUT4=2;LUT5=1;LUT6=1;RAMD32=1"
693,1.660,5.000,3.093,0.980,2.113,0.683,4,"ecc_fold_word_q_reg[1]/C","ecc_product_odd_reg_0_3_32_32/SP/I","other","FDCE=1;LUT4=1;LUT5=1;LUT6=2;RAMD32=1"
694,1.660,5.000,3.093,0.980,2.113,0.683,4,"ecc_fold_word_q_reg[1]/C","ecc_product_odd_reg_0_3_33_33/SP/I","other","FDCE=1;LUT4=1;LUT5=1;LUT6=2;RAMD32=1"
695,1.660,5.000,3.093,0.980,2.113,0.683,4,"ecc_fold_word_q_reg[1]/C","ecc_product_odd_reg_0_3_34_34/SP/I","other","FDCE=1;LUT4=1;LUT5=1;LUT6=2;RAMD32=1"
696,1.660,5.000,3.093,0.980,2.113,0.683,4,"ecc_fold_word_q_reg[1]/C","ecc_product_odd_reg_0_3_35_35/SP/I","other","FDCE=1;LUT4=1;LUT5=1;LUT6=2;RAMD32=1"
697,1.660,5.000,3.093,0.980,2.113,0.683,4,"ecc_fold_word_q_reg[1]/C","ecc_product_odd_reg_0_3_36_36/SP/I","other","FDCE=1;LUT4=1;LUT5=1;LUT6=2;RAMD32=1"
698,1.660,5.000,3.093,0.980,2.113,0.683,4,"ecc_fold_word_q_reg[1]/C","ecc_product_odd_reg_0_3_37_37/SP/I","other","FDCE=1;LUT4=1;LUT5=1;LUT6=2;RAMD32=1"
699,1.660,5.000,3.093,0.980,2.113,0.683,4,"ecc_fold_word_q_reg[1]/C","ecc_product_odd_reg_0_3_38_38/SP/I","other","FDCE=1;LUT4=1;LUT5=1;LUT6=2;RAMD32=1"
700,1.660,5.000,3.093,0.980,2.113,0.683,4,"ecc_fold_word_q_reg[1]/C","ecc_product_odd_reg_0_3_39_39/SP/I","other","FDCE=1;LUT4=1;LUT5=1;LUT6=2;RAMD32=1"
701,1.660,5.000,3.093,0.980,2.113,0.683,4,"ecc_fold_word_q_reg[1]/C","ecc_product_odd_reg_0_3_3_3/SP/I","other","FDCE=1;LUT4=1;LUT5=1;LUT6=2;RAMD32=1"
702,1.660,5.000,3.093,0.980,2.113,0.683,4,"ecc_fold_word_q_reg[1]/C","ecc_product_odd_reg_0_3_40_40/SP/I","other","FDCE=1;LUT4=1;LUT5=1;LUT6=2;RAMD32=1"
703,1.660,5.000,3.093,0.980,2.113,0.683,4,"ecc_fold_word_q_reg[1]/C","ecc_product_odd_reg_0_3_41_41/SP/I","other","FDCE=1;LUT4=1;LUT5=1;LUT6=2;RAMD32=1"
704,1.660,5.000,3.093,0.980,2.113,0.683,4,"ecc_fold_word_q_reg[1]/C","ecc_product_odd_reg_0_3_42_42/SP/I","other","FDCE=1;LUT4=1;LUT5=1;LUT6=2;RAMD32=1"
705,1.660,5.000,3.093,0.980,2.113,0.683,4,"ecc_fold_word_q_reg[1]/C","ecc_product_odd_reg_0_3_43_43/SP/I","other","FDCE=1;LUT4=1;LUT5=1;LUT6=2;RAMD32=1"
706,1.660,5.000,3.093,0.980,2.113,0.683,4,"ecc_fold_word_q_reg[1]/C","ecc_product_odd_reg_0_3_44_44/SP/I","other","FDCE=1;LUT4=1;LUT5=1;LUT6=2;RAMD32=1"
707,1.660,5.000,3.093,0.980,2.113,0.683,4,"ecc_fold_word_q_reg[1]/C","ecc_product_odd_reg_0_3_45_45/SP/I","other","FDCE=1;LUT4=1;LUT5=1;LUT6=2;RAMD32=1"
708,1.660,5.000,3.093,0.980,2.113,0.683,4,"ecc_fold_word_q_reg[1]/C","ecc_product_odd_reg_0_3_46_46/SP/I","other","FDCE=1;LUT4=1;LUT5=1;LUT6=2;RAMD32=1"
709,1.660,5.000,3.093,0.980,2.113,0.683,4,"ecc_fold_word_q_reg[1]/C","ecc_product_odd_reg_0_3_47_47/SP/I","other","FDCE=1;LUT4=1;LUT5=1;LUT6=2;RAMD32=1"
710,1.660,5.000,3.093,0.980,2.113,0.683,4,"ecc_fold_word_q_reg[1]/C","ecc_product_odd_reg_0_3_48_48/SP/I","other","FDCE=1;LUT4=1;LUT5=1;LUT6=2;RAMD32=1"
711,1.660,5.000,3.093,0.980,2.113,0.683,4,"ecc_fold_word_q_reg[1]/C","ecc_product_odd_reg_0_3_49_49/SP/I","other","FDCE=1;LUT4=1;LUT5=1;LUT6=2;RAMD32=1"
712,1.660,5.000,3.093,0.980,2.113,0.683,4,"ecc_fold_word_q_reg[1]/C","ecc_product_odd_reg_0_3_4_4/SP/I","other","FDCE=1;LUT4=1;LUT5=1;LUT6=2;RAMD32=1"
713,1.660,5.000,3.093,0.980,2.113,0.683,4,"ecc_fold_word_q_reg[1]/C","ecc_product_odd_reg_0_3_50_50/SP/I","other","FDCE=1;LUT4=1;LUT5=1;LUT6=2;RAMD32=1"
714,1.660,5.000,3.093,0.980,2.113,0.683,4,"ecc_fold_word_q_reg[1]/C","ecc_product_odd_reg_0_3_51_51/SP/I","other","FDCE=1;LUT4=1;LUT5=1;LUT6=2;RAMD32=1"
715,1.660,5.000,3.093,0.980,2.113,0.683,4,"ecc_fold_word_q_reg[1]/C","ecc_product_odd_reg_0_3_52_52/SP/I","other","FDCE=1;LUT4=1;LUT5=1;LUT6=2;RAMD32=1"
716,1.660,5.000,3.093,0.980,2.113,0.683,4,"ecc_fold_word_q_reg[1]/C","ecc_product_odd_reg_0_3_53_53/SP/I","other","FDCE=1;LUT4=1;LUT5=1;LUT6=2;RAMD32=1"
717,1.660,5.000,3.093,0.980,2.113,0.683,4,"ecc_fold_word_q_reg[1]/C","ecc_product_odd_reg_0_3_54_54/SP/I","other","FDCE=1;LUT4=1;LUT5=1;LUT6=2;RAMD32=1"
718,1.660,5.000,3.093,0.980,2.113,0.683,4,"ecc_fold_word_q_reg[1]/C","ecc_product_odd_reg_0_3_55_55/SP/I","other","FDCE=1;LUT4=1;LUT5=1;LUT6=2;RAMD32=1"
719,1.660,5.000,3.093,0.980,2.113,0.683,4,"ecc_fold_word_q_reg[1]/C","ecc_product_odd_reg_0_3_56_56/SP/I","other","FDCE=1;LUT4=1;LUT5=1;LUT6=2;RAMD32=1"
720,1.660,5.000,3.093,0.980,2.113,0.683,4,"ecc_fold_word_q_reg[1]/C","ecc_product_odd_reg_0_3_57_57/SP/I","other","FDCE=1;LUT4=1;LUT5=1;LUT6=2;RAMD32=1"
721,1.660,5.000,3.093,0.980,2.113,0.683,4,"ecc_fold_word_q_reg[1]/C","ecc_product_odd_reg_0_3_58_58/SP/I","other","FDCE=1;LUT4=1;LUT5=1;LUT6=2;RAMD32=1"
722,1.660,5.000,3.093,0.980,2.113,0.683,4,"ecc_fold_word_q_reg[1]/C","ecc_product_odd_reg_0_3_59_59/SP/I","other","FDCE=1;LUT4=1;LUT5=1;LUT6=2;RAMD32=1"
723,1.660,5.000,3.093,0.980,2.113,0.683,4,"ecc_fold_word_q_reg[1]/C","ecc_product_odd_reg_0_3_5_5/SP/I","other","FDCE=1;LUT4=1;LUT5=1;LUT6=2;RAMD32=1"
724,1.660,5.000,3.093,0.980,2.113,0.683,4,"ecc_fold_word_q_reg[1]/C","ecc_product_odd_reg_0_3_60_60/SP/I","other","FDCE=1;LUT4=1;LUT5=1;LUT6=2;RAMD32=1"
725,1.660,5.000,3.093,0.980,2.113,0.683,4,"ecc_fold_word_q_reg[1]/C","ecc_product_odd_reg_0_3_61_61/SP/I","other","FDCE=1;LUT4=1;LUT5=1;LUT6=2;RAMD32=1"
726,1.660,5.000,3.093,0.980,2.113,0.683,4,"ecc_fold_word_q_reg[1]/C","ecc_product_odd_reg_0_3_62_62/SP/I","other","FDCE=1;LUT4=1;LUT5=1;LUT6=2;RAMD32=1"
727,1.660,5.000,3.093,0.980,2.113,0.683,4,"ecc_fold_word_q_reg[1]/C","ecc_product_odd_reg_0_3_6_6/SP/I","other","FDCE=1;LUT4=1;LUT5=1;LUT6=2;RAMD32=1"
728,1.660,5.000,3.093,0.980,2.113,0.683,4,"ecc_fold_word_q_reg[1]/C","ecc_product_odd_reg_0_3_7_7/SP/I","other","FDCE=1;LUT4=1;LUT5=1;LUT6=2;RAMD32=1"
729,1.660,5.000,3.093,0.980,2.113,0.683,4,"ecc_fold_word_q_reg[1]/C","ecc_product_odd_reg_0_3_8_8/SP/I","other","FDCE=1;LUT4=1;LUT5=1;LUT6=2;RAMD32=1"
730,1.660,5.000,3.093,0.980,2.113,0.683,4,"ecc_fold_word_q_reg[1]/C","ecc_product_odd_reg_0_3_9_9/SP/I","other","FDCE=1;LUT4=1;LUT5=1;LUT6=2;RAMD32=1"
731,1.673,5.000,3.116,0.980,2.136,0.685,4,"op_q_reg[2]/C","clr_cnt_q_reg[0]/CE","other","FDCE=2;LUT3=1;LUT6=3"
732,1.673,5.000,3.116,0.980,2.136,0.685,4,"op_q_reg[2]/C","clr_cnt_q_reg[1]/CE","other","FDCE=2;LUT3=1;LUT6=3"
733,1.673,5.000,3.116,0.980,2.136,0.685,4,"op_q_reg[2]/C","clr_cnt_q_reg[2]/CE","other","FDCE=2;LUT3=1;LUT6=3"
734,1.673,5.000,3.116,0.980,2.136,0.685,4,"op_q_reg[2]/C","clr_cnt_q_reg[3]/CE","other","FDCE=2;LUT3=1;LUT6=3"
735,1.678,5.000,3.075,0.875,2.200,0.715,3,"ecc_fold_word_q_reg[1]/C","ecc_product_even_reg_0_3_63_63/SP/I","other","FDCE=1;LUT4=1;LUT5=1;LUT6=1;RAMD32=1"
736,1.680,5.000,3.317,1.085,2.232,0.673,5,"gen_lane[0].i_p2_pop_slice/bool_result_q_reg[23]/C","gen_lane[0].i_p2_pop_slice/popcount_part_q_o_reg[0][1]/D","P2 popcount capture","FDCE=2;LUT5=3;LUT6=2"
737,1.680,5.000,3.317,1.085,2.232,0.673,5,"gen_lane[0].i_p2_pop_slice/bool_result_q_reg[55]/C","gen_lane[0].i_p2_pop_slice/popcount_part_q_o_reg[1][1]/D","P2 popcount capture","FDCE=2;LUT5=3;LUT6=2"
738,1.680,5.000,3.317,1.085,2.232,0.673,5,"gen_lane[1].i_p2_pop_slice/bool_result_q_reg[23]/C","gen_lane[1].i_p2_pop_slice/popcount_part_q_o_reg[0][1]/D","P2 popcount capture","FDCE=2;LUT5=3;LUT6=2"
739,1.680,5.000,3.317,1.085,2.232,0.673,5,"gen_lane[1].i_p2_pop_slice/bool_result_q_reg[55]/C","gen_lane[1].i_p2_pop_slice/popcount_part_q_o_reg[1][1]/D","P2 popcount capture","FDCE=2;LUT5=3;LUT6=2"
740,1.680,5.000,3.317,1.085,2.232,0.673,5,"gen_lane[2].i_p2_pop_slice/bool_result_q_reg[23]/C","gen_lane[2].i_p2_pop_slice/popcount_part_q_o_reg[0][1]/D","P2 popcount capture","FDCE=2;LUT5=3;LUT6=2"
741,1.680,5.000,3.317,1.085,2.232,0.673,5,"gen_lane[2].i_p2_pop_slice/bool_result_q_reg[55]/C","gen_lane[2].i_p2_pop_slice/popcount_part_q_o_reg[1][1]/D","P2 popcount capture","FDCE=2;LUT5=3;LUT6=2"
742,1.680,5.000,3.317,1.085,2.232,0.673,5,"gen_lane[3].i_p2_pop_slice/bool_result_q_reg[23]/C","gen_lane[3].i_p2_pop_slice/popcount_part_q_o_reg[0][1]/D","P2 popcount capture","FDCE=2;LUT5=3;LUT6=2"
743,1.680,5.000,3.317,1.085,2.232,0.673,5,"gen_lane[3].i_p2_pop_slice/bool_result_q_reg[55]/C","gen_lane[3].i_p2_pop_slice/popcount_part_q_o_reg[1][1]/D","P2 popcount capture","FDCE=2;LUT5=3;LUT6=2"
744,1.699,5.000,3.090,0.895,2.195,0.710,3,"st_q_reg[3]_rep/C","uop_p0_q_reg[chunk_idx][0]/CE","TOP control","FDCE=2;LUT2=1;LUT6=2"
745,1.699,5.000,3.090,0.895,2.195,0.710,3,"st_q_reg[3]_rep/C","uop_p0_q_reg[chunk_idx][1]/CE","TOP control","FDCE=2;LUT2=1;LUT6=2"
746,1.699,5.000,3.090,0.895,2.195,0.710,3,"st_q_reg[3]_rep/C","uop_p0_q_reg[class_idx][0]/CE","TOP control","FDCE=2;LUT2=1;LUT6=2"
747,1.699,5.000,3.090,0.895,2.195,0.710,3,"st_q_reg[3]_rep/C","uop_p0_q_reg[class_idx][1]/CE","TOP control","FDCE=2;LUT2=1;LUT6=2"
748,1.699,5.000,3.090,0.895,2.195,0.710,3,"st_q_reg[3]_rep/C","uop_p0_q_reg[class_idx][2]/CE","TOP control","FDCE=2;LUT2=1;LUT6=2"
749,1.699,5.000,3.090,0.895,2.195,0.710,3,"st_q_reg[3]_rep/C","uop_p0_q_reg[dst_addr][0]/CE","TOP control","FDCE=2;LUT2=1;LUT6=2"
750,1.699,5.000,3.090,0.895,2.195,0.710,3,"st_q_reg[3]_rep/C","uop_p0_q_reg[dst_addr][1]/CE","TOP control","FDCE=2;LUT2=1;LUT6=2"
751,1.699,5.000,3.090,0.895,2.195,0.710,3,"st_q_reg[3]_rep/C","uop_p0_q_reg[dst_addr][2]/CE","TOP control","FDCE=2;LUT2=1;LUT6=2"
752,1.699,5.000,3.090,0.895,2.195,0.710,3,"st_q_reg[3]_rep/C","uop_p0_q_reg[dst_addr][3]/CE","TOP control","FDCE=2;LUT2=1;LUT6=2"
753,1.699,5.000,3.090,0.895,2.195,0.710,3,"st_q_reg[3]_rep/C","uop_p0_q_reg[dst_addr][4]/CE","TOP control","FDCE=2;LUT2=1;LUT6=2"
754,1.699,5.000,3.090,0.895,2.195,0.710,3,"st_q_reg[3]_rep/C","uop_p0_q_reg[dst_addr][5]/CE","TOP control","FDCE=2;LUT2=1;LUT6=2"
755,1.699,5.000,3.090,0.895,2.195,0.710,3,"st_q_reg[3]_rep/C","uop_p0_q_reg[is_last_class]/CE","TOP control","FDCE=2;LUT2=1;LUT6=2"
756,1.699,5.000,3.090,0.895,2.195,0.710,3,"st_q_reg[3]_rep/C","uop_p0_q_reg[op_type][0]/CE","TOP control","FDCE=2;LUT2=1;LUT6=2"
757,1.699,5.000,3.090,0.895,2.195,0.710,3,"st_q_reg[3]_rep/C","uop_p0_q_reg[op_type][1]/CE","TOP control","FDCE=2;LUT2=1;LUT6=2"
758,1.699,5.000,3.090,0.895,2.195,0.710,3,"st_q_reg[3]_rep/C","uop_p0_q_reg[op_type][2]/CE","TOP control","FDCE=2;LUT2=1;LUT6=2"
759,1.699,5.000,3.090,0.895,2.195,0.710,3,"st_q_reg[3]_rep/C","uop_p0_q_reg[perm_nibble][0]/CE","TOP control","FDCE=2;LUT2=1;LUT6=2"
760,1.699,5.000,3.090,0.895,2.195,0.710,3,"st_q_reg[3]_rep/C","uop_p0_q_reg[perm_nibble][1]/CE","TOP control","FDCE=2;LUT2=1;LUT6=2"
761,1.699,5.000,3.090,0.895,2.195,0.710,3,"st_q_reg[3]_rep/C","uop_p0_q_reg[perm_nibble][2]/CE","TOP control","FDCE=2;LUT2=1;LUT6=2"
762,1.699,5.000,3.090,0.895,2.195,0.710,3,"st_q_reg[3]_rep/C","uop_p0_q_reg[perm_nibble][3]/CE","TOP control","FDCE=2;LUT2=1;LUT6=2"
763,1.699,5.000,3.090,0.895,2.195,0.710,3,"st_q_reg[3]_rep/C","uop_p0_q_reg[src0_addr][0]/CE","TOP control","FDCE=2;LUT2=1;LUT6=2"
764,1.699,5.000,3.090,0.895,2.195,0.710,3,"st_q_reg[3]_rep/C","uop_p0_q_reg[src0_addr][1]/CE","TOP control","FDCE=2;LUT2=1;LUT6=2"
765,1.699,5.000,3.090,0.895,2.195,0.710,3,"st_q_reg[3]_rep/C","uop_p0_q_reg[src0_addr][2]/CE","TOP control","FDCE=2;LUT2=1;LUT6=2"
766,1.699,5.000,3.090,0.895,2.195,0.710,3,"st_q_reg[3]_rep/C","uop_p0_q_reg[src0_addr][3]/CE","TOP control","FDCE=2;LUT2=1;LUT6=2"
767,1.699,5.000,3.090,0.895,2.195,0.710,3,"st_q_reg[3]_rep/C","uop_p0_q_reg[src0_addr][4]/CE","TOP control","FDCE=2;LUT2=1;LUT6=2"
768,1.699,5.000,3.090,0.895,2.195,0.710,3,"st_q_reg[3]_rep/C","uop_p0_q_reg[src0_addr][5]/CE","TOP control","FDCE=2;LUT2=1;LUT6=2"
769,1.699,5.000,3.090,0.895,2.195,0.710,3,"st_q_reg[3]_rep/C","uop_p0_q_reg[src1_addr][0]/CE","TOP control","FDCE=2;LUT2=1;LUT6=2"
770,1.699,5.000,3.090,0.895,2.195,0.710,3,"st_q_reg[3]_rep/C","uop_p0_q_reg[src1_addr][1]/CE","TOP control","FDCE=2;LUT2=1;LUT6=2"
771,1.699,5.000,3.090,0.895,2.195,0.710,3,"st_q_reg[3]_rep/C","uop_p0_q_reg[src1_addr][2]/CE","TOP control","FDCE=2;LUT2=1;LUT6=2"
772,1.699,5.000,3.090,0.895,2.195,0.710,3,"st_q_reg[3]_rep/C","uop_p0_q_reg[src1_addr][3]/CE","TOP control","FDCE=2;LUT2=1;LUT6=2"
773,1.699,5.000,3.090,0.895,2.195,0.710,3,"st_q_reg[3]_rep/C","uop_p0_q_reg[src1_addr][4]/CE","TOP control","FDCE=2;LUT2=1;LUT6=2"
774,1.699,5.000,3.090,0.895,2.195,0.710,3,"st_q_reg[3]_rep/C","uop_p0_q_reg[src1_addr][5]/CE","TOP control","FDCE=2;LUT2=1;LUT6=2"
775,1.699,5.000,3.090,0.895,2.195,0.710,3,"st_q_reg[3]_rep/C","uop_p0_q_reg[subgroup_idx][0]/CE","TOP control","FDCE=2;LUT2=1;LUT6=2"
776,1.699,5.000,3.090,0.895,2.195,0.710,3,"st_q_reg[3]_rep/C","uop_p0_q_reg[subgroup_idx][1]/CE","TOP control","FDCE=2;LUT2=1;LUT6=2"
777,1.699,5.000,3.090,0.895,2.195,0.710,3,"st_q_reg[3]_rep/C","uop_p0_q_reg[use_clip]/CE","TOP control","FDCE=2;LUT2=1;LUT6=2"
778,1.699,5.000,3.090,0.895,2.195,0.710,3,"st_q_reg[3]_rep/C","uop_p0_q_reg[use_counter]/CE","TOP control","FDCE=2;LUT2=1;LUT6=2"
779,1.699,5.000,3.090,0.895,2.195,0.710,3,"st_q_reg[3]_rep/C","uop_p0_q_reg[use_shift]/CE","TOP control","FDCE=2;LUT2=1;LUT6=2"
780,1.722,5.000,2.996,0.875,2.121,0.708,3,"ecc_leaf_id_q_reg[3]/C","ecc_product_odd_reg_0_3_63_63/DP/I","other","FDCE=1;LUT4=1;LUT6=2;RAMD32=1"
781,1.726,5.000,3.303,1.181,2.122,0.642,5,"st_q_reg[3]_rep__2/C","uop_p0_q_reg[src1_addr][4]/D","TOP control","FDCE=2;LUT5=1;LUT6=3;MUXF7=1"
782,1.757,5.000,2.996,0.875,2.121,0.708,3,"ecc_leaf_id_q_reg[3]/C","ecc_product_odd_reg_0_3_63_63/SP/I","other","FDCE=1;LUT4=1;LUT6=2;RAMD32=1"
783,1.760,5.000,3.237,1.085,2.152,0.665,5,"a_q_reg[5]/C","uop_p0_q_reg[perm_nibble][0]/D","TOP control","FDCE=2;LUT3=1;LUT4=1;LUT5=1;LUT6=2"
784,1.760,5.000,3.237,1.085,2.152,0.665,5,"a_q_reg[5]/C","uop_p0_q_reg[perm_nibble][1]/D","TOP control","FDCE=2;LUT3=1;LUT4=1;LUT5=1;LUT6=2"
785,1.760,5.000,3.237,1.085,2.152,0.665,5,"a_q_reg[5]/C","uop_p0_q_reg[perm_nibble][2]/D","TOP control","FDCE=2;LUT3=1;LUT4=1;LUT5=1;LUT6=2"
786,1.760,5.000,3.237,1.085,2.152,0.665,5,"a_q_reg[5]/C","uop_p0_q_reg[perm_nibble][3]/D","TOP control","FDCE=2;LUT3=1;LUT4=1;LUT5=1;LUT6=2"
787,1.760,5.000,3.237,1.085,2.152,0.665,5,"a_q_reg[5]/C","uop_p0_q_reg[src0_addr][0]/D","TOP control","FDCE=2;LUT3=1;LUT4=1;LUT5=1;LUT6=2"
788,1.760,5.000,3.237,1.085,2.152,0.665,5,"a_q_reg[5]/C","uop_p0_q_reg[src0_addr][1]/D","TOP control","FDCE=2;LUT3=1;LUT4=1;LUT5=1;LUT6=2"
789,1.760,5.000,3.237,1.085,2.152,0.665,5,"a_q_reg[5]/C","uop_p0_q_reg[src1_addr][0]/D","TOP control","FDCE=2;LUT3=1;LUT4=1;LUT5=1;LUT6=2"
790,1.760,5.000,3.237,1.085,2.152,0.665,5,"a_q_reg[5]/C","uop_p0_q_reg[src1_addr][1]/D","TOP control","FDCE=2;LUT3=1;LUT4=1;LUT5=1;LUT6=2"
791,1.760,5.000,3.237,1.085,2.152,0.665,5,"a_q_reg[5]/C","uop_p0_q_reg[use_shift]/D","TOP control","FDCE=2;LUT3=1;LUT4=1;LUT5=2;LUT6=1"
792,1.784,5.000,3.213,1.085,2.128,0.662,5,"a_q_reg[5]/C","st_q_reg[1]/D","TOP control","FDCE=2;LUT4=2;LUT6=3"
793,1.784,5.000,3.213,1.085,2.128,0.662,5,"a_q_reg[5]/C","st_q_reg[1]_rep/D","TOP control","FDCE=2;LUT4=2;LUT6=3"
794,1.784,5.000,3.213,1.085,2.128,0.662,5,"a_q_reg[5]/C","st_q_reg[1]_rep__0/D","TOP control","FDCE=2;LUT4=2;LUT6=3"
795,1.784,5.000,3.213,1.085,2.128,0.662,5,"a_q_reg[5]/C","st_q_reg[1]_rep__1/D","TOP control","FDCE=2;LUT4=2;LUT6=3"
796,1.786,5.000,3.211,1.098,2.113,0.658,5,"hmatch_best_dist_q_reg[1]/C","hmatch_budget_q_reg[8]/D","HMATCH reduction/compare","FDCE=2;LUT5=2;LUT6=3"
797,1.801,5.000,3.196,1.085,2.111,0.661,5,"a_q_reg[5]/C","uop_p0_q_reg[dst_addr][2]/D","TOP control","FDCE=2;LUT3=1;LUT4=1;LUT5=1;LUT6=2"
798,1.801,5.000,3.196,1.085,2.111,0.661,5,"a_q_reg[5]/C","uop_p0_q_reg[dst_addr][4]/D","TOP control","FDCE=2;LUT3=1;LUT4=1;LUT6=3"
799,1.810,5.000,2.979,0.875,2.104,0.706,3,"st_q_reg[2]_rep__0/C","gen_lane[0].i_p2_pop_slice/bool_result_q_reg[0]/CE","P2 popcount capture","FDCE=2;LUT2=1;LUT4=1;LUT6=1"
800,1.810,5.000,2.979,0.875,2.104,0.706,3,"st_q_reg[2]_rep__0/C","gen_lane[0].i_p2_pop_slice/bool_result_q_reg[10]/CE","P2 popcount capture","FDCE=2;LUT2=1;LUT4=1;LUT6=1"
801,1.810,5.000,2.979,0.875,2.104,0.706,3,"st_q_reg[2]_rep__0/C","gen_lane[0].i_p2_pop_slice/bool_result_q_reg[11]/CE","P2 popcount capture","FDCE=2;LUT2=1;LUT4=1;LUT6=1"
802,1.810,5.000,2.979,0.875,2.104,0.706,3,"st_q_reg[2]_rep__0/C","gen_lane[0].i_p2_pop_slice/bool_result_q_reg[12]/CE","P2 popcount capture","FDCE=2;LUT2=1;LUT4=1;LUT6=1"
803,1.810,5.000,2.979,0.875,2.104,0.706,3,"st_q_reg[2]_rep__0/C","gen_lane[0].i_p2_pop_slice/bool_result_q_reg[13]/CE","P2 popcount capture","FDCE=2;LUT2=1;LUT4=1;LUT6=1"
804,1.810,5.000,2.979,0.875,2.104,0.706,3,"st_q_reg[2]_rep__0/C","gen_lane[0].i_p2_pop_slice/bool_result_q_reg[14]/CE","P2 popcount capture","FDCE=2;LUT2=1;LUT4=1;LUT6=1"
805,1.810,5.000,2.979,0.875,2.104,0.706,3,"st_q_reg[2]_rep__0/C","gen_lane[0].i_p2_pop_slice/bool_result_q_reg[15]/CE","P2 popcount capture","FDCE=2;LUT2=1;LUT4=1;LUT6=1"
806,1.810,5.000,2.979,0.875,2.104,0.706,3,"st_q_reg[2]_rep__0/C","gen_lane[0].i_p2_pop_slice/bool_result_q_reg[16]/CE","P2 popcount capture","FDCE=2;LUT2=1;LUT4=1;LUT6=1"
807,1.810,5.000,2.979,0.875,2.104,0.706,3,"st_q_reg[2]_rep__0/C","gen_lane[0].i_p2_pop_slice/bool_result_q_reg[17]/CE","P2 popcount capture","FDCE=2;LUT2=1;LUT4=1;LUT6=1"
808,1.810,5.000,2.979,0.875,2.104,0.706,3,"st_q_reg[2]_rep__0/C","gen_lane[0].i_p2_pop_slice/bool_result_q_reg[18]/CE","P2 popcount capture","FDCE=2;LUT2=1;LUT4=1;LUT6=1"
809,1.810,5.000,2.979,0.875,2.104,0.706,3,"st_q_reg[2]_rep__0/C","gen_lane[0].i_p2_pop_slice/bool_result_q_reg[19]/CE","P2 popcount capture","FDCE=2;LUT2=1;LUT4=1;LUT6=1"
810,1.810,5.000,2.979,0.875,2.104,0.706,3,"st_q_reg[2]_rep__0/C","gen_lane[0].i_p2_pop_slice/bool_result_q_reg[1]/CE","P2 popcount capture","FDCE=2;LUT2=1;LUT4=1;LUT6=1"
811,1.810,5.000,2.979,0.875,2.104,0.706,3,"st_q_reg[2]_rep__0/C","gen_lane[0].i_p2_pop_slice/bool_result_q_reg[20]/CE","P2 popcount capture","FDCE=2;LUT2=1;LUT4=1;LUT6=1"
812,1.810,5.000,2.979,0.875,2.104,0.706,3,"st_q_reg[2]_rep__0/C","gen_lane[0].i_p2_pop_slice/bool_result_q_reg[21]/CE","P2 popcount capture","FDCE=2;LUT2=1;LUT4=1;LUT6=1"
813,1.810,5.000,2.979,0.875,2.104,0.706,3,"st_q_reg[2]_rep__0/C","gen_lane[0].i_p2_pop_slice/bool_result_q_reg[22]/CE","P2 popcount capture","FDCE=2;LUT2=1;LUT4=1;LUT6=1"
814,1.810,5.000,2.979,0.875,2.104,0.706,3,"st_q_reg[2]_rep__0/C","gen_lane[0].i_p2_pop_slice/bool_result_q_reg[23]/CE","P2 popcount capture","FDCE=2;LUT2=1;LUT4=1;LUT6=1"
815,1.810,5.000,2.979,0.875,2.104,0.706,3,"st_q_reg[2]_rep__0/C","gen_lane[0].i_p2_pop_slice/bool_result_q_reg[24]/CE","P2 popcount capture","FDCE=2;LUT2=1;LUT4=1;LUT6=1"
816,1.810,5.000,2.979,0.875,2.104,0.706,3,"st_q_reg[2]_rep__0/C","gen_lane[0].i_p2_pop_slice/bool_result_q_reg[25]/CE","P2 popcount capture","FDCE=2;LUT2=1;LUT4=1;LUT6=1"
817,1.810,5.000,2.979,0.875,2.104,0.706,3,"st_q_reg[2]_rep__0/C","gen_lane[0].i_p2_pop_slice/bool_result_q_reg[26]/CE","P2 popcount capture","FDCE=2;LUT2=1;LUT4=1;LUT6=1"
818,1.810,5.000,2.979,0.875,2.104,0.706,3,"st_q_reg[2]_rep__0/C","gen_lane[0].i_p2_pop_slice/bool_result_q_reg[27]/CE","P2 popcount capture","FDCE=2;LUT2=1;LUT4=1;LUT6=1"
819,1.810,5.000,2.979,0.875,2.104,0.706,3,"st_q_reg[2]_rep__0/C","gen_lane[0].i_p2_pop_slice/bool_result_q_reg[28]/CE","P2 popcount capture","FDCE=2;LUT2=1;LUT4=1;LUT6=1"
820,1.810,5.000,2.979,0.875,2.104,0.706,3,"st_q_reg[2]_rep__0/C","gen_lane[0].i_p2_pop_slice/bool_result_q_reg[29]/CE","P2 popcount capture","FDCE=2;LUT2=1;LUT4=1;LUT6=1"
821,1.810,5.000,2.979,0.875,2.104,0.706,3,"st_q_reg[2]_rep__0/C","gen_lane[0].i_p2_pop_slice/bool_result_q_reg[2]/CE","P2 popcount capture","FDCE=2;LUT2=1;LUT4=1;LUT6=1"
822,1.810,5.000,2.979,0.875,2.104,0.706,3,"st_q_reg[2]_rep__0/C","gen_lane[0].i_p2_pop_slice/bool_result_q_reg[30]/CE","P2 popcount capture","FDCE=2;LUT2=1;LUT4=1;LUT6=1"
823,1.810,5.000,2.979,0.875,2.104,0.706,3,"st_q_reg[2]_rep__0/C","gen_lane[0].i_p2_pop_slice/bool_result_q_reg[31]/CE","P2 popcount capture","FDCE=2;LUT2=1;LUT4=1;LUT6=1"
824,1.810,5.000,2.979,0.875,2.104,0.706,3,"st_q_reg[2]_rep__0/C","gen_lane[0].i_p2_pop_slice/bool_result_q_reg[32]/CE","P2 popcount capture","FDCE=2;LUT2=1;LUT4=1;LUT6=1"
825,1.810,5.000,2.979,0.875,2.104,0.706,3,"st_q_reg[2]_rep__0/C","gen_lane[0].i_p2_pop_slice/bool_result_q_reg[33]/CE","P2 popcount capture","FDCE=2;LUT2=1;LUT4=1;LUT6=1"
826,1.810,5.000,2.979,0.875,2.104,0.706,3,"st_q_reg[2]_rep__0/C","gen_lane[0].i_p2_pop_slice/bool_result_q_reg[34]/CE","P2 popcount capture","FDCE=2;LUT2=1;LUT4=1;LUT6=1"
827,1.810,5.000,2.979,0.875,2.104,0.706,3,"st_q_reg[2]_rep__0/C","gen_lane[0].i_p2_pop_slice/bool_result_q_reg[35]/CE","P2 popcount capture","FDCE=2;LUT2=1;LUT4=1;LUT6=1"
828,1.810,5.000,2.979,0.875,2.104,0.706,3,"st_q_reg[2]_rep__0/C","gen_lane[0].i_p2_pop_slice/bool_result_q_reg[36]/CE","P2 popcount capture","FDCE=2;LUT2=1;LUT4=1;LUT6=1"
829,1.810,5.000,2.979,0.875,2.104,0.706,3,"st_q_reg[2]_rep__0/C","gen_lane[0].i_p2_pop_slice/bool_result_q_reg[37]/CE","P2 popcount capture","FDCE=2;LUT2=1;LUT4=1;LUT6=1"
830,1.810,5.000,2.979,0.875,2.104,0.706,3,"st_q_reg[2]_rep__0/C","gen_lane[0].i_p2_pop_slice/bool_result_q_reg[38]/CE","P2 popcount capture","FDCE=2;LUT2=1;LUT4=1;LUT6=1"
831,1.810,5.000,2.979,0.875,2.104,0.706,3,"st_q_reg[2]_rep__0/C","gen_lane[0].i_p2_pop_slice/bool_result_q_reg[39]/CE","P2 popcount capture","FDCE=2;LUT2=1;LUT4=1;LUT6=1"
832,1.810,5.000,2.979,0.875,2.104,0.706,3,"st_q_reg[2]_rep__0/C","gen_lane[0].i_p2_pop_slice/bool_result_q_reg[3]/CE","P2 popcount capture","FDCE=2;LUT2=1;LUT4=1;LUT6=1"
833,1.810,5.000,2.979,0.875,2.104,0.706,3,"st_q_reg[2]_rep__0/C","gen_lane[0].i_p2_pop_slice/bool_result_q_reg[40]/CE","P2 popcount capture","FDCE=2;LUT2=1;LUT4=1;LUT6=1"
834,1.810,5.000,2.979,0.875,2.104,0.706,3,"st_q_reg[2]_rep__0/C","gen_lane[0].i_p2_pop_slice/bool_result_q_reg[41]/CE","P2 popcount capture","FDCE=2;LUT2=1;LUT4=1;LUT6=1"
835,1.810,5.000,2.979,0.875,2.104,0.706,3,"st_q_reg[2]_rep__0/C","gen_lane[0].i_p2_pop_slice/bool_result_q_reg[42]/CE","P2 popcount capture","FDCE=2;LUT2=1;LUT4=1;LUT6=1"
836,1.810,5.000,2.979,0.875,2.104,0.706,3,"st_q_reg[2]_rep__0/C","gen_lane[0].i_p2_pop_slice/bool_result_q_reg[43]/CE","P2 popcount capture","FDCE=2;LUT2=1;LUT4=1;LUT6=1"
837,1.810,5.000,2.979,0.875,2.104,0.706,3,"st_q_reg[2]_rep__0/C","gen_lane[0].i_p2_pop_slice/bool_result_q_reg[44]/CE","P2 popcount capture","FDCE=2;LUT2=1;LUT4=1;LUT6=1"
838,1.810,5.000,2.979,0.875,2.104,0.706,3,"st_q_reg[2]_rep__0/C","gen_lane[0].i_p2_pop_slice/bool_result_q_reg[45]/CE","P2 popcount capture","FDCE=2;LUT2=1;LUT4=1;LUT6=1"
839,1.810,5.000,2.979,0.875,2.104,0.706,3,"st_q_reg[2]_rep__0/C","gen_lane[0].i_p2_pop_slice/bool_result_q_reg[46]/CE","P2 popcount capture","FDCE=2;LUT2=1;LUT4=1;LUT6=1"
840,1.810,5.000,2.979,0.875,2.104,0.706,3,"st_q_reg[2]_rep__0/C","gen_lane[0].i_p2_pop_slice/bool_result_q_reg[47]/CE","P2 popcount capture","FDCE=2;LUT2=1;LUT4=1;LUT6=1"
841,1.810,5.000,2.979,0.875,2.104,0.706,3,"st_q_reg[2]_rep__0/C","gen_lane[0].i_p2_pop_slice/bool_result_q_reg[48]/CE","P2 popcount capture","FDCE=2;LUT2=1;LUT4=1;LUT6=1"
842,1.810,5.000,2.979,0.875,2.104,0.706,3,"st_q_reg[2]_rep__0/C","gen_lane[0].i_p2_pop_slice/bool_result_q_reg[49]/CE","P2 popcount capture","FDCE=2;LUT2=1;LUT4=1;LUT6=1"
843,1.810,5.000,2.979,0.875,2.104,0.706,3,"st_q_reg[2]_rep__0/C","gen_lane[0].i_p2_pop_slice/bool_result_q_reg[4]/CE","P2 popcount capture","FDCE=2;LUT2=1;LUT4=1;LUT6=1"
844,1.810,5.000,2.979,0.875,2.104,0.706,3,"st_q_reg[2]_rep__0/C","gen_lane[0].i_p2_pop_slice/bool_result_q_reg[50]/CE","P2 popcount capture","FDCE=2;LUT2=1;LUT4=1;LUT6=1"
845,1.810,5.000,2.979,0.875,2.104,0.706,3,"st_q_reg[2]_rep__0/C","gen_lane[0].i_p2_pop_slice/bool_result_q_reg[51]/CE","P2 popcount capture","FDCE=2;LUT2=1;LUT4=1;LUT6=1"
846,1.810,5.000,2.979,0.875,2.104,0.706,3,"st_q_reg[2]_rep__0/C","gen_lane[0].i_p2_pop_slice/bool_result_q_reg[52]/CE","P2 popcount capture","FDCE=2;LUT2=1;LUT4=1;LUT6=1"
847,1.810,5.000,2.979,0.875,2.104,0.706,3,"st_q_reg[2]_rep__0/C","gen_lane[0].i_p2_pop_slice/bool_result_q_reg[53]/CE","P2 popcount capture","FDCE=2;LUT2=1;LUT4=1;LUT6=1"
848,1.810,5.000,2.979,0.875,2.104,0.706,3,"st_q_reg[2]_rep__0/C","gen_lane[0].i_p2_pop_slice/bool_result_q_reg[54]/CE","P2 popcount capture","FDCE=2;LUT2=1;LUT4=1;LUT6=1"
849,1.810,5.000,2.979,0.875,2.104,0.706,3,"st_q_reg[2]_rep__0/C","gen_lane[0].i_p2_pop_slice/bool_result_q_reg[55]/CE","P2 popcount capture","FDCE=2;LUT2=1;LUT4=1;LUT6=1"
850,1.810,5.000,2.979,0.875,2.104,0.706,3,"st_q_reg[2]_rep__0/C","gen_lane[0].i_p2_pop_slice/bool_result_q_reg[56]/CE","P2 popcount capture","FDCE=2;LUT2=1;LUT4=1;LUT6=1"
851,1.810,5.000,2.979,0.875,2.104,0.706,3,"st_q_reg[2]_rep__0/C","gen_lane[0].i_p2_pop_slice/bool_result_q_reg[57]/CE","P2 popcount capture","FDCE=2;LUT2=1;LUT4=1;LUT6=1"
852,1.810,5.000,2.979,0.875,2.104,0.706,3,"st_q_reg[2]_rep__0/C","gen_lane[0].i_p2_pop_slice/bool_result_q_reg[58]/CE","P2 popcount capture","FDCE=2;LUT2=1;LUT4=1;LUT6=1"
853,1.810,5.000,2.979,0.875,2.104,0.706,3,"st_q_reg[2]_rep__0/C","gen_lane[0].i_p2_pop_slice/bool_result_q_reg[59]/CE","P2 popcount capture","FDCE=2;LUT2=1;LUT4=1;LUT6=1"
854,1.810,5.000,2.979,0.875,2.104,0.706,3,"st_q_reg[2]_rep__0/C","gen_lane[0].i_p2_pop_slice/bool_result_q_reg[5]/CE","P2 popcount capture","FDCE=2;LUT2=1;LUT4=1;LUT6=1"
855,1.810,5.000,2.979,0.875,2.104,0.706,3,"st_q_reg[2]_rep__0/C","gen_lane[0].i_p2_pop_slice/bool_result_q_reg[60]/CE","P2 popcount capture","FDCE=2;LUT2=1;LUT4=1;LUT6=1"
856,1.810,5.000,2.979,0.875,2.104,0.706,3,"st_q_reg[2]_rep__0/C","gen_lane[0].i_p2_pop_slice/bool_result_q_reg[61]/CE","P2 popcount capture","FDCE=2;LUT2=1;LUT4=1;LUT6=1"
857,1.810,5.000,2.979,0.875,2.104,0.706,3,"st_q_reg[2]_rep__0/C","gen_lane[0].i_p2_pop_slice/bool_result_q_reg[62]/CE","P2 popcount capture","FDCE=2;LUT2=1;LUT4=1;LUT6=1"
858,1.810,5.000,2.979,0.875,2.104,0.706,3,"st_q_reg[2]_rep__0/C","gen_lane[0].i_p2_pop_slice/bool_result_q_reg[63]/CE","P2 popcount capture","FDCE=2;LUT2=1;LUT4=1;LUT6=1"
859,1.810,5.000,2.979,0.875,2.104,0.706,3,"st_q_reg[2]_rep__0/C","gen_lane[0].i_p2_pop_slice/bool_result_q_reg[6]/CE","P2 popcount capture","FDCE=2;LUT2=1;LUT4=1;LUT6=1"
860,1.810,5.000,2.979,0.875,2.104,0.706,3,"st_q_reg[2]_rep__0/C","gen_lane[0].i_p2_pop_slice/bool_result_q_reg[7]/CE","P2 popcount capture","FDCE=2;LUT2=1;LUT4=1;LUT6=1"
861,1.810,5.000,2.979,0.875,2.104,0.706,3,"st_q_reg[2]_rep__0/C","gen_lane[0].i_p2_pop_slice/bool_result_q_reg[8]/CE","P2 popcount capture","FDCE=2;LUT2=1;LUT4=1;LUT6=1"
862,1.810,5.000,2.979,0.875,2.104,0.706,3,"st_q_reg[2]_rep__0/C","gen_lane[0].i_p2_pop_slice/bool_result_q_reg[9]/CE","P2 popcount capture","FDCE=2;LUT2=1;LUT4=1;LUT6=1"
863,1.810,5.000,2.979,0.875,2.104,0.706,3,"st_q_reg[2]_rep__0/C","gen_lane[1].i_p2_pop_slice/bool_result_q_reg[0]/CE","P2 popcount capture","FDCE=2;LUT2=1;LUT4=1;LUT6=1"
864,1.810,5.000,2.979,0.875,2.104,0.706,3,"st_q_reg[2]_rep__0/C","gen_lane[1].i_p2_pop_slice/bool_result_q_reg[10]/CE","P2 popcount capture","FDCE=2;LUT2=1;LUT4=1;LUT6=1"
865,1.810,5.000,2.979,0.875,2.104,0.706,3,"st_q_reg[2]_rep__0/C","gen_lane[1].i_p2_pop_slice/bool_result_q_reg[11]/CE","P2 popcount capture","FDCE=2;LUT2=1;LUT4=1;LUT6=1"
866,1.810,5.000,2.979,0.875,2.104,0.706,3,"st_q_reg[2]_rep__0/C","gen_lane[1].i_p2_pop_slice/bool_result_q_reg[12]/CE","P2 popcount capture","FDCE=2;LUT2=1;LUT4=1;LUT6=1"
867,1.810,5.000,2.979,0.875,2.104,0.706,3,"st_q_reg[2]_rep__0/C","gen_lane[1].i_p2_pop_slice/bool_result_q_reg[13]/CE","P2 popcount capture","FDCE=2;LUT2=1;LUT4=1;LUT6=1"
868,1.810,5.000,2.979,0.875,2.104,0.706,3,"st_q_reg[2]_rep__0/C","gen_lane[1].i_p2_pop_slice/bool_result_q_reg[14]/CE","P2 popcount capture","FDCE=2;LUT2=1;LUT4=1;LUT6=1"
869,1.810,5.000,2.979,0.875,2.104,0.706,3,"st_q_reg[2]_rep__0/C","gen_lane[1].i_p2_pop_slice/bool_result_q_reg[15]/CE","P2 popcount capture","FDCE=2;LUT2=1;LUT4=1;LUT6=1"
870,1.810,5.000,2.979,0.875,2.104,0.706,3,"st_q_reg[2]_rep__0/C","gen_lane[1].i_p2_pop_slice/bool_result_q_reg[16]/CE","P2 popcount capture","FDCE=2;LUT2=1;LUT4=1;LUT6=1"
871,1.810,5.000,2.979,0.875,2.104,0.706,3,"st_q_reg[2]_rep__0/C","gen_lane[1].i_p2_pop_slice/bool_result_q_reg[17]/CE","P2 popcount capture","FDCE=2;LUT2=1;LUT4=1;LUT6=1"
872,1.810,5.000,2.979,0.875,2.104,0.706,3,"st_q_reg[2]_rep__0/C","gen_lane[1].i_p2_pop_slice/bool_result_q_reg[18]/CE","P2 popcount capture","FDCE=2;LUT2=1;LUT4=1;LUT6=1"
873,1.810,5.000,2.979,0.875,2.104,0.706,3,"st_q_reg[2]_rep__0/C","gen_lane[1].i_p2_pop_slice/bool_result_q_reg[19]/CE","P2 popcount capture","FDCE=2;LUT2=1;LUT4=1;LUT6=1"
874,1.810,5.000,2.979,0.875,2.104,0.706,3,"st_q_reg[2]_rep__0/C","gen_lane[1].i_p2_pop_slice/bool_result_q_reg[1]/CE","P2 popcount capture","FDCE=2;LUT2=1;LUT4=1;LUT6=1"
875,1.810,5.000,2.979,0.875,2.104,0.706,3,"st_q_reg[2]_rep__0/C","gen_lane[1].i_p2_pop_slice/bool_result_q_reg[20]/CE","P2 popcount capture","FDCE=2;LUT2=1;LUT4=1;LUT6=1"
876,1.810,5.000,2.979,0.875,2.104,0.706,3,"st_q_reg[2]_rep__0/C","gen_lane[1].i_p2_pop_slice/bool_result_q_reg[21]/CE","P2 popcount capture","FDCE=2;LUT2=1;LUT4=1;LUT6=1"
877,1.810,5.000,2.979,0.875,2.104,0.706,3,"st_q_reg[2]_rep__0/C","gen_lane[1].i_p2_pop_slice/bool_result_q_reg[22]/CE","P2 popcount capture","FDCE=2;LUT2=1;LUT4=1;LUT6=1"
878,1.810,5.000,2.979,0.875,2.104,0.706,3,"st_q_reg[2]_rep__0/C","gen_lane[1].i_p2_pop_slice/bool_result_q_reg[23]/CE","P2 popcount capture","FDCE=2;LUT2=1;LUT4=1;LUT6=1"
879,1.810,5.000,2.979,0.875,2.104,0.706,3,"st_q_reg[2]_rep__0/C","gen_lane[1].i_p2_pop_slice/bool_result_q_reg[24]/CE","P2 popcount capture","FDCE=2;LUT2=1;LUT4=1;LUT6=1"
880,1.810,5.000,2.979,0.875,2.104,0.706,3,"st_q_reg[2]_rep__0/C","gen_lane[1].i_p2_pop_slice/bool_result_q_reg[25]/CE","P2 popcount capture","FDCE=2;LUT2=1;LUT4=1;LUT6=1"
881,1.810,5.000,2.979,0.875,2.104,0.706,3,"st_q_reg[2]_rep__0/C","gen_lane[1].i_p2_pop_slice/bool_result_q_reg[26]/CE","P2 popcount capture","FDCE=2;LUT2=1;LUT4=1;LUT6=1"
882,1.810,5.000,2.979,0.875,2.104,0.706,3,"st_q_reg[2]_rep__0/C","gen_lane[1].i_p2_pop_slice/bool_result_q_reg[27]/CE","P2 popcount capture","FDCE=2;LUT2=1;LUT4=1;LUT6=1"
883,1.810,5.000,2.979,0.875,2.104,0.706,3,"st_q_reg[2]_rep__0/C","gen_lane[1].i_p2_pop_slice/bool_result_q_reg[28]/CE","P2 popcount capture","FDCE=2;LUT2=1;LUT4=1;LUT6=1"
884,1.810,5.000,2.979,0.875,2.104,0.706,3,"st_q_reg[2]_rep__0/C","gen_lane[1].i_p2_pop_slice/bool_result_q_reg[29]/CE","P2 popcount capture","FDCE=2;LUT2=1;LUT4=1;LUT6=1"
885,1.810,5.000,2.979,0.875,2.104,0.706,3,"st_q_reg[2]_rep__0/C","gen_lane[1].i_p2_pop_slice/bool_result_q_reg[2]/CE","P2 popcount capture","FDCE=2;LUT2=1;LUT4=1;LUT6=1"
886,1.810,5.000,2.979,0.875,2.104,0.706,3,"st_q_reg[2]_rep__0/C","gen_lane[1].i_p2_pop_slice/bool_result_q_reg[30]/CE","P2 popcount capture","FDCE=2;LUT2=1;LUT4=1;LUT6=1"
887,1.810,5.000,2.979,0.875,2.104,0.706,3,"st_q_reg[2]_rep__0/C","gen_lane[1].i_p2_pop_slice/bool_result_q_reg[31]/CE","P2 popcount capture","FDCE=2;LUT2=1;LUT4=1;LUT6=1"
888,1.810,5.000,2.979,0.875,2.104,0.706,3,"st_q_reg[2]_rep__0/C","gen_lane[1].i_p2_pop_slice/bool_result_q_reg[32]/CE","P2 popcount capture","FDCE=2;LUT2=1;LUT4=1;LUT6=1"
889,1.810,5.000,2.979,0.875,2.104,0.706,3,"st_q_reg[2]_rep__0/C","gen_lane[1].i_p2_pop_slice/bool_result_q_reg[33]/CE","P2 popcount capture","FDCE=2;LUT2=1;LUT4=1;LUT6=1"
890,1.810,5.000,2.979,0.875,2.104,0.706,3,"st_q_reg[2]_rep__0/C","gen_lane[1].i_p2_pop_slice/bool_result_q_reg[34]/CE","P2 popcount capture","FDCE=2;LUT2=1;LUT4=1;LUT6=1"
891,1.810,5.000,2.979,0.875,2.104,0.706,3,"st_q_reg[2]_rep__0/C","gen_lane[1].i_p2_pop_slice/bool_result_q_reg[35]/CE","P2 popcount capture","FDCE=2;LUT2=1;LUT4=1;LUT6=1"
892,1.810,5.000,2.979,0.875,2.104,0.706,3,"st_q_reg[2]_rep__0/C","gen_lane[1].i_p2_pop_slice/bool_result_q_reg[36]/CE","P2 popcount capture","FDCE=2;LUT2=1;LUT4=1;LUT6=1"
893,1.810,5.000,2.979,0.875,2.104,0.706,3,"st_q_reg[2]_rep__0/C","gen_lane[1].i_p2_pop_slice/bool_result_q_reg[37]/CE","P2 popcount capture","FDCE=2;LUT2=1;LUT4=1;LUT6=1"
894,1.810,5.000,2.979,0.875,2.104,0.706,3,"st_q_reg[2]_rep__0/C","gen_lane[1].i_p2_pop_slice/bool_result_q_reg[38]/CE","P2 popcount capture","FDCE=2;LUT2=1;LUT4=1;LUT6=1"
895,1.810,5.000,2.979,0.875,2.104,0.706,3,"st_q_reg[2]_rep__0/C","gen_lane[1].i_p2_pop_slice/bool_result_q_reg[39]/CE","P2 popcount capture","FDCE=2;LUT2=1;LUT4=1;LUT6=1"
896,1.810,5.000,2.979,0.875,2.104,0.706,3,"st_q_reg[2]_rep__0/C","gen_lane[1].i_p2_pop_slice/bool_result_q_reg[3]/CE","P2 popcount capture","FDCE=2;LUT2=1;LUT4=1;LUT6=1"
897,1.810,5.000,2.979,0.875,2.104,0.706,3,"st_q_reg[2]_rep__0/C","gen_lane[1].i_p2_pop_slice/bool_result_q_reg[40]/CE","P2 popcount capture","FDCE=2;LUT2=1;LUT4=1;LUT6=1"
898,1.810,5.000,2.979,0.875,2.104,0.706,3,"st_q_reg[2]_rep__0/C","gen_lane[1].i_p2_pop_slice/bool_result_q_reg[41]/CE","P2 popcount capture","FDCE=2;LUT2=1;LUT4=1;LUT6=1"
899,1.810,5.000,2.979,0.875,2.104,0.706,3,"st_q_reg[2]_rep__0/C","gen_lane[1].i_p2_pop_slice/bool_result_q_reg[42]/CE","P2 popcount capture","FDCE=2;LUT2=1;LUT4=1;LUT6=1"
900,1.810,5.000,2.979,0.875,2.104,0.706,3,"st_q_reg[2]_rep__0/C","gen_lane[1].i_p2_pop_slice/bool_result_q_reg[43]/CE","P2 popcount capture","FDCE=2;LUT2=1;LUT4=1;LUT6=1"
901,1.810,5.000,2.979,0.875,2.104,0.706,3,"st_q_reg[2]_rep__0/C","gen_lane[1].i_p2_pop_slice/bool_result_q_reg[44]/CE","P2 popcount capture","FDCE=2;LUT2=1;LUT4=1;LUT6=1"
902,1.810,5.000,2.979,0.875,2.104,0.706,3,"st_q_reg[2]_rep__0/C","gen_lane[1].i_p2_pop_slice/bool_result_q_reg[45]/CE","P2 popcount capture","FDCE=2;LUT2=1;LUT4=1;LUT6=1"
903,1.810,5.000,2.979,0.875,2.104,0.706,3,"st_q_reg[2]_rep__0/C","gen_lane[1].i_p2_pop_slice/bool_result_q_reg[46]/CE","P2 popcount capture","FDCE=2;LUT2=1;LUT4=1;LUT6=1"
904,1.810,5.000,2.979,0.875,2.104,0.706,3,"st_q_reg[2]_rep__0/C","gen_lane[1].i_p2_pop_slice/bool_result_q_reg[47]/CE","P2 popcount capture","FDCE=2;LUT2=1;LUT4=1;LUT6=1"
905,1.810,5.000,2.979,0.875,2.104,0.706,3,"st_q_reg[2]_rep__0/C","gen_lane[1].i_p2_pop_slice/bool_result_q_reg[48]/CE","P2 popcount capture","FDCE=2;LUT2=1;LUT4=1;LUT6=1"
906,1.810,5.000,2.979,0.875,2.104,0.706,3,"st_q_reg[2]_rep__0/C","gen_lane[1].i_p2_pop_slice/bool_result_q_reg[49]/CE","P2 popcount capture","FDCE=2;LUT2=1;LUT4=1;LUT6=1"
907,1.810,5.000,2.979,0.875,2.104,0.706,3,"st_q_reg[2]_rep__0/C","gen_lane[1].i_p2_pop_slice/bool_result_q_reg[4]/CE","P2 popcount capture","FDCE=2;LUT2=1;LUT4=1;LUT6=1"
908,1.810,5.000,2.979,0.875,2.104,0.706,3,"st_q_reg[2]_rep__0/C","gen_lane[1].i_p2_pop_slice/bool_result_q_reg[50]/CE","P2 popcount capture","FDCE=2;LUT2=1;LUT4=1;LUT6=1"
909,1.810,5.000,2.979,0.875,2.104,0.706,3,"st_q_reg[2]_rep__0/C","gen_lane[1].i_p2_pop_slice/bool_result_q_reg[51]/CE","P2 popcount capture","FDCE=2;LUT2=1;LUT4=1;LUT6=1"
910,1.810,5.000,2.979,0.875,2.104,0.706,3,"st_q_reg[2]_rep__0/C","gen_lane[1].i_p2_pop_slice/bool_result_q_reg[52]/CE","P2 popcount capture","FDCE=2;LUT2=1;LUT4=1;LUT6=1"
911,1.810,5.000,2.979,0.875,2.104,0.706,3,"st_q_reg[2]_rep__0/C","gen_lane[1].i_p2_pop_slice/bool_result_q_reg[53]/CE","P2 popcount capture","FDCE=2;LUT2=1;LUT4=1;LUT6=1"
912,1.810,5.000,2.979,0.875,2.104,0.706,3,"st_q_reg[2]_rep__0/C","gen_lane[1].i_p2_pop_slice/bool_result_q_reg[54]/CE","P2 popcount capture","FDCE=2;LUT2=1;LUT4=1;LUT6=1"
913,1.810,5.000,2.979,0.875,2.104,0.706,3,"st_q_reg[2]_rep__0/C","gen_lane[1].i_p2_pop_slice/bool_result_q_reg[55]/CE","P2 popcount capture","FDCE=2;LUT2=1;LUT4=1;LUT6=1"
914,1.810,5.000,2.979,0.875,2.104,0.706,3,"st_q_reg[2]_rep__0/C","gen_lane[1].i_p2_pop_slice/bool_result_q_reg[56]/CE","P2 popcount capture","FDCE=2;LUT2=1;LUT4=1;LUT6=1"
915,1.810,5.000,2.979,0.875,2.104,0.706,3,"st_q_reg[2]_rep__0/C","gen_lane[1].i_p2_pop_slice/bool_result_q_reg[57]/CE","P2 popcount capture","FDCE=2;LUT2=1;LUT4=1;LUT6=1"
916,1.810,5.000,2.979,0.875,2.104,0.706,3,"st_q_reg[2]_rep__0/C","gen_lane[1].i_p2_pop_slice/bool_result_q_reg[58]/CE","P2 popcount capture","FDCE=2;LUT2=1;LUT4=1;LUT6=1"
917,1.810,5.000,2.979,0.875,2.104,0.706,3,"st_q_reg[2]_rep__0/C","gen_lane[1].i_p2_pop_slice/bool_result_q_reg[59]/CE","P2 popcount capture","FDCE=2;LUT2=1;LUT4=1;LUT6=1"
918,1.810,5.000,2.979,0.875,2.104,0.706,3,"st_q_reg[2]_rep__0/C","gen_lane[1].i_p2_pop_slice/bool_result_q_reg[5]/CE","P2 popcount capture","FDCE=2;LUT2=1;LUT4=1;LUT6=1"
919,1.810,5.000,2.979,0.875,2.104,0.706,3,"st_q_reg[2]_rep__0/C","gen_lane[1].i_p2_pop_slice/bool_result_q_reg[60]/CE","P2 popcount capture","FDCE=2;LUT2=1;LUT4=1;LUT6=1"
920,1.810,5.000,2.979,0.875,2.104,0.706,3,"st_q_reg[2]_rep__0/C","gen_lane[1].i_p2_pop_slice/bool_result_q_reg[61]/CE","P2 popcount capture","FDCE=2;LUT2=1;LUT4=1;LUT6=1"
921,1.810,5.000,2.979,0.875,2.104,0.706,3,"st_q_reg[2]_rep__0/C","gen_lane[1].i_p2_pop_slice/bool_result_q_reg[62]/CE","P2 popcount capture","FDCE=2;LUT2=1;LUT4=1;LUT6=1"
922,1.810,5.000,2.979,0.875,2.104,0.706,3,"st_q_reg[2]_rep__0/C","gen_lane[1].i_p2_pop_slice/bool_result_q_reg[63]/CE","P2 popcount capture","FDCE=2;LUT2=1;LUT4=1;LUT6=1"
923,1.810,5.000,2.979,0.875,2.104,0.706,3,"st_q_reg[2]_rep__0/C","gen_lane[1].i_p2_pop_slice/bool_result_q_reg[6]/CE","P2 popcount capture","FDCE=2;LUT2=1;LUT4=1;LUT6=1"
924,1.810,5.000,2.979,0.875,2.104,0.706,3,"st_q_reg[2]_rep__0/C","gen_lane[1].i_p2_pop_slice/bool_result_q_reg[7]/CE","P2 popcount capture","FDCE=2;LUT2=1;LUT4=1;LUT6=1"
925,1.810,5.000,2.979,0.875,2.104,0.706,3,"st_q_reg[2]_rep__0/C","gen_lane[1].i_p2_pop_slice/bool_result_q_reg[8]/CE","P2 popcount capture","FDCE=2;LUT2=1;LUT4=1;LUT6=1"
926,1.810,5.000,2.979,0.875,2.104,0.706,3,"st_q_reg[2]_rep__0/C","gen_lane[1].i_p2_pop_slice/bool_result_q_reg[9]/CE","P2 popcount capture","FDCE=2;LUT2=1;LUT4=1;LUT6=1"
927,1.810,5.000,2.979,0.875,2.104,0.706,3,"st_q_reg[2]_rep__0/C","gen_lane[2].i_p2_pop_slice/bool_result_q_reg[0]/CE","P2 popcount capture","FDCE=2;LUT2=1;LUT4=1;LUT6=1"
928,1.810,5.000,2.979,0.875,2.104,0.706,3,"st_q_reg[2]_rep__0/C","gen_lane[2].i_p2_pop_slice/bool_result_q_reg[10]/CE","P2 popcount capture","FDCE=2;LUT2=1;LUT4=1;LUT6=1"
929,1.810,5.000,2.979,0.875,2.104,0.706,3,"st_q_reg[2]_rep__0/C","gen_lane[2].i_p2_pop_slice/bool_result_q_reg[11]/CE","P2 popcount capture","FDCE=2;LUT2=1;LUT4=1;LUT6=1"
930,1.810,5.000,2.979,0.875,2.104,0.706,3,"st_q_reg[2]_rep__0/C","gen_lane[2].i_p2_pop_slice/bool_result_q_reg[12]/CE","P2 popcount capture","FDCE=2;LUT2=1;LUT4=1;LUT6=1"
931,1.810,5.000,2.979,0.875,2.104,0.706,3,"st_q_reg[2]_rep__0/C","gen_lane[2].i_p2_pop_slice/bool_result_q_reg[13]/CE","P2 popcount capture","FDCE=2;LUT2=1;LUT4=1;LUT6=1"
932,1.810,5.000,2.979,0.875,2.104,0.706,3,"st_q_reg[2]_rep__0/C","gen_lane[2].i_p2_pop_slice/bool_result_q_reg[14]/CE","P2 popcount capture","FDCE=2;LUT2=1;LUT4=1;LUT6=1"
933,1.810,5.000,2.979,0.875,2.104,0.706,3,"st_q_reg[2]_rep__0/C","gen_lane[2].i_p2_pop_slice/bool_result_q_reg[15]/CE","P2 popcount capture","FDCE=2;LUT2=1;LUT4=1;LUT6=1"
934,1.810,5.000,2.979,0.875,2.104,0.706,3,"st_q_reg[2]_rep__0/C","gen_lane[2].i_p2_pop_slice/bool_result_q_reg[16]/CE","P2 popcount capture","FDCE=2;LUT2=1;LUT4=1;LUT6=1"
935,1.810,5.000,2.979,0.875,2.104,0.706,3,"st_q_reg[2]_rep__0/C","gen_lane[2].i_p2_pop_slice/bool_result_q_reg[17]/CE","P2 popcount capture","FDCE=2;LUT2=1;LUT4=1;LUT6=1"
936,1.810,5.000,2.979,0.875,2.104,0.706,3,"st_q_reg[2]_rep__0/C","gen_lane[2].i_p2_pop_slice/bool_result_q_reg[18]/CE","P2 popcount capture","FDCE=2;LUT2=1;LUT4=1;LUT6=1"
937,1.810,5.000,2.979,0.875,2.104,0.706,3,"st_q_reg[2]_rep__0/C","gen_lane[2].i_p2_pop_slice/bool_result_q_reg[19]/CE","P2 popcount capture","FDCE=2;LUT2=1;LUT4=1;LUT6=1"
938,1.810,5.000,2.979,0.875,2.104,0.706,3,"st_q_reg[2]_rep__0/C","gen_lane[2].i_p2_pop_slice/bool_result_q_reg[1]/CE","P2 popcount capture","FDCE=2;LUT2=1;LUT4=1;LUT6=1"
939,1.810,5.000,2.979,0.875,2.104,0.706,3,"st_q_reg[2]_rep__0/C","gen_lane[2].i_p2_pop_slice/bool_result_q_reg[20]/CE","P2 popcount capture","FDCE=2;LUT2=1;LUT4=1;LUT6=1"
940,1.810,5.000,2.979,0.875,2.104,0.706,3,"st_q_reg[2]_rep__0/C","gen_lane[2].i_p2_pop_slice/bool_result_q_reg[21]/CE","P2 popcount capture","FDCE=2;LUT2=1;LUT4=1;LUT6=1"
941,1.810,5.000,2.979,0.875,2.104,0.706,3,"st_q_reg[2]_rep__0/C","gen_lane[2].i_p2_pop_slice/bool_result_q_reg[22]/CE","P2 popcount capture","FDCE=2;LUT2=1;LUT4=1;LUT6=1"
942,1.810,5.000,2.979,0.875,2.104,0.706,3,"st_q_reg[2]_rep__0/C","gen_lane[2].i_p2_pop_slice/bool_result_q_reg[23]/CE","P2 popcount capture","FDCE=2;LUT2=1;LUT4=1;LUT6=1"
943,1.810,5.000,2.979,0.875,2.104,0.706,3,"st_q_reg[2]_rep__0/C","gen_lane[2].i_p2_pop_slice/bool_result_q_reg[24]/CE","P2 popcount capture","FDCE=2;LUT2=1;LUT4=1;LUT6=1"
944,1.810,5.000,2.979,0.875,2.104,0.706,3,"st_q_reg[2]_rep__0/C","gen_lane[2].i_p2_pop_slice/bool_result_q_reg[25]/CE","P2 popcount capture","FDCE=2;LUT2=1;LUT4=1;LUT6=1"
945,1.810,5.000,2.979,0.875,2.104,0.706,3,"st_q_reg[2]_rep__0/C","gen_lane[2].i_p2_pop_slice/bool_result_q_reg[26]/CE","P2 popcount capture","FDCE=2;LUT2=1;LUT4=1;LUT6=1"
946,1.810,5.000,2.979,0.875,2.104,0.706,3,"st_q_reg[2]_rep__0/C","gen_lane[2].i_p2_pop_slice/bool_result_q_reg[27]/CE","P2 popcount capture","FDCE=2;LUT2=1;LUT4=1;LUT6=1"
947,1.810,5.000,2.979,0.875,2.104,0.706,3,"st_q_reg[2]_rep__0/C","gen_lane[2].i_p2_pop_slice/bool_result_q_reg[28]/CE","P2 popcount capture","FDCE=2;LUT2=1;LUT4=1;LUT6=1"
948,1.810,5.000,2.979,0.875,2.104,0.706,3,"st_q_reg[2]_rep__0/C","gen_lane[2].i_p2_pop_slice/bool_result_q_reg[29]/CE","P2 popcount capture","FDCE=2;LUT2=1;LUT4=1;LUT6=1"
949,1.810,5.000,2.979,0.875,2.104,0.706,3,"st_q_reg[2]_rep__0/C","gen_lane[2].i_p2_pop_slice/bool_result_q_reg[2]/CE","P2 popcount capture","FDCE=2;LUT2=1;LUT4=1;LUT6=1"
950,1.810,5.000,2.979,0.875,2.104,0.706,3,"st_q_reg[2]_rep__0/C","gen_lane[2].i_p2_pop_slice/bool_result_q_reg[30]/CE","P2 popcount capture","FDCE=2;LUT2=1;LUT4=1;LUT6=1"
951,1.810,5.000,2.979,0.875,2.104,0.706,3,"st_q_reg[2]_rep__0/C","gen_lane[2].i_p2_pop_slice/bool_result_q_reg[31]/CE","P2 popcount capture","FDCE=2;LUT2=1;LUT4=1;LUT6=1"
952,1.810,5.000,2.979,0.875,2.104,0.706,3,"st_q_reg[2]_rep__0/C","gen_lane[2].i_p2_pop_slice/bool_result_q_reg[32]/CE","P2 popcount capture","FDCE=2;LUT2=1;LUT4=1;LUT6=1"
953,1.810,5.000,2.979,0.875,2.104,0.706,3,"st_q_reg[2]_rep__0/C","gen_lane[2].i_p2_pop_slice/bool_result_q_reg[33]/CE","P2 popcount capture","FDCE=2;LUT2=1;LUT4=1;LUT6=1"
954,1.810,5.000,2.979,0.875,2.104,0.706,3,"st_q_reg[2]_rep__0/C","gen_lane[2].i_p2_pop_slice/bool_result_q_reg[34]/CE","P2 popcount capture","FDCE=2;LUT2=1;LUT4=1;LUT6=1"
955,1.810,5.000,2.979,0.875,2.104,0.706,3,"st_q_reg[2]_rep__0/C","gen_lane[2].i_p2_pop_slice/bool_result_q_reg[35]/CE","P2 popcount capture","FDCE=2;LUT2=1;LUT4=1;LUT6=1"
956,1.810,5.000,2.979,0.875,2.104,0.706,3,"st_q_reg[2]_rep__0/C","gen_lane[2].i_p2_pop_slice/bool_result_q_reg[36]/CE","P2 popcount capture","FDCE=2;LUT2=1;LUT4=1;LUT6=1"
957,1.810,5.000,2.979,0.875,2.104,0.706,3,"st_q_reg[2]_rep__0/C","gen_lane[2].i_p2_pop_slice/bool_result_q_reg[37]/CE","P2 popcount capture","FDCE=2;LUT2=1;LUT4=1;LUT6=1"
958,1.810,5.000,2.979,0.875,2.104,0.706,3,"st_q_reg[2]_rep__0/C","gen_lane[2].i_p2_pop_slice/bool_result_q_reg[38]/CE","P2 popcount capture","FDCE=2;LUT2=1;LUT4=1;LUT6=1"
959,1.810,5.000,2.979,0.875,2.104,0.706,3,"st_q_reg[2]_rep__0/C","gen_lane[2].i_p2_pop_slice/bool_result_q_reg[39]/CE","P2 popcount capture","FDCE=2;LUT2=1;LUT4=1;LUT6=1"
960,1.810,5.000,2.979,0.875,2.104,0.706,3,"st_q_reg[2]_rep__0/C","gen_lane[2].i_p2_pop_slice/bool_result_q_reg[3]/CE","P2 popcount capture","FDCE=2;LUT2=1;LUT4=1;LUT6=1"
961,1.810,5.000,2.979,0.875,2.104,0.706,3,"st_q_reg[2]_rep__0/C","gen_lane[2].i_p2_pop_slice/bool_result_q_reg[40]/CE","P2 popcount capture","FDCE=2;LUT2=1;LUT4=1;LUT6=1"
962,1.810,5.000,2.979,0.875,2.104,0.706,3,"st_q_reg[2]_rep__0/C","gen_lane[2].i_p2_pop_slice/bool_result_q_reg[41]/CE","P2 popcount capture","FDCE=2;LUT2=1;LUT4=1;LUT6=1"
963,1.810,5.000,2.979,0.875,2.104,0.706,3,"st_q_reg[2]_rep__0/C","gen_lane[2].i_p2_pop_slice/bool_result_q_reg[42]/CE","P2 popcount capture","FDCE=2;LUT2=1;LUT4=1;LUT6=1"
964,1.810,5.000,2.979,0.875,2.104,0.706,3,"st_q_reg[2]_rep__0/C","gen_lane[2].i_p2_pop_slice/bool_result_q_reg[43]/CE","P2 popcount capture","FDCE=2;LUT2=1;LUT4=1;LUT6=1"
965,1.810,5.000,2.979,0.875,2.104,0.706,3,"st_q_reg[2]_rep__0/C","gen_lane[2].i_p2_pop_slice/bool_result_q_reg[44]/CE","P2 popcount capture","FDCE=2;LUT2=1;LUT4=1;LUT6=1"
966,1.810,5.000,2.979,0.875,2.104,0.706,3,"st_q_reg[2]_rep__0/C","gen_lane[2].i_p2_pop_slice/bool_result_q_reg[45]/CE","P2 popcount capture","FDCE=2;LUT2=1;LUT4=1;LUT6=1"
967,1.810,5.000,2.979,0.875,2.104,0.706,3,"st_q_reg[2]_rep__0/C","gen_lane[2].i_p2_pop_slice/bool_result_q_reg[46]/CE","P2 popcount capture","FDCE=2;LUT2=1;LUT4=1;LUT6=1"
968,1.810,5.000,2.979,0.875,2.104,0.706,3,"st_q_reg[2]_rep__0/C","gen_lane[2].i_p2_pop_slice/bool_result_q_reg[47]/CE","P2 popcount capture","FDCE=2;LUT2=1;LUT4=1;LUT6=1"
969,1.810,5.000,2.979,0.875,2.104,0.706,3,"st_q_reg[2]_rep__0/C","gen_lane[2].i_p2_pop_slice/bool_result_q_reg[48]/CE","P2 popcount capture","FDCE=2;LUT2=1;LUT4=1;LUT6=1"
970,1.810,5.000,2.979,0.875,2.104,0.706,3,"st_q_reg[2]_rep__0/C","gen_lane[2].i_p2_pop_slice/bool_result_q_reg[49]/CE","P2 popcount capture","FDCE=2;LUT2=1;LUT4=1;LUT6=1"
971,1.810,5.000,2.979,0.875,2.104,0.706,3,"st_q_reg[2]_rep__0/C","gen_lane[2].i_p2_pop_slice/bool_result_q_reg[4]/CE","P2 popcount capture","FDCE=2;LUT2=1;LUT4=1;LUT6=1"
972,1.810,5.000,2.979,0.875,2.104,0.706,3,"st_q_reg[2]_rep__0/C","gen_lane[2].i_p2_pop_slice/bool_result_q_reg[50]/CE","P2 popcount capture","FDCE=2;LUT2=1;LUT4=1;LUT6=1"
973,1.810,5.000,2.979,0.875,2.104,0.706,3,"st_q_reg[2]_rep__0/C","gen_lane[2].i_p2_pop_slice/bool_result_q_reg[51]/CE","P2 popcount capture","FDCE=2;LUT2=1;LUT4=1;LUT6=1"
974,1.810,5.000,2.979,0.875,2.104,0.706,3,"st_q_reg[2]_rep__0/C","gen_lane[2].i_p2_pop_slice/bool_result_q_reg[52]/CE","P2 popcount capture","FDCE=2;LUT2=1;LUT4=1;LUT6=1"
975,1.810,5.000,2.979,0.875,2.104,0.706,3,"st_q_reg[2]_rep__0/C","gen_lane[2].i_p2_pop_slice/bool_result_q_reg[53]/CE","P2 popcount capture","FDCE=2;LUT2=1;LUT4=1;LUT6=1"
976,1.810,5.000,2.979,0.875,2.104,0.706,3,"st_q_reg[2]_rep__0/C","gen_lane[2].i_p2_pop_slice/bool_result_q_reg[54]/CE","P2 popcount capture","FDCE=2;LUT2=1;LUT4=1;LUT6=1"
977,1.810,5.000,2.979,0.875,2.104,0.706,3,"st_q_reg[2]_rep__0/C","gen_lane[2].i_p2_pop_slice/bool_result_q_reg[55]/CE","P2 popcount capture","FDCE=2;LUT2=1;LUT4=1;LUT6=1"
978,1.810,5.000,2.979,0.875,2.104,0.706,3,"st_q_reg[2]_rep__0/C","gen_lane[2].i_p2_pop_slice/bool_result_q_reg[56]/CE","P2 popcount capture","FDCE=2;LUT2=1;LUT4=1;LUT6=1"
979,1.810,5.000,2.979,0.875,2.104,0.706,3,"st_q_reg[2]_rep__0/C","gen_lane[2].i_p2_pop_slice/bool_result_q_reg[57]/CE","P2 popcount capture","FDCE=2;LUT2=1;LUT4=1;LUT6=1"
980,1.810,5.000,2.979,0.875,2.104,0.706,3,"st_q_reg[2]_rep__0/C","gen_lane[2].i_p2_pop_slice/bool_result_q_reg[58]/CE","P2 popcount capture","FDCE=2;LUT2=1;LUT4=1;LUT6=1"
981,1.810,5.000,2.979,0.875,2.104,0.706,3,"st_q_reg[2]_rep__0/C","gen_lane[2].i_p2_pop_slice/bool_result_q_reg[59]/CE","P2 popcount capture","FDCE=2;LUT2=1;LUT4=1;LUT6=1"
982,1.810,5.000,2.979,0.875,2.104,0.706,3,"st_q_reg[2]_rep__0/C","gen_lane[2].i_p2_pop_slice/bool_result_q_reg[5]/CE","P2 popcount capture","FDCE=2;LUT2=1;LUT4=1;LUT6=1"
983,1.810,5.000,2.979,0.875,2.104,0.706,3,"st_q_reg[2]_rep__0/C","gen_lane[2].i_p2_pop_slice/bool_result_q_reg[60]/CE","P2 popcount capture","FDCE=2;LUT2=1;LUT4=1;LUT6=1"
984,1.810,5.000,2.979,0.875,2.104,0.706,3,"st_q_reg[2]_rep__0/C","gen_lane[2].i_p2_pop_slice/bool_result_q_reg[61]/CE","P2 popcount capture","FDCE=2;LUT2=1;LUT4=1;LUT6=1"
985,1.810,5.000,2.979,0.875,2.104,0.706,3,"st_q_reg[2]_rep__0/C","gen_lane[2].i_p2_pop_slice/bool_result_q_reg[62]/CE","P2 popcount capture","FDCE=2;LUT2=1;LUT4=1;LUT6=1"
986,1.810,5.000,2.979,0.875,2.104,0.706,3,"st_q_reg[2]_rep__0/C","gen_lane[2].i_p2_pop_slice/bool_result_q_reg[63]/CE","P2 popcount capture","FDCE=2;LUT2=1;LUT4=1;LUT6=1"
987,1.810,5.000,2.979,0.875,2.104,0.706,3,"st_q_reg[2]_rep__0/C","gen_lane[2].i_p2_pop_slice/bool_result_q_reg[6]/CE","P2 popcount capture","FDCE=2;LUT2=1;LUT4=1;LUT6=1"
988,1.810,5.000,2.979,0.875,2.104,0.706,3,"st_q_reg[2]_rep__0/C","gen_lane[2].i_p2_pop_slice/bool_result_q_reg[7]/CE","P2 popcount capture","FDCE=2;LUT2=1;LUT4=1;LUT6=1"
989,1.810,5.000,2.979,0.875,2.104,0.706,3,"st_q_reg[2]_rep__0/C","gen_lane[2].i_p2_pop_slice/bool_result_q_reg[8]/CE","P2 popcount capture","FDCE=2;LUT2=1;LUT4=1;LUT6=1"
990,1.810,5.000,2.979,0.875,2.104,0.706,3,"st_q_reg[2]_rep__0/C","gen_lane[2].i_p2_pop_slice/bool_result_q_reg[9]/CE","P2 popcount capture","FDCE=2;LUT2=1;LUT4=1;LUT6=1"
991,1.810,5.000,2.979,0.875,2.104,0.706,3,"st_q_reg[2]_rep__0/C","gen_lane[3].i_p2_pop_slice/bool_result_q_reg[0]/CE","P2 popcount capture","FDCE=2;LUT2=1;LUT4=1;LUT6=1"
992,1.810,5.000,2.979,0.875,2.104,0.706,3,"st_q_reg[2]_rep__0/C","gen_lane[3].i_p2_pop_slice/bool_result_q_reg[10]/CE","P2 popcount capture","FDCE=2;LUT2=1;LUT4=1;LUT6=1"
993,1.810,5.000,2.979,0.875,2.104,0.706,3,"st_q_reg[2]_rep__0/C","gen_lane[3].i_p2_pop_slice/bool_result_q_reg[11]/CE","P2 popcount capture","FDCE=2;LUT2=1;LUT4=1;LUT6=1"
994,1.810,5.000,2.979,0.875,2.104,0.706,3,"st_q_reg[2]_rep__0/C","gen_lane[3].i_p2_pop_slice/bool_result_q_reg[12]/CE","P2 popcount capture","FDCE=2;LUT2=1;LUT4=1;LUT6=1"
995,1.810,5.000,2.979,0.875,2.104,0.706,3,"st_q_reg[2]_rep__0/C","gen_lane[3].i_p2_pop_slice/bool_result_q_reg[13]/CE","P2 popcount capture","FDCE=2;LUT2=1;LUT4=1;LUT6=1"
996,1.810,5.000,2.979,0.875,2.104,0.706,3,"st_q_reg[2]_rep__0/C","gen_lane[3].i_p2_pop_slice/bool_result_q_reg[14]/CE","P2 popcount capture","FDCE=2;LUT2=1;LUT4=1;LUT6=1"
997,1.810,5.000,2.979,0.875,2.104,0.706,3,"st_q_reg[2]_rep__0/C","gen_lane[3].i_p2_pop_slice/bool_result_q_reg[15]/CE","P2 popcount capture","FDCE=2;LUT2=1;LUT4=1;LUT6=1"
998,1.810,5.000,2.979,0.875,2.104,0.706,3,"st_q_reg[2]_rep__0/C","gen_lane[3].i_p2_pop_slice/bool_result_q_reg[16]/CE","P2 popcount capture","FDCE=2;LUT2=1;LUT4=1;LUT6=1"
999,1.810,5.000,2.979,0.875,2.104,0.706,3,"st_q_reg[2]_rep__0/C","gen_lane[3].i_p2_pop_slice/bool_result_q_reg[17]/CE","P2 popcount capture","FDCE=2;LUT2=1;LUT4=1;LUT6=1"
1000,1.810,5.000,2.979,0.875,2.104,0.706,3,"st_q_reg[2]_rep__0/C","gen_lane[3].i_p2_pop_slice/bool_result_q_reg[18]/CE","P2 popcount capture","FDCE=2;LUT2=1;LUT4=1;LUT6=1"
