rank,slack_ns,required_time_ns,data_path_delay_ns,logic_delay_ns,route_delay_ns,route_ratio,logic_levels,startpoint,endpoint,path_class,main_cells
1,0.314,5.000,4.683,1.190,3.493,0.746,6,"FSM_onehot_st_q_reg[13]/C","lane_result_q_reg[0][55]/D","P2 lane result capture","FDCE=2;LUT4=1;LUT6=5"
2,0.314,5.000,4.683,1.190,3.493,0.746,6,"FSM_onehot_st_q_reg[13]/C","lane_result_q_reg[1][55]/D","P2 lane result capture","FDCE=2;LUT4=1;LUT6=5"
3,0.314,5.000,4.683,1.190,3.493,0.746,6,"FSM_onehot_st_q_reg[13]/C","lane_result_q_reg[2][55]/D","P2 lane result capture","FDCE=2;LUT4=1;LUT6=5"
4,0.314,5.000,4.683,1.190,3.493,0.746,6,"FSM_onehot_st_q_reg[13]/C","lane_result_q_reg[3][55]/D","P2 lane result capture","FDCE=2;LUT4=1;LUT6=5"
5,0.315,5.000,4.682,1.190,3.492,0.746,6,"FSM_onehot_st_q_reg[13]/C","lane_result_q_reg[0][59]/D","P2 lane result capture","FDCE=2;LUT4=1;LUT6=5"
6,0.315,5.000,4.682,1.190,3.492,0.746,6,"FSM_onehot_st_q_reg[13]/C","lane_result_q_reg[1][59]/D","P2 lane result capture","FDCE=2;LUT4=1;LUT6=5"
7,0.315,5.000,4.682,1.190,3.492,0.746,6,"FSM_onehot_st_q_reg[13]/C","lane_result_q_reg[2][59]/D","P2 lane result capture","FDCE=2;LUT4=1;LUT6=5"
8,0.315,5.000,4.682,1.190,3.492,0.746,6,"FSM_onehot_st_q_reg[13]/C","lane_result_q_reg[3][59]/D","P2 lane result capture","FDCE=2;LUT4=1;LUT6=5"
9,0.325,5.000,4.672,1.190,3.482,0.745,6,"FSM_onehot_st_q_reg[13]/C","lane_result_q_reg[0][63]/D","P2 lane result capture","FDCE=2;LUT4=1;LUT6=5"
10,0.325,5.000,4.672,1.190,3.482,0.745,6,"FSM_onehot_st_q_reg[13]/C","lane_result_q_reg[1][63]/D","P2 lane result capture","FDCE=2;LUT4=1;LUT6=5"
11,0.325,5.000,4.672,1.190,3.482,0.745,6,"FSM_onehot_st_q_reg[13]/C","lane_result_q_reg[2][63]/D","P2 lane result capture","FDCE=2;LUT4=1;LUT6=5"
12,0.325,5.000,4.672,1.190,3.482,0.745,6,"FSM_onehot_st_q_reg[13]/C","lane_result_q_reg[3][63]/D","P2 lane result capture","FDCE=2;LUT4=1;LUT6=5"
13,0.326,5.000,4.700,2.246,2.454,0.522,7,"gen_lane[0].i_p2_pop_slice/popcount_part_q_o_reg[0][0]/C","group_dist_q_reg[8]/D","P2 popcount capture","CARRY4=4;FDCE=2;LUT3=2;LUT5=1"
14,0.426,5.000,4.600,2.146,2.454,0.533,6,"gen_lane[0].i_p2_pop_slice/popcount_part_q_o_reg[0][0]/C","group_dist_q_reg[7]/D","P2 popcount capture","CARRY4=3;FDCE=2;LUT3=2;LUT5=1"
15,0.479,5.000,4.547,2.093,2.454,0.540,6,"gen_lane[0].i_p2_pop_slice/popcount_part_q_o_reg[0][0]/C","group_dist_q_reg[6]/D","P2 popcount capture","CARRY4=3;FDCE=2;LUT3=2;LUT5=1"
16,0.583,5.000,4.414,1.118,3.296,0.747,5,"gen_lane[2].i_p2_pop_slice/bool_result_q_reg[7]/C","gen_lane[2].i_p2_pop_slice/popcount_part_q_o_reg[0][3]/D","P2 popcount capture","FDCE=2;LUT3=1;LUT5=2;LUT6=2"
17,0.583,5.000,4.414,1.118,3.296,0.747,5,"gen_lane[2].i_p2_pop_slice/bool_result_q_reg[39]/C","gen_lane[2].i_p2_pop_slice/popcount_part_q_o_reg[1][3]/D","P2 popcount capture","FDCE=2;LUT3=1;LUT5=2;LUT6=2"
18,0.583,5.000,4.414,1.118,3.296,0.747,5,"gen_lane[3].i_p2_pop_slice/bool_result_q_reg[7]/C","gen_lane[3].i_p2_pop_slice/popcount_part_q_o_reg[0][3]/D","P2 popcount capture","FDCE=2;LUT3=1;LUT5=2;LUT6=2"
19,0.583,5.000,4.414,1.118,3.296,0.747,5,"gen_lane[3].i_p2_pop_slice/bool_result_q_reg[39]/C","gen_lane[3].i_p2_pop_slice/popcount_part_q_o_reg[1][3]/D","P2 popcount capture","FDCE=2;LUT3=1;LUT5=2;LUT6=2"
20,0.596,5.000,4.401,1.105,3.296,0.749,5,"gen_lane[2].i_p2_pop_slice/bool_result_q_reg[7]/C","gen_lane[2].i_p2_pop_slice/popcount_part_q_o_reg[0][5]/D","P2 popcount capture","FDCE=2;LUT3=1;LUT5=1;LUT6=3"
21,0.596,5.000,4.401,1.105,3.296,0.749,5,"gen_lane[2].i_p2_pop_slice/bool_result_q_reg[39]/C","gen_lane[2].i_p2_pop_slice/popcount_part_q_o_reg[1][5]/D","P2 popcount capture","FDCE=2;LUT3=1;LUT5=1;LUT6=3"
22,0.596,5.000,4.401,1.105,3.296,0.749,5,"gen_lane[3].i_p2_pop_slice/bool_result_q_reg[7]/C","gen_lane[3].i_p2_pop_slice/popcount_part_q_o_reg[0][5]/D","P2 popcount capture","FDCE=2;LUT3=1;LUT5=1;LUT6=3"
23,0.596,5.000,4.401,1.105,3.296,0.749,5,"gen_lane[3].i_p2_pop_slice/bool_result_q_reg[39]/C","gen_lane[3].i_p2_pop_slice/popcount_part_q_o_reg[1][5]/D","P2 popcount capture","FDCE=2;LUT3=1;LUT5=1;LUT6=3"
24,0.600,5.000,4.426,2.168,2.258,0.510,7,"gen_lane[2].i_p2_pop_slice/popcount_part_q_o_reg[1][0]/C","group_dist_q_reg[5]/D","P2 popcount capture","CARRY4=3;FDCE=2;LUT3=2;LUT5=1;LUT6=1"
25,0.602,5.000,4.395,1.105,3.290,0.749,5,"gen_lane[2].i_p2_pop_slice/bool_result_q_reg[7]/C","gen_lane[2].i_p2_pop_slice/popcount_part_q_o_reg[0][4]/D","P2 popcount capture","FDCE=2;LUT3=1;LUT5=1;LUT6=3"
26,0.602,5.000,4.395,1.105,3.290,0.749,5,"gen_lane[2].i_p2_pop_slice/bool_result_q_reg[39]/C","gen_lane[2].i_p2_pop_slice/popcount_part_q_o_reg[1][4]/D","P2 popcount capture","FDCE=2;LUT3=1;LUT5=1;LUT6=3"
27,0.602,5.000,4.395,1.105,3.290,0.749,5,"gen_lane[3].i_p2_pop_slice/bool_result_q_reg[7]/C","gen_lane[3].i_p2_pop_slice/popcount_part_q_o_reg[0][4]/D","P2 popcount capture","FDCE=2;LUT3=1;LUT5=1;LUT6=3"
28,0.602,5.000,4.395,1.105,3.290,0.749,5,"gen_lane[3].i_p2_pop_slice/bool_result_q_reg[39]/C","gen_lane[3].i_p2_pop_slice/popcount_part_q_o_reg[1][4]/D","P2 popcount capture","FDCE=2;LUT3=1;LUT5=1;LUT6=3"
29,0.603,5.000,4.394,1.190,3.204,0.729,6,"FSM_onehot_st_q_reg[13]/C","lane_result_q_reg[0][0]/D","P2 lane result capture","FDCE=2;LUT5=1;LUT6=5"
30,0.603,5.000,4.394,1.190,3.204,0.729,6,"FSM_onehot_st_q_reg[13]/C","lane_result_q_reg[0][10]/D","P2 lane result capture","FDCE=2;LUT5=1;LUT6=5"
31,0.603,5.000,4.394,1.190,3.204,0.729,6,"FSM_onehot_st_q_reg[13]/C","lane_result_q_reg[0][11]/D","P2 lane result capture","FDCE=2;LUT5=1;LUT6=5"
32,0.603,5.000,4.394,1.190,3.204,0.729,6,"FSM_onehot_st_q_reg[13]/C","lane_result_q_reg[0][12]/D","P2 lane result capture","FDCE=2;LUT5=1;LUT6=5"
33,0.603,5.000,4.394,1.190,3.204,0.729,6,"FSM_onehot_st_q_reg[13]/C","lane_result_q_reg[0][13]/D","P2 lane result capture","FDCE=2;LUT5=1;LUT6=5"
34,0.603,5.000,4.394,1.190,3.204,0.729,6,"FSM_onehot_st_q_reg[13]/C","lane_result_q_reg[0][14]/D","P2 lane result capture","FDCE=2;LUT5=1;LUT6=5"
35,0.603,5.000,4.394,1.190,3.204,0.729,6,"FSM_onehot_st_q_reg[13]/C","lane_result_q_reg[0][15]/D","P2 lane result capture","FDCE=2;LUT5=1;LUT6=5"
36,0.603,5.000,4.394,1.190,3.204,0.729,6,"FSM_onehot_st_q_reg[13]/C","lane_result_q_reg[0][1]/D","P2 lane result capture","FDCE=2;LUT5=1;LUT6=5"
37,0.603,5.000,4.394,1.190,3.204,0.729,6,"FSM_onehot_st_q_reg[13]/C","lane_result_q_reg[0][2]/D","P2 lane result capture","FDCE=2;LUT5=1;LUT6=5"
38,0.603,5.000,4.394,1.190,3.204,0.729,6,"FSM_onehot_st_q_reg[13]/C","lane_result_q_reg[0][3]/D","P2 lane result capture","FDCE=2;LUT5=1;LUT6=5"
39,0.603,5.000,4.394,1.190,3.204,0.729,6,"FSM_onehot_st_q_reg[13]/C","lane_result_q_reg[0][4]/D","P2 lane result capture","FDCE=2;LUT5=1;LUT6=5"
40,0.603,5.000,4.394,1.190,3.204,0.729,6,"FSM_onehot_st_q_reg[13]/C","lane_result_q_reg[0][5]/D","P2 lane result capture","FDCE=2;LUT5=1;LUT6=5"
41,0.603,5.000,4.394,1.190,3.204,0.729,6,"FSM_onehot_st_q_reg[13]/C","lane_result_q_reg[0][6]/D","P2 lane result capture","FDCE=2;LUT5=1;LUT6=5"
42,0.603,5.000,4.394,1.190,3.204,0.729,6,"FSM_onehot_st_q_reg[13]/C","lane_result_q_reg[0][7]/D","P2 lane result capture","FDCE=2;LUT5=1;LUT6=5"
43,0.603,5.000,4.394,1.190,3.204,0.729,6,"FSM_onehot_st_q_reg[13]/C","lane_result_q_reg[0][8]/D","P2 lane result capture","FDCE=2;LUT5=1;LUT6=5"
44,0.603,5.000,4.394,1.190,3.204,0.729,6,"FSM_onehot_st_q_reg[13]/C","lane_result_q_reg[0][9]/D","P2 lane result capture","FDCE=2;LUT5=1;LUT6=5"
45,0.603,5.000,4.394,1.190,3.204,0.729,6,"FSM_onehot_st_q_reg[13]/C","lane_result_q_reg[1][0]/D","P2 lane result capture","FDCE=2;LUT5=1;LUT6=5"
46,0.603,5.000,4.394,1.190,3.204,0.729,6,"FSM_onehot_st_q_reg[13]/C","lane_result_q_reg[1][10]/D","P2 lane result capture","FDCE=2;LUT5=1;LUT6=5"
47,0.603,5.000,4.394,1.190,3.204,0.729,6,"FSM_onehot_st_q_reg[13]/C","lane_result_q_reg[1][11]/D","P2 lane result capture","FDCE=2;LUT5=1;LUT6=5"
48,0.603,5.000,4.394,1.190,3.204,0.729,6,"FSM_onehot_st_q_reg[13]/C","lane_result_q_reg[1][12]/D","P2 lane result capture","FDCE=2;LUT5=1;LUT6=5"
49,0.603,5.000,4.394,1.190,3.204,0.729,6,"FSM_onehot_st_q_reg[13]/C","lane_result_q_reg[1][13]/D","P2 lane result capture","FDCE=2;LUT5=1;LUT6=5"
50,0.603,5.000,4.394,1.190,3.204,0.729,6,"FSM_onehot_st_q_reg[13]/C","lane_result_q_reg[1][14]/D","P2 lane result capture","FDCE=2;LUT5=1;LUT6=5"
51,0.603,5.000,4.394,1.190,3.204,0.729,6,"FSM_onehot_st_q_reg[13]/C","lane_result_q_reg[1][15]/D","P2 lane result capture","FDCE=2;LUT5=1;LUT6=5"
52,0.603,5.000,4.394,1.190,3.204,0.729,6,"FSM_onehot_st_q_reg[13]/C","lane_result_q_reg[1][1]/D","P2 lane result capture","FDCE=2;LUT5=1;LUT6=5"
53,0.603,5.000,4.394,1.190,3.204,0.729,6,"FSM_onehot_st_q_reg[13]/C","lane_result_q_reg[1][2]/D","P2 lane result capture","FDCE=2;LUT5=1;LUT6=5"
54,0.603,5.000,4.394,1.190,3.204,0.729,6,"FSM_onehot_st_q_reg[13]/C","lane_result_q_reg[1][3]/D","P2 lane result capture","FDCE=2;LUT5=1;LUT6=5"
55,0.603,5.000,4.394,1.190,3.204,0.729,6,"FSM_onehot_st_q_reg[13]/C","lane_result_q_reg[1][4]/D","P2 lane result capture","FDCE=2;LUT5=1;LUT6=5"
56,0.603,5.000,4.394,1.190,3.204,0.729,6,"FSM_onehot_st_q_reg[13]/C","lane_result_q_reg[1][5]/D","P2 lane result capture","FDCE=2;LUT5=1;LUT6=5"
57,0.603,5.000,4.394,1.190,3.204,0.729,6,"FSM_onehot_st_q_reg[13]/C","lane_result_q_reg[1][6]/D","P2 lane result capture","FDCE=2;LUT5=1;LUT6=5"
58,0.603,5.000,4.394,1.190,3.204,0.729,6,"FSM_onehot_st_q_reg[13]/C","lane_result_q_reg[1][7]/D","P2 lane result capture","FDCE=2;LUT5=1;LUT6=5"
59,0.603,5.000,4.394,1.190,3.204,0.729,6,"FSM_onehot_st_q_reg[13]/C","lane_result_q_reg[1][8]/D","P2 lane result capture","FDCE=2;LUT5=1;LUT6=5"
60,0.603,5.000,4.394,1.190,3.204,0.729,6,"FSM_onehot_st_q_reg[13]/C","lane_result_q_reg[1][9]/D","P2 lane result capture","FDCE=2;LUT5=1;LUT6=5"
61,0.603,5.000,4.394,1.190,3.204,0.729,6,"FSM_onehot_st_q_reg[13]/C","lane_result_q_reg[2][0]/D","P2 lane result capture","FDCE=2;LUT5=1;LUT6=5"
62,0.603,5.000,4.394,1.190,3.204,0.729,6,"FSM_onehot_st_q_reg[13]/C","lane_result_q_reg[2][10]/D","P2 lane result capture","FDCE=2;LUT5=1;LUT6=5"
63,0.603,5.000,4.394,1.190,3.204,0.729,6,"FSM_onehot_st_q_reg[13]/C","lane_result_q_reg[2][11]/D","P2 lane result capture","FDCE=2;LUT5=1;LUT6=5"
64,0.603,5.000,4.394,1.190,3.204,0.729,6,"FSM_onehot_st_q_reg[13]/C","lane_result_q_reg[2][12]/D","P2 lane result capture","FDCE=2;LUT5=1;LUT6=5"
65,0.603,5.000,4.394,1.190,3.204,0.729,6,"FSM_onehot_st_q_reg[13]/C","lane_result_q_reg[2][13]/D","P2 lane result capture","FDCE=2;LUT5=1;LUT6=5"
66,0.603,5.000,4.394,1.190,3.204,0.729,6,"FSM_onehot_st_q_reg[13]/C","lane_result_q_reg[2][14]/D","P2 lane result capture","FDCE=2;LUT5=1;LUT6=5"
67,0.603,5.000,4.394,1.190,3.204,0.729,6,"FSM_onehot_st_q_reg[13]/C","lane_result_q_reg[2][15]/D","P2 lane result capture","FDCE=2;LUT5=1;LUT6=5"
68,0.603,5.000,4.394,1.190,3.204,0.729,6,"FSM_onehot_st_q_reg[13]/C","lane_result_q_reg[2][1]/D","P2 lane result capture","FDCE=2;LUT5=1;LUT6=5"
69,0.603,5.000,4.394,1.190,3.204,0.729,6,"FSM_onehot_st_q_reg[13]/C","lane_result_q_reg[2][2]/D","P2 lane result capture","FDCE=2;LUT5=1;LUT6=5"
70,0.603,5.000,4.394,1.190,3.204,0.729,6,"FSM_onehot_st_q_reg[13]/C","lane_result_q_reg[2][3]/D","P2 lane result capture","FDCE=2;LUT5=1;LUT6=5"
71,0.603,5.000,4.394,1.190,3.204,0.729,6,"FSM_onehot_st_q_reg[13]/C","lane_result_q_reg[2][4]/D","P2 lane result capture","FDCE=2;LUT5=1;LUT6=5"
72,0.603,5.000,4.394,1.190,3.204,0.729,6,"FSM_onehot_st_q_reg[13]/C","lane_result_q_reg[2][5]/D","P2 lane result capture","FDCE=2;LUT5=1;LUT6=5"
73,0.603,5.000,4.394,1.190,3.204,0.729,6,"FSM_onehot_st_q_reg[13]/C","lane_result_q_reg[2][6]/D","P2 lane result capture","FDCE=2;LUT5=1;LUT6=5"
74,0.603,5.000,4.394,1.190,3.204,0.729,6,"FSM_onehot_st_q_reg[13]/C","lane_result_q_reg[2][7]/D","P2 lane result capture","FDCE=2;LUT5=1;LUT6=5"
75,0.603,5.000,4.394,1.190,3.204,0.729,6,"FSM_onehot_st_q_reg[13]/C","lane_result_q_reg[2][8]/D","P2 lane result capture","FDCE=2;LUT5=1;LUT6=5"
76,0.603,5.000,4.394,1.190,3.204,0.729,6,"FSM_onehot_st_q_reg[13]/C","lane_result_q_reg[2][9]/D","P2 lane result capture","FDCE=2;LUT5=1;LUT6=5"
77,0.603,5.000,4.394,1.190,3.204,0.729,6,"FSM_onehot_st_q_reg[13]/C","lane_result_q_reg[3][0]/D","P2 lane result capture","FDCE=2;LUT5=1;LUT6=5"
78,0.603,5.000,4.394,1.190,3.204,0.729,6,"FSM_onehot_st_q_reg[13]/C","lane_result_q_reg[3][10]/D","P2 lane result capture","FDCE=2;LUT5=1;LUT6=5"
79,0.603,5.000,4.394,1.190,3.204,0.729,6,"FSM_onehot_st_q_reg[13]/C","lane_result_q_reg[3][11]/D","P2 lane result capture","FDCE=2;LUT5=1;LUT6=5"
80,0.603,5.000,4.394,1.190,3.204,0.729,6,"FSM_onehot_st_q_reg[13]/C","lane_result_q_reg[3][12]/D","P2 lane result capture","FDCE=2;LUT5=1;LUT6=5"
81,0.603,5.000,4.394,1.190,3.204,0.729,6,"FSM_onehot_st_q_reg[13]/C","lane_result_q_reg[3][13]/D","P2 lane result capture","FDCE=2;LUT5=1;LUT6=5"
82,0.603,5.000,4.394,1.190,3.204,0.729,6,"FSM_onehot_st_q_reg[13]/C","lane_result_q_reg[3][14]/D","P2 lane result capture","FDCE=2;LUT5=1;LUT6=5"
83,0.603,5.000,4.394,1.190,3.204,0.729,6,"FSM_onehot_st_q_reg[13]/C","lane_result_q_reg[3][15]/D","P2 lane result capture","FDCE=2;LUT5=1;LUT6=5"
84,0.603,5.000,4.394,1.190,3.204,0.729,6,"FSM_onehot_st_q_reg[13]/C","lane_result_q_reg[3][1]/D","P2 lane result capture","FDCE=2;LUT5=1;LUT6=5"
85,0.603,5.000,4.394,1.190,3.204,0.729,6,"FSM_onehot_st_q_reg[13]/C","lane_result_q_reg[3][2]/D","P2 lane result capture","FDCE=2;LUT5=1;LUT6=5"
86,0.603,5.000,4.394,1.190,3.204,0.729,6,"FSM_onehot_st_q_reg[13]/C","lane_result_q_reg[3][3]/D","P2 lane result capture","FDCE=2;LUT5=1;LUT6=5"
87,0.603,5.000,4.394,1.190,3.204,0.729,6,"FSM_onehot_st_q_reg[13]/C","lane_result_q_reg[3][4]/D","P2 lane result capture","FDCE=2;LUT5=1;LUT6=5"
88,0.603,5.000,4.394,1.190,3.204,0.729,6,"FSM_onehot_st_q_reg[13]/C","lane_result_q_reg[3][5]/D","P2 lane result capture","FDCE=2;LUT5=1;LUT6=5"
89,0.603,5.000,4.394,1.190,3.204,0.729,6,"FSM_onehot_st_q_reg[13]/C","lane_result_q_reg[3][6]/D","P2 lane result capture","FDCE=2;LUT5=1;LUT6=5"
90,0.603,5.000,4.394,1.190,3.204,0.729,6,"FSM_onehot_st_q_reg[13]/C","lane_result_q_reg[3][7]/D","P2 lane result capture","FDCE=2;LUT5=1;LUT6=5"
91,0.603,5.000,4.394,1.190,3.204,0.729,6,"FSM_onehot_st_q_reg[13]/C","lane_result_q_reg[3][8]/D","P2 lane result capture","FDCE=2;LUT5=1;LUT6=5"
92,0.603,5.000,4.394,1.190,3.204,0.729,6,"FSM_onehot_st_q_reg[13]/C","lane_result_q_reg[3][9]/D","P2 lane result capture","FDCE=2;LUT5=1;LUT6=5"
93,0.610,5.000,4.387,1.210,3.177,0.724,6,"FSM_onehot_st_q_reg[13]/C","lane_result_q_reg[0][35]/D","P2 lane result capture","FDCE=2;LUT3=1;LUT6=5"
94,0.610,5.000,4.387,1.210,3.177,0.724,6,"FSM_onehot_st_q_reg[13]/C","lane_result_q_reg[0][36]/D","P2 lane result capture","FDCE=2;LUT3=1;LUT6=5"
95,0.610,5.000,4.387,1.210,3.177,0.724,6,"FSM_onehot_st_q_reg[13]/C","lane_result_q_reg[0][37]/D","P2 lane result capture","FDCE=2;LUT3=1;LUT6=5"
96,0.610,5.000,4.387,1.210,3.177,0.724,6,"FSM_onehot_st_q_reg[13]/C","lane_result_q_reg[0][45]/D","P2 lane result capture","FDCE=2;LUT3=1;LUT6=5"
97,0.610,5.000,4.387,1.210,3.177,0.724,6,"FSM_onehot_st_q_reg[13]/C","lane_result_q_reg[0][51]/D","P2 lane result capture","FDCE=2;LUT3=1;LUT6=5"
98,0.610,5.000,4.387,1.210,3.177,0.724,6,"FSM_onehot_st_q_reg[13]/C","lane_result_q_reg[0][52]/D","P2 lane result capture","FDCE=2;LUT3=1;LUT6=5"
99,0.610,5.000,4.387,1.210,3.177,0.724,6,"FSM_onehot_st_q_reg[13]/C","lane_result_q_reg[0][53]/D","P2 lane result capture","FDCE=2;LUT3=1;LUT6=5"
100,0.610,5.000,4.387,1.210,3.177,0.724,6,"FSM_onehot_st_q_reg[13]/C","lane_result_q_reg[0][60]/D","P2 lane result capture","FDCE=2;LUT3=1;LUT6=5"
101,0.610,5.000,4.387,1.210,3.177,0.724,6,"FSM_onehot_st_q_reg[13]/C","lane_result_q_reg[0][61]/D","P2 lane result capture","FDCE=2;LUT3=1;LUT6=5"
102,0.610,5.000,4.387,1.210,3.177,0.724,6,"FSM_onehot_st_q_reg[13]/C","lane_result_q_reg[1][35]/D","P2 lane result capture","FDCE=2;LUT3=1;LUT6=5"
103,0.610,5.000,4.387,1.210,3.177,0.724,6,"FSM_onehot_st_q_reg[13]/C","lane_result_q_reg[1][36]/D","P2 lane result capture","FDCE=2;LUT3=1;LUT6=5"
104,0.610,5.000,4.387,1.210,3.177,0.724,6,"FSM_onehot_st_q_reg[13]/C","lane_result_q_reg[1][37]/D","P2 lane result capture","FDCE=2;LUT3=1;LUT6=5"
105,0.610,5.000,4.387,1.210,3.177,0.724,6,"FSM_onehot_st_q_reg[13]/C","lane_result_q_reg[1][44]/D","P2 lane result capture","FDCE=2;LUT3=1;LUT6=5"
106,0.610,5.000,4.387,1.210,3.177,0.724,6,"FSM_onehot_st_q_reg[13]/C","lane_result_q_reg[1][45]/D","P2 lane result capture","FDCE=2;LUT3=1;LUT6=5"
107,0.610,5.000,4.387,1.210,3.177,0.724,6,"FSM_onehot_st_q_reg[13]/C","lane_result_q_reg[1][51]/D","P2 lane result capture","FDCE=2;LUT3=1;LUT6=5"
108,0.610,5.000,4.387,1.210,3.177,0.724,6,"FSM_onehot_st_q_reg[13]/C","lane_result_q_reg[1][52]/D","P2 lane result capture","FDCE=2;LUT3=1;LUT6=5"
109,0.610,5.000,4.387,1.210,3.177,0.724,6,"FSM_onehot_st_q_reg[13]/C","lane_result_q_reg[1][53]/D","P2 lane result capture","FDCE=2;LUT3=1;LUT6=5"
110,0.610,5.000,4.387,1.210,3.177,0.724,6,"FSM_onehot_st_q_reg[13]/C","lane_result_q_reg[1][60]/D","P2 lane result capture","FDCE=2;LUT3=1;LUT6=5"
111,0.610,5.000,4.387,1.210,3.177,0.724,6,"FSM_onehot_st_q_reg[13]/C","lane_result_q_reg[1][61]/D","P2 lane result capture","FDCE=2;LUT3=1;LUT6=5"
112,0.610,5.000,4.387,1.210,3.177,0.724,6,"FSM_onehot_st_q_reg[13]/C","lane_result_q_reg[2][35]/D","P2 lane result capture","FDCE=2;LUT3=1;LUT6=5"
113,0.610,5.000,4.387,1.210,3.177,0.724,6,"FSM_onehot_st_q_reg[13]/C","lane_result_q_reg[2][36]/D","P2 lane result capture","FDCE=2;LUT3=1;LUT6=5"
114,0.610,5.000,4.387,1.210,3.177,0.724,6,"FSM_onehot_st_q_reg[13]/C","lane_result_q_reg[2][37]/D","P2 lane result capture","FDCE=2;LUT3=1;LUT6=5"
115,0.610,5.000,4.387,1.210,3.177,0.724,6,"FSM_onehot_st_q_reg[13]/C","lane_result_q_reg[2][45]/D","P2 lane result capture","FDCE=2;LUT3=1;LUT6=5"
116,0.610,5.000,4.387,1.210,3.177,0.724,6,"FSM_onehot_st_q_reg[13]/C","lane_result_q_reg[2][51]/D","P2 lane result capture","FDCE=2;LUT3=1;LUT6=5"
117,0.610,5.000,4.387,1.210,3.177,0.724,6,"FSM_onehot_st_q_reg[13]/C","lane_result_q_reg[2][52]/D","P2 lane result capture","FDCE=2;LUT3=1;LUT6=5"
118,0.610,5.000,4.387,1.210,3.177,0.724,6,"FSM_onehot_st_q_reg[13]/C","lane_result_q_reg[2][53]/D","P2 lane result capture","FDCE=2;LUT3=1;LUT6=5"
119,0.610,5.000,4.387,1.210,3.177,0.724,6,"FSM_onehot_st_q_reg[13]/C","lane_result_q_reg[2][60]/D","P2 lane result capture","FDCE=2;LUT3=1;LUT6=5"
120,0.610,5.000,4.387,1.210,3.177,0.724,6,"FSM_onehot_st_q_reg[13]/C","lane_result_q_reg[2][61]/D","P2 lane result capture","FDCE=2;LUT3=1;LUT6=5"
121,0.610,5.000,4.387,1.210,3.177,0.724,6,"FSM_onehot_st_q_reg[13]/C","lane_result_q_reg[3][35]/D","P2 lane result capture","FDCE=2;LUT3=1;LUT6=5"
122,0.610,5.000,4.387,1.210,3.177,0.724,6,"FSM_onehot_st_q_reg[13]/C","lane_result_q_reg[3][36]/D","P2 lane result capture","FDCE=2;LUT3=1;LUT6=5"
123,0.610,5.000,4.387,1.210,3.177,0.724,6,"FSM_onehot_st_q_reg[13]/C","lane_result_q_reg[3][37]/D","P2 lane result capture","FDCE=2;LUT3=1;LUT6=5"
124,0.610,5.000,4.387,1.210,3.177,0.724,6,"FSM_onehot_st_q_reg[13]/C","lane_result_q_reg[3][43]/D","P2 lane result capture","FDCE=2;LUT3=1;LUT6=5"
125,0.610,5.000,4.387,1.210,3.177,0.724,6,"FSM_onehot_st_q_reg[13]/C","lane_result_q_reg[3][44]/D","P2 lane result capture","FDCE=2;LUT3=1;LUT6=5"
126,0.610,5.000,4.387,1.210,3.177,0.724,6,"FSM_onehot_st_q_reg[13]/C","lane_result_q_reg[3][45]/D","P2 lane result capture","FDCE=2;LUT3=1;LUT6=5"
127,0.610,5.000,4.387,1.210,3.177,0.724,6,"FSM_onehot_st_q_reg[13]/C","lane_result_q_reg[3][51]/D","P2 lane result capture","FDCE=2;LUT3=1;LUT6=5"
128,0.610,5.000,4.387,1.210,3.177,0.724,6,"FSM_onehot_st_q_reg[13]/C","lane_result_q_reg[3][52]/D","P2 lane result capture","FDCE=2;LUT3=1;LUT6=5"
129,0.610,5.000,4.387,1.210,3.177,0.724,6,"FSM_onehot_st_q_reg[13]/C","lane_result_q_reg[3][53]/D","P2 lane result capture","FDCE=2;LUT3=1;LUT6=5"
130,0.610,5.000,4.387,1.210,3.177,0.724,6,"FSM_onehot_st_q_reg[13]/C","lane_result_q_reg[3][60]/D","P2 lane result capture","FDCE=2;LUT3=1;LUT6=5"
131,0.610,5.000,4.387,1.210,3.177,0.724,6,"FSM_onehot_st_q_reg[13]/C","lane_result_q_reg[3][61]/D","P2 lane result capture","FDCE=2;LUT3=1;LUT6=5"
132,0.611,5.000,4.386,1.210,3.176,0.724,6,"FSM_onehot_st_q_reg[13]/C","lane_result_q_reg[0][32]/D","P2 lane result capture","FDCE=2;LUT3=1;LUT6=5"
133,0.611,5.000,4.386,1.210,3.176,0.724,6,"FSM_onehot_st_q_reg[13]/C","lane_result_q_reg[0][33]/D","P2 lane result capture","FDCE=2;LUT3=1;LUT6=5"
134,0.611,5.000,4.386,1.210,3.176,0.724,6,"FSM_onehot_st_q_reg[13]/C","lane_result_q_reg[0][34]/D","P2 lane result capture","FDCE=2;LUT3=1;LUT6=5"
135,0.611,5.000,4.386,1.210,3.176,0.724,6,"FSM_onehot_st_q_reg[13]/C","lane_result_q_reg[0][40]/D","P2 lane result capture","FDCE=2;LUT3=1;LUT6=5"
136,0.611,5.000,4.386,1.210,3.176,0.724,6,"FSM_onehot_st_q_reg[13]/C","lane_result_q_reg[0][41]/D","P2 lane result capture","FDCE=2;LUT3=1;LUT6=5"
137,0.611,5.000,4.386,1.210,3.176,0.724,6,"FSM_onehot_st_q_reg[13]/C","lane_result_q_reg[0][42]/D","P2 lane result capture","FDCE=2;LUT3=1;LUT6=5"
138,0.611,5.000,4.386,1.210,3.176,0.724,6,"FSM_onehot_st_q_reg[13]/C","lane_result_q_reg[0][48]/D","P2 lane result capture","FDCE=2;LUT3=1;LUT6=5"
139,0.611,5.000,4.386,1.210,3.176,0.724,6,"FSM_onehot_st_q_reg[13]/C","lane_result_q_reg[0][49]/D","P2 lane result capture","FDCE=2;LUT3=1;LUT6=5"
140,0.611,5.000,4.386,1.210,3.176,0.724,6,"FSM_onehot_st_q_reg[13]/C","lane_result_q_reg[0][50]/D","P2 lane result capture","FDCE=2;LUT3=1;LUT6=5"
141,0.611,5.000,4.386,1.210,3.176,0.724,6,"FSM_onehot_st_q_reg[13]/C","lane_result_q_reg[0][56]/D","P2 lane result capture","FDCE=2;LUT3=1;LUT6=5"
142,0.611,5.000,4.386,1.210,3.176,0.724,6,"FSM_onehot_st_q_reg[13]/C","lane_result_q_reg[0][57]/D","P2 lane result capture","FDCE=2;LUT3=1;LUT6=5"
143,0.611,5.000,4.386,1.210,3.176,0.724,6,"FSM_onehot_st_q_reg[13]/C","lane_result_q_reg[0][58]/D","P2 lane result capture","FDCE=2;LUT3=1;LUT6=5"
144,0.611,5.000,4.386,1.210,3.176,0.724,6,"FSM_onehot_st_q_reg[13]/C","lane_result_q_reg[1][32]/D","P2 lane result capture","FDCE=2;LUT3=1;LUT6=5"
145,0.611,5.000,4.386,1.210,3.176,0.724,6,"FSM_onehot_st_q_reg[13]/C","lane_result_q_reg[1][33]/D","P2 lane result capture","FDCE=2;LUT3=1;LUT6=5"
146,0.611,5.000,4.386,1.210,3.176,0.724,6,"FSM_onehot_st_q_reg[13]/C","lane_result_q_reg[1][34]/D","P2 lane result capture","FDCE=2;LUT3=1;LUT6=5"
147,0.611,5.000,4.386,1.210,3.176,0.724,6,"FSM_onehot_st_q_reg[13]/C","lane_result_q_reg[1][41]/D","P2 lane result capture","FDCE=2;LUT3=1;LUT6=5"
148,0.611,5.000,4.386,1.210,3.176,0.724,6,"FSM_onehot_st_q_reg[13]/C","lane_result_q_reg[1][42]/D","P2 lane result capture","FDCE=2;LUT3=1;LUT6=5"
149,0.611,5.000,4.386,1.210,3.176,0.724,6,"FSM_onehot_st_q_reg[13]/C","lane_result_q_reg[1][48]/D","P2 lane result capture","FDCE=2;LUT3=1;LUT6=5"
150,0.611,5.000,4.386,1.210,3.176,0.724,6,"FSM_onehot_st_q_reg[13]/C","lane_result_q_reg[1][49]/D","P2 lane result capture","FDCE=2;LUT3=1;LUT6=5"
151,0.611,5.000,4.386,1.210,3.176,0.724,6,"FSM_onehot_st_q_reg[13]/C","lane_result_q_reg[1][50]/D","P2 lane result capture","FDCE=2;LUT3=1;LUT6=5"
152,0.611,5.000,4.386,1.210,3.176,0.724,6,"FSM_onehot_st_q_reg[13]/C","lane_result_q_reg[1][56]/D","P2 lane result capture","FDCE=2;LUT3=1;LUT6=5"
153,0.611,5.000,4.386,1.210,3.176,0.724,6,"FSM_onehot_st_q_reg[13]/C","lane_result_q_reg[1][57]/D","P2 lane result capture","FDCE=2;LUT3=1;LUT6=5"
154,0.611,5.000,4.386,1.210,3.176,0.724,6,"FSM_onehot_st_q_reg[13]/C","lane_result_q_reg[1][58]/D","P2 lane result capture","FDCE=2;LUT3=1;LUT6=5"
155,0.611,5.000,4.386,1.210,3.176,0.724,6,"FSM_onehot_st_q_reg[13]/C","lane_result_q_reg[2][32]/D","P2 lane result capture","FDCE=2;LUT3=1;LUT6=5"
156,0.611,5.000,4.386,1.210,3.176,0.724,6,"FSM_onehot_st_q_reg[13]/C","lane_result_q_reg[2][33]/D","P2 lane result capture","FDCE=2;LUT3=1;LUT6=5"
157,0.611,5.000,4.386,1.210,3.176,0.724,6,"FSM_onehot_st_q_reg[13]/C","lane_result_q_reg[2][34]/D","P2 lane result capture","FDCE=2;LUT3=1;LUT6=5"
158,0.611,5.000,4.386,1.210,3.176,0.724,6,"FSM_onehot_st_q_reg[13]/C","lane_result_q_reg[2][40]/D","P2 lane result capture","FDCE=2;LUT3=1;LUT6=5"
159,0.611,5.000,4.386,1.210,3.176,0.724,6,"FSM_onehot_st_q_reg[13]/C","lane_result_q_reg[2][41]/D","P2 lane result capture","FDCE=2;LUT3=1;LUT6=5"
160,0.611,5.000,4.386,1.210,3.176,0.724,6,"FSM_onehot_st_q_reg[13]/C","lane_result_q_reg[2][42]/D","P2 lane result capture","FDCE=2;LUT3=1;LUT6=5"
161,0.611,5.000,4.386,1.210,3.176,0.724,6,"FSM_onehot_st_q_reg[13]/C","lane_result_q_reg[2][48]/D","P2 lane result capture","FDCE=2;LUT3=1;LUT6=5"
162,0.611,5.000,4.386,1.210,3.176,0.724,6,"FSM_onehot_st_q_reg[13]/C","lane_result_q_reg[2][49]/D","P2 lane result capture","FDCE=2;LUT3=1;LUT6=5"
163,0.611,5.000,4.386,1.210,3.176,0.724,6,"FSM_onehot_st_q_reg[13]/C","lane_result_q_reg[2][50]/D","P2 lane result capture","FDCE=2;LUT3=1;LUT6=5"
164,0.611,5.000,4.386,1.210,3.176,0.724,6,"FSM_onehot_st_q_reg[13]/C","lane_result_q_reg[2][56]/D","P2 lane result capture","FDCE=2;LUT3=1;LUT6=5"
165,0.611,5.000,4.386,1.210,3.176,0.724,6,"FSM_onehot_st_q_reg[13]/C","lane_result_q_reg[2][57]/D","P2 lane result capture","FDCE=2;LUT3=1;LUT6=5"
166,0.611,5.000,4.386,1.210,3.176,0.724,6,"FSM_onehot_st_q_reg[13]/C","lane_result_q_reg[2][58]/D","P2 lane result capture","FDCE=2;LUT3=1;LUT6=5"
167,0.611,5.000,4.386,1.210,3.176,0.724,6,"FSM_onehot_st_q_reg[13]/C","lane_result_q_reg[3][32]/D","P2 lane result capture","FDCE=2;LUT3=1;LUT6=5"
168,0.611,5.000,4.386,1.210,3.176,0.724,6,"FSM_onehot_st_q_reg[13]/C","lane_result_q_reg[3][33]/D","P2 lane result capture","FDCE=2;LUT3=1;LUT6=5"
169,0.611,5.000,4.386,1.210,3.176,0.724,6,"FSM_onehot_st_q_reg[13]/C","lane_result_q_reg[3][34]/D","P2 lane result capture","FDCE=2;LUT3=1;LUT6=5"
170,0.611,5.000,4.386,1.210,3.176,0.724,6,"FSM_onehot_st_q_reg[13]/C","lane_result_q_reg[3][40]/D","P2 lane result capture","FDCE=2;LUT3=1;LUT6=5"
171,0.611,5.000,4.386,1.210,3.176,0.724,6,"FSM_onehot_st_q_reg[13]/C","lane_result_q_reg[3][41]/D","P2 lane result capture","FDCE=2;LUT3=1;LUT6=5"
172,0.611,5.000,4.386,1.210,3.176,0.724,6,"FSM_onehot_st_q_reg[13]/C","lane_result_q_reg[3][42]/D","P2 lane result capture","FDCE=2;LUT3=1;LUT6=5"
173,0.611,5.000,4.386,1.210,3.176,0.724,6,"FSM_onehot_st_q_reg[13]/C","lane_result_q_reg[3][48]/D","P2 lane result capture","FDCE=2;LUT3=1;LUT6=5"
174,0.611,5.000,4.386,1.210,3.176,0.724,6,"FSM_onehot_st_q_reg[13]/C","lane_result_q_reg[3][49]/D","P2 lane result capture","FDCE=2;LUT3=1;LUT6=5"
175,0.611,5.000,4.386,1.210,3.176,0.724,6,"FSM_onehot_st_q_reg[13]/C","lane_result_q_reg[3][50]/D","P2 lane result capture","FDCE=2;LUT3=1;LUT6=5"
176,0.611,5.000,4.386,1.210,3.176,0.724,6,"FSM_onehot_st_q_reg[13]/C","lane_result_q_reg[3][56]/D","P2 lane result capture","FDCE=2;LUT3=1;LUT6=5"
177,0.611,5.000,4.386,1.210,3.176,0.724,6,"FSM_onehot_st_q_reg[13]/C","lane_result_q_reg[3][57]/D","P2 lane result capture","FDCE=2;LUT3=1;LUT6=5"
178,0.611,5.000,4.386,1.210,3.176,0.724,6,"FSM_onehot_st_q_reg[13]/C","lane_result_q_reg[3][58]/D","P2 lane result capture","FDCE=2;LUT3=1;LUT6=5"
179,0.616,5.000,4.381,1.210,3.171,0.724,6,"FSM_onehot_st_q_reg[13]/C","lane_result_q_reg[3][47]/D","P2 lane result capture","FDCE=2;LUT3=1;LUT6=5"
180,0.617,5.000,4.380,1.210,3.170,0.724,6,"FSM_onehot_st_q_reg[13]/C","lane_result_q_reg[0][38]/D","P2 lane result capture","FDCE=2;LUT3=1;LUT6=5"
181,0.617,5.000,4.380,1.210,3.170,0.724,6,"FSM_onehot_st_q_reg[13]/C","lane_result_q_reg[0][46]/D","P2 lane result capture","FDCE=2;LUT3=1;LUT6=5"
182,0.617,5.000,4.380,1.210,3.170,0.724,6,"FSM_onehot_st_q_reg[13]/C","lane_result_q_reg[0][54]/D","P2 lane result capture","FDCE=2;LUT3=1;LUT6=5"
183,0.617,5.000,4.380,1.210,3.170,0.724,6,"FSM_onehot_st_q_reg[13]/C","lane_result_q_reg[0][62]/D","P2 lane result capture","FDCE=2;LUT3=1;LUT6=5"
184,0.617,5.000,4.380,1.210,3.170,0.724,6,"FSM_onehot_st_q_reg[13]/C","lane_result_q_reg[1][38]/D","P2 lane result capture","FDCE=2;LUT3=1;LUT6=5"
185,0.617,5.000,4.380,1.210,3.170,0.724,6,"FSM_onehot_st_q_reg[13]/C","lane_result_q_reg[1][46]/D","P2 lane result capture","FDCE=2;LUT3=1;LUT6=5"
186,0.617,5.000,4.380,1.210,3.170,0.724,6,"FSM_onehot_st_q_reg[13]/C","lane_result_q_reg[1][54]/D","P2 lane result capture","FDCE=2;LUT3=1;LUT6=5"
187,0.617,5.000,4.380,1.210,3.170,0.724,6,"FSM_onehot_st_q_reg[13]/C","lane_result_q_reg[1][62]/D","P2 lane result capture","FDCE=2;LUT3=1;LUT6=5"
188,0.617,5.000,4.380,1.210,3.170,0.724,6,"FSM_onehot_st_q_reg[13]/C","lane_result_q_reg[2][38]/D","P2 lane result capture","FDCE=2;LUT3=1;LUT6=5"
189,0.617,5.000,4.380,1.210,3.170,0.724,6,"FSM_onehot_st_q_reg[13]/C","lane_result_q_reg[2][46]/D","P2 lane result capture","FDCE=2;LUT3=1;LUT6=5"
190,0.617,5.000,4.380,1.210,3.170,0.724,6,"FSM_onehot_st_q_reg[13]/C","lane_result_q_reg[2][54]/D","P2 lane result capture","FDCE=2;LUT3=1;LUT6=5"
191,0.617,5.000,4.380,1.210,3.170,0.724,6,"FSM_onehot_st_q_reg[13]/C","lane_result_q_reg[2][62]/D","P2 lane result capture","FDCE=2;LUT3=1;LUT6=5"
192,0.617,5.000,4.380,1.210,3.170,0.724,6,"FSM_onehot_st_q_reg[13]/C","lane_result_q_reg[3][38]/D","P2 lane result capture","FDCE=2;LUT3=1;LUT6=5"
193,0.617,5.000,4.380,1.210,3.170,0.724,6,"FSM_onehot_st_q_reg[13]/C","lane_result_q_reg[3][46]/D","P2 lane result capture","FDCE=2;LUT3=1;LUT6=5"
194,0.617,5.000,4.380,1.210,3.170,0.724,6,"FSM_onehot_st_q_reg[13]/C","lane_result_q_reg[3][54]/D","P2 lane result capture","FDCE=2;LUT3=1;LUT6=5"
195,0.617,5.000,4.380,1.210,3.170,0.724,6,"FSM_onehot_st_q_reg[13]/C","lane_result_q_reg[3][62]/D","P2 lane result capture","FDCE=2;LUT3=1;LUT6=5"
196,0.620,5.000,4.377,1.210,3.167,0.724,6,"FSM_onehot_st_q_reg[13]/C","lane_result_q_reg[1][47]/D","P2 lane result capture","FDCE=2;LUT3=1;LUT6=5"
197,0.621,5.000,4.376,1.210,3.166,0.723,6,"FSM_onehot_st_q_reg[13]/C","lane_result_q_reg[0][28]/D","P2 lane result capture","FDCE=2;LUT3=1;LUT6=5"
198,0.621,5.000,4.376,1.210,3.166,0.723,6,"FSM_onehot_st_q_reg[13]/C","lane_result_q_reg[1][28]/D","P2 lane result capture","FDCE=2;LUT3=1;LUT6=5"
199,0.621,5.000,4.376,1.210,3.166,0.723,6,"FSM_onehot_st_q_reg[13]/C","lane_result_q_reg[2][28]/D","P2 lane result capture","FDCE=2;LUT3=1;LUT6=5"
200,0.622,5.000,4.375,1.210,3.165,0.723,6,"FSM_onehot_st_q_reg[13]/C","lane_result_q_reg[0][24]/D","P2 lane result capture","FDCE=2;LUT3=1;LUT6=5"
201,0.622,5.000,4.375,1.210,3.165,0.723,6,"FSM_onehot_st_q_reg[13]/C","lane_result_q_reg[1][24]/D","P2 lane result capture","FDCE=2;LUT3=1;LUT6=5"
202,0.622,5.000,4.375,1.210,3.165,0.723,6,"FSM_onehot_st_q_reg[13]/C","lane_result_q_reg[2][24]/D","P2 lane result capture","FDCE=2;LUT3=1;LUT6=5"
203,0.622,5.000,4.375,1.210,3.165,0.723,6,"FSM_onehot_st_q_reg[13]/C","lane_result_q_reg[3][24]/D","P2 lane result capture","FDCE=2;LUT3=1;LUT6=5"
204,0.629,5.000,4.368,1.210,3.158,0.723,6,"FSM_onehot_st_q_reg[13]/C","lane_result_q_reg[0][19]/D","P2 lane result capture","FDCE=2;LUT3=1;LUT6=5"
205,0.629,5.000,4.368,1.210,3.158,0.723,6,"FSM_onehot_st_q_reg[13]/C","lane_result_q_reg[0][20]/D","P2 lane result capture","FDCE=2;LUT3=1;LUT6=5"
206,0.629,5.000,4.368,1.210,3.158,0.723,6,"FSM_onehot_st_q_reg[13]/C","lane_result_q_reg[0][21]/D","P2 lane result capture","FDCE=2;LUT3=1;LUT6=5"
207,0.629,5.000,4.368,1.210,3.158,0.723,6,"FSM_onehot_st_q_reg[13]/C","lane_result_q_reg[0][27]/D","P2 lane result capture","FDCE=2;LUT3=1;LUT6=5"
208,0.629,5.000,4.368,1.210,3.158,0.723,6,"FSM_onehot_st_q_reg[13]/C","lane_result_q_reg[0][29]/D","P2 lane result capture","FDCE=2;LUT3=1;LUT6=5"
209,0.629,5.000,4.368,1.210,3.158,0.723,6,"FSM_onehot_st_q_reg[13]/C","lane_result_q_reg[1][19]/D","P2 lane result capture","FDCE=2;LUT3=1;LUT6=5"
210,0.629,5.000,4.368,1.210,3.158,0.723,6,"FSM_onehot_st_q_reg[13]/C","lane_result_q_reg[1][20]/D","P2 lane result capture","FDCE=2;LUT3=1;LUT6=5"
211,0.629,5.000,4.368,1.210,3.158,0.723,6,"FSM_onehot_st_q_reg[13]/C","lane_result_q_reg[1][21]/D","P2 lane result capture","FDCE=2;LUT3=1;LUT6=5"
212,0.629,5.000,4.368,1.210,3.158,0.723,6,"FSM_onehot_st_q_reg[13]/C","lane_result_q_reg[1][27]/D","P2 lane result capture","FDCE=2;LUT3=1;LUT6=5"
213,0.629,5.000,4.368,1.210,3.158,0.723,6,"FSM_onehot_st_q_reg[13]/C","lane_result_q_reg[1][29]/D","P2 lane result capture","FDCE=2;LUT3=1;LUT6=5"
214,0.629,5.000,4.368,1.210,3.158,0.723,6,"FSM_onehot_st_q_reg[13]/C","lane_result_q_reg[2][19]/D","P2 lane result capture","FDCE=2;LUT3=1;LUT6=5"
215,0.629,5.000,4.368,1.210,3.158,0.723,6,"FSM_onehot_st_q_reg[13]/C","lane_result_q_reg[2][20]/D","P2 lane result capture","FDCE=2;LUT3=1;LUT6=5"
216,0.629,5.000,4.368,1.210,3.158,0.723,6,"FSM_onehot_st_q_reg[13]/C","lane_result_q_reg[2][21]/D","P2 lane result capture","FDCE=2;LUT3=1;LUT6=5"
217,0.629,5.000,4.368,1.210,3.158,0.723,6,"FSM_onehot_st_q_reg[13]/C","lane_result_q_reg[2][27]/D","P2 lane result capture","FDCE=2;LUT3=1;LUT6=5"
218,0.629,5.000,4.368,1.210,3.158,0.723,6,"FSM_onehot_st_q_reg[13]/C","lane_result_q_reg[2][29]/D","P2 lane result capture","FDCE=2;LUT3=1;LUT6=5"
219,0.629,5.000,4.368,1.210,3.158,0.723,6,"FSM_onehot_st_q_reg[13]/C","lane_result_q_reg[3][19]/D","P2 lane result capture","FDCE=2;LUT3=1;LUT6=5"
220,0.629,5.000,4.368,1.210,3.158,0.723,6,"FSM_onehot_st_q_reg[13]/C","lane_result_q_reg[3][20]/D","P2 lane result capture","FDCE=2;LUT3=1;LUT6=5"
221,0.629,5.000,4.368,1.210,3.158,0.723,6,"FSM_onehot_st_q_reg[13]/C","lane_result_q_reg[3][21]/D","P2 lane result capture","FDCE=2;LUT3=1;LUT6=5"
222,0.629,5.000,4.368,1.210,3.158,0.723,6,"FSM_onehot_st_q_reg[13]/C","lane_result_q_reg[3][27]/D","P2 lane result capture","FDCE=2;LUT3=1;LUT6=5"
223,0.629,5.000,4.368,1.210,3.158,0.723,6,"FSM_onehot_st_q_reg[13]/C","lane_result_q_reg[3][28]/D","P2 lane result capture","FDCE=2;LUT3=1;LUT6=5"
224,0.629,5.000,4.368,1.210,3.158,0.723,6,"FSM_onehot_st_q_reg[13]/C","lane_result_q_reg[3][29]/D","P2 lane result capture","FDCE=2;LUT3=1;LUT6=5"
225,0.630,5.000,4.367,1.210,3.157,0.723,6,"FSM_onehot_st_q_reg[13]/C","lane_result_q_reg[0][16]/D","P2 lane result capture","FDCE=2;LUT3=1;LUT6=5"
226,0.630,5.000,4.367,1.210,3.157,0.723,6,"FSM_onehot_st_q_reg[13]/C","lane_result_q_reg[0][17]/D","P2 lane result capture","FDCE=2;LUT3=1;LUT6=5"
227,0.630,5.000,4.367,1.210,3.157,0.723,6,"FSM_onehot_st_q_reg[13]/C","lane_result_q_reg[0][18]/D","P2 lane result capture","FDCE=2;LUT3=1;LUT6=5"
228,0.630,5.000,4.367,1.210,3.157,0.723,6,"FSM_onehot_st_q_reg[13]/C","lane_result_q_reg[0][25]/D","P2 lane result capture","FDCE=2;LUT3=1;LUT6=5"
229,0.630,5.000,4.367,1.210,3.157,0.723,6,"FSM_onehot_st_q_reg[13]/C","lane_result_q_reg[0][26]/D","P2 lane result capture","FDCE=2;LUT3=1;LUT6=5"
230,0.630,5.000,4.367,1.190,3.177,0.728,6,"FSM_onehot_st_q_reg[13]/C","lane_result_q_reg[0][43]/D","P2 lane result capture","FDCE=2;LUT3=1;LUT6=5"
231,0.630,5.000,4.367,1.190,3.177,0.728,6,"FSM_onehot_st_q_reg[13]/C","lane_result_q_reg[0][44]/D","P2 lane result capture","FDCE=2;LUT3=1;LUT6=5"
232,0.630,5.000,4.367,1.210,3.157,0.723,6,"FSM_onehot_st_q_reg[13]/C","lane_result_q_reg[1][16]/D","P2 lane result capture","FDCE=2;LUT3=1;LUT6=5"
233,0.630,5.000,4.367,1.210,3.157,0.723,6,"FSM_onehot_st_q_reg[13]/C","lane_result_q_reg[1][17]/D","P2 lane result capture","FDCE=2;LUT3=1;LUT6=5"
234,0.630,5.000,4.367,1.210,3.157,0.723,6,"FSM_onehot_st_q_reg[13]/C","lane_result_q_reg[1][18]/D","P2 lane result capture","FDCE=2;LUT3=1;LUT6=5"
235,0.630,5.000,4.367,1.210,3.157,0.723,6,"FSM_onehot_st_q_reg[13]/C","lane_result_q_reg[1][25]/D","P2 lane result capture","FDCE=2;LUT3=1;LUT6=5"
236,0.630,5.000,4.367,1.210,3.157,0.723,6,"FSM_onehot_st_q_reg[13]/C","lane_result_q_reg[1][26]/D","P2 lane result capture","FDCE=2;LUT3=1;LUT6=5"
237,0.630,5.000,4.367,1.190,3.177,0.728,6,"FSM_onehot_st_q_reg[13]/C","lane_result_q_reg[1][43]/D","P2 lane result capture","FDCE=2;LUT3=1;LUT6=5"
238,0.630,5.000,4.367,1.210,3.157,0.723,6,"FSM_onehot_st_q_reg[13]/C","lane_result_q_reg[2][16]/D","P2 lane result capture","FDCE=2;LUT3=1;LUT6=5"
239,0.630,5.000,4.367,1.210,3.157,0.723,6,"FSM_onehot_st_q_reg[13]/C","lane_result_q_reg[2][17]/D","P2 lane result capture","FDCE=2;LUT3=1;LUT6=5"
240,0.630,5.000,4.367,1.210,3.157,0.723,6,"FSM_onehot_st_q_reg[13]/C","lane_result_q_reg[2][18]/D","P2 lane result capture","FDCE=2;LUT3=1;LUT6=5"
241,0.630,5.000,4.367,1.210,3.157,0.723,6,"FSM_onehot_st_q_reg[13]/C","lane_result_q_reg[2][25]/D","P2 lane result capture","FDCE=2;LUT3=1;LUT6=5"
242,0.630,5.000,4.367,1.210,3.157,0.723,6,"FSM_onehot_st_q_reg[13]/C","lane_result_q_reg[2][26]/D","P2 lane result capture","FDCE=2;LUT3=1;LUT6=5"
243,0.630,5.000,4.367,1.190,3.177,0.728,6,"FSM_onehot_st_q_reg[13]/C","lane_result_q_reg[2][43]/D","P2 lane result capture","FDCE=2;LUT3=1;LUT6=5"
244,0.630,5.000,4.367,1.190,3.177,0.728,6,"FSM_onehot_st_q_reg[13]/C","lane_result_q_reg[2][44]/D","P2 lane result capture","FDCE=2;LUT3=1;LUT6=5"
245,0.630,5.000,4.367,1.210,3.157,0.723,6,"FSM_onehot_st_q_reg[13]/C","lane_result_q_reg[3][16]/D","P2 lane result capture","FDCE=2;LUT3=1;LUT6=5"
246,0.630,5.000,4.367,1.210,3.157,0.723,6,"FSM_onehot_st_q_reg[13]/C","lane_result_q_reg[3][17]/D","P2 lane result capture","FDCE=2;LUT3=1;LUT6=5"
247,0.630,5.000,4.367,1.210,3.157,0.723,6,"FSM_onehot_st_q_reg[13]/C","lane_result_q_reg[3][18]/D","P2 lane result capture","FDCE=2;LUT3=1;LUT6=5"
248,0.630,5.000,4.367,1.210,3.157,0.723,6,"FSM_onehot_st_q_reg[13]/C","lane_result_q_reg[3][25]/D","P2 lane result capture","FDCE=2;LUT3=1;LUT6=5"
249,0.630,5.000,4.367,1.210,3.157,0.723,6,"FSM_onehot_st_q_reg[13]/C","lane_result_q_reg[3][26]/D","P2 lane result capture","FDCE=2;LUT3=1;LUT6=5"
250,0.631,5.000,4.366,1.190,3.176,0.727,6,"FSM_onehot_st_q_reg[13]/C","lane_result_q_reg[1][40]/D","P2 lane result capture","FDCE=2;LUT3=1;LUT6=5"
251,0.635,5.000,4.362,1.210,3.152,0.723,6,"FSM_onehot_st_q_reg[13]/C","lane_result_q_reg[0][23]/D","P2 lane result capture","FDCE=2;LUT3=1;LUT6=5"
252,0.635,5.000,4.362,1.210,3.152,0.723,6,"FSM_onehot_st_q_reg[13]/C","lane_result_q_reg[0][31]/D","P2 lane result capture","FDCE=2;LUT3=1;LUT6=5"
253,0.635,5.000,4.362,1.210,3.152,0.723,6,"FSM_onehot_st_q_reg[13]/C","lane_result_q_reg[2][23]/D","P2 lane result capture","FDCE=2;LUT3=1;LUT6=5"
254,0.635,5.000,4.362,1.210,3.152,0.723,6,"FSM_onehot_st_q_reg[13]/C","lane_result_q_reg[2][31]/D","P2 lane result capture","FDCE=2;LUT3=1;LUT6=5"
255,0.635,5.000,4.362,1.210,3.152,0.723,6,"FSM_onehot_st_q_reg[13]/C","lane_result_q_reg[3][23]/D","P2 lane result capture","FDCE=2;LUT3=1;LUT6=5"
256,0.635,5.000,4.362,1.210,3.152,0.723,6,"FSM_onehot_st_q_reg[13]/C","lane_result_q_reg[3][31]/D","P2 lane result capture","FDCE=2;LUT3=1;LUT6=5"
257,0.636,5.000,4.361,1.210,3.151,0.723,6,"FSM_onehot_st_q_reg[13]/C","lane_result_q_reg[0][22]/D","P2 lane result capture","FDCE=2;LUT3=1;LUT6=5"
258,0.636,5.000,4.361,1.210,3.151,0.723,6,"FSM_onehot_st_q_reg[13]/C","lane_result_q_reg[0][30]/D","P2 lane result capture","FDCE=2;LUT3=1;LUT6=5"
259,0.636,5.000,4.361,1.190,3.171,0.727,6,"FSM_onehot_st_q_reg[13]/C","lane_result_q_reg[0][39]/D","P2 lane result capture","FDCE=2;LUT3=1;LUT6=5"
260,0.636,5.000,4.361,1.190,3.171,0.727,6,"FSM_onehot_st_q_reg[13]/C","lane_result_q_reg[0][47]/D","P2 lane result capture","FDCE=2;LUT3=1;LUT6=5"
261,0.636,5.000,4.361,1.210,3.151,0.723,6,"FSM_onehot_st_q_reg[13]/C","lane_result_q_reg[1][22]/D","P2 lane result capture","FDCE=2;LUT3=1;LUT6=5"
262,0.636,5.000,4.361,1.210,3.151,0.723,6,"FSM_onehot_st_q_reg[13]/C","lane_result_q_reg[1][23]/D","P2 lane result capture","FDCE=2;LUT3=1;LUT6=5"
263,0.636,5.000,4.361,1.210,3.151,0.723,6,"FSM_onehot_st_q_reg[13]/C","lane_result_q_reg[1][30]/D","P2 lane result capture","FDCE=2;LUT3=1;LUT6=5"
264,0.636,5.000,4.361,1.210,3.151,0.723,6,"FSM_onehot_st_q_reg[13]/C","lane_result_q_reg[2][22]/D","P2 lane result capture","FDCE=2;LUT3=1;LUT6=5"
265,0.636,5.000,4.361,1.210,3.151,0.723,6,"FSM_onehot_st_q_reg[13]/C","lane_result_q_reg[2][30]/D","P2 lane result capture","FDCE=2;LUT3=1;LUT6=5"
266,0.636,5.000,4.361,1.190,3.171,0.727,6,"FSM_onehot_st_q_reg[13]/C","lane_result_q_reg[2][39]/D","P2 lane result capture","FDCE=2;LUT3=1;LUT6=5"
267,0.636,5.000,4.361,1.190,3.171,0.727,6,"FSM_onehot_st_q_reg[13]/C","lane_result_q_reg[2][47]/D","P2 lane result capture","FDCE=2;LUT3=1;LUT6=5"
268,0.636,5.000,4.361,1.210,3.151,0.723,6,"FSM_onehot_st_q_reg[13]/C","lane_result_q_reg[3][22]/D","P2 lane result capture","FDCE=2;LUT3=1;LUT6=5"
269,0.636,5.000,4.361,1.210,3.151,0.723,6,"FSM_onehot_st_q_reg[13]/C","lane_result_q_reg[3][30]/D","P2 lane result capture","FDCE=2;LUT3=1;LUT6=5"
270,0.636,5.000,4.361,1.190,3.171,0.727,6,"FSM_onehot_st_q_reg[13]/C","lane_result_q_reg[3][39]/D","P2 lane result capture","FDCE=2;LUT3=1;LUT6=5"
271,0.637,5.000,4.360,1.190,3.170,0.727,6,"FSM_onehot_st_q_reg[13]/C","lane_result_q_reg[1][39]/D","P2 lane result capture","FDCE=2;LUT3=1;LUT6=5"
272,0.651,5.000,4.346,1.190,3.156,0.726,6,"FSM_onehot_st_q_reg[13]/C","lane_result_q_reg[1][31]/D","P2 lane result capture","FDCE=2;LUT3=1;LUT6=5"
273,0.680,5.000,4.346,2.088,2.258,0.520,7,"gen_lane[2].i_p2_pop_slice/popcount_part_q_o_reg[1][0]/C","group_dist_q_reg[4]/D","P2 popcount capture","CARRY4=3;FDCE=2;LUT3=2;LUT5=1;LUT6=1"
274,0.803,5.000,4.194,1.951,2.243,0.535,7,"a_q_reg[8]/C","FSM_onehot_st_q_reg[9]/D","TOP control","CARRY4=2;FDCE=2;LUT3=1;LUT4=2;LUT5=1;LUT6=1"
275,0.803,5.000,4.194,1.951,2.243,0.535,7,"a_q_reg[8]/C","res_q_reg[1]/D","scalar response","CARRY4=2;FDCE=2;LUT3=1;LUT4=2;LUT5=1;LUT6=1"
276,0.902,5.000,4.124,1.864,2.260,0.548,5,"gen_lane[2].i_p2_pop_slice/popcount_part_q_o_reg[1][0]/C","group_dist_q_reg[3]/D","P2 popcount capture","CARRY4=2;FDCE=2;LUT3=2;LUT5=1"
277,1.064,5.000,3.933,1.085,2.848,0.724,5,"gen_lane[0].i_p2_pop_slice/bool_result_q_reg[15]/C","gen_lane[0].i_p2_pop_slice/popcount_part_q_o_reg[0][3]/D","P2 popcount capture","FDCE=2;LUT3=1;LUT5=3;LUT6=1"
278,1.064,5.000,3.933,1.085,2.848,0.724,5,"gen_lane[0].i_p2_pop_slice/bool_result_q_reg[15]/C","gen_lane[0].i_p2_pop_slice/popcount_part_q_o_reg[0][4]/D","P2 popcount capture","FDCE=2;LUT3=1;LUT5=3;LUT6=1"
279,1.064,5.000,3.933,1.085,2.848,0.724,5,"gen_lane[0].i_p2_pop_slice/bool_result_q_reg[15]/C","gen_lane[0].i_p2_pop_slice/popcount_part_q_o_reg[0][5]/D","P2 popcount capture","FDCE=2;LUT3=1;LUT5=3;LUT6=1"
280,1.064,5.000,3.933,1.085,2.848,0.724,5,"gen_lane[0].i_p2_pop_slice/bool_result_q_reg[47]/C","gen_lane[0].i_p2_pop_slice/popcount_part_q_o_reg[1][3]/D","P2 popcount capture","FDCE=2;LUT3=1;LUT5=3;LUT6=1"
281,1.064,5.000,3.933,1.085,2.848,0.724,5,"gen_lane[0].i_p2_pop_slice/bool_result_q_reg[47]/C","gen_lane[0].i_p2_pop_slice/popcount_part_q_o_reg[1][4]/D","P2 popcount capture","FDCE=2;LUT3=1;LUT5=3;LUT6=1"
282,1.064,5.000,3.933,1.085,2.848,0.724,5,"gen_lane[0].i_p2_pop_slice/bool_result_q_reg[47]/C","gen_lane[0].i_p2_pop_slice/popcount_part_q_o_reg[1][5]/D","P2 popcount capture","FDCE=2;LUT3=1;LUT5=3;LUT6=1"
283,1.064,5.000,3.933,1.085,2.848,0.724,5,"gen_lane[1].i_p2_pop_slice/bool_result_q_reg[15]/C","gen_lane[1].i_p2_pop_slice/popcount_part_q_o_reg[0][3]/D","P2 popcount capture","FDCE=2;LUT3=1;LUT5=3;LUT6=1"
284,1.064,5.000,3.933,1.085,2.848,0.724,5,"gen_lane[1].i_p2_pop_slice/bool_result_q_reg[15]/C","gen_lane[1].i_p2_pop_slice/popcount_part_q_o_reg[0][4]/D","P2 popcount capture","FDCE=2;LUT3=1;LUT5=3;LUT6=1"
285,1.064,5.000,3.933,1.085,2.848,0.724,5,"gen_lane[1].i_p2_pop_slice/bool_result_q_reg[15]/C","gen_lane[1].i_p2_pop_slice/popcount_part_q_o_reg[0][5]/D","P2 popcount capture","FDCE=2;LUT3=1;LUT5=3;LUT6=1"
286,1.064,5.000,3.933,1.085,2.848,0.724,5,"gen_lane[1].i_p2_pop_slice/bool_result_q_reg[47]/C","gen_lane[1].i_p2_pop_slice/popcount_part_q_o_reg[1][3]/D","P2 popcount capture","FDCE=2;LUT3=1;LUT5=3;LUT6=1"
287,1.064,5.000,3.933,1.085,2.848,0.724,5,"gen_lane[1].i_p2_pop_slice/bool_result_q_reg[47]/C","gen_lane[1].i_p2_pop_slice/popcount_part_q_o_reg[1][4]/D","P2 popcount capture","FDCE=2;LUT3=1;LUT5=3;LUT6=1"
288,1.064,5.000,3.933,1.085,2.848,0.724,5,"gen_lane[1].i_p2_pop_slice/bool_result_q_reg[47]/C","gen_lane[1].i_p2_pop_slice/popcount_part_q_o_reg[1][5]/D","P2 popcount capture","FDCE=2;LUT3=1;LUT5=3;LUT6=1"
289,1.204,5.000,3.793,1.190,2.603,0.686,6,"gen_lane[2].i_p2_pop_slice/bool_result_q_reg[23]/C","gen_lane[2].i_p2_pop_slice/popcount_part_q_o_reg[0][2]/D","P2 popcount capture","FDCE=2;LUT3=1;LUT5=3;LUT6=2"
290,1.204,5.000,3.793,1.190,2.603,0.686,6,"gen_lane[2].i_p2_pop_slice/bool_result_q_reg[55]/C","gen_lane[2].i_p2_pop_slice/popcount_part_q_o_reg[1][2]/D","P2 popcount capture","FDCE=2;LUT3=1;LUT5=3;LUT6=2"
291,1.204,5.000,3.793,1.190,2.603,0.686,6,"gen_lane[3].i_p2_pop_slice/bool_result_q_reg[23]/C","gen_lane[3].i_p2_pop_slice/popcount_part_q_o_reg[0][2]/D","P2 popcount capture","FDCE=2;LUT3=1;LUT5=3;LUT6=2"
292,1.204,5.000,3.793,1.190,2.603,0.686,6,"gen_lane[3].i_p2_pop_slice/bool_result_q_reg[55]/C","gen_lane[3].i_p2_pop_slice/popcount_part_q_o_reg[1][2]/D","P2 popcount capture","FDCE=2;LUT3=1;LUT5=3;LUT6=2"
293,1.218,5.000,3.571,0.980,2.591,0.726,4,"FSM_onehot_st_q_reg[13]/C","FSM_onehot_st_q_reg[0]/CE","TOP control","FDCE=2;LUT4=2;LUT6=2"
294,1.218,5.000,3.571,0.980,2.591,0.726,4,"FSM_onehot_st_q_reg[13]/C","FSM_onehot_st_q_reg[10]/CE","TOP control","FDCE=2;LUT4=2;LUT6=2"
295,1.218,5.000,3.571,0.980,2.591,0.726,4,"FSM_onehot_st_q_reg[13]/C","FSM_onehot_st_q_reg[11]/CE","TOP control","FDCE=2;LUT4=2;LUT6=2"
296,1.218,5.000,3.571,0.980,2.591,0.726,4,"FSM_onehot_st_q_reg[13]/C","FSM_onehot_st_q_reg[12]/CE","TOP control","FDCE=2;LUT4=2;LUT6=2"
297,1.218,5.000,3.571,0.980,2.591,0.726,4,"FSM_onehot_st_q_reg[13]/C","FSM_onehot_st_q_reg[13]/CE","TOP control","FDCE=1;LUT4=2;LUT6=2"
298,1.218,5.000,3.571,0.980,2.591,0.726,4,"FSM_onehot_st_q_reg[13]/C","FSM_onehot_st_q_reg[14]/CE","TOP control","FDCE=2;LUT4=2;LUT6=2"
299,1.218,5.000,3.571,0.980,2.591,0.726,4,"FSM_onehot_st_q_reg[13]/C","FSM_onehot_st_q_reg[15]/CE","TOP control","FDCE=2;LUT4=2;LUT6=2"
300,1.218,5.000,3.571,0.980,2.591,0.726,4,"FSM_onehot_st_q_reg[13]/C","FSM_onehot_st_q_reg[16]/CE","TOP control","FDCE=2;LUT4=2;LUT6=2"
301,1.218,5.000,3.571,0.980,2.591,0.726,4,"FSM_onehot_st_q_reg[13]/C","FSM_onehot_st_q_reg[17]/CE","TOP control","FDCE=2;LUT4=2;LUT6=2"
302,1.218,5.000,3.571,0.980,2.591,0.726,4,"FSM_onehot_st_q_reg[13]/C","FSM_onehot_st_q_reg[18]/CE","TOP control","FDCE=2;LUT4=2;LUT6=2"
303,1.218,5.000,3.571,0.980,2.591,0.726,4,"FSM_onehot_st_q_reg[13]/C","FSM_onehot_st_q_reg[19]/CE","TOP control","FDCE=2;LUT4=2;LUT6=2"
304,1.218,5.000,3.571,0.980,2.591,0.726,4,"FSM_onehot_st_q_reg[13]/C","FSM_onehot_st_q_reg[1]/CE","TOP control","FDCE=2;LUT4=2;LUT6=2"
305,1.218,5.000,3.571,0.980,2.591,0.726,4,"FSM_onehot_st_q_reg[13]/C","FSM_onehot_st_q_reg[1]_rep/CE","TOP control","FDCE=2;LUT4=2;LUT6=2"
306,1.218,5.000,3.571,0.980,2.591,0.726,4,"FSM_onehot_st_q_reg[13]/C","FSM_onehot_st_q_reg[1]_rep__0/CE","TOP control","FDCE=2;LUT4=2;LUT6=2"
307,1.218,5.000,3.571,0.980,2.591,0.726,4,"FSM_onehot_st_q_reg[13]/C","FSM_onehot_st_q_reg[1]_rep__1/CE","TOP control","FDCE=2;LUT4=2;LUT6=2"
308,1.218,5.000,3.571,0.980,2.591,0.726,4,"FSM_onehot_st_q_reg[13]/C","FSM_onehot_st_q_reg[1]_rep__2/CE","TOP control","FDCE=2;LUT4=2;LUT6=2"
309,1.218,5.000,3.571,0.980,2.591,0.726,4,"FSM_onehot_st_q_reg[13]/C","FSM_onehot_st_q_reg[1]_rep__3/CE","TOP control","FDCE=2;LUT4=2;LUT6=2"
310,1.218,5.000,3.571,0.980,2.591,0.726,4,"FSM_onehot_st_q_reg[13]/C","FSM_onehot_st_q_reg[1]_rep__4/CE","TOP control","FDCE=2;LUT4=2;LUT6=2"
311,1.218,5.000,3.571,0.980,2.591,0.726,4,"FSM_onehot_st_q_reg[13]/C","FSM_onehot_st_q_reg[1]_rep__5/CE","TOP control","FDCE=2;LUT4=2;LUT6=2"
312,1.218,5.000,3.571,0.980,2.591,0.726,4,"FSM_onehot_st_q_reg[13]/C","FSM_onehot_st_q_reg[1]_rep__6/CE","TOP control","FDCE=2;LUT4=2;LUT6=2"
313,1.218,5.000,3.571,0.980,2.591,0.726,4,"FSM_onehot_st_q_reg[13]/C","FSM_onehot_st_q_reg[20]/CE","TOP control","FDCE=2;LUT4=2;LUT6=2"
314,1.218,5.000,3.571,0.980,2.591,0.726,4,"FSM_onehot_st_q_reg[13]/C","FSM_onehot_st_q_reg[21]/CE","TOP control","FDCE=2;LUT4=2;LUT6=2"
315,1.218,5.000,3.571,0.980,2.591,0.726,4,"FSM_onehot_st_q_reg[13]/C","FSM_onehot_st_q_reg[22]/CE","TOP control","FDCE=2;LUT4=2;LUT6=2"
316,1.218,5.000,3.571,0.980,2.591,0.726,4,"FSM_onehot_st_q_reg[13]/C","FSM_onehot_st_q_reg[23]/CE","TOP control","FDCE=2;LUT4=2;LUT6=2"
317,1.218,5.000,3.571,0.980,2.591,0.726,4,"FSM_onehot_st_q_reg[13]/C","FSM_onehot_st_q_reg[24]/CE","TOP control","FDCE=2;LUT4=2;LUT6=2"
318,1.218,5.000,3.571,0.980,2.591,0.726,4,"FSM_onehot_st_q_reg[13]/C","FSM_onehot_st_q_reg[25]/CE","TOP control","FDCE=2;LUT4=2;LUT6=2"
319,1.218,5.000,3.571,0.980,2.591,0.726,4,"FSM_onehot_st_q_reg[13]/C","FSM_onehot_st_q_reg[25]_rep/CE","TOP control","FDCE=2;LUT4=2;LUT6=2"
320,1.218,5.000,3.571,0.980,2.591,0.726,4,"FSM_onehot_st_q_reg[13]/C","FSM_onehot_st_q_reg[25]_rep__0/CE","TOP control","FDCE=2;LUT4=2;LUT6=2"
321,1.218,5.000,3.571,0.980,2.591,0.726,4,"FSM_onehot_st_q_reg[13]/C","FSM_onehot_st_q_reg[26]/CE","TOP control","FDCE=2;LUT4=2;LUT6=2"
322,1.218,5.000,3.571,0.980,2.591,0.726,4,"FSM_onehot_st_q_reg[13]/C","FSM_onehot_st_q_reg[27]/CE","TOP control","FDCE=2;LUT4=2;LUT6=2"
323,1.218,5.000,3.571,0.980,2.591,0.726,4,"FSM_onehot_st_q_reg[13]/C","FSM_onehot_st_q_reg[27]_rep/CE","TOP control","FDCE=2;LUT4=2;LUT6=2"
324,1.218,5.000,3.571,0.980,2.591,0.726,4,"FSM_onehot_st_q_reg[13]/C","FSM_onehot_st_q_reg[27]_rep__0/CE","TOP control","FDCE=2;LUT4=2;LUT6=2"
325,1.218,5.000,3.571,0.980,2.591,0.726,4,"FSM_onehot_st_q_reg[13]/C","FSM_onehot_st_q_reg[28]/CE","TOP control","FDCE=1;FDPE=1;LUT4=2;LUT6=2"
326,1.218,5.000,3.571,0.980,2.591,0.726,4,"FSM_onehot_st_q_reg[13]/C","FSM_onehot_st_q_reg[29]/CE","TOP control","FDCE=2;LUT4=2;LUT6=2"
327,1.218,5.000,3.571,0.980,2.591,0.726,4,"FSM_onehot_st_q_reg[13]/C","FSM_onehot_st_q_reg[2]/CE","TOP control","FDCE=2;LUT4=2;LUT6=2"
328,1.218,5.000,3.571,0.980,2.591,0.726,4,"FSM_onehot_st_q_reg[13]/C","FSM_onehot_st_q_reg[2]_rep/CE","TOP control","FDCE=2;LUT4=2;LUT6=2"
329,1.218,5.000,3.571,0.980,2.591,0.726,4,"FSM_onehot_st_q_reg[13]/C","FSM_onehot_st_q_reg[2]_rep__0/CE","TOP control","FDCE=2;LUT4=2;LUT6=2"
330,1.218,5.000,3.571,0.980,2.591,0.726,4,"FSM_onehot_st_q_reg[13]/C","FSM_onehot_st_q_reg[2]_rep__1/CE","TOP control","FDCE=2;LUT4=2;LUT6=2"
331,1.218,5.000,3.571,0.980,2.591,0.726,4,"FSM_onehot_st_q_reg[13]/C","FSM_onehot_st_q_reg[2]_rep__2/CE","TOP control","FDCE=2;LUT4=2;LUT6=2"
332,1.218,5.000,3.571,0.980,2.591,0.726,4,"FSM_onehot_st_q_reg[13]/C","FSM_onehot_st_q_reg[30]/CE","TOP control","FDCE=2;LUT4=2;LUT6=2"
333,1.218,5.000,3.571,0.980,2.591,0.726,4,"FSM_onehot_st_q_reg[13]/C","FSM_onehot_st_q_reg[30]_rep/CE","TOP control","FDCE=2;LUT4=2;LUT6=2"
334,1.218,5.000,3.571,0.980,2.591,0.726,4,"FSM_onehot_st_q_reg[13]/C","FSM_onehot_st_q_reg[30]_rep__0/CE","TOP control","FDCE=2;LUT4=2;LUT6=2"
335,1.218,5.000,3.571,0.980,2.591,0.726,4,"FSM_onehot_st_q_reg[13]/C","FSM_onehot_st_q_reg[30]_rep__1/CE","TOP control","FDCE=2;LUT4=2;LUT6=2"
336,1.218,5.000,3.571,0.980,2.591,0.726,4,"FSM_onehot_st_q_reg[13]/C","FSM_onehot_st_q_reg[31]/CE","TOP control","FDCE=2;LUT4=2;LUT6=2"
337,1.218,5.000,3.571,0.980,2.591,0.726,4,"FSM_onehot_st_q_reg[13]/C","FSM_onehot_st_q_reg[3]/CE","TOP control","FDCE=2;LUT4=2;LUT6=2"
338,1.218,5.000,3.571,0.980,2.591,0.726,4,"FSM_onehot_st_q_reg[13]/C","FSM_onehot_st_q_reg[4]/CE","TOP control","FDCE=2;LUT4=2;LUT6=2"
339,1.218,5.000,3.571,0.980,2.591,0.726,4,"FSM_onehot_st_q_reg[13]/C","FSM_onehot_st_q_reg[5]/CE","TOP control","FDCE=2;LUT4=2;LUT6=2"
340,1.218,5.000,3.571,0.980,2.591,0.726,4,"FSM_onehot_st_q_reg[13]/C","FSM_onehot_st_q_reg[6]/CE","TOP control","FDCE=2;LUT4=2;LUT6=2"
341,1.218,5.000,3.571,0.980,2.591,0.726,4,"FSM_onehot_st_q_reg[13]/C","FSM_onehot_st_q_reg[7]/CE","TOP control","FDCE=2;LUT4=2;LUT6=2"
342,1.218,5.000,3.571,0.980,2.591,0.726,4,"FSM_onehot_st_q_reg[13]/C","FSM_onehot_st_q_reg[8]/CE","TOP control","FDCE=2;LUT4=2;LUT6=2"
343,1.218,5.000,3.571,0.980,2.591,0.726,4,"FSM_onehot_st_q_reg[13]/C","FSM_onehot_st_q_reg[9]/CE","TOP control","FDCE=2;LUT4=2;LUT6=2"
344,1.266,5.000,3.731,1.846,1.885,0.505,6,"a_q_reg[8]/C","FSM_onehot_st_q_reg[23]/D","TOP control","CARRY4=2;FDCE=2;LUT4=2;LUT5=2"
345,1.323,5.000,3.674,1.203,2.471,0.673,6,"hmatch_best_dist_q_reg[1]/C","hmatch_budget_q_reg[10]/D","HMATCH reduction/compare","FDCE=2;LUT5=1;LUT6=5"
346,1.323,5.000,3.674,1.203,2.471,0.673,6,"hmatch_best_dist_q_reg[1]/C","hmatch_budget_q_reg[11]_inv/D","HMATCH reduction/compare","FDCE=1;FDPE=1;LUT5=2;LUT6=4"
347,1.342,5.000,3.447,0.980,2.467,0.716,4,"a_q_reg[16]/C","ecc_leaf_prod_q_reg[0]/CE","other","FDCE=2;LUT2=1;LUT4=1;LUT6=2"
348,1.342,5.000,3.447,0.980,2.467,0.716,4,"a_q_reg[16]/C","ecc_leaf_prod_q_reg[10]/CE","other","FDCE=2;LUT2=1;LUT4=1;LUT6=2"
349,1.342,5.000,3.447,0.980,2.467,0.716,4,"a_q_reg[16]/C","ecc_leaf_prod_q_reg[11]/CE","other","FDCE=2;LUT2=1;LUT4=1;LUT6=2"
350,1.342,5.000,3.447,0.980,2.467,0.716,4,"a_q_reg[16]/C","ecc_leaf_prod_q_reg[12]/CE","other","FDCE=2;LUT2=1;LUT4=1;LUT6=2"
351,1.342,5.000,3.447,0.980,2.467,0.716,4,"a_q_reg[16]/C","ecc_leaf_prod_q_reg[13]/CE","other","FDCE=2;LUT2=1;LUT4=1;LUT6=2"
352,1.342,5.000,3.447,0.980,2.467,0.716,4,"a_q_reg[16]/C","ecc_leaf_prod_q_reg[14]/CE","other","FDCE=2;LUT2=1;LUT4=1;LUT6=2"
353,1.342,5.000,3.447,0.980,2.467,0.716,4,"a_q_reg[16]/C","ecc_leaf_prod_q_reg[15]/CE","other","FDCE=2;LUT2=1;LUT4=1;LUT6=2"
354,1.342,5.000,3.447,0.980,2.467,0.716,4,"a_q_reg[16]/C","ecc_leaf_prod_q_reg[16]/CE","other","FDCE=2;LUT2=1;LUT4=1;LUT6=2"
355,1.342,5.000,3.447,0.980,2.467,0.716,4,"a_q_reg[16]/C","ecc_leaf_prod_q_reg[17]/CE","other","FDCE=2;LUT2=1;LUT4=1;LUT6=2"
356,1.342,5.000,3.447,0.980,2.467,0.716,4,"a_q_reg[16]/C","ecc_leaf_prod_q_reg[18]/CE","other","FDCE=2;LUT2=1;LUT4=1;LUT6=2"
357,1.342,5.000,3.447,0.980,2.467,0.716,4,"a_q_reg[16]/C","ecc_leaf_prod_q_reg[19]/CE","other","FDCE=2;LUT2=1;LUT4=1;LUT6=2"
358,1.342,5.000,3.447,0.980,2.467,0.716,4,"a_q_reg[16]/C","ecc_leaf_prod_q_reg[1]/CE","other","FDCE=2;LUT2=1;LUT4=1;LUT6=2"
359,1.342,5.000,3.447,0.980,2.467,0.716,4,"a_q_reg[16]/C","ecc_leaf_prod_q_reg[20]/CE","other","FDCE=2;LUT2=1;LUT4=1;LUT6=2"
360,1.342,5.000,3.447,0.980,2.467,0.716,4,"a_q_reg[16]/C","ecc_leaf_prod_q_reg[21]/CE","other","FDCE=2;LUT2=1;LUT4=1;LUT6=2"
361,1.342,5.000,3.447,0.980,2.467,0.716,4,"a_q_reg[16]/C","ecc_leaf_prod_q_reg[22]/CE","other","FDCE=2;LUT2=1;LUT4=1;LUT6=2"
362,1.342,5.000,3.447,0.980,2.467,0.716,4,"a_q_reg[16]/C","ecc_leaf_prod_q_reg[23]/CE","other","FDCE=2;LUT2=1;LUT4=1;LUT6=2"
363,1.342,5.000,3.447,0.980,2.467,0.716,4,"a_q_reg[16]/C","ecc_leaf_prod_q_reg[24]/CE","other","FDCE=2;LUT2=1;LUT4=1;LUT6=2"
364,1.342,5.000,3.447,0.980,2.467,0.716,4,"a_q_reg[16]/C","ecc_leaf_prod_q_reg[25]/CE","other","FDCE=2;LUT2=1;LUT4=1;LUT6=2"
365,1.342,5.000,3.447,0.980,2.467,0.716,4,"a_q_reg[16]/C","ecc_leaf_prod_q_reg[26]/CE","other","FDCE=2;LUT2=1;LUT4=1;LUT6=2"
366,1.342,5.000,3.447,0.980,2.467,0.716,4,"a_q_reg[16]/C","ecc_leaf_prod_q_reg[27]/CE","other","FDCE=2;LUT2=1;LUT4=1;LUT6=2"
367,1.342,5.000,3.447,0.980,2.467,0.716,4,"a_q_reg[16]/C","ecc_leaf_prod_q_reg[28]/CE","other","FDCE=2;LUT2=1;LUT4=1;LUT6=2"
368,1.342,5.000,3.447,0.980,2.467,0.716,4,"a_q_reg[16]/C","ecc_leaf_prod_q_reg[29]/CE","other","FDCE=2;LUT2=1;LUT4=1;LUT6=2"
369,1.342,5.000,3.447,0.980,2.467,0.716,4,"a_q_reg[16]/C","ecc_leaf_prod_q_reg[2]/CE","other","FDCE=2;LUT2=1;LUT4=1;LUT6=2"
370,1.342,5.000,3.447,0.980,2.467,0.716,4,"a_q_reg[16]/C","ecc_leaf_prod_q_reg[30]/CE","other","FDCE=2;LUT2=1;LUT4=1;LUT6=2"
371,1.342,5.000,3.447,0.980,2.467,0.716,4,"a_q_reg[16]/C","ecc_leaf_prod_q_reg[31]/CE","other","FDCE=2;LUT2=1;LUT4=1;LUT6=2"
372,1.342,5.000,3.447,0.980,2.467,0.716,4,"a_q_reg[16]/C","ecc_leaf_prod_q_reg[32]/CE","other","FDCE=2;LUT2=1;LUT4=1;LUT6=2"
373,1.342,5.000,3.447,0.980,2.467,0.716,4,"a_q_reg[16]/C","ecc_leaf_prod_q_reg[33]/CE","other","FDCE=2;LUT2=1;LUT4=1;LUT6=2"
374,1.342,5.000,3.447,0.980,2.467,0.716,4,"a_q_reg[16]/C","ecc_leaf_prod_q_reg[34]/CE","other","FDCE=2;LUT2=1;LUT4=1;LUT6=2"
375,1.342,5.000,3.447,0.980,2.467,0.716,4,"a_q_reg[16]/C","ecc_leaf_prod_q_reg[35]/CE","other","FDCE=2;LUT2=1;LUT4=1;LUT6=2"
376,1.342,5.000,3.447,0.980,2.467,0.716,4,"a_q_reg[16]/C","ecc_leaf_prod_q_reg[36]/CE","other","FDCE=2;LUT2=1;LUT4=1;LUT6=2"
377,1.342,5.000,3.447,0.980,2.467,0.716,4,"a_q_reg[16]/C","ecc_leaf_prod_q_reg[37]/CE","other","FDCE=2;LUT2=1;LUT4=1;LUT6=2"
378,1.342,5.000,3.447,0.980,2.467,0.716,4,"a_q_reg[16]/C","ecc_leaf_prod_q_reg[38]/CE","other","FDCE=2;LUT2=1;LUT4=1;LUT6=2"
379,1.342,5.000,3.447,0.980,2.467,0.716,4,"a_q_reg[16]/C","ecc_leaf_prod_q_reg[39]/CE","other","FDCE=2;LUT2=1;LUT4=1;LUT6=2"
380,1.342,5.000,3.447,0.980,2.467,0.716,4,"a_q_reg[16]/C","ecc_leaf_prod_q_reg[3]/CE","other","FDCE=2;LUT2=1;LUT4=1;LUT6=2"
381,1.342,5.000,3.447,0.980,2.467,0.716,4,"a_q_reg[16]/C","ecc_leaf_prod_q_reg[40]/CE","other","FDCE=2;LUT2=1;LUT4=1;LUT6=2"
382,1.342,5.000,3.447,0.980,2.467,0.716,4,"a_q_reg[16]/C","ecc_leaf_prod_q_reg[41]/CE","other","FDCE=2;LUT2=1;LUT4=1;LUT6=2"
383,1.342,5.000,3.447,0.980,2.467,0.716,4,"a_q_reg[16]/C","ecc_leaf_prod_q_reg[42]/CE","other","FDCE=2;LUT2=1;LUT4=1;LUT6=2"
384,1.342,5.000,3.447,0.980,2.467,0.716,4,"a_q_reg[16]/C","ecc_leaf_prod_q_reg[43]/CE","other","FDCE=2;LUT2=1;LUT4=1;LUT6=2"
385,1.342,5.000,3.447,0.980,2.467,0.716,4,"a_q_reg[16]/C","ecc_leaf_prod_q_reg[44]/CE","other","FDCE=2;LUT2=1;LUT4=1;LUT6=2"
386,1.342,5.000,3.447,0.980,2.467,0.716,4,"a_q_reg[16]/C","ecc_leaf_prod_q_reg[45]/CE","other","FDCE=2;LUT2=1;LUT4=1;LUT6=2"
387,1.342,5.000,3.447,0.980,2.467,0.716,4,"a_q_reg[16]/C","ecc_leaf_prod_q_reg[46]/CE","other","FDCE=2;LUT2=1;LUT4=1;LUT6=2"
388,1.342,5.000,3.447,0.980,2.467,0.716,4,"a_q_reg[16]/C","ecc_leaf_prod_q_reg[47]/CE","other","FDCE=2;LUT2=1;LUT4=1;LUT6=2"
389,1.342,5.000,3.447,0.980,2.467,0.716,4,"a_q_reg[16]/C","ecc_leaf_prod_q_reg[48]/CE","other","FDCE=2;LUT2=1;LUT4=1;LUT6=2"
390,1.342,5.000,3.447,0.980,2.467,0.716,4,"a_q_reg[16]/C","ecc_leaf_prod_q_reg[49]/CE","other","FDCE=2;LUT2=1;LUT4=1;LUT6=2"
391,1.342,5.000,3.447,0.980,2.467,0.716,4,"a_q_reg[16]/C","ecc_leaf_prod_q_reg[4]/CE","other","FDCE=2;LUT2=1;LUT4=1;LUT6=2"
392,1.342,5.000,3.447,0.980,2.467,0.716,4,"a_q_reg[16]/C","ecc_leaf_prod_q_reg[50]/CE","other","FDCE=2;LUT2=1;LUT4=1;LUT6=2"
393,1.342,5.000,3.447,0.980,2.467,0.716,4,"a_q_reg[16]/C","ecc_leaf_prod_q_reg[51]/CE","other","FDCE=2;LUT2=1;LUT4=1;LUT6=2"
394,1.342,5.000,3.447,0.980,2.467,0.716,4,"a_q_reg[16]/C","ecc_leaf_prod_q_reg[52]/CE","other","FDCE=2;LUT2=1;LUT4=1;LUT6=2"
395,1.342,5.000,3.447,0.980,2.467,0.716,4,"a_q_reg[16]/C","ecc_leaf_prod_q_reg[53]/CE","other","FDCE=2;LUT2=1;LUT4=1;LUT6=2"
396,1.342,5.000,3.447,0.980,2.467,0.716,4,"a_q_reg[16]/C","ecc_leaf_prod_q_reg[54]/CE","other","FDCE=2;LUT2=1;LUT4=1;LUT6=2"
397,1.342,5.000,3.447,0.980,2.467,0.716,4,"a_q_reg[16]/C","ecc_leaf_prod_q_reg[55]/CE","other","FDCE=2;LUT2=1;LUT4=1;LUT6=2"
398,1.342,5.000,3.447,0.980,2.467,0.716,4,"a_q_reg[16]/C","ecc_leaf_prod_q_reg[5]/CE","other","FDCE=2;LUT2=1;LUT4=1;LUT6=2"
399,1.342,5.000,3.447,0.980,2.467,0.716,4,"a_q_reg[16]/C","ecc_leaf_prod_q_reg[6]/CE","other","FDCE=2;LUT2=1;LUT4=1;LUT6=2"
400,1.342,5.000,3.447,0.980,2.467,0.716,4,"a_q_reg[16]/C","ecc_leaf_prod_q_reg[7]/CE","other","FDCE=2;LUT2=1;LUT4=1;LUT6=2"
401,1.342,5.000,3.447,0.980,2.467,0.716,4,"a_q_reg[16]/C","ecc_leaf_prod_q_reg[8]/CE","other","FDCE=2;LUT2=1;LUT4=1;LUT6=2"
402,1.342,5.000,3.447,0.980,2.467,0.716,4,"a_q_reg[16]/C","ecc_leaf_prod_q_reg[9]/CE","other","FDCE=2;LUT2=1;LUT4=1;LUT6=2"
403,1.345,5.000,3.444,0.980,2.464,0.715,4,"a_q_reg[16]/C","ecc_leaf_prod_q_reg[56]/CE","other","FDCE=2;LUT2=1;LUT4=1;LUT6=2"
404,1.345,5.000,3.444,0.980,2.464,0.715,4,"a_q_reg[16]/C","ecc_leaf_prod_q_reg[57]/CE","other","FDCE=2;LUT2=1;LUT4=1;LUT6=2"
405,1.345,5.000,3.444,0.980,2.464,0.715,4,"a_q_reg[16]/C","ecc_leaf_prod_q_reg[58]/CE","other","FDCE=2;LUT2=1;LUT4=1;LUT6=2"
406,1.345,5.000,3.444,0.980,2.464,0.715,4,"a_q_reg[16]/C","ecc_leaf_prod_q_reg[59]/CE","other","FDCE=2;LUT2=1;LUT4=1;LUT6=2"
407,1.345,5.000,3.444,0.980,2.464,0.715,4,"a_q_reg[16]/C","ecc_leaf_prod_q_reg[60]/CE","other","FDCE=2;LUT2=1;LUT4=1;LUT6=2"
408,1.345,5.000,3.444,0.980,2.464,0.715,4,"a_q_reg[16]/C","ecc_leaf_prod_q_reg[61]/CE","other","FDCE=2;LUT2=1;LUT4=1;LUT6=2"
409,1.345,5.000,3.444,0.980,2.464,0.715,4,"a_q_reg[16]/C","ecc_leaf_prod_q_reg[62]/CE","other","FDCE=2;LUT2=1;LUT4=1;LUT6=2"
410,1.373,5.000,3.416,1.000,2.416,0.707,4,"FSM_onehot_st_q_reg[30]_rep/C","uop_p0_q_reg[chunk_idx][0]/CE","TOP control","FDCE=2;LUT2=1;LUT3=1;LUT6=2"
411,1.373,5.000,3.416,1.000,2.416,0.707,4,"FSM_onehot_st_q_reg[30]_rep/C","uop_p0_q_reg[chunk_idx][1]/CE","TOP control","FDCE=2;LUT2=1;LUT3=1;LUT6=2"
412,1.373,5.000,3.416,1.000,2.416,0.707,4,"FSM_onehot_st_q_reg[30]_rep/C","uop_p0_q_reg[class_idx][0]/CE","TOP control","FDCE=2;LUT2=1;LUT3=1;LUT6=2"
413,1.373,5.000,3.416,1.000,2.416,0.707,4,"FSM_onehot_st_q_reg[30]_rep/C","uop_p0_q_reg[class_idx][1]/CE","TOP control","FDCE=2;LUT2=1;LUT3=1;LUT6=2"
414,1.373,5.000,3.416,1.000,2.416,0.707,4,"FSM_onehot_st_q_reg[30]_rep/C","uop_p0_q_reg[class_idx][2]/CE","TOP control","FDCE=2;LUT2=1;LUT3=1;LUT6=2"
415,1.373,5.000,3.416,1.000,2.416,0.707,4,"FSM_onehot_st_q_reg[30]_rep/C","uop_p0_q_reg[dst_addr][0]/CE","TOP control","FDCE=2;LUT2=1;LUT3=1;LUT6=2"
416,1.373,5.000,3.416,1.000,2.416,0.707,4,"FSM_onehot_st_q_reg[30]_rep/C","uop_p0_q_reg[dst_addr][1]/CE","TOP control","FDCE=2;LUT2=1;LUT3=1;LUT6=2"
417,1.373,5.000,3.416,1.000,2.416,0.707,4,"FSM_onehot_st_q_reg[30]_rep/C","uop_p0_q_reg[dst_addr][2]/CE","TOP control","FDCE=2;LUT2=1;LUT3=1;LUT6=2"
418,1.373,5.000,3.416,1.000,2.416,0.707,4,"FSM_onehot_st_q_reg[30]_rep/C","uop_p0_q_reg[dst_addr][3]/CE","TOP control","FDCE=2;LUT2=1;LUT3=1;LUT6=2"
419,1.373,5.000,3.416,1.000,2.416,0.707,4,"FSM_onehot_st_q_reg[30]_rep/C","uop_p0_q_reg[dst_addr][4]/CE","TOP control","FDCE=2;LUT2=1;LUT3=1;LUT6=2"
420,1.373,5.000,3.416,1.000,2.416,0.707,4,"FSM_onehot_st_q_reg[30]_rep/C","uop_p0_q_reg[dst_addr][5]/CE","TOP control","FDCE=2;LUT2=1;LUT3=1;LUT6=2"
421,1.373,5.000,3.416,1.000,2.416,0.707,4,"FSM_onehot_st_q_reg[30]_rep/C","uop_p0_q_reg[is_last_class]/CE","TOP control","FDCE=2;LUT2=1;LUT3=1;LUT6=2"
422,1.373,5.000,3.416,1.000,2.416,0.707,4,"FSM_onehot_st_q_reg[30]_rep/C","uop_p0_q_reg[op_type][0]/CE","TOP control","FDCE=2;LUT2=1;LUT3=1;LUT6=2"
423,1.373,5.000,3.416,1.000,2.416,0.707,4,"FSM_onehot_st_q_reg[30]_rep/C","uop_p0_q_reg[op_type][1]/CE","TOP control","FDCE=2;LUT2=1;LUT3=1;LUT6=2"
424,1.373,5.000,3.416,1.000,2.416,0.707,4,"FSM_onehot_st_q_reg[30]_rep/C","uop_p0_q_reg[op_type][2]/CE","TOP control","FDCE=2;LUT2=1;LUT3=1;LUT6=2"
425,1.373,5.000,3.416,1.000,2.416,0.707,4,"FSM_onehot_st_q_reg[30]_rep/C","uop_p0_q_reg[perm_nibble][0]/CE","TOP control","FDCE=2;LUT2=1;LUT3=1;LUT6=2"
426,1.373,5.000,3.416,1.000,2.416,0.707,4,"FSM_onehot_st_q_reg[30]_rep/C","uop_p0_q_reg[perm_nibble][1]/CE","TOP control","FDCE=2;LUT2=1;LUT3=1;LUT6=2"
427,1.373,5.000,3.416,1.000,2.416,0.707,4,"FSM_onehot_st_q_reg[30]_rep/C","uop_p0_q_reg[perm_nibble][2]/CE","TOP control","FDCE=2;LUT2=1;LUT3=1;LUT6=2"
428,1.373,5.000,3.416,1.000,2.416,0.707,4,"FSM_onehot_st_q_reg[30]_rep/C","uop_p0_q_reg[perm_nibble][3]/CE","TOP control","FDCE=2;LUT2=1;LUT3=1;LUT6=2"
429,1.373,5.000,3.416,1.000,2.416,0.707,4,"FSM_onehot_st_q_reg[30]_rep/C","uop_p0_q_reg[src0_addr][0]/CE","TOP control","FDCE=2;LUT2=1;LUT3=1;LUT6=2"
430,1.373,5.000,3.416,1.000,2.416,0.707,4,"FSM_onehot_st_q_reg[30]_rep/C","uop_p0_q_reg[src0_addr][1]/CE","TOP control","FDCE=2;LUT2=1;LUT3=1;LUT6=2"
431,1.373,5.000,3.416,1.000,2.416,0.707,4,"FSM_onehot_st_q_reg[30]_rep/C","uop_p0_q_reg[src0_addr][2]/CE","TOP control","FDCE=2;LUT2=1;LUT3=1;LUT6=2"
432,1.373,5.000,3.416,1.000,2.416,0.707,4,"FSM_onehot_st_q_reg[30]_rep/C","uop_p0_q_reg[src0_addr][3]/CE","TOP control","FDCE=2;LUT2=1;LUT3=1;LUT6=2"
433,1.373,5.000,3.416,1.000,2.416,0.707,4,"FSM_onehot_st_q_reg[30]_rep/C","uop_p0_q_reg[src0_addr][4]/CE","TOP control","FDCE=2;LUT2=1;LUT3=1;LUT6=2"
434,1.373,5.000,3.416,1.000,2.416,0.707,4,"FSM_onehot_st_q_reg[30]_rep/C","uop_p0_q_reg[src0_addr][5]/CE","TOP control","FDCE=2;LUT2=1;LUT3=1;LUT6=2"
435,1.373,5.000,3.416,1.000,2.416,0.707,4,"FSM_onehot_st_q_reg[30]_rep/C","uop_p0_q_reg[src1_addr][0]/CE","TOP control","FDCE=2;LUT2=1;LUT3=1;LUT6=2"
436,1.373,5.000,3.416,1.000,2.416,0.707,4,"FSM_onehot_st_q_reg[30]_rep/C","uop_p0_q_reg[src1_addr][1]/CE","TOP control","FDCE=2;LUT2=1;LUT3=1;LUT6=2"
437,1.373,5.000,3.416,1.000,2.416,0.707,4,"FSM_onehot_st_q_reg[30]_rep/C","uop_p0_q_reg[src1_addr][2]/CE","TOP control","FDCE=2;LUT2=1;LUT3=1;LUT6=2"
438,1.373,5.000,3.416,1.000,2.416,0.707,4,"FSM_onehot_st_q_reg[30]_rep/C","uop_p0_q_reg[src1_addr][3]/CE","TOP control","FDCE=2;LUT2=1;LUT3=1;LUT6=2"
439,1.373,5.000,3.416,1.000,2.416,0.707,4,"FSM_onehot_st_q_reg[30]_rep/C","uop_p0_q_reg[src1_addr][4]/CE","TOP control","FDCE=2;LUT2=1;LUT3=1;LUT6=2"
440,1.373,5.000,3.416,1.000,2.416,0.707,4,"FSM_onehot_st_q_reg[30]_rep/C","uop_p0_q_reg[src1_addr][5]/CE","TOP control","FDCE=2;LUT2=1;LUT3=1;LUT6=2"
441,1.373,5.000,3.416,1.000,2.416,0.707,4,"FSM_onehot_st_q_reg[30]_rep/C","uop_p0_q_reg[subgroup_idx][0]/CE","TOP control","FDCE=2;LUT2=1;LUT3=1;LUT6=2"
442,1.373,5.000,3.416,1.000,2.416,0.707,4,"FSM_onehot_st_q_reg[30]_rep/C","uop_p0_q_reg[subgroup_idx][1]/CE","TOP control","FDCE=2;LUT2=1;LUT3=1;LUT6=2"
443,1.373,5.000,3.416,1.000,2.416,0.707,4,"FSM_onehot_st_q_reg[30]_rep/C","uop_p0_q_reg[use_clip]/CE","TOP control","FDCE=2;LUT2=1;LUT3=1;LUT6=2"
444,1.373,5.000,3.416,1.000,2.416,0.707,4,"FSM_onehot_st_q_reg[30]_rep/C","uop_p0_q_reg[use_counter]/CE","TOP control","FDCE=2;LUT2=1;LUT3=1;LUT6=2"
445,1.373,5.000,3.416,1.000,2.416,0.707,4,"FSM_onehot_st_q_reg[30]_rep/C","uop_p0_q_reg[use_shift]/CE","TOP control","FDCE=2;LUT2=1;LUT3=1;LUT6=2"
446,1.385,5.000,3.612,1.190,2.422,0.671,6,"a_q_reg[5]/C","uop_p0_q_reg[src0_addr][5]/D","TOP control","FDCE=2;LUT4=1;LUT5=1;LUT6=4"
447,1.394,5.000,3.603,1.190,2.413,0.670,6,"hsim_total_q_reg[0]/C","hmatch_budget_q_reg[9]/D","HMATCH reduction/compare","FDCE=2;LUT3=1;LUT5=1;LUT6=4"
448,1.436,5.000,3.561,1.085,2.476,0.695,5,"gen_lane[0].i_p2_pop_slice/bool_result_q_reg[15]/C","gen_lane[0].i_p2_pop_slice/popcount_part_q_o_reg[0][2]/D","P2 popcount capture","FDCE=2;LUT3=2;LUT5=2;LUT6=1"
449,1.436,5.000,3.561,1.085,2.476,0.695,5,"gen_lane[0].i_p2_pop_slice/bool_result_q_reg[47]/C","gen_lane[0].i_p2_pop_slice/popcount_part_q_o_reg[1][2]/D","P2 popcount capture","FDCE=2;LUT3=2;LUT5=2;LUT6=1"
450,1.436,5.000,3.561,1.085,2.476,0.695,5,"gen_lane[1].i_p2_pop_slice/bool_result_q_reg[15]/C","gen_lane[1].i_p2_pop_slice/popcount_part_q_o_reg[0][2]/D","P2 popcount capture","FDCE=2;LUT3=2;LUT5=2;LUT6=1"
451,1.436,5.000,3.561,1.085,2.476,0.695,5,"gen_lane[1].i_p2_pop_slice/bool_result_q_reg[47]/C","gen_lane[1].i_p2_pop_slice/popcount_part_q_o_reg[1][2]/D","P2 popcount capture","FDCE=2;LUT3=2;LUT5=2;LUT6=1"
452,1.447,5.000,3.579,1.687,1.892,0.529,5,"gen_lane[2].i_p2_pop_slice/popcount_part_q_o_reg[1][0]/C","group_dist_q_reg[2]/D","P2 popcount capture","CARRY4=2;FDCE=2;LUT3=2;LUT6=1"
453,1.532,5.000,3.257,0.980,2.277,0.699,4,"uop_p0_q_reg[op_type][1]/C","hmatch_best_dist_q_reg[0]/CE","HMATCH reduction/compare","FDCE=2;LUT2=1;LUT3=1;LUT6=2"
454,1.532,5.000,3.257,0.980,2.277,0.699,4,"uop_p0_q_reg[op_type][1]/C","hmatch_best_dist_q_reg[10]/CE","HMATCH reduction/compare","FDCE=2;LUT2=1;LUT3=1;LUT6=2"
455,1.532,5.000,3.257,0.980,2.277,0.699,4,"uop_p0_q_reg[op_type][1]/C","hmatch_best_dist_q_reg[1]/CE","HMATCH reduction/compare","FDCE=2;LUT2=1;LUT3=1;LUT6=2"
456,1.532,5.000,3.257,0.980,2.277,0.699,4,"uop_p0_q_reg[op_type][1]/C","hmatch_best_dist_q_reg[2]/CE","HMATCH reduction/compare","FDCE=2;LUT2=1;LUT3=1;LUT6=2"
457,1.532,5.000,3.257,0.980,2.277,0.699,4,"uop_p0_q_reg[op_type][1]/C","hmatch_best_dist_q_reg[3]/CE","HMATCH reduction/compare","FDCE=2;LUT2=1;LUT3=1;LUT6=2"
458,1.532,5.000,3.257,0.980,2.277,0.699,4,"uop_p0_q_reg[op_type][1]/C","hmatch_best_dist_q_reg[4]/CE","HMATCH reduction/compare","FDCE=2;LUT2=1;LUT3=1;LUT6=2"
459,1.532,5.000,3.257,0.980,2.277,0.699,4,"uop_p0_q_reg[op_type][1]/C","hmatch_best_dist_q_reg[5]/CE","HMATCH reduction/compare","FDCE=2;LUT2=1;LUT3=1;LUT6=2"
460,1.532,5.000,3.257,0.980,2.277,0.699,4,"uop_p0_q_reg[op_type][1]/C","hmatch_best_dist_q_reg[6]/CE","HMATCH reduction/compare","FDCE=2;LUT2=1;LUT3=1;LUT6=2"
461,1.532,5.000,3.257,0.980,2.277,0.699,4,"uop_p0_q_reg[op_type][1]/C","hmatch_best_dist_q_reg[7]/CE","HMATCH reduction/compare","FDCE=2;LUT2=1;LUT3=1;LUT6=2"
462,1.532,5.000,3.257,0.980,2.277,0.699,4,"uop_p0_q_reg[op_type][1]/C","hmatch_best_dist_q_reg[8]/CE","HMATCH reduction/compare","FDCE=2;LUT2=1;LUT3=1;LUT6=2"
463,1.532,5.000,3.257,0.980,2.277,0.699,4,"uop_p0_q_reg[op_type][1]/C","hmatch_best_dist_q_reg[9]/CE","HMATCH reduction/compare","FDCE=2;LUT2=1;LUT3=1;LUT6=2"
464,1.532,5.000,3.257,0.980,2.277,0.699,4,"uop_p0_q_reg[op_type][1]/C","hmatch_best_idx_q_reg[0]/CE","HMATCH reduction/compare","FDCE=2;LUT2=1;LUT3=1;LUT6=2"
465,1.532,5.000,3.257,0.980,2.277,0.699,4,"uop_p0_q_reg[op_type][1]/C","hmatch_best_idx_q_reg[1]/CE","HMATCH reduction/compare","FDCE=2;LUT2=1;LUT3=1;LUT6=2"
466,1.532,5.000,3.257,0.980,2.277,0.699,4,"uop_p0_q_reg[op_type][1]/C","hmatch_best_idx_q_reg[2]/CE","HMATCH reduction/compare","FDCE=2;LUT2=1;LUT3=1;LUT6=2"
467,1.576,5.000,3.421,1.085,2.336,0.683,5,"ecc_leaf_id_q_reg[1]/C","ecc_product_q_reg[223]/D","other","FDCE=2;LUT4=1;LUT6=4"
468,1.576,5.000,3.421,1.085,2.336,0.683,5,"ecc_leaf_id_q_reg[1]/C","ecc_product_q_reg[351]/D","other","FDCE=2;LUT4=1;LUT6=4"
469,1.576,5.000,3.421,1.085,2.336,0.683,5,"ecc_leaf_id_q_reg[1]/C","ecc_product_q_reg[479]/D","other","FDCE=2;LUT4=1;LUT6=4"
470,1.576,5.000,3.421,1.085,2.336,0.683,5,"ecc_leaf_id_q_reg[1]/C","ecc_product_q_reg[95]/D","other","FDCE=2;LUT4=1;LUT6=4"
471,1.577,5.000,3.420,1.085,2.335,0.683,5,"ecc_leaf_id_q_reg[1]/C","ecc_product_q_reg[100]/D","other","FDCE=2;LUT6=5"
472,1.577,5.000,3.420,1.085,2.335,0.683,5,"ecc_leaf_id_q_reg[1]/C","ecc_product_q_reg[101]/D","other","FDCE=2;LUT6=5"
473,1.577,5.000,3.420,1.085,2.335,0.683,5,"ecc_leaf_id_q_reg[1]/C","ecc_product_q_reg[102]/D","other","FDCE=2;LUT6=5"
474,1.577,5.000,3.420,1.085,2.335,0.683,5,"ecc_leaf_id_q_reg[1]/C","ecc_product_q_reg[103]/D","other","FDCE=2;LUT6=5"
475,1.577,5.000,3.420,1.085,2.335,0.683,5,"ecc_leaf_id_q_reg[1]/C","ecc_product_q_reg[104]/D","other","FDCE=2;LUT6=5"
476,1.577,5.000,3.420,1.085,2.335,0.683,5,"ecc_leaf_id_q_reg[1]/C","ecc_product_q_reg[105]/D","other","FDCE=2;LUT6=5"
477,1.577,5.000,3.420,1.085,2.335,0.683,5,"ecc_leaf_id_q_reg[1]/C","ecc_product_q_reg[106]/D","other","FDCE=2;LUT6=5"
478,1.577,5.000,3.420,1.085,2.335,0.683,5,"ecc_leaf_id_q_reg[1]/C","ecc_product_q_reg[107]/D","other","FDCE=2;LUT6=5"
479,1.577,5.000,3.420,1.085,2.335,0.683,5,"ecc_leaf_id_q_reg[1]/C","ecc_product_q_reg[108]/D","other","FDCE=2;LUT6=5"
480,1.577,5.000,3.420,1.085,2.335,0.683,5,"ecc_leaf_id_q_reg[1]/C","ecc_product_q_reg[109]/D","other","FDCE=2;LUT6=5"
481,1.577,5.000,3.420,1.085,2.335,0.683,5,"ecc_leaf_id_q_reg[1]/C","ecc_product_q_reg[110]/D","other","FDCE=2;LUT6=5"
482,1.577,5.000,3.420,1.085,2.335,0.683,5,"ecc_leaf_id_q_reg[1]/C","ecc_product_q_reg[111]/D","other","FDCE=2;LUT6=5"
483,1.577,5.000,3.420,1.085,2.335,0.683,5,"ecc_leaf_id_q_reg[1]/C","ecc_product_q_reg[112]/D","other","FDCE=2;LUT6=5"
484,1.577,5.000,3.420,1.085,2.335,0.683,5,"ecc_leaf_id_q_reg[1]/C","ecc_product_q_reg[113]/D","other","FDCE=2;LUT6=5"
485,1.577,5.000,3.420,1.085,2.335,0.683,5,"ecc_leaf_id_q_reg[1]/C","ecc_product_q_reg[114]/D","other","FDCE=2;LUT6=5"
486,1.577,5.000,3.420,1.085,2.335,0.683,5,"ecc_leaf_id_q_reg[1]/C","ecc_product_q_reg[115]/D","other","FDCE=2;LUT6=5"
487,1.577,5.000,3.420,1.085,2.335,0.683,5,"ecc_leaf_id_q_reg[1]/C","ecc_product_q_reg[116]/D","other","FDCE=2;LUT6=5"
488,1.577,5.000,3.420,1.085,2.335,0.683,5,"ecc_leaf_id_q_reg[1]/C","ecc_product_q_reg[117]/D","other","FDCE=2;LUT6=5"
489,1.577,5.000,3.420,1.085,2.335,0.683,5,"ecc_leaf_id_q_reg[1]/C","ecc_product_q_reg[118]/D","other","FDCE=2;LUT6=5"
490,1.577,5.000,3.420,1.085,2.335,0.683,5,"ecc_leaf_id_q_reg[1]/C","ecc_product_q_reg[119]/D","other","FDCE=2;LUT6=5"
491,1.577,5.000,3.420,1.085,2.335,0.683,5,"ecc_leaf_id_q_reg[1]/C","ecc_product_q_reg[120]/D","other","FDCE=2;LUT6=5"
492,1.577,5.000,3.420,1.085,2.335,0.683,5,"ecc_leaf_id_q_reg[1]/C","ecc_product_q_reg[121]/D","other","FDCE=2;LUT6=5"
493,1.577,5.000,3.420,1.085,2.335,0.683,5,"ecc_leaf_id_q_reg[1]/C","ecc_product_q_reg[122]/D","other","FDCE=2;LUT6=5"
494,1.577,5.000,3.420,1.085,2.335,0.683,5,"ecc_leaf_id_q_reg[1]/C","ecc_product_q_reg[123]/D","other","FDCE=2;LUT6=5"
495,1.577,5.000,3.420,1.085,2.335,0.683,5,"ecc_leaf_id_q_reg[1]/C","ecc_product_q_reg[124]/D","other","FDCE=2;LUT6=5"
496,1.577,5.000,3.420,1.085,2.335,0.683,5,"ecc_leaf_id_q_reg[1]/C","ecc_product_q_reg[125]/D","other","FDCE=2;LUT6=5"
497,1.577,5.000,3.420,1.085,2.335,0.683,5,"ecc_leaf_id_q_reg[1]/C","ecc_product_q_reg[126]/D","other","FDCE=2;LUT6=5"
498,1.577,5.000,3.420,1.085,2.335,0.683,5,"ecc_leaf_id_q_reg[1]/C","ecc_product_q_reg[224]/D","other","FDCE=2;LUT6=5"
499,1.577,5.000,3.420,1.085,2.335,0.683,5,"ecc_leaf_id_q_reg[1]/C","ecc_product_q_reg[225]/D","other","FDCE=2;LUT6=5"
500,1.577,5.000,3.420,1.085,2.335,0.683,5,"ecc_leaf_id_q_reg[1]/C","ecc_product_q_reg[226]/D","other","FDCE=2;LUT6=5"
501,1.577,5.000,3.420,1.085,2.335,0.683,5,"ecc_leaf_id_q_reg[1]/C","ecc_product_q_reg[227]/D","other","FDCE=2;LUT6=5"
502,1.577,5.000,3.420,1.085,2.335,0.683,5,"ecc_leaf_id_q_reg[1]/C","ecc_product_q_reg[228]/D","other","FDCE=2;LUT6=5"
503,1.577,5.000,3.420,1.085,2.335,0.683,5,"ecc_leaf_id_q_reg[1]/C","ecc_product_q_reg[229]/D","other","FDCE=2;LUT6=5"
504,1.577,5.000,3.420,1.085,2.335,0.683,5,"ecc_leaf_id_q_reg[1]/C","ecc_product_q_reg[230]/D","other","FDCE=2;LUT6=5"
505,1.577,5.000,3.420,1.085,2.335,0.683,5,"ecc_leaf_id_q_reg[1]/C","ecc_product_q_reg[231]/D","other","FDCE=2;LUT6=5"
506,1.577,5.000,3.420,1.085,2.335,0.683,5,"ecc_leaf_id_q_reg[1]/C","ecc_product_q_reg[232]/D","other","FDCE=2;LUT6=5"
507,1.577,5.000,3.420,1.085,2.335,0.683,5,"ecc_leaf_id_q_reg[1]/C","ecc_product_q_reg[233]/D","other","FDCE=2;LUT6=5"
508,1.577,5.000,3.420,1.085,2.335,0.683,5,"ecc_leaf_id_q_reg[1]/C","ecc_product_q_reg[234]/D","other","FDCE=2;LUT6=5"
509,1.577,5.000,3.420,1.085,2.335,0.683,5,"ecc_leaf_id_q_reg[1]/C","ecc_product_q_reg[235]/D","other","FDCE=2;LUT6=5"
510,1.577,5.000,3.420,1.085,2.335,0.683,5,"ecc_leaf_id_q_reg[1]/C","ecc_product_q_reg[236]/D","other","FDCE=2;LUT6=5"
511,1.577,5.000,3.420,1.085,2.335,0.683,5,"ecc_leaf_id_q_reg[1]/C","ecc_product_q_reg[237]/D","other","FDCE=2;LUT6=5"
512,1.577,5.000,3.420,1.085,2.335,0.683,5,"ecc_leaf_id_q_reg[1]/C","ecc_product_q_reg[238]/D","other","FDCE=2;LUT6=5"
513,1.577,5.000,3.420,1.085,2.335,0.683,5,"ecc_leaf_id_q_reg[1]/C","ecc_product_q_reg[239]/D","other","FDCE=2;LUT6=5"
514,1.577,5.000,3.420,1.085,2.335,0.683,5,"ecc_leaf_id_q_reg[1]/C","ecc_product_q_reg[240]/D","other","FDCE=2;LUT6=5"
515,1.577,5.000,3.420,1.085,2.335,0.683,5,"ecc_leaf_id_q_reg[1]/C","ecc_product_q_reg[241]/D","other","FDCE=2;LUT6=5"
516,1.577,5.000,3.420,1.085,2.335,0.683,5,"ecc_leaf_id_q_reg[1]/C","ecc_product_q_reg[242]/D","other","FDCE=2;LUT6=5"
517,1.577,5.000,3.420,1.085,2.335,0.683,5,"ecc_leaf_id_q_reg[1]/C","ecc_product_q_reg[243]/D","other","FDCE=2;LUT6=5"
518,1.577,5.000,3.420,1.085,2.335,0.683,5,"ecc_leaf_id_q_reg[1]/C","ecc_product_q_reg[244]/D","other","FDCE=2;LUT6=5"
519,1.577,5.000,3.420,1.085,2.335,0.683,5,"ecc_leaf_id_q_reg[1]/C","ecc_product_q_reg[245]/D","other","FDCE=2;LUT6=5"
520,1.577,5.000,3.420,1.085,2.335,0.683,5,"ecc_leaf_id_q_reg[1]/C","ecc_product_q_reg[246]/D","other","FDCE=2;LUT6=5"
521,1.577,5.000,3.420,1.085,2.335,0.683,5,"ecc_leaf_id_q_reg[1]/C","ecc_product_q_reg[247]/D","other","FDCE=2;LUT6=5"
522,1.577,5.000,3.420,1.085,2.335,0.683,5,"ecc_leaf_id_q_reg[1]/C","ecc_product_q_reg[248]/D","other","FDCE=2;LUT6=5"
523,1.577,5.000,3.420,1.085,2.335,0.683,5,"ecc_leaf_id_q_reg[1]/C","ecc_product_q_reg[249]/D","other","FDCE=2;LUT6=5"
524,1.577,5.000,3.420,1.085,2.335,0.683,5,"ecc_leaf_id_q_reg[1]/C","ecc_product_q_reg[250]/D","other","FDCE=2;LUT6=5"
525,1.577,5.000,3.420,1.085,2.335,0.683,5,"ecc_leaf_id_q_reg[1]/C","ecc_product_q_reg[251]/D","other","FDCE=2;LUT6=5"
526,1.577,5.000,3.420,1.085,2.335,0.683,5,"ecc_leaf_id_q_reg[1]/C","ecc_product_q_reg[252]/D","other","FDCE=2;LUT6=5"
527,1.577,5.000,3.420,1.085,2.335,0.683,5,"ecc_leaf_id_q_reg[1]/C","ecc_product_q_reg[253]/D","other","FDCE=2;LUT6=5"
528,1.577,5.000,3.420,1.085,2.335,0.683,5,"ecc_leaf_id_q_reg[1]/C","ecc_product_q_reg[254]/D","other","FDCE=2;LUT6=5"
529,1.577,5.000,3.420,1.085,2.335,0.683,5,"ecc_leaf_id_q_reg[1]/C","ecc_product_q_reg[352]/D","other","FDCE=2;LUT6=5"
530,1.577,5.000,3.420,1.085,2.335,0.683,5,"ecc_leaf_id_q_reg[1]/C","ecc_product_q_reg[353]/D","other","FDCE=2;LUT6=5"
531,1.577,5.000,3.420,1.085,2.335,0.683,5,"ecc_leaf_id_q_reg[1]/C","ecc_product_q_reg[354]/D","other","FDCE=2;LUT6=5"
532,1.577,5.000,3.420,1.085,2.335,0.683,5,"ecc_leaf_id_q_reg[1]/C","ecc_product_q_reg[355]/D","other","FDCE=2;LUT6=5"
533,1.577,5.000,3.420,1.085,2.335,0.683,5,"ecc_leaf_id_q_reg[1]/C","ecc_product_q_reg[356]/D","other","FDCE=2;LUT6=5"
534,1.577,5.000,3.420,1.085,2.335,0.683,5,"ecc_leaf_id_q_reg[1]/C","ecc_product_q_reg[357]/D","other","FDCE=2;LUT6=5"
535,1.577,5.000,3.420,1.085,2.335,0.683,5,"ecc_leaf_id_q_reg[1]/C","ecc_product_q_reg[358]/D","other","FDCE=2;LUT6=5"
536,1.577,5.000,3.420,1.085,2.335,0.683,5,"ecc_leaf_id_q_reg[1]/C","ecc_product_q_reg[359]/D","other","FDCE=2;LUT6=5"
537,1.577,5.000,3.420,1.085,2.335,0.683,5,"ecc_leaf_id_q_reg[1]/C","ecc_product_q_reg[360]/D","other","FDCE=2;LUT6=5"
538,1.577,5.000,3.420,1.085,2.335,0.683,5,"ecc_leaf_id_q_reg[1]/C","ecc_product_q_reg[361]/D","other","FDCE=2;LUT6=5"
539,1.577,5.000,3.420,1.085,2.335,0.683,5,"ecc_leaf_id_q_reg[1]/C","ecc_product_q_reg[362]/D","other","FDCE=2;LUT6=5"
540,1.577,5.000,3.420,1.085,2.335,0.683,5,"ecc_leaf_id_q_reg[1]/C","ecc_product_q_reg[363]/D","other","FDCE=2;LUT6=5"
541,1.577,5.000,3.420,1.085,2.335,0.683,5,"ecc_leaf_id_q_reg[1]/C","ecc_product_q_reg[364]/D","other","FDCE=2;LUT6=5"
542,1.577,5.000,3.420,1.085,2.335,0.683,5,"ecc_leaf_id_q_reg[1]/C","ecc_product_q_reg[365]/D","other","FDCE=2;LUT6=5"
543,1.577,5.000,3.420,1.085,2.335,0.683,5,"ecc_leaf_id_q_reg[1]/C","ecc_product_q_reg[366]/D","other","FDCE=2;LUT6=5"
544,1.577,5.000,3.420,1.085,2.335,0.683,5,"ecc_leaf_id_q_reg[1]/C","ecc_product_q_reg[367]/D","other","FDCE=2;LUT6=5"
545,1.577,5.000,3.420,1.085,2.335,0.683,5,"ecc_leaf_id_q_reg[1]/C","ecc_product_q_reg[368]/D","other","FDCE=2;LUT6=5"
546,1.577,5.000,3.420,1.085,2.335,0.683,5,"ecc_leaf_id_q_reg[1]/C","ecc_product_q_reg[369]/D","other","FDCE=2;LUT6=5"
547,1.577,5.000,3.420,1.085,2.335,0.683,5,"ecc_leaf_id_q_reg[1]/C","ecc_product_q_reg[370]/D","other","FDCE=2;LUT6=5"
548,1.577,5.000,3.420,1.085,2.335,0.683,5,"ecc_leaf_id_q_reg[1]/C","ecc_product_q_reg[371]/D","other","FDCE=2;LUT6=5"
549,1.577,5.000,3.420,1.085,2.335,0.683,5,"ecc_leaf_id_q_reg[1]/C","ecc_product_q_reg[372]/D","other","FDCE=2;LUT6=5"
550,1.577,5.000,3.420,1.085,2.335,0.683,5,"ecc_leaf_id_q_reg[1]/C","ecc_product_q_reg[373]/D","other","FDCE=2;LUT6=5"
551,1.577,5.000,3.420,1.085,2.335,0.683,5,"ecc_leaf_id_q_reg[1]/C","ecc_product_q_reg[374]/D","other","FDCE=2;LUT6=5"
552,1.577,5.000,3.420,1.085,2.335,0.683,5,"ecc_leaf_id_q_reg[1]/C","ecc_product_q_reg[375]/D","other","FDCE=2;LUT6=5"
553,1.577,5.000,3.420,1.085,2.335,0.683,5,"ecc_leaf_id_q_reg[1]/C","ecc_product_q_reg[376]/D","other","FDCE=2;LUT6=5"
554,1.577,5.000,3.420,1.085,2.335,0.683,5,"ecc_leaf_id_q_reg[1]/C","ecc_product_q_reg[377]/D","other","FDCE=2;LUT6=5"
555,1.577,5.000,3.420,1.085,2.335,0.683,5,"ecc_leaf_id_q_reg[1]/C","ecc_product_q_reg[378]/D","other","FDCE=2;LUT6=5"
556,1.577,5.000,3.420,1.085,2.335,0.683,5,"ecc_leaf_id_q_reg[1]/C","ecc_product_q_reg[379]/D","other","FDCE=2;LUT6=5"
557,1.577,5.000,3.420,1.085,2.335,0.683,5,"ecc_leaf_id_q_reg[1]/C","ecc_product_q_reg[380]/D","other","FDCE=2;LUT6=5"
558,1.577,5.000,3.420,1.085,2.335,0.683,5,"ecc_leaf_id_q_reg[1]/C","ecc_product_q_reg[381]/D","other","FDCE=2;LUT6=5"
559,1.577,5.000,3.420,1.085,2.335,0.683,5,"ecc_leaf_id_q_reg[1]/C","ecc_product_q_reg[382]/D","other","FDCE=2;LUT6=5"
560,1.577,5.000,3.420,1.085,2.335,0.683,5,"ecc_leaf_id_q_reg[1]/C","ecc_product_q_reg[480]/D","other","FDCE=2;LUT6=5"
561,1.577,5.000,3.420,1.085,2.335,0.683,5,"ecc_leaf_id_q_reg[1]/C","ecc_product_q_reg[481]/D","other","FDCE=2;LUT6=5"
562,1.577,5.000,3.420,1.085,2.335,0.683,5,"ecc_leaf_id_q_reg[1]/C","ecc_product_q_reg[482]/D","other","FDCE=2;LUT6=5"
563,1.577,5.000,3.420,1.085,2.335,0.683,5,"ecc_leaf_id_q_reg[1]/C","ecc_product_q_reg[483]/D","other","FDCE=2;LUT6=5"
564,1.577,5.000,3.420,1.085,2.335,0.683,5,"ecc_leaf_id_q_reg[1]/C","ecc_product_q_reg[484]/D","other","FDCE=2;LUT6=5"
565,1.577,5.000,3.420,1.085,2.335,0.683,5,"ecc_leaf_id_q_reg[1]/C","ecc_product_q_reg[485]/D","other","FDCE=2;LUT6=5"
566,1.577,5.000,3.420,1.085,2.335,0.683,5,"ecc_leaf_id_q_reg[1]/C","ecc_product_q_reg[486]/D","other","FDCE=2;LUT6=5"
567,1.577,5.000,3.420,1.085,2.335,0.683,5,"ecc_leaf_id_q_reg[1]/C","ecc_product_q_reg[487]/D","other","FDCE=2;LUT6=5"
568,1.577,5.000,3.420,1.085,2.335,0.683,5,"ecc_leaf_id_q_reg[1]/C","ecc_product_q_reg[488]/D","other","FDCE=2;LUT6=5"
569,1.577,5.000,3.420,1.085,2.335,0.683,5,"ecc_leaf_id_q_reg[1]/C","ecc_product_q_reg[489]/D","other","FDCE=2;LUT6=5"
570,1.577,5.000,3.420,1.085,2.335,0.683,5,"ecc_leaf_id_q_reg[1]/C","ecc_product_q_reg[490]/D","other","FDCE=2;LUT6=5"
571,1.577,5.000,3.420,1.085,2.335,0.683,5,"ecc_leaf_id_q_reg[1]/C","ecc_product_q_reg[491]/D","other","FDCE=2;LUT6=5"
572,1.577,5.000,3.420,1.085,2.335,0.683,5,"ecc_leaf_id_q_reg[1]/C","ecc_product_q_reg[492]/D","other","FDCE=2;LUT6=5"
573,1.577,5.000,3.420,1.085,2.335,0.683,5,"ecc_leaf_id_q_reg[1]/C","ecc_product_q_reg[493]/D","other","FDCE=2;LUT6=5"
574,1.577,5.000,3.420,1.085,2.335,0.683,5,"ecc_leaf_id_q_reg[1]/C","ecc_product_q_reg[494]/D","other","FDCE=2;LUT6=5"
575,1.577,5.000,3.420,1.085,2.335,0.683,5,"ecc_leaf_id_q_reg[1]/C","ecc_product_q_reg[495]/D","other","FDCE=2;LUT6=5"
576,1.577,5.000,3.420,1.085,2.335,0.683,5,"ecc_leaf_id_q_reg[1]/C","ecc_product_q_reg[496]/D","other","FDCE=2;LUT6=5"
577,1.577,5.000,3.420,1.085,2.335,0.683,5,"ecc_leaf_id_q_reg[1]/C","ecc_product_q_reg[497]/D","other","FDCE=2;LUT6=5"
578,1.577,5.000,3.420,1.085,2.335,0.683,5,"ecc_leaf_id_q_reg[1]/C","ecc_product_q_reg[498]/D","other","FDCE=2;LUT6=5"
579,1.577,5.000,3.420,1.085,2.335,0.683,5,"ecc_leaf_id_q_reg[1]/C","ecc_product_q_reg[499]/D","other","FDCE=2;LUT6=5"
580,1.577,5.000,3.420,1.085,2.335,0.683,5,"ecc_leaf_id_q_reg[1]/C","ecc_product_q_reg[500]/D","other","FDCE=2;LUT6=5"
581,1.577,5.000,3.420,1.085,2.335,0.683,5,"ecc_leaf_id_q_reg[1]/C","ecc_product_q_reg[501]/D","other","FDCE=2;LUT6=5"
582,1.577,5.000,3.420,1.085,2.335,0.683,5,"ecc_leaf_id_q_reg[1]/C","ecc_product_q_reg[502]/D","other","FDCE=2;LUT6=5"
583,1.577,5.000,3.420,1.085,2.335,0.683,5,"ecc_leaf_id_q_reg[1]/C","ecc_product_q_reg[503]/D","other","FDCE=2;LUT6=5"
584,1.577,5.000,3.420,1.085,2.335,0.683,5,"ecc_leaf_id_q_reg[1]/C","ecc_product_q_reg[504]/D","other","FDCE=2;LUT6=5"
585,1.577,5.000,3.420,1.085,2.335,0.683,5,"ecc_leaf_id_q_reg[1]/C","ecc_product_q_reg[505]/D","other","FDCE=2;LUT6=5"
586,1.577,5.000,3.420,1.085,2.335,0.683,5,"ecc_leaf_id_q_reg[1]/C","ecc_product_q_reg[506]/D","other","FDCE=2;LUT6=5"
587,1.577,5.000,3.420,1.085,2.335,0.683,5,"ecc_leaf_id_q_reg[1]/C","ecc_product_q_reg[507]/D","other","FDCE=2;LUT6=5"
588,1.577,5.000,3.420,1.085,2.335,0.683,5,"ecc_leaf_id_q_reg[1]/C","ecc_product_q_reg[508]/D","other","FDCE=2;LUT6=5"
589,1.577,5.000,3.420,1.085,2.335,0.683,5,"ecc_leaf_id_q_reg[1]/C","ecc_product_q_reg[509]/D","other","FDCE=2;LUT6=5"
590,1.577,5.000,3.420,1.085,2.335,0.683,5,"ecc_leaf_id_q_reg[1]/C","ecc_product_q_reg[510]/D","other","FDCE=2;LUT6=5"
591,1.577,5.000,3.420,1.085,2.335,0.683,5,"ecc_leaf_id_q_reg[1]/C","ecc_product_q_reg[96]/D","other","FDCE=2;LUT6=5"
592,1.577,5.000,3.420,1.085,2.335,0.683,5,"ecc_leaf_id_q_reg[1]/C","ecc_product_q_reg[97]/D","other","FDCE=2;LUT6=5"
593,1.577,5.000,3.420,1.085,2.335,0.683,5,"ecc_leaf_id_q_reg[1]/C","ecc_product_q_reg[98]/D","other","FDCE=2;LUT6=5"
594,1.577,5.000,3.420,1.085,2.335,0.683,5,"ecc_leaf_id_q_reg[1]/C","ecc_product_q_reg[99]/D","other","FDCE=2;LUT6=5"
595,1.595,5.000,3.402,1.085,2.317,0.681,5,"ecc_leaf_id_q_reg[1]/C","ecc_product_q_reg[192]/D","other","FDCE=2;LUT6=5"
596,1.595,5.000,3.402,1.085,2.317,0.681,5,"ecc_leaf_id_q_reg[1]/C","ecc_product_q_reg[193]/D","other","FDCE=2;LUT6=5"
597,1.595,5.000,3.402,1.085,2.317,0.681,5,"ecc_leaf_id_q_reg[1]/C","ecc_product_q_reg[194]/D","other","FDCE=2;LUT6=5"
598,1.595,5.000,3.402,1.085,2.317,0.681,5,"ecc_leaf_id_q_reg[1]/C","ecc_product_q_reg[195]/D","other","FDCE=2;LUT6=5"
599,1.595,5.000,3.402,1.085,2.317,0.681,5,"ecc_leaf_id_q_reg[1]/C","ecc_product_q_reg[196]/D","other","FDCE=2;LUT6=5"
600,1.595,5.000,3.402,1.085,2.317,0.681,5,"ecc_leaf_id_q_reg[1]/C","ecc_product_q_reg[197]/D","other","FDCE=2;LUT6=5"
601,1.595,5.000,3.402,1.085,2.317,0.681,5,"ecc_leaf_id_q_reg[1]/C","ecc_product_q_reg[198]/D","other","FDCE=2;LUT6=5"
602,1.595,5.000,3.402,1.085,2.317,0.681,5,"ecc_leaf_id_q_reg[1]/C","ecc_product_q_reg[199]/D","other","FDCE=2;LUT6=5"
603,1.595,5.000,3.402,1.085,2.317,0.681,5,"ecc_leaf_id_q_reg[1]/C","ecc_product_q_reg[200]/D","other","FDCE=2;LUT6=5"
604,1.595,5.000,3.402,1.085,2.317,0.681,5,"ecc_leaf_id_q_reg[1]/C","ecc_product_q_reg[201]/D","other","FDCE=2;LUT6=5"
605,1.595,5.000,3.402,1.085,2.317,0.681,5,"ecc_leaf_id_q_reg[1]/C","ecc_product_q_reg[202]/D","other","FDCE=2;LUT6=5"
606,1.595,5.000,3.402,1.085,2.317,0.681,5,"ecc_leaf_id_q_reg[1]/C","ecc_product_q_reg[203]/D","other","FDCE=2;LUT6=5"
607,1.595,5.000,3.402,1.085,2.317,0.681,5,"ecc_leaf_id_q_reg[1]/C","ecc_product_q_reg[204]/D","other","FDCE=2;LUT6=5"
608,1.595,5.000,3.402,1.085,2.317,0.681,5,"ecc_leaf_id_q_reg[1]/C","ecc_product_q_reg[205]/D","other","FDCE=2;LUT6=5"
609,1.595,5.000,3.402,1.085,2.317,0.681,5,"ecc_leaf_id_q_reg[1]/C","ecc_product_q_reg[206]/D","other","FDCE=2;LUT6=5"
610,1.595,5.000,3.402,1.085,2.317,0.681,5,"ecc_leaf_id_q_reg[1]/C","ecc_product_q_reg[207]/D","other","FDCE=2;LUT6=5"
611,1.595,5.000,3.402,1.085,2.317,0.681,5,"ecc_leaf_id_q_reg[1]/C","ecc_product_q_reg[208]/D","other","FDCE=2;LUT6=5"
612,1.595,5.000,3.402,1.085,2.317,0.681,5,"ecc_leaf_id_q_reg[1]/C","ecc_product_q_reg[209]/D","other","FDCE=2;LUT6=5"
613,1.595,5.000,3.402,1.085,2.317,0.681,5,"ecc_leaf_id_q_reg[1]/C","ecc_product_q_reg[210]/D","other","FDCE=2;LUT6=5"
614,1.595,5.000,3.402,1.085,2.317,0.681,5,"ecc_leaf_id_q_reg[1]/C","ecc_product_q_reg[211]/D","other","FDCE=2;LUT6=5"
615,1.595,5.000,3.402,1.085,2.317,0.681,5,"ecc_leaf_id_q_reg[1]/C","ecc_product_q_reg[212]/D","other","FDCE=2;LUT6=5"
616,1.595,5.000,3.402,1.085,2.317,0.681,5,"ecc_leaf_id_q_reg[1]/C","ecc_product_q_reg[213]/D","other","FDCE=2;LUT6=5"
617,1.595,5.000,3.402,1.085,2.317,0.681,5,"ecc_leaf_id_q_reg[1]/C","ecc_product_q_reg[214]/D","other","FDCE=2;LUT6=5"
618,1.595,5.000,3.402,1.085,2.317,0.681,5,"ecc_leaf_id_q_reg[1]/C","ecc_product_q_reg[215]/D","other","FDCE=2;LUT6=5"
619,1.595,5.000,3.402,1.085,2.317,0.681,5,"ecc_leaf_id_q_reg[1]/C","ecc_product_q_reg[216]/D","other","FDCE=2;LUT6=5"
620,1.595,5.000,3.402,1.085,2.317,0.681,5,"ecc_leaf_id_q_reg[1]/C","ecc_product_q_reg[217]/D","other","FDCE=2;LUT6=5"
621,1.595,5.000,3.402,1.085,2.317,0.681,5,"ecc_leaf_id_q_reg[1]/C","ecc_product_q_reg[218]/D","other","FDCE=2;LUT6=5"
622,1.595,5.000,3.402,1.085,2.317,0.681,5,"ecc_leaf_id_q_reg[1]/C","ecc_product_q_reg[219]/D","other","FDCE=2;LUT6=5"
623,1.595,5.000,3.402,1.085,2.317,0.681,5,"ecc_leaf_id_q_reg[1]/C","ecc_product_q_reg[220]/D","other","FDCE=2;LUT6=5"
624,1.595,5.000,3.402,1.085,2.317,0.681,5,"ecc_leaf_id_q_reg[1]/C","ecc_product_q_reg[221]/D","other","FDCE=2;LUT6=5"
625,1.595,5.000,3.402,1.085,2.317,0.681,5,"ecc_leaf_id_q_reg[1]/C","ecc_product_q_reg[222]/D","other","FDCE=2;LUT6=5"
626,1.595,5.000,3.402,1.085,2.317,0.681,5,"ecc_leaf_id_q_reg[1]/C","ecc_product_q_reg[320]/D","other","FDCE=2;LUT6=5"
627,1.595,5.000,3.402,1.085,2.317,0.681,5,"ecc_leaf_id_q_reg[1]/C","ecc_product_q_reg[321]/D","other","FDCE=2;LUT6=5"
628,1.595,5.000,3.402,1.085,2.317,0.681,5,"ecc_leaf_id_q_reg[1]/C","ecc_product_q_reg[322]/D","other","FDCE=2;LUT6=5"
629,1.595,5.000,3.402,1.085,2.317,0.681,5,"ecc_leaf_id_q_reg[1]/C","ecc_product_q_reg[323]/D","other","FDCE=2;LUT6=5"
630,1.595,5.000,3.402,1.085,2.317,0.681,5,"ecc_leaf_id_q_reg[1]/C","ecc_product_q_reg[324]/D","other","FDCE=2;LUT6=5"
631,1.595,5.000,3.402,1.085,2.317,0.681,5,"ecc_leaf_id_q_reg[1]/C","ecc_product_q_reg[325]/D","other","FDCE=2;LUT6=5"
632,1.595,5.000,3.402,1.085,2.317,0.681,5,"ecc_leaf_id_q_reg[1]/C","ecc_product_q_reg[326]/D","other","FDCE=2;LUT6=5"
633,1.595,5.000,3.402,1.085,2.317,0.681,5,"ecc_leaf_id_q_reg[1]/C","ecc_product_q_reg[327]/D","other","FDCE=2;LUT6=5"
634,1.595,5.000,3.402,1.085,2.317,0.681,5,"ecc_leaf_id_q_reg[1]/C","ecc_product_q_reg[328]/D","other","FDCE=2;LUT6=5"
635,1.595,5.000,3.402,1.085,2.317,0.681,5,"ecc_leaf_id_q_reg[1]/C","ecc_product_q_reg[329]/D","other","FDCE=2;LUT6=5"
636,1.595,5.000,3.402,1.085,2.317,0.681,5,"ecc_leaf_id_q_reg[1]/C","ecc_product_q_reg[330]/D","other","FDCE=2;LUT6=5"
637,1.595,5.000,3.402,1.085,2.317,0.681,5,"ecc_leaf_id_q_reg[1]/C","ecc_product_q_reg[331]/D","other","FDCE=2;LUT6=5"
638,1.595,5.000,3.402,1.085,2.317,0.681,5,"ecc_leaf_id_q_reg[1]/C","ecc_product_q_reg[332]/D","other","FDCE=2;LUT6=5"
639,1.595,5.000,3.402,1.085,2.317,0.681,5,"ecc_leaf_id_q_reg[1]/C","ecc_product_q_reg[333]/D","other","FDCE=2;LUT6=5"
640,1.595,5.000,3.402,1.085,2.317,0.681,5,"ecc_leaf_id_q_reg[1]/C","ecc_product_q_reg[334]/D","other","FDCE=2;LUT6=5"
641,1.595,5.000,3.402,1.085,2.317,0.681,5,"ecc_leaf_id_q_reg[1]/C","ecc_product_q_reg[335]/D","other","FDCE=2;LUT6=5"
642,1.595,5.000,3.402,1.085,2.317,0.681,5,"ecc_leaf_id_q_reg[1]/C","ecc_product_q_reg[336]/D","other","FDCE=2;LUT6=5"
643,1.595,5.000,3.402,1.085,2.317,0.681,5,"ecc_leaf_id_q_reg[1]/C","ecc_product_q_reg[337]/D","other","FDCE=2;LUT6=5"
644,1.595,5.000,3.402,1.085,2.317,0.681,5,"ecc_leaf_id_q_reg[1]/C","ecc_product_q_reg[338]/D","other","FDCE=2;LUT6=5"
645,1.595,5.000,3.402,1.085,2.317,0.681,5,"ecc_leaf_id_q_reg[1]/C","ecc_product_q_reg[339]/D","other","FDCE=2;LUT6=5"
646,1.595,5.000,3.402,1.085,2.317,0.681,5,"ecc_leaf_id_q_reg[1]/C","ecc_product_q_reg[340]/D","other","FDCE=2;LUT6=5"
647,1.595,5.000,3.402,1.085,2.317,0.681,5,"ecc_leaf_id_q_reg[1]/C","ecc_product_q_reg[341]/D","other","FDCE=2;LUT6=5"
648,1.595,5.000,3.402,1.085,2.317,0.681,5,"ecc_leaf_id_q_reg[1]/C","ecc_product_q_reg[342]/D","other","FDCE=2;LUT6=5"
649,1.595,5.000,3.402,1.085,2.317,0.681,5,"ecc_leaf_id_q_reg[1]/C","ecc_product_q_reg[343]/D","other","FDCE=2;LUT6=5"
650,1.595,5.000,3.402,1.085,2.317,0.681,5,"ecc_leaf_id_q_reg[1]/C","ecc_product_q_reg[344]/D","other","FDCE=2;LUT6=5"
651,1.595,5.000,3.402,1.085,2.317,0.681,5,"ecc_leaf_id_q_reg[1]/C","ecc_product_q_reg[345]/D","other","FDCE=2;LUT6=5"
652,1.595,5.000,3.402,1.085,2.317,0.681,5,"ecc_leaf_id_q_reg[1]/C","ecc_product_q_reg[346]/D","other","FDCE=2;LUT6=5"
653,1.595,5.000,3.402,1.085,2.317,0.681,5,"ecc_leaf_id_q_reg[1]/C","ecc_product_q_reg[347]/D","other","FDCE=2;LUT6=5"
654,1.595,5.000,3.402,1.085,2.317,0.681,5,"ecc_leaf_id_q_reg[1]/C","ecc_product_q_reg[348]/D","other","FDCE=2;LUT6=5"
655,1.595,5.000,3.402,1.085,2.317,0.681,5,"ecc_leaf_id_q_reg[1]/C","ecc_product_q_reg[349]/D","other","FDCE=2;LUT6=5"
656,1.595,5.000,3.402,1.085,2.317,0.681,5,"ecc_leaf_id_q_reg[1]/C","ecc_product_q_reg[350]/D","other","FDCE=2;LUT6=5"
657,1.595,5.000,3.402,1.085,2.317,0.681,5,"ecc_leaf_id_q_reg[1]/C","ecc_product_q_reg[448]/D","other","FDCE=2;LUT6=5"
658,1.595,5.000,3.402,1.085,2.317,0.681,5,"ecc_leaf_id_q_reg[1]/C","ecc_product_q_reg[449]/D","other","FDCE=2;LUT6=5"
659,1.595,5.000,3.402,1.085,2.317,0.681,5,"ecc_leaf_id_q_reg[1]/C","ecc_product_q_reg[450]/D","other","FDCE=2;LUT6=5"
660,1.595,5.000,3.402,1.085,2.317,0.681,5,"ecc_leaf_id_q_reg[1]/C","ecc_product_q_reg[451]/D","other","FDCE=2;LUT6=5"
661,1.595,5.000,3.402,1.085,2.317,0.681,5,"ecc_leaf_id_q_reg[1]/C","ecc_product_q_reg[452]/D","other","FDCE=2;LUT6=5"
662,1.595,5.000,3.402,1.085,2.317,0.681,5,"ecc_leaf_id_q_reg[1]/C","ecc_product_q_reg[453]/D","other","FDCE=2;LUT6=5"
663,1.595,5.000,3.402,1.085,2.317,0.681,5,"ecc_leaf_id_q_reg[1]/C","ecc_product_q_reg[454]/D","other","FDCE=2;LUT6=5"
664,1.595,5.000,3.402,1.085,2.317,0.681,5,"ecc_leaf_id_q_reg[1]/C","ecc_product_q_reg[455]/D","other","FDCE=2;LUT6=5"
665,1.595,5.000,3.402,1.085,2.317,0.681,5,"ecc_leaf_id_q_reg[1]/C","ecc_product_q_reg[456]/D","other","FDCE=2;LUT6=5"
666,1.595,5.000,3.402,1.085,2.317,0.681,5,"ecc_leaf_id_q_reg[1]/C","ecc_product_q_reg[457]/D","other","FDCE=2;LUT6=5"
667,1.595,5.000,3.402,1.085,2.317,0.681,5,"ecc_leaf_id_q_reg[1]/C","ecc_product_q_reg[458]/D","other","FDCE=2;LUT6=5"
668,1.595,5.000,3.402,1.085,2.317,0.681,5,"ecc_leaf_id_q_reg[1]/C","ecc_product_q_reg[459]/D","other","FDCE=2;LUT6=5"
669,1.595,5.000,3.402,1.085,2.317,0.681,5,"ecc_leaf_id_q_reg[1]/C","ecc_product_q_reg[460]/D","other","FDCE=2;LUT6=5"
670,1.595,5.000,3.402,1.085,2.317,0.681,5,"ecc_leaf_id_q_reg[1]/C","ecc_product_q_reg[461]/D","other","FDCE=2;LUT6=5"
671,1.595,5.000,3.402,1.085,2.317,0.681,5,"ecc_leaf_id_q_reg[1]/C","ecc_product_q_reg[462]/D","other","FDCE=2;LUT6=5"
672,1.595,5.000,3.402,1.085,2.317,0.681,5,"ecc_leaf_id_q_reg[1]/C","ecc_product_q_reg[463]/D","other","FDCE=2;LUT6=5"
673,1.595,5.000,3.402,1.085,2.317,0.681,5,"ecc_leaf_id_q_reg[1]/C","ecc_product_q_reg[464]/D","other","FDCE=2;LUT6=5"
674,1.595,5.000,3.402,1.085,2.317,0.681,5,"ecc_leaf_id_q_reg[1]/C","ecc_product_q_reg[465]/D","other","FDCE=2;LUT6=5"
675,1.595,5.000,3.402,1.085,2.317,0.681,5,"ecc_leaf_id_q_reg[1]/C","ecc_product_q_reg[466]/D","other","FDCE=2;LUT6=5"
676,1.595,5.000,3.402,1.085,2.317,0.681,5,"ecc_leaf_id_q_reg[1]/C","ecc_product_q_reg[467]/D","other","FDCE=2;LUT6=5"
677,1.595,5.000,3.402,1.085,2.317,0.681,5,"ecc_leaf_id_q_reg[1]/C","ecc_product_q_reg[468]/D","other","FDCE=2;LUT6=5"
678,1.595,5.000,3.402,1.085,2.317,0.681,5,"ecc_leaf_id_q_reg[1]/C","ecc_product_q_reg[469]/D","other","FDCE=2;LUT6=5"
679,1.595,5.000,3.402,1.085,2.317,0.681,5,"ecc_leaf_id_q_reg[1]/C","ecc_product_q_reg[470]/D","other","FDCE=2;LUT6=5"
680,1.595,5.000,3.402,1.085,2.317,0.681,5,"ecc_leaf_id_q_reg[1]/C","ecc_product_q_reg[471]/D","other","FDCE=2;LUT6=5"
681,1.595,5.000,3.402,1.085,2.317,0.681,5,"ecc_leaf_id_q_reg[1]/C","ecc_product_q_reg[472]/D","other","FDCE=2;LUT6=5"
682,1.595,5.000,3.402,1.085,2.317,0.681,5,"ecc_leaf_id_q_reg[1]/C","ecc_product_q_reg[473]/D","other","FDCE=2;LUT6=5"
683,1.595,5.000,3.402,1.085,2.317,0.681,5,"ecc_leaf_id_q_reg[1]/C","ecc_product_q_reg[474]/D","other","FDCE=2;LUT6=5"
684,1.595,5.000,3.402,1.085,2.317,0.681,5,"ecc_leaf_id_q_reg[1]/C","ecc_product_q_reg[475]/D","other","FDCE=2;LUT6=5"
685,1.595,5.000,3.402,1.085,2.317,0.681,5,"ecc_leaf_id_q_reg[1]/C","ecc_product_q_reg[476]/D","other","FDCE=2;LUT6=5"
686,1.595,5.000,3.402,1.085,2.317,0.681,5,"ecc_leaf_id_q_reg[1]/C","ecc_product_q_reg[477]/D","other","FDCE=2;LUT6=5"
687,1.595,5.000,3.402,1.085,2.317,0.681,5,"ecc_leaf_id_q_reg[1]/C","ecc_product_q_reg[478]/D","other","FDCE=2;LUT6=5"
688,1.595,5.000,3.402,1.085,2.317,0.681,5,"ecc_leaf_id_q_reg[1]/C","ecc_product_q_reg[64]/D","other","FDCE=2;LUT6=5"
689,1.595,5.000,3.402,1.085,2.317,0.681,5,"ecc_leaf_id_q_reg[1]/C","ecc_product_q_reg[65]/D","other","FDCE=2;LUT6=5"
690,1.595,5.000,3.402,1.085,2.317,0.681,5,"ecc_leaf_id_q_reg[1]/C","ecc_product_q_reg[66]/D","other","FDCE=2;LUT6=5"
691,1.595,5.000,3.402,1.085,2.317,0.681,5,"ecc_leaf_id_q_reg[1]/C","ecc_product_q_reg[67]/D","other","FDCE=2;LUT6=5"
692,1.595,5.000,3.402,1.085,2.317,0.681,5,"ecc_leaf_id_q_reg[1]/C","ecc_product_q_reg[68]/D","other","FDCE=2;LUT6=5"
693,1.595,5.000,3.402,1.085,2.317,0.681,5,"ecc_leaf_id_q_reg[1]/C","ecc_product_q_reg[69]/D","other","FDCE=2;LUT6=5"
694,1.595,5.000,3.402,1.085,2.317,0.681,5,"ecc_leaf_id_q_reg[1]/C","ecc_product_q_reg[70]/D","other","FDCE=2;LUT6=5"
695,1.595,5.000,3.402,1.085,2.317,0.681,5,"ecc_leaf_id_q_reg[1]/C","ecc_product_q_reg[71]/D","other","FDCE=2;LUT6=5"
696,1.595,5.000,3.402,1.085,2.317,0.681,5,"ecc_leaf_id_q_reg[1]/C","ecc_product_q_reg[72]/D","other","FDCE=2;LUT6=5"
697,1.595,5.000,3.402,1.085,2.317,0.681,5,"ecc_leaf_id_q_reg[1]/C","ecc_product_q_reg[73]/D","other","FDCE=2;LUT6=5"
698,1.595,5.000,3.402,1.085,2.317,0.681,5,"ecc_leaf_id_q_reg[1]/C","ecc_product_q_reg[74]/D","other","FDCE=2;LUT6=5"
699,1.595,5.000,3.402,1.085,2.317,0.681,5,"ecc_leaf_id_q_reg[1]/C","ecc_product_q_reg[75]/D","other","FDCE=2;LUT6=5"
700,1.595,5.000,3.402,1.085,2.317,0.681,5,"ecc_leaf_id_q_reg[1]/C","ecc_product_q_reg[76]/D","other","FDCE=2;LUT6=5"
701,1.595,5.000,3.402,1.085,2.317,0.681,5,"ecc_leaf_id_q_reg[1]/C","ecc_product_q_reg[77]/D","other","FDCE=2;LUT6=5"
702,1.595,5.000,3.402,1.085,2.317,0.681,5,"ecc_leaf_id_q_reg[1]/C","ecc_product_q_reg[78]/D","other","FDCE=2;LUT6=5"
703,1.595,5.000,3.402,1.085,2.317,0.681,5,"ecc_leaf_id_q_reg[1]/C","ecc_product_q_reg[79]/D","other","FDCE=2;LUT6=5"
704,1.595,5.000,3.402,1.085,2.317,0.681,5,"ecc_leaf_id_q_reg[1]/C","ecc_product_q_reg[80]/D","other","FDCE=2;LUT6=5"
705,1.595,5.000,3.402,1.085,2.317,0.681,5,"ecc_leaf_id_q_reg[1]/C","ecc_product_q_reg[81]/D","other","FDCE=2;LUT6=5"
706,1.595,5.000,3.402,1.085,2.317,0.681,5,"ecc_leaf_id_q_reg[1]/C","ecc_product_q_reg[82]/D","other","FDCE=2;LUT6=5"
707,1.595,5.000,3.402,1.085,2.317,0.681,5,"ecc_leaf_id_q_reg[1]/C","ecc_product_q_reg[83]/D","other","FDCE=2;LUT6=5"
708,1.595,5.000,3.402,1.085,2.317,0.681,5,"ecc_leaf_id_q_reg[1]/C","ecc_product_q_reg[84]/D","other","FDCE=2;LUT6=5"
709,1.595,5.000,3.402,1.085,2.317,0.681,5,"ecc_leaf_id_q_reg[1]/C","ecc_product_q_reg[85]/D","other","FDCE=2;LUT6=5"
710,1.595,5.000,3.402,1.085,2.317,0.681,5,"ecc_leaf_id_q_reg[1]/C","ecc_product_q_reg[86]/D","other","FDCE=2;LUT6=5"
711,1.595,5.000,3.402,1.085,2.317,0.681,5,"ecc_leaf_id_q_reg[1]/C","ecc_product_q_reg[87]/D","other","FDCE=2;LUT6=5"
712,1.595,5.000,3.402,1.085,2.317,0.681,5,"ecc_leaf_id_q_reg[1]/C","ecc_product_q_reg[88]/D","other","FDCE=2;LUT6=5"
713,1.595,5.000,3.402,1.085,2.317,0.681,5,"ecc_leaf_id_q_reg[1]/C","ecc_product_q_reg[89]/D","other","FDCE=2;LUT6=5"
714,1.595,5.000,3.402,1.085,2.317,0.681,5,"ecc_leaf_id_q_reg[1]/C","ecc_product_q_reg[90]/D","other","FDCE=2;LUT6=5"
715,1.595,5.000,3.402,1.085,2.317,0.681,5,"ecc_leaf_id_q_reg[1]/C","ecc_product_q_reg[91]/D","other","FDCE=2;LUT6=5"
716,1.595,5.000,3.402,1.085,2.317,0.681,5,"ecc_leaf_id_q_reg[1]/C","ecc_product_q_reg[92]/D","other","FDCE=2;LUT6=5"
717,1.595,5.000,3.402,1.085,2.317,0.681,5,"ecc_leaf_id_q_reg[1]/C","ecc_product_q_reg[93]/D","other","FDCE=2;LUT6=5"
718,1.595,5.000,3.402,1.085,2.317,0.681,5,"ecc_leaf_id_q_reg[1]/C","ecc_product_q_reg[94]/D","other","FDCE=2;LUT6=5"
719,1.642,5.000,3.355,1.105,2.250,0.671,5,"hmatch_class_slot_q_reg[1]/C","uop_p0_q_reg[src1_addr][4]/D","TOP control","FDCE=2;LUT4=1;LUT6=4"
720,1.680,5.000,3.317,1.085,2.232,0.673,5,"gen_lane[2].i_p2_pop_slice/bool_result_q_reg[23]/C","gen_lane[2].i_p2_pop_slice/popcount_part_q_o_reg[0][1]/D","P2 popcount capture","FDCE=2;LUT5=3;LUT6=2"
721,1.680,5.000,3.317,1.085,2.232,0.673,5,"gen_lane[2].i_p2_pop_slice/bool_result_q_reg[55]/C","gen_lane[2].i_p2_pop_slice/popcount_part_q_o_reg[1][1]/D","P2 popcount capture","FDCE=2;LUT5=3;LUT6=2"
722,1.680,5.000,3.317,1.085,2.232,0.673,5,"gen_lane[3].i_p2_pop_slice/bool_result_q_reg[23]/C","gen_lane[3].i_p2_pop_slice/popcount_part_q_o_reg[0][1]/D","P2 popcount capture","FDCE=2;LUT5=3;LUT6=2"
723,1.680,5.000,3.317,1.085,2.232,0.673,5,"gen_lane[3].i_p2_pop_slice/bool_result_q_reg[55]/C","gen_lane[3].i_p2_pop_slice/popcount_part_q_o_reg[1][1]/D","P2 popcount capture","FDCE=2;LUT5=3;LUT6=2"
724,1.715,5.000,3.282,0.980,2.302,0.701,4,"gen_lane[0].i_p2_pop_slice/bool_result_q_reg[15]/C","gen_lane[0].i_p2_pop_slice/popcount_part_q_o_reg[0][1]/D","P2 popcount capture","FDCE=2;LUT3=2;LUT5=2"
725,1.715,5.000,3.282,0.980,2.302,0.701,4,"gen_lane[0].i_p2_pop_slice/bool_result_q_reg[47]/C","gen_lane[0].i_p2_pop_slice/popcount_part_q_o_reg[1][1]/D","P2 popcount capture","FDCE=2;LUT3=2;LUT5=2"
726,1.715,5.000,3.282,0.980,2.302,0.701,4,"gen_lane[1].i_p2_pop_slice/bool_result_q_reg[15]/C","gen_lane[1].i_p2_pop_slice/popcount_part_q_o_reg[0][1]/D","P2 popcount capture","FDCE=2;LUT3=2;LUT5=2"
727,1.715,5.000,3.282,0.980,2.302,0.701,4,"gen_lane[1].i_p2_pop_slice/bool_result_q_reg[47]/C","gen_lane[1].i_p2_pop_slice/popcount_part_q_o_reg[1][1]/D","P2 popcount capture","FDCE=2;LUT3=2;LUT5=2"
728,1.764,5.000,3.025,0.875,2.150,0.711,3,"a_q_reg[16]/C","ecc_product_q_reg[0]/CE","other","FDCE=2;LUT4=2;LUT6=1"
729,1.764,5.000,3.025,0.875,2.150,0.711,3,"a_q_reg[16]/C","ecc_product_q_reg[100]/CE","other","FDCE=2;LUT4=2;LUT6=1"
730,1.764,5.000,3.025,0.875,2.150,0.711,3,"a_q_reg[16]/C","ecc_product_q_reg[101]/CE","other","FDCE=2;LUT4=2;LUT6=1"
731,1.764,5.000,3.025,0.875,2.150,0.711,3,"a_q_reg[16]/C","ecc_product_q_reg[102]/CE","other","FDCE=2;LUT4=2;LUT6=1"
732,1.764,5.000,3.025,0.875,2.150,0.711,3,"a_q_reg[16]/C","ecc_product_q_reg[103]/CE","other","FDCE=2;LUT4=2;LUT6=1"
733,1.764,5.000,3.025,0.875,2.150,0.711,3,"a_q_reg[16]/C","ecc_product_q_reg[104]/CE","other","FDCE=2;LUT4=2;LUT6=1"
734,1.764,5.000,3.025,0.875,2.150,0.711,3,"a_q_reg[16]/C","ecc_product_q_reg[105]/CE","other","FDCE=2;LUT4=2;LUT6=1"
735,1.764,5.000,3.025,0.875,2.150,0.711,3,"a_q_reg[16]/C","ecc_product_q_reg[106]/CE","other","FDCE=2;LUT4=2;LUT6=1"
736,1.764,5.000,3.025,0.875,2.150,0.711,3,"a_q_reg[16]/C","ecc_product_q_reg[107]/CE","other","FDCE=2;LUT4=2;LUT6=1"
737,1.764,5.000,3.025,0.875,2.150,0.711,3,"a_q_reg[16]/C","ecc_product_q_reg[108]/CE","other","FDCE=2;LUT4=2;LUT6=1"
738,1.764,5.000,3.025,0.875,2.150,0.711,3,"a_q_reg[16]/C","ecc_product_q_reg[109]/CE","other","FDCE=2;LUT4=2;LUT6=1"
739,1.764,5.000,3.025,0.875,2.150,0.711,3,"a_q_reg[16]/C","ecc_product_q_reg[10]/CE","other","FDCE=2;LUT4=2;LUT6=1"
740,1.764,5.000,3.025,0.875,2.150,0.711,3,"a_q_reg[16]/C","ecc_product_q_reg[110]/CE","other","FDCE=2;LUT4=2;LUT6=1"
741,1.764,5.000,3.025,0.875,2.150,0.711,3,"a_q_reg[16]/C","ecc_product_q_reg[111]/CE","other","FDCE=2;LUT4=2;LUT6=1"
742,1.764,5.000,3.025,0.875,2.150,0.711,3,"a_q_reg[16]/C","ecc_product_q_reg[112]/CE","other","FDCE=2;LUT4=2;LUT6=1"
743,1.764,5.000,3.025,0.875,2.150,0.711,3,"a_q_reg[16]/C","ecc_product_q_reg[113]/CE","other","FDCE=2;LUT4=2;LUT6=1"
744,1.764,5.000,3.025,0.875,2.150,0.711,3,"a_q_reg[16]/C","ecc_product_q_reg[114]/CE","other","FDCE=2;LUT4=2;LUT6=1"
745,1.764,5.000,3.025,0.875,2.150,0.711,3,"a_q_reg[16]/C","ecc_product_q_reg[115]/CE","other","FDCE=2;LUT4=2;LUT6=1"
746,1.764,5.000,3.025,0.875,2.150,0.711,3,"a_q_reg[16]/C","ecc_product_q_reg[116]/CE","other","FDCE=2;LUT4=2;LUT6=1"
747,1.764,5.000,3.025,0.875,2.150,0.711,3,"a_q_reg[16]/C","ecc_product_q_reg[117]/CE","other","FDCE=2;LUT4=2;LUT6=1"
748,1.764,5.000,3.025,0.875,2.150,0.711,3,"a_q_reg[16]/C","ecc_product_q_reg[118]/CE","other","FDCE=2;LUT4=2;LUT6=1"
749,1.764,5.000,3.025,0.875,2.150,0.711,3,"a_q_reg[16]/C","ecc_product_q_reg[119]/CE","other","FDCE=2;LUT4=2;LUT6=1"
750,1.764,5.000,3.025,0.875,2.150,0.711,3,"a_q_reg[16]/C","ecc_product_q_reg[11]/CE","other","FDCE=2;LUT4=2;LUT6=1"
751,1.764,5.000,3.025,0.875,2.150,0.711,3,"a_q_reg[16]/C","ecc_product_q_reg[120]/CE","other","FDCE=2;LUT4=2;LUT6=1"
752,1.764,5.000,3.025,0.875,2.150,0.711,3,"a_q_reg[16]/C","ecc_product_q_reg[121]/CE","other","FDCE=2;LUT4=2;LUT6=1"
753,1.764,5.000,3.025,0.875,2.150,0.711,3,"a_q_reg[16]/C","ecc_product_q_reg[122]/CE","other","FDCE=2;LUT4=2;LUT6=1"
754,1.764,5.000,3.025,0.875,2.150,0.711,3,"a_q_reg[16]/C","ecc_product_q_reg[123]/CE","other","FDCE=2;LUT4=2;LUT6=1"
755,1.764,5.000,3.025,0.875,2.150,0.711,3,"a_q_reg[16]/C","ecc_product_q_reg[124]/CE","other","FDCE=2;LUT4=2;LUT6=1"
756,1.764,5.000,3.025,0.875,2.150,0.711,3,"a_q_reg[16]/C","ecc_product_q_reg[125]/CE","other","FDCE=2;LUT4=2;LUT6=1"
757,1.764,5.000,3.025,0.875,2.150,0.711,3,"a_q_reg[16]/C","ecc_product_q_reg[126]/CE","other","FDCE=2;LUT4=2;LUT6=1"
758,1.764,5.000,3.025,0.875,2.150,0.711,3,"a_q_reg[16]/C","ecc_product_q_reg[127]/CE","other","FDCE=2;LUT4=2;LUT6=1"
759,1.764,5.000,3.025,0.875,2.150,0.711,3,"a_q_reg[16]/C","ecc_product_q_reg[128]/CE","other","FDCE=2;LUT4=2;LUT6=1"
760,1.764,5.000,3.025,0.875,2.150,0.711,3,"a_q_reg[16]/C","ecc_product_q_reg[129]/CE","other","FDCE=2;LUT4=2;LUT6=1"
761,1.764,5.000,3.025,0.875,2.150,0.711,3,"a_q_reg[16]/C","ecc_product_q_reg[12]/CE","other","FDCE=2;LUT4=2;LUT6=1"
762,1.764,5.000,3.025,0.875,2.150,0.711,3,"a_q_reg[16]/C","ecc_product_q_reg[130]/CE","other","FDCE=2;LUT4=2;LUT6=1"
763,1.764,5.000,3.025,0.875,2.150,0.711,3,"a_q_reg[16]/C","ecc_product_q_reg[131]/CE","other","FDCE=2;LUT4=2;LUT6=1"
764,1.764,5.000,3.025,0.875,2.150,0.711,3,"a_q_reg[16]/C","ecc_product_q_reg[132]/CE","other","FDCE=2;LUT4=2;LUT6=1"
765,1.764,5.000,3.025,0.875,2.150,0.711,3,"a_q_reg[16]/C","ecc_product_q_reg[133]/CE","other","FDCE=2;LUT4=2;LUT6=1"
766,1.764,5.000,3.025,0.875,2.150,0.711,3,"a_q_reg[16]/C","ecc_product_q_reg[134]/CE","other","FDCE=2;LUT4=2;LUT6=1"
767,1.764,5.000,3.025,0.875,2.150,0.711,3,"a_q_reg[16]/C","ecc_product_q_reg[135]/CE","other","FDCE=2;LUT4=2;LUT6=1"
768,1.764,5.000,3.025,0.875,2.150,0.711,3,"a_q_reg[16]/C","ecc_product_q_reg[136]/CE","other","FDCE=2;LUT4=2;LUT6=1"
769,1.764,5.000,3.025,0.875,2.150,0.711,3,"a_q_reg[16]/C","ecc_product_q_reg[137]/CE","other","FDCE=2;LUT4=2;LUT6=1"
770,1.764,5.000,3.025,0.875,2.150,0.711,3,"a_q_reg[16]/C","ecc_product_q_reg[138]/CE","other","FDCE=2;LUT4=2;LUT6=1"
771,1.764,5.000,3.025,0.875,2.150,0.711,3,"a_q_reg[16]/C","ecc_product_q_reg[139]/CE","other","FDCE=2;LUT4=2;LUT6=1"
772,1.764,5.000,3.025,0.875,2.150,0.711,3,"a_q_reg[16]/C","ecc_product_q_reg[13]/CE","other","FDCE=2;LUT4=2;LUT6=1"
773,1.764,5.000,3.025,0.875,2.150,0.711,3,"a_q_reg[16]/C","ecc_product_q_reg[140]/CE","other","FDCE=2;LUT4=2;LUT6=1"
774,1.764,5.000,3.025,0.875,2.150,0.711,3,"a_q_reg[16]/C","ecc_product_q_reg[141]/CE","other","FDCE=2;LUT4=2;LUT6=1"
775,1.764,5.000,3.025,0.875,2.150,0.711,3,"a_q_reg[16]/C","ecc_product_q_reg[142]/CE","other","FDCE=2;LUT4=2;LUT6=1"
776,1.764,5.000,3.025,0.875,2.150,0.711,3,"a_q_reg[16]/C","ecc_product_q_reg[143]/CE","other","FDCE=2;LUT4=2;LUT6=1"
777,1.764,5.000,3.025,0.875,2.150,0.711,3,"a_q_reg[16]/C","ecc_product_q_reg[144]/CE","other","FDCE=2;LUT4=2;LUT6=1"
778,1.764,5.000,3.025,0.875,2.150,0.711,3,"a_q_reg[16]/C","ecc_product_q_reg[145]/CE","other","FDCE=2;LUT4=2;LUT6=1"
779,1.764,5.000,3.025,0.875,2.150,0.711,3,"a_q_reg[16]/C","ecc_product_q_reg[146]/CE","other","FDCE=2;LUT4=2;LUT6=1"
780,1.764,5.000,3.025,0.875,2.150,0.711,3,"a_q_reg[16]/C","ecc_product_q_reg[147]/CE","other","FDCE=2;LUT4=2;LUT6=1"
781,1.764,5.000,3.025,0.875,2.150,0.711,3,"a_q_reg[16]/C","ecc_product_q_reg[148]/CE","other","FDCE=2;LUT4=2;LUT6=1"
782,1.764,5.000,3.025,0.875,2.150,0.711,3,"a_q_reg[16]/C","ecc_product_q_reg[149]/CE","other","FDCE=2;LUT4=2;LUT6=1"
783,1.764,5.000,3.025,0.875,2.150,0.711,3,"a_q_reg[16]/C","ecc_product_q_reg[14]/CE","other","FDCE=2;LUT4=2;LUT6=1"
784,1.764,5.000,3.025,0.875,2.150,0.711,3,"a_q_reg[16]/C","ecc_product_q_reg[150]/CE","other","FDCE=2;LUT4=2;LUT6=1"
785,1.764,5.000,3.025,0.875,2.150,0.711,3,"a_q_reg[16]/C","ecc_product_q_reg[151]/CE","other","FDCE=2;LUT4=2;LUT6=1"
786,1.764,5.000,3.025,0.875,2.150,0.711,3,"a_q_reg[16]/C","ecc_product_q_reg[152]/CE","other","FDCE=2;LUT4=2;LUT6=1"
787,1.764,5.000,3.025,0.875,2.150,0.711,3,"a_q_reg[16]/C","ecc_product_q_reg[153]/CE","other","FDCE=2;LUT4=2;LUT6=1"
788,1.764,5.000,3.025,0.875,2.150,0.711,3,"a_q_reg[16]/C","ecc_product_q_reg[154]/CE","other","FDCE=2;LUT4=2;LUT6=1"
789,1.764,5.000,3.025,0.875,2.150,0.711,3,"a_q_reg[16]/C","ecc_product_q_reg[155]/CE","other","FDCE=2;LUT4=2;LUT6=1"
790,1.764,5.000,3.025,0.875,2.150,0.711,3,"a_q_reg[16]/C","ecc_product_q_reg[156]/CE","other","FDCE=2;LUT4=2;LUT6=1"
791,1.764,5.000,3.025,0.875,2.150,0.711,3,"a_q_reg[16]/C","ecc_product_q_reg[157]/CE","other","FDCE=2;LUT4=2;LUT6=1"
792,1.764,5.000,3.025,0.875,2.150,0.711,3,"a_q_reg[16]/C","ecc_product_q_reg[158]/CE","other","FDCE=2;LUT4=2;LUT6=1"
793,1.764,5.000,3.025,0.875,2.150,0.711,3,"a_q_reg[16]/C","ecc_product_q_reg[159]/CE","other","FDCE=2;LUT4=2;LUT6=1"
794,1.764,5.000,3.025,0.875,2.150,0.711,3,"a_q_reg[16]/C","ecc_product_q_reg[15]/CE","other","FDCE=2;LUT4=2;LUT6=1"
795,1.764,5.000,3.025,0.875,2.150,0.711,3,"a_q_reg[16]/C","ecc_product_q_reg[160]/CE","other","FDCE=2;LUT4=2;LUT6=1"
796,1.764,5.000,3.025,0.875,2.150,0.711,3,"a_q_reg[16]/C","ecc_product_q_reg[161]/CE","other","FDCE=2;LUT4=2;LUT6=1"
797,1.764,5.000,3.025,0.875,2.150,0.711,3,"a_q_reg[16]/C","ecc_product_q_reg[162]/CE","other","FDCE=2;LUT4=2;LUT6=1"
798,1.764,5.000,3.025,0.875,2.150,0.711,3,"a_q_reg[16]/C","ecc_product_q_reg[163]/CE","other","FDCE=2;LUT4=2;LUT6=1"
799,1.764,5.000,3.025,0.875,2.150,0.711,3,"a_q_reg[16]/C","ecc_product_q_reg[164]/CE","other","FDCE=2;LUT4=2;LUT6=1"
800,1.764,5.000,3.025,0.875,2.150,0.711,3,"a_q_reg[16]/C","ecc_product_q_reg[165]/CE","other","FDCE=2;LUT4=2;LUT6=1"
801,1.764,5.000,3.025,0.875,2.150,0.711,3,"a_q_reg[16]/C","ecc_product_q_reg[166]/CE","other","FDCE=2;LUT4=2;LUT6=1"
802,1.764,5.000,3.025,0.875,2.150,0.711,3,"a_q_reg[16]/C","ecc_product_q_reg[167]/CE","other","FDCE=2;LUT4=2;LUT6=1"
803,1.764,5.000,3.025,0.875,2.150,0.711,3,"a_q_reg[16]/C","ecc_product_q_reg[168]/CE","other","FDCE=2;LUT4=2;LUT6=1"
804,1.764,5.000,3.025,0.875,2.150,0.711,3,"a_q_reg[16]/C","ecc_product_q_reg[169]/CE","other","FDCE=2;LUT4=2;LUT6=1"
805,1.764,5.000,3.025,0.875,2.150,0.711,3,"a_q_reg[16]/C","ecc_product_q_reg[16]/CE","other","FDCE=2;LUT4=2;LUT6=1"
806,1.764,5.000,3.025,0.875,2.150,0.711,3,"a_q_reg[16]/C","ecc_product_q_reg[170]/CE","other","FDCE=2;LUT4=2;LUT6=1"
807,1.764,5.000,3.025,0.875,2.150,0.711,3,"a_q_reg[16]/C","ecc_product_q_reg[171]/CE","other","FDCE=2;LUT4=2;LUT6=1"
808,1.764,5.000,3.025,0.875,2.150,0.711,3,"a_q_reg[16]/C","ecc_product_q_reg[172]/CE","other","FDCE=2;LUT4=2;LUT6=1"
809,1.764,5.000,3.025,0.875,2.150,0.711,3,"a_q_reg[16]/C","ecc_product_q_reg[173]/CE","other","FDCE=2;LUT4=2;LUT6=1"
810,1.764,5.000,3.025,0.875,2.150,0.711,3,"a_q_reg[16]/C","ecc_product_q_reg[174]/CE","other","FDCE=2;LUT4=2;LUT6=1"
811,1.764,5.000,3.025,0.875,2.150,0.711,3,"a_q_reg[16]/C","ecc_product_q_reg[175]/CE","other","FDCE=2;LUT4=2;LUT6=1"
812,1.764,5.000,3.025,0.875,2.150,0.711,3,"a_q_reg[16]/C","ecc_product_q_reg[176]/CE","other","FDCE=2;LUT4=2;LUT6=1"
813,1.764,5.000,3.025,0.875,2.150,0.711,3,"a_q_reg[16]/C","ecc_product_q_reg[177]/CE","other","FDCE=2;LUT4=2;LUT6=1"
814,1.764,5.000,3.025,0.875,2.150,0.711,3,"a_q_reg[16]/C","ecc_product_q_reg[178]/CE","other","FDCE=2;LUT4=2;LUT6=1"
815,1.764,5.000,3.025,0.875,2.150,0.711,3,"a_q_reg[16]/C","ecc_product_q_reg[179]/CE","other","FDCE=2;LUT4=2;LUT6=1"
816,1.764,5.000,3.025,0.875,2.150,0.711,3,"a_q_reg[16]/C","ecc_product_q_reg[17]/CE","other","FDCE=2;LUT4=2;LUT6=1"
817,1.764,5.000,3.025,0.875,2.150,0.711,3,"a_q_reg[16]/C","ecc_product_q_reg[180]/CE","other","FDCE=2;LUT4=2;LUT6=1"
818,1.764,5.000,3.025,0.875,2.150,0.711,3,"a_q_reg[16]/C","ecc_product_q_reg[181]/CE","other","FDCE=2;LUT4=2;LUT6=1"
819,1.764,5.000,3.025,0.875,2.150,0.711,3,"a_q_reg[16]/C","ecc_product_q_reg[182]/CE","other","FDCE=2;LUT4=2;LUT6=1"
820,1.764,5.000,3.025,0.875,2.150,0.711,3,"a_q_reg[16]/C","ecc_product_q_reg[183]/CE","other","FDCE=2;LUT4=2;LUT6=1"
821,1.764,5.000,3.025,0.875,2.150,0.711,3,"a_q_reg[16]/C","ecc_product_q_reg[184]/CE","other","FDCE=2;LUT4=2;LUT6=1"
822,1.764,5.000,3.025,0.875,2.150,0.711,3,"a_q_reg[16]/C","ecc_product_q_reg[185]/CE","other","FDCE=2;LUT4=2;LUT6=1"
823,1.764,5.000,3.025,0.875,2.150,0.711,3,"a_q_reg[16]/C","ecc_product_q_reg[186]/CE","other","FDCE=2;LUT4=2;LUT6=1"
824,1.764,5.000,3.025,0.875,2.150,0.711,3,"a_q_reg[16]/C","ecc_product_q_reg[187]/CE","other","FDCE=2;LUT4=2;LUT6=1"
825,1.764,5.000,3.025,0.875,2.150,0.711,3,"a_q_reg[16]/C","ecc_product_q_reg[188]/CE","other","FDCE=2;LUT4=2;LUT6=1"
826,1.764,5.000,3.025,0.875,2.150,0.711,3,"a_q_reg[16]/C","ecc_product_q_reg[189]/CE","other","FDCE=2;LUT4=2;LUT6=1"
827,1.764,5.000,3.025,0.875,2.150,0.711,3,"a_q_reg[16]/C","ecc_product_q_reg[18]/CE","other","FDCE=2;LUT4=2;LUT6=1"
828,1.764,5.000,3.025,0.875,2.150,0.711,3,"a_q_reg[16]/C","ecc_product_q_reg[190]/CE","other","FDCE=2;LUT4=2;LUT6=1"
829,1.764,5.000,3.025,0.875,2.150,0.711,3,"a_q_reg[16]/C","ecc_product_q_reg[191]/CE","other","FDCE=2;LUT4=2;LUT6=1"
830,1.764,5.000,3.025,0.875,2.150,0.711,3,"a_q_reg[16]/C","ecc_product_q_reg[192]/CE","other","FDCE=2;LUT4=2;LUT6=1"
831,1.764,5.000,3.025,0.875,2.150,0.711,3,"a_q_reg[16]/C","ecc_product_q_reg[193]/CE","other","FDCE=2;LUT4=2;LUT6=1"
832,1.764,5.000,3.025,0.875,2.150,0.711,3,"a_q_reg[16]/C","ecc_product_q_reg[194]/CE","other","FDCE=2;LUT4=2;LUT6=1"
833,1.764,5.000,3.025,0.875,2.150,0.711,3,"a_q_reg[16]/C","ecc_product_q_reg[195]/CE","other","FDCE=2;LUT4=2;LUT6=1"
834,1.764,5.000,3.025,0.875,2.150,0.711,3,"a_q_reg[16]/C","ecc_product_q_reg[196]/CE","other","FDCE=2;LUT4=2;LUT6=1"
835,1.764,5.000,3.025,0.875,2.150,0.711,3,"a_q_reg[16]/C","ecc_product_q_reg[197]/CE","other","FDCE=2;LUT4=2;LUT6=1"
836,1.764,5.000,3.025,0.875,2.150,0.711,3,"a_q_reg[16]/C","ecc_product_q_reg[198]/CE","other","FDCE=2;LUT4=2;LUT6=1"
837,1.764,5.000,3.025,0.875,2.150,0.711,3,"a_q_reg[16]/C","ecc_product_q_reg[199]/CE","other","FDCE=2;LUT4=2;LUT6=1"
838,1.764,5.000,3.025,0.875,2.150,0.711,3,"a_q_reg[16]/C","ecc_product_q_reg[19]/CE","other","FDCE=2;LUT4=2;LUT6=1"
839,1.764,5.000,3.025,0.875,2.150,0.711,3,"a_q_reg[16]/C","ecc_product_q_reg[1]/CE","other","FDCE=2;LUT4=2;LUT6=1"
840,1.764,5.000,3.025,0.875,2.150,0.711,3,"a_q_reg[16]/C","ecc_product_q_reg[200]/CE","other","FDCE=2;LUT4=2;LUT6=1"
841,1.764,5.000,3.025,0.875,2.150,0.711,3,"a_q_reg[16]/C","ecc_product_q_reg[201]/CE","other","FDCE=2;LUT4=2;LUT6=1"
842,1.764,5.000,3.025,0.875,2.150,0.711,3,"a_q_reg[16]/C","ecc_product_q_reg[202]/CE","other","FDCE=2;LUT4=2;LUT6=1"
843,1.764,5.000,3.025,0.875,2.150,0.711,3,"a_q_reg[16]/C","ecc_product_q_reg[203]/CE","other","FDCE=2;LUT4=2;LUT6=1"
844,1.764,5.000,3.025,0.875,2.150,0.711,3,"a_q_reg[16]/C","ecc_product_q_reg[204]/CE","other","FDCE=2;LUT4=2;LUT6=1"
845,1.764,5.000,3.025,0.875,2.150,0.711,3,"a_q_reg[16]/C","ecc_product_q_reg[205]/CE","other","FDCE=2;LUT4=2;LUT6=1"
846,1.764,5.000,3.025,0.875,2.150,0.711,3,"a_q_reg[16]/C","ecc_product_q_reg[206]/CE","other","FDCE=2;LUT4=2;LUT6=1"
847,1.764,5.000,3.025,0.875,2.150,0.711,3,"a_q_reg[16]/C","ecc_product_q_reg[207]/CE","other","FDCE=2;LUT4=2;LUT6=1"
848,1.764,5.000,3.025,0.875,2.150,0.711,3,"a_q_reg[16]/C","ecc_product_q_reg[208]/CE","other","FDCE=2;LUT4=2;LUT6=1"
849,1.764,5.000,3.025,0.875,2.150,0.711,3,"a_q_reg[16]/C","ecc_product_q_reg[209]/CE","other","FDCE=2;LUT4=2;LUT6=1"
850,1.764,5.000,3.025,0.875,2.150,0.711,3,"a_q_reg[16]/C","ecc_product_q_reg[20]/CE","other","FDCE=2;LUT4=2;LUT6=1"
851,1.764,5.000,3.025,0.875,2.150,0.711,3,"a_q_reg[16]/C","ecc_product_q_reg[210]/CE","other","FDCE=2;LUT4=2;LUT6=1"
852,1.764,5.000,3.025,0.875,2.150,0.711,3,"a_q_reg[16]/C","ecc_product_q_reg[211]/CE","other","FDCE=2;LUT4=2;LUT6=1"
853,1.764,5.000,3.025,0.875,2.150,0.711,3,"a_q_reg[16]/C","ecc_product_q_reg[212]/CE","other","FDCE=2;LUT4=2;LUT6=1"
854,1.764,5.000,3.025,0.875,2.150,0.711,3,"a_q_reg[16]/C","ecc_product_q_reg[213]/CE","other","FDCE=2;LUT4=2;LUT6=1"
855,1.764,5.000,3.025,0.875,2.150,0.711,3,"a_q_reg[16]/C","ecc_product_q_reg[214]/CE","other","FDCE=2;LUT4=2;LUT6=1"
856,1.764,5.000,3.025,0.875,2.150,0.711,3,"a_q_reg[16]/C","ecc_product_q_reg[215]/CE","other","FDCE=2;LUT4=2;LUT6=1"
857,1.764,5.000,3.025,0.875,2.150,0.711,3,"a_q_reg[16]/C","ecc_product_q_reg[216]/CE","other","FDCE=2;LUT4=2;LUT6=1"
858,1.764,5.000,3.025,0.875,2.150,0.711,3,"a_q_reg[16]/C","ecc_product_q_reg[217]/CE","other","FDCE=2;LUT4=2;LUT6=1"
859,1.764,5.000,3.025,0.875,2.150,0.711,3,"a_q_reg[16]/C","ecc_product_q_reg[218]/CE","other","FDCE=2;LUT4=2;LUT6=1"
860,1.764,5.000,3.025,0.875,2.150,0.711,3,"a_q_reg[16]/C","ecc_product_q_reg[219]/CE","other","FDCE=2;LUT4=2;LUT6=1"
861,1.764,5.000,3.025,0.875,2.150,0.711,3,"a_q_reg[16]/C","ecc_product_q_reg[21]/CE","other","FDCE=2;LUT4=2;LUT6=1"
862,1.764,5.000,3.025,0.875,2.150,0.711,3,"a_q_reg[16]/C","ecc_product_q_reg[220]/CE","other","FDCE=2;LUT4=2;LUT6=1"
863,1.764,5.000,3.025,0.875,2.150,0.711,3,"a_q_reg[16]/C","ecc_product_q_reg[221]/CE","other","FDCE=2;LUT4=2;LUT6=1"
864,1.764,5.000,3.025,0.875,2.150,0.711,3,"a_q_reg[16]/C","ecc_product_q_reg[222]/CE","other","FDCE=2;LUT4=2;LUT6=1"
865,1.764,5.000,3.025,0.875,2.150,0.711,3,"a_q_reg[16]/C","ecc_product_q_reg[223]/CE","other","FDCE=2;LUT4=2;LUT6=1"
866,1.764,5.000,3.025,0.875,2.150,0.711,3,"a_q_reg[16]/C","ecc_product_q_reg[224]/CE","other","FDCE=2;LUT4=2;LUT6=1"
867,1.764,5.000,3.025,0.875,2.150,0.711,3,"a_q_reg[16]/C","ecc_product_q_reg[225]/CE","other","FDCE=2;LUT4=2;LUT6=1"
868,1.764,5.000,3.025,0.875,2.150,0.711,3,"a_q_reg[16]/C","ecc_product_q_reg[226]/CE","other","FDCE=2;LUT4=2;LUT6=1"
869,1.764,5.000,3.025,0.875,2.150,0.711,3,"a_q_reg[16]/C","ecc_product_q_reg[227]/CE","other","FDCE=2;LUT4=2;LUT6=1"
870,1.764,5.000,3.025,0.875,2.150,0.711,3,"a_q_reg[16]/C","ecc_product_q_reg[228]/CE","other","FDCE=2;LUT4=2;LUT6=1"
871,1.764,5.000,3.025,0.875,2.150,0.711,3,"a_q_reg[16]/C","ecc_product_q_reg[229]/CE","other","FDCE=2;LUT4=2;LUT6=1"
872,1.764,5.000,3.025,0.875,2.150,0.711,3,"a_q_reg[16]/C","ecc_product_q_reg[22]/CE","other","FDCE=2;LUT4=2;LUT6=1"
873,1.764,5.000,3.025,0.875,2.150,0.711,3,"a_q_reg[16]/C","ecc_product_q_reg[230]/CE","other","FDCE=2;LUT4=2;LUT6=1"
874,1.764,5.000,3.025,0.875,2.150,0.711,3,"a_q_reg[16]/C","ecc_product_q_reg[231]/CE","other","FDCE=2;LUT4=2;LUT6=1"
875,1.764,5.000,3.025,0.875,2.150,0.711,3,"a_q_reg[16]/C","ecc_product_q_reg[232]/CE","other","FDCE=2;LUT4=2;LUT6=1"
876,1.764,5.000,3.025,0.875,2.150,0.711,3,"a_q_reg[16]/C","ecc_product_q_reg[233]/CE","other","FDCE=2;LUT4=2;LUT6=1"
877,1.764,5.000,3.025,0.875,2.150,0.711,3,"a_q_reg[16]/C","ecc_product_q_reg[234]/CE","other","FDCE=2;LUT4=2;LUT6=1"
878,1.764,5.000,3.025,0.875,2.150,0.711,3,"a_q_reg[16]/C","ecc_product_q_reg[235]/CE","other","FDCE=2;LUT4=2;LUT6=1"
879,1.764,5.000,3.025,0.875,2.150,0.711,3,"a_q_reg[16]/C","ecc_product_q_reg[236]/CE","other","FDCE=2;LUT4=2;LUT6=1"
880,1.764,5.000,3.025,0.875,2.150,0.711,3,"a_q_reg[16]/C","ecc_product_q_reg[237]/CE","other","FDCE=2;LUT4=2;LUT6=1"
881,1.764,5.000,3.025,0.875,2.150,0.711,3,"a_q_reg[16]/C","ecc_product_q_reg[238]/CE","other","FDCE=2;LUT4=2;LUT6=1"
882,1.764,5.000,3.025,0.875,2.150,0.711,3,"a_q_reg[16]/C","ecc_product_q_reg[239]/CE","other","FDCE=2;LUT4=2;LUT6=1"
883,1.764,5.000,3.025,0.875,2.150,0.711,3,"a_q_reg[16]/C","ecc_product_q_reg[23]/CE","other","FDCE=2;LUT4=2;LUT6=1"
884,1.764,5.000,3.025,0.875,2.150,0.711,3,"a_q_reg[16]/C","ecc_product_q_reg[240]/CE","other","FDCE=2;LUT4=2;LUT6=1"
885,1.764,5.000,3.025,0.875,2.150,0.711,3,"a_q_reg[16]/C","ecc_product_q_reg[241]/CE","other","FDCE=2;LUT4=2;LUT6=1"
886,1.764,5.000,3.025,0.875,2.150,0.711,3,"a_q_reg[16]/C","ecc_product_q_reg[242]/CE","other","FDCE=2;LUT4=2;LUT6=1"
887,1.764,5.000,3.025,0.875,2.150,0.711,3,"a_q_reg[16]/C","ecc_product_q_reg[243]/CE","other","FDCE=2;LUT4=2;LUT6=1"
888,1.764,5.000,3.025,0.875,2.150,0.711,3,"a_q_reg[16]/C","ecc_product_q_reg[244]/CE","other","FDCE=2;LUT4=2;LUT6=1"
889,1.764,5.000,3.025,0.875,2.150,0.711,3,"a_q_reg[16]/C","ecc_product_q_reg[245]/CE","other","FDCE=2;LUT4=2;LUT6=1"
890,1.764,5.000,3.025,0.875,2.150,0.711,3,"a_q_reg[16]/C","ecc_product_q_reg[246]/CE","other","FDCE=2;LUT4=2;LUT6=1"
891,1.764,5.000,3.025,0.875,2.150,0.711,3,"a_q_reg[16]/C","ecc_product_q_reg[247]/CE","other","FDCE=2;LUT4=2;LUT6=1"
892,1.764,5.000,3.025,0.875,2.150,0.711,3,"a_q_reg[16]/C","ecc_product_q_reg[248]/CE","other","FDCE=2;LUT4=2;LUT6=1"
893,1.764,5.000,3.025,0.875,2.150,0.711,3,"a_q_reg[16]/C","ecc_product_q_reg[249]/CE","other","FDCE=2;LUT4=2;LUT6=1"
894,1.764,5.000,3.025,0.875,2.150,0.711,3,"a_q_reg[16]/C","ecc_product_q_reg[24]/CE","other","FDCE=2;LUT4=2;LUT6=1"
895,1.764,5.000,3.025,0.875,2.150,0.711,3,"a_q_reg[16]/C","ecc_product_q_reg[250]/CE","other","FDCE=2;LUT4=2;LUT6=1"
896,1.764,5.000,3.025,0.875,2.150,0.711,3,"a_q_reg[16]/C","ecc_product_q_reg[251]/CE","other","FDCE=2;LUT4=2;LUT6=1"
897,1.764,5.000,3.025,0.875,2.150,0.711,3,"a_q_reg[16]/C","ecc_product_q_reg[252]/CE","other","FDCE=2;LUT4=2;LUT6=1"
898,1.764,5.000,3.025,0.875,2.150,0.711,3,"a_q_reg[16]/C","ecc_product_q_reg[253]/CE","other","FDCE=2;LUT4=2;LUT6=1"
899,1.764,5.000,3.025,0.875,2.150,0.711,3,"a_q_reg[16]/C","ecc_product_q_reg[254]/CE","other","FDCE=2;LUT4=2;LUT6=1"
900,1.764,5.000,3.025,0.875,2.150,0.711,3,"a_q_reg[16]/C","ecc_product_q_reg[255]/CE","other","FDCE=2;LUT4=2;LUT6=1"
901,1.764,5.000,3.025,0.875,2.150,0.711,3,"a_q_reg[16]/C","ecc_product_q_reg[256]/CE","other","FDCE=2;LUT4=2;LUT6=1"
902,1.764,5.000,3.025,0.875,2.150,0.711,3,"a_q_reg[16]/C","ecc_product_q_reg[257]/CE","other","FDCE=2;LUT4=2;LUT6=1"
903,1.764,5.000,3.025,0.875,2.150,0.711,3,"a_q_reg[16]/C","ecc_product_q_reg[258]/CE","other","FDCE=2;LUT4=2;LUT6=1"
904,1.764,5.000,3.025,0.875,2.150,0.711,3,"a_q_reg[16]/C","ecc_product_q_reg[259]/CE","other","FDCE=2;LUT4=2;LUT6=1"
905,1.764,5.000,3.025,0.875,2.150,0.711,3,"a_q_reg[16]/C","ecc_product_q_reg[25]/CE","other","FDCE=2;LUT4=2;LUT6=1"
906,1.764,5.000,3.025,0.875,2.150,0.711,3,"a_q_reg[16]/C","ecc_product_q_reg[260]/CE","other","FDCE=2;LUT4=2;LUT6=1"
907,1.764,5.000,3.025,0.875,2.150,0.711,3,"a_q_reg[16]/C","ecc_product_q_reg[261]/CE","other","FDCE=2;LUT4=2;LUT6=1"
908,1.764,5.000,3.025,0.875,2.150,0.711,3,"a_q_reg[16]/C","ecc_product_q_reg[262]/CE","other","FDCE=2;LUT4=2;LUT6=1"
909,1.764,5.000,3.025,0.875,2.150,0.711,3,"a_q_reg[16]/C","ecc_product_q_reg[263]/CE","other","FDCE=2;LUT4=2;LUT6=1"
910,1.764,5.000,3.025,0.875,2.150,0.711,3,"a_q_reg[16]/C","ecc_product_q_reg[264]/CE","other","FDCE=2;LUT4=2;LUT6=1"
911,1.764,5.000,3.025,0.875,2.150,0.711,3,"a_q_reg[16]/C","ecc_product_q_reg[265]/CE","other","FDCE=2;LUT4=2;LUT6=1"
912,1.764,5.000,3.025,0.875,2.150,0.711,3,"a_q_reg[16]/C","ecc_product_q_reg[266]/CE","other","FDCE=2;LUT4=2;LUT6=1"
913,1.764,5.000,3.025,0.875,2.150,0.711,3,"a_q_reg[16]/C","ecc_product_q_reg[267]/CE","other","FDCE=2;LUT4=2;LUT6=1"
914,1.764,5.000,3.025,0.875,2.150,0.711,3,"a_q_reg[16]/C","ecc_product_q_reg[268]/CE","other","FDCE=2;LUT4=2;LUT6=1"
915,1.764,5.000,3.025,0.875,2.150,0.711,3,"a_q_reg[16]/C","ecc_product_q_reg[269]/CE","other","FDCE=2;LUT4=2;LUT6=1"
916,1.764,5.000,3.025,0.875,2.150,0.711,3,"a_q_reg[16]/C","ecc_product_q_reg[26]/CE","other","FDCE=2;LUT4=2;LUT6=1"
917,1.764,5.000,3.025,0.875,2.150,0.711,3,"a_q_reg[16]/C","ecc_product_q_reg[270]/CE","other","FDCE=2;LUT4=2;LUT6=1"
918,1.764,5.000,3.025,0.875,2.150,0.711,3,"a_q_reg[16]/C","ecc_product_q_reg[271]/CE","other","FDCE=2;LUT4=2;LUT6=1"
919,1.764,5.000,3.025,0.875,2.150,0.711,3,"a_q_reg[16]/C","ecc_product_q_reg[272]/CE","other","FDCE=2;LUT4=2;LUT6=1"
920,1.764,5.000,3.025,0.875,2.150,0.711,3,"a_q_reg[16]/C","ecc_product_q_reg[273]/CE","other","FDCE=2;LUT4=2;LUT6=1"
921,1.764,5.000,3.025,0.875,2.150,0.711,3,"a_q_reg[16]/C","ecc_product_q_reg[274]/CE","other","FDCE=2;LUT4=2;LUT6=1"
922,1.764,5.000,3.025,0.875,2.150,0.711,3,"a_q_reg[16]/C","ecc_product_q_reg[275]/CE","other","FDCE=2;LUT4=2;LUT6=1"
923,1.764,5.000,3.025,0.875,2.150,0.711,3,"a_q_reg[16]/C","ecc_product_q_reg[276]/CE","other","FDCE=2;LUT4=2;LUT6=1"
924,1.764,5.000,3.025,0.875,2.150,0.711,3,"a_q_reg[16]/C","ecc_product_q_reg[277]/CE","other","FDCE=2;LUT4=2;LUT6=1"
925,1.764,5.000,3.025,0.875,2.150,0.711,3,"a_q_reg[16]/C","ecc_product_q_reg[278]/CE","other","FDCE=2;LUT4=2;LUT6=1"
926,1.764,5.000,3.025,0.875,2.150,0.711,3,"a_q_reg[16]/C","ecc_product_q_reg[279]/CE","other","FDCE=2;LUT4=2;LUT6=1"
927,1.764,5.000,3.025,0.875,2.150,0.711,3,"a_q_reg[16]/C","ecc_product_q_reg[27]/CE","other","FDCE=2;LUT4=2;LUT6=1"
928,1.764,5.000,3.025,0.875,2.150,0.711,3,"a_q_reg[16]/C","ecc_product_q_reg[280]/CE","other","FDCE=2;LUT4=2;LUT6=1"
929,1.764,5.000,3.025,0.875,2.150,0.711,3,"a_q_reg[16]/C","ecc_product_q_reg[281]/CE","other","FDCE=2;LUT4=2;LUT6=1"
930,1.764,5.000,3.025,0.875,2.150,0.711,3,"a_q_reg[16]/C","ecc_product_q_reg[282]/CE","other","FDCE=2;LUT4=2;LUT6=1"
931,1.764,5.000,3.025,0.875,2.150,0.711,3,"a_q_reg[16]/C","ecc_product_q_reg[283]/CE","other","FDCE=2;LUT4=2;LUT6=1"
932,1.764,5.000,3.025,0.875,2.150,0.711,3,"a_q_reg[16]/C","ecc_product_q_reg[284]/CE","other","FDCE=2;LUT4=2;LUT6=1"
933,1.764,5.000,3.025,0.875,2.150,0.711,3,"a_q_reg[16]/C","ecc_product_q_reg[285]/CE","other","FDCE=2;LUT4=2;LUT6=1"
934,1.764,5.000,3.025,0.875,2.150,0.711,3,"a_q_reg[16]/C","ecc_product_q_reg[286]/CE","other","FDCE=2;LUT4=2;LUT6=1"
935,1.764,5.000,3.025,0.875,2.150,0.711,3,"a_q_reg[16]/C","ecc_product_q_reg[287]/CE","other","FDCE=2;LUT4=2;LUT6=1"
936,1.764,5.000,3.025,0.875,2.150,0.711,3,"a_q_reg[16]/C","ecc_product_q_reg[288]/CE","other","FDCE=2;LUT4=2;LUT6=1"
937,1.764,5.000,3.025,0.875,2.150,0.711,3,"a_q_reg[16]/C","ecc_product_q_reg[289]/CE","other","FDCE=2;LUT4=2;LUT6=1"
938,1.764,5.000,3.025,0.875,2.150,0.711,3,"a_q_reg[16]/C","ecc_product_q_reg[28]/CE","other","FDCE=2;LUT4=2;LUT6=1"
939,1.764,5.000,3.025,0.875,2.150,0.711,3,"a_q_reg[16]/C","ecc_product_q_reg[290]/CE","other","FDCE=2;LUT4=2;LUT6=1"
940,1.764,5.000,3.025,0.875,2.150,0.711,3,"a_q_reg[16]/C","ecc_product_q_reg[291]/CE","other","FDCE=2;LUT4=2;LUT6=1"
941,1.764,5.000,3.025,0.875,2.150,0.711,3,"a_q_reg[16]/C","ecc_product_q_reg[292]/CE","other","FDCE=2;LUT4=2;LUT6=1"
942,1.764,5.000,3.025,0.875,2.150,0.711,3,"a_q_reg[16]/C","ecc_product_q_reg[293]/CE","other","FDCE=2;LUT4=2;LUT6=1"
943,1.764,5.000,3.025,0.875,2.150,0.711,3,"a_q_reg[16]/C","ecc_product_q_reg[294]/CE","other","FDCE=2;LUT4=2;LUT6=1"
944,1.764,5.000,3.025,0.875,2.150,0.711,3,"a_q_reg[16]/C","ecc_product_q_reg[295]/CE","other","FDCE=2;LUT4=2;LUT6=1"
945,1.764,5.000,3.025,0.875,2.150,0.711,3,"a_q_reg[16]/C","ecc_product_q_reg[296]/CE","other","FDCE=2;LUT4=2;LUT6=1"
946,1.764,5.000,3.025,0.875,2.150,0.711,3,"a_q_reg[16]/C","ecc_product_q_reg[297]/CE","other","FDCE=2;LUT4=2;LUT6=1"
947,1.764,5.000,3.025,0.875,2.150,0.711,3,"a_q_reg[16]/C","ecc_product_q_reg[298]/CE","other","FDCE=2;LUT4=2;LUT6=1"
948,1.764,5.000,3.025,0.875,2.150,0.711,3,"a_q_reg[16]/C","ecc_product_q_reg[299]/CE","other","FDCE=2;LUT4=2;LUT6=1"
949,1.764,5.000,3.025,0.875,2.150,0.711,3,"a_q_reg[16]/C","ecc_product_q_reg[29]/CE","other","FDCE=2;LUT4=2;LUT6=1"
950,1.764,5.000,3.025,0.875,2.150,0.711,3,"a_q_reg[16]/C","ecc_product_q_reg[2]/CE","other","FDCE=2;LUT4=2;LUT6=1"
951,1.764,5.000,3.025,0.875,2.150,0.711,3,"a_q_reg[16]/C","ecc_product_q_reg[300]/CE","other","FDCE=2;LUT4=2;LUT6=1"
952,1.764,5.000,3.025,0.875,2.150,0.711,3,"a_q_reg[16]/C","ecc_product_q_reg[301]/CE","other","FDCE=2;LUT4=2;LUT6=1"
953,1.764,5.000,3.025,0.875,2.150,0.711,3,"a_q_reg[16]/C","ecc_product_q_reg[302]/CE","other","FDCE=2;LUT4=2;LUT6=1"
954,1.764,5.000,3.025,0.875,2.150,0.711,3,"a_q_reg[16]/C","ecc_product_q_reg[303]/CE","other","FDCE=2;LUT4=2;LUT6=1"
955,1.764,5.000,3.025,0.875,2.150,0.711,3,"a_q_reg[16]/C","ecc_product_q_reg[304]/CE","other","FDCE=2;LUT4=2;LUT6=1"
956,1.764,5.000,3.025,0.875,2.150,0.711,3,"a_q_reg[16]/C","ecc_product_q_reg[305]/CE","other","FDCE=2;LUT4=2;LUT6=1"
957,1.764,5.000,3.025,0.875,2.150,0.711,3,"a_q_reg[16]/C","ecc_product_q_reg[306]/CE","other","FDCE=2;LUT4=2;LUT6=1"
958,1.764,5.000,3.025,0.875,2.150,0.711,3,"a_q_reg[16]/C","ecc_product_q_reg[307]/CE","other","FDCE=2;LUT4=2;LUT6=1"
959,1.764,5.000,3.025,0.875,2.150,0.711,3,"a_q_reg[16]/C","ecc_product_q_reg[308]/CE","other","FDCE=2;LUT4=2;LUT6=1"
960,1.764,5.000,3.025,0.875,2.150,0.711,3,"a_q_reg[16]/C","ecc_product_q_reg[309]/CE","other","FDCE=2;LUT4=2;LUT6=1"
961,1.764,5.000,3.025,0.875,2.150,0.711,3,"a_q_reg[16]/C","ecc_product_q_reg[30]/CE","other","FDCE=2;LUT4=2;LUT6=1"
962,1.764,5.000,3.025,0.875,2.150,0.711,3,"a_q_reg[16]/C","ecc_product_q_reg[310]/CE","other","FDCE=2;LUT4=2;LUT6=1"
963,1.764,5.000,3.025,0.875,2.150,0.711,3,"a_q_reg[16]/C","ecc_product_q_reg[311]/CE","other","FDCE=2;LUT4=2;LUT6=1"
964,1.764,5.000,3.025,0.875,2.150,0.711,3,"a_q_reg[16]/C","ecc_product_q_reg[312]/CE","other","FDCE=2;LUT4=2;LUT6=1"
965,1.764,5.000,3.025,0.875,2.150,0.711,3,"a_q_reg[16]/C","ecc_product_q_reg[313]/CE","other","FDCE=2;LUT4=2;LUT6=1"
966,1.764,5.000,3.025,0.875,2.150,0.711,3,"a_q_reg[16]/C","ecc_product_q_reg[314]/CE","other","FDCE=2;LUT4=2;LUT6=1"
967,1.764,5.000,3.025,0.875,2.150,0.711,3,"a_q_reg[16]/C","ecc_product_q_reg[315]/CE","other","FDCE=2;LUT4=2;LUT6=1"
968,1.764,5.000,3.025,0.875,2.150,0.711,3,"a_q_reg[16]/C","ecc_product_q_reg[316]/CE","other","FDCE=2;LUT4=2;LUT6=1"
969,1.764,5.000,3.025,0.875,2.150,0.711,3,"a_q_reg[16]/C","ecc_product_q_reg[317]/CE","other","FDCE=2;LUT4=2;LUT6=1"
970,1.764,5.000,3.025,0.875,2.150,0.711,3,"a_q_reg[16]/C","ecc_product_q_reg[318]/CE","other","FDCE=2;LUT4=2;LUT6=1"
971,1.764,5.000,3.025,0.875,2.150,0.711,3,"a_q_reg[16]/C","ecc_product_q_reg[319]/CE","other","FDCE=2;LUT4=2;LUT6=1"
972,1.764,5.000,3.025,0.875,2.150,0.711,3,"a_q_reg[16]/C","ecc_product_q_reg[31]/CE","other","FDCE=2;LUT4=2;LUT6=1"
973,1.764,5.000,3.025,0.875,2.150,0.711,3,"a_q_reg[16]/C","ecc_product_q_reg[320]/CE","other","FDCE=2;LUT4=2;LUT6=1"
974,1.764,5.000,3.025,0.875,2.150,0.711,3,"a_q_reg[16]/C","ecc_product_q_reg[321]/CE","other","FDCE=2;LUT4=2;LUT6=1"
975,1.764,5.000,3.025,0.875,2.150,0.711,3,"a_q_reg[16]/C","ecc_product_q_reg[322]/CE","other","FDCE=2;LUT4=2;LUT6=1"
976,1.764,5.000,3.025,0.875,2.150,0.711,3,"a_q_reg[16]/C","ecc_product_q_reg[323]/CE","other","FDCE=2;LUT4=2;LUT6=1"
977,1.764,5.000,3.025,0.875,2.150,0.711,3,"a_q_reg[16]/C","ecc_product_q_reg[324]/CE","other","FDCE=2;LUT4=2;LUT6=1"
978,1.764,5.000,3.025,0.875,2.150,0.711,3,"a_q_reg[16]/C","ecc_product_q_reg[325]/CE","other","FDCE=2;LUT4=2;LUT6=1"
979,1.764,5.000,3.025,0.875,2.150,0.711,3,"a_q_reg[16]/C","ecc_product_q_reg[326]/CE","other","FDCE=2;LUT4=2;LUT6=1"
980,1.764,5.000,3.025,0.875,2.150,0.711,3,"a_q_reg[16]/C","ecc_product_q_reg[327]/CE","other","FDCE=2;LUT4=2;LUT6=1"
981,1.764,5.000,3.025,0.875,2.150,0.711,3,"a_q_reg[16]/C","ecc_product_q_reg[328]/CE","other","FDCE=2;LUT4=2;LUT6=1"
982,1.764,5.000,3.025,0.875,2.150,0.711,3,"a_q_reg[16]/C","ecc_product_q_reg[329]/CE","other","FDCE=2;LUT4=2;LUT6=1"
983,1.764,5.000,3.025,0.875,2.150,0.711,3,"a_q_reg[16]/C","ecc_product_q_reg[32]/CE","other","FDCE=2;LUT4=2;LUT6=1"
984,1.764,5.000,3.025,0.875,2.150,0.711,3,"a_q_reg[16]/C","ecc_product_q_reg[330]/CE","other","FDCE=2;LUT4=2;LUT6=1"
985,1.764,5.000,3.025,0.875,2.150,0.711,3,"a_q_reg[16]/C","ecc_product_q_reg[331]/CE","other","FDCE=2;LUT4=2;LUT6=1"
986,1.764,5.000,3.025,0.875,2.150,0.711,3,"a_q_reg[16]/C","ecc_product_q_reg[332]/CE","other","FDCE=2;LUT4=2;LUT6=1"
987,1.764,5.000,3.025,0.875,2.150,0.711,3,"a_q_reg[16]/C","ecc_product_q_reg[333]/CE","other","FDCE=2;LUT4=2;LUT6=1"
988,1.764,5.000,3.025,0.875,2.150,0.711,3,"a_q_reg[16]/C","ecc_product_q_reg[334]/CE","other","FDCE=2;LUT4=2;LUT6=1"
989,1.764,5.000,3.025,0.875,2.150,0.711,3,"a_q_reg[16]/C","ecc_product_q_reg[335]/CE","other","FDCE=2;LUT4=2;LUT6=1"
990,1.764,5.000,3.025,0.875,2.150,0.711,3,"a_q_reg[16]/C","ecc_product_q_reg[336]/CE","other","FDCE=2;LUT4=2;LUT6=1"
991,1.764,5.000,3.025,0.875,2.150,0.711,3,"a_q_reg[16]/C","ecc_product_q_reg[337]/CE","other","FDCE=2;LUT4=2;LUT6=1"
992,1.764,5.000,3.025,0.875,2.150,0.711,3,"a_q_reg[16]/C","ecc_product_q_reg[338]/CE","other","FDCE=2;LUT4=2;LUT6=1"
993,1.764,5.000,3.025,0.875,2.150,0.711,3,"a_q_reg[16]/C","ecc_product_q_reg[339]/CE","other","FDCE=2;LUT4=2;LUT6=1"
994,1.764,5.000,3.025,0.875,2.150,0.711,3,"a_q_reg[16]/C","ecc_product_q_reg[33]/CE","other","FDCE=2;LUT4=2;LUT6=1"
995,1.764,5.000,3.025,0.875,2.150,0.711,3,"a_q_reg[16]/C","ecc_product_q_reg[340]/CE","other","FDCE=2;LUT4=2;LUT6=1"
996,1.764,5.000,3.025,0.875,2.150,0.711,3,"a_q_reg[16]/C","ecc_product_q_reg[341]/CE","other","FDCE=2;LUT4=2;LUT6=1"
997,1.764,5.000,3.025,0.875,2.150,0.711,3,"a_q_reg[16]/C","ecc_product_q_reg[342]/CE","other","FDCE=2;LUT4=2;LUT6=1"
998,1.764,5.000,3.025,0.875,2.150,0.711,3,"a_q_reg[16]/C","ecc_product_q_reg[343]/CE","other","FDCE=2;LUT4=2;LUT6=1"
999,1.764,5.000,3.025,0.875,2.150,0.711,3,"a_q_reg[16]/C","ecc_product_q_reg[344]/CE","other","FDCE=2;LUT4=2;LUT6=1"
1000,1.764,5.000,3.025,0.875,2.150,0.711,3,"a_q_reg[16]/C","ecc_product_q_reg[345]/CE","other","FDCE=2;LUT4=2;LUT6=1"
