Copyright 1986-2022 Xilinx, Inc. All Rights Reserved. Copyright 2022-2024 Advanced Micro Devices, Inc. All Rights Reserved.
-----------------------------------------------------------------------------------------------------------------------------------------------------------------------------------------------------------------------------------------------
| Tool Version : Vivado v.2024.2 (win64) Build 5239630 Fri Nov 08 22:35:27 MST 2024
| Date         : Sat Jun  6 17:16:27 2026
| Host         : WIN-20240824NZS running 64-bit major release  (build 9200)
| Command      : report_timing -delay_type max -sort_by slack -max_paths 50 -nworst 1 -to {i_vrf/lane_result_q[3][62]_i_6/I4} -file E:/HDEC/cva6-vhdc-core/reports/vivado/ooc_hdec_timing_atlas_e0925738/150mhz/groups/09_control_CE_top50.rpt
| Design       : hdec_top
| Device       : 7z020-clg400
| Speed File   : -2  PRODUCTION 1.12 2019-11-22
| Design State : Synthesized
-----------------------------------------------------------------------------------------------------------------------------------------------------------------------------------------------------------------------------------------------

Timing Report

Slack (MET) :             0.126ns  (required time - arrival time)
  Source:                 hsim_total_q_reg[0]/C
                            (rising edge-triggered cell FDCE clocked by clk_i  {rise@0.000ns fall@3.333ns period=6.667ns})
  Destination:            hmatch_best_dist_q_reg[0]/CE
                            (rising edge-triggered cell FDCE clocked by clk_i  {rise@0.000ns fall@3.333ns period=6.667ns})
  Path Group:             clk_i
  Path Type:              Setup (Max at Slow Process Corner)
  Requirement:            6.667ns  (clk_i rise@6.667ns - clk_i rise@0.000ns)
  Data Path Delay:        6.330ns  (logic 3.206ns (50.648%)  route 3.124ns (49.352%))
  Logic Levels:           9  (CARRY4=5 LUT3=2 LUT4=1 LUT6=1)
  Clock Path Skew:        -0.039ns (DCD - SCD + CPR)
    Destination Clock Delay (DCD):    0.748ns = ( 7.415 - 6.667 ) 
    Source Clock Delay      (SCD):    0.787ns
    Clock Pessimism Removal (CPR):    0.000ns
  Clock Uncertainty:      0.035ns  ((TSJ^2 + TIJ^2)^1/2 + DJ) / 2 + PE
    Total System Jitter     (TSJ):    0.071ns
    Total Input Jitter      (TIJ):    0.000ns
    Discrete Jitter          (DJ):    0.000ns
    Phase Error              (PE):    0.000ns

    Location             Delay type                Incr(ns)  Path(ns)    Netlist Resource(s)
  -------------------------------------------------------------------    -------------------
                         (clock clk_i rise edge)      0.000     0.000 r  
                                                      0.000     0.000 r  clk_i (IN)
                         net (fo=2875, unset)         0.787     0.787    clk_i
                         FDCE                                         r  hsim_total_q_reg[0]/C
  -------------------------------------------------------------------    -------------------
                         FDCE (Prop_fdce_C_Q)         0.433     1.220 r  hsim_total_q_reg[0]/Q
                         net (fo=4, unplaced)         0.623     1.843    hsim_total_q[0]
                         LUT3 (Prop_lut3_I0_O)        0.232     2.075 r  hsim_total_q[7]_i_21/O
                         net (fo=1, unplaced)         0.537     2.612    hsim_total_q[7]_i_21_n_0
                         CARRY4 (Prop_carry4_DI[1]_CO[3])
                                                      0.430     3.042 r  hsim_total_q_reg[7]_i_11/CO[3]
                         net (fo=1, unplaced)         0.008     3.050    hsim_total_q_reg[7]_i_11_n_0
                         CARRY4 (Prop_carry4_CI_O[0])
                                                      0.189     3.239 r  hsim_total_q_reg[7]_i_3/O[0]
                         net (fo=3, unplaced)         0.258     3.497    hsim_total_q_reg[7]_i_3_n_7
                         LUT3 (Prop_lut3_I2_O)        0.238     3.735 r  hsim_total_q[7]_i_5/O
                         net (fo=1, unplaced)         0.537     4.272    hsim_total_q[7]_i_5_n_0
                         CARRY4 (Prop_carry4_DI[1]_CO[3])
                                                      0.430     4.702 r  hsim_total_q_reg[7]_i_2/CO[3]
                         net (fo=1, unplaced)         0.000     4.702    hsim_total_q_reg[7]_i_2_n_0
                         CARRY4 (Prop_carry4_CI_O[1])
                                                      0.269     4.971 f  hsim_total_q_reg[10]_i_3/O[1]
                         net (fo=4, unplaced)         0.496     5.467    in172[9]
                         LUT4 (Prop_lut4_I0_O)        0.265     5.732 r  hmatch_best_dist_q[10]_i_7/O
                         net (fo=1, unplaced)         0.000     5.732    hmatch_best_dist_q[10]_i_7_n_0
                         CARRY4 (Prop_carry4_DI[0]_CO[1])
                                                      0.443     6.175 r  hmatch_best_dist_q_reg[10]_i_3/CO[1]
                         net (fo=1, unplaced)         0.240     6.415    hmatch_best_dist_q_reg[10]_i_3_n_2
                         LUT6 (Prop_lut6_I3_O)        0.277     6.692 r  hmatch_best_dist_q[10]_i_1/O
                         net (fo=19, unplaced)        0.425     7.117    hmatch_best_dist_q[10]_i_1_n_0
                         FDCE                                         r  hmatch_best_dist_q_reg[0]/CE
  -------------------------------------------------------------------    -------------------

                         (clock clk_i rise edge)      6.667     6.667 r  
                                                      0.000     6.667 r  clk_i (IN)
                         net (fo=2875, unset)         0.748     7.415    clk_i
                         FDCE                                         r  hmatch_best_dist_q_reg[0]/C
                         clock pessimism              0.000     7.415    
                         clock uncertainty           -0.035     7.379    
                         FDCE (Setup_fdce_C_CE)      -0.136     7.243    hmatch_best_dist_q_reg[0]
  -------------------------------------------------------------------
                         required time                          7.243    
                         arrival time                          -7.117    
  -------------------------------------------------------------------
                         slack                                  0.126    

Slack (MET) :             0.126ns  (required time - arrival time)
  Source:                 hsim_total_q_reg[0]/C
                            (rising edge-triggered cell FDCE clocked by clk_i  {rise@0.000ns fall@3.333ns period=6.667ns})
  Destination:            hmatch_best_dist_q_reg[10]/CE
                            (rising edge-triggered cell FDCE clocked by clk_i  {rise@0.000ns fall@3.333ns period=6.667ns})
  Path Group:             clk_i
  Path Type:              Setup (Max at Slow Process Corner)
  Requirement:            6.667ns  (clk_i rise@6.667ns - clk_i rise@0.000ns)
  Data Path Delay:        6.330ns  (logic 3.206ns (50.648%)  route 3.124ns (49.352%))
  Logic Levels:           9  (CARRY4=5 LUT3=2 LUT4=1 LUT6=1)
  Clock Path Skew:        -0.039ns (DCD - SCD + CPR)
    Destination Clock Delay (DCD):    0.748ns = ( 7.415 - 6.667 ) 
    Source Clock Delay      (SCD):    0.787ns
    Clock Pessimism Removal (CPR):    0.000ns
  Clock Uncertainty:      0.035ns  ((TSJ^2 + TIJ^2)^1/2 + DJ) / 2 + PE
    Total System Jitter     (TSJ):    0.071ns
    Total Input Jitter      (TIJ):    0.000ns
    Discrete Jitter          (DJ):    0.000ns
    Phase Error              (PE):    0.000ns

    Location             Delay type                Incr(ns)  Path(ns)    Netlist Resource(s)
  -------------------------------------------------------------------    -------------------
                         (clock clk_i rise edge)      0.000     0.000 r  
                                                      0.000     0.000 r  clk_i (IN)
                         net (fo=2875, unset)         0.787     0.787    clk_i
                         FDCE                                         r  hsim_total_q_reg[0]/C
  -------------------------------------------------------------------    -------------------
                         FDCE (Prop_fdce_C_Q)         0.433     1.220 r  hsim_total_q_reg[0]/Q
                         net (fo=4, unplaced)         0.623     1.843    hsim_total_q[0]
                         LUT3 (Prop_lut3_I0_O)        0.232     2.075 r  hsim_total_q[7]_i_21/O
                         net (fo=1, unplaced)         0.537     2.612    hsim_total_q[7]_i_21_n_0
                         CARRY4 (Prop_carry4_DI[1]_CO[3])
                                                      0.430     3.042 r  hsim_total_q_reg[7]_i_11/CO[3]
                         net (fo=1, unplaced)         0.008     3.050    hsim_total_q_reg[7]_i_11_n_0
                         CARRY4 (Prop_carry4_CI_O[0])
                                                      0.189     3.239 r  hsim_total_q_reg[7]_i_3/O[0]
                         net (fo=3, unplaced)         0.258     3.497    hsim_total_q_reg[7]_i_3_n_7
                         LUT3 (Prop_lut3_I2_O)        0.238     3.735 r  hsim_total_q[7]_i_5/O
                         net (fo=1, unplaced)         0.537     4.272    hsim_total_q[7]_i_5_n_0
                         CARRY4 (Prop_carry4_DI[1]_CO[3])
                                                      0.430     4.702 r  hsim_total_q_reg[7]_i_2/CO[3]
                         net (fo=1, unplaced)         0.000     4.702    hsim_total_q_reg[7]_i_2_n_0
                         CARRY4 (Prop_carry4_CI_O[1])
                                                      0.269     4.971 f  hsim_total_q_reg[10]_i_3/O[1]
                         net (fo=4, unplaced)         0.496     5.467    in172[9]
                         LUT4 (Prop_lut4_I0_O)        0.265     5.732 r  hmatch_best_dist_q[10]_i_7/O
                         net (fo=1, unplaced)         0.000     5.732    hmatch_best_dist_q[10]_i_7_n_0
                         CARRY4 (Prop_carry4_DI[0]_CO[1])
                                                      0.443     6.175 r  hmatch_best_dist_q_reg[10]_i_3/CO[1]
                         net (fo=1, unplaced)         0.240     6.415    hmatch_best_dist_q_reg[10]_i_3_n_2
                         LUT6 (Prop_lut6_I3_O)        0.277     6.692 r  hmatch_best_dist_q[10]_i_1/O
                         net (fo=19, unplaced)        0.425     7.117    hmatch_best_dist_q[10]_i_1_n_0
                         FDCE                                         r  hmatch_best_dist_q_reg[10]/CE
  -------------------------------------------------------------------    -------------------

                         (clock clk_i rise edge)      6.667     6.667 r  
                                                      0.000     6.667 r  clk_i (IN)
                         net (fo=2875, unset)         0.748     7.415    clk_i
                         FDCE                                         r  hmatch_best_dist_q_reg[10]/C
                         clock pessimism              0.000     7.415    
                         clock uncertainty           -0.035     7.379    
                         FDCE (Setup_fdce_C_CE)      -0.136     7.243    hmatch_best_dist_q_reg[10]
  -------------------------------------------------------------------
                         required time                          7.243    
                         arrival time                          -7.117    
  -------------------------------------------------------------------
                         slack                                  0.126    

Slack (MET) :             0.126ns  (required time - arrival time)
  Source:                 hsim_total_q_reg[0]/C
                            (rising edge-triggered cell FDCE clocked by clk_i  {rise@0.000ns fall@3.333ns period=6.667ns})
  Destination:            hmatch_best_dist_q_reg[1]/CE
                            (rising edge-triggered cell FDCE clocked by clk_i  {rise@0.000ns fall@3.333ns period=6.667ns})
  Path Group:             clk_i
  Path Type:              Setup (Max at Slow Process Corner)
  Requirement:            6.667ns  (clk_i rise@6.667ns - clk_i rise@0.000ns)
  Data Path Delay:        6.330ns  (logic 3.206ns (50.648%)  route 3.124ns (49.352%))
  Logic Levels:           9  (CARRY4=5 LUT3=2 LUT4=1 LUT6=1)
  Clock Path Skew:        -0.039ns (DCD - SCD + CPR)
    Destination Clock Delay (DCD):    0.748ns = ( 7.415 - 6.667 ) 
    Source Clock Delay      (SCD):    0.787ns
    Clock Pessimism Removal (CPR):    0.000ns
  Clock Uncertainty:      0.035ns  ((TSJ^2 + TIJ^2)^1/2 + DJ) / 2 + PE
    Total System Jitter     (TSJ):    0.071ns
    Total Input Jitter      (TIJ):    0.000ns
    Discrete Jitter          (DJ):    0.000ns
    Phase Error              (PE):    0.000ns

    Location             Delay type                Incr(ns)  Path(ns)    Netlist Resource(s)
  -------------------------------------------------------------------    -------------------
                         (clock clk_i rise edge)      0.000     0.000 r  
                                                      0.000     0.000 r  clk_i (IN)
                         net (fo=2875, unset)         0.787     0.787    clk_i
                         FDCE                                         r  hsim_total_q_reg[0]/C
  -------------------------------------------------------------------    -------------------
                         FDCE (Prop_fdce_C_Q)         0.433     1.220 r  hsim_total_q_reg[0]/Q
                         net (fo=4, unplaced)         0.623     1.843    hsim_total_q[0]
                         LUT3 (Prop_lut3_I0_O)        0.232     2.075 r  hsim_total_q[7]_i_21/O
                         net (fo=1, unplaced)         0.537     2.612    hsim_total_q[7]_i_21_n_0
                         CARRY4 (Prop_carry4_DI[1]_CO[3])
                                                      0.430     3.042 r  hsim_total_q_reg[7]_i_11/CO[3]
                         net (fo=1, unplaced)         0.008     3.050    hsim_total_q_reg[7]_i_11_n_0
                         CARRY4 (Prop_carry4_CI_O[0])
                                                      0.189     3.239 r  hsim_total_q_reg[7]_i_3/O[0]
                         net (fo=3, unplaced)         0.258     3.497    hsim_total_q_reg[7]_i_3_n_7
                         LUT3 (Prop_lut3_I2_O)        0.238     3.735 r  hsim_total_q[7]_i_5/O
                         net (fo=1, unplaced)         0.537     4.272    hsim_total_q[7]_i_5_n_0
                         CARRY4 (Prop_carry4_DI[1]_CO[3])
                                                      0.430     4.702 r  hsim_total_q_reg[7]_i_2/CO[3]
                         net (fo=1, unplaced)         0.000     4.702    hsim_total_q_reg[7]_i_2_n_0
                         CARRY4 (Prop_carry4_CI_O[1])
                                                      0.269     4.971 f  hsim_total_q_reg[10]_i_3/O[1]
                         net (fo=4, unplaced)         0.496     5.467    in172[9]
                         LUT4 (Prop_lut4_I0_O)        0.265     5.732 r  hmatch_best_dist_q[10]_i_7/O
                         net (fo=1, unplaced)         0.000     5.732    hmatch_best_dist_q[10]_i_7_n_0
                         CARRY4 (Prop_carry4_DI[0]_CO[1])
                                                      0.443     6.175 r  hmatch_best_dist_q_reg[10]_i_3/CO[1]
                         net (fo=1, unplaced)         0.240     6.415    hmatch_best_dist_q_reg[10]_i_3_n_2
                         LUT6 (Prop_lut6_I3_O)        0.277     6.692 r  hmatch_best_dist_q[10]_i_1/O
                         net (fo=19, unplaced)        0.425     7.117    hmatch_best_dist_q[10]_i_1_n_0
                         FDCE                                         r  hmatch_best_dist_q_reg[1]/CE
  -------------------------------------------------------------------    -------------------

                         (clock clk_i rise edge)      6.667     6.667 r  
                                                      0.000     6.667 r  clk_i (IN)
                         net (fo=2875, unset)         0.748     7.415    clk_i
                         FDCE                                         r  hmatch_best_dist_q_reg[1]/C
                         clock pessimism              0.000     7.415    
                         clock uncertainty           -0.035     7.379    
                         FDCE (Setup_fdce_C_CE)      -0.136     7.243    hmatch_best_dist_q_reg[1]
  -------------------------------------------------------------------
                         required time                          7.243    
                         arrival time                          -7.117    
  -------------------------------------------------------------------
                         slack                                  0.126    

Slack (MET) :             0.126ns  (required time - arrival time)
  Source:                 hsim_total_q_reg[0]/C
                            (rising edge-triggered cell FDCE clocked by clk_i  {rise@0.000ns fall@3.333ns period=6.667ns})
  Destination:            hmatch_best_dist_q_reg[2]/CE
                            (rising edge-triggered cell FDCE clocked by clk_i  {rise@0.000ns fall@3.333ns period=6.667ns})
  Path Group:             clk_i
  Path Type:              Setup (Max at Slow Process Corner)
  Requirement:            6.667ns  (clk_i rise@6.667ns - clk_i rise@0.000ns)
  Data Path Delay:        6.330ns  (logic 3.206ns (50.648%)  route 3.124ns (49.352%))
  Logic Levels:           9  (CARRY4=5 LUT3=2 LUT4=1 LUT6=1)
  Clock Path Skew:        -0.039ns (DCD - SCD + CPR)
    Destination Clock Delay (DCD):    0.748ns = ( 7.415 - 6.667 ) 
    Source Clock Delay      (SCD):    0.787ns
    Clock Pessimism Removal (CPR):    0.000ns
  Clock Uncertainty:      0.035ns  ((TSJ^2 + TIJ^2)^1/2 + DJ) / 2 + PE
    Total System Jitter     (TSJ):    0.071ns
    Total Input Jitter      (TIJ):    0.000ns
    Discrete Jitter          (DJ):    0.000ns
    Phase Error              (PE):    0.000ns

    Location             Delay type                Incr(ns)  Path(ns)    Netlist Resource(s)
  -------------------------------------------------------------------    -------------------
                         (clock clk_i rise edge)      0.000     0.000 r  
                                                      0.000     0.000 r  clk_i (IN)
                         net (fo=2875, unset)         0.787     0.787    clk_i
                         FDCE                                         r  hsim_total_q_reg[0]/C
  -------------------------------------------------------------------    -------------------
                         FDCE (Prop_fdce_C_Q)         0.433     1.220 r  hsim_total_q_reg[0]/Q
                         net (fo=4, unplaced)         0.623     1.843    hsim_total_q[0]
                         LUT3 (Prop_lut3_I0_O)        0.232     2.075 r  hsim_total_q[7]_i_21/O
                         net (fo=1, unplaced)         0.537     2.612    hsim_total_q[7]_i_21_n_0
                         CARRY4 (Prop_carry4_DI[1]_CO[3])
                                                      0.430     3.042 r  hsim_total_q_reg[7]_i_11/CO[3]
                         net (fo=1, unplaced)         0.008     3.050    hsim_total_q_reg[7]_i_11_n_0
                         CARRY4 (Prop_carry4_CI_O[0])
                                                      0.189     3.239 r  hsim_total_q_reg[7]_i_3/O[0]
                         net (fo=3, unplaced)         0.258     3.497    hsim_total_q_reg[7]_i_3_n_7
                         LUT3 (Prop_lut3_I2_O)        0.238     3.735 r  hsim_total_q[7]_i_5/O
                         net (fo=1, unplaced)         0.537     4.272    hsim_total_q[7]_i_5_n_0
                         CARRY4 (Prop_carry4_DI[1]_CO[3])
                                                      0.430     4.702 r  hsim_total_q_reg[7]_i_2/CO[3]
                         net (fo=1, unplaced)         0.000     4.702    hsim_total_q_reg[7]_i_2_n_0
                         CARRY4 (Prop_carry4_CI_O[1])
                                                      0.269     4.971 f  hsim_total_q_reg[10]_i_3/O[1]
                         net (fo=4, unplaced)         0.496     5.467    in172[9]
                         LUT4 (Prop_lut4_I0_O)        0.265     5.732 r  hmatch_best_dist_q[10]_i_7/O
                         net (fo=1, unplaced)         0.000     5.732    hmatch_best_dist_q[10]_i_7_n_0
                         CARRY4 (Prop_carry4_DI[0]_CO[1])
                                                      0.443     6.175 r  hmatch_best_dist_q_reg[10]_i_3/CO[1]
                         net (fo=1, unplaced)         0.240     6.415    hmatch_best_dist_q_reg[10]_i_3_n_2
                         LUT6 (Prop_lut6_I3_O)        0.277     6.692 r  hmatch_best_dist_q[10]_i_1/O
                         net (fo=19, unplaced)        0.425     7.117    hmatch_best_dist_q[10]_i_1_n_0
                         FDCE                                         r  hmatch_best_dist_q_reg[2]/CE
  -------------------------------------------------------------------    -------------------

                         (clock clk_i rise edge)      6.667     6.667 r  
                                                      0.000     6.667 r  clk_i (IN)
                         net (fo=2875, unset)         0.748     7.415    clk_i
                         FDCE                                         r  hmatch_best_dist_q_reg[2]/C
                         clock pessimism              0.000     7.415    
                         clock uncertainty           -0.035     7.379    
                         FDCE (Setup_fdce_C_CE)      -0.136     7.243    hmatch_best_dist_q_reg[2]
  -------------------------------------------------------------------
                         required time                          7.243    
                         arrival time                          -7.117    
  -------------------------------------------------------------------
                         slack                                  0.126    

Slack (MET) :             0.126ns  (required time - arrival time)
  Source:                 hsim_total_q_reg[0]/C
                            (rising edge-triggered cell FDCE clocked by clk_i  {rise@0.000ns fall@3.333ns period=6.667ns})
  Destination:            hmatch_best_dist_q_reg[3]/CE
                            (rising edge-triggered cell FDCE clocked by clk_i  {rise@0.000ns fall@3.333ns period=6.667ns})
  Path Group:             clk_i
  Path Type:              Setup (Max at Slow Process Corner)
  Requirement:            6.667ns  (clk_i rise@6.667ns - clk_i rise@0.000ns)
  Data Path Delay:        6.330ns  (logic 3.206ns (50.648%)  route 3.124ns (49.352%))
  Logic Levels:           9  (CARRY4=5 LUT3=2 LUT4=1 LUT6=1)
  Clock Path Skew:        -0.039ns (DCD - SCD + CPR)
    Destination Clock Delay (DCD):    0.748ns = ( 7.415 - 6.667 ) 
    Source Clock Delay      (SCD):    0.787ns
    Clock Pessimism Removal (CPR):    0.000ns
  Clock Uncertainty:      0.035ns  ((TSJ^2 + TIJ^2)^1/2 + DJ) / 2 + PE
    Total System Jitter     (TSJ):    0.071ns
    Total Input Jitter      (TIJ):    0.000ns
    Discrete Jitter          (DJ):    0.000ns
    Phase Error              (PE):    0.000ns

    Location             Delay type                Incr(ns)  Path(ns)    Netlist Resource(s)
  -------------------------------------------------------------------    -------------------
                         (clock clk_i rise edge)      0.000     0.000 r  
                                                      0.000     0.000 r  clk_i (IN)
                         net (fo=2875, unset)         0.787     0.787    clk_i
                         FDCE                                         r  hsim_total_q_reg[0]/C
  -------------------------------------------------------------------    -------------------
                         FDCE (Prop_fdce_C_Q)         0.433     1.220 r  hsim_total_q_reg[0]/Q
                         net (fo=4, unplaced)         0.623     1.843    hsim_total_q[0]
                         LUT3 (Prop_lut3_I0_O)        0.232     2.075 r  hsim_total_q[7]_i_21/O
                         net (fo=1, unplaced)         0.537     2.612    hsim_total_q[7]_i_21_n_0
                         CARRY4 (Prop_carry4_DI[1]_CO[3])
                                                      0.430     3.042 r  hsim_total_q_reg[7]_i_11/CO[3]
                         net (fo=1, unplaced)         0.008     3.050    hsim_total_q_reg[7]_i_11_n_0
                         CARRY4 (Prop_carry4_CI_O[0])
                                                      0.189     3.239 r  hsim_total_q_reg[7]_i_3/O[0]
                         net (fo=3, unplaced)         0.258     3.497    hsim_total_q_reg[7]_i_3_n_7
                         LUT3 (Prop_lut3_I2_O)        0.238     3.735 r  hsim_total_q[7]_i_5/O
                         net (fo=1, unplaced)         0.537     4.272    hsim_total_q[7]_i_5_n_0
                         CARRY4 (Prop_carry4_DI[1]_CO[3])
                                                      0.430     4.702 r  hsim_total_q_reg[7]_i_2/CO[3]
                         net (fo=1, unplaced)         0.000     4.702    hsim_total_q_reg[7]_i_2_n_0
                         CARRY4 (Prop_carry4_CI_O[1])
                                                      0.269     4.971 f  hsim_total_q_reg[10]_i_3/O[1]
                         net (fo=4, unplaced)         0.496     5.467    in172[9]
                         LUT4 (Prop_lut4_I0_O)        0.265     5.732 r  hmatch_best_dist_q[10]_i_7/O
                         net (fo=1, unplaced)         0.000     5.732    hmatch_best_dist_q[10]_i_7_n_0
                         CARRY4 (Prop_carry4_DI[0]_CO[1])
                                                      0.443     6.175 r  hmatch_best_dist_q_reg[10]_i_3/CO[1]
                         net (fo=1, unplaced)         0.240     6.415    hmatch_best_dist_q_reg[10]_i_3_n_2
                         LUT6 (Prop_lut6_I3_O)        0.277     6.692 r  hmatch_best_dist_q[10]_i_1/O
                         net (fo=19, unplaced)        0.425     7.117    hmatch_best_dist_q[10]_i_1_n_0
                         FDCE                                         r  hmatch_best_dist_q_reg[3]/CE
  -------------------------------------------------------------------    -------------------

                         (clock clk_i rise edge)      6.667     6.667 r  
                                                      0.000     6.667 r  clk_i (IN)
                         net (fo=2875, unset)         0.748     7.415    clk_i
                         FDCE                                         r  hmatch_best_dist_q_reg[3]/C
                         clock pessimism              0.000     7.415    
                         clock uncertainty           -0.035     7.379    
                         FDCE (Setup_fdce_C_CE)      -0.136     7.243    hmatch_best_dist_q_reg[3]
  -------------------------------------------------------------------
                         required time                          7.243    
                         arrival time                          -7.117    
  -------------------------------------------------------------------
                         slack                                  0.126    

Slack (MET) :             0.126ns  (required time - arrival time)
  Source:                 hsim_total_q_reg[0]/C
                            (rising edge-triggered cell FDCE clocked by clk_i  {rise@0.000ns fall@3.333ns period=6.667ns})
  Destination:            hmatch_best_dist_q_reg[4]/CE
                            (rising edge-triggered cell FDCE clocked by clk_i  {rise@0.000ns fall@3.333ns period=6.667ns})
  Path Group:             clk_i
  Path Type:              Setup (Max at Slow Process Corner)
  Requirement:            6.667ns  (clk_i rise@6.667ns - clk_i rise@0.000ns)
  Data Path Delay:        6.330ns  (logic 3.206ns (50.648%)  route 3.124ns (49.352%))
  Logic Levels:           9  (CARRY4=5 LUT3=2 LUT4=1 LUT6=1)
  Clock Path Skew:        -0.039ns (DCD - SCD + CPR)
    Destination Clock Delay (DCD):    0.748ns = ( 7.415 - 6.667 ) 
    Source Clock Delay      (SCD):    0.787ns
    Clock Pessimism Removal (CPR):    0.000ns
  Clock Uncertainty:      0.035ns  ((TSJ^2 + TIJ^2)^1/2 + DJ) / 2 + PE
    Total System Jitter     (TSJ):    0.071ns
    Total Input Jitter      (TIJ):    0.000ns
    Discrete Jitter          (DJ):    0.000ns
    Phase Error              (PE):    0.000ns

    Location             Delay type                Incr(ns)  Path(ns)    Netlist Resource(s)
  -------------------------------------------------------------------    -------------------
                         (clock clk_i rise edge)      0.000     0.000 r  
                                                      0.000     0.000 r  clk_i (IN)
                         net (fo=2875, unset)         0.787     0.787    clk_i
                         FDCE                                         r  hsim_total_q_reg[0]/C
  -------------------------------------------------------------------    -------------------
                         FDCE (Prop_fdce_C_Q)         0.433     1.220 r  hsim_total_q_reg[0]/Q
                         net (fo=4, unplaced)         0.623     1.843    hsim_total_q[0]
                         LUT3 (Prop_lut3_I0_O)        0.232     2.075 r  hsim_total_q[7]_i_21/O
                         net (fo=1, unplaced)         0.537     2.612    hsim_total_q[7]_i_21_n_0
                         CARRY4 (Prop_carry4_DI[1]_CO[3])
                                                      0.430     3.042 r  hsim_total_q_reg[7]_i_11/CO[3]
                         net (fo=1, unplaced)         0.008     3.050    hsim_total_q_reg[7]_i_11_n_0
                         CARRY4 (Prop_carry4_CI_O[0])
                                                      0.189     3.239 r  hsim_total_q_reg[7]_i_3/O[0]
                         net (fo=3, unplaced)         0.258     3.497    hsim_total_q_reg[7]_i_3_n_7
                         LUT3 (Prop_lut3_I2_O)        0.238     3.735 r  hsim_total_q[7]_i_5/O
                         net (fo=1, unplaced)         0.537     4.272    hsim_total_q[7]_i_5_n_0
                         CARRY4 (Prop_carry4_DI[1]_CO[3])
                                                      0.430     4.702 r  hsim_total_q_reg[7]_i_2/CO[3]
                         net (fo=1, unplaced)         0.000     4.702    hsim_total_q_reg[7]_i_2_n_0
                         CARRY4 (Prop_carry4_CI_O[1])
                                                      0.269     4.971 f  hsim_total_q_reg[10]_i_3/O[1]
                         net (fo=4, unplaced)         0.496     5.467    in172[9]
                         LUT4 (Prop_lut4_I0_O)        0.265     5.732 r  hmatch_best_dist_q[10]_i_7/O
                         net (fo=1, unplaced)         0.000     5.732    hmatch_best_dist_q[10]_i_7_n_0
                         CARRY4 (Prop_carry4_DI[0]_CO[1])
                                                      0.443     6.175 r  hmatch_best_dist_q_reg[10]_i_3/CO[1]
                         net (fo=1, unplaced)         0.240     6.415    hmatch_best_dist_q_reg[10]_i_3_n_2
                         LUT6 (Prop_lut6_I3_O)        0.277     6.692 r  hmatch_best_dist_q[10]_i_1/O
                         net (fo=19, unplaced)        0.425     7.117    hmatch_best_dist_q[10]_i_1_n_0
                         FDCE                                         r  hmatch_best_dist_q_reg[4]/CE
  -------------------------------------------------------------------    -------------------

                         (clock clk_i rise edge)      6.667     6.667 r  
                                                      0.000     6.667 r  clk_i (IN)
                         net (fo=2875, unset)         0.748     7.415    clk_i
                         FDCE                                         r  hmatch_best_dist_q_reg[4]/C
                         clock pessimism              0.000     7.415    
                         clock uncertainty           -0.035     7.379    
                         FDCE (Setup_fdce_C_CE)      -0.136     7.243    hmatch_best_dist_q_reg[4]
  -------------------------------------------------------------------
                         required time                          7.243    
                         arrival time                          -7.117    
  -------------------------------------------------------------------
                         slack                                  0.126    

Slack (MET) :             0.126ns  (required time - arrival time)
  Source:                 hsim_total_q_reg[0]/C
                            (rising edge-triggered cell FDCE clocked by clk_i  {rise@0.000ns fall@3.333ns period=6.667ns})
  Destination:            hmatch_best_dist_q_reg[5]/CE
                            (rising edge-triggered cell FDCE clocked by clk_i  {rise@0.000ns fall@3.333ns period=6.667ns})
  Path Group:             clk_i
  Path Type:              Setup (Max at Slow Process Corner)
  Requirement:            6.667ns  (clk_i rise@6.667ns - clk_i rise@0.000ns)
  Data Path Delay:        6.330ns  (logic 3.206ns (50.648%)  route 3.124ns (49.352%))
  Logic Levels:           9  (CARRY4=5 LUT3=2 LUT4=1 LUT6=1)
  Clock Path Skew:        -0.039ns (DCD - SCD + CPR)
    Destination Clock Delay (DCD):    0.748ns = ( 7.415 - 6.667 ) 
    Source Clock Delay      (SCD):    0.787ns
    Clock Pessimism Removal (CPR):    0.000ns
  Clock Uncertainty:      0.035ns  ((TSJ^2 + TIJ^2)^1/2 + DJ) / 2 + PE
    Total System Jitter     (TSJ):    0.071ns
    Total Input Jitter      (TIJ):    0.000ns
    Discrete Jitter          (DJ):    0.000ns
    Phase Error              (PE):    0.000ns

    Location             Delay type                Incr(ns)  Path(ns)    Netlist Resource(s)
  -------------------------------------------------------------------    -------------------
                         (clock clk_i rise edge)      0.000     0.000 r  
                                                      0.000     0.000 r  clk_i (IN)
                         net (fo=2875, unset)         0.787     0.787    clk_i
                         FDCE                                         r  hsim_total_q_reg[0]/C
  -------------------------------------------------------------------    -------------------
                         FDCE (Prop_fdce_C_Q)         0.433     1.220 r  hsim_total_q_reg[0]/Q
                         net (fo=4, unplaced)         0.623     1.843    hsim_total_q[0]
                         LUT3 (Prop_lut3_I0_O)        0.232     2.075 r  hsim_total_q[7]_i_21/O
                         net (fo=1, unplaced)         0.537     2.612    hsim_total_q[7]_i_21_n_0
                         CARRY4 (Prop_carry4_DI[1]_CO[3])
                                                      0.430     3.042 r  hsim_total_q_reg[7]_i_11/CO[3]
                         net (fo=1, unplaced)         0.008     3.050    hsim_total_q_reg[7]_i_11_n_0
                         CARRY4 (Prop_carry4_CI_O[0])
                                                      0.189     3.239 r  hsim_total_q_reg[7]_i_3/O[0]
                         net (fo=3, unplaced)         0.258     3.497    hsim_total_q_reg[7]_i_3_n_7
                         LUT3 (Prop_lut3_I2_O)        0.238     3.735 r  hsim_total_q[7]_i_5/O
                         net (fo=1, unplaced)         0.537     4.272    hsim_total_q[7]_i_5_n_0
                         CARRY4 (Prop_carry4_DI[1]_CO[3])
                                                      0.430     4.702 r  hsim_total_q_reg[7]_i_2/CO[3]
                         net (fo=1, unplaced)         0.000     4.702    hsim_total_q_reg[7]_i_2_n_0
                         CARRY4 (Prop_carry4_CI_O[1])
                                                      0.269     4.971 f  hsim_total_q_reg[10]_i_3/O[1]
                         net (fo=4, unplaced)         0.496     5.467    in172[9]
                         LUT4 (Prop_lut4_I0_O)        0.265     5.732 r  hmatch_best_dist_q[10]_i_7/O
                         net (fo=1, unplaced)         0.000     5.732    hmatch_best_dist_q[10]_i_7_n_0
                         CARRY4 (Prop_carry4_DI[0]_CO[1])
                                                      0.443     6.175 r  hmatch_best_dist_q_reg[10]_i_3/CO[1]
                         net (fo=1, unplaced)         0.240     6.415    hmatch_best_dist_q_reg[10]_i_3_n_2
                         LUT6 (Prop_lut6_I3_O)        0.277     6.692 r  hmatch_best_dist_q[10]_i_1/O
                         net (fo=19, unplaced)        0.425     7.117    hmatch_best_dist_q[10]_i_1_n_0
                         FDCE                                         r  hmatch_best_dist_q_reg[5]/CE
  -------------------------------------------------------------------    -------------------

                         (clock clk_i rise edge)      6.667     6.667 r  
                                                      0.000     6.667 r  clk_i (IN)
                         net (fo=2875, unset)         0.748     7.415    clk_i
                         FDCE                                         r  hmatch_best_dist_q_reg[5]/C
                         clock pessimism              0.000     7.415    
                         clock uncertainty           -0.035     7.379    
                         FDCE (Setup_fdce_C_CE)      -0.136     7.243    hmatch_best_dist_q_reg[5]
  -------------------------------------------------------------------
                         required time                          7.243    
                         arrival time                          -7.117    
  -------------------------------------------------------------------
                         slack                                  0.126    

Slack (MET) :             0.126ns  (required time - arrival time)
  Source:                 hsim_total_q_reg[0]/C
                            (rising edge-triggered cell FDCE clocked by clk_i  {rise@0.000ns fall@3.333ns period=6.667ns})
  Destination:            hmatch_best_dist_q_reg[6]/CE
                            (rising edge-triggered cell FDCE clocked by clk_i  {rise@0.000ns fall@3.333ns period=6.667ns})
  Path Group:             clk_i
  Path Type:              Setup (Max at Slow Process Corner)
  Requirement:            6.667ns  (clk_i rise@6.667ns - clk_i rise@0.000ns)
  Data Path Delay:        6.330ns  (logic 3.206ns (50.648%)  route 3.124ns (49.352%))
  Logic Levels:           9  (CARRY4=5 LUT3=2 LUT4=1 LUT6=1)
  Clock Path Skew:        -0.039ns (DCD - SCD + CPR)
    Destination Clock Delay (DCD):    0.748ns = ( 7.415 - 6.667 ) 
    Source Clock Delay      (SCD):    0.787ns
    Clock Pessimism Removal (CPR):    0.000ns
  Clock Uncertainty:      0.035ns  ((TSJ^2 + TIJ^2)^1/2 + DJ) / 2 + PE
    Total System Jitter     (TSJ):    0.071ns
    Total Input Jitter      (TIJ):    0.000ns
    Discrete Jitter          (DJ):    0.000ns
    Phase Error              (PE):    0.000ns

    Location             Delay type                Incr(ns)  Path(ns)    Netlist Resource(s)
  -------------------------------------------------------------------    -------------------
                         (clock clk_i rise edge)      0.000     0.000 r  
                                                      0.000     0.000 r  clk_i (IN)
                         net (fo=2875, unset)         0.787     0.787    clk_i
                         FDCE                                         r  hsim_total_q_reg[0]/C
  -------------------------------------------------------------------    -------------------
                         FDCE (Prop_fdce_C_Q)         0.433     1.220 r  hsim_total_q_reg[0]/Q
                         net (fo=4, unplaced)         0.623     1.843    hsim_total_q[0]
                         LUT3 (Prop_lut3_I0_O)        0.232     2.075 r  hsim_total_q[7]_i_21/O
                         net (fo=1, unplaced)         0.537     2.612    hsim_total_q[7]_i_21_n_0
                         CARRY4 (Prop_carry4_DI[1]_CO[3])
                                                      0.430     3.042 r  hsim_total_q_reg[7]_i_11/CO[3]
                         net (fo=1, unplaced)         0.008     3.050    hsim_total_q_reg[7]_i_11_n_0
                         CARRY4 (Prop_carry4_CI_O[0])
                                                      0.189     3.239 r  hsim_total_q_reg[7]_i_3/O[0]
                         net (fo=3, unplaced)         0.258     3.497    hsim_total_q_reg[7]_i_3_n_7
                         LUT3 (Prop_lut3_I2_O)        0.238     3.735 r  hsim_total_q[7]_i_5/O
                         net (fo=1, unplaced)         0.537     4.272    hsim_total_q[7]_i_5_n_0
                         CARRY4 (Prop_carry4_DI[1]_CO[3])
                                                      0.430     4.702 r  hsim_total_q_reg[7]_i_2/CO[3]
                         net (fo=1, unplaced)         0.000     4.702    hsim_total_q_reg[7]_i_2_n_0
                         CARRY4 (Prop_carry4_CI_O[1])
                                                      0.269     4.971 f  hsim_total_q_reg[10]_i_3/O[1]
                         net (fo=4, unplaced)         0.496     5.467    in172[9]
                         LUT4 (Prop_lut4_I0_O)        0.265     5.732 r  hmatch_best_dist_q[10]_i_7/O
                         net (fo=1, unplaced)         0.000     5.732    hmatch_best_dist_q[10]_i_7_n_0
                         CARRY4 (Prop_carry4_DI[0]_CO[1])
                                                      0.443     6.175 r  hmatch_best_dist_q_reg[10]_i_3/CO[1]
                         net (fo=1, unplaced)         0.240     6.415    hmatch_best_dist_q_reg[10]_i_3_n_2
                         LUT6 (Prop_lut6_I3_O)        0.277     6.692 r  hmatch_best_dist_q[10]_i_1/O
                         net (fo=19, unplaced)        0.425     7.117    hmatch_best_dist_q[10]_i_1_n_0
                         FDCE                                         r  hmatch_best_dist_q_reg[6]/CE
  -------------------------------------------------------------------    -------------------

                         (clock clk_i rise edge)      6.667     6.667 r  
                                                      0.000     6.667 r  clk_i (IN)
                         net (fo=2875, unset)         0.748     7.415    clk_i
                         FDCE                                         r  hmatch_best_dist_q_reg[6]/C
                         clock pessimism              0.000     7.415    
                         clock uncertainty           -0.035     7.379    
                         FDCE (Setup_fdce_C_CE)      -0.136     7.243    hmatch_best_dist_q_reg[6]
  -------------------------------------------------------------------
                         required time                          7.243    
                         arrival time                          -7.117    
  -------------------------------------------------------------------
                         slack                                  0.126    

Slack (MET) :             0.126ns  (required time - arrival time)
  Source:                 hsim_total_q_reg[0]/C
                            (rising edge-triggered cell FDCE clocked by clk_i  {rise@0.000ns fall@3.333ns period=6.667ns})
  Destination:            hmatch_best_dist_q_reg[7]/CE
                            (rising edge-triggered cell FDCE clocked by clk_i  {rise@0.000ns fall@3.333ns period=6.667ns})
  Path Group:             clk_i
  Path Type:              Setup (Max at Slow Process Corner)
  Requirement:            6.667ns  (clk_i rise@6.667ns - clk_i rise@0.000ns)
  Data Path Delay:        6.330ns  (logic 3.206ns (50.648%)  route 3.124ns (49.352%))
  Logic Levels:           9  (CARRY4=5 LUT3=2 LUT4=1 LUT6=1)
  Clock Path Skew:        -0.039ns (DCD - SCD + CPR)
    Destination Clock Delay (DCD):    0.748ns = ( 7.415 - 6.667 ) 
    Source Clock Delay      (SCD):    0.787ns
    Clock Pessimism Removal (CPR):    0.000ns
  Clock Uncertainty:      0.035ns  ((TSJ^2 + TIJ^2)^1/2 + DJ) / 2 + PE
    Total System Jitter     (TSJ):    0.071ns
    Total Input Jitter      (TIJ):    0.000ns
    Discrete Jitter          (DJ):    0.000ns
    Phase Error              (PE):    0.000ns

    Location             Delay type                Incr(ns)  Path(ns)    Netlist Resource(s)
  -------------------------------------------------------------------    -------------------
                         (clock clk_i rise edge)      0.000     0.000 r  
                                                      0.000     0.000 r  clk_i (IN)
                         net (fo=2875, unset)         0.787     0.787    clk_i
                         FDCE                                         r  hsim_total_q_reg[0]/C
  -------------------------------------------------------------------    -------------------
                         FDCE (Prop_fdce_C_Q)         0.433     1.220 r  hsim_total_q_reg[0]/Q
                         net (fo=4, unplaced)         0.623     1.843    hsim_total_q[0]
                         LUT3 (Prop_lut3_I0_O)        0.232     2.075 r  hsim_total_q[7]_i_21/O
                         net (fo=1, unplaced)         0.537     2.612    hsim_total_q[7]_i_21_n_0
                         CARRY4 (Prop_carry4_DI[1]_CO[3])
                                                      0.430     3.042 r  hsim_total_q_reg[7]_i_11/CO[3]
                         net (fo=1, unplaced)         0.008     3.050    hsim_total_q_reg[7]_i_11_n_0
                         CARRY4 (Prop_carry4_CI_O[0])
                                                      0.189     3.239 r  hsim_total_q_reg[7]_i_3/O[0]
                         net (fo=3, unplaced)         0.258     3.497    hsim_total_q_reg[7]_i_3_n_7
                         LUT3 (Prop_lut3_I2_O)        0.238     3.735 r  hsim_total_q[7]_i_5/O
                         net (fo=1, unplaced)         0.537     4.272    hsim_total_q[7]_i_5_n_0
                         CARRY4 (Prop_carry4_DI[1]_CO[3])
                                                      0.430     4.702 r  hsim_total_q_reg[7]_i_2/CO[3]
                         net (fo=1, unplaced)         0.000     4.702    hsim_total_q_reg[7]_i_2_n_0
                         CARRY4 (Prop_carry4_CI_O[1])
                                                      0.269     4.971 f  hsim_total_q_reg[10]_i_3/O[1]
                         net (fo=4, unplaced)         0.496     5.467    in172[9]
                         LUT4 (Prop_lut4_I0_O)        0.265     5.732 r  hmatch_best_dist_q[10]_i_7/O
                         net (fo=1, unplaced)         0.000     5.732    hmatch_best_dist_q[10]_i_7_n_0
                         CARRY4 (Prop_carry4_DI[0]_CO[1])
                                                      0.443     6.175 r  hmatch_best_dist_q_reg[10]_i_3/CO[1]
                         net (fo=1, unplaced)         0.240     6.415    hmatch_best_dist_q_reg[10]_i_3_n_2
                         LUT6 (Prop_lut6_I3_O)        0.277     6.692 r  hmatch_best_dist_q[10]_i_1/O
                         net (fo=19, unplaced)        0.425     7.117    hmatch_best_dist_q[10]_i_1_n_0
                         FDCE                                         r  hmatch_best_dist_q_reg[7]/CE
  -------------------------------------------------------------------    -------------------

                         (clock clk_i rise edge)      6.667     6.667 r  
                                                      0.000     6.667 r  clk_i (IN)
                         net (fo=2875, unset)         0.748     7.415    clk_i
                         FDCE                                         r  hmatch_best_dist_q_reg[7]/C
                         clock pessimism              0.000     7.415    
                         clock uncertainty           -0.035     7.379    
                         FDCE (Setup_fdce_C_CE)      -0.136     7.243    hmatch_best_dist_q_reg[7]
  -------------------------------------------------------------------
                         required time                          7.243    
                         arrival time                          -7.117    
  -------------------------------------------------------------------
                         slack                                  0.126    

Slack (MET) :             0.126ns  (required time - arrival time)
  Source:                 hsim_total_q_reg[0]/C
                            (rising edge-triggered cell FDCE clocked by clk_i  {rise@0.000ns fall@3.333ns period=6.667ns})
  Destination:            hmatch_best_dist_q_reg[8]/CE
                            (rising edge-triggered cell FDCE clocked by clk_i  {rise@0.000ns fall@3.333ns period=6.667ns})
  Path Group:             clk_i
  Path Type:              Setup (Max at Slow Process Corner)
  Requirement:            6.667ns  (clk_i rise@6.667ns - clk_i rise@0.000ns)
  Data Path Delay:        6.330ns  (logic 3.206ns (50.648%)  route 3.124ns (49.352%))
  Logic Levels:           9  (CARRY4=5 LUT3=2 LUT4=1 LUT6=1)
  Clock Path Skew:        -0.039ns (DCD - SCD + CPR)
    Destination Clock Delay (DCD):    0.748ns = ( 7.415 - 6.667 ) 
    Source Clock Delay      (SCD):    0.787ns
    Clock Pessimism Removal (CPR):    0.000ns
  Clock Uncertainty:      0.035ns  ((TSJ^2 + TIJ^2)^1/2 + DJ) / 2 + PE
    Total System Jitter     (TSJ):    0.071ns
    Total Input Jitter      (TIJ):    0.000ns
    Discrete Jitter          (DJ):    0.000ns
    Phase Error              (PE):    0.000ns

    Location             Delay type                Incr(ns)  Path(ns)    Netlist Resource(s)
  -------------------------------------------------------------------    -------------------
                         (clock clk_i rise edge)      0.000     0.000 r  
                                                      0.000     0.000 r  clk_i (IN)
                         net (fo=2875, unset)         0.787     0.787    clk_i
                         FDCE                                         r  hsim_total_q_reg[0]/C
  -------------------------------------------------------------------    -------------------
                         FDCE (Prop_fdce_C_Q)         0.433     1.220 r  hsim_total_q_reg[0]/Q
                         net (fo=4, unplaced)         0.623     1.843    hsim_total_q[0]
                         LUT3 (Prop_lut3_I0_O)        0.232     2.075 r  hsim_total_q[7]_i_21/O
                         net (fo=1, unplaced)         0.537     2.612    hsim_total_q[7]_i_21_n_0
                         CARRY4 (Prop_carry4_DI[1]_CO[3])
                                                      0.430     3.042 r  hsim_total_q_reg[7]_i_11/CO[3]
                         net (fo=1, unplaced)         0.008     3.050    hsim_total_q_reg[7]_i_11_n_0
                         CARRY4 (Prop_carry4_CI_O[0])
                                                      0.189     3.239 r  hsim_total_q_reg[7]_i_3/O[0]
                         net (fo=3, unplaced)         0.258     3.497    hsim_total_q_reg[7]_i_3_n_7
                         LUT3 (Prop_lut3_I2_O)        0.238     3.735 r  hsim_total_q[7]_i_5/O
                         net (fo=1, unplaced)         0.537     4.272    hsim_total_q[7]_i_5_n_0
                         CARRY4 (Prop_carry4_DI[1]_CO[3])
                                                      0.430     4.702 r  hsim_total_q_reg[7]_i_2/CO[3]
                         net (fo=1, unplaced)         0.000     4.702    hsim_total_q_reg[7]_i_2_n_0
                         CARRY4 (Prop_carry4_CI_O[1])
                                                      0.269     4.971 f  hsim_total_q_reg[10]_i_3/O[1]
                         net (fo=4, unplaced)         0.496     5.467    in172[9]
                         LUT4 (Prop_lut4_I0_O)        0.265     5.732 r  hmatch_best_dist_q[10]_i_7/O
                         net (fo=1, unplaced)         0.000     5.732    hmatch_best_dist_q[10]_i_7_n_0
                         CARRY4 (Prop_carry4_DI[0]_CO[1])
                                                      0.443     6.175 r  hmatch_best_dist_q_reg[10]_i_3/CO[1]
                         net (fo=1, unplaced)         0.240     6.415    hmatch_best_dist_q_reg[10]_i_3_n_2
                         LUT6 (Prop_lut6_I3_O)        0.277     6.692 r  hmatch_best_dist_q[10]_i_1/O
                         net (fo=19, unplaced)        0.425     7.117    hmatch_best_dist_q[10]_i_1_n_0
                         FDCE                                         r  hmatch_best_dist_q_reg[8]/CE
  -------------------------------------------------------------------    -------------------

                         (clock clk_i rise edge)      6.667     6.667 r  
                                                      0.000     6.667 r  clk_i (IN)
                         net (fo=2875, unset)         0.748     7.415    clk_i
                         FDCE                                         r  hmatch_best_dist_q_reg[8]/C
                         clock pessimism              0.000     7.415    
                         clock uncertainty           -0.035     7.379    
                         FDCE (Setup_fdce_C_CE)      -0.136     7.243    hmatch_best_dist_q_reg[8]
  -------------------------------------------------------------------
                         required time                          7.243    
                         arrival time                          -7.117    
  -------------------------------------------------------------------
                         slack                                  0.126    

Slack (MET) :             0.126ns  (required time - arrival time)
  Source:                 hsim_total_q_reg[0]/C
                            (rising edge-triggered cell FDCE clocked by clk_i  {rise@0.000ns fall@3.333ns period=6.667ns})
  Destination:            hmatch_best_dist_q_reg[9]/CE
                            (rising edge-triggered cell FDCE clocked by clk_i  {rise@0.000ns fall@3.333ns period=6.667ns})
  Path Group:             clk_i
  Path Type:              Setup (Max at Slow Process Corner)
  Requirement:            6.667ns  (clk_i rise@6.667ns - clk_i rise@0.000ns)
  Data Path Delay:        6.330ns  (logic 3.206ns (50.648%)  route 3.124ns (49.352%))
  Logic Levels:           9  (CARRY4=5 LUT3=2 LUT4=1 LUT6=1)
  Clock Path Skew:        -0.039ns (DCD - SCD + CPR)
    Destination Clock Delay (DCD):    0.748ns = ( 7.415 - 6.667 ) 
    Source Clock Delay      (SCD):    0.787ns
    Clock Pessimism Removal (CPR):    0.000ns
  Clock Uncertainty:      0.035ns  ((TSJ^2 + TIJ^2)^1/2 + DJ) / 2 + PE
    Total System Jitter     (TSJ):    0.071ns
    Total Input Jitter      (TIJ):    0.000ns
    Discrete Jitter          (DJ):    0.000ns
    Phase Error              (PE):    0.000ns

    Location             Delay type                Incr(ns)  Path(ns)    Netlist Resource(s)
  -------------------------------------------------------------------    -------------------
                         (clock clk_i rise edge)      0.000     0.000 r  
                                                      0.000     0.000 r  clk_i (IN)
                         net (fo=2875, unset)         0.787     0.787    clk_i
                         FDCE                                         r  hsim_total_q_reg[0]/C
  -------------------------------------------------------------------    -------------------
                         FDCE (Prop_fdce_C_Q)         0.433     1.220 r  hsim_total_q_reg[0]/Q
                         net (fo=4, unplaced)         0.623     1.843    hsim_total_q[0]
                         LUT3 (Prop_lut3_I0_O)        0.232     2.075 r  hsim_total_q[7]_i_21/O
                         net (fo=1, unplaced)         0.537     2.612    hsim_total_q[7]_i_21_n_0
                         CARRY4 (Prop_carry4_DI[1]_CO[3])
                                                      0.430     3.042 r  hsim_total_q_reg[7]_i_11/CO[3]
                         net (fo=1, unplaced)         0.008     3.050    hsim_total_q_reg[7]_i_11_n_0
                         CARRY4 (Prop_carry4_CI_O[0])
                                                      0.189     3.239 r  hsim_total_q_reg[7]_i_3/O[0]
                         net (fo=3, unplaced)         0.258     3.497    hsim_total_q_reg[7]_i_3_n_7
                         LUT3 (Prop_lut3_I2_O)        0.238     3.735 r  hsim_total_q[7]_i_5/O
                         net (fo=1, unplaced)         0.537     4.272    hsim_total_q[7]_i_5_n_0
                         CARRY4 (Prop_carry4_DI[1]_CO[3])
                                                      0.430     4.702 r  hsim_total_q_reg[7]_i_2/CO[3]
                         net (fo=1, unplaced)         0.000     4.702    hsim_total_q_reg[7]_i_2_n_0
                         CARRY4 (Prop_carry4_CI_O[1])
                                                      0.269     4.971 f  hsim_total_q_reg[10]_i_3/O[1]
                         net (fo=4, unplaced)         0.496     5.467    in172[9]
                         LUT4 (Prop_lut4_I0_O)        0.265     5.732 r  hmatch_best_dist_q[10]_i_7/O
                         net (fo=1, unplaced)         0.000     5.732    hmatch_best_dist_q[10]_i_7_n_0
                         CARRY4 (Prop_carry4_DI[0]_CO[1])
                                                      0.443     6.175 r  hmatch_best_dist_q_reg[10]_i_3/CO[1]
                         net (fo=1, unplaced)         0.240     6.415    hmatch_best_dist_q_reg[10]_i_3_n_2
                         LUT6 (Prop_lut6_I3_O)        0.277     6.692 r  hmatch_best_dist_q[10]_i_1/O
                         net (fo=19, unplaced)        0.425     7.117    hmatch_best_dist_q[10]_i_1_n_0
                         FDCE                                         r  hmatch_best_dist_q_reg[9]/CE
  -------------------------------------------------------------------    -------------------

                         (clock clk_i rise edge)      6.667     6.667 r  
                                                      0.000     6.667 r  clk_i (IN)
                         net (fo=2875, unset)         0.748     7.415    clk_i
                         FDCE                                         r  hmatch_best_dist_q_reg[9]/C
                         clock pessimism              0.000     7.415    
                         clock uncertainty           -0.035     7.379    
                         FDCE (Setup_fdce_C_CE)      -0.136     7.243    hmatch_best_dist_q_reg[9]
  -------------------------------------------------------------------
                         required time                          7.243    
                         arrival time                          -7.117    
  -------------------------------------------------------------------
                         slack                                  0.126    

Slack (MET) :             0.126ns  (required time - arrival time)
  Source:                 hsim_total_q_reg[0]/C
                            (rising edge-triggered cell FDCE clocked by clk_i  {rise@0.000ns fall@3.333ns period=6.667ns})
  Destination:            hmatch_best_idx_q_reg[0]/CE
                            (rising edge-triggered cell FDCE clocked by clk_i  {rise@0.000ns fall@3.333ns period=6.667ns})
  Path Group:             clk_i
  Path Type:              Setup (Max at Slow Process Corner)
  Requirement:            6.667ns  (clk_i rise@6.667ns - clk_i rise@0.000ns)
  Data Path Delay:        6.330ns  (logic 3.206ns (50.648%)  route 3.124ns (49.352%))
  Logic Levels:           9  (CARRY4=5 LUT3=2 LUT4=1 LUT6=1)
  Clock Path Skew:        -0.039ns (DCD - SCD + CPR)
    Destination Clock Delay (DCD):    0.748ns = ( 7.415 - 6.667 ) 
    Source Clock Delay      (SCD):    0.787ns
    Clock Pessimism Removal (CPR):    0.000ns
  Clock Uncertainty:      0.035ns  ((TSJ^2 + TIJ^2)^1/2 + DJ) / 2 + PE
    Total System Jitter     (TSJ):    0.071ns
    Total Input Jitter      (TIJ):    0.000ns
    Discrete Jitter          (DJ):    0.000ns
    Phase Error              (PE):    0.000ns

    Location             Delay type                Incr(ns)  Path(ns)    Netlist Resource(s)
  -------------------------------------------------------------------    -------------------
                         (clock clk_i rise edge)      0.000     0.000 r  
                                                      0.000     0.000 r  clk_i (IN)
                         net (fo=2875, unset)         0.787     0.787    clk_i
                         FDCE                                         r  hsim_total_q_reg[0]/C
  -------------------------------------------------------------------    -------------------
                         FDCE (Prop_fdce_C_Q)         0.433     1.220 r  hsim_total_q_reg[0]/Q
                         net (fo=4, unplaced)         0.623     1.843    hsim_total_q[0]
                         LUT3 (Prop_lut3_I0_O)        0.232     2.075 r  hsim_total_q[7]_i_21/O
                         net (fo=1, unplaced)         0.537     2.612    hsim_total_q[7]_i_21_n_0
                         CARRY4 (Prop_carry4_DI[1]_CO[3])
                                                      0.430     3.042 r  hsim_total_q_reg[7]_i_11/CO[3]
                         net (fo=1, unplaced)         0.008     3.050    hsim_total_q_reg[7]_i_11_n_0
                         CARRY4 (Prop_carry4_CI_O[0])
                                                      0.189     3.239 r  hsim_total_q_reg[7]_i_3/O[0]
                         net (fo=3, unplaced)         0.258     3.497    hsim_total_q_reg[7]_i_3_n_7
                         LUT3 (Prop_lut3_I2_O)        0.238     3.735 r  hsim_total_q[7]_i_5/O
                         net (fo=1, unplaced)         0.537     4.272    hsim_total_q[7]_i_5_n_0
                         CARRY4 (Prop_carry4_DI[1]_CO[3])
                                                      0.430     4.702 r  hsim_total_q_reg[7]_i_2/CO[3]
                         net (fo=1, unplaced)         0.000     4.702    hsim_total_q_reg[7]_i_2_n_0
                         CARRY4 (Prop_carry4_CI_O[1])
                                                      0.269     4.971 f  hsim_total_q_reg[10]_i_3/O[1]
                         net (fo=4, unplaced)         0.496     5.467    in172[9]
                         LUT4 (Prop_lut4_I0_O)        0.265     5.732 r  hmatch_best_dist_q[10]_i_7/O
                         net (fo=1, unplaced)         0.000     5.732    hmatch_best_dist_q[10]_i_7_n_0
                         CARRY4 (Prop_carry4_DI[0]_CO[1])
                                                      0.443     6.175 r  hmatch_best_dist_q_reg[10]_i_3/CO[1]
                         net (fo=1, unplaced)         0.240     6.415    hmatch_best_dist_q_reg[10]_i_3_n_2
                         LUT6 (Prop_lut6_I3_O)        0.277     6.692 r  hmatch_best_dist_q[10]_i_1/O
                         net (fo=19, unplaced)        0.425     7.117    hmatch_best_dist_q[10]_i_1_n_0
                         FDCE                                         r  hmatch_best_idx_q_reg[0]/CE
  -------------------------------------------------------------------    -------------------

                         (clock clk_i rise edge)      6.667     6.667 r  
                                                      0.000     6.667 r  clk_i (IN)
                         net (fo=2875, unset)         0.748     7.415    clk_i
                         FDCE                                         r  hmatch_best_idx_q_reg[0]/C
                         clock pessimism              0.000     7.415    
                         clock uncertainty           -0.035     7.379    
                         FDCE (Setup_fdce_C_CE)      -0.136     7.243    hmatch_best_idx_q_reg[0]
  -------------------------------------------------------------------
                         required time                          7.243    
                         arrival time                          -7.117    
  -------------------------------------------------------------------
                         slack                                  0.126    

Slack (MET) :             0.126ns  (required time - arrival time)
  Source:                 hsim_total_q_reg[0]/C
                            (rising edge-triggered cell FDCE clocked by clk_i  {rise@0.000ns fall@3.333ns period=6.667ns})
  Destination:            hmatch_best_idx_q_reg[1]/CE
                            (rising edge-triggered cell FDCE clocked by clk_i  {rise@0.000ns fall@3.333ns period=6.667ns})
  Path Group:             clk_i
  Path Type:              Setup (Max at Slow Process Corner)
  Requirement:            6.667ns  (clk_i rise@6.667ns - clk_i rise@0.000ns)
  Data Path Delay:        6.330ns  (logic 3.206ns (50.648%)  route 3.124ns (49.352%))
  Logic Levels:           9  (CARRY4=5 LUT3=2 LUT4=1 LUT6=1)
  Clock Path Skew:        -0.039ns (DCD - SCD + CPR)
    Destination Clock Delay (DCD):    0.748ns = ( 7.415 - 6.667 ) 
    Source Clock Delay      (SCD):    0.787ns
    Clock Pessimism Removal (CPR):    0.000ns
  Clock Uncertainty:      0.035ns  ((TSJ^2 + TIJ^2)^1/2 + DJ) / 2 + PE
    Total System Jitter     (TSJ):    0.071ns
    Total Input Jitter      (TIJ):    0.000ns
    Discrete Jitter          (DJ):    0.000ns
    Phase Error              (PE):    0.000ns

    Location             Delay type                Incr(ns)  Path(ns)    Netlist Resource(s)
  -------------------------------------------------------------------    -------------------
                         (clock clk_i rise edge)      0.000     0.000 r  
                                                      0.000     0.000 r  clk_i (IN)
                         net (fo=2875, unset)         0.787     0.787    clk_i
                         FDCE                                         r  hsim_total_q_reg[0]/C
  -------------------------------------------------------------------    -------------------
                         FDCE (Prop_fdce_C_Q)         0.433     1.220 r  hsim_total_q_reg[0]/Q
                         net (fo=4, unplaced)         0.623     1.843    hsim_total_q[0]
                         LUT3 (Prop_lut3_I0_O)        0.232     2.075 r  hsim_total_q[7]_i_21/O
                         net (fo=1, unplaced)         0.537     2.612    hsim_total_q[7]_i_21_n_0
                         CARRY4 (Prop_carry4_DI[1]_CO[3])
                                                      0.430     3.042 r  hsim_total_q_reg[7]_i_11/CO[3]
                         net (fo=1, unplaced)         0.008     3.050    hsim_total_q_reg[7]_i_11_n_0
                         CARRY4 (Prop_carry4_CI_O[0])
                                                      0.189     3.239 r  hsim_total_q_reg[7]_i_3/O[0]
                         net (fo=3, unplaced)         0.258     3.497    hsim_total_q_reg[7]_i_3_n_7
                         LUT3 (Prop_lut3_I2_O)        0.238     3.735 r  hsim_total_q[7]_i_5/O
                         net (fo=1, unplaced)         0.537     4.272    hsim_total_q[7]_i_5_n_0
                         CARRY4 (Prop_carry4_DI[1]_CO[3])
                                                      0.430     4.702 r  hsim_total_q_reg[7]_i_2/CO[3]
                         net (fo=1, unplaced)         0.000     4.702    hsim_total_q_reg[7]_i_2_n_0
                         CARRY4 (Prop_carry4_CI_O[1])
                                                      0.269     4.971 f  hsim_total_q_reg[10]_i_3/O[1]
                         net (fo=4, unplaced)         0.496     5.467    in172[9]
                         LUT4 (Prop_lut4_I0_O)        0.265     5.732 r  hmatch_best_dist_q[10]_i_7/O
                         net (fo=1, unplaced)         0.000     5.732    hmatch_best_dist_q[10]_i_7_n_0
                         CARRY4 (Prop_carry4_DI[0]_CO[1])
                                                      0.443     6.175 r  hmatch_best_dist_q_reg[10]_i_3/CO[1]
                         net (fo=1, unplaced)         0.240     6.415    hmatch_best_dist_q_reg[10]_i_3_n_2
                         LUT6 (Prop_lut6_I3_O)        0.277     6.692 r  hmatch_best_dist_q[10]_i_1/O
                         net (fo=19, unplaced)        0.425     7.117    hmatch_best_dist_q[10]_i_1_n_0
                         FDCE                                         r  hmatch_best_idx_q_reg[1]/CE
  -------------------------------------------------------------------    -------------------

                         (clock clk_i rise edge)      6.667     6.667 r  
                                                      0.000     6.667 r  clk_i (IN)
                         net (fo=2875, unset)         0.748     7.415    clk_i
                         FDCE                                         r  hmatch_best_idx_q_reg[1]/C
                         clock pessimism              0.000     7.415    
                         clock uncertainty           -0.035     7.379    
                         FDCE (Setup_fdce_C_CE)      -0.136     7.243    hmatch_best_idx_q_reg[1]
  -------------------------------------------------------------------
                         required time                          7.243    
                         arrival time                          -7.117    
  -------------------------------------------------------------------
                         slack                                  0.126    

Slack (MET) :             0.126ns  (required time - arrival time)
  Source:                 hsim_total_q_reg[0]/C
                            (rising edge-triggered cell FDCE clocked by clk_i  {rise@0.000ns fall@3.333ns period=6.667ns})
  Destination:            hmatch_best_idx_q_reg[2]/CE
                            (rising edge-triggered cell FDCE clocked by clk_i  {rise@0.000ns fall@3.333ns period=6.667ns})
  Path Group:             clk_i
  Path Type:              Setup (Max at Slow Process Corner)
  Requirement:            6.667ns  (clk_i rise@6.667ns - clk_i rise@0.000ns)
  Data Path Delay:        6.330ns  (logic 3.206ns (50.648%)  route 3.124ns (49.352%))
  Logic Levels:           9  (CARRY4=5 LUT3=2 LUT4=1 LUT6=1)
  Clock Path Skew:        -0.039ns (DCD - SCD + CPR)
    Destination Clock Delay (DCD):    0.748ns = ( 7.415 - 6.667 ) 
    Source Clock Delay      (SCD):    0.787ns
    Clock Pessimism Removal (CPR):    0.000ns
  Clock Uncertainty:      0.035ns  ((TSJ^2 + TIJ^2)^1/2 + DJ) / 2 + PE
    Total System Jitter     (TSJ):    0.071ns
    Total Input Jitter      (TIJ):    0.000ns
    Discrete Jitter          (DJ):    0.000ns
    Phase Error              (PE):    0.000ns

    Location             Delay type                Incr(ns)  Path(ns)    Netlist Resource(s)
  -------------------------------------------------------------------    -------------------
                         (clock clk_i rise edge)      0.000     0.000 r  
                                                      0.000     0.000 r  clk_i (IN)
                         net (fo=2875, unset)         0.787     0.787    clk_i
                         FDCE                                         r  hsim_total_q_reg[0]/C
  -------------------------------------------------------------------    -------------------
                         FDCE (Prop_fdce_C_Q)         0.433     1.220 r  hsim_total_q_reg[0]/Q
                         net (fo=4, unplaced)         0.623     1.843    hsim_total_q[0]
                         LUT3 (Prop_lut3_I0_O)        0.232     2.075 r  hsim_total_q[7]_i_21/O
                         net (fo=1, unplaced)         0.537     2.612    hsim_total_q[7]_i_21_n_0
                         CARRY4 (Prop_carry4_DI[1]_CO[3])
                                                      0.430     3.042 r  hsim_total_q_reg[7]_i_11/CO[3]
                         net (fo=1, unplaced)         0.008     3.050    hsim_total_q_reg[7]_i_11_n_0
                         CARRY4 (Prop_carry4_CI_O[0])
                                                      0.189     3.239 r  hsim_total_q_reg[7]_i_3/O[0]
                         net (fo=3, unplaced)         0.258     3.497    hsim_total_q_reg[7]_i_3_n_7
                         LUT3 (Prop_lut3_I2_O)        0.238     3.735 r  hsim_total_q[7]_i_5/O
                         net (fo=1, unplaced)         0.537     4.272    hsim_total_q[7]_i_5_n_0
                         CARRY4 (Prop_carry4_DI[1]_CO[3])
                                                      0.430     4.702 r  hsim_total_q_reg[7]_i_2/CO[3]
                         net (fo=1, unplaced)         0.000     4.702    hsim_total_q_reg[7]_i_2_n_0
                         CARRY4 (Prop_carry4_CI_O[1])
                                                      0.269     4.971 f  hsim_total_q_reg[10]_i_3/O[1]
                         net (fo=4, unplaced)         0.496     5.467    in172[9]
                         LUT4 (Prop_lut4_I0_O)        0.265     5.732 r  hmatch_best_dist_q[10]_i_7/O
                         net (fo=1, unplaced)         0.000     5.732    hmatch_best_dist_q[10]_i_7_n_0
                         CARRY4 (Prop_carry4_DI[0]_CO[1])
                                                      0.443     6.175 r  hmatch_best_dist_q_reg[10]_i_3/CO[1]
                         net (fo=1, unplaced)         0.240     6.415    hmatch_best_dist_q_reg[10]_i_3_n_2
                         LUT6 (Prop_lut6_I3_O)        0.277     6.692 r  hmatch_best_dist_q[10]_i_1/O
                         net (fo=19, unplaced)        0.425     7.117    hmatch_best_dist_q[10]_i_1_n_0
                         FDCE                                         r  hmatch_best_idx_q_reg[2]/CE
  -------------------------------------------------------------------    -------------------

                         (clock clk_i rise edge)      6.667     6.667 r  
                                                      0.000     6.667 r  clk_i (IN)
                         net (fo=2875, unset)         0.748     7.415    clk_i
                         FDCE                                         r  hmatch_best_idx_q_reg[2]/C
                         clock pessimism              0.000     7.415    
                         clock uncertainty           -0.035     7.379    
                         FDCE (Setup_fdce_C_CE)      -0.136     7.243    hmatch_best_idx_q_reg[2]
  -------------------------------------------------------------------
                         required time                          7.243    
                         arrival time                          -7.117    
  -------------------------------------------------------------------
                         slack                                  0.126    

Slack (MET) :             0.126ns  (required time - arrival time)
  Source:                 hsim_total_q_reg[0]/C
                            (rising edge-triggered cell FDCE clocked by clk_i  {rise@0.000ns fall@3.333ns period=6.667ns})
  Destination:            hmatch_best_idx_q_reg[3]/CE
                            (rising edge-triggered cell FDCE clocked by clk_i  {rise@0.000ns fall@3.333ns period=6.667ns})
  Path Group:             clk_i
  Path Type:              Setup (Max at Slow Process Corner)
  Requirement:            6.667ns  (clk_i rise@6.667ns - clk_i rise@0.000ns)
  Data Path Delay:        6.330ns  (logic 3.206ns (50.648%)  route 3.124ns (49.352%))
  Logic Levels:           9  (CARRY4=5 LUT3=2 LUT4=1 LUT6=1)
  Clock Path Skew:        -0.039ns (DCD - SCD + CPR)
    Destination Clock Delay (DCD):    0.748ns = ( 7.415 - 6.667 ) 
    Source Clock Delay      (SCD):    0.787ns
    Clock Pessimism Removal (CPR):    0.000ns
  Clock Uncertainty:      0.035ns  ((TSJ^2 + TIJ^2)^1/2 + DJ) / 2 + PE
    Total System Jitter     (TSJ):    0.071ns
    Total Input Jitter      (TIJ):    0.000ns
    Discrete Jitter          (DJ):    0.000ns
    Phase Error              (PE):    0.000ns

    Location             Delay type                Incr(ns)  Path(ns)    Netlist Resource(s)
  -------------------------------------------------------------------    -------------------
                         (clock clk_i rise edge)      0.000     0.000 r  
                                                      0.000     0.000 r  clk_i (IN)
                         net (fo=2875, unset)         0.787     0.787    clk_i
                         FDCE                                         r  hsim_total_q_reg[0]/C
  -------------------------------------------------------------------    -------------------
                         FDCE (Prop_fdce_C_Q)         0.433     1.220 r  hsim_total_q_reg[0]/Q
                         net (fo=4, unplaced)         0.623     1.843    hsim_total_q[0]
                         LUT3 (Prop_lut3_I0_O)        0.232     2.075 r  hsim_total_q[7]_i_21/O
                         net (fo=1, unplaced)         0.537     2.612    hsim_total_q[7]_i_21_n_0
                         CARRY4 (Prop_carry4_DI[1]_CO[3])
                                                      0.430     3.042 r  hsim_total_q_reg[7]_i_11/CO[3]
                         net (fo=1, unplaced)         0.008     3.050    hsim_total_q_reg[7]_i_11_n_0
                         CARRY4 (Prop_carry4_CI_O[0])
                                                      0.189     3.239 r  hsim_total_q_reg[7]_i_3/O[0]
                         net (fo=3, unplaced)         0.258     3.497    hsim_total_q_reg[7]_i_3_n_7
                         LUT3 (Prop_lut3_I2_O)        0.238     3.735 r  hsim_total_q[7]_i_5/O
                         net (fo=1, unplaced)         0.537     4.272    hsim_total_q[7]_i_5_n_0
                         CARRY4 (Prop_carry4_DI[1]_CO[3])
                                                      0.430     4.702 r  hsim_total_q_reg[7]_i_2/CO[3]
                         net (fo=1, unplaced)         0.000     4.702    hsim_total_q_reg[7]_i_2_n_0
                         CARRY4 (Prop_carry4_CI_O[1])
                                                      0.269     4.971 f  hsim_total_q_reg[10]_i_3/O[1]
                         net (fo=4, unplaced)         0.496     5.467    in172[9]
                         LUT4 (Prop_lut4_I0_O)        0.265     5.732 r  hmatch_best_dist_q[10]_i_7/O
                         net (fo=1, unplaced)         0.000     5.732    hmatch_best_dist_q[10]_i_7_n_0
                         CARRY4 (Prop_carry4_DI[0]_CO[1])
                                                      0.443     6.175 r  hmatch_best_dist_q_reg[10]_i_3/CO[1]
                         net (fo=1, unplaced)         0.240     6.415    hmatch_best_dist_q_reg[10]_i_3_n_2
                         LUT6 (Prop_lut6_I3_O)        0.277     6.692 r  hmatch_best_dist_q[10]_i_1/O
                         net (fo=19, unplaced)        0.425     7.117    hmatch_best_dist_q[10]_i_1_n_0
                         FDCE                                         r  hmatch_best_idx_q_reg[3]/CE
  -------------------------------------------------------------------    -------------------

                         (clock clk_i rise edge)      6.667     6.667 r  
                                                      0.000     6.667 r  clk_i (IN)
                         net (fo=2875, unset)         0.748     7.415    clk_i
                         FDCE                                         r  hmatch_best_idx_q_reg[3]/C
                         clock pessimism              0.000     7.415    
                         clock uncertainty           -0.035     7.379    
                         FDCE (Setup_fdce_C_CE)      -0.136     7.243    hmatch_best_idx_q_reg[3]
  -------------------------------------------------------------------
                         required time                          7.243    
                         arrival time                          -7.117    
  -------------------------------------------------------------------
                         slack                                  0.126    

Slack (MET) :             0.126ns  (required time - arrival time)
  Source:                 hsim_total_q_reg[0]/C
                            (rising edge-triggered cell FDCE clocked by clk_i  {rise@0.000ns fall@3.333ns period=6.667ns})
  Destination:            hmatch_best_idx_q_reg[4]/CE
                            (rising edge-triggered cell FDCE clocked by clk_i  {rise@0.000ns fall@3.333ns period=6.667ns})
  Path Group:             clk_i
  Path Type:              Setup (Max at Slow Process Corner)
  Requirement:            6.667ns  (clk_i rise@6.667ns - clk_i rise@0.000ns)
  Data Path Delay:        6.330ns  (logic 3.206ns (50.648%)  route 3.124ns (49.352%))
  Logic Levels:           9  (CARRY4=5 LUT3=2 LUT4=1 LUT6=1)
  Clock Path Skew:        -0.039ns (DCD - SCD + CPR)
    Destination Clock Delay (DCD):    0.748ns = ( 7.415 - 6.667 ) 
    Source Clock Delay      (SCD):    0.787ns
    Clock Pessimism Removal (CPR):    0.000ns
  Clock Uncertainty:      0.035ns  ((TSJ^2 + TIJ^2)^1/2 + DJ) / 2 + PE
    Total System Jitter     (TSJ):    0.071ns
    Total Input Jitter      (TIJ):    0.000ns
    Discrete Jitter          (DJ):    0.000ns
    Phase Error              (PE):    0.000ns

    Location             Delay type                Incr(ns)  Path(ns)    Netlist Resource(s)
  -------------------------------------------------------------------    -------------------
                         (clock clk_i rise edge)      0.000     0.000 r  
                                                      0.000     0.000 r  clk_i (IN)
                         net (fo=2875, unset)         0.787     0.787    clk_i
                         FDCE                                         r  hsim_total_q_reg[0]/C
  -------------------------------------------------------------------    -------------------
                         FDCE (Prop_fdce_C_Q)         0.433     1.220 r  hsim_total_q_reg[0]/Q
                         net (fo=4, unplaced)         0.623     1.843    hsim_total_q[0]
                         LUT3 (Prop_lut3_I0_O)        0.232     2.075 r  hsim_total_q[7]_i_21/O
                         net (fo=1, unplaced)         0.537     2.612    hsim_total_q[7]_i_21_n_0
                         CARRY4 (Prop_carry4_DI[1]_CO[3])
                                                      0.430     3.042 r  hsim_total_q_reg[7]_i_11/CO[3]
                         net (fo=1, unplaced)         0.008     3.050    hsim_total_q_reg[7]_i_11_n_0
                         CARRY4 (Prop_carry4_CI_O[0])
                                                      0.189     3.239 r  hsim_total_q_reg[7]_i_3/O[0]
                         net (fo=3, unplaced)         0.258     3.497    hsim_total_q_reg[7]_i_3_n_7
                         LUT3 (Prop_lut3_I2_O)        0.238     3.735 r  hsim_total_q[7]_i_5/O
                         net (fo=1, unplaced)         0.537     4.272    hsim_total_q[7]_i_5_n_0
                         CARRY4 (Prop_carry4_DI[1]_CO[3])
                                                      0.430     4.702 r  hsim_total_q_reg[7]_i_2/CO[3]
                         net (fo=1, unplaced)         0.000     4.702    hsim_total_q_reg[7]_i_2_n_0
                         CARRY4 (Prop_carry4_CI_O[1])
                                                      0.269     4.971 f  hsim_total_q_reg[10]_i_3/O[1]
                         net (fo=4, unplaced)         0.496     5.467    in172[9]
                         LUT4 (Prop_lut4_I0_O)        0.265     5.732 r  hmatch_best_dist_q[10]_i_7/O
                         net (fo=1, unplaced)         0.000     5.732    hmatch_best_dist_q[10]_i_7_n_0
                         CARRY4 (Prop_carry4_DI[0]_CO[1])
                                                      0.443     6.175 r  hmatch_best_dist_q_reg[10]_i_3/CO[1]
                         net (fo=1, unplaced)         0.240     6.415    hmatch_best_dist_q_reg[10]_i_3_n_2
                         LUT6 (Prop_lut6_I3_O)        0.277     6.692 r  hmatch_best_dist_q[10]_i_1/O
                         net (fo=19, unplaced)        0.425     7.117    hmatch_best_dist_q[10]_i_1_n_0
                         FDCE                                         r  hmatch_best_idx_q_reg[4]/CE
  -------------------------------------------------------------------    -------------------

                         (clock clk_i rise edge)      6.667     6.667 r  
                                                      0.000     6.667 r  clk_i (IN)
                         net (fo=2875, unset)         0.748     7.415    clk_i
                         FDCE                                         r  hmatch_best_idx_q_reg[4]/C
                         clock pessimism              0.000     7.415    
                         clock uncertainty           -0.035     7.379    
                         FDCE (Setup_fdce_C_CE)      -0.136     7.243    hmatch_best_idx_q_reg[4]
  -------------------------------------------------------------------
                         required time                          7.243    
                         arrival time                          -7.117    
  -------------------------------------------------------------------
                         slack                                  0.126    

Slack (MET) :             0.126ns  (required time - arrival time)
  Source:                 hsim_total_q_reg[0]/C
                            (rising edge-triggered cell FDCE clocked by clk_i  {rise@0.000ns fall@3.333ns period=6.667ns})
  Destination:            hmatch_best_idx_q_reg[5]/CE
                            (rising edge-triggered cell FDCE clocked by clk_i  {rise@0.000ns fall@3.333ns period=6.667ns})
  Path Group:             clk_i
  Path Type:              Setup (Max at Slow Process Corner)
  Requirement:            6.667ns  (clk_i rise@6.667ns - clk_i rise@0.000ns)
  Data Path Delay:        6.330ns  (logic 3.206ns (50.648%)  route 3.124ns (49.352%))
  Logic Levels:           9  (CARRY4=5 LUT3=2 LUT4=1 LUT6=1)
  Clock Path Skew:        -0.039ns (DCD - SCD + CPR)
    Destination Clock Delay (DCD):    0.748ns = ( 7.415 - 6.667 ) 
    Source Clock Delay      (SCD):    0.787ns
    Clock Pessimism Removal (CPR):    0.000ns
  Clock Uncertainty:      0.035ns  ((TSJ^2 + TIJ^2)^1/2 + DJ) / 2 + PE
    Total System Jitter     (TSJ):    0.071ns
    Total Input Jitter      (TIJ):    0.000ns
    Discrete Jitter          (DJ):    0.000ns
    Phase Error              (PE):    0.000ns

    Location             Delay type                Incr(ns)  Path(ns)    Netlist Resource(s)
  -------------------------------------------------------------------    -------------------
                         (clock clk_i rise edge)      0.000     0.000 r  
                                                      0.000     0.000 r  clk_i (IN)
                         net (fo=2875, unset)         0.787     0.787    clk_i
                         FDCE                                         r  hsim_total_q_reg[0]/C
  -------------------------------------------------------------------    -------------------
                         FDCE (Prop_fdce_C_Q)         0.433     1.220 r  hsim_total_q_reg[0]/Q
                         net (fo=4, unplaced)         0.623     1.843    hsim_total_q[0]
                         LUT3 (Prop_lut3_I0_O)        0.232     2.075 r  hsim_total_q[7]_i_21/O
                         net (fo=1, unplaced)         0.537     2.612    hsim_total_q[7]_i_21_n_0
                         CARRY4 (Prop_carry4_DI[1]_CO[3])
                                                      0.430     3.042 r  hsim_total_q_reg[7]_i_11/CO[3]
                         net (fo=1, unplaced)         0.008     3.050    hsim_total_q_reg[7]_i_11_n_0
                         CARRY4 (Prop_carry4_CI_O[0])
                                                      0.189     3.239 r  hsim_total_q_reg[7]_i_3/O[0]
                         net (fo=3, unplaced)         0.258     3.497    hsim_total_q_reg[7]_i_3_n_7
                         LUT3 (Prop_lut3_I2_O)        0.238     3.735 r  hsim_total_q[7]_i_5/O
                         net (fo=1, unplaced)         0.537     4.272    hsim_total_q[7]_i_5_n_0
                         CARRY4 (Prop_carry4_DI[1]_CO[3])
                                                      0.430     4.702 r  hsim_total_q_reg[7]_i_2/CO[3]
                         net (fo=1, unplaced)         0.000     4.702    hsim_total_q_reg[7]_i_2_n_0
                         CARRY4 (Prop_carry4_CI_O[1])
                                                      0.269     4.971 f  hsim_total_q_reg[10]_i_3/O[1]
                         net (fo=4, unplaced)         0.496     5.467    in172[9]
                         LUT4 (Prop_lut4_I0_O)        0.265     5.732 r  hmatch_best_dist_q[10]_i_7/O
                         net (fo=1, unplaced)         0.000     5.732    hmatch_best_dist_q[10]_i_7_n_0
                         CARRY4 (Prop_carry4_DI[0]_CO[1])
                                                      0.443     6.175 r  hmatch_best_dist_q_reg[10]_i_3/CO[1]
                         net (fo=1, unplaced)         0.240     6.415    hmatch_best_dist_q_reg[10]_i_3_n_2
                         LUT6 (Prop_lut6_I3_O)        0.277     6.692 r  hmatch_best_dist_q[10]_i_1/O
                         net (fo=19, unplaced)        0.425     7.117    hmatch_best_dist_q[10]_i_1_n_0
                         FDCE                                         r  hmatch_best_idx_q_reg[5]/CE
  -------------------------------------------------------------------    -------------------

                         (clock clk_i rise edge)      6.667     6.667 r  
                                                      0.000     6.667 r  clk_i (IN)
                         net (fo=2875, unset)         0.748     7.415    clk_i
                         FDCE                                         r  hmatch_best_idx_q_reg[5]/C
                         clock pessimism              0.000     7.415    
                         clock uncertainty           -0.035     7.379    
                         FDCE (Setup_fdce_C_CE)      -0.136     7.243    hmatch_best_idx_q_reg[5]
  -------------------------------------------------------------------
                         required time                          7.243    
                         arrival time                          -7.117    
  -------------------------------------------------------------------
                         slack                                  0.126    

Slack (MET) :             0.126ns  (required time - arrival time)
  Source:                 hsim_total_q_reg[0]/C
                            (rising edge-triggered cell FDCE clocked by clk_i  {rise@0.000ns fall@3.333ns period=6.667ns})
  Destination:            hmatch_best_idx_q_reg[6]/CE
                            (rising edge-triggered cell FDCE clocked by clk_i  {rise@0.000ns fall@3.333ns period=6.667ns})
  Path Group:             clk_i
  Path Type:              Setup (Max at Slow Process Corner)
  Requirement:            6.667ns  (clk_i rise@6.667ns - clk_i rise@0.000ns)
  Data Path Delay:        6.330ns  (logic 3.206ns (50.648%)  route 3.124ns (49.352%))
  Logic Levels:           9  (CARRY4=5 LUT3=2 LUT4=1 LUT6=1)
  Clock Path Skew:        -0.039ns (DCD - SCD + CPR)
    Destination Clock Delay (DCD):    0.748ns = ( 7.415 - 6.667 ) 
    Source Clock Delay      (SCD):    0.787ns
    Clock Pessimism Removal (CPR):    0.000ns
  Clock Uncertainty:      0.035ns  ((TSJ^2 + TIJ^2)^1/2 + DJ) / 2 + PE
    Total System Jitter     (TSJ):    0.071ns
    Total Input Jitter      (TIJ):    0.000ns
    Discrete Jitter          (DJ):    0.000ns
    Phase Error              (PE):    0.000ns

    Location             Delay type                Incr(ns)  Path(ns)    Netlist Resource(s)
  -------------------------------------------------------------------    -------------------
                         (clock clk_i rise edge)      0.000     0.000 r  
                                                      0.000     0.000 r  clk_i (IN)
                         net (fo=2875, unset)         0.787     0.787    clk_i
                         FDCE                                         r  hsim_total_q_reg[0]/C
  -------------------------------------------------------------------    -------------------
                         FDCE (Prop_fdce_C_Q)         0.433     1.220 r  hsim_total_q_reg[0]/Q
                         net (fo=4, unplaced)         0.623     1.843    hsim_total_q[0]
                         LUT3 (Prop_lut3_I0_O)        0.232     2.075 r  hsim_total_q[7]_i_21/O
                         net (fo=1, unplaced)         0.537     2.612    hsim_total_q[7]_i_21_n_0
                         CARRY4 (Prop_carry4_DI[1]_CO[3])
                                                      0.430     3.042 r  hsim_total_q_reg[7]_i_11/CO[3]
                         net (fo=1, unplaced)         0.008     3.050    hsim_total_q_reg[7]_i_11_n_0
                         CARRY4 (Prop_carry4_CI_O[0])
                                                      0.189     3.239 r  hsim_total_q_reg[7]_i_3/O[0]
                         net (fo=3, unplaced)         0.258     3.497    hsim_total_q_reg[7]_i_3_n_7
                         LUT3 (Prop_lut3_I2_O)        0.238     3.735 r  hsim_total_q[7]_i_5/O
                         net (fo=1, unplaced)         0.537     4.272    hsim_total_q[7]_i_5_n_0
                         CARRY4 (Prop_carry4_DI[1]_CO[3])
                                                      0.430     4.702 r  hsim_total_q_reg[7]_i_2/CO[3]
                         net (fo=1, unplaced)         0.000     4.702    hsim_total_q_reg[7]_i_2_n_0
                         CARRY4 (Prop_carry4_CI_O[1])
                                                      0.269     4.971 f  hsim_total_q_reg[10]_i_3/O[1]
                         net (fo=4, unplaced)         0.496     5.467    in172[9]
                         LUT4 (Prop_lut4_I0_O)        0.265     5.732 r  hmatch_best_dist_q[10]_i_7/O
                         net (fo=1, unplaced)         0.000     5.732    hmatch_best_dist_q[10]_i_7_n_0
                         CARRY4 (Prop_carry4_DI[0]_CO[1])
                                                      0.443     6.175 r  hmatch_best_dist_q_reg[10]_i_3/CO[1]
                         net (fo=1, unplaced)         0.240     6.415    hmatch_best_dist_q_reg[10]_i_3_n_2
                         LUT6 (Prop_lut6_I3_O)        0.277     6.692 r  hmatch_best_dist_q[10]_i_1/O
                         net (fo=19, unplaced)        0.425     7.117    hmatch_best_dist_q[10]_i_1_n_0
                         FDCE                                         r  hmatch_best_idx_q_reg[6]/CE
  -------------------------------------------------------------------    -------------------

                         (clock clk_i rise edge)      6.667     6.667 r  
                                                      0.000     6.667 r  clk_i (IN)
                         net (fo=2875, unset)         0.748     7.415    clk_i
                         FDCE                                         r  hmatch_best_idx_q_reg[6]/C
                         clock pessimism              0.000     7.415    
                         clock uncertainty           -0.035     7.379    
                         FDCE (Setup_fdce_C_CE)      -0.136     7.243    hmatch_best_idx_q_reg[6]
  -------------------------------------------------------------------
                         required time                          7.243    
                         arrival time                          -7.117    
  -------------------------------------------------------------------
                         slack                                  0.126    

Slack (MET) :             0.126ns  (required time - arrival time)
  Source:                 hsim_total_q_reg[0]/C
                            (rising edge-triggered cell FDCE clocked by clk_i  {rise@0.000ns fall@3.333ns period=6.667ns})
  Destination:            hmatch_best_idx_q_reg[7]/CE
                            (rising edge-triggered cell FDCE clocked by clk_i  {rise@0.000ns fall@3.333ns period=6.667ns})
  Path Group:             clk_i
  Path Type:              Setup (Max at Slow Process Corner)
  Requirement:            6.667ns  (clk_i rise@6.667ns - clk_i rise@0.000ns)
  Data Path Delay:        6.330ns  (logic 3.206ns (50.648%)  route 3.124ns (49.352%))
  Logic Levels:           9  (CARRY4=5 LUT3=2 LUT4=1 LUT6=1)
  Clock Path Skew:        -0.039ns (DCD - SCD + CPR)
    Destination Clock Delay (DCD):    0.748ns = ( 7.415 - 6.667 ) 
    Source Clock Delay      (SCD):    0.787ns
    Clock Pessimism Removal (CPR):    0.000ns
  Clock Uncertainty:      0.035ns  ((TSJ^2 + TIJ^2)^1/2 + DJ) / 2 + PE
    Total System Jitter     (TSJ):    0.071ns
    Total Input Jitter      (TIJ):    0.000ns
    Discrete Jitter          (DJ):    0.000ns
    Phase Error              (PE):    0.000ns

    Location             Delay type                Incr(ns)  Path(ns)    Netlist Resource(s)
  -------------------------------------------------------------------    -------------------
                         (clock clk_i rise edge)      0.000     0.000 r  
                                                      0.000     0.000 r  clk_i (IN)
                         net (fo=2875, unset)         0.787     0.787    clk_i
                         FDCE                                         r  hsim_total_q_reg[0]/C
  -------------------------------------------------------------------    -------------------
                         FDCE (Prop_fdce_C_Q)         0.433     1.220 r  hsim_total_q_reg[0]/Q
                         net (fo=4, unplaced)         0.623     1.843    hsim_total_q[0]
                         LUT3 (Prop_lut3_I0_O)        0.232     2.075 r  hsim_total_q[7]_i_21/O
                         net (fo=1, unplaced)         0.537     2.612    hsim_total_q[7]_i_21_n_0
                         CARRY4 (Prop_carry4_DI[1]_CO[3])
                                                      0.430     3.042 r  hsim_total_q_reg[7]_i_11/CO[3]
                         net (fo=1, unplaced)         0.008     3.050    hsim_total_q_reg[7]_i_11_n_0
                         CARRY4 (Prop_carry4_CI_O[0])
                                                      0.189     3.239 r  hsim_total_q_reg[7]_i_3/O[0]
                         net (fo=3, unplaced)         0.258     3.497    hsim_total_q_reg[7]_i_3_n_7
                         LUT3 (Prop_lut3_I2_O)        0.238     3.735 r  hsim_total_q[7]_i_5/O
                         net (fo=1, unplaced)         0.537     4.272    hsim_total_q[7]_i_5_n_0
                         CARRY4 (Prop_carry4_DI[1]_CO[3])
                                                      0.430     4.702 r  hsim_total_q_reg[7]_i_2/CO[3]
                         net (fo=1, unplaced)         0.000     4.702    hsim_total_q_reg[7]_i_2_n_0
                         CARRY4 (Prop_carry4_CI_O[1])
                                                      0.269     4.971 f  hsim_total_q_reg[10]_i_3/O[1]
                         net (fo=4, unplaced)         0.496     5.467    in172[9]
                         LUT4 (Prop_lut4_I0_O)        0.265     5.732 r  hmatch_best_dist_q[10]_i_7/O
                         net (fo=1, unplaced)         0.000     5.732    hmatch_best_dist_q[10]_i_7_n_0
                         CARRY4 (Prop_carry4_DI[0]_CO[1])
                                                      0.443     6.175 r  hmatch_best_dist_q_reg[10]_i_3/CO[1]
                         net (fo=1, unplaced)         0.240     6.415    hmatch_best_dist_q_reg[10]_i_3_n_2
                         LUT6 (Prop_lut6_I3_O)        0.277     6.692 r  hmatch_best_dist_q[10]_i_1/O
                         net (fo=19, unplaced)        0.425     7.117    hmatch_best_dist_q[10]_i_1_n_0
                         FDCE                                         r  hmatch_best_idx_q_reg[7]/CE
  -------------------------------------------------------------------    -------------------

                         (clock clk_i rise edge)      6.667     6.667 r  
                                                      0.000     6.667 r  clk_i (IN)
                         net (fo=2875, unset)         0.748     7.415    clk_i
                         FDCE                                         r  hmatch_best_idx_q_reg[7]/C
                         clock pessimism              0.000     7.415    
                         clock uncertainty           -0.035     7.379    
                         FDCE (Setup_fdce_C_CE)      -0.136     7.243    hmatch_best_idx_q_reg[7]
  -------------------------------------------------------------------
                         required time                          7.243    
                         arrival time                          -7.117    
  -------------------------------------------------------------------
                         slack                                  0.126    

Slack (MET) :             1.650ns  (required time - arrival time)
  Source:                 a_q_reg[4]/C
                            (rising edge-triggered cell FDCE clocked by clk_i  {rise@0.000ns fall@3.333ns period=6.667ns})
  Destination:            res_q_reg[0]/CE
                            (rising edge-triggered cell FDCE clocked by clk_i  {rise@0.000ns fall@3.333ns period=6.667ns})
  Path Group:             clk_i
  Path Type:              Setup (Max at Slow Process Corner)
  Requirement:            6.667ns  (clk_i rise@6.667ns - clk_i rise@0.000ns)
  Data Path Delay:        4.806ns  (logic 1.951ns (40.595%)  route 2.855ns (59.405%))
  Logic Levels:           7  (CARRY4=2 LUT4=2 LUT5=1 LUT6=2)
  Clock Path Skew:        -0.039ns (DCD - SCD + CPR)
    Destination Clock Delay (DCD):    0.748ns = ( 7.415 - 6.667 ) 
    Source Clock Delay      (SCD):    0.787ns
    Clock Pessimism Removal (CPR):    0.000ns
  Clock Uncertainty:      0.035ns  ((TSJ^2 + TIJ^2)^1/2 + DJ) / 2 + PE
    Total System Jitter     (TSJ):    0.071ns
    Total Input Jitter      (TIJ):    0.000ns
    Discrete Jitter          (DJ):    0.000ns
    Phase Error              (PE):    0.000ns

    Location             Delay type                Incr(ns)  Path(ns)    Netlist Resource(s)
  -------------------------------------------------------------------    -------------------
                         (clock clk_i rise edge)      0.000     0.000 r  
                                                      0.000     0.000 r  clk_i (IN)
                         net (fo=2875, unset)         0.787     0.787    clk_i
                         FDCE                                         r  a_q_reg[4]/C
  -------------------------------------------------------------------    -------------------
                         FDCE (Prop_fdce_C_Q)         0.433     1.220 r  a_q_reg[4]/Q
                         net (fo=18, unplaced)        0.656     1.876    a_q_reg_n_0_[4]
                         LUT4 (Prop_lut4_I1_O)        0.232     2.108 r  FSM_onehot_st_q[10]_i_21/O
                         net (fo=1, unplaced)         0.000     2.108    FSM_onehot_st_q[10]_i_21_n_0
                         CARRY4 (Prop_carry4_S[1]_CO[3])
                                                      0.444     2.552 r  FSM_onehot_st_q_reg[10]_i_8/CO[3]
                         net (fo=1, unplaced)         0.008     2.560    FSM_onehot_st_q_reg[10]_i_8_n_0
                         CARRY4 (Prop_carry4_CI_O[3])
                                                      0.277     2.837 r  FSM_onehot_st_q_reg[10]_i_7/O[3]
                         net (fo=1, unplaced)         0.650     3.487    FSM_onehot_st_q_reg[10]_i_7_n_4
                         LUT6 (Prop_lut6_I2_O)        0.250     3.737 r  FSM_onehot_st_q[10]_i_6/O
                         net (fo=1, unplaced)         0.347     4.084    FSM_onehot_st_q[10]_i_6_n_0
                         LUT4 (Prop_lut4_I3_O)        0.105     4.189 f  FSM_onehot_st_q[10]_i_4/O
                         net (fo=7, unplaced)         0.382     4.571    FSM_onehot_st_q[10]_i_4_n_0
                         LUT6 (Prop_lut6_I2_O)        0.105     4.676 r  FSM_onehot_st_q[10]_i_2/O
                         net (fo=2, unplaced)         0.358     5.034    FSM_onehot_st_q[10]_i_2_n_0
                         LUT5 (Prop_lut5_I1_O)        0.105     5.139 r  res_q[63]_i_1/O
                         net (fo=64, unplaced)        0.454     5.593    res_q[63]_i_1_n_0
                         FDCE                                         r  res_q_reg[0]/CE
  -------------------------------------------------------------------    -------------------

                         (clock clk_i rise edge)      6.667     6.667 r  
                                                      0.000     6.667 r  clk_i (IN)
                         net (fo=2875, unset)         0.748     7.415    clk_i
                         FDCE                                         r  res_q_reg[0]/C
                         clock pessimism              0.000     7.415    
                         clock uncertainty           -0.035     7.379    
                         FDCE (Setup_fdce_C_CE)      -0.136     7.243    res_q_reg[0]
  -------------------------------------------------------------------
                         required time                          7.243    
                         arrival time                          -5.593    
  -------------------------------------------------------------------
                         slack                                  1.650    

Slack (MET) :             1.650ns  (required time - arrival time)
  Source:                 a_q_reg[4]/C
                            (rising edge-triggered cell FDCE clocked by clk_i  {rise@0.000ns fall@3.333ns period=6.667ns})
  Destination:            res_q_reg[10]/CE
                            (rising edge-triggered cell FDCE clocked by clk_i  {rise@0.000ns fall@3.333ns period=6.667ns})
  Path Group:             clk_i
  Path Type:              Setup (Max at Slow Process Corner)
  Requirement:            6.667ns  (clk_i rise@6.667ns - clk_i rise@0.000ns)
  Data Path Delay:        4.806ns  (logic 1.951ns (40.595%)  route 2.855ns (59.405%))
  Logic Levels:           7  (CARRY4=2 LUT4=2 LUT5=1 LUT6=2)
  Clock Path Skew:        -0.039ns (DCD - SCD + CPR)
    Destination Clock Delay (DCD):    0.748ns = ( 7.415 - 6.667 ) 
    Source Clock Delay      (SCD):    0.787ns
    Clock Pessimism Removal (CPR):    0.000ns
  Clock Uncertainty:      0.035ns  ((TSJ^2 + TIJ^2)^1/2 + DJ) / 2 + PE
    Total System Jitter     (TSJ):    0.071ns
    Total Input Jitter      (TIJ):    0.000ns
    Discrete Jitter          (DJ):    0.000ns
    Phase Error              (PE):    0.000ns

    Location             Delay type                Incr(ns)  Path(ns)    Netlist Resource(s)
  -------------------------------------------------------------------    -------------------
                         (clock clk_i rise edge)      0.000     0.000 r  
                                                      0.000     0.000 r  clk_i (IN)
                         net (fo=2875, unset)         0.787     0.787    clk_i
                         FDCE                                         r  a_q_reg[4]/C
  -------------------------------------------------------------------    -------------------
                         FDCE (Prop_fdce_C_Q)         0.433     1.220 r  a_q_reg[4]/Q
                         net (fo=18, unplaced)        0.656     1.876    a_q_reg_n_0_[4]
                         LUT4 (Prop_lut4_I1_O)        0.232     2.108 r  FSM_onehot_st_q[10]_i_21/O
                         net (fo=1, unplaced)         0.000     2.108    FSM_onehot_st_q[10]_i_21_n_0
                         CARRY4 (Prop_carry4_S[1]_CO[3])
                                                      0.444     2.552 r  FSM_onehot_st_q_reg[10]_i_8/CO[3]
                         net (fo=1, unplaced)         0.008     2.560    FSM_onehot_st_q_reg[10]_i_8_n_0
                         CARRY4 (Prop_carry4_CI_O[3])
                                                      0.277     2.837 r  FSM_onehot_st_q_reg[10]_i_7/O[3]
                         net (fo=1, unplaced)         0.650     3.487    FSM_onehot_st_q_reg[10]_i_7_n_4
                         LUT6 (Prop_lut6_I2_O)        0.250     3.737 r  FSM_onehot_st_q[10]_i_6/O
                         net (fo=1, unplaced)         0.347     4.084    FSM_onehot_st_q[10]_i_6_n_0
                         LUT4 (Prop_lut4_I3_O)        0.105     4.189 f  FSM_onehot_st_q[10]_i_4/O
                         net (fo=7, unplaced)         0.382     4.571    FSM_onehot_st_q[10]_i_4_n_0
                         LUT6 (Prop_lut6_I2_O)        0.105     4.676 r  FSM_onehot_st_q[10]_i_2/O
                         net (fo=2, unplaced)         0.358     5.034    FSM_onehot_st_q[10]_i_2_n_0
                         LUT5 (Prop_lut5_I1_O)        0.105     5.139 r  res_q[63]_i_1/O
                         net (fo=64, unplaced)        0.454     5.593    res_q[63]_i_1_n_0
                         FDCE                                         r  res_q_reg[10]/CE
  -------------------------------------------------------------------    -------------------

                         (clock clk_i rise edge)      6.667     6.667 r  
                                                      0.000     6.667 r  clk_i (IN)
                         net (fo=2875, unset)         0.748     7.415    clk_i
                         FDCE                                         r  res_q_reg[10]/C
                         clock pessimism              0.000     7.415    
                         clock uncertainty           -0.035     7.379    
                         FDCE (Setup_fdce_C_CE)      -0.136     7.243    res_q_reg[10]
  -------------------------------------------------------------------
                         required time                          7.243    
                         arrival time                          -5.593    
  -------------------------------------------------------------------
                         slack                                  1.650    

Slack (MET) :             1.650ns  (required time - arrival time)
  Source:                 a_q_reg[4]/C
                            (rising edge-triggered cell FDCE clocked by clk_i  {rise@0.000ns fall@3.333ns period=6.667ns})
  Destination:            res_q_reg[11]/CE
                            (rising edge-triggered cell FDCE clocked by clk_i  {rise@0.000ns fall@3.333ns period=6.667ns})
  Path Group:             clk_i
  Path Type:              Setup (Max at Slow Process Corner)
  Requirement:            6.667ns  (clk_i rise@6.667ns - clk_i rise@0.000ns)
  Data Path Delay:        4.806ns  (logic 1.951ns (40.595%)  route 2.855ns (59.405%))
  Logic Levels:           7  (CARRY4=2 LUT4=2 LUT5=1 LUT6=2)
  Clock Path Skew:        -0.039ns (DCD - SCD + CPR)
    Destination Clock Delay (DCD):    0.748ns = ( 7.415 - 6.667 ) 
    Source Clock Delay      (SCD):    0.787ns
    Clock Pessimism Removal (CPR):    0.000ns
  Clock Uncertainty:      0.035ns  ((TSJ^2 + TIJ^2)^1/2 + DJ) / 2 + PE
    Total System Jitter     (TSJ):    0.071ns
    Total Input Jitter      (TIJ):    0.000ns
    Discrete Jitter          (DJ):    0.000ns
    Phase Error              (PE):    0.000ns

    Location             Delay type                Incr(ns)  Path(ns)    Netlist Resource(s)
  -------------------------------------------------------------------    -------------------
                         (clock clk_i rise edge)      0.000     0.000 r  
                                                      0.000     0.000 r  clk_i (IN)
                         net (fo=2875, unset)         0.787     0.787    clk_i
                         FDCE                                         r  a_q_reg[4]/C
  -------------------------------------------------------------------    -------------------
                         FDCE (Prop_fdce_C_Q)         0.433     1.220 r  a_q_reg[4]/Q
                         net (fo=18, unplaced)        0.656     1.876    a_q_reg_n_0_[4]
                         LUT4 (Prop_lut4_I1_O)        0.232     2.108 r  FSM_onehot_st_q[10]_i_21/O
                         net (fo=1, unplaced)         0.000     2.108    FSM_onehot_st_q[10]_i_21_n_0
                         CARRY4 (Prop_carry4_S[1]_CO[3])
                                                      0.444     2.552 r  FSM_onehot_st_q_reg[10]_i_8/CO[3]
                         net (fo=1, unplaced)         0.008     2.560    FSM_onehot_st_q_reg[10]_i_8_n_0
                         CARRY4 (Prop_carry4_CI_O[3])
                                                      0.277     2.837 r  FSM_onehot_st_q_reg[10]_i_7/O[3]
                         net (fo=1, unplaced)         0.650     3.487    FSM_onehot_st_q_reg[10]_i_7_n_4
                         LUT6 (Prop_lut6_I2_O)        0.250     3.737 r  FSM_onehot_st_q[10]_i_6/O
                         net (fo=1, unplaced)         0.347     4.084    FSM_onehot_st_q[10]_i_6_n_0
                         LUT4 (Prop_lut4_I3_O)        0.105     4.189 f  FSM_onehot_st_q[10]_i_4/O
                         net (fo=7, unplaced)         0.382     4.571    FSM_onehot_st_q[10]_i_4_n_0
                         LUT6 (Prop_lut6_I2_O)        0.105     4.676 r  FSM_onehot_st_q[10]_i_2/O
                         net (fo=2, unplaced)         0.358     5.034    FSM_onehot_st_q[10]_i_2_n_0
                         LUT5 (Prop_lut5_I1_O)        0.105     5.139 r  res_q[63]_i_1/O
                         net (fo=64, unplaced)        0.454     5.593    res_q[63]_i_1_n_0
                         FDCE                                         r  res_q_reg[11]/CE
  -------------------------------------------------------------------    -------------------

                         (clock clk_i rise edge)      6.667     6.667 r  
                                                      0.000     6.667 r  clk_i (IN)
                         net (fo=2875, unset)         0.748     7.415    clk_i
                         FDCE                                         r  res_q_reg[11]/C
                         clock pessimism              0.000     7.415    
                         clock uncertainty           -0.035     7.379    
                         FDCE (Setup_fdce_C_CE)      -0.136     7.243    res_q_reg[11]
  -------------------------------------------------------------------
                         required time                          7.243    
                         arrival time                          -5.593    
  -------------------------------------------------------------------
                         slack                                  1.650    

Slack (MET) :             1.650ns  (required time - arrival time)
  Source:                 a_q_reg[4]/C
                            (rising edge-triggered cell FDCE clocked by clk_i  {rise@0.000ns fall@3.333ns period=6.667ns})
  Destination:            res_q_reg[12]/CE
                            (rising edge-triggered cell FDCE clocked by clk_i  {rise@0.000ns fall@3.333ns period=6.667ns})
  Path Group:             clk_i
  Path Type:              Setup (Max at Slow Process Corner)
  Requirement:            6.667ns  (clk_i rise@6.667ns - clk_i rise@0.000ns)
  Data Path Delay:        4.806ns  (logic 1.951ns (40.595%)  route 2.855ns (59.405%))
  Logic Levels:           7  (CARRY4=2 LUT4=2 LUT5=1 LUT6=2)
  Clock Path Skew:        -0.039ns (DCD - SCD + CPR)
    Destination Clock Delay (DCD):    0.748ns = ( 7.415 - 6.667 ) 
    Source Clock Delay      (SCD):    0.787ns
    Clock Pessimism Removal (CPR):    0.000ns
  Clock Uncertainty:      0.035ns  ((TSJ^2 + TIJ^2)^1/2 + DJ) / 2 + PE
    Total System Jitter     (TSJ):    0.071ns
    Total Input Jitter      (TIJ):    0.000ns
    Discrete Jitter          (DJ):    0.000ns
    Phase Error              (PE):    0.000ns

    Location             Delay type                Incr(ns)  Path(ns)    Netlist Resource(s)
  -------------------------------------------------------------------    -------------------
                         (clock clk_i rise edge)      0.000     0.000 r  
                                                      0.000     0.000 r  clk_i (IN)
                         net (fo=2875, unset)         0.787     0.787    clk_i
                         FDCE                                         r  a_q_reg[4]/C
  -------------------------------------------------------------------    -------------------
                         FDCE (Prop_fdce_C_Q)         0.433     1.220 r  a_q_reg[4]/Q
                         net (fo=18, unplaced)        0.656     1.876    a_q_reg_n_0_[4]
                         LUT4 (Prop_lut4_I1_O)        0.232     2.108 r  FSM_onehot_st_q[10]_i_21/O
                         net (fo=1, unplaced)         0.000     2.108    FSM_onehot_st_q[10]_i_21_n_0
                         CARRY4 (Prop_carry4_S[1]_CO[3])
                                                      0.444     2.552 r  FSM_onehot_st_q_reg[10]_i_8/CO[3]
                         net (fo=1, unplaced)         0.008     2.560    FSM_onehot_st_q_reg[10]_i_8_n_0
                         CARRY4 (Prop_carry4_CI_O[3])
                                                      0.277     2.837 r  FSM_onehot_st_q_reg[10]_i_7/O[3]
                         net (fo=1, unplaced)         0.650     3.487    FSM_onehot_st_q_reg[10]_i_7_n_4
                         LUT6 (Prop_lut6_I2_O)        0.250     3.737 r  FSM_onehot_st_q[10]_i_6/O
                         net (fo=1, unplaced)         0.347     4.084    FSM_onehot_st_q[10]_i_6_n_0
                         LUT4 (Prop_lut4_I3_O)        0.105     4.189 f  FSM_onehot_st_q[10]_i_4/O
                         net (fo=7, unplaced)         0.382     4.571    FSM_onehot_st_q[10]_i_4_n_0
                         LUT6 (Prop_lut6_I2_O)        0.105     4.676 r  FSM_onehot_st_q[10]_i_2/O
                         net (fo=2, unplaced)         0.358     5.034    FSM_onehot_st_q[10]_i_2_n_0
                         LUT5 (Prop_lut5_I1_O)        0.105     5.139 r  res_q[63]_i_1/O
                         net (fo=64, unplaced)        0.454     5.593    res_q[63]_i_1_n_0
                         FDCE                                         r  res_q_reg[12]/CE
  -------------------------------------------------------------------    -------------------

                         (clock clk_i rise edge)      6.667     6.667 r  
                                                      0.000     6.667 r  clk_i (IN)
                         net (fo=2875, unset)         0.748     7.415    clk_i
                         FDCE                                         r  res_q_reg[12]/C
                         clock pessimism              0.000     7.415    
                         clock uncertainty           -0.035     7.379    
                         FDCE (Setup_fdce_C_CE)      -0.136     7.243    res_q_reg[12]
  -------------------------------------------------------------------
                         required time                          7.243    
                         arrival time                          -5.593    
  -------------------------------------------------------------------
                         slack                                  1.650    

Slack (MET) :             1.650ns  (required time - arrival time)
  Source:                 a_q_reg[4]/C
                            (rising edge-triggered cell FDCE clocked by clk_i  {rise@0.000ns fall@3.333ns period=6.667ns})
  Destination:            res_q_reg[13]/CE
                            (rising edge-triggered cell FDCE clocked by clk_i  {rise@0.000ns fall@3.333ns period=6.667ns})
  Path Group:             clk_i
  Path Type:              Setup (Max at Slow Process Corner)
  Requirement:            6.667ns  (clk_i rise@6.667ns - clk_i rise@0.000ns)
  Data Path Delay:        4.806ns  (logic 1.951ns (40.595%)  route 2.855ns (59.405%))
  Logic Levels:           7  (CARRY4=2 LUT4=2 LUT5=1 LUT6=2)
  Clock Path Skew:        -0.039ns (DCD - SCD + CPR)
    Destination Clock Delay (DCD):    0.748ns = ( 7.415 - 6.667 ) 
    Source Clock Delay      (SCD):    0.787ns
    Clock Pessimism Removal (CPR):    0.000ns
  Clock Uncertainty:      0.035ns  ((TSJ^2 + TIJ^2)^1/2 + DJ) / 2 + PE
    Total System Jitter     (TSJ):    0.071ns
    Total Input Jitter      (TIJ):    0.000ns
    Discrete Jitter          (DJ):    0.000ns
    Phase Error              (PE):    0.000ns

    Location             Delay type                Incr(ns)  Path(ns)    Netlist Resource(s)
  -------------------------------------------------------------------    -------------------
                         (clock clk_i rise edge)      0.000     0.000 r  
                                                      0.000     0.000 r  clk_i (IN)
                         net (fo=2875, unset)         0.787     0.787    clk_i
                         FDCE                                         r  a_q_reg[4]/C
  -------------------------------------------------------------------    -------------------
                         FDCE (Prop_fdce_C_Q)         0.433     1.220 r  a_q_reg[4]/Q
                         net (fo=18, unplaced)        0.656     1.876    a_q_reg_n_0_[4]
                         LUT4 (Prop_lut4_I1_O)        0.232     2.108 r  FSM_onehot_st_q[10]_i_21/O
                         net (fo=1, unplaced)         0.000     2.108    FSM_onehot_st_q[10]_i_21_n_0
                         CARRY4 (Prop_carry4_S[1]_CO[3])
                                                      0.444     2.552 r  FSM_onehot_st_q_reg[10]_i_8/CO[3]
                         net (fo=1, unplaced)         0.008     2.560    FSM_onehot_st_q_reg[10]_i_8_n_0
                         CARRY4 (Prop_carry4_CI_O[3])
                                                      0.277     2.837 r  FSM_onehot_st_q_reg[10]_i_7/O[3]
                         net (fo=1, unplaced)         0.650     3.487    FSM_onehot_st_q_reg[10]_i_7_n_4
                         LUT6 (Prop_lut6_I2_O)        0.250     3.737 r  FSM_onehot_st_q[10]_i_6/O
                         net (fo=1, unplaced)         0.347     4.084    FSM_onehot_st_q[10]_i_6_n_0
                         LUT4 (Prop_lut4_I3_O)        0.105     4.189 f  FSM_onehot_st_q[10]_i_4/O
                         net (fo=7, unplaced)         0.382     4.571    FSM_onehot_st_q[10]_i_4_n_0
                         LUT6 (Prop_lut6_I2_O)        0.105     4.676 r  FSM_onehot_st_q[10]_i_2/O
                         net (fo=2, unplaced)         0.358     5.034    FSM_onehot_st_q[10]_i_2_n_0
                         LUT5 (Prop_lut5_I1_O)        0.105     5.139 r  res_q[63]_i_1/O
                         net (fo=64, unplaced)        0.454     5.593    res_q[63]_i_1_n_0
                         FDCE                                         r  res_q_reg[13]/CE
  -------------------------------------------------------------------    -------------------

                         (clock clk_i rise edge)      6.667     6.667 r  
                                                      0.000     6.667 r  clk_i (IN)
                         net (fo=2875, unset)         0.748     7.415    clk_i
                         FDCE                                         r  res_q_reg[13]/C
                         clock pessimism              0.000     7.415    
                         clock uncertainty           -0.035     7.379    
                         FDCE (Setup_fdce_C_CE)      -0.136     7.243    res_q_reg[13]
  -------------------------------------------------------------------
                         required time                          7.243    
                         arrival time                          -5.593    
  -------------------------------------------------------------------
                         slack                                  1.650    

Slack (MET) :             1.650ns  (required time - arrival time)
  Source:                 a_q_reg[4]/C
                            (rising edge-triggered cell FDCE clocked by clk_i  {rise@0.000ns fall@3.333ns period=6.667ns})
  Destination:            res_q_reg[14]/CE
                            (rising edge-triggered cell FDCE clocked by clk_i  {rise@0.000ns fall@3.333ns period=6.667ns})
  Path Group:             clk_i
  Path Type:              Setup (Max at Slow Process Corner)
  Requirement:            6.667ns  (clk_i rise@6.667ns - clk_i rise@0.000ns)
  Data Path Delay:        4.806ns  (logic 1.951ns (40.595%)  route 2.855ns (59.405%))
  Logic Levels:           7  (CARRY4=2 LUT4=2 LUT5=1 LUT6=2)
  Clock Path Skew:        -0.039ns (DCD - SCD + CPR)
    Destination Clock Delay (DCD):    0.748ns = ( 7.415 - 6.667 ) 
    Source Clock Delay      (SCD):    0.787ns
    Clock Pessimism Removal (CPR):    0.000ns
  Clock Uncertainty:      0.035ns  ((TSJ^2 + TIJ^2)^1/2 + DJ) / 2 + PE
    Total System Jitter     (TSJ):    0.071ns
    Total Input Jitter      (TIJ):    0.000ns
    Discrete Jitter          (DJ):    0.000ns
    Phase Error              (PE):    0.000ns

    Location             Delay type                Incr(ns)  Path(ns)    Netlist Resource(s)
  -------------------------------------------------------------------    -------------------
                         (clock clk_i rise edge)      0.000     0.000 r  
                                                      0.000     0.000 r  clk_i (IN)
                         net (fo=2875, unset)         0.787     0.787    clk_i
                         FDCE                                         r  a_q_reg[4]/C
  -------------------------------------------------------------------    -------------------
                         FDCE (Prop_fdce_C_Q)         0.433     1.220 r  a_q_reg[4]/Q
                         net (fo=18, unplaced)        0.656     1.876    a_q_reg_n_0_[4]
                         LUT4 (Prop_lut4_I1_O)        0.232     2.108 r  FSM_onehot_st_q[10]_i_21/O
                         net (fo=1, unplaced)         0.000     2.108    FSM_onehot_st_q[10]_i_21_n_0
                         CARRY4 (Prop_carry4_S[1]_CO[3])
                                                      0.444     2.552 r  FSM_onehot_st_q_reg[10]_i_8/CO[3]
                         net (fo=1, unplaced)         0.008     2.560    FSM_onehot_st_q_reg[10]_i_8_n_0
                         CARRY4 (Prop_carry4_CI_O[3])
                                                      0.277     2.837 r  FSM_onehot_st_q_reg[10]_i_7/O[3]
                         net (fo=1, unplaced)         0.650     3.487    FSM_onehot_st_q_reg[10]_i_7_n_4
                         LUT6 (Prop_lut6_I2_O)        0.250     3.737 r  FSM_onehot_st_q[10]_i_6/O
                         net (fo=1, unplaced)         0.347     4.084    FSM_onehot_st_q[10]_i_6_n_0
                         LUT4 (Prop_lut4_I3_O)        0.105     4.189 f  FSM_onehot_st_q[10]_i_4/O
                         net (fo=7, unplaced)         0.382     4.571    FSM_onehot_st_q[10]_i_4_n_0
                         LUT6 (Prop_lut6_I2_O)        0.105     4.676 r  FSM_onehot_st_q[10]_i_2/O
                         net (fo=2, unplaced)         0.358     5.034    FSM_onehot_st_q[10]_i_2_n_0
                         LUT5 (Prop_lut5_I1_O)        0.105     5.139 r  res_q[63]_i_1/O
                         net (fo=64, unplaced)        0.454     5.593    res_q[63]_i_1_n_0
                         FDCE                                         r  res_q_reg[14]/CE
  -------------------------------------------------------------------    -------------------

                         (clock clk_i rise edge)      6.667     6.667 r  
                                                      0.000     6.667 r  clk_i (IN)
                         net (fo=2875, unset)         0.748     7.415    clk_i
                         FDCE                                         r  res_q_reg[14]/C
                         clock pessimism              0.000     7.415    
                         clock uncertainty           -0.035     7.379    
                         FDCE (Setup_fdce_C_CE)      -0.136     7.243    res_q_reg[14]
  -------------------------------------------------------------------
                         required time                          7.243    
                         arrival time                          -5.593    
  -------------------------------------------------------------------
                         slack                                  1.650    

Slack (MET) :             1.650ns  (required time - arrival time)
  Source:                 a_q_reg[4]/C
                            (rising edge-triggered cell FDCE clocked by clk_i  {rise@0.000ns fall@3.333ns period=6.667ns})
  Destination:            res_q_reg[15]/CE
                            (rising edge-triggered cell FDCE clocked by clk_i  {rise@0.000ns fall@3.333ns period=6.667ns})
  Path Group:             clk_i
  Path Type:              Setup (Max at Slow Process Corner)
  Requirement:            6.667ns  (clk_i rise@6.667ns - clk_i rise@0.000ns)
  Data Path Delay:        4.806ns  (logic 1.951ns (40.595%)  route 2.855ns (59.405%))
  Logic Levels:           7  (CARRY4=2 LUT4=2 LUT5=1 LUT6=2)
  Clock Path Skew:        -0.039ns (DCD - SCD + CPR)
    Destination Clock Delay (DCD):    0.748ns = ( 7.415 - 6.667 ) 
    Source Clock Delay      (SCD):    0.787ns
    Clock Pessimism Removal (CPR):    0.000ns
  Clock Uncertainty:      0.035ns  ((TSJ^2 + TIJ^2)^1/2 + DJ) / 2 + PE
    Total System Jitter     (TSJ):    0.071ns
    Total Input Jitter      (TIJ):    0.000ns
    Discrete Jitter          (DJ):    0.000ns
    Phase Error              (PE):    0.000ns

    Location             Delay type                Incr(ns)  Path(ns)    Netlist Resource(s)
  -------------------------------------------------------------------    -------------------
                         (clock clk_i rise edge)      0.000     0.000 r  
                                                      0.000     0.000 r  clk_i (IN)
                         net (fo=2875, unset)         0.787     0.787    clk_i
                         FDCE                                         r  a_q_reg[4]/C
  -------------------------------------------------------------------    -------------------
                         FDCE (Prop_fdce_C_Q)         0.433     1.220 r  a_q_reg[4]/Q
                         net (fo=18, unplaced)        0.656     1.876    a_q_reg_n_0_[4]
                         LUT4 (Prop_lut4_I1_O)        0.232     2.108 r  FSM_onehot_st_q[10]_i_21/O
                         net (fo=1, unplaced)         0.000     2.108    FSM_onehot_st_q[10]_i_21_n_0
                         CARRY4 (Prop_carry4_S[1]_CO[3])
                                                      0.444     2.552 r  FSM_onehot_st_q_reg[10]_i_8/CO[3]
                         net (fo=1, unplaced)         0.008     2.560    FSM_onehot_st_q_reg[10]_i_8_n_0
                         CARRY4 (Prop_carry4_CI_O[3])
                                                      0.277     2.837 r  FSM_onehot_st_q_reg[10]_i_7/O[3]
                         net (fo=1, unplaced)         0.650     3.487    FSM_onehot_st_q_reg[10]_i_7_n_4
                         LUT6 (Prop_lut6_I2_O)        0.250     3.737 r  FSM_onehot_st_q[10]_i_6/O
                         net (fo=1, unplaced)         0.347     4.084    FSM_onehot_st_q[10]_i_6_n_0
                         LUT4 (Prop_lut4_I3_O)        0.105     4.189 f  FSM_onehot_st_q[10]_i_4/O
                         net (fo=7, unplaced)         0.382     4.571    FSM_onehot_st_q[10]_i_4_n_0
                         LUT6 (Prop_lut6_I2_O)        0.105     4.676 r  FSM_onehot_st_q[10]_i_2/O
                         net (fo=2, unplaced)         0.358     5.034    FSM_onehot_st_q[10]_i_2_n_0
                         LUT5 (Prop_lut5_I1_O)        0.105     5.139 r  res_q[63]_i_1/O
                         net (fo=64, unplaced)        0.454     5.593    res_q[63]_i_1_n_0
                         FDCE                                         r  res_q_reg[15]/CE
  -------------------------------------------------------------------    -------------------

                         (clock clk_i rise edge)      6.667     6.667 r  
                                                      0.000     6.667 r  clk_i (IN)
                         net (fo=2875, unset)         0.748     7.415    clk_i
                         FDCE                                         r  res_q_reg[15]/C
                         clock pessimism              0.000     7.415    
                         clock uncertainty           -0.035     7.379    
                         FDCE (Setup_fdce_C_CE)      -0.136     7.243    res_q_reg[15]
  -------------------------------------------------------------------
                         required time                          7.243    
                         arrival time                          -5.593    
  -------------------------------------------------------------------
                         slack                                  1.650    

Slack (MET) :             1.650ns  (required time - arrival time)
  Source:                 a_q_reg[4]/C
                            (rising edge-triggered cell FDCE clocked by clk_i  {rise@0.000ns fall@3.333ns period=6.667ns})
  Destination:            res_q_reg[16]/CE
                            (rising edge-triggered cell FDCE clocked by clk_i  {rise@0.000ns fall@3.333ns period=6.667ns})
  Path Group:             clk_i
  Path Type:              Setup (Max at Slow Process Corner)
  Requirement:            6.667ns  (clk_i rise@6.667ns - clk_i rise@0.000ns)
  Data Path Delay:        4.806ns  (logic 1.951ns (40.595%)  route 2.855ns (59.405%))
  Logic Levels:           7  (CARRY4=2 LUT4=2 LUT5=1 LUT6=2)
  Clock Path Skew:        -0.039ns (DCD - SCD + CPR)
    Destination Clock Delay (DCD):    0.748ns = ( 7.415 - 6.667 ) 
    Source Clock Delay      (SCD):    0.787ns
    Clock Pessimism Removal (CPR):    0.000ns
  Clock Uncertainty:      0.035ns  ((TSJ^2 + TIJ^2)^1/2 + DJ) / 2 + PE
    Total System Jitter     (TSJ):    0.071ns
    Total Input Jitter      (TIJ):    0.000ns
    Discrete Jitter          (DJ):    0.000ns
    Phase Error              (PE):    0.000ns

    Location             Delay type                Incr(ns)  Path(ns)    Netlist Resource(s)
  -------------------------------------------------------------------    -------------------
                         (clock clk_i rise edge)      0.000     0.000 r  
                                                      0.000     0.000 r  clk_i (IN)
                         net (fo=2875, unset)         0.787     0.787    clk_i
                         FDCE                                         r  a_q_reg[4]/C
  -------------------------------------------------------------------    -------------------
                         FDCE (Prop_fdce_C_Q)         0.433     1.220 r  a_q_reg[4]/Q
                         net (fo=18, unplaced)        0.656     1.876    a_q_reg_n_0_[4]
                         LUT4 (Prop_lut4_I1_O)        0.232     2.108 r  FSM_onehot_st_q[10]_i_21/O
                         net (fo=1, unplaced)         0.000     2.108    FSM_onehot_st_q[10]_i_21_n_0
                         CARRY4 (Prop_carry4_S[1]_CO[3])
                                                      0.444     2.552 r  FSM_onehot_st_q_reg[10]_i_8/CO[3]
                         net (fo=1, unplaced)         0.008     2.560    FSM_onehot_st_q_reg[10]_i_8_n_0
                         CARRY4 (Prop_carry4_CI_O[3])
                                                      0.277     2.837 r  FSM_onehot_st_q_reg[10]_i_7/O[3]
                         net (fo=1, unplaced)         0.650     3.487    FSM_onehot_st_q_reg[10]_i_7_n_4
                         LUT6 (Prop_lut6_I2_O)        0.250     3.737 r  FSM_onehot_st_q[10]_i_6/O
                         net (fo=1, unplaced)         0.347     4.084    FSM_onehot_st_q[10]_i_6_n_0
                         LUT4 (Prop_lut4_I3_O)        0.105     4.189 f  FSM_onehot_st_q[10]_i_4/O
                         net (fo=7, unplaced)         0.382     4.571    FSM_onehot_st_q[10]_i_4_n_0
                         LUT6 (Prop_lut6_I2_O)        0.105     4.676 r  FSM_onehot_st_q[10]_i_2/O
                         net (fo=2, unplaced)         0.358     5.034    FSM_onehot_st_q[10]_i_2_n_0
                         LUT5 (Prop_lut5_I1_O)        0.105     5.139 r  res_q[63]_i_1/O
                         net (fo=64, unplaced)        0.454     5.593    res_q[63]_i_1_n_0
                         FDCE                                         r  res_q_reg[16]/CE
  -------------------------------------------------------------------    -------------------

                         (clock clk_i rise edge)      6.667     6.667 r  
                                                      0.000     6.667 r  clk_i (IN)
                         net (fo=2875, unset)         0.748     7.415    clk_i
                         FDCE                                         r  res_q_reg[16]/C
                         clock pessimism              0.000     7.415    
                         clock uncertainty           -0.035     7.379    
                         FDCE (Setup_fdce_C_CE)      -0.136     7.243    res_q_reg[16]
  -------------------------------------------------------------------
                         required time                          7.243    
                         arrival time                          -5.593    
  -------------------------------------------------------------------
                         slack                                  1.650    

Slack (MET) :             1.650ns  (required time - arrival time)
  Source:                 a_q_reg[4]/C
                            (rising edge-triggered cell FDCE clocked by clk_i  {rise@0.000ns fall@3.333ns period=6.667ns})
  Destination:            res_q_reg[17]/CE
                            (rising edge-triggered cell FDCE clocked by clk_i  {rise@0.000ns fall@3.333ns period=6.667ns})
  Path Group:             clk_i
  Path Type:              Setup (Max at Slow Process Corner)
  Requirement:            6.667ns  (clk_i rise@6.667ns - clk_i rise@0.000ns)
  Data Path Delay:        4.806ns  (logic 1.951ns (40.595%)  route 2.855ns (59.405%))
  Logic Levels:           7  (CARRY4=2 LUT4=2 LUT5=1 LUT6=2)
  Clock Path Skew:        -0.039ns (DCD - SCD + CPR)
    Destination Clock Delay (DCD):    0.748ns = ( 7.415 - 6.667 ) 
    Source Clock Delay      (SCD):    0.787ns
    Clock Pessimism Removal (CPR):    0.000ns
  Clock Uncertainty:      0.035ns  ((TSJ^2 + TIJ^2)^1/2 + DJ) / 2 + PE
    Total System Jitter     (TSJ):    0.071ns
    Total Input Jitter      (TIJ):    0.000ns
    Discrete Jitter          (DJ):    0.000ns
    Phase Error              (PE):    0.000ns

    Location             Delay type                Incr(ns)  Path(ns)    Netlist Resource(s)
  -------------------------------------------------------------------    -------------------
                         (clock clk_i rise edge)      0.000     0.000 r  
                                                      0.000     0.000 r  clk_i (IN)
                         net (fo=2875, unset)         0.787     0.787    clk_i
                         FDCE                                         r  a_q_reg[4]/C
  -------------------------------------------------------------------    -------------------
                         FDCE (Prop_fdce_C_Q)         0.433     1.220 r  a_q_reg[4]/Q
                         net (fo=18, unplaced)        0.656     1.876    a_q_reg_n_0_[4]
                         LUT4 (Prop_lut4_I1_O)        0.232     2.108 r  FSM_onehot_st_q[10]_i_21/O
                         net (fo=1, unplaced)         0.000     2.108    FSM_onehot_st_q[10]_i_21_n_0
                         CARRY4 (Prop_carry4_S[1]_CO[3])
                                                      0.444     2.552 r  FSM_onehot_st_q_reg[10]_i_8/CO[3]
                         net (fo=1, unplaced)         0.008     2.560    FSM_onehot_st_q_reg[10]_i_8_n_0
                         CARRY4 (Prop_carry4_CI_O[3])
                                                      0.277     2.837 r  FSM_onehot_st_q_reg[10]_i_7/O[3]
                         net (fo=1, unplaced)         0.650     3.487    FSM_onehot_st_q_reg[10]_i_7_n_4
                         LUT6 (Prop_lut6_I2_O)        0.250     3.737 r  FSM_onehot_st_q[10]_i_6/O
                         net (fo=1, unplaced)         0.347     4.084    FSM_onehot_st_q[10]_i_6_n_0
                         LUT4 (Prop_lut4_I3_O)        0.105     4.189 f  FSM_onehot_st_q[10]_i_4/O
                         net (fo=7, unplaced)         0.382     4.571    FSM_onehot_st_q[10]_i_4_n_0
                         LUT6 (Prop_lut6_I2_O)        0.105     4.676 r  FSM_onehot_st_q[10]_i_2/O
                         net (fo=2, unplaced)         0.358     5.034    FSM_onehot_st_q[10]_i_2_n_0
                         LUT5 (Prop_lut5_I1_O)        0.105     5.139 r  res_q[63]_i_1/O
                         net (fo=64, unplaced)        0.454     5.593    res_q[63]_i_1_n_0
                         FDCE                                         r  res_q_reg[17]/CE
  -------------------------------------------------------------------    -------------------

                         (clock clk_i rise edge)      6.667     6.667 r  
                                                      0.000     6.667 r  clk_i (IN)
                         net (fo=2875, unset)         0.748     7.415    clk_i
                         FDCE                                         r  res_q_reg[17]/C
                         clock pessimism              0.000     7.415    
                         clock uncertainty           -0.035     7.379    
                         FDCE (Setup_fdce_C_CE)      -0.136     7.243    res_q_reg[17]
  -------------------------------------------------------------------
                         required time                          7.243    
                         arrival time                          -5.593    
  -------------------------------------------------------------------
                         slack                                  1.650    

Slack (MET) :             1.650ns  (required time - arrival time)
  Source:                 a_q_reg[4]/C
                            (rising edge-triggered cell FDCE clocked by clk_i  {rise@0.000ns fall@3.333ns period=6.667ns})
  Destination:            res_q_reg[18]/CE
                            (rising edge-triggered cell FDCE clocked by clk_i  {rise@0.000ns fall@3.333ns period=6.667ns})
  Path Group:             clk_i
  Path Type:              Setup (Max at Slow Process Corner)
  Requirement:            6.667ns  (clk_i rise@6.667ns - clk_i rise@0.000ns)
  Data Path Delay:        4.806ns  (logic 1.951ns (40.595%)  route 2.855ns (59.405%))
  Logic Levels:           7  (CARRY4=2 LUT4=2 LUT5=1 LUT6=2)
  Clock Path Skew:        -0.039ns (DCD - SCD + CPR)
    Destination Clock Delay (DCD):    0.748ns = ( 7.415 - 6.667 ) 
    Source Clock Delay      (SCD):    0.787ns
    Clock Pessimism Removal (CPR):    0.000ns
  Clock Uncertainty:      0.035ns  ((TSJ^2 + TIJ^2)^1/2 + DJ) / 2 + PE
    Total System Jitter     (TSJ):    0.071ns
    Total Input Jitter      (TIJ):    0.000ns
    Discrete Jitter          (DJ):    0.000ns
    Phase Error              (PE):    0.000ns

    Location             Delay type                Incr(ns)  Path(ns)    Netlist Resource(s)
  -------------------------------------------------------------------    -------------------
                         (clock clk_i rise edge)      0.000     0.000 r  
                                                      0.000     0.000 r  clk_i (IN)
                         net (fo=2875, unset)         0.787     0.787    clk_i
                         FDCE                                         r  a_q_reg[4]/C
  -------------------------------------------------------------------    -------------------
                         FDCE (Prop_fdce_C_Q)         0.433     1.220 r  a_q_reg[4]/Q
                         net (fo=18, unplaced)        0.656     1.876    a_q_reg_n_0_[4]
                         LUT4 (Prop_lut4_I1_O)        0.232     2.108 r  FSM_onehot_st_q[10]_i_21/O
                         net (fo=1, unplaced)         0.000     2.108    FSM_onehot_st_q[10]_i_21_n_0
                         CARRY4 (Prop_carry4_S[1]_CO[3])
                                                      0.444     2.552 r  FSM_onehot_st_q_reg[10]_i_8/CO[3]
                         net (fo=1, unplaced)         0.008     2.560    FSM_onehot_st_q_reg[10]_i_8_n_0
                         CARRY4 (Prop_carry4_CI_O[3])
                                                      0.277     2.837 r  FSM_onehot_st_q_reg[10]_i_7/O[3]
                         net (fo=1, unplaced)         0.650     3.487    FSM_onehot_st_q_reg[10]_i_7_n_4
                         LUT6 (Prop_lut6_I2_O)        0.250     3.737 r  FSM_onehot_st_q[10]_i_6/O
                         net (fo=1, unplaced)         0.347     4.084    FSM_onehot_st_q[10]_i_6_n_0
                         LUT4 (Prop_lut4_I3_O)        0.105     4.189 f  FSM_onehot_st_q[10]_i_4/O
                         net (fo=7, unplaced)         0.382     4.571    FSM_onehot_st_q[10]_i_4_n_0
                         LUT6 (Prop_lut6_I2_O)        0.105     4.676 r  FSM_onehot_st_q[10]_i_2/O
                         net (fo=2, unplaced)         0.358     5.034    FSM_onehot_st_q[10]_i_2_n_0
                         LUT5 (Prop_lut5_I1_O)        0.105     5.139 r  res_q[63]_i_1/O
                         net (fo=64, unplaced)        0.454     5.593    res_q[63]_i_1_n_0
                         FDCE                                         r  res_q_reg[18]/CE
  -------------------------------------------------------------------    -------------------

                         (clock clk_i rise edge)      6.667     6.667 r  
                                                      0.000     6.667 r  clk_i (IN)
                         net (fo=2875, unset)         0.748     7.415    clk_i
                         FDCE                                         r  res_q_reg[18]/C
                         clock pessimism              0.000     7.415    
                         clock uncertainty           -0.035     7.379    
                         FDCE (Setup_fdce_C_CE)      -0.136     7.243    res_q_reg[18]
  -------------------------------------------------------------------
                         required time                          7.243    
                         arrival time                          -5.593    
  -------------------------------------------------------------------
                         slack                                  1.650    

Slack (MET) :             1.650ns  (required time - arrival time)
  Source:                 a_q_reg[4]/C
                            (rising edge-triggered cell FDCE clocked by clk_i  {rise@0.000ns fall@3.333ns period=6.667ns})
  Destination:            res_q_reg[19]/CE
                            (rising edge-triggered cell FDCE clocked by clk_i  {rise@0.000ns fall@3.333ns period=6.667ns})
  Path Group:             clk_i
  Path Type:              Setup (Max at Slow Process Corner)
  Requirement:            6.667ns  (clk_i rise@6.667ns - clk_i rise@0.000ns)
  Data Path Delay:        4.806ns  (logic 1.951ns (40.595%)  route 2.855ns (59.405%))
  Logic Levels:           7  (CARRY4=2 LUT4=2 LUT5=1 LUT6=2)
  Clock Path Skew:        -0.039ns (DCD - SCD + CPR)
    Destination Clock Delay (DCD):    0.748ns = ( 7.415 - 6.667 ) 
    Source Clock Delay      (SCD):    0.787ns
    Clock Pessimism Removal (CPR):    0.000ns
  Clock Uncertainty:      0.035ns  ((TSJ^2 + TIJ^2)^1/2 + DJ) / 2 + PE
    Total System Jitter     (TSJ):    0.071ns
    Total Input Jitter      (TIJ):    0.000ns
    Discrete Jitter          (DJ):    0.000ns
    Phase Error              (PE):    0.000ns

    Location             Delay type                Incr(ns)  Path(ns)    Netlist Resource(s)
  -------------------------------------------------------------------    -------------------
                         (clock clk_i rise edge)      0.000     0.000 r  
                                                      0.000     0.000 r  clk_i (IN)
                         net (fo=2875, unset)         0.787     0.787    clk_i
                         FDCE                                         r  a_q_reg[4]/C
  -------------------------------------------------------------------    -------------------
                         FDCE (Prop_fdce_C_Q)         0.433     1.220 r  a_q_reg[4]/Q
                         net (fo=18, unplaced)        0.656     1.876    a_q_reg_n_0_[4]
                         LUT4 (Prop_lut4_I1_O)        0.232     2.108 r  FSM_onehot_st_q[10]_i_21/O
                         net (fo=1, unplaced)         0.000     2.108    FSM_onehot_st_q[10]_i_21_n_0
                         CARRY4 (Prop_carry4_S[1]_CO[3])
                                                      0.444     2.552 r  FSM_onehot_st_q_reg[10]_i_8/CO[3]
                         net (fo=1, unplaced)         0.008     2.560    FSM_onehot_st_q_reg[10]_i_8_n_0
                         CARRY4 (Prop_carry4_CI_O[3])
                                                      0.277     2.837 r  FSM_onehot_st_q_reg[10]_i_7/O[3]
                         net (fo=1, unplaced)         0.650     3.487    FSM_onehot_st_q_reg[10]_i_7_n_4
                         LUT6 (Prop_lut6_I2_O)        0.250     3.737 r  FSM_onehot_st_q[10]_i_6/O
                         net (fo=1, unplaced)         0.347     4.084    FSM_onehot_st_q[10]_i_6_n_0
                         LUT4 (Prop_lut4_I3_O)        0.105     4.189 f  FSM_onehot_st_q[10]_i_4/O
                         net (fo=7, unplaced)         0.382     4.571    FSM_onehot_st_q[10]_i_4_n_0
                         LUT6 (Prop_lut6_I2_O)        0.105     4.676 r  FSM_onehot_st_q[10]_i_2/O
                         net (fo=2, unplaced)         0.358     5.034    FSM_onehot_st_q[10]_i_2_n_0
                         LUT5 (Prop_lut5_I1_O)        0.105     5.139 r  res_q[63]_i_1/O
                         net (fo=64, unplaced)        0.454     5.593    res_q[63]_i_1_n_0
                         FDCE                                         r  res_q_reg[19]/CE
  -------------------------------------------------------------------    -------------------

                         (clock clk_i rise edge)      6.667     6.667 r  
                                                      0.000     6.667 r  clk_i (IN)
                         net (fo=2875, unset)         0.748     7.415    clk_i
                         FDCE                                         r  res_q_reg[19]/C
                         clock pessimism              0.000     7.415    
                         clock uncertainty           -0.035     7.379    
                         FDCE (Setup_fdce_C_CE)      -0.136     7.243    res_q_reg[19]
  -------------------------------------------------------------------
                         required time                          7.243    
                         arrival time                          -5.593    
  -------------------------------------------------------------------
                         slack                                  1.650    

Slack (MET) :             1.650ns  (required time - arrival time)
  Source:                 a_q_reg[4]/C
                            (rising edge-triggered cell FDCE clocked by clk_i  {rise@0.000ns fall@3.333ns period=6.667ns})
  Destination:            res_q_reg[1]/CE
                            (rising edge-triggered cell FDCE clocked by clk_i  {rise@0.000ns fall@3.333ns period=6.667ns})
  Path Group:             clk_i
  Path Type:              Setup (Max at Slow Process Corner)
  Requirement:            6.667ns  (clk_i rise@6.667ns - clk_i rise@0.000ns)
  Data Path Delay:        4.806ns  (logic 1.951ns (40.595%)  route 2.855ns (59.405%))
  Logic Levels:           7  (CARRY4=2 LUT4=2 LUT5=1 LUT6=2)
  Clock Path Skew:        -0.039ns (DCD - SCD + CPR)
    Destination Clock Delay (DCD):    0.748ns = ( 7.415 - 6.667 ) 
    Source Clock Delay      (SCD):    0.787ns
    Clock Pessimism Removal (CPR):    0.000ns
  Clock Uncertainty:      0.035ns  ((TSJ^2 + TIJ^2)^1/2 + DJ) / 2 + PE
    Total System Jitter     (TSJ):    0.071ns
    Total Input Jitter      (TIJ):    0.000ns
    Discrete Jitter          (DJ):    0.000ns
    Phase Error              (PE):    0.000ns

    Location             Delay type                Incr(ns)  Path(ns)    Netlist Resource(s)
  -------------------------------------------------------------------    -------------------
                         (clock clk_i rise edge)      0.000     0.000 r  
                                                      0.000     0.000 r  clk_i (IN)
                         net (fo=2875, unset)         0.787     0.787    clk_i
                         FDCE                                         r  a_q_reg[4]/C
  -------------------------------------------------------------------    -------------------
                         FDCE (Prop_fdce_C_Q)         0.433     1.220 r  a_q_reg[4]/Q
                         net (fo=18, unplaced)        0.656     1.876    a_q_reg_n_0_[4]
                         LUT4 (Prop_lut4_I1_O)        0.232     2.108 r  FSM_onehot_st_q[10]_i_21/O
                         net (fo=1, unplaced)         0.000     2.108    FSM_onehot_st_q[10]_i_21_n_0
                         CARRY4 (Prop_carry4_S[1]_CO[3])
                                                      0.444     2.552 r  FSM_onehot_st_q_reg[10]_i_8/CO[3]
                         net (fo=1, unplaced)         0.008     2.560    FSM_onehot_st_q_reg[10]_i_8_n_0
                         CARRY4 (Prop_carry4_CI_O[3])
                                                      0.277     2.837 r  FSM_onehot_st_q_reg[10]_i_7/O[3]
                         net (fo=1, unplaced)         0.650     3.487    FSM_onehot_st_q_reg[10]_i_7_n_4
                         LUT6 (Prop_lut6_I2_O)        0.250     3.737 r  FSM_onehot_st_q[10]_i_6/O
                         net (fo=1, unplaced)         0.347     4.084    FSM_onehot_st_q[10]_i_6_n_0
                         LUT4 (Prop_lut4_I3_O)        0.105     4.189 f  FSM_onehot_st_q[10]_i_4/O
                         net (fo=7, unplaced)         0.382     4.571    FSM_onehot_st_q[10]_i_4_n_0
                         LUT6 (Prop_lut6_I2_O)        0.105     4.676 r  FSM_onehot_st_q[10]_i_2/O
                         net (fo=2, unplaced)         0.358     5.034    FSM_onehot_st_q[10]_i_2_n_0
                         LUT5 (Prop_lut5_I1_O)        0.105     5.139 r  res_q[63]_i_1/O
                         net (fo=64, unplaced)        0.454     5.593    res_q[63]_i_1_n_0
                         FDCE                                         r  res_q_reg[1]/CE
  -------------------------------------------------------------------    -------------------

                         (clock clk_i rise edge)      6.667     6.667 r  
                                                      0.000     6.667 r  clk_i (IN)
                         net (fo=2875, unset)         0.748     7.415    clk_i
                         FDCE                                         r  res_q_reg[1]/C
                         clock pessimism              0.000     7.415    
                         clock uncertainty           -0.035     7.379    
                         FDCE (Setup_fdce_C_CE)      -0.136     7.243    res_q_reg[1]
  -------------------------------------------------------------------
                         required time                          7.243    
                         arrival time                          -5.593    
  -------------------------------------------------------------------
                         slack                                  1.650    

Slack (MET) :             1.650ns  (required time - arrival time)
  Source:                 a_q_reg[4]/C
                            (rising edge-triggered cell FDCE clocked by clk_i  {rise@0.000ns fall@3.333ns period=6.667ns})
  Destination:            res_q_reg[20]/CE
                            (rising edge-triggered cell FDCE clocked by clk_i  {rise@0.000ns fall@3.333ns period=6.667ns})
  Path Group:             clk_i
  Path Type:              Setup (Max at Slow Process Corner)
  Requirement:            6.667ns  (clk_i rise@6.667ns - clk_i rise@0.000ns)
  Data Path Delay:        4.806ns  (logic 1.951ns (40.595%)  route 2.855ns (59.405%))
  Logic Levels:           7  (CARRY4=2 LUT4=2 LUT5=1 LUT6=2)
  Clock Path Skew:        -0.039ns (DCD - SCD + CPR)
    Destination Clock Delay (DCD):    0.748ns = ( 7.415 - 6.667 ) 
    Source Clock Delay      (SCD):    0.787ns
    Clock Pessimism Removal (CPR):    0.000ns
  Clock Uncertainty:      0.035ns  ((TSJ^2 + TIJ^2)^1/2 + DJ) / 2 + PE
    Total System Jitter     (TSJ):    0.071ns
    Total Input Jitter      (TIJ):    0.000ns
    Discrete Jitter          (DJ):    0.000ns
    Phase Error              (PE):    0.000ns

    Location             Delay type                Incr(ns)  Path(ns)    Netlist Resource(s)
  -------------------------------------------------------------------    -------------------
                         (clock clk_i rise edge)      0.000     0.000 r  
                                                      0.000     0.000 r  clk_i (IN)
                         net (fo=2875, unset)         0.787     0.787    clk_i
                         FDCE                                         r  a_q_reg[4]/C
  -------------------------------------------------------------------    -------------------
                         FDCE (Prop_fdce_C_Q)         0.433     1.220 r  a_q_reg[4]/Q
                         net (fo=18, unplaced)        0.656     1.876    a_q_reg_n_0_[4]
                         LUT4 (Prop_lut4_I1_O)        0.232     2.108 r  FSM_onehot_st_q[10]_i_21/O
                         net (fo=1, unplaced)         0.000     2.108    FSM_onehot_st_q[10]_i_21_n_0
                         CARRY4 (Prop_carry4_S[1]_CO[3])
                                                      0.444     2.552 r  FSM_onehot_st_q_reg[10]_i_8/CO[3]
                         net (fo=1, unplaced)         0.008     2.560    FSM_onehot_st_q_reg[10]_i_8_n_0
                         CARRY4 (Prop_carry4_CI_O[3])
                                                      0.277     2.837 r  FSM_onehot_st_q_reg[10]_i_7/O[3]
                         net (fo=1, unplaced)         0.650     3.487    FSM_onehot_st_q_reg[10]_i_7_n_4
                         LUT6 (Prop_lut6_I2_O)        0.250     3.737 r  FSM_onehot_st_q[10]_i_6/O
                         net (fo=1, unplaced)         0.347     4.084    FSM_onehot_st_q[10]_i_6_n_0
                         LUT4 (Prop_lut4_I3_O)        0.105     4.189 f  FSM_onehot_st_q[10]_i_4/O
                         net (fo=7, unplaced)         0.382     4.571    FSM_onehot_st_q[10]_i_4_n_0
                         LUT6 (Prop_lut6_I2_O)        0.105     4.676 r  FSM_onehot_st_q[10]_i_2/O
                         net (fo=2, unplaced)         0.358     5.034    FSM_onehot_st_q[10]_i_2_n_0
                         LUT5 (Prop_lut5_I1_O)        0.105     5.139 r  res_q[63]_i_1/O
                         net (fo=64, unplaced)        0.454     5.593    res_q[63]_i_1_n_0
                         FDCE                                         r  res_q_reg[20]/CE
  -------------------------------------------------------------------    -------------------

                         (clock clk_i rise edge)      6.667     6.667 r  
                                                      0.000     6.667 r  clk_i (IN)
                         net (fo=2875, unset)         0.748     7.415    clk_i
                         FDCE                                         r  res_q_reg[20]/C
                         clock pessimism              0.000     7.415    
                         clock uncertainty           -0.035     7.379    
                         FDCE (Setup_fdce_C_CE)      -0.136     7.243    res_q_reg[20]
  -------------------------------------------------------------------
                         required time                          7.243    
                         arrival time                          -5.593    
  -------------------------------------------------------------------
                         slack                                  1.650    

Slack (MET) :             1.650ns  (required time - arrival time)
  Source:                 a_q_reg[4]/C
                            (rising edge-triggered cell FDCE clocked by clk_i  {rise@0.000ns fall@3.333ns period=6.667ns})
  Destination:            res_q_reg[21]/CE
                            (rising edge-triggered cell FDCE clocked by clk_i  {rise@0.000ns fall@3.333ns period=6.667ns})
  Path Group:             clk_i
  Path Type:              Setup (Max at Slow Process Corner)
  Requirement:            6.667ns  (clk_i rise@6.667ns - clk_i rise@0.000ns)
  Data Path Delay:        4.806ns  (logic 1.951ns (40.595%)  route 2.855ns (59.405%))
  Logic Levels:           7  (CARRY4=2 LUT4=2 LUT5=1 LUT6=2)
  Clock Path Skew:        -0.039ns (DCD - SCD + CPR)
    Destination Clock Delay (DCD):    0.748ns = ( 7.415 - 6.667 ) 
    Source Clock Delay      (SCD):    0.787ns
    Clock Pessimism Removal (CPR):    0.000ns
  Clock Uncertainty:      0.035ns  ((TSJ^2 + TIJ^2)^1/2 + DJ) / 2 + PE
    Total System Jitter     (TSJ):    0.071ns
    Total Input Jitter      (TIJ):    0.000ns
    Discrete Jitter          (DJ):    0.000ns
    Phase Error              (PE):    0.000ns

    Location             Delay type                Incr(ns)  Path(ns)    Netlist Resource(s)
  -------------------------------------------------------------------    -------------------
                         (clock clk_i rise edge)      0.000     0.000 r  
                                                      0.000     0.000 r  clk_i (IN)
                         net (fo=2875, unset)         0.787     0.787    clk_i
                         FDCE                                         r  a_q_reg[4]/C
  -------------------------------------------------------------------    -------------------
                         FDCE (Prop_fdce_C_Q)         0.433     1.220 r  a_q_reg[4]/Q
                         net (fo=18, unplaced)        0.656     1.876    a_q_reg_n_0_[4]
                         LUT4 (Prop_lut4_I1_O)        0.232     2.108 r  FSM_onehot_st_q[10]_i_21/O
                         net (fo=1, unplaced)         0.000     2.108    FSM_onehot_st_q[10]_i_21_n_0
                         CARRY4 (Prop_carry4_S[1]_CO[3])
                                                      0.444     2.552 r  FSM_onehot_st_q_reg[10]_i_8/CO[3]
                         net (fo=1, unplaced)         0.008     2.560    FSM_onehot_st_q_reg[10]_i_8_n_0
                         CARRY4 (Prop_carry4_CI_O[3])
                                                      0.277     2.837 r  FSM_onehot_st_q_reg[10]_i_7/O[3]
                         net (fo=1, unplaced)         0.650     3.487    FSM_onehot_st_q_reg[10]_i_7_n_4
                         LUT6 (Prop_lut6_I2_O)        0.250     3.737 r  FSM_onehot_st_q[10]_i_6/O
                         net (fo=1, unplaced)         0.347     4.084    FSM_onehot_st_q[10]_i_6_n_0
                         LUT4 (Prop_lut4_I3_O)        0.105     4.189 f  FSM_onehot_st_q[10]_i_4/O
                         net (fo=7, unplaced)         0.382     4.571    FSM_onehot_st_q[10]_i_4_n_0
                         LUT6 (Prop_lut6_I2_O)        0.105     4.676 r  FSM_onehot_st_q[10]_i_2/O
                         net (fo=2, unplaced)         0.358     5.034    FSM_onehot_st_q[10]_i_2_n_0
                         LUT5 (Prop_lut5_I1_O)        0.105     5.139 r  res_q[63]_i_1/O
                         net (fo=64, unplaced)        0.454     5.593    res_q[63]_i_1_n_0
                         FDCE                                         r  res_q_reg[21]/CE
  -------------------------------------------------------------------    -------------------

                         (clock clk_i rise edge)      6.667     6.667 r  
                                                      0.000     6.667 r  clk_i (IN)
                         net (fo=2875, unset)         0.748     7.415    clk_i
                         FDCE                                         r  res_q_reg[21]/C
                         clock pessimism              0.000     7.415    
                         clock uncertainty           -0.035     7.379    
                         FDCE (Setup_fdce_C_CE)      -0.136     7.243    res_q_reg[21]
  -------------------------------------------------------------------
                         required time                          7.243    
                         arrival time                          -5.593    
  -------------------------------------------------------------------
                         slack                                  1.650    

Slack (MET) :             1.650ns  (required time - arrival time)
  Source:                 a_q_reg[4]/C
                            (rising edge-triggered cell FDCE clocked by clk_i  {rise@0.000ns fall@3.333ns period=6.667ns})
  Destination:            res_q_reg[22]/CE
                            (rising edge-triggered cell FDCE clocked by clk_i  {rise@0.000ns fall@3.333ns period=6.667ns})
  Path Group:             clk_i
  Path Type:              Setup (Max at Slow Process Corner)
  Requirement:            6.667ns  (clk_i rise@6.667ns - clk_i rise@0.000ns)
  Data Path Delay:        4.806ns  (logic 1.951ns (40.595%)  route 2.855ns (59.405%))
  Logic Levels:           7  (CARRY4=2 LUT4=2 LUT5=1 LUT6=2)
  Clock Path Skew:        -0.039ns (DCD - SCD + CPR)
    Destination Clock Delay (DCD):    0.748ns = ( 7.415 - 6.667 ) 
    Source Clock Delay      (SCD):    0.787ns
    Clock Pessimism Removal (CPR):    0.000ns
  Clock Uncertainty:      0.035ns  ((TSJ^2 + TIJ^2)^1/2 + DJ) / 2 + PE
    Total System Jitter     (TSJ):    0.071ns
    Total Input Jitter      (TIJ):    0.000ns
    Discrete Jitter          (DJ):    0.000ns
    Phase Error              (PE):    0.000ns

    Location             Delay type                Incr(ns)  Path(ns)    Netlist Resource(s)
  -------------------------------------------------------------------    -------------------
                         (clock clk_i rise edge)      0.000     0.000 r  
                                                      0.000     0.000 r  clk_i (IN)
                         net (fo=2875, unset)         0.787     0.787    clk_i
                         FDCE                                         r  a_q_reg[4]/C
  -------------------------------------------------------------------    -------------------
                         FDCE (Prop_fdce_C_Q)         0.433     1.220 r  a_q_reg[4]/Q
                         net (fo=18, unplaced)        0.656     1.876    a_q_reg_n_0_[4]
                         LUT4 (Prop_lut4_I1_O)        0.232     2.108 r  FSM_onehot_st_q[10]_i_21/O
                         net (fo=1, unplaced)         0.000     2.108    FSM_onehot_st_q[10]_i_21_n_0
                         CARRY4 (Prop_carry4_S[1]_CO[3])
                                                      0.444     2.552 r  FSM_onehot_st_q_reg[10]_i_8/CO[3]
                         net (fo=1, unplaced)         0.008     2.560    FSM_onehot_st_q_reg[10]_i_8_n_0
                         CARRY4 (Prop_carry4_CI_O[3])
                                                      0.277     2.837 r  FSM_onehot_st_q_reg[10]_i_7/O[3]
                         net (fo=1, unplaced)         0.650     3.487    FSM_onehot_st_q_reg[10]_i_7_n_4
                         LUT6 (Prop_lut6_I2_O)        0.250     3.737 r  FSM_onehot_st_q[10]_i_6/O
                         net (fo=1, unplaced)         0.347     4.084    FSM_onehot_st_q[10]_i_6_n_0
                         LUT4 (Prop_lut4_I3_O)        0.105     4.189 f  FSM_onehot_st_q[10]_i_4/O
                         net (fo=7, unplaced)         0.382     4.571    FSM_onehot_st_q[10]_i_4_n_0
                         LUT6 (Prop_lut6_I2_O)        0.105     4.676 r  FSM_onehot_st_q[10]_i_2/O
                         net (fo=2, unplaced)         0.358     5.034    FSM_onehot_st_q[10]_i_2_n_0
                         LUT5 (Prop_lut5_I1_O)        0.105     5.139 r  res_q[63]_i_1/O
                         net (fo=64, unplaced)        0.454     5.593    res_q[63]_i_1_n_0
                         FDCE                                         r  res_q_reg[22]/CE
  -------------------------------------------------------------------    -------------------

                         (clock clk_i rise edge)      6.667     6.667 r  
                                                      0.000     6.667 r  clk_i (IN)
                         net (fo=2875, unset)         0.748     7.415    clk_i
                         FDCE                                         r  res_q_reg[22]/C
                         clock pessimism              0.000     7.415    
                         clock uncertainty           -0.035     7.379    
                         FDCE (Setup_fdce_C_CE)      -0.136     7.243    res_q_reg[22]
  -------------------------------------------------------------------
                         required time                          7.243    
                         arrival time                          -5.593    
  -------------------------------------------------------------------
                         slack                                  1.650    

Slack (MET) :             1.650ns  (required time - arrival time)
  Source:                 a_q_reg[4]/C
                            (rising edge-triggered cell FDCE clocked by clk_i  {rise@0.000ns fall@3.333ns period=6.667ns})
  Destination:            res_q_reg[23]/CE
                            (rising edge-triggered cell FDCE clocked by clk_i  {rise@0.000ns fall@3.333ns period=6.667ns})
  Path Group:             clk_i
  Path Type:              Setup (Max at Slow Process Corner)
  Requirement:            6.667ns  (clk_i rise@6.667ns - clk_i rise@0.000ns)
  Data Path Delay:        4.806ns  (logic 1.951ns (40.595%)  route 2.855ns (59.405%))
  Logic Levels:           7  (CARRY4=2 LUT4=2 LUT5=1 LUT6=2)
  Clock Path Skew:        -0.039ns (DCD - SCD + CPR)
    Destination Clock Delay (DCD):    0.748ns = ( 7.415 - 6.667 ) 
    Source Clock Delay      (SCD):    0.787ns
    Clock Pessimism Removal (CPR):    0.000ns
  Clock Uncertainty:      0.035ns  ((TSJ^2 + TIJ^2)^1/2 + DJ) / 2 + PE
    Total System Jitter     (TSJ):    0.071ns
    Total Input Jitter      (TIJ):    0.000ns
    Discrete Jitter          (DJ):    0.000ns
    Phase Error              (PE):    0.000ns

    Location             Delay type                Incr(ns)  Path(ns)    Netlist Resource(s)
  -------------------------------------------------------------------    -------------------
                         (clock clk_i rise edge)      0.000     0.000 r  
                                                      0.000     0.000 r  clk_i (IN)
                         net (fo=2875, unset)         0.787     0.787    clk_i
                         FDCE                                         r  a_q_reg[4]/C
  -------------------------------------------------------------------    -------------------
                         FDCE (Prop_fdce_C_Q)         0.433     1.220 r  a_q_reg[4]/Q
                         net (fo=18, unplaced)        0.656     1.876    a_q_reg_n_0_[4]
                         LUT4 (Prop_lut4_I1_O)        0.232     2.108 r  FSM_onehot_st_q[10]_i_21/O
                         net (fo=1, unplaced)         0.000     2.108    FSM_onehot_st_q[10]_i_21_n_0
                         CARRY4 (Prop_carry4_S[1]_CO[3])
                                                      0.444     2.552 r  FSM_onehot_st_q_reg[10]_i_8/CO[3]
                         net (fo=1, unplaced)         0.008     2.560    FSM_onehot_st_q_reg[10]_i_8_n_0
                         CARRY4 (Prop_carry4_CI_O[3])
                                                      0.277     2.837 r  FSM_onehot_st_q_reg[10]_i_7/O[3]
                         net (fo=1, unplaced)         0.650     3.487    FSM_onehot_st_q_reg[10]_i_7_n_4
                         LUT6 (Prop_lut6_I2_O)        0.250     3.737 r  FSM_onehot_st_q[10]_i_6/O
                         net (fo=1, unplaced)         0.347     4.084    FSM_onehot_st_q[10]_i_6_n_0
                         LUT4 (Prop_lut4_I3_O)        0.105     4.189 f  FSM_onehot_st_q[10]_i_4/O
                         net (fo=7, unplaced)         0.382     4.571    FSM_onehot_st_q[10]_i_4_n_0
                         LUT6 (Prop_lut6_I2_O)        0.105     4.676 r  FSM_onehot_st_q[10]_i_2/O
                         net (fo=2, unplaced)         0.358     5.034    FSM_onehot_st_q[10]_i_2_n_0
                         LUT5 (Prop_lut5_I1_O)        0.105     5.139 r  res_q[63]_i_1/O
                         net (fo=64, unplaced)        0.454     5.593    res_q[63]_i_1_n_0
                         FDCE                                         r  res_q_reg[23]/CE
  -------------------------------------------------------------------    -------------------

                         (clock clk_i rise edge)      6.667     6.667 r  
                                                      0.000     6.667 r  clk_i (IN)
                         net (fo=2875, unset)         0.748     7.415    clk_i
                         FDCE                                         r  res_q_reg[23]/C
                         clock pessimism              0.000     7.415    
                         clock uncertainty           -0.035     7.379    
                         FDCE (Setup_fdce_C_CE)      -0.136     7.243    res_q_reg[23]
  -------------------------------------------------------------------
                         required time                          7.243    
                         arrival time                          -5.593    
  -------------------------------------------------------------------
                         slack                                  1.650    

Slack (MET) :             1.650ns  (required time - arrival time)
  Source:                 a_q_reg[4]/C
                            (rising edge-triggered cell FDCE clocked by clk_i  {rise@0.000ns fall@3.333ns period=6.667ns})
  Destination:            res_q_reg[24]/CE
                            (rising edge-triggered cell FDCE clocked by clk_i  {rise@0.000ns fall@3.333ns period=6.667ns})
  Path Group:             clk_i
  Path Type:              Setup (Max at Slow Process Corner)
  Requirement:            6.667ns  (clk_i rise@6.667ns - clk_i rise@0.000ns)
  Data Path Delay:        4.806ns  (logic 1.951ns (40.595%)  route 2.855ns (59.405%))
  Logic Levels:           7  (CARRY4=2 LUT4=2 LUT5=1 LUT6=2)
  Clock Path Skew:        -0.039ns (DCD - SCD + CPR)
    Destination Clock Delay (DCD):    0.748ns = ( 7.415 - 6.667 ) 
    Source Clock Delay      (SCD):    0.787ns
    Clock Pessimism Removal (CPR):    0.000ns
  Clock Uncertainty:      0.035ns  ((TSJ^2 + TIJ^2)^1/2 + DJ) / 2 + PE
    Total System Jitter     (TSJ):    0.071ns
    Total Input Jitter      (TIJ):    0.000ns
    Discrete Jitter          (DJ):    0.000ns
    Phase Error              (PE):    0.000ns

    Location             Delay type                Incr(ns)  Path(ns)    Netlist Resource(s)
  -------------------------------------------------------------------    -------------------
                         (clock clk_i rise edge)      0.000     0.000 r  
                                                      0.000     0.000 r  clk_i (IN)
                         net (fo=2875, unset)         0.787     0.787    clk_i
                         FDCE                                         r  a_q_reg[4]/C
  -------------------------------------------------------------------    -------------------
                         FDCE (Prop_fdce_C_Q)         0.433     1.220 r  a_q_reg[4]/Q
                         net (fo=18, unplaced)        0.656     1.876    a_q_reg_n_0_[4]
                         LUT4 (Prop_lut4_I1_O)        0.232     2.108 r  FSM_onehot_st_q[10]_i_21/O
                         net (fo=1, unplaced)         0.000     2.108    FSM_onehot_st_q[10]_i_21_n_0
                         CARRY4 (Prop_carry4_S[1]_CO[3])
                                                      0.444     2.552 r  FSM_onehot_st_q_reg[10]_i_8/CO[3]
                         net (fo=1, unplaced)         0.008     2.560    FSM_onehot_st_q_reg[10]_i_8_n_0
                         CARRY4 (Prop_carry4_CI_O[3])
                                                      0.277     2.837 r  FSM_onehot_st_q_reg[10]_i_7/O[3]
                         net (fo=1, unplaced)         0.650     3.487    FSM_onehot_st_q_reg[10]_i_7_n_4
                         LUT6 (Prop_lut6_I2_O)        0.250     3.737 r  FSM_onehot_st_q[10]_i_6/O
                         net (fo=1, unplaced)         0.347     4.084    FSM_onehot_st_q[10]_i_6_n_0
                         LUT4 (Prop_lut4_I3_O)        0.105     4.189 f  FSM_onehot_st_q[10]_i_4/O
                         net (fo=7, unplaced)         0.382     4.571    FSM_onehot_st_q[10]_i_4_n_0
                         LUT6 (Prop_lut6_I2_O)        0.105     4.676 r  FSM_onehot_st_q[10]_i_2/O
                         net (fo=2, unplaced)         0.358     5.034    FSM_onehot_st_q[10]_i_2_n_0
                         LUT5 (Prop_lut5_I1_O)        0.105     5.139 r  res_q[63]_i_1/O
                         net (fo=64, unplaced)        0.454     5.593    res_q[63]_i_1_n_0
                         FDCE                                         r  res_q_reg[24]/CE
  -------------------------------------------------------------------    -------------------

                         (clock clk_i rise edge)      6.667     6.667 r  
                                                      0.000     6.667 r  clk_i (IN)
                         net (fo=2875, unset)         0.748     7.415    clk_i
                         FDCE                                         r  res_q_reg[24]/C
                         clock pessimism              0.000     7.415    
                         clock uncertainty           -0.035     7.379    
                         FDCE (Setup_fdce_C_CE)      -0.136     7.243    res_q_reg[24]
  -------------------------------------------------------------------
                         required time                          7.243    
                         arrival time                          -5.593    
  -------------------------------------------------------------------
                         slack                                  1.650    

Slack (MET) :             1.650ns  (required time - arrival time)
  Source:                 a_q_reg[4]/C
                            (rising edge-triggered cell FDCE clocked by clk_i  {rise@0.000ns fall@3.333ns period=6.667ns})
  Destination:            res_q_reg[25]/CE
                            (rising edge-triggered cell FDCE clocked by clk_i  {rise@0.000ns fall@3.333ns period=6.667ns})
  Path Group:             clk_i
  Path Type:              Setup (Max at Slow Process Corner)
  Requirement:            6.667ns  (clk_i rise@6.667ns - clk_i rise@0.000ns)
  Data Path Delay:        4.806ns  (logic 1.951ns (40.595%)  route 2.855ns (59.405%))
  Logic Levels:           7  (CARRY4=2 LUT4=2 LUT5=1 LUT6=2)
  Clock Path Skew:        -0.039ns (DCD - SCD + CPR)
    Destination Clock Delay (DCD):    0.748ns = ( 7.415 - 6.667 ) 
    Source Clock Delay      (SCD):    0.787ns
    Clock Pessimism Removal (CPR):    0.000ns
  Clock Uncertainty:      0.035ns  ((TSJ^2 + TIJ^2)^1/2 + DJ) / 2 + PE
    Total System Jitter     (TSJ):    0.071ns
    Total Input Jitter      (TIJ):    0.000ns
    Discrete Jitter          (DJ):    0.000ns
    Phase Error              (PE):    0.000ns

    Location             Delay type                Incr(ns)  Path(ns)    Netlist Resource(s)
  -------------------------------------------------------------------    -------------------
                         (clock clk_i rise edge)      0.000     0.000 r  
                                                      0.000     0.000 r  clk_i (IN)
                         net (fo=2875, unset)         0.787     0.787    clk_i
                         FDCE                                         r  a_q_reg[4]/C
  -------------------------------------------------------------------    -------------------
                         FDCE (Prop_fdce_C_Q)         0.433     1.220 r  a_q_reg[4]/Q
                         net (fo=18, unplaced)        0.656     1.876    a_q_reg_n_0_[4]
                         LUT4 (Prop_lut4_I1_O)        0.232     2.108 r  FSM_onehot_st_q[10]_i_21/O
                         net (fo=1, unplaced)         0.000     2.108    FSM_onehot_st_q[10]_i_21_n_0
                         CARRY4 (Prop_carry4_S[1]_CO[3])
                                                      0.444     2.552 r  FSM_onehot_st_q_reg[10]_i_8/CO[3]
                         net (fo=1, unplaced)         0.008     2.560    FSM_onehot_st_q_reg[10]_i_8_n_0
                         CARRY4 (Prop_carry4_CI_O[3])
                                                      0.277     2.837 r  FSM_onehot_st_q_reg[10]_i_7/O[3]
                         net (fo=1, unplaced)         0.650     3.487    FSM_onehot_st_q_reg[10]_i_7_n_4
                         LUT6 (Prop_lut6_I2_O)        0.250     3.737 r  FSM_onehot_st_q[10]_i_6/O
                         net (fo=1, unplaced)         0.347     4.084    FSM_onehot_st_q[10]_i_6_n_0
                         LUT4 (Prop_lut4_I3_O)        0.105     4.189 f  FSM_onehot_st_q[10]_i_4/O
                         net (fo=7, unplaced)         0.382     4.571    FSM_onehot_st_q[10]_i_4_n_0
                         LUT6 (Prop_lut6_I2_O)        0.105     4.676 r  FSM_onehot_st_q[10]_i_2/O
                         net (fo=2, unplaced)         0.358     5.034    FSM_onehot_st_q[10]_i_2_n_0
                         LUT5 (Prop_lut5_I1_O)        0.105     5.139 r  res_q[63]_i_1/O
                         net (fo=64, unplaced)        0.454     5.593    res_q[63]_i_1_n_0
                         FDCE                                         r  res_q_reg[25]/CE
  -------------------------------------------------------------------    -------------------

                         (clock clk_i rise edge)      6.667     6.667 r  
                                                      0.000     6.667 r  clk_i (IN)
                         net (fo=2875, unset)         0.748     7.415    clk_i
                         FDCE                                         r  res_q_reg[25]/C
                         clock pessimism              0.000     7.415    
                         clock uncertainty           -0.035     7.379    
                         FDCE (Setup_fdce_C_CE)      -0.136     7.243    res_q_reg[25]
  -------------------------------------------------------------------
                         required time                          7.243    
                         arrival time                          -5.593    
  -------------------------------------------------------------------
                         slack                                  1.650    

Slack (MET) :             1.650ns  (required time - arrival time)
  Source:                 a_q_reg[4]/C
                            (rising edge-triggered cell FDCE clocked by clk_i  {rise@0.000ns fall@3.333ns period=6.667ns})
  Destination:            res_q_reg[26]/CE
                            (rising edge-triggered cell FDCE clocked by clk_i  {rise@0.000ns fall@3.333ns period=6.667ns})
  Path Group:             clk_i
  Path Type:              Setup (Max at Slow Process Corner)
  Requirement:            6.667ns  (clk_i rise@6.667ns - clk_i rise@0.000ns)
  Data Path Delay:        4.806ns  (logic 1.951ns (40.595%)  route 2.855ns (59.405%))
  Logic Levels:           7  (CARRY4=2 LUT4=2 LUT5=1 LUT6=2)
  Clock Path Skew:        -0.039ns (DCD - SCD + CPR)
    Destination Clock Delay (DCD):    0.748ns = ( 7.415 - 6.667 ) 
    Source Clock Delay      (SCD):    0.787ns
    Clock Pessimism Removal (CPR):    0.000ns
  Clock Uncertainty:      0.035ns  ((TSJ^2 + TIJ^2)^1/2 + DJ) / 2 + PE
    Total System Jitter     (TSJ):    0.071ns
    Total Input Jitter      (TIJ):    0.000ns
    Discrete Jitter          (DJ):    0.000ns
    Phase Error              (PE):    0.000ns

    Location             Delay type                Incr(ns)  Path(ns)    Netlist Resource(s)
  -------------------------------------------------------------------    -------------------
                         (clock clk_i rise edge)      0.000     0.000 r  
                                                      0.000     0.000 r  clk_i (IN)
                         net (fo=2875, unset)         0.787     0.787    clk_i
                         FDCE                                         r  a_q_reg[4]/C
  -------------------------------------------------------------------    -------------------
                         FDCE (Prop_fdce_C_Q)         0.433     1.220 r  a_q_reg[4]/Q
                         net (fo=18, unplaced)        0.656     1.876    a_q_reg_n_0_[4]
                         LUT4 (Prop_lut4_I1_O)        0.232     2.108 r  FSM_onehot_st_q[10]_i_21/O
                         net (fo=1, unplaced)         0.000     2.108    FSM_onehot_st_q[10]_i_21_n_0
                         CARRY4 (Prop_carry4_S[1]_CO[3])
                                                      0.444     2.552 r  FSM_onehot_st_q_reg[10]_i_8/CO[3]
                         net (fo=1, unplaced)         0.008     2.560    FSM_onehot_st_q_reg[10]_i_8_n_0
                         CARRY4 (Prop_carry4_CI_O[3])
                                                      0.277     2.837 r  FSM_onehot_st_q_reg[10]_i_7/O[3]
                         net (fo=1, unplaced)         0.650     3.487    FSM_onehot_st_q_reg[10]_i_7_n_4
                         LUT6 (Prop_lut6_I2_O)        0.250     3.737 r  FSM_onehot_st_q[10]_i_6/O
                         net (fo=1, unplaced)         0.347     4.084    FSM_onehot_st_q[10]_i_6_n_0
                         LUT4 (Prop_lut4_I3_O)        0.105     4.189 f  FSM_onehot_st_q[10]_i_4/O
                         net (fo=7, unplaced)         0.382     4.571    FSM_onehot_st_q[10]_i_4_n_0
                         LUT6 (Prop_lut6_I2_O)        0.105     4.676 r  FSM_onehot_st_q[10]_i_2/O
                         net (fo=2, unplaced)         0.358     5.034    FSM_onehot_st_q[10]_i_2_n_0
                         LUT5 (Prop_lut5_I1_O)        0.105     5.139 r  res_q[63]_i_1/O
                         net (fo=64, unplaced)        0.454     5.593    res_q[63]_i_1_n_0
                         FDCE                                         r  res_q_reg[26]/CE
  -------------------------------------------------------------------    -------------------

                         (clock clk_i rise edge)      6.667     6.667 r  
                                                      0.000     6.667 r  clk_i (IN)
                         net (fo=2875, unset)         0.748     7.415    clk_i
                         FDCE                                         r  res_q_reg[26]/C
                         clock pessimism              0.000     7.415    
                         clock uncertainty           -0.035     7.379    
                         FDCE (Setup_fdce_C_CE)      -0.136     7.243    res_q_reg[26]
  -------------------------------------------------------------------
                         required time                          7.243    
                         arrival time                          -5.593    
  -------------------------------------------------------------------
                         slack                                  1.650    

Slack (MET) :             1.650ns  (required time - arrival time)
  Source:                 a_q_reg[4]/C
                            (rising edge-triggered cell FDCE clocked by clk_i  {rise@0.000ns fall@3.333ns period=6.667ns})
  Destination:            res_q_reg[27]/CE
                            (rising edge-triggered cell FDCE clocked by clk_i  {rise@0.000ns fall@3.333ns period=6.667ns})
  Path Group:             clk_i
  Path Type:              Setup (Max at Slow Process Corner)
  Requirement:            6.667ns  (clk_i rise@6.667ns - clk_i rise@0.000ns)
  Data Path Delay:        4.806ns  (logic 1.951ns (40.595%)  route 2.855ns (59.405%))
  Logic Levels:           7  (CARRY4=2 LUT4=2 LUT5=1 LUT6=2)
  Clock Path Skew:        -0.039ns (DCD - SCD + CPR)
    Destination Clock Delay (DCD):    0.748ns = ( 7.415 - 6.667 ) 
    Source Clock Delay      (SCD):    0.787ns
    Clock Pessimism Removal (CPR):    0.000ns
  Clock Uncertainty:      0.035ns  ((TSJ^2 + TIJ^2)^1/2 + DJ) / 2 + PE
    Total System Jitter     (TSJ):    0.071ns
    Total Input Jitter      (TIJ):    0.000ns
    Discrete Jitter          (DJ):    0.000ns
    Phase Error              (PE):    0.000ns

    Location             Delay type                Incr(ns)  Path(ns)    Netlist Resource(s)
  -------------------------------------------------------------------    -------------------
                         (clock clk_i rise edge)      0.000     0.000 r  
                                                      0.000     0.000 r  clk_i (IN)
                         net (fo=2875, unset)         0.787     0.787    clk_i
                         FDCE                                         r  a_q_reg[4]/C
  -------------------------------------------------------------------    -------------------
                         FDCE (Prop_fdce_C_Q)         0.433     1.220 r  a_q_reg[4]/Q
                         net (fo=18, unplaced)        0.656     1.876    a_q_reg_n_0_[4]
                         LUT4 (Prop_lut4_I1_O)        0.232     2.108 r  FSM_onehot_st_q[10]_i_21/O
                         net (fo=1, unplaced)         0.000     2.108    FSM_onehot_st_q[10]_i_21_n_0
                         CARRY4 (Prop_carry4_S[1]_CO[3])
                                                      0.444     2.552 r  FSM_onehot_st_q_reg[10]_i_8/CO[3]
                         net (fo=1, unplaced)         0.008     2.560    FSM_onehot_st_q_reg[10]_i_8_n_0
                         CARRY4 (Prop_carry4_CI_O[3])
                                                      0.277     2.837 r  FSM_onehot_st_q_reg[10]_i_7/O[3]
                         net (fo=1, unplaced)         0.650     3.487    FSM_onehot_st_q_reg[10]_i_7_n_4
                         LUT6 (Prop_lut6_I2_O)        0.250     3.737 r  FSM_onehot_st_q[10]_i_6/O
                         net (fo=1, unplaced)         0.347     4.084    FSM_onehot_st_q[10]_i_6_n_0
                         LUT4 (Prop_lut4_I3_O)        0.105     4.189 f  FSM_onehot_st_q[10]_i_4/O
                         net (fo=7, unplaced)         0.382     4.571    FSM_onehot_st_q[10]_i_4_n_0
                         LUT6 (Prop_lut6_I2_O)        0.105     4.676 r  FSM_onehot_st_q[10]_i_2/O
                         net (fo=2, unplaced)         0.358     5.034    FSM_onehot_st_q[10]_i_2_n_0
                         LUT5 (Prop_lut5_I1_O)        0.105     5.139 r  res_q[63]_i_1/O
                         net (fo=64, unplaced)        0.454     5.593    res_q[63]_i_1_n_0
                         FDCE                                         r  res_q_reg[27]/CE
  -------------------------------------------------------------------    -------------------

                         (clock clk_i rise edge)      6.667     6.667 r  
                                                      0.000     6.667 r  clk_i (IN)
                         net (fo=2875, unset)         0.748     7.415    clk_i
                         FDCE                                         r  res_q_reg[27]/C
                         clock pessimism              0.000     7.415    
                         clock uncertainty           -0.035     7.379    
                         FDCE (Setup_fdce_C_CE)      -0.136     7.243    res_q_reg[27]
  -------------------------------------------------------------------
                         required time                          7.243    
                         arrival time                          -5.593    
  -------------------------------------------------------------------
                         slack                                  1.650    

Slack (MET) :             1.650ns  (required time - arrival time)
  Source:                 a_q_reg[4]/C
                            (rising edge-triggered cell FDCE clocked by clk_i  {rise@0.000ns fall@3.333ns period=6.667ns})
  Destination:            res_q_reg[28]/CE
                            (rising edge-triggered cell FDCE clocked by clk_i  {rise@0.000ns fall@3.333ns period=6.667ns})
  Path Group:             clk_i
  Path Type:              Setup (Max at Slow Process Corner)
  Requirement:            6.667ns  (clk_i rise@6.667ns - clk_i rise@0.000ns)
  Data Path Delay:        4.806ns  (logic 1.951ns (40.595%)  route 2.855ns (59.405%))
  Logic Levels:           7  (CARRY4=2 LUT4=2 LUT5=1 LUT6=2)
  Clock Path Skew:        -0.039ns (DCD - SCD + CPR)
    Destination Clock Delay (DCD):    0.748ns = ( 7.415 - 6.667 ) 
    Source Clock Delay      (SCD):    0.787ns
    Clock Pessimism Removal (CPR):    0.000ns
  Clock Uncertainty:      0.035ns  ((TSJ^2 + TIJ^2)^1/2 + DJ) / 2 + PE
    Total System Jitter     (TSJ):    0.071ns
    Total Input Jitter      (TIJ):    0.000ns
    Discrete Jitter          (DJ):    0.000ns
    Phase Error              (PE):    0.000ns

    Location             Delay type                Incr(ns)  Path(ns)    Netlist Resource(s)
  -------------------------------------------------------------------    -------------------
                         (clock clk_i rise edge)      0.000     0.000 r  
                                                      0.000     0.000 r  clk_i (IN)
                         net (fo=2875, unset)         0.787     0.787    clk_i
                         FDCE                                         r  a_q_reg[4]/C
  -------------------------------------------------------------------    -------------------
                         FDCE (Prop_fdce_C_Q)         0.433     1.220 r  a_q_reg[4]/Q
                         net (fo=18, unplaced)        0.656     1.876    a_q_reg_n_0_[4]
                         LUT4 (Prop_lut4_I1_O)        0.232     2.108 r  FSM_onehot_st_q[10]_i_21/O
                         net (fo=1, unplaced)         0.000     2.108    FSM_onehot_st_q[10]_i_21_n_0
                         CARRY4 (Prop_carry4_S[1]_CO[3])
                                                      0.444     2.552 r  FSM_onehot_st_q_reg[10]_i_8/CO[3]
                         net (fo=1, unplaced)         0.008     2.560    FSM_onehot_st_q_reg[10]_i_8_n_0
                         CARRY4 (Prop_carry4_CI_O[3])
                                                      0.277     2.837 r  FSM_onehot_st_q_reg[10]_i_7/O[3]
                         net (fo=1, unplaced)         0.650     3.487    FSM_onehot_st_q_reg[10]_i_7_n_4
                         LUT6 (Prop_lut6_I2_O)        0.250     3.737 r  FSM_onehot_st_q[10]_i_6/O
                         net (fo=1, unplaced)         0.347     4.084    FSM_onehot_st_q[10]_i_6_n_0
                         LUT4 (Prop_lut4_I3_O)        0.105     4.189 f  FSM_onehot_st_q[10]_i_4/O
                         net (fo=7, unplaced)         0.382     4.571    FSM_onehot_st_q[10]_i_4_n_0
                         LUT6 (Prop_lut6_I2_O)        0.105     4.676 r  FSM_onehot_st_q[10]_i_2/O
                         net (fo=2, unplaced)         0.358     5.034    FSM_onehot_st_q[10]_i_2_n_0
                         LUT5 (Prop_lut5_I1_O)        0.105     5.139 r  res_q[63]_i_1/O
                         net (fo=64, unplaced)        0.454     5.593    res_q[63]_i_1_n_0
                         FDCE                                         r  res_q_reg[28]/CE
  -------------------------------------------------------------------    -------------------

                         (clock clk_i rise edge)      6.667     6.667 r  
                                                      0.000     6.667 r  clk_i (IN)
                         net (fo=2875, unset)         0.748     7.415    clk_i
                         FDCE                                         r  res_q_reg[28]/C
                         clock pessimism              0.000     7.415    
                         clock uncertainty           -0.035     7.379    
                         FDCE (Setup_fdce_C_CE)      -0.136     7.243    res_q_reg[28]
  -------------------------------------------------------------------
                         required time                          7.243    
                         arrival time                          -5.593    
  -------------------------------------------------------------------
                         slack                                  1.650    

Slack (MET) :             1.650ns  (required time - arrival time)
  Source:                 a_q_reg[4]/C
                            (rising edge-triggered cell FDCE clocked by clk_i  {rise@0.000ns fall@3.333ns period=6.667ns})
  Destination:            res_q_reg[29]/CE
                            (rising edge-triggered cell FDCE clocked by clk_i  {rise@0.000ns fall@3.333ns period=6.667ns})
  Path Group:             clk_i
  Path Type:              Setup (Max at Slow Process Corner)
  Requirement:            6.667ns  (clk_i rise@6.667ns - clk_i rise@0.000ns)
  Data Path Delay:        4.806ns  (logic 1.951ns (40.595%)  route 2.855ns (59.405%))
  Logic Levels:           7  (CARRY4=2 LUT4=2 LUT5=1 LUT6=2)
  Clock Path Skew:        -0.039ns (DCD - SCD + CPR)
    Destination Clock Delay (DCD):    0.748ns = ( 7.415 - 6.667 ) 
    Source Clock Delay      (SCD):    0.787ns
    Clock Pessimism Removal (CPR):    0.000ns
  Clock Uncertainty:      0.035ns  ((TSJ^2 + TIJ^2)^1/2 + DJ) / 2 + PE
    Total System Jitter     (TSJ):    0.071ns
    Total Input Jitter      (TIJ):    0.000ns
    Discrete Jitter          (DJ):    0.000ns
    Phase Error              (PE):    0.000ns

    Location             Delay type                Incr(ns)  Path(ns)    Netlist Resource(s)
  -------------------------------------------------------------------    -------------------
                         (clock clk_i rise edge)      0.000     0.000 r  
                                                      0.000     0.000 r  clk_i (IN)
                         net (fo=2875, unset)         0.787     0.787    clk_i
                         FDCE                                         r  a_q_reg[4]/C
  -------------------------------------------------------------------    -------------------
                         FDCE (Prop_fdce_C_Q)         0.433     1.220 r  a_q_reg[4]/Q
                         net (fo=18, unplaced)        0.656     1.876    a_q_reg_n_0_[4]
                         LUT4 (Prop_lut4_I1_O)        0.232     2.108 r  FSM_onehot_st_q[10]_i_21/O
                         net (fo=1, unplaced)         0.000     2.108    FSM_onehot_st_q[10]_i_21_n_0
                         CARRY4 (Prop_carry4_S[1]_CO[3])
                                                      0.444     2.552 r  FSM_onehot_st_q_reg[10]_i_8/CO[3]
                         net (fo=1, unplaced)         0.008     2.560    FSM_onehot_st_q_reg[10]_i_8_n_0
                         CARRY4 (Prop_carry4_CI_O[3])
                                                      0.277     2.837 r  FSM_onehot_st_q_reg[10]_i_7/O[3]
                         net (fo=1, unplaced)         0.650     3.487    FSM_onehot_st_q_reg[10]_i_7_n_4
                         LUT6 (Prop_lut6_I2_O)        0.250     3.737 r  FSM_onehot_st_q[10]_i_6/O
                         net (fo=1, unplaced)         0.347     4.084    FSM_onehot_st_q[10]_i_6_n_0
                         LUT4 (Prop_lut4_I3_O)        0.105     4.189 f  FSM_onehot_st_q[10]_i_4/O
                         net (fo=7, unplaced)         0.382     4.571    FSM_onehot_st_q[10]_i_4_n_0
                         LUT6 (Prop_lut6_I2_O)        0.105     4.676 r  FSM_onehot_st_q[10]_i_2/O
                         net (fo=2, unplaced)         0.358     5.034    FSM_onehot_st_q[10]_i_2_n_0
                         LUT5 (Prop_lut5_I1_O)        0.105     5.139 r  res_q[63]_i_1/O
                         net (fo=64, unplaced)        0.454     5.593    res_q[63]_i_1_n_0
                         FDCE                                         r  res_q_reg[29]/CE
  -------------------------------------------------------------------    -------------------

                         (clock clk_i rise edge)      6.667     6.667 r  
                                                      0.000     6.667 r  clk_i (IN)
                         net (fo=2875, unset)         0.748     7.415    clk_i
                         FDCE                                         r  res_q_reg[29]/C
                         clock pessimism              0.000     7.415    
                         clock uncertainty           -0.035     7.379    
                         FDCE (Setup_fdce_C_CE)      -0.136     7.243    res_q_reg[29]
  -------------------------------------------------------------------
                         required time                          7.243    
                         arrival time                          -5.593    
  -------------------------------------------------------------------
                         slack                                  1.650    

Slack (MET) :             1.650ns  (required time - arrival time)
  Source:                 a_q_reg[4]/C
                            (rising edge-triggered cell FDCE clocked by clk_i  {rise@0.000ns fall@3.333ns period=6.667ns})
  Destination:            res_q_reg[2]/CE
                            (rising edge-triggered cell FDCE clocked by clk_i  {rise@0.000ns fall@3.333ns period=6.667ns})
  Path Group:             clk_i
  Path Type:              Setup (Max at Slow Process Corner)
  Requirement:            6.667ns  (clk_i rise@6.667ns - clk_i rise@0.000ns)
  Data Path Delay:        4.806ns  (logic 1.951ns (40.595%)  route 2.855ns (59.405%))
  Logic Levels:           7  (CARRY4=2 LUT4=2 LUT5=1 LUT6=2)
  Clock Path Skew:        -0.039ns (DCD - SCD + CPR)
    Destination Clock Delay (DCD):    0.748ns = ( 7.415 - 6.667 ) 
    Source Clock Delay      (SCD):    0.787ns
    Clock Pessimism Removal (CPR):    0.000ns
  Clock Uncertainty:      0.035ns  ((TSJ^2 + TIJ^2)^1/2 + DJ) / 2 + PE
    Total System Jitter     (TSJ):    0.071ns
    Total Input Jitter      (TIJ):    0.000ns
    Discrete Jitter          (DJ):    0.000ns
    Phase Error              (PE):    0.000ns

    Location             Delay type                Incr(ns)  Path(ns)    Netlist Resource(s)
  -------------------------------------------------------------------    -------------------
                         (clock clk_i rise edge)      0.000     0.000 r  
                                                      0.000     0.000 r  clk_i (IN)
                         net (fo=2875, unset)         0.787     0.787    clk_i
                         FDCE                                         r  a_q_reg[4]/C
  -------------------------------------------------------------------    -------------------
                         FDCE (Prop_fdce_C_Q)         0.433     1.220 r  a_q_reg[4]/Q
                         net (fo=18, unplaced)        0.656     1.876    a_q_reg_n_0_[4]
                         LUT4 (Prop_lut4_I1_O)        0.232     2.108 r  FSM_onehot_st_q[10]_i_21/O
                         net (fo=1, unplaced)         0.000     2.108    FSM_onehot_st_q[10]_i_21_n_0
                         CARRY4 (Prop_carry4_S[1]_CO[3])
                                                      0.444     2.552 r  FSM_onehot_st_q_reg[10]_i_8/CO[3]
                         net (fo=1, unplaced)         0.008     2.560    FSM_onehot_st_q_reg[10]_i_8_n_0
                         CARRY4 (Prop_carry4_CI_O[3])
                                                      0.277     2.837 r  FSM_onehot_st_q_reg[10]_i_7/O[3]
                         net (fo=1, unplaced)         0.650     3.487    FSM_onehot_st_q_reg[10]_i_7_n_4
                         LUT6 (Prop_lut6_I2_O)        0.250     3.737 r  FSM_onehot_st_q[10]_i_6/O
                         net (fo=1, unplaced)         0.347     4.084    FSM_onehot_st_q[10]_i_6_n_0
                         LUT4 (Prop_lut4_I3_O)        0.105     4.189 f  FSM_onehot_st_q[10]_i_4/O
                         net (fo=7, unplaced)         0.382     4.571    FSM_onehot_st_q[10]_i_4_n_0
                         LUT6 (Prop_lut6_I2_O)        0.105     4.676 r  FSM_onehot_st_q[10]_i_2/O
                         net (fo=2, unplaced)         0.358     5.034    FSM_onehot_st_q[10]_i_2_n_0
                         LUT5 (Prop_lut5_I1_O)        0.105     5.139 r  res_q[63]_i_1/O
                         net (fo=64, unplaced)        0.454     5.593    res_q[63]_i_1_n_0
                         FDCE                                         r  res_q_reg[2]/CE
  -------------------------------------------------------------------    -------------------

                         (clock clk_i rise edge)      6.667     6.667 r  
                                                      0.000     6.667 r  clk_i (IN)
                         net (fo=2875, unset)         0.748     7.415    clk_i
                         FDCE                                         r  res_q_reg[2]/C
                         clock pessimism              0.000     7.415    
                         clock uncertainty           -0.035     7.379    
                         FDCE (Setup_fdce_C_CE)      -0.136     7.243    res_q_reg[2]
  -------------------------------------------------------------------
                         required time                          7.243    
                         arrival time                          -5.593    
  -------------------------------------------------------------------
                         slack                                  1.650    

Slack (MET) :             1.650ns  (required time - arrival time)
  Source:                 a_q_reg[4]/C
                            (rising edge-triggered cell FDCE clocked by clk_i  {rise@0.000ns fall@3.333ns period=6.667ns})
  Destination:            res_q_reg[30]/CE
                            (rising edge-triggered cell FDCE clocked by clk_i  {rise@0.000ns fall@3.333ns period=6.667ns})
  Path Group:             clk_i
  Path Type:              Setup (Max at Slow Process Corner)
  Requirement:            6.667ns  (clk_i rise@6.667ns - clk_i rise@0.000ns)
  Data Path Delay:        4.806ns  (logic 1.951ns (40.595%)  route 2.855ns (59.405%))
  Logic Levels:           7  (CARRY4=2 LUT4=2 LUT5=1 LUT6=2)
  Clock Path Skew:        -0.039ns (DCD - SCD + CPR)
    Destination Clock Delay (DCD):    0.748ns = ( 7.415 - 6.667 ) 
    Source Clock Delay      (SCD):    0.787ns
    Clock Pessimism Removal (CPR):    0.000ns
  Clock Uncertainty:      0.035ns  ((TSJ^2 + TIJ^2)^1/2 + DJ) / 2 + PE
    Total System Jitter     (TSJ):    0.071ns
    Total Input Jitter      (TIJ):    0.000ns
    Discrete Jitter          (DJ):    0.000ns
    Phase Error              (PE):    0.000ns

    Location             Delay type                Incr(ns)  Path(ns)    Netlist Resource(s)
  -------------------------------------------------------------------    -------------------
                         (clock clk_i rise edge)      0.000     0.000 r  
                                                      0.000     0.000 r  clk_i (IN)
                         net (fo=2875, unset)         0.787     0.787    clk_i
                         FDCE                                         r  a_q_reg[4]/C
  -------------------------------------------------------------------    -------------------
                         FDCE (Prop_fdce_C_Q)         0.433     1.220 r  a_q_reg[4]/Q
                         net (fo=18, unplaced)        0.656     1.876    a_q_reg_n_0_[4]
                         LUT4 (Prop_lut4_I1_O)        0.232     2.108 r  FSM_onehot_st_q[10]_i_21/O
                         net (fo=1, unplaced)         0.000     2.108    FSM_onehot_st_q[10]_i_21_n_0
                         CARRY4 (Prop_carry4_S[1]_CO[3])
                                                      0.444     2.552 r  FSM_onehot_st_q_reg[10]_i_8/CO[3]
                         net (fo=1, unplaced)         0.008     2.560    FSM_onehot_st_q_reg[10]_i_8_n_0
                         CARRY4 (Prop_carry4_CI_O[3])
                                                      0.277     2.837 r  FSM_onehot_st_q_reg[10]_i_7/O[3]
                         net (fo=1, unplaced)         0.650     3.487    FSM_onehot_st_q_reg[10]_i_7_n_4
                         LUT6 (Prop_lut6_I2_O)        0.250     3.737 r  FSM_onehot_st_q[10]_i_6/O
                         net (fo=1, unplaced)         0.347     4.084    FSM_onehot_st_q[10]_i_6_n_0
                         LUT4 (Prop_lut4_I3_O)        0.105     4.189 f  FSM_onehot_st_q[10]_i_4/O
                         net (fo=7, unplaced)         0.382     4.571    FSM_onehot_st_q[10]_i_4_n_0
                         LUT6 (Prop_lut6_I2_O)        0.105     4.676 r  FSM_onehot_st_q[10]_i_2/O
                         net (fo=2, unplaced)         0.358     5.034    FSM_onehot_st_q[10]_i_2_n_0
                         LUT5 (Prop_lut5_I1_O)        0.105     5.139 r  res_q[63]_i_1/O
                         net (fo=64, unplaced)        0.454     5.593    res_q[63]_i_1_n_0
                         FDCE                                         r  res_q_reg[30]/CE
  -------------------------------------------------------------------    -------------------

                         (clock clk_i rise edge)      6.667     6.667 r  
                                                      0.000     6.667 r  clk_i (IN)
                         net (fo=2875, unset)         0.748     7.415    clk_i
                         FDCE                                         r  res_q_reg[30]/C
                         clock pessimism              0.000     7.415    
                         clock uncertainty           -0.035     7.379    
                         FDCE (Setup_fdce_C_CE)      -0.136     7.243    res_q_reg[30]
  -------------------------------------------------------------------
                         required time                          7.243    
                         arrival time                          -5.593    
  -------------------------------------------------------------------
                         slack                                  1.650    

Slack (MET) :             1.650ns  (required time - arrival time)
  Source:                 a_q_reg[4]/C
                            (rising edge-triggered cell FDCE clocked by clk_i  {rise@0.000ns fall@3.333ns period=6.667ns})
  Destination:            res_q_reg[31]/CE
                            (rising edge-triggered cell FDCE clocked by clk_i  {rise@0.000ns fall@3.333ns period=6.667ns})
  Path Group:             clk_i
  Path Type:              Setup (Max at Slow Process Corner)
  Requirement:            6.667ns  (clk_i rise@6.667ns - clk_i rise@0.000ns)
  Data Path Delay:        4.806ns  (logic 1.951ns (40.595%)  route 2.855ns (59.405%))
  Logic Levels:           7  (CARRY4=2 LUT4=2 LUT5=1 LUT6=2)
  Clock Path Skew:        -0.039ns (DCD - SCD + CPR)
    Destination Clock Delay (DCD):    0.748ns = ( 7.415 - 6.667 ) 
    Source Clock Delay      (SCD):    0.787ns
    Clock Pessimism Removal (CPR):    0.000ns
  Clock Uncertainty:      0.035ns  ((TSJ^2 + TIJ^2)^1/2 + DJ) / 2 + PE
    Total System Jitter     (TSJ):    0.071ns
    Total Input Jitter      (TIJ):    0.000ns
    Discrete Jitter          (DJ):    0.000ns
    Phase Error              (PE):    0.000ns

    Location             Delay type                Incr(ns)  Path(ns)    Netlist Resource(s)
  -------------------------------------------------------------------    -------------------
                         (clock clk_i rise edge)      0.000     0.000 r  
                                                      0.000     0.000 r  clk_i (IN)
                         net (fo=2875, unset)         0.787     0.787    clk_i
                         FDCE                                         r  a_q_reg[4]/C
  -------------------------------------------------------------------    -------------------
                         FDCE (Prop_fdce_C_Q)         0.433     1.220 r  a_q_reg[4]/Q
                         net (fo=18, unplaced)        0.656     1.876    a_q_reg_n_0_[4]
                         LUT4 (Prop_lut4_I1_O)        0.232     2.108 r  FSM_onehot_st_q[10]_i_21/O
                         net (fo=1, unplaced)         0.000     2.108    FSM_onehot_st_q[10]_i_21_n_0
                         CARRY4 (Prop_carry4_S[1]_CO[3])
                                                      0.444     2.552 r  FSM_onehot_st_q_reg[10]_i_8/CO[3]
                         net (fo=1, unplaced)         0.008     2.560    FSM_onehot_st_q_reg[10]_i_8_n_0
                         CARRY4 (Prop_carry4_CI_O[3])
                                                      0.277     2.837 r  FSM_onehot_st_q_reg[10]_i_7/O[3]
                         net (fo=1, unplaced)         0.650     3.487    FSM_onehot_st_q_reg[10]_i_7_n_4
                         LUT6 (Prop_lut6_I2_O)        0.250     3.737 r  FSM_onehot_st_q[10]_i_6/O
                         net (fo=1, unplaced)         0.347     4.084    FSM_onehot_st_q[10]_i_6_n_0
                         LUT4 (Prop_lut4_I3_O)        0.105     4.189 f  FSM_onehot_st_q[10]_i_4/O
                         net (fo=7, unplaced)         0.382     4.571    FSM_onehot_st_q[10]_i_4_n_0
                         LUT6 (Prop_lut6_I2_O)        0.105     4.676 r  FSM_onehot_st_q[10]_i_2/O
                         net (fo=2, unplaced)         0.358     5.034    FSM_onehot_st_q[10]_i_2_n_0
                         LUT5 (Prop_lut5_I1_O)        0.105     5.139 r  res_q[63]_i_1/O
                         net (fo=64, unplaced)        0.454     5.593    res_q[63]_i_1_n_0
                         FDCE                                         r  res_q_reg[31]/CE
  -------------------------------------------------------------------    -------------------

                         (clock clk_i rise edge)      6.667     6.667 r  
                                                      0.000     6.667 r  clk_i (IN)
                         net (fo=2875, unset)         0.748     7.415    clk_i
                         FDCE                                         r  res_q_reg[31]/C
                         clock pessimism              0.000     7.415    
                         clock uncertainty           -0.035     7.379    
                         FDCE (Setup_fdce_C_CE)      -0.136     7.243    res_q_reg[31]
  -------------------------------------------------------------------
                         required time                          7.243    
                         arrival time                          -5.593    
  -------------------------------------------------------------------
                         slack                                  1.650    

Slack (MET) :             1.650ns  (required time - arrival time)
  Source:                 a_q_reg[4]/C
                            (rising edge-triggered cell FDCE clocked by clk_i  {rise@0.000ns fall@3.333ns period=6.667ns})
  Destination:            res_q_reg[32]/CE
                            (rising edge-triggered cell FDCE clocked by clk_i  {rise@0.000ns fall@3.333ns period=6.667ns})
  Path Group:             clk_i
  Path Type:              Setup (Max at Slow Process Corner)
  Requirement:            6.667ns  (clk_i rise@6.667ns - clk_i rise@0.000ns)
  Data Path Delay:        4.806ns  (logic 1.951ns (40.595%)  route 2.855ns (59.405%))
  Logic Levels:           7  (CARRY4=2 LUT4=2 LUT5=1 LUT6=2)
  Clock Path Skew:        -0.039ns (DCD - SCD + CPR)
    Destination Clock Delay (DCD):    0.748ns = ( 7.415 - 6.667 ) 
    Source Clock Delay      (SCD):    0.787ns
    Clock Pessimism Removal (CPR):    0.000ns
  Clock Uncertainty:      0.035ns  ((TSJ^2 + TIJ^2)^1/2 + DJ) / 2 + PE
    Total System Jitter     (TSJ):    0.071ns
    Total Input Jitter      (TIJ):    0.000ns
    Discrete Jitter          (DJ):    0.000ns
    Phase Error              (PE):    0.000ns

    Location             Delay type                Incr(ns)  Path(ns)    Netlist Resource(s)
  -------------------------------------------------------------------    -------------------
                         (clock clk_i rise edge)      0.000     0.000 r  
                                                      0.000     0.000 r  clk_i (IN)
                         net (fo=2875, unset)         0.787     0.787    clk_i
                         FDCE                                         r  a_q_reg[4]/C
  -------------------------------------------------------------------    -------------------
                         FDCE (Prop_fdce_C_Q)         0.433     1.220 r  a_q_reg[4]/Q
                         net (fo=18, unplaced)        0.656     1.876    a_q_reg_n_0_[4]
                         LUT4 (Prop_lut4_I1_O)        0.232     2.108 r  FSM_onehot_st_q[10]_i_21/O
                         net (fo=1, unplaced)         0.000     2.108    FSM_onehot_st_q[10]_i_21_n_0
                         CARRY4 (Prop_carry4_S[1]_CO[3])
                                                      0.444     2.552 r  FSM_onehot_st_q_reg[10]_i_8/CO[3]
                         net (fo=1, unplaced)         0.008     2.560    FSM_onehot_st_q_reg[10]_i_8_n_0
                         CARRY4 (Prop_carry4_CI_O[3])
                                                      0.277     2.837 r  FSM_onehot_st_q_reg[10]_i_7/O[3]
                         net (fo=1, unplaced)         0.650     3.487    FSM_onehot_st_q_reg[10]_i_7_n_4
                         LUT6 (Prop_lut6_I2_O)        0.250     3.737 r  FSM_onehot_st_q[10]_i_6/O
                         net (fo=1, unplaced)         0.347     4.084    FSM_onehot_st_q[10]_i_6_n_0
                         LUT4 (Prop_lut4_I3_O)        0.105     4.189 f  FSM_onehot_st_q[10]_i_4/O
                         net (fo=7, unplaced)         0.382     4.571    FSM_onehot_st_q[10]_i_4_n_0
                         LUT6 (Prop_lut6_I2_O)        0.105     4.676 r  FSM_onehot_st_q[10]_i_2/O
                         net (fo=2, unplaced)         0.358     5.034    FSM_onehot_st_q[10]_i_2_n_0
                         LUT5 (Prop_lut5_I1_O)        0.105     5.139 r  res_q[63]_i_1/O
                         net (fo=64, unplaced)        0.454     5.593    res_q[63]_i_1_n_0
                         FDCE                                         r  res_q_reg[32]/CE
  -------------------------------------------------------------------    -------------------

                         (clock clk_i rise edge)      6.667     6.667 r  
                                                      0.000     6.667 r  clk_i (IN)
                         net (fo=2875, unset)         0.748     7.415    clk_i
                         FDCE                                         r  res_q_reg[32]/C
                         clock pessimism              0.000     7.415    
                         clock uncertainty           -0.035     7.379    
                         FDCE (Setup_fdce_C_CE)      -0.136     7.243    res_q_reg[32]
  -------------------------------------------------------------------
                         required time                          7.243    
                         arrival time                          -5.593    
  -------------------------------------------------------------------
                         slack                                  1.650    

Slack (MET) :             1.650ns  (required time - arrival time)
  Source:                 a_q_reg[4]/C
                            (rising edge-triggered cell FDCE clocked by clk_i  {rise@0.000ns fall@3.333ns period=6.667ns})
  Destination:            res_q_reg[33]/CE
                            (rising edge-triggered cell FDCE clocked by clk_i  {rise@0.000ns fall@3.333ns period=6.667ns})
  Path Group:             clk_i
  Path Type:              Setup (Max at Slow Process Corner)
  Requirement:            6.667ns  (clk_i rise@6.667ns - clk_i rise@0.000ns)
  Data Path Delay:        4.806ns  (logic 1.951ns (40.595%)  route 2.855ns (59.405%))
  Logic Levels:           7  (CARRY4=2 LUT4=2 LUT5=1 LUT6=2)
  Clock Path Skew:        -0.039ns (DCD - SCD + CPR)
    Destination Clock Delay (DCD):    0.748ns = ( 7.415 - 6.667 ) 
    Source Clock Delay      (SCD):    0.787ns
    Clock Pessimism Removal (CPR):    0.000ns
  Clock Uncertainty:      0.035ns  ((TSJ^2 + TIJ^2)^1/2 + DJ) / 2 + PE
    Total System Jitter     (TSJ):    0.071ns
    Total Input Jitter      (TIJ):    0.000ns
    Discrete Jitter          (DJ):    0.000ns
    Phase Error              (PE):    0.000ns

    Location             Delay type                Incr(ns)  Path(ns)    Netlist Resource(s)
  -------------------------------------------------------------------    -------------------
                         (clock clk_i rise edge)      0.000     0.000 r  
                                                      0.000     0.000 r  clk_i (IN)
                         net (fo=2875, unset)         0.787     0.787    clk_i
                         FDCE                                         r  a_q_reg[4]/C
  -------------------------------------------------------------------    -------------------
                         FDCE (Prop_fdce_C_Q)         0.433     1.220 r  a_q_reg[4]/Q
                         net (fo=18, unplaced)        0.656     1.876    a_q_reg_n_0_[4]
                         LUT4 (Prop_lut4_I1_O)        0.232     2.108 r  FSM_onehot_st_q[10]_i_21/O
                         net (fo=1, unplaced)         0.000     2.108    FSM_onehot_st_q[10]_i_21_n_0
                         CARRY4 (Prop_carry4_S[1]_CO[3])
                                                      0.444     2.552 r  FSM_onehot_st_q_reg[10]_i_8/CO[3]
                         net (fo=1, unplaced)         0.008     2.560    FSM_onehot_st_q_reg[10]_i_8_n_0
                         CARRY4 (Prop_carry4_CI_O[3])
                                                      0.277     2.837 r  FSM_onehot_st_q_reg[10]_i_7/O[3]
                         net (fo=1, unplaced)         0.650     3.487    FSM_onehot_st_q_reg[10]_i_7_n_4
                         LUT6 (Prop_lut6_I2_O)        0.250     3.737 r  FSM_onehot_st_q[10]_i_6/O
                         net (fo=1, unplaced)         0.347     4.084    FSM_onehot_st_q[10]_i_6_n_0
                         LUT4 (Prop_lut4_I3_O)        0.105     4.189 f  FSM_onehot_st_q[10]_i_4/O
                         net (fo=7, unplaced)         0.382     4.571    FSM_onehot_st_q[10]_i_4_n_0
                         LUT6 (Prop_lut6_I2_O)        0.105     4.676 r  FSM_onehot_st_q[10]_i_2/O
                         net (fo=2, unplaced)         0.358     5.034    FSM_onehot_st_q[10]_i_2_n_0
                         LUT5 (Prop_lut5_I1_O)        0.105     5.139 r  res_q[63]_i_1/O
                         net (fo=64, unplaced)        0.454     5.593    res_q[63]_i_1_n_0
                         FDCE                                         r  res_q_reg[33]/CE
  -------------------------------------------------------------------    -------------------

                         (clock clk_i rise edge)      6.667     6.667 r  
                                                      0.000     6.667 r  clk_i (IN)
                         net (fo=2875, unset)         0.748     7.415    clk_i
                         FDCE                                         r  res_q_reg[33]/C
                         clock pessimism              0.000     7.415    
                         clock uncertainty           -0.035     7.379    
                         FDCE (Setup_fdce_C_CE)      -0.136     7.243    res_q_reg[33]
  -------------------------------------------------------------------
                         required time                          7.243    
                         arrival time                          -5.593    
  -------------------------------------------------------------------
                         slack                                  1.650    

Slack (MET) :             1.650ns  (required time - arrival time)
  Source:                 a_q_reg[4]/C
                            (rising edge-triggered cell FDCE clocked by clk_i  {rise@0.000ns fall@3.333ns period=6.667ns})
  Destination:            res_q_reg[34]/CE
                            (rising edge-triggered cell FDCE clocked by clk_i  {rise@0.000ns fall@3.333ns period=6.667ns})
  Path Group:             clk_i
  Path Type:              Setup (Max at Slow Process Corner)
  Requirement:            6.667ns  (clk_i rise@6.667ns - clk_i rise@0.000ns)
  Data Path Delay:        4.806ns  (logic 1.951ns (40.595%)  route 2.855ns (59.405%))
  Logic Levels:           7  (CARRY4=2 LUT4=2 LUT5=1 LUT6=2)
  Clock Path Skew:        -0.039ns (DCD - SCD + CPR)
    Destination Clock Delay (DCD):    0.748ns = ( 7.415 - 6.667 ) 
    Source Clock Delay      (SCD):    0.787ns
    Clock Pessimism Removal (CPR):    0.000ns
  Clock Uncertainty:      0.035ns  ((TSJ^2 + TIJ^2)^1/2 + DJ) / 2 + PE
    Total System Jitter     (TSJ):    0.071ns
    Total Input Jitter      (TIJ):    0.000ns
    Discrete Jitter          (DJ):    0.000ns
    Phase Error              (PE):    0.000ns

    Location             Delay type                Incr(ns)  Path(ns)    Netlist Resource(s)
  -------------------------------------------------------------------    -------------------
                         (clock clk_i rise edge)      0.000     0.000 r  
                                                      0.000     0.000 r  clk_i (IN)
                         net (fo=2875, unset)         0.787     0.787    clk_i
                         FDCE                                         r  a_q_reg[4]/C
  -------------------------------------------------------------------    -------------------
                         FDCE (Prop_fdce_C_Q)         0.433     1.220 r  a_q_reg[4]/Q
                         net (fo=18, unplaced)        0.656     1.876    a_q_reg_n_0_[4]
                         LUT4 (Prop_lut4_I1_O)        0.232     2.108 r  FSM_onehot_st_q[10]_i_21/O
                         net (fo=1, unplaced)         0.000     2.108    FSM_onehot_st_q[10]_i_21_n_0
                         CARRY4 (Prop_carry4_S[1]_CO[3])
                                                      0.444     2.552 r  FSM_onehot_st_q_reg[10]_i_8/CO[3]
                         net (fo=1, unplaced)         0.008     2.560    FSM_onehot_st_q_reg[10]_i_8_n_0
                         CARRY4 (Prop_carry4_CI_O[3])
                                                      0.277     2.837 r  FSM_onehot_st_q_reg[10]_i_7/O[3]
                         net (fo=1, unplaced)         0.650     3.487    FSM_onehot_st_q_reg[10]_i_7_n_4
                         LUT6 (Prop_lut6_I2_O)        0.250     3.737 r  FSM_onehot_st_q[10]_i_6/O
                         net (fo=1, unplaced)         0.347     4.084    FSM_onehot_st_q[10]_i_6_n_0
                         LUT4 (Prop_lut4_I3_O)        0.105     4.189 f  FSM_onehot_st_q[10]_i_4/O
                         net (fo=7, unplaced)         0.382     4.571    FSM_onehot_st_q[10]_i_4_n_0
                         LUT6 (Prop_lut6_I2_O)        0.105     4.676 r  FSM_onehot_st_q[10]_i_2/O
                         net (fo=2, unplaced)         0.358     5.034    FSM_onehot_st_q[10]_i_2_n_0
                         LUT5 (Prop_lut5_I1_O)        0.105     5.139 r  res_q[63]_i_1/O
                         net (fo=64, unplaced)        0.454     5.593    res_q[63]_i_1_n_0
                         FDCE                                         r  res_q_reg[34]/CE
  -------------------------------------------------------------------    -------------------

                         (clock clk_i rise edge)      6.667     6.667 r  
                                                      0.000     6.667 r  clk_i (IN)
                         net (fo=2875, unset)         0.748     7.415    clk_i
                         FDCE                                         r  res_q_reg[34]/C
                         clock pessimism              0.000     7.415    
                         clock uncertainty           -0.035     7.379    
                         FDCE (Setup_fdce_C_CE)      -0.136     7.243    res_q_reg[34]
  -------------------------------------------------------------------
                         required time                          7.243    
                         arrival time                          -5.593    
  -------------------------------------------------------------------
                         slack                                  1.650    

Slack (MET) :             1.650ns  (required time - arrival time)
  Source:                 a_q_reg[4]/C
                            (rising edge-triggered cell FDCE clocked by clk_i  {rise@0.000ns fall@3.333ns period=6.667ns})
  Destination:            res_q_reg[35]/CE
                            (rising edge-triggered cell FDCE clocked by clk_i  {rise@0.000ns fall@3.333ns period=6.667ns})
  Path Group:             clk_i
  Path Type:              Setup (Max at Slow Process Corner)
  Requirement:            6.667ns  (clk_i rise@6.667ns - clk_i rise@0.000ns)
  Data Path Delay:        4.806ns  (logic 1.951ns (40.595%)  route 2.855ns (59.405%))
  Logic Levels:           7  (CARRY4=2 LUT4=2 LUT5=1 LUT6=2)
  Clock Path Skew:        -0.039ns (DCD - SCD + CPR)
    Destination Clock Delay (DCD):    0.748ns = ( 7.415 - 6.667 ) 
    Source Clock Delay      (SCD):    0.787ns
    Clock Pessimism Removal (CPR):    0.000ns
  Clock Uncertainty:      0.035ns  ((TSJ^2 + TIJ^2)^1/2 + DJ) / 2 + PE
    Total System Jitter     (TSJ):    0.071ns
    Total Input Jitter      (TIJ):    0.000ns
    Discrete Jitter          (DJ):    0.000ns
    Phase Error              (PE):    0.000ns

    Location             Delay type                Incr(ns)  Path(ns)    Netlist Resource(s)
  -------------------------------------------------------------------    -------------------
                         (clock clk_i rise edge)      0.000     0.000 r  
                                                      0.000     0.000 r  clk_i (IN)
                         net (fo=2875, unset)         0.787     0.787    clk_i
                         FDCE                                         r  a_q_reg[4]/C
  -------------------------------------------------------------------    -------------------
                         FDCE (Prop_fdce_C_Q)         0.433     1.220 r  a_q_reg[4]/Q
                         net (fo=18, unplaced)        0.656     1.876    a_q_reg_n_0_[4]
                         LUT4 (Prop_lut4_I1_O)        0.232     2.108 r  FSM_onehot_st_q[10]_i_21/O
                         net (fo=1, unplaced)         0.000     2.108    FSM_onehot_st_q[10]_i_21_n_0
                         CARRY4 (Prop_carry4_S[1]_CO[3])
                                                      0.444     2.552 r  FSM_onehot_st_q_reg[10]_i_8/CO[3]
                         net (fo=1, unplaced)         0.008     2.560    FSM_onehot_st_q_reg[10]_i_8_n_0
                         CARRY4 (Prop_carry4_CI_O[3])
                                                      0.277     2.837 r  FSM_onehot_st_q_reg[10]_i_7/O[3]
                         net (fo=1, unplaced)         0.650     3.487    FSM_onehot_st_q_reg[10]_i_7_n_4
                         LUT6 (Prop_lut6_I2_O)        0.250     3.737 r  FSM_onehot_st_q[10]_i_6/O
                         net (fo=1, unplaced)         0.347     4.084    FSM_onehot_st_q[10]_i_6_n_0
                         LUT4 (Prop_lut4_I3_O)        0.105     4.189 f  FSM_onehot_st_q[10]_i_4/O
                         net (fo=7, unplaced)         0.382     4.571    FSM_onehot_st_q[10]_i_4_n_0
                         LUT6 (Prop_lut6_I2_O)        0.105     4.676 r  FSM_onehot_st_q[10]_i_2/O
                         net (fo=2, unplaced)         0.358     5.034    FSM_onehot_st_q[10]_i_2_n_0
                         LUT5 (Prop_lut5_I1_O)        0.105     5.139 r  res_q[63]_i_1/O
                         net (fo=64, unplaced)        0.454     5.593    res_q[63]_i_1_n_0
                         FDCE                                         r  res_q_reg[35]/CE
  -------------------------------------------------------------------    -------------------

                         (clock clk_i rise edge)      6.667     6.667 r  
                                                      0.000     6.667 r  clk_i (IN)
                         net (fo=2875, unset)         0.748     7.415    clk_i
                         FDCE                                         r  res_q_reg[35]/C
                         clock pessimism              0.000     7.415    
                         clock uncertainty           -0.035     7.379    
                         FDCE (Setup_fdce_C_CE)      -0.136     7.243    res_q_reg[35]
  -------------------------------------------------------------------
                         required time                          7.243    
                         arrival time                          -5.593    
  -------------------------------------------------------------------
                         slack                                  1.650    

Slack (MET) :             1.650ns  (required time - arrival time)
  Source:                 a_q_reg[4]/C
                            (rising edge-triggered cell FDCE clocked by clk_i  {rise@0.000ns fall@3.333ns period=6.667ns})
  Destination:            res_q_reg[36]/CE
                            (rising edge-triggered cell FDCE clocked by clk_i  {rise@0.000ns fall@3.333ns period=6.667ns})
  Path Group:             clk_i
  Path Type:              Setup (Max at Slow Process Corner)
  Requirement:            6.667ns  (clk_i rise@6.667ns - clk_i rise@0.000ns)
  Data Path Delay:        4.806ns  (logic 1.951ns (40.595%)  route 2.855ns (59.405%))
  Logic Levels:           7  (CARRY4=2 LUT4=2 LUT5=1 LUT6=2)
  Clock Path Skew:        -0.039ns (DCD - SCD + CPR)
    Destination Clock Delay (DCD):    0.748ns = ( 7.415 - 6.667 ) 
    Source Clock Delay      (SCD):    0.787ns
    Clock Pessimism Removal (CPR):    0.000ns
  Clock Uncertainty:      0.035ns  ((TSJ^2 + TIJ^2)^1/2 + DJ) / 2 + PE
    Total System Jitter     (TSJ):    0.071ns
    Total Input Jitter      (TIJ):    0.000ns
    Discrete Jitter          (DJ):    0.000ns
    Phase Error              (PE):    0.000ns

    Location             Delay type                Incr(ns)  Path(ns)    Netlist Resource(s)
  -------------------------------------------------------------------    -------------------
                         (clock clk_i rise edge)      0.000     0.000 r  
                                                      0.000     0.000 r  clk_i (IN)
                         net (fo=2875, unset)         0.787     0.787    clk_i
                         FDCE                                         r  a_q_reg[4]/C
  -------------------------------------------------------------------    -------------------
                         FDCE (Prop_fdce_C_Q)         0.433     1.220 r  a_q_reg[4]/Q
                         net (fo=18, unplaced)        0.656     1.876    a_q_reg_n_0_[4]
                         LUT4 (Prop_lut4_I1_O)        0.232     2.108 r  FSM_onehot_st_q[10]_i_21/O
                         net (fo=1, unplaced)         0.000     2.108    FSM_onehot_st_q[10]_i_21_n_0
                         CARRY4 (Prop_carry4_S[1]_CO[3])
                                                      0.444     2.552 r  FSM_onehot_st_q_reg[10]_i_8/CO[3]
                         net (fo=1, unplaced)         0.008     2.560    FSM_onehot_st_q_reg[10]_i_8_n_0
                         CARRY4 (Prop_carry4_CI_O[3])
                                                      0.277     2.837 r  FSM_onehot_st_q_reg[10]_i_7/O[3]
                         net (fo=1, unplaced)         0.650     3.487    FSM_onehot_st_q_reg[10]_i_7_n_4
                         LUT6 (Prop_lut6_I2_O)        0.250     3.737 r  FSM_onehot_st_q[10]_i_6/O
                         net (fo=1, unplaced)         0.347     4.084    FSM_onehot_st_q[10]_i_6_n_0
                         LUT4 (Prop_lut4_I3_O)        0.105     4.189 f  FSM_onehot_st_q[10]_i_4/O
                         net (fo=7, unplaced)         0.382     4.571    FSM_onehot_st_q[10]_i_4_n_0
                         LUT6 (Prop_lut6_I2_O)        0.105     4.676 r  FSM_onehot_st_q[10]_i_2/O
                         net (fo=2, unplaced)         0.358     5.034    FSM_onehot_st_q[10]_i_2_n_0
                         LUT5 (Prop_lut5_I1_O)        0.105     5.139 r  res_q[63]_i_1/O
                         net (fo=64, unplaced)        0.454     5.593    res_q[63]_i_1_n_0
                         FDCE                                         r  res_q_reg[36]/CE
  -------------------------------------------------------------------    -------------------

                         (clock clk_i rise edge)      6.667     6.667 r  
                                                      0.000     6.667 r  clk_i (IN)
                         net (fo=2875, unset)         0.748     7.415    clk_i
                         FDCE                                         r  res_q_reg[36]/C
                         clock pessimism              0.000     7.415    
                         clock uncertainty           -0.035     7.379    
                         FDCE (Setup_fdce_C_CE)      -0.136     7.243    res_q_reg[36]
  -------------------------------------------------------------------
                         required time                          7.243    
                         arrival time                          -5.593    
  -------------------------------------------------------------------
                         slack                                  1.650    

Slack (MET) :             1.650ns  (required time - arrival time)
  Source:                 a_q_reg[4]/C
                            (rising edge-triggered cell FDCE clocked by clk_i  {rise@0.000ns fall@3.333ns period=6.667ns})
  Destination:            res_q_reg[37]/CE
                            (rising edge-triggered cell FDCE clocked by clk_i  {rise@0.000ns fall@3.333ns period=6.667ns})
  Path Group:             clk_i
  Path Type:              Setup (Max at Slow Process Corner)
  Requirement:            6.667ns  (clk_i rise@6.667ns - clk_i rise@0.000ns)
  Data Path Delay:        4.806ns  (logic 1.951ns (40.595%)  route 2.855ns (59.405%))
  Logic Levels:           7  (CARRY4=2 LUT4=2 LUT5=1 LUT6=2)
  Clock Path Skew:        -0.039ns (DCD - SCD + CPR)
    Destination Clock Delay (DCD):    0.748ns = ( 7.415 - 6.667 ) 
    Source Clock Delay      (SCD):    0.787ns
    Clock Pessimism Removal (CPR):    0.000ns
  Clock Uncertainty:      0.035ns  ((TSJ^2 + TIJ^2)^1/2 + DJ) / 2 + PE
    Total System Jitter     (TSJ):    0.071ns
    Total Input Jitter      (TIJ):    0.000ns
    Discrete Jitter          (DJ):    0.000ns
    Phase Error              (PE):    0.000ns

    Location             Delay type                Incr(ns)  Path(ns)    Netlist Resource(s)
  -------------------------------------------------------------------    -------------------
                         (clock clk_i rise edge)      0.000     0.000 r  
                                                      0.000     0.000 r  clk_i (IN)
                         net (fo=2875, unset)         0.787     0.787    clk_i
                         FDCE                                         r  a_q_reg[4]/C
  -------------------------------------------------------------------    -------------------
                         FDCE (Prop_fdce_C_Q)         0.433     1.220 r  a_q_reg[4]/Q
                         net (fo=18, unplaced)        0.656     1.876    a_q_reg_n_0_[4]
                         LUT4 (Prop_lut4_I1_O)        0.232     2.108 r  FSM_onehot_st_q[10]_i_21/O
                         net (fo=1, unplaced)         0.000     2.108    FSM_onehot_st_q[10]_i_21_n_0
                         CARRY4 (Prop_carry4_S[1]_CO[3])
                                                      0.444     2.552 r  FSM_onehot_st_q_reg[10]_i_8/CO[3]
                         net (fo=1, unplaced)         0.008     2.560    FSM_onehot_st_q_reg[10]_i_8_n_0
                         CARRY4 (Prop_carry4_CI_O[3])
                                                      0.277     2.837 r  FSM_onehot_st_q_reg[10]_i_7/O[3]
                         net (fo=1, unplaced)         0.650     3.487    FSM_onehot_st_q_reg[10]_i_7_n_4
                         LUT6 (Prop_lut6_I2_O)        0.250     3.737 r  FSM_onehot_st_q[10]_i_6/O
                         net (fo=1, unplaced)         0.347     4.084    FSM_onehot_st_q[10]_i_6_n_0
                         LUT4 (Prop_lut4_I3_O)        0.105     4.189 f  FSM_onehot_st_q[10]_i_4/O
                         net (fo=7, unplaced)         0.382     4.571    FSM_onehot_st_q[10]_i_4_n_0
                         LUT6 (Prop_lut6_I2_O)        0.105     4.676 r  FSM_onehot_st_q[10]_i_2/O
                         net (fo=2, unplaced)         0.358     5.034    FSM_onehot_st_q[10]_i_2_n_0
                         LUT5 (Prop_lut5_I1_O)        0.105     5.139 r  res_q[63]_i_1/O
                         net (fo=64, unplaced)        0.454     5.593    res_q[63]_i_1_n_0
                         FDCE                                         r  res_q_reg[37]/CE
  -------------------------------------------------------------------    -------------------

                         (clock clk_i rise edge)      6.667     6.667 r  
                                                      0.000     6.667 r  clk_i (IN)
                         net (fo=2875, unset)         0.748     7.415    clk_i
                         FDCE                                         r  res_q_reg[37]/C
                         clock pessimism              0.000     7.415    
                         clock uncertainty           -0.035     7.379    
                         FDCE (Setup_fdce_C_CE)      -0.136     7.243    res_q_reg[37]
  -------------------------------------------------------------------
                         required time                          7.243    
                         arrival time                          -5.593    
  -------------------------------------------------------------------
                         slack                                  1.650    




