Copyright 1986-2022 Xilinx, Inc. All Rights Reserved. Copyright 2022-2024 Advanced Micro Devices, Inc. All Rights Reserved.
----------------------------------------------------------------------------------------------------------------------------------------------------------------------------------------------------------------------------------------------------------------------------------------------------------------------------------------------------------
| Tool Version : Vivado v.2024.2 (win64) Build 5239630 Fri Nov 08 22:35:27 MST 2024
| Date         : Sat Jun  6 17:16:28 2026
| Host         : WIN-20240824NZS running 64-bit major release  (build 9200)
| Command      : report_timing -delay_type max -sort_by slack -max_paths 50 -nworst 1 -from [get_pins -quiet -of_objects {i_vrf/lane_result_q[3][62]_i_6/I4} -filter {DIRECTION == OUT}] -to {i_vrf/lane_result_q[3][62]_i_6/I4} -file E:/HDEC/cva6-vhdc-core/reports/vivado/ooc_hdec_timing_atlas_e0925738/150mhz/groups/10_reset_clear_enable_heavy.rpt
| Design       : hdec_top
| Device       : 7z020-clg400
| Speed File   : -2  PRODUCTION 1.12 2019-11-22
| Design State : Synthesized
----------------------------------------------------------------------------------------------------------------------------------------------------------------------------------------------------------------------------------------------------------------------------------------------------------------------------------------------------------

Timing Report

Slack (MET) :             3.577ns  (required time - arrival time)
  Source:                 op_q_reg[3]/C
                            (rising edge-triggered cell FDCE clocked by clk_i  {rise@0.000ns fall@3.333ns period=6.667ns})
  Destination:            FSM_onehot_st_q_reg[0]/CE
                            (rising edge-triggered cell FDPE clocked by clk_i  {rise@0.000ns fall@3.333ns period=6.667ns})
  Path Group:             clk_i
  Path Type:              Setup (Max at Slow Process Corner)
  Requirement:            6.667ns  (clk_i rise@6.667ns - clk_i rise@0.000ns)
  Data Path Delay:        2.879ns  (logic 0.980ns (34.040%)  route 1.899ns (65.960%))
  Logic Levels:           4  (LUT2=2 LUT6=2)
  Clock Path Skew:        -0.039ns (DCD - SCD + CPR)
    Destination Clock Delay (DCD):    0.748ns = ( 7.415 - 6.667 ) 
    Source Clock Delay      (SCD):    0.787ns
    Clock Pessimism Removal (CPR):    0.000ns
  Clock Uncertainty:      0.035ns  ((TSJ^2 + TIJ^2)^1/2 + DJ) / 2 + PE
    Total System Jitter     (TSJ):    0.071ns
    Total Input Jitter      (TIJ):    0.000ns
    Discrete Jitter          (DJ):    0.000ns
    Phase Error              (PE):    0.000ns

    Location             Delay type                Incr(ns)  Path(ns)    Netlist Resource(s)
  -------------------------------------------------------------------    -------------------
                         (clock clk_i rise edge)      0.000     0.000 r  
                                                      0.000     0.000 r  clk_i (IN)
                         net (fo=2875, unset)         0.787     0.787    clk_i
                         FDCE                                         r  op_q_reg[3]/C
  -------------------------------------------------------------------    -------------------
                         FDCE (Prop_fdce_C_Q)         0.433     1.220 f  op_q_reg[3]/Q
                         net (fo=37, unplaced)        0.437     1.657    op_q[3]
                         LUT2 (Prop_lut2_I0_O)        0.232     1.889 f  clr_cnt_q[3]_i_4/O
                         net (fo=1, unplaced)         0.328     2.217    clr_cnt_q[3]_i_4_n_0
                         LUT6 (Prop_lut6_I0_O)        0.105     2.322 r  clr_cnt_q[3]_i_3/O
                         net (fo=3, unplaced)         0.365     2.687    clr_cnt_q[3]_i_3_n_0
                         LUT2 (Prop_lut2_I0_O)        0.105     2.792 r  FSM_onehot_st_q[0]_i_4/O
                         net (fo=1, unplaced)         0.347     3.139    FSM_onehot_st_q[0]_i_4_n_0
                         LUT6 (Prop_lut6_I0_O)        0.105     3.244 r  FSM_onehot_st_q[0]_i_1/O
                         net (fo=17, unplaced)        0.422     3.666    FSM_onehot_st_q[0]_i_1_n_0
                         FDPE                                         r  FSM_onehot_st_q_reg[0]/CE
  -------------------------------------------------------------------    -------------------

                         (clock clk_i rise edge)      6.667     6.667 r  
                                                      0.000     6.667 r  clk_i (IN)
                         net (fo=2875, unset)         0.748     7.415    clk_i
                         FDPE                                         r  FSM_onehot_st_q_reg[0]/C
                         clock pessimism              0.000     7.415    
                         clock uncertainty           -0.035     7.379    
                         FDPE (Setup_fdpe_C_CE)      -0.136     7.243    FSM_onehot_st_q_reg[0]
  -------------------------------------------------------------------
                         required time                          7.243    
                         arrival time                          -3.666    
  -------------------------------------------------------------------
                         slack                                  3.577    

Slack (MET) :             3.577ns  (required time - arrival time)
  Source:                 op_q_reg[3]/C
                            (rising edge-triggered cell FDCE clocked by clk_i  {rise@0.000ns fall@3.333ns period=6.667ns})
  Destination:            FSM_onehot_st_q_reg[10]/CE
                            (rising edge-triggered cell FDCE clocked by clk_i  {rise@0.000ns fall@3.333ns period=6.667ns})
  Path Group:             clk_i
  Path Type:              Setup (Max at Slow Process Corner)
  Requirement:            6.667ns  (clk_i rise@6.667ns - clk_i rise@0.000ns)
  Data Path Delay:        2.879ns  (logic 0.980ns (34.040%)  route 1.899ns (65.960%))
  Logic Levels:           4  (LUT2=2 LUT6=2)
  Clock Path Skew:        -0.039ns (DCD - SCD + CPR)
    Destination Clock Delay (DCD):    0.748ns = ( 7.415 - 6.667 ) 
    Source Clock Delay      (SCD):    0.787ns
    Clock Pessimism Removal (CPR):    0.000ns
  Clock Uncertainty:      0.035ns  ((TSJ^2 + TIJ^2)^1/2 + DJ) / 2 + PE
    Total System Jitter     (TSJ):    0.071ns
    Total Input Jitter      (TIJ):    0.000ns
    Discrete Jitter          (DJ):    0.000ns
    Phase Error              (PE):    0.000ns

    Location             Delay type                Incr(ns)  Path(ns)    Netlist Resource(s)
  -------------------------------------------------------------------    -------------------
                         (clock clk_i rise edge)      0.000     0.000 r  
                                                      0.000     0.000 r  clk_i (IN)
                         net (fo=2875, unset)         0.787     0.787    clk_i
                         FDCE                                         r  op_q_reg[3]/C
  -------------------------------------------------------------------    -------------------
                         FDCE (Prop_fdce_C_Q)         0.433     1.220 f  op_q_reg[3]/Q
                         net (fo=37, unplaced)        0.437     1.657    op_q[3]
                         LUT2 (Prop_lut2_I0_O)        0.232     1.889 f  clr_cnt_q[3]_i_4/O
                         net (fo=1, unplaced)         0.328     2.217    clr_cnt_q[3]_i_4_n_0
                         LUT6 (Prop_lut6_I0_O)        0.105     2.322 r  clr_cnt_q[3]_i_3/O
                         net (fo=3, unplaced)         0.365     2.687    clr_cnt_q[3]_i_3_n_0
                         LUT2 (Prop_lut2_I0_O)        0.105     2.792 r  FSM_onehot_st_q[0]_i_4/O
                         net (fo=1, unplaced)         0.347     3.139    FSM_onehot_st_q[0]_i_4_n_0
                         LUT6 (Prop_lut6_I0_O)        0.105     3.244 r  FSM_onehot_st_q[0]_i_1/O
                         net (fo=17, unplaced)        0.422     3.666    FSM_onehot_st_q[0]_i_1_n_0
                         FDCE                                         r  FSM_onehot_st_q_reg[10]/CE
  -------------------------------------------------------------------    -------------------

                         (clock clk_i rise edge)      6.667     6.667 r  
                                                      0.000     6.667 r  clk_i (IN)
                         net (fo=2875, unset)         0.748     7.415    clk_i
                         FDCE                                         r  FSM_onehot_st_q_reg[10]/C
                         clock pessimism              0.000     7.415    
                         clock uncertainty           -0.035     7.379    
                         FDCE (Setup_fdce_C_CE)      -0.136     7.243    FSM_onehot_st_q_reg[10]
  -------------------------------------------------------------------
                         required time                          7.243    
                         arrival time                          -3.666    
  -------------------------------------------------------------------
                         slack                                  3.577    

Slack (MET) :             3.577ns  (required time - arrival time)
  Source:                 op_q_reg[3]/C
                            (rising edge-triggered cell FDCE clocked by clk_i  {rise@0.000ns fall@3.333ns period=6.667ns})
  Destination:            FSM_onehot_st_q_reg[1]/CE
                            (rising edge-triggered cell FDCE clocked by clk_i  {rise@0.000ns fall@3.333ns period=6.667ns})
  Path Group:             clk_i
  Path Type:              Setup (Max at Slow Process Corner)
  Requirement:            6.667ns  (clk_i rise@6.667ns - clk_i rise@0.000ns)
  Data Path Delay:        2.879ns  (logic 0.980ns (34.040%)  route 1.899ns (65.960%))
  Logic Levels:           4  (LUT2=2 LUT6=2)
  Clock Path Skew:        -0.039ns (DCD - SCD + CPR)
    Destination Clock Delay (DCD):    0.748ns = ( 7.415 - 6.667 ) 
    Source Clock Delay      (SCD):    0.787ns
    Clock Pessimism Removal (CPR):    0.000ns
  Clock Uncertainty:      0.035ns  ((TSJ^2 + TIJ^2)^1/2 + DJ) / 2 + PE
    Total System Jitter     (TSJ):    0.071ns
    Total Input Jitter      (TIJ):    0.000ns
    Discrete Jitter          (DJ):    0.000ns
    Phase Error              (PE):    0.000ns

    Location             Delay type                Incr(ns)  Path(ns)    Netlist Resource(s)
  -------------------------------------------------------------------    -------------------
                         (clock clk_i rise edge)      0.000     0.000 r  
                                                      0.000     0.000 r  clk_i (IN)
                         net (fo=2875, unset)         0.787     0.787    clk_i
                         FDCE                                         r  op_q_reg[3]/C
  -------------------------------------------------------------------    -------------------
                         FDCE (Prop_fdce_C_Q)         0.433     1.220 f  op_q_reg[3]/Q
                         net (fo=37, unplaced)        0.437     1.657    op_q[3]
                         LUT2 (Prop_lut2_I0_O)        0.232     1.889 f  clr_cnt_q[3]_i_4/O
                         net (fo=1, unplaced)         0.328     2.217    clr_cnt_q[3]_i_4_n_0
                         LUT6 (Prop_lut6_I0_O)        0.105     2.322 r  clr_cnt_q[3]_i_3/O
                         net (fo=3, unplaced)         0.365     2.687    clr_cnt_q[3]_i_3_n_0
                         LUT2 (Prop_lut2_I0_O)        0.105     2.792 r  FSM_onehot_st_q[0]_i_4/O
                         net (fo=1, unplaced)         0.347     3.139    FSM_onehot_st_q[0]_i_4_n_0
                         LUT6 (Prop_lut6_I0_O)        0.105     3.244 r  FSM_onehot_st_q[0]_i_1/O
                         net (fo=17, unplaced)        0.422     3.666    FSM_onehot_st_q[0]_i_1_n_0
                         FDCE                                         r  FSM_onehot_st_q_reg[1]/CE
  -------------------------------------------------------------------    -------------------

                         (clock clk_i rise edge)      6.667     6.667 r  
                                                      0.000     6.667 r  clk_i (IN)
                         net (fo=2875, unset)         0.748     7.415    clk_i
                         FDCE                                         r  FSM_onehot_st_q_reg[1]/C
                         clock pessimism              0.000     7.415    
                         clock uncertainty           -0.035     7.379    
                         FDCE (Setup_fdce_C_CE)      -0.136     7.243    FSM_onehot_st_q_reg[1]
  -------------------------------------------------------------------
                         required time                          7.243    
                         arrival time                          -3.666    
  -------------------------------------------------------------------
                         slack                                  3.577    

Slack (MET) :             3.577ns  (required time - arrival time)
  Source:                 op_q_reg[3]/C
                            (rising edge-triggered cell FDCE clocked by clk_i  {rise@0.000ns fall@3.333ns period=6.667ns})
  Destination:            FSM_onehot_st_q_reg[2]/CE
                            (rising edge-triggered cell FDCE clocked by clk_i  {rise@0.000ns fall@3.333ns period=6.667ns})
  Path Group:             clk_i
  Path Type:              Setup (Max at Slow Process Corner)
  Requirement:            6.667ns  (clk_i rise@6.667ns - clk_i rise@0.000ns)
  Data Path Delay:        2.879ns  (logic 0.980ns (34.040%)  route 1.899ns (65.960%))
  Logic Levels:           4  (LUT2=2 LUT6=2)
  Clock Path Skew:        -0.039ns (DCD - SCD + CPR)
    Destination Clock Delay (DCD):    0.748ns = ( 7.415 - 6.667 ) 
    Source Clock Delay      (SCD):    0.787ns
    Clock Pessimism Removal (CPR):    0.000ns
  Clock Uncertainty:      0.035ns  ((TSJ^2 + TIJ^2)^1/2 + DJ) / 2 + PE
    Total System Jitter     (TSJ):    0.071ns
    Total Input Jitter      (TIJ):    0.000ns
    Discrete Jitter          (DJ):    0.000ns
    Phase Error              (PE):    0.000ns

    Location             Delay type                Incr(ns)  Path(ns)    Netlist Resource(s)
  -------------------------------------------------------------------    -------------------
                         (clock clk_i rise edge)      0.000     0.000 r  
                                                      0.000     0.000 r  clk_i (IN)
                         net (fo=2875, unset)         0.787     0.787    clk_i
                         FDCE                                         r  op_q_reg[3]/C
  -------------------------------------------------------------------    -------------------
                         FDCE (Prop_fdce_C_Q)         0.433     1.220 f  op_q_reg[3]/Q
                         net (fo=37, unplaced)        0.437     1.657    op_q[3]
                         LUT2 (Prop_lut2_I0_O)        0.232     1.889 f  clr_cnt_q[3]_i_4/O
                         net (fo=1, unplaced)         0.328     2.217    clr_cnt_q[3]_i_4_n_0
                         LUT6 (Prop_lut6_I0_O)        0.105     2.322 r  clr_cnt_q[3]_i_3/O
                         net (fo=3, unplaced)         0.365     2.687    clr_cnt_q[3]_i_3_n_0
                         LUT2 (Prop_lut2_I0_O)        0.105     2.792 r  FSM_onehot_st_q[0]_i_4/O
                         net (fo=1, unplaced)         0.347     3.139    FSM_onehot_st_q[0]_i_4_n_0
                         LUT6 (Prop_lut6_I0_O)        0.105     3.244 r  FSM_onehot_st_q[0]_i_1/O
                         net (fo=17, unplaced)        0.422     3.666    FSM_onehot_st_q[0]_i_1_n_0
                         FDCE                                         r  FSM_onehot_st_q_reg[2]/CE
  -------------------------------------------------------------------    -------------------

                         (clock clk_i rise edge)      6.667     6.667 r  
                                                      0.000     6.667 r  clk_i (IN)
                         net (fo=2875, unset)         0.748     7.415    clk_i
                         FDCE                                         r  FSM_onehot_st_q_reg[2]/C
                         clock pessimism              0.000     7.415    
                         clock uncertainty           -0.035     7.379    
                         FDCE (Setup_fdce_C_CE)      -0.136     7.243    FSM_onehot_st_q_reg[2]
  -------------------------------------------------------------------
                         required time                          7.243    
                         arrival time                          -3.666    
  -------------------------------------------------------------------
                         slack                                  3.577    

Slack (MET) :             3.577ns  (required time - arrival time)
  Source:                 op_q_reg[3]/C
                            (rising edge-triggered cell FDCE clocked by clk_i  {rise@0.000ns fall@3.333ns period=6.667ns})
  Destination:            FSM_onehot_st_q_reg[3]/CE
                            (rising edge-triggered cell FDCE clocked by clk_i  {rise@0.000ns fall@3.333ns period=6.667ns})
  Path Group:             clk_i
  Path Type:              Setup (Max at Slow Process Corner)
  Requirement:            6.667ns  (clk_i rise@6.667ns - clk_i rise@0.000ns)
  Data Path Delay:        2.879ns  (logic 0.980ns (34.040%)  route 1.899ns (65.960%))
  Logic Levels:           4  (LUT2=2 LUT6=2)
  Clock Path Skew:        -0.039ns (DCD - SCD + CPR)
    Destination Clock Delay (DCD):    0.748ns = ( 7.415 - 6.667 ) 
    Source Clock Delay      (SCD):    0.787ns
    Clock Pessimism Removal (CPR):    0.000ns
  Clock Uncertainty:      0.035ns  ((TSJ^2 + TIJ^2)^1/2 + DJ) / 2 + PE
    Total System Jitter     (TSJ):    0.071ns
    Total Input Jitter      (TIJ):    0.000ns
    Discrete Jitter          (DJ):    0.000ns
    Phase Error              (PE):    0.000ns

    Location             Delay type                Incr(ns)  Path(ns)    Netlist Resource(s)
  -------------------------------------------------------------------    -------------------
                         (clock clk_i rise edge)      0.000     0.000 r  
                                                      0.000     0.000 r  clk_i (IN)
                         net (fo=2875, unset)         0.787     0.787    clk_i
                         FDCE                                         r  op_q_reg[3]/C
  -------------------------------------------------------------------    -------------------
                         FDCE (Prop_fdce_C_Q)         0.433     1.220 f  op_q_reg[3]/Q
                         net (fo=37, unplaced)        0.437     1.657    op_q[3]
                         LUT2 (Prop_lut2_I0_O)        0.232     1.889 f  clr_cnt_q[3]_i_4/O
                         net (fo=1, unplaced)         0.328     2.217    clr_cnt_q[3]_i_4_n_0
                         LUT6 (Prop_lut6_I0_O)        0.105     2.322 r  clr_cnt_q[3]_i_3/O
                         net (fo=3, unplaced)         0.365     2.687    clr_cnt_q[3]_i_3_n_0
                         LUT2 (Prop_lut2_I0_O)        0.105     2.792 r  FSM_onehot_st_q[0]_i_4/O
                         net (fo=1, unplaced)         0.347     3.139    FSM_onehot_st_q[0]_i_4_n_0
                         LUT6 (Prop_lut6_I0_O)        0.105     3.244 r  FSM_onehot_st_q[0]_i_1/O
                         net (fo=17, unplaced)        0.422     3.666    FSM_onehot_st_q[0]_i_1_n_0
                         FDCE                                         r  FSM_onehot_st_q_reg[3]/CE
  -------------------------------------------------------------------    -------------------

                         (clock clk_i rise edge)      6.667     6.667 r  
                                                      0.000     6.667 r  clk_i (IN)
                         net (fo=2875, unset)         0.748     7.415    clk_i
                         FDCE                                         r  FSM_onehot_st_q_reg[3]/C
                         clock pessimism              0.000     7.415    
                         clock uncertainty           -0.035     7.379    
                         FDCE (Setup_fdce_C_CE)      -0.136     7.243    FSM_onehot_st_q_reg[3]
  -------------------------------------------------------------------
                         required time                          7.243    
                         arrival time                          -3.666    
  -------------------------------------------------------------------
                         slack                                  3.577    

Slack (MET) :             3.577ns  (required time - arrival time)
  Source:                 op_q_reg[3]/C
                            (rising edge-triggered cell FDCE clocked by clk_i  {rise@0.000ns fall@3.333ns period=6.667ns})
  Destination:            FSM_onehot_st_q_reg[4]/CE
                            (rising edge-triggered cell FDCE clocked by clk_i  {rise@0.000ns fall@3.333ns period=6.667ns})
  Path Group:             clk_i
  Path Type:              Setup (Max at Slow Process Corner)
  Requirement:            6.667ns  (clk_i rise@6.667ns - clk_i rise@0.000ns)
  Data Path Delay:        2.879ns  (logic 0.980ns (34.040%)  route 1.899ns (65.960%))
  Logic Levels:           4  (LUT2=2 LUT6=2)
  Clock Path Skew:        -0.039ns (DCD - SCD + CPR)
    Destination Clock Delay (DCD):    0.748ns = ( 7.415 - 6.667 ) 
    Source Clock Delay      (SCD):    0.787ns
    Clock Pessimism Removal (CPR):    0.000ns
  Clock Uncertainty:      0.035ns  ((TSJ^2 + TIJ^2)^1/2 + DJ) / 2 + PE
    Total System Jitter     (TSJ):    0.071ns
    Total Input Jitter      (TIJ):    0.000ns
    Discrete Jitter          (DJ):    0.000ns
    Phase Error              (PE):    0.000ns

    Location             Delay type                Incr(ns)  Path(ns)    Netlist Resource(s)
  -------------------------------------------------------------------    -------------------
                         (clock clk_i rise edge)      0.000     0.000 r  
                                                      0.000     0.000 r  clk_i (IN)
                         net (fo=2875, unset)         0.787     0.787    clk_i
                         FDCE                                         r  op_q_reg[3]/C
  -------------------------------------------------------------------    -------------------
                         FDCE (Prop_fdce_C_Q)         0.433     1.220 f  op_q_reg[3]/Q
                         net (fo=37, unplaced)        0.437     1.657    op_q[3]
                         LUT2 (Prop_lut2_I0_O)        0.232     1.889 f  clr_cnt_q[3]_i_4/O
                         net (fo=1, unplaced)         0.328     2.217    clr_cnt_q[3]_i_4_n_0
                         LUT6 (Prop_lut6_I0_O)        0.105     2.322 r  clr_cnt_q[3]_i_3/O
                         net (fo=3, unplaced)         0.365     2.687    clr_cnt_q[3]_i_3_n_0
                         LUT2 (Prop_lut2_I0_O)        0.105     2.792 r  FSM_onehot_st_q[0]_i_4/O
                         net (fo=1, unplaced)         0.347     3.139    FSM_onehot_st_q[0]_i_4_n_0
                         LUT6 (Prop_lut6_I0_O)        0.105     3.244 r  FSM_onehot_st_q[0]_i_1/O
                         net (fo=17, unplaced)        0.422     3.666    FSM_onehot_st_q[0]_i_1_n_0
                         FDCE                                         r  FSM_onehot_st_q_reg[4]/CE
  -------------------------------------------------------------------    -------------------

                         (clock clk_i rise edge)      6.667     6.667 r  
                                                      0.000     6.667 r  clk_i (IN)
                         net (fo=2875, unset)         0.748     7.415    clk_i
                         FDCE                                         r  FSM_onehot_st_q_reg[4]/C
                         clock pessimism              0.000     7.415    
                         clock uncertainty           -0.035     7.379    
                         FDCE (Setup_fdce_C_CE)      -0.136     7.243    FSM_onehot_st_q_reg[4]
  -------------------------------------------------------------------
                         required time                          7.243    
                         arrival time                          -3.666    
  -------------------------------------------------------------------
                         slack                                  3.577    

Slack (MET) :             3.577ns  (required time - arrival time)
  Source:                 op_q_reg[3]/C
                            (rising edge-triggered cell FDCE clocked by clk_i  {rise@0.000ns fall@3.333ns period=6.667ns})
  Destination:            FSM_onehot_st_q_reg[5]/CE
                            (rising edge-triggered cell FDCE clocked by clk_i  {rise@0.000ns fall@3.333ns period=6.667ns})
  Path Group:             clk_i
  Path Type:              Setup (Max at Slow Process Corner)
  Requirement:            6.667ns  (clk_i rise@6.667ns - clk_i rise@0.000ns)
  Data Path Delay:        2.879ns  (logic 0.980ns (34.040%)  route 1.899ns (65.960%))
  Logic Levels:           4  (LUT2=2 LUT6=2)
  Clock Path Skew:        -0.039ns (DCD - SCD + CPR)
    Destination Clock Delay (DCD):    0.748ns = ( 7.415 - 6.667 ) 
    Source Clock Delay      (SCD):    0.787ns
    Clock Pessimism Removal (CPR):    0.000ns
  Clock Uncertainty:      0.035ns  ((TSJ^2 + TIJ^2)^1/2 + DJ) / 2 + PE
    Total System Jitter     (TSJ):    0.071ns
    Total Input Jitter      (TIJ):    0.000ns
    Discrete Jitter          (DJ):    0.000ns
    Phase Error              (PE):    0.000ns

    Location             Delay type                Incr(ns)  Path(ns)    Netlist Resource(s)
  -------------------------------------------------------------------    -------------------
                         (clock clk_i rise edge)      0.000     0.000 r  
                                                      0.000     0.000 r  clk_i (IN)
                         net (fo=2875, unset)         0.787     0.787    clk_i
                         FDCE                                         r  op_q_reg[3]/C
  -------------------------------------------------------------------    -------------------
                         FDCE (Prop_fdce_C_Q)         0.433     1.220 f  op_q_reg[3]/Q
                         net (fo=37, unplaced)        0.437     1.657    op_q[3]
                         LUT2 (Prop_lut2_I0_O)        0.232     1.889 f  clr_cnt_q[3]_i_4/O
                         net (fo=1, unplaced)         0.328     2.217    clr_cnt_q[3]_i_4_n_0
                         LUT6 (Prop_lut6_I0_O)        0.105     2.322 r  clr_cnt_q[3]_i_3/O
                         net (fo=3, unplaced)         0.365     2.687    clr_cnt_q[3]_i_3_n_0
                         LUT2 (Prop_lut2_I0_O)        0.105     2.792 r  FSM_onehot_st_q[0]_i_4/O
                         net (fo=1, unplaced)         0.347     3.139    FSM_onehot_st_q[0]_i_4_n_0
                         LUT6 (Prop_lut6_I0_O)        0.105     3.244 r  FSM_onehot_st_q[0]_i_1/O
                         net (fo=17, unplaced)        0.422     3.666    FSM_onehot_st_q[0]_i_1_n_0
                         FDCE                                         r  FSM_onehot_st_q_reg[5]/CE
  -------------------------------------------------------------------    -------------------

                         (clock clk_i rise edge)      6.667     6.667 r  
                                                      0.000     6.667 r  clk_i (IN)
                         net (fo=2875, unset)         0.748     7.415    clk_i
                         FDCE                                         r  FSM_onehot_st_q_reg[5]/C
                         clock pessimism              0.000     7.415    
                         clock uncertainty           -0.035     7.379    
                         FDCE (Setup_fdce_C_CE)      -0.136     7.243    FSM_onehot_st_q_reg[5]
  -------------------------------------------------------------------
                         required time                          7.243    
                         arrival time                          -3.666    
  -------------------------------------------------------------------
                         slack                                  3.577    

Slack (MET) :             3.577ns  (required time - arrival time)
  Source:                 op_q_reg[3]/C
                            (rising edge-triggered cell FDCE clocked by clk_i  {rise@0.000ns fall@3.333ns period=6.667ns})
  Destination:            FSM_onehot_st_q_reg[6]/CE
                            (rising edge-triggered cell FDCE clocked by clk_i  {rise@0.000ns fall@3.333ns period=6.667ns})
  Path Group:             clk_i
  Path Type:              Setup (Max at Slow Process Corner)
  Requirement:            6.667ns  (clk_i rise@6.667ns - clk_i rise@0.000ns)
  Data Path Delay:        2.879ns  (logic 0.980ns (34.040%)  route 1.899ns (65.960%))
  Logic Levels:           4  (LUT2=2 LUT6=2)
  Clock Path Skew:        -0.039ns (DCD - SCD + CPR)
    Destination Clock Delay (DCD):    0.748ns = ( 7.415 - 6.667 ) 
    Source Clock Delay      (SCD):    0.787ns
    Clock Pessimism Removal (CPR):    0.000ns
  Clock Uncertainty:      0.035ns  ((TSJ^2 + TIJ^2)^1/2 + DJ) / 2 + PE
    Total System Jitter     (TSJ):    0.071ns
    Total Input Jitter      (TIJ):    0.000ns
    Discrete Jitter          (DJ):    0.000ns
    Phase Error              (PE):    0.000ns

    Location             Delay type                Incr(ns)  Path(ns)    Netlist Resource(s)
  -------------------------------------------------------------------    -------------------
                         (clock clk_i rise edge)      0.000     0.000 r  
                                                      0.000     0.000 r  clk_i (IN)
                         net (fo=2875, unset)         0.787     0.787    clk_i
                         FDCE                                         r  op_q_reg[3]/C
  -------------------------------------------------------------------    -------------------
                         FDCE (Prop_fdce_C_Q)         0.433     1.220 f  op_q_reg[3]/Q
                         net (fo=37, unplaced)        0.437     1.657    op_q[3]
                         LUT2 (Prop_lut2_I0_O)        0.232     1.889 f  clr_cnt_q[3]_i_4/O
                         net (fo=1, unplaced)         0.328     2.217    clr_cnt_q[3]_i_4_n_0
                         LUT6 (Prop_lut6_I0_O)        0.105     2.322 r  clr_cnt_q[3]_i_3/O
                         net (fo=3, unplaced)         0.365     2.687    clr_cnt_q[3]_i_3_n_0
                         LUT2 (Prop_lut2_I0_O)        0.105     2.792 r  FSM_onehot_st_q[0]_i_4/O
                         net (fo=1, unplaced)         0.347     3.139    FSM_onehot_st_q[0]_i_4_n_0
                         LUT6 (Prop_lut6_I0_O)        0.105     3.244 r  FSM_onehot_st_q[0]_i_1/O
                         net (fo=17, unplaced)        0.422     3.666    FSM_onehot_st_q[0]_i_1_n_0
                         FDCE                                         r  FSM_onehot_st_q_reg[6]/CE
  -------------------------------------------------------------------    -------------------

                         (clock clk_i rise edge)      6.667     6.667 r  
                                                      0.000     6.667 r  clk_i (IN)
                         net (fo=2875, unset)         0.748     7.415    clk_i
                         FDCE                                         r  FSM_onehot_st_q_reg[6]/C
                         clock pessimism              0.000     7.415    
                         clock uncertainty           -0.035     7.379    
                         FDCE (Setup_fdce_C_CE)      -0.136     7.243    FSM_onehot_st_q_reg[6]
  -------------------------------------------------------------------
                         required time                          7.243    
                         arrival time                          -3.666    
  -------------------------------------------------------------------
                         slack                                  3.577    

Slack (MET) :             3.577ns  (required time - arrival time)
  Source:                 op_q_reg[3]/C
                            (rising edge-triggered cell FDCE clocked by clk_i  {rise@0.000ns fall@3.333ns period=6.667ns})
  Destination:            FSM_onehot_st_q_reg[7]/CE
                            (rising edge-triggered cell FDCE clocked by clk_i  {rise@0.000ns fall@3.333ns period=6.667ns})
  Path Group:             clk_i
  Path Type:              Setup (Max at Slow Process Corner)
  Requirement:            6.667ns  (clk_i rise@6.667ns - clk_i rise@0.000ns)
  Data Path Delay:        2.879ns  (logic 0.980ns (34.040%)  route 1.899ns (65.960%))
  Logic Levels:           4  (LUT2=2 LUT6=2)
  Clock Path Skew:        -0.039ns (DCD - SCD + CPR)
    Destination Clock Delay (DCD):    0.748ns = ( 7.415 - 6.667 ) 
    Source Clock Delay      (SCD):    0.787ns
    Clock Pessimism Removal (CPR):    0.000ns
  Clock Uncertainty:      0.035ns  ((TSJ^2 + TIJ^2)^1/2 + DJ) / 2 + PE
    Total System Jitter     (TSJ):    0.071ns
    Total Input Jitter      (TIJ):    0.000ns
    Discrete Jitter          (DJ):    0.000ns
    Phase Error              (PE):    0.000ns

    Location             Delay type                Incr(ns)  Path(ns)    Netlist Resource(s)
  -------------------------------------------------------------------    -------------------
                         (clock clk_i rise edge)      0.000     0.000 r  
                                                      0.000     0.000 r  clk_i (IN)
                         net (fo=2875, unset)         0.787     0.787    clk_i
                         FDCE                                         r  op_q_reg[3]/C
  -------------------------------------------------------------------    -------------------
                         FDCE (Prop_fdce_C_Q)         0.433     1.220 f  op_q_reg[3]/Q
                         net (fo=37, unplaced)        0.437     1.657    op_q[3]
                         LUT2 (Prop_lut2_I0_O)        0.232     1.889 f  clr_cnt_q[3]_i_4/O
                         net (fo=1, unplaced)         0.328     2.217    clr_cnt_q[3]_i_4_n_0
                         LUT6 (Prop_lut6_I0_O)        0.105     2.322 r  clr_cnt_q[3]_i_3/O
                         net (fo=3, unplaced)         0.365     2.687    clr_cnt_q[3]_i_3_n_0
                         LUT2 (Prop_lut2_I0_O)        0.105     2.792 r  FSM_onehot_st_q[0]_i_4/O
                         net (fo=1, unplaced)         0.347     3.139    FSM_onehot_st_q[0]_i_4_n_0
                         LUT6 (Prop_lut6_I0_O)        0.105     3.244 r  FSM_onehot_st_q[0]_i_1/O
                         net (fo=17, unplaced)        0.422     3.666    FSM_onehot_st_q[0]_i_1_n_0
                         FDCE                                         r  FSM_onehot_st_q_reg[7]/CE
  -------------------------------------------------------------------    -------------------

                         (clock clk_i rise edge)      6.667     6.667 r  
                                                      0.000     6.667 r  clk_i (IN)
                         net (fo=2875, unset)         0.748     7.415    clk_i
                         FDCE                                         r  FSM_onehot_st_q_reg[7]/C
                         clock pessimism              0.000     7.415    
                         clock uncertainty           -0.035     7.379    
                         FDCE (Setup_fdce_C_CE)      -0.136     7.243    FSM_onehot_st_q_reg[7]
  -------------------------------------------------------------------
                         required time                          7.243    
                         arrival time                          -3.666    
  -------------------------------------------------------------------
                         slack                                  3.577    

Slack (MET) :             3.577ns  (required time - arrival time)
  Source:                 op_q_reg[3]/C
                            (rising edge-triggered cell FDCE clocked by clk_i  {rise@0.000ns fall@3.333ns period=6.667ns})
  Destination:            FSM_onehot_st_q_reg[7]_rep/CE
                            (rising edge-triggered cell FDCE clocked by clk_i  {rise@0.000ns fall@3.333ns period=6.667ns})
  Path Group:             clk_i
  Path Type:              Setup (Max at Slow Process Corner)
  Requirement:            6.667ns  (clk_i rise@6.667ns - clk_i rise@0.000ns)
  Data Path Delay:        2.879ns  (logic 0.980ns (34.040%)  route 1.899ns (65.960%))
  Logic Levels:           4  (LUT2=2 LUT6=2)
  Clock Path Skew:        -0.039ns (DCD - SCD + CPR)
    Destination Clock Delay (DCD):    0.748ns = ( 7.415 - 6.667 ) 
    Source Clock Delay      (SCD):    0.787ns
    Clock Pessimism Removal (CPR):    0.000ns
  Clock Uncertainty:      0.035ns  ((TSJ^2 + TIJ^2)^1/2 + DJ) / 2 + PE
    Total System Jitter     (TSJ):    0.071ns
    Total Input Jitter      (TIJ):    0.000ns
    Discrete Jitter          (DJ):    0.000ns
    Phase Error              (PE):    0.000ns

    Location             Delay type                Incr(ns)  Path(ns)    Netlist Resource(s)
  -------------------------------------------------------------------    -------------------
                         (clock clk_i rise edge)      0.000     0.000 r  
                                                      0.000     0.000 r  clk_i (IN)
                         net (fo=2875, unset)         0.787     0.787    clk_i
                         FDCE                                         r  op_q_reg[3]/C
  -------------------------------------------------------------------    -------------------
                         FDCE (Prop_fdce_C_Q)         0.433     1.220 f  op_q_reg[3]/Q
                         net (fo=37, unplaced)        0.437     1.657    op_q[3]
                         LUT2 (Prop_lut2_I0_O)        0.232     1.889 f  clr_cnt_q[3]_i_4/O
                         net (fo=1, unplaced)         0.328     2.217    clr_cnt_q[3]_i_4_n_0
                         LUT6 (Prop_lut6_I0_O)        0.105     2.322 r  clr_cnt_q[3]_i_3/O
                         net (fo=3, unplaced)         0.365     2.687    clr_cnt_q[3]_i_3_n_0
                         LUT2 (Prop_lut2_I0_O)        0.105     2.792 r  FSM_onehot_st_q[0]_i_4/O
                         net (fo=1, unplaced)         0.347     3.139    FSM_onehot_st_q[0]_i_4_n_0
                         LUT6 (Prop_lut6_I0_O)        0.105     3.244 r  FSM_onehot_st_q[0]_i_1/O
                         net (fo=17, unplaced)        0.422     3.666    FSM_onehot_st_q[0]_i_1_n_0
                         FDCE                                         r  FSM_onehot_st_q_reg[7]_rep/CE
  -------------------------------------------------------------------    -------------------

                         (clock clk_i rise edge)      6.667     6.667 r  
                                                      0.000     6.667 r  clk_i (IN)
                         net (fo=2875, unset)         0.748     7.415    clk_i
                         FDCE                                         r  FSM_onehot_st_q_reg[7]_rep/C
                         clock pessimism              0.000     7.415    
                         clock uncertainty           -0.035     7.379    
                         FDCE (Setup_fdce_C_CE)      -0.136     7.243    FSM_onehot_st_q_reg[7]_rep
  -------------------------------------------------------------------
                         required time                          7.243    
                         arrival time                          -3.666    
  -------------------------------------------------------------------
                         slack                                  3.577    

Slack (MET) :             3.577ns  (required time - arrival time)
  Source:                 op_q_reg[3]/C
                            (rising edge-triggered cell FDCE clocked by clk_i  {rise@0.000ns fall@3.333ns period=6.667ns})
  Destination:            FSM_onehot_st_q_reg[7]_rep__0/CE
                            (rising edge-triggered cell FDCE clocked by clk_i  {rise@0.000ns fall@3.333ns period=6.667ns})
  Path Group:             clk_i
  Path Type:              Setup (Max at Slow Process Corner)
  Requirement:            6.667ns  (clk_i rise@6.667ns - clk_i rise@0.000ns)
  Data Path Delay:        2.879ns  (logic 0.980ns (34.040%)  route 1.899ns (65.960%))
  Logic Levels:           4  (LUT2=2 LUT6=2)
  Clock Path Skew:        -0.039ns (DCD - SCD + CPR)
    Destination Clock Delay (DCD):    0.748ns = ( 7.415 - 6.667 ) 
    Source Clock Delay      (SCD):    0.787ns
    Clock Pessimism Removal (CPR):    0.000ns
  Clock Uncertainty:      0.035ns  ((TSJ^2 + TIJ^2)^1/2 + DJ) / 2 + PE
    Total System Jitter     (TSJ):    0.071ns
    Total Input Jitter      (TIJ):    0.000ns
    Discrete Jitter          (DJ):    0.000ns
    Phase Error              (PE):    0.000ns

    Location             Delay type                Incr(ns)  Path(ns)    Netlist Resource(s)
  -------------------------------------------------------------------    -------------------
                         (clock clk_i rise edge)      0.000     0.000 r  
                                                      0.000     0.000 r  clk_i (IN)
                         net (fo=2875, unset)         0.787     0.787    clk_i
                         FDCE                                         r  op_q_reg[3]/C
  -------------------------------------------------------------------    -------------------
                         FDCE (Prop_fdce_C_Q)         0.433     1.220 f  op_q_reg[3]/Q
                         net (fo=37, unplaced)        0.437     1.657    op_q[3]
                         LUT2 (Prop_lut2_I0_O)        0.232     1.889 f  clr_cnt_q[3]_i_4/O
                         net (fo=1, unplaced)         0.328     2.217    clr_cnt_q[3]_i_4_n_0
                         LUT6 (Prop_lut6_I0_O)        0.105     2.322 r  clr_cnt_q[3]_i_3/O
                         net (fo=3, unplaced)         0.365     2.687    clr_cnt_q[3]_i_3_n_0
                         LUT2 (Prop_lut2_I0_O)        0.105     2.792 r  FSM_onehot_st_q[0]_i_4/O
                         net (fo=1, unplaced)         0.347     3.139    FSM_onehot_st_q[0]_i_4_n_0
                         LUT6 (Prop_lut6_I0_O)        0.105     3.244 r  FSM_onehot_st_q[0]_i_1/O
                         net (fo=17, unplaced)        0.422     3.666    FSM_onehot_st_q[0]_i_1_n_0
                         FDCE                                         r  FSM_onehot_st_q_reg[7]_rep__0/CE
  -------------------------------------------------------------------    -------------------

                         (clock clk_i rise edge)      6.667     6.667 r  
                                                      0.000     6.667 r  clk_i (IN)
                         net (fo=2875, unset)         0.748     7.415    clk_i
                         FDCE                                         r  FSM_onehot_st_q_reg[7]_rep__0/C
                         clock pessimism              0.000     7.415    
                         clock uncertainty           -0.035     7.379    
                         FDCE (Setup_fdce_C_CE)      -0.136     7.243    FSM_onehot_st_q_reg[7]_rep__0
  -------------------------------------------------------------------
                         required time                          7.243    
                         arrival time                          -3.666    
  -------------------------------------------------------------------
                         slack                                  3.577    

Slack (MET) :             3.577ns  (required time - arrival time)
  Source:                 op_q_reg[3]/C
                            (rising edge-triggered cell FDCE clocked by clk_i  {rise@0.000ns fall@3.333ns period=6.667ns})
  Destination:            FSM_onehot_st_q_reg[7]_rep__1/CE
                            (rising edge-triggered cell FDCE clocked by clk_i  {rise@0.000ns fall@3.333ns period=6.667ns})
  Path Group:             clk_i
  Path Type:              Setup (Max at Slow Process Corner)
  Requirement:            6.667ns  (clk_i rise@6.667ns - clk_i rise@0.000ns)
  Data Path Delay:        2.879ns  (logic 0.980ns (34.040%)  route 1.899ns (65.960%))
  Logic Levels:           4  (LUT2=2 LUT6=2)
  Clock Path Skew:        -0.039ns (DCD - SCD + CPR)
    Destination Clock Delay (DCD):    0.748ns = ( 7.415 - 6.667 ) 
    Source Clock Delay      (SCD):    0.787ns
    Clock Pessimism Removal (CPR):    0.000ns
  Clock Uncertainty:      0.035ns  ((TSJ^2 + TIJ^2)^1/2 + DJ) / 2 + PE
    Total System Jitter     (TSJ):    0.071ns
    Total Input Jitter      (TIJ):    0.000ns
    Discrete Jitter          (DJ):    0.000ns
    Phase Error              (PE):    0.000ns

    Location             Delay type                Incr(ns)  Path(ns)    Netlist Resource(s)
  -------------------------------------------------------------------    -------------------
                         (clock clk_i rise edge)      0.000     0.000 r  
                                                      0.000     0.000 r  clk_i (IN)
                         net (fo=2875, unset)         0.787     0.787    clk_i
                         FDCE                                         r  op_q_reg[3]/C
  -------------------------------------------------------------------    -------------------
                         FDCE (Prop_fdce_C_Q)         0.433     1.220 f  op_q_reg[3]/Q
                         net (fo=37, unplaced)        0.437     1.657    op_q[3]
                         LUT2 (Prop_lut2_I0_O)        0.232     1.889 f  clr_cnt_q[3]_i_4/O
                         net (fo=1, unplaced)         0.328     2.217    clr_cnt_q[3]_i_4_n_0
                         LUT6 (Prop_lut6_I0_O)        0.105     2.322 r  clr_cnt_q[3]_i_3/O
                         net (fo=3, unplaced)         0.365     2.687    clr_cnt_q[3]_i_3_n_0
                         LUT2 (Prop_lut2_I0_O)        0.105     2.792 r  FSM_onehot_st_q[0]_i_4/O
                         net (fo=1, unplaced)         0.347     3.139    FSM_onehot_st_q[0]_i_4_n_0
                         LUT6 (Prop_lut6_I0_O)        0.105     3.244 r  FSM_onehot_st_q[0]_i_1/O
                         net (fo=17, unplaced)        0.422     3.666    FSM_onehot_st_q[0]_i_1_n_0
                         FDCE                                         r  FSM_onehot_st_q_reg[7]_rep__1/CE
  -------------------------------------------------------------------    -------------------

                         (clock clk_i rise edge)      6.667     6.667 r  
                                                      0.000     6.667 r  clk_i (IN)
                         net (fo=2875, unset)         0.748     7.415    clk_i
                         FDCE                                         r  FSM_onehot_st_q_reg[7]_rep__1/C
                         clock pessimism              0.000     7.415    
                         clock uncertainty           -0.035     7.379    
                         FDCE (Setup_fdce_C_CE)      -0.136     7.243    FSM_onehot_st_q_reg[7]_rep__1
  -------------------------------------------------------------------
                         required time                          7.243    
                         arrival time                          -3.666    
  -------------------------------------------------------------------
                         slack                                  3.577    

Slack (MET) :             3.577ns  (required time - arrival time)
  Source:                 op_q_reg[3]/C
                            (rising edge-triggered cell FDCE clocked by clk_i  {rise@0.000ns fall@3.333ns period=6.667ns})
  Destination:            FSM_onehot_st_q_reg[7]_rep__2/CE
                            (rising edge-triggered cell FDCE clocked by clk_i  {rise@0.000ns fall@3.333ns period=6.667ns})
  Path Group:             clk_i
  Path Type:              Setup (Max at Slow Process Corner)
  Requirement:            6.667ns  (clk_i rise@6.667ns - clk_i rise@0.000ns)
  Data Path Delay:        2.879ns  (logic 0.980ns (34.040%)  route 1.899ns (65.960%))
  Logic Levels:           4  (LUT2=2 LUT6=2)
  Clock Path Skew:        -0.039ns (DCD - SCD + CPR)
    Destination Clock Delay (DCD):    0.748ns = ( 7.415 - 6.667 ) 
    Source Clock Delay      (SCD):    0.787ns
    Clock Pessimism Removal (CPR):    0.000ns
  Clock Uncertainty:      0.035ns  ((TSJ^2 + TIJ^2)^1/2 + DJ) / 2 + PE
    Total System Jitter     (TSJ):    0.071ns
    Total Input Jitter      (TIJ):    0.000ns
    Discrete Jitter          (DJ):    0.000ns
    Phase Error              (PE):    0.000ns

    Location             Delay type                Incr(ns)  Path(ns)    Netlist Resource(s)
  -------------------------------------------------------------------    -------------------
                         (clock clk_i rise edge)      0.000     0.000 r  
                                                      0.000     0.000 r  clk_i (IN)
                         net (fo=2875, unset)         0.787     0.787    clk_i
                         FDCE                                         r  op_q_reg[3]/C
  -------------------------------------------------------------------    -------------------
                         FDCE (Prop_fdce_C_Q)         0.433     1.220 f  op_q_reg[3]/Q
                         net (fo=37, unplaced)        0.437     1.657    op_q[3]
                         LUT2 (Prop_lut2_I0_O)        0.232     1.889 f  clr_cnt_q[3]_i_4/O
                         net (fo=1, unplaced)         0.328     2.217    clr_cnt_q[3]_i_4_n_0
                         LUT6 (Prop_lut6_I0_O)        0.105     2.322 r  clr_cnt_q[3]_i_3/O
                         net (fo=3, unplaced)         0.365     2.687    clr_cnt_q[3]_i_3_n_0
                         LUT2 (Prop_lut2_I0_O)        0.105     2.792 r  FSM_onehot_st_q[0]_i_4/O
                         net (fo=1, unplaced)         0.347     3.139    FSM_onehot_st_q[0]_i_4_n_0
                         LUT6 (Prop_lut6_I0_O)        0.105     3.244 r  FSM_onehot_st_q[0]_i_1/O
                         net (fo=17, unplaced)        0.422     3.666    FSM_onehot_st_q[0]_i_1_n_0
                         FDCE                                         r  FSM_onehot_st_q_reg[7]_rep__2/CE
  -------------------------------------------------------------------    -------------------

                         (clock clk_i rise edge)      6.667     6.667 r  
                                                      0.000     6.667 r  clk_i (IN)
                         net (fo=2875, unset)         0.748     7.415    clk_i
                         FDCE                                         r  FSM_onehot_st_q_reg[7]_rep__2/C
                         clock pessimism              0.000     7.415    
                         clock uncertainty           -0.035     7.379    
                         FDCE (Setup_fdce_C_CE)      -0.136     7.243    FSM_onehot_st_q_reg[7]_rep__2
  -------------------------------------------------------------------
                         required time                          7.243    
                         arrival time                          -3.666    
  -------------------------------------------------------------------
                         slack                                  3.577    

Slack (MET) :             3.577ns  (required time - arrival time)
  Source:                 op_q_reg[3]/C
                            (rising edge-triggered cell FDCE clocked by clk_i  {rise@0.000ns fall@3.333ns period=6.667ns})
  Destination:            FSM_onehot_st_q_reg[7]_rep__3/CE
                            (rising edge-triggered cell FDCE clocked by clk_i  {rise@0.000ns fall@3.333ns period=6.667ns})
  Path Group:             clk_i
  Path Type:              Setup (Max at Slow Process Corner)
  Requirement:            6.667ns  (clk_i rise@6.667ns - clk_i rise@0.000ns)
  Data Path Delay:        2.879ns  (logic 0.980ns (34.040%)  route 1.899ns (65.960%))
  Logic Levels:           4  (LUT2=2 LUT6=2)
  Clock Path Skew:        -0.039ns (DCD - SCD + CPR)
    Destination Clock Delay (DCD):    0.748ns = ( 7.415 - 6.667 ) 
    Source Clock Delay      (SCD):    0.787ns
    Clock Pessimism Removal (CPR):    0.000ns
  Clock Uncertainty:      0.035ns  ((TSJ^2 + TIJ^2)^1/2 + DJ) / 2 + PE
    Total System Jitter     (TSJ):    0.071ns
    Total Input Jitter      (TIJ):    0.000ns
    Discrete Jitter          (DJ):    0.000ns
    Phase Error              (PE):    0.000ns

    Location             Delay type                Incr(ns)  Path(ns)    Netlist Resource(s)
  -------------------------------------------------------------------    -------------------
                         (clock clk_i rise edge)      0.000     0.000 r  
                                                      0.000     0.000 r  clk_i (IN)
                         net (fo=2875, unset)         0.787     0.787    clk_i
                         FDCE                                         r  op_q_reg[3]/C
  -------------------------------------------------------------------    -------------------
                         FDCE (Prop_fdce_C_Q)         0.433     1.220 f  op_q_reg[3]/Q
                         net (fo=37, unplaced)        0.437     1.657    op_q[3]
                         LUT2 (Prop_lut2_I0_O)        0.232     1.889 f  clr_cnt_q[3]_i_4/O
                         net (fo=1, unplaced)         0.328     2.217    clr_cnt_q[3]_i_4_n_0
                         LUT6 (Prop_lut6_I0_O)        0.105     2.322 r  clr_cnt_q[3]_i_3/O
                         net (fo=3, unplaced)         0.365     2.687    clr_cnt_q[3]_i_3_n_0
                         LUT2 (Prop_lut2_I0_O)        0.105     2.792 r  FSM_onehot_st_q[0]_i_4/O
                         net (fo=1, unplaced)         0.347     3.139    FSM_onehot_st_q[0]_i_4_n_0
                         LUT6 (Prop_lut6_I0_O)        0.105     3.244 r  FSM_onehot_st_q[0]_i_1/O
                         net (fo=17, unplaced)        0.422     3.666    FSM_onehot_st_q[0]_i_1_n_0
                         FDCE                                         r  FSM_onehot_st_q_reg[7]_rep__3/CE
  -------------------------------------------------------------------    -------------------

                         (clock clk_i rise edge)      6.667     6.667 r  
                                                      0.000     6.667 r  clk_i (IN)
                         net (fo=2875, unset)         0.748     7.415    clk_i
                         FDCE                                         r  FSM_onehot_st_q_reg[7]_rep__3/C
                         clock pessimism              0.000     7.415    
                         clock uncertainty           -0.035     7.379    
                         FDCE (Setup_fdce_C_CE)      -0.136     7.243    FSM_onehot_st_q_reg[7]_rep__3
  -------------------------------------------------------------------
                         required time                          7.243    
                         arrival time                          -3.666    
  -------------------------------------------------------------------
                         slack                                  3.577    

Slack (MET) :             3.577ns  (required time - arrival time)
  Source:                 op_q_reg[3]/C
                            (rising edge-triggered cell FDCE clocked by clk_i  {rise@0.000ns fall@3.333ns period=6.667ns})
  Destination:            FSM_onehot_st_q_reg[7]_rep__4/CE
                            (rising edge-triggered cell FDCE clocked by clk_i  {rise@0.000ns fall@3.333ns period=6.667ns})
  Path Group:             clk_i
  Path Type:              Setup (Max at Slow Process Corner)
  Requirement:            6.667ns  (clk_i rise@6.667ns - clk_i rise@0.000ns)
  Data Path Delay:        2.879ns  (logic 0.980ns (34.040%)  route 1.899ns (65.960%))
  Logic Levels:           4  (LUT2=2 LUT6=2)
  Clock Path Skew:        -0.039ns (DCD - SCD + CPR)
    Destination Clock Delay (DCD):    0.748ns = ( 7.415 - 6.667 ) 
    Source Clock Delay      (SCD):    0.787ns
    Clock Pessimism Removal (CPR):    0.000ns
  Clock Uncertainty:      0.035ns  ((TSJ^2 + TIJ^2)^1/2 + DJ) / 2 + PE
    Total System Jitter     (TSJ):    0.071ns
    Total Input Jitter      (TIJ):    0.000ns
    Discrete Jitter          (DJ):    0.000ns
    Phase Error              (PE):    0.000ns

    Location             Delay type                Incr(ns)  Path(ns)    Netlist Resource(s)
  -------------------------------------------------------------------    -------------------
                         (clock clk_i rise edge)      0.000     0.000 r  
                                                      0.000     0.000 r  clk_i (IN)
                         net (fo=2875, unset)         0.787     0.787    clk_i
                         FDCE                                         r  op_q_reg[3]/C
  -------------------------------------------------------------------    -------------------
                         FDCE (Prop_fdce_C_Q)         0.433     1.220 f  op_q_reg[3]/Q
                         net (fo=37, unplaced)        0.437     1.657    op_q[3]
                         LUT2 (Prop_lut2_I0_O)        0.232     1.889 f  clr_cnt_q[3]_i_4/O
                         net (fo=1, unplaced)         0.328     2.217    clr_cnt_q[3]_i_4_n_0
                         LUT6 (Prop_lut6_I0_O)        0.105     2.322 r  clr_cnt_q[3]_i_3/O
                         net (fo=3, unplaced)         0.365     2.687    clr_cnt_q[3]_i_3_n_0
                         LUT2 (Prop_lut2_I0_O)        0.105     2.792 r  FSM_onehot_st_q[0]_i_4/O
                         net (fo=1, unplaced)         0.347     3.139    FSM_onehot_st_q[0]_i_4_n_0
                         LUT6 (Prop_lut6_I0_O)        0.105     3.244 r  FSM_onehot_st_q[0]_i_1/O
                         net (fo=17, unplaced)        0.422     3.666    FSM_onehot_st_q[0]_i_1_n_0
                         FDCE                                         r  FSM_onehot_st_q_reg[7]_rep__4/CE
  -------------------------------------------------------------------    -------------------

                         (clock clk_i rise edge)      6.667     6.667 r  
                                                      0.000     6.667 r  clk_i (IN)
                         net (fo=2875, unset)         0.748     7.415    clk_i
                         FDCE                                         r  FSM_onehot_st_q_reg[7]_rep__4/C
                         clock pessimism              0.000     7.415    
                         clock uncertainty           -0.035     7.379    
                         FDCE (Setup_fdce_C_CE)      -0.136     7.243    FSM_onehot_st_q_reg[7]_rep__4
  -------------------------------------------------------------------
                         required time                          7.243    
                         arrival time                          -3.666    
  -------------------------------------------------------------------
                         slack                                  3.577    

Slack (MET) :             3.577ns  (required time - arrival time)
  Source:                 op_q_reg[3]/C
                            (rising edge-triggered cell FDCE clocked by clk_i  {rise@0.000ns fall@3.333ns period=6.667ns})
  Destination:            FSM_onehot_st_q_reg[8]/CE
                            (rising edge-triggered cell FDCE clocked by clk_i  {rise@0.000ns fall@3.333ns period=6.667ns})
  Path Group:             clk_i
  Path Type:              Setup (Max at Slow Process Corner)
  Requirement:            6.667ns  (clk_i rise@6.667ns - clk_i rise@0.000ns)
  Data Path Delay:        2.879ns  (logic 0.980ns (34.040%)  route 1.899ns (65.960%))
  Logic Levels:           4  (LUT2=2 LUT6=2)
  Clock Path Skew:        -0.039ns (DCD - SCD + CPR)
    Destination Clock Delay (DCD):    0.748ns = ( 7.415 - 6.667 ) 
    Source Clock Delay      (SCD):    0.787ns
    Clock Pessimism Removal (CPR):    0.000ns
  Clock Uncertainty:      0.035ns  ((TSJ^2 + TIJ^2)^1/2 + DJ) / 2 + PE
    Total System Jitter     (TSJ):    0.071ns
    Total Input Jitter      (TIJ):    0.000ns
    Discrete Jitter          (DJ):    0.000ns
    Phase Error              (PE):    0.000ns

    Location             Delay type                Incr(ns)  Path(ns)    Netlist Resource(s)
  -------------------------------------------------------------------    -------------------
                         (clock clk_i rise edge)      0.000     0.000 r  
                                                      0.000     0.000 r  clk_i (IN)
                         net (fo=2875, unset)         0.787     0.787    clk_i
                         FDCE                                         r  op_q_reg[3]/C
  -------------------------------------------------------------------    -------------------
                         FDCE (Prop_fdce_C_Q)         0.433     1.220 f  op_q_reg[3]/Q
                         net (fo=37, unplaced)        0.437     1.657    op_q[3]
                         LUT2 (Prop_lut2_I0_O)        0.232     1.889 f  clr_cnt_q[3]_i_4/O
                         net (fo=1, unplaced)         0.328     2.217    clr_cnt_q[3]_i_4_n_0
                         LUT6 (Prop_lut6_I0_O)        0.105     2.322 r  clr_cnt_q[3]_i_3/O
                         net (fo=3, unplaced)         0.365     2.687    clr_cnt_q[3]_i_3_n_0
                         LUT2 (Prop_lut2_I0_O)        0.105     2.792 r  FSM_onehot_st_q[0]_i_4/O
                         net (fo=1, unplaced)         0.347     3.139    FSM_onehot_st_q[0]_i_4_n_0
                         LUT6 (Prop_lut6_I0_O)        0.105     3.244 r  FSM_onehot_st_q[0]_i_1/O
                         net (fo=17, unplaced)        0.422     3.666    FSM_onehot_st_q[0]_i_1_n_0
                         FDCE                                         r  FSM_onehot_st_q_reg[8]/CE
  -------------------------------------------------------------------    -------------------

                         (clock clk_i rise edge)      6.667     6.667 r  
                                                      0.000     6.667 r  clk_i (IN)
                         net (fo=2875, unset)         0.748     7.415    clk_i
                         FDCE                                         r  FSM_onehot_st_q_reg[8]/C
                         clock pessimism              0.000     7.415    
                         clock uncertainty           -0.035     7.379    
                         FDCE (Setup_fdce_C_CE)      -0.136     7.243    FSM_onehot_st_q_reg[8]
  -------------------------------------------------------------------
                         required time                          7.243    
                         arrival time                          -3.666    
  -------------------------------------------------------------------
                         slack                                  3.577    

Slack (MET) :             3.577ns  (required time - arrival time)
  Source:                 op_q_reg[3]/C
                            (rising edge-triggered cell FDCE clocked by clk_i  {rise@0.000ns fall@3.333ns period=6.667ns})
  Destination:            FSM_onehot_st_q_reg[9]/CE
                            (rising edge-triggered cell FDCE clocked by clk_i  {rise@0.000ns fall@3.333ns period=6.667ns})
  Path Group:             clk_i
  Path Type:              Setup (Max at Slow Process Corner)
  Requirement:            6.667ns  (clk_i rise@6.667ns - clk_i rise@0.000ns)
  Data Path Delay:        2.879ns  (logic 0.980ns (34.040%)  route 1.899ns (65.960%))
  Logic Levels:           4  (LUT2=2 LUT6=2)
  Clock Path Skew:        -0.039ns (DCD - SCD + CPR)
    Destination Clock Delay (DCD):    0.748ns = ( 7.415 - 6.667 ) 
    Source Clock Delay      (SCD):    0.787ns
    Clock Pessimism Removal (CPR):    0.000ns
  Clock Uncertainty:      0.035ns  ((TSJ^2 + TIJ^2)^1/2 + DJ) / 2 + PE
    Total System Jitter     (TSJ):    0.071ns
    Total Input Jitter      (TIJ):    0.000ns
    Discrete Jitter          (DJ):    0.000ns
    Phase Error              (PE):    0.000ns

    Location             Delay type                Incr(ns)  Path(ns)    Netlist Resource(s)
  -------------------------------------------------------------------    -------------------
                         (clock clk_i rise edge)      0.000     0.000 r  
                                                      0.000     0.000 r  clk_i (IN)
                         net (fo=2875, unset)         0.787     0.787    clk_i
                         FDCE                                         r  op_q_reg[3]/C
  -------------------------------------------------------------------    -------------------
                         FDCE (Prop_fdce_C_Q)         0.433     1.220 f  op_q_reg[3]/Q
                         net (fo=37, unplaced)        0.437     1.657    op_q[3]
                         LUT2 (Prop_lut2_I0_O)        0.232     1.889 f  clr_cnt_q[3]_i_4/O
                         net (fo=1, unplaced)         0.328     2.217    clr_cnt_q[3]_i_4_n_0
                         LUT6 (Prop_lut6_I0_O)        0.105     2.322 r  clr_cnt_q[3]_i_3/O
                         net (fo=3, unplaced)         0.365     2.687    clr_cnt_q[3]_i_3_n_0
                         LUT2 (Prop_lut2_I0_O)        0.105     2.792 r  FSM_onehot_st_q[0]_i_4/O
                         net (fo=1, unplaced)         0.347     3.139    FSM_onehot_st_q[0]_i_4_n_0
                         LUT6 (Prop_lut6_I0_O)        0.105     3.244 r  FSM_onehot_st_q[0]_i_1/O
                         net (fo=17, unplaced)        0.422     3.666    FSM_onehot_st_q[0]_i_1_n_0
                         FDCE                                         r  FSM_onehot_st_q_reg[9]/CE
  -------------------------------------------------------------------    -------------------

                         (clock clk_i rise edge)      6.667     6.667 r  
                                                      0.000     6.667 r  clk_i (IN)
                         net (fo=2875, unset)         0.748     7.415    clk_i
                         FDCE                                         r  FSM_onehot_st_q_reg[9]/C
                         clock pessimism              0.000     7.415    
                         clock uncertainty           -0.035     7.379    
                         FDCE (Setup_fdce_C_CE)      -0.136     7.243    FSM_onehot_st_q_reg[9]
  -------------------------------------------------------------------
                         required time                          7.243    
                         arrival time                          -3.666    
  -------------------------------------------------------------------
                         slack                                  3.577    

Slack (MET) :             3.577ns  (required time - arrival time)
  Source:                 hmatch_best_dist_q_reg[0]/C
                            (rising edge-triggered cell FDCE clocked by clk_i  {rise@0.000ns fall@3.333ns period=6.667ns})
  Destination:            hmatch_best_dist_q_reg[0]/CE
                            (rising edge-triggered cell FDCE clocked by clk_i  {rise@0.000ns fall@3.333ns period=6.667ns})
  Path Group:             clk_i
  Path Type:              Setup (Max at Slow Process Corner)
  Requirement:            6.667ns  (clk_i rise@6.667ns - clk_i rise@0.000ns)
  Data Path Delay:        2.879ns  (logic 1.589ns (55.193%)  route 1.290ns (44.807%))
  Logic Levels:           4  (CARRY4=2 LUT4=1 LUT6=1)
  Clock Path Skew:        -0.039ns (DCD - SCD + CPR)
    Destination Clock Delay (DCD):    0.748ns = ( 7.415 - 6.667 ) 
    Source Clock Delay      (SCD):    0.787ns
    Clock Pessimism Removal (CPR):    0.000ns
  Clock Uncertainty:      0.035ns  ((TSJ^2 + TIJ^2)^1/2 + DJ) / 2 + PE
    Total System Jitter     (TSJ):    0.071ns
    Total Input Jitter      (TIJ):    0.000ns
    Discrete Jitter          (DJ):    0.000ns
    Phase Error              (PE):    0.000ns

    Location             Delay type                Incr(ns)  Path(ns)    Netlist Resource(s)
  -------------------------------------------------------------------    -------------------
                         (clock clk_i rise edge)      0.000     0.000 r  
                                                      0.000     0.000 r  clk_i (IN)
                         net (fo=2875, unset)         0.787     0.787    clk_i
                         FDCE                                         r  hmatch_best_dist_q_reg[0]/C
  -------------------------------------------------------------------    -------------------
                         FDCE (Prop_fdce_C_Q)         0.433     1.220 r  hmatch_best_dist_q_reg[0]/Q
                         net (fo=3, unplaced)         0.617     1.837    hmatch_best_dist_q[0]
                         LUT4 (Prop_lut4_I2_O)        0.252     2.089 r  hmatch_best_dist_q[10]_i_13/O
                         net (fo=1, unplaced)         0.000     2.089    hmatch_best_dist_q[10]_i_13_n_0
                         CARRY4 (Prop_carry4_DI[0]_CO[3])
                                                      0.477     2.566 r  hmatch_best_dist_q_reg[10]_i_5/CO[3]
                         net (fo=1, unplaced)         0.008     2.574    hmatch_best_dist_q_reg[10]_i_5_n_0
                         CARRY4 (Prop_carry4_CI_CO[1])
                                                      0.150     2.724 r  hmatch_best_dist_q_reg[10]_i_3/CO[1]
                         net (fo=1, unplaced)         0.240     2.964    hmatch_best_dist_q_reg[10]_i_3_n_2
                         LUT6 (Prop_lut6_I3_O)        0.277     3.241 r  hmatch_best_dist_q[10]_i_1/O
                         net (fo=19, unplaced)        0.425     3.666    hmatch_best_dist_q[10]_i_1_n_0
                         FDCE                                         r  hmatch_best_dist_q_reg[0]/CE
  -------------------------------------------------------------------    -------------------

                         (clock clk_i rise edge)      6.667     6.667 r  
                                                      0.000     6.667 r  clk_i (IN)
                         net (fo=2875, unset)         0.748     7.415    clk_i
                         FDCE                                         r  hmatch_best_dist_q_reg[0]/C
                         clock pessimism              0.000     7.415    
                         clock uncertainty           -0.035     7.379    
                         FDCE (Setup_fdce_C_CE)      -0.136     7.243    hmatch_best_dist_q_reg[0]
  -------------------------------------------------------------------
                         required time                          7.243    
                         arrival time                          -3.666    
  -------------------------------------------------------------------
                         slack                                  3.577    

Slack (MET) :             3.577ns  (required time - arrival time)
  Source:                 hmatch_best_dist_q_reg[0]/C
                            (rising edge-triggered cell FDCE clocked by clk_i  {rise@0.000ns fall@3.333ns period=6.667ns})
  Destination:            hmatch_best_dist_q_reg[10]/CE
                            (rising edge-triggered cell FDCE clocked by clk_i  {rise@0.000ns fall@3.333ns period=6.667ns})
  Path Group:             clk_i
  Path Type:              Setup (Max at Slow Process Corner)
  Requirement:            6.667ns  (clk_i rise@6.667ns - clk_i rise@0.000ns)
  Data Path Delay:        2.879ns  (logic 1.589ns (55.193%)  route 1.290ns (44.807%))
  Logic Levels:           4  (CARRY4=2 LUT4=1 LUT6=1)
  Clock Path Skew:        -0.039ns (DCD - SCD + CPR)
    Destination Clock Delay (DCD):    0.748ns = ( 7.415 - 6.667 ) 
    Source Clock Delay      (SCD):    0.787ns
    Clock Pessimism Removal (CPR):    0.000ns
  Clock Uncertainty:      0.035ns  ((TSJ^2 + TIJ^2)^1/2 + DJ) / 2 + PE
    Total System Jitter     (TSJ):    0.071ns
    Total Input Jitter      (TIJ):    0.000ns
    Discrete Jitter          (DJ):    0.000ns
    Phase Error              (PE):    0.000ns

    Location             Delay type                Incr(ns)  Path(ns)    Netlist Resource(s)
  -------------------------------------------------------------------    -------------------
                         (clock clk_i rise edge)      0.000     0.000 r  
                                                      0.000     0.000 r  clk_i (IN)
                         net (fo=2875, unset)         0.787     0.787    clk_i
                         FDCE                                         r  hmatch_best_dist_q_reg[0]/C
  -------------------------------------------------------------------    -------------------
                         FDCE (Prop_fdce_C_Q)         0.433     1.220 r  hmatch_best_dist_q_reg[0]/Q
                         net (fo=3, unplaced)         0.617     1.837    hmatch_best_dist_q[0]
                         LUT4 (Prop_lut4_I2_O)        0.252     2.089 r  hmatch_best_dist_q[10]_i_13/O
                         net (fo=1, unplaced)         0.000     2.089    hmatch_best_dist_q[10]_i_13_n_0
                         CARRY4 (Prop_carry4_DI[0]_CO[3])
                                                      0.477     2.566 r  hmatch_best_dist_q_reg[10]_i_5/CO[3]
                         net (fo=1, unplaced)         0.008     2.574    hmatch_best_dist_q_reg[10]_i_5_n_0
                         CARRY4 (Prop_carry4_CI_CO[1])
                                                      0.150     2.724 r  hmatch_best_dist_q_reg[10]_i_3/CO[1]
                         net (fo=1, unplaced)         0.240     2.964    hmatch_best_dist_q_reg[10]_i_3_n_2
                         LUT6 (Prop_lut6_I3_O)        0.277     3.241 r  hmatch_best_dist_q[10]_i_1/O
                         net (fo=19, unplaced)        0.425     3.666    hmatch_best_dist_q[10]_i_1_n_0
                         FDCE                                         r  hmatch_best_dist_q_reg[10]/CE
  -------------------------------------------------------------------    -------------------

                         (clock clk_i rise edge)      6.667     6.667 r  
                                                      0.000     6.667 r  clk_i (IN)
                         net (fo=2875, unset)         0.748     7.415    clk_i
                         FDCE                                         r  hmatch_best_dist_q_reg[10]/C
                         clock pessimism              0.000     7.415    
                         clock uncertainty           -0.035     7.379    
                         FDCE (Setup_fdce_C_CE)      -0.136     7.243    hmatch_best_dist_q_reg[10]
  -------------------------------------------------------------------
                         required time                          7.243    
                         arrival time                          -3.666    
  -------------------------------------------------------------------
                         slack                                  3.577    

Slack (MET) :             3.577ns  (required time - arrival time)
  Source:                 hmatch_best_dist_q_reg[0]/C
                            (rising edge-triggered cell FDCE clocked by clk_i  {rise@0.000ns fall@3.333ns period=6.667ns})
  Destination:            hmatch_best_dist_q_reg[1]/CE
                            (rising edge-triggered cell FDCE clocked by clk_i  {rise@0.000ns fall@3.333ns period=6.667ns})
  Path Group:             clk_i
  Path Type:              Setup (Max at Slow Process Corner)
  Requirement:            6.667ns  (clk_i rise@6.667ns - clk_i rise@0.000ns)
  Data Path Delay:        2.879ns  (logic 1.589ns (55.193%)  route 1.290ns (44.807%))
  Logic Levels:           4  (CARRY4=2 LUT4=1 LUT6=1)
  Clock Path Skew:        -0.039ns (DCD - SCD + CPR)
    Destination Clock Delay (DCD):    0.748ns = ( 7.415 - 6.667 ) 
    Source Clock Delay      (SCD):    0.787ns
    Clock Pessimism Removal (CPR):    0.000ns
  Clock Uncertainty:      0.035ns  ((TSJ^2 + TIJ^2)^1/2 + DJ) / 2 + PE
    Total System Jitter     (TSJ):    0.071ns
    Total Input Jitter      (TIJ):    0.000ns
    Discrete Jitter          (DJ):    0.000ns
    Phase Error              (PE):    0.000ns

    Location             Delay type                Incr(ns)  Path(ns)    Netlist Resource(s)
  -------------------------------------------------------------------    -------------------
                         (clock clk_i rise edge)      0.000     0.000 r  
                                                      0.000     0.000 r  clk_i (IN)
                         net (fo=2875, unset)         0.787     0.787    clk_i
                         FDCE                                         r  hmatch_best_dist_q_reg[0]/C
  -------------------------------------------------------------------    -------------------
                         FDCE (Prop_fdce_C_Q)         0.433     1.220 r  hmatch_best_dist_q_reg[0]/Q
                         net (fo=3, unplaced)         0.617     1.837    hmatch_best_dist_q[0]
                         LUT4 (Prop_lut4_I2_O)        0.252     2.089 r  hmatch_best_dist_q[10]_i_13/O
                         net (fo=1, unplaced)         0.000     2.089    hmatch_best_dist_q[10]_i_13_n_0
                         CARRY4 (Prop_carry4_DI[0]_CO[3])
                                                      0.477     2.566 r  hmatch_best_dist_q_reg[10]_i_5/CO[3]
                         net (fo=1, unplaced)         0.008     2.574    hmatch_best_dist_q_reg[10]_i_5_n_0
                         CARRY4 (Prop_carry4_CI_CO[1])
                                                      0.150     2.724 r  hmatch_best_dist_q_reg[10]_i_3/CO[1]
                         net (fo=1, unplaced)         0.240     2.964    hmatch_best_dist_q_reg[10]_i_3_n_2
                         LUT6 (Prop_lut6_I3_O)        0.277     3.241 r  hmatch_best_dist_q[10]_i_1/O
                         net (fo=19, unplaced)        0.425     3.666    hmatch_best_dist_q[10]_i_1_n_0
                         FDCE                                         r  hmatch_best_dist_q_reg[1]/CE
  -------------------------------------------------------------------    -------------------

                         (clock clk_i rise edge)      6.667     6.667 r  
                                                      0.000     6.667 r  clk_i (IN)
                         net (fo=2875, unset)         0.748     7.415    clk_i
                         FDCE                                         r  hmatch_best_dist_q_reg[1]/C
                         clock pessimism              0.000     7.415    
                         clock uncertainty           -0.035     7.379    
                         FDCE (Setup_fdce_C_CE)      -0.136     7.243    hmatch_best_dist_q_reg[1]
  -------------------------------------------------------------------
                         required time                          7.243    
                         arrival time                          -3.666    
  -------------------------------------------------------------------
                         slack                                  3.577    

Slack (MET) :             3.577ns  (required time - arrival time)
  Source:                 hmatch_best_dist_q_reg[0]/C
                            (rising edge-triggered cell FDCE clocked by clk_i  {rise@0.000ns fall@3.333ns period=6.667ns})
  Destination:            hmatch_best_dist_q_reg[2]/CE
                            (rising edge-triggered cell FDCE clocked by clk_i  {rise@0.000ns fall@3.333ns period=6.667ns})
  Path Group:             clk_i
  Path Type:              Setup (Max at Slow Process Corner)
  Requirement:            6.667ns  (clk_i rise@6.667ns - clk_i rise@0.000ns)
  Data Path Delay:        2.879ns  (logic 1.589ns (55.193%)  route 1.290ns (44.807%))
  Logic Levels:           4  (CARRY4=2 LUT4=1 LUT6=1)
  Clock Path Skew:        -0.039ns (DCD - SCD + CPR)
    Destination Clock Delay (DCD):    0.748ns = ( 7.415 - 6.667 ) 
    Source Clock Delay      (SCD):    0.787ns
    Clock Pessimism Removal (CPR):    0.000ns
  Clock Uncertainty:      0.035ns  ((TSJ^2 + TIJ^2)^1/2 + DJ) / 2 + PE
    Total System Jitter     (TSJ):    0.071ns
    Total Input Jitter      (TIJ):    0.000ns
    Discrete Jitter          (DJ):    0.000ns
    Phase Error              (PE):    0.000ns

    Location             Delay type                Incr(ns)  Path(ns)    Netlist Resource(s)
  -------------------------------------------------------------------    -------------------
                         (clock clk_i rise edge)      0.000     0.000 r  
                                                      0.000     0.000 r  clk_i (IN)
                         net (fo=2875, unset)         0.787     0.787    clk_i
                         FDCE                                         r  hmatch_best_dist_q_reg[0]/C
  -------------------------------------------------------------------    -------------------
                         FDCE (Prop_fdce_C_Q)         0.433     1.220 r  hmatch_best_dist_q_reg[0]/Q
                         net (fo=3, unplaced)         0.617     1.837    hmatch_best_dist_q[0]
                         LUT4 (Prop_lut4_I2_O)        0.252     2.089 r  hmatch_best_dist_q[10]_i_13/O
                         net (fo=1, unplaced)         0.000     2.089    hmatch_best_dist_q[10]_i_13_n_0
                         CARRY4 (Prop_carry4_DI[0]_CO[3])
                                                      0.477     2.566 r  hmatch_best_dist_q_reg[10]_i_5/CO[3]
                         net (fo=1, unplaced)         0.008     2.574    hmatch_best_dist_q_reg[10]_i_5_n_0
                         CARRY4 (Prop_carry4_CI_CO[1])
                                                      0.150     2.724 r  hmatch_best_dist_q_reg[10]_i_3/CO[1]
                         net (fo=1, unplaced)         0.240     2.964    hmatch_best_dist_q_reg[10]_i_3_n_2
                         LUT6 (Prop_lut6_I3_O)        0.277     3.241 r  hmatch_best_dist_q[10]_i_1/O
                         net (fo=19, unplaced)        0.425     3.666    hmatch_best_dist_q[10]_i_1_n_0
                         FDCE                                         r  hmatch_best_dist_q_reg[2]/CE
  -------------------------------------------------------------------    -------------------

                         (clock clk_i rise edge)      6.667     6.667 r  
                                                      0.000     6.667 r  clk_i (IN)
                         net (fo=2875, unset)         0.748     7.415    clk_i
                         FDCE                                         r  hmatch_best_dist_q_reg[2]/C
                         clock pessimism              0.000     7.415    
                         clock uncertainty           -0.035     7.379    
                         FDCE (Setup_fdce_C_CE)      -0.136     7.243    hmatch_best_dist_q_reg[2]
  -------------------------------------------------------------------
                         required time                          7.243    
                         arrival time                          -3.666    
  -------------------------------------------------------------------
                         slack                                  3.577    

Slack (MET) :             3.577ns  (required time - arrival time)
  Source:                 hmatch_best_dist_q_reg[0]/C
                            (rising edge-triggered cell FDCE clocked by clk_i  {rise@0.000ns fall@3.333ns period=6.667ns})
  Destination:            hmatch_best_dist_q_reg[3]/CE
                            (rising edge-triggered cell FDCE clocked by clk_i  {rise@0.000ns fall@3.333ns period=6.667ns})
  Path Group:             clk_i
  Path Type:              Setup (Max at Slow Process Corner)
  Requirement:            6.667ns  (clk_i rise@6.667ns - clk_i rise@0.000ns)
  Data Path Delay:        2.879ns  (logic 1.589ns (55.193%)  route 1.290ns (44.807%))
  Logic Levels:           4  (CARRY4=2 LUT4=1 LUT6=1)
  Clock Path Skew:        -0.039ns (DCD - SCD + CPR)
    Destination Clock Delay (DCD):    0.748ns = ( 7.415 - 6.667 ) 
    Source Clock Delay      (SCD):    0.787ns
    Clock Pessimism Removal (CPR):    0.000ns
  Clock Uncertainty:      0.035ns  ((TSJ^2 + TIJ^2)^1/2 + DJ) / 2 + PE
    Total System Jitter     (TSJ):    0.071ns
    Total Input Jitter      (TIJ):    0.000ns
    Discrete Jitter          (DJ):    0.000ns
    Phase Error              (PE):    0.000ns

    Location             Delay type                Incr(ns)  Path(ns)    Netlist Resource(s)
  -------------------------------------------------------------------    -------------------
                         (clock clk_i rise edge)      0.000     0.000 r  
                                                      0.000     0.000 r  clk_i (IN)
                         net (fo=2875, unset)         0.787     0.787    clk_i
                         FDCE                                         r  hmatch_best_dist_q_reg[0]/C
  -------------------------------------------------------------------    -------------------
                         FDCE (Prop_fdce_C_Q)         0.433     1.220 r  hmatch_best_dist_q_reg[0]/Q
                         net (fo=3, unplaced)         0.617     1.837    hmatch_best_dist_q[0]
                         LUT4 (Prop_lut4_I2_O)        0.252     2.089 r  hmatch_best_dist_q[10]_i_13/O
                         net (fo=1, unplaced)         0.000     2.089    hmatch_best_dist_q[10]_i_13_n_0
                         CARRY4 (Prop_carry4_DI[0]_CO[3])
                                                      0.477     2.566 r  hmatch_best_dist_q_reg[10]_i_5/CO[3]
                         net (fo=1, unplaced)         0.008     2.574    hmatch_best_dist_q_reg[10]_i_5_n_0
                         CARRY4 (Prop_carry4_CI_CO[1])
                                                      0.150     2.724 r  hmatch_best_dist_q_reg[10]_i_3/CO[1]
                         net (fo=1, unplaced)         0.240     2.964    hmatch_best_dist_q_reg[10]_i_3_n_2
                         LUT6 (Prop_lut6_I3_O)        0.277     3.241 r  hmatch_best_dist_q[10]_i_1/O
                         net (fo=19, unplaced)        0.425     3.666    hmatch_best_dist_q[10]_i_1_n_0
                         FDCE                                         r  hmatch_best_dist_q_reg[3]/CE
  -------------------------------------------------------------------    -------------------

                         (clock clk_i rise edge)      6.667     6.667 r  
                                                      0.000     6.667 r  clk_i (IN)
                         net (fo=2875, unset)         0.748     7.415    clk_i
                         FDCE                                         r  hmatch_best_dist_q_reg[3]/C
                         clock pessimism              0.000     7.415    
                         clock uncertainty           -0.035     7.379    
                         FDCE (Setup_fdce_C_CE)      -0.136     7.243    hmatch_best_dist_q_reg[3]
  -------------------------------------------------------------------
                         required time                          7.243    
                         arrival time                          -3.666    
  -------------------------------------------------------------------
                         slack                                  3.577    

Slack (MET) :             3.577ns  (required time - arrival time)
  Source:                 hmatch_best_dist_q_reg[0]/C
                            (rising edge-triggered cell FDCE clocked by clk_i  {rise@0.000ns fall@3.333ns period=6.667ns})
  Destination:            hmatch_best_dist_q_reg[4]/CE
                            (rising edge-triggered cell FDCE clocked by clk_i  {rise@0.000ns fall@3.333ns period=6.667ns})
  Path Group:             clk_i
  Path Type:              Setup (Max at Slow Process Corner)
  Requirement:            6.667ns  (clk_i rise@6.667ns - clk_i rise@0.000ns)
  Data Path Delay:        2.879ns  (logic 1.589ns (55.193%)  route 1.290ns (44.807%))
  Logic Levels:           4  (CARRY4=2 LUT4=1 LUT6=1)
  Clock Path Skew:        -0.039ns (DCD - SCD + CPR)
    Destination Clock Delay (DCD):    0.748ns = ( 7.415 - 6.667 ) 
    Source Clock Delay      (SCD):    0.787ns
    Clock Pessimism Removal (CPR):    0.000ns
  Clock Uncertainty:      0.035ns  ((TSJ^2 + TIJ^2)^1/2 + DJ) / 2 + PE
    Total System Jitter     (TSJ):    0.071ns
    Total Input Jitter      (TIJ):    0.000ns
    Discrete Jitter          (DJ):    0.000ns
    Phase Error              (PE):    0.000ns

    Location             Delay type                Incr(ns)  Path(ns)    Netlist Resource(s)
  -------------------------------------------------------------------    -------------------
                         (clock clk_i rise edge)      0.000     0.000 r  
                                                      0.000     0.000 r  clk_i (IN)
                         net (fo=2875, unset)         0.787     0.787    clk_i
                         FDCE                                         r  hmatch_best_dist_q_reg[0]/C
  -------------------------------------------------------------------    -------------------
                         FDCE (Prop_fdce_C_Q)         0.433     1.220 r  hmatch_best_dist_q_reg[0]/Q
                         net (fo=3, unplaced)         0.617     1.837    hmatch_best_dist_q[0]
                         LUT4 (Prop_lut4_I2_O)        0.252     2.089 r  hmatch_best_dist_q[10]_i_13/O
                         net (fo=1, unplaced)         0.000     2.089    hmatch_best_dist_q[10]_i_13_n_0
                         CARRY4 (Prop_carry4_DI[0]_CO[3])
                                                      0.477     2.566 r  hmatch_best_dist_q_reg[10]_i_5/CO[3]
                         net (fo=1, unplaced)         0.008     2.574    hmatch_best_dist_q_reg[10]_i_5_n_0
                         CARRY4 (Prop_carry4_CI_CO[1])
                                                      0.150     2.724 r  hmatch_best_dist_q_reg[10]_i_3/CO[1]
                         net (fo=1, unplaced)         0.240     2.964    hmatch_best_dist_q_reg[10]_i_3_n_2
                         LUT6 (Prop_lut6_I3_O)        0.277     3.241 r  hmatch_best_dist_q[10]_i_1/O
                         net (fo=19, unplaced)        0.425     3.666    hmatch_best_dist_q[10]_i_1_n_0
                         FDCE                                         r  hmatch_best_dist_q_reg[4]/CE
  -------------------------------------------------------------------    -------------------

                         (clock clk_i rise edge)      6.667     6.667 r  
                                                      0.000     6.667 r  clk_i (IN)
                         net (fo=2875, unset)         0.748     7.415    clk_i
                         FDCE                                         r  hmatch_best_dist_q_reg[4]/C
                         clock pessimism              0.000     7.415    
                         clock uncertainty           -0.035     7.379    
                         FDCE (Setup_fdce_C_CE)      -0.136     7.243    hmatch_best_dist_q_reg[4]
  -------------------------------------------------------------------
                         required time                          7.243    
                         arrival time                          -3.666    
  -------------------------------------------------------------------
                         slack                                  3.577    

Slack (MET) :             3.577ns  (required time - arrival time)
  Source:                 hmatch_best_dist_q_reg[0]/C
                            (rising edge-triggered cell FDCE clocked by clk_i  {rise@0.000ns fall@3.333ns period=6.667ns})
  Destination:            hmatch_best_dist_q_reg[5]/CE
                            (rising edge-triggered cell FDCE clocked by clk_i  {rise@0.000ns fall@3.333ns period=6.667ns})
  Path Group:             clk_i
  Path Type:              Setup (Max at Slow Process Corner)
  Requirement:            6.667ns  (clk_i rise@6.667ns - clk_i rise@0.000ns)
  Data Path Delay:        2.879ns  (logic 1.589ns (55.193%)  route 1.290ns (44.807%))
  Logic Levels:           4  (CARRY4=2 LUT4=1 LUT6=1)
  Clock Path Skew:        -0.039ns (DCD - SCD + CPR)
    Destination Clock Delay (DCD):    0.748ns = ( 7.415 - 6.667 ) 
    Source Clock Delay      (SCD):    0.787ns
    Clock Pessimism Removal (CPR):    0.000ns
  Clock Uncertainty:      0.035ns  ((TSJ^2 + TIJ^2)^1/2 + DJ) / 2 + PE
    Total System Jitter     (TSJ):    0.071ns
    Total Input Jitter      (TIJ):    0.000ns
    Discrete Jitter          (DJ):    0.000ns
    Phase Error              (PE):    0.000ns

    Location             Delay type                Incr(ns)  Path(ns)    Netlist Resource(s)
  -------------------------------------------------------------------    -------------------
                         (clock clk_i rise edge)      0.000     0.000 r  
                                                      0.000     0.000 r  clk_i (IN)
                         net (fo=2875, unset)         0.787     0.787    clk_i
                         FDCE                                         r  hmatch_best_dist_q_reg[0]/C
  -------------------------------------------------------------------    -------------------
                         FDCE (Prop_fdce_C_Q)         0.433     1.220 r  hmatch_best_dist_q_reg[0]/Q
                         net (fo=3, unplaced)         0.617     1.837    hmatch_best_dist_q[0]
                         LUT4 (Prop_lut4_I2_O)        0.252     2.089 r  hmatch_best_dist_q[10]_i_13/O
                         net (fo=1, unplaced)         0.000     2.089    hmatch_best_dist_q[10]_i_13_n_0
                         CARRY4 (Prop_carry4_DI[0]_CO[3])
                                                      0.477     2.566 r  hmatch_best_dist_q_reg[10]_i_5/CO[3]
                         net (fo=1, unplaced)         0.008     2.574    hmatch_best_dist_q_reg[10]_i_5_n_0
                         CARRY4 (Prop_carry4_CI_CO[1])
                                                      0.150     2.724 r  hmatch_best_dist_q_reg[10]_i_3/CO[1]
                         net (fo=1, unplaced)         0.240     2.964    hmatch_best_dist_q_reg[10]_i_3_n_2
                         LUT6 (Prop_lut6_I3_O)        0.277     3.241 r  hmatch_best_dist_q[10]_i_1/O
                         net (fo=19, unplaced)        0.425     3.666    hmatch_best_dist_q[10]_i_1_n_0
                         FDCE                                         r  hmatch_best_dist_q_reg[5]/CE
  -------------------------------------------------------------------    -------------------

                         (clock clk_i rise edge)      6.667     6.667 r  
                                                      0.000     6.667 r  clk_i (IN)
                         net (fo=2875, unset)         0.748     7.415    clk_i
                         FDCE                                         r  hmatch_best_dist_q_reg[5]/C
                         clock pessimism              0.000     7.415    
                         clock uncertainty           -0.035     7.379    
                         FDCE (Setup_fdce_C_CE)      -0.136     7.243    hmatch_best_dist_q_reg[5]
  -------------------------------------------------------------------
                         required time                          7.243    
                         arrival time                          -3.666    
  -------------------------------------------------------------------
                         slack                                  3.577    

Slack (MET) :             3.577ns  (required time - arrival time)
  Source:                 hmatch_best_dist_q_reg[0]/C
                            (rising edge-triggered cell FDCE clocked by clk_i  {rise@0.000ns fall@3.333ns period=6.667ns})
  Destination:            hmatch_best_dist_q_reg[6]/CE
                            (rising edge-triggered cell FDCE clocked by clk_i  {rise@0.000ns fall@3.333ns period=6.667ns})
  Path Group:             clk_i
  Path Type:              Setup (Max at Slow Process Corner)
  Requirement:            6.667ns  (clk_i rise@6.667ns - clk_i rise@0.000ns)
  Data Path Delay:        2.879ns  (logic 1.589ns (55.193%)  route 1.290ns (44.807%))
  Logic Levels:           4  (CARRY4=2 LUT4=1 LUT6=1)
  Clock Path Skew:        -0.039ns (DCD - SCD + CPR)
    Destination Clock Delay (DCD):    0.748ns = ( 7.415 - 6.667 ) 
    Source Clock Delay      (SCD):    0.787ns
    Clock Pessimism Removal (CPR):    0.000ns
  Clock Uncertainty:      0.035ns  ((TSJ^2 + TIJ^2)^1/2 + DJ) / 2 + PE
    Total System Jitter     (TSJ):    0.071ns
    Total Input Jitter      (TIJ):    0.000ns
    Discrete Jitter          (DJ):    0.000ns
    Phase Error              (PE):    0.000ns

    Location             Delay type                Incr(ns)  Path(ns)    Netlist Resource(s)
  -------------------------------------------------------------------    -------------------
                         (clock clk_i rise edge)      0.000     0.000 r  
                                                      0.000     0.000 r  clk_i (IN)
                         net (fo=2875, unset)         0.787     0.787    clk_i
                         FDCE                                         r  hmatch_best_dist_q_reg[0]/C
  -------------------------------------------------------------------    -------------------
                         FDCE (Prop_fdce_C_Q)         0.433     1.220 r  hmatch_best_dist_q_reg[0]/Q
                         net (fo=3, unplaced)         0.617     1.837    hmatch_best_dist_q[0]
                         LUT4 (Prop_lut4_I2_O)        0.252     2.089 r  hmatch_best_dist_q[10]_i_13/O
                         net (fo=1, unplaced)         0.000     2.089    hmatch_best_dist_q[10]_i_13_n_0
                         CARRY4 (Prop_carry4_DI[0]_CO[3])
                                                      0.477     2.566 r  hmatch_best_dist_q_reg[10]_i_5/CO[3]
                         net (fo=1, unplaced)         0.008     2.574    hmatch_best_dist_q_reg[10]_i_5_n_0
                         CARRY4 (Prop_carry4_CI_CO[1])
                                                      0.150     2.724 r  hmatch_best_dist_q_reg[10]_i_3/CO[1]
                         net (fo=1, unplaced)         0.240     2.964    hmatch_best_dist_q_reg[10]_i_3_n_2
                         LUT6 (Prop_lut6_I3_O)        0.277     3.241 r  hmatch_best_dist_q[10]_i_1/O
                         net (fo=19, unplaced)        0.425     3.666    hmatch_best_dist_q[10]_i_1_n_0
                         FDCE                                         r  hmatch_best_dist_q_reg[6]/CE
  -------------------------------------------------------------------    -------------------

                         (clock clk_i rise edge)      6.667     6.667 r  
                                                      0.000     6.667 r  clk_i (IN)
                         net (fo=2875, unset)         0.748     7.415    clk_i
                         FDCE                                         r  hmatch_best_dist_q_reg[6]/C
                         clock pessimism              0.000     7.415    
                         clock uncertainty           -0.035     7.379    
                         FDCE (Setup_fdce_C_CE)      -0.136     7.243    hmatch_best_dist_q_reg[6]
  -------------------------------------------------------------------
                         required time                          7.243    
                         arrival time                          -3.666    
  -------------------------------------------------------------------
                         slack                                  3.577    

Slack (MET) :             3.577ns  (required time - arrival time)
  Source:                 hmatch_best_dist_q_reg[0]/C
                            (rising edge-triggered cell FDCE clocked by clk_i  {rise@0.000ns fall@3.333ns period=6.667ns})
  Destination:            hmatch_best_dist_q_reg[7]/CE
                            (rising edge-triggered cell FDCE clocked by clk_i  {rise@0.000ns fall@3.333ns period=6.667ns})
  Path Group:             clk_i
  Path Type:              Setup (Max at Slow Process Corner)
  Requirement:            6.667ns  (clk_i rise@6.667ns - clk_i rise@0.000ns)
  Data Path Delay:        2.879ns  (logic 1.589ns (55.193%)  route 1.290ns (44.807%))
  Logic Levels:           4  (CARRY4=2 LUT4=1 LUT6=1)
  Clock Path Skew:        -0.039ns (DCD - SCD + CPR)
    Destination Clock Delay (DCD):    0.748ns = ( 7.415 - 6.667 ) 
    Source Clock Delay      (SCD):    0.787ns
    Clock Pessimism Removal (CPR):    0.000ns
  Clock Uncertainty:      0.035ns  ((TSJ^2 + TIJ^2)^1/2 + DJ) / 2 + PE
    Total System Jitter     (TSJ):    0.071ns
    Total Input Jitter      (TIJ):    0.000ns
    Discrete Jitter          (DJ):    0.000ns
    Phase Error              (PE):    0.000ns

    Location             Delay type                Incr(ns)  Path(ns)    Netlist Resource(s)
  -------------------------------------------------------------------    -------------------
                         (clock clk_i rise edge)      0.000     0.000 r  
                                                      0.000     0.000 r  clk_i (IN)
                         net (fo=2875, unset)         0.787     0.787    clk_i
                         FDCE                                         r  hmatch_best_dist_q_reg[0]/C
  -------------------------------------------------------------------    -------------------
                         FDCE (Prop_fdce_C_Q)         0.433     1.220 r  hmatch_best_dist_q_reg[0]/Q
                         net (fo=3, unplaced)         0.617     1.837    hmatch_best_dist_q[0]
                         LUT4 (Prop_lut4_I2_O)        0.252     2.089 r  hmatch_best_dist_q[10]_i_13/O
                         net (fo=1, unplaced)         0.000     2.089    hmatch_best_dist_q[10]_i_13_n_0
                         CARRY4 (Prop_carry4_DI[0]_CO[3])
                                                      0.477     2.566 r  hmatch_best_dist_q_reg[10]_i_5/CO[3]
                         net (fo=1, unplaced)         0.008     2.574    hmatch_best_dist_q_reg[10]_i_5_n_0
                         CARRY4 (Prop_carry4_CI_CO[1])
                                                      0.150     2.724 r  hmatch_best_dist_q_reg[10]_i_3/CO[1]
                         net (fo=1, unplaced)         0.240     2.964    hmatch_best_dist_q_reg[10]_i_3_n_2
                         LUT6 (Prop_lut6_I3_O)        0.277     3.241 r  hmatch_best_dist_q[10]_i_1/O
                         net (fo=19, unplaced)        0.425     3.666    hmatch_best_dist_q[10]_i_1_n_0
                         FDCE                                         r  hmatch_best_dist_q_reg[7]/CE
  -------------------------------------------------------------------    -------------------

                         (clock clk_i rise edge)      6.667     6.667 r  
                                                      0.000     6.667 r  clk_i (IN)
                         net (fo=2875, unset)         0.748     7.415    clk_i
                         FDCE                                         r  hmatch_best_dist_q_reg[7]/C
                         clock pessimism              0.000     7.415    
                         clock uncertainty           -0.035     7.379    
                         FDCE (Setup_fdce_C_CE)      -0.136     7.243    hmatch_best_dist_q_reg[7]
  -------------------------------------------------------------------
                         required time                          7.243    
                         arrival time                          -3.666    
  -------------------------------------------------------------------
                         slack                                  3.577    

Slack (MET) :             3.577ns  (required time - arrival time)
  Source:                 hmatch_best_dist_q_reg[0]/C
                            (rising edge-triggered cell FDCE clocked by clk_i  {rise@0.000ns fall@3.333ns period=6.667ns})
  Destination:            hmatch_best_dist_q_reg[8]/CE
                            (rising edge-triggered cell FDCE clocked by clk_i  {rise@0.000ns fall@3.333ns period=6.667ns})
  Path Group:             clk_i
  Path Type:              Setup (Max at Slow Process Corner)
  Requirement:            6.667ns  (clk_i rise@6.667ns - clk_i rise@0.000ns)
  Data Path Delay:        2.879ns  (logic 1.589ns (55.193%)  route 1.290ns (44.807%))
  Logic Levels:           4  (CARRY4=2 LUT4=1 LUT6=1)
  Clock Path Skew:        -0.039ns (DCD - SCD + CPR)
    Destination Clock Delay (DCD):    0.748ns = ( 7.415 - 6.667 ) 
    Source Clock Delay      (SCD):    0.787ns
    Clock Pessimism Removal (CPR):    0.000ns
  Clock Uncertainty:      0.035ns  ((TSJ^2 + TIJ^2)^1/2 + DJ) / 2 + PE
    Total System Jitter     (TSJ):    0.071ns
    Total Input Jitter      (TIJ):    0.000ns
    Discrete Jitter          (DJ):    0.000ns
    Phase Error              (PE):    0.000ns

    Location             Delay type                Incr(ns)  Path(ns)    Netlist Resource(s)
  -------------------------------------------------------------------    -------------------
                         (clock clk_i rise edge)      0.000     0.000 r  
                                                      0.000     0.000 r  clk_i (IN)
                         net (fo=2875, unset)         0.787     0.787    clk_i
                         FDCE                                         r  hmatch_best_dist_q_reg[0]/C
  -------------------------------------------------------------------    -------------------
                         FDCE (Prop_fdce_C_Q)         0.433     1.220 r  hmatch_best_dist_q_reg[0]/Q
                         net (fo=3, unplaced)         0.617     1.837    hmatch_best_dist_q[0]
                         LUT4 (Prop_lut4_I2_O)        0.252     2.089 r  hmatch_best_dist_q[10]_i_13/O
                         net (fo=1, unplaced)         0.000     2.089    hmatch_best_dist_q[10]_i_13_n_0
                         CARRY4 (Prop_carry4_DI[0]_CO[3])
                                                      0.477     2.566 r  hmatch_best_dist_q_reg[10]_i_5/CO[3]
                         net (fo=1, unplaced)         0.008     2.574    hmatch_best_dist_q_reg[10]_i_5_n_0
                         CARRY4 (Prop_carry4_CI_CO[1])
                                                      0.150     2.724 r  hmatch_best_dist_q_reg[10]_i_3/CO[1]
                         net (fo=1, unplaced)         0.240     2.964    hmatch_best_dist_q_reg[10]_i_3_n_2
                         LUT6 (Prop_lut6_I3_O)        0.277     3.241 r  hmatch_best_dist_q[10]_i_1/O
                         net (fo=19, unplaced)        0.425     3.666    hmatch_best_dist_q[10]_i_1_n_0
                         FDCE                                         r  hmatch_best_dist_q_reg[8]/CE
  -------------------------------------------------------------------    -------------------

                         (clock clk_i rise edge)      6.667     6.667 r  
                                                      0.000     6.667 r  clk_i (IN)
                         net (fo=2875, unset)         0.748     7.415    clk_i
                         FDCE                                         r  hmatch_best_dist_q_reg[8]/C
                         clock pessimism              0.000     7.415    
                         clock uncertainty           -0.035     7.379    
                         FDCE (Setup_fdce_C_CE)      -0.136     7.243    hmatch_best_dist_q_reg[8]
  -------------------------------------------------------------------
                         required time                          7.243    
                         arrival time                          -3.666    
  -------------------------------------------------------------------
                         slack                                  3.577    

Slack (MET) :             3.577ns  (required time - arrival time)
  Source:                 hmatch_best_dist_q_reg[0]/C
                            (rising edge-triggered cell FDCE clocked by clk_i  {rise@0.000ns fall@3.333ns period=6.667ns})
  Destination:            hmatch_best_dist_q_reg[9]/CE
                            (rising edge-triggered cell FDCE clocked by clk_i  {rise@0.000ns fall@3.333ns period=6.667ns})
  Path Group:             clk_i
  Path Type:              Setup (Max at Slow Process Corner)
  Requirement:            6.667ns  (clk_i rise@6.667ns - clk_i rise@0.000ns)
  Data Path Delay:        2.879ns  (logic 1.589ns (55.193%)  route 1.290ns (44.807%))
  Logic Levels:           4  (CARRY4=2 LUT4=1 LUT6=1)
  Clock Path Skew:        -0.039ns (DCD - SCD + CPR)
    Destination Clock Delay (DCD):    0.748ns = ( 7.415 - 6.667 ) 
    Source Clock Delay      (SCD):    0.787ns
    Clock Pessimism Removal (CPR):    0.000ns
  Clock Uncertainty:      0.035ns  ((TSJ^2 + TIJ^2)^1/2 + DJ) / 2 + PE
    Total System Jitter     (TSJ):    0.071ns
    Total Input Jitter      (TIJ):    0.000ns
    Discrete Jitter          (DJ):    0.000ns
    Phase Error              (PE):    0.000ns

    Location             Delay type                Incr(ns)  Path(ns)    Netlist Resource(s)
  -------------------------------------------------------------------    -------------------
                         (clock clk_i rise edge)      0.000     0.000 r  
                                                      0.000     0.000 r  clk_i (IN)
                         net (fo=2875, unset)         0.787     0.787    clk_i
                         FDCE                                         r  hmatch_best_dist_q_reg[0]/C
  -------------------------------------------------------------------    -------------------
                         FDCE (Prop_fdce_C_Q)         0.433     1.220 r  hmatch_best_dist_q_reg[0]/Q
                         net (fo=3, unplaced)         0.617     1.837    hmatch_best_dist_q[0]
                         LUT4 (Prop_lut4_I2_O)        0.252     2.089 r  hmatch_best_dist_q[10]_i_13/O
                         net (fo=1, unplaced)         0.000     2.089    hmatch_best_dist_q[10]_i_13_n_0
                         CARRY4 (Prop_carry4_DI[0]_CO[3])
                                                      0.477     2.566 r  hmatch_best_dist_q_reg[10]_i_5/CO[3]
                         net (fo=1, unplaced)         0.008     2.574    hmatch_best_dist_q_reg[10]_i_5_n_0
                         CARRY4 (Prop_carry4_CI_CO[1])
                                                      0.150     2.724 r  hmatch_best_dist_q_reg[10]_i_3/CO[1]
                         net (fo=1, unplaced)         0.240     2.964    hmatch_best_dist_q_reg[10]_i_3_n_2
                         LUT6 (Prop_lut6_I3_O)        0.277     3.241 r  hmatch_best_dist_q[10]_i_1/O
                         net (fo=19, unplaced)        0.425     3.666    hmatch_best_dist_q[10]_i_1_n_0
                         FDCE                                         r  hmatch_best_dist_q_reg[9]/CE
  -------------------------------------------------------------------    -------------------

                         (clock clk_i rise edge)      6.667     6.667 r  
                                                      0.000     6.667 r  clk_i (IN)
                         net (fo=2875, unset)         0.748     7.415    clk_i
                         FDCE                                         r  hmatch_best_dist_q_reg[9]/C
                         clock pessimism              0.000     7.415    
                         clock uncertainty           -0.035     7.379    
                         FDCE (Setup_fdce_C_CE)      -0.136     7.243    hmatch_best_dist_q_reg[9]
  -------------------------------------------------------------------
                         required time                          7.243    
                         arrival time                          -3.666    
  -------------------------------------------------------------------
                         slack                                  3.577    

Slack (MET) :             3.577ns  (required time - arrival time)
  Source:                 hmatch_best_dist_q_reg[0]/C
                            (rising edge-triggered cell FDCE clocked by clk_i  {rise@0.000ns fall@3.333ns period=6.667ns})
  Destination:            hmatch_best_idx_q_reg[0]/CE
                            (rising edge-triggered cell FDCE clocked by clk_i  {rise@0.000ns fall@3.333ns period=6.667ns})
  Path Group:             clk_i
  Path Type:              Setup (Max at Slow Process Corner)
  Requirement:            6.667ns  (clk_i rise@6.667ns - clk_i rise@0.000ns)
  Data Path Delay:        2.879ns  (logic 1.589ns (55.193%)  route 1.290ns (44.807%))
  Logic Levels:           4  (CARRY4=2 LUT4=1 LUT6=1)
  Clock Path Skew:        -0.039ns (DCD - SCD + CPR)
    Destination Clock Delay (DCD):    0.748ns = ( 7.415 - 6.667 ) 
    Source Clock Delay      (SCD):    0.787ns
    Clock Pessimism Removal (CPR):    0.000ns
  Clock Uncertainty:      0.035ns  ((TSJ^2 + TIJ^2)^1/2 + DJ) / 2 + PE
    Total System Jitter     (TSJ):    0.071ns
    Total Input Jitter      (TIJ):    0.000ns
    Discrete Jitter          (DJ):    0.000ns
    Phase Error              (PE):    0.000ns

    Location             Delay type                Incr(ns)  Path(ns)    Netlist Resource(s)
  -------------------------------------------------------------------    -------------------
                         (clock clk_i rise edge)      0.000     0.000 r  
                                                      0.000     0.000 r  clk_i (IN)
                         net (fo=2875, unset)         0.787     0.787    clk_i
                         FDCE                                         r  hmatch_best_dist_q_reg[0]/C
  -------------------------------------------------------------------    -------------------
                         FDCE (Prop_fdce_C_Q)         0.433     1.220 r  hmatch_best_dist_q_reg[0]/Q
                         net (fo=3, unplaced)         0.617     1.837    hmatch_best_dist_q[0]
                         LUT4 (Prop_lut4_I2_O)        0.252     2.089 r  hmatch_best_dist_q[10]_i_13/O
                         net (fo=1, unplaced)         0.000     2.089    hmatch_best_dist_q[10]_i_13_n_0
                         CARRY4 (Prop_carry4_DI[0]_CO[3])
                                                      0.477     2.566 r  hmatch_best_dist_q_reg[10]_i_5/CO[3]
                         net (fo=1, unplaced)         0.008     2.574    hmatch_best_dist_q_reg[10]_i_5_n_0
                         CARRY4 (Prop_carry4_CI_CO[1])
                                                      0.150     2.724 r  hmatch_best_dist_q_reg[10]_i_3/CO[1]
                         net (fo=1, unplaced)         0.240     2.964    hmatch_best_dist_q_reg[10]_i_3_n_2
                         LUT6 (Prop_lut6_I3_O)        0.277     3.241 r  hmatch_best_dist_q[10]_i_1/O
                         net (fo=19, unplaced)        0.425     3.666    hmatch_best_dist_q[10]_i_1_n_0
                         FDCE                                         r  hmatch_best_idx_q_reg[0]/CE
  -------------------------------------------------------------------    -------------------

                         (clock clk_i rise edge)      6.667     6.667 r  
                                                      0.000     6.667 r  clk_i (IN)
                         net (fo=2875, unset)         0.748     7.415    clk_i
                         FDCE                                         r  hmatch_best_idx_q_reg[0]/C
                         clock pessimism              0.000     7.415    
                         clock uncertainty           -0.035     7.379    
                         FDCE (Setup_fdce_C_CE)      -0.136     7.243    hmatch_best_idx_q_reg[0]
  -------------------------------------------------------------------
                         required time                          7.243    
                         arrival time                          -3.666    
  -------------------------------------------------------------------
                         slack                                  3.577    

Slack (MET) :             3.577ns  (required time - arrival time)
  Source:                 hmatch_best_dist_q_reg[0]/C
                            (rising edge-triggered cell FDCE clocked by clk_i  {rise@0.000ns fall@3.333ns period=6.667ns})
  Destination:            hmatch_best_idx_q_reg[1]/CE
                            (rising edge-triggered cell FDCE clocked by clk_i  {rise@0.000ns fall@3.333ns period=6.667ns})
  Path Group:             clk_i
  Path Type:              Setup (Max at Slow Process Corner)
  Requirement:            6.667ns  (clk_i rise@6.667ns - clk_i rise@0.000ns)
  Data Path Delay:        2.879ns  (logic 1.589ns (55.193%)  route 1.290ns (44.807%))
  Logic Levels:           4  (CARRY4=2 LUT4=1 LUT6=1)
  Clock Path Skew:        -0.039ns (DCD - SCD + CPR)
    Destination Clock Delay (DCD):    0.748ns = ( 7.415 - 6.667 ) 
    Source Clock Delay      (SCD):    0.787ns
    Clock Pessimism Removal (CPR):    0.000ns
  Clock Uncertainty:      0.035ns  ((TSJ^2 + TIJ^2)^1/2 + DJ) / 2 + PE
    Total System Jitter     (TSJ):    0.071ns
    Total Input Jitter      (TIJ):    0.000ns
    Discrete Jitter          (DJ):    0.000ns
    Phase Error              (PE):    0.000ns

    Location             Delay type                Incr(ns)  Path(ns)    Netlist Resource(s)
  -------------------------------------------------------------------    -------------------
                         (clock clk_i rise edge)      0.000     0.000 r  
                                                      0.000     0.000 r  clk_i (IN)
                         net (fo=2875, unset)         0.787     0.787    clk_i
                         FDCE                                         r  hmatch_best_dist_q_reg[0]/C
  -------------------------------------------------------------------    -------------------
                         FDCE (Prop_fdce_C_Q)         0.433     1.220 r  hmatch_best_dist_q_reg[0]/Q
                         net (fo=3, unplaced)         0.617     1.837    hmatch_best_dist_q[0]
                         LUT4 (Prop_lut4_I2_O)        0.252     2.089 r  hmatch_best_dist_q[10]_i_13/O
                         net (fo=1, unplaced)         0.000     2.089    hmatch_best_dist_q[10]_i_13_n_0
                         CARRY4 (Prop_carry4_DI[0]_CO[3])
                                                      0.477     2.566 r  hmatch_best_dist_q_reg[10]_i_5/CO[3]
                         net (fo=1, unplaced)         0.008     2.574    hmatch_best_dist_q_reg[10]_i_5_n_0
                         CARRY4 (Prop_carry4_CI_CO[1])
                                                      0.150     2.724 r  hmatch_best_dist_q_reg[10]_i_3/CO[1]
                         net (fo=1, unplaced)         0.240     2.964    hmatch_best_dist_q_reg[10]_i_3_n_2
                         LUT6 (Prop_lut6_I3_O)        0.277     3.241 r  hmatch_best_dist_q[10]_i_1/O
                         net (fo=19, unplaced)        0.425     3.666    hmatch_best_dist_q[10]_i_1_n_0
                         FDCE                                         r  hmatch_best_idx_q_reg[1]/CE
  -------------------------------------------------------------------    -------------------

                         (clock clk_i rise edge)      6.667     6.667 r  
                                                      0.000     6.667 r  clk_i (IN)
                         net (fo=2875, unset)         0.748     7.415    clk_i
                         FDCE                                         r  hmatch_best_idx_q_reg[1]/C
                         clock pessimism              0.000     7.415    
                         clock uncertainty           -0.035     7.379    
                         FDCE (Setup_fdce_C_CE)      -0.136     7.243    hmatch_best_idx_q_reg[1]
  -------------------------------------------------------------------
                         required time                          7.243    
                         arrival time                          -3.666    
  -------------------------------------------------------------------
                         slack                                  3.577    

Slack (MET) :             3.577ns  (required time - arrival time)
  Source:                 hmatch_best_dist_q_reg[0]/C
                            (rising edge-triggered cell FDCE clocked by clk_i  {rise@0.000ns fall@3.333ns period=6.667ns})
  Destination:            hmatch_best_idx_q_reg[2]/CE
                            (rising edge-triggered cell FDCE clocked by clk_i  {rise@0.000ns fall@3.333ns period=6.667ns})
  Path Group:             clk_i
  Path Type:              Setup (Max at Slow Process Corner)
  Requirement:            6.667ns  (clk_i rise@6.667ns - clk_i rise@0.000ns)
  Data Path Delay:        2.879ns  (logic 1.589ns (55.193%)  route 1.290ns (44.807%))
  Logic Levels:           4  (CARRY4=2 LUT4=1 LUT6=1)
  Clock Path Skew:        -0.039ns (DCD - SCD + CPR)
    Destination Clock Delay (DCD):    0.748ns = ( 7.415 - 6.667 ) 
    Source Clock Delay      (SCD):    0.787ns
    Clock Pessimism Removal (CPR):    0.000ns
  Clock Uncertainty:      0.035ns  ((TSJ^2 + TIJ^2)^1/2 + DJ) / 2 + PE
    Total System Jitter     (TSJ):    0.071ns
    Total Input Jitter      (TIJ):    0.000ns
    Discrete Jitter          (DJ):    0.000ns
    Phase Error              (PE):    0.000ns

    Location             Delay type                Incr(ns)  Path(ns)    Netlist Resource(s)
  -------------------------------------------------------------------    -------------------
                         (clock clk_i rise edge)      0.000     0.000 r  
                                                      0.000     0.000 r  clk_i (IN)
                         net (fo=2875, unset)         0.787     0.787    clk_i
                         FDCE                                         r  hmatch_best_dist_q_reg[0]/C
  -------------------------------------------------------------------    -------------------
                         FDCE (Prop_fdce_C_Q)         0.433     1.220 r  hmatch_best_dist_q_reg[0]/Q
                         net (fo=3, unplaced)         0.617     1.837    hmatch_best_dist_q[0]
                         LUT4 (Prop_lut4_I2_O)        0.252     2.089 r  hmatch_best_dist_q[10]_i_13/O
                         net (fo=1, unplaced)         0.000     2.089    hmatch_best_dist_q[10]_i_13_n_0
                         CARRY4 (Prop_carry4_DI[0]_CO[3])
                                                      0.477     2.566 r  hmatch_best_dist_q_reg[10]_i_5/CO[3]
                         net (fo=1, unplaced)         0.008     2.574    hmatch_best_dist_q_reg[10]_i_5_n_0
                         CARRY4 (Prop_carry4_CI_CO[1])
                                                      0.150     2.724 r  hmatch_best_dist_q_reg[10]_i_3/CO[1]
                         net (fo=1, unplaced)         0.240     2.964    hmatch_best_dist_q_reg[10]_i_3_n_2
                         LUT6 (Prop_lut6_I3_O)        0.277     3.241 r  hmatch_best_dist_q[10]_i_1/O
                         net (fo=19, unplaced)        0.425     3.666    hmatch_best_dist_q[10]_i_1_n_0
                         FDCE                                         r  hmatch_best_idx_q_reg[2]/CE
  -------------------------------------------------------------------    -------------------

                         (clock clk_i rise edge)      6.667     6.667 r  
                                                      0.000     6.667 r  clk_i (IN)
                         net (fo=2875, unset)         0.748     7.415    clk_i
                         FDCE                                         r  hmatch_best_idx_q_reg[2]/C
                         clock pessimism              0.000     7.415    
                         clock uncertainty           -0.035     7.379    
                         FDCE (Setup_fdce_C_CE)      -0.136     7.243    hmatch_best_idx_q_reg[2]
  -------------------------------------------------------------------
                         required time                          7.243    
                         arrival time                          -3.666    
  -------------------------------------------------------------------
                         slack                                  3.577    

Slack (MET) :             3.577ns  (required time - arrival time)
  Source:                 hmatch_best_dist_q_reg[0]/C
                            (rising edge-triggered cell FDCE clocked by clk_i  {rise@0.000ns fall@3.333ns period=6.667ns})
  Destination:            hmatch_best_idx_q_reg[3]/CE
                            (rising edge-triggered cell FDCE clocked by clk_i  {rise@0.000ns fall@3.333ns period=6.667ns})
  Path Group:             clk_i
  Path Type:              Setup (Max at Slow Process Corner)
  Requirement:            6.667ns  (clk_i rise@6.667ns - clk_i rise@0.000ns)
  Data Path Delay:        2.879ns  (logic 1.589ns (55.193%)  route 1.290ns (44.807%))
  Logic Levels:           4  (CARRY4=2 LUT4=1 LUT6=1)
  Clock Path Skew:        -0.039ns (DCD - SCD + CPR)
    Destination Clock Delay (DCD):    0.748ns = ( 7.415 - 6.667 ) 
    Source Clock Delay      (SCD):    0.787ns
    Clock Pessimism Removal (CPR):    0.000ns
  Clock Uncertainty:      0.035ns  ((TSJ^2 + TIJ^2)^1/2 + DJ) / 2 + PE
    Total System Jitter     (TSJ):    0.071ns
    Total Input Jitter      (TIJ):    0.000ns
    Discrete Jitter          (DJ):    0.000ns
    Phase Error              (PE):    0.000ns

    Location             Delay type                Incr(ns)  Path(ns)    Netlist Resource(s)
  -------------------------------------------------------------------    -------------------
                         (clock clk_i rise edge)      0.000     0.000 r  
                                                      0.000     0.000 r  clk_i (IN)
                         net (fo=2875, unset)         0.787     0.787    clk_i
                         FDCE                                         r  hmatch_best_dist_q_reg[0]/C
  -------------------------------------------------------------------    -------------------
                         FDCE (Prop_fdce_C_Q)         0.433     1.220 r  hmatch_best_dist_q_reg[0]/Q
                         net (fo=3, unplaced)         0.617     1.837    hmatch_best_dist_q[0]
                         LUT4 (Prop_lut4_I2_O)        0.252     2.089 r  hmatch_best_dist_q[10]_i_13/O
                         net (fo=1, unplaced)         0.000     2.089    hmatch_best_dist_q[10]_i_13_n_0
                         CARRY4 (Prop_carry4_DI[0]_CO[3])
                                                      0.477     2.566 r  hmatch_best_dist_q_reg[10]_i_5/CO[3]
                         net (fo=1, unplaced)         0.008     2.574    hmatch_best_dist_q_reg[10]_i_5_n_0
                         CARRY4 (Prop_carry4_CI_CO[1])
                                                      0.150     2.724 r  hmatch_best_dist_q_reg[10]_i_3/CO[1]
                         net (fo=1, unplaced)         0.240     2.964    hmatch_best_dist_q_reg[10]_i_3_n_2
                         LUT6 (Prop_lut6_I3_O)        0.277     3.241 r  hmatch_best_dist_q[10]_i_1/O
                         net (fo=19, unplaced)        0.425     3.666    hmatch_best_dist_q[10]_i_1_n_0
                         FDCE                                         r  hmatch_best_idx_q_reg[3]/CE
  -------------------------------------------------------------------    -------------------

                         (clock clk_i rise edge)      6.667     6.667 r  
                                                      0.000     6.667 r  clk_i (IN)
                         net (fo=2875, unset)         0.748     7.415    clk_i
                         FDCE                                         r  hmatch_best_idx_q_reg[3]/C
                         clock pessimism              0.000     7.415    
                         clock uncertainty           -0.035     7.379    
                         FDCE (Setup_fdce_C_CE)      -0.136     7.243    hmatch_best_idx_q_reg[3]
  -------------------------------------------------------------------
                         required time                          7.243    
                         arrival time                          -3.666    
  -------------------------------------------------------------------
                         slack                                  3.577    

Slack (MET) :             3.577ns  (required time - arrival time)
  Source:                 hmatch_best_dist_q_reg[0]/C
                            (rising edge-triggered cell FDCE clocked by clk_i  {rise@0.000ns fall@3.333ns period=6.667ns})
  Destination:            hmatch_best_idx_q_reg[4]/CE
                            (rising edge-triggered cell FDCE clocked by clk_i  {rise@0.000ns fall@3.333ns period=6.667ns})
  Path Group:             clk_i
  Path Type:              Setup (Max at Slow Process Corner)
  Requirement:            6.667ns  (clk_i rise@6.667ns - clk_i rise@0.000ns)
  Data Path Delay:        2.879ns  (logic 1.589ns (55.193%)  route 1.290ns (44.807%))
  Logic Levels:           4  (CARRY4=2 LUT4=1 LUT6=1)
  Clock Path Skew:        -0.039ns (DCD - SCD + CPR)
    Destination Clock Delay (DCD):    0.748ns = ( 7.415 - 6.667 ) 
    Source Clock Delay      (SCD):    0.787ns
    Clock Pessimism Removal (CPR):    0.000ns
  Clock Uncertainty:      0.035ns  ((TSJ^2 + TIJ^2)^1/2 + DJ) / 2 + PE
    Total System Jitter     (TSJ):    0.071ns
    Total Input Jitter      (TIJ):    0.000ns
    Discrete Jitter          (DJ):    0.000ns
    Phase Error              (PE):    0.000ns

    Location             Delay type                Incr(ns)  Path(ns)    Netlist Resource(s)
  -------------------------------------------------------------------    -------------------
                         (clock clk_i rise edge)      0.000     0.000 r  
                                                      0.000     0.000 r  clk_i (IN)
                         net (fo=2875, unset)         0.787     0.787    clk_i
                         FDCE                                         r  hmatch_best_dist_q_reg[0]/C
  -------------------------------------------------------------------    -------------------
                         FDCE (Prop_fdce_C_Q)         0.433     1.220 r  hmatch_best_dist_q_reg[0]/Q
                         net (fo=3, unplaced)         0.617     1.837    hmatch_best_dist_q[0]
                         LUT4 (Prop_lut4_I2_O)        0.252     2.089 r  hmatch_best_dist_q[10]_i_13/O
                         net (fo=1, unplaced)         0.000     2.089    hmatch_best_dist_q[10]_i_13_n_0
                         CARRY4 (Prop_carry4_DI[0]_CO[3])
                                                      0.477     2.566 r  hmatch_best_dist_q_reg[10]_i_5/CO[3]
                         net (fo=1, unplaced)         0.008     2.574    hmatch_best_dist_q_reg[10]_i_5_n_0
                         CARRY4 (Prop_carry4_CI_CO[1])
                                                      0.150     2.724 r  hmatch_best_dist_q_reg[10]_i_3/CO[1]
                         net (fo=1, unplaced)         0.240     2.964    hmatch_best_dist_q_reg[10]_i_3_n_2
                         LUT6 (Prop_lut6_I3_O)        0.277     3.241 r  hmatch_best_dist_q[10]_i_1/O
                         net (fo=19, unplaced)        0.425     3.666    hmatch_best_dist_q[10]_i_1_n_0
                         FDCE                                         r  hmatch_best_idx_q_reg[4]/CE
  -------------------------------------------------------------------    -------------------

                         (clock clk_i rise edge)      6.667     6.667 r  
                                                      0.000     6.667 r  clk_i (IN)
                         net (fo=2875, unset)         0.748     7.415    clk_i
                         FDCE                                         r  hmatch_best_idx_q_reg[4]/C
                         clock pessimism              0.000     7.415    
                         clock uncertainty           -0.035     7.379    
                         FDCE (Setup_fdce_C_CE)      -0.136     7.243    hmatch_best_idx_q_reg[4]
  -------------------------------------------------------------------
                         required time                          7.243    
                         arrival time                          -3.666    
  -------------------------------------------------------------------
                         slack                                  3.577    

Slack (MET) :             3.577ns  (required time - arrival time)
  Source:                 hmatch_best_dist_q_reg[0]/C
                            (rising edge-triggered cell FDCE clocked by clk_i  {rise@0.000ns fall@3.333ns period=6.667ns})
  Destination:            hmatch_best_idx_q_reg[5]/CE
                            (rising edge-triggered cell FDCE clocked by clk_i  {rise@0.000ns fall@3.333ns period=6.667ns})
  Path Group:             clk_i
  Path Type:              Setup (Max at Slow Process Corner)
  Requirement:            6.667ns  (clk_i rise@6.667ns - clk_i rise@0.000ns)
  Data Path Delay:        2.879ns  (logic 1.589ns (55.193%)  route 1.290ns (44.807%))
  Logic Levels:           4  (CARRY4=2 LUT4=1 LUT6=1)
  Clock Path Skew:        -0.039ns (DCD - SCD + CPR)
    Destination Clock Delay (DCD):    0.748ns = ( 7.415 - 6.667 ) 
    Source Clock Delay      (SCD):    0.787ns
    Clock Pessimism Removal (CPR):    0.000ns
  Clock Uncertainty:      0.035ns  ((TSJ^2 + TIJ^2)^1/2 + DJ) / 2 + PE
    Total System Jitter     (TSJ):    0.071ns
    Total Input Jitter      (TIJ):    0.000ns
    Discrete Jitter          (DJ):    0.000ns
    Phase Error              (PE):    0.000ns

    Location             Delay type                Incr(ns)  Path(ns)    Netlist Resource(s)
  -------------------------------------------------------------------    -------------------
                         (clock clk_i rise edge)      0.000     0.000 r  
                                                      0.000     0.000 r  clk_i (IN)
                         net (fo=2875, unset)         0.787     0.787    clk_i
                         FDCE                                         r  hmatch_best_dist_q_reg[0]/C
  -------------------------------------------------------------------    -------------------
                         FDCE (Prop_fdce_C_Q)         0.433     1.220 r  hmatch_best_dist_q_reg[0]/Q
                         net (fo=3, unplaced)         0.617     1.837    hmatch_best_dist_q[0]
                         LUT4 (Prop_lut4_I2_O)        0.252     2.089 r  hmatch_best_dist_q[10]_i_13/O
                         net (fo=1, unplaced)         0.000     2.089    hmatch_best_dist_q[10]_i_13_n_0
                         CARRY4 (Prop_carry4_DI[0]_CO[3])
                                                      0.477     2.566 r  hmatch_best_dist_q_reg[10]_i_5/CO[3]
                         net (fo=1, unplaced)         0.008     2.574    hmatch_best_dist_q_reg[10]_i_5_n_0
                         CARRY4 (Prop_carry4_CI_CO[1])
                                                      0.150     2.724 r  hmatch_best_dist_q_reg[10]_i_3/CO[1]
                         net (fo=1, unplaced)         0.240     2.964    hmatch_best_dist_q_reg[10]_i_3_n_2
                         LUT6 (Prop_lut6_I3_O)        0.277     3.241 r  hmatch_best_dist_q[10]_i_1/O
                         net (fo=19, unplaced)        0.425     3.666    hmatch_best_dist_q[10]_i_1_n_0
                         FDCE                                         r  hmatch_best_idx_q_reg[5]/CE
  -------------------------------------------------------------------    -------------------

                         (clock clk_i rise edge)      6.667     6.667 r  
                                                      0.000     6.667 r  clk_i (IN)
                         net (fo=2875, unset)         0.748     7.415    clk_i
                         FDCE                                         r  hmatch_best_idx_q_reg[5]/C
                         clock pessimism              0.000     7.415    
                         clock uncertainty           -0.035     7.379    
                         FDCE (Setup_fdce_C_CE)      -0.136     7.243    hmatch_best_idx_q_reg[5]
  -------------------------------------------------------------------
                         required time                          7.243    
                         arrival time                          -3.666    
  -------------------------------------------------------------------
                         slack                                  3.577    

Slack (MET) :             3.577ns  (required time - arrival time)
  Source:                 hmatch_best_dist_q_reg[0]/C
                            (rising edge-triggered cell FDCE clocked by clk_i  {rise@0.000ns fall@3.333ns period=6.667ns})
  Destination:            hmatch_best_idx_q_reg[6]/CE
                            (rising edge-triggered cell FDCE clocked by clk_i  {rise@0.000ns fall@3.333ns period=6.667ns})
  Path Group:             clk_i
  Path Type:              Setup (Max at Slow Process Corner)
  Requirement:            6.667ns  (clk_i rise@6.667ns - clk_i rise@0.000ns)
  Data Path Delay:        2.879ns  (logic 1.589ns (55.193%)  route 1.290ns (44.807%))
  Logic Levels:           4  (CARRY4=2 LUT4=1 LUT6=1)
  Clock Path Skew:        -0.039ns (DCD - SCD + CPR)
    Destination Clock Delay (DCD):    0.748ns = ( 7.415 - 6.667 ) 
    Source Clock Delay      (SCD):    0.787ns
    Clock Pessimism Removal (CPR):    0.000ns
  Clock Uncertainty:      0.035ns  ((TSJ^2 + TIJ^2)^1/2 + DJ) / 2 + PE
    Total System Jitter     (TSJ):    0.071ns
    Total Input Jitter      (TIJ):    0.000ns
    Discrete Jitter          (DJ):    0.000ns
    Phase Error              (PE):    0.000ns

    Location             Delay type                Incr(ns)  Path(ns)    Netlist Resource(s)
  -------------------------------------------------------------------    -------------------
                         (clock clk_i rise edge)      0.000     0.000 r  
                                                      0.000     0.000 r  clk_i (IN)
                         net (fo=2875, unset)         0.787     0.787    clk_i
                         FDCE                                         r  hmatch_best_dist_q_reg[0]/C
  -------------------------------------------------------------------    -------------------
                         FDCE (Prop_fdce_C_Q)         0.433     1.220 r  hmatch_best_dist_q_reg[0]/Q
                         net (fo=3, unplaced)         0.617     1.837    hmatch_best_dist_q[0]
                         LUT4 (Prop_lut4_I2_O)        0.252     2.089 r  hmatch_best_dist_q[10]_i_13/O
                         net (fo=1, unplaced)         0.000     2.089    hmatch_best_dist_q[10]_i_13_n_0
                         CARRY4 (Prop_carry4_DI[0]_CO[3])
                                                      0.477     2.566 r  hmatch_best_dist_q_reg[10]_i_5/CO[3]
                         net (fo=1, unplaced)         0.008     2.574    hmatch_best_dist_q_reg[10]_i_5_n_0
                         CARRY4 (Prop_carry4_CI_CO[1])
                                                      0.150     2.724 r  hmatch_best_dist_q_reg[10]_i_3/CO[1]
                         net (fo=1, unplaced)         0.240     2.964    hmatch_best_dist_q_reg[10]_i_3_n_2
                         LUT6 (Prop_lut6_I3_O)        0.277     3.241 r  hmatch_best_dist_q[10]_i_1/O
                         net (fo=19, unplaced)        0.425     3.666    hmatch_best_dist_q[10]_i_1_n_0
                         FDCE                                         r  hmatch_best_idx_q_reg[6]/CE
  -------------------------------------------------------------------    -------------------

                         (clock clk_i rise edge)      6.667     6.667 r  
                                                      0.000     6.667 r  clk_i (IN)
                         net (fo=2875, unset)         0.748     7.415    clk_i
                         FDCE                                         r  hmatch_best_idx_q_reg[6]/C
                         clock pessimism              0.000     7.415    
                         clock uncertainty           -0.035     7.379    
                         FDCE (Setup_fdce_C_CE)      -0.136     7.243    hmatch_best_idx_q_reg[6]
  -------------------------------------------------------------------
                         required time                          7.243    
                         arrival time                          -3.666    
  -------------------------------------------------------------------
                         slack                                  3.577    

Slack (MET) :             3.577ns  (required time - arrival time)
  Source:                 hmatch_best_dist_q_reg[0]/C
                            (rising edge-triggered cell FDCE clocked by clk_i  {rise@0.000ns fall@3.333ns period=6.667ns})
  Destination:            hmatch_best_idx_q_reg[7]/CE
                            (rising edge-triggered cell FDCE clocked by clk_i  {rise@0.000ns fall@3.333ns period=6.667ns})
  Path Group:             clk_i
  Path Type:              Setup (Max at Slow Process Corner)
  Requirement:            6.667ns  (clk_i rise@6.667ns - clk_i rise@0.000ns)
  Data Path Delay:        2.879ns  (logic 1.589ns (55.193%)  route 1.290ns (44.807%))
  Logic Levels:           4  (CARRY4=2 LUT4=1 LUT6=1)
  Clock Path Skew:        -0.039ns (DCD - SCD + CPR)
    Destination Clock Delay (DCD):    0.748ns = ( 7.415 - 6.667 ) 
    Source Clock Delay      (SCD):    0.787ns
    Clock Pessimism Removal (CPR):    0.000ns
  Clock Uncertainty:      0.035ns  ((TSJ^2 + TIJ^2)^1/2 + DJ) / 2 + PE
    Total System Jitter     (TSJ):    0.071ns
    Total Input Jitter      (TIJ):    0.000ns
    Discrete Jitter          (DJ):    0.000ns
    Phase Error              (PE):    0.000ns

    Location             Delay type                Incr(ns)  Path(ns)    Netlist Resource(s)
  -------------------------------------------------------------------    -------------------
                         (clock clk_i rise edge)      0.000     0.000 r  
                                                      0.000     0.000 r  clk_i (IN)
                         net (fo=2875, unset)         0.787     0.787    clk_i
                         FDCE                                         r  hmatch_best_dist_q_reg[0]/C
  -------------------------------------------------------------------    -------------------
                         FDCE (Prop_fdce_C_Q)         0.433     1.220 r  hmatch_best_dist_q_reg[0]/Q
                         net (fo=3, unplaced)         0.617     1.837    hmatch_best_dist_q[0]
                         LUT4 (Prop_lut4_I2_O)        0.252     2.089 r  hmatch_best_dist_q[10]_i_13/O
                         net (fo=1, unplaced)         0.000     2.089    hmatch_best_dist_q[10]_i_13_n_0
                         CARRY4 (Prop_carry4_DI[0]_CO[3])
                                                      0.477     2.566 r  hmatch_best_dist_q_reg[10]_i_5/CO[3]
                         net (fo=1, unplaced)         0.008     2.574    hmatch_best_dist_q_reg[10]_i_5_n_0
                         CARRY4 (Prop_carry4_CI_CO[1])
                                                      0.150     2.724 r  hmatch_best_dist_q_reg[10]_i_3/CO[1]
                         net (fo=1, unplaced)         0.240     2.964    hmatch_best_dist_q_reg[10]_i_3_n_2
                         LUT6 (Prop_lut6_I3_O)        0.277     3.241 r  hmatch_best_dist_q[10]_i_1/O
                         net (fo=19, unplaced)        0.425     3.666    hmatch_best_dist_q[10]_i_1_n_0
                         FDCE                                         r  hmatch_best_idx_q_reg[7]/CE
  -------------------------------------------------------------------    -------------------

                         (clock clk_i rise edge)      6.667     6.667 r  
                                                      0.000     6.667 r  clk_i (IN)
                         net (fo=2875, unset)         0.748     7.415    clk_i
                         FDCE                                         r  hmatch_best_idx_q_reg[7]/C
                         clock pessimism              0.000     7.415    
                         clock uncertainty           -0.035     7.379    
                         FDCE (Setup_fdce_C_CE)      -0.136     7.243    hmatch_best_idx_q_reg[7]
  -------------------------------------------------------------------
                         required time                          7.243    
                         arrival time                          -3.666    
  -------------------------------------------------------------------
                         slack                                  3.577    

Slack (MET) :             3.583ns  (required time - arrival time)
  Source:                 op_q_reg[2]/C
                            (rising edge-triggered cell FDCE clocked by clk_i  {rise@0.000ns fall@3.333ns period=6.667ns})
  Destination:            res_q_reg[0]/CE
                            (rising edge-triggered cell FDCE clocked by clk_i  {rise@0.000ns fall@3.333ns period=6.667ns})
  Path Group:             clk_i
  Path Type:              Setup (Max at Slow Process Corner)
  Requirement:            6.667ns  (clk_i rise@6.667ns - clk_i rise@0.000ns)
  Data Path Delay:        2.873ns  (logic 0.875ns (30.456%)  route 1.998ns (69.544%))
  Logic Levels:           3  (LUT5=1 LUT6=2)
  Clock Path Skew:        -0.039ns (DCD - SCD + CPR)
    Destination Clock Delay (DCD):    0.748ns = ( 7.415 - 6.667 ) 
    Source Clock Delay      (SCD):    0.787ns
    Clock Pessimism Removal (CPR):    0.000ns
  Clock Uncertainty:      0.035ns  ((TSJ^2 + TIJ^2)^1/2 + DJ) / 2 + PE
    Total System Jitter     (TSJ):    0.071ns
    Total Input Jitter      (TIJ):    0.000ns
    Discrete Jitter          (DJ):    0.000ns
    Phase Error              (PE):    0.000ns

    Location             Delay type                Incr(ns)  Path(ns)    Netlist Resource(s)
  -------------------------------------------------------------------    -------------------
                         (clock clk_i rise edge)      0.000     0.000 r  
                                                      0.000     0.000 r  clk_i (IN)
                         net (fo=2875, unset)         0.787     0.787    clk_i
                         FDCE                                         r  op_q_reg[2]/C
  -------------------------------------------------------------------    -------------------
                         FDCE (Prop_fdce_C_Q)         0.433     1.220 r  op_q_reg[2]/Q
                         net (fo=44, unplaced)        0.858     2.078    op_q[2]
                         LUT6 (Prop_lut6_I1_O)        0.232     2.310 f  FSM_onehot_st_q[10]_i_5/O
                         net (fo=1, unplaced)         0.328     2.638    FSM_onehot_st_q[10]_i_5_n_0
                         LUT6 (Prop_lut6_I5_O)        0.105     2.743 r  FSM_onehot_st_q[10]_i_2/O
                         net (fo=2, unplaced)         0.358     3.101    FSM_onehot_st_q[10]_i_2_n_0
                         LUT5 (Prop_lut5_I1_O)        0.105     3.206 r  res_q[63]_i_1/O
                         net (fo=64, unplaced)        0.454     3.660    res_q[63]_i_1_n_0
                         FDCE                                         r  res_q_reg[0]/CE
  -------------------------------------------------------------------    -------------------

                         (clock clk_i rise edge)      6.667     6.667 r  
                                                      0.000     6.667 r  clk_i (IN)
                         net (fo=2875, unset)         0.748     7.415    clk_i
                         FDCE                                         r  res_q_reg[0]/C
                         clock pessimism              0.000     7.415    
                         clock uncertainty           -0.035     7.379    
                         FDCE (Setup_fdce_C_CE)      -0.136     7.243    res_q_reg[0]
  -------------------------------------------------------------------
                         required time                          7.243    
                         arrival time                          -3.660    
  -------------------------------------------------------------------
                         slack                                  3.583    

Slack (MET) :             3.583ns  (required time - arrival time)
  Source:                 op_q_reg[2]/C
                            (rising edge-triggered cell FDCE clocked by clk_i  {rise@0.000ns fall@3.333ns period=6.667ns})
  Destination:            res_q_reg[10]/CE
                            (rising edge-triggered cell FDCE clocked by clk_i  {rise@0.000ns fall@3.333ns period=6.667ns})
  Path Group:             clk_i
  Path Type:              Setup (Max at Slow Process Corner)
  Requirement:            6.667ns  (clk_i rise@6.667ns - clk_i rise@0.000ns)
  Data Path Delay:        2.873ns  (logic 0.875ns (30.456%)  route 1.998ns (69.544%))
  Logic Levels:           3  (LUT5=1 LUT6=2)
  Clock Path Skew:        -0.039ns (DCD - SCD + CPR)
    Destination Clock Delay (DCD):    0.748ns = ( 7.415 - 6.667 ) 
    Source Clock Delay      (SCD):    0.787ns
    Clock Pessimism Removal (CPR):    0.000ns
  Clock Uncertainty:      0.035ns  ((TSJ^2 + TIJ^2)^1/2 + DJ) / 2 + PE
    Total System Jitter     (TSJ):    0.071ns
    Total Input Jitter      (TIJ):    0.000ns
    Discrete Jitter          (DJ):    0.000ns
    Phase Error              (PE):    0.000ns

    Location             Delay type                Incr(ns)  Path(ns)    Netlist Resource(s)
  -------------------------------------------------------------------    -------------------
                         (clock clk_i rise edge)      0.000     0.000 r  
                                                      0.000     0.000 r  clk_i (IN)
                         net (fo=2875, unset)         0.787     0.787    clk_i
                         FDCE                                         r  op_q_reg[2]/C
  -------------------------------------------------------------------    -------------------
                         FDCE (Prop_fdce_C_Q)         0.433     1.220 r  op_q_reg[2]/Q
                         net (fo=44, unplaced)        0.858     2.078    op_q[2]
                         LUT6 (Prop_lut6_I1_O)        0.232     2.310 f  FSM_onehot_st_q[10]_i_5/O
                         net (fo=1, unplaced)         0.328     2.638    FSM_onehot_st_q[10]_i_5_n_0
                         LUT6 (Prop_lut6_I5_O)        0.105     2.743 r  FSM_onehot_st_q[10]_i_2/O
                         net (fo=2, unplaced)         0.358     3.101    FSM_onehot_st_q[10]_i_2_n_0
                         LUT5 (Prop_lut5_I1_O)        0.105     3.206 r  res_q[63]_i_1/O
                         net (fo=64, unplaced)        0.454     3.660    res_q[63]_i_1_n_0
                         FDCE                                         r  res_q_reg[10]/CE
  -------------------------------------------------------------------    -------------------

                         (clock clk_i rise edge)      6.667     6.667 r  
                                                      0.000     6.667 r  clk_i (IN)
                         net (fo=2875, unset)         0.748     7.415    clk_i
                         FDCE                                         r  res_q_reg[10]/C
                         clock pessimism              0.000     7.415    
                         clock uncertainty           -0.035     7.379    
                         FDCE (Setup_fdce_C_CE)      -0.136     7.243    res_q_reg[10]
  -------------------------------------------------------------------
                         required time                          7.243    
                         arrival time                          -3.660    
  -------------------------------------------------------------------
                         slack                                  3.583    

Slack (MET) :             3.583ns  (required time - arrival time)
  Source:                 op_q_reg[2]/C
                            (rising edge-triggered cell FDCE clocked by clk_i  {rise@0.000ns fall@3.333ns period=6.667ns})
  Destination:            res_q_reg[11]/CE
                            (rising edge-triggered cell FDCE clocked by clk_i  {rise@0.000ns fall@3.333ns period=6.667ns})
  Path Group:             clk_i
  Path Type:              Setup (Max at Slow Process Corner)
  Requirement:            6.667ns  (clk_i rise@6.667ns - clk_i rise@0.000ns)
  Data Path Delay:        2.873ns  (logic 0.875ns (30.456%)  route 1.998ns (69.544%))
  Logic Levels:           3  (LUT5=1 LUT6=2)
  Clock Path Skew:        -0.039ns (DCD - SCD + CPR)
    Destination Clock Delay (DCD):    0.748ns = ( 7.415 - 6.667 ) 
    Source Clock Delay      (SCD):    0.787ns
    Clock Pessimism Removal (CPR):    0.000ns
  Clock Uncertainty:      0.035ns  ((TSJ^2 + TIJ^2)^1/2 + DJ) / 2 + PE
    Total System Jitter     (TSJ):    0.071ns
    Total Input Jitter      (TIJ):    0.000ns
    Discrete Jitter          (DJ):    0.000ns
    Phase Error              (PE):    0.000ns

    Location             Delay type                Incr(ns)  Path(ns)    Netlist Resource(s)
  -------------------------------------------------------------------    -------------------
                         (clock clk_i rise edge)      0.000     0.000 r  
                                                      0.000     0.000 r  clk_i (IN)
                         net (fo=2875, unset)         0.787     0.787    clk_i
                         FDCE                                         r  op_q_reg[2]/C
  -------------------------------------------------------------------    -------------------
                         FDCE (Prop_fdce_C_Q)         0.433     1.220 r  op_q_reg[2]/Q
                         net (fo=44, unplaced)        0.858     2.078    op_q[2]
                         LUT6 (Prop_lut6_I1_O)        0.232     2.310 f  FSM_onehot_st_q[10]_i_5/O
                         net (fo=1, unplaced)         0.328     2.638    FSM_onehot_st_q[10]_i_5_n_0
                         LUT6 (Prop_lut6_I5_O)        0.105     2.743 r  FSM_onehot_st_q[10]_i_2/O
                         net (fo=2, unplaced)         0.358     3.101    FSM_onehot_st_q[10]_i_2_n_0
                         LUT5 (Prop_lut5_I1_O)        0.105     3.206 r  res_q[63]_i_1/O
                         net (fo=64, unplaced)        0.454     3.660    res_q[63]_i_1_n_0
                         FDCE                                         r  res_q_reg[11]/CE
  -------------------------------------------------------------------    -------------------

                         (clock clk_i rise edge)      6.667     6.667 r  
                                                      0.000     6.667 r  clk_i (IN)
                         net (fo=2875, unset)         0.748     7.415    clk_i
                         FDCE                                         r  res_q_reg[11]/C
                         clock pessimism              0.000     7.415    
                         clock uncertainty           -0.035     7.379    
                         FDCE (Setup_fdce_C_CE)      -0.136     7.243    res_q_reg[11]
  -------------------------------------------------------------------
                         required time                          7.243    
                         arrival time                          -3.660    
  -------------------------------------------------------------------
                         slack                                  3.583    

Slack (MET) :             3.583ns  (required time - arrival time)
  Source:                 op_q_reg[2]/C
                            (rising edge-triggered cell FDCE clocked by clk_i  {rise@0.000ns fall@3.333ns period=6.667ns})
  Destination:            res_q_reg[12]/CE
                            (rising edge-triggered cell FDCE clocked by clk_i  {rise@0.000ns fall@3.333ns period=6.667ns})
  Path Group:             clk_i
  Path Type:              Setup (Max at Slow Process Corner)
  Requirement:            6.667ns  (clk_i rise@6.667ns - clk_i rise@0.000ns)
  Data Path Delay:        2.873ns  (logic 0.875ns (30.456%)  route 1.998ns (69.544%))
  Logic Levels:           3  (LUT5=1 LUT6=2)
  Clock Path Skew:        -0.039ns (DCD - SCD + CPR)
    Destination Clock Delay (DCD):    0.748ns = ( 7.415 - 6.667 ) 
    Source Clock Delay      (SCD):    0.787ns
    Clock Pessimism Removal (CPR):    0.000ns
  Clock Uncertainty:      0.035ns  ((TSJ^2 + TIJ^2)^1/2 + DJ) / 2 + PE
    Total System Jitter     (TSJ):    0.071ns
    Total Input Jitter      (TIJ):    0.000ns
    Discrete Jitter          (DJ):    0.000ns
    Phase Error              (PE):    0.000ns

    Location             Delay type                Incr(ns)  Path(ns)    Netlist Resource(s)
  -------------------------------------------------------------------    -------------------
                         (clock clk_i rise edge)      0.000     0.000 r  
                                                      0.000     0.000 r  clk_i (IN)
                         net (fo=2875, unset)         0.787     0.787    clk_i
                         FDCE                                         r  op_q_reg[2]/C
  -------------------------------------------------------------------    -------------------
                         FDCE (Prop_fdce_C_Q)         0.433     1.220 r  op_q_reg[2]/Q
                         net (fo=44, unplaced)        0.858     2.078    op_q[2]
                         LUT6 (Prop_lut6_I1_O)        0.232     2.310 f  FSM_onehot_st_q[10]_i_5/O
                         net (fo=1, unplaced)         0.328     2.638    FSM_onehot_st_q[10]_i_5_n_0
                         LUT6 (Prop_lut6_I5_O)        0.105     2.743 r  FSM_onehot_st_q[10]_i_2/O
                         net (fo=2, unplaced)         0.358     3.101    FSM_onehot_st_q[10]_i_2_n_0
                         LUT5 (Prop_lut5_I1_O)        0.105     3.206 r  res_q[63]_i_1/O
                         net (fo=64, unplaced)        0.454     3.660    res_q[63]_i_1_n_0
                         FDCE                                         r  res_q_reg[12]/CE
  -------------------------------------------------------------------    -------------------

                         (clock clk_i rise edge)      6.667     6.667 r  
                                                      0.000     6.667 r  clk_i (IN)
                         net (fo=2875, unset)         0.748     7.415    clk_i
                         FDCE                                         r  res_q_reg[12]/C
                         clock pessimism              0.000     7.415    
                         clock uncertainty           -0.035     7.379    
                         FDCE (Setup_fdce_C_CE)      -0.136     7.243    res_q_reg[12]
  -------------------------------------------------------------------
                         required time                          7.243    
                         arrival time                          -3.660    
  -------------------------------------------------------------------
                         slack                                  3.583    

Slack (MET) :             3.583ns  (required time - arrival time)
  Source:                 op_q_reg[2]/C
                            (rising edge-triggered cell FDCE clocked by clk_i  {rise@0.000ns fall@3.333ns period=6.667ns})
  Destination:            res_q_reg[13]/CE
                            (rising edge-triggered cell FDCE clocked by clk_i  {rise@0.000ns fall@3.333ns period=6.667ns})
  Path Group:             clk_i
  Path Type:              Setup (Max at Slow Process Corner)
  Requirement:            6.667ns  (clk_i rise@6.667ns - clk_i rise@0.000ns)
  Data Path Delay:        2.873ns  (logic 0.875ns (30.456%)  route 1.998ns (69.544%))
  Logic Levels:           3  (LUT5=1 LUT6=2)
  Clock Path Skew:        -0.039ns (DCD - SCD + CPR)
    Destination Clock Delay (DCD):    0.748ns = ( 7.415 - 6.667 ) 
    Source Clock Delay      (SCD):    0.787ns
    Clock Pessimism Removal (CPR):    0.000ns
  Clock Uncertainty:      0.035ns  ((TSJ^2 + TIJ^2)^1/2 + DJ) / 2 + PE
    Total System Jitter     (TSJ):    0.071ns
    Total Input Jitter      (TIJ):    0.000ns
    Discrete Jitter          (DJ):    0.000ns
    Phase Error              (PE):    0.000ns

    Location             Delay type                Incr(ns)  Path(ns)    Netlist Resource(s)
  -------------------------------------------------------------------    -------------------
                         (clock clk_i rise edge)      0.000     0.000 r  
                                                      0.000     0.000 r  clk_i (IN)
                         net (fo=2875, unset)         0.787     0.787    clk_i
                         FDCE                                         r  op_q_reg[2]/C
  -------------------------------------------------------------------    -------------------
                         FDCE (Prop_fdce_C_Q)         0.433     1.220 r  op_q_reg[2]/Q
                         net (fo=44, unplaced)        0.858     2.078    op_q[2]
                         LUT6 (Prop_lut6_I1_O)        0.232     2.310 f  FSM_onehot_st_q[10]_i_5/O
                         net (fo=1, unplaced)         0.328     2.638    FSM_onehot_st_q[10]_i_5_n_0
                         LUT6 (Prop_lut6_I5_O)        0.105     2.743 r  FSM_onehot_st_q[10]_i_2/O
                         net (fo=2, unplaced)         0.358     3.101    FSM_onehot_st_q[10]_i_2_n_0
                         LUT5 (Prop_lut5_I1_O)        0.105     3.206 r  res_q[63]_i_1/O
                         net (fo=64, unplaced)        0.454     3.660    res_q[63]_i_1_n_0
                         FDCE                                         r  res_q_reg[13]/CE
  -------------------------------------------------------------------    -------------------

                         (clock clk_i rise edge)      6.667     6.667 r  
                                                      0.000     6.667 r  clk_i (IN)
                         net (fo=2875, unset)         0.748     7.415    clk_i
                         FDCE                                         r  res_q_reg[13]/C
                         clock pessimism              0.000     7.415    
                         clock uncertainty           -0.035     7.379    
                         FDCE (Setup_fdce_C_CE)      -0.136     7.243    res_q_reg[13]
  -------------------------------------------------------------------
                         required time                          7.243    
                         arrival time                          -3.660    
  -------------------------------------------------------------------
                         slack                                  3.583    

Slack (MET) :             3.583ns  (required time - arrival time)
  Source:                 op_q_reg[2]/C
                            (rising edge-triggered cell FDCE clocked by clk_i  {rise@0.000ns fall@3.333ns period=6.667ns})
  Destination:            res_q_reg[14]/CE
                            (rising edge-triggered cell FDCE clocked by clk_i  {rise@0.000ns fall@3.333ns period=6.667ns})
  Path Group:             clk_i
  Path Type:              Setup (Max at Slow Process Corner)
  Requirement:            6.667ns  (clk_i rise@6.667ns - clk_i rise@0.000ns)
  Data Path Delay:        2.873ns  (logic 0.875ns (30.456%)  route 1.998ns (69.544%))
  Logic Levels:           3  (LUT5=1 LUT6=2)
  Clock Path Skew:        -0.039ns (DCD - SCD + CPR)
    Destination Clock Delay (DCD):    0.748ns = ( 7.415 - 6.667 ) 
    Source Clock Delay      (SCD):    0.787ns
    Clock Pessimism Removal (CPR):    0.000ns
  Clock Uncertainty:      0.035ns  ((TSJ^2 + TIJ^2)^1/2 + DJ) / 2 + PE
    Total System Jitter     (TSJ):    0.071ns
    Total Input Jitter      (TIJ):    0.000ns
    Discrete Jitter          (DJ):    0.000ns
    Phase Error              (PE):    0.000ns

    Location             Delay type                Incr(ns)  Path(ns)    Netlist Resource(s)
  -------------------------------------------------------------------    -------------------
                         (clock clk_i rise edge)      0.000     0.000 r  
                                                      0.000     0.000 r  clk_i (IN)
                         net (fo=2875, unset)         0.787     0.787    clk_i
                         FDCE                                         r  op_q_reg[2]/C
  -------------------------------------------------------------------    -------------------
                         FDCE (Prop_fdce_C_Q)         0.433     1.220 r  op_q_reg[2]/Q
                         net (fo=44, unplaced)        0.858     2.078    op_q[2]
                         LUT6 (Prop_lut6_I1_O)        0.232     2.310 f  FSM_onehot_st_q[10]_i_5/O
                         net (fo=1, unplaced)         0.328     2.638    FSM_onehot_st_q[10]_i_5_n_0
                         LUT6 (Prop_lut6_I5_O)        0.105     2.743 r  FSM_onehot_st_q[10]_i_2/O
                         net (fo=2, unplaced)         0.358     3.101    FSM_onehot_st_q[10]_i_2_n_0
                         LUT5 (Prop_lut5_I1_O)        0.105     3.206 r  res_q[63]_i_1/O
                         net (fo=64, unplaced)        0.454     3.660    res_q[63]_i_1_n_0
                         FDCE                                         r  res_q_reg[14]/CE
  -------------------------------------------------------------------    -------------------

                         (clock clk_i rise edge)      6.667     6.667 r  
                                                      0.000     6.667 r  clk_i (IN)
                         net (fo=2875, unset)         0.748     7.415    clk_i
                         FDCE                                         r  res_q_reg[14]/C
                         clock pessimism              0.000     7.415    
                         clock uncertainty           -0.035     7.379    
                         FDCE (Setup_fdce_C_CE)      -0.136     7.243    res_q_reg[14]
  -------------------------------------------------------------------
                         required time                          7.243    
                         arrival time                          -3.660    
  -------------------------------------------------------------------
                         slack                                  3.583    

Slack (MET) :             3.583ns  (required time - arrival time)
  Source:                 op_q_reg[2]/C
                            (rising edge-triggered cell FDCE clocked by clk_i  {rise@0.000ns fall@3.333ns period=6.667ns})
  Destination:            res_q_reg[15]/CE
                            (rising edge-triggered cell FDCE clocked by clk_i  {rise@0.000ns fall@3.333ns period=6.667ns})
  Path Group:             clk_i
  Path Type:              Setup (Max at Slow Process Corner)
  Requirement:            6.667ns  (clk_i rise@6.667ns - clk_i rise@0.000ns)
  Data Path Delay:        2.873ns  (logic 0.875ns (30.456%)  route 1.998ns (69.544%))
  Logic Levels:           3  (LUT5=1 LUT6=2)
  Clock Path Skew:        -0.039ns (DCD - SCD + CPR)
    Destination Clock Delay (DCD):    0.748ns = ( 7.415 - 6.667 ) 
    Source Clock Delay      (SCD):    0.787ns
    Clock Pessimism Removal (CPR):    0.000ns
  Clock Uncertainty:      0.035ns  ((TSJ^2 + TIJ^2)^1/2 + DJ) / 2 + PE
    Total System Jitter     (TSJ):    0.071ns
    Total Input Jitter      (TIJ):    0.000ns
    Discrete Jitter          (DJ):    0.000ns
    Phase Error              (PE):    0.000ns

    Location             Delay type                Incr(ns)  Path(ns)    Netlist Resource(s)
  -------------------------------------------------------------------    -------------------
                         (clock clk_i rise edge)      0.000     0.000 r  
                                                      0.000     0.000 r  clk_i (IN)
                         net (fo=2875, unset)         0.787     0.787    clk_i
                         FDCE                                         r  op_q_reg[2]/C
  -------------------------------------------------------------------    -------------------
                         FDCE (Prop_fdce_C_Q)         0.433     1.220 r  op_q_reg[2]/Q
                         net (fo=44, unplaced)        0.858     2.078    op_q[2]
                         LUT6 (Prop_lut6_I1_O)        0.232     2.310 f  FSM_onehot_st_q[10]_i_5/O
                         net (fo=1, unplaced)         0.328     2.638    FSM_onehot_st_q[10]_i_5_n_0
                         LUT6 (Prop_lut6_I5_O)        0.105     2.743 r  FSM_onehot_st_q[10]_i_2/O
                         net (fo=2, unplaced)         0.358     3.101    FSM_onehot_st_q[10]_i_2_n_0
                         LUT5 (Prop_lut5_I1_O)        0.105     3.206 r  res_q[63]_i_1/O
                         net (fo=64, unplaced)        0.454     3.660    res_q[63]_i_1_n_0
                         FDCE                                         r  res_q_reg[15]/CE
  -------------------------------------------------------------------    -------------------

                         (clock clk_i rise edge)      6.667     6.667 r  
                                                      0.000     6.667 r  clk_i (IN)
                         net (fo=2875, unset)         0.748     7.415    clk_i
                         FDCE                                         r  res_q_reg[15]/C
                         clock pessimism              0.000     7.415    
                         clock uncertainty           -0.035     7.379    
                         FDCE (Setup_fdce_C_CE)      -0.136     7.243    res_q_reg[15]
  -------------------------------------------------------------------
                         required time                          7.243    
                         arrival time                          -3.660    
  -------------------------------------------------------------------
                         slack                                  3.583    

Slack (MET) :             3.583ns  (required time - arrival time)
  Source:                 op_q_reg[2]/C
                            (rising edge-triggered cell FDCE clocked by clk_i  {rise@0.000ns fall@3.333ns period=6.667ns})
  Destination:            res_q_reg[16]/CE
                            (rising edge-triggered cell FDCE clocked by clk_i  {rise@0.000ns fall@3.333ns period=6.667ns})
  Path Group:             clk_i
  Path Type:              Setup (Max at Slow Process Corner)
  Requirement:            6.667ns  (clk_i rise@6.667ns - clk_i rise@0.000ns)
  Data Path Delay:        2.873ns  (logic 0.875ns (30.456%)  route 1.998ns (69.544%))
  Logic Levels:           3  (LUT5=1 LUT6=2)
  Clock Path Skew:        -0.039ns (DCD - SCD + CPR)
    Destination Clock Delay (DCD):    0.748ns = ( 7.415 - 6.667 ) 
    Source Clock Delay      (SCD):    0.787ns
    Clock Pessimism Removal (CPR):    0.000ns
  Clock Uncertainty:      0.035ns  ((TSJ^2 + TIJ^2)^1/2 + DJ) / 2 + PE
    Total System Jitter     (TSJ):    0.071ns
    Total Input Jitter      (TIJ):    0.000ns
    Discrete Jitter          (DJ):    0.000ns
    Phase Error              (PE):    0.000ns

    Location             Delay type                Incr(ns)  Path(ns)    Netlist Resource(s)
  -------------------------------------------------------------------    -------------------
                         (clock clk_i rise edge)      0.000     0.000 r  
                                                      0.000     0.000 r  clk_i (IN)
                         net (fo=2875, unset)         0.787     0.787    clk_i
                         FDCE                                         r  op_q_reg[2]/C
  -------------------------------------------------------------------    -------------------
                         FDCE (Prop_fdce_C_Q)         0.433     1.220 r  op_q_reg[2]/Q
                         net (fo=44, unplaced)        0.858     2.078    op_q[2]
                         LUT6 (Prop_lut6_I1_O)        0.232     2.310 f  FSM_onehot_st_q[10]_i_5/O
                         net (fo=1, unplaced)         0.328     2.638    FSM_onehot_st_q[10]_i_5_n_0
                         LUT6 (Prop_lut6_I5_O)        0.105     2.743 r  FSM_onehot_st_q[10]_i_2/O
                         net (fo=2, unplaced)         0.358     3.101    FSM_onehot_st_q[10]_i_2_n_0
                         LUT5 (Prop_lut5_I1_O)        0.105     3.206 r  res_q[63]_i_1/O
                         net (fo=64, unplaced)        0.454     3.660    res_q[63]_i_1_n_0
                         FDCE                                         r  res_q_reg[16]/CE
  -------------------------------------------------------------------    -------------------

                         (clock clk_i rise edge)      6.667     6.667 r  
                                                      0.000     6.667 r  clk_i (IN)
                         net (fo=2875, unset)         0.748     7.415    clk_i
                         FDCE                                         r  res_q_reg[16]/C
                         clock pessimism              0.000     7.415    
                         clock uncertainty           -0.035     7.379    
                         FDCE (Setup_fdce_C_CE)      -0.136     7.243    res_q_reg[16]
  -------------------------------------------------------------------
                         required time                          7.243    
                         arrival time                          -3.660    
  -------------------------------------------------------------------
                         slack                                  3.583    

Slack (MET) :             3.583ns  (required time - arrival time)
  Source:                 op_q_reg[2]/C
                            (rising edge-triggered cell FDCE clocked by clk_i  {rise@0.000ns fall@3.333ns period=6.667ns})
  Destination:            res_q_reg[17]/CE
                            (rising edge-triggered cell FDCE clocked by clk_i  {rise@0.000ns fall@3.333ns period=6.667ns})
  Path Group:             clk_i
  Path Type:              Setup (Max at Slow Process Corner)
  Requirement:            6.667ns  (clk_i rise@6.667ns - clk_i rise@0.000ns)
  Data Path Delay:        2.873ns  (logic 0.875ns (30.456%)  route 1.998ns (69.544%))
  Logic Levels:           3  (LUT5=1 LUT6=2)
  Clock Path Skew:        -0.039ns (DCD - SCD + CPR)
    Destination Clock Delay (DCD):    0.748ns = ( 7.415 - 6.667 ) 
    Source Clock Delay      (SCD):    0.787ns
    Clock Pessimism Removal (CPR):    0.000ns
  Clock Uncertainty:      0.035ns  ((TSJ^2 + TIJ^2)^1/2 + DJ) / 2 + PE
    Total System Jitter     (TSJ):    0.071ns
    Total Input Jitter      (TIJ):    0.000ns
    Discrete Jitter          (DJ):    0.000ns
    Phase Error              (PE):    0.000ns

    Location             Delay type                Incr(ns)  Path(ns)    Netlist Resource(s)
  -------------------------------------------------------------------    -------------------
                         (clock clk_i rise edge)      0.000     0.000 r  
                                                      0.000     0.000 r  clk_i (IN)
                         net (fo=2875, unset)         0.787     0.787    clk_i
                         FDCE                                         r  op_q_reg[2]/C
  -------------------------------------------------------------------    -------------------
                         FDCE (Prop_fdce_C_Q)         0.433     1.220 r  op_q_reg[2]/Q
                         net (fo=44, unplaced)        0.858     2.078    op_q[2]
                         LUT6 (Prop_lut6_I1_O)        0.232     2.310 f  FSM_onehot_st_q[10]_i_5/O
                         net (fo=1, unplaced)         0.328     2.638    FSM_onehot_st_q[10]_i_5_n_0
                         LUT6 (Prop_lut6_I5_O)        0.105     2.743 r  FSM_onehot_st_q[10]_i_2/O
                         net (fo=2, unplaced)         0.358     3.101    FSM_onehot_st_q[10]_i_2_n_0
                         LUT5 (Prop_lut5_I1_O)        0.105     3.206 r  res_q[63]_i_1/O
                         net (fo=64, unplaced)        0.454     3.660    res_q[63]_i_1_n_0
                         FDCE                                         r  res_q_reg[17]/CE
  -------------------------------------------------------------------    -------------------

                         (clock clk_i rise edge)      6.667     6.667 r  
                                                      0.000     6.667 r  clk_i (IN)
                         net (fo=2875, unset)         0.748     7.415    clk_i
                         FDCE                                         r  res_q_reg[17]/C
                         clock pessimism              0.000     7.415    
                         clock uncertainty           -0.035     7.379    
                         FDCE (Setup_fdce_C_CE)      -0.136     7.243    res_q_reg[17]
  -------------------------------------------------------------------
                         required time                          7.243    
                         arrival time                          -3.660    
  -------------------------------------------------------------------
                         slack                                  3.583    

Slack (MET) :             3.583ns  (required time - arrival time)
  Source:                 op_q_reg[2]/C
                            (rising edge-triggered cell FDCE clocked by clk_i  {rise@0.000ns fall@3.333ns period=6.667ns})
  Destination:            res_q_reg[18]/CE
                            (rising edge-triggered cell FDCE clocked by clk_i  {rise@0.000ns fall@3.333ns period=6.667ns})
  Path Group:             clk_i
  Path Type:              Setup (Max at Slow Process Corner)
  Requirement:            6.667ns  (clk_i rise@6.667ns - clk_i rise@0.000ns)
  Data Path Delay:        2.873ns  (logic 0.875ns (30.456%)  route 1.998ns (69.544%))
  Logic Levels:           3  (LUT5=1 LUT6=2)
  Clock Path Skew:        -0.039ns (DCD - SCD + CPR)
    Destination Clock Delay (DCD):    0.748ns = ( 7.415 - 6.667 ) 
    Source Clock Delay      (SCD):    0.787ns
    Clock Pessimism Removal (CPR):    0.000ns
  Clock Uncertainty:      0.035ns  ((TSJ^2 + TIJ^2)^1/2 + DJ) / 2 + PE
    Total System Jitter     (TSJ):    0.071ns
    Total Input Jitter      (TIJ):    0.000ns
    Discrete Jitter          (DJ):    0.000ns
    Phase Error              (PE):    0.000ns

    Location             Delay type                Incr(ns)  Path(ns)    Netlist Resource(s)
  -------------------------------------------------------------------    -------------------
                         (clock clk_i rise edge)      0.000     0.000 r  
                                                      0.000     0.000 r  clk_i (IN)
                         net (fo=2875, unset)         0.787     0.787    clk_i
                         FDCE                                         r  op_q_reg[2]/C
  -------------------------------------------------------------------    -------------------
                         FDCE (Prop_fdce_C_Q)         0.433     1.220 r  op_q_reg[2]/Q
                         net (fo=44, unplaced)        0.858     2.078    op_q[2]
                         LUT6 (Prop_lut6_I1_O)        0.232     2.310 f  FSM_onehot_st_q[10]_i_5/O
                         net (fo=1, unplaced)         0.328     2.638    FSM_onehot_st_q[10]_i_5_n_0
                         LUT6 (Prop_lut6_I5_O)        0.105     2.743 r  FSM_onehot_st_q[10]_i_2/O
                         net (fo=2, unplaced)         0.358     3.101    FSM_onehot_st_q[10]_i_2_n_0
                         LUT5 (Prop_lut5_I1_O)        0.105     3.206 r  res_q[63]_i_1/O
                         net (fo=64, unplaced)        0.454     3.660    res_q[63]_i_1_n_0
                         FDCE                                         r  res_q_reg[18]/CE
  -------------------------------------------------------------------    -------------------

                         (clock clk_i rise edge)      6.667     6.667 r  
                                                      0.000     6.667 r  clk_i (IN)
                         net (fo=2875, unset)         0.748     7.415    clk_i
                         FDCE                                         r  res_q_reg[18]/C
                         clock pessimism              0.000     7.415    
                         clock uncertainty           -0.035     7.379    
                         FDCE (Setup_fdce_C_CE)      -0.136     7.243    res_q_reg[18]
  -------------------------------------------------------------------
                         required time                          7.243    
                         arrival time                          -3.660    
  -------------------------------------------------------------------
                         slack                                  3.583    

Slack (MET) :             3.583ns  (required time - arrival time)
  Source:                 op_q_reg[2]/C
                            (rising edge-triggered cell FDCE clocked by clk_i  {rise@0.000ns fall@3.333ns period=6.667ns})
  Destination:            res_q_reg[19]/CE
                            (rising edge-triggered cell FDCE clocked by clk_i  {rise@0.000ns fall@3.333ns period=6.667ns})
  Path Group:             clk_i
  Path Type:              Setup (Max at Slow Process Corner)
  Requirement:            6.667ns  (clk_i rise@6.667ns - clk_i rise@0.000ns)
  Data Path Delay:        2.873ns  (logic 0.875ns (30.456%)  route 1.998ns (69.544%))
  Logic Levels:           3  (LUT5=1 LUT6=2)
  Clock Path Skew:        -0.039ns (DCD - SCD + CPR)
    Destination Clock Delay (DCD):    0.748ns = ( 7.415 - 6.667 ) 
    Source Clock Delay      (SCD):    0.787ns
    Clock Pessimism Removal (CPR):    0.000ns
  Clock Uncertainty:      0.035ns  ((TSJ^2 + TIJ^2)^1/2 + DJ) / 2 + PE
    Total System Jitter     (TSJ):    0.071ns
    Total Input Jitter      (TIJ):    0.000ns
    Discrete Jitter          (DJ):    0.000ns
    Phase Error              (PE):    0.000ns

    Location             Delay type                Incr(ns)  Path(ns)    Netlist Resource(s)
  -------------------------------------------------------------------    -------------------
                         (clock clk_i rise edge)      0.000     0.000 r  
                                                      0.000     0.000 r  clk_i (IN)
                         net (fo=2875, unset)         0.787     0.787    clk_i
                         FDCE                                         r  op_q_reg[2]/C
  -------------------------------------------------------------------    -------------------
                         FDCE (Prop_fdce_C_Q)         0.433     1.220 r  op_q_reg[2]/Q
                         net (fo=44, unplaced)        0.858     2.078    op_q[2]
                         LUT6 (Prop_lut6_I1_O)        0.232     2.310 f  FSM_onehot_st_q[10]_i_5/O
                         net (fo=1, unplaced)         0.328     2.638    FSM_onehot_st_q[10]_i_5_n_0
                         LUT6 (Prop_lut6_I5_O)        0.105     2.743 r  FSM_onehot_st_q[10]_i_2/O
                         net (fo=2, unplaced)         0.358     3.101    FSM_onehot_st_q[10]_i_2_n_0
                         LUT5 (Prop_lut5_I1_O)        0.105     3.206 r  res_q[63]_i_1/O
                         net (fo=64, unplaced)        0.454     3.660    res_q[63]_i_1_n_0
                         FDCE                                         r  res_q_reg[19]/CE
  -------------------------------------------------------------------    -------------------

                         (clock clk_i rise edge)      6.667     6.667 r  
                                                      0.000     6.667 r  clk_i (IN)
                         net (fo=2875, unset)         0.748     7.415    clk_i
                         FDCE                                         r  res_q_reg[19]/C
                         clock pessimism              0.000     7.415    
                         clock uncertainty           -0.035     7.379    
                         FDCE (Setup_fdce_C_CE)      -0.136     7.243    res_q_reg[19]
  -------------------------------------------------------------------
                         required time                          7.243    
                         arrival time                          -3.660    
  -------------------------------------------------------------------
                         slack                                  3.583    

Slack (MET) :             3.583ns  (required time - arrival time)
  Source:                 op_q_reg[2]/C
                            (rising edge-triggered cell FDCE clocked by clk_i  {rise@0.000ns fall@3.333ns period=6.667ns})
  Destination:            res_q_reg[1]/CE
                            (rising edge-triggered cell FDCE clocked by clk_i  {rise@0.000ns fall@3.333ns period=6.667ns})
  Path Group:             clk_i
  Path Type:              Setup (Max at Slow Process Corner)
  Requirement:            6.667ns  (clk_i rise@6.667ns - clk_i rise@0.000ns)
  Data Path Delay:        2.873ns  (logic 0.875ns (30.456%)  route 1.998ns (69.544%))
  Logic Levels:           3  (LUT5=1 LUT6=2)
  Clock Path Skew:        -0.039ns (DCD - SCD + CPR)
    Destination Clock Delay (DCD):    0.748ns = ( 7.415 - 6.667 ) 
    Source Clock Delay      (SCD):    0.787ns
    Clock Pessimism Removal (CPR):    0.000ns
  Clock Uncertainty:      0.035ns  ((TSJ^2 + TIJ^2)^1/2 + DJ) / 2 + PE
    Total System Jitter     (TSJ):    0.071ns
    Total Input Jitter      (TIJ):    0.000ns
    Discrete Jitter          (DJ):    0.000ns
    Phase Error              (PE):    0.000ns

    Location             Delay type                Incr(ns)  Path(ns)    Netlist Resource(s)
  -------------------------------------------------------------------    -------------------
                         (clock clk_i rise edge)      0.000     0.000 r  
                                                      0.000     0.000 r  clk_i (IN)
                         net (fo=2875, unset)         0.787     0.787    clk_i
                         FDCE                                         r  op_q_reg[2]/C
  -------------------------------------------------------------------    -------------------
                         FDCE (Prop_fdce_C_Q)         0.433     1.220 r  op_q_reg[2]/Q
                         net (fo=44, unplaced)        0.858     2.078    op_q[2]
                         LUT6 (Prop_lut6_I1_O)        0.232     2.310 f  FSM_onehot_st_q[10]_i_5/O
                         net (fo=1, unplaced)         0.328     2.638    FSM_onehot_st_q[10]_i_5_n_0
                         LUT6 (Prop_lut6_I5_O)        0.105     2.743 r  FSM_onehot_st_q[10]_i_2/O
                         net (fo=2, unplaced)         0.358     3.101    FSM_onehot_st_q[10]_i_2_n_0
                         LUT5 (Prop_lut5_I1_O)        0.105     3.206 r  res_q[63]_i_1/O
                         net (fo=64, unplaced)        0.454     3.660    res_q[63]_i_1_n_0
                         FDCE                                         r  res_q_reg[1]/CE
  -------------------------------------------------------------------    -------------------

                         (clock clk_i rise edge)      6.667     6.667 r  
                                                      0.000     6.667 r  clk_i (IN)
                         net (fo=2875, unset)         0.748     7.415    clk_i
                         FDCE                                         r  res_q_reg[1]/C
                         clock pessimism              0.000     7.415    
                         clock uncertainty           -0.035     7.379    
                         FDCE (Setup_fdce_C_CE)      -0.136     7.243    res_q_reg[1]
  -------------------------------------------------------------------
                         required time                          7.243    
                         arrival time                          -3.660    
  -------------------------------------------------------------------
                         slack                                  3.583    

Slack (MET) :             3.583ns  (required time - arrival time)
  Source:                 op_q_reg[2]/C
                            (rising edge-triggered cell FDCE clocked by clk_i  {rise@0.000ns fall@3.333ns period=6.667ns})
  Destination:            res_q_reg[20]/CE
                            (rising edge-triggered cell FDCE clocked by clk_i  {rise@0.000ns fall@3.333ns period=6.667ns})
  Path Group:             clk_i
  Path Type:              Setup (Max at Slow Process Corner)
  Requirement:            6.667ns  (clk_i rise@6.667ns - clk_i rise@0.000ns)
  Data Path Delay:        2.873ns  (logic 0.875ns (30.456%)  route 1.998ns (69.544%))
  Logic Levels:           3  (LUT5=1 LUT6=2)
  Clock Path Skew:        -0.039ns (DCD - SCD + CPR)
    Destination Clock Delay (DCD):    0.748ns = ( 7.415 - 6.667 ) 
    Source Clock Delay      (SCD):    0.787ns
    Clock Pessimism Removal (CPR):    0.000ns
  Clock Uncertainty:      0.035ns  ((TSJ^2 + TIJ^2)^1/2 + DJ) / 2 + PE
    Total System Jitter     (TSJ):    0.071ns
    Total Input Jitter      (TIJ):    0.000ns
    Discrete Jitter          (DJ):    0.000ns
    Phase Error              (PE):    0.000ns

    Location             Delay type                Incr(ns)  Path(ns)    Netlist Resource(s)
  -------------------------------------------------------------------    -------------------
                         (clock clk_i rise edge)      0.000     0.000 r  
                                                      0.000     0.000 r  clk_i (IN)
                         net (fo=2875, unset)         0.787     0.787    clk_i
                         FDCE                                         r  op_q_reg[2]/C
  -------------------------------------------------------------------    -------------------
                         FDCE (Prop_fdce_C_Q)         0.433     1.220 r  op_q_reg[2]/Q
                         net (fo=44, unplaced)        0.858     2.078    op_q[2]
                         LUT6 (Prop_lut6_I1_O)        0.232     2.310 f  FSM_onehot_st_q[10]_i_5/O
                         net (fo=1, unplaced)         0.328     2.638    FSM_onehot_st_q[10]_i_5_n_0
                         LUT6 (Prop_lut6_I5_O)        0.105     2.743 r  FSM_onehot_st_q[10]_i_2/O
                         net (fo=2, unplaced)         0.358     3.101    FSM_onehot_st_q[10]_i_2_n_0
                         LUT5 (Prop_lut5_I1_O)        0.105     3.206 r  res_q[63]_i_1/O
                         net (fo=64, unplaced)        0.454     3.660    res_q[63]_i_1_n_0
                         FDCE                                         r  res_q_reg[20]/CE
  -------------------------------------------------------------------    -------------------

                         (clock clk_i rise edge)      6.667     6.667 r  
                                                      0.000     6.667 r  clk_i (IN)
                         net (fo=2875, unset)         0.748     7.415    clk_i
                         FDCE                                         r  res_q_reg[20]/C
                         clock pessimism              0.000     7.415    
                         clock uncertainty           -0.035     7.379    
                         FDCE (Setup_fdce_C_CE)      -0.136     7.243    res_q_reg[20]
  -------------------------------------------------------------------
                         required time                          7.243    
                         arrival time                          -3.660    
  -------------------------------------------------------------------
                         slack                                  3.583    

Slack (MET) :             3.583ns  (required time - arrival time)
  Source:                 op_q_reg[2]/C
                            (rising edge-triggered cell FDCE clocked by clk_i  {rise@0.000ns fall@3.333ns period=6.667ns})
  Destination:            res_q_reg[21]/CE
                            (rising edge-triggered cell FDCE clocked by clk_i  {rise@0.000ns fall@3.333ns period=6.667ns})
  Path Group:             clk_i
  Path Type:              Setup (Max at Slow Process Corner)
  Requirement:            6.667ns  (clk_i rise@6.667ns - clk_i rise@0.000ns)
  Data Path Delay:        2.873ns  (logic 0.875ns (30.456%)  route 1.998ns (69.544%))
  Logic Levels:           3  (LUT5=1 LUT6=2)
  Clock Path Skew:        -0.039ns (DCD - SCD + CPR)
    Destination Clock Delay (DCD):    0.748ns = ( 7.415 - 6.667 ) 
    Source Clock Delay      (SCD):    0.787ns
    Clock Pessimism Removal (CPR):    0.000ns
  Clock Uncertainty:      0.035ns  ((TSJ^2 + TIJ^2)^1/2 + DJ) / 2 + PE
    Total System Jitter     (TSJ):    0.071ns
    Total Input Jitter      (TIJ):    0.000ns
    Discrete Jitter          (DJ):    0.000ns
    Phase Error              (PE):    0.000ns

    Location             Delay type                Incr(ns)  Path(ns)    Netlist Resource(s)
  -------------------------------------------------------------------    -------------------
                         (clock clk_i rise edge)      0.000     0.000 r  
                                                      0.000     0.000 r  clk_i (IN)
                         net (fo=2875, unset)         0.787     0.787    clk_i
                         FDCE                                         r  op_q_reg[2]/C
  -------------------------------------------------------------------    -------------------
                         FDCE (Prop_fdce_C_Q)         0.433     1.220 r  op_q_reg[2]/Q
                         net (fo=44, unplaced)        0.858     2.078    op_q[2]
                         LUT6 (Prop_lut6_I1_O)        0.232     2.310 f  FSM_onehot_st_q[10]_i_5/O
                         net (fo=1, unplaced)         0.328     2.638    FSM_onehot_st_q[10]_i_5_n_0
                         LUT6 (Prop_lut6_I5_O)        0.105     2.743 r  FSM_onehot_st_q[10]_i_2/O
                         net (fo=2, unplaced)         0.358     3.101    FSM_onehot_st_q[10]_i_2_n_0
                         LUT5 (Prop_lut5_I1_O)        0.105     3.206 r  res_q[63]_i_1/O
                         net (fo=64, unplaced)        0.454     3.660    res_q[63]_i_1_n_0
                         FDCE                                         r  res_q_reg[21]/CE
  -------------------------------------------------------------------    -------------------

                         (clock clk_i rise edge)      6.667     6.667 r  
                                                      0.000     6.667 r  clk_i (IN)
                         net (fo=2875, unset)         0.748     7.415    clk_i
                         FDCE                                         r  res_q_reg[21]/C
                         clock pessimism              0.000     7.415    
                         clock uncertainty           -0.035     7.379    
                         FDCE (Setup_fdce_C_CE)      -0.136     7.243    res_q_reg[21]
  -------------------------------------------------------------------
                         required time                          7.243    
                         arrival time                          -3.660    
  -------------------------------------------------------------------
                         slack                                  3.583    




