rank,slack_ns,required_time_ns,data_path_delay_ns,logic_delay_ns,route_delay_ns,route_ratio,logic_levels,startpoint,endpoint,path_class,main_cells
1,0.061,5.000,4.936,1.105,3.831,0.776,5,"gen_lane[0].i_p2_pop_slice/bool_result_q_reg[17]/C","gen_lane[0].i_p2_pop_slice/popcount_part_q_o_reg[0][5]/D","P2 popcount capture","FDCE=2;LUT3=1;LUT5=2;LUT6=2"
2,0.061,5.000,4.936,1.105,3.831,0.776,5,"gen_lane[0].i_p2_pop_slice/bool_result_q_reg[49]/C","gen_lane[0].i_p2_pop_slice/popcount_part_q_o_reg[1][5]/D","P2 popcount capture","FDCE=2;LUT3=1;LUT5=2;LUT6=2"
3,0.061,5.000,4.936,1.105,3.831,0.776,5,"gen_lane[1].i_p2_pop_slice/bool_result_q_reg[17]/C","gen_lane[1].i_p2_pop_slice/popcount_part_q_o_reg[0][5]/D","P2 popcount capture","FDCE=2;LUT3=1;LUT5=2;LUT6=2"
4,0.061,5.000,4.936,1.105,3.831,0.776,5,"gen_lane[1].i_p2_pop_slice/bool_result_q_reg[49]/C","gen_lane[1].i_p2_pop_slice/popcount_part_q_o_reg[1][5]/D","P2 popcount capture","FDCE=2;LUT3=1;LUT5=2;LUT6=2"
5,0.061,5.000,4.936,1.105,3.831,0.776,5,"gen_lane[2].i_p2_pop_slice/bool_result_q_reg[17]/C","gen_lane[2].i_p2_pop_slice/popcount_part_q_o_reg[0][5]/D","P2 popcount capture","FDCE=2;LUT3=1;LUT5=2;LUT6=2"
6,0.061,5.000,4.936,1.105,3.831,0.776,5,"gen_lane[2].i_p2_pop_slice/bool_result_q_reg[49]/C","gen_lane[2].i_p2_pop_slice/popcount_part_q_o_reg[1][5]/D","P2 popcount capture","FDCE=2;LUT3=1;LUT5=2;LUT6=2"
7,0.061,5.000,4.936,1.105,3.831,0.776,5,"gen_lane[3].i_p2_pop_slice/bool_result_q_reg[17]/C","gen_lane[3].i_p2_pop_slice/popcount_part_q_o_reg[0][5]/D","P2 popcount capture","FDCE=2;LUT3=1;LUT5=2;LUT6=2"
8,0.061,5.000,4.936,1.105,3.831,0.776,5,"gen_lane[3].i_p2_pop_slice/bool_result_q_reg[49]/C","gen_lane[3].i_p2_pop_slice/popcount_part_q_o_reg[1][5]/D","P2 popcount capture","FDCE=2;LUT3=1;LUT5=2;LUT6=2"
9,0.326,5.000,4.700,2.246,2.454,0.522,7,"gen_lane[0].i_p2_pop_slice/popcount_part_q_o_reg[0][0]/C","group_dist_q_reg[8]/D","P2 popcount capture","CARRY4=4;FDCE=2;LUT3=2;LUT5=1"
10,0.417,5.000,4.580,1.105,3.475,0.759,5,"gen_lane[0].i_p2_pop_slice/bool_result_q_reg[17]/C","gen_lane[0].i_p2_pop_slice/popcount_part_q_o_reg[0][2]/D","P2 popcount capture","FDCE=2;LUT3=2;LUT5=2;LUT6=1"
11,0.417,5.000,4.580,1.105,3.475,0.759,5,"gen_lane[0].i_p2_pop_slice/bool_result_q_reg[17]/C","gen_lane[0].i_p2_pop_slice/popcount_part_q_o_reg[0][3]/D","P2 popcount capture","FDCE=2;LUT3=1;LUT5=3;LUT6=1"
12,0.417,5.000,4.580,1.105,3.475,0.759,5,"gen_lane[0].i_p2_pop_slice/bool_result_q_reg[49]/C","gen_lane[0].i_p2_pop_slice/popcount_part_q_o_reg[1][2]/D","P2 popcount capture","FDCE=2;LUT3=2;LUT5=2;LUT6=1"
13,0.417,5.000,4.580,1.105,3.475,0.759,5,"gen_lane[0].i_p2_pop_slice/bool_result_q_reg[49]/C","gen_lane[0].i_p2_pop_slice/popcount_part_q_o_reg[1][3]/D","P2 popcount capture","FDCE=2;LUT3=1;LUT5=3;LUT6=1"
14,0.417,5.000,4.580,1.105,3.475,0.759,5,"gen_lane[1].i_p2_pop_slice/bool_result_q_reg[17]/C","gen_lane[1].i_p2_pop_slice/popcount_part_q_o_reg[0][2]/D","P2 popcount capture","FDCE=2;LUT3=2;LUT5=2;LUT6=1"
15,0.417,5.000,4.580,1.105,3.475,0.759,5,"gen_lane[1].i_p2_pop_slice/bool_result_q_reg[17]/C","gen_lane[1].i_p2_pop_slice/popcount_part_q_o_reg[0][3]/D","P2 popcount capture","FDCE=2;LUT3=1;LUT5=3;LUT6=1"
16,0.417,5.000,4.580,1.105,3.475,0.759,5,"gen_lane[1].i_p2_pop_slice/bool_result_q_reg[49]/C","gen_lane[1].i_p2_pop_slice/popcount_part_q_o_reg[1][2]/D","P2 popcount capture","FDCE=2;LUT3=2;LUT5=2;LUT6=1"
17,0.417,5.000,4.580,1.105,3.475,0.759,5,"gen_lane[1].i_p2_pop_slice/bool_result_q_reg[49]/C","gen_lane[1].i_p2_pop_slice/popcount_part_q_o_reg[1][3]/D","P2 popcount capture","FDCE=2;LUT3=1;LUT5=3;LUT6=1"
18,0.417,5.000,4.580,1.105,3.475,0.759,5,"gen_lane[2].i_p2_pop_slice/bool_result_q_reg[17]/C","gen_lane[2].i_p2_pop_slice/popcount_part_q_o_reg[0][2]/D","P2 popcount capture","FDCE=2;LUT3=2;LUT5=2;LUT6=1"
19,0.417,5.000,4.580,1.105,3.475,0.759,5,"gen_lane[2].i_p2_pop_slice/bool_result_q_reg[17]/C","gen_lane[2].i_p2_pop_slice/popcount_part_q_o_reg[0][3]/D","P2 popcount capture","FDCE=2;LUT3=1;LUT5=3;LUT6=1"
20,0.417,5.000,4.580,1.105,3.475,0.759,5,"gen_lane[2].i_p2_pop_slice/bool_result_q_reg[49]/C","gen_lane[2].i_p2_pop_slice/popcount_part_q_o_reg[1][2]/D","P2 popcount capture","FDCE=2;LUT3=2;LUT5=2;LUT6=1"
21,0.417,5.000,4.580,1.105,3.475,0.759,5,"gen_lane[2].i_p2_pop_slice/bool_result_q_reg[49]/C","gen_lane[2].i_p2_pop_slice/popcount_part_q_o_reg[1][3]/D","P2 popcount capture","FDCE=2;LUT3=1;LUT5=3;LUT6=1"
22,0.417,5.000,4.580,1.105,3.475,0.759,5,"gen_lane[3].i_p2_pop_slice/bool_result_q_reg[17]/C","gen_lane[3].i_p2_pop_slice/popcount_part_q_o_reg[0][2]/D","P2 popcount capture","FDCE=2;LUT3=2;LUT5=2;LUT6=1"
23,0.417,5.000,4.580,1.105,3.475,0.759,5,"gen_lane[3].i_p2_pop_slice/bool_result_q_reg[17]/C","gen_lane[3].i_p2_pop_slice/popcount_part_q_o_reg[0][3]/D","P2 popcount capture","FDCE=2;LUT3=1;LUT5=3;LUT6=1"
24,0.417,5.000,4.580,1.105,3.475,0.759,5,"gen_lane[3].i_p2_pop_slice/bool_result_q_reg[49]/C","gen_lane[3].i_p2_pop_slice/popcount_part_q_o_reg[1][2]/D","P2 popcount capture","FDCE=2;LUT3=2;LUT5=2;LUT6=1"
25,0.417,5.000,4.580,1.105,3.475,0.759,5,"gen_lane[3].i_p2_pop_slice/bool_result_q_reg[49]/C","gen_lane[3].i_p2_pop_slice/popcount_part_q_o_reg[1][3]/D","P2 popcount capture","FDCE=2;LUT3=1;LUT5=3;LUT6=1"
26,0.426,5.000,4.600,2.146,2.454,0.533,6,"gen_lane[0].i_p2_pop_slice/popcount_part_q_o_reg[0][0]/C","group_dist_q_reg[7]/D","P2 popcount capture","CARRY4=3;FDCE=2;LUT3=2;LUT5=1"
27,0.479,5.000,4.547,2.093,2.454,0.540,6,"gen_lane[0].i_p2_pop_slice/popcount_part_q_o_reg[0][0]/C","group_dist_q_reg[6]/D","P2 popcount capture","CARRY4=3;FDCE=2;LUT3=2;LUT5=1"
28,0.600,5.000,4.426,2.168,2.258,0.510,7,"gen_lane[2].i_p2_pop_slice/popcount_part_q_o_reg[1][0]/C","group_dist_q_reg[5]/D","P2 popcount capture","CARRY4=3;FDCE=2;LUT3=2;LUT5=1;LUT6=1"
29,0.671,5.000,4.326,1.105,3.221,0.745,5,"gen_lane[0].i_p2_pop_slice/bool_result_q_reg[17]/C","gen_lane[0].i_p2_pop_slice/popcount_part_q_o_reg[0][4]/D","P2 popcount capture","FDCE=2;LUT3=1;LUT5=2;LUT6=2"
30,0.671,5.000,4.326,1.105,3.221,0.745,5,"gen_lane[0].i_p2_pop_slice/bool_result_q_reg[49]/C","gen_lane[0].i_p2_pop_slice/popcount_part_q_o_reg[1][4]/D","P2 popcount capture","FDCE=2;LUT3=1;LUT5=2;LUT6=2"
31,0.671,5.000,4.326,1.105,3.221,0.745,5,"gen_lane[1].i_p2_pop_slice/bool_result_q_reg[17]/C","gen_lane[1].i_p2_pop_slice/popcount_part_q_o_reg[0][4]/D","P2 popcount capture","FDCE=2;LUT3=1;LUT5=2;LUT6=2"
32,0.671,5.000,4.326,1.105,3.221,0.745,5,"gen_lane[1].i_p2_pop_slice/bool_result_q_reg[49]/C","gen_lane[1].i_p2_pop_slice/popcount_part_q_o_reg[1][4]/D","P2 popcount capture","FDCE=2;LUT3=1;LUT5=2;LUT6=2"
33,0.671,5.000,4.326,1.105,3.221,0.745,5,"gen_lane[2].i_p2_pop_slice/bool_result_q_reg[17]/C","gen_lane[2].i_p2_pop_slice/popcount_part_q_o_reg[0][4]/D","P2 popcount capture","FDCE=2;LUT3=1;LUT5=2;LUT6=2"
34,0.671,5.000,4.326,1.105,3.221,0.745,5,"gen_lane[2].i_p2_pop_slice/bool_result_q_reg[49]/C","gen_lane[2].i_p2_pop_slice/popcount_part_q_o_reg[1][4]/D","P2 popcount capture","FDCE=2;LUT3=1;LUT5=2;LUT6=2"
35,0.671,5.000,4.326,1.105,3.221,0.745,5,"gen_lane[3].i_p2_pop_slice/bool_result_q_reg[17]/C","gen_lane[3].i_p2_pop_slice/popcount_part_q_o_reg[0][4]/D","P2 popcount capture","FDCE=2;LUT3=1;LUT5=2;LUT6=2"
36,0.671,5.000,4.326,1.105,3.221,0.745,5,"gen_lane[3].i_p2_pop_slice/bool_result_q_reg[49]/C","gen_lane[3].i_p2_pop_slice/popcount_part_q_o_reg[1][4]/D","P2 popcount capture","FDCE=2;LUT3=1;LUT5=2;LUT6=2"
37,0.680,5.000,4.346,2.088,2.258,0.520,7,"gen_lane[2].i_p2_pop_slice/popcount_part_q_o_reg[1][0]/C","group_dist_q_reg[4]/D","P2 popcount capture","CARRY4=3;FDCE=2;LUT3=2;LUT5=1;LUT6=1"
38,0.894,5.000,4.103,1.777,2.326,0.567,6,"a_q_reg[8]/C","st_q_reg[2]/D","TOP control","CARRY4=2;FDCE=2;LUT4=1;LUT6=3"
39,0.894,5.000,4.103,1.777,2.326,0.567,6,"a_q_reg[8]/C","st_q_reg[2]_rep/D","TOP control","CARRY4=2;FDCE=2;LUT4=1;LUT6=3"
40,0.894,5.000,4.103,1.777,2.326,0.567,6,"a_q_reg[8]/C","st_q_reg[3]/D","TOP control","CARRY4=2;FDCE=2;LUT4=1;LUT6=3"
41,0.894,5.000,4.103,1.777,2.326,0.567,6,"a_q_reg[8]/C","st_q_reg[3]_rep/D","TOP control","CARRY4=2;FDCE=2;LUT4=1;LUT6=3"
42,0.902,5.000,4.124,1.864,2.260,0.548,5,"gen_lane[2].i_p2_pop_slice/popcount_part_q_o_reg[1][0]/C","group_dist_q_reg[3]/D","P2 popcount capture","CARRY4=2;FDCE=2;LUT3=2;LUT5=1"
43,0.905,5.000,4.092,1.777,2.315,0.566,6,"a_q_reg[8]/C","res_q_reg[1]/D","scalar response","CARRY4=2;FDCE=2;LUT4=1;LUT6=3"
44,0.962,5.000,3.827,1.085,2.742,0.716,5,"a_q_reg[16]/C","ecc_leaf_prod_q_reg[0]/CE","other","FDCE=2;LUT5=2;LUT6=3"
45,0.962,5.000,3.827,1.085,2.742,0.716,5,"a_q_reg[16]/C","ecc_leaf_prod_q_reg[10]/CE","other","FDCE=2;LUT5=2;LUT6=3"
46,0.962,5.000,3.827,1.085,2.742,0.716,5,"a_q_reg[16]/C","ecc_leaf_prod_q_reg[11]/CE","other","FDCE=2;LUT5=2;LUT6=3"
47,0.962,5.000,3.827,1.085,2.742,0.716,5,"a_q_reg[16]/C","ecc_leaf_prod_q_reg[12]/CE","other","FDCE=2;LUT5=2;LUT6=3"
48,0.962,5.000,3.827,1.085,2.742,0.716,5,"a_q_reg[16]/C","ecc_leaf_prod_q_reg[13]/CE","other","FDCE=2;LUT5=2;LUT6=3"
49,0.962,5.000,3.827,1.085,2.742,0.716,5,"a_q_reg[16]/C","ecc_leaf_prod_q_reg[14]/CE","other","FDCE=2;LUT5=2;LUT6=3"
50,0.962,5.000,3.827,1.085,2.742,0.716,5,"a_q_reg[16]/C","ecc_leaf_prod_q_reg[15]/CE","other","FDCE=2;LUT5=2;LUT6=3"
51,0.962,5.000,3.827,1.085,2.742,0.716,5,"a_q_reg[16]/C","ecc_leaf_prod_q_reg[16]/CE","other","FDCE=2;LUT5=2;LUT6=3"
52,0.962,5.000,3.827,1.085,2.742,0.716,5,"a_q_reg[16]/C","ecc_leaf_prod_q_reg[17]/CE","other","FDCE=2;LUT5=2;LUT6=3"
53,0.962,5.000,3.827,1.085,2.742,0.716,5,"a_q_reg[16]/C","ecc_leaf_prod_q_reg[18]/CE","other","FDCE=2;LUT5=2;LUT6=3"
54,0.962,5.000,3.827,1.085,2.742,0.716,5,"a_q_reg[16]/C","ecc_leaf_prod_q_reg[19]/CE","other","FDCE=2;LUT5=2;LUT6=3"
55,0.962,5.000,3.827,1.085,2.742,0.716,5,"a_q_reg[16]/C","ecc_leaf_prod_q_reg[1]/CE","other","FDCE=2;LUT5=2;LUT6=3"
56,0.962,5.000,3.827,1.085,2.742,0.716,5,"a_q_reg[16]/C","ecc_leaf_prod_q_reg[20]/CE","other","FDCE=2;LUT5=2;LUT6=3"
57,0.962,5.000,3.827,1.085,2.742,0.716,5,"a_q_reg[16]/C","ecc_leaf_prod_q_reg[21]/CE","other","FDCE=2;LUT5=2;LUT6=3"
58,0.962,5.000,3.827,1.085,2.742,0.716,5,"a_q_reg[16]/C","ecc_leaf_prod_q_reg[22]/CE","other","FDCE=2;LUT5=2;LUT6=3"
59,0.962,5.000,3.827,1.085,2.742,0.716,5,"a_q_reg[16]/C","ecc_leaf_prod_q_reg[23]/CE","other","FDCE=2;LUT5=2;LUT6=3"
60,0.962,5.000,3.827,1.085,2.742,0.716,5,"a_q_reg[16]/C","ecc_leaf_prod_q_reg[24]/CE","other","FDCE=2;LUT5=2;LUT6=3"
61,0.962,5.000,3.827,1.085,2.742,0.716,5,"a_q_reg[16]/C","ecc_leaf_prod_q_reg[25]/CE","other","FDCE=2;LUT5=2;LUT6=3"
62,0.962,5.000,3.827,1.085,2.742,0.716,5,"a_q_reg[16]/C","ecc_leaf_prod_q_reg[26]/CE","other","FDCE=2;LUT5=2;LUT6=3"
63,0.962,5.000,3.827,1.085,2.742,0.716,5,"a_q_reg[16]/C","ecc_leaf_prod_q_reg[27]/CE","other","FDCE=2;LUT5=2;LUT6=3"
64,0.962,5.000,3.827,1.085,2.742,0.716,5,"a_q_reg[16]/C","ecc_leaf_prod_q_reg[28]/CE","other","FDCE=2;LUT5=2;LUT6=3"
65,0.962,5.000,3.827,1.085,2.742,0.716,5,"a_q_reg[16]/C","ecc_leaf_prod_q_reg[29]/CE","other","FDCE=2;LUT5=2;LUT6=3"
66,0.962,5.000,3.827,1.085,2.742,0.716,5,"a_q_reg[16]/C","ecc_leaf_prod_q_reg[2]/CE","other","FDCE=2;LUT5=2;LUT6=3"
67,0.962,5.000,3.827,1.085,2.742,0.716,5,"a_q_reg[16]/C","ecc_leaf_prod_q_reg[30]/CE","other","FDCE=2;LUT5=2;LUT6=3"
68,0.962,5.000,3.827,1.085,2.742,0.716,5,"a_q_reg[16]/C","ecc_leaf_prod_q_reg[31]/CE","other","FDCE=2;LUT5=2;LUT6=3"
69,0.962,5.000,3.827,1.085,2.742,0.716,5,"a_q_reg[16]/C","ecc_leaf_prod_q_reg[32]/CE","other","FDCE=2;LUT5=2;LUT6=3"
70,0.962,5.000,3.827,1.085,2.742,0.716,5,"a_q_reg[16]/C","ecc_leaf_prod_q_reg[33]/CE","other","FDCE=2;LUT5=2;LUT6=3"
71,0.962,5.000,3.827,1.085,2.742,0.716,5,"a_q_reg[16]/C","ecc_leaf_prod_q_reg[34]/CE","other","FDCE=2;LUT5=2;LUT6=3"
72,0.962,5.000,3.827,1.085,2.742,0.716,5,"a_q_reg[16]/C","ecc_leaf_prod_q_reg[35]/CE","other","FDCE=2;LUT5=2;LUT6=3"
73,0.962,5.000,3.827,1.085,2.742,0.716,5,"a_q_reg[16]/C","ecc_leaf_prod_q_reg[36]/CE","other","FDCE=2;LUT5=2;LUT6=3"
74,0.962,5.000,3.827,1.085,2.742,0.716,5,"a_q_reg[16]/C","ecc_leaf_prod_q_reg[37]/CE","other","FDCE=2;LUT5=2;LUT6=3"
75,0.962,5.000,3.827,1.085,2.742,0.716,5,"a_q_reg[16]/C","ecc_leaf_prod_q_reg[38]/CE","other","FDCE=2;LUT5=2;LUT6=3"
76,0.962,5.000,3.827,1.085,2.742,0.716,5,"a_q_reg[16]/C","ecc_leaf_prod_q_reg[39]/CE","other","FDCE=2;LUT5=2;LUT6=3"
77,0.962,5.000,3.827,1.085,2.742,0.716,5,"a_q_reg[16]/C","ecc_leaf_prod_q_reg[3]/CE","other","FDCE=2;LUT5=2;LUT6=3"
78,0.962,5.000,3.827,1.085,2.742,0.716,5,"a_q_reg[16]/C","ecc_leaf_prod_q_reg[40]/CE","other","FDCE=2;LUT5=2;LUT6=3"
79,0.962,5.000,3.827,1.085,2.742,0.716,5,"a_q_reg[16]/C","ecc_leaf_prod_q_reg[41]/CE","other","FDCE=2;LUT5=2;LUT6=3"
80,0.962,5.000,3.827,1.085,2.742,0.716,5,"a_q_reg[16]/C","ecc_leaf_prod_q_reg[42]/CE","other","FDCE=2;LUT5=2;LUT6=3"
81,0.962,5.000,3.827,1.085,2.742,0.716,5,"a_q_reg[16]/C","ecc_leaf_prod_q_reg[43]/CE","other","FDCE=2;LUT5=2;LUT6=3"
82,0.962,5.000,3.827,1.085,2.742,0.716,5,"a_q_reg[16]/C","ecc_leaf_prod_q_reg[44]/CE","other","FDCE=2;LUT5=2;LUT6=3"
83,0.962,5.000,3.827,1.085,2.742,0.716,5,"a_q_reg[16]/C","ecc_leaf_prod_q_reg[45]/CE","other","FDCE=2;LUT5=2;LUT6=3"
84,0.962,5.000,3.827,1.085,2.742,0.716,5,"a_q_reg[16]/C","ecc_leaf_prod_q_reg[46]/CE","other","FDCE=2;LUT5=2;LUT6=3"
85,0.962,5.000,3.827,1.085,2.742,0.716,5,"a_q_reg[16]/C","ecc_leaf_prod_q_reg[47]/CE","other","FDCE=2;LUT5=2;LUT6=3"
86,0.962,5.000,3.827,1.085,2.742,0.716,5,"a_q_reg[16]/C","ecc_leaf_prod_q_reg[48]/CE","other","FDCE=2;LUT5=2;LUT6=3"
87,0.962,5.000,3.827,1.085,2.742,0.716,5,"a_q_reg[16]/C","ecc_leaf_prod_q_reg[49]/CE","other","FDCE=2;LUT5=2;LUT6=3"
88,0.962,5.000,3.827,1.085,2.742,0.716,5,"a_q_reg[16]/C","ecc_leaf_prod_q_reg[4]/CE","other","FDCE=2;LUT5=2;LUT6=3"
89,0.962,5.000,3.827,1.085,2.742,0.716,5,"a_q_reg[16]/C","ecc_leaf_prod_q_reg[50]/CE","other","FDCE=2;LUT5=2;LUT6=3"
90,0.962,5.000,3.827,1.085,2.742,0.716,5,"a_q_reg[16]/C","ecc_leaf_prod_q_reg[51]/CE","other","FDCE=2;LUT5=2;LUT6=3"
91,0.962,5.000,3.827,1.085,2.742,0.716,5,"a_q_reg[16]/C","ecc_leaf_prod_q_reg[52]/CE","other","FDCE=2;LUT5=2;LUT6=3"
92,0.962,5.000,3.827,1.085,2.742,0.716,5,"a_q_reg[16]/C","ecc_leaf_prod_q_reg[53]/CE","other","FDCE=2;LUT5=2;LUT6=3"
93,0.962,5.000,3.827,1.085,2.742,0.716,5,"a_q_reg[16]/C","ecc_leaf_prod_q_reg[54]/CE","other","FDCE=2;LUT5=2;LUT6=3"
94,0.962,5.000,3.827,1.085,2.742,0.716,5,"a_q_reg[16]/C","ecc_leaf_prod_q_reg[55]/CE","other","FDCE=2;LUT5=2;LUT6=3"
95,0.962,5.000,3.827,1.085,2.742,0.716,5,"a_q_reg[16]/C","ecc_leaf_prod_q_reg[5]/CE","other","FDCE=2;LUT5=2;LUT6=3"
96,0.962,5.000,3.827,1.085,2.742,0.716,5,"a_q_reg[16]/C","ecc_leaf_prod_q_reg[6]/CE","other","FDCE=2;LUT5=2;LUT6=3"
97,0.962,5.000,3.827,1.085,2.742,0.716,5,"a_q_reg[16]/C","ecc_leaf_prod_q_reg[7]/CE","other","FDCE=2;LUT5=2;LUT6=3"
98,0.962,5.000,3.827,1.085,2.742,0.716,5,"a_q_reg[16]/C","ecc_leaf_prod_q_reg[8]/CE","other","FDCE=2;LUT5=2;LUT6=3"
99,0.962,5.000,3.827,1.085,2.742,0.716,5,"a_q_reg[16]/C","ecc_leaf_prod_q_reg[9]/CE","other","FDCE=2;LUT5=2;LUT6=3"
100,0.965,5.000,3.824,1.085,2.739,0.716,5,"a_q_reg[16]/C","ecc_leaf_prod_q_reg[56]/CE","other","FDCE=2;LUT5=2;LUT6=3"
101,0.965,5.000,3.824,1.085,2.739,0.716,5,"a_q_reg[16]/C","ecc_leaf_prod_q_reg[57]/CE","other","FDCE=2;LUT5=2;LUT6=3"
102,0.965,5.000,3.824,1.085,2.739,0.716,5,"a_q_reg[16]/C","ecc_leaf_prod_q_reg[58]/CE","other","FDCE=2;LUT5=2;LUT6=3"
103,0.965,5.000,3.824,1.085,2.739,0.716,5,"a_q_reg[16]/C","ecc_leaf_prod_q_reg[59]/CE","other","FDCE=2;LUT5=2;LUT6=3"
104,0.965,5.000,3.824,1.085,2.739,0.716,5,"a_q_reg[16]/C","ecc_leaf_prod_q_reg[60]/CE","other","FDCE=2;LUT5=2;LUT6=3"
105,0.965,5.000,3.824,1.085,2.739,0.716,5,"a_q_reg[16]/C","ecc_leaf_prod_q_reg[61]/CE","other","FDCE=2;LUT5=2;LUT6=3"
106,0.965,5.000,3.824,1.085,2.739,0.716,5,"a_q_reg[16]/C","ecc_leaf_prod_q_reg[62]/CE","other","FDCE=2;LUT5=2;LUT6=3"
107,0.983,5.000,4.014,1.085,2.929,0.730,5,"uop_p2_q_reg[use_shift]/C","lane_result_q_reg[0][41]/D","P2 lane result capture","FDCE=2;LUT3=1;LUT6=4"
108,0.983,5.000,4.014,1.085,2.929,0.730,5,"uop_p2_q_reg[use_shift]/C","lane_result_q_reg[0][42]/D","P2 lane result capture","FDCE=2;LUT3=1;LUT6=4"
109,0.983,5.000,4.014,1.085,2.929,0.730,5,"uop_p2_q_reg[use_shift]/C","lane_result_q_reg[0][46]/D","P2 lane result capture","FDCE=2;LUT3=1;LUT6=4"
110,0.983,5.000,4.014,1.085,2.929,0.730,5,"uop_p2_q_reg[use_shift]/C","lane_result_q_reg[1][41]/D","P2 lane result capture","FDCE=2;LUT3=1;LUT6=4"
111,0.983,5.000,4.014,1.085,2.929,0.730,5,"uop_p2_q_reg[use_shift]/C","lane_result_q_reg[1][42]/D","P2 lane result capture","FDCE=2;LUT3=1;LUT6=4"
112,0.983,5.000,4.014,1.085,2.929,0.730,5,"uop_p2_q_reg[use_shift]/C","lane_result_q_reg[1][46]/D","P2 lane result capture","FDCE=2;LUT3=1;LUT6=4"
113,0.983,5.000,4.014,1.085,2.929,0.730,5,"uop_p2_q_reg[use_shift]/C","lane_result_q_reg[2][41]/D","P2 lane result capture","FDCE=2;LUT3=1;LUT6=4"
114,0.983,5.000,4.014,1.085,2.929,0.730,5,"uop_p2_q_reg[use_shift]/C","lane_result_q_reg[2][42]/D","P2 lane result capture","FDCE=2;LUT3=1;LUT6=4"
115,0.983,5.000,4.014,1.085,2.929,0.730,5,"uop_p2_q_reg[use_shift]/C","lane_result_q_reg[2][46]/D","P2 lane result capture","FDCE=2;LUT3=1;LUT6=4"
116,0.987,5.000,4.010,1.085,2.925,0.729,5,"uop_p2_q_reg[use_shift]/C","lane_result_q_reg[0][25]/D","P2 lane result capture","FDCE=2;LUT3=1;LUT6=4"
117,0.987,5.000,4.010,1.085,2.925,0.729,5,"uop_p2_q_reg[use_shift]/C","lane_result_q_reg[0][26]/D","P2 lane result capture","FDCE=2;LUT3=1;LUT6=4"
118,0.987,5.000,4.010,1.085,2.925,0.729,5,"uop_p2_q_reg[use_shift]/C","lane_result_q_reg[0][38]/D","P2 lane result capture","FDCE=2;LUT3=1;LUT6=4"
119,0.987,5.000,4.010,1.085,2.925,0.729,5,"uop_p2_q_reg[use_shift]/C","lane_result_q_reg[0][49]/D","P2 lane result capture","FDCE=2;LUT3=1;LUT6=4"
120,0.987,5.000,4.010,1.085,2.925,0.729,5,"uop_p2_q_reg[use_shift]/C","lane_result_q_reg[0][50]/D","P2 lane result capture","FDCE=2;LUT3=1;LUT6=4"
121,0.987,5.000,4.010,1.085,2.925,0.729,5,"uop_p2_q_reg[use_shift]/C","lane_result_q_reg[1][25]/D","P2 lane result capture","FDCE=2;LUT3=1;LUT6=4"
122,0.987,5.000,4.010,1.085,2.925,0.729,5,"uop_p2_q_reg[use_shift]/C","lane_result_q_reg[1][26]/D","P2 lane result capture","FDCE=2;LUT3=1;LUT6=4"
123,0.987,5.000,4.010,1.085,2.925,0.729,5,"uop_p2_q_reg[use_shift]/C","lane_result_q_reg[1][38]/D","P2 lane result capture","FDCE=2;LUT3=1;LUT6=4"
124,0.987,5.000,4.010,1.085,2.925,0.729,5,"uop_p2_q_reg[use_shift]/C","lane_result_q_reg[1][49]/D","P2 lane result capture","FDCE=2;LUT3=1;LUT6=4"
125,0.987,5.000,4.010,1.085,2.925,0.729,5,"uop_p2_q_reg[use_shift]/C","lane_result_q_reg[1][50]/D","P2 lane result capture","FDCE=2;LUT3=1;LUT6=4"
126,0.987,5.000,4.010,1.085,2.925,0.729,5,"uop_p2_q_reg[use_shift]/C","lane_result_q_reg[2][25]/D","P2 lane result capture","FDCE=2;LUT3=1;LUT6=4"
127,0.987,5.000,4.010,1.085,2.925,0.729,5,"uop_p2_q_reg[use_shift]/C","lane_result_q_reg[2][26]/D","P2 lane result capture","FDCE=2;LUT3=1;LUT6=4"
128,0.987,5.000,4.010,1.085,2.925,0.729,5,"uop_p2_q_reg[use_shift]/C","lane_result_q_reg[2][38]/D","P2 lane result capture","FDCE=2;LUT3=1;LUT6=4"
129,0.987,5.000,4.010,1.085,2.925,0.729,5,"uop_p2_q_reg[use_shift]/C","lane_result_q_reg[2][49]/D","P2 lane result capture","FDCE=2;LUT3=1;LUT6=4"
130,0.987,5.000,4.010,1.085,2.925,0.729,5,"uop_p2_q_reg[use_shift]/C","lane_result_q_reg[2][50]/D","P2 lane result capture","FDCE=2;LUT3=1;LUT6=4"
131,0.991,5.000,4.006,1.085,2.921,0.729,5,"uop_p2_q_reg[use_shift]/C","lane_result_q_reg[0][10]/D","P2 lane result capture","FDCE=2;LUT3=1;LUT6=4"
132,0.991,5.000,4.006,1.085,2.921,0.729,5,"uop_p2_q_reg[use_shift]/C","lane_result_q_reg[0][14]/D","P2 lane result capture","FDCE=2;LUT3=1;LUT6=4"
133,0.991,5.000,4.006,1.085,2.921,0.729,5,"uop_p2_q_reg[use_shift]/C","lane_result_q_reg[0][17]/D","P2 lane result capture","FDCE=2;LUT3=1;LUT6=4"
134,0.991,5.000,4.006,1.085,2.921,0.729,5,"uop_p2_q_reg[use_shift]/C","lane_result_q_reg[0][18]/D","P2 lane result capture","FDCE=2;LUT3=1;LUT6=4"
135,0.991,5.000,4.006,1.085,2.921,0.729,5,"uop_p2_q_reg[use_shift]/C","lane_result_q_reg[0][1]/D","P2 lane result capture","FDCE=2;LUT3=1;LUT6=4"
136,0.991,5.000,4.006,1.085,2.921,0.729,5,"uop_p2_q_reg[use_shift]/C","lane_result_q_reg[0][22]/D","P2 lane result capture","FDCE=2;LUT3=1;LUT6=4"
137,0.991,5.000,4.006,1.085,2.921,0.729,5,"uop_p2_q_reg[use_shift]/C","lane_result_q_reg[0][2]/D","P2 lane result capture","FDCE=2;LUT3=1;LUT6=4"
138,0.991,5.000,4.006,1.085,2.921,0.729,5,"uop_p2_q_reg[use_shift]/C","lane_result_q_reg[0][30]/D","P2 lane result capture","FDCE=2;LUT3=1;LUT6=4"
139,0.991,5.000,4.006,1.085,2.921,0.729,5,"uop_p2_q_reg[use_shift]/C","lane_result_q_reg[0][6]/D","P2 lane result capture","FDCE=2;LUT3=1;LUT6=4"
140,0.991,5.000,4.006,1.085,2.921,0.729,5,"uop_p2_q_reg[use_shift]/C","lane_result_q_reg[0][9]/D","P2 lane result capture","FDCE=2;LUT3=1;LUT6=4"
141,0.991,5.000,4.006,1.085,2.921,0.729,5,"uop_p2_q_reg[use_shift]/C","lane_result_q_reg[1][10]/D","P2 lane result capture","FDCE=2;LUT3=1;LUT6=4"
142,0.991,5.000,4.006,1.085,2.921,0.729,5,"uop_p2_q_reg[use_shift]/C","lane_result_q_reg[1][14]/D","P2 lane result capture","FDCE=2;LUT3=1;LUT6=4"
143,0.991,5.000,4.006,1.085,2.921,0.729,5,"uop_p2_q_reg[use_shift]/C","lane_result_q_reg[1][17]/D","P2 lane result capture","FDCE=2;LUT3=1;LUT6=4"
144,0.991,5.000,4.006,1.085,2.921,0.729,5,"uop_p2_q_reg[use_shift]/C","lane_result_q_reg[1][18]/D","P2 lane result capture","FDCE=2;LUT3=1;LUT6=4"
145,0.991,5.000,4.006,1.085,2.921,0.729,5,"uop_p2_q_reg[use_shift]/C","lane_result_q_reg[1][1]/D","P2 lane result capture","FDCE=2;LUT3=1;LUT6=4"
146,0.991,5.000,4.006,1.085,2.921,0.729,5,"uop_p2_q_reg[use_shift]/C","lane_result_q_reg[1][22]/D","P2 lane result capture","FDCE=2;LUT3=1;LUT6=4"
147,0.991,5.000,4.006,1.085,2.921,0.729,5,"uop_p2_q_reg[use_shift]/C","lane_result_q_reg[1][2]/D","P2 lane result capture","FDCE=2;LUT3=1;LUT6=4"
148,0.991,5.000,4.006,1.085,2.921,0.729,5,"uop_p2_q_reg[use_shift]/C","lane_result_q_reg[1][30]/D","P2 lane result capture","FDCE=2;LUT3=1;LUT6=4"
149,0.991,5.000,4.006,1.085,2.921,0.729,5,"uop_p2_q_reg[use_shift]/C","lane_result_q_reg[1][6]/D","P2 lane result capture","FDCE=2;LUT3=1;LUT6=4"
150,0.991,5.000,4.006,1.085,2.921,0.729,5,"uop_p2_q_reg[use_shift]/C","lane_result_q_reg[1][9]/D","P2 lane result capture","FDCE=2;LUT3=1;LUT6=4"
151,0.991,5.000,4.006,1.085,2.921,0.729,5,"uop_p2_q_reg[use_shift]/C","lane_result_q_reg[2][10]/D","P2 lane result capture","FDCE=2;LUT3=1;LUT6=4"
152,0.991,5.000,4.006,1.085,2.921,0.729,5,"uop_p2_q_reg[use_shift]/C","lane_result_q_reg[2][14]/D","P2 lane result capture","FDCE=2;LUT3=1;LUT6=4"
153,0.991,5.000,4.006,1.085,2.921,0.729,5,"uop_p2_q_reg[use_shift]/C","lane_result_q_reg[2][17]/D","P2 lane result capture","FDCE=2;LUT3=1;LUT6=4"
154,0.991,5.000,4.006,1.085,2.921,0.729,5,"uop_p2_q_reg[use_shift]/C","lane_result_q_reg[2][18]/D","P2 lane result capture","FDCE=2;LUT3=1;LUT6=4"
155,0.991,5.000,4.006,1.085,2.921,0.729,5,"uop_p2_q_reg[use_shift]/C","lane_result_q_reg[2][1]/D","P2 lane result capture","FDCE=2;LUT3=1;LUT6=4"
156,0.991,5.000,4.006,1.085,2.921,0.729,5,"uop_p2_q_reg[use_shift]/C","lane_result_q_reg[2][22]/D","P2 lane result capture","FDCE=2;LUT3=1;LUT6=4"
157,0.991,5.000,4.006,1.085,2.921,0.729,5,"uop_p2_q_reg[use_shift]/C","lane_result_q_reg[2][2]/D","P2 lane result capture","FDCE=2;LUT3=1;LUT6=4"
158,0.991,5.000,4.006,1.085,2.921,0.729,5,"uop_p2_q_reg[use_shift]/C","lane_result_q_reg[2][30]/D","P2 lane result capture","FDCE=2;LUT3=1;LUT6=4"
159,0.991,5.000,4.006,1.085,2.921,0.729,5,"uop_p2_q_reg[use_shift]/C","lane_result_q_reg[2][6]/D","P2 lane result capture","FDCE=2;LUT3=1;LUT6=4"
160,0.991,5.000,4.006,1.085,2.921,0.729,5,"uop_p2_q_reg[use_shift]/C","lane_result_q_reg[2][9]/D","P2 lane result capture","FDCE=2;LUT3=1;LUT6=4"
161,0.991,5.000,4.006,1.085,2.921,0.729,5,"uop_p2_q_reg[use_shift]/C","lane_result_q_reg[3][10]/D","P2 lane result capture","FDCE=2;LUT3=1;LUT6=4"
162,0.991,5.000,4.006,1.085,2.921,0.729,5,"uop_p2_q_reg[use_shift]/C","lane_result_q_reg[3][14]/D","P2 lane result capture","FDCE=2;LUT3=1;LUT6=4"
163,0.991,5.000,4.006,1.085,2.921,0.729,5,"uop_p2_q_reg[use_shift]/C","lane_result_q_reg[3][17]/D","P2 lane result capture","FDCE=2;LUT3=1;LUT6=4"
164,0.991,5.000,4.006,1.085,2.921,0.729,5,"uop_p2_q_reg[use_shift]/C","lane_result_q_reg[3][18]/D","P2 lane result capture","FDCE=2;LUT3=1;LUT6=4"
165,0.991,5.000,4.006,1.085,2.921,0.729,5,"uop_p2_q_reg[use_shift]/C","lane_result_q_reg[3][1]/D","P2 lane result capture","FDCE=2;LUT3=1;LUT6=4"
166,0.991,5.000,4.006,1.085,2.921,0.729,5,"uop_p2_q_reg[use_shift]/C","lane_result_q_reg[3][22]/D","P2 lane result capture","FDCE=2;LUT3=1;LUT6=4"
167,0.991,5.000,4.006,1.085,2.921,0.729,5,"uop_p2_q_reg[use_shift]/C","lane_result_q_reg[3][25]/D","P2 lane result capture","FDCE=2;LUT3=1;LUT6=4"
168,0.991,5.000,4.006,1.085,2.921,0.729,5,"uop_p2_q_reg[use_shift]/C","lane_result_q_reg[3][26]/D","P2 lane result capture","FDCE=2;LUT3=1;LUT6=4"
169,0.991,5.000,4.006,1.085,2.921,0.729,5,"uop_p2_q_reg[use_shift]/C","lane_result_q_reg[3][2]/D","P2 lane result capture","FDCE=2;LUT3=1;LUT6=4"
170,0.991,5.000,4.006,1.085,2.921,0.729,5,"uop_p2_q_reg[use_shift]/C","lane_result_q_reg[3][30]/D","P2 lane result capture","FDCE=2;LUT3=1;LUT6=4"
171,0.991,5.000,4.006,1.085,2.921,0.729,5,"uop_p2_q_reg[use_shift]/C","lane_result_q_reg[3][6]/D","P2 lane result capture","FDCE=2;LUT3=1;LUT6=4"
172,0.991,5.000,4.006,1.085,2.921,0.729,5,"uop_p2_q_reg[use_shift]/C","lane_result_q_reg[3][9]/D","P2 lane result capture","FDCE=2;LUT3=1;LUT6=4"
173,0.994,5.000,4.003,1.085,2.918,0.729,5,"uop_p2_q_reg[use_shift]/C","lane_result_q_reg[0][54]/D","P2 lane result capture","FDCE=2;LUT3=1;LUT6=4"
174,0.994,5.000,4.003,1.085,2.918,0.729,5,"uop_p2_q_reg[use_shift]/C","lane_result_q_reg[1][54]/D","P2 lane result capture","FDCE=2;LUT3=1;LUT6=4"
175,0.994,5.000,4.003,1.085,2.918,0.729,5,"uop_p2_q_reg[use_shift]/C","lane_result_q_reg[2][54]/D","P2 lane result capture","FDCE=2;LUT3=1;LUT6=4"
176,0.998,5.000,3.999,1.085,2.914,0.729,5,"uop_p2_q_reg[use_shift]/C","lane_result_q_reg[0][33]/D","P2 lane result capture","FDCE=2;LUT3=1;LUT6=4"
177,0.998,5.000,3.999,1.085,2.914,0.729,5,"uop_p2_q_reg[use_shift]/C","lane_result_q_reg[0][34]/D","P2 lane result capture","FDCE=2;LUT3=1;LUT6=4"
178,0.998,5.000,3.999,1.085,2.914,0.729,5,"uop_p2_q_reg[use_shift]/C","lane_result_q_reg[0][57]/D","P2 lane result capture","FDCE=2;LUT3=1;LUT6=4"
179,0.998,5.000,3.999,1.085,2.914,0.729,5,"uop_p2_q_reg[use_shift]/C","lane_result_q_reg[0][58]/D","P2 lane result capture","FDCE=2;LUT3=1;LUT6=4"
180,0.998,5.000,3.999,1.085,2.914,0.729,5,"uop_p2_q_reg[use_shift]/C","lane_result_q_reg[1][33]/D","P2 lane result capture","FDCE=2;LUT3=1;LUT6=4"
181,0.998,5.000,3.999,1.085,2.914,0.729,5,"uop_p2_q_reg[use_shift]/C","lane_result_q_reg[1][34]/D","P2 lane result capture","FDCE=2;LUT3=1;LUT6=4"
182,0.998,5.000,3.999,1.085,2.914,0.729,5,"uop_p2_q_reg[use_shift]/C","lane_result_q_reg[1][57]/D","P2 lane result capture","FDCE=2;LUT3=1;LUT6=4"
183,0.998,5.000,3.999,1.085,2.914,0.729,5,"uop_p2_q_reg[use_shift]/C","lane_result_q_reg[1][58]/D","P2 lane result capture","FDCE=2;LUT3=1;LUT6=4"
184,0.998,5.000,3.999,1.085,2.914,0.729,5,"uop_p2_q_reg[use_shift]/C","lane_result_q_reg[2][33]/D","P2 lane result capture","FDCE=2;LUT3=1;LUT6=4"
185,0.998,5.000,3.999,1.085,2.914,0.729,5,"uop_p2_q_reg[use_shift]/C","lane_result_q_reg[2][34]/D","P2 lane result capture","FDCE=2;LUT3=1;LUT6=4"
186,0.998,5.000,3.999,1.085,2.914,0.729,5,"uop_p2_q_reg[use_shift]/C","lane_result_q_reg[2][57]/D","P2 lane result capture","FDCE=2;LUT3=1;LUT6=4"
187,0.998,5.000,3.999,1.085,2.914,0.729,5,"uop_p2_q_reg[use_shift]/C","lane_result_q_reg[2][58]/D","P2 lane result capture","FDCE=2;LUT3=1;LUT6=4"
188,1.001,5.000,3.996,1.085,2.911,0.728,5,"uop_p2_q_reg[use_shift]/C","lane_result_q_reg[0][31]/D","P2 lane result capture","FDCE=2;LUT3=1;LUT6=4"
189,1.001,5.000,3.996,1.085,2.911,0.728,5,"uop_p2_q_reg[use_shift]/C","lane_result_q_reg[0][43]/D","P2 lane result capture","FDCE=2;LUT3=1;LUT6=4"
190,1.001,5.000,3.996,1.085,2.911,0.728,5,"uop_p2_q_reg[use_shift]/C","lane_result_q_reg[1][31]/D","P2 lane result capture","FDCE=2;LUT3=1;LUT6=4"
191,1.001,5.000,3.996,1.085,2.911,0.728,5,"uop_p2_q_reg[use_shift]/C","lane_result_q_reg[1][43]/D","P2 lane result capture","FDCE=2;LUT3=1;LUT6=4"
192,1.001,5.000,3.996,1.085,2.911,0.728,5,"uop_p2_q_reg[use_shift]/C","lane_result_q_reg[2][31]/D","P2 lane result capture","FDCE=2;LUT3=1;LUT6=4"
193,1.001,5.000,3.996,1.085,2.911,0.728,5,"uop_p2_q_reg[use_shift]/C","lane_result_q_reg[2][43]/D","P2 lane result capture","FDCE=2;LUT3=1;LUT6=4"
194,1.002,5.000,3.995,1.085,2.910,0.728,5,"uop_p2_q_reg[use_shift]/C","lane_result_q_reg[3][33]/D","P2 lane result capture","FDCE=2;LUT3=1;LUT6=4"
195,1.002,5.000,3.995,1.085,2.910,0.728,5,"uop_p2_q_reg[use_shift]/C","lane_result_q_reg[3][34]/D","P2 lane result capture","FDCE=2;LUT3=1;LUT6=4"
196,1.002,5.000,3.995,1.085,2.910,0.728,5,"uop_p2_q_reg[use_shift]/C","lane_result_q_reg[3][38]/D","P2 lane result capture","FDCE=2;LUT3=1;LUT6=4"
197,1.002,5.000,3.995,1.085,2.910,0.728,5,"uop_p2_q_reg[use_shift]/C","lane_result_q_reg[3][41]/D","P2 lane result capture","FDCE=2;LUT3=1;LUT6=4"
198,1.002,5.000,3.995,1.085,2.910,0.728,5,"uop_p2_q_reg[use_shift]/C","lane_result_q_reg[3][42]/D","P2 lane result capture","FDCE=2;LUT3=1;LUT6=4"
199,1.002,5.000,3.995,1.085,2.910,0.728,5,"uop_p2_q_reg[use_shift]/C","lane_result_q_reg[3][46]/D","P2 lane result capture","FDCE=2;LUT3=1;LUT6=4"
200,1.005,5.000,3.992,1.085,2.907,0.728,5,"uop_p2_q_reg[use_shift]/C","lane_result_q_reg[0][23]/D","P2 lane result capture","FDCE=2;LUT3=1;LUT6=4"
201,1.005,5.000,3.992,1.085,2.907,0.728,5,"uop_p2_q_reg[use_shift]/C","lane_result_q_reg[0][27]/D","P2 lane result capture","FDCE=2;LUT3=1;LUT6=4"
202,1.005,5.000,3.992,1.085,2.907,0.728,5,"uop_p2_q_reg[use_shift]/C","lane_result_q_reg[0][51]/D","P2 lane result capture","FDCE=2;LUT3=1;LUT6=4"
203,1.005,5.000,3.992,1.085,2.907,0.728,5,"uop_p2_q_reg[use_shift]/C","lane_result_q_reg[1][23]/D","P2 lane result capture","FDCE=2;LUT3=1;LUT6=4"
204,1.005,5.000,3.992,1.085,2.907,0.728,5,"uop_p2_q_reg[use_shift]/C","lane_result_q_reg[1][27]/D","P2 lane result capture","FDCE=2;LUT3=1;LUT6=4"
205,1.005,5.000,3.992,1.085,2.907,0.728,5,"uop_p2_q_reg[use_shift]/C","lane_result_q_reg[1][51]/D","P2 lane result capture","FDCE=2;LUT3=1;LUT6=4"
206,1.005,5.000,3.992,1.085,2.907,0.728,5,"uop_p2_q_reg[use_shift]/C","lane_result_q_reg[2][23]/D","P2 lane result capture","FDCE=2;LUT3=1;LUT6=4"
207,1.005,5.000,3.992,1.085,2.907,0.728,5,"uop_p2_q_reg[use_shift]/C","lane_result_q_reg[2][27]/D","P2 lane result capture","FDCE=2;LUT3=1;LUT6=4"
208,1.005,5.000,3.992,1.085,2.907,0.728,5,"uop_p2_q_reg[use_shift]/C","lane_result_q_reg[2][51]/D","P2 lane result capture","FDCE=2;LUT3=1;LUT6=4"
209,1.008,5.000,3.989,1.085,2.904,0.728,5,"uop_p2_q_reg[use_shift]/C","lane_result_q_reg[3][49]/D","P2 lane result capture","FDCE=2;LUT3=1;LUT6=4"
210,1.008,5.000,3.989,1.085,2.904,0.728,5,"uop_p2_q_reg[use_shift]/C","lane_result_q_reg[3][50]/D","P2 lane result capture","FDCE=2;LUT3=1;LUT6=4"
211,1.008,5.000,3.989,1.085,2.904,0.728,5,"uop_p2_q_reg[use_shift]/C","lane_result_q_reg[3][54]/D","P2 lane result capture","FDCE=2;LUT3=1;LUT6=4"
212,1.009,5.000,3.988,1.085,2.903,0.728,5,"uop_p2_q_reg[use_shift]/C","lane_result_q_reg[0][39]/D","P2 lane result capture","FDCE=2;LUT3=1;LUT6=4"
213,1.009,5.000,3.988,1.085,2.903,0.728,5,"uop_p2_q_reg[use_shift]/C","lane_result_q_reg[0][55]/D","P2 lane result capture","FDCE=2;LUT3=1;LUT6=4"
214,1.009,5.000,3.988,1.085,2.903,0.728,5,"uop_p2_q_reg[use_shift]/C","lane_result_q_reg[1][39]/D","P2 lane result capture","FDCE=2;LUT3=1;LUT6=4"
215,1.009,5.000,3.988,1.085,2.903,0.728,5,"uop_p2_q_reg[use_shift]/C","lane_result_q_reg[1][55]/D","P2 lane result capture","FDCE=2;LUT3=1;LUT6=4"
216,1.009,5.000,3.988,1.085,2.903,0.728,5,"uop_p2_q_reg[use_shift]/C","lane_result_q_reg[2][39]/D","P2 lane result capture","FDCE=2;LUT3=1;LUT6=4"
217,1.009,5.000,3.988,1.085,2.903,0.728,5,"uop_p2_q_reg[use_shift]/C","lane_result_q_reg[2][55]/D","P2 lane result capture","FDCE=2;LUT3=1;LUT6=4"
218,1.009,5.000,3.988,1.085,2.903,0.728,5,"uop_p2_q_reg[use_shift]/C","lane_result_q_reg[0][11]/D","P2 lane result capture","FDCE=2;LUT3=1;LUT6=4"
219,1.009,5.000,3.988,1.085,2.903,0.728,5,"uop_p2_q_reg[use_shift]/C","lane_result_q_reg[0][15]/D","P2 lane result capture","FDCE=2;LUT3=1;LUT6=4"
220,1.009,5.000,3.988,1.085,2.903,0.728,5,"uop_p2_q_reg[use_shift]/C","lane_result_q_reg[0][19]/D","P2 lane result capture","FDCE=2;LUT3=1;LUT6=4"
221,1.009,5.000,3.988,1.085,2.903,0.728,5,"uop_p2_q_reg[use_shift]/C","lane_result_q_reg[0][3]/D","P2 lane result capture","FDCE=2;LUT3=1;LUT6=4"
222,1.009,5.000,3.988,1.085,2.903,0.728,5,"uop_p2_q_reg[use_shift]/C","lane_result_q_reg[0][7]/D","P2 lane result capture","FDCE=2;LUT3=1;LUT6=4"
223,1.009,5.000,3.988,1.085,2.903,0.728,5,"uop_p2_q_reg[use_shift]/C","lane_result_q_reg[1][11]/D","P2 lane result capture","FDCE=2;LUT3=1;LUT6=4"
224,1.009,5.000,3.988,1.085,2.903,0.728,5,"uop_p2_q_reg[use_shift]/C","lane_result_q_reg[1][15]/D","P2 lane result capture","FDCE=2;LUT3=1;LUT6=4"
225,1.009,5.000,3.988,1.085,2.903,0.728,5,"uop_p2_q_reg[use_shift]/C","lane_result_q_reg[1][19]/D","P2 lane result capture","FDCE=2;LUT3=1;LUT6=4"
226,1.009,5.000,3.988,1.085,2.903,0.728,5,"uop_p2_q_reg[use_shift]/C","lane_result_q_reg[1][3]/D","P2 lane result capture","FDCE=2;LUT3=1;LUT6=4"
227,1.009,5.000,3.988,1.085,2.903,0.728,5,"uop_p2_q_reg[use_shift]/C","lane_result_q_reg[1][7]/D","P2 lane result capture","FDCE=2;LUT3=1;LUT6=4"
228,1.009,5.000,3.988,1.085,2.903,0.728,5,"uop_p2_q_reg[use_shift]/C","lane_result_q_reg[2][11]/D","P2 lane result capture","FDCE=2;LUT3=1;LUT6=4"
229,1.009,5.000,3.988,1.085,2.903,0.728,5,"uop_p2_q_reg[use_shift]/C","lane_result_q_reg[2][15]/D","P2 lane result capture","FDCE=2;LUT3=1;LUT6=4"
230,1.009,5.000,3.988,1.085,2.903,0.728,5,"uop_p2_q_reg[use_shift]/C","lane_result_q_reg[2][19]/D","P2 lane result capture","FDCE=2;LUT3=1;LUT6=4"
231,1.009,5.000,3.988,1.085,2.903,0.728,5,"uop_p2_q_reg[use_shift]/C","lane_result_q_reg[2][3]/D","P2 lane result capture","FDCE=2;LUT3=1;LUT6=4"
232,1.009,5.000,3.988,1.085,2.903,0.728,5,"uop_p2_q_reg[use_shift]/C","lane_result_q_reg[2][7]/D","P2 lane result capture","FDCE=2;LUT3=1;LUT6=4"
233,1.009,5.000,3.988,1.085,2.903,0.728,5,"uop_p2_q_reg[use_shift]/C","lane_result_q_reg[3][11]/D","P2 lane result capture","FDCE=2;LUT3=1;LUT6=4"
234,1.009,5.000,3.988,1.085,2.903,0.728,5,"uop_p2_q_reg[use_shift]/C","lane_result_q_reg[3][15]/D","P2 lane result capture","FDCE=2;LUT3=1;LUT6=4"
235,1.009,5.000,3.988,1.085,2.903,0.728,5,"uop_p2_q_reg[use_shift]/C","lane_result_q_reg[3][19]/D","P2 lane result capture","FDCE=2;LUT3=1;LUT6=4"
236,1.009,5.000,3.988,1.085,2.903,0.728,5,"uop_p2_q_reg[use_shift]/C","lane_result_q_reg[3][23]/D","P2 lane result capture","FDCE=2;LUT3=1;LUT6=4"
237,1.009,5.000,3.988,1.085,2.903,0.728,5,"uop_p2_q_reg[use_shift]/C","lane_result_q_reg[3][27]/D","P2 lane result capture","FDCE=2;LUT3=1;LUT6=4"
238,1.009,5.000,3.988,1.085,2.903,0.728,5,"uop_p2_q_reg[use_shift]/C","lane_result_q_reg[3][31]/D","P2 lane result capture","FDCE=2;LUT3=1;LUT6=4"
239,1.009,5.000,3.988,1.085,2.903,0.728,5,"uop_p2_q_reg[use_shift]/C","lane_result_q_reg[3][3]/D","P2 lane result capture","FDCE=2;LUT3=1;LUT6=4"
240,1.009,5.000,3.988,1.085,2.903,0.728,5,"uop_p2_q_reg[use_shift]/C","lane_result_q_reg[3][7]/D","P2 lane result capture","FDCE=2;LUT3=1;LUT6=4"
241,1.015,5.000,3.982,1.085,2.897,0.728,5,"uop_p2_q_reg[use_shift]/C","lane_result_q_reg[0][62]/D","P2 lane result capture","FDCE=2;LUT3=1;LUT6=4"
242,1.015,5.000,3.982,1.085,2.897,0.728,5,"uop_p2_q_reg[use_shift]/C","lane_result_q_reg[1][62]/D","P2 lane result capture","FDCE=2;LUT3=1;LUT6=4"
243,1.015,5.000,3.982,1.085,2.897,0.728,5,"uop_p2_q_reg[use_shift]/C","lane_result_q_reg[2][62]/D","P2 lane result capture","FDCE=2;LUT3=1;LUT6=4"
244,1.015,5.000,3.982,1.085,2.897,0.728,5,"uop_p2_q_reg[use_shift]/C","lane_result_q_reg[3][57]/D","P2 lane result capture","FDCE=2;LUT3=1;LUT6=4"
245,1.015,5.000,3.982,1.085,2.897,0.728,5,"uop_p2_q_reg[use_shift]/C","lane_result_q_reg[3][58]/D","P2 lane result capture","FDCE=2;LUT3=1;LUT6=4"
246,1.015,5.000,3.982,1.085,2.897,0.728,5,"uop_p2_q_reg[use_shift]/C","lane_result_q_reg[3][62]/D","P2 lane result capture","FDCE=2;LUT3=1;LUT6=4"
247,1.016,5.000,3.981,1.085,2.896,0.727,5,"uop_p2_q_reg[use_shift]/C","lane_result_q_reg[0][35]/D","P2 lane result capture","FDCE=2;LUT3=1;LUT6=4"
248,1.016,5.000,3.981,1.085,2.896,0.727,5,"uop_p2_q_reg[use_shift]/C","lane_result_q_reg[0][59]/D","P2 lane result capture","FDCE=2;LUT3=1;LUT6=4"
249,1.016,5.000,3.981,1.085,2.896,0.727,5,"uop_p2_q_reg[use_shift]/C","lane_result_q_reg[1][35]/D","P2 lane result capture","FDCE=2;LUT3=1;LUT6=4"
250,1.016,5.000,3.981,1.085,2.896,0.727,5,"uop_p2_q_reg[use_shift]/C","lane_result_q_reg[1][59]/D","P2 lane result capture","FDCE=2;LUT3=1;LUT6=4"
251,1.016,5.000,3.981,1.085,2.896,0.727,5,"uop_p2_q_reg[use_shift]/C","lane_result_q_reg[2][35]/D","P2 lane result capture","FDCE=2;LUT3=1;LUT6=4"
252,1.016,5.000,3.981,1.085,2.896,0.727,5,"uop_p2_q_reg[use_shift]/C","lane_result_q_reg[2][59]/D","P2 lane result capture","FDCE=2;LUT3=1;LUT6=4"
253,1.020,5.000,3.977,1.085,2.892,0.727,5,"uop_p2_q_reg[use_shift]/C","lane_result_q_reg[0][47]/D","P2 lane result capture","FDCE=2;LUT3=1;LUT6=4"
254,1.020,5.000,3.977,1.085,2.892,0.727,5,"uop_p2_q_reg[use_shift]/C","lane_result_q_reg[1][47]/D","P2 lane result capture","FDCE=2;LUT3=1;LUT6=4"
255,1.020,5.000,3.977,1.085,2.892,0.727,5,"uop_p2_q_reg[use_shift]/C","lane_result_q_reg[2][47]/D","P2 lane result capture","FDCE=2;LUT3=1;LUT6=4"
256,1.020,5.000,3.977,1.085,2.892,0.727,5,"uop_p2_q_reg[use_shift]/C","lane_result_q_reg[3][35]/D","P2 lane result capture","FDCE=2;LUT3=1;LUT6=4"
257,1.020,5.000,3.977,1.085,2.892,0.727,5,"uop_p2_q_reg[use_shift]/C","lane_result_q_reg[3][39]/D","P2 lane result capture","FDCE=2;LUT3=1;LUT6=4"
258,1.020,5.000,3.977,1.085,2.892,0.727,5,"uop_p2_q_reg[use_shift]/C","lane_result_q_reg[3][43]/D","P2 lane result capture","FDCE=2;LUT3=1;LUT6=4"
259,1.020,5.000,3.977,1.085,2.892,0.727,5,"uop_p2_q_reg[use_shift]/C","lane_result_q_reg[3][47]/D","P2 lane result capture","FDCE=2;LUT3=1;LUT6=4"
260,1.026,5.000,3.971,1.085,2.886,0.727,5,"uop_p2_q_reg[use_shift]/C","lane_result_q_reg[3][51]/D","P2 lane result capture","FDCE=2;LUT3=1;LUT6=4"
261,1.026,5.000,3.971,1.085,2.886,0.727,5,"uop_p2_q_reg[use_shift]/C","lane_result_q_reg[3][55]/D","P2 lane result capture","FDCE=2;LUT3=1;LUT6=4"
262,1.033,5.000,3.964,1.085,2.879,0.726,5,"uop_p2_q_reg[use_shift]/C","lane_result_q_reg[0][63]/D","P2 lane result capture","FDCE=2;LUT3=1;LUT6=4"
263,1.033,5.000,3.964,1.085,2.879,0.726,5,"uop_p2_q_reg[use_shift]/C","lane_result_q_reg[1][63]/D","P2 lane result capture","FDCE=2;LUT3=1;LUT6=4"
264,1.033,5.000,3.964,1.085,2.879,0.726,5,"uop_p2_q_reg[use_shift]/C","lane_result_q_reg[2][63]/D","P2 lane result capture","FDCE=2;LUT3=1;LUT6=4"
265,1.033,5.000,3.964,1.085,2.879,0.726,5,"uop_p2_q_reg[use_shift]/C","lane_result_q_reg[3][59]/D","P2 lane result capture","FDCE=2;LUT3=1;LUT6=4"
266,1.033,5.000,3.964,1.085,2.879,0.726,5,"uop_p2_q_reg[use_shift]/C","lane_result_q_reg[3][63]/D","P2 lane result capture","FDCE=2;LUT3=1;LUT6=4"
267,1.067,5.000,3.930,1.085,2.845,0.724,5,"uop_p2_q_reg[use_shift]/C","lane_result_q_reg[0][40]/D","P2 lane result capture","FDCE=2;LUT3=1;LUT6=4"
268,1.067,5.000,3.930,1.085,2.845,0.724,5,"uop_p2_q_reg[use_shift]/C","lane_result_q_reg[1][40]/D","P2 lane result capture","FDCE=2;LUT3=1;LUT6=4"
269,1.067,5.000,3.930,1.085,2.845,0.724,5,"uop_p2_q_reg[use_shift]/C","lane_result_q_reg[2][40]/D","P2 lane result capture","FDCE=2;LUT3=1;LUT6=4"
270,1.071,5.000,3.926,1.085,2.841,0.724,5,"uop_p2_q_reg[use_shift]/C","lane_result_q_reg[0][24]/D","P2 lane result capture","FDCE=2;LUT3=1;LUT6=4"
271,1.071,5.000,3.926,1.085,2.841,0.724,5,"uop_p2_q_reg[use_shift]/C","lane_result_q_reg[0][44]/D","P2 lane result capture","FDCE=2;LUT3=1;LUT6=4"
272,1.071,5.000,3.926,1.085,2.841,0.724,5,"uop_p2_q_reg[use_shift]/C","lane_result_q_reg[0][45]/D","P2 lane result capture","FDCE=2;LUT3=1;LUT6=4"
273,1.071,5.000,3.926,1.085,2.841,0.724,5,"uop_p2_q_reg[use_shift]/C","lane_result_q_reg[0][48]/D","P2 lane result capture","FDCE=2;LUT3=1;LUT6=4"
274,1.071,5.000,3.926,1.085,2.841,0.724,5,"uop_p2_q_reg[use_shift]/C","lane_result_q_reg[0][52]/D","P2 lane result capture","FDCE=2;LUT3=1;LUT6=4"
275,1.071,5.000,3.926,1.085,2.841,0.724,5,"uop_p2_q_reg[use_shift]/C","lane_result_q_reg[0][53]/D","P2 lane result capture","FDCE=2;LUT3=1;LUT6=4"
276,1.071,5.000,3.926,1.085,2.841,0.724,5,"uop_p2_q_reg[use_shift]/C","lane_result_q_reg[1][24]/D","P2 lane result capture","FDCE=2;LUT3=1;LUT6=4"
277,1.071,5.000,3.926,1.085,2.841,0.724,5,"uop_p2_q_reg[use_shift]/C","lane_result_q_reg[1][44]/D","P2 lane result capture","FDCE=2;LUT3=1;LUT6=4"
278,1.071,5.000,3.926,1.085,2.841,0.724,5,"uop_p2_q_reg[use_shift]/C","lane_result_q_reg[1][45]/D","P2 lane result capture","FDCE=2;LUT3=1;LUT6=4"
279,1.071,5.000,3.926,1.085,2.841,0.724,5,"uop_p2_q_reg[use_shift]/C","lane_result_q_reg[1][48]/D","P2 lane result capture","FDCE=2;LUT3=1;LUT6=4"
280,1.071,5.000,3.926,1.085,2.841,0.724,5,"uop_p2_q_reg[use_shift]/C","lane_result_q_reg[1][52]/D","P2 lane result capture","FDCE=2;LUT3=1;LUT6=4"
281,1.071,5.000,3.926,1.085,2.841,0.724,5,"uop_p2_q_reg[use_shift]/C","lane_result_q_reg[1][53]/D","P2 lane result capture","FDCE=2;LUT3=1;LUT6=4"
282,1.071,5.000,3.926,1.085,2.841,0.724,5,"uop_p2_q_reg[use_shift]/C","lane_result_q_reg[2][24]/D","P2 lane result capture","FDCE=2;LUT3=1;LUT6=4"
283,1.071,5.000,3.926,1.085,2.841,0.724,5,"uop_p2_q_reg[use_shift]/C","lane_result_q_reg[2][44]/D","P2 lane result capture","FDCE=2;LUT3=1;LUT6=4"
284,1.071,5.000,3.926,1.085,2.841,0.724,5,"uop_p2_q_reg[use_shift]/C","lane_result_q_reg[2][45]/D","P2 lane result capture","FDCE=2;LUT3=1;LUT6=4"
285,1.071,5.000,3.926,1.085,2.841,0.724,5,"uop_p2_q_reg[use_shift]/C","lane_result_q_reg[2][48]/D","P2 lane result capture","FDCE=2;LUT3=1;LUT6=4"
286,1.071,5.000,3.926,1.085,2.841,0.724,5,"uop_p2_q_reg[use_shift]/C","lane_result_q_reg[2][52]/D","P2 lane result capture","FDCE=2;LUT3=1;LUT6=4"
287,1.071,5.000,3.926,1.085,2.841,0.724,5,"uop_p2_q_reg[use_shift]/C","lane_result_q_reg[2][53]/D","P2 lane result capture","FDCE=2;LUT3=1;LUT6=4"
288,1.075,5.000,3.922,1.085,2.837,0.723,5,"uop_p2_q_reg[use_shift]/C","lane_result_q_reg[0][0]/D","P2 lane result capture","FDCE=2;LUT3=1;LUT6=4"
289,1.075,5.000,3.922,1.085,2.837,0.723,5,"uop_p2_q_reg[use_shift]/C","lane_result_q_reg[0][12]/D","P2 lane result capture","FDCE=2;LUT3=1;LUT6=4"
290,1.075,5.000,3.922,1.085,2.837,0.723,5,"uop_p2_q_reg[use_shift]/C","lane_result_q_reg[0][13]/D","P2 lane result capture","FDCE=2;LUT3=1;LUT6=4"
291,1.075,5.000,3.922,1.085,2.837,0.723,5,"uop_p2_q_reg[use_shift]/C","lane_result_q_reg[0][16]/D","P2 lane result capture","FDCE=2;LUT3=1;LUT6=4"
292,1.075,5.000,3.922,1.085,2.837,0.723,5,"uop_p2_q_reg[use_shift]/C","lane_result_q_reg[0][20]/D","P2 lane result capture","FDCE=2;LUT3=1;LUT6=4"
293,1.075,5.000,3.922,1.085,2.837,0.723,5,"uop_p2_q_reg[use_shift]/C","lane_result_q_reg[0][21]/D","P2 lane result capture","FDCE=2;LUT3=1;LUT6=4"
294,1.075,5.000,3.922,1.085,2.837,0.723,5,"uop_p2_q_reg[use_shift]/C","lane_result_q_reg[0][28]/D","P2 lane result capture","FDCE=2;LUT3=1;LUT6=4"
295,1.075,5.000,3.922,1.085,2.837,0.723,5,"uop_p2_q_reg[use_shift]/C","lane_result_q_reg[0][29]/D","P2 lane result capture","FDCE=2;LUT3=1;LUT6=4"
296,1.075,5.000,3.922,1.085,2.837,0.723,5,"uop_p2_q_reg[use_shift]/C","lane_result_q_reg[0][36]/D","P2 lane result capture","FDCE=2;LUT3=1;LUT6=4"
297,1.075,5.000,3.922,1.085,2.837,0.723,5,"uop_p2_q_reg[use_shift]/C","lane_result_q_reg[0][37]/D","P2 lane result capture","FDCE=2;LUT3=1;LUT6=4"
298,1.075,5.000,3.922,1.085,2.837,0.723,5,"uop_p2_q_reg[use_shift]/C","lane_result_q_reg[0][4]/D","P2 lane result capture","FDCE=2;LUT3=1;LUT6=4"
299,1.075,5.000,3.922,1.085,2.837,0.723,5,"uop_p2_q_reg[use_shift]/C","lane_result_q_reg[0][5]/D","P2 lane result capture","FDCE=2;LUT3=1;LUT6=4"
300,1.075,5.000,3.922,1.085,2.837,0.723,5,"uop_p2_q_reg[use_shift]/C","lane_result_q_reg[0][8]/D","P2 lane result capture","FDCE=2;LUT3=1;LUT6=4"
301,1.075,5.000,3.922,1.085,2.837,0.723,5,"uop_p2_q_reg[use_shift]/C","lane_result_q_reg[1][0]/D","P2 lane result capture","FDCE=2;LUT3=1;LUT6=4"
302,1.075,5.000,3.922,1.085,2.837,0.723,5,"uop_p2_q_reg[use_shift]/C","lane_result_q_reg[1][12]/D","P2 lane result capture","FDCE=2;LUT3=1;LUT6=4"
303,1.075,5.000,3.922,1.085,2.837,0.723,5,"uop_p2_q_reg[use_shift]/C","lane_result_q_reg[1][13]/D","P2 lane result capture","FDCE=2;LUT3=1;LUT6=4"
304,1.075,5.000,3.922,1.085,2.837,0.723,5,"uop_p2_q_reg[use_shift]/C","lane_result_q_reg[1][16]/D","P2 lane result capture","FDCE=2;LUT3=1;LUT6=4"
305,1.075,5.000,3.922,1.085,2.837,0.723,5,"uop_p2_q_reg[use_shift]/C","lane_result_q_reg[1][20]/D","P2 lane result capture","FDCE=2;LUT3=1;LUT6=4"
306,1.075,5.000,3.922,1.085,2.837,0.723,5,"uop_p2_q_reg[use_shift]/C","lane_result_q_reg[1][21]/D","P2 lane result capture","FDCE=2;LUT3=1;LUT6=4"
307,1.075,5.000,3.922,1.085,2.837,0.723,5,"uop_p2_q_reg[use_shift]/C","lane_result_q_reg[1][28]/D","P2 lane result capture","FDCE=2;LUT3=1;LUT6=4"
308,1.075,5.000,3.922,1.085,2.837,0.723,5,"uop_p2_q_reg[use_shift]/C","lane_result_q_reg[1][29]/D","P2 lane result capture","FDCE=2;LUT3=1;LUT6=4"
309,1.075,5.000,3.922,1.085,2.837,0.723,5,"uop_p2_q_reg[use_shift]/C","lane_result_q_reg[1][36]/D","P2 lane result capture","FDCE=2;LUT3=1;LUT6=4"
310,1.075,5.000,3.922,1.085,2.837,0.723,5,"uop_p2_q_reg[use_shift]/C","lane_result_q_reg[1][37]/D","P2 lane result capture","FDCE=2;LUT3=1;LUT6=4"
311,1.075,5.000,3.922,1.085,2.837,0.723,5,"uop_p2_q_reg[use_shift]/C","lane_result_q_reg[1][4]/D","P2 lane result capture","FDCE=2;LUT3=1;LUT6=4"
312,1.075,5.000,3.922,1.085,2.837,0.723,5,"uop_p2_q_reg[use_shift]/C","lane_result_q_reg[1][5]/D","P2 lane result capture","FDCE=2;LUT3=1;LUT6=4"
313,1.075,5.000,3.922,1.085,2.837,0.723,5,"uop_p2_q_reg[use_shift]/C","lane_result_q_reg[1][8]/D","P2 lane result capture","FDCE=2;LUT3=1;LUT6=4"
314,1.075,5.000,3.922,1.085,2.837,0.723,5,"uop_p2_q_reg[use_shift]/C","lane_result_q_reg[2][0]/D","P2 lane result capture","FDCE=2;LUT3=1;LUT6=4"
315,1.075,5.000,3.922,1.085,2.837,0.723,5,"uop_p2_q_reg[use_shift]/C","lane_result_q_reg[2][12]/D","P2 lane result capture","FDCE=2;LUT3=1;LUT6=4"
316,1.075,5.000,3.922,1.085,2.837,0.723,5,"uop_p2_q_reg[use_shift]/C","lane_result_q_reg[2][13]/D","P2 lane result capture","FDCE=2;LUT3=1;LUT6=4"
317,1.075,5.000,3.922,1.085,2.837,0.723,5,"uop_p2_q_reg[use_shift]/C","lane_result_q_reg[2][16]/D","P2 lane result capture","FDCE=2;LUT3=1;LUT6=4"
318,1.075,5.000,3.922,1.085,2.837,0.723,5,"uop_p2_q_reg[use_shift]/C","lane_result_q_reg[2][20]/D","P2 lane result capture","FDCE=2;LUT3=1;LUT6=4"
319,1.075,5.000,3.922,1.085,2.837,0.723,5,"uop_p2_q_reg[use_shift]/C","lane_result_q_reg[2][21]/D","P2 lane result capture","FDCE=2;LUT3=1;LUT6=4"
320,1.075,5.000,3.922,1.085,2.837,0.723,5,"uop_p2_q_reg[use_shift]/C","lane_result_q_reg[2][28]/D","P2 lane result capture","FDCE=2;LUT3=1;LUT6=4"
321,1.075,5.000,3.922,1.085,2.837,0.723,5,"uop_p2_q_reg[use_shift]/C","lane_result_q_reg[2][29]/D","P2 lane result capture","FDCE=2;LUT3=1;LUT6=4"
322,1.075,5.000,3.922,1.085,2.837,0.723,5,"uop_p2_q_reg[use_shift]/C","lane_result_q_reg[2][36]/D","P2 lane result capture","FDCE=2;LUT3=1;LUT6=4"
323,1.075,5.000,3.922,1.085,2.837,0.723,5,"uop_p2_q_reg[use_shift]/C","lane_result_q_reg[2][37]/D","P2 lane result capture","FDCE=2;LUT3=1;LUT6=4"
324,1.075,5.000,3.922,1.085,2.837,0.723,5,"uop_p2_q_reg[use_shift]/C","lane_result_q_reg[2][4]/D","P2 lane result capture","FDCE=2;LUT3=1;LUT6=4"
325,1.075,5.000,3.922,1.085,2.837,0.723,5,"uop_p2_q_reg[use_shift]/C","lane_result_q_reg[2][5]/D","P2 lane result capture","FDCE=2;LUT3=1;LUT6=4"
326,1.075,5.000,3.922,1.085,2.837,0.723,5,"uop_p2_q_reg[use_shift]/C","lane_result_q_reg[2][8]/D","P2 lane result capture","FDCE=2;LUT3=1;LUT6=4"
327,1.075,5.000,3.922,1.085,2.837,0.723,5,"uop_p2_q_reg[use_shift]/C","lane_result_q_reg[3][0]/D","P2 lane result capture","FDCE=2;LUT3=1;LUT6=4"
328,1.075,5.000,3.922,1.085,2.837,0.723,5,"uop_p2_q_reg[use_shift]/C","lane_result_q_reg[3][12]/D","P2 lane result capture","FDCE=2;LUT3=1;LUT6=4"
329,1.075,5.000,3.922,1.085,2.837,0.723,5,"uop_p2_q_reg[use_shift]/C","lane_result_q_reg[3][13]/D","P2 lane result capture","FDCE=2;LUT3=1;LUT6=4"
330,1.075,5.000,3.922,1.085,2.837,0.723,5,"uop_p2_q_reg[use_shift]/C","lane_result_q_reg[3][16]/D","P2 lane result capture","FDCE=2;LUT3=1;LUT6=4"
331,1.075,5.000,3.922,1.085,2.837,0.723,5,"uop_p2_q_reg[use_shift]/C","lane_result_q_reg[3][20]/D","P2 lane result capture","FDCE=2;LUT3=1;LUT6=4"
332,1.075,5.000,3.922,1.085,2.837,0.723,5,"uop_p2_q_reg[use_shift]/C","lane_result_q_reg[3][21]/D","P2 lane result capture","FDCE=2;LUT3=1;LUT6=4"
333,1.075,5.000,3.922,1.085,2.837,0.723,5,"uop_p2_q_reg[use_shift]/C","lane_result_q_reg[3][24]/D","P2 lane result capture","FDCE=2;LUT3=1;LUT6=4"
334,1.075,5.000,3.922,1.085,2.837,0.723,5,"uop_p2_q_reg[use_shift]/C","lane_result_q_reg[3][28]/D","P2 lane result capture","FDCE=2;LUT3=1;LUT6=4"
335,1.075,5.000,3.922,1.085,2.837,0.723,5,"uop_p2_q_reg[use_shift]/C","lane_result_q_reg[3][29]/D","P2 lane result capture","FDCE=2;LUT3=1;LUT6=4"
336,1.075,5.000,3.922,1.085,2.837,0.723,5,"uop_p2_q_reg[use_shift]/C","lane_result_q_reg[3][4]/D","P2 lane result capture","FDCE=2;LUT3=1;LUT6=4"
337,1.075,5.000,3.922,1.085,2.837,0.723,5,"uop_p2_q_reg[use_shift]/C","lane_result_q_reg[3][5]/D","P2 lane result capture","FDCE=2;LUT3=1;LUT6=4"
338,1.075,5.000,3.922,1.085,2.837,0.723,5,"uop_p2_q_reg[use_shift]/C","lane_result_q_reg[3][8]/D","P2 lane result capture","FDCE=2;LUT3=1;LUT6=4"
339,1.082,5.000,3.915,1.085,2.830,0.723,5,"uop_p2_q_reg[use_shift]/C","lane_result_q_reg[0][32]/D","P2 lane result capture","FDCE=2;LUT3=1;LUT6=4"
340,1.082,5.000,3.915,1.085,2.830,0.723,5,"uop_p2_q_reg[use_shift]/C","lane_result_q_reg[0][56]/D","P2 lane result capture","FDCE=2;LUT3=1;LUT6=4"
341,1.082,5.000,3.915,1.085,2.830,0.723,5,"uop_p2_q_reg[use_shift]/C","lane_result_q_reg[0][60]/D","P2 lane result capture","FDCE=2;LUT3=1;LUT6=4"
342,1.082,5.000,3.915,1.085,2.830,0.723,5,"uop_p2_q_reg[use_shift]/C","lane_result_q_reg[0][61]/D","P2 lane result capture","FDCE=2;LUT3=1;LUT6=4"
343,1.082,5.000,3.915,1.085,2.830,0.723,5,"uop_p2_q_reg[use_shift]/C","lane_result_q_reg[1][32]/D","P2 lane result capture","FDCE=2;LUT3=1;LUT6=4"
344,1.082,5.000,3.915,1.085,2.830,0.723,5,"uop_p2_q_reg[use_shift]/C","lane_result_q_reg[1][56]/D","P2 lane result capture","FDCE=2;LUT3=1;LUT6=4"
345,1.082,5.000,3.915,1.085,2.830,0.723,5,"uop_p2_q_reg[use_shift]/C","lane_result_q_reg[1][60]/D","P2 lane result capture","FDCE=2;LUT3=1;LUT6=4"
346,1.082,5.000,3.915,1.085,2.830,0.723,5,"uop_p2_q_reg[use_shift]/C","lane_result_q_reg[1][61]/D","P2 lane result capture","FDCE=2;LUT3=1;LUT6=4"
347,1.082,5.000,3.915,1.085,2.830,0.723,5,"uop_p2_q_reg[use_shift]/C","lane_result_q_reg[2][32]/D","P2 lane result capture","FDCE=2;LUT3=1;LUT6=4"
348,1.082,5.000,3.915,1.085,2.830,0.723,5,"uop_p2_q_reg[use_shift]/C","lane_result_q_reg[2][56]/D","P2 lane result capture","FDCE=2;LUT3=1;LUT6=4"
349,1.082,5.000,3.915,1.085,2.830,0.723,5,"uop_p2_q_reg[use_shift]/C","lane_result_q_reg[2][60]/D","P2 lane result capture","FDCE=2;LUT3=1;LUT6=4"
350,1.082,5.000,3.915,1.085,2.830,0.723,5,"uop_p2_q_reg[use_shift]/C","lane_result_q_reg[2][61]/D","P2 lane result capture","FDCE=2;LUT3=1;LUT6=4"
351,1.086,5.000,3.911,1.085,2.826,0.723,5,"uop_p2_q_reg[use_shift]/C","lane_result_q_reg[3][32]/D","P2 lane result capture","FDCE=2;LUT3=1;LUT6=4"
352,1.086,5.000,3.911,1.085,2.826,0.723,5,"uop_p2_q_reg[use_shift]/C","lane_result_q_reg[3][36]/D","P2 lane result capture","FDCE=2;LUT3=1;LUT6=4"
353,1.086,5.000,3.911,1.085,2.826,0.723,5,"uop_p2_q_reg[use_shift]/C","lane_result_q_reg[3][37]/D","P2 lane result capture","FDCE=2;LUT3=1;LUT6=4"
354,1.086,5.000,3.911,1.085,2.826,0.723,5,"uop_p2_q_reg[use_shift]/C","lane_result_q_reg[3][40]/D","P2 lane result capture","FDCE=2;LUT3=1;LUT6=4"
355,1.086,5.000,3.911,1.085,2.826,0.723,5,"uop_p2_q_reg[use_shift]/C","lane_result_q_reg[3][44]/D","P2 lane result capture","FDCE=2;LUT3=1;LUT6=4"
356,1.086,5.000,3.911,1.085,2.826,0.723,5,"uop_p2_q_reg[use_shift]/C","lane_result_q_reg[3][45]/D","P2 lane result capture","FDCE=2;LUT3=1;LUT6=4"
357,1.092,5.000,3.905,1.085,2.820,0.722,5,"uop_p2_q_reg[use_shift]/C","lane_result_q_reg[3][48]/D","P2 lane result capture","FDCE=2;LUT3=1;LUT6=4"
358,1.092,5.000,3.905,1.085,2.820,0.722,5,"uop_p2_q_reg[use_shift]/C","lane_result_q_reg[3][52]/D","P2 lane result capture","FDCE=2;LUT3=1;LUT6=4"
359,1.092,5.000,3.905,1.085,2.820,0.722,5,"uop_p2_q_reg[use_shift]/C","lane_result_q_reg[3][53]/D","P2 lane result capture","FDCE=2;LUT3=1;LUT6=4"
360,1.099,5.000,3.898,1.085,2.813,0.722,5,"uop_p2_q_reg[use_shift]/C","lane_result_q_reg[3][56]/D","P2 lane result capture","FDCE=2;LUT3=1;LUT6=4"
361,1.099,5.000,3.898,1.085,2.813,0.722,5,"uop_p2_q_reg[use_shift]/C","lane_result_q_reg[3][60]/D","P2 lane result capture","FDCE=2;LUT3=1;LUT6=4"
362,1.099,5.000,3.898,1.085,2.813,0.722,5,"uop_p2_q_reg[use_shift]/C","lane_result_q_reg[3][61]/D","P2 lane result capture","FDCE=2;LUT3=1;LUT6=4"
363,1.128,5.000,3.869,1.000,2.869,0.742,4,"gen_lane[0].i_p2_pop_slice/bool_result_q_reg[17]/C","gen_lane[0].i_p2_pop_slice/popcount_part_q_o_reg[0][1]/D","P2 popcount capture","FDCE=2;LUT3=1;LUT5=2;LUT6=1"
364,1.128,5.000,3.869,1.000,2.869,0.742,4,"gen_lane[0].i_p2_pop_slice/bool_result_q_reg[49]/C","gen_lane[0].i_p2_pop_slice/popcount_part_q_o_reg[1][1]/D","P2 popcount capture","FDCE=2;LUT3=1;LUT5=2;LUT6=1"
365,1.128,5.000,3.869,1.000,2.869,0.742,4,"gen_lane[1].i_p2_pop_slice/bool_result_q_reg[17]/C","gen_lane[1].i_p2_pop_slice/popcount_part_q_o_reg[0][1]/D","P2 popcount capture","FDCE=2;LUT3=1;LUT5=2;LUT6=1"
366,1.128,5.000,3.869,1.000,2.869,0.742,4,"gen_lane[1].i_p2_pop_slice/bool_result_q_reg[49]/C","gen_lane[1].i_p2_pop_slice/popcount_part_q_o_reg[1][1]/D","P2 popcount capture","FDCE=2;LUT3=1;LUT5=2;LUT6=1"
367,1.128,5.000,3.869,1.000,2.869,0.742,4,"gen_lane[2].i_p2_pop_slice/bool_result_q_reg[17]/C","gen_lane[2].i_p2_pop_slice/popcount_part_q_o_reg[0][1]/D","P2 popcount capture","FDCE=2;LUT3=1;LUT5=2;LUT6=1"
368,1.128,5.000,3.869,1.000,2.869,0.742,4,"gen_lane[2].i_p2_pop_slice/bool_result_q_reg[49]/C","gen_lane[2].i_p2_pop_slice/popcount_part_q_o_reg[1][1]/D","P2 popcount capture","FDCE=2;LUT3=1;LUT5=2;LUT6=1"
369,1.128,5.000,3.869,1.000,2.869,0.742,4,"gen_lane[3].i_p2_pop_slice/bool_result_q_reg[17]/C","gen_lane[3].i_p2_pop_slice/popcount_part_q_o_reg[0][1]/D","P2 popcount capture","FDCE=2;LUT3=1;LUT5=2;LUT6=1"
370,1.128,5.000,3.869,1.000,2.869,0.742,4,"gen_lane[3].i_p2_pop_slice/bool_result_q_reg[49]/C","gen_lane[3].i_p2_pop_slice/popcount_part_q_o_reg[1][1]/D","P2 popcount capture","FDCE=2;LUT3=1;LUT5=2;LUT6=1"
371,1.251,5.000,3.467,0.980,2.487,0.717,4,"ecc_leaf_id_q_reg[1]/C","ecc_product_even_reg_0_3_32_32/DP/I","other","FDCE=1;LUT6=4;RAMD32=1"
372,1.251,5.000,3.467,0.980,2.487,0.717,4,"ecc_leaf_id_q_reg[1]/C","ecc_product_even_reg_0_3_33_33/DP/I","other","FDCE=1;LUT6=4;RAMD32=1"
373,1.251,5.000,3.467,0.980,2.487,0.717,4,"ecc_leaf_id_q_reg[1]/C","ecc_product_even_reg_0_3_34_34/DP/I","other","FDCE=1;LUT6=4;RAMD32=1"
374,1.251,5.000,3.467,0.980,2.487,0.717,4,"ecc_leaf_id_q_reg[1]/C","ecc_product_even_reg_0_3_35_35/DP/I","other","FDCE=1;LUT6=4;RAMD32=1"
375,1.251,5.000,3.467,0.980,2.487,0.717,4,"ecc_leaf_id_q_reg[1]/C","ecc_product_even_reg_0_3_36_36/DP/I","other","FDCE=1;LUT6=4;RAMD32=1"
376,1.251,5.000,3.467,0.980,2.487,0.717,4,"ecc_leaf_id_q_reg[1]/C","ecc_product_even_reg_0_3_37_37/DP/I","other","FDCE=1;LUT6=4;RAMD32=1"
377,1.251,5.000,3.467,0.980,2.487,0.717,4,"ecc_leaf_id_q_reg[1]/C","ecc_product_even_reg_0_3_38_38/DP/I","other","FDCE=1;LUT6=4;RAMD32=1"
378,1.251,5.000,3.467,0.980,2.487,0.717,4,"ecc_leaf_id_q_reg[1]/C","ecc_product_even_reg_0_3_39_39/DP/I","other","FDCE=1;LUT6=4;RAMD32=1"
379,1.251,5.000,3.467,0.980,2.487,0.717,4,"ecc_leaf_id_q_reg[1]/C","ecc_product_even_reg_0_3_40_40/DP/I","other","FDCE=1;LUT6=4;RAMD32=1"
380,1.251,5.000,3.467,0.980,2.487,0.717,4,"ecc_leaf_id_q_reg[1]/C","ecc_product_even_reg_0_3_41_41/DP/I","other","FDCE=1;LUT6=4;RAMD32=1"
381,1.251,5.000,3.467,0.980,2.487,0.717,4,"ecc_leaf_id_q_reg[1]/C","ecc_product_even_reg_0_3_42_42/DP/I","other","FDCE=1;LUT6=4;RAMD32=1"
382,1.251,5.000,3.467,0.980,2.487,0.717,4,"ecc_leaf_id_q_reg[1]/C","ecc_product_even_reg_0_3_43_43/DP/I","other","FDCE=1;LUT6=4;RAMD32=1"
383,1.251,5.000,3.467,0.980,2.487,0.717,4,"ecc_leaf_id_q_reg[1]/C","ecc_product_even_reg_0_3_44_44/DP/I","other","FDCE=1;LUT6=4;RAMD32=1"
384,1.251,5.000,3.467,0.980,2.487,0.717,4,"ecc_leaf_id_q_reg[1]/C","ecc_product_even_reg_0_3_45_45/DP/I","other","FDCE=1;LUT6=4;RAMD32=1"
385,1.251,5.000,3.467,0.980,2.487,0.717,4,"ecc_leaf_id_q_reg[1]/C","ecc_product_even_reg_0_3_46_46/DP/I","other","FDCE=1;LUT6=4;RAMD32=1"
386,1.251,5.000,3.467,0.980,2.487,0.717,4,"ecc_leaf_id_q_reg[1]/C","ecc_product_even_reg_0_3_47_47/DP/I","other","FDCE=1;LUT6=4;RAMD32=1"
387,1.251,5.000,3.467,0.980,2.487,0.717,4,"ecc_leaf_id_q_reg[1]/C","ecc_product_even_reg_0_3_48_48/DP/I","other","FDCE=1;LUT6=4;RAMD32=1"
388,1.251,5.000,3.467,0.980,2.487,0.717,4,"ecc_leaf_id_q_reg[1]/C","ecc_product_even_reg_0_3_49_49/DP/I","other","FDCE=1;LUT6=4;RAMD32=1"
389,1.251,5.000,3.467,0.980,2.487,0.717,4,"ecc_leaf_id_q_reg[1]/C","ecc_product_even_reg_0_3_50_50/DP/I","other","FDCE=1;LUT6=4;RAMD32=1"
390,1.251,5.000,3.467,0.980,2.487,0.717,4,"ecc_leaf_id_q_reg[1]/C","ecc_product_even_reg_0_3_51_51/DP/I","other","FDCE=1;LUT6=4;RAMD32=1"
391,1.251,5.000,3.467,0.980,2.487,0.717,4,"ecc_leaf_id_q_reg[1]/C","ecc_product_even_reg_0_3_52_52/DP/I","other","FDCE=1;LUT6=4;RAMD32=1"
392,1.251,5.000,3.467,0.980,2.487,0.717,4,"ecc_leaf_id_q_reg[1]/C","ecc_product_even_reg_0_3_53_53/DP/I","other","FDCE=1;LUT6=4;RAMD32=1"
393,1.251,5.000,3.467,0.980,2.487,0.717,4,"ecc_leaf_id_q_reg[1]/C","ecc_product_even_reg_0_3_54_54/DP/I","other","FDCE=1;LUT6=4;RAMD32=1"
394,1.251,5.000,3.467,0.980,2.487,0.717,4,"ecc_leaf_id_q_reg[1]/C","ecc_product_even_reg_0_3_55_55/DP/I","other","FDCE=1;LUT6=4;RAMD32=1"
395,1.251,5.000,3.467,0.980,2.487,0.717,4,"ecc_leaf_id_q_reg[1]/C","ecc_product_even_reg_0_3_56_56/DP/I","other","FDCE=1;LUT6=4;RAMD32=1"
396,1.251,5.000,3.467,0.980,2.487,0.717,4,"ecc_leaf_id_q_reg[1]/C","ecc_product_even_reg_0_3_57_57/DP/I","other","FDCE=1;LUT6=4;RAMD32=1"
397,1.251,5.000,3.467,0.980,2.487,0.717,4,"ecc_leaf_id_q_reg[1]/C","ecc_product_even_reg_0_3_58_58/DP/I","other","FDCE=1;LUT6=4;RAMD32=1"
398,1.251,5.000,3.467,0.980,2.487,0.717,4,"ecc_leaf_id_q_reg[1]/C","ecc_product_even_reg_0_3_59_59/DP/I","other","FDCE=1;LUT6=4;RAMD32=1"
399,1.251,5.000,3.467,0.980,2.487,0.717,4,"ecc_leaf_id_q_reg[1]/C","ecc_product_even_reg_0_3_60_60/DP/I","other","FDCE=1;LUT6=4;RAMD32=1"
400,1.251,5.000,3.467,0.980,2.487,0.717,4,"ecc_leaf_id_q_reg[1]/C","ecc_product_even_reg_0_3_61_61/DP/I","other","FDCE=1;LUT6=4;RAMD32=1"
401,1.251,5.000,3.467,0.980,2.487,0.717,4,"ecc_leaf_id_q_reg[1]/C","ecc_product_even_reg_0_3_62_62/DP/I","other","FDCE=1;LUT6=4;RAMD32=1"
402,1.251,5.000,3.467,0.980,2.487,0.717,4,"ecc_leaf_id_q_reg[1]/C","ecc_product_even_reg_0_3_63_63/DP/I","other","FDCE=1;LUT4=1;LUT6=3;RAMD32=1"
403,1.251,5.000,3.467,0.980,2.487,0.717,4,"ecc_leaf_id_q_reg[1]/C","ecc_product_odd_reg_0_3_0_0/DP/I","other","FDCE=1;LUT6=4;RAMD32=1"
404,1.251,5.000,3.467,0.980,2.487,0.717,4,"ecc_leaf_id_q_reg[1]/C","ecc_product_odd_reg_0_3_10_10/DP/I","other","FDCE=1;LUT6=4;RAMD32=1"
405,1.251,5.000,3.467,0.980,2.487,0.717,4,"ecc_leaf_id_q_reg[1]/C","ecc_product_odd_reg_0_3_11_11/DP/I","other","FDCE=1;LUT6=4;RAMD32=1"
406,1.251,5.000,3.467,0.980,2.487,0.717,4,"ecc_leaf_id_q_reg[1]/C","ecc_product_odd_reg_0_3_12_12/DP/I","other","FDCE=1;LUT6=4;RAMD32=1"
407,1.251,5.000,3.467,0.980,2.487,0.717,4,"ecc_leaf_id_q_reg[1]/C","ecc_product_odd_reg_0_3_13_13/DP/I","other","FDCE=1;LUT6=4;RAMD32=1"
408,1.251,5.000,3.467,0.980,2.487,0.717,4,"ecc_leaf_id_q_reg[1]/C","ecc_product_odd_reg_0_3_14_14/DP/I","other","FDCE=1;LUT6=4;RAMD32=1"
409,1.251,5.000,3.467,0.980,2.487,0.717,4,"ecc_leaf_id_q_reg[1]/C","ecc_product_odd_reg_0_3_15_15/DP/I","other","FDCE=1;LUT6=4;RAMD32=1"
410,1.251,5.000,3.467,0.980,2.487,0.717,4,"ecc_leaf_id_q_reg[1]/C","ecc_product_odd_reg_0_3_16_16/DP/I","other","FDCE=1;LUT6=4;RAMD32=1"
411,1.251,5.000,3.467,0.980,2.487,0.717,4,"ecc_leaf_id_q_reg[1]/C","ecc_product_odd_reg_0_3_17_17/DP/I","other","FDCE=1;LUT6=4;RAMD32=1"
412,1.251,5.000,3.467,0.980,2.487,0.717,4,"ecc_leaf_id_q_reg[1]/C","ecc_product_odd_reg_0_3_18_18/DP/I","other","FDCE=1;LUT6=4;RAMD32=1"
413,1.251,5.000,3.467,0.980,2.487,0.717,4,"ecc_leaf_id_q_reg[1]/C","ecc_product_odd_reg_0_3_19_19/DP/I","other","FDCE=1;LUT6=4;RAMD32=1"
414,1.251,5.000,3.467,0.980,2.487,0.717,4,"ecc_leaf_id_q_reg[1]/C","ecc_product_odd_reg_0_3_1_1/DP/I","other","FDCE=1;LUT6=4;RAMD32=1"
415,1.251,5.000,3.467,0.980,2.487,0.717,4,"ecc_leaf_id_q_reg[1]/C","ecc_product_odd_reg_0_3_20_20/DP/I","other","FDCE=1;LUT6=4;RAMD32=1"
416,1.251,5.000,3.467,0.980,2.487,0.717,4,"ecc_leaf_id_q_reg[1]/C","ecc_product_odd_reg_0_3_21_21/DP/I","other","FDCE=1;LUT6=4;RAMD32=1"
417,1.251,5.000,3.467,0.980,2.487,0.717,4,"ecc_leaf_id_q_reg[1]/C","ecc_product_odd_reg_0_3_22_22/DP/I","other","FDCE=1;LUT6=4;RAMD32=1"
418,1.251,5.000,3.467,0.980,2.487,0.717,4,"ecc_leaf_id_q_reg[1]/C","ecc_product_odd_reg_0_3_23_23/DP/I","other","FDCE=1;LUT6=4;RAMD32=1"
419,1.251,5.000,3.467,0.980,2.487,0.717,4,"ecc_leaf_id_q_reg[1]/C","ecc_product_odd_reg_0_3_24_24/DP/I","other","FDCE=1;LUT6=4;RAMD32=1"
420,1.251,5.000,3.467,0.980,2.487,0.717,4,"ecc_leaf_id_q_reg[1]/C","ecc_product_odd_reg_0_3_25_25/DP/I","other","FDCE=1;LUT6=4;RAMD32=1"
421,1.251,5.000,3.467,0.980,2.487,0.717,4,"ecc_leaf_id_q_reg[1]/C","ecc_product_odd_reg_0_3_26_26/DP/I","other","FDCE=1;LUT6=4;RAMD32=1"
422,1.251,5.000,3.467,0.980,2.487,0.717,4,"ecc_leaf_id_q_reg[1]/C","ecc_product_odd_reg_0_3_27_27/DP/I","other","FDCE=1;LUT6=4;RAMD32=1"
423,1.251,5.000,3.467,0.980,2.487,0.717,4,"ecc_leaf_id_q_reg[1]/C","ecc_product_odd_reg_0_3_28_28/DP/I","other","FDCE=1;LUT6=4;RAMD32=1"
424,1.251,5.000,3.467,0.980,2.487,0.717,4,"ecc_leaf_id_q_reg[1]/C","ecc_product_odd_reg_0_3_29_29/DP/I","other","FDCE=1;LUT6=4;RAMD32=1"
425,1.251,5.000,3.467,0.980,2.487,0.717,4,"ecc_leaf_id_q_reg[1]/C","ecc_product_odd_reg_0_3_2_2/DP/I","other","FDCE=1;LUT6=4;RAMD32=1"
426,1.251,5.000,3.467,0.980,2.487,0.717,4,"ecc_leaf_id_q_reg[1]/C","ecc_product_odd_reg_0_3_30_30/DP/I","other","FDCE=1;LUT6=4;RAMD32=1"
427,1.251,5.000,3.467,0.980,2.487,0.717,4,"ecc_leaf_id_q_reg[1]/C","ecc_product_odd_reg_0_3_3_3/DP/I","other","FDCE=1;LUT6=4;RAMD32=1"
428,1.251,5.000,3.467,0.980,2.487,0.717,4,"ecc_leaf_id_q_reg[1]/C","ecc_product_odd_reg_0_3_4_4/DP/I","other","FDCE=1;LUT6=4;RAMD32=1"
429,1.251,5.000,3.467,0.980,2.487,0.717,4,"ecc_leaf_id_q_reg[1]/C","ecc_product_odd_reg_0_3_5_5/DP/I","other","FDCE=1;LUT6=4;RAMD32=1"
430,1.251,5.000,3.467,0.980,2.487,0.717,4,"ecc_leaf_id_q_reg[1]/C","ecc_product_odd_reg_0_3_6_6/DP/I","other","FDCE=1;LUT6=4;RAMD32=1"
431,1.251,5.000,3.467,0.980,2.487,0.717,4,"ecc_leaf_id_q_reg[1]/C","ecc_product_odd_reg_0_3_7_7/DP/I","other","FDCE=1;LUT6=4;RAMD32=1"
432,1.251,5.000,3.467,0.980,2.487,0.717,4,"ecc_leaf_id_q_reg[1]/C","ecc_product_odd_reg_0_3_8_8/DP/I","other","FDCE=1;LUT6=4;RAMD32=1"
433,1.251,5.000,3.467,0.980,2.487,0.717,4,"ecc_leaf_id_q_reg[1]/C","ecc_product_odd_reg_0_3_9_9/DP/I","other","FDCE=1;LUT6=4;RAMD32=1"
434,1.286,5.000,3.467,0.980,2.487,0.717,4,"ecc_leaf_id_q_reg[1]/C","ecc_product_even_reg_0_3_32_32/SP/I","other","FDCE=1;LUT6=4;RAMD32=1"
435,1.286,5.000,3.467,0.980,2.487,0.717,4,"ecc_leaf_id_q_reg[1]/C","ecc_product_even_reg_0_3_33_33/SP/I","other","FDCE=1;LUT6=4;RAMD32=1"
436,1.286,5.000,3.467,0.980,2.487,0.717,4,"ecc_leaf_id_q_reg[1]/C","ecc_product_even_reg_0_3_34_34/SP/I","other","FDCE=1;LUT6=4;RAMD32=1"
437,1.286,5.000,3.467,0.980,2.487,0.717,4,"ecc_leaf_id_q_reg[1]/C","ecc_product_even_reg_0_3_35_35/SP/I","other","FDCE=1;LUT6=4;RAMD32=1"
438,1.286,5.000,3.467,0.980,2.487,0.717,4,"ecc_leaf_id_q_reg[1]/C","ecc_product_even_reg_0_3_36_36/SP/I","other","FDCE=1;LUT6=4;RAMD32=1"
439,1.286,5.000,3.467,0.980,2.487,0.717,4,"ecc_leaf_id_q_reg[1]/C","ecc_product_even_reg_0_3_37_37/SP/I","other","FDCE=1;LUT6=4;RAMD32=1"
440,1.286,5.000,3.467,0.980,2.487,0.717,4,"ecc_leaf_id_q_reg[1]/C","ecc_product_even_reg_0_3_38_38/SP/I","other","FDCE=1;LUT6=4;RAMD32=1"
441,1.286,5.000,3.467,0.980,2.487,0.717,4,"ecc_leaf_id_q_reg[1]/C","ecc_product_even_reg_0_3_39_39/SP/I","other","FDCE=1;LUT6=4;RAMD32=1"
442,1.286,5.000,3.467,0.980,2.487,0.717,4,"ecc_leaf_id_q_reg[1]/C","ecc_product_even_reg_0_3_40_40/SP/I","other","FDCE=1;LUT6=4;RAMD32=1"
443,1.286,5.000,3.467,0.980,2.487,0.717,4,"ecc_leaf_id_q_reg[1]/C","ecc_product_even_reg_0_3_41_41/SP/I","other","FDCE=1;LUT6=4;RAMD32=1"
444,1.286,5.000,3.467,0.980,2.487,0.717,4,"ecc_leaf_id_q_reg[1]/C","ecc_product_even_reg_0_3_42_42/SP/I","other","FDCE=1;LUT6=4;RAMD32=1"
445,1.286,5.000,3.467,0.980,2.487,0.717,4,"ecc_leaf_id_q_reg[1]/C","ecc_product_even_reg_0_3_43_43/SP/I","other","FDCE=1;LUT6=4;RAMD32=1"
446,1.286,5.000,3.467,0.980,2.487,0.717,4,"ecc_leaf_id_q_reg[1]/C","ecc_product_even_reg_0_3_44_44/SP/I","other","FDCE=1;LUT6=4;RAMD32=1"
447,1.286,5.000,3.467,0.980,2.487,0.717,4,"ecc_leaf_id_q_reg[1]/C","ecc_product_even_reg_0_3_45_45/SP/I","other","FDCE=1;LUT6=4;RAMD32=1"
448,1.286,5.000,3.467,0.980,2.487,0.717,4,"ecc_leaf_id_q_reg[1]/C","ecc_product_even_reg_0_3_46_46/SP/I","other","FDCE=1;LUT6=4;RAMD32=1"
449,1.286,5.000,3.467,0.980,2.487,0.717,4,"ecc_leaf_id_q_reg[1]/C","ecc_product_even_reg_0_3_47_47/SP/I","other","FDCE=1;LUT6=4;RAMD32=1"
450,1.286,5.000,3.467,0.980,2.487,0.717,4,"ecc_leaf_id_q_reg[1]/C","ecc_product_even_reg_0_3_48_48/SP/I","other","FDCE=1;LUT6=4;RAMD32=1"
451,1.286,5.000,3.467,0.980,2.487,0.717,4,"ecc_leaf_id_q_reg[1]/C","ecc_product_even_reg_0_3_49_49/SP/I","other","FDCE=1;LUT6=4;RAMD32=1"
452,1.286,5.000,3.467,0.980,2.487,0.717,4,"ecc_leaf_id_q_reg[1]/C","ecc_product_even_reg_0_3_50_50/SP/I","other","FDCE=1;LUT6=4;RAMD32=1"
453,1.286,5.000,3.467,0.980,2.487,0.717,4,"ecc_leaf_id_q_reg[1]/C","ecc_product_even_reg_0_3_51_51/SP/I","other","FDCE=1;LUT6=4;RAMD32=1"
454,1.286,5.000,3.467,0.980,2.487,0.717,4,"ecc_leaf_id_q_reg[1]/C","ecc_product_even_reg_0_3_52_52/SP/I","other","FDCE=1;LUT6=4;RAMD32=1"
455,1.286,5.000,3.467,0.980,2.487,0.717,4,"ecc_leaf_id_q_reg[1]/C","ecc_product_even_reg_0_3_53_53/SP/I","other","FDCE=1;LUT6=4;RAMD32=1"
456,1.286,5.000,3.467,0.980,2.487,0.717,4,"ecc_leaf_id_q_reg[1]/C","ecc_product_even_reg_0_3_54_54/SP/I","other","FDCE=1;LUT6=4;RAMD32=1"
457,1.286,5.000,3.467,0.980,2.487,0.717,4,"ecc_leaf_id_q_reg[1]/C","ecc_product_even_reg_0_3_55_55/SP/I","other","FDCE=1;LUT6=4;RAMD32=1"
458,1.286,5.000,3.467,0.980,2.487,0.717,4,"ecc_leaf_id_q_reg[1]/C","ecc_product_even_reg_0_3_56_56/SP/I","other","FDCE=1;LUT6=4;RAMD32=1"
459,1.286,5.000,3.467,0.980,2.487,0.717,4,"ecc_leaf_id_q_reg[1]/C","ecc_product_even_reg_0_3_57_57/SP/I","other","FDCE=1;LUT6=4;RAMD32=1"
460,1.286,5.000,3.467,0.980,2.487,0.717,4,"ecc_leaf_id_q_reg[1]/C","ecc_product_even_reg_0_3_58_58/SP/I","other","FDCE=1;LUT6=4;RAMD32=1"
461,1.286,5.000,3.467,0.980,2.487,0.717,4,"ecc_leaf_id_q_reg[1]/C","ecc_product_even_reg_0_3_59_59/SP/I","other","FDCE=1;LUT6=4;RAMD32=1"
462,1.286,5.000,3.467,0.980,2.487,0.717,4,"ecc_leaf_id_q_reg[1]/C","ecc_product_even_reg_0_3_60_60/SP/I","other","FDCE=1;LUT6=4;RAMD32=1"
463,1.286,5.000,3.467,0.980,2.487,0.717,4,"ecc_leaf_id_q_reg[1]/C","ecc_product_even_reg_0_3_61_61/SP/I","other","FDCE=1;LUT6=4;RAMD32=1"
464,1.286,5.000,3.467,0.980,2.487,0.717,4,"ecc_leaf_id_q_reg[1]/C","ecc_product_even_reg_0_3_62_62/SP/I","other","FDCE=1;LUT6=4;RAMD32=1"
465,1.286,5.000,3.467,0.980,2.487,0.717,4,"ecc_leaf_id_q_reg[1]/C","ecc_product_even_reg_0_3_63_63/SP/I","other","FDCE=1;LUT4=1;LUT6=3;RAMD32=1"
466,1.286,5.000,3.467,0.980,2.487,0.717,4,"ecc_leaf_id_q_reg[1]/C","ecc_product_odd_reg_0_3_0_0/SP/I","other","FDCE=1;LUT6=4;RAMD32=1"
467,1.286,5.000,3.467,0.980,2.487,0.717,4,"ecc_leaf_id_q_reg[1]/C","ecc_product_odd_reg_0_3_10_10/SP/I","other","FDCE=1;LUT6=4;RAMD32=1"
468,1.286,5.000,3.467,0.980,2.487,0.717,4,"ecc_leaf_id_q_reg[1]/C","ecc_product_odd_reg_0_3_11_11/SP/I","other","FDCE=1;LUT6=4;RAMD32=1"
469,1.286,5.000,3.467,0.980,2.487,0.717,4,"ecc_leaf_id_q_reg[1]/C","ecc_product_odd_reg_0_3_12_12/SP/I","other","FDCE=1;LUT6=4;RAMD32=1"
470,1.286,5.000,3.467,0.980,2.487,0.717,4,"ecc_leaf_id_q_reg[1]/C","ecc_product_odd_reg_0_3_13_13/SP/I","other","FDCE=1;LUT6=4;RAMD32=1"
471,1.286,5.000,3.467,0.980,2.487,0.717,4,"ecc_leaf_id_q_reg[1]/C","ecc_product_odd_reg_0_3_14_14/SP/I","other","FDCE=1;LUT6=4;RAMD32=1"
472,1.286,5.000,3.467,0.980,2.487,0.717,4,"ecc_leaf_id_q_reg[1]/C","ecc_product_odd_reg_0_3_15_15/SP/I","other","FDCE=1;LUT6=4;RAMD32=1"
473,1.286,5.000,3.467,0.980,2.487,0.717,4,"ecc_leaf_id_q_reg[1]/C","ecc_product_odd_reg_0_3_16_16/SP/I","other","FDCE=1;LUT6=4;RAMD32=1"
474,1.286,5.000,3.467,0.980,2.487,0.717,4,"ecc_leaf_id_q_reg[1]/C","ecc_product_odd_reg_0_3_17_17/SP/I","other","FDCE=1;LUT6=4;RAMD32=1"
475,1.286,5.000,3.467,0.980,2.487,0.717,4,"ecc_leaf_id_q_reg[1]/C","ecc_product_odd_reg_0_3_18_18/SP/I","other","FDCE=1;LUT6=4;RAMD32=1"
476,1.286,5.000,3.467,0.980,2.487,0.717,4,"ecc_leaf_id_q_reg[1]/C","ecc_product_odd_reg_0_3_19_19/SP/I","other","FDCE=1;LUT6=4;RAMD32=1"
477,1.286,5.000,3.467,0.980,2.487,0.717,4,"ecc_leaf_id_q_reg[1]/C","ecc_product_odd_reg_0_3_1_1/SP/I","other","FDCE=1;LUT6=4;RAMD32=1"
478,1.286,5.000,3.467,0.980,2.487,0.717,4,"ecc_leaf_id_q_reg[1]/C","ecc_product_odd_reg_0_3_20_20/SP/I","other","FDCE=1;LUT6=4;RAMD32=1"
479,1.286,5.000,3.467,0.980,2.487,0.717,4,"ecc_leaf_id_q_reg[1]/C","ecc_product_odd_reg_0_3_21_21/SP/I","other","FDCE=1;LUT6=4;RAMD32=1"
480,1.286,5.000,3.467,0.980,2.487,0.717,4,"ecc_leaf_id_q_reg[1]/C","ecc_product_odd_reg_0_3_22_22/SP/I","other","FDCE=1;LUT6=4;RAMD32=1"
481,1.286,5.000,3.467,0.980,2.487,0.717,4,"ecc_leaf_id_q_reg[1]/C","ecc_product_odd_reg_0_3_23_23/SP/I","other","FDCE=1;LUT6=4;RAMD32=1"
482,1.286,5.000,3.467,0.980,2.487,0.717,4,"ecc_leaf_id_q_reg[1]/C","ecc_product_odd_reg_0_3_24_24/SP/I","other","FDCE=1;LUT6=4;RAMD32=1"
483,1.286,5.000,3.467,0.980,2.487,0.717,4,"ecc_leaf_id_q_reg[1]/C","ecc_product_odd_reg_0_3_25_25/SP/I","other","FDCE=1;LUT6=4;RAMD32=1"
484,1.286,5.000,3.467,0.980,2.487,0.717,4,"ecc_leaf_id_q_reg[1]/C","ecc_product_odd_reg_0_3_26_26/SP/I","other","FDCE=1;LUT6=4;RAMD32=1"
485,1.286,5.000,3.467,0.980,2.487,0.717,4,"ecc_leaf_id_q_reg[1]/C","ecc_product_odd_reg_0_3_27_27/SP/I","other","FDCE=1;LUT6=4;RAMD32=1"
486,1.286,5.000,3.467,0.980,2.487,0.717,4,"ecc_leaf_id_q_reg[1]/C","ecc_product_odd_reg_0_3_28_28/SP/I","other","FDCE=1;LUT6=4;RAMD32=1"
487,1.286,5.000,3.467,0.980,2.487,0.717,4,"ecc_leaf_id_q_reg[1]/C","ecc_product_odd_reg_0_3_29_29/SP/I","other","FDCE=1;LUT6=4;RAMD32=1"
488,1.286,5.000,3.467,0.980,2.487,0.717,4,"ecc_leaf_id_q_reg[1]/C","ecc_product_odd_reg_0_3_2_2/SP/I","other","FDCE=1;LUT6=4;RAMD32=1"
489,1.286,5.000,3.467,0.980,2.487,0.717,4,"ecc_leaf_id_q_reg[1]/C","ecc_product_odd_reg_0_3_30_30/SP/I","other","FDCE=1;LUT6=4;RAMD32=1"
490,1.286,5.000,3.467,0.980,2.487,0.717,4,"ecc_leaf_id_q_reg[1]/C","ecc_product_odd_reg_0_3_3_3/SP/I","other","FDCE=1;LUT6=4;RAMD32=1"
491,1.286,5.000,3.467,0.980,2.487,0.717,4,"ecc_leaf_id_q_reg[1]/C","ecc_product_odd_reg_0_3_4_4/SP/I","other","FDCE=1;LUT6=4;RAMD32=1"
492,1.286,5.000,3.467,0.980,2.487,0.717,4,"ecc_leaf_id_q_reg[1]/C","ecc_product_odd_reg_0_3_5_5/SP/I","other","FDCE=1;LUT6=4;RAMD32=1"
493,1.286,5.000,3.467,0.980,2.487,0.717,4,"ecc_leaf_id_q_reg[1]/C","ecc_product_odd_reg_0_3_6_6/SP/I","other","FDCE=1;LUT6=4;RAMD32=1"
494,1.286,5.000,3.467,0.980,2.487,0.717,4,"ecc_leaf_id_q_reg[1]/C","ecc_product_odd_reg_0_3_7_7/SP/I","other","FDCE=1;LUT6=4;RAMD32=1"
495,1.286,5.000,3.467,0.980,2.487,0.717,4,"ecc_leaf_id_q_reg[1]/C","ecc_product_odd_reg_0_3_8_8/SP/I","other","FDCE=1;LUT6=4;RAMD32=1"
496,1.286,5.000,3.467,0.980,2.487,0.717,4,"ecc_leaf_id_q_reg[1]/C","ecc_product_odd_reg_0_3_9_9/SP/I","other","FDCE=1;LUT6=4;RAMD32=1"
497,1.287,5.000,3.431,0.875,2.556,0.745,3,"ecc_fold_word_q_reg[1]/C","ecc_product_odd_reg_0_3_31_31/DP/I","other","FDCE=1;LUT4=1;LUT6=2;RAMD32=1"
498,1.287,5.000,3.431,0.875,2.556,0.745,3,"ecc_fold_word_q_reg[1]/C","ecc_product_odd_reg_0_3_32_32/DP/I","other","FDCE=1;LUT6=3;RAMD32=1"
499,1.287,5.000,3.431,0.875,2.556,0.745,3,"ecc_fold_word_q_reg[1]/C","ecc_product_odd_reg_0_3_33_33/DP/I","other","FDCE=1;LUT6=3;RAMD32=1"
500,1.287,5.000,3.431,0.875,2.556,0.745,3,"ecc_fold_word_q_reg[1]/C","ecc_product_odd_reg_0_3_34_34/DP/I","other","FDCE=1;LUT6=3;RAMD32=1"
501,1.287,5.000,3.431,0.875,2.556,0.745,3,"ecc_fold_word_q_reg[1]/C","ecc_product_odd_reg_0_3_35_35/DP/I","other","FDCE=1;LUT6=3;RAMD32=1"
502,1.287,5.000,3.431,0.875,2.556,0.745,3,"ecc_fold_word_q_reg[1]/C","ecc_product_odd_reg_0_3_36_36/DP/I","other","FDCE=1;LUT6=3;RAMD32=1"
503,1.287,5.000,3.431,0.875,2.556,0.745,3,"ecc_fold_word_q_reg[1]/C","ecc_product_odd_reg_0_3_37_37/DP/I","other","FDCE=1;LUT6=3;RAMD32=1"
504,1.287,5.000,3.431,0.875,2.556,0.745,3,"ecc_fold_word_q_reg[1]/C","ecc_product_odd_reg_0_3_38_38/DP/I","other","FDCE=1;LUT6=3;RAMD32=1"
505,1.287,5.000,3.431,0.875,2.556,0.745,3,"ecc_fold_word_q_reg[1]/C","ecc_product_odd_reg_0_3_39_39/DP/I","other","FDCE=1;LUT6=3;RAMD32=1"
506,1.287,5.000,3.431,0.875,2.556,0.745,3,"ecc_fold_word_q_reg[1]/C","ecc_product_odd_reg_0_3_40_40/DP/I","other","FDCE=1;LUT6=3;RAMD32=1"
507,1.287,5.000,3.431,0.875,2.556,0.745,3,"ecc_fold_word_q_reg[1]/C","ecc_product_odd_reg_0_3_41_41/DP/I","other","FDCE=1;LUT6=3;RAMD32=1"
508,1.287,5.000,3.431,0.875,2.556,0.745,3,"ecc_fold_word_q_reg[1]/C","ecc_product_odd_reg_0_3_42_42/DP/I","other","FDCE=1;LUT6=3;RAMD32=1"
509,1.287,5.000,3.431,0.875,2.556,0.745,3,"ecc_fold_word_q_reg[1]/C","ecc_product_odd_reg_0_3_43_43/DP/I","other","FDCE=1;LUT6=3;RAMD32=1"
510,1.287,5.000,3.431,0.875,2.556,0.745,3,"ecc_fold_word_q_reg[1]/C","ecc_product_odd_reg_0_3_44_44/DP/I","other","FDCE=1;LUT6=3;RAMD32=1"
511,1.287,5.000,3.431,0.875,2.556,0.745,3,"ecc_fold_word_q_reg[1]/C","ecc_product_odd_reg_0_3_45_45/DP/I","other","FDCE=1;LUT6=3;RAMD32=1"
512,1.287,5.000,3.431,0.875,2.556,0.745,3,"ecc_fold_word_q_reg[1]/C","ecc_product_odd_reg_0_3_46_46/DP/I","other","FDCE=1;LUT6=3;RAMD32=1"
513,1.287,5.000,3.431,0.875,2.556,0.745,3,"ecc_fold_word_q_reg[1]/C","ecc_product_odd_reg_0_3_47_47/DP/I","other","FDCE=1;LUT6=3;RAMD32=1"
514,1.287,5.000,3.431,0.875,2.556,0.745,3,"ecc_fold_word_q_reg[1]/C","ecc_product_odd_reg_0_3_48_48/DP/I","other","FDCE=1;LUT6=3;RAMD32=1"
515,1.287,5.000,3.431,0.875,2.556,0.745,3,"ecc_fold_word_q_reg[1]/C","ecc_product_odd_reg_0_3_49_49/DP/I","other","FDCE=1;LUT6=3;RAMD32=1"
516,1.287,5.000,3.431,0.875,2.556,0.745,3,"ecc_fold_word_q_reg[1]/C","ecc_product_odd_reg_0_3_50_50/DP/I","other","FDCE=1;LUT6=3;RAMD32=1"
517,1.287,5.000,3.431,0.875,2.556,0.745,3,"ecc_fold_word_q_reg[1]/C","ecc_product_odd_reg_0_3_51_51/DP/I","other","FDCE=1;LUT6=3;RAMD32=1"
518,1.287,5.000,3.431,0.875,2.556,0.745,3,"ecc_fold_word_q_reg[1]/C","ecc_product_odd_reg_0_3_52_52/DP/I","other","FDCE=1;LUT6=3;RAMD32=1"
519,1.287,5.000,3.431,0.875,2.556,0.745,3,"ecc_fold_word_q_reg[1]/C","ecc_product_odd_reg_0_3_53_53/DP/I","other","FDCE=1;LUT6=3;RAMD32=1"
520,1.287,5.000,3.431,0.875,2.556,0.745,3,"ecc_fold_word_q_reg[1]/C","ecc_product_odd_reg_0_3_54_54/DP/I","other","FDCE=1;LUT6=3;RAMD32=1"
521,1.287,5.000,3.431,0.875,2.556,0.745,3,"ecc_fold_word_q_reg[1]/C","ecc_product_odd_reg_0_3_55_55/DP/I","other","FDCE=1;LUT6=3;RAMD32=1"
522,1.287,5.000,3.431,0.875,2.556,0.745,3,"ecc_fold_word_q_reg[1]/C","ecc_product_odd_reg_0_3_56_56/DP/I","other","FDCE=1;LUT6=3;RAMD32=1"
523,1.287,5.000,3.431,0.875,2.556,0.745,3,"ecc_fold_word_q_reg[1]/C","ecc_product_odd_reg_0_3_57_57/DP/I","other","FDCE=1;LUT6=3;RAMD32=1"
524,1.287,5.000,3.431,0.875,2.556,0.745,3,"ecc_fold_word_q_reg[1]/C","ecc_product_odd_reg_0_3_58_58/DP/I","other","FDCE=1;LUT6=3;RAMD32=1"
525,1.287,5.000,3.431,0.875,2.556,0.745,3,"ecc_fold_word_q_reg[1]/C","ecc_product_odd_reg_0_3_59_59/DP/I","other","FDCE=1;LUT6=3;RAMD32=1"
526,1.287,5.000,3.431,0.875,2.556,0.745,3,"ecc_fold_word_q_reg[1]/C","ecc_product_odd_reg_0_3_60_60/DP/I","other","FDCE=1;LUT6=3;RAMD32=1"
527,1.287,5.000,3.431,0.875,2.556,0.745,3,"ecc_fold_word_q_reg[1]/C","ecc_product_odd_reg_0_3_61_61/DP/I","other","FDCE=1;LUT6=3;RAMD32=1"
528,1.287,5.000,3.431,0.875,2.556,0.745,3,"ecc_fold_word_q_reg[1]/C","ecc_product_odd_reg_0_3_62_62/DP/I","other","FDCE=1;LUT6=3;RAMD32=1"
529,1.322,5.000,3.431,0.875,2.556,0.745,3,"ecc_fold_word_q_reg[1]/C","ecc_product_odd_reg_0_3_31_31/SP/I","other","FDCE=1;LUT4=1;LUT6=2;RAMD32=1"
530,1.322,5.000,3.431,0.875,2.556,0.745,3,"ecc_fold_word_q_reg[1]/C","ecc_product_odd_reg_0_3_32_32/SP/I","other","FDCE=1;LUT6=3;RAMD32=1"
531,1.322,5.000,3.431,0.875,2.556,0.745,3,"ecc_fold_word_q_reg[1]/C","ecc_product_odd_reg_0_3_33_33/SP/I","other","FDCE=1;LUT6=3;RAMD32=1"
532,1.322,5.000,3.431,0.875,2.556,0.745,3,"ecc_fold_word_q_reg[1]/C","ecc_product_odd_reg_0_3_34_34/SP/I","other","FDCE=1;LUT6=3;RAMD32=1"
533,1.322,5.000,3.431,0.875,2.556,0.745,3,"ecc_fold_word_q_reg[1]/C","ecc_product_odd_reg_0_3_35_35/SP/I","other","FDCE=1;LUT6=3;RAMD32=1"
534,1.322,5.000,3.431,0.875,2.556,0.745,3,"ecc_fold_word_q_reg[1]/C","ecc_product_odd_reg_0_3_36_36/SP/I","other","FDCE=1;LUT6=3;RAMD32=1"
535,1.322,5.000,3.431,0.875,2.556,0.745,3,"ecc_fold_word_q_reg[1]/C","ecc_product_odd_reg_0_3_37_37/SP/I","other","FDCE=1;LUT6=3;RAMD32=1"
536,1.322,5.000,3.431,0.875,2.556,0.745,3,"ecc_fold_word_q_reg[1]/C","ecc_product_odd_reg_0_3_38_38/SP/I","other","FDCE=1;LUT6=3;RAMD32=1"
537,1.322,5.000,3.431,0.875,2.556,0.745,3,"ecc_fold_word_q_reg[1]/C","ecc_product_odd_reg_0_3_39_39/SP/I","other","FDCE=1;LUT6=3;RAMD32=1"
538,1.322,5.000,3.431,0.875,2.556,0.745,3,"ecc_fold_word_q_reg[1]/C","ecc_product_odd_reg_0_3_40_40/SP/I","other","FDCE=1;LUT6=3;RAMD32=1"
539,1.322,5.000,3.431,0.875,2.556,0.745,3,"ecc_fold_word_q_reg[1]/C","ecc_product_odd_reg_0_3_41_41/SP/I","other","FDCE=1;LUT6=3;RAMD32=1"
540,1.322,5.000,3.431,0.875,2.556,0.745,3,"ecc_fold_word_q_reg[1]/C","ecc_product_odd_reg_0_3_42_42/SP/I","other","FDCE=1;LUT6=3;RAMD32=1"
541,1.322,5.000,3.431,0.875,2.556,0.745,3,"ecc_fold_word_q_reg[1]/C","ecc_product_odd_reg_0_3_43_43/SP/I","other","FDCE=1;LUT6=3;RAMD32=1"
542,1.322,5.000,3.431,0.875,2.556,0.745,3,"ecc_fold_word_q_reg[1]/C","ecc_product_odd_reg_0_3_44_44/SP/I","other","FDCE=1;LUT6=3;RAMD32=1"
543,1.322,5.000,3.431,0.875,2.556,0.745,3,"ecc_fold_word_q_reg[1]/C","ecc_product_odd_reg_0_3_45_45/SP/I","other","FDCE=1;LUT6=3;RAMD32=1"
544,1.322,5.000,3.431,0.875,2.556,0.745,3,"ecc_fold_word_q_reg[1]/C","ecc_product_odd_reg_0_3_46_46/SP/I","other","FDCE=1;LUT6=3;RAMD32=1"
545,1.322,5.000,3.431,0.875,2.556,0.745,3,"ecc_fold_word_q_reg[1]/C","ecc_product_odd_reg_0_3_47_47/SP/I","other","FDCE=1;LUT6=3;RAMD32=1"
546,1.322,5.000,3.431,0.875,2.556,0.745,3,"ecc_fold_word_q_reg[1]/C","ecc_product_odd_reg_0_3_48_48/SP/I","other","FDCE=1;LUT6=3;RAMD32=1"
547,1.322,5.000,3.431,0.875,2.556,0.745,3,"ecc_fold_word_q_reg[1]/C","ecc_product_odd_reg_0_3_49_49/SP/I","other","FDCE=1;LUT6=3;RAMD32=1"
548,1.322,5.000,3.431,0.875,2.556,0.745,3,"ecc_fold_word_q_reg[1]/C","ecc_product_odd_reg_0_3_50_50/SP/I","other","FDCE=1;LUT6=3;RAMD32=1"
549,1.322,5.000,3.431,0.875,2.556,0.745,3,"ecc_fold_word_q_reg[1]/C","ecc_product_odd_reg_0_3_51_51/SP/I","other","FDCE=1;LUT6=3;RAMD32=1"
550,1.322,5.000,3.431,0.875,2.556,0.745,3,"ecc_fold_word_q_reg[1]/C","ecc_product_odd_reg_0_3_52_52/SP/I","other","FDCE=1;LUT6=3;RAMD32=1"
551,1.322,5.000,3.431,0.875,2.556,0.745,3,"ecc_fold_word_q_reg[1]/C","ecc_product_odd_reg_0_3_53_53/SP/I","other","FDCE=1;LUT6=3;RAMD32=1"
552,1.322,5.000,3.431,0.875,2.556,0.745,3,"ecc_fold_word_q_reg[1]/C","ecc_product_odd_reg_0_3_54_54/SP/I","other","FDCE=1;LUT6=3;RAMD32=1"
553,1.322,5.000,3.431,0.875,2.556,0.745,3,"ecc_fold_word_q_reg[1]/C","ecc_product_odd_reg_0_3_55_55/SP/I","other","FDCE=1;LUT6=3;RAMD32=1"
554,1.322,5.000,3.431,0.875,2.556,0.745,3,"ecc_fold_word_q_reg[1]/C","ecc_product_odd_reg_0_3_56_56/SP/I","other","FDCE=1;LUT6=3;RAMD32=1"
555,1.322,5.000,3.431,0.875,2.556,0.745,3,"ecc_fold_word_q_reg[1]/C","ecc_product_odd_reg_0_3_57_57/SP/I","other","FDCE=1;LUT6=3;RAMD32=1"
556,1.322,5.000,3.431,0.875,2.556,0.745,3,"ecc_fold_word_q_reg[1]/C","ecc_product_odd_reg_0_3_58_58/SP/I","other","FDCE=1;LUT6=3;RAMD32=1"
557,1.322,5.000,3.431,0.875,2.556,0.745,3,"ecc_fold_word_q_reg[1]/C","ecc_product_odd_reg_0_3_59_59/SP/I","other","FDCE=1;LUT6=3;RAMD32=1"
558,1.322,5.000,3.431,0.875,2.556,0.745,3,"ecc_fold_word_q_reg[1]/C","ecc_product_odd_reg_0_3_60_60/SP/I","other","FDCE=1;LUT6=3;RAMD32=1"
559,1.322,5.000,3.431,0.875,2.556,0.745,3,"ecc_fold_word_q_reg[1]/C","ecc_product_odd_reg_0_3_61_61/SP/I","other","FDCE=1;LUT6=3;RAMD32=1"
560,1.322,5.000,3.431,0.875,2.556,0.745,3,"ecc_fold_word_q_reg[1]/C","ecc_product_odd_reg_0_3_62_62/SP/I","other","FDCE=1;LUT6=3;RAMD32=1"
561,1.347,5.000,3.371,0.875,2.496,0.740,3,"ecc_leaf_id_q_reg[1]/C","ecc_product_even_reg_0_3_0_0/DP/I","other","FDCE=1;LUT6=3;RAMD32=1"
562,1.347,5.000,3.371,0.875,2.496,0.740,3,"ecc_leaf_id_q_reg[1]/C","ecc_product_even_reg_0_3_10_10/DP/I","other","FDCE=1;LUT6=3;RAMD32=1"
563,1.347,5.000,3.371,0.875,2.496,0.740,3,"ecc_leaf_id_q_reg[1]/C","ecc_product_even_reg_0_3_11_11/DP/I","other","FDCE=1;LUT6=3;RAMD32=1"
564,1.347,5.000,3.371,0.875,2.496,0.740,3,"ecc_leaf_id_q_reg[1]/C","ecc_product_even_reg_0_3_12_12/DP/I","other","FDCE=1;LUT6=3;RAMD32=1"
565,1.347,5.000,3.371,0.875,2.496,0.740,3,"ecc_leaf_id_q_reg[1]/C","ecc_product_even_reg_0_3_13_13/DP/I","other","FDCE=1;LUT6=3;RAMD32=1"
566,1.347,5.000,3.371,0.875,2.496,0.740,3,"ecc_leaf_id_q_reg[1]/C","ecc_product_even_reg_0_3_14_14/DP/I","other","FDCE=1;LUT6=3;RAMD32=1"
567,1.347,5.000,3.371,0.875,2.496,0.740,3,"ecc_leaf_id_q_reg[1]/C","ecc_product_even_reg_0_3_15_15/DP/I","other","FDCE=1;LUT6=3;RAMD32=1"
568,1.347,5.000,3.371,0.875,2.496,0.740,3,"ecc_leaf_id_q_reg[1]/C","ecc_product_even_reg_0_3_16_16/DP/I","other","FDCE=1;LUT6=3;RAMD32=1"
569,1.347,5.000,3.371,0.875,2.496,0.740,3,"ecc_leaf_id_q_reg[1]/C","ecc_product_even_reg_0_3_17_17/DP/I","other","FDCE=1;LUT6=3;RAMD32=1"
570,1.347,5.000,3.371,0.875,2.496,0.740,3,"ecc_leaf_id_q_reg[1]/C","ecc_product_even_reg_0_3_18_18/DP/I","other","FDCE=1;LUT6=3;RAMD32=1"
571,1.347,5.000,3.371,0.875,2.496,0.740,3,"ecc_leaf_id_q_reg[1]/C","ecc_product_even_reg_0_3_19_19/DP/I","other","FDCE=1;LUT6=3;RAMD32=1"
572,1.347,5.000,3.371,0.875,2.496,0.740,3,"ecc_leaf_id_q_reg[1]/C","ecc_product_even_reg_0_3_1_1/DP/I","other","FDCE=1;LUT6=3;RAMD32=1"
573,1.347,5.000,3.371,0.875,2.496,0.740,3,"ecc_leaf_id_q_reg[1]/C","ecc_product_even_reg_0_3_20_20/DP/I","other","FDCE=1;LUT6=3;RAMD32=1"
574,1.347,5.000,3.371,0.875,2.496,0.740,3,"ecc_leaf_id_q_reg[1]/C","ecc_product_even_reg_0_3_21_21/DP/I","other","FDCE=1;LUT6=3;RAMD32=1"
575,1.347,5.000,3.371,0.875,2.496,0.740,3,"ecc_leaf_id_q_reg[1]/C","ecc_product_even_reg_0_3_22_22/DP/I","other","FDCE=1;LUT6=3;RAMD32=1"
576,1.347,5.000,3.371,0.875,2.496,0.740,3,"ecc_leaf_id_q_reg[1]/C","ecc_product_even_reg_0_3_23_23/DP/I","other","FDCE=1;LUT6=3;RAMD32=1"
577,1.347,5.000,3.371,0.875,2.496,0.740,3,"ecc_leaf_id_q_reg[1]/C","ecc_product_even_reg_0_3_24_24/DP/I","other","FDCE=1;LUT6=3;RAMD32=1"
578,1.347,5.000,3.371,0.875,2.496,0.740,3,"ecc_leaf_id_q_reg[1]/C","ecc_product_even_reg_0_3_25_25/DP/I","other","FDCE=1;LUT6=3;RAMD32=1"
579,1.347,5.000,3.371,0.875,2.496,0.740,3,"ecc_leaf_id_q_reg[1]/C","ecc_product_even_reg_0_3_26_26/DP/I","other","FDCE=1;LUT6=3;RAMD32=1"
580,1.347,5.000,3.371,0.875,2.496,0.740,3,"ecc_leaf_id_q_reg[1]/C","ecc_product_even_reg_0_3_27_27/DP/I","other","FDCE=1;LUT6=3;RAMD32=1"
581,1.347,5.000,3.371,0.875,2.496,0.740,3,"ecc_leaf_id_q_reg[1]/C","ecc_product_even_reg_0_3_28_28/DP/I","other","FDCE=1;LUT6=3;RAMD32=1"
582,1.347,5.000,3.371,0.875,2.496,0.740,3,"ecc_leaf_id_q_reg[1]/C","ecc_product_even_reg_0_3_29_29/DP/I","other","FDCE=1;LUT6=3;RAMD32=1"
583,1.347,5.000,3.371,0.875,2.496,0.740,3,"ecc_leaf_id_q_reg[1]/C","ecc_product_even_reg_0_3_2_2/DP/I","other","FDCE=1;LUT6=3;RAMD32=1"
584,1.347,5.000,3.371,0.875,2.496,0.740,3,"ecc_leaf_id_q_reg[1]/C","ecc_product_even_reg_0_3_30_30/DP/I","other","FDCE=1;LUT6=3;RAMD32=1"
585,1.347,5.000,3.371,0.875,2.496,0.740,3,"ecc_leaf_id_q_reg[1]/C","ecc_product_even_reg_0_3_31_31/DP/I","other","FDCE=1;LUT4=1;LUT6=2;RAMD32=1"
586,1.347,5.000,3.371,0.875,2.496,0.740,3,"ecc_leaf_id_q_reg[1]/C","ecc_product_even_reg_0_3_3_3/DP/I","other","FDCE=1;LUT6=3;RAMD32=1"
587,1.347,5.000,3.371,0.875,2.496,0.740,3,"ecc_leaf_id_q_reg[1]/C","ecc_product_even_reg_0_3_4_4/DP/I","other","FDCE=1;LUT6=3;RAMD32=1"
588,1.347,5.000,3.371,0.875,2.496,0.740,3,"ecc_leaf_id_q_reg[1]/C","ecc_product_even_reg_0_3_5_5/DP/I","other","FDCE=1;LUT6=3;RAMD32=1"
589,1.347,5.000,3.371,0.875,2.496,0.740,3,"ecc_leaf_id_q_reg[1]/C","ecc_product_even_reg_0_3_6_6/DP/I","other","FDCE=1;LUT6=3;RAMD32=1"
590,1.347,5.000,3.371,0.875,2.496,0.740,3,"ecc_leaf_id_q_reg[1]/C","ecc_product_even_reg_0_3_7_7/DP/I","other","FDCE=1;LUT6=3;RAMD32=1"
591,1.347,5.000,3.371,0.875,2.496,0.740,3,"ecc_leaf_id_q_reg[1]/C","ecc_product_even_reg_0_3_8_8/DP/I","other","FDCE=1;LUT6=3;RAMD32=1"
592,1.347,5.000,3.371,0.875,2.496,0.740,3,"ecc_leaf_id_q_reg[1]/C","ecc_product_even_reg_0_3_9_9/DP/I","other","FDCE=1;LUT6=3;RAMD32=1"
593,1.382,5.000,3.371,0.875,2.496,0.740,3,"ecc_leaf_id_q_reg[1]/C","ecc_product_even_reg_0_3_0_0/SP/I","other","FDCE=1;LUT6=3;RAMD32=1"
594,1.382,5.000,3.371,0.875,2.496,0.740,3,"ecc_leaf_id_q_reg[1]/C","ecc_product_even_reg_0_3_10_10/SP/I","other","FDCE=1;LUT6=3;RAMD32=1"
595,1.382,5.000,3.371,0.875,2.496,0.740,3,"ecc_leaf_id_q_reg[1]/C","ecc_product_even_reg_0_3_11_11/SP/I","other","FDCE=1;LUT6=3;RAMD32=1"
596,1.382,5.000,3.371,0.875,2.496,0.740,3,"ecc_leaf_id_q_reg[1]/C","ecc_product_even_reg_0_3_12_12/SP/I","other","FDCE=1;LUT6=3;RAMD32=1"
597,1.382,5.000,3.371,0.875,2.496,0.740,3,"ecc_leaf_id_q_reg[1]/C","ecc_product_even_reg_0_3_13_13/SP/I","other","FDCE=1;LUT6=3;RAMD32=1"
598,1.382,5.000,3.371,0.875,2.496,0.740,3,"ecc_leaf_id_q_reg[1]/C","ecc_product_even_reg_0_3_14_14/SP/I","other","FDCE=1;LUT6=3;RAMD32=1"
599,1.382,5.000,3.371,0.875,2.496,0.740,3,"ecc_leaf_id_q_reg[1]/C","ecc_product_even_reg_0_3_15_15/SP/I","other","FDCE=1;LUT6=3;RAMD32=1"
600,1.382,5.000,3.371,0.875,2.496,0.740,3,"ecc_leaf_id_q_reg[1]/C","ecc_product_even_reg_0_3_16_16/SP/I","other","FDCE=1;LUT6=3;RAMD32=1"
601,1.382,5.000,3.371,0.875,2.496,0.740,3,"ecc_leaf_id_q_reg[1]/C","ecc_product_even_reg_0_3_17_17/SP/I","other","FDCE=1;LUT6=3;RAMD32=1"
602,1.382,5.000,3.371,0.875,2.496,0.740,3,"ecc_leaf_id_q_reg[1]/C","ecc_product_even_reg_0_3_18_18/SP/I","other","FDCE=1;LUT6=3;RAMD32=1"
603,1.382,5.000,3.371,0.875,2.496,0.740,3,"ecc_leaf_id_q_reg[1]/C","ecc_product_even_reg_0_3_19_19/SP/I","other","FDCE=1;LUT6=3;RAMD32=1"
604,1.382,5.000,3.371,0.875,2.496,0.740,3,"ecc_leaf_id_q_reg[1]/C","ecc_product_even_reg_0_3_1_1/SP/I","other","FDCE=1;LUT6=3;RAMD32=1"
605,1.382,5.000,3.371,0.875,2.496,0.740,3,"ecc_leaf_id_q_reg[1]/C","ecc_product_even_reg_0_3_20_20/SP/I","other","FDCE=1;LUT6=3;RAMD32=1"
606,1.382,5.000,3.371,0.875,2.496,0.740,3,"ecc_leaf_id_q_reg[1]/C","ecc_product_even_reg_0_3_21_21/SP/I","other","FDCE=1;LUT6=3;RAMD32=1"
607,1.382,5.000,3.371,0.875,2.496,0.740,3,"ecc_leaf_id_q_reg[1]/C","ecc_product_even_reg_0_3_22_22/SP/I","other","FDCE=1;LUT6=3;RAMD32=1"
608,1.382,5.000,3.371,0.875,2.496,0.740,3,"ecc_leaf_id_q_reg[1]/C","ecc_product_even_reg_0_3_23_23/SP/I","other","FDCE=1;LUT6=3;RAMD32=1"
609,1.382,5.000,3.371,0.875,2.496,0.740,3,"ecc_leaf_id_q_reg[1]/C","ecc_product_even_reg_0_3_24_24/SP/I","other","FDCE=1;LUT6=3;RAMD32=1"
610,1.382,5.000,3.371,0.875,2.496,0.740,3,"ecc_leaf_id_q_reg[1]/C","ecc_product_even_reg_0_3_25_25/SP/I","other","FDCE=1;LUT6=3;RAMD32=1"
611,1.382,5.000,3.371,0.875,2.496,0.740,3,"ecc_leaf_id_q_reg[1]/C","ecc_product_even_reg_0_3_26_26/SP/I","other","FDCE=1;LUT6=3;RAMD32=1"
612,1.382,5.000,3.371,0.875,2.496,0.740,3,"ecc_leaf_id_q_reg[1]/C","ecc_product_even_reg_0_3_27_27/SP/I","other","FDCE=1;LUT6=3;RAMD32=1"
613,1.382,5.000,3.371,0.875,2.496,0.740,3,"ecc_leaf_id_q_reg[1]/C","ecc_product_even_reg_0_3_28_28/SP/I","other","FDCE=1;LUT6=3;RAMD32=1"
614,1.382,5.000,3.371,0.875,2.496,0.740,3,"ecc_leaf_id_q_reg[1]/C","ecc_product_even_reg_0_3_29_29/SP/I","other","FDCE=1;LUT6=3;RAMD32=1"
615,1.382,5.000,3.371,0.875,2.496,0.740,3,"ecc_leaf_id_q_reg[1]/C","ecc_product_even_reg_0_3_2_2/SP/I","other","FDCE=1;LUT6=3;RAMD32=1"
616,1.382,5.000,3.371,0.875,2.496,0.740,3,"ecc_leaf_id_q_reg[1]/C","ecc_product_even_reg_0_3_30_30/SP/I","other","FDCE=1;LUT6=3;RAMD32=1"
617,1.382,5.000,3.371,0.875,2.496,0.740,3,"ecc_leaf_id_q_reg[1]/C","ecc_product_even_reg_0_3_31_31/SP/I","other","FDCE=1;LUT4=1;LUT6=2;RAMD32=1"
618,1.382,5.000,3.371,0.875,2.496,0.740,3,"ecc_leaf_id_q_reg[1]/C","ecc_product_even_reg_0_3_3_3/SP/I","other","FDCE=1;LUT6=3;RAMD32=1"
619,1.382,5.000,3.371,0.875,2.496,0.740,3,"ecc_leaf_id_q_reg[1]/C","ecc_product_even_reg_0_3_4_4/SP/I","other","FDCE=1;LUT6=3;RAMD32=1"
620,1.382,5.000,3.371,0.875,2.496,0.740,3,"ecc_leaf_id_q_reg[1]/C","ecc_product_even_reg_0_3_5_5/SP/I","other","FDCE=1;LUT6=3;RAMD32=1"
621,1.382,5.000,3.371,0.875,2.496,0.740,3,"ecc_leaf_id_q_reg[1]/C","ecc_product_even_reg_0_3_6_6/SP/I","other","FDCE=1;LUT6=3;RAMD32=1"
622,1.382,5.000,3.371,0.875,2.496,0.740,3,"ecc_leaf_id_q_reg[1]/C","ecc_product_even_reg_0_3_7_7/SP/I","other","FDCE=1;LUT6=3;RAMD32=1"
623,1.382,5.000,3.371,0.875,2.496,0.740,3,"ecc_leaf_id_q_reg[1]/C","ecc_product_even_reg_0_3_8_8/SP/I","other","FDCE=1;LUT6=3;RAMD32=1"
624,1.382,5.000,3.371,0.875,2.496,0.740,3,"ecc_leaf_id_q_reg[1]/C","ecc_product_even_reg_0_3_9_9/SP/I","other","FDCE=1;LUT6=3;RAMD32=1"
625,1.439,5.000,3.558,1.105,2.453,0.689,5,"ecc_leaf_id_q_reg[0]/C","ecc_leaf_b_q_reg[0]/D","other","FDCE=2;LUT4=2;LUT5=3"
626,1.439,5.000,3.558,1.105,2.453,0.689,5,"ecc_leaf_id_q_reg[0]/C","ecc_leaf_b_q_reg[10]/D","other","FDCE=2;LUT4=2;LUT5=3"
627,1.439,5.000,3.558,1.105,2.453,0.689,5,"ecc_leaf_id_q_reg[0]/C","ecc_leaf_b_q_reg[11]/D","other","FDCE=2;LUT4=2;LUT5=2;LUT6=1"
628,1.439,5.000,3.558,1.105,2.453,0.689,5,"ecc_leaf_id_q_reg[0]/C","ecc_leaf_b_q_reg[12]/D","other","FDCE=2;LUT4=2;LUT5=3"
629,1.439,5.000,3.558,1.105,2.453,0.689,5,"ecc_leaf_id_q_reg[0]/C","ecc_leaf_b_q_reg[13]/D","other","FDCE=2;LUT4=3;LUT5=2"
630,1.439,5.000,3.558,1.105,2.453,0.689,5,"ecc_leaf_id_q_reg[0]/C","ecc_leaf_b_q_reg[14]/D","other","FDCE=2;LUT4=3;LUT5=2"
631,1.439,5.000,3.558,1.105,2.453,0.689,5,"ecc_leaf_id_q_reg[0]/C","ecc_leaf_b_q_reg[15]/D","other","FDCE=2;LUT4=3;LUT5=2"
632,1.439,5.000,3.558,1.105,2.453,0.689,5,"ecc_leaf_id_q_reg[0]/C","ecc_leaf_b_q_reg[16]/D","other","FDCE=2;LUT4=3;LUT5=2"
633,1.439,5.000,3.558,1.105,2.453,0.689,5,"ecc_leaf_id_q_reg[0]/C","ecc_leaf_b_q_reg[17]/D","other","FDCE=2;LUT4=3;LUT5=2"
634,1.439,5.000,3.558,1.105,2.453,0.689,5,"ecc_leaf_id_q_reg[0]/C","ecc_leaf_b_q_reg[18]/D","other","FDCE=2;LUT4=3;LUT5=2"
635,1.439,5.000,3.558,1.105,2.453,0.689,5,"ecc_leaf_id_q_reg[0]/C","ecc_leaf_b_q_reg[19]/D","other","FDCE=2;LUT4=2;LUT5=2;LUT6=1"
636,1.439,5.000,3.558,1.105,2.453,0.689,5,"ecc_leaf_id_q_reg[0]/C","ecc_leaf_b_q_reg[1]/D","other","FDCE=2;LUT4=2;LUT5=2;LUT6=1"
637,1.439,5.000,3.558,1.105,2.453,0.689,5,"ecc_leaf_id_q_reg[0]/C","ecc_leaf_b_q_reg[20]/D","other","FDCE=2;LUT4=3;LUT5=2"
638,1.439,5.000,3.558,1.105,2.453,0.689,5,"ecc_leaf_id_q_reg[0]/C","ecc_leaf_b_q_reg[21]/D","other","FDCE=2;LUT4=3;LUT5=2"
639,1.439,5.000,3.558,1.105,2.453,0.689,5,"ecc_leaf_id_q_reg[0]/C","ecc_leaf_b_q_reg[22]/D","other","FDCE=2;LUT4=3;LUT5=2"
640,1.439,5.000,3.558,1.105,2.453,0.689,5,"ecc_leaf_id_q_reg[0]/C","ecc_leaf_b_q_reg[23]/D","other","FDCE=2;LUT4=3;LUT5=2"
641,1.439,5.000,3.558,1.105,2.453,0.689,5,"ecc_leaf_id_q_reg[0]/C","ecc_leaf_b_q_reg[24]/D","other","FDCE=2;LUT4=2;LUT5=2;LUT6=1"
642,1.439,5.000,3.558,1.105,2.453,0.689,5,"ecc_leaf_id_q_reg[0]/C","ecc_leaf_b_q_reg[25]/D","other","FDCE=2;LUT4=3;LUT5=2"
643,1.439,5.000,3.558,1.105,2.453,0.689,5,"ecc_leaf_id_q_reg[0]/C","ecc_leaf_b_q_reg[26]/D","other","FDCE=2;LUT4=2;LUT5=3"
644,1.439,5.000,3.558,1.105,2.453,0.689,5,"ecc_leaf_id_q_reg[0]/C","ecc_leaf_b_q_reg[27]/D","other","FDCE=2;LUT4=3;LUT5=2"
645,1.439,5.000,3.558,1.105,2.453,0.689,5,"ecc_leaf_id_q_reg[0]/C","ecc_leaf_b_q_reg[28]/D","other","FDCE=2;LUT4=2;LUT5=3"
646,1.439,5.000,3.558,1.105,2.453,0.689,5,"ecc_leaf_id_q_reg[0]/C","ecc_leaf_b_q_reg[29]/D","other","FDCE=2;LUT4=3;LUT5=2"
647,1.439,5.000,3.558,1.105,2.453,0.689,5,"ecc_leaf_id_q_reg[0]/C","ecc_leaf_b_q_reg[2]/D","other","FDCE=2;LUT4=2;LUT5=3"
648,1.439,5.000,3.558,1.105,2.453,0.689,5,"ecc_leaf_id_q_reg[0]/C","ecc_leaf_b_q_reg[30]/D","other","FDCE=2;LUT4=3;LUT5=2"
649,1.439,5.000,3.558,1.105,2.453,0.689,5,"ecc_leaf_id_q_reg[0]/C","ecc_leaf_b_q_reg[31]/D","other","FDCE=2;LUT4=3;LUT5=2"
650,1.439,5.000,3.558,1.105,2.453,0.689,5,"ecc_leaf_id_q_reg[0]/C","ecc_leaf_b_q_reg[3]/D","other","FDCE=2;LUT4=2;LUT5=2;LUT6=1"
651,1.439,5.000,3.558,1.105,2.453,0.689,5,"ecc_leaf_id_q_reg[0]/C","ecc_leaf_b_q_reg[4]/D","other","FDCE=2;LUT4=3;LUT5=2"
652,1.439,5.000,3.558,1.105,2.453,0.689,5,"ecc_leaf_id_q_reg[0]/C","ecc_leaf_b_q_reg[5]/D","other","FDCE=2;LUT4=2;LUT5=2;LUT6=1"
653,1.439,5.000,3.558,1.105,2.453,0.689,5,"ecc_leaf_id_q_reg[0]/C","ecc_leaf_b_q_reg[6]/D","other","FDCE=2;LUT4=3;LUT5=2"
654,1.439,5.000,3.558,1.105,2.453,0.689,5,"ecc_leaf_id_q_reg[0]/C","ecc_leaf_b_q_reg[7]/D","other","FDCE=2;LUT4=3;LUT5=2"
655,1.439,5.000,3.558,1.105,2.453,0.689,5,"ecc_leaf_id_q_reg[0]/C","ecc_leaf_b_q_reg[8]/D","other","FDCE=2;LUT4=2;LUT5=3"
656,1.439,5.000,3.558,1.105,2.453,0.689,5,"ecc_leaf_id_q_reg[0]/C","ecc_leaf_b_q_reg[9]/D","other","FDCE=2;LUT4=2;LUT5=2;LUT6=1"
657,1.440,5.000,3.557,1.085,2.472,0.695,5,"ecc_leaf_id_q_reg[0]/C","ecc_leaf_a_q_reg[0]/D","other","FDCE=2;LUT4=3;LUT5=2"
658,1.440,5.000,3.557,1.085,2.472,0.695,5,"ecc_leaf_id_q_reg[0]/C","ecc_leaf_a_q_reg[10]/D","other","FDCE=2;LUT4=3;LUT5=2"
659,1.440,5.000,3.557,1.085,2.472,0.695,5,"ecc_leaf_id_q_reg[0]/C","ecc_leaf_a_q_reg[11]/D","other","FDCE=2;LUT4=3;LUT5=2"
660,1.440,5.000,3.557,1.085,2.472,0.695,5,"ecc_leaf_id_q_reg[0]/C","ecc_leaf_a_q_reg[12]/D","other","FDCE=2;LUT4=3;LUT5=2"
661,1.440,5.000,3.557,1.085,2.472,0.695,5,"ecc_leaf_id_q_reg[0]/C","ecc_leaf_a_q_reg[13]/D","other","FDCE=2;LUT4=3;LUT5=2"
662,1.440,5.000,3.557,1.085,2.472,0.695,5,"ecc_leaf_id_q_reg[0]/C","ecc_leaf_a_q_reg[14]/D","other","FDCE=2;LUT4=3;LUT5=2"
663,1.440,5.000,3.557,1.085,2.472,0.695,5,"ecc_leaf_id_q_reg[0]/C","ecc_leaf_a_q_reg[15]/D","other","FDCE=2;LUT4=2;LUT5=2;LUT6=1"
664,1.440,5.000,3.557,1.085,2.472,0.695,5,"ecc_leaf_id_q_reg[0]/C","ecc_leaf_a_q_reg[16]/D","other","FDCE=2;LUT4=2;LUT5=3"
665,1.440,5.000,3.557,1.085,2.472,0.695,5,"ecc_leaf_id_q_reg[0]/C","ecc_leaf_a_q_reg[17]/D","other","FDCE=2;LUT4=2;LUT5=2;LUT6=1"
666,1.440,5.000,3.557,1.085,2.472,0.695,5,"ecc_leaf_id_q_reg[0]/C","ecc_leaf_a_q_reg[18]/D","other","FDCE=2;LUT4=3;LUT5=1;LUT6=1"
667,1.440,5.000,3.557,1.085,2.472,0.695,5,"ecc_leaf_id_q_reg[0]/C","ecc_leaf_a_q_reg[19]/D","other","FDCE=2;LUT4=2;LUT5=3"
668,1.440,5.000,3.557,1.085,2.472,0.695,5,"ecc_leaf_id_q_reg[0]/C","ecc_leaf_a_q_reg[1]/D","other","FDCE=2;LUT4=2;LUT5=3"
669,1.440,5.000,3.557,1.085,2.472,0.695,5,"ecc_leaf_id_q_reg[0]/C","ecc_leaf_a_q_reg[20]/D","other","FDCE=2;LUT4=3;LUT5=2"
670,1.440,5.000,3.557,1.085,2.472,0.695,5,"ecc_leaf_id_q_reg[0]/C","ecc_leaf_a_q_reg[21]/D","other","FDCE=2;LUT4=2;LUT5=2;LUT6=1"
671,1.440,5.000,3.557,1.085,2.472,0.695,5,"ecc_leaf_id_q_reg[0]/C","ecc_leaf_a_q_reg[22]/D","other","FDCE=2;LUT4=3;LUT5=2"
672,1.440,5.000,3.557,1.085,2.472,0.695,5,"ecc_leaf_id_q_reg[0]/C","ecc_leaf_a_q_reg[23]/D","other","FDCE=2;LUT4=2;LUT5=2;LUT6=1"
673,1.440,5.000,3.557,1.085,2.472,0.695,5,"ecc_leaf_id_q_reg[0]/C","ecc_leaf_a_q_reg[24]/D","other","FDCE=2;LUT4=2;LUT5=2;LUT6=1"
674,1.440,5.000,3.557,1.085,2.472,0.695,5,"ecc_leaf_id_q_reg[0]/C","ecc_leaf_a_q_reg[25]/D","other","FDCE=2;LUT4=3;LUT5=2"
675,1.440,5.000,3.557,1.085,2.472,0.695,5,"ecc_leaf_id_q_reg[0]/C","ecc_leaf_a_q_reg[26]/D","other","FDCE=2;LUT4=2;LUT5=2;LUT6=1"
676,1.440,5.000,3.557,1.085,2.472,0.695,5,"ecc_leaf_id_q_reg[0]/C","ecc_leaf_a_q_reg[27]/D","other","FDCE=2;LUT4=3;LUT5=2"
677,1.440,5.000,3.557,1.085,2.472,0.695,5,"ecc_leaf_id_q_reg[0]/C","ecc_leaf_a_q_reg[28]/D","other","FDCE=2;LUT4=2;LUT5=2;LUT6=1"
678,1.440,5.000,3.557,1.085,2.472,0.695,5,"ecc_leaf_id_q_reg[0]/C","ecc_leaf_a_q_reg[29]/D","other","FDCE=2;LUT4=3;LUT5=2"
679,1.440,5.000,3.557,1.085,2.472,0.695,5,"ecc_leaf_id_q_reg[0]/C","ecc_leaf_a_q_reg[2]/D","other","FDCE=2;LUT4=3;LUT5=2"
680,1.440,5.000,3.557,1.085,2.472,0.695,5,"ecc_leaf_id_q_reg[0]/C","ecc_leaf_a_q_reg[30]/D","other","FDCE=2;LUT4=3;LUT5=2"
681,1.440,5.000,3.557,1.085,2.472,0.695,5,"ecc_leaf_id_q_reg[0]/C","ecc_leaf_a_q_reg[31]/D","other","FDCE=2;LUT4=2;LUT5=2;LUT6=1"
682,1.440,5.000,3.557,1.085,2.472,0.695,5,"ecc_leaf_id_q_reg[0]/C","ecc_leaf_a_q_reg[3]/D","other","FDCE=2;LUT4=3;LUT5=2"
683,1.440,5.000,3.557,1.085,2.472,0.695,5,"ecc_leaf_id_q_reg[0]/C","ecc_leaf_a_q_reg[4]/D","other","FDCE=2;LUT4=3;LUT5=2"
684,1.440,5.000,3.557,1.085,2.472,0.695,5,"ecc_leaf_id_q_reg[0]/C","ecc_leaf_a_q_reg[5]/D","other","FDCE=2;LUT4=3;LUT5=2"
685,1.440,5.000,3.557,1.085,2.472,0.695,5,"ecc_leaf_id_q_reg[0]/C","ecc_leaf_a_q_reg[6]/D","other","FDCE=2;LUT4=3;LUT5=2"
686,1.440,5.000,3.557,1.085,2.472,0.695,5,"ecc_leaf_id_q_reg[0]/C","ecc_leaf_a_q_reg[7]/D","other","FDCE=2;LUT4=2;LUT5=2;LUT6=1"
687,1.440,5.000,3.557,1.085,2.472,0.695,5,"ecc_leaf_id_q_reg[0]/C","ecc_leaf_a_q_reg[8]/D","other","FDCE=2;LUT4=3;LUT5=2"
688,1.440,5.000,3.557,1.085,2.472,0.695,5,"ecc_leaf_id_q_reg[0]/C","ecc_leaf_a_q_reg[9]/D","other","FDCE=2;LUT4=2;LUT5=2;LUT6=1"
689,1.447,5.000,3.579,1.687,1.892,0.529,5,"gen_lane[2].i_p2_pop_slice/popcount_part_q_o_reg[1][0]/C","group_dist_q_reg[2]/D","P2 popcount capture","CARRY4=2;FDCE=2;LUT3=2;LUT6=1"
690,1.452,5.000,3.337,0.980,2.357,0.706,4,"a_q_reg[16]/C","ecc_leaf_b_q_reg[0]/CE","other","FDCE=2;LUT5=2;LUT6=2"
691,1.452,5.000,3.337,0.980,2.357,0.706,4,"a_q_reg[16]/C","ecc_leaf_b_q_reg[10]/CE","other","FDCE=2;LUT5=2;LUT6=2"
692,1.452,5.000,3.337,0.980,2.357,0.706,4,"a_q_reg[16]/C","ecc_leaf_b_q_reg[11]/CE","other","FDCE=2;LUT5=2;LUT6=2"
693,1.452,5.000,3.337,0.980,2.357,0.706,4,"a_q_reg[16]/C","ecc_leaf_b_q_reg[12]/CE","other","FDCE=2;LUT5=2;LUT6=2"
694,1.452,5.000,3.337,0.980,2.357,0.706,4,"a_q_reg[16]/C","ecc_leaf_b_q_reg[13]/CE","other","FDCE=2;LUT5=2;LUT6=2"
695,1.452,5.000,3.337,0.980,2.357,0.706,4,"a_q_reg[16]/C","ecc_leaf_b_q_reg[14]/CE","other","FDCE=2;LUT5=2;LUT6=2"
696,1.452,5.000,3.337,0.980,2.357,0.706,4,"a_q_reg[16]/C","ecc_leaf_b_q_reg[15]/CE","other","FDCE=2;LUT5=2;LUT6=2"
697,1.452,5.000,3.337,0.980,2.357,0.706,4,"a_q_reg[16]/C","ecc_leaf_b_q_reg[16]/CE","other","FDCE=2;LUT5=2;LUT6=2"
698,1.452,5.000,3.337,0.980,2.357,0.706,4,"a_q_reg[16]/C","ecc_leaf_b_q_reg[17]/CE","other","FDCE=2;LUT5=2;LUT6=2"
699,1.452,5.000,3.337,0.980,2.357,0.706,4,"a_q_reg[16]/C","ecc_leaf_b_q_reg[18]/CE","other","FDCE=2;LUT5=2;LUT6=2"
700,1.452,5.000,3.337,0.980,2.357,0.706,4,"a_q_reg[16]/C","ecc_leaf_b_q_reg[19]/CE","other","FDCE=2;LUT5=2;LUT6=2"
701,1.452,5.000,3.337,0.980,2.357,0.706,4,"a_q_reg[16]/C","ecc_leaf_b_q_reg[1]/CE","other","FDCE=2;LUT5=2;LUT6=2"
702,1.452,5.000,3.337,0.980,2.357,0.706,4,"a_q_reg[16]/C","ecc_leaf_b_q_reg[20]/CE","other","FDCE=2;LUT5=2;LUT6=2"
703,1.452,5.000,3.337,0.980,2.357,0.706,4,"a_q_reg[16]/C","ecc_leaf_b_q_reg[21]/CE","other","FDCE=2;LUT5=2;LUT6=2"
704,1.452,5.000,3.337,0.980,2.357,0.706,4,"a_q_reg[16]/C","ecc_leaf_b_q_reg[22]/CE","other","FDCE=2;LUT5=2;LUT6=2"
705,1.452,5.000,3.337,0.980,2.357,0.706,4,"a_q_reg[16]/C","ecc_leaf_b_q_reg[23]/CE","other","FDCE=2;LUT5=2;LUT6=2"
706,1.452,5.000,3.337,0.980,2.357,0.706,4,"a_q_reg[16]/C","ecc_leaf_b_q_reg[24]/CE","other","FDCE=2;LUT5=2;LUT6=2"
707,1.452,5.000,3.337,0.980,2.357,0.706,4,"a_q_reg[16]/C","ecc_leaf_b_q_reg[25]/CE","other","FDCE=2;LUT5=2;LUT6=2"
708,1.452,5.000,3.337,0.980,2.357,0.706,4,"a_q_reg[16]/C","ecc_leaf_b_q_reg[26]/CE","other","FDCE=2;LUT5=2;LUT6=2"
709,1.452,5.000,3.337,0.980,2.357,0.706,4,"a_q_reg[16]/C","ecc_leaf_b_q_reg[27]/CE","other","FDCE=2;LUT5=2;LUT6=2"
710,1.452,5.000,3.337,0.980,2.357,0.706,4,"a_q_reg[16]/C","ecc_leaf_b_q_reg[28]/CE","other","FDCE=2;LUT5=2;LUT6=2"
711,1.452,5.000,3.337,0.980,2.357,0.706,4,"a_q_reg[16]/C","ecc_leaf_b_q_reg[29]/CE","other","FDCE=2;LUT5=2;LUT6=2"
712,1.452,5.000,3.337,0.980,2.357,0.706,4,"a_q_reg[16]/C","ecc_leaf_b_q_reg[2]/CE","other","FDCE=2;LUT5=2;LUT6=2"
713,1.452,5.000,3.337,0.980,2.357,0.706,4,"a_q_reg[16]/C","ecc_leaf_b_q_reg[30]/CE","other","FDCE=2;LUT5=2;LUT6=2"
714,1.452,5.000,3.337,0.980,2.357,0.706,4,"a_q_reg[16]/C","ecc_leaf_b_q_reg[31]/CE","other","FDCE=2;LUT5=2;LUT6=2"
715,1.452,5.000,3.337,0.980,2.357,0.706,4,"a_q_reg[16]/C","ecc_leaf_b_q_reg[3]/CE","other","FDCE=2;LUT5=2;LUT6=2"
716,1.452,5.000,3.337,0.980,2.357,0.706,4,"a_q_reg[16]/C","ecc_leaf_b_q_reg[4]/CE","other","FDCE=2;LUT5=2;LUT6=2"
717,1.452,5.000,3.337,0.980,2.357,0.706,4,"a_q_reg[16]/C","ecc_leaf_b_q_reg[5]/CE","other","FDCE=2;LUT5=2;LUT6=2"
718,1.452,5.000,3.337,0.980,2.357,0.706,4,"a_q_reg[16]/C","ecc_leaf_b_q_reg[6]/CE","other","FDCE=2;LUT5=2;LUT6=2"
719,1.452,5.000,3.337,0.980,2.357,0.706,4,"a_q_reg[16]/C","ecc_leaf_b_q_reg[7]/CE","other","FDCE=2;LUT5=2;LUT6=2"
720,1.452,5.000,3.337,0.980,2.357,0.706,4,"a_q_reg[16]/C","ecc_leaf_b_q_reg[8]/CE","other","FDCE=2;LUT5=2;LUT6=2"
721,1.452,5.000,3.337,0.980,2.357,0.706,4,"a_q_reg[16]/C","ecc_leaf_b_q_reg[9]/CE","other","FDCE=2;LUT5=2;LUT6=2"
722,1.452,5.000,3.337,0.980,2.357,0.706,4,"a_q_reg[16]/C","ecc_leaf_id_q_reg[0]/CE","other","FDCE=2;LUT5=2;LUT6=2"
723,1.452,5.000,3.337,0.980,2.357,0.706,4,"a_q_reg[16]/C","ecc_leaf_id_q_reg[1]/CE","other","FDCE=2;LUT5=2;LUT6=2"
724,1.452,5.000,3.337,0.980,2.357,0.706,4,"a_q_reg[16]/C","ecc_leaf_id_q_reg[2]/CE","other","FDCE=2;LUT5=2;LUT6=2"
725,1.452,5.000,3.337,0.980,2.357,0.706,4,"a_q_reg[16]/C","ecc_leaf_id_q_reg[3]/CE","other","FDCE=2;LUT5=2;LUT6=2"
726,1.452,5.000,3.337,0.980,2.357,0.706,4,"a_q_reg[16]/C","ecc_leaf_id_q_reg[4]/CE","other","FDCE=2;LUT5=2;LUT6=2"
727,1.490,5.000,3.299,1.000,2.299,0.697,4,"uop_p3_q_reg[op_type][1]/C","uop_p0_q_reg[chunk_idx][0]/CE","TOP control","FDCE=2;LUT3=1;LUT4=1;LUT6=2"
728,1.490,5.000,3.299,1.000,2.299,0.697,4,"uop_p3_q_reg[op_type][1]/C","uop_p0_q_reg[chunk_idx][1]/CE","TOP control","FDCE=2;LUT3=1;LUT4=1;LUT6=2"
729,1.490,5.000,3.299,1.000,2.299,0.697,4,"uop_p3_q_reg[op_type][1]/C","uop_p0_q_reg[class_idx][0]/CE","TOP control","FDCE=2;LUT3=1;LUT4=1;LUT6=2"
730,1.490,5.000,3.299,1.000,2.299,0.697,4,"uop_p3_q_reg[op_type][1]/C","uop_p0_q_reg[class_idx][1]/CE","TOP control","FDCE=2;LUT3=1;LUT4=1;LUT6=2"
731,1.490,5.000,3.299,1.000,2.299,0.697,4,"uop_p3_q_reg[op_type][1]/C","uop_p0_q_reg[class_idx][2]/CE","TOP control","FDCE=2;LUT3=1;LUT4=1;LUT6=2"
732,1.490,5.000,3.299,1.000,2.299,0.697,4,"uop_p3_q_reg[op_type][1]/C","uop_p0_q_reg[dst_addr][0]/CE","TOP control","FDCE=2;LUT3=1;LUT4=1;LUT6=2"
733,1.490,5.000,3.299,1.000,2.299,0.697,4,"uop_p3_q_reg[op_type][1]/C","uop_p0_q_reg[dst_addr][1]/CE","TOP control","FDCE=2;LUT3=1;LUT4=1;LUT6=2"
734,1.490,5.000,3.299,1.000,2.299,0.697,4,"uop_p3_q_reg[op_type][1]/C","uop_p0_q_reg[dst_addr][2]/CE","TOP control","FDCE=2;LUT3=1;LUT4=1;LUT6=2"
735,1.490,5.000,3.299,1.000,2.299,0.697,4,"uop_p3_q_reg[op_type][1]/C","uop_p0_q_reg[dst_addr][3]/CE","TOP control","FDCE=2;LUT3=1;LUT4=1;LUT6=2"
736,1.490,5.000,3.299,1.000,2.299,0.697,4,"uop_p3_q_reg[op_type][1]/C","uop_p0_q_reg[dst_addr][4]/CE","TOP control","FDCE=2;LUT3=1;LUT4=1;LUT6=2"
737,1.490,5.000,3.299,1.000,2.299,0.697,4,"uop_p3_q_reg[op_type][1]/C","uop_p0_q_reg[dst_addr][5]/CE","TOP control","FDCE=2;LUT3=1;LUT4=1;LUT6=2"
738,1.490,5.000,3.299,1.000,2.299,0.697,4,"uop_p3_q_reg[op_type][1]/C","uop_p0_q_reg[is_last_class]/CE","TOP control","FDCE=2;LUT3=1;LUT4=1;LUT6=2"
739,1.490,5.000,3.299,1.000,2.299,0.697,4,"uop_p3_q_reg[op_type][1]/C","uop_p0_q_reg[op_type][0]/CE","TOP control","FDCE=2;LUT3=1;LUT4=1;LUT6=2"
740,1.490,5.000,3.299,1.000,2.299,0.697,4,"uop_p3_q_reg[op_type][1]/C","uop_p0_q_reg[op_type][1]/CE","TOP control","FDCE=2;LUT3=1;LUT4=1;LUT6=2"
741,1.490,5.000,3.299,1.000,2.299,0.697,4,"uop_p3_q_reg[op_type][1]/C","uop_p0_q_reg[op_type][2]/CE","TOP control","FDCE=2;LUT3=1;LUT4=1;LUT6=2"
742,1.490,5.000,3.299,1.000,2.299,0.697,4,"uop_p3_q_reg[op_type][1]/C","uop_p0_q_reg[perm_nibble][0]/CE","TOP control","FDCE=2;LUT3=1;LUT4=1;LUT6=2"
743,1.490,5.000,3.299,1.000,2.299,0.697,4,"uop_p3_q_reg[op_type][1]/C","uop_p0_q_reg[perm_nibble][1]/CE","TOP control","FDCE=2;LUT3=1;LUT4=1;LUT6=2"
744,1.490,5.000,3.299,1.000,2.299,0.697,4,"uop_p3_q_reg[op_type][1]/C","uop_p0_q_reg[perm_nibble][2]/CE","TOP control","FDCE=2;LUT3=1;LUT4=1;LUT6=2"
745,1.490,5.000,3.299,1.000,2.299,0.697,4,"uop_p3_q_reg[op_type][1]/C","uop_p0_q_reg[perm_nibble][3]/CE","TOP control","FDCE=2;LUT3=1;LUT4=1;LUT6=2"
746,1.490,5.000,3.299,1.000,2.299,0.697,4,"uop_p3_q_reg[op_type][1]/C","uop_p0_q_reg[src0_addr][0]/CE","TOP control","FDCE=2;LUT3=1;LUT4=1;LUT6=2"
747,1.490,5.000,3.299,1.000,2.299,0.697,4,"uop_p3_q_reg[op_type][1]/C","uop_p0_q_reg[src0_addr][1]/CE","TOP control","FDCE=2;LUT3=1;LUT4=1;LUT6=2"
748,1.490,5.000,3.299,1.000,2.299,0.697,4,"uop_p3_q_reg[op_type][1]/C","uop_p0_q_reg[src0_addr][2]/CE","TOP control","FDCE=2;LUT3=1;LUT4=1;LUT6=2"
749,1.490,5.000,3.299,1.000,2.299,0.697,4,"uop_p3_q_reg[op_type][1]/C","uop_p0_q_reg[src0_addr][3]/CE","TOP control","FDCE=2;LUT3=1;LUT4=1;LUT6=2"
750,1.490,5.000,3.299,1.000,2.299,0.697,4,"uop_p3_q_reg[op_type][1]/C","uop_p0_q_reg[src0_addr][4]/CE","TOP control","FDCE=2;LUT3=1;LUT4=1;LUT6=2"
751,1.490,5.000,3.299,1.000,2.299,0.697,4,"uop_p3_q_reg[op_type][1]/C","uop_p0_q_reg[src0_addr][5]/CE","TOP control","FDCE=2;LUT3=1;LUT4=1;LUT6=2"
752,1.490,5.000,3.299,1.000,2.299,0.697,4,"uop_p3_q_reg[op_type][1]/C","uop_p0_q_reg[src1_addr][0]/CE","TOP control","FDCE=2;LUT3=1;LUT4=1;LUT6=2"
753,1.490,5.000,3.299,1.000,2.299,0.697,4,"uop_p3_q_reg[op_type][1]/C","uop_p0_q_reg[src1_addr][1]/CE","TOP control","FDCE=2;LUT3=1;LUT4=1;LUT6=2"
754,1.490,5.000,3.299,1.000,2.299,0.697,4,"uop_p3_q_reg[op_type][1]/C","uop_p0_q_reg[src1_addr][2]/CE","TOP control","FDCE=2;LUT3=1;LUT4=1;LUT6=2"
755,1.490,5.000,3.299,1.000,2.299,0.697,4,"uop_p3_q_reg[op_type][1]/C","uop_p0_q_reg[src1_addr][3]/CE","TOP control","FDCE=2;LUT3=1;LUT4=1;LUT6=2"
756,1.490,5.000,3.299,1.000,2.299,0.697,4,"uop_p3_q_reg[op_type][1]/C","uop_p0_q_reg[src1_addr][4]/CE","TOP control","FDCE=2;LUT3=1;LUT4=1;LUT6=2"
757,1.490,5.000,3.299,1.000,2.299,0.697,4,"uop_p3_q_reg[op_type][1]/C","uop_p0_q_reg[src1_addr][5]/CE","TOP control","FDCE=2;LUT3=1;LUT4=1;LUT6=2"
758,1.490,5.000,3.299,1.000,2.299,0.697,4,"uop_p3_q_reg[op_type][1]/C","uop_p0_q_reg[subgroup_idx][0]/CE","TOP control","FDCE=2;LUT3=1;LUT4=1;LUT6=2"
759,1.490,5.000,3.299,1.000,2.299,0.697,4,"uop_p3_q_reg[op_type][1]/C","uop_p0_q_reg[subgroup_idx][1]/CE","TOP control","FDCE=2;LUT3=1;LUT4=1;LUT6=2"
760,1.490,5.000,3.299,1.000,2.299,0.697,4,"uop_p3_q_reg[op_type][1]/C","uop_p0_q_reg[use_clip]/CE","TOP control","FDCE=2;LUT3=1;LUT4=1;LUT6=2"
761,1.490,5.000,3.299,1.000,2.299,0.697,4,"uop_p3_q_reg[op_type][1]/C","uop_p0_q_reg[use_counter]/CE","TOP control","FDCE=2;LUT3=1;LUT4=1;LUT6=2"
762,1.490,5.000,3.299,1.000,2.299,0.697,4,"uop_p3_q_reg[op_type][1]/C","uop_p0_q_reg[use_shift]/CE","TOP control","FDCE=2;LUT3=1;LUT4=1;LUT6=2"
763,1.540,5.000,3.249,0.980,2.269,0.698,4,"uop_p0_q_reg[class_idx][1]/C","hmatch_budget_q_reg[0]/CE","TOP control","FDCE=2;LUT4=1;LUT6=3"
764,1.540,5.000,3.249,0.980,2.269,0.698,4,"uop_p0_q_reg[class_idx][1]/C","hmatch_budget_q_reg[10]/CE","TOP control","FDCE=2;LUT4=1;LUT6=3"
765,1.540,5.000,3.249,0.980,2.269,0.698,4,"uop_p0_q_reg[class_idx][1]/C","hmatch_budget_q_reg[11]_inv/CE","TOP control","FDCE=1;FDPE=1;LUT4=1;LUT6=3"
766,1.540,5.000,3.249,0.980,2.269,0.698,4,"uop_p0_q_reg[class_idx][1]/C","hmatch_budget_q_reg[1]/CE","TOP control","FDCE=2;LUT4=1;LUT6=3"
767,1.540,5.000,3.249,0.980,2.269,0.698,4,"uop_p0_q_reg[class_idx][1]/C","hmatch_budget_q_reg[2]/CE","TOP control","FDCE=2;LUT4=1;LUT6=3"
768,1.540,5.000,3.249,0.980,2.269,0.698,4,"uop_p0_q_reg[class_idx][1]/C","hmatch_budget_q_reg[3]/CE","TOP control","FDCE=2;LUT4=1;LUT6=3"
769,1.540,5.000,3.249,0.980,2.269,0.698,4,"uop_p0_q_reg[class_idx][1]/C","hmatch_budget_q_reg[4]/CE","TOP control","FDCE=2;LUT4=1;LUT6=3"
770,1.540,5.000,3.249,0.980,2.269,0.698,4,"uop_p0_q_reg[class_idx][1]/C","hmatch_budget_q_reg[5]/CE","TOP control","FDCE=2;LUT4=1;LUT6=3"
771,1.540,5.000,3.249,0.980,2.269,0.698,4,"uop_p0_q_reg[class_idx][1]/C","hmatch_budget_q_reg[6]/CE","TOP control","FDCE=2;LUT4=1;LUT6=3"
772,1.540,5.000,3.249,0.980,2.269,0.698,4,"uop_p0_q_reg[class_idx][1]/C","hmatch_budget_q_reg[7]/CE","TOP control","FDCE=2;LUT4=1;LUT6=3"
773,1.540,5.000,3.249,0.980,2.269,0.698,4,"uop_p0_q_reg[class_idx][1]/C","hmatch_budget_q_reg[8]/CE","TOP control","FDCE=2;LUT4=1;LUT6=3"
774,1.540,5.000,3.249,0.980,2.269,0.698,4,"uop_p0_q_reg[class_idx][1]/C","hmatch_budget_q_reg[9]/CE","TOP control","FDCE=2;LUT4=1;LUT6=3"
775,1.574,5.000,3.423,1.085,2.338,0.683,5,"a_q_reg[16]/C","ecc_diag_base_q_reg[3]/D","other","FDCE=2;LUT5=2;LUT6=3"
776,1.574,5.000,3.423,1.085,2.338,0.683,5,"a_q_reg[16]/C","ecc_diag_base_q_reg[4]/D","other","FDCE=2;LUT5=2;LUT6=3"
777,1.574,5.000,3.423,1.085,2.338,0.683,5,"a_q_reg[16]/C","ecc_diag_base_q_reg[5]/D","other","FDCE=2;LUT5=2;LUT6=3"
778,1.622,5.000,3.167,0.980,2.187,0.691,4,"st_q_reg[0]/C","ecc_leaf_a_q_reg[0]/CE","TOP control","FDCE=2;LUT2=1;LUT4=1;LUT6=2"
779,1.622,5.000,3.167,0.980,2.187,0.691,4,"st_q_reg[0]/C","ecc_leaf_a_q_reg[10]/CE","TOP control","FDCE=2;LUT2=1;LUT4=1;LUT6=2"
780,1.622,5.000,3.167,0.980,2.187,0.691,4,"st_q_reg[0]/C","ecc_leaf_a_q_reg[11]/CE","TOP control","FDCE=2;LUT2=1;LUT4=1;LUT6=2"
781,1.622,5.000,3.167,0.980,2.187,0.691,4,"st_q_reg[0]/C","ecc_leaf_a_q_reg[12]/CE","TOP control","FDCE=2;LUT2=1;LUT4=1;LUT6=2"
782,1.622,5.000,3.167,0.980,2.187,0.691,4,"st_q_reg[0]/C","ecc_leaf_a_q_reg[13]/CE","TOP control","FDCE=2;LUT2=1;LUT4=1;LUT6=2"
783,1.622,5.000,3.167,0.980,2.187,0.691,4,"st_q_reg[0]/C","ecc_leaf_a_q_reg[14]/CE","TOP control","FDCE=2;LUT2=1;LUT4=1;LUT6=2"
784,1.622,5.000,3.167,0.980,2.187,0.691,4,"st_q_reg[0]/C","ecc_leaf_a_q_reg[15]/CE","TOP control","FDCE=2;LUT2=1;LUT4=1;LUT6=2"
785,1.622,5.000,3.167,0.980,2.187,0.691,4,"st_q_reg[0]/C","ecc_leaf_a_q_reg[16]/CE","TOP control","FDCE=2;LUT2=1;LUT4=1;LUT6=2"
786,1.622,5.000,3.167,0.980,2.187,0.691,4,"st_q_reg[0]/C","ecc_leaf_a_q_reg[17]/CE","TOP control","FDCE=2;LUT2=1;LUT4=1;LUT6=2"
787,1.622,5.000,3.167,0.980,2.187,0.691,4,"st_q_reg[0]/C","ecc_leaf_a_q_reg[18]/CE","TOP control","FDCE=2;LUT2=1;LUT4=1;LUT6=2"
788,1.622,5.000,3.167,0.980,2.187,0.691,4,"st_q_reg[0]/C","ecc_leaf_a_q_reg[19]/CE","TOP control","FDCE=2;LUT2=1;LUT4=1;LUT6=2"
789,1.622,5.000,3.167,0.980,2.187,0.691,4,"st_q_reg[0]/C","ecc_leaf_a_q_reg[1]/CE","TOP control","FDCE=2;LUT2=1;LUT4=1;LUT6=2"
790,1.622,5.000,3.167,0.980,2.187,0.691,4,"st_q_reg[0]/C","ecc_leaf_a_q_reg[20]/CE","TOP control","FDCE=2;LUT2=1;LUT4=1;LUT6=2"
791,1.622,5.000,3.167,0.980,2.187,0.691,4,"st_q_reg[0]/C","ecc_leaf_a_q_reg[21]/CE","TOP control","FDCE=2;LUT2=1;LUT4=1;LUT6=2"
792,1.622,5.000,3.167,0.980,2.187,0.691,4,"st_q_reg[0]/C","ecc_leaf_a_q_reg[22]/CE","TOP control","FDCE=2;LUT2=1;LUT4=1;LUT6=2"
793,1.622,5.000,3.167,0.980,2.187,0.691,4,"st_q_reg[0]/C","ecc_leaf_a_q_reg[23]/CE","TOP control","FDCE=2;LUT2=1;LUT4=1;LUT6=2"
794,1.622,5.000,3.167,0.980,2.187,0.691,4,"st_q_reg[0]/C","ecc_leaf_a_q_reg[24]/CE","TOP control","FDCE=2;LUT2=1;LUT4=1;LUT6=2"
795,1.622,5.000,3.167,0.980,2.187,0.691,4,"st_q_reg[0]/C","ecc_leaf_a_q_reg[25]/CE","TOP control","FDCE=2;LUT2=1;LUT4=1;LUT6=2"
796,1.622,5.000,3.167,0.980,2.187,0.691,4,"st_q_reg[0]/C","ecc_leaf_a_q_reg[26]/CE","TOP control","FDCE=2;LUT2=1;LUT4=1;LUT6=2"
797,1.622,5.000,3.167,0.980,2.187,0.691,4,"st_q_reg[0]/C","ecc_leaf_a_q_reg[27]/CE","TOP control","FDCE=2;LUT2=1;LUT4=1;LUT6=2"
798,1.622,5.000,3.167,0.980,2.187,0.691,4,"st_q_reg[0]/C","ecc_leaf_a_q_reg[28]/CE","TOP control","FDCE=2;LUT2=1;LUT4=1;LUT6=2"
799,1.622,5.000,3.167,0.980,2.187,0.691,4,"st_q_reg[0]/C","ecc_leaf_a_q_reg[29]/CE","TOP control","FDCE=2;LUT2=1;LUT4=1;LUT6=2"
800,1.622,5.000,3.167,0.980,2.187,0.691,4,"st_q_reg[0]/C","ecc_leaf_a_q_reg[2]/CE","TOP control","FDCE=2;LUT2=1;LUT4=1;LUT6=2"
801,1.622,5.000,3.167,0.980,2.187,0.691,4,"st_q_reg[0]/C","ecc_leaf_a_q_reg[30]/CE","TOP control","FDCE=2;LUT2=1;LUT4=1;LUT6=2"
802,1.622,5.000,3.167,0.980,2.187,0.691,4,"st_q_reg[0]/C","ecc_leaf_a_q_reg[31]/CE","TOP control","FDCE=2;LUT2=1;LUT4=1;LUT6=2"
803,1.622,5.000,3.167,0.980,2.187,0.691,4,"st_q_reg[0]/C","ecc_leaf_a_q_reg[3]/CE","TOP control","FDCE=2;LUT2=1;LUT4=1;LUT6=2"
804,1.622,5.000,3.167,0.980,2.187,0.691,4,"st_q_reg[0]/C","ecc_leaf_a_q_reg[4]/CE","TOP control","FDCE=2;LUT2=1;LUT4=1;LUT6=2"
805,1.622,5.000,3.167,0.980,2.187,0.691,4,"st_q_reg[0]/C","ecc_leaf_a_q_reg[5]/CE","TOP control","FDCE=2;LUT2=1;LUT4=1;LUT6=2"
806,1.622,5.000,3.167,0.980,2.187,0.691,4,"st_q_reg[0]/C","ecc_leaf_a_q_reg[6]/CE","TOP control","FDCE=2;LUT2=1;LUT4=1;LUT6=2"
807,1.622,5.000,3.167,0.980,2.187,0.691,4,"st_q_reg[0]/C","ecc_leaf_a_q_reg[7]/CE","TOP control","FDCE=2;LUT2=1;LUT4=1;LUT6=2"
808,1.622,5.000,3.167,0.980,2.187,0.691,4,"st_q_reg[0]/C","ecc_leaf_a_q_reg[8]/CE","TOP control","FDCE=2;LUT2=1;LUT4=1;LUT6=2"
809,1.622,5.000,3.167,0.980,2.187,0.691,4,"st_q_reg[0]/C","ecc_leaf_a_q_reg[9]/CE","TOP control","FDCE=2;LUT2=1;LUT4=1;LUT6=2"
810,1.631,5.000,3.158,0.875,2.283,0.723,3,"st_q_reg[2]_rep/C","hdc_src0_q_reg[0][0]/CE","TOP control","FDCE=2;LUT5=1;LUT6=2"
811,1.631,5.000,3.158,0.875,2.283,0.723,3,"st_q_reg[2]_rep/C","hdc_src0_q_reg[0][10]/CE","TOP control","FDCE=2;LUT5=1;LUT6=2"
812,1.631,5.000,3.158,0.875,2.283,0.723,3,"st_q_reg[2]_rep/C","hdc_src0_q_reg[0][11]/CE","TOP control","FDCE=2;LUT5=1;LUT6=2"
813,1.631,5.000,3.158,0.875,2.283,0.723,3,"st_q_reg[2]_rep/C","hdc_src0_q_reg[0][12]/CE","TOP control","FDCE=2;LUT5=1;LUT6=2"
814,1.631,5.000,3.158,0.875,2.283,0.723,3,"st_q_reg[2]_rep/C","hdc_src0_q_reg[0][13]/CE","TOP control","FDCE=2;LUT5=1;LUT6=2"
815,1.631,5.000,3.158,0.875,2.283,0.723,3,"st_q_reg[2]_rep/C","hdc_src0_q_reg[0][14]/CE","TOP control","FDCE=2;LUT5=1;LUT6=2"
816,1.631,5.000,3.158,0.875,2.283,0.723,3,"st_q_reg[2]_rep/C","hdc_src0_q_reg[0][15]/CE","TOP control","FDCE=2;LUT5=1;LUT6=2"
817,1.631,5.000,3.158,0.875,2.283,0.723,3,"st_q_reg[2]_rep/C","hdc_src0_q_reg[0][16]/CE","TOP control","FDCE=2;LUT5=1;LUT6=2"
818,1.631,5.000,3.158,0.875,2.283,0.723,3,"st_q_reg[2]_rep/C","hdc_src0_q_reg[0][17]/CE","TOP control","FDCE=2;LUT5=1;LUT6=2"
819,1.631,5.000,3.158,0.875,2.283,0.723,3,"st_q_reg[2]_rep/C","hdc_src0_q_reg[0][18]/CE","TOP control","FDCE=2;LUT5=1;LUT6=2"
820,1.631,5.000,3.158,0.875,2.283,0.723,3,"st_q_reg[2]_rep/C","hdc_src0_q_reg[0][19]/CE","TOP control","FDCE=2;LUT5=1;LUT6=2"
821,1.631,5.000,3.158,0.875,2.283,0.723,3,"st_q_reg[2]_rep/C","hdc_src0_q_reg[0][1]/CE","TOP control","FDCE=2;LUT5=1;LUT6=2"
822,1.631,5.000,3.158,0.875,2.283,0.723,3,"st_q_reg[2]_rep/C","hdc_src0_q_reg[0][20]/CE","TOP control","FDCE=2;LUT5=1;LUT6=2"
823,1.631,5.000,3.158,0.875,2.283,0.723,3,"st_q_reg[2]_rep/C","hdc_src0_q_reg[0][21]/CE","TOP control","FDCE=2;LUT5=1;LUT6=2"
824,1.631,5.000,3.158,0.875,2.283,0.723,3,"st_q_reg[2]_rep/C","hdc_src0_q_reg[0][22]/CE","TOP control","FDCE=2;LUT5=1;LUT6=2"
825,1.631,5.000,3.158,0.875,2.283,0.723,3,"st_q_reg[2]_rep/C","hdc_src0_q_reg[0][23]/CE","TOP control","FDCE=2;LUT5=1;LUT6=2"
826,1.631,5.000,3.158,0.875,2.283,0.723,3,"st_q_reg[2]_rep/C","hdc_src0_q_reg[0][24]/CE","TOP control","FDCE=2;LUT5=1;LUT6=2"
827,1.631,5.000,3.158,0.875,2.283,0.723,3,"st_q_reg[2]_rep/C","hdc_src0_q_reg[0][25]/CE","TOP control","FDCE=2;LUT5=1;LUT6=2"
828,1.631,5.000,3.158,0.875,2.283,0.723,3,"st_q_reg[2]_rep/C","hdc_src0_q_reg[0][26]/CE","TOP control","FDCE=2;LUT5=1;LUT6=2"
829,1.631,5.000,3.158,0.875,2.283,0.723,3,"st_q_reg[2]_rep/C","hdc_src0_q_reg[0][27]/CE","TOP control","FDCE=2;LUT5=1;LUT6=2"
830,1.631,5.000,3.158,0.875,2.283,0.723,3,"st_q_reg[2]_rep/C","hdc_src0_q_reg[0][28]/CE","TOP control","FDCE=2;LUT5=1;LUT6=2"
831,1.631,5.000,3.158,0.875,2.283,0.723,3,"st_q_reg[2]_rep/C","hdc_src0_q_reg[0][29]/CE","TOP control","FDCE=2;LUT5=1;LUT6=2"
832,1.631,5.000,3.158,0.875,2.283,0.723,3,"st_q_reg[2]_rep/C","hdc_src0_q_reg[0][2]/CE","TOP control","FDCE=2;LUT5=1;LUT6=2"
833,1.631,5.000,3.158,0.875,2.283,0.723,3,"st_q_reg[2]_rep/C","hdc_src0_q_reg[0][30]/CE","TOP control","FDCE=2;LUT5=1;LUT6=2"
834,1.631,5.000,3.158,0.875,2.283,0.723,3,"st_q_reg[2]_rep/C","hdc_src0_q_reg[0][31]/CE","TOP control","FDCE=2;LUT5=1;LUT6=2"
835,1.631,5.000,3.158,0.875,2.283,0.723,3,"st_q_reg[2]_rep/C","hdc_src0_q_reg[0][32]/CE","TOP control","FDCE=2;LUT5=1;LUT6=2"
836,1.631,5.000,3.158,0.875,2.283,0.723,3,"st_q_reg[2]_rep/C","hdc_src0_q_reg[0][33]/CE","TOP control","FDCE=2;LUT5=1;LUT6=2"
837,1.631,5.000,3.158,0.875,2.283,0.723,3,"st_q_reg[2]_rep/C","hdc_src0_q_reg[0][34]/CE","TOP control","FDCE=2;LUT5=1;LUT6=2"
838,1.631,5.000,3.158,0.875,2.283,0.723,3,"st_q_reg[2]_rep/C","hdc_src0_q_reg[0][35]/CE","TOP control","FDCE=2;LUT5=1;LUT6=2"
839,1.631,5.000,3.158,0.875,2.283,0.723,3,"st_q_reg[2]_rep/C","hdc_src0_q_reg[0][36]/CE","TOP control","FDCE=2;LUT5=1;LUT6=2"
840,1.631,5.000,3.158,0.875,2.283,0.723,3,"st_q_reg[2]_rep/C","hdc_src0_q_reg[0][37]/CE","TOP control","FDCE=2;LUT5=1;LUT6=2"
841,1.631,5.000,3.158,0.875,2.283,0.723,3,"st_q_reg[2]_rep/C","hdc_src0_q_reg[0][38]/CE","TOP control","FDCE=2;LUT5=1;LUT6=2"
842,1.631,5.000,3.158,0.875,2.283,0.723,3,"st_q_reg[2]_rep/C","hdc_src0_q_reg[0][39]/CE","TOP control","FDCE=2;LUT5=1;LUT6=2"
843,1.631,5.000,3.158,0.875,2.283,0.723,3,"st_q_reg[2]_rep/C","hdc_src0_q_reg[0][3]/CE","TOP control","FDCE=2;LUT5=1;LUT6=2"
844,1.631,5.000,3.158,0.875,2.283,0.723,3,"st_q_reg[2]_rep/C","hdc_src0_q_reg[0][40]/CE","TOP control","FDCE=2;LUT5=1;LUT6=2"
845,1.631,5.000,3.158,0.875,2.283,0.723,3,"st_q_reg[2]_rep/C","hdc_src0_q_reg[0][41]/CE","TOP control","FDCE=2;LUT5=1;LUT6=2"
846,1.631,5.000,3.158,0.875,2.283,0.723,3,"st_q_reg[2]_rep/C","hdc_src0_q_reg[0][42]/CE","TOP control","FDCE=2;LUT5=1;LUT6=2"
847,1.631,5.000,3.158,0.875,2.283,0.723,3,"st_q_reg[2]_rep/C","hdc_src0_q_reg[0][43]/CE","TOP control","FDCE=2;LUT5=1;LUT6=2"
848,1.631,5.000,3.158,0.875,2.283,0.723,3,"st_q_reg[2]_rep/C","hdc_src0_q_reg[0][44]/CE","TOP control","FDCE=2;LUT5=1;LUT6=2"
849,1.631,5.000,3.158,0.875,2.283,0.723,3,"st_q_reg[2]_rep/C","hdc_src0_q_reg[0][45]/CE","TOP control","FDCE=2;LUT5=1;LUT6=2"
850,1.631,5.000,3.158,0.875,2.283,0.723,3,"st_q_reg[2]_rep/C","hdc_src0_q_reg[0][46]/CE","TOP control","FDCE=2;LUT5=1;LUT6=2"
851,1.631,5.000,3.158,0.875,2.283,0.723,3,"st_q_reg[2]_rep/C","hdc_src0_q_reg[0][47]/CE","TOP control","FDCE=2;LUT5=1;LUT6=2"
852,1.631,5.000,3.158,0.875,2.283,0.723,3,"st_q_reg[2]_rep/C","hdc_src0_q_reg[0][48]/CE","TOP control","FDCE=2;LUT5=2;LUT6=1"
853,1.631,5.000,3.158,0.875,2.283,0.723,3,"st_q_reg[2]_rep/C","hdc_src0_q_reg[0][49]/CE","TOP control","FDCE=2;LUT5=2;LUT6=1"
854,1.631,5.000,3.158,0.875,2.283,0.723,3,"st_q_reg[2]_rep/C","hdc_src0_q_reg[0][4]/CE","TOP control","FDCE=2;LUT5=1;LUT6=2"
855,1.631,5.000,3.158,0.875,2.283,0.723,3,"st_q_reg[2]_rep/C","hdc_src0_q_reg[0][50]/CE","TOP control","FDCE=2;LUT5=2;LUT6=1"
856,1.631,5.000,3.158,0.875,2.283,0.723,3,"st_q_reg[2]_rep/C","hdc_src0_q_reg[0][51]/CE","TOP control","FDCE=2;LUT5=2;LUT6=1"
857,1.631,5.000,3.158,0.875,2.283,0.723,3,"st_q_reg[2]_rep/C","hdc_src0_q_reg[0][52]/CE","TOP control","FDCE=2;LUT5=2;LUT6=1"
858,1.631,5.000,3.158,0.875,2.283,0.723,3,"st_q_reg[2]_rep/C","hdc_src0_q_reg[0][53]/CE","TOP control","FDCE=2;LUT5=2;LUT6=1"
859,1.631,5.000,3.158,0.875,2.283,0.723,3,"st_q_reg[2]_rep/C","hdc_src0_q_reg[0][54]/CE","TOP control","FDCE=2;LUT5=2;LUT6=1"
860,1.631,5.000,3.158,0.875,2.283,0.723,3,"st_q_reg[2]_rep/C","hdc_src0_q_reg[0][55]/CE","TOP control","FDCE=2;LUT5=2;LUT6=1"
861,1.631,5.000,3.158,0.875,2.283,0.723,3,"st_q_reg[2]_rep/C","hdc_src0_q_reg[0][56]/CE","TOP control","FDCE=2;LUT5=2;LUT6=1"
862,1.631,5.000,3.158,0.875,2.283,0.723,3,"st_q_reg[2]_rep/C","hdc_src0_q_reg[0][57]/CE","TOP control","FDCE=2;LUT5=2;LUT6=1"
863,1.631,5.000,3.158,0.875,2.283,0.723,3,"st_q_reg[2]_rep/C","hdc_src0_q_reg[0][58]/CE","TOP control","FDCE=2;LUT5=2;LUT6=1"
864,1.631,5.000,3.158,0.875,2.283,0.723,3,"st_q_reg[2]_rep/C","hdc_src0_q_reg[0][59]/CE","TOP control","FDCE=2;LUT5=2;LUT6=1"
865,1.631,5.000,3.158,0.875,2.283,0.723,3,"st_q_reg[2]_rep/C","hdc_src0_q_reg[0][5]/CE","TOP control","FDCE=2;LUT5=1;LUT6=2"
866,1.631,5.000,3.158,0.875,2.283,0.723,3,"st_q_reg[2]_rep/C","hdc_src0_q_reg[0][60]/CE","TOP control","FDCE=2;LUT5=2;LUT6=1"
867,1.631,5.000,3.158,0.875,2.283,0.723,3,"st_q_reg[2]_rep/C","hdc_src0_q_reg[0][61]/CE","TOP control","FDCE=2;LUT5=2;LUT6=1"
868,1.631,5.000,3.158,0.875,2.283,0.723,3,"st_q_reg[2]_rep/C","hdc_src0_q_reg[0][62]/CE","TOP control","FDCE=2;LUT5=2;LUT6=1"
869,1.631,5.000,3.158,0.875,2.283,0.723,3,"st_q_reg[2]_rep/C","hdc_src0_q_reg[0][63]/CE","TOP control","FDCE=2;LUT5=2;LUT6=1"
870,1.631,5.000,3.158,0.875,2.283,0.723,3,"st_q_reg[2]_rep/C","hdc_src0_q_reg[0][6]/CE","TOP control","FDCE=2;LUT5=1;LUT6=2"
871,1.631,5.000,3.158,0.875,2.283,0.723,3,"st_q_reg[2]_rep/C","hdc_src0_q_reg[0][7]/CE","TOP control","FDCE=2;LUT5=1;LUT6=2"
872,1.631,5.000,3.158,0.875,2.283,0.723,3,"st_q_reg[2]_rep/C","hdc_src0_q_reg[0][8]/CE","TOP control","FDCE=2;LUT5=1;LUT6=2"
873,1.631,5.000,3.158,0.875,2.283,0.723,3,"st_q_reg[2]_rep/C","hdc_src0_q_reg[0][9]/CE","TOP control","FDCE=2;LUT5=1;LUT6=2"
874,1.631,5.000,3.158,0.875,2.283,0.723,3,"st_q_reg[2]_rep/C","hdc_src0_q_reg[1][0]/CE","TOP control","FDCE=2;LUT5=1;LUT6=2"
875,1.631,5.000,3.158,0.875,2.283,0.723,3,"st_q_reg[2]_rep/C","hdc_src0_q_reg[1][10]/CE","TOP control","FDCE=2;LUT5=1;LUT6=2"
876,1.631,5.000,3.158,0.875,2.283,0.723,3,"st_q_reg[2]_rep/C","hdc_src0_q_reg[1][11]/CE","TOP control","FDCE=2;LUT5=1;LUT6=2"
877,1.631,5.000,3.158,0.875,2.283,0.723,3,"st_q_reg[2]_rep/C","hdc_src0_q_reg[1][12]/CE","TOP control","FDCE=2;LUT5=1;LUT6=2"
878,1.631,5.000,3.158,0.875,2.283,0.723,3,"st_q_reg[2]_rep/C","hdc_src0_q_reg[1][13]/CE","TOP control","FDCE=2;LUT5=1;LUT6=2"
879,1.631,5.000,3.158,0.875,2.283,0.723,3,"st_q_reg[2]_rep/C","hdc_src0_q_reg[1][14]/CE","TOP control","FDCE=2;LUT5=1;LUT6=2"
880,1.631,5.000,3.158,0.875,2.283,0.723,3,"st_q_reg[2]_rep/C","hdc_src0_q_reg[1][15]/CE","TOP control","FDCE=2;LUT5=1;LUT6=2"
881,1.631,5.000,3.158,0.875,2.283,0.723,3,"st_q_reg[2]_rep/C","hdc_src0_q_reg[1][16]/CE","TOP control","FDCE=2;LUT5=1;LUT6=2"
882,1.631,5.000,3.158,0.875,2.283,0.723,3,"st_q_reg[2]_rep/C","hdc_src0_q_reg[1][17]/CE","TOP control","FDCE=2;LUT5=1;LUT6=2"
883,1.631,5.000,3.158,0.875,2.283,0.723,3,"st_q_reg[2]_rep/C","hdc_src0_q_reg[1][18]/CE","TOP control","FDCE=2;LUT5=1;LUT6=2"
884,1.631,5.000,3.158,0.875,2.283,0.723,3,"st_q_reg[2]_rep/C","hdc_src0_q_reg[1][19]/CE","TOP control","FDCE=2;LUT5=1;LUT6=2"
885,1.631,5.000,3.158,0.875,2.283,0.723,3,"st_q_reg[2]_rep/C","hdc_src0_q_reg[1][1]/CE","TOP control","FDCE=2;LUT5=1;LUT6=2"
886,1.631,5.000,3.158,0.875,2.283,0.723,3,"st_q_reg[2]_rep/C","hdc_src0_q_reg[1][20]/CE","TOP control","FDCE=2;LUT5=1;LUT6=2"
887,1.631,5.000,3.158,0.875,2.283,0.723,3,"st_q_reg[2]_rep/C","hdc_src0_q_reg[1][21]/CE","TOP control","FDCE=2;LUT5=1;LUT6=2"
888,1.631,5.000,3.158,0.875,2.283,0.723,3,"st_q_reg[2]_rep/C","hdc_src0_q_reg[1][22]/CE","TOP control","FDCE=2;LUT5=1;LUT6=2"
889,1.631,5.000,3.158,0.875,2.283,0.723,3,"st_q_reg[2]_rep/C","hdc_src0_q_reg[1][23]/CE","TOP control","FDCE=2;LUT5=1;LUT6=2"
890,1.631,5.000,3.158,0.875,2.283,0.723,3,"st_q_reg[2]_rep/C","hdc_src0_q_reg[1][24]/CE","TOP control","FDCE=2;LUT5=1;LUT6=2"
891,1.631,5.000,3.158,0.875,2.283,0.723,3,"st_q_reg[2]_rep/C","hdc_src0_q_reg[1][25]/CE","TOP control","FDCE=2;LUT5=1;LUT6=2"
892,1.631,5.000,3.158,0.875,2.283,0.723,3,"st_q_reg[2]_rep/C","hdc_src0_q_reg[1][26]/CE","TOP control","FDCE=2;LUT5=1;LUT6=2"
893,1.631,5.000,3.158,0.875,2.283,0.723,3,"st_q_reg[2]_rep/C","hdc_src0_q_reg[1][27]/CE","TOP control","FDCE=2;LUT5=1;LUT6=2"
894,1.631,5.000,3.158,0.875,2.283,0.723,3,"st_q_reg[2]_rep/C","hdc_src0_q_reg[1][28]/CE","TOP control","FDCE=2;LUT5=1;LUT6=2"
895,1.631,5.000,3.158,0.875,2.283,0.723,3,"st_q_reg[2]_rep/C","hdc_src0_q_reg[1][29]/CE","TOP control","FDCE=2;LUT5=1;LUT6=2"
896,1.631,5.000,3.158,0.875,2.283,0.723,3,"st_q_reg[2]_rep/C","hdc_src0_q_reg[1][2]/CE","TOP control","FDCE=2;LUT5=1;LUT6=2"
897,1.631,5.000,3.158,0.875,2.283,0.723,3,"st_q_reg[2]_rep/C","hdc_src0_q_reg[1][30]/CE","TOP control","FDCE=2;LUT5=1;LUT6=2"
898,1.631,5.000,3.158,0.875,2.283,0.723,3,"st_q_reg[2]_rep/C","hdc_src0_q_reg[1][31]/CE","TOP control","FDCE=2;LUT5=1;LUT6=2"
899,1.631,5.000,3.158,0.875,2.283,0.723,3,"st_q_reg[2]_rep/C","hdc_src0_q_reg[1][32]/CE","TOP control","FDCE=2;LUT5=1;LUT6=2"
900,1.631,5.000,3.158,0.875,2.283,0.723,3,"st_q_reg[2]_rep/C","hdc_src0_q_reg[1][33]/CE","TOP control","FDCE=2;LUT5=1;LUT6=2"
901,1.631,5.000,3.158,0.875,2.283,0.723,3,"st_q_reg[2]_rep/C","hdc_src0_q_reg[1][34]/CE","TOP control","FDCE=2;LUT5=1;LUT6=2"
902,1.631,5.000,3.158,0.875,2.283,0.723,3,"st_q_reg[2]_rep/C","hdc_src0_q_reg[1][35]/CE","TOP control","FDCE=2;LUT5=1;LUT6=2"
903,1.631,5.000,3.158,0.875,2.283,0.723,3,"st_q_reg[2]_rep/C","hdc_src0_q_reg[1][36]/CE","TOP control","FDCE=2;LUT5=1;LUT6=2"
904,1.631,5.000,3.158,0.875,2.283,0.723,3,"st_q_reg[2]_rep/C","hdc_src0_q_reg[1][37]/CE","TOP control","FDCE=2;LUT5=1;LUT6=2"
905,1.631,5.000,3.158,0.875,2.283,0.723,3,"st_q_reg[2]_rep/C","hdc_src0_q_reg[1][38]/CE","TOP control","FDCE=2;LUT5=1;LUT6=2"
906,1.631,5.000,3.158,0.875,2.283,0.723,3,"st_q_reg[2]_rep/C","hdc_src0_q_reg[1][39]/CE","TOP control","FDCE=2;LUT5=1;LUT6=2"
907,1.631,5.000,3.158,0.875,2.283,0.723,3,"st_q_reg[2]_rep/C","hdc_src0_q_reg[1][3]/CE","TOP control","FDCE=2;LUT5=1;LUT6=2"
908,1.631,5.000,3.158,0.875,2.283,0.723,3,"st_q_reg[2]_rep/C","hdc_src0_q_reg[1][40]/CE","TOP control","FDCE=2;LUT5=1;LUT6=2"
909,1.631,5.000,3.158,0.875,2.283,0.723,3,"st_q_reg[2]_rep/C","hdc_src0_q_reg[1][41]/CE","TOP control","FDCE=2;LUT5=1;LUT6=2"
910,1.631,5.000,3.158,0.875,2.283,0.723,3,"st_q_reg[2]_rep/C","hdc_src0_q_reg[1][42]/CE","TOP control","FDCE=2;LUT5=1;LUT6=2"
911,1.631,5.000,3.158,0.875,2.283,0.723,3,"st_q_reg[2]_rep/C","hdc_src0_q_reg[1][43]/CE","TOP control","FDCE=2;LUT5=1;LUT6=2"
912,1.631,5.000,3.158,0.875,2.283,0.723,3,"st_q_reg[2]_rep/C","hdc_src0_q_reg[1][44]/CE","TOP control","FDCE=2;LUT5=1;LUT6=2"
913,1.631,5.000,3.158,0.875,2.283,0.723,3,"st_q_reg[2]_rep/C","hdc_src0_q_reg[1][45]/CE","TOP control","FDCE=2;LUT5=1;LUT6=2"
914,1.631,5.000,3.158,0.875,2.283,0.723,3,"st_q_reg[2]_rep/C","hdc_src0_q_reg[1][46]/CE","TOP control","FDCE=2;LUT5=1;LUT6=2"
915,1.631,5.000,3.158,0.875,2.283,0.723,3,"st_q_reg[2]_rep/C","hdc_src0_q_reg[1][47]/CE","TOP control","FDCE=2;LUT5=1;LUT6=2"
916,1.631,5.000,3.158,0.875,2.283,0.723,3,"st_q_reg[2]_rep/C","hdc_src0_q_reg[1][48]/CE","TOP control","FDCE=2;LUT5=2;LUT6=1"
917,1.631,5.000,3.158,0.875,2.283,0.723,3,"st_q_reg[2]_rep/C","hdc_src0_q_reg[1][49]/CE","TOP control","FDCE=2;LUT5=2;LUT6=1"
918,1.631,5.000,3.158,0.875,2.283,0.723,3,"st_q_reg[2]_rep/C","hdc_src0_q_reg[1][4]/CE","TOP control","FDCE=2;LUT5=1;LUT6=2"
919,1.631,5.000,3.158,0.875,2.283,0.723,3,"st_q_reg[2]_rep/C","hdc_src0_q_reg[1][50]/CE","TOP control","FDCE=2;LUT5=2;LUT6=1"
920,1.631,5.000,3.158,0.875,2.283,0.723,3,"st_q_reg[2]_rep/C","hdc_src0_q_reg[1][51]/CE","TOP control","FDCE=2;LUT5=2;LUT6=1"
921,1.631,5.000,3.158,0.875,2.283,0.723,3,"st_q_reg[2]_rep/C","hdc_src0_q_reg[1][52]/CE","TOP control","FDCE=2;LUT5=2;LUT6=1"
922,1.631,5.000,3.158,0.875,2.283,0.723,3,"st_q_reg[2]_rep/C","hdc_src0_q_reg[1][53]/CE","TOP control","FDCE=2;LUT5=2;LUT6=1"
923,1.631,5.000,3.158,0.875,2.283,0.723,3,"st_q_reg[2]_rep/C","hdc_src0_q_reg[1][54]/CE","TOP control","FDCE=2;LUT5=2;LUT6=1"
924,1.631,5.000,3.158,0.875,2.283,0.723,3,"st_q_reg[2]_rep/C","hdc_src0_q_reg[1][55]/CE","TOP control","FDCE=2;LUT5=2;LUT6=1"
925,1.631,5.000,3.158,0.875,2.283,0.723,3,"st_q_reg[2]_rep/C","hdc_src0_q_reg[1][56]/CE","TOP control","FDCE=2;LUT5=2;LUT6=1"
926,1.631,5.000,3.158,0.875,2.283,0.723,3,"st_q_reg[2]_rep/C","hdc_src0_q_reg[1][57]/CE","TOP control","FDCE=2;LUT5=2;LUT6=1"
927,1.631,5.000,3.158,0.875,2.283,0.723,3,"st_q_reg[2]_rep/C","hdc_src0_q_reg[1][58]/CE","TOP control","FDCE=2;LUT5=2;LUT6=1"
928,1.631,5.000,3.158,0.875,2.283,0.723,3,"st_q_reg[2]_rep/C","hdc_src0_q_reg[1][59]/CE","TOP control","FDCE=2;LUT5=2;LUT6=1"
929,1.631,5.000,3.158,0.875,2.283,0.723,3,"st_q_reg[2]_rep/C","hdc_src0_q_reg[1][5]/CE","TOP control","FDCE=2;LUT5=1;LUT6=2"
930,1.631,5.000,3.158,0.875,2.283,0.723,3,"st_q_reg[2]_rep/C","hdc_src0_q_reg[1][60]/CE","TOP control","FDCE=2;LUT5=2;LUT6=1"
931,1.631,5.000,3.158,0.875,2.283,0.723,3,"st_q_reg[2]_rep/C","hdc_src0_q_reg[1][61]/CE","TOP control","FDCE=2;LUT5=2;LUT6=1"
932,1.631,5.000,3.158,0.875,2.283,0.723,3,"st_q_reg[2]_rep/C","hdc_src0_q_reg[1][62]/CE","TOP control","FDCE=2;LUT5=2;LUT6=1"
933,1.631,5.000,3.158,0.875,2.283,0.723,3,"st_q_reg[2]_rep/C","hdc_src0_q_reg[1][63]/CE","TOP control","FDCE=2;LUT5=2;LUT6=1"
934,1.631,5.000,3.158,0.875,2.283,0.723,3,"st_q_reg[2]_rep/C","hdc_src0_q_reg[1][6]/CE","TOP control","FDCE=2;LUT5=1;LUT6=2"
935,1.631,5.000,3.158,0.875,2.283,0.723,3,"st_q_reg[2]_rep/C","hdc_src0_q_reg[1][7]/CE","TOP control","FDCE=2;LUT5=1;LUT6=2"
936,1.631,5.000,3.158,0.875,2.283,0.723,3,"st_q_reg[2]_rep/C","hdc_src0_q_reg[1][8]/CE","TOP control","FDCE=2;LUT5=1;LUT6=2"
937,1.631,5.000,3.158,0.875,2.283,0.723,3,"st_q_reg[2]_rep/C","hdc_src0_q_reg[1][9]/CE","TOP control","FDCE=2;LUT5=1;LUT6=2"
938,1.631,5.000,3.158,0.875,2.283,0.723,3,"st_q_reg[2]_rep/C","hdc_src0_q_reg[2][0]/CE","TOP control","FDCE=2;LUT5=1;LUT6=2"
939,1.631,5.000,3.158,0.875,2.283,0.723,3,"st_q_reg[2]_rep/C","hdc_src0_q_reg[2][10]/CE","TOP control","FDCE=2;LUT5=1;LUT6=2"
940,1.631,5.000,3.158,0.875,2.283,0.723,3,"st_q_reg[2]_rep/C","hdc_src0_q_reg[2][11]/CE","TOP control","FDCE=2;LUT5=1;LUT6=2"
941,1.631,5.000,3.158,0.875,2.283,0.723,3,"st_q_reg[2]_rep/C","hdc_src0_q_reg[2][12]/CE","TOP control","FDCE=2;LUT5=1;LUT6=2"
942,1.631,5.000,3.158,0.875,2.283,0.723,3,"st_q_reg[2]_rep/C","hdc_src0_q_reg[2][13]/CE","TOP control","FDCE=2;LUT5=1;LUT6=2"
943,1.631,5.000,3.158,0.875,2.283,0.723,3,"st_q_reg[2]_rep/C","hdc_src0_q_reg[2][14]/CE","TOP control","FDCE=2;LUT5=1;LUT6=2"
944,1.631,5.000,3.158,0.875,2.283,0.723,3,"st_q_reg[2]_rep/C","hdc_src0_q_reg[2][15]/CE","TOP control","FDCE=2;LUT5=1;LUT6=2"
945,1.631,5.000,3.158,0.875,2.283,0.723,3,"st_q_reg[2]_rep/C","hdc_src0_q_reg[2][16]/CE","TOP control","FDCE=2;LUT5=1;LUT6=2"
946,1.631,5.000,3.158,0.875,2.283,0.723,3,"st_q_reg[2]_rep/C","hdc_src0_q_reg[2][17]/CE","TOP control","FDCE=2;LUT5=1;LUT6=2"
947,1.631,5.000,3.158,0.875,2.283,0.723,3,"st_q_reg[2]_rep/C","hdc_src0_q_reg[2][18]/CE","TOP control","FDCE=2;LUT5=1;LUT6=2"
948,1.631,5.000,3.158,0.875,2.283,0.723,3,"st_q_reg[2]_rep/C","hdc_src0_q_reg[2][19]/CE","TOP control","FDCE=2;LUT5=1;LUT6=2"
949,1.631,5.000,3.158,0.875,2.283,0.723,3,"st_q_reg[2]_rep/C","hdc_src0_q_reg[2][1]/CE","TOP control","FDCE=2;LUT5=1;LUT6=2"
950,1.631,5.000,3.158,0.875,2.283,0.723,3,"st_q_reg[2]_rep/C","hdc_src0_q_reg[2][20]/CE","TOP control","FDCE=2;LUT5=1;LUT6=2"
951,1.631,5.000,3.158,0.875,2.283,0.723,3,"st_q_reg[2]_rep/C","hdc_src0_q_reg[2][21]/CE","TOP control","FDCE=2;LUT5=1;LUT6=2"
952,1.631,5.000,3.158,0.875,2.283,0.723,3,"st_q_reg[2]_rep/C","hdc_src0_q_reg[2][22]/CE","TOP control","FDCE=2;LUT5=1;LUT6=2"
953,1.631,5.000,3.158,0.875,2.283,0.723,3,"st_q_reg[2]_rep/C","hdc_src0_q_reg[2][23]/CE","TOP control","FDCE=2;LUT5=1;LUT6=2"
954,1.631,5.000,3.158,0.875,2.283,0.723,3,"st_q_reg[2]_rep/C","hdc_src0_q_reg[2][24]/CE","TOP control","FDCE=2;LUT5=1;LUT6=2"
955,1.631,5.000,3.158,0.875,2.283,0.723,3,"st_q_reg[2]_rep/C","hdc_src0_q_reg[2][25]/CE","TOP control","FDCE=2;LUT5=1;LUT6=2"
956,1.631,5.000,3.158,0.875,2.283,0.723,3,"st_q_reg[2]_rep/C","hdc_src0_q_reg[2][26]/CE","TOP control","FDCE=2;LUT5=1;LUT6=2"
957,1.631,5.000,3.158,0.875,2.283,0.723,3,"st_q_reg[2]_rep/C","hdc_src0_q_reg[2][27]/CE","TOP control","FDCE=2;LUT5=1;LUT6=2"
958,1.631,5.000,3.158,0.875,2.283,0.723,3,"st_q_reg[2]_rep/C","hdc_src0_q_reg[2][28]/CE","TOP control","FDCE=2;LUT5=1;LUT6=2"
959,1.631,5.000,3.158,0.875,2.283,0.723,3,"st_q_reg[2]_rep/C","hdc_src0_q_reg[2][29]/CE","TOP control","FDCE=2;LUT5=1;LUT6=2"
960,1.631,5.000,3.158,0.875,2.283,0.723,3,"st_q_reg[2]_rep/C","hdc_src0_q_reg[2][2]/CE","TOP control","FDCE=2;LUT5=1;LUT6=2"
961,1.631,5.000,3.158,0.875,2.283,0.723,3,"st_q_reg[2]_rep/C","hdc_src0_q_reg[2][30]/CE","TOP control","FDCE=2;LUT5=1;LUT6=2"
962,1.631,5.000,3.158,0.875,2.283,0.723,3,"st_q_reg[2]_rep/C","hdc_src0_q_reg[2][31]/CE","TOP control","FDCE=2;LUT5=1;LUT6=2"
963,1.631,5.000,3.158,0.875,2.283,0.723,3,"st_q_reg[2]_rep/C","hdc_src0_q_reg[2][32]/CE","TOP control","FDCE=2;LUT5=1;LUT6=2"
964,1.631,5.000,3.158,0.875,2.283,0.723,3,"st_q_reg[2]_rep/C","hdc_src0_q_reg[2][33]/CE","TOP control","FDCE=2;LUT5=1;LUT6=2"
965,1.631,5.000,3.158,0.875,2.283,0.723,3,"st_q_reg[2]_rep/C","hdc_src0_q_reg[2][34]/CE","TOP control","FDCE=2;LUT5=1;LUT6=2"
966,1.631,5.000,3.158,0.875,2.283,0.723,3,"st_q_reg[2]_rep/C","hdc_src0_q_reg[2][35]/CE","TOP control","FDCE=2;LUT5=1;LUT6=2"
967,1.631,5.000,3.158,0.875,2.283,0.723,3,"st_q_reg[2]_rep/C","hdc_src0_q_reg[2][36]/CE","TOP control","FDCE=2;LUT5=1;LUT6=2"
968,1.631,5.000,3.158,0.875,2.283,0.723,3,"st_q_reg[2]_rep/C","hdc_src0_q_reg[2][37]/CE","TOP control","FDCE=2;LUT5=1;LUT6=2"
969,1.631,5.000,3.158,0.875,2.283,0.723,3,"st_q_reg[2]_rep/C","hdc_src0_q_reg[2][38]/CE","TOP control","FDCE=2;LUT5=1;LUT6=2"
970,1.631,5.000,3.158,0.875,2.283,0.723,3,"st_q_reg[2]_rep/C","hdc_src0_q_reg[2][39]/CE","TOP control","FDCE=2;LUT5=1;LUT6=2"
971,1.631,5.000,3.158,0.875,2.283,0.723,3,"st_q_reg[2]_rep/C","hdc_src0_q_reg[2][3]/CE","TOP control","FDCE=2;LUT5=1;LUT6=2"
972,1.631,5.000,3.158,0.875,2.283,0.723,3,"st_q_reg[2]_rep/C","hdc_src0_q_reg[2][40]/CE","TOP control","FDCE=2;LUT5=1;LUT6=2"
973,1.631,5.000,3.158,0.875,2.283,0.723,3,"st_q_reg[2]_rep/C","hdc_src0_q_reg[2][41]/CE","TOP control","FDCE=2;LUT5=1;LUT6=2"
974,1.631,5.000,3.158,0.875,2.283,0.723,3,"st_q_reg[2]_rep/C","hdc_src0_q_reg[2][42]/CE","TOP control","FDCE=2;LUT5=1;LUT6=2"
975,1.631,5.000,3.158,0.875,2.283,0.723,3,"st_q_reg[2]_rep/C","hdc_src0_q_reg[2][43]/CE","TOP control","FDCE=2;LUT5=1;LUT6=2"
976,1.631,5.000,3.158,0.875,2.283,0.723,3,"st_q_reg[2]_rep/C","hdc_src0_q_reg[2][44]/CE","TOP control","FDCE=2;LUT5=1;LUT6=2"
977,1.631,5.000,3.158,0.875,2.283,0.723,3,"st_q_reg[2]_rep/C","hdc_src0_q_reg[2][45]/CE","TOP control","FDCE=2;LUT5=1;LUT6=2"
978,1.631,5.000,3.158,0.875,2.283,0.723,3,"st_q_reg[2]_rep/C","hdc_src0_q_reg[2][46]/CE","TOP control","FDCE=2;LUT5=1;LUT6=2"
979,1.631,5.000,3.158,0.875,2.283,0.723,3,"st_q_reg[2]_rep/C","hdc_src0_q_reg[2][47]/CE","TOP control","FDCE=2;LUT5=1;LUT6=2"
980,1.631,5.000,3.158,0.875,2.283,0.723,3,"st_q_reg[2]_rep/C","hdc_src0_q_reg[2][48]/CE","TOP control","FDCE=2;LUT5=2;LUT6=1"
981,1.631,5.000,3.158,0.875,2.283,0.723,3,"st_q_reg[2]_rep/C","hdc_src0_q_reg[2][49]/CE","TOP control","FDCE=2;LUT5=2;LUT6=1"
982,1.631,5.000,3.158,0.875,2.283,0.723,3,"st_q_reg[2]_rep/C","hdc_src0_q_reg[2][4]/CE","TOP control","FDCE=2;LUT5=1;LUT6=2"
983,1.631,5.000,3.158,0.875,2.283,0.723,3,"st_q_reg[2]_rep/C","hdc_src0_q_reg[2][50]/CE","TOP control","FDCE=2;LUT5=2;LUT6=1"
984,1.631,5.000,3.158,0.875,2.283,0.723,3,"st_q_reg[2]_rep/C","hdc_src0_q_reg[2][51]/CE","TOP control","FDCE=2;LUT5=2;LUT6=1"
985,1.631,5.000,3.158,0.875,2.283,0.723,3,"st_q_reg[2]_rep/C","hdc_src0_q_reg[2][52]/CE","TOP control","FDCE=2;LUT5=2;LUT6=1"
986,1.631,5.000,3.158,0.875,2.283,0.723,3,"st_q_reg[2]_rep/C","hdc_src0_q_reg[2][53]/CE","TOP control","FDCE=2;LUT5=2;LUT6=1"
987,1.631,5.000,3.158,0.875,2.283,0.723,3,"st_q_reg[2]_rep/C","hdc_src0_q_reg[2][54]/CE","TOP control","FDCE=2;LUT5=2;LUT6=1"
988,1.631,5.000,3.158,0.875,2.283,0.723,3,"st_q_reg[2]_rep/C","hdc_src0_q_reg[2][55]/CE","TOP control","FDCE=2;LUT5=2;LUT6=1"
989,1.631,5.000,3.158,0.875,2.283,0.723,3,"st_q_reg[2]_rep/C","hdc_src0_q_reg[2][56]/CE","TOP control","FDCE=2;LUT5=2;LUT6=1"
990,1.631,5.000,3.158,0.875,2.283,0.723,3,"st_q_reg[2]_rep/C","hdc_src0_q_reg[2][57]/CE","TOP control","FDCE=2;LUT5=2;LUT6=1"
991,1.631,5.000,3.158,0.875,2.283,0.723,3,"st_q_reg[2]_rep/C","hdc_src0_q_reg[2][58]/CE","TOP control","FDCE=2;LUT5=2;LUT6=1"
992,1.631,5.000,3.158,0.875,2.283,0.723,3,"st_q_reg[2]_rep/C","hdc_src0_q_reg[2][59]/CE","TOP control","FDCE=2;LUT5=2;LUT6=1"
993,1.631,5.000,3.158,0.875,2.283,0.723,3,"st_q_reg[2]_rep/C","hdc_src0_q_reg[2][5]/CE","TOP control","FDCE=2;LUT5=1;LUT6=2"
994,1.631,5.000,3.158,0.875,2.283,0.723,3,"st_q_reg[2]_rep/C","hdc_src0_q_reg[2][60]/CE","TOP control","FDCE=2;LUT5=2;LUT6=1"
995,1.631,5.000,3.158,0.875,2.283,0.723,3,"st_q_reg[2]_rep/C","hdc_src0_q_reg[2][61]/CE","TOP control","FDCE=2;LUT5=2;LUT6=1"
996,1.631,5.000,3.158,0.875,2.283,0.723,3,"st_q_reg[2]_rep/C","hdc_src0_q_reg[2][62]/CE","TOP control","FDCE=2;LUT5=2;LUT6=1"
997,1.631,5.000,3.158,0.875,2.283,0.723,3,"st_q_reg[2]_rep/C","hdc_src0_q_reg[2][63]/CE","TOP control","FDCE=2;LUT5=2;LUT6=1"
998,1.631,5.000,3.158,0.875,2.283,0.723,3,"st_q_reg[2]_rep/C","hdc_src0_q_reg[2][6]/CE","TOP control","FDCE=2;LUT5=1;LUT6=2"
999,1.631,5.000,3.158,0.875,2.283,0.723,3,"st_q_reg[2]_rep/C","hdc_src0_q_reg[2][7]/CE","TOP control","FDCE=2;LUT5=1;LUT6=2"
1000,1.631,5.000,3.158,0.875,2.283,0.723,3,"st_q_reg[2]_rep/C","hdc_src0_q_reg[2][8]/CE","TOP control","FDCE=2;LUT5=1;LUT6=2"
