rank,slack_ns,required_time_ns,data_path_delay_ns,logic_delay_ns,route_delay_ns,route_ratio,logic_levels,startpoint,endpoint,path_class,main_cells
1,0.061,5.000,4.936,1.105,3.831,0.776,5,"gen_lane[0].i_p2_pop_slice/bool_result_q_reg[17]/C","gen_lane[0].i_p2_pop_slice/popcount_part_q_o_reg[0][5]/D","P2 popcount capture","FDCE=2;LUT3=1;LUT5=2;LUT6=2"
2,0.061,5.000,4.936,1.105,3.831,0.776,5,"gen_lane[0].i_p2_pop_slice/bool_result_q_reg[49]/C","gen_lane[0].i_p2_pop_slice/popcount_part_q_o_reg[1][5]/D","P2 popcount capture","FDCE=2;LUT3=1;LUT5=2;LUT6=2"
3,0.061,5.000,4.936,1.105,3.831,0.776,5,"gen_lane[1].i_p2_pop_slice/bool_result_q_reg[17]/C","gen_lane[1].i_p2_pop_slice/popcount_part_q_o_reg[0][5]/D","P2 popcount capture","FDCE=2;LUT3=1;LUT5=2;LUT6=2"
4,0.061,5.000,4.936,1.105,3.831,0.776,5,"gen_lane[1].i_p2_pop_slice/bool_result_q_reg[49]/C","gen_lane[1].i_p2_pop_slice/popcount_part_q_o_reg[1][5]/D","P2 popcount capture","FDCE=2;LUT3=1;LUT5=2;LUT6=2"
5,0.061,5.000,4.936,1.105,3.831,0.776,5,"gen_lane[2].i_p2_pop_slice/bool_result_q_reg[17]/C","gen_lane[2].i_p2_pop_slice/popcount_part_q_o_reg[0][5]/D","P2 popcount capture","FDCE=2;LUT3=1;LUT5=2;LUT6=2"
6,0.061,5.000,4.936,1.105,3.831,0.776,5,"gen_lane[2].i_p2_pop_slice/bool_result_q_reg[49]/C","gen_lane[2].i_p2_pop_slice/popcount_part_q_o_reg[1][5]/D","P2 popcount capture","FDCE=2;LUT3=1;LUT5=2;LUT6=2"
7,0.061,5.000,4.936,1.105,3.831,0.776,5,"gen_lane[3].i_p2_pop_slice/bool_result_q_reg[17]/C","gen_lane[3].i_p2_pop_slice/popcount_part_q_o_reg[0][5]/D","P2 popcount capture","FDCE=2;LUT3=1;LUT5=2;LUT6=2"
8,0.061,5.000,4.936,1.105,3.831,0.776,5,"gen_lane[3].i_p2_pop_slice/bool_result_q_reg[49]/C","gen_lane[3].i_p2_pop_slice/popcount_part_q_o_reg[1][5]/D","P2 popcount capture","FDCE=2;LUT3=1;LUT5=2;LUT6=2"
9,0.326,5.000,4.700,2.246,2.454,0.522,7,"gen_lane[0].i_p2_pop_slice/popcount_part_q_o_reg[0][0]/C","group_dist_q_reg[8]/D","P2 popcount capture","CARRY4=4;FDCE=2;LUT3=2;LUT5=1"
10,0.417,5.000,4.580,1.105,3.475,0.759,5,"gen_lane[0].i_p2_pop_slice/bool_result_q_reg[17]/C","gen_lane[0].i_p2_pop_slice/popcount_part_q_o_reg[0][2]/D","P2 popcount capture","FDCE=2;LUT3=2;LUT5=2;LUT6=1"
11,0.417,5.000,4.580,1.105,3.475,0.759,5,"gen_lane[0].i_p2_pop_slice/bool_result_q_reg[17]/C","gen_lane[0].i_p2_pop_slice/popcount_part_q_o_reg[0][3]/D","P2 popcount capture","FDCE=2;LUT3=1;LUT5=3;LUT6=1"
12,0.417,5.000,4.580,1.105,3.475,0.759,5,"gen_lane[0].i_p2_pop_slice/bool_result_q_reg[49]/C","gen_lane[0].i_p2_pop_slice/popcount_part_q_o_reg[1][2]/D","P2 popcount capture","FDCE=2;LUT3=2;LUT5=2;LUT6=1"
13,0.417,5.000,4.580,1.105,3.475,0.759,5,"gen_lane[0].i_p2_pop_slice/bool_result_q_reg[49]/C","gen_lane[0].i_p2_pop_slice/popcount_part_q_o_reg[1][3]/D","P2 popcount capture","FDCE=2;LUT3=1;LUT5=3;LUT6=1"
14,0.417,5.000,4.580,1.105,3.475,0.759,5,"gen_lane[1].i_p2_pop_slice/bool_result_q_reg[17]/C","gen_lane[1].i_p2_pop_slice/popcount_part_q_o_reg[0][2]/D","P2 popcount capture","FDCE=2;LUT3=2;LUT5=2;LUT6=1"
15,0.417,5.000,4.580,1.105,3.475,0.759,5,"gen_lane[1].i_p2_pop_slice/bool_result_q_reg[17]/C","gen_lane[1].i_p2_pop_slice/popcount_part_q_o_reg[0][3]/D","P2 popcount capture","FDCE=2;LUT3=1;LUT5=3;LUT6=1"
16,0.417,5.000,4.580,1.105,3.475,0.759,5,"gen_lane[1].i_p2_pop_slice/bool_result_q_reg[49]/C","gen_lane[1].i_p2_pop_slice/popcount_part_q_o_reg[1][2]/D","P2 popcount capture","FDCE=2;LUT3=2;LUT5=2;LUT6=1"
17,0.417,5.000,4.580,1.105,3.475,0.759,5,"gen_lane[1].i_p2_pop_slice/bool_result_q_reg[49]/C","gen_lane[1].i_p2_pop_slice/popcount_part_q_o_reg[1][3]/D","P2 popcount capture","FDCE=2;LUT3=1;LUT5=3;LUT6=1"
18,0.417,5.000,4.580,1.105,3.475,0.759,5,"gen_lane[2].i_p2_pop_slice/bool_result_q_reg[17]/C","gen_lane[2].i_p2_pop_slice/popcount_part_q_o_reg[0][2]/D","P2 popcount capture","FDCE=2;LUT3=2;LUT5=2;LUT6=1"
19,0.417,5.000,4.580,1.105,3.475,0.759,5,"gen_lane[2].i_p2_pop_slice/bool_result_q_reg[17]/C","gen_lane[2].i_p2_pop_slice/popcount_part_q_o_reg[0][3]/D","P2 popcount capture","FDCE=2;LUT3=1;LUT5=3;LUT6=1"
20,0.417,5.000,4.580,1.105,3.475,0.759,5,"gen_lane[2].i_p2_pop_slice/bool_result_q_reg[49]/C","gen_lane[2].i_p2_pop_slice/popcount_part_q_o_reg[1][2]/D","P2 popcount capture","FDCE=2;LUT3=2;LUT5=2;LUT6=1"
21,0.417,5.000,4.580,1.105,3.475,0.759,5,"gen_lane[2].i_p2_pop_slice/bool_result_q_reg[49]/C","gen_lane[2].i_p2_pop_slice/popcount_part_q_o_reg[1][3]/D","P2 popcount capture","FDCE=2;LUT3=1;LUT5=3;LUT6=1"
22,0.417,5.000,4.580,1.105,3.475,0.759,5,"gen_lane[3].i_p2_pop_slice/bool_result_q_reg[17]/C","gen_lane[3].i_p2_pop_slice/popcount_part_q_o_reg[0][2]/D","P2 popcount capture","FDCE=2;LUT3=2;LUT5=2;LUT6=1"
23,0.417,5.000,4.580,1.105,3.475,0.759,5,"gen_lane[3].i_p2_pop_slice/bool_result_q_reg[17]/C","gen_lane[3].i_p2_pop_slice/popcount_part_q_o_reg[0][3]/D","P2 popcount capture","FDCE=2;LUT3=1;LUT5=3;LUT6=1"
24,0.417,5.000,4.580,1.105,3.475,0.759,5,"gen_lane[3].i_p2_pop_slice/bool_result_q_reg[49]/C","gen_lane[3].i_p2_pop_slice/popcount_part_q_o_reg[1][2]/D","P2 popcount capture","FDCE=2;LUT3=2;LUT5=2;LUT6=1"
25,0.417,5.000,4.580,1.105,3.475,0.759,5,"gen_lane[3].i_p2_pop_slice/bool_result_q_reg[49]/C","gen_lane[3].i_p2_pop_slice/popcount_part_q_o_reg[1][3]/D","P2 popcount capture","FDCE=2;LUT3=1;LUT5=3;LUT6=1"
26,0.426,5.000,4.600,2.146,2.454,0.533,6,"gen_lane[0].i_p2_pop_slice/popcount_part_q_o_reg[0][0]/C","group_dist_q_reg[7]/D","P2 popcount capture","CARRY4=3;FDCE=2;LUT3=2;LUT5=1"
27,0.479,5.000,4.547,2.093,2.454,0.540,6,"gen_lane[0].i_p2_pop_slice/popcount_part_q_o_reg[0][0]/C","group_dist_q_reg[6]/D","P2 popcount capture","CARRY4=3;FDCE=2;LUT3=2;LUT5=1"
28,0.600,5.000,4.426,2.168,2.258,0.510,7,"gen_lane[2].i_p2_pop_slice/popcount_part_q_o_reg[1][0]/C","group_dist_q_reg[5]/D","P2 popcount capture","CARRY4=3;FDCE=2;LUT3=2;LUT5=1;LUT6=1"
29,0.671,5.000,4.326,1.105,3.221,0.745,5,"gen_lane[0].i_p2_pop_slice/bool_result_q_reg[17]/C","gen_lane[0].i_p2_pop_slice/popcount_part_q_o_reg[0][4]/D","P2 popcount capture","FDCE=2;LUT3=1;LUT5=2;LUT6=2"
30,0.671,5.000,4.326,1.105,3.221,0.745,5,"gen_lane[0].i_p2_pop_slice/bool_result_q_reg[49]/C","gen_lane[0].i_p2_pop_slice/popcount_part_q_o_reg[1][4]/D","P2 popcount capture","FDCE=2;LUT3=1;LUT5=2;LUT6=2"
31,0.671,5.000,4.326,1.105,3.221,0.745,5,"gen_lane[1].i_p2_pop_slice/bool_result_q_reg[17]/C","gen_lane[1].i_p2_pop_slice/popcount_part_q_o_reg[0][4]/D","P2 popcount capture","FDCE=2;LUT3=1;LUT5=2;LUT6=2"
32,0.671,5.000,4.326,1.105,3.221,0.745,5,"gen_lane[1].i_p2_pop_slice/bool_result_q_reg[49]/C","gen_lane[1].i_p2_pop_slice/popcount_part_q_o_reg[1][4]/D","P2 popcount capture","FDCE=2;LUT3=1;LUT5=2;LUT6=2"
33,0.671,5.000,4.326,1.105,3.221,0.745,5,"gen_lane[2].i_p2_pop_slice/bool_result_q_reg[17]/C","gen_lane[2].i_p2_pop_slice/popcount_part_q_o_reg[0][4]/D","P2 popcount capture","FDCE=2;LUT3=1;LUT5=2;LUT6=2"
34,0.671,5.000,4.326,1.105,3.221,0.745,5,"gen_lane[2].i_p2_pop_slice/bool_result_q_reg[49]/C","gen_lane[2].i_p2_pop_slice/popcount_part_q_o_reg[1][4]/D","P2 popcount capture","FDCE=2;LUT3=1;LUT5=2;LUT6=2"
35,0.671,5.000,4.326,1.105,3.221,0.745,5,"gen_lane[3].i_p2_pop_slice/bool_result_q_reg[17]/C","gen_lane[3].i_p2_pop_slice/popcount_part_q_o_reg[0][4]/D","P2 popcount capture","FDCE=2;LUT3=1;LUT5=2;LUT6=2"
36,0.671,5.000,4.326,1.105,3.221,0.745,5,"gen_lane[3].i_p2_pop_slice/bool_result_q_reg[49]/C","gen_lane[3].i_p2_pop_slice/popcount_part_q_o_reg[1][4]/D","P2 popcount capture","FDCE=2;LUT3=1;LUT5=2;LUT6=2"
37,0.680,5.000,4.346,2.088,2.258,0.520,7,"gen_lane[2].i_p2_pop_slice/popcount_part_q_o_reg[1][0]/C","group_dist_q_reg[4]/D","P2 popcount capture","CARRY4=3;FDCE=2;LUT3=2;LUT5=1;LUT6=1"
38,0.902,5.000,4.124,1.864,2.260,0.548,5,"gen_lane[2].i_p2_pop_slice/popcount_part_q_o_reg[1][0]/C","group_dist_q_reg[3]/D","P2 popcount capture","CARRY4=2;FDCE=2;LUT3=2;LUT5=1"
39,0.990,5.000,3.799,1.085,2.714,0.714,5,"a_q_reg[14]/C","ecc_leaf_prod_q_reg[0]/CE","other","FDCE=2;LUT5=1;LUT6=4"
40,0.990,5.000,3.799,1.085,2.714,0.714,5,"a_q_reg[14]/C","ecc_leaf_prod_q_reg[10]/CE","other","FDCE=2;LUT5=1;LUT6=4"
41,0.990,5.000,3.799,1.085,2.714,0.714,5,"a_q_reg[14]/C","ecc_leaf_prod_q_reg[11]/CE","other","FDCE=2;LUT5=1;LUT6=4"
42,0.990,5.000,3.799,1.085,2.714,0.714,5,"a_q_reg[14]/C","ecc_leaf_prod_q_reg[12]/CE","other","FDCE=2;LUT5=1;LUT6=4"
43,0.990,5.000,3.799,1.085,2.714,0.714,5,"a_q_reg[14]/C","ecc_leaf_prod_q_reg[13]/CE","other","FDCE=2;LUT5=1;LUT6=4"
44,0.990,5.000,3.799,1.085,2.714,0.714,5,"a_q_reg[14]/C","ecc_leaf_prod_q_reg[14]/CE","other","FDCE=2;LUT5=1;LUT6=4"
45,0.990,5.000,3.799,1.085,2.714,0.714,5,"a_q_reg[14]/C","ecc_leaf_prod_q_reg[15]/CE","other","FDCE=2;LUT5=1;LUT6=4"
46,0.990,5.000,3.799,1.085,2.714,0.714,5,"a_q_reg[14]/C","ecc_leaf_prod_q_reg[16]/CE","other","FDCE=2;LUT5=1;LUT6=4"
47,0.990,5.000,3.799,1.085,2.714,0.714,5,"a_q_reg[14]/C","ecc_leaf_prod_q_reg[17]/CE","other","FDCE=2;LUT5=1;LUT6=4"
48,0.990,5.000,3.799,1.085,2.714,0.714,5,"a_q_reg[14]/C","ecc_leaf_prod_q_reg[18]/CE","other","FDCE=2;LUT5=1;LUT6=4"
49,0.990,5.000,3.799,1.085,2.714,0.714,5,"a_q_reg[14]/C","ecc_leaf_prod_q_reg[19]/CE","other","FDCE=2;LUT5=1;LUT6=4"
50,0.990,5.000,3.799,1.085,2.714,0.714,5,"a_q_reg[14]/C","ecc_leaf_prod_q_reg[1]/CE","other","FDCE=2;LUT5=1;LUT6=4"
51,0.990,5.000,3.799,1.085,2.714,0.714,5,"a_q_reg[14]/C","ecc_leaf_prod_q_reg[20]/CE","other","FDCE=2;LUT5=1;LUT6=4"
52,0.990,5.000,3.799,1.085,2.714,0.714,5,"a_q_reg[14]/C","ecc_leaf_prod_q_reg[21]/CE","other","FDCE=2;LUT5=1;LUT6=4"
53,0.990,5.000,3.799,1.085,2.714,0.714,5,"a_q_reg[14]/C","ecc_leaf_prod_q_reg[22]/CE","other","FDCE=2;LUT5=1;LUT6=4"
54,0.990,5.000,3.799,1.085,2.714,0.714,5,"a_q_reg[14]/C","ecc_leaf_prod_q_reg[23]/CE","other","FDCE=2;LUT5=1;LUT6=4"
55,0.990,5.000,3.799,1.085,2.714,0.714,5,"a_q_reg[14]/C","ecc_leaf_prod_q_reg[24]/CE","other","FDCE=2;LUT5=1;LUT6=4"
56,0.990,5.000,3.799,1.085,2.714,0.714,5,"a_q_reg[14]/C","ecc_leaf_prod_q_reg[25]/CE","other","FDCE=2;LUT5=1;LUT6=4"
57,0.990,5.000,3.799,1.085,2.714,0.714,5,"a_q_reg[14]/C","ecc_leaf_prod_q_reg[26]/CE","other","FDCE=2;LUT5=1;LUT6=4"
58,0.990,5.000,3.799,1.085,2.714,0.714,5,"a_q_reg[14]/C","ecc_leaf_prod_q_reg[27]/CE","other","FDCE=2;LUT5=1;LUT6=4"
59,0.990,5.000,3.799,1.085,2.714,0.714,5,"a_q_reg[14]/C","ecc_leaf_prod_q_reg[28]/CE","other","FDCE=2;LUT5=1;LUT6=4"
60,0.990,5.000,3.799,1.085,2.714,0.714,5,"a_q_reg[14]/C","ecc_leaf_prod_q_reg[29]/CE","other","FDCE=2;LUT5=1;LUT6=4"
61,0.990,5.000,3.799,1.085,2.714,0.714,5,"a_q_reg[14]/C","ecc_leaf_prod_q_reg[2]/CE","other","FDCE=2;LUT5=1;LUT6=4"
62,0.990,5.000,3.799,1.085,2.714,0.714,5,"a_q_reg[14]/C","ecc_leaf_prod_q_reg[30]/CE","other","FDCE=2;LUT5=1;LUT6=4"
63,0.990,5.000,3.799,1.085,2.714,0.714,5,"a_q_reg[14]/C","ecc_leaf_prod_q_reg[31]/CE","other","FDCE=2;LUT5=1;LUT6=4"
64,0.990,5.000,3.799,1.085,2.714,0.714,5,"a_q_reg[14]/C","ecc_leaf_prod_q_reg[32]/CE","other","FDCE=2;LUT5=1;LUT6=4"
65,0.990,5.000,3.799,1.085,2.714,0.714,5,"a_q_reg[14]/C","ecc_leaf_prod_q_reg[33]/CE","other","FDCE=2;LUT5=1;LUT6=4"
66,0.990,5.000,3.799,1.085,2.714,0.714,5,"a_q_reg[14]/C","ecc_leaf_prod_q_reg[34]/CE","other","FDCE=2;LUT5=1;LUT6=4"
67,0.990,5.000,3.799,1.085,2.714,0.714,5,"a_q_reg[14]/C","ecc_leaf_prod_q_reg[35]/CE","other","FDCE=2;LUT5=1;LUT6=4"
68,0.990,5.000,3.799,1.085,2.714,0.714,5,"a_q_reg[14]/C","ecc_leaf_prod_q_reg[36]/CE","other","FDCE=2;LUT5=1;LUT6=4"
69,0.990,5.000,3.799,1.085,2.714,0.714,5,"a_q_reg[14]/C","ecc_leaf_prod_q_reg[37]/CE","other","FDCE=2;LUT5=1;LUT6=4"
70,0.990,5.000,3.799,1.085,2.714,0.714,5,"a_q_reg[14]/C","ecc_leaf_prod_q_reg[38]/CE","other","FDCE=2;LUT5=1;LUT6=4"
71,0.990,5.000,3.799,1.085,2.714,0.714,5,"a_q_reg[14]/C","ecc_leaf_prod_q_reg[39]/CE","other","FDCE=2;LUT5=1;LUT6=4"
72,0.990,5.000,3.799,1.085,2.714,0.714,5,"a_q_reg[14]/C","ecc_leaf_prod_q_reg[3]/CE","other","FDCE=2;LUT5=1;LUT6=4"
73,0.990,5.000,3.799,1.085,2.714,0.714,5,"a_q_reg[14]/C","ecc_leaf_prod_q_reg[40]/CE","other","FDCE=2;LUT5=1;LUT6=4"
74,0.990,5.000,3.799,1.085,2.714,0.714,5,"a_q_reg[14]/C","ecc_leaf_prod_q_reg[41]/CE","other","FDCE=2;LUT5=1;LUT6=4"
75,0.990,5.000,3.799,1.085,2.714,0.714,5,"a_q_reg[14]/C","ecc_leaf_prod_q_reg[42]/CE","other","FDCE=2;LUT5=1;LUT6=4"
76,0.990,5.000,3.799,1.085,2.714,0.714,5,"a_q_reg[14]/C","ecc_leaf_prod_q_reg[43]/CE","other","FDCE=2;LUT5=1;LUT6=4"
77,0.990,5.000,3.799,1.085,2.714,0.714,5,"a_q_reg[14]/C","ecc_leaf_prod_q_reg[44]/CE","other","FDCE=2;LUT5=1;LUT6=4"
78,0.990,5.000,3.799,1.085,2.714,0.714,5,"a_q_reg[14]/C","ecc_leaf_prod_q_reg[45]/CE","other","FDCE=2;LUT5=1;LUT6=4"
79,0.990,5.000,3.799,1.085,2.714,0.714,5,"a_q_reg[14]/C","ecc_leaf_prod_q_reg[46]/CE","other","FDCE=2;LUT5=1;LUT6=4"
80,0.990,5.000,3.799,1.085,2.714,0.714,5,"a_q_reg[14]/C","ecc_leaf_prod_q_reg[47]/CE","other","FDCE=2;LUT5=1;LUT6=4"
81,0.990,5.000,3.799,1.085,2.714,0.714,5,"a_q_reg[14]/C","ecc_leaf_prod_q_reg[48]/CE","other","FDCE=2;LUT5=1;LUT6=4"
82,0.990,5.000,3.799,1.085,2.714,0.714,5,"a_q_reg[14]/C","ecc_leaf_prod_q_reg[49]/CE","other","FDCE=2;LUT5=1;LUT6=4"
83,0.990,5.000,3.799,1.085,2.714,0.714,5,"a_q_reg[14]/C","ecc_leaf_prod_q_reg[4]/CE","other","FDCE=2;LUT5=1;LUT6=4"
84,0.990,5.000,3.799,1.085,2.714,0.714,5,"a_q_reg[14]/C","ecc_leaf_prod_q_reg[50]/CE","other","FDCE=2;LUT5=1;LUT6=4"
85,0.990,5.000,3.799,1.085,2.714,0.714,5,"a_q_reg[14]/C","ecc_leaf_prod_q_reg[51]/CE","other","FDCE=2;LUT5=1;LUT6=4"
86,0.990,5.000,3.799,1.085,2.714,0.714,5,"a_q_reg[14]/C","ecc_leaf_prod_q_reg[52]/CE","other","FDCE=2;LUT5=1;LUT6=4"
87,0.990,5.000,3.799,1.085,2.714,0.714,5,"a_q_reg[14]/C","ecc_leaf_prod_q_reg[53]/CE","other","FDCE=2;LUT5=1;LUT6=4"
88,0.990,5.000,3.799,1.085,2.714,0.714,5,"a_q_reg[14]/C","ecc_leaf_prod_q_reg[54]/CE","other","FDCE=2;LUT5=1;LUT6=4"
89,0.990,5.000,3.799,1.085,2.714,0.714,5,"a_q_reg[14]/C","ecc_leaf_prod_q_reg[55]/CE","other","FDCE=2;LUT5=1;LUT6=4"
90,0.990,5.000,3.799,1.085,2.714,0.714,5,"a_q_reg[14]/C","ecc_leaf_prod_q_reg[5]/CE","other","FDCE=2;LUT5=1;LUT6=4"
91,0.990,5.000,3.799,1.085,2.714,0.714,5,"a_q_reg[14]/C","ecc_leaf_prod_q_reg[6]/CE","other","FDCE=2;LUT5=1;LUT6=4"
92,0.990,5.000,3.799,1.085,2.714,0.714,5,"a_q_reg[14]/C","ecc_leaf_prod_q_reg[7]/CE","other","FDCE=2;LUT5=1;LUT6=4"
93,0.990,5.000,3.799,1.085,2.714,0.714,5,"a_q_reg[14]/C","ecc_leaf_prod_q_reg[8]/CE","other","FDCE=2;LUT5=1;LUT6=4"
94,0.990,5.000,3.799,1.085,2.714,0.714,5,"a_q_reg[14]/C","ecc_leaf_prod_q_reg[9]/CE","other","FDCE=2;LUT5=1;LUT6=4"
95,0.993,5.000,3.796,1.085,2.711,0.714,5,"a_q_reg[14]/C","ecc_leaf_prod_q_reg[56]/CE","other","FDCE=2;LUT5=1;LUT6=4"
96,0.993,5.000,3.796,1.085,2.711,0.714,5,"a_q_reg[14]/C","ecc_leaf_prod_q_reg[57]/CE","other","FDCE=2;LUT5=1;LUT6=4"
97,0.993,5.000,3.796,1.085,2.711,0.714,5,"a_q_reg[14]/C","ecc_leaf_prod_q_reg[58]/CE","other","FDCE=2;LUT5=1;LUT6=4"
98,0.993,5.000,3.796,1.085,2.711,0.714,5,"a_q_reg[14]/C","ecc_leaf_prod_q_reg[59]/CE","other","FDCE=2;LUT5=1;LUT6=4"
99,0.993,5.000,3.796,1.085,2.711,0.714,5,"a_q_reg[14]/C","ecc_leaf_prod_q_reg[60]/CE","other","FDCE=2;LUT5=1;LUT6=4"
100,0.993,5.000,3.796,1.085,2.711,0.714,5,"a_q_reg[14]/C","ecc_leaf_prod_q_reg[61]/CE","other","FDCE=2;LUT5=1;LUT6=4"
101,0.993,5.000,3.796,1.085,2.711,0.714,5,"a_q_reg[14]/C","ecc_leaf_prod_q_reg[62]/CE","other","FDCE=2;LUT5=1;LUT6=4"
102,1.096,5.000,3.901,1.846,2.055,0.527,6,"a_q_reg[8]/C","st_q_reg[2]/D","TOP control","CARRY4=2;FDCE=2;LUT4=1;LUT6=3"
103,1.096,5.000,3.901,1.846,2.055,0.527,6,"a_q_reg[8]/C","st_q_reg[2]_rep/D","TOP control","CARRY4=2;FDCE=2;LUT4=1;LUT6=3"
104,1.096,5.000,3.901,1.846,2.055,0.527,6,"a_q_reg[8]/C","st_q_reg[2]_rep__0/D","TOP control","CARRY4=2;FDCE=2;LUT4=1;LUT6=3"
105,1.096,5.000,3.901,1.846,2.055,0.527,6,"a_q_reg[8]/C","st_q_reg[3]/D","TOP control","CARRY4=2;FDCE=2;LUT4=1;LUT6=3"
106,1.096,5.000,3.901,1.846,2.055,0.527,6,"a_q_reg[8]/C","st_q_reg[3]_rep/D","TOP control","CARRY4=2;FDCE=2;LUT4=1;LUT6=3"
107,1.124,5.000,3.873,1.846,2.027,0.523,6,"a_q_reg[8]/C","res_q_reg[1]/D","scalar response","CARRY4=2;FDCE=2;LUT4=1;LUT5=2;LUT6=1"
108,1.128,5.000,3.869,1.000,2.869,0.742,4,"gen_lane[0].i_p2_pop_slice/bool_result_q_reg[17]/C","gen_lane[0].i_p2_pop_slice/popcount_part_q_o_reg[0][1]/D","P2 popcount capture","FDCE=2;LUT3=1;LUT5=2;LUT6=1"
109,1.128,5.000,3.869,1.000,2.869,0.742,4,"gen_lane[0].i_p2_pop_slice/bool_result_q_reg[49]/C","gen_lane[0].i_p2_pop_slice/popcount_part_q_o_reg[1][1]/D","P2 popcount capture","FDCE=2;LUT3=1;LUT5=2;LUT6=1"
110,1.128,5.000,3.869,1.000,2.869,0.742,4,"gen_lane[1].i_p2_pop_slice/bool_result_q_reg[17]/C","gen_lane[1].i_p2_pop_slice/popcount_part_q_o_reg[0][1]/D","P2 popcount capture","FDCE=2;LUT3=1;LUT5=2;LUT6=1"
111,1.128,5.000,3.869,1.000,2.869,0.742,4,"gen_lane[1].i_p2_pop_slice/bool_result_q_reg[49]/C","gen_lane[1].i_p2_pop_slice/popcount_part_q_o_reg[1][1]/D","P2 popcount capture","FDCE=2;LUT3=1;LUT5=2;LUT6=1"
112,1.128,5.000,3.869,1.000,2.869,0.742,4,"gen_lane[2].i_p2_pop_slice/bool_result_q_reg[17]/C","gen_lane[2].i_p2_pop_slice/popcount_part_q_o_reg[0][1]/D","P2 popcount capture","FDCE=2;LUT3=1;LUT5=2;LUT6=1"
113,1.128,5.000,3.869,1.000,2.869,0.742,4,"gen_lane[2].i_p2_pop_slice/bool_result_q_reg[49]/C","gen_lane[2].i_p2_pop_slice/popcount_part_q_o_reg[1][1]/D","P2 popcount capture","FDCE=2;LUT3=1;LUT5=2;LUT6=1"
114,1.128,5.000,3.869,1.000,2.869,0.742,4,"gen_lane[3].i_p2_pop_slice/bool_result_q_reg[17]/C","gen_lane[3].i_p2_pop_slice/popcount_part_q_o_reg[0][1]/D","P2 popcount capture","FDCE=2;LUT3=1;LUT5=2;LUT6=1"
115,1.128,5.000,3.869,1.000,2.869,0.742,4,"gen_lane[3].i_p2_pop_slice/bool_result_q_reg[49]/C","gen_lane[3].i_p2_pop_slice/popcount_part_q_o_reg[1][1]/D","P2 popcount capture","FDCE=2;LUT3=1;LUT5=2;LUT6=1"
116,1.162,5.000,3.556,1.085,2.471,0.695,5,"ecc_fold_word_q_reg[1]/C","ecc_product_even_reg_0_3_0_0/DP/I","other","FDCE=1;LUT4=1;LUT6=4;RAMD32=1"
117,1.162,5.000,3.556,1.085,2.471,0.695,5,"ecc_fold_word_q_reg[1]/C","ecc_product_even_reg_0_3_10_10/DP/I","other","FDCE=1;LUT4=1;LUT6=4;RAMD32=1"
118,1.162,5.000,3.556,1.085,2.471,0.695,5,"ecc_fold_word_q_reg[1]/C","ecc_product_even_reg_0_3_11_11/DP/I","other","FDCE=1;LUT4=1;LUT6=4;RAMD32=1"
119,1.162,5.000,3.556,1.085,2.471,0.695,5,"ecc_fold_word_q_reg[1]/C","ecc_product_even_reg_0_3_12_12/DP/I","other","FDCE=1;LUT4=1;LUT6=4;RAMD32=1"
120,1.162,5.000,3.556,1.085,2.471,0.695,5,"ecc_fold_word_q_reg[1]/C","ecc_product_even_reg_0_3_13_13/DP/I","other","FDCE=1;LUT4=1;LUT6=4;RAMD32=1"
121,1.162,5.000,3.556,1.085,2.471,0.695,5,"ecc_fold_word_q_reg[1]/C","ecc_product_even_reg_0_3_14_14/DP/I","other","FDCE=1;LUT4=1;LUT6=4;RAMD32=1"
122,1.162,5.000,3.556,1.085,2.471,0.695,5,"ecc_fold_word_q_reg[1]/C","ecc_product_even_reg_0_3_15_15/DP/I","other","FDCE=1;LUT4=1;LUT6=4;RAMD32=1"
123,1.162,5.000,3.556,1.085,2.471,0.695,5,"ecc_fold_word_q_reg[1]/C","ecc_product_even_reg_0_3_16_16/DP/I","other","FDCE=1;LUT4=1;LUT6=4;RAMD32=1"
124,1.162,5.000,3.556,1.085,2.471,0.695,5,"ecc_fold_word_q_reg[1]/C","ecc_product_even_reg_0_3_17_17/DP/I","other","FDCE=1;LUT4=1;LUT6=4;RAMD32=1"
125,1.162,5.000,3.556,1.085,2.471,0.695,5,"ecc_fold_word_q_reg[1]/C","ecc_product_even_reg_0_3_18_18/DP/I","other","FDCE=1;LUT4=1;LUT6=4;RAMD32=1"
126,1.162,5.000,3.556,1.085,2.471,0.695,5,"ecc_fold_word_q_reg[1]/C","ecc_product_even_reg_0_3_19_19/DP/I","other","FDCE=1;LUT4=1;LUT6=4;RAMD32=1"
127,1.162,5.000,3.556,1.085,2.471,0.695,5,"ecc_fold_word_q_reg[1]/C","ecc_product_even_reg_0_3_1_1/DP/I","other","FDCE=1;LUT4=1;LUT6=4;RAMD32=1"
128,1.162,5.000,3.556,1.085,2.471,0.695,5,"ecc_fold_word_q_reg[1]/C","ecc_product_even_reg_0_3_20_20/DP/I","other","FDCE=1;LUT4=1;LUT6=4;RAMD32=1"
129,1.162,5.000,3.556,1.085,2.471,0.695,5,"ecc_fold_word_q_reg[1]/C","ecc_product_even_reg_0_3_21_21/DP/I","other","FDCE=1;LUT4=1;LUT6=4;RAMD32=1"
130,1.162,5.000,3.556,1.085,2.471,0.695,5,"ecc_fold_word_q_reg[1]/C","ecc_product_even_reg_0_3_22_22/DP/I","other","FDCE=1;LUT4=1;LUT6=4;RAMD32=1"
131,1.162,5.000,3.556,1.085,2.471,0.695,5,"ecc_fold_word_q_reg[1]/C","ecc_product_even_reg_0_3_23_23/DP/I","other","FDCE=1;LUT4=1;LUT6=4;RAMD32=1"
132,1.162,5.000,3.556,1.085,2.471,0.695,5,"ecc_fold_word_q_reg[1]/C","ecc_product_even_reg_0_3_24_24/DP/I","other","FDCE=1;LUT4=1;LUT6=4;RAMD32=1"
133,1.162,5.000,3.556,1.085,2.471,0.695,5,"ecc_fold_word_q_reg[1]/C","ecc_product_even_reg_0_3_25_25/DP/I","other","FDCE=1;LUT4=1;LUT6=4;RAMD32=1"
134,1.162,5.000,3.556,1.085,2.471,0.695,5,"ecc_fold_word_q_reg[1]/C","ecc_product_even_reg_0_3_26_26/DP/I","other","FDCE=1;LUT4=1;LUT6=4;RAMD32=1"
135,1.162,5.000,3.556,1.085,2.471,0.695,5,"ecc_fold_word_q_reg[1]/C","ecc_product_even_reg_0_3_27_27/DP/I","other","FDCE=1;LUT4=1;LUT6=4;RAMD32=1"
136,1.162,5.000,3.556,1.085,2.471,0.695,5,"ecc_fold_word_q_reg[1]/C","ecc_product_even_reg_0_3_28_28/DP/I","other","FDCE=1;LUT4=1;LUT6=4;RAMD32=1"
137,1.162,5.000,3.556,1.085,2.471,0.695,5,"ecc_fold_word_q_reg[1]/C","ecc_product_even_reg_0_3_29_29/DP/I","other","FDCE=1;LUT4=1;LUT6=4;RAMD32=1"
138,1.162,5.000,3.556,1.085,2.471,0.695,5,"ecc_fold_word_q_reg[1]/C","ecc_product_even_reg_0_3_2_2/DP/I","other","FDCE=1;LUT4=1;LUT6=4;RAMD32=1"
139,1.162,5.000,3.556,1.085,2.471,0.695,5,"ecc_fold_word_q_reg[1]/C","ecc_product_even_reg_0_3_30_30/DP/I","other","FDCE=1;LUT4=1;LUT6=4;RAMD32=1"
140,1.162,5.000,3.556,1.085,2.471,0.695,5,"ecc_fold_word_q_reg[1]/C","ecc_product_even_reg_0_3_31_31/DP/I","other","FDCE=1;LUT4=2;LUT6=3;RAMD32=1"
141,1.162,5.000,3.556,1.085,2.471,0.695,5,"ecc_fold_word_q_reg[1]/C","ecc_product_even_reg_0_3_3_3/DP/I","other","FDCE=1;LUT4=1;LUT6=4;RAMD32=1"
142,1.162,5.000,3.556,1.085,2.471,0.695,5,"ecc_fold_word_q_reg[1]/C","ecc_product_even_reg_0_3_4_4/DP/I","other","FDCE=1;LUT4=1;LUT6=4;RAMD32=1"
143,1.162,5.000,3.556,1.085,2.471,0.695,5,"ecc_fold_word_q_reg[1]/C","ecc_product_even_reg_0_3_5_5/DP/I","other","FDCE=1;LUT4=1;LUT6=4;RAMD32=1"
144,1.162,5.000,3.556,1.085,2.471,0.695,5,"ecc_fold_word_q_reg[1]/C","ecc_product_even_reg_0_3_6_6/DP/I","other","FDCE=1;LUT4=1;LUT6=4;RAMD32=1"
145,1.162,5.000,3.556,1.085,2.471,0.695,5,"ecc_fold_word_q_reg[1]/C","ecc_product_even_reg_0_3_7_7/DP/I","other","FDCE=1;LUT4=1;LUT6=4;RAMD32=1"
146,1.162,5.000,3.556,1.085,2.471,0.695,5,"ecc_fold_word_q_reg[1]/C","ecc_product_even_reg_0_3_8_8/DP/I","other","FDCE=1;LUT4=1;LUT6=4;RAMD32=1"
147,1.162,5.000,3.556,1.085,2.471,0.695,5,"ecc_fold_word_q_reg[1]/C","ecc_product_even_reg_0_3_9_9/DP/I","other","FDCE=1;LUT4=1;LUT6=4;RAMD32=1"
148,1.181,5.000,3.537,1.085,2.452,0.693,5,"ecc_fold_word_q_reg[1]/C","ecc_product_even_reg_0_3_32_32/DP/I","other","FDCE=1;LUT4=1;LUT6=4;RAMD32=1"
149,1.181,5.000,3.537,1.085,2.452,0.693,5,"ecc_fold_word_q_reg[1]/C","ecc_product_even_reg_0_3_33_33/DP/I","other","FDCE=1;LUT4=1;LUT6=4;RAMD32=1"
150,1.181,5.000,3.537,1.085,2.452,0.693,5,"ecc_fold_word_q_reg[1]/C","ecc_product_even_reg_0_3_34_34/DP/I","other","FDCE=1;LUT4=1;LUT6=4;RAMD32=1"
151,1.181,5.000,3.537,1.085,2.452,0.693,5,"ecc_fold_word_q_reg[1]/C","ecc_product_even_reg_0_3_35_35/DP/I","other","FDCE=1;LUT4=1;LUT6=4;RAMD32=1"
152,1.181,5.000,3.537,1.085,2.452,0.693,5,"ecc_fold_word_q_reg[1]/C","ecc_product_even_reg_0_3_36_36/DP/I","other","FDCE=1;LUT4=1;LUT6=4;RAMD32=1"
153,1.181,5.000,3.537,1.085,2.452,0.693,5,"ecc_fold_word_q_reg[1]/C","ecc_product_even_reg_0_3_37_37/DP/I","other","FDCE=1;LUT4=1;LUT6=4;RAMD32=1"
154,1.181,5.000,3.537,1.085,2.452,0.693,5,"ecc_fold_word_q_reg[1]/C","ecc_product_even_reg_0_3_38_38/DP/I","other","FDCE=1;LUT4=1;LUT6=4;RAMD32=1"
155,1.181,5.000,3.537,1.085,2.452,0.693,5,"ecc_fold_word_q_reg[1]/C","ecc_product_even_reg_0_3_39_39/DP/I","other","FDCE=1;LUT4=1;LUT6=4;RAMD32=1"
156,1.181,5.000,3.537,1.085,2.452,0.693,5,"ecc_fold_word_q_reg[1]/C","ecc_product_even_reg_0_3_40_40/DP/I","other","FDCE=1;LUT4=1;LUT6=4;RAMD32=1"
157,1.181,5.000,3.537,1.085,2.452,0.693,5,"ecc_fold_word_q_reg[1]/C","ecc_product_even_reg_0_3_41_41/DP/I","other","FDCE=1;LUT4=1;LUT6=4;RAMD32=1"
158,1.181,5.000,3.537,1.085,2.452,0.693,5,"ecc_fold_word_q_reg[1]/C","ecc_product_even_reg_0_3_42_42/DP/I","other","FDCE=1;LUT4=1;LUT6=4;RAMD32=1"
159,1.181,5.000,3.537,1.085,2.452,0.693,5,"ecc_fold_word_q_reg[1]/C","ecc_product_even_reg_0_3_43_43/DP/I","other","FDCE=1;LUT4=1;LUT6=4;RAMD32=1"
160,1.181,5.000,3.537,1.085,2.452,0.693,5,"ecc_fold_word_q_reg[1]/C","ecc_product_even_reg_0_3_44_44/DP/I","other","FDCE=1;LUT4=1;LUT6=4;RAMD32=1"
161,1.181,5.000,3.537,1.085,2.452,0.693,5,"ecc_fold_word_q_reg[1]/C","ecc_product_even_reg_0_3_45_45/DP/I","other","FDCE=1;LUT4=1;LUT6=4;RAMD32=1"
162,1.181,5.000,3.537,1.085,2.452,0.693,5,"ecc_fold_word_q_reg[1]/C","ecc_product_even_reg_0_3_46_46/DP/I","other","FDCE=1;LUT4=1;LUT6=4;RAMD32=1"
163,1.181,5.000,3.537,1.085,2.452,0.693,5,"ecc_fold_word_q_reg[1]/C","ecc_product_even_reg_0_3_47_47/DP/I","other","FDCE=1;LUT4=1;LUT6=4;RAMD32=1"
164,1.181,5.000,3.537,1.085,2.452,0.693,5,"ecc_fold_word_q_reg[1]/C","ecc_product_even_reg_0_3_48_48/DP/I","other","FDCE=1;LUT4=1;LUT6=4;RAMD32=1"
165,1.181,5.000,3.537,1.085,2.452,0.693,5,"ecc_fold_word_q_reg[1]/C","ecc_product_even_reg_0_3_49_49/DP/I","other","FDCE=1;LUT4=1;LUT6=4;RAMD32=1"
166,1.181,5.000,3.537,1.085,2.452,0.693,5,"ecc_fold_word_q_reg[1]/C","ecc_product_even_reg_0_3_50_50/DP/I","other","FDCE=1;LUT4=1;LUT6=4;RAMD32=1"
167,1.181,5.000,3.537,1.085,2.452,0.693,5,"ecc_fold_word_q_reg[1]/C","ecc_product_even_reg_0_3_51_51/DP/I","other","FDCE=1;LUT4=1;LUT6=4;RAMD32=1"
168,1.181,5.000,3.537,1.085,2.452,0.693,5,"ecc_fold_word_q_reg[1]/C","ecc_product_even_reg_0_3_52_52/DP/I","other","FDCE=1;LUT4=1;LUT6=4;RAMD32=1"
169,1.181,5.000,3.537,1.085,2.452,0.693,5,"ecc_fold_word_q_reg[1]/C","ecc_product_even_reg_0_3_53_53/DP/I","other","FDCE=1;LUT4=1;LUT6=4;RAMD32=1"
170,1.181,5.000,3.537,1.085,2.452,0.693,5,"ecc_fold_word_q_reg[1]/C","ecc_product_even_reg_0_3_54_54/DP/I","other","FDCE=1;LUT4=1;LUT6=4;RAMD32=1"
171,1.181,5.000,3.537,1.085,2.452,0.693,5,"ecc_fold_word_q_reg[1]/C","ecc_product_even_reg_0_3_55_55/DP/I","other","FDCE=1;LUT4=1;LUT6=4;RAMD32=1"
172,1.181,5.000,3.537,1.085,2.452,0.693,5,"ecc_fold_word_q_reg[1]/C","ecc_product_even_reg_0_3_56_56/DP/I","other","FDCE=1;LUT4=1;LUT6=4;RAMD32=1"
173,1.181,5.000,3.537,1.085,2.452,0.693,5,"ecc_fold_word_q_reg[1]/C","ecc_product_even_reg_0_3_57_57/DP/I","other","FDCE=1;LUT4=1;LUT6=4;RAMD32=1"
174,1.181,5.000,3.537,1.085,2.452,0.693,5,"ecc_fold_word_q_reg[1]/C","ecc_product_even_reg_0_3_58_58/DP/I","other","FDCE=1;LUT4=1;LUT6=4;RAMD32=1"
175,1.181,5.000,3.537,1.085,2.452,0.693,5,"ecc_fold_word_q_reg[1]/C","ecc_product_even_reg_0_3_59_59/DP/I","other","FDCE=1;LUT4=1;LUT6=4;RAMD32=1"
176,1.181,5.000,3.537,1.085,2.452,0.693,5,"ecc_fold_word_q_reg[1]/C","ecc_product_even_reg_0_3_60_60/DP/I","other","FDCE=1;LUT4=1;LUT6=4;RAMD32=1"
177,1.181,5.000,3.537,1.085,2.452,0.693,5,"ecc_fold_word_q_reg[1]/C","ecc_product_even_reg_0_3_61_61/DP/I","other","FDCE=1;LUT4=1;LUT6=4;RAMD32=1"
178,1.181,5.000,3.537,1.085,2.452,0.693,5,"ecc_fold_word_q_reg[1]/C","ecc_product_even_reg_0_3_62_62/DP/I","other","FDCE=1;LUT4=1;LUT6=4;RAMD32=1"
179,1.184,5.000,3.534,1.105,2.429,0.687,5,"ecc_leaf_id_q_reg[0]/C","ecc_product_even_reg_0_3_63_63/DP/I","other","FDCE=1;LUT3=1;LUT4=1;LUT6=3;RAMD32=1"
180,1.184,5.000,3.534,1.105,2.429,0.687,5,"ecc_leaf_id_q_reg[0]/C","ecc_product_odd_reg_0_3_0_0/DP/I","other","FDCE=1;LUT3=1;LUT6=4;RAMD32=1"
181,1.184,5.000,3.534,1.105,2.429,0.687,5,"ecc_leaf_id_q_reg[0]/C","ecc_product_odd_reg_0_3_10_10/DP/I","other","FDCE=1;LUT3=1;LUT6=4;RAMD32=1"
182,1.184,5.000,3.534,1.105,2.429,0.687,5,"ecc_leaf_id_q_reg[0]/C","ecc_product_odd_reg_0_3_11_11/DP/I","other","FDCE=1;LUT3=1;LUT6=4;RAMD32=1"
183,1.184,5.000,3.534,1.105,2.429,0.687,5,"ecc_leaf_id_q_reg[0]/C","ecc_product_odd_reg_0_3_12_12/DP/I","other","FDCE=1;LUT3=1;LUT6=4;RAMD32=1"
184,1.184,5.000,3.534,1.105,2.429,0.687,5,"ecc_leaf_id_q_reg[0]/C","ecc_product_odd_reg_0_3_13_13/DP/I","other","FDCE=1;LUT3=1;LUT6=4;RAMD32=1"
185,1.184,5.000,3.534,1.105,2.429,0.687,5,"ecc_leaf_id_q_reg[0]/C","ecc_product_odd_reg_0_3_14_14/DP/I","other","FDCE=1;LUT3=1;LUT6=4;RAMD32=1"
186,1.184,5.000,3.534,1.105,2.429,0.687,5,"ecc_leaf_id_q_reg[0]/C","ecc_product_odd_reg_0_3_15_15/DP/I","other","FDCE=1;LUT3=1;LUT6=4;RAMD32=1"
187,1.184,5.000,3.534,1.105,2.429,0.687,5,"ecc_leaf_id_q_reg[0]/C","ecc_product_odd_reg_0_3_16_16/DP/I","other","FDCE=1;LUT3=1;LUT6=4;RAMD32=1"
188,1.184,5.000,3.534,1.105,2.429,0.687,5,"ecc_leaf_id_q_reg[0]/C","ecc_product_odd_reg_0_3_17_17/DP/I","other","FDCE=1;LUT3=1;LUT6=4;RAMD32=1"
189,1.184,5.000,3.534,1.105,2.429,0.687,5,"ecc_leaf_id_q_reg[0]/C","ecc_product_odd_reg_0_3_18_18/DP/I","other","FDCE=1;LUT3=1;LUT6=4;RAMD32=1"
190,1.184,5.000,3.534,1.105,2.429,0.687,5,"ecc_leaf_id_q_reg[0]/C","ecc_product_odd_reg_0_3_19_19/DP/I","other","FDCE=1;LUT3=1;LUT6=4;RAMD32=1"
191,1.184,5.000,3.534,1.105,2.429,0.687,5,"ecc_leaf_id_q_reg[0]/C","ecc_product_odd_reg_0_3_1_1/DP/I","other","FDCE=1;LUT3=1;LUT6=4;RAMD32=1"
192,1.184,5.000,3.534,1.105,2.429,0.687,5,"ecc_leaf_id_q_reg[0]/C","ecc_product_odd_reg_0_3_20_20/DP/I","other","FDCE=1;LUT3=1;LUT6=4;RAMD32=1"
193,1.184,5.000,3.534,1.105,2.429,0.687,5,"ecc_leaf_id_q_reg[0]/C","ecc_product_odd_reg_0_3_21_21/DP/I","other","FDCE=1;LUT3=1;LUT6=4;RAMD32=1"
194,1.184,5.000,3.534,1.105,2.429,0.687,5,"ecc_leaf_id_q_reg[0]/C","ecc_product_odd_reg_0_3_22_22/DP/I","other","FDCE=1;LUT3=1;LUT6=4;RAMD32=1"
195,1.184,5.000,3.534,1.105,2.429,0.687,5,"ecc_leaf_id_q_reg[0]/C","ecc_product_odd_reg_0_3_23_23/DP/I","other","FDCE=1;LUT3=1;LUT6=4;RAMD32=1"
196,1.184,5.000,3.534,1.105,2.429,0.687,5,"ecc_leaf_id_q_reg[0]/C","ecc_product_odd_reg_0_3_24_24/DP/I","other","FDCE=1;LUT3=1;LUT6=4;RAMD32=1"
197,1.184,5.000,3.534,1.105,2.429,0.687,5,"ecc_leaf_id_q_reg[0]/C","ecc_product_odd_reg_0_3_25_25/DP/I","other","FDCE=1;LUT3=1;LUT6=4;RAMD32=1"
198,1.184,5.000,3.534,1.105,2.429,0.687,5,"ecc_leaf_id_q_reg[0]/C","ecc_product_odd_reg_0_3_26_26/DP/I","other","FDCE=1;LUT3=1;LUT6=4;RAMD32=1"
199,1.184,5.000,3.534,1.105,2.429,0.687,5,"ecc_leaf_id_q_reg[0]/C","ecc_product_odd_reg_0_3_27_27/DP/I","other","FDCE=1;LUT3=1;LUT6=4;RAMD32=1"
200,1.184,5.000,3.534,1.105,2.429,0.687,5,"ecc_leaf_id_q_reg[0]/C","ecc_product_odd_reg_0_3_28_28/DP/I","other","FDCE=1;LUT3=1;LUT6=4;RAMD32=1"
201,1.184,5.000,3.534,1.105,2.429,0.687,5,"ecc_leaf_id_q_reg[0]/C","ecc_product_odd_reg_0_3_29_29/DP/I","other","FDCE=1;LUT3=1;LUT6=4;RAMD32=1"
202,1.184,5.000,3.534,1.105,2.429,0.687,5,"ecc_leaf_id_q_reg[0]/C","ecc_product_odd_reg_0_3_2_2/DP/I","other","FDCE=1;LUT3=1;LUT6=4;RAMD32=1"
203,1.184,5.000,3.534,1.105,2.429,0.687,5,"ecc_leaf_id_q_reg[0]/C","ecc_product_odd_reg_0_3_30_30/DP/I","other","FDCE=1;LUT3=1;LUT6=4;RAMD32=1"
204,1.184,5.000,3.534,1.105,2.429,0.687,5,"ecc_leaf_id_q_reg[0]/C","ecc_product_odd_reg_0_3_3_3/DP/I","other","FDCE=1;LUT3=1;LUT6=4;RAMD32=1"
205,1.184,5.000,3.534,1.105,2.429,0.687,5,"ecc_leaf_id_q_reg[0]/C","ecc_product_odd_reg_0_3_4_4/DP/I","other","FDCE=1;LUT3=1;LUT6=4;RAMD32=1"
206,1.184,5.000,3.534,1.105,2.429,0.687,5,"ecc_leaf_id_q_reg[0]/C","ecc_product_odd_reg_0_3_5_5/DP/I","other","FDCE=1;LUT3=1;LUT6=4;RAMD32=1"
207,1.184,5.000,3.534,1.105,2.429,0.687,5,"ecc_leaf_id_q_reg[0]/C","ecc_product_odd_reg_0_3_6_6/DP/I","other","FDCE=1;LUT3=1;LUT6=4;RAMD32=1"
208,1.184,5.000,3.534,1.105,2.429,0.687,5,"ecc_leaf_id_q_reg[0]/C","ecc_product_odd_reg_0_3_7_7/DP/I","other","FDCE=1;LUT3=1;LUT6=4;RAMD32=1"
209,1.184,5.000,3.534,1.105,2.429,0.687,5,"ecc_leaf_id_q_reg[0]/C","ecc_product_odd_reg_0_3_8_8/DP/I","other","FDCE=1;LUT3=1;LUT6=4;RAMD32=1"
210,1.184,5.000,3.534,1.105,2.429,0.687,5,"ecc_leaf_id_q_reg[0]/C","ecc_product_odd_reg_0_3_9_9/DP/I","other","FDCE=1;LUT3=1;LUT6=4;RAMD32=1"
211,1.197,5.000,3.556,1.085,2.471,0.695,5,"ecc_fold_word_q_reg[1]/C","ecc_product_even_reg_0_3_0_0/SP/I","other","FDCE=1;LUT4=1;LUT6=4;RAMD32=1"
212,1.197,5.000,3.556,1.085,2.471,0.695,5,"ecc_fold_word_q_reg[1]/C","ecc_product_even_reg_0_3_10_10/SP/I","other","FDCE=1;LUT4=1;LUT6=4;RAMD32=1"
213,1.197,5.000,3.556,1.085,2.471,0.695,5,"ecc_fold_word_q_reg[1]/C","ecc_product_even_reg_0_3_11_11/SP/I","other","FDCE=1;LUT4=1;LUT6=4;RAMD32=1"
214,1.197,5.000,3.556,1.085,2.471,0.695,5,"ecc_fold_word_q_reg[1]/C","ecc_product_even_reg_0_3_12_12/SP/I","other","FDCE=1;LUT4=1;LUT6=4;RAMD32=1"
215,1.197,5.000,3.556,1.085,2.471,0.695,5,"ecc_fold_word_q_reg[1]/C","ecc_product_even_reg_0_3_13_13/SP/I","other","FDCE=1;LUT4=1;LUT6=4;RAMD32=1"
216,1.197,5.000,3.556,1.085,2.471,0.695,5,"ecc_fold_word_q_reg[1]/C","ecc_product_even_reg_0_3_14_14/SP/I","other","FDCE=1;LUT4=1;LUT6=4;RAMD32=1"
217,1.197,5.000,3.556,1.085,2.471,0.695,5,"ecc_fold_word_q_reg[1]/C","ecc_product_even_reg_0_3_15_15/SP/I","other","FDCE=1;LUT4=1;LUT6=4;RAMD32=1"
218,1.197,5.000,3.556,1.085,2.471,0.695,5,"ecc_fold_word_q_reg[1]/C","ecc_product_even_reg_0_3_16_16/SP/I","other","FDCE=1;LUT4=1;LUT6=4;RAMD32=1"
219,1.197,5.000,3.556,1.085,2.471,0.695,5,"ecc_fold_word_q_reg[1]/C","ecc_product_even_reg_0_3_17_17/SP/I","other","FDCE=1;LUT4=1;LUT6=4;RAMD32=1"
220,1.197,5.000,3.556,1.085,2.471,0.695,5,"ecc_fold_word_q_reg[1]/C","ecc_product_even_reg_0_3_18_18/SP/I","other","FDCE=1;LUT4=1;LUT6=4;RAMD32=1"
221,1.197,5.000,3.556,1.085,2.471,0.695,5,"ecc_fold_word_q_reg[1]/C","ecc_product_even_reg_0_3_19_19/SP/I","other","FDCE=1;LUT4=1;LUT6=4;RAMD32=1"
222,1.197,5.000,3.556,1.085,2.471,0.695,5,"ecc_fold_word_q_reg[1]/C","ecc_product_even_reg_0_3_1_1/SP/I","other","FDCE=1;LUT4=1;LUT6=4;RAMD32=1"
223,1.197,5.000,3.556,1.085,2.471,0.695,5,"ecc_fold_word_q_reg[1]/C","ecc_product_even_reg_0_3_20_20/SP/I","other","FDCE=1;LUT4=1;LUT6=4;RAMD32=1"
224,1.197,5.000,3.556,1.085,2.471,0.695,5,"ecc_fold_word_q_reg[1]/C","ecc_product_even_reg_0_3_21_21/SP/I","other","FDCE=1;LUT4=1;LUT6=4;RAMD32=1"
225,1.197,5.000,3.556,1.085,2.471,0.695,5,"ecc_fold_word_q_reg[1]/C","ecc_product_even_reg_0_3_22_22/SP/I","other","FDCE=1;LUT4=1;LUT6=4;RAMD32=1"
226,1.197,5.000,3.556,1.085,2.471,0.695,5,"ecc_fold_word_q_reg[1]/C","ecc_product_even_reg_0_3_23_23/SP/I","other","FDCE=1;LUT4=1;LUT6=4;RAMD32=1"
227,1.197,5.000,3.556,1.085,2.471,0.695,5,"ecc_fold_word_q_reg[1]/C","ecc_product_even_reg_0_3_24_24/SP/I","other","FDCE=1;LUT4=1;LUT6=4;RAMD32=1"
228,1.197,5.000,3.556,1.085,2.471,0.695,5,"ecc_fold_word_q_reg[1]/C","ecc_product_even_reg_0_3_25_25/SP/I","other","FDCE=1;LUT4=1;LUT6=4;RAMD32=1"
229,1.197,5.000,3.556,1.085,2.471,0.695,5,"ecc_fold_word_q_reg[1]/C","ecc_product_even_reg_0_3_26_26/SP/I","other","FDCE=1;LUT4=1;LUT6=4;RAMD32=1"
230,1.197,5.000,3.556,1.085,2.471,0.695,5,"ecc_fold_word_q_reg[1]/C","ecc_product_even_reg_0_3_27_27/SP/I","other","FDCE=1;LUT4=1;LUT6=4;RAMD32=1"
231,1.197,5.000,3.556,1.085,2.471,0.695,5,"ecc_fold_word_q_reg[1]/C","ecc_product_even_reg_0_3_28_28/SP/I","other","FDCE=1;LUT4=1;LUT6=4;RAMD32=1"
232,1.197,5.000,3.556,1.085,2.471,0.695,5,"ecc_fold_word_q_reg[1]/C","ecc_product_even_reg_0_3_29_29/SP/I","other","FDCE=1;LUT4=1;LUT6=4;RAMD32=1"
233,1.197,5.000,3.556,1.085,2.471,0.695,5,"ecc_fold_word_q_reg[1]/C","ecc_product_even_reg_0_3_2_2/SP/I","other","FDCE=1;LUT4=1;LUT6=4;RAMD32=1"
234,1.197,5.000,3.556,1.085,2.471,0.695,5,"ecc_fold_word_q_reg[1]/C","ecc_product_even_reg_0_3_30_30/SP/I","other","FDCE=1;LUT4=1;LUT6=4;RAMD32=1"
235,1.197,5.000,3.556,1.085,2.471,0.695,5,"ecc_fold_word_q_reg[1]/C","ecc_product_even_reg_0_3_31_31/SP/I","other","FDCE=1;LUT4=2;LUT6=3;RAMD32=1"
236,1.197,5.000,3.556,1.085,2.471,0.695,5,"ecc_fold_word_q_reg[1]/C","ecc_product_even_reg_0_3_3_3/SP/I","other","FDCE=1;LUT4=1;LUT6=4;RAMD32=1"
237,1.197,5.000,3.556,1.085,2.471,0.695,5,"ecc_fold_word_q_reg[1]/C","ecc_product_even_reg_0_3_4_4/SP/I","other","FDCE=1;LUT4=1;LUT6=4;RAMD32=1"
238,1.197,5.000,3.556,1.085,2.471,0.695,5,"ecc_fold_word_q_reg[1]/C","ecc_product_even_reg_0_3_5_5/SP/I","other","FDCE=1;LUT4=1;LUT6=4;RAMD32=1"
239,1.197,5.000,3.556,1.085,2.471,0.695,5,"ecc_fold_word_q_reg[1]/C","ecc_product_even_reg_0_3_6_6/SP/I","other","FDCE=1;LUT4=1;LUT6=4;RAMD32=1"
240,1.197,5.000,3.556,1.085,2.471,0.695,5,"ecc_fold_word_q_reg[1]/C","ecc_product_even_reg_0_3_7_7/SP/I","other","FDCE=1;LUT4=1;LUT6=4;RAMD32=1"
241,1.197,5.000,3.556,1.085,2.471,0.695,5,"ecc_fold_word_q_reg[1]/C","ecc_product_even_reg_0_3_8_8/SP/I","other","FDCE=1;LUT4=1;LUT6=4;RAMD32=1"
242,1.197,5.000,3.556,1.085,2.471,0.695,5,"ecc_fold_word_q_reg[1]/C","ecc_product_even_reg_0_3_9_9/SP/I","other","FDCE=1;LUT4=1;LUT6=4;RAMD32=1"
243,1.216,5.000,3.537,1.085,2.452,0.693,5,"ecc_fold_word_q_reg[1]/C","ecc_product_even_reg_0_3_32_32/SP/I","other","FDCE=1;LUT4=1;LUT6=4;RAMD32=1"
244,1.216,5.000,3.537,1.085,2.452,0.693,5,"ecc_fold_word_q_reg[1]/C","ecc_product_even_reg_0_3_33_33/SP/I","other","FDCE=1;LUT4=1;LUT6=4;RAMD32=1"
245,1.216,5.000,3.537,1.085,2.452,0.693,5,"ecc_fold_word_q_reg[1]/C","ecc_product_even_reg_0_3_34_34/SP/I","other","FDCE=1;LUT4=1;LUT6=4;RAMD32=1"
246,1.216,5.000,3.537,1.085,2.452,0.693,5,"ecc_fold_word_q_reg[1]/C","ecc_product_even_reg_0_3_35_35/SP/I","other","FDCE=1;LUT4=1;LUT6=4;RAMD32=1"
247,1.216,5.000,3.537,1.085,2.452,0.693,5,"ecc_fold_word_q_reg[1]/C","ecc_product_even_reg_0_3_36_36/SP/I","other","FDCE=1;LUT4=1;LUT6=4;RAMD32=1"
248,1.216,5.000,3.537,1.085,2.452,0.693,5,"ecc_fold_word_q_reg[1]/C","ecc_product_even_reg_0_3_37_37/SP/I","other","FDCE=1;LUT4=1;LUT6=4;RAMD32=1"
249,1.216,5.000,3.537,1.085,2.452,0.693,5,"ecc_fold_word_q_reg[1]/C","ecc_product_even_reg_0_3_38_38/SP/I","other","FDCE=1;LUT4=1;LUT6=4;RAMD32=1"
250,1.216,5.000,3.537,1.085,2.452,0.693,5,"ecc_fold_word_q_reg[1]/C","ecc_product_even_reg_0_3_39_39/SP/I","other","FDCE=1;LUT4=1;LUT6=4;RAMD32=1"
251,1.216,5.000,3.537,1.085,2.452,0.693,5,"ecc_fold_word_q_reg[1]/C","ecc_product_even_reg_0_3_40_40/SP/I","other","FDCE=1;LUT4=1;LUT6=4;RAMD32=1"
252,1.216,5.000,3.537,1.085,2.452,0.693,5,"ecc_fold_word_q_reg[1]/C","ecc_product_even_reg_0_3_41_41/SP/I","other","FDCE=1;LUT4=1;LUT6=4;RAMD32=1"
253,1.216,5.000,3.537,1.085,2.452,0.693,5,"ecc_fold_word_q_reg[1]/C","ecc_product_even_reg_0_3_42_42/SP/I","other","FDCE=1;LUT4=1;LUT6=4;RAMD32=1"
254,1.216,5.000,3.537,1.085,2.452,0.693,5,"ecc_fold_word_q_reg[1]/C","ecc_product_even_reg_0_3_43_43/SP/I","other","FDCE=1;LUT4=1;LUT6=4;RAMD32=1"
255,1.216,5.000,3.537,1.085,2.452,0.693,5,"ecc_fold_word_q_reg[1]/C","ecc_product_even_reg_0_3_44_44/SP/I","other","FDCE=1;LUT4=1;LUT6=4;RAMD32=1"
256,1.216,5.000,3.537,1.085,2.452,0.693,5,"ecc_fold_word_q_reg[1]/C","ecc_product_even_reg_0_3_45_45/SP/I","other","FDCE=1;LUT4=1;LUT6=4;RAMD32=1"
257,1.216,5.000,3.537,1.085,2.452,0.693,5,"ecc_fold_word_q_reg[1]/C","ecc_product_even_reg_0_3_46_46/SP/I","other","FDCE=1;LUT4=1;LUT6=4;RAMD32=1"
258,1.216,5.000,3.537,1.085,2.452,0.693,5,"ecc_fold_word_q_reg[1]/C","ecc_product_even_reg_0_3_47_47/SP/I","other","FDCE=1;LUT4=1;LUT6=4;RAMD32=1"
259,1.216,5.000,3.537,1.085,2.452,0.693,5,"ecc_fold_word_q_reg[1]/C","ecc_product_even_reg_0_3_48_48/SP/I","other","FDCE=1;LUT4=1;LUT6=4;RAMD32=1"
260,1.216,5.000,3.537,1.085,2.452,0.693,5,"ecc_fold_word_q_reg[1]/C","ecc_product_even_reg_0_3_49_49/SP/I","other","FDCE=1;LUT4=1;LUT6=4;RAMD32=1"
261,1.216,5.000,3.537,1.085,2.452,0.693,5,"ecc_fold_word_q_reg[1]/C","ecc_product_even_reg_0_3_50_50/SP/I","other","FDCE=1;LUT4=1;LUT6=4;RAMD32=1"
262,1.216,5.000,3.537,1.085,2.452,0.693,5,"ecc_fold_word_q_reg[1]/C","ecc_product_even_reg_0_3_51_51/SP/I","other","FDCE=1;LUT4=1;LUT6=4;RAMD32=1"
263,1.216,5.000,3.537,1.085,2.452,0.693,5,"ecc_fold_word_q_reg[1]/C","ecc_product_even_reg_0_3_52_52/SP/I","other","FDCE=1;LUT4=1;LUT6=4;RAMD32=1"
264,1.216,5.000,3.537,1.085,2.452,0.693,5,"ecc_fold_word_q_reg[1]/C","ecc_product_even_reg_0_3_53_53/SP/I","other","FDCE=1;LUT4=1;LUT6=4;RAMD32=1"
265,1.216,5.000,3.537,1.085,2.452,0.693,5,"ecc_fold_word_q_reg[1]/C","ecc_product_even_reg_0_3_54_54/SP/I","other","FDCE=1;LUT4=1;LUT6=4;RAMD32=1"
266,1.216,5.000,3.537,1.085,2.452,0.693,5,"ecc_fold_word_q_reg[1]/C","ecc_product_even_reg_0_3_55_55/SP/I","other","FDCE=1;LUT4=1;LUT6=4;RAMD32=1"
267,1.216,5.000,3.537,1.085,2.452,0.693,5,"ecc_fold_word_q_reg[1]/C","ecc_product_even_reg_0_3_56_56/SP/I","other","FDCE=1;LUT4=1;LUT6=4;RAMD32=1"
268,1.216,5.000,3.537,1.085,2.452,0.693,5,"ecc_fold_word_q_reg[1]/C","ecc_product_even_reg_0_3_57_57/SP/I","other","FDCE=1;LUT4=1;LUT6=4;RAMD32=1"
269,1.216,5.000,3.537,1.085,2.452,0.693,5,"ecc_fold_word_q_reg[1]/C","ecc_product_even_reg_0_3_58_58/SP/I","other","FDCE=1;LUT4=1;LUT6=4;RAMD32=1"
270,1.216,5.000,3.537,1.085,2.452,0.693,5,"ecc_fold_word_q_reg[1]/C","ecc_product_even_reg_0_3_59_59/SP/I","other","FDCE=1;LUT4=1;LUT6=4;RAMD32=1"
271,1.216,5.000,3.537,1.085,2.452,0.693,5,"ecc_fold_word_q_reg[1]/C","ecc_product_even_reg_0_3_60_60/SP/I","other","FDCE=1;LUT4=1;LUT6=4;RAMD32=1"
272,1.216,5.000,3.537,1.085,2.452,0.693,5,"ecc_fold_word_q_reg[1]/C","ecc_product_even_reg_0_3_61_61/SP/I","other","FDCE=1;LUT4=1;LUT6=4;RAMD32=1"
273,1.216,5.000,3.537,1.085,2.452,0.693,5,"ecc_fold_word_q_reg[1]/C","ecc_product_even_reg_0_3_62_62/SP/I","other","FDCE=1;LUT4=1;LUT6=4;RAMD32=1"
274,1.219,5.000,3.534,1.105,2.429,0.687,5,"ecc_leaf_id_q_reg[0]/C","ecc_product_even_reg_0_3_63_63/SP/I","other","FDCE=1;LUT3=1;LUT4=1;LUT6=3;RAMD32=1"
275,1.219,5.000,3.534,1.105,2.429,0.687,5,"ecc_leaf_id_q_reg[0]/C","ecc_product_odd_reg_0_3_0_0/SP/I","other","FDCE=1;LUT3=1;LUT6=4;RAMD32=1"
276,1.219,5.000,3.534,1.105,2.429,0.687,5,"ecc_leaf_id_q_reg[0]/C","ecc_product_odd_reg_0_3_10_10/SP/I","other","FDCE=1;LUT3=1;LUT6=4;RAMD32=1"
277,1.219,5.000,3.534,1.105,2.429,0.687,5,"ecc_leaf_id_q_reg[0]/C","ecc_product_odd_reg_0_3_11_11/SP/I","other","FDCE=1;LUT3=1;LUT6=4;RAMD32=1"
278,1.219,5.000,3.534,1.105,2.429,0.687,5,"ecc_leaf_id_q_reg[0]/C","ecc_product_odd_reg_0_3_12_12/SP/I","other","FDCE=1;LUT3=1;LUT6=4;RAMD32=1"
279,1.219,5.000,3.534,1.105,2.429,0.687,5,"ecc_leaf_id_q_reg[0]/C","ecc_product_odd_reg_0_3_13_13/SP/I","other","FDCE=1;LUT3=1;LUT6=4;RAMD32=1"
280,1.219,5.000,3.534,1.105,2.429,0.687,5,"ecc_leaf_id_q_reg[0]/C","ecc_product_odd_reg_0_3_14_14/SP/I","other","FDCE=1;LUT3=1;LUT6=4;RAMD32=1"
281,1.219,5.000,3.534,1.105,2.429,0.687,5,"ecc_leaf_id_q_reg[0]/C","ecc_product_odd_reg_0_3_15_15/SP/I","other","FDCE=1;LUT3=1;LUT6=4;RAMD32=1"
282,1.219,5.000,3.534,1.105,2.429,0.687,5,"ecc_leaf_id_q_reg[0]/C","ecc_product_odd_reg_0_3_16_16/SP/I","other","FDCE=1;LUT3=1;LUT6=4;RAMD32=1"
283,1.219,5.000,3.534,1.105,2.429,0.687,5,"ecc_leaf_id_q_reg[0]/C","ecc_product_odd_reg_0_3_17_17/SP/I","other","FDCE=1;LUT3=1;LUT6=4;RAMD32=1"
284,1.219,5.000,3.534,1.105,2.429,0.687,5,"ecc_leaf_id_q_reg[0]/C","ecc_product_odd_reg_0_3_18_18/SP/I","other","FDCE=1;LUT3=1;LUT6=4;RAMD32=1"
285,1.219,5.000,3.534,1.105,2.429,0.687,5,"ecc_leaf_id_q_reg[0]/C","ecc_product_odd_reg_0_3_19_19/SP/I","other","FDCE=1;LUT3=1;LUT6=4;RAMD32=1"
286,1.219,5.000,3.534,1.105,2.429,0.687,5,"ecc_leaf_id_q_reg[0]/C","ecc_product_odd_reg_0_3_1_1/SP/I","other","FDCE=1;LUT3=1;LUT6=4;RAMD32=1"
287,1.219,5.000,3.534,1.105,2.429,0.687,5,"ecc_leaf_id_q_reg[0]/C","ecc_product_odd_reg_0_3_20_20/SP/I","other","FDCE=1;LUT3=1;LUT6=4;RAMD32=1"
288,1.219,5.000,3.534,1.105,2.429,0.687,5,"ecc_leaf_id_q_reg[0]/C","ecc_product_odd_reg_0_3_21_21/SP/I","other","FDCE=1;LUT3=1;LUT6=4;RAMD32=1"
289,1.219,5.000,3.534,1.105,2.429,0.687,5,"ecc_leaf_id_q_reg[0]/C","ecc_product_odd_reg_0_3_22_22/SP/I","other","FDCE=1;LUT3=1;LUT6=4;RAMD32=1"
290,1.219,5.000,3.534,1.105,2.429,0.687,5,"ecc_leaf_id_q_reg[0]/C","ecc_product_odd_reg_0_3_23_23/SP/I","other","FDCE=1;LUT3=1;LUT6=4;RAMD32=1"
291,1.219,5.000,3.534,1.105,2.429,0.687,5,"ecc_leaf_id_q_reg[0]/C","ecc_product_odd_reg_0_3_24_24/SP/I","other","FDCE=1;LUT3=1;LUT6=4;RAMD32=1"
292,1.219,5.000,3.534,1.105,2.429,0.687,5,"ecc_leaf_id_q_reg[0]/C","ecc_product_odd_reg_0_3_25_25/SP/I","other","FDCE=1;LUT3=1;LUT6=4;RAMD32=1"
293,1.219,5.000,3.534,1.105,2.429,0.687,5,"ecc_leaf_id_q_reg[0]/C","ecc_product_odd_reg_0_3_26_26/SP/I","other","FDCE=1;LUT3=1;LUT6=4;RAMD32=1"
294,1.219,5.000,3.534,1.105,2.429,0.687,5,"ecc_leaf_id_q_reg[0]/C","ecc_product_odd_reg_0_3_27_27/SP/I","other","FDCE=1;LUT3=1;LUT6=4;RAMD32=1"
295,1.219,5.000,3.534,1.105,2.429,0.687,5,"ecc_leaf_id_q_reg[0]/C","ecc_product_odd_reg_0_3_28_28/SP/I","other","FDCE=1;LUT3=1;LUT6=4;RAMD32=1"
296,1.219,5.000,3.534,1.105,2.429,0.687,5,"ecc_leaf_id_q_reg[0]/C","ecc_product_odd_reg_0_3_29_29/SP/I","other","FDCE=1;LUT3=1;LUT6=4;RAMD32=1"
297,1.219,5.000,3.534,1.105,2.429,0.687,5,"ecc_leaf_id_q_reg[0]/C","ecc_product_odd_reg_0_3_2_2/SP/I","other","FDCE=1;LUT3=1;LUT6=4;RAMD32=1"
298,1.219,5.000,3.534,1.105,2.429,0.687,5,"ecc_leaf_id_q_reg[0]/C","ecc_product_odd_reg_0_3_30_30/SP/I","other","FDCE=1;LUT3=1;LUT6=4;RAMD32=1"
299,1.219,5.000,3.534,1.105,2.429,0.687,5,"ecc_leaf_id_q_reg[0]/C","ecc_product_odd_reg_0_3_3_3/SP/I","other","FDCE=1;LUT3=1;LUT6=4;RAMD32=1"
300,1.219,5.000,3.534,1.105,2.429,0.687,5,"ecc_leaf_id_q_reg[0]/C","ecc_product_odd_reg_0_3_4_4/SP/I","other","FDCE=1;LUT3=1;LUT6=4;RAMD32=1"
301,1.219,5.000,3.534,1.105,2.429,0.687,5,"ecc_leaf_id_q_reg[0]/C","ecc_product_odd_reg_0_3_5_5/SP/I","other","FDCE=1;LUT3=1;LUT6=4;RAMD32=1"
302,1.219,5.000,3.534,1.105,2.429,0.687,5,"ecc_leaf_id_q_reg[0]/C","ecc_product_odd_reg_0_3_6_6/SP/I","other","FDCE=1;LUT3=1;LUT6=4;RAMD32=1"
303,1.219,5.000,3.534,1.105,2.429,0.687,5,"ecc_leaf_id_q_reg[0]/C","ecc_product_odd_reg_0_3_7_7/SP/I","other","FDCE=1;LUT3=1;LUT6=4;RAMD32=1"
304,1.219,5.000,3.534,1.105,2.429,0.687,5,"ecc_leaf_id_q_reg[0]/C","ecc_product_odd_reg_0_3_8_8/SP/I","other","FDCE=1;LUT3=1;LUT6=4;RAMD32=1"
305,1.219,5.000,3.534,1.105,2.429,0.687,5,"ecc_leaf_id_q_reg[0]/C","ecc_product_odd_reg_0_3_9_9/SP/I","other","FDCE=1;LUT3=1;LUT6=4;RAMD32=1"
306,1.295,5.000,3.702,1.085,2.617,0.707,5,"st_q_reg[1]/C","lane_result_q_reg[0][32]/D","P2 lane result capture","FDCE=2;LUT4=1;LUT5=1;LUT6=3"
307,1.295,5.000,3.702,1.085,2.617,0.707,5,"st_q_reg[1]/C","lane_result_q_reg[0][33]/D","P2 lane result capture","FDCE=2;LUT4=1;LUT5=1;LUT6=3"
308,1.295,5.000,3.702,1.085,2.617,0.707,5,"st_q_reg[1]/C","lane_result_q_reg[0][34]/D","P2 lane result capture","FDCE=2;LUT4=1;LUT5=1;LUT6=3"
309,1.295,5.000,3.702,1.085,2.617,0.707,5,"st_q_reg[1]/C","lane_result_q_reg[0][35]/D","P2 lane result capture","FDCE=2;LUT4=1;LUT5=1;LUT6=3"
310,1.295,5.000,3.702,1.085,2.617,0.707,5,"st_q_reg[1]/C","lane_result_q_reg[0][36]/D","P2 lane result capture","FDCE=2;LUT4=1;LUT5=1;LUT6=3"
311,1.295,5.000,3.702,1.085,2.617,0.707,5,"st_q_reg[1]/C","lane_result_q_reg[0][37]/D","P2 lane result capture","FDCE=2;LUT4=1;LUT5=1;LUT6=3"
312,1.295,5.000,3.702,1.085,2.617,0.707,5,"st_q_reg[1]/C","lane_result_q_reg[0][38]/D","P2 lane result capture","FDCE=2;LUT4=1;LUT5=1;LUT6=3"
313,1.295,5.000,3.702,1.085,2.617,0.707,5,"st_q_reg[1]/C","lane_result_q_reg[0][39]/D","P2 lane result capture","FDCE=2;LUT4=1;LUT5=1;LUT6=3"
314,1.295,5.000,3.702,1.085,2.617,0.707,5,"st_q_reg[1]/C","lane_result_q_reg[0][40]/D","P2 lane result capture","FDCE=2;LUT4=1;LUT5=1;LUT6=3"
315,1.295,5.000,3.702,1.085,2.617,0.707,5,"st_q_reg[1]/C","lane_result_q_reg[0][41]/D","P2 lane result capture","FDCE=2;LUT4=1;LUT5=1;LUT6=3"
316,1.295,5.000,3.702,1.085,2.617,0.707,5,"st_q_reg[1]/C","lane_result_q_reg[0][42]/D","P2 lane result capture","FDCE=2;LUT4=1;LUT5=1;LUT6=3"
317,1.295,5.000,3.702,1.085,2.617,0.707,5,"st_q_reg[1]/C","lane_result_q_reg[0][43]/D","P2 lane result capture","FDCE=2;LUT4=1;LUT5=1;LUT6=3"
318,1.295,5.000,3.702,1.085,2.617,0.707,5,"st_q_reg[1]/C","lane_result_q_reg[0][44]/D","P2 lane result capture","FDCE=2;LUT4=1;LUT5=1;LUT6=3"
319,1.295,5.000,3.702,1.085,2.617,0.707,5,"st_q_reg[1]/C","lane_result_q_reg[0][45]/D","P2 lane result capture","FDCE=2;LUT4=1;LUT5=1;LUT6=3"
320,1.295,5.000,3.702,1.085,2.617,0.707,5,"st_q_reg[1]/C","lane_result_q_reg[0][46]/D","P2 lane result capture","FDCE=2;LUT4=1;LUT5=1;LUT6=3"
321,1.295,5.000,3.702,1.085,2.617,0.707,5,"st_q_reg[1]/C","lane_result_q_reg[0][47]/D","P2 lane result capture","FDCE=2;LUT4=1;LUT5=1;LUT6=3"
322,1.295,5.000,3.702,1.085,2.617,0.707,5,"st_q_reg[1]/C","lane_result_q_reg[0][48]/D","P2 lane result capture","FDCE=2;LUT4=1;LUT5=1;LUT6=3"
323,1.295,5.000,3.702,1.085,2.617,0.707,5,"st_q_reg[1]/C","lane_result_q_reg[0][49]/D","P2 lane result capture","FDCE=2;LUT4=1;LUT5=1;LUT6=3"
324,1.295,5.000,3.702,1.085,2.617,0.707,5,"st_q_reg[1]/C","lane_result_q_reg[0][50]/D","P2 lane result capture","FDCE=2;LUT4=1;LUT5=1;LUT6=3"
325,1.295,5.000,3.702,1.085,2.617,0.707,5,"st_q_reg[1]/C","lane_result_q_reg[0][51]/D","P2 lane result capture","FDCE=2;LUT4=1;LUT5=1;LUT6=3"
326,1.295,5.000,3.702,1.085,2.617,0.707,5,"st_q_reg[1]/C","lane_result_q_reg[0][52]/D","P2 lane result capture","FDCE=2;LUT4=1;LUT5=1;LUT6=3"
327,1.295,5.000,3.702,1.085,2.617,0.707,5,"st_q_reg[1]/C","lane_result_q_reg[0][53]/D","P2 lane result capture","FDCE=2;LUT4=1;LUT5=1;LUT6=3"
328,1.295,5.000,3.702,1.085,2.617,0.707,5,"st_q_reg[1]/C","lane_result_q_reg[0][54]/D","P2 lane result capture","FDCE=2;LUT4=1;LUT5=1;LUT6=3"
329,1.295,5.000,3.702,1.085,2.617,0.707,5,"st_q_reg[1]/C","lane_result_q_reg[0][55]/D","P2 lane result capture","FDCE=2;LUT4=1;LUT5=1;LUT6=3"
330,1.295,5.000,3.702,1.085,2.617,0.707,5,"st_q_reg[1]/C","lane_result_q_reg[0][56]/D","P2 lane result capture","FDCE=2;LUT4=1;LUT5=1;LUT6=3"
331,1.295,5.000,3.702,1.085,2.617,0.707,5,"st_q_reg[1]/C","lane_result_q_reg[0][57]/D","P2 lane result capture","FDCE=2;LUT4=1;LUT5=1;LUT6=3"
332,1.295,5.000,3.702,1.085,2.617,0.707,5,"st_q_reg[1]/C","lane_result_q_reg[0][58]/D","P2 lane result capture","FDCE=2;LUT4=1;LUT5=1;LUT6=3"
333,1.295,5.000,3.702,1.085,2.617,0.707,5,"st_q_reg[1]/C","lane_result_q_reg[0][59]/D","P2 lane result capture","FDCE=2;LUT4=1;LUT5=1;LUT6=3"
334,1.295,5.000,3.702,1.085,2.617,0.707,5,"st_q_reg[1]/C","lane_result_q_reg[0][60]/D","P2 lane result capture","FDCE=2;LUT4=1;LUT5=1;LUT6=3"
335,1.295,5.000,3.702,1.085,2.617,0.707,5,"st_q_reg[1]/C","lane_result_q_reg[0][61]/D","P2 lane result capture","FDCE=2;LUT4=1;LUT5=1;LUT6=3"
336,1.295,5.000,3.702,1.085,2.617,0.707,5,"st_q_reg[1]/C","lane_result_q_reg[0][62]/D","P2 lane result capture","FDCE=2;LUT4=1;LUT5=1;LUT6=3"
337,1.295,5.000,3.702,1.085,2.617,0.707,5,"st_q_reg[1]/C","lane_result_q_reg[0][63]/D","P2 lane result capture","FDCE=2;LUT4=1;LUT5=1;LUT6=3"
338,1.295,5.000,3.702,1.085,2.617,0.707,5,"st_q_reg[1]/C","lane_result_q_reg[1][0]/D","P2 lane result capture","FDCE=2;LUT4=1;LUT5=1;LUT6=3"
339,1.295,5.000,3.702,1.085,2.617,0.707,5,"st_q_reg[1]/C","lane_result_q_reg[1][10]/D","P2 lane result capture","FDCE=2;LUT4=1;LUT5=1;LUT6=3"
340,1.295,5.000,3.702,1.085,2.617,0.707,5,"st_q_reg[1]/C","lane_result_q_reg[1][11]/D","P2 lane result capture","FDCE=2;LUT4=1;LUT5=1;LUT6=3"
341,1.295,5.000,3.702,1.085,2.617,0.707,5,"st_q_reg[1]/C","lane_result_q_reg[1][12]/D","P2 lane result capture","FDCE=2;LUT4=1;LUT5=1;LUT6=3"
342,1.295,5.000,3.702,1.085,2.617,0.707,5,"st_q_reg[1]/C","lane_result_q_reg[1][13]/D","P2 lane result capture","FDCE=2;LUT4=1;LUT5=1;LUT6=3"
343,1.295,5.000,3.702,1.085,2.617,0.707,5,"st_q_reg[1]/C","lane_result_q_reg[1][14]/D","P2 lane result capture","FDCE=2;LUT4=1;LUT5=1;LUT6=3"
344,1.295,5.000,3.702,1.085,2.617,0.707,5,"st_q_reg[1]/C","lane_result_q_reg[1][15]/D","P2 lane result capture","FDCE=2;LUT4=1;LUT5=1;LUT6=3"
345,1.295,5.000,3.702,1.085,2.617,0.707,5,"st_q_reg[1]/C","lane_result_q_reg[1][16]/D","P2 lane result capture","FDCE=2;LUT4=1;LUT5=1;LUT6=3"
346,1.295,5.000,3.702,1.085,2.617,0.707,5,"st_q_reg[1]/C","lane_result_q_reg[1][17]/D","P2 lane result capture","FDCE=2;LUT4=1;LUT5=1;LUT6=3"
347,1.295,5.000,3.702,1.085,2.617,0.707,5,"st_q_reg[1]/C","lane_result_q_reg[1][18]/D","P2 lane result capture","FDCE=2;LUT4=1;LUT5=1;LUT6=3"
348,1.295,5.000,3.702,1.085,2.617,0.707,5,"st_q_reg[1]/C","lane_result_q_reg[1][19]/D","P2 lane result capture","FDCE=2;LUT4=1;LUT5=1;LUT6=3"
349,1.295,5.000,3.702,1.085,2.617,0.707,5,"st_q_reg[1]/C","lane_result_q_reg[1][1]/D","P2 lane result capture","FDCE=2;LUT4=1;LUT5=1;LUT6=3"
350,1.295,5.000,3.702,1.085,2.617,0.707,5,"st_q_reg[1]/C","lane_result_q_reg[1][20]/D","P2 lane result capture","FDCE=2;LUT4=1;LUT5=1;LUT6=3"
351,1.295,5.000,3.702,1.085,2.617,0.707,5,"st_q_reg[1]/C","lane_result_q_reg[1][21]/D","P2 lane result capture","FDCE=2;LUT4=1;LUT5=1;LUT6=3"
352,1.295,5.000,3.702,1.085,2.617,0.707,5,"st_q_reg[1]/C","lane_result_q_reg[1][22]/D","P2 lane result capture","FDCE=2;LUT4=1;LUT5=1;LUT6=3"
353,1.295,5.000,3.702,1.085,2.617,0.707,5,"st_q_reg[1]/C","lane_result_q_reg[1][23]/D","P2 lane result capture","FDCE=2;LUT4=1;LUT5=1;LUT6=3"
354,1.295,5.000,3.702,1.085,2.617,0.707,5,"st_q_reg[1]/C","lane_result_q_reg[1][24]/D","P2 lane result capture","FDCE=2;LUT4=1;LUT5=1;LUT6=3"
355,1.295,5.000,3.702,1.085,2.617,0.707,5,"st_q_reg[1]/C","lane_result_q_reg[1][25]/D","P2 lane result capture","FDCE=2;LUT4=1;LUT5=1;LUT6=3"
356,1.295,5.000,3.702,1.085,2.617,0.707,5,"st_q_reg[1]/C","lane_result_q_reg[1][26]/D","P2 lane result capture","FDCE=2;LUT4=1;LUT5=1;LUT6=3"
357,1.295,5.000,3.702,1.085,2.617,0.707,5,"st_q_reg[1]/C","lane_result_q_reg[1][27]/D","P2 lane result capture","FDCE=2;LUT4=1;LUT5=1;LUT6=3"
358,1.295,5.000,3.702,1.085,2.617,0.707,5,"st_q_reg[1]/C","lane_result_q_reg[1][28]/D","P2 lane result capture","FDCE=2;LUT4=1;LUT5=1;LUT6=3"
359,1.295,5.000,3.702,1.085,2.617,0.707,5,"st_q_reg[1]/C","lane_result_q_reg[1][29]/D","P2 lane result capture","FDCE=2;LUT4=1;LUT5=1;LUT6=3"
360,1.295,5.000,3.702,1.085,2.617,0.707,5,"st_q_reg[1]/C","lane_result_q_reg[1][2]/D","P2 lane result capture","FDCE=2;LUT4=1;LUT5=1;LUT6=3"
361,1.295,5.000,3.702,1.085,2.617,0.707,5,"st_q_reg[1]/C","lane_result_q_reg[1][30]/D","P2 lane result capture","FDCE=2;LUT4=1;LUT5=1;LUT6=3"
362,1.295,5.000,3.702,1.085,2.617,0.707,5,"st_q_reg[1]/C","lane_result_q_reg[1][31]/D","P2 lane result capture","FDCE=2;LUT4=1;LUT5=1;LUT6=3"
363,1.295,5.000,3.702,1.085,2.617,0.707,5,"st_q_reg[1]/C","lane_result_q_reg[1][32]/D","P2 lane result capture","FDCE=2;LUT4=1;LUT5=1;LUT6=3"
364,1.295,5.000,3.702,1.085,2.617,0.707,5,"st_q_reg[1]/C","lane_result_q_reg[1][33]/D","P2 lane result capture","FDCE=2;LUT4=1;LUT5=1;LUT6=3"
365,1.295,5.000,3.702,1.085,2.617,0.707,5,"st_q_reg[1]/C","lane_result_q_reg[1][34]/D","P2 lane result capture","FDCE=2;LUT4=1;LUT5=1;LUT6=3"
366,1.295,5.000,3.702,1.085,2.617,0.707,5,"st_q_reg[1]/C","lane_result_q_reg[1][35]/D","P2 lane result capture","FDCE=2;LUT4=1;LUT5=1;LUT6=3"
367,1.295,5.000,3.702,1.085,2.617,0.707,5,"st_q_reg[1]/C","lane_result_q_reg[1][36]/D","P2 lane result capture","FDCE=2;LUT4=1;LUT5=1;LUT6=3"
368,1.295,5.000,3.702,1.085,2.617,0.707,5,"st_q_reg[1]/C","lane_result_q_reg[1][37]/D","P2 lane result capture","FDCE=2;LUT4=1;LUT5=1;LUT6=3"
369,1.295,5.000,3.702,1.085,2.617,0.707,5,"st_q_reg[1]/C","lane_result_q_reg[1][38]/D","P2 lane result capture","FDCE=2;LUT4=1;LUT5=1;LUT6=3"
370,1.295,5.000,3.702,1.085,2.617,0.707,5,"st_q_reg[1]/C","lane_result_q_reg[1][39]/D","P2 lane result capture","FDCE=2;LUT4=1;LUT5=1;LUT6=3"
371,1.295,5.000,3.702,1.085,2.617,0.707,5,"st_q_reg[1]/C","lane_result_q_reg[1][3]/D","P2 lane result capture","FDCE=2;LUT4=1;LUT5=1;LUT6=3"
372,1.295,5.000,3.702,1.085,2.617,0.707,5,"st_q_reg[1]/C","lane_result_q_reg[1][40]/D","P2 lane result capture","FDCE=2;LUT4=1;LUT5=1;LUT6=3"
373,1.295,5.000,3.702,1.085,2.617,0.707,5,"st_q_reg[1]/C","lane_result_q_reg[1][41]/D","P2 lane result capture","FDCE=2;LUT4=1;LUT5=1;LUT6=3"
374,1.295,5.000,3.702,1.085,2.617,0.707,5,"st_q_reg[1]/C","lane_result_q_reg[1][42]/D","P2 lane result capture","FDCE=2;LUT4=1;LUT5=1;LUT6=3"
375,1.295,5.000,3.702,1.085,2.617,0.707,5,"st_q_reg[1]/C","lane_result_q_reg[1][43]/D","P2 lane result capture","FDCE=2;LUT4=1;LUT5=1;LUT6=3"
376,1.295,5.000,3.702,1.085,2.617,0.707,5,"st_q_reg[1]/C","lane_result_q_reg[1][44]/D","P2 lane result capture","FDCE=2;LUT4=1;LUT5=1;LUT6=3"
377,1.295,5.000,3.702,1.085,2.617,0.707,5,"st_q_reg[1]/C","lane_result_q_reg[1][45]/D","P2 lane result capture","FDCE=2;LUT4=1;LUT5=1;LUT6=3"
378,1.295,5.000,3.702,1.085,2.617,0.707,5,"st_q_reg[1]/C","lane_result_q_reg[1][46]/D","P2 lane result capture","FDCE=2;LUT4=1;LUT5=1;LUT6=3"
379,1.295,5.000,3.702,1.085,2.617,0.707,5,"st_q_reg[1]/C","lane_result_q_reg[1][47]/D","P2 lane result capture","FDCE=2;LUT4=1;LUT5=1;LUT6=3"
380,1.295,5.000,3.702,1.085,2.617,0.707,5,"st_q_reg[1]/C","lane_result_q_reg[1][48]/D","P2 lane result capture","FDCE=2;LUT4=1;LUT5=1;LUT6=3"
381,1.295,5.000,3.702,1.085,2.617,0.707,5,"st_q_reg[1]/C","lane_result_q_reg[1][49]/D","P2 lane result capture","FDCE=2;LUT4=1;LUT5=1;LUT6=3"
382,1.295,5.000,3.702,1.085,2.617,0.707,5,"st_q_reg[1]/C","lane_result_q_reg[1][4]/D","P2 lane result capture","FDCE=2;LUT4=1;LUT5=1;LUT6=3"
383,1.295,5.000,3.702,1.085,2.617,0.707,5,"st_q_reg[1]/C","lane_result_q_reg[1][50]/D","P2 lane result capture","FDCE=2;LUT4=1;LUT5=1;LUT6=3"
384,1.295,5.000,3.702,1.085,2.617,0.707,5,"st_q_reg[1]/C","lane_result_q_reg[1][51]/D","P2 lane result capture","FDCE=2;LUT4=1;LUT5=1;LUT6=3"
385,1.295,5.000,3.702,1.085,2.617,0.707,5,"st_q_reg[1]/C","lane_result_q_reg[1][52]/D","P2 lane result capture","FDCE=2;LUT4=1;LUT5=1;LUT6=3"
386,1.295,5.000,3.702,1.085,2.617,0.707,5,"st_q_reg[1]/C","lane_result_q_reg[1][53]/D","P2 lane result capture","FDCE=2;LUT4=1;LUT5=1;LUT6=3"
387,1.295,5.000,3.702,1.085,2.617,0.707,5,"st_q_reg[1]/C","lane_result_q_reg[1][54]/D","P2 lane result capture","FDCE=2;LUT4=1;LUT5=1;LUT6=3"
388,1.295,5.000,3.702,1.085,2.617,0.707,5,"st_q_reg[1]/C","lane_result_q_reg[1][55]/D","P2 lane result capture","FDCE=2;LUT4=1;LUT5=1;LUT6=3"
389,1.295,5.000,3.702,1.085,2.617,0.707,5,"st_q_reg[1]/C","lane_result_q_reg[1][56]/D","P2 lane result capture","FDCE=2;LUT4=1;LUT5=1;LUT6=3"
390,1.295,5.000,3.702,1.085,2.617,0.707,5,"st_q_reg[1]/C","lane_result_q_reg[1][57]/D","P2 lane result capture","FDCE=2;LUT4=1;LUT5=1;LUT6=3"
391,1.295,5.000,3.702,1.085,2.617,0.707,5,"st_q_reg[1]/C","lane_result_q_reg[1][58]/D","P2 lane result capture","FDCE=2;LUT4=1;LUT5=1;LUT6=3"
392,1.295,5.000,3.702,1.085,2.617,0.707,5,"st_q_reg[1]/C","lane_result_q_reg[1][59]/D","P2 lane result capture","FDCE=2;LUT4=1;LUT5=1;LUT6=3"
393,1.295,5.000,3.702,1.085,2.617,0.707,5,"st_q_reg[1]/C","lane_result_q_reg[1][5]/D","P2 lane result capture","FDCE=2;LUT4=1;LUT5=1;LUT6=3"
394,1.295,5.000,3.702,1.085,2.617,0.707,5,"st_q_reg[1]/C","lane_result_q_reg[1][60]/D","P2 lane result capture","FDCE=2;LUT4=1;LUT5=1;LUT6=3"
395,1.295,5.000,3.702,1.085,2.617,0.707,5,"st_q_reg[1]/C","lane_result_q_reg[1][61]/D","P2 lane result capture","FDCE=2;LUT4=1;LUT5=1;LUT6=3"
396,1.295,5.000,3.702,1.085,2.617,0.707,5,"st_q_reg[1]/C","lane_result_q_reg[1][62]/D","P2 lane result capture","FDCE=2;LUT4=1;LUT5=1;LUT6=3"
397,1.295,5.000,3.702,1.085,2.617,0.707,5,"st_q_reg[1]/C","lane_result_q_reg[1][63]/D","P2 lane result capture","FDCE=2;LUT4=1;LUT5=1;LUT6=3"
398,1.295,5.000,3.702,1.085,2.617,0.707,5,"st_q_reg[1]/C","lane_result_q_reg[1][6]/D","P2 lane result capture","FDCE=2;LUT4=1;LUT5=1;LUT6=3"
399,1.295,5.000,3.702,1.085,2.617,0.707,5,"st_q_reg[1]/C","lane_result_q_reg[1][7]/D","P2 lane result capture","FDCE=2;LUT4=1;LUT5=1;LUT6=3"
400,1.295,5.000,3.702,1.085,2.617,0.707,5,"st_q_reg[1]/C","lane_result_q_reg[1][8]/D","P2 lane result capture","FDCE=2;LUT4=1;LUT5=1;LUT6=3"
401,1.295,5.000,3.702,1.085,2.617,0.707,5,"st_q_reg[1]/C","lane_result_q_reg[1][9]/D","P2 lane result capture","FDCE=2;LUT4=1;LUT5=1;LUT6=3"
402,1.295,5.000,3.702,1.085,2.617,0.707,5,"st_q_reg[1]/C","lane_result_q_reg[2][0]/D","P2 lane result capture","FDCE=2;LUT4=1;LUT5=1;LUT6=3"
403,1.295,5.000,3.702,1.085,2.617,0.707,5,"st_q_reg[1]/C","lane_result_q_reg[2][10]/D","P2 lane result capture","FDCE=2;LUT4=1;LUT5=1;LUT6=3"
404,1.295,5.000,3.702,1.085,2.617,0.707,5,"st_q_reg[1]/C","lane_result_q_reg[2][11]/D","P2 lane result capture","FDCE=2;LUT4=1;LUT5=1;LUT6=3"
405,1.295,5.000,3.702,1.085,2.617,0.707,5,"st_q_reg[1]/C","lane_result_q_reg[2][12]/D","P2 lane result capture","FDCE=2;LUT4=1;LUT5=1;LUT6=3"
406,1.295,5.000,3.702,1.085,2.617,0.707,5,"st_q_reg[1]/C","lane_result_q_reg[2][13]/D","P2 lane result capture","FDCE=2;LUT4=1;LUT5=1;LUT6=3"
407,1.295,5.000,3.702,1.085,2.617,0.707,5,"st_q_reg[1]/C","lane_result_q_reg[2][14]/D","P2 lane result capture","FDCE=2;LUT4=1;LUT5=1;LUT6=3"
408,1.295,5.000,3.702,1.085,2.617,0.707,5,"st_q_reg[1]/C","lane_result_q_reg[2][15]/D","P2 lane result capture","FDCE=2;LUT4=1;LUT5=1;LUT6=3"
409,1.295,5.000,3.702,1.085,2.617,0.707,5,"st_q_reg[1]/C","lane_result_q_reg[2][16]/D","P2 lane result capture","FDCE=2;LUT4=1;LUT5=1;LUT6=3"
410,1.295,5.000,3.702,1.085,2.617,0.707,5,"st_q_reg[1]/C","lane_result_q_reg[2][17]/D","P2 lane result capture","FDCE=2;LUT4=1;LUT5=1;LUT6=3"
411,1.295,5.000,3.702,1.085,2.617,0.707,5,"st_q_reg[1]/C","lane_result_q_reg[2][18]/D","P2 lane result capture","FDCE=2;LUT4=1;LUT5=1;LUT6=3"
412,1.295,5.000,3.702,1.085,2.617,0.707,5,"st_q_reg[1]/C","lane_result_q_reg[2][19]/D","P2 lane result capture","FDCE=2;LUT4=1;LUT5=1;LUT6=3"
413,1.295,5.000,3.702,1.085,2.617,0.707,5,"st_q_reg[1]/C","lane_result_q_reg[2][1]/D","P2 lane result capture","FDCE=2;LUT4=1;LUT5=1;LUT6=3"
414,1.295,5.000,3.702,1.085,2.617,0.707,5,"st_q_reg[1]/C","lane_result_q_reg[2][20]/D","P2 lane result capture","FDCE=2;LUT4=1;LUT5=1;LUT6=3"
415,1.295,5.000,3.702,1.085,2.617,0.707,5,"st_q_reg[1]/C","lane_result_q_reg[2][21]/D","P2 lane result capture","FDCE=2;LUT4=1;LUT5=1;LUT6=3"
416,1.295,5.000,3.702,1.085,2.617,0.707,5,"st_q_reg[1]/C","lane_result_q_reg[2][22]/D","P2 lane result capture","FDCE=2;LUT4=1;LUT5=1;LUT6=3"
417,1.295,5.000,3.702,1.085,2.617,0.707,5,"st_q_reg[1]/C","lane_result_q_reg[2][23]/D","P2 lane result capture","FDCE=2;LUT4=1;LUT5=1;LUT6=3"
418,1.295,5.000,3.702,1.085,2.617,0.707,5,"st_q_reg[1]/C","lane_result_q_reg[2][24]/D","P2 lane result capture","FDCE=2;LUT4=1;LUT5=1;LUT6=3"
419,1.295,5.000,3.702,1.085,2.617,0.707,5,"st_q_reg[1]/C","lane_result_q_reg[2][25]/D","P2 lane result capture","FDCE=2;LUT4=1;LUT5=1;LUT6=3"
420,1.295,5.000,3.702,1.085,2.617,0.707,5,"st_q_reg[1]/C","lane_result_q_reg[2][26]/D","P2 lane result capture","FDCE=2;LUT4=1;LUT5=1;LUT6=3"
421,1.295,5.000,3.702,1.085,2.617,0.707,5,"st_q_reg[1]/C","lane_result_q_reg[2][27]/D","P2 lane result capture","FDCE=2;LUT4=1;LUT5=1;LUT6=3"
422,1.295,5.000,3.702,1.085,2.617,0.707,5,"st_q_reg[1]/C","lane_result_q_reg[2][28]/D","P2 lane result capture","FDCE=2;LUT4=1;LUT5=1;LUT6=3"
423,1.295,5.000,3.702,1.085,2.617,0.707,5,"st_q_reg[1]/C","lane_result_q_reg[2][29]/D","P2 lane result capture","FDCE=2;LUT4=1;LUT5=1;LUT6=3"
424,1.295,5.000,3.702,1.085,2.617,0.707,5,"st_q_reg[1]/C","lane_result_q_reg[2][2]/D","P2 lane result capture","FDCE=2;LUT4=1;LUT5=1;LUT6=3"
425,1.295,5.000,3.702,1.085,2.617,0.707,5,"st_q_reg[1]/C","lane_result_q_reg[2][30]/D","P2 lane result capture","FDCE=2;LUT4=1;LUT5=1;LUT6=3"
426,1.295,5.000,3.702,1.085,2.617,0.707,5,"st_q_reg[1]/C","lane_result_q_reg[2][31]/D","P2 lane result capture","FDCE=2;LUT4=1;LUT5=1;LUT6=3"
427,1.295,5.000,3.702,1.085,2.617,0.707,5,"st_q_reg[1]/C","lane_result_q_reg[2][32]/D","P2 lane result capture","FDCE=2;LUT4=1;LUT5=1;LUT6=3"
428,1.295,5.000,3.702,1.085,2.617,0.707,5,"st_q_reg[1]/C","lane_result_q_reg[2][33]/D","P2 lane result capture","FDCE=2;LUT4=1;LUT5=1;LUT6=3"
429,1.295,5.000,3.702,1.085,2.617,0.707,5,"st_q_reg[1]/C","lane_result_q_reg[2][34]/D","P2 lane result capture","FDCE=2;LUT4=1;LUT5=1;LUT6=3"
430,1.295,5.000,3.702,1.085,2.617,0.707,5,"st_q_reg[1]/C","lane_result_q_reg[2][35]/D","P2 lane result capture","FDCE=2;LUT4=1;LUT5=1;LUT6=3"
431,1.295,5.000,3.702,1.085,2.617,0.707,5,"st_q_reg[1]/C","lane_result_q_reg[2][36]/D","P2 lane result capture","FDCE=2;LUT4=1;LUT5=1;LUT6=3"
432,1.295,5.000,3.702,1.085,2.617,0.707,5,"st_q_reg[1]/C","lane_result_q_reg[2][37]/D","P2 lane result capture","FDCE=2;LUT4=1;LUT5=1;LUT6=3"
433,1.295,5.000,3.702,1.085,2.617,0.707,5,"st_q_reg[1]/C","lane_result_q_reg[2][38]/D","P2 lane result capture","FDCE=2;LUT4=1;LUT5=1;LUT6=3"
434,1.295,5.000,3.702,1.085,2.617,0.707,5,"st_q_reg[1]/C","lane_result_q_reg[2][39]/D","P2 lane result capture","FDCE=2;LUT4=1;LUT5=1;LUT6=3"
435,1.295,5.000,3.702,1.085,2.617,0.707,5,"st_q_reg[1]/C","lane_result_q_reg[2][3]/D","P2 lane result capture","FDCE=2;LUT4=1;LUT5=1;LUT6=3"
436,1.295,5.000,3.702,1.085,2.617,0.707,5,"st_q_reg[1]/C","lane_result_q_reg[2][40]/D","P2 lane result capture","FDCE=2;LUT4=1;LUT5=1;LUT6=3"
437,1.295,5.000,3.702,1.085,2.617,0.707,5,"st_q_reg[1]/C","lane_result_q_reg[2][41]/D","P2 lane result capture","FDCE=2;LUT4=1;LUT5=1;LUT6=3"
438,1.295,5.000,3.702,1.085,2.617,0.707,5,"st_q_reg[1]/C","lane_result_q_reg[2][42]/D","P2 lane result capture","FDCE=2;LUT4=1;LUT5=1;LUT6=3"
439,1.295,5.000,3.702,1.085,2.617,0.707,5,"st_q_reg[1]/C","lane_result_q_reg[2][43]/D","P2 lane result capture","FDCE=2;LUT4=1;LUT5=1;LUT6=3"
440,1.295,5.000,3.702,1.085,2.617,0.707,5,"st_q_reg[1]/C","lane_result_q_reg[2][44]/D","P2 lane result capture","FDCE=2;LUT4=1;LUT5=1;LUT6=3"
441,1.295,5.000,3.702,1.085,2.617,0.707,5,"st_q_reg[1]/C","lane_result_q_reg[2][45]/D","P2 lane result capture","FDCE=2;LUT4=1;LUT5=1;LUT6=3"
442,1.295,5.000,3.702,1.085,2.617,0.707,5,"st_q_reg[1]/C","lane_result_q_reg[2][46]/D","P2 lane result capture","FDCE=2;LUT4=1;LUT5=1;LUT6=3"
443,1.295,5.000,3.702,1.085,2.617,0.707,5,"st_q_reg[1]/C","lane_result_q_reg[2][47]/D","P2 lane result capture","FDCE=2;LUT4=1;LUT5=1;LUT6=3"
444,1.295,5.000,3.702,1.085,2.617,0.707,5,"st_q_reg[1]/C","lane_result_q_reg[2][48]/D","P2 lane result capture","FDCE=2;LUT4=1;LUT5=1;LUT6=3"
445,1.295,5.000,3.702,1.085,2.617,0.707,5,"st_q_reg[1]/C","lane_result_q_reg[2][49]/D","P2 lane result capture","FDCE=2;LUT4=1;LUT5=1;LUT6=3"
446,1.295,5.000,3.702,1.085,2.617,0.707,5,"st_q_reg[1]/C","lane_result_q_reg[2][4]/D","P2 lane result capture","FDCE=2;LUT4=1;LUT5=1;LUT6=3"
447,1.295,5.000,3.702,1.085,2.617,0.707,5,"st_q_reg[1]/C","lane_result_q_reg[2][50]/D","P2 lane result capture","FDCE=2;LUT4=1;LUT5=1;LUT6=3"
448,1.295,5.000,3.702,1.085,2.617,0.707,5,"st_q_reg[1]/C","lane_result_q_reg[2][51]/D","P2 lane result capture","FDCE=2;LUT4=1;LUT5=1;LUT6=3"
449,1.295,5.000,3.702,1.085,2.617,0.707,5,"st_q_reg[1]/C","lane_result_q_reg[2][52]/D","P2 lane result capture","FDCE=2;LUT4=1;LUT5=1;LUT6=3"
450,1.295,5.000,3.702,1.085,2.617,0.707,5,"st_q_reg[1]/C","lane_result_q_reg[2][53]/D","P2 lane result capture","FDCE=2;LUT4=1;LUT5=1;LUT6=3"
451,1.295,5.000,3.702,1.085,2.617,0.707,5,"st_q_reg[1]/C","lane_result_q_reg[2][54]/D","P2 lane result capture","FDCE=2;LUT4=1;LUT5=1;LUT6=3"
452,1.295,5.000,3.702,1.085,2.617,0.707,5,"st_q_reg[1]/C","lane_result_q_reg[2][55]/D","P2 lane result capture","FDCE=2;LUT4=1;LUT5=1;LUT6=3"
453,1.295,5.000,3.702,1.085,2.617,0.707,5,"st_q_reg[1]/C","lane_result_q_reg[2][56]/D","P2 lane result capture","FDCE=2;LUT4=1;LUT5=1;LUT6=3"
454,1.295,5.000,3.702,1.085,2.617,0.707,5,"st_q_reg[1]/C","lane_result_q_reg[2][57]/D","P2 lane result capture","FDCE=2;LUT4=1;LUT5=1;LUT6=3"
455,1.295,5.000,3.702,1.085,2.617,0.707,5,"st_q_reg[1]/C","lane_result_q_reg[2][58]/D","P2 lane result capture","FDCE=2;LUT4=1;LUT5=1;LUT6=3"
456,1.295,5.000,3.702,1.085,2.617,0.707,5,"st_q_reg[1]/C","lane_result_q_reg[2][59]/D","P2 lane result capture","FDCE=2;LUT4=1;LUT5=1;LUT6=3"
457,1.295,5.000,3.702,1.085,2.617,0.707,5,"st_q_reg[1]/C","lane_result_q_reg[2][5]/D","P2 lane result capture","FDCE=2;LUT4=1;LUT5=1;LUT6=3"
458,1.295,5.000,3.702,1.085,2.617,0.707,5,"st_q_reg[1]/C","lane_result_q_reg[2][60]/D","P2 lane result capture","FDCE=2;LUT4=1;LUT5=1;LUT6=3"
459,1.295,5.000,3.702,1.085,2.617,0.707,5,"st_q_reg[1]/C","lane_result_q_reg[2][61]/D","P2 lane result capture","FDCE=2;LUT4=1;LUT5=1;LUT6=3"
460,1.295,5.000,3.702,1.085,2.617,0.707,5,"st_q_reg[1]/C","lane_result_q_reg[2][62]/D","P2 lane result capture","FDCE=2;LUT4=1;LUT5=1;LUT6=3"
461,1.295,5.000,3.702,1.085,2.617,0.707,5,"st_q_reg[1]/C","lane_result_q_reg[2][63]/D","P2 lane result capture","FDCE=2;LUT4=1;LUT5=1;LUT6=3"
462,1.295,5.000,3.702,1.085,2.617,0.707,5,"st_q_reg[1]/C","lane_result_q_reg[2][6]/D","P2 lane result capture","FDCE=2;LUT4=1;LUT5=1;LUT6=3"
463,1.295,5.000,3.702,1.085,2.617,0.707,5,"st_q_reg[1]/C","lane_result_q_reg[2][7]/D","P2 lane result capture","FDCE=2;LUT4=1;LUT5=1;LUT6=3"
464,1.295,5.000,3.702,1.085,2.617,0.707,5,"st_q_reg[1]/C","lane_result_q_reg[2][8]/D","P2 lane result capture","FDCE=2;LUT4=1;LUT5=1;LUT6=3"
465,1.295,5.000,3.702,1.085,2.617,0.707,5,"st_q_reg[1]/C","lane_result_q_reg[2][9]/D","P2 lane result capture","FDCE=2;LUT4=1;LUT5=1;LUT6=3"
466,1.295,5.000,3.702,1.085,2.617,0.707,5,"st_q_reg[1]/C","lane_result_q_reg[3][0]/D","P2 lane result capture","FDCE=2;LUT4=1;LUT5=1;LUT6=3"
467,1.295,5.000,3.702,1.085,2.617,0.707,5,"st_q_reg[1]/C","lane_result_q_reg[3][10]/D","P2 lane result capture","FDCE=2;LUT4=1;LUT5=1;LUT6=3"
468,1.295,5.000,3.702,1.085,2.617,0.707,5,"st_q_reg[1]/C","lane_result_q_reg[3][11]/D","P2 lane result capture","FDCE=2;LUT4=1;LUT5=1;LUT6=3"
469,1.295,5.000,3.702,1.085,2.617,0.707,5,"st_q_reg[1]/C","lane_result_q_reg[3][12]/D","P2 lane result capture","FDCE=2;LUT4=1;LUT5=1;LUT6=3"
470,1.295,5.000,3.702,1.085,2.617,0.707,5,"st_q_reg[1]/C","lane_result_q_reg[3][13]/D","P2 lane result capture","FDCE=2;LUT4=1;LUT5=1;LUT6=3"
471,1.295,5.000,3.702,1.085,2.617,0.707,5,"st_q_reg[1]/C","lane_result_q_reg[3][14]/D","P2 lane result capture","FDCE=2;LUT4=1;LUT5=1;LUT6=3"
472,1.295,5.000,3.702,1.085,2.617,0.707,5,"st_q_reg[1]/C","lane_result_q_reg[3][15]/D","P2 lane result capture","FDCE=2;LUT4=1;LUT5=1;LUT6=3"
473,1.295,5.000,3.702,1.085,2.617,0.707,5,"st_q_reg[1]/C","lane_result_q_reg[3][16]/D","P2 lane result capture","FDCE=2;LUT4=1;LUT5=1;LUT6=3"
474,1.295,5.000,3.702,1.085,2.617,0.707,5,"st_q_reg[1]/C","lane_result_q_reg[3][17]/D","P2 lane result capture","FDCE=2;LUT4=1;LUT5=1;LUT6=3"
475,1.295,5.000,3.702,1.085,2.617,0.707,5,"st_q_reg[1]/C","lane_result_q_reg[3][18]/D","P2 lane result capture","FDCE=2;LUT4=1;LUT5=1;LUT6=3"
476,1.295,5.000,3.702,1.085,2.617,0.707,5,"st_q_reg[1]/C","lane_result_q_reg[3][19]/D","P2 lane result capture","FDCE=2;LUT4=1;LUT5=1;LUT6=3"
477,1.295,5.000,3.702,1.085,2.617,0.707,5,"st_q_reg[1]/C","lane_result_q_reg[3][1]/D","P2 lane result capture","FDCE=2;LUT4=1;LUT5=1;LUT6=3"
478,1.295,5.000,3.702,1.085,2.617,0.707,5,"st_q_reg[1]/C","lane_result_q_reg[3][20]/D","P2 lane result capture","FDCE=2;LUT4=1;LUT5=1;LUT6=3"
479,1.295,5.000,3.702,1.085,2.617,0.707,5,"st_q_reg[1]/C","lane_result_q_reg[3][21]/D","P2 lane result capture","FDCE=2;LUT4=1;LUT5=1;LUT6=3"
480,1.295,5.000,3.702,1.085,2.617,0.707,5,"st_q_reg[1]/C","lane_result_q_reg[3][22]/D","P2 lane result capture","FDCE=2;LUT4=1;LUT5=1;LUT6=3"
481,1.295,5.000,3.702,1.085,2.617,0.707,5,"st_q_reg[1]/C","lane_result_q_reg[3][23]/D","P2 lane result capture","FDCE=2;LUT4=1;LUT5=1;LUT6=3"
482,1.295,5.000,3.702,1.085,2.617,0.707,5,"st_q_reg[1]/C","lane_result_q_reg[3][24]/D","P2 lane result capture","FDCE=2;LUT4=1;LUT5=1;LUT6=3"
483,1.295,5.000,3.702,1.085,2.617,0.707,5,"st_q_reg[1]/C","lane_result_q_reg[3][25]/D","P2 lane result capture","FDCE=2;LUT4=1;LUT5=1;LUT6=3"
484,1.295,5.000,3.702,1.085,2.617,0.707,5,"st_q_reg[1]/C","lane_result_q_reg[3][26]/D","P2 lane result capture","FDCE=2;LUT4=1;LUT5=1;LUT6=3"
485,1.295,5.000,3.702,1.085,2.617,0.707,5,"st_q_reg[1]/C","lane_result_q_reg[3][27]/D","P2 lane result capture","FDCE=2;LUT4=1;LUT5=1;LUT6=3"
486,1.295,5.000,3.702,1.085,2.617,0.707,5,"st_q_reg[1]/C","lane_result_q_reg[3][28]/D","P2 lane result capture","FDCE=2;LUT4=1;LUT5=1;LUT6=3"
487,1.295,5.000,3.702,1.085,2.617,0.707,5,"st_q_reg[1]/C","lane_result_q_reg[3][29]/D","P2 lane result capture","FDCE=2;LUT4=1;LUT5=1;LUT6=3"
488,1.295,5.000,3.702,1.085,2.617,0.707,5,"st_q_reg[1]/C","lane_result_q_reg[3][2]/D","P2 lane result capture","FDCE=2;LUT4=1;LUT5=1;LUT6=3"
489,1.295,5.000,3.702,1.085,2.617,0.707,5,"st_q_reg[1]/C","lane_result_q_reg[3][30]/D","P2 lane result capture","FDCE=2;LUT4=1;LUT5=1;LUT6=3"
490,1.295,5.000,3.702,1.085,2.617,0.707,5,"st_q_reg[1]/C","lane_result_q_reg[3][31]/D","P2 lane result capture","FDCE=2;LUT4=1;LUT5=1;LUT6=3"
491,1.295,5.000,3.702,1.085,2.617,0.707,5,"st_q_reg[1]/C","lane_result_q_reg[3][32]/D","P2 lane result capture","FDCE=2;LUT4=1;LUT5=1;LUT6=3"
492,1.295,5.000,3.702,1.085,2.617,0.707,5,"st_q_reg[1]/C","lane_result_q_reg[3][33]/D","P2 lane result capture","FDCE=2;LUT4=1;LUT5=1;LUT6=3"
493,1.295,5.000,3.702,1.085,2.617,0.707,5,"st_q_reg[1]/C","lane_result_q_reg[3][34]/D","P2 lane result capture","FDCE=2;LUT4=1;LUT5=1;LUT6=3"
494,1.295,5.000,3.702,1.085,2.617,0.707,5,"st_q_reg[1]/C","lane_result_q_reg[3][35]/D","P2 lane result capture","FDCE=2;LUT4=1;LUT5=1;LUT6=3"
495,1.295,5.000,3.702,1.085,2.617,0.707,5,"st_q_reg[1]/C","lane_result_q_reg[3][36]/D","P2 lane result capture","FDCE=2;LUT4=1;LUT5=1;LUT6=3"
496,1.295,5.000,3.702,1.085,2.617,0.707,5,"st_q_reg[1]/C","lane_result_q_reg[3][37]/D","P2 lane result capture","FDCE=2;LUT4=1;LUT5=1;LUT6=3"
497,1.295,5.000,3.702,1.085,2.617,0.707,5,"st_q_reg[1]/C","lane_result_q_reg[3][38]/D","P2 lane result capture","FDCE=2;LUT4=1;LUT5=1;LUT6=3"
498,1.295,5.000,3.702,1.085,2.617,0.707,5,"st_q_reg[1]/C","lane_result_q_reg[3][39]/D","P2 lane result capture","FDCE=2;LUT4=1;LUT5=1;LUT6=3"
499,1.295,5.000,3.702,1.085,2.617,0.707,5,"st_q_reg[1]/C","lane_result_q_reg[3][3]/D","P2 lane result capture","FDCE=2;LUT4=1;LUT5=1;LUT6=3"
500,1.295,5.000,3.702,1.085,2.617,0.707,5,"st_q_reg[1]/C","lane_result_q_reg[3][40]/D","P2 lane result capture","FDCE=2;LUT4=1;LUT5=1;LUT6=3"
501,1.295,5.000,3.702,1.085,2.617,0.707,5,"st_q_reg[1]/C","lane_result_q_reg[3][41]/D","P2 lane result capture","FDCE=2;LUT4=1;LUT5=1;LUT6=3"
502,1.295,5.000,3.702,1.085,2.617,0.707,5,"st_q_reg[1]/C","lane_result_q_reg[3][42]/D","P2 lane result capture","FDCE=2;LUT4=1;LUT5=1;LUT6=3"
503,1.295,5.000,3.702,1.085,2.617,0.707,5,"st_q_reg[1]/C","lane_result_q_reg[3][43]/D","P2 lane result capture","FDCE=2;LUT4=1;LUT5=1;LUT6=3"
504,1.295,5.000,3.702,1.085,2.617,0.707,5,"st_q_reg[1]/C","lane_result_q_reg[3][44]/D","P2 lane result capture","FDCE=2;LUT4=1;LUT5=1;LUT6=3"
505,1.295,5.000,3.702,1.085,2.617,0.707,5,"st_q_reg[1]/C","lane_result_q_reg[3][45]/D","P2 lane result capture","FDCE=2;LUT4=1;LUT5=1;LUT6=3"
506,1.295,5.000,3.702,1.085,2.617,0.707,5,"st_q_reg[1]/C","lane_result_q_reg[3][46]/D","P2 lane result capture","FDCE=2;LUT4=1;LUT5=1;LUT6=3"
507,1.295,5.000,3.702,1.085,2.617,0.707,5,"st_q_reg[1]/C","lane_result_q_reg[3][47]/D","P2 lane result capture","FDCE=2;LUT4=1;LUT5=1;LUT6=3"
508,1.295,5.000,3.702,1.085,2.617,0.707,5,"st_q_reg[1]/C","lane_result_q_reg[3][48]/D","P2 lane result capture","FDCE=2;LUT4=1;LUT5=1;LUT6=3"
509,1.295,5.000,3.702,1.085,2.617,0.707,5,"st_q_reg[1]/C","lane_result_q_reg[3][49]/D","P2 lane result capture","FDCE=2;LUT4=1;LUT5=1;LUT6=3"
510,1.295,5.000,3.702,1.085,2.617,0.707,5,"st_q_reg[1]/C","lane_result_q_reg[3][4]/D","P2 lane result capture","FDCE=2;LUT4=1;LUT5=1;LUT6=3"
511,1.295,5.000,3.702,1.085,2.617,0.707,5,"st_q_reg[1]/C","lane_result_q_reg[3][50]/D","P2 lane result capture","FDCE=2;LUT4=1;LUT5=1;LUT6=3"
512,1.295,5.000,3.702,1.085,2.617,0.707,5,"st_q_reg[1]/C","lane_result_q_reg[3][51]/D","P2 lane result capture","FDCE=2;LUT4=1;LUT5=1;LUT6=3"
513,1.295,5.000,3.702,1.085,2.617,0.707,5,"st_q_reg[1]/C","lane_result_q_reg[3][52]/D","P2 lane result capture","FDCE=2;LUT4=1;LUT5=1;LUT6=3"
514,1.295,5.000,3.702,1.085,2.617,0.707,5,"st_q_reg[1]/C","lane_result_q_reg[3][53]/D","P2 lane result capture","FDCE=2;LUT4=1;LUT5=1;LUT6=3"
515,1.295,5.000,3.702,1.085,2.617,0.707,5,"st_q_reg[1]/C","lane_result_q_reg[3][54]/D","P2 lane result capture","FDCE=2;LUT4=1;LUT5=1;LUT6=3"
516,1.295,5.000,3.702,1.085,2.617,0.707,5,"st_q_reg[1]/C","lane_result_q_reg[3][55]/D","P2 lane result capture","FDCE=2;LUT4=1;LUT5=1;LUT6=3"
517,1.295,5.000,3.702,1.085,2.617,0.707,5,"st_q_reg[1]/C","lane_result_q_reg[3][56]/D","P2 lane result capture","FDCE=2;LUT4=1;LUT5=1;LUT6=3"
518,1.295,5.000,3.702,1.085,2.617,0.707,5,"st_q_reg[1]/C","lane_result_q_reg[3][57]/D","P2 lane result capture","FDCE=2;LUT4=1;LUT5=1;LUT6=3"
519,1.295,5.000,3.702,1.085,2.617,0.707,5,"st_q_reg[1]/C","lane_result_q_reg[3][58]/D","P2 lane result capture","FDCE=2;LUT4=1;LUT5=1;LUT6=3"
520,1.295,5.000,3.702,1.085,2.617,0.707,5,"st_q_reg[1]/C","lane_result_q_reg[3][59]/D","P2 lane result capture","FDCE=2;LUT4=1;LUT5=1;LUT6=3"
521,1.295,5.000,3.702,1.085,2.617,0.707,5,"st_q_reg[1]/C","lane_result_q_reg[3][5]/D","P2 lane result capture","FDCE=2;LUT4=1;LUT5=1;LUT6=3"
522,1.295,5.000,3.702,1.085,2.617,0.707,5,"st_q_reg[1]/C","lane_result_q_reg[3][60]/D","P2 lane result capture","FDCE=2;LUT4=1;LUT5=1;LUT6=3"
523,1.295,5.000,3.702,1.085,2.617,0.707,5,"st_q_reg[1]/C","lane_result_q_reg[3][61]/D","P2 lane result capture","FDCE=2;LUT4=1;LUT5=1;LUT6=3"
524,1.295,5.000,3.702,1.085,2.617,0.707,5,"st_q_reg[1]/C","lane_result_q_reg[3][62]/D","P2 lane result capture","FDCE=2;LUT4=1;LUT5=1;LUT6=3"
525,1.295,5.000,3.702,1.085,2.617,0.707,5,"st_q_reg[1]/C","lane_result_q_reg[3][63]/D","P2 lane result capture","FDCE=2;LUT4=1;LUT5=1;LUT6=3"
526,1.295,5.000,3.702,1.085,2.617,0.707,5,"st_q_reg[1]/C","lane_result_q_reg[3][6]/D","P2 lane result capture","FDCE=2;LUT4=1;LUT5=1;LUT6=3"
527,1.295,5.000,3.702,1.085,2.617,0.707,5,"st_q_reg[1]/C","lane_result_q_reg[3][7]/D","P2 lane result capture","FDCE=2;LUT4=1;LUT5=1;LUT6=3"
528,1.295,5.000,3.702,1.085,2.617,0.707,5,"st_q_reg[1]/C","lane_result_q_reg[3][8]/D","P2 lane result capture","FDCE=2;LUT4=1;LUT5=1;LUT6=3"
529,1.295,5.000,3.702,1.085,2.617,0.707,5,"st_q_reg[1]/C","lane_result_q_reg[3][9]/D","P2 lane result capture","FDCE=2;LUT4=1;LUT5=1;LUT6=3"
530,1.306,5.000,3.691,1.085,2.606,0.706,5,"st_q_reg[1]/C","lane_result_q_reg[0][10]/D","P2 lane result capture","FDCE=2;LUT4=1;LUT5=1;LUT6=3"
531,1.306,5.000,3.691,1.085,2.606,0.706,5,"st_q_reg[1]/C","lane_result_q_reg[0][11]/D","P2 lane result capture","FDCE=2;LUT4=1;LUT5=1;LUT6=3"
532,1.306,5.000,3.691,1.085,2.606,0.706,5,"st_q_reg[1]/C","lane_result_q_reg[0][12]/D","P2 lane result capture","FDCE=2;LUT4=1;LUT5=1;LUT6=3"
533,1.306,5.000,3.691,1.085,2.606,0.706,5,"st_q_reg[1]/C","lane_result_q_reg[0][13]/D","P2 lane result capture","FDCE=2;LUT4=1;LUT5=1;LUT6=3"
534,1.306,5.000,3.691,1.085,2.606,0.706,5,"st_q_reg[1]/C","lane_result_q_reg[0][14]/D","P2 lane result capture","FDCE=2;LUT4=1;LUT5=1;LUT6=3"
535,1.306,5.000,3.691,1.085,2.606,0.706,5,"st_q_reg[1]/C","lane_result_q_reg[0][15]/D","P2 lane result capture","FDCE=2;LUT4=1;LUT5=1;LUT6=3"
536,1.306,5.000,3.691,1.085,2.606,0.706,5,"st_q_reg[1]/C","lane_result_q_reg[0][16]/D","P2 lane result capture","FDCE=2;LUT4=1;LUT5=1;LUT6=3"
537,1.306,5.000,3.691,1.085,2.606,0.706,5,"st_q_reg[1]/C","lane_result_q_reg[0][17]/D","P2 lane result capture","FDCE=2;LUT4=1;LUT5=1;LUT6=3"
538,1.306,5.000,3.691,1.085,2.606,0.706,5,"st_q_reg[1]/C","lane_result_q_reg[0][18]/D","P2 lane result capture","FDCE=2;LUT4=1;LUT5=1;LUT6=3"
539,1.306,5.000,3.691,1.085,2.606,0.706,5,"st_q_reg[1]/C","lane_result_q_reg[0][19]/D","P2 lane result capture","FDCE=2;LUT4=1;LUT5=1;LUT6=3"
540,1.306,5.000,3.691,1.085,2.606,0.706,5,"st_q_reg[1]/C","lane_result_q_reg[0][20]/D","P2 lane result capture","FDCE=2;LUT4=1;LUT5=1;LUT6=3"
541,1.306,5.000,3.691,1.085,2.606,0.706,5,"st_q_reg[1]/C","lane_result_q_reg[0][21]/D","P2 lane result capture","FDCE=2;LUT4=1;LUT5=1;LUT6=3"
542,1.306,5.000,3.691,1.085,2.606,0.706,5,"st_q_reg[1]/C","lane_result_q_reg[0][22]/D","P2 lane result capture","FDCE=2;LUT4=1;LUT5=1;LUT6=3"
543,1.306,5.000,3.691,1.085,2.606,0.706,5,"st_q_reg[1]/C","lane_result_q_reg[0][23]/D","P2 lane result capture","FDCE=2;LUT4=1;LUT5=1;LUT6=3"
544,1.306,5.000,3.691,1.085,2.606,0.706,5,"st_q_reg[1]/C","lane_result_q_reg[0][24]/D","P2 lane result capture","FDCE=2;LUT4=1;LUT5=1;LUT6=3"
545,1.306,5.000,3.691,1.085,2.606,0.706,5,"st_q_reg[1]/C","lane_result_q_reg[0][25]/D","P2 lane result capture","FDCE=2;LUT4=1;LUT5=1;LUT6=3"
546,1.306,5.000,3.691,1.085,2.606,0.706,5,"st_q_reg[1]/C","lane_result_q_reg[0][26]/D","P2 lane result capture","FDCE=2;LUT4=1;LUT5=1;LUT6=3"
547,1.306,5.000,3.691,1.085,2.606,0.706,5,"st_q_reg[1]/C","lane_result_q_reg[0][27]/D","P2 lane result capture","FDCE=2;LUT4=1;LUT5=1;LUT6=3"
548,1.306,5.000,3.691,1.085,2.606,0.706,5,"st_q_reg[1]/C","lane_result_q_reg[0][28]/D","P2 lane result capture","FDCE=2;LUT4=1;LUT5=1;LUT6=3"
549,1.306,5.000,3.691,1.085,2.606,0.706,5,"st_q_reg[1]/C","lane_result_q_reg[0][29]/D","P2 lane result capture","FDCE=2;LUT4=1;LUT5=1;LUT6=3"
550,1.306,5.000,3.691,1.085,2.606,0.706,5,"st_q_reg[1]/C","lane_result_q_reg[0][30]/D","P2 lane result capture","FDCE=2;LUT4=1;LUT5=1;LUT6=3"
551,1.306,5.000,3.691,1.085,2.606,0.706,5,"st_q_reg[1]/C","lane_result_q_reg[0][31]/D","P2 lane result capture","FDCE=2;LUT4=1;LUT5=1;LUT6=3"
552,1.306,5.000,3.691,1.085,2.606,0.706,5,"st_q_reg[1]/C","lane_result_q_reg[0][8]/D","P2 lane result capture","FDCE=2;LUT4=1;LUT5=1;LUT6=3"
553,1.306,5.000,3.691,1.085,2.606,0.706,5,"st_q_reg[1]/C","lane_result_q_reg[0][9]/D","P2 lane result capture","FDCE=2;LUT4=1;LUT5=1;LUT6=3"
554,1.312,5.000,3.685,1.085,2.600,0.706,5,"st_q_reg[1]/C","lane_result_q_reg[0][0]/D","P2 lane result capture","FDCE=2;LUT4=1;LUT5=1;LUT6=3"
555,1.312,5.000,3.685,1.085,2.600,0.706,5,"st_q_reg[1]/C","lane_result_q_reg[0][1]/D","P2 lane result capture","FDCE=2;LUT4=1;LUT5=1;LUT6=3"
556,1.312,5.000,3.685,1.085,2.600,0.706,5,"st_q_reg[1]/C","lane_result_q_reg[0][2]/D","P2 lane result capture","FDCE=2;LUT4=1;LUT5=1;LUT6=3"
557,1.312,5.000,3.685,1.085,2.600,0.706,5,"st_q_reg[1]/C","lane_result_q_reg[0][3]/D","P2 lane result capture","FDCE=2;LUT4=1;LUT5=1;LUT6=3"
558,1.312,5.000,3.685,1.085,2.600,0.706,5,"st_q_reg[1]/C","lane_result_q_reg[0][4]/D","P2 lane result capture","FDCE=2;LUT4=1;LUT5=1;LUT6=3"
559,1.312,5.000,3.685,1.085,2.600,0.706,5,"st_q_reg[1]/C","lane_result_q_reg[0][5]/D","P2 lane result capture","FDCE=2;LUT4=1;LUT5=1;LUT6=3"
560,1.312,5.000,3.685,1.085,2.600,0.706,5,"st_q_reg[1]/C","lane_result_q_reg[0][6]/D","P2 lane result capture","FDCE=2;LUT4=1;LUT5=1;LUT6=3"
561,1.312,5.000,3.685,1.085,2.600,0.706,5,"st_q_reg[1]/C","lane_result_q_reg[0][7]/D","P2 lane result capture","FDCE=2;LUT4=1;LUT5=1;LUT6=3"
562,1.326,5.000,3.463,1.000,2.463,0.711,4,"uop_p3_q_reg[op_type][0]/C","uop_p0_q_reg[chunk_idx][0]/CE","TOP control","FDCE=2;LUT3=1;LUT6=3"
563,1.326,5.000,3.463,1.000,2.463,0.711,4,"uop_p3_q_reg[op_type][0]/C","uop_p0_q_reg[chunk_idx][1]/CE","TOP control","FDCE=2;LUT3=1;LUT6=3"
564,1.326,5.000,3.463,1.000,2.463,0.711,4,"uop_p3_q_reg[op_type][0]/C","uop_p0_q_reg[class_idx][0]/CE","TOP control","FDCE=2;LUT3=1;LUT6=3"
565,1.326,5.000,3.463,1.000,2.463,0.711,4,"uop_p3_q_reg[op_type][0]/C","uop_p0_q_reg[class_idx][1]/CE","TOP control","FDCE=2;LUT3=1;LUT6=3"
566,1.326,5.000,3.463,1.000,2.463,0.711,4,"uop_p3_q_reg[op_type][0]/C","uop_p0_q_reg[class_idx][2]/CE","TOP control","FDCE=2;LUT3=1;LUT6=3"
567,1.326,5.000,3.463,1.000,2.463,0.711,4,"uop_p3_q_reg[op_type][0]/C","uop_p0_q_reg[dst_addr][0]/CE","TOP control","FDCE=2;LUT3=1;LUT6=3"
568,1.326,5.000,3.463,1.000,2.463,0.711,4,"uop_p3_q_reg[op_type][0]/C","uop_p0_q_reg[dst_addr][1]/CE","TOP control","FDCE=2;LUT3=1;LUT6=3"
569,1.326,5.000,3.463,1.000,2.463,0.711,4,"uop_p3_q_reg[op_type][0]/C","uop_p0_q_reg[dst_addr][2]/CE","TOP control","FDCE=2;LUT3=1;LUT6=3"
570,1.326,5.000,3.463,1.000,2.463,0.711,4,"uop_p3_q_reg[op_type][0]/C","uop_p0_q_reg[dst_addr][3]/CE","TOP control","FDCE=2;LUT3=1;LUT6=3"
571,1.326,5.000,3.463,1.000,2.463,0.711,4,"uop_p3_q_reg[op_type][0]/C","uop_p0_q_reg[dst_addr][4]/CE","TOP control","FDCE=2;LUT3=1;LUT6=3"
572,1.326,5.000,3.463,1.000,2.463,0.711,4,"uop_p3_q_reg[op_type][0]/C","uop_p0_q_reg[dst_addr][5]/CE","TOP control","FDCE=2;LUT3=1;LUT6=3"
573,1.326,5.000,3.463,1.000,2.463,0.711,4,"uop_p3_q_reg[op_type][0]/C","uop_p0_q_reg[is_last_class]/CE","TOP control","FDCE=2;LUT3=1;LUT6=3"
574,1.326,5.000,3.463,1.000,2.463,0.711,4,"uop_p3_q_reg[op_type][0]/C","uop_p0_q_reg[op_type][0]/CE","TOP control","FDCE=2;LUT3=1;LUT6=3"
575,1.326,5.000,3.463,1.000,2.463,0.711,4,"uop_p3_q_reg[op_type][0]/C","uop_p0_q_reg[op_type][1]/CE","TOP control","FDCE=2;LUT3=1;LUT6=3"
576,1.326,5.000,3.463,1.000,2.463,0.711,4,"uop_p3_q_reg[op_type][0]/C","uop_p0_q_reg[op_type][2]/CE","TOP control","FDCE=2;LUT3=1;LUT6=3"
577,1.326,5.000,3.463,1.000,2.463,0.711,4,"uop_p3_q_reg[op_type][0]/C","uop_p0_q_reg[perm_nibble][0]/CE","TOP control","FDCE=2;LUT3=1;LUT6=3"
578,1.326,5.000,3.463,1.000,2.463,0.711,4,"uop_p3_q_reg[op_type][0]/C","uop_p0_q_reg[perm_nibble][1]/CE","TOP control","FDCE=2;LUT3=1;LUT6=3"
579,1.326,5.000,3.463,1.000,2.463,0.711,4,"uop_p3_q_reg[op_type][0]/C","uop_p0_q_reg[perm_nibble][2]/CE","TOP control","FDCE=2;LUT3=1;LUT6=3"
580,1.326,5.000,3.463,1.000,2.463,0.711,4,"uop_p3_q_reg[op_type][0]/C","uop_p0_q_reg[perm_nibble][3]/CE","TOP control","FDCE=2;LUT3=1;LUT6=3"
581,1.326,5.000,3.463,1.000,2.463,0.711,4,"uop_p3_q_reg[op_type][0]/C","uop_p0_q_reg[src0_addr][0]/CE","TOP control","FDCE=2;LUT3=1;LUT6=3"
582,1.326,5.000,3.463,1.000,2.463,0.711,4,"uop_p3_q_reg[op_type][0]/C","uop_p0_q_reg[src0_addr][1]/CE","TOP control","FDCE=2;LUT3=1;LUT6=3"
583,1.326,5.000,3.463,1.000,2.463,0.711,4,"uop_p3_q_reg[op_type][0]/C","uop_p0_q_reg[src0_addr][2]/CE","TOP control","FDCE=2;LUT3=1;LUT6=3"
584,1.326,5.000,3.463,1.000,2.463,0.711,4,"uop_p3_q_reg[op_type][0]/C","uop_p0_q_reg[src0_addr][3]/CE","TOP control","FDCE=2;LUT3=1;LUT6=3"
585,1.326,5.000,3.463,1.000,2.463,0.711,4,"uop_p3_q_reg[op_type][0]/C","uop_p0_q_reg[src0_addr][4]/CE","TOP control","FDCE=2;LUT3=1;LUT6=3"
586,1.326,5.000,3.463,1.000,2.463,0.711,4,"uop_p3_q_reg[op_type][0]/C","uop_p0_q_reg[src0_addr][5]/CE","TOP control","FDCE=2;LUT3=1;LUT6=3"
587,1.326,5.000,3.463,1.000,2.463,0.711,4,"uop_p3_q_reg[op_type][0]/C","uop_p0_q_reg[src1_addr][0]/CE","TOP control","FDCE=2;LUT3=1;LUT6=3"
588,1.326,5.000,3.463,1.000,2.463,0.711,4,"uop_p3_q_reg[op_type][0]/C","uop_p0_q_reg[src1_addr][1]/CE","TOP control","FDCE=2;LUT3=1;LUT6=3"
589,1.326,5.000,3.463,1.000,2.463,0.711,4,"uop_p3_q_reg[op_type][0]/C","uop_p0_q_reg[src1_addr][2]/CE","TOP control","FDCE=2;LUT3=1;LUT6=3"
590,1.326,5.000,3.463,1.000,2.463,0.711,4,"uop_p3_q_reg[op_type][0]/C","uop_p0_q_reg[src1_addr][3]/CE","TOP control","FDCE=2;LUT3=1;LUT6=3"
591,1.326,5.000,3.463,1.000,2.463,0.711,4,"uop_p3_q_reg[op_type][0]/C","uop_p0_q_reg[src1_addr][4]/CE","TOP control","FDCE=2;LUT3=1;LUT6=3"
592,1.326,5.000,3.463,1.000,2.463,0.711,4,"uop_p3_q_reg[op_type][0]/C","uop_p0_q_reg[src1_addr][5]/CE","TOP control","FDCE=2;LUT3=1;LUT6=3"
593,1.326,5.000,3.463,1.000,2.463,0.711,4,"uop_p3_q_reg[op_type][0]/C","uop_p0_q_reg[subgroup_idx][0]/CE","TOP control","FDCE=2;LUT3=1;LUT6=3"
594,1.326,5.000,3.463,1.000,2.463,0.711,4,"uop_p3_q_reg[op_type][0]/C","uop_p0_q_reg[subgroup_idx][1]/CE","TOP control","FDCE=2;LUT3=1;LUT6=3"
595,1.326,5.000,3.463,1.000,2.463,0.711,4,"uop_p3_q_reg[op_type][0]/C","uop_p0_q_reg[use_clip]/CE","TOP control","FDCE=2;LUT3=1;LUT6=3"
596,1.326,5.000,3.463,1.000,2.463,0.711,4,"uop_p3_q_reg[op_type][0]/C","uop_p0_q_reg[use_counter]/CE","TOP control","FDCE=2;LUT3=1;LUT6=3"
597,1.326,5.000,3.463,1.000,2.463,0.711,4,"uop_p3_q_reg[op_type][0]/C","uop_p0_q_reg[use_shift]/CE","TOP control","FDCE=2;LUT3=1;LUT6=3"
598,1.414,5.000,3.375,0.980,2.395,0.710,4,"a_q_reg[14]/C","ecc_leaf_a_q_reg[0]/CE","other","FDCE=2;LUT5=2;LUT6=2"
599,1.414,5.000,3.375,0.980,2.395,0.710,4,"a_q_reg[14]/C","ecc_leaf_a_q_reg[10]/CE","other","FDCE=2;LUT5=2;LUT6=2"
600,1.414,5.000,3.375,0.980,2.395,0.710,4,"a_q_reg[14]/C","ecc_leaf_a_q_reg[11]/CE","other","FDCE=2;LUT5=2;LUT6=2"
601,1.414,5.000,3.375,0.980,2.395,0.710,4,"a_q_reg[14]/C","ecc_leaf_a_q_reg[12]/CE","other","FDCE=2;LUT5=2;LUT6=2"
602,1.414,5.000,3.375,0.980,2.395,0.710,4,"a_q_reg[14]/C","ecc_leaf_a_q_reg[13]/CE","other","FDCE=2;LUT5=2;LUT6=2"
603,1.414,5.000,3.375,0.980,2.395,0.710,4,"a_q_reg[14]/C","ecc_leaf_a_q_reg[14]/CE","other","FDCE=2;LUT5=2;LUT6=2"
604,1.414,5.000,3.375,0.980,2.395,0.710,4,"a_q_reg[14]/C","ecc_leaf_a_q_reg[15]/CE","other","FDCE=2;LUT5=2;LUT6=2"
605,1.414,5.000,3.375,0.980,2.395,0.710,4,"a_q_reg[14]/C","ecc_leaf_a_q_reg[16]/CE","other","FDCE=2;LUT5=2;LUT6=2"
606,1.414,5.000,3.375,0.980,2.395,0.710,4,"a_q_reg[14]/C","ecc_leaf_a_q_reg[17]/CE","other","FDCE=2;LUT5=2;LUT6=2"
607,1.414,5.000,3.375,0.980,2.395,0.710,4,"a_q_reg[14]/C","ecc_leaf_a_q_reg[18]/CE","other","FDCE=2;LUT5=2;LUT6=2"
608,1.414,5.000,3.375,0.980,2.395,0.710,4,"a_q_reg[14]/C","ecc_leaf_a_q_reg[19]/CE","other","FDCE=2;LUT5=2;LUT6=2"
609,1.414,5.000,3.375,0.980,2.395,0.710,4,"a_q_reg[14]/C","ecc_leaf_a_q_reg[1]/CE","other","FDCE=2;LUT5=2;LUT6=2"
610,1.414,5.000,3.375,0.980,2.395,0.710,4,"a_q_reg[14]/C","ecc_leaf_a_q_reg[20]/CE","other","FDCE=2;LUT5=2;LUT6=2"
611,1.414,5.000,3.375,0.980,2.395,0.710,4,"a_q_reg[14]/C","ecc_leaf_a_q_reg[21]/CE","other","FDCE=2;LUT5=2;LUT6=2"
612,1.414,5.000,3.375,0.980,2.395,0.710,4,"a_q_reg[14]/C","ecc_leaf_a_q_reg[22]/CE","other","FDCE=2;LUT5=2;LUT6=2"
613,1.414,5.000,3.375,0.980,2.395,0.710,4,"a_q_reg[14]/C","ecc_leaf_a_q_reg[23]/CE","other","FDCE=2;LUT5=2;LUT6=2"
614,1.414,5.000,3.375,0.980,2.395,0.710,4,"a_q_reg[14]/C","ecc_leaf_a_q_reg[24]/CE","other","FDCE=2;LUT5=2;LUT6=2"
615,1.414,5.000,3.375,0.980,2.395,0.710,4,"a_q_reg[14]/C","ecc_leaf_a_q_reg[25]/CE","other","FDCE=2;LUT5=2;LUT6=2"
616,1.414,5.000,3.375,0.980,2.395,0.710,4,"a_q_reg[14]/C","ecc_leaf_a_q_reg[26]/CE","other","FDCE=2;LUT5=2;LUT6=2"
617,1.414,5.000,3.375,0.980,2.395,0.710,4,"a_q_reg[14]/C","ecc_leaf_a_q_reg[27]/CE","other","FDCE=2;LUT5=2;LUT6=2"
618,1.414,5.000,3.375,0.980,2.395,0.710,4,"a_q_reg[14]/C","ecc_leaf_a_q_reg[28]/CE","other","FDCE=2;LUT5=2;LUT6=2"
619,1.414,5.000,3.375,0.980,2.395,0.710,4,"a_q_reg[14]/C","ecc_leaf_a_q_reg[29]/CE","other","FDCE=2;LUT5=2;LUT6=2"
620,1.414,5.000,3.375,0.980,2.395,0.710,4,"a_q_reg[14]/C","ecc_leaf_a_q_reg[2]/CE","other","FDCE=2;LUT5=2;LUT6=2"
621,1.414,5.000,3.375,0.980,2.395,0.710,4,"a_q_reg[14]/C","ecc_leaf_a_q_reg[30]/CE","other","FDCE=2;LUT5=2;LUT6=2"
622,1.414,5.000,3.375,0.980,2.395,0.710,4,"a_q_reg[14]/C","ecc_leaf_a_q_reg[31]/CE","other","FDCE=2;LUT5=2;LUT6=2"
623,1.414,5.000,3.375,0.980,2.395,0.710,4,"a_q_reg[14]/C","ecc_leaf_a_q_reg[3]/CE","other","FDCE=2;LUT5=2;LUT6=2"
624,1.414,5.000,3.375,0.980,2.395,0.710,4,"a_q_reg[14]/C","ecc_leaf_a_q_reg[4]/CE","other","FDCE=2;LUT5=2;LUT6=2"
625,1.414,5.000,3.375,0.980,2.395,0.710,4,"a_q_reg[14]/C","ecc_leaf_a_q_reg[5]/CE","other","FDCE=2;LUT5=2;LUT6=2"
626,1.414,5.000,3.375,0.980,2.395,0.710,4,"a_q_reg[14]/C","ecc_leaf_a_q_reg[6]/CE","other","FDCE=2;LUT5=2;LUT6=2"
627,1.414,5.000,3.375,0.980,2.395,0.710,4,"a_q_reg[14]/C","ecc_leaf_a_q_reg[7]/CE","other","FDCE=2;LUT5=2;LUT6=2"
628,1.414,5.000,3.375,0.980,2.395,0.710,4,"a_q_reg[14]/C","ecc_leaf_a_q_reg[8]/CE","other","FDCE=2;LUT5=2;LUT6=2"
629,1.414,5.000,3.375,0.980,2.395,0.710,4,"a_q_reg[14]/C","ecc_leaf_a_q_reg[9]/CE","other","FDCE=2;LUT5=2;LUT6=2"
630,1.414,5.000,3.375,0.980,2.395,0.710,4,"a_q_reg[14]/C","ecc_leaf_b_q_reg[0]/CE","other","FDCE=2;LUT5=1;LUT6=3"
631,1.414,5.000,3.375,0.980,2.395,0.710,4,"a_q_reg[14]/C","ecc_leaf_b_q_reg[10]/CE","other","FDCE=2;LUT5=1;LUT6=3"
632,1.414,5.000,3.375,0.980,2.395,0.710,4,"a_q_reg[14]/C","ecc_leaf_b_q_reg[11]/CE","other","FDCE=2;LUT5=1;LUT6=3"
633,1.414,5.000,3.375,0.980,2.395,0.710,4,"a_q_reg[14]/C","ecc_leaf_b_q_reg[12]/CE","other","FDCE=2;LUT5=1;LUT6=3"
634,1.414,5.000,3.375,0.980,2.395,0.710,4,"a_q_reg[14]/C","ecc_leaf_b_q_reg[13]/CE","other","FDCE=2;LUT5=1;LUT6=3"
635,1.414,5.000,3.375,0.980,2.395,0.710,4,"a_q_reg[14]/C","ecc_leaf_b_q_reg[14]/CE","other","FDCE=2;LUT5=1;LUT6=3"
636,1.414,5.000,3.375,0.980,2.395,0.710,4,"a_q_reg[14]/C","ecc_leaf_b_q_reg[15]/CE","other","FDCE=2;LUT5=1;LUT6=3"
637,1.414,5.000,3.375,0.980,2.395,0.710,4,"a_q_reg[14]/C","ecc_leaf_b_q_reg[16]/CE","other","FDCE=2;LUT5=1;LUT6=3"
638,1.414,5.000,3.375,0.980,2.395,0.710,4,"a_q_reg[14]/C","ecc_leaf_b_q_reg[17]/CE","other","FDCE=2;LUT5=1;LUT6=3"
639,1.414,5.000,3.375,0.980,2.395,0.710,4,"a_q_reg[14]/C","ecc_leaf_b_q_reg[18]/CE","other","FDCE=2;LUT5=1;LUT6=3"
640,1.414,5.000,3.375,0.980,2.395,0.710,4,"a_q_reg[14]/C","ecc_leaf_b_q_reg[19]/CE","other","FDCE=2;LUT5=1;LUT6=3"
641,1.414,5.000,3.375,0.980,2.395,0.710,4,"a_q_reg[14]/C","ecc_leaf_b_q_reg[1]/CE","other","FDCE=2;LUT5=1;LUT6=3"
642,1.414,5.000,3.375,0.980,2.395,0.710,4,"a_q_reg[14]/C","ecc_leaf_b_q_reg[20]/CE","other","FDCE=2;LUT5=1;LUT6=3"
643,1.414,5.000,3.375,0.980,2.395,0.710,4,"a_q_reg[14]/C","ecc_leaf_b_q_reg[21]/CE","other","FDCE=2;LUT5=1;LUT6=3"
644,1.414,5.000,3.375,0.980,2.395,0.710,4,"a_q_reg[14]/C","ecc_leaf_b_q_reg[22]/CE","other","FDCE=2;LUT5=1;LUT6=3"
645,1.414,5.000,3.375,0.980,2.395,0.710,4,"a_q_reg[14]/C","ecc_leaf_b_q_reg[23]/CE","other","FDCE=2;LUT5=1;LUT6=3"
646,1.414,5.000,3.375,0.980,2.395,0.710,4,"a_q_reg[14]/C","ecc_leaf_b_q_reg[24]/CE","other","FDCE=2;LUT5=1;LUT6=3"
647,1.414,5.000,3.375,0.980,2.395,0.710,4,"a_q_reg[14]/C","ecc_leaf_b_q_reg[25]/CE","other","FDCE=2;LUT5=1;LUT6=3"
648,1.414,5.000,3.375,0.980,2.395,0.710,4,"a_q_reg[14]/C","ecc_leaf_b_q_reg[26]/CE","other","FDCE=2;LUT5=1;LUT6=3"
649,1.414,5.000,3.375,0.980,2.395,0.710,4,"a_q_reg[14]/C","ecc_leaf_b_q_reg[27]/CE","other","FDCE=2;LUT5=1;LUT6=3"
650,1.414,5.000,3.375,0.980,2.395,0.710,4,"a_q_reg[14]/C","ecc_leaf_b_q_reg[28]/CE","other","FDCE=2;LUT5=1;LUT6=3"
651,1.414,5.000,3.375,0.980,2.395,0.710,4,"a_q_reg[14]/C","ecc_leaf_b_q_reg[29]/CE","other","FDCE=2;LUT5=1;LUT6=3"
652,1.414,5.000,3.375,0.980,2.395,0.710,4,"a_q_reg[14]/C","ecc_leaf_b_q_reg[2]/CE","other","FDCE=2;LUT5=1;LUT6=3"
653,1.414,5.000,3.375,0.980,2.395,0.710,4,"a_q_reg[14]/C","ecc_leaf_b_q_reg[30]/CE","other","FDCE=2;LUT5=1;LUT6=3"
654,1.414,5.000,3.375,0.980,2.395,0.710,4,"a_q_reg[14]/C","ecc_leaf_b_q_reg[31]/CE","other","FDCE=2;LUT5=1;LUT6=3"
655,1.414,5.000,3.375,0.980,2.395,0.710,4,"a_q_reg[14]/C","ecc_leaf_b_q_reg[3]/CE","other","FDCE=2;LUT5=1;LUT6=3"
656,1.414,5.000,3.375,0.980,2.395,0.710,4,"a_q_reg[14]/C","ecc_leaf_b_q_reg[4]/CE","other","FDCE=2;LUT5=1;LUT6=3"
657,1.414,5.000,3.375,0.980,2.395,0.710,4,"a_q_reg[14]/C","ecc_leaf_b_q_reg[5]/CE","other","FDCE=2;LUT5=1;LUT6=3"
658,1.414,5.000,3.375,0.980,2.395,0.710,4,"a_q_reg[14]/C","ecc_leaf_b_q_reg[6]/CE","other","FDCE=2;LUT5=1;LUT6=3"
659,1.414,5.000,3.375,0.980,2.395,0.710,4,"a_q_reg[14]/C","ecc_leaf_b_q_reg[7]/CE","other","FDCE=2;LUT5=1;LUT6=3"
660,1.414,5.000,3.375,0.980,2.395,0.710,4,"a_q_reg[14]/C","ecc_leaf_b_q_reg[8]/CE","other","FDCE=2;LUT5=1;LUT6=3"
661,1.414,5.000,3.375,0.980,2.395,0.710,4,"a_q_reg[14]/C","ecc_leaf_b_q_reg[9]/CE","other","FDCE=2;LUT5=1;LUT6=3"
662,1.440,5.000,3.557,1.105,2.452,0.689,5,"ecc_leaf_id_q_reg[0]/C","ecc_leaf_b_q_reg[0]/D","other","FDCE=2;LUT4=3;LUT5=2"
663,1.440,5.000,3.557,1.105,2.452,0.689,5,"ecc_leaf_id_q_reg[0]/C","ecc_leaf_b_q_reg[10]/D","other","FDCE=2;LUT4=2;LUT5=3"
664,1.440,5.000,3.557,1.105,2.452,0.689,5,"ecc_leaf_id_q_reg[0]/C","ecc_leaf_b_q_reg[11]/D","other","FDCE=2;LUT4=3;LUT5=2"
665,1.440,5.000,3.557,1.105,2.452,0.689,5,"ecc_leaf_id_q_reg[0]/C","ecc_leaf_b_q_reg[14]/D","other","FDCE=2;LUT4=3;LUT5=2"
666,1.440,5.000,3.557,1.105,2.452,0.689,5,"ecc_leaf_id_q_reg[0]/C","ecc_leaf_b_q_reg[16]/D","other","FDCE=2;LUT4=3;LUT5=2"
667,1.440,5.000,3.557,1.105,2.452,0.689,5,"ecc_leaf_id_q_reg[0]/C","ecc_leaf_b_q_reg[18]/D","other","FDCE=2;LUT4=3;LUT5=2"
668,1.440,5.000,3.557,1.105,2.452,0.689,5,"ecc_leaf_id_q_reg[0]/C","ecc_leaf_b_q_reg[19]/D","other","FDCE=2;LUT4=3;LUT5=2"
669,1.440,5.000,3.557,1.105,2.452,0.689,5,"ecc_leaf_id_q_reg[0]/C","ecc_leaf_b_q_reg[22]/D","other","FDCE=2;LUT4=3;LUT5=2"
670,1.440,5.000,3.557,1.105,2.452,0.689,5,"ecc_leaf_id_q_reg[0]/C","ecc_leaf_b_q_reg[24]/D","other","FDCE=2;LUT4=3;LUT5=2"
671,1.440,5.000,3.557,1.105,2.452,0.689,5,"ecc_leaf_id_q_reg[0]/C","ecc_leaf_b_q_reg[25]/D","other","FDCE=2;LUT4=3;LUT5=2"
672,1.440,5.000,3.557,1.105,2.452,0.689,5,"ecc_leaf_id_q_reg[0]/C","ecc_leaf_b_q_reg[26]/D","other","FDCE=2;LUT4=3;LUT5=2"
673,1.440,5.000,3.557,1.105,2.452,0.689,5,"ecc_leaf_id_q_reg[0]/C","ecc_leaf_b_q_reg[27]/D","other","FDCE=2;LUT4=3;LUT5=2"
674,1.440,5.000,3.557,1.105,2.452,0.689,5,"ecc_leaf_id_q_reg[0]/C","ecc_leaf_b_q_reg[2]/D","other","FDCE=2;LUT4=3;LUT5=2"
675,1.440,5.000,3.557,1.105,2.452,0.689,5,"ecc_leaf_id_q_reg[0]/C","ecc_leaf_b_q_reg[30]/D","other","FDCE=2;LUT4=3;LUT5=2"
676,1.440,5.000,3.557,1.105,2.452,0.689,5,"ecc_leaf_id_q_reg[0]/C","ecc_leaf_b_q_reg[3]/D","other","FDCE=2;LUT4=3;LUT5=2"
677,1.440,5.000,3.557,1.105,2.452,0.689,5,"ecc_leaf_id_q_reg[0]/C","ecc_leaf_b_q_reg[6]/D","other","FDCE=2;LUT4=3;LUT5=2"
678,1.440,5.000,3.557,1.105,2.452,0.689,5,"ecc_leaf_id_q_reg[0]/C","ecc_leaf_b_q_reg[7]/D","other","FDCE=2;LUT4=2;LUT5=3"
679,1.440,5.000,3.557,1.105,2.452,0.689,5,"ecc_leaf_id_q_reg[0]/C","ecc_leaf_b_q_reg[9]/D","other","FDCE=2;LUT4=3;LUT5=2"
680,1.441,5.000,3.556,1.085,2.471,0.695,5,"ecc_leaf_id_q_reg[0]/C","ecc_leaf_a_q_reg[10]/D","other","FDCE=2;LUT4=3;LUT5=2"
681,1.441,5.000,3.556,1.085,2.471,0.695,5,"ecc_leaf_id_q_reg[0]/C","ecc_leaf_a_q_reg[11]/D","other","FDCE=2;LUT4=3;LUT5=2"
682,1.441,5.000,3.556,1.085,2.471,0.695,5,"ecc_leaf_id_q_reg[0]/C","ecc_leaf_a_q_reg[12]/D","other","FDCE=2;LUT4=3;LUT5=2"
683,1.441,5.000,3.556,1.085,2.471,0.695,5,"ecc_leaf_id_q_reg[0]/C","ecc_leaf_a_q_reg[14]/D","other","FDCE=2;LUT4=3;LUT5=1;LUT6=1"
684,1.441,5.000,3.556,1.085,2.471,0.695,5,"ecc_leaf_id_q_reg[0]/C","ecc_leaf_a_q_reg[15]/D","other","FDCE=2;LUT4=3;LUT5=2"
685,1.441,5.000,3.556,1.085,2.471,0.695,5,"ecc_leaf_id_q_reg[0]/C","ecc_leaf_a_q_reg[17]/D","other","FDCE=2;LUT4=3;LUT5=2"
686,1.441,5.000,3.556,1.085,2.471,0.695,5,"ecc_leaf_id_q_reg[0]/C","ecc_leaf_a_q_reg[18]/D","other","FDCE=2;LUT4=3;LUT5=2"
687,1.441,5.000,3.556,1.085,2.471,0.695,5,"ecc_leaf_id_q_reg[0]/C","ecc_leaf_a_q_reg[19]/D","other","FDCE=2;LUT4=3;LUT5=2"
688,1.441,5.000,3.556,1.085,2.471,0.695,5,"ecc_leaf_id_q_reg[0]/C","ecc_leaf_a_q_reg[1]/D","other","FDCE=2;LUT4=3;LUT5=2"
689,1.441,5.000,3.556,1.085,2.471,0.695,5,"ecc_leaf_id_q_reg[0]/C","ecc_leaf_a_q_reg[20]/D","other","FDCE=2;LUT4=2;LUT5=3"
690,1.441,5.000,3.556,1.085,2.471,0.695,5,"ecc_leaf_id_q_reg[0]/C","ecc_leaf_a_q_reg[21]/D","other","FDCE=2;LUT4=2;LUT5=3"
691,1.441,5.000,3.556,1.085,2.471,0.695,5,"ecc_leaf_id_q_reg[0]/C","ecc_leaf_a_q_reg[22]/D","other","FDCE=2;LUT4=3;LUT5=2"
692,1.441,5.000,3.556,1.085,2.471,0.695,5,"ecc_leaf_id_q_reg[0]/C","ecc_leaf_a_q_reg[23]/D","other","FDCE=2;LUT4=2;LUT5=3"
693,1.441,5.000,3.556,1.085,2.471,0.695,5,"ecc_leaf_id_q_reg[0]/C","ecc_leaf_a_q_reg[24]/D","other","FDCE=2;LUT4=3;LUT5=2"
694,1.441,5.000,3.556,1.085,2.471,0.695,5,"ecc_leaf_id_q_reg[0]/C","ecc_leaf_a_q_reg[25]/D","other","FDCE=2;LUT4=2;LUT5=3"
695,1.441,5.000,3.556,1.085,2.471,0.695,5,"ecc_leaf_id_q_reg[0]/C","ecc_leaf_a_q_reg[26]/D","other","FDCE=2;LUT4=3;LUT5=2"
696,1.441,5.000,3.556,1.085,2.471,0.695,5,"ecc_leaf_id_q_reg[0]/C","ecc_leaf_a_q_reg[27]/D","other","FDCE=2;LUT4=3;LUT5=2"
697,1.441,5.000,3.556,1.085,2.471,0.695,5,"ecc_leaf_id_q_reg[0]/C","ecc_leaf_a_q_reg[28]/D","other","FDCE=2;LUT4=3;LUT5=1;LUT6=1"
698,1.441,5.000,3.556,1.085,2.471,0.695,5,"ecc_leaf_id_q_reg[0]/C","ecc_leaf_a_q_reg[29]/D","other","FDCE=2;LUT4=2;LUT5=3"
699,1.441,5.000,3.556,1.085,2.471,0.695,5,"ecc_leaf_id_q_reg[0]/C","ecc_leaf_a_q_reg[30]/D","other","FDCE=2;LUT4=3;LUT5=2"
700,1.441,5.000,3.556,1.085,2.471,0.695,5,"ecc_leaf_id_q_reg[0]/C","ecc_leaf_a_q_reg[31]/D","other","FDCE=2;LUT4=3;LUT5=2"
701,1.441,5.000,3.556,1.085,2.471,0.695,5,"ecc_leaf_id_q_reg[0]/C","ecc_leaf_a_q_reg[3]/D","other","FDCE=2;LUT4=2;LUT5=3"
702,1.441,5.000,3.556,1.085,2.471,0.695,5,"ecc_leaf_id_q_reg[0]/C","ecc_leaf_a_q_reg[4]/D","other","FDCE=2;LUT4=3;LUT5=2"
703,1.441,5.000,3.556,1.085,2.471,0.695,5,"ecc_leaf_id_q_reg[0]/C","ecc_leaf_a_q_reg[5]/D","other","FDCE=2;LUT4=3;LUT5=2"
704,1.441,5.000,3.556,1.085,2.471,0.695,5,"ecc_leaf_id_q_reg[0]/C","ecc_leaf_a_q_reg[6]/D","other","FDCE=2;LUT4=3;LUT5=2"
705,1.441,5.000,3.556,1.085,2.471,0.695,5,"ecc_leaf_id_q_reg[0]/C","ecc_leaf_a_q_reg[7]/D","other","FDCE=2;LUT4=3;LUT5=2"
706,1.441,5.000,3.556,1.085,2.471,0.695,5,"ecc_leaf_id_q_reg[0]/C","ecc_leaf_a_q_reg[9]/D","other","FDCE=2;LUT4=3;LUT5=2"
707,1.441,5.000,3.556,1.085,2.471,0.695,5,"ecc_leaf_id_q_reg[0]/C","ecc_leaf_b_q_reg[12]/D","other","FDCE=2;LUT4=3;LUT5=2"
708,1.441,5.000,3.556,1.085,2.471,0.695,5,"ecc_leaf_id_q_reg[0]/C","ecc_leaf_b_q_reg[15]/D","other","FDCE=2;LUT4=3;LUT5=2"
709,1.441,5.000,3.556,1.085,2.471,0.695,5,"ecc_leaf_id_q_reg[0]/C","ecc_leaf_b_q_reg[17]/D","other","FDCE=2;LUT4=3;LUT5=2"
710,1.441,5.000,3.556,1.085,2.471,0.695,5,"ecc_leaf_id_q_reg[0]/C","ecc_leaf_b_q_reg[1]/D","other","FDCE=2;LUT4=3;LUT5=2"
711,1.441,5.000,3.556,1.085,2.471,0.695,5,"ecc_leaf_id_q_reg[0]/C","ecc_leaf_b_q_reg[20]/D","other","FDCE=2;LUT4=2;LUT5=3"
712,1.441,5.000,3.556,1.085,2.471,0.695,5,"ecc_leaf_id_q_reg[0]/C","ecc_leaf_b_q_reg[21]/D","other","FDCE=2;LUT4=2;LUT5=3"
713,1.441,5.000,3.556,1.085,2.471,0.695,5,"ecc_leaf_id_q_reg[0]/C","ecc_leaf_b_q_reg[23]/D","other","FDCE=2;LUT4=2;LUT5=3"
714,1.441,5.000,3.556,1.085,2.471,0.695,5,"ecc_leaf_id_q_reg[0]/C","ecc_leaf_b_q_reg[28]/D","other","FDCE=2;LUT4=2;LUT5=3"
715,1.441,5.000,3.556,1.085,2.471,0.695,5,"ecc_leaf_id_q_reg[0]/C","ecc_leaf_b_q_reg[29]/D","other","FDCE=2;LUT4=2;LUT5=3"
716,1.441,5.000,3.556,1.085,2.471,0.695,5,"ecc_leaf_id_q_reg[0]/C","ecc_leaf_b_q_reg[31]/D","other","FDCE=2;LUT4=3;LUT5=2"
717,1.441,5.000,3.556,1.085,2.471,0.695,5,"ecc_leaf_id_q_reg[0]/C","ecc_leaf_b_q_reg[4]/D","other","FDCE=2;LUT4=3;LUT5=2"
718,1.441,5.000,3.556,1.085,2.471,0.695,5,"ecc_leaf_id_q_reg[0]/C","ecc_leaf_b_q_reg[5]/D","other","FDCE=2;LUT4=3;LUT5=2"
719,1.443,5.000,3.554,1.085,2.469,0.695,5,"ecc_leaf_id_q_reg[0]/C","ecc_leaf_a_q_reg[0]/D","other","FDCE=2;LUT4=2;LUT5=2;LUT6=1"
720,1.443,5.000,3.554,1.085,2.469,0.695,5,"ecc_leaf_id_q_reg[0]/C","ecc_leaf_a_q_reg[13]/D","other","FDCE=2;LUT4=2;LUT5=2;LUT6=1"
721,1.443,5.000,3.554,1.085,2.469,0.695,5,"ecc_leaf_id_q_reg[0]/C","ecc_leaf_a_q_reg[16]/D","other","FDCE=2;LUT4=2;LUT5=2;LUT6=1"
722,1.443,5.000,3.554,1.085,2.469,0.695,5,"ecc_leaf_id_q_reg[0]/C","ecc_leaf_a_q_reg[2]/D","other","FDCE=2;LUT4=2;LUT5=2;LUT6=1"
723,1.443,5.000,3.554,1.085,2.469,0.695,5,"ecc_leaf_id_q_reg[0]/C","ecc_leaf_a_q_reg[8]/D","other","FDCE=2;LUT4=2;LUT5=2;LUT6=1"
724,1.443,5.000,3.554,1.085,2.469,0.695,5,"ecc_leaf_id_q_reg[0]/C","ecc_leaf_b_q_reg[13]/D","other","FDCE=2;LUT4=2;LUT5=2;LUT6=1"
725,1.443,5.000,3.554,1.085,2.469,0.695,5,"ecc_leaf_id_q_reg[0]/C","ecc_leaf_b_q_reg[8]/D","other","FDCE=2;LUT4=2;LUT5=2;LUT6=1"
726,1.447,5.000,3.579,1.687,1.892,0.529,5,"gen_lane[2].i_p2_pop_slice/popcount_part_q_o_reg[1][0]/C","group_dist_q_reg[2]/D","P2 popcount capture","CARRY4=2;FDCE=2;LUT3=2;LUT6=1"
727,1.480,5.000,3.309,0.980,2.329,0.704,4,"a_q_reg[14]/C","ecc_leaf_id_q_reg[0]/CE","other","FDCE=2;LUT5=1;LUT6=3"
728,1.480,5.000,3.309,0.980,2.329,0.704,4,"a_q_reg[14]/C","ecc_leaf_id_q_reg[1]/CE","other","FDCE=2;LUT5=1;LUT6=3"
729,1.480,5.000,3.309,0.980,2.329,0.704,4,"a_q_reg[14]/C","ecc_leaf_id_q_reg[2]/CE","other","FDCE=2;LUT5=1;LUT6=3"
730,1.480,5.000,3.309,0.980,2.329,0.704,4,"a_q_reg[14]/C","ecc_leaf_id_q_reg[3]/CE","other","FDCE=2;LUT5=1;LUT6=3"
731,1.480,5.000,3.309,0.980,2.329,0.704,4,"a_q_reg[14]/C","ecc_leaf_id_q_reg[4]/CE","other","FDCE=2;LUT5=1;LUT6=3"
732,1.522,5.000,3.475,1.105,2.370,0.682,5,"uop_p3_q_reg[op_type][0]/C","uop_p0_q_reg[valid]/D","TOP control","FDCE=2;LUT3=1;LUT6=4"
733,1.564,5.000,3.433,1.085,2.348,0.684,5,"a_q_reg[7]/C","uop_p0_q_reg[src1_addr][4]/D","TOP control","FDCE=2;LUT4=1;LUT6=4"
734,1.589,5.000,3.408,1.085,2.323,0.682,5,"a_q_reg[14]/C","ecc_diag_base_q_reg[3]/D","other","FDCE=2;LUT4=1;LUT5=1;LUT6=3"
735,1.589,5.000,3.408,1.085,2.323,0.682,5,"a_q_reg[14]/C","ecc_diag_base_q_reg[4]/D","other","FDCE=2;LUT5=2;LUT6=3"
736,1.589,5.000,3.408,1.085,2.323,0.682,5,"a_q_reg[14]/C","ecc_diag_base_q_reg[5]/D","other","FDCE=2;LUT5=1;LUT6=4"
737,1.602,5.000,3.395,1.085,2.310,0.680,5,"st_q_reg[0]/C","vrf_ra_q_reg[0][4]/D","VRF/read/writeback","FDCE=2;LUT3=1;LUT6=4"
738,1.602,5.000,3.395,1.085,2.310,0.680,5,"st_q_reg[0]/C","vrf_ra_q_reg[1][4]/D","VRF/read/writeback","FDCE=2;LUT3=1;LUT6=4"
739,1.602,5.000,3.395,1.085,2.310,0.680,5,"st_q_reg[0]/C","vrf_ra_q_reg[2][4]/D","VRF/read/writeback","FDCE=2;LUT3=1;LUT6=4"
740,1.602,5.000,3.395,1.085,2.310,0.680,5,"st_q_reg[0]/C","vrf_ra_q_reg[3][4]/D","VRF/read/writeback","FDCE=2;LUT3=1;LUT6=4"
741,1.615,5.000,3.174,0.980,2.194,0.691,4,"a_q_reg[7]/C","hperm_dst_base_q_reg[2]/CE","other","FDCE=2;LUT4=2;LUT6=2"
742,1.615,5.000,3.174,0.980,2.194,0.691,4,"a_q_reg[7]/C","hperm_dst_base_q_reg[3]/CE","other","FDCE=2;LUT4=2;LUT6=2"
743,1.615,5.000,3.174,0.980,2.194,0.691,4,"a_q_reg[7]/C","hperm_dst_base_q_reg[4]/CE","other","FDCE=2;LUT4=2;LUT6=2"
744,1.615,5.000,3.174,0.980,2.194,0.691,4,"a_q_reg[7]/C","hperm_dst_base_q_reg[5]/CE","other","FDCE=2;LUT4=2;LUT6=2"
745,1.615,5.000,3.174,0.980,2.194,0.691,4,"a_q_reg[7]/C","hperm_lane_base_q_reg[0]/CE","other","FDCE=2;LUT4=2;LUT6=2"
746,1.615,5.000,3.174,0.980,2.194,0.691,4,"a_q_reg[7]/C","hperm_lane_base_q_reg[0]_rep/CE","other","FDCE=2;LUT4=2;LUT6=2"
747,1.615,5.000,3.174,0.980,2.194,0.691,4,"a_q_reg[7]/C","hperm_lane_base_q_reg[0]_rep__0/CE","other","FDCE=2;LUT4=2;LUT6=2"
748,1.615,5.000,3.174,0.980,2.194,0.691,4,"a_q_reg[7]/C","hperm_lane_base_q_reg[0]_rep__1/CE","other","FDCE=2;LUT4=2;LUT6=2"
749,1.615,5.000,3.174,0.980,2.194,0.691,4,"a_q_reg[7]/C","hperm_lane_base_q_reg[1]/CE","other","FDCE=2;LUT4=2;LUT6=2"
750,1.615,5.000,3.174,0.980,2.194,0.691,4,"a_q_reg[7]/C","hperm_lane_base_q_reg[1]_rep/CE","other","FDCE=2;LUT4=2;LUT6=2"
751,1.615,5.000,3.174,0.980,2.194,0.691,4,"a_q_reg[7]/C","hperm_lane_base_q_reg[1]_rep__0/CE","other","FDCE=2;LUT4=2;LUT6=2"
752,1.615,5.000,3.174,0.980,2.194,0.691,4,"a_q_reg[7]/C","hperm_lane_base_q_reg[1]_rep__1/CE","other","FDCE=2;LUT4=2;LUT6=2"
753,1.615,5.000,3.174,0.980,2.194,0.691,4,"a_q_reg[7]/C","hperm_nibble_q_reg[0]/CE","other","FDCE=2;LUT4=2;LUT6=2"
754,1.615,5.000,3.174,0.980,2.194,0.691,4,"a_q_reg[7]/C","hperm_nibble_q_reg[1]/CE","other","FDCE=2;LUT4=2;LUT6=2"
755,1.615,5.000,3.174,0.980,2.194,0.691,4,"a_q_reg[7]/C","hperm_nibble_q_reg[2]/CE","other","FDCE=2;LUT4=2;LUT6=2"
756,1.615,5.000,3.174,0.980,2.194,0.691,4,"a_q_reg[7]/C","hperm_nibble_q_reg[3]/CE","other","FDCE=2;LUT4=2;LUT6=2"
757,1.615,5.000,3.174,0.980,2.194,0.691,4,"a_q_reg[7]/C","hperm_src_base_q_reg[2]/CE","other","FDCE=2;LUT4=2;LUT6=2"
758,1.615,5.000,3.174,0.980,2.194,0.691,4,"a_q_reg[7]/C","hperm_src_base_q_reg[3]/CE","other","FDCE=2;LUT4=2;LUT6=2"
759,1.615,5.000,3.174,0.980,2.194,0.691,4,"a_q_reg[7]/C","hperm_src_base_q_reg[4]/CE","other","FDCE=2;LUT4=2;LUT6=2"
760,1.615,5.000,3.174,0.980,2.194,0.691,4,"a_q_reg[7]/C","hperm_src_base_q_reg[5]/CE","other","FDCE=2;LUT4=2;LUT6=2"
761,1.615,5.000,3.174,0.980,2.194,0.691,4,"a_q_reg[7]/C","hperm_word_off_q_reg[2]/CE","other","FDCE=2;LUT4=2;LUT6=2"
762,1.615,5.000,3.174,0.980,2.194,0.691,4,"a_q_reg[7]/C","hperm_word_off_q_reg[3]/CE","other","FDCE=2;LUT4=2;LUT6=2"
763,1.616,5.000,3.102,0.980,2.122,0.684,4,"ecc_fold_word_q_reg[1]/C","ecc_product_odd_reg_0_3_31_31/DP/I","other","FDCE=1;LUT2=1;LUT4=1;LUT6=2;RAMD32=1"
764,1.616,5.000,3.102,0.980,2.122,0.684,4,"ecc_fold_word_q_reg[1]/C","ecc_product_odd_reg_0_3_32_32/DP/I","other","FDCE=1;LUT2=1;LUT6=3;RAMD32=1"
765,1.616,5.000,3.102,0.980,2.122,0.684,4,"ecc_fold_word_q_reg[1]/C","ecc_product_odd_reg_0_3_33_33/DP/I","other","FDCE=1;LUT2=1;LUT6=3;RAMD32=1"
766,1.616,5.000,3.102,0.980,2.122,0.684,4,"ecc_fold_word_q_reg[1]/C","ecc_product_odd_reg_0_3_34_34/DP/I","other","FDCE=1;LUT2=1;LUT6=3;RAMD32=1"
767,1.616,5.000,3.102,0.980,2.122,0.684,4,"ecc_fold_word_q_reg[1]/C","ecc_product_odd_reg_0_3_35_35/DP/I","other","FDCE=1;LUT2=1;LUT6=3;RAMD32=1"
768,1.616,5.000,3.102,0.980,2.122,0.684,4,"ecc_fold_word_q_reg[1]/C","ecc_product_odd_reg_0_3_36_36/DP/I","other","FDCE=1;LUT2=1;LUT6=3;RAMD32=1"
769,1.616,5.000,3.102,0.980,2.122,0.684,4,"ecc_fold_word_q_reg[1]/C","ecc_product_odd_reg_0_3_37_37/DP/I","other","FDCE=1;LUT2=1;LUT6=3;RAMD32=1"
770,1.616,5.000,3.102,0.980,2.122,0.684,4,"ecc_fold_word_q_reg[1]/C","ecc_product_odd_reg_0_3_38_38/DP/I","other","FDCE=1;LUT2=1;LUT6=3;RAMD32=1"
771,1.616,5.000,3.102,0.980,2.122,0.684,4,"ecc_fold_word_q_reg[1]/C","ecc_product_odd_reg_0_3_39_39/DP/I","other","FDCE=1;LUT2=1;LUT6=3;RAMD32=1"
772,1.616,5.000,3.102,0.980,2.122,0.684,4,"ecc_fold_word_q_reg[1]/C","ecc_product_odd_reg_0_3_40_40/DP/I","other","FDCE=1;LUT2=1;LUT6=3;RAMD32=1"
773,1.616,5.000,3.102,0.980,2.122,0.684,4,"ecc_fold_word_q_reg[1]/C","ecc_product_odd_reg_0_3_41_41/DP/I","other","FDCE=1;LUT2=1;LUT6=3;RAMD32=1"
774,1.616,5.000,3.102,0.980,2.122,0.684,4,"ecc_fold_word_q_reg[1]/C","ecc_product_odd_reg_0_3_42_42/DP/I","other","FDCE=1;LUT2=1;LUT6=3;RAMD32=1"
775,1.616,5.000,3.102,0.980,2.122,0.684,4,"ecc_fold_word_q_reg[1]/C","ecc_product_odd_reg_0_3_43_43/DP/I","other","FDCE=1;LUT2=1;LUT6=3;RAMD32=1"
776,1.616,5.000,3.102,0.980,2.122,0.684,4,"ecc_fold_word_q_reg[1]/C","ecc_product_odd_reg_0_3_44_44/DP/I","other","FDCE=1;LUT2=1;LUT6=3;RAMD32=1"
777,1.616,5.000,3.102,0.980,2.122,0.684,4,"ecc_fold_word_q_reg[1]/C","ecc_product_odd_reg_0_3_45_45/DP/I","other","FDCE=1;LUT2=1;LUT6=3;RAMD32=1"
778,1.616,5.000,3.102,0.980,2.122,0.684,4,"ecc_fold_word_q_reg[1]/C","ecc_product_odd_reg_0_3_46_46/DP/I","other","FDCE=1;LUT2=1;LUT6=3;RAMD32=1"
779,1.616,5.000,3.102,0.980,2.122,0.684,4,"ecc_fold_word_q_reg[1]/C","ecc_product_odd_reg_0_3_47_47/DP/I","other","FDCE=1;LUT2=1;LUT6=3;RAMD32=1"
780,1.616,5.000,3.102,0.980,2.122,0.684,4,"ecc_fold_word_q_reg[1]/C","ecc_product_odd_reg_0_3_48_48/DP/I","other","FDCE=1;LUT2=1;LUT6=3;RAMD32=1"
781,1.616,5.000,3.102,0.980,2.122,0.684,4,"ecc_fold_word_q_reg[1]/C","ecc_product_odd_reg_0_3_49_49/DP/I","other","FDCE=1;LUT2=1;LUT6=3;RAMD32=1"
782,1.616,5.000,3.102,0.980,2.122,0.684,4,"ecc_fold_word_q_reg[1]/C","ecc_product_odd_reg_0_3_50_50/DP/I","other","FDCE=1;LUT2=1;LUT6=3;RAMD32=1"
783,1.616,5.000,3.102,0.980,2.122,0.684,4,"ecc_fold_word_q_reg[1]/C","ecc_product_odd_reg_0_3_51_51/DP/I","other","FDCE=1;LUT2=1;LUT6=3;RAMD32=1"
784,1.616,5.000,3.102,0.980,2.122,0.684,4,"ecc_fold_word_q_reg[1]/C","ecc_product_odd_reg_0_3_52_52/DP/I","other","FDCE=1;LUT2=1;LUT6=3;RAMD32=1"
785,1.616,5.000,3.102,0.980,2.122,0.684,4,"ecc_fold_word_q_reg[1]/C","ecc_product_odd_reg_0_3_53_53/DP/I","other","FDCE=1;LUT2=1;LUT6=3;RAMD32=1"
786,1.616,5.000,3.102,0.980,2.122,0.684,4,"ecc_fold_word_q_reg[1]/C","ecc_product_odd_reg_0_3_54_54/DP/I","other","FDCE=1;LUT2=1;LUT6=3;RAMD32=1"
787,1.616,5.000,3.102,0.980,2.122,0.684,4,"ecc_fold_word_q_reg[1]/C","ecc_product_odd_reg_0_3_55_55/DP/I","other","FDCE=1;LUT2=1;LUT6=3;RAMD32=1"
788,1.616,5.000,3.102,0.980,2.122,0.684,4,"ecc_fold_word_q_reg[1]/C","ecc_product_odd_reg_0_3_56_56/DP/I","other","FDCE=1;LUT2=1;LUT6=3;RAMD32=1"
789,1.616,5.000,3.102,0.980,2.122,0.684,4,"ecc_fold_word_q_reg[1]/C","ecc_product_odd_reg_0_3_57_57/DP/I","other","FDCE=1;LUT2=1;LUT6=3;RAMD32=1"
790,1.616,5.000,3.102,0.980,2.122,0.684,4,"ecc_fold_word_q_reg[1]/C","ecc_product_odd_reg_0_3_58_58/DP/I","other","FDCE=1;LUT2=1;LUT6=3;RAMD32=1"
791,1.616,5.000,3.102,0.980,2.122,0.684,4,"ecc_fold_word_q_reg[1]/C","ecc_product_odd_reg_0_3_59_59/DP/I","other","FDCE=1;LUT2=1;LUT6=3;RAMD32=1"
792,1.616,5.000,3.102,0.980,2.122,0.684,4,"ecc_fold_word_q_reg[1]/C","ecc_product_odd_reg_0_3_60_60/DP/I","other","FDCE=1;LUT2=1;LUT6=3;RAMD32=1"
793,1.616,5.000,3.102,0.980,2.122,0.684,4,"ecc_fold_word_q_reg[1]/C","ecc_product_odd_reg_0_3_61_61/DP/I","other","FDCE=1;LUT2=1;LUT6=3;RAMD32=1"
794,1.616,5.000,3.102,0.980,2.122,0.684,4,"ecc_fold_word_q_reg[1]/C","ecc_product_odd_reg_0_3_62_62/DP/I","other","FDCE=1;LUT2=1;LUT6=3;RAMD32=1"
795,1.634,5.000,3.363,1.085,2.278,0.677,5,"a_q_reg[14]/C","ecc_k_q_reg[0]/D","other","FDCE=2;LUT4=1;LUT5=1;LUT6=3"
796,1.634,5.000,3.363,1.085,2.278,0.677,5,"a_q_reg[14]/C","ecc_k_q_reg[1]/D","other","FDCE=2;LUT5=2;LUT6=3"
797,1.634,5.000,3.363,1.085,2.278,0.677,5,"a_q_reg[14]/C","ecc_k_q_reg[2]/D","other","FDCE=2;LUT5=1;LUT6=4"
798,1.651,5.000,3.102,0.980,2.122,0.684,4,"ecc_fold_word_q_reg[1]/C","ecc_product_odd_reg_0_3_31_31/SP/I","other","FDCE=1;LUT2=1;LUT4=1;LUT6=2;RAMD32=1"
799,1.651,5.000,3.102,0.980,2.122,0.684,4,"ecc_fold_word_q_reg[1]/C","ecc_product_odd_reg_0_3_32_32/SP/I","other","FDCE=1;LUT2=1;LUT6=3;RAMD32=1"
800,1.651,5.000,3.102,0.980,2.122,0.684,4,"ecc_fold_word_q_reg[1]/C","ecc_product_odd_reg_0_3_33_33/SP/I","other","FDCE=1;LUT2=1;LUT6=3;RAMD32=1"
801,1.651,5.000,3.102,0.980,2.122,0.684,4,"ecc_fold_word_q_reg[1]/C","ecc_product_odd_reg_0_3_34_34/SP/I","other","FDCE=1;LUT2=1;LUT6=3;RAMD32=1"
802,1.651,5.000,3.102,0.980,2.122,0.684,4,"ecc_fold_word_q_reg[1]/C","ecc_product_odd_reg_0_3_35_35/SP/I","other","FDCE=1;LUT2=1;LUT6=3;RAMD32=1"
803,1.651,5.000,3.102,0.980,2.122,0.684,4,"ecc_fold_word_q_reg[1]/C","ecc_product_odd_reg_0_3_36_36/SP/I","other","FDCE=1;LUT2=1;LUT6=3;RAMD32=1"
804,1.651,5.000,3.102,0.980,2.122,0.684,4,"ecc_fold_word_q_reg[1]/C","ecc_product_odd_reg_0_3_37_37/SP/I","other","FDCE=1;LUT2=1;LUT6=3;RAMD32=1"
805,1.651,5.000,3.102,0.980,2.122,0.684,4,"ecc_fold_word_q_reg[1]/C","ecc_product_odd_reg_0_3_38_38/SP/I","other","FDCE=1;LUT2=1;LUT6=3;RAMD32=1"
806,1.651,5.000,3.102,0.980,2.122,0.684,4,"ecc_fold_word_q_reg[1]/C","ecc_product_odd_reg_0_3_39_39/SP/I","other","FDCE=1;LUT2=1;LUT6=3;RAMD32=1"
807,1.651,5.000,3.102,0.980,2.122,0.684,4,"ecc_fold_word_q_reg[1]/C","ecc_product_odd_reg_0_3_40_40/SP/I","other","FDCE=1;LUT2=1;LUT6=3;RAMD32=1"
808,1.651,5.000,3.102,0.980,2.122,0.684,4,"ecc_fold_word_q_reg[1]/C","ecc_product_odd_reg_0_3_41_41/SP/I","other","FDCE=1;LUT2=1;LUT6=3;RAMD32=1"
809,1.651,5.000,3.102,0.980,2.122,0.684,4,"ecc_fold_word_q_reg[1]/C","ecc_product_odd_reg_0_3_42_42/SP/I","other","FDCE=1;LUT2=1;LUT6=3;RAMD32=1"
810,1.651,5.000,3.102,0.980,2.122,0.684,4,"ecc_fold_word_q_reg[1]/C","ecc_product_odd_reg_0_3_43_43/SP/I","other","FDCE=1;LUT2=1;LUT6=3;RAMD32=1"
811,1.651,5.000,3.102,0.980,2.122,0.684,4,"ecc_fold_word_q_reg[1]/C","ecc_product_odd_reg_0_3_44_44/SP/I","other","FDCE=1;LUT2=1;LUT6=3;RAMD32=1"
812,1.651,5.000,3.102,0.980,2.122,0.684,4,"ecc_fold_word_q_reg[1]/C","ecc_product_odd_reg_0_3_45_45/SP/I","other","FDCE=1;LUT2=1;LUT6=3;RAMD32=1"
813,1.651,5.000,3.102,0.980,2.122,0.684,4,"ecc_fold_word_q_reg[1]/C","ecc_product_odd_reg_0_3_46_46/SP/I","other","FDCE=1;LUT2=1;LUT6=3;RAMD32=1"
814,1.651,5.000,3.102,0.980,2.122,0.684,4,"ecc_fold_word_q_reg[1]/C","ecc_product_odd_reg_0_3_47_47/SP/I","other","FDCE=1;LUT2=1;LUT6=3;RAMD32=1"
815,1.651,5.000,3.102,0.980,2.122,0.684,4,"ecc_fold_word_q_reg[1]/C","ecc_product_odd_reg_0_3_48_48/SP/I","other","FDCE=1;LUT2=1;LUT6=3;RAMD32=1"
816,1.651,5.000,3.102,0.980,2.122,0.684,4,"ecc_fold_word_q_reg[1]/C","ecc_product_odd_reg_0_3_49_49/SP/I","other","FDCE=1;LUT2=1;LUT6=3;RAMD32=1"
817,1.651,5.000,3.102,0.980,2.122,0.684,4,"ecc_fold_word_q_reg[1]/C","ecc_product_odd_reg_0_3_50_50/SP/I","other","FDCE=1;LUT2=1;LUT6=3;RAMD32=1"
818,1.651,5.000,3.102,0.980,2.122,0.684,4,"ecc_fold_word_q_reg[1]/C","ecc_product_odd_reg_0_3_51_51/SP/I","other","FDCE=1;LUT2=1;LUT6=3;RAMD32=1"
819,1.651,5.000,3.102,0.980,2.122,0.684,4,"ecc_fold_word_q_reg[1]/C","ecc_product_odd_reg_0_3_52_52/SP/I","other","FDCE=1;LUT2=1;LUT6=3;RAMD32=1"
820,1.651,5.000,3.102,0.980,2.122,0.684,4,"ecc_fold_word_q_reg[1]/C","ecc_product_odd_reg_0_3_53_53/SP/I","other","FDCE=1;LUT2=1;LUT6=3;RAMD32=1"
821,1.651,5.000,3.102,0.980,2.122,0.684,4,"ecc_fold_word_q_reg[1]/C","ecc_product_odd_reg_0_3_54_54/SP/I","other","FDCE=1;LUT2=1;LUT6=3;RAMD32=1"
822,1.651,5.000,3.102,0.980,2.122,0.684,4,"ecc_fold_word_q_reg[1]/C","ecc_product_odd_reg_0_3_55_55/SP/I","other","FDCE=1;LUT2=1;LUT6=3;RAMD32=1"
823,1.651,5.000,3.102,0.980,2.122,0.684,4,"ecc_fold_word_q_reg[1]/C","ecc_product_odd_reg_0_3_56_56/SP/I","other","FDCE=1;LUT2=1;LUT6=3;RAMD32=1"
824,1.651,5.000,3.102,0.980,2.122,0.684,4,"ecc_fold_word_q_reg[1]/C","ecc_product_odd_reg_0_3_57_57/SP/I","other","FDCE=1;LUT2=1;LUT6=3;RAMD32=1"
825,1.651,5.000,3.102,0.980,2.122,0.684,4,"ecc_fold_word_q_reg[1]/C","ecc_product_odd_reg_0_3_58_58/SP/I","other","FDCE=1;LUT2=1;LUT6=3;RAMD32=1"
826,1.651,5.000,3.102,0.980,2.122,0.684,4,"ecc_fold_word_q_reg[1]/C","ecc_product_odd_reg_0_3_59_59/SP/I","other","FDCE=1;LUT2=1;LUT6=3;RAMD32=1"
827,1.651,5.000,3.102,0.980,2.122,0.684,4,"ecc_fold_word_q_reg[1]/C","ecc_product_odd_reg_0_3_60_60/SP/I","other","FDCE=1;LUT2=1;LUT6=3;RAMD32=1"
828,1.651,5.000,3.102,0.980,2.122,0.684,4,"ecc_fold_word_q_reg[1]/C","ecc_product_odd_reg_0_3_61_61/SP/I","other","FDCE=1;LUT2=1;LUT6=3;RAMD32=1"
829,1.651,5.000,3.102,0.980,2.122,0.684,4,"ecc_fold_word_q_reg[1]/C","ecc_product_odd_reg_0_3_62_62/SP/I","other","FDCE=1;LUT2=1;LUT6=3;RAMD32=1"
830,1.676,5.000,3.321,1.085,2.236,0.673,5,"st_q_reg[3]_rep/C","vrf_ra_q_reg[0][5]/D","VRF/read/writeback","FDCE=2;LUT3=1;LUT5=3;LUT6=1"
831,1.676,5.000,3.321,1.085,2.236,0.673,5,"st_q_reg[3]_rep/C","vrf_ra_q_reg[1][5]/D","VRF/read/writeback","FDCE=2;LUT3=1;LUT5=3;LUT6=1"
832,1.676,5.000,3.321,1.085,2.236,0.673,5,"st_q_reg[3]_rep/C","vrf_ra_q_reg[2][5]/D","VRF/read/writeback","FDCE=2;LUT3=1;LUT5=3;LUT6=1"
833,1.676,5.000,3.321,1.085,2.236,0.673,5,"st_q_reg[3]_rep/C","vrf_ra_q_reg[3][5]/D","VRF/read/writeback","FDCE=2;LUT3=1;LUT5=3;LUT6=1"
834,1.695,5.000,3.302,1.085,2.217,0.671,5,"st_q_reg[3]_rep/C","vrf_ra_q_reg[0][2]/D","VRF/read/writeback","FDCE=2;LUT5=4;LUT6=1"
835,1.695,5.000,3.302,1.085,2.217,0.671,5,"st_q_reg[3]_rep/C","vrf_ra_q_reg[0][3]/D","VRF/read/writeback","FDCE=2;LUT5=4;LUT6=1"
836,1.695,5.000,3.302,1.085,2.217,0.671,5,"st_q_reg[3]_rep/C","vrf_ra_q_reg[1][2]/D","VRF/read/writeback","FDCE=2;LUT5=4;LUT6=1"
837,1.695,5.000,3.302,1.085,2.217,0.671,5,"st_q_reg[3]_rep/C","vrf_ra_q_reg[1][3]/D","VRF/read/writeback","FDCE=2;LUT5=4;LUT6=1"
838,1.695,5.000,3.302,1.085,2.217,0.671,5,"st_q_reg[3]_rep/C","vrf_ra_q_reg[2][2]/D","VRF/read/writeback","FDCE=2;LUT5=4;LUT6=1"
839,1.695,5.000,3.302,1.085,2.217,0.671,5,"st_q_reg[3]_rep/C","vrf_ra_q_reg[2][3]/D","VRF/read/writeback","FDCE=2;LUT5=4;LUT6=1"
840,1.695,5.000,3.302,1.085,2.217,0.671,5,"st_q_reg[3]_rep/C","vrf_ra_q_reg[3][2]/D","VRF/read/writeback","FDCE=2;LUT5=4;LUT6=1"
841,1.695,5.000,3.302,1.085,2.217,0.671,5,"st_q_reg[3]_rep/C","vrf_ra_q_reg[3][3]/D","VRF/read/writeback","FDCE=2;LUT5=4;LUT6=1"
842,1.750,5.000,3.247,1.000,2.247,0.692,4,"uop_p3_q_reg[op_type][0]/C","uop_p0_q_reg[src1_addr][5]/D","TOP control","FDCE=2;LUT3=1;LUT5=1;LUT6=2"
843,1.759,5.000,3.030,0.875,2.155,0.711,3,"st_q_reg[1]/C","gen_lane[0].i_p2_pop_slice/bool_result_q_reg[0]/CE","P2 popcount capture","FDCE=2;LUT2=1;LUT5=2"
844,1.759,5.000,3.030,0.875,2.155,0.711,3,"st_q_reg[1]/C","gen_lane[0].i_p2_pop_slice/bool_result_q_reg[10]/CE","P2 popcount capture","FDCE=2;LUT2=1;LUT5=2"
845,1.759,5.000,3.030,0.875,2.155,0.711,3,"st_q_reg[1]/C","gen_lane[0].i_p2_pop_slice/bool_result_q_reg[11]/CE","P2 popcount capture","FDCE=2;LUT2=1;LUT5=2"
846,1.759,5.000,3.030,0.875,2.155,0.711,3,"st_q_reg[1]/C","gen_lane[0].i_p2_pop_slice/bool_result_q_reg[12]/CE","P2 popcount capture","FDCE=2;LUT2=1;LUT5=2"
847,1.759,5.000,3.030,0.875,2.155,0.711,3,"st_q_reg[1]/C","gen_lane[0].i_p2_pop_slice/bool_result_q_reg[13]/CE","P2 popcount capture","FDCE=2;LUT2=1;LUT5=2"
848,1.759,5.000,3.030,0.875,2.155,0.711,3,"st_q_reg[1]/C","gen_lane[0].i_p2_pop_slice/bool_result_q_reg[14]/CE","P2 popcount capture","FDCE=2;LUT2=1;LUT5=2"
849,1.759,5.000,3.030,0.875,2.155,0.711,3,"st_q_reg[1]/C","gen_lane[0].i_p2_pop_slice/bool_result_q_reg[15]/CE","P2 popcount capture","FDCE=2;LUT2=1;LUT5=2"
850,1.759,5.000,3.030,0.875,2.155,0.711,3,"st_q_reg[1]/C","gen_lane[0].i_p2_pop_slice/bool_result_q_reg[16]/CE","P2 popcount capture","FDCE=2;LUT2=1;LUT5=2"
851,1.759,5.000,3.030,0.875,2.155,0.711,3,"st_q_reg[1]/C","gen_lane[0].i_p2_pop_slice/bool_result_q_reg[17]/CE","P2 popcount capture","FDCE=2;LUT2=1;LUT5=2"
852,1.759,5.000,3.030,0.875,2.155,0.711,3,"st_q_reg[1]/C","gen_lane[0].i_p2_pop_slice/bool_result_q_reg[18]/CE","P2 popcount capture","FDCE=2;LUT2=1;LUT5=2"
853,1.759,5.000,3.030,0.875,2.155,0.711,3,"st_q_reg[1]/C","gen_lane[0].i_p2_pop_slice/bool_result_q_reg[19]/CE","P2 popcount capture","FDCE=2;LUT2=1;LUT5=2"
854,1.759,5.000,3.030,0.875,2.155,0.711,3,"st_q_reg[1]/C","gen_lane[0].i_p2_pop_slice/bool_result_q_reg[1]/CE","P2 popcount capture","FDCE=2;LUT2=1;LUT5=2"
855,1.759,5.000,3.030,0.875,2.155,0.711,3,"st_q_reg[1]/C","gen_lane[0].i_p2_pop_slice/bool_result_q_reg[20]/CE","P2 popcount capture","FDCE=2;LUT2=1;LUT5=2"
856,1.759,5.000,3.030,0.875,2.155,0.711,3,"st_q_reg[1]/C","gen_lane[0].i_p2_pop_slice/bool_result_q_reg[21]/CE","P2 popcount capture","FDCE=2;LUT2=1;LUT5=2"
857,1.759,5.000,3.030,0.875,2.155,0.711,3,"st_q_reg[1]/C","gen_lane[0].i_p2_pop_slice/bool_result_q_reg[22]/CE","P2 popcount capture","FDCE=2;LUT2=1;LUT5=2"
858,1.759,5.000,3.030,0.875,2.155,0.711,3,"st_q_reg[1]/C","gen_lane[0].i_p2_pop_slice/bool_result_q_reg[23]/CE","P2 popcount capture","FDCE=2;LUT2=1;LUT5=2"
859,1.759,5.000,3.030,0.875,2.155,0.711,3,"st_q_reg[1]/C","gen_lane[0].i_p2_pop_slice/bool_result_q_reg[24]/CE","P2 popcount capture","FDCE=2;LUT2=1;LUT5=2"
860,1.759,5.000,3.030,0.875,2.155,0.711,3,"st_q_reg[1]/C","gen_lane[0].i_p2_pop_slice/bool_result_q_reg[25]/CE","P2 popcount capture","FDCE=2;LUT2=1;LUT5=2"
861,1.759,5.000,3.030,0.875,2.155,0.711,3,"st_q_reg[1]/C","gen_lane[0].i_p2_pop_slice/bool_result_q_reg[26]/CE","P2 popcount capture","FDCE=2;LUT2=1;LUT5=2"
862,1.759,5.000,3.030,0.875,2.155,0.711,3,"st_q_reg[1]/C","gen_lane[0].i_p2_pop_slice/bool_result_q_reg[27]/CE","P2 popcount capture","FDCE=2;LUT2=1;LUT5=2"
863,1.759,5.000,3.030,0.875,2.155,0.711,3,"st_q_reg[1]/C","gen_lane[0].i_p2_pop_slice/bool_result_q_reg[28]/CE","P2 popcount capture","FDCE=2;LUT2=1;LUT5=2"
864,1.759,5.000,3.030,0.875,2.155,0.711,3,"st_q_reg[1]/C","gen_lane[0].i_p2_pop_slice/bool_result_q_reg[29]/CE","P2 popcount capture","FDCE=2;LUT2=1;LUT5=2"
865,1.759,5.000,3.030,0.875,2.155,0.711,3,"st_q_reg[1]/C","gen_lane[0].i_p2_pop_slice/bool_result_q_reg[2]/CE","P2 popcount capture","FDCE=2;LUT2=1;LUT5=2"
866,1.759,5.000,3.030,0.875,2.155,0.711,3,"st_q_reg[1]/C","gen_lane[0].i_p2_pop_slice/bool_result_q_reg[30]/CE","P2 popcount capture","FDCE=2;LUT2=1;LUT5=2"
867,1.759,5.000,3.030,0.875,2.155,0.711,3,"st_q_reg[1]/C","gen_lane[0].i_p2_pop_slice/bool_result_q_reg[31]/CE","P2 popcount capture","FDCE=2;LUT2=1;LUT5=2"
868,1.759,5.000,3.030,0.875,2.155,0.711,3,"st_q_reg[1]/C","gen_lane[0].i_p2_pop_slice/bool_result_q_reg[32]/CE","P2 popcount capture","FDCE=2;LUT2=1;LUT5=2"
869,1.759,5.000,3.030,0.875,2.155,0.711,3,"st_q_reg[1]/C","gen_lane[0].i_p2_pop_slice/bool_result_q_reg[33]/CE","P2 popcount capture","FDCE=2;LUT2=1;LUT5=2"
870,1.759,5.000,3.030,0.875,2.155,0.711,3,"st_q_reg[1]/C","gen_lane[0].i_p2_pop_slice/bool_result_q_reg[34]/CE","P2 popcount capture","FDCE=2;LUT2=1;LUT5=2"
871,1.759,5.000,3.030,0.875,2.155,0.711,3,"st_q_reg[1]/C","gen_lane[0].i_p2_pop_slice/bool_result_q_reg[35]/CE","P2 popcount capture","FDCE=2;LUT2=1;LUT5=2"
872,1.759,5.000,3.030,0.875,2.155,0.711,3,"st_q_reg[1]/C","gen_lane[0].i_p2_pop_slice/bool_result_q_reg[36]/CE","P2 popcount capture","FDCE=2;LUT2=1;LUT5=2"
873,1.759,5.000,3.030,0.875,2.155,0.711,3,"st_q_reg[1]/C","gen_lane[0].i_p2_pop_slice/bool_result_q_reg[37]/CE","P2 popcount capture","FDCE=2;LUT2=1;LUT5=2"
874,1.759,5.000,3.030,0.875,2.155,0.711,3,"st_q_reg[1]/C","gen_lane[0].i_p2_pop_slice/bool_result_q_reg[38]/CE","P2 popcount capture","FDCE=2;LUT2=1;LUT5=2"
875,1.759,5.000,3.030,0.875,2.155,0.711,3,"st_q_reg[1]/C","gen_lane[0].i_p2_pop_slice/bool_result_q_reg[39]/CE","P2 popcount capture","FDCE=2;LUT2=1;LUT5=2"
876,1.759,5.000,3.030,0.875,2.155,0.711,3,"st_q_reg[1]/C","gen_lane[0].i_p2_pop_slice/bool_result_q_reg[3]/CE","P2 popcount capture","FDCE=2;LUT2=1;LUT5=2"
877,1.759,5.000,3.030,0.875,2.155,0.711,3,"st_q_reg[1]/C","gen_lane[0].i_p2_pop_slice/bool_result_q_reg[40]/CE","P2 popcount capture","FDCE=2;LUT2=1;LUT5=2"
878,1.759,5.000,3.030,0.875,2.155,0.711,3,"st_q_reg[1]/C","gen_lane[0].i_p2_pop_slice/bool_result_q_reg[41]/CE","P2 popcount capture","FDCE=2;LUT2=1;LUT5=2"
879,1.759,5.000,3.030,0.875,2.155,0.711,3,"st_q_reg[1]/C","gen_lane[0].i_p2_pop_slice/bool_result_q_reg[42]/CE","P2 popcount capture","FDCE=2;LUT2=1;LUT5=2"
880,1.759,5.000,3.030,0.875,2.155,0.711,3,"st_q_reg[1]/C","gen_lane[0].i_p2_pop_slice/bool_result_q_reg[43]/CE","P2 popcount capture","FDCE=2;LUT2=1;LUT5=2"
881,1.759,5.000,3.030,0.875,2.155,0.711,3,"st_q_reg[1]/C","gen_lane[0].i_p2_pop_slice/bool_result_q_reg[44]/CE","P2 popcount capture","FDCE=2;LUT2=1;LUT5=2"
882,1.759,5.000,3.030,0.875,2.155,0.711,3,"st_q_reg[1]/C","gen_lane[0].i_p2_pop_slice/bool_result_q_reg[45]/CE","P2 popcount capture","FDCE=2;LUT2=1;LUT5=2"
883,1.759,5.000,3.030,0.875,2.155,0.711,3,"st_q_reg[1]/C","gen_lane[0].i_p2_pop_slice/bool_result_q_reg[46]/CE","P2 popcount capture","FDCE=2;LUT2=1;LUT5=2"
884,1.759,5.000,3.030,0.875,2.155,0.711,3,"st_q_reg[1]/C","gen_lane[0].i_p2_pop_slice/bool_result_q_reg[47]/CE","P2 popcount capture","FDCE=2;LUT2=1;LUT5=2"
885,1.759,5.000,3.030,0.875,2.155,0.711,3,"st_q_reg[1]/C","gen_lane[0].i_p2_pop_slice/bool_result_q_reg[48]/CE","P2 popcount capture","FDCE=2;LUT2=1;LUT5=2"
886,1.759,5.000,3.030,0.875,2.155,0.711,3,"st_q_reg[1]/C","gen_lane[0].i_p2_pop_slice/bool_result_q_reg[49]/CE","P2 popcount capture","FDCE=2;LUT2=1;LUT5=2"
887,1.759,5.000,3.030,0.875,2.155,0.711,3,"st_q_reg[1]/C","gen_lane[0].i_p2_pop_slice/bool_result_q_reg[4]/CE","P2 popcount capture","FDCE=2;LUT2=1;LUT5=2"
888,1.759,5.000,3.030,0.875,2.155,0.711,3,"st_q_reg[1]/C","gen_lane[0].i_p2_pop_slice/bool_result_q_reg[50]/CE","P2 popcount capture","FDCE=2;LUT2=1;LUT5=2"
889,1.759,5.000,3.030,0.875,2.155,0.711,3,"st_q_reg[1]/C","gen_lane[0].i_p2_pop_slice/bool_result_q_reg[51]/CE","P2 popcount capture","FDCE=2;LUT2=1;LUT5=2"
890,1.759,5.000,3.030,0.875,2.155,0.711,3,"st_q_reg[1]/C","gen_lane[0].i_p2_pop_slice/bool_result_q_reg[52]/CE","P2 popcount capture","FDCE=2;LUT2=1;LUT5=2"
891,1.759,5.000,3.030,0.875,2.155,0.711,3,"st_q_reg[1]/C","gen_lane[0].i_p2_pop_slice/bool_result_q_reg[53]/CE","P2 popcount capture","FDCE=2;LUT2=1;LUT5=2"
892,1.759,5.000,3.030,0.875,2.155,0.711,3,"st_q_reg[1]/C","gen_lane[0].i_p2_pop_slice/bool_result_q_reg[54]/CE","P2 popcount capture","FDCE=2;LUT2=1;LUT5=2"
893,1.759,5.000,3.030,0.875,2.155,0.711,3,"st_q_reg[1]/C","gen_lane[0].i_p2_pop_slice/bool_result_q_reg[55]/CE","P2 popcount capture","FDCE=2;LUT2=1;LUT5=2"
894,1.759,5.000,3.030,0.875,2.155,0.711,3,"st_q_reg[1]/C","gen_lane[0].i_p2_pop_slice/bool_result_q_reg[56]/CE","P2 popcount capture","FDCE=2;LUT2=1;LUT5=2"
895,1.759,5.000,3.030,0.875,2.155,0.711,3,"st_q_reg[1]/C","gen_lane[0].i_p2_pop_slice/bool_result_q_reg[57]/CE","P2 popcount capture","FDCE=2;LUT2=1;LUT5=2"
896,1.759,5.000,3.030,0.875,2.155,0.711,3,"st_q_reg[1]/C","gen_lane[0].i_p2_pop_slice/bool_result_q_reg[58]/CE","P2 popcount capture","FDCE=2;LUT2=1;LUT5=2"
897,1.759,5.000,3.030,0.875,2.155,0.711,3,"st_q_reg[1]/C","gen_lane[0].i_p2_pop_slice/bool_result_q_reg[59]/CE","P2 popcount capture","FDCE=2;LUT2=1;LUT5=2"
898,1.759,5.000,3.030,0.875,2.155,0.711,3,"st_q_reg[1]/C","gen_lane[0].i_p2_pop_slice/bool_result_q_reg[5]/CE","P2 popcount capture","FDCE=2;LUT2=1;LUT5=2"
899,1.759,5.000,3.030,0.875,2.155,0.711,3,"st_q_reg[1]/C","gen_lane[0].i_p2_pop_slice/bool_result_q_reg[60]/CE","P2 popcount capture","FDCE=2;LUT2=1;LUT5=2"
900,1.759,5.000,3.030,0.875,2.155,0.711,3,"st_q_reg[1]/C","gen_lane[0].i_p2_pop_slice/bool_result_q_reg[61]/CE","P2 popcount capture","FDCE=2;LUT2=1;LUT5=2"
901,1.759,5.000,3.030,0.875,2.155,0.711,3,"st_q_reg[1]/C","gen_lane[0].i_p2_pop_slice/bool_result_q_reg[62]/CE","P2 popcount capture","FDCE=2;LUT2=1;LUT5=2"
902,1.759,5.000,3.030,0.875,2.155,0.711,3,"st_q_reg[1]/C","gen_lane[0].i_p2_pop_slice/bool_result_q_reg[63]/CE","P2 popcount capture","FDCE=2;LUT2=1;LUT5=2"
903,1.759,5.000,3.030,0.875,2.155,0.711,3,"st_q_reg[1]/C","gen_lane[0].i_p2_pop_slice/bool_result_q_reg[6]/CE","P2 popcount capture","FDCE=2;LUT2=1;LUT5=2"
904,1.759,5.000,3.030,0.875,2.155,0.711,3,"st_q_reg[1]/C","gen_lane[0].i_p2_pop_slice/bool_result_q_reg[7]/CE","P2 popcount capture","FDCE=2;LUT2=1;LUT5=2"
905,1.759,5.000,3.030,0.875,2.155,0.711,3,"st_q_reg[1]/C","gen_lane[0].i_p2_pop_slice/bool_result_q_reg[8]/CE","P2 popcount capture","FDCE=2;LUT2=1;LUT5=2"
906,1.759,5.000,3.030,0.875,2.155,0.711,3,"st_q_reg[1]/C","gen_lane[0].i_p2_pop_slice/bool_result_q_reg[9]/CE","P2 popcount capture","FDCE=2;LUT2=1;LUT5=2"
907,1.759,5.000,3.030,0.875,2.155,0.711,3,"st_q_reg[1]/C","gen_lane[1].i_p2_pop_slice/bool_result_q_reg[0]/CE","P2 popcount capture","FDCE=2;LUT2=1;LUT5=2"
908,1.759,5.000,3.030,0.875,2.155,0.711,3,"st_q_reg[1]/C","gen_lane[1].i_p2_pop_slice/bool_result_q_reg[10]/CE","P2 popcount capture","FDCE=2;LUT2=1;LUT5=2"
909,1.759,5.000,3.030,0.875,2.155,0.711,3,"st_q_reg[1]/C","gen_lane[1].i_p2_pop_slice/bool_result_q_reg[11]/CE","P2 popcount capture","FDCE=2;LUT2=1;LUT5=2"
910,1.759,5.000,3.030,0.875,2.155,0.711,3,"st_q_reg[1]/C","gen_lane[1].i_p2_pop_slice/bool_result_q_reg[12]/CE","P2 popcount capture","FDCE=2;LUT2=1;LUT5=2"
911,1.759,5.000,3.030,0.875,2.155,0.711,3,"st_q_reg[1]/C","gen_lane[1].i_p2_pop_slice/bool_result_q_reg[13]/CE","P2 popcount capture","FDCE=2;LUT2=1;LUT5=2"
912,1.759,5.000,3.030,0.875,2.155,0.711,3,"st_q_reg[1]/C","gen_lane[1].i_p2_pop_slice/bool_result_q_reg[14]/CE","P2 popcount capture","FDCE=2;LUT2=1;LUT5=2"
913,1.759,5.000,3.030,0.875,2.155,0.711,3,"st_q_reg[1]/C","gen_lane[1].i_p2_pop_slice/bool_result_q_reg[15]/CE","P2 popcount capture","FDCE=2;LUT2=1;LUT5=2"
914,1.759,5.000,3.030,0.875,2.155,0.711,3,"st_q_reg[1]/C","gen_lane[1].i_p2_pop_slice/bool_result_q_reg[16]/CE","P2 popcount capture","FDCE=2;LUT2=1;LUT5=2"
915,1.759,5.000,3.030,0.875,2.155,0.711,3,"st_q_reg[1]/C","gen_lane[1].i_p2_pop_slice/bool_result_q_reg[17]/CE","P2 popcount capture","FDCE=2;LUT2=1;LUT5=2"
916,1.759,5.000,3.030,0.875,2.155,0.711,3,"st_q_reg[1]/C","gen_lane[1].i_p2_pop_slice/bool_result_q_reg[18]/CE","P2 popcount capture","FDCE=2;LUT2=1;LUT5=2"
917,1.759,5.000,3.030,0.875,2.155,0.711,3,"st_q_reg[1]/C","gen_lane[1].i_p2_pop_slice/bool_result_q_reg[19]/CE","P2 popcount capture","FDCE=2;LUT2=1;LUT5=2"
918,1.759,5.000,3.030,0.875,2.155,0.711,3,"st_q_reg[1]/C","gen_lane[1].i_p2_pop_slice/bool_result_q_reg[1]/CE","P2 popcount capture","FDCE=2;LUT2=1;LUT5=2"
919,1.759,5.000,3.030,0.875,2.155,0.711,3,"st_q_reg[1]/C","gen_lane[1].i_p2_pop_slice/bool_result_q_reg[20]/CE","P2 popcount capture","FDCE=2;LUT2=1;LUT5=2"
920,1.759,5.000,3.030,0.875,2.155,0.711,3,"st_q_reg[1]/C","gen_lane[1].i_p2_pop_slice/bool_result_q_reg[21]/CE","P2 popcount capture","FDCE=2;LUT2=1;LUT5=2"
921,1.759,5.000,3.030,0.875,2.155,0.711,3,"st_q_reg[1]/C","gen_lane[1].i_p2_pop_slice/bool_result_q_reg[22]/CE","P2 popcount capture","FDCE=2;LUT2=1;LUT5=2"
922,1.759,5.000,3.030,0.875,2.155,0.711,3,"st_q_reg[1]/C","gen_lane[1].i_p2_pop_slice/bool_result_q_reg[23]/CE","P2 popcount capture","FDCE=2;LUT2=1;LUT5=2"
923,1.759,5.000,3.030,0.875,2.155,0.711,3,"st_q_reg[1]/C","gen_lane[1].i_p2_pop_slice/bool_result_q_reg[24]/CE","P2 popcount capture","FDCE=2;LUT2=1;LUT5=2"
924,1.759,5.000,3.030,0.875,2.155,0.711,3,"st_q_reg[1]/C","gen_lane[1].i_p2_pop_slice/bool_result_q_reg[25]/CE","P2 popcount capture","FDCE=2;LUT2=1;LUT5=2"
925,1.759,5.000,3.030,0.875,2.155,0.711,3,"st_q_reg[1]/C","gen_lane[1].i_p2_pop_slice/bool_result_q_reg[26]/CE","P2 popcount capture","FDCE=2;LUT2=1;LUT5=2"
926,1.759,5.000,3.030,0.875,2.155,0.711,3,"st_q_reg[1]/C","gen_lane[1].i_p2_pop_slice/bool_result_q_reg[27]/CE","P2 popcount capture","FDCE=2;LUT2=1;LUT5=2"
927,1.759,5.000,3.030,0.875,2.155,0.711,3,"st_q_reg[1]/C","gen_lane[1].i_p2_pop_slice/bool_result_q_reg[28]/CE","P2 popcount capture","FDCE=2;LUT2=1;LUT5=2"
928,1.759,5.000,3.030,0.875,2.155,0.711,3,"st_q_reg[1]/C","gen_lane[1].i_p2_pop_slice/bool_result_q_reg[29]/CE","P2 popcount capture","FDCE=2;LUT2=1;LUT5=2"
929,1.759,5.000,3.030,0.875,2.155,0.711,3,"st_q_reg[1]/C","gen_lane[1].i_p2_pop_slice/bool_result_q_reg[2]/CE","P2 popcount capture","FDCE=2;LUT2=1;LUT5=2"
930,1.759,5.000,3.030,0.875,2.155,0.711,3,"st_q_reg[1]/C","gen_lane[1].i_p2_pop_slice/bool_result_q_reg[30]/CE","P2 popcount capture","FDCE=2;LUT2=1;LUT5=2"
931,1.759,5.000,3.030,0.875,2.155,0.711,3,"st_q_reg[1]/C","gen_lane[1].i_p2_pop_slice/bool_result_q_reg[31]/CE","P2 popcount capture","FDCE=2;LUT2=1;LUT5=2"
932,1.759,5.000,3.030,0.875,2.155,0.711,3,"st_q_reg[1]/C","gen_lane[1].i_p2_pop_slice/bool_result_q_reg[32]/CE","P2 popcount capture","FDCE=2;LUT2=1;LUT5=2"
933,1.759,5.000,3.030,0.875,2.155,0.711,3,"st_q_reg[1]/C","gen_lane[1].i_p2_pop_slice/bool_result_q_reg[33]/CE","P2 popcount capture","FDCE=2;LUT2=1;LUT5=2"
934,1.759,5.000,3.030,0.875,2.155,0.711,3,"st_q_reg[1]/C","gen_lane[1].i_p2_pop_slice/bool_result_q_reg[34]/CE","P2 popcount capture","FDCE=2;LUT2=1;LUT5=2"
935,1.759,5.000,3.030,0.875,2.155,0.711,3,"st_q_reg[1]/C","gen_lane[1].i_p2_pop_slice/bool_result_q_reg[35]/CE","P2 popcount capture","FDCE=2;LUT2=1;LUT5=2"
936,1.759,5.000,3.030,0.875,2.155,0.711,3,"st_q_reg[1]/C","gen_lane[1].i_p2_pop_slice/bool_result_q_reg[36]/CE","P2 popcount capture","FDCE=2;LUT2=1;LUT5=2"
937,1.759,5.000,3.030,0.875,2.155,0.711,3,"st_q_reg[1]/C","gen_lane[1].i_p2_pop_slice/bool_result_q_reg[37]/CE","P2 popcount capture","FDCE=2;LUT2=1;LUT5=2"
938,1.759,5.000,3.030,0.875,2.155,0.711,3,"st_q_reg[1]/C","gen_lane[1].i_p2_pop_slice/bool_result_q_reg[38]/CE","P2 popcount capture","FDCE=2;LUT2=1;LUT5=2"
939,1.759,5.000,3.030,0.875,2.155,0.711,3,"st_q_reg[1]/C","gen_lane[1].i_p2_pop_slice/bool_result_q_reg[39]/CE","P2 popcount capture","FDCE=2;LUT2=1;LUT5=2"
940,1.759,5.000,3.030,0.875,2.155,0.711,3,"st_q_reg[1]/C","gen_lane[1].i_p2_pop_slice/bool_result_q_reg[3]/CE","P2 popcount capture","FDCE=2;LUT2=1;LUT5=2"
941,1.759,5.000,3.030,0.875,2.155,0.711,3,"st_q_reg[1]/C","gen_lane[1].i_p2_pop_slice/bool_result_q_reg[40]/CE","P2 popcount capture","FDCE=2;LUT2=1;LUT5=2"
942,1.759,5.000,3.030,0.875,2.155,0.711,3,"st_q_reg[1]/C","gen_lane[1].i_p2_pop_slice/bool_result_q_reg[41]/CE","P2 popcount capture","FDCE=2;LUT2=1;LUT5=2"
943,1.759,5.000,3.030,0.875,2.155,0.711,3,"st_q_reg[1]/C","gen_lane[1].i_p2_pop_slice/bool_result_q_reg[42]/CE","P2 popcount capture","FDCE=2;LUT2=1;LUT5=2"
944,1.759,5.000,3.030,0.875,2.155,0.711,3,"st_q_reg[1]/C","gen_lane[1].i_p2_pop_slice/bool_result_q_reg[43]/CE","P2 popcount capture","FDCE=2;LUT2=1;LUT5=2"
945,1.759,5.000,3.030,0.875,2.155,0.711,3,"st_q_reg[1]/C","gen_lane[1].i_p2_pop_slice/bool_result_q_reg[44]/CE","P2 popcount capture","FDCE=2;LUT2=1;LUT5=2"
946,1.759,5.000,3.030,0.875,2.155,0.711,3,"st_q_reg[1]/C","gen_lane[1].i_p2_pop_slice/bool_result_q_reg[45]/CE","P2 popcount capture","FDCE=2;LUT2=1;LUT5=2"
947,1.759,5.000,3.030,0.875,2.155,0.711,3,"st_q_reg[1]/C","gen_lane[1].i_p2_pop_slice/bool_result_q_reg[46]/CE","P2 popcount capture","FDCE=2;LUT2=1;LUT5=2"
948,1.759,5.000,3.030,0.875,2.155,0.711,3,"st_q_reg[1]/C","gen_lane[1].i_p2_pop_slice/bool_result_q_reg[47]/CE","P2 popcount capture","FDCE=2;LUT2=1;LUT5=2"
949,1.759,5.000,3.030,0.875,2.155,0.711,3,"st_q_reg[1]/C","gen_lane[1].i_p2_pop_slice/bool_result_q_reg[48]/CE","P2 popcount capture","FDCE=2;LUT2=1;LUT5=2"
950,1.759,5.000,3.030,0.875,2.155,0.711,3,"st_q_reg[1]/C","gen_lane[1].i_p2_pop_slice/bool_result_q_reg[49]/CE","P2 popcount capture","FDCE=2;LUT2=1;LUT5=2"
951,1.759,5.000,3.030,0.875,2.155,0.711,3,"st_q_reg[1]/C","gen_lane[1].i_p2_pop_slice/bool_result_q_reg[4]/CE","P2 popcount capture","FDCE=2;LUT2=1;LUT5=2"
952,1.759,5.000,3.030,0.875,2.155,0.711,3,"st_q_reg[1]/C","gen_lane[1].i_p2_pop_slice/bool_result_q_reg[50]/CE","P2 popcount capture","FDCE=2;LUT2=1;LUT5=2"
953,1.759,5.000,3.030,0.875,2.155,0.711,3,"st_q_reg[1]/C","gen_lane[1].i_p2_pop_slice/bool_result_q_reg[51]/CE","P2 popcount capture","FDCE=2;LUT2=1;LUT5=2"
954,1.759,5.000,3.030,0.875,2.155,0.711,3,"st_q_reg[1]/C","gen_lane[1].i_p2_pop_slice/bool_result_q_reg[52]/CE","P2 popcount capture","FDCE=2;LUT2=1;LUT5=2"
955,1.759,5.000,3.030,0.875,2.155,0.711,3,"st_q_reg[1]/C","gen_lane[1].i_p2_pop_slice/bool_result_q_reg[53]/CE","P2 popcount capture","FDCE=2;LUT2=1;LUT5=2"
956,1.759,5.000,3.030,0.875,2.155,0.711,3,"st_q_reg[1]/C","gen_lane[1].i_p2_pop_slice/bool_result_q_reg[54]/CE","P2 popcount capture","FDCE=2;LUT2=1;LUT5=2"
957,1.759,5.000,3.030,0.875,2.155,0.711,3,"st_q_reg[1]/C","gen_lane[1].i_p2_pop_slice/bool_result_q_reg[55]/CE","P2 popcount capture","FDCE=2;LUT2=1;LUT5=2"
958,1.759,5.000,3.030,0.875,2.155,0.711,3,"st_q_reg[1]/C","gen_lane[1].i_p2_pop_slice/bool_result_q_reg[56]/CE","P2 popcount capture","FDCE=2;LUT2=1;LUT5=2"
959,1.759,5.000,3.030,0.875,2.155,0.711,3,"st_q_reg[1]/C","gen_lane[1].i_p2_pop_slice/bool_result_q_reg[57]/CE","P2 popcount capture","FDCE=2;LUT2=1;LUT5=2"
960,1.759,5.000,3.030,0.875,2.155,0.711,3,"st_q_reg[1]/C","gen_lane[1].i_p2_pop_slice/bool_result_q_reg[58]/CE","P2 popcount capture","FDCE=2;LUT2=1;LUT5=2"
961,1.759,5.000,3.030,0.875,2.155,0.711,3,"st_q_reg[1]/C","gen_lane[1].i_p2_pop_slice/bool_result_q_reg[59]/CE","P2 popcount capture","FDCE=2;LUT2=1;LUT5=2"
962,1.759,5.000,3.030,0.875,2.155,0.711,3,"st_q_reg[1]/C","gen_lane[1].i_p2_pop_slice/bool_result_q_reg[5]/CE","P2 popcount capture","FDCE=2;LUT2=1;LUT5=2"
963,1.759,5.000,3.030,0.875,2.155,0.711,3,"st_q_reg[1]/C","gen_lane[1].i_p2_pop_slice/bool_result_q_reg[60]/CE","P2 popcount capture","FDCE=2;LUT2=1;LUT5=2"
964,1.759,5.000,3.030,0.875,2.155,0.711,3,"st_q_reg[1]/C","gen_lane[1].i_p2_pop_slice/bool_result_q_reg[61]/CE","P2 popcount capture","FDCE=2;LUT2=1;LUT5=2"
965,1.759,5.000,3.030,0.875,2.155,0.711,3,"st_q_reg[1]/C","gen_lane[1].i_p2_pop_slice/bool_result_q_reg[62]/CE","P2 popcount capture","FDCE=2;LUT2=1;LUT5=2"
966,1.759,5.000,3.030,0.875,2.155,0.711,3,"st_q_reg[1]/C","gen_lane[1].i_p2_pop_slice/bool_result_q_reg[63]/CE","P2 popcount capture","FDCE=2;LUT2=1;LUT5=2"
967,1.759,5.000,3.030,0.875,2.155,0.711,3,"st_q_reg[1]/C","gen_lane[1].i_p2_pop_slice/bool_result_q_reg[6]/CE","P2 popcount capture","FDCE=2;LUT2=1;LUT5=2"
968,1.759,5.000,3.030,0.875,2.155,0.711,3,"st_q_reg[1]/C","gen_lane[1].i_p2_pop_slice/bool_result_q_reg[7]/CE","P2 popcount capture","FDCE=2;LUT2=1;LUT5=2"
969,1.759,5.000,3.030,0.875,2.155,0.711,3,"st_q_reg[1]/C","gen_lane[1].i_p2_pop_slice/bool_result_q_reg[8]/CE","P2 popcount capture","FDCE=2;LUT2=1;LUT5=2"
970,1.759,5.000,3.030,0.875,2.155,0.711,3,"st_q_reg[1]/C","gen_lane[1].i_p2_pop_slice/bool_result_q_reg[9]/CE","P2 popcount capture","FDCE=2;LUT2=1;LUT5=2"
971,1.759,5.000,3.030,0.875,2.155,0.711,3,"st_q_reg[1]/C","gen_lane[2].i_p2_pop_slice/bool_result_q_reg[0]/CE","P2 popcount capture","FDCE=2;LUT2=1;LUT5=2"
972,1.759,5.000,3.030,0.875,2.155,0.711,3,"st_q_reg[1]/C","gen_lane[2].i_p2_pop_slice/bool_result_q_reg[10]/CE","P2 popcount capture","FDCE=2;LUT2=1;LUT5=2"
973,1.759,5.000,3.030,0.875,2.155,0.711,3,"st_q_reg[1]/C","gen_lane[2].i_p2_pop_slice/bool_result_q_reg[11]/CE","P2 popcount capture","FDCE=2;LUT2=1;LUT5=2"
974,1.759,5.000,3.030,0.875,2.155,0.711,3,"st_q_reg[1]/C","gen_lane[2].i_p2_pop_slice/bool_result_q_reg[12]/CE","P2 popcount capture","FDCE=2;LUT2=1;LUT5=2"
975,1.759,5.000,3.030,0.875,2.155,0.711,3,"st_q_reg[1]/C","gen_lane[2].i_p2_pop_slice/bool_result_q_reg[13]/CE","P2 popcount capture","FDCE=2;LUT2=1;LUT5=2"
976,1.759,5.000,3.030,0.875,2.155,0.711,3,"st_q_reg[1]/C","gen_lane[2].i_p2_pop_slice/bool_result_q_reg[14]/CE","P2 popcount capture","FDCE=2;LUT2=1;LUT5=2"
977,1.759,5.000,3.030,0.875,2.155,0.711,3,"st_q_reg[1]/C","gen_lane[2].i_p2_pop_slice/bool_result_q_reg[15]/CE","P2 popcount capture","FDCE=2;LUT2=1;LUT5=2"
978,1.759,5.000,3.030,0.875,2.155,0.711,3,"st_q_reg[1]/C","gen_lane[2].i_p2_pop_slice/bool_result_q_reg[16]/CE","P2 popcount capture","FDCE=2;LUT2=1;LUT5=2"
979,1.759,5.000,3.030,0.875,2.155,0.711,3,"st_q_reg[1]/C","gen_lane[2].i_p2_pop_slice/bool_result_q_reg[17]/CE","P2 popcount capture","FDCE=2;LUT2=1;LUT5=2"
980,1.759,5.000,3.030,0.875,2.155,0.711,3,"st_q_reg[1]/C","gen_lane[2].i_p2_pop_slice/bool_result_q_reg[18]/CE","P2 popcount capture","FDCE=2;LUT2=1;LUT5=2"
981,1.759,5.000,3.030,0.875,2.155,0.711,3,"st_q_reg[1]/C","gen_lane[2].i_p2_pop_slice/bool_result_q_reg[19]/CE","P2 popcount capture","FDCE=2;LUT2=1;LUT5=2"
982,1.759,5.000,3.030,0.875,2.155,0.711,3,"st_q_reg[1]/C","gen_lane[2].i_p2_pop_slice/bool_result_q_reg[1]/CE","P2 popcount capture","FDCE=2;LUT2=1;LUT5=2"
983,1.759,5.000,3.030,0.875,2.155,0.711,3,"st_q_reg[1]/C","gen_lane[2].i_p2_pop_slice/bool_result_q_reg[20]/CE","P2 popcount capture","FDCE=2;LUT2=1;LUT5=2"
984,1.759,5.000,3.030,0.875,2.155,0.711,3,"st_q_reg[1]/C","gen_lane[2].i_p2_pop_slice/bool_result_q_reg[21]/CE","P2 popcount capture","FDCE=2;LUT2=1;LUT5=2"
985,1.759,5.000,3.030,0.875,2.155,0.711,3,"st_q_reg[1]/C","gen_lane[2].i_p2_pop_slice/bool_result_q_reg[22]/CE","P2 popcount capture","FDCE=2;LUT2=1;LUT5=2"
986,1.759,5.000,3.030,0.875,2.155,0.711,3,"st_q_reg[1]/C","gen_lane[2].i_p2_pop_slice/bool_result_q_reg[23]/CE","P2 popcount capture","FDCE=2;LUT2=1;LUT5=2"
987,1.759,5.000,3.030,0.875,2.155,0.711,3,"st_q_reg[1]/C","gen_lane[2].i_p2_pop_slice/bool_result_q_reg[24]/CE","P2 popcount capture","FDCE=2;LUT2=1;LUT5=2"
988,1.759,5.000,3.030,0.875,2.155,0.711,3,"st_q_reg[1]/C","gen_lane[2].i_p2_pop_slice/bool_result_q_reg[25]/CE","P2 popcount capture","FDCE=2;LUT2=1;LUT5=2"
989,1.759,5.000,3.030,0.875,2.155,0.711,3,"st_q_reg[1]/C","gen_lane[2].i_p2_pop_slice/bool_result_q_reg[26]/CE","P2 popcount capture","FDCE=2;LUT2=1;LUT5=2"
990,1.759,5.000,3.030,0.875,2.155,0.711,3,"st_q_reg[1]/C","gen_lane[2].i_p2_pop_slice/bool_result_q_reg[27]/CE","P2 popcount capture","FDCE=2;LUT2=1;LUT5=2"
991,1.759,5.000,3.030,0.875,2.155,0.711,3,"st_q_reg[1]/C","gen_lane[2].i_p2_pop_slice/bool_result_q_reg[28]/CE","P2 popcount capture","FDCE=2;LUT2=1;LUT5=2"
992,1.759,5.000,3.030,0.875,2.155,0.711,3,"st_q_reg[1]/C","gen_lane[2].i_p2_pop_slice/bool_result_q_reg[29]/CE","P2 popcount capture","FDCE=2;LUT2=1;LUT5=2"
993,1.759,5.000,3.030,0.875,2.155,0.711,3,"st_q_reg[1]/C","gen_lane[2].i_p2_pop_slice/bool_result_q_reg[2]/CE","P2 popcount capture","FDCE=2;LUT2=1;LUT5=2"
994,1.759,5.000,3.030,0.875,2.155,0.711,3,"st_q_reg[1]/C","gen_lane[2].i_p2_pop_slice/bool_result_q_reg[30]/CE","P2 popcount capture","FDCE=2;LUT2=1;LUT5=2"
995,1.759,5.000,3.030,0.875,2.155,0.711,3,"st_q_reg[1]/C","gen_lane[2].i_p2_pop_slice/bool_result_q_reg[31]/CE","P2 popcount capture","FDCE=2;LUT2=1;LUT5=2"
996,1.759,5.000,3.030,0.875,2.155,0.711,3,"st_q_reg[1]/C","gen_lane[2].i_p2_pop_slice/bool_result_q_reg[32]/CE","P2 popcount capture","FDCE=2;LUT2=1;LUT5=2"
997,1.759,5.000,3.030,0.875,2.155,0.711,3,"st_q_reg[1]/C","gen_lane[2].i_p2_pop_slice/bool_result_q_reg[33]/CE","P2 popcount capture","FDCE=2;LUT2=1;LUT5=2"
998,1.759,5.000,3.030,0.875,2.155,0.711,3,"st_q_reg[1]/C","gen_lane[2].i_p2_pop_slice/bool_result_q_reg[34]/CE","P2 popcount capture","FDCE=2;LUT2=1;LUT5=2"
999,1.759,5.000,3.030,0.875,2.155,0.711,3,"st_q_reg[1]/C","gen_lane[2].i_p2_pop_slice/bool_result_q_reg[35]/CE","P2 popcount capture","FDCE=2;LUT2=1;LUT5=2"
1000,1.759,5.000,3.030,0.875,2.155,0.711,3,"st_q_reg[1]/C","gen_lane[2].i_p2_pop_slice/bool_result_q_reg[36]/CE","P2 popcount capture","FDCE=2;LUT2=1;LUT5=2"
