Copyright 1986-2022 Xilinx, Inc. All Rights Reserved. Copyright 2022-2024 Advanced Micro Devices, Inc. All Rights Reserved.
----------------------------------------------------------------------------------------------------------------------------------------------------------------------------------------------------------------------------------------------------------------------------------------------------------
| Tool Version : Vivado v.2024.2 (win64) Build 5239630 Fri Nov 08 22:35:27 MST 2024
| Date         : Wed Aug  5 10:39:21 2026
| Host         : WIN-20240824NZS running 64-bit major release  (build 9200)
| Command      : report_timing -delay_type max -max_paths 200 -sort_by slack -from [all_registers] -to [all_registers] -input_pins -nets -file E:/HDEC/cva6-vhdc-core/tmp/hdec_vv35_ecc_area_worktree/tmp/hdec_logs/vv35_dual_independent_impl_timing_20260805/reports/04_route_timing_reg2reg_top200.rpt
| Design       : vv35_dual_accel_core_top
| Device       : 7z020-clg400
| Speed File   : -2  PRODUCTION 1.12 2019-11-22
| Design State : Routed
----------------------------------------------------------------------------------------------------------------------------------------------------------------------------------------------------------------------------------------------------------------------------------------------------------

Timing Report

Slack (MET) :             0.035ns  (required time - arrival time)
  Source:                 u_ecc/u_core/FSM_onehot_st_q_reg[26]/C
                            (rising edge-triggered cell FDCE clocked by clk_i  {rise@0.000ns fall@2.500ns period=5.000ns})
  Destination:            u_ecc/u_core/hdc_src0_q_reg[1][45]/D
                            (rising edge-triggered cell FDCE clocked by clk_i  {rise@0.000ns fall@2.500ns period=5.000ns})
  Path Group:             clk_i
  Path Type:              Setup (Max at Slow Process Corner)
  Requirement:            5.000ns  (clk_i rise@5.000ns - clk_i rise@0.000ns)
  Data Path Delay:        4.920ns  (logic 1.009ns (20.508%)  route 3.911ns (79.492%))
  Logic Levels:           6  (LUT2=1 LUT4=1 LUT5=2 LUT6=2)
  Clock Path Skew:        -0.039ns (DCD - SCD + CPR)
    Destination Clock Delay (DCD):    0.748ns = ( 5.748 - 5.000 ) 
    Source Clock Delay      (SCD):    0.787ns
    Clock Pessimism Removal (CPR):    0.000ns
  Clock Uncertainty:      0.035ns  ((TSJ^2 + TIJ^2)^1/2 + DJ) / 2 + PE
    Total System Jitter     (TSJ):    0.071ns
    Total Input Jitter      (TIJ):    0.000ns
    Discrete Jitter          (DJ):    0.000ns
    Phase Error              (PE):    0.000ns

    Location             Delay type                Incr(ns)  Path(ns)    Netlist Resource(s)
  -------------------------------------------------------------------    -------------------
                         (clock clk_i rise edge)      0.000     0.000 r  
                                                      0.000     0.000 r  clk_i (IN)
                         net (fo=2611, unset)         0.787     0.787    u_ecc/u_core/clk_i
    SLICE_X79Y45         FDCE                                         r  u_ecc/u_core/FSM_onehot_st_q_reg[26]/C
  -------------------------------------------------------------------    -------------------
    SLICE_X79Y45         FDCE (Prop_fdce_C_Q)         0.379     1.166 r  u_ecc/u_core/FSM_onehot_st_q_reg[26]/Q
                         net (fo=296, routed)         1.126     2.292    u_ecc/u_core/FSM_onehot_st_q_reg_n_0_[26]
    SLICE_X74Y44                                                      r  u_ecc/u_core/i_vec_i_744/I3
    SLICE_X74Y44         LUT6 (Prop_lut6_I3_O)        0.105     2.397 r  u_ecc/u_core/i_vec_i_744/O
                         net (fo=8, routed)           0.520     2.917    u_ecc/u_core/i_vec_i_744_n_0
    SLICE_X77Y43                                                      r  u_ecc/u_core/i_vec_i_406/I1
    SLICE_X77Y43         LUT4 (Prop_lut4_I1_O)        0.105     3.022 r  u_ecc/u_core/i_vec_i_406/O
                         net (fo=2, routed)           0.464     3.486    u_ecc/u_core/i_vec_i_406_n_0
    SLICE_X79Y43                                                      r  u_ecc/u_core/i_vec_i_619/I0
    SLICE_X79Y43         LUT5 (Prop_lut5_I0_O)        0.105     3.591 r  u_ecc/u_core/i_vec_i_619/O
                         net (fo=2, routed)           0.852     4.442    u_ecc/u_core/i_vec_i_619_n_0
    SLICE_X88Y46                                                      r  u_ecc/u_core/i_vec_i_182/I2
    SLICE_X88Y46         LUT5 (Prop_lut5_I2_O)        0.105     4.547 r  u_ecc/u_core/i_vec_i_182/O
                         net (fo=2, routed)           0.359     4.906    u_ecc/u_core/i_vec/xor0_contribution_packet_i[1][45]
    SLICE_X88Y46                                                      r  u_ecc/u_core/i_vec/xor0_field_packet_o[109]_INST_0/I0
    SLICE_X88Y46         LUT2 (Prop_lut2_I0_O)        0.105     5.011 r  u_ecc/u_core/i_vec/xor0_field_packet_o[109]_INST_0/O
                         net (fo=1, routed)           0.591     5.602    u_ecc/u_core/xor0_field_packet[109]
    SLICE_X88Y38                                                      r  u_ecc/u_core/hdc_src0_q[1][45]_i_1/I4
    SLICE_X88Y38         LUT6 (Prop_lut6_I4_O)        0.105     5.707 r  u_ecc/u_core/hdc_src0_q[1][45]_i_1/O
                         net (fo=1, routed)           0.000     5.707    u_ecc/u_core/hdc_src0_q[1][45]_i_1_n_0
    SLICE_X88Y38         FDCE                                         r  u_ecc/u_core/hdc_src0_q_reg[1][45]/D
  -------------------------------------------------------------------    -------------------

                         (clock clk_i rise edge)      5.000     5.000 r  
                                                      0.000     5.000 r  clk_i (IN)
                         net (fo=2611, unset)         0.748     5.748    u_ecc/u_core/clk_i
    SLICE_X88Y38         FDCE                                         r  u_ecc/u_core/hdc_src0_q_reg[1][45]/C
                         clock pessimism              0.000     5.748    
                         clock uncertainty           -0.035     5.712    
    SLICE_X88Y38         FDCE (Setup_fdce_C_D)        0.030     5.742    u_ecc/u_core/hdc_src0_q_reg[1][45]
  -------------------------------------------------------------------
                         required time                          5.742    
                         arrival time                          -5.707    
  -------------------------------------------------------------------
                         slack                                  0.035    

Slack (MET) :             0.039ns  (required time - arrival time)
  Source:                 u_ecc/u_core/ecc_leaf_path_q_reg[2]/C
                            (rising edge-triggered cell FDCE clocked by clk_i  {rise@0.000ns fall@2.500ns period=5.000ns})
  Destination:            u_ecc/u_core/hdc_src0_q_reg[2][62]/D
                            (rising edge-triggered cell FDCE clocked by clk_i  {rise@0.000ns fall@2.500ns period=5.000ns})
  Path Group:             clk_i
  Path Type:              Setup (Max at Slow Process Corner)
  Requirement:            5.000ns  (clk_i rise@5.000ns - clk_i rise@0.000ns)
  Data Path Delay:        4.918ns  (logic 1.146ns (23.300%)  route 3.772ns (76.700%))
  Logic Levels:           5  (LUT2=1 LUT4=2 LUT6=2)
  Clock Path Skew:        -0.039ns (DCD - SCD + CPR)
    Destination Clock Delay (DCD):    0.748ns = ( 5.748 - 5.000 ) 
    Source Clock Delay      (SCD):    0.787ns
    Clock Pessimism Removal (CPR):    0.000ns
  Clock Uncertainty:      0.035ns  ((TSJ^2 + TIJ^2)^1/2 + DJ) / 2 + PE
    Total System Jitter     (TSJ):    0.071ns
    Total Input Jitter      (TIJ):    0.000ns
    Discrete Jitter          (DJ):    0.000ns
    Phase Error              (PE):    0.000ns

    Location             Delay type                Incr(ns)  Path(ns)    Netlist Resource(s)
  -------------------------------------------------------------------    -------------------
                         (clock clk_i rise edge)      0.000     0.000 r  
                                                      0.000     0.000 r  clk_i (IN)
                         net (fo=2611, unset)         0.787     0.787    u_ecc/u_core/clk_i
    SLICE_X58Y43         FDCE                                         r  u_ecc/u_core/ecc_leaf_path_q_reg[2]/C
  -------------------------------------------------------------------    -------------------
    SLICE_X58Y43         FDCE (Prop_fdce_C_Q)         0.433     1.220 f  u_ecc/u_core/ecc_leaf_path_q_reg[2]/Q
                         net (fo=111, routed)         0.736     1.956    u_ecc/u_core/path[2]
    SLICE_X71Y43                                                      f  u_ecc/u_core/i_vec_i_813/I1
    SLICE_X71Y43         LUT4 (Prop_lut4_I1_O)        0.105     2.061 r  u_ecc/u_core/i_vec_i_813/O
                         net (fo=100, routed)         1.294     3.355    u_ecc/u_core/i_vec_i_813_n_0
    SLICE_X87Y48                                                      r  u_ecc/u_core/i_vec_i_417/I0
    SLICE_X87Y48         LUT4 (Prop_lut4_I0_O)        0.105     3.460 r  u_ecc/u_core/i_vec_i_417/O
                         net (fo=2, routed)           0.585     4.045    u_ecc/u_core/i_vec_i_417_n_0
    SLICE_X83Y49                                                      r  u_ecc/u_core/i_vec_i_101/I2
    SLICE_X83Y49         LUT6 (Prop_lut6_I2_O)        0.105     4.150 r  u_ecc/u_core/i_vec_i_101/O
                         net (fo=2, routed)           0.618     4.768    u_ecc/u_core/i_vec/xor0_contribution_packet_i[2][62]
    SLICE_X76Y48                                                      r  u_ecc/u_core/i_vec/xor0_field_packet_o[190]_INST_0/I0
    SLICE_X76Y48         LUT2 (Prop_lut2_I0_O)        0.124     4.892 r  u_ecc/u_core/i_vec/xor0_field_packet_o[190]_INST_0/O
                         net (fo=1, routed)           0.540     5.431    u_ecc/u_core/xor0_field_packet[190]
    SLICE_X65Y43                                                      r  u_ecc/u_core/hdc_src0_q[2][62]_i_1/I4
    SLICE_X65Y43         LUT6 (Prop_lut6_I4_O)        0.274     5.705 r  u_ecc/u_core/hdc_src0_q[2][62]_i_1/O
                         net (fo=1, routed)           0.000     5.705    u_ecc/u_core/hdc_src0_q[2][62]_i_1_n_0
    SLICE_X65Y43         FDCE                                         r  u_ecc/u_core/hdc_src0_q_reg[2][62]/D
  -------------------------------------------------------------------    -------------------

                         (clock clk_i rise edge)      5.000     5.000 r  
                                                      0.000     5.000 r  clk_i (IN)
                         net (fo=2611, unset)         0.748     5.748    u_ecc/u_core/clk_i
    SLICE_X65Y43         FDCE                                         r  u_ecc/u_core/hdc_src0_q_reg[2][62]/C
                         clock pessimism              0.000     5.748    
                         clock uncertainty           -0.035     5.712    
    SLICE_X65Y43         FDCE (Setup_fdce_C_D)        0.032     5.744    u_ecc/u_core/hdc_src0_q_reg[2][62]
  -------------------------------------------------------------------
                         required time                          5.744    
                         arrival time                          -5.705    
  -------------------------------------------------------------------
                         slack                                  0.039    

Slack (MET) :             0.053ns  (required time - arrival time)
  Source:                 last_compute_owner_q_reg[0]/C
                            (rising edge-triggered cell FDCE clocked by clk_i  {rise@0.000ns fall@2.500ns period=5.000ns})
  Destination:            u_ecc/u_core/FSM_onehot_st_q_reg[30]_rep/CE
                            (rising edge-triggered cell FDCE clocked by clk_i  {rise@0.000ns fall@2.500ns period=5.000ns})
  Path Group:             clk_i
  Path Type:              Setup (Max at Slow Process Corner)
  Requirement:            5.000ns  (clk_i rise@5.000ns - clk_i rise@0.000ns)
  Data Path Delay:        4.704ns  (logic 0.904ns (19.216%)  route 3.800ns (80.784%))
  Logic Levels:           5  (LUT2=1 LUT6=4)
  Clock Path Skew:        -0.039ns (DCD - SCD + CPR)
    Destination Clock Delay (DCD):    0.748ns = ( 5.748 - 5.000 ) 
    Source Clock Delay      (SCD):    0.787ns
    Clock Pessimism Removal (CPR):    0.000ns
  Clock Uncertainty:      0.035ns  ((TSJ^2 + TIJ^2)^1/2 + DJ) / 2 + PE
    Total System Jitter     (TSJ):    0.071ns
    Total Input Jitter      (TIJ):    0.000ns
    Discrete Jitter          (DJ):    0.000ns
    Phase Error              (PE):    0.000ns

    Location             Delay type                Incr(ns)  Path(ns)    Netlist Resource(s)
  -------------------------------------------------------------------    -------------------
                         (clock clk_i rise edge)      0.000     0.000 r  
                                                      0.000     0.000 r  clk_i (IN)
                         net (fo=2611, unset)         0.787     0.787    clk_i
    SLICE_X47Y22         FDCE                                         r  last_compute_owner_q_reg[0]/C
  -------------------------------------------------------------------    -------------------
    SLICE_X47Y22         FDCE (Prop_fdce_C_Q)         0.379     1.166 f  last_compute_owner_q_reg[0]/Q
                         net (fo=3, routed)           0.374     1.540    last_compute_owner_q_reg_n_0_[0]
    SLICE_X44Y22                                                      f  ready_o_INST_0_i_1/I5
    SLICE_X44Y22         LUT6 (Prop_lut6_I5_O)        0.105     1.645 r  ready_o_INST_0_i_1/O
                         net (fo=6, routed)           0.421     2.066    ready_o_INST_0_i_1_n_0
    SLICE_X45Y22                                                      r  u_hdc_i_2/I3
    SLICE_X45Y22         LUT6 (Prop_lut6_I3_O)        0.105     2.171 r  u_hdc_i_2/O
                         net (fo=8, routed)           0.684     2.854    p_8_in
    SLICE_X45Y23                                                      r  u_ecc_i_1/I0
    SLICE_X45Y23         LUT6 (Prop_lut6_I0_O)        0.105     2.959 r  u_ecc_i_1/O
                         net (fo=3, routed)           0.519     3.478    u_ecc/u_core/valid_i
    SLICE_X45Y29                                                      r  u_ecc/u_core/a_q[63]_i_1/I0
    SLICE_X45Y29         LUT2 (Prop_lut2_I0_O)        0.105     3.583 r  u_ecc/u_core/a_q[63]_i_1/O
                         net (fo=69, routed)          0.428     4.011    u_ecc/u_core/op_n
    SLICE_X45Y36                                                      r  u_ecc/u_core/FSM_onehot_st_q[4]_i_1/I2
    SLICE_X45Y36         LUT6 (Prop_lut6_I2_O)        0.105     4.116 r  u_ecc/u_core/FSM_onehot_st_q[4]_i_1/O
                         net (fo=53, routed)          1.375     5.491    u_ecc/u_core/FSM_onehot_st_q[4]_i_1_n_0
    SLICE_X83Y44         FDCE                                         r  u_ecc/u_core/FSM_onehot_st_q_reg[30]_rep/CE
  -------------------------------------------------------------------    -------------------

                         (clock clk_i rise edge)      5.000     5.000 r  
                                                      0.000     5.000 r  clk_i (IN)
                         net (fo=2611, unset)         0.748     5.748    u_ecc/u_core/clk_i
    SLICE_X83Y44         FDCE                                         r  u_ecc/u_core/FSM_onehot_st_q_reg[30]_rep/C
                         clock pessimism              0.000     5.748    
                         clock uncertainty           -0.035     5.712    
    SLICE_X83Y44         FDCE (Setup_fdce_C_CE)      -0.168     5.544    u_ecc/u_core/FSM_onehot_st_q_reg[30]_rep
  -------------------------------------------------------------------
                         required time                          5.544    
                         arrival time                          -5.491    
  -------------------------------------------------------------------
                         slack                                  0.053    

Slack (MET) :             0.059ns  (required time - arrival time)
  Source:                 u_ecc/u_core/ecc_kpd64_sub_q_reg[0]/C
                            (rising edge-triggered cell FDCE clocked by clk_i  {rise@0.000ns fall@2.500ns period=5.000ns})
  Destination:            u_ecc/u_core/hdc_src0_q_reg[0][16]/D
                            (rising edge-triggered cell FDCE clocked by clk_i  {rise@0.000ns fall@2.500ns period=5.000ns})
  Path Group:             clk_i
  Path Type:              Setup (Max at Slow Process Corner)
  Requirement:            5.000ns  (clk_i rise@5.000ns - clk_i rise@0.000ns)
  Data Path Delay:        4.896ns  (logic 1.092ns (22.303%)  route 3.804ns (77.697%))
  Logic Levels:           5  (LUT2=1 LUT4=1 LUT6=3)
  Clock Path Skew:        -0.039ns (DCD - SCD + CPR)
    Destination Clock Delay (DCD):    0.748ns = ( 5.748 - 5.000 ) 
    Source Clock Delay      (SCD):    0.787ns
    Clock Pessimism Removal (CPR):    0.000ns
  Clock Uncertainty:      0.035ns  ((TSJ^2 + TIJ^2)^1/2 + DJ) / 2 + PE
    Total System Jitter     (TSJ):    0.071ns
    Total Input Jitter      (TIJ):    0.000ns
    Discrete Jitter          (DJ):    0.000ns
    Phase Error              (PE):    0.000ns

    Location             Delay type                Incr(ns)  Path(ns)    Netlist Resource(s)
  -------------------------------------------------------------------    -------------------
                         (clock clk_i rise edge)      0.000     0.000 r  
                                                      0.000     0.000 r  clk_i (IN)
                         net (fo=2611, unset)         0.787     0.787    u_ecc/u_core/clk_i
    SLICE_X73Y43         FDCE                                         r  u_ecc/u_core/ecc_kpd64_sub_q_reg[0]/C
  -------------------------------------------------------------------    -------------------
    SLICE_X73Y43         FDCE (Prop_fdce_C_Q)         0.379     1.166 r  u_ecc/u_core/ecc_kpd64_sub_q_reg[0]/Q
                         net (fo=146, routed)         1.461     2.627    u_ecc/u_core/ecc_kpd64_sub_q[0]
    SLICE_X83Y51                                                      r  u_ecc/u_core/i_vec_i_803/I3
    SLICE_X83Y51         LUT6 (Prop_lut6_I3_O)        0.105     2.732 r  u_ecc/u_core/i_vec_i_803/O
                         net (fo=8, routed)           0.699     3.431    u_ecc/u_core/i_vec_i_803_n_0
    SLICE_X79Y43                                                      r  u_ecc/u_core/i_vec_i_462/I3
    SLICE_X79Y43         LUT4 (Prop_lut4_I3_O)        0.105     3.536 r  u_ecc/u_core/i_vec_i_462/O
                         net (fo=3, routed)           0.711     4.247    u_ecc/u_core/i_vec_i_462_n_0
    SLICE_X72Y39                                                      r  u_ecc/u_core/i_vec_i_275/I5
    SLICE_X72Y39         LUT6 (Prop_lut6_I5_O)        0.105     4.352 r  u_ecc/u_core/i_vec_i_275/O
                         net (fo=2, routed)           0.592     4.944    u_ecc/u_core/i_vec/xor0_contribution_packet_i[0][16]
    SLICE_X71Y39                                                      r  u_ecc/u_core/i_vec/xor0_field_packet_o[16]_INST_0/I0
    SLICE_X71Y39         LUT2 (Prop_lut2_I0_O)        0.124     5.068 r  u_ecc/u_core/i_vec/xor0_field_packet_o[16]_INST_0/O
                         net (fo=1, routed)           0.341     5.409    u_ecc/u_core/xor0_field_packet[16]
    SLICE_X72Y39                                                      r  u_ecc/u_core/hdc_src0_q[0][16]_i_1/I4
    SLICE_X72Y39         LUT6 (Prop_lut6_I4_O)        0.274     5.683 r  u_ecc/u_core/hdc_src0_q[0][16]_i_1/O
                         net (fo=1, routed)           0.000     5.683    u_ecc/u_core/hdc_src0_q[0][16]_i_1_n_0
    SLICE_X72Y39         FDCE                                         r  u_ecc/u_core/hdc_src0_q_reg[0][16]/D
  -------------------------------------------------------------------    -------------------

                         (clock clk_i rise edge)      5.000     5.000 r  
                                                      0.000     5.000 r  clk_i (IN)
                         net (fo=2611, unset)         0.748     5.748    u_ecc/u_core/clk_i
    SLICE_X72Y39         FDCE                                         r  u_ecc/u_core/hdc_src0_q_reg[0][16]/C
                         clock pessimism              0.000     5.748    
                         clock uncertainty           -0.035     5.712    
    SLICE_X72Y39         FDCE (Setup_fdce_C_D)        0.030     5.742    u_ecc/u_core/hdc_src0_q_reg[0][16]
  -------------------------------------------------------------------
                         required time                          5.742    
                         arrival time                          -5.683    
  -------------------------------------------------------------------
                         slack                                  0.059    

Slack (MET) :             0.061ns  (required time - arrival time)
  Source:                 u_ecc/u_core/ecc_leaf_path_q_reg[3]/C
                            (rising edge-triggered cell FDCE clocked by clk_i  {rise@0.000ns fall@2.500ns period=5.000ns})
  Destination:            u_ecc/u_core/hdc_src0_q_reg[1][56]/D
                            (rising edge-triggered cell FDCE clocked by clk_i  {rise@0.000ns fall@2.500ns period=5.000ns})
  Path Group:             clk_i
  Path Type:              Setup (Max at Slow Process Corner)
  Requirement:            5.000ns  (clk_i rise@5.000ns - clk_i rise@0.000ns)
  Data Path Delay:        4.940ns  (logic 1.009ns (20.424%)  route 3.931ns (79.576%))
  Logic Levels:           6  (LUT2=1 LUT4=1 LUT5=2 LUT6=2)
  Clock Path Skew:        -0.039ns (DCD - SCD + CPR)
    Destination Clock Delay (DCD):    0.748ns = ( 5.748 - 5.000 ) 
    Source Clock Delay      (SCD):    0.787ns
    Clock Pessimism Removal (CPR):    0.000ns
  Clock Uncertainty:      0.035ns  ((TSJ^2 + TIJ^2)^1/2 + DJ) / 2 + PE
    Total System Jitter     (TSJ):    0.071ns
    Total Input Jitter      (TIJ):    0.000ns
    Discrete Jitter          (DJ):    0.000ns
    Phase Error              (PE):    0.000ns

    Location             Delay type                Incr(ns)  Path(ns)    Netlist Resource(s)
  -------------------------------------------------------------------    -------------------
                         (clock clk_i rise edge)      0.000     0.000 r  
                                                      0.000     0.000 r  clk_i (IN)
                         net (fo=2611, unset)         0.787     0.787    u_ecc/u_core/clk_i
    SLICE_X69Y43         FDCE                                         r  u_ecc/u_core/ecc_leaf_path_q_reg[3]/C
  -------------------------------------------------------------------    -------------------
    SLICE_X69Y43         FDCE (Prop_fdce_C_Q)         0.379     1.166 r  u_ecc/u_core/ecc_leaf_path_q_reg[3]/Q
                         net (fo=109, routed)         0.721     1.887    u_ecc/u_core/path[3]
    SLICE_X63Y43                                                      r  u_ecc/u_core/i_vec_i_298/I2
    SLICE_X63Y43         LUT4 (Prop_lut4_I2_O)        0.105     1.992 r  u_ecc/u_core/i_vec_i_298/O
                         net (fo=111, routed)         1.057     3.049    u_ecc/u_core/i_vec_i_298_n_0
    SLICE_X71Y48                                                      r  u_ecc/u_core/i_vec_i_378/I1
    SLICE_X71Y48         LUT6 (Prop_lut6_I1_O)        0.105     3.154 r  u_ecc/u_core/i_vec_i_378/O
                         net (fo=2, routed)           0.357     3.511    u_ecc/u_core/i_vec_i_378_n_0
    SLICE_X72Y48                                                      r  u_ecc/u_core/i_vec_i_592/I0
    SLICE_X72Y48         LUT5 (Prop_lut5_I0_O)        0.105     3.616 r  u_ecc/u_core/i_vec_i_592/O
                         net (fo=2, routed)           0.687     4.303    u_ecc/u_core/i_vec_i_592_n_0
    SLICE_X82Y42                                                      r  u_ecc/u_core/i_vec_i_171/I2
    SLICE_X82Y42         LUT5 (Prop_lut5_I2_O)        0.105     4.408 r  u_ecc/u_core/i_vec_i_171/O
                         net (fo=2, routed)           0.733     5.141    u_ecc/u_core/i_vec/xor0_contribution_packet_i[1][56]
    SLICE_X82Y39                                                      r  u_ecc/u_core/i_vec/xor0_field_packet_o[120]_INST_0/I0
    SLICE_X82Y39         LUT2 (Prop_lut2_I0_O)        0.105     5.246 r  u_ecc/u_core/i_vec/xor0_field_packet_o[120]_INST_0/O
                         net (fo=1, routed)           0.376     5.622    u_ecc/u_core/xor0_field_packet[120]
    SLICE_X82Y39                                                      r  u_ecc/u_core/hdc_src0_q[1][56]_i_1/I4
    SLICE_X82Y39         LUT6 (Prop_lut6_I4_O)        0.105     5.727 r  u_ecc/u_core/hdc_src0_q[1][56]_i_1/O
                         net (fo=1, routed)           0.000     5.727    u_ecc/u_core/hdc_src0_q[1][56]_i_1_n_0
    SLICE_X82Y39         FDCE                                         r  u_ecc/u_core/hdc_src0_q_reg[1][56]/D
  -------------------------------------------------------------------    -------------------

                         (clock clk_i rise edge)      5.000     5.000 r  
                                                      0.000     5.000 r  clk_i (IN)
                         net (fo=2611, unset)         0.748     5.748    u_ecc/u_core/clk_i
    SLICE_X82Y39         FDCE                                         r  u_ecc/u_core/hdc_src0_q_reg[1][56]/C
                         clock pessimism              0.000     5.748    
                         clock uncertainty           -0.035     5.712    
    SLICE_X82Y39         FDCE (Setup_fdce_C_D)        0.076     5.788    u_ecc/u_core/hdc_src0_q_reg[1][56]
  -------------------------------------------------------------------
                         required time                          5.788    
                         arrival time                          -5.727    
  -------------------------------------------------------------------
                         slack                                  0.061    

Slack (MET) :             0.062ns  (required time - arrival time)
  Source:                 u_ecc/u_core/i_vrf/gen_bank[0].vrf_mem_reg/CLKARDCLK
                            (rising edge-triggered cell RAMB36E1 clocked by clk_i  {rise@0.000ns fall@2.500ns period=5.000ns})
  Destination:            u_ecc/u_core/i_vec/payload_q_reg[0][22]/D
                            (rising edge-triggered cell FDCE clocked by clk_i  {rise@0.000ns fall@2.500ns period=5.000ns})
  Path Group:             clk_i
  Path Type:              Setup (Max at Slow Process Corner)
  Requirement:            5.000ns  (clk_i rise@5.000ns - clk_i rise@0.000ns)
  Data Path Delay:        4.893ns  (logic 2.616ns (53.465%)  route 2.277ns (46.535%))
  Logic Levels:           3  (LUT2=1 LUT3=1 LUT5=1)
  Clock Path Skew:        -0.039ns (DCD - SCD + CPR)
    Destination Clock Delay (DCD):    0.748ns = ( 5.748 - 5.000 ) 
    Source Clock Delay      (SCD):    0.787ns
    Clock Pessimism Removal (CPR):    0.000ns
  Clock Uncertainty:      0.035ns  ((TSJ^2 + TIJ^2)^1/2 + DJ) / 2 + PE
    Total System Jitter     (TSJ):    0.071ns
    Total Input Jitter      (TIJ):    0.000ns
    Discrete Jitter          (DJ):    0.000ns
    Phase Error              (PE):    0.000ns

    Location             Delay type                Incr(ns)  Path(ns)    Netlist Resource(s)
  -------------------------------------------------------------------    -------------------
                         (clock clk_i rise edge)      0.000     0.000 r  
                                                      0.000     0.000 r  clk_i (IN)
                         net (fo=2611, unset)         0.787     0.787    u_ecc/u_core/i_vrf/clk_i
    RAMB36_X3Y9          RAMB36E1                                     r  u_ecc/u_core/i_vrf/gen_bank[0].vrf_mem_reg/CLKARDCLK
  -------------------------------------------------------------------    -------------------
    RAMB36_X3Y9          RAMB36E1 (Prop_ramb36e1_CLKARDCLK_DOADO[22])
                                                      2.125     2.912 r  u_ecc/u_core/i_vrf/gen_bank[0].vrf_mem_reg/DOADO[22]
                         net (fo=2, routed)           1.257     4.169    u_ecc/u_core/i_vec/hdc_pair_src_b_i[0][22]
    SLICE_X57Y37                                                      r  u_ecc/u_core/i_vec/i_gf2_contribution_row_tile_i_490/I2
    SLICE_X57Y37         LUT3 (Prop_lut3_I2_O)        0.119     4.288 r  u_ecc/u_core/i_vec/i_gf2_contribution_row_tile_i_490/O
                         net (fo=1, routed)           0.511     4.798    u_ecc/u_core/i_vec/i_gf2_contribution_row_tile/matrix_src_b_i[0][22]
    SLICE_X59Y37                                                      r  u_ecc/u_core/i_vec/i_gf2_contribution_row_tile/matrix_product_o[0][22]_INST_0/I1
    SLICE_X59Y37         LUT2 (Prop_lut2_I1_O)        0.267     5.065 r  u_ecc/u_core/i_vec/i_gf2_contribution_row_tile/matrix_product_o[0][22]_INST_0/O
                         net (fo=1, routed)           0.510     5.575    u_ecc/u_core/i_vec/tile_product_word[0][22]
    SLICE_X71Y38                                                      r  u_ecc/u_core/i_vec/payload_q[0][22]_i_1/I4
    SLICE_X71Y38         LUT5 (Prop_lut5_I4_O)        0.105     5.680 r  u_ecc/u_core/i_vec/payload_q[0][22]_i_1/O
                         net (fo=1, routed)           0.000     5.680    u_ecc/u_core/i_vec/payload_q[0][22]_i_1_n_0
    SLICE_X71Y38         FDCE                                         r  u_ecc/u_core/i_vec/payload_q_reg[0][22]/D
  -------------------------------------------------------------------    -------------------

                         (clock clk_i rise edge)      5.000     5.000 r  
                                                      0.000     5.000 r  clk_i (IN)
                         net (fo=2611, unset)         0.748     5.748    u_ecc/u_core/i_vec/clk_i
    SLICE_X71Y38         FDCE                                         r  u_ecc/u_core/i_vec/payload_q_reg[0][22]/C
                         clock pessimism              0.000     5.748    
                         clock uncertainty           -0.035     5.712    
    SLICE_X71Y38         FDCE (Setup_fdce_C_D)        0.030     5.742    u_ecc/u_core/i_vec/payload_q_reg[0][22]
  -------------------------------------------------------------------
                         required time                          5.742    
                         arrival time                          -5.680    
  -------------------------------------------------------------------
                         slack                                  0.062    

Slack (MET) :             0.079ns  (required time - arrival time)
  Source:                 last_compute_owner_q_reg[0]/C
                            (rising edge-triggered cell FDCE clocked by clk_i  {rise@0.000ns fall@2.500ns period=5.000ns})
  Destination:            u_ecc/u_core/FSM_onehot_st_q_reg[26]/CE
                            (rising edge-triggered cell FDCE clocked by clk_i  {rise@0.000ns fall@2.500ns period=5.000ns})
  Path Group:             clk_i
  Path Type:              Setup (Max at Slow Process Corner)
  Requirement:            5.000ns  (clk_i rise@5.000ns - clk_i rise@0.000ns)
  Data Path Delay:        4.679ns  (logic 0.904ns (19.321%)  route 3.775ns (80.679%))
  Logic Levels:           5  (LUT2=1 LUT6=4)
  Clock Path Skew:        -0.039ns (DCD - SCD + CPR)
    Destination Clock Delay (DCD):    0.748ns = ( 5.748 - 5.000 ) 
    Source Clock Delay      (SCD):    0.787ns
    Clock Pessimism Removal (CPR):    0.000ns
  Clock Uncertainty:      0.035ns  ((TSJ^2 + TIJ^2)^1/2 + DJ) / 2 + PE
    Total System Jitter     (TSJ):    0.071ns
    Total Input Jitter      (TIJ):    0.000ns
    Discrete Jitter          (DJ):    0.000ns
    Phase Error              (PE):    0.000ns

    Location             Delay type                Incr(ns)  Path(ns)    Netlist Resource(s)
  -------------------------------------------------------------------    -------------------
                         (clock clk_i rise edge)      0.000     0.000 r  
                                                      0.000     0.000 r  clk_i (IN)
                         net (fo=2611, unset)         0.787     0.787    clk_i
    SLICE_X47Y22         FDCE                                         r  last_compute_owner_q_reg[0]/C
  -------------------------------------------------------------------    -------------------
    SLICE_X47Y22         FDCE (Prop_fdce_C_Q)         0.379     1.166 f  last_compute_owner_q_reg[0]/Q
                         net (fo=3, routed)           0.374     1.540    last_compute_owner_q_reg_n_0_[0]
    SLICE_X44Y22                                                      f  ready_o_INST_0_i_1/I5
    SLICE_X44Y22         LUT6 (Prop_lut6_I5_O)        0.105     1.645 r  ready_o_INST_0_i_1/O
                         net (fo=6, routed)           0.421     2.066    ready_o_INST_0_i_1_n_0
    SLICE_X45Y22                                                      r  u_hdc_i_2/I3
    SLICE_X45Y22         LUT6 (Prop_lut6_I3_O)        0.105     2.171 r  u_hdc_i_2/O
                         net (fo=8, routed)           0.684     2.854    p_8_in
    SLICE_X45Y23                                                      r  u_ecc_i_1/I0
    SLICE_X45Y23         LUT6 (Prop_lut6_I0_O)        0.105     2.959 r  u_ecc_i_1/O
                         net (fo=3, routed)           0.519     3.478    u_ecc/u_core/valid_i
    SLICE_X45Y29                                                      r  u_ecc/u_core/a_q[63]_i_1/I0
    SLICE_X45Y29         LUT2 (Prop_lut2_I0_O)        0.105     3.583 r  u_ecc/u_core/a_q[63]_i_1/O
                         net (fo=69, routed)          0.428     4.011    u_ecc/u_core/op_n
    SLICE_X45Y36                                                      r  u_ecc/u_core/FSM_onehot_st_q[4]_i_1/I2
    SLICE_X45Y36         LUT6 (Prop_lut6_I2_O)        0.105     4.116 r  u_ecc/u_core/FSM_onehot_st_q[4]_i_1/O
                         net (fo=53, routed)          1.350     5.466    u_ecc/u_core/FSM_onehot_st_q[4]_i_1_n_0
    SLICE_X79Y45         FDCE                                         r  u_ecc/u_core/FSM_onehot_st_q_reg[26]/CE
  -------------------------------------------------------------------    -------------------

                         (clock clk_i rise edge)      5.000     5.000 r  
                                                      0.000     5.000 r  clk_i (IN)
                         net (fo=2611, unset)         0.748     5.748    u_ecc/u_core/clk_i
    SLICE_X79Y45         FDCE                                         r  u_ecc/u_core/FSM_onehot_st_q_reg[26]/C
                         clock pessimism              0.000     5.748    
                         clock uncertainty           -0.035     5.712    
    SLICE_X79Y45         FDCE (Setup_fdce_C_CE)      -0.168     5.544    u_ecc/u_core/FSM_onehot_st_q_reg[26]
  -------------------------------------------------------------------
                         required time                          5.544    
                         arrival time                          -5.466    
  -------------------------------------------------------------------
                         slack                                  0.079    

Slack (MET) :             0.084ns  (required time - arrival time)
  Source:                 u_ecc/u_core/ecc_kpd64_sub_q_reg[1]/C
                            (rising edge-triggered cell FDCE clocked by clk_i  {rise@0.000ns fall@2.500ns period=5.000ns})
  Destination:            u_ecc/u_core/hdc_src0_q_reg[2][50]/D
                            (rising edge-triggered cell FDCE clocked by clk_i  {rise@0.000ns fall@2.500ns period=5.000ns})
  Path Group:             clk_i
  Path Type:              Setup (Max at Slow Process Corner)
  Requirement:            5.000ns  (clk_i rise@5.000ns - clk_i rise@0.000ns)
  Data Path Delay:        4.871ns  (logic 1.180ns (24.223%)  route 3.691ns (75.777%))
  Logic Levels:           6  (LUT2=1 LUT5=1 LUT6=4)
  Clock Path Skew:        -0.039ns (DCD - SCD + CPR)
    Destination Clock Delay (DCD):    0.748ns = ( 5.748 - 5.000 ) 
    Source Clock Delay      (SCD):    0.787ns
    Clock Pessimism Removal (CPR):    0.000ns
  Clock Uncertainty:      0.035ns  ((TSJ^2 + TIJ^2)^1/2 + DJ) / 2 + PE
    Total System Jitter     (TSJ):    0.071ns
    Total Input Jitter      (TIJ):    0.000ns
    Discrete Jitter          (DJ):    0.000ns
    Phase Error              (PE):    0.000ns

    Location             Delay type                Incr(ns)  Path(ns)    Netlist Resource(s)
  -------------------------------------------------------------------    -------------------
                         (clock clk_i rise edge)      0.000     0.000 r  
                                                      0.000     0.000 r  clk_i (IN)
                         net (fo=2611, unset)         0.787     0.787    u_ecc/u_core/clk_i
    SLICE_X73Y46         FDCE                                         r  u_ecc/u_core/ecc_kpd64_sub_q_reg[1]/C
  -------------------------------------------------------------------    -------------------
    SLICE_X73Y46         FDCE (Prop_fdce_C_Q)         0.379     1.166 f  u_ecc/u_core/ecc_kpd64_sub_q_reg[1]/Q
                         net (fo=111, routed)         1.466     2.632    u_ecc/u_core/ecc_kpd64_sub_q[1]
    SLICE_X88Y44                                                      f  u_ecc/u_core/i_vec_i_539/I2
    SLICE_X88Y44         LUT6 (Prop_lut6_I2_O)        0.105     2.737 r  u_ecc/u_core/i_vec_i_539/O
                         net (fo=10, routed)          0.546     3.283    u_ecc/u_core/i_vec_i_539_n_0
    SLICE_X86Y41                                                      r  u_ecc/u_core/i_vec_i_633/I5
    SLICE_X86Y41         LUT6 (Prop_lut6_I5_O)        0.105     3.388 r  u_ecc/u_core/i_vec_i_633/O
                         net (fo=2, routed)           0.474     3.862    u_ecc/u_core/i_vec_i_633_n_0
    SLICE_X85Y41                                                      r  u_ecc/u_core/i_vec_i_454/I4
    SLICE_X85Y41         LUT5 (Prop_lut5_I4_O)        0.105     3.967 r  u_ecc/u_core/i_vec_i_454/O
                         net (fo=1, routed)           0.313     4.281    u_ecc/u_core/i_vec_i_454_n_0
    SLICE_X85Y41                                                      r  u_ecc/u_core/i_vec_i_113/I5
    SLICE_X85Y41         LUT6 (Prop_lut6_I5_O)        0.105     4.386 r  u_ecc/u_core/i_vec_i_113/O
                         net (fo=2, routed)           0.644     5.030    u_ecc/u_core/i_vec/xor0_contribution_packet_i[2][50]
    SLICE_X75Y34                                                      r  u_ecc/u_core/i_vec/xor0_field_packet_o[178]_INST_0/I0
    SLICE_X75Y34         LUT2 (Prop_lut2_I0_O)        0.107     5.137 r  u_ecc/u_core/i_vec/xor0_field_packet_o[178]_INST_0/O
                         net (fo=1, routed)           0.248     5.384    u_ecc/u_core/xor0_field_packet[178]
    SLICE_X70Y34                                                      r  u_ecc/u_core/hdc_src0_q[2][50]_i_1/I4
    SLICE_X70Y34         LUT6 (Prop_lut6_I4_O)        0.274     5.658 r  u_ecc/u_core/hdc_src0_q[2][50]_i_1/O
                         net (fo=1, routed)           0.000     5.658    u_ecc/u_core/hdc_src0_q[2][50]_i_1_n_0
    SLICE_X70Y34         FDCE                                         r  u_ecc/u_core/hdc_src0_q_reg[2][50]/D
  -------------------------------------------------------------------    -------------------

                         (clock clk_i rise edge)      5.000     5.000 r  
                                                      0.000     5.000 r  clk_i (IN)
                         net (fo=2611, unset)         0.748     5.748    u_ecc/u_core/clk_i
    SLICE_X70Y34         FDCE                                         r  u_ecc/u_core/hdc_src0_q_reg[2][50]/C
                         clock pessimism              0.000     5.748    
                         clock uncertainty           -0.035     5.712    
    SLICE_X70Y34         FDCE (Setup_fdce_C_D)        0.030     5.742    u_ecc/u_core/hdc_src0_q_reg[2][50]
  -------------------------------------------------------------------
                         required time                          5.742    
                         arrival time                          -5.658    
  -------------------------------------------------------------------
                         slack                                  0.084    

Slack (MET) :             0.096ns  (required time - arrival time)
  Source:                 u_ecc/u_core/ecc_leaf_path_q_reg[3]/C
                            (rising edge-triggered cell FDCE clocked by clk_i  {rise@0.000ns fall@2.500ns period=5.000ns})
  Destination:            u_ecc/u_core/i_vec/payload_q_reg[0][30]/D
                            (rising edge-triggered cell FDCE clocked by clk_i  {rise@0.000ns fall@2.500ns period=5.000ns})
  Path Group:             clk_i
  Path Type:              Setup (Max at Slow Process Corner)
  Requirement:            5.000ns  (clk_i rise@5.000ns - clk_i rise@0.000ns)
  Data Path Delay:        4.860ns  (logic 1.185ns (24.385%)  route 3.675ns (75.615%))
  Logic Levels:           6  (LUT2=1 LUT3=2 LUT4=1 LUT5=1 LUT6=1)
  Clock Path Skew:        -0.039ns (DCD - SCD + CPR)
    Destination Clock Delay (DCD):    0.748ns = ( 5.748 - 5.000 ) 
    Source Clock Delay      (SCD):    0.787ns
    Clock Pessimism Removal (CPR):    0.000ns
  Clock Uncertainty:      0.035ns  ((TSJ^2 + TIJ^2)^1/2 + DJ) / 2 + PE
    Total System Jitter     (TSJ):    0.071ns
    Total Input Jitter      (TIJ):    0.000ns
    Discrete Jitter          (DJ):    0.000ns
    Phase Error              (PE):    0.000ns

    Location             Delay type                Incr(ns)  Path(ns)    Netlist Resource(s)
  -------------------------------------------------------------------    -------------------
                         (clock clk_i rise edge)      0.000     0.000 r  
                                                      0.000     0.000 r  clk_i (IN)
                         net (fo=2611, unset)         0.787     0.787    u_ecc/u_core/clk_i
    SLICE_X69Y43         FDCE                                         r  u_ecc/u_core/ecc_leaf_path_q_reg[3]/C
  -------------------------------------------------------------------    -------------------
    SLICE_X69Y43         FDCE (Prop_fdce_C_Q)         0.379     1.166 f  u_ecc/u_core/ecc_leaf_path_q_reg[3]/Q
                         net (fo=109, routed)         0.721     1.887    u_ecc/u_core/path[3]
    SLICE_X63Y43                                                      f  u_ecc/u_core/i_vec_i_298/I2
    SLICE_X63Y43         LUT4 (Prop_lut4_I2_O)        0.105     1.992 f  u_ecc/u_core/i_vec_i_298/O
                         net (fo=111, routed)         0.239     2.231    u_ecc/u_core/i_vec_i_298_n_0
    SLICE_X63Y43                                                      f  u_ecc/u_core/i_vec_i_293/I0
    SLICE_X63Y43         LUT3 (Prop_lut3_I0_O)        0.105     2.336 f  u_ecc/u_core/i_vec_i_293/O
                         net (fo=1, routed)           0.257     2.593    u_ecc/u_core/i_vec_i_293_n_0
    SLICE_X64Y42                                                      f  u_ecc/u_core/i_vec_i_2/I4
    SLICE_X64Y42         LUT6 (Prop_lut6_I4_O)        0.105     2.698 r  u_ecc/u_core/i_vec_i_2/O
                         net (fo=769, routed)         1.520     4.218    u_ecc/u_core/i_vec/payload_product_i
    SLICE_X56Y48                                                      r  u_ecc/u_core/i_vec/i_gf2_contribution_row_tile_i_482/I1
    SLICE_X56Y48         LUT3 (Prop_lut3_I1_O)        0.119     4.337 r  u_ecc/u_core/i_vec/i_gf2_contribution_row_tile_i_482/O
                         net (fo=1, routed)           0.447     4.784    u_ecc/u_core/i_vec/i_gf2_contribution_row_tile/matrix_src_b_i[0][30]
    SLICE_X58Y48                                                      r  u_ecc/u_core/i_vec/i_gf2_contribution_row_tile/matrix_product_o[0][30]_INST_0/I1
    SLICE_X58Y48         LUT2 (Prop_lut2_I1_O)        0.267     5.051 r  u_ecc/u_core/i_vec/i_gf2_contribution_row_tile/matrix_product_o[0][30]_INST_0/O
                         net (fo=1, routed)           0.491     5.542    u_ecc/u_core/i_vec/tile_product_word[0][30]
    SLICE_X67Y48                                                      r  u_ecc/u_core/i_vec/payload_q[0][30]_i_1/I4
    SLICE_X67Y48         LUT5 (Prop_lut5_I4_O)        0.105     5.647 r  u_ecc/u_core/i_vec/payload_q[0][30]_i_1/O
                         net (fo=1, routed)           0.000     5.647    u_ecc/u_core/i_vec/payload_q[0][30]_i_1_n_0
    SLICE_X67Y48         FDCE                                         r  u_ecc/u_core/i_vec/payload_q_reg[0][30]/D
  -------------------------------------------------------------------    -------------------

                         (clock clk_i rise edge)      5.000     5.000 r  
                                                      0.000     5.000 r  clk_i (IN)
                         net (fo=2611, unset)         0.748     5.748    u_ecc/u_core/i_vec/clk_i
    SLICE_X67Y48         FDCE                                         r  u_ecc/u_core/i_vec/payload_q_reg[0][30]/C
                         clock pessimism              0.000     5.748    
                         clock uncertainty           -0.035     5.712    
    SLICE_X67Y48         FDCE (Setup_fdce_C_D)        0.030     5.742    u_ecc/u_core/i_vec/payload_q_reg[0][30]
  -------------------------------------------------------------------
                         required time                          5.742    
                         arrival time                          -5.647    
  -------------------------------------------------------------------
                         slack                                  0.096    

Slack (MET) :             0.115ns  (required time - arrival time)
  Source:                 u_ecc/u_core/ecc_pmul_subop_q_reg[0]/C
                            (rising edge-triggered cell FDCE clocked by clk_i  {rise@0.000ns fall@2.500ns period=5.000ns})
  Destination:            u_ecc/u_core/hdc_src0_q_reg[0][21]/CE
                            (rising edge-triggered cell FDCE clocked by clk_i  {rise@0.000ns fall@2.500ns period=5.000ns})
  Path Group:             clk_i
  Path Type:              Setup (Max at Slow Process Corner)
  Requirement:            5.000ns  (clk_i rise@5.000ns - clk_i rise@0.000ns)
  Data Path Delay:        4.642ns  (logic 1.137ns (24.492%)  route 3.505ns (75.508%))
  Logic Levels:           5  (LUT3=1 LUT6=4)
  Clock Path Skew:        -0.039ns (DCD - SCD + CPR)
    Destination Clock Delay (DCD):    0.748ns = ( 5.748 - 5.000 ) 
    Source Clock Delay      (SCD):    0.787ns
    Clock Pessimism Removal (CPR):    0.000ns
  Clock Uncertainty:      0.035ns  ((TSJ^2 + TIJ^2)^1/2 + DJ) / 2 + PE
    Total System Jitter     (TSJ):    0.071ns
    Total Input Jitter      (TIJ):    0.000ns
    Discrete Jitter          (DJ):    0.000ns
    Phase Error              (PE):    0.000ns

    Location             Delay type                Incr(ns)  Path(ns)    Netlist Resource(s)
  -------------------------------------------------------------------    -------------------
                         (clock clk_i rise edge)      0.000     0.000 r  
                                                      0.000     0.000 r  clk_i (IN)
                         net (fo=2611, unset)         0.787     0.787    u_ecc/u_core/clk_i
    SLICE_X46Y34         FDCE                                         r  u_ecc/u_core/ecc_pmul_subop_q_reg[0]/C
  -------------------------------------------------------------------    -------------------
    SLICE_X46Y34         FDCE (Prop_fdce_C_Q)         0.433     1.220 r  u_ecc/u_core/ecc_pmul_subop_q_reg[0]/Q
                         net (fo=60, routed)          0.606     1.826    u_ecc/u_core/subop[0]
    SLICE_X46Y35                                                      r  u_ecc/u_core/ecc_sqr_repeat_q[6]_i_11/I0
    SLICE_X46Y35         LUT3 (Prop_lut3_I0_O)        0.125     1.951 r  u_ecc/u_core/ecc_sqr_repeat_q[6]_i_11/O
                         net (fo=6, routed)           0.426     2.377    u_ecc/u_core/ecc_sqr_repeat_q[6]_i_11_n_0
    SLICE_X46Y36                                                      r  u_ecc/u_core/ecc_leaf_xor_a_q[31]_i_5/I0
    SLICE_X46Y36         LUT6 (Prop_lut6_I0_O)        0.264     2.641 f  u_ecc/u_core/ecc_leaf_xor_a_q[31]_i_5/O
                         net (fo=15, routed)          0.272     2.913    u_ecc/u_core/ecc_leaf_xor_a_q[31]_i_5_n_0
    SLICE_X47Y36                                                      f  u_ecc/u_core/hdc_src0_q[3][63]_i_6/I5
    SLICE_X47Y36         LUT6 (Prop_lut6_I5_O)        0.105     3.018 r  u_ecc/u_core/hdc_src0_q[3][63]_i_6/O
                         net (fo=1, routed)           0.258     3.276    u_ecc/u_core/hdc_src0_q[3][63]_i_6_n_0
    SLICE_X47Y37                                                      r  u_ecc/u_core/hdc_src0_q[3][63]_i_3/I5
    SLICE_X47Y37         LUT6 (Prop_lut6_I5_O)        0.105     3.381 r  u_ecc/u_core/hdc_src0_q[3][63]_i_3/O
                         net (fo=4, routed)           0.836     4.217    u_ecc/u_core/hdc_src0_q[3][63]_i_3_n_0
    SLICE_X78Y42                                                      r  u_ecc/u_core/hdc_src0_q[1][63]_i_1/I5
    SLICE_X78Y42         LUT6 (Prop_lut6_I5_O)        0.105     4.322 r  u_ecc/u_core/hdc_src0_q[1][63]_i_1/O
                         net (fo=128, routed)         1.107     5.429    u_ecc/u_core/hdc_src0_q[1][63]_i_1_n_0
    SLICE_X76Y49         FDCE                                         r  u_ecc/u_core/hdc_src0_q_reg[0][21]/CE
  -------------------------------------------------------------------    -------------------

                         (clock clk_i rise edge)      5.000     5.000 r  
                                                      0.000     5.000 r  clk_i (IN)
                         net (fo=2611, unset)         0.748     5.748    u_ecc/u_core/clk_i
    SLICE_X76Y49         FDCE                                         r  u_ecc/u_core/hdc_src0_q_reg[0][21]/C
                         clock pessimism              0.000     5.748    
                         clock uncertainty           -0.035     5.712    
    SLICE_X76Y49         FDCE (Setup_fdce_C_CE)      -0.168     5.544    u_ecc/u_core/hdc_src0_q_reg[0][21]
  -------------------------------------------------------------------
                         required time                          5.544    
                         arrival time                          -5.429    
  -------------------------------------------------------------------
                         slack                                  0.115    

Slack (MET) :             0.115ns  (required time - arrival time)
  Source:                 u_ecc/u_core/ecc_pmul_subop_q_reg[0]/C
                            (rising edge-triggered cell FDCE clocked by clk_i  {rise@0.000ns fall@2.500ns period=5.000ns})
  Destination:            u_ecc/u_core/hdc_src0_q_reg[0][37]/CE
                            (rising edge-triggered cell FDCE clocked by clk_i  {rise@0.000ns fall@2.500ns period=5.000ns})
  Path Group:             clk_i
  Path Type:              Setup (Max at Slow Process Corner)
  Requirement:            5.000ns  (clk_i rise@5.000ns - clk_i rise@0.000ns)
  Data Path Delay:        4.642ns  (logic 1.137ns (24.492%)  route 3.505ns (75.508%))
  Logic Levels:           5  (LUT3=1 LUT6=4)
  Clock Path Skew:        -0.039ns (DCD - SCD + CPR)
    Destination Clock Delay (DCD):    0.748ns = ( 5.748 - 5.000 ) 
    Source Clock Delay      (SCD):    0.787ns
    Clock Pessimism Removal (CPR):    0.000ns
  Clock Uncertainty:      0.035ns  ((TSJ^2 + TIJ^2)^1/2 + DJ) / 2 + PE
    Total System Jitter     (TSJ):    0.071ns
    Total Input Jitter      (TIJ):    0.000ns
    Discrete Jitter          (DJ):    0.000ns
    Phase Error              (PE):    0.000ns

    Location             Delay type                Incr(ns)  Path(ns)    Netlist Resource(s)
  -------------------------------------------------------------------    -------------------
                         (clock clk_i rise edge)      0.000     0.000 r  
                                                      0.000     0.000 r  clk_i (IN)
                         net (fo=2611, unset)         0.787     0.787    u_ecc/u_core/clk_i
    SLICE_X46Y34         FDCE                                         r  u_ecc/u_core/ecc_pmul_subop_q_reg[0]/C
  -------------------------------------------------------------------    -------------------
    SLICE_X46Y34         FDCE (Prop_fdce_C_Q)         0.433     1.220 r  u_ecc/u_core/ecc_pmul_subop_q_reg[0]/Q
                         net (fo=60, routed)          0.606     1.826    u_ecc/u_core/subop[0]
    SLICE_X46Y35                                                      r  u_ecc/u_core/ecc_sqr_repeat_q[6]_i_11/I0
    SLICE_X46Y35         LUT3 (Prop_lut3_I0_O)        0.125     1.951 r  u_ecc/u_core/ecc_sqr_repeat_q[6]_i_11/O
                         net (fo=6, routed)           0.426     2.377    u_ecc/u_core/ecc_sqr_repeat_q[6]_i_11_n_0
    SLICE_X46Y36                                                      r  u_ecc/u_core/ecc_leaf_xor_a_q[31]_i_5/I0
    SLICE_X46Y36         LUT6 (Prop_lut6_I0_O)        0.264     2.641 f  u_ecc/u_core/ecc_leaf_xor_a_q[31]_i_5/O
                         net (fo=15, routed)          0.272     2.913    u_ecc/u_core/ecc_leaf_xor_a_q[31]_i_5_n_0
    SLICE_X47Y36                                                      f  u_ecc/u_core/hdc_src0_q[3][63]_i_6/I5
    SLICE_X47Y36         LUT6 (Prop_lut6_I5_O)        0.105     3.018 r  u_ecc/u_core/hdc_src0_q[3][63]_i_6/O
                         net (fo=1, routed)           0.258     3.276    u_ecc/u_core/hdc_src0_q[3][63]_i_6_n_0
    SLICE_X47Y37                                                      r  u_ecc/u_core/hdc_src0_q[3][63]_i_3/I5
    SLICE_X47Y37         LUT6 (Prop_lut6_I5_O)        0.105     3.381 r  u_ecc/u_core/hdc_src0_q[3][63]_i_3/O
                         net (fo=4, routed)           0.836     4.217    u_ecc/u_core/hdc_src0_q[3][63]_i_3_n_0
    SLICE_X78Y42                                                      r  u_ecc/u_core/hdc_src0_q[1][63]_i_1/I5
    SLICE_X78Y42         LUT6 (Prop_lut6_I5_O)        0.105     4.322 r  u_ecc/u_core/hdc_src0_q[1][63]_i_1/O
                         net (fo=128, routed)         1.107     5.429    u_ecc/u_core/hdc_src0_q[1][63]_i_1_n_0
    SLICE_X76Y49         FDCE                                         r  u_ecc/u_core/hdc_src0_q_reg[0][37]/CE
  -------------------------------------------------------------------    -------------------

                         (clock clk_i rise edge)      5.000     5.000 r  
                                                      0.000     5.000 r  clk_i (IN)
                         net (fo=2611, unset)         0.748     5.748    u_ecc/u_core/clk_i
    SLICE_X76Y49         FDCE                                         r  u_ecc/u_core/hdc_src0_q_reg[0][37]/C
                         clock pessimism              0.000     5.748    
                         clock uncertainty           -0.035     5.712    
    SLICE_X76Y49         FDCE (Setup_fdce_C_CE)      -0.168     5.544    u_ecc/u_core/hdc_src0_q_reg[0][37]
  -------------------------------------------------------------------
                         required time                          5.544    
                         arrival time                          -5.429    
  -------------------------------------------------------------------
                         slack                                  0.115    

Slack (MET) :             0.115ns  (required time - arrival time)
  Source:                 u_ecc/u_core/ecc_leaf_path_q_reg[2]/C
                            (rising edge-triggered cell FDCE clocked by clk_i  {rise@0.000ns fall@2.500ns period=5.000ns})
  Destination:            u_ecc/u_core/hdc_src0_q_reg[2][55]/D
                            (rising edge-triggered cell FDCE clocked by clk_i  {rise@0.000ns fall@2.500ns period=5.000ns})
  Path Group:             clk_i
  Path Type:              Setup (Max at Slow Process Corner)
  Requirement:            5.000ns  (clk_i rise@5.000ns - clk_i rise@0.000ns)
  Data Path Delay:        4.842ns  (logic 1.129ns (23.317%)  route 3.713ns (76.683%))
  Logic Levels:           5  (LUT2=1 LUT4=2 LUT5=1 LUT6=1)
  Clock Path Skew:        -0.039ns (DCD - SCD + CPR)
    Destination Clock Delay (DCD):    0.748ns = ( 5.748 - 5.000 ) 
    Source Clock Delay      (SCD):    0.787ns
    Clock Pessimism Removal (CPR):    0.000ns
  Clock Uncertainty:      0.035ns  ((TSJ^2 + TIJ^2)^1/2 + DJ) / 2 + PE
    Total System Jitter     (TSJ):    0.071ns
    Total Input Jitter      (TIJ):    0.000ns
    Discrete Jitter          (DJ):    0.000ns
    Phase Error              (PE):    0.000ns

    Location             Delay type                Incr(ns)  Path(ns)    Netlist Resource(s)
  -------------------------------------------------------------------    -------------------
                         (clock clk_i rise edge)      0.000     0.000 r  
                                                      0.000     0.000 r  clk_i (IN)
                         net (fo=2611, unset)         0.787     0.787    u_ecc/u_core/clk_i
    SLICE_X58Y43         FDCE                                         r  u_ecc/u_core/ecc_leaf_path_q_reg[2]/C
  -------------------------------------------------------------------    -------------------
    SLICE_X58Y43         FDCE (Prop_fdce_C_Q)         0.433     1.220 f  u_ecc/u_core/ecc_leaf_path_q_reg[2]/Q
                         net (fo=111, routed)         0.736     1.956    u_ecc/u_core/path[2]
    SLICE_X71Y43                                                      f  u_ecc/u_core/i_vec_i_813/I1
    SLICE_X71Y43         LUT4 (Prop_lut4_I1_O)        0.105     2.061 r  u_ecc/u_core/i_vec_i_813/O
                         net (fo=100, routed)         1.156     3.217    u_ecc/u_core/i_vec_i_813_n_0
    SLICE_X84Y40                                                      r  u_ecc/u_core/i_vec_i_437/I0
    SLICE_X84Y40         LUT4 (Prop_lut4_I0_O)        0.105     3.322 r  u_ecc/u_core/i_vec_i_437/O
                         net (fo=3, routed)           0.641     3.964    u_ecc/u_core/i_vec_i_437_n_0
    SLICE_X84Y46                                                      r  u_ecc/u_core/i_vec_i_108/I2
    SLICE_X84Y46         LUT5 (Prop_lut5_I2_O)        0.105     4.069 r  u_ecc/u_core/i_vec_i_108/O
                         net (fo=2, routed)           0.772     4.841    u_ecc/u_core/i_vec/xor0_contribution_packet_i[2][55]
    SLICE_X74Y47                                                      r  u_ecc/u_core/i_vec/xor0_field_packet_o[183]_INST_0/I0
    SLICE_X74Y47         LUT2 (Prop_lut2_I0_O)        0.107     4.948 r  u_ecc/u_core/i_vec/xor0_field_packet_o[183]_INST_0/O
                         net (fo=1, routed)           0.407     5.355    u_ecc/u_core/xor0_field_packet[183]
    SLICE_X68Y42                                                      r  u_ecc/u_core/hdc_src0_q[2][55]_i_1/I4
    SLICE_X68Y42         LUT6 (Prop_lut6_I4_O)        0.274     5.629 r  u_ecc/u_core/hdc_src0_q[2][55]_i_1/O
                         net (fo=1, routed)           0.000     5.629    u_ecc/u_core/hdc_src0_q[2][55]_i_1_n_0
    SLICE_X68Y42         FDCE                                         r  u_ecc/u_core/hdc_src0_q_reg[2][55]/D
  -------------------------------------------------------------------    -------------------

                         (clock clk_i rise edge)      5.000     5.000 r  
                                                      0.000     5.000 r  clk_i (IN)
                         net (fo=2611, unset)         0.748     5.748    u_ecc/u_core/clk_i
    SLICE_X68Y42         FDCE                                         r  u_ecc/u_core/hdc_src0_q_reg[2][55]/C
                         clock pessimism              0.000     5.748    
                         clock uncertainty           -0.035     5.712    
    SLICE_X68Y42         FDCE (Setup_fdce_C_D)        0.032     5.744    u_ecc/u_core/hdc_src0_q_reg[2][55]
  -------------------------------------------------------------------
                         required time                          5.744    
                         arrival time                          -5.629    
  -------------------------------------------------------------------
                         slack                                  0.115    

Slack (MET) :             0.116ns  (required time - arrival time)
  Source:                 u_hdc/u_core/i_vec/popcount_part_q_reg[2][1][0]/C
                            (rising edge-triggered cell FDCE clocked by clk_i  {rise@0.000ns fall@2.500ns period=5.000ns})
  Destination:            u_hdc/u_core/group_dist_q_reg[8]/D
                            (rising edge-triggered cell FDCE clocked by clk_i  {rise@0.000ns fall@2.500ns period=5.000ns})
  Path Group:             clk_i
  Path Type:              Setup (Max at Slow Process Corner)
  Requirement:            5.000ns  (clk_i rise@5.000ns - clk_i rise@0.000ns)
  Data Path Delay:        4.869ns  (logic 2.208ns (45.353%)  route 2.661ns (54.647%))
  Logic Levels:           7  (CARRY4=4 LUT3=2 LUT5=1)
  Clock Path Skew:        -0.039ns (DCD - SCD + CPR)
    Destination Clock Delay (DCD):    0.748ns = ( 5.748 - 5.000 ) 
    Source Clock Delay      (SCD):    0.787ns
    Clock Pessimism Removal (CPR):    0.000ns
  Clock Uncertainty:      0.035ns  ((TSJ^2 + TIJ^2)^1/2 + DJ) / 2 + PE
    Total System Jitter     (TSJ):    0.071ns
    Total Input Jitter      (TIJ):    0.000ns
    Discrete Jitter          (DJ):    0.000ns
    Phase Error              (PE):    0.000ns

    Location             Delay type                Incr(ns)  Path(ns)    Netlist Resource(s)
  -------------------------------------------------------------------    -------------------
                         (clock clk_i rise edge)      0.000     0.000 r  
                                                      0.000     0.000 r  clk_i (IN)
                         net (fo=2611, unset)         0.787     0.787    u_hdc/u_core/i_vec/clk_i
    SLICE_X80Y15         FDCE                                         r  u_hdc/u_core/i_vec/popcount_part_q_reg[2][1][0]/C
  -------------------------------------------------------------------    -------------------
    SLICE_X80Y15         FDCE (Prop_fdce_C_Q)         0.379     1.166 r  u_hdc/u_core/i_vec/popcount_part_q_reg[2][1][0]/Q
                         net (fo=3, routed)           0.485     1.651    u_hdc/u_core/vec_popcount_q[2][1][0]
    SLICE_X80Y14                                                      r  u_hdc/u_core/group_dist_q[7]_i_28/I0
    SLICE_X80Y14         LUT3 (Prop_lut3_I0_O)        0.105     1.756 r  u_hdc/u_core/group_dist_q[7]_i_28/O
                         net (fo=1, routed)           0.378     2.134    u_hdc/u_core/group_dist_q[7]_i_28_n_0
    SLICE_X79Y14                                                      r  u_hdc/u_core/group_dist_q_reg[7]_i_12/DI[1]
    SLICE_X79Y14         CARRY4 (Prop_carry4_DI[1]_CO[3])
                                                      0.418     2.552 r  u_hdc/u_core/group_dist_q_reg[7]_i_12/CO[3]
                         net (fo=1, routed)           0.000     2.552    u_hdc/u_core/group_dist_q_reg[7]_i_12_n_0
    SLICE_X79Y15                                                      r  u_hdc/u_core/group_dist_q_reg[8]_i_3/CI
    SLICE_X79Y15         CARRY4 (Prop_carry4_CI_O[0])
                                                      0.180     2.732 r  u_hdc/u_core/group_dist_q_reg[8]_i_3/O[0]
                         net (fo=4, routed)           1.082     3.814    u_hdc/u_core/group_dist_q_reg[8]_i_3_n_7
    SLICE_X61Y13                                                      r  u_hdc/u_core/group_dist_q[7]_i_13/I1
    SLICE_X61Y13         LUT3 (Prop_lut3_I1_O)        0.249     4.063 r  u_hdc/u_core/group_dist_q[7]_i_13/O
                         net (fo=1, routed)           0.317     4.380    u_hdc/u_core/group_dist_q[7]_i_13_n_0
    SLICE_X61Y13                                                      r  u_hdc/u_core/group_dist_q[7]_i_4/I3
    SLICE_X61Y13         LUT5 (Prop_lut5_I3_O)        0.108     4.488 r  u_hdc/u_core/group_dist_q[7]_i_4/O
                         net (fo=1, routed)           0.398     4.887    u_hdc/u_core/group_dist_q[7]_i_4_n_0
    SLICE_X60Y12                                                      r  u_hdc/u_core/group_dist_q_reg[7]_i_1/DI[1]
    SLICE_X60Y12         CARRY4 (Prop_carry4_DI[1]_CO[3])
                                                      0.588     5.475 r  u_hdc/u_core/group_dist_q_reg[7]_i_1/CO[3]
                         net (fo=1, routed)           0.000     5.475    u_hdc/u_core/group_dist_q_reg[7]_i_1_n_0
    SLICE_X60Y13                                                      r  u_hdc/u_core/group_dist_q_reg[8]_i_1/CI
    SLICE_X60Y13         CARRY4 (Prop_carry4_CI_O[0])
                                                      0.181     5.656 r  u_hdc/u_core/group_dist_q_reg[8]_i_1/O[0]
                         net (fo=1, routed)           0.000     5.656    u_hdc/u_core/group_dist_sum[8]
    SLICE_X60Y13         FDCE                                         r  u_hdc/u_core/group_dist_q_reg[8]/D
  -------------------------------------------------------------------    -------------------

                         (clock clk_i rise edge)      5.000     5.000 r  
                                                      0.000     5.000 r  clk_i (IN)
                         net (fo=2611, unset)         0.748     5.748    u_hdc/u_core/clk_i
    SLICE_X60Y13         FDCE                                         r  u_hdc/u_core/group_dist_q_reg[8]/C
                         clock pessimism              0.000     5.748    
                         clock uncertainty           -0.035     5.712    
    SLICE_X60Y13         FDCE (Setup_fdce_C_D)        0.059     5.771    u_hdc/u_core/group_dist_q_reg[8]
  -------------------------------------------------------------------
                         required time                          5.771    
                         arrival time                          -5.656    
  -------------------------------------------------------------------
                         slack                                  0.116    

Slack (MET) :             0.117ns  (required time - arrival time)
  Source:                 u_ecc/u_core/ecc_leaf_path_q_reg[3]/C
                            (rising edge-triggered cell FDCE clocked by clk_i  {rise@0.000ns fall@2.500ns period=5.000ns})
  Destination:            u_ecc/u_core/hdc_src0_q_reg[0][9]/D
                            (rising edge-triggered cell FDCE clocked by clk_i  {rise@0.000ns fall@2.500ns period=5.000ns})
  Path Group:             clk_i
  Path Type:              Setup (Max at Slow Process Corner)
  Requirement:            5.000ns  (clk_i rise@5.000ns - clk_i rise@0.000ns)
  Data Path Delay:        4.839ns  (logic 1.092ns (22.568%)  route 3.747ns (77.432%))
  Logic Levels:           5  (LUT2=1 LUT4=2 LUT5=1 LUT6=1)
  Clock Path Skew:        -0.039ns (DCD - SCD + CPR)
    Destination Clock Delay (DCD):    0.748ns = ( 5.748 - 5.000 ) 
    Source Clock Delay      (SCD):    0.787ns
    Clock Pessimism Removal (CPR):    0.000ns
  Clock Uncertainty:      0.035ns  ((TSJ^2 + TIJ^2)^1/2 + DJ) / 2 + PE
    Total System Jitter     (TSJ):    0.071ns
    Total Input Jitter      (TIJ):    0.000ns
    Discrete Jitter          (DJ):    0.000ns
    Phase Error              (PE):    0.000ns

    Location             Delay type                Incr(ns)  Path(ns)    Netlist Resource(s)
  -------------------------------------------------------------------    -------------------
                         (clock clk_i rise edge)      0.000     0.000 r  
                                                      0.000     0.000 r  clk_i (IN)
                         net (fo=2611, unset)         0.787     0.787    u_ecc/u_core/clk_i
    SLICE_X69Y43         FDCE                                         r  u_ecc/u_core/ecc_leaf_path_q_reg[3]/C
  -------------------------------------------------------------------    -------------------
    SLICE_X69Y43         FDCE (Prop_fdce_C_Q)         0.379     1.166 r  u_ecc/u_core/ecc_leaf_path_q_reg[3]/Q
                         net (fo=109, routed)         0.721     1.887    u_ecc/u_core/path[3]
    SLICE_X63Y43                                                      r  u_ecc/u_core/i_vec_i_298/I2
    SLICE_X63Y43         LUT4 (Prop_lut4_I2_O)        0.105     1.992 r  u_ecc/u_core/i_vec_i_298/O
                         net (fo=111, routed)         1.397     3.389    u_ecc/u_core/i_vec_i_298_n_0
    SLICE_X86Y41                                                      r  u_ecc/u_core/i_vec_i_483/I1
    SLICE_X86Y41         LUT4 (Prop_lut4_I1_O)        0.105     3.494 r  u_ecc/u_core/i_vec_i_483/O
                         net (fo=3, routed)           0.533     4.027    u_ecc/u_core/i_vec_i_483_n_0
    SLICE_X85Y48                                                      r  u_ecc/u_core/i_vec_i_282/I4
    SLICE_X85Y48         LUT5 (Prop_lut5_I4_O)        0.105     4.132 r  u_ecc/u_core/i_vec_i_282/O
                         net (fo=2, routed)           0.737     4.870    u_ecc/u_core/i_vec/xor0_contribution_packet_i[0][9]
    SLICE_X72Y48                                                      r  u_ecc/u_core/i_vec/xor0_field_packet_o[9]_INST_0/I0
    SLICE_X72Y48         LUT2 (Prop_lut2_I0_O)        0.124     4.994 r  u_ecc/u_core/i_vec/xor0_field_packet_o[9]_INST_0/O
                         net (fo=1, routed)           0.358     5.352    u_ecc/u_core/xor0_field_packet[9]
    SLICE_X72Y48                                                      r  u_ecc/u_core/hdc_src0_q[0][9]_i_1/I4
    SLICE_X72Y48         LUT6 (Prop_lut6_I4_O)        0.274     5.626 r  u_ecc/u_core/hdc_src0_q[0][9]_i_1/O
                         net (fo=1, routed)           0.000     5.626    u_ecc/u_core/hdc_src0_q[0][9]_i_1_n_0
    SLICE_X72Y48         FDCE                                         r  u_ecc/u_core/hdc_src0_q_reg[0][9]/D
  -------------------------------------------------------------------    -------------------

                         (clock clk_i rise edge)      5.000     5.000 r  
                                                      0.000     5.000 r  clk_i (IN)
                         net (fo=2611, unset)         0.748     5.748    u_ecc/u_core/clk_i
    SLICE_X72Y48         FDCE                                         r  u_ecc/u_core/hdc_src0_q_reg[0][9]/C
                         clock pessimism              0.000     5.748    
                         clock uncertainty           -0.035     5.712    
    SLICE_X72Y48         FDCE (Setup_fdce_C_D)        0.030     5.742    u_ecc/u_core/hdc_src0_q_reg[0][9]
  -------------------------------------------------------------------
                         required time                          5.742    
                         arrival time                          -5.626    
  -------------------------------------------------------------------
                         slack                                  0.117    

Slack (MET) :             0.123ns  (required time - arrival time)
  Source:                 u_ecc/u_core/i_vrf/gen_bank[2].vrf_mem_reg/CLKARDCLK
                            (rising edge-triggered cell RAMB36E1 clocked by clk_i  {rise@0.000ns fall@2.500ns period=5.000ns})
  Destination:            u_ecc/u_core/i_vec/payload_q_reg[2][27]/D
                            (rising edge-triggered cell FDCE clocked by clk_i  {rise@0.000ns fall@2.500ns period=5.000ns})
  Path Group:             clk_i
  Path Type:              Setup (Max at Slow Process Corner)
  Requirement:            5.000ns  (clk_i rise@5.000ns - clk_i rise@0.000ns)
  Data Path Delay:        4.832ns  (logic 2.440ns (50.493%)  route 2.392ns (49.507%))
  Logic Levels:           3  (LUT2=1 LUT3=1 LUT5=1)
  Clock Path Skew:        -0.039ns (DCD - SCD + CPR)
    Destination Clock Delay (DCD):    0.748ns = ( 5.748 - 5.000 ) 
    Source Clock Delay      (SCD):    0.787ns
    Clock Pessimism Removal (CPR):    0.000ns
  Clock Uncertainty:      0.035ns  ((TSJ^2 + TIJ^2)^1/2 + DJ) / 2 + PE
    Total System Jitter     (TSJ):    0.071ns
    Total Input Jitter      (TIJ):    0.000ns
    Discrete Jitter          (DJ):    0.000ns
    Phase Error              (PE):    0.000ns

    Location             Delay type                Incr(ns)  Path(ns)    Netlist Resource(s)
  -------------------------------------------------------------------    -------------------
                         (clock clk_i rise edge)      0.000     0.000 r  
                                                      0.000     0.000 r  clk_i (IN)
                         net (fo=2611, unset)         0.787     0.787    u_ecc/u_core/i_vrf/clk_i
    RAMB36_X3Y6          RAMB36E1                                     r  u_ecc/u_core/i_vrf/gen_bank[2].vrf_mem_reg/CLKARDCLK
  -------------------------------------------------------------------    -------------------
    RAMB36_X3Y6          RAMB36E1 (Prop_ramb36e1_CLKARDCLK_DOADO[27])
                                                      2.125     2.912 r  u_ecc/u_core/i_vrf/gen_bank[2].vrf_mem_reg/DOADO[27]
                         net (fo=2, routed)           1.372     4.284    u_ecc/u_core/i_vec/hdc_pair_src_b_i[2][27]
    SLICE_X61Y49                                                      r  u_ecc/u_core/i_vec/i_gf2_contribution_row_tile_i_357/I2
    SLICE_X61Y49         LUT3 (Prop_lut3_I2_O)        0.105     4.389 r  u_ecc/u_core/i_vec/i_gf2_contribution_row_tile_i_357/O
                         net (fo=1, routed)           0.599     4.988    u_ecc/u_core/i_vec/i_gf2_contribution_row_tile/matrix_src_b_i[4][27]
    SLICE_X79Y49                                                      r  u_ecc/u_core/i_vec/i_gf2_contribution_row_tile/matrix_product_o[4][27]_INST_0/I1
    SLICE_X79Y49         LUT2 (Prop_lut2_I1_O)        0.105     5.093 r  u_ecc/u_core/i_vec/i_gf2_contribution_row_tile/matrix_product_o[4][27]_INST_0/O
                         net (fo=1, routed)           0.421     5.514    u_ecc/u_core/i_vec/tile_product_word[2][27]
    SLICE_X79Y48                                                      r  u_ecc/u_core/i_vec/payload_q[2][27]_i_1/I4
    SLICE_X79Y48         LUT5 (Prop_lut5_I4_O)        0.105     5.619 r  u_ecc/u_core/i_vec/payload_q[2][27]_i_1/O
                         net (fo=1, routed)           0.000     5.619    u_ecc/u_core/i_vec/payload_q[2][27]_i_1_n_0
    SLICE_X79Y48         FDCE                                         r  u_ecc/u_core/i_vec/payload_q_reg[2][27]/D
  -------------------------------------------------------------------    -------------------

                         (clock clk_i rise edge)      5.000     5.000 r  
                                                      0.000     5.000 r  clk_i (IN)
                         net (fo=2611, unset)         0.748     5.748    u_ecc/u_core/i_vec/clk_i
    SLICE_X79Y48         FDCE                                         r  u_ecc/u_core/i_vec/payload_q_reg[2][27]/C
                         clock pessimism              0.000     5.748    
                         clock uncertainty           -0.035     5.712    
    SLICE_X79Y48         FDCE (Setup_fdce_C_D)        0.030     5.742    u_ecc/u_core/i_vec/payload_q_reg[2][27]
  -------------------------------------------------------------------
                         required time                          5.742    
                         arrival time                          -5.619    
  -------------------------------------------------------------------
                         slack                                  0.123    

Slack (MET) :             0.124ns  (required time - arrival time)
  Source:                 u_ecc/u_core/ecc_leaf_path_q_reg[1]/C
                            (rising edge-triggered cell FDCE clocked by clk_i  {rise@0.000ns fall@2.500ns period=5.000ns})
  Destination:            u_ecc/u_core/hdc_src0_q_reg[1][34]/D
                            (rising edge-triggered cell FDCE clocked by clk_i  {rise@0.000ns fall@2.500ns period=5.000ns})
  Path Group:             clk_i
  Path Type:              Setup (Max at Slow Process Corner)
  Requirement:            5.000ns  (clk_i rise@5.000ns - clk_i rise@0.000ns)
  Data Path Delay:        4.873ns  (logic 1.107ns (22.716%)  route 3.766ns (77.284%))
  Logic Levels:           5  (LUT2=1 LUT4=1 LUT6=3)
  Clock Path Skew:        -0.039ns (DCD - SCD + CPR)
    Destination Clock Delay (DCD):    0.748ns = ( 5.748 - 5.000 ) 
    Source Clock Delay      (SCD):    0.787ns
    Clock Pessimism Removal (CPR):    0.000ns
  Clock Uncertainty:      0.035ns  ((TSJ^2 + TIJ^2)^1/2 + DJ) / 2 + PE
    Total System Jitter     (TSJ):    0.071ns
    Total Input Jitter      (TIJ):    0.000ns
    Discrete Jitter          (DJ):    0.000ns
    Phase Error              (PE):    0.000ns

    Location             Delay type                Incr(ns)  Path(ns)    Netlist Resource(s)
  -------------------------------------------------------------------    -------------------
                         (clock clk_i rise edge)      0.000     0.000 r  
                                                      0.000     0.000 r  clk_i (IN)
                         net (fo=2611, unset)         0.787     0.787    u_ecc/u_core/clk_i
    SLICE_X57Y42         FDCE                                         r  u_ecc/u_core/ecc_leaf_path_q_reg[1]/C
  -------------------------------------------------------------------    -------------------
    SLICE_X57Y42         FDCE (Prop_fdce_C_Q)         0.379     1.166 f  u_ecc/u_core/ecc_leaf_path_q_reg[1]/Q
                         net (fo=115, routed)         0.908     2.074    u_ecc/u_core/path[1]
    SLICE_X77Y44                                                      f  u_ecc/u_core/i_vec_i_654/I3
    SLICE_X77Y44         LUT4 (Prop_lut4_I3_O)        0.105     2.179 r  u_ecc/u_core/i_vec_i_654/O
                         net (fo=102, routed)         1.291     3.470    u_ecc/u_core/i_vec_i_654_n_0
    SLICE_X84Y37                                                      r  u_ecc/u_core/i_vec_i_648/I4
    SLICE_X84Y37         LUT6 (Prop_lut6_I4_O)        0.105     3.575 r  u_ecc/u_core/i_vec_i_648/O
                         net (fo=2, routed)           0.584     4.159    u_ecc/u_core/i_vec_i_648_n_0
    SLICE_X82Y36                                                      r  u_ecc/u_core/i_vec_i_193/I2
    SLICE_X82Y36         LUT6 (Prop_lut6_I2_O)        0.105     4.264 r  u_ecc/u_core/i_vec_i_193/O
                         net (fo=2, routed)           0.657     4.922    u_ecc/u_core/i_vec/xor0_contribution_packet_i[1][34]
    SLICE_X82Y34                                                      r  u_ecc/u_core/i_vec/xor0_field_packet_o[98]_INST_0/I0
    SLICE_X82Y34         LUT2 (Prop_lut2_I0_O)        0.127     5.049 r  u_ecc/u_core/i_vec/xor0_field_packet_o[98]_INST_0/O
                         net (fo=1, routed)           0.326     5.374    u_ecc/u_core/xor0_field_packet[98]
    SLICE_X82Y35                                                      r  u_ecc/u_core/hdc_src0_q[1][34]_i_1/I4
    SLICE_X82Y35         LUT6 (Prop_lut6_I4_O)        0.286     5.660 r  u_ecc/u_core/hdc_src0_q[1][34]_i_1/O
                         net (fo=1, routed)           0.000     5.660    u_ecc/u_core/hdc_src0_q[1][34]_i_1_n_0
    SLICE_X82Y35         FDCE                                         r  u_ecc/u_core/hdc_src0_q_reg[1][34]/D
  -------------------------------------------------------------------    -------------------

                         (clock clk_i rise edge)      5.000     5.000 r  
                                                      0.000     5.000 r  clk_i (IN)
                         net (fo=2611, unset)         0.748     5.748    u_ecc/u_core/clk_i
    SLICE_X82Y35         FDCE                                         r  u_ecc/u_core/hdc_src0_q_reg[1][34]/C
                         clock pessimism              0.000     5.748    
                         clock uncertainty           -0.035     5.712    
    SLICE_X82Y35         FDCE (Setup_fdce_C_D)        0.072     5.784    u_ecc/u_core/hdc_src0_q_reg[1][34]
  -------------------------------------------------------------------
                         required time                          5.784    
                         arrival time                          -5.660    
  -------------------------------------------------------------------
                         slack                                  0.124    

Slack (MET) :             0.125ns  (required time - arrival time)
  Source:                 u_ecc/u_core/ecc_kpd64_sub_q_reg[0]/C
                            (rising edge-triggered cell FDCE clocked by clk_i  {rise@0.000ns fall@2.500ns period=5.000ns})
  Destination:            u_ecc/u_core/hdc_src0_q_reg[3][34]/D
                            (rising edge-triggered cell FDCE clocked by clk_i  {rise@0.000ns fall@2.500ns period=5.000ns})
  Path Group:             clk_i
  Path Type:              Setup (Max at Slow Process Corner)
  Requirement:            5.000ns  (clk_i rise@5.000ns - clk_i rise@0.000ns)
  Data Path Delay:        4.876ns  (logic 1.291ns (26.477%)  route 3.585ns (73.523%))
  Logic Levels:           5  (LUT2=1 LUT5=1 LUT6=3)
  Clock Path Skew:        -0.039ns (DCD - SCD + CPR)
    Destination Clock Delay (DCD):    0.748ns = ( 5.748 - 5.000 ) 
    Source Clock Delay      (SCD):    0.787ns
    Clock Pessimism Removal (CPR):    0.000ns
  Clock Uncertainty:      0.035ns  ((TSJ^2 + TIJ^2)^1/2 + DJ) / 2 + PE
    Total System Jitter     (TSJ):    0.071ns
    Total Input Jitter      (TIJ):    0.000ns
    Discrete Jitter          (DJ):    0.000ns
    Phase Error              (PE):    0.000ns

    Location             Delay type                Incr(ns)  Path(ns)    Netlist Resource(s)
  -------------------------------------------------------------------    -------------------
                         (clock clk_i rise edge)      0.000     0.000 r  
                                                      0.000     0.000 r  clk_i (IN)
                         net (fo=2611, unset)         0.787     0.787    u_ecc/u_core/clk_i
    SLICE_X73Y43         FDCE                                         r  u_ecc/u_core/ecc_kpd64_sub_q_reg[0]/C
  -------------------------------------------------------------------    -------------------
    SLICE_X73Y43         FDCE (Prop_fdce_C_Q)         0.379     1.166 r  u_ecc/u_core/ecc_kpd64_sub_q_reg[0]/Q
                         net (fo=146, routed)         1.121     2.287    u_ecc/u_core/ecc_kpd64_sub_q[0]
    SLICE_X80Y44                                                      r  u_ecc/u_core/i_vec_i_495/I4
    SLICE_X80Y44         LUT5 (Prop_lut5_I4_O)        0.119     2.406 r  u_ecc/u_core/i_vec_i_495/O
                         net (fo=8, routed)           0.949     3.355    u_ecc/u_core/i_vec_i_495_n_0
    SLICE_X72Y37                                                      r  u_ecc/u_core/i_vec_i_312/I1
    SLICE_X72Y37         LUT6 (Prop_lut6_I1_O)        0.275     3.630 r  u_ecc/u_core/i_vec_i_312/O
                         net (fo=1, routed)           0.327     3.957    u_ecc/u_core/i_vec_i_312_n_0
    SLICE_X72Y37                                                      r  u_ecc/u_core/i_vec_i_65/I2
    SLICE_X72Y37         LUT6 (Prop_lut6_I2_O)        0.105     4.062 r  u_ecc/u_core/i_vec_i_65/O
                         net (fo=2, routed)           0.829     4.891    u_ecc/u_core/i_vec/xor0_contribution_packet_i[3][34]
    SLICE_X58Y34                                                      r  u_ecc/u_core/i_vec/xor0_field_packet_o[226]_INST_0/I0
    SLICE_X58Y34         LUT2 (Prop_lut2_I0_O)        0.127     5.018 r  u_ecc/u_core/i_vec/xor0_field_packet_o[226]_INST_0/O
                         net (fo=1, routed)           0.359     5.377    u_ecc/u_core/xor0_field_packet[226]
    SLICE_X58Y34                                                      r  u_ecc/u_core/hdc_src0_q[3][34]_i_1/I4
    SLICE_X58Y34         LUT6 (Prop_lut6_I4_O)        0.286     5.663 r  u_ecc/u_core/hdc_src0_q[3][34]_i_1/O
                         net (fo=1, routed)           0.000     5.663    u_ecc/u_core/hdc_src0_q[3][34]_i_1_n_0
    SLICE_X58Y34         FDCE                                         r  u_ecc/u_core/hdc_src0_q_reg[3][34]/D
  -------------------------------------------------------------------    -------------------

                         (clock clk_i rise edge)      5.000     5.000 r  
                                                      0.000     5.000 r  clk_i (IN)
                         net (fo=2611, unset)         0.748     5.748    u_ecc/u_core/clk_i
    SLICE_X58Y34         FDCE                                         r  u_ecc/u_core/hdc_src0_q_reg[3][34]/C
                         clock pessimism              0.000     5.748    
                         clock uncertainty           -0.035     5.712    
    SLICE_X58Y34         FDCE (Setup_fdce_C_D)        0.076     5.788    u_ecc/u_core/hdc_src0_q_reg[3][34]
  -------------------------------------------------------------------
                         required time                          5.788    
                         arrival time                          -5.663    
  -------------------------------------------------------------------
                         slack                                  0.125    

Slack (MET) :             0.126ns  (required time - arrival time)
  Source:                 u_ecc/u_core/ecc_kpd64_sub_q_reg[1]_rep/C
                            (rising edge-triggered cell FDCE clocked by clk_i  {rise@0.000ns fall@2.500ns period=5.000ns})
  Destination:            u_ecc/u_core/hdc_src0_q_reg[2][33]/D
                            (rising edge-triggered cell FDCE clocked by clk_i  {rise@0.000ns fall@2.500ns period=5.000ns})
  Path Group:             clk_i
  Path Type:              Setup (Max at Slow Process Corner)
  Requirement:            5.000ns  (clk_i rise@5.000ns - clk_i rise@0.000ns)
  Data Path Delay:        4.829ns  (logic 1.197ns (24.785%)  route 3.632ns (75.215%))
  Logic Levels:           6  (LUT2=2 LUT5=1 LUT6=3)
  Clock Path Skew:        -0.039ns (DCD - SCD + CPR)
    Destination Clock Delay (DCD):    0.748ns = ( 5.748 - 5.000 ) 
    Source Clock Delay      (SCD):    0.787ns
    Clock Pessimism Removal (CPR):    0.000ns
  Clock Uncertainty:      0.035ns  ((TSJ^2 + TIJ^2)^1/2 + DJ) / 2 + PE
    Total System Jitter     (TSJ):    0.071ns
    Total Input Jitter      (TIJ):    0.000ns
    Discrete Jitter          (DJ):    0.000ns
    Phase Error              (PE):    0.000ns

    Location             Delay type                Incr(ns)  Path(ns)    Netlist Resource(s)
  -------------------------------------------------------------------    -------------------
                         (clock clk_i rise edge)      0.000     0.000 r  
                                                      0.000     0.000 r  clk_i (IN)
                         net (fo=2611, unset)         0.787     0.787    u_ecc/u_core/clk_i
    SLICE_X74Y44         FDCE                                         r  u_ecc/u_core/ecc_kpd64_sub_q_reg[1]_rep/C
  -------------------------------------------------------------------    -------------------
    SLICE_X74Y44         FDCE (Prop_fdce_C_Q)         0.379     1.166 f  u_ecc/u_core/ecc_kpd64_sub_q_reg[1]_rep/Q
                         net (fo=107, routed)         0.606     1.772    u_ecc/u_core/ecc_kpd64_sub_q_reg[1]_rep_n_0
    SLICE_X72Y44                                                      f  u_ecc/u_core/i_vec_i_812/I0
    SLICE_X72Y44         LUT2 (Prop_lut2_I0_O)        0.124     1.896 r  u_ecc/u_core/i_vec_i_812/O
                         net (fo=77, routed)          1.093     2.989    u_ecc/u_core/i_vec_i_812_n_0
    SLICE_X66Y38                                                      r  u_ecc/u_core/i_vec_i_679/I0
    SLICE_X66Y38         LUT6 (Prop_lut6_I0_O)        0.274     3.263 r  u_ecc/u_core/i_vec_i_679/O
                         net (fo=2, routed)           0.471     3.734    u_ecc/u_core/i_vec_i_679_n_0
    SLICE_X75Y39                                                      r  u_ecc/u_core/i_vec_i_505/I4
    SLICE_X75Y39         LUT5 (Prop_lut5_I4_O)        0.105     3.839 r  u_ecc/u_core/i_vec_i_505/O
                         net (fo=1, routed)           0.440     4.279    u_ecc/u_core/i_vec_i_505_n_0
    SLICE_X75Y36                                                      r  u_ecc/u_core/i_vec_i_130/I5
    SLICE_X75Y36         LUT6 (Prop_lut6_I5_O)        0.105     4.384 r  u_ecc/u_core/i_vec_i_130/O
                         net (fo=2, routed)           0.676     5.060    u_ecc/u_core/i_vec/xor0_contribution_packet_i[2][33]
    SLICE_X73Y35                                                      r  u_ecc/u_core/i_vec/xor0_field_packet_o[161]_INST_0/I0
    SLICE_X73Y35         LUT2 (Prop_lut2_I0_O)        0.105     5.165 r  u_ecc/u_core/i_vec/xor0_field_packet_o[161]_INST_0/O
                         net (fo=1, routed)           0.346     5.511    u_ecc/u_core/xor0_field_packet[161]
    SLICE_X73Y34                                                      r  u_ecc/u_core/hdc_src0_q[2][33]_i_1/I4
    SLICE_X73Y34         LUT6 (Prop_lut6_I4_O)        0.105     5.616 r  u_ecc/u_core/hdc_src0_q[2][33]_i_1/O
                         net (fo=1, routed)           0.000     5.616    u_ecc/u_core/hdc_src0_q[2][33]_i_1_n_0
    SLICE_X73Y34         FDCE                                         r  u_ecc/u_core/hdc_src0_q_reg[2][33]/D
  -------------------------------------------------------------------    -------------------

                         (clock clk_i rise edge)      5.000     5.000 r  
                                                      0.000     5.000 r  clk_i (IN)
                         net (fo=2611, unset)         0.748     5.748    u_ecc/u_core/clk_i
    SLICE_X73Y34         FDCE                                         r  u_ecc/u_core/hdc_src0_q_reg[2][33]/C
                         clock pessimism              0.000     5.748    
                         clock uncertainty           -0.035     5.712    
    SLICE_X73Y34         FDCE (Setup_fdce_C_D)        0.030     5.742    u_ecc/u_core/hdc_src0_q_reg[2][33]
  -------------------------------------------------------------------
                         required time                          5.742    
                         arrival time                          -5.616    
  -------------------------------------------------------------------
                         slack                                  0.126    

Slack (MET) :             0.131ns  (required time - arrival time)
  Source:                 u_ecc/u_core/ecc_leaf_prod_q_reg[9]/C
                            (rising edge-triggered cell FDCE clocked by clk_i  {rise@0.000ns fall@2.500ns period=5.000ns})
  Destination:            u_ecc/u_core/hdc_src0_q_reg[0][49]/D
                            (rising edge-triggered cell FDCE clocked by clk_i  {rise@0.000ns fall@2.500ns period=5.000ns})
  Path Group:             clk_i
  Path Type:              Setup (Max at Slow Process Corner)
  Requirement:            5.000ns  (clk_i rise@5.000ns - clk_i rise@0.000ns)
  Data Path Delay:        4.870ns  (logic 1.318ns (27.061%)  route 3.552ns (72.939%))
  Logic Levels:           6  (LUT2=1 LUT5=2 LUT6=3)
  Clock Path Skew:        -0.039ns (DCD - SCD + CPR)
    Destination Clock Delay (DCD):    0.748ns = ( 5.748 - 5.000 ) 
    Source Clock Delay      (SCD):    0.787ns
    Clock Pessimism Removal (CPR):    0.000ns
  Clock Uncertainty:      0.035ns  ((TSJ^2 + TIJ^2)^1/2 + DJ) / 2 + PE
    Total System Jitter     (TSJ):    0.071ns
    Total Input Jitter      (TIJ):    0.000ns
    Discrete Jitter          (DJ):    0.000ns
    Phase Error              (PE):    0.000ns

    Location             Delay type                Incr(ns)  Path(ns)    Netlist Resource(s)
  -------------------------------------------------------------------    -------------------
                         (clock clk_i rise edge)      0.000     0.000 r  
                                                      0.000     0.000 r  clk_i (IN)
                         net (fo=2611, unset)         0.787     0.787    u_ecc/u_core/clk_i
    SLICE_X77Y45         FDCE                                         r  u_ecc/u_core/ecc_leaf_prod_q_reg[9]/C
  -------------------------------------------------------------------    -------------------
    SLICE_X77Y45         FDCE (Prop_fdce_C_Q)         0.348     1.135 r  u_ecc/u_core/ecc_leaf_prod_q_reg[9]/Q
                         net (fo=14, routed)          1.032     2.167    u_ecc/u_core/p_0_in30_in[41]
    SLICE_X70Y46                                                      r  u_ecc/u_core/i_vec_i_731/I0
    SLICE_X70Y46         LUT6 (Prop_lut6_I0_O)        0.242     2.409 r  u_ecc/u_core/i_vec_i_731/O
                         net (fo=8, routed)           0.671     3.081    u_ecc/u_core/i_vec_i_731_n_0
    SLICE_X69Y37                                                      r  u_ecc/u_core/i_vec_i_367/I2
    SLICE_X69Y37         LUT6 (Prop_lut6_I2_O)        0.105     3.186 r  u_ecc/u_core/i_vec_i_367/O
                         net (fo=2, routed)           0.471     3.656    u_ecc/u_core/i_vec_i_367_n_0
    SLICE_X70Y37                                                      r  u_ecc/u_core/i_vec_i_586/I0
    SLICE_X70Y37         LUT5 (Prop_lut5_I0_O)        0.105     3.761 r  u_ecc/u_core/i_vec_i_586/O
                         net (fo=2, routed)           0.443     4.204    u_ecc/u_core/i_vec_i_586_n_0
    SLICE_X68Y42                                                      r  u_ecc/u_core/i_vec_i_242/I2
    SLICE_X68Y42         LUT5 (Prop_lut5_I2_O)        0.105     4.309 r  u_ecc/u_core/i_vec_i_242/O
                         net (fo=2, routed)           0.576     4.885    u_ecc/u_core/i_vec/xor0_contribution_packet_i[0][49]
    SLICE_X66Y43                                                      r  u_ecc/u_core/i_vec/xor0_field_packet_o[49]_INST_0/I0
    SLICE_X66Y43         LUT2 (Prop_lut2_I0_O)        0.127     5.012 r  u_ecc/u_core/i_vec/xor0_field_packet_o[49]_INST_0/O
                         net (fo=1, routed)           0.359     5.371    u_ecc/u_core/xor0_field_packet[49]
    SLICE_X66Y43                                                      r  u_ecc/u_core/hdc_src0_q[0][49]_i_1/I4
    SLICE_X66Y43         LUT6 (Prop_lut6_I4_O)        0.286     5.657 r  u_ecc/u_core/hdc_src0_q[0][49]_i_1/O
                         net (fo=1, routed)           0.000     5.657    u_ecc/u_core/hdc_src0_q[0][49]_i_1_n_0
    SLICE_X66Y43         FDCE                                         r  u_ecc/u_core/hdc_src0_q_reg[0][49]/D
  -------------------------------------------------------------------    -------------------

                         (clock clk_i rise edge)      5.000     5.000 r  
                                                      0.000     5.000 r  clk_i (IN)
                         net (fo=2611, unset)         0.748     5.748    u_ecc/u_core/clk_i
    SLICE_X66Y43         FDCE                                         r  u_ecc/u_core/hdc_src0_q_reg[0][49]/C
                         clock pessimism              0.000     5.748    
                         clock uncertainty           -0.035     5.712    
    SLICE_X66Y43         FDCE (Setup_fdce_C_D)        0.076     5.788    u_ecc/u_core/hdc_src0_q_reg[0][49]
  -------------------------------------------------------------------
                         required time                          5.788    
                         arrival time                          -5.657    
  -------------------------------------------------------------------
                         slack                                  0.131    

Slack (MET) :             0.135ns  (required time - arrival time)
  Source:                 u_ecc/u_core/ecc_leaf_prod_q_reg[8]/C
                            (rising edge-triggered cell FDCE clocked by clk_i  {rise@0.000ns fall@2.500ns period=5.000ns})
  Destination:            u_ecc/u_core/hdc_src0_q_reg[0][48]/D
                            (rising edge-triggered cell FDCE clocked by clk_i  {rise@0.000ns fall@2.500ns period=5.000ns})
  Path Group:             clk_i
  Path Type:              Setup (Max at Slow Process Corner)
  Requirement:            5.000ns  (clk_i rise@5.000ns - clk_i rise@0.000ns)
  Data Path Delay:        4.820ns  (logic 1.009ns (20.933%)  route 3.811ns (79.067%))
  Logic Levels:           6  (LUT2=1 LUT5=2 LUT6=3)
  Clock Path Skew:        -0.039ns (DCD - SCD + CPR)
    Destination Clock Delay (DCD):    0.748ns = ( 5.748 - 5.000 ) 
    Source Clock Delay      (SCD):    0.787ns
    Clock Pessimism Removal (CPR):    0.000ns
  Clock Uncertainty:      0.035ns  ((TSJ^2 + TIJ^2)^1/2 + DJ) / 2 + PE
    Total System Jitter     (TSJ):    0.071ns
    Total Input Jitter      (TIJ):    0.000ns
    Discrete Jitter          (DJ):    0.000ns
    Phase Error              (PE):    0.000ns

    Location             Delay type                Incr(ns)  Path(ns)    Netlist Resource(s)
  -------------------------------------------------------------------    -------------------
                         (clock clk_i rise edge)      0.000     0.000 r  
                                                      0.000     0.000 r  clk_i (IN)
                         net (fo=2611, unset)         0.787     0.787    u_ecc/u_core/clk_i
    SLICE_X77Y45         FDCE                                         r  u_ecc/u_core/ecc_leaf_prod_q_reg[8]/C
  -------------------------------------------------------------------    -------------------
    SLICE_X77Y45         FDCE (Prop_fdce_C_Q)         0.379     1.166 r  u_ecc/u_core/ecc_leaf_prod_q_reg[8]/Q
                         net (fo=12, routed)          1.307     2.473    u_ecc/u_core/p_0_in30_in[40]
    SLICE_X80Y51                                                      r  u_ecc/u_core/i_vec_i_732/I0
    SLICE_X80Y51         LUT6 (Prop_lut6_I0_O)        0.105     2.578 r  u_ecc/u_core/i_vec_i_732/O
                         net (fo=7, routed)           0.635     3.212    u_ecc/u_core/i_vec_i_732_n_0
    SLICE_X75Y49                                                      r  u_ecc/u_core/i_vec_i_372/I2
    SLICE_X75Y49         LUT6 (Prop_lut6_I2_O)        0.105     3.317 r  u_ecc/u_core/i_vec_i_372/O
                         net (fo=2, routed)           0.375     3.692    u_ecc/u_core/i_vec_i_372_n_0
    SLICE_X75Y48                                                      r  u_ecc/u_core/i_vec_i_588/I0
    SLICE_X75Y48         LUT5 (Prop_lut5_I0_O)        0.105     3.797 r  u_ecc/u_core/i_vec_i_588/O
                         net (fo=2, routed)           0.545     4.342    u_ecc/u_core/i_vec_i_588_n_0
    SLICE_X71Y41                                                      r  u_ecc/u_core/i_vec_i_243/I2
    SLICE_X71Y41         LUT5 (Prop_lut5_I2_O)        0.105     4.447 r  u_ecc/u_core/i_vec_i_243/O
                         net (fo=2, routed)           0.595     5.042    u_ecc/u_core/i_vec/xor0_contribution_packet_i[0][48]
    SLICE_X69Y38                                                      r  u_ecc/u_core/i_vec/xor0_field_packet_o[48]_INST_0/I0
    SLICE_X69Y38         LUT2 (Prop_lut2_I0_O)        0.105     5.147 r  u_ecc/u_core/i_vec/xor0_field_packet_o[48]_INST_0/O
                         net (fo=1, routed)           0.355     5.502    u_ecc/u_core/xor0_field_packet[48]
    SLICE_X68Y39                                                      r  u_ecc/u_core/hdc_src0_q[0][48]_i_1/I4
    SLICE_X68Y39         LUT6 (Prop_lut6_I4_O)        0.105     5.607 r  u_ecc/u_core/hdc_src0_q[0][48]_i_1/O
                         net (fo=1, routed)           0.000     5.607    u_ecc/u_core/hdc_src0_q[0][48]_i_1_n_0
    SLICE_X68Y39         FDCE                                         r  u_ecc/u_core/hdc_src0_q_reg[0][48]/D
  -------------------------------------------------------------------    -------------------

                         (clock clk_i rise edge)      5.000     5.000 r  
                                                      0.000     5.000 r  clk_i (IN)
                         net (fo=2611, unset)         0.748     5.748    u_ecc/u_core/clk_i
    SLICE_X68Y39         FDCE                                         r  u_ecc/u_core/hdc_src0_q_reg[0][48]/C
                         clock pessimism              0.000     5.748    
                         clock uncertainty           -0.035     5.712    
    SLICE_X68Y39         FDCE (Setup_fdce_C_D)        0.030     5.742    u_ecc/u_core/hdc_src0_q_reg[0][48]
  -------------------------------------------------------------------
                         required time                          5.742    
                         arrival time                          -5.607    
  -------------------------------------------------------------------
                         slack                                  0.135    

Slack (MET) :             0.138ns  (required time - arrival time)
  Source:                 u_ecc/u_core/i_vrf/gen_bank[1].vrf_mem_reg/CLKARDCLK
                            (rising edge-triggered cell RAMB36E1 clocked by clk_i  {rise@0.000ns fall@2.500ns period=5.000ns})
  Destination:            u_ecc/u_core/i_vec/payload_q_reg[1][6]/D
                            (rising edge-triggered cell FDCE clocked by clk_i  {rise@0.000ns fall@2.500ns period=5.000ns})
  Path Group:             clk_i
  Path Type:              Setup (Max at Slow Process Corner)
  Requirement:            5.000ns  (clk_i rise@5.000ns - clk_i rise@0.000ns)
  Data Path Delay:        4.859ns  (logic 2.616ns (53.833%)  route 2.243ns (46.167%))
  Logic Levels:           3  (LUT2=1 LUT3=1 LUT6=1)
  Clock Path Skew:        -0.039ns (DCD - SCD + CPR)
    Destination Clock Delay (DCD):    0.748ns = ( 5.748 - 5.000 ) 
    Source Clock Delay      (SCD):    0.787ns
    Clock Pessimism Removal (CPR):    0.000ns
  Clock Uncertainty:      0.035ns  ((TSJ^2 + TIJ^2)^1/2 + DJ) / 2 + PE
    Total System Jitter     (TSJ):    0.071ns
    Total Input Jitter      (TIJ):    0.000ns
    Discrete Jitter          (DJ):    0.000ns
    Phase Error              (PE):    0.000ns

    Location             Delay type                Incr(ns)  Path(ns)    Netlist Resource(s)
  -------------------------------------------------------------------    -------------------
                         (clock clk_i rise edge)      0.000     0.000 r  
                                                      0.000     0.000 r  clk_i (IN)
                         net (fo=2611, unset)         0.787     0.787    u_ecc/u_core/i_vrf/clk_i
    RAMB36_X3Y8          RAMB36E1                                     r  u_ecc/u_core/i_vrf/gen_bank[1].vrf_mem_reg/CLKARDCLK
  -------------------------------------------------------------------    -------------------
    RAMB36_X3Y8          RAMB36E1 (Prop_ramb36e1_CLKARDCLK_DOADO[6])
                                                      2.125     2.912 r  u_ecc/u_core/i_vrf/gen_bank[1].vrf_mem_reg/DOADO[6]
                         net (fo=2, routed)           1.555     4.467    u_ecc/u_core/i_vec/hdc_pair_src_b_i[1][6]
    SLICE_X81Y34                                                      r  u_ecc/u_core/i_vec/i_gf2_contribution_row_tile_i_442/I2
    SLICE_X81Y34         LUT3 (Prop_lut3_I2_O)        0.119     4.586 r  u_ecc/u_core/i_vec/i_gf2_contribution_row_tile_i_442/O
                         net (fo=1, routed)           0.439     5.025    u_ecc/u_core/i_vec/i_gf2_contribution_row_tile/matrix_src_b_i[2][6]
    SLICE_X81Y33                                                      r  u_ecc/u_core/i_vec/i_gf2_contribution_row_tile/matrix_product_o[2][6]_INST_0/I1
    SLICE_X81Y33         LUT2 (Prop_lut2_I1_O)        0.267     5.292 r  u_ecc/u_core/i_vec/i_gf2_contribution_row_tile/matrix_product_o[2][6]_INST_0/O
                         net (fo=1, routed)           0.250     5.541    u_ecc/u_core/i_vec/tile_product_word[1][6]
    SLICE_X82Y33                                                      r  u_ecc/u_core/i_vec/payload_q[1][6]_i_1/I3
    SLICE_X82Y33         LUT6 (Prop_lut6_I3_O)        0.105     5.646 r  u_ecc/u_core/i_vec/payload_q[1][6]_i_1/O
                         net (fo=1, routed)           0.000     5.646    u_ecc/u_core/i_vec/payload_q[1][6]_i_1_n_0
    SLICE_X82Y33         FDCE                                         r  u_ecc/u_core/i_vec/payload_q_reg[1][6]/D
  -------------------------------------------------------------------    -------------------

                         (clock clk_i rise edge)      5.000     5.000 r  
                                                      0.000     5.000 r  clk_i (IN)
                         net (fo=2611, unset)         0.748     5.748    u_ecc/u_core/i_vec/clk_i
    SLICE_X82Y33         FDCE                                         r  u_ecc/u_core/i_vec/payload_q_reg[1][6]/C
                         clock pessimism              0.000     5.748    
                         clock uncertainty           -0.035     5.712    
    SLICE_X82Y33         FDCE (Setup_fdce_C_D)        0.072     5.784    u_ecc/u_core/i_vec/payload_q_reg[1][6]
  -------------------------------------------------------------------
                         required time                          5.784    
                         arrival time                          -5.646    
  -------------------------------------------------------------------
                         slack                                  0.138    

Slack (MET) :             0.143ns  (required time - arrival time)
  Source:                 u_ecc/u_core/ecc_leaf_path_q_reg[2]/C
                            (rising edge-triggered cell FDCE clocked by clk_i  {rise@0.000ns fall@2.500ns period=5.000ns})
  Destination:            u_ecc/u_core/hdc_src0_q_reg[1][16]/D
                            (rising edge-triggered cell FDCE clocked by clk_i  {rise@0.000ns fall@2.500ns period=5.000ns})
  Path Group:             clk_i
  Path Type:              Setup (Max at Slow Process Corner)
  Requirement:            5.000ns  (clk_i rise@5.000ns - clk_i rise@0.000ns)
  Data Path Delay:        4.812ns  (logic 1.145ns (23.793%)  route 3.667ns (76.207%))
  Logic Levels:           5  (LUT2=1 LUT4=1 LUT6=3)
  Clock Path Skew:        -0.039ns (DCD - SCD + CPR)
    Destination Clock Delay (DCD):    0.748ns = ( 5.748 - 5.000 ) 
    Source Clock Delay      (SCD):    0.787ns
    Clock Pessimism Removal (CPR):    0.000ns
  Clock Uncertainty:      0.035ns  ((TSJ^2 + TIJ^2)^1/2 + DJ) / 2 + PE
    Total System Jitter     (TSJ):    0.071ns
    Total Input Jitter      (TIJ):    0.000ns
    Discrete Jitter          (DJ):    0.000ns
    Phase Error              (PE):    0.000ns

    Location             Delay type                Incr(ns)  Path(ns)    Netlist Resource(s)
  -------------------------------------------------------------------    -------------------
                         (clock clk_i rise edge)      0.000     0.000 r  
                                                      0.000     0.000 r  clk_i (IN)
                         net (fo=2611, unset)         0.787     0.787    u_ecc/u_core/clk_i
    SLICE_X58Y43         FDCE                                         r  u_ecc/u_core/ecc_leaf_path_q_reg[2]/C
  -------------------------------------------------------------------    -------------------
    SLICE_X58Y43         FDCE (Prop_fdce_C_Q)         0.433     1.220 f  u_ecc/u_core/ecc_leaf_path_q_reg[2]/Q
                         net (fo=111, routed)         0.736     1.956    u_ecc/u_core/path[2]
    SLICE_X71Y43                                                      f  u_ecc/u_core/i_vec_i_813/I1
    SLICE_X71Y43         LUT4 (Prop_lut4_I1_O)        0.105     2.061 r  u_ecc/u_core/i_vec_i_813/O
                         net (fo=100, routed)         1.246     3.307    u_ecc/u_core/i_vec_i_813_n_0
    SLICE_X86Y45                                                      r  u_ecc/u_core/i_vec_i_697/I0
    SLICE_X86Y45         LUT6 (Prop_lut6_I0_O)        0.105     3.412 r  u_ecc/u_core/i_vec_i_697/O
                         net (fo=3, routed)           0.824     4.237    u_ecc/u_core/i_vec_i_697_n_0
    SLICE_X79Y36                                                      r  u_ecc/u_core/i_vec_i_211/I5
    SLICE_X79Y36         LUT6 (Prop_lut6_I5_O)        0.105     4.342 r  u_ecc/u_core/i_vec_i_211/O
                         net (fo=2, routed)           0.515     4.857    u_ecc/u_core/i_vec/xor0_contribution_packet_i[1][16]
    SLICE_X79Y36                                                      r  u_ecc/u_core/i_vec/xor0_field_packet_o[80]_INST_0/I0
    SLICE_X79Y36         LUT2 (Prop_lut2_I0_O)        0.123     4.980 r  u_ecc/u_core/i_vec/xor0_field_packet_o[80]_INST_0/O
                         net (fo=1, routed)           0.345     5.325    u_ecc/u_core/xor0_field_packet[80]
    SLICE_X79Y36                                                      r  u_ecc/u_core/hdc_src0_q[1][16]_i_1/I4
    SLICE_X79Y36         LUT6 (Prop_lut6_I4_O)        0.274     5.599 r  u_ecc/u_core/hdc_src0_q[1][16]_i_1/O
                         net (fo=1, routed)           0.000     5.599    u_ecc/u_core/hdc_src0_q[1][16]_i_1_n_0
    SLICE_X79Y36         FDCE                                         r  u_ecc/u_core/hdc_src0_q_reg[1][16]/D
  -------------------------------------------------------------------    -------------------

                         (clock clk_i rise edge)      5.000     5.000 r  
                                                      0.000     5.000 r  clk_i (IN)
                         net (fo=2611, unset)         0.748     5.748    u_ecc/u_core/clk_i
    SLICE_X79Y36         FDCE                                         r  u_ecc/u_core/hdc_src0_q_reg[1][16]/C
                         clock pessimism              0.000     5.748    
                         clock uncertainty           -0.035     5.712    
    SLICE_X79Y36         FDCE (Setup_fdce_C_D)        0.030     5.742    u_ecc/u_core/hdc_src0_q_reg[1][16]
  -------------------------------------------------------------------
                         required time                          5.742    
                         arrival time                          -5.599    
  -------------------------------------------------------------------
                         slack                                  0.143    

Slack (MET) :             0.143ns  (required time - arrival time)
  Source:                 u_ecc/u_core/ecc_pmul_subop_q_reg[0]/C
                            (rising edge-triggered cell FDCE clocked by clk_i  {rise@0.000ns fall@2.500ns period=5.000ns})
  Destination:            u_ecc/u_core/hdc_src0_q_reg[1][45]/CE
                            (rising edge-triggered cell FDCE clocked by clk_i  {rise@0.000ns fall@2.500ns period=5.000ns})
  Path Group:             clk_i
  Path Type:              Setup (Max at Slow Process Corner)
  Requirement:            5.000ns  (clk_i rise@5.000ns - clk_i rise@0.000ns)
  Data Path Delay:        4.614ns  (logic 1.137ns (24.641%)  route 3.477ns (75.359%))
  Logic Levels:           5  (LUT3=1 LUT6=4)
  Clock Path Skew:        -0.039ns (DCD - SCD + CPR)
    Destination Clock Delay (DCD):    0.748ns = ( 5.748 - 5.000 ) 
    Source Clock Delay      (SCD):    0.787ns
    Clock Pessimism Removal (CPR):    0.000ns
  Clock Uncertainty:      0.035ns  ((TSJ^2 + TIJ^2)^1/2 + DJ) / 2 + PE
    Total System Jitter     (TSJ):    0.071ns
    Total Input Jitter      (TIJ):    0.000ns
    Discrete Jitter          (DJ):    0.000ns
    Phase Error              (PE):    0.000ns

    Location             Delay type                Incr(ns)  Path(ns)    Netlist Resource(s)
  -------------------------------------------------------------------    -------------------
                         (clock clk_i rise edge)      0.000     0.000 r  
                                                      0.000     0.000 r  clk_i (IN)
                         net (fo=2611, unset)         0.787     0.787    u_ecc/u_core/clk_i
    SLICE_X46Y34         FDCE                                         r  u_ecc/u_core/ecc_pmul_subop_q_reg[0]/C
  -------------------------------------------------------------------    -------------------
    SLICE_X46Y34         FDCE (Prop_fdce_C_Q)         0.433     1.220 r  u_ecc/u_core/ecc_pmul_subop_q_reg[0]/Q
                         net (fo=60, routed)          0.606     1.826    u_ecc/u_core/subop[0]
    SLICE_X46Y35                                                      r  u_ecc/u_core/ecc_sqr_repeat_q[6]_i_11/I0
    SLICE_X46Y35         LUT3 (Prop_lut3_I0_O)        0.125     1.951 r  u_ecc/u_core/ecc_sqr_repeat_q[6]_i_11/O
                         net (fo=6, routed)           0.426     2.377    u_ecc/u_core/ecc_sqr_repeat_q[6]_i_11_n_0
    SLICE_X46Y36                                                      r  u_ecc/u_core/ecc_leaf_xor_a_q[31]_i_5/I0
    SLICE_X46Y36         LUT6 (Prop_lut6_I0_O)        0.264     2.641 f  u_ecc/u_core/ecc_leaf_xor_a_q[31]_i_5/O
                         net (fo=15, routed)          0.272     2.913    u_ecc/u_core/ecc_leaf_xor_a_q[31]_i_5_n_0
    SLICE_X47Y36                                                      f  u_ecc/u_core/hdc_src0_q[3][63]_i_6/I5
    SLICE_X47Y36         LUT6 (Prop_lut6_I5_O)        0.105     3.018 r  u_ecc/u_core/hdc_src0_q[3][63]_i_6/O
                         net (fo=1, routed)           0.258     3.276    u_ecc/u_core/hdc_src0_q[3][63]_i_6_n_0
    SLICE_X47Y37                                                      r  u_ecc/u_core/hdc_src0_q[3][63]_i_3/I5
    SLICE_X47Y37         LUT6 (Prop_lut6_I5_O)        0.105     3.381 r  u_ecc/u_core/hdc_src0_q[3][63]_i_3/O
                         net (fo=4, routed)           0.836     4.217    u_ecc/u_core/hdc_src0_q[3][63]_i_3_n_0
    SLICE_X78Y42                                                      r  u_ecc/u_core/hdc_src0_q[1][63]_i_1/I5
    SLICE_X78Y42         LUT6 (Prop_lut6_I5_O)        0.105     4.322 r  u_ecc/u_core/hdc_src0_q[1][63]_i_1/O
                         net (fo=128, routed)         1.079     5.401    u_ecc/u_core/hdc_src0_q[1][63]_i_1_n_0
    SLICE_X88Y38         FDCE                                         r  u_ecc/u_core/hdc_src0_q_reg[1][45]/CE
  -------------------------------------------------------------------    -------------------

                         (clock clk_i rise edge)      5.000     5.000 r  
                                                      0.000     5.000 r  clk_i (IN)
                         net (fo=2611, unset)         0.748     5.748    u_ecc/u_core/clk_i
    SLICE_X88Y38         FDCE                                         r  u_ecc/u_core/hdc_src0_q_reg[1][45]/C
                         clock pessimism              0.000     5.748    
                         clock uncertainty           -0.035     5.712    
    SLICE_X88Y38         FDCE (Setup_fdce_C_CE)      -0.168     5.544    u_ecc/u_core/hdc_src0_q_reg[1][45]
  -------------------------------------------------------------------
                         required time                          5.544    
                         arrival time                          -5.401    
  -------------------------------------------------------------------
                         slack                                  0.143    

Slack (MET) :             0.143ns  (required time - arrival time)
  Source:                 u_ecc/u_core/FSM_onehot_st_q_reg[30]_rep/C
                            (rising edge-triggered cell FDCE clocked by clk_i  {rise@0.000ns fall@2.500ns period=5.000ns})
  Destination:            u_ecc/u_core/hdc_src0_q_reg[1][48]/D
                            (rising edge-triggered cell FDCE clocked by clk_i  {rise@0.000ns fall@2.500ns period=5.000ns})
  Path Group:             clk_i
  Path Type:              Setup (Max at Slow Process Corner)
  Requirement:            5.000ns  (clk_i rise@5.000ns - clk_i rise@0.000ns)
  Data Path Delay:        4.812ns  (logic 1.009ns (20.969%)  route 3.803ns (79.031%))
  Logic Levels:           6  (LUT2=1 LUT4=1 LUT5=1 LUT6=3)
  Clock Path Skew:        -0.039ns (DCD - SCD + CPR)
    Destination Clock Delay (DCD):    0.748ns = ( 5.748 - 5.000 ) 
    Source Clock Delay      (SCD):    0.787ns
    Clock Pessimism Removal (CPR):    0.000ns
  Clock Uncertainty:      0.035ns  ((TSJ^2 + TIJ^2)^1/2 + DJ) / 2 + PE
    Total System Jitter     (TSJ):    0.071ns
    Total Input Jitter      (TIJ):    0.000ns
    Discrete Jitter          (DJ):    0.000ns
    Phase Error              (PE):    0.000ns

    Location             Delay type                Incr(ns)  Path(ns)    Netlist Resource(s)
  -------------------------------------------------------------------    -------------------
                         (clock clk_i rise edge)      0.000     0.000 r  
                                                      0.000     0.000 r  clk_i (IN)
                         net (fo=2611, unset)         0.787     0.787    u_ecc/u_core/clk_i
    SLICE_X83Y44         FDCE                                         r  u_ecc/u_core/FSM_onehot_st_q_reg[30]_rep/C
  -------------------------------------------------------------------    -------------------
    SLICE_X83Y44         FDCE (Prop_fdce_C_Q)         0.379     1.166 r  u_ecc/u_core/FSM_onehot_st_q_reg[30]_rep/Q
                         net (fo=174, routed)         1.312     2.478    u_ecc/u_core/FSM_onehot_st_q_reg[30]_rep_n_0
    SLICE_X83Y50                                                      r  u_ecc/u_core/i_vec_i_774/I1
    SLICE_X83Y50         LUT5 (Prop_lut5_I1_O)        0.105     2.583 r  u_ecc/u_core/i_vec_i_774/O
                         net (fo=7, routed)           0.592     3.175    u_ecc/u_core/i_vec_i_774_n_0
    SLICE_X85Y47                                                      r  u_ecc/u_core/i_vec_i_840/I0
    SLICE_X85Y47         LUT6 (Prop_lut6_I0_O)        0.105     3.280 r  u_ecc/u_core/i_vec_i_840/O
                         net (fo=2, routed)           0.702     3.982    u_ecc/u_core/i_vec_i_840_n_0
    SLICE_X85Y42                                                      r  u_ecc/u_core/i_vec_i_613/I0
    SLICE_X85Y42         LUT6 (Prop_lut6_I0_O)        0.105     4.087 r  u_ecc/u_core/i_vec_i_613/O
                         net (fo=1, routed)           0.475     4.562    u_ecc/u_core/i_vec_i_613_n_0
    SLICE_X80Y39                                                      r  u_ecc/u_core/i_vec_i_179/I3
    SLICE_X80Y39         LUT4 (Prop_lut4_I3_O)        0.105     4.667 r  u_ecc/u_core/i_vec_i_179/O
                         net (fo=2, routed)           0.346     5.013    u_ecc/u_core/i_vec/xor0_contribution_packet_i[1][48]
    SLICE_X80Y39                                                      r  u_ecc/u_core/i_vec/xor0_field_packet_o[112]_INST_0/I0
    SLICE_X80Y39         LUT2 (Prop_lut2_I0_O)        0.105     5.118 r  u_ecc/u_core/i_vec/xor0_field_packet_o[112]_INST_0/O
                         net (fo=1, routed)           0.376     5.494    u_ecc/u_core/xor0_field_packet[112]
    SLICE_X80Y39                                                      r  u_ecc/u_core/hdc_src0_q[1][48]_i_1/I4
    SLICE_X80Y39         LUT6 (Prop_lut6_I4_O)        0.105     5.599 r  u_ecc/u_core/hdc_src0_q[1][48]_i_1/O
                         net (fo=1, routed)           0.000     5.599    u_ecc/u_core/hdc_src0_q[1][48]_i_1_n_0
    SLICE_X80Y39         FDCE                                         r  u_ecc/u_core/hdc_src0_q_reg[1][48]/D
  -------------------------------------------------------------------    -------------------

                         (clock clk_i rise edge)      5.000     5.000 r  
                                                      0.000     5.000 r  clk_i (IN)
                         net (fo=2611, unset)         0.748     5.748    u_ecc/u_core/clk_i
    SLICE_X80Y39         FDCE                                         r  u_ecc/u_core/hdc_src0_q_reg[1][48]/C
                         clock pessimism              0.000     5.748    
                         clock uncertainty           -0.035     5.712    
    SLICE_X80Y39         FDCE (Setup_fdce_C_D)        0.030     5.742    u_ecc/u_core/hdc_src0_q_reg[1][48]
  -------------------------------------------------------------------
                         required time                          5.742    
                         arrival time                          -5.599    
  -------------------------------------------------------------------
                         slack                                  0.143    

Slack (MET) :             0.145ns  (required time - arrival time)
  Source:                 u_ecc/u_core/ecc_pmul_subop_q_reg[0]/C
                            (rising edge-triggered cell FDCE clocked by clk_i  {rise@0.000ns fall@2.500ns period=5.000ns})
  Destination:            u_ecc/u_core/hdc_src0_q_reg[1][52]/CE
                            (rising edge-triggered cell FDCE clocked by clk_i  {rise@0.000ns fall@2.500ns period=5.000ns})
  Path Group:             clk_i
  Path Type:              Setup (Max at Slow Process Corner)
  Requirement:            5.000ns  (clk_i rise@5.000ns - clk_i rise@0.000ns)
  Data Path Delay:        4.612ns  (logic 1.137ns (24.651%)  route 3.475ns (75.349%))
  Logic Levels:           5  (LUT3=1 LUT6=4)
  Clock Path Skew:        -0.039ns (DCD - SCD + CPR)
    Destination Clock Delay (DCD):    0.748ns = ( 5.748 - 5.000 ) 
    Source Clock Delay      (SCD):    0.787ns
    Clock Pessimism Removal (CPR):    0.000ns
  Clock Uncertainty:      0.035ns  ((TSJ^2 + TIJ^2)^1/2 + DJ) / 2 + PE
    Total System Jitter     (TSJ):    0.071ns
    Total Input Jitter      (TIJ):    0.000ns
    Discrete Jitter          (DJ):    0.000ns
    Phase Error              (PE):    0.000ns

    Location             Delay type                Incr(ns)  Path(ns)    Netlist Resource(s)
  -------------------------------------------------------------------    -------------------
                         (clock clk_i rise edge)      0.000     0.000 r  
                                                      0.000     0.000 r  clk_i (IN)
                         net (fo=2611, unset)         0.787     0.787    u_ecc/u_core/clk_i
    SLICE_X46Y34         FDCE                                         r  u_ecc/u_core/ecc_pmul_subop_q_reg[0]/C
  -------------------------------------------------------------------    -------------------
    SLICE_X46Y34         FDCE (Prop_fdce_C_Q)         0.433     1.220 r  u_ecc/u_core/ecc_pmul_subop_q_reg[0]/Q
                         net (fo=60, routed)          0.606     1.826    u_ecc/u_core/subop[0]
    SLICE_X46Y35                                                      r  u_ecc/u_core/ecc_sqr_repeat_q[6]_i_11/I0
    SLICE_X46Y35         LUT3 (Prop_lut3_I0_O)        0.125     1.951 r  u_ecc/u_core/ecc_sqr_repeat_q[6]_i_11/O
                         net (fo=6, routed)           0.426     2.377    u_ecc/u_core/ecc_sqr_repeat_q[6]_i_11_n_0
    SLICE_X46Y36                                                      r  u_ecc/u_core/ecc_leaf_xor_a_q[31]_i_5/I0
    SLICE_X46Y36         LUT6 (Prop_lut6_I0_O)        0.264     2.641 f  u_ecc/u_core/ecc_leaf_xor_a_q[31]_i_5/O
                         net (fo=15, routed)          0.272     2.913    u_ecc/u_core/ecc_leaf_xor_a_q[31]_i_5_n_0
    SLICE_X47Y36                                                      f  u_ecc/u_core/hdc_src0_q[3][63]_i_6/I5
    SLICE_X47Y36         LUT6 (Prop_lut6_I5_O)        0.105     3.018 r  u_ecc/u_core/hdc_src0_q[3][63]_i_6/O
                         net (fo=1, routed)           0.258     3.276    u_ecc/u_core/hdc_src0_q[3][63]_i_6_n_0
    SLICE_X47Y37                                                      r  u_ecc/u_core/hdc_src0_q[3][63]_i_3/I5
    SLICE_X47Y37         LUT6 (Prop_lut6_I5_O)        0.105     3.381 r  u_ecc/u_core/hdc_src0_q[3][63]_i_3/O
                         net (fo=4, routed)           0.836     4.217    u_ecc/u_core/hdc_src0_q[3][63]_i_3_n_0
    SLICE_X78Y42                                                      r  u_ecc/u_core/hdc_src0_q[1][63]_i_1/I5
    SLICE_X78Y42         LUT6 (Prop_lut6_I5_O)        0.105     4.322 r  u_ecc/u_core/hdc_src0_q[1][63]_i_1/O
                         net (fo=128, routed)         1.078     5.399    u_ecc/u_core/hdc_src0_q[1][63]_i_1_n_0
    SLICE_X89Y38         FDCE                                         r  u_ecc/u_core/hdc_src0_q_reg[1][52]/CE
  -------------------------------------------------------------------    -------------------

                         (clock clk_i rise edge)      5.000     5.000 r  
                                                      0.000     5.000 r  clk_i (IN)
                         net (fo=2611, unset)         0.748     5.748    u_ecc/u_core/clk_i
    SLICE_X89Y38         FDCE                                         r  u_ecc/u_core/hdc_src0_q_reg[1][52]/C
                         clock pessimism              0.000     5.748    
                         clock uncertainty           -0.035     5.712    
    SLICE_X89Y38         FDCE (Setup_fdce_C_CE)      -0.168     5.544    u_ecc/u_core/hdc_src0_q_reg[1][52]
  -------------------------------------------------------------------
                         required time                          5.544    
                         arrival time                          -5.399    
  -------------------------------------------------------------------
                         slack                                  0.145    

Slack (MET) :             0.151ns  (required time - arrival time)
  Source:                 u_ecc/u_core/ecc_leaf_path_q_reg[3]/C
                            (rising edge-triggered cell FDCE clocked by clk_i  {rise@0.000ns fall@2.500ns period=5.000ns})
  Destination:            u_ecc/u_core/hdc_src0_q_reg[3][12]/D
                            (rising edge-triggered cell FDCE clocked by clk_i  {rise@0.000ns fall@2.500ns period=5.000ns})
  Path Group:             clk_i
  Path Type:              Setup (Max at Slow Process Corner)
  Requirement:            5.000ns  (clk_i rise@5.000ns - clk_i rise@0.000ns)
  Data Path Delay:        4.805ns  (logic 1.075ns (22.374%)  route 3.730ns (77.626%))
  Logic Levels:           5  (LUT2=1 LUT4=1 LUT6=3)
  Clock Path Skew:        -0.039ns (DCD - SCD + CPR)
    Destination Clock Delay (DCD):    0.748ns = ( 5.748 - 5.000 ) 
    Source Clock Delay      (SCD):    0.787ns
    Clock Pessimism Removal (CPR):    0.000ns
  Clock Uncertainty:      0.035ns  ((TSJ^2 + TIJ^2)^1/2 + DJ) / 2 + PE
    Total System Jitter     (TSJ):    0.071ns
    Total Input Jitter      (TIJ):    0.000ns
    Discrete Jitter          (DJ):    0.000ns
    Phase Error              (PE):    0.000ns

    Location             Delay type                Incr(ns)  Path(ns)    Netlist Resource(s)
  -------------------------------------------------------------------    -------------------
                         (clock clk_i rise edge)      0.000     0.000 r  
                                                      0.000     0.000 r  clk_i (IN)
                         net (fo=2611, unset)         0.787     0.787    u_ecc/u_core/clk_i
    SLICE_X69Y43         FDCE                                         r  u_ecc/u_core/ecc_leaf_path_q_reg[3]/C
  -------------------------------------------------------------------    -------------------
    SLICE_X69Y43         FDCE (Prop_fdce_C_Q)         0.379     1.166 r  u_ecc/u_core/ecc_leaf_path_q_reg[3]/Q
                         net (fo=109, routed)         0.721     1.887    u_ecc/u_core/path[3]
    SLICE_X63Y43                                                      r  u_ecc/u_core/i_vec_i_298/I2
    SLICE_X63Y43         LUT4 (Prop_lut4_I2_O)        0.105     1.992 r  u_ecc/u_core/i_vec_i_298/O
                         net (fo=111, routed)         1.243     3.235    u_ecc/u_core/i_vec_i_298_n_0
    SLICE_X83Y45                                                      r  u_ecc/u_core/i_vec_i_380/I1
    SLICE_X83Y45         LUT6 (Prop_lut6_I1_O)        0.105     3.340 r  u_ecc/u_core/i_vec_i_380/O
                         net (fo=2, routed)           0.663     4.003    u_ecc/u_core/i_vec_i_380_n_0
    SLICE_X74Y39                                                      r  u_ecc/u_core/i_vec_i_87/I3
    SLICE_X74Y39         LUT6 (Prop_lut6_I3_O)        0.105     4.108 r  u_ecc/u_core/i_vec_i_87/O
                         net (fo=2, routed)           0.729     4.837    u_ecc/u_core/i_vec/xor0_contribution_packet_i[3][12]
    SLICE_X59Y38                                                      r  u_ecc/u_core/i_vec/xor0_field_packet_o[204]_INST_0/I0
    SLICE_X59Y38         LUT2 (Prop_lut2_I0_O)        0.107     4.944 r  u_ecc/u_core/i_vec/xor0_field_packet_o[204]_INST_0/O
                         net (fo=1, routed)           0.374     5.318    u_ecc/u_core/xor0_field_packet[204]
    SLICE_X59Y39                                                      r  u_ecc/u_core/hdc_src0_q[3][12]_i_1/I4
    SLICE_X59Y39         LUT6 (Prop_lut6_I4_O)        0.274     5.592 r  u_ecc/u_core/hdc_src0_q[3][12]_i_1/O
                         net (fo=1, routed)           0.000     5.592    u_ecc/u_core/hdc_src0_q[3][12]_i_1_n_0
    SLICE_X59Y39         FDCE                                         r  u_ecc/u_core/hdc_src0_q_reg[3][12]/D
  -------------------------------------------------------------------    -------------------

                         (clock clk_i rise edge)      5.000     5.000 r  
                                                      0.000     5.000 r  clk_i (IN)
                         net (fo=2611, unset)         0.748     5.748    u_ecc/u_core/clk_i
    SLICE_X59Y39         FDCE                                         r  u_ecc/u_core/hdc_src0_q_reg[3][12]/C
                         clock pessimism              0.000     5.748    
                         clock uncertainty           -0.035     5.712    
    SLICE_X59Y39         FDCE (Setup_fdce_C_D)        0.030     5.742    u_ecc/u_core/hdc_src0_q_reg[3][12]
  -------------------------------------------------------------------
                         required time                          5.742    
                         arrival time                          -5.592    
  -------------------------------------------------------------------
                         slack                                  0.151    

Slack (MET) :             0.154ns  (required time - arrival time)
  Source:                 u_ecc/u_core/ecc_leaf_path_q_reg[2]/C
                            (rising edge-triggered cell FDCE clocked by clk_i  {rise@0.000ns fall@2.500ns period=5.000ns})
  Destination:            u_ecc/u_core/hdc_src0_q_reg[2][44]/D
                            (rising edge-triggered cell FDCE clocked by clk_i  {rise@0.000ns fall@2.500ns period=5.000ns})
  Path Group:             clk_i
  Path Type:              Setup (Max at Slow Process Corner)
  Requirement:            5.000ns  (clk_i rise@5.000ns - clk_i rise@0.000ns)
  Data Path Delay:        4.802ns  (logic 1.250ns (26.033%)  route 3.552ns (73.967%))
  Logic Levels:           6  (LUT2=1 LUT4=2 LUT5=1 LUT6=2)
  Clock Path Skew:        -0.039ns (DCD - SCD + CPR)
    Destination Clock Delay (DCD):    0.748ns = ( 5.748 - 5.000 ) 
    Source Clock Delay      (SCD):    0.787ns
    Clock Pessimism Removal (CPR):    0.000ns
  Clock Uncertainty:      0.035ns  ((TSJ^2 + TIJ^2)^1/2 + DJ) / 2 + PE
    Total System Jitter     (TSJ):    0.071ns
    Total Input Jitter      (TIJ):    0.000ns
    Discrete Jitter          (DJ):    0.000ns
    Phase Error              (PE):    0.000ns

    Location             Delay type                Incr(ns)  Path(ns)    Netlist Resource(s)
  -------------------------------------------------------------------    -------------------
                         (clock clk_i rise edge)      0.000     0.000 r  
                                                      0.000     0.000 r  clk_i (IN)
                         net (fo=2611, unset)         0.787     0.787    u_ecc/u_core/clk_i
    SLICE_X58Y43         FDCE                                         r  u_ecc/u_core/ecc_leaf_path_q_reg[2]/C
  -------------------------------------------------------------------    -------------------
    SLICE_X58Y43         FDCE (Prop_fdce_C_Q)         0.433     1.220 f  u_ecc/u_core/ecc_leaf_path_q_reg[2]/Q
                         net (fo=111, routed)         0.736     1.956    u_ecc/u_core/path[2]
    SLICE_X71Y43                                                      f  u_ecc/u_core/i_vec_i_813/I1
    SLICE_X71Y43         LUT4 (Prop_lut4_I1_O)        0.105     2.061 r  u_ecc/u_core/i_vec_i_813/O
                         net (fo=100, routed)         1.042     3.103    u_ecc/u_core/i_vec_i_813_n_0
    SLICE_X81Y45                                                      r  u_ecc/u_core/i_vec_i_846/I0
    SLICE_X81Y45         LUT4 (Prop_lut4_I0_O)        0.105     3.208 r  u_ecc/u_core/i_vec_i_846/O
                         net (fo=2, routed)           0.496     3.704    u_ecc/u_core/i_vec_i_846_n_0
    SLICE_X83Y40                                                      r  u_ecc/u_core/i_vec_i_470/I4
    SLICE_X83Y40         LUT5 (Prop_lut5_I4_O)        0.105     3.809 r  u_ecc/u_core/i_vec_i_470/O
                         net (fo=1, routed)           0.513     4.322    u_ecc/u_core/i_vec_i_470_n_0
    SLICE_X77Y36                                                      r  u_ecc/u_core/i_vec_i_119/I2
    SLICE_X77Y36         LUT6 (Prop_lut6_I2_O)        0.105     4.427 r  u_ecc/u_core/i_vec_i_119/O
                         net (fo=2, routed)           0.407     4.833    u_ecc/u_core/i_vec/xor0_contribution_packet_i[2][44]
    SLICE_X76Y36                                                      r  u_ecc/u_core/i_vec/xor0_field_packet_o[172]_INST_0/I0
    SLICE_X76Y36         LUT2 (Prop_lut2_I0_O)        0.123     4.956 r  u_ecc/u_core/i_vec/xor0_field_packet_o[172]_INST_0/O
                         net (fo=1, routed)           0.358     5.315    u_ecc/u_core/xor0_field_packet[172]
    SLICE_X76Y36                                                      r  u_ecc/u_core/hdc_src0_q[2][44]_i_1/I4
    SLICE_X76Y36         LUT6 (Prop_lut6_I4_O)        0.274     5.589 r  u_ecc/u_core/hdc_src0_q[2][44]_i_1/O
                         net (fo=1, routed)           0.000     5.589    u_ecc/u_core/hdc_src0_q[2][44]_i_1_n_0
    SLICE_X76Y36         FDCE                                         r  u_ecc/u_core/hdc_src0_q_reg[2][44]/D
  -------------------------------------------------------------------    -------------------

                         (clock clk_i rise edge)      5.000     5.000 r  
                                                      0.000     5.000 r  clk_i (IN)
                         net (fo=2611, unset)         0.748     5.748    u_ecc/u_core/clk_i
    SLICE_X76Y36         FDCE                                         r  u_ecc/u_core/hdc_src0_q_reg[2][44]/C
                         clock pessimism              0.000     5.748    
                         clock uncertainty           -0.035     5.712    
    SLICE_X76Y36         FDCE (Setup_fdce_C_D)        0.030     5.742    u_ecc/u_core/hdc_src0_q_reg[2][44]
  -------------------------------------------------------------------
                         required time                          5.742    
                         arrival time                          -5.589    
  -------------------------------------------------------------------
                         slack                                  0.154    

Slack (MET) :             0.154ns  (required time - arrival time)
  Source:                 u_ecc/u_core/FSM_onehot_st_q_reg[30]_rep/C
                            (rising edge-triggered cell FDCE clocked by clk_i  {rise@0.000ns fall@2.500ns period=5.000ns})
  Destination:            u_ecc/u_core/hdc_src0_q_reg[2][59]/D
                            (rising edge-triggered cell FDCE clocked by clk_i  {rise@0.000ns fall@2.500ns period=5.000ns})
  Path Group:             clk_i
  Path Type:              Setup (Max at Slow Process Corner)
  Requirement:            5.000ns  (clk_i rise@5.000ns - clk_i rise@0.000ns)
  Data Path Delay:        4.801ns  (logic 1.192ns (24.828%)  route 3.609ns (75.172%))
  Logic Levels:           6  (LUT2=1 LUT5=2 LUT6=3)
  Clock Path Skew:        -0.039ns (DCD - SCD + CPR)
    Destination Clock Delay (DCD):    0.748ns = ( 5.748 - 5.000 ) 
    Source Clock Delay      (SCD):    0.787ns
    Clock Pessimism Removal (CPR):    0.000ns
  Clock Uncertainty:      0.035ns  ((TSJ^2 + TIJ^2)^1/2 + DJ) / 2 + PE
    Total System Jitter     (TSJ):    0.071ns
    Total Input Jitter      (TIJ):    0.000ns
    Discrete Jitter          (DJ):    0.000ns
    Phase Error              (PE):    0.000ns

    Location             Delay type                Incr(ns)  Path(ns)    Netlist Resource(s)
  -------------------------------------------------------------------    -------------------
                         (clock clk_i rise edge)      0.000     0.000 r  
                                                      0.000     0.000 r  clk_i (IN)
                         net (fo=2611, unset)         0.787     0.787    u_ecc/u_core/clk_i
    SLICE_X83Y44         FDCE                                         r  u_ecc/u_core/FSM_onehot_st_q_reg[30]_rep/C
  -------------------------------------------------------------------    -------------------
    SLICE_X83Y44         FDCE (Prop_fdce_C_Q)         0.379     1.166 r  u_ecc/u_core/FSM_onehot_st_q_reg[30]_rep/Q
                         net (fo=174, routed)         1.280     2.446    u_ecc/u_core/FSM_onehot_st_q_reg[30]_rep_n_0
    SLICE_X76Y39                                                      r  u_ecc/u_core/i_vec_i_772/I1
    SLICE_X76Y39         LUT5 (Prop_lut5_I1_O)        0.105     2.551 r  u_ecc/u_core/i_vec_i_772/O
                         net (fo=7, routed)           0.655     3.206    u_ecc/u_core/i_vec_i_772_n_0
    SLICE_X82Y38                                                      r  u_ecc/u_core/i_vec_i_839/I0
    SLICE_X82Y38         LUT6 (Prop_lut6_I0_O)        0.105     3.311 r  u_ecc/u_core/i_vec_i_839/O
                         net (fo=2, routed)           0.476     3.787    u_ecc/u_core/i_vec_i_839_n_0
    SLICE_X79Y39                                                      r  u_ecc/u_core/i_vec_i_425/I4
    SLICE_X79Y39         LUT5 (Prop_lut5_I4_O)        0.105     3.892 r  u_ecc/u_core/i_vec_i_425/O
                         net (fo=1, routed)           0.352     4.244    u_ecc/u_core/i_vec_i_425_n_0
    SLICE_X74Y40                                                      r  u_ecc/u_core/i_vec_i_104/I2
    SLICE_X74Y40         LUT6 (Prop_lut6_I2_O)        0.105     4.349 r  u_ecc/u_core/i_vec_i_104/O
                         net (fo=2, routed)           0.477     4.826    u_ecc/u_core/i_vec/xor0_contribution_packet_i[2][59]
    SLICE_X70Y40                                                      r  u_ecc/u_core/i_vec/xor0_field_packet_o[187]_INST_0/I0
    SLICE_X70Y40         LUT2 (Prop_lut2_I0_O)        0.126     4.952 r  u_ecc/u_core/i_vec/xor0_field_packet_o[187]_INST_0/O
                         net (fo=1, routed)           0.369     5.321    u_ecc/u_core/xor0_field_packet[187]
    SLICE_X71Y40                                                      r  u_ecc/u_core/hdc_src0_q[2][59]_i_1/I4
    SLICE_X71Y40         LUT6 (Prop_lut6_I4_O)        0.267     5.588 r  u_ecc/u_core/hdc_src0_q[2][59]_i_1/O
                         net (fo=1, routed)           0.000     5.588    u_ecc/u_core/hdc_src0_q[2][59]_i_1_n_0
    SLICE_X71Y40         FDCE                                         r  u_ecc/u_core/hdc_src0_q_reg[2][59]/D
  -------------------------------------------------------------------    -------------------

                         (clock clk_i rise edge)      5.000     5.000 r  
                                                      0.000     5.000 r  clk_i (IN)
                         net (fo=2611, unset)         0.748     5.748    u_ecc/u_core/clk_i
    SLICE_X71Y40         FDCE                                         r  u_ecc/u_core/hdc_src0_q_reg[2][59]/C
                         clock pessimism              0.000     5.748    
                         clock uncertainty           -0.035     5.712    
    SLICE_X71Y40         FDCE (Setup_fdce_C_D)        0.030     5.742    u_ecc/u_core/hdc_src0_q_reg[2][59]
  -------------------------------------------------------------------
                         required time                          5.742    
                         arrival time                          -5.588    
  -------------------------------------------------------------------
                         slack                                  0.154    

Slack (MET) :             0.155ns  (required time - arrival time)
  Source:                 u_hdc/u_core/hperm_lane_base_q_reg[0]/C
                            (rising edge-triggered cell FDCE clocked by clk_i  {rise@0.000ns fall@2.500ns period=5.000ns})
  Destination:            u_hdc/u_core/hperm_stage_q_reg[8]/D
                            (rising edge-triggered cell FDCE clocked by clk_i  {rise@0.000ns fall@2.500ns period=5.000ns})
  Path Group:             clk_i
  Path Type:              Setup (Max at Slow Process Corner)
  Requirement:            5.000ns  (clk_i rise@5.000ns - clk_i rise@0.000ns)
  Data Path Delay:        4.802ns  (logic 1.272ns (26.490%)  route 3.530ns (73.510%))
  Logic Levels:           5  (LUT3=1 LUT4=1 LUT5=2 LUT6=1)
  Clock Path Skew:        -0.039ns (DCD - SCD + CPR)
    Destination Clock Delay (DCD):    0.748ns = ( 5.748 - 5.000 ) 
    Source Clock Delay      (SCD):    0.787ns
    Clock Pessimism Removal (CPR):    0.000ns
  Clock Uncertainty:      0.035ns  ((TSJ^2 + TIJ^2)^1/2 + DJ) / 2 + PE
    Total System Jitter     (TSJ):    0.071ns
    Total Input Jitter      (TIJ):    0.000ns
    Discrete Jitter          (DJ):    0.000ns
    Phase Error              (PE):    0.000ns

    Location             Delay type                Incr(ns)  Path(ns)    Netlist Resource(s)
  -------------------------------------------------------------------    -------------------
                         (clock clk_i rise edge)      0.000     0.000 r  
                                                      0.000     0.000 r  clk_i (IN)
                         net (fo=2611, unset)         0.787     0.787    u_hdc/u_core/clk_i
    SLICE_X65Y12         FDCE                                         r  u_hdc/u_core/hperm_lane_base_q_reg[0]/C
  -------------------------------------------------------------------    -------------------
    SLICE_X65Y12         FDCE (Prop_fdce_C_Q)         0.379     1.166 r  u_hdc/u_core/hperm_lane_base_q_reg[0]/Q
                         net (fo=7, routed)           0.564     1.730    u_hdc/u_core/hperm_lane_base_q[0]
    SLICE_X65Y12                                                      r  u_hdc/u_core/hperm_stage_q[70]_i_24/I0
    SLICE_X65Y12         LUT4 (Prop_lut4_I0_O)        0.105     1.835 f  u_hdc/u_core/hperm_stage_q[70]_i_24/O
                         net (fo=129, routed)         0.753     2.588    u_hdc/u_core/hperm_stage_q[70]_i_24_n_0
    SLICE_X64Y12                                                      f  u_hdc/u_core/hperm_stage_q[70]_i_14/I0
    SLICE_X64Y12         LUT5 (Prop_lut5_I0_O)        0.123     2.711 r  u_hdc/u_core/hperm_stage_q[70]_i_14/O
                         net (fo=127, routed)         1.306     4.017    u_hdc/u_core/hperm_stage_q[70]_i_14_n_0
    SLICE_X80Y12                                                      r  u_hdc/u_core/hperm_stage_q[8]_i_3/I2
    SLICE_X80Y12         LUT6 (Prop_lut6_I2_O)        0.274     4.291 r  u_hdc/u_core/hperm_stage_q[8]_i_3/O
                         net (fo=2, routed)           0.663     4.954    u_hdc/u_core/hperm_stage_q[8]_i_3_n_0
    SLICE_X76Y13                                                      r  u_hdc/u_core/hperm_stage_q[8]_i_2/I1
    SLICE_X76Y13         LUT3 (Prop_lut3_I1_O)        0.124     5.078 r  u_hdc/u_core/hperm_stage_q[8]_i_2/O
                         net (fo=1, routed)           0.244     5.322    u_hdc/u_core/hperm_stage_q[8]_i_2_n_0
    SLICE_X76Y15                                                      r  u_hdc/u_core/hperm_stage_q[8]_i_1/I4
    SLICE_X76Y15         LUT5 (Prop_lut5_I4_O)        0.267     5.589 r  u_hdc/u_core/hperm_stage_q[8]_i_1/O
                         net (fo=1, routed)           0.000     5.589    u_hdc/u_core/hperm_byte_window[8]
    SLICE_X76Y15         FDCE                                         r  u_hdc/u_core/hperm_stage_q_reg[8]/D
  -------------------------------------------------------------------    -------------------

                         (clock clk_i rise edge)      5.000     5.000 r  
                                                      0.000     5.000 r  clk_i (IN)
                         net (fo=2611, unset)         0.748     5.748    u_hdc/u_core/clk_i
    SLICE_X76Y15         FDCE                                         r  u_hdc/u_core/hperm_stage_q_reg[8]/C
                         clock pessimism              0.000     5.748    
                         clock uncertainty           -0.035     5.712    
    SLICE_X76Y15         FDCE (Setup_fdce_C_D)        0.032     5.744    u_hdc/u_core/hperm_stage_q_reg[8]
  -------------------------------------------------------------------
                         required time                          5.744    
                         arrival time                          -5.589    
  -------------------------------------------------------------------
                         slack                                  0.155    

Slack (MET) :             0.161ns  (required time - arrival time)
  Source:                 u_ecc/u_core/ecc_leaf_prod_q_reg[0]/C
                            (rising edge-triggered cell FDCE clocked by clk_i  {rise@0.000ns fall@2.500ns period=5.000ns})
  Destination:            u_ecc/u_core/hdc_src0_q_reg[2][49]/D
                            (rising edge-triggered cell FDCE clocked by clk_i  {rise@0.000ns fall@2.500ns period=5.000ns})
  Path Group:             clk_i
  Path Type:              Setup (Max at Slow Process Corner)
  Requirement:            5.000ns  (clk_i rise@5.000ns - clk_i rise@0.000ns)
  Data Path Delay:        4.796ns  (logic 1.075ns (22.413%)  route 3.721ns (77.587%))
  Logic Levels:           5  (LUT2=1 LUT5=1 LUT6=3)
  Clock Path Skew:        -0.039ns (DCD - SCD + CPR)
    Destination Clock Delay (DCD):    0.748ns = ( 5.748 - 5.000 ) 
    Source Clock Delay      (SCD):    0.787ns
    Clock Pessimism Removal (CPR):    0.000ns
  Clock Uncertainty:      0.035ns  ((TSJ^2 + TIJ^2)^1/2 + DJ) / 2 + PE
    Total System Jitter     (TSJ):    0.071ns
    Total Input Jitter      (TIJ):    0.000ns
    Discrete Jitter          (DJ):    0.000ns
    Phase Error              (PE):    0.000ns

    Location             Delay type                Incr(ns)  Path(ns)    Netlist Resource(s)
  -------------------------------------------------------------------    -------------------
                         (clock clk_i rise edge)      0.000     0.000 r  
                                                      0.000     0.000 r  clk_i (IN)
                         net (fo=2611, unset)         0.787     0.787    u_ecc/u_core/clk_i
    SLICE_X76Y42         FDCE                                         r  u_ecc/u_core/ecc_leaf_prod_q_reg[0]/C
  -------------------------------------------------------------------    -------------------
    SLICE_X76Y42         FDCE (Prop_fdce_C_Q)         0.379     1.166 r  u_ecc/u_core/ecc_leaf_prod_q_reg[0]/Q
                         net (fo=13, routed)          1.408     2.574    u_ecc/u_core/p_0_in30_in[32]
    SLICE_X71Y44                                                      r  u_ecc/u_core/i_vec_i_297/I0
    SLICE_X71Y44         LUT6 (Prop_lut6_I0_O)        0.105     2.679 r  u_ecc/u_core/i_vec_i_297/O
                         net (fo=8, routed)           0.771     3.450    u_ecc/u_core/i_vec_i_297_n_0
    SLICE_X85Y39                                                      r  u_ecc/u_core/i_vec_i_456/I5
    SLICE_X85Y39         LUT6 (Prop_lut6_I5_O)        0.105     3.555 r  u_ecc/u_core/i_vec_i_456/O
                         net (fo=2, routed)           0.601     4.156    u_ecc/u_core/i_vec_i_456_n_0
    SLICE_X84Y35                                                      r  u_ecc/u_core/i_vec_i_114/I3
    SLICE_X84Y35         LUT5 (Prop_lut5_I3_O)        0.105     4.261 r  u_ecc/u_core/i_vec_i_114/O
                         net (fo=2, routed)           0.596     4.857    u_ecc/u_core/i_vec/xor0_contribution_packet_i[2][49]
    SLICE_X73Y34                                                      r  u_ecc/u_core/i_vec/xor0_field_packet_o[177]_INST_0/I0
    SLICE_X73Y34         LUT2 (Prop_lut2_I0_O)        0.107     4.964 r  u_ecc/u_core/i_vec/xor0_field_packet_o[177]_INST_0/O
                         net (fo=1, routed)           0.345     5.309    u_ecc/u_core/xor0_field_packet[177]
    SLICE_X73Y34                                                      r  u_ecc/u_core/hdc_src0_q[2][49]_i_1/I4
    SLICE_X73Y34         LUT6 (Prop_lut6_I4_O)        0.274     5.583 r  u_ecc/u_core/hdc_src0_q[2][49]_i_1/O
                         net (fo=1, routed)           0.000     5.583    u_ecc/u_core/hdc_src0_q[2][49]_i_1_n_0
    SLICE_X73Y34         FDCE                                         r  u_ecc/u_core/hdc_src0_q_reg[2][49]/D
  -------------------------------------------------------------------    -------------------

                         (clock clk_i rise edge)      5.000     5.000 r  
                                                      0.000     5.000 r  clk_i (IN)
                         net (fo=2611, unset)         0.748     5.748    u_ecc/u_core/clk_i
    SLICE_X73Y34         FDCE                                         r  u_ecc/u_core/hdc_src0_q_reg[2][49]/C
                         clock pessimism              0.000     5.748    
                         clock uncertainty           -0.035     5.712    
    SLICE_X73Y34         FDCE (Setup_fdce_C_D)        0.032     5.744    u_ecc/u_core/hdc_src0_q_reg[2][49]
  -------------------------------------------------------------------
                         required time                          5.744    
                         arrival time                          -5.583    
  -------------------------------------------------------------------
                         slack                                  0.161    

Slack (MET) :             0.162ns  (required time - arrival time)
  Source:                 u_hdc/u_core/hperm_lane_base_q_reg[0]/C
                            (rising edge-triggered cell FDCE clocked by clk_i  {rise@0.000ns fall@2.500ns period=5.000ns})
  Destination:            u_hdc/u_core/hperm_stage_q_reg[13]/D
                            (rising edge-triggered cell FDCE clocked by clk_i  {rise@0.000ns fall@2.500ns period=5.000ns})
  Path Group:             clk_i
  Path Type:              Setup (Max at Slow Process Corner)
  Requirement:            5.000ns  (clk_i rise@5.000ns - clk_i rise@0.000ns)
  Data Path Delay:        4.793ns  (logic 1.274ns (26.579%)  route 3.519ns (73.421%))
  Logic Levels:           5  (LUT3=1 LUT4=1 LUT5=2 LUT6=1)
  Clock Path Skew:        -0.039ns (DCD - SCD + CPR)
    Destination Clock Delay (DCD):    0.748ns = ( 5.748 - 5.000 ) 
    Source Clock Delay      (SCD):    0.787ns
    Clock Pessimism Removal (CPR):    0.000ns
  Clock Uncertainty:      0.035ns  ((TSJ^2 + TIJ^2)^1/2 + DJ) / 2 + PE
    Total System Jitter     (TSJ):    0.071ns
    Total Input Jitter      (TIJ):    0.000ns
    Discrete Jitter          (DJ):    0.000ns
    Phase Error              (PE):    0.000ns

    Location             Delay type                Incr(ns)  Path(ns)    Netlist Resource(s)
  -------------------------------------------------------------------    -------------------
                         (clock clk_i rise edge)      0.000     0.000 r  
                                                      0.000     0.000 r  clk_i (IN)
                         net (fo=2611, unset)         0.787     0.787    u_hdc/u_core/clk_i
    SLICE_X65Y12         FDCE                                         r  u_hdc/u_core/hperm_lane_base_q_reg[0]/C
  -------------------------------------------------------------------    -------------------
    SLICE_X65Y12         FDCE (Prop_fdce_C_Q)         0.379     1.166 r  u_hdc/u_core/hperm_lane_base_q_reg[0]/Q
                         net (fo=7, routed)           0.564     1.730    u_hdc/u_core/hperm_lane_base_q[0]
    SLICE_X65Y12                                                      r  u_hdc/u_core/hperm_stage_q[70]_i_24/I0
    SLICE_X65Y12         LUT4 (Prop_lut4_I0_O)        0.105     1.835 f  u_hdc/u_core/hperm_stage_q[70]_i_24/O
                         net (fo=129, routed)         0.753     2.588    u_hdc/u_core/hperm_stage_q[70]_i_24_n_0
    SLICE_X64Y12                                                      f  u_hdc/u_core/hperm_stage_q[70]_i_14/I0
    SLICE_X64Y12         LUT5 (Prop_lut5_I0_O)        0.123     2.711 r  u_hdc/u_core/hperm_stage_q[70]_i_14/O
                         net (fo=127, routed)         1.116     3.826    u_hdc/u_core/hperm_stage_q[70]_i_14_n_0
    SLICE_X67Y21                                                      r  u_hdc/u_core/hperm_stage_q[37]_i_3/I2
    SLICE_X67Y21         LUT6 (Prop_lut6_I2_O)        0.274     4.100 f  u_hdc/u_core/hperm_stage_q[37]_i_3/O
                         net (fo=3, routed)           0.632     4.733    u_hdc/u_core/hperm_stage_q[37]_i_3_n_0
    SLICE_X65Y21                                                      f  u_hdc/u_core/hperm_stage_q[29]_i_3/I0
    SLICE_X65Y21         LUT3 (Prop_lut3_I0_O)        0.126     4.859 r  u_hdc/u_core/hperm_stage_q[29]_i_3/O
                         net (fo=2, routed)           0.454     5.313    u_hdc/u_core/hperm_stage_q[29]_i_3_n_0
    SLICE_X64Y20                                                      r  u_hdc/u_core/hperm_stage_q[13]_i_1/I2
    SLICE_X64Y20         LUT5 (Prop_lut5_I2_O)        0.267     5.580 r  u_hdc/u_core/hperm_stage_q[13]_i_1/O
                         net (fo=1, routed)           0.000     5.580    u_hdc/u_core/hperm_byte_window[13]
    SLICE_X64Y20         FDCE                                         r  u_hdc/u_core/hperm_stage_q_reg[13]/D
  -------------------------------------------------------------------    -------------------

                         (clock clk_i rise edge)      5.000     5.000 r  
                                                      0.000     5.000 r  clk_i (IN)
                         net (fo=2611, unset)         0.748     5.748    u_hdc/u_core/clk_i
    SLICE_X64Y20         FDCE                                         r  u_hdc/u_core/hperm_stage_q_reg[13]/C
                         clock pessimism              0.000     5.748    
                         clock uncertainty           -0.035     5.712    
    SLICE_X64Y20         FDCE (Setup_fdce_C_D)        0.030     5.742    u_hdc/u_core/hperm_stage_q_reg[13]
  -------------------------------------------------------------------
                         required time                          5.742    
                         arrival time                          -5.580    
  -------------------------------------------------------------------
                         slack                                  0.162    

Slack (MET) :             0.162ns  (required time - arrival time)
  Source:                 u_ecc/u_core/i_vrf/gen_bank[1].vrf_mem_reg/CLKARDCLK
                            (rising edge-triggered cell RAMB36E1 clocked by clk_i  {rise@0.000ns fall@2.500ns period=5.000ns})
  Destination:            u_ecc/u_core/i_vec/payload_q_reg[1][2]/D
                            (rising edge-triggered cell FDCE clocked by clk_i  {rise@0.000ns fall@2.500ns period=5.000ns})
  Path Group:             clk_i
  Path Type:              Setup (Max at Slow Process Corner)
  Requirement:            5.000ns  (clk_i rise@5.000ns - clk_i rise@0.000ns)
  Data Path Delay:        4.793ns  (logic 2.627ns (54.810%)  route 2.166ns (45.190%))
  Logic Levels:           3  (LUT2=1 LUT3=1 LUT6=1)
  Clock Path Skew:        -0.039ns (DCD - SCD + CPR)
    Destination Clock Delay (DCD):    0.748ns = ( 5.748 - 5.000 ) 
    Source Clock Delay      (SCD):    0.787ns
    Clock Pessimism Removal (CPR):    0.000ns
  Clock Uncertainty:      0.035ns  ((TSJ^2 + TIJ^2)^1/2 + DJ) / 2 + PE
    Total System Jitter     (TSJ):    0.071ns
    Total Input Jitter      (TIJ):    0.000ns
    Discrete Jitter          (DJ):    0.000ns
    Phase Error              (PE):    0.000ns

    Location             Delay type                Incr(ns)  Path(ns)    Netlist Resource(s)
  -------------------------------------------------------------------    -------------------
                         (clock clk_i rise edge)      0.000     0.000 r  
                                                      0.000     0.000 r  clk_i (IN)
                         net (fo=2611, unset)         0.787     0.787    u_ecc/u_core/i_vrf/clk_i
    RAMB36_X3Y8          RAMB36E1                                     r  u_ecc/u_core/i_vrf/gen_bank[1].vrf_mem_reg/CLKARDCLK
  -------------------------------------------------------------------    -------------------
    RAMB36_X3Y8          RAMB36E1 (Prop_ramb36e1_CLKARDCLK_DOADO[2])
                                                      2.125     2.912 r  u_ecc/u_core/i_vrf/gen_bank[1].vrf_mem_reg/DOADO[2]
                         net (fo=2, routed)           1.316     4.228    u_ecc/u_core/i_vec/hdc_pair_src_b_i[1][2]
    SLICE_X78Y35                                                      r  u_ecc/u_core/i_vec/i_gf2_contribution_row_tile_i_446/I2
    SLICE_X78Y35         LUT3 (Prop_lut3_I2_O)        0.105     4.333 r  u_ecc/u_core/i_vec/i_gf2_contribution_row_tile_i_446/O
                         net (fo=1, routed)           0.505     4.838    u_ecc/u_core/i_vec/i_gf2_contribution_row_tile/matrix_src_b_i[2][2]
    SLICE_X79Y35                                                      r  u_ecc/u_core/i_vec/i_gf2_contribution_row_tile/matrix_product_o[2][2]_INST_0/I1
    SLICE_X79Y35         LUT2 (Prop_lut2_I1_O)        0.123     4.961 r  u_ecc/u_core/i_vec/i_gf2_contribution_row_tile/matrix_product_o[2][2]_INST_0/O
                         net (fo=1, routed)           0.345     5.306    u_ecc/u_core/i_vec/tile_product_word[1][2]
    SLICE_X79Y35                                                      r  u_ecc/u_core/i_vec/payload_q[1][2]_i_1/I3
    SLICE_X79Y35         LUT6 (Prop_lut6_I3_O)        0.274     5.580 r  u_ecc/u_core/i_vec/payload_q[1][2]_i_1/O
                         net (fo=1, routed)           0.000     5.580    u_ecc/u_core/i_vec/payload_q[1][2]_i_1_n_0
    SLICE_X79Y35         FDCE                                         r  u_ecc/u_core/i_vec/payload_q_reg[1][2]/D
  -------------------------------------------------------------------    -------------------

                         (clock clk_i rise edge)      5.000     5.000 r  
                                                      0.000     5.000 r  clk_i (IN)
                         net (fo=2611, unset)         0.748     5.748    u_ecc/u_core/i_vec/clk_i
    SLICE_X79Y35         FDCE                                         r  u_ecc/u_core/i_vec/payload_q_reg[1][2]/C
                         clock pessimism              0.000     5.748    
                         clock uncertainty           -0.035     5.712    
    SLICE_X79Y35         FDCE (Setup_fdce_C_D)        0.030     5.742    u_ecc/u_core/i_vec/payload_q_reg[1][2]
  -------------------------------------------------------------------
                         required time                          5.742    
                         arrival time                          -5.580    
  -------------------------------------------------------------------
                         slack                                  0.162    

Slack (MET) :             0.163ns  (required time - arrival time)
  Source:                 u_ecc/u_core/ecc_leaf_path_q_reg[2]/C
                            (rising edge-triggered cell FDCE clocked by clk_i  {rise@0.000ns fall@2.500ns period=5.000ns})
  Destination:            u_ecc/u_core/ecc_leaf_xor_a_q_reg[28]/D
                            (rising edge-triggered cell FDCE clocked by clk_i  {rise@0.000ns fall@2.500ns period=5.000ns})
  Path Group:             clk_i
  Path Type:              Setup (Max at Slow Process Corner)
  Requirement:            5.000ns  (clk_i rise@5.000ns - clk_i rise@0.000ns)
  Data Path Delay:        4.715ns  (logic 1.063ns (22.543%)  route 3.652ns (77.457%))
  Logic Levels:           6  (LUT4=2 LUT5=3 LUT6=1)
  Clock Path Skew:        -0.039ns (DCD - SCD + CPR)
    Destination Clock Delay (DCD):    0.748ns = ( 5.748 - 5.000 ) 
    Source Clock Delay      (SCD):    0.787ns
    Clock Pessimism Removal (CPR):    0.000ns
  Clock Uncertainty:      0.035ns  ((TSJ^2 + TIJ^2)^1/2 + DJ) / 2 + PE
    Total System Jitter     (TSJ):    0.071ns
    Total Input Jitter      (TIJ):    0.000ns
    Discrete Jitter          (DJ):    0.000ns
    Phase Error              (PE):    0.000ns

    Location             Delay type                Incr(ns)  Path(ns)    Netlist Resource(s)
  -------------------------------------------------------------------    -------------------
                         (clock clk_i rise edge)      0.000     0.000 r  
                                                      0.000     0.000 r  clk_i (IN)
                         net (fo=2611, unset)         0.787     0.787    u_ecc/u_core/clk_i
    SLICE_X58Y43         FDCE                                         r  u_ecc/u_core/ecc_leaf_path_q_reg[2]/C
  -------------------------------------------------------------------    -------------------
    SLICE_X58Y43         FDCE (Prop_fdce_C_Q)         0.433     1.220 f  u_ecc/u_core/ecc_leaf_path_q_reg[2]/Q
                         net (fo=111, routed)         0.551     1.771    u_ecc/u_core/path[2]
    SLICE_X57Y43                                                      f  u_ecc/u_core/i_vec_i_304/I3
    SLICE_X57Y43         LUT4 (Prop_lut4_I3_O)        0.105     1.876 r  u_ecc/u_core/i_vec_i_304/O
                         net (fo=112, routed)         0.675     2.551    u_ecc/u_core/i_vec_i_304_n_0
    SLICE_X51Y44                                                      r  u_ecc/u_core/ecc_leaf_xor_a_q[31]_i_13/I4
    SLICE_X51Y44         LUT6 (Prop_lut6_I4_O)        0.105     2.656 r  u_ecc/u_core/ecc_leaf_xor_a_q[31]_i_13/O
                         net (fo=5, routed)           0.269     2.925    u_ecc/u_core/ecc_leaf_xor_a_q[31]_i_13_n_0
    SLICE_X52Y44                                                      r  u_ecc/u_core/ecc_leaf_xor_a_q[31]_i_14/I0
    SLICE_X52Y44         LUT5 (Prop_lut5_I0_O)        0.105     3.030 r  u_ecc/u_core/ecc_leaf_xor_a_q[31]_i_14/O
                         net (fo=125, routed)         0.802     3.832    u_ecc/u_core/ecc_leaf_xor_a_q[31]_i_14_n_0
    SLICE_X51Y44                                                      r  u_ecc/u_core/ecc_leaf_xor_a_q[28]_i_6/I0
    SLICE_X51Y44         LUT5 (Prop_lut5_I0_O)        0.105     3.937 r  u_ecc/u_core/ecc_leaf_xor_a_q[28]_i_6/O
                         net (fo=1, routed)           0.338     4.275    u_ecc/u_core/ecc_leaf_xor_a_q[28]_i_6_n_0
    SLICE_X48Y44                                                      r  u_ecc/u_core/ecc_leaf_xor_a_q[28]_i_2/I2
    SLICE_X48Y44         LUT4 (Prop_lut4_I2_O)        0.105     4.380 r  u_ecc/u_core/ecc_leaf_xor_a_q[28]_i_2/O
                         net (fo=3, routed)           0.396     4.775    u_ecc/u_core/ecc_leaf_xor_a_q[28]_i_2_n_0
    SLICE_X48Y44                                                      r  u_ecc/u_core/ecc_leaf_xor_a_q[28]_i_1/I0
    SLICE_X48Y44         LUT5 (Prop_lut5_I0_O)        0.105     4.880 r  u_ecc/u_core/ecc_leaf_xor_a_q[28]_i_1/O
                         net (fo=2, routed)           0.622     5.502    u_ecc/u_core/word[28]
    SLICE_X47Y44         FDCE                                         r  u_ecc/u_core/ecc_leaf_xor_a_q_reg[28]/D
  -------------------------------------------------------------------    -------------------

                         (clock clk_i rise edge)      5.000     5.000 r  
                                                      0.000     5.000 r  clk_i (IN)
                         net (fo=2611, unset)         0.748     5.748    u_ecc/u_core/clk_i
    SLICE_X47Y44         FDCE                                         r  u_ecc/u_core/ecc_leaf_xor_a_q_reg[28]/C
                         clock pessimism              0.000     5.748    
                         clock uncertainty           -0.035     5.712    
    SLICE_X47Y44         FDCE (Setup_fdce_C_D)       -0.047     5.665    u_ecc/u_core/ecc_leaf_xor_a_q_reg[28]
  -------------------------------------------------------------------
                         required time                          5.665    
                         arrival time                          -5.502    
  -------------------------------------------------------------------
                         slack                                  0.163    

Slack (MET) :             0.170ns  (required time - arrival time)
  Source:                 u_ecc/u_core/ecc_leaf_path_q_reg[2]/C
                            (rising edge-triggered cell FDCE clocked by clk_i  {rise@0.000ns fall@2.500ns period=5.000ns})
  Destination:            u_ecc/u_core/hdc_src0_q_reg[3][5]/D
                            (rising edge-triggered cell FDCE clocked by clk_i  {rise@0.000ns fall@2.500ns period=5.000ns})
  Path Group:             clk_i
  Path Type:              Setup (Max at Slow Process Corner)
  Requirement:            5.000ns  (clk_i rise@5.000ns - clk_i rise@0.000ns)
  Data Path Delay:        4.831ns  (logic 0.958ns (19.828%)  route 3.873ns (80.172%))
  Logic Levels:           5  (LUT2=1 LUT4=2 LUT5=1 LUT6=1)
  Clock Path Skew:        -0.039ns (DCD - SCD + CPR)
    Destination Clock Delay (DCD):    0.748ns = ( 5.748 - 5.000 ) 
    Source Clock Delay      (SCD):    0.787ns
    Clock Pessimism Removal (CPR):    0.000ns
  Clock Uncertainty:      0.035ns  ((TSJ^2 + TIJ^2)^1/2 + DJ) / 2 + PE
    Total System Jitter     (TSJ):    0.071ns
    Total Input Jitter      (TIJ):    0.000ns
    Discrete Jitter          (DJ):    0.000ns
    Phase Error              (PE):    0.000ns

    Location             Delay type                Incr(ns)  Path(ns)    Netlist Resource(s)
  -------------------------------------------------------------------    -------------------
                         (clock clk_i rise edge)      0.000     0.000 r  
                                                      0.000     0.000 r  clk_i (IN)
                         net (fo=2611, unset)         0.787     0.787    u_ecc/u_core/clk_i
    SLICE_X58Y43         FDCE                                         r  u_ecc/u_core/ecc_leaf_path_q_reg[2]/C
  -------------------------------------------------------------------    -------------------
    SLICE_X58Y43         FDCE (Prop_fdce_C_Q)         0.433     1.220 f  u_ecc/u_core/ecc_leaf_path_q_reg[2]/Q
                         net (fo=111, routed)         0.736     1.956    u_ecc/u_core/path[2]
    SLICE_X71Y43                                                      f  u_ecc/u_core/i_vec_i_813/I1
    SLICE_X71Y43         LUT4 (Prop_lut4_I1_O)        0.105     2.061 r  u_ecc/u_core/i_vec_i_813/O
                         net (fo=100, routed)         1.388     3.449    u_ecc/u_core/i_vec_i_813_n_0
    SLICE_X90Y43                                                      r  u_ecc/u_core/i_vec_i_397/I0
    SLICE_X90Y43         LUT4 (Prop_lut4_I0_O)        0.105     3.554 r  u_ecc/u_core/i_vec_i_397/O
                         net (fo=3, routed)           0.970     4.524    u_ecc/u_core/i_vec_i_397_n_0
    SLICE_X65Y42                                                      r  u_ecc/u_core/i_vec_i_94/I2
    SLICE_X65Y42         LUT5 (Prop_lut5_I2_O)        0.105     4.629 r  u_ecc/u_core/i_vec_i_94/O
                         net (fo=2, routed)           0.373     5.002    u_ecc/u_core/i_vec/xor0_contribution_packet_i[3][5]
    SLICE_X62Y41                                                      r  u_ecc/u_core/i_vec/xor0_field_packet_o[197]_INST_0/I0
    SLICE_X62Y41         LUT2 (Prop_lut2_I0_O)        0.105     5.107 r  u_ecc/u_core/i_vec/xor0_field_packet_o[197]_INST_0/O
                         net (fo=1, routed)           0.407     5.513    u_ecc/u_core/xor0_field_packet[197]
    SLICE_X62Y41                                                      r  u_ecc/u_core/hdc_src0_q[3][5]_i_1/I4
    SLICE_X62Y41         LUT6 (Prop_lut6_I4_O)        0.105     5.618 r  u_ecc/u_core/hdc_src0_q[3][5]_i_1/O
                         net (fo=1, routed)           0.000     5.618    u_ecc/u_core/hdc_src0_q[3][5]_i_1_n_0
    SLICE_X62Y41         FDCE                                         r  u_ecc/u_core/hdc_src0_q_reg[3][5]/D
  -------------------------------------------------------------------    -------------------

                         (clock clk_i rise edge)      5.000     5.000 r  
                                                      0.000     5.000 r  clk_i (IN)
                         net (fo=2611, unset)         0.748     5.748    u_ecc/u_core/clk_i
    SLICE_X62Y41         FDCE                                         r  u_ecc/u_core/hdc_src0_q_reg[3][5]/C
                         clock pessimism              0.000     5.748    
                         clock uncertainty           -0.035     5.712    
    SLICE_X62Y41         FDCE (Setup_fdce_C_D)        0.076     5.788    u_ecc/u_core/hdc_src0_q_reg[3][5]
  -------------------------------------------------------------------
                         required time                          5.788    
                         arrival time                          -5.618    
  -------------------------------------------------------------------
                         slack                                  0.170    

Slack (MET) :             0.175ns  (required time - arrival time)
  Source:                 u_ecc/u_core/ecc_pmul_subop_q_reg[0]/C
                            (rising edge-triggered cell FDCE clocked by clk_i  {rise@0.000ns fall@2.500ns period=5.000ns})
  Destination:            u_ecc/u_core/hdc_src0_q_reg[1][2]/CE
                            (rising edge-triggered cell FDCE clocked by clk_i  {rise@0.000ns fall@2.500ns period=5.000ns})
  Path Group:             clk_i
  Path Type:              Setup (Max at Slow Process Corner)
  Requirement:            5.000ns  (clk_i rise@5.000ns - clk_i rise@0.000ns)
  Data Path Delay:        4.583ns  (logic 1.137ns (24.811%)  route 3.446ns (75.189%))
  Logic Levels:           5  (LUT3=1 LUT6=4)
  Clock Path Skew:        -0.039ns (DCD - SCD + CPR)
    Destination Clock Delay (DCD):    0.748ns = ( 5.748 - 5.000 ) 
    Source Clock Delay      (SCD):    0.787ns
    Clock Pessimism Removal (CPR):    0.000ns
  Clock Uncertainty:      0.035ns  ((TSJ^2 + TIJ^2)^1/2 + DJ) / 2 + PE
    Total System Jitter     (TSJ):    0.071ns
    Total Input Jitter      (TIJ):    0.000ns
    Discrete Jitter          (DJ):    0.000ns
    Phase Error              (PE):    0.000ns

    Location             Delay type                Incr(ns)  Path(ns)    Netlist Resource(s)
  -------------------------------------------------------------------    -------------------
                         (clock clk_i rise edge)      0.000     0.000 r  
                                                      0.000     0.000 r  clk_i (IN)
                         net (fo=2611, unset)         0.787     0.787    u_ecc/u_core/clk_i
    SLICE_X46Y34         FDCE                                         r  u_ecc/u_core/ecc_pmul_subop_q_reg[0]/C
  -------------------------------------------------------------------    -------------------
    SLICE_X46Y34         FDCE (Prop_fdce_C_Q)         0.433     1.220 r  u_ecc/u_core/ecc_pmul_subop_q_reg[0]/Q
                         net (fo=60, routed)          0.606     1.826    u_ecc/u_core/subop[0]
    SLICE_X46Y35                                                      r  u_ecc/u_core/ecc_sqr_repeat_q[6]_i_11/I0
    SLICE_X46Y35         LUT3 (Prop_lut3_I0_O)        0.125     1.951 r  u_ecc/u_core/ecc_sqr_repeat_q[6]_i_11/O
                         net (fo=6, routed)           0.426     2.377    u_ecc/u_core/ecc_sqr_repeat_q[6]_i_11_n_0
    SLICE_X46Y36                                                      r  u_ecc/u_core/ecc_leaf_xor_a_q[31]_i_5/I0
    SLICE_X46Y36         LUT6 (Prop_lut6_I0_O)        0.264     2.641 f  u_ecc/u_core/ecc_leaf_xor_a_q[31]_i_5/O
                         net (fo=15, routed)          0.272     2.913    u_ecc/u_core/ecc_leaf_xor_a_q[31]_i_5_n_0
    SLICE_X47Y36                                                      f  u_ecc/u_core/hdc_src0_q[3][63]_i_6/I5
    SLICE_X47Y36         LUT6 (Prop_lut6_I5_O)        0.105     3.018 r  u_ecc/u_core/hdc_src0_q[3][63]_i_6/O
                         net (fo=1, routed)           0.258     3.276    u_ecc/u_core/hdc_src0_q[3][63]_i_6_n_0
    SLICE_X47Y37                                                      r  u_ecc/u_core/hdc_src0_q[3][63]_i_3/I5
    SLICE_X47Y37         LUT6 (Prop_lut6_I5_O)        0.105     3.381 r  u_ecc/u_core/hdc_src0_q[3][63]_i_3/O
                         net (fo=4, routed)           0.836     4.217    u_ecc/u_core/hdc_src0_q[3][63]_i_3_n_0
    SLICE_X78Y42                                                      r  u_ecc/u_core/hdc_src0_q[1][63]_i_1/I5
    SLICE_X78Y42         LUT6 (Prop_lut6_I5_O)        0.105     4.322 r  u_ecc/u_core/hdc_src0_q[1][63]_i_1/O
                         net (fo=128, routed)         1.048     5.370    u_ecc/u_core/hdc_src0_q[1][63]_i_1_n_0
    SLICE_X84Y34         FDCE                                         r  u_ecc/u_core/hdc_src0_q_reg[1][2]/CE
  -------------------------------------------------------------------    -------------------

                         (clock clk_i rise edge)      5.000     5.000 r  
                                                      0.000     5.000 r  clk_i (IN)
                         net (fo=2611, unset)         0.748     5.748    u_ecc/u_core/clk_i
    SLICE_X84Y34         FDCE                                         r  u_ecc/u_core/hdc_src0_q_reg[1][2]/C
                         clock pessimism              0.000     5.748    
                         clock uncertainty           -0.035     5.712    
    SLICE_X84Y34         FDCE (Setup_fdce_C_CE)      -0.168     5.544    u_ecc/u_core/hdc_src0_q_reg[1][2]
  -------------------------------------------------------------------
                         required time                          5.544    
                         arrival time                          -5.370    
  -------------------------------------------------------------------
                         slack                                  0.175    

Slack (MET) :             0.175ns  (required time - arrival time)
  Source:                 u_ecc/u_core/FSM_onehot_st_q_reg[30]_rep/C
                            (rising edge-triggered cell FDCE clocked by clk_i  {rise@0.000ns fall@2.500ns period=5.000ns})
  Destination:            u_ecc/u_core/hdc_src0_q_reg[3][11]/D
                            (rising edge-triggered cell FDCE clocked by clk_i  {rise@0.000ns fall@2.500ns period=5.000ns})
  Path Group:             clk_i
  Path Type:              Setup (Max at Slow Process Corner)
  Requirement:            5.000ns  (clk_i rise@5.000ns - clk_i rise@0.000ns)
  Data Path Delay:        4.780ns  (logic 1.107ns (23.157%)  route 3.673ns (76.843%))
  Logic Levels:           5  (LUT2=1 LUT5=1 LUT6=3)
  Clock Path Skew:        -0.039ns (DCD - SCD + CPR)
    Destination Clock Delay (DCD):    0.748ns = ( 5.748 - 5.000 ) 
    Source Clock Delay      (SCD):    0.787ns
    Clock Pessimism Removal (CPR):    0.000ns
  Clock Uncertainty:      0.035ns  ((TSJ^2 + TIJ^2)^1/2 + DJ) / 2 + PE
    Total System Jitter     (TSJ):    0.071ns
    Total Input Jitter      (TIJ):    0.000ns
    Discrete Jitter          (DJ):    0.000ns
    Phase Error              (PE):    0.000ns

    Location             Delay type                Incr(ns)  Path(ns)    Netlist Resource(s)
  -------------------------------------------------------------------    -------------------
                         (clock clk_i rise edge)      0.000     0.000 r  
                                                      0.000     0.000 r  clk_i (IN)
                         net (fo=2611, unset)         0.787     0.787    u_ecc/u_core/clk_i
    SLICE_X83Y44         FDCE                                         r  u_ecc/u_core/FSM_onehot_st_q_reg[30]_rep/C
  -------------------------------------------------------------------    -------------------
    SLICE_X83Y44         FDCE (Prop_fdce_C_Q)         0.379     1.166 r  u_ecc/u_core/FSM_onehot_st_q_reg[30]_rep/Q
                         net (fo=174, routed)         1.313     2.479    u_ecc/u_core/FSM_onehot_st_q_reg[30]_rep_n_0
    SLICE_X73Y49                                                      r  u_ecc/u_core/i_vec_i_736/I1
    SLICE_X73Y49         LUT6 (Prop_lut6_I1_O)        0.105     2.584 r  u_ecc/u_core/i_vec_i_736/O
                         net (fo=7, routed)           0.688     3.273    u_ecc/u_core/i_vec_i_736_n_0
    SLICE_X78Y40                                                      r  u_ecc/u_core/i_vec_i_381/I1
    SLICE_X78Y40         LUT6 (Prop_lut6_I1_O)        0.105     3.378 r  u_ecc/u_core/i_vec_i_381/O
                         net (fo=3, routed)           0.653     4.030    u_ecc/u_core/i_vec_i_381_n_0
    SLICE_X75Y39                                                      r  u_ecc/u_core/i_vec_i_88/I2
    SLICE_X75Y39         LUT5 (Prop_lut5_I2_O)        0.105     4.135 r  u_ecc/u_core/i_vec_i_88/O
                         net (fo=2, routed)           0.790     4.925    u_ecc/u_core/i_vec/xor0_contribution_packet_i[3][11]
    SLICE_X62Y39                                                      r  u_ecc/u_core/i_vec/xor0_field_packet_o[203]_INST_0/I0
    SLICE_X62Y39         LUT2 (Prop_lut2_I0_O)        0.127     5.052 r  u_ecc/u_core/i_vec/xor0_field_packet_o[203]_INST_0/O
                         net (fo=1, routed)           0.230     5.281    u_ecc/u_core/xor0_field_packet[203]
    SLICE_X61Y39                                                      r  u_ecc/u_core/hdc_src0_q[3][11]_i_1/I4
    SLICE_X61Y39         LUT6 (Prop_lut6_I4_O)        0.286     5.567 r  u_ecc/u_core/hdc_src0_q[3][11]_i_1/O
                         net (fo=1, routed)           0.000     5.567    u_ecc/u_core/hdc_src0_q[3][11]_i_1_n_0
    SLICE_X61Y39         FDCE                                         r  u_ecc/u_core/hdc_src0_q_reg[3][11]/D
  -------------------------------------------------------------------    -------------------

                         (clock clk_i rise edge)      5.000     5.000 r  
                                                      0.000     5.000 r  clk_i (IN)
                         net (fo=2611, unset)         0.748     5.748    u_ecc/u_core/clk_i
    SLICE_X61Y39         FDCE                                         r  u_ecc/u_core/hdc_src0_q_reg[3][11]/C
                         clock pessimism              0.000     5.748    
                         clock uncertainty           -0.035     5.712    
    SLICE_X61Y39         FDCE (Setup_fdce_C_D)        0.030     5.742    u_ecc/u_core/hdc_src0_q_reg[3][11]
  -------------------------------------------------------------------
                         required time                          5.742    
                         arrival time                          -5.567    
  -------------------------------------------------------------------
                         slack                                  0.175    

Slack (MET) :             0.176ns  (required time - arrival time)
  Source:                 u_ecc/u_core/ecc_leaf_path_q_reg[3]/C
                            (rising edge-triggered cell FDCE clocked by clk_i  {rise@0.000ns fall@2.500ns period=5.000ns})
  Destination:            u_ecc/u_core/hdc_src0_q_reg[1][29]/D
                            (rising edge-triggered cell FDCE clocked by clk_i  {rise@0.000ns fall@2.500ns period=5.000ns})
  Path Group:             clk_i
  Path Type:              Setup (Max at Slow Process Corner)
  Requirement:            5.000ns  (clk_i rise@5.000ns - clk_i rise@0.000ns)
  Data Path Delay:        4.782ns  (logic 1.009ns (21.102%)  route 3.773ns (78.898%))
  Logic Levels:           6  (LUT2=1 LUT4=2 LUT5=2 LUT6=1)
  Clock Path Skew:        -0.039ns (DCD - SCD + CPR)
    Destination Clock Delay (DCD):    0.748ns = ( 5.748 - 5.000 ) 
    Source Clock Delay      (SCD):    0.787ns
    Clock Pessimism Removal (CPR):    0.000ns
  Clock Uncertainty:      0.035ns  ((TSJ^2 + TIJ^2)^1/2 + DJ) / 2 + PE
    Total System Jitter     (TSJ):    0.071ns
    Total Input Jitter      (TIJ):    0.000ns
    Discrete Jitter          (DJ):    0.000ns
    Phase Error              (PE):    0.000ns

    Location             Delay type                Incr(ns)  Path(ns)    Netlist Resource(s)
  -------------------------------------------------------------------    -------------------
                         (clock clk_i rise edge)      0.000     0.000 r  
                                                      0.000     0.000 r  clk_i (IN)
                         net (fo=2611, unset)         0.787     0.787    u_ecc/u_core/clk_i
    SLICE_X69Y43         FDCE                                         r  u_ecc/u_core/ecc_leaf_path_q_reg[3]/C
  -------------------------------------------------------------------    -------------------
    SLICE_X69Y43         FDCE (Prop_fdce_C_Q)         0.379     1.166 r  u_ecc/u_core/ecc_leaf_path_q_reg[3]/Q
                         net (fo=109, routed)         0.721     1.887    u_ecc/u_core/path[3]
    SLICE_X63Y43                                                      r  u_ecc/u_core/i_vec_i_298/I2
    SLICE_X63Y43         LUT4 (Prop_lut4_I2_O)        0.105     1.992 r  u_ecc/u_core/i_vec_i_298/O
                         net (fo=111, routed)         1.240     3.232    u_ecc/u_core/i_vec_i_298_n_0
    SLICE_X85Y46                                                      r  u_ecc/u_core/i_vec_i_452/I1
    SLICE_X85Y46         LUT4 (Prop_lut4_I1_O)        0.105     3.337 r  u_ecc/u_core/i_vec_i_452/O
                         net (fo=2, routed)           0.459     3.796    u_ecc/u_core/i_vec_i_452_n_0
    SLICE_X85Y50                                                      r  u_ecc/u_core/i_vec_i_664/I0
    SLICE_X85Y50         LUT5 (Prop_lut5_I0_O)        0.105     3.901 r  u_ecc/u_core/i_vec_i_664/O
                         net (fo=2, routed)           0.507     4.408    u_ecc/u_core/i_vec_i_664_n_0
    SLICE_X84Y50                                                      r  u_ecc/u_core/i_vec_i_198/I4
    SLICE_X84Y50         LUT5 (Prop_lut5_I4_O)        0.105     4.513 r  u_ecc/u_core/i_vec_i_198/O
                         net (fo=2, routed)           0.356     4.869    u_ecc/u_core/i_vec/xor0_contribution_packet_i[1][29]
    SLICE_X85Y49                                                      r  u_ecc/u_core/i_vec/xor0_field_packet_o[93]_INST_0/I0
    SLICE_X85Y49         LUT2 (Prop_lut2_I0_O)        0.105     4.974 r  u_ecc/u_core/i_vec/xor0_field_packet_o[93]_INST_0/O
                         net (fo=1, routed)           0.490     5.464    u_ecc/u_core/xor0_field_packet[93]
    SLICE_X85Y43                                                      r  u_ecc/u_core/hdc_src0_q[1][29]_i_1/I4
    SLICE_X85Y43         LUT6 (Prop_lut6_I4_O)        0.105     5.569 r  u_ecc/u_core/hdc_src0_q[1][29]_i_1/O
                         net (fo=1, routed)           0.000     5.569    u_ecc/u_core/hdc_src0_q[1][29]_i_1_n_0
    SLICE_X85Y43         FDCE                                         r  u_ecc/u_core/hdc_src0_q_reg[1][29]/D
  -------------------------------------------------------------------    -------------------

                         (clock clk_i rise edge)      5.000     5.000 r  
                                                      0.000     5.000 r  clk_i (IN)
                         net (fo=2611, unset)         0.748     5.748    u_ecc/u_core/clk_i
    SLICE_X85Y43         FDCE                                         r  u_ecc/u_core/hdc_src0_q_reg[1][29]/C
                         clock pessimism              0.000     5.748    
                         clock uncertainty           -0.035     5.712    
    SLICE_X85Y43         FDCE (Setup_fdce_C_D)        0.032     5.744    u_ecc/u_core/hdc_src0_q_reg[1][29]
  -------------------------------------------------------------------
                         required time                          5.744    
                         arrival time                          -5.569    
  -------------------------------------------------------------------
                         slack                                  0.176    

Slack (MET) :             0.178ns  (required time - arrival time)
  Source:                 u_ecc/u_core/ecc_kpd64_sub_q_reg[1]/C
                            (rising edge-triggered cell FDCE clocked by clk_i  {rise@0.000ns fall@2.500ns period=5.000ns})
  Destination:            u_ecc/u_core/hdc_src0_q_reg[3][19]/D
                            (rising edge-triggered cell FDCE clocked by clk_i  {rise@0.000ns fall@2.500ns period=5.000ns})
  Path Group:             clk_i
  Path Type:              Setup (Max at Slow Process Corner)
  Requirement:            5.000ns  (clk_i rise@5.000ns - clk_i rise@0.000ns)
  Data Path Delay:        4.778ns  (logic 1.263ns (26.436%)  route 3.515ns (73.564%))
  Logic Levels:           5  (LUT2=2 LUT5=1 LUT6=2)
  Clock Path Skew:        -0.039ns (DCD - SCD + CPR)
    Destination Clock Delay (DCD):    0.748ns = ( 5.748 - 5.000 ) 
    Source Clock Delay      (SCD):    0.787ns
    Clock Pessimism Removal (CPR):    0.000ns
  Clock Uncertainty:      0.035ns  ((TSJ^2 + TIJ^2)^1/2 + DJ) / 2 + PE
    Total System Jitter     (TSJ):    0.071ns
    Total Input Jitter      (TIJ):    0.000ns
    Discrete Jitter          (DJ):    0.000ns
    Phase Error              (PE):    0.000ns

    Location             Delay type                Incr(ns)  Path(ns)    Netlist Resource(s)
  -------------------------------------------------------------------    -------------------
                         (clock clk_i rise edge)      0.000     0.000 r  
                                                      0.000     0.000 r  clk_i (IN)
                         net (fo=2611, unset)         0.787     0.787    u_ecc/u_core/clk_i
    SLICE_X73Y46         FDCE                                         r  u_ecc/u_core/ecc_kpd64_sub_q_reg[1]/C
  -------------------------------------------------------------------    -------------------
    SLICE_X73Y46         FDCE (Prop_fdce_C_Q)         0.379     1.166 f  u_ecc/u_core/ecc_kpd64_sub_q_reg[1]/Q
                         net (fo=111, routed)         0.545     1.711    u_ecc/u_core/ecc_kpd64_sub_q[1]
    SLICE_X72Y45                                                      f  u_ecc/u_core/i_vec_i_819/I1
    SLICE_X72Y45         LUT2 (Prop_lut2_I1_O)        0.124     1.835 r  u_ecc/u_core/i_vec_i_819/O
                         net (fo=74, routed)          1.332     3.168    u_ecc/u_core/i_vec_i_819_n_0
    SLICE_X81Y50                                                      r  u_ecc/u_core/i_vec_i_360/I2
    SLICE_X81Y50         LUT6 (Prop_lut6_I2_O)        0.274     3.442 r  u_ecc/u_core/i_vec_i_360/O
                         net (fo=2, routed)           0.490     3.932    u_ecc/u_core/i_vec_i_360_n_0
    SLICE_X77Y48                                                      r  u_ecc/u_core/i_vec_i_80/I4
    SLICE_X77Y48         LUT5 (Prop_lut5_I4_O)        0.105     4.037 r  u_ecc/u_core/i_vec_i_80/O
                         net (fo=2, routed)           0.801     4.838    u_ecc/u_core/i_vec/xor0_contribution_packet_i[3][19]
    SLICE_X59Y42                                                      r  u_ecc/u_core/i_vec/xor0_field_packet_o[211]_INST_0/I0
    SLICE_X59Y42         LUT2 (Prop_lut2_I0_O)        0.107     4.945 r  u_ecc/u_core/i_vec/xor0_field_packet_o[211]_INST_0/O
                         net (fo=1, routed)           0.345     5.291    u_ecc/u_core/xor0_field_packet[211]
    SLICE_X59Y42                                                      r  u_ecc/u_core/hdc_src0_q[3][19]_i_1/I4
    SLICE_X59Y42         LUT6 (Prop_lut6_I4_O)        0.274     5.565 r  u_ecc/u_core/hdc_src0_q[3][19]_i_1/O
                         net (fo=1, routed)           0.000     5.565    u_ecc/u_core/hdc_src0_q[3][19]_i_1_n_0
    SLICE_X59Y42         FDCE                                         r  u_ecc/u_core/hdc_src0_q_reg[3][19]/D
  -------------------------------------------------------------------    -------------------

                         (clock clk_i rise edge)      5.000     5.000 r  
                                                      0.000     5.000 r  clk_i (IN)
                         net (fo=2611, unset)         0.748     5.748    u_ecc/u_core/clk_i
    SLICE_X59Y42         FDCE                                         r  u_ecc/u_core/hdc_src0_q_reg[3][19]/C
                         clock pessimism              0.000     5.748    
                         clock uncertainty           -0.035     5.712    
    SLICE_X59Y42         FDCE (Setup_fdce_C_D)        0.030     5.742    u_ecc/u_core/hdc_src0_q_reg[3][19]
  -------------------------------------------------------------------
                         required time                          5.742    
                         arrival time                          -5.565    
  -------------------------------------------------------------------
                         slack                                  0.178    

Slack (MET) :             0.178ns  (required time - arrival time)
  Source:                 u_ecc/u_core/ecc_pmul_subop_q_reg[0]/C
                            (rising edge-triggered cell FDCE clocked by clk_i  {rise@0.000ns fall@2.500ns period=5.000ns})
  Destination:            u_ecc/u_core/hdc_src0_q_reg[0][43]/CE
                            (rising edge-triggered cell FDCE clocked by clk_i  {rise@0.000ns fall@2.500ns period=5.000ns})
  Path Group:             clk_i
  Path Type:              Setup (Max at Slow Process Corner)
  Requirement:            5.000ns  (clk_i rise@5.000ns - clk_i rise@0.000ns)
  Data Path Delay:        4.579ns  (logic 1.137ns (24.831%)  route 3.442ns (75.169%))
  Logic Levels:           5  (LUT3=1 LUT6=4)
  Clock Path Skew:        -0.039ns (DCD - SCD + CPR)
    Destination Clock Delay (DCD):    0.748ns = ( 5.748 - 5.000 ) 
    Source Clock Delay      (SCD):    0.787ns
    Clock Pessimism Removal (CPR):    0.000ns
  Clock Uncertainty:      0.035ns  ((TSJ^2 + TIJ^2)^1/2 + DJ) / 2 + PE
    Total System Jitter     (TSJ):    0.071ns
    Total Input Jitter      (TIJ):    0.000ns
    Discrete Jitter          (DJ):    0.000ns
    Phase Error              (PE):    0.000ns

    Location             Delay type                Incr(ns)  Path(ns)    Netlist Resource(s)
  -------------------------------------------------------------------    -------------------
                         (clock clk_i rise edge)      0.000     0.000 r  
                                                      0.000     0.000 r  clk_i (IN)
                         net (fo=2611, unset)         0.787     0.787    u_ecc/u_core/clk_i
    SLICE_X46Y34         FDCE                                         r  u_ecc/u_core/ecc_pmul_subop_q_reg[0]/C
  -------------------------------------------------------------------    -------------------
    SLICE_X46Y34         FDCE (Prop_fdce_C_Q)         0.433     1.220 r  u_ecc/u_core/ecc_pmul_subop_q_reg[0]/Q
                         net (fo=60, routed)          0.606     1.826    u_ecc/u_core/subop[0]
    SLICE_X46Y35                                                      r  u_ecc/u_core/ecc_sqr_repeat_q[6]_i_11/I0
    SLICE_X46Y35         LUT3 (Prop_lut3_I0_O)        0.125     1.951 r  u_ecc/u_core/ecc_sqr_repeat_q[6]_i_11/O
                         net (fo=6, routed)           0.426     2.377    u_ecc/u_core/ecc_sqr_repeat_q[6]_i_11_n_0
    SLICE_X46Y36                                                      r  u_ecc/u_core/ecc_leaf_xor_a_q[31]_i_5/I0
    SLICE_X46Y36         LUT6 (Prop_lut6_I0_O)        0.264     2.641 f  u_ecc/u_core/ecc_leaf_xor_a_q[31]_i_5/O
                         net (fo=15, routed)          0.272     2.913    u_ecc/u_core/ecc_leaf_xor_a_q[31]_i_5_n_0
    SLICE_X47Y36                                                      f  u_ecc/u_core/hdc_src0_q[3][63]_i_6/I5
    SLICE_X47Y36         LUT6 (Prop_lut6_I5_O)        0.105     3.018 r  u_ecc/u_core/hdc_src0_q[3][63]_i_6/O
                         net (fo=1, routed)           0.258     3.276    u_ecc/u_core/hdc_src0_q[3][63]_i_6_n_0
    SLICE_X47Y37                                                      r  u_ecc/u_core/hdc_src0_q[3][63]_i_3/I5
    SLICE_X47Y37         LUT6 (Prop_lut6_I5_O)        0.105     3.381 r  u_ecc/u_core/hdc_src0_q[3][63]_i_3/O
                         net (fo=4, routed)           0.836     4.217    u_ecc/u_core/hdc_src0_q[3][63]_i_3_n_0
    SLICE_X78Y42                                                      r  u_ecc/u_core/hdc_src0_q[1][63]_i_1/I5
    SLICE_X78Y42         LUT6 (Prop_lut6_I5_O)        0.105     4.322 r  u_ecc/u_core/hdc_src0_q[1][63]_i_1/O
                         net (fo=128, routed)         1.044     5.366    u_ecc/u_core/hdc_src0_q[1][63]_i_1_n_0
    SLICE_X67Y49         FDCE                                         r  u_ecc/u_core/hdc_src0_q_reg[0][43]/CE
  -------------------------------------------------------------------    -------------------

                         (clock clk_i rise edge)      5.000     5.000 r  
                                                      0.000     5.000 r  clk_i (IN)
                         net (fo=2611, unset)         0.748     5.748    u_ecc/u_core/clk_i
    SLICE_X67Y49         FDCE                                         r  u_ecc/u_core/hdc_src0_q_reg[0][43]/C
                         clock pessimism              0.000     5.748    
                         clock uncertainty           -0.035     5.712    
    SLICE_X67Y49         FDCE (Setup_fdce_C_CE)      -0.168     5.544    u_ecc/u_core/hdc_src0_q_reg[0][43]
  -------------------------------------------------------------------
                         required time                          5.544    
                         arrival time                          -5.366    
  -------------------------------------------------------------------
                         slack                                  0.178    

Slack (MET) :             0.180ns  (required time - arrival time)
  Source:                 u_ecc/u_core/ecc_pmul_subop_q_reg[0]/C
                            (rising edge-triggered cell FDCE clocked by clk_i  {rise@0.000ns fall@2.500ns period=5.000ns})
  Destination:            u_ecc/u_core/hdc_src0_q_reg[0][19]/CE
                            (rising edge-triggered cell FDCE clocked by clk_i  {rise@0.000ns fall@2.500ns period=5.000ns})
  Path Group:             clk_i
  Path Type:              Setup (Max at Slow Process Corner)
  Requirement:            5.000ns  (clk_i rise@5.000ns - clk_i rise@0.000ns)
  Data Path Delay:        4.577ns  (logic 1.137ns (24.842%)  route 3.440ns (75.158%))
  Logic Levels:           5  (LUT3=1 LUT6=4)
  Clock Path Skew:        -0.039ns (DCD - SCD + CPR)
    Destination Clock Delay (DCD):    0.748ns = ( 5.748 - 5.000 ) 
    Source Clock Delay      (SCD):    0.787ns
    Clock Pessimism Removal (CPR):    0.000ns
  Clock Uncertainty:      0.035ns  ((TSJ^2 + TIJ^2)^1/2 + DJ) / 2 + PE
    Total System Jitter     (TSJ):    0.071ns
    Total Input Jitter      (TIJ):    0.000ns
    Discrete Jitter          (DJ):    0.000ns
    Phase Error              (PE):    0.000ns

    Location             Delay type                Incr(ns)  Path(ns)    Netlist Resource(s)
  -------------------------------------------------------------------    -------------------
                         (clock clk_i rise edge)      0.000     0.000 r  
                                                      0.000     0.000 r  clk_i (IN)
                         net (fo=2611, unset)         0.787     0.787    u_ecc/u_core/clk_i
    SLICE_X46Y34         FDCE                                         r  u_ecc/u_core/ecc_pmul_subop_q_reg[0]/C
  -------------------------------------------------------------------    -------------------
    SLICE_X46Y34         FDCE (Prop_fdce_C_Q)         0.433     1.220 r  u_ecc/u_core/ecc_pmul_subop_q_reg[0]/Q
                         net (fo=60, routed)          0.606     1.826    u_ecc/u_core/subop[0]
    SLICE_X46Y35                                                      r  u_ecc/u_core/ecc_sqr_repeat_q[6]_i_11/I0
    SLICE_X46Y35         LUT3 (Prop_lut3_I0_O)        0.125     1.951 r  u_ecc/u_core/ecc_sqr_repeat_q[6]_i_11/O
                         net (fo=6, routed)           0.426     2.377    u_ecc/u_core/ecc_sqr_repeat_q[6]_i_11_n_0
    SLICE_X46Y36                                                      r  u_ecc/u_core/ecc_leaf_xor_a_q[31]_i_5/I0
    SLICE_X46Y36         LUT6 (Prop_lut6_I0_O)        0.264     2.641 f  u_ecc/u_core/ecc_leaf_xor_a_q[31]_i_5/O
                         net (fo=15, routed)          0.272     2.913    u_ecc/u_core/ecc_leaf_xor_a_q[31]_i_5_n_0
    SLICE_X47Y36                                                      f  u_ecc/u_core/hdc_src0_q[3][63]_i_6/I5
    SLICE_X47Y36         LUT6 (Prop_lut6_I5_O)        0.105     3.018 r  u_ecc/u_core/hdc_src0_q[3][63]_i_6/O
                         net (fo=1, routed)           0.258     3.276    u_ecc/u_core/hdc_src0_q[3][63]_i_6_n_0
    SLICE_X47Y37                                                      r  u_ecc/u_core/hdc_src0_q[3][63]_i_3/I5
    SLICE_X47Y37         LUT6 (Prop_lut6_I5_O)        0.105     3.381 r  u_ecc/u_core/hdc_src0_q[3][63]_i_3/O
                         net (fo=4, routed)           0.836     4.217    u_ecc/u_core/hdc_src0_q[3][63]_i_3_n_0
    SLICE_X78Y42                                                      r  u_ecc/u_core/hdc_src0_q[1][63]_i_1/I5
    SLICE_X78Y42         LUT6 (Prop_lut6_I5_O)        0.105     4.322 r  u_ecc/u_core/hdc_src0_q[1][63]_i_1/O
                         net (fo=128, routed)         1.042     5.364    u_ecc/u_core/hdc_src0_q[1][63]_i_1_n_0
    SLICE_X67Y47         FDCE                                         r  u_ecc/u_core/hdc_src0_q_reg[0][19]/CE
  -------------------------------------------------------------------    -------------------

                         (clock clk_i rise edge)      5.000     5.000 r  
                                                      0.000     5.000 r  clk_i (IN)
                         net (fo=2611, unset)         0.748     5.748    u_ecc/u_core/clk_i
    SLICE_X67Y47         FDCE                                         r  u_ecc/u_core/hdc_src0_q_reg[0][19]/C
                         clock pessimism              0.000     5.748    
                         clock uncertainty           -0.035     5.712    
    SLICE_X67Y47         FDCE (Setup_fdce_C_CE)      -0.168     5.544    u_ecc/u_core/hdc_src0_q_reg[0][19]
  -------------------------------------------------------------------
                         required time                          5.544    
                         arrival time                          -5.364    
  -------------------------------------------------------------------
                         slack                                  0.180    

Slack (MET) :             0.180ns  (required time - arrival time)
  Source:                 u_ecc/u_core/ecc_pmul_subop_q_reg[0]/C
                            (rising edge-triggered cell FDCE clocked by clk_i  {rise@0.000ns fall@2.500ns period=5.000ns})
  Destination:            u_ecc/u_core/hdc_src0_q_reg[0][59]/CE
                            (rising edge-triggered cell FDCE clocked by clk_i  {rise@0.000ns fall@2.500ns period=5.000ns})
  Path Group:             clk_i
  Path Type:              Setup (Max at Slow Process Corner)
  Requirement:            5.000ns  (clk_i rise@5.000ns - clk_i rise@0.000ns)
  Data Path Delay:        4.577ns  (logic 1.137ns (24.842%)  route 3.440ns (75.158%))
  Logic Levels:           5  (LUT3=1 LUT6=4)
  Clock Path Skew:        -0.039ns (DCD - SCD + CPR)
    Destination Clock Delay (DCD):    0.748ns = ( 5.748 - 5.000 ) 
    Source Clock Delay      (SCD):    0.787ns
    Clock Pessimism Removal (CPR):    0.000ns
  Clock Uncertainty:      0.035ns  ((TSJ^2 + TIJ^2)^1/2 + DJ) / 2 + PE
    Total System Jitter     (TSJ):    0.071ns
    Total Input Jitter      (TIJ):    0.000ns
    Discrete Jitter          (DJ):    0.000ns
    Phase Error              (PE):    0.000ns

    Location             Delay type                Incr(ns)  Path(ns)    Netlist Resource(s)
  -------------------------------------------------------------------    -------------------
                         (clock clk_i rise edge)      0.000     0.000 r  
                                                      0.000     0.000 r  clk_i (IN)
                         net (fo=2611, unset)         0.787     0.787    u_ecc/u_core/clk_i
    SLICE_X46Y34         FDCE                                         r  u_ecc/u_core/ecc_pmul_subop_q_reg[0]/C
  -------------------------------------------------------------------    -------------------
    SLICE_X46Y34         FDCE (Prop_fdce_C_Q)         0.433     1.220 r  u_ecc/u_core/ecc_pmul_subop_q_reg[0]/Q
                         net (fo=60, routed)          0.606     1.826    u_ecc/u_core/subop[0]
    SLICE_X46Y35                                                      r  u_ecc/u_core/ecc_sqr_repeat_q[6]_i_11/I0
    SLICE_X46Y35         LUT3 (Prop_lut3_I0_O)        0.125     1.951 r  u_ecc/u_core/ecc_sqr_repeat_q[6]_i_11/O
                         net (fo=6, routed)           0.426     2.377    u_ecc/u_core/ecc_sqr_repeat_q[6]_i_11_n_0
    SLICE_X46Y36                                                      r  u_ecc/u_core/ecc_leaf_xor_a_q[31]_i_5/I0
    SLICE_X46Y36         LUT6 (Prop_lut6_I0_O)        0.264     2.641 f  u_ecc/u_core/ecc_leaf_xor_a_q[31]_i_5/O
                         net (fo=15, routed)          0.272     2.913    u_ecc/u_core/ecc_leaf_xor_a_q[31]_i_5_n_0
    SLICE_X47Y36                                                      f  u_ecc/u_core/hdc_src0_q[3][63]_i_6/I5
    SLICE_X47Y36         LUT6 (Prop_lut6_I5_O)        0.105     3.018 r  u_ecc/u_core/hdc_src0_q[3][63]_i_6/O
                         net (fo=1, routed)           0.258     3.276    u_ecc/u_core/hdc_src0_q[3][63]_i_6_n_0
    SLICE_X47Y37                                                      r  u_ecc/u_core/hdc_src0_q[3][63]_i_3/I5
    SLICE_X47Y37         LUT6 (Prop_lut6_I5_O)        0.105     3.381 r  u_ecc/u_core/hdc_src0_q[3][63]_i_3/O
                         net (fo=4, routed)           0.836     4.217    u_ecc/u_core/hdc_src0_q[3][63]_i_3_n_0
    SLICE_X78Y42                                                      r  u_ecc/u_core/hdc_src0_q[1][63]_i_1/I5
    SLICE_X78Y42         LUT6 (Prop_lut6_I5_O)        0.105     4.322 r  u_ecc/u_core/hdc_src0_q[1][63]_i_1/O
                         net (fo=128, routed)         1.042     5.364    u_ecc/u_core/hdc_src0_q[1][63]_i_1_n_0
    SLICE_X67Y47         FDCE                                         r  u_ecc/u_core/hdc_src0_q_reg[0][59]/CE
  -------------------------------------------------------------------    -------------------

                         (clock clk_i rise edge)      5.000     5.000 r  
                                                      0.000     5.000 r  clk_i (IN)
                         net (fo=2611, unset)         0.748     5.748    u_ecc/u_core/clk_i
    SLICE_X67Y47         FDCE                                         r  u_ecc/u_core/hdc_src0_q_reg[0][59]/C
                         clock pessimism              0.000     5.748    
                         clock uncertainty           -0.035     5.712    
    SLICE_X67Y47         FDCE (Setup_fdce_C_CE)      -0.168     5.544    u_ecc/u_core/hdc_src0_q_reg[0][59]
  -------------------------------------------------------------------
                         required time                          5.544    
                         arrival time                          -5.364    
  -------------------------------------------------------------------
                         slack                                  0.180    

Slack (MET) :             0.182ns  (required time - arrival time)
  Source:                 u_hdc/u_core/hperm_lane_slot_q_reg[0]/C
                            (rising edge-triggered cell FDCE clocked by clk_i  {rise@0.000ns fall@2.500ns period=5.000ns})
  Destination:            u_hdc/u_core/hperm_stage_q_reg[32]/D
                            (rising edge-triggered cell FDCE clocked by clk_i  {rise@0.000ns fall@2.500ns period=5.000ns})
  Path Group:             clk_i
  Path Type:              Setup (Max at Slow Process Corner)
  Requirement:            5.000ns  (clk_i rise@5.000ns - clk_i rise@0.000ns)
  Data Path Delay:        4.775ns  (logic 0.904ns (18.932%)  route 3.871ns (81.068%))
  Logic Levels:           5  (LUT2=1 LUT3=1 LUT6=3)
  Clock Path Skew:        -0.039ns (DCD - SCD + CPR)
    Destination Clock Delay (DCD):    0.748ns = ( 5.748 - 5.000 ) 
    Source Clock Delay      (SCD):    0.787ns
    Clock Pessimism Removal (CPR):    0.000ns
  Clock Uncertainty:      0.035ns  ((TSJ^2 + TIJ^2)^1/2 + DJ) / 2 + PE
    Total System Jitter     (TSJ):    0.071ns
    Total Input Jitter      (TIJ):    0.000ns
    Discrete Jitter          (DJ):    0.000ns
    Phase Error              (PE):    0.000ns

    Location             Delay type                Incr(ns)  Path(ns)    Netlist Resource(s)
  -------------------------------------------------------------------    -------------------
                         (clock clk_i rise edge)      0.000     0.000 r  
                                                      0.000     0.000 r  clk_i (IN)
                         net (fo=2611, unset)         0.787     0.787    u_hdc/u_core/clk_i
    SLICE_X65Y11         FDCE                                         r  u_hdc/u_core/hperm_lane_slot_q_reg[0]/C
  -------------------------------------------------------------------    -------------------
    SLICE_X65Y11         FDCE (Prop_fdce_C_Q)         0.379     1.166 r  u_hdc/u_core/hperm_lane_slot_q_reg[0]/Q
                         net (fo=14, routed)          0.694     1.860    u_hdc/u_core/hperm_lane_slot_q[0]
    SLICE_X64Y12                                                      r  u_hdc/u_core/hperm_stage_q[70]_i_25/I0
    SLICE_X64Y12         LUT2 (Prop_lut2_I0_O)        0.105     1.965 r  u_hdc/u_core/hperm_stage_q[70]_i_25/O
                         net (fo=138, routed)         1.090     3.055    u_hdc/u_core/hperm_stage_q[70]_i_25_n_0
    SLICE_X77Y9                                                       r  u_hdc/u_core/hperm_stage_q[64]_i_18/I4
    SLICE_X77Y9          LUT6 (Prop_lut6_I4_O)        0.105     3.160 f  u_hdc/u_core/hperm_stage_q[64]_i_18/O
                         net (fo=1, routed)           0.616     3.777    u_hdc/u_core/hperm_stage_q[64]_i_18_n_0
    SLICE_X75Y13                                                      f  u_hdc/u_core/hperm_stage_q[64]_i_10/I4
    SLICE_X75Y13         LUT6 (Prop_lut6_I4_O)        0.105     3.882 f  u_hdc/u_core/hperm_stage_q[64]_i_10/O
                         net (fo=4, routed)           0.765     4.646    u_hdc/u_core/hperm_stage_q[64]_i_10_n_0
    SLICE_X78Y14                                                      f  u_hdc/u_core/hperm_stage_q[64]_i_4/I1
    SLICE_X78Y14         LUT6 (Prop_lut6_I1_O)        0.105     4.751 r  u_hdc/u_core/hperm_stage_q[64]_i_4/O
                         net (fo=2, routed)           0.706     5.457    u_hdc/u_core/hperm_stage_q[64]_i_4_n_0
    SLICE_X75Y17                                                      r  u_hdc/u_core/hperm_stage_q[32]_i_1/I0
    SLICE_X75Y17         LUT3 (Prop_lut3_I0_O)        0.105     5.562 r  u_hdc/u_core/hperm_stage_q[32]_i_1/O
                         net (fo=1, routed)           0.000     5.562    u_hdc/u_core/hperm_byte_window[32]
    SLICE_X75Y17         FDCE                                         r  u_hdc/u_core/hperm_stage_q_reg[32]/D
  -------------------------------------------------------------------    -------------------

                         (clock clk_i rise edge)      5.000     5.000 r  
                                                      0.000     5.000 r  clk_i (IN)
                         net (fo=2611, unset)         0.748     5.748    u_hdc/u_core/clk_i
    SLICE_X75Y17         FDCE                                         r  u_hdc/u_core/hperm_stage_q_reg[32]/C
                         clock pessimism              0.000     5.748    
                         clock uncertainty           -0.035     5.712    
    SLICE_X75Y17         FDCE (Setup_fdce_C_D)        0.032     5.744    u_hdc/u_core/hperm_stage_q_reg[32]
  -------------------------------------------------------------------
                         required time                          5.744    
                         arrival time                          -5.562    
  -------------------------------------------------------------------
                         slack                                  0.182    

Slack (MET) :             0.183ns  (required time - arrival time)
  Source:                 u_ecc/u_core/ecc_leaf_prod_q_reg[0]/C
                            (rising edge-triggered cell FDCE clocked by clk_i  {rise@0.000ns fall@2.500ns period=5.000ns})
  Destination:            u_ecc/u_core/hdc_src0_q_reg[2][39]/D
                            (rising edge-triggered cell FDCE clocked by clk_i  {rise@0.000ns fall@2.500ns period=5.000ns})
  Path Group:             clk_i
  Path Type:              Setup (Max at Slow Process Corner)
  Requirement:            5.000ns  (clk_i rise@5.000ns - clk_i rise@0.000ns)
  Data Path Delay:        4.773ns  (logic 0.904ns (18.942%)  route 3.869ns (81.058%))
  Logic Levels:           5  (LUT2=1 LUT4=1 LUT6=3)
  Clock Path Skew:        -0.039ns (DCD - SCD + CPR)
    Destination Clock Delay (DCD):    0.748ns = ( 5.748 - 5.000 ) 
    Source Clock Delay      (SCD):    0.787ns
    Clock Pessimism Removal (CPR):    0.000ns
  Clock Uncertainty:      0.035ns  ((TSJ^2 + TIJ^2)^1/2 + DJ) / 2 + PE
    Total System Jitter     (TSJ):    0.071ns
    Total Input Jitter      (TIJ):    0.000ns
    Discrete Jitter          (DJ):    0.000ns
    Phase Error              (PE):    0.000ns

    Location             Delay type                Incr(ns)  Path(ns)    Netlist Resource(s)
  -------------------------------------------------------------------    -------------------
                         (clock clk_i rise edge)      0.000     0.000 r  
                                                      0.000     0.000 r  clk_i (IN)
                         net (fo=2611, unset)         0.787     0.787    u_ecc/u_core/clk_i
    SLICE_X76Y42         FDCE                                         r  u_ecc/u_core/ecc_leaf_prod_q_reg[0]/C
  -------------------------------------------------------------------    -------------------
    SLICE_X76Y42         FDCE (Prop_fdce_C_Q)         0.379     1.166 r  u_ecc/u_core/ecc_leaf_prod_q_reg[0]/Q
                         net (fo=13, routed)          1.408     2.574    u_ecc/u_core/p_0_in30_in[32]
    SLICE_X71Y44                                                      r  u_ecc/u_core/i_vec_i_297/I0
    SLICE_X71Y44         LUT6 (Prop_lut6_I0_O)        0.105     2.679 r  u_ecc/u_core/i_vec_i_297/O
                         net (fo=8, routed)           0.788     3.467    u_ecc/u_core/i_vec_i_297_n_0
    SLICE_X85Y40                                                      r  u_ecc/u_core/i_vec_i_486/I3
    SLICE_X85Y40         LUT4 (Prop_lut4_I3_O)        0.105     3.572 r  u_ecc/u_core/i_vec_i_486/O
                         net (fo=3, routed)           0.664     4.236    u_ecc/u_core/i_vec_i_486_n_0
    SLICE_X83Y47                                                      r  u_ecc/u_core/i_vec_i_124/I3
    SLICE_X83Y47         LUT6 (Prop_lut6_I3_O)        0.105     4.341 r  u_ecc/u_core/i_vec_i_124/O
                         net (fo=2, routed)           0.633     4.974    u_ecc/u_core/i_vec/xor0_contribution_packet_i[2][39]
    SLICE_X74Y47                                                      r  u_ecc/u_core/i_vec/xor0_field_packet_o[167]_INST_0/I0
    SLICE_X74Y47         LUT2 (Prop_lut2_I0_O)        0.105     5.079 r  u_ecc/u_core/i_vec/xor0_field_packet_o[167]_INST_0/O
                         net (fo=1, routed)           0.376     5.455    u_ecc/u_core/xor0_field_packet[167]
    SLICE_X74Y47                                                      r  u_ecc/u_core/hdc_src0_q[2][39]_i_1/I4
    SLICE_X74Y47         LUT6 (Prop_lut6_I4_O)        0.105     5.560 r  u_ecc/u_core/hdc_src0_q[2][39]_i_1/O
                         net (fo=1, routed)           0.000     5.560    u_ecc/u_core/hdc_src0_q[2][39]_i_1_n_0
    SLICE_X74Y47         FDCE                                         r  u_ecc/u_core/hdc_src0_q_reg[2][39]/D
  -------------------------------------------------------------------    -------------------

                         (clock clk_i rise edge)      5.000     5.000 r  
                                                      0.000     5.000 r  clk_i (IN)
                         net (fo=2611, unset)         0.748     5.748    u_ecc/u_core/clk_i
    SLICE_X74Y47         FDCE                                         r  u_ecc/u_core/hdc_src0_q_reg[2][39]/C
                         clock pessimism              0.000     5.748    
                         clock uncertainty           -0.035     5.712    
    SLICE_X74Y47         FDCE (Setup_fdce_C_D)        0.030     5.742    u_ecc/u_core/hdc_src0_q_reg[2][39]
  -------------------------------------------------------------------
                         required time                          5.742    
                         arrival time                          -5.560    
  -------------------------------------------------------------------
                         slack                                  0.183    

Slack (MET) :             0.186ns  (required time - arrival time)
  Source:                 u_ecc/u_core/ecc_leaf_path_q_reg[1]/C
                            (rising edge-triggered cell FDCE clocked by clk_i  {rise@0.000ns fall@2.500ns period=5.000ns})
  Destination:            u_ecc/u_core/hdc_src0_q_reg[2][25]/D
                            (rising edge-triggered cell FDCE clocked by clk_i  {rise@0.000ns fall@2.500ns period=5.000ns})
  Path Group:             clk_i
  Path Type:              Setup (Max at Slow Process Corner)
  Requirement:            5.000ns  (clk_i rise@5.000ns - clk_i rise@0.000ns)
  Data Path Delay:        4.769ns  (logic 1.092ns (22.899%)  route 3.677ns (77.101%))
  Logic Levels:           5  (LUT2=1 LUT4=1 LUT5=1 LUT6=2)
  Clock Path Skew:        -0.039ns (DCD - SCD + CPR)
    Destination Clock Delay (DCD):    0.748ns = ( 5.748 - 5.000 ) 
    Source Clock Delay      (SCD):    0.787ns
    Clock Pessimism Removal (CPR):    0.000ns
  Clock Uncertainty:      0.035ns  ((TSJ^2 + TIJ^2)^1/2 + DJ) / 2 + PE
    Total System Jitter     (TSJ):    0.071ns
    Total Input Jitter      (TIJ):    0.000ns
    Discrete Jitter          (DJ):    0.000ns
    Phase Error              (PE):    0.000ns

    Location             Delay type                Incr(ns)  Path(ns)    Netlist Resource(s)
  -------------------------------------------------------------------    -------------------
                         (clock clk_i rise edge)      0.000     0.000 r  
                                                      0.000     0.000 r  clk_i (IN)
                         net (fo=2611, unset)         0.787     0.787    u_ecc/u_core/clk_i
    SLICE_X57Y42         FDCE                                         r  u_ecc/u_core/ecc_leaf_path_q_reg[1]/C
  -------------------------------------------------------------------    -------------------
    SLICE_X57Y42         FDCE (Prop_fdce_C_Q)         0.379     1.166 f  u_ecc/u_core/ecc_leaf_path_q_reg[1]/Q
                         net (fo=115, routed)         0.908     2.074    u_ecc/u_core/path[1]
    SLICE_X77Y44                                                      f  u_ecc/u_core/i_vec_i_654/I3
    SLICE_X77Y44         LUT4 (Prop_lut4_I3_O)        0.105     2.179 r  u_ecc/u_core/i_vec_i_654/O
                         net (fo=102, routed)         1.130     3.309    u_ecc/u_core/i_vec_i_654_n_0
    SLICE_X83Y51                                                      r  u_ecc/u_core/i_vec_i_523/I5
    SLICE_X83Y51         LUT6 (Prop_lut6_I5_O)        0.105     3.414 r  u_ecc/u_core/i_vec_i_523/O
                         net (fo=2, routed)           0.702     4.116    u_ecc/u_core/i_vec_i_523_n_0
    SLICE_X66Y49                                                      r  u_ecc/u_core/i_vec_i_138/I3
    SLICE_X66Y49         LUT5 (Prop_lut5_I3_O)        0.105     4.221 r  u_ecc/u_core/i_vec_i_138/O
                         net (fo=2, routed)           0.578     4.800    u_ecc/u_core/i_vec/xor0_contribution_packet_i[2][25]
    SLICE_X64Y48                                                      r  u_ecc/u_core/i_vec/xor0_field_packet_o[153]_INST_0/I0
    SLICE_X64Y48         LUT2 (Prop_lut2_I0_O)        0.124     4.924 r  u_ecc/u_core/i_vec/xor0_field_packet_o[153]_INST_0/O
                         net (fo=1, routed)           0.358     5.282    u_ecc/u_core/xor0_field_packet[153]
    SLICE_X64Y48                                                      r  u_ecc/u_core/hdc_src0_q[2][25]_i_1/I4
    SLICE_X64Y48         LUT6 (Prop_lut6_I4_O)        0.274     5.556 r  u_ecc/u_core/hdc_src0_q[2][25]_i_1/O
                         net (fo=1, routed)           0.000     5.556    u_ecc/u_core/hdc_src0_q[2][25]_i_1_n_0
    SLICE_X64Y48         FDCE                                         r  u_ecc/u_core/hdc_src0_q_reg[2][25]/D
  -------------------------------------------------------------------    -------------------

                         (clock clk_i rise edge)      5.000     5.000 r  
                                                      0.000     5.000 r  clk_i (IN)
                         net (fo=2611, unset)         0.748     5.748    u_ecc/u_core/clk_i
    SLICE_X64Y48         FDCE                                         r  u_ecc/u_core/hdc_src0_q_reg[2][25]/C
                         clock pessimism              0.000     5.748    
                         clock uncertainty           -0.035     5.712    
    SLICE_X64Y48         FDCE (Setup_fdce_C_D)        0.030     5.742    u_ecc/u_core/hdc_src0_q_reg[2][25]
  -------------------------------------------------------------------
                         required time                          5.742    
                         arrival time                          -5.556    
  -------------------------------------------------------------------
                         slack                                  0.186    

Slack (MET) :             0.189ns  (required time - arrival time)
  Source:                 u_ecc/u_core/ecc_leaf_path_q_reg[2]/C
                            (rising edge-triggered cell FDCE clocked by clk_i  {rise@0.000ns fall@2.500ns period=5.000ns})
  Destination:            u_ecc/u_core/hdc_src0_q_reg[1][36]/D
                            (rising edge-triggered cell FDCE clocked by clk_i  {rise@0.000ns fall@2.500ns period=5.000ns})
  Path Group:             clk_i
  Path Type:              Setup (Max at Slow Process Corner)
  Requirement:            5.000ns  (clk_i rise@5.000ns - clk_i rise@0.000ns)
  Data Path Delay:        4.769ns  (logic 1.063ns (22.291%)  route 3.706ns (77.709%))
  Logic Levels:           6  (LUT2=1 LUT4=2 LUT5=2 LUT6=1)
  Clock Path Skew:        -0.039ns (DCD - SCD + CPR)
    Destination Clock Delay (DCD):    0.748ns = ( 5.748 - 5.000 ) 
    Source Clock Delay      (SCD):    0.787ns
    Clock Pessimism Removal (CPR):    0.000ns
  Clock Uncertainty:      0.035ns  ((TSJ^2 + TIJ^2)^1/2 + DJ) / 2 + PE
    Total System Jitter     (TSJ):    0.071ns
    Total Input Jitter      (TIJ):    0.000ns
    Discrete Jitter          (DJ):    0.000ns
    Phase Error              (PE):    0.000ns

    Location             Delay type                Incr(ns)  Path(ns)    Netlist Resource(s)
  -------------------------------------------------------------------    -------------------
                         (clock clk_i rise edge)      0.000     0.000 r  
                                                      0.000     0.000 r  clk_i (IN)
                         net (fo=2611, unset)         0.787     0.787    u_ecc/u_core/clk_i
    SLICE_X58Y43         FDCE                                         r  u_ecc/u_core/ecc_leaf_path_q_reg[2]/C
  -------------------------------------------------------------------    -------------------
    SLICE_X58Y43         FDCE (Prop_fdce_C_Q)         0.433     1.220 f  u_ecc/u_core/ecc_leaf_path_q_reg[2]/Q
                         net (fo=111, routed)         0.736     1.956    u_ecc/u_core/path[2]
    SLICE_X71Y43                                                      f  u_ecc/u_core/i_vec_i_813/I1
    SLICE_X71Y43         LUT4 (Prop_lut4_I1_O)        0.105     2.061 r  u_ecc/u_core/i_vec_i_813/O
                         net (fo=100, routed)         1.168     3.229    u_ecc/u_core/i_vec_i_813_n_0
    SLICE_X83Y45                                                      r  u_ecc/u_core/i_vec_i_431/I0
    SLICE_X83Y45         LUT4 (Prop_lut4_I0_O)        0.105     3.334 r  u_ecc/u_core/i_vec_i_431/O
                         net (fo=2, routed)           0.353     3.687    u_ecc/u_core/i_vec_i_431_n_0
    SLICE_X80Y45                                                      r  u_ecc/u_core/i_vec_i_642/I0
    SLICE_X80Y45         LUT5 (Prop_lut5_I0_O)        0.105     3.792 r  u_ecc/u_core/i_vec_i_642/O
                         net (fo=2, routed)           0.633     4.425    u_ecc/u_core/i_vec_i_642_n_0
    SLICE_X80Y42                                                      r  u_ecc/u_core/i_vec_i_191/I2
    SLICE_X80Y42         LUT5 (Prop_lut5_I2_O)        0.105     4.530 r  u_ecc/u_core/i_vec_i_191/O
                         net (fo=2, routed)           0.498     5.028    u_ecc/u_core/i_vec/xor0_contribution_packet_i[1][36]
    SLICE_X83Y37                                                      r  u_ecc/u_core/i_vec/xor0_field_packet_o[100]_INST_0/I0
    SLICE_X83Y37         LUT2 (Prop_lut2_I0_O)        0.105     5.133 r  u_ecc/u_core/i_vec/xor0_field_packet_o[100]_INST_0/O
                         net (fo=1, routed)           0.317     5.451    u_ecc/u_core/xor0_field_packet[100]
    SLICE_X83Y37                                                      r  u_ecc/u_core/hdc_src0_q[1][36]_i_1/I4
    SLICE_X83Y37         LUT6 (Prop_lut6_I4_O)        0.105     5.556 r  u_ecc/u_core/hdc_src0_q[1][36]_i_1/O
                         net (fo=1, routed)           0.000     5.556    u_ecc/u_core/hdc_src0_q[1][36]_i_1_n_0
    SLICE_X83Y37         FDCE                                         r  u_ecc/u_core/hdc_src0_q_reg[1][36]/D
  -------------------------------------------------------------------    -------------------

                         (clock clk_i rise edge)      5.000     5.000 r  
                                                      0.000     5.000 r  clk_i (IN)
                         net (fo=2611, unset)         0.748     5.748    u_ecc/u_core/clk_i
    SLICE_X83Y37         FDCE                                         r  u_ecc/u_core/hdc_src0_q_reg[1][36]/C
                         clock pessimism              0.000     5.748    
                         clock uncertainty           -0.035     5.712    
    SLICE_X83Y37         FDCE (Setup_fdce_C_D)        0.032     5.744    u_ecc/u_core/hdc_src0_q_reg[1][36]
  -------------------------------------------------------------------
                         required time                          5.744    
                         arrival time                          -5.556    
  -------------------------------------------------------------------
                         slack                                  0.189    

Slack (MET) :             0.189ns  (required time - arrival time)
  Source:                 u_ecc/u_core/ecc_leaf_prod_q_reg[24]/C
                            (rising edge-triggered cell FDCE clocked by clk_i  {rise@0.000ns fall@2.500ns period=5.000ns})
  Destination:            u_ecc/u_core/hdc_src0_q_reg[3][9]/D
                            (rising edge-triggered cell FDCE clocked by clk_i  {rise@0.000ns fall@2.500ns period=5.000ns})
  Path Group:             clk_i
  Path Type:              Setup (Max at Slow Process Corner)
  Requirement:            5.000ns  (clk_i rise@5.000ns - clk_i rise@0.000ns)
  Data Path Delay:        4.767ns  (logic 1.353ns (28.385%)  route 3.414ns (71.615%))
  Logic Levels:           5  (LUT2=1 LUT5=2 LUT6=2)
  Clock Path Skew:        -0.039ns (DCD - SCD + CPR)
    Destination Clock Delay (DCD):    0.748ns = ( 5.748 - 5.000 ) 
    Source Clock Delay      (SCD):    0.787ns
    Clock Pessimism Removal (CPR):    0.000ns
  Clock Uncertainty:      0.035ns  ((TSJ^2 + TIJ^2)^1/2 + DJ) / 2 + PE
    Total System Jitter     (TSJ):    0.071ns
    Total Input Jitter      (TIJ):    0.000ns
    Discrete Jitter          (DJ):    0.000ns
    Phase Error              (PE):    0.000ns

    Location             Delay type                Incr(ns)  Path(ns)    Netlist Resource(s)
  -------------------------------------------------------------------    -------------------
                         (clock clk_i rise edge)      0.000     0.000 r  
                                                      0.000     0.000 r  clk_i (IN)
                         net (fo=2611, unset)         0.787     0.787    u_ecc/u_core/clk_i
    SLICE_X71Y46         FDCE                                         r  u_ecc/u_core/ecc_leaf_prod_q_reg[24]/C
  -------------------------------------------------------------------    -------------------
    SLICE_X71Y46         FDCE (Prop_fdce_C_Q)         0.348     1.135 r  u_ecc/u_core/ecc_leaf_prod_q_reg[24]/Q
                         net (fo=12, routed)          0.979     2.114    u_ecc/u_core/p_0_in30_in[56]
    SLICE_X77Y44                                                      r  u_ecc/u_core/i_vec_i_478/I0
    SLICE_X77Y44         LUT5 (Prop_lut5_I0_O)        0.252     2.366 r  u_ecc/u_core/i_vec_i_478/O
                         net (fo=8, routed)           0.625     2.991    u_ecc/u_core/i_vec_i_478_n_0
    SLICE_X84Y47                                                      r  u_ecc/u_core/i_vec_i_386/I5
    SLICE_X84Y47         LUT6 (Prop_lut6_I5_O)        0.267     3.258 r  u_ecc/u_core/i_vec_i_386/O
                         net (fo=2, routed)           0.700     3.959    u_ecc/u_core/i_vec_i_386_n_0
    SLICE_X84Y43                                                      r  u_ecc/u_core/i_vec_i_90/I2
    SLICE_X84Y43         LUT5 (Prop_lut5_I2_O)        0.105     4.064 r  u_ecc/u_core/i_vec_i_90/O
                         net (fo=2, routed)           0.751     4.814    u_ecc/u_core/i_vec/xor0_contribution_packet_i[3][9]
    SLICE_X64Y43                                                      r  u_ecc/u_core/i_vec/xor0_field_packet_o[201]_INST_0/I0
    SLICE_X64Y43         LUT2 (Prop_lut2_I0_O)        0.107     4.921 r  u_ecc/u_core/i_vec/xor0_field_packet_o[201]_INST_0/O
                         net (fo=1, routed)           0.358     5.280    u_ecc/u_core/xor0_field_packet[201]
    SLICE_X64Y43                                                      r  u_ecc/u_core/hdc_src0_q[3][9]_i_1/I4
    SLICE_X64Y43         LUT6 (Prop_lut6_I4_O)        0.274     5.554 r  u_ecc/u_core/hdc_src0_q[3][9]_i_1/O
                         net (fo=1, routed)           0.000     5.554    u_ecc/u_core/hdc_src0_q[3][9]_i_1_n_0
    SLICE_X64Y43         FDCE                                         r  u_ecc/u_core/hdc_src0_q_reg[3][9]/D
  -------------------------------------------------------------------    -------------------

                         (clock clk_i rise edge)      5.000     5.000 r  
                                                      0.000     5.000 r  clk_i (IN)
                         net (fo=2611, unset)         0.748     5.748    u_ecc/u_core/clk_i
    SLICE_X64Y43         FDCE                                         r  u_ecc/u_core/hdc_src0_q_reg[3][9]/C
                         clock pessimism              0.000     5.748    
                         clock uncertainty           -0.035     5.712    
    SLICE_X64Y43         FDCE (Setup_fdce_C_D)        0.030     5.742    u_ecc/u_core/hdc_src0_q_reg[3][9]
  -------------------------------------------------------------------
                         required time                          5.742    
                         arrival time                          -5.554    
  -------------------------------------------------------------------
                         slack                                  0.189    

Slack (MET) :             0.191ns  (required time - arrival time)
  Source:                 u_ecc/u_core/ecc_leaf_path_q_reg[2]/C
                            (rising edge-triggered cell FDCE clocked by clk_i  {rise@0.000ns fall@2.500ns period=5.000ns})
  Destination:            u_ecc/u_core/i_vec/payload_q_reg[2][34]/D
                            (rising edge-triggered cell FDCE clocked by clk_i  {rise@0.000ns fall@2.500ns period=5.000ns})
  Path Group:             clk_i
  Path Type:              Setup (Max at Slow Process Corner)
  Requirement:            5.000ns  (clk_i rise@5.000ns - clk_i rise@0.000ns)
  Data Path Delay:        4.764ns  (logic 0.958ns (20.110%)  route 3.806ns (79.890%))
  Logic Levels:           5  (LUT4=1 LUT5=2 LUT6=2)
  Clock Path Skew:        -0.039ns (DCD - SCD + CPR)
    Destination Clock Delay (DCD):    0.748ns = ( 5.748 - 5.000 ) 
    Source Clock Delay      (SCD):    0.787ns
    Clock Pessimism Removal (CPR):    0.000ns
  Clock Uncertainty:      0.035ns  ((TSJ^2 + TIJ^2)^1/2 + DJ) / 2 + PE
    Total System Jitter     (TSJ):    0.071ns
    Total Input Jitter      (TIJ):    0.000ns
    Discrete Jitter          (DJ):    0.000ns
    Phase Error              (PE):    0.000ns

    Location             Delay type                Incr(ns)  Path(ns)    Netlist Resource(s)
  -------------------------------------------------------------------    -------------------
                         (clock clk_i rise edge)      0.000     0.000 r  
                                                      0.000     0.000 r  clk_i (IN)
                         net (fo=2611, unset)         0.787     0.787    u_ecc/u_core/clk_i
    SLICE_X58Y43         FDCE                                         r  u_ecc/u_core/ecc_leaf_path_q_reg[2]/C
  -------------------------------------------------------------------    -------------------
    SLICE_X58Y43         FDCE (Prop_fdce_C_Q)         0.433     1.220 f  u_ecc/u_core/ecc_leaf_path_q_reg[2]/Q
                         net (fo=111, routed)         0.736     1.956    u_ecc/u_core/path[2]
    SLICE_X71Y43                                                      f  u_ecc/u_core/i_vec_i_813/I1
    SLICE_X71Y43         LUT4 (Prop_lut4_I1_O)        0.105     2.061 r  u_ecc/u_core/i_vec_i_813/O
                         net (fo=100, routed)         1.072     3.133    u_ecc/u_core/i_vec_i_813_n_0
    SLICE_X74Y39                                                      r  u_ecc/u_core/i_vec_i_676/I3
    SLICE_X74Y39         LUT6 (Prop_lut6_I3_O)        0.105     3.238 r  u_ecc/u_core/i_vec_i_676/O
                         net (fo=2, routed)           0.635     3.873    u_ecc/u_core/i_vec_i_676_n_0
    SLICE_X89Y37                                                      r  u_ecc/u_core/i_vec_i_502/I4
    SLICE_X89Y37         LUT5 (Prop_lut5_I4_O)        0.105     3.978 r  u_ecc/u_core/i_vec_i_502/O
                         net (fo=1, routed)           0.630     4.608    u_ecc/u_core/i_vec_i_502_n_0
    SLICE_X74Y38                                                      r  u_ecc/u_core/i_vec_i_129/I5
    SLICE_X74Y38         LUT6 (Prop_lut6_I5_O)        0.105     4.713 r  u_ecc/u_core/i_vec_i_129/O
                         net (fo=2, routed)           0.733     5.446    u_ecc/u_core/i_vec/xor0_contribution_packet_i[2][34]
    SLICE_X69Y32                                                      r  u_ecc/u_core/i_vec/payload_q[2][34]_i_1/I0
    SLICE_X69Y32         LUT5 (Prop_lut5_I0_O)        0.105     5.551 r  u_ecc/u_core/i_vec/payload_q[2][34]_i_1/O
                         net (fo=1, routed)           0.000     5.551    u_ecc/u_core/i_vec/payload_q[2][34]_i_1_n_0
    SLICE_X69Y32         FDCE                                         r  u_ecc/u_core/i_vec/payload_q_reg[2][34]/D
  -------------------------------------------------------------------    -------------------

                         (clock clk_i rise edge)      5.000     5.000 r  
                                                      0.000     5.000 r  clk_i (IN)
                         net (fo=2611, unset)         0.748     5.748    u_ecc/u_core/i_vec/clk_i
    SLICE_X69Y32         FDCE                                         r  u_ecc/u_core/i_vec/payload_q_reg[2][34]/C
                         clock pessimism              0.000     5.748    
                         clock uncertainty           -0.035     5.712    
    SLICE_X69Y32         FDCE (Setup_fdce_C_D)        0.030     5.742    u_ecc/u_core/i_vec/payload_q_reg[2][34]
  -------------------------------------------------------------------
                         required time                          5.742    
                         arrival time                          -5.551    
  -------------------------------------------------------------------
                         slack                                  0.191    

Slack (MET) :             0.191ns  (required time - arrival time)
  Source:                 u_ecc/u_core/ecc_leaf_path_q_reg[3]/C
                            (rising edge-triggered cell FDCE clocked by clk_i  {rise@0.000ns fall@2.500ns period=5.000ns})
  Destination:            u_ecc/u_core/hdc_src0_q_reg[0][19]/D
                            (rising edge-triggered cell FDCE clocked by clk_i  {rise@0.000ns fall@2.500ns period=5.000ns})
  Path Group:             clk_i
  Path Type:              Setup (Max at Slow Process Corner)
  Requirement:            5.000ns  (clk_i rise@5.000ns - clk_i rise@0.000ns)
  Data Path Delay:        4.764ns  (logic 1.009ns (21.180%)  route 3.755ns (78.820%))
  Logic Levels:           6  (LUT2=1 LUT4=2 LUT5=1 LUT6=2)
  Clock Path Skew:        -0.039ns (DCD - SCD + CPR)
    Destination Clock Delay (DCD):    0.748ns = ( 5.748 - 5.000 ) 
    Source Clock Delay      (SCD):    0.787ns
    Clock Pessimism Removal (CPR):    0.000ns
  Clock Uncertainty:      0.035ns  ((TSJ^2 + TIJ^2)^1/2 + DJ) / 2 + PE
    Total System Jitter     (TSJ):    0.071ns
    Total Input Jitter      (TIJ):    0.000ns
    Discrete Jitter          (DJ):    0.000ns
    Phase Error              (PE):    0.000ns

    Location             Delay type                Incr(ns)  Path(ns)    Netlist Resource(s)
  -------------------------------------------------------------------    -------------------
                         (clock clk_i rise edge)      0.000     0.000 r  
                                                      0.000     0.000 r  clk_i (IN)
                         net (fo=2611, unset)         0.787     0.787    u_ecc/u_core/clk_i
    SLICE_X69Y43         FDCE                                         r  u_ecc/u_core/ecc_leaf_path_q_reg[3]/C
  -------------------------------------------------------------------    -------------------
    SLICE_X69Y43         FDCE (Prop_fdce_C_Q)         0.379     1.166 r  u_ecc/u_core/ecc_leaf_path_q_reg[3]/Q
                         net (fo=109, routed)         0.721     1.887    u_ecc/u_core/path[3]
    SLICE_X63Y43                                                      r  u_ecc/u_core/i_vec_i_298/I2
    SLICE_X63Y43         LUT4 (Prop_lut4_I2_O)        0.105     1.992 r  u_ecc/u_core/i_vec_i_298/O
                         net (fo=111, routed)         1.240     3.232    u_ecc/u_core/i_vec_i_298_n_0
    SLICE_X85Y46                                                      r  u_ecc/u_core/i_vec_i_452/I1
    SLICE_X85Y46         LUT4 (Prop_lut4_I1_O)        0.105     3.337 r  u_ecc/u_core/i_vec_i_452/O
                         net (fo=2, routed)           0.459     3.796    u_ecc/u_core/i_vec_i_452_n_0
    SLICE_X85Y50                                                      r  u_ecc/u_core/i_vec_i_664/I0
    SLICE_X85Y50         LUT5 (Prop_lut5_I0_O)        0.105     3.901 r  u_ecc/u_core/i_vec_i_664/O
                         net (fo=2, routed)           0.367     4.268    u_ecc/u_core/i_vec_i_664_n_0
    SLICE_X80Y50                                                      r  u_ecc/u_core/i_vec_i_272/I2
    SLICE_X80Y50         LUT6 (Prop_lut6_I2_O)        0.105     4.373 r  u_ecc/u_core/i_vec_i_272/O
                         net (fo=2, routed)           0.710     5.083    u_ecc/u_core/i_vec/xor0_contribution_packet_i[0][19]
    SLICE_X66Y47                                                      r  u_ecc/u_core/i_vec/xor0_field_packet_o[19]_INST_0/I0
    SLICE_X66Y47         LUT2 (Prop_lut2_I0_O)        0.105     5.188 r  u_ecc/u_core/i_vec/xor0_field_packet_o[19]_INST_0/O
                         net (fo=1, routed)           0.258     5.446    u_ecc/u_core/xor0_field_packet[19]
    SLICE_X67Y47                                                      r  u_ecc/u_core/hdc_src0_q[0][19]_i_1/I4
    SLICE_X67Y47         LUT6 (Prop_lut6_I4_O)        0.105     5.551 r  u_ecc/u_core/hdc_src0_q[0][19]_i_1/O
                         net (fo=1, routed)           0.000     5.551    u_ecc/u_core/hdc_src0_q[0][19]_i_1_n_0
    SLICE_X67Y47         FDCE                                         r  u_ecc/u_core/hdc_src0_q_reg[0][19]/D
  -------------------------------------------------------------------    -------------------

                         (clock clk_i rise edge)      5.000     5.000 r  
                                                      0.000     5.000 r  clk_i (IN)
                         net (fo=2611, unset)         0.748     5.748    u_ecc/u_core/clk_i
    SLICE_X67Y47         FDCE                                         r  u_ecc/u_core/hdc_src0_q_reg[0][19]/C
                         clock pessimism              0.000     5.748    
                         clock uncertainty           -0.035     5.712    
    SLICE_X67Y47         FDCE (Setup_fdce_C_D)        0.030     5.742    u_ecc/u_core/hdc_src0_q_reg[0][19]
  -------------------------------------------------------------------
                         required time                          5.742    
                         arrival time                          -5.551    
  -------------------------------------------------------------------
                         slack                                  0.191    

Slack (MET) :             0.192ns  (required time - arrival time)
  Source:                 u_ecc/u_core/ecc_leaf_path_q_reg[3]/C
                            (rising edge-triggered cell FDCE clocked by clk_i  {rise@0.000ns fall@2.500ns period=5.000ns})
  Destination:            u_ecc/u_core/i_vec/payload_q_reg[1][61]/D
                            (rising edge-triggered cell FDCE clocked by clk_i  {rise@0.000ns fall@2.500ns period=5.000ns})
  Path Group:             clk_i
  Path Type:              Setup (Max at Slow Process Corner)
  Requirement:            5.000ns  (clk_i rise@5.000ns - clk_i rise@0.000ns)
  Data Path Delay:        4.763ns  (logic 1.190ns (24.983%)  route 3.573ns (75.017%))
  Logic Levels:           6  (LUT2=1 LUT3=2 LUT4=1 LUT5=1 LUT6=1)
  Clock Path Skew:        -0.039ns (DCD - SCD + CPR)
    Destination Clock Delay (DCD):    0.748ns = ( 5.748 - 5.000 ) 
    Source Clock Delay      (SCD):    0.787ns
    Clock Pessimism Removal (CPR):    0.000ns
  Clock Uncertainty:      0.035ns  ((TSJ^2 + TIJ^2)^1/2 + DJ) / 2 + PE
    Total System Jitter     (TSJ):    0.071ns
    Total Input Jitter      (TIJ):    0.000ns
    Discrete Jitter          (DJ):    0.000ns
    Phase Error              (PE):    0.000ns

    Location             Delay type                Incr(ns)  Path(ns)    Netlist Resource(s)
  -------------------------------------------------------------------    -------------------
                         (clock clk_i rise edge)      0.000     0.000 r  
                                                      0.000     0.000 r  clk_i (IN)
                         net (fo=2611, unset)         0.787     0.787    u_ecc/u_core/clk_i
    SLICE_X69Y43         FDCE                                         r  u_ecc/u_core/ecc_leaf_path_q_reg[3]/C
  -------------------------------------------------------------------    -------------------
    SLICE_X69Y43         FDCE (Prop_fdce_C_Q)         0.379     1.166 f  u_ecc/u_core/ecc_leaf_path_q_reg[3]/Q
                         net (fo=109, routed)         0.721     1.887    u_ecc/u_core/path[3]
    SLICE_X63Y43                                                      f  u_ecc/u_core/i_vec_i_298/I2
    SLICE_X63Y43         LUT4 (Prop_lut4_I2_O)        0.105     1.992 f  u_ecc/u_core/i_vec_i_298/O
                         net (fo=111, routed)         0.239     2.231    u_ecc/u_core/i_vec_i_298_n_0
    SLICE_X63Y43                                                      f  u_ecc/u_core/i_vec_i_293/I0
    SLICE_X63Y43         LUT3 (Prop_lut3_I0_O)        0.105     2.336 f  u_ecc/u_core/i_vec_i_293/O
                         net (fo=1, routed)           0.257     2.593    u_ecc/u_core/i_vec_i_293_n_0
    SLICE_X64Y42                                                      f  u_ecc/u_core/i_vec_i_2/I4
    SLICE_X64Y42         LUT6 (Prop_lut6_I4_O)        0.105     2.698 r  u_ecc/u_core/i_vec_i_2/O
                         net (fo=769, routed)         1.468     4.166    u_ecc/u_core/i_vec/payload_product_i
    SLICE_X87Y51                                                      r  u_ecc/u_core/i_vec/i_gf2_contribution_row_tile_i_131/I1
    SLICE_X87Y51         LUT3 (Prop_lut3_I1_O)        0.124     4.290 r  u_ecc/u_core/i_vec/i_gf2_contribution_row_tile_i_131/O
                         net (fo=1, routed)           0.542     4.832    u_ecc/u_core/i_vec/i_gf2_contribution_row_tile/matrix_src_a_i[3][29]
    SLICE_X87Y51                                                      r  u_ecc/u_core/i_vec/i_gf2_contribution_row_tile/matrix_product_o[3][29]_INST_0/I0
    SLICE_X87Y51         LUT2 (Prop_lut2_I0_O)        0.267     5.099 r  u_ecc/u_core/i_vec/i_gf2_contribution_row_tile/matrix_product_o[3][29]_INST_0/O
                         net (fo=1, routed)           0.346     5.445    u_ecc/u_core/i_vec/tile_product_word[1][61]
    SLICE_X87Y50                                                      r  u_ecc/u_core/i_vec/payload_q[1][61]_i_1/I4
    SLICE_X87Y50         LUT5 (Prop_lut5_I4_O)        0.105     5.550 r  u_ecc/u_core/i_vec/payload_q[1][61]_i_1/O
                         net (fo=1, routed)           0.000     5.550    u_ecc/u_core/i_vec/payload_q[1][61]_i_1_n_0
    SLICE_X87Y50         FDCE                                         r  u_ecc/u_core/i_vec/payload_q_reg[1][61]/D
  -------------------------------------------------------------------    -------------------

                         (clock clk_i rise edge)      5.000     5.000 r  
                                                      0.000     5.000 r  clk_i (IN)
                         net (fo=2611, unset)         0.748     5.748    u_ecc/u_core/i_vec/clk_i
    SLICE_X87Y50         FDCE                                         r  u_ecc/u_core/i_vec/payload_q_reg[1][61]/C
                         clock pessimism              0.000     5.748    
                         clock uncertainty           -0.035     5.712    
    SLICE_X87Y50         FDCE (Setup_fdce_C_D)        0.030     5.742    u_ecc/u_core/i_vec/payload_q_reg[1][61]
  -------------------------------------------------------------------
                         required time                          5.742    
                         arrival time                          -5.550    
  -------------------------------------------------------------------
                         slack                                  0.192    

Slack (MET) :             0.192ns  (required time - arrival time)
  Source:                 u_ecc/u_core/ecc_pmul_subop_q_reg[0]/C
                            (rising edge-triggered cell FDCE clocked by clk_i  {rise@0.000ns fall@2.500ns period=5.000ns})
  Destination:            u_ecc/u_core/hdc_src0_q_reg[2][13]/CE
                            (rising edge-triggered cell FDCE clocked by clk_i  {rise@0.000ns fall@2.500ns period=5.000ns})
  Path Group:             clk_i
  Path Type:              Setup (Max at Slow Process Corner)
  Requirement:            5.000ns  (clk_i rise@5.000ns - clk_i rise@0.000ns)
  Data Path Delay:        4.565ns  (logic 1.137ns (24.906%)  route 3.428ns (75.094%))
  Logic Levels:           5  (LUT2=1 LUT3=1 LUT6=3)
  Clock Path Skew:        -0.039ns (DCD - SCD + CPR)
    Destination Clock Delay (DCD):    0.748ns = ( 5.748 - 5.000 ) 
    Source Clock Delay      (SCD):    0.787ns
    Clock Pessimism Removal (CPR):    0.000ns
  Clock Uncertainty:      0.035ns  ((TSJ^2 + TIJ^2)^1/2 + DJ) / 2 + PE
    Total System Jitter     (TSJ):    0.071ns
    Total Input Jitter      (TIJ):    0.000ns
    Discrete Jitter          (DJ):    0.000ns
    Phase Error              (PE):    0.000ns

    Location             Delay type                Incr(ns)  Path(ns)    Netlist Resource(s)
  -------------------------------------------------------------------    -------------------
                         (clock clk_i rise edge)      0.000     0.000 r  
                                                      0.000     0.000 r  clk_i (IN)
                         net (fo=2611, unset)         0.787     0.787    u_ecc/u_core/clk_i
    SLICE_X46Y34         FDCE                                         r  u_ecc/u_core/ecc_pmul_subop_q_reg[0]/C
  -------------------------------------------------------------------    -------------------
    SLICE_X46Y34         FDCE (Prop_fdce_C_Q)         0.433     1.220 r  u_ecc/u_core/ecc_pmul_subop_q_reg[0]/Q
                         net (fo=60, routed)          0.606     1.826    u_ecc/u_core/subop[0]
    SLICE_X46Y35                                                      r  u_ecc/u_core/ecc_sqr_repeat_q[6]_i_11/I0
    SLICE_X46Y35         LUT3 (Prop_lut3_I0_O)        0.125     1.951 r  u_ecc/u_core/ecc_sqr_repeat_q[6]_i_11/O
                         net (fo=6, routed)           0.426     2.377    u_ecc/u_core/ecc_sqr_repeat_q[6]_i_11_n_0
    SLICE_X46Y36                                                      r  u_ecc/u_core/ecc_leaf_xor_a_q[31]_i_5/I0
    SLICE_X46Y36         LUT6 (Prop_lut6_I0_O)        0.264     2.641 f  u_ecc/u_core/ecc_leaf_xor_a_q[31]_i_5/O
                         net (fo=15, routed)          0.272     2.913    u_ecc/u_core/ecc_leaf_xor_a_q[31]_i_5_n_0
    SLICE_X47Y36                                                      f  u_ecc/u_core/hdc_src0_q[3][63]_i_6/I5
    SLICE_X47Y36         LUT6 (Prop_lut6_I5_O)        0.105     3.018 r  u_ecc/u_core/hdc_src0_q[3][63]_i_6/O
                         net (fo=1, routed)           0.258     3.276    u_ecc/u_core/hdc_src0_q[3][63]_i_6_n_0
    SLICE_X47Y37                                                      r  u_ecc/u_core/hdc_src0_q[3][63]_i_3/I5
    SLICE_X47Y37         LUT6 (Prop_lut6_I5_O)        0.105     3.381 r  u_ecc/u_core/hdc_src0_q[3][63]_i_3/O
                         net (fo=4, routed)           0.858     4.239    u_ecc/u_core/hdc_src0_q[3][63]_i_3_n_0
    SLICE_X64Y36                                                      r  u_ecc/u_core/hdc_src0_q[3][63]_i_1_replica/I0
    SLICE_X64Y36         LUT2 (Prop_lut2_I0_O)        0.105     4.344 r  u_ecc/u_core/hdc_src0_q[3][63]_i_1_replica/O
                         net (fo=10, routed)          1.009     5.352    u_ecc/u_core/hdc_src0_q_repN
    SLICE_X67Y50         FDCE                                         r  u_ecc/u_core/hdc_src0_q_reg[2][13]/CE
  -------------------------------------------------------------------    -------------------

                         (clock clk_i rise edge)      5.000     5.000 r  
                                                      0.000     5.000 r  clk_i (IN)
                         net (fo=2611, unset)         0.748     5.748    u_ecc/u_core/clk_i
    SLICE_X67Y50         FDCE                                         r  u_ecc/u_core/hdc_src0_q_reg[2][13]/C
                         clock pessimism              0.000     5.748    
                         clock uncertainty           -0.035     5.712    
    SLICE_X67Y50         FDCE (Setup_fdce_C_CE)      -0.168     5.544    u_ecc/u_core/hdc_src0_q_reg[2][13]
  -------------------------------------------------------------------
                         required time                          5.544    
                         arrival time                          -5.352    
  -------------------------------------------------------------------
                         slack                                  0.192    

Slack (MET) :             0.192ns  (required time - arrival time)
  Source:                 u_ecc/u_core/ecc_pmul_subop_q_reg[0]/C
                            (rising edge-triggered cell FDCE clocked by clk_i  {rise@0.000ns fall@2.500ns period=5.000ns})
  Destination:            u_ecc/u_core/hdc_src0_q_reg[2][29]/CE
                            (rising edge-triggered cell FDCE clocked by clk_i  {rise@0.000ns fall@2.500ns period=5.000ns})
  Path Group:             clk_i
  Path Type:              Setup (Max at Slow Process Corner)
  Requirement:            5.000ns  (clk_i rise@5.000ns - clk_i rise@0.000ns)
  Data Path Delay:        4.565ns  (logic 1.137ns (24.906%)  route 3.428ns (75.094%))
  Logic Levels:           5  (LUT2=1 LUT3=1 LUT6=3)
  Clock Path Skew:        -0.039ns (DCD - SCD + CPR)
    Destination Clock Delay (DCD):    0.748ns = ( 5.748 - 5.000 ) 
    Source Clock Delay      (SCD):    0.787ns
    Clock Pessimism Removal (CPR):    0.000ns
  Clock Uncertainty:      0.035ns  ((TSJ^2 + TIJ^2)^1/2 + DJ) / 2 + PE
    Total System Jitter     (TSJ):    0.071ns
    Total Input Jitter      (TIJ):    0.000ns
    Discrete Jitter          (DJ):    0.000ns
    Phase Error              (PE):    0.000ns

    Location             Delay type                Incr(ns)  Path(ns)    Netlist Resource(s)
  -------------------------------------------------------------------    -------------------
                         (clock clk_i rise edge)      0.000     0.000 r  
                                                      0.000     0.000 r  clk_i (IN)
                         net (fo=2611, unset)         0.787     0.787    u_ecc/u_core/clk_i
    SLICE_X46Y34         FDCE                                         r  u_ecc/u_core/ecc_pmul_subop_q_reg[0]/C
  -------------------------------------------------------------------    -------------------
    SLICE_X46Y34         FDCE (Prop_fdce_C_Q)         0.433     1.220 r  u_ecc/u_core/ecc_pmul_subop_q_reg[0]/Q
                         net (fo=60, routed)          0.606     1.826    u_ecc/u_core/subop[0]
    SLICE_X46Y35                                                      r  u_ecc/u_core/ecc_sqr_repeat_q[6]_i_11/I0
    SLICE_X46Y35         LUT3 (Prop_lut3_I0_O)        0.125     1.951 r  u_ecc/u_core/ecc_sqr_repeat_q[6]_i_11/O
                         net (fo=6, routed)           0.426     2.377    u_ecc/u_core/ecc_sqr_repeat_q[6]_i_11_n_0
    SLICE_X46Y36                                                      r  u_ecc/u_core/ecc_leaf_xor_a_q[31]_i_5/I0
    SLICE_X46Y36         LUT6 (Prop_lut6_I0_O)        0.264     2.641 f  u_ecc/u_core/ecc_leaf_xor_a_q[31]_i_5/O
                         net (fo=15, routed)          0.272     2.913    u_ecc/u_core/ecc_leaf_xor_a_q[31]_i_5_n_0
    SLICE_X47Y36                                                      f  u_ecc/u_core/hdc_src0_q[3][63]_i_6/I5
    SLICE_X47Y36         LUT6 (Prop_lut6_I5_O)        0.105     3.018 r  u_ecc/u_core/hdc_src0_q[3][63]_i_6/O
                         net (fo=1, routed)           0.258     3.276    u_ecc/u_core/hdc_src0_q[3][63]_i_6_n_0
    SLICE_X47Y37                                                      r  u_ecc/u_core/hdc_src0_q[3][63]_i_3/I5
    SLICE_X47Y37         LUT6 (Prop_lut6_I5_O)        0.105     3.381 r  u_ecc/u_core/hdc_src0_q[3][63]_i_3/O
                         net (fo=4, routed)           0.858     4.239    u_ecc/u_core/hdc_src0_q[3][63]_i_3_n_0
    SLICE_X64Y36                                                      r  u_ecc/u_core/hdc_src0_q[3][63]_i_1_replica/I0
    SLICE_X64Y36         LUT2 (Prop_lut2_I0_O)        0.105     4.344 r  u_ecc/u_core/hdc_src0_q[3][63]_i_1_replica/O
                         net (fo=10, routed)          1.009     5.352    u_ecc/u_core/hdc_src0_q_repN
    SLICE_X67Y50         FDCE                                         r  u_ecc/u_core/hdc_src0_q_reg[2][29]/CE
  -------------------------------------------------------------------    -------------------

                         (clock clk_i rise edge)      5.000     5.000 r  
                                                      0.000     5.000 r  clk_i (IN)
                         net (fo=2611, unset)         0.748     5.748    u_ecc/u_core/clk_i
    SLICE_X67Y50         FDCE                                         r  u_ecc/u_core/hdc_src0_q_reg[2][29]/C
                         clock pessimism              0.000     5.748    
                         clock uncertainty           -0.035     5.712    
    SLICE_X67Y50         FDCE (Setup_fdce_C_CE)      -0.168     5.544    u_ecc/u_core/hdc_src0_q_reg[2][29]
  -------------------------------------------------------------------
                         required time                          5.544    
                         arrival time                          -5.352    
  -------------------------------------------------------------------
                         slack                                  0.192    

Slack (MET) :             0.192ns  (required time - arrival time)
  Source:                 u_ecc/u_core/FSM_onehot_st_q_reg[26]/C
                            (rising edge-triggered cell FDCE clocked by clk_i  {rise@0.000ns fall@2.500ns period=5.000ns})
  Destination:            u_ecc/u_core/hdc_src0_q_reg[2][10]/D
                            (rising edge-triggered cell FDCE clocked by clk_i  {rise@0.000ns fall@2.500ns period=5.000ns})
  Path Group:             clk_i
  Path Type:              Setup (Max at Slow Process Corner)
  Requirement:            5.000ns  (clk_i rise@5.000ns - clk_i rise@0.000ns)
  Data Path Delay:        4.763ns  (logic 0.904ns (18.980%)  route 3.859ns (81.020%))
  Logic Levels:           5  (LUT2=1 LUT5=1 LUT6=3)
  Clock Path Skew:        -0.039ns (DCD - SCD + CPR)
    Destination Clock Delay (DCD):    0.748ns = ( 5.748 - 5.000 ) 
    Source Clock Delay      (SCD):    0.787ns
    Clock Pessimism Removal (CPR):    0.000ns
  Clock Uncertainty:      0.035ns  ((TSJ^2 + TIJ^2)^1/2 + DJ) / 2 + PE
    Total System Jitter     (TSJ):    0.071ns
    Total Input Jitter      (TIJ):    0.000ns
    Discrete Jitter          (DJ):    0.000ns
    Phase Error              (PE):    0.000ns

    Location             Delay type                Incr(ns)  Path(ns)    Netlist Resource(s)
  -------------------------------------------------------------------    -------------------
                         (clock clk_i rise edge)      0.000     0.000 r  
                                                      0.000     0.000 r  clk_i (IN)
                         net (fo=2611, unset)         0.787     0.787    u_ecc/u_core/clk_i
    SLICE_X79Y45         FDCE                                         r  u_ecc/u_core/FSM_onehot_st_q_reg[26]/C
  -------------------------------------------------------------------    -------------------
    SLICE_X79Y45         FDCE (Prop_fdce_C_Q)         0.379     1.166 r  u_ecc/u_core/FSM_onehot_st_q_reg[26]/Q
                         net (fo=296, routed)         1.209     2.375    u_ecc/u_core/FSM_onehot_st_q_reg_n_0_[26]
    SLICE_X87Y43                                                      r  u_ecc/u_core/i_vec_i_737/I3
    SLICE_X87Y43         LUT6 (Prop_lut6_I3_O)        0.105     2.480 r  u_ecc/u_core/i_vec_i_737/O
                         net (fo=8, routed)           0.979     3.459    u_ecc/u_core/i_vec_i_737_n_0
    SLICE_X74Y37                                                      r  u_ecc/u_core/i_vec_i_357/I0
    SLICE_X74Y37         LUT6 (Prop_lut6_I0_O)        0.105     3.564 r  u_ecc/u_core/i_vec_i_357/O
                         net (fo=2, routed)           0.767     4.331    u_ecc/u_core/i_vec_i_357_n_0
    SLICE_X80Y35                                                      r  u_ecc/u_core/i_vec_i_153/I3
    SLICE_X80Y35         LUT5 (Prop_lut5_I3_O)        0.105     4.436 r  u_ecc/u_core/i_vec_i_153/O
                         net (fo=2, routed)           0.528     4.964    u_ecc/u_core/i_vec/xor0_contribution_packet_i[2][10]
    SLICE_X70Y33                                                      r  u_ecc/u_core/i_vec/xor0_field_packet_o[138]_INST_0/I0
    SLICE_X70Y33         LUT2 (Prop_lut2_I0_O)        0.105     5.069 r  u_ecc/u_core/i_vec/xor0_field_packet_o[138]_INST_0/O
                         net (fo=1, routed)           0.376     5.445    u_ecc/u_core/xor0_field_packet[138]
    SLICE_X70Y33                                                      r  u_ecc/u_core/hdc_src0_q[2][10]_i_1/I4
    SLICE_X70Y33         LUT6 (Prop_lut6_I4_O)        0.105     5.550 r  u_ecc/u_core/hdc_src0_q[2][10]_i_1/O
                         net (fo=1, routed)           0.000     5.550    u_ecc/u_core/hdc_src0_q[2][10]_i_1_n_0
    SLICE_X70Y33         FDCE                                         r  u_ecc/u_core/hdc_src0_q_reg[2][10]/D
  -------------------------------------------------------------------    -------------------

                         (clock clk_i rise edge)      5.000     5.000 r  
                                                      0.000     5.000 r  clk_i (IN)
                         net (fo=2611, unset)         0.748     5.748    u_ecc/u_core/clk_i
    SLICE_X70Y33         FDCE                                         r  u_ecc/u_core/hdc_src0_q_reg[2][10]/C
                         clock pessimism              0.000     5.748    
                         clock uncertainty           -0.035     5.712    
    SLICE_X70Y33         FDCE (Setup_fdce_C_D)        0.030     5.742    u_ecc/u_core/hdc_src0_q_reg[2][10]
  -------------------------------------------------------------------
                         required time                          5.742    
                         arrival time                          -5.550    
  -------------------------------------------------------------------
                         slack                                  0.192    

Slack (MET) :             0.193ns  (required time - arrival time)
  Source:                 u_ecc/u_core/ecc_leaf_path_q_reg[2]/C
                            (rising edge-triggered cell FDCE clocked by clk_i  {rise@0.000ns fall@2.500ns period=5.000ns})
  Destination:            u_ecc/u_core/hdc_src0_q_reg[0][6]/D
                            (rising edge-triggered cell FDCE clocked by clk_i  {rise@0.000ns fall@2.500ns period=5.000ns})
  Path Group:             clk_i
  Path Type:              Setup (Max at Slow Process Corner)
  Requirement:            5.000ns  (clk_i rise@5.000ns - clk_i rise@0.000ns)
  Data Path Delay:        4.762ns  (logic 1.129ns (23.710%)  route 3.633ns (76.290%))
  Logic Levels:           5  (LUT2=1 LUT4=1 LUT6=3)
  Clock Path Skew:        -0.039ns (DCD - SCD + CPR)
    Destination Clock Delay (DCD):    0.748ns = ( 5.748 - 5.000 ) 
    Source Clock Delay      (SCD):    0.787ns
    Clock Pessimism Removal (CPR):    0.000ns
  Clock Uncertainty:      0.035ns  ((TSJ^2 + TIJ^2)^1/2 + DJ) / 2 + PE
    Total System Jitter     (TSJ):    0.071ns
    Total Input Jitter      (TIJ):    0.000ns
    Discrete Jitter          (DJ):    0.000ns
    Phase Error              (PE):    0.000ns

    Location             Delay type                Incr(ns)  Path(ns)    Netlist Resource(s)
  -------------------------------------------------------------------    -------------------
                         (clock clk_i rise edge)      0.000     0.000 r  
                                                      0.000     0.000 r  clk_i (IN)
                         net (fo=2611, unset)         0.787     0.787    u_ecc/u_core/clk_i
    SLICE_X58Y43         FDCE                                         r  u_ecc/u_core/ecc_leaf_path_q_reg[2]/C
  -------------------------------------------------------------------    -------------------
    SLICE_X58Y43         FDCE (Prop_fdce_C_Q)         0.433     1.220 f  u_ecc/u_core/ecc_leaf_path_q_reg[2]/Q
                         net (fo=111, routed)         0.736     1.956    u_ecc/u_core/path[2]
    SLICE_X71Y43                                                      f  u_ecc/u_core/i_vec_i_813/I1
    SLICE_X71Y43         LUT4 (Prop_lut4_I1_O)        0.105     2.061 r  u_ecc/u_core/i_vec_i_813/O
                         net (fo=100, routed)         1.246     3.307    u_ecc/u_core/i_vec_i_813_n_0
    SLICE_X86Y45                                                      r  u_ecc/u_core/i_vec_i_697/I0
    SLICE_X86Y45         LUT6 (Prop_lut6_I0_O)        0.105     3.412 r  u_ecc/u_core/i_vec_i_697/O
                         net (fo=3, routed)           0.799     4.211    u_ecc/u_core/i_vec_i_697_n_0
    SLICE_X81Y37                                                      r  u_ecc/u_core/i_vec_i_285/I2
    SLICE_X81Y37         LUT6 (Prop_lut6_I2_O)        0.105     4.316 r  u_ecc/u_core/i_vec_i_285/O
                         net (fo=2, routed)           0.470     4.786    u_ecc/u_core/i_vec/xor0_contribution_packet_i[0][6]
    SLICE_X78Y36                                                      r  u_ecc/u_core/i_vec/xor0_field_packet_o[6]_INST_0/I0
    SLICE_X78Y36         LUT2 (Prop_lut2_I0_O)        0.107     4.893 r  u_ecc/u_core/i_vec/xor0_field_packet_o[6]_INST_0/O
                         net (fo=1, routed)           0.382     5.275    u_ecc/u_core/xor0_field_packet[6]
    SLICE_X78Y37                                                      r  u_ecc/u_core/hdc_src0_q[0][6]_i_1/I4
    SLICE_X78Y37         LUT6 (Prop_lut6_I4_O)        0.274     5.549 r  u_ecc/u_core/hdc_src0_q[0][6]_i_1/O
                         net (fo=1, routed)           0.000     5.549    u_ecc/u_core/hdc_src0_q[0][6]_i_1_n_0
    SLICE_X78Y37         FDCE                                         r  u_ecc/u_core/hdc_src0_q_reg[0][6]/D
  -------------------------------------------------------------------    -------------------

                         (clock clk_i rise edge)      5.000     5.000 r  
                                                      0.000     5.000 r  clk_i (IN)
                         net (fo=2611, unset)         0.748     5.748    u_ecc/u_core/clk_i
    SLICE_X78Y37         FDCE                                         r  u_ecc/u_core/hdc_src0_q_reg[0][6]/C
                         clock pessimism              0.000     5.748    
                         clock uncertainty           -0.035     5.712    
    SLICE_X78Y37         FDCE (Setup_fdce_C_D)        0.030     5.742    u_ecc/u_core/hdc_src0_q_reg[0][6]
  -------------------------------------------------------------------
                         required time                          5.742    
                         arrival time                          -5.549    
  -------------------------------------------------------------------
                         slack                                  0.193    

Slack (MET) :             0.194ns  (required time - arrival time)
  Source:                 u_hdc/u_core/hperm_lane_base_q_reg[0]/C
                            (rising edge-triggered cell FDCE clocked by clk_i  {rise@0.000ns fall@2.500ns period=5.000ns})
  Destination:            u_hdc/u_core/hperm_stage_q_reg[1]/D
                            (rising edge-triggered cell FDCE clocked by clk_i  {rise@0.000ns fall@2.500ns period=5.000ns})
  Path Group:             clk_i
  Path Type:              Setup (Max at Slow Process Corner)
  Requirement:            5.000ns  (clk_i rise@5.000ns - clk_i rise@0.000ns)
  Data Path Delay:        4.763ns  (logic 1.091ns (22.905%)  route 3.672ns (77.095%))
  Logic Levels:           5  (LUT3=1 LUT4=1 LUT5=2 LUT6=1)
  Clock Path Skew:        -0.039ns (DCD - SCD + CPR)
    Destination Clock Delay (DCD):    0.748ns = ( 5.748 - 5.000 ) 
    Source Clock Delay      (SCD):    0.787ns
    Clock Pessimism Removal (CPR):    0.000ns
  Clock Uncertainty:      0.035ns  ((TSJ^2 + TIJ^2)^1/2 + DJ) / 2 + PE
    Total System Jitter     (TSJ):    0.071ns
    Total Input Jitter      (TIJ):    0.000ns
    Discrete Jitter          (DJ):    0.000ns
    Phase Error              (PE):    0.000ns

    Location             Delay type                Incr(ns)  Path(ns)    Netlist Resource(s)
  -------------------------------------------------------------------    -------------------
                         (clock clk_i rise edge)      0.000     0.000 r  
                                                      0.000     0.000 r  clk_i (IN)
                         net (fo=2611, unset)         0.787     0.787    u_hdc/u_core/clk_i
    SLICE_X65Y12         FDCE                                         r  u_hdc/u_core/hperm_lane_base_q_reg[0]/C
  -------------------------------------------------------------------    -------------------
    SLICE_X65Y12         FDCE (Prop_fdce_C_Q)         0.379     1.166 r  u_hdc/u_core/hperm_lane_base_q_reg[0]/Q
                         net (fo=7, routed)           0.564     1.730    u_hdc/u_core/hperm_lane_base_q[0]
    SLICE_X65Y12                                                      r  u_hdc/u_core/hperm_stage_q[70]_i_24/I0
    SLICE_X65Y12         LUT4 (Prop_lut4_I0_O)        0.105     1.835 f  u_hdc/u_core/hperm_stage_q[70]_i_24/O
                         net (fo=129, routed)         0.753     2.588    u_hdc/u_core/hperm_stage_q[70]_i_24_n_0
    SLICE_X64Y12                                                      f  u_hdc/u_core/hperm_stage_q[70]_i_14/I0
    SLICE_X64Y12         LUT5 (Prop_lut5_I0_O)        0.123     2.711 r  u_hdc/u_core/hperm_stage_q[70]_i_14/O
                         net (fo=127, routed)         1.057     3.768    u_hdc/u_core/hperm_stage_q[70]_i_14_n_0
    SLICE_X71Y15                                                      r  u_hdc/u_core/hperm_stage_q[25]_i_4/I2
    SLICE_X71Y15         LUT6 (Prop_lut6_I2_O)        0.274     4.042 r  u_hdc/u_core/hperm_stage_q[25]_i_4/O
                         net (fo=2, routed)           0.608     4.650    u_hdc/u_core/hperm_stage_q[25]_i_4_n_0
    SLICE_X75Y14                                                      r  u_hdc/u_core/hperm_stage_q[17]_i_2/I0
    SLICE_X75Y14         LUT3 (Prop_lut3_I0_O)        0.105     4.755 r  u_hdc/u_core/hperm_stage_q[17]_i_2/O
                         net (fo=2, routed)           0.690     5.445    u_hdc/u_core/hperm_stage_q[17]_i_2_n_0
    SLICE_X70Y17                                                      r  u_hdc/u_core/hperm_stage_q[1]_i_1/I2
    SLICE_X70Y17         LUT5 (Prop_lut5_I2_O)        0.105     5.550 r  u_hdc/u_core/hperm_stage_q[1]_i_1/O
                         net (fo=1, routed)           0.000     5.550    u_hdc/u_core/hperm_byte_window[1]
    SLICE_X70Y17         FDCE                                         r  u_hdc/u_core/hperm_stage_q_reg[1]/D
  -------------------------------------------------------------------    -------------------

                         (clock clk_i rise edge)      5.000     5.000 r  
                                                      0.000     5.000 r  clk_i (IN)
                         net (fo=2611, unset)         0.748     5.748    u_hdc/u_core/clk_i
    SLICE_X70Y17         FDCE                                         r  u_hdc/u_core/hperm_stage_q_reg[1]/C
                         clock pessimism              0.000     5.748    
                         clock uncertainty           -0.035     5.712    
    SLICE_X70Y17         FDCE (Setup_fdce_C_D)        0.032     5.744    u_hdc/u_core/hperm_stage_q_reg[1]
  -------------------------------------------------------------------
                         required time                          5.744    
                         arrival time                          -5.550    
  -------------------------------------------------------------------
                         slack                                  0.194    

Slack (MET) :             0.196ns  (required time - arrival time)
  Source:                 u_ecc/u_core/FSM_onehot_st_q_reg[24]/C
                            (rising edge-triggered cell FDCE clocked by clk_i  {rise@0.000ns fall@2.500ns period=5.000ns})
  Destination:            u_ecc/u_core/i_vec/payload_q_reg[1][36]/D
                            (rising edge-triggered cell FDCE clocked by clk_i  {rise@0.000ns fall@2.500ns period=5.000ns})
  Path Group:             clk_i
  Path Type:              Setup (Max at Slow Process Corner)
  Requirement:            5.000ns  (clk_i rise@5.000ns - clk_i rise@0.000ns)
  Data Path Delay:        4.759ns  (logic 0.982ns (20.634%)  route 3.777ns (79.366%))
  Logic Levels:           4  (LUT2=1 LUT3=1 LUT4=1 LUT5=1)
  Clock Path Skew:        -0.039ns (DCD - SCD + CPR)
    Destination Clock Delay (DCD):    0.748ns = ( 5.748 - 5.000 ) 
    Source Clock Delay      (SCD):    0.787ns
    Clock Pessimism Removal (CPR):    0.000ns
  Clock Uncertainty:      0.035ns  ((TSJ^2 + TIJ^2)^1/2 + DJ) / 2 + PE
    Total System Jitter     (TSJ):    0.071ns
    Total Input Jitter      (TIJ):    0.000ns
    Discrete Jitter          (DJ):    0.000ns
    Phase Error              (PE):    0.000ns

    Location             Delay type                Incr(ns)  Path(ns)    Netlist Resource(s)
  -------------------------------------------------------------------    -------------------
                         (clock clk_i rise edge)      0.000     0.000 r  
                                                      0.000     0.000 r  clk_i (IN)
                         net (fo=2611, unset)         0.787     0.787    u_ecc/u_core/clk_i
    SLICE_X55Y44         FDCE                                         r  u_ecc/u_core/FSM_onehot_st_q_reg[24]/C
  -------------------------------------------------------------------    -------------------
    SLICE_X55Y44         FDCE (Prop_fdce_C_Q)         0.379     1.166 r  u_ecc/u_core/FSM_onehot_st_q_reg[24]/Q
                         net (fo=69, routed)          1.142     2.308    u_ecc/u_core/p_0_in14_in
    SLICE_X46Y47                                                      r  u_ecc/u_core/i_vec_i_27/I3
    SLICE_X46Y47         LUT4 (Prop_lut4_I3_O)        0.105     2.413 r  u_ecc/u_core/i_vec_i_27/O
                         net (fo=16, routed)          1.931     4.345    u_ecc/u_core/i_vec/bitmatrix_src_b_i[7]
    SLICE_X80Y37                                                      r  u_ecc/u_core/i_vec/i_gf2_contribution_row_tile_i_412/I0
    SLICE_X80Y37         LUT3 (Prop_lut3_I0_O)        0.119     4.464 r  u_ecc/u_core/i_vec/i_gf2_contribution_row_tile_i_412/O
                         net (fo=1, routed)           0.349     4.813    u_ecc/u_core/i_vec/i_gf2_contribution_row_tile/matrix_src_b_i[3][4]
    SLICE_X81Y37                                                      r  u_ecc/u_core/i_vec/i_gf2_contribution_row_tile/matrix_product_o[3][4]_INST_0/I1
    SLICE_X81Y37         LUT2 (Prop_lut2_I1_O)        0.274     5.087 r  u_ecc/u_core/i_vec/i_gf2_contribution_row_tile/matrix_product_o[3][4]_INST_0/O
                         net (fo=1, routed)           0.354     5.441    u_ecc/u_core/i_vec/tile_product_word[1][36]
    SLICE_X80Y34                                                      r  u_ecc/u_core/i_vec/payload_q[1][36]_i_1/I4
    SLICE_X80Y34         LUT5 (Prop_lut5_I4_O)        0.105     5.546 r  u_ecc/u_core/i_vec/payload_q[1][36]_i_1/O
                         net (fo=1, routed)           0.000     5.546    u_ecc/u_core/i_vec/payload_q[1][36]_i_1_n_0
    SLICE_X80Y34         FDCE                                         r  u_ecc/u_core/i_vec/payload_q_reg[1][36]/D
  -------------------------------------------------------------------    -------------------

                         (clock clk_i rise edge)      5.000     5.000 r  
                                                      0.000     5.000 r  clk_i (IN)
                         net (fo=2611, unset)         0.748     5.748    u_ecc/u_core/i_vec/clk_i
    SLICE_X80Y34         FDCE                                         r  u_ecc/u_core/i_vec/payload_q_reg[1][36]/C
                         clock pessimism              0.000     5.748    
                         clock uncertainty           -0.035     5.712    
    SLICE_X80Y34         FDCE (Setup_fdce_C_D)        0.030     5.742    u_ecc/u_core/i_vec/payload_q_reg[1][36]
  -------------------------------------------------------------------
                         required time                          5.742    
                         arrival time                          -5.546    
  -------------------------------------------------------------------
                         slack                                  0.196    

Slack (MET) :             0.198ns  (required time - arrival time)
  Source:                 u_hdc/u_core/hperm_lane_base_q_reg[0]/C
                            (rising edge-triggered cell FDCE clocked by clk_i  {rise@0.000ns fall@2.500ns period=5.000ns})
  Destination:            u_hdc/u_core/hperm_stage_q_reg[16]/D
                            (rising edge-triggered cell FDCE clocked by clk_i  {rise@0.000ns fall@2.500ns period=5.000ns})
  Path Group:             clk_i
  Path Type:              Setup (Max at Slow Process Corner)
  Requirement:            5.000ns  (clk_i rise@5.000ns - clk_i rise@0.000ns)
  Data Path Delay:        4.757ns  (logic 1.256ns (26.402%)  route 3.501ns (73.598%))
  Logic Levels:           5  (LUT3=1 LUT4=1 LUT5=2 LUT6=1)
  Clock Path Skew:        -0.039ns (DCD - SCD + CPR)
    Destination Clock Delay (DCD):    0.748ns = ( 5.748 - 5.000 ) 
    Source Clock Delay      (SCD):    0.787ns
    Clock Pessimism Removal (CPR):    0.000ns
  Clock Uncertainty:      0.035ns  ((TSJ^2 + TIJ^2)^1/2 + DJ) / 2 + PE
    Total System Jitter     (TSJ):    0.071ns
    Total Input Jitter      (TIJ):    0.000ns
    Discrete Jitter          (DJ):    0.000ns
    Phase Error              (PE):    0.000ns

    Location             Delay type                Incr(ns)  Path(ns)    Netlist Resource(s)
  -------------------------------------------------------------------    -------------------
                         (clock clk_i rise edge)      0.000     0.000 r  
                                                      0.000     0.000 r  clk_i (IN)
                         net (fo=2611, unset)         0.787     0.787    u_hdc/u_core/clk_i
    SLICE_X65Y12         FDCE                                         r  u_hdc/u_core/hperm_lane_base_q_reg[0]/C
  -------------------------------------------------------------------    -------------------
    SLICE_X65Y12         FDCE (Prop_fdce_C_Q)         0.379     1.166 r  u_hdc/u_core/hperm_lane_base_q_reg[0]/Q
                         net (fo=7, routed)           0.564     1.730    u_hdc/u_core/hperm_lane_base_q[0]
    SLICE_X65Y12                                                      r  u_hdc/u_core/hperm_stage_q[70]_i_24/I0
    SLICE_X65Y12         LUT4 (Prop_lut4_I0_O)        0.105     1.835 f  u_hdc/u_core/hperm_stage_q[70]_i_24/O
                         net (fo=129, routed)         0.753     2.588    u_hdc/u_core/hperm_stage_q[70]_i_24_n_0
    SLICE_X64Y12                                                      f  u_hdc/u_core/hperm_stage_q[70]_i_14/I0
    SLICE_X64Y12         LUT5 (Prop_lut5_I0_O)        0.123     2.711 r  u_hdc/u_core/hperm_stage_q[70]_i_14/O
                         net (fo=127, routed)         1.027     3.738    u_hdc/u_core/hperm_stage_q[70]_i_14_n_0
    SLICE_X76Y9                                                       r  u_hdc/u_core/hperm_stage_q[16]_i_4/I2
    SLICE_X76Y9          LUT6 (Prop_lut6_I2_O)        0.274     4.012 f  u_hdc/u_core/hperm_stage_q[16]_i_4/O
                         net (fo=2, routed)           0.681     4.693    u_hdc/u_core/hperm_stage_q[16]_i_4_n_0
    SLICE_X76Y15                                                      f  u_hdc/u_core/hperm_stage_q[16]_i_2/I2
    SLICE_X76Y15         LUT3 (Prop_lut3_I2_O)        0.108     4.801 f  u_hdc/u_core/hperm_stage_q[16]_i_2/O
                         net (fo=2, routed)           0.476     5.277    u_hdc/u_core/hperm_stage_q[16]_i_2_n_0
    SLICE_X77Y15                                                      f  u_hdc/u_core/hperm_stage_q[16]_i_1/I2
    SLICE_X77Y15         LUT5 (Prop_lut5_I2_O)        0.267     5.544 r  u_hdc/u_core/hperm_stage_q[16]_i_1/O
                         net (fo=1, routed)           0.000     5.544    u_hdc/u_core/hperm_byte_window[16]
    SLICE_X77Y15         FDCE                                         r  u_hdc/u_core/hperm_stage_q_reg[16]/D
  -------------------------------------------------------------------    -------------------

                         (clock clk_i rise edge)      5.000     5.000 r  
                                                      0.000     5.000 r  clk_i (IN)
                         net (fo=2611, unset)         0.748     5.748    u_hdc/u_core/clk_i
    SLICE_X77Y15         FDCE                                         r  u_hdc/u_core/hperm_stage_q_reg[16]/C
                         clock pessimism              0.000     5.748    
                         clock uncertainty           -0.035     5.712    
    SLICE_X77Y15         FDCE (Setup_fdce_C_D)        0.030     5.742    u_hdc/u_core/hperm_stage_q_reg[16]
  -------------------------------------------------------------------
                         required time                          5.742    
                         arrival time                          -5.544    
  -------------------------------------------------------------------
                         slack                                  0.198    

Slack (MET) :             0.203ns  (required time - arrival time)
  Source:                 u_ecc/u_core/ecc_leaf_prod_q_reg[12]/C
                            (rising edge-triggered cell FDCE clocked by clk_i  {rise@0.000ns fall@2.500ns period=5.000ns})
  Destination:            u_ecc/u_core/hdc_src0_q_reg[0][52]/D
                            (rising edge-triggered cell FDCE clocked by clk_i  {rise@0.000ns fall@2.500ns period=5.000ns})
  Path Group:             clk_i
  Path Type:              Setup (Max at Slow Process Corner)
  Requirement:            5.000ns  (clk_i rise@5.000ns - clk_i rise@0.000ns)
  Data Path Delay:        4.755ns  (logic 1.180ns (24.818%)  route 3.575ns (75.182%))
  Logic Levels:           6  (LUT2=1 LUT5=2 LUT6=3)
  Clock Path Skew:        -0.039ns (DCD - SCD + CPR)
    Destination Clock Delay (DCD):    0.748ns = ( 5.748 - 5.000 ) 
    Source Clock Delay      (SCD):    0.787ns
    Clock Pessimism Removal (CPR):    0.000ns
  Clock Uncertainty:      0.035ns  ((TSJ^2 + TIJ^2)^1/2 + DJ) / 2 + PE
    Total System Jitter     (TSJ):    0.071ns
    Total Input Jitter      (TIJ):    0.000ns
    Discrete Jitter          (DJ):    0.000ns
    Phase Error              (PE):    0.000ns

    Location             Delay type                Incr(ns)  Path(ns)    Netlist Resource(s)
  -------------------------------------------------------------------    -------------------
                         (clock clk_i rise edge)      0.000     0.000 r  
                                                      0.000     0.000 r  clk_i (IN)
                         net (fo=2611, unset)         0.787     0.787    u_ecc/u_core/clk_i
    SLICE_X80Y44         FDCE                                         r  u_ecc/u_core/ecc_leaf_prod_q_reg[12]/C
  -------------------------------------------------------------------    -------------------
    SLICE_X80Y44         FDCE (Prop_fdce_C_Q)         0.379     1.166 r  u_ecc/u_core/ecc_leaf_prod_q_reg[12]/Q
                         net (fo=13, routed)          1.037     2.203    u_ecc/u_core/p_0_in30_in[44]
    SLICE_X77Y46                                                      r  u_ecc/u_core/i_vec_i_728/I0
    SLICE_X77Y46         LUT6 (Prop_lut6_I0_O)        0.105     2.308 r  u_ecc/u_core/i_vec_i_728/O
                         net (fo=7, routed)           0.709     3.018    u_ecc/u_core/i_vec_i_728_n_0
    SLICE_X77Y48                                                      r  u_ecc/u_core/i_vec_i_358/I2
    SLICE_X77Y48         LUT6 (Prop_lut6_I2_O)        0.105     3.123 r  u_ecc/u_core/i_vec_i_358/O
                         net (fo=2, routed)           0.381     3.504    u_ecc/u_core/i_vec_i_358_n_0
    SLICE_X79Y48                                                      r  u_ecc/u_core/i_vec_i_581/I0
    SLICE_X79Y48         LUT5 (Prop_lut5_I0_O)        0.105     3.609 r  u_ecc/u_core/i_vec_i_581/O
                         net (fo=2, routed)           0.495     4.104    u_ecc/u_core/i_vec_i_581_n_0
    SLICE_X79Y41                                                      r  u_ecc/u_core/i_vec_i_239/I2
    SLICE_X79Y41         LUT5 (Prop_lut5_I2_O)        0.105     4.209 r  u_ecc/u_core/i_vec_i_239/O
                         net (fo=2, routed)           0.607     4.816    u_ecc/u_core/i_vec/xor0_contribution_packet_i[0][52]
    SLICE_X79Y37                                                      r  u_ecc/u_core/i_vec/xor0_field_packet_o[52]_INST_0/I0
    SLICE_X79Y37         LUT2 (Prop_lut2_I0_O)        0.107     4.923 r  u_ecc/u_core/i_vec/xor0_field_packet_o[52]_INST_0/O
                         net (fo=1, routed)           0.345     5.268    u_ecc/u_core/xor0_field_packet[52]
    SLICE_X79Y37                                                      r  u_ecc/u_core/hdc_src0_q[0][52]_i_1/I4
    SLICE_X79Y37         LUT6 (Prop_lut6_I4_O)        0.274     5.542 r  u_ecc/u_core/hdc_src0_q[0][52]_i_1/O
                         net (fo=1, routed)           0.000     5.542    u_ecc/u_core/hdc_src0_q[0][52]_i_1_n_0
    SLICE_X79Y37         FDCE                                         r  u_ecc/u_core/hdc_src0_q_reg[0][52]/D
  -------------------------------------------------------------------    -------------------

                         (clock clk_i rise edge)      5.000     5.000 r  
                                                      0.000     5.000 r  clk_i (IN)
                         net (fo=2611, unset)         0.748     5.748    u_ecc/u_core/clk_i
    SLICE_X79Y37         FDCE                                         r  u_ecc/u_core/hdc_src0_q_reg[0][52]/C
                         clock pessimism              0.000     5.748    
                         clock uncertainty           -0.035     5.712    
    SLICE_X79Y37         FDCE (Setup_fdce_C_D)        0.032     5.744    u_ecc/u_core/hdc_src0_q_reg[0][52]
  -------------------------------------------------------------------
                         required time                          5.744    
                         arrival time                          -5.542    
  -------------------------------------------------------------------
                         slack                                  0.203    

Slack (MET) :             0.206ns  (required time - arrival time)
  Source:                 u_ecc/u_core/ecc_leaf_prod_q_reg[24]/C
                            (rising edge-triggered cell FDCE clocked by clk_i  {rise@0.000ns fall@2.500ns period=5.000ns})
  Destination:            u_ecc/u_core/hdc_src0_q_reg[3][40]/D
                            (rising edge-triggered cell FDCE clocked by clk_i  {rise@0.000ns fall@2.500ns period=5.000ns})
  Path Group:             clk_i
  Path Type:              Setup (Max at Slow Process Corner)
  Requirement:            5.000ns  (clk_i rise@5.000ns - clk_i rise@0.000ns)
  Data Path Delay:        4.795ns  (logic 1.385ns (28.884%)  route 3.410ns (71.116%))
  Logic Levels:           5  (LUT2=1 LUT4=1 LUT5=1 LUT6=2)
  Clock Path Skew:        -0.039ns (DCD - SCD + CPR)
    Destination Clock Delay (DCD):    0.748ns = ( 5.748 - 5.000 ) 
    Source Clock Delay      (SCD):    0.787ns
    Clock Pessimism Removal (CPR):    0.000ns
  Clock Uncertainty:      0.035ns  ((TSJ^2 + TIJ^2)^1/2 + DJ) / 2 + PE
    Total System Jitter     (TSJ):    0.071ns
    Total Input Jitter      (TIJ):    0.000ns
    Discrete Jitter          (DJ):    0.000ns
    Phase Error              (PE):    0.000ns

    Location             Delay type                Incr(ns)  Path(ns)    Netlist Resource(s)
  -------------------------------------------------------------------    -------------------
                         (clock clk_i rise edge)      0.000     0.000 r  
                                                      0.000     0.000 r  clk_i (IN)
                         net (fo=2611, unset)         0.787     0.787    u_ecc/u_core/clk_i
    SLICE_X71Y46         FDCE                                         r  u_ecc/u_core/ecc_leaf_prod_q_reg[24]/C
  -------------------------------------------------------------------    -------------------
    SLICE_X71Y46         FDCE (Prop_fdce_C_Q)         0.348     1.135 r  u_ecc/u_core/ecc_leaf_prod_q_reg[24]/Q
                         net (fo=12, routed)          0.979     2.114    u_ecc/u_core/p_0_in30_in[56]
    SLICE_X77Y44                                                      r  u_ecc/u_core/i_vec_i_478/I0
    SLICE_X77Y44         LUT5 (Prop_lut5_I0_O)        0.252     2.366 r  u_ecc/u_core/i_vec_i_478/O
                         net (fo=8, routed)           0.877     3.243    u_ecc/u_core/i_vec_i_478_n_0
    SLICE_X82Y43                                                      r  u_ecc/u_core/i_vec_i_295/I3
    SLICE_X82Y43         LUT6 (Prop_lut6_I3_O)        0.267     3.510 r  u_ecc/u_core/i_vec_i_295/O
                         net (fo=1, routed)           0.528     4.038    u_ecc/u_core/i_vec_i_295_n_0
    SLICE_X65Y43                                                      r  u_ecc/u_core/i_vec_i_59/I3
    SLICE_X65Y43         LUT4 (Prop_lut4_I3_O)        0.105     4.143 r  u_ecc/u_core/i_vec_i_59/O
                         net (fo=2, routed)           0.667     4.810    u_ecc/u_core/i_vec/xor0_contribution_packet_i[3][40]
    SLICE_X62Y38                                                      r  u_ecc/u_core/i_vec/xor0_field_packet_o[232]_INST_0/I0
    SLICE_X62Y38         LUT2 (Prop_lut2_I0_O)        0.127     4.937 r  u_ecc/u_core/i_vec/xor0_field_packet_o[232]_INST_0/O
                         net (fo=1, routed)           0.359     5.296    u_ecc/u_core/xor0_field_packet[232]
    SLICE_X62Y38                                                      r  u_ecc/u_core/hdc_src0_q[3][40]_i_1/I4
    SLICE_X62Y38         LUT6 (Prop_lut6_I4_O)        0.286     5.582 r  u_ecc/u_core/hdc_src0_q[3][40]_i_1/O
                         net (fo=1, routed)           0.000     5.582    u_ecc/u_core/hdc_src0_q[3][40]_i_1_n_0
    SLICE_X62Y38         FDCE                                         r  u_ecc/u_core/hdc_src0_q_reg[3][40]/D
  -------------------------------------------------------------------    -------------------

                         (clock clk_i rise edge)      5.000     5.000 r  
                                                      0.000     5.000 r  clk_i (IN)
                         net (fo=2611, unset)         0.748     5.748    u_ecc/u_core/clk_i
    SLICE_X62Y38         FDCE                                         r  u_ecc/u_core/hdc_src0_q_reg[3][40]/C
                         clock pessimism              0.000     5.748    
                         clock uncertainty           -0.035     5.712    
    SLICE_X62Y38         FDCE (Setup_fdce_C_D)        0.076     5.788    u_ecc/u_core/hdc_src0_q_reg[3][40]
  -------------------------------------------------------------------
                         required time                          5.788    
                         arrival time                          -5.582    
  -------------------------------------------------------------------
                         slack                                  0.206    

Slack (MET) :             0.208ns  (required time - arrival time)
  Source:                 u_ecc/u_core/ecc_leaf_prod_q_reg[0]/C
                            (rising edge-triggered cell FDCE clocked by clk_i  {rise@0.000ns fall@2.500ns period=5.000ns})
  Destination:            u_ecc/u_core/hdc_src0_q_reg[2][17]/D
                            (rising edge-triggered cell FDCE clocked by clk_i  {rise@0.000ns fall@2.500ns period=5.000ns})
  Path Group:             clk_i
  Path Type:              Setup (Max at Slow Process Corner)
  Requirement:            5.000ns  (clk_i rise@5.000ns - clk_i rise@0.000ns)
  Data Path Delay:        4.747ns  (logic 1.075ns (22.646%)  route 3.672ns (77.354%))
  Logic Levels:           5  (LUT2=1 LUT6=4)
  Clock Path Skew:        -0.039ns (DCD - SCD + CPR)
    Destination Clock Delay (DCD):    0.748ns = ( 5.748 - 5.000 ) 
    Source Clock Delay      (SCD):    0.787ns
    Clock Pessimism Removal (CPR):    0.000ns
  Clock Uncertainty:      0.035ns  ((TSJ^2 + TIJ^2)^1/2 + DJ) / 2 + PE
    Total System Jitter     (TSJ):    0.071ns
    Total Input Jitter      (TIJ):    0.000ns
    Discrete Jitter          (DJ):    0.000ns
    Phase Error              (PE):    0.000ns

    Location             Delay type                Incr(ns)  Path(ns)    Netlist Resource(s)
  -------------------------------------------------------------------    -------------------
                         (clock clk_i rise edge)      0.000     0.000 r  
                                                      0.000     0.000 r  clk_i (IN)
                         net (fo=2611, unset)         0.787     0.787    u_ecc/u_core/clk_i
    SLICE_X76Y42         FDCE                                         r  u_ecc/u_core/ecc_leaf_prod_q_reg[0]/C
  -------------------------------------------------------------------    -------------------
    SLICE_X76Y42         FDCE (Prop_fdce_C_Q)         0.379     1.166 r  u_ecc/u_core/ecc_leaf_prod_q_reg[0]/Q
                         net (fo=13, routed)          1.149     2.315    u_ecc/u_core/p_0_in30_in[32]
    SLICE_X72Y43                                                      r  u_ecc/u_core/i_vec_i_739/I1
    SLICE_X72Y43         LUT6 (Prop_lut6_I1_O)        0.105     2.420 r  u_ecc/u_core/i_vec_i_739/O
                         net (fo=7, routed)           1.015     3.436    u_ecc/u_core/i_vec_i_739_n_0
    SLICE_X88Y41                                                      r  u_ecc/u_core/i_vec_i_544/I0
    SLICE_X88Y41         LUT6 (Prop_lut6_I0_O)        0.105     3.541 r  u_ecc/u_core/i_vec_i_544/O
                         net (fo=2, routed)           0.537     4.077    u_ecc/u_core/i_vec_i_544_n_0
    SLICE_X84Y41                                                      r  u_ecc/u_core/i_vec_i_146/I5
    SLICE_X84Y41         LUT6 (Prop_lut6_I5_O)        0.105     4.182 r  u_ecc/u_core/i_vec_i_146/O
                         net (fo=2, routed)           0.741     4.924    u_ecc/u_core/i_vec/xor0_contribution_packet_i[2][17]
    SLICE_X79Y33                                                      r  u_ecc/u_core/i_vec/xor0_field_packet_o[145]_INST_0/I0
    SLICE_X79Y33         LUT2 (Prop_lut2_I0_O)        0.107     5.031 r  u_ecc/u_core/i_vec/xor0_field_packet_o[145]_INST_0/O
                         net (fo=1, routed)           0.229     5.260    u_ecc/u_core/xor0_field_packet[145]
    SLICE_X77Y33                                                      r  u_ecc/u_core/hdc_src0_q[2][17]_i_1/I4
    SLICE_X77Y33         LUT6 (Prop_lut6_I4_O)        0.274     5.534 r  u_ecc/u_core/hdc_src0_q[2][17]_i_1/O
                         net (fo=1, routed)           0.000     5.534    u_ecc/u_core/hdc_src0_q[2][17]_i_1_n_0
    SLICE_X77Y33         FDCE                                         r  u_ecc/u_core/hdc_src0_q_reg[2][17]/D
  -------------------------------------------------------------------    -------------------

                         (clock clk_i rise edge)      5.000     5.000 r  
                                                      0.000     5.000 r  clk_i (IN)
                         net (fo=2611, unset)         0.748     5.748    u_ecc/u_core/clk_i
    SLICE_X77Y33         FDCE                                         r  u_ecc/u_core/hdc_src0_q_reg[2][17]/C
                         clock pessimism              0.000     5.748    
                         clock uncertainty           -0.035     5.712    
    SLICE_X77Y33         FDCE (Setup_fdce_C_D)        0.030     5.742    u_ecc/u_core/hdc_src0_q_reg[2][17]
  -------------------------------------------------------------------
                         required time                          5.742    
                         arrival time                          -5.534    
  -------------------------------------------------------------------
                         slack                                  0.208    

Slack (MET) :             0.211ns  (required time - arrival time)
  Source:                 u_ecc/u_core/ecc_kpd64_sub_q_reg[1]_rep/C
                            (rising edge-triggered cell FDCE clocked by clk_i  {rise@0.000ns fall@2.500ns period=5.000ns})
  Destination:            u_ecc/u_core/hdc_src0_q_reg[2][40]/D
                            (rising edge-triggered cell FDCE clocked by clk_i  {rise@0.000ns fall@2.500ns period=5.000ns})
  Path Group:             clk_i
  Path Type:              Setup (Max at Slow Process Corner)
  Requirement:            5.000ns  (clk_i rise@5.000ns - clk_i rise@0.000ns)
  Data Path Delay:        4.745ns  (logic 1.197ns (25.228%)  route 3.548ns (74.772%))
  Logic Levels:           6  (LUT2=2 LUT5=1 LUT6=3)
  Clock Path Skew:        -0.039ns (DCD - SCD + CPR)
    Destination Clock Delay (DCD):    0.748ns = ( 5.748 - 5.000 ) 
    Source Clock Delay      (SCD):    0.787ns
    Clock Pessimism Removal (CPR):    0.000ns
  Clock Uncertainty:      0.035ns  ((TSJ^2 + TIJ^2)^1/2 + DJ) / 2 + PE
    Total System Jitter     (TSJ):    0.071ns
    Total Input Jitter      (TIJ):    0.000ns
    Discrete Jitter          (DJ):    0.000ns
    Phase Error              (PE):    0.000ns

    Location             Delay type                Incr(ns)  Path(ns)    Netlist Resource(s)
  -------------------------------------------------------------------    -------------------
                         (clock clk_i rise edge)      0.000     0.000 r  
                                                      0.000     0.000 r  clk_i (IN)
                         net (fo=2611, unset)         0.787     0.787    u_ecc/u_core/clk_i
    SLICE_X74Y44         FDCE                                         r  u_ecc/u_core/ecc_kpd64_sub_q_reg[1]_rep/C
  -------------------------------------------------------------------    -------------------
    SLICE_X74Y44         FDCE (Prop_fdce_C_Q)         0.379     1.166 f  u_ecc/u_core/ecc_kpd64_sub_q_reg[1]_rep/Q
                         net (fo=107, routed)         0.606     1.772    u_ecc/u_core/ecc_kpd64_sub_q_reg[1]_rep_n_0
    SLICE_X72Y44                                                      f  u_ecc/u_core/i_vec_i_812/I0
    SLICE_X72Y44         LUT2 (Prop_lut2_I0_O)        0.124     1.896 r  u_ecc/u_core/i_vec_i_812/O
                         net (fo=77, routed)          1.251     3.147    u_ecc/u_core/i_vec_i_812_n_0
    SLICE_X88Y43                                                      r  u_ecc/u_core/i_vec_i_660/I1
    SLICE_X88Y43         LUT6 (Prop_lut6_I1_O)        0.274     3.421 r  u_ecc/u_core/i_vec_i_660/O
                         net (fo=2, routed)           0.349     3.770    u_ecc/u_core/i_vec_i_660_n_0
    SLICE_X87Y41                                                      r  u_ecc/u_core/i_vec_i_482/I4
    SLICE_X87Y41         LUT5 (Prop_lut5_I4_O)        0.105     3.875 r  u_ecc/u_core/i_vec_i_482/O
                         net (fo=1, routed)           0.331     4.206    u_ecc/u_core/i_vec_i_482_n_0
    SLICE_X86Y41                                                      r  u_ecc/u_core/i_vec_i_123/I2
    SLICE_X86Y41         LUT6 (Prop_lut6_I2_O)        0.105     4.311 r  u_ecc/u_core/i_vec_i_123/O
                         net (fo=2, routed)           0.765     5.076    u_ecc/u_core/i_vec/xor0_contribution_packet_i[2][40]
    SLICE_X71Y37                                                      r  u_ecc/u_core/i_vec/xor0_field_packet_o[168]_INST_0/I0
    SLICE_X71Y37         LUT2 (Prop_lut2_I0_O)        0.105     5.181 r  u_ecc/u_core/i_vec/xor0_field_packet_o[168]_INST_0/O
                         net (fo=1, routed)           0.246     5.427    u_ecc/u_core/xor0_field_packet[168]
    SLICE_X72Y37                                                      r  u_ecc/u_core/hdc_src0_q[2][40]_i_1/I4
    SLICE_X72Y37         LUT6 (Prop_lut6_I4_O)        0.105     5.532 r  u_ecc/u_core/hdc_src0_q[2][40]_i_1/O
                         net (fo=1, routed)           0.000     5.532    u_ecc/u_core/hdc_src0_q[2][40]_i_1_n_0
    SLICE_X72Y37         FDCE                                         r  u_ecc/u_core/hdc_src0_q_reg[2][40]/D
  -------------------------------------------------------------------    -------------------

                         (clock clk_i rise edge)      5.000     5.000 r  
                                                      0.000     5.000 r  clk_i (IN)
                         net (fo=2611, unset)         0.748     5.748    u_ecc/u_core/clk_i
    SLICE_X72Y37         FDCE                                         r  u_ecc/u_core/hdc_src0_q_reg[2][40]/C
                         clock pessimism              0.000     5.748    
                         clock uncertainty           -0.035     5.712    
    SLICE_X72Y37         FDCE (Setup_fdce_C_D)        0.030     5.742    u_ecc/u_core/hdc_src0_q_reg[2][40]
  -------------------------------------------------------------------
                         required time                          5.742    
                         arrival time                          -5.532    
  -------------------------------------------------------------------
                         slack                                  0.211    

Slack (MET) :             0.211ns  (required time - arrival time)
  Source:                 u_ecc/u_core/ecc_leaf_path_q_reg[2]/C
                            (rising edge-triggered cell FDCE clocked by clk_i  {rise@0.000ns fall@2.500ns period=5.000ns})
  Destination:            u_ecc/u_core/hdc_src0_q_reg[2][42]/D
                            (rising edge-triggered cell FDCE clocked by clk_i  {rise@0.000ns fall@2.500ns period=5.000ns})
  Path Group:             clk_i
  Path Type:              Setup (Max at Slow Process Corner)
  Requirement:            5.000ns  (clk_i rise@5.000ns - clk_i rise@0.000ns)
  Data Path Delay:        4.745ns  (logic 0.958ns (20.192%)  route 3.787ns (79.808%))
  Logic Levels:           5  (LUT2=1 LUT4=2 LUT6=2)
  Clock Path Skew:        -0.039ns (DCD - SCD + CPR)
    Destination Clock Delay (DCD):    0.748ns = ( 5.748 - 5.000 ) 
    Source Clock Delay      (SCD):    0.787ns
    Clock Pessimism Removal (CPR):    0.000ns
  Clock Uncertainty:      0.035ns  ((TSJ^2 + TIJ^2)^1/2 + DJ) / 2 + PE
    Total System Jitter     (TSJ):    0.071ns
    Total Input Jitter      (TIJ):    0.000ns
    Discrete Jitter          (DJ):    0.000ns
    Phase Error              (PE):    0.000ns

    Location             Delay type                Incr(ns)  Path(ns)    Netlist Resource(s)
  -------------------------------------------------------------------    -------------------
                         (clock clk_i rise edge)      0.000     0.000 r  
                                                      0.000     0.000 r  clk_i (IN)
                         net (fo=2611, unset)         0.787     0.787    u_ecc/u_core/clk_i
    SLICE_X58Y43         FDCE                                         r  u_ecc/u_core/ecc_leaf_path_q_reg[2]/C
  -------------------------------------------------------------------    -------------------
    SLICE_X58Y43         FDCE (Prop_fdce_C_Q)         0.433     1.220 f  u_ecc/u_core/ecc_leaf_path_q_reg[2]/Q
                         net (fo=111, routed)         0.551     1.771    u_ecc/u_core/path[2]
    SLICE_X57Y43                                                      f  u_ecc/u_core/i_vec_i_304/I3
    SLICE_X57Y43         LUT4 (Prop_lut4_I3_O)        0.105     1.876 r  u_ecc/u_core/i_vec_i_304/O
                         net (fo=112, routed)         1.535     3.410    u_ecc/u_core/i_vec_i_304_n_0
    SLICE_X82Y50                                                      r  u_ecc/u_core/i_vec_i_477/I1
    SLICE_X82Y50         LUT4 (Prop_lut4_I1_O)        0.105     3.515 r  u_ecc/u_core/i_vec_i_477/O
                         net (fo=3, routed)           0.831     4.346    u_ecc/u_core/i_vec_i_477_n_0
    SLICE_X82Y40                                                      r  u_ecc/u_core/i_vec_i_121/I3
    SLICE_X82Y40         LUT6 (Prop_lut6_I3_O)        0.105     4.451 r  u_ecc/u_core/i_vec_i_121/O
                         net (fo=2, routed)           0.524     4.975    u_ecc/u_core/i_vec/xor0_contribution_packet_i[2][42]
    SLICE_X73Y39                                                      r  u_ecc/u_core/i_vec/xor0_field_packet_o[170]_INST_0/I0
    SLICE_X73Y39         LUT2 (Prop_lut2_I0_O)        0.105     5.080 r  u_ecc/u_core/i_vec/xor0_field_packet_o[170]_INST_0/O
                         net (fo=1, routed)           0.346     5.427    u_ecc/u_core/xor0_field_packet[170]
    SLICE_X73Y38                                                      r  u_ecc/u_core/hdc_src0_q[2][42]_i_1/I4
    SLICE_X73Y38         LUT6 (Prop_lut6_I4_O)        0.105     5.532 r  u_ecc/u_core/hdc_src0_q[2][42]_i_1/O
                         net (fo=1, routed)           0.000     5.532    u_ecc/u_core/hdc_src0_q[2][42]_i_1_n_0
    SLICE_X73Y38         FDCE                                         r  u_ecc/u_core/hdc_src0_q_reg[2][42]/D
  -------------------------------------------------------------------    -------------------

                         (clock clk_i rise edge)      5.000     5.000 r  
                                                      0.000     5.000 r  clk_i (IN)
                         net (fo=2611, unset)         0.748     5.748    u_ecc/u_core/clk_i
    SLICE_X73Y38         FDCE                                         r  u_ecc/u_core/hdc_src0_q_reg[2][42]/C
                         clock pessimism              0.000     5.748    
                         clock uncertainty           -0.035     5.712    
    SLICE_X73Y38         FDCE (Setup_fdce_C_D)        0.030     5.742    u_ecc/u_core/hdc_src0_q_reg[2][42]
  -------------------------------------------------------------------
                         required time                          5.742    
                         arrival time                          -5.532    
  -------------------------------------------------------------------
                         slack                                  0.211    

Slack (MET) :             0.211ns  (required time - arrival time)
  Source:                 u_ecc/u_core/ecc_leaf_path_q_reg[3]/C
                            (rising edge-triggered cell FDCE clocked by clk_i  {rise@0.000ns fall@2.500ns period=5.000ns})
  Destination:            u_ecc/u_core/i_vec/payload_q_reg[2][37]/D
                            (rising edge-triggered cell FDCE clocked by clk_i  {rise@0.000ns fall@2.500ns period=5.000ns})
  Path Group:             clk_i
  Path Type:              Setup (Max at Slow Process Corner)
  Requirement:            5.000ns  (clk_i rise@5.000ns - clk_i rise@0.000ns)
  Data Path Delay:        4.744ns  (logic 1.196ns (25.210%)  route 3.548ns (74.790%))
  Logic Levels:           6  (LUT2=1 LUT3=2 LUT4=1 LUT5=1 LUT6=1)
  Clock Path Skew:        -0.039ns (DCD - SCD + CPR)
    Destination Clock Delay (DCD):    0.748ns = ( 5.748 - 5.000 ) 
    Source Clock Delay      (SCD):    0.787ns
    Clock Pessimism Removal (CPR):    0.000ns
  Clock Uncertainty:      0.035ns  ((TSJ^2 + TIJ^2)^1/2 + DJ) / 2 + PE
    Total System Jitter     (TSJ):    0.071ns
    Total Input Jitter      (TIJ):    0.000ns
    Discrete Jitter          (DJ):    0.000ns
    Phase Error              (PE):    0.000ns

    Location             Delay type                Incr(ns)  Path(ns)    Netlist Resource(s)
  -------------------------------------------------------------------    -------------------
                         (clock clk_i rise edge)      0.000     0.000 r  
                                                      0.000     0.000 r  clk_i (IN)
                         net (fo=2611, unset)         0.787     0.787    u_ecc/u_core/clk_i
    SLICE_X69Y43         FDCE                                         r  u_ecc/u_core/ecc_leaf_path_q_reg[3]/C
  -------------------------------------------------------------------    -------------------
    SLICE_X69Y43         FDCE (Prop_fdce_C_Q)         0.379     1.166 f  u_ecc/u_core/ecc_leaf_path_q_reg[3]/Q
                         net (fo=109, routed)         0.721     1.887    u_ecc/u_core/path[3]
    SLICE_X63Y43                                                      f  u_ecc/u_core/i_vec_i_298/I2
    SLICE_X63Y43         LUT4 (Prop_lut4_I2_O)        0.105     1.992 f  u_ecc/u_core/i_vec_i_298/O
                         net (fo=111, routed)         0.239     2.231    u_ecc/u_core/i_vec_i_298_n_0
    SLICE_X63Y43                                                      f  u_ecc/u_core/i_vec_i_293/I0
    SLICE_X63Y43         LUT3 (Prop_lut3_I0_O)        0.105     2.336 f  u_ecc/u_core/i_vec_i_293/O
                         net (fo=1, routed)           0.257     2.593    u_ecc/u_core/i_vec_i_293_n_0
    SLICE_X64Y42                                                      f  u_ecc/u_core/i_vec_i_2/I4
    SLICE_X64Y42         LUT6 (Prop_lut6_I4_O)        0.105     2.698 r  u_ecc/u_core/i_vec_i_2/O
                         net (fo=769, routed)         1.521     4.219    u_ecc/u_core/i_vec/payload_product_i
    SLICE_X79Y49                                                      r  u_ecc/u_core/i_vec/i_gf2_contribution_row_tile_i_91/I1
    SLICE_X79Y49         LUT3 (Prop_lut3_I1_O)        0.123     4.342 r  u_ecc/u_core/i_vec/i_gf2_contribution_row_tile_i_91/O
                         net (fo=1, routed)           0.444     4.785    u_ecc/u_core/i_vec/i_gf2_contribution_row_tile/matrix_src_a_i[5][5]
    SLICE_X79Y46                                                      r  u_ecc/u_core/i_vec/i_gf2_contribution_row_tile/matrix_product_o[5][5]_INST_0/I0
    SLICE_X79Y46         LUT2 (Prop_lut2_I0_O)        0.274     5.059 r  u_ecc/u_core/i_vec/i_gf2_contribution_row_tile/matrix_product_o[5][5]_INST_0/O
                         net (fo=1, routed)           0.367     5.426    u_ecc/u_core/i_vec/tile_product_word[2][37]
    SLICE_X80Y45                                                      r  u_ecc/u_core/i_vec/payload_q[2][37]_i_1/I4
    SLICE_X80Y45         LUT5 (Prop_lut5_I4_O)        0.105     5.531 r  u_ecc/u_core/i_vec/payload_q[2][37]_i_1/O
                         net (fo=1, routed)           0.000     5.531    u_ecc/u_core/i_vec/payload_q[2][37]_i_1_n_0
    SLICE_X80Y45         FDCE                                         r  u_ecc/u_core/i_vec/payload_q_reg[2][37]/D
  -------------------------------------------------------------------    -------------------

                         (clock clk_i rise edge)      5.000     5.000 r  
                                                      0.000     5.000 r  clk_i (IN)
                         net (fo=2611, unset)         0.748     5.748    u_ecc/u_core/i_vec/clk_i
    SLICE_X80Y45         FDCE                                         r  u_ecc/u_core/i_vec/payload_q_reg[2][37]/C
                         clock pessimism              0.000     5.748    
                         clock uncertainty           -0.035     5.712    
    SLICE_X80Y45         FDCE (Setup_fdce_C_D)        0.030     5.742    u_ecc/u_core/i_vec/payload_q_reg[2][37]
  -------------------------------------------------------------------
                         required time                          5.742    
                         arrival time                          -5.531    
  -------------------------------------------------------------------
                         slack                                  0.211    

Slack (MET) :             0.212ns  (required time - arrival time)
  Source:                 u_hdc/u_core/hperm_lane_base_q_reg[0]/C
                            (rising edge-triggered cell FDCE clocked by clk_i  {rise@0.000ns fall@2.500ns period=5.000ns})
  Destination:            u_hdc/u_core/hperm_stage_q_reg[25]/D
                            (rising edge-triggered cell FDCE clocked by clk_i  {rise@0.000ns fall@2.500ns period=5.000ns})
  Path Group:             clk_i
  Path Type:              Setup (Max at Slow Process Corner)
  Requirement:            5.000ns  (clk_i rise@5.000ns - clk_i rise@0.000ns)
  Data Path Delay:        4.744ns  (logic 1.271ns (26.794%)  route 3.473ns (73.206%))
  Logic Levels:           5  (LUT3=1 LUT4=1 LUT5=2 LUT6=1)
  Clock Path Skew:        -0.039ns (DCD - SCD + CPR)
    Destination Clock Delay (DCD):    0.748ns = ( 5.748 - 5.000 ) 
    Source Clock Delay      (SCD):    0.787ns
    Clock Pessimism Removal (CPR):    0.000ns
  Clock Uncertainty:      0.035ns  ((TSJ^2 + TIJ^2)^1/2 + DJ) / 2 + PE
    Total System Jitter     (TSJ):    0.071ns
    Total Input Jitter      (TIJ):    0.000ns
    Discrete Jitter          (DJ):    0.000ns
    Phase Error              (PE):    0.000ns

    Location             Delay type                Incr(ns)  Path(ns)    Netlist Resource(s)
  -------------------------------------------------------------------    -------------------
                         (clock clk_i rise edge)      0.000     0.000 r  
                                                      0.000     0.000 r  clk_i (IN)
                         net (fo=2611, unset)         0.787     0.787    u_hdc/u_core/clk_i
    SLICE_X65Y12         FDCE                                         r  u_hdc/u_core/hperm_lane_base_q_reg[0]/C
  -------------------------------------------------------------------    -------------------
    SLICE_X65Y12         FDCE (Prop_fdce_C_Q)         0.379     1.166 r  u_hdc/u_core/hperm_lane_base_q_reg[0]/Q
                         net (fo=7, routed)           0.564     1.730    u_hdc/u_core/hperm_lane_base_q[0]
    SLICE_X65Y12                                                      r  u_hdc/u_core/hperm_stage_q[70]_i_24/I0
    SLICE_X65Y12         LUT4 (Prop_lut4_I0_O)        0.105     1.835 f  u_hdc/u_core/hperm_stage_q[70]_i_24/O
                         net (fo=129, routed)         0.753     2.588    u_hdc/u_core/hperm_stage_q[70]_i_24_n_0
    SLICE_X64Y12                                                      f  u_hdc/u_core/hperm_stage_q[70]_i_14/I0
    SLICE_X64Y12         LUT5 (Prop_lut5_I0_O)        0.123     2.711 r  u_hdc/u_core/hperm_stage_q[70]_i_14/O
                         net (fo=127, routed)         1.119     3.830    u_hdc/u_core/hperm_stage_q[70]_i_14_n_0
    SLICE_X71Y17                                                      r  u_hdc/u_core/hperm_stage_q[41]_i_4/I2
    SLICE_X71Y17         LUT6 (Prop_lut6_I2_O)        0.274     4.104 f  u_hdc/u_core/hperm_stage_q[41]_i_4/O
                         net (fo=4, routed)           0.697     4.802    u_hdc/u_core/hperm_stage_q[41]_i_4_n_0
    SLICE_X70Y19                                                      f  u_hdc/u_core/hperm_stage_q[25]_i_3/I2
    SLICE_X70Y19         LUT3 (Prop_lut3_I2_O)        0.115     4.917 f  u_hdc/u_core/hperm_stage_q[25]_i_3/O
                         net (fo=1, routed)           0.339     5.256    u_hdc/u_core/hperm_stage_q[25]_i_3_n_0
    SLICE_X70Y18                                                      f  u_hdc/u_core/hperm_stage_q[25]_i_1/I3
    SLICE_X70Y18         LUT5 (Prop_lut5_I3_O)        0.275     5.531 r  u_hdc/u_core/hperm_stage_q[25]_i_1/O
                         net (fo=1, routed)           0.000     5.531    u_hdc/u_core/hperm_byte_window[25]
    SLICE_X70Y18         FDCE                                         r  u_hdc/u_core/hperm_stage_q_reg[25]/D
  -------------------------------------------------------------------    -------------------

                         (clock clk_i rise edge)      5.000     5.000 r  
                                                      0.000     5.000 r  clk_i (IN)
                         net (fo=2611, unset)         0.748     5.748    u_hdc/u_core/clk_i
    SLICE_X70Y18         FDCE                                         r  u_hdc/u_core/hperm_stage_q_reg[25]/C
                         clock pessimism              0.000     5.748    
                         clock uncertainty           -0.035     5.712    
    SLICE_X70Y18         FDCE (Setup_fdce_C_D)        0.030     5.742    u_hdc/u_core/hperm_stage_q_reg[25]
  -------------------------------------------------------------------
                         required time                          5.742    
                         arrival time                          -5.531    
  -------------------------------------------------------------------
                         slack                                  0.212    

Slack (MET) :             0.212ns  (required time - arrival time)
  Source:                 u_ecc/u_core/ecc_pmul_subop_q_reg[0]/C
                            (rising edge-triggered cell FDCE clocked by clk_i  {rise@0.000ns fall@2.500ns period=5.000ns})
  Destination:            u_ecc/u_core/hdc_src0_q_reg[1][47]/CE
                            (rising edge-triggered cell FDCE clocked by clk_i  {rise@0.000ns fall@2.500ns period=5.000ns})
  Path Group:             clk_i
  Path Type:              Setup (Max at Slow Process Corner)
  Requirement:            5.000ns  (clk_i rise@5.000ns - clk_i rise@0.000ns)
  Data Path Delay:        4.545ns  (logic 1.137ns (25.015%)  route 3.408ns (74.985%))
  Logic Levels:           5  (LUT3=1 LUT6=4)
  Clock Path Skew:        -0.039ns (DCD - SCD + CPR)
    Destination Clock Delay (DCD):    0.748ns = ( 5.748 - 5.000 ) 
    Source Clock Delay      (SCD):    0.787ns
    Clock Pessimism Removal (CPR):    0.000ns
  Clock Uncertainty:      0.035ns  ((TSJ^2 + TIJ^2)^1/2 + DJ) / 2 + PE
    Total System Jitter     (TSJ):    0.071ns
    Total Input Jitter      (TIJ):    0.000ns
    Discrete Jitter          (DJ):    0.000ns
    Phase Error              (PE):    0.000ns

    Location             Delay type                Incr(ns)  Path(ns)    Netlist Resource(s)
  -------------------------------------------------------------------    -------------------
                         (clock clk_i rise edge)      0.000     0.000 r  
                                                      0.000     0.000 r  clk_i (IN)
                         net (fo=2611, unset)         0.787     0.787    u_ecc/u_core/clk_i
    SLICE_X46Y34         FDCE                                         r  u_ecc/u_core/ecc_pmul_subop_q_reg[0]/C
  -------------------------------------------------------------------    -------------------
    SLICE_X46Y34         FDCE (Prop_fdce_C_Q)         0.433     1.220 r  u_ecc/u_core/ecc_pmul_subop_q_reg[0]/Q
                         net (fo=60, routed)          0.606     1.826    u_ecc/u_core/subop[0]
    SLICE_X46Y35                                                      r  u_ecc/u_core/ecc_sqr_repeat_q[6]_i_11/I0
    SLICE_X46Y35         LUT3 (Prop_lut3_I0_O)        0.125     1.951 r  u_ecc/u_core/ecc_sqr_repeat_q[6]_i_11/O
                         net (fo=6, routed)           0.426     2.377    u_ecc/u_core/ecc_sqr_repeat_q[6]_i_11_n_0
    SLICE_X46Y36                                                      r  u_ecc/u_core/ecc_leaf_xor_a_q[31]_i_5/I0
    SLICE_X46Y36         LUT6 (Prop_lut6_I0_O)        0.264     2.641 f  u_ecc/u_core/ecc_leaf_xor_a_q[31]_i_5/O
                         net (fo=15, routed)          0.272     2.913    u_ecc/u_core/ecc_leaf_xor_a_q[31]_i_5_n_0
    SLICE_X47Y36                                                      f  u_ecc/u_core/hdc_src0_q[3][63]_i_6/I5
    SLICE_X47Y36         LUT6 (Prop_lut6_I5_O)        0.105     3.018 r  u_ecc/u_core/hdc_src0_q[3][63]_i_6/O
                         net (fo=1, routed)           0.258     3.276    u_ecc/u_core/hdc_src0_q[3][63]_i_6_n_0
    SLICE_X47Y37                                                      r  u_ecc/u_core/hdc_src0_q[3][63]_i_3/I5
    SLICE_X47Y37         LUT6 (Prop_lut6_I5_O)        0.105     3.381 r  u_ecc/u_core/hdc_src0_q[3][63]_i_3/O
                         net (fo=4, routed)           0.836     4.217    u_ecc/u_core/hdc_src0_q[3][63]_i_3_n_0
    SLICE_X78Y42                                                      r  u_ecc/u_core/hdc_src0_q[1][63]_i_1/I5
    SLICE_X78Y42         LUT6 (Prop_lut6_I5_O)        0.105     4.322 r  u_ecc/u_core/hdc_src0_q[1][63]_i_1/O
                         net (fo=128, routed)         1.011     5.332    u_ecc/u_core/hdc_src0_q[1][63]_i_1_n_0
    SLICE_X80Y50         FDCE                                         r  u_ecc/u_core/hdc_src0_q_reg[1][47]/CE
  -------------------------------------------------------------------    -------------------

                         (clock clk_i rise edge)      5.000     5.000 r  
                                                      0.000     5.000 r  clk_i (IN)
                         net (fo=2611, unset)         0.748     5.748    u_ecc/u_core/clk_i
    SLICE_X80Y50         FDCE                                         r  u_ecc/u_core/hdc_src0_q_reg[1][47]/C
                         clock pessimism              0.000     5.748    
                         clock uncertainty           -0.035     5.712    
    SLICE_X80Y50         FDCE (Setup_fdce_C_CE)      -0.168     5.544    u_ecc/u_core/hdc_src0_q_reg[1][47]
  -------------------------------------------------------------------
                         required time                          5.544    
                         arrival time                          -5.332    
  -------------------------------------------------------------------
                         slack                                  0.212    

Slack (MET) :             0.213ns  (required time - arrival time)
  Source:                 u_ecc/u_core/i_vrf/gen_bank[0].vrf_mem_reg/CLKARDCLK
                            (rising edge-triggered cell RAMB36E1 clocked by clk_i  {rise@0.000ns fall@2.500ns period=5.000ns})
  Destination:            u_ecc/u_core/i_vec/payload_q_reg[0][18]/D
                            (rising edge-triggered cell FDCE clocked by clk_i  {rise@0.000ns fall@2.500ns period=5.000ns})
  Path Group:             clk_i
  Path Type:              Setup (Max at Slow Process Corner)
  Requirement:            5.000ns  (clk_i rise@5.000ns - clk_i rise@0.000ns)
  Data Path Delay:        4.743ns  (logic 2.440ns (51.448%)  route 2.303ns (48.552%))
  Logic Levels:           3  (LUT2=1 LUT3=1 LUT5=1)
  Clock Path Skew:        -0.039ns (DCD - SCD + CPR)
    Destination Clock Delay (DCD):    0.748ns = ( 5.748 - 5.000 ) 
    Source Clock Delay      (SCD):    0.787ns
    Clock Pessimism Removal (CPR):    0.000ns
  Clock Uncertainty:      0.035ns  ((TSJ^2 + TIJ^2)^1/2 + DJ) / 2 + PE
    Total System Jitter     (TSJ):    0.071ns
    Total Input Jitter      (TIJ):    0.000ns
    Discrete Jitter          (DJ):    0.000ns
    Phase Error              (PE):    0.000ns

    Location             Delay type                Incr(ns)  Path(ns)    Netlist Resource(s)
  -------------------------------------------------------------------    -------------------
                         (clock clk_i rise edge)      0.000     0.000 r  
                                                      0.000     0.000 r  clk_i (IN)
                         net (fo=2611, unset)         0.787     0.787    u_ecc/u_core/i_vrf/clk_i
    RAMB36_X3Y9          RAMB36E1                                     r  u_ecc/u_core/i_vrf/gen_bank[0].vrf_mem_reg/CLKARDCLK
  -------------------------------------------------------------------    -------------------
    RAMB36_X3Y9          RAMB36E1 (Prop_ramb36e1_CLKARDCLK_DOADO[18])
                                                      2.125     2.912 r  u_ecc/u_core/i_vrf/gen_bank[0].vrf_mem_reg/DOADO[18]
                         net (fo=2, routed)           1.263     4.175    u_ecc/u_core/i_vec/hdc_pair_src_b_i[0][18]
    SLICE_X50Y35                                                      r  u_ecc/u_core/i_vec/i_gf2_contribution_row_tile_i_494/I2
    SLICE_X50Y35         LUT3 (Prop_lut3_I2_O)        0.105     4.280 r  u_ecc/u_core/i_vec/i_gf2_contribution_row_tile_i_494/O
                         net (fo=1, routed)           0.371     4.651    u_ecc/u_core/i_vec/i_gf2_contribution_row_tile/matrix_src_b_i[0][18]
    SLICE_X50Y35                                                      r  u_ecc/u_core/i_vec/i_gf2_contribution_row_tile/matrix_product_o[0][18]_INST_0/I1
    SLICE_X50Y35         LUT2 (Prop_lut2_I1_O)        0.105     4.756 r  u_ecc/u_core/i_vec/i_gf2_contribution_row_tile/matrix_product_o[0][18]_INST_0/O
                         net (fo=1, routed)           0.669     5.425    u_ecc/u_core/i_vec/tile_product_word[0][18]
    SLICE_X63Y34                                                      r  u_ecc/u_core/i_vec/payload_q[0][18]_i_1/I4
    SLICE_X63Y34         LUT5 (Prop_lut5_I4_O)        0.105     5.530 r  u_ecc/u_core/i_vec/payload_q[0][18]_i_1/O
                         net (fo=1, routed)           0.000     5.530    u_ecc/u_core/i_vec/payload_q[0][18]_i_1_n_0
    SLICE_X63Y34         FDCE                                         r  u_ecc/u_core/i_vec/payload_q_reg[0][18]/D
  -------------------------------------------------------------------    -------------------

                         (clock clk_i rise edge)      5.000     5.000 r  
                                                      0.000     5.000 r  clk_i (IN)
                         net (fo=2611, unset)         0.748     5.748    u_ecc/u_core/i_vec/clk_i
    SLICE_X63Y34         FDCE                                         r  u_ecc/u_core/i_vec/payload_q_reg[0][18]/C
                         clock pessimism              0.000     5.748    
                         clock uncertainty           -0.035     5.712    
    SLICE_X63Y34         FDCE (Setup_fdce_C_D)        0.030     5.742    u_ecc/u_core/i_vec/payload_q_reg[0][18]
  -------------------------------------------------------------------
                         required time                          5.742    
                         arrival time                          -5.530    
  -------------------------------------------------------------------
                         slack                                  0.213    

Slack (MET) :             0.213ns  (required time - arrival time)
  Source:                 u_hdc/u_core/hperm_lane_base_q_reg[0]/C
                            (rising edge-triggered cell FDCE clocked by clk_i  {rise@0.000ns fall@2.500ns period=5.000ns})
  Destination:            u_hdc/u_core/hperm_stage_q_reg[4]/D
                            (rising edge-triggered cell FDCE clocked by clk_i  {rise@0.000ns fall@2.500ns period=5.000ns})
  Path Group:             clk_i
  Path Type:              Setup (Max at Slow Process Corner)
  Requirement:            5.000ns  (clk_i rise@5.000ns - clk_i rise@0.000ns)
  Data Path Delay:        4.744ns  (logic 1.267ns (26.707%)  route 3.477ns (73.293%))
  Logic Levels:           5  (LUT3=1 LUT4=1 LUT5=2 LUT6=1)
  Clock Path Skew:        -0.039ns (DCD - SCD + CPR)
    Destination Clock Delay (DCD):    0.748ns = ( 5.748 - 5.000 ) 
    Source Clock Delay      (SCD):    0.787ns
    Clock Pessimism Removal (CPR):    0.000ns
  Clock Uncertainty:      0.035ns  ((TSJ^2 + TIJ^2)^1/2 + DJ) / 2 + PE
    Total System Jitter     (TSJ):    0.071ns
    Total Input Jitter      (TIJ):    0.000ns
    Discrete Jitter          (DJ):    0.000ns
    Phase Error              (PE):    0.000ns

    Location             Delay type                Incr(ns)  Path(ns)    Netlist Resource(s)
  -------------------------------------------------------------------    -------------------
                         (clock clk_i rise edge)      0.000     0.000 r  
                                                      0.000     0.000 r  clk_i (IN)
                         net (fo=2611, unset)         0.787     0.787    u_hdc/u_core/clk_i
    SLICE_X65Y12         FDCE                                         r  u_hdc/u_core/hperm_lane_base_q_reg[0]/C
  -------------------------------------------------------------------    -------------------
    SLICE_X65Y12         FDCE (Prop_fdce_C_Q)         0.379     1.166 r  u_hdc/u_core/hperm_lane_base_q_reg[0]/Q
                         net (fo=7, routed)           0.564     1.730    u_hdc/u_core/hperm_lane_base_q[0]
    SLICE_X65Y12                                                      r  u_hdc/u_core/hperm_stage_q[70]_i_24/I0
    SLICE_X65Y12         LUT4 (Prop_lut4_I0_O)        0.105     1.835 f  u_hdc/u_core/hperm_stage_q[70]_i_24/O
                         net (fo=129, routed)         0.753     2.588    u_hdc/u_core/hperm_stage_q[70]_i_24_n_0
    SLICE_X64Y12                                                      f  u_hdc/u_core/hperm_stage_q[70]_i_14/I0
    SLICE_X64Y12         LUT5 (Prop_lut5_I0_O)        0.123     2.711 r  u_hdc/u_core/hperm_stage_q[70]_i_14/O
                         net (fo=127, routed)         0.941     3.652    u_hdc/u_core/hperm_stage_q[70]_i_14_n_0
    SLICE_X66Y13                                                      r  u_hdc/u_core/hperm_stage_q[28]_i_4/I2
    SLICE_X66Y13         LUT6 (Prop_lut6_I2_O)        0.274     3.926 f  u_hdc/u_core/hperm_stage_q[28]_i_4/O
                         net (fo=2, routed)           0.861     4.787    u_hdc/u_core/hperm_stage_q[28]_i_4_n_0
    SLICE_X73Y18                                                      f  u_hdc/u_core/hperm_stage_q[20]_i_3/I1
    SLICE_X73Y18         LUT3 (Prop_lut3_I1_O)        0.119     4.906 f  u_hdc/u_core/hperm_stage_q[20]_i_3/O
                         net (fo=2, routed)           0.358     5.264    u_hdc/u_core/hperm_stage_q[20]_i_3_n_0
    SLICE_X73Y18                                                      f  u_hdc/u_core/hperm_stage_q[4]_i_1/I2
    SLICE_X73Y18         LUT5 (Prop_lut5_I2_O)        0.267     5.531 r  u_hdc/u_core/hperm_stage_q[4]_i_1/O
                         net (fo=1, routed)           0.000     5.531    u_hdc/u_core/hperm_byte_window[4]
    SLICE_X73Y18         FDCE                                         r  u_hdc/u_core/hperm_stage_q_reg[4]/D
  -------------------------------------------------------------------    -------------------

                         (clock clk_i rise edge)      5.000     5.000 r  
                                                      0.000     5.000 r  clk_i (IN)
                         net (fo=2611, unset)         0.748     5.748    u_hdc/u_core/clk_i
    SLICE_X73Y18         FDCE                                         r  u_hdc/u_core/hperm_stage_q_reg[4]/C
                         clock pessimism              0.000     5.748    
                         clock uncertainty           -0.035     5.712    
    SLICE_X73Y18         FDCE (Setup_fdce_C_D)        0.032     5.744    u_hdc/u_core/hperm_stage_q_reg[4]
  -------------------------------------------------------------------
                         required time                          5.744    
                         arrival time                          -5.531    
  -------------------------------------------------------------------
                         slack                                  0.213    

Slack (MET) :             0.218ns  (required time - arrival time)
  Source:                 u_ecc/u_core/ecc_leaf_prod_q_reg[24]/C
                            (rising edge-triggered cell FDCE clocked by clk_i  {rise@0.000ns fall@2.500ns period=5.000ns})
  Destination:            u_ecc/u_core/hdc_src0_q_reg[2][63]/D
                            (rising edge-triggered cell FDCE clocked by clk_i  {rise@0.000ns fall@2.500ns period=5.000ns})
  Path Group:             clk_i
  Path Type:              Setup (Max at Slow Process Corner)
  Requirement:            5.000ns  (clk_i rise@5.000ns - clk_i rise@0.000ns)
  Data Path Delay:        4.737ns  (logic 1.353ns (28.563%)  route 3.384ns (71.437%))
  Logic Levels:           5  (LUT2=1 LUT4=1 LUT5=2 LUT6=1)
  Clock Path Skew:        -0.039ns (DCD - SCD + CPR)
    Destination Clock Delay (DCD):    0.748ns = ( 5.748 - 5.000 ) 
    Source Clock Delay      (SCD):    0.787ns
    Clock Pessimism Removal (CPR):    0.000ns
  Clock Uncertainty:      0.035ns  ((TSJ^2 + TIJ^2)^1/2 + DJ) / 2 + PE
    Total System Jitter     (TSJ):    0.071ns
    Total Input Jitter      (TIJ):    0.000ns
    Discrete Jitter          (DJ):    0.000ns
    Phase Error              (PE):    0.000ns

    Location             Delay type                Incr(ns)  Path(ns)    Netlist Resource(s)
  -------------------------------------------------------------------    -------------------
                         (clock clk_i rise edge)      0.000     0.000 r  
                                                      0.000     0.000 r  clk_i (IN)
                         net (fo=2611, unset)         0.787     0.787    u_ecc/u_core/clk_i
    SLICE_X71Y46         FDCE                                         r  u_ecc/u_core/ecc_leaf_prod_q_reg[24]/C
  -------------------------------------------------------------------    -------------------
    SLICE_X71Y46         FDCE (Prop_fdce_C_Q)         0.348     1.135 r  u_ecc/u_core/ecc_leaf_prod_q_reg[24]/Q
                         net (fo=12, routed)          0.979     2.114    u_ecc/u_core/p_0_in30_in[56]
    SLICE_X77Y44                                                      r  u_ecc/u_core/i_vec_i_478/I0
    SLICE_X77Y44         LUT5 (Prop_lut5_I0_O)        0.252     2.366 r  u_ecc/u_core/i_vec_i_478/O
                         net (fo=8, routed)           0.851     3.217    u_ecc/u_core/i_vec_i_478_n_0
    SLICE_X80Y46                                                      r  u_ecc/u_core/i_vec_i_414/I3
    SLICE_X80Y46         LUT4 (Prop_lut4_I3_O)        0.267     3.484 r  u_ecc/u_core/i_vec_i_414/O
                         net (fo=3, routed)           0.398     3.882    u_ecc/u_core/i_vec_i_414_n_0
    SLICE_X80Y48                                                      r  u_ecc/u_core/i_vec_i_100/I2
    SLICE_X80Y48         LUT5 (Prop_lut5_I2_O)        0.105     3.987 r  u_ecc/u_core/i_vec_i_100/O
                         net (fo=2, routed)           0.811     4.798    u_ecc/u_core/i_vec/xor0_contribution_packet_i[2][63]
    SLICE_X69Y48                                                      r  u_ecc/u_core/i_vec/xor0_field_packet_o[191]_INST_0/I0
    SLICE_X69Y48         LUT2 (Prop_lut2_I0_O)        0.107     4.905 r  u_ecc/u_core/i_vec/xor0_field_packet_o[191]_INST_0/O
                         net (fo=1, routed)           0.345     5.250    u_ecc/u_core/xor0_field_packet[191]
    SLICE_X69Y48                                                      r  u_ecc/u_core/hdc_src0_q[2][63]_i_1/I4
    SLICE_X69Y48         LUT6 (Prop_lut6_I4_O)        0.274     5.524 r  u_ecc/u_core/hdc_src0_q[2][63]_i_1/O
                         net (fo=1, routed)           0.000     5.524    u_ecc/u_core/hdc_src0_q[2][63]_i_1_n_0
    SLICE_X69Y48         FDCE                                         r  u_ecc/u_core/hdc_src0_q_reg[2][63]/D
  -------------------------------------------------------------------    -------------------

                         (clock clk_i rise edge)      5.000     5.000 r  
                                                      0.000     5.000 r  clk_i (IN)
                         net (fo=2611, unset)         0.748     5.748    u_ecc/u_core/clk_i
    SLICE_X69Y48         FDCE                                         r  u_ecc/u_core/hdc_src0_q_reg[2][63]/C
                         clock pessimism              0.000     5.748    
                         clock uncertainty           -0.035     5.712    
    SLICE_X69Y48         FDCE (Setup_fdce_C_D)        0.030     5.742    u_ecc/u_core/hdc_src0_q_reg[2][63]
  -------------------------------------------------------------------
                         required time                          5.742    
                         arrival time                          -5.524    
  -------------------------------------------------------------------
                         slack                                  0.218    

Slack (MET) :             0.219ns  (required time - arrival time)
  Source:                 u_ecc/u_core/ecc_kpd64_sub_q_reg[1]_rep/C
                            (rising edge-triggered cell FDCE clocked by clk_i  {rise@0.000ns fall@2.500ns period=5.000ns})
  Destination:            u_ecc/u_core/hdc_src0_q_reg[0][1]/D
                            (rising edge-triggered cell FDCE clocked by clk_i  {rise@0.000ns fall@2.500ns period=5.000ns})
  Path Group:             clk_i
  Path Type:              Setup (Max at Slow Process Corner)
  Requirement:            5.000ns  (clk_i rise@5.000ns - clk_i rise@0.000ns)
  Data Path Delay:        4.738ns  (logic 1.092ns (23.047%)  route 3.646ns (76.953%))
  Logic Levels:           5  (LUT2=1 LUT5=1 LUT6=3)
  Clock Path Skew:        -0.039ns (DCD - SCD + CPR)
    Destination Clock Delay (DCD):    0.748ns = ( 5.748 - 5.000 ) 
    Source Clock Delay      (SCD):    0.787ns
    Clock Pessimism Removal (CPR):    0.000ns
  Clock Uncertainty:      0.035ns  ((TSJ^2 + TIJ^2)^1/2 + DJ) / 2 + PE
    Total System Jitter     (TSJ):    0.071ns
    Total Input Jitter      (TIJ):    0.000ns
    Discrete Jitter          (DJ):    0.000ns
    Phase Error              (PE):    0.000ns

    Location             Delay type                Incr(ns)  Path(ns)    Netlist Resource(s)
  -------------------------------------------------------------------    -------------------
                         (clock clk_i rise edge)      0.000     0.000 r  
                                                      0.000     0.000 r  clk_i (IN)
                         net (fo=2611, unset)         0.787     0.787    u_ecc/u_core/clk_i
    SLICE_X74Y44         FDCE                                         r  u_ecc/u_core/ecc_kpd64_sub_q_reg[1]_rep/C
  -------------------------------------------------------------------    -------------------
    SLICE_X74Y44         FDCE (Prop_fdce_C_Q)         0.379     1.166 f  u_ecc/u_core/ecc_kpd64_sub_q_reg[1]_rep/Q
                         net (fo=107, routed)         1.342     2.508    u_ecc/u_core/ecc_kpd64_sub_q_reg[1]_rep_n_0
    SLICE_X87Y40                                                      f  u_ecc/u_core/i_vec_i_471/I3
    SLICE_X87Y40         LUT5 (Prop_lut5_I3_O)        0.105     2.613 r  u_ecc/u_core/i_vec_i_471/O
                         net (fo=9, routed)           0.853     3.466    u_ecc/u_core/i_vec_i_471_n_0
    SLICE_X83Y41                                                      r  u_ecc/u_core/i_vec_i_810/I1
    SLICE_X83Y41         LUT6 (Prop_lut6_I1_O)        0.105     3.571 r  u_ecc/u_core/i_vec_i_810/O
                         net (fo=1, routed)           0.494     4.065    u_ecc/u_core/i_vec_i_810_n_0
    SLICE_X77Y41                                                      r  u_ecc/u_core/i_vec_i_290/I2
    SLICE_X77Y41         LUT6 (Prop_lut6_I2_O)        0.105     4.170 r  u_ecc/u_core/i_vec_i_290/O
                         net (fo=2, routed)           0.607     4.776    u_ecc/u_core/i_vec/xor0_contribution_packet_i[0][1]
    SLICE_X70Y41                                                      r  u_ecc/u_core/i_vec/xor0_field_packet_o[1]_INST_0/I0
    SLICE_X70Y41         LUT2 (Prop_lut2_I0_O)        0.124     4.900 r  u_ecc/u_core/i_vec/xor0_field_packet_o[1]_INST_0/O
                         net (fo=1, routed)           0.351     5.251    u_ecc/u_core/xor0_field_packet[1]
    SLICE_X70Y41                                                      r  u_ecc/u_core/hdc_src0_q[0][1]_i_1/I4
    SLICE_X70Y41         LUT6 (Prop_lut6_I4_O)        0.274     5.525 r  u_ecc/u_core/hdc_src0_q[0][1]_i_1/O
                         net (fo=1, routed)           0.000     5.525    u_ecc/u_core/hdc_src0_q[0][1]_i_1_n_0
    SLICE_X70Y41         FDCE                                         r  u_ecc/u_core/hdc_src0_q_reg[0][1]/D
  -------------------------------------------------------------------    -------------------

                         (clock clk_i rise edge)      5.000     5.000 r  
                                                      0.000     5.000 r  clk_i (IN)
                         net (fo=2611, unset)         0.748     5.748    u_ecc/u_core/clk_i
    SLICE_X70Y41         FDCE                                         r  u_ecc/u_core/hdc_src0_q_reg[0][1]/C
                         clock pessimism              0.000     5.748    
                         clock uncertainty           -0.035     5.712    
    SLICE_X70Y41         FDCE (Setup_fdce_C_D)        0.032     5.744    u_ecc/u_core/hdc_src0_q_reg[0][1]
  -------------------------------------------------------------------
                         required time                          5.744    
                         arrival time                          -5.525    
  -------------------------------------------------------------------
                         slack                                  0.219    

Slack (MET) :             0.221ns  (required time - arrival time)
  Source:                 u_ecc/u_core/ecc_leaf_path_q_reg[2]/C
                            (rising edge-triggered cell FDCE clocked by clk_i  {rise@0.000ns fall@2.500ns period=5.000ns})
  Destination:            u_ecc/u_core/ecc_leaf_xor_b_q_reg[31]/D
                            (rising edge-triggered cell FDCE clocked by clk_i  {rise@0.000ns fall@2.500ns period=5.000ns})
  Path Group:             clk_i
  Path Type:              Setup (Max at Slow Process Corner)
  Requirement:            5.000ns  (clk_i rise@5.000ns - clk_i rise@0.000ns)
  Data Path Delay:        4.672ns  (logic 1.063ns (22.750%)  route 3.609ns (77.250%))
  Logic Levels:           6  (LUT4=2 LUT5=3 LUT6=1)
  Clock Path Skew:        -0.039ns (DCD - SCD + CPR)
    Destination Clock Delay (DCD):    0.748ns = ( 5.748 - 5.000 ) 
    Source Clock Delay      (SCD):    0.787ns
    Clock Pessimism Removal (CPR):    0.000ns
  Clock Uncertainty:      0.035ns  ((TSJ^2 + TIJ^2)^1/2 + DJ) / 2 + PE
    Total System Jitter     (TSJ):    0.071ns
    Total Input Jitter      (TIJ):    0.000ns
    Discrete Jitter          (DJ):    0.000ns
    Phase Error              (PE):    0.000ns

    Location             Delay type                Incr(ns)  Path(ns)    Netlist Resource(s)
  -------------------------------------------------------------------    -------------------
                         (clock clk_i rise edge)      0.000     0.000 r  
                                                      0.000     0.000 r  clk_i (IN)
                         net (fo=2611, unset)         0.787     0.787    u_ecc/u_core/clk_i
    SLICE_X58Y43         FDCE                                         r  u_ecc/u_core/ecc_leaf_path_q_reg[2]/C
  -------------------------------------------------------------------    -------------------
    SLICE_X58Y43         FDCE (Prop_fdce_C_Q)         0.433     1.220 f  u_ecc/u_core/ecc_leaf_path_q_reg[2]/Q
                         net (fo=111, routed)         0.551     1.771    u_ecc/u_core/path[2]
    SLICE_X57Y43                                                      f  u_ecc/u_core/i_vec_i_304/I3
    SLICE_X57Y43         LUT4 (Prop_lut4_I3_O)        0.105     1.876 r  u_ecc/u_core/i_vec_i_304/O
                         net (fo=112, routed)         0.675     2.551    u_ecc/u_core/i_vec_i_304_n_0
    SLICE_X51Y44                                                      r  u_ecc/u_core/ecc_leaf_xor_a_q[31]_i_13/I4
    SLICE_X51Y44         LUT6 (Prop_lut6_I4_O)        0.105     2.656 r  u_ecc/u_core/ecc_leaf_xor_a_q[31]_i_13/O
                         net (fo=5, routed)           0.269     2.925    u_ecc/u_core/ecc_leaf_xor_a_q[31]_i_13_n_0
    SLICE_X52Y44                                                      r  u_ecc/u_core/ecc_leaf_xor_a_q[31]_i_14/I0
    SLICE_X52Y44         LUT5 (Prop_lut5_I0_O)        0.105     3.030 r  u_ecc/u_core/ecc_leaf_xor_a_q[31]_i_14/O
                         net (fo=125, routed)         0.757     3.787    u_ecc/u_core/ecc_leaf_xor_a_q[31]_i_14_n_0
    SLICE_X50Y43                                                      r  u_ecc/u_core/ecc_leaf_xor_a_q[0]_i_5/I0
    SLICE_X50Y43         LUT5 (Prop_lut5_I0_O)        0.105     3.892 r  u_ecc/u_core/ecc_leaf_xor_a_q[0]_i_5/O
                         net (fo=1, routed)           0.477     4.369    u_ecc/u_core/ecc_leaf_xor_a_q[0]_i_5_n_0
    SLICE_X50Y43                                                      r  u_ecc/u_core/ecc_leaf_xor_a_q[0]_i_2/I1
    SLICE_X50Y43         LUT4 (Prop_lut4_I1_O)        0.105     4.474 r  u_ecc/u_core/ecc_leaf_xor_a_q[0]_i_2/O
                         net (fo=3, routed)           0.460     4.934    u_ecc/u_core/ecc_leaf_xor_a_q[0]_i_2_n_0
    SLICE_X49Y43                                                      r  u_ecc/u_core/ecc_leaf_xor_a_q[0]_i_1/I0
    SLICE_X49Y43         LUT5 (Prop_lut5_I0_O)        0.105     5.039 r  u_ecc/u_core/ecc_leaf_xor_a_q[0]_i_1/O
                         net (fo=2, routed)           0.421     5.459    u_ecc/u_core/word[0]
    SLICE_X45Y43         FDCE                                         r  u_ecc/u_core/ecc_leaf_xor_b_q_reg[31]/D
  -------------------------------------------------------------------    -------------------

                         (clock clk_i rise edge)      5.000     5.000 r  
                                                      0.000     5.000 r  clk_i (IN)
                         net (fo=2611, unset)         0.748     5.748    u_ecc/u_core/clk_i
    SLICE_X45Y43         FDCE                                         r  u_ecc/u_core/ecc_leaf_xor_b_q_reg[31]/C
                         clock pessimism              0.000     5.748    
                         clock uncertainty           -0.035     5.712    
    SLICE_X45Y43         FDCE (Setup_fdce_C_D)       -0.032     5.680    u_ecc/u_core/ecc_leaf_xor_b_q_reg[31]
  -------------------------------------------------------------------
                         required time                          5.680    
                         arrival time                          -5.459    
  -------------------------------------------------------------------
                         slack                                  0.221    

Slack (MET) :             0.221ns  (required time - arrival time)
  Source:                 u_ecc/u_core/ecc_pmul_step_q_reg[0]/C
                            (rising edge-triggered cell FDCE clocked by clk_i  {rise@0.000ns fall@2.500ns period=5.000ns})
  Destination:            u_ecc/u_core/res_q_reg[19]/CE
                            (rising edge-triggered cell FDCE clocked by clk_i  {rise@0.000ns fall@2.500ns period=5.000ns})
  Path Group:             clk_i
  Path Type:              Setup (Max at Slow Process Corner)
  Requirement:            5.000ns  (clk_i rise@5.000ns - clk_i rise@0.000ns)
  Data Path Delay:        4.568ns  (logic 0.904ns (19.789%)  route 3.664ns (80.211%))
  Logic Levels:           5  (LUT3=1 LUT4=1 LUT5=1 LUT6=2)
  Clock Path Skew:        -0.039ns (DCD - SCD + CPR)
    Destination Clock Delay (DCD):    0.748ns = ( 5.748 - 5.000 ) 
    Source Clock Delay      (SCD):    0.787ns
    Clock Pessimism Removal (CPR):    0.000ns
  Clock Uncertainty:      0.035ns  ((TSJ^2 + TIJ^2)^1/2 + DJ) / 2 + PE
    Total System Jitter     (TSJ):    0.071ns
    Total Input Jitter      (TIJ):    0.000ns
    Discrete Jitter          (DJ):    0.000ns
    Phase Error              (PE):    0.000ns

    Location             Delay type                Incr(ns)  Path(ns)    Netlist Resource(s)
  -------------------------------------------------------------------    -------------------
                         (clock clk_i rise edge)      0.000     0.000 r  
                                                      0.000     0.000 r  clk_i (IN)
                         net (fo=2611, unset)         0.787     0.787    u_ecc/u_core/clk_i
    SLICE_X44Y35         FDCE                                         r  u_ecc/u_core/ecc_pmul_step_q_reg[0]/C
  -------------------------------------------------------------------    -------------------
    SLICE_X44Y35         FDCE (Prop_fdce_C_Q)         0.379     1.166 f  u_ecc/u_core/ecc_pmul_step_q_reg[0]/Q
                         net (fo=82, routed)          0.772     1.938    u_ecc/u_core/ecc_pmul_step_q_reg_n_0_[0]
    SLICE_X43Y35                                                      f  u_ecc/u_core/FSM_onehot_st_q[4]_i_23/I0
    SLICE_X43Y35         LUT3 (Prop_lut3_I0_O)        0.105     2.043 r  u_ecc/u_core/FSM_onehot_st_q[4]_i_23/O
                         net (fo=1, routed)           0.643     2.686    u_ecc/u_core/FSM_onehot_st_q[4]_i_23_n_0
    SLICE_X44Y35                                                      r  u_ecc/u_core/FSM_onehot_st_q[4]_i_22/I0
    SLICE_X44Y35         LUT6 (Prop_lut6_I0_O)        0.105     2.791 f  u_ecc/u_core/FSM_onehot_st_q[4]_i_22/O
                         net (fo=1, routed)           0.362     3.153    u_ecc/u_core/FSM_onehot_st_q[4]_i_22_n_0
    SLICE_X43Y35                                                      f  u_ecc/u_core/FSM_onehot_st_q[4]_i_16/I5
    SLICE_X43Y35         LUT6 (Prop_lut6_I5_O)        0.105     3.258 r  u_ecc/u_core/FSM_onehot_st_q[4]_i_16/O
                         net (fo=3, routed)           0.486     3.744    u_ecc/u_core/FSM_onehot_st_q[4]_i_16_n_0
    SLICE_X46Y35                                                      r  u_ecc/u_core/FSM_onehot_st_q[4]_i_7/I0
    SLICE_X46Y35         LUT5 (Prop_lut5_I0_O)        0.105     3.849 r  u_ecc/u_core/FSM_onehot_st_q[4]_i_7/O
                         net (fo=9, routed)           0.684     4.533    u_ecc/u_core/FSM_onehot_st_q[4]_i_7_n_0
    SLICE_X51Y31                                                      r  u_ecc/u_core/res_q[63]_i_1/I1
    SLICE_X51Y31         LUT4 (Prop_lut4_I1_O)        0.105     4.638 r  u_ecc/u_core/res_q[63]_i_1/O
                         net (fo=64, routed)          0.717     5.355    u_ecc/u_core/res_q[63]_i_1_n_0
    SLICE_X58Y32         FDCE                                         r  u_ecc/u_core/res_q_reg[19]/CE
  -------------------------------------------------------------------    -------------------

                         (clock clk_i rise edge)      5.000     5.000 r  
                                                      0.000     5.000 r  clk_i (IN)
                         net (fo=2611, unset)         0.748     5.748    u_ecc/u_core/clk_i
    SLICE_X58Y32         FDCE                                         r  u_ecc/u_core/res_q_reg[19]/C
                         clock pessimism              0.000     5.748    
                         clock uncertainty           -0.035     5.712    
    SLICE_X58Y32         FDCE (Setup_fdce_C_CE)      -0.136     5.576    u_ecc/u_core/res_q_reg[19]
  -------------------------------------------------------------------
                         required time                          5.576    
                         arrival time                          -5.355    
  -------------------------------------------------------------------
                         slack                                  0.221    

Slack (MET) :             0.221ns  (required time - arrival time)
  Source:                 u_ecc/u_core/ecc_pmul_step_q_reg[0]/C
                            (rising edge-triggered cell FDCE clocked by clk_i  {rise@0.000ns fall@2.500ns period=5.000ns})
  Destination:            u_ecc/u_core/res_q_reg[20]/CE
                            (rising edge-triggered cell FDCE clocked by clk_i  {rise@0.000ns fall@2.500ns period=5.000ns})
  Path Group:             clk_i
  Path Type:              Setup (Max at Slow Process Corner)
  Requirement:            5.000ns  (clk_i rise@5.000ns - clk_i rise@0.000ns)
  Data Path Delay:        4.568ns  (logic 0.904ns (19.789%)  route 3.664ns (80.211%))
  Logic Levels:           5  (LUT3=1 LUT4=1 LUT5=1 LUT6=2)
  Clock Path Skew:        -0.039ns (DCD - SCD + CPR)
    Destination Clock Delay (DCD):    0.748ns = ( 5.748 - 5.000 ) 
    Source Clock Delay      (SCD):    0.787ns
    Clock Pessimism Removal (CPR):    0.000ns
  Clock Uncertainty:      0.035ns  ((TSJ^2 + TIJ^2)^1/2 + DJ) / 2 + PE
    Total System Jitter     (TSJ):    0.071ns
    Total Input Jitter      (TIJ):    0.000ns
    Discrete Jitter          (DJ):    0.000ns
    Phase Error              (PE):    0.000ns

    Location             Delay type                Incr(ns)  Path(ns)    Netlist Resource(s)
  -------------------------------------------------------------------    -------------------
                         (clock clk_i rise edge)      0.000     0.000 r  
                                                      0.000     0.000 r  clk_i (IN)
                         net (fo=2611, unset)         0.787     0.787    u_ecc/u_core/clk_i
    SLICE_X44Y35         FDCE                                         r  u_ecc/u_core/ecc_pmul_step_q_reg[0]/C
  -------------------------------------------------------------------    -------------------
    SLICE_X44Y35         FDCE (Prop_fdce_C_Q)         0.379     1.166 f  u_ecc/u_core/ecc_pmul_step_q_reg[0]/Q
                         net (fo=82, routed)          0.772     1.938    u_ecc/u_core/ecc_pmul_step_q_reg_n_0_[0]
    SLICE_X43Y35                                                      f  u_ecc/u_core/FSM_onehot_st_q[4]_i_23/I0
    SLICE_X43Y35         LUT3 (Prop_lut3_I0_O)        0.105     2.043 r  u_ecc/u_core/FSM_onehot_st_q[4]_i_23/O
                         net (fo=1, routed)           0.643     2.686    u_ecc/u_core/FSM_onehot_st_q[4]_i_23_n_0
    SLICE_X44Y35                                                      r  u_ecc/u_core/FSM_onehot_st_q[4]_i_22/I0
    SLICE_X44Y35         LUT6 (Prop_lut6_I0_O)        0.105     2.791 f  u_ecc/u_core/FSM_onehot_st_q[4]_i_22/O
                         net (fo=1, routed)           0.362     3.153    u_ecc/u_core/FSM_onehot_st_q[4]_i_22_n_0
    SLICE_X43Y35                                                      f  u_ecc/u_core/FSM_onehot_st_q[4]_i_16/I5
    SLICE_X43Y35         LUT6 (Prop_lut6_I5_O)        0.105     3.258 r  u_ecc/u_core/FSM_onehot_st_q[4]_i_16/O
                         net (fo=3, routed)           0.486     3.744    u_ecc/u_core/FSM_onehot_st_q[4]_i_16_n_0
    SLICE_X46Y35                                                      r  u_ecc/u_core/FSM_onehot_st_q[4]_i_7/I0
    SLICE_X46Y35         LUT5 (Prop_lut5_I0_O)        0.105     3.849 r  u_ecc/u_core/FSM_onehot_st_q[4]_i_7/O
                         net (fo=9, routed)           0.684     4.533    u_ecc/u_core/FSM_onehot_st_q[4]_i_7_n_0
    SLICE_X51Y31                                                      r  u_ecc/u_core/res_q[63]_i_1/I1
    SLICE_X51Y31         LUT4 (Prop_lut4_I1_O)        0.105     4.638 r  u_ecc/u_core/res_q[63]_i_1/O
                         net (fo=64, routed)          0.717     5.355    u_ecc/u_core/res_q[63]_i_1_n_0
    SLICE_X58Y32         FDCE                                         r  u_ecc/u_core/res_q_reg[20]/CE
  -------------------------------------------------------------------    -------------------

                         (clock clk_i rise edge)      5.000     5.000 r  
                                                      0.000     5.000 r  clk_i (IN)
                         net (fo=2611, unset)         0.748     5.748    u_ecc/u_core/clk_i
    SLICE_X58Y32         FDCE                                         r  u_ecc/u_core/res_q_reg[20]/C
                         clock pessimism              0.000     5.748    
                         clock uncertainty           -0.035     5.712    
    SLICE_X58Y32         FDCE (Setup_fdce_C_CE)      -0.136     5.576    u_ecc/u_core/res_q_reg[20]
  -------------------------------------------------------------------
                         required time                          5.576    
                         arrival time                          -5.355    
  -------------------------------------------------------------------
                         slack                                  0.221    

Slack (MET) :             0.221ns  (required time - arrival time)
  Source:                 u_ecc/u_core/ecc_leaf_path_q_reg[2]/C
                            (rising edge-triggered cell FDCE clocked by clk_i  {rise@0.000ns fall@2.500ns period=5.000ns})
  Destination:            u_ecc/u_core/ecc_leaf_xor_a_q_reg[16]/D
                            (rising edge-triggered cell FDCE clocked by clk_i  {rise@0.000ns fall@2.500ns period=5.000ns})
  Path Group:             clk_i
  Path Type:              Setup (Max at Slow Process Corner)
  Requirement:            5.000ns  (clk_i rise@5.000ns - clk_i rise@0.000ns)
  Data Path Delay:        4.665ns  (logic 1.063ns (22.787%)  route 3.602ns (77.213%))
  Logic Levels:           6  (LUT4=3 LUT5=2 LUT6=1)
  Clock Path Skew:        -0.039ns (DCD - SCD + CPR)
    Destination Clock Delay (DCD):    0.748ns = ( 5.748 - 5.000 ) 
    Source Clock Delay      (SCD):    0.787ns
    Clock Pessimism Removal (CPR):    0.000ns
  Clock Uncertainty:      0.035ns  ((TSJ^2 + TIJ^2)^1/2 + DJ) / 2 + PE
    Total System Jitter     (TSJ):    0.071ns
    Total Input Jitter      (TIJ):    0.000ns
    Discrete Jitter          (DJ):    0.000ns
    Phase Error              (PE):    0.000ns

    Location             Delay type                Incr(ns)  Path(ns)    Netlist Resource(s)
  -------------------------------------------------------------------    -------------------
                         (clock clk_i rise edge)      0.000     0.000 r  
                                                      0.000     0.000 r  clk_i (IN)
                         net (fo=2611, unset)         0.787     0.787    u_ecc/u_core/clk_i
    SLICE_X58Y43         FDCE                                         r  u_ecc/u_core/ecc_leaf_path_q_reg[2]/C
  -------------------------------------------------------------------    -------------------
    SLICE_X58Y43         FDCE (Prop_fdce_C_Q)         0.433     1.220 f  u_ecc/u_core/ecc_leaf_path_q_reg[2]/Q
                         net (fo=111, routed)         0.551     1.771    u_ecc/u_core/path[2]
    SLICE_X57Y43                                                      f  u_ecc/u_core/i_vec_i_304/I3
    SLICE_X57Y43         LUT4 (Prop_lut4_I3_O)        0.105     1.876 r  u_ecc/u_core/i_vec_i_304/O
                         net (fo=112, routed)         0.675     2.551    u_ecc/u_core/i_vec_i_304_n_0
    SLICE_X51Y44                                                      r  u_ecc/u_core/ecc_leaf_xor_a_q[31]_i_13/I4
    SLICE_X51Y44         LUT6 (Prop_lut6_I4_O)        0.105     2.656 r  u_ecc/u_core/ecc_leaf_xor_a_q[31]_i_13/O
                         net (fo=5, routed)           0.267     2.923    u_ecc/u_core/ecc_leaf_xor_a_q[31]_i_13_n_0
    SLICE_X52Y44                                                      r  u_ecc/u_core/ecc_leaf_xor_a_q[31]_i_15/I0
    SLICE_X52Y44         LUT4 (Prop_lut4_I0_O)        0.105     3.028 r  u_ecc/u_core/ecc_leaf_xor_a_q[31]_i_15/O
                         net (fo=128, routed)         0.618     3.646    u_ecc/u_core/ecc_leaf_xor_a_q[31]_i_15_n_0
    SLICE_X51Y44                                                      r  u_ecc/u_core/ecc_leaf_xor_a_q[16]_i_6/I2
    SLICE_X51Y44         LUT5 (Prop_lut5_I2_O)        0.105     3.751 r  u_ecc/u_core/ecc_leaf_xor_a_q[16]_i_6/O
                         net (fo=1, routed)           0.587     4.338    u_ecc/u_core/ecc_leaf_xor_a_q[16]_i_6_n_0
    SLICE_X49Y45                                                      r  u_ecc/u_core/ecc_leaf_xor_a_q[16]_i_2/I2
    SLICE_X49Y45         LUT4 (Prop_lut4_I2_O)        0.105     4.443 r  u_ecc/u_core/ecc_leaf_xor_a_q[16]_i_2/O
                         net (fo=3, routed)           0.621     5.063    u_ecc/u_core/ecc_leaf_xor_a_q[16]_i_2_n_0
    SLICE_X46Y41                                                      r  u_ecc/u_core/ecc_leaf_xor_a_q[16]_i_1/I0
    SLICE_X46Y41         LUT5 (Prop_lut5_I0_O)        0.105     5.168 r  u_ecc/u_core/ecc_leaf_xor_a_q[16]_i_1/O
                         net (fo=2, routed)           0.284     5.452    u_ecc/u_core/word[16]
    SLICE_X49Y41         FDCE                                         r  u_ecc/u_core/ecc_leaf_xor_a_q_reg[16]/D
  -------------------------------------------------------------------    -------------------

                         (clock clk_i rise edge)      5.000     5.000 r  
                                                      0.000     5.000 r  clk_i (IN)
                         net (fo=2611, unset)         0.748     5.748    u_ecc/u_core/clk_i
    SLICE_X49Y41         FDCE                                         r  u_ecc/u_core/ecc_leaf_xor_a_q_reg[16]/C
                         clock pessimism              0.000     5.748    
                         clock uncertainty           -0.035     5.712    
    SLICE_X49Y41         FDCE (Setup_fdce_C_D)       -0.039     5.673    u_ecc/u_core/ecc_leaf_xor_a_q_reg[16]
  -------------------------------------------------------------------
                         required time                          5.673    
                         arrival time                          -5.452    
  -------------------------------------------------------------------
                         slack                                  0.221    

Slack (MET) :             0.223ns  (required time - arrival time)
  Source:                 u_ecc/u_core/ecc_pmul_subop_q_reg[0]/C
                            (rising edge-triggered cell FDCE clocked by clk_i  {rise@0.000ns fall@2.500ns period=5.000ns})
  Destination:            u_ecc/u_core/hdc_src0_q_reg[2][44]/CE
                            (rising edge-triggered cell FDCE clocked by clk_i  {rise@0.000ns fall@2.500ns period=5.000ns})
  Path Group:             clk_i
  Path Type:              Setup (Max at Slow Process Corner)
  Requirement:            5.000ns  (clk_i rise@5.000ns - clk_i rise@0.000ns)
  Data Path Delay:        4.535ns  (logic 1.137ns (25.073%)  route 3.398ns (74.927%))
  Logic Levels:           5  (LUT2=1 LUT3=1 LUT6=3)
  Clock Path Skew:        -0.039ns (DCD - SCD + CPR)
    Destination Clock Delay (DCD):    0.748ns = ( 5.748 - 5.000 ) 
    Source Clock Delay      (SCD):    0.787ns
    Clock Pessimism Removal (CPR):    0.000ns
  Clock Uncertainty:      0.035ns  ((TSJ^2 + TIJ^2)^1/2 + DJ) / 2 + PE
    Total System Jitter     (TSJ):    0.071ns
    Total Input Jitter      (TIJ):    0.000ns
    Discrete Jitter          (DJ):    0.000ns
    Phase Error              (PE):    0.000ns

    Location             Delay type                Incr(ns)  Path(ns)    Netlist Resource(s)
  -------------------------------------------------------------------    -------------------
                         (clock clk_i rise edge)      0.000     0.000 r  
                                                      0.000     0.000 r  clk_i (IN)
                         net (fo=2611, unset)         0.787     0.787    u_ecc/u_core/clk_i
    SLICE_X46Y34         FDCE                                         r  u_ecc/u_core/ecc_pmul_subop_q_reg[0]/C
  -------------------------------------------------------------------    -------------------
    SLICE_X46Y34         FDCE (Prop_fdce_C_Q)         0.433     1.220 r  u_ecc/u_core/ecc_pmul_subop_q_reg[0]/Q
                         net (fo=60, routed)          0.606     1.826    u_ecc/u_core/subop[0]
    SLICE_X46Y35                                                      r  u_ecc/u_core/ecc_sqr_repeat_q[6]_i_11/I0
    SLICE_X46Y35         LUT3 (Prop_lut3_I0_O)        0.125     1.951 r  u_ecc/u_core/ecc_sqr_repeat_q[6]_i_11/O
                         net (fo=6, routed)           0.426     2.377    u_ecc/u_core/ecc_sqr_repeat_q[6]_i_11_n_0
    SLICE_X46Y36                                                      r  u_ecc/u_core/ecc_leaf_xor_a_q[31]_i_5/I0
    SLICE_X46Y36         LUT6 (Prop_lut6_I0_O)        0.264     2.641 f  u_ecc/u_core/ecc_leaf_xor_a_q[31]_i_5/O
                         net (fo=15, routed)          0.272     2.913    u_ecc/u_core/ecc_leaf_xor_a_q[31]_i_5_n_0
    SLICE_X47Y36                                                      f  u_ecc/u_core/hdc_src0_q[3][63]_i_6/I5
    SLICE_X47Y36         LUT6 (Prop_lut6_I5_O)        0.105     3.018 r  u_ecc/u_core/hdc_src0_q[3][63]_i_6/O
                         net (fo=1, routed)           0.258     3.276    u_ecc/u_core/hdc_src0_q[3][63]_i_6_n_0
    SLICE_X47Y37                                                      r  u_ecc/u_core/hdc_src0_q[3][63]_i_3/I5
    SLICE_X47Y37         LUT6 (Prop_lut6_I5_O)        0.105     3.381 r  u_ecc/u_core/hdc_src0_q[3][63]_i_3/O
                         net (fo=4, routed)           0.820     4.201    u_ecc/u_core/hdc_src0_q[3][63]_i_3_n_0
    SLICE_X63Y36                                                      r  u_ecc/u_core/hdc_src0_q[3][63]_i_1/I0
    SLICE_X63Y36         LUT2 (Prop_lut2_I0_O)        0.105     4.306 r  u_ecc/u_core/hdc_src0_q[3][63]_i_1/O
                         net (fo=116, routed)         1.016     5.322    u_ecc/u_core/hdc_src0_q
    SLICE_X76Y36         FDCE                                         r  u_ecc/u_core/hdc_src0_q_reg[2][44]/CE
  -------------------------------------------------------------------    -------------------

                         (clock clk_i rise edge)      5.000     5.000 r  
                                                      0.000     5.000 r  clk_i (IN)
                         net (fo=2611, unset)         0.748     5.748    u_ecc/u_core/clk_i
    SLICE_X76Y36         FDCE                                         r  u_ecc/u_core/hdc_src0_q_reg[2][44]/C
                         clock pessimism              0.000     5.748    
                         clock uncertainty           -0.035     5.712    
    SLICE_X76Y36         FDCE (Setup_fdce_C_CE)      -0.168     5.544    u_ecc/u_core/hdc_src0_q_reg[2][44]
  -------------------------------------------------------------------
                         required time                          5.544    
                         arrival time                          -5.322    
  -------------------------------------------------------------------
                         slack                                  0.223    

Slack (MET) :             0.223ns  (required time - arrival time)
  Source:                 u_hdc/u_core/i_vec/popcount_part_q_reg[2][1][0]/C
                            (rising edge-triggered cell FDCE clocked by clk_i  {rise@0.000ns fall@2.500ns period=5.000ns})
  Destination:            u_hdc/u_core/group_dist_q_reg[7]/D
                            (rising edge-triggered cell FDCE clocked by clk_i  {rise@0.000ns fall@2.500ns period=5.000ns})
  Path Group:             clk_i
  Path Type:              Setup (Max at Slow Process Corner)
  Requirement:            5.000ns  (clk_i rise@5.000ns - clk_i rise@0.000ns)
  Data Path Delay:        4.762ns  (logic 2.101ns (44.125%)  route 2.661ns (55.875%))
  Logic Levels:           6  (CARRY4=3 LUT3=2 LUT5=1)
  Clock Path Skew:        -0.039ns (DCD - SCD + CPR)
    Destination Clock Delay (DCD):    0.748ns = ( 5.748 - 5.000 ) 
    Source Clock Delay      (SCD):    0.787ns
    Clock Pessimism Removal (CPR):    0.000ns
  Clock Uncertainty:      0.035ns  ((TSJ^2 + TIJ^2)^1/2 + DJ) / 2 + PE
    Total System Jitter     (TSJ):    0.071ns
    Total Input Jitter      (TIJ):    0.000ns
    Discrete Jitter          (DJ):    0.000ns
    Phase Error              (PE):    0.000ns

    Location             Delay type                Incr(ns)  Path(ns)    Netlist Resource(s)
  -------------------------------------------------------------------    -------------------
                         (clock clk_i rise edge)      0.000     0.000 r  
                                                      0.000     0.000 r  clk_i (IN)
                         net (fo=2611, unset)         0.787     0.787    u_hdc/u_core/i_vec/clk_i
    SLICE_X80Y15         FDCE                                         r  u_hdc/u_core/i_vec/popcount_part_q_reg[2][1][0]/C
  -------------------------------------------------------------------    -------------------
    SLICE_X80Y15         FDCE (Prop_fdce_C_Q)         0.379     1.166 r  u_hdc/u_core/i_vec/popcount_part_q_reg[2][1][0]/Q
                         net (fo=3, routed)           0.485     1.651    u_hdc/u_core/vec_popcount_q[2][1][0]
    SLICE_X80Y14                                                      r  u_hdc/u_core/group_dist_q[7]_i_28/I0
    SLICE_X80Y14         LUT3 (Prop_lut3_I0_O)        0.105     1.756 r  u_hdc/u_core/group_dist_q[7]_i_28/O
                         net (fo=1, routed)           0.378     2.134    u_hdc/u_core/group_dist_q[7]_i_28_n_0
    SLICE_X79Y14                                                      r  u_hdc/u_core/group_dist_q_reg[7]_i_12/DI[1]
    SLICE_X79Y14         CARRY4 (Prop_carry4_DI[1]_CO[3])
                                                      0.418     2.552 r  u_hdc/u_core/group_dist_q_reg[7]_i_12/CO[3]
                         net (fo=1, routed)           0.000     2.552    u_hdc/u_core/group_dist_q_reg[7]_i_12_n_0
    SLICE_X79Y15                                                      r  u_hdc/u_core/group_dist_q_reg[8]_i_3/CI
    SLICE_X79Y15         CARRY4 (Prop_carry4_CI_O[0])
                                                      0.180     2.732 r  u_hdc/u_core/group_dist_q_reg[8]_i_3/O[0]
                         net (fo=4, routed)           1.082     3.814    u_hdc/u_core/group_dist_q_reg[8]_i_3_n_7
    SLICE_X61Y13                                                      r  u_hdc/u_core/group_dist_q[7]_i_13/I1
    SLICE_X61Y13         LUT3 (Prop_lut3_I1_O)        0.249     4.063 r  u_hdc/u_core/group_dist_q[7]_i_13/O
                         net (fo=1, routed)           0.317     4.380    u_hdc/u_core/group_dist_q[7]_i_13_n_0
    SLICE_X61Y13                                                      r  u_hdc/u_core/group_dist_q[7]_i_4/I3
    SLICE_X61Y13         LUT5 (Prop_lut5_I3_O)        0.108     4.488 r  u_hdc/u_core/group_dist_q[7]_i_4/O
                         net (fo=1, routed)           0.398     4.887    u_hdc/u_core/group_dist_q[7]_i_4_n_0
    SLICE_X60Y12                                                      r  u_hdc/u_core/group_dist_q_reg[7]_i_1/DI[1]
    SLICE_X60Y12         CARRY4 (Prop_carry4_DI[1]_O[3])
                                                      0.662     5.549 r  u_hdc/u_core/group_dist_q_reg[7]_i_1/O[3]
                         net (fo=1, routed)           0.000     5.549    u_hdc/u_core/group_dist_sum[7]
    SLICE_X60Y12         FDCE                                         r  u_hdc/u_core/group_dist_q_reg[7]/D
  -------------------------------------------------------------------    -------------------

                         (clock clk_i rise edge)      5.000     5.000 r  
                                                      0.000     5.000 r  clk_i (IN)
                         net (fo=2611, unset)         0.748     5.748    u_hdc/u_core/clk_i
    SLICE_X60Y12         FDCE                                         r  u_hdc/u_core/group_dist_q_reg[7]/C
                         clock pessimism              0.000     5.748    
                         clock uncertainty           -0.035     5.712    
    SLICE_X60Y12         FDCE (Setup_fdce_C_D)        0.059     5.771    u_hdc/u_core/group_dist_q_reg[7]
  -------------------------------------------------------------------
                         required time                          5.771    
                         arrival time                          -5.549    
  -------------------------------------------------------------------
                         slack                                  0.223    

Slack (MET) :             0.227ns  (required time - arrival time)
  Source:                 u_ecc/u_core/ecc_leaf_prod_q_reg[24]/C
                            (rising edge-triggered cell FDCE clocked by clk_i  {rise@0.000ns fall@2.500ns period=5.000ns})
  Destination:            u_ecc/u_core/hdc_src0_q_reg[1][42]/D
                            (rising edge-triggered cell FDCE clocked by clk_i  {rise@0.000ns fall@2.500ns period=5.000ns})
  Path Group:             clk_i
  Path Type:              Setup (Max at Slow Process Corner)
  Requirement:            5.000ns  (clk_i rise@5.000ns - clk_i rise@0.000ns)
  Data Path Delay:        4.728ns  (logic 1.182ns (25.000%)  route 3.546ns (75.000%))
  Logic Levels:           5  (LUT2=1 LUT4=1 LUT5=1 LUT6=2)
  Clock Path Skew:        -0.039ns (DCD - SCD + CPR)
    Destination Clock Delay (DCD):    0.748ns = ( 5.748 - 5.000 ) 
    Source Clock Delay      (SCD):    0.787ns
    Clock Pessimism Removal (CPR):    0.000ns
  Clock Uncertainty:      0.035ns  ((TSJ^2 + TIJ^2)^1/2 + DJ) / 2 + PE
    Total System Jitter     (TSJ):    0.071ns
    Total Input Jitter      (TIJ):    0.000ns
    Discrete Jitter          (DJ):    0.000ns
    Phase Error              (PE):    0.000ns

    Location             Delay type                Incr(ns)  Path(ns)    Netlist Resource(s)
  -------------------------------------------------------------------    -------------------
                         (clock clk_i rise edge)      0.000     0.000 r  
                                                      0.000     0.000 r  clk_i (IN)
                         net (fo=2611, unset)         0.787     0.787    u_ecc/u_core/clk_i
    SLICE_X71Y46         FDCE                                         r  u_ecc/u_core/ecc_leaf_prod_q_reg[24]/C
  -------------------------------------------------------------------    -------------------
    SLICE_X71Y46         FDCE (Prop_fdce_C_Q)         0.348     1.135 r  u_ecc/u_core/ecc_leaf_prod_q_reg[24]/Q
                         net (fo=12, routed)          0.979     2.114    u_ecc/u_core/p_0_in30_in[56]
    SLICE_X77Y44                                                      r  u_ecc/u_core/i_vec_i_478/I0
    SLICE_X77Y44         LUT5 (Prop_lut5_I0_O)        0.252     2.366 r  u_ecc/u_core/i_vec_i_478/O
                         net (fo=8, routed)           0.851     3.217    u_ecc/u_core/i_vec_i_478_n_0
    SLICE_X80Y46                                                      r  u_ecc/u_core/i_vec_i_414/I3
    SLICE_X80Y46         LUT4 (Prop_lut4_I3_O)        0.267     3.484 r  u_ecc/u_core/i_vec_i_414/O
                         net (fo=3, routed)           0.656     4.140    u_ecc/u_core/i_vec_i_414_n_0
    SLICE_X80Y40                                                      r  u_ecc/u_core/i_vec_i_185/I3
    SLICE_X80Y40         LUT6 (Prop_lut6_I3_O)        0.105     4.245 r  u_ecc/u_core/i_vec_i_185/O
                         net (fo=2, routed)           0.710     4.956    u_ecc/u_core/i_vec/xor0_contribution_packet_i[1][42]
    SLICE_X79Y37                                                      r  u_ecc/u_core/i_vec/xor0_field_packet_o[106]_INST_0/I0
    SLICE_X79Y37         LUT2 (Prop_lut2_I0_O)        0.105     5.061 r  u_ecc/u_core/i_vec/xor0_field_packet_o[106]_INST_0/O
                         net (fo=1, routed)           0.349     5.410    u_ecc/u_core/xor0_field_packet[106]
    SLICE_X79Y38                                                      r  u_ecc/u_core/hdc_src0_q[1][42]_i_1/I4
    SLICE_X79Y38         LUT6 (Prop_lut6_I4_O)        0.105     5.515 r  u_ecc/u_core/hdc_src0_q[1][42]_i_1/O
                         net (fo=1, routed)           0.000     5.515    u_ecc/u_core/hdc_src0_q[1][42]_i_1_n_0
    SLICE_X79Y38         FDCE                                         r  u_ecc/u_core/hdc_src0_q_reg[1][42]/D
  -------------------------------------------------------------------    -------------------

                         (clock clk_i rise edge)      5.000     5.000 r  
                                                      0.000     5.000 r  clk_i (IN)
                         net (fo=2611, unset)         0.748     5.748    u_ecc/u_core/clk_i
    SLICE_X79Y38         FDCE                                         r  u_ecc/u_core/hdc_src0_q_reg[1][42]/C
                         clock pessimism              0.000     5.748    
                         clock uncertainty           -0.035     5.712    
    SLICE_X79Y38         FDCE (Setup_fdce_C_D)        0.030     5.742    u_ecc/u_core/hdc_src0_q_reg[1][42]
  -------------------------------------------------------------------
                         required time                          5.742    
                         arrival time                          -5.515    
  -------------------------------------------------------------------
                         slack                                  0.227    

Slack (MET) :             0.228ns  (required time - arrival time)
  Source:                 u_hdc/u_core/i_vrf/gen_bank[2].vrf_mem_reg/CLKARDCLK
                            (rising edge-triggered cell RAMB36E1 clocked by clk_i  {rise@0.000ns fall@2.500ns period=5.000ns})
  Destination:            u_hdc/u_core/i_vec/payload_q_reg[2][8]/D
                            (rising edge-triggered cell FDCE clocked by clk_i  {rise@0.000ns fall@2.500ns period=5.000ns})
  Path Group:             clk_i
  Path Type:              Setup (Max at Slow Process Corner)
  Requirement:            5.000ns  (clk_i rise@5.000ns - clk_i rise@0.000ns)
  Data Path Delay:        4.727ns  (logic 2.440ns (51.616%)  route 2.287ns (48.384%))
  Logic Levels:           3  (LUT2=1 LUT5=1 LUT6=1)
  Clock Path Skew:        -0.039ns (DCD - SCD + CPR)
    Destination Clock Delay (DCD):    0.748ns = ( 5.748 - 5.000 ) 
    Source Clock Delay      (SCD):    0.787ns
    Clock Pessimism Removal (CPR):    0.000ns
  Clock Uncertainty:      0.035ns  ((TSJ^2 + TIJ^2)^1/2 + DJ) / 2 + PE
    Total System Jitter     (TSJ):    0.071ns
    Total Input Jitter      (TIJ):    0.000ns
    Discrete Jitter          (DJ):    0.000ns
    Phase Error              (PE):    0.000ns

    Location             Delay type                Incr(ns)  Path(ns)    Netlist Resource(s)
  -------------------------------------------------------------------    -------------------
                         (clock clk_i rise edge)      0.000     0.000 r  
                                                      0.000     0.000 r  clk_i (IN)
                         net (fo=2611, unset)         0.787     0.787    u_hdc/u_core/i_vrf/clk_i
    RAMB36_X3Y2          RAMB36E1                                     r  u_hdc/u_core/i_vrf/gen_bank[2].vrf_mem_reg/CLKARDCLK
  -------------------------------------------------------------------    -------------------
    RAMB36_X3Y2          RAMB36E1 (Prop_ramb36e1_CLKARDCLK_DOADO[8])
                                                      2.125     2.912 r  u_hdc/u_core/i_vrf/gen_bank[2].vrf_mem_reg/DOADO[8]
                         net (fo=2, routed)           1.332     4.244    u_hdc/u_core/i_vec/i_gf2_contribution_row_tile/matrix_src_b_i[4][8]
    SLICE_X91Y12                                                      r  u_hdc/u_core/i_vec/i_gf2_contribution_row_tile/matrix_product_o[4][8]_INST_0/I1
    SLICE_X91Y12         LUT2 (Prop_lut2_I1_O)        0.105     4.349 r  u_hdc/u_core/i_vec/i_gf2_contribution_row_tile/matrix_product_o[4][8]_INST_0/O
                         net (fo=1, routed)           0.531     4.880    u_hdc/u_core/i_vec/tile_product_word[2][8]
    SLICE_X90Y12                                                      r  u_hdc/u_core/i_vec/payload_q[2][8]_i_2/I0
    SLICE_X90Y12         LUT5 (Prop_lut5_I0_O)        0.105     4.985 r  u_hdc/u_core/i_vec/payload_q[2][8]_i_2/O
                         net (fo=1, routed)           0.424     5.409    u_hdc/u_core/i_vec/payload_q[2][8]_i_2_n_0
    SLICE_X87Y12                                                      r  u_hdc/u_core/i_vec/payload_q[2][8]_i_1/I5
    SLICE_X87Y12         LUT6 (Prop_lut6_I5_O)        0.105     5.514 r  u_hdc/u_core/i_vec/payload_q[2][8]_i_1/O
                         net (fo=1, routed)           0.000     5.514    u_hdc/u_core/i_vec/payload_q[2][8]_i_1_n_0
    SLICE_X87Y12         FDCE                                         r  u_hdc/u_core/i_vec/payload_q_reg[2][8]/D
  -------------------------------------------------------------------    -------------------

                         (clock clk_i rise edge)      5.000     5.000 r  
                                                      0.000     5.000 r  clk_i (IN)
                         net (fo=2611, unset)         0.748     5.748    u_hdc/u_core/i_vec/clk_i
    SLICE_X87Y12         FDCE                                         r  u_hdc/u_core/i_vec/payload_q_reg[2][8]/C
                         clock pessimism              0.000     5.748    
                         clock uncertainty           -0.035     5.712    
    SLICE_X87Y12         FDCE (Setup_fdce_C_D)        0.030     5.742    u_hdc/u_core/i_vec/payload_q_reg[2][8]
  -------------------------------------------------------------------
                         required time                          5.742    
                         arrival time                          -5.514    
  -------------------------------------------------------------------
                         slack                                  0.228    

Slack (MET) :             0.229ns  (required time - arrival time)
  Source:                 u_ecc/u_core/ecc_leaf_prod_q_reg[28]/C
                            (rising edge-triggered cell FDCE clocked by clk_i  {rise@0.000ns fall@2.500ns period=5.000ns})
  Destination:            u_ecc/u_core/hdc_src0_q_reg[2][13]/D
                            (rising edge-triggered cell FDCE clocked by clk_i  {rise@0.000ns fall@2.500ns period=5.000ns})
  Path Group:             clk_i
  Path Type:              Setup (Max at Slow Process Corner)
  Requirement:            5.000ns  (clk_i rise@5.000ns - clk_i rise@0.000ns)
  Data Path Delay:        4.726ns  (logic 1.115ns (23.591%)  route 3.611ns (76.409%))
  Logic Levels:           6  (LUT2=1 LUT5=1 LUT6=4)
  Clock Path Skew:        -0.039ns (DCD - SCD + CPR)
    Destination Clock Delay (DCD):    0.748ns = ( 5.748 - 5.000 ) 
    Source Clock Delay      (SCD):    0.787ns
    Clock Pessimism Removal (CPR):    0.000ns
  Clock Uncertainty:      0.035ns  ((TSJ^2 + TIJ^2)^1/2 + DJ) / 2 + PE
    Total System Jitter     (TSJ):    0.071ns
    Total Input Jitter      (TIJ):    0.000ns
    Discrete Jitter          (DJ):    0.000ns
    Phase Error              (PE):    0.000ns

    Location             Delay type                Incr(ns)  Path(ns)    Netlist Resource(s)
  -------------------------------------------------------------------    -------------------
                         (clock clk_i rise edge)      0.000     0.000 r  
                                                      0.000     0.000 r  clk_i (IN)
                         net (fo=2611, unset)         0.787     0.787    u_ecc/u_core/clk_i
    SLICE_X85Y46         FDCE                                         r  u_ecc/u_core/ecc_leaf_prod_q_reg[28]/C
  -------------------------------------------------------------------    -------------------
    SLICE_X85Y46         FDCE (Prop_fdce_C_Q)         0.348     1.135 r  u_ecc/u_core/ecc_leaf_prod_q_reg[28]/Q
                         net (fo=12, routed)          1.046     2.181    u_ecc/u_core/p_0_in30_in[60]
    SLICE_X72Y46                                                      r  u_ecc/u_core/i_vec_i_830/I3
    SLICE_X72Y46         LUT6 (Prop_lut6_I3_O)        0.242     2.423 r  u_ecc/u_core/i_vec_i_830/O
                         net (fo=8, routed)           0.901     3.325    u_ecc/u_core/i_vec_i_830_n_0
    SLICE_X83Y48                                                      r  u_ecc/u_core/i_vec_i_718/I0
    SLICE_X83Y48         LUT6 (Prop_lut6_I0_O)        0.105     3.430 r  u_ecc/u_core/i_vec_i_718/O
                         net (fo=2, routed)           0.411     3.840    u_ecc/u_core/i_vec_i_718_n_0
    SLICE_X81Y49                                                      r  u_ecc/u_core/i_vec_i_551/I4
    SLICE_X81Y49         LUT5 (Prop_lut5_I4_O)        0.105     3.945 r  u_ecc/u_core/i_vec_i_551/O
                         net (fo=1, routed)           0.384     4.329    u_ecc/u_core/i_vec_i_551_n_0
    SLICE_X71Y49                                                      r  u_ecc/u_core/i_vec_i_150/I2
    SLICE_X71Y49         LUT6 (Prop_lut6_I2_O)        0.105     4.434 r  u_ecc/u_core/i_vec_i_150/O
                         net (fo=2, routed)           0.556     4.990    u_ecc/u_core/i_vec/xor0_contribution_packet_i[2][13]
    SLICE_X67Y50                                                      r  u_ecc/u_core/i_vec/xor0_field_packet_o[141]_INST_0/I0
    SLICE_X67Y50         LUT2 (Prop_lut2_I0_O)        0.105     5.095 r  u_ecc/u_core/i_vec/xor0_field_packet_o[141]_INST_0/O
                         net (fo=1, routed)           0.313     5.408    u_ecc/u_core/xor0_field_packet[141]
    SLICE_X67Y50                                                      r  u_ecc/u_core/hdc_src0_q[2][13]_i_1/I4
    SLICE_X67Y50         LUT6 (Prop_lut6_I4_O)        0.105     5.513 r  u_ecc/u_core/hdc_src0_q[2][13]_i_1/O
                         net (fo=1, routed)           0.000     5.513    u_ecc/u_core/hdc_src0_q[2][13]_i_1_n_0
    SLICE_X67Y50         FDCE                                         r  u_ecc/u_core/hdc_src0_q_reg[2][13]/D
  -------------------------------------------------------------------    -------------------

                         (clock clk_i rise edge)      5.000     5.000 r  
                                                      0.000     5.000 r  clk_i (IN)
                         net (fo=2611, unset)         0.748     5.748    u_ecc/u_core/clk_i
    SLICE_X67Y50         FDCE                                         r  u_ecc/u_core/hdc_src0_q_reg[2][13]/C
                         clock pessimism              0.000     5.748    
                         clock uncertainty           -0.035     5.712    
    SLICE_X67Y50         FDCE (Setup_fdce_C_D)        0.030     5.742    u_ecc/u_core/hdc_src0_q_reg[2][13]
  -------------------------------------------------------------------
                         required time                          5.742    
                         arrival time                          -5.513    
  -------------------------------------------------------------------
                         slack                                  0.229    

Slack (MET) :             0.229ns  (required time - arrival time)
  Source:                 u_hdc/u_core/hperm_lane_base_q_reg[0]/C
                            (rising edge-triggered cell FDCE clocked by clk_i  {rise@0.000ns fall@2.500ns period=5.000ns})
  Destination:            u_hdc/u_core/hperm_stage_q_reg[7]/D
                            (rising edge-triggered cell FDCE clocked by clk_i  {rise@0.000ns fall@2.500ns period=5.000ns})
  Path Group:             clk_i
  Path Type:              Setup (Max at Slow Process Corner)
  Requirement:            5.000ns  (clk_i rise@5.000ns - clk_i rise@0.000ns)
  Data Path Delay:        4.729ns  (logic 1.091ns (23.070%)  route 3.638ns (76.930%))
  Logic Levels:           5  (LUT4=2 LUT5=2 LUT6=1)
  Clock Path Skew:        -0.039ns (DCD - SCD + CPR)
    Destination Clock Delay (DCD):    0.748ns = ( 5.748 - 5.000 ) 
    Source Clock Delay      (SCD):    0.787ns
    Clock Pessimism Removal (CPR):    0.000ns
  Clock Uncertainty:      0.035ns  ((TSJ^2 + TIJ^2)^1/2 + DJ) / 2 + PE
    Total System Jitter     (TSJ):    0.071ns
    Total Input Jitter      (TIJ):    0.000ns
    Discrete Jitter          (DJ):    0.000ns
    Phase Error              (PE):    0.000ns

    Location             Delay type                Incr(ns)  Path(ns)    Netlist Resource(s)
  -------------------------------------------------------------------    -------------------
                         (clock clk_i rise edge)      0.000     0.000 r  
                                                      0.000     0.000 r  clk_i (IN)
                         net (fo=2611, unset)         0.787     0.787    u_hdc/u_core/clk_i
    SLICE_X65Y12         FDCE                                         r  u_hdc/u_core/hperm_lane_base_q_reg[0]/C
  -------------------------------------------------------------------    -------------------
    SLICE_X65Y12         FDCE (Prop_fdce_C_Q)         0.379     1.166 r  u_hdc/u_core/hperm_lane_base_q_reg[0]/Q
                         net (fo=7, routed)           0.564     1.730    u_hdc/u_core/hperm_lane_base_q[0]
    SLICE_X65Y12                                                      r  u_hdc/u_core/hperm_stage_q[70]_i_24/I0
    SLICE_X65Y12         LUT4 (Prop_lut4_I0_O)        0.105     1.835 f  u_hdc/u_core/hperm_stage_q[70]_i_24/O
                         net (fo=129, routed)         0.753     2.588    u_hdc/u_core/hperm_stage_q[70]_i_24_n_0
    SLICE_X64Y12                                                      f  u_hdc/u_core/hperm_stage_q[70]_i_14/I0
    SLICE_X64Y12         LUT5 (Prop_lut5_I0_O)        0.123     2.711 r  u_hdc/u_core/hperm_stage_q[70]_i_14/O
                         net (fo=127, routed)         1.266     3.977    u_hdc/u_core/hperm_stage_q[70]_i_14_n_0
    SLICE_X58Y20                                                      r  u_hdc/u_core/hperm_stage_q[7]_i_3/I2
    SLICE_X58Y20         LUT6 (Prop_lut6_I2_O)        0.274     4.251 r  u_hdc/u_core/hperm_stage_q[7]_i_3/O
                         net (fo=1, routed)           0.560     4.811    u_hdc/u_core/hperm_stage_q[7]_i_3_n_0
    SLICE_X56Y23                                                      r  u_hdc/u_core/hperm_stage_q[7]_i_2/I0
    SLICE_X56Y23         LUT4 (Prop_lut4_I0_O)        0.105     4.916 r  u_hdc/u_core/hperm_stage_q[7]_i_2/O
                         net (fo=1, routed)           0.495     5.411    u_hdc/u_core/hperm_stage_q[7]_i_2_n_0
    SLICE_X64Y22                                                      r  u_hdc/u_core/hperm_stage_q[7]_i_1/I4
    SLICE_X64Y22         LUT5 (Prop_lut5_I4_O)        0.105     5.516 r  u_hdc/u_core/hperm_stage_q[7]_i_1/O
                         net (fo=1, routed)           0.000     5.516    u_hdc/u_core/hperm_byte_window[7]
    SLICE_X64Y22         FDCE                                         r  u_hdc/u_core/hperm_stage_q_reg[7]/D
  -------------------------------------------------------------------    -------------------

                         (clock clk_i rise edge)      5.000     5.000 r  
                                                      0.000     5.000 r  clk_i (IN)
                         net (fo=2611, unset)         0.748     5.748    u_hdc/u_core/clk_i
    SLICE_X64Y22         FDCE                                         r  u_hdc/u_core/hperm_stage_q_reg[7]/C
                         clock pessimism              0.000     5.748    
                         clock uncertainty           -0.035     5.712    
    SLICE_X64Y22         FDCE (Setup_fdce_C_D)        0.033     5.745    u_hdc/u_core/hperm_stage_q_reg[7]
  -------------------------------------------------------------------
                         required time                          5.745    
                         arrival time                          -5.516    
  -------------------------------------------------------------------
                         slack                                  0.229    

Slack (MET) :             0.230ns  (required time - arrival time)
  Source:                 u_hdc/u_core/hperm_lane_base_q_reg[0]/C
                            (rising edge-triggered cell FDCE clocked by clk_i  {rise@0.000ns fall@2.500ns period=5.000ns})
  Destination:            u_hdc/u_core/hperm_stage_q_reg[51]/D
                            (rising edge-triggered cell FDCE clocked by clk_i  {rise@0.000ns fall@2.500ns period=5.000ns})
  Path Group:             clk_i
  Path Type:              Setup (Max at Slow Process Corner)
  Requirement:            5.000ns  (clk_i rise@5.000ns - clk_i rise@0.000ns)
  Data Path Delay:        4.725ns  (logic 1.267ns (26.814%)  route 3.458ns (73.186%))
  Logic Levels:           5  (LUT3=1 LUT4=1 LUT5=2 LUT6=1)
  Clock Path Skew:        -0.039ns (DCD - SCD + CPR)
    Destination Clock Delay (DCD):    0.748ns = ( 5.748 - 5.000 ) 
    Source Clock Delay      (SCD):    0.787ns
    Clock Pessimism Removal (CPR):    0.000ns
  Clock Uncertainty:      0.035ns  ((TSJ^2 + TIJ^2)^1/2 + DJ) / 2 + PE
    Total System Jitter     (TSJ):    0.071ns
    Total Input Jitter      (TIJ):    0.000ns
    Discrete Jitter          (DJ):    0.000ns
    Phase Error              (PE):    0.000ns

    Location             Delay type                Incr(ns)  Path(ns)    Netlist Resource(s)
  -------------------------------------------------------------------    -------------------
                         (clock clk_i rise edge)      0.000     0.000 r  
                                                      0.000     0.000 r  clk_i (IN)
                         net (fo=2611, unset)         0.787     0.787    u_hdc/u_core/clk_i
    SLICE_X65Y12         FDCE                                         r  u_hdc/u_core/hperm_lane_base_q_reg[0]/C
  -------------------------------------------------------------------    -------------------
    SLICE_X65Y12         FDCE (Prop_fdce_C_Q)         0.379     1.166 r  u_hdc/u_core/hperm_lane_base_q_reg[0]/Q
                         net (fo=7, routed)           0.564     1.730    u_hdc/u_core/hperm_lane_base_q[0]
    SLICE_X65Y12                                                      r  u_hdc/u_core/hperm_stage_q[70]_i_24/I0
    SLICE_X65Y12         LUT4 (Prop_lut4_I0_O)        0.105     1.835 f  u_hdc/u_core/hperm_stage_q[70]_i_24/O
                         net (fo=129, routed)         0.753     2.588    u_hdc/u_core/hperm_stage_q[70]_i_24_n_0
    SLICE_X64Y12                                                      f  u_hdc/u_core/hperm_stage_q[70]_i_14/I0
    SLICE_X64Y12         LUT5 (Prop_lut5_I0_O)        0.123     2.711 r  u_hdc/u_core/hperm_stage_q[70]_i_14/O
                         net (fo=127, routed)         1.125     3.836    u_hdc/u_core/hperm_stage_q[70]_i_14_n_0
    SLICE_X75Y19                                                      r  u_hdc/u_core/hperm_stage_q[67]_i_9/I2
    SLICE_X75Y19         LUT6 (Prop_lut6_I2_O)        0.274     4.110 f  u_hdc/u_core/hperm_stage_q[67]_i_9/O
                         net (fo=3, routed)           0.567     4.677    u_hdc/u_core/hperm_stage_q[67]_i_9_n_0
    SLICE_X75Y19                                                      f  u_hdc/u_core/hperm_stage_q[51]_i_2/I1
    SLICE_X75Y19         LUT3 (Prop_lut3_I1_O)        0.119     4.796 f  u_hdc/u_core/hperm_stage_q[51]_i_2/O
                         net (fo=1, routed)           0.449     5.245    u_hdc/u_core/hperm_stage_q[51]_i_2_n_0
    SLICE_X77Y19                                                      f  u_hdc/u_core/hperm_stage_q[51]_i_1/I0
    SLICE_X77Y19         LUT5 (Prop_lut5_I0_O)        0.267     5.512 r  u_hdc/u_core/hperm_stage_q[51]_i_1/O
                         net (fo=1, routed)           0.000     5.512    u_hdc/u_core/hperm_byte_window[51]
    SLICE_X77Y19         FDCE                                         r  u_hdc/u_core/hperm_stage_q_reg[51]/D
  -------------------------------------------------------------------    -------------------

                         (clock clk_i rise edge)      5.000     5.000 r  
                                                      0.000     5.000 r  clk_i (IN)
                         net (fo=2611, unset)         0.748     5.748    u_hdc/u_core/clk_i
    SLICE_X77Y19         FDCE                                         r  u_hdc/u_core/hperm_stage_q_reg[51]/C
                         clock pessimism              0.000     5.748    
                         clock uncertainty           -0.035     5.712    
    SLICE_X77Y19         FDCE (Setup_fdce_C_D)        0.030     5.742    u_hdc/u_core/hperm_stage_q_reg[51]
  -------------------------------------------------------------------
                         required time                          5.742    
                         arrival time                          -5.512    
  -------------------------------------------------------------------
                         slack                                  0.230    

Slack (MET) :             0.230ns  (required time - arrival time)
  Source:                 u_ecc/u_core/FSM_onehot_st_q_reg[26]/C
                            (rising edge-triggered cell FDCE clocked by clk_i  {rise@0.000ns fall@2.500ns period=5.000ns})
  Destination:            u_ecc/u_core/hdc_src0_q_reg[1][10]/D
                            (rising edge-triggered cell FDCE clocked by clk_i  {rise@0.000ns fall@2.500ns period=5.000ns})
  Path Group:             clk_i
  Path Type:              Setup (Max at Slow Process Corner)
  Requirement:            5.000ns  (clk_i rise@5.000ns - clk_i rise@0.000ns)
  Data Path Delay:        4.725ns  (logic 1.092ns (23.111%)  route 3.633ns (76.889%))
  Logic Levels:           5  (LUT2=1 LUT6=4)
  Clock Path Skew:        -0.039ns (DCD - SCD + CPR)
    Destination Clock Delay (DCD):    0.748ns = ( 5.748 - 5.000 ) 
    Source Clock Delay      (SCD):    0.787ns
    Clock Pessimism Removal (CPR):    0.000ns
  Clock Uncertainty:      0.035ns  ((TSJ^2 + TIJ^2)^1/2 + DJ) / 2 + PE
    Total System Jitter     (TSJ):    0.071ns
    Total Input Jitter      (TIJ):    0.000ns
    Discrete Jitter          (DJ):    0.000ns
    Phase Error              (PE):    0.000ns

    Location             Delay type                Incr(ns)  Path(ns)    Netlist Resource(s)
  -------------------------------------------------------------------    -------------------
                         (clock clk_i rise edge)      0.000     0.000 r  
                                                      0.000     0.000 r  clk_i (IN)
                         net (fo=2611, unset)         0.787     0.787    u_ecc/u_core/clk_i
    SLICE_X79Y45         FDCE                                         r  u_ecc/u_core/FSM_onehot_st_q_reg[26]/C
  -------------------------------------------------------------------    -------------------
    SLICE_X79Y45         FDCE (Prop_fdce_C_Q)         0.379     1.166 r  u_ecc/u_core/FSM_onehot_st_q_reg[26]/Q
                         net (fo=296, routed)         1.209     2.375    u_ecc/u_core/FSM_onehot_st_q_reg_n_0_[26]
    SLICE_X87Y43                                                      r  u_ecc/u_core/i_vec_i_737/I3
    SLICE_X87Y43         LUT6 (Prop_lut6_I3_O)        0.105     2.480 r  u_ecc/u_core/i_vec_i_737/O
                         net (fo=8, routed)           0.754     3.234    u_ecc/u_core/i_vec_i_737_n_0
    SLICE_X74Y37                                                      r  u_ecc/u_core/i_vec_i_535/I0
    SLICE_X74Y37         LUT6 (Prop_lut6_I0_O)        0.105     3.339 r  u_ecc/u_core/i_vec_i_535/O
                         net (fo=2, routed)           0.751     4.089    u_ecc/u_core/i_vec_i_535_n_0
    SLICE_X74Y34                                                      r  u_ecc/u_core/i_vec_i_217/I4
    SLICE_X74Y34         LUT6 (Prop_lut6_I4_O)        0.105     4.194 r  u_ecc/u_core/i_vec_i_217/O
                         net (fo=2, routed)           0.579     4.773    u_ecc/u_core/i_vec/xor0_contribution_packet_i[1][10]
    SLICE_X75Y32                                                      r  u_ecc/u_core/i_vec/xor0_field_packet_o[74]_INST_0/I0
    SLICE_X75Y32         LUT2 (Prop_lut2_I0_O)        0.124     4.897 r  u_ecc/u_core/i_vec/xor0_field_packet_o[74]_INST_0/O
                         net (fo=1, routed)           0.341     5.238    u_ecc/u_core/xor0_field_packet[74]
    SLICE_X76Y32                                                      r  u_ecc/u_core/hdc_src0_q[1][10]_i_1/I4
    SLICE_X76Y32         LUT6 (Prop_lut6_I4_O)        0.274     5.512 r  u_ecc/u_core/hdc_src0_q[1][10]_i_1/O
                         net (fo=1, routed)           0.000     5.512    u_ecc/u_core/hdc_src0_q[1][10]_i_1_n_0
    SLICE_X76Y32         FDCE                                         r  u_ecc/u_core/hdc_src0_q_reg[1][10]/D
  -------------------------------------------------------------------    -------------------

                         (clock clk_i rise edge)      5.000     5.000 r  
                                                      0.000     5.000 r  clk_i (IN)
                         net (fo=2611, unset)         0.748     5.748    u_ecc/u_core/clk_i
    SLICE_X76Y32         FDCE                                         r  u_ecc/u_core/hdc_src0_q_reg[1][10]/C
                         clock pessimism              0.000     5.748    
                         clock uncertainty           -0.035     5.712    
    SLICE_X76Y32         FDCE (Setup_fdce_C_D)        0.030     5.742    u_ecc/u_core/hdc_src0_q_reg[1][10]
  -------------------------------------------------------------------
                         required time                          5.742    
                         arrival time                          -5.512    
  -------------------------------------------------------------------
                         slack                                  0.230    

Slack (MET) :             0.230ns  (required time - arrival time)
  Source:                 u_ecc/u_core/ecc_pmul_subop_q_reg[0]/C
                            (rising edge-triggered cell FDCE clocked by clk_i  {rise@0.000ns fall@2.500ns period=5.000ns})
  Destination:            u_ecc/u_core/hdc_src0_q_reg[0][0]/CE
                            (rising edge-triggered cell FDCE clocked by clk_i  {rise@0.000ns fall@2.500ns period=5.000ns})
  Path Group:             clk_i
  Path Type:              Setup (Max at Slow Process Corner)
  Requirement:            5.000ns  (clk_i rise@5.000ns - clk_i rise@0.000ns)
  Data Path Delay:        4.559ns  (logic 1.137ns (24.940%)  route 3.422ns (75.060%))
  Logic Levels:           5  (LUT3=1 LUT6=4)
  Clock Path Skew:        -0.039ns (DCD - SCD + CPR)
    Destination Clock Delay (DCD):    0.748ns = ( 5.748 - 5.000 ) 
    Source Clock Delay      (SCD):    0.787ns
    Clock Pessimism Removal (CPR):    0.000ns
  Clock Uncertainty:      0.035ns  ((TSJ^2 + TIJ^2)^1/2 + DJ) / 2 + PE
    Total System Jitter     (TSJ):    0.071ns
    Total Input Jitter      (TIJ):    0.000ns
    Discrete Jitter          (DJ):    0.000ns
    Phase Error              (PE):    0.000ns

    Location             Delay type                Incr(ns)  Path(ns)    Netlist Resource(s)
  -------------------------------------------------------------------    -------------------
                         (clock clk_i rise edge)      0.000     0.000 r  
                                                      0.000     0.000 r  clk_i (IN)
                         net (fo=2611, unset)         0.787     0.787    u_ecc/u_core/clk_i
    SLICE_X46Y34         FDCE                                         r  u_ecc/u_core/ecc_pmul_subop_q_reg[0]/C
  -------------------------------------------------------------------    -------------------
    SLICE_X46Y34         FDCE (Prop_fdce_C_Q)         0.433     1.220 r  u_ecc/u_core/ecc_pmul_subop_q_reg[0]/Q
                         net (fo=60, routed)          0.606     1.826    u_ecc/u_core/subop[0]
    SLICE_X46Y35                                                      r  u_ecc/u_core/ecc_sqr_repeat_q[6]_i_11/I0
    SLICE_X46Y35         LUT3 (Prop_lut3_I0_O)        0.125     1.951 r  u_ecc/u_core/ecc_sqr_repeat_q[6]_i_11/O
                         net (fo=6, routed)           0.426     2.377    u_ecc/u_core/ecc_sqr_repeat_q[6]_i_11_n_0
    SLICE_X46Y36                                                      r  u_ecc/u_core/ecc_leaf_xor_a_q[31]_i_5/I0
    SLICE_X46Y36         LUT6 (Prop_lut6_I0_O)        0.264     2.641 f  u_ecc/u_core/ecc_leaf_xor_a_q[31]_i_5/O
                         net (fo=15, routed)          0.272     2.913    u_ecc/u_core/ecc_leaf_xor_a_q[31]_i_5_n_0
    SLICE_X47Y36                                                      f  u_ecc/u_core/hdc_src0_q[3][63]_i_6/I5
    SLICE_X47Y36         LUT6 (Prop_lut6_I5_O)        0.105     3.018 r  u_ecc/u_core/hdc_src0_q[3][63]_i_6/O
                         net (fo=1, routed)           0.258     3.276    u_ecc/u_core/hdc_src0_q[3][63]_i_6_n_0
    SLICE_X47Y37                                                      r  u_ecc/u_core/hdc_src0_q[3][63]_i_3/I5
    SLICE_X47Y37         LUT6 (Prop_lut6_I5_O)        0.105     3.381 r  u_ecc/u_core/hdc_src0_q[3][63]_i_3/O
                         net (fo=4, routed)           0.836     4.217    u_ecc/u_core/hdc_src0_q[3][63]_i_3_n_0
    SLICE_X78Y42                                                      r  u_ecc/u_core/hdc_src0_q[1][63]_i_1/I5
    SLICE_X78Y42         LUT6 (Prop_lut6_I5_O)        0.105     4.322 r  u_ecc/u_core/hdc_src0_q[1][63]_i_1/O
                         net (fo=128, routed)         1.024     5.346    u_ecc/u_core/hdc_src0_q[1][63]_i_1_n_0
    SLICE_X66Y37         FDCE                                         r  u_ecc/u_core/hdc_src0_q_reg[0][0]/CE
  -------------------------------------------------------------------    -------------------

                         (clock clk_i rise edge)      5.000     5.000 r  
                                                      0.000     5.000 r  clk_i (IN)
                         net (fo=2611, unset)         0.748     5.748    u_ecc/u_core/clk_i
    SLICE_X66Y37         FDCE                                         r  u_ecc/u_core/hdc_src0_q_reg[0][0]/C
                         clock pessimism              0.000     5.748    
                         clock uncertainty           -0.035     5.712    
    SLICE_X66Y37         FDCE (Setup_fdce_C_CE)      -0.136     5.576    u_ecc/u_core/hdc_src0_q_reg[0][0]
  -------------------------------------------------------------------
                         required time                          5.576    
                         arrival time                          -5.346    
  -------------------------------------------------------------------
                         slack                                  0.230    

Slack (MET) :             0.231ns  (required time - arrival time)
  Source:                 u_hdc/u_core/hperm_lane_base_q_reg[0]/C
                            (rising edge-triggered cell FDCE clocked by clk_i  {rise@0.000ns fall@2.500ns period=5.000ns})
  Destination:            u_hdc/u_core/hperm_stage_q_reg[18]/D
                            (rising edge-triggered cell FDCE clocked by clk_i  {rise@0.000ns fall@2.500ns period=5.000ns})
  Path Group:             clk_i
  Path Type:              Setup (Max at Slow Process Corner)
  Requirement:            5.000ns  (clk_i rise@5.000ns - clk_i rise@0.000ns)
  Data Path Delay:        4.724ns  (logic 1.091ns (23.093%)  route 3.633ns (76.907%))
  Logic Levels:           5  (LUT4=1 LUT5=2 LUT6=2)
  Clock Path Skew:        -0.039ns (DCD - SCD + CPR)
    Destination Clock Delay (DCD):    0.748ns = ( 5.748 - 5.000 ) 
    Source Clock Delay      (SCD):    0.787ns
    Clock Pessimism Removal (CPR):    0.000ns
  Clock Uncertainty:      0.035ns  ((TSJ^2 + TIJ^2)^1/2 + DJ) / 2 + PE
    Total System Jitter     (TSJ):    0.071ns
    Total Input Jitter      (TIJ):    0.000ns
    Discrete Jitter          (DJ):    0.000ns
    Phase Error              (PE):    0.000ns

    Location             Delay type                Incr(ns)  Path(ns)    Netlist Resource(s)
  -------------------------------------------------------------------    -------------------
                         (clock clk_i rise edge)      0.000     0.000 r  
                                                      0.000     0.000 r  clk_i (IN)
                         net (fo=2611, unset)         0.787     0.787    u_hdc/u_core/clk_i
    SLICE_X65Y12         FDCE                                         r  u_hdc/u_core/hperm_lane_base_q_reg[0]/C
  -------------------------------------------------------------------    -------------------
    SLICE_X65Y12         FDCE (Prop_fdce_C_Q)         0.379     1.166 r  u_hdc/u_core/hperm_lane_base_q_reg[0]/Q
                         net (fo=7, routed)           0.564     1.730    u_hdc/u_core/hperm_lane_base_q[0]
    SLICE_X65Y12                                                      r  u_hdc/u_core/hperm_stage_q[70]_i_24/I0
    SLICE_X65Y12         LUT4 (Prop_lut4_I0_O)        0.105     1.835 f  u_hdc/u_core/hperm_stage_q[70]_i_24/O
                         net (fo=129, routed)         0.753     2.588    u_hdc/u_core/hperm_stage_q[70]_i_24_n_0
    SLICE_X64Y12                                                      f  u_hdc/u_core/hperm_stage_q[70]_i_14/I0
    SLICE_X64Y12         LUT5 (Prop_lut5_I0_O)        0.123     2.711 r  u_hdc/u_core/hperm_stage_q[70]_i_14/O
                         net (fo=127, routed)         1.061     3.772    u_hdc/u_core/hperm_stage_q[70]_i_14_n_0
    SLICE_X82Y11                                                      r  u_hdc/u_core/hperm_stage_q[66]_i_11/I5
    SLICE_X82Y11         LUT6 (Prop_lut6_I5_O)        0.274     4.046 f  u_hdc/u_core/hperm_stage_q[66]_i_11/O
                         net (fo=4, routed)           0.631     4.676    u_hdc/u_core/hperm_stage_q[66]_i_11_n_0
    SLICE_X78Y11                                                      f  u_hdc/u_core/hperm_stage_q[50]_i_3/I0
    SLICE_X78Y11         LUT6 (Prop_lut6_I0_O)        0.105     4.781 r  u_hdc/u_core/hperm_stage_q[50]_i_3/O
                         net (fo=2, routed)           0.625     5.406    u_hdc/u_core/hperm_stage_q[50]_i_3_n_0
    SLICE_X76Y12                                                      r  u_hdc/u_core/hperm_stage_q[18]_i_1/I0
    SLICE_X76Y12         LUT5 (Prop_lut5_I0_O)        0.105     5.511 r  u_hdc/u_core/hperm_stage_q[18]_i_1/O
                         net (fo=1, routed)           0.000     5.511    u_hdc/u_core/hperm_byte_window[18]
    SLICE_X76Y12         FDCE                                         r  u_hdc/u_core/hperm_stage_q_reg[18]/D
  -------------------------------------------------------------------    -------------------

                         (clock clk_i rise edge)      5.000     5.000 r  
                                                      0.000     5.000 r  clk_i (IN)
                         net (fo=2611, unset)         0.748     5.748    u_hdc/u_core/clk_i
    SLICE_X76Y12         FDCE                                         r  u_hdc/u_core/hperm_stage_q_reg[18]/C
                         clock pessimism              0.000     5.748    
                         clock uncertainty           -0.035     5.712    
    SLICE_X76Y12         FDCE (Setup_fdce_C_D)        0.030     5.742    u_hdc/u_core/hperm_stage_q_reg[18]
  -------------------------------------------------------------------
                         required time                          5.742    
                         arrival time                          -5.511    
  -------------------------------------------------------------------
                         slack                                  0.231    

Slack (MET) :             0.231ns  (required time - arrival time)
  Source:                 u_ecc/u_core/ecc_leaf_path_q_reg[3]/C
                            (rising edge-triggered cell FDCE clocked by clk_i  {rise@0.000ns fall@2.500ns period=5.000ns})
  Destination:            u_ecc/u_core/i_vec/payload_q_reg[1][38]/D
                            (rising edge-triggered cell FDCE clocked by clk_i  {rise@0.000ns fall@2.500ns period=5.000ns})
  Path Group:             clk_i
  Path Type:              Setup (Max at Slow Process Corner)
  Requirement:            5.000ns  (clk_i rise@5.000ns - clk_i rise@0.000ns)
  Data Path Delay:        4.766ns  (logic 1.009ns (21.172%)  route 3.757ns (78.828%))
  Logic Levels:           6  (LUT2=1 LUT3=2 LUT4=1 LUT5=1 LUT6=1)
  Clock Path Skew:        -0.039ns (DCD - SCD + CPR)
    Destination Clock Delay (DCD):    0.748ns = ( 5.748 - 5.000 ) 
    Source Clock Delay      (SCD):    0.787ns
    Clock Pessimism Removal (CPR):    0.000ns
  Clock Uncertainty:      0.035ns  ((TSJ^2 + TIJ^2)^1/2 + DJ) / 2 + PE
    Total System Jitter     (TSJ):    0.071ns
    Total Input Jitter      (TIJ):    0.000ns
    Discrete Jitter          (DJ):    0.000ns
    Phase Error              (PE):    0.000ns

    Location             Delay type                Incr(ns)  Path(ns)    Netlist Resource(s)
  -------------------------------------------------------------------    -------------------
                         (clock clk_i rise edge)      0.000     0.000 r  
                                                      0.000     0.000 r  clk_i (IN)
                         net (fo=2611, unset)         0.787     0.787    u_ecc/u_core/clk_i
    SLICE_X69Y43         FDCE                                         r  u_ecc/u_core/ecc_leaf_path_q_reg[3]/C
  -------------------------------------------------------------------    -------------------
    SLICE_X69Y43         FDCE (Prop_fdce_C_Q)         0.379     1.166 f  u_ecc/u_core/ecc_leaf_path_q_reg[3]/Q
                         net (fo=109, routed)         0.721     1.887    u_ecc/u_core/path[3]
    SLICE_X63Y43                                                      f  u_ecc/u_core/i_vec_i_298/I2
    SLICE_X63Y43         LUT4 (Prop_lut4_I2_O)        0.105     1.992 f  u_ecc/u_core/i_vec_i_298/O
                         net (fo=111, routed)         0.239     2.231    u_ecc/u_core/i_vec_i_298_n_0
    SLICE_X63Y43                                                      f  u_ecc/u_core/i_vec_i_293/I0
    SLICE_X63Y43         LUT3 (Prop_lut3_I0_O)        0.105     2.336 f  u_ecc/u_core/i_vec_i_293/O
                         net (fo=1, routed)           0.257     2.593    u_ecc/u_core/i_vec_i_293_n_0
    SLICE_X64Y42                                                      f  u_ecc/u_core/i_vec_i_2/I4
    SLICE_X64Y42         LUT6 (Prop_lut6_I4_O)        0.105     2.698 r  u_ecc/u_core/i_vec_i_2/O
                         net (fo=769, routed)         1.036     3.733    u_ecc/u_core/i_vec/payload_product_i
    SLICE_X67Y35                                                      r  u_ecc/u_core/i_vec/i_gf2_contribution_row_tile_i_154/I1
    SLICE_X67Y35         LUT3 (Prop_lut3_I1_O)        0.105     3.838 r  u_ecc/u_core/i_vec/i_gf2_contribution_row_tile_i_154/O
                         net (fo=1, routed)           0.784     4.622    u_ecc/u_core/i_vec/i_gf2_contribution_row_tile/matrix_src_a_i[3][6]
    SLICE_X71Y36                                                      r  u_ecc/u_core/i_vec/i_gf2_contribution_row_tile/matrix_product_o[3][6]_INST_0/I0
    SLICE_X71Y36         LUT2 (Prop_lut2_I0_O)        0.105     4.727 r  u_ecc/u_core/i_vec/i_gf2_contribution_row_tile/matrix_product_o[3][6]_INST_0/O
                         net (fo=1, routed)           0.720     5.448    u_ecc/u_core/i_vec/tile_product_word[1][38]
    SLICE_X86Y37                                                      r  u_ecc/u_core/i_vec/payload_q[1][38]_i_1/I4
    SLICE_X86Y37         LUT5 (Prop_lut5_I4_O)        0.105     5.553 r  u_ecc/u_core/i_vec/payload_q[1][38]_i_1/O
                         net (fo=1, routed)           0.000     5.553    u_ecc/u_core/i_vec/payload_q[1][38]_i_1_n_0
    SLICE_X86Y37         FDCE                                         r  u_ecc/u_core/i_vec/payload_q_reg[1][38]/D
  -------------------------------------------------------------------    -------------------

                         (clock clk_i rise edge)      5.000     5.000 r  
                                                      0.000     5.000 r  clk_i (IN)
                         net (fo=2611, unset)         0.748     5.748    u_ecc/u_core/i_vec/clk_i
    SLICE_X86Y37         FDCE                                         r  u_ecc/u_core/i_vec/payload_q_reg[1][38]/C
                         clock pessimism              0.000     5.748    
                         clock uncertainty           -0.035     5.712    
    SLICE_X86Y37         FDCE (Setup_fdce_C_D)        0.072     5.784    u_ecc/u_core/i_vec/payload_q_reg[1][38]
  -------------------------------------------------------------------
                         required time                          5.784    
                         arrival time                          -5.553    
  -------------------------------------------------------------------
                         slack                                  0.231    

Slack (MET) :             0.233ns  (required time - arrival time)
  Source:                 u_hdc/u_core/hsim_total_q_reg[0]/C
                            (rising edge-triggered cell FDCE clocked by clk_i  {rise@0.000ns fall@2.500ns period=5.000ns})
  Destination:            u_hdc/u_core/hmatch_best_dist_q_reg[10]/CE
                            (rising edge-triggered cell FDCE clocked by clk_i  {rise@0.000ns fall@2.500ns period=5.000ns})
  Path Group:             clk_i
  Path Type:              Setup (Max at Slow Process Corner)
  Requirement:            5.000ns  (clk_i rise@5.000ns - clk_i rise@0.000ns)
  Data Path Delay:        4.524ns  (logic 2.212ns (48.890%)  route 2.312ns (51.110%))
  Logic Levels:           7  (CARRY4=4 LUT2=1 LUT4=1 LUT6=1)
  Clock Path Skew:        -0.039ns (DCD - SCD + CPR)
    Destination Clock Delay (DCD):    0.748ns = ( 5.748 - 5.000 ) 
    Source Clock Delay      (SCD):    0.787ns
    Clock Pessimism Removal (CPR):    0.000ns
  Clock Uncertainty:      0.035ns  ((TSJ^2 + TIJ^2)^1/2 + DJ) / 2 + PE
    Total System Jitter     (TSJ):    0.071ns
    Total Input Jitter      (TIJ):    0.000ns
    Discrete Jitter          (DJ):    0.000ns
    Phase Error              (PE):    0.000ns

    Location             Delay type                Incr(ns)  Path(ns)    Netlist Resource(s)
  -------------------------------------------------------------------    -------------------
                         (clock clk_i rise edge)      0.000     0.000 r  
                                                      0.000     0.000 r  clk_i (IN)
                         net (fo=2611, unset)         0.787     0.787    u_hdc/u_core/clk_i
    SLICE_X54Y8          FDCE                                         r  u_hdc/u_core/hsim_total_q_reg[0]/C
  -------------------------------------------------------------------    -------------------
    SLICE_X54Y8          FDCE (Prop_fdce_C_Q)         0.433     1.220 r  u_hdc/u_core/hsim_total_q_reg[0]/Q
                         net (fo=3, routed)           0.756     1.976    u_hdc/u_core/hsim_total_q[0]
    SLICE_X54Y11                                                      r  u_hdc/u_core/hmatch_best_dist_q[3]_i_6/I0
    SLICE_X54Y11         LUT2 (Prop_lut2_I0_O)        0.105     2.081 r  u_hdc/u_core/hmatch_best_dist_q[3]_i_6/O
                         net (fo=1, routed)           0.000     2.081    u_hdc/u_core/hmatch_best_dist_q[3]_i_6_n_0
    SLICE_X54Y11                                                      r  u_hdc/u_core/hmatch_best_dist_q_reg[3]_i_2/S[0]
    SLICE_X54Y11         CARRY4 (Prop_carry4_S[0]_CO[3])
                                                      0.423     2.504 r  u_hdc/u_core/hmatch_best_dist_q_reg[3]_i_2/CO[3]
                         net (fo=1, routed)           0.000     2.504    u_hdc/u_core/hmatch_best_dist_q_reg[3]_i_2_n_0
    SLICE_X54Y12                                                      r  u_hdc/u_core/hmatch_best_dist_q_reg[7]_i_2/CI
    SLICE_X54Y12         CARRY4 (Prop_carry4_CI_O[3])
                                                      0.262     2.766 r  u_hdc/u_core/hmatch_best_dist_q_reg[7]_i_2/O[3]
                         net (fo=4, routed)           0.505     3.271    u_hdc/u_core/vv33_pair_score[7]
    SLICE_X55Y12                                                      r  u_hdc/u_core/hmatch_best_dist_q[10]_i_15/I1
    SLICE_X55Y12         LUT4 (Prop_lut4_I1_O)        0.250     3.521 r  u_hdc/u_core/hmatch_best_dist_q[10]_i_15/O
                         net (fo=1, routed)           0.000     3.521    u_hdc/u_core/hmatch_best_dist_q[10]_i_15_n_0
    SLICE_X55Y12                                                      r  u_hdc/u_core/hmatch_best_dist_q_reg[10]_i_5/S[3]
    SLICE_X55Y12         CARRY4 (Prop_carry4_S[3]_CO[3])
                                                      0.332     3.853 r  u_hdc/u_core/hmatch_best_dist_q_reg[10]_i_5/CO[3]
                         net (fo=1, routed)           0.000     3.853    u_hdc/u_core/hmatch_best_dist_q_reg[10]_i_5_n_0
    SLICE_X55Y13                                                      r  u_hdc/u_core/hmatch_best_dist_q_reg[10]_i_3/CI
    SLICE_X55Y13         CARRY4 (Prop_carry4_CI_CO[1])
                                                      0.132     3.985 r  u_hdc/u_core/hmatch_best_dist_q_reg[10]_i_3/CO[1]
                         net (fo=1, routed)           0.497     4.482    u_hdc/u_core/hmatch_best_idx_n0
    SLICE_X55Y9                                                       r  u_hdc/u_core/hmatch_best_dist_q[10]_i_1/I5
    SLICE_X55Y9          LUT6 (Prop_lut6_I5_O)        0.275     4.757 r  u_hdc/u_core/hmatch_best_dist_q[10]_i_1/O
                         net (fo=14, routed)          0.555     5.311    u_hdc/u_core/hmatch_best_dist_q[10]_i_1_n_0
    SLICE_X56Y11         FDCE                                         r  u_hdc/u_core/hmatch_best_dist_q_reg[10]/CE
  -------------------------------------------------------------------    -------------------

                         (clock clk_i rise edge)      5.000     5.000 r  
                                                      0.000     5.000 r  clk_i (IN)
                         net (fo=2611, unset)         0.748     5.748    u_hdc/u_core/clk_i
    SLICE_X56Y11         FDCE                                         r  u_hdc/u_core/hmatch_best_dist_q_reg[10]/C
                         clock pessimism              0.000     5.748    
                         clock uncertainty           -0.035     5.712    
    SLICE_X56Y11         FDCE (Setup_fdce_C_CE)      -0.168     5.544    u_hdc/u_core/hmatch_best_dist_q_reg[10]
  -------------------------------------------------------------------
                         required time                          5.544    
                         arrival time                          -5.311    
  -------------------------------------------------------------------
                         slack                                  0.233    

Slack (MET) :             0.233ns  (required time - arrival time)
  Source:                 u_hdc/u_core/hsim_total_q_reg[0]/C
                            (rising edge-triggered cell FDCE clocked by clk_i  {rise@0.000ns fall@2.500ns period=5.000ns})
  Destination:            u_hdc/u_core/hmatch_best_dist_q_reg[9]/CE
                            (rising edge-triggered cell FDCE clocked by clk_i  {rise@0.000ns fall@2.500ns period=5.000ns})
  Path Group:             clk_i
  Path Type:              Setup (Max at Slow Process Corner)
  Requirement:            5.000ns  (clk_i rise@5.000ns - clk_i rise@0.000ns)
  Data Path Delay:        4.524ns  (logic 2.212ns (48.890%)  route 2.312ns (51.110%))
  Logic Levels:           7  (CARRY4=4 LUT2=1 LUT4=1 LUT6=1)
  Clock Path Skew:        -0.039ns (DCD - SCD + CPR)
    Destination Clock Delay (DCD):    0.748ns = ( 5.748 - 5.000 ) 
    Source Clock Delay      (SCD):    0.787ns
    Clock Pessimism Removal (CPR):    0.000ns
  Clock Uncertainty:      0.035ns  ((TSJ^2 + TIJ^2)^1/2 + DJ) / 2 + PE
    Total System Jitter     (TSJ):    0.071ns
    Total Input Jitter      (TIJ):    0.000ns
    Discrete Jitter          (DJ):    0.000ns
    Phase Error              (PE):    0.000ns

    Location             Delay type                Incr(ns)  Path(ns)    Netlist Resource(s)
  -------------------------------------------------------------------    -------------------
                         (clock clk_i rise edge)      0.000     0.000 r  
                                                      0.000     0.000 r  clk_i (IN)
                         net (fo=2611, unset)         0.787     0.787    u_hdc/u_core/clk_i
    SLICE_X54Y8          FDCE                                         r  u_hdc/u_core/hsim_total_q_reg[0]/C
  -------------------------------------------------------------------    -------------------
    SLICE_X54Y8          FDCE (Prop_fdce_C_Q)         0.433     1.220 r  u_hdc/u_core/hsim_total_q_reg[0]/Q
                         net (fo=3, routed)           0.756     1.976    u_hdc/u_core/hsim_total_q[0]
    SLICE_X54Y11                                                      r  u_hdc/u_core/hmatch_best_dist_q[3]_i_6/I0
    SLICE_X54Y11         LUT2 (Prop_lut2_I0_O)        0.105     2.081 r  u_hdc/u_core/hmatch_best_dist_q[3]_i_6/O
                         net (fo=1, routed)           0.000     2.081    u_hdc/u_core/hmatch_best_dist_q[3]_i_6_n_0
    SLICE_X54Y11                                                      r  u_hdc/u_core/hmatch_best_dist_q_reg[3]_i_2/S[0]
    SLICE_X54Y11         CARRY4 (Prop_carry4_S[0]_CO[3])
                                                      0.423     2.504 r  u_hdc/u_core/hmatch_best_dist_q_reg[3]_i_2/CO[3]
                         net (fo=1, routed)           0.000     2.504    u_hdc/u_core/hmatch_best_dist_q_reg[3]_i_2_n_0
    SLICE_X54Y12                                                      r  u_hdc/u_core/hmatch_best_dist_q_reg[7]_i_2/CI
    SLICE_X54Y12         CARRY4 (Prop_carry4_CI_O[3])
                                                      0.262     2.766 r  u_hdc/u_core/hmatch_best_dist_q_reg[7]_i_2/O[3]
                         net (fo=4, routed)           0.505     3.271    u_hdc/u_core/vv33_pair_score[7]
    SLICE_X55Y12                                                      r  u_hdc/u_core/hmatch_best_dist_q[10]_i_15/I1
    SLICE_X55Y12         LUT4 (Prop_lut4_I1_O)        0.250     3.521 r  u_hdc/u_core/hmatch_best_dist_q[10]_i_15/O
                         net (fo=1, routed)           0.000     3.521    u_hdc/u_core/hmatch_best_dist_q[10]_i_15_n_0
    SLICE_X55Y12                                                      r  u_hdc/u_core/hmatch_best_dist_q_reg[10]_i_5/S[3]
    SLICE_X55Y12         CARRY4 (Prop_carry4_S[3]_CO[3])
                                                      0.332     3.853 r  u_hdc/u_core/hmatch_best_dist_q_reg[10]_i_5/CO[3]
                         net (fo=1, routed)           0.000     3.853    u_hdc/u_core/hmatch_best_dist_q_reg[10]_i_5_n_0
    SLICE_X55Y13                                                      r  u_hdc/u_core/hmatch_best_dist_q_reg[10]_i_3/CI
    SLICE_X55Y13         CARRY4 (Prop_carry4_CI_CO[1])
                                                      0.132     3.985 r  u_hdc/u_core/hmatch_best_dist_q_reg[10]_i_3/CO[1]
                         net (fo=1, routed)           0.497     4.482    u_hdc/u_core/hmatch_best_idx_n0
    SLICE_X55Y9                                                       r  u_hdc/u_core/hmatch_best_dist_q[10]_i_1/I5
    SLICE_X55Y9          LUT6 (Prop_lut6_I5_O)        0.275     4.757 r  u_hdc/u_core/hmatch_best_dist_q[10]_i_1/O
                         net (fo=14, routed)          0.555     5.311    u_hdc/u_core/hmatch_best_dist_q[10]_i_1_n_0
    SLICE_X56Y11         FDCE                                         r  u_hdc/u_core/hmatch_best_dist_q_reg[9]/CE
  -------------------------------------------------------------------    -------------------

                         (clock clk_i rise edge)      5.000     5.000 r  
                                                      0.000     5.000 r  clk_i (IN)
                         net (fo=2611, unset)         0.748     5.748    u_hdc/u_core/clk_i
    SLICE_X56Y11         FDCE                                         r  u_hdc/u_core/hmatch_best_dist_q_reg[9]/C
                         clock pessimism              0.000     5.748    
                         clock uncertainty           -0.035     5.712    
    SLICE_X56Y11         FDCE (Setup_fdce_C_CE)      -0.168     5.544    u_hdc/u_core/hmatch_best_dist_q_reg[9]
  -------------------------------------------------------------------
                         required time                          5.544    
                         arrival time                          -5.311    
  -------------------------------------------------------------------
                         slack                                  0.233    

Slack (MET) :             0.234ns  (required time - arrival time)
  Source:                 u_ecc/u_core/ecc_leaf_path_q_reg[3]/C
                            (rising edge-triggered cell FDCE clocked by clk_i  {rise@0.000ns fall@2.500ns period=5.000ns})
  Destination:            u_ecc/u_core/hdc_src0_q_reg[0][20]/D
                            (rising edge-triggered cell FDCE clocked by clk_i  {rise@0.000ns fall@2.500ns period=5.000ns})
  Path Group:             clk_i
  Path Type:              Setup (Max at Slow Process Corner)
  Requirement:            5.000ns  (clk_i rise@5.000ns - clk_i rise@0.000ns)
  Data Path Delay:        4.721ns  (logic 1.009ns (21.371%)  route 3.712ns (78.629%))
  Logic Levels:           6  (LUT2=1 LUT4=2 LUT5=1 LUT6=2)
  Clock Path Skew:        -0.039ns (DCD - SCD + CPR)
    Destination Clock Delay (DCD):    0.748ns = ( 5.748 - 5.000 ) 
    Source Clock Delay      (SCD):    0.787ns
    Clock Pessimism Removal (CPR):    0.000ns
  Clock Uncertainty:      0.035ns  ((TSJ^2 + TIJ^2)^1/2 + DJ) / 2 + PE
    Total System Jitter     (TSJ):    0.071ns
    Total Input Jitter      (TIJ):    0.000ns
    Discrete Jitter          (DJ):    0.000ns
    Phase Error              (PE):    0.000ns

    Location             Delay type                Incr(ns)  Path(ns)    Netlist Resource(s)
  -------------------------------------------------------------------    -------------------
                         (clock clk_i rise edge)      0.000     0.000 r  
                                                      0.000     0.000 r  clk_i (IN)
                         net (fo=2611, unset)         0.787     0.787    u_ecc/u_core/clk_i
    SLICE_X69Y43         FDCE                                         r  u_ecc/u_core/ecc_leaf_path_q_reg[3]/C
  -------------------------------------------------------------------    -------------------
    SLICE_X69Y43         FDCE (Prop_fdce_C_Q)         0.379     1.166 r  u_ecc/u_core/ecc_leaf_path_q_reg[3]/Q
                         net (fo=109, routed)         0.721     1.887    u_ecc/u_core/path[3]
    SLICE_X63Y43                                                      r  u_ecc/u_core/i_vec_i_298/I2
    SLICE_X63Y43         LUT4 (Prop_lut4_I2_O)        0.105     1.992 r  u_ecc/u_core/i_vec_i_298/O
                         net (fo=111, routed)         1.456     3.449    u_ecc/u_core/i_vec_i_298_n_0
    SLICE_X89Y41                                                      r  u_ecc/u_core/i_vec_i_449/I1
    SLICE_X89Y41         LUT4 (Prop_lut4_I1_O)        0.105     3.554 r  u_ecc/u_core/i_vec_i_449/O
                         net (fo=2, routed)           0.215     3.768    u_ecc/u_core/i_vec_i_449_n_0
    SLICE_X89Y41                                                      r  u_ecc/u_core/i_vec_i_661/I0
    SLICE_X89Y41         LUT5 (Prop_lut5_I0_O)        0.105     3.873 r  u_ecc/u_core/i_vec_i_661/O
                         net (fo=2, routed)           0.635     4.508    u_ecc/u_core/i_vec_i_661_n_0
    SLICE_X80Y35                                                      r  u_ecc/u_core/i_vec_i_271/I2
    SLICE_X80Y35         LUT6 (Prop_lut6_I2_O)        0.105     4.613 r  u_ecc/u_core/i_vec_i_271/O
                         net (fo=2, routed)           0.372     4.985    u_ecc/u_core/i_vec/xor0_contribution_packet_i[0][20]
    SLICE_X79Y34                                                      r  u_ecc/u_core/i_vec/xor0_field_packet_o[20]_INST_0/I0
    SLICE_X79Y34         LUT2 (Prop_lut2_I0_O)        0.105     5.090 r  u_ecc/u_core/i_vec/xor0_field_packet_o[20]_INST_0/O
                         net (fo=1, routed)           0.313     5.403    u_ecc/u_core/xor0_field_packet[20]
    SLICE_X79Y34                                                      r  u_ecc/u_core/hdc_src0_q[0][20]_i_1/I4
    SLICE_X79Y34         LUT6 (Prop_lut6_I4_O)        0.105     5.508 r  u_ecc/u_core/hdc_src0_q[0][20]_i_1/O
                         net (fo=1, routed)           0.000     5.508    u_ecc/u_core/hdc_src0_q[0][20]_i_1_n_0
    SLICE_X79Y34         FDCE                                         r  u_ecc/u_core/hdc_src0_q_reg[0][20]/D
  -------------------------------------------------------------------    -------------------

                         (clock clk_i rise edge)      5.000     5.000 r  
                                                      0.000     5.000 r  clk_i (IN)
                         net (fo=2611, unset)         0.748     5.748    u_ecc/u_core/clk_i
    SLICE_X79Y34         FDCE                                         r  u_ecc/u_core/hdc_src0_q_reg[0][20]/C
                         clock pessimism              0.000     5.748    
                         clock uncertainty           -0.035     5.712    
    SLICE_X79Y34         FDCE (Setup_fdce_C_D)        0.030     5.742    u_ecc/u_core/hdc_src0_q_reg[0][20]
  -------------------------------------------------------------------
                         required time                          5.742    
                         arrival time                          -5.508    
  -------------------------------------------------------------------
                         slack                                  0.234    

Slack (MET) :             0.236ns  (required time - arrival time)
  Source:                 u_ecc/u_core/i_vrf/gen_bank[0].vrf_mem_reg/CLKARDCLK
                            (rising edge-triggered cell RAMB36E1 clocked by clk_i  {rise@0.000ns fall@2.500ns period=5.000ns})
  Destination:            u_ecc/u_core/i_vec/payload_q_reg[0][49]/D
                            (rising edge-triggered cell FDCE clocked by clk_i  {rise@0.000ns fall@2.500ns period=5.000ns})
  Path Group:             clk_i
  Path Type:              Setup (Max at Slow Process Corner)
  Requirement:            5.000ns  (clk_i rise@5.000ns - clk_i rise@0.000ns)
  Data Path Delay:        4.720ns  (logic 2.638ns (55.892%)  route 2.082ns (44.108%))
  Logic Levels:           3  (LUT2=1 LUT3=1 LUT5=1)
  Clock Path Skew:        -0.039ns (DCD - SCD + CPR)
    Destination Clock Delay (DCD):    0.748ns = ( 5.748 - 5.000 ) 
    Source Clock Delay      (SCD):    0.787ns
    Clock Pessimism Removal (CPR):    0.000ns
  Clock Uncertainty:      0.035ns  ((TSJ^2 + TIJ^2)^1/2 + DJ) / 2 + PE
    Total System Jitter     (TSJ):    0.071ns
    Total Input Jitter      (TIJ):    0.000ns
    Discrete Jitter          (DJ):    0.000ns
    Phase Error              (PE):    0.000ns

    Location             Delay type                Incr(ns)  Path(ns)    Netlist Resource(s)
  -------------------------------------------------------------------    -------------------
                         (clock clk_i rise edge)      0.000     0.000 r  
                                                      0.000     0.000 r  clk_i (IN)
                         net (fo=2611, unset)         0.787     0.787    u_ecc/u_core/i_vrf/clk_i
    RAMB36_X3Y9          RAMB36E1                                     r  u_ecc/u_core/i_vrf/gen_bank[0].vrf_mem_reg/CLKARDCLK
  -------------------------------------------------------------------    -------------------
    RAMB36_X3Y9          RAMB36E1 (Prop_ramb36e1_CLKARDCLK_DOBDO[17])
                                                      2.125     2.912 r  u_ecc/u_core/i_vrf/gen_bank[0].vrf_mem_reg/DOBDO[17]
                         net (fo=2, routed)           1.129     4.041    u_ecc/u_core/i_vec/hdc_pair_src_b_i[0][49]
    SLICE_X58Y49                                                      r  u_ecc/u_core/i_vec/i_gf2_contribution_row_tile_i_463/I2
    SLICE_X58Y49         LUT3 (Prop_lut3_I2_O)        0.122     4.163 r  u_ecc/u_core/i_vec/i_gf2_contribution_row_tile_i_463/O
                         net (fo=1, routed)           0.460     4.623    u_ecc/u_core/i_vec/i_gf2_contribution_row_tile/matrix_src_b_i[1][17]
    SLICE_X56Y49                                                      r  u_ecc/u_core/i_vec/i_gf2_contribution_row_tile/matrix_product_o[1][17]_INST_0/I1
    SLICE_X56Y49         LUT2 (Prop_lut2_I1_O)        0.286     4.909 r  u_ecc/u_core/i_vec/i_gf2_contribution_row_tile/matrix_product_o[1][17]_INST_0/O
                         net (fo=1, routed)           0.493     5.402    u_ecc/u_core/i_vec/tile_product_word[0][49]
    SLICE_X60Y44                                                      r  u_ecc/u_core/i_vec/payload_q[0][49]_i_1/I4
    SLICE_X60Y44         LUT5 (Prop_lut5_I4_O)        0.105     5.507 r  u_ecc/u_core/i_vec/payload_q[0][49]_i_1/O
                         net (fo=1, routed)           0.000     5.507    u_ecc/u_core/i_vec/payload_q[0][49]_i_1_n_0
    SLICE_X60Y44         FDCE                                         r  u_ecc/u_core/i_vec/payload_q_reg[0][49]/D
  -------------------------------------------------------------------    -------------------

                         (clock clk_i rise edge)      5.000     5.000 r  
                                                      0.000     5.000 r  clk_i (IN)
                         net (fo=2611, unset)         0.748     5.748    u_ecc/u_core/i_vec/clk_i
    SLICE_X60Y44         FDCE                                         r  u_ecc/u_core/i_vec/payload_q_reg[0][49]/C
                         clock pessimism              0.000     5.748    
                         clock uncertainty           -0.035     5.712    
    SLICE_X60Y44         FDCE (Setup_fdce_C_D)        0.030     5.742    u_ecc/u_core/i_vec/payload_q_reg[0][49]
  -------------------------------------------------------------------
                         required time                          5.742    
                         arrival time                          -5.507    
  -------------------------------------------------------------------
                         slack                                  0.236    

Slack (MET) :             0.236ns  (required time - arrival time)
  Source:                 u_ecc/u_core/i_vrf/gen_bank[1].vrf_mem_reg/CLKARDCLK
                            (rising edge-triggered cell RAMB36E1 clocked by clk_i  {rise@0.000ns fall@2.500ns period=5.000ns})
  Destination:            u_ecc/u_core/i_vec/payload_q_reg[1][43]/D
                            (rising edge-triggered cell FDCE clocked by clk_i  {rise@0.000ns fall@2.500ns period=5.000ns})
  Path Group:             clk_i
  Path Type:              Setup (Max at Slow Process Corner)
  Requirement:            5.000ns  (clk_i rise@5.000ns - clk_i rise@0.000ns)
  Data Path Delay:        4.719ns  (logic 2.440ns (51.701%)  route 2.279ns (48.299%))
  Logic Levels:           3  (LUT2=1 LUT3=1 LUT5=1)
  Clock Path Skew:        -0.039ns (DCD - SCD + CPR)
    Destination Clock Delay (DCD):    0.748ns = ( 5.748 - 5.000 ) 
    Source Clock Delay      (SCD):    0.787ns
    Clock Pessimism Removal (CPR):    0.000ns
  Clock Uncertainty:      0.035ns  ((TSJ^2 + TIJ^2)^1/2 + DJ) / 2 + PE
    Total System Jitter     (TSJ):    0.071ns
    Total Input Jitter      (TIJ):    0.000ns
    Discrete Jitter          (DJ):    0.000ns
    Phase Error              (PE):    0.000ns

    Location             Delay type                Incr(ns)  Path(ns)    Netlist Resource(s)
  -------------------------------------------------------------------    -------------------
                         (clock clk_i rise edge)      0.000     0.000 r  
                                                      0.000     0.000 r  clk_i (IN)
                         net (fo=2611, unset)         0.787     0.787    u_ecc/u_core/i_vrf/clk_i
    RAMB36_X3Y8          RAMB36E1                                     r  u_ecc/u_core/i_vrf/gen_bank[1].vrf_mem_reg/CLKARDCLK
  -------------------------------------------------------------------    -------------------
    RAMB36_X3Y8          RAMB36E1 (Prop_ramb36e1_CLKARDCLK_DOBDO[11])
                                                      2.125     2.912 r  u_ecc/u_core/i_vrf/gen_bank[1].vrf_mem_reg/DOBDO[11]
                         net (fo=2, routed)           1.437     4.349    u_ecc/u_core/i_vec/hdc_pair_src_b_i[1][43]
    SLICE_X87Y49                                                      r  u_ecc/u_core/i_vec/i_gf2_contribution_row_tile_i_405/I2
    SLICE_X87Y49         LUT3 (Prop_lut3_I2_O)        0.105     4.454 r  u_ecc/u_core/i_vec/i_gf2_contribution_row_tile_i_405/O
                         net (fo=1, routed)           0.346     4.800    u_ecc/u_core/i_vec/i_gf2_contribution_row_tile/matrix_src_b_i[3][11]
    SLICE_X87Y49                                                      r  u_ecc/u_core/i_vec/i_gf2_contribution_row_tile/matrix_product_o[3][11]_INST_0/I1
    SLICE_X87Y49         LUT2 (Prop_lut2_I1_O)        0.105     4.905 r  u_ecc/u_core/i_vec/i_gf2_contribution_row_tile/matrix_product_o[3][11]_INST_0/O
                         net (fo=1, routed)           0.496     5.401    u_ecc/u_core/i_vec/tile_product_word[1][43]
    SLICE_X87Y45                                                      r  u_ecc/u_core/i_vec/payload_q[1][43]_i_1/I4
    SLICE_X87Y45         LUT5 (Prop_lut5_I4_O)        0.105     5.506 r  u_ecc/u_core/i_vec/payload_q[1][43]_i_1/O
                         net (fo=1, routed)           0.000     5.506    u_ecc/u_core/i_vec/payload_q[1][43]_i_1_n_0
    SLICE_X87Y45         FDCE                                         r  u_ecc/u_core/i_vec/payload_q_reg[1][43]/D
  -------------------------------------------------------------------    -------------------

                         (clock clk_i rise edge)      5.000     5.000 r  
                                                      0.000     5.000 r  clk_i (IN)
                         net (fo=2611, unset)         0.748     5.748    u_ecc/u_core/i_vec/clk_i
    SLICE_X87Y45         FDCE                                         r  u_ecc/u_core/i_vec/payload_q_reg[1][43]/C
                         clock pessimism              0.000     5.748    
                         clock uncertainty           -0.035     5.712    
    SLICE_X87Y45         FDCE (Setup_fdce_C_D)        0.030     5.742    u_ecc/u_core/i_vec/payload_q_reg[1][43]
  -------------------------------------------------------------------
                         required time                          5.742    
                         arrival time                          -5.506    
  -------------------------------------------------------------------
                         slack                                  0.236    

Slack (MET) :             0.237ns  (required time - arrival time)
  Source:                 u_ecc/u_core/ecc_kpd64_sub_q_reg[1]_rep/C
                            (rising edge-triggered cell FDCE clocked by clk_i  {rise@0.000ns fall@2.500ns period=5.000ns})
  Destination:            u_ecc/u_core/hdc_src0_q_reg[2][14]/D
                            (rising edge-triggered cell FDCE clocked by clk_i  {rise@0.000ns fall@2.500ns period=5.000ns})
  Path Group:             clk_i
  Path Type:              Setup (Max at Slow Process Corner)
  Requirement:            5.000ns  (clk_i rise@5.000ns - clk_i rise@0.000ns)
  Data Path Delay:        4.718ns  (logic 1.075ns (22.785%)  route 3.643ns (77.215%))
  Logic Levels:           5  (LUT2=1 LUT5=1 LUT6=3)
  Clock Path Skew:        -0.039ns (DCD - SCD + CPR)
    Destination Clock Delay (DCD):    0.748ns = ( 5.748 - 5.000 ) 
    Source Clock Delay      (SCD):    0.787ns
    Clock Pessimism Removal (CPR):    0.000ns
  Clock Uncertainty:      0.035ns  ((TSJ^2 + TIJ^2)^1/2 + DJ) / 2 + PE
    Total System Jitter     (TSJ):    0.071ns
    Total Input Jitter      (TIJ):    0.000ns
    Discrete Jitter          (DJ):    0.000ns
    Phase Error              (PE):    0.000ns

    Location             Delay type                Incr(ns)  Path(ns)    Netlist Resource(s)
  -------------------------------------------------------------------    -------------------
                         (clock clk_i rise edge)      0.000     0.000 r  
                                                      0.000     0.000 r  clk_i (IN)
                         net (fo=2611, unset)         0.787     0.787    u_ecc/u_core/clk_i
    SLICE_X74Y44         FDCE                                         r  u_ecc/u_core/ecc_kpd64_sub_q_reg[1]_rep/C
  -------------------------------------------------------------------    -------------------
    SLICE_X74Y44         FDCE (Prop_fdce_C_Q)         0.379     1.166 f  u_ecc/u_core/ecc_kpd64_sub_q_reg[1]_rep/Q
                         net (fo=107, routed)         1.314     2.480    u_ecc/u_core/ecc_kpd64_sub_q_reg[1]_rep_n_0
    SLICE_X85Y49                                                      f  u_ecc/u_core/i_vec_i_303/I1
    SLICE_X85Y49         LUT6 (Prop_lut6_I1_O)        0.105     2.585 r  u_ecc/u_core/i_vec_i_303/O
                         net (fo=9, routed)           0.847     3.432    u_ecc/u_core/i_vec_i_303_n_0
    SLICE_X84Y47                                                      r  u_ecc/u_core/i_vec_i_550/I2
    SLICE_X84Y47         LUT6 (Prop_lut6_I2_O)        0.105     3.537 r  u_ecc/u_core/i_vec_i_550/O
                         net (fo=1, routed)           0.520     4.057    u_ecc/u_core/i_vec_i_550_n_0
    SLICE_X84Y38                                                      r  u_ecc/u_core/i_vec_i_149/I4
    SLICE_X84Y38         LUT5 (Prop_lut5_I4_O)        0.105     4.162 r  u_ecc/u_core/i_vec_i_149/O
                         net (fo=2, routed)           0.617     4.779    u_ecc/u_core/i_vec/xor0_contribution_packet_i[2][14]
    SLICE_X69Y38                                                      r  u_ecc/u_core/i_vec/xor0_field_packet_o[142]_INST_0/I0
    SLICE_X69Y38         LUT2 (Prop_lut2_I0_O)        0.107     4.886 r  u_ecc/u_core/i_vec/xor0_field_packet_o[142]_INST_0/O
                         net (fo=1, routed)           0.345     5.231    u_ecc/u_core/xor0_field_packet[142]
    SLICE_X69Y38                                                      r  u_ecc/u_core/hdc_src0_q[2][14]_i_1/I4
    SLICE_X69Y38         LUT6 (Prop_lut6_I4_O)        0.274     5.505 r  u_ecc/u_core/hdc_src0_q[2][14]_i_1/O
                         net (fo=1, routed)           0.000     5.505    u_ecc/u_core/hdc_src0_q[2][14]_i_1_n_0
    SLICE_X69Y38         FDCE                                         r  u_ecc/u_core/hdc_src0_q_reg[2][14]/D
  -------------------------------------------------------------------    -------------------

                         (clock clk_i rise edge)      5.000     5.000 r  
                                                      0.000     5.000 r  clk_i (IN)
                         net (fo=2611, unset)         0.748     5.748    u_ecc/u_core/clk_i
    SLICE_X69Y38         FDCE                                         r  u_ecc/u_core/hdc_src0_q_reg[2][14]/C
                         clock pessimism              0.000     5.748    
                         clock uncertainty           -0.035     5.712    
    SLICE_X69Y38         FDCE (Setup_fdce_C_D)        0.030     5.742    u_ecc/u_core/hdc_src0_q_reg[2][14]
  -------------------------------------------------------------------
                         required time                          5.742    
                         arrival time                          -5.505    
  -------------------------------------------------------------------
                         slack                                  0.237    

Slack (MET) :             0.239ns  (required time - arrival time)
  Source:                 u_ecc/u_core/ecc_leaf_path_q_reg[2]/C
                            (rising edge-triggered cell FDCE clocked by clk_i  {rise@0.000ns fall@2.500ns period=5.000ns})
  Destination:            u_ecc/u_core/hdc_src0_q_reg[2][37]/D
                            (rising edge-triggered cell FDCE clocked by clk_i  {rise@0.000ns fall@2.500ns period=5.000ns})
  Path Group:             clk_i
  Path Type:              Setup (Max at Slow Process Corner)
  Requirement:            5.000ns  (clk_i rise@5.000ns - clk_i rise@0.000ns)
  Data Path Delay:        4.718ns  (logic 1.063ns (22.530%)  route 3.655ns (77.470%))
  Logic Levels:           6  (LUT2=1 LUT4=1 LUT5=1 LUT6=3)
  Clock Path Skew:        -0.039ns (DCD - SCD + CPR)
    Destination Clock Delay (DCD):    0.748ns = ( 5.748 - 5.000 ) 
    Source Clock Delay      (SCD):    0.787ns
    Clock Pessimism Removal (CPR):    0.000ns
  Clock Uncertainty:      0.035ns  ((TSJ^2 + TIJ^2)^1/2 + DJ) / 2 + PE
    Total System Jitter     (TSJ):    0.071ns
    Total Input Jitter      (TIJ):    0.000ns
    Discrete Jitter          (DJ):    0.000ns
    Phase Error              (PE):    0.000ns

    Location             Delay type                Incr(ns)  Path(ns)    Netlist Resource(s)
  -------------------------------------------------------------------    -------------------
                         (clock clk_i rise edge)      0.000     0.000 r  
                                                      0.000     0.000 r  clk_i (IN)
                         net (fo=2611, unset)         0.787     0.787    u_ecc/u_core/clk_i
    SLICE_X58Y43         FDCE                                         r  u_ecc/u_core/ecc_leaf_path_q_reg[2]/C
  -------------------------------------------------------------------    -------------------
    SLICE_X58Y43         FDCE (Prop_fdce_C_Q)         0.433     1.220 f  u_ecc/u_core/ecc_leaf_path_q_reg[2]/Q
                         net (fo=111, routed)         0.736     1.956    u_ecc/u_core/path[2]
    SLICE_X71Y43                                                      f  u_ecc/u_core/i_vec_i_813/I1
    SLICE_X71Y43         LUT4 (Prop_lut4_I1_O)        0.105     2.061 r  u_ecc/u_core/i_vec_i_813/O
                         net (fo=100, routed)         1.246     3.307    u_ecc/u_core/i_vec_i_813_n_0
    SLICE_X86Y45                                                      r  u_ecc/u_core/i_vec_i_697/I0
    SLICE_X86Y45         LUT6 (Prop_lut6_I0_O)        0.105     3.412 r  u_ecc/u_core/i_vec_i_697/O
                         net (fo=3, routed)           0.142     3.555    u_ecc/u_core/i_vec_i_697_n_0
    SLICE_X86Y45                                                      r  u_ecc/u_core/i_vec_i_491/I4
    SLICE_X86Y45         LUT5 (Prop_lut5_I4_O)        0.105     3.660 r  u_ecc/u_core/i_vec_i_491/O
                         net (fo=1, routed)           0.469     4.129    u_ecc/u_core/i_vec_i_491_n_0
    SLICE_X86Y45                                                      r  u_ecc/u_core/i_vec_i_126/I2
    SLICE_X86Y45         LUT6 (Prop_lut6_I2_O)        0.105     4.234 r  u_ecc/u_core/i_vec_i_126/O
                         net (fo=2, routed)           0.746     4.980    u_ecc/u_core/i_vec/xor0_contribution_packet_i[2][37]
    SLICE_X76Y43                                                      r  u_ecc/u_core/i_vec/xor0_field_packet_o[165]_INST_0/I0
    SLICE_X76Y43         LUT2 (Prop_lut2_I0_O)        0.105     5.085 r  u_ecc/u_core/i_vec/xor0_field_packet_o[165]_INST_0/O
                         net (fo=1, routed)           0.315     5.400    u_ecc/u_core/xor0_field_packet[165]
    SLICE_X77Y44                                                      r  u_ecc/u_core/hdc_src0_q[2][37]_i_1/I4
    SLICE_X77Y44         LUT6 (Prop_lut6_I4_O)        0.105     5.505 r  u_ecc/u_core/hdc_src0_q[2][37]_i_1/O
                         net (fo=1, routed)           0.000     5.505    u_ecc/u_core/hdc_src0_q[2][37]_i_1_n_0
    SLICE_X77Y44         FDCE                                         r  u_ecc/u_core/hdc_src0_q_reg[2][37]/D
  -------------------------------------------------------------------    -------------------

                         (clock clk_i rise edge)      5.000     5.000 r  
                                                      0.000     5.000 r  clk_i (IN)
                         net (fo=2611, unset)         0.748     5.748    u_ecc/u_core/clk_i
    SLICE_X77Y44         FDCE                                         r  u_ecc/u_core/hdc_src0_q_reg[2][37]/C
                         clock pessimism              0.000     5.748    
                         clock uncertainty           -0.035     5.712    
    SLICE_X77Y44         FDCE (Setup_fdce_C_D)        0.032     5.744    u_ecc/u_core/hdc_src0_q_reg[2][37]
  -------------------------------------------------------------------
                         required time                          5.744    
                         arrival time                          -5.505    
  -------------------------------------------------------------------
                         slack                                  0.239    

Slack (MET) :             0.239ns  (required time - arrival time)
  Source:                 u_ecc/u_core/i_vrf/gen_bank[2].vrf_mem_reg/CLKARDCLK
                            (rising edge-triggered cell RAMB36E1 clocked by clk_i  {rise@0.000ns fall@2.500ns period=5.000ns})
  Destination:            u_ecc/u_core/i_vec/payload_q_reg[2][18]/D
                            (rising edge-triggered cell FDCE clocked by clk_i  {rise@0.000ns fall@2.500ns period=5.000ns})
  Path Group:             clk_i
  Path Type:              Setup (Max at Slow Process Corner)
  Requirement:            5.000ns  (clk_i rise@5.000ns - clk_i rise@0.000ns)
  Data Path Delay:        4.718ns  (logic 2.621ns (55.553%)  route 2.097ns (44.447%))
  Logic Levels:           3  (LUT2=1 LUT3=1 LUT5=1)
  Clock Path Skew:        -0.039ns (DCD - SCD + CPR)
    Destination Clock Delay (DCD):    0.748ns = ( 5.748 - 5.000 ) 
    Source Clock Delay      (SCD):    0.787ns
    Clock Pessimism Removal (CPR):    0.000ns
  Clock Uncertainty:      0.035ns  ((TSJ^2 + TIJ^2)^1/2 + DJ) / 2 + PE
    Total System Jitter     (TSJ):    0.071ns
    Total Input Jitter      (TIJ):    0.000ns
    Discrete Jitter          (DJ):    0.000ns
    Phase Error              (PE):    0.000ns

    Location             Delay type                Incr(ns)  Path(ns)    Netlist Resource(s)
  -------------------------------------------------------------------    -------------------
                         (clock clk_i rise edge)      0.000     0.000 r  
                                                      0.000     0.000 r  clk_i (IN)
                         net (fo=2611, unset)         0.787     0.787    u_ecc/u_core/i_vrf/clk_i
    RAMB36_X3Y6          RAMB36E1                                     r  u_ecc/u_core/i_vrf/gen_bank[2].vrf_mem_reg/CLKARDCLK
  -------------------------------------------------------------------    -------------------
    RAMB36_X3Y6          RAMB36E1 (Prop_ramb36e1_CLKARDCLK_DOADO[18])
                                                      2.125     2.912 r  u_ecc/u_core/i_vrf/gen_bank[2].vrf_mem_reg/DOADO[18]
                         net (fo=2, routed)           1.115     4.027    u_ecc/u_core/i_vec/hdc_pair_src_b_i[2][18]
    SLICE_X64Y33                                                      r  u_ecc/u_core/i_vec/i_gf2_contribution_row_tile_i_366/I2
    SLICE_X64Y33         LUT3 (Prop_lut3_I2_O)        0.124     4.151 r  u_ecc/u_core/i_vec/i_gf2_contribution_row_tile_i_366/O
                         net (fo=1, routed)           0.665     4.816    u_ecc/u_core/i_vec/i_gf2_contribution_row_tile/matrix_src_b_i[4][18]
    SLICE_X69Y33                                                      r  u_ecc/u_core/i_vec/i_gf2_contribution_row_tile/matrix_product_o[4][18]_INST_0/I1
    SLICE_X69Y33         LUT2 (Prop_lut2_I1_O)        0.267     5.083 r  u_ecc/u_core/i_vec/i_gf2_contribution_row_tile/matrix_product_o[4][18]_INST_0/O
                         net (fo=1, routed)           0.317     5.400    u_ecc/u_core/i_vec/tile_product_word[2][18]
    SLICE_X69Y33                                                      r  u_ecc/u_core/i_vec/payload_q[2][18]_i_1/I4
    SLICE_X69Y33         LUT5 (Prop_lut5_I4_O)        0.105     5.505 r  u_ecc/u_core/i_vec/payload_q[2][18]_i_1/O
                         net (fo=1, routed)           0.000     5.505    u_ecc/u_core/i_vec/payload_q[2][18]_i_1_n_0
    SLICE_X69Y33         FDCE                                         r  u_ecc/u_core/i_vec/payload_q_reg[2][18]/D
  -------------------------------------------------------------------    -------------------

                         (clock clk_i rise edge)      5.000     5.000 r  
                                                      0.000     5.000 r  clk_i (IN)
                         net (fo=2611, unset)         0.748     5.748    u_ecc/u_core/i_vec/clk_i
    SLICE_X69Y33         FDCE                                         r  u_ecc/u_core/i_vec/payload_q_reg[2][18]/C
                         clock pessimism              0.000     5.748    
                         clock uncertainty           -0.035     5.712    
    SLICE_X69Y33         FDCE (Setup_fdce_C_D)        0.032     5.744    u_ecc/u_core/i_vec/payload_q_reg[2][18]
  -------------------------------------------------------------------
                         required time                          5.744    
                         arrival time                          -5.505    
  -------------------------------------------------------------------
                         slack                                  0.239    

Slack (MET) :             0.239ns  (required time - arrival time)
  Source:                 u_ecc/u_core/ecc_leaf_path_q_reg[2]/C
                            (rising edge-triggered cell FDCE clocked by clk_i  {rise@0.000ns fall@2.500ns period=5.000ns})
  Destination:            u_ecc/u_core/ecc_leaf_xor_b_q_reg[29]/D
                            (rising edge-triggered cell FDCE clocked by clk_i  {rise@0.000ns fall@2.500ns period=5.000ns})
  Path Group:             clk_i
  Path Type:              Setup (Max at Slow Process Corner)
  Requirement:            5.000ns  (clk_i rise@5.000ns - clk_i rise@0.000ns)
  Data Path Delay:        4.644ns  (logic 1.063ns (22.890%)  route 3.581ns (77.110%))
  Logic Levels:           6  (LUT4=2 LUT5=3 LUT6=1)
  Clock Path Skew:        -0.039ns (DCD - SCD + CPR)
    Destination Clock Delay (DCD):    0.748ns = ( 5.748 - 5.000 ) 
    Source Clock Delay      (SCD):    0.787ns
    Clock Pessimism Removal (CPR):    0.000ns
  Clock Uncertainty:      0.035ns  ((TSJ^2 + TIJ^2)^1/2 + DJ) / 2 + PE
    Total System Jitter     (TSJ):    0.071ns
    Total Input Jitter      (TIJ):    0.000ns
    Discrete Jitter          (DJ):    0.000ns
    Phase Error              (PE):    0.000ns

    Location             Delay type                Incr(ns)  Path(ns)    Netlist Resource(s)
  -------------------------------------------------------------------    -------------------
                         (clock clk_i rise edge)      0.000     0.000 r  
                                                      0.000     0.000 r  clk_i (IN)
                         net (fo=2611, unset)         0.787     0.787    u_ecc/u_core/clk_i
    SLICE_X58Y43         FDCE                                         r  u_ecc/u_core/ecc_leaf_path_q_reg[2]/C
  -------------------------------------------------------------------    -------------------
    SLICE_X58Y43         FDCE (Prop_fdce_C_Q)         0.433     1.220 f  u_ecc/u_core/ecc_leaf_path_q_reg[2]/Q
                         net (fo=111, routed)         0.551     1.771    u_ecc/u_core/path[2]
    SLICE_X57Y43                                                      f  u_ecc/u_core/i_vec_i_304/I3
    SLICE_X57Y43         LUT4 (Prop_lut4_I3_O)        0.105     1.876 r  u_ecc/u_core/i_vec_i_304/O
                         net (fo=112, routed)         0.675     2.551    u_ecc/u_core/i_vec_i_304_n_0
    SLICE_X51Y44                                                      r  u_ecc/u_core/ecc_leaf_xor_a_q[31]_i_13/I4
    SLICE_X51Y44         LUT6 (Prop_lut6_I4_O)        0.105     2.656 r  u_ecc/u_core/ecc_leaf_xor_a_q[31]_i_13/O
                         net (fo=5, routed)           0.269     2.925    u_ecc/u_core/ecc_leaf_xor_a_q[31]_i_13_n_0
    SLICE_X52Y44                                                      r  u_ecc/u_core/ecc_leaf_xor_a_q[31]_i_14/I0
    SLICE_X52Y44         LUT5 (Prop_lut5_I0_O)        0.105     3.030 r  u_ecc/u_core/ecc_leaf_xor_a_q[31]_i_14/O
                         net (fo=125, routed)         0.978     4.008    u_ecc/u_core/ecc_leaf_xor_a_q[31]_i_14_n_0
    SLICE_X47Y42                                                      r  u_ecc/u_core/ecc_leaf_xor_a_q[2]_i_6/I0
    SLICE_X47Y42         LUT5 (Prop_lut5_I0_O)        0.105     4.113 r  u_ecc/u_core/ecc_leaf_xor_a_q[2]_i_6/O
                         net (fo=1, routed)           0.346     4.459    u_ecc/u_core/ecc_leaf_xor_a_q[2]_i_6_n_0
    SLICE_X47Y42                                                      r  u_ecc/u_core/ecc_leaf_xor_a_q[2]_i_2/I2
    SLICE_X47Y42         LUT4 (Prop_lut4_I2_O)        0.105     4.564 r  u_ecc/u_core/ecc_leaf_xor_a_q[2]_i_2/O
                         net (fo=3, routed)           0.495     5.059    u_ecc/u_core/ecc_leaf_xor_a_q[2]_i_2_n_0
    SLICE_X47Y43                                                      r  u_ecc/u_core/ecc_leaf_xor_a_q[2]_i_1/I1
    SLICE_X47Y43         LUT5 (Prop_lut5_I1_O)        0.105     5.164 r  u_ecc/u_core/ecc_leaf_xor_a_q[2]_i_1/O
                         net (fo=2, routed)           0.267     5.431    u_ecc/u_core/word[2]
    SLICE_X43Y43         FDCE                                         r  u_ecc/u_core/ecc_leaf_xor_b_q_reg[29]/D
  -------------------------------------------------------------------    -------------------

                         (clock clk_i rise edge)      5.000     5.000 r  
                                                      0.000     5.000 r  clk_i (IN)
                         net (fo=2611, unset)         0.748     5.748    u_ecc/u_core/clk_i
    SLICE_X43Y43         FDCE                                         r  u_ecc/u_core/ecc_leaf_xor_b_q_reg[29]/C
                         clock pessimism              0.000     5.748    
                         clock uncertainty           -0.035     5.712    
    SLICE_X43Y43         FDCE (Setup_fdce_C_D)       -0.042     5.670    u_ecc/u_core/ecc_leaf_xor_b_q_reg[29]
  -------------------------------------------------------------------
                         required time                          5.670    
                         arrival time                          -5.431    
  -------------------------------------------------------------------
                         slack                                  0.239    

Slack (MET) :             0.242ns  (required time - arrival time)
  Source:                 u_ecc/u_core/ecc_leaf_path_q_reg[3]/C
                            (rising edge-triggered cell FDCE clocked by clk_i  {rise@0.000ns fall@2.500ns period=5.000ns})
  Destination:            u_ecc/u_core/i_vec/payload_q_reg[3][23]/D
                            (rising edge-triggered cell FDCE clocked by clk_i  {rise@0.000ns fall@2.500ns period=5.000ns})
  Path Group:             clk_i
  Path Type:              Setup (Max at Slow Process Corner)
  Requirement:            5.000ns  (clk_i rise@5.000ns - clk_i rise@0.000ns)
  Data Path Delay:        4.756ns  (logic 1.371ns (28.830%)  route 3.385ns (71.170%))
  Logic Levels:           6  (LUT2=1 LUT3=2 LUT4=1 LUT5=1 LUT6=1)
  Clock Path Skew:        -0.039ns (DCD - SCD + CPR)
    Destination Clock Delay (DCD):    0.748ns = ( 5.748 - 5.000 ) 
    Source Clock Delay      (SCD):    0.787ns
    Clock Pessimism Removal (CPR):    0.000ns
  Clock Uncertainty:      0.035ns  ((TSJ^2 + TIJ^2)^1/2 + DJ) / 2 + PE
    Total System Jitter     (TSJ):    0.071ns
    Total Input Jitter      (TIJ):    0.000ns
    Discrete Jitter          (DJ):    0.000ns
    Phase Error              (PE):    0.000ns

    Location             Delay type                Incr(ns)  Path(ns)    Netlist Resource(s)
  -------------------------------------------------------------------    -------------------
                         (clock clk_i rise edge)      0.000     0.000 r  
                                                      0.000     0.000 r  clk_i (IN)
                         net (fo=2611, unset)         0.787     0.787    u_ecc/u_core/clk_i
    SLICE_X69Y43         FDCE                                         r  u_ecc/u_core/ecc_leaf_path_q_reg[3]/C
  -------------------------------------------------------------------    -------------------
    SLICE_X69Y43         FDCE (Prop_fdce_C_Q)         0.379     1.166 f  u_ecc/u_core/ecc_leaf_path_q_reg[3]/Q
                         net (fo=109, routed)         0.721     1.887    u_ecc/u_core/path[3]
    SLICE_X63Y43                                                      f  u_ecc/u_core/i_vec_i_298/I2
    SLICE_X63Y43         LUT4 (Prop_lut4_I2_O)        0.105     1.992 f  u_ecc/u_core/i_vec_i_298/O
                         net (fo=111, routed)         0.239     2.231    u_ecc/u_core/i_vec_i_298_n_0
    SLICE_X63Y43                                                      f  u_ecc/u_core/i_vec_i_293/I0
    SLICE_X63Y43         LUT3 (Prop_lut3_I0_O)        0.105     2.336 f  u_ecc/u_core/i_vec_i_293/O
                         net (fo=1, routed)           0.257     2.593    u_ecc/u_core/i_vec_i_293_n_0
    SLICE_X64Y42                                                      f  u_ecc/u_core/i_vec_i_2/I4
    SLICE_X64Y42         LUT6 (Prop_lut6_I4_O)        0.105     2.698 r  u_ecc/u_core/i_vec_i_2/O
                         net (fo=769, routed)         1.127     3.825    u_ecc/u_core/i_vec/payload_product_i
    SLICE_X58Y48                                                      r  u_ecc/u_core/i_vec/i_gf2_contribution_row_tile_i_41/I1
    SLICE_X58Y48         LUT3 (Prop_lut3_I1_O)        0.106     3.931 r  u_ecc/u_core/i_vec/i_gf2_contribution_row_tile_i_41/O
                         net (fo=1, routed)           0.568     4.499    u_ecc/u_core/i_vec/i_gf2_contribution_row_tile/matrix_src_a_i[6][23]
    SLICE_X58Y48                                                      r  u_ecc/u_core/i_vec/i_gf2_contribution_row_tile/matrix_product_o[6][23]_INST_0/I0
    SLICE_X58Y48         LUT2 (Prop_lut2_I0_O)        0.285     4.784 r  u_ecc/u_core/i_vec/i_gf2_contribution_row_tile/matrix_product_o[6][23]_INST_0/O
                         net (fo=1, routed)           0.473     5.257    u_ecc/u_core/i_vec/tile_product_word[3][23]
    SLICE_X58Y47                                                      r  u_ecc/u_core/i_vec/payload_q[3][23]_i_1/I4
    SLICE_X58Y47         LUT5 (Prop_lut5_I4_O)        0.286     5.543 r  u_ecc/u_core/i_vec/payload_q[3][23]_i_1/O
                         net (fo=1, routed)           0.000     5.543    u_ecc/u_core/i_vec/payload_q[3][23]_i_1_n_0
    SLICE_X58Y47         FDCE                                         r  u_ecc/u_core/i_vec/payload_q_reg[3][23]/D
  -------------------------------------------------------------------    -------------------

                         (clock clk_i rise edge)      5.000     5.000 r  
                                                      0.000     5.000 r  clk_i (IN)
                         net (fo=2611, unset)         0.748     5.748    u_ecc/u_core/i_vec/clk_i
    SLICE_X58Y47         FDCE                                         r  u_ecc/u_core/i_vec/payload_q_reg[3][23]/C
                         clock pessimism              0.000     5.748    
                         clock uncertainty           -0.035     5.712    
    SLICE_X58Y47         FDCE (Setup_fdce_C_D)        0.072     5.784    u_ecc/u_core/i_vec/payload_q_reg[3][23]
  -------------------------------------------------------------------
                         required time                          5.784    
                         arrival time                          -5.543    
  -------------------------------------------------------------------
                         slack                                  0.242    

Slack (MET) :             0.243ns  (required time - arrival time)
  Source:                 u_ecc/u_core/i_vrf/gen_bank[1].vrf_mem_reg/CLKARDCLK
                            (rising edge-triggered cell RAMB36E1 clocked by clk_i  {rise@0.000ns fall@2.500ns period=5.000ns})
  Destination:            u_ecc/u_core/i_vec/payload_q_reg[1][56]/D
                            (rising edge-triggered cell FDCE clocked by clk_i  {rise@0.000ns fall@2.500ns period=5.000ns})
  Path Group:             clk_i
  Path Type:              Setup (Max at Slow Process Corner)
  Requirement:            5.000ns  (clk_i rise@5.000ns - clk_i rise@0.000ns)
  Data Path Delay:        4.751ns  (logic 2.610ns (54.935%)  route 2.141ns (45.065%))
  Logic Levels:           3  (LUT2=1 LUT3=1 LUT5=1)
  Clock Path Skew:        -0.039ns (DCD - SCD + CPR)
    Destination Clock Delay (DCD):    0.748ns = ( 5.748 - 5.000 ) 
    Source Clock Delay      (SCD):    0.787ns
    Clock Pessimism Removal (CPR):    0.000ns
  Clock Uncertainty:      0.035ns  ((TSJ^2 + TIJ^2)^1/2 + DJ) / 2 + PE
    Total System Jitter     (TSJ):    0.071ns
    Total Input Jitter      (TIJ):    0.000ns
    Discrete Jitter          (DJ):    0.000ns
    Phase Error              (PE):    0.000ns

    Location             Delay type                Incr(ns)  Path(ns)    Netlist Resource(s)
  -------------------------------------------------------------------    -------------------
                         (clock clk_i rise edge)      0.000     0.000 r  
                                                      0.000     0.000 r  clk_i (IN)
                         net (fo=2611, unset)         0.787     0.787    u_ecc/u_core/i_vrf/clk_i
    RAMB36_X3Y8          RAMB36E1                                     r  u_ecc/u_core/i_vrf/gen_bank[1].vrf_mem_reg/CLKARDCLK
  -------------------------------------------------------------------    -------------------
    RAMB36_X3Y8          RAMB36E1 (Prop_ramb36e1_CLKARDCLK_DOBDO[24])
                                                      2.125     2.912 r  u_ecc/u_core/i_vrf/gen_bank[1].vrf_mem_reg/DOBDO[24]
                         net (fo=2, routed)           1.344     4.256    u_ecc/u_core/i_vec/hdc_pair_src_b_i[1][56]
    SLICE_X78Y36                                                      r  u_ecc/u_core/i_vec/i_gf2_contribution_row_tile_i_392/I2
    SLICE_X78Y36         LUT3 (Prop_lut3_I2_O)        0.108     4.364 r  u_ecc/u_core/i_vec/i_gf2_contribution_row_tile_i_392/O
                         net (fo=1, routed)           0.593     4.957    u_ecc/u_core/i_vec/i_gf2_contribution_row_tile/matrix_src_b_i[3][24]
    SLICE_X81Y38                                                      r  u_ecc/u_core/i_vec/i_gf2_contribution_row_tile/matrix_product_o[3][24]_INST_0/I1
    SLICE_X81Y38         LUT2 (Prop_lut2_I1_O)        0.267     5.224 r  u_ecc/u_core/i_vec/i_gf2_contribution_row_tile/matrix_product_o[3][24]_INST_0/O
                         net (fo=1, routed)           0.204     5.428    u_ecc/u_core/i_vec/tile_product_word[1][56]
    SLICE_X81Y38                                                      r  u_ecc/u_core/i_vec/payload_q[1][56]_i_1/I4
    SLICE_X81Y38         LUT5 (Prop_lut5_I4_O)        0.110     5.538 r  u_ecc/u_core/i_vec/payload_q[1][56]_i_1/O
                         net (fo=1, routed)           0.000     5.538    u_ecc/u_core/i_vec/payload_q[1][56]_i_1_n_0
    SLICE_X81Y38         FDCE                                         r  u_ecc/u_core/i_vec/payload_q_reg[1][56]/D
  -------------------------------------------------------------------    -------------------

                         (clock clk_i rise edge)      5.000     5.000 r  
                                                      0.000     5.000 r  clk_i (IN)
                         net (fo=2611, unset)         0.748     5.748    u_ecc/u_core/i_vec/clk_i
    SLICE_X81Y38         FDCE                                         r  u_ecc/u_core/i_vec/payload_q_reg[1][56]/C
                         clock pessimism              0.000     5.748    
                         clock uncertainty           -0.035     5.712    
    SLICE_X81Y38         FDCE (Setup_fdce_C_D)        0.069     5.781    u_ecc/u_core/i_vec/payload_q_reg[1][56]
  -------------------------------------------------------------------
                         required time                          5.781    
                         arrival time                          -5.538    
  -------------------------------------------------------------------
                         slack                                  0.243    

Slack (MET) :             0.245ns  (required time - arrival time)
  Source:                 u_hdc/u_core/hperm_lane_base_q_reg[0]/C
                            (rising edge-triggered cell FDCE clocked by clk_i  {rise@0.000ns fall@2.500ns period=5.000ns})
  Destination:            u_hdc/u_core/hperm_stage_q_reg[48]/D
                            (rising edge-triggered cell FDCE clocked by clk_i  {rise@0.000ns fall@2.500ns period=5.000ns})
  Path Group:             clk_i
  Path Type:              Setup (Max at Slow Process Corner)
  Requirement:            5.000ns  (clk_i rise@5.000ns - clk_i rise@0.000ns)
  Data Path Delay:        4.712ns  (logic 1.091ns (23.152%)  route 3.621ns (76.848%))
  Logic Levels:           5  (LUT3=1 LUT4=1 LUT5=2 LUT6=1)
  Clock Path Skew:        -0.039ns (DCD - SCD + CPR)
    Destination Clock Delay (DCD):    0.748ns = ( 5.748 - 5.000 ) 
    Source Clock Delay      (SCD):    0.787ns
    Clock Pessimism Removal (CPR):    0.000ns
  Clock Uncertainty:      0.035ns  ((TSJ^2 + TIJ^2)^1/2 + DJ) / 2 + PE
    Total System Jitter     (TSJ):    0.071ns
    Total Input Jitter      (TIJ):    0.000ns
    Discrete Jitter          (DJ):    0.000ns
    Phase Error              (PE):    0.000ns

    Location             Delay type                Incr(ns)  Path(ns)    Netlist Resource(s)
  -------------------------------------------------------------------    -------------------
                         (clock clk_i rise edge)      0.000     0.000 r  
                                                      0.000     0.000 r  clk_i (IN)
                         net (fo=2611, unset)         0.787     0.787    u_hdc/u_core/clk_i
    SLICE_X65Y12         FDCE                                         r  u_hdc/u_core/hperm_lane_base_q_reg[0]/C
  -------------------------------------------------------------------    -------------------
    SLICE_X65Y12         FDCE (Prop_fdce_C_Q)         0.379     1.166 r  u_hdc/u_core/hperm_lane_base_q_reg[0]/Q
                         net (fo=7, routed)           0.564     1.730    u_hdc/u_core/hperm_lane_base_q[0]
    SLICE_X65Y12                                                      r  u_hdc/u_core/hperm_stage_q[70]_i_24/I0
    SLICE_X65Y12         LUT4 (Prop_lut4_I0_O)        0.105     1.835 f  u_hdc/u_core/hperm_stage_q[70]_i_24/O
                         net (fo=129, routed)         0.753     2.588    u_hdc/u_core/hperm_stage_q[70]_i_24_n_0
    SLICE_X64Y12                                                      f  u_hdc/u_core/hperm_stage_q[70]_i_14/I0
    SLICE_X64Y12         LUT5 (Prop_lut5_I0_O)        0.123     2.711 r  u_hdc/u_core/hperm_stage_q[70]_i_14/O
                         net (fo=127, routed)         1.186     3.897    u_hdc/u_core/hperm_stage_q[70]_i_14_n_0
    SLICE_X80Y13                                                      r  u_hdc/u_core/hperm_stage_q[64]_i_9/I2
    SLICE_X80Y13         LUT6 (Prop_lut6_I2_O)        0.274     4.171 f  u_hdc/u_core/hperm_stage_q[64]_i_9/O
                         net (fo=3, routed)           0.524     4.695    u_hdc/u_core/hperm_stage_q[64]_i_9_n_0
    SLICE_X82Y13                                                      f  u_hdc/u_core/hperm_stage_q[48]_i_2/I2
    SLICE_X82Y13         LUT3 (Prop_lut3_I2_O)        0.105     4.800 f  u_hdc/u_core/hperm_stage_q[48]_i_2/O
                         net (fo=1, routed)           0.594     5.394    u_hdc/u_core/hperm_stage_q[48]_i_2_n_0
    SLICE_X78Y14                                                      f  u_hdc/u_core/hperm_stage_q[48]_i_1/I0
    SLICE_X78Y14         LUT5 (Prop_lut5_I0_O)        0.105     5.499 r  u_hdc/u_core/hperm_stage_q[48]_i_1/O
                         net (fo=1, routed)           0.000     5.499    u_hdc/u_core/hperm_byte_window[48]
    SLICE_X78Y14         FDCE                                         r  u_hdc/u_core/hperm_stage_q_reg[48]/D
  -------------------------------------------------------------------    -------------------

                         (clock clk_i rise edge)      5.000     5.000 r  
                                                      0.000     5.000 r  clk_i (IN)
                         net (fo=2611, unset)         0.748     5.748    u_hdc/u_core/clk_i
    SLICE_X78Y14         FDCE                                         r  u_hdc/u_core/hperm_stage_q_reg[48]/C
                         clock pessimism              0.000     5.748    
                         clock uncertainty           -0.035     5.712    
    SLICE_X78Y14         FDCE (Setup_fdce_C_D)        0.032     5.744    u_hdc/u_core/hperm_stage_q_reg[48]
  -------------------------------------------------------------------
                         required time                          5.744    
                         arrival time                          -5.499    
  -------------------------------------------------------------------
                         slack                                  0.245    

Slack (MET) :             0.246ns  (required time - arrival time)
  Source:                 u_ecc/u_core/FSM_onehot_st_q_reg[57]/C
                            (rising edge-triggered cell FDCE clocked by clk_i  {rise@0.000ns fall@2.500ns period=5.000ns})
  Destination:            u_ecc/u_core/i_vrf/gen_bank[1].vrf_mem_reg/DIADI[3]
                            (rising edge-triggered cell RAMB36E1 clocked by clk_i  {rise@0.000ns fall@2.500ns period=5.000ns})
  Path Group:             clk_i
  Path Type:              Setup (Max at Slow Process Corner)
  Requirement:            5.000ns  (clk_i rise@5.000ns - clk_i rise@0.000ns)
  Data Path Delay:        4.465ns  (logic 0.589ns (13.190%)  route 3.876ns (86.810%))
  Logic Levels:           2  (LUT4=1 LUT6=1)
  Clock Path Skew:        -0.039ns (DCD - SCD + CPR)
    Destination Clock Delay (DCD):    0.748ns = ( 5.748 - 5.000 ) 
    Source Clock Delay      (SCD):    0.787ns
    Clock Pessimism Removal (CPR):    0.000ns
  Clock Uncertainty:      0.035ns  ((TSJ^2 + TIJ^2)^1/2 + DJ) / 2 + PE
    Total System Jitter     (TSJ):    0.071ns
    Total Input Jitter      (TIJ):    0.000ns
    Discrete Jitter          (DJ):    0.000ns
    Phase Error              (PE):    0.000ns

    Location             Delay type                Incr(ns)  Path(ns)    Netlist Resource(s)
  -------------------------------------------------------------------    -------------------
                         (clock clk_i rise edge)      0.000     0.000 r  
                                                      0.000     0.000 r  clk_i (IN)
                         net (fo=2611, unset)         0.787     0.787    u_ecc/u_core/clk_i
    SLICE_X45Y35         FDCE                                         r  u_ecc/u_core/FSM_onehot_st_q_reg[57]/C
  -------------------------------------------------------------------    -------------------
    SLICE_X45Y35         FDCE (Prop_fdce_C_Q)         0.379     1.166 r  u_ecc/u_core/FSM_onehot_st_q_reg[57]/Q
                         net (fo=256, routed)         2.070     3.236    u_ecc/u_core/FSM_onehot_st_q_reg_n_0_[57]
    SLICE_X90Y42                                                      r  u_ecc/u_core/i_vrf_i_553/I0
    SLICE_X90Y42         LUT4 (Prop_lut4_I0_O)        0.105     3.341 r  u_ecc/u_core/i_vrf_i_553/O
                         net (fo=1, routed)           0.528     3.869    u_ecc/u_core/i_vrf_i_553_n_0
    SLICE_X90Y42                                                      r  u_ecc/u_core/i_vrf_i_199/I2
    SLICE_X90Y42         LUT6 (Prop_lut6_I2_O)        0.105     3.974 r  u_ecc/u_core/i_vrf_i_199/O
                         net (fo=1, routed)           1.278     5.252    u_ecc/u_core/i_vrf/bank_wdata_i[1][3]
    RAMB36_X3Y8          RAMB36E1                                     r  u_ecc/u_core/i_vrf/gen_bank[1].vrf_mem_reg/DIADI[3]
  -------------------------------------------------------------------    -------------------

                         (clock clk_i rise edge)      5.000     5.000 r  
                                                      0.000     5.000 r  clk_i (IN)
                         net (fo=2611, unset)         0.748     5.748    u_ecc/u_core/i_vrf/clk_i
    RAMB36_X3Y8          RAMB36E1                                     r  u_ecc/u_core/i_vrf/gen_bank[1].vrf_mem_reg/CLKBWRCLK
                         clock pessimism              0.000     5.748    
                         clock uncertainty           -0.035     5.712    
    RAMB36_X3Y8          RAMB36E1 (Setup_ramb36e1_CLKBWRCLK_DIADI[3])
                                                     -0.214     5.498    u_ecc/u_core/i_vrf/gen_bank[1].vrf_mem_reg
  -------------------------------------------------------------------
                         required time                          5.498    
                         arrival time                          -5.252    
  -------------------------------------------------------------------
                         slack                                  0.246    

Slack (MET) :             0.246ns  (required time - arrival time)
  Source:                 u_hdc/u_core/i_vrf/gen_bank[0].vrf_mem_reg/CLKARDCLK
                            (rising edge-triggered cell RAMB36E1 clocked by clk_i  {rise@0.000ns fall@2.500ns period=5.000ns})
  Destination:            u_hdc/u_core/i_vec/payload_q_reg[0][37]/D
                            (rising edge-triggered cell FDCE clocked by clk_i  {rise@0.000ns fall@2.500ns period=5.000ns})
  Path Group:             clk_i
  Path Type:              Setup (Max at Slow Process Corner)
  Requirement:            5.000ns  (clk_i rise@5.000ns - clk_i rise@0.000ns)
  Data Path Delay:        4.751ns  (logic 2.440ns (51.358%)  route 2.311ns (48.642%))
  Logic Levels:           3  (LUT2=1 LUT4=1 LUT6=1)
  Clock Path Skew:        -0.039ns (DCD - SCD + CPR)
    Destination Clock Delay (DCD):    0.748ns = ( 5.748 - 5.000 ) 
    Source Clock Delay      (SCD):    0.787ns
    Clock Pessimism Removal (CPR):    0.000ns
  Clock Uncertainty:      0.035ns  ((TSJ^2 + TIJ^2)^1/2 + DJ) / 2 + PE
    Total System Jitter     (TSJ):    0.071ns
    Total Input Jitter      (TIJ):    0.000ns
    Discrete Jitter          (DJ):    0.000ns
    Phase Error              (PE):    0.000ns

    Location             Delay type                Incr(ns)  Path(ns)    Netlist Resource(s)
  -------------------------------------------------------------------    -------------------
                         (clock clk_i rise edge)      0.000     0.000 r  
                                                      0.000     0.000 r  clk_i (IN)
                         net (fo=2611, unset)         0.787     0.787    u_hdc/u_core/i_vrf/clk_i
    RAMB36_X4Y3          RAMB36E1                                     r  u_hdc/u_core/i_vrf/gen_bank[0].vrf_mem_reg/CLKARDCLK
  -------------------------------------------------------------------    -------------------
    RAMB36_X4Y3          RAMB36E1 (Prop_ramb36e1_CLKARDCLK_DOBDO[5])
                                                      2.125     2.912 r  u_hdc/u_core/i_vrf/gen_bank[0].vrf_mem_reg/DOBDO[5]
                         net (fo=2, routed)           1.296     4.208    u_hdc/u_core/i_vec/i_gf2_contribution_row_tile/matrix_src_b_i[1][5]
    SLICE_X55Y19                                                      r  u_hdc/u_core/i_vec/i_gf2_contribution_row_tile/matrix_product_o[1][5]_INST_0/I1
    SLICE_X55Y19         LUT2 (Prop_lut2_I1_O)        0.105     4.313 r  u_hdc/u_core/i_vec/i_gf2_contribution_row_tile/matrix_product_o[1][5]_INST_0/O
                         net (fo=1, routed)           0.539     4.852    u_hdc/u_core/i_vec/tile_product_word[0][37]
    SLICE_X55Y18                                                      r  u_hdc/u_core/i_vec/payload_q[0][37]_i_2/I0
    SLICE_X55Y18         LUT4 (Prop_lut4_I0_O)        0.105     4.957 r  u_hdc/u_core/i_vec/payload_q[0][37]_i_2/O
                         net (fo=1, routed)           0.476     5.433    u_hdc/u_core/i_vec/payload_q[0][37]_i_2_n_0
    SLICE_X62Y17                                                      r  u_hdc/u_core/i_vec/payload_q[0][37]_i_1/I5
    SLICE_X62Y17         LUT6 (Prop_lut6_I5_O)        0.105     5.538 r  u_hdc/u_core/i_vec/payload_q[0][37]_i_1/O
                         net (fo=1, routed)           0.000     5.538    u_hdc/u_core/i_vec/payload_q[0][37]_i_1_n_0
    SLICE_X62Y17         FDCE                                         r  u_hdc/u_core/i_vec/payload_q_reg[0][37]/D
  -------------------------------------------------------------------    -------------------

                         (clock clk_i rise edge)      5.000     5.000 r  
                                                      0.000     5.000 r  clk_i (IN)
                         net (fo=2611, unset)         0.748     5.748    u_hdc/u_core/i_vec/clk_i
    SLICE_X62Y17         FDCE                                         r  u_hdc/u_core/i_vec/payload_q_reg[0][37]/C
                         clock pessimism              0.000     5.748    
                         clock uncertainty           -0.035     5.712    
    SLICE_X62Y17         FDCE (Setup_fdce_C_D)        0.072     5.784    u_hdc/u_core/i_vec/payload_q_reg[0][37]
  -------------------------------------------------------------------
                         required time                          5.784    
                         arrival time                          -5.538    
  -------------------------------------------------------------------
                         slack                                  0.246    

Slack (MET) :             0.247ns  (required time - arrival time)
  Source:                 u_ecc/u_core/ecc_leaf_path_q_reg[3]/C
                            (rising edge-triggered cell FDCE clocked by clk_i  {rise@0.000ns fall@2.500ns period=5.000ns})
  Destination:            u_ecc/u_core/i_vec/payload_q_reg[0][52]/D
                            (rising edge-triggered cell FDCE clocked by clk_i  {rise@0.000ns fall@2.500ns period=5.000ns})
  Path Group:             clk_i
  Path Type:              Setup (Max at Slow Process Corner)
  Requirement:            5.000ns  (clk_i rise@5.000ns - clk_i rise@0.000ns)
  Data Path Delay:        4.711ns  (logic 1.009ns (21.420%)  route 3.702ns (78.580%))
  Logic Levels:           6  (LUT2=1 LUT3=2 LUT4=1 LUT5=1 LUT6=1)
  Clock Path Skew:        -0.039ns (DCD - SCD + CPR)
    Destination Clock Delay (DCD):    0.748ns = ( 5.748 - 5.000 ) 
    Source Clock Delay      (SCD):    0.787ns
    Clock Pessimism Removal (CPR):    0.000ns
  Clock Uncertainty:      0.035ns  ((TSJ^2 + TIJ^2)^1/2 + DJ) / 2 + PE
    Total System Jitter     (TSJ):    0.071ns
    Total Input Jitter      (TIJ):    0.000ns
    Discrete Jitter          (DJ):    0.000ns
    Phase Error              (PE):    0.000ns

    Location             Delay type                Incr(ns)  Path(ns)    Netlist Resource(s)
  -------------------------------------------------------------------    -------------------
                         (clock clk_i rise edge)      0.000     0.000 r  
                                                      0.000     0.000 r  clk_i (IN)
                         net (fo=2611, unset)         0.787     0.787    u_ecc/u_core/clk_i
    SLICE_X69Y43         FDCE                                         r  u_ecc/u_core/ecc_leaf_path_q_reg[3]/C
  -------------------------------------------------------------------    -------------------
    SLICE_X69Y43         FDCE (Prop_fdce_C_Q)         0.379     1.166 f  u_ecc/u_core/ecc_leaf_path_q_reg[3]/Q
                         net (fo=109, routed)         0.721     1.887    u_ecc/u_core/path[3]
    SLICE_X63Y43                                                      f  u_ecc/u_core/i_vec_i_298/I2
    SLICE_X63Y43         LUT4 (Prop_lut4_I2_O)        0.105     1.992 f  u_ecc/u_core/i_vec_i_298/O
                         net (fo=111, routed)         0.239     2.231    u_ecc/u_core/i_vec_i_298_n_0
    SLICE_X63Y43                                                      f  u_ecc/u_core/i_vec_i_293/I0
    SLICE_X63Y43         LUT3 (Prop_lut3_I0_O)        0.105     2.336 f  u_ecc/u_core/i_vec_i_293/O
                         net (fo=1, routed)           0.257     2.593    u_ecc/u_core/i_vec_i_293_n_0
    SLICE_X64Y42                                                      f  u_ecc/u_core/i_vec_i_2/I4
    SLICE_X64Y42         LUT6 (Prop_lut6_I4_O)        0.105     2.698 r  u_ecc/u_core/i_vec_i_2/O
                         net (fo=769, routed)         1.448     4.146    u_ecc/u_core/i_vec/payload_product_i
    SLICE_X59Y33                                                      r  u_ecc/u_core/i_vec/i_gf2_contribution_row_tile_i_204/I1
    SLICE_X59Y33         LUT3 (Prop_lut3_I1_O)        0.105     4.251 r  u_ecc/u_core/i_vec/i_gf2_contribution_row_tile_i_204/O
                         net (fo=1, routed)           0.646     4.897    u_ecc/u_core/i_vec/i_gf2_contribution_row_tile/matrix_src_a_i[1][20]
    SLICE_X57Y38                                                      r  u_ecc/u_core/i_vec/i_gf2_contribution_row_tile/matrix_product_o[1][20]_INST_0/I0
    SLICE_X57Y38         LUT2 (Prop_lut2_I0_O)        0.105     5.002 r  u_ecc/u_core/i_vec/i_gf2_contribution_row_tile/matrix_product_o[1][20]_INST_0/O
                         net (fo=1, routed)           0.391     5.393    u_ecc/u_core/i_vec/tile_product_word[0][52]
    SLICE_X60Y33                                                      r  u_ecc/u_core/i_vec/payload_q[0][52]_i_1/I4
    SLICE_X60Y33         LUT5 (Prop_lut5_I4_O)        0.105     5.498 r  u_ecc/u_core/i_vec/payload_q[0][52]_i_1/O
                         net (fo=1, routed)           0.000     5.498    u_ecc/u_core/i_vec/payload_q[0][52]_i_1_n_0
    SLICE_X60Y33         FDCE                                         r  u_ecc/u_core/i_vec/payload_q_reg[0][52]/D
  -------------------------------------------------------------------    -------------------

                         (clock clk_i rise edge)      5.000     5.000 r  
                                                      0.000     5.000 r  clk_i (IN)
                         net (fo=2611, unset)         0.748     5.748    u_ecc/u_core/i_vec/clk_i
    SLICE_X60Y33         FDCE                                         r  u_ecc/u_core/i_vec/payload_q_reg[0][52]/C
                         clock pessimism              0.000     5.748    
                         clock uncertainty           -0.035     5.712    
    SLICE_X60Y33         FDCE (Setup_fdce_C_D)        0.032     5.744    u_ecc/u_core/i_vec/payload_q_reg[0][52]
  -------------------------------------------------------------------
                         required time                          5.744    
                         arrival time                          -5.498    
  -------------------------------------------------------------------
                         slack                                  0.247    

Slack (MET) :             0.248ns  (required time - arrival time)
  Source:                 u_ecc/u_core/ecc_leaf_path_q_reg[3]/C
                            (rising edge-triggered cell FDCE clocked by clk_i  {rise@0.000ns fall@2.500ns period=5.000ns})
  Destination:            u_ecc/u_core/i_vec/payload_q_reg[0][41]/D
                            (rising edge-triggered cell FDCE clocked by clk_i  {rise@0.000ns fall@2.500ns period=5.000ns})
  Path Group:             clk_i
  Path Type:              Setup (Max at Slow Process Corner)
  Requirement:            5.000ns  (clk_i rise@5.000ns - clk_i rise@0.000ns)
  Data Path Delay:        4.709ns  (logic 1.174ns (24.932%)  route 3.535ns (75.068%))
  Logic Levels:           6  (LUT2=1 LUT3=2 LUT4=1 LUT5=1 LUT6=1)
  Clock Path Skew:        -0.039ns (DCD - SCD + CPR)
    Destination Clock Delay (DCD):    0.748ns = ( 5.748 - 5.000 ) 
    Source Clock Delay      (SCD):    0.787ns
    Clock Pessimism Removal (CPR):    0.000ns
  Clock Uncertainty:      0.035ns  ((TSJ^2 + TIJ^2)^1/2 + DJ) / 2 + PE
    Total System Jitter     (TSJ):    0.071ns
    Total Input Jitter      (TIJ):    0.000ns
    Discrete Jitter          (DJ):    0.000ns
    Phase Error              (PE):    0.000ns

    Location             Delay type                Incr(ns)  Path(ns)    Netlist Resource(s)
  -------------------------------------------------------------------    -------------------
                         (clock clk_i rise edge)      0.000     0.000 r  
                                                      0.000     0.000 r  clk_i (IN)
                         net (fo=2611, unset)         0.787     0.787    u_ecc/u_core/clk_i
    SLICE_X69Y43         FDCE                                         r  u_ecc/u_core/ecc_leaf_path_q_reg[3]/C
  -------------------------------------------------------------------    -------------------
    SLICE_X69Y43         FDCE (Prop_fdce_C_Q)         0.379     1.166 f  u_ecc/u_core/ecc_leaf_path_q_reg[3]/Q
                         net (fo=109, routed)         0.721     1.887    u_ecc/u_core/path[3]
    SLICE_X63Y43                                                      f  u_ecc/u_core/i_vec_i_298/I2
    SLICE_X63Y43         LUT4 (Prop_lut4_I2_O)        0.105     1.992 f  u_ecc/u_core/i_vec_i_298/O
                         net (fo=111, routed)         0.239     2.231    u_ecc/u_core/i_vec_i_298_n_0
    SLICE_X63Y43                                                      f  u_ecc/u_core/i_vec_i_293/I0
    SLICE_X63Y43         LUT3 (Prop_lut3_I0_O)        0.105     2.336 f  u_ecc/u_core/i_vec_i_293/O
                         net (fo=1, routed)           0.257     2.593    u_ecc/u_core/i_vec_i_293_n_0
    SLICE_X64Y42                                                      f  u_ecc/u_core/i_vec_i_2/I4
    SLICE_X64Y42         LUT6 (Prop_lut6_I4_O)        0.105     2.698 r  u_ecc/u_core/i_vec_i_2/O
                         net (fo=769, routed)         1.291     3.989    u_ecc/u_core/i_vec/payload_product_i
    SLICE_X57Y50                                                      r  u_ecc/u_core/i_vec/i_gf2_contribution_row_tile_i_215/I1
    SLICE_X57Y50         LUT3 (Prop_lut3_I1_O)        0.108     4.097 r  u_ecc/u_core/i_vec/i_gf2_contribution_row_tile_i_215/O
                         net (fo=1, routed)           0.542     4.639    u_ecc/u_core/i_vec/i_gf2_contribution_row_tile/matrix_src_a_i[1][9]
    SLICE_X57Y50                                                      r  u_ecc/u_core/i_vec/i_gf2_contribution_row_tile/matrix_product_o[1][9]_INST_0/I0
    SLICE_X57Y50         LUT2 (Prop_lut2_I0_O)        0.267     4.906 r  u_ecc/u_core/i_vec/i_gf2_contribution_row_tile/matrix_product_o[1][9]_INST_0/O
                         net (fo=1, routed)           0.485     5.391    u_ecc/u_core/i_vec/tile_product_word[0][41]
    SLICE_X64Y49                                                      r  u_ecc/u_core/i_vec/payload_q[0][41]_i_1/I4
    SLICE_X64Y49         LUT5 (Prop_lut5_I4_O)        0.105     5.496 r  u_ecc/u_core/i_vec/payload_q[0][41]_i_1/O
                         net (fo=1, routed)           0.000     5.496    u_ecc/u_core/i_vec/payload_q[0][41]_i_1_n_0
    SLICE_X64Y49         FDCE                                         r  u_ecc/u_core/i_vec/payload_q_reg[0][41]/D
  -------------------------------------------------------------------    -------------------

                         (clock clk_i rise edge)      5.000     5.000 r  
                                                      0.000     5.000 r  clk_i (IN)
                         net (fo=2611, unset)         0.748     5.748    u_ecc/u_core/i_vec/clk_i
    SLICE_X64Y49         FDCE                                         r  u_ecc/u_core/i_vec/payload_q_reg[0][41]/C
                         clock pessimism              0.000     5.748    
                         clock uncertainty           -0.035     5.712    
    SLICE_X64Y49         FDCE (Setup_fdce_C_D)        0.032     5.744    u_ecc/u_core/i_vec/payload_q_reg[0][41]
  -------------------------------------------------------------------
                         required time                          5.744    
                         arrival time                          -5.496    
  -------------------------------------------------------------------
                         slack                                  0.248    

Slack (MET) :             0.249ns  (required time - arrival time)
  Source:                 u_ecc/u_core/ecc_kpd64_sub_q_reg[1]/C
                            (rising edge-triggered cell FDCE clocked by clk_i  {rise@0.000ns fall@2.500ns period=5.000ns})
  Destination:            u_ecc/u_core/hdc_src0_q_reg[0][40]/D
                            (rising edge-triggered cell FDCE clocked by clk_i  {rise@0.000ns fall@2.500ns period=5.000ns})
  Path Group:             clk_i
  Path Type:              Setup (Max at Slow Process Corner)
  Requirement:            5.000ns  (clk_i rise@5.000ns - clk_i rise@0.000ns)
  Data Path Delay:        4.708ns  (logic 1.091ns (23.173%)  route 3.617ns (76.827%))
  Logic Levels:           5  (LUT2=1 LUT6=4)
  Clock Path Skew:        -0.039ns (DCD - SCD + CPR)
    Destination Clock Delay (DCD):    0.748ns = ( 5.748 - 5.000 ) 
    Source Clock Delay      (SCD):    0.787ns
    Clock Pessimism Removal (CPR):    0.000ns
  Clock Uncertainty:      0.035ns  ((TSJ^2 + TIJ^2)^1/2 + DJ) / 2 + PE
    Total System Jitter     (TSJ):    0.071ns
    Total Input Jitter      (TIJ):    0.000ns
    Discrete Jitter          (DJ):    0.000ns
    Phase Error              (PE):    0.000ns

    Location             Delay type                Incr(ns)  Path(ns)    Netlist Resource(s)
  -------------------------------------------------------------------    -------------------
                         (clock clk_i rise edge)      0.000     0.000 r  
                                                      0.000     0.000 r  clk_i (IN)
                         net (fo=2611, unset)         0.787     0.787    u_ecc/u_core/clk_i
    SLICE_X73Y46         FDCE                                         r  u_ecc/u_core/ecc_kpd64_sub_q_reg[1]/C
  -------------------------------------------------------------------    -------------------
    SLICE_X73Y46         FDCE (Prop_fdce_C_Q)         0.379     1.166 f  u_ecc/u_core/ecc_kpd64_sub_q_reg[1]/Q
                         net (fo=111, routed)         1.466     2.632    u_ecc/u_core/ecc_kpd64_sub_q[1]
    SLICE_X88Y44                                                      f  u_ecc/u_core/i_vec_i_539/I2
    SLICE_X88Y44         LUT6 (Prop_lut6_I2_O)        0.105     2.737 r  u_ecc/u_core/i_vec_i_539/O
                         net (fo=10, routed)          0.776     3.513    u_ecc/u_core/i_vec_i_539_n_0
    SLICE_X85Y41                                                      r  u_ecc/u_core/i_vec_i_748/I0
    SLICE_X85Y41         LUT6 (Prop_lut6_I0_O)        0.105     3.618 r  u_ecc/u_core/i_vec_i_748/O
                         net (fo=1, routed)           0.336     3.954    u_ecc/u_core/i_vec_i_748_n_0
    SLICE_X84Y41                                                      r  u_ecc/u_core/i_vec_i_251/I5
    SLICE_X84Y41         LUT6 (Prop_lut6_I5_O)        0.105     4.059 r  u_ecc/u_core/i_vec_i_251/O
                         net (fo=2, routed)           0.688     4.748    u_ecc/u_core/i_vec/xor0_contribution_packet_i[0][40]
    SLICE_X80Y36                                                      r  u_ecc/u_core/i_vec/xor0_field_packet_o[40]_INST_0/I0
    SLICE_X80Y36         LUT2 (Prop_lut2_I0_O)        0.123     4.871 r  u_ecc/u_core/i_vec/xor0_field_packet_o[40]_INST_0/O
                         net (fo=1, routed)           0.351     5.221    u_ecc/u_core/xor0_field_packet[40]
    SLICE_X80Y36                                                      r  u_ecc/u_core/hdc_src0_q[0][40]_i_1/I4
    SLICE_X80Y36         LUT6 (Prop_lut6_I4_O)        0.274     5.495 r  u_ecc/u_core/hdc_src0_q[0][40]_i_1/O
                         net (fo=1, routed)           0.000     5.495    u_ecc/u_core/hdc_src0_q[0][40]_i_1_n_0
    SLICE_X80Y36         FDCE                                         r  u_ecc/u_core/hdc_src0_q_reg[0][40]/D
  -------------------------------------------------------------------    -------------------

                         (clock clk_i rise edge)      5.000     5.000 r  
                                                      0.000     5.000 r  clk_i (IN)
                         net (fo=2611, unset)         0.748     5.748    u_ecc/u_core/clk_i
    SLICE_X80Y36         FDCE                                         r  u_ecc/u_core/hdc_src0_q_reg[0][40]/C
                         clock pessimism              0.000     5.748    
                         clock uncertainty           -0.035     5.712    
    SLICE_X80Y36         FDCE (Setup_fdce_C_D)        0.032     5.744    u_ecc/u_core/hdc_src0_q_reg[0][40]
  -------------------------------------------------------------------
                         required time                          5.744    
                         arrival time                          -5.495    
  -------------------------------------------------------------------
                         slack                                  0.249    

Slack (MET) :             0.250ns  (required time - arrival time)
  Source:                 u_hdc/u_core/hperm_lane_slot_q_reg[0]/C
                            (rising edge-triggered cell FDCE clocked by clk_i  {rise@0.000ns fall@2.500ns period=5.000ns})
  Destination:            u_hdc/u_core/hperm_stage_q_reg[53]/D
                            (rising edge-triggered cell FDCE clocked by clk_i  {rise@0.000ns fall@2.500ns period=5.000ns})
  Path Group:             clk_i
  Path Type:              Setup (Max at Slow Process Corner)
  Requirement:            5.000ns  (clk_i rise@5.000ns - clk_i rise@0.000ns)
  Data Path Delay:        4.705ns  (logic 0.904ns (19.214%)  route 3.801ns (80.786%))
  Logic Levels:           5  (LUT2=1 LUT3=1 LUT5=1 LUT6=2)
  Clock Path Skew:        -0.039ns (DCD - SCD + CPR)
    Destination Clock Delay (DCD):    0.748ns = ( 5.748 - 5.000 ) 
    Source Clock Delay      (SCD):    0.787ns
    Clock Pessimism Removal (CPR):    0.000ns
  Clock Uncertainty:      0.035ns  ((TSJ^2 + TIJ^2)^1/2 + DJ) / 2 + PE
    Total System Jitter     (TSJ):    0.071ns
    Total Input Jitter      (TIJ):    0.000ns
    Discrete Jitter          (DJ):    0.000ns
    Phase Error              (PE):    0.000ns

    Location             Delay type                Incr(ns)  Path(ns)    Netlist Resource(s)
  -------------------------------------------------------------------    -------------------
                         (clock clk_i rise edge)      0.000     0.000 r  
                                                      0.000     0.000 r  clk_i (IN)
                         net (fo=2611, unset)         0.787     0.787    u_hdc/u_core/clk_i
    SLICE_X65Y11         FDCE                                         r  u_hdc/u_core/hperm_lane_slot_q_reg[0]/C
  -------------------------------------------------------------------    -------------------
    SLICE_X65Y11         FDCE (Prop_fdce_C_Q)         0.379     1.166 r  u_hdc/u_core/hperm_lane_slot_q_reg[0]/Q
                         net (fo=14, routed)          0.694     1.860    u_hdc/u_core/hperm_lane_slot_q[0]
    SLICE_X64Y12                                                      r  u_hdc/u_core/hperm_stage_q[70]_i_25/I0
    SLICE_X64Y12         LUT2 (Prop_lut2_I0_O)        0.105     1.965 f  u_hdc/u_core/hperm_stage_q[70]_i_25/O
                         net (fo=138, routed)         0.578     2.543    u_hdc/u_core/hperm_stage_q[70]_i_25_n_0
    SLICE_X64Y11                                                      f  u_hdc/u_core/hperm_stage_q[70]_i_16/I5
    SLICE_X64Y11         LUT6 (Prop_lut6_I5_O)        0.105     2.648 r  u_hdc/u_core/hperm_stage_q[70]_i_16/O
                         net (fo=127, routed)         1.252     3.900    u_hdc/u_core/hperm_stage_q[70]_i_16_n_0
    SLICE_X65Y20                                                      r  u_hdc/u_core/hperm_stage_q[69]_i_9/I4
    SLICE_X65Y20         LUT6 (Prop_lut6_I4_O)        0.105     4.005 f  u_hdc/u_core/hperm_stage_q[69]_i_9/O
                         net (fo=3, routed)           0.502     4.507    u_hdc/u_core/hperm_stage_q[69]_i_9_n_0
    SLICE_X62Y17                                                      f  u_hdc/u_core/hperm_stage_q[53]_i_2/I1
    SLICE_X62Y17         LUT3 (Prop_lut3_I1_O)        0.105     4.612 r  u_hdc/u_core/hperm_stage_q[53]_i_2/O
                         net (fo=1, routed)           0.775     5.387    u_hdc/u_core/hperm_stage_q[53]_i_2_n_0
    SLICE_X70Y21                                                      r  u_hdc/u_core/hperm_stage_q[53]_i_1/I2
    SLICE_X70Y21         LUT5 (Prop_lut5_I2_O)        0.105     5.492 r  u_hdc/u_core/hperm_stage_q[53]_i_1/O
                         net (fo=1, routed)           0.000     5.492    u_hdc/u_core/hperm_byte_window[53]
    SLICE_X70Y21         FDCE                                         r  u_hdc/u_core/hperm_stage_q_reg[53]/D
  -------------------------------------------------------------------    -------------------

                         (clock clk_i rise edge)      5.000     5.000 r  
                                                      0.000     5.000 r  clk_i (IN)
                         net (fo=2611, unset)         0.748     5.748    u_hdc/u_core/clk_i
    SLICE_X70Y21         FDCE                                         r  u_hdc/u_core/hperm_stage_q_reg[53]/C
                         clock pessimism              0.000     5.748    
                         clock uncertainty           -0.035     5.712    
    SLICE_X70Y21         FDCE (Setup_fdce_C_D)        0.030     5.742    u_hdc/u_core/hperm_stage_q_reg[53]
  -------------------------------------------------------------------
                         required time                          5.742    
                         arrival time                          -5.492    
  -------------------------------------------------------------------
                         slack                                  0.250    

Slack (MET) :             0.251ns  (required time - arrival time)
  Source:                 u_ecc/u_core/i_vrf/gen_bank[0].vrf_mem_reg/CLKARDCLK
                            (rising edge-triggered cell RAMB36E1 clocked by clk_i  {rise@0.000ns fall@2.500ns period=5.000ns})
  Destination:            u_ecc/u_core/i_vec/payload_q_reg[0][34]/D
                            (rising edge-triggered cell FDCE clocked by clk_i  {rise@0.000ns fall@2.500ns period=5.000ns})
  Path Group:             clk_i
  Path Type:              Setup (Max at Slow Process Corner)
  Requirement:            5.000ns  (clk_i rise@5.000ns - clk_i rise@0.000ns)
  Data Path Delay:        4.706ns  (logic 2.807ns (59.645%)  route 1.899ns (40.355%))
  Logic Levels:           3  (LUT2=1 LUT3=1 LUT5=1)
  Clock Path Skew:        -0.039ns (DCD - SCD + CPR)
    Destination Clock Delay (DCD):    0.748ns = ( 5.748 - 5.000 ) 
    Source Clock Delay      (SCD):    0.787ns
    Clock Pessimism Removal (CPR):    0.000ns
  Clock Uncertainty:      0.035ns  ((TSJ^2 + TIJ^2)^1/2 + DJ) / 2 + PE
    Total System Jitter     (TSJ):    0.071ns
    Total Input Jitter      (TIJ):    0.000ns
    Discrete Jitter          (DJ):    0.000ns
    Phase Error              (PE):    0.000ns

    Location             Delay type                Incr(ns)  Path(ns)    Netlist Resource(s)
  -------------------------------------------------------------------    -------------------
                         (clock clk_i rise edge)      0.000     0.000 r  
                                                      0.000     0.000 r  clk_i (IN)
                         net (fo=2611, unset)         0.787     0.787    u_ecc/u_core/i_vrf/clk_i
    RAMB36_X3Y9          RAMB36E1                                     r  u_ecc/u_core/i_vrf/gen_bank[0].vrf_mem_reg/CLKARDCLK
  -------------------------------------------------------------------    -------------------
    RAMB36_X3Y9          RAMB36E1 (Prop_ramb36e1_CLKARDCLK_DOBDO[2])
                                                      2.125     2.912 r  u_ecc/u_core/i_vrf/gen_bank[0].vrf_mem_reg/DOBDO[2]
                         net (fo=2, routed)           1.271     4.183    u_ecc/u_core/i_vec/hdc_pair_src_b_i[0][34]
    SLICE_X61Y34                                                      r  u_ecc/u_core/i_vec/i_gf2_contribution_row_tile_i_478/I2
    SLICE_X61Y34         LUT3 (Prop_lut3_I2_O)        0.115     4.298 r  u_ecc/u_core/i_vec/i_gf2_contribution_row_tile_i_478/O
                         net (fo=1, routed)           0.399     4.697    u_ecc/u_core/i_vec/i_gf2_contribution_row_tile/matrix_src_b_i[1][2]
    SLICE_X60Y34                                                      r  u_ecc/u_core/i_vec/i_gf2_contribution_row_tile/matrix_product_o[1][2]_INST_0/I1
    SLICE_X60Y34         LUT2 (Prop_lut2_I1_O)        0.293     4.990 r  u_ecc/u_core/i_vec/i_gf2_contribution_row_tile/matrix_product_o[1][2]_INST_0/O
                         net (fo=1, routed)           0.229     5.219    u_ecc/u_core/i_vec/tile_product_word[0][34]
    SLICE_X63Y34                                                      r  u_ecc/u_core/i_vec/payload_q[0][34]_i_1/I4
    SLICE_X63Y34         LUT5 (Prop_lut5_I4_O)        0.274     5.493 r  u_ecc/u_core/i_vec/payload_q[0][34]_i_1/O
                         net (fo=1, routed)           0.000     5.493    u_ecc/u_core/i_vec/payload_q[0][34]_i_1_n_0
    SLICE_X63Y34         FDCE                                         r  u_ecc/u_core/i_vec/payload_q_reg[0][34]/D
  -------------------------------------------------------------------    -------------------

                         (clock clk_i rise edge)      5.000     5.000 r  
                                                      0.000     5.000 r  clk_i (IN)
                         net (fo=2611, unset)         0.748     5.748    u_ecc/u_core/i_vec/clk_i
    SLICE_X63Y34         FDCE                                         r  u_ecc/u_core/i_vec/payload_q_reg[0][34]/C
                         clock pessimism              0.000     5.748    
                         clock uncertainty           -0.035     5.712    
    SLICE_X63Y34         FDCE (Setup_fdce_C_D)        0.032     5.744    u_ecc/u_core/i_vec/payload_q_reg[0][34]
  -------------------------------------------------------------------
                         required time                          5.744    
                         arrival time                          -5.493    
  -------------------------------------------------------------------
                         slack                                  0.251    

Slack (MET) :             0.252ns  (required time - arrival time)
  Source:                 u_ecc/u_core/i_vrf/gen_bank[2].vrf_mem_reg/CLKARDCLK
                            (rising edge-triggered cell RAMB36E1 clocked by clk_i  {rise@0.000ns fall@2.500ns period=5.000ns})
  Destination:            u_ecc/u_core/i_vec/payload_q_reg[2][36]/D
                            (rising edge-triggered cell FDCE clocked by clk_i  {rise@0.000ns fall@2.500ns period=5.000ns})
  Path Group:             clk_i
  Path Type:              Setup (Max at Slow Process Corner)
  Requirement:            5.000ns  (clk_i rise@5.000ns - clk_i rise@0.000ns)
  Data Path Delay:        4.706ns  (logic 2.803ns (59.568%)  route 1.903ns (40.432%))
  Logic Levels:           3  (LUT2=1 LUT3=1 LUT5=1)
  Clock Path Skew:        -0.039ns (DCD - SCD + CPR)
    Destination Clock Delay (DCD):    0.748ns = ( 5.748 - 5.000 ) 
    Source Clock Delay      (SCD):    0.787ns
    Clock Pessimism Removal (CPR):    0.000ns
  Clock Uncertainty:      0.035ns  ((TSJ^2 + TIJ^2)^1/2 + DJ) / 2 + PE
    Total System Jitter     (TSJ):    0.071ns
    Total Input Jitter      (TIJ):    0.000ns
    Discrete Jitter          (DJ):    0.000ns
    Phase Error              (PE):    0.000ns

    Location             Delay type                Incr(ns)  Path(ns)    Netlist Resource(s)
  -------------------------------------------------------------------    -------------------
                         (clock clk_i rise edge)      0.000     0.000 r  
                                                      0.000     0.000 r  clk_i (IN)
                         net (fo=2611, unset)         0.787     0.787    u_ecc/u_core/i_vrf/clk_i
    RAMB36_X3Y6          RAMB36E1                                     r  u_ecc/u_core/i_vrf/gen_bank[2].vrf_mem_reg/CLKARDCLK
  -------------------------------------------------------------------    -------------------
    RAMB36_X3Y6          RAMB36E1 (Prop_ramb36e1_CLKARDCLK_DOBDO[4])
                                                      2.125     2.912 r  u_ecc/u_core/i_vrf/gen_bank[2].vrf_mem_reg/DOBDO[4]
                         net (fo=2, routed)           1.269     4.181    u_ecc/u_core/i_vec/hdc_pair_src_b_i[2][36]
    SLICE_X71Y35                                                      r  u_ecc/u_core/i_vec/i_gf2_contribution_row_tile_i_348/I2
    SLICE_X71Y35         LUT3 (Prop_lut3_I2_O)        0.118     4.299 r  u_ecc/u_core/i_vec/i_gf2_contribution_row_tile_i_348/O
                         net (fo=1, routed)           0.520     4.818    u_ecc/u_core/i_vec/i_gf2_contribution_row_tile/matrix_src_b_i[5][4]
    SLICE_X71Y36                                                      r  u_ecc/u_core/i_vec/i_gf2_contribution_row_tile/matrix_product_o[5][4]_INST_0/I1
    SLICE_X71Y36         LUT2 (Prop_lut2_I1_O)        0.286     5.104 r  u_ecc/u_core/i_vec/i_gf2_contribution_row_tile/matrix_product_o[5][4]_INST_0/O
                         net (fo=1, routed)           0.114     5.219    u_ecc/u_core/i_vec/tile_product_word[2][36]
    SLICE_X71Y36                                                      r  u_ecc/u_core/i_vec/payload_q[2][36]_i_1/I4
    SLICE_X71Y36         LUT5 (Prop_lut5_I4_O)        0.274     5.493 r  u_ecc/u_core/i_vec/payload_q[2][36]_i_1/O
                         net (fo=1, routed)           0.000     5.493    u_ecc/u_core/i_vec/payload_q[2][36]_i_1_n_0
    SLICE_X71Y36         FDCE                                         r  u_ecc/u_core/i_vec/payload_q_reg[2][36]/D
  -------------------------------------------------------------------    -------------------

                         (clock clk_i rise edge)      5.000     5.000 r  
                                                      0.000     5.000 r  clk_i (IN)
                         net (fo=2611, unset)         0.748     5.748    u_ecc/u_core/i_vec/clk_i
    SLICE_X71Y36         FDCE                                         r  u_ecc/u_core/i_vec/payload_q_reg[2][36]/C
                         clock pessimism              0.000     5.748    
                         clock uncertainty           -0.035     5.712    
    SLICE_X71Y36         FDCE (Setup_fdce_C_D)        0.032     5.744    u_ecc/u_core/i_vec/payload_q_reg[2][36]
  -------------------------------------------------------------------
                         required time                          5.744    
                         arrival time                          -5.493    
  -------------------------------------------------------------------
                         slack                                  0.252    

Slack (MET) :             0.252ns  (required time - arrival time)
  Source:                 u_hdc/u_core/i_vec/payload_q_reg[0][60]/C
                            (rising edge-triggered cell FDCE clocked by clk_i  {rise@0.000ns fall@2.500ns period=5.000ns})
  Destination:            u_hdc/u_core/i_vec/popcount_part_q_reg[0][1][3]/D
                            (rising edge-triggered cell FDCE clocked by clk_i  {rise@0.000ns fall@2.500ns period=5.000ns})
  Path Group:             clk_i
  Path Type:              Setup (Max at Slow Process Corner)
  Requirement:            5.000ns  (clk_i rise@5.000ns - clk_i rise@0.000ns)
  Data Path Delay:        4.705ns  (logic 1.080ns (22.953%)  route 3.625ns (77.047%))
  Logic Levels:           5  (LUT3=1 LUT4=2 LUT5=2)
  Clock Path Skew:        -0.039ns (DCD - SCD + CPR)
    Destination Clock Delay (DCD):    0.748ns = ( 5.748 - 5.000 ) 
    Source Clock Delay      (SCD):    0.787ns
    Clock Pessimism Removal (CPR):    0.000ns
  Clock Uncertainty:      0.035ns  ((TSJ^2 + TIJ^2)^1/2 + DJ) / 2 + PE
    Total System Jitter     (TSJ):    0.071ns
    Total Input Jitter      (TIJ):    0.000ns
    Discrete Jitter          (DJ):    0.000ns
    Phase Error              (PE):    0.000ns

    Location             Delay type                Incr(ns)  Path(ns)    Netlist Resource(s)
  -------------------------------------------------------------------    -------------------
                         (clock clk_i rise edge)      0.000     0.000 r  
                                                      0.000     0.000 r  clk_i (IN)
                         net (fo=2611, unset)         0.787     0.787    u_hdc/u_core/i_vec/clk_i
    SLICE_X72Y12         FDCE                                         r  u_hdc/u_core/i_vec/payload_q_reg[0][60]/C
  -------------------------------------------------------------------    -------------------
    SLICE_X72Y12         FDCE (Prop_fdce_C_Q)         0.379     1.166 r  u_hdc/u_core/i_vec/payload_q_reg[0][60]/Q
                         net (fo=4, routed)           0.872     2.038    u_hdc/u_core/i_vec/i_gf2_contribution_row_tile/matrix_product_q_i[1][28]
    SLICE_X75Y20                                                      r  u_hdc/u_core/i_vec/i_gf2_contribution_row_tile/matrix_count_o[1][0]_INST_0_i_3/I0
    SLICE_X75Y20         LUT4 (Prop_lut4_I0_O)        0.105     2.143 r  u_hdc/u_core/i_vec/i_gf2_contribution_row_tile/matrix_count_o[1][0]_INST_0_i_3/O
                         net (fo=6, routed)           0.982     3.125    u_hdc/u_core/i_vec/i_gf2_contribution_row_tile/matrix_count_o[1][0]_INST_0_i_3_n_0
    SLICE_X78Y16                                                      r  u_hdc/u_core/i_vec/i_gf2_contribution_row_tile/matrix_count_o[1][4]_INST_0_i_6/I2
    SLICE_X78Y16         LUT4 (Prop_lut4_I2_O)        0.105     3.230 r  u_hdc/u_core/i_vec/i_gf2_contribution_row_tile/matrix_count_o[1][4]_INST_0_i_6/O
                         net (fo=3, routed)           0.808     4.038    u_hdc/u_core/i_vec/i_gf2_contribution_row_tile/matrix_count_o[1][4]_INST_0_i_6_n_0
    SLICE_X77Y16                                                      r  u_hdc/u_core/i_vec/i_gf2_contribution_row_tile/matrix_count_o[1][2]_INST_0_i_2/I0
    SLICE_X77Y16         LUT5 (Prop_lut5_I0_O)        0.119     4.157 f  u_hdc/u_core/i_vec/i_gf2_contribution_row_tile/matrix_count_o[1][2]_INST_0_i_2/O
                         net (fo=2, routed)           0.560     4.717    u_hdc/u_core/i_vec/i_gf2_contribution_row_tile/matrix_count_o[1][2]_INST_0_i_2_n_0
    SLICE_X76Y16                                                      f  u_hdc/u_core/i_vec/i_gf2_contribution_row_tile/matrix_count_o[1][4]_INST_0_i_1/I1
    SLICE_X76Y16         LUT5 (Prop_lut5_I1_O)        0.267     4.984 r  u_hdc/u_core/i_vec/i_gf2_contribution_row_tile/matrix_count_o[1][4]_INST_0_i_1/O
                         net (fo=2, routed)           0.403     5.387    u_hdc/u_core/i_vec/i_gf2_contribution_row_tile/matrix_count_o[1][4]_INST_0_i_1_n_0
    SLICE_X75Y15                                                      r  u_hdc/u_core/i_vec/i_gf2_contribution_row_tile/matrix_count_o[1][3]_INST_0/I2
    SLICE_X75Y15         LUT3 (Prop_lut3_I2_O)        0.105     5.492 r  u_hdc/u_core/i_vec/i_gf2_contribution_row_tile/matrix_count_o[1][3]_INST_0/O
                         net (fo=1, routed)           0.000     5.492    u_hdc/u_core/i_vec/matrix_count[1][3]
    SLICE_X75Y15         FDCE                                         r  u_hdc/u_core/i_vec/popcount_part_q_reg[0][1][3]/D
  -------------------------------------------------------------------    -------------------

                         (clock clk_i rise edge)      5.000     5.000 r  
                                                      0.000     5.000 r  clk_i (IN)
                         net (fo=2611, unset)         0.748     5.748    u_hdc/u_core/i_vec/clk_i
    SLICE_X75Y15         FDCE                                         r  u_hdc/u_core/i_vec/popcount_part_q_reg[0][1][3]/C
                         clock pessimism              0.000     5.748    
                         clock uncertainty           -0.035     5.712    
    SLICE_X75Y15         FDCE (Setup_fdce_C_D)        0.032     5.744    u_hdc/u_core/i_vec/popcount_part_q_reg[0][1][3]
  -------------------------------------------------------------------
                         required time                          5.744    
                         arrival time                          -5.492    
  -------------------------------------------------------------------
                         slack                                  0.252    

Slack (MET) :             0.252ns  (required time - arrival time)
  Source:                 u_ecc/u_core/i_vrf/gen_bank[2].vrf_mem_reg/CLKARDCLK
                            (rising edge-triggered cell RAMB36E1 clocked by clk_i  {rise@0.000ns fall@2.500ns period=5.000ns})
  Destination:            u_ecc/u_core/i_vec/payload_q_reg[2][3]/D
                            (rising edge-triggered cell FDCE clocked by clk_i  {rise@0.000ns fall@2.500ns period=5.000ns})
  Path Group:             clk_i
  Path Type:              Setup (Max at Slow Process Corner)
  Requirement:            5.000ns  (clk_i rise@5.000ns - clk_i rise@0.000ns)
  Data Path Delay:        4.703ns  (logic 2.625ns (55.817%)  route 2.078ns (44.183%))
  Logic Levels:           3  (LUT2=1 LUT3=1 LUT6=1)
  Clock Path Skew:        -0.039ns (DCD - SCD + CPR)
    Destination Clock Delay (DCD):    0.748ns = ( 5.748 - 5.000 ) 
    Source Clock Delay      (SCD):    0.787ns
    Clock Pessimism Removal (CPR):    0.000ns
  Clock Uncertainty:      0.035ns  ((TSJ^2 + TIJ^2)^1/2 + DJ) / 2 + PE
    Total System Jitter     (TSJ):    0.071ns
    Total Input Jitter      (TIJ):    0.000ns
    Discrete Jitter          (DJ):    0.000ns
    Phase Error              (PE):    0.000ns

    Location             Delay type                Incr(ns)  Path(ns)    Netlist Resource(s)
  -------------------------------------------------------------------    -------------------
                         (clock clk_i rise edge)      0.000     0.000 r  
                                                      0.000     0.000 r  clk_i (IN)
                         net (fo=2611, unset)         0.787     0.787    u_ecc/u_core/i_vrf/clk_i
    RAMB36_X3Y6          RAMB36E1                                     r  u_ecc/u_core/i_vrf/gen_bank[2].vrf_mem_reg/CLKARDCLK
  -------------------------------------------------------------------    -------------------
    RAMB36_X3Y6          RAMB36E1 (Prop_ramb36e1_CLKARDCLK_DOADO[3])
                                                      2.125     2.912 r  u_ecc/u_core/i_vrf/gen_bank[2].vrf_mem_reg/DOADO[3]
                         net (fo=2, routed)           1.350     4.262    u_ecc/u_core/i_vec/hdc_pair_src_b_i[2][3]
    SLICE_X63Y49                                                      r  u_ecc/u_core/i_vec/i_gf2_contribution_row_tile_i_381/I2
    SLICE_X63Y49         LUT3 (Prop_lut3_I2_O)        0.127     4.389 r  u_ecc/u_core/i_vec/i_gf2_contribution_row_tile_i_381/O
                         net (fo=1, routed)           0.351     4.740    u_ecc/u_core/i_vec/i_gf2_contribution_row_tile/matrix_src_b_i[4][3]
    SLICE_X63Y48                                                      r  u_ecc/u_core/i_vec/i_gf2_contribution_row_tile/matrix_product_o[4][3]_INST_0/I1
    SLICE_X63Y48         LUT2 (Prop_lut2_I1_O)        0.268     5.008 r  u_ecc/u_core/i_vec/i_gf2_contribution_row_tile/matrix_product_o[4][3]_INST_0/O
                         net (fo=1, routed)           0.377     5.385    u_ecc/u_core/i_vec/tile_product_word[2][3]
    SLICE_X63Y46                                                      r  u_ecc/u_core/i_vec/payload_q[2][3]_i_1/I3
    SLICE_X63Y46         LUT6 (Prop_lut6_I3_O)        0.105     5.490 r  u_ecc/u_core/i_vec/payload_q[2][3]_i_1/O
                         net (fo=1, routed)           0.000     5.490    u_ecc/u_core/i_vec/payload_q[2][3]_i_1_n_0
    SLICE_X63Y46         FDCE                                         r  u_ecc/u_core/i_vec/payload_q_reg[2][3]/D
  -------------------------------------------------------------------    -------------------

                         (clock clk_i rise edge)      5.000     5.000 r  
                                                      0.000     5.000 r  clk_i (IN)
                         net (fo=2611, unset)         0.748     5.748    u_ecc/u_core/i_vec/clk_i
    SLICE_X63Y46         FDCE                                         r  u_ecc/u_core/i_vec/payload_q_reg[2][3]/C
                         clock pessimism              0.000     5.748    
                         clock uncertainty           -0.035     5.712    
    SLICE_X63Y46         FDCE (Setup_fdce_C_D)        0.030     5.742    u_ecc/u_core/i_vec/payload_q_reg[2][3]
  -------------------------------------------------------------------
                         required time                          5.742    
                         arrival time                          -5.490    
  -------------------------------------------------------------------
                         slack                                  0.252    

Slack (MET) :             0.253ns  (required time - arrival time)
  Source:                 u_ecc/u_core/ecc_leaf_path_q_reg[2]/C
                            (rising edge-triggered cell FDCE clocked by clk_i  {rise@0.000ns fall@2.500ns period=5.000ns})
  Destination:            u_ecc/u_core/i_vec/payload_q_reg[0][2]/D
                            (rising edge-triggered cell FDCE clocked by clk_i  {rise@0.000ns fall@2.500ns period=5.000ns})
  Path Group:             clk_i
  Path Type:              Setup (Max at Slow Process Corner)
  Requirement:            5.000ns  (clk_i rise@5.000ns - clk_i rise@0.000ns)
  Data Path Delay:        4.702ns  (logic 0.958ns (20.374%)  route 3.744ns (79.626%))
  Logic Levels:           5  (LUT4=1 LUT5=1 LUT6=3)
  Clock Path Skew:        -0.039ns (DCD - SCD + CPR)
    Destination Clock Delay (DCD):    0.748ns = ( 5.748 - 5.000 ) 
    Source Clock Delay      (SCD):    0.787ns
    Clock Pessimism Removal (CPR):    0.000ns
  Clock Uncertainty:      0.035ns  ((TSJ^2 + TIJ^2)^1/2 + DJ) / 2 + PE
    Total System Jitter     (TSJ):    0.071ns
    Total Input Jitter      (TIJ):    0.000ns
    Discrete Jitter          (DJ):    0.000ns
    Phase Error              (PE):    0.000ns

    Location             Delay type                Incr(ns)  Path(ns)    Netlist Resource(s)
  -------------------------------------------------------------------    -------------------
                         (clock clk_i rise edge)      0.000     0.000 r  
                                                      0.000     0.000 r  clk_i (IN)
                         net (fo=2611, unset)         0.787     0.787    u_ecc/u_core/clk_i
    SLICE_X58Y43         FDCE                                         r  u_ecc/u_core/ecc_leaf_path_q_reg[2]/C
  -------------------------------------------------------------------    -------------------
    SLICE_X58Y43         FDCE (Prop_fdce_C_Q)         0.433     1.220 f  u_ecc/u_core/ecc_leaf_path_q_reg[2]/Q
                         net (fo=111, routed)         0.551     1.771    u_ecc/u_core/path[2]
    SLICE_X57Y43                                                      f  u_ecc/u_core/i_vec_i_304/I3
    SLICE_X57Y43         LUT4 (Prop_lut4_I3_O)        0.105     1.876 r  u_ecc/u_core/i_vec_i_304/O
                         net (fo=112, routed)         1.511     3.387    u_ecc/u_core/i_vec_i_304_n_0
    SLICE_X87Y35                                                      r  u_ecc/u_core/i_vec_i_503/I1
    SLICE_X87Y35         LUT6 (Prop_lut6_I1_O)        0.105     3.492 r  u_ecc/u_core/i_vec_i_503/O
                         net (fo=2, routed)           0.620     4.112    u_ecc/u_core/i_vec_i_503_n_0
    SLICE_X76Y33                                                      r  u_ecc/u_core/i_vec_i_705/I0
    SLICE_X76Y33         LUT5 (Prop_lut5_I0_O)        0.105     4.217 r  u_ecc/u_core/i_vec_i_705/O
                         net (fo=2, routed)           0.394     4.610    u_ecc/u_core/i_vec_i_705_n_0
    SLICE_X76Y35                                                      r  u_ecc/u_core/i_vec_i_289/I2
    SLICE_X76Y35         LUT6 (Prop_lut6_I2_O)        0.105     4.715 r  u_ecc/u_core/i_vec_i_289/O
                         net (fo=2, routed)           0.669     5.384    u_ecc/u_core/i_vec/xor0_contribution_packet_i[0][2]
    SLICE_X70Y32                                                      r  u_ecc/u_core/i_vec/payload_q[0][2]_i_1/I0
    SLICE_X70Y32         LUT6 (Prop_lut6_I0_O)        0.105     5.489 r  u_ecc/u_core/i_vec/payload_q[0][2]_i_1/O
                         net (fo=1, routed)           0.000     5.489    u_ecc/u_core/i_vec/payload_q[0][2]_i_1_n_0
    SLICE_X70Y32         FDCE                                         r  u_ecc/u_core/i_vec/payload_q_reg[0][2]/D
  -------------------------------------------------------------------    -------------------

                         (clock clk_i rise edge)      5.000     5.000 r  
                                                      0.000     5.000 r  clk_i (IN)
                         net (fo=2611, unset)         0.748     5.748    u_ecc/u_core/i_vec/clk_i
    SLICE_X70Y32         FDCE                                         r  u_ecc/u_core/i_vec/payload_q_reg[0][2]/C
                         clock pessimism              0.000     5.748    
                         clock uncertainty           -0.035     5.712    
    SLICE_X70Y32         FDCE (Setup_fdce_C_D)        0.030     5.742    u_ecc/u_core/i_vec/payload_q_reg[0][2]
  -------------------------------------------------------------------
                         required time                          5.742    
                         arrival time                          -5.489    
  -------------------------------------------------------------------
                         slack                                  0.253    

Slack (MET) :             0.254ns  (required time - arrival time)
  Source:                 u_ecc/u_core/ecc_leaf_prod_q_reg[12]/C
                            (rising edge-triggered cell FDCE clocked by clk_i  {rise@0.000ns fall@2.500ns period=5.000ns})
  Destination:            u_ecc/u_core/hdc_src0_q_reg[1][62]/D
                            (rising edge-triggered cell FDCE clocked by clk_i  {rise@0.000ns fall@2.500ns period=5.000ns})
  Path Group:             clk_i
  Path Type:              Setup (Max at Slow Process Corner)
  Requirement:            5.000ns  (clk_i rise@5.000ns - clk_i rise@0.000ns)
  Data Path Delay:        4.703ns  (logic 1.009ns (21.453%)  route 3.694ns (78.547%))
  Logic Levels:           6  (LUT2=1 LUT5=2 LUT6=3)
  Clock Path Skew:        -0.039ns (DCD - SCD + CPR)
    Destination Clock Delay (DCD):    0.748ns = ( 5.748 - 5.000 ) 
    Source Clock Delay      (SCD):    0.787ns
    Clock Pessimism Removal (CPR):    0.000ns
  Clock Uncertainty:      0.035ns  ((TSJ^2 + TIJ^2)^1/2 + DJ) / 2 + PE
    Total System Jitter     (TSJ):    0.071ns
    Total Input Jitter      (TIJ):    0.000ns
    Discrete Jitter          (DJ):    0.000ns
    Phase Error              (PE):    0.000ns

    Location             Delay type                Incr(ns)  Path(ns)    Netlist Resource(s)
  -------------------------------------------------------------------    -------------------
                         (clock clk_i rise edge)      0.000     0.000 r  
                                                      0.000     0.000 r  clk_i (IN)
                         net (fo=2611, unset)         0.787     0.787    u_ecc/u_core/clk_i
    SLICE_X80Y44         FDCE                                         r  u_ecc/u_core/ecc_leaf_prod_q_reg[12]/C
  -------------------------------------------------------------------    -------------------
    SLICE_X80Y44         FDCE (Prop_fdce_C_Q)         0.379     1.166 r  u_ecc/u_core/ecc_leaf_prod_q_reg[12]/Q
                         net (fo=13, routed)          1.037     2.203    u_ecc/u_core/p_0_in30_in[44]
    SLICE_X77Y46                                                      r  u_ecc/u_core/i_vec_i_728/I0
    SLICE_X77Y46         LUT6 (Prop_lut6_I0_O)        0.105     2.308 r  u_ecc/u_core/i_vec_i_728/O
                         net (fo=7, routed)           0.709     3.018    u_ecc/u_core/i_vec_i_728_n_0
    SLICE_X77Y48                                                      r  u_ecc/u_core/i_vec_i_358/I2
    SLICE_X77Y48         LUT6 (Prop_lut6_I2_O)        0.105     3.123 r  u_ecc/u_core/i_vec_i_358/O
                         net (fo=2, routed)           0.381     3.504    u_ecc/u_core/i_vec_i_358_n_0
    SLICE_X79Y48                                                      r  u_ecc/u_core/i_vec_i_581/I0
    SLICE_X79Y48         LUT5 (Prop_lut5_I0_O)        0.105     3.609 r  u_ecc/u_core/i_vec_i_581/O
                         net (fo=2, routed)           0.869     4.478    u_ecc/u_core/i_vec_i_581_n_0
    SLICE_X90Y48                                                      r  u_ecc/u_core/i_vec_i_165/I4
    SLICE_X90Y48         LUT5 (Prop_lut5_I4_O)        0.105     4.583 r  u_ecc/u_core/i_vec_i_165/O
                         net (fo=2, routed)           0.140     4.723    u_ecc/u_core/i_vec/xor0_contribution_packet_i[1][62]
    SLICE_X90Y48                                                      r  u_ecc/u_core/i_vec/xor0_field_packet_o[126]_INST_0/I0
    SLICE_X90Y48         LUT2 (Prop_lut2_I0_O)        0.105     4.828 r  u_ecc/u_core/i_vec/xor0_field_packet_o[126]_INST_0/O
                         net (fo=1, routed)           0.557     5.385    u_ecc/u_core/xor0_field_packet[126]
    SLICE_X85Y45                                                      r  u_ecc/u_core/hdc_src0_q[1][62]_i_1/I4
    SLICE_X85Y45         LUT6 (Prop_lut6_I4_O)        0.105     5.490 r  u_ecc/u_core/hdc_src0_q[1][62]_i_1/O
                         net (fo=1, routed)           0.000     5.490    u_ecc/u_core/hdc_src0_q[1][62]_i_1_n_0
    SLICE_X85Y45         FDCE                                         r  u_ecc/u_core/hdc_src0_q_reg[1][62]/D
  -------------------------------------------------------------------    -------------------

                         (clock clk_i rise edge)      5.000     5.000 r  
                                                      0.000     5.000 r  clk_i (IN)
                         net (fo=2611, unset)         0.748     5.748    u_ecc/u_core/clk_i
    SLICE_X85Y45         FDCE                                         r  u_ecc/u_core/hdc_src0_q_reg[1][62]/C
                         clock pessimism              0.000     5.748    
                         clock uncertainty           -0.035     5.712    
    SLICE_X85Y45         FDCE (Setup_fdce_C_D)        0.032     5.744    u_ecc/u_core/hdc_src0_q_reg[1][62]
  -------------------------------------------------------------------
                         required time                          5.744    
                         arrival time                          -5.490    
  -------------------------------------------------------------------
                         slack                                  0.254    

Slack (MET) :             0.254ns  (required time - arrival time)
  Source:                 u_ecc/u_core/ecc_leaf_path_q_reg[3]/C
                            (rising edge-triggered cell FDCE clocked by clk_i  {rise@0.000ns fall@2.500ns period=5.000ns})
  Destination:            u_ecc/u_core/i_vec/payload_q_reg[1][48]/D
                            (rising edge-triggered cell FDCE clocked by clk_i  {rise@0.000ns fall@2.500ns period=5.000ns})
  Path Group:             clk_i
  Path Type:              Setup (Max at Slow Process Corner)
  Requirement:            5.000ns  (clk_i rise@5.000ns - clk_i rise@0.000ns)
  Data Path Delay:        4.701ns  (logic 1.193ns (25.378%)  route 3.508ns (74.622%))
  Logic Levels:           6  (LUT2=1 LUT3=2 LUT4=1 LUT5=1 LUT6=1)
  Clock Path Skew:        -0.039ns (DCD - SCD + CPR)
    Destination Clock Delay (DCD):    0.748ns = ( 5.748 - 5.000 ) 
    Source Clock Delay      (SCD):    0.787ns
    Clock Pessimism Removal (CPR):    0.000ns
  Clock Uncertainty:      0.035ns  ((TSJ^2 + TIJ^2)^1/2 + DJ) / 2 + PE
    Total System Jitter     (TSJ):    0.071ns
    Total Input Jitter      (TIJ):    0.000ns
    Discrete Jitter          (DJ):    0.000ns
    Phase Error              (PE):    0.000ns

    Location             Delay type                Incr(ns)  Path(ns)    Netlist Resource(s)
  -------------------------------------------------------------------    -------------------
                         (clock clk_i rise edge)      0.000     0.000 r  
                                                      0.000     0.000 r  clk_i (IN)
                         net (fo=2611, unset)         0.787     0.787    u_ecc/u_core/clk_i
    SLICE_X69Y43         FDCE                                         r  u_ecc/u_core/ecc_leaf_path_q_reg[3]/C
  -------------------------------------------------------------------    -------------------
    SLICE_X69Y43         FDCE (Prop_fdce_C_Q)         0.379     1.166 f  u_ecc/u_core/ecc_leaf_path_q_reg[3]/Q
                         net (fo=109, routed)         0.721     1.887    u_ecc/u_core/path[3]
    SLICE_X63Y43                                                      f  u_ecc/u_core/i_vec_i_298/I2
    SLICE_X63Y43         LUT4 (Prop_lut4_I2_O)        0.105     1.992 f  u_ecc/u_core/i_vec_i_298/O
                         net (fo=111, routed)         0.239     2.231    u_ecc/u_core/i_vec_i_298_n_0
    SLICE_X63Y43                                                      f  u_ecc/u_core/i_vec_i_293/I0
    SLICE_X63Y43         LUT3 (Prop_lut3_I0_O)        0.105     2.336 f  u_ecc/u_core/i_vec_i_293/O
                         net (fo=1, routed)           0.257     2.593    u_ecc/u_core/i_vec_i_293_n_0
    SLICE_X64Y42                                                      f  u_ecc/u_core/i_vec_i_2/I4
    SLICE_X64Y42         LUT6 (Prop_lut6_I4_O)        0.105     2.698 r  u_ecc/u_core/i_vec_i_2/O
                         net (fo=769, routed)         1.448     4.146    u_ecc/u_core/i_vec/payload_product_i
    SLICE_X76Y34                                                      r  u_ecc/u_core/i_vec/i_gf2_contribution_row_tile_i_400/I1
    SLICE_X76Y34         LUT3 (Prop_lut3_I1_O)        0.119     4.265 r  u_ecc/u_core/i_vec/i_gf2_contribution_row_tile_i_400/O
                         net (fo=1, routed)           0.332     4.597    u_ecc/u_core/i_vec/i_gf2_contribution_row_tile/matrix_src_b_i[3][16]
    SLICE_X76Y35                                                      r  u_ecc/u_core/i_vec/i_gf2_contribution_row_tile/matrix_product_o[3][16]_INST_0/I1
    SLICE_X76Y35         LUT2 (Prop_lut2_I1_O)        0.275     4.872 r  u_ecc/u_core/i_vec/i_gf2_contribution_row_tile/matrix_product_o[3][16]_INST_0/O
                         net (fo=1, routed)           0.511     5.383    u_ecc/u_core/i_vec/tile_product_word[1][48]
    SLICE_X80Y38                                                      r  u_ecc/u_core/i_vec/payload_q[1][48]_i_1/I4
    SLICE_X80Y38         LUT5 (Prop_lut5_I4_O)        0.105     5.488 r  u_ecc/u_core/i_vec/payload_q[1][48]_i_1/O
                         net (fo=1, routed)           0.000     5.488    u_ecc/u_core/i_vec/payload_q[1][48]_i_1_n_0
    SLICE_X80Y38         FDCE                                         r  u_ecc/u_core/i_vec/payload_q_reg[1][48]/D
  -------------------------------------------------------------------    -------------------

                         (clock clk_i rise edge)      5.000     5.000 r  
                                                      0.000     5.000 r  clk_i (IN)
                         net (fo=2611, unset)         0.748     5.748    u_ecc/u_core/i_vec/clk_i
    SLICE_X80Y38         FDCE                                         r  u_ecc/u_core/i_vec/payload_q_reg[1][48]/C
                         clock pessimism              0.000     5.748    
                         clock uncertainty           -0.035     5.712    
    SLICE_X80Y38         FDCE (Setup_fdce_C_D)        0.030     5.742    u_ecc/u_core/i_vec/payload_q_reg[1][48]
  -------------------------------------------------------------------
                         required time                          5.742    
                         arrival time                          -5.488    
  -------------------------------------------------------------------
                         slack                                  0.254    

Slack (MET) :             0.255ns  (required time - arrival time)
  Source:                 u_ecc/u_core/i_vrf/gen_bank[1].vrf_mem_reg/CLKARDCLK
                            (rising edge-triggered cell RAMB36E1 clocked by clk_i  {rise@0.000ns fall@2.500ns period=5.000ns})
  Destination:            u_ecc/u_core/i_vec/payload_q_reg[1][40]/D
                            (rising edge-triggered cell FDCE clocked by clk_i  {rise@0.000ns fall@2.500ns period=5.000ns})
  Path Group:             clk_i
  Path Type:              Setup (Max at Slow Process Corner)
  Requirement:            5.000ns  (clk_i rise@5.000ns - clk_i rise@0.000ns)
  Data Path Delay:        4.700ns  (logic 2.440ns (51.915%)  route 2.260ns (48.085%))
  Logic Levels:           3  (LUT2=1 LUT3=1 LUT5=1)
  Clock Path Skew:        -0.039ns (DCD - SCD + CPR)
    Destination Clock Delay (DCD):    0.748ns = ( 5.748 - 5.000 ) 
    Source Clock Delay      (SCD):    0.787ns
    Clock Pessimism Removal (CPR):    0.000ns
  Clock Uncertainty:      0.035ns  ((TSJ^2 + TIJ^2)^1/2 + DJ) / 2 + PE
    Total System Jitter     (TSJ):    0.071ns
    Total Input Jitter      (TIJ):    0.000ns
    Discrete Jitter          (DJ):    0.000ns
    Phase Error              (PE):    0.000ns

    Location             Delay type                Incr(ns)  Path(ns)    Netlist Resource(s)
  -------------------------------------------------------------------    -------------------
                         (clock clk_i rise edge)      0.000     0.000 r  
                                                      0.000     0.000 r  clk_i (IN)
                         net (fo=2611, unset)         0.787     0.787    u_ecc/u_core/i_vrf/clk_i
    RAMB36_X3Y8          RAMB36E1                                     r  u_ecc/u_core/i_vrf/gen_bank[1].vrf_mem_reg/CLKARDCLK
  -------------------------------------------------------------------    -------------------
    RAMB36_X3Y8          RAMB36E1 (Prop_ramb36e1_CLKARDCLK_DOBDO[8])
                                                      2.125     2.912 r  u_ecc/u_core/i_vrf/gen_bank[1].vrf_mem_reg/DOBDO[8]
                         net (fo=2, routed)           1.220     4.132    u_ecc/u_core/i_vec/hdc_pair_src_b_i[1][40]
    SLICE_X70Y36                                                      r  u_ecc/u_core/i_vec/i_gf2_contribution_row_tile_i_408/I2
    SLICE_X70Y36         LUT3 (Prop_lut3_I2_O)        0.105     4.237 r  u_ecc/u_core/i_vec/i_gf2_contribution_row_tile_i_408/O
                         net (fo=1, routed)           0.322     4.559    u_ecc/u_core/i_vec/i_gf2_contribution_row_tile/matrix_src_b_i[3][8]
    SLICE_X70Y36                                                      r  u_ecc/u_core/i_vec/i_gf2_contribution_row_tile/matrix_product_o[3][8]_INST_0/I1
    SLICE_X70Y36         LUT2 (Prop_lut2_I1_O)        0.105     4.664 r  u_ecc/u_core/i_vec/i_gf2_contribution_row_tile/matrix_product_o[3][8]_INST_0/O
                         net (fo=1, routed)           0.718     5.382    u_ecc/u_core/i_vec/tile_product_word[1][40]
    SLICE_X85Y38                                                      r  u_ecc/u_core/i_vec/payload_q[1][40]_i_1/I4
    SLICE_X85Y38         LUT5 (Prop_lut5_I4_O)        0.105     5.487 r  u_ecc/u_core/i_vec/payload_q[1][40]_i_1/O
                         net (fo=1, routed)           0.000     5.487    u_ecc/u_core/i_vec/payload_q[1][40]_i_1_n_0
    SLICE_X85Y38         FDCE                                         r  u_ecc/u_core/i_vec/payload_q_reg[1][40]/D
  -------------------------------------------------------------------    -------------------

                         (clock clk_i rise edge)      5.000     5.000 r  
                                                      0.000     5.000 r  clk_i (IN)
                         net (fo=2611, unset)         0.748     5.748    u_ecc/u_core/i_vec/clk_i
    SLICE_X85Y38         FDCE                                         r  u_ecc/u_core/i_vec/payload_q_reg[1][40]/C
                         clock pessimism              0.000     5.748    
                         clock uncertainty           -0.035     5.712    
    SLICE_X85Y38         FDCE (Setup_fdce_C_D)        0.030     5.742    u_ecc/u_core/i_vec/payload_q_reg[1][40]
  -------------------------------------------------------------------
                         required time                          5.742    
                         arrival time                          -5.487    
  -------------------------------------------------------------------
                         slack                                  0.255    

Slack (MET) :             0.256ns  (required time - arrival time)
  Source:                 u_ecc/u_core/i_vrf/gen_bank[3].vrf_mem_reg/CLKARDCLK
                            (rising edge-triggered cell RAMB36E1 clocked by clk_i  {rise@0.000ns fall@2.500ns period=5.000ns})
  Destination:            u_ecc/u_core/i_vec/payload_q_reg[3][18]/D
                            (rising edge-triggered cell FDCE clocked by clk_i  {rise@0.000ns fall@2.500ns period=5.000ns})
  Path Group:             clk_i
  Path Type:              Setup (Max at Slow Process Corner)
  Requirement:            5.000ns  (clk_i rise@5.000ns - clk_i rise@0.000ns)
  Data Path Delay:        4.700ns  (logic 2.808ns (59.749%)  route 1.892ns (40.251%))
  Logic Levels:           3  (LUT2=1 LUT3=1 LUT5=1)
  Clock Path Skew:        -0.039ns (DCD - SCD + CPR)
    Destination Clock Delay (DCD):    0.748ns = ( 5.748 - 5.000 ) 
    Source Clock Delay      (SCD):    0.787ns
    Clock Pessimism Removal (CPR):    0.000ns
  Clock Uncertainty:      0.035ns  ((TSJ^2 + TIJ^2)^1/2 + DJ) / 2 + PE
    Total System Jitter     (TSJ):    0.071ns
    Total Input Jitter      (TIJ):    0.000ns
    Discrete Jitter          (DJ):    0.000ns
    Phase Error              (PE):    0.000ns

    Location             Delay type                Incr(ns)  Path(ns)    Netlist Resource(s)
  -------------------------------------------------------------------    -------------------
                         (clock clk_i rise edge)      0.000     0.000 r  
                                                      0.000     0.000 r  clk_i (IN)
                         net (fo=2611, unset)         0.787     0.787    u_ecc/u_core/i_vrf/clk_i
    RAMB36_X3Y7          RAMB36E1                                     r  u_ecc/u_core/i_vrf/gen_bank[3].vrf_mem_reg/CLKARDCLK
  -------------------------------------------------------------------    -------------------
    RAMB36_X3Y7          RAMB36E1 (Prop_ramb36e1_CLKARDCLK_DOADO[18])
                                                      2.125     2.912 r  u_ecc/u_core/i_vrf/gen_bank[3].vrf_mem_reg/DOADO[18]
                         net (fo=2, routed)           0.979     3.891    u_ecc/u_core/i_vec/hdc_pair_src_b_i[3][18]
    SLICE_X60Y38                                                      r  u_ecc/u_core/i_vec/i_gf2_contribution_row_tile_i_302/I2
    SLICE_X60Y38         LUT3 (Prop_lut3_I2_O)        0.127     4.018 r  u_ecc/u_core/i_vec/i_gf2_contribution_row_tile_i_302/O
                         net (fo=1, routed)           0.554     4.572    u_ecc/u_core/i_vec/i_gf2_contribution_row_tile/matrix_src_b_i[6][18]
    SLICE_X60Y38                                                      r  u_ecc/u_core/i_vec/i_gf2_contribution_row_tile/matrix_product_o[6][18]_INST_0/I1
    SLICE_X60Y38         LUT2 (Prop_lut2_I1_O)        0.282     4.854 r  u_ecc/u_core/i_vec/i_gf2_contribution_row_tile/matrix_product_o[6][18]_INST_0/O
                         net (fo=1, routed)           0.358     5.213    u_ecc/u_core/i_vec/tile_product_word[3][18]
    SLICE_X60Y38                                                      r  u_ecc/u_core/i_vec/payload_q[3][18]_i_1/I4
    SLICE_X60Y38         LUT5 (Prop_lut5_I4_O)        0.274     5.487 r  u_ecc/u_core/i_vec/payload_q[3][18]_i_1/O
                         net (fo=1, routed)           0.000     5.487    u_ecc/u_core/i_vec/payload_q[3][18]_i_1_n_0
    SLICE_X60Y38         FDCE                                         r  u_ecc/u_core/i_vec/payload_q_reg[3][18]/D
  -------------------------------------------------------------------    -------------------

                         (clock clk_i rise edge)      5.000     5.000 r  
                                                      0.000     5.000 r  clk_i (IN)
                         net (fo=2611, unset)         0.748     5.748    u_ecc/u_core/i_vec/clk_i
    SLICE_X60Y38         FDCE                                         r  u_ecc/u_core/i_vec/payload_q_reg[3][18]/C
                         clock pessimism              0.000     5.748    
                         clock uncertainty           -0.035     5.712    
    SLICE_X60Y38         FDCE (Setup_fdce_C_D)        0.030     5.742    u_ecc/u_core/i_vec/payload_q_reg[3][18]
  -------------------------------------------------------------------
                         required time                          5.742    
                         arrival time                          -5.487    
  -------------------------------------------------------------------
                         slack                                  0.256    

Slack (MET) :             0.256ns  (required time - arrival time)
  Source:                 u_ecc/u_core/ecc_leaf_path_q_reg[3]/C
                            (rising edge-triggered cell FDCE clocked by clk_i  {rise@0.000ns fall@2.500ns period=5.000ns})
  Destination:            u_ecc/u_core/i_vec/payload_q_reg[2][51]/D
                            (rising edge-triggered cell FDCE clocked by clk_i  {rise@0.000ns fall@2.500ns period=5.000ns})
  Path Group:             clk_i
  Path Type:              Setup (Max at Slow Process Corner)
  Requirement:            5.000ns  (clk_i rise@5.000ns - clk_i rise@0.000ns)
  Data Path Delay:        4.745ns  (logic 1.199ns (25.266%)  route 3.546ns (74.734%))
  Logic Levels:           6  (LUT2=1 LUT3=2 LUT4=1 LUT5=1 LUT6=1)
  Clock Path Skew:        -0.039ns (DCD - SCD + CPR)
    Destination Clock Delay (DCD):    0.748ns = ( 5.748 - 5.000 ) 
    Source Clock Delay      (SCD):    0.787ns
    Clock Pessimism Removal (CPR):    0.000ns
  Clock Uncertainty:      0.035ns  ((TSJ^2 + TIJ^2)^1/2 + DJ) / 2 + PE
    Total System Jitter     (TSJ):    0.071ns
    Total Input Jitter      (TIJ):    0.000ns
    Discrete Jitter          (DJ):    0.000ns
    Phase Error              (PE):    0.000ns

    Location             Delay type                Incr(ns)  Path(ns)    Netlist Resource(s)
  -------------------------------------------------------------------    -------------------
                         (clock clk_i rise edge)      0.000     0.000 r  
                                                      0.000     0.000 r  clk_i (IN)
                         net (fo=2611, unset)         0.787     0.787    u_ecc/u_core/clk_i
    SLICE_X69Y43         FDCE                                         r  u_ecc/u_core/ecc_leaf_path_q_reg[3]/C
  -------------------------------------------------------------------    -------------------
    SLICE_X69Y43         FDCE (Prop_fdce_C_Q)         0.379     1.166 f  u_ecc/u_core/ecc_leaf_path_q_reg[3]/Q
                         net (fo=109, routed)         0.721     1.887    u_ecc/u_core/path[3]
    SLICE_X63Y43                                                      f  u_ecc/u_core/i_vec_i_298/I2
    SLICE_X63Y43         LUT4 (Prop_lut4_I2_O)        0.105     1.992 f  u_ecc/u_core/i_vec_i_298/O
                         net (fo=111, routed)         0.239     2.231    u_ecc/u_core/i_vec_i_298_n_0
    SLICE_X63Y43                                                      f  u_ecc/u_core/i_vec_i_293/I0
    SLICE_X63Y43         LUT3 (Prop_lut3_I0_O)        0.105     2.336 f  u_ecc/u_core/i_vec_i_293/O
                         net (fo=1, routed)           0.257     2.593    u_ecc/u_core/i_vec_i_293_n_0
    SLICE_X64Y42                                                      f  u_ecc/u_core/i_vec_i_2/I4
    SLICE_X64Y42         LUT6 (Prop_lut6_I4_O)        0.105     2.698 r  u_ecc/u_core/i_vec_i_2/O
                         net (fo=769, routed)         1.567     4.265    u_ecc/u_core/i_vec/payload_product_i
    SLICE_X89Y39                                                      r  u_ecc/u_core/i_vec/i_gf2_contribution_row_tile_i_77/I1
    SLICE_X89Y39         LUT3 (Prop_lut3_I1_O)        0.125     4.390 r  u_ecc/u_core/i_vec/i_gf2_contribution_row_tile_i_77/O
                         net (fo=1, routed)           0.529     4.919    u_ecc/u_core/i_vec/i_gf2_contribution_row_tile/matrix_src_a_i[5][19]
    SLICE_X91Y39                                                      r  u_ecc/u_core/i_vec/i_gf2_contribution_row_tile/matrix_product_o[5][19]_INST_0/I0
    SLICE_X91Y39         LUT2 (Prop_lut2_I0_O)        0.275     5.194 r  u_ecc/u_core/i_vec/i_gf2_contribution_row_tile/matrix_product_o[5][19]_INST_0/O
                         net (fo=1, routed)           0.233     5.427    u_ecc/u_core/i_vec/tile_product_word[2][51]
    SLICE_X90Y38                                                      r  u_ecc/u_core/i_vec/payload_q[2][51]_i_1/I4
    SLICE_X90Y38         LUT5 (Prop_lut5_I4_O)        0.105     5.532 r  u_ecc/u_core/i_vec/payload_q[2][51]_i_1/O
                         net (fo=1, routed)           0.000     5.532    u_ecc/u_core/i_vec/payload_q[2][51]_i_1_n_0
    SLICE_X90Y38         FDCE                                         r  u_ecc/u_core/i_vec/payload_q_reg[2][51]/D
  -------------------------------------------------------------------    -------------------

                         (clock clk_i rise edge)      5.000     5.000 r  
                                                      0.000     5.000 r  clk_i (IN)
                         net (fo=2611, unset)         0.748     5.748    u_ecc/u_core/i_vec/clk_i
    SLICE_X90Y38         FDCE                                         r  u_ecc/u_core/i_vec/payload_q_reg[2][51]/C
                         clock pessimism              0.000     5.748    
                         clock uncertainty           -0.035     5.712    
    SLICE_X90Y38         FDCE (Setup_fdce_C_D)        0.076     5.788    u_ecc/u_core/i_vec/payload_q_reg[2][51]
  -------------------------------------------------------------------
                         required time                          5.788    
                         arrival time                          -5.532    
  -------------------------------------------------------------------
                         slack                                  0.256    

Slack (MET) :             0.256ns  (required time - arrival time)
  Source:                 u_ecc/u_core/ecc_leaf_prod_q_reg[0]/C
                            (rising edge-triggered cell FDCE clocked by clk_i  {rise@0.000ns fall@2.500ns period=5.000ns})
  Destination:            u_ecc/u_core/hdc_src0_q_reg[0][8]/D
                            (rising edge-triggered cell FDCE clocked by clk_i  {rise@0.000ns fall@2.500ns period=5.000ns})
  Path Group:             clk_i
  Path Type:              Setup (Max at Slow Process Corner)
  Requirement:            5.000ns  (clk_i rise@5.000ns - clk_i rise@0.000ns)
  Data Path Delay:        4.701ns  (logic 1.075ns (22.867%)  route 3.626ns (77.133%))
  Logic Levels:           5  (LUT2=1 LUT4=1 LUT6=3)
  Clock Path Skew:        -0.039ns (DCD - SCD + CPR)
    Destination Clock Delay (DCD):    0.748ns = ( 5.748 - 5.000 ) 
    Source Clock Delay      (SCD):    0.787ns
    Clock Pessimism Removal (CPR):    0.000ns
  Clock Uncertainty:      0.035ns  ((TSJ^2 + TIJ^2)^1/2 + DJ) / 2 + PE
    Total System Jitter     (TSJ):    0.071ns
    Total Input Jitter      (TIJ):    0.000ns
    Discrete Jitter          (DJ):    0.000ns
    Phase Error              (PE):    0.000ns

    Location             Delay type                Incr(ns)  Path(ns)    Netlist Resource(s)
  -------------------------------------------------------------------    -------------------
                         (clock clk_i rise edge)      0.000     0.000 r  
                                                      0.000     0.000 r  clk_i (IN)
                         net (fo=2611, unset)         0.787     0.787    u_ecc/u_core/clk_i
    SLICE_X76Y42         FDCE                                         r  u_ecc/u_core/ecc_leaf_prod_q_reg[0]/C
  -------------------------------------------------------------------    -------------------
    SLICE_X76Y42         FDCE (Prop_fdce_C_Q)         0.379     1.166 r  u_ecc/u_core/ecc_leaf_prod_q_reg[0]/Q
                         net (fo=13, routed)          1.408     2.574    u_ecc/u_core/p_0_in30_in[32]
    SLICE_X71Y44                                                      r  u_ecc/u_core/i_vec_i_297/I0
    SLICE_X71Y44         LUT6 (Prop_lut6_I0_O)        0.105     2.679 r  u_ecc/u_core/i_vec_i_297/O
                         net (fo=8, routed)           0.788     3.467    u_ecc/u_core/i_vec_i_297_n_0
    SLICE_X85Y40                                                      r  u_ecc/u_core/i_vec_i_486/I3
    SLICE_X85Y40         LUT4 (Prop_lut4_I3_O)        0.105     3.572 r  u_ecc/u_core/i_vec_i_486/O
                         net (fo=3, routed)           0.582     4.154    u_ecc/u_core/i_vec_i_486_n_0
    SLICE_X83Y35                                                      r  u_ecc/u_core/i_vec_i_283/I5
    SLICE_X83Y35         LUT6 (Prop_lut6_I5_O)        0.105     4.259 r  u_ecc/u_core/i_vec_i_283/O
                         net (fo=2, routed)           0.473     4.732    u_ecc/u_core/i_vec/xor0_contribution_packet_i[0][8]
    SLICE_X78Y34                                                      r  u_ecc/u_core/i_vec/xor0_field_packet_o[8]_INST_0/I0
    SLICE_X78Y34         LUT2 (Prop_lut2_I0_O)        0.107     4.839 r  u_ecc/u_core/i_vec/xor0_field_packet_o[8]_INST_0/O
                         net (fo=1, routed)           0.375     5.214    u_ecc/u_core/xor0_field_packet[8]
    SLICE_X79Y34                                                      r  u_ecc/u_core/hdc_src0_q[0][8]_i_1/I4
    SLICE_X79Y34         LUT6 (Prop_lut6_I4_O)        0.274     5.488 r  u_ecc/u_core/hdc_src0_q[0][8]_i_1/O
                         net (fo=1, routed)           0.000     5.488    u_ecc/u_core/hdc_src0_q[0][8]_i_1_n_0
    SLICE_X79Y34         FDCE                                         r  u_ecc/u_core/hdc_src0_q_reg[0][8]/D
  -------------------------------------------------------------------    -------------------

                         (clock clk_i rise edge)      5.000     5.000 r  
                                                      0.000     5.000 r  clk_i (IN)
                         net (fo=2611, unset)         0.748     5.748    u_ecc/u_core/clk_i
    SLICE_X79Y34         FDCE                                         r  u_ecc/u_core/hdc_src0_q_reg[0][8]/C
                         clock pessimism              0.000     5.748    
                         clock uncertainty           -0.035     5.712    
    SLICE_X79Y34         FDCE (Setup_fdce_C_D)        0.032     5.744    u_ecc/u_core/hdc_src0_q_reg[0][8]
  -------------------------------------------------------------------
                         required time                          5.744    
                         arrival time                          -5.488    
  -------------------------------------------------------------------
                         slack                                  0.256    

Slack (MET) :             0.257ns  (required time - arrival time)
  Source:                 u_ecc/u_core/ecc_leaf_path_q_reg[3]/C
                            (rising edge-triggered cell FDCE clocked by clk_i  {rise@0.000ns fall@2.500ns period=5.000ns})
  Destination:            u_ecc/u_core/i_vec/payload_q_reg[1][20]/D
                            (rising edge-triggered cell FDCE clocked by clk_i  {rise@0.000ns fall@2.500ns period=5.000ns})
  Path Group:             clk_i
  Path Type:              Setup (Max at Slow Process Corner)
  Requirement:            5.000ns  (clk_i rise@5.000ns - clk_i rise@0.000ns)
  Data Path Delay:        4.700ns  (logic 1.194ns (25.402%)  route 3.506ns (74.598%))
  Logic Levels:           6  (LUT2=1 LUT3=2 LUT4=1 LUT5=1 LUT6=1)
  Clock Path Skew:        -0.039ns (DCD - SCD + CPR)
    Destination Clock Delay (DCD):    0.748ns = ( 5.748 - 5.000 ) 
    Source Clock Delay      (SCD):    0.787ns
    Clock Pessimism Removal (CPR):    0.000ns
  Clock Uncertainty:      0.035ns  ((TSJ^2 + TIJ^2)^1/2 + DJ) / 2 + PE
    Total System Jitter     (TSJ):    0.071ns
    Total Input Jitter      (TIJ):    0.000ns
    Discrete Jitter          (DJ):    0.000ns
    Phase Error              (PE):    0.000ns

    Location             Delay type                Incr(ns)  Path(ns)    Netlist Resource(s)
  -------------------------------------------------------------------    -------------------
                         (clock clk_i rise edge)      0.000     0.000 r  
                                                      0.000     0.000 r  clk_i (IN)
                         net (fo=2611, unset)         0.787     0.787    u_ecc/u_core/clk_i
    SLICE_X69Y43         FDCE                                         r  u_ecc/u_core/ecc_leaf_path_q_reg[3]/C
  -------------------------------------------------------------------    -------------------
    SLICE_X69Y43         FDCE (Prop_fdce_C_Q)         0.379     1.166 f  u_ecc/u_core/ecc_leaf_path_q_reg[3]/Q
                         net (fo=109, routed)         0.721     1.887    u_ecc/u_core/path[3]
    SLICE_X63Y43                                                      f  u_ecc/u_core/i_vec_i_298/I2
    SLICE_X63Y43         LUT4 (Prop_lut4_I2_O)        0.105     1.992 f  u_ecc/u_core/i_vec_i_298/O
                         net (fo=111, routed)         0.239     2.231    u_ecc/u_core/i_vec_i_298_n_0
    SLICE_X63Y43                                                      f  u_ecc/u_core/i_vec_i_293/I0
    SLICE_X63Y43         LUT3 (Prop_lut3_I0_O)        0.105     2.336 f  u_ecc/u_core/i_vec_i_293/O
                         net (fo=1, routed)           0.257     2.593    u_ecc/u_core/i_vec_i_293_n_0
    SLICE_X64Y42                                                      f  u_ecc/u_core/i_vec_i_2/I4
    SLICE_X64Y42         LUT6 (Prop_lut6_I4_O)        0.105     2.698 r  u_ecc/u_core/i_vec_i_2/O
                         net (fo=769, routed)         0.985     3.683    u_ecc/u_core/i_vec/payload_product_i
    SLICE_X62Y40                                                      r  u_ecc/u_core/i_vec/i_gf2_contribution_row_tile_i_428/I1
    SLICE_X62Y40         LUT3 (Prop_lut3_I1_O)        0.105     3.788 r  u_ecc/u_core/i_vec/i_gf2_contribution_row_tile_i_428/O
                         net (fo=1, routed)           0.711     4.499    u_ecc/u_core/i_vec/i_gf2_contribution_row_tile/matrix_src_b_i[2][20]
    SLICE_X66Y36                                                      r  u_ecc/u_core/i_vec/i_gf2_contribution_row_tile/matrix_product_o[2][20]_INST_0/I1
    SLICE_X66Y36         LUT2 (Prop_lut2_I1_O)        0.127     4.626 r  u_ecc/u_core/i_vec/i_gf2_contribution_row_tile/matrix_product_o[2][20]_INST_0/O
                         net (fo=1, routed)           0.593     5.219    u_ecc/u_core/i_vec/tile_product_word[1][20]
    SLICE_X77Y37                                                      r  u_ecc/u_core/i_vec/payload_q[1][20]_i_1/I4
    SLICE_X77Y37         LUT5 (Prop_lut5_I4_O)        0.268     5.487 r  u_ecc/u_core/i_vec/payload_q[1][20]_i_1/O
                         net (fo=1, routed)           0.000     5.487    u_ecc/u_core/i_vec/payload_q[1][20]_i_1_n_0
    SLICE_X77Y37         FDCE                                         r  u_ecc/u_core/i_vec/payload_q_reg[1][20]/D
  -------------------------------------------------------------------    -------------------

                         (clock clk_i rise edge)      5.000     5.000 r  
                                                      0.000     5.000 r  clk_i (IN)
                         net (fo=2611, unset)         0.748     5.748    u_ecc/u_core/i_vec/clk_i
    SLICE_X77Y37         FDCE                                         r  u_ecc/u_core/i_vec/payload_q_reg[1][20]/C
                         clock pessimism              0.000     5.748    
                         clock uncertainty           -0.035     5.712    
    SLICE_X77Y37         FDCE (Setup_fdce_C_D)        0.032     5.744    u_ecc/u_core/i_vec/payload_q_reg[1][20]
  -------------------------------------------------------------------
                         required time                          5.744    
                         arrival time                          -5.487    
  -------------------------------------------------------------------
                         slack                                  0.257    

Slack (MET) :             0.257ns  (required time - arrival time)
  Source:                 u_ecc/u_core/ecc_leaf_path_q_reg[2]/C
                            (rising edge-triggered cell FDCE clocked by clk_i  {rise@0.000ns fall@2.500ns period=5.000ns})
  Destination:            u_ecc/u_core/hdc_src0_q_reg[2][19]/D
                            (rising edge-triggered cell FDCE clocked by clk_i  {rise@0.000ns fall@2.500ns period=5.000ns})
  Path Group:             clk_i
  Path Type:              Setup (Max at Slow Process Corner)
  Requirement:            5.000ns  (clk_i rise@5.000ns - clk_i rise@0.000ns)
  Data Path Delay:        4.698ns  (logic 1.063ns (22.626%)  route 3.635ns (77.374%))
  Logic Levels:           6  (LUT2=1 LUT4=1 LUT5=1 LUT6=3)
  Clock Path Skew:        -0.039ns (DCD - SCD + CPR)
    Destination Clock Delay (DCD):    0.748ns = ( 5.748 - 5.000 ) 
    Source Clock Delay      (SCD):    0.787ns
    Clock Pessimism Removal (CPR):    0.000ns
  Clock Uncertainty:      0.035ns  ((TSJ^2 + TIJ^2)^1/2 + DJ) / 2 + PE
    Total System Jitter     (TSJ):    0.071ns
    Total Input Jitter      (TIJ):    0.000ns
    Discrete Jitter          (DJ):    0.000ns
    Phase Error              (PE):    0.000ns

    Location             Delay type                Incr(ns)  Path(ns)    Netlist Resource(s)
  -------------------------------------------------------------------    -------------------
                         (clock clk_i rise edge)      0.000     0.000 r  
                                                      0.000     0.000 r  clk_i (IN)
                         net (fo=2611, unset)         0.787     0.787    u_ecc/u_core/clk_i
    SLICE_X58Y43         FDCE                                         r  u_ecc/u_core/ecc_leaf_path_q_reg[2]/C
  -------------------------------------------------------------------    -------------------
    SLICE_X58Y43         FDCE (Prop_fdce_C_Q)         0.433     1.220 f  u_ecc/u_core/ecc_leaf_path_q_reg[2]/Q
                         net (fo=111, routed)         0.736     1.956    u_ecc/u_core/path[2]
    SLICE_X71Y43                                                      f  u_ecc/u_core/i_vec_i_813/I1
    SLICE_X71Y43         LUT4 (Prop_lut4_I1_O)        0.105     2.061 r  u_ecc/u_core/i_vec_i_813/O
                         net (fo=100, routed)         1.150     3.211    u_ecc/u_core/i_vec_i_813_n_0
    SLICE_X77Y49                                                      r  u_ecc/u_core/i_vec_i_329/I1
    SLICE_X77Y49         LUT6 (Prop_lut6_I1_O)        0.105     3.316 r  u_ecc/u_core/i_vec_i_329/O
                         net (fo=2, routed)           0.613     3.929    u_ecc/u_core/i_vec_i_329_n_0
    SLICE_X88Y49                                                      r  u_ecc/u_core/i_vec_i_537/I0
    SLICE_X88Y49         LUT5 (Prop_lut5_I0_O)        0.105     4.034 r  u_ecc/u_core/i_vec_i_537/O
                         net (fo=1, routed)           0.122     4.156    u_ecc/u_core/i_vec_i_537_n_0
    SLICE_X88Y49                                                      r  u_ecc/u_core/i_vec_i_144/I2
    SLICE_X88Y49         LUT6 (Prop_lut6_I2_O)        0.105     4.261 r  u_ecc/u_core/i_vec_i_144/O
                         net (fo=2, routed)           0.509     4.770    u_ecc/u_core/i_vec/xor0_contribution_packet_i[2][19]
    SLICE_X82Y44                                                      r  u_ecc/u_core/i_vec/xor0_field_packet_o[147]_INST_0/I0
    SLICE_X82Y44         LUT2 (Prop_lut2_I0_O)        0.105     4.875 r  u_ecc/u_core/i_vec/xor0_field_packet_o[147]_INST_0/O
                         net (fo=1, routed)           0.505     5.380    u_ecc/u_core/xor0_field_packet[147]
    SLICE_X79Y41                                                      r  u_ecc/u_core/hdc_src0_q[2][19]_i_1/I4
    SLICE_X79Y41         LUT6 (Prop_lut6_I4_O)        0.105     5.485 r  u_ecc/u_core/hdc_src0_q[2][19]_i_1/O
                         net (fo=1, routed)           0.000     5.485    u_ecc/u_core/hdc_src0_q[2][19]_i_1_n_0
    SLICE_X79Y41         FDCE                                         r  u_ecc/u_core/hdc_src0_q_reg[2][19]/D
  -------------------------------------------------------------------    -------------------

                         (clock clk_i rise edge)      5.000     5.000 r  
                                                      0.000     5.000 r  clk_i (IN)
                         net (fo=2611, unset)         0.748     5.748    u_ecc/u_core/clk_i
    SLICE_X79Y41         FDCE                                         r  u_ecc/u_core/hdc_src0_q_reg[2][19]/C
                         clock pessimism              0.000     5.748    
                         clock uncertainty           -0.035     5.712    
    SLICE_X79Y41         FDCE (Setup_fdce_C_D)        0.030     5.742    u_ecc/u_core/hdc_src0_q_reg[2][19]
  -------------------------------------------------------------------
                         required time                          5.742    
                         arrival time                          -5.485    
  -------------------------------------------------------------------
                         slack                                  0.257    

Slack (MET) :             0.257ns  (required time - arrival time)
  Source:                 u_ecc/u_core/ecc_leaf_path_q_reg[2]/C
                            (rising edge-triggered cell FDCE clocked by clk_i  {rise@0.000ns fall@2.500ns period=5.000ns})
  Destination:            u_ecc/u_core/ecc_leaf_xor_b_q_reg[18]/D
                            (rising edge-triggered cell FDCE clocked by clk_i  {rise@0.000ns fall@2.500ns period=5.000ns})
  Path Group:             clk_i
  Path Type:              Setup (Max at Slow Process Corner)
  Requirement:            5.000ns  (clk_i rise@5.000ns - clk_i rise@0.000ns)
  Data Path Delay:        4.621ns  (logic 0.958ns (20.732%)  route 3.663ns (79.268%))
  Logic Levels:           5  (LUT3=1 LUT4=2 LUT5=1 LUT6=1)
  Clock Path Skew:        -0.039ns (DCD - SCD + CPR)
    Destination Clock Delay (DCD):    0.748ns = ( 5.748 - 5.000 ) 
    Source Clock Delay      (SCD):    0.787ns
    Clock Pessimism Removal (CPR):    0.000ns
  Clock Uncertainty:      0.035ns  ((TSJ^2 + TIJ^2)^1/2 + DJ) / 2 + PE
    Total System Jitter     (TSJ):    0.071ns
    Total Input Jitter      (TIJ):    0.000ns
    Discrete Jitter          (DJ):    0.000ns
    Phase Error              (PE):    0.000ns

    Location             Delay type                Incr(ns)  Path(ns)    Netlist Resource(s)
  -------------------------------------------------------------------    -------------------
                         (clock clk_i rise edge)      0.000     0.000 r  
                                                      0.000     0.000 r  clk_i (IN)
                         net (fo=2611, unset)         0.787     0.787    u_ecc/u_core/clk_i
    SLICE_X58Y43         FDCE                                         r  u_ecc/u_core/ecc_leaf_path_q_reg[2]/C
  -------------------------------------------------------------------    -------------------
    SLICE_X58Y43         FDCE (Prop_fdce_C_Q)         0.433     1.220 f  u_ecc/u_core/ecc_leaf_path_q_reg[2]/Q
                         net (fo=111, routed)         0.551     1.771    u_ecc/u_core/path[2]
    SLICE_X57Y43                                                      f  u_ecc/u_core/i_vec_i_304/I3
    SLICE_X57Y43         LUT4 (Prop_lut4_I3_O)        0.105     1.876 r  u_ecc/u_core/i_vec_i_304/O
                         net (fo=112, routed)         0.675     2.551    u_ecc/u_core/i_vec_i_304_n_0
    SLICE_X51Y44                                                      r  u_ecc/u_core/ecc_leaf_xor_a_q[31]_i_13/I4
    SLICE_X51Y44         LUT6 (Prop_lut6_I4_O)        0.105     2.656 r  u_ecc/u_core/ecc_leaf_xor_a_q[31]_i_13/O
                         net (fo=5, routed)           0.449     3.105    u_ecc/u_core/ecc_leaf_xor_a_q[31]_i_13_n_0
    SLICE_X51Y46                                                      r  u_ecc/u_core/ecc_leaf_xor_a_q[31]_i_10/I0
    SLICE_X51Y46         LUT3 (Prop_lut3_I0_O)        0.105     3.210 r  u_ecc/u_core/ecc_leaf_xor_a_q[31]_i_10/O
                         net (fo=67, routed)          1.109     4.319    u_ecc/u_core/ecc_leaf_xor_a_q[31]_i_10_n_0
    SLICE_X53Y49                                                      r  u_ecc/u_core/ecc_leaf_xor_a_q[13]_i_2/I0
    SLICE_X53Y49         LUT4 (Prop_lut4_I0_O)        0.105     4.424 r  u_ecc/u_core/ecc_leaf_xor_a_q[13]_i_2/O
                         net (fo=3, routed)           0.477     4.902    u_ecc/u_core/ecc_leaf_xor_a_q[13]_i_2_n_0
    SLICE_X49Y48                                                      r  u_ecc/u_core/ecc_leaf_xor_a_q[13]_i_1/I0
    SLICE_X49Y48         LUT5 (Prop_lut5_I0_O)        0.105     5.007 r  u_ecc/u_core/ecc_leaf_xor_a_q[13]_i_1/O
                         net (fo=2, routed)           0.401     5.408    u_ecc/u_core/word[13]
    SLICE_X47Y48         FDCE                                         r  u_ecc/u_core/ecc_leaf_xor_b_q_reg[18]/D
  -------------------------------------------------------------------    -------------------

                         (clock clk_i rise edge)      5.000     5.000 r  
                                                      0.000     5.000 r  clk_i (IN)
                         net (fo=2611, unset)         0.748     5.748    u_ecc/u_core/clk_i
    SLICE_X47Y48         FDCE                                         r  u_ecc/u_core/ecc_leaf_xor_b_q_reg[18]/C
                         clock pessimism              0.000     5.748    
                         clock uncertainty           -0.035     5.712    
    SLICE_X47Y48         FDCE (Setup_fdce_C_D)       -0.047     5.665    u_ecc/u_core/ecc_leaf_xor_b_q_reg[18]
  -------------------------------------------------------------------
                         required time                          5.665    
                         arrival time                          -5.408    
  -------------------------------------------------------------------
                         slack                                  0.257    

Slack (MET) :             0.258ns  (required time - arrival time)
  Source:                 u_ecc/u_core/i_vrf/gen_bank[0].vrf_mem_reg/CLKARDCLK
                            (rising edge-triggered cell RAMB36E1 clocked by clk_i  {rise@0.000ns fall@2.500ns period=5.000ns})
  Destination:            u_ecc/u_core/i_vec/payload_q_reg[0][56]/D
                            (rising edge-triggered cell FDCE clocked by clk_i  {rise@0.000ns fall@2.500ns period=5.000ns})
  Path Group:             clk_i
  Path Type:              Setup (Max at Slow Process Corner)
  Requirement:            5.000ns  (clk_i rise@5.000ns - clk_i rise@0.000ns)
  Data Path Delay:        4.698ns  (logic 2.440ns (51.940%)  route 2.258ns (48.060%))
  Logic Levels:           3  (LUT2=1 LUT3=1 LUT5=1)
  Clock Path Skew:        -0.039ns (DCD - SCD + CPR)
    Destination Clock Delay (DCD):    0.748ns = ( 5.748 - 5.000 ) 
    Source Clock Delay      (SCD):    0.787ns
    Clock Pessimism Removal (CPR):    0.000ns
  Clock Uncertainty:      0.035ns  ((TSJ^2 + TIJ^2)^1/2 + DJ) / 2 + PE
    Total System Jitter     (TSJ):    0.071ns
    Total Input Jitter      (TIJ):    0.000ns
    Discrete Jitter          (DJ):    0.000ns
    Phase Error              (PE):    0.000ns

    Location             Delay type                Incr(ns)  Path(ns)    Netlist Resource(s)
  -------------------------------------------------------------------    -------------------
                         (clock clk_i rise edge)      0.000     0.000 r  
                                                      0.000     0.000 r  clk_i (IN)
                         net (fo=2611, unset)         0.787     0.787    u_ecc/u_core/i_vrf/clk_i
    RAMB36_X3Y9          RAMB36E1                                     r  u_ecc/u_core/i_vrf/gen_bank[0].vrf_mem_reg/CLKARDCLK
  -------------------------------------------------------------------    -------------------
    RAMB36_X3Y9          RAMB36E1 (Prop_ramb36e1_CLKARDCLK_DOBDO[24])
                                                      2.125     2.912 r  u_ecc/u_core/i_vrf/gen_bank[0].vrf_mem_reg/DOBDO[24]
                         net (fo=2, routed)           1.253     4.165    u_ecc/u_core/i_vec/hdc_pair_src_b_i[0][56]
    SLICE_X55Y36                                                      r  u_ecc/u_core/i_vec/i_gf2_contribution_row_tile_i_456/I2
    SLICE_X55Y36         LUT3 (Prop_lut3_I2_O)        0.105     4.270 r  u_ecc/u_core/i_vec/i_gf2_contribution_row_tile_i_456/O
                         net (fo=1, routed)           0.505     4.775    u_ecc/u_core/i_vec/i_gf2_contribution_row_tile/matrix_src_b_i[1][24]
    SLICE_X55Y36                                                      r  u_ecc/u_core/i_vec/i_gf2_contribution_row_tile/matrix_product_o[1][24]_INST_0/I1
    SLICE_X55Y36         LUT2 (Prop_lut2_I1_O)        0.105     4.880 r  u_ecc/u_core/i_vec/i_gf2_contribution_row_tile/matrix_product_o[1][24]_INST_0/O
                         net (fo=1, routed)           0.500     5.380    u_ecc/u_core/i_vec/tile_product_word[0][56]
    SLICE_X64Y37                                                      r  u_ecc/u_core/i_vec/payload_q[0][56]_i_1/I4
    SLICE_X64Y37         LUT5 (Prop_lut5_I4_O)        0.105     5.485 r  u_ecc/u_core/i_vec/payload_q[0][56]_i_1/O
                         net (fo=1, routed)           0.000     5.485    u_ecc/u_core/i_vec/payload_q[0][56]_i_1_n_0
    SLICE_X64Y37         FDCE                                         r  u_ecc/u_core/i_vec/payload_q_reg[0][56]/D
  -------------------------------------------------------------------    -------------------

                         (clock clk_i rise edge)      5.000     5.000 r  
                                                      0.000     5.000 r  clk_i (IN)
                         net (fo=2611, unset)         0.748     5.748    u_ecc/u_core/i_vec/clk_i
    SLICE_X64Y37         FDCE                                         r  u_ecc/u_core/i_vec/payload_q_reg[0][56]/C
                         clock pessimism              0.000     5.748    
                         clock uncertainty           -0.035     5.712    
    SLICE_X64Y37         FDCE (Setup_fdce_C_D)        0.030     5.742    u_ecc/u_core/i_vec/payload_q_reg[0][56]
  -------------------------------------------------------------------
                         required time                          5.742    
                         arrival time                          -5.485    
  -------------------------------------------------------------------
                         slack                                  0.258    

Slack (MET) :             0.259ns  (required time - arrival time)
  Source:                 u_ecc/u_core/ecc_leaf_prod_q_reg[0]/C
                            (rising edge-triggered cell FDCE clocked by clk_i  {rise@0.000ns fall@2.500ns period=5.000ns})
  Destination:            u_ecc/u_core/hdc_src0_q_reg[2][18]/D
                            (rising edge-triggered cell FDCE clocked by clk_i  {rise@0.000ns fall@2.500ns period=5.000ns})
  Path Group:             clk_i
  Path Type:              Setup (Max at Slow Process Corner)
  Requirement:            5.000ns  (clk_i rise@5.000ns - clk_i rise@0.000ns)
  Data Path Delay:        4.696ns  (logic 0.904ns (19.251%)  route 3.792ns (80.749%))
  Logic Levels:           5  (LUT2=1 LUT5=1 LUT6=3)
  Clock Path Skew:        -0.039ns (DCD - SCD + CPR)
    Destination Clock Delay (DCD):    0.748ns = ( 5.748 - 5.000 ) 
    Source Clock Delay      (SCD):    0.787ns
    Clock Pessimism Removal (CPR):    0.000ns
  Clock Uncertainty:      0.035ns  ((TSJ^2 + TIJ^2)^1/2 + DJ) / 2 + PE
    Total System Jitter     (TSJ):    0.071ns
    Total Input Jitter      (TIJ):    0.000ns
    Discrete Jitter          (DJ):    0.000ns
    Phase Error              (PE):    0.000ns

    Location             Delay type                Incr(ns)  Path(ns)    Netlist Resource(s)
  -------------------------------------------------------------------    -------------------
                         (clock clk_i rise edge)      0.000     0.000 r  
                                                      0.000     0.000 r  clk_i (IN)
                         net (fo=2611, unset)         0.787     0.787    u_ecc/u_core/clk_i
    SLICE_X76Y42         FDCE                                         r  u_ecc/u_core/ecc_leaf_prod_q_reg[0]/C
  -------------------------------------------------------------------    -------------------
    SLICE_X76Y42         FDCE (Prop_fdce_C_Q)         0.379     1.166 r  u_ecc/u_core/ecc_leaf_prod_q_reg[0]/Q
                         net (fo=13, routed)          1.408     2.574    u_ecc/u_core/p_0_in30_in[32]
    SLICE_X71Y44                                                      r  u_ecc/u_core/i_vec_i_297/I0
    SLICE_X71Y44         LUT6 (Prop_lut6_I0_O)        0.105     2.679 r  u_ecc/u_core/i_vec_i_297/O
                         net (fo=8, routed)           0.946     3.625    u_ecc/u_core/i_vec_i_297_n_0
    SLICE_X83Y36                                                      r  u_ecc/u_core/i_vec_i_541/I1
    SLICE_X83Y36         LUT6 (Prop_lut6_I1_O)        0.105     3.730 r  u_ecc/u_core/i_vec_i_541/O
                         net (fo=2, routed)           0.664     4.395    u_ecc/u_core/i_vec_i_541_n_0
    SLICE_X69Y33                                                      r  u_ecc/u_core/i_vec_i_145/I4
    SLICE_X69Y33         LUT5 (Prop_lut5_I4_O)        0.105     4.500 r  u_ecc/u_core/i_vec_i_145/O
                         net (fo=2, routed)           0.366     4.866    u_ecc/u_core/i_vec/xor0_contribution_packet_i[2][18]
    SLICE_X68Y33                                                      r  u_ecc/u_core/i_vec/xor0_field_packet_o[146]_INST_0/I0
    SLICE_X68Y33         LUT2 (Prop_lut2_I0_O)        0.105     4.971 r  u_ecc/u_core/i_vec/xor0_field_packet_o[146]_INST_0/O
                         net (fo=1, routed)           0.407     5.378    u_ecc/u_core/xor0_field_packet[146]
    SLICE_X68Y33                                                      r  u_ecc/u_core/hdc_src0_q[2][18]_i_1/I4
    SLICE_X68Y33         LUT6 (Prop_lut6_I4_O)        0.105     5.483 r  u_ecc/u_core/hdc_src0_q[2][18]_i_1/O
                         net (fo=1, routed)           0.000     5.483    u_ecc/u_core/hdc_src0_q[2][18]_i_1_n_0
    SLICE_X68Y33         FDCE                                         r  u_ecc/u_core/hdc_src0_q_reg[2][18]/D
  -------------------------------------------------------------------    -------------------

                         (clock clk_i rise edge)      5.000     5.000 r  
                                                      0.000     5.000 r  clk_i (IN)
                         net (fo=2611, unset)         0.748     5.748    u_ecc/u_core/clk_i
    SLICE_X68Y33         FDCE                                         r  u_ecc/u_core/hdc_src0_q_reg[2][18]/C
                         clock pessimism              0.000     5.748    
                         clock uncertainty           -0.035     5.712    
    SLICE_X68Y33         FDCE (Setup_fdce_C_D)        0.030     5.742    u_ecc/u_core/hdc_src0_q_reg[2][18]
  -------------------------------------------------------------------
                         required time                          5.742    
                         arrival time                          -5.483    
  -------------------------------------------------------------------
                         slack                                  0.259    

Slack (MET) :             0.260ns  (required time - arrival time)
  Source:                 u_ecc/u_core/ecc_leaf_path_q_reg[3]/C
                            (rising edge-triggered cell FDCE clocked by clk_i  {rise@0.000ns fall@2.500ns period=5.000ns})
  Destination:            u_ecc/u_core/i_vec/payload_q_reg[0][54]/D
                            (rising edge-triggered cell FDCE clocked by clk_i  {rise@0.000ns fall@2.500ns period=5.000ns})
  Path Group:             clk_i
  Path Type:              Setup (Max at Slow Process Corner)
  Requirement:            5.000ns  (clk_i rise@5.000ns - clk_i rise@0.000ns)
  Data Path Delay:        4.695ns  (logic 1.212ns (25.812%)  route 3.483ns (74.188%))
  Logic Levels:           6  (LUT2=1 LUT3=2 LUT4=1 LUT5=1 LUT6=1)
  Clock Path Skew:        -0.039ns (DCD - SCD + CPR)
    Destination Clock Delay (DCD):    0.748ns = ( 5.748 - 5.000 ) 
    Source Clock Delay      (SCD):    0.787ns
    Clock Pessimism Removal (CPR):    0.000ns
  Clock Uncertainty:      0.035ns  ((TSJ^2 + TIJ^2)^1/2 + DJ) / 2 + PE
    Total System Jitter     (TSJ):    0.071ns
    Total Input Jitter      (TIJ):    0.000ns
    Discrete Jitter          (DJ):    0.000ns
    Phase Error              (PE):    0.000ns

    Location             Delay type                Incr(ns)  Path(ns)    Netlist Resource(s)
  -------------------------------------------------------------------    -------------------
                         (clock clk_i rise edge)      0.000     0.000 r  
                                                      0.000     0.000 r  clk_i (IN)
                         net (fo=2611, unset)         0.787     0.787    u_ecc/u_core/clk_i
    SLICE_X69Y43         FDCE                                         r  u_ecc/u_core/ecc_leaf_path_q_reg[3]/C
  -------------------------------------------------------------------    -------------------
    SLICE_X69Y43         FDCE (Prop_fdce_C_Q)         0.379     1.166 f  u_ecc/u_core/ecc_leaf_path_q_reg[3]/Q
                         net (fo=109, routed)         0.721     1.887    u_ecc/u_core/path[3]
    SLICE_X63Y43                                                      f  u_ecc/u_core/i_vec_i_298/I2
    SLICE_X63Y43         LUT4 (Prop_lut4_I2_O)        0.105     1.992 f  u_ecc/u_core/i_vec_i_298/O
                         net (fo=111, routed)         0.239     2.231    u_ecc/u_core/i_vec_i_298_n_0
    SLICE_X63Y43                                                      f  u_ecc/u_core/i_vec_i_293/I0
    SLICE_X63Y43         LUT3 (Prop_lut3_I0_O)        0.105     2.336 f  u_ecc/u_core/i_vec_i_293/O
                         net (fo=1, routed)           0.257     2.593    u_ecc/u_core/i_vec_i_293_n_0
    SLICE_X64Y42                                                      f  u_ecc/u_core/i_vec_i_2/I4
    SLICE_X64Y42         LUT6 (Prop_lut6_I4_O)        0.105     2.698 r  u_ecc/u_core/i_vec_i_2/O
                         net (fo=769, routed)         0.965     3.663    u_ecc/u_core/i_vec/payload_product_i
    SLICE_X62Y37                                                      r  u_ecc/u_core/i_vec/i_gf2_contribution_row_tile_i_202/I1
    SLICE_X62Y37         LUT3 (Prop_lut3_I1_O)        0.127     3.790 r  u_ecc/u_core/i_vec/i_gf2_contribution_row_tile_i_202/O
                         net (fo=1, routed)           0.781     4.570    u_ecc/u_core/i_vec/i_gf2_contribution_row_tile/matrix_src_a_i[1][22]
    SLICE_X57Y37                                                      r  u_ecc/u_core/i_vec/i_gf2_contribution_row_tile/matrix_product_o[1][22]_INST_0/I0
    SLICE_X57Y37         LUT2 (Prop_lut2_I0_O)        0.286     4.856 r  u_ecc/u_core/i_vec/i_gf2_contribution_row_tile/matrix_product_o[1][22]_INST_0/O
                         net (fo=1, routed)           0.521     5.377    u_ecc/u_core/i_vec/tile_product_word[0][54]
    SLICE_X65Y40                                                      r  u_ecc/u_core/i_vec/payload_q[0][54]_i_1/I4
    SLICE_X65Y40         LUT5 (Prop_lut5_I4_O)        0.105     5.482 r  u_ecc/u_core/i_vec/payload_q[0][54]_i_1/O
                         net (fo=1, routed)           0.000     5.482    u_ecc/u_core/i_vec/payload_q[0][54]_i_1_n_0
    SLICE_X65Y40         FDCE                                         r  u_ecc/u_core/i_vec/payload_q_reg[0][54]/D
  -------------------------------------------------------------------    -------------------

                         (clock clk_i rise edge)      5.000     5.000 r  
                                                      0.000     5.000 r  clk_i (IN)
                         net (fo=2611, unset)         0.748     5.748    u_ecc/u_core/i_vec/clk_i
    SLICE_X65Y40         FDCE                                         r  u_ecc/u_core/i_vec/payload_q_reg[0][54]/C
                         clock pessimism              0.000     5.748    
                         clock uncertainty           -0.035     5.712    
    SLICE_X65Y40         FDCE (Setup_fdce_C_D)        0.030     5.742    u_ecc/u_core/i_vec/payload_q_reg[0][54]
  -------------------------------------------------------------------
                         required time                          5.742    
                         arrival time                          -5.482    
  -------------------------------------------------------------------
                         slack                                  0.260    

Slack (MET) :             0.260ns  (required time - arrival time)
  Source:                 u_ecc/u_core/ecc_leaf_path_q_reg[3]/C
                            (rising edge-triggered cell FDCE clocked by clk_i  {rise@0.000ns fall@2.500ns period=5.000ns})
  Destination:            u_ecc/u_core/i_vec/payload_q_reg[1][62]/CE
                            (rising edge-triggered cell FDCE clocked by clk_i  {rise@0.000ns fall@2.500ns period=5.000ns})
  Path Group:             clk_i
  Path Type:              Setup (Max at Slow Process Corner)
  Requirement:            5.000ns  (clk_i rise@5.000ns - clk_i rise@0.000ns)
  Data Path Delay:        4.529ns  (logic 0.799ns (17.642%)  route 3.730ns (82.358%))
  Logic Levels:           4  (LUT2=1 LUT3=1 LUT4=1 LUT6=1)
  Clock Path Skew:        -0.039ns (DCD - SCD + CPR)
    Destination Clock Delay (DCD):    0.748ns = ( 5.748 - 5.000 ) 
    Source Clock Delay      (SCD):    0.787ns
    Clock Pessimism Removal (CPR):    0.000ns
  Clock Uncertainty:      0.035ns  ((TSJ^2 + TIJ^2)^1/2 + DJ) / 2 + PE
    Total System Jitter     (TSJ):    0.071ns
    Total Input Jitter      (TIJ):    0.000ns
    Discrete Jitter          (DJ):    0.000ns
    Phase Error              (PE):    0.000ns

    Location             Delay type                Incr(ns)  Path(ns)    Netlist Resource(s)
  -------------------------------------------------------------------    -------------------
                         (clock clk_i rise edge)      0.000     0.000 r  
                                                      0.000     0.000 r  clk_i (IN)
                         net (fo=2611, unset)         0.787     0.787    u_ecc/u_core/clk_i
    SLICE_X69Y43         FDCE                                         r  u_ecc/u_core/ecc_leaf_path_q_reg[3]/C
  -------------------------------------------------------------------    -------------------
    SLICE_X69Y43         FDCE (Prop_fdce_C_Q)         0.379     1.166 f  u_ecc/u_core/ecc_leaf_path_q_reg[3]/Q
                         net (fo=109, routed)         0.721     1.887    u_ecc/u_core/path[3]
    SLICE_X63Y43                                                      f  u_ecc/u_core/i_vec_i_298/I2
    SLICE_X63Y43         LUT4 (Prop_lut4_I2_O)        0.105     1.992 f  u_ecc/u_core/i_vec_i_298/O
                         net (fo=111, routed)         0.239     2.231    u_ecc/u_core/i_vec_i_298_n_0
    SLICE_X63Y43                                                      f  u_ecc/u_core/i_vec_i_293/I0
    SLICE_X63Y43         LUT3 (Prop_lut3_I0_O)        0.105     2.336 f  u_ecc/u_core/i_vec_i_293/O
                         net (fo=1, routed)           0.257     2.593    u_ecc/u_core/i_vec_i_293_n_0
    SLICE_X64Y42                                                      f  u_ecc/u_core/i_vec_i_2/I4
    SLICE_X64Y42         LUT6 (Prop_lut6_I4_O)        0.105     2.698 r  u_ecc/u_core/i_vec_i_2/O
                         net (fo=769, routed)         1.037     3.735    u_ecc/u_core/i_vec/payload_product_i
    SLICE_X65Y38                                                      r  u_ecc/u_core/i_vec/payload_q[3][63]_i_1/I0
    SLICE_X65Y38         LUT2 (Prop_lut2_I0_O)        0.105     3.840 r  u_ecc/u_core/i_vec/payload_q[3][63]_i_1/O
                         net (fo=256, routed)         1.476     5.316    u_ecc/u_core/i_vec/payload_q[3][63]_i_1_n_0
    SLICE_X90Y49         FDCE                                         r  u_ecc/u_core/i_vec/payload_q_reg[1][62]/CE
  -------------------------------------------------------------------    -------------------

                         (clock clk_i rise edge)      5.000     5.000 r  
                                                      0.000     5.000 r  clk_i (IN)
                         net (fo=2611, unset)         0.748     5.748    u_ecc/u_core/i_vec/clk_i
    SLICE_X90Y49         FDCE                                         r  u_ecc/u_core/i_vec/payload_q_reg[1][62]/C
                         clock pessimism              0.000     5.748    
                         clock uncertainty           -0.035     5.712    
    SLICE_X90Y49         FDCE (Setup_fdce_C_CE)      -0.136     5.576    u_ecc/u_core/i_vec/payload_q_reg[1][62]
  -------------------------------------------------------------------
                         required time                          5.576    
                         arrival time                          -5.316    
  -------------------------------------------------------------------
                         slack                                  0.260    

Slack (MET) :             0.262ns  (required time - arrival time)
  Source:                 u_ecc/u_core/ecc_leaf_prod_q_reg[6]/C
                            (rising edge-triggered cell FDCE clocked by clk_i  {rise@0.000ns fall@2.500ns period=5.000ns})
  Destination:            u_ecc/u_core/hdc_src0_q_reg[0][62]/D
                            (rising edge-triggered cell FDCE clocked by clk_i  {rise@0.000ns fall@2.500ns period=5.000ns})
  Path Group:             clk_i
  Path Type:              Setup (Max at Slow Process Corner)
  Requirement:            5.000ns  (clk_i rise@5.000ns - clk_i rise@0.000ns)
  Data Path Delay:        4.694ns  (logic 1.375ns (29.295%)  route 3.319ns (70.705%))
  Logic Levels:           5  (LUT2=2 LUT6=3)
  Clock Path Skew:        -0.039ns (DCD - SCD + CPR)
    Destination Clock Delay (DCD):    0.748ns = ( 5.748 - 5.000 ) 
    Source Clock Delay      (SCD):    0.787ns
    Clock Pessimism Removal (CPR):    0.000ns
  Clock Uncertainty:      0.035ns  ((TSJ^2 + TIJ^2)^1/2 + DJ) / 2 + PE
    Total System Jitter     (TSJ):    0.071ns
    Total Input Jitter      (TIJ):    0.000ns
    Discrete Jitter          (DJ):    0.000ns
    Phase Error              (PE):    0.000ns

    Location             Delay type                Incr(ns)  Path(ns)    Netlist Resource(s)
  -------------------------------------------------------------------    -------------------
                         (clock clk_i rise edge)      0.000     0.000 r  
                                                      0.000     0.000 r  clk_i (IN)
                         net (fo=2611, unset)         0.787     0.787    u_ecc/u_core/clk_i
    SLICE_X71Y47         FDCE                                         r  u_ecc/u_core/ecc_leaf_prod_q_reg[6]/C
  -------------------------------------------------------------------    -------------------
    SLICE_X71Y47         FDCE (Prop_fdce_C_Q)         0.348     1.135 r  u_ecc/u_core/ecc_leaf_prod_q_reg[6]/Q
                         net (fo=13, routed)          1.122     2.257    u_ecc/u_core/p_0_in30_in[38]
    SLICE_X86Y47                                                      r  u_ecc/u_core/i_vec_i_327/I3
    SLICE_X86Y47         LUT6 (Prop_lut6_I3_O)        0.242     2.499 r  u_ecc/u_core/i_vec_i_327/O
                         net (fo=9, routed)           0.837     3.336    u_ecc/u_core/i_vec_i_327_n_0
    SLICE_X85Y49                                                      r  u_ecc/u_core/i_vec_i_726/I1
    SLICE_X85Y49         LUT2 (Prop_lut2_I1_O)        0.114     3.450 r  u_ecc/u_core/i_vec_i_726/O
                         net (fo=1, routed)           0.345     3.795    u_ecc/u_core/i_vec_i_726_n_0
    SLICE_X85Y49                                                      r  u_ecc/u_core/i_vec_i_229/I5
    SLICE_X85Y49         LUT6 (Prop_lut6_I5_O)        0.274     4.069 r  u_ecc/u_core/i_vec_i_229/O
                         net (fo=2, routed)           0.667     4.736    u_ecc/u_core/i_vec/xor0_contribution_packet_i[0][62]
    SLICE_X78Y49                                                      r  u_ecc/u_core/i_vec/xor0_field_packet_o[62]_INST_0/I0
    SLICE_X78Y49         LUT2 (Prop_lut2_I0_O)        0.123     4.859 r  u_ecc/u_core/i_vec/xor0_field_packet_o[62]_INST_0/O
                         net (fo=1, routed)           0.348     5.207    u_ecc/u_core/xor0_field_packet[62]
    SLICE_X78Y48                                                      r  u_ecc/u_core/hdc_src0_q[0][62]_i_1/I4
    SLICE_X78Y48         LUT6 (Prop_lut6_I4_O)        0.274     5.481 r  u_ecc/u_core/hdc_src0_q[0][62]_i_1/O
                         net (fo=1, routed)           0.000     5.481    u_ecc/u_core/hdc_src0_q[0][62]_i_1_n_0
    SLICE_X78Y48         FDCE                                         r  u_ecc/u_core/hdc_src0_q_reg[0][62]/D
  -------------------------------------------------------------------    -------------------

                         (clock clk_i rise edge)      5.000     5.000 r  
                                                      0.000     5.000 r  clk_i (IN)
                         net (fo=2611, unset)         0.748     5.748    u_ecc/u_core/clk_i
    SLICE_X78Y48         FDCE                                         r  u_ecc/u_core/hdc_src0_q_reg[0][62]/C
                         clock pessimism              0.000     5.748    
                         clock uncertainty           -0.035     5.712    
    SLICE_X78Y48         FDCE (Setup_fdce_C_D)        0.030     5.742    u_ecc/u_core/hdc_src0_q_reg[0][62]
  -------------------------------------------------------------------
                         required time                          5.742    
                         arrival time                          -5.481    
  -------------------------------------------------------------------
                         slack                                  0.262    

Slack (MET) :             0.263ns  (required time - arrival time)
  Source:                 u_ecc/u_core/i_vrf/gen_bank[1].vrf_mem_reg/CLKARDCLK
                            (rising edge-triggered cell RAMB36E1 clocked by clk_i  {rise@0.000ns fall@2.500ns period=5.000ns})
  Destination:            u_ecc/u_core/i_vec/payload_q_reg[1][24]/D
                            (rising edge-triggered cell FDCE clocked by clk_i  {rise@0.000ns fall@2.500ns period=5.000ns})
  Path Group:             clk_i
  Path Type:              Setup (Max at Slow Process Corner)
  Requirement:            5.000ns  (clk_i rise@5.000ns - clk_i rise@0.000ns)
  Data Path Delay:        4.692ns  (logic 2.440ns (51.998%)  route 2.252ns (48.002%))
  Logic Levels:           3  (LUT2=1 LUT3=1 LUT5=1)
  Clock Path Skew:        -0.039ns (DCD - SCD + CPR)
    Destination Clock Delay (DCD):    0.748ns = ( 5.748 - 5.000 ) 
    Source Clock Delay      (SCD):    0.787ns
    Clock Pessimism Removal (CPR):    0.000ns
  Clock Uncertainty:      0.035ns  ((TSJ^2 + TIJ^2)^1/2 + DJ) / 2 + PE
    Total System Jitter     (TSJ):    0.071ns
    Total Input Jitter      (TIJ):    0.000ns
    Discrete Jitter          (DJ):    0.000ns
    Phase Error              (PE):    0.000ns

    Location             Delay type                Incr(ns)  Path(ns)    Netlist Resource(s)
  -------------------------------------------------------------------    -------------------
                         (clock clk_i rise edge)      0.000     0.000 r  
                                                      0.000     0.000 r  clk_i (IN)
                         net (fo=2611, unset)         0.787     0.787    u_ecc/u_core/i_vrf/clk_i
    RAMB36_X3Y8          RAMB36E1                                     r  u_ecc/u_core/i_vrf/gen_bank[1].vrf_mem_reg/CLKARDCLK
  -------------------------------------------------------------------    -------------------
    RAMB36_X3Y8          RAMB36E1 (Prop_ramb36e1_CLKARDCLK_DOADO[24])
                                                      2.125     2.912 r  u_ecc/u_core/i_vrf/gen_bank[1].vrf_mem_reg/DOADO[24]
                         net (fo=2, routed)           1.243     4.155    u_ecc/u_core/i_vec/hdc_pair_src_b_i[1][24]
    SLICE_X78Y36                                                      r  u_ecc/u_core/i_vec/i_gf2_contribution_row_tile_i_424/I2
    SLICE_X78Y36         LUT3 (Prop_lut3_I2_O)        0.105     4.260 r  u_ecc/u_core/i_vec/i_gf2_contribution_row_tile_i_424/O
                         net (fo=1, routed)           0.506     4.766    u_ecc/u_core/i_vec/i_gf2_contribution_row_tile/matrix_src_b_i[2][24]
    SLICE_X78Y36                                                      r  u_ecc/u_core/i_vec/i_gf2_contribution_row_tile/matrix_product_o[2][24]_INST_0/I1
    SLICE_X78Y36         LUT2 (Prop_lut2_I1_O)        0.105     4.871 r  u_ecc/u_core/i_vec/i_gf2_contribution_row_tile/matrix_product_o[2][24]_INST_0/O
                         net (fo=1, routed)           0.503     5.374    u_ecc/u_core/i_vec/tile_product_word[1][24]
    SLICE_X84Y36                                                      r  u_ecc/u_core/i_vec/payload_q[1][24]_i_1/I4
    SLICE_X84Y36         LUT5 (Prop_lut5_I4_O)        0.105     5.479 r  u_ecc/u_core/i_vec/payload_q[1][24]_i_1/O
                         net (fo=1, routed)           0.000     5.479    u_ecc/u_core/i_vec/payload_q[1][24]_i_1_n_0
    SLICE_X84Y36         FDCE                                         r  u_ecc/u_core/i_vec/payload_q_reg[1][24]/D
  -------------------------------------------------------------------    -------------------

                         (clock clk_i rise edge)      5.000     5.000 r  
                                                      0.000     5.000 r  clk_i (IN)
                         net (fo=2611, unset)         0.748     5.748    u_ecc/u_core/i_vec/clk_i
    SLICE_X84Y36         FDCE                                         r  u_ecc/u_core/i_vec/payload_q_reg[1][24]/C
                         clock pessimism              0.000     5.748    
                         clock uncertainty           -0.035     5.712    
    SLICE_X84Y36         FDCE (Setup_fdce_C_D)        0.030     5.742    u_ecc/u_core/i_vec/payload_q_reg[1][24]
  -------------------------------------------------------------------
                         required time                          5.742    
                         arrival time                          -5.479    
  -------------------------------------------------------------------
                         slack                                  0.263    

Slack (MET) :             0.264ns  (required time - arrival time)
  Source:                 u_ecc/u_core/i_vrf/gen_bank[1].vrf_mem_reg/CLKARDCLK
                            (rising edge-triggered cell RAMB36E1 clocked by clk_i  {rise@0.000ns fall@2.500ns period=5.000ns})
  Destination:            u_ecc/u_core/i_vec/payload_q_reg[1][46]/D
                            (rising edge-triggered cell FDCE clocked by clk_i  {rise@0.000ns fall@2.500ns period=5.000ns})
  Path Group:             clk_i
  Path Type:              Setup (Max at Slow Process Corner)
  Requirement:            5.000ns  (clk_i rise@5.000ns - clk_i rise@0.000ns)
  Data Path Delay:        4.733ns  (logic 2.440ns (51.551%)  route 2.293ns (48.449%))
  Logic Levels:           3  (LUT2=1 LUT3=1 LUT5=1)
  Clock Path Skew:        -0.039ns (DCD - SCD + CPR)
    Destination Clock Delay (DCD):    0.748ns = ( 5.748 - 5.000 ) 
    Source Clock Delay      (SCD):    0.787ns
    Clock Pessimism Removal (CPR):    0.000ns
  Clock Uncertainty:      0.035ns  ((TSJ^2 + TIJ^2)^1/2 + DJ) / 2 + PE
    Total System Jitter     (TSJ):    0.071ns
    Total Input Jitter      (TIJ):    0.000ns
    Discrete Jitter          (DJ):    0.000ns
    Phase Error              (PE):    0.000ns

    Location             Delay type                Incr(ns)  Path(ns)    Netlist Resource(s)
  -------------------------------------------------------------------    -------------------
                         (clock clk_i rise edge)      0.000     0.000 r  
                                                      0.000     0.000 r  clk_i (IN)
                         net (fo=2611, unset)         0.787     0.787    u_ecc/u_core/i_vrf/clk_i
    RAMB36_X3Y8          RAMB36E1                                     r  u_ecc/u_core/i_vrf/gen_bank[1].vrf_mem_reg/CLKARDCLK
  -------------------------------------------------------------------    -------------------
    RAMB36_X3Y8          RAMB36E1 (Prop_ramb36e1_CLKARDCLK_DOBDO[14])
                                                      2.125     2.912 r  u_ecc/u_core/i_vrf/gen_bank[1].vrf_mem_reg/DOBDO[14]
                         net (fo=2, routed)           1.364     4.276    u_ecc/u_core/i_vec/hdc_pair_src_b_i[1][46]
    SLICE_X80Y46                                                      r  u_ecc/u_core/i_vec/i_gf2_contribution_row_tile_i_402/I2
    SLICE_X80Y46         LUT3 (Prop_lut3_I2_O)        0.105     4.381 r  u_ecc/u_core/i_vec/i_gf2_contribution_row_tile_i_402/O
                         net (fo=1, routed)           0.458     4.839    u_ecc/u_core/i_vec/i_gf2_contribution_row_tile/matrix_src_b_i[3][14]
    SLICE_X85Y46                                                      r  u_ecc/u_core/i_vec/i_gf2_contribution_row_tile/matrix_product_o[3][14]_INST_0/I1
    SLICE_X85Y46         LUT2 (Prop_lut2_I1_O)        0.105     4.944 r  u_ecc/u_core/i_vec/i_gf2_contribution_row_tile/matrix_product_o[3][14]_INST_0/O
                         net (fo=1, routed)           0.471     5.415    u_ecc/u_core/i_vec/tile_product_word[1][46]
    SLICE_X82Y46                                                      r  u_ecc/u_core/i_vec/payload_q[1][46]_i_1/I4
    SLICE_X82Y46         LUT5 (Prop_lut5_I4_O)        0.105     5.520 r  u_ecc/u_core/i_vec/payload_q[1][46]_i_1/O
                         net (fo=1, routed)           0.000     5.520    u_ecc/u_core/i_vec/payload_q[1][46]_i_1_n_0
    SLICE_X82Y46         FDCE                                         r  u_ecc/u_core/i_vec/payload_q_reg[1][46]/D
  -------------------------------------------------------------------    -------------------

                         (clock clk_i rise edge)      5.000     5.000 r  
                                                      0.000     5.000 r  clk_i (IN)
                         net (fo=2611, unset)         0.748     5.748    u_ecc/u_core/i_vec/clk_i
    SLICE_X82Y46         FDCE                                         r  u_ecc/u_core/i_vec/payload_q_reg[1][46]/C
                         clock pessimism              0.000     5.748    
                         clock uncertainty           -0.035     5.712    
    SLICE_X82Y46         FDCE (Setup_fdce_C_D)        0.072     5.784    u_ecc/u_core/i_vec/payload_q_reg[1][46]
  -------------------------------------------------------------------
                         required time                          5.784    
                         arrival time                          -5.520    
  -------------------------------------------------------------------
                         slack                                  0.264    

Slack (MET) :             0.264ns  (required time - arrival time)
  Source:                 u_ecc/u_core/i_vrf/gen_bank[2].vrf_mem_reg/CLKARDCLK
                            (rising edge-triggered cell RAMB36E1 clocked by clk_i  {rise@0.000ns fall@2.500ns period=5.000ns})
  Destination:            u_ecc/u_core/i_vec/payload_q_reg[2][56]/D
                            (rising edge-triggered cell FDCE clocked by clk_i  {rise@0.000ns fall@2.500ns period=5.000ns})
  Path Group:             clk_i
  Path Type:              Setup (Max at Slow Process Corner)
  Requirement:            5.000ns  (clk_i rise@5.000ns - clk_i rise@0.000ns)
  Data Path Delay:        4.693ns  (logic 2.629ns (56.018%)  route 2.064ns (43.982%))
  Logic Levels:           3  (LUT2=1 LUT3=1 LUT5=1)
  Clock Path Skew:        -0.039ns (DCD - SCD + CPR)
    Destination Clock Delay (DCD):    0.748ns = ( 5.748 - 5.000 ) 
    Source Clock Delay      (SCD):    0.787ns
    Clock Pessimism Removal (CPR):    0.000ns
  Clock Uncertainty:      0.035ns  ((TSJ^2 + TIJ^2)^1/2 + DJ) / 2 + PE
    Total System Jitter     (TSJ):    0.071ns
    Total Input Jitter      (TIJ):    0.000ns
    Discrete Jitter          (DJ):    0.000ns
    Phase Error              (PE):    0.000ns

    Location             Delay type                Incr(ns)  Path(ns)    Netlist Resource(s)
  -------------------------------------------------------------------    -------------------
                         (clock clk_i rise edge)      0.000     0.000 r  
                                                      0.000     0.000 r  clk_i (IN)
                         net (fo=2611, unset)         0.787     0.787    u_ecc/u_core/i_vrf/clk_i
    RAMB36_X3Y6          RAMB36E1                                     r  u_ecc/u_core/i_vrf/gen_bank[2].vrf_mem_reg/CLKARDCLK
  -------------------------------------------------------------------    -------------------
    RAMB36_X3Y6          RAMB36E1 (Prop_ramb36e1_CLKARDCLK_DOBDO[24])
                                                      2.125     2.912 r  u_ecc/u_core/i_vrf/gen_bank[2].vrf_mem_reg/DOBDO[24]
                         net (fo=2, routed)           1.211     4.123    u_ecc/u_core/i_vec/hdc_pair_src_b_i[2][56]
    SLICE_X66Y33                                                      r  u_ecc/u_core/i_vec/i_gf2_contribution_row_tile_i_328/I2
    SLICE_X66Y33         LUT3 (Prop_lut3_I2_O)        0.116     4.239 r  u_ecc/u_core/i_vec/i_gf2_contribution_row_tile_i_328/O
                         net (fo=1, routed)           0.624     4.863    u_ecc/u_core/i_vec/i_gf2_contribution_row_tile/matrix_src_b_i[5][24]
    SLICE_X71Y37                                                      r  u_ecc/u_core/i_vec/i_gf2_contribution_row_tile/matrix_product_o[5][24]_INST_0/I1
    SLICE_X71Y37         LUT2 (Prop_lut2_I1_O)        0.283     5.146 r  u_ecc/u_core/i_vec/i_gf2_contribution_row_tile/matrix_product_o[5][24]_INST_0/O
                         net (fo=1, routed)           0.229     5.375    u_ecc/u_core/i_vec/tile_product_word[2][56]
    SLICE_X71Y36                                                      r  u_ecc/u_core/i_vec/payload_q[2][56]_i_1/I4
    SLICE_X71Y36         LUT5 (Prop_lut5_I4_O)        0.105     5.480 r  u_ecc/u_core/i_vec/payload_q[2][56]_i_1/O
                         net (fo=1, routed)           0.000     5.480    u_ecc/u_core/i_vec/payload_q[2][56]_i_1_n_0
    SLICE_X71Y36         FDCE                                         r  u_ecc/u_core/i_vec/payload_q_reg[2][56]/D
  -------------------------------------------------------------------    -------------------

                         (clock clk_i rise edge)      5.000     5.000 r  
                                                      0.000     5.000 r  clk_i (IN)
                         net (fo=2611, unset)         0.748     5.748    u_ecc/u_core/i_vec/clk_i
    SLICE_X71Y36         FDCE                                         r  u_ecc/u_core/i_vec/payload_q_reg[2][56]/C
                         clock pessimism              0.000     5.748    
                         clock uncertainty           -0.035     5.712    
    SLICE_X71Y36         FDCE (Setup_fdce_C_D)        0.032     5.744    u_ecc/u_core/i_vec/payload_q_reg[2][56]
  -------------------------------------------------------------------
                         required time                          5.744    
                         arrival time                          -5.480    
  -------------------------------------------------------------------
                         slack                                  0.264    

Slack (MET) :             0.265ns  (required time - arrival time)
  Source:                 u_ecc/u_core/i_vrf/gen_bank[1].vrf_mem_reg/CLKARDCLK
                            (rising edge-triggered cell RAMB36E1 clocked by clk_i  {rise@0.000ns fall@2.500ns period=5.000ns})
  Destination:            u_ecc/u_core/i_vec/payload_q_reg[1][32]/D
                            (rising edge-triggered cell FDCE clocked by clk_i  {rise@0.000ns fall@2.500ns period=5.000ns})
  Path Group:             clk_i
  Path Type:              Setup (Max at Slow Process Corner)
  Requirement:            5.000ns  (clk_i rise@5.000ns - clk_i rise@0.000ns)
  Data Path Delay:        4.693ns  (logic 2.800ns (59.668%)  route 1.893ns (40.332%))
  Logic Levels:           3  (LUT2=1 LUT3=1 LUT5=1)
  Clock Path Skew:        -0.039ns (DCD - SCD + CPR)
    Destination Clock Delay (DCD):    0.748ns = ( 5.748 - 5.000 ) 
    Source Clock Delay      (SCD):    0.787ns
    Clock Pessimism Removal (CPR):    0.000ns
  Clock Uncertainty:      0.035ns  ((TSJ^2 + TIJ^2)^1/2 + DJ) / 2 + PE
    Total System Jitter     (TSJ):    0.071ns
    Total Input Jitter      (TIJ):    0.000ns
    Discrete Jitter          (DJ):    0.000ns
    Phase Error              (PE):    0.000ns

    Location             Delay type                Incr(ns)  Path(ns)    Netlist Resource(s)
  -------------------------------------------------------------------    -------------------
                         (clock clk_i rise edge)      0.000     0.000 r  
                                                      0.000     0.000 r  clk_i (IN)
                         net (fo=2611, unset)         0.787     0.787    u_ecc/u_core/i_vrf/clk_i
    RAMB36_X3Y8          RAMB36E1                                     r  u_ecc/u_core/i_vrf/gen_bank[1].vrf_mem_reg/CLKARDCLK
  -------------------------------------------------------------------    -------------------
    RAMB36_X3Y8          RAMB36E1 (Prop_ramb36e1_CLKARDCLK_DOBDO[0])
                                                      2.125     2.912 r  u_ecc/u_core/i_vrf/gen_bank[1].vrf_mem_reg/DOBDO[0]
                         net (fo=2, routed)           1.257     4.169    u_ecc/u_core/i_vec/hdc_pair_src_b_i[1][32]
    SLICE_X77Y34                                                      r  u_ecc/u_core/i_vec/i_gf2_contribution_row_tile_i_416/I2
    SLICE_X77Y34         LUT3 (Prop_lut3_I2_O)        0.108     4.277 r  u_ecc/u_core/i_vec/i_gf2_contribution_row_tile_i_416/O
                         net (fo=1, routed)           0.399     4.676    u_ecc/u_core/i_vec/i_gf2_contribution_row_tile/matrix_src_b_i[3][0]
    SLICE_X76Y34                                                      r  u_ecc/u_core/i_vec/i_gf2_contribution_row_tile/matrix_product_o[3][0]_INST_0/I1
    SLICE_X76Y34         LUT2 (Prop_lut2_I1_O)        0.293     4.969 r  u_ecc/u_core/i_vec/i_gf2_contribution_row_tile/matrix_product_o[3][0]_INST_0/O
                         net (fo=1, routed)           0.237     5.206    u_ecc/u_core/i_vec/tile_product_word[1][32]
    SLICE_X76Y35                                                      r  u_ecc/u_core/i_vec/payload_q[1][32]_i_1/I4
    SLICE_X76Y35         LUT5 (Prop_lut5_I4_O)        0.274     5.480 r  u_ecc/u_core/i_vec/payload_q[1][32]_i_1/O
                         net (fo=1, routed)           0.000     5.480    u_ecc/u_core/i_vec/payload_q[1][32]_i_1_n_0
    SLICE_X76Y35         FDCE                                         r  u_ecc/u_core/i_vec/payload_q_reg[1][32]/D
  -------------------------------------------------------------------    -------------------

                         (clock clk_i rise edge)      5.000     5.000 r  
                                                      0.000     5.000 r  clk_i (IN)
                         net (fo=2611, unset)         0.748     5.748    u_ecc/u_core/i_vec/clk_i
    SLICE_X76Y35         FDCE                                         r  u_ecc/u_core/i_vec/payload_q_reg[1][32]/C
                         clock pessimism              0.000     5.748    
                         clock uncertainty           -0.035     5.712    
    SLICE_X76Y35         FDCE (Setup_fdce_C_D)        0.032     5.744    u_ecc/u_core/i_vec/payload_q_reg[1][32]
  -------------------------------------------------------------------
                         required time                          5.744    
                         arrival time                          -5.480    
  -------------------------------------------------------------------
                         slack                                  0.265    

Slack (MET) :             0.265ns  (required time - arrival time)
  Source:                 u_ecc/u_core/ecc_pmul_subop_q_reg[0]/C
                            (rising edge-triggered cell FDCE clocked by clk_i  {rise@0.000ns fall@2.500ns period=5.000ns})
  Destination:            u_ecc/u_core/ecc_leaf_b_q_reg[16]/CE
                            (rising edge-triggered cell FDCE clocked by clk_i  {rise@0.000ns fall@2.500ns period=5.000ns})
  Path Group:             clk_i
  Path Type:              Setup (Max at Slow Process Corner)
  Requirement:            5.000ns  (clk_i rise@5.000ns - clk_i rise@0.000ns)
  Data Path Delay:        4.330ns  (logic 1.265ns (29.218%)  route 3.065ns (70.782%))
  Logic Levels:           6  (LUT3=2 LUT4=1 LUT6=3)
  Clock Path Skew:        -0.039ns (DCD - SCD + CPR)
    Destination Clock Delay (DCD):    0.748ns = ( 5.748 - 5.000 ) 
    Source Clock Delay      (SCD):    0.787ns
    Clock Pessimism Removal (CPR):    0.000ns
  Clock Uncertainty:      0.035ns  ((TSJ^2 + TIJ^2)^1/2 + DJ) / 2 + PE
    Total System Jitter     (TSJ):    0.071ns
    Total Input Jitter      (TIJ):    0.000ns
    Discrete Jitter          (DJ):    0.000ns
    Phase Error              (PE):    0.000ns

    Location             Delay type                Incr(ns)  Path(ns)    Netlist Resource(s)
  -------------------------------------------------------------------    -------------------
                         (clock clk_i rise edge)      0.000     0.000 r  
                                                      0.000     0.000 r  clk_i (IN)
                         net (fo=2611, unset)         0.787     0.787    u_ecc/u_core/clk_i
    SLICE_X46Y34         FDCE                                         r  u_ecc/u_core/ecc_pmul_subop_q_reg[0]/C
  -------------------------------------------------------------------    -------------------
    SLICE_X46Y34         FDCE (Prop_fdce_C_Q)         0.433     1.220 r  u_ecc/u_core/ecc_pmul_subop_q_reg[0]/Q
                         net (fo=60, routed)          0.606     1.826    u_ecc/u_core/subop[0]
    SLICE_X46Y35                                                      r  u_ecc/u_core/ecc_sqr_repeat_q[6]_i_11/I0
    SLICE_X46Y35         LUT3 (Prop_lut3_I0_O)        0.125     1.951 r  u_ecc/u_core/ecc_sqr_repeat_q[6]_i_11/O
                         net (fo=6, routed)           0.426     2.377    u_ecc/u_core/ecc_sqr_repeat_q[6]_i_11_n_0
    SLICE_X46Y36                                                      r  u_ecc/u_core/ecc_leaf_xor_a_q[31]_i_5/I0
    SLICE_X46Y36         LUT6 (Prop_lut6_I0_O)        0.264     2.641 f  u_ecc/u_core/ecc_leaf_xor_a_q[31]_i_5/O
                         net (fo=15, routed)          0.300     2.941    u_ecc/u_core/ecc_leaf_xor_a_q[31]_i_5_n_0
    SLICE_X45Y37                                                      f  u_ecc/u_core/ecc_fold_word_q[0]_i_2/I2
    SLICE_X45Y37         LUT4 (Prop_lut4_I2_O)        0.105     3.046 r  u_ecc/u_core/ecc_fold_word_q[0]_i_2/O
                         net (fo=2, routed)           0.234     3.280    u_ecc/u_core/ecc_fold_word_q[0]_i_2_n_0
    SLICE_X45Y38                                                      r  u_ecc/u_core/ecc_leaf_path_q[3]_i_3/I5
    SLICE_X45Y38         LUT6 (Prop_lut6_I5_O)        0.105     3.385 r  u_ecc/u_core/ecc_leaf_path_q[3]_i_3/O
                         net (fo=7, routed)           0.412     3.797    u_ecc/u_core/ecc_leaf_path_q[3]_i_3_n_0
    SLICE_X45Y45                                                      r  u_ecc/u_core/ecc_leaf_xor_b_q[31]_i_1/I5
    SLICE_X45Y45         LUT6 (Prop_lut6_I5_O)        0.105     3.902 r  u_ecc/u_core/ecc_leaf_xor_b_q[31]_i_1/O
                         net (fo=33, routed)          0.532     4.435    u_ecc/u_core/ecc_leaf_xor_b_q
    SLICE_X44Y46                                                      r  u_ecc/u_core/ecc_leaf_b_q[31]_i_1/I0
    SLICE_X44Y46         LUT3 (Prop_lut3_I0_O)        0.128     4.563 r  u_ecc/u_core/ecc_leaf_b_q[31]_i_1/O
                         net (fo=32, routed)          0.554     5.117    u_ecc/u_core/ecc_leaf_b_q
    SLICE_X45Y48         FDCE                                         r  u_ecc/u_core/ecc_leaf_b_q_reg[16]/CE
  -------------------------------------------------------------------    -------------------

                         (clock clk_i rise edge)      5.000     5.000 r  
                                                      0.000     5.000 r  clk_i (IN)
                         net (fo=2611, unset)         0.748     5.748    u_ecc/u_core/clk_i
    SLICE_X45Y48         FDCE                                         r  u_ecc/u_core/ecc_leaf_b_q_reg[16]/C
                         clock pessimism              0.000     5.748    
                         clock uncertainty           -0.035     5.712    
    SLICE_X45Y48         FDCE (Setup_fdce_C_CE)      -0.331     5.381    u_ecc/u_core/ecc_leaf_b_q_reg[16]
  -------------------------------------------------------------------
                         required time                          5.381    
                         arrival time                          -5.117    
  -------------------------------------------------------------------
                         slack                                  0.265    

Slack (MET) :             0.265ns  (required time - arrival time)
  Source:                 u_ecc/u_core/ecc_pmul_subop_q_reg[0]/C
                            (rising edge-triggered cell FDCE clocked by clk_i  {rise@0.000ns fall@2.500ns period=5.000ns})
  Destination:            u_ecc/u_core/ecc_leaf_b_q_reg[5]/CE
                            (rising edge-triggered cell FDCE clocked by clk_i  {rise@0.000ns fall@2.500ns period=5.000ns})
  Path Group:             clk_i
  Path Type:              Setup (Max at Slow Process Corner)
  Requirement:            5.000ns  (clk_i rise@5.000ns - clk_i rise@0.000ns)
  Data Path Delay:        4.330ns  (logic 1.265ns (29.218%)  route 3.065ns (70.782%))
  Logic Levels:           6  (LUT3=2 LUT4=1 LUT6=3)
  Clock Path Skew:        -0.039ns (DCD - SCD + CPR)
    Destination Clock Delay (DCD):    0.748ns = ( 5.748 - 5.000 ) 
    Source Clock Delay      (SCD):    0.787ns
    Clock Pessimism Removal (CPR):    0.000ns
  Clock Uncertainty:      0.035ns  ((TSJ^2 + TIJ^2)^1/2 + DJ) / 2 + PE
    Total System Jitter     (TSJ):    0.071ns
    Total Input Jitter      (TIJ):    0.000ns
    Discrete Jitter          (DJ):    0.000ns
    Phase Error              (PE):    0.000ns

    Location             Delay type                Incr(ns)  Path(ns)    Netlist Resource(s)
  -------------------------------------------------------------------    -------------------
                         (clock clk_i rise edge)      0.000     0.000 r  
                                                      0.000     0.000 r  clk_i (IN)
                         net (fo=2611, unset)         0.787     0.787    u_ecc/u_core/clk_i
    SLICE_X46Y34         FDCE                                         r  u_ecc/u_core/ecc_pmul_subop_q_reg[0]/C
  -------------------------------------------------------------------    -------------------
    SLICE_X46Y34         FDCE (Prop_fdce_C_Q)         0.433     1.220 r  u_ecc/u_core/ecc_pmul_subop_q_reg[0]/Q
                         net (fo=60, routed)          0.606     1.826    u_ecc/u_core/subop[0]
    SLICE_X46Y35                                                      r  u_ecc/u_core/ecc_sqr_repeat_q[6]_i_11/I0
    SLICE_X46Y35         LUT3 (Prop_lut3_I0_O)        0.125     1.951 r  u_ecc/u_core/ecc_sqr_repeat_q[6]_i_11/O
                         net (fo=6, routed)           0.426     2.377    u_ecc/u_core/ecc_sqr_repeat_q[6]_i_11_n_0
    SLICE_X46Y36                                                      r  u_ecc/u_core/ecc_leaf_xor_a_q[31]_i_5/I0
    SLICE_X46Y36         LUT6 (Prop_lut6_I0_O)        0.264     2.641 f  u_ecc/u_core/ecc_leaf_xor_a_q[31]_i_5/O
                         net (fo=15, routed)          0.300     2.941    u_ecc/u_core/ecc_leaf_xor_a_q[31]_i_5_n_0
    SLICE_X45Y37                                                      f  u_ecc/u_core/ecc_fold_word_q[0]_i_2/I2
    SLICE_X45Y37         LUT4 (Prop_lut4_I2_O)        0.105     3.046 r  u_ecc/u_core/ecc_fold_word_q[0]_i_2/O
                         net (fo=2, routed)           0.234     3.280    u_ecc/u_core/ecc_fold_word_q[0]_i_2_n_0
    SLICE_X45Y38                                                      r  u_ecc/u_core/ecc_leaf_path_q[3]_i_3/I5
    SLICE_X45Y38         LUT6 (Prop_lut6_I5_O)        0.105     3.385 r  u_ecc/u_core/ecc_leaf_path_q[3]_i_3/O
                         net (fo=7, routed)           0.412     3.797    u_ecc/u_core/ecc_leaf_path_q[3]_i_3_n_0
    SLICE_X45Y45                                                      r  u_ecc/u_core/ecc_leaf_xor_b_q[31]_i_1/I5
    SLICE_X45Y45         LUT6 (Prop_lut6_I5_O)        0.105     3.902 r  u_ecc/u_core/ecc_leaf_xor_b_q[31]_i_1/O
                         net (fo=33, routed)          0.532     4.435    u_ecc/u_core/ecc_leaf_xor_b_q
    SLICE_X44Y46                                                      r  u_ecc/u_core/ecc_leaf_b_q[31]_i_1/I0
    SLICE_X44Y46         LUT3 (Prop_lut3_I0_O)        0.128     4.563 r  u_ecc/u_core/ecc_leaf_b_q[31]_i_1/O
                         net (fo=32, routed)          0.554     5.117    u_ecc/u_core/ecc_leaf_b_q
    SLICE_X45Y48         FDCE                                         r  u_ecc/u_core/ecc_leaf_b_q_reg[5]/CE
  -------------------------------------------------------------------    -------------------

                         (clock clk_i rise edge)      5.000     5.000 r  
                                                      0.000     5.000 r  clk_i (IN)
                         net (fo=2611, unset)         0.748     5.748    u_ecc/u_core/clk_i
    SLICE_X45Y48         FDCE                                         r  u_ecc/u_core/ecc_leaf_b_q_reg[5]/C
                         clock pessimism              0.000     5.748    
                         clock uncertainty           -0.035     5.712    
    SLICE_X45Y48         FDCE (Setup_fdce_C_CE)      -0.331     5.381    u_ecc/u_core/ecc_leaf_b_q_reg[5]
  -------------------------------------------------------------------
                         required time                          5.381    
                         arrival time                          -5.117    
  -------------------------------------------------------------------
                         slack                                  0.265    

Slack (MET) :             0.265ns  (required time - arrival time)
  Source:                 u_ecc/u_core/ecc_kpd64_sub_q_reg[1]/C
                            (rising edge-triggered cell FDCE clocked by clk_i  {rise@0.000ns fall@2.500ns period=5.000ns})
  Destination:            u_ecc/u_core/hdc_src0_q_reg[0][41]/D
                            (rising edge-triggered cell FDCE clocked by clk_i  {rise@0.000ns fall@2.500ns period=5.000ns})
  Path Group:             clk_i
  Path Type:              Setup (Max at Slow Process Corner)
  Requirement:            5.000ns  (clk_i rise@5.000ns - clk_i rise@0.000ns)
  Data Path Delay:        4.692ns  (logic 1.091ns (23.253%)  route 3.601ns (76.747%))
  Logic Levels:           5  (LUT2=1 LUT5=1 LUT6=3)
  Clock Path Skew:        -0.039ns (DCD - SCD + CPR)
    Destination Clock Delay (DCD):    0.748ns = ( 5.748 - 5.000 ) 
    Source Clock Delay      (SCD):    0.787ns
    Clock Pessimism Removal (CPR):    0.000ns
  Clock Uncertainty:      0.035ns  ((TSJ^2 + TIJ^2)^1/2 + DJ) / 2 + PE
    Total System Jitter     (TSJ):    0.071ns
    Total Input Jitter      (TIJ):    0.000ns
    Discrete Jitter          (DJ):    0.000ns
    Phase Error              (PE):    0.000ns

    Location             Delay type                Incr(ns)  Path(ns)    Netlist Resource(s)
  -------------------------------------------------------------------    -------------------
                         (clock clk_i rise edge)      0.000     0.000 r  
                                                      0.000     0.000 r  clk_i (IN)
                         net (fo=2611, unset)         0.787     0.787    u_ecc/u_core/clk_i
    SLICE_X73Y46         FDCE                                         r  u_ecc/u_core/ecc_kpd64_sub_q_reg[1]/C
  -------------------------------------------------------------------    -------------------
    SLICE_X73Y46         FDCE (Prop_fdce_C_Q)         0.379     1.166 f  u_ecc/u_core/ecc_kpd64_sub_q_reg[1]/Q
                         net (fo=111, routed)         1.481     2.647    u_ecc/u_core/ecc_kpd64_sub_q[1]
    SLICE_X87Y39                                                      f  u_ecc/u_core/i_vec_i_536/I2
    SLICE_X87Y39         LUT6 (Prop_lut6_I2_O)        0.105     2.752 r  u_ecc/u_core/i_vec_i_536/O
                         net (fo=8, routed)           0.353     3.105    u_ecc/u_core/i_vec_i_536_n_0
    SLICE_X87Y41                                                      r  u_ecc/u_core/i_vec_i_605/I5
    SLICE_X87Y41         LUT6 (Prop_lut6_I5_O)        0.105     3.210 r  u_ecc/u_core/i_vec_i_605/O
                         net (fo=2, routed)           0.888     4.098    u_ecc/u_core/i_vec_i_605_n_0
    SLICE_X71Y46                                                      r  u_ecc/u_core/i_vec_i_250/I2
    SLICE_X71Y46         LUT5 (Prop_lut5_I2_O)        0.105     4.203 r  u_ecc/u_core/i_vec_i_250/O
                         net (fo=2, routed)           0.528     4.731    u_ecc/u_core/i_vec/xor0_contribution_packet_i[0][41]
    SLICE_X70Y48                                                      r  u_ecc/u_core/i_vec/xor0_field_packet_o[41]_INST_0/I0
    SLICE_X70Y48         LUT2 (Prop_lut2_I0_O)        0.123     4.854 r  u_ecc/u_core/i_vec/xor0_field_packet_o[41]_INST_0/O
                         net (fo=1, routed)           0.351     5.205    u_ecc/u_core/xor0_field_packet[41]
    SLICE_X70Y48                                                      r  u_ecc/u_core/hdc_src0_q[0][41]_i_1/I4
    SLICE_X70Y48         LUT6 (Prop_lut6_I4_O)        0.274     5.479 r  u_ecc/u_core/hdc_src0_q[0][41]_i_1/O
                         net (fo=1, routed)           0.000     5.479    u_ecc/u_core/hdc_src0_q[0][41]_i_1_n_0
    SLICE_X70Y48         FDCE                                         r  u_ecc/u_core/hdc_src0_q_reg[0][41]/D
  -------------------------------------------------------------------    -------------------

                         (clock clk_i rise edge)      5.000     5.000 r  
                                                      0.000     5.000 r  clk_i (IN)
                         net (fo=2611, unset)         0.748     5.748    u_ecc/u_core/clk_i
    SLICE_X70Y48         FDCE                                         r  u_ecc/u_core/hdc_src0_q_reg[0][41]/C
                         clock pessimism              0.000     5.748    
                         clock uncertainty           -0.035     5.712    
    SLICE_X70Y48         FDCE (Setup_fdce_C_D)        0.032     5.744    u_ecc/u_core/hdc_src0_q_reg[0][41]
  -------------------------------------------------------------------
                         required time                          5.744    
                         arrival time                          -5.479    
  -------------------------------------------------------------------
                         slack                                  0.265    

Slack (MET) :             0.266ns  (required time - arrival time)
  Source:                 u_ecc/u_core/i_vrf/gen_bank[1].vrf_mem_reg/CLKARDCLK
                            (rising edge-triggered cell RAMB36E1 clocked by clk_i  {rise@0.000ns fall@2.500ns period=5.000ns})
  Destination:            u_ecc/u_core/i_vec/payload_q_reg[1][21]/D
                            (rising edge-triggered cell FDCE clocked by clk_i  {rise@0.000ns fall@2.500ns period=5.000ns})
  Path Group:             clk_i
  Path Type:              Setup (Max at Slow Process Corner)
  Requirement:            5.000ns  (clk_i rise@5.000ns - clk_i rise@0.000ns)
  Data Path Delay:        4.733ns  (logic 2.631ns (55.584%)  route 2.102ns (44.416%))
  Logic Levels:           3  (LUT2=1 LUT3=1 LUT5=1)
  Clock Path Skew:        -0.039ns (DCD - SCD + CPR)
    Destination Clock Delay (DCD):    0.748ns = ( 5.748 - 5.000 ) 
    Source Clock Delay      (SCD):    0.787ns
    Clock Pessimism Removal (CPR):    0.000ns
  Clock Uncertainty:      0.035ns  ((TSJ^2 + TIJ^2)^1/2 + DJ) / 2 + PE
    Total System Jitter     (TSJ):    0.071ns
    Total Input Jitter      (TIJ):    0.000ns
    Discrete Jitter          (DJ):    0.000ns
    Phase Error              (PE):    0.000ns

    Location             Delay type                Incr(ns)  Path(ns)    Netlist Resource(s)
  -------------------------------------------------------------------    -------------------
                         (clock clk_i rise edge)      0.000     0.000 r  
                                                      0.000     0.000 r  clk_i (IN)
                         net (fo=2611, unset)         0.787     0.787    u_ecc/u_core/i_vrf/clk_i
    RAMB36_X3Y8          RAMB36E1                                     r  u_ecc/u_core/i_vrf/gen_bank[1].vrf_mem_reg/CLKARDCLK
  -------------------------------------------------------------------    -------------------
    RAMB36_X3Y8          RAMB36E1 (Prop_ramb36e1_CLKARDCLK_DOADO[21])
                                                      2.125     2.912 r  u_ecc/u_core/i_vrf/gen_bank[1].vrf_mem_reg/DOADO[21]
                         net (fo=2, routed)           1.514     4.426    u_ecc/u_core/i_vec/hdc_pair_src_b_i[1][21]
    SLICE_X87Y47                                                      r  u_ecc/u_core/i_vec/i_gf2_contribution_row_tile_i_427/I2
    SLICE_X87Y47         LUT3 (Prop_lut3_I2_O)        0.126     4.552 r  u_ecc/u_core/i_vec/i_gf2_contribution_row_tile_i_427/O
                         net (fo=1, routed)           0.349     4.901    u_ecc/u_core/i_vec/i_gf2_contribution_row_tile/matrix_src_b_i[2][21]
    SLICE_X82Y47                                                      r  u_ecc/u_core/i_vec/i_gf2_contribution_row_tile/matrix_product_o[2][21]_INST_0/I1
    SLICE_X82Y47         LUT2 (Prop_lut2_I1_O)        0.275     5.176 r  u_ecc/u_core/i_vec/i_gf2_contribution_row_tile/matrix_product_o[2][21]_INST_0/O
                         net (fo=1, routed)           0.240     5.415    u_ecc/u_core/i_vec/tile_product_word[1][21]
    SLICE_X82Y48                                                      r  u_ecc/u_core/i_vec/payload_q[1][21]_i_1/I4
    SLICE_X82Y48         LUT5 (Prop_lut5_I4_O)        0.105     5.520 r  u_ecc/u_core/i_vec/payload_q[1][21]_i_1/O
                         net (fo=1, routed)           0.000     5.520    u_ecc/u_core/i_vec/payload_q[1][21]_i_1_n_0
    SLICE_X82Y48         FDCE                                         r  u_ecc/u_core/i_vec/payload_q_reg[1][21]/D
  -------------------------------------------------------------------    -------------------

                         (clock clk_i rise edge)      5.000     5.000 r  
                                                      0.000     5.000 r  clk_i (IN)
                         net (fo=2611, unset)         0.748     5.748    u_ecc/u_core/i_vec/clk_i
    SLICE_X82Y48         FDCE                                         r  u_ecc/u_core/i_vec/payload_q_reg[1][21]/C
                         clock pessimism              0.000     5.748    
                         clock uncertainty           -0.035     5.712    
    SLICE_X82Y48         FDCE (Setup_fdce_C_D)        0.074     5.786    u_ecc/u_core/i_vec/payload_q_reg[1][21]
  -------------------------------------------------------------------
                         required time                          5.786    
                         arrival time                          -5.520    
  -------------------------------------------------------------------
                         slack                                  0.266    

Slack (MET) :             0.267ns  (required time - arrival time)
  Source:                 u_ecc/u_core/i_vrf/gen_bank[1].vrf_mem_reg/CLKARDCLK
                            (rising edge-triggered cell RAMB36E1 clocked by clk_i  {rise@0.000ns fall@2.500ns period=5.000ns})
  Destination:            u_ecc/u_core/i_vec/payload_q_reg[1][54]/D
                            (rising edge-triggered cell FDCE clocked by clk_i  {rise@0.000ns fall@2.500ns period=5.000ns})
  Path Group:             clk_i
  Path Type:              Setup (Max at Slow Process Corner)
  Requirement:            5.000ns  (clk_i rise@5.000ns - clk_i rise@0.000ns)
  Data Path Delay:        4.691ns  (logic 2.624ns (55.943%)  route 2.067ns (44.057%))
  Logic Levels:           3  (LUT2=1 LUT3=1 LUT5=1)
  Clock Path Skew:        -0.039ns (DCD - SCD + CPR)
    Destination Clock Delay (DCD):    0.748ns = ( 5.748 - 5.000 ) 
    Source Clock Delay      (SCD):    0.787ns
    Clock Pessimism Removal (CPR):    0.000ns
  Clock Uncertainty:      0.035ns  ((TSJ^2 + TIJ^2)^1/2 + DJ) / 2 + PE
    Total System Jitter     (TSJ):    0.071ns
    Total Input Jitter      (TIJ):    0.000ns
    Discrete Jitter          (DJ):    0.000ns
    Phase Error              (PE):    0.000ns

    Location             Delay type                Incr(ns)  Path(ns)    Netlist Resource(s)
  -------------------------------------------------------------------    -------------------
                         (clock clk_i rise edge)      0.000     0.000 r  
                                                      0.000     0.000 r  clk_i (IN)
                         net (fo=2611, unset)         0.787     0.787    u_ecc/u_core/i_vrf/clk_i
    RAMB36_X3Y8          RAMB36E1                                     r  u_ecc/u_core/i_vrf/gen_bank[1].vrf_mem_reg/CLKARDCLK
  -------------------------------------------------------------------    -------------------
    RAMB36_X3Y8          RAMB36E1 (Prop_ramb36e1_CLKARDCLK_DOBDO[22])
                                                      2.125     2.912 r  u_ecc/u_core/i_vrf/gen_bank[1].vrf_mem_reg/DOBDO[22]
                         net (fo=2, routed)           1.398     4.310    u_ecc/u_core/i_vec/hdc_pair_src_b_i[1][54]
    SLICE_X81Y35                                                      r  u_ecc/u_core/i_vec/i_gf2_contribution_row_tile_i_394/I2
    SLICE_X81Y35         LUT3 (Prop_lut3_I2_O)        0.119     4.429 r  u_ecc/u_core/i_vec/i_gf2_contribution_row_tile_i_394/O
                         net (fo=1, routed)           0.439     4.868    u_ecc/u_core/i_vec/i_gf2_contribution_row_tile/matrix_src_b_i[3][22]
    SLICE_X80Y37                                                      r  u_ecc/u_core/i_vec/i_gf2_contribution_row_tile/matrix_product_o[3][22]_INST_0/I1
    SLICE_X80Y37         LUT2 (Prop_lut2_I1_O)        0.275     5.143 r  u_ecc/u_core/i_vec/i_gf2_contribution_row_tile/matrix_product_o[3][22]_INST_0/O
                         net (fo=1, routed)           0.229     5.373    u_ecc/u_core/i_vec/tile_product_word[1][54]
    SLICE_X80Y38                                                      r  u_ecc/u_core/i_vec/payload_q[1][54]_i_1/I4
    SLICE_X80Y38         LUT5 (Prop_lut5_I4_O)        0.105     5.478 r  u_ecc/u_core/i_vec/payload_q[1][54]_i_1/O
                         net (fo=1, routed)           0.000     5.478    u_ecc/u_core/i_vec/payload_q[1][54]_i_1_n_0
    SLICE_X80Y38         FDCE                                         r  u_ecc/u_core/i_vec/payload_q_reg[1][54]/D
  -------------------------------------------------------------------    -------------------

                         (clock clk_i rise edge)      5.000     5.000 r  
                                                      0.000     5.000 r  clk_i (IN)
                         net (fo=2611, unset)         0.748     5.748    u_ecc/u_core/i_vec/clk_i
    SLICE_X80Y38         FDCE                                         r  u_ecc/u_core/i_vec/payload_q_reg[1][54]/C
                         clock pessimism              0.000     5.748    
                         clock uncertainty           -0.035     5.712    
    SLICE_X80Y38         FDCE (Setup_fdce_C_D)        0.032     5.744    u_ecc/u_core/i_vec/payload_q_reg[1][54]
  -------------------------------------------------------------------
                         required time                          5.744    
                         arrival time                          -5.478    
  -------------------------------------------------------------------
                         slack                                  0.267    

Slack (MET) :             0.267ns  (required time - arrival time)
  Source:                 u_ecc/u_core/ecc_leaf_path_q_reg[3]/C
                            (rising edge-triggered cell FDCE clocked by clk_i  {rise@0.000ns fall@2.500ns period=5.000ns})
  Destination:            u_ecc/u_core/i_vec/payload_q_reg[3][6]/D
                            (rising edge-triggered cell FDCE clocked by clk_i  {rise@0.000ns fall@2.500ns period=5.000ns})
  Path Group:             clk_i
  Path Type:              Setup (Max at Slow Process Corner)
  Requirement:            5.000ns  (clk_i rise@5.000ns - clk_i rise@0.000ns)
  Data Path Delay:        4.690ns  (logic 1.358ns (28.956%)  route 3.332ns (71.044%))
  Logic Levels:           6  (LUT2=1 LUT3=2 LUT4=1 LUT6=2)
  Clock Path Skew:        -0.039ns (DCD - SCD + CPR)
    Destination Clock Delay (DCD):    0.748ns = ( 5.748 - 5.000 ) 
    Source Clock Delay      (SCD):    0.787ns
    Clock Pessimism Removal (CPR):    0.000ns
  Clock Uncertainty:      0.035ns  ((TSJ^2 + TIJ^2)^1/2 + DJ) / 2 + PE
    Total System Jitter     (TSJ):    0.071ns
    Total Input Jitter      (TIJ):    0.000ns
    Discrete Jitter          (DJ):    0.000ns
    Phase Error              (PE):    0.000ns

    Location             Delay type                Incr(ns)  Path(ns)    Netlist Resource(s)
  -------------------------------------------------------------------    -------------------
                         (clock clk_i rise edge)      0.000     0.000 r  
                                                      0.000     0.000 r  clk_i (IN)
                         net (fo=2611, unset)         0.787     0.787    u_ecc/u_core/clk_i
    SLICE_X69Y43         FDCE                                         r  u_ecc/u_core/ecc_leaf_path_q_reg[3]/C
  -------------------------------------------------------------------    -------------------
    SLICE_X69Y43         FDCE (Prop_fdce_C_Q)         0.379     1.166 f  u_ecc/u_core/ecc_leaf_path_q_reg[3]/Q
                         net (fo=109, routed)         0.721     1.887    u_ecc/u_core/path[3]
    SLICE_X63Y43                                                      f  u_ecc/u_core/i_vec_i_298/I2
    SLICE_X63Y43         LUT4 (Prop_lut4_I2_O)        0.105     1.992 f  u_ecc/u_core/i_vec_i_298/O
                         net (fo=111, routed)         0.239     2.231    u_ecc/u_core/i_vec_i_298_n_0
    SLICE_X63Y43                                                      f  u_ecc/u_core/i_vec_i_293/I0
    SLICE_X63Y43         LUT3 (Prop_lut3_I0_O)        0.105     2.336 f  u_ecc/u_core/i_vec_i_293/O
                         net (fo=1, routed)           0.257     2.593    u_ecc/u_core/i_vec_i_293_n_0
    SLICE_X64Y42                                                      f  u_ecc/u_core/i_vec_i_2/I4
    SLICE_X64Y42         LUT6 (Prop_lut6_I4_O)        0.105     2.698 r  u_ecc/u_core/i_vec_i_2/O
                         net (fo=769, routed)         1.086     3.784    u_ecc/u_core/i_vec/payload_product_i
    SLICE_X56Y36                                                      r  u_ecc/u_core/i_vec/i_gf2_contribution_row_tile_i_58/I1
    SLICE_X56Y36         LUT3 (Prop_lut3_I1_O)        0.107     3.891 r  u_ecc/u_core/i_vec/i_gf2_contribution_row_tile_i_58/O
                         net (fo=1, routed)           0.679     4.570    u_ecc/u_core/i_vec/i_gf2_contribution_row_tile/matrix_src_a_i[6][6]
    SLICE_X55Y36                                                      r  u_ecc/u_core/i_vec/i_gf2_contribution_row_tile/matrix_product_o[6][6]_INST_0/I0
    SLICE_X55Y36         LUT2 (Prop_lut2_I0_O)        0.283     4.853 r  u_ecc/u_core/i_vec/i_gf2_contribution_row_tile/matrix_product_o[6][6]_INST_0/O
                         net (fo=1, routed)           0.350     5.203    u_ecc/u_core/i_vec/tile_product_word[3][6]
    SLICE_X56Y36                                                      r  u_ecc/u_core/i_vec/payload_q[3][6]_i_1/I3
    SLICE_X56Y36         LUT6 (Prop_lut6_I3_O)        0.274     5.477 r  u_ecc/u_core/i_vec/payload_q[3][6]_i_1/O
                         net (fo=1, routed)           0.000     5.477    u_ecc/u_core/i_vec/payload_q[3][6]_i_1_n_0
    SLICE_X56Y36         FDCE                                         r  u_ecc/u_core/i_vec/payload_q_reg[3][6]/D
  -------------------------------------------------------------------    -------------------

                         (clock clk_i rise edge)      5.000     5.000 r  
                                                      0.000     5.000 r  clk_i (IN)
                         net (fo=2611, unset)         0.748     5.748    u_ecc/u_core/i_vec/clk_i
    SLICE_X56Y36         FDCE                                         r  u_ecc/u_core/i_vec/payload_q_reg[3][6]/C
                         clock pessimism              0.000     5.748    
                         clock uncertainty           -0.035     5.712    
    SLICE_X56Y36         FDCE (Setup_fdce_C_D)        0.032     5.744    u_ecc/u_core/i_vec/payload_q_reg[3][6]
  -------------------------------------------------------------------
                         required time                          5.744    
                         arrival time                          -5.477    
  -------------------------------------------------------------------
                         slack                                  0.267    

Slack (MET) :             0.268ns  (required time - arrival time)
  Source:                 u_ecc/u_core/ecc_pmul_bit_q_reg[1]/C
                            (rising edge-triggered cell FDCE clocked by clk_i  {rise@0.000ns fall@2.500ns period=5.000ns})
  Destination:            u_ecc/u_core/ecc_pmul_r0_inf_q_reg/D
                            (rising edge-triggered cell FDPE clocked by clk_i  {rise@0.000ns fall@2.500ns period=5.000ns})
  Path Group:             clk_i
  Path Type:              Setup (Max at Slow Process Corner)
  Requirement:            5.000ns  (clk_i rise@5.000ns - clk_i rise@0.000ns)
  Data Path Delay:        4.690ns  (logic 0.904ns (19.276%)  route 3.786ns (80.724%))
  Logic Levels:           5  (LUT6=5)
  Clock Path Skew:        -0.039ns (DCD - SCD + CPR)
    Destination Clock Delay (DCD):    0.748ns = ( 5.748 - 5.000 ) 
    Source Clock Delay      (SCD):    0.787ns
    Clock Pessimism Removal (CPR):    0.000ns
  Clock Uncertainty:      0.035ns  ((TSJ^2 + TIJ^2)^1/2 + DJ) / 2 + PE
    Total System Jitter     (TSJ):    0.071ns
    Total Input Jitter      (TIJ):    0.000ns
    Discrete Jitter          (DJ):    0.000ns
    Phase Error              (PE):    0.000ns

    Location             Delay type                Incr(ns)  Path(ns)    Netlist Resource(s)
  -------------------------------------------------------------------    -------------------
                         (clock clk_i rise edge)      0.000     0.000 r  
                                                      0.000     0.000 r  clk_i (IN)
                         net (fo=2611, unset)         0.787     0.787    u_ecc/u_core/clk_i
    SLICE_X48Y38         FDCE                                         r  u_ecc/u_core/ecc_pmul_bit_q_reg[1]/C
  -------------------------------------------------------------------    -------------------
    SLICE_X48Y38         FDCE (Prop_fdce_C_Q)         0.379     1.166 r  u_ecc/u_core/ecc_pmul_bit_q_reg[1]/Q
                         net (fo=70, routed)          1.242     2.408    u_ecc/u_core/ecc_pmul_bit_q[1]
    SLICE_X58Y42                                                      r  u_ecc/u_core/ecc_pmul_scalar_bit_q_i_52/I2
    SLICE_X58Y42         LUT6 (Prop_lut6_I2_O)        0.105     2.513 f  u_ecc/u_core/ecc_pmul_scalar_bit_q_i_52/O
                         net (fo=1, routed)           0.647     3.161    u_ecc/u_core/ecc_pmul_scalar_bit_q_i_52_n_0
    SLICE_X57Y42                                                      f  u_ecc/u_core/ecc_pmul_scalar_bit_q_i_20/I1
    SLICE_X57Y42         LUT6 (Prop_lut6_I1_O)        0.105     3.266 f  u_ecc/u_core/ecc_pmul_scalar_bit_q_i_20/O
                         net (fo=1, routed)           0.720     3.986    u_ecc/u_core/ecc_pmul_scalar_bit_q_i_20_n_0
    SLICE_X54Y39                                                      f  u_ecc/u_core/ecc_pmul_scalar_bit_q_i_6/I1
    SLICE_X54Y39         LUT6 (Prop_lut6_I1_O)        0.105     4.091 f  u_ecc/u_core/ecc_pmul_scalar_bit_q_i_6/O
                         net (fo=1, routed)           0.665     4.756    u_ecc/u_core/ecc_pmul_scalar_bit_q_i_6_n_0
    SLICE_X50Y39                                                      f  u_ecc/u_core/ecc_pmul_scalar_bit_q_i_2/I5
    SLICE_X50Y39         LUT6 (Prop_lut6_I5_O)        0.105     4.861 r  u_ecc/u_core/ecc_pmul_scalar_bit_q_i_2/O
                         net (fo=2, routed)           0.511     5.372    u_ecc/u_core/ecc_pmul_scalar_bit_q_i_2_n_0
    SLICE_X47Y35                                                      r  u_ecc/u_core/ecc_pmul_r0_inf_q_i_1/I1
    SLICE_X47Y35         LUT6 (Prop_lut6_I1_O)        0.105     5.477 r  u_ecc/u_core/ecc_pmul_r0_inf_q_i_1/O
                         net (fo=1, routed)           0.000     5.477    u_ecc/u_core/ecc_pmul_r0_inf_q_i_1_n_0
    SLICE_X47Y35         FDPE                                         r  u_ecc/u_core/ecc_pmul_r0_inf_q_reg/D
  -------------------------------------------------------------------    -------------------

                         (clock clk_i rise edge)      5.000     5.000 r  
                                                      0.000     5.000 r  clk_i (IN)
                         net (fo=2611, unset)         0.748     5.748    u_ecc/u_core/clk_i
    SLICE_X47Y35         FDPE                                         r  u_ecc/u_core/ecc_pmul_r0_inf_q_reg/C
                         clock pessimism              0.000     5.748    
                         clock uncertainty           -0.035     5.712    
    SLICE_X47Y35         FDPE (Setup_fdpe_C_D)        0.032     5.744    u_ecc/u_core/ecc_pmul_r0_inf_q_reg
  -------------------------------------------------------------------
                         required time                          5.744    
                         arrival time                          -5.477    
  -------------------------------------------------------------------
                         slack                                  0.268    

Slack (MET) :             0.268ns  (required time - arrival time)
  Source:                 u_ecc/u_core/ecc_kpd64_sub_q_reg[1]_rep/C
                            (rising edge-triggered cell FDCE clocked by clk_i  {rise@0.000ns fall@2.500ns period=5.000ns})
  Destination:            u_ecc/u_core/hdc_src0_q_reg[2][35]/D
                            (rising edge-triggered cell FDCE clocked by clk_i  {rise@0.000ns fall@2.500ns period=5.000ns})
  Path Group:             clk_i
  Path Type:              Setup (Max at Slow Process Corner)
  Requirement:            5.000ns  (clk_i rise@5.000ns - clk_i rise@0.000ns)
  Data Path Delay:        4.687ns  (logic 1.197ns (25.537%)  route 3.490ns (74.463%))
  Logic Levels:           6  (LUT2=2 LUT5=1 LUT6=3)
  Clock Path Skew:        -0.039ns (DCD - SCD + CPR)
    Destination Clock Delay (DCD):    0.748ns = ( 5.748 - 5.000 ) 
    Source Clock Delay      (SCD):    0.787ns
    Clock Pessimism Removal (CPR):    0.000ns
  Clock Uncertainty:      0.035ns  ((TSJ^2 + TIJ^2)^1/2 + DJ) / 2 + PE
    Total System Jitter     (TSJ):    0.071ns
    Total Input Jitter      (TIJ):    0.000ns
    Discrete Jitter          (DJ):    0.000ns
    Phase Error              (PE):    0.000ns

    Location             Delay type                Incr(ns)  Path(ns)    Netlist Resource(s)
  -------------------------------------------------------------------    -------------------
                         (clock clk_i rise edge)      0.000     0.000 r  
                                                      0.000     0.000 r  clk_i (IN)
                         net (fo=2611, unset)         0.787     0.787    u_ecc/u_core/clk_i
    SLICE_X74Y44         FDCE                                         r  u_ecc/u_core/ecc_kpd64_sub_q_reg[1]_rep/C
  -------------------------------------------------------------------    -------------------
    SLICE_X74Y44         FDCE (Prop_fdce_C_Q)         0.379     1.166 f  u_ecc/u_core/ecc_kpd64_sub_q_reg[1]_rep/Q
                         net (fo=107, routed)         0.606     1.772    u_ecc/u_core/ecc_kpd64_sub_q_reg[1]_rep_n_0
    SLICE_X72Y44                                                      f  u_ecc/u_core/i_vec_i_812/I0
    SLICE_X72Y44         LUT2 (Prop_lut2_I0_O)        0.124     1.896 r  u_ecc/u_core/i_vec_i_812/O
                         net (fo=77, routed)          1.189     3.086    u_ecc/u_core/i_vec_i_812_n_0
    SLICE_X84Y48                                                      r  u_ecc/u_core/i_vec_i_674/I0
    SLICE_X84Y48         LUT6 (Prop_lut6_I0_O)        0.274     3.360 r  u_ecc/u_core/i_vec_i_674/O
                         net (fo=2, routed)           0.496     3.856    u_ecc/u_core/i_vec_i_674_n_0
    SLICE_X81Y45                                                      r  u_ecc/u_core/i_vec_i_499/I4
    SLICE_X81Y45         LUT5 (Prop_lut5_I4_O)        0.105     3.961 r  u_ecc/u_core/i_vec_i_499/O
                         net (fo=1, routed)           0.517     4.478    u_ecc/u_core/i_vec_i_499_n_0
    SLICE_X79Y38                                                      r  u_ecc/u_core/i_vec_i_128/I5
    SLICE_X79Y38         LUT6 (Prop_lut6_I5_O)        0.105     4.583 r  u_ecc/u_core/i_vec_i_128/O
                         net (fo=2, routed)           0.368     4.951    u_ecc/u_core/i_vec/xor0_contribution_packet_i[2][35]
    SLICE_X77Y35                                                      r  u_ecc/u_core/i_vec/xor0_field_packet_o[163]_INST_0/I0
    SLICE_X77Y35         LUT2 (Prop_lut2_I0_O)        0.105     5.056 r  u_ecc/u_core/i_vec/xor0_field_packet_o[163]_INST_0/O
                         net (fo=1, routed)           0.313     5.369    u_ecc/u_core/xor0_field_packet[163]
    SLICE_X77Y35                                                      r  u_ecc/u_core/hdc_src0_q[2][35]_i_1/I4
    SLICE_X77Y35         LUT6 (Prop_lut6_I4_O)        0.105     5.474 r  u_ecc/u_core/hdc_src0_q[2][35]_i_1/O
                         net (fo=1, routed)           0.000     5.474    u_ecc/u_core/hdc_src0_q[2][35]_i_1_n_0
    SLICE_X77Y35         FDCE                                         r  u_ecc/u_core/hdc_src0_q_reg[2][35]/D
  -------------------------------------------------------------------    -------------------

                         (clock clk_i rise edge)      5.000     5.000 r  
                                                      0.000     5.000 r  clk_i (IN)
                         net (fo=2611, unset)         0.748     5.748    u_ecc/u_core/clk_i
    SLICE_X77Y35         FDCE                                         r  u_ecc/u_core/hdc_src0_q_reg[2][35]/C
                         clock pessimism              0.000     5.748    
                         clock uncertainty           -0.035     5.712    
    SLICE_X77Y35         FDCE (Setup_fdce_C_D)        0.030     5.742    u_ecc/u_core/hdc_src0_q_reg[2][35]
  -------------------------------------------------------------------
                         required time                          5.742    
                         arrival time                          -5.474    
  -------------------------------------------------------------------
                         slack                                  0.268    

Slack (MET) :             0.269ns  (required time - arrival time)
  Source:                 u_ecc/u_core/ecc_leaf_path_q_reg[3]/C
                            (rising edge-triggered cell FDCE clocked by clk_i  {rise@0.000ns fall@2.500ns period=5.000ns})
  Destination:            u_ecc/u_core/i_vec/payload_q_reg[1][28]/D
                            (rising edge-triggered cell FDCE clocked by clk_i  {rise@0.000ns fall@2.500ns period=5.000ns})
  Path Group:             clk_i
  Path Type:              Setup (Max at Slow Process Corner)
  Requirement:            5.000ns  (clk_i rise@5.000ns - clk_i rise@0.000ns)
  Data Path Delay:        4.690ns  (logic 1.360ns (29.001%)  route 3.330ns (70.999%))
  Logic Levels:           6  (LUT2=1 LUT3=2 LUT4=1 LUT5=1 LUT6=1)
  Clock Path Skew:        -0.039ns (DCD - SCD + CPR)
    Destination Clock Delay (DCD):    0.748ns = ( 5.748 - 5.000 ) 
    Source Clock Delay      (SCD):    0.787ns
    Clock Pessimism Removal (CPR):    0.000ns
  Clock Uncertainty:      0.035ns  ((TSJ^2 + TIJ^2)^1/2 + DJ) / 2 + PE
    Total System Jitter     (TSJ):    0.071ns
    Total Input Jitter      (TIJ):    0.000ns
    Discrete Jitter          (DJ):    0.000ns
    Phase Error              (PE):    0.000ns

    Location             Delay type                Incr(ns)  Path(ns)    Netlist Resource(s)
  -------------------------------------------------------------------    -------------------
                         (clock clk_i rise edge)      0.000     0.000 r  
                                                      0.000     0.000 r  clk_i (IN)
                         net (fo=2611, unset)         0.787     0.787    u_ecc/u_core/clk_i
    SLICE_X69Y43         FDCE                                         r  u_ecc/u_core/ecc_leaf_path_q_reg[3]/C
  -------------------------------------------------------------------    -------------------
    SLICE_X69Y43         FDCE (Prop_fdce_C_Q)         0.379     1.166 f  u_ecc/u_core/ecc_leaf_path_q_reg[3]/Q
                         net (fo=109, routed)         0.721     1.887    u_ecc/u_core/path[3]
    SLICE_X63Y43                                                      f  u_ecc/u_core/i_vec_i_298/I2
    SLICE_X63Y43         LUT4 (Prop_lut4_I2_O)        0.105     1.992 f  u_ecc/u_core/i_vec_i_298/O
                         net (fo=111, routed)         0.239     2.231    u_ecc/u_core/i_vec_i_298_n_0
    SLICE_X63Y43                                                      f  u_ecc/u_core/i_vec_i_293/I0
    SLICE_X63Y43         LUT3 (Prop_lut3_I0_O)        0.105     2.336 f  u_ecc/u_core/i_vec_i_293/O
                         net (fo=1, routed)           0.257     2.593    u_ecc/u_core/i_vec_i_293_n_0
    SLICE_X64Y42                                                      f  u_ecc/u_core/i_vec_i_2/I4
    SLICE_X64Y42         LUT6 (Prop_lut6_I4_O)        0.105     2.698 r  u_ecc/u_core/i_vec_i_2/O
                         net (fo=769, routed)         1.202     3.900    u_ecc/u_core/i_vec/payload_product_i
    SLICE_X79Y35                                                      r  u_ecc/u_core/i_vec/i_gf2_contribution_row_tile_i_164/I1
    SLICE_X79Y35         LUT3 (Prop_lut3_I1_O)        0.110     4.010 r  u_ecc/u_core/i_vec/i_gf2_contribution_row_tile_i_164/O
                         net (fo=1, routed)           0.681     4.690    u_ecc/u_core/i_vec/i_gf2_contribution_row_tile/matrix_src_a_i[2][28]
    SLICE_X81Y35                                                      r  u_ecc/u_core/i_vec/i_gf2_contribution_row_tile/matrix_product_o[2][28]_INST_0/I0
    SLICE_X81Y35         LUT2 (Prop_lut2_I0_O)        0.282     4.972 r  u_ecc/u_core/i_vec/i_gf2_contribution_row_tile/matrix_product_o[2][28]_INST_0/O
                         net (fo=1, routed)           0.230     5.203    u_ecc/u_core/i_vec/tile_product_word[1][28]
    SLICE_X81Y36                                                      r  u_ecc/u_core/i_vec/payload_q[1][28]_i_1/I4
    SLICE_X81Y36         LUT5 (Prop_lut5_I4_O)        0.274     5.477 r  u_ecc/u_core/i_vec/payload_q[1][28]_i_1/O
                         net (fo=1, routed)           0.000     5.477    u_ecc/u_core/i_vec/payload_q[1][28]_i_1_n_0
    SLICE_X81Y36         FDCE                                         r  u_ecc/u_core/i_vec/payload_q_reg[1][28]/D
  -------------------------------------------------------------------    -------------------

                         (clock clk_i rise edge)      5.000     5.000 r  
                                                      0.000     5.000 r  clk_i (IN)
                         net (fo=2611, unset)         0.748     5.748    u_ecc/u_core/i_vec/clk_i
    SLICE_X81Y36         FDCE                                         r  u_ecc/u_core/i_vec/payload_q_reg[1][28]/C
                         clock pessimism              0.000     5.748    
                         clock uncertainty           -0.035     5.712    
    SLICE_X81Y36         FDCE (Setup_fdce_C_D)        0.033     5.745    u_ecc/u_core/i_vec/payload_q_reg[1][28]
  -------------------------------------------------------------------
                         required time                          5.745    
                         arrival time                          -5.477    
  -------------------------------------------------------------------
                         slack                                  0.269    

Slack (MET) :             0.269ns  (required time - arrival time)
  Source:                 u_ecc/u_core/ecc_leaf_path_q_reg[2]/C
                            (rising edge-triggered cell FDCE clocked by clk_i  {rise@0.000ns fall@2.500ns period=5.000ns})
  Destination:            u_ecc/u_core/ecc_leaf_xor_b_q_reg[25]/D
                            (rising edge-triggered cell FDCE clocked by clk_i  {rise@0.000ns fall@2.500ns period=5.000ns})
  Path Group:             clk_i
  Path Type:              Setup (Max at Slow Process Corner)
  Requirement:            5.000ns  (clk_i rise@5.000ns - clk_i rise@0.000ns)
  Data Path Delay:        4.614ns  (logic 1.063ns (23.037%)  route 3.551ns (76.963%))
  Logic Levels:           6  (LUT4=2 LUT5=3 LUT6=1)
  Clock Path Skew:        -0.039ns (DCD - SCD + CPR)
    Destination Clock Delay (DCD):    0.748ns = ( 5.748 - 5.000 ) 
    Source Clock Delay      (SCD):    0.787ns
    Clock Pessimism Removal (CPR):    0.000ns
  Clock Uncertainty:      0.035ns  ((TSJ^2 + TIJ^2)^1/2 + DJ) / 2 + PE
    Total System Jitter     (TSJ):    0.071ns
    Total Input Jitter      (TIJ):    0.000ns
    Discrete Jitter          (DJ):    0.000ns
    Phase Error              (PE):    0.000ns

    Location             Delay type                Incr(ns)  Path(ns)    Netlist Resource(s)
  -------------------------------------------------------------------    -------------------
                         (clock clk_i rise edge)      0.000     0.000 r  
                                                      0.000     0.000 r  clk_i (IN)
                         net (fo=2611, unset)         0.787     0.787    u_ecc/u_core/clk_i
    SLICE_X58Y43         FDCE                                         r  u_ecc/u_core/ecc_leaf_path_q_reg[2]/C
  -------------------------------------------------------------------    -------------------
    SLICE_X58Y43         FDCE (Prop_fdce_C_Q)         0.433     1.220 f  u_ecc/u_core/ecc_leaf_path_q_reg[2]/Q
                         net (fo=111, routed)         0.551     1.771    u_ecc/u_core/path[2]
    SLICE_X57Y43                                                      f  u_ecc/u_core/i_vec_i_304/I3
    SLICE_X57Y43         LUT4 (Prop_lut4_I3_O)        0.105     1.876 r  u_ecc/u_core/i_vec_i_304/O
                         net (fo=112, routed)         0.675     2.551    u_ecc/u_core/i_vec_i_304_n_0
    SLICE_X51Y44                                                      r  u_ecc/u_core/ecc_leaf_xor_a_q[31]_i_13/I4
    SLICE_X51Y44         LUT6 (Prop_lut6_I4_O)        0.105     2.656 r  u_ecc/u_core/ecc_leaf_xor_a_q[31]_i_13/O
                         net (fo=5, routed)           0.267     2.924    u_ecc/u_core/ecc_leaf_xor_a_q[31]_i_13_n_0
    SLICE_X52Y44                                                      r  u_ecc/u_core/ecc_leaf_xor_a_q[31]_i_16/I0
    SLICE_X52Y44         LUT5 (Prop_lut5_I0_O)        0.105     3.029 r  u_ecc/u_core/ecc_leaf_xor_a_q[31]_i_16/O
                         net (fo=128, routed)         0.919     3.947    u_ecc/u_core/ecc_leaf_xor_a_q[31]_i_16_n_0
    SLICE_X48Y41                                                      r  u_ecc/u_core/ecc_leaf_xor_a_q[6]_i_5/I3
    SLICE_X48Y41         LUT5 (Prop_lut5_I3_O)        0.105     4.052 r  u_ecc/u_core/ecc_leaf_xor_a_q[6]_i_5/O
                         net (fo=1, routed)           0.346     4.398    u_ecc/u_core/ecc_leaf_xor_a_q[6]_i_5_n_0
    SLICE_X48Y41                                                      r  u_ecc/u_core/ecc_leaf_xor_a_q[6]_i_2/I1
    SLICE_X48Y41         LUT4 (Prop_lut4_I1_O)        0.105     4.503 r  u_ecc/u_core/ecc_leaf_xor_a_q[6]_i_2/O
                         net (fo=3, routed)           0.407     4.910    u_ecc/u_core/ecc_leaf_xor_a_q[6]_i_2_n_0
    SLICE_X46Y42                                                      r  u_ecc/u_core/ecc_leaf_xor_a_q[6]_i_1/I0
    SLICE_X46Y42         LUT5 (Prop_lut5_I0_O)        0.105     5.015 r  u_ecc/u_core/ecc_leaf_xor_a_q[6]_i_1/O
                         net (fo=2, routed)           0.386     5.401    u_ecc/u_core/word[6]
    SLICE_X44Y44         FDCE                                         r  u_ecc/u_core/ecc_leaf_xor_b_q_reg[25]/D
  -------------------------------------------------------------------    -------------------

                         (clock clk_i rise edge)      5.000     5.000 r  
                                                      0.000     5.000 r  clk_i (IN)
                         net (fo=2611, unset)         0.748     5.748    u_ecc/u_core/clk_i
    SLICE_X44Y44         FDCE                                         r  u_ecc/u_core/ecc_leaf_xor_b_q_reg[25]/C
                         clock pessimism              0.000     5.748    
                         clock uncertainty           -0.035     5.712    
    SLICE_X44Y44         FDCE (Setup_fdce_C_D)       -0.042     5.670    u_ecc/u_core/ecc_leaf_xor_b_q_reg[25]
  -------------------------------------------------------------------
                         required time                          5.670    
                         arrival time                          -5.401    
  -------------------------------------------------------------------
                         slack                                  0.269    

Slack (MET) :             0.269ns  (required time - arrival time)
  Source:                 u_hdc/u_core/hperm_lane_slot_q_reg[0]/C
                            (rising edge-triggered cell FDCE clocked by clk_i  {rise@0.000ns fall@2.500ns period=5.000ns})
  Destination:            u_hdc/u_core/hperm_stage_q_reg[34]/D
                            (rising edge-triggered cell FDCE clocked by clk_i  {rise@0.000ns fall@2.500ns period=5.000ns})
  Path Group:             clk_i
  Path Type:              Setup (Max at Slow Process Corner)
  Requirement:            5.000ns  (clk_i rise@5.000ns - clk_i rise@0.000ns)
  Data Path Delay:        4.686ns  (logic 0.904ns (19.291%)  route 3.782ns (80.709%))
  Logic Levels:           5  (LUT2=1 LUT3=1 LUT6=3)
  Clock Path Skew:        -0.039ns (DCD - SCD + CPR)
    Destination Clock Delay (DCD):    0.748ns = ( 5.748 - 5.000 ) 
    Source Clock Delay      (SCD):    0.787ns
    Clock Pessimism Removal (CPR):    0.000ns
  Clock Uncertainty:      0.035ns  ((TSJ^2 + TIJ^2)^1/2 + DJ) / 2 + PE
    Total System Jitter     (TSJ):    0.071ns
    Total Input Jitter      (TIJ):    0.000ns
    Discrete Jitter          (DJ):    0.000ns
    Phase Error              (PE):    0.000ns

    Location             Delay type                Incr(ns)  Path(ns)    Netlist Resource(s)
  -------------------------------------------------------------------    -------------------
                         (clock clk_i rise edge)      0.000     0.000 r  
                                                      0.000     0.000 r  clk_i (IN)
                         net (fo=2611, unset)         0.787     0.787    u_hdc/u_core/clk_i
    SLICE_X65Y11         FDCE                                         r  u_hdc/u_core/hperm_lane_slot_q_reg[0]/C
  -------------------------------------------------------------------    -------------------
    SLICE_X65Y11         FDCE (Prop_fdce_C_Q)         0.379     1.166 r  u_hdc/u_core/hperm_lane_slot_q_reg[0]/Q
                         net (fo=14, routed)          0.694     1.860    u_hdc/u_core/hperm_lane_slot_q[0]
    SLICE_X64Y12                                                      r  u_hdc/u_core/hperm_stage_q[70]_i_25/I0
    SLICE_X64Y12         LUT2 (Prop_lut2_I0_O)        0.105     1.965 r  u_hdc/u_core/hperm_stage_q[70]_i_25/O
                         net (fo=138, routed)         1.235     3.200    u_hdc/u_core/hperm_stage_q[70]_i_25_n_0
    SLICE_X85Y11                                                      r  u_hdc/u_core/hperm_stage_q[42]_i_5/I4
    SLICE_X85Y11         LUT6 (Prop_lut6_I4_O)        0.105     3.305 f  u_hdc/u_core/hperm_stage_q[42]_i_5/O
                         net (fo=1, routed)           0.619     3.924    u_hdc/u_core/hperm_stage_q[42]_i_5_n_0
    SLICE_X74Y12                                                      f  u_hdc/u_core/hperm_stage_q[42]_i_4/I4
    SLICE_X74Y12         LUT6 (Prop_lut6_I4_O)        0.105     4.029 f  u_hdc/u_core/hperm_stage_q[42]_i_4/O
                         net (fo=4, routed)           0.520     4.549    u_hdc/u_core/hperm_stage_q[42]_i_4_n_0
    SLICE_X76Y12                                                      f  u_hdc/u_core/hperm_stage_q[34]_i_2/I2
    SLICE_X76Y12         LUT6 (Prop_lut6_I2_O)        0.105     4.654 r  u_hdc/u_core/hperm_stage_q[34]_i_2/O
                         net (fo=2, routed)           0.714     5.368    u_hdc/u_core/hperm_stage_q[34]_i_2_n_0
    SLICE_X76Y17                                                      r  u_hdc/u_core/hperm_stage_q[34]_i_1/I2
    SLICE_X76Y17         LUT3 (Prop_lut3_I2_O)        0.105     5.473 r  u_hdc/u_core/hperm_stage_q[34]_i_1/O
                         net (fo=1, routed)           0.000     5.473    u_hdc/u_core/hperm_byte_window[34]
    SLICE_X76Y17         FDCE                                         r  u_hdc/u_core/hperm_stage_q_reg[34]/D
  -------------------------------------------------------------------    -------------------

                         (clock clk_i rise edge)      5.000     5.000 r  
                                                      0.000     5.000 r  clk_i (IN)
                         net (fo=2611, unset)         0.748     5.748    u_hdc/u_core/clk_i
    SLICE_X76Y17         FDCE                                         r  u_hdc/u_core/hperm_stage_q_reg[34]/C
                         clock pessimism              0.000     5.748    
                         clock uncertainty           -0.035     5.712    
    SLICE_X76Y17         FDCE (Setup_fdce_C_D)        0.030     5.742    u_hdc/u_core/hperm_stage_q_reg[34]
  -------------------------------------------------------------------
                         required time                          5.742    
                         arrival time                          -5.473    
  -------------------------------------------------------------------
                         slack                                  0.269    

Slack (MET) :             0.270ns  (required time - arrival time)
  Source:                 u_ecc/u_core/ecc_pmul_subop_q_reg[0]/C
                            (rising edge-triggered cell FDCE clocked by clk_i  {rise@0.000ns fall@2.500ns period=5.000ns})
  Destination:            u_ecc/u_core/hdc_src0_q_reg[1][19]/CE
                            (rising edge-triggered cell FDCE clocked by clk_i  {rise@0.000ns fall@2.500ns period=5.000ns})
  Path Group:             clk_i
  Path Type:              Setup (Max at Slow Process Corner)
  Requirement:            5.000ns  (clk_i rise@5.000ns - clk_i rise@0.000ns)
  Data Path Delay:        4.488ns  (logic 1.137ns (25.336%)  route 3.351ns (74.664%))
  Logic Levels:           5  (LUT3=1 LUT6=4)
  Clock Path Skew:        -0.039ns (DCD - SCD + CPR)
    Destination Clock Delay (DCD):    0.748ns = ( 5.748 - 5.000 ) 
    Source Clock Delay      (SCD):    0.787ns
    Clock Pessimism Removal (CPR):    0.000ns
  Clock Uncertainty:      0.035ns  ((TSJ^2 + TIJ^2)^1/2 + DJ) / 2 + PE
    Total System Jitter     (TSJ):    0.071ns
    Total Input Jitter      (TIJ):    0.000ns
    Discrete Jitter          (DJ):    0.000ns
    Phase Error              (PE):    0.000ns

    Location             Delay type                Incr(ns)  Path(ns)    Netlist Resource(s)
  -------------------------------------------------------------------    -------------------
                         (clock clk_i rise edge)      0.000     0.000 r  
                                                      0.000     0.000 r  clk_i (IN)
                         net (fo=2611, unset)         0.787     0.787    u_ecc/u_core/clk_i
    SLICE_X46Y34         FDCE                                         r  u_ecc/u_core/ecc_pmul_subop_q_reg[0]/C
  -------------------------------------------------------------------    -------------------
    SLICE_X46Y34         FDCE (Prop_fdce_C_Q)         0.433     1.220 r  u_ecc/u_core/ecc_pmul_subop_q_reg[0]/Q
                         net (fo=60, routed)          0.606     1.826    u_ecc/u_core/subop[0]
    SLICE_X46Y35                                                      r  u_ecc/u_core/ecc_sqr_repeat_q[6]_i_11/I0
    SLICE_X46Y35         LUT3 (Prop_lut3_I0_O)        0.125     1.951 r  u_ecc/u_core/ecc_sqr_repeat_q[6]_i_11/O
                         net (fo=6, routed)           0.426     2.377    u_ecc/u_core/ecc_sqr_repeat_q[6]_i_11_n_0
    SLICE_X46Y36                                                      r  u_ecc/u_core/ecc_leaf_xor_a_q[31]_i_5/I0
    SLICE_X46Y36         LUT6 (Prop_lut6_I0_O)        0.264     2.641 f  u_ecc/u_core/ecc_leaf_xor_a_q[31]_i_5/O
                         net (fo=15, routed)          0.272     2.913    u_ecc/u_core/ecc_leaf_xor_a_q[31]_i_5_n_0
    SLICE_X47Y36                                                      f  u_ecc/u_core/hdc_src0_q[3][63]_i_6/I5
    SLICE_X47Y36         LUT6 (Prop_lut6_I5_O)        0.105     3.018 r  u_ecc/u_core/hdc_src0_q[3][63]_i_6/O
                         net (fo=1, routed)           0.258     3.276    u_ecc/u_core/hdc_src0_q[3][63]_i_6_n_0
    SLICE_X47Y37                                                      r  u_ecc/u_core/hdc_src0_q[3][63]_i_3/I5
    SLICE_X47Y37         LUT6 (Prop_lut6_I5_O)        0.105     3.381 r  u_ecc/u_core/hdc_src0_q[3][63]_i_3/O
                         net (fo=4, routed)           0.836     4.217    u_ecc/u_core/hdc_src0_q[3][63]_i_3_n_0
    SLICE_X78Y42                                                      r  u_ecc/u_core/hdc_src0_q[1][63]_i_1/I5
    SLICE_X78Y42         LUT6 (Prop_lut6_I5_O)        0.105     4.322 r  u_ecc/u_core/hdc_src0_q[1][63]_i_1/O
                         net (fo=128, routed)         0.953     5.275    u_ecc/u_core/hdc_src0_q[1][63]_i_1_n_0
    SLICE_X84Y45         FDCE                                         r  u_ecc/u_core/hdc_src0_q_reg[1][19]/CE
  -------------------------------------------------------------------    -------------------

                         (clock clk_i rise edge)      5.000     5.000 r  
                                                      0.000     5.000 r  clk_i (IN)
                         net (fo=2611, unset)         0.748     5.748    u_ecc/u_core/clk_i
    SLICE_X84Y45         FDCE                                         r  u_ecc/u_core/hdc_src0_q_reg[1][19]/C
                         clock pessimism              0.000     5.748    
                         clock uncertainty           -0.035     5.712    
    SLICE_X84Y45         FDCE (Setup_fdce_C_CE)      -0.168     5.544    u_ecc/u_core/hdc_src0_q_reg[1][19]
  -------------------------------------------------------------------
                         required time                          5.544    
                         arrival time                          -5.275    
  -------------------------------------------------------------------
                         slack                                  0.270    

Slack (MET) :             0.270ns  (required time - arrival time)
  Source:                 u_ecc/u_core/ecc_pmul_subop_q_reg[0]/C
                            (rising edge-triggered cell FDCE clocked by clk_i  {rise@0.000ns fall@2.500ns period=5.000ns})
  Destination:            u_ecc/u_core/hdc_src0_q_reg[1][25]/CE
                            (rising edge-triggered cell FDCE clocked by clk_i  {rise@0.000ns fall@2.500ns period=5.000ns})
  Path Group:             clk_i
  Path Type:              Setup (Max at Slow Process Corner)
  Requirement:            5.000ns  (clk_i rise@5.000ns - clk_i rise@0.000ns)
  Data Path Delay:        4.488ns  (logic 1.137ns (25.336%)  route 3.351ns (74.664%))
  Logic Levels:           5  (LUT3=1 LUT6=4)
  Clock Path Skew:        -0.039ns (DCD - SCD + CPR)
    Destination Clock Delay (DCD):    0.748ns = ( 5.748 - 5.000 ) 
    Source Clock Delay      (SCD):    0.787ns
    Clock Pessimism Removal (CPR):    0.000ns
  Clock Uncertainty:      0.035ns  ((TSJ^2 + TIJ^2)^1/2 + DJ) / 2 + PE
    Total System Jitter     (TSJ):    0.071ns
    Total Input Jitter      (TIJ):    0.000ns
    Discrete Jitter          (DJ):    0.000ns
    Phase Error              (PE):    0.000ns

    Location             Delay type                Incr(ns)  Path(ns)    Netlist Resource(s)
  -------------------------------------------------------------------    -------------------
                         (clock clk_i rise edge)      0.000     0.000 r  
                                                      0.000     0.000 r  clk_i (IN)
                         net (fo=2611, unset)         0.787     0.787    u_ecc/u_core/clk_i
    SLICE_X46Y34         FDCE                                         r  u_ecc/u_core/ecc_pmul_subop_q_reg[0]/C
  -------------------------------------------------------------------    -------------------
    SLICE_X46Y34         FDCE (Prop_fdce_C_Q)         0.433     1.220 r  u_ecc/u_core/ecc_pmul_subop_q_reg[0]/Q
                         net (fo=60, routed)          0.606     1.826    u_ecc/u_core/subop[0]
    SLICE_X46Y35                                                      r  u_ecc/u_core/ecc_sqr_repeat_q[6]_i_11/I0
    SLICE_X46Y35         LUT3 (Prop_lut3_I0_O)        0.125     1.951 r  u_ecc/u_core/ecc_sqr_repeat_q[6]_i_11/O
                         net (fo=6, routed)           0.426     2.377    u_ecc/u_core/ecc_sqr_repeat_q[6]_i_11_n_0
    SLICE_X46Y36                                                      r  u_ecc/u_core/ecc_leaf_xor_a_q[31]_i_5/I0
    SLICE_X46Y36         LUT6 (Prop_lut6_I0_O)        0.264     2.641 f  u_ecc/u_core/ecc_leaf_xor_a_q[31]_i_5/O
                         net (fo=15, routed)          0.272     2.913    u_ecc/u_core/ecc_leaf_xor_a_q[31]_i_5_n_0
    SLICE_X47Y36                                                      f  u_ecc/u_core/hdc_src0_q[3][63]_i_6/I5
    SLICE_X47Y36         LUT6 (Prop_lut6_I5_O)        0.105     3.018 r  u_ecc/u_core/hdc_src0_q[3][63]_i_6/O
                         net (fo=1, routed)           0.258     3.276    u_ecc/u_core/hdc_src0_q[3][63]_i_6_n_0
    SLICE_X47Y37                                                      r  u_ecc/u_core/hdc_src0_q[3][63]_i_3/I5
    SLICE_X47Y37         LUT6 (Prop_lut6_I5_O)        0.105     3.381 r  u_ecc/u_core/hdc_src0_q[3][63]_i_3/O
                         net (fo=4, routed)           0.836     4.217    u_ecc/u_core/hdc_src0_q[3][63]_i_3_n_0
    SLICE_X78Y42                                                      r  u_ecc/u_core/hdc_src0_q[1][63]_i_1/I5
    SLICE_X78Y42         LUT6 (Prop_lut6_I5_O)        0.105     4.322 r  u_ecc/u_core/hdc_src0_q[1][63]_i_1/O
                         net (fo=128, routed)         0.953     5.275    u_ecc/u_core/hdc_src0_q[1][63]_i_1_n_0
    SLICE_X84Y46         FDCE                                         r  u_ecc/u_core/hdc_src0_q_reg[1][25]/CE
  -------------------------------------------------------------------    -------------------

                         (clock clk_i rise edge)      5.000     5.000 r  
                                                      0.000     5.000 r  clk_i (IN)
                         net (fo=2611, unset)         0.748     5.748    u_ecc/u_core/clk_i
    SLICE_X84Y46         FDCE                                         r  u_ecc/u_core/hdc_src0_q_reg[1][25]/C
                         clock pessimism              0.000     5.748    
                         clock uncertainty           -0.035     5.712    
    SLICE_X84Y46         FDCE (Setup_fdce_C_CE)      -0.168     5.544    u_ecc/u_core/hdc_src0_q_reg[1][25]
  -------------------------------------------------------------------
                         required time                          5.544    
                         arrival time                          -5.275    
  -------------------------------------------------------------------
                         slack                                  0.270    

Slack (MET) :             0.270ns  (required time - arrival time)
  Source:                 u_ecc/u_core/ecc_pmul_subop_q_reg[0]/C
                            (rising edge-triggered cell FDCE clocked by clk_i  {rise@0.000ns fall@2.500ns period=5.000ns})
  Destination:            u_ecc/u_core/hdc_src0_q_reg[1][5]/CE
                            (rising edge-triggered cell FDCE clocked by clk_i  {rise@0.000ns fall@2.500ns period=5.000ns})
  Path Group:             clk_i
  Path Type:              Setup (Max at Slow Process Corner)
  Requirement:            5.000ns  (clk_i rise@5.000ns - clk_i rise@0.000ns)
  Data Path Delay:        4.488ns  (logic 1.137ns (25.336%)  route 3.351ns (74.664%))
  Logic Levels:           5  (LUT3=1 LUT6=4)
  Clock Path Skew:        -0.039ns (DCD - SCD + CPR)
    Destination Clock Delay (DCD):    0.748ns = ( 5.748 - 5.000 ) 
    Source Clock Delay      (SCD):    0.787ns
    Clock Pessimism Removal (CPR):    0.000ns
  Clock Uncertainty:      0.035ns  ((TSJ^2 + TIJ^2)^1/2 + DJ) / 2 + PE
    Total System Jitter     (TSJ):    0.071ns
    Total Input Jitter      (TIJ):    0.000ns
    Discrete Jitter          (DJ):    0.000ns
    Phase Error              (PE):    0.000ns

    Location             Delay type                Incr(ns)  Path(ns)    Netlist Resource(s)
  -------------------------------------------------------------------    -------------------
                         (clock clk_i rise edge)      0.000     0.000 r  
                                                      0.000     0.000 r  clk_i (IN)
                         net (fo=2611, unset)         0.787     0.787    u_ecc/u_core/clk_i
    SLICE_X46Y34         FDCE                                         r  u_ecc/u_core/ecc_pmul_subop_q_reg[0]/C
  -------------------------------------------------------------------    -------------------
    SLICE_X46Y34         FDCE (Prop_fdce_C_Q)         0.433     1.220 r  u_ecc/u_core/ecc_pmul_subop_q_reg[0]/Q
                         net (fo=60, routed)          0.606     1.826    u_ecc/u_core/subop[0]
    SLICE_X46Y35                                                      r  u_ecc/u_core/ecc_sqr_repeat_q[6]_i_11/I0
    SLICE_X46Y35         LUT3 (Prop_lut3_I0_O)        0.125     1.951 r  u_ecc/u_core/ecc_sqr_repeat_q[6]_i_11/O
                         net (fo=6, routed)           0.426     2.377    u_ecc/u_core/ecc_sqr_repeat_q[6]_i_11_n_0
    SLICE_X46Y36                                                      r  u_ecc/u_core/ecc_leaf_xor_a_q[31]_i_5/I0
    SLICE_X46Y36         LUT6 (Prop_lut6_I0_O)        0.264     2.641 f  u_ecc/u_core/ecc_leaf_xor_a_q[31]_i_5/O
                         net (fo=15, routed)          0.272     2.913    u_ecc/u_core/ecc_leaf_xor_a_q[31]_i_5_n_0
    SLICE_X47Y36                                                      f  u_ecc/u_core/hdc_src0_q[3][63]_i_6/I5
    SLICE_X47Y36         LUT6 (Prop_lut6_I5_O)        0.105     3.018 r  u_ecc/u_core/hdc_src0_q[3][63]_i_6/O
                         net (fo=1, routed)           0.258     3.276    u_ecc/u_core/hdc_src0_q[3][63]_i_6_n_0
    SLICE_X47Y37                                                      r  u_ecc/u_core/hdc_src0_q[3][63]_i_3/I5
    SLICE_X47Y37         LUT6 (Prop_lut6_I5_O)        0.105     3.381 r  u_ecc/u_core/hdc_src0_q[3][63]_i_3/O
                         net (fo=4, routed)           0.836     4.217    u_ecc/u_core/hdc_src0_q[3][63]_i_3_n_0
    SLICE_X78Y42                                                      r  u_ecc/u_core/hdc_src0_q[1][63]_i_1/I5
    SLICE_X78Y42         LUT6 (Prop_lut6_I5_O)        0.105     4.322 r  u_ecc/u_core/hdc_src0_q[1][63]_i_1/O
                         net (fo=128, routed)         0.953     5.275    u_ecc/u_core/hdc_src0_q[1][63]_i_1_n_0
    SLICE_X84Y46         FDCE                                         r  u_ecc/u_core/hdc_src0_q_reg[1][5]/CE
  -------------------------------------------------------------------    -------------------

                         (clock clk_i rise edge)      5.000     5.000 r  
                                                      0.000     5.000 r  clk_i (IN)
                         net (fo=2611, unset)         0.748     5.748    u_ecc/u_core/clk_i
    SLICE_X84Y46         FDCE                                         r  u_ecc/u_core/hdc_src0_q_reg[1][5]/C
                         clock pessimism              0.000     5.748    
                         clock uncertainty           -0.035     5.712    
    SLICE_X84Y46         FDCE (Setup_fdce_C_CE)      -0.168     5.544    u_ecc/u_core/hdc_src0_q_reg[1][5]
  -------------------------------------------------------------------
                         required time                          5.544    
                         arrival time                          -5.275    
  -------------------------------------------------------------------
                         slack                                  0.270    

Slack (MET) :             0.270ns  (required time - arrival time)
  Source:                 u_ecc/u_core/ecc_leaf_path_q_reg[3]/C
                            (rising edge-triggered cell FDCE clocked by clk_i  {rise@0.000ns fall@2.500ns period=5.000ns})
  Destination:            u_ecc/u_core/i_vec/payload_q_reg[3][26]/D
                            (rising edge-triggered cell FDCE clocked by clk_i  {rise@0.000ns fall@2.500ns period=5.000ns})
  Path Group:             clk_i
  Path Type:              Setup (Max at Slow Process Corner)
  Requirement:            5.000ns  (clk_i rise@5.000ns - clk_i rise@0.000ns)
  Data Path Delay:        4.685ns  (logic 1.009ns (21.535%)  route 3.676ns (78.465%))
  Logic Levels:           6  (LUT2=1 LUT3=2 LUT4=1 LUT5=1 LUT6=1)
  Clock Path Skew:        -0.039ns (DCD - SCD + CPR)
    Destination Clock Delay (DCD):    0.748ns = ( 5.748 - 5.000 ) 
    Source Clock Delay      (SCD):    0.787ns
    Clock Pessimism Removal (CPR):    0.000ns
  Clock Uncertainty:      0.035ns  ((TSJ^2 + TIJ^2)^1/2 + DJ) / 2 + PE
    Total System Jitter     (TSJ):    0.071ns
    Total Input Jitter      (TIJ):    0.000ns
    Discrete Jitter          (DJ):    0.000ns
    Phase Error              (PE):    0.000ns

    Location             Delay type                Incr(ns)  Path(ns)    Netlist Resource(s)
  -------------------------------------------------------------------    -------------------
                         (clock clk_i rise edge)      0.000     0.000 r  
                                                      0.000     0.000 r  clk_i (IN)
                         net (fo=2611, unset)         0.787     0.787    u_ecc/u_core/clk_i
    SLICE_X69Y43         FDCE                                         r  u_ecc/u_core/ecc_leaf_path_q_reg[3]/C
  -------------------------------------------------------------------    -------------------
    SLICE_X69Y43         FDCE (Prop_fdce_C_Q)         0.379     1.166 f  u_ecc/u_core/ecc_leaf_path_q_reg[3]/Q
                         net (fo=109, routed)         0.721     1.887    u_ecc/u_core/path[3]
    SLICE_X63Y43                                                      f  u_ecc/u_core/i_vec_i_298/I2
    SLICE_X63Y43         LUT4 (Prop_lut4_I2_O)        0.105     1.992 f  u_ecc/u_core/i_vec_i_298/O
                         net (fo=111, routed)         0.239     2.231    u_ecc/u_core/i_vec_i_298_n_0
    SLICE_X63Y43                                                      f  u_ecc/u_core/i_vec_i_293/I0
    SLICE_X63Y43         LUT3 (Prop_lut3_I0_O)        0.105     2.336 f  u_ecc/u_core/i_vec_i_293/O
                         net (fo=1, routed)           0.257     2.593    u_ecc/u_core/i_vec_i_293_n_0
    SLICE_X64Y42                                                      f  u_ecc/u_core/i_vec_i_2/I4
    SLICE_X64Y42         LUT6 (Prop_lut6_I4_O)        0.105     2.698 r  u_ecc/u_core/i_vec_i_2/O
                         net (fo=769, routed)         1.368     4.066    u_ecc/u_core/i_vec/payload_product_i
    SLICE_X50Y35                                                      r  u_ecc/u_core/i_vec/i_gf2_contribution_row_tile_i_38/I1
    SLICE_X50Y35         LUT3 (Prop_lut3_I1_O)        0.105     4.171 r  u_ecc/u_core/i_vec/i_gf2_contribution_row_tile_i_38/O
                         net (fo=1, routed)           0.645     4.816    u_ecc/u_core/i_vec/i_gf2_contribution_row_tile/matrix_src_a_i[6][26]
    SLICE_X50Y37                                                      r  u_ecc/u_core/i_vec/i_gf2_contribution_row_tile/matrix_product_o[6][26]_INST_0/I0
    SLICE_X50Y37         LUT2 (Prop_lut2_I0_O)        0.105     4.921 r  u_ecc/u_core/i_vec/i_gf2_contribution_row_tile/matrix_product_o[6][26]_INST_0/O
                         net (fo=1, routed)           0.446     5.367    u_ecc/u_core/i_vec/tile_product_word[3][26]
    SLICE_X56Y36                                                      r  u_ecc/u_core/i_vec/payload_q[3][26]_i_1/I4
    SLICE_X56Y36         LUT5 (Prop_lut5_I4_O)        0.105     5.472 r  u_ecc/u_core/i_vec/payload_q[3][26]_i_1/O
                         net (fo=1, routed)           0.000     5.472    u_ecc/u_core/i_vec/payload_q[3][26]_i_1_n_0
    SLICE_X56Y36         FDCE                                         r  u_ecc/u_core/i_vec/payload_q_reg[3][26]/D
  -------------------------------------------------------------------    -------------------

                         (clock clk_i rise edge)      5.000     5.000 r  
                                                      0.000     5.000 r  clk_i (IN)
                         net (fo=2611, unset)         0.748     5.748    u_ecc/u_core/i_vec/clk_i
    SLICE_X56Y36         FDCE                                         r  u_ecc/u_core/i_vec/payload_q_reg[3][26]/C
                         clock pessimism              0.000     5.748    
                         clock uncertainty           -0.035     5.712    
    SLICE_X56Y36         FDCE (Setup_fdce_C_D)        0.030     5.742    u_ecc/u_core/i_vec/payload_q_reg[3][26]
  -------------------------------------------------------------------
                         required time                          5.742    
                         arrival time                          -5.472    
  -------------------------------------------------------------------
                         slack                                  0.270    

Slack (MET) :             0.272ns  (required time - arrival time)
  Source:                 u_ecc/u_core/FSM_onehot_st_q_reg[26]/C
                            (rising edge-triggered cell FDCE clocked by clk_i  {rise@0.000ns fall@2.500ns period=5.000ns})
  Destination:            u_ecc/u_core/hdc_src0_q_reg[3][4]/D
                            (rising edge-triggered cell FDCE clocked by clk_i  {rise@0.000ns fall@2.500ns period=5.000ns})
  Path Group:             clk_i
  Path Type:              Setup (Max at Slow Process Corner)
  Requirement:            5.000ns  (clk_i rise@5.000ns - clk_i rise@0.000ns)
  Data Path Delay:        4.684ns  (logic 1.092ns (23.316%)  route 3.592ns (76.684%))
  Logic Levels:           5  (LUT2=1 LUT5=1 LUT6=3)
  Clock Path Skew:        -0.039ns (DCD - SCD + CPR)
    Destination Clock Delay (DCD):    0.748ns = ( 5.748 - 5.000 ) 
    Source Clock Delay      (SCD):    0.787ns
    Clock Pessimism Removal (CPR):    0.000ns
  Clock Uncertainty:      0.035ns  ((TSJ^2 + TIJ^2)^1/2 + DJ) / 2 + PE
    Total System Jitter     (TSJ):    0.071ns
    Total Input Jitter      (TIJ):    0.000ns
    Discrete Jitter          (DJ):    0.000ns
    Phase Error              (PE):    0.000ns

    Location             Delay type                Incr(ns)  Path(ns)    Netlist Resource(s)
  -------------------------------------------------------------------    -------------------
                         (clock clk_i rise edge)      0.000     0.000 r  
                                                      0.000     0.000 r  clk_i (IN)
                         net (fo=2611, unset)         0.787     0.787    u_ecc/u_core/clk_i
    SLICE_X79Y45         FDCE                                         r  u_ecc/u_core/FSM_onehot_st_q_reg[26]/C
  -------------------------------------------------------------------    -------------------
    SLICE_X79Y45         FDCE (Prop_fdce_C_Q)         0.379     1.166 r  u_ecc/u_core/FSM_onehot_st_q_reg[26]/Q
                         net (fo=296, routed)         1.361     2.527    u_ecc/u_core/FSM_onehot_st_q_reg_n_0_[26]
    SLICE_X86Y48                                                      r  u_ecc/u_core/i_vec_i_756/I0
    SLICE_X86Y48         LUT6 (Prop_lut6_I0_O)        0.105     2.632 r  u_ecc/u_core/i_vec_i_756/O
                         net (fo=7, routed)           0.557     3.189    u_ecc/u_core/i_vec_i_756_n_0
    SLICE_X79Y45                                                      r  u_ecc/u_core/i_vec_i_402/I0
    SLICE_X79Y45         LUT6 (Prop_lut6_I0_O)        0.105     3.294 r  u_ecc/u_core/i_vec_i_402/O
                         net (fo=2, routed)           0.535     3.829    u_ecc/u_core/i_vec_i_402_n_0
    SLICE_X75Y42                                                      r  u_ecc/u_core/i_vec_i_95/I4
    SLICE_X75Y42         LUT5 (Prop_lut5_I4_O)        0.105     3.934 r  u_ecc/u_core/i_vec_i_95/O
                         net (fo=2, routed)           0.781     4.714    u_ecc/u_core/i_vec/xor0_contribution_packet_i[3][4]
    SLICE_X60Y37                                                      r  u_ecc/u_core/i_vec/xor0_field_packet_o[196]_INST_0/I0
    SLICE_X60Y37         LUT2 (Prop_lut2_I0_O)        0.124     4.838 r  u_ecc/u_core/i_vec/xor0_field_packet_o[196]_INST_0/O
                         net (fo=1, routed)           0.358     5.197    u_ecc/u_core/xor0_field_packet[196]
    SLICE_X60Y37                                                      r  u_ecc/u_core/hdc_src0_q[3][4]_i_1/I4
    SLICE_X60Y37         LUT6 (Prop_lut6_I4_O)        0.274     5.471 r  u_ecc/u_core/hdc_src0_q[3][4]_i_1/O
                         net (fo=1, routed)           0.000     5.471    u_ecc/u_core/hdc_src0_q[3][4]_i_1_n_0
    SLICE_X60Y37         FDCE                                         r  u_ecc/u_core/hdc_src0_q_reg[3][4]/D
  -------------------------------------------------------------------    -------------------

                         (clock clk_i rise edge)      5.000     5.000 r  
                                                      0.000     5.000 r  clk_i (IN)
                         net (fo=2611, unset)         0.748     5.748    u_ecc/u_core/clk_i
    SLICE_X60Y37         FDCE                                         r  u_ecc/u_core/hdc_src0_q_reg[3][4]/C
                         clock pessimism              0.000     5.748    
                         clock uncertainty           -0.035     5.712    
    SLICE_X60Y37         FDCE (Setup_fdce_C_D)        0.030     5.742    u_ecc/u_core/hdc_src0_q_reg[3][4]
  -------------------------------------------------------------------
                         required time                          5.742    
                         arrival time                          -5.471    
  -------------------------------------------------------------------
                         slack                                  0.272    

Slack (MET) :             0.273ns  (required time - arrival time)
  Source:                 u_hdc/u_core/i_vec/popcount_part_q_reg[2][1][0]/C
                            (rising edge-triggered cell FDCE clocked by clk_i  {rise@0.000ns fall@2.500ns period=5.000ns})
  Destination:            u_hdc/u_core/group_dist_q_reg[6]/D
                            (rising edge-triggered cell FDCE clocked by clk_i  {rise@0.000ns fall@2.500ns period=5.000ns})
  Path Group:             clk_i
  Path Type:              Setup (Max at Slow Process Corner)
  Requirement:            5.000ns  (clk_i rise@5.000ns - clk_i rise@0.000ns)
  Data Path Delay:        4.712ns  (logic 2.051ns (43.532%)  route 2.661ns (56.468%))
  Logic Levels:           6  (CARRY4=3 LUT3=2 LUT5=1)
  Clock Path Skew:        -0.039ns (DCD - SCD + CPR)
    Destination Clock Delay (DCD):    0.748ns = ( 5.748 - 5.000 ) 
    Source Clock Delay      (SCD):    0.787ns
    Clock Pessimism Removal (CPR):    0.000ns
  Clock Uncertainty:      0.035ns  ((TSJ^2 + TIJ^2)^1/2 + DJ) / 2 + PE
    Total System Jitter     (TSJ):    0.071ns
    Total Input Jitter      (TIJ):    0.000ns
    Discrete Jitter          (DJ):    0.000ns
    Phase Error              (PE):    0.000ns

    Location             Delay type                Incr(ns)  Path(ns)    Netlist Resource(s)
  -------------------------------------------------------------------    -------------------
                         (clock clk_i rise edge)      0.000     0.000 r  
                                                      0.000     0.000 r  clk_i (IN)
                         net (fo=2611, unset)         0.787     0.787    u_hdc/u_core/i_vec/clk_i
    SLICE_X80Y15         FDCE                                         r  u_hdc/u_core/i_vec/popcount_part_q_reg[2][1][0]/C
  -------------------------------------------------------------------    -------------------
    SLICE_X80Y15         FDCE (Prop_fdce_C_Q)         0.379     1.166 r  u_hdc/u_core/i_vec/popcount_part_q_reg[2][1][0]/Q
                         net (fo=3, routed)           0.485     1.651    u_hdc/u_core/vec_popcount_q[2][1][0]
    SLICE_X80Y14                                                      r  u_hdc/u_core/group_dist_q[7]_i_28/I0
    SLICE_X80Y14         LUT3 (Prop_lut3_I0_O)        0.105     1.756 r  u_hdc/u_core/group_dist_q[7]_i_28/O
                         net (fo=1, routed)           0.378     2.134    u_hdc/u_core/group_dist_q[7]_i_28_n_0
    SLICE_X79Y14                                                      r  u_hdc/u_core/group_dist_q_reg[7]_i_12/DI[1]
    SLICE_X79Y14         CARRY4 (Prop_carry4_DI[1]_CO[3])
                                                      0.418     2.552 r  u_hdc/u_core/group_dist_q_reg[7]_i_12/CO[3]
                         net (fo=1, routed)           0.000     2.552    u_hdc/u_core/group_dist_q_reg[7]_i_12_n_0
    SLICE_X79Y15                                                      r  u_hdc/u_core/group_dist_q_reg[8]_i_3/CI
    SLICE_X79Y15         CARRY4 (Prop_carry4_CI_O[0])
                                                      0.180     2.732 r  u_hdc/u_core/group_dist_q_reg[8]_i_3/O[0]
                         net (fo=4, routed)           1.082     3.814    u_hdc/u_core/group_dist_q_reg[8]_i_3_n_7
    SLICE_X61Y13                                                      r  u_hdc/u_core/group_dist_q[7]_i_13/I1
    SLICE_X61Y13         LUT3 (Prop_lut3_I1_O)        0.249     4.063 r  u_hdc/u_core/group_dist_q[7]_i_13/O
                         net (fo=1, routed)           0.317     4.380    u_hdc/u_core/group_dist_q[7]_i_13_n_0
    SLICE_X61Y13                                                      r  u_hdc/u_core/group_dist_q[7]_i_4/I3
    SLICE_X61Y13         LUT5 (Prop_lut5_I3_O)        0.108     4.488 r  u_hdc/u_core/group_dist_q[7]_i_4/O
                         net (fo=1, routed)           0.398     4.887    u_hdc/u_core/group_dist_q[7]_i_4_n_0
    SLICE_X60Y12                                                      r  u_hdc/u_core/group_dist_q_reg[7]_i_1/DI[1]
    SLICE_X60Y12         CARRY4 (Prop_carry4_DI[1]_O[2])
                                                      0.612     5.499 r  u_hdc/u_core/group_dist_q_reg[7]_i_1/O[2]
                         net (fo=1, routed)           0.000     5.499    u_hdc/u_core/group_dist_sum[6]
    SLICE_X60Y12         FDCE                                         r  u_hdc/u_core/group_dist_q_reg[6]/D
  -------------------------------------------------------------------    -------------------

                         (clock clk_i rise edge)      5.000     5.000 r  
                                                      0.000     5.000 r  clk_i (IN)
                         net (fo=2611, unset)         0.748     5.748    u_hdc/u_core/clk_i
    SLICE_X60Y12         FDCE                                         r  u_hdc/u_core/group_dist_q_reg[6]/C
                         clock pessimism              0.000     5.748    
                         clock uncertainty           -0.035     5.712    
    SLICE_X60Y12         FDCE (Setup_fdce_C_D)        0.059     5.771    u_hdc/u_core/group_dist_q_reg[6]
  -------------------------------------------------------------------
                         required time                          5.771    
                         arrival time                          -5.499    
  -------------------------------------------------------------------
                         slack                                  0.273    

Slack (MET) :             0.273ns  (required time - arrival time)
  Source:                 u_ecc/u_core/ecc_leaf_path_q_reg[3]/C
                            (rising edge-triggered cell FDCE clocked by clk_i  {rise@0.000ns fall@2.500ns period=5.000ns})
  Destination:            u_ecc/u_core/hdc_src0_q_reg[1][40]/D
                            (rising edge-triggered cell FDCE clocked by clk_i  {rise@0.000ns fall@2.500ns period=5.000ns})
  Path Group:             clk_i
  Path Type:              Setup (Max at Slow Process Corner)
  Requirement:            5.000ns  (clk_i rise@5.000ns - clk_i rise@0.000ns)
  Data Path Delay:        4.728ns  (logic 1.212ns (25.635%)  route 3.516ns (74.365%))
  Logic Levels:           6  (LUT2=1 LUT4=2 LUT5=2 LUT6=1)
  Clock Path Skew:        -0.039ns (DCD - SCD + CPR)
    Destination Clock Delay (DCD):    0.748ns = ( 5.748 - 5.000 ) 
    Source Clock Delay      (SCD):    0.787ns
    Clock Pessimism Removal (CPR):    0.000ns
  Clock Uncertainty:      0.035ns  ((TSJ^2 + TIJ^2)^1/2 + DJ) / 2 + PE
    Total System Jitter     (TSJ):    0.071ns
    Total Input Jitter      (TIJ):    0.000ns
    Discrete Jitter          (DJ):    0.000ns
    Phase Error              (PE):    0.000ns

    Location             Delay type                Incr(ns)  Path(ns)    Netlist Resource(s)
  -------------------------------------------------------------------    -------------------
                         (clock clk_i rise edge)      0.000     0.000 r  
                                                      0.000     0.000 r  clk_i (IN)
                         net (fo=2611, unset)         0.787     0.787    u_ecc/u_core/clk_i
    SLICE_X69Y43         FDCE                                         r  u_ecc/u_core/ecc_leaf_path_q_reg[3]/C
  -------------------------------------------------------------------    -------------------
    SLICE_X69Y43         FDCE (Prop_fdce_C_Q)         0.379     1.166 r  u_ecc/u_core/ecc_leaf_path_q_reg[3]/Q
                         net (fo=109, routed)         0.721     1.887    u_ecc/u_core/path[3]
    SLICE_X63Y43                                                      r  u_ecc/u_core/i_vec_i_298/I2
    SLICE_X63Y43         LUT4 (Prop_lut4_I2_O)        0.105     1.992 r  u_ecc/u_core/i_vec_i_298/O
                         net (fo=111, routed)         1.329     3.322    u_ecc/u_core/i_vec_i_298_n_0
    SLICE_X89Y47                                                      r  u_ecc/u_core/i_vec_i_838/I2
    SLICE_X89Y47         LUT4 (Prop_lut4_I2_O)        0.105     3.427 r  u_ecc/u_core/i_vec_i_838/O
                         net (fo=2, routed)           0.124     3.550    u_ecc/u_core/i_vec_i_838_n_0
    SLICE_X89Y47                                                      r  u_ecc/u_core/i_vec_i_634/I0
    SLICE_X89Y47         LUT5 (Prop_lut5_I0_O)        0.105     3.655 r  u_ecc/u_core/i_vec_i_634/O
                         net (fo=2, routed)           0.432     4.088    u_ecc/u_core/i_vec_i_634_n_0
    SLICE_X86Y40                                                      r  u_ecc/u_core/i_vec_i_187/I4
    SLICE_X86Y40         LUT5 (Prop_lut5_I4_O)        0.105     4.193 r  u_ecc/u_core/i_vec_i_187/O
                         net (fo=2, routed)           0.550     4.743    u_ecc/u_core/i_vec/xor0_contribution_packet_i[1][40]
    SLICE_X86Y38                                                      r  u_ecc/u_core/i_vec/xor0_field_packet_o[104]_INST_0/I0
    SLICE_X86Y38         LUT2 (Prop_lut2_I0_O)        0.127     4.870 r  u_ecc/u_core/i_vec/xor0_field_packet_o[104]_INST_0/O
                         net (fo=1, routed)           0.359     5.229    u_ecc/u_core/xor0_field_packet[104]
    SLICE_X86Y38                                                      r  u_ecc/u_core/hdc_src0_q[1][40]_i_1/I4
    SLICE_X86Y38         LUT6 (Prop_lut6_I4_O)        0.286     5.515 r  u_ecc/u_core/hdc_src0_q[1][40]_i_1/O
                         net (fo=1, routed)           0.000     5.515    u_ecc/u_core/hdc_src0_q[1][40]_i_1_n_0
    SLICE_X86Y38         FDCE                                         r  u_ecc/u_core/hdc_src0_q_reg[1][40]/D
  -------------------------------------------------------------------    -------------------

                         (clock clk_i rise edge)      5.000     5.000 r  
                                                      0.000     5.000 r  clk_i (IN)
                         net (fo=2611, unset)         0.748     5.748    u_ecc/u_core/clk_i
    SLICE_X86Y38         FDCE                                         r  u_ecc/u_core/hdc_src0_q_reg[1][40]/C
                         clock pessimism              0.000     5.748    
                         clock uncertainty           -0.035     5.712    
    SLICE_X86Y38         FDCE (Setup_fdce_C_D)        0.076     5.788    u_ecc/u_core/hdc_src0_q_reg[1][40]
  -------------------------------------------------------------------
                         required time                          5.788    
                         arrival time                          -5.515    
  -------------------------------------------------------------------
                         slack                                  0.273    

Slack (MET) :             0.276ns  (required time - arrival time)
  Source:                 u_hdc/u_core/hperm_lane_slot_q_reg[0]/C
                            (rising edge-triggered cell FDCE clocked by clk_i  {rise@0.000ns fall@2.500ns period=5.000ns})
  Destination:            u_hdc/u_core/hperm_stage_q_reg[35]/D
                            (rising edge-triggered cell FDCE clocked by clk_i  {rise@0.000ns fall@2.500ns period=5.000ns})
  Path Group:             clk_i
  Path Type:              Setup (Max at Slow Process Corner)
  Requirement:            5.000ns  (clk_i rise@5.000ns - clk_i rise@0.000ns)
  Data Path Delay:        4.719ns  (logic 0.923ns (19.560%)  route 3.796ns (80.440%))
  Logic Levels:           5  (LUT2=1 LUT3=1 LUT6=3)
  Clock Path Skew:        -0.039ns (DCD - SCD + CPR)
    Destination Clock Delay (DCD):    0.748ns = ( 5.748 - 5.000 ) 
    Source Clock Delay      (SCD):    0.787ns
    Clock Pessimism Removal (CPR):    0.000ns
  Clock Uncertainty:      0.035ns  ((TSJ^2 + TIJ^2)^1/2 + DJ) / 2 + PE
    Total System Jitter     (TSJ):    0.071ns
    Total Input Jitter      (TIJ):    0.000ns
    Discrete Jitter          (DJ):    0.000ns
    Phase Error              (PE):    0.000ns

    Location             Delay type                Incr(ns)  Path(ns)    Netlist Resource(s)
  -------------------------------------------------------------------    -------------------
                         (clock clk_i rise edge)      0.000     0.000 r  
                                                      0.000     0.000 r  clk_i (IN)
                         net (fo=2611, unset)         0.787     0.787    u_hdc/u_core/clk_i
    SLICE_X65Y11         FDCE                                         r  u_hdc/u_core/hperm_lane_slot_q_reg[0]/C
  -------------------------------------------------------------------    -------------------
    SLICE_X65Y11         FDCE (Prop_fdce_C_Q)         0.379     1.166 r  u_hdc/u_core/hperm_lane_slot_q_reg[0]/Q
                         net (fo=14, routed)          0.694     1.860    u_hdc/u_core/hperm_lane_slot_q[0]
    SLICE_X64Y12                                                      r  u_hdc/u_core/hperm_stage_q[70]_i_25/I0
    SLICE_X64Y12         LUT2 (Prop_lut2_I0_O)        0.105     1.965 r  u_hdc/u_core/hperm_stage_q[70]_i_25/O
                         net (fo=138, routed)         1.152     3.117    u_hdc/u_core/hperm_stage_q[70]_i_25_n_0
    SLICE_X79Y20                                                      r  u_hdc/u_core/hperm_stage_q[67]_i_20/I3
    SLICE_X79Y20         LUT6 (Prop_lut6_I3_O)        0.105     3.222 f  u_hdc/u_core/hperm_stage_q[67]_i_20/O
                         net (fo=1, routed)           0.509     3.731    u_hdc/u_core/hperm_stage_q[67]_i_20_n_0
    SLICE_X76Y16                                                      f  u_hdc/u_core/hperm_stage_q[67]_i_11/I4
    SLICE_X76Y16         LUT6 (Prop_lut6_I4_O)        0.105     3.836 r  u_hdc/u_core/hperm_stage_q[67]_i_11/O
                         net (fo=4, routed)           0.796     4.632    u_hdc/u_core/hperm_stage_q[67]_i_11_n_0
    SLICE_X77Y19                                                      r  u_hdc/u_core/hperm_stage_q[67]_i_4/I3
    SLICE_X77Y19         LUT6 (Prop_lut6_I3_O)        0.105     4.737 r  u_hdc/u_core/hperm_stage_q[67]_i_4/O
                         net (fo=2, routed)           0.645     5.382    u_hdc/u_core/hperm_stage_q[67]_i_4_n_0
    SLICE_X76Y17                                                      r  u_hdc/u_core/hperm_stage_q[35]_i_1/I1
    SLICE_X76Y17         LUT3 (Prop_lut3_I1_O)        0.124     5.506 r  u_hdc/u_core/hperm_stage_q[35]_i_1/O
                         net (fo=1, routed)           0.000     5.506    u_hdc/u_core/hperm_byte_window[35]
    SLICE_X76Y17         FDCE                                         r  u_hdc/u_core/hperm_stage_q_reg[35]/D
  -------------------------------------------------------------------    -------------------

                         (clock clk_i rise edge)      5.000     5.000 r  
                                                      0.000     5.000 r  clk_i (IN)
                         net (fo=2611, unset)         0.748     5.748    u_hdc/u_core/clk_i
    SLICE_X76Y17         FDCE                                         r  u_hdc/u_core/hperm_stage_q_reg[35]/C
                         clock pessimism              0.000     5.748    
                         clock uncertainty           -0.035     5.712    
    SLICE_X76Y17         FDCE (Setup_fdce_C_D)        0.069     5.781    u_hdc/u_core/hperm_stage_q_reg[35]
  -------------------------------------------------------------------
                         required time                          5.781    
                         arrival time                          -5.506    
  -------------------------------------------------------------------
                         slack                                  0.276    

Slack (MET) :             0.276ns  (required time - arrival time)
  Source:                 u_ecc/u_core/ecc_pmul_subop_q_reg[0]/C
                            (rising edge-triggered cell FDCE clocked by clk_i  {rise@0.000ns fall@2.500ns period=5.000ns})
  Destination:            u_ecc/u_core/hdc_src0_q_reg[2][43]/CE
                            (rising edge-triggered cell FDCE clocked by clk_i  {rise@0.000ns fall@2.500ns period=5.000ns})
  Path Group:             clk_i
  Path Type:              Setup (Max at Slow Process Corner)
  Requirement:            5.000ns  (clk_i rise@5.000ns - clk_i rise@0.000ns)
  Data Path Delay:        4.482ns  (logic 1.137ns (25.370%)  route 3.345ns (74.630%))
  Logic Levels:           5  (LUT2=1 LUT3=1 LUT6=3)
  Clock Path Skew:        -0.039ns (DCD - SCD + CPR)
    Destination Clock Delay (DCD):    0.748ns = ( 5.748 - 5.000 ) 
    Source Clock Delay      (SCD):    0.787ns
    Clock Pessimism Removal (CPR):    0.000ns
  Clock Uncertainty:      0.035ns  ((TSJ^2 + TIJ^2)^1/2 + DJ) / 2 + PE
    Total System Jitter     (TSJ):    0.071ns
    Total Input Jitter      (TIJ):    0.000ns
    Discrete Jitter          (DJ):    0.000ns
    Phase Error              (PE):    0.000ns

    Location             Delay type                Incr(ns)  Path(ns)    Netlist Resource(s)
  -------------------------------------------------------------------    -------------------
                         (clock clk_i rise edge)      0.000     0.000 r  
                                                      0.000     0.000 r  clk_i (IN)
                         net (fo=2611, unset)         0.787     0.787    u_ecc/u_core/clk_i
    SLICE_X46Y34         FDCE                                         r  u_ecc/u_core/ecc_pmul_subop_q_reg[0]/C
  -------------------------------------------------------------------    -------------------
    SLICE_X46Y34         FDCE (Prop_fdce_C_Q)         0.433     1.220 r  u_ecc/u_core/ecc_pmul_subop_q_reg[0]/Q
                         net (fo=60, routed)          0.606     1.826    u_ecc/u_core/subop[0]
    SLICE_X46Y35                                                      r  u_ecc/u_core/ecc_sqr_repeat_q[6]_i_11/I0
    SLICE_X46Y35         LUT3 (Prop_lut3_I0_O)        0.125     1.951 r  u_ecc/u_core/ecc_sqr_repeat_q[6]_i_11/O
                         net (fo=6, routed)           0.426     2.377    u_ecc/u_core/ecc_sqr_repeat_q[6]_i_11_n_0
    SLICE_X46Y36                                                      r  u_ecc/u_core/ecc_leaf_xor_a_q[31]_i_5/I0
    SLICE_X46Y36         LUT6 (Prop_lut6_I0_O)        0.264     2.641 f  u_ecc/u_core/ecc_leaf_xor_a_q[31]_i_5/O
                         net (fo=15, routed)          0.272     2.913    u_ecc/u_core/ecc_leaf_xor_a_q[31]_i_5_n_0
    SLICE_X47Y36                                                      f  u_ecc/u_core/hdc_src0_q[3][63]_i_6/I5
    SLICE_X47Y36         LUT6 (Prop_lut6_I5_O)        0.105     3.018 r  u_ecc/u_core/hdc_src0_q[3][63]_i_6/O
                         net (fo=1, routed)           0.258     3.276    u_ecc/u_core/hdc_src0_q[3][63]_i_6_n_0
    SLICE_X47Y37                                                      r  u_ecc/u_core/hdc_src0_q[3][63]_i_3/I5
    SLICE_X47Y37         LUT6 (Prop_lut6_I5_O)        0.105     3.381 r  u_ecc/u_core/hdc_src0_q[3][63]_i_3/O
                         net (fo=4, routed)           0.820     4.201    u_ecc/u_core/hdc_src0_q[3][63]_i_3_n_0
    SLICE_X63Y36                                                      r  u_ecc/u_core/hdc_src0_q[3][63]_i_1/I0
    SLICE_X63Y36         LUT2 (Prop_lut2_I0_O)        0.105     4.306 r  u_ecc/u_core/hdc_src0_q[3][63]_i_1/O
                         net (fo=116, routed)         0.963     5.269    u_ecc/u_core/hdc_src0_q
    SLICE_X78Y39         FDCE                                         r  u_ecc/u_core/hdc_src0_q_reg[2][43]/CE
  -------------------------------------------------------------------    -------------------

                         (clock clk_i rise edge)      5.000     5.000 r  
                                                      0.000     5.000 r  clk_i (IN)
                         net (fo=2611, unset)         0.748     5.748    u_ecc/u_core/clk_i
    SLICE_X78Y39         FDCE                                         r  u_ecc/u_core/hdc_src0_q_reg[2][43]/C
                         clock pessimism              0.000     5.748    
                         clock uncertainty           -0.035     5.712    
    SLICE_X78Y39         FDCE (Setup_fdce_C_CE)      -0.168     5.544    u_ecc/u_core/hdc_src0_q_reg[2][43]
  -------------------------------------------------------------------
                         required time                          5.544    
                         arrival time                          -5.269    
  -------------------------------------------------------------------
                         slack                                  0.276    

Slack (MET) :             0.276ns  (required time - arrival time)
  Source:                 u_hdc/u_core/hperm_lane_base_q_reg[0]/C
                            (rising edge-triggered cell FDCE clocked by clk_i  {rise@0.000ns fall@2.500ns period=5.000ns})
  Destination:            u_hdc/u_core/hperm_stage_q_reg[50]/D
                            (rising edge-triggered cell FDCE clocked by clk_i  {rise@0.000ns fall@2.500ns period=5.000ns})
  Path Group:             clk_i
  Path Type:              Setup (Max at Slow Process Corner)
  Requirement:            5.000ns  (clk_i rise@5.000ns - clk_i rise@0.000ns)
  Data Path Delay:        4.683ns  (logic 1.091ns (23.299%)  route 3.592ns (76.701%))
  Logic Levels:           5  (LUT4=1 LUT5=2 LUT6=2)
  Clock Path Skew:        -0.039ns (DCD - SCD + CPR)
    Destination Clock Delay (DCD):    0.748ns = ( 5.748 - 5.000 ) 
    Source Clock Delay      (SCD):    0.787ns
    Clock Pessimism Removal (CPR):    0.000ns
  Clock Uncertainty:      0.035ns  ((TSJ^2 + TIJ^2)^1/2 + DJ) / 2 + PE
    Total System Jitter     (TSJ):    0.071ns
    Total Input Jitter      (TIJ):    0.000ns
    Discrete Jitter          (DJ):    0.000ns
    Phase Error              (PE):    0.000ns

    Location             Delay type                Incr(ns)  Path(ns)    Netlist Resource(s)
  -------------------------------------------------------------------    -------------------
                         (clock clk_i rise edge)      0.000     0.000 r  
                                                      0.000     0.000 r  clk_i (IN)
                         net (fo=2611, unset)         0.787     0.787    u_hdc/u_core/clk_i
    SLICE_X65Y12         FDCE                                         r  u_hdc/u_core/hperm_lane_base_q_reg[0]/C
  -------------------------------------------------------------------    -------------------
    SLICE_X65Y12         FDCE (Prop_fdce_C_Q)         0.379     1.166 r  u_hdc/u_core/hperm_lane_base_q_reg[0]/Q
                         net (fo=7, routed)           0.564     1.730    u_hdc/u_core/hperm_lane_base_q[0]
    SLICE_X65Y12                                                      r  u_hdc/u_core/hperm_stage_q[70]_i_24/I0
    SLICE_X65Y12         LUT4 (Prop_lut4_I0_O)        0.105     1.835 f  u_hdc/u_core/hperm_stage_q[70]_i_24/O
                         net (fo=129, routed)         0.753     2.588    u_hdc/u_core/hperm_stage_q[70]_i_24_n_0
    SLICE_X64Y12                                                      f  u_hdc/u_core/hperm_stage_q[70]_i_14/I0
    SLICE_X64Y12         LUT5 (Prop_lut5_I0_O)        0.123     2.711 r  u_hdc/u_core/hperm_stage_q[70]_i_14/O
                         net (fo=127, routed)         1.061     3.772    u_hdc/u_core/hperm_stage_q[70]_i_14_n_0
    SLICE_X82Y11                                                      r  u_hdc/u_core/hperm_stage_q[66]_i_11/I5
    SLICE_X82Y11         LUT6 (Prop_lut6_I5_O)        0.274     4.046 f  u_hdc/u_core/hperm_stage_q[66]_i_11/O
                         net (fo=4, routed)           0.631     4.676    u_hdc/u_core/hperm_stage_q[66]_i_11_n_0
    SLICE_X78Y11                                                      f  u_hdc/u_core/hperm_stage_q[50]_i_3/I0
    SLICE_X78Y11         LUT6 (Prop_lut6_I0_O)        0.105     4.781 r  u_hdc/u_core/hperm_stage_q[50]_i_3/O
                         net (fo=2, routed)           0.583     5.365    u_hdc/u_core/hperm_stage_q[50]_i_3_n_0
    SLICE_X77Y12                                                      r  u_hdc/u_core/hperm_stage_q[50]_i_1/I4
    SLICE_X77Y12         LUT5 (Prop_lut5_I4_O)        0.105     5.470 r  u_hdc/u_core/hperm_stage_q[50]_i_1/O
                         net (fo=1, routed)           0.000     5.470    u_hdc/u_core/hperm_byte_window[50]
    SLICE_X77Y12         FDCE                                         r  u_hdc/u_core/hperm_stage_q_reg[50]/D
  -------------------------------------------------------------------    -------------------

                         (clock clk_i rise edge)      5.000     5.000 r  
                                                      0.000     5.000 r  clk_i (IN)
                         net (fo=2611, unset)         0.748     5.748    u_hdc/u_core/clk_i
    SLICE_X77Y12         FDCE                                         r  u_hdc/u_core/hperm_stage_q_reg[50]/C
                         clock pessimism              0.000     5.748    
                         clock uncertainty           -0.035     5.712    
    SLICE_X77Y12         FDCE (Setup_fdce_C_D)        0.033     5.745    u_hdc/u_core/hperm_stage_q_reg[50]
  -------------------------------------------------------------------
                         required time                          5.745    
                         arrival time                          -5.470    
  -------------------------------------------------------------------
                         slack                                  0.276    

Slack (MET) :             0.277ns  (required time - arrival time)
  Source:                 u_ecc/u_core/FSM_onehot_st_q_reg[24]/C
                            (rising edge-triggered cell FDCE clocked by clk_i  {rise@0.000ns fall@2.500ns period=5.000ns})
  Destination:            u_ecc/u_core/i_vec/payload_q_reg[1][26]/D
                            (rising edge-triggered cell FDCE clocked by clk_i  {rise@0.000ns fall@2.500ns period=5.000ns})
  Path Group:             clk_i
  Path Type:              Setup (Max at Slow Process Corner)
  Requirement:            5.000ns  (clk_i rise@5.000ns - clk_i rise@0.000ns)
  Data Path Delay:        4.679ns  (logic 1.169ns (24.985%)  route 3.510ns (75.015%))
  Logic Levels:           4  (LUT2=1 LUT3=1 LUT4=1 LUT5=1)
  Clock Path Skew:        -0.039ns (DCD - SCD + CPR)
    Destination Clock Delay (DCD):    0.748ns = ( 5.748 - 5.000 ) 
    Source Clock Delay      (SCD):    0.787ns
    Clock Pessimism Removal (CPR):    0.000ns
  Clock Uncertainty:      0.035ns  ((TSJ^2 + TIJ^2)^1/2 + DJ) / 2 + PE
    Total System Jitter     (TSJ):    0.071ns
    Total Input Jitter      (TIJ):    0.000ns
    Discrete Jitter          (DJ):    0.000ns
    Phase Error              (PE):    0.000ns

    Location             Delay type                Incr(ns)  Path(ns)    Netlist Resource(s)
  -------------------------------------------------------------------    -------------------
                         (clock clk_i rise edge)      0.000     0.000 r  
                                                      0.000     0.000 r  clk_i (IN)
                         net (fo=2611, unset)         0.787     0.787    u_ecc/u_core/clk_i
    SLICE_X55Y44         FDCE                                         r  u_ecc/u_core/FSM_onehot_st_q_reg[24]/C
  -------------------------------------------------------------------    -------------------
    SLICE_X55Y44         FDCE (Prop_fdce_C_Q)         0.379     1.166 r  u_ecc/u_core/FSM_onehot_st_q_reg[24]/Q
                         net (fo=69, routed)          1.141     2.307    u_ecc/u_core/p_0_in14_in
    SLICE_X45Y48                                                      r  u_ecc/u_core/i_vec_i_3/I3
    SLICE_X45Y48         LUT4 (Prop_lut4_I3_O)        0.105     2.412 r  u_ecc/u_core/i_vec_i_3/O
                         net (fo=16, routed)          1.440     3.851    u_ecc/u_core/i_vec/bitmatrix_src_a_i[15]
    SLICE_X67Y36                                                      r  u_ecc/u_core/i_vec/i_gf2_contribution_row_tile_i_166/I0
    SLICE_X67Y36         LUT3 (Prop_lut3_I0_O)        0.126     3.977 r  u_ecc/u_core/i_vec/i_gf2_contribution_row_tile_i_166/O
                         net (fo=1, routed)           0.542     4.520    u_ecc/u_core/i_vec/i_gf2_contribution_row_tile/matrix_src_a_i[2][26]
    SLICE_X67Y36                                                      r  u_ecc/u_core/i_vec/i_gf2_contribution_row_tile/matrix_product_o[2][26]_INST_0/I0
    SLICE_X67Y36         LUT2 (Prop_lut2_I0_O)        0.285     4.805 r  u_ecc/u_core/i_vec/i_gf2_contribution_row_tile/matrix_product_o[2][26]_INST_0/O
                         net (fo=1, routed)           0.387     5.192    u_ecc/u_core/i_vec/tile_product_word[1][26]
    SLICE_X77Y36                                                      r  u_ecc/u_core/i_vec/payload_q[1][26]_i_1/I4
    SLICE_X77Y36         LUT5 (Prop_lut5_I4_O)        0.274     5.466 r  u_ecc/u_core/i_vec/payload_q[1][26]_i_1/O
                         net (fo=1, routed)           0.000     5.466    u_ecc/u_core/i_vec/payload_q[1][26]_i_1_n_0
    SLICE_X77Y36         FDCE                                         r  u_ecc/u_core/i_vec/payload_q_reg[1][26]/D
  -------------------------------------------------------------------    -------------------

                         (clock clk_i rise edge)      5.000     5.000 r  
                                                      0.000     5.000 r  clk_i (IN)
                         net (fo=2611, unset)         0.748     5.748    u_ecc/u_core/i_vec/clk_i
    SLICE_X77Y36         FDCE                                         r  u_ecc/u_core/i_vec/payload_q_reg[1][26]/C
                         clock pessimism              0.000     5.748    
                         clock uncertainty           -0.035     5.712    
    SLICE_X77Y36         FDCE (Setup_fdce_C_D)        0.030     5.742    u_ecc/u_core/i_vec/payload_q_reg[1][26]
  -------------------------------------------------------------------
                         required time                          5.742    
                         arrival time                          -5.466    
  -------------------------------------------------------------------
                         slack                                  0.277    

Slack (MET) :             0.277ns  (required time - arrival time)
  Source:                 u_ecc/u_core/FSM_onehot_st_q_reg[30]_rep/C
                            (rising edge-triggered cell FDCE clocked by clk_i  {rise@0.000ns fall@2.500ns period=5.000ns})
  Destination:            u_ecc/u_core/hdc_src0_q_reg[2][56]/D
                            (rising edge-triggered cell FDCE clocked by clk_i  {rise@0.000ns fall@2.500ns period=5.000ns})
  Path Group:             clk_i
  Path Type:              Setup (Max at Slow Process Corner)
  Requirement:            5.000ns  (clk_i rise@5.000ns - clk_i rise@0.000ns)
  Data Path Delay:        4.679ns  (logic 1.200ns (25.649%)  route 3.479ns (74.352%))
  Logic Levels:           6  (LUT2=1 LUT5=1 LUT6=4)
  Clock Path Skew:        -0.039ns (DCD - SCD + CPR)
    Destination Clock Delay (DCD):    0.748ns = ( 5.748 - 5.000 ) 
    Source Clock Delay      (SCD):    0.787ns
    Clock Pessimism Removal (CPR):    0.000ns
  Clock Uncertainty:      0.035ns  ((TSJ^2 + TIJ^2)^1/2 + DJ) / 2 + PE
    Total System Jitter     (TSJ):    0.071ns
    Total Input Jitter      (TIJ):    0.000ns
    Discrete Jitter          (DJ):    0.000ns
    Phase Error              (PE):    0.000ns

    Location             Delay type                Incr(ns)  Path(ns)    Netlist Resource(s)
  -------------------------------------------------------------------    -------------------
                         (clock clk_i rise edge)      0.000     0.000 r  
                                                      0.000     0.000 r  clk_i (IN)
                         net (fo=2611, unset)         0.787     0.787    u_ecc/u_core/clk_i
    SLICE_X83Y44         FDCE                                         r  u_ecc/u_core/FSM_onehot_st_q_reg[30]_rep/C
  -------------------------------------------------------------------    -------------------
    SLICE_X83Y44         FDCE (Prop_fdce_C_Q)         0.379     1.166 r  u_ecc/u_core/FSM_onehot_st_q_reg[30]_rep/Q
                         net (fo=174, routed)         1.177     2.343    u_ecc/u_core/FSM_onehot_st_q_reg[30]_rep_n_0
    SLICE_X75Y49                                                      r  u_ecc/u_core/i_vec_i_805/I1
    SLICE_X75Y49         LUT6 (Prop_lut6_I1_O)        0.105     2.448 r  u_ecc/u_core/i_vec_i_805/O
                         net (fo=8, routed)           0.676     3.124    u_ecc/u_core/i_vec_i_805_n_0
    SLICE_X78Y46                                                      r  u_ecc/u_core/i_vec_i_618/I5
    SLICE_X78Y46         LUT6 (Prop_lut6_I5_O)        0.105     3.229 r  u_ecc/u_core/i_vec_i_618/O
                         net (fo=2, routed)           0.359     3.588    u_ecc/u_core/i_vec_i_618_n_0
    SLICE_X77Y44                                                      r  u_ecc/u_core/i_vec_i_436/I0
    SLICE_X77Y44         LUT5 (Prop_lut5_I0_O)        0.105     3.693 r  u_ecc/u_core/i_vec_i_436/O
                         net (fo=1, routed)           0.351     4.044    u_ecc/u_core/i_vec_i_436_n_0
    SLICE_X75Y43                                                      r  u_ecc/u_core/i_vec_i_107/I5
    SLICE_X75Y43         LUT6 (Prop_lut6_I5_O)        0.105     4.149 r  u_ecc/u_core/i_vec_i_107/O
                         net (fo=2, routed)           0.648     4.798    u_ecc/u_core/i_vec/xor0_contribution_packet_i[2][56]
    SLICE_X71Y37                                                      r  u_ecc/u_core/i_vec/xor0_field_packet_o[184]_INST_0/I0
    SLICE_X71Y37         LUT2 (Prop_lut2_I0_O)        0.126     4.924 r  u_ecc/u_core/i_vec/xor0_field_packet_o[184]_INST_0/O
                         net (fo=1, routed)           0.267     5.191    u_ecc/u_core/xor0_field_packet[184]
    SLICE_X70Y37                                                      r  u_ecc/u_core/hdc_src0_q[2][56]_i_1/I4
    SLICE_X70Y37         LUT6 (Prop_lut6_I4_O)        0.275     5.466 r  u_ecc/u_core/hdc_src0_q[2][56]_i_1/O
                         net (fo=1, routed)           0.000     5.466    u_ecc/u_core/hdc_src0_q[2][56]_i_1_n_0
    SLICE_X70Y37         FDCE                                         r  u_ecc/u_core/hdc_src0_q_reg[2][56]/D
  -------------------------------------------------------------------    -------------------

                         (clock clk_i rise edge)      5.000     5.000 r  
                                                      0.000     5.000 r  clk_i (IN)
                         net (fo=2611, unset)         0.748     5.748    u_ecc/u_core/clk_i
    SLICE_X70Y37         FDCE                                         r  u_ecc/u_core/hdc_src0_q_reg[2][56]/C
                         clock pessimism              0.000     5.748    
                         clock uncertainty           -0.035     5.712    
    SLICE_X70Y37         FDCE (Setup_fdce_C_D)        0.030     5.742    u_ecc/u_core/hdc_src0_q_reg[2][56]
  -------------------------------------------------------------------
                         required time                          5.742    
                         arrival time                          -5.466    
  -------------------------------------------------------------------
                         slack                                  0.277    

Slack (MET) :             0.277ns  (required time - arrival time)
  Source:                 u_ecc/u_core/ecc_leaf_path_q_reg[3]/C
                            (rising edge-triggered cell FDCE clocked by clk_i  {rise@0.000ns fall@2.500ns period=5.000ns})
  Destination:            u_ecc/u_core/i_vec/payload_q_reg[2][48]/D
                            (rising edge-triggered cell FDCE clocked by clk_i  {rise@0.000ns fall@2.500ns period=5.000ns})
  Path Group:             clk_i
  Path Type:              Setup (Max at Slow Process Corner)
  Requirement:            5.000ns  (clk_i rise@5.000ns - clk_i rise@0.000ns)
  Data Path Delay:        4.678ns  (logic 1.185ns (25.331%)  route 3.493ns (74.669%))
  Logic Levels:           6  (LUT2=1 LUT3=2 LUT4=1 LUT5=1 LUT6=1)
  Clock Path Skew:        -0.039ns (DCD - SCD + CPR)
    Destination Clock Delay (DCD):    0.748ns = ( 5.748 - 5.000 ) 
    Source Clock Delay      (SCD):    0.787ns
    Clock Pessimism Removal (CPR):    0.000ns
  Clock Uncertainty:      0.035ns  ((TSJ^2 + TIJ^2)^1/2 + DJ) / 2 + PE
    Total System Jitter     (TSJ):    0.071ns
    Total Input Jitter      (TIJ):    0.000ns
    Discrete Jitter          (DJ):    0.000ns
    Phase Error              (PE):    0.000ns

    Location             Delay type                Incr(ns)  Path(ns)    Netlist Resource(s)
  -------------------------------------------------------------------    -------------------
                         (clock clk_i rise edge)      0.000     0.000 r  
                                                      0.000     0.000 r  clk_i (IN)
                         net (fo=2611, unset)         0.787     0.787    u_ecc/u_core/clk_i
    SLICE_X69Y43         FDCE                                         r  u_ecc/u_core/ecc_leaf_path_q_reg[3]/C
  -------------------------------------------------------------------    -------------------
    SLICE_X69Y43         FDCE (Prop_fdce_C_Q)         0.379     1.166 f  u_ecc/u_core/ecc_leaf_path_q_reg[3]/Q
                         net (fo=109, routed)         0.721     1.887    u_ecc/u_core/path[3]
    SLICE_X63Y43                                                      f  u_ecc/u_core/i_vec_i_298/I2
    SLICE_X63Y43         LUT4 (Prop_lut4_I2_O)        0.105     1.992 f  u_ecc/u_core/i_vec_i_298/O
                         net (fo=111, routed)         0.239     2.231    u_ecc/u_core/i_vec_i_298_n_0
    SLICE_X63Y43                                                      f  u_ecc/u_core/i_vec_i_293/I0
    SLICE_X63Y43         LUT3 (Prop_lut3_I0_O)        0.105     2.336 f  u_ecc/u_core/i_vec_i_293/O
                         net (fo=1, routed)           0.257     2.593    u_ecc/u_core/i_vec_i_293_n_0
    SLICE_X64Y42                                                      f  u_ecc/u_core/i_vec_i_2/I4
    SLICE_X64Y42         LUT6 (Prop_lut6_I4_O)        0.105     2.698 r  u_ecc/u_core/i_vec_i_2/O
                         net (fo=769, routed)         1.234     3.932    u_ecc/u_core/i_vec/payload_product_i
    SLICE_X63Y33                                                      r  u_ecc/u_core/i_vec/i_gf2_contribution_row_tile_i_336/I1
    SLICE_X63Y33         LUT3 (Prop_lut3_I1_O)        0.119     4.051 r  u_ecc/u_core/i_vec/i_gf2_contribution_row_tile_i_336/O
                         net (fo=1, routed)           0.488     4.539    u_ecc/u_core/i_vec/i_gf2_contribution_row_tile/matrix_src_b_i[5][16]
    SLICE_X72Y33                                                      r  u_ecc/u_core/i_vec/i_gf2_contribution_row_tile/matrix_product_o[5][16]_INST_0/I1
    SLICE_X72Y33         LUT2 (Prop_lut2_I1_O)        0.267     4.806 r  u_ecc/u_core/i_vec/i_gf2_contribution_row_tile/matrix_product_o[5][16]_INST_0/O
                         net (fo=1, routed)           0.554     5.360    u_ecc/u_core/i_vec/tile_product_word[2][48]
    SLICE_X72Y33                                                      r  u_ecc/u_core/i_vec/payload_q[2][48]_i_1/I4
    SLICE_X72Y33         LUT5 (Prop_lut5_I4_O)        0.105     5.465 r  u_ecc/u_core/i_vec/payload_q[2][48]_i_1/O
                         net (fo=1, routed)           0.000     5.465    u_ecc/u_core/i_vec/payload_q[2][48]_i_1_n_0
    SLICE_X72Y33         FDCE                                         r  u_ecc/u_core/i_vec/payload_q_reg[2][48]/D
  -------------------------------------------------------------------    -------------------

                         (clock clk_i rise edge)      5.000     5.000 r  
                                                      0.000     5.000 r  clk_i (IN)
                         net (fo=2611, unset)         0.748     5.748    u_ecc/u_core/i_vec/clk_i
    SLICE_X72Y33         FDCE                                         r  u_ecc/u_core/i_vec/payload_q_reg[2][48]/C
                         clock pessimism              0.000     5.748    
                         clock uncertainty           -0.035     5.712    
    SLICE_X72Y33         FDCE (Setup_fdce_C_D)        0.030     5.742    u_ecc/u_core/i_vec/payload_q_reg[2][48]
  -------------------------------------------------------------------
                         required time                          5.742    
                         arrival time                          -5.465    
  -------------------------------------------------------------------
                         slack                                  0.277    

Slack (MET) :             0.277ns  (required time - arrival time)
  Source:                 u_ecc/u_core/ecc_leaf_path_q_reg[2]/C
                            (rising edge-triggered cell FDCE clocked by clk_i  {rise@0.000ns fall@2.500ns period=5.000ns})
  Destination:            u_ecc/u_core/ecc_leaf_xor_a_q_reg[24]/D
                            (rising edge-triggered cell FDCE clocked by clk_i  {rise@0.000ns fall@2.500ns period=5.000ns})
  Path Group:             clk_i
  Path Type:              Setup (Max at Slow Process Corner)
  Requirement:            5.000ns  (clk_i rise@5.000ns - clk_i rise@0.000ns)
  Data Path Delay:        4.601ns  (logic 1.063ns (23.104%)  route 3.538ns (76.896%))
  Logic Levels:           6  (LUT4=2 LUT5=3 LUT6=1)
  Clock Path Skew:        -0.039ns (DCD - SCD + CPR)
    Destination Clock Delay (DCD):    0.748ns = ( 5.748 - 5.000 ) 
    Source Clock Delay      (SCD):    0.787ns
    Clock Pessimism Removal (CPR):    0.000ns
  Clock Uncertainty:      0.035ns  ((TSJ^2 + TIJ^2)^1/2 + DJ) / 2 + PE
    Total System Jitter     (TSJ):    0.071ns
    Total Input Jitter      (TIJ):    0.000ns
    Discrete Jitter          (DJ):    0.000ns
    Phase Error              (PE):    0.000ns

    Location             Delay type                Incr(ns)  Path(ns)    Netlist Resource(s)
  -------------------------------------------------------------------    -------------------
                         (clock clk_i rise edge)      0.000     0.000 r  
                                                      0.000     0.000 r  clk_i (IN)
                         net (fo=2611, unset)         0.787     0.787    u_ecc/u_core/clk_i
    SLICE_X58Y43         FDCE                                         r  u_ecc/u_core/ecc_leaf_path_q_reg[2]/C
  -------------------------------------------------------------------    -------------------
    SLICE_X58Y43         FDCE (Prop_fdce_C_Q)         0.433     1.220 f  u_ecc/u_core/ecc_leaf_path_q_reg[2]/Q
                         net (fo=111, routed)         0.551     1.771    u_ecc/u_core/path[2]
    SLICE_X57Y43                                                      f  u_ecc/u_core/i_vec_i_304/I3
    SLICE_X57Y43         LUT4 (Prop_lut4_I3_O)        0.105     1.876 r  u_ecc/u_core/i_vec_i_304/O
                         net (fo=112, routed)         0.675     2.551    u_ecc/u_core/i_vec_i_304_n_0
    SLICE_X51Y44                                                      r  u_ecc/u_core/ecc_leaf_xor_a_q[31]_i_13/I4
    SLICE_X51Y44         LUT6 (Prop_lut6_I4_O)        0.105     2.656 r  u_ecc/u_core/ecc_leaf_xor_a_q[31]_i_13/O
                         net (fo=5, routed)           0.269     2.925    u_ecc/u_core/ecc_leaf_xor_a_q[31]_i_13_n_0
    SLICE_X52Y44                                                      r  u_ecc/u_core/ecc_leaf_xor_a_q[31]_i_14/I0
    SLICE_X52Y44         LUT5 (Prop_lut5_I0_O)        0.105     3.030 r  u_ecc/u_core/ecc_leaf_xor_a_q[31]_i_14/O
                         net (fo=125, routed)         0.903     3.933    u_ecc/u_core/ecc_leaf_xor_a_q[31]_i_14_n_0
    SLICE_X50Y41                                                      r  u_ecc/u_core/ecc_leaf_xor_a_q[24]_i_6/I0
    SLICE_X50Y41         LUT5 (Prop_lut5_I0_O)        0.105     4.038 r  u_ecc/u_core/ecc_leaf_xor_a_q[24]_i_6/O
                         net (fo=1, routed)           0.371     4.410    u_ecc/u_core/ecc_leaf_xor_a_q[24]_i_6_n_0
    SLICE_X50Y41                                                      r  u_ecc/u_core/ecc_leaf_xor_a_q[24]_i_2/I2
    SLICE_X50Y41         LUT4 (Prop_lut4_I2_O)        0.105     4.515 r  u_ecc/u_core/ecc_leaf_xor_a_q[24]_i_2/O
                         net (fo=3, routed)           0.383     4.898    u_ecc/u_core/ecc_leaf_xor_a_q[24]_i_2_n_0
    SLICE_X47Y42                                                      r  u_ecc/u_core/ecc_leaf_xor_a_q[24]_i_1/I0
    SLICE_X47Y42         LUT5 (Prop_lut5_I0_O)        0.105     5.003 r  u_ecc/u_core/ecc_leaf_xor_a_q[24]_i_1/O
                         net (fo=2, routed)           0.385     5.388    u_ecc/u_core/word[24]
    SLICE_X47Y43         FDCE                                         r  u_ecc/u_core/ecc_leaf_xor_a_q_reg[24]/D
  -------------------------------------------------------------------    -------------------

                         (clock clk_i rise edge)      5.000     5.000 r  
                                                      0.000     5.000 r  clk_i (IN)
                         net (fo=2611, unset)         0.748     5.748    u_ecc/u_core/clk_i
    SLICE_X47Y43         FDCE                                         r  u_ecc/u_core/ecc_leaf_xor_a_q_reg[24]/C
                         clock pessimism              0.000     5.748    
                         clock uncertainty           -0.035     5.712    
    SLICE_X47Y43         FDCE (Setup_fdce_C_D)       -0.047     5.665    u_ecc/u_core/ecc_leaf_xor_a_q_reg[24]
  -------------------------------------------------------------------
                         required time                          5.665    
                         arrival time                          -5.388    
  -------------------------------------------------------------------
                         slack                                  0.277    

Slack (MET) :             0.278ns  (required time - arrival time)
  Source:                 u_ecc/u_core/ecc_pmul_subop_q_reg[0]/C
                            (rising edge-triggered cell FDCE clocked by clk_i  {rise@0.000ns fall@2.500ns period=5.000ns})
  Destination:            u_ecc/u_core/hdc_src0_q_reg[0][34]/CE
                            (rising edge-triggered cell FDCE clocked by clk_i  {rise@0.000ns fall@2.500ns period=5.000ns})
  Path Group:             clk_i
  Path Type:              Setup (Max at Slow Process Corner)
  Requirement:            5.000ns  (clk_i rise@5.000ns - clk_i rise@0.000ns)
  Data Path Delay:        4.480ns  (logic 1.137ns (25.381%)  route 3.343ns (74.619%))
  Logic Levels:           5  (LUT3=1 LUT6=4)
  Clock Path Skew:        -0.039ns (DCD - SCD + CPR)
    Destination Clock Delay (DCD):    0.748ns = ( 5.748 - 5.000 ) 
    Source Clock Delay      (SCD):    0.787ns
    Clock Pessimism Removal (CPR):    0.000ns
  Clock Uncertainty:      0.035ns  ((TSJ^2 + TIJ^2)^1/2 + DJ) / 2 + PE
    Total System Jitter     (TSJ):    0.071ns
    Total Input Jitter      (TIJ):    0.000ns
    Discrete Jitter          (DJ):    0.000ns
    Phase Error              (PE):    0.000ns

    Location             Delay type                Incr(ns)  Path(ns)    Netlist Resource(s)
  -------------------------------------------------------------------    -------------------
                         (clock clk_i rise edge)      0.000     0.000 r  
                                                      0.000     0.000 r  clk_i (IN)
                         net (fo=2611, unset)         0.787     0.787    u_ecc/u_core/clk_i
    SLICE_X46Y34         FDCE                                         r  u_ecc/u_core/ecc_pmul_subop_q_reg[0]/C
  -------------------------------------------------------------------    -------------------
    SLICE_X46Y34         FDCE (Prop_fdce_C_Q)         0.433     1.220 r  u_ecc/u_core/ecc_pmul_subop_q_reg[0]/Q
                         net (fo=60, routed)          0.606     1.826    u_ecc/u_core/subop[0]
    SLICE_X46Y35                                                      r  u_ecc/u_core/ecc_sqr_repeat_q[6]_i_11/I0
    SLICE_X46Y35         LUT3 (Prop_lut3_I0_O)        0.125     1.951 r  u_ecc/u_core/ecc_sqr_repeat_q[6]_i_11/O
                         net (fo=6, routed)           0.426     2.377    u_ecc/u_core/ecc_sqr_repeat_q[6]_i_11_n_0
    SLICE_X46Y36                                                      r  u_ecc/u_core/ecc_leaf_xor_a_q[31]_i_5/I0
    SLICE_X46Y36         LUT6 (Prop_lut6_I0_O)        0.264     2.641 f  u_ecc/u_core/ecc_leaf_xor_a_q[31]_i_5/O
                         net (fo=15, routed)          0.272     2.913    u_ecc/u_core/ecc_leaf_xor_a_q[31]_i_5_n_0
    SLICE_X47Y36                                                      f  u_ecc/u_core/hdc_src0_q[3][63]_i_6/I5
    SLICE_X47Y36         LUT6 (Prop_lut6_I5_O)        0.105     3.018 r  u_ecc/u_core/hdc_src0_q[3][63]_i_6/O
                         net (fo=1, routed)           0.258     3.276    u_ecc/u_core/hdc_src0_q[3][63]_i_6_n_0
    SLICE_X47Y37                                                      r  u_ecc/u_core/hdc_src0_q[3][63]_i_3/I5
    SLICE_X47Y37         LUT6 (Prop_lut6_I5_O)        0.105     3.381 r  u_ecc/u_core/hdc_src0_q[3][63]_i_3/O
                         net (fo=4, routed)           0.836     4.217    u_ecc/u_core/hdc_src0_q[3][63]_i_3_n_0
    SLICE_X78Y42                                                      r  u_ecc/u_core/hdc_src0_q[1][63]_i_1/I5
    SLICE_X78Y42         LUT6 (Prop_lut6_I5_O)        0.105     4.322 r  u_ecc/u_core/hdc_src0_q[1][63]_i_1/O
                         net (fo=128, routed)         0.945     5.267    u_ecc/u_core/hdc_src0_q[1][63]_i_1_n_0
    SLICE_X71Y34         FDCE                                         r  u_ecc/u_core/hdc_src0_q_reg[0][34]/CE
  -------------------------------------------------------------------    -------------------

                         (clock clk_i rise edge)      5.000     5.000 r  
                                                      0.000     5.000 r  clk_i (IN)
                         net (fo=2611, unset)         0.748     5.748    u_ecc/u_core/clk_i
    SLICE_X71Y34         FDCE                                         r  u_ecc/u_core/hdc_src0_q_reg[0][34]/C
                         clock pessimism              0.000     5.748    
                         clock uncertainty           -0.035     5.712    
    SLICE_X71Y34         FDCE (Setup_fdce_C_CE)      -0.168     5.544    u_ecc/u_core/hdc_src0_q_reg[0][34]
  -------------------------------------------------------------------
                         required time                          5.544    
                         arrival time                          -5.267    
  -------------------------------------------------------------------
                         slack                                  0.278    

Slack (MET) :             0.278ns  (required time - arrival time)
  Source:                 u_hdc/u_core/hperm_lane_slot_q_reg[0]/C
                            (rising edge-triggered cell FDCE clocked by clk_i  {rise@0.000ns fall@2.500ns period=5.000ns})
  Destination:            u_hdc/u_core/hperm_stage_q_reg[47]/D
                            (rising edge-triggered cell FDCE clocked by clk_i  {rise@0.000ns fall@2.500ns period=5.000ns})
  Path Group:             clk_i
  Path Type:              Setup (Max at Slow Process Corner)
  Requirement:            5.000ns  (clk_i rise@5.000ns - clk_i rise@0.000ns)
  Data Path Delay:        4.721ns  (logic 1.270ns (26.898%)  route 3.451ns (73.102%))
  Logic Levels:           5  (LUT2=2 LUT3=1 LUT5=1 LUT6=1)
  Clock Path Skew:        -0.039ns (DCD - SCD + CPR)
    Destination Clock Delay (DCD):    0.748ns = ( 5.748 - 5.000 ) 
    Source Clock Delay      (SCD):    0.787ns
    Clock Pessimism Removal (CPR):    0.000ns
  Clock Uncertainty:      0.035ns  ((TSJ^2 + TIJ^2)^1/2 + DJ) / 2 + PE
    Total System Jitter     (TSJ):    0.071ns
    Total Input Jitter      (TIJ):    0.000ns
    Discrete Jitter          (DJ):    0.000ns
    Phase Error              (PE):    0.000ns

    Location             Delay type                Incr(ns)  Path(ns)    Netlist Resource(s)
  -------------------------------------------------------------------    -------------------
                         (clock clk_i rise edge)      0.000     0.000 r  
                                                      0.000     0.000 r  clk_i (IN)
                         net (fo=2611, unset)         0.787     0.787    u_hdc/u_core/clk_i
    SLICE_X65Y11         FDCE                                         r  u_hdc/u_core/hperm_lane_slot_q_reg[0]/C
  -------------------------------------------------------------------    -------------------
    SLICE_X65Y11         FDCE (Prop_fdce_C_Q)         0.379     1.166 r  u_hdc/u_core/hperm_lane_slot_q_reg[0]/Q
                         net (fo=14, routed)          0.694     1.860    u_hdc/u_core/hperm_lane_slot_q[0]
    SLICE_X64Y12                                                      r  u_hdc/u_core/hperm_stage_q[70]_i_25/I0
    SLICE_X64Y12         LUT2 (Prop_lut2_I0_O)        0.105     1.965 r  u_hdc/u_core/hperm_stage_q[70]_i_25/O
                         net (fo=138, routed)         1.069     3.035    u_hdc/u_core/hperm_stage_q[70]_i_25_n_0
    SLICE_X64Y25                                                      r  u_hdc/u_core/hperm_stage_q[63]_i_18/I1
    SLICE_X64Y25         LUT2 (Prop_lut2_I1_O)        0.126     3.161 r  u_hdc/u_core/hperm_stage_q[63]_i_18/O
                         net (fo=1, routed)           0.794     3.954    u_hdc/u_core/hperm_stage_q[63]_i_18_n_0
    SLICE_X65Y21                                                      r  u_hdc/u_core/hperm_stage_q[63]_i_10/I0
    SLICE_X65Y21         LUT6 (Prop_lut6_I0_O)        0.267     4.221 f  u_hdc/u_core/hperm_stage_q[63]_i_10/O
                         net (fo=4, routed)           0.505     4.727    u_hdc/u_core/hperm_stage_q[63]_i_10_n_0
    SLICE_X65Y22                                                      f  u_hdc/u_core/hperm_stage_q[47]_i_2/I1
    SLICE_X65Y22         LUT3 (Prop_lut3_I1_O)        0.126     4.853 r  u_hdc/u_core/hperm_stage_q[47]_i_2/O
                         net (fo=1, routed)           0.389     5.241    u_hdc/u_core/hperm_stage_q[47]_i_2_n_0
    SLICE_X66Y21                                                      r  u_hdc/u_core/hperm_stage_q[47]_i_1/I2
    SLICE_X66Y21         LUT5 (Prop_lut5_I2_O)        0.267     5.508 r  u_hdc/u_core/hperm_stage_q[47]_i_1/O
                         net (fo=1, routed)           0.000     5.508    u_hdc/u_core/hperm_byte_window[47]
    SLICE_X66Y21         FDCE                                         r  u_hdc/u_core/hperm_stage_q_reg[47]/D
  -------------------------------------------------------------------    -------------------

                         (clock clk_i rise edge)      5.000     5.000 r  
                                                      0.000     5.000 r  clk_i (IN)
                         net (fo=2611, unset)         0.748     5.748    u_hdc/u_core/clk_i
    SLICE_X66Y21         FDCE                                         r  u_hdc/u_core/hperm_stage_q_reg[47]/C
                         clock pessimism              0.000     5.748    
                         clock uncertainty           -0.035     5.712    
    SLICE_X66Y21         FDCE (Setup_fdce_C_D)        0.074     5.786    u_hdc/u_core/hperm_stage_q_reg[47]
  -------------------------------------------------------------------
                         required time                          5.786    
                         arrival time                          -5.508    
  -------------------------------------------------------------------
                         slack                                  0.278    

Slack (MET) :             0.278ns  (required time - arrival time)
  Source:                 u_ecc/u_core/ecc_leaf_path_q_reg[2]/C
                            (rising edge-triggered cell FDCE clocked by clk_i  {rise@0.000ns fall@2.500ns period=5.000ns})
  Destination:            u_ecc/u_core/ecc_leaf_xor_b_q_reg[23]/D
                            (rising edge-triggered cell FDCE clocked by clk_i  {rise@0.000ns fall@2.500ns period=5.000ns})
  Path Group:             clk_i
  Path Type:              Setup (Max at Slow Process Corner)
  Requirement:            5.000ns  (clk_i rise@5.000ns - clk_i rise@0.000ns)
  Data Path Delay:        4.574ns  (logic 1.063ns (23.240%)  route 3.511ns (76.760%))
  Logic Levels:           6  (LUT4=2 LUT5=3 LUT6=1)
  Clock Path Skew:        -0.039ns (DCD - SCD + CPR)
    Destination Clock Delay (DCD):    0.748ns = ( 5.748 - 5.000 ) 
    Source Clock Delay      (SCD):    0.787ns
    Clock Pessimism Removal (CPR):    0.000ns
  Clock Uncertainty:      0.035ns  ((TSJ^2 + TIJ^2)^1/2 + DJ) / 2 + PE
    Total System Jitter     (TSJ):    0.071ns
    Total Input Jitter      (TIJ):    0.000ns
    Discrete Jitter          (DJ):    0.000ns
    Phase Error              (PE):    0.000ns

    Location             Delay type                Incr(ns)  Path(ns)    Netlist Resource(s)
  -------------------------------------------------------------------    -------------------
                         (clock clk_i rise edge)      0.000     0.000 r  
                                                      0.000     0.000 r  clk_i (IN)
                         net (fo=2611, unset)         0.787     0.787    u_ecc/u_core/clk_i
    SLICE_X58Y43         FDCE                                         r  u_ecc/u_core/ecc_leaf_path_q_reg[2]/C
  -------------------------------------------------------------------    -------------------
    SLICE_X58Y43         FDCE (Prop_fdce_C_Q)         0.433     1.220 f  u_ecc/u_core/ecc_leaf_path_q_reg[2]/Q
                         net (fo=111, routed)         0.551     1.771    u_ecc/u_core/path[2]
    SLICE_X57Y43                                                      f  u_ecc/u_core/i_vec_i_304/I3
    SLICE_X57Y43         LUT4 (Prop_lut4_I3_O)        0.105     1.876 r  u_ecc/u_core/i_vec_i_304/O
                         net (fo=112, routed)         0.675     2.551    u_ecc/u_core/i_vec_i_304_n_0
    SLICE_X51Y44                                                      r  u_ecc/u_core/ecc_leaf_xor_a_q[31]_i_13/I4
    SLICE_X51Y44         LUT6 (Prop_lut6_I4_O)        0.105     2.656 r  u_ecc/u_core/ecc_leaf_xor_a_q[31]_i_13/O
                         net (fo=5, routed)           0.269     2.925    u_ecc/u_core/ecc_leaf_xor_a_q[31]_i_13_n_0
    SLICE_X52Y44                                                      r  u_ecc/u_core/ecc_leaf_xor_a_q[31]_i_14/I0
    SLICE_X52Y44         LUT5 (Prop_lut5_I0_O)        0.105     3.030 r  u_ecc/u_core/ecc_leaf_xor_a_q[31]_i_14/O
                         net (fo=125, routed)         0.861     3.891    u_ecc/u_core/ecc_leaf_xor_a_q[31]_i_14_n_0
    SLICE_X51Y41                                                      r  u_ecc/u_core/ecc_leaf_xor_a_q[8]_i_6/I0
    SLICE_X51Y41         LUT5 (Prop_lut5_I0_O)        0.105     3.996 r  u_ecc/u_core/ecc_leaf_xor_a_q[8]_i_6/O
                         net (fo=1, routed)           0.437     4.434    u_ecc/u_core/ecc_leaf_xor_a_q[8]_i_6_n_0
    SLICE_X49Y42                                                      r  u_ecc/u_core/ecc_leaf_xor_a_q[8]_i_2/I2
    SLICE_X49Y42         LUT4 (Prop_lut4_I2_O)        0.105     4.539 r  u_ecc/u_core/ecc_leaf_xor_a_q[8]_i_2/O
                         net (fo=3, routed)           0.246     4.784    u_ecc/u_core/ecc_leaf_xor_a_q[8]_i_2_n_0
    SLICE_X49Y42                                                      r  u_ecc/u_core/ecc_leaf_xor_a_q[8]_i_1/I0
    SLICE_X49Y42         LUT5 (Prop_lut5_I0_O)        0.105     4.889 r  u_ecc/u_core/ecc_leaf_xor_a_q[8]_i_1/O
                         net (fo=2, routed)           0.472     5.361    u_ecc/u_core/word[8]
    SLICE_X45Y43         FDCE                                         r  u_ecc/u_core/ecc_leaf_xor_b_q_reg[23]/D
  -------------------------------------------------------------------    -------------------

                         (clock clk_i rise edge)      5.000     5.000 r  
                                                      0.000     5.000 r  clk_i (IN)
                         net (fo=2611, unset)         0.748     5.748    u_ecc/u_core/clk_i
    SLICE_X45Y43         FDCE                                         r  u_ecc/u_core/ecc_leaf_xor_b_q_reg[23]/C
                         clock pessimism              0.000     5.748    
                         clock uncertainty           -0.035     5.712    
    SLICE_X45Y43         FDCE (Setup_fdce_C_D)       -0.073     5.639    u_ecc/u_core/ecc_leaf_xor_b_q_reg[23]
  -------------------------------------------------------------------
                         required time                          5.639    
                         arrival time                          -5.361    
  -------------------------------------------------------------------
                         slack                                  0.278    

Slack (MET) :             0.279ns  (required time - arrival time)
  Source:                 u_ecc/u_core/ecc_kpd64_sub_q_reg[0]/C
                            (rising edge-triggered cell FDCE clocked by clk_i  {rise@0.000ns fall@2.500ns period=5.000ns})
  Destination:            u_ecc/u_core/hdc_src0_q_reg[2][24]/D
                            (rising edge-triggered cell FDCE clocked by clk_i  {rise@0.000ns fall@2.500ns period=5.000ns})
  Path Group:             clk_i
  Path Type:              Setup (Max at Slow Process Corner)
  Requirement:            5.000ns  (clk_i rise@5.000ns - clk_i rise@0.000ns)
  Data Path Delay:        4.677ns  (logic 0.904ns (19.331%)  route 3.773ns (80.669%))
  Logic Levels:           5  (LUT2=1 LUT5=1 LUT6=3)
  Clock Path Skew:        -0.039ns (DCD - SCD + CPR)
    Destination Clock Delay (DCD):    0.748ns = ( 5.748 - 5.000 ) 
    Source Clock Delay      (SCD):    0.787ns
    Clock Pessimism Removal (CPR):    0.000ns
  Clock Uncertainty:      0.035ns  ((TSJ^2 + TIJ^2)^1/2 + DJ) / 2 + PE
    Total System Jitter     (TSJ):    0.071ns
    Total Input Jitter      (TIJ):    0.000ns
    Discrete Jitter          (DJ):    0.000ns
    Phase Error              (PE):    0.000ns

    Location             Delay type                Incr(ns)  Path(ns)    Netlist Resource(s)
  -------------------------------------------------------------------    -------------------
                         (clock clk_i rise edge)      0.000     0.000 r  
                                                      0.000     0.000 r  clk_i (IN)
                         net (fo=2611, unset)         0.787     0.787    u_ecc/u_core/clk_i
    SLICE_X73Y43         FDCE                                         r  u_ecc/u_core/ecc_kpd64_sub_q_reg[0]/C
  -------------------------------------------------------------------    -------------------
    SLICE_X73Y43         FDCE (Prop_fdce_C_Q)         0.379     1.166 r  u_ecc/u_core/ecc_kpd64_sub_q_reg[0]/Q
                         net (fo=146, routed)         1.461     2.627    u_ecc/u_core/ecc_kpd64_sub_q[0]
    SLICE_X83Y51                                                      r  u_ecc/u_core/i_vec_i_803/I3
    SLICE_X83Y51         LUT6 (Prop_lut6_I3_O)        0.105     2.732 r  u_ecc/u_core/i_vec_i_803/O
                         net (fo=8, routed)           0.910     3.642    u_ecc/u_core/i_vec_i_803_n_0
    SLICE_X77Y36                                                      r  u_ecc/u_core/i_vec_i_524/I2
    SLICE_X77Y36         LUT6 (Prop_lut6_I2_O)        0.105     3.747 r  u_ecc/u_core/i_vec_i_524/O
                         net (fo=1, routed)           0.547     4.293    u_ecc/u_core/i_vec_i_524_n_0
    SLICE_X76Y36                                                      r  u_ecc/u_core/i_vec_i_139/I2
    SLICE_X76Y36         LUT5 (Prop_lut5_I2_O)        0.105     4.398 r  u_ecc/u_core/i_vec_i_139/O
                         net (fo=2, routed)           0.502     4.901    u_ecc/u_core/i_vec/xor0_contribution_packet_i[2][24]
    SLICE_X68Y37                                                      r  u_ecc/u_core/i_vec/xor0_field_packet_o[152]_INST_0/I0
    SLICE_X68Y37         LUT2 (Prop_lut2_I0_O)        0.105     5.006 r  u_ecc/u_core/i_vec/xor0_field_packet_o[152]_INST_0/O
                         net (fo=1, routed)           0.353     5.359    u_ecc/u_core/xor0_field_packet[152]
    SLICE_X69Y34                                                      r  u_ecc/u_core/hdc_src0_q[2][24]_i_1/I4
    SLICE_X69Y34         LUT6 (Prop_lut6_I4_O)        0.105     5.464 r  u_ecc/u_core/hdc_src0_q[2][24]_i_1/O
                         net (fo=1, routed)           0.000     5.464    u_ecc/u_core/hdc_src0_q[2][24]_i_1_n_0
    SLICE_X69Y34         FDCE                                         r  u_ecc/u_core/hdc_src0_q_reg[2][24]/D
  -------------------------------------------------------------------    -------------------

                         (clock clk_i rise edge)      5.000     5.000 r  
                                                      0.000     5.000 r  clk_i (IN)
                         net (fo=2611, unset)         0.748     5.748    u_ecc/u_core/clk_i
    SLICE_X69Y34         FDCE                                         r  u_ecc/u_core/hdc_src0_q_reg[2][24]/C
                         clock pessimism              0.000     5.748    
                         clock uncertainty           -0.035     5.712    
    SLICE_X69Y34         FDCE (Setup_fdce_C_D)        0.030     5.742    u_ecc/u_core/hdc_src0_q_reg[2][24]
  -------------------------------------------------------------------
                         required time                          5.742    
                         arrival time                          -5.464    
  -------------------------------------------------------------------
                         slack                                  0.279    

Slack (MET) :             0.279ns  (required time - arrival time)
  Source:                 u_ecc/u_core/ecc_leaf_path_q_reg[2]/C
                            (rising edge-triggered cell FDCE clocked by clk_i  {rise@0.000ns fall@2.500ns period=5.000ns})
  Destination:            u_ecc/u_core/hdc_src0_q_reg[2][45]/D
                            (rising edge-triggered cell FDCE clocked by clk_i  {rise@0.000ns fall@2.500ns period=5.000ns})
  Path Group:             clk_i
  Path Type:              Setup (Max at Slow Process Corner)
  Requirement:            5.000ns  (clk_i rise@5.000ns - clk_i rise@0.000ns)
  Data Path Delay:        4.676ns  (logic 1.063ns (22.732%)  route 3.613ns (77.268%))
  Logic Levels:           6  (LUT2=1 LUT4=1 LUT5=1 LUT6=3)
  Clock Path Skew:        -0.039ns (DCD - SCD + CPR)
    Destination Clock Delay (DCD):    0.748ns = ( 5.748 - 5.000 ) 
    Source Clock Delay      (SCD):    0.787ns
    Clock Pessimism Removal (CPR):    0.000ns
  Clock Uncertainty:      0.035ns  ((TSJ^2 + TIJ^2)^1/2 + DJ) / 2 + PE
    Total System Jitter     (TSJ):    0.071ns
    Total Input Jitter      (TIJ):    0.000ns
    Discrete Jitter          (DJ):    0.000ns
    Phase Error              (PE):    0.000ns

    Location             Delay type                Incr(ns)  Path(ns)    Netlist Resource(s)
  -------------------------------------------------------------------    -------------------
                         (clock clk_i rise edge)      0.000     0.000 r  
                                                      0.000     0.000 r  clk_i (IN)
                         net (fo=2611, unset)         0.787     0.787    u_ecc/u_core/clk_i
    SLICE_X58Y43         FDCE                                         r  u_ecc/u_core/ecc_leaf_path_q_reg[2]/C
  -------------------------------------------------------------------    -------------------
    SLICE_X58Y43         FDCE (Prop_fdce_C_Q)         0.433     1.220 f  u_ecc/u_core/ecc_leaf_path_q_reg[2]/Q
                         net (fo=111, routed)         0.736     1.956    u_ecc/u_core/path[2]
    SLICE_X71Y43                                                      f  u_ecc/u_core/i_vec_i_813/I1
    SLICE_X71Y43         LUT4 (Prop_lut4_I1_O)        0.105     2.061 r  u_ecc/u_core/i_vec_i_813/O
                         net (fo=100, routed)         1.353     3.414    u_ecc/u_core/i_vec_i_813_n_0
    SLICE_X85Y46                                                      r  u_ecc/u_core/i_vec_i_646/I3
    SLICE_X85Y46         LUT6 (Prop_lut6_I3_O)        0.105     3.519 r  u_ecc/u_core/i_vec_i_646/O
                         net (fo=2, routed)           0.333     3.852    u_ecc/u_core/i_vec_i_646_n_0
    SLICE_X84Y46                                                      r  u_ecc/u_core/i_vec_i_469/I4
    SLICE_X84Y46         LUT5 (Prop_lut5_I4_O)        0.105     3.957 r  u_ecc/u_core/i_vec_i_469/O
                         net (fo=1, routed)           0.360     4.317    u_ecc/u_core/i_vec_i_469_n_0
    SLICE_X81Y45                                                      r  u_ecc/u_core/i_vec_i_118/I5
    SLICE_X81Y45         LUT6 (Prop_lut6_I5_O)        0.105     4.422 r  u_ecc/u_core/i_vec_i_118/O
                         net (fo=2, routed)           0.518     4.940    u_ecc/u_core/i_vec/xor0_contribution_packet_i[2][45]
    SLICE_X69Y46                                                      r  u_ecc/u_core/i_vec/xor0_field_packet_o[173]_INST_0/I0
    SLICE_X69Y46         LUT2 (Prop_lut2_I0_O)        0.105     5.045 r  u_ecc/u_core/i_vec/xor0_field_packet_o[173]_INST_0/O
                         net (fo=1, routed)           0.313     5.358    u_ecc/u_core/xor0_field_packet[173]
    SLICE_X69Y46                                                      r  u_ecc/u_core/hdc_src0_q[2][45]_i_1/I4
    SLICE_X69Y46         LUT6 (Prop_lut6_I4_O)        0.105     5.463 r  u_ecc/u_core/hdc_src0_q[2][45]_i_1/O
                         net (fo=1, routed)           0.000     5.463    u_ecc/u_core/hdc_src0_q[2][45]_i_1_n_0
    SLICE_X69Y46         FDCE                                         r  u_ecc/u_core/hdc_src0_q_reg[2][45]/D
  -------------------------------------------------------------------    -------------------

                         (clock clk_i rise edge)      5.000     5.000 r  
                                                      0.000     5.000 r  clk_i (IN)
                         net (fo=2611, unset)         0.748     5.748    u_ecc/u_core/clk_i
    SLICE_X69Y46         FDCE                                         r  u_ecc/u_core/hdc_src0_q_reg[2][45]/C
                         clock pessimism              0.000     5.748    
                         clock uncertainty           -0.035     5.712    
    SLICE_X69Y46         FDCE (Setup_fdce_C_D)        0.030     5.742    u_ecc/u_core/hdc_src0_q_reg[2][45]
  -------------------------------------------------------------------
                         required time                          5.742    
                         arrival time                          -5.463    
  -------------------------------------------------------------------
                         slack                                  0.279    

Slack (MET) :             0.279ns  (required time - arrival time)
  Source:                 u_ecc/u_core/ecc_leaf_path_q_reg[2]/C
                            (rising edge-triggered cell FDCE clocked by clk_i  {rise@0.000ns fall@2.500ns period=5.000ns})
  Destination:            u_ecc/u_core/ecc_leaf_xor_a_q_reg[6]/D
                            (rising edge-triggered cell FDCE clocked by clk_i  {rise@0.000ns fall@2.500ns period=5.000ns})
  Path Group:             clk_i
  Path Type:              Setup (Max at Slow Process Corner)
  Requirement:            5.000ns  (clk_i rise@5.000ns - clk_i rise@0.000ns)
  Data Path Delay:        4.604ns  (logic 1.063ns (23.088%)  route 3.541ns (76.912%))
  Logic Levels:           6  (LUT4=2 LUT5=3 LUT6=1)
  Clock Path Skew:        -0.039ns (DCD - SCD + CPR)
    Destination Clock Delay (DCD):    0.748ns = ( 5.748 - 5.000 ) 
    Source Clock Delay      (SCD):    0.787ns
    Clock Pessimism Removal (CPR):    0.000ns
  Clock Uncertainty:      0.035ns  ((TSJ^2 + TIJ^2)^1/2 + DJ) / 2 + PE
    Total System Jitter     (TSJ):    0.071ns
    Total Input Jitter      (TIJ):    0.000ns
    Discrete Jitter          (DJ):    0.000ns
    Phase Error              (PE):    0.000ns

    Location             Delay type                Incr(ns)  Path(ns)    Netlist Resource(s)
  -------------------------------------------------------------------    -------------------
                         (clock clk_i rise edge)      0.000     0.000 r  
                                                      0.000     0.000 r  clk_i (IN)
                         net (fo=2611, unset)         0.787     0.787    u_ecc/u_core/clk_i
    SLICE_X58Y43         FDCE                                         r  u_ecc/u_core/ecc_leaf_path_q_reg[2]/C
  -------------------------------------------------------------------    -------------------
    SLICE_X58Y43         FDCE (Prop_fdce_C_Q)         0.433     1.220 f  u_ecc/u_core/ecc_leaf_path_q_reg[2]/Q
                         net (fo=111, routed)         0.551     1.771    u_ecc/u_core/path[2]
    SLICE_X57Y43                                                      f  u_ecc/u_core/i_vec_i_304/I3
    SLICE_X57Y43         LUT4 (Prop_lut4_I3_O)        0.105     1.876 r  u_ecc/u_core/i_vec_i_304/O
                         net (fo=112, routed)         0.675     2.551    u_ecc/u_core/i_vec_i_304_n_0
    SLICE_X51Y44                                                      r  u_ecc/u_core/ecc_leaf_xor_a_q[31]_i_13/I4
    SLICE_X51Y44         LUT6 (Prop_lut6_I4_O)        0.105     2.656 r  u_ecc/u_core/ecc_leaf_xor_a_q[31]_i_13/O
                         net (fo=5, routed)           0.267     2.924    u_ecc/u_core/ecc_leaf_xor_a_q[31]_i_13_n_0
    SLICE_X52Y44                                                      r  u_ecc/u_core/ecc_leaf_xor_a_q[31]_i_16/I0
    SLICE_X52Y44         LUT5 (Prop_lut5_I0_O)        0.105     3.029 r  u_ecc/u_core/ecc_leaf_xor_a_q[31]_i_16/O
                         net (fo=128, routed)         0.919     3.947    u_ecc/u_core/ecc_leaf_xor_a_q[31]_i_16_n_0
    SLICE_X48Y41                                                      r  u_ecc/u_core/ecc_leaf_xor_a_q[6]_i_5/I3
    SLICE_X48Y41         LUT5 (Prop_lut5_I3_O)        0.105     4.052 r  u_ecc/u_core/ecc_leaf_xor_a_q[6]_i_5/O
                         net (fo=1, routed)           0.346     4.398    u_ecc/u_core/ecc_leaf_xor_a_q[6]_i_5_n_0
    SLICE_X48Y41                                                      r  u_ecc/u_core/ecc_leaf_xor_a_q[6]_i_2/I1
    SLICE_X48Y41         LUT4 (Prop_lut4_I1_O)        0.105     4.503 r  u_ecc/u_core/ecc_leaf_xor_a_q[6]_i_2/O
                         net (fo=3, routed)           0.407     4.910    u_ecc/u_core/ecc_leaf_xor_a_q[6]_i_2_n_0
    SLICE_X46Y42                                                      r  u_ecc/u_core/ecc_leaf_xor_a_q[6]_i_1/I0
    SLICE_X46Y42         LUT5 (Prop_lut5_I0_O)        0.105     5.015 r  u_ecc/u_core/ecc_leaf_xor_a_q[6]_i_1/O
                         net (fo=2, routed)           0.376     5.391    u_ecc/u_core/word[6]
    SLICE_X44Y43         FDCE                                         r  u_ecc/u_core/ecc_leaf_xor_a_q_reg[6]/D
  -------------------------------------------------------------------    -------------------

                         (clock clk_i rise edge)      5.000     5.000 r  
                                                      0.000     5.000 r  clk_i (IN)
                         net (fo=2611, unset)         0.748     5.748    u_ecc/u_core/clk_i
    SLICE_X44Y43         FDCE                                         r  u_ecc/u_core/ecc_leaf_xor_a_q_reg[6]/C
                         clock pessimism              0.000     5.748    
                         clock uncertainty           -0.035     5.712    
    SLICE_X44Y43         FDCE (Setup_fdce_C_D)       -0.042     5.670    u_ecc/u_core/ecc_leaf_xor_a_q_reg[6]
  -------------------------------------------------------------------
                         required time                          5.670    
                         arrival time                          -5.391    
  -------------------------------------------------------------------
                         slack                                  0.279    

Slack (MET) :             0.279ns  (required time - arrival time)
  Source:                 u_hdc/u_core/i_vrf/gen_bank[0].vrf_mem_reg/CLKARDCLK
                            (rising edge-triggered cell RAMB36E1 clocked by clk_i  {rise@0.000ns fall@2.500ns period=5.000ns})
  Destination:            u_hdc/u_core/i_vec/payload_q_reg[0][36]/D
                            (rising edge-triggered cell FDCE clocked by clk_i  {rise@0.000ns fall@2.500ns period=5.000ns})
  Path Group:             clk_i
  Path Type:              Setup (Max at Slow Process Corner)
  Requirement:            5.000ns  (clk_i rise@5.000ns - clk_i rise@0.000ns)
  Data Path Delay:        4.722ns  (logic 2.631ns (55.720%)  route 2.091ns (44.280%))
  Logic Levels:           3  (LUT2=1 LUT4=1 LUT6=1)
  Clock Path Skew:        -0.039ns (DCD - SCD + CPR)
    Destination Clock Delay (DCD):    0.748ns = ( 5.748 - 5.000 ) 
    Source Clock Delay      (SCD):    0.787ns
    Clock Pessimism Removal (CPR):    0.000ns
  Clock Uncertainty:      0.035ns  ((TSJ^2 + TIJ^2)^1/2 + DJ) / 2 + PE
    Total System Jitter     (TSJ):    0.071ns
    Total Input Jitter      (TIJ):    0.000ns
    Discrete Jitter          (DJ):    0.000ns
    Phase Error              (PE):    0.000ns

    Location             Delay type                Incr(ns)  Path(ns)    Netlist Resource(s)
  -------------------------------------------------------------------    -------------------
                         (clock clk_i rise edge)      0.000     0.000 r  
                                                      0.000     0.000 r  clk_i (IN)
                         net (fo=2611, unset)         0.787     0.787    u_hdc/u_core/i_vrf/clk_i
    RAMB36_X4Y3          RAMB36E1                                     r  u_hdc/u_core/i_vrf/gen_bank[0].vrf_mem_reg/CLKARDCLK
  -------------------------------------------------------------------    -------------------
    RAMB36_X4Y3          RAMB36E1 (Prop_ramb36e1_CLKARDCLK_DOBDO[4])
                                                      2.125     2.912 r  u_hdc/u_core/i_vrf/gen_bank[0].vrf_mem_reg/DOBDO[4]
                         net (fo=2, routed)           1.299     4.211    u_hdc/u_core/i_vec/i_gf2_contribution_row_tile/matrix_src_b_i[1][4]
    SLICE_X70Y9                                                       r  u_hdc/u_core/i_vec/i_gf2_contribution_row_tile/matrix_product_o[1][4]_INST_0/I1
    SLICE_X70Y9          LUT2 (Prop_lut2_I1_O)        0.126     4.337 r  u_hdc/u_core/i_vec/i_gf2_contribution_row_tile/matrix_product_o[1][4]_INST_0/O
                         net (fo=1, routed)           0.528     4.865    u_hdc/u_core/i_vec/tile_product_word[0][36]
    SLICE_X67Y9                                                       r  u_hdc/u_core/i_vec/payload_q[0][36]_i_2/I0
    SLICE_X67Y9          LUT4 (Prop_lut4_I0_O)        0.275     5.140 r  u_hdc/u_core/i_vec/payload_q[0][36]_i_2/O
                         net (fo=1, routed)           0.264     5.404    u_hdc/u_core/i_vec/payload_q[0][36]_i_2_n_0
    SLICE_X66Y9                                                       r  u_hdc/u_core/i_vec/payload_q[0][36]_i_1/I5
    SLICE_X66Y9          LUT6 (Prop_lut6_I5_O)        0.105     5.509 r  u_hdc/u_core/i_vec/payload_q[0][36]_i_1/O
                         net (fo=1, routed)           0.000     5.509    u_hdc/u_core/i_vec/payload_q[0][36]_i_1_n_0
    SLICE_X66Y9          FDCE                                         r  u_hdc/u_core/i_vec/payload_q_reg[0][36]/D
  -------------------------------------------------------------------    -------------------

                         (clock clk_i rise edge)      5.000     5.000 r  
                                                      0.000     5.000 r  clk_i (IN)
                         net (fo=2611, unset)         0.748     5.748    u_hdc/u_core/i_vec/clk_i
    SLICE_X66Y9          FDCE                                         r  u_hdc/u_core/i_vec/payload_q_reg[0][36]/C
                         clock pessimism              0.000     5.748    
                         clock uncertainty           -0.035     5.712    
    SLICE_X66Y9          FDCE (Setup_fdce_C_D)        0.076     5.788    u_hdc/u_core/i_vec/payload_q_reg[0][36]
  -------------------------------------------------------------------
                         required time                          5.788    
                         arrival time                          -5.509    
  -------------------------------------------------------------------
                         slack                                  0.279    

Slack (MET) :             0.280ns  (required time - arrival time)
  Source:                 u_ecc/u_core/i_vrf/gen_bank[2].vrf_mem_reg/CLKARDCLK
                            (rising edge-triggered cell RAMB36E1 clocked by clk_i  {rise@0.000ns fall@2.500ns period=5.000ns})
  Destination:            u_ecc/u_core/i_vec/payload_q_reg[2][53]/D
                            (rising edge-triggered cell FDCE clocked by clk_i  {rise@0.000ns fall@2.500ns period=5.000ns})
  Path Group:             clk_i
  Path Type:              Setup (Max at Slow Process Corner)
  Requirement:            5.000ns  (clk_i rise@5.000ns - clk_i rise@0.000ns)
  Data Path Delay:        4.676ns  (logic 2.440ns (52.184%)  route 2.236ns (47.816%))
  Logic Levels:           3  (LUT2=1 LUT3=1 LUT5=1)
  Clock Path Skew:        -0.039ns (DCD - SCD + CPR)
    Destination Clock Delay (DCD):    0.748ns = ( 5.748 - 5.000 ) 
    Source Clock Delay      (SCD):    0.787ns
    Clock Pessimism Removal (CPR):    0.000ns
  Clock Uncertainty:      0.035ns  ((TSJ^2 + TIJ^2)^1/2 + DJ) / 2 + PE
    Total System Jitter     (TSJ):    0.071ns
    Total Input Jitter      (TIJ):    0.000ns
    Discrete Jitter          (DJ):    0.000ns
    Phase Error              (PE):    0.000ns

    Location             Delay type                Incr(ns)  Path(ns)    Netlist Resource(s)
  -------------------------------------------------------------------    -------------------
                         (clock clk_i rise edge)      0.000     0.000 r  
                                                      0.000     0.000 r  clk_i (IN)
                         net (fo=2611, unset)         0.787     0.787    u_ecc/u_core/i_vrf/clk_i
    RAMB36_X3Y6          RAMB36E1                                     r  u_ecc/u_core/i_vrf/gen_bank[2].vrf_mem_reg/CLKARDCLK
  -------------------------------------------------------------------    -------------------
    RAMB36_X3Y6          RAMB36E1 (Prop_ramb36e1_CLKARDCLK_DOBDO[21])
                                                      2.125     2.912 r  u_ecc/u_core/i_vrf/gen_bank[2].vrf_mem_reg/DOBDO[21]
                         net (fo=2, routed)           1.484     4.396    u_ecc/u_core/i_vec/hdc_pair_src_b_i[2][53]
    SLICE_X87Y41                                                      r  u_ecc/u_core/i_vec/i_gf2_contribution_row_tile_i_331/I2
    SLICE_X87Y41         LUT3 (Prop_lut3_I2_O)        0.105     4.501 r  u_ecc/u_core/i_vec/i_gf2_contribution_row_tile_i_331/O
                         net (fo=1, routed)           0.346     4.846    u_ecc/u_core/i_vec/i_gf2_contribution_row_tile/matrix_src_b_i[5][21]
    SLICE_X88Y42                                                      r  u_ecc/u_core/i_vec/i_gf2_contribution_row_tile/matrix_product_o[5][21]_INST_0/I1
    SLICE_X88Y42         LUT2 (Prop_lut2_I1_O)        0.105     4.951 r  u_ecc/u_core/i_vec/i_gf2_contribution_row_tile/matrix_product_o[5][21]_INST_0/O
                         net (fo=1, routed)           0.407     5.358    u_ecc/u_core/i_vec/tile_product_word[2][53]
    SLICE_X88Y42                                                      r  u_ecc/u_core/i_vec/payload_q[2][53]_i_1/I4
    SLICE_X88Y42         LUT5 (Prop_lut5_I4_O)        0.105     5.463 r  u_ecc/u_core/i_vec/payload_q[2][53]_i_1/O
                         net (fo=1, routed)           0.000     5.463    u_ecc/u_core/i_vec/payload_q[2][53]_i_1_n_0
    SLICE_X88Y42         FDCE                                         r  u_ecc/u_core/i_vec/payload_q_reg[2][53]/D
  -------------------------------------------------------------------    -------------------

                         (clock clk_i rise edge)      5.000     5.000 r  
                                                      0.000     5.000 r  clk_i (IN)
                         net (fo=2611, unset)         0.748     5.748    u_ecc/u_core/i_vec/clk_i
    SLICE_X88Y42         FDCE                                         r  u_ecc/u_core/i_vec/payload_q_reg[2][53]/C
                         clock pessimism              0.000     5.748    
                         clock uncertainty           -0.035     5.712    
    SLICE_X88Y42         FDCE (Setup_fdce_C_D)        0.030     5.742    u_ecc/u_core/i_vec/payload_q_reg[2][53]
  -------------------------------------------------------------------
                         required time                          5.742    
                         arrival time                          -5.463    
  -------------------------------------------------------------------
                         slack                                  0.280    

Slack (MET) :             0.281ns  (required time - arrival time)
  Source:                 u_ecc/u_core/ecc_pmul_subop_q_reg[0]/C
                            (rising edge-triggered cell FDCE clocked by clk_i  {rise@0.000ns fall@2.500ns period=5.000ns})
  Destination:            u_ecc/u_core/ecc_kpd64_sub_q_reg[0]_replica_1/D
                            (rising edge-triggered cell FDCE clocked by clk_i  {rise@0.000ns fall@2.500ns period=5.000ns})
  Path Group:             clk_i
  Path Type:              Setup (Max at Slow Process Corner)
  Requirement:            5.000ns  (clk_i rise@5.000ns - clk_i rise@0.000ns)
  Data Path Delay:        4.597ns  (logic 1.137ns (24.731%)  route 3.460ns (75.269%))
  Logic Levels:           5  (LUT3=1 LUT4=1 LUT6=3)
  Clock Path Skew:        -0.039ns (DCD - SCD + CPR)
    Destination Clock Delay (DCD):    0.748ns = ( 5.748 - 5.000 ) 
    Source Clock Delay      (SCD):    0.787ns
    Clock Pessimism Removal (CPR):    0.000ns
  Clock Uncertainty:      0.035ns  ((TSJ^2 + TIJ^2)^1/2 + DJ) / 2 + PE
    Total System Jitter     (TSJ):    0.071ns
    Total Input Jitter      (TIJ):    0.000ns
    Discrete Jitter          (DJ):    0.000ns
    Phase Error              (PE):    0.000ns

    Location             Delay type                Incr(ns)  Path(ns)    Netlist Resource(s)
  -------------------------------------------------------------------    -------------------
                         (clock clk_i rise edge)      0.000     0.000 r  
                                                      0.000     0.000 r  clk_i (IN)
                         net (fo=2611, unset)         0.787     0.787    u_ecc/u_core/clk_i
    SLICE_X46Y34         FDCE                                         r  u_ecc/u_core/ecc_pmul_subop_q_reg[0]/C
  -------------------------------------------------------------------    -------------------
    SLICE_X46Y34         FDCE (Prop_fdce_C_Q)         0.433     1.220 f  u_ecc/u_core/ecc_pmul_subop_q_reg[0]/Q
                         net (fo=60, routed)          0.606     1.826    u_ecc/u_core/subop[0]
    SLICE_X46Y35                                                      f  u_ecc/u_core/ecc_sqr_repeat_q[6]_i_11/I0
    SLICE_X46Y35         LUT3 (Prop_lut3_I0_O)        0.125     1.951 f  u_ecc/u_core/ecc_sqr_repeat_q[6]_i_11/O
                         net (fo=6, routed)           0.426     2.377    u_ecc/u_core/ecc_sqr_repeat_q[6]_i_11_n_0
    SLICE_X46Y36                                                      f  u_ecc/u_core/ecc_leaf_xor_a_q[31]_i_5/I0
    SLICE_X46Y36         LUT6 (Prop_lut6_I0_O)        0.264     2.641 r  u_ecc/u_core/ecc_leaf_xor_a_q[31]_i_5/O
                         net (fo=15, routed)          0.300     2.941    u_ecc/u_core/ecc_leaf_xor_a_q[31]_i_5_n_0
    SLICE_X45Y37                                                      r  u_ecc/u_core/ecc_fold_word_q[0]_i_2/I2
    SLICE_X45Y37         LUT4 (Prop_lut4_I2_O)        0.105     3.046 f  u_ecc/u_core/ecc_fold_word_q[0]_i_2/O
                         net (fo=2, routed)           0.234     3.280    u_ecc/u_core/ecc_fold_word_q[0]_i_2_n_0
    SLICE_X45Y38                                                      f  u_ecc/u_core/ecc_leaf_path_q[3]_i_3/I5
    SLICE_X45Y38         LUT6 (Prop_lut6_I5_O)        0.105     3.385 f  u_ecc/u_core/ecc_leaf_path_q[3]_i_3/O
                         net (fo=7, routed)           0.925     4.310    u_ecc/u_core/ecc_leaf_path_q[3]_i_3_n_0
    SLICE_X63Y44                                                      f  u_ecc/u_core/ecc_kpd64_sub_q[0]_i_1/I4
    SLICE_X63Y44         LUT6 (Prop_lut6_I4_O)        0.105     4.415 r  u_ecc/u_core/ecc_kpd64_sub_q[0]_i_1/O
                         net (fo=3, routed)           0.969     5.384    u_ecc/u_core/ecc_kpd64_sub_q[0]_i_1_n_0
    SLICE_X85Y41         FDCE                                         r  u_ecc/u_core/ecc_kpd64_sub_q_reg[0]_replica_1/D
  -------------------------------------------------------------------    -------------------

                         (clock clk_i rise edge)      5.000     5.000 r  
                                                      0.000     5.000 r  clk_i (IN)
                         net (fo=2611, unset)         0.748     5.748    u_ecc/u_core/clk_i
    SLICE_X85Y41         FDCE                                         r  u_ecc/u_core/ecc_kpd64_sub_q_reg[0]_replica_1/C
                         clock pessimism              0.000     5.748    
                         clock uncertainty           -0.035     5.712    
    SLICE_X85Y41         FDCE (Setup_fdce_C_D)       -0.047     5.665    u_ecc/u_core/ecc_kpd64_sub_q_reg[0]_replica_1
  -------------------------------------------------------------------
                         required time                          5.665    
                         arrival time                          -5.384    
  -------------------------------------------------------------------
                         slack                                  0.281    

Slack (MET) :             0.281ns  (required time - arrival time)
  Source:                 u_ecc/u_core/ecc_pmul_subop_q_reg[0]/C
                            (rising edge-triggered cell FDCE clocked by clk_i  {rise@0.000ns fall@2.500ns period=5.000ns})
  Destination:            u_ecc/u_core/hdc_src0_q_reg[0][2]/CE
                            (rising edge-triggered cell FDCE clocked by clk_i  {rise@0.000ns fall@2.500ns period=5.000ns})
  Path Group:             clk_i
  Path Type:              Setup (Max at Slow Process Corner)
  Requirement:            5.000ns  (clk_i rise@5.000ns - clk_i rise@0.000ns)
  Data Path Delay:        4.476ns  (logic 1.137ns (25.400%)  route 3.339ns (74.600%))
  Logic Levels:           5  (LUT3=1 LUT6=4)
  Clock Path Skew:        -0.039ns (DCD - SCD + CPR)
    Destination Clock Delay (DCD):    0.748ns = ( 5.748 - 5.000 ) 
    Source Clock Delay      (SCD):    0.787ns
    Clock Pessimism Removal (CPR):    0.000ns
  Clock Uncertainty:      0.035ns  ((TSJ^2 + TIJ^2)^1/2 + DJ) / 2 + PE
    Total System Jitter     (TSJ):    0.071ns
    Total Input Jitter      (TIJ):    0.000ns
    Discrete Jitter          (DJ):    0.000ns
    Phase Error              (PE):    0.000ns

    Location             Delay type                Incr(ns)  Path(ns)    Netlist Resource(s)
  -------------------------------------------------------------------    -------------------
                         (clock clk_i rise edge)      0.000     0.000 r  
                                                      0.000     0.000 r  clk_i (IN)
                         net (fo=2611, unset)         0.787     0.787    u_ecc/u_core/clk_i
    SLICE_X46Y34         FDCE                                         r  u_ecc/u_core/ecc_pmul_subop_q_reg[0]/C
  -------------------------------------------------------------------    -------------------
    SLICE_X46Y34         FDCE (Prop_fdce_C_Q)         0.433     1.220 r  u_ecc/u_core/ecc_pmul_subop_q_reg[0]/Q
                         net (fo=60, routed)          0.606     1.826    u_ecc/u_core/subop[0]
    SLICE_X46Y35                                                      r  u_ecc/u_core/ecc_sqr_repeat_q[6]_i_11/I0
    SLICE_X46Y35         LUT3 (Prop_lut3_I0_O)        0.125     1.951 r  u_ecc/u_core/ecc_sqr_repeat_q[6]_i_11/O
                         net (fo=6, routed)           0.426     2.377    u_ecc/u_core/ecc_sqr_repeat_q[6]_i_11_n_0
    SLICE_X46Y36                                                      r  u_ecc/u_core/ecc_leaf_xor_a_q[31]_i_5/I0
    SLICE_X46Y36         LUT6 (Prop_lut6_I0_O)        0.264     2.641 f  u_ecc/u_core/ecc_leaf_xor_a_q[31]_i_5/O
                         net (fo=15, routed)          0.272     2.913    u_ecc/u_core/ecc_leaf_xor_a_q[31]_i_5_n_0
    SLICE_X47Y36                                                      f  u_ecc/u_core/hdc_src0_q[3][63]_i_6/I5
    SLICE_X47Y36         LUT6 (Prop_lut6_I5_O)        0.105     3.018 r  u_ecc/u_core/hdc_src0_q[3][63]_i_6/O
                         net (fo=1, routed)           0.258     3.276    u_ecc/u_core/hdc_src0_q[3][63]_i_6_n_0
    SLICE_X47Y37                                                      r  u_ecc/u_core/hdc_src0_q[3][63]_i_3/I5
    SLICE_X47Y37         LUT6 (Prop_lut6_I5_O)        0.105     3.381 r  u_ecc/u_core/hdc_src0_q[3][63]_i_3/O
                         net (fo=4, routed)           0.836     4.217    u_ecc/u_core/hdc_src0_q[3][63]_i_3_n_0
    SLICE_X78Y42                                                      r  u_ecc/u_core/hdc_src0_q[1][63]_i_1/I5
    SLICE_X78Y42         LUT6 (Prop_lut6_I5_O)        0.105     4.322 r  u_ecc/u_core/hdc_src0_q[1][63]_i_1/O
                         net (fo=128, routed)         0.942     5.263    u_ecc/u_core/hdc_src0_q[1][63]_i_1_n_0
    SLICE_X73Y32         FDCE                                         r  u_ecc/u_core/hdc_src0_q_reg[0][2]/CE
  -------------------------------------------------------------------    -------------------

                         (clock clk_i rise edge)      5.000     5.000 r  
                                                      0.000     5.000 r  clk_i (IN)
                         net (fo=2611, unset)         0.748     5.748    u_ecc/u_core/clk_i
    SLICE_X73Y32         FDCE                                         r  u_ecc/u_core/hdc_src0_q_reg[0][2]/C
                         clock pessimism              0.000     5.748    
                         clock uncertainty           -0.035     5.712    
    SLICE_X73Y32         FDCE (Setup_fdce_C_CE)      -0.168     5.544    u_ecc/u_core/hdc_src0_q_reg[0][2]
  -------------------------------------------------------------------
                         required time                          5.544    
                         arrival time                          -5.263    
  -------------------------------------------------------------------
                         slack                                  0.281    

Slack (MET) :             0.281ns  (required time - arrival time)
  Source:                 u_ecc/u_core/ecc_kpd64_sub_q_reg[0]/C
                            (rising edge-triggered cell FDCE clocked by clk_i  {rise@0.000ns fall@2.500ns period=5.000ns})
  Destination:            u_ecc/u_core/hdc_src0_q_reg[1][31]/D
                            (rising edge-triggered cell FDCE clocked by clk_i  {rise@0.000ns fall@2.500ns period=5.000ns})
  Path Group:             clk_i
  Path Type:              Setup (Max at Slow Process Corner)
  Requirement:            5.000ns  (clk_i rise@5.000ns - clk_i rise@0.000ns)
  Data Path Delay:        4.674ns  (logic 0.904ns (19.340%)  route 3.770ns (80.660%))
  Logic Levels:           5  (LUT2=1 LUT4=1 LUT6=3)
  Clock Path Skew:        -0.039ns (DCD - SCD + CPR)
    Destination Clock Delay (DCD):    0.748ns = ( 5.748 - 5.000 ) 
    Source Clock Delay      (SCD):    0.787ns
    Clock Pessimism Removal (CPR):    0.000ns
  Clock Uncertainty:      0.035ns  ((TSJ^2 + TIJ^2)^1/2 + DJ) / 2 + PE
    Total System Jitter     (TSJ):    0.071ns
    Total Input Jitter      (TIJ):    0.000ns
    Discrete Jitter          (DJ):    0.000ns
    Phase Error              (PE):    0.000ns

    Location             Delay type                Incr(ns)  Path(ns)    Netlist Resource(s)
  -------------------------------------------------------------------    -------------------
                         (clock clk_i rise edge)      0.000     0.000 r  
                                                      0.000     0.000 r  clk_i (IN)
                         net (fo=2611, unset)         0.787     0.787    u_ecc/u_core/clk_i
    SLICE_X73Y43         FDCE                                         r  u_ecc/u_core/ecc_kpd64_sub_q_reg[0]/C
  -------------------------------------------------------------------    -------------------
    SLICE_X73Y43         FDCE (Prop_fdce_C_Q)         0.379     1.166 r  u_ecc/u_core/ecc_kpd64_sub_q_reg[0]/Q
                         net (fo=146, routed)         1.341     2.507    u_ecc/u_core/ecc_kpd64_sub_q[0]
    SLICE_X81Y51                                                      r  u_ecc/u_core/i_vec_i_820/I3
    SLICE_X81Y51         LUT6 (Prop_lut6_I3_O)        0.105     2.612 r  u_ecc/u_core/i_vec_i_820/O
                         net (fo=8, routed)           0.745     3.356    u_ecc/u_core/i_vec_i_820_n_0
    SLICE_X77Y48                                                      r  u_ecc/u_core/i_vec_i_446/I3
    SLICE_X77Y48         LUT4 (Prop_lut4_I3_O)        0.105     3.461 r  u_ecc/u_core/i_vec_i_446/O
                         net (fo=3, routed)           0.778     4.240    u_ecc/u_core/i_vec_i_446_n_0
    SLICE_X77Y43                                                      r  u_ecc/u_core/i_vec_i_196/I4
    SLICE_X77Y43         LUT6 (Prop_lut6_I4_O)        0.105     4.345 r  u_ecc/u_core/i_vec_i_196/O
                         net (fo=2, routed)           0.593     4.938    u_ecc/u_core/i_vec/xor0_contribution_packet_i[1][31]
    SLICE_X81Y43                                                      r  u_ecc/u_core/i_vec/xor0_field_packet_o[95]_INST_0/I0
    SLICE_X81Y43         LUT2 (Prop_lut2_I0_O)        0.105     5.043 r  u_ecc/u_core/i_vec/xor0_field_packet_o[95]_INST_0/O
                         net (fo=1, routed)           0.313     5.356    u_ecc/u_core/xor0_field_packet[95]
    SLICE_X81Y43                                                      r  u_ecc/u_core/hdc_src0_q[1][31]_i_1/I4
    SLICE_X81Y43         LUT6 (Prop_lut6_I4_O)        0.105     5.461 r  u_ecc/u_core/hdc_src0_q[1][31]_i_1/O
                         net (fo=1, routed)           0.000     5.461    u_ecc/u_core/hdc_src0_q[1][31]_i_1_n_0
    SLICE_X81Y43         FDCE                                         r  u_ecc/u_core/hdc_src0_q_reg[1][31]/D
  -------------------------------------------------------------------    -------------------

                         (clock clk_i rise edge)      5.000     5.000 r  
                                                      0.000     5.000 r  clk_i (IN)
                         net (fo=2611, unset)         0.748     5.748    u_ecc/u_core/clk_i
    SLICE_X81Y43         FDCE                                         r  u_ecc/u_core/hdc_src0_q_reg[1][31]/C
                         clock pessimism              0.000     5.748    
                         clock uncertainty           -0.035     5.712    
    SLICE_X81Y43         FDCE (Setup_fdce_C_D)        0.030     5.742    u_ecc/u_core/hdc_src0_q_reg[1][31]
  -------------------------------------------------------------------
                         required time                          5.742    
                         arrival time                          -5.461    
  -------------------------------------------------------------------
                         slack                                  0.281    

Slack (MET) :             0.281ns  (required time - arrival time)
  Source:                 u_ecc/u_core/i_vrf/gen_bank[1].vrf_mem_reg/CLKARDCLK
                            (rising edge-triggered cell RAMB36E1 clocked by clk_i  {rise@0.000ns fall@2.500ns period=5.000ns})
  Destination:            u_ecc/u_core/i_vec/payload_q_reg[1][37]/D
                            (rising edge-triggered cell FDCE clocked by clk_i  {rise@0.000ns fall@2.500ns period=5.000ns})
  Path Group:             clk_i
  Path Type:              Setup (Max at Slow Process Corner)
  Requirement:            5.000ns  (clk_i rise@5.000ns - clk_i rise@0.000ns)
  Data Path Delay:        4.677ns  (logic 2.627ns (56.167%)  route 2.050ns (43.833%))
  Logic Levels:           3  (LUT2=1 LUT3=1 LUT5=1)
  Clock Path Skew:        -0.039ns (DCD - SCD + CPR)
    Destination Clock Delay (DCD):    0.748ns = ( 5.748 - 5.000 ) 
    Source Clock Delay      (SCD):    0.787ns
    Clock Pessimism Removal (CPR):    0.000ns
  Clock Uncertainty:      0.035ns  ((TSJ^2 + TIJ^2)^1/2 + DJ) / 2 + PE
    Total System Jitter     (TSJ):    0.071ns
    Total Input Jitter      (TIJ):    0.000ns
    Discrete Jitter          (DJ):    0.000ns
    Phase Error              (PE):    0.000ns

    Location             Delay type                Incr(ns)  Path(ns)    Netlist Resource(s)
  -------------------------------------------------------------------    -------------------
                         (clock clk_i rise edge)      0.000     0.000 r  
                                                      0.000     0.000 r  clk_i (IN)
                         net (fo=2611, unset)         0.787     0.787    u_ecc/u_core/i_vrf/clk_i
    RAMB36_X3Y8          RAMB36E1                                     r  u_ecc/u_core/i_vrf/gen_bank[1].vrf_mem_reg/CLKARDCLK
  -------------------------------------------------------------------    -------------------
    RAMB36_X3Y8          RAMB36E1 (Prop_ramb36e1_CLKARDCLK_DOBDO[5])
                                                      2.125     2.912 r  u_ecc/u_core/i_vrf/gen_bank[1].vrf_mem_reg/DOBDO[5]
                         net (fo=2, routed)           1.355     4.267    u_ecc/u_core/i_vec/hdc_pair_src_b_i[1][37]
    SLICE_X74Y42                                                      r  u_ecc/u_core/i_vec/i_gf2_contribution_row_tile_i_411/I2
    SLICE_X74Y42         LUT3 (Prop_lut3_I2_O)        0.123     4.390 r  u_ecc/u_core/i_vec/i_gf2_contribution_row_tile_i_411/O
                         net (fo=1, routed)           0.369     4.759    u_ecc/u_core/i_vec/i_gf2_contribution_row_tile/matrix_src_b_i[3][5]
    SLICE_X78Y44                                                      r  u_ecc/u_core/i_vec/i_gf2_contribution_row_tile/matrix_product_o[3][5]_INST_0/I1
    SLICE_X78Y44         LUT2 (Prop_lut2_I1_O)        0.274     5.033 r  u_ecc/u_core/i_vec/i_gf2_contribution_row_tile/matrix_product_o[3][5]_INST_0/O
                         net (fo=1, routed)           0.326     5.359    u_ecc/u_core/i_vec/tile_product_word[1][37]
    SLICE_X81Y44                                                      r  u_ecc/u_core/i_vec/payload_q[1][37]_i_1/I4
    SLICE_X81Y44         LUT5 (Prop_lut5_I4_O)        0.105     5.464 r  u_ecc/u_core/i_vec/payload_q[1][37]_i_1/O
                         net (fo=1, routed)           0.000     5.464    u_ecc/u_core/i_vec/payload_q[1][37]_i_1_n_0
    SLICE_X81Y44         FDCE                                         r  u_ecc/u_core/i_vec/payload_q_reg[1][37]/D
  -------------------------------------------------------------------    -------------------

                         (clock clk_i rise edge)      5.000     5.000 r  
                                                      0.000     5.000 r  clk_i (IN)
                         net (fo=2611, unset)         0.748     5.748    u_ecc/u_core/i_vec/clk_i
    SLICE_X81Y44         FDCE                                         r  u_ecc/u_core/i_vec/payload_q_reg[1][37]/C
                         clock pessimism              0.000     5.748    
                         clock uncertainty           -0.035     5.712    
    SLICE_X81Y44         FDCE (Setup_fdce_C_D)        0.033     5.745    u_ecc/u_core/i_vec/payload_q_reg[1][37]
  -------------------------------------------------------------------
                         required time                          5.745    
                         arrival time                          -5.464    
  -------------------------------------------------------------------
                         slack                                  0.281    

Slack (MET) :             0.281ns  (required time - arrival time)
  Source:                 u_ecc/u_core/i_vrf/gen_bank[2].vrf_mem_reg/CLKARDCLK
                            (rising edge-triggered cell RAMB36E1 clocked by clk_i  {rise@0.000ns fall@2.500ns period=5.000ns})
  Destination:            u_ecc/u_core/i_vec/payload_q_reg[2][23]/D
                            (rising edge-triggered cell FDCE clocked by clk_i  {rise@0.000ns fall@2.500ns period=5.000ns})
  Path Group:             clk_i
  Path Type:              Setup (Max at Slow Process Corner)
  Requirement:            5.000ns  (clk_i rise@5.000ns - clk_i rise@0.000ns)
  Data Path Delay:        4.674ns  (logic 2.620ns (56.053%)  route 2.054ns (43.947%))
  Logic Levels:           3  (LUT2=1 LUT3=1 LUT5=1)
  Clock Path Skew:        -0.039ns (DCD - SCD + CPR)
    Destination Clock Delay (DCD):    0.748ns = ( 5.748 - 5.000 ) 
    Source Clock Delay      (SCD):    0.787ns
    Clock Pessimism Removal (CPR):    0.000ns
  Clock Uncertainty:      0.035ns  ((TSJ^2 + TIJ^2)^1/2 + DJ) / 2 + PE
    Total System Jitter     (TSJ):    0.071ns
    Total Input Jitter      (TIJ):    0.000ns
    Discrete Jitter          (DJ):    0.000ns
    Phase Error              (PE):    0.000ns

    Location             Delay type                Incr(ns)  Path(ns)    Netlist Resource(s)
  -------------------------------------------------------------------    -------------------
                         (clock clk_i rise edge)      0.000     0.000 r  
                                                      0.000     0.000 r  clk_i (IN)
                         net (fo=2611, unset)         0.787     0.787    u_ecc/u_core/i_vrf/clk_i
    RAMB36_X3Y6          RAMB36E1                                     r  u_ecc/u_core/i_vrf/gen_bank[2].vrf_mem_reg/CLKARDCLK
  -------------------------------------------------------------------    -------------------
    RAMB36_X3Y6          RAMB36E1 (Prop_ramb36e1_CLKARDCLK_DOADO[23])
                                                      2.125     2.912 r  u_ecc/u_core/i_vrf/gen_bank[2].vrf_mem_reg/DOADO[23]
                         net (fo=2, routed)           1.478     4.390    u_ecc/u_core/i_vec/hdc_pair_src_b_i[2][23]
    SLICE_X63Y48                                                      r  u_ecc/u_core/i_vec/i_gf2_contribution_row_tile_i_361/I2
    SLICE_X63Y48         LUT3 (Prop_lut3_I2_O)        0.115     4.505 r  u_ecc/u_core/i_vec/i_gf2_contribution_row_tile_i_361/O
                         net (fo=1, routed)           0.207     4.713    u_ecc/u_core/i_vec/i_gf2_contribution_row_tile/matrix_src_b_i[4][23]
    SLICE_X63Y48                                                      r  u_ecc/u_core/i_vec/i_gf2_contribution_row_tile/matrix_product_o[4][23]_INST_0/I1
    SLICE_X63Y48         LUT2 (Prop_lut2_I1_O)        0.275     4.988 r  u_ecc/u_core/i_vec/i_gf2_contribution_row_tile/matrix_product_o[4][23]_INST_0/O
                         net (fo=1, routed)           0.368     5.356    u_ecc/u_core/i_vec/tile_product_word[2][23]
    SLICE_X64Y46                                                      r  u_ecc/u_core/i_vec/payload_q[2][23]_i_1/I4
    SLICE_X64Y46         LUT5 (Prop_lut5_I4_O)        0.105     5.461 r  u_ecc/u_core/i_vec/payload_q[2][23]_i_1/O
                         net (fo=1, routed)           0.000     5.461    u_ecc/u_core/i_vec/payload_q[2][23]_i_1_n_0
    SLICE_X64Y46         FDCE                                         r  u_ecc/u_core/i_vec/payload_q_reg[2][23]/D
  -------------------------------------------------------------------    -------------------

                         (clock clk_i rise edge)      5.000     5.000 r  
                                                      0.000     5.000 r  clk_i (IN)
                         net (fo=2611, unset)         0.748     5.748    u_ecc/u_core/i_vec/clk_i
    SLICE_X64Y46         FDCE                                         r  u_ecc/u_core/i_vec/payload_q_reg[2][23]/C
                         clock pessimism              0.000     5.748    
                         clock uncertainty           -0.035     5.712    
    SLICE_X64Y46         FDCE (Setup_fdce_C_D)        0.030     5.742    u_ecc/u_core/i_vec/payload_q_reg[2][23]
  -------------------------------------------------------------------
                         required time                          5.742    
                         arrival time                          -5.461    
  -------------------------------------------------------------------
                         slack                                  0.281    

Slack (MET) :             0.281ns  (required time - arrival time)
  Source:                 u_ecc/u_core/ecc_leaf_path_q_reg[3]/C
                            (rising edge-triggered cell FDCE clocked by clk_i  {rise@0.000ns fall@2.500ns period=5.000ns})
  Destination:            u_ecc/u_core/i_vec/payload_q_reg[3][61]/D
                            (rising edge-triggered cell FDCE clocked by clk_i  {rise@0.000ns fall@2.500ns period=5.000ns})
  Path Group:             clk_i
  Path Type:              Setup (Max at Slow Process Corner)
  Requirement:            5.000ns  (clk_i rise@5.000ns - clk_i rise@0.000ns)
  Data Path Delay:        4.674ns  (logic 1.009ns (21.588%)  route 3.665ns (78.412%))
  Logic Levels:           6  (LUT2=1 LUT3=2 LUT4=1 LUT5=1 LUT6=1)
  Clock Path Skew:        -0.039ns (DCD - SCD + CPR)
    Destination Clock Delay (DCD):    0.748ns = ( 5.748 - 5.000 ) 
    Source Clock Delay      (SCD):    0.787ns
    Clock Pessimism Removal (CPR):    0.000ns
  Clock Uncertainty:      0.035ns  ((TSJ^2 + TIJ^2)^1/2 + DJ) / 2 + PE
    Total System Jitter     (TSJ):    0.071ns
    Total Input Jitter      (TIJ):    0.000ns
    Discrete Jitter          (DJ):    0.000ns
    Phase Error              (PE):    0.000ns

    Location             Delay type                Incr(ns)  Path(ns)    Netlist Resource(s)
  -------------------------------------------------------------------    -------------------
                         (clock clk_i rise edge)      0.000     0.000 r  
                                                      0.000     0.000 r  clk_i (IN)
                         net (fo=2611, unset)         0.787     0.787    u_ecc/u_core/clk_i
    SLICE_X69Y43         FDCE                                         r  u_ecc/u_core/ecc_leaf_path_q_reg[3]/C
  -------------------------------------------------------------------    -------------------
    SLICE_X69Y43         FDCE (Prop_fdce_C_Q)         0.379     1.166 f  u_ecc/u_core/ecc_leaf_path_q_reg[3]/Q
                         net (fo=109, routed)         0.721     1.887    u_ecc/u_core/path[3]
    SLICE_X63Y43                                                      f  u_ecc/u_core/i_vec_i_298/I2
    SLICE_X63Y43         LUT4 (Prop_lut4_I2_O)        0.105     1.992 f  u_ecc/u_core/i_vec_i_298/O
                         net (fo=111, routed)         0.239     2.231    u_ecc/u_core/i_vec_i_298_n_0
    SLICE_X63Y43                                                      f  u_ecc/u_core/i_vec_i_293/I0
    SLICE_X63Y43         LUT3 (Prop_lut3_I0_O)        0.105     2.336 f  u_ecc/u_core/i_vec_i_293/O
                         net (fo=1, routed)           0.257     2.593    u_ecc/u_core/i_vec_i_293_n_0
    SLICE_X64Y42                                                      f  u_ecc/u_core/i_vec_i_2/I4
    SLICE_X64Y42         LUT6 (Prop_lut6_I4_O)        0.105     2.698 r  u_ecc/u_core/i_vec_i_2/O
                         net (fo=769, routed)         1.329     4.027    u_ecc/u_core/i_vec/payload_product_i
    SLICE_X48Y47                                                      r  u_ecc/u_core/i_vec/i_gf2_contribution_row_tile_i_259/I1
    SLICE_X48Y47         LUT3 (Prop_lut3_I1_O)        0.105     4.132 r  u_ecc/u_core/i_vec/i_gf2_contribution_row_tile_i_259/O
                         net (fo=1, routed)           0.552     4.684    u_ecc/u_core/i_vec/i_gf2_contribution_row_tile/matrix_src_b_i[7][29]
    SLICE_X48Y47                                                      r  u_ecc/u_core/i_vec/i_gf2_contribution_row_tile/matrix_product_o[7][29]_INST_0/I1
    SLICE_X48Y47         LUT2 (Prop_lut2_I1_O)        0.105     4.789 r  u_ecc/u_core/i_vec/i_gf2_contribution_row_tile/matrix_product_o[7][29]_INST_0/O
                         net (fo=1, routed)           0.567     5.356    u_ecc/u_core/i_vec/tile_product_word[3][61]
    SLICE_X48Y43                                                      r  u_ecc/u_core/i_vec/payload_q[3][61]_i_1/I4
    SLICE_X48Y43         LUT5 (Prop_lut5_I4_O)        0.105     5.461 r  u_ecc/u_core/i_vec/payload_q[3][61]_i_1/O
                         net (fo=1, routed)           0.000     5.461    u_ecc/u_core/i_vec/payload_q[3][61]_i_1_n_0
    SLICE_X48Y43         FDCE                                         r  u_ecc/u_core/i_vec/payload_q_reg[3][61]/D
  -------------------------------------------------------------------    -------------------

                         (clock clk_i rise edge)      5.000     5.000 r  
                                                      0.000     5.000 r  clk_i (IN)
                         net (fo=2611, unset)         0.748     5.748    u_ecc/u_core/i_vec/clk_i
    SLICE_X48Y43         FDCE                                         r  u_ecc/u_core/i_vec/payload_q_reg[3][61]/C
                         clock pessimism              0.000     5.748    
                         clock uncertainty           -0.035     5.712    
    SLICE_X48Y43         FDCE (Setup_fdce_C_D)        0.030     5.742    u_ecc/u_core/i_vec/payload_q_reg[3][61]
  -------------------------------------------------------------------
                         required time                          5.742    
                         arrival time                          -5.461    
  -------------------------------------------------------------------
                         slack                                  0.281    

Slack (MET) :             0.282ns  (required time - arrival time)
  Source:                 u_ecc/u_core/ecc_kpd64_sub_q_reg[1]/C
                            (rising edge-triggered cell FDCE clocked by clk_i  {rise@0.000ns fall@2.500ns period=5.000ns})
  Destination:            u_ecc/u_core/hdc_src0_q_reg[0][11]/D
                            (rising edge-triggered cell FDCE clocked by clk_i  {rise@0.000ns fall@2.500ns period=5.000ns})
  Path Group:             clk_i
  Path Type:              Setup (Max at Slow Process Corner)
  Requirement:            5.000ns  (clk_i rise@5.000ns - clk_i rise@0.000ns)
  Data Path Delay:        4.674ns  (logic 1.092ns (23.365%)  route 3.582ns (76.635%))
  Logic Levels:           5  (LUT2=2 LUT5=1 LUT6=2)
  Clock Path Skew:        -0.039ns (DCD - SCD + CPR)
    Destination Clock Delay (DCD):    0.748ns = ( 5.748 - 5.000 ) 
    Source Clock Delay      (SCD):    0.787ns
    Clock Pessimism Removal (CPR):    0.000ns
  Clock Uncertainty:      0.035ns  ((TSJ^2 + TIJ^2)^1/2 + DJ) / 2 + PE
    Total System Jitter     (TSJ):    0.071ns
    Total Input Jitter      (TIJ):    0.000ns
    Discrete Jitter          (DJ):    0.000ns
    Phase Error              (PE):    0.000ns

    Location             Delay type                Incr(ns)  Path(ns)    Netlist Resource(s)
  -------------------------------------------------------------------    -------------------
                         (clock clk_i rise edge)      0.000     0.000 r  
                                                      0.000     0.000 r  clk_i (IN)
                         net (fo=2611, unset)         0.787     0.787    u_ecc/u_core/clk_i
    SLICE_X73Y46         FDCE                                         r  u_ecc/u_core/ecc_kpd64_sub_q_reg[1]/C
  -------------------------------------------------------------------    -------------------
    SLICE_X73Y46         FDCE (Prop_fdce_C_Q)         0.379     1.166 f  u_ecc/u_core/ecc_kpd64_sub_q_reg[1]/Q
                         net (fo=111, routed)         0.545     1.711    u_ecc/u_core/ecc_kpd64_sub_q[1]
    SLICE_X72Y45                                                      f  u_ecc/u_core/i_vec_i_819/I1
    SLICE_X72Y45         LUT2 (Prop_lut2_I1_O)        0.124     1.835 r  u_ecc/u_core/i_vec_i_819/O
                         net (fo=74, routed)          1.450     3.285    u_ecc/u_core/i_vec_i_819_n_0
    SLICE_X83Y49                                                      r  u_ecc/u_core/i_vec_i_684/I2
    SLICE_X83Y49         LUT6 (Prop_lut6_I2_O)        0.274     3.559 r  u_ecc/u_core/i_vec_i_684/O
                         net (fo=2, routed)           0.745     4.305    u_ecc/u_core/i_vec_i_684_n_0
    SLICE_X73Y47                                                      r  u_ecc/u_core/i_vec_i_280/I2
    SLICE_X73Y47         LUT5 (Prop_lut5_I2_O)        0.105     4.410 r  u_ecc/u_core/i_vec_i_280/O
                         net (fo=2, routed)           0.495     4.904    u_ecc/u_core/i_vec/xor0_contribution_packet_i[0][11]
    SLICE_X68Y43                                                      r  u_ecc/u_core/i_vec/xor0_field_packet_o[11]_INST_0/I0
    SLICE_X68Y43         LUT2 (Prop_lut2_I0_O)        0.105     5.009 r  u_ecc/u_core/i_vec/xor0_field_packet_o[11]_INST_0/O
                         net (fo=1, routed)           0.346     5.356    u_ecc/u_core/xor0_field_packet[11]
    SLICE_X69Y42                                                      r  u_ecc/u_core/hdc_src0_q[0][11]_i_1/I4
    SLICE_X69Y42         LUT6 (Prop_lut6_I4_O)        0.105     5.461 r  u_ecc/u_core/hdc_src0_q[0][11]_i_1/O
                         net (fo=1, routed)           0.000     5.461    u_ecc/u_core/hdc_src0_q[0][11]_i_1_n_0
    SLICE_X69Y42         FDCE                                         r  u_ecc/u_core/hdc_src0_q_reg[0][11]/D
  -------------------------------------------------------------------    -------------------

                         (clock clk_i rise edge)      5.000     5.000 r  
                                                      0.000     5.000 r  clk_i (IN)
                         net (fo=2611, unset)         0.748     5.748    u_ecc/u_core/clk_i
    SLICE_X69Y42         FDCE                                         r  u_ecc/u_core/hdc_src0_q_reg[0][11]/C
                         clock pessimism              0.000     5.748    
                         clock uncertainty           -0.035     5.712    
    SLICE_X69Y42         FDCE (Setup_fdce_C_D)        0.030     5.742    u_ecc/u_core/hdc_src0_q_reg[0][11]
  -------------------------------------------------------------------
                         required time                          5.742    
                         arrival time                          -5.461    
  -------------------------------------------------------------------
                         slack                                  0.282    

Slack (MET) :             0.282ns  (required time - arrival time)
  Source:                 u_ecc/u_core/ecc_leaf_path_q_reg[3]/C
                            (rising edge-triggered cell FDCE clocked by clk_i  {rise@0.000ns fall@2.500ns period=5.000ns})
  Destination:            u_ecc/u_core/i_vec/payload_q_reg[0][20]/D
                            (rising edge-triggered cell FDCE clocked by clk_i  {rise@0.000ns fall@2.500ns period=5.000ns})
  Path Group:             clk_i
  Path Type:              Setup (Max at Slow Process Corner)
  Requirement:            5.000ns  (clk_i rise@5.000ns - clk_i rise@0.000ns)
  Data Path Delay:        4.674ns  (logic 0.904ns (19.342%)  route 3.770ns (80.658%))
  Logic Levels:           5  (LUT4=2 LUT5=2 LUT6=1)
  Clock Path Skew:        -0.039ns (DCD - SCD + CPR)
    Destination Clock Delay (DCD):    0.748ns = ( 5.748 - 5.000 ) 
    Source Clock Delay      (SCD):    0.787ns
    Clock Pessimism Removal (CPR):    0.000ns
  Clock Uncertainty:      0.035ns  ((TSJ^2 + TIJ^2)^1/2 + DJ) / 2 + PE
    Total System Jitter     (TSJ):    0.071ns
    Total Input Jitter      (TIJ):    0.000ns
    Discrete Jitter          (DJ):    0.000ns
    Phase Error              (PE):    0.000ns

    Location             Delay type                Incr(ns)  Path(ns)    Netlist Resource(s)
  -------------------------------------------------------------------    -------------------
                         (clock clk_i rise edge)      0.000     0.000 r  
                                                      0.000     0.000 r  clk_i (IN)
                         net (fo=2611, unset)         0.787     0.787    u_ecc/u_core/clk_i
    SLICE_X69Y43         FDCE                                         r  u_ecc/u_core/ecc_leaf_path_q_reg[3]/C
  -------------------------------------------------------------------    -------------------
    SLICE_X69Y43         FDCE (Prop_fdce_C_Q)         0.379     1.166 r  u_ecc/u_core/ecc_leaf_path_q_reg[3]/Q
                         net (fo=109, routed)         0.721     1.887    u_ecc/u_core/path[3]
    SLICE_X63Y43                                                      r  u_ecc/u_core/i_vec_i_298/I2
    SLICE_X63Y43         LUT4 (Prop_lut4_I2_O)        0.105     1.992 r  u_ecc/u_core/i_vec_i_298/O
                         net (fo=111, routed)         1.456     3.449    u_ecc/u_core/i_vec_i_298_n_0
    SLICE_X89Y41                                                      r  u_ecc/u_core/i_vec_i_449/I1
    SLICE_X89Y41         LUT4 (Prop_lut4_I1_O)        0.105     3.554 r  u_ecc/u_core/i_vec_i_449/O
                         net (fo=2, routed)           0.215     3.768    u_ecc/u_core/i_vec_i_449_n_0
    SLICE_X89Y41                                                      r  u_ecc/u_core/i_vec_i_661/I0
    SLICE_X89Y41         LUT5 (Prop_lut5_I0_O)        0.105     3.873 r  u_ecc/u_core/i_vec_i_661/O
                         net (fo=2, routed)           0.635     4.508    u_ecc/u_core/i_vec_i_661_n_0
    SLICE_X80Y35                                                      r  u_ecc/u_core/i_vec_i_271/I2
    SLICE_X80Y35         LUT6 (Prop_lut6_I2_O)        0.105     4.613 r  u_ecc/u_core/i_vec_i_271/O
                         net (fo=2, routed)           0.743     5.356    u_ecc/u_core/i_vec/xor0_contribution_packet_i[0][20]
    SLICE_X72Y35                                                      r  u_ecc/u_core/i_vec/payload_q[0][20]_i_1/I0
    SLICE_X72Y35         LUT5 (Prop_lut5_I0_O)        0.105     5.461 r  u_ecc/u_core/i_vec/payload_q[0][20]_i_1/O
                         net (fo=1, routed)           0.000     5.461    u_ecc/u_core/i_vec/payload_q[0][20]_i_1_n_0
    SLICE_X72Y35         FDCE                                         r  u_ecc/u_core/i_vec/payload_q_reg[0][20]/D
  -------------------------------------------------------------------    -------------------

                         (clock clk_i rise edge)      5.000     5.000 r  
                                                      0.000     5.000 r  clk_i (IN)
                         net (fo=2611, unset)         0.748     5.748    u_ecc/u_core/i_vec/clk_i
    SLICE_X72Y35         FDCE                                         r  u_ecc/u_core/i_vec/payload_q_reg[0][20]/C
                         clock pessimism              0.000     5.748    
                         clock uncertainty           -0.035     5.712    
    SLICE_X72Y35         FDCE (Setup_fdce_C_D)        0.030     5.742    u_ecc/u_core/i_vec/payload_q_reg[0][20]
  -------------------------------------------------------------------
                         required time                          5.742    
                         arrival time                          -5.461    
  -------------------------------------------------------------------
                         slack                                  0.282    

Slack (MET) :             0.282ns  (required time - arrival time)
  Source:                 u_ecc/u_core/ecc_leaf_path_q_reg[2]/C
                            (rising edge-triggered cell FDCE clocked by clk_i  {rise@0.000ns fall@2.500ns period=5.000ns})
  Destination:            u_ecc/u_core/ecc_leaf_xor_b_q_reg[21]/D
                            (rising edge-triggered cell FDCE clocked by clk_i  {rise@0.000ns fall@2.500ns period=5.000ns})
  Path Group:             clk_i
  Path Type:              Setup (Max at Slow Process Corner)
  Requirement:            5.000ns  (clk_i rise@5.000ns - clk_i rise@0.000ns)
  Data Path Delay:        4.585ns  (logic 1.063ns (23.187%)  route 3.522ns (76.813%))
  Logic Levels:           6  (LUT4=3 LUT5=2 LUT6=1)
  Clock Path Skew:        -0.039ns (DCD - SCD + CPR)
    Destination Clock Delay (DCD):    0.748ns = ( 5.748 - 5.000 ) 
    Source Clock Delay      (SCD):    0.787ns
    Clock Pessimism Removal (CPR):    0.000ns
  Clock Uncertainty:      0.035ns  ((TSJ^2 + TIJ^2)^1/2 + DJ) / 2 + PE
    Total System Jitter     (TSJ):    0.071ns
    Total Input Jitter      (TIJ):    0.000ns
    Discrete Jitter          (DJ):    0.000ns
    Phase Error              (PE):    0.000ns

    Location             Delay type                Incr(ns)  Path(ns)    Netlist Resource(s)
  -------------------------------------------------------------------    -------------------
                         (clock clk_i rise edge)      0.000     0.000 r  
                                                      0.000     0.000 r  clk_i (IN)
                         net (fo=2611, unset)         0.787     0.787    u_ecc/u_core/clk_i
    SLICE_X58Y43         FDCE                                         r  u_ecc/u_core/ecc_leaf_path_q_reg[2]/C
  -------------------------------------------------------------------    -------------------
    SLICE_X58Y43         FDCE (Prop_fdce_C_Q)         0.433     1.220 f  u_ecc/u_core/ecc_leaf_path_q_reg[2]/Q
                         net (fo=111, routed)         0.551     1.771    u_ecc/u_core/path[2]
    SLICE_X57Y43                                                      f  u_ecc/u_core/i_vec_i_304/I3
    SLICE_X57Y43         LUT4 (Prop_lut4_I3_O)        0.105     1.876 r  u_ecc/u_core/i_vec_i_304/O
                         net (fo=112, routed)         0.675     2.551    u_ecc/u_core/i_vec_i_304_n_0
    SLICE_X51Y44                                                      r  u_ecc/u_core/ecc_leaf_xor_a_q[31]_i_13/I4
    SLICE_X51Y44         LUT6 (Prop_lut6_I4_O)        0.105     2.656 r  u_ecc/u_core/ecc_leaf_xor_a_q[31]_i_13/O
                         net (fo=5, routed)           0.267     2.923    u_ecc/u_core/ecc_leaf_xor_a_q[31]_i_13_n_0
    SLICE_X52Y44                                                      r  u_ecc/u_core/ecc_leaf_xor_a_q[31]_i_15/I0
    SLICE_X52Y44         LUT4 (Prop_lut4_I0_O)        0.105     3.028 r  u_ecc/u_core/ecc_leaf_xor_a_q[31]_i_15/O
                         net (fo=128, routed)         0.806     3.835    u_ecc/u_core/ecc_leaf_xor_a_q[31]_i_15_n_0
    SLICE_X50Y42                                                      r  u_ecc/u_core/ecc_leaf_xor_a_q[10]_i_5/I1
    SLICE_X50Y42         LUT5 (Prop_lut5_I1_O)        0.105     3.940 r  u_ecc/u_core/ecc_leaf_xor_a_q[10]_i_5/O
                         net (fo=1, routed)           0.477     4.416    u_ecc/u_core/ecc_leaf_xor_a_q[10]_i_5_n_0
    SLICE_X50Y42                                                      r  u_ecc/u_core/ecc_leaf_xor_a_q[10]_i_2/I1
    SLICE_X50Y42         LUT4 (Prop_lut4_I1_O)        0.105     4.521 r  u_ecc/u_core/ecc_leaf_xor_a_q[10]_i_2/O
                         net (fo=3, routed)           0.467     4.988    u_ecc/u_core/ecc_leaf_xor_a_q[10]_i_2_n_0
    SLICE_X48Y44                                                      r  u_ecc/u_core/ecc_leaf_xor_a_q[10]_i_1/I0
    SLICE_X48Y44         LUT5 (Prop_lut5_I0_O)        0.105     5.093 r  u_ecc/u_core/ecc_leaf_xor_a_q[10]_i_1/O
                         net (fo=2, routed)           0.278     5.372    u_ecc/u_core/word[10]
    SLICE_X44Y44         FDCE                                         r  u_ecc/u_core/ecc_leaf_xor_b_q_reg[21]/D
  -------------------------------------------------------------------    -------------------

                         (clock clk_i rise edge)      5.000     5.000 r  
                                                      0.000     5.000 r  clk_i (IN)
                         net (fo=2611, unset)         0.748     5.748    u_ecc/u_core/clk_i
    SLICE_X44Y44         FDCE                                         r  u_ecc/u_core/ecc_leaf_xor_b_q_reg[21]/C
                         clock pessimism              0.000     5.748    
                         clock uncertainty           -0.035     5.712    
    SLICE_X44Y44         FDCE (Setup_fdce_C_D)       -0.059     5.653    u_ecc/u_core/ecc_leaf_xor_b_q_reg[21]
  -------------------------------------------------------------------
                         required time                          5.653    
                         arrival time                          -5.372    
  -------------------------------------------------------------------
                         slack                                  0.282    

Slack (MET) :             0.282ns  (required time - arrival time)
  Source:                 u_ecc/u_core/ecc_leaf_path_q_reg[2]/C
                            (rising edge-triggered cell FDCE clocked by clk_i  {rise@0.000ns fall@2.500ns period=5.000ns})
  Destination:            u_ecc/u_core/ecc_leaf_xor_b_q_reg[5]/D
                            (rising edge-triggered cell FDCE clocked by clk_i  {rise@0.000ns fall@2.500ns period=5.000ns})
  Path Group:             clk_i
  Path Type:              Setup (Max at Slow Process Corner)
  Requirement:            5.000ns  (clk_i rise@5.000ns - clk_i rise@0.000ns)
  Data Path Delay:        4.599ns  (logic 1.063ns (23.111%)  route 3.536ns (76.889%))
  Logic Levels:           6  (LUT4=3 LUT5=2 LUT6=1)
  Clock Path Skew:        -0.039ns (DCD - SCD + CPR)
    Destination Clock Delay (DCD):    0.748ns = ( 5.748 - 5.000 ) 
    Source Clock Delay      (SCD):    0.787ns
    Clock Pessimism Removal (CPR):    0.000ns
  Clock Uncertainty:      0.035ns  ((TSJ^2 + TIJ^2)^1/2 + DJ) / 2 + PE
    Total System Jitter     (TSJ):    0.071ns
    Total Input Jitter      (TIJ):    0.000ns
    Discrete Jitter          (DJ):    0.000ns
    Phase Error              (PE):    0.000ns

    Location             Delay type                Incr(ns)  Path(ns)    Netlist Resource(s)
  -------------------------------------------------------------------    -------------------
                         (clock clk_i rise edge)      0.000     0.000 r  
                                                      0.000     0.000 r  clk_i (IN)
                         net (fo=2611, unset)         0.787     0.787    u_ecc/u_core/clk_i
    SLICE_X58Y43         FDCE                                         r  u_ecc/u_core/ecc_leaf_path_q_reg[2]/C
  -------------------------------------------------------------------    -------------------
    SLICE_X58Y43         FDCE (Prop_fdce_C_Q)         0.433     1.220 f  u_ecc/u_core/ecc_leaf_path_q_reg[2]/Q
                         net (fo=111, routed)         0.551     1.771    u_ecc/u_core/path[2]
    SLICE_X57Y43                                                      f  u_ecc/u_core/i_vec_i_304/I3
    SLICE_X57Y43         LUT4 (Prop_lut4_I3_O)        0.105     1.876 r  u_ecc/u_core/i_vec_i_304/O
                         net (fo=112, routed)         0.675     2.551    u_ecc/u_core/i_vec_i_304_n_0
    SLICE_X51Y44                                                      r  u_ecc/u_core/ecc_leaf_xor_a_q[31]_i_13/I4
    SLICE_X51Y44         LUT6 (Prop_lut6_I4_O)        0.105     2.656 r  u_ecc/u_core/ecc_leaf_xor_a_q[31]_i_13/O
                         net (fo=5, routed)           0.267     2.923    u_ecc/u_core/ecc_leaf_xor_a_q[31]_i_13_n_0
    SLICE_X52Y44                                                      r  u_ecc/u_core/ecc_leaf_xor_a_q[31]_i_15/I0
    SLICE_X52Y44         LUT4 (Prop_lut4_I0_O)        0.105     3.028 r  u_ecc/u_core/ecc_leaf_xor_a_q[31]_i_15/O
                         net (fo=128, routed)         0.723     3.751    u_ecc/u_core/ecc_leaf_xor_a_q[31]_i_15_n_0
    SLICE_X50Y44                                                      r  u_ecc/u_core/ecc_leaf_xor_a_q[26]_i_5/I1
    SLICE_X50Y44         LUT5 (Prop_lut5_I1_O)        0.105     3.856 r  u_ecc/u_core/ecc_leaf_xor_a_q[26]_i_5/O
                         net (fo=1, routed)           0.480     4.335    u_ecc/u_core/ecc_leaf_xor_a_q[26]_i_5_n_0
    SLICE_X46Y43                                                      r  u_ecc/u_core/ecc_leaf_xor_a_q[26]_i_2/I1
    SLICE_X46Y43         LUT4 (Prop_lut4_I1_O)        0.105     4.440 r  u_ecc/u_core/ecc_leaf_xor_a_q[26]_i_2/O
                         net (fo=3, routed)           0.434     4.874    u_ecc/u_core/ecc_leaf_xor_a_q[26]_i_2_n_0
    SLICE_X46Y43                                                      r  u_ecc/u_core/ecc_leaf_xor_a_q[26]_i_1/I0
    SLICE_X46Y43         LUT5 (Prop_lut5_I0_O)        0.105     4.979 r  u_ecc/u_core/ecc_leaf_xor_a_q[26]_i_1/O
                         net (fo=2, routed)           0.407     5.386    u_ecc/u_core/word[26]
    SLICE_X45Y43         FDCE                                         r  u_ecc/u_core/ecc_leaf_xor_b_q_reg[5]/D
  -------------------------------------------------------------------    -------------------

                         (clock clk_i rise edge)      5.000     5.000 r  
                                                      0.000     5.000 r  clk_i (IN)
                         net (fo=2611, unset)         0.748     5.748    u_ecc/u_core/clk_i
    SLICE_X45Y43         FDCE                                         r  u_ecc/u_core/ecc_leaf_xor_b_q_reg[5]/C
                         clock pessimism              0.000     5.748    
                         clock uncertainty           -0.035     5.712    
    SLICE_X45Y43         FDCE (Setup_fdce_C_D)       -0.044     5.668    u_ecc/u_core/ecc_leaf_xor_b_q_reg[5]
  -------------------------------------------------------------------
                         required time                          5.668    
                         arrival time                          -5.386    
  -------------------------------------------------------------------
                         slack                                  0.282    

Slack (MET) :             0.282ns  (required time - arrival time)
  Source:                 u_ecc/u_core/i_vrf/gen_bank[1].vrf_mem_reg/CLKARDCLK
                            (rising edge-triggered cell RAMB36E1 clocked by clk_i  {rise@0.000ns fall@2.500ns period=5.000ns})
  Destination:            u_ecc/u_core/i_vec/payload_q_reg[1][11]/D
                            (rising edge-triggered cell FDCE clocked by clk_i  {rise@0.000ns fall@2.500ns period=5.000ns})
  Path Group:             clk_i
  Path Type:              Setup (Max at Slow Process Corner)
  Requirement:            5.000ns  (clk_i rise@5.000ns - clk_i rise@0.000ns)
  Data Path Delay:        4.715ns  (logic 2.440ns (51.750%)  route 2.275ns (48.250%))
  Logic Levels:           3  (LUT2=1 LUT3=1 LUT6=1)
  Clock Path Skew:        -0.039ns (DCD - SCD + CPR)
    Destination Clock Delay (DCD):    0.748ns = ( 5.748 - 5.000 ) 
    Source Clock Delay      (SCD):    0.787ns
    Clock Pessimism Removal (CPR):    0.000ns
  Clock Uncertainty:      0.035ns  ((TSJ^2 + TIJ^2)^1/2 + DJ) / 2 + PE
    Total System Jitter     (TSJ):    0.071ns
    Total Input Jitter      (TIJ):    0.000ns
    Discrete Jitter          (DJ):    0.000ns
    Phase Error              (PE):    0.000ns

    Location             Delay type                Incr(ns)  Path(ns)    Netlist Resource(s)
  -------------------------------------------------------------------    -------------------
                         (clock clk_i rise edge)      0.000     0.000 r  
                                                      0.000     0.000 r  clk_i (IN)
                         net (fo=2611, unset)         0.787     0.787    u_ecc/u_core/i_vrf/clk_i
    RAMB36_X3Y8          RAMB36E1                                     r  u_ecc/u_core/i_vrf/gen_bank[1].vrf_mem_reg/CLKARDCLK
  -------------------------------------------------------------------    -------------------
    RAMB36_X3Y8          RAMB36E1 (Prop_ramb36e1_CLKARDCLK_DOADO[11])
                                                      2.125     2.912 r  u_ecc/u_core/i_vrf/gen_bank[1].vrf_mem_reg/DOADO[11]
                         net (fo=2, routed)           1.486     4.398    u_ecc/u_core/i_vec/hdc_pair_src_b_i[1][11]
    SLICE_X91Y45                                                      r  u_ecc/u_core/i_vec/i_gf2_contribution_row_tile_i_437/I2
    SLICE_X91Y45         LUT3 (Prop_lut3_I2_O)        0.105     4.503 r  u_ecc/u_core/i_vec/i_gf2_contribution_row_tile_i_437/O
                         net (fo=1, routed)           0.420     4.923    u_ecc/u_core/i_vec/i_gf2_contribution_row_tile/matrix_src_b_i[2][11]
    SLICE_X89Y44                                                      r  u_ecc/u_core/i_vec/i_gf2_contribution_row_tile/matrix_product_o[2][11]_INST_0/I1
    SLICE_X89Y44         LUT2 (Prop_lut2_I1_O)        0.105     5.028 r  u_ecc/u_core/i_vec/i_gf2_contribution_row_tile/matrix_product_o[2][11]_INST_0/O
                         net (fo=1, routed)           0.369     5.397    u_ecc/u_core/i_vec/tile_product_word[1][11]
    SLICE_X82Y43                                                      r  u_ecc/u_core/i_vec/payload_q[1][11]_i_1/I3
    SLICE_X82Y43         LUT6 (Prop_lut6_I3_O)        0.105     5.502 r  u_ecc/u_core/i_vec/payload_q[1][11]_i_1/O
                         net (fo=1, routed)           0.000     5.502    u_ecc/u_core/i_vec/payload_q[1][11]_i_1_n_0
    SLICE_X82Y43         FDCE                                         r  u_ecc/u_core/i_vec/payload_q_reg[1][11]/D
  -------------------------------------------------------------------    -------------------

                         (clock clk_i rise edge)      5.000     5.000 r  
                                                      0.000     5.000 r  clk_i (IN)
                         net (fo=2611, unset)         0.748     5.748    u_ecc/u_core/i_vec/clk_i
    SLICE_X82Y43         FDCE                                         r  u_ecc/u_core/i_vec/payload_q_reg[1][11]/C
                         clock pessimism              0.000     5.748    
                         clock uncertainty           -0.035     5.712    
    SLICE_X82Y43         FDCE (Setup_fdce_C_D)        0.072     5.784    u_ecc/u_core/i_vec/payload_q_reg[1][11]
  -------------------------------------------------------------------
                         required time                          5.784    
                         arrival time                          -5.502    
  -------------------------------------------------------------------
                         slack                                  0.282    

Slack (MET) :             0.282ns  (required time - arrival time)
  Source:                 u_ecc/u_core/ecc_leaf_path_q_reg[2]/C
                            (rising edge-triggered cell FDCE clocked by clk_i  {rise@0.000ns fall@2.500ns period=5.000ns})
  Destination:            u_ecc/u_core/ecc_leaf_xor_b_q_reg[12]/D
                            (rising edge-triggered cell FDCE clocked by clk_i  {rise@0.000ns fall@2.500ns period=5.000ns})
  Path Group:             clk_i
  Path Type:              Setup (Max at Slow Process Corner)
  Requirement:            5.000ns  (clk_i rise@5.000ns - clk_i rise@0.000ns)
  Data Path Delay:        4.616ns  (logic 1.063ns (23.029%)  route 3.553ns (76.971%))
  Logic Levels:           6  (LUT4=3 LUT5=2 LUT6=1)
  Clock Path Skew:        -0.039ns (DCD - SCD + CPR)
    Destination Clock Delay (DCD):    0.748ns = ( 5.748 - 5.000 ) 
    Source Clock Delay      (SCD):    0.787ns
    Clock Pessimism Removal (CPR):    0.000ns
  Clock Uncertainty:      0.035ns  ((TSJ^2 + TIJ^2)^1/2 + DJ) / 2 + PE
    Total System Jitter     (TSJ):    0.071ns
    Total Input Jitter      (TIJ):    0.000ns
    Discrete Jitter          (DJ):    0.000ns
    Phase Error              (PE):    0.000ns

    Location             Delay type                Incr(ns)  Path(ns)    Netlist Resource(s)
  -------------------------------------------------------------------    -------------------
                         (clock clk_i rise edge)      0.000     0.000 r  
                                                      0.000     0.000 r  clk_i (IN)
                         net (fo=2611, unset)         0.787     0.787    u_ecc/u_core/clk_i
    SLICE_X58Y43         FDCE                                         r  u_ecc/u_core/ecc_leaf_path_q_reg[2]/C
  -------------------------------------------------------------------    -------------------
    SLICE_X58Y43         FDCE (Prop_fdce_C_Q)         0.433     1.220 f  u_ecc/u_core/ecc_leaf_path_q_reg[2]/Q
                         net (fo=111, routed)         0.551     1.771    u_ecc/u_core/path[2]
    SLICE_X57Y43                                                      f  u_ecc/u_core/i_vec_i_304/I3
    SLICE_X57Y43         LUT4 (Prop_lut4_I3_O)        0.105     1.876 r  u_ecc/u_core/i_vec_i_304/O
                         net (fo=112, routed)         0.675     2.551    u_ecc/u_core/i_vec_i_304_n_0
    SLICE_X51Y44                                                      r  u_ecc/u_core/ecc_leaf_xor_a_q[31]_i_13/I4
    SLICE_X51Y44         LUT6 (Prop_lut6_I4_O)        0.105     2.656 r  u_ecc/u_core/ecc_leaf_xor_a_q[31]_i_13/O
                         net (fo=5, routed)           0.267     2.923    u_ecc/u_core/ecc_leaf_xor_a_q[31]_i_13_n_0
    SLICE_X52Y44                                                      r  u_ecc/u_core/ecc_leaf_xor_a_q[31]_i_15/I0
    SLICE_X52Y44         LUT4 (Prop_lut4_I0_O)        0.105     3.028 r  u_ecc/u_core/ecc_leaf_xor_a_q[31]_i_15/O
                         net (fo=128, routed)         0.764     3.792    u_ecc/u_core/ecc_leaf_xor_a_q[31]_i_15_n_0
    SLICE_X55Y44                                                      r  u_ecc/u_core/ecc_leaf_xor_a_q[19]_i_5/I1
    SLICE_X55Y44         LUT5 (Prop_lut5_I1_O)        0.105     3.897 r  u_ecc/u_core/ecc_leaf_xor_a_q[19]_i_5/O
                         net (fo=1, routed)           0.545     4.441    u_ecc/u_core/ecc_leaf_xor_a_q[19]_i_5_n_0
    SLICE_X51Y45                                                      r  u_ecc/u_core/ecc_leaf_xor_a_q[19]_i_2/I1
    SLICE_X51Y45         LUT4 (Prop_lut4_I1_O)        0.105     4.546 r  u_ecc/u_core/ecc_leaf_xor_a_q[19]_i_2/O
                         net (fo=3, routed)           0.477     5.024    u_ecc/u_core/ecc_leaf_xor_a_q[19]_i_2_n_0
    SLICE_X48Y45                                                      r  u_ecc/u_core/ecc_leaf_xor_a_q[19]_i_1/I0
    SLICE_X48Y45         LUT5 (Prop_lut5_I0_O)        0.105     5.129 r  u_ecc/u_core/ecc_leaf_xor_a_q[19]_i_1/O
                         net (fo=2, routed)           0.274     5.403    u_ecc/u_core/word[19]
    SLICE_X46Y45         FDCE                                         r  u_ecc/u_core/ecc_leaf_xor_b_q_reg[12]/D
  -------------------------------------------------------------------    -------------------

                         (clock clk_i rise edge)      5.000     5.000 r  
                                                      0.000     5.000 r  clk_i (IN)
                         net (fo=2611, unset)         0.748     5.748    u_ecc/u_core/clk_i
    SLICE_X46Y45         FDCE                                         r  u_ecc/u_core/ecc_leaf_xor_b_q_reg[12]/C
                         clock pessimism              0.000     5.748    
                         clock uncertainty           -0.035     5.712    
    SLICE_X46Y45         FDCE (Setup_fdce_C_D)       -0.027     5.685    u_ecc/u_core/ecc_leaf_xor_b_q_reg[12]
  -------------------------------------------------------------------
                         required time                          5.685    
                         arrival time                          -5.403    
  -------------------------------------------------------------------
                         slack                                  0.282    

Slack (MET) :             0.283ns  (required time - arrival time)
  Source:                 u_ecc/u_core/ecc_leaf_path_q_reg[2]/C
                            (rising edge-triggered cell FDCE clocked by clk_i  {rise@0.000ns fall@2.500ns period=5.000ns})
  Destination:            u_ecc/u_core/hdc_src0_q_reg[3][31]/D
                            (rising edge-triggered cell FDCE clocked by clk_i  {rise@0.000ns fall@2.500ns period=5.000ns})
  Path Group:             clk_i
  Path Type:              Setup (Max at Slow Process Corner)
  Requirement:            5.000ns  (clk_i rise@5.000ns - clk_i rise@0.000ns)
  Data Path Delay:        4.673ns  (logic 1.131ns (24.204%)  route 3.542ns (75.796%))
  Logic Levels:           5  (LUT2=1 LUT4=1 LUT6=3)
  Clock Path Skew:        -0.039ns (DCD - SCD + CPR)
    Destination Clock Delay (DCD):    0.748ns = ( 5.748 - 5.000 ) 
    Source Clock Delay      (SCD):    0.787ns
    Clock Pessimism Removal (CPR):    0.000ns
  Clock Uncertainty:      0.035ns  ((TSJ^2 + TIJ^2)^1/2 + DJ) / 2 + PE
    Total System Jitter     (TSJ):    0.071ns
    Total Input Jitter      (TIJ):    0.000ns
    Discrete Jitter          (DJ):    0.000ns
    Phase Error              (PE):    0.000ns

    Location             Delay type                Incr(ns)  Path(ns)    Netlist Resource(s)
  -------------------------------------------------------------------    -------------------
                         (clock clk_i rise edge)      0.000     0.000 r  
                                                      0.000     0.000 r  clk_i (IN)
                         net (fo=2611, unset)         0.787     0.787    u_ecc/u_core/clk_i
    SLICE_X58Y43         FDCE                                         r  u_ecc/u_core/ecc_leaf_path_q_reg[2]/C
  -------------------------------------------------------------------    -------------------
    SLICE_X58Y43         FDCE (Prop_fdce_C_Q)         0.433     1.220 f  u_ecc/u_core/ecc_leaf_path_q_reg[2]/Q
                         net (fo=111, routed)         0.736     1.956    u_ecc/u_core/path[2]
    SLICE_X71Y43                                                      f  u_ecc/u_core/i_vec_i_813/I1
    SLICE_X71Y43         LUT4 (Prop_lut4_I1_O)        0.105     2.061 r  u_ecc/u_core/i_vec_i_813/O
                         net (fo=100, routed)         1.212     3.273    u_ecc/u_core/i_vec_i_813_n_0
    SLICE_X80Y49                                                      r  u_ecc/u_core/i_vec_i_321/I1
    SLICE_X80Y49         LUT6 (Prop_lut6_I1_O)        0.105     3.378 r  u_ecc/u_core/i_vec_i_321/O
                         net (fo=2, routed)           0.539     3.917    u_ecc/u_core/i_vec_i_321_n_0
    SLICE_X70Y49                                                      r  u_ecc/u_core/i_vec_i_68/I2
    SLICE_X70Y49         LUT6 (Prop_lut6_I2_O)        0.105     4.022 r  u_ecc/u_core/i_vec_i_68/O
                         net (fo=2, routed)           0.606     4.629    u_ecc/u_core/i_vec/xor0_contribution_packet_i[3][31]
    SLICE_X56Y49                                                      r  u_ecc/u_core/i_vec/xor0_field_packet_o[223]_INST_0/I0
    SLICE_X56Y49         LUT2 (Prop_lut2_I0_O)        0.108     4.737 r  u_ecc/u_core/i_vec/xor0_field_packet_o[223]_INST_0/O
                         net (fo=1, routed)           0.448     5.185    u_ecc/u_core/xor0_field_packet[223]
    SLICE_X56Y47                                                      r  u_ecc/u_core/hdc_src0_q[3][31]_i_1/I4
    SLICE_X56Y47         LUT6 (Prop_lut6_I4_O)        0.275     5.460 r  u_ecc/u_core/hdc_src0_q[3][31]_i_1/O
                         net (fo=1, routed)           0.000     5.460    u_ecc/u_core/hdc_src0_q[3][31]_i_1_n_0
    SLICE_X56Y47         FDCE                                         r  u_ecc/u_core/hdc_src0_q_reg[3][31]/D
  -------------------------------------------------------------------    -------------------

                         (clock clk_i rise edge)      5.000     5.000 r  
                                                      0.000     5.000 r  clk_i (IN)
                         net (fo=2611, unset)         0.748     5.748    u_ecc/u_core/clk_i
    SLICE_X56Y47         FDCE                                         r  u_ecc/u_core/hdc_src0_q_reg[3][31]/C
                         clock pessimism              0.000     5.748    
                         clock uncertainty           -0.035     5.712    
    SLICE_X56Y47         FDCE (Setup_fdce_C_D)        0.030     5.742    u_ecc/u_core/hdc_src0_q_reg[3][31]
  -------------------------------------------------------------------
                         required time                          5.742    
                         arrival time                          -5.460    
  -------------------------------------------------------------------
                         slack                                  0.283    

Slack (MET) :             0.283ns  (required time - arrival time)
  Source:                 u_hdc/u_core/hperm_lane_base_q_reg[0]/C
                            (rising edge-triggered cell FDCE clocked by clk_i  {rise@0.000ns fall@2.500ns period=5.000ns})
  Destination:            u_hdc/u_core/hperm_stage_q_reg[67]/D
                            (rising edge-triggered cell FDCE clocked by clk_i  {rise@0.000ns fall@2.500ns period=5.000ns})
  Path Group:             clk_i
  Path Type:              Setup (Max at Slow Process Corner)
  Requirement:            5.000ns  (clk_i rise@5.000ns - clk_i rise@0.000ns)
  Data Path Delay:        4.672ns  (logic 1.091ns (23.350%)  route 3.581ns (76.650%))
  Logic Levels:           5  (LUT4=2 LUT5=2 LUT6=1)
  Clock Path Skew:        -0.039ns (DCD - SCD + CPR)
    Destination Clock Delay (DCD):    0.748ns = ( 5.748 - 5.000 ) 
    Source Clock Delay      (SCD):    0.787ns
    Clock Pessimism Removal (CPR):    0.000ns
  Clock Uncertainty:      0.035ns  ((TSJ^2 + TIJ^2)^1/2 + DJ) / 2 + PE
    Total System Jitter     (TSJ):    0.071ns
    Total Input Jitter      (TIJ):    0.000ns
    Discrete Jitter          (DJ):    0.000ns
    Phase Error              (PE):    0.000ns

    Location             Delay type                Incr(ns)  Path(ns)    Netlist Resource(s)
  -------------------------------------------------------------------    -------------------
                         (clock clk_i rise edge)      0.000     0.000 r  
                                                      0.000     0.000 r  clk_i (IN)
                         net (fo=2611, unset)         0.787     0.787    u_hdc/u_core/clk_i
    SLICE_X65Y12         FDCE                                         r  u_hdc/u_core/hperm_lane_base_q_reg[0]/C
  -------------------------------------------------------------------    -------------------
    SLICE_X65Y12         FDCE (Prop_fdce_C_Q)         0.379     1.166 r  u_hdc/u_core/hperm_lane_base_q_reg[0]/Q
                         net (fo=7, routed)           0.564     1.730    u_hdc/u_core/hperm_lane_base_q[0]
    SLICE_X65Y12                                                      r  u_hdc/u_core/hperm_stage_q[70]_i_24/I0
    SLICE_X65Y12         LUT4 (Prop_lut4_I0_O)        0.105     1.835 f  u_hdc/u_core/hperm_stage_q[70]_i_24/O
                         net (fo=129, routed)         0.753     2.588    u_hdc/u_core/hperm_stage_q[70]_i_24_n_0
    SLICE_X64Y12                                                      f  u_hdc/u_core/hperm_stage_q[70]_i_14/I0
    SLICE_X64Y12         LUT5 (Prop_lut5_I0_O)        0.123     2.711 r  u_hdc/u_core/hperm_stage_q[70]_i_14/O
                         net (fo=127, routed)         1.221     3.932    u_hdc/u_core/hperm_stage_q[70]_i_14_n_0
    SLICE_X78Y18                                                      r  u_hdc/u_core/hperm_stage_q[67]_i_7/I2
    SLICE_X78Y18         LUT6 (Prop_lut6_I2_O)        0.274     4.206 f  u_hdc/u_core/hperm_stage_q[67]_i_7/O
                         net (fo=2, routed)           0.480     4.686    u_hdc/u_core/hperm_stage_q[67]_i_7_n_0
    SLICE_X76Y19                                                      f  u_hdc/u_core/hperm_stage_q[67]_i_3/I1
    SLICE_X76Y19         LUT4 (Prop_lut4_I1_O)        0.105     4.791 r  u_hdc/u_core/hperm_stage_q[67]_i_3/O
                         net (fo=1, routed)           0.563     5.354    u_hdc/u_core/hperm_stage_q[67]_i_3_n_0
    SLICE_X79Y19                                                      r  u_hdc/u_core/hperm_stage_q[67]_i_1/I2
    SLICE_X79Y19         LUT5 (Prop_lut5_I2_O)        0.105     5.459 r  u_hdc/u_core/hperm_stage_q[67]_i_1/O
                         net (fo=1, routed)           0.000     5.459    u_hdc/u_core/hperm_byte_window[67]
    SLICE_X79Y19         FDCE                                         r  u_hdc/u_core/hperm_stage_q_reg[67]/D
  -------------------------------------------------------------------    -------------------

                         (clock clk_i rise edge)      5.000     5.000 r  
                                                      0.000     5.000 r  clk_i (IN)
                         net (fo=2611, unset)         0.748     5.748    u_hdc/u_core/clk_i
    SLICE_X79Y19         FDCE                                         r  u_hdc/u_core/hperm_stage_q_reg[67]/C
                         clock pessimism              0.000     5.748    
                         clock uncertainty           -0.035     5.712    
    SLICE_X79Y19         FDCE (Setup_fdce_C_D)        0.030     5.742    u_hdc/u_core/hperm_stage_q_reg[67]
  -------------------------------------------------------------------
                         required time                          5.742    
                         arrival time                          -5.459    
  -------------------------------------------------------------------
                         slack                                  0.283    

Slack (MET) :             0.284ns  (required time - arrival time)
  Source:                 u_ecc/u_core/FSM_onehot_st_q_reg[30]_rep/C
                            (rising edge-triggered cell FDCE clocked by clk_i  {rise@0.000ns fall@2.500ns period=5.000ns})
  Destination:            u_ecc/u_core/hdc_src0_q_reg[0][44]/D
                            (rising edge-triggered cell FDCE clocked by clk_i  {rise@0.000ns fall@2.500ns period=5.000ns})
  Path Group:             clk_i
  Path Type:              Setup (Max at Slow Process Corner)
  Requirement:            5.000ns  (clk_i rise@5.000ns - clk_i rise@0.000ns)
  Data Path Delay:        4.672ns  (logic 1.091ns (23.353%)  route 3.581ns (76.647%))
  Logic Levels:           5  (LUT2=1 LUT5=1 LUT6=3)
  Clock Path Skew:        -0.039ns (DCD - SCD + CPR)
    Destination Clock Delay (DCD):    0.748ns = ( 5.748 - 5.000 ) 
    Source Clock Delay      (SCD):    0.787ns
    Clock Pessimism Removal (CPR):    0.000ns
  Clock Uncertainty:      0.035ns  ((TSJ^2 + TIJ^2)^1/2 + DJ) / 2 + PE
    Total System Jitter     (TSJ):    0.071ns
    Total Input Jitter      (TIJ):    0.000ns
    Discrete Jitter          (DJ):    0.000ns
    Phase Error              (PE):    0.000ns

    Location             Delay type                Incr(ns)  Path(ns)    Netlist Resource(s)
  -------------------------------------------------------------------    -------------------
                         (clock clk_i rise edge)      0.000     0.000 r  
                                                      0.000     0.000 r  clk_i (IN)
                         net (fo=2611, unset)         0.787     0.787    u_ecc/u_core/clk_i
    SLICE_X83Y44         FDCE                                         r  u_ecc/u_core/FSM_onehot_st_q_reg[30]_rep/C
  -------------------------------------------------------------------    -------------------
    SLICE_X83Y44         FDCE (Prop_fdce_C_Q)         0.379     1.166 r  u_ecc/u_core/FSM_onehot_st_q_reg[30]_rep/Q
                         net (fo=174, routed)         1.313     2.479    u_ecc/u_core/FSM_onehot_st_q_reg[30]_rep_n_0
    SLICE_X73Y49                                                      r  u_ecc/u_core/i_vec_i_736/I1
    SLICE_X73Y49         LUT6 (Prop_lut6_I1_O)        0.105     2.584 r  u_ecc/u_core/i_vec_i_736/O
                         net (fo=7, routed)           0.688     3.273    u_ecc/u_core/i_vec_i_736_n_0
    SLICE_X78Y40                                                      r  u_ecc/u_core/i_vec_i_381/I1
    SLICE_X78Y40         LUT6 (Prop_lut6_I1_O)        0.105     3.378 r  u_ecc/u_core/i_vec_i_381/O
                         net (fo=3, routed)           0.560     3.937    u_ecc/u_core/i_vec_i_381_n_0
    SLICE_X79Y40                                                      r  u_ecc/u_core/i_vec_i_247/I2
    SLICE_X79Y40         LUT5 (Prop_lut5_I2_O)        0.105     4.042 r  u_ecc/u_core/i_vec_i_247/O
                         net (fo=2, routed)           0.638     4.680    u_ecc/u_core/i_vec/xor0_contribution_packet_i[0][44]
    SLICE_X77Y38                                                      r  u_ecc/u_core/i_vec/xor0_field_packet_o[44]_INST_0/I0
    SLICE_X77Y38         LUT2 (Prop_lut2_I0_O)        0.123     4.803 r  u_ecc/u_core/i_vec/xor0_field_packet_o[44]_INST_0/O
                         net (fo=1, routed)           0.381     5.185    u_ecc/u_core/xor0_field_packet[44]
    SLICE_X77Y40                                                      r  u_ecc/u_core/hdc_src0_q[0][44]_i_1/I4
    SLICE_X77Y40         LUT6 (Prop_lut6_I4_O)        0.274     5.459 r  u_ecc/u_core/hdc_src0_q[0][44]_i_1/O
                         net (fo=1, routed)           0.000     5.459    u_ecc/u_core/hdc_src0_q[0][44]_i_1_n_0
    SLICE_X77Y40         FDCE                                         r  u_ecc/u_core/hdc_src0_q_reg[0][44]/D
  -------------------------------------------------------------------    -------------------

                         (clock clk_i rise edge)      5.000     5.000 r  
                                                      0.000     5.000 r  clk_i (IN)
                         net (fo=2611, unset)         0.748     5.748    u_ecc/u_core/clk_i
    SLICE_X77Y40         FDCE                                         r  u_ecc/u_core/hdc_src0_q_reg[0][44]/C
                         clock pessimism              0.000     5.748    
                         clock uncertainty           -0.035     5.712    
    SLICE_X77Y40         FDCE (Setup_fdce_C_D)        0.030     5.742    u_ecc/u_core/hdc_src0_q_reg[0][44]
  -------------------------------------------------------------------
                         required time                          5.742    
                         arrival time                          -5.459    
  -------------------------------------------------------------------
                         slack                                  0.284    

Slack (MET) :             0.286ns  (required time - arrival time)
  Source:                 u_hdc/u_core/FSM_onehot_st_q_reg[51]_rep/C
                            (rising edge-triggered cell FDCE clocked by clk_i  {rise@0.000ns fall@2.500ns period=5.000ns})
  Destination:            u_hdc/u_core/hdc_src0_q_reg[2][31]/D
                            (rising edge-triggered cell FDCE clocked by clk_i  {rise@0.000ns fall@2.500ns period=5.000ns})
  Path Group:             clk_i
  Path Type:              Setup (Max at Slow Process Corner)
  Requirement:            5.000ns  (clk_i rise@5.000ns - clk_i rise@0.000ns)
  Data Path Delay:        4.672ns  (logic 0.484ns (10.361%)  route 4.188ns (89.639%))
  Logic Levels:           1  (LUT4=1)
  Clock Path Skew:        -0.039ns (DCD - SCD + CPR)
    Destination Clock Delay (DCD):    0.748ns = ( 5.748 - 5.000 ) 
    Source Clock Delay      (SCD):    0.787ns
    Clock Pessimism Removal (CPR):    0.000ns
  Clock Uncertainty:      0.035ns  ((TSJ^2 + TIJ^2)^1/2 + DJ) / 2 + PE
    Total System Jitter     (TSJ):    0.071ns
    Total Input Jitter      (TIJ):    0.000ns
    Discrete Jitter          (DJ):    0.000ns
    Phase Error              (PE):    0.000ns

    Location             Delay type                Incr(ns)  Path(ns)    Netlist Resource(s)
  -------------------------------------------------------------------    -------------------
                         (clock clk_i rise edge)      0.000     0.000 r  
                                                      0.000     0.000 r  clk_i (IN)
                         net (fo=2611, unset)         0.787     0.787    u_hdc/u_core/clk_i
    SLICE_X60Y6          FDCE                                         r  u_hdc/u_core/FSM_onehot_st_q_reg[51]_rep/C
  -------------------------------------------------------------------    -------------------
    SLICE_X60Y6          FDCE (Prop_fdce_C_Q)         0.379     1.166 r  u_hdc/u_core/FSM_onehot_st_q_reg[51]_rep/Q
                         net (fo=110, routed)         4.188     5.354    u_hdc/u_core/FSM_onehot_st_q_reg[51]_rep_n_0
    SLICE_X76Y23                                                      r  u_hdc/u_core/hdc_src0_q[2][31]_i_1/I3
    SLICE_X76Y23         LUT4 (Prop_lut4_I3_O)        0.105     5.459 r  u_hdc/u_core/hdc_src0_q[2][31]_i_1/O
                         net (fo=1, routed)           0.000     5.459    u_hdc/u_core/hdc_src0_q[2][31]_i_1_n_0
    SLICE_X76Y23         FDCE                                         r  u_hdc/u_core/hdc_src0_q_reg[2][31]/D
  -------------------------------------------------------------------    -------------------

                         (clock clk_i rise edge)      5.000     5.000 r  
                                                      0.000     5.000 r  clk_i (IN)
                         net (fo=2611, unset)         0.748     5.748    u_hdc/u_core/clk_i
    SLICE_X76Y23         FDCE                                         r  u_hdc/u_core/hdc_src0_q_reg[2][31]/C
                         clock pessimism              0.000     5.748    
                         clock uncertainty           -0.035     5.712    
    SLICE_X76Y23         FDCE (Setup_fdce_C_D)        0.032     5.744    u_hdc/u_core/hdc_src0_q_reg[2][31]
  -------------------------------------------------------------------
                         required time                          5.744    
                         arrival time                          -5.459    
  -------------------------------------------------------------------
                         slack                                  0.286    

Slack (MET) :             0.286ns  (required time - arrival time)
  Source:                 u_hdc/u_core/FSM_onehot_st_q_reg[51]_rep/C
                            (rising edge-triggered cell FDCE clocked by clk_i  {rise@0.000ns fall@2.500ns period=5.000ns})
  Destination:            u_hdc/u_core/hdc_src0_q_reg[2][25]/D
                            (rising edge-triggered cell FDCE clocked by clk_i  {rise@0.000ns fall@2.500ns period=5.000ns})
  Path Group:             clk_i
  Path Type:              Setup (Max at Slow Process Corner)
  Requirement:            5.000ns  (clk_i rise@5.000ns - clk_i rise@0.000ns)
  Data Path Delay:        4.672ns  (logic 0.484ns (10.361%)  route 4.188ns (89.639%))
  Logic Levels:           1  (LUT4=1)
  Clock Path Skew:        -0.039ns (DCD - SCD + CPR)
    Destination Clock Delay (DCD):    0.748ns = ( 5.748 - 5.000 ) 
    Source Clock Delay      (SCD):    0.787ns
    Clock Pessimism Removal (CPR):    0.000ns
  Clock Uncertainty:      0.035ns  ((TSJ^2 + TIJ^2)^1/2 + DJ) / 2 + PE
    Total System Jitter     (TSJ):    0.071ns
    Total Input Jitter      (TIJ):    0.000ns
    Discrete Jitter          (DJ):    0.000ns
    Phase Error              (PE):    0.000ns

    Location             Delay type                Incr(ns)  Path(ns)    Netlist Resource(s)
  -------------------------------------------------------------------    -------------------
                         (clock clk_i rise edge)      0.000     0.000 r  
                                                      0.000     0.000 r  clk_i (IN)
                         net (fo=2611, unset)         0.787     0.787    u_hdc/u_core/clk_i
    SLICE_X60Y6          FDCE                                         r  u_hdc/u_core/FSM_onehot_st_q_reg[51]_rep/C
  -------------------------------------------------------------------    -------------------
    SLICE_X60Y6          FDCE (Prop_fdce_C_Q)         0.379     1.166 r  u_hdc/u_core/FSM_onehot_st_q_reg[51]_rep/Q
                         net (fo=110, routed)         4.188     5.354    u_hdc/u_core/FSM_onehot_st_q_reg[51]_rep_n_0
    SLICE_X77Y21                                                      r  u_hdc/u_core/hdc_src0_q[2][25]_i_1/I3
    SLICE_X77Y21         LUT4 (Prop_lut4_I3_O)        0.105     5.459 r  u_hdc/u_core/hdc_src0_q[2][25]_i_1/O
                         net (fo=1, routed)           0.000     5.459    u_hdc/u_core/hdc_src0_q[2][25]_i_1_n_0
    SLICE_X77Y21         FDCE                                         r  u_hdc/u_core/hdc_src0_q_reg[2][25]/D
  -------------------------------------------------------------------    -------------------

                         (clock clk_i rise edge)      5.000     5.000 r  
                                                      0.000     5.000 r  clk_i (IN)
                         net (fo=2611, unset)         0.748     5.748    u_hdc/u_core/clk_i
    SLICE_X77Y21         FDCE                                         r  u_hdc/u_core/hdc_src0_q_reg[2][25]/C
                         clock pessimism              0.000     5.748    
                         clock uncertainty           -0.035     5.712    
    SLICE_X77Y21         FDCE (Setup_fdce_C_D)        0.032     5.744    u_hdc/u_core/hdc_src0_q_reg[2][25]
  -------------------------------------------------------------------
                         required time                          5.744    
                         arrival time                          -5.459    
  -------------------------------------------------------------------
                         slack                                  0.286    

Slack (MET) :             0.287ns  (required time - arrival time)
  Source:                 u_hdc/u_core/hperm_lane_base_q_reg[0]/C
                            (rising edge-triggered cell FDCE clocked by clk_i  {rise@0.000ns fall@2.500ns period=5.000ns})
  Destination:            u_hdc/u_core/hperm_stage_q_reg[39]/D
                            (rising edge-triggered cell FDCE clocked by clk_i  {rise@0.000ns fall@2.500ns period=5.000ns})
  Path Group:             clk_i
  Path Type:              Setup (Max at Slow Process Corner)
  Requirement:            5.000ns  (clk_i rise@5.000ns - clk_i rise@0.000ns)
  Data Path Delay:        4.670ns  (logic 1.276ns (27.321%)  route 3.394ns (72.679%))
  Logic Levels:           5  (LUT3=1 LUT4=1 LUT5=2 LUT6=1)
  Clock Path Skew:        -0.039ns (DCD - SCD + CPR)
    Destination Clock Delay (DCD):    0.748ns = ( 5.748 - 5.000 ) 
    Source Clock Delay      (SCD):    0.787ns
    Clock Pessimism Removal (CPR):    0.000ns
  Clock Uncertainty:      0.035ns  ((TSJ^2 + TIJ^2)^1/2 + DJ) / 2 + PE
    Total System Jitter     (TSJ):    0.071ns
    Total Input Jitter      (TIJ):    0.000ns
    Discrete Jitter          (DJ):    0.000ns
    Phase Error              (PE):    0.000ns

    Location             Delay type                Incr(ns)  Path(ns)    Netlist Resource(s)
  -------------------------------------------------------------------    -------------------
                         (clock clk_i rise edge)      0.000     0.000 r  
                                                      0.000     0.000 r  clk_i (IN)
                         net (fo=2611, unset)         0.787     0.787    u_hdc/u_core/clk_i
    SLICE_X65Y12         FDCE                                         r  u_hdc/u_core/hperm_lane_base_q_reg[0]/C
  -------------------------------------------------------------------    -------------------
    SLICE_X65Y12         FDCE (Prop_fdce_C_Q)         0.379     1.166 r  u_hdc/u_core/hperm_lane_base_q_reg[0]/Q
                         net (fo=7, routed)           0.564     1.730    u_hdc/u_core/hperm_lane_base_q[0]
    SLICE_X65Y12                                                      r  u_hdc/u_core/hperm_stage_q[70]_i_24/I0
    SLICE_X65Y12         LUT4 (Prop_lut4_I0_O)        0.105     1.835 f  u_hdc/u_core/hperm_stage_q[70]_i_24/O
                         net (fo=129, routed)         0.753     2.588    u_hdc/u_core/hperm_stage_q[70]_i_24_n_0
    SLICE_X64Y12                                                      f  u_hdc/u_core/hperm_stage_q[70]_i_14/I0
    SLICE_X64Y12         LUT5 (Prop_lut5_I0_O)        0.123     2.711 r  u_hdc/u_core/hperm_stage_q[70]_i_14/O
                         net (fo=127, routed)         1.044     3.755    u_hdc/u_core/hperm_stage_q[70]_i_14_n_0
    SLICE_X65Y21                                                      r  u_hdc/u_core/hperm_stage_q[63]_i_8/I2
    SLICE_X65Y21         LUT6 (Prop_lut6_I2_O)        0.274     4.029 f  u_hdc/u_core/hperm_stage_q[63]_i_8/O
                         net (fo=2, routed)           0.700     4.729    u_hdc/u_core/hperm_stage_q[63]_i_8_n_0
    SLICE_X66Y23                                                      f  u_hdc/u_core/hperm_stage_q[55]_i_3/I1
    SLICE_X66Y23         LUT3 (Prop_lut3_I1_O)        0.127     4.856 f  u_hdc/u_core/hperm_stage_q[55]_i_3/O
                         net (fo=2, routed)           0.334     5.189    u_hdc/u_core/hperm_stage_q[55]_i_3_n_0
    SLICE_X65Y23                                                      f  u_hdc/u_core/hperm_stage_q[39]_i_1/I1
    SLICE_X65Y23         LUT5 (Prop_lut5_I1_O)        0.268     5.457 r  u_hdc/u_core/hperm_stage_q[39]_i_1/O
                         net (fo=1, routed)           0.000     5.457    u_hdc/u_core/hperm_byte_window[39]
    SLICE_X65Y23         FDCE                                         r  u_hdc/u_core/hperm_stage_q_reg[39]/D
  -------------------------------------------------------------------    -------------------

                         (clock clk_i rise edge)      5.000     5.000 r  
                                                      0.000     5.000 r  clk_i (IN)
                         net (fo=2611, unset)         0.748     5.748    u_hdc/u_core/clk_i
    SLICE_X65Y23         FDCE                                         r  u_hdc/u_core/hperm_stage_q_reg[39]/C
                         clock pessimism              0.000     5.748    
                         clock uncertainty           -0.035     5.712    
    SLICE_X65Y23         FDCE (Setup_fdce_C_D)        0.032     5.744    u_hdc/u_core/hperm_stage_q_reg[39]
  -------------------------------------------------------------------
                         required time                          5.744    
                         arrival time                          -5.457    
  -------------------------------------------------------------------
                         slack                                  0.287    

Slack (MET) :             0.287ns  (required time - arrival time)
  Source:                 u_hdc/u_core/hperm_lane_base_q_reg[0]/C
                            (rising edge-triggered cell FDCE clocked by clk_i  {rise@0.000ns fall@2.500ns period=5.000ns})
  Destination:            u_hdc/u_core/hperm_stage_q_reg[6]/D
                            (rising edge-triggered cell FDCE clocked by clk_i  {rise@0.000ns fall@2.500ns period=5.000ns})
  Path Group:             clk_i
  Path Type:              Setup (Max at Slow Process Corner)
  Requirement:            5.000ns  (clk_i rise@5.000ns - clk_i rise@0.000ns)
  Data Path Delay:        4.668ns  (logic 1.091ns (23.371%)  route 3.577ns (76.629%))
  Logic Levels:           5  (LUT4=1 LUT5=2 LUT6=2)
  Clock Path Skew:        -0.039ns (DCD - SCD + CPR)
    Destination Clock Delay (DCD):    0.748ns = ( 5.748 - 5.000 ) 
    Source Clock Delay      (SCD):    0.787ns
    Clock Pessimism Removal (CPR):    0.000ns
  Clock Uncertainty:      0.035ns  ((TSJ^2 + TIJ^2)^1/2 + DJ) / 2 + PE
    Total System Jitter     (TSJ):    0.071ns
    Total Input Jitter      (TIJ):    0.000ns
    Discrete Jitter          (DJ):    0.000ns
    Phase Error              (PE):    0.000ns

    Location             Delay type                Incr(ns)  Path(ns)    Netlist Resource(s)
  -------------------------------------------------------------------    -------------------
                         (clock clk_i rise edge)      0.000     0.000 r  
                                                      0.000     0.000 r  clk_i (IN)
                         net (fo=2611, unset)         0.787     0.787    u_hdc/u_core/clk_i
    SLICE_X65Y12         FDCE                                         r  u_hdc/u_core/hperm_lane_base_q_reg[0]/C
  -------------------------------------------------------------------    -------------------
    SLICE_X65Y12         FDCE (Prop_fdce_C_Q)         0.379     1.166 r  u_hdc/u_core/hperm_lane_base_q_reg[0]/Q
                         net (fo=7, routed)           0.564     1.730    u_hdc/u_core/hperm_lane_base_q[0]
    SLICE_X65Y12                                                      r  u_hdc/u_core/hperm_stage_q[70]_i_24/I0
    SLICE_X65Y12         LUT4 (Prop_lut4_I0_O)        0.105     1.835 f  u_hdc/u_core/hperm_stage_q[70]_i_24/O
                         net (fo=129, routed)         0.753     2.588    u_hdc/u_core/hperm_stage_q[70]_i_24_n_0
    SLICE_X64Y12                                                      f  u_hdc/u_core/hperm_stage_q[70]_i_14/I0
    SLICE_X64Y12         LUT5 (Prop_lut5_I0_O)        0.123     2.711 r  u_hdc/u_core/hperm_stage_q[70]_i_14/O
                         net (fo=127, routed)         0.931     3.642    u_hdc/u_core/hperm_stage_q[70]_i_14_n_0
    SLICE_X65Y18                                                      r  u_hdc/u_core/hperm_stage_q[62]_i_5/I2
    SLICE_X65Y18         LUT6 (Prop_lut6_I2_O)        0.274     3.916 r  u_hdc/u_core/hperm_stage_q[62]_i_5/O
                         net (fo=4, routed)           0.551     4.467    u_hdc/u_core/hperm_stage_q[62]_i_5_n_0
    SLICE_X62Y18                                                      r  u_hdc/u_core/hperm_stage_q[38]_i_2/I0
    SLICE_X62Y18         LUT6 (Prop_lut6_I0_O)        0.105     4.572 r  u_hdc/u_core/hperm_stage_q[38]_i_2/O
                         net (fo=2, routed)           0.778     5.350    u_hdc/u_core/hperm_stage_q[38]_i_2_n_0
    SLICE_X52Y20                                                      r  u_hdc/u_core/hperm_stage_q[6]_i_1/I0
    SLICE_X52Y20         LUT5 (Prop_lut5_I0_O)        0.105     5.455 r  u_hdc/u_core/hperm_stage_q[6]_i_1/O
                         net (fo=1, routed)           0.000     5.455    u_hdc/u_core/hperm_byte_window[6]
    SLICE_X52Y20         FDCE                                         r  u_hdc/u_core/hperm_stage_q_reg[6]/D
  -------------------------------------------------------------------    -------------------

                         (clock clk_i rise edge)      5.000     5.000 r  
                                                      0.000     5.000 r  clk_i (IN)
                         net (fo=2611, unset)         0.748     5.748    u_hdc/u_core/clk_i
    SLICE_X52Y20         FDCE                                         r  u_hdc/u_core/hperm_stage_q_reg[6]/C
                         clock pessimism              0.000     5.748    
                         clock uncertainty           -0.035     5.712    
    SLICE_X52Y20         FDCE (Setup_fdce_C_D)        0.030     5.742    u_hdc/u_core/hperm_stage_q_reg[6]
  -------------------------------------------------------------------
                         required time                          5.742    
                         arrival time                          -5.455    
  -------------------------------------------------------------------
                         slack                                  0.287    

Slack (MET) :             0.288ns  (required time - arrival time)
  Source:                 u_hdc/u_core/hperm_lane_base_q_reg[0]/C
                            (rising edge-triggered cell FDCE clocked by clk_i  {rise@0.000ns fall@2.500ns period=5.000ns})
  Destination:            u_hdc/u_core/hperm_stage_q_reg[63]/D
                            (rising edge-triggered cell FDCE clocked by clk_i  {rise@0.000ns fall@2.500ns period=5.000ns})
  Path Group:             clk_i
  Path Type:              Setup (Max at Slow Process Corner)
  Requirement:            5.000ns  (clk_i rise@5.000ns - clk_i rise@0.000ns)
  Data Path Delay:        4.744ns  (logic 1.303ns (27.468%)  route 3.441ns (72.532%))
  Logic Levels:           5  (LUT3=1 LUT4=1 LUT5=2 LUT6=1)
  Clock Path Skew:        -0.039ns (DCD - SCD + CPR)
    Destination Clock Delay (DCD):    0.748ns = ( 5.748 - 5.000 ) 
    Source Clock Delay      (SCD):    0.787ns
    Clock Pessimism Removal (CPR):    0.000ns
  Clock Uncertainty:      0.035ns  ((TSJ^2 + TIJ^2)^1/2 + DJ) / 2 + PE
    Total System Jitter     (TSJ):    0.071ns
    Total Input Jitter      (TIJ):    0.000ns
    Discrete Jitter          (DJ):    0.000ns
    Phase Error              (PE):    0.000ns

    Location             Delay type                Incr(ns)  Path(ns)    Netlist Resource(s)
  -------------------------------------------------------------------    -------------------
                         (clock clk_i rise edge)      0.000     0.000 r  
                                                      0.000     0.000 r  clk_i (IN)
                         net (fo=2611, unset)         0.787     0.787    u_hdc/u_core/clk_i
    SLICE_X65Y12         FDCE                                         r  u_hdc/u_core/hperm_lane_base_q_reg[0]/C
  -------------------------------------------------------------------    -------------------
    SLICE_X65Y12         FDCE (Prop_fdce_C_Q)         0.379     1.166 r  u_hdc/u_core/hperm_lane_base_q_reg[0]/Q
                         net (fo=7, routed)           0.564     1.730    u_hdc/u_core/hperm_lane_base_q[0]
    SLICE_X65Y12                                                      r  u_hdc/u_core/hperm_stage_q[70]_i_24/I0
    SLICE_X65Y12         LUT4 (Prop_lut4_I0_O)        0.105     1.835 f  u_hdc/u_core/hperm_stage_q[70]_i_24/O
                         net (fo=129, routed)         0.753     2.588    u_hdc/u_core/hperm_stage_q[70]_i_24_n_0
    SLICE_X64Y12                                                      f  u_hdc/u_core/hperm_stage_q[70]_i_14/I0
    SLICE_X64Y12         LUT5 (Prop_lut5_I0_O)        0.123     2.711 r  u_hdc/u_core/hperm_stage_q[70]_i_14/O
                         net (fo=127, routed)         1.044     3.755    u_hdc/u_core/hperm_stage_q[70]_i_14_n_0
    SLICE_X65Y21                                                      r  u_hdc/u_core/hperm_stage_q[63]_i_8/I2
    SLICE_X65Y21         LUT6 (Prop_lut6_I2_O)        0.274     4.029 f  u_hdc/u_core/hperm_stage_q[63]_i_8/O
                         net (fo=2, routed)           0.521     4.550    u_hdc/u_core/hperm_stage_q[63]_i_8_n_0
    SLICE_X67Y21                                                      f  u_hdc/u_core/hperm_stage_q[63]_i_3/I2
    SLICE_X67Y21         LUT3 (Prop_lut3_I2_O)        0.125     4.675 r  u_hdc/u_core/hperm_stage_q[63]_i_3/O
                         net (fo=2, routed)           0.559     5.234    u_hdc/u_core/hperm_stage_q[63]_i_3_n_0
    SLICE_X66Y23                                                      r  u_hdc/u_core/hperm_stage_q[63]_i_1/I2
    SLICE_X66Y23         LUT5 (Prop_lut5_I2_O)        0.297     5.531 r  u_hdc/u_core/hperm_stage_q[63]_i_1/O
                         net (fo=1, routed)           0.000     5.531    u_hdc/u_core/hperm_byte_window[63]
    SLICE_X66Y23         FDCE                                         r  u_hdc/u_core/hperm_stage_q_reg[63]/D
  -------------------------------------------------------------------    -------------------

                         (clock clk_i rise edge)      5.000     5.000 r  
                                                      0.000     5.000 r  clk_i (IN)
                         net (fo=2611, unset)         0.748     5.748    u_hdc/u_core/clk_i
    SLICE_X66Y23         FDCE                                         r  u_hdc/u_core/hperm_stage_q_reg[63]/C
                         clock pessimism              0.000     5.748    
                         clock uncertainty           -0.035     5.712    
    SLICE_X66Y23         FDCE (Setup_fdce_C_D)        0.106     5.818    u_hdc/u_core/hperm_stage_q_reg[63]
  -------------------------------------------------------------------
                         required time                          5.818    
                         arrival time                          -5.531    
  -------------------------------------------------------------------
                         slack                                  0.288    

Slack (MET) :             0.288ns  (required time - arrival time)
  Source:                 u_hdc/u_core/FSM_onehot_st_q_reg[51]_rep/C
                            (rising edge-triggered cell FDCE clocked by clk_i  {rise@0.000ns fall@2.500ns period=5.000ns})
  Destination:            u_hdc/u_core/hdc_src0_q_reg[2][57]/D
                            (rising edge-triggered cell FDCE clocked by clk_i  {rise@0.000ns fall@2.500ns period=5.000ns})
  Path Group:             clk_i
  Path Type:              Setup (Max at Slow Process Corner)
  Requirement:            5.000ns  (clk_i rise@5.000ns - clk_i rise@0.000ns)
  Data Path Delay:        4.668ns  (logic 0.484ns (10.370%)  route 4.184ns (89.630%))
  Logic Levels:           1  (LUT4=1)
  Clock Path Skew:        -0.039ns (DCD - SCD + CPR)
    Destination Clock Delay (DCD):    0.748ns = ( 5.748 - 5.000 ) 
    Source Clock Delay      (SCD):    0.787ns
    Clock Pessimism Removal (CPR):    0.000ns
  Clock Uncertainty:      0.035ns  ((TSJ^2 + TIJ^2)^1/2 + DJ) / 2 + PE
    Total System Jitter     (TSJ):    0.071ns
    Total Input Jitter      (TIJ):    0.000ns
    Discrete Jitter          (DJ):    0.000ns
    Phase Error              (PE):    0.000ns

    Location             Delay type                Incr(ns)  Path(ns)    Netlist Resource(s)
  -------------------------------------------------------------------    -------------------
                         (clock clk_i rise edge)      0.000     0.000 r  
                                                      0.000     0.000 r  clk_i (IN)
                         net (fo=2611, unset)         0.787     0.787    u_hdc/u_core/clk_i
    SLICE_X60Y6          FDCE                                         r  u_hdc/u_core/FSM_onehot_st_q_reg[51]_rep/C
  -------------------------------------------------------------------    -------------------
    SLICE_X60Y6          FDCE (Prop_fdce_C_Q)         0.379     1.166 r  u_hdc/u_core/FSM_onehot_st_q_reg[51]_rep/Q
                         net (fo=110, routed)         4.184     5.350    u_hdc/u_core/FSM_onehot_st_q_reg[51]_rep_n_0
    SLICE_X77Y21                                                      r  u_hdc/u_core/hdc_src0_q[2][57]_i_1/I3
    SLICE_X77Y21         LUT4 (Prop_lut4_I3_O)        0.105     5.455 r  u_hdc/u_core/hdc_src0_q[2][57]_i_1/O
                         net (fo=1, routed)           0.000     5.455    u_hdc/u_core/hdc_src0_q[2][57]_i_1_n_0
    SLICE_X77Y21         FDCE                                         r  u_hdc/u_core/hdc_src0_q_reg[2][57]/D
  -------------------------------------------------------------------    -------------------

                         (clock clk_i rise edge)      5.000     5.000 r  
                                                      0.000     5.000 r  clk_i (IN)
                         net (fo=2611, unset)         0.748     5.748    u_hdc/u_core/clk_i
    SLICE_X77Y21         FDCE                                         r  u_hdc/u_core/hdc_src0_q_reg[2][57]/C
                         clock pessimism              0.000     5.748    
                         clock uncertainty           -0.035     5.712    
    SLICE_X77Y21         FDCE (Setup_fdce_C_D)        0.030     5.742    u_hdc/u_core/hdc_src0_q_reg[2][57]
  -------------------------------------------------------------------
                         required time                          5.742    
                         arrival time                          -5.455    
  -------------------------------------------------------------------
                         slack                                  0.288    

Slack (MET) :             0.288ns  (required time - arrival time)
  Source:                 u_ecc/u_core/ecc_pmul_subop_q_reg[0]/C
                            (rising edge-triggered cell FDCE clocked by clk_i  {rise@0.000ns fall@2.500ns period=5.000ns})
  Destination:            u_ecc/u_core/hdc_src0_q_reg[1][38]/CE
                            (rising edge-triggered cell FDCE clocked by clk_i  {rise@0.000ns fall@2.500ns period=5.000ns})
  Path Group:             clk_i
  Path Type:              Setup (Max at Slow Process Corner)
  Requirement:            5.000ns  (clk_i rise@5.000ns - clk_i rise@0.000ns)
  Data Path Delay:        4.501ns  (logic 1.137ns (25.258%)  route 3.364ns (74.742%))
  Logic Levels:           5  (LUT3=1 LUT6=4)
  Clock Path Skew:        -0.039ns (DCD - SCD + CPR)
    Destination Clock Delay (DCD):    0.748ns = ( 5.748 - 5.000 ) 
    Source Clock Delay      (SCD):    0.787ns
    Clock Pessimism Removal (CPR):    0.000ns
  Clock Uncertainty:      0.035ns  ((TSJ^2 + TIJ^2)^1/2 + DJ) / 2 + PE
    Total System Jitter     (TSJ):    0.071ns
    Total Input Jitter      (TIJ):    0.000ns
    Discrete Jitter          (DJ):    0.000ns
    Phase Error              (PE):    0.000ns

    Location             Delay type                Incr(ns)  Path(ns)    Netlist Resource(s)
  -------------------------------------------------------------------    -------------------
                         (clock clk_i rise edge)      0.000     0.000 r  
                                                      0.000     0.000 r  clk_i (IN)
                         net (fo=2611, unset)         0.787     0.787    u_ecc/u_core/clk_i
    SLICE_X46Y34         FDCE                                         r  u_ecc/u_core/ecc_pmul_subop_q_reg[0]/C
  -------------------------------------------------------------------    -------------------
    SLICE_X46Y34         FDCE (Prop_fdce_C_Q)         0.433     1.220 r  u_ecc/u_core/ecc_pmul_subop_q_reg[0]/Q
                         net (fo=60, routed)          0.606     1.826    u_ecc/u_core/subop[0]
    SLICE_X46Y35                                                      r  u_ecc/u_core/ecc_sqr_repeat_q[6]_i_11/I0
    SLICE_X46Y35         LUT3 (Prop_lut3_I0_O)        0.125     1.951 r  u_ecc/u_core/ecc_sqr_repeat_q[6]_i_11/O
                         net (fo=6, routed)           0.426     2.377    u_ecc/u_core/ecc_sqr_repeat_q[6]_i_11_n_0
    SLICE_X46Y36                                                      r  u_ecc/u_core/ecc_leaf_xor_a_q[31]_i_5/I0
    SLICE_X46Y36         LUT6 (Prop_lut6_I0_O)        0.264     2.641 f  u_ecc/u_core/ecc_leaf_xor_a_q[31]_i_5/O
                         net (fo=15, routed)          0.272     2.913    u_ecc/u_core/ecc_leaf_xor_a_q[31]_i_5_n_0
    SLICE_X47Y36                                                      f  u_ecc/u_core/hdc_src0_q[3][63]_i_6/I5
    SLICE_X47Y36         LUT6 (Prop_lut6_I5_O)        0.105     3.018 r  u_ecc/u_core/hdc_src0_q[3][63]_i_6/O
                         net (fo=1, routed)           0.258     3.276    u_ecc/u_core/hdc_src0_q[3][63]_i_6_n_0
    SLICE_X47Y37                                                      r  u_ecc/u_core/hdc_src0_q[3][63]_i_3/I5
    SLICE_X47Y37         LUT6 (Prop_lut6_I5_O)        0.105     3.381 r  u_ecc/u_core/hdc_src0_q[3][63]_i_3/O
                         net (fo=4, routed)           0.836     4.217    u_ecc/u_core/hdc_src0_q[3][63]_i_3_n_0
    SLICE_X78Y42                                                      r  u_ecc/u_core/hdc_src0_q[1][63]_i_1/I5
    SLICE_X78Y42         LUT6 (Prop_lut6_I5_O)        0.105     4.322 r  u_ecc/u_core/hdc_src0_q[1][63]_i_1/O
                         net (fo=128, routed)         0.967     5.288    u_ecc/u_core/hdc_src0_q[1][63]_i_1_n_0
    SLICE_X86Y38         FDCE                                         r  u_ecc/u_core/hdc_src0_q_reg[1][38]/CE
  -------------------------------------------------------------------    -------------------

                         (clock clk_i rise edge)      5.000     5.000 r  
                                                      0.000     5.000 r  clk_i (IN)
                         net (fo=2611, unset)         0.748     5.748    u_ecc/u_core/clk_i
    SLICE_X86Y38         FDCE                                         r  u_ecc/u_core/hdc_src0_q_reg[1][38]/C
                         clock pessimism              0.000     5.748    
                         clock uncertainty           -0.035     5.712    
    SLICE_X86Y38         FDCE (Setup_fdce_C_CE)      -0.136     5.576    u_ecc/u_core/hdc_src0_q_reg[1][38]
  -------------------------------------------------------------------
                         required time                          5.576    
                         arrival time                          -5.288    
  -------------------------------------------------------------------
                         slack                                  0.288    

Slack (MET) :             0.288ns  (required time - arrival time)
  Source:                 u_ecc/u_core/ecc_pmul_subop_q_reg[0]/C
                            (rising edge-triggered cell FDCE clocked by clk_i  {rise@0.000ns fall@2.500ns period=5.000ns})
  Destination:            u_ecc/u_core/hdc_src0_q_reg[1][40]/CE
                            (rising edge-triggered cell FDCE clocked by clk_i  {rise@0.000ns fall@2.500ns period=5.000ns})
  Path Group:             clk_i
  Path Type:              Setup (Max at Slow Process Corner)
  Requirement:            5.000ns  (clk_i rise@5.000ns - clk_i rise@0.000ns)
  Data Path Delay:        4.501ns  (logic 1.137ns (25.258%)  route 3.364ns (74.742%))
  Logic Levels:           5  (LUT3=1 LUT6=4)
  Clock Path Skew:        -0.039ns (DCD - SCD + CPR)
    Destination Clock Delay (DCD):    0.748ns = ( 5.748 - 5.000 ) 
    Source Clock Delay      (SCD):    0.787ns
    Clock Pessimism Removal (CPR):    0.000ns
  Clock Uncertainty:      0.035ns  ((TSJ^2 + TIJ^2)^1/2 + DJ) / 2 + PE
    Total System Jitter     (TSJ):    0.071ns
    Total Input Jitter      (TIJ):    0.000ns
    Discrete Jitter          (DJ):    0.000ns
    Phase Error              (PE):    0.000ns

    Location             Delay type                Incr(ns)  Path(ns)    Netlist Resource(s)
  -------------------------------------------------------------------    -------------------
                         (clock clk_i rise edge)      0.000     0.000 r  
                                                      0.000     0.000 r  clk_i (IN)
                         net (fo=2611, unset)         0.787     0.787    u_ecc/u_core/clk_i
    SLICE_X46Y34         FDCE                                         r  u_ecc/u_core/ecc_pmul_subop_q_reg[0]/C
  -------------------------------------------------------------------    -------------------
    SLICE_X46Y34         FDCE (Prop_fdce_C_Q)         0.433     1.220 r  u_ecc/u_core/ecc_pmul_subop_q_reg[0]/Q
                         net (fo=60, routed)          0.606     1.826    u_ecc/u_core/subop[0]
    SLICE_X46Y35                                                      r  u_ecc/u_core/ecc_sqr_repeat_q[6]_i_11/I0
    SLICE_X46Y35         LUT3 (Prop_lut3_I0_O)        0.125     1.951 r  u_ecc/u_core/ecc_sqr_repeat_q[6]_i_11/O
                         net (fo=6, routed)           0.426     2.377    u_ecc/u_core/ecc_sqr_repeat_q[6]_i_11_n_0
    SLICE_X46Y36                                                      r  u_ecc/u_core/ecc_leaf_xor_a_q[31]_i_5/I0
    SLICE_X46Y36         LUT6 (Prop_lut6_I0_O)        0.264     2.641 f  u_ecc/u_core/ecc_leaf_xor_a_q[31]_i_5/O
                         net (fo=15, routed)          0.272     2.913    u_ecc/u_core/ecc_leaf_xor_a_q[31]_i_5_n_0
    SLICE_X47Y36                                                      f  u_ecc/u_core/hdc_src0_q[3][63]_i_6/I5
    SLICE_X47Y36         LUT6 (Prop_lut6_I5_O)        0.105     3.018 r  u_ecc/u_core/hdc_src0_q[3][63]_i_6/O
                         net (fo=1, routed)           0.258     3.276    u_ecc/u_core/hdc_src0_q[3][63]_i_6_n_0
    SLICE_X47Y37                                                      r  u_ecc/u_core/hdc_src0_q[3][63]_i_3/I5
    SLICE_X47Y37         LUT6 (Prop_lut6_I5_O)        0.105     3.381 r  u_ecc/u_core/hdc_src0_q[3][63]_i_3/O
                         net (fo=4, routed)           0.836     4.217    u_ecc/u_core/hdc_src0_q[3][63]_i_3_n_0
    SLICE_X78Y42                                                      r  u_ecc/u_core/hdc_src0_q[1][63]_i_1/I5
    SLICE_X78Y42         LUT6 (Prop_lut6_I5_O)        0.105     4.322 r  u_ecc/u_core/hdc_src0_q[1][63]_i_1/O
                         net (fo=128, routed)         0.967     5.288    u_ecc/u_core/hdc_src0_q[1][63]_i_1_n_0
    SLICE_X86Y38         FDCE                                         r  u_ecc/u_core/hdc_src0_q_reg[1][40]/CE
  -------------------------------------------------------------------    -------------------

                         (clock clk_i rise edge)      5.000     5.000 r  
                                                      0.000     5.000 r  clk_i (IN)
                         net (fo=2611, unset)         0.748     5.748    u_ecc/u_core/clk_i
    SLICE_X86Y38         FDCE                                         r  u_ecc/u_core/hdc_src0_q_reg[1][40]/C
                         clock pessimism              0.000     5.748    
                         clock uncertainty           -0.035     5.712    
    SLICE_X86Y38         FDCE (Setup_fdce_C_CE)      -0.136     5.576    u_ecc/u_core/hdc_src0_q_reg[1][40]
  -------------------------------------------------------------------
                         required time                          5.576    
                         arrival time                          -5.288    
  -------------------------------------------------------------------
                         slack                                  0.288    

Slack (MET) :             0.288ns  (required time - arrival time)
  Source:                 u_ecc/u_core/ecc_kpd64_sub_q_reg[0]/C
                            (rising edge-triggered cell FDCE clocked by clk_i  {rise@0.000ns fall@2.500ns period=5.000ns})
  Destination:            u_ecc/u_core/hdc_src0_q_reg[2][29]/D
                            (rising edge-triggered cell FDCE clocked by clk_i  {rise@0.000ns fall@2.500ns period=5.000ns})
  Path Group:             clk_i
  Path Type:              Setup (Max at Slow Process Corner)
  Requirement:            5.000ns  (clk_i rise@5.000ns - clk_i rise@0.000ns)
  Data Path Delay:        4.669ns  (logic 1.092ns (23.386%)  route 3.577ns (76.614%))
  Logic Levels:           5  (LUT2=1 LUT5=1 LUT6=3)
  Clock Path Skew:        -0.039ns (DCD - SCD + CPR)
    Destination Clock Delay (DCD):    0.748ns = ( 5.748 - 5.000 ) 
    Source Clock Delay      (SCD):    0.787ns
    Clock Pessimism Removal (CPR):    0.000ns
  Clock Uncertainty:      0.035ns  ((TSJ^2 + TIJ^2)^1/2 + DJ) / 2 + PE
    Total System Jitter     (TSJ):    0.071ns
    Total Input Jitter      (TIJ):    0.000ns
    Discrete Jitter          (DJ):    0.000ns
    Phase Error              (PE):    0.000ns

    Location             Delay type                Incr(ns)  Path(ns)    Netlist Resource(s)
  -------------------------------------------------------------------    -------------------
                         (clock clk_i rise edge)      0.000     0.000 r  
                                                      0.000     0.000 r  clk_i (IN)
                         net (fo=2611, unset)         0.787     0.787    u_ecc/u_core/clk_i
    SLICE_X73Y43         FDCE                                         r  u_ecc/u_core/ecc_kpd64_sub_q_reg[0]/C
  -------------------------------------------------------------------    -------------------
    SLICE_X73Y43         FDCE (Prop_fdce_C_Q)         0.379     1.166 r  u_ecc/u_core/ecc_kpd64_sub_q_reg[0]/Q
                         net (fo=146, routed)         1.341     2.507    u_ecc/u_core/ecc_kpd64_sub_q[0]
    SLICE_X81Y51                                                      r  u_ecc/u_core/i_vec_i_820/I3
    SLICE_X81Y51         LUT6 (Prop_lut6_I3_O)        0.105     2.612 r  u_ecc/u_core/i_vec_i_820/O
                         net (fo=8, routed)           1.068     3.679    u_ecc/u_core/i_vec_i_820_n_0
    SLICE_X67Y49                                                      r  u_ecc/u_core/i_vec_i_514/I0
    SLICE_X67Y49         LUT5 (Prop_lut5_I0_O)        0.105     3.784 r  u_ecc/u_core/i_vec_i_514/O
                         net (fo=1, routed)           0.469     4.253    u_ecc/u_core/i_vec_i_514_n_0
    SLICE_X67Y50                                                      r  u_ecc/u_core/i_vec_i_134/I2
    SLICE_X67Y50         LUT6 (Prop_lut6_I2_O)        0.105     4.358 r  u_ecc/u_core/i_vec_i_134/O
                         net (fo=2, routed)           0.355     4.713    u_ecc/u_core/i_vec/xor0_contribution_packet_i[2][29]
    SLICE_X67Y50                                                      r  u_ecc/u_core/i_vec/xor0_field_packet_o[157]_INST_0/I0
    SLICE_X67Y50         LUT2 (Prop_lut2_I0_O)        0.124     4.837 r  u_ecc/u_core/i_vec/xor0_field_packet_o[157]_INST_0/O
                         net (fo=1, routed)           0.345     5.182    u_ecc/u_core/xor0_field_packet[157]
    SLICE_X67Y50                                                      r  u_ecc/u_core/hdc_src0_q[2][29]_i_1/I4
    SLICE_X67Y50         LUT6 (Prop_lut6_I4_O)        0.274     5.456 r  u_ecc/u_core/hdc_src0_q[2][29]_i_1/O
                         net (fo=1, routed)           0.000     5.456    u_ecc/u_core/hdc_src0_q[2][29]_i_1_n_0
    SLICE_X67Y50         FDCE                                         r  u_ecc/u_core/hdc_src0_q_reg[2][29]/D
  -------------------------------------------------------------------    -------------------

                         (clock clk_i rise edge)      5.000     5.000 r  
                                                      0.000     5.000 r  clk_i (IN)
                         net (fo=2611, unset)         0.748     5.748    u_ecc/u_core/clk_i
    SLICE_X67Y50         FDCE                                         r  u_ecc/u_core/hdc_src0_q_reg[2][29]/C
                         clock pessimism              0.000     5.748    
                         clock uncertainty           -0.035     5.712    
    SLICE_X67Y50         FDCE (Setup_fdce_C_D)        0.032     5.744    u_ecc/u_core/hdc_src0_q_reg[2][29]
  -------------------------------------------------------------------
                         required time                          5.744    
                         arrival time                          -5.456    
  -------------------------------------------------------------------
                         slack                                  0.288    

Slack (MET) :             0.288ns  (required time - arrival time)
  Source:                 u_ecc/u_core/i_vrf/gen_bank[1].vrf_mem_reg/CLKARDCLK
                            (rising edge-triggered cell RAMB36E1 clocked by clk_i  {rise@0.000ns fall@2.500ns period=5.000ns})
  Destination:            u_ecc/u_core/i_vec/payload_q_reg[1][42]/D
                            (rising edge-triggered cell FDCE clocked by clk_i  {rise@0.000ns fall@2.500ns period=5.000ns})
  Path Group:             clk_i
  Path Type:              Setup (Max at Slow Process Corner)
  Requirement:            5.000ns  (clk_i rise@5.000ns - clk_i rise@0.000ns)
  Data Path Delay:        4.667ns  (logic 2.440ns (52.281%)  route 2.227ns (47.719%))
  Logic Levels:           3  (LUT2=1 LUT3=1 LUT5=1)
  Clock Path Skew:        -0.039ns (DCD - SCD + CPR)
    Destination Clock Delay (DCD):    0.748ns = ( 5.748 - 5.000 ) 
    Source Clock Delay      (SCD):    0.787ns
    Clock Pessimism Removal (CPR):    0.000ns
  Clock Uncertainty:      0.035ns  ((TSJ^2 + TIJ^2)^1/2 + DJ) / 2 + PE
    Total System Jitter     (TSJ):    0.071ns
    Total Input Jitter      (TIJ):    0.000ns
    Discrete Jitter          (DJ):    0.000ns
    Phase Error              (PE):    0.000ns

    Location             Delay type                Incr(ns)  Path(ns)    Netlist Resource(s)
  -------------------------------------------------------------------    -------------------
                         (clock clk_i rise edge)      0.000     0.000 r  
                                                      0.000     0.000 r  clk_i (IN)
                         net (fo=2611, unset)         0.787     0.787    u_ecc/u_core/i_vrf/clk_i
    RAMB36_X3Y8          RAMB36E1                                     r  u_ecc/u_core/i_vrf/gen_bank[1].vrf_mem_reg/CLKARDCLK
  -------------------------------------------------------------------    -------------------
    RAMB36_X3Y8          RAMB36E1 (Prop_ramb36e1_CLKARDCLK_DOBDO[10])
                                                      2.125     2.912 r  u_ecc/u_core/i_vrf/gen_bank[1].vrf_mem_reg/DOBDO[10]
                         net (fo=2, routed)           1.023     3.935    u_ecc/u_core/i_vec/hdc_pair_src_b_i[1][42]
    SLICE_X71Y42                                                      r  u_ecc/u_core/i_vec/i_gf2_contribution_row_tile_i_406/I2
    SLICE_X71Y42         LUT3 (Prop_lut3_I2_O)        0.105     4.040 r  u_ecc/u_core/i_vec/i_gf2_contribution_row_tile_i_406/O
                         net (fo=1, routed)           0.754     4.794    u_ecc/u_core/i_vec/i_gf2_contribution_row_tile/matrix_src_b_i[3][10]
    SLICE_X76Y36                                                      r  u_ecc/u_core/i_vec/i_gf2_contribution_row_tile/matrix_product_o[3][10]_INST_0/I1
    SLICE_X76Y36         LUT2 (Prop_lut2_I1_O)        0.105     4.899 r  u_ecc/u_core/i_vec/i_gf2_contribution_row_tile/matrix_product_o[3][10]_INST_0/O
                         net (fo=1, routed)           0.450     5.349    u_ecc/u_core/i_vec/tile_product_word[1][42]
    SLICE_X80Y37                                                      r  u_ecc/u_core/i_vec/payload_q[1][42]_i_1/I4
    SLICE_X80Y37         LUT5 (Prop_lut5_I4_O)        0.105     5.454 r  u_ecc/u_core/i_vec/payload_q[1][42]_i_1/O
                         net (fo=1, routed)           0.000     5.454    u_ecc/u_core/i_vec/payload_q[1][42]_i_1_n_0
    SLICE_X80Y37         FDCE                                         r  u_ecc/u_core/i_vec/payload_q_reg[1][42]/D
  -------------------------------------------------------------------    -------------------

                         (clock clk_i rise edge)      5.000     5.000 r  
                                                      0.000     5.000 r  clk_i (IN)
                         net (fo=2611, unset)         0.748     5.748    u_ecc/u_core/i_vec/clk_i
    SLICE_X80Y37         FDCE                                         r  u_ecc/u_core/i_vec/payload_q_reg[1][42]/C
                         clock pessimism              0.000     5.748    
                         clock uncertainty           -0.035     5.712    
    SLICE_X80Y37         FDCE (Setup_fdce_C_D)        0.030     5.742    u_ecc/u_core/i_vec/payload_q_reg[1][42]
  -------------------------------------------------------------------
                         required time                          5.742    
                         arrival time                          -5.454    
  -------------------------------------------------------------------
                         slack                                  0.288    

Slack (MET) :             0.288ns  (required time - arrival time)
  Source:                 u_ecc/u_core/ecc_pmul_subop_q_reg[0]/C
                            (rising edge-triggered cell FDCE clocked by clk_i  {rise@0.000ns fall@2.500ns period=5.000ns})
  Destination:            u_ecc/u_core/hdc_src0_q_reg[1][22]/CE
                            (rising edge-triggered cell FDCE clocked by clk_i  {rise@0.000ns fall@2.500ns period=5.000ns})
  Path Group:             clk_i
  Path Type:              Setup (Max at Slow Process Corner)
  Requirement:            5.000ns  (clk_i rise@5.000ns - clk_i rise@0.000ns)
  Data Path Delay:        4.469ns  (logic 1.137ns (25.441%)  route 3.332ns (74.559%))
  Logic Levels:           5  (LUT3=1 LUT6=4)
  Clock Path Skew:        -0.039ns (DCD - SCD + CPR)
    Destination Clock Delay (DCD):    0.748ns = ( 5.748 - 5.000 ) 
    Source Clock Delay      (SCD):    0.787ns
    Clock Pessimism Removal (CPR):    0.000ns
  Clock Uncertainty:      0.035ns  ((TSJ^2 + TIJ^2)^1/2 + DJ) / 2 + PE
    Total System Jitter     (TSJ):    0.071ns
    Total Input Jitter      (TIJ):    0.000ns
    Discrete Jitter          (DJ):    0.000ns
    Phase Error              (PE):    0.000ns

    Location             Delay type                Incr(ns)  Path(ns)    Netlist Resource(s)
  -------------------------------------------------------------------    -------------------
                         (clock clk_i rise edge)      0.000     0.000 r  
                                                      0.000     0.000 r  clk_i (IN)
                         net (fo=2611, unset)         0.787     0.787    u_ecc/u_core/clk_i
    SLICE_X46Y34         FDCE                                         r  u_ecc/u_core/ecc_pmul_subop_q_reg[0]/C
  -------------------------------------------------------------------    -------------------
    SLICE_X46Y34         FDCE (Prop_fdce_C_Q)         0.433     1.220 r  u_ecc/u_core/ecc_pmul_subop_q_reg[0]/Q
                         net (fo=60, routed)          0.606     1.826    u_ecc/u_core/subop[0]
    SLICE_X46Y35                                                      r  u_ecc/u_core/ecc_sqr_repeat_q[6]_i_11/I0
    SLICE_X46Y35         LUT3 (Prop_lut3_I0_O)        0.125     1.951 r  u_ecc/u_core/ecc_sqr_repeat_q[6]_i_11/O
                         net (fo=6, routed)           0.426     2.377    u_ecc/u_core/ecc_sqr_repeat_q[6]_i_11_n_0
    SLICE_X46Y36                                                      r  u_ecc/u_core/ecc_leaf_xor_a_q[31]_i_5/I0
    SLICE_X46Y36         LUT6 (Prop_lut6_I0_O)        0.264     2.641 f  u_ecc/u_core/ecc_leaf_xor_a_q[31]_i_5/O
                         net (fo=15, routed)          0.272     2.913    u_ecc/u_core/ecc_leaf_xor_a_q[31]_i_5_n_0
    SLICE_X47Y36                                                      f  u_ecc/u_core/hdc_src0_q[3][63]_i_6/I5
    SLICE_X47Y36         LUT6 (Prop_lut6_I5_O)        0.105     3.018 r  u_ecc/u_core/hdc_src0_q[3][63]_i_6/O
                         net (fo=1, routed)           0.258     3.276    u_ecc/u_core/hdc_src0_q[3][63]_i_6_n_0
    SLICE_X47Y37                                                      r  u_ecc/u_core/hdc_src0_q[3][63]_i_3/I5
    SLICE_X47Y37         LUT6 (Prop_lut6_I5_O)        0.105     3.381 r  u_ecc/u_core/hdc_src0_q[3][63]_i_3/O
                         net (fo=4, routed)           0.836     4.217    u_ecc/u_core/hdc_src0_q[3][63]_i_3_n_0
    SLICE_X78Y42                                                      r  u_ecc/u_core/hdc_src0_q[1][63]_i_1/I5
    SLICE_X78Y42         LUT6 (Prop_lut6_I5_O)        0.105     4.322 r  u_ecc/u_core/hdc_src0_q[1][63]_i_1/O
                         net (fo=128, routed)         0.934     5.256    u_ecc/u_core/hdc_src0_q[1][63]_i_1_n_0
    SLICE_X87Y36         FDCE                                         r  u_ecc/u_core/hdc_src0_q_reg[1][22]/CE
  -------------------------------------------------------------------    -------------------

                         (clock clk_i rise edge)      5.000     5.000 r  
                                                      0.000     5.000 r  clk_i (IN)
                         net (fo=2611, unset)         0.748     5.748    u_ecc/u_core/clk_i
    SLICE_X87Y36         FDCE                                         r  u_ecc/u_core/hdc_src0_q_reg[1][22]/C
                         clock pessimism              0.000     5.748    
                         clock uncertainty           -0.035     5.712    
    SLICE_X87Y36         FDCE (Setup_fdce_C_CE)      -0.168     5.544    u_ecc/u_core/hdc_src0_q_reg[1][22]
  -------------------------------------------------------------------
                         required time                          5.544    
                         arrival time                          -5.256    
  -------------------------------------------------------------------
                         slack                                  0.288    

Slack (MET) :             0.288ns  (required time - arrival time)
  Source:                 u_ecc/u_core/FSM_onehot_st_q_reg[35]/C
                            (rising edge-triggered cell FDCE clocked by clk_i  {rise@0.000ns fall@2.500ns period=5.000ns})
  Destination:            u_ecc/u_core/hdc_src0_q_reg[2][60]/D
                            (rising edge-triggered cell FDCE clocked by clk_i  {rise@0.000ns fall@2.500ns period=5.000ns})
  Path Group:             clk_i
  Path Type:              Setup (Max at Slow Process Corner)
  Requirement:            5.000ns  (clk_i rise@5.000ns - clk_i rise@0.000ns)
  Data Path Delay:        4.667ns  (logic 0.902ns (19.327%)  route 3.765ns (80.673%))
  Logic Levels:           4  (LUT2=1 LUT3=1 LUT6=2)
  Clock Path Skew:        -0.039ns (DCD - SCD + CPR)
    Destination Clock Delay (DCD):    0.748ns = ( 5.748 - 5.000 ) 
    Source Clock Delay      (SCD):    0.787ns
    Clock Pessimism Removal (CPR):    0.000ns
  Clock Uncertainty:      0.035ns  ((TSJ^2 + TIJ^2)^1/2 + DJ) / 2 + PE
    Total System Jitter     (TSJ):    0.071ns
    Total Input Jitter      (TIJ):    0.000ns
    Discrete Jitter          (DJ):    0.000ns
    Phase Error              (PE):    0.000ns

    Location             Delay type                Incr(ns)  Path(ns)    Netlist Resource(s)
  -------------------------------------------------------------------    -------------------
                         (clock clk_i rise edge)      0.000     0.000 r  
                                                      0.000     0.000 r  clk_i (IN)
                         net (fo=2611, unset)         0.787     0.787    u_ecc/u_core/clk_i
    SLICE_X48Y35         FDCE                                         r  u_ecc/u_core/FSM_onehot_st_q_reg[35]/C
  -------------------------------------------------------------------    -------------------
    SLICE_X48Y35         FDCE (Prop_fdce_C_Q)         0.348     1.135 r  u_ecc/u_core/FSM_onehot_st_q_reg[35]/Q
                         net (fo=29, routed)          0.622     1.757    u_ecc/u_core/uop_p3_n
    SLICE_X53Y35                                                      r  u_ecc/u_core/i_vec_i_1/I2
    SLICE_X53Y35         LUT3 (Prop_lut3_I2_O)        0.239     1.996 r  u_ecc/u_core/i_vec_i_1/O
                         net (fo=513, routed)         1.941     3.936    u_ecc/u_core/hdc_xor_issue
    SLICE_X87Y44                                                      r  u_ecc/u_core/i_vec_i_103/I1
    SLICE_X87Y44         LUT6 (Prop_lut6_I1_O)        0.105     4.041 r  u_ecc/u_core/i_vec_i_103/O
                         net (fo=2, routed)           0.649     4.690    u_ecc/u_core/i_vec/xor0_contribution_packet_i[2][60]
    SLICE_X76Y38                                                      r  u_ecc/u_core/i_vec/xor0_field_packet_o[188]_INST_0/I0
    SLICE_X76Y38         LUT2 (Prop_lut2_I0_O)        0.105     4.795 r  u_ecc/u_core/i_vec/xor0_field_packet_o[188]_INST_0/O
                         net (fo=1, routed)           0.554     5.349    u_ecc/u_core/xor0_field_packet[188]
    SLICE_X76Y38                                                      r  u_ecc/u_core/hdc_src0_q[2][60]_i_1/I4
    SLICE_X76Y38         LUT6 (Prop_lut6_I4_O)        0.105     5.454 r  u_ecc/u_core/hdc_src0_q[2][60]_i_1/O
                         net (fo=1, routed)           0.000     5.454    u_ecc/u_core/hdc_src0_q[2][60]_i_1_n_0
    SLICE_X76Y38         FDCE                                         r  u_ecc/u_core/hdc_src0_q_reg[2][60]/D
  -------------------------------------------------------------------    -------------------

                         (clock clk_i rise edge)      5.000     5.000 r  
                                                      0.000     5.000 r  clk_i (IN)
                         net (fo=2611, unset)         0.748     5.748    u_ecc/u_core/clk_i
    SLICE_X76Y38         FDCE                                         r  u_ecc/u_core/hdc_src0_q_reg[2][60]/C
                         clock pessimism              0.000     5.748    
                         clock uncertainty           -0.035     5.712    
    SLICE_X76Y38         FDCE (Setup_fdce_C_D)        0.030     5.742    u_ecc/u_core/hdc_src0_q_reg[2][60]
  -------------------------------------------------------------------
                         required time                          5.742    
                         arrival time                          -5.454    
  -------------------------------------------------------------------
                         slack                                  0.288    

Slack (MET) :             0.288ns  (required time - arrival time)
  Source:                 u_hdc/u_core/i_vec/payload_q_reg[2][22]/C
                            (rising edge-triggered cell FDCE clocked by clk_i  {rise@0.000ns fall@2.500ns period=5.000ns})
  Destination:            u_hdc/u_core/i_vec/popcount_part_q_reg[2][0][3]/D
                            (rising edge-triggered cell FDCE clocked by clk_i  {rise@0.000ns fall@2.500ns period=5.000ns})
  Path Group:             clk_i
  Path Type:              Setup (Max at Slow Process Corner)
  Requirement:            5.000ns  (clk_i rise@5.000ns - clk_i rise@0.000ns)
  Data Path Delay:        4.709ns  (logic 1.127ns (23.933%)  route 3.582ns (76.067%))
  Logic Levels:           5  (LUT3=2 LUT4=1 LUT5=1 LUT6=1)
  Clock Path Skew:        -0.039ns (DCD - SCD + CPR)
    Destination Clock Delay (DCD):    0.748ns = ( 5.748 - 5.000 ) 
    Source Clock Delay      (SCD):    0.787ns
    Clock Pessimism Removal (CPR):    0.000ns
  Clock Uncertainty:      0.035ns  ((TSJ^2 + TIJ^2)^1/2 + DJ) / 2 + PE
    Total System Jitter     (TSJ):    0.071ns
    Total Input Jitter      (TIJ):    0.000ns
    Discrete Jitter          (DJ):    0.000ns
    Phase Error              (PE):    0.000ns

    Location             Delay type                Incr(ns)  Path(ns)    Netlist Resource(s)
  -------------------------------------------------------------------    -------------------
                         (clock clk_i rise edge)      0.000     0.000 r  
                                                      0.000     0.000 r  clk_i (IN)
                         net (fo=2611, unset)         0.787     0.787    u_hdc/u_core/i_vec/clk_i
    SLICE_X58Y10         FDCE                                         r  u_hdc/u_core/i_vec/payload_q_reg[2][22]/C
  -------------------------------------------------------------------    -------------------
    SLICE_X58Y10         FDCE (Prop_fdce_C_Q)         0.433     1.220 r  u_hdc/u_core/i_vec/payload_q_reg[2][22]/Q
                         net (fo=4, routed)           0.978     2.198    u_hdc/u_core/i_vec/i_gf2_contribution_row_tile/matrix_product_q_i[4][22]
    SLICE_X60Y17                                                      r  u_hdc/u_core/i_vec/i_gf2_contribution_row_tile/matrix_count_o[4][1]_INST_0_i_7/I1
    SLICE_X60Y17         LUT4 (Prop_lut4_I1_O)        0.105     2.303 r  u_hdc/u_core/i_vec/i_gf2_contribution_row_tile/matrix_count_o[4][1]_INST_0_i_7/O
                         net (fo=2, routed)           0.774     3.077    u_hdc/u_core/i_vec/i_gf2_contribution_row_tile/matrix_count_o[4][1]_INST_0_i_7_n_0
    SLICE_X83Y16                                                      r  u_hdc/u_core/i_vec/i_gf2_contribution_row_tile/matrix_count_o[4][1]_INST_0_i_3/I1
    SLICE_X83Y16         LUT6 (Prop_lut6_I1_O)        0.105     3.182 f  u_hdc/u_core/i_vec/i_gf2_contribution_row_tile/matrix_count_o[4][1]_INST_0_i_3/O
                         net (fo=4, routed)           0.679     3.861    u_hdc/u_core/i_vec/i_gf2_contribution_row_tile/matrix_count_o[4][1]_INST_0_i_3_n_0
    SLICE_X82Y17                                                      f  u_hdc/u_core/i_vec/i_gf2_contribution_row_tile/matrix_count_o[4][4]_INST_0_i_6/I2
    SLICE_X82Y17         LUT3 (Prop_lut3_I2_O)        0.115     3.976 r  u_hdc/u_core/i_vec/i_gf2_contribution_row_tile/matrix_count_o[4][4]_INST_0_i_6/O
                         net (fo=1, routed)           0.567     4.543    u_hdc/u_core/i_vec/i_gf2_contribution_row_tile/matrix_count_o[4][4]_INST_0_i_6_n_0
    SLICE_X82Y17                                                      r  u_hdc/u_core/i_vec/i_gf2_contribution_row_tile/matrix_count_o[4][4]_INST_0_i_2/I2
    SLICE_X82Y17         LUT5 (Prop_lut5_I2_O)        0.264     4.807 r  u_hdc/u_core/i_vec/i_gf2_contribution_row_tile/matrix_count_o[4][4]_INST_0_i_2/O
                         net (fo=2, routed)           0.584     5.391    u_hdc/u_core/i_vec/i_gf2_contribution_row_tile/matrix_count_o[4][4]_INST_0_i_2_n_0
    SLICE_X82Y16                                                      r  u_hdc/u_core/i_vec/i_gf2_contribution_row_tile/matrix_count_o[4][3]_INST_0/I1
    SLICE_X82Y16         LUT3 (Prop_lut3_I1_O)        0.105     5.496 r  u_hdc/u_core/i_vec/i_gf2_contribution_row_tile/matrix_count_o[4][3]_INST_0/O
                         net (fo=1, routed)           0.000     5.496    u_hdc/u_core/i_vec/matrix_count[4][3]
    SLICE_X82Y16         FDCE                                         r  u_hdc/u_core/i_vec/popcount_part_q_reg[2][0][3]/D
  -------------------------------------------------------------------    -------------------

                         (clock clk_i rise edge)      5.000     5.000 r  
                                                      0.000     5.000 r  clk_i (IN)
                         net (fo=2611, unset)         0.748     5.748    u_hdc/u_core/i_vec/clk_i
    SLICE_X82Y16         FDCE                                         r  u_hdc/u_core/i_vec/popcount_part_q_reg[2][0][3]/C
                         clock pessimism              0.000     5.748    
                         clock uncertainty           -0.035     5.712    
    SLICE_X82Y16         FDCE (Setup_fdce_C_D)        0.072     5.784    u_hdc/u_core/i_vec/popcount_part_q_reg[2][0][3]
  -------------------------------------------------------------------
                         required time                          5.784    
                         arrival time                          -5.496    
  -------------------------------------------------------------------
                         slack                                  0.288    

Slack (MET) :             0.289ns  (required time - arrival time)
  Source:                 u_ecc/u_core/ecc_leaf_path_q_reg[3]/C
                            (rising edge-triggered cell FDCE clocked by clk_i  {rise@0.000ns fall@2.500ns period=5.000ns})
  Destination:            u_ecc/u_core/i_vec/payload_q_reg[3][28]/D
                            (rising edge-triggered cell FDCE clocked by clk_i  {rise@0.000ns fall@2.500ns period=5.000ns})
  Path Group:             clk_i
  Path Type:              Setup (Max at Slow Process Corner)
  Requirement:            5.000ns  (clk_i rise@5.000ns - clk_i rise@0.000ns)
  Data Path Delay:        4.713ns  (logic 1.380ns (29.282%)  route 3.333ns (70.718%))
  Logic Levels:           6  (LUT2=1 LUT3=2 LUT4=1 LUT5=1 LUT6=1)
  Clock Path Skew:        -0.039ns (DCD - SCD + CPR)
    Destination Clock Delay (DCD):    0.748ns = ( 5.748 - 5.000 ) 
    Source Clock Delay      (SCD):    0.787ns
    Clock Pessimism Removal (CPR):    0.000ns
  Clock Uncertainty:      0.035ns  ((TSJ^2 + TIJ^2)^1/2 + DJ) / 2 + PE
    Total System Jitter     (TSJ):    0.071ns
    Total Input Jitter      (TIJ):    0.000ns
    Discrete Jitter          (DJ):    0.000ns
    Phase Error              (PE):    0.000ns

    Location             Delay type                Incr(ns)  Path(ns)    Netlist Resource(s)
  -------------------------------------------------------------------    -------------------
                         (clock clk_i rise edge)      0.000     0.000 r  
                                                      0.000     0.000 r  clk_i (IN)
                         net (fo=2611, unset)         0.787     0.787    u_ecc/u_core/clk_i
    SLICE_X69Y43         FDCE                                         r  u_ecc/u_core/ecc_leaf_path_q_reg[3]/C
  -------------------------------------------------------------------    -------------------
    SLICE_X69Y43         FDCE (Prop_fdce_C_Q)         0.379     1.166 f  u_ecc/u_core/ecc_leaf_path_q_reg[3]/Q
                         net (fo=109, routed)         0.721     1.887    u_ecc/u_core/path[3]
    SLICE_X63Y43                                                      f  u_ecc/u_core/i_vec_i_298/I2
    SLICE_X63Y43         LUT4 (Prop_lut4_I2_O)        0.105     1.992 f  u_ecc/u_core/i_vec_i_298/O
                         net (fo=111, routed)         0.239     2.231    u_ecc/u_core/i_vec_i_298_n_0
    SLICE_X63Y43                                                      f  u_ecc/u_core/i_vec_i_293/I0
    SLICE_X63Y43         LUT3 (Prop_lut3_I0_O)        0.105     2.336 f  u_ecc/u_core/i_vec_i_293/O
                         net (fo=1, routed)           0.257     2.593    u_ecc/u_core/i_vec_i_293_n_0
    SLICE_X64Y42                                                      f  u_ecc/u_core/i_vec_i_2/I4
    SLICE_X64Y42         LUT6 (Prop_lut6_I4_O)        0.105     2.698 r  u_ecc/u_core/i_vec_i_2/O
                         net (fo=769, routed)         1.269     3.966    u_ecc/u_core/i_vec/payload_product_i
    SLICE_X57Y36                                                      r  u_ecc/u_core/i_vec/i_gf2_contribution_row_tile_i_292/I1
    SLICE_X57Y36         LUT3 (Prop_lut3_I1_O)        0.119     4.085 r  u_ecc/u_core/i_vec/i_gf2_contribution_row_tile_i_292/O
                         net (fo=1, routed)           0.511     4.596    u_ecc/u_core/i_vec/i_gf2_contribution_row_tile/matrix_src_b_i[6][28]
    SLICE_X57Y37                                                      r  u_ecc/u_core/i_vec/i_gf2_contribution_row_tile/matrix_product_o[6][28]_INST_0/I1
    SLICE_X57Y37         LUT2 (Prop_lut2_I1_O)        0.293     4.889 r  u_ecc/u_core/i_vec/i_gf2_contribution_row_tile/matrix_product_o[6][28]_INST_0/O
                         net (fo=1, routed)           0.336     5.226    u_ecc/u_core/i_vec/tile_product_word[3][28]
    SLICE_X58Y37                                                      r  u_ecc/u_core/i_vec/payload_q[3][28]_i_1/I4
    SLICE_X58Y37         LUT5 (Prop_lut5_I4_O)        0.274     5.500 r  u_ecc/u_core/i_vec/payload_q[3][28]_i_1/O
                         net (fo=1, routed)           0.000     5.500    u_ecc/u_core/i_vec/payload_q[3][28]_i_1_n_0
    SLICE_X58Y37         FDCE                                         r  u_ecc/u_core/i_vec/payload_q_reg[3][28]/D
  -------------------------------------------------------------------    -------------------

                         (clock clk_i rise edge)      5.000     5.000 r  
                                                      0.000     5.000 r  clk_i (IN)
                         net (fo=2611, unset)         0.748     5.748    u_ecc/u_core/i_vec/clk_i
    SLICE_X58Y37         FDCE                                         r  u_ecc/u_core/i_vec/payload_q_reg[3][28]/C
                         clock pessimism              0.000     5.748    
                         clock uncertainty           -0.035     5.712    
    SLICE_X58Y37         FDCE (Setup_fdce_C_D)        0.076     5.788    u_ecc/u_core/i_vec/payload_q_reg[3][28]
  -------------------------------------------------------------------
                         required time                          5.788    
                         arrival time                          -5.500    
  -------------------------------------------------------------------
                         slack                                  0.289    

Slack (MET) :             0.290ns  (required time - arrival time)
  Source:                 u_ecc/u_core/ecc_pmul_step_q_reg[0]/C
                            (rising edge-triggered cell FDCE clocked by clk_i  {rise@0.000ns fall@2.500ns period=5.000ns})
  Destination:            u_ecc/u_core/res_q_reg[59]/CE
                            (rising edge-triggered cell FDCE clocked by clk_i  {rise@0.000ns fall@2.500ns period=5.000ns})
  Path Group:             clk_i
  Path Type:              Setup (Max at Slow Process Corner)
  Requirement:            5.000ns  (clk_i rise@5.000ns - clk_i rise@0.000ns)
  Data Path Delay:        4.500ns  (logic 0.904ns (20.090%)  route 3.596ns (79.910%))
  Logic Levels:           5  (LUT3=1 LUT4=1 LUT5=1 LUT6=2)
  Clock Path Skew:        -0.039ns (DCD - SCD + CPR)
    Destination Clock Delay (DCD):    0.748ns = ( 5.748 - 5.000 ) 
    Source Clock Delay      (SCD):    0.787ns
    Clock Pessimism Removal (CPR):    0.000ns
  Clock Uncertainty:      0.035ns  ((TSJ^2 + TIJ^2)^1/2 + DJ) / 2 + PE
    Total System Jitter     (TSJ):    0.071ns
    Total Input Jitter      (TIJ):    0.000ns
    Discrete Jitter          (DJ):    0.000ns
    Phase Error              (PE):    0.000ns

    Location             Delay type                Incr(ns)  Path(ns)    Netlist Resource(s)
  -------------------------------------------------------------------    -------------------
                         (clock clk_i rise edge)      0.000     0.000 r  
                                                      0.000     0.000 r  clk_i (IN)
                         net (fo=2611, unset)         0.787     0.787    u_ecc/u_core/clk_i
    SLICE_X44Y35         FDCE                                         r  u_ecc/u_core/ecc_pmul_step_q_reg[0]/C
  -------------------------------------------------------------------    -------------------
    SLICE_X44Y35         FDCE (Prop_fdce_C_Q)         0.379     1.166 f  u_ecc/u_core/ecc_pmul_step_q_reg[0]/Q
                         net (fo=82, routed)          0.772     1.938    u_ecc/u_core/ecc_pmul_step_q_reg_n_0_[0]
    SLICE_X43Y35                                                      f  u_ecc/u_core/FSM_onehot_st_q[4]_i_23/I0
    SLICE_X43Y35         LUT3 (Prop_lut3_I0_O)        0.105     2.043 r  u_ecc/u_core/FSM_onehot_st_q[4]_i_23/O
                         net (fo=1, routed)           0.643     2.686    u_ecc/u_core/FSM_onehot_st_q[4]_i_23_n_0
    SLICE_X44Y35                                                      r  u_ecc/u_core/FSM_onehot_st_q[4]_i_22/I0
    SLICE_X44Y35         LUT6 (Prop_lut6_I0_O)        0.105     2.791 f  u_ecc/u_core/FSM_onehot_st_q[4]_i_22/O
                         net (fo=1, routed)           0.362     3.153    u_ecc/u_core/FSM_onehot_st_q[4]_i_22_n_0
    SLICE_X43Y35                                                      f  u_ecc/u_core/FSM_onehot_st_q[4]_i_16/I5
    SLICE_X43Y35         LUT6 (Prop_lut6_I5_O)        0.105     3.258 r  u_ecc/u_core/FSM_onehot_st_q[4]_i_16/O
                         net (fo=3, routed)           0.486     3.744    u_ecc/u_core/FSM_onehot_st_q[4]_i_16_n_0
    SLICE_X46Y35                                                      r  u_ecc/u_core/FSM_onehot_st_q[4]_i_7/I0
    SLICE_X46Y35         LUT5 (Prop_lut5_I0_O)        0.105     3.849 r  u_ecc/u_core/FSM_onehot_st_q[4]_i_7/O
                         net (fo=9, routed)           0.684     4.533    u_ecc/u_core/FSM_onehot_st_q[4]_i_7_n_0
    SLICE_X51Y31                                                      r  u_ecc/u_core/res_q[63]_i_1/I1
    SLICE_X51Y31         LUT4 (Prop_lut4_I1_O)        0.105     4.638 r  u_ecc/u_core/res_q[63]_i_1/O
                         net (fo=64, routed)          0.649     5.287    u_ecc/u_core/res_q[63]_i_1_n_0
    SLICE_X54Y30         FDCE                                         r  u_ecc/u_core/res_q_reg[59]/CE
  -------------------------------------------------------------------    -------------------

                         (clock clk_i rise edge)      5.000     5.000 r  
                                                      0.000     5.000 r  clk_i (IN)
                         net (fo=2611, unset)         0.748     5.748    u_ecc/u_core/clk_i
    SLICE_X54Y30         FDCE                                         r  u_ecc/u_core/res_q_reg[59]/C
                         clock pessimism              0.000     5.748    
                         clock uncertainty           -0.035     5.712    
    SLICE_X54Y30         FDCE (Setup_fdce_C_CE)      -0.136     5.576    u_ecc/u_core/res_q_reg[59]
  -------------------------------------------------------------------
                         required time                          5.576    
                         arrival time                          -5.287    
  -------------------------------------------------------------------
                         slack                                  0.290    

Slack (MET) :             0.290ns  (required time - arrival time)
  Source:                 u_ecc/u_core/ecc_pmul_step_q_reg[0]/C
                            (rising edge-triggered cell FDCE clocked by clk_i  {rise@0.000ns fall@2.500ns period=5.000ns})
  Destination:            u_ecc/u_core/res_q_reg[60]/CE
                            (rising edge-triggered cell FDCE clocked by clk_i  {rise@0.000ns fall@2.500ns period=5.000ns})
  Path Group:             clk_i
  Path Type:              Setup (Max at Slow Process Corner)
  Requirement:            5.000ns  (clk_i rise@5.000ns - clk_i rise@0.000ns)
  Data Path Delay:        4.500ns  (logic 0.904ns (20.090%)  route 3.596ns (79.910%))
  Logic Levels:           5  (LUT3=1 LUT4=1 LUT5=1 LUT6=2)
  Clock Path Skew:        -0.039ns (DCD - SCD + CPR)
    Destination Clock Delay (DCD):    0.748ns = ( 5.748 - 5.000 ) 
    Source Clock Delay      (SCD):    0.787ns
    Clock Pessimism Removal (CPR):    0.000ns
  Clock Uncertainty:      0.035ns  ((TSJ^2 + TIJ^2)^1/2 + DJ) / 2 + PE
    Total System Jitter     (TSJ):    0.071ns
    Total Input Jitter      (TIJ):    0.000ns
    Discrete Jitter          (DJ):    0.000ns
    Phase Error              (PE):    0.000ns

    Location             Delay type                Incr(ns)  Path(ns)    Netlist Resource(s)
  -------------------------------------------------------------------    -------------------
                         (clock clk_i rise edge)      0.000     0.000 r  
                                                      0.000     0.000 r  clk_i (IN)
                         net (fo=2611, unset)         0.787     0.787    u_ecc/u_core/clk_i
    SLICE_X44Y35         FDCE                                         r  u_ecc/u_core/ecc_pmul_step_q_reg[0]/C
  -------------------------------------------------------------------    -------------------
    SLICE_X44Y35         FDCE (Prop_fdce_C_Q)         0.379     1.166 f  u_ecc/u_core/ecc_pmul_step_q_reg[0]/Q
                         net (fo=82, routed)          0.772     1.938    u_ecc/u_core/ecc_pmul_step_q_reg_n_0_[0]
    SLICE_X43Y35                                                      f  u_ecc/u_core/FSM_onehot_st_q[4]_i_23/I0
    SLICE_X43Y35         LUT3 (Prop_lut3_I0_O)        0.105     2.043 r  u_ecc/u_core/FSM_onehot_st_q[4]_i_23/O
                         net (fo=1, routed)           0.643     2.686    u_ecc/u_core/FSM_onehot_st_q[4]_i_23_n_0
    SLICE_X44Y35                                                      r  u_ecc/u_core/FSM_onehot_st_q[4]_i_22/I0
    SLICE_X44Y35         LUT6 (Prop_lut6_I0_O)        0.105     2.791 f  u_ecc/u_core/FSM_onehot_st_q[4]_i_22/O
                         net (fo=1, routed)           0.362     3.153    u_ecc/u_core/FSM_onehot_st_q[4]_i_22_n_0
    SLICE_X43Y35                                                      f  u_ecc/u_core/FSM_onehot_st_q[4]_i_16/I5
    SLICE_X43Y35         LUT6 (Prop_lut6_I5_O)        0.105     3.258 r  u_ecc/u_core/FSM_onehot_st_q[4]_i_16/O
                         net (fo=3, routed)           0.486     3.744    u_ecc/u_core/FSM_onehot_st_q[4]_i_16_n_0
    SLICE_X46Y35                                                      r  u_ecc/u_core/FSM_onehot_st_q[4]_i_7/I0
    SLICE_X46Y35         LUT5 (Prop_lut5_I0_O)        0.105     3.849 r  u_ecc/u_core/FSM_onehot_st_q[4]_i_7/O
                         net (fo=9, routed)           0.684     4.533    u_ecc/u_core/FSM_onehot_st_q[4]_i_7_n_0
    SLICE_X51Y31                                                      r  u_ecc/u_core/res_q[63]_i_1/I1
    SLICE_X51Y31         LUT4 (Prop_lut4_I1_O)        0.105     4.638 r  u_ecc/u_core/res_q[63]_i_1/O
                         net (fo=64, routed)          0.649     5.287    u_ecc/u_core/res_q[63]_i_1_n_0
    SLICE_X54Y30         FDCE                                         r  u_ecc/u_core/res_q_reg[60]/CE
  -------------------------------------------------------------------    -------------------

                         (clock clk_i rise edge)      5.000     5.000 r  
                                                      0.000     5.000 r  clk_i (IN)
                         net (fo=2611, unset)         0.748     5.748    u_ecc/u_core/clk_i
    SLICE_X54Y30         FDCE                                         r  u_ecc/u_core/res_q_reg[60]/C
                         clock pessimism              0.000     5.748    
                         clock uncertainty           -0.035     5.712    
    SLICE_X54Y30         FDCE (Setup_fdce_C_CE)      -0.136     5.576    u_ecc/u_core/res_q_reg[60]
  -------------------------------------------------------------------
                         required time                          5.576    
                         arrival time                          -5.287    
  -------------------------------------------------------------------
                         slack                                  0.290    

Slack (MET) :             0.290ns  (required time - arrival time)
  Source:                 u_ecc/u_core/ecc_leaf_path_q_reg[2]/C
                            (rising edge-triggered cell FDCE clocked by clk_i  {rise@0.000ns fall@2.500ns period=5.000ns})
  Destination:            u_ecc/u_core/hdc_src0_q_reg[0][43]/D
                            (rising edge-triggered cell FDCE clocked by clk_i  {rise@0.000ns fall@2.500ns period=5.000ns})
  Path Group:             clk_i
  Path Type:              Setup (Max at Slow Process Corner)
  Requirement:            5.000ns  (clk_i rise@5.000ns - clk_i rise@0.000ns)
  Data Path Delay:        4.666ns  (logic 1.063ns (22.784%)  route 3.603ns (77.216%))
  Logic Levels:           6  (LUT2=1 LUT4=1 LUT5=1 LUT6=3)
  Clock Path Skew:        -0.039ns (DCD - SCD + CPR)
    Destination Clock Delay (DCD):    0.748ns = ( 5.748 - 5.000 ) 
    Source Clock Delay      (SCD):    0.787ns
    Clock Pessimism Removal (CPR):    0.000ns
  Clock Uncertainty:      0.035ns  ((TSJ^2 + TIJ^2)^1/2 + DJ) / 2 + PE
    Total System Jitter     (TSJ):    0.071ns
    Total Input Jitter      (TIJ):    0.000ns
    Discrete Jitter          (DJ):    0.000ns
    Phase Error              (PE):    0.000ns

    Location             Delay type                Incr(ns)  Path(ns)    Netlist Resource(s)
  -------------------------------------------------------------------    -------------------
                         (clock clk_i rise edge)      0.000     0.000 r  
                                                      0.000     0.000 r  clk_i (IN)
                         net (fo=2611, unset)         0.787     0.787    u_ecc/u_core/clk_i
    SLICE_X58Y43         FDCE                                         r  u_ecc/u_core/ecc_leaf_path_q_reg[2]/C
  -------------------------------------------------------------------    -------------------
    SLICE_X58Y43         FDCE (Prop_fdce_C_Q)         0.433     1.220 f  u_ecc/u_core/ecc_leaf_path_q_reg[2]/Q
                         net (fo=111, routed)         0.736     1.956    u_ecc/u_core/path[2]
    SLICE_X71Y43                                                      f  u_ecc/u_core/i_vec_i_813/I1
    SLICE_X71Y43         LUT4 (Prop_lut4_I1_O)        0.105     2.061 r  u_ecc/u_core/i_vec_i_813/O
                         net (fo=100, routed)         1.187     3.248    u_ecc/u_core/i_vec_i_813_n_0
    SLICE_X80Y44                                                      r  u_ecc/u_core/i_vec_i_385/I0
    SLICE_X80Y44         LUT6 (Prop_lut6_I0_O)        0.105     3.353 r  u_ecc/u_core/i_vec_i_385/O
                         net (fo=2, routed)           0.358     3.711    u_ecc/u_core/i_vec_i_385_n_0
    SLICE_X80Y44                                                      r  u_ecc/u_core/i_vec_i_600/I0
    SLICE_X80Y44         LUT5 (Prop_lut5_I0_O)        0.105     3.816 r  u_ecc/u_core/i_vec_i_600/O
                         net (fo=2, routed)           0.486     4.302    u_ecc/u_core/i_vec_i_600_n_0
    SLICE_X80Y49                                                      r  u_ecc/u_core/i_vec_i_248/I2
    SLICE_X80Y49         LUT6 (Prop_lut6_I2_O)        0.105     4.407 r  u_ecc/u_core/i_vec_i_248/O
                         net (fo=2, routed)           0.523     4.929    u_ecc/u_core/i_vec/xor0_contribution_packet_i[0][43]
    SLICE_X67Y49                                                      r  u_ecc/u_core/i_vec/xor0_field_packet_o[43]_INST_0/I0
    SLICE_X67Y49         LUT2 (Prop_lut2_I0_O)        0.105     5.034 r  u_ecc/u_core/i_vec/xor0_field_packet_o[43]_INST_0/O
                         net (fo=1, routed)           0.313     5.348    u_ecc/u_core/xor0_field_packet[43]
    SLICE_X67Y49                                                      r  u_ecc/u_core/hdc_src0_q[0][43]_i_1/I4
    SLICE_X67Y49         LUT6 (Prop_lut6_I4_O)        0.105     5.453 r  u_ecc/u_core/hdc_src0_q[0][43]_i_1/O
                         net (fo=1, routed)           0.000     5.453    u_ecc/u_core/hdc_src0_q[0][43]_i_1_n_0
    SLICE_X67Y49         FDCE                                         r  u_ecc/u_core/hdc_src0_q_reg[0][43]/D
  -------------------------------------------------------------------    -------------------

                         (clock clk_i rise edge)      5.000     5.000 r  
                                                      0.000     5.000 r  clk_i (IN)
                         net (fo=2611, unset)         0.748     5.748    u_ecc/u_core/clk_i
    SLICE_X67Y49         FDCE                                         r  u_ecc/u_core/hdc_src0_q_reg[0][43]/C
                         clock pessimism              0.000     5.748    
                         clock uncertainty           -0.035     5.712    
    SLICE_X67Y49         FDCE (Setup_fdce_C_D)        0.030     5.742    u_ecc/u_core/hdc_src0_q_reg[0][43]
  -------------------------------------------------------------------
                         required time                          5.742    
                         arrival time                          -5.453    
  -------------------------------------------------------------------
                         slack                                  0.290    

Slack (MET) :             0.291ns  (required time - arrival time)
  Source:                 u_ecc/u_core/ecc_leaf_path_q_reg[2]/C
                            (rising edge-triggered cell FDCE clocked by clk_i  {rise@0.000ns fall@2.500ns period=5.000ns})
  Destination:            u_ecc/u_core/hdc_src0_q_reg[0][29]/D
                            (rising edge-triggered cell FDCE clocked by clk_i  {rise@0.000ns fall@2.500ns period=5.000ns})
  Path Group:             clk_i
  Path Type:              Setup (Max at Slow Process Corner)
  Requirement:            5.000ns  (clk_i rise@5.000ns - clk_i rise@0.000ns)
  Data Path Delay:        4.665ns  (logic 1.063ns (22.788%)  route 3.602ns (77.212%))
  Logic Levels:           6  (LUT2=1 LUT4=2 LUT5=1 LUT6=2)
  Clock Path Skew:        -0.039ns (DCD - SCD + CPR)
    Destination Clock Delay (DCD):    0.748ns = ( 5.748 - 5.000 ) 
    Source Clock Delay      (SCD):    0.787ns
    Clock Pessimism Removal (CPR):    0.000ns
  Clock Uncertainty:      0.035ns  ((TSJ^2 + TIJ^2)^1/2 + DJ) / 2 + PE
    Total System Jitter     (TSJ):    0.071ns
    Total Input Jitter      (TIJ):    0.000ns
    Discrete Jitter          (DJ):    0.000ns
    Phase Error              (PE):    0.000ns

    Location             Delay type                Incr(ns)  Path(ns)    Netlist Resource(s)
  -------------------------------------------------------------------    -------------------
                         (clock clk_i rise edge)      0.000     0.000 r  
                                                      0.000     0.000 r  clk_i (IN)
                         net (fo=2611, unset)         0.787     0.787    u_ecc/u_core/clk_i
    SLICE_X58Y43         FDCE                                         r  u_ecc/u_core/ecc_leaf_path_q_reg[2]/C
  -------------------------------------------------------------------    -------------------
    SLICE_X58Y43         FDCE (Prop_fdce_C_Q)         0.433     1.220 f  u_ecc/u_core/ecc_leaf_path_q_reg[2]/Q
                         net (fo=111, routed)         0.551     1.771    u_ecc/u_core/path[2]
    SLICE_X57Y43                                                      f  u_ecc/u_core/i_vec_i_304/I3
    SLICE_X57Y43         LUT4 (Prop_lut4_I3_O)        0.105     1.876 r  u_ecc/u_core/i_vec_i_304/O
                         net (fo=112, routed)         1.378     3.254    u_ecc/u_core/i_vec_i_304_n_0
    SLICE_X87Y46                                                      r  u_ecc/u_core/i_vec_i_422/I2
    SLICE_X87Y46         LUT4 (Prop_lut4_I2_O)        0.105     3.359 r  u_ecc/u_core/i_vec_i_422/O
                         net (fo=2, routed)           0.215     3.573    u_ecc/u_core/i_vec_i_422_n_0
    SLICE_X87Y46                                                      r  u_ecc/u_core/i_vec_i_635/I0
    SLICE_X87Y46         LUT5 (Prop_lut5_I0_O)        0.105     3.678 r  u_ecc/u_core/i_vec_i_635/O
                         net (fo=2, routed)           0.508     4.187    u_ecc/u_core/i_vec_i_635_n_0
    SLICE_X79Y48                                                      r  u_ecc/u_core/i_vec_i_262/I2
    SLICE_X79Y48         LUT6 (Prop_lut6_I2_O)        0.105     4.292 r  u_ecc/u_core/i_vec_i_262/O
                         net (fo=2, routed)           0.574     4.866    u_ecc/u_core/i_vec/xor0_contribution_packet_i[0][29]
    SLICE_X74Y46                                                      r  u_ecc/u_core/i_vec/xor0_field_packet_o[29]_INST_0/I0
    SLICE_X74Y46         LUT2 (Prop_lut2_I0_O)        0.105     4.971 r  u_ecc/u_core/i_vec/xor0_field_packet_o[29]_INST_0/O
                         net (fo=1, routed)           0.376     5.347    u_ecc/u_core/xor0_field_packet[29]
    SLICE_X74Y46                                                      r  u_ecc/u_core/hdc_src0_q[0][29]_i_1/I4
    SLICE_X74Y46         LUT6 (Prop_lut6_I4_O)        0.105     5.452 r  u_ecc/u_core/hdc_src0_q[0][29]_i_1/O
                         net (fo=1, routed)           0.000     5.452    u_ecc/u_core/hdc_src0_q[0][29]_i_1_n_0
    SLICE_X74Y46         FDCE                                         r  u_ecc/u_core/hdc_src0_q_reg[0][29]/D
  -------------------------------------------------------------------    -------------------

                         (clock clk_i rise edge)      5.000     5.000 r  
                                                      0.000     5.000 r  clk_i (IN)
                         net (fo=2611, unset)         0.748     5.748    u_ecc/u_core/clk_i
    SLICE_X74Y46         FDCE                                         r  u_ecc/u_core/hdc_src0_q_reg[0][29]/C
                         clock pessimism              0.000     5.748    
                         clock uncertainty           -0.035     5.712    
    SLICE_X74Y46         FDCE (Setup_fdce_C_D)        0.030     5.742    u_ecc/u_core/hdc_src0_q_reg[0][29]
  -------------------------------------------------------------------
                         required time                          5.742    
                         arrival time                          -5.452    
  -------------------------------------------------------------------
                         slack                                  0.291    

Slack (MET) :             0.291ns  (required time - arrival time)
  Source:                 u_hdc/u_core/i_vrf/gen_bank[0].vrf_mem_reg/CLKARDCLK
                            (rising edge-triggered cell RAMB36E1 clocked by clk_i  {rise@0.000ns fall@2.500ns period=5.000ns})
  Destination:            u_hdc/u_core/i_vec/payload_q_reg[0][33]/D
                            (rising edge-triggered cell FDCE clocked by clk_i  {rise@0.000ns fall@2.500ns period=5.000ns})
  Path Group:             clk_i
  Path Type:              Setup (Max at Slow Process Corner)
  Requirement:            5.000ns  (clk_i rise@5.000ns - clk_i rise@0.000ns)
  Data Path Delay:        4.707ns  (logic 2.440ns (51.843%)  route 2.267ns (48.157%))
  Logic Levels:           3  (LUT2=1 LUT4=1 LUT6=1)
  Clock Path Skew:        -0.039ns (DCD - SCD + CPR)
    Destination Clock Delay (DCD):    0.748ns = ( 5.748 - 5.000 ) 
    Source Clock Delay      (SCD):    0.787ns
    Clock Pessimism Removal (CPR):    0.000ns
  Clock Uncertainty:      0.035ns  ((TSJ^2 + TIJ^2)^1/2 + DJ) / 2 + PE
    Total System Jitter     (TSJ):    0.071ns
    Total Input Jitter      (TIJ):    0.000ns
    Discrete Jitter          (DJ):    0.000ns
    Phase Error              (PE):    0.000ns

    Location             Delay type                Incr(ns)  Path(ns)    Netlist Resource(s)
  -------------------------------------------------------------------    -------------------
                         (clock clk_i rise edge)      0.000     0.000 r  
                                                      0.000     0.000 r  clk_i (IN)
                         net (fo=2611, unset)         0.787     0.787    u_hdc/u_core/i_vrf/clk_i
    RAMB36_X4Y3          RAMB36E1                                     r  u_hdc/u_core/i_vrf/gen_bank[0].vrf_mem_reg/CLKARDCLK
  -------------------------------------------------------------------    -------------------
    RAMB36_X4Y3          RAMB36E1 (Prop_ramb36e1_CLKARDCLK_DOBDO[1])
                                                      2.125     2.912 r  u_hdc/u_core/i_vrf/gen_bank[0].vrf_mem_reg/DOBDO[1]
                         net (fo=2, routed)           1.525     4.437    u_hdc/u_core/i_vec/i_gf2_contribution_row_tile/matrix_src_b_i[1][1]
    SLICE_X50Y16                                                      r  u_hdc/u_core/i_vec/i_gf2_contribution_row_tile/matrix_product_o[1][1]_INST_0/I1
    SLICE_X50Y16         LUT2 (Prop_lut2_I1_O)        0.105     4.542 r  u_hdc/u_core/i_vec/i_gf2_contribution_row_tile/matrix_product_o[1][1]_INST_0/O
                         net (fo=1, routed)           0.381     4.923    u_hdc/u_core/i_vec/tile_product_word[0][33]
    SLICE_X50Y16                                                      r  u_hdc/u_core/i_vec/payload_q[0][33]_i_2/I0
    SLICE_X50Y16         LUT4 (Prop_lut4_I0_O)        0.105     5.028 r  u_hdc/u_core/i_vec/payload_q[0][33]_i_2/O
                         net (fo=1, routed)           0.361     5.389    u_hdc/u_core/i_vec/payload_q[0][33]_i_2_n_0
    SLICE_X50Y16                                                      r  u_hdc/u_core/i_vec/payload_q[0][33]_i_1/I5
    SLICE_X50Y16         LUT6 (Prop_lut6_I5_O)        0.105     5.494 r  u_hdc/u_core/i_vec/payload_q[0][33]_i_1/O
                         net (fo=1, routed)           0.000     5.494    u_hdc/u_core/i_vec/payload_q[0][33]_i_1_n_0
    SLICE_X50Y16         FDCE                                         r  u_hdc/u_core/i_vec/payload_q_reg[0][33]/D
  -------------------------------------------------------------------    -------------------

                         (clock clk_i rise edge)      5.000     5.000 r  
                                                      0.000     5.000 r  clk_i (IN)
                         net (fo=2611, unset)         0.748     5.748    u_hdc/u_core/i_vec/clk_i
    SLICE_X50Y16         FDCE                                         r  u_hdc/u_core/i_vec/payload_q_reg[0][33]/C
                         clock pessimism              0.000     5.748    
                         clock uncertainty           -0.035     5.712    
    SLICE_X50Y16         FDCE (Setup_fdce_C_D)        0.072     5.784    u_hdc/u_core/i_vec/payload_q_reg[0][33]
  -------------------------------------------------------------------
                         required time                          5.784    
                         arrival time                          -5.494    
  -------------------------------------------------------------------
                         slack                                  0.291    

Slack (MET) :             0.291ns  (required time - arrival time)
  Source:                 u_ecc/u_core/ecc_leaf_path_q_reg[3]/C
                            (rising edge-triggered cell FDCE clocked by clk_i  {rise@0.000ns fall@2.500ns period=5.000ns})
  Destination:            u_ecc/u_core/i_vec/payload_q_reg[2][63]/D
                            (rising edge-triggered cell FDCE clocked by clk_i  {rise@0.000ns fall@2.500ns period=5.000ns})
  Path Group:             clk_i
  Path Type:              Setup (Max at Slow Process Corner)
  Requirement:            5.000ns  (clk_i rise@5.000ns - clk_i rise@0.000ns)
  Data Path Delay:        4.666ns  (logic 1.199ns (25.695%)  route 3.467ns (74.305%))
  Logic Levels:           6  (LUT2=1 LUT3=2 LUT4=1 LUT5=1 LUT6=1)
  Clock Path Skew:        -0.039ns (DCD - SCD + CPR)
    Destination Clock Delay (DCD):    0.748ns = ( 5.748 - 5.000 ) 
    Source Clock Delay      (SCD):    0.787ns
    Clock Pessimism Removal (CPR):    0.000ns
  Clock Uncertainty:      0.035ns  ((TSJ^2 + TIJ^2)^1/2 + DJ) / 2 + PE
    Total System Jitter     (TSJ):    0.071ns
    Total Input Jitter      (TIJ):    0.000ns
    Discrete Jitter          (DJ):    0.000ns
    Phase Error              (PE):    0.000ns

    Location             Delay type                Incr(ns)  Path(ns)    Netlist Resource(s)
  -------------------------------------------------------------------    -------------------
                         (clock clk_i rise edge)      0.000     0.000 r  
                                                      0.000     0.000 r  clk_i (IN)
                         net (fo=2611, unset)         0.787     0.787    u_ecc/u_core/clk_i
    SLICE_X69Y43         FDCE                                         r  u_ecc/u_core/ecc_leaf_path_q_reg[3]/C
  -------------------------------------------------------------------    -------------------
    SLICE_X69Y43         FDCE (Prop_fdce_C_Q)         0.379     1.166 f  u_ecc/u_core/ecc_leaf_path_q_reg[3]/Q
                         net (fo=109, routed)         0.721     1.887    u_ecc/u_core/path[3]
    SLICE_X63Y43                                                      f  u_ecc/u_core/i_vec_i_298/I2
    SLICE_X63Y43         LUT4 (Prop_lut4_I2_O)        0.105     1.992 f  u_ecc/u_core/i_vec_i_298/O
                         net (fo=111, routed)         0.239     2.231    u_ecc/u_core/i_vec_i_298_n_0
    SLICE_X63Y43                                                      f  u_ecc/u_core/i_vec_i_293/I0
    SLICE_X63Y43         LUT3 (Prop_lut3_I0_O)        0.105     2.336 f  u_ecc/u_core/i_vec_i_293/O
                         net (fo=1, routed)           0.257     2.593    u_ecc/u_core/i_vec_i_293_n_0
    SLICE_X64Y42                                                      f  u_ecc/u_core/i_vec_i_2/I4
    SLICE_X64Y42         LUT6 (Prop_lut6_I4_O)        0.105     2.698 r  u_ecc/u_core/i_vec_i_2/O
                         net (fo=769, routed)         1.515     4.213    u_ecc/u_core/i_vec/payload_product_i
    SLICE_X81Y53                                                      r  u_ecc/u_core/i_vec/i_gf2_contribution_row_tile_i_65/I1
    SLICE_X81Y53         LUT3 (Prop_lut3_I1_O)        0.125     4.338 r  u_ecc/u_core/i_vec/i_gf2_contribution_row_tile_i_65/O
                         net (fo=1, routed)           0.512     4.850    u_ecc/u_core/i_vec/i_gf2_contribution_row_tile/matrix_src_a_i[5][31]
    SLICE_X76Y48                                                      r  u_ecc/u_core/i_vec/i_gf2_contribution_row_tile/matrix_product_o[5][31]_INST_0/I0
    SLICE_X76Y48         LUT2 (Prop_lut2_I0_O)        0.275     5.125 r  u_ecc/u_core/i_vec/i_gf2_contribution_row_tile/matrix_product_o[5][31]_INST_0/O
                         net (fo=1, routed)           0.223     5.348    u_ecc/u_core/i_vec/tile_product_word[2][63]
    SLICE_X79Y48                                                      r  u_ecc/u_core/i_vec/payload_q[2][63]_i_1/I4
    SLICE_X79Y48         LUT5 (Prop_lut5_I4_O)        0.105     5.453 r  u_ecc/u_core/i_vec/payload_q[2][63]_i_1/O
                         net (fo=1, routed)           0.000     5.453    u_ecc/u_core/i_vec/payload_q[2][63]_i_1_n_0
    SLICE_X79Y48         FDCE                                         r  u_ecc/u_core/i_vec/payload_q_reg[2][63]/D
  -------------------------------------------------------------------    -------------------

                         (clock clk_i rise edge)      5.000     5.000 r  
                                                      0.000     5.000 r  clk_i (IN)
                         net (fo=2611, unset)         0.748     5.748    u_ecc/u_core/i_vec/clk_i
    SLICE_X79Y48         FDCE                                         r  u_ecc/u_core/i_vec/payload_q_reg[2][63]/C
                         clock pessimism              0.000     5.748    
                         clock uncertainty           -0.035     5.712    
    SLICE_X79Y48         FDCE (Setup_fdce_C_D)        0.032     5.744    u_ecc/u_core/i_vec/payload_q_reg[2][63]
  -------------------------------------------------------------------
                         required time                          5.744    
                         arrival time                          -5.453    
  -------------------------------------------------------------------
                         slack                                  0.291    

Slack (MET) :             0.292ns  (required time - arrival time)
  Source:                 u_ecc/u_core/ecc_leaf_path_q_reg[3]/C
                            (rising edge-triggered cell FDCE clocked by clk_i  {rise@0.000ns fall@2.500ns period=5.000ns})
  Destination:            u_ecc/u_core/i_vec/payload_q_reg[0][19]/D
                            (rising edge-triggered cell FDCE clocked by clk_i  {rise@0.000ns fall@2.500ns period=5.000ns})
  Path Group:             clk_i
  Path Type:              Setup (Max at Slow Process Corner)
  Requirement:            5.000ns  (clk_i rise@5.000ns - clk_i rise@0.000ns)
  Data Path Delay:        4.664ns  (logic 1.009ns (21.636%)  route 3.655ns (78.364%))
  Logic Levels:           6  (LUT2=1 LUT3=2 LUT4=1 LUT5=1 LUT6=1)
  Clock Path Skew:        -0.039ns (DCD - SCD + CPR)
    Destination Clock Delay (DCD):    0.748ns = ( 5.748 - 5.000 ) 
    Source Clock Delay      (SCD):    0.787ns
    Clock Pessimism Removal (CPR):    0.000ns
  Clock Uncertainty:      0.035ns  ((TSJ^2 + TIJ^2)^1/2 + DJ) / 2 + PE
    Total System Jitter     (TSJ):    0.071ns
    Total Input Jitter      (TIJ):    0.000ns
    Discrete Jitter          (DJ):    0.000ns
    Phase Error              (PE):    0.000ns

    Location             Delay type                Incr(ns)  Path(ns)    Netlist Resource(s)
  -------------------------------------------------------------------    -------------------
                         (clock clk_i rise edge)      0.000     0.000 r  
                                                      0.000     0.000 r  clk_i (IN)
                         net (fo=2611, unset)         0.787     0.787    u_ecc/u_core/clk_i
    SLICE_X69Y43         FDCE                                         r  u_ecc/u_core/ecc_leaf_path_q_reg[3]/C
  -------------------------------------------------------------------    -------------------
    SLICE_X69Y43         FDCE (Prop_fdce_C_Q)         0.379     1.166 f  u_ecc/u_core/ecc_leaf_path_q_reg[3]/Q
                         net (fo=109, routed)         0.721     1.887    u_ecc/u_core/path[3]
    SLICE_X63Y43                                                      f  u_ecc/u_core/i_vec_i_298/I2
    SLICE_X63Y43         LUT4 (Prop_lut4_I2_O)        0.105     1.992 f  u_ecc/u_core/i_vec_i_298/O
                         net (fo=111, routed)         0.239     2.231    u_ecc/u_core/i_vec_i_298_n_0
    SLICE_X63Y43                                                      f  u_ecc/u_core/i_vec_i_293/I0
    SLICE_X63Y43         LUT3 (Prop_lut3_I0_O)        0.105     2.336 f  u_ecc/u_core/i_vec_i_293/O
                         net (fo=1, routed)           0.257     2.593    u_ecc/u_core/i_vec_i_293_n_0
    SLICE_X64Y42                                                      f  u_ecc/u_core/i_vec_i_2/I4
    SLICE_X64Y42         LUT6 (Prop_lut6_I4_O)        0.105     2.698 r  u_ecc/u_core/i_vec_i_2/O
                         net (fo=769, routed)         1.501     4.199    u_ecc/u_core/i_vec/payload_product_i
    SLICE_X55Y48                                                      r  u_ecc/u_core/i_vec/i_gf2_contribution_row_tile_i_493/I1
    SLICE_X55Y48         LUT3 (Prop_lut3_I1_O)        0.105     4.304 r  u_ecc/u_core/i_vec/i_gf2_contribution_row_tile_i_493/O
                         net (fo=1, routed)           0.582     4.886    u_ecc/u_core/i_vec/i_gf2_contribution_row_tile/matrix_src_b_i[0][19]
    SLICE_X57Y49                                                      r  u_ecc/u_core/i_vec/i_gf2_contribution_row_tile/matrix_product_o[0][19]_INST_0/I1
    SLICE_X57Y49         LUT2 (Prop_lut2_I1_O)        0.105     4.991 r  u_ecc/u_core/i_vec/i_gf2_contribution_row_tile/matrix_product_o[0][19]_INST_0/O
                         net (fo=1, routed)           0.354     5.346    u_ecc/u_core/i_vec/tile_product_word[0][19]
    SLICE_X64Y49                                                      r  u_ecc/u_core/i_vec/payload_q[0][19]_i_1/I4
    SLICE_X64Y49         LUT5 (Prop_lut5_I4_O)        0.105     5.451 r  u_ecc/u_core/i_vec/payload_q[0][19]_i_1/O
                         net (fo=1, routed)           0.000     5.451    u_ecc/u_core/i_vec/payload_q[0][19]_i_1_n_0
    SLICE_X64Y49         FDCE                                         r  u_ecc/u_core/i_vec/payload_q_reg[0][19]/D
  -------------------------------------------------------------------    -------------------

                         (clock clk_i rise edge)      5.000     5.000 r  
                                                      0.000     5.000 r  clk_i (IN)
                         net (fo=2611, unset)         0.748     5.748    u_ecc/u_core/i_vec/clk_i
    SLICE_X64Y49         FDCE                                         r  u_ecc/u_core/i_vec/payload_q_reg[0][19]/C
                         clock pessimism              0.000     5.748    
                         clock uncertainty           -0.035     5.712    
    SLICE_X64Y49         FDCE (Setup_fdce_C_D)        0.030     5.742    u_ecc/u_core/i_vec/payload_q_reg[0][19]
  -------------------------------------------------------------------
                         required time                          5.742    
                         arrival time                          -5.451    
  -------------------------------------------------------------------
                         slack                                  0.292    

Slack (MET) :             0.292ns  (required time - arrival time)
  Source:                 u_hdc/u_core/hperm_lane_base_q_reg[0]/C
                            (rising edge-triggered cell FDCE clocked by clk_i  {rise@0.000ns fall@2.500ns period=5.000ns})
  Destination:            u_hdc/u_core/hperm_stage_q_reg[55]/D
                            (rising edge-triggered cell FDCE clocked by clk_i  {rise@0.000ns fall@2.500ns period=5.000ns})
  Path Group:             clk_i
  Path Type:              Setup (Max at Slow Process Corner)
  Requirement:            5.000ns  (clk_i rise@5.000ns - clk_i rise@0.000ns)
  Data Path Delay:        4.666ns  (logic 1.276ns (27.344%)  route 3.390ns (72.656%))
  Logic Levels:           5  (LUT3=1 LUT4=1 LUT5=2 LUT6=1)
  Clock Path Skew:        -0.039ns (DCD - SCD + CPR)
    Destination Clock Delay (DCD):    0.748ns = ( 5.748 - 5.000 ) 
    Source Clock Delay      (SCD):    0.787ns
    Clock Pessimism Removal (CPR):    0.000ns
  Clock Uncertainty:      0.035ns  ((TSJ^2 + TIJ^2)^1/2 + DJ) / 2 + PE
    Total System Jitter     (TSJ):    0.071ns
    Total Input Jitter      (TIJ):    0.000ns
    Discrete Jitter          (DJ):    0.000ns
    Phase Error              (PE):    0.000ns

    Location             Delay type                Incr(ns)  Path(ns)    Netlist Resource(s)
  -------------------------------------------------------------------    -------------------
                         (clock clk_i rise edge)      0.000     0.000 r  
                                                      0.000     0.000 r  clk_i (IN)
                         net (fo=2611, unset)         0.787     0.787    u_hdc/u_core/clk_i
    SLICE_X65Y12         FDCE                                         r  u_hdc/u_core/hperm_lane_base_q_reg[0]/C
  -------------------------------------------------------------------    -------------------
    SLICE_X65Y12         FDCE (Prop_fdce_C_Q)         0.379     1.166 r  u_hdc/u_core/hperm_lane_base_q_reg[0]/Q
                         net (fo=7, routed)           0.564     1.730    u_hdc/u_core/hperm_lane_base_q[0]
    SLICE_X65Y12                                                      r  u_hdc/u_core/hperm_stage_q[70]_i_24/I0
    SLICE_X65Y12         LUT4 (Prop_lut4_I0_O)        0.105     1.835 f  u_hdc/u_core/hperm_stage_q[70]_i_24/O
                         net (fo=129, routed)         0.753     2.588    u_hdc/u_core/hperm_stage_q[70]_i_24_n_0
    SLICE_X64Y12                                                      f  u_hdc/u_core/hperm_stage_q[70]_i_14/I0
    SLICE_X64Y12         LUT5 (Prop_lut5_I0_O)        0.123     2.711 r  u_hdc/u_core/hperm_stage_q[70]_i_14/O
                         net (fo=127, routed)         1.044     3.755    u_hdc/u_core/hperm_stage_q[70]_i_14_n_0
    SLICE_X65Y21                                                      r  u_hdc/u_core/hperm_stage_q[63]_i_8/I2
    SLICE_X65Y21         LUT6 (Prop_lut6_I2_O)        0.274     4.029 f  u_hdc/u_core/hperm_stage_q[63]_i_8/O
                         net (fo=2, routed)           0.700     4.729    u_hdc/u_core/hperm_stage_q[63]_i_8_n_0
    SLICE_X66Y23                                                      f  u_hdc/u_core/hperm_stage_q[55]_i_3/I1
    SLICE_X66Y23         LUT3 (Prop_lut3_I1_O)        0.127     4.856 f  u_hdc/u_core/hperm_stage_q[55]_i_3/O
                         net (fo=2, routed)           0.330     5.185    u_hdc/u_core/hperm_stage_q[55]_i_3_n_0
    SLICE_X67Y23                                                      f  u_hdc/u_core/hperm_stage_q[55]_i_1/I1
    SLICE_X67Y23         LUT5 (Prop_lut5_I1_O)        0.268     5.453 r  u_hdc/u_core/hperm_stage_q[55]_i_1/O
                         net (fo=1, routed)           0.000     5.453    u_hdc/u_core/hperm_byte_window[55]
    SLICE_X67Y23         FDCE                                         r  u_hdc/u_core/hperm_stage_q_reg[55]/D
  -------------------------------------------------------------------    -------------------

                         (clock clk_i rise edge)      5.000     5.000 r  
                                                      0.000     5.000 r  clk_i (IN)
                         net (fo=2611, unset)         0.748     5.748    u_hdc/u_core/clk_i
    SLICE_X67Y23         FDCE                                         r  u_hdc/u_core/hperm_stage_q_reg[55]/C
                         clock pessimism              0.000     5.748    
                         clock uncertainty           -0.035     5.712    
    SLICE_X67Y23         FDCE (Setup_fdce_C_D)        0.033     5.745    u_hdc/u_core/hperm_stage_q_reg[55]
  -------------------------------------------------------------------
                         required time                          5.745    
                         arrival time                          -5.453    
  -------------------------------------------------------------------
                         slack                                  0.292    

Slack (MET) :             0.292ns  (required time - arrival time)
  Source:                 u_ecc/u_core/FSM_onehot_st_q_reg[24]/C
                            (rising edge-triggered cell FDCE clocked by clk_i  {rise@0.000ns fall@2.500ns period=5.000ns})
  Destination:            u_ecc/u_core/i_vec/payload_q_reg[2][26]/D
                            (rising edge-triggered cell FDCE clocked by clk_i  {rise@0.000ns fall@2.500ns period=5.000ns})
  Path Group:             clk_i
  Path Type:              Setup (Max at Slow Process Corner)
  Requirement:            5.000ns  (clk_i rise@5.000ns - clk_i rise@0.000ns)
  Data Path Delay:        4.663ns  (logic 0.989ns (21.208%)  route 3.674ns (78.792%))
  Logic Levels:           4  (LUT2=1 LUT3=1 LUT4=1 LUT5=1)
  Clock Path Skew:        -0.039ns (DCD - SCD + CPR)
    Destination Clock Delay (DCD):    0.748ns = ( 5.748 - 5.000 ) 
    Source Clock Delay      (SCD):    0.787ns
    Clock Pessimism Removal (CPR):    0.000ns
  Clock Uncertainty:      0.035ns  ((TSJ^2 + TIJ^2)^1/2 + DJ) / 2 + PE
    Total System Jitter     (TSJ):    0.071ns
    Total Input Jitter      (TIJ):    0.000ns
    Discrete Jitter          (DJ):    0.000ns
    Phase Error              (PE):    0.000ns

    Location             Delay type                Incr(ns)  Path(ns)    Netlist Resource(s)
  -------------------------------------------------------------------    -------------------
                         (clock clk_i rise edge)      0.000     0.000 r  
                                                      0.000     0.000 r  clk_i (IN)
                         net (fo=2611, unset)         0.787     0.787    u_ecc/u_core/clk_i
    SLICE_X55Y44         FDCE                                         r  u_ecc/u_core/FSM_onehot_st_q_reg[24]/C
  -------------------------------------------------------------------    -------------------
    SLICE_X55Y44         FDCE (Prop_fdce_C_Q)         0.379     1.166 r  u_ecc/u_core/FSM_onehot_st_q_reg[24]/Q
                         net (fo=69, routed)          1.207     2.373    u_ecc/u_core/p_0_in14_in
    SLICE_X43Y48                                                      r  u_ecc/u_core/i_vec_i_5/I3
    SLICE_X43Y48         LUT4 (Prop_lut4_I3_O)        0.105     2.478 r  u_ecc/u_core/i_vec_i_5/O
                         net (fo=16, routed)          1.457     3.935    u_ecc/u_core/i_vec/bitmatrix_src_a_i[13]
    SLICE_X72Y36                                                      r  u_ecc/u_core/i_vec/i_gf2_contribution_row_tile_i_102/I0
    SLICE_X72Y36         LUT3 (Prop_lut3_I0_O)        0.125     4.060 r  u_ecc/u_core/i_vec/i_gf2_contribution_row_tile_i_102/O
                         net (fo=1, routed)           0.635     4.694    u_ecc/u_core/i_vec/i_gf2_contribution_row_tile/matrix_src_a_i[4][26]
    SLICE_X70Y35                                                      r  u_ecc/u_core/i_vec/i_gf2_contribution_row_tile/matrix_product_o[4][26]_INST_0/I0
    SLICE_X70Y35         LUT2 (Prop_lut2_I0_O)        0.275     4.969 r  u_ecc/u_core/i_vec/i_gf2_contribution_row_tile/matrix_product_o[4][26]_INST_0/O
                         net (fo=1, routed)           0.376     5.345    u_ecc/u_core/i_vec/tile_product_word[2][26]
    SLICE_X70Y35                                                      r  u_ecc/u_core/i_vec/payload_q[2][26]_i_1/I4
    SLICE_X70Y35         LUT5 (Prop_lut5_I4_O)        0.105     5.450 r  u_ecc/u_core/i_vec/payload_q[2][26]_i_1/O
                         net (fo=1, routed)           0.000     5.450    u_ecc/u_core/i_vec/payload_q[2][26]_i_1_n_0
    SLICE_X70Y35         FDCE                                         r  u_ecc/u_core/i_vec/payload_q_reg[2][26]/D
  -------------------------------------------------------------------    -------------------

                         (clock clk_i rise edge)      5.000     5.000 r  
                                                      0.000     5.000 r  clk_i (IN)
                         net (fo=2611, unset)         0.748     5.748    u_ecc/u_core/i_vec/clk_i
    SLICE_X70Y35         FDCE                                         r  u_ecc/u_core/i_vec/payload_q_reg[2][26]/C
                         clock pessimism              0.000     5.748    
                         clock uncertainty           -0.035     5.712    
    SLICE_X70Y35         FDCE (Setup_fdce_C_D)        0.030     5.742    u_ecc/u_core/i_vec/payload_q_reg[2][26]
  -------------------------------------------------------------------
                         required time                          5.742    
                         arrival time                          -5.450    
  -------------------------------------------------------------------
                         slack                                  0.292    

Slack (MET) :             0.292ns  (required time - arrival time)
  Source:                 u_ecc/u_core/i_vrf/gen_bank[1].vrf_mem_reg/CLKARDCLK
                            (rising edge-triggered cell RAMB36E1 clocked by clk_i  {rise@0.000ns fall@2.500ns period=5.000ns})
  Destination:            u_ecc/u_core/i_vec/payload_q_reg[1][27]/D
                            (rising edge-triggered cell FDCE clocked by clk_i  {rise@0.000ns fall@2.500ns period=5.000ns})
  Path Group:             clk_i
  Path Type:              Setup (Max at Slow Process Corner)
  Requirement:            5.000ns  (clk_i rise@5.000ns - clk_i rise@0.000ns)
  Data Path Delay:        4.663ns  (logic 2.440ns (52.325%)  route 2.223ns (47.675%))
  Logic Levels:           3  (LUT2=1 LUT3=1 LUT5=1)
  Clock Path Skew:        -0.039ns (DCD - SCD + CPR)
    Destination Clock Delay (DCD):    0.748ns = ( 5.748 - 5.000 ) 
    Source Clock Delay      (SCD):    0.787ns
    Clock Pessimism Removal (CPR):    0.000ns
  Clock Uncertainty:      0.035ns  ((TSJ^2 + TIJ^2)^1/2 + DJ) / 2 + PE
    Total System Jitter     (TSJ):    0.071ns
    Total Input Jitter      (TIJ):    0.000ns
    Discrete Jitter          (DJ):    0.000ns
    Phase Error              (PE):    0.000ns

    Location             Delay type                Incr(ns)  Path(ns)    Netlist Resource(s)
  -------------------------------------------------------------------    -------------------
                         (clock clk_i rise edge)      0.000     0.000 r  
                                                      0.000     0.000 r  clk_i (IN)
                         net (fo=2611, unset)         0.787     0.787    u_ecc/u_core/i_vrf/clk_i
    RAMB36_X3Y8          RAMB36E1                                     r  u_ecc/u_core/i_vrf/gen_bank[1].vrf_mem_reg/CLKARDCLK
  -------------------------------------------------------------------    -------------------
    RAMB36_X3Y8          RAMB36E1 (Prop_ramb36e1_CLKARDCLK_DOADO[27])
                                                      2.125     2.912 r  u_ecc/u_core/i_vrf/gen_bank[1].vrf_mem_reg/DOADO[27]
                         net (fo=2, routed)           1.397     4.309    u_ecc/u_core/i_vec/hdc_pair_src_b_i[1][27]
    SLICE_X91Y47                                                      r  u_ecc/u_core/i_vec/i_gf2_contribution_row_tile_i_421/I2
    SLICE_X91Y47         LUT3 (Prop_lut3_I2_O)        0.105     4.414 r  u_ecc/u_core/i_vec/i_gf2_contribution_row_tile_i_421/O
                         net (fo=1, routed)           0.513     4.927    u_ecc/u_core/i_vec/i_gf2_contribution_row_tile/matrix_src_b_i[2][27]
    SLICE_X87Y47                                                      r  u_ecc/u_core/i_vec/i_gf2_contribution_row_tile/matrix_product_o[2][27]_INST_0/I1
    SLICE_X87Y47         LUT2 (Prop_lut2_I1_O)        0.105     5.032 r  u_ecc/u_core/i_vec/i_gf2_contribution_row_tile/matrix_product_o[2][27]_INST_0/O
                         net (fo=1, routed)           0.313     5.345    u_ecc/u_core/i_vec/tile_product_word[1][27]
    SLICE_X87Y47                                                      r  u_ecc/u_core/i_vec/payload_q[1][27]_i_1/I4
    SLICE_X87Y47         LUT5 (Prop_lut5_I4_O)        0.105     5.450 r  u_ecc/u_core/i_vec/payload_q[1][27]_i_1/O
                         net (fo=1, routed)           0.000     5.450    u_ecc/u_core/i_vec/payload_q[1][27]_i_1_n_0
    SLICE_X87Y47         FDCE                                         r  u_ecc/u_core/i_vec/payload_q_reg[1][27]/D
  -------------------------------------------------------------------    -------------------

                         (clock clk_i rise edge)      5.000     5.000 r  
                                                      0.000     5.000 r  clk_i (IN)
                         net (fo=2611, unset)         0.748     5.748    u_ecc/u_core/i_vec/clk_i
    SLICE_X87Y47         FDCE                                         r  u_ecc/u_core/i_vec/payload_q_reg[1][27]/C
                         clock pessimism              0.000     5.748    
                         clock uncertainty           -0.035     5.712    
    SLICE_X87Y47         FDCE (Setup_fdce_C_D)        0.030     5.742    u_ecc/u_core/i_vec/payload_q_reg[1][27]
  -------------------------------------------------------------------
                         required time                          5.742    
                         arrival time                          -5.450    
  -------------------------------------------------------------------
                         slack                                  0.292    

Slack (MET) :             0.293ns  (required time - arrival time)
  Source:                 u_ecc/u_core/ecc_leaf_path_q_reg[2]/C
                            (rising edge-triggered cell FDCE clocked by clk_i  {rise@0.000ns fall@2.500ns period=5.000ns})
  Destination:            u_ecc/u_core/hdc_src0_q_reg[2][34]/D
                            (rising edge-triggered cell FDCE clocked by clk_i  {rise@0.000ns fall@2.500ns period=5.000ns})
  Path Group:             clk_i
  Path Type:              Setup (Max at Slow Process Corner)
  Requirement:            5.000ns  (clk_i rise@5.000ns - clk_i rise@0.000ns)
  Data Path Delay:        4.663ns  (logic 1.063ns (22.799%)  route 3.600ns (77.201%))
  Logic Levels:           6  (LUT2=1 LUT4=1 LUT5=1 LUT6=3)
  Clock Path Skew:        -0.039ns (DCD - SCD + CPR)
    Destination Clock Delay (DCD):    0.748ns = ( 5.748 - 5.000 ) 
    Source Clock Delay      (SCD):    0.787ns
    Clock Pessimism Removal (CPR):    0.000ns
  Clock Uncertainty:      0.035ns  ((TSJ^2 + TIJ^2)^1/2 + DJ) / 2 + PE
    Total System Jitter     (TSJ):    0.071ns
    Total Input Jitter      (TIJ):    0.000ns
    Discrete Jitter          (DJ):    0.000ns
    Phase Error              (PE):    0.000ns

    Location             Delay type                Incr(ns)  Path(ns)    Netlist Resource(s)
  -------------------------------------------------------------------    -------------------
                         (clock clk_i rise edge)      0.000     0.000 r  
                                                      0.000     0.000 r  clk_i (IN)
                         net (fo=2611, unset)         0.787     0.787    u_ecc/u_core/clk_i
    SLICE_X58Y43         FDCE                                         r  u_ecc/u_core/ecc_leaf_path_q_reg[2]/C
  -------------------------------------------------------------------    -------------------
    SLICE_X58Y43         FDCE (Prop_fdce_C_Q)         0.433     1.220 f  u_ecc/u_core/ecc_leaf_path_q_reg[2]/Q
                         net (fo=111, routed)         0.736     1.956    u_ecc/u_core/path[2]
    SLICE_X71Y43                                                      f  u_ecc/u_core/i_vec_i_813/I1
    SLICE_X71Y43         LUT4 (Prop_lut4_I1_O)        0.105     2.061 r  u_ecc/u_core/i_vec_i_813/O
                         net (fo=100, routed)         1.072     3.133    u_ecc/u_core/i_vec_i_813_n_0
    SLICE_X74Y39                                                      r  u_ecc/u_core/i_vec_i_676/I3
    SLICE_X74Y39         LUT6 (Prop_lut6_I3_O)        0.105     3.238 r  u_ecc/u_core/i_vec_i_676/O
                         net (fo=2, routed)           0.635     3.873    u_ecc/u_core/i_vec_i_676_n_0
    SLICE_X89Y37                                                      r  u_ecc/u_core/i_vec_i_502/I4
    SLICE_X89Y37         LUT5 (Prop_lut5_I4_O)        0.105     3.978 r  u_ecc/u_core/i_vec_i_502/O
                         net (fo=1, routed)           0.630     4.608    u_ecc/u_core/i_vec_i_502_n_0
    SLICE_X74Y38                                                      r  u_ecc/u_core/i_vec_i_129/I5
    SLICE_X74Y38         LUT6 (Prop_lut6_I5_O)        0.105     4.713 r  u_ecc/u_core/i_vec_i_129/O
                         net (fo=2, routed)           0.405     5.118    u_ecc/u_core/i_vec/xor0_contribution_packet_i[2][34]
    SLICE_X68Y34                                                      r  u_ecc/u_core/i_vec/xor0_field_packet_o[162]_INST_0/I0
    SLICE_X68Y34         LUT2 (Prop_lut2_I0_O)        0.105     5.223 r  u_ecc/u_core/i_vec/xor0_field_packet_o[162]_INST_0/O
                         net (fo=1, routed)           0.122     5.345    u_ecc/u_core/xor0_field_packet[162]
    SLICE_X68Y34                                                      r  u_ecc/u_core/hdc_src0_q[2][34]_i_1/I4
    SLICE_X68Y34         LUT6 (Prop_lut6_I4_O)        0.105     5.450 r  u_ecc/u_core/hdc_src0_q[2][34]_i_1/O
                         net (fo=1, routed)           0.000     5.450    u_ecc/u_core/hdc_src0_q[2][34]_i_1_n_0
    SLICE_X68Y34         FDCE                                         r  u_ecc/u_core/hdc_src0_q_reg[2][34]/D
  -------------------------------------------------------------------    -------------------

                         (clock clk_i rise edge)      5.000     5.000 r  
                                                      0.000     5.000 r  clk_i (IN)
                         net (fo=2611, unset)         0.748     5.748    u_ecc/u_core/clk_i
    SLICE_X68Y34         FDCE                                         r  u_ecc/u_core/hdc_src0_q_reg[2][34]/C
                         clock pessimism              0.000     5.748    
                         clock uncertainty           -0.035     5.712    
    SLICE_X68Y34         FDCE (Setup_fdce_C_D)        0.030     5.742    u_ecc/u_core/hdc_src0_q_reg[2][34]
  -------------------------------------------------------------------
                         required time                          5.742    
                         arrival time                          -5.450    
  -------------------------------------------------------------------
                         slack                                  0.293    

Slack (MET) :             0.293ns  (required time - arrival time)
  Source:                 u_ecc/u_core/i_vrf/gen_bank[1].vrf_mem_reg/CLKARDCLK
                            (rising edge-triggered cell RAMB36E1 clocked by clk_i  {rise@0.000ns fall@2.500ns period=5.000ns})
  Destination:            u_ecc/u_core/i_vec/payload_q_reg[1][33]/D
                            (rising edge-triggered cell FDCE clocked by clk_i  {rise@0.000ns fall@2.500ns period=5.000ns})
  Path Group:             clk_i
  Path Type:              Setup (Max at Slow Process Corner)
  Requirement:            5.000ns  (clk_i rise@5.000ns - clk_i rise@0.000ns)
  Data Path Delay:        4.664ns  (logic 2.624ns (56.260%)  route 2.040ns (43.740%))
  Logic Levels:           3  (LUT2=1 LUT3=1 LUT5=1)
  Clock Path Skew:        -0.039ns (DCD - SCD + CPR)
    Destination Clock Delay (DCD):    0.748ns = ( 5.748 - 5.000 ) 
    Source Clock Delay      (SCD):    0.787ns
    Clock Pessimism Removal (CPR):    0.000ns
  Clock Uncertainty:      0.035ns  ((TSJ^2 + TIJ^2)^1/2 + DJ) / 2 + PE
    Total System Jitter     (TSJ):    0.071ns
    Total Input Jitter      (TIJ):    0.000ns
    Discrete Jitter          (DJ):    0.000ns
    Phase Error              (PE):    0.000ns

    Location             Delay type                Incr(ns)  Path(ns)    Netlist Resource(s)
  -------------------------------------------------------------------    -------------------
                         (clock clk_i rise edge)      0.000     0.000 r  
                                                      0.000     0.000 r  clk_i (IN)
                         net (fo=2611, unset)         0.787     0.787    u_ecc/u_core/i_vrf/clk_i
    RAMB36_X3Y8          RAMB36E1                                     r  u_ecc/u_core/i_vrf/gen_bank[1].vrf_mem_reg/CLKARDCLK
  -------------------------------------------------------------------    -------------------
    RAMB36_X3Y8          RAMB36E1 (Prop_ramb36e1_CLKARDCLK_DOBDO[1])
                                                      2.125     2.912 r  u_ecc/u_core/i_vrf/gen_bank[1].vrf_mem_reg/DOBDO[1]
                         net (fo=2, routed)           1.560     4.472    u_ecc/u_core/i_vec/hdc_pair_src_b_i[1][33]
    SLICE_X78Y35                                                      r  u_ecc/u_core/i_vec/i_gf2_contribution_row_tile_i_415/I2
    SLICE_X78Y35         LUT3 (Prop_lut3_I2_O)        0.119     4.591 r  u_ecc/u_core/i_vec/i_gf2_contribution_row_tile_i_415/O
                         net (fo=1, routed)           0.360     4.951    u_ecc/u_core/i_vec/i_gf2_contribution_row_tile/matrix_src_b_i[3][1]
    SLICE_X76Y37                                                      r  u_ecc/u_core/i_vec/i_gf2_contribution_row_tile/matrix_product_o[3][1]_INST_0/I1
    SLICE_X76Y37         LUT2 (Prop_lut2_I1_O)        0.275     5.226 r  u_ecc/u_core/i_vec/i_gf2_contribution_row_tile/matrix_product_o[3][1]_INST_0/O
                         net (fo=1, routed)           0.120     5.346    u_ecc/u_core/i_vec/tile_product_word[1][33]
    SLICE_X76Y37                                                      r  u_ecc/u_core/i_vec/payload_q[1][33]_i_1/I4
    SLICE_X76Y37         LUT5 (Prop_lut5_I4_O)        0.105     5.451 r  u_ecc/u_core/i_vec/payload_q[1][33]_i_1/O
                         net (fo=1, routed)           0.000     5.451    u_ecc/u_core/i_vec/payload_q[1][33]_i_1_n_0
    SLICE_X76Y37         FDCE                                         r  u_ecc/u_core/i_vec/payload_q_reg[1][33]/D
  -------------------------------------------------------------------    -------------------

                         (clock clk_i rise edge)      5.000     5.000 r  
                                                      0.000     5.000 r  clk_i (IN)
                         net (fo=2611, unset)         0.748     5.748    u_ecc/u_core/i_vec/clk_i
    SLICE_X76Y37         FDCE                                         r  u_ecc/u_core/i_vec/payload_q_reg[1][33]/C
                         clock pessimism              0.000     5.748    
                         clock uncertainty           -0.035     5.712    
    SLICE_X76Y37         FDCE (Setup_fdce_C_D)        0.032     5.744    u_ecc/u_core/i_vec/payload_q_reg[1][33]
  -------------------------------------------------------------------
                         required time                          5.744    
                         arrival time                          -5.451    
  -------------------------------------------------------------------
                         slack                                  0.293    

Slack (MET) :             0.293ns  (required time - arrival time)
  Source:                 u_hdc/u_core/i_vrf/gen_bank[0].vrf_mem_reg/CLKARDCLK
                            (rising edge-triggered cell RAMB36E1 clocked by clk_i  {rise@0.000ns fall@2.500ns period=5.000ns})
  Destination:            u_hdc/u_core/i_vec/payload_q_reg[0][49]/D
                            (rising edge-triggered cell FDCE clocked by clk_i  {rise@0.000ns fall@2.500ns period=5.000ns})
  Path Group:             clk_i
  Path Type:              Setup (Max at Slow Process Corner)
  Requirement:            5.000ns  (clk_i rise@5.000ns - clk_i rise@0.000ns)
  Data Path Delay:        4.704ns  (logic 2.440ns (51.872%)  route 2.264ns (48.128%))
  Logic Levels:           3  (LUT2=1 LUT4=1 LUT6=1)
  Clock Path Skew:        -0.039ns (DCD - SCD + CPR)
    Destination Clock Delay (DCD):    0.748ns = ( 5.748 - 5.000 ) 
    Source Clock Delay      (SCD):    0.787ns
    Clock Pessimism Removal (CPR):    0.000ns
  Clock Uncertainty:      0.035ns  ((TSJ^2 + TIJ^2)^1/2 + DJ) / 2 + PE
    Total System Jitter     (TSJ):    0.071ns
    Total Input Jitter      (TIJ):    0.000ns
    Discrete Jitter          (DJ):    0.000ns
    Phase Error              (PE):    0.000ns

    Location             Delay type                Incr(ns)  Path(ns)    Netlist Resource(s)
  -------------------------------------------------------------------    -------------------
                         (clock clk_i rise edge)      0.000     0.000 r  
                                                      0.000     0.000 r  clk_i (IN)
                         net (fo=2611, unset)         0.787     0.787    u_hdc/u_core/i_vrf/clk_i
    RAMB36_X4Y3          RAMB36E1                                     r  u_hdc/u_core/i_vrf/gen_bank[0].vrf_mem_reg/CLKARDCLK
  -------------------------------------------------------------------    -------------------
    RAMB36_X4Y3          RAMB36E1 (Prop_ramb36e1_CLKARDCLK_DOBDO[17])
                                                      2.125     2.912 r  u_hdc/u_core/i_vrf/gen_bank[0].vrf_mem_reg/DOBDO[17]
                         net (fo=2, routed)           1.332     4.244    u_hdc/u_core/i_vec/i_gf2_contribution_row_tile/matrix_src_b_i[1][17]
    SLICE_X51Y20                                                      r  u_hdc/u_core/i_vec/i_gf2_contribution_row_tile/matrix_product_o[1][17]_INST_0/I1
    SLICE_X51Y20         LUT2 (Prop_lut2_I1_O)        0.105     4.349 r  u_hdc/u_core/i_vec/i_gf2_contribution_row_tile/matrix_product_o[1][17]_INST_0/O
                         net (fo=1, routed)           0.351     4.700    u_hdc/u_core/i_vec/tile_product_word[0][49]
    SLICE_X52Y20                                                      r  u_hdc/u_core/i_vec/payload_q[0][49]_i_2/I0
    SLICE_X52Y20         LUT4 (Prop_lut4_I0_O)        0.105     4.805 r  u_hdc/u_core/i_vec/payload_q[0][49]_i_2/O
                         net (fo=1, routed)           0.581     5.386    u_hdc/u_core/i_vec/payload_q[0][49]_i_2_n_0
    SLICE_X62Y18                                                      r  u_hdc/u_core/i_vec/payload_q[0][49]_i_1/I5
    SLICE_X62Y18         LUT6 (Prop_lut6_I5_O)        0.105     5.491 r  u_hdc/u_core/i_vec/payload_q[0][49]_i_1/O
                         net (fo=1, routed)           0.000     5.491    u_hdc/u_core/i_vec/payload_q[0][49]_i_1_n_0
    SLICE_X62Y18         FDCE                                         r  u_hdc/u_core/i_vec/payload_q_reg[0][49]/D
  -------------------------------------------------------------------    -------------------

                         (clock clk_i rise edge)      5.000     5.000 r  
                                                      0.000     5.000 r  clk_i (IN)
                         net (fo=2611, unset)         0.748     5.748    u_hdc/u_core/i_vec/clk_i
    SLICE_X62Y18         FDCE                                         r  u_hdc/u_core/i_vec/payload_q_reg[0][49]/C
                         clock pessimism              0.000     5.748    
                         clock uncertainty           -0.035     5.712    
    SLICE_X62Y18         FDCE (Setup_fdce_C_D)        0.072     5.784    u_hdc/u_core/i_vec/payload_q_reg[0][49]
  -------------------------------------------------------------------
                         required time                          5.784    
                         arrival time                          -5.491    
  -------------------------------------------------------------------
                         slack                                  0.293    

Slack (MET) :             0.293ns  (required time - arrival time)
  Source:                 u_ecc/u_core/i_vrf/gen_bank[3].vrf_mem_reg/CLKARDCLK
                            (rising edge-triggered cell RAMB36E1 clocked by clk_i  {rise@0.000ns fall@2.500ns period=5.000ns})
  Destination:            u_ecc/u_core/i_vec/payload_q_reg[3][20]/D
                            (rising edge-triggered cell FDCE clocked by clk_i  {rise@0.000ns fall@2.500ns period=5.000ns})
  Path Group:             clk_i
  Path Type:              Setup (Max at Slow Process Corner)
  Requirement:            5.000ns  (clk_i rise@5.000ns - clk_i rise@0.000ns)
  Data Path Delay:        4.662ns  (logic 2.836ns (60.834%)  route 1.826ns (39.166%))
  Logic Levels:           3  (LUT2=1 LUT3=1 LUT5=1)
  Clock Path Skew:        -0.039ns (DCD - SCD + CPR)
    Destination Clock Delay (DCD):    0.748ns = ( 5.748 - 5.000 ) 
    Source Clock Delay      (SCD):    0.787ns
    Clock Pessimism Removal (CPR):    0.000ns
  Clock Uncertainty:      0.035ns  ((TSJ^2 + TIJ^2)^1/2 + DJ) / 2 + PE
    Total System Jitter     (TSJ):    0.071ns
    Total Input Jitter      (TIJ):    0.000ns
    Discrete Jitter          (DJ):    0.000ns
    Phase Error              (PE):    0.000ns

    Location             Delay type                Incr(ns)  Path(ns)    Netlist Resource(s)
  -------------------------------------------------------------------    -------------------
                         (clock clk_i rise edge)      0.000     0.000 r  
                                                      0.000     0.000 r  clk_i (IN)
                         net (fo=2611, unset)         0.787     0.787    u_ecc/u_core/i_vrf/clk_i
    RAMB36_X3Y7          RAMB36E1                                     r  u_ecc/u_core/i_vrf/gen_bank[3].vrf_mem_reg/CLKARDCLK
  -------------------------------------------------------------------    -------------------
    RAMB36_X3Y7          RAMB36E1 (Prop_ramb36e1_CLKARDCLK_DOADO[20])
                                                      2.125     2.912 r  u_ecc/u_core/i_vrf/gen_bank[3].vrf_mem_reg/DOADO[20]
                         net (fo=2, routed)           0.892     3.804    u_ecc/u_core/i_vec/hdc_pair_src_b_i[3][20]
    SLICE_X62Y35                                                      r  u_ecc/u_core/i_vec/i_gf2_contribution_row_tile_i_300/I2
    SLICE_X62Y35         LUT3 (Prop_lut3_I2_O)        0.126     3.930 r  u_ecc/u_core/i_vec/i_gf2_contribution_row_tile_i_300/O
                         net (fo=1, routed)           0.698     4.628    u_ecc/u_core/i_vec/i_gf2_contribution_row_tile/matrix_src_b_i[6][20]
    SLICE_X62Y35                                                      r  u_ecc/u_core/i_vec/i_gf2_contribution_row_tile/matrix_product_o[6][20]_INST_0/I1
    SLICE_X62Y35         LUT2 (Prop_lut2_I1_O)        0.299     4.927 r  u_ecc/u_core/i_vec/i_gf2_contribution_row_tile/matrix_product_o[6][20]_INST_0/O
                         net (fo=1, routed)           0.236     5.163    u_ecc/u_core/i_vec/tile_product_word[3][20]
    SLICE_X60Y35                                                      r  u_ecc/u_core/i_vec/payload_q[3][20]_i_1/I4
    SLICE_X60Y35         LUT5 (Prop_lut5_I4_O)        0.286     5.449 r  u_ecc/u_core/i_vec/payload_q[3][20]_i_1/O
                         net (fo=1, routed)           0.000     5.449    u_ecc/u_core/i_vec/payload_q[3][20]_i_1_n_0
    SLICE_X60Y35         FDCE                                         r  u_ecc/u_core/i_vec/payload_q_reg[3][20]/D
  -------------------------------------------------------------------    -------------------

                         (clock clk_i rise edge)      5.000     5.000 r  
                                                      0.000     5.000 r  clk_i (IN)
                         net (fo=2611, unset)         0.748     5.748    u_ecc/u_core/i_vec/clk_i
    SLICE_X60Y35         FDCE                                         r  u_ecc/u_core/i_vec/payload_q_reg[3][20]/C
                         clock pessimism              0.000     5.748    
                         clock uncertainty           -0.035     5.712    
    SLICE_X60Y35         FDCE (Setup_fdce_C_D)        0.030     5.742    u_ecc/u_core/i_vec/payload_q_reg[3][20]
  -------------------------------------------------------------------
                         required time                          5.742    
                         arrival time                          -5.449    
  -------------------------------------------------------------------
                         slack                                  0.293    




