rank,slack_ns,required_time_ns,data_path_delay_ns,logic_delay_ns,route_delay_ns,route_ratio,logic_levels,startpoint,endpoint,path_class,main_cells
1,0.232,5.000,4.765,1.190,3.575,0.750,6,"FSM_onehot_st_q_reg[3]/C","lane_result_q_reg[0][55]/D","P2 lane result capture","FDCE=2;LUT4=2;LUT6=4"
2,0.232,5.000,4.765,1.190,3.575,0.750,6,"FSM_onehot_st_q_reg[3]/C","lane_result_q_reg[1][55]/D","P2 lane result capture","FDCE=2;LUT4=2;LUT6=4"
3,0.232,5.000,4.765,1.190,3.575,0.750,6,"FSM_onehot_st_q_reg[3]/C","lane_result_q_reg[2][55]/D","P2 lane result capture","FDCE=2;LUT4=2;LUT6=4"
4,0.232,5.000,4.765,1.190,3.575,0.750,6,"FSM_onehot_st_q_reg[3]/C","lane_result_q_reg[3][55]/D","P2 lane result capture","FDCE=2;LUT4=2;LUT6=4"
5,0.233,5.000,4.764,1.190,3.574,0.750,6,"FSM_onehot_st_q_reg[3]/C","lane_result_q_reg[0][59]/D","P2 lane result capture","FDCE=2;LUT4=2;LUT6=4"
6,0.233,5.000,4.764,1.190,3.574,0.750,6,"FSM_onehot_st_q_reg[3]/C","lane_result_q_reg[1][59]/D","P2 lane result capture","FDCE=2;LUT4=2;LUT6=4"
7,0.233,5.000,4.764,1.190,3.574,0.750,6,"FSM_onehot_st_q_reg[3]/C","lane_result_q_reg[2][59]/D","P2 lane result capture","FDCE=2;LUT4=2;LUT6=4"
8,0.233,5.000,4.764,1.190,3.574,0.750,6,"FSM_onehot_st_q_reg[3]/C","lane_result_q_reg[3][59]/D","P2 lane result capture","FDCE=2;LUT4=2;LUT6=4"
9,0.243,5.000,4.754,1.190,3.564,0.750,6,"FSM_onehot_st_q_reg[3]/C","lane_result_q_reg[0][63]/D","P2 lane result capture","FDCE=2;LUT4=2;LUT6=4"
10,0.243,5.000,4.754,1.190,3.564,0.750,6,"FSM_onehot_st_q_reg[3]/C","lane_result_q_reg[1][63]/D","P2 lane result capture","FDCE=2;LUT4=2;LUT6=4"
11,0.243,5.000,4.754,1.190,3.564,0.750,6,"FSM_onehot_st_q_reg[3]/C","lane_result_q_reg[2][63]/D","P2 lane result capture","FDCE=2;LUT4=2;LUT6=4"
12,0.243,5.000,4.754,1.190,3.564,0.750,6,"FSM_onehot_st_q_reg[3]/C","lane_result_q_reg[3][63]/D","P2 lane result capture","FDCE=2;LUT4=2;LUT6=4"
13,0.326,5.000,4.700,2.246,2.454,0.522,7,"gen_lane[0].i_p2_pop_slice/popcount_part_q_o_reg[0][0]/C","group_dist_q_reg[8]/D","P2 popcount capture","CARRY4=4;FDCE=2;LUT3=2;LUT5=1"
14,0.362,5.000,4.427,1.190,3.237,0.731,6,"a_q_reg[16]/C","ecc_leaf_prod_q_reg[0]/CE","other","FDCE=2;LUT2=3;LUT5=1;LUT6=2"
15,0.362,5.000,4.427,1.190,3.237,0.731,6,"a_q_reg[16]/C","ecc_leaf_prod_q_reg[10]/CE","other","FDCE=2;LUT2=3;LUT5=1;LUT6=2"
16,0.362,5.000,4.427,1.190,3.237,0.731,6,"a_q_reg[16]/C","ecc_leaf_prod_q_reg[11]/CE","other","FDCE=2;LUT2=3;LUT5=1;LUT6=2"
17,0.362,5.000,4.427,1.190,3.237,0.731,6,"a_q_reg[16]/C","ecc_leaf_prod_q_reg[12]/CE","other","FDCE=2;LUT2=3;LUT5=1;LUT6=2"
18,0.362,5.000,4.427,1.190,3.237,0.731,6,"a_q_reg[16]/C","ecc_leaf_prod_q_reg[13]/CE","other","FDCE=2;LUT2=3;LUT5=1;LUT6=2"
19,0.362,5.000,4.427,1.190,3.237,0.731,6,"a_q_reg[16]/C","ecc_leaf_prod_q_reg[14]/CE","other","FDCE=2;LUT2=3;LUT5=1;LUT6=2"
20,0.362,5.000,4.427,1.190,3.237,0.731,6,"a_q_reg[16]/C","ecc_leaf_prod_q_reg[15]/CE","other","FDCE=2;LUT2=3;LUT5=1;LUT6=2"
21,0.362,5.000,4.427,1.190,3.237,0.731,6,"a_q_reg[16]/C","ecc_leaf_prod_q_reg[16]/CE","other","FDCE=2;LUT2=3;LUT5=1;LUT6=2"
22,0.362,5.000,4.427,1.190,3.237,0.731,6,"a_q_reg[16]/C","ecc_leaf_prod_q_reg[17]/CE","other","FDCE=2;LUT2=3;LUT5=1;LUT6=2"
23,0.362,5.000,4.427,1.190,3.237,0.731,6,"a_q_reg[16]/C","ecc_leaf_prod_q_reg[18]/CE","other","FDCE=2;LUT2=3;LUT5=1;LUT6=2"
24,0.362,5.000,4.427,1.190,3.237,0.731,6,"a_q_reg[16]/C","ecc_leaf_prod_q_reg[19]/CE","other","FDCE=2;LUT2=3;LUT5=1;LUT6=2"
25,0.362,5.000,4.427,1.190,3.237,0.731,6,"a_q_reg[16]/C","ecc_leaf_prod_q_reg[1]/CE","other","FDCE=2;LUT2=3;LUT5=1;LUT6=2"
26,0.362,5.000,4.427,1.190,3.237,0.731,6,"a_q_reg[16]/C","ecc_leaf_prod_q_reg[20]/CE","other","FDCE=2;LUT2=3;LUT5=1;LUT6=2"
27,0.362,5.000,4.427,1.190,3.237,0.731,6,"a_q_reg[16]/C","ecc_leaf_prod_q_reg[21]/CE","other","FDCE=2;LUT2=3;LUT5=1;LUT6=2"
28,0.362,5.000,4.427,1.190,3.237,0.731,6,"a_q_reg[16]/C","ecc_leaf_prod_q_reg[22]/CE","other","FDCE=2;LUT2=3;LUT5=1;LUT6=2"
29,0.362,5.000,4.427,1.190,3.237,0.731,6,"a_q_reg[16]/C","ecc_leaf_prod_q_reg[23]/CE","other","FDCE=2;LUT2=3;LUT5=1;LUT6=2"
30,0.362,5.000,4.427,1.190,3.237,0.731,6,"a_q_reg[16]/C","ecc_leaf_prod_q_reg[24]/CE","other","FDCE=2;LUT2=3;LUT5=1;LUT6=2"
31,0.362,5.000,4.427,1.190,3.237,0.731,6,"a_q_reg[16]/C","ecc_leaf_prod_q_reg[25]/CE","other","FDCE=2;LUT2=3;LUT5=1;LUT6=2"
32,0.362,5.000,4.427,1.190,3.237,0.731,6,"a_q_reg[16]/C","ecc_leaf_prod_q_reg[26]/CE","other","FDCE=2;LUT2=3;LUT5=1;LUT6=2"
33,0.362,5.000,4.427,1.190,3.237,0.731,6,"a_q_reg[16]/C","ecc_leaf_prod_q_reg[27]/CE","other","FDCE=2;LUT2=3;LUT5=1;LUT6=2"
34,0.362,5.000,4.427,1.190,3.237,0.731,6,"a_q_reg[16]/C","ecc_leaf_prod_q_reg[28]/CE","other","FDCE=2;LUT2=3;LUT5=1;LUT6=2"
35,0.362,5.000,4.427,1.190,3.237,0.731,6,"a_q_reg[16]/C","ecc_leaf_prod_q_reg[29]/CE","other","FDCE=2;LUT2=3;LUT5=1;LUT6=2"
36,0.362,5.000,4.427,1.190,3.237,0.731,6,"a_q_reg[16]/C","ecc_leaf_prod_q_reg[2]/CE","other","FDCE=2;LUT2=3;LUT5=1;LUT6=2"
37,0.362,5.000,4.427,1.190,3.237,0.731,6,"a_q_reg[16]/C","ecc_leaf_prod_q_reg[30]/CE","other","FDCE=2;LUT2=3;LUT5=1;LUT6=2"
38,0.362,5.000,4.427,1.190,3.237,0.731,6,"a_q_reg[16]/C","ecc_leaf_prod_q_reg[31]/CE","other","FDCE=2;LUT2=3;LUT5=1;LUT6=2"
39,0.362,5.000,4.427,1.190,3.237,0.731,6,"a_q_reg[16]/C","ecc_leaf_prod_q_reg[32]/CE","other","FDCE=2;LUT2=3;LUT5=1;LUT6=2"
40,0.362,5.000,4.427,1.190,3.237,0.731,6,"a_q_reg[16]/C","ecc_leaf_prod_q_reg[33]/CE","other","FDCE=2;LUT2=3;LUT5=1;LUT6=2"
41,0.362,5.000,4.427,1.190,3.237,0.731,6,"a_q_reg[16]/C","ecc_leaf_prod_q_reg[34]/CE","other","FDCE=2;LUT2=3;LUT5=1;LUT6=2"
42,0.362,5.000,4.427,1.190,3.237,0.731,6,"a_q_reg[16]/C","ecc_leaf_prod_q_reg[35]/CE","other","FDCE=2;LUT2=3;LUT5=1;LUT6=2"
43,0.362,5.000,4.427,1.190,3.237,0.731,6,"a_q_reg[16]/C","ecc_leaf_prod_q_reg[36]/CE","other","FDCE=2;LUT2=3;LUT5=1;LUT6=2"
44,0.362,5.000,4.427,1.190,3.237,0.731,6,"a_q_reg[16]/C","ecc_leaf_prod_q_reg[37]/CE","other","FDCE=2;LUT2=3;LUT5=1;LUT6=2"
45,0.362,5.000,4.427,1.190,3.237,0.731,6,"a_q_reg[16]/C","ecc_leaf_prod_q_reg[38]/CE","other","FDCE=2;LUT2=3;LUT5=1;LUT6=2"
46,0.362,5.000,4.427,1.190,3.237,0.731,6,"a_q_reg[16]/C","ecc_leaf_prod_q_reg[39]/CE","other","FDCE=2;LUT2=3;LUT5=1;LUT6=2"
47,0.362,5.000,4.427,1.190,3.237,0.731,6,"a_q_reg[16]/C","ecc_leaf_prod_q_reg[3]/CE","other","FDCE=2;LUT2=3;LUT5=1;LUT6=2"
48,0.362,5.000,4.427,1.190,3.237,0.731,6,"a_q_reg[16]/C","ecc_leaf_prod_q_reg[40]/CE","other","FDCE=2;LUT2=3;LUT5=1;LUT6=2"
49,0.362,5.000,4.427,1.190,3.237,0.731,6,"a_q_reg[16]/C","ecc_leaf_prod_q_reg[41]/CE","other","FDCE=2;LUT2=3;LUT5=1;LUT6=2"
50,0.362,5.000,4.427,1.190,3.237,0.731,6,"a_q_reg[16]/C","ecc_leaf_prod_q_reg[42]/CE","other","FDCE=2;LUT2=3;LUT5=1;LUT6=2"
51,0.362,5.000,4.427,1.190,3.237,0.731,6,"a_q_reg[16]/C","ecc_leaf_prod_q_reg[43]/CE","other","FDCE=2;LUT2=3;LUT5=1;LUT6=2"
52,0.362,5.000,4.427,1.190,3.237,0.731,6,"a_q_reg[16]/C","ecc_leaf_prod_q_reg[44]/CE","other","FDCE=2;LUT2=3;LUT5=1;LUT6=2"
53,0.362,5.000,4.427,1.190,3.237,0.731,6,"a_q_reg[16]/C","ecc_leaf_prod_q_reg[45]/CE","other","FDCE=2;LUT2=3;LUT5=1;LUT6=2"
54,0.362,5.000,4.427,1.190,3.237,0.731,6,"a_q_reg[16]/C","ecc_leaf_prod_q_reg[46]/CE","other","FDCE=2;LUT2=3;LUT5=1;LUT6=2"
55,0.362,5.000,4.427,1.190,3.237,0.731,6,"a_q_reg[16]/C","ecc_leaf_prod_q_reg[47]/CE","other","FDCE=2;LUT2=3;LUT5=1;LUT6=2"
56,0.362,5.000,4.427,1.190,3.237,0.731,6,"a_q_reg[16]/C","ecc_leaf_prod_q_reg[48]/CE","other","FDCE=2;LUT2=3;LUT5=1;LUT6=2"
57,0.362,5.000,4.427,1.190,3.237,0.731,6,"a_q_reg[16]/C","ecc_leaf_prod_q_reg[49]/CE","other","FDCE=2;LUT2=3;LUT5=1;LUT6=2"
58,0.362,5.000,4.427,1.190,3.237,0.731,6,"a_q_reg[16]/C","ecc_leaf_prod_q_reg[4]/CE","other","FDCE=2;LUT2=3;LUT5=1;LUT6=2"
59,0.362,5.000,4.427,1.190,3.237,0.731,6,"a_q_reg[16]/C","ecc_leaf_prod_q_reg[50]/CE","other","FDCE=2;LUT2=3;LUT5=1;LUT6=2"
60,0.362,5.000,4.427,1.190,3.237,0.731,6,"a_q_reg[16]/C","ecc_leaf_prod_q_reg[51]/CE","other","FDCE=2;LUT2=3;LUT5=1;LUT6=2"
61,0.362,5.000,4.427,1.190,3.237,0.731,6,"a_q_reg[16]/C","ecc_leaf_prod_q_reg[52]/CE","other","FDCE=2;LUT2=3;LUT5=1;LUT6=2"
62,0.362,5.000,4.427,1.190,3.237,0.731,6,"a_q_reg[16]/C","ecc_leaf_prod_q_reg[53]/CE","other","FDCE=2;LUT2=3;LUT5=1;LUT6=2"
63,0.362,5.000,4.427,1.190,3.237,0.731,6,"a_q_reg[16]/C","ecc_leaf_prod_q_reg[54]/CE","other","FDCE=2;LUT2=3;LUT5=1;LUT6=2"
64,0.362,5.000,4.427,1.190,3.237,0.731,6,"a_q_reg[16]/C","ecc_leaf_prod_q_reg[55]/CE","other","FDCE=2;LUT2=3;LUT5=1;LUT6=2"
65,0.362,5.000,4.427,1.190,3.237,0.731,6,"a_q_reg[16]/C","ecc_leaf_prod_q_reg[5]/CE","other","FDCE=2;LUT2=3;LUT5=1;LUT6=2"
66,0.362,5.000,4.427,1.190,3.237,0.731,6,"a_q_reg[16]/C","ecc_leaf_prod_q_reg[6]/CE","other","FDCE=2;LUT2=3;LUT5=1;LUT6=2"
67,0.362,5.000,4.427,1.190,3.237,0.731,6,"a_q_reg[16]/C","ecc_leaf_prod_q_reg[7]/CE","other","FDCE=2;LUT2=3;LUT5=1;LUT6=2"
68,0.362,5.000,4.427,1.190,3.237,0.731,6,"a_q_reg[16]/C","ecc_leaf_prod_q_reg[8]/CE","other","FDCE=2;LUT2=3;LUT5=1;LUT6=2"
69,0.362,5.000,4.427,1.190,3.237,0.731,6,"a_q_reg[16]/C","ecc_leaf_prod_q_reg[9]/CE","other","FDCE=2;LUT2=3;LUT5=1;LUT6=2"
70,0.365,5.000,4.424,1.190,3.234,0.731,6,"a_q_reg[16]/C","ecc_leaf_prod_q_reg[56]/CE","other","FDCE=2;LUT2=3;LUT5=1;LUT6=2"
71,0.365,5.000,4.424,1.190,3.234,0.731,6,"a_q_reg[16]/C","ecc_leaf_prod_q_reg[57]/CE","other","FDCE=2;LUT2=3;LUT5=1;LUT6=2"
72,0.365,5.000,4.424,1.190,3.234,0.731,6,"a_q_reg[16]/C","ecc_leaf_prod_q_reg[58]/CE","other","FDCE=2;LUT2=3;LUT5=1;LUT6=2"
73,0.365,5.000,4.424,1.190,3.234,0.731,6,"a_q_reg[16]/C","ecc_leaf_prod_q_reg[59]/CE","other","FDCE=2;LUT2=3;LUT5=1;LUT6=2"
74,0.365,5.000,4.424,1.190,3.234,0.731,6,"a_q_reg[16]/C","ecc_leaf_prod_q_reg[60]/CE","other","FDCE=2;LUT2=3;LUT5=1;LUT6=2"
75,0.365,5.000,4.424,1.190,3.234,0.731,6,"a_q_reg[16]/C","ecc_leaf_prod_q_reg[61]/CE","other","FDCE=2;LUT2=3;LUT5=1;LUT6=2"
76,0.365,5.000,4.424,1.190,3.234,0.731,6,"a_q_reg[16]/C","ecc_leaf_prod_q_reg[62]/CE","other","FDCE=2;LUT2=3;LUT5=1;LUT6=2"
77,0.426,5.000,4.600,2.146,2.454,0.533,6,"gen_lane[0].i_p2_pop_slice/popcount_part_q_o_reg[0][0]/C","group_dist_q_reg[7]/D","P2 popcount capture","CARRY4=3;FDCE=2;LUT3=2;LUT5=1"
78,0.461,5.000,4.536,1.210,3.326,0.733,6,"gen_lane[0].i_p2_pop_slice/src_a_q_reg[22]/C","gen_lane[0].i_p2_pop_slice/popcount_part_q_o_reg[0][3]/D","P2 popcount capture","FDCE=2;LUT2=1;LUT3=3;LUT6=2"
79,0.461,5.000,4.536,1.210,3.326,0.733,6,"gen_lane[0].i_p2_pop_slice/src_a_q_reg[22]/C","gen_lane[0].i_p2_pop_slice/popcount_part_q_o_reg[0][4]/D","P2 popcount capture","FDCE=2;LUT2=1;LUT3=3;LUT6=2"
80,0.461,5.000,4.536,1.210,3.326,0.733,6,"gen_lane[0].i_p2_pop_slice/src_a_q_reg[22]/C","gen_lane[0].i_p2_pop_slice/popcount_part_q_o_reg[0][5]/D","P2 popcount capture","FDCE=2;LUT2=1;LUT3=3;LUT6=2"
81,0.461,5.000,4.536,1.210,3.326,0.733,6,"gen_lane[0].i_p2_pop_slice/src_a_q_reg[54]/C","gen_lane[0].i_p2_pop_slice/popcount_part_q_o_reg[1][3]/D","P2 popcount capture","FDCE=2;LUT2=1;LUT3=3;LUT6=2"
82,0.461,5.000,4.536,1.210,3.326,0.733,6,"gen_lane[0].i_p2_pop_slice/src_a_q_reg[54]/C","gen_lane[0].i_p2_pop_slice/popcount_part_q_o_reg[1][4]/D","P2 popcount capture","FDCE=2;LUT2=1;LUT3=3;LUT6=2"
83,0.461,5.000,4.536,1.210,3.326,0.733,6,"gen_lane[0].i_p2_pop_slice/src_a_q_reg[54]/C","gen_lane[0].i_p2_pop_slice/popcount_part_q_o_reg[1][5]/D","P2 popcount capture","FDCE=2;LUT2=1;LUT3=3;LUT6=2"
84,0.461,5.000,4.536,1.210,3.326,0.733,6,"gen_lane[1].i_p2_pop_slice/src_a_q_reg[22]/C","gen_lane[1].i_p2_pop_slice/popcount_part_q_o_reg[0][3]/D","P2 popcount capture","FDCE=2;LUT2=1;LUT3=3;LUT6=2"
85,0.461,5.000,4.536,1.210,3.326,0.733,6,"gen_lane[1].i_p2_pop_slice/src_a_q_reg[22]/C","gen_lane[1].i_p2_pop_slice/popcount_part_q_o_reg[0][4]/D","P2 popcount capture","FDCE=2;LUT2=1;LUT3=3;LUT6=2"
86,0.461,5.000,4.536,1.210,3.326,0.733,6,"gen_lane[1].i_p2_pop_slice/src_a_q_reg[22]/C","gen_lane[1].i_p2_pop_slice/popcount_part_q_o_reg[0][5]/D","P2 popcount capture","FDCE=2;LUT2=1;LUT3=3;LUT6=2"
87,0.461,5.000,4.536,1.210,3.326,0.733,6,"gen_lane[1].i_p2_pop_slice/src_a_q_reg[54]/C","gen_lane[1].i_p2_pop_slice/popcount_part_q_o_reg[1][3]/D","P2 popcount capture","FDCE=2;LUT2=1;LUT3=3;LUT6=2"
88,0.461,5.000,4.536,1.210,3.326,0.733,6,"gen_lane[1].i_p2_pop_slice/src_a_q_reg[54]/C","gen_lane[1].i_p2_pop_slice/popcount_part_q_o_reg[1][4]/D","P2 popcount capture","FDCE=2;LUT2=1;LUT3=3;LUT6=2"
89,0.461,5.000,4.536,1.210,3.326,0.733,6,"gen_lane[1].i_p2_pop_slice/src_a_q_reg[54]/C","gen_lane[1].i_p2_pop_slice/popcount_part_q_o_reg[1][5]/D","P2 popcount capture","FDCE=2;LUT2=1;LUT3=3;LUT6=2"
90,0.461,5.000,4.536,1.210,3.326,0.733,6,"gen_lane[2].i_p2_pop_slice/src_a_q_reg[22]/C","gen_lane[2].i_p2_pop_slice/popcount_part_q_o_reg[0][3]/D","P2 popcount capture","FDCE=2;LUT2=1;LUT3=3;LUT6=2"
91,0.461,5.000,4.536,1.210,3.326,0.733,6,"gen_lane[2].i_p2_pop_slice/src_a_q_reg[22]/C","gen_lane[2].i_p2_pop_slice/popcount_part_q_o_reg[0][4]/D","P2 popcount capture","FDCE=2;LUT2=1;LUT3=3;LUT6=2"
92,0.461,5.000,4.536,1.210,3.326,0.733,6,"gen_lane[2].i_p2_pop_slice/src_a_q_reg[22]/C","gen_lane[2].i_p2_pop_slice/popcount_part_q_o_reg[0][5]/D","P2 popcount capture","FDCE=2;LUT2=1;LUT3=3;LUT6=2"
93,0.461,5.000,4.536,1.210,3.326,0.733,6,"gen_lane[2].i_p2_pop_slice/src_a_q_reg[54]/C","gen_lane[2].i_p2_pop_slice/popcount_part_q_o_reg[1][3]/D","P2 popcount capture","FDCE=2;LUT2=1;LUT3=3;LUT6=2"
94,0.461,5.000,4.536,1.210,3.326,0.733,6,"gen_lane[2].i_p2_pop_slice/src_a_q_reg[54]/C","gen_lane[2].i_p2_pop_slice/popcount_part_q_o_reg[1][4]/D","P2 popcount capture","FDCE=2;LUT2=1;LUT3=3;LUT6=2"
95,0.461,5.000,4.536,1.210,3.326,0.733,6,"gen_lane[2].i_p2_pop_slice/src_a_q_reg[54]/C","gen_lane[2].i_p2_pop_slice/popcount_part_q_o_reg[1][5]/D","P2 popcount capture","FDCE=2;LUT2=1;LUT3=3;LUT6=2"
96,0.461,5.000,4.536,1.210,3.326,0.733,6,"gen_lane[3].i_p2_pop_slice/src_a_q_reg[22]/C","gen_lane[3].i_p2_pop_slice/popcount_part_q_o_reg[0][3]/D","P2 popcount capture","FDCE=2;LUT2=1;LUT3=3;LUT6=2"
97,0.461,5.000,4.536,1.210,3.326,0.733,6,"gen_lane[3].i_p2_pop_slice/src_a_q_reg[22]/C","gen_lane[3].i_p2_pop_slice/popcount_part_q_o_reg[0][4]/D","P2 popcount capture","FDCE=2;LUT2=1;LUT3=3;LUT6=2"
98,0.461,5.000,4.536,1.210,3.326,0.733,6,"gen_lane[3].i_p2_pop_slice/src_a_q_reg[22]/C","gen_lane[3].i_p2_pop_slice/popcount_part_q_o_reg[0][5]/D","P2 popcount capture","FDCE=2;LUT2=1;LUT3=3;LUT6=2"
99,0.461,5.000,4.536,1.210,3.326,0.733,6,"gen_lane[3].i_p2_pop_slice/src_a_q_reg[54]/C","gen_lane[3].i_p2_pop_slice/popcount_part_q_o_reg[1][3]/D","P2 popcount capture","FDCE=2;LUT2=1;LUT3=3;LUT6=2"
100,0.461,5.000,4.536,1.210,3.326,0.733,6,"gen_lane[3].i_p2_pop_slice/src_a_q_reg[54]/C","gen_lane[3].i_p2_pop_slice/popcount_part_q_o_reg[1][4]/D","P2 popcount capture","FDCE=2;LUT2=1;LUT3=3;LUT6=2"
101,0.461,5.000,4.536,1.210,3.326,0.733,6,"gen_lane[3].i_p2_pop_slice/src_a_q_reg[54]/C","gen_lane[3].i_p2_pop_slice/popcount_part_q_o_reg[1][5]/D","P2 popcount capture","FDCE=2;LUT2=1;LUT3=3;LUT6=2"
102,0.479,5.000,4.547,2.093,2.454,0.540,6,"gen_lane[0].i_p2_pop_slice/popcount_part_q_o_reg[0][0]/C","group_dist_q_reg[6]/D","P2 popcount capture","CARRY4=3;FDCE=2;LUT3=2;LUT5=1"
103,0.528,5.000,4.469,1.210,3.259,0.729,6,"FSM_onehot_st_q_reg[3]/C","lane_result_q_reg[0][35]/D","P2 lane result capture","FDCE=2;LUT3=1;LUT4=1;LUT6=4"
104,0.528,5.000,4.469,1.210,3.259,0.729,6,"FSM_onehot_st_q_reg[3]/C","lane_result_q_reg[0][36]/D","P2 lane result capture","FDCE=2;LUT3=1;LUT4=1;LUT6=4"
105,0.528,5.000,4.469,1.210,3.259,0.729,6,"FSM_onehot_st_q_reg[3]/C","lane_result_q_reg[0][37]/D","P2 lane result capture","FDCE=2;LUT3=1;LUT4=1;LUT6=4"
106,0.528,5.000,4.469,1.210,3.259,0.729,6,"FSM_onehot_st_q_reg[3]/C","lane_result_q_reg[0][45]/D","P2 lane result capture","FDCE=2;LUT3=1;LUT4=1;LUT6=4"
107,0.528,5.000,4.469,1.210,3.259,0.729,6,"FSM_onehot_st_q_reg[3]/C","lane_result_q_reg[0][51]/D","P2 lane result capture","FDCE=2;LUT3=1;LUT4=1;LUT6=4"
108,0.528,5.000,4.469,1.210,3.259,0.729,6,"FSM_onehot_st_q_reg[3]/C","lane_result_q_reg[0][52]/D","P2 lane result capture","FDCE=2;LUT3=1;LUT4=1;LUT6=4"
109,0.528,5.000,4.469,1.210,3.259,0.729,6,"FSM_onehot_st_q_reg[3]/C","lane_result_q_reg[0][53]/D","P2 lane result capture","FDCE=2;LUT3=1;LUT4=1;LUT6=4"
110,0.528,5.000,4.469,1.210,3.259,0.729,6,"FSM_onehot_st_q_reg[3]/C","lane_result_q_reg[0][60]/D","P2 lane result capture","FDCE=2;LUT3=1;LUT4=1;LUT6=4"
111,0.528,5.000,4.469,1.210,3.259,0.729,6,"FSM_onehot_st_q_reg[3]/C","lane_result_q_reg[0][61]/D","P2 lane result capture","FDCE=2;LUT3=1;LUT4=1;LUT6=4"
112,0.528,5.000,4.469,1.210,3.259,0.729,6,"FSM_onehot_st_q_reg[3]/C","lane_result_q_reg[1][35]/D","P2 lane result capture","FDCE=2;LUT3=1;LUT4=1;LUT6=4"
113,0.528,5.000,4.469,1.210,3.259,0.729,6,"FSM_onehot_st_q_reg[3]/C","lane_result_q_reg[1][36]/D","P2 lane result capture","FDCE=2;LUT3=1;LUT4=1;LUT6=4"
114,0.528,5.000,4.469,1.210,3.259,0.729,6,"FSM_onehot_st_q_reg[3]/C","lane_result_q_reg[1][37]/D","P2 lane result capture","FDCE=2;LUT3=1;LUT4=1;LUT6=4"
115,0.528,5.000,4.469,1.210,3.259,0.729,6,"FSM_onehot_st_q_reg[3]/C","lane_result_q_reg[1][44]/D","P2 lane result capture","FDCE=2;LUT3=1;LUT4=1;LUT6=4"
116,0.528,5.000,4.469,1.210,3.259,0.729,6,"FSM_onehot_st_q_reg[3]/C","lane_result_q_reg[1][45]/D","P2 lane result capture","FDCE=2;LUT3=1;LUT4=1;LUT6=4"
117,0.528,5.000,4.469,1.210,3.259,0.729,6,"FSM_onehot_st_q_reg[3]/C","lane_result_q_reg[1][51]/D","P2 lane result capture","FDCE=2;LUT3=1;LUT4=1;LUT6=4"
118,0.528,5.000,4.469,1.210,3.259,0.729,6,"FSM_onehot_st_q_reg[3]/C","lane_result_q_reg[1][52]/D","P2 lane result capture","FDCE=2;LUT3=1;LUT4=1;LUT6=4"
119,0.528,5.000,4.469,1.210,3.259,0.729,6,"FSM_onehot_st_q_reg[3]/C","lane_result_q_reg[1][53]/D","P2 lane result capture","FDCE=2;LUT3=1;LUT4=1;LUT6=4"
120,0.528,5.000,4.469,1.210,3.259,0.729,6,"FSM_onehot_st_q_reg[3]/C","lane_result_q_reg[1][60]/D","P2 lane result capture","FDCE=2;LUT3=1;LUT4=1;LUT6=4"
121,0.528,5.000,4.469,1.210,3.259,0.729,6,"FSM_onehot_st_q_reg[3]/C","lane_result_q_reg[1][61]/D","P2 lane result capture","FDCE=2;LUT3=1;LUT4=1;LUT6=4"
122,0.528,5.000,4.469,1.210,3.259,0.729,6,"FSM_onehot_st_q_reg[3]/C","lane_result_q_reg[2][35]/D","P2 lane result capture","FDCE=2;LUT3=1;LUT4=1;LUT6=4"
123,0.528,5.000,4.469,1.210,3.259,0.729,6,"FSM_onehot_st_q_reg[3]/C","lane_result_q_reg[2][36]/D","P2 lane result capture","FDCE=2;LUT3=1;LUT4=1;LUT6=4"
124,0.528,5.000,4.469,1.210,3.259,0.729,6,"FSM_onehot_st_q_reg[3]/C","lane_result_q_reg[2][37]/D","P2 lane result capture","FDCE=2;LUT3=1;LUT4=1;LUT6=4"
125,0.528,5.000,4.469,1.210,3.259,0.729,6,"FSM_onehot_st_q_reg[3]/C","lane_result_q_reg[2][45]/D","P2 lane result capture","FDCE=2;LUT3=1;LUT4=1;LUT6=4"
126,0.528,5.000,4.469,1.210,3.259,0.729,6,"FSM_onehot_st_q_reg[3]/C","lane_result_q_reg[2][51]/D","P2 lane result capture","FDCE=2;LUT3=1;LUT4=1;LUT6=4"
127,0.528,5.000,4.469,1.210,3.259,0.729,6,"FSM_onehot_st_q_reg[3]/C","lane_result_q_reg[2][52]/D","P2 lane result capture","FDCE=2;LUT3=1;LUT4=1;LUT6=4"
128,0.528,5.000,4.469,1.210,3.259,0.729,6,"FSM_onehot_st_q_reg[3]/C","lane_result_q_reg[2][53]/D","P2 lane result capture","FDCE=2;LUT3=1;LUT4=1;LUT6=4"
129,0.528,5.000,4.469,1.210,3.259,0.729,6,"FSM_onehot_st_q_reg[3]/C","lane_result_q_reg[2][60]/D","P2 lane result capture","FDCE=2;LUT3=1;LUT4=1;LUT6=4"
130,0.528,5.000,4.469,1.210,3.259,0.729,6,"FSM_onehot_st_q_reg[3]/C","lane_result_q_reg[2][61]/D","P2 lane result capture","FDCE=2;LUT3=1;LUT4=1;LUT6=4"
131,0.528,5.000,4.469,1.210,3.259,0.729,6,"FSM_onehot_st_q_reg[3]/C","lane_result_q_reg[3][35]/D","P2 lane result capture","FDCE=2;LUT3=1;LUT4=1;LUT6=4"
132,0.528,5.000,4.469,1.210,3.259,0.729,6,"FSM_onehot_st_q_reg[3]/C","lane_result_q_reg[3][36]/D","P2 lane result capture","FDCE=2;LUT3=1;LUT4=1;LUT6=4"
133,0.528,5.000,4.469,1.210,3.259,0.729,6,"FSM_onehot_st_q_reg[3]/C","lane_result_q_reg[3][37]/D","P2 lane result capture","FDCE=2;LUT3=1;LUT4=1;LUT6=4"
134,0.528,5.000,4.469,1.210,3.259,0.729,6,"FSM_onehot_st_q_reg[3]/C","lane_result_q_reg[3][43]/D","P2 lane result capture","FDCE=2;LUT3=1;LUT4=1;LUT6=4"
135,0.528,5.000,4.469,1.210,3.259,0.729,6,"FSM_onehot_st_q_reg[3]/C","lane_result_q_reg[3][44]/D","P2 lane result capture","FDCE=2;LUT3=1;LUT4=1;LUT6=4"
136,0.528,5.000,4.469,1.210,3.259,0.729,6,"FSM_onehot_st_q_reg[3]/C","lane_result_q_reg[3][45]/D","P2 lane result capture","FDCE=2;LUT3=1;LUT4=1;LUT6=4"
137,0.528,5.000,4.469,1.210,3.259,0.729,6,"FSM_onehot_st_q_reg[3]/C","lane_result_q_reg[3][51]/D","P2 lane result capture","FDCE=2;LUT3=1;LUT4=1;LUT6=4"
138,0.528,5.000,4.469,1.210,3.259,0.729,6,"FSM_onehot_st_q_reg[3]/C","lane_result_q_reg[3][52]/D","P2 lane result capture","FDCE=2;LUT3=1;LUT4=1;LUT6=4"
139,0.528,5.000,4.469,1.210,3.259,0.729,6,"FSM_onehot_st_q_reg[3]/C","lane_result_q_reg[3][53]/D","P2 lane result capture","FDCE=2;LUT3=1;LUT4=1;LUT6=4"
140,0.528,5.000,4.469,1.210,3.259,0.729,6,"FSM_onehot_st_q_reg[3]/C","lane_result_q_reg[3][60]/D","P2 lane result capture","FDCE=2;LUT3=1;LUT4=1;LUT6=4"
141,0.528,5.000,4.469,1.210,3.259,0.729,6,"FSM_onehot_st_q_reg[3]/C","lane_result_q_reg[3][61]/D","P2 lane result capture","FDCE=2;LUT3=1;LUT4=1;LUT6=4"
142,0.529,5.000,4.468,1.210,3.258,0.729,6,"FSM_onehot_st_q_reg[3]/C","lane_result_q_reg[0][32]/D","P2 lane result capture","FDCE=2;LUT3=1;LUT4=1;LUT6=4"
143,0.529,5.000,4.468,1.210,3.258,0.729,6,"FSM_onehot_st_q_reg[3]/C","lane_result_q_reg[0][33]/D","P2 lane result capture","FDCE=2;LUT3=1;LUT4=1;LUT6=4"
144,0.529,5.000,4.468,1.210,3.258,0.729,6,"FSM_onehot_st_q_reg[3]/C","lane_result_q_reg[0][34]/D","P2 lane result capture","FDCE=2;LUT3=1;LUT4=1;LUT6=4"
145,0.529,5.000,4.468,1.210,3.258,0.729,6,"FSM_onehot_st_q_reg[3]/C","lane_result_q_reg[0][40]/D","P2 lane result capture","FDCE=2;LUT3=1;LUT4=1;LUT6=4"
146,0.529,5.000,4.468,1.210,3.258,0.729,6,"FSM_onehot_st_q_reg[3]/C","lane_result_q_reg[0][41]/D","P2 lane result capture","FDCE=2;LUT3=1;LUT4=1;LUT6=4"
147,0.529,5.000,4.468,1.210,3.258,0.729,6,"FSM_onehot_st_q_reg[3]/C","lane_result_q_reg[0][42]/D","P2 lane result capture","FDCE=2;LUT3=1;LUT4=1;LUT6=4"
148,0.529,5.000,4.468,1.210,3.258,0.729,6,"FSM_onehot_st_q_reg[3]/C","lane_result_q_reg[0][48]/D","P2 lane result capture","FDCE=2;LUT3=1;LUT4=1;LUT6=4"
149,0.529,5.000,4.468,1.210,3.258,0.729,6,"FSM_onehot_st_q_reg[3]/C","lane_result_q_reg[0][49]/D","P2 lane result capture","FDCE=2;LUT3=1;LUT4=1;LUT6=4"
150,0.529,5.000,4.468,1.210,3.258,0.729,6,"FSM_onehot_st_q_reg[3]/C","lane_result_q_reg[0][50]/D","P2 lane result capture","FDCE=2;LUT3=1;LUT4=1;LUT6=4"
151,0.529,5.000,4.468,1.210,3.258,0.729,6,"FSM_onehot_st_q_reg[3]/C","lane_result_q_reg[0][56]/D","P2 lane result capture","FDCE=2;LUT3=1;LUT4=1;LUT6=4"
152,0.529,5.000,4.468,1.210,3.258,0.729,6,"FSM_onehot_st_q_reg[3]/C","lane_result_q_reg[0][57]/D","P2 lane result capture","FDCE=2;LUT3=1;LUT4=1;LUT6=4"
153,0.529,5.000,4.468,1.210,3.258,0.729,6,"FSM_onehot_st_q_reg[3]/C","lane_result_q_reg[0][58]/D","P2 lane result capture","FDCE=2;LUT3=1;LUT4=1;LUT6=4"
154,0.529,5.000,4.468,1.210,3.258,0.729,6,"FSM_onehot_st_q_reg[3]/C","lane_result_q_reg[1][32]/D","P2 lane result capture","FDCE=2;LUT3=1;LUT4=1;LUT6=4"
155,0.529,5.000,4.468,1.210,3.258,0.729,6,"FSM_onehot_st_q_reg[3]/C","lane_result_q_reg[1][33]/D","P2 lane result capture","FDCE=2;LUT3=1;LUT4=1;LUT6=4"
156,0.529,5.000,4.468,1.210,3.258,0.729,6,"FSM_onehot_st_q_reg[3]/C","lane_result_q_reg[1][34]/D","P2 lane result capture","FDCE=2;LUT3=1;LUT4=1;LUT6=4"
157,0.529,5.000,4.468,1.210,3.258,0.729,6,"FSM_onehot_st_q_reg[3]/C","lane_result_q_reg[1][41]/D","P2 lane result capture","FDCE=2;LUT3=1;LUT4=1;LUT6=4"
158,0.529,5.000,4.468,1.210,3.258,0.729,6,"FSM_onehot_st_q_reg[3]/C","lane_result_q_reg[1][42]/D","P2 lane result capture","FDCE=2;LUT3=1;LUT4=1;LUT6=4"
159,0.529,5.000,4.468,1.210,3.258,0.729,6,"FSM_onehot_st_q_reg[3]/C","lane_result_q_reg[1][48]/D","P2 lane result capture","FDCE=2;LUT3=1;LUT4=1;LUT6=4"
160,0.529,5.000,4.468,1.210,3.258,0.729,6,"FSM_onehot_st_q_reg[3]/C","lane_result_q_reg[1][49]/D","P2 lane result capture","FDCE=2;LUT3=1;LUT4=1;LUT6=4"
161,0.529,5.000,4.468,1.210,3.258,0.729,6,"FSM_onehot_st_q_reg[3]/C","lane_result_q_reg[1][50]/D","P2 lane result capture","FDCE=2;LUT3=1;LUT4=1;LUT6=4"
162,0.529,5.000,4.468,1.210,3.258,0.729,6,"FSM_onehot_st_q_reg[3]/C","lane_result_q_reg[1][56]/D","P2 lane result capture","FDCE=2;LUT3=1;LUT4=1;LUT6=4"
163,0.529,5.000,4.468,1.210,3.258,0.729,6,"FSM_onehot_st_q_reg[3]/C","lane_result_q_reg[1][57]/D","P2 lane result capture","FDCE=2;LUT3=1;LUT4=1;LUT6=4"
164,0.529,5.000,4.468,1.210,3.258,0.729,6,"FSM_onehot_st_q_reg[3]/C","lane_result_q_reg[1][58]/D","P2 lane result capture","FDCE=2;LUT3=1;LUT4=1;LUT6=4"
165,0.529,5.000,4.468,1.210,3.258,0.729,6,"FSM_onehot_st_q_reg[3]/C","lane_result_q_reg[2][32]/D","P2 lane result capture","FDCE=2;LUT3=1;LUT4=1;LUT6=4"
166,0.529,5.000,4.468,1.210,3.258,0.729,6,"FSM_onehot_st_q_reg[3]/C","lane_result_q_reg[2][33]/D","P2 lane result capture","FDCE=2;LUT3=1;LUT4=1;LUT6=4"
167,0.529,5.000,4.468,1.210,3.258,0.729,6,"FSM_onehot_st_q_reg[3]/C","lane_result_q_reg[2][34]/D","P2 lane result capture","FDCE=2;LUT3=1;LUT4=1;LUT6=4"
168,0.529,5.000,4.468,1.210,3.258,0.729,6,"FSM_onehot_st_q_reg[3]/C","lane_result_q_reg[2][40]/D","P2 lane result capture","FDCE=2;LUT3=1;LUT4=1;LUT6=4"
169,0.529,5.000,4.468,1.210,3.258,0.729,6,"FSM_onehot_st_q_reg[3]/C","lane_result_q_reg[2][41]/D","P2 lane result capture","FDCE=2;LUT3=1;LUT4=1;LUT6=4"
170,0.529,5.000,4.468,1.210,3.258,0.729,6,"FSM_onehot_st_q_reg[3]/C","lane_result_q_reg[2][42]/D","P2 lane result capture","FDCE=2;LUT3=1;LUT4=1;LUT6=4"
171,0.529,5.000,4.468,1.210,3.258,0.729,6,"FSM_onehot_st_q_reg[3]/C","lane_result_q_reg[2][48]/D","P2 lane result capture","FDCE=2;LUT3=1;LUT4=1;LUT6=4"
172,0.529,5.000,4.468,1.210,3.258,0.729,6,"FSM_onehot_st_q_reg[3]/C","lane_result_q_reg[2][49]/D","P2 lane result capture","FDCE=2;LUT3=1;LUT4=1;LUT6=4"
173,0.529,5.000,4.468,1.210,3.258,0.729,6,"FSM_onehot_st_q_reg[3]/C","lane_result_q_reg[2][50]/D","P2 lane result capture","FDCE=2;LUT3=1;LUT4=1;LUT6=4"
174,0.529,5.000,4.468,1.210,3.258,0.729,6,"FSM_onehot_st_q_reg[3]/C","lane_result_q_reg[2][56]/D","P2 lane result capture","FDCE=2;LUT3=1;LUT4=1;LUT6=4"
175,0.529,5.000,4.468,1.210,3.258,0.729,6,"FSM_onehot_st_q_reg[3]/C","lane_result_q_reg[2][57]/D","P2 lane result capture","FDCE=2;LUT3=1;LUT4=1;LUT6=4"
176,0.529,5.000,4.468,1.210,3.258,0.729,6,"FSM_onehot_st_q_reg[3]/C","lane_result_q_reg[2][58]/D","P2 lane result capture","FDCE=2;LUT3=1;LUT4=1;LUT6=4"
177,0.529,5.000,4.468,1.210,3.258,0.729,6,"FSM_onehot_st_q_reg[3]/C","lane_result_q_reg[3][32]/D","P2 lane result capture","FDCE=2;LUT3=1;LUT4=1;LUT6=4"
178,0.529,5.000,4.468,1.210,3.258,0.729,6,"FSM_onehot_st_q_reg[3]/C","lane_result_q_reg[3][33]/D","P2 lane result capture","FDCE=2;LUT3=1;LUT4=1;LUT6=4"
179,0.529,5.000,4.468,1.210,3.258,0.729,6,"FSM_onehot_st_q_reg[3]/C","lane_result_q_reg[3][34]/D","P2 lane result capture","FDCE=2;LUT3=1;LUT4=1;LUT6=4"
180,0.529,5.000,4.468,1.210,3.258,0.729,6,"FSM_onehot_st_q_reg[3]/C","lane_result_q_reg[3][41]/D","P2 lane result capture","FDCE=2;LUT3=1;LUT4=1;LUT6=4"
181,0.529,5.000,4.468,1.210,3.258,0.729,6,"FSM_onehot_st_q_reg[3]/C","lane_result_q_reg[3][42]/D","P2 lane result capture","FDCE=2;LUT3=1;LUT4=1;LUT6=4"
182,0.529,5.000,4.468,1.210,3.258,0.729,6,"FSM_onehot_st_q_reg[3]/C","lane_result_q_reg[3][48]/D","P2 lane result capture","FDCE=2;LUT3=1;LUT4=1;LUT6=4"
183,0.529,5.000,4.468,1.210,3.258,0.729,6,"FSM_onehot_st_q_reg[3]/C","lane_result_q_reg[3][49]/D","P2 lane result capture","FDCE=2;LUT3=1;LUT4=1;LUT6=4"
184,0.529,5.000,4.468,1.210,3.258,0.729,6,"FSM_onehot_st_q_reg[3]/C","lane_result_q_reg[3][50]/D","P2 lane result capture","FDCE=2;LUT3=1;LUT4=1;LUT6=4"
185,0.529,5.000,4.468,1.210,3.258,0.729,6,"FSM_onehot_st_q_reg[3]/C","lane_result_q_reg[3][56]/D","P2 lane result capture","FDCE=2;LUT3=1;LUT4=1;LUT6=4"
186,0.529,5.000,4.468,1.210,3.258,0.729,6,"FSM_onehot_st_q_reg[3]/C","lane_result_q_reg[3][57]/D","P2 lane result capture","FDCE=2;LUT3=1;LUT4=1;LUT6=4"
187,0.529,5.000,4.468,1.210,3.258,0.729,6,"FSM_onehot_st_q_reg[3]/C","lane_result_q_reg[3][58]/D","P2 lane result capture","FDCE=2;LUT3=1;LUT4=1;LUT6=4"
188,0.538,5.000,4.459,1.210,3.249,0.729,6,"FSM_onehot_st_q_reg[3]/C","lane_result_q_reg[0][38]/D","P2 lane result capture","FDCE=2;LUT3=1;LUT4=1;LUT6=4"
189,0.538,5.000,4.459,1.210,3.249,0.729,6,"FSM_onehot_st_q_reg[3]/C","lane_result_q_reg[0][46]/D","P2 lane result capture","FDCE=2;LUT3=1;LUT4=1;LUT6=4"
190,0.538,5.000,4.459,1.210,3.249,0.729,6,"FSM_onehot_st_q_reg[3]/C","lane_result_q_reg[0][54]/D","P2 lane result capture","FDCE=2;LUT3=1;LUT4=1;LUT6=4"
191,0.538,5.000,4.459,1.210,3.249,0.729,6,"FSM_onehot_st_q_reg[3]/C","lane_result_q_reg[0][62]/D","P2 lane result capture","FDCE=2;LUT3=1;LUT4=1;LUT6=4"
192,0.538,5.000,4.459,1.210,3.249,0.729,6,"FSM_onehot_st_q_reg[3]/C","lane_result_q_reg[1][38]/D","P2 lane result capture","FDCE=2;LUT3=1;LUT4=1;LUT6=4"
193,0.538,5.000,4.459,1.210,3.249,0.729,6,"FSM_onehot_st_q_reg[3]/C","lane_result_q_reg[1][46]/D","P2 lane result capture","FDCE=2;LUT3=1;LUT4=1;LUT6=4"
194,0.538,5.000,4.459,1.210,3.249,0.729,6,"FSM_onehot_st_q_reg[3]/C","lane_result_q_reg[1][47]/D","P2 lane result capture","FDCE=2;LUT3=1;LUT4=1;LUT6=4"
195,0.538,5.000,4.459,1.210,3.249,0.729,6,"FSM_onehot_st_q_reg[3]/C","lane_result_q_reg[1][54]/D","P2 lane result capture","FDCE=2;LUT3=1;LUT4=1;LUT6=4"
196,0.538,5.000,4.459,1.210,3.249,0.729,6,"FSM_onehot_st_q_reg[3]/C","lane_result_q_reg[1][62]/D","P2 lane result capture","FDCE=2;LUT3=1;LUT4=1;LUT6=4"
197,0.538,5.000,4.459,1.210,3.249,0.729,6,"FSM_onehot_st_q_reg[3]/C","lane_result_q_reg[2][38]/D","P2 lane result capture","FDCE=2;LUT3=1;LUT4=1;LUT6=4"
198,0.538,5.000,4.459,1.210,3.249,0.729,6,"FSM_onehot_st_q_reg[3]/C","lane_result_q_reg[2][46]/D","P2 lane result capture","FDCE=2;LUT3=1;LUT4=1;LUT6=4"
199,0.538,5.000,4.459,1.210,3.249,0.729,6,"FSM_onehot_st_q_reg[3]/C","lane_result_q_reg[2][54]/D","P2 lane result capture","FDCE=2;LUT3=1;LUT4=1;LUT6=4"
200,0.538,5.000,4.459,1.210,3.249,0.729,6,"FSM_onehot_st_q_reg[3]/C","lane_result_q_reg[2][62]/D","P2 lane result capture","FDCE=2;LUT3=1;LUT4=1;LUT6=4"
201,0.538,5.000,4.459,1.210,3.249,0.729,6,"FSM_onehot_st_q_reg[3]/C","lane_result_q_reg[3][38]/D","P2 lane result capture","FDCE=2;LUT3=1;LUT4=1;LUT6=4"
202,0.538,5.000,4.459,1.210,3.249,0.729,6,"FSM_onehot_st_q_reg[3]/C","lane_result_q_reg[3][46]/D","P2 lane result capture","FDCE=2;LUT3=1;LUT4=1;LUT6=4"
203,0.538,5.000,4.459,1.210,3.249,0.729,6,"FSM_onehot_st_q_reg[3]/C","lane_result_q_reg[3][47]/D","P2 lane result capture","FDCE=2;LUT3=1;LUT4=1;LUT6=4"
204,0.538,5.000,4.459,1.210,3.249,0.729,6,"FSM_onehot_st_q_reg[3]/C","lane_result_q_reg[3][54]/D","P2 lane result capture","FDCE=2;LUT3=1;LUT4=1;LUT6=4"
205,0.538,5.000,4.459,1.210,3.249,0.729,6,"FSM_onehot_st_q_reg[3]/C","lane_result_q_reg[3][62]/D","P2 lane result capture","FDCE=2;LUT3=1;LUT4=1;LUT6=4"
206,0.539,5.000,4.458,1.210,3.248,0.729,6,"FSM_onehot_st_q_reg[3]/C","lane_result_q_reg[0][28]/D","P2 lane result capture","FDCE=2;LUT3=1;LUT4=1;LUT6=4"
207,0.539,5.000,4.458,1.210,3.248,0.729,6,"FSM_onehot_st_q_reg[3]/C","lane_result_q_reg[1][28]/D","P2 lane result capture","FDCE=2;LUT3=1;LUT4=1;LUT6=4"
208,0.539,5.000,4.458,1.210,3.248,0.729,6,"FSM_onehot_st_q_reg[3]/C","lane_result_q_reg[2][28]/D","P2 lane result capture","FDCE=2;LUT3=1;LUT4=1;LUT6=4"
209,0.540,5.000,4.457,1.210,3.247,0.729,6,"FSM_onehot_st_q_reg[3]/C","lane_result_q_reg[0][24]/D","P2 lane result capture","FDCE=2;LUT3=1;LUT4=1;LUT6=4"
210,0.540,5.000,4.457,1.210,3.247,0.729,6,"FSM_onehot_st_q_reg[3]/C","lane_result_q_reg[1][24]/D","P2 lane result capture","FDCE=2;LUT3=1;LUT4=1;LUT6=4"
211,0.540,5.000,4.457,1.210,3.247,0.729,6,"FSM_onehot_st_q_reg[3]/C","lane_result_q_reg[2][24]/D","P2 lane result capture","FDCE=2;LUT3=1;LUT4=1;LUT6=4"
212,0.540,5.000,4.457,1.210,3.247,0.729,6,"FSM_onehot_st_q_reg[3]/C","lane_result_q_reg[3][24]/D","P2 lane result capture","FDCE=2;LUT3=1;LUT4=1;LUT6=4"
213,0.547,5.000,4.450,1.210,3.240,0.728,6,"FSM_onehot_st_q_reg[3]/C","lane_result_q_reg[0][13]/D","P2 lane result capture","FDCE=2;LUT3=1;LUT4=1;LUT6=4"
214,0.547,5.000,4.450,1.210,3.240,0.728,6,"FSM_onehot_st_q_reg[3]/C","lane_result_q_reg[0][19]/D","P2 lane result capture","FDCE=2;LUT3=1;LUT4=1;LUT6=4"
215,0.547,5.000,4.450,1.210,3.240,0.728,6,"FSM_onehot_st_q_reg[3]/C","lane_result_q_reg[0][20]/D","P2 lane result capture","FDCE=2;LUT3=1;LUT4=1;LUT6=4"
216,0.547,5.000,4.450,1.210,3.240,0.728,6,"FSM_onehot_st_q_reg[3]/C","lane_result_q_reg[0][21]/D","P2 lane result capture","FDCE=2;LUT3=1;LUT4=1;LUT6=4"
217,0.547,5.000,4.450,1.210,3.240,0.728,6,"FSM_onehot_st_q_reg[3]/C","lane_result_q_reg[0][27]/D","P2 lane result capture","FDCE=2;LUT3=1;LUT4=1;LUT6=4"
218,0.547,5.000,4.450,1.210,3.240,0.728,6,"FSM_onehot_st_q_reg[3]/C","lane_result_q_reg[0][29]/D","P2 lane result capture","FDCE=2;LUT3=1;LUT4=1;LUT6=4"
219,0.547,5.000,4.450,1.210,3.240,0.728,6,"FSM_onehot_st_q_reg[3]/C","lane_result_q_reg[0][3]/D","P2 lane result capture","FDCE=2;LUT3=1;LUT4=1;LUT6=4"
220,0.547,5.000,4.450,1.210,3.240,0.728,6,"FSM_onehot_st_q_reg[3]/C","lane_result_q_reg[0][4]/D","P2 lane result capture","FDCE=2;LUT3=1;LUT4=1;LUT6=4"
221,0.547,5.000,4.450,1.210,3.240,0.728,6,"FSM_onehot_st_q_reg[3]/C","lane_result_q_reg[0][5]/D","P2 lane result capture","FDCE=2;LUT3=1;LUT4=1;LUT6=4"
222,0.547,5.000,4.450,1.210,3.240,0.728,6,"FSM_onehot_st_q_reg[3]/C","lane_result_q_reg[1][12]/D","P2 lane result capture","FDCE=2;LUT3=1;LUT4=1;LUT6=4"
223,0.547,5.000,4.450,1.210,3.240,0.728,6,"FSM_onehot_st_q_reg[3]/C","lane_result_q_reg[1][13]/D","P2 lane result capture","FDCE=2;LUT3=1;LUT4=1;LUT6=4"
224,0.547,5.000,4.450,1.210,3.240,0.728,6,"FSM_onehot_st_q_reg[3]/C","lane_result_q_reg[1][19]/D","P2 lane result capture","FDCE=2;LUT3=1;LUT4=1;LUT6=4"
225,0.547,5.000,4.450,1.210,3.240,0.728,6,"FSM_onehot_st_q_reg[3]/C","lane_result_q_reg[1][20]/D","P2 lane result capture","FDCE=2;LUT3=1;LUT4=1;LUT6=4"
226,0.547,5.000,4.450,1.210,3.240,0.728,6,"FSM_onehot_st_q_reg[3]/C","lane_result_q_reg[1][21]/D","P2 lane result capture","FDCE=2;LUT3=1;LUT4=1;LUT6=4"
227,0.547,5.000,4.450,1.210,3.240,0.728,6,"FSM_onehot_st_q_reg[3]/C","lane_result_q_reg[1][27]/D","P2 lane result capture","FDCE=2;LUT3=1;LUT4=1;LUT6=4"
228,0.547,5.000,4.450,1.210,3.240,0.728,6,"FSM_onehot_st_q_reg[3]/C","lane_result_q_reg[1][29]/D","P2 lane result capture","FDCE=2;LUT3=1;LUT4=1;LUT6=4"
229,0.547,5.000,4.450,1.210,3.240,0.728,6,"FSM_onehot_st_q_reg[3]/C","lane_result_q_reg[1][3]/D","P2 lane result capture","FDCE=2;LUT3=1;LUT4=1;LUT6=4"
230,0.547,5.000,4.450,1.210,3.240,0.728,6,"FSM_onehot_st_q_reg[3]/C","lane_result_q_reg[1][4]/D","P2 lane result capture","FDCE=2;LUT3=1;LUT4=1;LUT6=4"
231,0.547,5.000,4.450,1.210,3.240,0.728,6,"FSM_onehot_st_q_reg[3]/C","lane_result_q_reg[1][5]/D","P2 lane result capture","FDCE=2;LUT3=1;LUT4=1;LUT6=4"
232,0.547,5.000,4.450,1.210,3.240,0.728,6,"FSM_onehot_st_q_reg[3]/C","lane_result_q_reg[2][13]/D","P2 lane result capture","FDCE=2;LUT3=1;LUT4=1;LUT6=4"
233,0.547,5.000,4.450,1.210,3.240,0.728,6,"FSM_onehot_st_q_reg[3]/C","lane_result_q_reg[2][19]/D","P2 lane result capture","FDCE=2;LUT3=1;LUT4=1;LUT6=4"
234,0.547,5.000,4.450,1.210,3.240,0.728,6,"FSM_onehot_st_q_reg[3]/C","lane_result_q_reg[2][20]/D","P2 lane result capture","FDCE=2;LUT3=1;LUT4=1;LUT6=4"
235,0.547,5.000,4.450,1.210,3.240,0.728,6,"FSM_onehot_st_q_reg[3]/C","lane_result_q_reg[2][21]/D","P2 lane result capture","FDCE=2;LUT3=1;LUT4=1;LUT6=4"
236,0.547,5.000,4.450,1.210,3.240,0.728,6,"FSM_onehot_st_q_reg[3]/C","lane_result_q_reg[2][27]/D","P2 lane result capture","FDCE=2;LUT3=1;LUT4=1;LUT6=4"
237,0.547,5.000,4.450,1.210,3.240,0.728,6,"FSM_onehot_st_q_reg[3]/C","lane_result_q_reg[2][29]/D","P2 lane result capture","FDCE=2;LUT3=1;LUT4=1;LUT6=4"
238,0.547,5.000,4.450,1.210,3.240,0.728,6,"FSM_onehot_st_q_reg[3]/C","lane_result_q_reg[2][3]/D","P2 lane result capture","FDCE=2;LUT3=1;LUT4=1;LUT6=4"
239,0.547,5.000,4.450,1.210,3.240,0.728,6,"FSM_onehot_st_q_reg[3]/C","lane_result_q_reg[2][4]/D","P2 lane result capture","FDCE=2;LUT3=1;LUT4=1;LUT6=4"
240,0.547,5.000,4.450,1.210,3.240,0.728,6,"FSM_onehot_st_q_reg[3]/C","lane_result_q_reg[2][5]/D","P2 lane result capture","FDCE=2;LUT3=1;LUT4=1;LUT6=4"
241,0.547,5.000,4.450,1.210,3.240,0.728,6,"FSM_onehot_st_q_reg[3]/C","lane_result_q_reg[3][11]/D","P2 lane result capture","FDCE=2;LUT3=1;LUT4=1;LUT6=4"
242,0.547,5.000,4.450,1.210,3.240,0.728,6,"FSM_onehot_st_q_reg[3]/C","lane_result_q_reg[3][12]/D","P2 lane result capture","FDCE=2;LUT3=1;LUT4=1;LUT6=4"
243,0.547,5.000,4.450,1.210,3.240,0.728,6,"FSM_onehot_st_q_reg[3]/C","lane_result_q_reg[3][13]/D","P2 lane result capture","FDCE=2;LUT3=1;LUT4=1;LUT6=4"
244,0.547,5.000,4.450,1.210,3.240,0.728,6,"FSM_onehot_st_q_reg[3]/C","lane_result_q_reg[3][19]/D","P2 lane result capture","FDCE=2;LUT3=1;LUT4=1;LUT6=4"
245,0.547,5.000,4.450,1.210,3.240,0.728,6,"FSM_onehot_st_q_reg[3]/C","lane_result_q_reg[3][20]/D","P2 lane result capture","FDCE=2;LUT3=1;LUT4=1;LUT6=4"
246,0.547,5.000,4.450,1.210,3.240,0.728,6,"FSM_onehot_st_q_reg[3]/C","lane_result_q_reg[3][21]/D","P2 lane result capture","FDCE=2;LUT3=1;LUT4=1;LUT6=4"
247,0.547,5.000,4.450,1.210,3.240,0.728,6,"FSM_onehot_st_q_reg[3]/C","lane_result_q_reg[3][27]/D","P2 lane result capture","FDCE=2;LUT3=1;LUT4=1;LUT6=4"
248,0.547,5.000,4.450,1.210,3.240,0.728,6,"FSM_onehot_st_q_reg[3]/C","lane_result_q_reg[3][28]/D","P2 lane result capture","FDCE=2;LUT3=1;LUT4=1;LUT6=4"
249,0.547,5.000,4.450,1.210,3.240,0.728,6,"FSM_onehot_st_q_reg[3]/C","lane_result_q_reg[3][29]/D","P2 lane result capture","FDCE=2;LUT3=1;LUT4=1;LUT6=4"
250,0.547,5.000,4.450,1.210,3.240,0.728,6,"FSM_onehot_st_q_reg[3]/C","lane_result_q_reg[3][3]/D","P2 lane result capture","FDCE=2;LUT3=1;LUT4=1;LUT6=4"
251,0.547,5.000,4.450,1.210,3.240,0.728,6,"FSM_onehot_st_q_reg[3]/C","lane_result_q_reg[3][4]/D","P2 lane result capture","FDCE=2;LUT3=1;LUT4=1;LUT6=4"
252,0.547,5.000,4.450,1.210,3.240,0.728,6,"FSM_onehot_st_q_reg[3]/C","lane_result_q_reg[3][5]/D","P2 lane result capture","FDCE=2;LUT3=1;LUT4=1;LUT6=4"
253,0.548,5.000,4.449,1.210,3.239,0.728,6,"FSM_onehot_st_q_reg[3]/C","lane_result_q_reg[0][0]/D","P2 lane result capture","FDCE=2;LUT3=1;LUT4=1;LUT6=4"
254,0.548,5.000,4.449,1.210,3.239,0.728,6,"FSM_onehot_st_q_reg[3]/C","lane_result_q_reg[0][10]/D","P2 lane result capture","FDCE=2;LUT3=1;LUT4=1;LUT6=4"
255,0.548,5.000,4.449,1.210,3.239,0.728,6,"FSM_onehot_st_q_reg[3]/C","lane_result_q_reg[0][16]/D","P2 lane result capture","FDCE=2;LUT3=1;LUT4=1;LUT6=4"
256,0.548,5.000,4.449,1.210,3.239,0.728,6,"FSM_onehot_st_q_reg[3]/C","lane_result_q_reg[0][17]/D","P2 lane result capture","FDCE=2;LUT3=1;LUT4=1;LUT6=4"
257,0.548,5.000,4.449,1.210,3.239,0.728,6,"FSM_onehot_st_q_reg[3]/C","lane_result_q_reg[0][18]/D","P2 lane result capture","FDCE=2;LUT3=1;LUT4=1;LUT6=4"
258,0.548,5.000,4.449,1.210,3.239,0.728,6,"FSM_onehot_st_q_reg[3]/C","lane_result_q_reg[0][1]/D","P2 lane result capture","FDCE=2;LUT3=1;LUT4=1;LUT6=4"
259,0.548,5.000,4.449,1.210,3.239,0.728,6,"FSM_onehot_st_q_reg[3]/C","lane_result_q_reg[0][25]/D","P2 lane result capture","FDCE=2;LUT3=1;LUT4=1;LUT6=4"
260,0.548,5.000,4.449,1.210,3.239,0.728,6,"FSM_onehot_st_q_reg[3]/C","lane_result_q_reg[0][26]/D","P2 lane result capture","FDCE=2;LUT3=1;LUT4=1;LUT6=4"
261,0.548,5.000,4.449,1.210,3.239,0.728,6,"FSM_onehot_st_q_reg[3]/C","lane_result_q_reg[0][2]/D","P2 lane result capture","FDCE=2;LUT3=1;LUT4=1;LUT6=4"
262,0.548,5.000,4.449,1.190,3.259,0.733,6,"FSM_onehot_st_q_reg[3]/C","lane_result_q_reg[0][43]/D","P2 lane result capture","FDCE=2;LUT3=1;LUT4=1;LUT6=4"
263,0.548,5.000,4.449,1.190,3.259,0.733,6,"FSM_onehot_st_q_reg[3]/C","lane_result_q_reg[0][44]/D","P2 lane result capture","FDCE=2;LUT3=1;LUT4=1;LUT6=4"
264,0.548,5.000,4.449,1.210,3.239,0.728,6,"FSM_onehot_st_q_reg[3]/C","lane_result_q_reg[0][8]/D","P2 lane result capture","FDCE=2;LUT3=1;LUT4=1;LUT6=4"
265,0.548,5.000,4.449,1.210,3.239,0.728,6,"FSM_onehot_st_q_reg[3]/C","lane_result_q_reg[0][9]/D","P2 lane result capture","FDCE=2;LUT3=1;LUT4=1;LUT6=4"
266,0.548,5.000,4.449,1.210,3.239,0.728,6,"FSM_onehot_st_q_reg[3]/C","lane_result_q_reg[1][0]/D","P2 lane result capture","FDCE=2;LUT3=1;LUT4=1;LUT6=4"
267,0.548,5.000,4.449,1.210,3.239,0.728,6,"FSM_onehot_st_q_reg[3]/C","lane_result_q_reg[1][10]/D","P2 lane result capture","FDCE=2;LUT3=1;LUT4=1;LUT6=4"
268,0.548,5.000,4.449,1.210,3.239,0.728,6,"FSM_onehot_st_q_reg[3]/C","lane_result_q_reg[1][16]/D","P2 lane result capture","FDCE=2;LUT3=1;LUT4=1;LUT6=4"
269,0.548,5.000,4.449,1.210,3.239,0.728,6,"FSM_onehot_st_q_reg[3]/C","lane_result_q_reg[1][17]/D","P2 lane result capture","FDCE=2;LUT3=1;LUT4=1;LUT6=4"
270,0.548,5.000,4.449,1.210,3.239,0.728,6,"FSM_onehot_st_q_reg[3]/C","lane_result_q_reg[1][18]/D","P2 lane result capture","FDCE=2;LUT3=1;LUT4=1;LUT6=4"
271,0.548,5.000,4.449,1.210,3.239,0.728,6,"FSM_onehot_st_q_reg[3]/C","lane_result_q_reg[1][1]/D","P2 lane result capture","FDCE=2;LUT3=1;LUT4=1;LUT6=4"
272,0.548,5.000,4.449,1.210,3.239,0.728,6,"FSM_onehot_st_q_reg[3]/C","lane_result_q_reg[1][25]/D","P2 lane result capture","FDCE=2;LUT3=1;LUT4=1;LUT6=4"
273,0.548,5.000,4.449,1.210,3.239,0.728,6,"FSM_onehot_st_q_reg[3]/C","lane_result_q_reg[1][26]/D","P2 lane result capture","FDCE=2;LUT3=1;LUT4=1;LUT6=4"
274,0.548,5.000,4.449,1.210,3.239,0.728,6,"FSM_onehot_st_q_reg[3]/C","lane_result_q_reg[1][2]/D","P2 lane result capture","FDCE=2;LUT3=1;LUT4=1;LUT6=4"
275,0.548,5.000,4.449,1.190,3.259,0.733,6,"FSM_onehot_st_q_reg[3]/C","lane_result_q_reg[1][43]/D","P2 lane result capture","FDCE=2;LUT3=1;LUT4=1;LUT6=4"
276,0.548,5.000,4.449,1.210,3.239,0.728,6,"FSM_onehot_st_q_reg[3]/C","lane_result_q_reg[1][9]/D","P2 lane result capture","FDCE=2;LUT3=1;LUT4=1;LUT6=4"
277,0.548,5.000,4.449,1.210,3.239,0.728,6,"FSM_onehot_st_q_reg[3]/C","lane_result_q_reg[2][0]/D","P2 lane result capture","FDCE=2;LUT3=1;LUT4=1;LUT6=4"
278,0.548,5.000,4.449,1.210,3.239,0.728,6,"FSM_onehot_st_q_reg[3]/C","lane_result_q_reg[2][10]/D","P2 lane result capture","FDCE=2;LUT3=1;LUT4=1;LUT6=4"
279,0.548,5.000,4.449,1.210,3.239,0.728,6,"FSM_onehot_st_q_reg[3]/C","lane_result_q_reg[2][16]/D","P2 lane result capture","FDCE=2;LUT3=1;LUT4=1;LUT6=4"
280,0.548,5.000,4.449,1.210,3.239,0.728,6,"FSM_onehot_st_q_reg[3]/C","lane_result_q_reg[2][17]/D","P2 lane result capture","FDCE=2;LUT3=1;LUT4=1;LUT6=4"
281,0.548,5.000,4.449,1.210,3.239,0.728,6,"FSM_onehot_st_q_reg[3]/C","lane_result_q_reg[2][18]/D","P2 lane result capture","FDCE=2;LUT3=1;LUT4=1;LUT6=4"
282,0.548,5.000,4.449,1.210,3.239,0.728,6,"FSM_onehot_st_q_reg[3]/C","lane_result_q_reg[2][1]/D","P2 lane result capture","FDCE=2;LUT3=1;LUT4=1;LUT6=4"
283,0.548,5.000,4.449,1.210,3.239,0.728,6,"FSM_onehot_st_q_reg[3]/C","lane_result_q_reg[2][25]/D","P2 lane result capture","FDCE=2;LUT3=1;LUT4=1;LUT6=4"
284,0.548,5.000,4.449,1.210,3.239,0.728,6,"FSM_onehot_st_q_reg[3]/C","lane_result_q_reg[2][26]/D","P2 lane result capture","FDCE=2;LUT3=1;LUT4=1;LUT6=4"
285,0.548,5.000,4.449,1.210,3.239,0.728,6,"FSM_onehot_st_q_reg[3]/C","lane_result_q_reg[2][2]/D","P2 lane result capture","FDCE=2;LUT3=1;LUT4=1;LUT6=4"
286,0.548,5.000,4.449,1.190,3.259,0.733,6,"FSM_onehot_st_q_reg[3]/C","lane_result_q_reg[2][43]/D","P2 lane result capture","FDCE=2;LUT3=1;LUT4=1;LUT6=4"
287,0.548,5.000,4.449,1.190,3.259,0.733,6,"FSM_onehot_st_q_reg[3]/C","lane_result_q_reg[2][44]/D","P2 lane result capture","FDCE=2;LUT3=1;LUT4=1;LUT6=4"
288,0.548,5.000,4.449,1.210,3.239,0.728,6,"FSM_onehot_st_q_reg[3]/C","lane_result_q_reg[2][8]/D","P2 lane result capture","FDCE=2;LUT3=1;LUT4=1;LUT6=4"
289,0.548,5.000,4.449,1.210,3.239,0.728,6,"FSM_onehot_st_q_reg[3]/C","lane_result_q_reg[2][9]/D","P2 lane result capture","FDCE=2;LUT3=1;LUT4=1;LUT6=4"
290,0.548,5.000,4.449,1.210,3.239,0.728,6,"FSM_onehot_st_q_reg[3]/C","lane_result_q_reg[3][0]/D","P2 lane result capture","FDCE=2;LUT3=1;LUT4=1;LUT6=4"
291,0.548,5.000,4.449,1.210,3.239,0.728,6,"FSM_onehot_st_q_reg[3]/C","lane_result_q_reg[3][10]/D","P2 lane result capture","FDCE=2;LUT3=1;LUT4=1;LUT6=4"
292,0.548,5.000,4.449,1.210,3.239,0.728,6,"FSM_onehot_st_q_reg[3]/C","lane_result_q_reg[3][16]/D","P2 lane result capture","FDCE=2;LUT3=1;LUT4=1;LUT6=4"
293,0.548,5.000,4.449,1.210,3.239,0.728,6,"FSM_onehot_st_q_reg[3]/C","lane_result_q_reg[3][17]/D","P2 lane result capture","FDCE=2;LUT3=1;LUT4=1;LUT6=4"
294,0.548,5.000,4.449,1.210,3.239,0.728,6,"FSM_onehot_st_q_reg[3]/C","lane_result_q_reg[3][18]/D","P2 lane result capture","FDCE=2;LUT3=1;LUT4=1;LUT6=4"
295,0.548,5.000,4.449,1.210,3.239,0.728,6,"FSM_onehot_st_q_reg[3]/C","lane_result_q_reg[3][1]/D","P2 lane result capture","FDCE=2;LUT3=1;LUT4=1;LUT6=4"
296,0.548,5.000,4.449,1.210,3.239,0.728,6,"FSM_onehot_st_q_reg[3]/C","lane_result_q_reg[3][25]/D","P2 lane result capture","FDCE=2;LUT3=1;LUT4=1;LUT6=4"
297,0.548,5.000,4.449,1.210,3.239,0.728,6,"FSM_onehot_st_q_reg[3]/C","lane_result_q_reg[3][26]/D","P2 lane result capture","FDCE=2;LUT3=1;LUT4=1;LUT6=4"
298,0.548,5.000,4.449,1.210,3.239,0.728,6,"FSM_onehot_st_q_reg[3]/C","lane_result_q_reg[3][2]/D","P2 lane result capture","FDCE=2;LUT3=1;LUT4=1;LUT6=4"
299,0.548,5.000,4.449,1.210,3.239,0.728,6,"FSM_onehot_st_q_reg[3]/C","lane_result_q_reg[3][9]/D","P2 lane result capture","FDCE=2;LUT3=1;LUT4=1;LUT6=4"
300,0.549,5.000,4.448,1.190,3.258,0.732,6,"FSM_onehot_st_q_reg[3]/C","lane_result_q_reg[1][40]/D","P2 lane result capture","FDCE=2;LUT3=1;LUT4=1;LUT6=4"
301,0.549,5.000,4.448,1.190,3.258,0.732,6,"FSM_onehot_st_q_reg[3]/C","lane_result_q_reg[3][40]/D","P2 lane result capture","FDCE=2;LUT3=1;LUT4=1;LUT6=4"
302,0.557,5.000,4.440,1.210,3.230,0.727,6,"FSM_onehot_st_q_reg[3]/C","lane_result_q_reg[0][14]/D","P2 lane result capture","FDCE=2;LUT3=1;LUT4=1;LUT6=4"
303,0.557,5.000,4.440,1.210,3.230,0.727,6,"FSM_onehot_st_q_reg[3]/C","lane_result_q_reg[0][22]/D","P2 lane result capture","FDCE=2;LUT3=1;LUT4=1;LUT6=4"
304,0.557,5.000,4.440,1.210,3.230,0.727,6,"FSM_onehot_st_q_reg[3]/C","lane_result_q_reg[0][23]/D","P2 lane result capture","FDCE=2;LUT3=1;LUT4=1;LUT6=4"
305,0.557,5.000,4.440,1.210,3.230,0.727,6,"FSM_onehot_st_q_reg[3]/C","lane_result_q_reg[0][30]/D","P2 lane result capture","FDCE=2;LUT3=1;LUT4=1;LUT6=4"
306,0.557,5.000,4.440,1.210,3.230,0.727,6,"FSM_onehot_st_q_reg[3]/C","lane_result_q_reg[0][31]/D","P2 lane result capture","FDCE=2;LUT3=1;LUT4=1;LUT6=4"
307,0.557,5.000,4.440,1.210,3.230,0.727,6,"FSM_onehot_st_q_reg[3]/C","lane_result_q_reg[0][6]/D","P2 lane result capture","FDCE=2;LUT3=1;LUT4=1;LUT6=4"
308,0.557,5.000,4.440,1.210,3.230,0.727,6,"FSM_onehot_st_q_reg[3]/C","lane_result_q_reg[1][14]/D","P2 lane result capture","FDCE=2;LUT3=1;LUT4=1;LUT6=4"
309,0.557,5.000,4.440,1.210,3.230,0.727,6,"FSM_onehot_st_q_reg[3]/C","lane_result_q_reg[1][15]/D","P2 lane result capture","FDCE=2;LUT3=1;LUT4=1;LUT6=4"
310,0.557,5.000,4.440,1.210,3.230,0.727,6,"FSM_onehot_st_q_reg[3]/C","lane_result_q_reg[1][22]/D","P2 lane result capture","FDCE=2;LUT3=1;LUT4=1;LUT6=4"
311,0.557,5.000,4.440,1.210,3.230,0.727,6,"FSM_onehot_st_q_reg[3]/C","lane_result_q_reg[1][23]/D","P2 lane result capture","FDCE=2;LUT3=1;LUT4=1;LUT6=4"
312,0.557,5.000,4.440,1.210,3.230,0.727,6,"FSM_onehot_st_q_reg[3]/C","lane_result_q_reg[1][30]/D","P2 lane result capture","FDCE=2;LUT3=1;LUT4=1;LUT6=4"
313,0.557,5.000,4.440,1.210,3.230,0.727,6,"FSM_onehot_st_q_reg[3]/C","lane_result_q_reg[1][31]/D","P2 lane result capture","FDCE=2;LUT3=1;LUT4=1;LUT6=4"
314,0.557,5.000,4.440,1.210,3.230,0.727,6,"FSM_onehot_st_q_reg[3]/C","lane_result_q_reg[1][6]/D","P2 lane result capture","FDCE=2;LUT3=1;LUT4=1;LUT6=4"
315,0.557,5.000,4.440,1.210,3.230,0.727,6,"FSM_onehot_st_q_reg[3]/C","lane_result_q_reg[2][14]/D","P2 lane result capture","FDCE=2;LUT3=1;LUT4=1;LUT6=4"
316,0.557,5.000,4.440,1.210,3.230,0.727,6,"FSM_onehot_st_q_reg[3]/C","lane_result_q_reg[2][22]/D","P2 lane result capture","FDCE=2;LUT3=1;LUT4=1;LUT6=4"
317,0.557,5.000,4.440,1.210,3.230,0.727,6,"FSM_onehot_st_q_reg[3]/C","lane_result_q_reg[2][23]/D","P2 lane result capture","FDCE=2;LUT3=1;LUT4=1;LUT6=4"
318,0.557,5.000,4.440,1.210,3.230,0.727,6,"FSM_onehot_st_q_reg[3]/C","lane_result_q_reg[2][30]/D","P2 lane result capture","FDCE=2;LUT3=1;LUT4=1;LUT6=4"
319,0.557,5.000,4.440,1.210,3.230,0.727,6,"FSM_onehot_st_q_reg[3]/C","lane_result_q_reg[2][31]/D","P2 lane result capture","FDCE=2;LUT3=1;LUT4=1;LUT6=4"
320,0.557,5.000,4.440,1.210,3.230,0.727,6,"FSM_onehot_st_q_reg[3]/C","lane_result_q_reg[2][6]/D","P2 lane result capture","FDCE=2;LUT3=1;LUT4=1;LUT6=4"
321,0.557,5.000,4.440,1.210,3.230,0.727,6,"FSM_onehot_st_q_reg[3]/C","lane_result_q_reg[3][14]/D","P2 lane result capture","FDCE=2;LUT3=1;LUT4=1;LUT6=4"
322,0.557,5.000,4.440,1.210,3.230,0.727,6,"FSM_onehot_st_q_reg[3]/C","lane_result_q_reg[3][15]/D","P2 lane result capture","FDCE=2;LUT3=1;LUT4=1;LUT6=4"
323,0.557,5.000,4.440,1.210,3.230,0.727,6,"FSM_onehot_st_q_reg[3]/C","lane_result_q_reg[3][22]/D","P2 lane result capture","FDCE=2;LUT3=1;LUT4=1;LUT6=4"
324,0.557,5.000,4.440,1.210,3.230,0.727,6,"FSM_onehot_st_q_reg[3]/C","lane_result_q_reg[3][23]/D","P2 lane result capture","FDCE=2;LUT3=1;LUT4=1;LUT6=4"
325,0.557,5.000,4.440,1.210,3.230,0.727,6,"FSM_onehot_st_q_reg[3]/C","lane_result_q_reg[3][30]/D","P2 lane result capture","FDCE=2;LUT3=1;LUT4=1;LUT6=4"
326,0.557,5.000,4.440,1.210,3.230,0.727,6,"FSM_onehot_st_q_reg[3]/C","lane_result_q_reg[3][31]/D","P2 lane result capture","FDCE=2;LUT3=1;LUT4=1;LUT6=4"
327,0.557,5.000,4.440,1.210,3.230,0.727,6,"FSM_onehot_st_q_reg[3]/C","lane_result_q_reg[3][6]/D","P2 lane result capture","FDCE=2;LUT3=1;LUT4=1;LUT6=4"
328,0.558,5.000,4.439,1.190,3.249,0.732,6,"FSM_onehot_st_q_reg[3]/C","lane_result_q_reg[0][39]/D","P2 lane result capture","FDCE=2;LUT3=1;LUT4=1;LUT6=4"
329,0.558,5.000,4.439,1.190,3.249,0.732,6,"FSM_onehot_st_q_reg[3]/C","lane_result_q_reg[0][47]/D","P2 lane result capture","FDCE=2;LUT3=1;LUT4=1;LUT6=4"
330,0.558,5.000,4.439,1.190,3.249,0.732,6,"FSM_onehot_st_q_reg[3]/C","lane_result_q_reg[1][39]/D","P2 lane result capture","FDCE=2;LUT3=1;LUT4=1;LUT6=4"
331,0.558,5.000,4.439,1.190,3.249,0.732,6,"FSM_onehot_st_q_reg[3]/C","lane_result_q_reg[2][39]/D","P2 lane result capture","FDCE=2;LUT3=1;LUT4=1;LUT6=4"
332,0.558,5.000,4.439,1.190,3.249,0.732,6,"FSM_onehot_st_q_reg[3]/C","lane_result_q_reg[2][47]/D","P2 lane result capture","FDCE=2;LUT3=1;LUT4=1;LUT6=4"
333,0.558,5.000,4.439,1.190,3.249,0.732,6,"FSM_onehot_st_q_reg[3]/C","lane_result_q_reg[3][39]/D","P2 lane result capture","FDCE=2;LUT3=1;LUT4=1;LUT6=4"
334,0.567,5.000,4.430,1.190,3.240,0.731,6,"FSM_onehot_st_q_reg[3]/C","lane_result_q_reg[0][11]/D","P2 lane result capture","FDCE=2;LUT3=1;LUT4=1;LUT6=4"
335,0.567,5.000,4.430,1.190,3.240,0.731,6,"FSM_onehot_st_q_reg[3]/C","lane_result_q_reg[0][12]/D","P2 lane result capture","FDCE=2;LUT3=1;LUT4=1;LUT6=4"
336,0.567,5.000,4.430,1.190,3.240,0.731,6,"FSM_onehot_st_q_reg[3]/C","lane_result_q_reg[1][11]/D","P2 lane result capture","FDCE=2;LUT3=1;LUT4=1;LUT6=4"
337,0.567,5.000,4.430,1.190,3.240,0.731,6,"FSM_onehot_st_q_reg[3]/C","lane_result_q_reg[2][11]/D","P2 lane result capture","FDCE=2;LUT3=1;LUT4=1;LUT6=4"
338,0.567,5.000,4.430,1.190,3.240,0.731,6,"FSM_onehot_st_q_reg[3]/C","lane_result_q_reg[2][12]/D","P2 lane result capture","FDCE=2;LUT3=1;LUT4=1;LUT6=4"
339,0.568,5.000,4.429,1.190,3.239,0.731,6,"FSM_onehot_st_q_reg[3]/C","lane_result_q_reg[1][8]/D","P2 lane result capture","FDCE=2;LUT3=1;LUT4=1;LUT6=4"
340,0.568,5.000,4.429,1.190,3.239,0.731,6,"FSM_onehot_st_q_reg[3]/C","lane_result_q_reg[3][8]/D","P2 lane result capture","FDCE=2;LUT3=1;LUT4=1;LUT6=4"
341,0.577,5.000,4.420,1.190,3.230,0.731,6,"FSM_onehot_st_q_reg[3]/C","lane_result_q_reg[0][15]/D","P2 lane result capture","FDCE=2;LUT3=1;LUT4=1;LUT6=4"
342,0.577,5.000,4.420,1.190,3.230,0.731,6,"FSM_onehot_st_q_reg[3]/C","lane_result_q_reg[0][7]/D","P2 lane result capture","FDCE=2;LUT3=1;LUT4=1;LUT6=4"
343,0.577,5.000,4.420,1.190,3.230,0.731,6,"FSM_onehot_st_q_reg[3]/C","lane_result_q_reg[1][7]/D","P2 lane result capture","FDCE=2;LUT3=1;LUT4=1;LUT6=4"
344,0.577,5.000,4.420,1.190,3.230,0.731,6,"FSM_onehot_st_q_reg[3]/C","lane_result_q_reg[2][15]/D","P2 lane result capture","FDCE=2;LUT3=1;LUT4=1;LUT6=4"
345,0.577,5.000,4.420,1.190,3.230,0.731,6,"FSM_onehot_st_q_reg[3]/C","lane_result_q_reg[2][7]/D","P2 lane result capture","FDCE=2;LUT3=1;LUT4=1;LUT6=4"
346,0.577,5.000,4.420,1.190,3.230,0.731,6,"FSM_onehot_st_q_reg[3]/C","lane_result_q_reg[3][7]/D","P2 lane result capture","FDCE=2;LUT3=1;LUT4=1;LUT6=4"
347,0.600,5.000,4.426,2.168,2.258,0.510,7,"gen_lane[2].i_p2_pop_slice/popcount_part_q_o_reg[1][0]/C","group_dist_q_reg[5]/D","P2 popcount capture","CARRY4=3;FDCE=2;LUT3=2;LUT5=1;LUT6=1"
348,0.680,5.000,4.346,2.088,2.258,0.520,7,"gen_lane[2].i_p2_pop_slice/popcount_part_q_o_reg[1][0]/C","group_dist_q_reg[4]/D","P2 popcount capture","CARRY4=3;FDCE=2;LUT3=2;LUT5=1;LUT6=1"
349,0.696,5.000,4.301,1.105,3.196,0.743,5,"gen_lane[0].i_p2_pop_slice/src_a_q_reg[22]/C","gen_lane[0].i_p2_pop_slice/popcount_part_q_o_reg[0][2]/D","P2 popcount capture","FDCE=2;LUT3=3;LUT6=2"
350,0.696,5.000,4.301,1.105,3.196,0.743,5,"gen_lane[0].i_p2_pop_slice/src_a_q_reg[54]/C","gen_lane[0].i_p2_pop_slice/popcount_part_q_o_reg[1][2]/D","P2 popcount capture","FDCE=2;LUT3=3;LUT6=2"
351,0.696,5.000,4.301,1.105,3.196,0.743,5,"gen_lane[1].i_p2_pop_slice/src_a_q_reg[22]/C","gen_lane[1].i_p2_pop_slice/popcount_part_q_o_reg[0][2]/D","P2 popcount capture","FDCE=2;LUT3=3;LUT6=2"
352,0.696,5.000,4.301,1.105,3.196,0.743,5,"gen_lane[1].i_p2_pop_slice/src_a_q_reg[54]/C","gen_lane[1].i_p2_pop_slice/popcount_part_q_o_reg[1][2]/D","P2 popcount capture","FDCE=2;LUT3=3;LUT6=2"
353,0.696,5.000,4.301,1.105,3.196,0.743,5,"gen_lane[2].i_p2_pop_slice/src_a_q_reg[22]/C","gen_lane[2].i_p2_pop_slice/popcount_part_q_o_reg[0][2]/D","P2 popcount capture","FDCE=2;LUT3=3;LUT6=2"
354,0.696,5.000,4.301,1.105,3.196,0.743,5,"gen_lane[2].i_p2_pop_slice/src_a_q_reg[54]/C","gen_lane[2].i_p2_pop_slice/popcount_part_q_o_reg[1][2]/D","P2 popcount capture","FDCE=2;LUT3=3;LUT6=2"
355,0.696,5.000,4.301,1.105,3.196,0.743,5,"gen_lane[3].i_p2_pop_slice/src_a_q_reg[22]/C","gen_lane[3].i_p2_pop_slice/popcount_part_q_o_reg[0][2]/D","P2 popcount capture","FDCE=2;LUT3=3;LUT6=2"
356,0.696,5.000,4.301,1.105,3.196,0.743,5,"gen_lane[3].i_p2_pop_slice/src_a_q_reg[54]/C","gen_lane[3].i_p2_pop_slice/popcount_part_q_o_reg[1][2]/D","P2 popcount capture","FDCE=2;LUT3=3;LUT6=2"
357,0.728,5.000,4.269,1.764,2.505,0.587,6,"a_q_reg[4]/C","FSM_onehot_st_q_reg[9]/D","TOP control","CARRY4=1;FDCE=2;LUT4=1;LUT5=1;LUT6=3"
358,0.728,5.000,4.269,1.764,2.505,0.587,6,"a_q_reg[4]/C","res_q_reg[1]/D","scalar response","CARRY4=1;FDCE=2;LUT4=1;LUT5=1;LUT6=3"
359,0.750,5.000,4.039,1.085,2.954,0.731,5,"a_q_reg[16]/C","ecc_product_q_reg[0]/CE","other","FDCE=2;LUT2=3;LUT5=1;LUT6=1"
360,0.750,5.000,4.039,1.085,2.954,0.731,5,"a_q_reg[16]/C","ecc_product_q_reg[100]/CE","other","FDCE=2;LUT2=3;LUT5=1;LUT6=1"
361,0.750,5.000,4.039,1.085,2.954,0.731,5,"a_q_reg[16]/C","ecc_product_q_reg[101]/CE","other","FDCE=2;LUT2=3;LUT5=1;LUT6=1"
362,0.750,5.000,4.039,1.085,2.954,0.731,5,"a_q_reg[16]/C","ecc_product_q_reg[102]/CE","other","FDCE=2;LUT2=3;LUT5=1;LUT6=1"
363,0.750,5.000,4.039,1.085,2.954,0.731,5,"a_q_reg[16]/C","ecc_product_q_reg[103]/CE","other","FDCE=2;LUT2=3;LUT5=1;LUT6=1"
364,0.750,5.000,4.039,1.085,2.954,0.731,5,"a_q_reg[16]/C","ecc_product_q_reg[104]/CE","other","FDCE=2;LUT2=3;LUT5=1;LUT6=1"
365,0.750,5.000,4.039,1.085,2.954,0.731,5,"a_q_reg[16]/C","ecc_product_q_reg[105]/CE","other","FDCE=2;LUT2=3;LUT5=1;LUT6=1"
366,0.750,5.000,4.039,1.085,2.954,0.731,5,"a_q_reg[16]/C","ecc_product_q_reg[106]/CE","other","FDCE=2;LUT2=3;LUT5=1;LUT6=1"
367,0.750,5.000,4.039,1.085,2.954,0.731,5,"a_q_reg[16]/C","ecc_product_q_reg[107]/CE","other","FDCE=2;LUT2=3;LUT5=1;LUT6=1"
368,0.750,5.000,4.039,1.085,2.954,0.731,5,"a_q_reg[16]/C","ecc_product_q_reg[108]/CE","other","FDCE=2;LUT2=3;LUT5=1;LUT6=1"
369,0.750,5.000,4.039,1.085,2.954,0.731,5,"a_q_reg[16]/C","ecc_product_q_reg[109]/CE","other","FDCE=2;LUT2=3;LUT5=1;LUT6=1"
370,0.750,5.000,4.039,1.085,2.954,0.731,5,"a_q_reg[16]/C","ecc_product_q_reg[10]/CE","other","FDCE=2;LUT2=3;LUT5=1;LUT6=1"
371,0.750,5.000,4.039,1.085,2.954,0.731,5,"a_q_reg[16]/C","ecc_product_q_reg[110]/CE","other","FDCE=2;LUT2=3;LUT5=1;LUT6=1"
372,0.750,5.000,4.039,1.085,2.954,0.731,5,"a_q_reg[16]/C","ecc_product_q_reg[111]/CE","other","FDCE=2;LUT2=3;LUT5=1;LUT6=1"
373,0.750,5.000,4.039,1.085,2.954,0.731,5,"a_q_reg[16]/C","ecc_product_q_reg[112]/CE","other","FDCE=2;LUT2=3;LUT5=1;LUT6=1"
374,0.750,5.000,4.039,1.085,2.954,0.731,5,"a_q_reg[16]/C","ecc_product_q_reg[113]/CE","other","FDCE=2;LUT2=3;LUT5=1;LUT6=1"
375,0.750,5.000,4.039,1.085,2.954,0.731,5,"a_q_reg[16]/C","ecc_product_q_reg[114]/CE","other","FDCE=2;LUT2=3;LUT5=1;LUT6=1"
376,0.750,5.000,4.039,1.085,2.954,0.731,5,"a_q_reg[16]/C","ecc_product_q_reg[115]/CE","other","FDCE=2;LUT2=3;LUT5=1;LUT6=1"
377,0.750,5.000,4.039,1.085,2.954,0.731,5,"a_q_reg[16]/C","ecc_product_q_reg[116]/CE","other","FDCE=2;LUT2=3;LUT5=1;LUT6=1"
378,0.750,5.000,4.039,1.085,2.954,0.731,5,"a_q_reg[16]/C","ecc_product_q_reg[117]/CE","other","FDCE=2;LUT2=3;LUT5=1;LUT6=1"
379,0.750,5.000,4.039,1.085,2.954,0.731,5,"a_q_reg[16]/C","ecc_product_q_reg[118]/CE","other","FDCE=2;LUT2=3;LUT5=1;LUT6=1"
380,0.750,5.000,4.039,1.085,2.954,0.731,5,"a_q_reg[16]/C","ecc_product_q_reg[119]/CE","other","FDCE=2;LUT2=3;LUT5=1;LUT6=1"
381,0.750,5.000,4.039,1.085,2.954,0.731,5,"a_q_reg[16]/C","ecc_product_q_reg[11]/CE","other","FDCE=2;LUT2=3;LUT5=1;LUT6=1"
382,0.750,5.000,4.039,1.085,2.954,0.731,5,"a_q_reg[16]/C","ecc_product_q_reg[120]/CE","other","FDCE=2;LUT2=3;LUT5=1;LUT6=1"
383,0.750,5.000,4.039,1.085,2.954,0.731,5,"a_q_reg[16]/C","ecc_product_q_reg[121]/CE","other","FDCE=2;LUT2=3;LUT5=1;LUT6=1"
384,0.750,5.000,4.039,1.085,2.954,0.731,5,"a_q_reg[16]/C","ecc_product_q_reg[122]/CE","other","FDCE=2;LUT2=3;LUT5=1;LUT6=1"
385,0.750,5.000,4.039,1.085,2.954,0.731,5,"a_q_reg[16]/C","ecc_product_q_reg[123]/CE","other","FDCE=2;LUT2=3;LUT5=1;LUT6=1"
386,0.750,5.000,4.039,1.085,2.954,0.731,5,"a_q_reg[16]/C","ecc_product_q_reg[124]/CE","other","FDCE=2;LUT2=3;LUT5=1;LUT6=1"
387,0.750,5.000,4.039,1.085,2.954,0.731,5,"a_q_reg[16]/C","ecc_product_q_reg[125]/CE","other","FDCE=2;LUT2=3;LUT5=1;LUT6=1"
388,0.750,5.000,4.039,1.085,2.954,0.731,5,"a_q_reg[16]/C","ecc_product_q_reg[126]/CE","other","FDCE=2;LUT2=3;LUT5=1;LUT6=1"
389,0.750,5.000,4.039,1.085,2.954,0.731,5,"a_q_reg[16]/C","ecc_product_q_reg[127]/CE","other","FDCE=2;LUT2=3;LUT5=1;LUT6=1"
390,0.750,5.000,4.039,1.085,2.954,0.731,5,"a_q_reg[16]/C","ecc_product_q_reg[128]/CE","other","FDCE=2;LUT2=3;LUT5=1;LUT6=1"
391,0.750,5.000,4.039,1.085,2.954,0.731,5,"a_q_reg[16]/C","ecc_product_q_reg[129]/CE","other","FDCE=2;LUT2=3;LUT5=1;LUT6=1"
392,0.750,5.000,4.039,1.085,2.954,0.731,5,"a_q_reg[16]/C","ecc_product_q_reg[12]/CE","other","FDCE=2;LUT2=3;LUT5=1;LUT6=1"
393,0.750,5.000,4.039,1.085,2.954,0.731,5,"a_q_reg[16]/C","ecc_product_q_reg[130]/CE","other","FDCE=2;LUT2=3;LUT5=1;LUT6=1"
394,0.750,5.000,4.039,1.085,2.954,0.731,5,"a_q_reg[16]/C","ecc_product_q_reg[131]/CE","other","FDCE=2;LUT2=3;LUT5=1;LUT6=1"
395,0.750,5.000,4.039,1.085,2.954,0.731,5,"a_q_reg[16]/C","ecc_product_q_reg[132]/CE","other","FDCE=2;LUT2=3;LUT5=1;LUT6=1"
396,0.750,5.000,4.039,1.085,2.954,0.731,5,"a_q_reg[16]/C","ecc_product_q_reg[133]/CE","other","FDCE=2;LUT2=3;LUT5=1;LUT6=1"
397,0.750,5.000,4.039,1.085,2.954,0.731,5,"a_q_reg[16]/C","ecc_product_q_reg[134]/CE","other","FDCE=2;LUT2=3;LUT5=1;LUT6=1"
398,0.750,5.000,4.039,1.085,2.954,0.731,5,"a_q_reg[16]/C","ecc_product_q_reg[135]/CE","other","FDCE=2;LUT2=3;LUT5=1;LUT6=1"
399,0.750,5.000,4.039,1.085,2.954,0.731,5,"a_q_reg[16]/C","ecc_product_q_reg[136]/CE","other","FDCE=2;LUT2=3;LUT5=1;LUT6=1"
400,0.750,5.000,4.039,1.085,2.954,0.731,5,"a_q_reg[16]/C","ecc_product_q_reg[137]/CE","other","FDCE=2;LUT2=3;LUT5=1;LUT6=1"
401,0.750,5.000,4.039,1.085,2.954,0.731,5,"a_q_reg[16]/C","ecc_product_q_reg[138]/CE","other","FDCE=2;LUT2=3;LUT5=1;LUT6=1"
402,0.750,5.000,4.039,1.085,2.954,0.731,5,"a_q_reg[16]/C","ecc_product_q_reg[139]/CE","other","FDCE=2;LUT2=3;LUT5=1;LUT6=1"
403,0.750,5.000,4.039,1.085,2.954,0.731,5,"a_q_reg[16]/C","ecc_product_q_reg[13]/CE","other","FDCE=2;LUT2=3;LUT5=1;LUT6=1"
404,0.750,5.000,4.039,1.085,2.954,0.731,5,"a_q_reg[16]/C","ecc_product_q_reg[140]/CE","other","FDCE=2;LUT2=3;LUT5=1;LUT6=1"
405,0.750,5.000,4.039,1.085,2.954,0.731,5,"a_q_reg[16]/C","ecc_product_q_reg[141]/CE","other","FDCE=2;LUT2=3;LUT5=1;LUT6=1"
406,0.750,5.000,4.039,1.085,2.954,0.731,5,"a_q_reg[16]/C","ecc_product_q_reg[142]/CE","other","FDCE=2;LUT2=3;LUT5=1;LUT6=1"
407,0.750,5.000,4.039,1.085,2.954,0.731,5,"a_q_reg[16]/C","ecc_product_q_reg[143]/CE","other","FDCE=2;LUT2=3;LUT5=1;LUT6=1"
408,0.750,5.000,4.039,1.085,2.954,0.731,5,"a_q_reg[16]/C","ecc_product_q_reg[144]/CE","other","FDCE=2;LUT2=3;LUT5=1;LUT6=1"
409,0.750,5.000,4.039,1.085,2.954,0.731,5,"a_q_reg[16]/C","ecc_product_q_reg[145]/CE","other","FDCE=2;LUT2=3;LUT5=1;LUT6=1"
410,0.750,5.000,4.039,1.085,2.954,0.731,5,"a_q_reg[16]/C","ecc_product_q_reg[146]/CE","other","FDCE=2;LUT2=3;LUT5=1;LUT6=1"
411,0.750,5.000,4.039,1.085,2.954,0.731,5,"a_q_reg[16]/C","ecc_product_q_reg[147]/CE","other","FDCE=2;LUT2=3;LUT5=1;LUT6=1"
412,0.750,5.000,4.039,1.085,2.954,0.731,5,"a_q_reg[16]/C","ecc_product_q_reg[148]/CE","other","FDCE=2;LUT2=3;LUT5=1;LUT6=1"
413,0.750,5.000,4.039,1.085,2.954,0.731,5,"a_q_reg[16]/C","ecc_product_q_reg[149]/CE","other","FDCE=2;LUT2=3;LUT5=1;LUT6=1"
414,0.750,5.000,4.039,1.085,2.954,0.731,5,"a_q_reg[16]/C","ecc_product_q_reg[14]/CE","other","FDCE=2;LUT2=3;LUT5=1;LUT6=1"
415,0.750,5.000,4.039,1.085,2.954,0.731,5,"a_q_reg[16]/C","ecc_product_q_reg[150]/CE","other","FDCE=2;LUT2=3;LUT5=1;LUT6=1"
416,0.750,5.000,4.039,1.085,2.954,0.731,5,"a_q_reg[16]/C","ecc_product_q_reg[151]/CE","other","FDCE=2;LUT2=3;LUT5=1;LUT6=1"
417,0.750,5.000,4.039,1.085,2.954,0.731,5,"a_q_reg[16]/C","ecc_product_q_reg[152]/CE","other","FDCE=2;LUT2=3;LUT5=1;LUT6=1"
418,0.750,5.000,4.039,1.085,2.954,0.731,5,"a_q_reg[16]/C","ecc_product_q_reg[153]/CE","other","FDCE=2;LUT2=3;LUT5=1;LUT6=1"
419,0.750,5.000,4.039,1.085,2.954,0.731,5,"a_q_reg[16]/C","ecc_product_q_reg[154]/CE","other","FDCE=2;LUT2=3;LUT5=1;LUT6=1"
420,0.750,5.000,4.039,1.085,2.954,0.731,5,"a_q_reg[16]/C","ecc_product_q_reg[155]/CE","other","FDCE=2;LUT2=3;LUT5=1;LUT6=1"
421,0.750,5.000,4.039,1.085,2.954,0.731,5,"a_q_reg[16]/C","ecc_product_q_reg[156]/CE","other","FDCE=2;LUT2=3;LUT5=1;LUT6=1"
422,0.750,5.000,4.039,1.085,2.954,0.731,5,"a_q_reg[16]/C","ecc_product_q_reg[157]/CE","other","FDCE=2;LUT2=3;LUT5=1;LUT6=1"
423,0.750,5.000,4.039,1.085,2.954,0.731,5,"a_q_reg[16]/C","ecc_product_q_reg[158]/CE","other","FDCE=2;LUT2=3;LUT5=1;LUT6=1"
424,0.750,5.000,4.039,1.085,2.954,0.731,5,"a_q_reg[16]/C","ecc_product_q_reg[159]/CE","other","FDCE=2;LUT2=3;LUT5=1;LUT6=1"
425,0.750,5.000,4.039,1.085,2.954,0.731,5,"a_q_reg[16]/C","ecc_product_q_reg[15]/CE","other","FDCE=2;LUT2=3;LUT5=1;LUT6=1"
426,0.750,5.000,4.039,1.085,2.954,0.731,5,"a_q_reg[16]/C","ecc_product_q_reg[160]/CE","other","FDCE=2;LUT2=3;LUT5=1;LUT6=1"
427,0.750,5.000,4.039,1.085,2.954,0.731,5,"a_q_reg[16]/C","ecc_product_q_reg[161]/CE","other","FDCE=2;LUT2=3;LUT5=1;LUT6=1"
428,0.750,5.000,4.039,1.085,2.954,0.731,5,"a_q_reg[16]/C","ecc_product_q_reg[162]/CE","other","FDCE=2;LUT2=3;LUT5=1;LUT6=1"
429,0.750,5.000,4.039,1.085,2.954,0.731,5,"a_q_reg[16]/C","ecc_product_q_reg[163]/CE","other","FDCE=2;LUT2=3;LUT5=1;LUT6=1"
430,0.750,5.000,4.039,1.085,2.954,0.731,5,"a_q_reg[16]/C","ecc_product_q_reg[164]/CE","other","FDCE=2;LUT2=3;LUT5=1;LUT6=1"
431,0.750,5.000,4.039,1.085,2.954,0.731,5,"a_q_reg[16]/C","ecc_product_q_reg[165]/CE","other","FDCE=2;LUT2=3;LUT5=1;LUT6=1"
432,0.750,5.000,4.039,1.085,2.954,0.731,5,"a_q_reg[16]/C","ecc_product_q_reg[166]/CE","other","FDCE=2;LUT2=3;LUT5=1;LUT6=1"
433,0.750,5.000,4.039,1.085,2.954,0.731,5,"a_q_reg[16]/C","ecc_product_q_reg[167]/CE","other","FDCE=2;LUT2=3;LUT5=1;LUT6=1"
434,0.750,5.000,4.039,1.085,2.954,0.731,5,"a_q_reg[16]/C","ecc_product_q_reg[168]/CE","other","FDCE=2;LUT2=3;LUT5=1;LUT6=1"
435,0.750,5.000,4.039,1.085,2.954,0.731,5,"a_q_reg[16]/C","ecc_product_q_reg[169]/CE","other","FDCE=2;LUT2=3;LUT5=1;LUT6=1"
436,0.750,5.000,4.039,1.085,2.954,0.731,5,"a_q_reg[16]/C","ecc_product_q_reg[16]/CE","other","FDCE=2;LUT2=3;LUT5=1;LUT6=1"
437,0.750,5.000,4.039,1.085,2.954,0.731,5,"a_q_reg[16]/C","ecc_product_q_reg[170]/CE","other","FDCE=2;LUT2=3;LUT5=1;LUT6=1"
438,0.750,5.000,4.039,1.085,2.954,0.731,5,"a_q_reg[16]/C","ecc_product_q_reg[171]/CE","other","FDCE=2;LUT2=3;LUT5=1;LUT6=1"
439,0.750,5.000,4.039,1.085,2.954,0.731,5,"a_q_reg[16]/C","ecc_product_q_reg[172]/CE","other","FDCE=2;LUT2=3;LUT5=1;LUT6=1"
440,0.750,5.000,4.039,1.085,2.954,0.731,5,"a_q_reg[16]/C","ecc_product_q_reg[173]/CE","other","FDCE=2;LUT2=3;LUT5=1;LUT6=1"
441,0.750,5.000,4.039,1.085,2.954,0.731,5,"a_q_reg[16]/C","ecc_product_q_reg[174]/CE","other","FDCE=2;LUT2=3;LUT5=1;LUT6=1"
442,0.750,5.000,4.039,1.085,2.954,0.731,5,"a_q_reg[16]/C","ecc_product_q_reg[175]/CE","other","FDCE=2;LUT2=3;LUT5=1;LUT6=1"
443,0.750,5.000,4.039,1.085,2.954,0.731,5,"a_q_reg[16]/C","ecc_product_q_reg[176]/CE","other","FDCE=2;LUT2=3;LUT5=1;LUT6=1"
444,0.750,5.000,4.039,1.085,2.954,0.731,5,"a_q_reg[16]/C","ecc_product_q_reg[177]/CE","other","FDCE=2;LUT2=3;LUT5=1;LUT6=1"
445,0.750,5.000,4.039,1.085,2.954,0.731,5,"a_q_reg[16]/C","ecc_product_q_reg[178]/CE","other","FDCE=2;LUT2=3;LUT5=1;LUT6=1"
446,0.750,5.000,4.039,1.085,2.954,0.731,5,"a_q_reg[16]/C","ecc_product_q_reg[179]/CE","other","FDCE=2;LUT2=3;LUT5=1;LUT6=1"
447,0.750,5.000,4.039,1.085,2.954,0.731,5,"a_q_reg[16]/C","ecc_product_q_reg[17]/CE","other","FDCE=2;LUT2=3;LUT5=1;LUT6=1"
448,0.750,5.000,4.039,1.085,2.954,0.731,5,"a_q_reg[16]/C","ecc_product_q_reg[180]/CE","other","FDCE=2;LUT2=3;LUT5=1;LUT6=1"
449,0.750,5.000,4.039,1.085,2.954,0.731,5,"a_q_reg[16]/C","ecc_product_q_reg[181]/CE","other","FDCE=2;LUT2=3;LUT5=1;LUT6=1"
450,0.750,5.000,4.039,1.085,2.954,0.731,5,"a_q_reg[16]/C","ecc_product_q_reg[182]/CE","other","FDCE=2;LUT2=3;LUT5=1;LUT6=1"
451,0.750,5.000,4.039,1.085,2.954,0.731,5,"a_q_reg[16]/C","ecc_product_q_reg[183]/CE","other","FDCE=2;LUT2=3;LUT5=1;LUT6=1"
452,0.750,5.000,4.039,1.085,2.954,0.731,5,"a_q_reg[16]/C","ecc_product_q_reg[184]/CE","other","FDCE=2;LUT2=3;LUT5=1;LUT6=1"
453,0.750,5.000,4.039,1.085,2.954,0.731,5,"a_q_reg[16]/C","ecc_product_q_reg[185]/CE","other","FDCE=2;LUT2=3;LUT5=1;LUT6=1"
454,0.750,5.000,4.039,1.085,2.954,0.731,5,"a_q_reg[16]/C","ecc_product_q_reg[186]/CE","other","FDCE=2;LUT2=3;LUT5=1;LUT6=1"
455,0.750,5.000,4.039,1.085,2.954,0.731,5,"a_q_reg[16]/C","ecc_product_q_reg[187]/CE","other","FDCE=2;LUT2=3;LUT5=1;LUT6=1"
456,0.750,5.000,4.039,1.085,2.954,0.731,5,"a_q_reg[16]/C","ecc_product_q_reg[188]/CE","other","FDCE=2;LUT2=3;LUT5=1;LUT6=1"
457,0.750,5.000,4.039,1.085,2.954,0.731,5,"a_q_reg[16]/C","ecc_product_q_reg[189]/CE","other","FDCE=2;LUT2=3;LUT5=1;LUT6=1"
458,0.750,5.000,4.039,1.085,2.954,0.731,5,"a_q_reg[16]/C","ecc_product_q_reg[18]/CE","other","FDCE=2;LUT2=3;LUT5=1;LUT6=1"
459,0.750,5.000,4.039,1.085,2.954,0.731,5,"a_q_reg[16]/C","ecc_product_q_reg[190]/CE","other","FDCE=2;LUT2=3;LUT5=1;LUT6=1"
460,0.750,5.000,4.039,1.085,2.954,0.731,5,"a_q_reg[16]/C","ecc_product_q_reg[191]/CE","other","FDCE=2;LUT2=3;LUT5=1;LUT6=1"
461,0.750,5.000,4.039,1.085,2.954,0.731,5,"a_q_reg[16]/C","ecc_product_q_reg[192]/CE","other","FDCE=2;LUT2=3;LUT5=1;LUT6=1"
462,0.750,5.000,4.039,1.085,2.954,0.731,5,"a_q_reg[16]/C","ecc_product_q_reg[193]/CE","other","FDCE=2;LUT2=3;LUT5=1;LUT6=1"
463,0.750,5.000,4.039,1.085,2.954,0.731,5,"a_q_reg[16]/C","ecc_product_q_reg[194]/CE","other","FDCE=2;LUT2=3;LUT5=1;LUT6=1"
464,0.750,5.000,4.039,1.085,2.954,0.731,5,"a_q_reg[16]/C","ecc_product_q_reg[195]/CE","other","FDCE=2;LUT2=3;LUT5=1;LUT6=1"
465,0.750,5.000,4.039,1.085,2.954,0.731,5,"a_q_reg[16]/C","ecc_product_q_reg[196]/CE","other","FDCE=2;LUT2=3;LUT5=1;LUT6=1"
466,0.750,5.000,4.039,1.085,2.954,0.731,5,"a_q_reg[16]/C","ecc_product_q_reg[197]/CE","other","FDCE=2;LUT2=3;LUT5=1;LUT6=1"
467,0.750,5.000,4.039,1.085,2.954,0.731,5,"a_q_reg[16]/C","ecc_product_q_reg[198]/CE","other","FDCE=2;LUT2=3;LUT5=1;LUT6=1"
468,0.750,5.000,4.039,1.085,2.954,0.731,5,"a_q_reg[16]/C","ecc_product_q_reg[199]/CE","other","FDCE=2;LUT2=3;LUT5=1;LUT6=1"
469,0.750,5.000,4.039,1.085,2.954,0.731,5,"a_q_reg[16]/C","ecc_product_q_reg[19]/CE","other","FDCE=2;LUT2=3;LUT5=1;LUT6=1"
470,0.750,5.000,4.039,1.085,2.954,0.731,5,"a_q_reg[16]/C","ecc_product_q_reg[1]/CE","other","FDCE=2;LUT2=3;LUT5=1;LUT6=1"
471,0.750,5.000,4.039,1.085,2.954,0.731,5,"a_q_reg[16]/C","ecc_product_q_reg[200]/CE","other","FDCE=2;LUT2=3;LUT5=1;LUT6=1"
472,0.750,5.000,4.039,1.085,2.954,0.731,5,"a_q_reg[16]/C","ecc_product_q_reg[201]/CE","other","FDCE=2;LUT2=3;LUT5=1;LUT6=1"
473,0.750,5.000,4.039,1.085,2.954,0.731,5,"a_q_reg[16]/C","ecc_product_q_reg[202]/CE","other","FDCE=2;LUT2=3;LUT5=1;LUT6=1"
474,0.750,5.000,4.039,1.085,2.954,0.731,5,"a_q_reg[16]/C","ecc_product_q_reg[203]/CE","other","FDCE=2;LUT2=3;LUT5=1;LUT6=1"
475,0.750,5.000,4.039,1.085,2.954,0.731,5,"a_q_reg[16]/C","ecc_product_q_reg[204]/CE","other","FDCE=2;LUT2=3;LUT5=1;LUT6=1"
476,0.750,5.000,4.039,1.085,2.954,0.731,5,"a_q_reg[16]/C","ecc_product_q_reg[205]/CE","other","FDCE=2;LUT2=3;LUT5=1;LUT6=1"
477,0.750,5.000,4.039,1.085,2.954,0.731,5,"a_q_reg[16]/C","ecc_product_q_reg[206]/CE","other","FDCE=2;LUT2=3;LUT5=1;LUT6=1"
478,0.750,5.000,4.039,1.085,2.954,0.731,5,"a_q_reg[16]/C","ecc_product_q_reg[207]/CE","other","FDCE=2;LUT2=3;LUT5=1;LUT6=1"
479,0.750,5.000,4.039,1.085,2.954,0.731,5,"a_q_reg[16]/C","ecc_product_q_reg[208]/CE","other","FDCE=2;LUT2=3;LUT5=1;LUT6=1"
480,0.750,5.000,4.039,1.085,2.954,0.731,5,"a_q_reg[16]/C","ecc_product_q_reg[209]/CE","other","FDCE=2;LUT2=3;LUT5=1;LUT6=1"
481,0.750,5.000,4.039,1.085,2.954,0.731,5,"a_q_reg[16]/C","ecc_product_q_reg[20]/CE","other","FDCE=2;LUT2=3;LUT5=1;LUT6=1"
482,0.750,5.000,4.039,1.085,2.954,0.731,5,"a_q_reg[16]/C","ecc_product_q_reg[210]/CE","other","FDCE=2;LUT2=3;LUT5=1;LUT6=1"
483,0.750,5.000,4.039,1.085,2.954,0.731,5,"a_q_reg[16]/C","ecc_product_q_reg[211]/CE","other","FDCE=2;LUT2=3;LUT5=1;LUT6=1"
484,0.750,5.000,4.039,1.085,2.954,0.731,5,"a_q_reg[16]/C","ecc_product_q_reg[212]/CE","other","FDCE=2;LUT2=3;LUT5=1;LUT6=1"
485,0.750,5.000,4.039,1.085,2.954,0.731,5,"a_q_reg[16]/C","ecc_product_q_reg[213]/CE","other","FDCE=2;LUT2=3;LUT5=1;LUT6=1"
486,0.750,5.000,4.039,1.085,2.954,0.731,5,"a_q_reg[16]/C","ecc_product_q_reg[214]/CE","other","FDCE=2;LUT2=3;LUT5=1;LUT6=1"
487,0.750,5.000,4.039,1.085,2.954,0.731,5,"a_q_reg[16]/C","ecc_product_q_reg[215]/CE","other","FDCE=2;LUT2=3;LUT5=1;LUT6=1"
488,0.750,5.000,4.039,1.085,2.954,0.731,5,"a_q_reg[16]/C","ecc_product_q_reg[216]/CE","other","FDCE=2;LUT2=3;LUT5=1;LUT6=1"
489,0.750,5.000,4.039,1.085,2.954,0.731,5,"a_q_reg[16]/C","ecc_product_q_reg[217]/CE","other","FDCE=2;LUT2=3;LUT5=1;LUT6=1"
490,0.750,5.000,4.039,1.085,2.954,0.731,5,"a_q_reg[16]/C","ecc_product_q_reg[218]/CE","other","FDCE=2;LUT2=3;LUT5=1;LUT6=1"
491,0.750,5.000,4.039,1.085,2.954,0.731,5,"a_q_reg[16]/C","ecc_product_q_reg[219]/CE","other","FDCE=2;LUT2=3;LUT5=1;LUT6=1"
492,0.750,5.000,4.039,1.085,2.954,0.731,5,"a_q_reg[16]/C","ecc_product_q_reg[21]/CE","other","FDCE=2;LUT2=3;LUT5=1;LUT6=1"
493,0.750,5.000,4.039,1.085,2.954,0.731,5,"a_q_reg[16]/C","ecc_product_q_reg[220]/CE","other","FDCE=2;LUT2=3;LUT5=1;LUT6=1"
494,0.750,5.000,4.039,1.085,2.954,0.731,5,"a_q_reg[16]/C","ecc_product_q_reg[221]/CE","other","FDCE=2;LUT2=3;LUT5=1;LUT6=1"
495,0.750,5.000,4.039,1.085,2.954,0.731,5,"a_q_reg[16]/C","ecc_product_q_reg[222]/CE","other","FDCE=2;LUT2=3;LUT5=1;LUT6=1"
496,0.750,5.000,4.039,1.085,2.954,0.731,5,"a_q_reg[16]/C","ecc_product_q_reg[223]/CE","other","FDCE=2;LUT2=3;LUT5=1;LUT6=1"
497,0.750,5.000,4.039,1.085,2.954,0.731,5,"a_q_reg[16]/C","ecc_product_q_reg[224]/CE","other","FDCE=2;LUT2=3;LUT5=1;LUT6=1"
498,0.750,5.000,4.039,1.085,2.954,0.731,5,"a_q_reg[16]/C","ecc_product_q_reg[225]/CE","other","FDCE=2;LUT2=3;LUT5=1;LUT6=1"
499,0.750,5.000,4.039,1.085,2.954,0.731,5,"a_q_reg[16]/C","ecc_product_q_reg[226]/CE","other","FDCE=2;LUT2=3;LUT5=1;LUT6=1"
500,0.750,5.000,4.039,1.085,2.954,0.731,5,"a_q_reg[16]/C","ecc_product_q_reg[227]/CE","other","FDCE=2;LUT2=3;LUT5=1;LUT6=1"
501,0.750,5.000,4.039,1.085,2.954,0.731,5,"a_q_reg[16]/C","ecc_product_q_reg[228]/CE","other","FDCE=2;LUT2=3;LUT5=1;LUT6=1"
502,0.750,5.000,4.039,1.085,2.954,0.731,5,"a_q_reg[16]/C","ecc_product_q_reg[229]/CE","other","FDCE=2;LUT2=3;LUT5=1;LUT6=1"
503,0.750,5.000,4.039,1.085,2.954,0.731,5,"a_q_reg[16]/C","ecc_product_q_reg[22]/CE","other","FDCE=2;LUT2=3;LUT5=1;LUT6=1"
504,0.750,5.000,4.039,1.085,2.954,0.731,5,"a_q_reg[16]/C","ecc_product_q_reg[230]/CE","other","FDCE=2;LUT2=3;LUT5=1;LUT6=1"
505,0.750,5.000,4.039,1.085,2.954,0.731,5,"a_q_reg[16]/C","ecc_product_q_reg[231]/CE","other","FDCE=2;LUT2=3;LUT5=1;LUT6=1"
506,0.750,5.000,4.039,1.085,2.954,0.731,5,"a_q_reg[16]/C","ecc_product_q_reg[232]/CE","other","FDCE=2;LUT2=3;LUT5=1;LUT6=1"
507,0.750,5.000,4.039,1.085,2.954,0.731,5,"a_q_reg[16]/C","ecc_product_q_reg[233]/CE","other","FDCE=2;LUT2=3;LUT5=1;LUT6=1"
508,0.750,5.000,4.039,1.085,2.954,0.731,5,"a_q_reg[16]/C","ecc_product_q_reg[234]/CE","other","FDCE=2;LUT2=3;LUT5=1;LUT6=1"
509,0.750,5.000,4.039,1.085,2.954,0.731,5,"a_q_reg[16]/C","ecc_product_q_reg[235]/CE","other","FDCE=2;LUT2=3;LUT5=1;LUT6=1"
510,0.750,5.000,4.039,1.085,2.954,0.731,5,"a_q_reg[16]/C","ecc_product_q_reg[236]/CE","other","FDCE=2;LUT2=3;LUT5=1;LUT6=1"
511,0.750,5.000,4.039,1.085,2.954,0.731,5,"a_q_reg[16]/C","ecc_product_q_reg[237]/CE","other","FDCE=2;LUT2=3;LUT5=1;LUT6=1"
512,0.750,5.000,4.039,1.085,2.954,0.731,5,"a_q_reg[16]/C","ecc_product_q_reg[238]/CE","other","FDCE=2;LUT2=3;LUT5=1;LUT6=1"
513,0.750,5.000,4.039,1.085,2.954,0.731,5,"a_q_reg[16]/C","ecc_product_q_reg[239]/CE","other","FDCE=2;LUT2=3;LUT5=1;LUT6=1"
514,0.750,5.000,4.039,1.085,2.954,0.731,5,"a_q_reg[16]/C","ecc_product_q_reg[23]/CE","other","FDCE=2;LUT2=3;LUT5=1;LUT6=1"
515,0.750,5.000,4.039,1.085,2.954,0.731,5,"a_q_reg[16]/C","ecc_product_q_reg[240]/CE","other","FDCE=2;LUT2=3;LUT5=1;LUT6=1"
516,0.750,5.000,4.039,1.085,2.954,0.731,5,"a_q_reg[16]/C","ecc_product_q_reg[241]/CE","other","FDCE=2;LUT2=3;LUT5=1;LUT6=1"
517,0.750,5.000,4.039,1.085,2.954,0.731,5,"a_q_reg[16]/C","ecc_product_q_reg[242]/CE","other","FDCE=2;LUT2=3;LUT5=1;LUT6=1"
518,0.750,5.000,4.039,1.085,2.954,0.731,5,"a_q_reg[16]/C","ecc_product_q_reg[243]/CE","other","FDCE=2;LUT2=3;LUT5=1;LUT6=1"
519,0.750,5.000,4.039,1.085,2.954,0.731,5,"a_q_reg[16]/C","ecc_product_q_reg[244]/CE","other","FDCE=2;LUT2=3;LUT5=1;LUT6=1"
520,0.750,5.000,4.039,1.085,2.954,0.731,5,"a_q_reg[16]/C","ecc_product_q_reg[245]/CE","other","FDCE=2;LUT2=3;LUT5=1;LUT6=1"
521,0.750,5.000,4.039,1.085,2.954,0.731,5,"a_q_reg[16]/C","ecc_product_q_reg[246]/CE","other","FDCE=2;LUT2=3;LUT5=1;LUT6=1"
522,0.750,5.000,4.039,1.085,2.954,0.731,5,"a_q_reg[16]/C","ecc_product_q_reg[247]/CE","other","FDCE=2;LUT2=3;LUT5=1;LUT6=1"
523,0.750,5.000,4.039,1.085,2.954,0.731,5,"a_q_reg[16]/C","ecc_product_q_reg[248]/CE","other","FDCE=2;LUT2=3;LUT5=1;LUT6=1"
524,0.750,5.000,4.039,1.085,2.954,0.731,5,"a_q_reg[16]/C","ecc_product_q_reg[249]/CE","other","FDCE=2;LUT2=3;LUT5=1;LUT6=1"
525,0.750,5.000,4.039,1.085,2.954,0.731,5,"a_q_reg[16]/C","ecc_product_q_reg[24]/CE","other","FDCE=2;LUT2=3;LUT5=1;LUT6=1"
526,0.750,5.000,4.039,1.085,2.954,0.731,5,"a_q_reg[16]/C","ecc_product_q_reg[250]/CE","other","FDCE=2;LUT2=3;LUT5=1;LUT6=1"
527,0.750,5.000,4.039,1.085,2.954,0.731,5,"a_q_reg[16]/C","ecc_product_q_reg[251]/CE","other","FDCE=2;LUT2=3;LUT5=1;LUT6=1"
528,0.750,5.000,4.039,1.085,2.954,0.731,5,"a_q_reg[16]/C","ecc_product_q_reg[252]/CE","other","FDCE=2;LUT2=3;LUT5=1;LUT6=1"
529,0.750,5.000,4.039,1.085,2.954,0.731,5,"a_q_reg[16]/C","ecc_product_q_reg[253]/CE","other","FDCE=2;LUT2=3;LUT5=1;LUT6=1"
530,0.750,5.000,4.039,1.085,2.954,0.731,5,"a_q_reg[16]/C","ecc_product_q_reg[254]/CE","other","FDCE=2;LUT2=3;LUT5=1;LUT6=1"
531,0.750,5.000,4.039,1.085,2.954,0.731,5,"a_q_reg[16]/C","ecc_product_q_reg[255]/CE","other","FDCE=2;LUT2=3;LUT5=1;LUT6=1"
532,0.750,5.000,4.039,1.085,2.954,0.731,5,"a_q_reg[16]/C","ecc_product_q_reg[256]/CE","other","FDCE=2;LUT2=3;LUT5=1;LUT6=1"
533,0.750,5.000,4.039,1.085,2.954,0.731,5,"a_q_reg[16]/C","ecc_product_q_reg[257]/CE","other","FDCE=2;LUT2=3;LUT5=1;LUT6=1"
534,0.750,5.000,4.039,1.085,2.954,0.731,5,"a_q_reg[16]/C","ecc_product_q_reg[258]/CE","other","FDCE=2;LUT2=3;LUT5=1;LUT6=1"
535,0.750,5.000,4.039,1.085,2.954,0.731,5,"a_q_reg[16]/C","ecc_product_q_reg[259]/CE","other","FDCE=2;LUT2=3;LUT5=1;LUT6=1"
536,0.750,5.000,4.039,1.085,2.954,0.731,5,"a_q_reg[16]/C","ecc_product_q_reg[25]/CE","other","FDCE=2;LUT2=3;LUT5=1;LUT6=1"
537,0.750,5.000,4.039,1.085,2.954,0.731,5,"a_q_reg[16]/C","ecc_product_q_reg[260]/CE","other","FDCE=2;LUT2=3;LUT5=1;LUT6=1"
538,0.750,5.000,4.039,1.085,2.954,0.731,5,"a_q_reg[16]/C","ecc_product_q_reg[261]/CE","other","FDCE=2;LUT2=3;LUT5=1;LUT6=1"
539,0.750,5.000,4.039,1.085,2.954,0.731,5,"a_q_reg[16]/C","ecc_product_q_reg[262]/CE","other","FDCE=2;LUT2=3;LUT5=1;LUT6=1"
540,0.750,5.000,4.039,1.085,2.954,0.731,5,"a_q_reg[16]/C","ecc_product_q_reg[263]/CE","other","FDCE=2;LUT2=3;LUT5=1;LUT6=1"
541,0.750,5.000,4.039,1.085,2.954,0.731,5,"a_q_reg[16]/C","ecc_product_q_reg[264]/CE","other","FDCE=2;LUT2=3;LUT5=1;LUT6=1"
542,0.750,5.000,4.039,1.085,2.954,0.731,5,"a_q_reg[16]/C","ecc_product_q_reg[265]/CE","other","FDCE=2;LUT2=3;LUT5=1;LUT6=1"
543,0.750,5.000,4.039,1.085,2.954,0.731,5,"a_q_reg[16]/C","ecc_product_q_reg[266]/CE","other","FDCE=2;LUT2=3;LUT5=1;LUT6=1"
544,0.750,5.000,4.039,1.085,2.954,0.731,5,"a_q_reg[16]/C","ecc_product_q_reg[267]/CE","other","FDCE=2;LUT2=3;LUT5=1;LUT6=1"
545,0.750,5.000,4.039,1.085,2.954,0.731,5,"a_q_reg[16]/C","ecc_product_q_reg[268]/CE","other","FDCE=2;LUT2=3;LUT5=1;LUT6=1"
546,0.750,5.000,4.039,1.085,2.954,0.731,5,"a_q_reg[16]/C","ecc_product_q_reg[269]/CE","other","FDCE=2;LUT2=3;LUT5=1;LUT6=1"
547,0.750,5.000,4.039,1.085,2.954,0.731,5,"a_q_reg[16]/C","ecc_product_q_reg[26]/CE","other","FDCE=2;LUT2=3;LUT5=1;LUT6=1"
548,0.750,5.000,4.039,1.085,2.954,0.731,5,"a_q_reg[16]/C","ecc_product_q_reg[270]/CE","other","FDCE=2;LUT2=3;LUT5=1;LUT6=1"
549,0.750,5.000,4.039,1.085,2.954,0.731,5,"a_q_reg[16]/C","ecc_product_q_reg[271]/CE","other","FDCE=2;LUT2=3;LUT5=1;LUT6=1"
550,0.750,5.000,4.039,1.085,2.954,0.731,5,"a_q_reg[16]/C","ecc_product_q_reg[272]/CE","other","FDCE=2;LUT2=3;LUT5=1;LUT6=1"
551,0.750,5.000,4.039,1.085,2.954,0.731,5,"a_q_reg[16]/C","ecc_product_q_reg[273]/CE","other","FDCE=2;LUT2=3;LUT5=1;LUT6=1"
552,0.750,5.000,4.039,1.085,2.954,0.731,5,"a_q_reg[16]/C","ecc_product_q_reg[274]/CE","other","FDCE=2;LUT2=3;LUT5=1;LUT6=1"
553,0.750,5.000,4.039,1.085,2.954,0.731,5,"a_q_reg[16]/C","ecc_product_q_reg[275]/CE","other","FDCE=2;LUT2=3;LUT5=1;LUT6=1"
554,0.750,5.000,4.039,1.085,2.954,0.731,5,"a_q_reg[16]/C","ecc_product_q_reg[276]/CE","other","FDCE=2;LUT2=3;LUT5=1;LUT6=1"
555,0.750,5.000,4.039,1.085,2.954,0.731,5,"a_q_reg[16]/C","ecc_product_q_reg[277]/CE","other","FDCE=2;LUT2=3;LUT5=1;LUT6=1"
556,0.750,5.000,4.039,1.085,2.954,0.731,5,"a_q_reg[16]/C","ecc_product_q_reg[278]/CE","other","FDCE=2;LUT2=3;LUT5=1;LUT6=1"
557,0.750,5.000,4.039,1.085,2.954,0.731,5,"a_q_reg[16]/C","ecc_product_q_reg[279]/CE","other","FDCE=2;LUT2=3;LUT5=1;LUT6=1"
558,0.750,5.000,4.039,1.085,2.954,0.731,5,"a_q_reg[16]/C","ecc_product_q_reg[27]/CE","other","FDCE=2;LUT2=3;LUT5=1;LUT6=1"
559,0.750,5.000,4.039,1.085,2.954,0.731,5,"a_q_reg[16]/C","ecc_product_q_reg[280]/CE","other","FDCE=2;LUT2=3;LUT5=1;LUT6=1"
560,0.750,5.000,4.039,1.085,2.954,0.731,5,"a_q_reg[16]/C","ecc_product_q_reg[281]/CE","other","FDCE=2;LUT2=3;LUT5=1;LUT6=1"
561,0.750,5.000,4.039,1.085,2.954,0.731,5,"a_q_reg[16]/C","ecc_product_q_reg[282]/CE","other","FDCE=2;LUT2=3;LUT5=1;LUT6=1"
562,0.750,5.000,4.039,1.085,2.954,0.731,5,"a_q_reg[16]/C","ecc_product_q_reg[283]/CE","other","FDCE=2;LUT2=3;LUT5=1;LUT6=1"
563,0.750,5.000,4.039,1.085,2.954,0.731,5,"a_q_reg[16]/C","ecc_product_q_reg[284]/CE","other","FDCE=2;LUT2=3;LUT5=1;LUT6=1"
564,0.750,5.000,4.039,1.085,2.954,0.731,5,"a_q_reg[16]/C","ecc_product_q_reg[285]/CE","other","FDCE=2;LUT2=3;LUT5=1;LUT6=1"
565,0.750,5.000,4.039,1.085,2.954,0.731,5,"a_q_reg[16]/C","ecc_product_q_reg[286]/CE","other","FDCE=2;LUT2=3;LUT5=1;LUT6=1"
566,0.750,5.000,4.039,1.085,2.954,0.731,5,"a_q_reg[16]/C","ecc_product_q_reg[287]/CE","other","FDCE=2;LUT2=3;LUT5=1;LUT6=1"
567,0.750,5.000,4.039,1.085,2.954,0.731,5,"a_q_reg[16]/C","ecc_product_q_reg[288]/CE","other","FDCE=2;LUT2=3;LUT5=1;LUT6=1"
568,0.750,5.000,4.039,1.085,2.954,0.731,5,"a_q_reg[16]/C","ecc_product_q_reg[289]/CE","other","FDCE=2;LUT2=3;LUT5=1;LUT6=1"
569,0.750,5.000,4.039,1.085,2.954,0.731,5,"a_q_reg[16]/C","ecc_product_q_reg[28]/CE","other","FDCE=2;LUT2=3;LUT5=1;LUT6=1"
570,0.750,5.000,4.039,1.085,2.954,0.731,5,"a_q_reg[16]/C","ecc_product_q_reg[290]/CE","other","FDCE=2;LUT2=3;LUT5=1;LUT6=1"
571,0.750,5.000,4.039,1.085,2.954,0.731,5,"a_q_reg[16]/C","ecc_product_q_reg[291]/CE","other","FDCE=2;LUT2=3;LUT5=1;LUT6=1"
572,0.750,5.000,4.039,1.085,2.954,0.731,5,"a_q_reg[16]/C","ecc_product_q_reg[292]/CE","other","FDCE=2;LUT2=3;LUT5=1;LUT6=1"
573,0.750,5.000,4.039,1.085,2.954,0.731,5,"a_q_reg[16]/C","ecc_product_q_reg[293]/CE","other","FDCE=2;LUT2=3;LUT5=1;LUT6=1"
574,0.750,5.000,4.039,1.085,2.954,0.731,5,"a_q_reg[16]/C","ecc_product_q_reg[294]/CE","other","FDCE=2;LUT2=3;LUT5=1;LUT6=1"
575,0.750,5.000,4.039,1.085,2.954,0.731,5,"a_q_reg[16]/C","ecc_product_q_reg[295]/CE","other","FDCE=2;LUT2=3;LUT5=1;LUT6=1"
576,0.750,5.000,4.039,1.085,2.954,0.731,5,"a_q_reg[16]/C","ecc_product_q_reg[296]/CE","other","FDCE=2;LUT2=3;LUT5=1;LUT6=1"
577,0.750,5.000,4.039,1.085,2.954,0.731,5,"a_q_reg[16]/C","ecc_product_q_reg[297]/CE","other","FDCE=2;LUT2=3;LUT5=1;LUT6=1"
578,0.750,5.000,4.039,1.085,2.954,0.731,5,"a_q_reg[16]/C","ecc_product_q_reg[298]/CE","other","FDCE=2;LUT2=3;LUT5=1;LUT6=1"
579,0.750,5.000,4.039,1.085,2.954,0.731,5,"a_q_reg[16]/C","ecc_product_q_reg[299]/CE","other","FDCE=2;LUT2=3;LUT5=1;LUT6=1"
580,0.750,5.000,4.039,1.085,2.954,0.731,5,"a_q_reg[16]/C","ecc_product_q_reg[29]/CE","other","FDCE=2;LUT2=3;LUT5=1;LUT6=1"
581,0.750,5.000,4.039,1.085,2.954,0.731,5,"a_q_reg[16]/C","ecc_product_q_reg[2]/CE","other","FDCE=2;LUT2=3;LUT5=1;LUT6=1"
582,0.750,5.000,4.039,1.085,2.954,0.731,5,"a_q_reg[16]/C","ecc_product_q_reg[300]/CE","other","FDCE=2;LUT2=3;LUT5=1;LUT6=1"
583,0.750,5.000,4.039,1.085,2.954,0.731,5,"a_q_reg[16]/C","ecc_product_q_reg[301]/CE","other","FDCE=2;LUT2=3;LUT5=1;LUT6=1"
584,0.750,5.000,4.039,1.085,2.954,0.731,5,"a_q_reg[16]/C","ecc_product_q_reg[302]/CE","other","FDCE=2;LUT2=3;LUT5=1;LUT6=1"
585,0.750,5.000,4.039,1.085,2.954,0.731,5,"a_q_reg[16]/C","ecc_product_q_reg[303]/CE","other","FDCE=2;LUT2=3;LUT5=1;LUT6=1"
586,0.750,5.000,4.039,1.085,2.954,0.731,5,"a_q_reg[16]/C","ecc_product_q_reg[304]/CE","other","FDCE=2;LUT2=3;LUT5=1;LUT6=1"
587,0.750,5.000,4.039,1.085,2.954,0.731,5,"a_q_reg[16]/C","ecc_product_q_reg[305]/CE","other","FDCE=2;LUT2=3;LUT5=1;LUT6=1"
588,0.750,5.000,4.039,1.085,2.954,0.731,5,"a_q_reg[16]/C","ecc_product_q_reg[306]/CE","other","FDCE=2;LUT2=3;LUT5=1;LUT6=1"
589,0.750,5.000,4.039,1.085,2.954,0.731,5,"a_q_reg[16]/C","ecc_product_q_reg[307]/CE","other","FDCE=2;LUT2=3;LUT5=1;LUT6=1"
590,0.750,5.000,4.039,1.085,2.954,0.731,5,"a_q_reg[16]/C","ecc_product_q_reg[308]/CE","other","FDCE=2;LUT2=3;LUT5=1;LUT6=1"
591,0.750,5.000,4.039,1.085,2.954,0.731,5,"a_q_reg[16]/C","ecc_product_q_reg[309]/CE","other","FDCE=2;LUT2=3;LUT5=1;LUT6=1"
592,0.750,5.000,4.039,1.085,2.954,0.731,5,"a_q_reg[16]/C","ecc_product_q_reg[30]/CE","other","FDCE=2;LUT2=3;LUT5=1;LUT6=1"
593,0.750,5.000,4.039,1.085,2.954,0.731,5,"a_q_reg[16]/C","ecc_product_q_reg[310]/CE","other","FDCE=2;LUT2=3;LUT5=1;LUT6=1"
594,0.750,5.000,4.039,1.085,2.954,0.731,5,"a_q_reg[16]/C","ecc_product_q_reg[311]/CE","other","FDCE=2;LUT2=3;LUT5=1;LUT6=1"
595,0.750,5.000,4.039,1.085,2.954,0.731,5,"a_q_reg[16]/C","ecc_product_q_reg[312]/CE","other","FDCE=2;LUT2=3;LUT5=1;LUT6=1"
596,0.750,5.000,4.039,1.085,2.954,0.731,5,"a_q_reg[16]/C","ecc_product_q_reg[313]/CE","other","FDCE=2;LUT2=3;LUT5=1;LUT6=1"
597,0.750,5.000,4.039,1.085,2.954,0.731,5,"a_q_reg[16]/C","ecc_product_q_reg[314]/CE","other","FDCE=2;LUT2=3;LUT5=1;LUT6=1"
598,0.750,5.000,4.039,1.085,2.954,0.731,5,"a_q_reg[16]/C","ecc_product_q_reg[315]/CE","other","FDCE=2;LUT2=3;LUT5=1;LUT6=1"
599,0.750,5.000,4.039,1.085,2.954,0.731,5,"a_q_reg[16]/C","ecc_product_q_reg[316]/CE","other","FDCE=2;LUT2=3;LUT5=1;LUT6=1"
600,0.750,5.000,4.039,1.085,2.954,0.731,5,"a_q_reg[16]/C","ecc_product_q_reg[317]/CE","other","FDCE=2;LUT2=3;LUT5=1;LUT6=1"
601,0.750,5.000,4.039,1.085,2.954,0.731,5,"a_q_reg[16]/C","ecc_product_q_reg[318]/CE","other","FDCE=2;LUT2=3;LUT5=1;LUT6=1"
602,0.750,5.000,4.039,1.085,2.954,0.731,5,"a_q_reg[16]/C","ecc_product_q_reg[319]/CE","other","FDCE=2;LUT2=3;LUT5=1;LUT6=1"
603,0.750,5.000,4.039,1.085,2.954,0.731,5,"a_q_reg[16]/C","ecc_product_q_reg[31]/CE","other","FDCE=2;LUT2=3;LUT5=1;LUT6=1"
604,0.750,5.000,4.039,1.085,2.954,0.731,5,"a_q_reg[16]/C","ecc_product_q_reg[320]/CE","other","FDCE=2;LUT2=3;LUT5=1;LUT6=1"
605,0.750,5.000,4.039,1.085,2.954,0.731,5,"a_q_reg[16]/C","ecc_product_q_reg[321]/CE","other","FDCE=2;LUT2=3;LUT5=1;LUT6=1"
606,0.750,5.000,4.039,1.085,2.954,0.731,5,"a_q_reg[16]/C","ecc_product_q_reg[322]/CE","other","FDCE=2;LUT2=3;LUT5=1;LUT6=1"
607,0.750,5.000,4.039,1.085,2.954,0.731,5,"a_q_reg[16]/C","ecc_product_q_reg[323]/CE","other","FDCE=2;LUT2=3;LUT5=1;LUT6=1"
608,0.750,5.000,4.039,1.085,2.954,0.731,5,"a_q_reg[16]/C","ecc_product_q_reg[324]/CE","other","FDCE=2;LUT2=3;LUT5=1;LUT6=1"
609,0.750,5.000,4.039,1.085,2.954,0.731,5,"a_q_reg[16]/C","ecc_product_q_reg[325]/CE","other","FDCE=2;LUT2=3;LUT5=1;LUT6=1"
610,0.750,5.000,4.039,1.085,2.954,0.731,5,"a_q_reg[16]/C","ecc_product_q_reg[326]/CE","other","FDCE=2;LUT2=3;LUT5=1;LUT6=1"
611,0.750,5.000,4.039,1.085,2.954,0.731,5,"a_q_reg[16]/C","ecc_product_q_reg[327]/CE","other","FDCE=2;LUT2=3;LUT5=1;LUT6=1"
612,0.750,5.000,4.039,1.085,2.954,0.731,5,"a_q_reg[16]/C","ecc_product_q_reg[328]/CE","other","FDCE=2;LUT2=3;LUT5=1;LUT6=1"
613,0.750,5.000,4.039,1.085,2.954,0.731,5,"a_q_reg[16]/C","ecc_product_q_reg[329]/CE","other","FDCE=2;LUT2=3;LUT5=1;LUT6=1"
614,0.750,5.000,4.039,1.085,2.954,0.731,5,"a_q_reg[16]/C","ecc_product_q_reg[32]/CE","other","FDCE=2;LUT2=3;LUT5=1;LUT6=1"
615,0.750,5.000,4.039,1.085,2.954,0.731,5,"a_q_reg[16]/C","ecc_product_q_reg[330]/CE","other","FDCE=2;LUT2=3;LUT5=1;LUT6=1"
616,0.750,5.000,4.039,1.085,2.954,0.731,5,"a_q_reg[16]/C","ecc_product_q_reg[331]/CE","other","FDCE=2;LUT2=3;LUT5=1;LUT6=1"
617,0.750,5.000,4.039,1.085,2.954,0.731,5,"a_q_reg[16]/C","ecc_product_q_reg[332]/CE","other","FDCE=2;LUT2=3;LUT5=1;LUT6=1"
618,0.750,5.000,4.039,1.085,2.954,0.731,5,"a_q_reg[16]/C","ecc_product_q_reg[333]/CE","other","FDCE=2;LUT2=3;LUT5=1;LUT6=1"
619,0.750,5.000,4.039,1.085,2.954,0.731,5,"a_q_reg[16]/C","ecc_product_q_reg[334]/CE","other","FDCE=2;LUT2=3;LUT5=1;LUT6=1"
620,0.750,5.000,4.039,1.085,2.954,0.731,5,"a_q_reg[16]/C","ecc_product_q_reg[335]/CE","other","FDCE=2;LUT2=3;LUT5=1;LUT6=1"
621,0.750,5.000,4.039,1.085,2.954,0.731,5,"a_q_reg[16]/C","ecc_product_q_reg[336]/CE","other","FDCE=2;LUT2=3;LUT5=1;LUT6=1"
622,0.750,5.000,4.039,1.085,2.954,0.731,5,"a_q_reg[16]/C","ecc_product_q_reg[337]/CE","other","FDCE=2;LUT2=3;LUT5=1;LUT6=1"
623,0.750,5.000,4.039,1.085,2.954,0.731,5,"a_q_reg[16]/C","ecc_product_q_reg[338]/CE","other","FDCE=2;LUT2=3;LUT5=1;LUT6=1"
624,0.750,5.000,4.039,1.085,2.954,0.731,5,"a_q_reg[16]/C","ecc_product_q_reg[339]/CE","other","FDCE=2;LUT2=3;LUT5=1;LUT6=1"
625,0.750,5.000,4.039,1.085,2.954,0.731,5,"a_q_reg[16]/C","ecc_product_q_reg[33]/CE","other","FDCE=2;LUT2=3;LUT5=1;LUT6=1"
626,0.750,5.000,4.039,1.085,2.954,0.731,5,"a_q_reg[16]/C","ecc_product_q_reg[340]/CE","other","FDCE=2;LUT2=3;LUT5=1;LUT6=1"
627,0.750,5.000,4.039,1.085,2.954,0.731,5,"a_q_reg[16]/C","ecc_product_q_reg[341]/CE","other","FDCE=2;LUT2=3;LUT5=1;LUT6=1"
628,0.750,5.000,4.039,1.085,2.954,0.731,5,"a_q_reg[16]/C","ecc_product_q_reg[342]/CE","other","FDCE=2;LUT2=3;LUT5=1;LUT6=1"
629,0.750,5.000,4.039,1.085,2.954,0.731,5,"a_q_reg[16]/C","ecc_product_q_reg[343]/CE","other","FDCE=2;LUT2=3;LUT5=1;LUT6=1"
630,0.750,5.000,4.039,1.085,2.954,0.731,5,"a_q_reg[16]/C","ecc_product_q_reg[344]/CE","other","FDCE=2;LUT2=3;LUT5=1;LUT6=1"
631,0.750,5.000,4.039,1.085,2.954,0.731,5,"a_q_reg[16]/C","ecc_product_q_reg[345]/CE","other","FDCE=2;LUT2=3;LUT5=1;LUT6=1"
632,0.750,5.000,4.039,1.085,2.954,0.731,5,"a_q_reg[16]/C","ecc_product_q_reg[346]/CE","other","FDCE=2;LUT2=3;LUT5=1;LUT6=1"
633,0.750,5.000,4.039,1.085,2.954,0.731,5,"a_q_reg[16]/C","ecc_product_q_reg[347]/CE","other","FDCE=2;LUT2=3;LUT5=1;LUT6=1"
634,0.750,5.000,4.039,1.085,2.954,0.731,5,"a_q_reg[16]/C","ecc_product_q_reg[348]/CE","other","FDCE=2;LUT2=3;LUT5=1;LUT6=1"
635,0.750,5.000,4.039,1.085,2.954,0.731,5,"a_q_reg[16]/C","ecc_product_q_reg[349]/CE","other","FDCE=2;LUT2=3;LUT5=1;LUT6=1"
636,0.750,5.000,4.039,1.085,2.954,0.731,5,"a_q_reg[16]/C","ecc_product_q_reg[34]/CE","other","FDCE=2;LUT2=3;LUT5=1;LUT6=1"
637,0.750,5.000,4.039,1.085,2.954,0.731,5,"a_q_reg[16]/C","ecc_product_q_reg[350]/CE","other","FDCE=2;LUT2=3;LUT5=1;LUT6=1"
638,0.750,5.000,4.039,1.085,2.954,0.731,5,"a_q_reg[16]/C","ecc_product_q_reg[351]/CE","other","FDCE=2;LUT2=3;LUT5=1;LUT6=1"
639,0.750,5.000,4.039,1.085,2.954,0.731,5,"a_q_reg[16]/C","ecc_product_q_reg[352]/CE","other","FDCE=2;LUT2=3;LUT5=1;LUT6=1"
640,0.750,5.000,4.039,1.085,2.954,0.731,5,"a_q_reg[16]/C","ecc_product_q_reg[353]/CE","other","FDCE=2;LUT2=3;LUT5=1;LUT6=1"
641,0.750,5.000,4.039,1.085,2.954,0.731,5,"a_q_reg[16]/C","ecc_product_q_reg[354]/CE","other","FDCE=2;LUT2=3;LUT5=1;LUT6=1"
642,0.750,5.000,4.039,1.085,2.954,0.731,5,"a_q_reg[16]/C","ecc_product_q_reg[355]/CE","other","FDCE=2;LUT2=3;LUT5=1;LUT6=1"
643,0.750,5.000,4.039,1.085,2.954,0.731,5,"a_q_reg[16]/C","ecc_product_q_reg[356]/CE","other","FDCE=2;LUT2=3;LUT5=1;LUT6=1"
644,0.750,5.000,4.039,1.085,2.954,0.731,5,"a_q_reg[16]/C","ecc_product_q_reg[357]/CE","other","FDCE=2;LUT2=3;LUT5=1;LUT6=1"
645,0.750,5.000,4.039,1.085,2.954,0.731,5,"a_q_reg[16]/C","ecc_product_q_reg[358]/CE","other","FDCE=2;LUT2=3;LUT5=1;LUT6=1"
646,0.750,5.000,4.039,1.085,2.954,0.731,5,"a_q_reg[16]/C","ecc_product_q_reg[359]/CE","other","FDCE=2;LUT2=3;LUT5=1;LUT6=1"
647,0.750,5.000,4.039,1.085,2.954,0.731,5,"a_q_reg[16]/C","ecc_product_q_reg[35]/CE","other","FDCE=2;LUT2=3;LUT5=1;LUT6=1"
648,0.750,5.000,4.039,1.085,2.954,0.731,5,"a_q_reg[16]/C","ecc_product_q_reg[360]/CE","other","FDCE=2;LUT2=3;LUT5=1;LUT6=1"
649,0.750,5.000,4.039,1.085,2.954,0.731,5,"a_q_reg[16]/C","ecc_product_q_reg[361]/CE","other","FDCE=2;LUT2=3;LUT5=1;LUT6=1"
650,0.750,5.000,4.039,1.085,2.954,0.731,5,"a_q_reg[16]/C","ecc_product_q_reg[362]/CE","other","FDCE=2;LUT2=3;LUT5=1;LUT6=1"
651,0.750,5.000,4.039,1.085,2.954,0.731,5,"a_q_reg[16]/C","ecc_product_q_reg[363]/CE","other","FDCE=2;LUT2=3;LUT5=1;LUT6=1"
652,0.750,5.000,4.039,1.085,2.954,0.731,5,"a_q_reg[16]/C","ecc_product_q_reg[364]/CE","other","FDCE=2;LUT2=3;LUT5=1;LUT6=1"
653,0.750,5.000,4.039,1.085,2.954,0.731,5,"a_q_reg[16]/C","ecc_product_q_reg[365]/CE","other","FDCE=2;LUT2=3;LUT5=1;LUT6=1"
654,0.750,5.000,4.039,1.085,2.954,0.731,5,"a_q_reg[16]/C","ecc_product_q_reg[366]/CE","other","FDCE=2;LUT2=3;LUT5=1;LUT6=1"
655,0.750,5.000,4.039,1.085,2.954,0.731,5,"a_q_reg[16]/C","ecc_product_q_reg[367]/CE","other","FDCE=2;LUT2=3;LUT5=1;LUT6=1"
656,0.750,5.000,4.039,1.085,2.954,0.731,5,"a_q_reg[16]/C","ecc_product_q_reg[368]/CE","other","FDCE=2;LUT2=3;LUT5=1;LUT6=1"
657,0.750,5.000,4.039,1.085,2.954,0.731,5,"a_q_reg[16]/C","ecc_product_q_reg[369]/CE","other","FDCE=2;LUT2=3;LUT5=1;LUT6=1"
658,0.750,5.000,4.039,1.085,2.954,0.731,5,"a_q_reg[16]/C","ecc_product_q_reg[36]/CE","other","FDCE=2;LUT2=3;LUT5=1;LUT6=1"
659,0.750,5.000,4.039,1.085,2.954,0.731,5,"a_q_reg[16]/C","ecc_product_q_reg[370]/CE","other","FDCE=2;LUT2=3;LUT5=1;LUT6=1"
660,0.750,5.000,4.039,1.085,2.954,0.731,5,"a_q_reg[16]/C","ecc_product_q_reg[371]/CE","other","FDCE=2;LUT2=3;LUT5=1;LUT6=1"
661,0.750,5.000,4.039,1.085,2.954,0.731,5,"a_q_reg[16]/C","ecc_product_q_reg[372]/CE","other","FDCE=2;LUT2=3;LUT5=1;LUT6=1"
662,0.750,5.000,4.039,1.085,2.954,0.731,5,"a_q_reg[16]/C","ecc_product_q_reg[373]/CE","other","FDCE=2;LUT2=3;LUT5=1;LUT6=1"
663,0.750,5.000,4.039,1.085,2.954,0.731,5,"a_q_reg[16]/C","ecc_product_q_reg[374]/CE","other","FDCE=2;LUT2=3;LUT5=1;LUT6=1"
664,0.750,5.000,4.039,1.085,2.954,0.731,5,"a_q_reg[16]/C","ecc_product_q_reg[375]/CE","other","FDCE=2;LUT2=3;LUT5=1;LUT6=1"
665,0.750,5.000,4.039,1.085,2.954,0.731,5,"a_q_reg[16]/C","ecc_product_q_reg[376]/CE","other","FDCE=2;LUT2=3;LUT5=1;LUT6=1"
666,0.750,5.000,4.039,1.085,2.954,0.731,5,"a_q_reg[16]/C","ecc_product_q_reg[377]/CE","other","FDCE=2;LUT2=3;LUT5=1;LUT6=1"
667,0.750,5.000,4.039,1.085,2.954,0.731,5,"a_q_reg[16]/C","ecc_product_q_reg[378]/CE","other","FDCE=2;LUT2=3;LUT5=1;LUT6=1"
668,0.750,5.000,4.039,1.085,2.954,0.731,5,"a_q_reg[16]/C","ecc_product_q_reg[379]/CE","other","FDCE=2;LUT2=3;LUT5=1;LUT6=1"
669,0.750,5.000,4.039,1.085,2.954,0.731,5,"a_q_reg[16]/C","ecc_product_q_reg[37]/CE","other","FDCE=2;LUT2=3;LUT5=1;LUT6=1"
670,0.750,5.000,4.039,1.085,2.954,0.731,5,"a_q_reg[16]/C","ecc_product_q_reg[380]/CE","other","FDCE=2;LUT2=3;LUT5=1;LUT6=1"
671,0.750,5.000,4.039,1.085,2.954,0.731,5,"a_q_reg[16]/C","ecc_product_q_reg[381]/CE","other","FDCE=2;LUT2=3;LUT5=1;LUT6=1"
672,0.750,5.000,4.039,1.085,2.954,0.731,5,"a_q_reg[16]/C","ecc_product_q_reg[382]/CE","other","FDCE=2;LUT2=3;LUT5=1;LUT6=1"
673,0.750,5.000,4.039,1.085,2.954,0.731,5,"a_q_reg[16]/C","ecc_product_q_reg[383]/CE","other","FDCE=2;LUT2=3;LUT5=1;LUT6=1"
674,0.750,5.000,4.039,1.085,2.954,0.731,5,"a_q_reg[16]/C","ecc_product_q_reg[384]/CE","other","FDCE=2;LUT2=3;LUT5=1;LUT6=1"
675,0.750,5.000,4.039,1.085,2.954,0.731,5,"a_q_reg[16]/C","ecc_product_q_reg[385]/CE","other","FDCE=2;LUT2=3;LUT5=1;LUT6=1"
676,0.750,5.000,4.039,1.085,2.954,0.731,5,"a_q_reg[16]/C","ecc_product_q_reg[386]/CE","other","FDCE=2;LUT2=3;LUT5=1;LUT6=1"
677,0.750,5.000,4.039,1.085,2.954,0.731,5,"a_q_reg[16]/C","ecc_product_q_reg[387]/CE","other","FDCE=2;LUT2=3;LUT5=1;LUT6=1"
678,0.750,5.000,4.039,1.085,2.954,0.731,5,"a_q_reg[16]/C","ecc_product_q_reg[388]/CE","other","FDCE=2;LUT2=3;LUT5=1;LUT6=1"
679,0.750,5.000,4.039,1.085,2.954,0.731,5,"a_q_reg[16]/C","ecc_product_q_reg[389]/CE","other","FDCE=2;LUT2=3;LUT5=1;LUT6=1"
680,0.750,5.000,4.039,1.085,2.954,0.731,5,"a_q_reg[16]/C","ecc_product_q_reg[38]/CE","other","FDCE=2;LUT2=3;LUT5=1;LUT6=1"
681,0.750,5.000,4.039,1.085,2.954,0.731,5,"a_q_reg[16]/C","ecc_product_q_reg[390]/CE","other","FDCE=2;LUT2=3;LUT5=1;LUT6=1"
682,0.750,5.000,4.039,1.085,2.954,0.731,5,"a_q_reg[16]/C","ecc_product_q_reg[391]/CE","other","FDCE=2;LUT2=3;LUT5=1;LUT6=1"
683,0.750,5.000,4.039,1.085,2.954,0.731,5,"a_q_reg[16]/C","ecc_product_q_reg[392]/CE","other","FDCE=2;LUT2=3;LUT5=1;LUT6=1"
684,0.750,5.000,4.039,1.085,2.954,0.731,5,"a_q_reg[16]/C","ecc_product_q_reg[393]/CE","other","FDCE=2;LUT2=3;LUT5=1;LUT6=1"
685,0.750,5.000,4.039,1.085,2.954,0.731,5,"a_q_reg[16]/C","ecc_product_q_reg[394]/CE","other","FDCE=2;LUT2=3;LUT5=1;LUT6=1"
686,0.750,5.000,4.039,1.085,2.954,0.731,5,"a_q_reg[16]/C","ecc_product_q_reg[395]/CE","other","FDCE=2;LUT2=3;LUT5=1;LUT6=1"
687,0.750,5.000,4.039,1.085,2.954,0.731,5,"a_q_reg[16]/C","ecc_product_q_reg[396]/CE","other","FDCE=2;LUT2=3;LUT5=1;LUT6=1"
688,0.750,5.000,4.039,1.085,2.954,0.731,5,"a_q_reg[16]/C","ecc_product_q_reg[397]/CE","other","FDCE=2;LUT2=3;LUT5=1;LUT6=1"
689,0.750,5.000,4.039,1.085,2.954,0.731,5,"a_q_reg[16]/C","ecc_product_q_reg[398]/CE","other","FDCE=2;LUT2=3;LUT5=1;LUT6=1"
690,0.750,5.000,4.039,1.085,2.954,0.731,5,"a_q_reg[16]/C","ecc_product_q_reg[399]/CE","other","FDCE=2;LUT2=3;LUT5=1;LUT6=1"
691,0.750,5.000,4.039,1.085,2.954,0.731,5,"a_q_reg[16]/C","ecc_product_q_reg[39]/CE","other","FDCE=2;LUT2=3;LUT5=1;LUT6=1"
692,0.750,5.000,4.039,1.085,2.954,0.731,5,"a_q_reg[16]/C","ecc_product_q_reg[3]/CE","other","FDCE=2;LUT2=3;LUT5=1;LUT6=1"
693,0.750,5.000,4.039,1.085,2.954,0.731,5,"a_q_reg[16]/C","ecc_product_q_reg[400]/CE","other","FDCE=2;LUT2=3;LUT5=1;LUT6=1"
694,0.750,5.000,4.039,1.085,2.954,0.731,5,"a_q_reg[16]/C","ecc_product_q_reg[401]/CE","other","FDCE=2;LUT2=3;LUT5=1;LUT6=1"
695,0.750,5.000,4.039,1.085,2.954,0.731,5,"a_q_reg[16]/C","ecc_product_q_reg[402]/CE","other","FDCE=2;LUT2=3;LUT5=1;LUT6=1"
696,0.750,5.000,4.039,1.085,2.954,0.731,5,"a_q_reg[16]/C","ecc_product_q_reg[403]/CE","other","FDCE=2;LUT2=3;LUT5=1;LUT6=1"
697,0.750,5.000,4.039,1.085,2.954,0.731,5,"a_q_reg[16]/C","ecc_product_q_reg[404]/CE","other","FDCE=2;LUT2=3;LUT5=1;LUT6=1"
698,0.750,5.000,4.039,1.085,2.954,0.731,5,"a_q_reg[16]/C","ecc_product_q_reg[405]/CE","other","FDCE=2;LUT2=3;LUT5=1;LUT6=1"
699,0.750,5.000,4.039,1.085,2.954,0.731,5,"a_q_reg[16]/C","ecc_product_q_reg[406]/CE","other","FDCE=2;LUT2=3;LUT5=1;LUT6=1"
700,0.750,5.000,4.039,1.085,2.954,0.731,5,"a_q_reg[16]/C","ecc_product_q_reg[407]/CE","other","FDCE=2;LUT2=3;LUT5=1;LUT6=1"
701,0.750,5.000,4.039,1.085,2.954,0.731,5,"a_q_reg[16]/C","ecc_product_q_reg[408]/CE","other","FDCE=2;LUT2=3;LUT5=1;LUT6=1"
702,0.750,5.000,4.039,1.085,2.954,0.731,5,"a_q_reg[16]/C","ecc_product_q_reg[409]/CE","other","FDCE=2;LUT2=3;LUT5=1;LUT6=1"
703,0.750,5.000,4.039,1.085,2.954,0.731,5,"a_q_reg[16]/C","ecc_product_q_reg[40]/CE","other","FDCE=2;LUT2=3;LUT5=1;LUT6=1"
704,0.750,5.000,4.039,1.085,2.954,0.731,5,"a_q_reg[16]/C","ecc_product_q_reg[410]/CE","other","FDCE=2;LUT2=3;LUT5=1;LUT6=1"
705,0.750,5.000,4.039,1.085,2.954,0.731,5,"a_q_reg[16]/C","ecc_product_q_reg[411]/CE","other","FDCE=2;LUT2=3;LUT5=1;LUT6=1"
706,0.750,5.000,4.039,1.085,2.954,0.731,5,"a_q_reg[16]/C","ecc_product_q_reg[412]/CE","other","FDCE=2;LUT2=3;LUT5=1;LUT6=1"
707,0.750,5.000,4.039,1.085,2.954,0.731,5,"a_q_reg[16]/C","ecc_product_q_reg[413]/CE","other","FDCE=2;LUT2=3;LUT5=1;LUT6=1"
708,0.750,5.000,4.039,1.085,2.954,0.731,5,"a_q_reg[16]/C","ecc_product_q_reg[414]/CE","other","FDCE=2;LUT2=3;LUT5=1;LUT6=1"
709,0.750,5.000,4.039,1.085,2.954,0.731,5,"a_q_reg[16]/C","ecc_product_q_reg[415]/CE","other","FDCE=2;LUT2=3;LUT5=1;LUT6=1"
710,0.750,5.000,4.039,1.085,2.954,0.731,5,"a_q_reg[16]/C","ecc_product_q_reg[416]/CE","other","FDCE=2;LUT2=3;LUT5=1;LUT6=1"
711,0.750,5.000,4.039,1.085,2.954,0.731,5,"a_q_reg[16]/C","ecc_product_q_reg[417]/CE","other","FDCE=2;LUT2=3;LUT5=1;LUT6=1"
712,0.750,5.000,4.039,1.085,2.954,0.731,5,"a_q_reg[16]/C","ecc_product_q_reg[418]/CE","other","FDCE=2;LUT2=3;LUT5=1;LUT6=1"
713,0.750,5.000,4.039,1.085,2.954,0.731,5,"a_q_reg[16]/C","ecc_product_q_reg[419]/CE","other","FDCE=2;LUT2=3;LUT5=1;LUT6=1"
714,0.750,5.000,4.039,1.085,2.954,0.731,5,"a_q_reg[16]/C","ecc_product_q_reg[41]/CE","other","FDCE=2;LUT2=3;LUT5=1;LUT6=1"
715,0.750,5.000,4.039,1.085,2.954,0.731,5,"a_q_reg[16]/C","ecc_product_q_reg[420]/CE","other","FDCE=2;LUT2=3;LUT5=1;LUT6=1"
716,0.750,5.000,4.039,1.085,2.954,0.731,5,"a_q_reg[16]/C","ecc_product_q_reg[421]/CE","other","FDCE=2;LUT2=3;LUT5=1;LUT6=1"
717,0.750,5.000,4.039,1.085,2.954,0.731,5,"a_q_reg[16]/C","ecc_product_q_reg[422]/CE","other","FDCE=2;LUT2=3;LUT5=1;LUT6=1"
718,0.750,5.000,4.039,1.085,2.954,0.731,5,"a_q_reg[16]/C","ecc_product_q_reg[423]/CE","other","FDCE=2;LUT2=3;LUT5=1;LUT6=1"
719,0.750,5.000,4.039,1.085,2.954,0.731,5,"a_q_reg[16]/C","ecc_product_q_reg[424]/CE","other","FDCE=2;LUT2=3;LUT5=1;LUT6=1"
720,0.750,5.000,4.039,1.085,2.954,0.731,5,"a_q_reg[16]/C","ecc_product_q_reg[425]/CE","other","FDCE=2;LUT2=3;LUT5=1;LUT6=1"
721,0.750,5.000,4.039,1.085,2.954,0.731,5,"a_q_reg[16]/C","ecc_product_q_reg[426]/CE","other","FDCE=2;LUT2=3;LUT5=1;LUT6=1"
722,0.750,5.000,4.039,1.085,2.954,0.731,5,"a_q_reg[16]/C","ecc_product_q_reg[427]/CE","other","FDCE=2;LUT2=3;LUT5=1;LUT6=1"
723,0.750,5.000,4.039,1.085,2.954,0.731,5,"a_q_reg[16]/C","ecc_product_q_reg[428]/CE","other","FDCE=2;LUT2=3;LUT5=1;LUT6=1"
724,0.750,5.000,4.039,1.085,2.954,0.731,5,"a_q_reg[16]/C","ecc_product_q_reg[429]/CE","other","FDCE=2;LUT2=3;LUT5=1;LUT6=1"
725,0.750,5.000,4.039,1.085,2.954,0.731,5,"a_q_reg[16]/C","ecc_product_q_reg[42]/CE","other","FDCE=2;LUT2=3;LUT5=1;LUT6=1"
726,0.750,5.000,4.039,1.085,2.954,0.731,5,"a_q_reg[16]/C","ecc_product_q_reg[430]/CE","other","FDCE=2;LUT2=3;LUT5=1;LUT6=1"
727,0.750,5.000,4.039,1.085,2.954,0.731,5,"a_q_reg[16]/C","ecc_product_q_reg[431]/CE","other","FDCE=2;LUT2=3;LUT5=1;LUT6=1"
728,0.750,5.000,4.039,1.085,2.954,0.731,5,"a_q_reg[16]/C","ecc_product_q_reg[432]/CE","other","FDCE=2;LUT2=3;LUT5=1;LUT6=1"
729,0.750,5.000,4.039,1.085,2.954,0.731,5,"a_q_reg[16]/C","ecc_product_q_reg[433]/CE","other","FDCE=2;LUT2=3;LUT5=1;LUT6=1"
730,0.750,5.000,4.039,1.085,2.954,0.731,5,"a_q_reg[16]/C","ecc_product_q_reg[434]/CE","other","FDCE=2;LUT2=3;LUT5=1;LUT6=1"
731,0.750,5.000,4.039,1.085,2.954,0.731,5,"a_q_reg[16]/C","ecc_product_q_reg[435]/CE","other","FDCE=2;LUT2=3;LUT5=1;LUT6=1"
732,0.750,5.000,4.039,1.085,2.954,0.731,5,"a_q_reg[16]/C","ecc_product_q_reg[436]/CE","other","FDCE=2;LUT2=3;LUT5=1;LUT6=1"
733,0.750,5.000,4.039,1.085,2.954,0.731,5,"a_q_reg[16]/C","ecc_product_q_reg[437]/CE","other","FDCE=2;LUT2=3;LUT5=1;LUT6=1"
734,0.750,5.000,4.039,1.085,2.954,0.731,5,"a_q_reg[16]/C","ecc_product_q_reg[438]/CE","other","FDCE=2;LUT2=3;LUT5=1;LUT6=1"
735,0.750,5.000,4.039,1.085,2.954,0.731,5,"a_q_reg[16]/C","ecc_product_q_reg[439]/CE","other","FDCE=2;LUT2=3;LUT5=1;LUT6=1"
736,0.750,5.000,4.039,1.085,2.954,0.731,5,"a_q_reg[16]/C","ecc_product_q_reg[43]/CE","other","FDCE=2;LUT2=3;LUT5=1;LUT6=1"
737,0.750,5.000,4.039,1.085,2.954,0.731,5,"a_q_reg[16]/C","ecc_product_q_reg[440]/CE","other","FDCE=2;LUT2=3;LUT5=1;LUT6=1"
738,0.750,5.000,4.039,1.085,2.954,0.731,5,"a_q_reg[16]/C","ecc_product_q_reg[441]/CE","other","FDCE=2;LUT2=3;LUT5=1;LUT6=1"
739,0.750,5.000,4.039,1.085,2.954,0.731,5,"a_q_reg[16]/C","ecc_product_q_reg[442]/CE","other","FDCE=2;LUT2=3;LUT5=1;LUT6=1"
740,0.750,5.000,4.039,1.085,2.954,0.731,5,"a_q_reg[16]/C","ecc_product_q_reg[443]/CE","other","FDCE=2;LUT2=3;LUT5=1;LUT6=1"
741,0.750,5.000,4.039,1.085,2.954,0.731,5,"a_q_reg[16]/C","ecc_product_q_reg[444]/CE","other","FDCE=2;LUT2=3;LUT5=1;LUT6=1"
742,0.750,5.000,4.039,1.085,2.954,0.731,5,"a_q_reg[16]/C","ecc_product_q_reg[445]/CE","other","FDCE=2;LUT2=3;LUT5=1;LUT6=1"
743,0.750,5.000,4.039,1.085,2.954,0.731,5,"a_q_reg[16]/C","ecc_product_q_reg[446]/CE","other","FDCE=2;LUT2=3;LUT5=1;LUT6=1"
744,0.750,5.000,4.039,1.085,2.954,0.731,5,"a_q_reg[16]/C","ecc_product_q_reg[447]/CE","other","FDCE=2;LUT2=3;LUT5=1;LUT6=1"
745,0.750,5.000,4.039,1.085,2.954,0.731,5,"a_q_reg[16]/C","ecc_product_q_reg[448]/CE","other","FDCE=2;LUT2=3;LUT5=1;LUT6=1"
746,0.750,5.000,4.039,1.085,2.954,0.731,5,"a_q_reg[16]/C","ecc_product_q_reg[449]/CE","other","FDCE=2;LUT2=3;LUT5=1;LUT6=1"
747,0.750,5.000,4.039,1.085,2.954,0.731,5,"a_q_reg[16]/C","ecc_product_q_reg[44]/CE","other","FDCE=2;LUT2=3;LUT5=1;LUT6=1"
748,0.750,5.000,4.039,1.085,2.954,0.731,5,"a_q_reg[16]/C","ecc_product_q_reg[450]/CE","other","FDCE=2;LUT2=3;LUT5=1;LUT6=1"
749,0.750,5.000,4.039,1.085,2.954,0.731,5,"a_q_reg[16]/C","ecc_product_q_reg[451]/CE","other","FDCE=2;LUT2=3;LUT5=1;LUT6=1"
750,0.750,5.000,4.039,1.085,2.954,0.731,5,"a_q_reg[16]/C","ecc_product_q_reg[452]/CE","other","FDCE=2;LUT2=3;LUT5=1;LUT6=1"
751,0.750,5.000,4.039,1.085,2.954,0.731,5,"a_q_reg[16]/C","ecc_product_q_reg[453]/CE","other","FDCE=2;LUT2=3;LUT5=1;LUT6=1"
752,0.750,5.000,4.039,1.085,2.954,0.731,5,"a_q_reg[16]/C","ecc_product_q_reg[454]/CE","other","FDCE=2;LUT2=3;LUT5=1;LUT6=1"
753,0.750,5.000,4.039,1.085,2.954,0.731,5,"a_q_reg[16]/C","ecc_product_q_reg[455]/CE","other","FDCE=2;LUT2=3;LUT5=1;LUT6=1"
754,0.750,5.000,4.039,1.085,2.954,0.731,5,"a_q_reg[16]/C","ecc_product_q_reg[456]/CE","other","FDCE=2;LUT2=3;LUT5=1;LUT6=1"
755,0.750,5.000,4.039,1.085,2.954,0.731,5,"a_q_reg[16]/C","ecc_product_q_reg[457]/CE","other","FDCE=2;LUT2=3;LUT5=1;LUT6=1"
756,0.750,5.000,4.039,1.085,2.954,0.731,5,"a_q_reg[16]/C","ecc_product_q_reg[458]/CE","other","FDCE=2;LUT2=3;LUT5=1;LUT6=1"
757,0.750,5.000,4.039,1.085,2.954,0.731,5,"a_q_reg[16]/C","ecc_product_q_reg[459]/CE","other","FDCE=2;LUT2=3;LUT5=1;LUT6=1"
758,0.750,5.000,4.039,1.085,2.954,0.731,5,"a_q_reg[16]/C","ecc_product_q_reg[45]/CE","other","FDCE=2;LUT2=3;LUT5=1;LUT6=1"
759,0.750,5.000,4.039,1.085,2.954,0.731,5,"a_q_reg[16]/C","ecc_product_q_reg[460]/CE","other","FDCE=2;LUT2=3;LUT5=1;LUT6=1"
760,0.750,5.000,4.039,1.085,2.954,0.731,5,"a_q_reg[16]/C","ecc_product_q_reg[461]/CE","other","FDCE=2;LUT2=3;LUT5=1;LUT6=1"
761,0.750,5.000,4.039,1.085,2.954,0.731,5,"a_q_reg[16]/C","ecc_product_q_reg[462]/CE","other","FDCE=2;LUT2=3;LUT5=1;LUT6=1"
762,0.750,5.000,4.039,1.085,2.954,0.731,5,"a_q_reg[16]/C","ecc_product_q_reg[463]/CE","other","FDCE=2;LUT2=3;LUT5=1;LUT6=1"
763,0.750,5.000,4.039,1.085,2.954,0.731,5,"a_q_reg[16]/C","ecc_product_q_reg[464]/CE","other","FDCE=2;LUT2=3;LUT5=1;LUT6=1"
764,0.750,5.000,4.039,1.085,2.954,0.731,5,"a_q_reg[16]/C","ecc_product_q_reg[465]/CE","other","FDCE=2;LUT2=3;LUT5=1;LUT6=1"
765,0.750,5.000,4.039,1.085,2.954,0.731,5,"a_q_reg[16]/C","ecc_product_q_reg[466]/CE","other","FDCE=2;LUT2=3;LUT5=1;LUT6=1"
766,0.750,5.000,4.039,1.085,2.954,0.731,5,"a_q_reg[16]/C","ecc_product_q_reg[467]/CE","other","FDCE=2;LUT2=3;LUT5=1;LUT6=1"
767,0.750,5.000,4.039,1.085,2.954,0.731,5,"a_q_reg[16]/C","ecc_product_q_reg[468]/CE","other","FDCE=2;LUT2=3;LUT5=1;LUT6=1"
768,0.750,5.000,4.039,1.085,2.954,0.731,5,"a_q_reg[16]/C","ecc_product_q_reg[469]/CE","other","FDCE=2;LUT2=3;LUT5=1;LUT6=1"
769,0.750,5.000,4.039,1.085,2.954,0.731,5,"a_q_reg[16]/C","ecc_product_q_reg[46]/CE","other","FDCE=2;LUT2=3;LUT5=1;LUT6=1"
770,0.750,5.000,4.039,1.085,2.954,0.731,5,"a_q_reg[16]/C","ecc_product_q_reg[470]/CE","other","FDCE=2;LUT2=3;LUT5=1;LUT6=1"
771,0.750,5.000,4.039,1.085,2.954,0.731,5,"a_q_reg[16]/C","ecc_product_q_reg[471]/CE","other","FDCE=2;LUT2=3;LUT5=1;LUT6=1"
772,0.750,5.000,4.039,1.085,2.954,0.731,5,"a_q_reg[16]/C","ecc_product_q_reg[472]/CE","other","FDCE=2;LUT2=3;LUT5=1;LUT6=1"
773,0.750,5.000,4.039,1.085,2.954,0.731,5,"a_q_reg[16]/C","ecc_product_q_reg[473]/CE","other","FDCE=2;LUT2=3;LUT5=1;LUT6=1"
774,0.750,5.000,4.039,1.085,2.954,0.731,5,"a_q_reg[16]/C","ecc_product_q_reg[474]/CE","other","FDCE=2;LUT2=3;LUT5=1;LUT6=1"
775,0.750,5.000,4.039,1.085,2.954,0.731,5,"a_q_reg[16]/C","ecc_product_q_reg[475]/CE","other","FDCE=2;LUT2=3;LUT5=1;LUT6=1"
776,0.750,5.000,4.039,1.085,2.954,0.731,5,"a_q_reg[16]/C","ecc_product_q_reg[476]/CE","other","FDCE=2;LUT2=3;LUT5=1;LUT6=1"
777,0.750,5.000,4.039,1.085,2.954,0.731,5,"a_q_reg[16]/C","ecc_product_q_reg[477]/CE","other","FDCE=2;LUT2=3;LUT5=1;LUT6=1"
778,0.750,5.000,4.039,1.085,2.954,0.731,5,"a_q_reg[16]/C","ecc_product_q_reg[478]/CE","other","FDCE=2;LUT2=3;LUT5=1;LUT6=1"
779,0.750,5.000,4.039,1.085,2.954,0.731,5,"a_q_reg[16]/C","ecc_product_q_reg[479]/CE","other","FDCE=2;LUT2=3;LUT5=1;LUT6=1"
780,0.750,5.000,4.039,1.085,2.954,0.731,5,"a_q_reg[16]/C","ecc_product_q_reg[47]/CE","other","FDCE=2;LUT2=3;LUT5=1;LUT6=1"
781,0.750,5.000,4.039,1.085,2.954,0.731,5,"a_q_reg[16]/C","ecc_product_q_reg[480]/CE","other","FDCE=2;LUT2=3;LUT5=1;LUT6=1"
782,0.750,5.000,4.039,1.085,2.954,0.731,5,"a_q_reg[16]/C","ecc_product_q_reg[481]/CE","other","FDCE=2;LUT2=3;LUT5=1;LUT6=1"
783,0.750,5.000,4.039,1.085,2.954,0.731,5,"a_q_reg[16]/C","ecc_product_q_reg[482]/CE","other","FDCE=2;LUT2=3;LUT5=1;LUT6=1"
784,0.750,5.000,4.039,1.085,2.954,0.731,5,"a_q_reg[16]/C","ecc_product_q_reg[483]/CE","other","FDCE=2;LUT2=3;LUT5=1;LUT6=1"
785,0.750,5.000,4.039,1.085,2.954,0.731,5,"a_q_reg[16]/C","ecc_product_q_reg[484]/CE","other","FDCE=2;LUT2=3;LUT5=1;LUT6=1"
786,0.750,5.000,4.039,1.085,2.954,0.731,5,"a_q_reg[16]/C","ecc_product_q_reg[485]/CE","other","FDCE=2;LUT2=3;LUT5=1;LUT6=1"
787,0.750,5.000,4.039,1.085,2.954,0.731,5,"a_q_reg[16]/C","ecc_product_q_reg[486]/CE","other","FDCE=2;LUT2=3;LUT5=1;LUT6=1"
788,0.750,5.000,4.039,1.085,2.954,0.731,5,"a_q_reg[16]/C","ecc_product_q_reg[487]/CE","other","FDCE=2;LUT2=3;LUT5=1;LUT6=1"
789,0.750,5.000,4.039,1.085,2.954,0.731,5,"a_q_reg[16]/C","ecc_product_q_reg[488]/CE","other","FDCE=2;LUT2=3;LUT5=1;LUT6=1"
790,0.750,5.000,4.039,1.085,2.954,0.731,5,"a_q_reg[16]/C","ecc_product_q_reg[489]/CE","other","FDCE=2;LUT2=3;LUT5=1;LUT6=1"
791,0.750,5.000,4.039,1.085,2.954,0.731,5,"a_q_reg[16]/C","ecc_product_q_reg[48]/CE","other","FDCE=2;LUT2=3;LUT5=1;LUT6=1"
792,0.750,5.000,4.039,1.085,2.954,0.731,5,"a_q_reg[16]/C","ecc_product_q_reg[490]/CE","other","FDCE=2;LUT2=3;LUT5=1;LUT6=1"
793,0.750,5.000,4.039,1.085,2.954,0.731,5,"a_q_reg[16]/C","ecc_product_q_reg[491]/CE","other","FDCE=2;LUT2=3;LUT5=1;LUT6=1"
794,0.750,5.000,4.039,1.085,2.954,0.731,5,"a_q_reg[16]/C","ecc_product_q_reg[492]/CE","other","FDCE=2;LUT2=3;LUT5=1;LUT6=1"
795,0.750,5.000,4.039,1.085,2.954,0.731,5,"a_q_reg[16]/C","ecc_product_q_reg[493]/CE","other","FDCE=2;LUT2=3;LUT5=1;LUT6=1"
796,0.750,5.000,4.039,1.085,2.954,0.731,5,"a_q_reg[16]/C","ecc_product_q_reg[494]/CE","other","FDCE=2;LUT2=3;LUT5=1;LUT6=1"
797,0.750,5.000,4.039,1.085,2.954,0.731,5,"a_q_reg[16]/C","ecc_product_q_reg[495]/CE","other","FDCE=2;LUT2=3;LUT5=1;LUT6=1"
798,0.750,5.000,4.039,1.085,2.954,0.731,5,"a_q_reg[16]/C","ecc_product_q_reg[496]/CE","other","FDCE=2;LUT2=3;LUT5=1;LUT6=1"
799,0.750,5.000,4.039,1.085,2.954,0.731,5,"a_q_reg[16]/C","ecc_product_q_reg[497]/CE","other","FDCE=2;LUT2=3;LUT5=1;LUT6=1"
800,0.750,5.000,4.039,1.085,2.954,0.731,5,"a_q_reg[16]/C","ecc_product_q_reg[498]/CE","other","FDCE=2;LUT2=3;LUT5=1;LUT6=1"
801,0.750,5.000,4.039,1.085,2.954,0.731,5,"a_q_reg[16]/C","ecc_product_q_reg[499]/CE","other","FDCE=2;LUT2=3;LUT5=1;LUT6=1"
802,0.750,5.000,4.039,1.085,2.954,0.731,5,"a_q_reg[16]/C","ecc_product_q_reg[49]/CE","other","FDCE=2;LUT2=3;LUT5=1;LUT6=1"
803,0.750,5.000,4.039,1.085,2.954,0.731,5,"a_q_reg[16]/C","ecc_product_q_reg[4]/CE","other","FDCE=2;LUT2=3;LUT5=1;LUT6=1"
804,0.750,5.000,4.039,1.085,2.954,0.731,5,"a_q_reg[16]/C","ecc_product_q_reg[500]/CE","other","FDCE=2;LUT2=3;LUT5=1;LUT6=1"
805,0.750,5.000,4.039,1.085,2.954,0.731,5,"a_q_reg[16]/C","ecc_product_q_reg[501]/CE","other","FDCE=2;LUT2=3;LUT5=1;LUT6=1"
806,0.750,5.000,4.039,1.085,2.954,0.731,5,"a_q_reg[16]/C","ecc_product_q_reg[502]/CE","other","FDCE=2;LUT2=3;LUT5=1;LUT6=1"
807,0.750,5.000,4.039,1.085,2.954,0.731,5,"a_q_reg[16]/C","ecc_product_q_reg[503]/CE","other","FDCE=2;LUT2=3;LUT5=1;LUT6=1"
808,0.750,5.000,4.039,1.085,2.954,0.731,5,"a_q_reg[16]/C","ecc_product_q_reg[504]/CE","other","FDCE=2;LUT2=3;LUT5=1;LUT6=1"
809,0.750,5.000,4.039,1.085,2.954,0.731,5,"a_q_reg[16]/C","ecc_product_q_reg[505]/CE","other","FDCE=2;LUT2=3;LUT5=1;LUT6=1"
810,0.750,5.000,4.039,1.085,2.954,0.731,5,"a_q_reg[16]/C","ecc_product_q_reg[506]/CE","other","FDCE=2;LUT2=3;LUT5=1;LUT6=1"
811,0.750,5.000,4.039,1.085,2.954,0.731,5,"a_q_reg[16]/C","ecc_product_q_reg[507]/CE","other","FDCE=2;LUT2=3;LUT5=1;LUT6=1"
812,0.750,5.000,4.039,1.085,2.954,0.731,5,"a_q_reg[16]/C","ecc_product_q_reg[508]/CE","other","FDCE=2;LUT2=3;LUT5=1;LUT6=1"
813,0.750,5.000,4.039,1.085,2.954,0.731,5,"a_q_reg[16]/C","ecc_product_q_reg[509]/CE","other","FDCE=2;LUT2=3;LUT5=1;LUT6=1"
814,0.750,5.000,4.039,1.085,2.954,0.731,5,"a_q_reg[16]/C","ecc_product_q_reg[50]/CE","other","FDCE=2;LUT2=3;LUT5=1;LUT6=1"
815,0.750,5.000,4.039,1.085,2.954,0.731,5,"a_q_reg[16]/C","ecc_product_q_reg[510]/CE","other","FDCE=2;LUT2=3;LUT5=1;LUT6=1"
816,0.750,5.000,4.039,1.085,2.954,0.731,5,"a_q_reg[16]/C","ecc_product_q_reg[51]/CE","other","FDCE=2;LUT2=3;LUT5=1;LUT6=1"
817,0.750,5.000,4.039,1.085,2.954,0.731,5,"a_q_reg[16]/C","ecc_product_q_reg[52]/CE","other","FDCE=2;LUT2=3;LUT5=1;LUT6=1"
818,0.750,5.000,4.039,1.085,2.954,0.731,5,"a_q_reg[16]/C","ecc_product_q_reg[53]/CE","other","FDCE=2;LUT2=3;LUT5=1;LUT6=1"
819,0.750,5.000,4.039,1.085,2.954,0.731,5,"a_q_reg[16]/C","ecc_product_q_reg[54]/CE","other","FDCE=2;LUT2=3;LUT5=1;LUT6=1"
820,0.750,5.000,4.039,1.085,2.954,0.731,5,"a_q_reg[16]/C","ecc_product_q_reg[55]/CE","other","FDCE=2;LUT2=3;LUT5=1;LUT6=1"
821,0.750,5.000,4.039,1.085,2.954,0.731,5,"a_q_reg[16]/C","ecc_product_q_reg[56]/CE","other","FDCE=2;LUT2=3;LUT5=1;LUT6=1"
822,0.750,5.000,4.039,1.085,2.954,0.731,5,"a_q_reg[16]/C","ecc_product_q_reg[57]/CE","other","FDCE=2;LUT2=3;LUT5=1;LUT6=1"
823,0.750,5.000,4.039,1.085,2.954,0.731,5,"a_q_reg[16]/C","ecc_product_q_reg[58]/CE","other","FDCE=2;LUT2=3;LUT5=1;LUT6=1"
824,0.750,5.000,4.039,1.085,2.954,0.731,5,"a_q_reg[16]/C","ecc_product_q_reg[59]/CE","other","FDCE=2;LUT2=3;LUT5=1;LUT6=1"
825,0.750,5.000,4.039,1.085,2.954,0.731,5,"a_q_reg[16]/C","ecc_product_q_reg[5]/CE","other","FDCE=2;LUT2=3;LUT5=1;LUT6=1"
826,0.750,5.000,4.039,1.085,2.954,0.731,5,"a_q_reg[16]/C","ecc_product_q_reg[60]/CE","other","FDCE=2;LUT2=3;LUT5=1;LUT6=1"
827,0.750,5.000,4.039,1.085,2.954,0.731,5,"a_q_reg[16]/C","ecc_product_q_reg[61]/CE","other","FDCE=2;LUT2=3;LUT5=1;LUT6=1"
828,0.750,5.000,4.039,1.085,2.954,0.731,5,"a_q_reg[16]/C","ecc_product_q_reg[62]/CE","other","FDCE=2;LUT2=3;LUT5=1;LUT6=1"
829,0.750,5.000,4.039,1.085,2.954,0.731,5,"a_q_reg[16]/C","ecc_product_q_reg[63]/CE","other","FDCE=2;LUT2=3;LUT5=1;LUT6=1"
830,0.750,5.000,4.039,1.085,2.954,0.731,5,"a_q_reg[16]/C","ecc_product_q_reg[64]/CE","other","FDCE=2;LUT2=3;LUT5=1;LUT6=1"
831,0.750,5.000,4.039,1.085,2.954,0.731,5,"a_q_reg[16]/C","ecc_product_q_reg[65]/CE","other","FDCE=2;LUT2=3;LUT5=1;LUT6=1"
832,0.750,5.000,4.039,1.085,2.954,0.731,5,"a_q_reg[16]/C","ecc_product_q_reg[66]/CE","other","FDCE=2;LUT2=3;LUT5=1;LUT6=1"
833,0.750,5.000,4.039,1.085,2.954,0.731,5,"a_q_reg[16]/C","ecc_product_q_reg[67]/CE","other","FDCE=2;LUT2=3;LUT5=1;LUT6=1"
834,0.750,5.000,4.039,1.085,2.954,0.731,5,"a_q_reg[16]/C","ecc_product_q_reg[68]/CE","other","FDCE=2;LUT2=3;LUT5=1;LUT6=1"
835,0.750,5.000,4.039,1.085,2.954,0.731,5,"a_q_reg[16]/C","ecc_product_q_reg[69]/CE","other","FDCE=2;LUT2=3;LUT5=1;LUT6=1"
836,0.750,5.000,4.039,1.085,2.954,0.731,5,"a_q_reg[16]/C","ecc_product_q_reg[6]/CE","other","FDCE=2;LUT2=3;LUT5=1;LUT6=1"
837,0.750,5.000,4.039,1.085,2.954,0.731,5,"a_q_reg[16]/C","ecc_product_q_reg[70]/CE","other","FDCE=2;LUT2=3;LUT5=1;LUT6=1"
838,0.750,5.000,4.039,1.085,2.954,0.731,5,"a_q_reg[16]/C","ecc_product_q_reg[71]/CE","other","FDCE=2;LUT2=3;LUT5=1;LUT6=1"
839,0.750,5.000,4.039,1.085,2.954,0.731,5,"a_q_reg[16]/C","ecc_product_q_reg[72]/CE","other","FDCE=2;LUT2=3;LUT5=1;LUT6=1"
840,0.750,5.000,4.039,1.085,2.954,0.731,5,"a_q_reg[16]/C","ecc_product_q_reg[73]/CE","other","FDCE=2;LUT2=3;LUT5=1;LUT6=1"
841,0.750,5.000,4.039,1.085,2.954,0.731,5,"a_q_reg[16]/C","ecc_product_q_reg[74]/CE","other","FDCE=2;LUT2=3;LUT5=1;LUT6=1"
842,0.750,5.000,4.039,1.085,2.954,0.731,5,"a_q_reg[16]/C","ecc_product_q_reg[75]/CE","other","FDCE=2;LUT2=3;LUT5=1;LUT6=1"
843,0.750,5.000,4.039,1.085,2.954,0.731,5,"a_q_reg[16]/C","ecc_product_q_reg[76]/CE","other","FDCE=2;LUT2=3;LUT5=1;LUT6=1"
844,0.750,5.000,4.039,1.085,2.954,0.731,5,"a_q_reg[16]/C","ecc_product_q_reg[77]/CE","other","FDCE=2;LUT2=3;LUT5=1;LUT6=1"
845,0.750,5.000,4.039,1.085,2.954,0.731,5,"a_q_reg[16]/C","ecc_product_q_reg[78]/CE","other","FDCE=2;LUT2=3;LUT5=1;LUT6=1"
846,0.750,5.000,4.039,1.085,2.954,0.731,5,"a_q_reg[16]/C","ecc_product_q_reg[79]/CE","other","FDCE=2;LUT2=3;LUT5=1;LUT6=1"
847,0.750,5.000,4.039,1.085,2.954,0.731,5,"a_q_reg[16]/C","ecc_product_q_reg[7]/CE","other","FDCE=2;LUT2=3;LUT5=1;LUT6=1"
848,0.750,5.000,4.039,1.085,2.954,0.731,5,"a_q_reg[16]/C","ecc_product_q_reg[80]/CE","other","FDCE=2;LUT2=3;LUT5=1;LUT6=1"
849,0.750,5.000,4.039,1.085,2.954,0.731,5,"a_q_reg[16]/C","ecc_product_q_reg[81]/CE","other","FDCE=2;LUT2=3;LUT5=1;LUT6=1"
850,0.750,5.000,4.039,1.085,2.954,0.731,5,"a_q_reg[16]/C","ecc_product_q_reg[82]/CE","other","FDCE=2;LUT2=3;LUT5=1;LUT6=1"
851,0.750,5.000,4.039,1.085,2.954,0.731,5,"a_q_reg[16]/C","ecc_product_q_reg[83]/CE","other","FDCE=2;LUT2=3;LUT5=1;LUT6=1"
852,0.750,5.000,4.039,1.085,2.954,0.731,5,"a_q_reg[16]/C","ecc_product_q_reg[84]/CE","other","FDCE=2;LUT2=3;LUT5=1;LUT6=1"
853,0.750,5.000,4.039,1.085,2.954,0.731,5,"a_q_reg[16]/C","ecc_product_q_reg[85]/CE","other","FDCE=2;LUT2=3;LUT5=1;LUT6=1"
854,0.750,5.000,4.039,1.085,2.954,0.731,5,"a_q_reg[16]/C","ecc_product_q_reg[86]/CE","other","FDCE=2;LUT2=3;LUT5=1;LUT6=1"
855,0.750,5.000,4.039,1.085,2.954,0.731,5,"a_q_reg[16]/C","ecc_product_q_reg[87]/CE","other","FDCE=2;LUT2=3;LUT5=1;LUT6=1"
856,0.750,5.000,4.039,1.085,2.954,0.731,5,"a_q_reg[16]/C","ecc_product_q_reg[88]/CE","other","FDCE=2;LUT2=3;LUT5=1;LUT6=1"
857,0.750,5.000,4.039,1.085,2.954,0.731,5,"a_q_reg[16]/C","ecc_product_q_reg[89]/CE","other","FDCE=2;LUT2=3;LUT5=1;LUT6=1"
858,0.750,5.000,4.039,1.085,2.954,0.731,5,"a_q_reg[16]/C","ecc_product_q_reg[8]/CE","other","FDCE=2;LUT2=3;LUT5=1;LUT6=1"
859,0.750,5.000,4.039,1.085,2.954,0.731,5,"a_q_reg[16]/C","ecc_product_q_reg[90]/CE","other","FDCE=2;LUT2=3;LUT5=1;LUT6=1"
860,0.750,5.000,4.039,1.085,2.954,0.731,5,"a_q_reg[16]/C","ecc_product_q_reg[91]/CE","other","FDCE=2;LUT2=3;LUT5=1;LUT6=1"
861,0.750,5.000,4.039,1.085,2.954,0.731,5,"a_q_reg[16]/C","ecc_product_q_reg[92]/CE","other","FDCE=2;LUT2=3;LUT5=1;LUT6=1"
862,0.750,5.000,4.039,1.085,2.954,0.731,5,"a_q_reg[16]/C","ecc_product_q_reg[93]/CE","other","FDCE=2;LUT2=3;LUT5=1;LUT6=1"
863,0.750,5.000,4.039,1.085,2.954,0.731,5,"a_q_reg[16]/C","ecc_product_q_reg[94]/CE","other","FDCE=2;LUT2=3;LUT5=1;LUT6=1"
864,0.750,5.000,4.039,1.085,2.954,0.731,5,"a_q_reg[16]/C","ecc_product_q_reg[95]/CE","other","FDCE=2;LUT2=3;LUT5=1;LUT6=1"
865,0.750,5.000,4.039,1.085,2.954,0.731,5,"a_q_reg[16]/C","ecc_product_q_reg[96]/CE","other","FDCE=2;LUT2=3;LUT5=1;LUT6=1"
866,0.750,5.000,4.039,1.085,2.954,0.731,5,"a_q_reg[16]/C","ecc_product_q_reg[97]/CE","other","FDCE=2;LUT2=3;LUT5=1;LUT6=1"
867,0.750,5.000,4.039,1.085,2.954,0.731,5,"a_q_reg[16]/C","ecc_product_q_reg[98]/CE","other","FDCE=2;LUT2=3;LUT5=1;LUT6=1"
868,0.750,5.000,4.039,1.085,2.954,0.731,5,"a_q_reg[16]/C","ecc_product_q_reg[99]/CE","other","FDCE=2;LUT2=3;LUT5=1;LUT6=1"
869,0.750,5.000,4.039,1.085,2.954,0.731,5,"a_q_reg[16]/C","ecc_product_q_reg[9]/CE","other","FDCE=2;LUT2=3;LUT5=1;LUT6=1"
870,0.902,5.000,4.124,1.864,2.260,0.548,5,"gen_lane[2].i_p2_pop_slice/popcount_part_q_o_reg[1][0]/C","group_dist_q_reg[3]/D","P2 popcount capture","CARRY4=2;FDCE=2;LUT3=2;LUT5=1"
871,1.180,5.000,3.817,1.659,2.158,0.565,5,"a_q_reg[4]/C","FSM_onehot_st_q_reg[23]/D","TOP control","CARRY4=1;FDCE=2;LUT4=1;LUT6=3"
872,1.286,5.000,3.711,1.000,2.711,0.731,4,"gen_lane[0].i_p2_pop_slice/src_a_q_reg[18]/C","gen_lane[0].i_p2_pop_slice/popcount_part_q_o_reg[0][1]/D","P2 popcount capture","FDCE=2;LUT3=2;LUT5=1;LUT6=1"
873,1.286,5.000,3.711,1.000,2.711,0.731,4,"gen_lane[0].i_p2_pop_slice/src_a_q_reg[50]/C","gen_lane[0].i_p2_pop_slice/popcount_part_q_o_reg[1][1]/D","P2 popcount capture","FDCE=2;LUT3=2;LUT5=1;LUT6=1"
874,1.286,5.000,3.711,1.000,2.711,0.731,4,"gen_lane[1].i_p2_pop_slice/src_a_q_reg[18]/C","gen_lane[1].i_p2_pop_slice/popcount_part_q_o_reg[0][1]/D","P2 popcount capture","FDCE=2;LUT3=2;LUT5=1;LUT6=1"
875,1.286,5.000,3.711,1.000,2.711,0.731,4,"gen_lane[1].i_p2_pop_slice/src_a_q_reg[50]/C","gen_lane[1].i_p2_pop_slice/popcount_part_q_o_reg[1][1]/D","P2 popcount capture","FDCE=2;LUT3=2;LUT5=1;LUT6=1"
876,1.286,5.000,3.711,1.000,2.711,0.731,4,"gen_lane[2].i_p2_pop_slice/src_a_q_reg[18]/C","gen_lane[2].i_p2_pop_slice/popcount_part_q_o_reg[0][1]/D","P2 popcount capture","FDCE=2;LUT3=2;LUT5=1;LUT6=1"
877,1.286,5.000,3.711,1.000,2.711,0.731,4,"gen_lane[2].i_p2_pop_slice/src_a_q_reg[50]/C","gen_lane[2].i_p2_pop_slice/popcount_part_q_o_reg[1][1]/D","P2 popcount capture","FDCE=2;LUT3=2;LUT5=1;LUT6=1"
878,1.286,5.000,3.711,1.000,2.711,0.731,4,"gen_lane[3].i_p2_pop_slice/src_a_q_reg[18]/C","gen_lane[3].i_p2_pop_slice/popcount_part_q_o_reg[0][1]/D","P2 popcount capture","FDCE=2;LUT3=2;LUT5=1;LUT6=1"
879,1.286,5.000,3.711,1.000,2.711,0.731,4,"gen_lane[3].i_p2_pop_slice/src_a_q_reg[50]/C","gen_lane[3].i_p2_pop_slice/popcount_part_q_o_reg[1][1]/D","P2 popcount capture","FDCE=2;LUT3=2;LUT5=1;LUT6=1"
880,1.323,5.000,3.674,1.203,2.471,0.673,6,"hmatch_best_dist_q_reg[0]/C","hmatch_budget_q_reg[10]/D","HMATCH reduction/compare","FDCE=2;LUT5=1;LUT6=5"
881,1.323,5.000,3.674,1.203,2.471,0.673,6,"hmatch_best_dist_q_reg[0]/C","hmatch_budget_q_reg[11]_inv/D","HMATCH reduction/compare","FDCE=1;FDPE=1;LUT5=2;LUT6=4"
882,1.342,5.000,3.447,0.980,2.467,0.716,4,"a_q_reg[16]/C","ecc_b_q_reg[0]/CE","other","FDCE=2;LUT2=2;LUT5=1;LUT6=1"
883,1.342,5.000,3.447,0.980,2.467,0.716,4,"a_q_reg[16]/C","ecc_b_q_reg[100]/CE","other","FDCE=2;LUT2=2;LUT5=1;LUT6=1"
884,1.342,5.000,3.447,0.980,2.467,0.716,4,"a_q_reg[16]/C","ecc_b_q_reg[101]/CE","other","FDCE=2;LUT2=2;LUT5=1;LUT6=1"
885,1.342,5.000,3.447,0.980,2.467,0.716,4,"a_q_reg[16]/C","ecc_b_q_reg[102]/CE","other","FDCE=2;LUT2=2;LUT5=1;LUT6=1"
886,1.342,5.000,3.447,0.980,2.467,0.716,4,"a_q_reg[16]/C","ecc_b_q_reg[103]/CE","other","FDCE=2;LUT2=2;LUT5=1;LUT6=1"
887,1.342,5.000,3.447,0.980,2.467,0.716,4,"a_q_reg[16]/C","ecc_b_q_reg[104]/CE","other","FDCE=2;LUT2=2;LUT5=1;LUT6=1"
888,1.342,5.000,3.447,0.980,2.467,0.716,4,"a_q_reg[16]/C","ecc_b_q_reg[105]/CE","other","FDCE=2;LUT2=2;LUT5=1;LUT6=1"
889,1.342,5.000,3.447,0.980,2.467,0.716,4,"a_q_reg[16]/C","ecc_b_q_reg[106]/CE","other","FDCE=2;LUT2=2;LUT5=1;LUT6=1"
890,1.342,5.000,3.447,0.980,2.467,0.716,4,"a_q_reg[16]/C","ecc_b_q_reg[107]/CE","other","FDCE=2;LUT2=2;LUT5=1;LUT6=1"
891,1.342,5.000,3.447,0.980,2.467,0.716,4,"a_q_reg[16]/C","ecc_b_q_reg[108]/CE","other","FDCE=2;LUT2=2;LUT5=1;LUT6=1"
892,1.342,5.000,3.447,0.980,2.467,0.716,4,"a_q_reg[16]/C","ecc_b_q_reg[109]/CE","other","FDCE=2;LUT2=2;LUT5=1;LUT6=1"
893,1.342,5.000,3.447,0.980,2.467,0.716,4,"a_q_reg[16]/C","ecc_b_q_reg[10]/CE","other","FDCE=2;LUT2=2;LUT5=1;LUT6=1"
894,1.342,5.000,3.447,0.980,2.467,0.716,4,"a_q_reg[16]/C","ecc_b_q_reg[110]/CE","other","FDCE=2;LUT2=2;LUT5=1;LUT6=1"
895,1.342,5.000,3.447,0.980,2.467,0.716,4,"a_q_reg[16]/C","ecc_b_q_reg[111]/CE","other","FDCE=2;LUT2=2;LUT5=1;LUT6=1"
896,1.342,5.000,3.447,0.980,2.467,0.716,4,"a_q_reg[16]/C","ecc_b_q_reg[112]/CE","other","FDCE=2;LUT2=2;LUT5=1;LUT6=1"
897,1.342,5.000,3.447,0.980,2.467,0.716,4,"a_q_reg[16]/C","ecc_b_q_reg[113]/CE","other","FDCE=2;LUT2=2;LUT5=1;LUT6=1"
898,1.342,5.000,3.447,0.980,2.467,0.716,4,"a_q_reg[16]/C","ecc_b_q_reg[114]/CE","other","FDCE=2;LUT2=2;LUT5=1;LUT6=1"
899,1.342,5.000,3.447,0.980,2.467,0.716,4,"a_q_reg[16]/C","ecc_b_q_reg[115]/CE","other","FDCE=2;LUT2=2;LUT5=1;LUT6=1"
900,1.342,5.000,3.447,0.980,2.467,0.716,4,"a_q_reg[16]/C","ecc_b_q_reg[116]/CE","other","FDCE=2;LUT2=2;LUT5=1;LUT6=1"
901,1.342,5.000,3.447,0.980,2.467,0.716,4,"a_q_reg[16]/C","ecc_b_q_reg[117]/CE","other","FDCE=2;LUT2=2;LUT5=1;LUT6=1"
902,1.342,5.000,3.447,0.980,2.467,0.716,4,"a_q_reg[16]/C","ecc_b_q_reg[118]/CE","other","FDCE=2;LUT2=2;LUT5=1;LUT6=1"
903,1.342,5.000,3.447,0.980,2.467,0.716,4,"a_q_reg[16]/C","ecc_b_q_reg[119]/CE","other","FDCE=2;LUT2=2;LUT5=1;LUT6=1"
904,1.342,5.000,3.447,0.980,2.467,0.716,4,"a_q_reg[16]/C","ecc_b_q_reg[11]/CE","other","FDCE=2;LUT2=2;LUT5=1;LUT6=1"
905,1.342,5.000,3.447,0.980,2.467,0.716,4,"a_q_reg[16]/C","ecc_b_q_reg[120]/CE","other","FDCE=2;LUT2=2;LUT5=1;LUT6=1"
906,1.342,5.000,3.447,0.980,2.467,0.716,4,"a_q_reg[16]/C","ecc_b_q_reg[121]/CE","other","FDCE=2;LUT2=2;LUT5=1;LUT6=1"
907,1.342,5.000,3.447,0.980,2.467,0.716,4,"a_q_reg[16]/C","ecc_b_q_reg[122]/CE","other","FDCE=2;LUT2=2;LUT5=1;LUT6=1"
908,1.342,5.000,3.447,0.980,2.467,0.716,4,"a_q_reg[16]/C","ecc_b_q_reg[123]/CE","other","FDCE=2;LUT2=2;LUT5=1;LUT6=1"
909,1.342,5.000,3.447,0.980,2.467,0.716,4,"a_q_reg[16]/C","ecc_b_q_reg[124]/CE","other","FDCE=2;LUT2=2;LUT5=1;LUT6=1"
910,1.342,5.000,3.447,0.980,2.467,0.716,4,"a_q_reg[16]/C","ecc_b_q_reg[125]/CE","other","FDCE=2;LUT2=2;LUT5=1;LUT6=1"
911,1.342,5.000,3.447,0.980,2.467,0.716,4,"a_q_reg[16]/C","ecc_b_q_reg[126]/CE","other","FDCE=2;LUT2=2;LUT5=1;LUT6=1"
912,1.342,5.000,3.447,0.980,2.467,0.716,4,"a_q_reg[16]/C","ecc_b_q_reg[127]/CE","other","FDCE=2;LUT2=2;LUT5=1;LUT6=1"
913,1.342,5.000,3.447,0.980,2.467,0.716,4,"a_q_reg[16]/C","ecc_b_q_reg[128]/CE","other","FDCE=2;LUT2=2;LUT5=1;LUT6=1"
914,1.342,5.000,3.447,0.980,2.467,0.716,4,"a_q_reg[16]/C","ecc_b_q_reg[129]/CE","other","FDCE=2;LUT2=2;LUT5=1;LUT6=1"
915,1.342,5.000,3.447,0.980,2.467,0.716,4,"a_q_reg[16]/C","ecc_b_q_reg[12]/CE","other","FDCE=2;LUT2=2;LUT5=1;LUT6=1"
916,1.342,5.000,3.447,0.980,2.467,0.716,4,"a_q_reg[16]/C","ecc_b_q_reg[130]/CE","other","FDCE=2;LUT2=2;LUT5=1;LUT6=1"
917,1.342,5.000,3.447,0.980,2.467,0.716,4,"a_q_reg[16]/C","ecc_b_q_reg[131]/CE","other","FDCE=2;LUT2=2;LUT5=1;LUT6=1"
918,1.342,5.000,3.447,0.980,2.467,0.716,4,"a_q_reg[16]/C","ecc_b_q_reg[132]/CE","other","FDCE=2;LUT2=2;LUT5=1;LUT6=1"
919,1.342,5.000,3.447,0.980,2.467,0.716,4,"a_q_reg[16]/C","ecc_b_q_reg[133]/CE","other","FDCE=2;LUT2=2;LUT5=1;LUT6=1"
920,1.342,5.000,3.447,0.980,2.467,0.716,4,"a_q_reg[16]/C","ecc_b_q_reg[134]/CE","other","FDCE=2;LUT2=2;LUT5=1;LUT6=1"
921,1.342,5.000,3.447,0.980,2.467,0.716,4,"a_q_reg[16]/C","ecc_b_q_reg[135]/CE","other","FDCE=2;LUT2=2;LUT5=1;LUT6=1"
922,1.342,5.000,3.447,0.980,2.467,0.716,4,"a_q_reg[16]/C","ecc_b_q_reg[136]/CE","other","FDCE=2;LUT2=2;LUT5=1;LUT6=1"
923,1.342,5.000,3.447,0.980,2.467,0.716,4,"a_q_reg[16]/C","ecc_b_q_reg[137]/CE","other","FDCE=2;LUT2=2;LUT5=1;LUT6=1"
924,1.342,5.000,3.447,0.980,2.467,0.716,4,"a_q_reg[16]/C","ecc_b_q_reg[138]/CE","other","FDCE=2;LUT2=2;LUT5=1;LUT6=1"
925,1.342,5.000,3.447,0.980,2.467,0.716,4,"a_q_reg[16]/C","ecc_b_q_reg[139]/CE","other","FDCE=2;LUT2=2;LUT5=1;LUT6=1"
926,1.342,5.000,3.447,0.980,2.467,0.716,4,"a_q_reg[16]/C","ecc_b_q_reg[13]/CE","other","FDCE=2;LUT2=2;LUT5=1;LUT6=1"
927,1.342,5.000,3.447,0.980,2.467,0.716,4,"a_q_reg[16]/C","ecc_b_q_reg[140]/CE","other","FDCE=2;LUT2=2;LUT5=1;LUT6=1"
928,1.342,5.000,3.447,0.980,2.467,0.716,4,"a_q_reg[16]/C","ecc_b_q_reg[141]/CE","other","FDCE=2;LUT2=2;LUT5=1;LUT6=1"
929,1.342,5.000,3.447,0.980,2.467,0.716,4,"a_q_reg[16]/C","ecc_b_q_reg[142]/CE","other","FDCE=2;LUT2=2;LUT5=1;LUT6=1"
930,1.342,5.000,3.447,0.980,2.467,0.716,4,"a_q_reg[16]/C","ecc_b_q_reg[143]/CE","other","FDCE=2;LUT2=2;LUT5=1;LUT6=1"
931,1.342,5.000,3.447,0.980,2.467,0.716,4,"a_q_reg[16]/C","ecc_b_q_reg[144]/CE","other","FDCE=2;LUT2=2;LUT5=1;LUT6=1"
932,1.342,5.000,3.447,0.980,2.467,0.716,4,"a_q_reg[16]/C","ecc_b_q_reg[145]/CE","other","FDCE=2;LUT2=2;LUT5=1;LUT6=1"
933,1.342,5.000,3.447,0.980,2.467,0.716,4,"a_q_reg[16]/C","ecc_b_q_reg[146]/CE","other","FDCE=2;LUT2=2;LUT5=1;LUT6=1"
934,1.342,5.000,3.447,0.980,2.467,0.716,4,"a_q_reg[16]/C","ecc_b_q_reg[147]/CE","other","FDCE=2;LUT2=2;LUT5=1;LUT6=1"
935,1.342,5.000,3.447,0.980,2.467,0.716,4,"a_q_reg[16]/C","ecc_b_q_reg[148]/CE","other","FDCE=2;LUT2=2;LUT5=1;LUT6=1"
936,1.342,5.000,3.447,0.980,2.467,0.716,4,"a_q_reg[16]/C","ecc_b_q_reg[149]/CE","other","FDCE=2;LUT2=2;LUT5=1;LUT6=1"
937,1.342,5.000,3.447,0.980,2.467,0.716,4,"a_q_reg[16]/C","ecc_b_q_reg[14]/CE","other","FDCE=2;LUT2=2;LUT5=1;LUT6=1"
938,1.342,5.000,3.447,0.980,2.467,0.716,4,"a_q_reg[16]/C","ecc_b_q_reg[150]/CE","other","FDCE=2;LUT2=2;LUT5=1;LUT6=1"
939,1.342,5.000,3.447,0.980,2.467,0.716,4,"a_q_reg[16]/C","ecc_b_q_reg[151]/CE","other","FDCE=2;LUT2=2;LUT5=1;LUT6=1"
940,1.342,5.000,3.447,0.980,2.467,0.716,4,"a_q_reg[16]/C","ecc_b_q_reg[152]/CE","other","FDCE=2;LUT2=2;LUT5=1;LUT6=1"
941,1.342,5.000,3.447,0.980,2.467,0.716,4,"a_q_reg[16]/C","ecc_b_q_reg[153]/CE","other","FDCE=2;LUT2=2;LUT5=1;LUT6=1"
942,1.342,5.000,3.447,0.980,2.467,0.716,4,"a_q_reg[16]/C","ecc_b_q_reg[154]/CE","other","FDCE=2;LUT2=2;LUT5=1;LUT6=1"
943,1.342,5.000,3.447,0.980,2.467,0.716,4,"a_q_reg[16]/C","ecc_b_q_reg[155]/CE","other","FDCE=2;LUT2=2;LUT5=1;LUT6=1"
944,1.342,5.000,3.447,0.980,2.467,0.716,4,"a_q_reg[16]/C","ecc_b_q_reg[156]/CE","other","FDCE=2;LUT2=2;LUT5=1;LUT6=1"
945,1.342,5.000,3.447,0.980,2.467,0.716,4,"a_q_reg[16]/C","ecc_b_q_reg[157]/CE","other","FDCE=2;LUT2=2;LUT5=1;LUT6=1"
946,1.342,5.000,3.447,0.980,2.467,0.716,4,"a_q_reg[16]/C","ecc_b_q_reg[158]/CE","other","FDCE=2;LUT2=2;LUT5=1;LUT6=1"
947,1.342,5.000,3.447,0.980,2.467,0.716,4,"a_q_reg[16]/C","ecc_b_q_reg[159]/CE","other","FDCE=2;LUT2=2;LUT5=1;LUT6=1"
948,1.342,5.000,3.447,0.980,2.467,0.716,4,"a_q_reg[16]/C","ecc_b_q_reg[15]/CE","other","FDCE=2;LUT2=2;LUT5=1;LUT6=1"
949,1.342,5.000,3.447,0.980,2.467,0.716,4,"a_q_reg[16]/C","ecc_b_q_reg[160]/CE","other","FDCE=2;LUT2=2;LUT5=1;LUT6=1"
950,1.342,5.000,3.447,0.980,2.467,0.716,4,"a_q_reg[16]/C","ecc_b_q_reg[161]/CE","other","FDCE=2;LUT2=2;LUT5=1;LUT6=1"
951,1.342,5.000,3.447,0.980,2.467,0.716,4,"a_q_reg[16]/C","ecc_b_q_reg[162]/CE","other","FDCE=2;LUT2=2;LUT5=1;LUT6=1"
952,1.342,5.000,3.447,0.980,2.467,0.716,4,"a_q_reg[16]/C","ecc_b_q_reg[163]/CE","other","FDCE=2;LUT2=2;LUT5=1;LUT6=1"
953,1.342,5.000,3.447,0.980,2.467,0.716,4,"a_q_reg[16]/C","ecc_b_q_reg[164]/CE","other","FDCE=2;LUT2=2;LUT5=1;LUT6=1"
954,1.342,5.000,3.447,0.980,2.467,0.716,4,"a_q_reg[16]/C","ecc_b_q_reg[165]/CE","other","FDCE=2;LUT2=2;LUT5=1;LUT6=1"
955,1.342,5.000,3.447,0.980,2.467,0.716,4,"a_q_reg[16]/C","ecc_b_q_reg[166]/CE","other","FDCE=2;LUT2=2;LUT5=1;LUT6=1"
956,1.342,5.000,3.447,0.980,2.467,0.716,4,"a_q_reg[16]/C","ecc_b_q_reg[167]/CE","other","FDCE=2;LUT2=2;LUT5=1;LUT6=1"
957,1.342,5.000,3.447,0.980,2.467,0.716,4,"a_q_reg[16]/C","ecc_b_q_reg[168]/CE","other","FDCE=2;LUT2=2;LUT5=1;LUT6=1"
958,1.342,5.000,3.447,0.980,2.467,0.716,4,"a_q_reg[16]/C","ecc_b_q_reg[169]/CE","other","FDCE=2;LUT2=2;LUT5=1;LUT6=1"
959,1.342,5.000,3.447,0.980,2.467,0.716,4,"a_q_reg[16]/C","ecc_b_q_reg[16]/CE","other","FDCE=2;LUT2=2;LUT5=1;LUT6=1"
960,1.342,5.000,3.447,0.980,2.467,0.716,4,"a_q_reg[16]/C","ecc_b_q_reg[170]/CE","other","FDCE=2;LUT2=2;LUT5=1;LUT6=1"
961,1.342,5.000,3.447,0.980,2.467,0.716,4,"a_q_reg[16]/C","ecc_b_q_reg[171]/CE","other","FDCE=2;LUT2=2;LUT5=1;LUT6=1"
962,1.342,5.000,3.447,0.980,2.467,0.716,4,"a_q_reg[16]/C","ecc_b_q_reg[172]/CE","other","FDCE=2;LUT2=2;LUT5=1;LUT6=1"
963,1.342,5.000,3.447,0.980,2.467,0.716,4,"a_q_reg[16]/C","ecc_b_q_reg[173]/CE","other","FDCE=2;LUT2=2;LUT5=1;LUT6=1"
964,1.342,5.000,3.447,0.980,2.467,0.716,4,"a_q_reg[16]/C","ecc_b_q_reg[174]/CE","other","FDCE=2;LUT2=2;LUT5=1;LUT6=1"
965,1.342,5.000,3.447,0.980,2.467,0.716,4,"a_q_reg[16]/C","ecc_b_q_reg[175]/CE","other","FDCE=2;LUT2=2;LUT5=1;LUT6=1"
966,1.342,5.000,3.447,0.980,2.467,0.716,4,"a_q_reg[16]/C","ecc_b_q_reg[176]/CE","other","FDCE=2;LUT2=2;LUT5=1;LUT6=1"
967,1.342,5.000,3.447,0.980,2.467,0.716,4,"a_q_reg[16]/C","ecc_b_q_reg[177]/CE","other","FDCE=2;LUT2=2;LUT5=1;LUT6=1"
968,1.342,5.000,3.447,0.980,2.467,0.716,4,"a_q_reg[16]/C","ecc_b_q_reg[178]/CE","other","FDCE=2;LUT2=2;LUT5=1;LUT6=1"
969,1.342,5.000,3.447,0.980,2.467,0.716,4,"a_q_reg[16]/C","ecc_b_q_reg[179]/CE","other","FDCE=2;LUT2=2;LUT5=1;LUT6=1"
970,1.342,5.000,3.447,0.980,2.467,0.716,4,"a_q_reg[16]/C","ecc_b_q_reg[17]/CE","other","FDCE=2;LUT2=2;LUT5=1;LUT6=1"
971,1.342,5.000,3.447,0.980,2.467,0.716,4,"a_q_reg[16]/C","ecc_b_q_reg[180]/CE","other","FDCE=2;LUT2=2;LUT5=1;LUT6=1"
972,1.342,5.000,3.447,0.980,2.467,0.716,4,"a_q_reg[16]/C","ecc_b_q_reg[181]/CE","other","FDCE=2;LUT2=2;LUT5=1;LUT6=1"
973,1.342,5.000,3.447,0.980,2.467,0.716,4,"a_q_reg[16]/C","ecc_b_q_reg[182]/CE","other","FDCE=2;LUT2=2;LUT5=1;LUT6=1"
974,1.342,5.000,3.447,0.980,2.467,0.716,4,"a_q_reg[16]/C","ecc_b_q_reg[183]/CE","other","FDCE=2;LUT2=2;LUT5=1;LUT6=1"
975,1.342,5.000,3.447,0.980,2.467,0.716,4,"a_q_reg[16]/C","ecc_b_q_reg[184]/CE","other","FDCE=2;LUT2=2;LUT5=1;LUT6=1"
976,1.342,5.000,3.447,0.980,2.467,0.716,4,"a_q_reg[16]/C","ecc_b_q_reg[185]/CE","other","FDCE=2;LUT2=2;LUT5=1;LUT6=1"
977,1.342,5.000,3.447,0.980,2.467,0.716,4,"a_q_reg[16]/C","ecc_b_q_reg[186]/CE","other","FDCE=2;LUT2=2;LUT5=1;LUT6=1"
978,1.342,5.000,3.447,0.980,2.467,0.716,4,"a_q_reg[16]/C","ecc_b_q_reg[187]/CE","other","FDCE=2;LUT2=2;LUT5=1;LUT6=1"
979,1.342,5.000,3.447,0.980,2.467,0.716,4,"a_q_reg[16]/C","ecc_b_q_reg[188]/CE","other","FDCE=2;LUT2=2;LUT5=1;LUT6=1"
980,1.342,5.000,3.447,0.980,2.467,0.716,4,"a_q_reg[16]/C","ecc_b_q_reg[189]/CE","other","FDCE=2;LUT2=2;LUT5=1;LUT6=1"
981,1.342,5.000,3.447,0.980,2.467,0.716,4,"a_q_reg[16]/C","ecc_b_q_reg[18]/CE","other","FDCE=2;LUT2=2;LUT5=1;LUT6=1"
982,1.342,5.000,3.447,0.980,2.467,0.716,4,"a_q_reg[16]/C","ecc_b_q_reg[190]/CE","other","FDCE=2;LUT2=2;LUT5=1;LUT6=1"
983,1.342,5.000,3.447,0.980,2.467,0.716,4,"a_q_reg[16]/C","ecc_b_q_reg[191]/CE","other","FDCE=2;LUT2=2;LUT5=1;LUT6=1"
984,1.342,5.000,3.447,0.980,2.467,0.716,4,"a_q_reg[16]/C","ecc_b_q_reg[192]/CE","other","FDCE=2;LUT2=2;LUT5=1;LUT6=1"
985,1.342,5.000,3.447,0.980,2.467,0.716,4,"a_q_reg[16]/C","ecc_b_q_reg[193]/CE","other","FDCE=2;LUT2=2;LUT5=1;LUT6=1"
986,1.342,5.000,3.447,0.980,2.467,0.716,4,"a_q_reg[16]/C","ecc_b_q_reg[194]/CE","other","FDCE=2;LUT2=2;LUT5=1;LUT6=1"
987,1.342,5.000,3.447,0.980,2.467,0.716,4,"a_q_reg[16]/C","ecc_b_q_reg[195]/CE","other","FDCE=2;LUT2=2;LUT5=1;LUT6=1"
988,1.342,5.000,3.447,0.980,2.467,0.716,4,"a_q_reg[16]/C","ecc_b_q_reg[196]/CE","other","FDCE=2;LUT2=2;LUT5=1;LUT6=1"
989,1.342,5.000,3.447,0.980,2.467,0.716,4,"a_q_reg[16]/C","ecc_b_q_reg[197]/CE","other","FDCE=2;LUT2=2;LUT5=1;LUT6=1"
990,1.342,5.000,3.447,0.980,2.467,0.716,4,"a_q_reg[16]/C","ecc_b_q_reg[198]/CE","other","FDCE=2;LUT2=2;LUT5=1;LUT6=1"
991,1.342,5.000,3.447,0.980,2.467,0.716,4,"a_q_reg[16]/C","ecc_b_q_reg[199]/CE","other","FDCE=2;LUT2=2;LUT5=1;LUT6=1"
992,1.342,5.000,3.447,0.980,2.467,0.716,4,"a_q_reg[16]/C","ecc_b_q_reg[19]/CE","other","FDCE=2;LUT2=2;LUT5=1;LUT6=1"
993,1.342,5.000,3.447,0.980,2.467,0.716,4,"a_q_reg[16]/C","ecc_b_q_reg[1]/CE","other","FDCE=2;LUT2=2;LUT5=1;LUT6=1"
994,1.342,5.000,3.447,0.980,2.467,0.716,4,"a_q_reg[16]/C","ecc_b_q_reg[200]/CE","other","FDCE=2;LUT2=2;LUT5=1;LUT6=1"
995,1.342,5.000,3.447,0.980,2.467,0.716,4,"a_q_reg[16]/C","ecc_b_q_reg[201]/CE","other","FDCE=2;LUT2=2;LUT5=1;LUT6=1"
996,1.342,5.000,3.447,0.980,2.467,0.716,4,"a_q_reg[16]/C","ecc_b_q_reg[202]/CE","other","FDCE=2;LUT2=2;LUT5=1;LUT6=1"
997,1.342,5.000,3.447,0.980,2.467,0.716,4,"a_q_reg[16]/C","ecc_b_q_reg[203]/CE","other","FDCE=2;LUT2=2;LUT5=1;LUT6=1"
998,1.342,5.000,3.447,0.980,2.467,0.716,4,"a_q_reg[16]/C","ecc_b_q_reg[204]/CE","other","FDCE=2;LUT2=2;LUT5=1;LUT6=1"
999,1.342,5.000,3.447,0.980,2.467,0.716,4,"a_q_reg[16]/C","ecc_b_q_reg[205]/CE","other","FDCE=2;LUT2=2;LUT5=1;LUT6=1"
1000,1.342,5.000,3.447,0.980,2.467,0.716,4,"a_q_reg[16]/C","ecc_b_q_reg[206]/CE","other","FDCE=2;LUT2=2;LUT5=1;LUT6=1"
