rank,slack_ns,required_time_ns,data_path_delay_ns,logic_delay_ns,route_delay_ns,route_ratio,logic_levels,startpoint,endpoint,path_class,main_cells
1,0.061,5.000,4.936,1.105,3.831,0.776,5,"gen_lane[0].i_p2_pop_slice/bool_result_q_reg[17]/C","gen_lane[0].i_p2_pop_slice/popcount_part_q_o_reg[0][5]/D","P2 popcount capture","FDCE=2;LUT3=1;LUT5=2;LUT6=2"
2,0.061,5.000,4.936,1.105,3.831,0.776,5,"gen_lane[0].i_p2_pop_slice/bool_result_q_reg[49]/C","gen_lane[0].i_p2_pop_slice/popcount_part_q_o_reg[1][5]/D","P2 popcount capture","FDCE=2;LUT3=1;LUT5=2;LUT6=2"
3,0.061,5.000,4.936,1.105,3.831,0.776,5,"gen_lane[1].i_p2_pop_slice/bool_result_q_reg[17]/C","gen_lane[1].i_p2_pop_slice/popcount_part_q_o_reg[0][5]/D","P2 popcount capture","FDCE=2;LUT3=1;LUT5=2;LUT6=2"
4,0.061,5.000,4.936,1.105,3.831,0.776,5,"gen_lane[1].i_p2_pop_slice/bool_result_q_reg[49]/C","gen_lane[1].i_p2_pop_slice/popcount_part_q_o_reg[1][5]/D","P2 popcount capture","FDCE=2;LUT3=1;LUT5=2;LUT6=2"
5,0.061,5.000,4.936,1.105,3.831,0.776,5,"gen_lane[2].i_p2_pop_slice/bool_result_q_reg[17]/C","gen_lane[2].i_p2_pop_slice/popcount_part_q_o_reg[0][5]/D","P2 popcount capture","FDCE=2;LUT3=1;LUT5=2;LUT6=2"
6,0.061,5.000,4.936,1.105,3.831,0.776,5,"gen_lane[2].i_p2_pop_slice/bool_result_q_reg[49]/C","gen_lane[2].i_p2_pop_slice/popcount_part_q_o_reg[1][5]/D","P2 popcount capture","FDCE=2;LUT3=1;LUT5=2;LUT6=2"
7,0.061,5.000,4.936,1.105,3.831,0.776,5,"gen_lane[3].i_p2_pop_slice/bool_result_q_reg[17]/C","gen_lane[3].i_p2_pop_slice/popcount_part_q_o_reg[0][5]/D","P2 popcount capture","FDCE=2;LUT3=1;LUT5=2;LUT6=2"
8,0.061,5.000,4.936,1.105,3.831,0.776,5,"gen_lane[3].i_p2_pop_slice/bool_result_q_reg[49]/C","gen_lane[3].i_p2_pop_slice/popcount_part_q_o_reg[1][5]/D","P2 popcount capture","FDCE=2;LUT3=1;LUT5=2;LUT6=2"
9,0.326,5.000,4.700,2.246,2.454,0.522,7,"gen_lane[0].i_p2_pop_slice/popcount_part_q_o_reg[0][0]/C","group_dist_q_reg[8]/D","P2 popcount capture","CARRY4=4;FDCE=2;LUT3=2;LUT5=1"
10,0.417,5.000,4.580,1.105,3.475,0.759,5,"gen_lane[0].i_p2_pop_slice/bool_result_q_reg[17]/C","gen_lane[0].i_p2_pop_slice/popcount_part_q_o_reg[0][2]/D","P2 popcount capture","FDCE=2;LUT3=2;LUT5=2;LUT6=1"
11,0.417,5.000,4.580,1.105,3.475,0.759,5,"gen_lane[0].i_p2_pop_slice/bool_result_q_reg[17]/C","gen_lane[0].i_p2_pop_slice/popcount_part_q_o_reg[0][3]/D","P2 popcount capture","FDCE=2;LUT3=1;LUT5=3;LUT6=1"
12,0.417,5.000,4.580,1.105,3.475,0.759,5,"gen_lane[0].i_p2_pop_slice/bool_result_q_reg[49]/C","gen_lane[0].i_p2_pop_slice/popcount_part_q_o_reg[1][2]/D","P2 popcount capture","FDCE=2;LUT3=2;LUT5=2;LUT6=1"
13,0.417,5.000,4.580,1.105,3.475,0.759,5,"gen_lane[0].i_p2_pop_slice/bool_result_q_reg[49]/C","gen_lane[0].i_p2_pop_slice/popcount_part_q_o_reg[1][3]/D","P2 popcount capture","FDCE=2;LUT3=1;LUT5=3;LUT6=1"
14,0.417,5.000,4.580,1.105,3.475,0.759,5,"gen_lane[1].i_p2_pop_slice/bool_result_q_reg[17]/C","gen_lane[1].i_p2_pop_slice/popcount_part_q_o_reg[0][2]/D","P2 popcount capture","FDCE=2;LUT3=2;LUT5=2;LUT6=1"
15,0.417,5.000,4.580,1.105,3.475,0.759,5,"gen_lane[1].i_p2_pop_slice/bool_result_q_reg[17]/C","gen_lane[1].i_p2_pop_slice/popcount_part_q_o_reg[0][3]/D","P2 popcount capture","FDCE=2;LUT3=1;LUT5=3;LUT6=1"
16,0.417,5.000,4.580,1.105,3.475,0.759,5,"gen_lane[1].i_p2_pop_slice/bool_result_q_reg[49]/C","gen_lane[1].i_p2_pop_slice/popcount_part_q_o_reg[1][2]/D","P2 popcount capture","FDCE=2;LUT3=2;LUT5=2;LUT6=1"
17,0.417,5.000,4.580,1.105,3.475,0.759,5,"gen_lane[1].i_p2_pop_slice/bool_result_q_reg[49]/C","gen_lane[1].i_p2_pop_slice/popcount_part_q_o_reg[1][3]/D","P2 popcount capture","FDCE=2;LUT3=1;LUT5=3;LUT6=1"
18,0.417,5.000,4.580,1.105,3.475,0.759,5,"gen_lane[2].i_p2_pop_slice/bool_result_q_reg[17]/C","gen_lane[2].i_p2_pop_slice/popcount_part_q_o_reg[0][2]/D","P2 popcount capture","FDCE=2;LUT3=2;LUT5=2;LUT6=1"
19,0.417,5.000,4.580,1.105,3.475,0.759,5,"gen_lane[2].i_p2_pop_slice/bool_result_q_reg[17]/C","gen_lane[2].i_p2_pop_slice/popcount_part_q_o_reg[0][3]/D","P2 popcount capture","FDCE=2;LUT3=1;LUT5=3;LUT6=1"
20,0.417,5.000,4.580,1.105,3.475,0.759,5,"gen_lane[2].i_p2_pop_slice/bool_result_q_reg[49]/C","gen_lane[2].i_p2_pop_slice/popcount_part_q_o_reg[1][2]/D","P2 popcount capture","FDCE=2;LUT3=2;LUT5=2;LUT6=1"
21,0.417,5.000,4.580,1.105,3.475,0.759,5,"gen_lane[2].i_p2_pop_slice/bool_result_q_reg[49]/C","gen_lane[2].i_p2_pop_slice/popcount_part_q_o_reg[1][3]/D","P2 popcount capture","FDCE=2;LUT3=1;LUT5=3;LUT6=1"
22,0.417,5.000,4.580,1.105,3.475,0.759,5,"gen_lane[3].i_p2_pop_slice/bool_result_q_reg[17]/C","gen_lane[3].i_p2_pop_slice/popcount_part_q_o_reg[0][2]/D","P2 popcount capture","FDCE=2;LUT3=2;LUT5=2;LUT6=1"
23,0.417,5.000,4.580,1.105,3.475,0.759,5,"gen_lane[3].i_p2_pop_slice/bool_result_q_reg[17]/C","gen_lane[3].i_p2_pop_slice/popcount_part_q_o_reg[0][3]/D","P2 popcount capture","FDCE=2;LUT3=1;LUT5=3;LUT6=1"
24,0.417,5.000,4.580,1.105,3.475,0.759,5,"gen_lane[3].i_p2_pop_slice/bool_result_q_reg[49]/C","gen_lane[3].i_p2_pop_slice/popcount_part_q_o_reg[1][2]/D","P2 popcount capture","FDCE=2;LUT3=2;LUT5=2;LUT6=1"
25,0.417,5.000,4.580,1.105,3.475,0.759,5,"gen_lane[3].i_p2_pop_slice/bool_result_q_reg[49]/C","gen_lane[3].i_p2_pop_slice/popcount_part_q_o_reg[1][3]/D","P2 popcount capture","FDCE=2;LUT3=1;LUT5=3;LUT6=1"
26,0.426,5.000,4.600,2.146,2.454,0.533,6,"gen_lane[0].i_p2_pop_slice/popcount_part_q_o_reg[0][0]/C","group_dist_q_reg[7]/D","P2 popcount capture","CARRY4=3;FDCE=2;LUT3=2;LUT5=1"
27,0.479,5.000,4.547,2.093,2.454,0.540,6,"gen_lane[0].i_p2_pop_slice/popcount_part_q_o_reg[0][0]/C","group_dist_q_reg[6]/D","P2 popcount capture","CARRY4=3;FDCE=2;LUT3=2;LUT5=1"
28,0.600,5.000,4.426,2.168,2.258,0.510,7,"gen_lane[2].i_p2_pop_slice/popcount_part_q_o_reg[1][0]/C","group_dist_q_reg[5]/D","P2 popcount capture","CARRY4=3;FDCE=2;LUT3=2;LUT5=1;LUT6=1"
29,0.671,5.000,4.326,1.105,3.221,0.745,5,"gen_lane[0].i_p2_pop_slice/bool_result_q_reg[17]/C","gen_lane[0].i_p2_pop_slice/popcount_part_q_o_reg[0][4]/D","P2 popcount capture","FDCE=2;LUT3=1;LUT5=2;LUT6=2"
30,0.671,5.000,4.326,1.105,3.221,0.745,5,"gen_lane[0].i_p2_pop_slice/bool_result_q_reg[49]/C","gen_lane[0].i_p2_pop_slice/popcount_part_q_o_reg[1][4]/D","P2 popcount capture","FDCE=2;LUT3=1;LUT5=2;LUT6=2"
31,0.671,5.000,4.326,1.105,3.221,0.745,5,"gen_lane[1].i_p2_pop_slice/bool_result_q_reg[17]/C","gen_lane[1].i_p2_pop_slice/popcount_part_q_o_reg[0][4]/D","P2 popcount capture","FDCE=2;LUT3=1;LUT5=2;LUT6=2"
32,0.671,5.000,4.326,1.105,3.221,0.745,5,"gen_lane[1].i_p2_pop_slice/bool_result_q_reg[49]/C","gen_lane[1].i_p2_pop_slice/popcount_part_q_o_reg[1][4]/D","P2 popcount capture","FDCE=2;LUT3=1;LUT5=2;LUT6=2"
33,0.671,5.000,4.326,1.105,3.221,0.745,5,"gen_lane[2].i_p2_pop_slice/bool_result_q_reg[17]/C","gen_lane[2].i_p2_pop_slice/popcount_part_q_o_reg[0][4]/D","P2 popcount capture","FDCE=2;LUT3=1;LUT5=2;LUT6=2"
34,0.671,5.000,4.326,1.105,3.221,0.745,5,"gen_lane[2].i_p2_pop_slice/bool_result_q_reg[49]/C","gen_lane[2].i_p2_pop_slice/popcount_part_q_o_reg[1][4]/D","P2 popcount capture","FDCE=2;LUT3=1;LUT5=2;LUT6=2"
35,0.671,5.000,4.326,1.105,3.221,0.745,5,"gen_lane[3].i_p2_pop_slice/bool_result_q_reg[17]/C","gen_lane[3].i_p2_pop_slice/popcount_part_q_o_reg[0][4]/D","P2 popcount capture","FDCE=2;LUT3=1;LUT5=2;LUT6=2"
36,0.671,5.000,4.326,1.105,3.221,0.745,5,"gen_lane[3].i_p2_pop_slice/bool_result_q_reg[49]/C","gen_lane[3].i_p2_pop_slice/popcount_part_q_o_reg[1][4]/D","P2 popcount capture","FDCE=2;LUT3=1;LUT5=2;LUT6=2"
37,0.680,5.000,4.346,2.088,2.258,0.520,7,"gen_lane[2].i_p2_pop_slice/popcount_part_q_o_reg[1][0]/C","group_dist_q_reg[4]/D","P2 popcount capture","CARRY4=3;FDCE=2;LUT3=2;LUT5=1;LUT6=1"
38,0.881,5.000,3.837,1.105,2.732,0.712,5,"ecc_fold_word_q_reg[1]/C","ecc_product_even_reg_0_3_0_0/DP/I","other","FDCE=1;LUT4=1;LUT6=4;RAMD32=1"
39,0.881,5.000,3.837,1.105,2.732,0.712,5,"ecc_fold_word_q_reg[1]/C","ecc_product_even_reg_0_3_10_10/DP/I","other","FDCE=1;LUT4=1;LUT6=4;RAMD32=1"
40,0.881,5.000,3.837,1.105,2.732,0.712,5,"ecc_fold_word_q_reg[1]/C","ecc_product_even_reg_0_3_11_11/DP/I","other","FDCE=1;LUT4=1;LUT6=4;RAMD32=1"
41,0.881,5.000,3.837,1.105,2.732,0.712,5,"ecc_fold_word_q_reg[1]/C","ecc_product_even_reg_0_3_12_12/DP/I","other","FDCE=1;LUT4=1;LUT6=4;RAMD32=1"
42,0.881,5.000,3.837,1.105,2.732,0.712,5,"ecc_fold_word_q_reg[1]/C","ecc_product_even_reg_0_3_13_13/DP/I","other","FDCE=1;LUT4=1;LUT6=4;RAMD32=1"
43,0.881,5.000,3.837,1.105,2.732,0.712,5,"ecc_fold_word_q_reg[1]/C","ecc_product_even_reg_0_3_14_14/DP/I","other","FDCE=1;LUT4=1;LUT6=4;RAMD32=1"
44,0.881,5.000,3.837,1.105,2.732,0.712,5,"ecc_fold_word_q_reg[1]/C","ecc_product_even_reg_0_3_15_15/DP/I","other","FDCE=1;LUT4=1;LUT6=4;RAMD32=1"
45,0.881,5.000,3.837,1.105,2.732,0.712,5,"ecc_fold_word_q_reg[1]/C","ecc_product_even_reg_0_3_16_16/DP/I","other","FDCE=1;LUT4=1;LUT6=4;RAMD32=1"
46,0.881,5.000,3.837,1.105,2.732,0.712,5,"ecc_fold_word_q_reg[1]/C","ecc_product_even_reg_0_3_17_17/DP/I","other","FDCE=1;LUT4=1;LUT6=4;RAMD32=1"
47,0.881,5.000,3.837,1.105,2.732,0.712,5,"ecc_fold_word_q_reg[1]/C","ecc_product_even_reg_0_3_18_18/DP/I","other","FDCE=1;LUT4=1;LUT6=4;RAMD32=1"
48,0.881,5.000,3.837,1.105,2.732,0.712,5,"ecc_fold_word_q_reg[1]/C","ecc_product_even_reg_0_3_19_19/DP/I","other","FDCE=1;LUT4=1;LUT6=4;RAMD32=1"
49,0.881,5.000,3.837,1.105,2.732,0.712,5,"ecc_fold_word_q_reg[1]/C","ecc_product_even_reg_0_3_1_1/DP/I","other","FDCE=1;LUT4=1;LUT6=4;RAMD32=1"
50,0.881,5.000,3.837,1.105,2.732,0.712,5,"ecc_fold_word_q_reg[1]/C","ecc_product_even_reg_0_3_20_20/DP/I","other","FDCE=1;LUT4=1;LUT6=4;RAMD32=1"
51,0.881,5.000,3.837,1.105,2.732,0.712,5,"ecc_fold_word_q_reg[1]/C","ecc_product_even_reg_0_3_21_21/DP/I","other","FDCE=1;LUT4=1;LUT6=4;RAMD32=1"
52,0.881,5.000,3.837,1.105,2.732,0.712,5,"ecc_fold_word_q_reg[1]/C","ecc_product_even_reg_0_3_22_22/DP/I","other","FDCE=1;LUT4=1;LUT6=4;RAMD32=1"
53,0.881,5.000,3.837,1.105,2.732,0.712,5,"ecc_fold_word_q_reg[1]/C","ecc_product_even_reg_0_3_23_23/DP/I","other","FDCE=1;LUT4=1;LUT6=4;RAMD32=1"
54,0.881,5.000,3.837,1.105,2.732,0.712,5,"ecc_fold_word_q_reg[1]/C","ecc_product_even_reg_0_3_24_24/DP/I","other","FDCE=1;LUT4=1;LUT6=4;RAMD32=1"
55,0.881,5.000,3.837,1.105,2.732,0.712,5,"ecc_fold_word_q_reg[1]/C","ecc_product_even_reg_0_3_25_25/DP/I","other","FDCE=1;LUT4=1;LUT6=4;RAMD32=1"
56,0.881,5.000,3.837,1.105,2.732,0.712,5,"ecc_fold_word_q_reg[1]/C","ecc_product_even_reg_0_3_26_26/DP/I","other","FDCE=1;LUT4=1;LUT6=4;RAMD32=1"
57,0.881,5.000,3.837,1.105,2.732,0.712,5,"ecc_fold_word_q_reg[1]/C","ecc_product_even_reg_0_3_27_27/DP/I","other","FDCE=1;LUT4=1;LUT6=4;RAMD32=1"
58,0.881,5.000,3.837,1.105,2.732,0.712,5,"ecc_fold_word_q_reg[1]/C","ecc_product_even_reg_0_3_28_28/DP/I","other","FDCE=1;LUT4=1;LUT6=4;RAMD32=1"
59,0.881,5.000,3.837,1.105,2.732,0.712,5,"ecc_fold_word_q_reg[1]/C","ecc_product_even_reg_0_3_29_29/DP/I","other","FDCE=1;LUT4=1;LUT6=4;RAMD32=1"
60,0.881,5.000,3.837,1.105,2.732,0.712,5,"ecc_fold_word_q_reg[1]/C","ecc_product_even_reg_0_3_2_2/DP/I","other","FDCE=1;LUT4=1;LUT6=4;RAMD32=1"
61,0.881,5.000,3.837,1.105,2.732,0.712,5,"ecc_fold_word_q_reg[1]/C","ecc_product_even_reg_0_3_30_30/DP/I","other","FDCE=1;LUT4=1;LUT6=4;RAMD32=1"
62,0.881,5.000,3.837,1.105,2.732,0.712,5,"ecc_fold_word_q_reg[1]/C","ecc_product_even_reg_0_3_31_31/DP/I","other","FDCE=1;LUT4=2;LUT6=3;RAMD32=1"
63,0.881,5.000,3.837,1.105,2.732,0.712,5,"ecc_fold_word_q_reg[1]/C","ecc_product_even_reg_0_3_32_32/DP/I","other","FDCE=1;LUT4=1;LUT6=4;RAMD32=1"
64,0.881,5.000,3.837,1.105,2.732,0.712,5,"ecc_fold_word_q_reg[1]/C","ecc_product_even_reg_0_3_33_33/DP/I","other","FDCE=1;LUT4=1;LUT6=4;RAMD32=1"
65,0.881,5.000,3.837,1.105,2.732,0.712,5,"ecc_fold_word_q_reg[1]/C","ecc_product_even_reg_0_3_34_34/DP/I","other","FDCE=1;LUT4=1;LUT6=4;RAMD32=1"
66,0.881,5.000,3.837,1.105,2.732,0.712,5,"ecc_fold_word_q_reg[1]/C","ecc_product_even_reg_0_3_35_35/DP/I","other","FDCE=1;LUT4=1;LUT6=4;RAMD32=1"
67,0.881,5.000,3.837,1.105,2.732,0.712,5,"ecc_fold_word_q_reg[1]/C","ecc_product_even_reg_0_3_36_36/DP/I","other","FDCE=1;LUT4=1;LUT6=4;RAMD32=1"
68,0.881,5.000,3.837,1.105,2.732,0.712,5,"ecc_fold_word_q_reg[1]/C","ecc_product_even_reg_0_3_37_37/DP/I","other","FDCE=1;LUT4=1;LUT6=4;RAMD32=1"
69,0.881,5.000,3.837,1.105,2.732,0.712,5,"ecc_fold_word_q_reg[1]/C","ecc_product_even_reg_0_3_38_38/DP/I","other","FDCE=1;LUT4=1;LUT6=4;RAMD32=1"
70,0.881,5.000,3.837,1.105,2.732,0.712,5,"ecc_fold_word_q_reg[1]/C","ecc_product_even_reg_0_3_39_39/DP/I","other","FDCE=1;LUT4=1;LUT6=4;RAMD32=1"
71,0.881,5.000,3.837,1.105,2.732,0.712,5,"ecc_fold_word_q_reg[1]/C","ecc_product_even_reg_0_3_3_3/DP/I","other","FDCE=1;LUT4=1;LUT6=4;RAMD32=1"
72,0.881,5.000,3.837,1.105,2.732,0.712,5,"ecc_fold_word_q_reg[1]/C","ecc_product_even_reg_0_3_40_40/DP/I","other","FDCE=1;LUT4=1;LUT6=4;RAMD32=1"
73,0.881,5.000,3.837,1.105,2.732,0.712,5,"ecc_fold_word_q_reg[1]/C","ecc_product_even_reg_0_3_41_41/DP/I","other","FDCE=1;LUT4=1;LUT6=4;RAMD32=1"
74,0.881,5.000,3.837,1.105,2.732,0.712,5,"ecc_fold_word_q_reg[1]/C","ecc_product_even_reg_0_3_42_42/DP/I","other","FDCE=1;LUT4=1;LUT6=4;RAMD32=1"
75,0.881,5.000,3.837,1.105,2.732,0.712,5,"ecc_fold_word_q_reg[1]/C","ecc_product_even_reg_0_3_43_43/DP/I","other","FDCE=1;LUT4=1;LUT6=4;RAMD32=1"
76,0.881,5.000,3.837,1.105,2.732,0.712,5,"ecc_fold_word_q_reg[1]/C","ecc_product_even_reg_0_3_44_44/DP/I","other","FDCE=1;LUT4=1;LUT6=4;RAMD32=1"
77,0.881,5.000,3.837,1.105,2.732,0.712,5,"ecc_fold_word_q_reg[1]/C","ecc_product_even_reg_0_3_45_45/DP/I","other","FDCE=1;LUT4=1;LUT6=4;RAMD32=1"
78,0.881,5.000,3.837,1.105,2.732,0.712,5,"ecc_fold_word_q_reg[1]/C","ecc_product_even_reg_0_3_46_46/DP/I","other","FDCE=1;LUT4=1;LUT6=4;RAMD32=1"
79,0.881,5.000,3.837,1.105,2.732,0.712,5,"ecc_fold_word_q_reg[1]/C","ecc_product_even_reg_0_3_47_47/DP/I","other","FDCE=1;LUT4=1;LUT6=4;RAMD32=1"
80,0.881,5.000,3.837,1.105,2.732,0.712,5,"ecc_fold_word_q_reg[1]/C","ecc_product_even_reg_0_3_48_48/DP/I","other","FDCE=1;LUT4=1;LUT6=4;RAMD32=1"
81,0.881,5.000,3.837,1.105,2.732,0.712,5,"ecc_fold_word_q_reg[1]/C","ecc_product_even_reg_0_3_49_49/DP/I","other","FDCE=1;LUT4=1;LUT6=4;RAMD32=1"
82,0.881,5.000,3.837,1.105,2.732,0.712,5,"ecc_fold_word_q_reg[1]/C","ecc_product_even_reg_0_3_4_4/DP/I","other","FDCE=1;LUT4=1;LUT6=4;RAMD32=1"
83,0.881,5.000,3.837,1.105,2.732,0.712,5,"ecc_fold_word_q_reg[1]/C","ecc_product_even_reg_0_3_50_50/DP/I","other","FDCE=1;LUT4=1;LUT6=4;RAMD32=1"
84,0.881,5.000,3.837,1.105,2.732,0.712,5,"ecc_fold_word_q_reg[1]/C","ecc_product_even_reg_0_3_51_51/DP/I","other","FDCE=1;LUT4=1;LUT6=4;RAMD32=1"
85,0.881,5.000,3.837,1.105,2.732,0.712,5,"ecc_fold_word_q_reg[1]/C","ecc_product_even_reg_0_3_52_52/DP/I","other","FDCE=1;LUT4=1;LUT6=4;RAMD32=1"
86,0.881,5.000,3.837,1.105,2.732,0.712,5,"ecc_fold_word_q_reg[1]/C","ecc_product_even_reg_0_3_53_53/DP/I","other","FDCE=1;LUT4=1;LUT6=4;RAMD32=1"
87,0.881,5.000,3.837,1.105,2.732,0.712,5,"ecc_fold_word_q_reg[1]/C","ecc_product_even_reg_0_3_54_54/DP/I","other","FDCE=1;LUT4=1;LUT6=4;RAMD32=1"
88,0.881,5.000,3.837,1.105,2.732,0.712,5,"ecc_fold_word_q_reg[1]/C","ecc_product_even_reg_0_3_55_55/DP/I","other","FDCE=1;LUT4=1;LUT6=4;RAMD32=1"
89,0.881,5.000,3.837,1.105,2.732,0.712,5,"ecc_fold_word_q_reg[1]/C","ecc_product_even_reg_0_3_56_56/DP/I","other","FDCE=1;LUT4=1;LUT6=4;RAMD32=1"
90,0.881,5.000,3.837,1.105,2.732,0.712,5,"ecc_fold_word_q_reg[1]/C","ecc_product_even_reg_0_3_57_57/DP/I","other","FDCE=1;LUT4=1;LUT6=4;RAMD32=1"
91,0.881,5.000,3.837,1.105,2.732,0.712,5,"ecc_fold_word_q_reg[1]/C","ecc_product_even_reg_0_3_58_58/DP/I","other","FDCE=1;LUT4=1;LUT6=4;RAMD32=1"
92,0.881,5.000,3.837,1.105,2.732,0.712,5,"ecc_fold_word_q_reg[1]/C","ecc_product_even_reg_0_3_59_59/DP/I","other","FDCE=1;LUT4=1;LUT6=4;RAMD32=1"
93,0.881,5.000,3.837,1.105,2.732,0.712,5,"ecc_fold_word_q_reg[1]/C","ecc_product_even_reg_0_3_5_5/DP/I","other","FDCE=1;LUT4=1;LUT6=4;RAMD32=1"
94,0.881,5.000,3.837,1.105,2.732,0.712,5,"ecc_fold_word_q_reg[1]/C","ecc_product_even_reg_0_3_60_60/DP/I","other","FDCE=1;LUT4=1;LUT6=4;RAMD32=1"
95,0.881,5.000,3.837,1.105,2.732,0.712,5,"ecc_fold_word_q_reg[1]/C","ecc_product_even_reg_0_3_61_61/DP/I","other","FDCE=1;LUT4=1;LUT6=4;RAMD32=1"
96,0.881,5.000,3.837,1.105,2.732,0.712,5,"ecc_fold_word_q_reg[1]/C","ecc_product_even_reg_0_3_62_62/DP/I","other","FDCE=1;LUT4=1;LUT6=4;RAMD32=1"
97,0.881,5.000,3.837,1.105,2.732,0.712,5,"ecc_fold_word_q_reg[1]/C","ecc_product_even_reg_0_3_6_6/DP/I","other","FDCE=1;LUT4=1;LUT6=4;RAMD32=1"
98,0.881,5.000,3.837,1.105,2.732,0.712,5,"ecc_fold_word_q_reg[1]/C","ecc_product_even_reg_0_3_7_7/DP/I","other","FDCE=1;LUT4=1;LUT6=4;RAMD32=1"
99,0.881,5.000,3.837,1.105,2.732,0.712,5,"ecc_fold_word_q_reg[1]/C","ecc_product_even_reg_0_3_8_8/DP/I","other","FDCE=1;LUT4=1;LUT6=4;RAMD32=1"
100,0.881,5.000,3.837,1.105,2.732,0.712,5,"ecc_fold_word_q_reg[1]/C","ecc_product_even_reg_0_3_9_9/DP/I","other","FDCE=1;LUT4=1;LUT6=4;RAMD32=1"
101,0.902,5.000,4.124,1.864,2.260,0.548,5,"gen_lane[2].i_p2_pop_slice/popcount_part_q_o_reg[1][0]/C","group_dist_q_reg[3]/D","P2 popcount capture","CARRY4=2;FDCE=2;LUT3=2;LUT5=1"
102,0.916,5.000,3.837,1.105,2.732,0.712,5,"ecc_fold_word_q_reg[1]/C","ecc_product_even_reg_0_3_0_0/SP/I","other","FDCE=1;LUT4=1;LUT6=4;RAMD32=1"
103,0.916,5.000,3.837,1.105,2.732,0.712,5,"ecc_fold_word_q_reg[1]/C","ecc_product_even_reg_0_3_10_10/SP/I","other","FDCE=1;LUT4=1;LUT6=4;RAMD32=1"
104,0.916,5.000,3.837,1.105,2.732,0.712,5,"ecc_fold_word_q_reg[1]/C","ecc_product_even_reg_0_3_11_11/SP/I","other","FDCE=1;LUT4=1;LUT6=4;RAMD32=1"
105,0.916,5.000,3.837,1.105,2.732,0.712,5,"ecc_fold_word_q_reg[1]/C","ecc_product_even_reg_0_3_12_12/SP/I","other","FDCE=1;LUT4=1;LUT6=4;RAMD32=1"
106,0.916,5.000,3.837,1.105,2.732,0.712,5,"ecc_fold_word_q_reg[1]/C","ecc_product_even_reg_0_3_13_13/SP/I","other","FDCE=1;LUT4=1;LUT6=4;RAMD32=1"
107,0.916,5.000,3.837,1.105,2.732,0.712,5,"ecc_fold_word_q_reg[1]/C","ecc_product_even_reg_0_3_14_14/SP/I","other","FDCE=1;LUT4=1;LUT6=4;RAMD32=1"
108,0.916,5.000,3.837,1.105,2.732,0.712,5,"ecc_fold_word_q_reg[1]/C","ecc_product_even_reg_0_3_15_15/SP/I","other","FDCE=1;LUT4=1;LUT6=4;RAMD32=1"
109,0.916,5.000,3.837,1.105,2.732,0.712,5,"ecc_fold_word_q_reg[1]/C","ecc_product_even_reg_0_3_16_16/SP/I","other","FDCE=1;LUT4=1;LUT6=4;RAMD32=1"
110,0.916,5.000,3.837,1.105,2.732,0.712,5,"ecc_fold_word_q_reg[1]/C","ecc_product_even_reg_0_3_17_17/SP/I","other","FDCE=1;LUT4=1;LUT6=4;RAMD32=1"
111,0.916,5.000,3.837,1.105,2.732,0.712,5,"ecc_fold_word_q_reg[1]/C","ecc_product_even_reg_0_3_18_18/SP/I","other","FDCE=1;LUT4=1;LUT6=4;RAMD32=1"
112,0.916,5.000,3.837,1.105,2.732,0.712,5,"ecc_fold_word_q_reg[1]/C","ecc_product_even_reg_0_3_19_19/SP/I","other","FDCE=1;LUT4=1;LUT6=4;RAMD32=1"
113,0.916,5.000,3.837,1.105,2.732,0.712,5,"ecc_fold_word_q_reg[1]/C","ecc_product_even_reg_0_3_1_1/SP/I","other","FDCE=1;LUT4=1;LUT6=4;RAMD32=1"
114,0.916,5.000,3.837,1.105,2.732,0.712,5,"ecc_fold_word_q_reg[1]/C","ecc_product_even_reg_0_3_20_20/SP/I","other","FDCE=1;LUT4=1;LUT6=4;RAMD32=1"
115,0.916,5.000,3.837,1.105,2.732,0.712,5,"ecc_fold_word_q_reg[1]/C","ecc_product_even_reg_0_3_21_21/SP/I","other","FDCE=1;LUT4=1;LUT6=4;RAMD32=1"
116,0.916,5.000,3.837,1.105,2.732,0.712,5,"ecc_fold_word_q_reg[1]/C","ecc_product_even_reg_0_3_22_22/SP/I","other","FDCE=1;LUT4=1;LUT6=4;RAMD32=1"
117,0.916,5.000,3.837,1.105,2.732,0.712,5,"ecc_fold_word_q_reg[1]/C","ecc_product_even_reg_0_3_23_23/SP/I","other","FDCE=1;LUT4=1;LUT6=4;RAMD32=1"
118,0.916,5.000,3.837,1.105,2.732,0.712,5,"ecc_fold_word_q_reg[1]/C","ecc_product_even_reg_0_3_24_24/SP/I","other","FDCE=1;LUT4=1;LUT6=4;RAMD32=1"
119,0.916,5.000,3.837,1.105,2.732,0.712,5,"ecc_fold_word_q_reg[1]/C","ecc_product_even_reg_0_3_25_25/SP/I","other","FDCE=1;LUT4=1;LUT6=4;RAMD32=1"
120,0.916,5.000,3.837,1.105,2.732,0.712,5,"ecc_fold_word_q_reg[1]/C","ecc_product_even_reg_0_3_26_26/SP/I","other","FDCE=1;LUT4=1;LUT6=4;RAMD32=1"
121,0.916,5.000,3.837,1.105,2.732,0.712,5,"ecc_fold_word_q_reg[1]/C","ecc_product_even_reg_0_3_27_27/SP/I","other","FDCE=1;LUT4=1;LUT6=4;RAMD32=1"
122,0.916,5.000,3.837,1.105,2.732,0.712,5,"ecc_fold_word_q_reg[1]/C","ecc_product_even_reg_0_3_28_28/SP/I","other","FDCE=1;LUT4=1;LUT6=4;RAMD32=1"
123,0.916,5.000,3.837,1.105,2.732,0.712,5,"ecc_fold_word_q_reg[1]/C","ecc_product_even_reg_0_3_29_29/SP/I","other","FDCE=1;LUT4=1;LUT6=4;RAMD32=1"
124,0.916,5.000,3.837,1.105,2.732,0.712,5,"ecc_fold_word_q_reg[1]/C","ecc_product_even_reg_0_3_2_2/SP/I","other","FDCE=1;LUT4=1;LUT6=4;RAMD32=1"
125,0.916,5.000,3.837,1.105,2.732,0.712,5,"ecc_fold_word_q_reg[1]/C","ecc_product_even_reg_0_3_30_30/SP/I","other","FDCE=1;LUT4=1;LUT6=4;RAMD32=1"
126,0.916,5.000,3.837,1.105,2.732,0.712,5,"ecc_fold_word_q_reg[1]/C","ecc_product_even_reg_0_3_31_31/SP/I","other","FDCE=1;LUT4=2;LUT6=3;RAMD32=1"
127,0.916,5.000,3.837,1.105,2.732,0.712,5,"ecc_fold_word_q_reg[1]/C","ecc_product_even_reg_0_3_32_32/SP/I","other","FDCE=1;LUT4=1;LUT6=4;RAMD32=1"
128,0.916,5.000,3.837,1.105,2.732,0.712,5,"ecc_fold_word_q_reg[1]/C","ecc_product_even_reg_0_3_33_33/SP/I","other","FDCE=1;LUT4=1;LUT6=4;RAMD32=1"
129,0.916,5.000,3.837,1.105,2.732,0.712,5,"ecc_fold_word_q_reg[1]/C","ecc_product_even_reg_0_3_34_34/SP/I","other","FDCE=1;LUT4=1;LUT6=4;RAMD32=1"
130,0.916,5.000,3.837,1.105,2.732,0.712,5,"ecc_fold_word_q_reg[1]/C","ecc_product_even_reg_0_3_35_35/SP/I","other","FDCE=1;LUT4=1;LUT6=4;RAMD32=1"
131,0.916,5.000,3.837,1.105,2.732,0.712,5,"ecc_fold_word_q_reg[1]/C","ecc_product_even_reg_0_3_36_36/SP/I","other","FDCE=1;LUT4=1;LUT6=4;RAMD32=1"
132,0.916,5.000,3.837,1.105,2.732,0.712,5,"ecc_fold_word_q_reg[1]/C","ecc_product_even_reg_0_3_37_37/SP/I","other","FDCE=1;LUT4=1;LUT6=4;RAMD32=1"
133,0.916,5.000,3.837,1.105,2.732,0.712,5,"ecc_fold_word_q_reg[1]/C","ecc_product_even_reg_0_3_38_38/SP/I","other","FDCE=1;LUT4=1;LUT6=4;RAMD32=1"
134,0.916,5.000,3.837,1.105,2.732,0.712,5,"ecc_fold_word_q_reg[1]/C","ecc_product_even_reg_0_3_39_39/SP/I","other","FDCE=1;LUT4=1;LUT6=4;RAMD32=1"
135,0.916,5.000,3.837,1.105,2.732,0.712,5,"ecc_fold_word_q_reg[1]/C","ecc_product_even_reg_0_3_3_3/SP/I","other","FDCE=1;LUT4=1;LUT6=4;RAMD32=1"
136,0.916,5.000,3.837,1.105,2.732,0.712,5,"ecc_fold_word_q_reg[1]/C","ecc_product_even_reg_0_3_40_40/SP/I","other","FDCE=1;LUT4=1;LUT6=4;RAMD32=1"
137,0.916,5.000,3.837,1.105,2.732,0.712,5,"ecc_fold_word_q_reg[1]/C","ecc_product_even_reg_0_3_41_41/SP/I","other","FDCE=1;LUT4=1;LUT6=4;RAMD32=1"
138,0.916,5.000,3.837,1.105,2.732,0.712,5,"ecc_fold_word_q_reg[1]/C","ecc_product_even_reg_0_3_42_42/SP/I","other","FDCE=1;LUT4=1;LUT6=4;RAMD32=1"
139,0.916,5.000,3.837,1.105,2.732,0.712,5,"ecc_fold_word_q_reg[1]/C","ecc_product_even_reg_0_3_43_43/SP/I","other","FDCE=1;LUT4=1;LUT6=4;RAMD32=1"
140,0.916,5.000,3.837,1.105,2.732,0.712,5,"ecc_fold_word_q_reg[1]/C","ecc_product_even_reg_0_3_44_44/SP/I","other","FDCE=1;LUT4=1;LUT6=4;RAMD32=1"
141,0.916,5.000,3.837,1.105,2.732,0.712,5,"ecc_fold_word_q_reg[1]/C","ecc_product_even_reg_0_3_45_45/SP/I","other","FDCE=1;LUT4=1;LUT6=4;RAMD32=1"
142,0.916,5.000,3.837,1.105,2.732,0.712,5,"ecc_fold_word_q_reg[1]/C","ecc_product_even_reg_0_3_46_46/SP/I","other","FDCE=1;LUT4=1;LUT6=4;RAMD32=1"
143,0.916,5.000,3.837,1.105,2.732,0.712,5,"ecc_fold_word_q_reg[1]/C","ecc_product_even_reg_0_3_47_47/SP/I","other","FDCE=1;LUT4=1;LUT6=4;RAMD32=1"
144,0.916,5.000,3.837,1.105,2.732,0.712,5,"ecc_fold_word_q_reg[1]/C","ecc_product_even_reg_0_3_48_48/SP/I","other","FDCE=1;LUT4=1;LUT6=4;RAMD32=1"
145,0.916,5.000,3.837,1.105,2.732,0.712,5,"ecc_fold_word_q_reg[1]/C","ecc_product_even_reg_0_3_49_49/SP/I","other","FDCE=1;LUT4=1;LUT6=4;RAMD32=1"
146,0.916,5.000,3.837,1.105,2.732,0.712,5,"ecc_fold_word_q_reg[1]/C","ecc_product_even_reg_0_3_4_4/SP/I","other","FDCE=1;LUT4=1;LUT6=4;RAMD32=1"
147,0.916,5.000,3.837,1.105,2.732,0.712,5,"ecc_fold_word_q_reg[1]/C","ecc_product_even_reg_0_3_50_50/SP/I","other","FDCE=1;LUT4=1;LUT6=4;RAMD32=1"
148,0.916,5.000,3.837,1.105,2.732,0.712,5,"ecc_fold_word_q_reg[1]/C","ecc_product_even_reg_0_3_51_51/SP/I","other","FDCE=1;LUT4=1;LUT6=4;RAMD32=1"
149,0.916,5.000,3.837,1.105,2.732,0.712,5,"ecc_fold_word_q_reg[1]/C","ecc_product_even_reg_0_3_52_52/SP/I","other","FDCE=1;LUT4=1;LUT6=4;RAMD32=1"
150,0.916,5.000,3.837,1.105,2.732,0.712,5,"ecc_fold_word_q_reg[1]/C","ecc_product_even_reg_0_3_53_53/SP/I","other","FDCE=1;LUT4=1;LUT6=4;RAMD32=1"
151,0.916,5.000,3.837,1.105,2.732,0.712,5,"ecc_fold_word_q_reg[1]/C","ecc_product_even_reg_0_3_54_54/SP/I","other","FDCE=1;LUT4=1;LUT6=4;RAMD32=1"
152,0.916,5.000,3.837,1.105,2.732,0.712,5,"ecc_fold_word_q_reg[1]/C","ecc_product_even_reg_0_3_55_55/SP/I","other","FDCE=1;LUT4=1;LUT6=4;RAMD32=1"
153,0.916,5.000,3.837,1.105,2.732,0.712,5,"ecc_fold_word_q_reg[1]/C","ecc_product_even_reg_0_3_56_56/SP/I","other","FDCE=1;LUT4=1;LUT6=4;RAMD32=1"
154,0.916,5.000,3.837,1.105,2.732,0.712,5,"ecc_fold_word_q_reg[1]/C","ecc_product_even_reg_0_3_57_57/SP/I","other","FDCE=1;LUT4=1;LUT6=4;RAMD32=1"
155,0.916,5.000,3.837,1.105,2.732,0.712,5,"ecc_fold_word_q_reg[1]/C","ecc_product_even_reg_0_3_58_58/SP/I","other","FDCE=1;LUT4=1;LUT6=4;RAMD32=1"
156,0.916,5.000,3.837,1.105,2.732,0.712,5,"ecc_fold_word_q_reg[1]/C","ecc_product_even_reg_0_3_59_59/SP/I","other","FDCE=1;LUT4=1;LUT6=4;RAMD32=1"
157,0.916,5.000,3.837,1.105,2.732,0.712,5,"ecc_fold_word_q_reg[1]/C","ecc_product_even_reg_0_3_5_5/SP/I","other","FDCE=1;LUT4=1;LUT6=4;RAMD32=1"
158,0.916,5.000,3.837,1.105,2.732,0.712,5,"ecc_fold_word_q_reg[1]/C","ecc_product_even_reg_0_3_60_60/SP/I","other","FDCE=1;LUT4=1;LUT6=4;RAMD32=1"
159,0.916,5.000,3.837,1.105,2.732,0.712,5,"ecc_fold_word_q_reg[1]/C","ecc_product_even_reg_0_3_61_61/SP/I","other","FDCE=1;LUT4=1;LUT6=4;RAMD32=1"
160,0.916,5.000,3.837,1.105,2.732,0.712,5,"ecc_fold_word_q_reg[1]/C","ecc_product_even_reg_0_3_62_62/SP/I","other","FDCE=1;LUT4=1;LUT6=4;RAMD32=1"
161,0.916,5.000,3.837,1.105,2.732,0.712,5,"ecc_fold_word_q_reg[1]/C","ecc_product_even_reg_0_3_6_6/SP/I","other","FDCE=1;LUT4=1;LUT6=4;RAMD32=1"
162,0.916,5.000,3.837,1.105,2.732,0.712,5,"ecc_fold_word_q_reg[1]/C","ecc_product_even_reg_0_3_7_7/SP/I","other","FDCE=1;LUT4=1;LUT6=4;RAMD32=1"
163,0.916,5.000,3.837,1.105,2.732,0.712,5,"ecc_fold_word_q_reg[1]/C","ecc_product_even_reg_0_3_8_8/SP/I","other","FDCE=1;LUT4=1;LUT6=4;RAMD32=1"
164,0.916,5.000,3.837,1.105,2.732,0.712,5,"ecc_fold_word_q_reg[1]/C","ecc_product_even_reg_0_3_9_9/SP/I","other","FDCE=1;LUT4=1;LUT6=4;RAMD32=1"
165,0.969,5.000,4.028,1.833,2.195,0.545,6,"a_q_reg[8]/C","st_q_reg[2]/D","TOP control","CARRY4=2;FDCE=2;LUT4=1;LUT6=3"
166,0.969,5.000,4.028,1.833,2.195,0.545,6,"a_q_reg[8]/C","st_q_reg[2]_rep/D","TOP control","CARRY4=2;FDCE=2;LUT4=1;LUT6=3"
167,0.969,5.000,4.028,1.833,2.195,0.545,6,"a_q_reg[8]/C","st_q_reg[3]/D","TOP control","CARRY4=2;FDCE=2;LUT4=1;LUT5=1;LUT6=2"
168,0.969,5.000,4.028,1.833,2.195,0.545,6,"a_q_reg[8]/C","st_q_reg[3]_rep/D","TOP control","CARRY4=2;FDCE=2;LUT4=1;LUT5=1;LUT6=2"
169,0.993,5.000,4.004,1.833,2.171,0.542,6,"a_q_reg[8]/C","res_q_reg[1]/D","scalar response","CARRY4=2;FDCE=2;LUT4=1;LUT6=3"
170,1.112,5.000,3.606,0.980,2.626,0.728,4,"ecc_fold_word_q_reg[1]/C","ecc_product_odd_reg_0_3_0_0/DP/I","other","FDCE=1;LUT4=1;LUT6=3;RAMD32=1"
171,1.112,5.000,3.606,0.980,2.626,0.728,4,"ecc_fold_word_q_reg[1]/C","ecc_product_odd_reg_0_3_10_10/DP/I","other","FDCE=1;LUT4=1;LUT6=3;RAMD32=1"
172,1.112,5.000,3.606,0.980,2.626,0.728,4,"ecc_fold_word_q_reg[1]/C","ecc_product_odd_reg_0_3_11_11/DP/I","other","FDCE=1;LUT4=1;LUT6=3;RAMD32=1"
173,1.112,5.000,3.606,0.980,2.626,0.728,4,"ecc_fold_word_q_reg[1]/C","ecc_product_odd_reg_0_3_12_12/DP/I","other","FDCE=1;LUT4=1;LUT6=3;RAMD32=1"
174,1.112,5.000,3.606,0.980,2.626,0.728,4,"ecc_fold_word_q_reg[1]/C","ecc_product_odd_reg_0_3_13_13/DP/I","other","FDCE=1;LUT4=1;LUT6=3;RAMD32=1"
175,1.112,5.000,3.606,0.980,2.626,0.728,4,"ecc_fold_word_q_reg[1]/C","ecc_product_odd_reg_0_3_14_14/DP/I","other","FDCE=1;LUT4=1;LUT6=3;RAMD32=1"
176,1.112,5.000,3.606,0.980,2.626,0.728,4,"ecc_fold_word_q_reg[1]/C","ecc_product_odd_reg_0_3_15_15/DP/I","other","FDCE=1;LUT4=1;LUT6=3;RAMD32=1"
177,1.112,5.000,3.606,0.980,2.626,0.728,4,"ecc_fold_word_q_reg[1]/C","ecc_product_odd_reg_0_3_16_16/DP/I","other","FDCE=1;LUT4=1;LUT6=3;RAMD32=1"
178,1.112,5.000,3.606,0.980,2.626,0.728,4,"ecc_fold_word_q_reg[1]/C","ecc_product_odd_reg_0_3_17_17/DP/I","other","FDCE=1;LUT4=1;LUT6=3;RAMD32=1"
179,1.112,5.000,3.606,0.980,2.626,0.728,4,"ecc_fold_word_q_reg[1]/C","ecc_product_odd_reg_0_3_18_18/DP/I","other","FDCE=1;LUT4=1;LUT6=3;RAMD32=1"
180,1.112,5.000,3.606,0.980,2.626,0.728,4,"ecc_fold_word_q_reg[1]/C","ecc_product_odd_reg_0_3_19_19/DP/I","other","FDCE=1;LUT4=1;LUT6=3;RAMD32=1"
181,1.112,5.000,3.606,0.980,2.626,0.728,4,"ecc_fold_word_q_reg[1]/C","ecc_product_odd_reg_0_3_1_1/DP/I","other","FDCE=1;LUT4=1;LUT6=3;RAMD32=1"
182,1.112,5.000,3.606,0.980,2.626,0.728,4,"ecc_fold_word_q_reg[1]/C","ecc_product_odd_reg_0_3_20_20/DP/I","other","FDCE=1;LUT4=1;LUT6=3;RAMD32=1"
183,1.112,5.000,3.606,0.980,2.626,0.728,4,"ecc_fold_word_q_reg[1]/C","ecc_product_odd_reg_0_3_21_21/DP/I","other","FDCE=1;LUT4=1;LUT6=3;RAMD32=1"
184,1.112,5.000,3.606,0.980,2.626,0.728,4,"ecc_fold_word_q_reg[1]/C","ecc_product_odd_reg_0_3_22_22/DP/I","other","FDCE=1;LUT4=1;LUT6=3;RAMD32=1"
185,1.112,5.000,3.606,0.980,2.626,0.728,4,"ecc_fold_word_q_reg[1]/C","ecc_product_odd_reg_0_3_23_23/DP/I","other","FDCE=1;LUT4=1;LUT6=3;RAMD32=1"
186,1.112,5.000,3.606,0.980,2.626,0.728,4,"ecc_fold_word_q_reg[1]/C","ecc_product_odd_reg_0_3_24_24/DP/I","other","FDCE=1;LUT4=1;LUT6=3;RAMD32=1"
187,1.112,5.000,3.606,0.980,2.626,0.728,4,"ecc_fold_word_q_reg[1]/C","ecc_product_odd_reg_0_3_25_25/DP/I","other","FDCE=1;LUT4=1;LUT6=3;RAMD32=1"
188,1.112,5.000,3.606,0.980,2.626,0.728,4,"ecc_fold_word_q_reg[1]/C","ecc_product_odd_reg_0_3_26_26/DP/I","other","FDCE=1;LUT4=1;LUT6=3;RAMD32=1"
189,1.112,5.000,3.606,0.980,2.626,0.728,4,"ecc_fold_word_q_reg[1]/C","ecc_product_odd_reg_0_3_27_27/DP/I","other","FDCE=1;LUT4=1;LUT6=3;RAMD32=1"
190,1.112,5.000,3.606,0.980,2.626,0.728,4,"ecc_fold_word_q_reg[1]/C","ecc_product_odd_reg_0_3_28_28/DP/I","other","FDCE=1;LUT4=1;LUT6=3;RAMD32=1"
191,1.112,5.000,3.606,0.980,2.626,0.728,4,"ecc_fold_word_q_reg[1]/C","ecc_product_odd_reg_0_3_29_29/DP/I","other","FDCE=1;LUT4=1;LUT6=3;RAMD32=1"
192,1.112,5.000,3.606,0.980,2.626,0.728,4,"ecc_fold_word_q_reg[1]/C","ecc_product_odd_reg_0_3_2_2/DP/I","other","FDCE=1;LUT4=1;LUT6=3;RAMD32=1"
193,1.112,5.000,3.606,0.980,2.626,0.728,4,"ecc_fold_word_q_reg[1]/C","ecc_product_odd_reg_0_3_30_30/DP/I","other","FDCE=1;LUT4=1;LUT6=3;RAMD32=1"
194,1.112,5.000,3.606,0.980,2.626,0.728,4,"ecc_fold_word_q_reg[1]/C","ecc_product_odd_reg_0_3_31_31/DP/I","other","FDCE=1;LUT4=2;LUT6=2;RAMD32=1"
195,1.112,5.000,3.606,0.980,2.626,0.728,4,"ecc_fold_word_q_reg[1]/C","ecc_product_odd_reg_0_3_32_32/DP/I","other","FDCE=1;LUT4=1;LUT6=3;RAMD32=1"
196,1.112,5.000,3.606,0.980,2.626,0.728,4,"ecc_fold_word_q_reg[1]/C","ecc_product_odd_reg_0_3_33_33/DP/I","other","FDCE=1;LUT4=1;LUT6=3;RAMD32=1"
197,1.112,5.000,3.606,0.980,2.626,0.728,4,"ecc_fold_word_q_reg[1]/C","ecc_product_odd_reg_0_3_34_34/DP/I","other","FDCE=1;LUT4=1;LUT6=3;RAMD32=1"
198,1.112,5.000,3.606,0.980,2.626,0.728,4,"ecc_fold_word_q_reg[1]/C","ecc_product_odd_reg_0_3_35_35/DP/I","other","FDCE=1;LUT4=1;LUT6=3;RAMD32=1"
199,1.112,5.000,3.606,0.980,2.626,0.728,4,"ecc_fold_word_q_reg[1]/C","ecc_product_odd_reg_0_3_36_36/DP/I","other","FDCE=1;LUT4=1;LUT6=3;RAMD32=1"
200,1.112,5.000,3.606,0.980,2.626,0.728,4,"ecc_fold_word_q_reg[1]/C","ecc_product_odd_reg_0_3_37_37/DP/I","other","FDCE=1;LUT4=1;LUT6=3;RAMD32=1"
201,1.112,5.000,3.606,0.980,2.626,0.728,4,"ecc_fold_word_q_reg[1]/C","ecc_product_odd_reg_0_3_38_38/DP/I","other","FDCE=1;LUT4=1;LUT6=3;RAMD32=1"
202,1.112,5.000,3.606,0.980,2.626,0.728,4,"ecc_fold_word_q_reg[1]/C","ecc_product_odd_reg_0_3_39_39/DP/I","other","FDCE=1;LUT4=1;LUT6=3;RAMD32=1"
203,1.112,5.000,3.606,0.980,2.626,0.728,4,"ecc_fold_word_q_reg[1]/C","ecc_product_odd_reg_0_3_3_3/DP/I","other","FDCE=1;LUT4=1;LUT6=3;RAMD32=1"
204,1.112,5.000,3.606,0.980,2.626,0.728,4,"ecc_fold_word_q_reg[1]/C","ecc_product_odd_reg_0_3_40_40/DP/I","other","FDCE=1;LUT4=1;LUT6=3;RAMD32=1"
205,1.112,5.000,3.606,0.980,2.626,0.728,4,"ecc_fold_word_q_reg[1]/C","ecc_product_odd_reg_0_3_41_41/DP/I","other","FDCE=1;LUT4=1;LUT6=3;RAMD32=1"
206,1.112,5.000,3.606,0.980,2.626,0.728,4,"ecc_fold_word_q_reg[1]/C","ecc_product_odd_reg_0_3_42_42/DP/I","other","FDCE=1;LUT4=1;LUT6=3;RAMD32=1"
207,1.112,5.000,3.606,0.980,2.626,0.728,4,"ecc_fold_word_q_reg[1]/C","ecc_product_odd_reg_0_3_43_43/DP/I","other","FDCE=1;LUT4=1;LUT6=3;RAMD32=1"
208,1.112,5.000,3.606,0.980,2.626,0.728,4,"ecc_fold_word_q_reg[1]/C","ecc_product_odd_reg_0_3_44_44/DP/I","other","FDCE=1;LUT4=1;LUT6=3;RAMD32=1"
209,1.112,5.000,3.606,0.980,2.626,0.728,4,"ecc_fold_word_q_reg[1]/C","ecc_product_odd_reg_0_3_45_45/DP/I","other","FDCE=1;LUT4=1;LUT6=3;RAMD32=1"
210,1.112,5.000,3.606,0.980,2.626,0.728,4,"ecc_fold_word_q_reg[1]/C","ecc_product_odd_reg_0_3_46_46/DP/I","other","FDCE=1;LUT4=1;LUT6=3;RAMD32=1"
211,1.112,5.000,3.606,0.980,2.626,0.728,4,"ecc_fold_word_q_reg[1]/C","ecc_product_odd_reg_0_3_47_47/DP/I","other","FDCE=1;LUT4=1;LUT6=3;RAMD32=1"
212,1.112,5.000,3.606,0.980,2.626,0.728,4,"ecc_fold_word_q_reg[1]/C","ecc_product_odd_reg_0_3_48_48/DP/I","other","FDCE=1;LUT4=1;LUT6=3;RAMD32=1"
213,1.112,5.000,3.606,0.980,2.626,0.728,4,"ecc_fold_word_q_reg[1]/C","ecc_product_odd_reg_0_3_49_49/DP/I","other","FDCE=1;LUT4=1;LUT6=3;RAMD32=1"
214,1.112,5.000,3.606,0.980,2.626,0.728,4,"ecc_fold_word_q_reg[1]/C","ecc_product_odd_reg_0_3_4_4/DP/I","other","FDCE=1;LUT4=1;LUT6=3;RAMD32=1"
215,1.112,5.000,3.606,0.980,2.626,0.728,4,"ecc_fold_word_q_reg[1]/C","ecc_product_odd_reg_0_3_50_50/DP/I","other","FDCE=1;LUT4=1;LUT6=3;RAMD32=1"
216,1.112,5.000,3.606,0.980,2.626,0.728,4,"ecc_fold_word_q_reg[1]/C","ecc_product_odd_reg_0_3_51_51/DP/I","other","FDCE=1;LUT4=1;LUT6=3;RAMD32=1"
217,1.112,5.000,3.606,0.980,2.626,0.728,4,"ecc_fold_word_q_reg[1]/C","ecc_product_odd_reg_0_3_52_52/DP/I","other","FDCE=1;LUT4=1;LUT6=3;RAMD32=1"
218,1.112,5.000,3.606,0.980,2.626,0.728,4,"ecc_fold_word_q_reg[1]/C","ecc_product_odd_reg_0_3_53_53/DP/I","other","FDCE=1;LUT4=1;LUT6=3;RAMD32=1"
219,1.112,5.000,3.606,0.980,2.626,0.728,4,"ecc_fold_word_q_reg[1]/C","ecc_product_odd_reg_0_3_54_54/DP/I","other","FDCE=1;LUT4=1;LUT6=3;RAMD32=1"
220,1.112,5.000,3.606,0.980,2.626,0.728,4,"ecc_fold_word_q_reg[1]/C","ecc_product_odd_reg_0_3_55_55/DP/I","other","FDCE=1;LUT4=1;LUT6=3;RAMD32=1"
221,1.112,5.000,3.606,0.980,2.626,0.728,4,"ecc_fold_word_q_reg[1]/C","ecc_product_odd_reg_0_3_56_56/DP/I","other","FDCE=1;LUT4=1;LUT6=3;RAMD32=1"
222,1.112,5.000,3.606,0.980,2.626,0.728,4,"ecc_fold_word_q_reg[1]/C","ecc_product_odd_reg_0_3_57_57/DP/I","other","FDCE=1;LUT4=1;LUT6=3;RAMD32=1"
223,1.112,5.000,3.606,0.980,2.626,0.728,4,"ecc_fold_word_q_reg[1]/C","ecc_product_odd_reg_0_3_58_58/DP/I","other","FDCE=1;LUT4=1;LUT6=3;RAMD32=1"
224,1.112,5.000,3.606,0.980,2.626,0.728,4,"ecc_fold_word_q_reg[1]/C","ecc_product_odd_reg_0_3_59_59/DP/I","other","FDCE=1;LUT4=1;LUT6=3;RAMD32=1"
225,1.112,5.000,3.606,0.980,2.626,0.728,4,"ecc_fold_word_q_reg[1]/C","ecc_product_odd_reg_0_3_5_5/DP/I","other","FDCE=1;LUT4=1;LUT6=3;RAMD32=1"
226,1.112,5.000,3.606,0.980,2.626,0.728,4,"ecc_fold_word_q_reg[1]/C","ecc_product_odd_reg_0_3_60_60/DP/I","other","FDCE=1;LUT4=1;LUT6=3;RAMD32=1"
227,1.112,5.000,3.606,0.980,2.626,0.728,4,"ecc_fold_word_q_reg[1]/C","ecc_product_odd_reg_0_3_61_61/DP/I","other","FDCE=1;LUT4=1;LUT6=3;RAMD32=1"
228,1.112,5.000,3.606,0.980,2.626,0.728,4,"ecc_fold_word_q_reg[1]/C","ecc_product_odd_reg_0_3_62_62/DP/I","other","FDCE=1;LUT4=1;LUT6=3;RAMD32=1"
229,1.112,5.000,3.606,0.980,2.626,0.728,4,"ecc_fold_word_q_reg[1]/C","ecc_product_odd_reg_0_3_6_6/DP/I","other","FDCE=1;LUT4=1;LUT6=3;RAMD32=1"
230,1.112,5.000,3.606,0.980,2.626,0.728,4,"ecc_fold_word_q_reg[1]/C","ecc_product_odd_reg_0_3_7_7/DP/I","other","FDCE=1;LUT4=1;LUT6=3;RAMD32=1"
231,1.112,5.000,3.606,0.980,2.626,0.728,4,"ecc_fold_word_q_reg[1]/C","ecc_product_odd_reg_0_3_8_8/DP/I","other","FDCE=1;LUT4=1;LUT6=3;RAMD32=1"
232,1.112,5.000,3.606,0.980,2.626,0.728,4,"ecc_fold_word_q_reg[1]/C","ecc_product_odd_reg_0_3_9_9/DP/I","other","FDCE=1;LUT4=1;LUT6=3;RAMD32=1"
233,1.128,5.000,3.869,1.000,2.869,0.742,4,"gen_lane[0].i_p2_pop_slice/bool_result_q_reg[17]/C","gen_lane[0].i_p2_pop_slice/popcount_part_q_o_reg[0][1]/D","P2 popcount capture","FDCE=2;LUT3=1;LUT5=2;LUT6=1"
234,1.128,5.000,3.869,1.000,2.869,0.742,4,"gen_lane[0].i_p2_pop_slice/bool_result_q_reg[49]/C","gen_lane[0].i_p2_pop_slice/popcount_part_q_o_reg[1][1]/D","P2 popcount capture","FDCE=2;LUT3=1;LUT5=2;LUT6=1"
235,1.128,5.000,3.869,1.000,2.869,0.742,4,"gen_lane[1].i_p2_pop_slice/bool_result_q_reg[17]/C","gen_lane[1].i_p2_pop_slice/popcount_part_q_o_reg[0][1]/D","P2 popcount capture","FDCE=2;LUT3=1;LUT5=2;LUT6=1"
236,1.128,5.000,3.869,1.000,2.869,0.742,4,"gen_lane[1].i_p2_pop_slice/bool_result_q_reg[49]/C","gen_lane[1].i_p2_pop_slice/popcount_part_q_o_reg[1][1]/D","P2 popcount capture","FDCE=2;LUT3=1;LUT5=2;LUT6=1"
237,1.128,5.000,3.869,1.000,2.869,0.742,4,"gen_lane[2].i_p2_pop_slice/bool_result_q_reg[17]/C","gen_lane[2].i_p2_pop_slice/popcount_part_q_o_reg[0][1]/D","P2 popcount capture","FDCE=2;LUT3=1;LUT5=2;LUT6=1"
238,1.128,5.000,3.869,1.000,2.869,0.742,4,"gen_lane[2].i_p2_pop_slice/bool_result_q_reg[49]/C","gen_lane[2].i_p2_pop_slice/popcount_part_q_o_reg[1][1]/D","P2 popcount capture","FDCE=2;LUT3=1;LUT5=2;LUT6=1"
239,1.128,5.000,3.869,1.000,2.869,0.742,4,"gen_lane[3].i_p2_pop_slice/bool_result_q_reg[17]/C","gen_lane[3].i_p2_pop_slice/popcount_part_q_o_reg[0][1]/D","P2 popcount capture","FDCE=2;LUT3=1;LUT5=2;LUT6=1"
240,1.128,5.000,3.869,1.000,2.869,0.742,4,"gen_lane[3].i_p2_pop_slice/bool_result_q_reg[49]/C","gen_lane[3].i_p2_pop_slice/popcount_part_q_o_reg[1][1]/D","P2 popcount capture","FDCE=2;LUT3=1;LUT5=2;LUT6=1"
241,1.147,5.000,3.606,0.980,2.626,0.728,4,"ecc_fold_word_q_reg[1]/C","ecc_product_odd_reg_0_3_0_0/SP/I","other","FDCE=1;LUT4=1;LUT6=3;RAMD32=1"
242,1.147,5.000,3.606,0.980,2.626,0.728,4,"ecc_fold_word_q_reg[1]/C","ecc_product_odd_reg_0_3_10_10/SP/I","other","FDCE=1;LUT4=1;LUT6=3;RAMD32=1"
243,1.147,5.000,3.606,0.980,2.626,0.728,4,"ecc_fold_word_q_reg[1]/C","ecc_product_odd_reg_0_3_11_11/SP/I","other","FDCE=1;LUT4=1;LUT6=3;RAMD32=1"
244,1.147,5.000,3.606,0.980,2.626,0.728,4,"ecc_fold_word_q_reg[1]/C","ecc_product_odd_reg_0_3_12_12/SP/I","other","FDCE=1;LUT4=1;LUT6=3;RAMD32=1"
245,1.147,5.000,3.606,0.980,2.626,0.728,4,"ecc_fold_word_q_reg[1]/C","ecc_product_odd_reg_0_3_13_13/SP/I","other","FDCE=1;LUT4=1;LUT6=3;RAMD32=1"
246,1.147,5.000,3.606,0.980,2.626,0.728,4,"ecc_fold_word_q_reg[1]/C","ecc_product_odd_reg_0_3_14_14/SP/I","other","FDCE=1;LUT4=1;LUT6=3;RAMD32=1"
247,1.147,5.000,3.606,0.980,2.626,0.728,4,"ecc_fold_word_q_reg[1]/C","ecc_product_odd_reg_0_3_15_15/SP/I","other","FDCE=1;LUT4=1;LUT6=3;RAMD32=1"
248,1.147,5.000,3.606,0.980,2.626,0.728,4,"ecc_fold_word_q_reg[1]/C","ecc_product_odd_reg_0_3_16_16/SP/I","other","FDCE=1;LUT4=1;LUT6=3;RAMD32=1"
249,1.147,5.000,3.606,0.980,2.626,0.728,4,"ecc_fold_word_q_reg[1]/C","ecc_product_odd_reg_0_3_17_17/SP/I","other","FDCE=1;LUT4=1;LUT6=3;RAMD32=1"
250,1.147,5.000,3.606,0.980,2.626,0.728,4,"ecc_fold_word_q_reg[1]/C","ecc_product_odd_reg_0_3_18_18/SP/I","other","FDCE=1;LUT4=1;LUT6=3;RAMD32=1"
251,1.147,5.000,3.606,0.980,2.626,0.728,4,"ecc_fold_word_q_reg[1]/C","ecc_product_odd_reg_0_3_19_19/SP/I","other","FDCE=1;LUT4=1;LUT6=3;RAMD32=1"
252,1.147,5.000,3.606,0.980,2.626,0.728,4,"ecc_fold_word_q_reg[1]/C","ecc_product_odd_reg_0_3_1_1/SP/I","other","FDCE=1;LUT4=1;LUT6=3;RAMD32=1"
253,1.147,5.000,3.606,0.980,2.626,0.728,4,"ecc_fold_word_q_reg[1]/C","ecc_product_odd_reg_0_3_20_20/SP/I","other","FDCE=1;LUT4=1;LUT6=3;RAMD32=1"
254,1.147,5.000,3.606,0.980,2.626,0.728,4,"ecc_fold_word_q_reg[1]/C","ecc_product_odd_reg_0_3_21_21/SP/I","other","FDCE=1;LUT4=1;LUT6=3;RAMD32=1"
255,1.147,5.000,3.606,0.980,2.626,0.728,4,"ecc_fold_word_q_reg[1]/C","ecc_product_odd_reg_0_3_22_22/SP/I","other","FDCE=1;LUT4=1;LUT6=3;RAMD32=1"
256,1.147,5.000,3.606,0.980,2.626,0.728,4,"ecc_fold_word_q_reg[1]/C","ecc_product_odd_reg_0_3_23_23/SP/I","other","FDCE=1;LUT4=1;LUT6=3;RAMD32=1"
257,1.147,5.000,3.606,0.980,2.626,0.728,4,"ecc_fold_word_q_reg[1]/C","ecc_product_odd_reg_0_3_24_24/SP/I","other","FDCE=1;LUT4=1;LUT6=3;RAMD32=1"
258,1.147,5.000,3.606,0.980,2.626,0.728,4,"ecc_fold_word_q_reg[1]/C","ecc_product_odd_reg_0_3_25_25/SP/I","other","FDCE=1;LUT4=1;LUT6=3;RAMD32=1"
259,1.147,5.000,3.606,0.980,2.626,0.728,4,"ecc_fold_word_q_reg[1]/C","ecc_product_odd_reg_0_3_26_26/SP/I","other","FDCE=1;LUT4=1;LUT6=3;RAMD32=1"
260,1.147,5.000,3.606,0.980,2.626,0.728,4,"ecc_fold_word_q_reg[1]/C","ecc_product_odd_reg_0_3_27_27/SP/I","other","FDCE=1;LUT4=1;LUT6=3;RAMD32=1"
261,1.147,5.000,3.606,0.980,2.626,0.728,4,"ecc_fold_word_q_reg[1]/C","ecc_product_odd_reg_0_3_28_28/SP/I","other","FDCE=1;LUT4=1;LUT6=3;RAMD32=1"
262,1.147,5.000,3.606,0.980,2.626,0.728,4,"ecc_fold_word_q_reg[1]/C","ecc_product_odd_reg_0_3_29_29/SP/I","other","FDCE=1;LUT4=1;LUT6=3;RAMD32=1"
263,1.147,5.000,3.606,0.980,2.626,0.728,4,"ecc_fold_word_q_reg[1]/C","ecc_product_odd_reg_0_3_2_2/SP/I","other","FDCE=1;LUT4=1;LUT6=3;RAMD32=1"
264,1.147,5.000,3.606,0.980,2.626,0.728,4,"ecc_fold_word_q_reg[1]/C","ecc_product_odd_reg_0_3_30_30/SP/I","other","FDCE=1;LUT4=1;LUT6=3;RAMD32=1"
265,1.147,5.000,3.606,0.980,2.626,0.728,4,"ecc_fold_word_q_reg[1]/C","ecc_product_odd_reg_0_3_31_31/SP/I","other","FDCE=1;LUT4=2;LUT6=2;RAMD32=1"
266,1.147,5.000,3.606,0.980,2.626,0.728,4,"ecc_fold_word_q_reg[1]/C","ecc_product_odd_reg_0_3_32_32/SP/I","other","FDCE=1;LUT4=1;LUT6=3;RAMD32=1"
267,1.147,5.000,3.606,0.980,2.626,0.728,4,"ecc_fold_word_q_reg[1]/C","ecc_product_odd_reg_0_3_33_33/SP/I","other","FDCE=1;LUT4=1;LUT6=3;RAMD32=1"
268,1.147,5.000,3.606,0.980,2.626,0.728,4,"ecc_fold_word_q_reg[1]/C","ecc_product_odd_reg_0_3_34_34/SP/I","other","FDCE=1;LUT4=1;LUT6=3;RAMD32=1"
269,1.147,5.000,3.606,0.980,2.626,0.728,4,"ecc_fold_word_q_reg[1]/C","ecc_product_odd_reg_0_3_35_35/SP/I","other","FDCE=1;LUT4=1;LUT6=3;RAMD32=1"
270,1.147,5.000,3.606,0.980,2.626,0.728,4,"ecc_fold_word_q_reg[1]/C","ecc_product_odd_reg_0_3_36_36/SP/I","other","FDCE=1;LUT4=1;LUT6=3;RAMD32=1"
271,1.147,5.000,3.606,0.980,2.626,0.728,4,"ecc_fold_word_q_reg[1]/C","ecc_product_odd_reg_0_3_37_37/SP/I","other","FDCE=1;LUT4=1;LUT6=3;RAMD32=1"
272,1.147,5.000,3.606,0.980,2.626,0.728,4,"ecc_fold_word_q_reg[1]/C","ecc_product_odd_reg_0_3_38_38/SP/I","other","FDCE=1;LUT4=1;LUT6=3;RAMD32=1"
273,1.147,5.000,3.606,0.980,2.626,0.728,4,"ecc_fold_word_q_reg[1]/C","ecc_product_odd_reg_0_3_39_39/SP/I","other","FDCE=1;LUT4=1;LUT6=3;RAMD32=1"
274,1.147,5.000,3.606,0.980,2.626,0.728,4,"ecc_fold_word_q_reg[1]/C","ecc_product_odd_reg_0_3_3_3/SP/I","other","FDCE=1;LUT4=1;LUT6=3;RAMD32=1"
275,1.147,5.000,3.606,0.980,2.626,0.728,4,"ecc_fold_word_q_reg[1]/C","ecc_product_odd_reg_0_3_40_40/SP/I","other","FDCE=1;LUT4=1;LUT6=3;RAMD32=1"
276,1.147,5.000,3.606,0.980,2.626,0.728,4,"ecc_fold_word_q_reg[1]/C","ecc_product_odd_reg_0_3_41_41/SP/I","other","FDCE=1;LUT4=1;LUT6=3;RAMD32=1"
277,1.147,5.000,3.606,0.980,2.626,0.728,4,"ecc_fold_word_q_reg[1]/C","ecc_product_odd_reg_0_3_42_42/SP/I","other","FDCE=1;LUT4=1;LUT6=3;RAMD32=1"
278,1.147,5.000,3.606,0.980,2.626,0.728,4,"ecc_fold_word_q_reg[1]/C","ecc_product_odd_reg_0_3_43_43/SP/I","other","FDCE=1;LUT4=1;LUT6=3;RAMD32=1"
279,1.147,5.000,3.606,0.980,2.626,0.728,4,"ecc_fold_word_q_reg[1]/C","ecc_product_odd_reg_0_3_44_44/SP/I","other","FDCE=1;LUT4=1;LUT6=3;RAMD32=1"
280,1.147,5.000,3.606,0.980,2.626,0.728,4,"ecc_fold_word_q_reg[1]/C","ecc_product_odd_reg_0_3_45_45/SP/I","other","FDCE=1;LUT4=1;LUT6=3;RAMD32=1"
281,1.147,5.000,3.606,0.980,2.626,0.728,4,"ecc_fold_word_q_reg[1]/C","ecc_product_odd_reg_0_3_46_46/SP/I","other","FDCE=1;LUT4=1;LUT6=3;RAMD32=1"
282,1.147,5.000,3.606,0.980,2.626,0.728,4,"ecc_fold_word_q_reg[1]/C","ecc_product_odd_reg_0_3_47_47/SP/I","other","FDCE=1;LUT4=1;LUT6=3;RAMD32=1"
283,1.147,5.000,3.606,0.980,2.626,0.728,4,"ecc_fold_word_q_reg[1]/C","ecc_product_odd_reg_0_3_48_48/SP/I","other","FDCE=1;LUT4=1;LUT6=3;RAMD32=1"
284,1.147,5.000,3.606,0.980,2.626,0.728,4,"ecc_fold_word_q_reg[1]/C","ecc_product_odd_reg_0_3_49_49/SP/I","other","FDCE=1;LUT4=1;LUT6=3;RAMD32=1"
285,1.147,5.000,3.606,0.980,2.626,0.728,4,"ecc_fold_word_q_reg[1]/C","ecc_product_odd_reg_0_3_4_4/SP/I","other","FDCE=1;LUT4=1;LUT6=3;RAMD32=1"
286,1.147,5.000,3.606,0.980,2.626,0.728,4,"ecc_fold_word_q_reg[1]/C","ecc_product_odd_reg_0_3_50_50/SP/I","other","FDCE=1;LUT4=1;LUT6=3;RAMD32=1"
287,1.147,5.000,3.606,0.980,2.626,0.728,4,"ecc_fold_word_q_reg[1]/C","ecc_product_odd_reg_0_3_51_51/SP/I","other","FDCE=1;LUT4=1;LUT6=3;RAMD32=1"
288,1.147,5.000,3.606,0.980,2.626,0.728,4,"ecc_fold_word_q_reg[1]/C","ecc_product_odd_reg_0_3_52_52/SP/I","other","FDCE=1;LUT4=1;LUT6=3;RAMD32=1"
289,1.147,5.000,3.606,0.980,2.626,0.728,4,"ecc_fold_word_q_reg[1]/C","ecc_product_odd_reg_0_3_53_53/SP/I","other","FDCE=1;LUT4=1;LUT6=3;RAMD32=1"
290,1.147,5.000,3.606,0.980,2.626,0.728,4,"ecc_fold_word_q_reg[1]/C","ecc_product_odd_reg_0_3_54_54/SP/I","other","FDCE=1;LUT4=1;LUT6=3;RAMD32=1"
291,1.147,5.000,3.606,0.980,2.626,0.728,4,"ecc_fold_word_q_reg[1]/C","ecc_product_odd_reg_0_3_55_55/SP/I","other","FDCE=1;LUT4=1;LUT6=3;RAMD32=1"
292,1.147,5.000,3.606,0.980,2.626,0.728,4,"ecc_fold_word_q_reg[1]/C","ecc_product_odd_reg_0_3_56_56/SP/I","other","FDCE=1;LUT4=1;LUT6=3;RAMD32=1"
293,1.147,5.000,3.606,0.980,2.626,0.728,4,"ecc_fold_word_q_reg[1]/C","ecc_product_odd_reg_0_3_57_57/SP/I","other","FDCE=1;LUT4=1;LUT6=3;RAMD32=1"
294,1.147,5.000,3.606,0.980,2.626,0.728,4,"ecc_fold_word_q_reg[1]/C","ecc_product_odd_reg_0_3_58_58/SP/I","other","FDCE=1;LUT4=1;LUT6=3;RAMD32=1"
295,1.147,5.000,3.606,0.980,2.626,0.728,4,"ecc_fold_word_q_reg[1]/C","ecc_product_odd_reg_0_3_59_59/SP/I","other","FDCE=1;LUT4=1;LUT6=3;RAMD32=1"
296,1.147,5.000,3.606,0.980,2.626,0.728,4,"ecc_fold_word_q_reg[1]/C","ecc_product_odd_reg_0_3_5_5/SP/I","other","FDCE=1;LUT4=1;LUT6=3;RAMD32=1"
297,1.147,5.000,3.606,0.980,2.626,0.728,4,"ecc_fold_word_q_reg[1]/C","ecc_product_odd_reg_0_3_60_60/SP/I","other","FDCE=1;LUT4=1;LUT6=3;RAMD32=1"
298,1.147,5.000,3.606,0.980,2.626,0.728,4,"ecc_fold_word_q_reg[1]/C","ecc_product_odd_reg_0_3_61_61/SP/I","other","FDCE=1;LUT4=1;LUT6=3;RAMD32=1"
299,1.147,5.000,3.606,0.980,2.626,0.728,4,"ecc_fold_word_q_reg[1]/C","ecc_product_odd_reg_0_3_62_62/SP/I","other","FDCE=1;LUT4=1;LUT6=3;RAMD32=1"
300,1.147,5.000,3.606,0.980,2.626,0.728,4,"ecc_fold_word_q_reg[1]/C","ecc_product_odd_reg_0_3_6_6/SP/I","other","FDCE=1;LUT4=1;LUT6=3;RAMD32=1"
301,1.147,5.000,3.606,0.980,2.626,0.728,4,"ecc_fold_word_q_reg[1]/C","ecc_product_odd_reg_0_3_7_7/SP/I","other","FDCE=1;LUT4=1;LUT6=3;RAMD32=1"
302,1.147,5.000,3.606,0.980,2.626,0.728,4,"ecc_fold_word_q_reg[1]/C","ecc_product_odd_reg_0_3_8_8/SP/I","other","FDCE=1;LUT4=1;LUT6=3;RAMD32=1"
303,1.147,5.000,3.606,0.980,2.626,0.728,4,"ecc_fold_word_q_reg[1]/C","ecc_product_odd_reg_0_3_9_9/SP/I","other","FDCE=1;LUT4=1;LUT6=3;RAMD32=1"
304,1.221,5.000,3.776,1.085,2.691,0.713,5,"uop_p2_q_reg[use_shift]/C","lane_result_q_reg[0][32]/D","P2 lane result capture","FDCE=2;LUT3=1;LUT6=4"
305,1.221,5.000,3.776,1.085,2.691,0.713,5,"uop_p2_q_reg[use_shift]/C","lane_result_q_reg[0][33]/D","P2 lane result capture","FDCE=2;LUT3=1;LUT6=4"
306,1.221,5.000,3.776,1.085,2.691,0.713,5,"uop_p2_q_reg[use_shift]/C","lane_result_q_reg[0][34]/D","P2 lane result capture","FDCE=2;LUT3=1;LUT6=4"
307,1.221,5.000,3.776,1.085,2.691,0.713,5,"uop_p2_q_reg[use_shift]/C","lane_result_q_reg[0][35]/D","P2 lane result capture","FDCE=2;LUT3=1;LUT5=1;LUT6=3"
308,1.221,5.000,3.776,1.085,2.691,0.713,5,"uop_p2_q_reg[use_shift]/C","lane_result_q_reg[0][40]/D","P2 lane result capture","FDCE=2;LUT3=1;LUT6=4"
309,1.221,5.000,3.776,1.085,2.691,0.713,5,"uop_p2_q_reg[use_shift]/C","lane_result_q_reg[0][41]/D","P2 lane result capture","FDCE=2;LUT3=1;LUT6=4"
310,1.221,5.000,3.776,1.085,2.691,0.713,5,"uop_p2_q_reg[use_shift]/C","lane_result_q_reg[0][42]/D","P2 lane result capture","FDCE=2;LUT3=1;LUT6=4"
311,1.221,5.000,3.776,1.085,2.691,0.713,5,"uop_p2_q_reg[use_shift]/C","lane_result_q_reg[0][43]/D","P2 lane result capture","FDCE=2;LUT3=1;LUT5=1;LUT6=3"
312,1.221,5.000,3.776,1.085,2.691,0.713,5,"uop_p2_q_reg[use_shift]/C","lane_result_q_reg[0][48]/D","P2 lane result capture","FDCE=2;LUT3=1;LUT6=4"
313,1.221,5.000,3.776,1.085,2.691,0.713,5,"uop_p2_q_reg[use_shift]/C","lane_result_q_reg[0][49]/D","P2 lane result capture","FDCE=2;LUT3=1;LUT6=4"
314,1.221,5.000,3.776,1.085,2.691,0.713,5,"uop_p2_q_reg[use_shift]/C","lane_result_q_reg[0][50]/D","P2 lane result capture","FDCE=2;LUT3=1;LUT6=4"
315,1.221,5.000,3.776,1.085,2.691,0.713,5,"uop_p2_q_reg[use_shift]/C","lane_result_q_reg[0][51]/D","P2 lane result capture","FDCE=2;LUT3=1;LUT5=1;LUT6=3"
316,1.221,5.000,3.776,1.085,2.691,0.713,5,"uop_p2_q_reg[use_shift]/C","lane_result_q_reg[0][56]/D","P2 lane result capture","FDCE=2;LUT3=1;LUT6=4"
317,1.221,5.000,3.776,1.085,2.691,0.713,5,"uop_p2_q_reg[use_shift]/C","lane_result_q_reg[0][57]/D","P2 lane result capture","FDCE=2;LUT3=1;LUT6=4"
318,1.221,5.000,3.776,1.085,2.691,0.713,5,"uop_p2_q_reg[use_shift]/C","lane_result_q_reg[0][58]/D","P2 lane result capture","FDCE=2;LUT3=1;LUT6=4"
319,1.221,5.000,3.776,1.085,2.691,0.713,5,"uop_p2_q_reg[use_shift]/C","lane_result_q_reg[0][59]/D","P2 lane result capture","FDCE=2;LUT3=1;LUT5=1;LUT6=3"
320,1.221,5.000,3.776,1.085,2.691,0.713,5,"uop_p2_q_reg[use_shift]/C","lane_result_q_reg[1][0]/D","P2 lane result capture","FDCE=2;LUT3=1;LUT6=4"
321,1.221,5.000,3.776,1.085,2.691,0.713,5,"uop_p2_q_reg[use_shift]/C","lane_result_q_reg[1][10]/D","P2 lane result capture","FDCE=2;LUT3=1;LUT6=4"
322,1.221,5.000,3.776,1.085,2.691,0.713,5,"uop_p2_q_reg[use_shift]/C","lane_result_q_reg[1][11]/D","P2 lane result capture","FDCE=2;LUT3=1;LUT5=1;LUT6=3"
323,1.221,5.000,3.776,1.085,2.691,0.713,5,"uop_p2_q_reg[use_shift]/C","lane_result_q_reg[1][16]/D","P2 lane result capture","FDCE=2;LUT3=1;LUT6=4"
324,1.221,5.000,3.776,1.085,2.691,0.713,5,"uop_p2_q_reg[use_shift]/C","lane_result_q_reg[1][17]/D","P2 lane result capture","FDCE=2;LUT3=1;LUT6=4"
325,1.221,5.000,3.776,1.085,2.691,0.713,5,"uop_p2_q_reg[use_shift]/C","lane_result_q_reg[1][18]/D","P2 lane result capture","FDCE=2;LUT3=1;LUT6=4"
326,1.221,5.000,3.776,1.085,2.691,0.713,5,"uop_p2_q_reg[use_shift]/C","lane_result_q_reg[1][19]/D","P2 lane result capture","FDCE=2;LUT3=1;LUT5=1;LUT6=3"
327,1.221,5.000,3.776,1.085,2.691,0.713,5,"uop_p2_q_reg[use_shift]/C","lane_result_q_reg[1][1]/D","P2 lane result capture","FDCE=2;LUT3=1;LUT6=4"
328,1.221,5.000,3.776,1.085,2.691,0.713,5,"uop_p2_q_reg[use_shift]/C","lane_result_q_reg[1][24]/D","P2 lane result capture","FDCE=2;LUT3=1;LUT6=4"
329,1.221,5.000,3.776,1.085,2.691,0.713,5,"uop_p2_q_reg[use_shift]/C","lane_result_q_reg[1][25]/D","P2 lane result capture","FDCE=2;LUT3=1;LUT6=4"
330,1.221,5.000,3.776,1.085,2.691,0.713,5,"uop_p2_q_reg[use_shift]/C","lane_result_q_reg[1][26]/D","P2 lane result capture","FDCE=2;LUT3=1;LUT6=4"
331,1.221,5.000,3.776,1.085,2.691,0.713,5,"uop_p2_q_reg[use_shift]/C","lane_result_q_reg[1][27]/D","P2 lane result capture","FDCE=2;LUT3=1;LUT5=1;LUT6=3"
332,1.221,5.000,3.776,1.085,2.691,0.713,5,"uop_p2_q_reg[use_shift]/C","lane_result_q_reg[1][2]/D","P2 lane result capture","FDCE=2;LUT3=1;LUT6=4"
333,1.221,5.000,3.776,1.085,2.691,0.713,5,"uop_p2_q_reg[use_shift]/C","lane_result_q_reg[1][32]/D","P2 lane result capture","FDCE=2;LUT3=1;LUT6=4"
334,1.221,5.000,3.776,1.085,2.691,0.713,5,"uop_p2_q_reg[use_shift]/C","lane_result_q_reg[1][33]/D","P2 lane result capture","FDCE=2;LUT3=1;LUT6=4"
335,1.221,5.000,3.776,1.085,2.691,0.713,5,"uop_p2_q_reg[use_shift]/C","lane_result_q_reg[1][34]/D","P2 lane result capture","FDCE=2;LUT3=1;LUT6=4"
336,1.221,5.000,3.776,1.085,2.691,0.713,5,"uop_p2_q_reg[use_shift]/C","lane_result_q_reg[1][35]/D","P2 lane result capture","FDCE=2;LUT3=1;LUT5=1;LUT6=3"
337,1.221,5.000,3.776,1.085,2.691,0.713,5,"uop_p2_q_reg[use_shift]/C","lane_result_q_reg[1][3]/D","P2 lane result capture","FDCE=2;LUT3=1;LUT5=1;LUT6=3"
338,1.221,5.000,3.776,1.085,2.691,0.713,5,"uop_p2_q_reg[use_shift]/C","lane_result_q_reg[1][40]/D","P2 lane result capture","FDCE=2;LUT3=1;LUT6=4"
339,1.221,5.000,3.776,1.085,2.691,0.713,5,"uop_p2_q_reg[use_shift]/C","lane_result_q_reg[1][41]/D","P2 lane result capture","FDCE=2;LUT3=1;LUT6=4"
340,1.221,5.000,3.776,1.085,2.691,0.713,5,"uop_p2_q_reg[use_shift]/C","lane_result_q_reg[1][42]/D","P2 lane result capture","FDCE=2;LUT3=1;LUT6=4"
341,1.221,5.000,3.776,1.085,2.691,0.713,5,"uop_p2_q_reg[use_shift]/C","lane_result_q_reg[1][43]/D","P2 lane result capture","FDCE=2;LUT3=1;LUT5=1;LUT6=3"
342,1.221,5.000,3.776,1.085,2.691,0.713,5,"uop_p2_q_reg[use_shift]/C","lane_result_q_reg[1][48]/D","P2 lane result capture","FDCE=2;LUT3=1;LUT6=4"
343,1.221,5.000,3.776,1.085,2.691,0.713,5,"uop_p2_q_reg[use_shift]/C","lane_result_q_reg[1][49]/D","P2 lane result capture","FDCE=2;LUT3=1;LUT6=4"
344,1.221,5.000,3.776,1.085,2.691,0.713,5,"uop_p2_q_reg[use_shift]/C","lane_result_q_reg[1][50]/D","P2 lane result capture","FDCE=2;LUT3=1;LUT6=4"
345,1.221,5.000,3.776,1.085,2.691,0.713,5,"uop_p2_q_reg[use_shift]/C","lane_result_q_reg[1][51]/D","P2 lane result capture","FDCE=2;LUT3=1;LUT5=1;LUT6=3"
346,1.221,5.000,3.776,1.085,2.691,0.713,5,"uop_p2_q_reg[use_shift]/C","lane_result_q_reg[1][56]/D","P2 lane result capture","FDCE=2;LUT3=1;LUT6=4"
347,1.221,5.000,3.776,1.085,2.691,0.713,5,"uop_p2_q_reg[use_shift]/C","lane_result_q_reg[1][57]/D","P2 lane result capture","FDCE=2;LUT3=1;LUT6=4"
348,1.221,5.000,3.776,1.085,2.691,0.713,5,"uop_p2_q_reg[use_shift]/C","lane_result_q_reg[1][58]/D","P2 lane result capture","FDCE=2;LUT3=1;LUT6=4"
349,1.221,5.000,3.776,1.085,2.691,0.713,5,"uop_p2_q_reg[use_shift]/C","lane_result_q_reg[1][59]/D","P2 lane result capture","FDCE=2;LUT3=1;LUT5=1;LUT6=3"
350,1.221,5.000,3.776,1.085,2.691,0.713,5,"uop_p2_q_reg[use_shift]/C","lane_result_q_reg[1][8]/D","P2 lane result capture","FDCE=2;LUT3=1;LUT6=4"
351,1.221,5.000,3.776,1.085,2.691,0.713,5,"uop_p2_q_reg[use_shift]/C","lane_result_q_reg[1][9]/D","P2 lane result capture","FDCE=2;LUT3=1;LUT6=4"
352,1.221,5.000,3.776,1.085,2.691,0.713,5,"uop_p2_q_reg[use_shift]/C","lane_result_q_reg[2][0]/D","P2 lane result capture","FDCE=2;LUT3=1;LUT6=4"
353,1.221,5.000,3.776,1.085,2.691,0.713,5,"uop_p2_q_reg[use_shift]/C","lane_result_q_reg[2][10]/D","P2 lane result capture","FDCE=2;LUT3=1;LUT6=4"
354,1.221,5.000,3.776,1.085,2.691,0.713,5,"uop_p2_q_reg[use_shift]/C","lane_result_q_reg[2][11]/D","P2 lane result capture","FDCE=2;LUT3=1;LUT5=1;LUT6=3"
355,1.221,5.000,3.776,1.085,2.691,0.713,5,"uop_p2_q_reg[use_shift]/C","lane_result_q_reg[2][16]/D","P2 lane result capture","FDCE=2;LUT3=1;LUT6=4"
356,1.221,5.000,3.776,1.085,2.691,0.713,5,"uop_p2_q_reg[use_shift]/C","lane_result_q_reg[2][17]/D","P2 lane result capture","FDCE=2;LUT3=1;LUT6=4"
357,1.221,5.000,3.776,1.085,2.691,0.713,5,"uop_p2_q_reg[use_shift]/C","lane_result_q_reg[2][18]/D","P2 lane result capture","FDCE=2;LUT3=1;LUT6=4"
358,1.221,5.000,3.776,1.085,2.691,0.713,5,"uop_p2_q_reg[use_shift]/C","lane_result_q_reg[2][19]/D","P2 lane result capture","FDCE=2;LUT3=1;LUT5=1;LUT6=3"
359,1.221,5.000,3.776,1.085,2.691,0.713,5,"uop_p2_q_reg[use_shift]/C","lane_result_q_reg[2][1]/D","P2 lane result capture","FDCE=2;LUT3=1;LUT6=4"
360,1.221,5.000,3.776,1.085,2.691,0.713,5,"uop_p2_q_reg[use_shift]/C","lane_result_q_reg[2][24]/D","P2 lane result capture","FDCE=2;LUT3=1;LUT6=4"
361,1.221,5.000,3.776,1.085,2.691,0.713,5,"uop_p2_q_reg[use_shift]/C","lane_result_q_reg[2][25]/D","P2 lane result capture","FDCE=2;LUT3=1;LUT6=4"
362,1.221,5.000,3.776,1.085,2.691,0.713,5,"uop_p2_q_reg[use_shift]/C","lane_result_q_reg[2][26]/D","P2 lane result capture","FDCE=2;LUT3=1;LUT6=4"
363,1.221,5.000,3.776,1.085,2.691,0.713,5,"uop_p2_q_reg[use_shift]/C","lane_result_q_reg[2][27]/D","P2 lane result capture","FDCE=2;LUT3=1;LUT5=1;LUT6=3"
364,1.221,5.000,3.776,1.085,2.691,0.713,5,"uop_p2_q_reg[use_shift]/C","lane_result_q_reg[2][2]/D","P2 lane result capture","FDCE=2;LUT3=1;LUT6=4"
365,1.221,5.000,3.776,1.085,2.691,0.713,5,"uop_p2_q_reg[use_shift]/C","lane_result_q_reg[2][32]/D","P2 lane result capture","FDCE=2;LUT3=1;LUT6=4"
366,1.221,5.000,3.776,1.085,2.691,0.713,5,"uop_p2_q_reg[use_shift]/C","lane_result_q_reg[2][33]/D","P2 lane result capture","FDCE=2;LUT3=1;LUT6=4"
367,1.221,5.000,3.776,1.085,2.691,0.713,5,"uop_p2_q_reg[use_shift]/C","lane_result_q_reg[2][34]/D","P2 lane result capture","FDCE=2;LUT3=1;LUT6=4"
368,1.221,5.000,3.776,1.085,2.691,0.713,5,"uop_p2_q_reg[use_shift]/C","lane_result_q_reg[2][35]/D","P2 lane result capture","FDCE=2;LUT3=1;LUT5=1;LUT6=3"
369,1.221,5.000,3.776,1.085,2.691,0.713,5,"uop_p2_q_reg[use_shift]/C","lane_result_q_reg[2][3]/D","P2 lane result capture","FDCE=2;LUT3=1;LUT5=1;LUT6=3"
370,1.221,5.000,3.776,1.085,2.691,0.713,5,"uop_p2_q_reg[use_shift]/C","lane_result_q_reg[2][40]/D","P2 lane result capture","FDCE=2;LUT3=1;LUT6=4"
371,1.221,5.000,3.776,1.085,2.691,0.713,5,"uop_p2_q_reg[use_shift]/C","lane_result_q_reg[2][41]/D","P2 lane result capture","FDCE=2;LUT3=1;LUT6=4"
372,1.221,5.000,3.776,1.085,2.691,0.713,5,"uop_p2_q_reg[use_shift]/C","lane_result_q_reg[2][42]/D","P2 lane result capture","FDCE=2;LUT3=1;LUT6=4"
373,1.221,5.000,3.776,1.085,2.691,0.713,5,"uop_p2_q_reg[use_shift]/C","lane_result_q_reg[2][43]/D","P2 lane result capture","FDCE=2;LUT3=1;LUT5=1;LUT6=3"
374,1.221,5.000,3.776,1.085,2.691,0.713,5,"uop_p2_q_reg[use_shift]/C","lane_result_q_reg[2][48]/D","P2 lane result capture","FDCE=2;LUT3=1;LUT6=4"
375,1.221,5.000,3.776,1.085,2.691,0.713,5,"uop_p2_q_reg[use_shift]/C","lane_result_q_reg[2][49]/D","P2 lane result capture","FDCE=2;LUT3=1;LUT6=4"
376,1.221,5.000,3.776,1.085,2.691,0.713,5,"uop_p2_q_reg[use_shift]/C","lane_result_q_reg[2][50]/D","P2 lane result capture","FDCE=2;LUT3=1;LUT6=4"
377,1.221,5.000,3.776,1.085,2.691,0.713,5,"uop_p2_q_reg[use_shift]/C","lane_result_q_reg[2][51]/D","P2 lane result capture","FDCE=2;LUT3=1;LUT5=1;LUT6=3"
378,1.221,5.000,3.776,1.085,2.691,0.713,5,"uop_p2_q_reg[use_shift]/C","lane_result_q_reg[2][56]/D","P2 lane result capture","FDCE=2;LUT3=1;LUT6=4"
379,1.221,5.000,3.776,1.085,2.691,0.713,5,"uop_p2_q_reg[use_shift]/C","lane_result_q_reg[2][57]/D","P2 lane result capture","FDCE=2;LUT3=1;LUT6=4"
380,1.221,5.000,3.776,1.085,2.691,0.713,5,"uop_p2_q_reg[use_shift]/C","lane_result_q_reg[2][58]/D","P2 lane result capture","FDCE=2;LUT3=1;LUT6=4"
381,1.221,5.000,3.776,1.085,2.691,0.713,5,"uop_p2_q_reg[use_shift]/C","lane_result_q_reg[2][59]/D","P2 lane result capture","FDCE=2;LUT3=1;LUT5=1;LUT6=3"
382,1.221,5.000,3.776,1.085,2.691,0.713,5,"uop_p2_q_reg[use_shift]/C","lane_result_q_reg[2][8]/D","P2 lane result capture","FDCE=2;LUT3=1;LUT6=4"
383,1.221,5.000,3.776,1.085,2.691,0.713,5,"uop_p2_q_reg[use_shift]/C","lane_result_q_reg[2][9]/D","P2 lane result capture","FDCE=2;LUT3=1;LUT6=4"
384,1.221,5.000,3.776,1.085,2.691,0.713,5,"uop_p2_q_reg[use_shift]/C","lane_result_q_reg[3][0]/D","P2 lane result capture","FDCE=2;LUT3=1;LUT6=4"
385,1.221,5.000,3.776,1.085,2.691,0.713,5,"uop_p2_q_reg[use_shift]/C","lane_result_q_reg[3][10]/D","P2 lane result capture","FDCE=2;LUT3=1;LUT6=4"
386,1.221,5.000,3.776,1.085,2.691,0.713,5,"uop_p2_q_reg[use_shift]/C","lane_result_q_reg[3][11]/D","P2 lane result capture","FDCE=2;LUT3=1;LUT5=1;LUT6=3"
387,1.221,5.000,3.776,1.085,2.691,0.713,5,"uop_p2_q_reg[use_shift]/C","lane_result_q_reg[3][16]/D","P2 lane result capture","FDCE=2;LUT3=1;LUT6=4"
388,1.221,5.000,3.776,1.085,2.691,0.713,5,"uop_p2_q_reg[use_shift]/C","lane_result_q_reg[3][17]/D","P2 lane result capture","FDCE=2;LUT3=1;LUT6=4"
389,1.221,5.000,3.776,1.085,2.691,0.713,5,"uop_p2_q_reg[use_shift]/C","lane_result_q_reg[3][18]/D","P2 lane result capture","FDCE=2;LUT3=1;LUT6=4"
390,1.221,5.000,3.776,1.085,2.691,0.713,5,"uop_p2_q_reg[use_shift]/C","lane_result_q_reg[3][19]/D","P2 lane result capture","FDCE=2;LUT3=1;LUT5=1;LUT6=3"
391,1.221,5.000,3.776,1.085,2.691,0.713,5,"uop_p2_q_reg[use_shift]/C","lane_result_q_reg[3][1]/D","P2 lane result capture","FDCE=2;LUT3=1;LUT6=4"
392,1.221,5.000,3.776,1.085,2.691,0.713,5,"uop_p2_q_reg[use_shift]/C","lane_result_q_reg[3][24]/D","P2 lane result capture","FDCE=2;LUT3=1;LUT6=4"
393,1.221,5.000,3.776,1.085,2.691,0.713,5,"uop_p2_q_reg[use_shift]/C","lane_result_q_reg[3][25]/D","P2 lane result capture","FDCE=2;LUT3=1;LUT6=4"
394,1.221,5.000,3.776,1.085,2.691,0.713,5,"uop_p2_q_reg[use_shift]/C","lane_result_q_reg[3][26]/D","P2 lane result capture","FDCE=2;LUT3=1;LUT6=4"
395,1.221,5.000,3.776,1.085,2.691,0.713,5,"uop_p2_q_reg[use_shift]/C","lane_result_q_reg[3][27]/D","P2 lane result capture","FDCE=2;LUT3=1;LUT5=1;LUT6=3"
396,1.221,5.000,3.776,1.085,2.691,0.713,5,"uop_p2_q_reg[use_shift]/C","lane_result_q_reg[3][2]/D","P2 lane result capture","FDCE=2;LUT3=1;LUT6=4"
397,1.221,5.000,3.776,1.085,2.691,0.713,5,"uop_p2_q_reg[use_shift]/C","lane_result_q_reg[3][32]/D","P2 lane result capture","FDCE=2;LUT3=1;LUT6=4"
398,1.221,5.000,3.776,1.085,2.691,0.713,5,"uop_p2_q_reg[use_shift]/C","lane_result_q_reg[3][33]/D","P2 lane result capture","FDCE=2;LUT3=1;LUT6=4"
399,1.221,5.000,3.776,1.085,2.691,0.713,5,"uop_p2_q_reg[use_shift]/C","lane_result_q_reg[3][34]/D","P2 lane result capture","FDCE=2;LUT3=1;LUT6=4"
400,1.221,5.000,3.776,1.085,2.691,0.713,5,"uop_p2_q_reg[use_shift]/C","lane_result_q_reg[3][35]/D","P2 lane result capture","FDCE=2;LUT3=1;LUT5=1;LUT6=3"
401,1.221,5.000,3.776,1.085,2.691,0.713,5,"uop_p2_q_reg[use_shift]/C","lane_result_q_reg[3][3]/D","P2 lane result capture","FDCE=2;LUT3=1;LUT5=1;LUT6=3"
402,1.221,5.000,3.776,1.085,2.691,0.713,5,"uop_p2_q_reg[use_shift]/C","lane_result_q_reg[3][40]/D","P2 lane result capture","FDCE=2;LUT3=1;LUT6=4"
403,1.221,5.000,3.776,1.085,2.691,0.713,5,"uop_p2_q_reg[use_shift]/C","lane_result_q_reg[3][41]/D","P2 lane result capture","FDCE=2;LUT3=1;LUT6=4"
404,1.221,5.000,3.776,1.085,2.691,0.713,5,"uop_p2_q_reg[use_shift]/C","lane_result_q_reg[3][42]/D","P2 lane result capture","FDCE=2;LUT3=1;LUT6=4"
405,1.221,5.000,3.776,1.085,2.691,0.713,5,"uop_p2_q_reg[use_shift]/C","lane_result_q_reg[3][43]/D","P2 lane result capture","FDCE=2;LUT3=1;LUT5=1;LUT6=3"
406,1.221,5.000,3.776,1.085,2.691,0.713,5,"uop_p2_q_reg[use_shift]/C","lane_result_q_reg[3][48]/D","P2 lane result capture","FDCE=2;LUT3=1;LUT6=4"
407,1.221,5.000,3.776,1.085,2.691,0.713,5,"uop_p2_q_reg[use_shift]/C","lane_result_q_reg[3][49]/D","P2 lane result capture","FDCE=2;LUT3=1;LUT6=4"
408,1.221,5.000,3.776,1.085,2.691,0.713,5,"uop_p2_q_reg[use_shift]/C","lane_result_q_reg[3][50]/D","P2 lane result capture","FDCE=2;LUT3=1;LUT6=4"
409,1.221,5.000,3.776,1.085,2.691,0.713,5,"uop_p2_q_reg[use_shift]/C","lane_result_q_reg[3][51]/D","P2 lane result capture","FDCE=2;LUT3=1;LUT5=1;LUT6=3"
410,1.221,5.000,3.776,1.085,2.691,0.713,5,"uop_p2_q_reg[use_shift]/C","lane_result_q_reg[3][56]/D","P2 lane result capture","FDCE=2;LUT3=1;LUT6=4"
411,1.221,5.000,3.776,1.085,2.691,0.713,5,"uop_p2_q_reg[use_shift]/C","lane_result_q_reg[3][57]/D","P2 lane result capture","FDCE=2;LUT3=1;LUT6=4"
412,1.221,5.000,3.776,1.085,2.691,0.713,5,"uop_p2_q_reg[use_shift]/C","lane_result_q_reg[3][58]/D","P2 lane result capture","FDCE=2;LUT3=1;LUT6=4"
413,1.221,5.000,3.776,1.085,2.691,0.713,5,"uop_p2_q_reg[use_shift]/C","lane_result_q_reg[3][59]/D","P2 lane result capture","FDCE=2;LUT3=1;LUT5=1;LUT6=3"
414,1.221,5.000,3.776,1.085,2.691,0.713,5,"uop_p2_q_reg[use_shift]/C","lane_result_q_reg[3][8]/D","P2 lane result capture","FDCE=2;LUT3=1;LUT6=4"
415,1.221,5.000,3.776,1.085,2.691,0.713,5,"uop_p2_q_reg[use_shift]/C","lane_result_q_reg[3][9]/D","P2 lane result capture","FDCE=2;LUT3=1;LUT6=4"
416,1.231,5.000,3.766,1.085,2.681,0.712,5,"ecc_leaf_id_q_reg[4]/C","vrf_ra_q_reg[0][4]/D","VRF/read/writeback","FDCE=2;LUT2=1;LUT5=2;LUT6=2"
417,1.231,5.000,3.766,1.085,2.681,0.712,5,"ecc_leaf_id_q_reg[4]/C","vrf_ra_q_reg[1][4]/D","VRF/read/writeback","FDCE=2;LUT2=1;LUT5=2;LUT6=2"
418,1.231,5.000,3.766,1.085,2.681,0.712,5,"ecc_leaf_id_q_reg[4]/C","vrf_ra_q_reg[2][4]/D","VRF/read/writeback","FDCE=2;LUT2=1;LUT5=2;LUT6=2"
419,1.231,5.000,3.766,1.085,2.681,0.712,5,"ecc_leaf_id_q_reg[4]/C","vrf_ra_q_reg[3][4]/D","VRF/read/writeback","FDCE=2;LUT2=1;LUT5=2;LUT6=2"
420,1.232,5.000,3.765,1.085,2.680,0.712,5,"uop_p2_q_reg[use_shift]/C","lane_result_q_reg[0][10]/D","P2 lane result capture","FDCE=2;LUT3=1;LUT6=4"
421,1.232,5.000,3.765,1.085,2.680,0.712,5,"uop_p2_q_reg[use_shift]/C","lane_result_q_reg[0][11]/D","P2 lane result capture","FDCE=2;LUT3=1;LUT5=1;LUT6=3"
422,1.232,5.000,3.765,1.085,2.680,0.712,5,"uop_p2_q_reg[use_shift]/C","lane_result_q_reg[0][16]/D","P2 lane result capture","FDCE=2;LUT3=1;LUT6=4"
423,1.232,5.000,3.765,1.085,2.680,0.712,5,"uop_p2_q_reg[use_shift]/C","lane_result_q_reg[0][17]/D","P2 lane result capture","FDCE=2;LUT3=1;LUT6=4"
424,1.232,5.000,3.765,1.085,2.680,0.712,5,"uop_p2_q_reg[use_shift]/C","lane_result_q_reg[0][18]/D","P2 lane result capture","FDCE=2;LUT3=1;LUT6=4"
425,1.232,5.000,3.765,1.085,2.680,0.712,5,"uop_p2_q_reg[use_shift]/C","lane_result_q_reg[0][19]/D","P2 lane result capture","FDCE=2;LUT3=1;LUT5=1;LUT6=3"
426,1.232,5.000,3.765,1.085,2.680,0.712,5,"uop_p2_q_reg[use_shift]/C","lane_result_q_reg[0][24]/D","P2 lane result capture","FDCE=2;LUT3=1;LUT6=4"
427,1.232,5.000,3.765,1.085,2.680,0.712,5,"uop_p2_q_reg[use_shift]/C","lane_result_q_reg[0][25]/D","P2 lane result capture","FDCE=2;LUT3=1;LUT6=4"
428,1.232,5.000,3.765,1.085,2.680,0.712,5,"uop_p2_q_reg[use_shift]/C","lane_result_q_reg[0][26]/D","P2 lane result capture","FDCE=2;LUT3=1;LUT6=4"
429,1.232,5.000,3.765,1.085,2.680,0.712,5,"uop_p2_q_reg[use_shift]/C","lane_result_q_reg[0][27]/D","P2 lane result capture","FDCE=2;LUT3=1;LUT5=1;LUT6=3"
430,1.232,5.000,3.765,1.085,2.680,0.712,5,"uop_p2_q_reg[use_shift]/C","lane_result_q_reg[0][8]/D","P2 lane result capture","FDCE=2;LUT3=1;LUT6=4"
431,1.232,5.000,3.765,1.085,2.680,0.712,5,"uop_p2_q_reg[use_shift]/C","lane_result_q_reg[0][9]/D","P2 lane result capture","FDCE=2;LUT3=1;LUT6=4"
432,1.238,5.000,3.759,1.085,2.674,0.711,5,"uop_p2_q_reg[use_shift]/C","lane_result_q_reg[0][0]/D","P2 lane result capture","FDCE=2;LUT3=1;LUT6=4"
433,1.238,5.000,3.759,1.085,2.674,0.711,5,"uop_p2_q_reg[use_shift]/C","lane_result_q_reg[0][1]/D","P2 lane result capture","FDCE=2;LUT3=1;LUT6=4"
434,1.238,5.000,3.759,1.085,2.674,0.711,5,"uop_p2_q_reg[use_shift]/C","lane_result_q_reg[0][2]/D","P2 lane result capture","FDCE=2;LUT3=1;LUT6=4"
435,1.238,5.000,3.759,1.085,2.674,0.711,5,"uop_p2_q_reg[use_shift]/C","lane_result_q_reg[0][3]/D","P2 lane result capture","FDCE=2;LUT3=1;LUT5=1;LUT6=3"
436,1.250,5.000,3.747,1.085,2.662,0.710,5,"ecc_leaf_id_q_reg[4]/C","vrf_ra_q_reg[0][0]/D","VRF/read/writeback","FDCE=2;LUT5=4;LUT6=1"
437,1.250,5.000,3.747,1.085,2.662,0.710,5,"ecc_leaf_id_q_reg[4]/C","vrf_ra_q_reg[0][1]/D","VRF/read/writeback","FDCE=2;LUT5=3;LUT6=2"
438,1.250,5.000,3.747,1.085,2.662,0.710,5,"ecc_leaf_id_q_reg[4]/C","vrf_ra_q_reg[0][2]/D","VRF/read/writeback","FDCE=2;LUT5=4;LUT6=1"
439,1.250,5.000,3.747,1.085,2.662,0.710,5,"ecc_leaf_id_q_reg[4]/C","vrf_ra_q_reg[0][3]/D","VRF/read/writeback","FDCE=2;LUT5=4;LUT6=1"
440,1.250,5.000,3.747,1.085,2.662,0.710,5,"ecc_leaf_id_q_reg[4]/C","vrf_ra_q_reg[1][0]/D","VRF/read/writeback","FDCE=2;LUT5=4;LUT6=1"
441,1.250,5.000,3.747,1.085,2.662,0.710,5,"ecc_leaf_id_q_reg[4]/C","vrf_ra_q_reg[1][1]/D","VRF/read/writeback","FDCE=2;LUT5=3;LUT6=2"
442,1.250,5.000,3.747,1.085,2.662,0.710,5,"ecc_leaf_id_q_reg[4]/C","vrf_ra_q_reg[1][2]/D","VRF/read/writeback","FDCE=2;LUT5=4;LUT6=1"
443,1.250,5.000,3.747,1.085,2.662,0.710,5,"ecc_leaf_id_q_reg[4]/C","vrf_ra_q_reg[1][3]/D","VRF/read/writeback","FDCE=2;LUT5=4;LUT6=1"
444,1.250,5.000,3.747,1.085,2.662,0.710,5,"ecc_leaf_id_q_reg[4]/C","vrf_ra_q_reg[2][0]/D","VRF/read/writeback","FDCE=2;LUT5=4;LUT6=1"
445,1.250,5.000,3.747,1.085,2.662,0.710,5,"ecc_leaf_id_q_reg[4]/C","vrf_ra_q_reg[2][1]/D","VRF/read/writeback","FDCE=2;LUT5=3;LUT6=2"
446,1.250,5.000,3.747,1.085,2.662,0.710,5,"ecc_leaf_id_q_reg[4]/C","vrf_ra_q_reg[2][2]/D","VRF/read/writeback","FDCE=2;LUT5=4;LUT6=1"
447,1.250,5.000,3.747,1.085,2.662,0.710,5,"ecc_leaf_id_q_reg[4]/C","vrf_ra_q_reg[2][3]/D","VRF/read/writeback","FDCE=2;LUT5=4;LUT6=1"
448,1.250,5.000,3.747,1.085,2.662,0.710,5,"ecc_leaf_id_q_reg[4]/C","vrf_ra_q_reg[3][0]/D","VRF/read/writeback","FDCE=2;LUT5=4;LUT6=1"
449,1.250,5.000,3.747,1.085,2.662,0.710,5,"ecc_leaf_id_q_reg[4]/C","vrf_ra_q_reg[3][1]/D","VRF/read/writeback","FDCE=2;LUT5=3;LUT6=2"
450,1.250,5.000,3.747,1.085,2.662,0.710,5,"ecc_leaf_id_q_reg[4]/C","vrf_ra_q_reg[3][2]/D","VRF/read/writeback","FDCE=2;LUT5=4;LUT6=1"
451,1.250,5.000,3.747,1.085,2.662,0.710,5,"ecc_leaf_id_q_reg[4]/C","vrf_ra_q_reg[3][3]/D","VRF/read/writeback","FDCE=2;LUT5=4;LUT6=1"
452,1.308,5.000,3.689,1.085,2.604,0.706,5,"uop_p2_q_reg[use_shift]/C","lane_result_q_reg[0][36]/D","P2 lane result capture","FDCE=2;LUT3=1;LUT6=4"
453,1.308,5.000,3.689,1.085,2.604,0.706,5,"uop_p2_q_reg[use_shift]/C","lane_result_q_reg[0][37]/D","P2 lane result capture","FDCE=2;LUT3=1;LUT6=4"
454,1.308,5.000,3.689,1.085,2.604,0.706,5,"uop_p2_q_reg[use_shift]/C","lane_result_q_reg[0][38]/D","P2 lane result capture","FDCE=2;LUT3=1;LUT6=4"
455,1.308,5.000,3.689,1.085,2.604,0.706,5,"uop_p2_q_reg[use_shift]/C","lane_result_q_reg[0][39]/D","P2 lane result capture","FDCE=2;LUT3=1;LUT5=1;LUT6=3"
456,1.308,5.000,3.689,1.085,2.604,0.706,5,"uop_p2_q_reg[use_shift]/C","lane_result_q_reg[0][44]/D","P2 lane result capture","FDCE=2;LUT3=1;LUT6=4"
457,1.308,5.000,3.689,1.085,2.604,0.706,5,"uop_p2_q_reg[use_shift]/C","lane_result_q_reg[0][45]/D","P2 lane result capture","FDCE=2;LUT3=1;LUT6=4"
458,1.308,5.000,3.689,1.085,2.604,0.706,5,"uop_p2_q_reg[use_shift]/C","lane_result_q_reg[0][46]/D","P2 lane result capture","FDCE=2;LUT3=1;LUT6=4"
459,1.308,5.000,3.689,1.085,2.604,0.706,5,"uop_p2_q_reg[use_shift]/C","lane_result_q_reg[0][47]/D","P2 lane result capture","FDCE=2;LUT3=1;LUT5=1;LUT6=3"
460,1.308,5.000,3.689,1.085,2.604,0.706,5,"uop_p2_q_reg[use_shift]/C","lane_result_q_reg[0][52]/D","P2 lane result capture","FDCE=2;LUT3=1;LUT6=4"
461,1.308,5.000,3.689,1.085,2.604,0.706,5,"uop_p2_q_reg[use_shift]/C","lane_result_q_reg[0][53]/D","P2 lane result capture","FDCE=2;LUT3=1;LUT6=4"
462,1.308,5.000,3.689,1.085,2.604,0.706,5,"uop_p2_q_reg[use_shift]/C","lane_result_q_reg[0][54]/D","P2 lane result capture","FDCE=2;LUT3=1;LUT6=4"
463,1.308,5.000,3.689,1.085,2.604,0.706,5,"uop_p2_q_reg[use_shift]/C","lane_result_q_reg[0][55]/D","P2 lane result capture","FDCE=2;LUT3=1;LUT5=1;LUT6=3"
464,1.308,5.000,3.689,1.085,2.604,0.706,5,"uop_p2_q_reg[use_shift]/C","lane_result_q_reg[0][60]/D","P2 lane result capture","FDCE=2;LUT3=1;LUT6=4"
465,1.308,5.000,3.689,1.085,2.604,0.706,5,"uop_p2_q_reg[use_shift]/C","lane_result_q_reg[0][61]/D","P2 lane result capture","FDCE=2;LUT3=1;LUT6=4"
466,1.308,5.000,3.689,1.085,2.604,0.706,5,"uop_p2_q_reg[use_shift]/C","lane_result_q_reg[0][62]/D","P2 lane result capture","FDCE=2;LUT3=1;LUT6=4"
467,1.308,5.000,3.689,1.085,2.604,0.706,5,"uop_p2_q_reg[use_shift]/C","lane_result_q_reg[0][63]/D","P2 lane result capture","FDCE=2;LUT3=1;LUT5=1;LUT6=3"
468,1.308,5.000,3.689,1.085,2.604,0.706,5,"uop_p2_q_reg[use_shift]/C","lane_result_q_reg[1][12]/D","P2 lane result capture","FDCE=2;LUT3=1;LUT6=4"
469,1.308,5.000,3.689,1.085,2.604,0.706,5,"uop_p2_q_reg[use_shift]/C","lane_result_q_reg[1][13]/D","P2 lane result capture","FDCE=2;LUT3=1;LUT6=4"
470,1.308,5.000,3.689,1.085,2.604,0.706,5,"uop_p2_q_reg[use_shift]/C","lane_result_q_reg[1][14]/D","P2 lane result capture","FDCE=2;LUT3=1;LUT6=4"
471,1.308,5.000,3.689,1.085,2.604,0.706,5,"uop_p2_q_reg[use_shift]/C","lane_result_q_reg[1][15]/D","P2 lane result capture","FDCE=2;LUT3=1;LUT5=1;LUT6=3"
472,1.308,5.000,3.689,1.085,2.604,0.706,5,"uop_p2_q_reg[use_shift]/C","lane_result_q_reg[1][20]/D","P2 lane result capture","FDCE=2;LUT3=1;LUT6=4"
473,1.308,5.000,3.689,1.085,2.604,0.706,5,"uop_p2_q_reg[use_shift]/C","lane_result_q_reg[1][21]/D","P2 lane result capture","FDCE=2;LUT3=1;LUT6=4"
474,1.308,5.000,3.689,1.085,2.604,0.706,5,"uop_p2_q_reg[use_shift]/C","lane_result_q_reg[1][22]/D","P2 lane result capture","FDCE=2;LUT3=1;LUT6=4"
475,1.308,5.000,3.689,1.085,2.604,0.706,5,"uop_p2_q_reg[use_shift]/C","lane_result_q_reg[1][23]/D","P2 lane result capture","FDCE=2;LUT3=1;LUT5=1;LUT6=3"
476,1.308,5.000,3.689,1.085,2.604,0.706,5,"uop_p2_q_reg[use_shift]/C","lane_result_q_reg[1][28]/D","P2 lane result capture","FDCE=2;LUT3=1;LUT6=4"
477,1.308,5.000,3.689,1.085,2.604,0.706,5,"uop_p2_q_reg[use_shift]/C","lane_result_q_reg[1][29]/D","P2 lane result capture","FDCE=2;LUT3=1;LUT6=4"
478,1.308,5.000,3.689,1.085,2.604,0.706,5,"uop_p2_q_reg[use_shift]/C","lane_result_q_reg[1][30]/D","P2 lane result capture","FDCE=2;LUT3=1;LUT6=4"
479,1.308,5.000,3.689,1.085,2.604,0.706,5,"uop_p2_q_reg[use_shift]/C","lane_result_q_reg[1][31]/D","P2 lane result capture","FDCE=2;LUT3=1;LUT5=1;LUT6=3"
480,1.308,5.000,3.689,1.085,2.604,0.706,5,"uop_p2_q_reg[use_shift]/C","lane_result_q_reg[1][36]/D","P2 lane result capture","FDCE=2;LUT3=1;LUT6=4"
481,1.308,5.000,3.689,1.085,2.604,0.706,5,"uop_p2_q_reg[use_shift]/C","lane_result_q_reg[1][37]/D","P2 lane result capture","FDCE=2;LUT3=1;LUT6=4"
482,1.308,5.000,3.689,1.085,2.604,0.706,5,"uop_p2_q_reg[use_shift]/C","lane_result_q_reg[1][38]/D","P2 lane result capture","FDCE=2;LUT3=1;LUT6=4"
483,1.308,5.000,3.689,1.085,2.604,0.706,5,"uop_p2_q_reg[use_shift]/C","lane_result_q_reg[1][39]/D","P2 lane result capture","FDCE=2;LUT3=1;LUT5=1;LUT6=3"
484,1.308,5.000,3.689,1.085,2.604,0.706,5,"uop_p2_q_reg[use_shift]/C","lane_result_q_reg[1][44]/D","P2 lane result capture","FDCE=2;LUT3=1;LUT6=4"
485,1.308,5.000,3.689,1.085,2.604,0.706,5,"uop_p2_q_reg[use_shift]/C","lane_result_q_reg[1][45]/D","P2 lane result capture","FDCE=2;LUT3=1;LUT6=4"
486,1.308,5.000,3.689,1.085,2.604,0.706,5,"uop_p2_q_reg[use_shift]/C","lane_result_q_reg[1][46]/D","P2 lane result capture","FDCE=2;LUT3=1;LUT6=4"
487,1.308,5.000,3.689,1.085,2.604,0.706,5,"uop_p2_q_reg[use_shift]/C","lane_result_q_reg[1][47]/D","P2 lane result capture","FDCE=2;LUT3=1;LUT5=1;LUT6=3"
488,1.308,5.000,3.689,1.085,2.604,0.706,5,"uop_p2_q_reg[use_shift]/C","lane_result_q_reg[1][4]/D","P2 lane result capture","FDCE=2;LUT3=1;LUT6=4"
489,1.308,5.000,3.689,1.085,2.604,0.706,5,"uop_p2_q_reg[use_shift]/C","lane_result_q_reg[1][52]/D","P2 lane result capture","FDCE=2;LUT3=1;LUT6=4"
490,1.308,5.000,3.689,1.085,2.604,0.706,5,"uop_p2_q_reg[use_shift]/C","lane_result_q_reg[1][53]/D","P2 lane result capture","FDCE=2;LUT3=1;LUT6=4"
491,1.308,5.000,3.689,1.085,2.604,0.706,5,"uop_p2_q_reg[use_shift]/C","lane_result_q_reg[1][54]/D","P2 lane result capture","FDCE=2;LUT3=1;LUT6=4"
492,1.308,5.000,3.689,1.085,2.604,0.706,5,"uop_p2_q_reg[use_shift]/C","lane_result_q_reg[1][55]/D","P2 lane result capture","FDCE=2;LUT3=1;LUT5=1;LUT6=3"
493,1.308,5.000,3.689,1.085,2.604,0.706,5,"uop_p2_q_reg[use_shift]/C","lane_result_q_reg[1][5]/D","P2 lane result capture","FDCE=2;LUT3=1;LUT6=4"
494,1.308,5.000,3.689,1.085,2.604,0.706,5,"uop_p2_q_reg[use_shift]/C","lane_result_q_reg[1][60]/D","P2 lane result capture","FDCE=2;LUT3=1;LUT6=4"
495,1.308,5.000,3.689,1.085,2.604,0.706,5,"uop_p2_q_reg[use_shift]/C","lane_result_q_reg[1][61]/D","P2 lane result capture","FDCE=2;LUT3=1;LUT6=4"
496,1.308,5.000,3.689,1.085,2.604,0.706,5,"uop_p2_q_reg[use_shift]/C","lane_result_q_reg[1][62]/D","P2 lane result capture","FDCE=2;LUT3=1;LUT6=4"
497,1.308,5.000,3.689,1.085,2.604,0.706,5,"uop_p2_q_reg[use_shift]/C","lane_result_q_reg[1][63]/D","P2 lane result capture","FDCE=2;LUT3=1;LUT5=1;LUT6=3"
498,1.308,5.000,3.689,1.085,2.604,0.706,5,"uop_p2_q_reg[use_shift]/C","lane_result_q_reg[1][6]/D","P2 lane result capture","FDCE=2;LUT3=1;LUT6=4"
499,1.308,5.000,3.689,1.085,2.604,0.706,5,"uop_p2_q_reg[use_shift]/C","lane_result_q_reg[1][7]/D","P2 lane result capture","FDCE=2;LUT3=1;LUT5=1;LUT6=3"
500,1.308,5.000,3.689,1.085,2.604,0.706,5,"uop_p2_q_reg[use_shift]/C","lane_result_q_reg[2][12]/D","P2 lane result capture","FDCE=2;LUT3=1;LUT6=4"
501,1.308,5.000,3.689,1.085,2.604,0.706,5,"uop_p2_q_reg[use_shift]/C","lane_result_q_reg[2][13]/D","P2 lane result capture","FDCE=2;LUT3=1;LUT6=4"
502,1.308,5.000,3.689,1.085,2.604,0.706,5,"uop_p2_q_reg[use_shift]/C","lane_result_q_reg[2][14]/D","P2 lane result capture","FDCE=2;LUT3=1;LUT6=4"
503,1.308,5.000,3.689,1.085,2.604,0.706,5,"uop_p2_q_reg[use_shift]/C","lane_result_q_reg[2][15]/D","P2 lane result capture","FDCE=2;LUT3=1;LUT5=1;LUT6=3"
504,1.308,5.000,3.689,1.085,2.604,0.706,5,"uop_p2_q_reg[use_shift]/C","lane_result_q_reg[2][20]/D","P2 lane result capture","FDCE=2;LUT3=1;LUT6=4"
505,1.308,5.000,3.689,1.085,2.604,0.706,5,"uop_p2_q_reg[use_shift]/C","lane_result_q_reg[2][21]/D","P2 lane result capture","FDCE=2;LUT3=1;LUT6=4"
506,1.308,5.000,3.689,1.085,2.604,0.706,5,"uop_p2_q_reg[use_shift]/C","lane_result_q_reg[2][22]/D","P2 lane result capture","FDCE=2;LUT3=1;LUT6=4"
507,1.308,5.000,3.689,1.085,2.604,0.706,5,"uop_p2_q_reg[use_shift]/C","lane_result_q_reg[2][23]/D","P2 lane result capture","FDCE=2;LUT3=1;LUT5=1;LUT6=3"
508,1.308,5.000,3.689,1.085,2.604,0.706,5,"uop_p2_q_reg[use_shift]/C","lane_result_q_reg[2][28]/D","P2 lane result capture","FDCE=2;LUT3=1;LUT6=4"
509,1.308,5.000,3.689,1.085,2.604,0.706,5,"uop_p2_q_reg[use_shift]/C","lane_result_q_reg[2][29]/D","P2 lane result capture","FDCE=2;LUT3=1;LUT6=4"
510,1.308,5.000,3.689,1.085,2.604,0.706,5,"uop_p2_q_reg[use_shift]/C","lane_result_q_reg[2][30]/D","P2 lane result capture","FDCE=2;LUT3=1;LUT6=4"
511,1.308,5.000,3.689,1.085,2.604,0.706,5,"uop_p2_q_reg[use_shift]/C","lane_result_q_reg[2][31]/D","P2 lane result capture","FDCE=2;LUT3=1;LUT5=1;LUT6=3"
512,1.308,5.000,3.689,1.085,2.604,0.706,5,"uop_p2_q_reg[use_shift]/C","lane_result_q_reg[2][36]/D","P2 lane result capture","FDCE=2;LUT3=1;LUT6=4"
513,1.308,5.000,3.689,1.085,2.604,0.706,5,"uop_p2_q_reg[use_shift]/C","lane_result_q_reg[2][37]/D","P2 lane result capture","FDCE=2;LUT3=1;LUT6=4"
514,1.308,5.000,3.689,1.085,2.604,0.706,5,"uop_p2_q_reg[use_shift]/C","lane_result_q_reg[2][38]/D","P2 lane result capture","FDCE=2;LUT3=1;LUT6=4"
515,1.308,5.000,3.689,1.085,2.604,0.706,5,"uop_p2_q_reg[use_shift]/C","lane_result_q_reg[2][39]/D","P2 lane result capture","FDCE=2;LUT3=1;LUT5=1;LUT6=3"
516,1.308,5.000,3.689,1.085,2.604,0.706,5,"uop_p2_q_reg[use_shift]/C","lane_result_q_reg[2][44]/D","P2 lane result capture","FDCE=2;LUT3=1;LUT6=4"
517,1.308,5.000,3.689,1.085,2.604,0.706,5,"uop_p2_q_reg[use_shift]/C","lane_result_q_reg[2][45]/D","P2 lane result capture","FDCE=2;LUT3=1;LUT6=4"
518,1.308,5.000,3.689,1.085,2.604,0.706,5,"uop_p2_q_reg[use_shift]/C","lane_result_q_reg[2][46]/D","P2 lane result capture","FDCE=2;LUT3=1;LUT6=4"
519,1.308,5.000,3.689,1.085,2.604,0.706,5,"uop_p2_q_reg[use_shift]/C","lane_result_q_reg[2][47]/D","P2 lane result capture","FDCE=2;LUT3=1;LUT5=1;LUT6=3"
520,1.308,5.000,3.689,1.085,2.604,0.706,5,"uop_p2_q_reg[use_shift]/C","lane_result_q_reg[2][4]/D","P2 lane result capture","FDCE=2;LUT3=1;LUT6=4"
521,1.308,5.000,3.689,1.085,2.604,0.706,5,"uop_p2_q_reg[use_shift]/C","lane_result_q_reg[2][52]/D","P2 lane result capture","FDCE=2;LUT3=1;LUT6=4"
522,1.308,5.000,3.689,1.085,2.604,0.706,5,"uop_p2_q_reg[use_shift]/C","lane_result_q_reg[2][53]/D","P2 lane result capture","FDCE=2;LUT3=1;LUT6=4"
523,1.308,5.000,3.689,1.085,2.604,0.706,5,"uop_p2_q_reg[use_shift]/C","lane_result_q_reg[2][54]/D","P2 lane result capture","FDCE=2;LUT3=1;LUT6=4"
524,1.308,5.000,3.689,1.085,2.604,0.706,5,"uop_p2_q_reg[use_shift]/C","lane_result_q_reg[2][55]/D","P2 lane result capture","FDCE=2;LUT3=1;LUT5=1;LUT6=3"
525,1.308,5.000,3.689,1.085,2.604,0.706,5,"uop_p2_q_reg[use_shift]/C","lane_result_q_reg[2][5]/D","P2 lane result capture","FDCE=2;LUT3=1;LUT6=4"
526,1.308,5.000,3.689,1.085,2.604,0.706,5,"uop_p2_q_reg[use_shift]/C","lane_result_q_reg[2][60]/D","P2 lane result capture","FDCE=2;LUT3=1;LUT6=4"
527,1.308,5.000,3.689,1.085,2.604,0.706,5,"uop_p2_q_reg[use_shift]/C","lane_result_q_reg[2][61]/D","P2 lane result capture","FDCE=2;LUT3=1;LUT6=4"
528,1.308,5.000,3.689,1.085,2.604,0.706,5,"uop_p2_q_reg[use_shift]/C","lane_result_q_reg[2][62]/D","P2 lane result capture","FDCE=2;LUT3=1;LUT6=4"
529,1.308,5.000,3.689,1.085,2.604,0.706,5,"uop_p2_q_reg[use_shift]/C","lane_result_q_reg[2][63]/D","P2 lane result capture","FDCE=2;LUT3=1;LUT5=1;LUT6=3"
530,1.308,5.000,3.689,1.085,2.604,0.706,5,"uop_p2_q_reg[use_shift]/C","lane_result_q_reg[2][6]/D","P2 lane result capture","FDCE=2;LUT3=1;LUT6=4"
531,1.308,5.000,3.689,1.085,2.604,0.706,5,"uop_p2_q_reg[use_shift]/C","lane_result_q_reg[2][7]/D","P2 lane result capture","FDCE=2;LUT3=1;LUT5=1;LUT6=3"
532,1.308,5.000,3.689,1.085,2.604,0.706,5,"uop_p2_q_reg[use_shift]/C","lane_result_q_reg[3][12]/D","P2 lane result capture","FDCE=2;LUT3=1;LUT6=4"
533,1.308,5.000,3.689,1.085,2.604,0.706,5,"uop_p2_q_reg[use_shift]/C","lane_result_q_reg[3][13]/D","P2 lane result capture","FDCE=2;LUT3=1;LUT6=4"
534,1.308,5.000,3.689,1.085,2.604,0.706,5,"uop_p2_q_reg[use_shift]/C","lane_result_q_reg[3][14]/D","P2 lane result capture","FDCE=2;LUT3=1;LUT6=4"
535,1.308,5.000,3.689,1.085,2.604,0.706,5,"uop_p2_q_reg[use_shift]/C","lane_result_q_reg[3][15]/D","P2 lane result capture","FDCE=2;LUT3=1;LUT5=1;LUT6=3"
536,1.308,5.000,3.689,1.085,2.604,0.706,5,"uop_p2_q_reg[use_shift]/C","lane_result_q_reg[3][20]/D","P2 lane result capture","FDCE=2;LUT3=1;LUT6=4"
537,1.308,5.000,3.689,1.085,2.604,0.706,5,"uop_p2_q_reg[use_shift]/C","lane_result_q_reg[3][21]/D","P2 lane result capture","FDCE=2;LUT3=1;LUT6=4"
538,1.308,5.000,3.689,1.085,2.604,0.706,5,"uop_p2_q_reg[use_shift]/C","lane_result_q_reg[3][22]/D","P2 lane result capture","FDCE=2;LUT3=1;LUT6=4"
539,1.308,5.000,3.689,1.085,2.604,0.706,5,"uop_p2_q_reg[use_shift]/C","lane_result_q_reg[3][23]/D","P2 lane result capture","FDCE=2;LUT3=1;LUT5=1;LUT6=3"
540,1.308,5.000,3.689,1.085,2.604,0.706,5,"uop_p2_q_reg[use_shift]/C","lane_result_q_reg[3][28]/D","P2 lane result capture","FDCE=2;LUT3=1;LUT6=4"
541,1.308,5.000,3.689,1.085,2.604,0.706,5,"uop_p2_q_reg[use_shift]/C","lane_result_q_reg[3][29]/D","P2 lane result capture","FDCE=2;LUT3=1;LUT6=4"
542,1.308,5.000,3.689,1.085,2.604,0.706,5,"uop_p2_q_reg[use_shift]/C","lane_result_q_reg[3][30]/D","P2 lane result capture","FDCE=2;LUT3=1;LUT6=4"
543,1.308,5.000,3.689,1.085,2.604,0.706,5,"uop_p2_q_reg[use_shift]/C","lane_result_q_reg[3][31]/D","P2 lane result capture","FDCE=2;LUT3=1;LUT5=1;LUT6=3"
544,1.308,5.000,3.689,1.085,2.604,0.706,5,"uop_p2_q_reg[use_shift]/C","lane_result_q_reg[3][36]/D","P2 lane result capture","FDCE=2;LUT3=1;LUT6=4"
545,1.308,5.000,3.689,1.085,2.604,0.706,5,"uop_p2_q_reg[use_shift]/C","lane_result_q_reg[3][37]/D","P2 lane result capture","FDCE=2;LUT3=1;LUT6=4"
546,1.308,5.000,3.689,1.085,2.604,0.706,5,"uop_p2_q_reg[use_shift]/C","lane_result_q_reg[3][38]/D","P2 lane result capture","FDCE=2;LUT3=1;LUT6=4"
547,1.308,5.000,3.689,1.085,2.604,0.706,5,"uop_p2_q_reg[use_shift]/C","lane_result_q_reg[3][39]/D","P2 lane result capture","FDCE=2;LUT3=1;LUT5=1;LUT6=3"
548,1.308,5.000,3.689,1.085,2.604,0.706,5,"uop_p2_q_reg[use_shift]/C","lane_result_q_reg[3][44]/D","P2 lane result capture","FDCE=2;LUT3=1;LUT6=4"
549,1.308,5.000,3.689,1.085,2.604,0.706,5,"uop_p2_q_reg[use_shift]/C","lane_result_q_reg[3][45]/D","P2 lane result capture","FDCE=2;LUT3=1;LUT6=4"
550,1.308,5.000,3.689,1.085,2.604,0.706,5,"uop_p2_q_reg[use_shift]/C","lane_result_q_reg[3][46]/D","P2 lane result capture","FDCE=2;LUT3=1;LUT6=4"
551,1.308,5.000,3.689,1.085,2.604,0.706,5,"uop_p2_q_reg[use_shift]/C","lane_result_q_reg[3][47]/D","P2 lane result capture","FDCE=2;LUT3=1;LUT5=1;LUT6=3"
552,1.308,5.000,3.689,1.085,2.604,0.706,5,"uop_p2_q_reg[use_shift]/C","lane_result_q_reg[3][4]/D","P2 lane result capture","FDCE=2;LUT3=1;LUT6=4"
553,1.308,5.000,3.689,1.085,2.604,0.706,5,"uop_p2_q_reg[use_shift]/C","lane_result_q_reg[3][52]/D","P2 lane result capture","FDCE=2;LUT3=1;LUT6=4"
554,1.308,5.000,3.689,1.085,2.604,0.706,5,"uop_p2_q_reg[use_shift]/C","lane_result_q_reg[3][53]/D","P2 lane result capture","FDCE=2;LUT3=1;LUT6=4"
555,1.308,5.000,3.689,1.085,2.604,0.706,5,"uop_p2_q_reg[use_shift]/C","lane_result_q_reg[3][54]/D","P2 lane result capture","FDCE=2;LUT3=1;LUT6=4"
556,1.308,5.000,3.689,1.085,2.604,0.706,5,"uop_p2_q_reg[use_shift]/C","lane_result_q_reg[3][55]/D","P2 lane result capture","FDCE=2;LUT3=1;LUT5=1;LUT6=3"
557,1.308,5.000,3.689,1.085,2.604,0.706,5,"uop_p2_q_reg[use_shift]/C","lane_result_q_reg[3][5]/D","P2 lane result capture","FDCE=2;LUT3=1;LUT6=4"
558,1.308,5.000,3.689,1.085,2.604,0.706,5,"uop_p2_q_reg[use_shift]/C","lane_result_q_reg[3][60]/D","P2 lane result capture","FDCE=2;LUT3=1;LUT6=4"
559,1.308,5.000,3.689,1.085,2.604,0.706,5,"uop_p2_q_reg[use_shift]/C","lane_result_q_reg[3][61]/D","P2 lane result capture","FDCE=2;LUT3=1;LUT6=4"
560,1.308,5.000,3.689,1.085,2.604,0.706,5,"uop_p2_q_reg[use_shift]/C","lane_result_q_reg[3][62]/D","P2 lane result capture","FDCE=2;LUT3=1;LUT6=4"
561,1.308,5.000,3.689,1.085,2.604,0.706,5,"uop_p2_q_reg[use_shift]/C","lane_result_q_reg[3][63]/D","P2 lane result capture","FDCE=2;LUT3=1;LUT5=1;LUT6=3"
562,1.308,5.000,3.689,1.085,2.604,0.706,5,"uop_p2_q_reg[use_shift]/C","lane_result_q_reg[3][6]/D","P2 lane result capture","FDCE=2;LUT3=1;LUT6=4"
563,1.308,5.000,3.689,1.085,2.604,0.706,5,"uop_p2_q_reg[use_shift]/C","lane_result_q_reg[3][7]/D","P2 lane result capture","FDCE=2;LUT3=1;LUT5=1;LUT6=3"
564,1.319,5.000,3.678,1.085,2.593,0.705,5,"uop_p2_q_reg[use_shift]/C","lane_result_q_reg[0][12]/D","P2 lane result capture","FDCE=2;LUT3=1;LUT6=4"
565,1.319,5.000,3.678,1.085,2.593,0.705,5,"uop_p2_q_reg[use_shift]/C","lane_result_q_reg[0][13]/D","P2 lane result capture","FDCE=2;LUT3=1;LUT6=4"
566,1.319,5.000,3.678,1.085,2.593,0.705,5,"uop_p2_q_reg[use_shift]/C","lane_result_q_reg[0][14]/D","P2 lane result capture","FDCE=2;LUT3=1;LUT6=4"
567,1.319,5.000,3.678,1.085,2.593,0.705,5,"uop_p2_q_reg[use_shift]/C","lane_result_q_reg[0][15]/D","P2 lane result capture","FDCE=2;LUT3=1;LUT5=1;LUT6=3"
568,1.319,5.000,3.678,1.085,2.593,0.705,5,"uop_p2_q_reg[use_shift]/C","lane_result_q_reg[0][20]/D","P2 lane result capture","FDCE=2;LUT3=1;LUT6=4"
569,1.319,5.000,3.678,1.085,2.593,0.705,5,"uop_p2_q_reg[use_shift]/C","lane_result_q_reg[0][21]/D","P2 lane result capture","FDCE=2;LUT3=1;LUT6=4"
570,1.319,5.000,3.678,1.085,2.593,0.705,5,"uop_p2_q_reg[use_shift]/C","lane_result_q_reg[0][22]/D","P2 lane result capture","FDCE=2;LUT3=1;LUT6=4"
571,1.319,5.000,3.678,1.085,2.593,0.705,5,"uop_p2_q_reg[use_shift]/C","lane_result_q_reg[0][23]/D","P2 lane result capture","FDCE=2;LUT3=1;LUT5=1;LUT6=3"
572,1.319,5.000,3.678,1.085,2.593,0.705,5,"uop_p2_q_reg[use_shift]/C","lane_result_q_reg[0][28]/D","P2 lane result capture","FDCE=2;LUT3=1;LUT6=4"
573,1.319,5.000,3.678,1.085,2.593,0.705,5,"uop_p2_q_reg[use_shift]/C","lane_result_q_reg[0][29]/D","P2 lane result capture","FDCE=2;LUT3=1;LUT6=4"
574,1.319,5.000,3.678,1.085,2.593,0.705,5,"uop_p2_q_reg[use_shift]/C","lane_result_q_reg[0][30]/D","P2 lane result capture","FDCE=2;LUT3=1;LUT6=4"
575,1.319,5.000,3.678,1.085,2.593,0.705,5,"uop_p2_q_reg[use_shift]/C","lane_result_q_reg[0][31]/D","P2 lane result capture","FDCE=2;LUT3=1;LUT5=1;LUT6=3"
576,1.325,5.000,3.672,1.085,2.587,0.705,5,"uop_p2_q_reg[use_shift]/C","lane_result_q_reg[0][4]/D","P2 lane result capture","FDCE=2;LUT3=1;LUT6=4"
577,1.325,5.000,3.672,1.085,2.587,0.705,5,"uop_p2_q_reg[use_shift]/C","lane_result_q_reg[0][5]/D","P2 lane result capture","FDCE=2;LUT3=1;LUT6=4"
578,1.325,5.000,3.672,1.085,2.587,0.705,5,"uop_p2_q_reg[use_shift]/C","lane_result_q_reg[0][6]/D","P2 lane result capture","FDCE=2;LUT3=1;LUT6=4"
579,1.325,5.000,3.672,1.085,2.587,0.705,5,"uop_p2_q_reg[use_shift]/C","lane_result_q_reg[0][7]/D","P2 lane result capture","FDCE=2;LUT3=1;LUT5=1;LUT6=3"
580,1.333,5.000,3.385,1.000,2.385,0.705,4,"ecc_fold_word_q_reg[1]/C","ecc_product_even_reg_0_3_63_63/DP/I","other","FDCE=1;LUT4=3;LUT6=1;RAMD32=1"
581,1.368,5.000,3.385,1.000,2.385,0.705,4,"ecc_fold_word_q_reg[1]/C","ecc_product_even_reg_0_3_63_63/SP/I","other","FDCE=1;LUT4=3;LUT6=1;RAMD32=1"
582,1.416,5.000,3.373,0.980,2.393,0.709,4,"a_q_reg[15]/C","ecc_leaf_a_q_reg[0]/CE","other","FDCE=2;LUT5=1;LUT6=3"
583,1.416,5.000,3.373,0.980,2.393,0.709,4,"a_q_reg[15]/C","ecc_leaf_a_q_reg[10]/CE","other","FDCE=2;LUT5=1;LUT6=3"
584,1.416,5.000,3.373,0.980,2.393,0.709,4,"a_q_reg[15]/C","ecc_leaf_a_q_reg[11]/CE","other","FDCE=2;LUT5=1;LUT6=3"
585,1.416,5.000,3.373,0.980,2.393,0.709,4,"a_q_reg[15]/C","ecc_leaf_a_q_reg[12]/CE","other","FDCE=2;LUT5=1;LUT6=3"
586,1.416,5.000,3.373,0.980,2.393,0.709,4,"a_q_reg[15]/C","ecc_leaf_a_q_reg[13]/CE","other","FDCE=2;LUT5=1;LUT6=3"
587,1.416,5.000,3.373,0.980,2.393,0.709,4,"a_q_reg[15]/C","ecc_leaf_a_q_reg[14]/CE","other","FDCE=2;LUT5=1;LUT6=3"
588,1.416,5.000,3.373,0.980,2.393,0.709,4,"a_q_reg[15]/C","ecc_leaf_a_q_reg[15]/CE","other","FDCE=2;LUT5=1;LUT6=3"
589,1.416,5.000,3.373,0.980,2.393,0.709,4,"a_q_reg[15]/C","ecc_leaf_a_q_reg[16]/CE","other","FDCE=2;LUT5=1;LUT6=3"
590,1.416,5.000,3.373,0.980,2.393,0.709,4,"a_q_reg[15]/C","ecc_leaf_a_q_reg[17]/CE","other","FDCE=2;LUT5=1;LUT6=3"
591,1.416,5.000,3.373,0.980,2.393,0.709,4,"a_q_reg[15]/C","ecc_leaf_a_q_reg[18]/CE","other","FDCE=2;LUT5=1;LUT6=3"
592,1.416,5.000,3.373,0.980,2.393,0.709,4,"a_q_reg[15]/C","ecc_leaf_a_q_reg[19]/CE","other","FDCE=2;LUT5=1;LUT6=3"
593,1.416,5.000,3.373,0.980,2.393,0.709,4,"a_q_reg[15]/C","ecc_leaf_a_q_reg[1]/CE","other","FDCE=2;LUT5=1;LUT6=3"
594,1.416,5.000,3.373,0.980,2.393,0.709,4,"a_q_reg[15]/C","ecc_leaf_a_q_reg[20]/CE","other","FDCE=2;LUT5=1;LUT6=3"
595,1.416,5.000,3.373,0.980,2.393,0.709,4,"a_q_reg[15]/C","ecc_leaf_a_q_reg[21]/CE","other","FDCE=2;LUT5=1;LUT6=3"
596,1.416,5.000,3.373,0.980,2.393,0.709,4,"a_q_reg[15]/C","ecc_leaf_a_q_reg[22]/CE","other","FDCE=2;LUT5=1;LUT6=3"
597,1.416,5.000,3.373,0.980,2.393,0.709,4,"a_q_reg[15]/C","ecc_leaf_a_q_reg[23]/CE","other","FDCE=2;LUT5=1;LUT6=3"
598,1.416,5.000,3.373,0.980,2.393,0.709,4,"a_q_reg[15]/C","ecc_leaf_a_q_reg[24]/CE","other","FDCE=2;LUT5=1;LUT6=3"
599,1.416,5.000,3.373,0.980,2.393,0.709,4,"a_q_reg[15]/C","ecc_leaf_a_q_reg[25]/CE","other","FDCE=2;LUT5=1;LUT6=3"
600,1.416,5.000,3.373,0.980,2.393,0.709,4,"a_q_reg[15]/C","ecc_leaf_a_q_reg[26]/CE","other","FDCE=2;LUT5=1;LUT6=3"
601,1.416,5.000,3.373,0.980,2.393,0.709,4,"a_q_reg[15]/C","ecc_leaf_a_q_reg[27]/CE","other","FDCE=2;LUT5=1;LUT6=3"
602,1.416,5.000,3.373,0.980,2.393,0.709,4,"a_q_reg[15]/C","ecc_leaf_a_q_reg[28]/CE","other","FDCE=2;LUT5=1;LUT6=3"
603,1.416,5.000,3.373,0.980,2.393,0.709,4,"a_q_reg[15]/C","ecc_leaf_a_q_reg[29]/CE","other","FDCE=2;LUT5=1;LUT6=3"
604,1.416,5.000,3.373,0.980,2.393,0.709,4,"a_q_reg[15]/C","ecc_leaf_a_q_reg[2]/CE","other","FDCE=2;LUT5=1;LUT6=3"
605,1.416,5.000,3.373,0.980,2.393,0.709,4,"a_q_reg[15]/C","ecc_leaf_a_q_reg[30]/CE","other","FDCE=2;LUT5=1;LUT6=3"
606,1.416,5.000,3.373,0.980,2.393,0.709,4,"a_q_reg[15]/C","ecc_leaf_a_q_reg[31]/CE","other","FDCE=2;LUT5=1;LUT6=3"
607,1.416,5.000,3.373,0.980,2.393,0.709,4,"a_q_reg[15]/C","ecc_leaf_a_q_reg[3]/CE","other","FDCE=2;LUT5=1;LUT6=3"
608,1.416,5.000,3.373,0.980,2.393,0.709,4,"a_q_reg[15]/C","ecc_leaf_a_q_reg[4]/CE","other","FDCE=2;LUT5=1;LUT6=3"
609,1.416,5.000,3.373,0.980,2.393,0.709,4,"a_q_reg[15]/C","ecc_leaf_a_q_reg[5]/CE","other","FDCE=2;LUT5=1;LUT6=3"
610,1.416,5.000,3.373,0.980,2.393,0.709,4,"a_q_reg[15]/C","ecc_leaf_a_q_reg[6]/CE","other","FDCE=2;LUT5=1;LUT6=3"
611,1.416,5.000,3.373,0.980,2.393,0.709,4,"a_q_reg[15]/C","ecc_leaf_a_q_reg[7]/CE","other","FDCE=2;LUT5=1;LUT6=3"
612,1.416,5.000,3.373,0.980,2.393,0.709,4,"a_q_reg[15]/C","ecc_leaf_a_q_reg[8]/CE","other","FDCE=2;LUT5=1;LUT6=3"
613,1.416,5.000,3.373,0.980,2.393,0.709,4,"a_q_reg[15]/C","ecc_leaf_a_q_reg[9]/CE","other","FDCE=2;LUT5=1;LUT6=3"
614,1.441,5.000,3.556,1.105,2.451,0.689,5,"ecc_leaf_id_q_reg[0]/C","ecc_leaf_b_q_reg[0]/D","other","FDCE=2;LUT4=2;LUT5=3"
615,1.441,5.000,3.556,1.105,2.451,0.689,5,"ecc_leaf_id_q_reg[0]/C","ecc_leaf_b_q_reg[10]/D","other","FDCE=2;LUT4=2;LUT5=3"
616,1.441,5.000,3.556,1.105,2.451,0.689,5,"ecc_leaf_id_q_reg[0]/C","ecc_leaf_b_q_reg[11]/D","other","FDCE=2;LUT4=3;LUT5=2"
617,1.441,5.000,3.556,1.105,2.451,0.689,5,"ecc_leaf_id_q_reg[0]/C","ecc_leaf_b_q_reg[12]/D","other","FDCE=2;LUT4=3;LUT5=2"
618,1.441,5.000,3.556,1.105,2.451,0.689,5,"ecc_leaf_id_q_reg[0]/C","ecc_leaf_b_q_reg[13]/D","other","FDCE=2;LUT4=2;LUT5=3"
619,1.441,5.000,3.556,1.105,2.451,0.689,5,"ecc_leaf_id_q_reg[0]/C","ecc_leaf_b_q_reg[14]/D","other","FDCE=2;LUT4=2;LUT5=2;LUT6=1"
620,1.441,5.000,3.556,1.105,2.451,0.689,5,"ecc_leaf_id_q_reg[0]/C","ecc_leaf_b_q_reg[15]/D","other","FDCE=2;LUT4=3;LUT5=2"
621,1.441,5.000,3.556,1.105,2.451,0.689,5,"ecc_leaf_id_q_reg[0]/C","ecc_leaf_b_q_reg[16]/D","other","FDCE=2;LUT4=2;LUT5=3"
622,1.441,5.000,3.556,1.105,2.451,0.689,5,"ecc_leaf_id_q_reg[0]/C","ecc_leaf_b_q_reg[17]/D","other","FDCE=2;LUT4=2;LUT5=2;LUT6=1"
623,1.441,5.000,3.556,1.105,2.451,0.689,5,"ecc_leaf_id_q_reg[0]/C","ecc_leaf_b_q_reg[18]/D","other","FDCE=2;LUT4=3;LUT5=2"
624,1.441,5.000,3.556,1.105,2.451,0.689,5,"ecc_leaf_id_q_reg[0]/C","ecc_leaf_b_q_reg[19]/D","other","FDCE=2;LUT4=2;LUT5=2;LUT6=1"
625,1.441,5.000,3.556,1.105,2.451,0.689,5,"ecc_leaf_id_q_reg[0]/C","ecc_leaf_b_q_reg[1]/D","other","FDCE=2;LUT4=2;LUT5=2;LUT6=1"
626,1.441,5.000,3.556,1.105,2.451,0.689,5,"ecc_leaf_id_q_reg[0]/C","ecc_leaf_b_q_reg[20]/D","other","FDCE=2;LUT4=2;LUT5=2;LUT6=1"
627,1.441,5.000,3.556,1.105,2.451,0.689,5,"ecc_leaf_id_q_reg[0]/C","ecc_leaf_b_q_reg[21]/D","other","FDCE=2;LUT4=2;LUT5=2;LUT6=1"
628,1.441,5.000,3.556,1.105,2.451,0.689,5,"ecc_leaf_id_q_reg[0]/C","ecc_leaf_b_q_reg[22]/D","other","FDCE=2;LUT4=3;LUT5=2"
629,1.441,5.000,3.556,1.105,2.451,0.689,5,"ecc_leaf_id_q_reg[0]/C","ecc_leaf_b_q_reg[23]/D","other","FDCE=2;LUT4=3;LUT5=2"
630,1.441,5.000,3.556,1.105,2.451,0.689,5,"ecc_leaf_id_q_reg[0]/C","ecc_leaf_b_q_reg[24]/D","other","FDCE=2;LUT4=2;LUT5=2;LUT6=1"
631,1.441,5.000,3.556,1.105,2.451,0.689,5,"ecc_leaf_id_q_reg[0]/C","ecc_leaf_b_q_reg[25]/D","other","FDCE=2;LUT4=2;LUT5=2;LUT6=1"
632,1.441,5.000,3.556,1.105,2.451,0.689,5,"ecc_leaf_id_q_reg[0]/C","ecc_leaf_b_q_reg[26]/D","other","FDCE=2;LUT4=2;LUT5=2;LUT6=1"
633,1.441,5.000,3.556,1.105,2.451,0.689,5,"ecc_leaf_id_q_reg[0]/C","ecc_leaf_b_q_reg[27]/D","other","FDCE=2;LUT4=3;LUT5=2"
634,1.441,5.000,3.556,1.105,2.451,0.689,5,"ecc_leaf_id_q_reg[0]/C","ecc_leaf_b_q_reg[28]/D","other","FDCE=2;LUT4=2;LUT5=3"
635,1.441,5.000,3.556,1.105,2.451,0.689,5,"ecc_leaf_id_q_reg[0]/C","ecc_leaf_b_q_reg[29]/D","other","FDCE=2;LUT4=3;LUT5=2"
636,1.441,5.000,3.556,1.105,2.451,0.689,5,"ecc_leaf_id_q_reg[0]/C","ecc_leaf_b_q_reg[2]/D","other","FDCE=2;LUT4=3;LUT5=2"
637,1.441,5.000,3.556,1.105,2.451,0.689,5,"ecc_leaf_id_q_reg[0]/C","ecc_leaf_b_q_reg[30]/D","other","FDCE=2;LUT4=2;LUT5=2;LUT6=1"
638,1.441,5.000,3.556,1.105,2.451,0.689,5,"ecc_leaf_id_q_reg[0]/C","ecc_leaf_b_q_reg[31]/D","other","FDCE=2;LUT4=3;LUT5=2"
639,1.441,5.000,3.556,1.105,2.451,0.689,5,"ecc_leaf_id_q_reg[0]/C","ecc_leaf_b_q_reg[3]/D","other","FDCE=2;LUT4=3;LUT5=2"
640,1.441,5.000,3.556,1.105,2.451,0.689,5,"ecc_leaf_id_q_reg[0]/C","ecc_leaf_b_q_reg[4]/D","other","FDCE=2;LUT4=3;LUT5=2"
641,1.441,5.000,3.556,1.105,2.451,0.689,5,"ecc_leaf_id_q_reg[0]/C","ecc_leaf_b_q_reg[5]/D","other","FDCE=2;LUT4=3;LUT5=2"
642,1.441,5.000,3.556,1.105,2.451,0.689,5,"ecc_leaf_id_q_reg[0]/C","ecc_leaf_b_q_reg[6]/D","other","FDCE=2;LUT4=2;LUT5=3"
643,1.441,5.000,3.556,1.105,2.451,0.689,5,"ecc_leaf_id_q_reg[0]/C","ecc_leaf_b_q_reg[7]/D","other","FDCE=2;LUT4=3;LUT5=2"
644,1.441,5.000,3.556,1.105,2.451,0.689,5,"ecc_leaf_id_q_reg[0]/C","ecc_leaf_b_q_reg[8]/D","other","FDCE=2;LUT4=2;LUT5=3"
645,1.441,5.000,3.556,1.105,2.451,0.689,5,"ecc_leaf_id_q_reg[0]/C","ecc_leaf_b_q_reg[9]/D","other","FDCE=2;LUT4=3;LUT5=2"
646,1.442,5.000,3.555,1.085,2.470,0.695,5,"ecc_leaf_id_q_reg[0]/C","ecc_leaf_a_q_reg[0]/D","other","FDCE=2;LUT4=2;LUT5=3"
647,1.442,5.000,3.555,1.085,2.470,0.695,5,"ecc_leaf_id_q_reg[0]/C","ecc_leaf_a_q_reg[11]/D","other","FDCE=2;LUT4=2;LUT5=3"
648,1.442,5.000,3.555,1.085,2.470,0.695,5,"ecc_leaf_id_q_reg[0]/C","ecc_leaf_a_q_reg[12]/D","other","FDCE=2;LUT4=2;LUT5=3"
649,1.442,5.000,3.555,1.085,2.470,0.695,5,"ecc_leaf_id_q_reg[0]/C","ecc_leaf_a_q_reg[13]/D","other","FDCE=2;LUT4=2;LUT5=3"
650,1.442,5.000,3.555,1.085,2.470,0.695,5,"ecc_leaf_id_q_reg[0]/C","ecc_leaf_a_q_reg[14]/D","other","FDCE=2;LUT4=3;LUT5=2"
651,1.442,5.000,3.555,1.085,2.470,0.695,5,"ecc_leaf_id_q_reg[0]/C","ecc_leaf_a_q_reg[15]/D","other","FDCE=2;LUT4=3;LUT5=2"
652,1.442,5.000,3.555,1.085,2.470,0.695,5,"ecc_leaf_id_q_reg[0]/C","ecc_leaf_a_q_reg[16]/D","other","FDCE=2;LUT4=2;LUT5=3"
653,1.442,5.000,3.555,1.085,2.470,0.695,5,"ecc_leaf_id_q_reg[0]/C","ecc_leaf_a_q_reg[17]/D","other","FDCE=2;LUT4=2;LUT5=2;LUT6=1"
654,1.442,5.000,3.555,1.085,2.470,0.695,5,"ecc_leaf_id_q_reg[0]/C","ecc_leaf_a_q_reg[18]/D","other","FDCE=2;LUT4=3;LUT5=2"
655,1.442,5.000,3.555,1.085,2.470,0.695,5,"ecc_leaf_id_q_reg[0]/C","ecc_leaf_a_q_reg[19]/D","other","FDCE=2;LUT4=2;LUT5=2;LUT6=1"
656,1.442,5.000,3.555,1.085,2.470,0.695,5,"ecc_leaf_id_q_reg[0]/C","ecc_leaf_a_q_reg[20]/D","other","FDCE=2;LUT4=3;LUT5=2"
657,1.442,5.000,3.555,1.085,2.470,0.695,5,"ecc_leaf_id_q_reg[0]/C","ecc_leaf_a_q_reg[21]/D","other","FDCE=2;LUT4=2;LUT5=2;LUT6=1"
658,1.442,5.000,3.555,1.085,2.470,0.695,5,"ecc_leaf_id_q_reg[0]/C","ecc_leaf_a_q_reg[22]/D","other","FDCE=2;LUT4=3;LUT5=2"
659,1.442,5.000,3.555,1.085,2.470,0.695,5,"ecc_leaf_id_q_reg[0]/C","ecc_leaf_a_q_reg[23]/D","other","FDCE=2;LUT4=3;LUT5=2"
660,1.442,5.000,3.555,1.085,2.470,0.695,5,"ecc_leaf_id_q_reg[0]/C","ecc_leaf_a_q_reg[24]/D","other","FDCE=2;LUT4=2;LUT5=2;LUT6=1"
661,1.442,5.000,3.555,1.085,2.470,0.695,5,"ecc_leaf_id_q_reg[0]/C","ecc_leaf_a_q_reg[25]/D","other","FDCE=2;LUT4=2;LUT5=2;LUT6=1"
662,1.442,5.000,3.555,1.085,2.470,0.695,5,"ecc_leaf_id_q_reg[0]/C","ecc_leaf_a_q_reg[26]/D","other","FDCE=2;LUT4=2;LUT5=2;LUT6=1"
663,1.442,5.000,3.555,1.085,2.470,0.695,5,"ecc_leaf_id_q_reg[0]/C","ecc_leaf_a_q_reg[28]/D","other","FDCE=2;LUT4=2;LUT5=3"
664,1.442,5.000,3.555,1.085,2.470,0.695,5,"ecc_leaf_id_q_reg[0]/C","ecc_leaf_a_q_reg[29]/D","other","FDCE=2;LUT4=3;LUT5=2"
665,1.442,5.000,3.555,1.085,2.470,0.695,5,"ecc_leaf_id_q_reg[0]/C","ecc_leaf_a_q_reg[30]/D","other","FDCE=2;LUT4=3;LUT5=2"
666,1.442,5.000,3.555,1.085,2.470,0.695,5,"ecc_leaf_id_q_reg[0]/C","ecc_leaf_a_q_reg[31]/D","other","FDCE=2;LUT4=3;LUT5=2"
667,1.442,5.000,3.555,1.085,2.470,0.695,5,"ecc_leaf_id_q_reg[0]/C","ecc_leaf_a_q_reg[3]/D","other","FDCE=2;LUT4=3;LUT5=2"
668,1.442,5.000,3.555,1.085,2.470,0.695,5,"ecc_leaf_id_q_reg[0]/C","ecc_leaf_a_q_reg[7]/D","other","FDCE=2;LUT4=2;LUT5=3"
669,1.442,5.000,3.555,1.085,2.470,0.695,5,"ecc_leaf_id_q_reg[0]/C","ecc_leaf_a_q_reg[8]/D","other","FDCE=2;LUT4=3;LUT5=2"
670,1.442,5.000,3.555,1.085,2.470,0.695,5,"ecc_leaf_id_q_reg[0]/C","ecc_leaf_a_q_reg[9]/D","other","FDCE=2;LUT4=3;LUT5=2"
671,1.443,5.000,3.554,1.085,2.469,0.695,5,"ecc_leaf_id_q_reg[0]/C","ecc_leaf_a_q_reg[10]/D","other","FDCE=2;LUT4=3;LUT5=1;LUT6=1"
672,1.443,5.000,3.554,1.085,2.469,0.695,5,"ecc_leaf_id_q_reg[0]/C","ecc_leaf_a_q_reg[1]/D","other","FDCE=2;LUT4=2;LUT5=2;LUT6=1"
673,1.443,5.000,3.554,1.085,2.469,0.695,5,"ecc_leaf_id_q_reg[0]/C","ecc_leaf_a_q_reg[27]/D","other","FDCE=2;LUT4=2;LUT5=2;LUT6=1"
674,1.443,5.000,3.554,1.085,2.469,0.695,5,"ecc_leaf_id_q_reg[0]/C","ecc_leaf_a_q_reg[2]/D","other","FDCE=2;LUT4=2;LUT5=2;LUT6=1"
675,1.443,5.000,3.554,1.085,2.469,0.695,5,"ecc_leaf_id_q_reg[0]/C","ecc_leaf_a_q_reg[4]/D","other","FDCE=2;LUT4=2;LUT5=2;LUT6=1"
676,1.443,5.000,3.554,1.085,2.469,0.695,5,"ecc_leaf_id_q_reg[0]/C","ecc_leaf_a_q_reg[5]/D","other","FDCE=2;LUT4=3;LUT5=1;LUT6=1"
677,1.443,5.000,3.554,1.085,2.469,0.695,5,"ecc_leaf_id_q_reg[0]/C","ecc_leaf_a_q_reg[6]/D","other","FDCE=2;LUT4=2;LUT5=2;LUT6=1"
678,1.447,5.000,3.579,1.687,1.892,0.529,5,"gen_lane[2].i_p2_pop_slice/popcount_part_q_o_reg[1][0]/C","group_dist_q_reg[2]/D","P2 popcount capture","CARRY4=2;FDCE=2;LUT3=2;LUT6=1"
679,1.448,5.000,3.341,0.980,2.361,0.707,4,"a_q_reg[15]/C","ecc_leaf_b_q_reg[0]/CE","other","FDCE=2;LUT5=2;LUT6=2"
680,1.448,5.000,3.341,0.980,2.361,0.707,4,"a_q_reg[15]/C","ecc_leaf_b_q_reg[10]/CE","other","FDCE=2;LUT5=2;LUT6=2"
681,1.448,5.000,3.341,0.980,2.361,0.707,4,"a_q_reg[15]/C","ecc_leaf_b_q_reg[11]/CE","other","FDCE=2;LUT5=2;LUT6=2"
682,1.448,5.000,3.341,0.980,2.361,0.707,4,"a_q_reg[15]/C","ecc_leaf_b_q_reg[12]/CE","other","FDCE=2;LUT5=2;LUT6=2"
683,1.448,5.000,3.341,0.980,2.361,0.707,4,"a_q_reg[15]/C","ecc_leaf_b_q_reg[13]/CE","other","FDCE=2;LUT5=2;LUT6=2"
684,1.448,5.000,3.341,0.980,2.361,0.707,4,"a_q_reg[15]/C","ecc_leaf_b_q_reg[14]/CE","other","FDCE=2;LUT5=2;LUT6=2"
685,1.448,5.000,3.341,0.980,2.361,0.707,4,"a_q_reg[15]/C","ecc_leaf_b_q_reg[15]/CE","other","FDCE=2;LUT5=2;LUT6=2"
686,1.448,5.000,3.341,0.980,2.361,0.707,4,"a_q_reg[15]/C","ecc_leaf_b_q_reg[16]/CE","other","FDCE=2;LUT5=2;LUT6=2"
687,1.448,5.000,3.341,0.980,2.361,0.707,4,"a_q_reg[15]/C","ecc_leaf_b_q_reg[17]/CE","other","FDCE=2;LUT5=2;LUT6=2"
688,1.448,5.000,3.341,0.980,2.361,0.707,4,"a_q_reg[15]/C","ecc_leaf_b_q_reg[18]/CE","other","FDCE=2;LUT5=2;LUT6=2"
689,1.448,5.000,3.341,0.980,2.361,0.707,4,"a_q_reg[15]/C","ecc_leaf_b_q_reg[19]/CE","other","FDCE=2;LUT5=2;LUT6=2"
690,1.448,5.000,3.341,0.980,2.361,0.707,4,"a_q_reg[15]/C","ecc_leaf_b_q_reg[1]/CE","other","FDCE=2;LUT5=2;LUT6=2"
691,1.448,5.000,3.341,0.980,2.361,0.707,4,"a_q_reg[15]/C","ecc_leaf_b_q_reg[20]/CE","other","FDCE=2;LUT5=2;LUT6=2"
692,1.448,5.000,3.341,0.980,2.361,0.707,4,"a_q_reg[15]/C","ecc_leaf_b_q_reg[21]/CE","other","FDCE=2;LUT5=2;LUT6=2"
693,1.448,5.000,3.341,0.980,2.361,0.707,4,"a_q_reg[15]/C","ecc_leaf_b_q_reg[22]/CE","other","FDCE=2;LUT5=2;LUT6=2"
694,1.448,5.000,3.341,0.980,2.361,0.707,4,"a_q_reg[15]/C","ecc_leaf_b_q_reg[23]/CE","other","FDCE=2;LUT5=2;LUT6=2"
695,1.448,5.000,3.341,0.980,2.361,0.707,4,"a_q_reg[15]/C","ecc_leaf_b_q_reg[24]/CE","other","FDCE=2;LUT5=2;LUT6=2"
696,1.448,5.000,3.341,0.980,2.361,0.707,4,"a_q_reg[15]/C","ecc_leaf_b_q_reg[25]/CE","other","FDCE=2;LUT5=2;LUT6=2"
697,1.448,5.000,3.341,0.980,2.361,0.707,4,"a_q_reg[15]/C","ecc_leaf_b_q_reg[26]/CE","other","FDCE=2;LUT5=2;LUT6=2"
698,1.448,5.000,3.341,0.980,2.361,0.707,4,"a_q_reg[15]/C","ecc_leaf_b_q_reg[27]/CE","other","FDCE=2;LUT5=2;LUT6=2"
699,1.448,5.000,3.341,0.980,2.361,0.707,4,"a_q_reg[15]/C","ecc_leaf_b_q_reg[28]/CE","other","FDCE=2;LUT5=2;LUT6=2"
700,1.448,5.000,3.341,0.980,2.361,0.707,4,"a_q_reg[15]/C","ecc_leaf_b_q_reg[29]/CE","other","FDCE=2;LUT5=2;LUT6=2"
701,1.448,5.000,3.341,0.980,2.361,0.707,4,"a_q_reg[15]/C","ecc_leaf_b_q_reg[2]/CE","other","FDCE=2;LUT5=2;LUT6=2"
702,1.448,5.000,3.341,0.980,2.361,0.707,4,"a_q_reg[15]/C","ecc_leaf_b_q_reg[30]/CE","other","FDCE=2;LUT5=2;LUT6=2"
703,1.448,5.000,3.341,0.980,2.361,0.707,4,"a_q_reg[15]/C","ecc_leaf_b_q_reg[31]/CE","other","FDCE=2;LUT5=2;LUT6=2"
704,1.448,5.000,3.341,0.980,2.361,0.707,4,"a_q_reg[15]/C","ecc_leaf_b_q_reg[3]/CE","other","FDCE=2;LUT5=2;LUT6=2"
705,1.448,5.000,3.341,0.980,2.361,0.707,4,"a_q_reg[15]/C","ecc_leaf_b_q_reg[4]/CE","other","FDCE=2;LUT5=2;LUT6=2"
706,1.448,5.000,3.341,0.980,2.361,0.707,4,"a_q_reg[15]/C","ecc_leaf_b_q_reg[5]/CE","other","FDCE=2;LUT5=2;LUT6=2"
707,1.448,5.000,3.341,0.980,2.361,0.707,4,"a_q_reg[15]/C","ecc_leaf_b_q_reg[6]/CE","other","FDCE=2;LUT5=2;LUT6=2"
708,1.448,5.000,3.341,0.980,2.361,0.707,4,"a_q_reg[15]/C","ecc_leaf_b_q_reg[7]/CE","other","FDCE=2;LUT5=2;LUT6=2"
709,1.448,5.000,3.341,0.980,2.361,0.707,4,"a_q_reg[15]/C","ecc_leaf_b_q_reg[8]/CE","other","FDCE=2;LUT5=2;LUT6=2"
710,1.448,5.000,3.341,0.980,2.361,0.707,4,"a_q_reg[15]/C","ecc_leaf_b_q_reg[9]/CE","other","FDCE=2;LUT5=2;LUT6=2"
711,1.449,5.000,3.340,0.980,2.360,0.707,4,"a_q_reg[15]/C","ecc_leaf_prod_q_reg[0]/CE","other","FDCE=2;LUT5=1;LUT6=3"
712,1.449,5.000,3.340,0.980,2.360,0.707,4,"a_q_reg[15]/C","ecc_leaf_prod_q_reg[10]/CE","other","FDCE=2;LUT5=1;LUT6=3"
713,1.449,5.000,3.340,0.980,2.360,0.707,4,"a_q_reg[15]/C","ecc_leaf_prod_q_reg[11]/CE","other","FDCE=2;LUT5=1;LUT6=3"
714,1.449,5.000,3.340,0.980,2.360,0.707,4,"a_q_reg[15]/C","ecc_leaf_prod_q_reg[12]/CE","other","FDCE=2;LUT5=1;LUT6=3"
715,1.449,5.000,3.340,0.980,2.360,0.707,4,"a_q_reg[15]/C","ecc_leaf_prod_q_reg[13]/CE","other","FDCE=2;LUT5=1;LUT6=3"
716,1.449,5.000,3.340,0.980,2.360,0.707,4,"a_q_reg[15]/C","ecc_leaf_prod_q_reg[14]/CE","other","FDCE=2;LUT5=1;LUT6=3"
717,1.449,5.000,3.340,0.980,2.360,0.707,4,"a_q_reg[15]/C","ecc_leaf_prod_q_reg[15]/CE","other","FDCE=2;LUT5=1;LUT6=3"
718,1.449,5.000,3.340,0.980,2.360,0.707,4,"a_q_reg[15]/C","ecc_leaf_prod_q_reg[16]/CE","other","FDCE=2;LUT5=1;LUT6=3"
719,1.449,5.000,3.340,0.980,2.360,0.707,4,"a_q_reg[15]/C","ecc_leaf_prod_q_reg[17]/CE","other","FDCE=2;LUT5=1;LUT6=3"
720,1.449,5.000,3.340,0.980,2.360,0.707,4,"a_q_reg[15]/C","ecc_leaf_prod_q_reg[18]/CE","other","FDCE=2;LUT5=1;LUT6=3"
721,1.449,5.000,3.340,0.980,2.360,0.707,4,"a_q_reg[15]/C","ecc_leaf_prod_q_reg[19]/CE","other","FDCE=2;LUT5=1;LUT6=3"
722,1.449,5.000,3.340,0.980,2.360,0.707,4,"a_q_reg[15]/C","ecc_leaf_prod_q_reg[1]/CE","other","FDCE=2;LUT5=1;LUT6=3"
723,1.449,5.000,3.340,0.980,2.360,0.707,4,"a_q_reg[15]/C","ecc_leaf_prod_q_reg[20]/CE","other","FDCE=2;LUT5=1;LUT6=3"
724,1.449,5.000,3.340,0.980,2.360,0.707,4,"a_q_reg[15]/C","ecc_leaf_prod_q_reg[21]/CE","other","FDCE=2;LUT5=1;LUT6=3"
725,1.449,5.000,3.340,0.980,2.360,0.707,4,"a_q_reg[15]/C","ecc_leaf_prod_q_reg[22]/CE","other","FDCE=2;LUT5=1;LUT6=3"
726,1.449,5.000,3.340,0.980,2.360,0.707,4,"a_q_reg[15]/C","ecc_leaf_prod_q_reg[23]/CE","other","FDCE=2;LUT5=1;LUT6=3"
727,1.449,5.000,3.340,0.980,2.360,0.707,4,"a_q_reg[15]/C","ecc_leaf_prod_q_reg[24]/CE","other","FDCE=2;LUT5=1;LUT6=3"
728,1.449,5.000,3.340,0.980,2.360,0.707,4,"a_q_reg[15]/C","ecc_leaf_prod_q_reg[25]/CE","other","FDCE=2;LUT5=1;LUT6=3"
729,1.449,5.000,3.340,0.980,2.360,0.707,4,"a_q_reg[15]/C","ecc_leaf_prod_q_reg[26]/CE","other","FDCE=2;LUT5=1;LUT6=3"
730,1.449,5.000,3.340,0.980,2.360,0.707,4,"a_q_reg[15]/C","ecc_leaf_prod_q_reg[27]/CE","other","FDCE=2;LUT5=1;LUT6=3"
731,1.449,5.000,3.340,0.980,2.360,0.707,4,"a_q_reg[15]/C","ecc_leaf_prod_q_reg[28]/CE","other","FDCE=2;LUT5=1;LUT6=3"
732,1.449,5.000,3.340,0.980,2.360,0.707,4,"a_q_reg[15]/C","ecc_leaf_prod_q_reg[29]/CE","other","FDCE=2;LUT5=1;LUT6=3"
733,1.449,5.000,3.340,0.980,2.360,0.707,4,"a_q_reg[15]/C","ecc_leaf_prod_q_reg[2]/CE","other","FDCE=2;LUT5=1;LUT6=3"
734,1.449,5.000,3.340,0.980,2.360,0.707,4,"a_q_reg[15]/C","ecc_leaf_prod_q_reg[30]/CE","other","FDCE=2;LUT5=1;LUT6=3"
735,1.449,5.000,3.340,0.980,2.360,0.707,4,"a_q_reg[15]/C","ecc_leaf_prod_q_reg[31]/CE","other","FDCE=2;LUT5=1;LUT6=3"
736,1.449,5.000,3.340,0.980,2.360,0.707,4,"a_q_reg[15]/C","ecc_leaf_prod_q_reg[32]/CE","other","FDCE=2;LUT5=1;LUT6=3"
737,1.449,5.000,3.340,0.980,2.360,0.707,4,"a_q_reg[15]/C","ecc_leaf_prod_q_reg[33]/CE","other","FDCE=2;LUT5=1;LUT6=3"
738,1.449,5.000,3.340,0.980,2.360,0.707,4,"a_q_reg[15]/C","ecc_leaf_prod_q_reg[34]/CE","other","FDCE=2;LUT5=1;LUT6=3"
739,1.449,5.000,3.340,0.980,2.360,0.707,4,"a_q_reg[15]/C","ecc_leaf_prod_q_reg[35]/CE","other","FDCE=2;LUT5=1;LUT6=3"
740,1.449,5.000,3.340,0.980,2.360,0.707,4,"a_q_reg[15]/C","ecc_leaf_prod_q_reg[36]/CE","other","FDCE=2;LUT5=1;LUT6=3"
741,1.449,5.000,3.340,0.980,2.360,0.707,4,"a_q_reg[15]/C","ecc_leaf_prod_q_reg[37]/CE","other","FDCE=2;LUT5=1;LUT6=3"
742,1.449,5.000,3.340,0.980,2.360,0.707,4,"a_q_reg[15]/C","ecc_leaf_prod_q_reg[38]/CE","other","FDCE=2;LUT5=1;LUT6=3"
743,1.449,5.000,3.340,0.980,2.360,0.707,4,"a_q_reg[15]/C","ecc_leaf_prod_q_reg[39]/CE","other","FDCE=2;LUT5=1;LUT6=3"
744,1.449,5.000,3.340,0.980,2.360,0.707,4,"a_q_reg[15]/C","ecc_leaf_prod_q_reg[3]/CE","other","FDCE=2;LUT5=1;LUT6=3"
745,1.449,5.000,3.340,0.980,2.360,0.707,4,"a_q_reg[15]/C","ecc_leaf_prod_q_reg[40]/CE","other","FDCE=2;LUT5=1;LUT6=3"
746,1.449,5.000,3.340,0.980,2.360,0.707,4,"a_q_reg[15]/C","ecc_leaf_prod_q_reg[41]/CE","other","FDCE=2;LUT5=1;LUT6=3"
747,1.449,5.000,3.340,0.980,2.360,0.707,4,"a_q_reg[15]/C","ecc_leaf_prod_q_reg[42]/CE","other","FDCE=2;LUT5=1;LUT6=3"
748,1.449,5.000,3.340,0.980,2.360,0.707,4,"a_q_reg[15]/C","ecc_leaf_prod_q_reg[43]/CE","other","FDCE=2;LUT5=1;LUT6=3"
749,1.449,5.000,3.340,0.980,2.360,0.707,4,"a_q_reg[15]/C","ecc_leaf_prod_q_reg[44]/CE","other","FDCE=2;LUT5=1;LUT6=3"
750,1.449,5.000,3.340,0.980,2.360,0.707,4,"a_q_reg[15]/C","ecc_leaf_prod_q_reg[45]/CE","other","FDCE=2;LUT5=1;LUT6=3"
751,1.449,5.000,3.340,0.980,2.360,0.707,4,"a_q_reg[15]/C","ecc_leaf_prod_q_reg[46]/CE","other","FDCE=2;LUT5=1;LUT6=3"
752,1.449,5.000,3.340,0.980,2.360,0.707,4,"a_q_reg[15]/C","ecc_leaf_prod_q_reg[47]/CE","other","FDCE=2;LUT5=1;LUT6=3"
753,1.449,5.000,3.340,0.980,2.360,0.707,4,"a_q_reg[15]/C","ecc_leaf_prod_q_reg[48]/CE","other","FDCE=2;LUT5=1;LUT6=3"
754,1.449,5.000,3.340,0.980,2.360,0.707,4,"a_q_reg[15]/C","ecc_leaf_prod_q_reg[49]/CE","other","FDCE=2;LUT5=1;LUT6=3"
755,1.449,5.000,3.340,0.980,2.360,0.707,4,"a_q_reg[15]/C","ecc_leaf_prod_q_reg[4]/CE","other","FDCE=2;LUT5=1;LUT6=3"
756,1.449,5.000,3.340,0.980,2.360,0.707,4,"a_q_reg[15]/C","ecc_leaf_prod_q_reg[50]/CE","other","FDCE=2;LUT5=1;LUT6=3"
757,1.449,5.000,3.340,0.980,2.360,0.707,4,"a_q_reg[15]/C","ecc_leaf_prod_q_reg[51]/CE","other","FDCE=2;LUT5=1;LUT6=3"
758,1.449,5.000,3.340,0.980,2.360,0.707,4,"a_q_reg[15]/C","ecc_leaf_prod_q_reg[52]/CE","other","FDCE=2;LUT5=1;LUT6=3"
759,1.449,5.000,3.340,0.980,2.360,0.707,4,"a_q_reg[15]/C","ecc_leaf_prod_q_reg[53]/CE","other","FDCE=2;LUT5=1;LUT6=3"
760,1.449,5.000,3.340,0.980,2.360,0.707,4,"a_q_reg[15]/C","ecc_leaf_prod_q_reg[54]/CE","other","FDCE=2;LUT5=1;LUT6=3"
761,1.449,5.000,3.340,0.980,2.360,0.707,4,"a_q_reg[15]/C","ecc_leaf_prod_q_reg[55]/CE","other","FDCE=2;LUT5=1;LUT6=3"
762,1.449,5.000,3.340,0.980,2.360,0.707,4,"a_q_reg[15]/C","ecc_leaf_prod_q_reg[5]/CE","other","FDCE=2;LUT5=1;LUT6=3"
763,1.449,5.000,3.340,0.980,2.360,0.707,4,"a_q_reg[15]/C","ecc_leaf_prod_q_reg[6]/CE","other","FDCE=2;LUT5=1;LUT6=3"
764,1.449,5.000,3.340,0.980,2.360,0.707,4,"a_q_reg[15]/C","ecc_leaf_prod_q_reg[7]/CE","other","FDCE=2;LUT5=1;LUT6=3"
765,1.449,5.000,3.340,0.980,2.360,0.707,4,"a_q_reg[15]/C","ecc_leaf_prod_q_reg[8]/CE","other","FDCE=2;LUT5=1;LUT6=3"
766,1.449,5.000,3.340,0.980,2.360,0.707,4,"a_q_reg[15]/C","ecc_leaf_prod_q_reg[9]/CE","other","FDCE=2;LUT5=1;LUT6=3"
767,1.449,5.000,3.340,0.980,2.360,0.707,4,"a_q_reg[15]/C","ecc_leaf_id_q_reg[0]/CE","other","FDCE=2;LUT5=1;LUT6=3"
768,1.449,5.000,3.340,0.980,2.360,0.707,4,"a_q_reg[15]/C","ecc_leaf_id_q_reg[1]/CE","other","FDCE=2;LUT5=1;LUT6=3"
769,1.449,5.000,3.340,0.980,2.360,0.707,4,"a_q_reg[15]/C","ecc_leaf_id_q_reg[2]/CE","other","FDCE=2;LUT5=1;LUT6=3"
770,1.449,5.000,3.340,0.980,2.360,0.707,4,"a_q_reg[15]/C","ecc_leaf_id_q_reg[3]/CE","other","FDCE=2;LUT5=1;LUT6=3"
771,1.449,5.000,3.340,0.980,2.360,0.707,4,"a_q_reg[15]/C","ecc_leaf_id_q_reg[4]/CE","other","FDCE=2;LUT5=1;LUT6=3"
772,1.452,5.000,3.337,0.980,2.357,0.706,4,"a_q_reg[15]/C","ecc_leaf_prod_q_reg[56]/CE","other","FDCE=2;LUT5=1;LUT6=3"
773,1.452,5.000,3.337,0.980,2.357,0.706,4,"a_q_reg[15]/C","ecc_leaf_prod_q_reg[57]/CE","other","FDCE=2;LUT5=1;LUT6=3"
774,1.452,5.000,3.337,0.980,2.357,0.706,4,"a_q_reg[15]/C","ecc_leaf_prod_q_reg[58]/CE","other","FDCE=2;LUT5=1;LUT6=3"
775,1.452,5.000,3.337,0.980,2.357,0.706,4,"a_q_reg[15]/C","ecc_leaf_prod_q_reg[59]/CE","other","FDCE=2;LUT5=1;LUT6=3"
776,1.452,5.000,3.337,0.980,2.357,0.706,4,"a_q_reg[15]/C","ecc_leaf_prod_q_reg[60]/CE","other","FDCE=2;LUT5=1;LUT6=3"
777,1.452,5.000,3.337,0.980,2.357,0.706,4,"a_q_reg[15]/C","ecc_leaf_prod_q_reg[61]/CE","other","FDCE=2;LUT5=1;LUT6=3"
778,1.452,5.000,3.337,0.980,2.357,0.706,4,"a_q_reg[15]/C","ecc_leaf_prod_q_reg[62]/CE","other","FDCE=2;LUT5=1;LUT6=3"
779,1.540,5.000,3.249,0.980,2.269,0.698,4,"uop_p0_q_reg[class_idx][0]/C","hmatch_budget_q_reg[0]/CE","TOP control","FDCE=2;LUT4=1;LUT6=3"
780,1.540,5.000,3.249,0.980,2.269,0.698,4,"uop_p0_q_reg[class_idx][0]/C","hmatch_budget_q_reg[10]/CE","TOP control","FDCE=2;LUT4=1;LUT6=3"
781,1.540,5.000,3.249,0.980,2.269,0.698,4,"uop_p0_q_reg[class_idx][0]/C","hmatch_budget_q_reg[11]_inv/CE","TOP control","FDCE=1;FDPE=1;LUT4=1;LUT6=3"
782,1.540,5.000,3.249,0.980,2.269,0.698,4,"uop_p0_q_reg[class_idx][0]/C","hmatch_budget_q_reg[1]/CE","TOP control","FDCE=2;LUT4=1;LUT6=3"
783,1.540,5.000,3.249,0.980,2.269,0.698,4,"uop_p0_q_reg[class_idx][0]/C","hmatch_budget_q_reg[2]/CE","TOP control","FDCE=2;LUT4=1;LUT6=3"
784,1.540,5.000,3.249,0.980,2.269,0.698,4,"uop_p0_q_reg[class_idx][0]/C","hmatch_budget_q_reg[3]/CE","TOP control","FDCE=2;LUT4=1;LUT6=3"
785,1.540,5.000,3.249,0.980,2.269,0.698,4,"uop_p0_q_reg[class_idx][0]/C","hmatch_budget_q_reg[4]/CE","TOP control","FDCE=2;LUT4=1;LUT6=3"
786,1.540,5.000,3.249,0.980,2.269,0.698,4,"uop_p0_q_reg[class_idx][0]/C","hmatch_budget_q_reg[5]/CE","TOP control","FDCE=2;LUT4=1;LUT6=3"
787,1.540,5.000,3.249,0.980,2.269,0.698,4,"uop_p0_q_reg[class_idx][0]/C","hmatch_budget_q_reg[6]/CE","TOP control","FDCE=2;LUT4=1;LUT6=3"
788,1.540,5.000,3.249,0.980,2.269,0.698,4,"uop_p0_q_reg[class_idx][0]/C","hmatch_budget_q_reg[7]/CE","TOP control","FDCE=2;LUT4=1;LUT6=3"
789,1.540,5.000,3.249,0.980,2.269,0.698,4,"uop_p0_q_reg[class_idx][0]/C","hmatch_budget_q_reg[8]/CE","TOP control","FDCE=2;LUT4=1;LUT6=3"
790,1.540,5.000,3.249,0.980,2.269,0.698,4,"uop_p0_q_reg[class_idx][0]/C","hmatch_budget_q_reg[9]/CE","TOP control","FDCE=2;LUT4=1;LUT6=3"
791,1.586,5.000,3.411,1.085,2.326,0.682,5,"a_q_reg[15]/C","ecc_diag_base_q_reg[3]/D","other","FDCE=2;LUT4=1;LUT5=1;LUT6=3"
792,1.586,5.000,3.411,1.085,2.326,0.682,5,"a_q_reg[15]/C","ecc_diag_base_q_reg[3]_rep/D","other","FDCE=2;LUT4=1;LUT5=1;LUT6=3"
793,1.586,5.000,3.411,1.085,2.326,0.682,5,"a_q_reg[15]/C","ecc_diag_base_q_reg[3]_rep__0/D","other","FDCE=2;LUT4=1;LUT5=1;LUT6=3"
794,1.586,5.000,3.411,1.085,2.326,0.682,5,"a_q_reg[15]/C","ecc_diag_base_q_reg[4]/D","other","FDCE=2;LUT5=2;LUT6=3"
795,1.586,5.000,3.411,1.085,2.326,0.682,5,"a_q_reg[15]/C","ecc_diag_base_q_reg[4]_rep/D","other","FDCE=2;LUT5=2;LUT6=3"
796,1.586,5.000,3.411,1.085,2.326,0.682,5,"a_q_reg[15]/C","ecc_diag_base_q_reg[5]/D","other","FDCE=2;LUT5=1;LUT6=4"
797,1.586,5.000,3.200,1.181,2.019,0.631,5,"a_q_reg[5]/C","st_q_reg[1]/D","TOP control","FDCE=2;LUT4=2;LUT6=2;MUXF7=1"
798,1.586,5.000,3.200,1.181,2.019,0.631,5,"a_q_reg[5]/C","st_q_reg[1]_rep/D","TOP control","FDCE=2;LUT4=2;LUT6=2;MUXF7=1"
799,1.591,5.000,3.406,1.085,2.321,0.681,5,"a_q_reg[15]/C","ecc_k_q_reg[0]/D","other","FDCE=2;LUT4=1;LUT5=1;LUT6=3"
800,1.591,5.000,3.406,1.085,2.321,0.681,5,"a_q_reg[15]/C","ecc_k_q_reg[1]/D","other","FDCE=2;LUT5=2;LUT6=3"
801,1.591,5.000,3.406,1.085,2.321,0.681,5,"a_q_reg[15]/C","ecc_k_q_reg[2]/D","other","FDCE=2;LUT5=1;LUT6=4"
802,1.626,5.000,3.163,0.980,2.183,0.690,4,"a_q_reg[5]/C","hperm_dst_base_q_reg[2]/CE","other","FDCE=2;LUT4=1;LUT5=1;LUT6=2"
803,1.626,5.000,3.163,0.980,2.183,0.690,4,"a_q_reg[5]/C","hperm_dst_base_q_reg[3]/CE","other","FDCE=2;LUT4=1;LUT5=1;LUT6=2"
804,1.626,5.000,3.163,0.980,2.183,0.690,4,"a_q_reg[5]/C","hperm_dst_base_q_reg[4]/CE","other","FDCE=2;LUT4=1;LUT5=1;LUT6=2"
805,1.626,5.000,3.163,0.980,2.183,0.690,4,"a_q_reg[5]/C","hperm_dst_base_q_reg[5]/CE","other","FDCE=2;LUT4=1;LUT5=1;LUT6=2"
806,1.626,5.000,3.163,0.980,2.183,0.690,4,"a_q_reg[5]/C","hperm_lane_base_q_reg[0]/CE","other","FDCE=2;LUT4=1;LUT5=1;LUT6=2"
807,1.626,5.000,3.163,0.980,2.183,0.690,4,"a_q_reg[5]/C","hperm_lane_base_q_reg[0]_rep/CE","other","FDCE=2;LUT4=1;LUT5=1;LUT6=2"
808,1.626,5.000,3.163,0.980,2.183,0.690,4,"a_q_reg[5]/C","hperm_lane_base_q_reg[0]_rep__0/CE","other","FDCE=2;LUT4=1;LUT5=1;LUT6=2"
809,1.626,5.000,3.163,0.980,2.183,0.690,4,"a_q_reg[5]/C","hperm_lane_base_q_reg[0]_rep__1/CE","other","FDCE=2;LUT4=1;LUT5=1;LUT6=2"
810,1.626,5.000,3.163,0.980,2.183,0.690,4,"a_q_reg[5]/C","hperm_lane_base_q_reg[1]/CE","other","FDCE=2;LUT4=1;LUT5=1;LUT6=2"
811,1.626,5.000,3.163,0.980,2.183,0.690,4,"a_q_reg[5]/C","hperm_lane_base_q_reg[1]_rep/CE","other","FDCE=2;LUT4=1;LUT5=1;LUT6=2"
812,1.626,5.000,3.163,0.980,2.183,0.690,4,"a_q_reg[5]/C","hperm_lane_base_q_reg[1]_rep__0/CE","other","FDCE=2;LUT4=1;LUT5=1;LUT6=2"
813,1.626,5.000,3.163,0.980,2.183,0.690,4,"a_q_reg[5]/C","hperm_lane_base_q_reg[1]_rep__1/CE","other","FDCE=2;LUT4=1;LUT5=1;LUT6=2"
814,1.626,5.000,3.163,0.980,2.183,0.690,4,"a_q_reg[5]/C","hperm_nibble_q_reg[0]/CE","other","FDCE=2;LUT4=1;LUT5=1;LUT6=2"
815,1.626,5.000,3.163,0.980,2.183,0.690,4,"a_q_reg[5]/C","hperm_nibble_q_reg[1]/CE","other","FDCE=2;LUT4=1;LUT5=1;LUT6=2"
816,1.626,5.000,3.163,0.980,2.183,0.690,4,"a_q_reg[5]/C","hperm_nibble_q_reg[2]/CE","other","FDCE=2;LUT4=1;LUT5=1;LUT6=2"
817,1.626,5.000,3.163,0.980,2.183,0.690,4,"a_q_reg[5]/C","hperm_nibble_q_reg[3]/CE","other","FDCE=2;LUT4=1;LUT5=1;LUT6=2"
818,1.626,5.000,3.163,0.980,2.183,0.690,4,"a_q_reg[5]/C","hperm_src_base_q_reg[2]/CE","other","FDCE=2;LUT4=1;LUT5=1;LUT6=2"
819,1.626,5.000,3.163,0.980,2.183,0.690,4,"a_q_reg[5]/C","hperm_src_base_q_reg[3]/CE","other","FDCE=2;LUT4=1;LUT5=1;LUT6=2"
820,1.626,5.000,3.163,0.980,2.183,0.690,4,"a_q_reg[5]/C","hperm_src_base_q_reg[4]/CE","other","FDCE=2;LUT4=1;LUT5=1;LUT6=2"
821,1.626,5.000,3.163,0.980,2.183,0.690,4,"a_q_reg[5]/C","hperm_src_base_q_reg[5]/CE","other","FDCE=2;LUT4=1;LUT5=1;LUT6=2"
822,1.626,5.000,3.163,0.980,2.183,0.690,4,"a_q_reg[5]/C","hperm_word_off_q_reg[2]/CE","other","FDCE=2;LUT4=1;LUT5=1;LUT6=2"
823,1.626,5.000,3.163,0.980,2.183,0.690,4,"a_q_reg[5]/C","hperm_word_off_q_reg[3]/CE","other","FDCE=2;LUT4=1;LUT5=1;LUT6=2"
824,1.628,5.000,3.369,1.085,2.284,0.678,5,"hperm_word_off_q_reg[3]/C","uop_p0_q_reg[src1_addr][3]/D","TOP control","FDCE=2;LUT3=1;LUT5=1;LUT6=3"
825,1.639,5.000,3.150,0.875,2.275,0.722,3,"st_q_reg[2]/C","hdc_src0_q_reg[0][0]/CE","TOP control","FDCE=2;LUT5=1;LUT6=2"
826,1.639,5.000,3.150,0.875,2.275,0.722,3,"st_q_reg[2]/C","hdc_src0_q_reg[0][10]/CE","TOP control","FDCE=2;LUT5=1;LUT6=2"
827,1.639,5.000,3.150,0.875,2.275,0.722,3,"st_q_reg[2]/C","hdc_src0_q_reg[0][11]/CE","TOP control","FDCE=2;LUT5=1;LUT6=2"
828,1.639,5.000,3.150,0.875,2.275,0.722,3,"st_q_reg[2]/C","hdc_src0_q_reg[0][12]/CE","TOP control","FDCE=2;LUT5=1;LUT6=2"
829,1.639,5.000,3.150,0.875,2.275,0.722,3,"st_q_reg[2]/C","hdc_src0_q_reg[0][13]/CE","TOP control","FDCE=2;LUT5=1;LUT6=2"
830,1.639,5.000,3.150,0.875,2.275,0.722,3,"st_q_reg[2]/C","hdc_src0_q_reg[0][14]/CE","TOP control","FDCE=2;LUT5=1;LUT6=2"
831,1.639,5.000,3.150,0.875,2.275,0.722,3,"st_q_reg[2]/C","hdc_src0_q_reg[0][15]/CE","TOP control","FDCE=2;LUT5=1;LUT6=2"
832,1.639,5.000,3.150,0.875,2.275,0.722,3,"st_q_reg[2]/C","hdc_src0_q_reg[0][16]/CE","TOP control","FDCE=2;LUT5=1;LUT6=2"
833,1.639,5.000,3.150,0.875,2.275,0.722,3,"st_q_reg[2]/C","hdc_src0_q_reg[0][17]/CE","TOP control","FDCE=2;LUT5=1;LUT6=2"
834,1.639,5.000,3.150,0.875,2.275,0.722,3,"st_q_reg[2]/C","hdc_src0_q_reg[0][18]/CE","TOP control","FDCE=2;LUT5=1;LUT6=2"
835,1.639,5.000,3.150,0.875,2.275,0.722,3,"st_q_reg[2]/C","hdc_src0_q_reg[0][19]/CE","TOP control","FDCE=2;LUT5=1;LUT6=2"
836,1.639,5.000,3.150,0.875,2.275,0.722,3,"st_q_reg[2]/C","hdc_src0_q_reg[0][1]/CE","TOP control","FDCE=2;LUT5=1;LUT6=2"
837,1.639,5.000,3.150,0.875,2.275,0.722,3,"st_q_reg[2]/C","hdc_src0_q_reg[0][20]/CE","TOP control","FDCE=2;LUT5=1;LUT6=2"
838,1.639,5.000,3.150,0.875,2.275,0.722,3,"st_q_reg[2]/C","hdc_src0_q_reg[0][21]/CE","TOP control","FDCE=2;LUT5=1;LUT6=2"
839,1.639,5.000,3.150,0.875,2.275,0.722,3,"st_q_reg[2]/C","hdc_src0_q_reg[0][22]/CE","TOP control","FDCE=2;LUT5=1;LUT6=2"
840,1.639,5.000,3.150,0.875,2.275,0.722,3,"st_q_reg[2]/C","hdc_src0_q_reg[0][23]/CE","TOP control","FDCE=2;LUT5=1;LUT6=2"
841,1.639,5.000,3.150,0.875,2.275,0.722,3,"st_q_reg[2]/C","hdc_src0_q_reg[0][24]/CE","TOP control","FDCE=2;LUT5=1;LUT6=2"
842,1.639,5.000,3.150,0.875,2.275,0.722,3,"st_q_reg[2]/C","hdc_src0_q_reg[0][25]/CE","TOP control","FDCE=2;LUT5=1;LUT6=2"
843,1.639,5.000,3.150,0.875,2.275,0.722,3,"st_q_reg[2]/C","hdc_src0_q_reg[0][26]/CE","TOP control","FDCE=2;LUT5=1;LUT6=2"
844,1.639,5.000,3.150,0.875,2.275,0.722,3,"st_q_reg[2]/C","hdc_src0_q_reg[0][27]/CE","TOP control","FDCE=2;LUT5=1;LUT6=2"
845,1.639,5.000,3.150,0.875,2.275,0.722,3,"st_q_reg[2]/C","hdc_src0_q_reg[0][28]/CE","TOP control","FDCE=2;LUT5=1;LUT6=2"
846,1.639,5.000,3.150,0.875,2.275,0.722,3,"st_q_reg[2]/C","hdc_src0_q_reg[0][29]/CE","TOP control","FDCE=2;LUT5=1;LUT6=2"
847,1.639,5.000,3.150,0.875,2.275,0.722,3,"st_q_reg[2]/C","hdc_src0_q_reg[0][2]/CE","TOP control","FDCE=2;LUT5=1;LUT6=2"
848,1.639,5.000,3.150,0.875,2.275,0.722,3,"st_q_reg[2]/C","hdc_src0_q_reg[0][30]/CE","TOP control","FDCE=2;LUT5=1;LUT6=2"
849,1.639,5.000,3.150,0.875,2.275,0.722,3,"st_q_reg[2]/C","hdc_src0_q_reg[0][31]/CE","TOP control","FDCE=2;LUT5=1;LUT6=2"
850,1.639,5.000,3.150,0.875,2.275,0.722,3,"st_q_reg[2]/C","hdc_src0_q_reg[0][32]/CE","TOP control","FDCE=2;LUT5=1;LUT6=2"
851,1.639,5.000,3.150,0.875,2.275,0.722,3,"st_q_reg[2]/C","hdc_src0_q_reg[0][33]/CE","TOP control","FDCE=2;LUT5=1;LUT6=2"
852,1.639,5.000,3.150,0.875,2.275,0.722,3,"st_q_reg[2]/C","hdc_src0_q_reg[0][34]/CE","TOP control","FDCE=2;LUT5=1;LUT6=2"
853,1.639,5.000,3.150,0.875,2.275,0.722,3,"st_q_reg[2]/C","hdc_src0_q_reg[0][35]/CE","TOP control","FDCE=2;LUT5=1;LUT6=2"
854,1.639,5.000,3.150,0.875,2.275,0.722,3,"st_q_reg[2]/C","hdc_src0_q_reg[0][36]/CE","TOP control","FDCE=2;LUT5=1;LUT6=2"
855,1.639,5.000,3.150,0.875,2.275,0.722,3,"st_q_reg[2]/C","hdc_src0_q_reg[0][37]/CE","TOP control","FDCE=2;LUT5=1;LUT6=2"
856,1.639,5.000,3.150,0.875,2.275,0.722,3,"st_q_reg[2]/C","hdc_src0_q_reg[0][38]/CE","TOP control","FDCE=2;LUT5=1;LUT6=2"
857,1.639,5.000,3.150,0.875,2.275,0.722,3,"st_q_reg[2]/C","hdc_src0_q_reg[0][39]/CE","TOP control","FDCE=2;LUT5=1;LUT6=2"
858,1.639,5.000,3.150,0.875,2.275,0.722,3,"st_q_reg[2]/C","hdc_src0_q_reg[0][3]/CE","TOP control","FDCE=2;LUT5=1;LUT6=2"
859,1.639,5.000,3.150,0.875,2.275,0.722,3,"st_q_reg[2]/C","hdc_src0_q_reg[0][40]/CE","TOP control","FDCE=2;LUT5=1;LUT6=2"
860,1.639,5.000,3.150,0.875,2.275,0.722,3,"st_q_reg[2]/C","hdc_src0_q_reg[0][41]/CE","TOP control","FDCE=2;LUT5=1;LUT6=2"
861,1.639,5.000,3.150,0.875,2.275,0.722,3,"st_q_reg[2]/C","hdc_src0_q_reg[0][42]/CE","TOP control","FDCE=2;LUT5=1;LUT6=2"
862,1.639,5.000,3.150,0.875,2.275,0.722,3,"st_q_reg[2]/C","hdc_src0_q_reg[0][43]/CE","TOP control","FDCE=2;LUT5=1;LUT6=2"
863,1.639,5.000,3.150,0.875,2.275,0.722,3,"st_q_reg[2]/C","hdc_src0_q_reg[0][44]/CE","TOP control","FDCE=2;LUT5=1;LUT6=2"
864,1.639,5.000,3.150,0.875,2.275,0.722,3,"st_q_reg[2]/C","hdc_src0_q_reg[0][45]/CE","TOP control","FDCE=2;LUT5=1;LUT6=2"
865,1.639,5.000,3.150,0.875,2.275,0.722,3,"st_q_reg[2]/C","hdc_src0_q_reg[0][46]/CE","TOP control","FDCE=2;LUT5=1;LUT6=2"
866,1.639,5.000,3.150,0.875,2.275,0.722,3,"st_q_reg[2]/C","hdc_src0_q_reg[0][47]/CE","TOP control","FDCE=2;LUT5=1;LUT6=2"
867,1.639,5.000,3.150,0.875,2.275,0.722,3,"st_q_reg[2]/C","hdc_src0_q_reg[0][48]/CE","TOP control","FDCE=2;LUT5=2;LUT6=1"
868,1.639,5.000,3.150,0.875,2.275,0.722,3,"st_q_reg[2]/C","hdc_src0_q_reg[0][49]/CE","TOP control","FDCE=2;LUT5=2;LUT6=1"
869,1.639,5.000,3.150,0.875,2.275,0.722,3,"st_q_reg[2]/C","hdc_src0_q_reg[0][4]/CE","TOP control","FDCE=2;LUT5=1;LUT6=2"
870,1.639,5.000,3.150,0.875,2.275,0.722,3,"st_q_reg[2]/C","hdc_src0_q_reg[0][50]/CE","TOP control","FDCE=2;LUT5=2;LUT6=1"
871,1.639,5.000,3.150,0.875,2.275,0.722,3,"st_q_reg[2]/C","hdc_src0_q_reg[0][51]/CE","TOP control","FDCE=2;LUT5=2;LUT6=1"
872,1.639,5.000,3.150,0.875,2.275,0.722,3,"st_q_reg[2]/C","hdc_src0_q_reg[0][52]/CE","TOP control","FDCE=2;LUT5=2;LUT6=1"
873,1.639,5.000,3.150,0.875,2.275,0.722,3,"st_q_reg[2]/C","hdc_src0_q_reg[0][53]/CE","TOP control","FDCE=2;LUT5=2;LUT6=1"
874,1.639,5.000,3.150,0.875,2.275,0.722,3,"st_q_reg[2]/C","hdc_src0_q_reg[0][54]/CE","TOP control","FDCE=2;LUT5=2;LUT6=1"
875,1.639,5.000,3.150,0.875,2.275,0.722,3,"st_q_reg[2]/C","hdc_src0_q_reg[0][55]/CE","TOP control","FDCE=2;LUT5=2;LUT6=1"
876,1.639,5.000,3.150,0.875,2.275,0.722,3,"st_q_reg[2]/C","hdc_src0_q_reg[0][56]/CE","TOP control","FDCE=2;LUT5=2;LUT6=1"
877,1.639,5.000,3.150,0.875,2.275,0.722,3,"st_q_reg[2]/C","hdc_src0_q_reg[0][57]/CE","TOP control","FDCE=2;LUT5=2;LUT6=1"
878,1.639,5.000,3.150,0.875,2.275,0.722,3,"st_q_reg[2]/C","hdc_src0_q_reg[0][58]/CE","TOP control","FDCE=2;LUT5=2;LUT6=1"
879,1.639,5.000,3.150,0.875,2.275,0.722,3,"st_q_reg[2]/C","hdc_src0_q_reg[0][59]/CE","TOP control","FDCE=2;LUT5=2;LUT6=1"
880,1.639,5.000,3.150,0.875,2.275,0.722,3,"st_q_reg[2]/C","hdc_src0_q_reg[0][5]/CE","TOP control","FDCE=2;LUT5=1;LUT6=2"
881,1.639,5.000,3.150,0.875,2.275,0.722,3,"st_q_reg[2]/C","hdc_src0_q_reg[0][60]/CE","TOP control","FDCE=2;LUT5=2;LUT6=1"
882,1.639,5.000,3.150,0.875,2.275,0.722,3,"st_q_reg[2]/C","hdc_src0_q_reg[0][61]/CE","TOP control","FDCE=2;LUT5=2;LUT6=1"
883,1.639,5.000,3.150,0.875,2.275,0.722,3,"st_q_reg[2]/C","hdc_src0_q_reg[0][62]/CE","TOP control","FDCE=2;LUT5=2;LUT6=1"
884,1.639,5.000,3.150,0.875,2.275,0.722,3,"st_q_reg[2]/C","hdc_src0_q_reg[0][63]/CE","TOP control","FDCE=2;LUT5=2;LUT6=1"
885,1.639,5.000,3.150,0.875,2.275,0.722,3,"st_q_reg[2]/C","hdc_src0_q_reg[0][6]/CE","TOP control","FDCE=2;LUT5=1;LUT6=2"
886,1.639,5.000,3.150,0.875,2.275,0.722,3,"st_q_reg[2]/C","hdc_src0_q_reg[0][7]/CE","TOP control","FDCE=2;LUT5=1;LUT6=2"
887,1.639,5.000,3.150,0.875,2.275,0.722,3,"st_q_reg[2]/C","hdc_src0_q_reg[0][8]/CE","TOP control","FDCE=2;LUT5=1;LUT6=2"
888,1.639,5.000,3.150,0.875,2.275,0.722,3,"st_q_reg[2]/C","hdc_src0_q_reg[0][9]/CE","TOP control","FDCE=2;LUT5=1;LUT6=2"
889,1.639,5.000,3.150,0.875,2.275,0.722,3,"st_q_reg[2]/C","hdc_src0_q_reg[1][0]/CE","TOP control","FDCE=2;LUT5=1;LUT6=2"
890,1.639,5.000,3.150,0.875,2.275,0.722,3,"st_q_reg[2]/C","hdc_src0_q_reg[1][10]/CE","TOP control","FDCE=2;LUT5=1;LUT6=2"
891,1.639,5.000,3.150,0.875,2.275,0.722,3,"st_q_reg[2]/C","hdc_src0_q_reg[1][11]/CE","TOP control","FDCE=2;LUT5=1;LUT6=2"
892,1.639,5.000,3.150,0.875,2.275,0.722,3,"st_q_reg[2]/C","hdc_src0_q_reg[1][12]/CE","TOP control","FDCE=2;LUT5=1;LUT6=2"
893,1.639,5.000,3.150,0.875,2.275,0.722,3,"st_q_reg[2]/C","hdc_src0_q_reg[1][13]/CE","TOP control","FDCE=2;LUT5=1;LUT6=2"
894,1.639,5.000,3.150,0.875,2.275,0.722,3,"st_q_reg[2]/C","hdc_src0_q_reg[1][14]/CE","TOP control","FDCE=2;LUT5=1;LUT6=2"
895,1.639,5.000,3.150,0.875,2.275,0.722,3,"st_q_reg[2]/C","hdc_src0_q_reg[1][15]/CE","TOP control","FDCE=2;LUT5=1;LUT6=2"
896,1.639,5.000,3.150,0.875,2.275,0.722,3,"st_q_reg[2]/C","hdc_src0_q_reg[1][16]/CE","TOP control","FDCE=2;LUT5=1;LUT6=2"
897,1.639,5.000,3.150,0.875,2.275,0.722,3,"st_q_reg[2]/C","hdc_src0_q_reg[1][17]/CE","TOP control","FDCE=2;LUT5=1;LUT6=2"
898,1.639,5.000,3.150,0.875,2.275,0.722,3,"st_q_reg[2]/C","hdc_src0_q_reg[1][18]/CE","TOP control","FDCE=2;LUT5=1;LUT6=2"
899,1.639,5.000,3.150,0.875,2.275,0.722,3,"st_q_reg[2]/C","hdc_src0_q_reg[1][19]/CE","TOP control","FDCE=2;LUT5=1;LUT6=2"
900,1.639,5.000,3.150,0.875,2.275,0.722,3,"st_q_reg[2]/C","hdc_src0_q_reg[1][1]/CE","TOP control","FDCE=2;LUT5=1;LUT6=2"
901,1.639,5.000,3.150,0.875,2.275,0.722,3,"st_q_reg[2]/C","hdc_src0_q_reg[1][20]/CE","TOP control","FDCE=2;LUT5=1;LUT6=2"
902,1.639,5.000,3.150,0.875,2.275,0.722,3,"st_q_reg[2]/C","hdc_src0_q_reg[1][21]/CE","TOP control","FDCE=2;LUT5=1;LUT6=2"
903,1.639,5.000,3.150,0.875,2.275,0.722,3,"st_q_reg[2]/C","hdc_src0_q_reg[1][22]/CE","TOP control","FDCE=2;LUT5=1;LUT6=2"
904,1.639,5.000,3.150,0.875,2.275,0.722,3,"st_q_reg[2]/C","hdc_src0_q_reg[1][23]/CE","TOP control","FDCE=2;LUT5=1;LUT6=2"
905,1.639,5.000,3.150,0.875,2.275,0.722,3,"st_q_reg[2]/C","hdc_src0_q_reg[1][24]/CE","TOP control","FDCE=2;LUT5=1;LUT6=2"
906,1.639,5.000,3.150,0.875,2.275,0.722,3,"st_q_reg[2]/C","hdc_src0_q_reg[1][25]/CE","TOP control","FDCE=2;LUT5=1;LUT6=2"
907,1.639,5.000,3.150,0.875,2.275,0.722,3,"st_q_reg[2]/C","hdc_src0_q_reg[1][26]/CE","TOP control","FDCE=2;LUT5=1;LUT6=2"
908,1.639,5.000,3.150,0.875,2.275,0.722,3,"st_q_reg[2]/C","hdc_src0_q_reg[1][27]/CE","TOP control","FDCE=2;LUT5=1;LUT6=2"
909,1.639,5.000,3.150,0.875,2.275,0.722,3,"st_q_reg[2]/C","hdc_src0_q_reg[1][28]/CE","TOP control","FDCE=2;LUT5=1;LUT6=2"
910,1.639,5.000,3.150,0.875,2.275,0.722,3,"st_q_reg[2]/C","hdc_src0_q_reg[1][29]/CE","TOP control","FDCE=2;LUT5=1;LUT6=2"
911,1.639,5.000,3.150,0.875,2.275,0.722,3,"st_q_reg[2]/C","hdc_src0_q_reg[1][2]/CE","TOP control","FDCE=2;LUT5=1;LUT6=2"
912,1.639,5.000,3.150,0.875,2.275,0.722,3,"st_q_reg[2]/C","hdc_src0_q_reg[1][30]/CE","TOP control","FDCE=2;LUT5=1;LUT6=2"
913,1.639,5.000,3.150,0.875,2.275,0.722,3,"st_q_reg[2]/C","hdc_src0_q_reg[1][31]/CE","TOP control","FDCE=2;LUT5=1;LUT6=2"
914,1.639,5.000,3.150,0.875,2.275,0.722,3,"st_q_reg[2]/C","hdc_src0_q_reg[1][32]/CE","TOP control","FDCE=2;LUT5=1;LUT6=2"
915,1.639,5.000,3.150,0.875,2.275,0.722,3,"st_q_reg[2]/C","hdc_src0_q_reg[1][33]/CE","TOP control","FDCE=2;LUT5=1;LUT6=2"
916,1.639,5.000,3.150,0.875,2.275,0.722,3,"st_q_reg[2]/C","hdc_src0_q_reg[1][34]/CE","TOP control","FDCE=2;LUT5=1;LUT6=2"
917,1.639,5.000,3.150,0.875,2.275,0.722,3,"st_q_reg[2]/C","hdc_src0_q_reg[1][35]/CE","TOP control","FDCE=2;LUT5=1;LUT6=2"
918,1.639,5.000,3.150,0.875,2.275,0.722,3,"st_q_reg[2]/C","hdc_src0_q_reg[1][36]/CE","TOP control","FDCE=2;LUT5=1;LUT6=2"
919,1.639,5.000,3.150,0.875,2.275,0.722,3,"st_q_reg[2]/C","hdc_src0_q_reg[1][37]/CE","TOP control","FDCE=2;LUT5=1;LUT6=2"
920,1.639,5.000,3.150,0.875,2.275,0.722,3,"st_q_reg[2]/C","hdc_src0_q_reg[1][38]/CE","TOP control","FDCE=2;LUT5=1;LUT6=2"
921,1.639,5.000,3.150,0.875,2.275,0.722,3,"st_q_reg[2]/C","hdc_src0_q_reg[1][39]/CE","TOP control","FDCE=2;LUT5=1;LUT6=2"
922,1.639,5.000,3.150,0.875,2.275,0.722,3,"st_q_reg[2]/C","hdc_src0_q_reg[1][3]/CE","TOP control","FDCE=2;LUT5=1;LUT6=2"
923,1.639,5.000,3.150,0.875,2.275,0.722,3,"st_q_reg[2]/C","hdc_src0_q_reg[1][40]/CE","TOP control","FDCE=2;LUT5=1;LUT6=2"
924,1.639,5.000,3.150,0.875,2.275,0.722,3,"st_q_reg[2]/C","hdc_src0_q_reg[1][41]/CE","TOP control","FDCE=2;LUT5=1;LUT6=2"
925,1.639,5.000,3.150,0.875,2.275,0.722,3,"st_q_reg[2]/C","hdc_src0_q_reg[1][42]/CE","TOP control","FDCE=2;LUT5=1;LUT6=2"
926,1.639,5.000,3.150,0.875,2.275,0.722,3,"st_q_reg[2]/C","hdc_src0_q_reg[1][43]/CE","TOP control","FDCE=2;LUT5=1;LUT6=2"
927,1.639,5.000,3.150,0.875,2.275,0.722,3,"st_q_reg[2]/C","hdc_src0_q_reg[1][44]/CE","TOP control","FDCE=2;LUT5=1;LUT6=2"
928,1.639,5.000,3.150,0.875,2.275,0.722,3,"st_q_reg[2]/C","hdc_src0_q_reg[1][45]/CE","TOP control","FDCE=2;LUT5=1;LUT6=2"
929,1.639,5.000,3.150,0.875,2.275,0.722,3,"st_q_reg[2]/C","hdc_src0_q_reg[1][46]/CE","TOP control","FDCE=2;LUT5=1;LUT6=2"
930,1.639,5.000,3.150,0.875,2.275,0.722,3,"st_q_reg[2]/C","hdc_src0_q_reg[1][47]/CE","TOP control","FDCE=2;LUT5=1;LUT6=2"
931,1.639,5.000,3.150,0.875,2.275,0.722,3,"st_q_reg[2]/C","hdc_src0_q_reg[1][48]/CE","TOP control","FDCE=2;LUT5=2;LUT6=1"
932,1.639,5.000,3.150,0.875,2.275,0.722,3,"st_q_reg[2]/C","hdc_src0_q_reg[1][49]/CE","TOP control","FDCE=2;LUT5=2;LUT6=1"
933,1.639,5.000,3.150,0.875,2.275,0.722,3,"st_q_reg[2]/C","hdc_src0_q_reg[1][4]/CE","TOP control","FDCE=2;LUT5=1;LUT6=2"
934,1.639,5.000,3.150,0.875,2.275,0.722,3,"st_q_reg[2]/C","hdc_src0_q_reg[1][50]/CE","TOP control","FDCE=2;LUT5=2;LUT6=1"
935,1.639,5.000,3.150,0.875,2.275,0.722,3,"st_q_reg[2]/C","hdc_src0_q_reg[1][51]/CE","TOP control","FDCE=2;LUT5=2;LUT6=1"
936,1.639,5.000,3.150,0.875,2.275,0.722,3,"st_q_reg[2]/C","hdc_src0_q_reg[1][52]/CE","TOP control","FDCE=2;LUT5=2;LUT6=1"
937,1.639,5.000,3.150,0.875,2.275,0.722,3,"st_q_reg[2]/C","hdc_src0_q_reg[1][53]/CE","TOP control","FDCE=2;LUT5=2;LUT6=1"
938,1.639,5.000,3.150,0.875,2.275,0.722,3,"st_q_reg[2]/C","hdc_src0_q_reg[1][54]/CE","TOP control","FDCE=2;LUT5=2;LUT6=1"
939,1.639,5.000,3.150,0.875,2.275,0.722,3,"st_q_reg[2]/C","hdc_src0_q_reg[1][55]/CE","TOP control","FDCE=2;LUT5=2;LUT6=1"
940,1.639,5.000,3.150,0.875,2.275,0.722,3,"st_q_reg[2]/C","hdc_src0_q_reg[1][56]/CE","TOP control","FDCE=2;LUT5=2;LUT6=1"
941,1.639,5.000,3.150,0.875,2.275,0.722,3,"st_q_reg[2]/C","hdc_src0_q_reg[1][57]/CE","TOP control","FDCE=2;LUT5=2;LUT6=1"
942,1.639,5.000,3.150,0.875,2.275,0.722,3,"st_q_reg[2]/C","hdc_src0_q_reg[1][58]/CE","TOP control","FDCE=2;LUT5=2;LUT6=1"
943,1.639,5.000,3.150,0.875,2.275,0.722,3,"st_q_reg[2]/C","hdc_src0_q_reg[1][59]/CE","TOP control","FDCE=2;LUT5=2;LUT6=1"
944,1.639,5.000,3.150,0.875,2.275,0.722,3,"st_q_reg[2]/C","hdc_src0_q_reg[1][5]/CE","TOP control","FDCE=2;LUT5=1;LUT6=2"
945,1.639,5.000,3.150,0.875,2.275,0.722,3,"st_q_reg[2]/C","hdc_src0_q_reg[1][60]/CE","TOP control","FDCE=2;LUT5=2;LUT6=1"
946,1.639,5.000,3.150,0.875,2.275,0.722,3,"st_q_reg[2]/C","hdc_src0_q_reg[1][61]/CE","TOP control","FDCE=2;LUT5=2;LUT6=1"
947,1.639,5.000,3.150,0.875,2.275,0.722,3,"st_q_reg[2]/C","hdc_src0_q_reg[1][62]/CE","TOP control","FDCE=2;LUT5=2;LUT6=1"
948,1.639,5.000,3.150,0.875,2.275,0.722,3,"st_q_reg[2]/C","hdc_src0_q_reg[1][63]/CE","TOP control","FDCE=2;LUT5=2;LUT6=1"
949,1.639,5.000,3.150,0.875,2.275,0.722,3,"st_q_reg[2]/C","hdc_src0_q_reg[1][6]/CE","TOP control","FDCE=2;LUT5=1;LUT6=2"
950,1.639,5.000,3.150,0.875,2.275,0.722,3,"st_q_reg[2]/C","hdc_src0_q_reg[1][7]/CE","TOP control","FDCE=2;LUT5=1;LUT6=2"
951,1.639,5.000,3.150,0.875,2.275,0.722,3,"st_q_reg[2]/C","hdc_src0_q_reg[1][8]/CE","TOP control","FDCE=2;LUT5=1;LUT6=2"
952,1.639,5.000,3.150,0.875,2.275,0.722,3,"st_q_reg[2]/C","hdc_src0_q_reg[1][9]/CE","TOP control","FDCE=2;LUT5=1;LUT6=2"
953,1.639,5.000,3.150,0.875,2.275,0.722,3,"st_q_reg[2]/C","hdc_src0_q_reg[2][0]/CE","TOP control","FDCE=2;LUT5=1;LUT6=2"
954,1.639,5.000,3.150,0.875,2.275,0.722,3,"st_q_reg[2]/C","hdc_src0_q_reg[2][10]/CE","TOP control","FDCE=2;LUT5=1;LUT6=2"
955,1.639,5.000,3.150,0.875,2.275,0.722,3,"st_q_reg[2]/C","hdc_src0_q_reg[2][11]/CE","TOP control","FDCE=2;LUT5=1;LUT6=2"
956,1.639,5.000,3.150,0.875,2.275,0.722,3,"st_q_reg[2]/C","hdc_src0_q_reg[2][12]/CE","TOP control","FDCE=2;LUT5=1;LUT6=2"
957,1.639,5.000,3.150,0.875,2.275,0.722,3,"st_q_reg[2]/C","hdc_src0_q_reg[2][13]/CE","TOP control","FDCE=2;LUT5=1;LUT6=2"
958,1.639,5.000,3.150,0.875,2.275,0.722,3,"st_q_reg[2]/C","hdc_src0_q_reg[2][14]/CE","TOP control","FDCE=2;LUT5=1;LUT6=2"
959,1.639,5.000,3.150,0.875,2.275,0.722,3,"st_q_reg[2]/C","hdc_src0_q_reg[2][15]/CE","TOP control","FDCE=2;LUT5=1;LUT6=2"
960,1.639,5.000,3.150,0.875,2.275,0.722,3,"st_q_reg[2]/C","hdc_src0_q_reg[2][16]/CE","TOP control","FDCE=2;LUT5=1;LUT6=2"
961,1.639,5.000,3.150,0.875,2.275,0.722,3,"st_q_reg[2]/C","hdc_src0_q_reg[2][17]/CE","TOP control","FDCE=2;LUT5=1;LUT6=2"
962,1.639,5.000,3.150,0.875,2.275,0.722,3,"st_q_reg[2]/C","hdc_src0_q_reg[2][18]/CE","TOP control","FDCE=2;LUT5=1;LUT6=2"
963,1.639,5.000,3.150,0.875,2.275,0.722,3,"st_q_reg[2]/C","hdc_src0_q_reg[2][19]/CE","TOP control","FDCE=2;LUT5=1;LUT6=2"
964,1.639,5.000,3.150,0.875,2.275,0.722,3,"st_q_reg[2]/C","hdc_src0_q_reg[2][1]/CE","TOP control","FDCE=2;LUT5=1;LUT6=2"
965,1.639,5.000,3.150,0.875,2.275,0.722,3,"st_q_reg[2]/C","hdc_src0_q_reg[2][20]/CE","TOP control","FDCE=2;LUT5=1;LUT6=2"
966,1.639,5.000,3.150,0.875,2.275,0.722,3,"st_q_reg[2]/C","hdc_src0_q_reg[2][21]/CE","TOP control","FDCE=2;LUT5=1;LUT6=2"
967,1.639,5.000,3.150,0.875,2.275,0.722,3,"st_q_reg[2]/C","hdc_src0_q_reg[2][22]/CE","TOP control","FDCE=2;LUT5=1;LUT6=2"
968,1.639,5.000,3.150,0.875,2.275,0.722,3,"st_q_reg[2]/C","hdc_src0_q_reg[2][23]/CE","TOP control","FDCE=2;LUT5=1;LUT6=2"
969,1.639,5.000,3.150,0.875,2.275,0.722,3,"st_q_reg[2]/C","hdc_src0_q_reg[2][24]/CE","TOP control","FDCE=2;LUT5=1;LUT6=2"
970,1.639,5.000,3.150,0.875,2.275,0.722,3,"st_q_reg[2]/C","hdc_src0_q_reg[2][25]/CE","TOP control","FDCE=2;LUT5=1;LUT6=2"
971,1.639,5.000,3.150,0.875,2.275,0.722,3,"st_q_reg[2]/C","hdc_src0_q_reg[2][26]/CE","TOP control","FDCE=2;LUT5=1;LUT6=2"
972,1.639,5.000,3.150,0.875,2.275,0.722,3,"st_q_reg[2]/C","hdc_src0_q_reg[2][27]/CE","TOP control","FDCE=2;LUT5=1;LUT6=2"
973,1.639,5.000,3.150,0.875,2.275,0.722,3,"st_q_reg[2]/C","hdc_src0_q_reg[2][28]/CE","TOP control","FDCE=2;LUT5=1;LUT6=2"
974,1.639,5.000,3.150,0.875,2.275,0.722,3,"st_q_reg[2]/C","hdc_src0_q_reg[2][29]/CE","TOP control","FDCE=2;LUT5=1;LUT6=2"
975,1.639,5.000,3.150,0.875,2.275,0.722,3,"st_q_reg[2]/C","hdc_src0_q_reg[2][2]/CE","TOP control","FDCE=2;LUT5=1;LUT6=2"
976,1.639,5.000,3.150,0.875,2.275,0.722,3,"st_q_reg[2]/C","hdc_src0_q_reg[2][30]/CE","TOP control","FDCE=2;LUT5=1;LUT6=2"
977,1.639,5.000,3.150,0.875,2.275,0.722,3,"st_q_reg[2]/C","hdc_src0_q_reg[2][31]/CE","TOP control","FDCE=2;LUT5=1;LUT6=2"
978,1.639,5.000,3.150,0.875,2.275,0.722,3,"st_q_reg[2]/C","hdc_src0_q_reg[2][32]/CE","TOP control","FDCE=2;LUT5=1;LUT6=2"
979,1.639,5.000,3.150,0.875,2.275,0.722,3,"st_q_reg[2]/C","hdc_src0_q_reg[2][33]/CE","TOP control","FDCE=2;LUT5=1;LUT6=2"
980,1.639,5.000,3.150,0.875,2.275,0.722,3,"st_q_reg[2]/C","hdc_src0_q_reg[2][34]/CE","TOP control","FDCE=2;LUT5=1;LUT6=2"
981,1.639,5.000,3.150,0.875,2.275,0.722,3,"st_q_reg[2]/C","hdc_src0_q_reg[2][35]/CE","TOP control","FDCE=2;LUT5=1;LUT6=2"
982,1.639,5.000,3.150,0.875,2.275,0.722,3,"st_q_reg[2]/C","hdc_src0_q_reg[2][36]/CE","TOP control","FDCE=2;LUT5=1;LUT6=2"
983,1.639,5.000,3.150,0.875,2.275,0.722,3,"st_q_reg[2]/C","hdc_src0_q_reg[2][37]/CE","TOP control","FDCE=2;LUT5=1;LUT6=2"
984,1.639,5.000,3.150,0.875,2.275,0.722,3,"st_q_reg[2]/C","hdc_src0_q_reg[2][38]/CE","TOP control","FDCE=2;LUT5=1;LUT6=2"
985,1.639,5.000,3.150,0.875,2.275,0.722,3,"st_q_reg[2]/C","hdc_src0_q_reg[2][39]/CE","TOP control","FDCE=2;LUT5=1;LUT6=2"
986,1.639,5.000,3.150,0.875,2.275,0.722,3,"st_q_reg[2]/C","hdc_src0_q_reg[2][3]/CE","TOP control","FDCE=2;LUT5=1;LUT6=2"
987,1.639,5.000,3.150,0.875,2.275,0.722,3,"st_q_reg[2]/C","hdc_src0_q_reg[2][40]/CE","TOP control","FDCE=2;LUT5=1;LUT6=2"
988,1.639,5.000,3.150,0.875,2.275,0.722,3,"st_q_reg[2]/C","hdc_src0_q_reg[2][41]/CE","TOP control","FDCE=2;LUT5=1;LUT6=2"
989,1.639,5.000,3.150,0.875,2.275,0.722,3,"st_q_reg[2]/C","hdc_src0_q_reg[2][42]/CE","TOP control","FDCE=2;LUT5=1;LUT6=2"
990,1.639,5.000,3.150,0.875,2.275,0.722,3,"st_q_reg[2]/C","hdc_src0_q_reg[2][43]/CE","TOP control","FDCE=2;LUT5=1;LUT6=2"
991,1.639,5.000,3.150,0.875,2.275,0.722,3,"st_q_reg[2]/C","hdc_src0_q_reg[2][44]/CE","TOP control","FDCE=2;LUT5=1;LUT6=2"
992,1.639,5.000,3.150,0.875,2.275,0.722,3,"st_q_reg[2]/C","hdc_src0_q_reg[2][45]/CE","TOP control","FDCE=2;LUT5=1;LUT6=2"
993,1.639,5.000,3.150,0.875,2.275,0.722,3,"st_q_reg[2]/C","hdc_src0_q_reg[2][46]/CE","TOP control","FDCE=2;LUT5=1;LUT6=2"
994,1.639,5.000,3.150,0.875,2.275,0.722,3,"st_q_reg[2]/C","hdc_src0_q_reg[2][47]/CE","TOP control","FDCE=2;LUT5=1;LUT6=2"
995,1.639,5.000,3.150,0.875,2.275,0.722,3,"st_q_reg[2]/C","hdc_src0_q_reg[2][48]/CE","TOP control","FDCE=2;LUT5=2;LUT6=1"
996,1.639,5.000,3.150,0.875,2.275,0.722,3,"st_q_reg[2]/C","hdc_src0_q_reg[2][49]/CE","TOP control","FDCE=2;LUT5=2;LUT6=1"
997,1.639,5.000,3.150,0.875,2.275,0.722,3,"st_q_reg[2]/C","hdc_src0_q_reg[2][4]/CE","TOP control","FDCE=2;LUT5=1;LUT6=2"
998,1.639,5.000,3.150,0.875,2.275,0.722,3,"st_q_reg[2]/C","hdc_src0_q_reg[2][50]/CE","TOP control","FDCE=2;LUT5=2;LUT6=1"
999,1.639,5.000,3.150,0.875,2.275,0.722,3,"st_q_reg[2]/C","hdc_src0_q_reg[2][51]/CE","TOP control","FDCE=2;LUT5=2;LUT6=1"
1000,1.639,5.000,3.150,0.875,2.275,0.722,3,"st_q_reg[2]/C","hdc_src0_q_reg[2][52]/CE","TOP control","FDCE=2;LUT5=2;LUT6=1"
