rank,slack_ns,required_time_ns,data_path_delay_ns,logic_delay_ns,route_delay_ns,route_ratio,logic_levels,startpoint,endpoint,path_class,main_cells
1,0.322,5.000,4.704,2.324,2.380,0.506,8,"gen_lane[1].i_p2_pop_slice/popcount_part_q_o_reg[1][0]/C","group_dist_q_reg[8]/D","P2 popcount capture","CARRY4=4;FDCE=2;LUT3=2;LUT5=1;LUT6=1"
2,0.426,5.000,4.600,2.146,2.454,0.533,6,"gen_lane[1].i_p2_pop_slice/popcount_part_q_o_reg[1][0]/C","group_dist_q_reg[7]/D","P2 popcount capture","CARRY4=3;FDCE=2;LUT3=2;LUT5=1"
3,0.441,5.000,4.556,1.190,3.366,0.739,6,"FSM_onehot_st_q_reg[10]/C","lane_result_q_reg[0][55]/D","P2 lane result capture","FDCE=2;LUT4=2;LUT5=1;LUT6=3"
4,0.441,5.000,4.556,1.190,3.366,0.739,6,"FSM_onehot_st_q_reg[10]/C","lane_result_q_reg[1][55]/D","P2 lane result capture","FDCE=2;LUT4=2;LUT5=1;LUT6=3"
5,0.441,5.000,4.556,1.190,3.366,0.739,6,"FSM_onehot_st_q_reg[10]/C","lane_result_q_reg[2][55]/D","P2 lane result capture","FDCE=2;LUT4=2;LUT5=1;LUT6=3"
6,0.441,5.000,4.556,1.190,3.366,0.739,6,"FSM_onehot_st_q_reg[10]/C","lane_result_q_reg[3][55]/D","P2 lane result capture","FDCE=2;LUT4=2;LUT5=1;LUT6=3"
7,0.442,5.000,4.555,1.190,3.365,0.739,6,"FSM_onehot_st_q_reg[10]/C","lane_result_q_reg[0][59]/D","P2 lane result capture","FDCE=2;LUT4=2;LUT5=1;LUT6=3"
8,0.442,5.000,4.555,1.190,3.365,0.739,6,"FSM_onehot_st_q_reg[10]/C","lane_result_q_reg[1][59]/D","P2 lane result capture","FDCE=2;LUT4=2;LUT5=1;LUT6=3"
9,0.442,5.000,4.555,1.190,3.365,0.739,6,"FSM_onehot_st_q_reg[10]/C","lane_result_q_reg[2][59]/D","P2 lane result capture","FDCE=2;LUT4=2;LUT5=1;LUT6=3"
10,0.442,5.000,4.555,1.190,3.365,0.739,6,"FSM_onehot_st_q_reg[10]/C","lane_result_q_reg[3][59]/D","P2 lane result capture","FDCE=2;LUT4=2;LUT5=1;LUT6=3"
11,0.452,5.000,4.545,1.190,3.355,0.738,6,"FSM_onehot_st_q_reg[10]/C","lane_result_q_reg[0][63]/D","P2 lane result capture","FDCE=2;LUT4=2;LUT5=1;LUT6=3"
12,0.452,5.000,4.545,1.190,3.355,0.738,6,"FSM_onehot_st_q_reg[10]/C","lane_result_q_reg[1][63]/D","P2 lane result capture","FDCE=2;LUT4=2;LUT5=1;LUT6=3"
13,0.452,5.000,4.545,1.190,3.355,0.738,6,"FSM_onehot_st_q_reg[10]/C","lane_result_q_reg[2][63]/D","P2 lane result capture","FDCE=2;LUT4=2;LUT5=1;LUT6=3"
14,0.452,5.000,4.545,1.190,3.355,0.738,6,"FSM_onehot_st_q_reg[10]/C","lane_result_q_reg[3][63]/D","P2 lane result capture","FDCE=2;LUT4=2;LUT5=1;LUT6=3"
15,0.467,5.000,4.530,1.230,3.300,0.728,6,"FSM_onehot_st_q_reg[9]/C","lane_result_q_reg[0][32]/D","P2 lane result capture","FDCE=2;LUT3=1;LUT4=1;LUT6=4"
16,0.467,5.000,4.530,1.230,3.300,0.728,6,"FSM_onehot_st_q_reg[9]/C","lane_result_q_reg[0][33]/D","P2 lane result capture","FDCE=2;LUT3=1;LUT4=1;LUT6=4"
17,0.467,5.000,4.530,1.230,3.300,0.728,6,"FSM_onehot_st_q_reg[9]/C","lane_result_q_reg[0][34]/D","P2 lane result capture","FDCE=2;LUT3=1;LUT4=1;LUT6=4"
18,0.467,5.000,4.530,1.230,3.300,0.728,6,"FSM_onehot_st_q_reg[9]/C","lane_result_q_reg[0][48]/D","P2 lane result capture","FDCE=2;LUT3=1;LUT4=1;LUT6=4"
19,0.467,5.000,4.530,1.230,3.300,0.728,6,"FSM_onehot_st_q_reg[9]/C","lane_result_q_reg[0][49]/D","P2 lane result capture","FDCE=2;LUT3=1;LUT4=1;LUT6=4"
20,0.467,5.000,4.530,1.230,3.300,0.728,6,"FSM_onehot_st_q_reg[9]/C","lane_result_q_reg[0][50]/D","P2 lane result capture","FDCE=2;LUT3=1;LUT4=1;LUT6=4"
21,0.467,5.000,4.530,1.230,3.300,0.728,6,"FSM_onehot_st_q_reg[9]/C","lane_result_q_reg[1][32]/D","P2 lane result capture","FDCE=2;LUT3=1;LUT4=1;LUT6=4"
22,0.467,5.000,4.530,1.230,3.300,0.728,6,"FSM_onehot_st_q_reg[9]/C","lane_result_q_reg[1][33]/D","P2 lane result capture","FDCE=2;LUT3=1;LUT4=1;LUT6=4"
23,0.467,5.000,4.530,1.230,3.300,0.728,6,"FSM_onehot_st_q_reg[9]/C","lane_result_q_reg[1][34]/D","P2 lane result capture","FDCE=2;LUT3=1;LUT4=1;LUT6=4"
24,0.467,5.000,4.530,1.230,3.300,0.728,6,"FSM_onehot_st_q_reg[9]/C","lane_result_q_reg[1][48]/D","P2 lane result capture","FDCE=2;LUT3=1;LUT4=1;LUT6=4"
25,0.467,5.000,4.530,1.230,3.300,0.728,6,"FSM_onehot_st_q_reg[9]/C","lane_result_q_reg[1][49]/D","P2 lane result capture","FDCE=2;LUT3=1;LUT4=1;LUT6=4"
26,0.467,5.000,4.530,1.230,3.300,0.728,6,"FSM_onehot_st_q_reg[9]/C","lane_result_q_reg[1][50]/D","P2 lane result capture","FDCE=2;LUT3=1;LUT4=1;LUT6=4"
27,0.467,5.000,4.530,1.230,3.300,0.728,6,"FSM_onehot_st_q_reg[9]/C","lane_result_q_reg[2][32]/D","P2 lane result capture","FDCE=2;LUT3=1;LUT4=1;LUT6=4"
28,0.467,5.000,4.530,1.230,3.300,0.728,6,"FSM_onehot_st_q_reg[9]/C","lane_result_q_reg[2][33]/D","P2 lane result capture","FDCE=2;LUT3=1;LUT4=1;LUT6=4"
29,0.467,5.000,4.530,1.230,3.300,0.728,6,"FSM_onehot_st_q_reg[9]/C","lane_result_q_reg[2][34]/D","P2 lane result capture","FDCE=2;LUT3=1;LUT4=1;LUT6=4"
30,0.467,5.000,4.530,1.230,3.300,0.728,6,"FSM_onehot_st_q_reg[9]/C","lane_result_q_reg[2][48]/D","P2 lane result capture","FDCE=2;LUT3=1;LUT4=1;LUT6=4"
31,0.467,5.000,4.530,1.230,3.300,0.728,6,"FSM_onehot_st_q_reg[9]/C","lane_result_q_reg[2][49]/D","P2 lane result capture","FDCE=2;LUT3=1;LUT4=1;LUT6=4"
32,0.467,5.000,4.530,1.230,3.300,0.728,6,"FSM_onehot_st_q_reg[9]/C","lane_result_q_reg[2][50]/D","P2 lane result capture","FDCE=2;LUT3=1;LUT4=1;LUT6=4"
33,0.467,5.000,4.530,1.230,3.300,0.728,6,"FSM_onehot_st_q_reg[9]/C","lane_result_q_reg[3][32]/D","P2 lane result capture","FDCE=2;LUT3=1;LUT4=1;LUT6=4"
34,0.467,5.000,4.530,1.230,3.300,0.728,6,"FSM_onehot_st_q_reg[9]/C","lane_result_q_reg[3][33]/D","P2 lane result capture","FDCE=2;LUT3=1;LUT4=1;LUT6=4"
35,0.467,5.000,4.530,1.230,3.300,0.728,6,"FSM_onehot_st_q_reg[9]/C","lane_result_q_reg[3][34]/D","P2 lane result capture","FDCE=2;LUT3=1;LUT4=1;LUT6=4"
36,0.467,5.000,4.530,1.230,3.300,0.728,6,"FSM_onehot_st_q_reg[9]/C","lane_result_q_reg[3][43]/D","P2 lane result capture","FDCE=2;LUT3=1;LUT4=1;LUT6=4"
37,0.467,5.000,4.530,1.230,3.300,0.728,6,"FSM_onehot_st_q_reg[9]/C","lane_result_q_reg[3][47]/D","P2 lane result capture","FDCE=2;LUT3=1;LUT4=1;LUT6=4"
38,0.467,5.000,4.530,1.230,3.300,0.728,6,"FSM_onehot_st_q_reg[9]/C","lane_result_q_reg[3][48]/D","P2 lane result capture","FDCE=2;LUT3=1;LUT4=1;LUT6=4"
39,0.467,5.000,4.530,1.230,3.300,0.728,6,"FSM_onehot_st_q_reg[9]/C","lane_result_q_reg[3][49]/D","P2 lane result capture","FDCE=2;LUT3=1;LUT4=1;LUT6=4"
40,0.467,5.000,4.530,1.230,3.300,0.728,6,"FSM_onehot_st_q_reg[9]/C","lane_result_q_reg[3][50]/D","P2 lane result capture","FDCE=2;LUT3=1;LUT4=1;LUT6=4"
41,0.468,5.000,4.529,1.230,3.299,0.728,6,"FSM_onehot_st_q_reg[9]/C","lane_result_q_reg[0][35]/D","P2 lane result capture","FDCE=2;LUT3=1;LUT4=1;LUT6=4"
42,0.468,5.000,4.529,1.230,3.299,0.728,6,"FSM_onehot_st_q_reg[9]/C","lane_result_q_reg[0][36]/D","P2 lane result capture","FDCE=2;LUT3=1;LUT4=1;LUT6=4"
43,0.468,5.000,4.529,1.230,3.299,0.728,6,"FSM_onehot_st_q_reg[9]/C","lane_result_q_reg[0][37]/D","P2 lane result capture","FDCE=2;LUT3=1;LUT4=1;LUT6=4"
44,0.468,5.000,4.529,1.230,3.299,0.728,6,"FSM_onehot_st_q_reg[9]/C","lane_result_q_reg[0][38]/D","P2 lane result capture","FDCE=2;LUT3=1;LUT4=1;LUT6=4"
45,0.468,5.000,4.529,1.230,3.299,0.728,6,"FSM_onehot_st_q_reg[9]/C","lane_result_q_reg[0][40]/D","P2 lane result capture","FDCE=2;LUT3=1;LUT4=1;LUT6=4"
46,0.468,5.000,4.529,1.230,3.299,0.728,6,"FSM_onehot_st_q_reg[9]/C","lane_result_q_reg[0][41]/D","P2 lane result capture","FDCE=2;LUT3=1;LUT4=1;LUT6=4"
47,0.468,5.000,4.529,1.230,3.299,0.728,6,"FSM_onehot_st_q_reg[9]/C","lane_result_q_reg[0][42]/D","P2 lane result capture","FDCE=2;LUT3=1;LUT4=1;LUT6=4"
48,0.468,5.000,4.529,1.230,3.299,0.728,6,"FSM_onehot_st_q_reg[9]/C","lane_result_q_reg[0][45]/D","P2 lane result capture","FDCE=2;LUT3=1;LUT4=1;LUT6=4"
49,0.468,5.000,4.529,1.230,3.299,0.728,6,"FSM_onehot_st_q_reg[9]/C","lane_result_q_reg[0][46]/D","P2 lane result capture","FDCE=2;LUT3=1;LUT4=1;LUT6=4"
50,0.468,5.000,4.529,1.230,3.299,0.728,6,"FSM_onehot_st_q_reg[9]/C","lane_result_q_reg[0][51]/D","P2 lane result capture","FDCE=2;LUT3=1;LUT4=1;LUT6=4"
51,0.468,5.000,4.529,1.230,3.299,0.728,6,"FSM_onehot_st_q_reg[9]/C","lane_result_q_reg[0][52]/D","P2 lane result capture","FDCE=2;LUT3=1;LUT4=1;LUT6=4"
52,0.468,5.000,4.529,1.230,3.299,0.728,6,"FSM_onehot_st_q_reg[9]/C","lane_result_q_reg[0][53]/D","P2 lane result capture","FDCE=2;LUT3=1;LUT4=1;LUT6=4"
53,0.468,5.000,4.529,1.230,3.299,0.728,6,"FSM_onehot_st_q_reg[9]/C","lane_result_q_reg[0][54]/D","P2 lane result capture","FDCE=2;LUT3=1;LUT4=1;LUT6=4"
54,0.468,5.000,4.529,1.230,3.299,0.728,6,"FSM_onehot_st_q_reg[9]/C","lane_result_q_reg[0][56]/D","P2 lane result capture","FDCE=2;LUT3=1;LUT4=1;LUT6=4"
55,0.468,5.000,4.529,1.230,3.299,0.728,6,"FSM_onehot_st_q_reg[9]/C","lane_result_q_reg[0][57]/D","P2 lane result capture","FDCE=2;LUT3=1;LUT4=1;LUT6=4"
56,0.468,5.000,4.529,1.230,3.299,0.728,6,"FSM_onehot_st_q_reg[9]/C","lane_result_q_reg[0][58]/D","P2 lane result capture","FDCE=2;LUT3=1;LUT4=1;LUT6=4"
57,0.468,5.000,4.529,1.230,3.299,0.728,6,"FSM_onehot_st_q_reg[9]/C","lane_result_q_reg[0][60]/D","P2 lane result capture","FDCE=2;LUT3=1;LUT4=1;LUT6=4"
58,0.468,5.000,4.529,1.230,3.299,0.728,6,"FSM_onehot_st_q_reg[9]/C","lane_result_q_reg[0][61]/D","P2 lane result capture","FDCE=2;LUT3=1;LUT4=1;LUT6=4"
59,0.468,5.000,4.529,1.230,3.299,0.728,6,"FSM_onehot_st_q_reg[9]/C","lane_result_q_reg[0][62]/D","P2 lane result capture","FDCE=2;LUT3=1;LUT4=1;LUT6=4"
60,0.468,5.000,4.529,1.230,3.299,0.728,6,"FSM_onehot_st_q_reg[9]/C","lane_result_q_reg[1][35]/D","P2 lane result capture","FDCE=2;LUT3=1;LUT4=1;LUT6=4"
61,0.468,5.000,4.529,1.230,3.299,0.728,6,"FSM_onehot_st_q_reg[9]/C","lane_result_q_reg[1][36]/D","P2 lane result capture","FDCE=2;LUT3=1;LUT4=1;LUT6=4"
62,0.468,5.000,4.529,1.230,3.299,0.728,6,"FSM_onehot_st_q_reg[9]/C","lane_result_q_reg[1][37]/D","P2 lane result capture","FDCE=2;LUT3=1;LUT4=1;LUT6=4"
63,0.468,5.000,4.529,1.230,3.299,0.728,6,"FSM_onehot_st_q_reg[9]/C","lane_result_q_reg[1][38]/D","P2 lane result capture","FDCE=2;LUT3=1;LUT4=1;LUT6=4"
64,0.468,5.000,4.529,1.230,3.299,0.728,6,"FSM_onehot_st_q_reg[9]/C","lane_result_q_reg[1][41]/D","P2 lane result capture","FDCE=2;LUT3=1;LUT4=1;LUT6=4"
65,0.468,5.000,4.529,1.230,3.299,0.728,6,"FSM_onehot_st_q_reg[9]/C","lane_result_q_reg[1][42]/D","P2 lane result capture","FDCE=2;LUT3=1;LUT4=1;LUT6=4"
66,0.468,5.000,4.529,1.230,3.299,0.728,6,"FSM_onehot_st_q_reg[9]/C","lane_result_q_reg[1][44]/D","P2 lane result capture","FDCE=2;LUT3=1;LUT4=1;LUT6=4"
67,0.468,5.000,4.529,1.230,3.299,0.728,6,"FSM_onehot_st_q_reg[9]/C","lane_result_q_reg[1][45]/D","P2 lane result capture","FDCE=2;LUT3=1;LUT4=1;LUT6=4"
68,0.468,5.000,4.529,1.230,3.299,0.728,6,"FSM_onehot_st_q_reg[9]/C","lane_result_q_reg[1][46]/D","P2 lane result capture","FDCE=2;LUT3=1;LUT4=1;LUT6=4"
69,0.468,5.000,4.529,1.230,3.299,0.728,6,"FSM_onehot_st_q_reg[9]/C","lane_result_q_reg[1][51]/D","P2 lane result capture","FDCE=2;LUT3=1;LUT4=1;LUT6=4"
70,0.468,5.000,4.529,1.230,3.299,0.728,6,"FSM_onehot_st_q_reg[9]/C","lane_result_q_reg[1][52]/D","P2 lane result capture","FDCE=2;LUT3=1;LUT4=1;LUT6=4"
71,0.468,5.000,4.529,1.230,3.299,0.728,6,"FSM_onehot_st_q_reg[9]/C","lane_result_q_reg[1][53]/D","P2 lane result capture","FDCE=2;LUT3=1;LUT4=1;LUT6=4"
72,0.468,5.000,4.529,1.230,3.299,0.728,6,"FSM_onehot_st_q_reg[9]/C","lane_result_q_reg[1][54]/D","P2 lane result capture","FDCE=2;LUT3=1;LUT4=1;LUT6=4"
73,0.468,5.000,4.529,1.230,3.299,0.728,6,"FSM_onehot_st_q_reg[9]/C","lane_result_q_reg[1][56]/D","P2 lane result capture","FDCE=2;LUT3=1;LUT4=1;LUT6=4"
74,0.468,5.000,4.529,1.230,3.299,0.728,6,"FSM_onehot_st_q_reg[9]/C","lane_result_q_reg[1][57]/D","P2 lane result capture","FDCE=2;LUT3=1;LUT4=1;LUT6=4"
75,0.468,5.000,4.529,1.230,3.299,0.728,6,"FSM_onehot_st_q_reg[9]/C","lane_result_q_reg[1][58]/D","P2 lane result capture","FDCE=2;LUT3=1;LUT4=1;LUT6=4"
76,0.468,5.000,4.529,1.230,3.299,0.728,6,"FSM_onehot_st_q_reg[9]/C","lane_result_q_reg[1][60]/D","P2 lane result capture","FDCE=2;LUT3=1;LUT4=1;LUT6=4"
77,0.468,5.000,4.529,1.230,3.299,0.728,6,"FSM_onehot_st_q_reg[9]/C","lane_result_q_reg[1][61]/D","P2 lane result capture","FDCE=2;LUT3=1;LUT4=1;LUT6=4"
78,0.468,5.000,4.529,1.230,3.299,0.728,6,"FSM_onehot_st_q_reg[9]/C","lane_result_q_reg[1][62]/D","P2 lane result capture","FDCE=2;LUT3=1;LUT4=1;LUT6=4"
79,0.468,5.000,4.529,1.230,3.299,0.728,6,"FSM_onehot_st_q_reg[9]/C","lane_result_q_reg[2][35]/D","P2 lane result capture","FDCE=2;LUT3=1;LUT4=1;LUT6=4"
80,0.468,5.000,4.529,1.230,3.299,0.728,6,"FSM_onehot_st_q_reg[9]/C","lane_result_q_reg[2][36]/D","P2 lane result capture","FDCE=2;LUT3=1;LUT4=1;LUT6=4"
81,0.468,5.000,4.529,1.230,3.299,0.728,6,"FSM_onehot_st_q_reg[9]/C","lane_result_q_reg[2][37]/D","P2 lane result capture","FDCE=2;LUT3=1;LUT4=1;LUT6=4"
82,0.468,5.000,4.529,1.230,3.299,0.728,6,"FSM_onehot_st_q_reg[9]/C","lane_result_q_reg[2][38]/D","P2 lane result capture","FDCE=2;LUT3=1;LUT4=1;LUT6=4"
83,0.468,5.000,4.529,1.230,3.299,0.728,6,"FSM_onehot_st_q_reg[9]/C","lane_result_q_reg[2][40]/D","P2 lane result capture","FDCE=2;LUT3=1;LUT4=1;LUT6=4"
84,0.468,5.000,4.529,1.230,3.299,0.728,6,"FSM_onehot_st_q_reg[9]/C","lane_result_q_reg[2][41]/D","P2 lane result capture","FDCE=2;LUT3=1;LUT4=1;LUT6=4"
85,0.468,5.000,4.529,1.230,3.299,0.728,6,"FSM_onehot_st_q_reg[9]/C","lane_result_q_reg[2][42]/D","P2 lane result capture","FDCE=2;LUT3=1;LUT4=1;LUT6=4"
86,0.468,5.000,4.529,1.230,3.299,0.728,6,"FSM_onehot_st_q_reg[9]/C","lane_result_q_reg[2][45]/D","P2 lane result capture","FDCE=2;LUT3=1;LUT4=1;LUT6=4"
87,0.468,5.000,4.529,1.230,3.299,0.728,6,"FSM_onehot_st_q_reg[9]/C","lane_result_q_reg[2][46]/D","P2 lane result capture","FDCE=2;LUT3=1;LUT4=1;LUT6=4"
88,0.468,5.000,4.529,1.230,3.299,0.728,6,"FSM_onehot_st_q_reg[9]/C","lane_result_q_reg[2][51]/D","P2 lane result capture","FDCE=2;LUT3=1;LUT4=1;LUT6=4"
89,0.468,5.000,4.529,1.230,3.299,0.728,6,"FSM_onehot_st_q_reg[9]/C","lane_result_q_reg[2][52]/D","P2 lane result capture","FDCE=2;LUT3=1;LUT4=1;LUT6=4"
90,0.468,5.000,4.529,1.230,3.299,0.728,6,"FSM_onehot_st_q_reg[9]/C","lane_result_q_reg[2][53]/D","P2 lane result capture","FDCE=2;LUT3=1;LUT4=1;LUT6=4"
91,0.468,5.000,4.529,1.230,3.299,0.728,6,"FSM_onehot_st_q_reg[9]/C","lane_result_q_reg[2][54]/D","P2 lane result capture","FDCE=2;LUT3=1;LUT4=1;LUT6=4"
92,0.468,5.000,4.529,1.230,3.299,0.728,6,"FSM_onehot_st_q_reg[9]/C","lane_result_q_reg[2][56]/D","P2 lane result capture","FDCE=2;LUT3=1;LUT4=1;LUT6=4"
93,0.468,5.000,4.529,1.230,3.299,0.728,6,"FSM_onehot_st_q_reg[9]/C","lane_result_q_reg[2][57]/D","P2 lane result capture","FDCE=2;LUT3=1;LUT4=1;LUT6=4"
94,0.468,5.000,4.529,1.230,3.299,0.728,6,"FSM_onehot_st_q_reg[9]/C","lane_result_q_reg[2][58]/D","P2 lane result capture","FDCE=2;LUT3=1;LUT4=1;LUT6=4"
95,0.468,5.000,4.529,1.230,3.299,0.728,6,"FSM_onehot_st_q_reg[9]/C","lane_result_q_reg[2][60]/D","P2 lane result capture","FDCE=2;LUT3=1;LUT4=1;LUT6=4"
96,0.468,5.000,4.529,1.230,3.299,0.728,6,"FSM_onehot_st_q_reg[9]/C","lane_result_q_reg[2][61]/D","P2 lane result capture","FDCE=2;LUT3=1;LUT4=1;LUT6=4"
97,0.468,5.000,4.529,1.230,3.299,0.728,6,"FSM_onehot_st_q_reg[9]/C","lane_result_q_reg[2][62]/D","P2 lane result capture","FDCE=2;LUT3=1;LUT4=1;LUT6=4"
98,0.468,5.000,4.529,1.230,3.299,0.728,6,"FSM_onehot_st_q_reg[9]/C","lane_result_q_reg[3][35]/D","P2 lane result capture","FDCE=2;LUT3=1;LUT4=1;LUT6=4"
99,0.468,5.000,4.529,1.230,3.299,0.728,6,"FSM_onehot_st_q_reg[9]/C","lane_result_q_reg[3][36]/D","P2 lane result capture","FDCE=2;LUT3=1;LUT4=1;LUT6=4"
100,0.468,5.000,4.529,1.230,3.299,0.728,6,"FSM_onehot_st_q_reg[9]/C","lane_result_q_reg[3][37]/D","P2 lane result capture","FDCE=2;LUT3=1;LUT4=1;LUT6=4"
101,0.468,5.000,4.529,1.230,3.299,0.728,6,"FSM_onehot_st_q_reg[9]/C","lane_result_q_reg[3][38]/D","P2 lane result capture","FDCE=2;LUT3=1;LUT4=1;LUT6=4"
102,0.468,5.000,4.529,1.230,3.299,0.728,6,"FSM_onehot_st_q_reg[9]/C","lane_result_q_reg[3][41]/D","P2 lane result capture","FDCE=2;LUT3=1;LUT4=1;LUT6=4"
103,0.468,5.000,4.529,1.230,3.299,0.728,6,"FSM_onehot_st_q_reg[9]/C","lane_result_q_reg[3][42]/D","P2 lane result capture","FDCE=2;LUT3=1;LUT4=1;LUT6=4"
104,0.468,5.000,4.529,1.230,3.299,0.728,6,"FSM_onehot_st_q_reg[9]/C","lane_result_q_reg[3][44]/D","P2 lane result capture","FDCE=2;LUT3=1;LUT4=1;LUT6=4"
105,0.468,5.000,4.529,1.230,3.299,0.728,6,"FSM_onehot_st_q_reg[9]/C","lane_result_q_reg[3][45]/D","P2 lane result capture","FDCE=2;LUT3=1;LUT4=1;LUT6=4"
106,0.468,5.000,4.529,1.230,3.299,0.728,6,"FSM_onehot_st_q_reg[9]/C","lane_result_q_reg[3][46]/D","P2 lane result capture","FDCE=2;LUT3=1;LUT4=1;LUT6=4"
107,0.468,5.000,4.529,1.230,3.299,0.728,6,"FSM_onehot_st_q_reg[9]/C","lane_result_q_reg[3][51]/D","P2 lane result capture","FDCE=2;LUT3=1;LUT4=1;LUT6=4"
108,0.468,5.000,4.529,1.230,3.299,0.728,6,"FSM_onehot_st_q_reg[9]/C","lane_result_q_reg[3][52]/D","P2 lane result capture","FDCE=2;LUT3=1;LUT4=1;LUT6=4"
109,0.468,5.000,4.529,1.230,3.299,0.728,6,"FSM_onehot_st_q_reg[9]/C","lane_result_q_reg[3][53]/D","P2 lane result capture","FDCE=2;LUT3=1;LUT4=1;LUT6=4"
110,0.468,5.000,4.529,1.230,3.299,0.728,6,"FSM_onehot_st_q_reg[9]/C","lane_result_q_reg[3][54]/D","P2 lane result capture","FDCE=2;LUT3=1;LUT4=1;LUT6=4"
111,0.468,5.000,4.529,1.230,3.299,0.728,6,"FSM_onehot_st_q_reg[9]/C","lane_result_q_reg[3][56]/D","P2 lane result capture","FDCE=2;LUT3=1;LUT4=1;LUT6=4"
112,0.468,5.000,4.529,1.230,3.299,0.728,6,"FSM_onehot_st_q_reg[9]/C","lane_result_q_reg[3][57]/D","P2 lane result capture","FDCE=2;LUT3=1;LUT4=1;LUT6=4"
113,0.468,5.000,4.529,1.230,3.299,0.728,6,"FSM_onehot_st_q_reg[9]/C","lane_result_q_reg[3][58]/D","P2 lane result capture","FDCE=2;LUT3=1;LUT4=1;LUT6=4"
114,0.468,5.000,4.529,1.230,3.299,0.728,6,"FSM_onehot_st_q_reg[9]/C","lane_result_q_reg[3][60]/D","P2 lane result capture","FDCE=2;LUT3=1;LUT4=1;LUT6=4"
115,0.468,5.000,4.529,1.230,3.299,0.728,6,"FSM_onehot_st_q_reg[9]/C","lane_result_q_reg[3][61]/D","P2 lane result capture","FDCE=2;LUT3=1;LUT4=1;LUT6=4"
116,0.468,5.000,4.529,1.230,3.299,0.728,6,"FSM_onehot_st_q_reg[9]/C","lane_result_q_reg[3][62]/D","P2 lane result capture","FDCE=2;LUT3=1;LUT4=1;LUT6=4"
117,0.479,5.000,4.547,2.093,2.454,0.540,6,"gen_lane[1].i_p2_pop_slice/popcount_part_q_o_reg[1][0]/C","group_dist_q_reg[6]/D","P2 popcount capture","CARRY4=3;FDCE=2;LUT3=2;LUT5=1"
118,0.479,5.000,4.518,1.230,3.288,0.728,6,"FSM_onehot_st_q_reg[9]/C","lane_result_q_reg[0][24]/D","P2 lane result capture","FDCE=2;LUT3=1;LUT4=1;LUT6=4"
119,0.479,5.000,4.518,1.230,3.288,0.728,6,"FSM_onehot_st_q_reg[9]/C","lane_result_q_reg[0][28]/D","P2 lane result capture","FDCE=2;LUT3=1;LUT4=1;LUT6=4"
120,0.479,5.000,4.518,1.230,3.288,0.728,6,"FSM_onehot_st_q_reg[9]/C","lane_result_q_reg[1][24]/D","P2 lane result capture","FDCE=2;LUT3=1;LUT4=1;LUT6=4"
121,0.479,5.000,4.518,1.230,3.288,0.728,6,"FSM_onehot_st_q_reg[9]/C","lane_result_q_reg[1][28]/D","P2 lane result capture","FDCE=2;LUT3=1;LUT4=1;LUT6=4"
122,0.479,5.000,4.518,1.230,3.288,0.728,6,"FSM_onehot_st_q_reg[9]/C","lane_result_q_reg[2][24]/D","P2 lane result capture","FDCE=2;LUT3=1;LUT4=1;LUT6=4"
123,0.479,5.000,4.518,1.230,3.288,0.728,6,"FSM_onehot_st_q_reg[9]/C","lane_result_q_reg[2][28]/D","P2 lane result capture","FDCE=2;LUT3=1;LUT4=1;LUT6=4"
124,0.479,5.000,4.518,1.230,3.288,0.728,6,"FSM_onehot_st_q_reg[9]/C","lane_result_q_reg[3][24]/D","P2 lane result capture","FDCE=2;LUT3=1;LUT4=1;LUT6=4"
125,0.486,5.000,4.511,1.230,3.281,0.727,6,"FSM_onehot_st_q_reg[9]/C","lane_result_q_reg[0][0]/D","P2 lane result capture","FDCE=2;LUT3=1;LUT4=1;LUT6=4"
126,0.486,5.000,4.511,1.230,3.281,0.727,6,"FSM_onehot_st_q_reg[9]/C","lane_result_q_reg[0][16]/D","P2 lane result capture","FDCE=2;LUT3=1;LUT4=1;LUT6=4"
127,0.486,5.000,4.511,1.230,3.281,0.727,6,"FSM_onehot_st_q_reg[9]/C","lane_result_q_reg[0][17]/D","P2 lane result capture","FDCE=2;LUT3=1;LUT4=1;LUT6=4"
128,0.486,5.000,4.511,1.230,3.281,0.727,6,"FSM_onehot_st_q_reg[9]/C","lane_result_q_reg[0][18]/D","P2 lane result capture","FDCE=2;LUT3=1;LUT4=1;LUT6=4"
129,0.486,5.000,4.511,1.230,3.281,0.727,6,"FSM_onehot_st_q_reg[9]/C","lane_result_q_reg[0][1]/D","P2 lane result capture","FDCE=2;LUT3=1;LUT4=1;LUT6=4"
130,0.486,5.000,4.511,1.230,3.281,0.727,6,"FSM_onehot_st_q_reg[9]/C","lane_result_q_reg[0][23]/D","P2 lane result capture","FDCE=2;LUT3=1;LUT4=1;LUT6=4"
131,0.486,5.000,4.511,1.230,3.281,0.727,6,"FSM_onehot_st_q_reg[9]/C","lane_result_q_reg[0][27]/D","P2 lane result capture","FDCE=2;LUT3=1;LUT4=1;LUT6=4"
132,0.486,5.000,4.511,1.230,3.281,0.727,6,"FSM_onehot_st_q_reg[9]/C","lane_result_q_reg[0][2]/D","P2 lane result capture","FDCE=2;LUT3=1;LUT4=1;LUT6=4"
133,0.486,5.000,4.511,1.230,3.281,0.727,6,"FSM_onehot_st_q_reg[9]/C","lane_result_q_reg[0][31]/D","P2 lane result capture","FDCE=2;LUT3=1;LUT4=1;LUT6=4"
134,0.486,5.000,4.511,1.230,3.281,0.727,6,"FSM_onehot_st_q_reg[9]/C","lane_result_q_reg[1][0]/D","P2 lane result capture","FDCE=2;LUT3=1;LUT4=1;LUT6=4"
135,0.486,5.000,4.511,1.230,3.281,0.727,6,"FSM_onehot_st_q_reg[9]/C","lane_result_q_reg[1][16]/D","P2 lane result capture","FDCE=2;LUT3=1;LUT4=1;LUT6=4"
136,0.486,5.000,4.511,1.230,3.281,0.727,6,"FSM_onehot_st_q_reg[9]/C","lane_result_q_reg[1][17]/D","P2 lane result capture","FDCE=2;LUT3=1;LUT4=1;LUT6=4"
137,0.486,5.000,4.511,1.230,3.281,0.727,6,"FSM_onehot_st_q_reg[9]/C","lane_result_q_reg[1][18]/D","P2 lane result capture","FDCE=2;LUT3=1;LUT4=1;LUT6=4"
138,0.486,5.000,4.511,1.230,3.281,0.727,6,"FSM_onehot_st_q_reg[9]/C","lane_result_q_reg[1][1]/D","P2 lane result capture","FDCE=2;LUT3=1;LUT4=1;LUT6=4"
139,0.486,5.000,4.511,1.230,3.281,0.727,6,"FSM_onehot_st_q_reg[9]/C","lane_result_q_reg[1][2]/D","P2 lane result capture","FDCE=2;LUT3=1;LUT4=1;LUT6=4"
140,0.486,5.000,4.511,1.230,3.281,0.727,6,"FSM_onehot_st_q_reg[9]/C","lane_result_q_reg[2][0]/D","P2 lane result capture","FDCE=2;LUT3=1;LUT4=1;LUT6=4"
141,0.486,5.000,4.511,1.230,3.281,0.727,6,"FSM_onehot_st_q_reg[9]/C","lane_result_q_reg[2][16]/D","P2 lane result capture","FDCE=2;LUT3=1;LUT4=1;LUT6=4"
142,0.486,5.000,4.511,1.230,3.281,0.727,6,"FSM_onehot_st_q_reg[9]/C","lane_result_q_reg[2][17]/D","P2 lane result capture","FDCE=2;LUT3=1;LUT4=1;LUT6=4"
143,0.486,5.000,4.511,1.230,3.281,0.727,6,"FSM_onehot_st_q_reg[9]/C","lane_result_q_reg[2][18]/D","P2 lane result capture","FDCE=2;LUT3=1;LUT4=1;LUT6=4"
144,0.486,5.000,4.511,1.230,3.281,0.727,6,"FSM_onehot_st_q_reg[9]/C","lane_result_q_reg[2][1]/D","P2 lane result capture","FDCE=2;LUT3=1;LUT4=1;LUT6=4"
145,0.486,5.000,4.511,1.230,3.281,0.727,6,"FSM_onehot_st_q_reg[9]/C","lane_result_q_reg[2][23]/D","P2 lane result capture","FDCE=2;LUT3=1;LUT4=1;LUT6=4"
146,0.486,5.000,4.511,1.230,3.281,0.727,6,"FSM_onehot_st_q_reg[9]/C","lane_result_q_reg[2][27]/D","P2 lane result capture","FDCE=2;LUT3=1;LUT4=1;LUT6=4"
147,0.486,5.000,4.511,1.230,3.281,0.727,6,"FSM_onehot_st_q_reg[9]/C","lane_result_q_reg[2][2]/D","P2 lane result capture","FDCE=2;LUT3=1;LUT4=1;LUT6=4"
148,0.486,5.000,4.511,1.230,3.281,0.727,6,"FSM_onehot_st_q_reg[9]/C","lane_result_q_reg[2][31]/D","P2 lane result capture","FDCE=2;LUT3=1;LUT4=1;LUT6=4"
149,0.486,5.000,4.511,1.230,3.281,0.727,6,"FSM_onehot_st_q_reg[9]/C","lane_result_q_reg[3][0]/D","P2 lane result capture","FDCE=2;LUT3=1;LUT4=1;LUT6=4"
150,0.486,5.000,4.511,1.230,3.281,0.727,6,"FSM_onehot_st_q_reg[9]/C","lane_result_q_reg[3][11]/D","P2 lane result capture","FDCE=2;LUT3=1;LUT4=1;LUT6=4"
151,0.486,5.000,4.511,1.230,3.281,0.727,6,"FSM_onehot_st_q_reg[9]/C","lane_result_q_reg[3][15]/D","P2 lane result capture","FDCE=2;LUT3=1;LUT4=1;LUT6=4"
152,0.486,5.000,4.511,1.230,3.281,0.727,6,"FSM_onehot_st_q_reg[9]/C","lane_result_q_reg[3][16]/D","P2 lane result capture","FDCE=2;LUT3=1;LUT4=1;LUT6=4"
153,0.486,5.000,4.511,1.230,3.281,0.727,6,"FSM_onehot_st_q_reg[9]/C","lane_result_q_reg[3][17]/D","P2 lane result capture","FDCE=2;LUT3=1;LUT4=1;LUT6=4"
154,0.486,5.000,4.511,1.230,3.281,0.727,6,"FSM_onehot_st_q_reg[9]/C","lane_result_q_reg[3][18]/D","P2 lane result capture","FDCE=2;LUT3=1;LUT4=1;LUT6=4"
155,0.486,5.000,4.511,1.230,3.281,0.727,6,"FSM_onehot_st_q_reg[9]/C","lane_result_q_reg[3][1]/D","P2 lane result capture","FDCE=2;LUT3=1;LUT4=1;LUT6=4"
156,0.486,5.000,4.511,1.230,3.281,0.727,6,"FSM_onehot_st_q_reg[9]/C","lane_result_q_reg[3][23]/D","P2 lane result capture","FDCE=2;LUT3=1;LUT4=1;LUT6=4"
157,0.486,5.000,4.511,1.230,3.281,0.727,6,"FSM_onehot_st_q_reg[9]/C","lane_result_q_reg[3][27]/D","P2 lane result capture","FDCE=2;LUT3=1;LUT4=1;LUT6=4"
158,0.486,5.000,4.511,1.230,3.281,0.727,6,"FSM_onehot_st_q_reg[9]/C","lane_result_q_reg[3][2]/D","P2 lane result capture","FDCE=2;LUT3=1;LUT4=1;LUT6=4"
159,0.486,5.000,4.511,1.230,3.281,0.727,6,"FSM_onehot_st_q_reg[9]/C","lane_result_q_reg[3][31]/D","P2 lane result capture","FDCE=2;LUT3=1;LUT4=1;LUT6=4"
160,0.487,5.000,4.510,1.230,3.280,0.727,6,"FSM_onehot_st_q_reg[9]/C","lane_result_q_reg[0][10]/D","P2 lane result capture","FDCE=2;LUT3=1;LUT4=1;LUT6=4"
161,0.487,5.000,4.510,1.230,3.280,0.727,6,"FSM_onehot_st_q_reg[9]/C","lane_result_q_reg[0][13]/D","P2 lane result capture","FDCE=2;LUT3=1;LUT4=1;LUT6=4"
162,0.487,5.000,4.510,1.230,3.280,0.727,6,"FSM_onehot_st_q_reg[9]/C","lane_result_q_reg[0][14]/D","P2 lane result capture","FDCE=2;LUT3=1;LUT4=1;LUT6=4"
163,0.487,5.000,4.510,1.230,3.280,0.727,6,"FSM_onehot_st_q_reg[9]/C","lane_result_q_reg[0][19]/D","P2 lane result capture","FDCE=2;LUT3=1;LUT4=1;LUT6=4"
164,0.487,5.000,4.510,1.230,3.280,0.727,6,"FSM_onehot_st_q_reg[9]/C","lane_result_q_reg[0][20]/D","P2 lane result capture","FDCE=2;LUT3=1;LUT4=1;LUT6=4"
165,0.487,5.000,4.510,1.230,3.280,0.727,6,"FSM_onehot_st_q_reg[9]/C","lane_result_q_reg[0][21]/D","P2 lane result capture","FDCE=2;LUT3=1;LUT4=1;LUT6=4"
166,0.487,5.000,4.510,1.230,3.280,0.727,6,"FSM_onehot_st_q_reg[9]/C","lane_result_q_reg[0][22]/D","P2 lane result capture","FDCE=2;LUT3=1;LUT4=1;LUT6=4"
167,0.487,5.000,4.510,1.230,3.280,0.727,6,"FSM_onehot_st_q_reg[9]/C","lane_result_q_reg[0][25]/D","P2 lane result capture","FDCE=2;LUT3=1;LUT4=1;LUT6=4"
168,0.487,5.000,4.510,1.230,3.280,0.727,6,"FSM_onehot_st_q_reg[9]/C","lane_result_q_reg[0][26]/D","P2 lane result capture","FDCE=2;LUT3=1;LUT4=1;LUT6=4"
169,0.487,5.000,4.510,1.230,3.280,0.727,6,"FSM_onehot_st_q_reg[9]/C","lane_result_q_reg[0][29]/D","P2 lane result capture","FDCE=2;LUT3=1;LUT4=1;LUT6=4"
170,0.487,5.000,4.510,1.230,3.280,0.727,6,"FSM_onehot_st_q_reg[9]/C","lane_result_q_reg[0][30]/D","P2 lane result capture","FDCE=2;LUT3=1;LUT4=1;LUT6=4"
171,0.487,5.000,4.510,1.210,3.300,0.732,6,"FSM_onehot_st_q_reg[9]/C","lane_result_q_reg[0][39]/D","P2 lane result capture","FDCE=2;LUT3=1;LUT4=1;LUT6=4"
172,0.487,5.000,4.510,1.230,3.280,0.727,6,"FSM_onehot_st_q_reg[9]/C","lane_result_q_reg[0][3]/D","P2 lane result capture","FDCE=2;LUT3=1;LUT4=1;LUT6=4"
173,0.487,5.000,4.510,1.210,3.300,0.732,6,"FSM_onehot_st_q_reg[9]/C","lane_result_q_reg[0][43]/D","P2 lane result capture","FDCE=2;LUT3=1;LUT4=1;LUT6=4"
174,0.487,5.000,4.510,1.210,3.300,0.732,6,"FSM_onehot_st_q_reg[9]/C","lane_result_q_reg[0][47]/D","P2 lane result capture","FDCE=2;LUT3=1;LUT4=1;LUT6=4"
175,0.487,5.000,4.510,1.230,3.280,0.727,6,"FSM_onehot_st_q_reg[9]/C","lane_result_q_reg[0][4]/D","P2 lane result capture","FDCE=2;LUT3=1;LUT4=1;LUT6=4"
176,0.487,5.000,4.510,1.230,3.280,0.727,6,"FSM_onehot_st_q_reg[9]/C","lane_result_q_reg[0][5]/D","P2 lane result capture","FDCE=2;LUT3=1;LUT4=1;LUT6=4"
177,0.487,5.000,4.510,1.230,3.280,0.727,6,"FSM_onehot_st_q_reg[9]/C","lane_result_q_reg[0][6]/D","P2 lane result capture","FDCE=2;LUT3=1;LUT4=1;LUT6=4"
178,0.487,5.000,4.510,1.230,3.280,0.727,6,"FSM_onehot_st_q_reg[9]/C","lane_result_q_reg[0][8]/D","P2 lane result capture","FDCE=2;LUT3=1;LUT4=1;LUT6=4"
179,0.487,5.000,4.510,1.230,3.280,0.727,6,"FSM_onehot_st_q_reg[9]/C","lane_result_q_reg[0][9]/D","P2 lane result capture","FDCE=2;LUT3=1;LUT4=1;LUT6=4"
180,0.487,5.000,4.510,1.230,3.280,0.727,6,"FSM_onehot_st_q_reg[9]/C","lane_result_q_reg[1][10]/D","P2 lane result capture","FDCE=2;LUT3=1;LUT4=1;LUT6=4"
181,0.487,5.000,4.510,1.230,3.280,0.727,6,"FSM_onehot_st_q_reg[9]/C","lane_result_q_reg[1][12]/D","P2 lane result capture","FDCE=2;LUT3=1;LUT4=1;LUT6=4"
182,0.487,5.000,4.510,1.230,3.280,0.727,6,"FSM_onehot_st_q_reg[9]/C","lane_result_q_reg[1][13]/D","P2 lane result capture","FDCE=2;LUT3=1;LUT4=1;LUT6=4"
183,0.487,5.000,4.510,1.230,3.280,0.727,6,"FSM_onehot_st_q_reg[9]/C","lane_result_q_reg[1][14]/D","P2 lane result capture","FDCE=2;LUT3=1;LUT4=1;LUT6=4"
184,0.487,5.000,4.510,1.230,3.280,0.727,6,"FSM_onehot_st_q_reg[9]/C","lane_result_q_reg[1][19]/D","P2 lane result capture","FDCE=2;LUT3=1;LUT4=1;LUT6=4"
185,0.487,5.000,4.510,1.230,3.280,0.727,6,"FSM_onehot_st_q_reg[9]/C","lane_result_q_reg[1][20]/D","P2 lane result capture","FDCE=2;LUT3=1;LUT4=1;LUT6=4"
186,0.487,5.000,4.510,1.230,3.280,0.727,6,"FSM_onehot_st_q_reg[9]/C","lane_result_q_reg[1][21]/D","P2 lane result capture","FDCE=2;LUT3=1;LUT4=1;LUT6=4"
187,0.487,5.000,4.510,1.230,3.280,0.727,6,"FSM_onehot_st_q_reg[9]/C","lane_result_q_reg[1][22]/D","P2 lane result capture","FDCE=2;LUT3=1;LUT4=1;LUT6=4"
188,0.487,5.000,4.510,1.230,3.280,0.727,6,"FSM_onehot_st_q_reg[9]/C","lane_result_q_reg[1][23]/D","P2 lane result capture","FDCE=2;LUT3=1;LUT4=1;LUT6=4"
189,0.487,5.000,4.510,1.230,3.280,0.727,6,"FSM_onehot_st_q_reg[9]/C","lane_result_q_reg[1][25]/D","P2 lane result capture","FDCE=2;LUT3=1;LUT4=1;LUT6=4"
190,0.487,5.000,4.510,1.230,3.280,0.727,6,"FSM_onehot_st_q_reg[9]/C","lane_result_q_reg[1][26]/D","P2 lane result capture","FDCE=2;LUT3=1;LUT4=1;LUT6=4"
191,0.487,5.000,4.510,1.230,3.280,0.727,6,"FSM_onehot_st_q_reg[9]/C","lane_result_q_reg[1][27]/D","P2 lane result capture","FDCE=2;LUT3=1;LUT4=1;LUT6=4"
192,0.487,5.000,4.510,1.230,3.280,0.727,6,"FSM_onehot_st_q_reg[9]/C","lane_result_q_reg[1][29]/D","P2 lane result capture","FDCE=2;LUT3=1;LUT4=1;LUT6=4"
193,0.487,5.000,4.510,1.230,3.280,0.727,6,"FSM_onehot_st_q_reg[9]/C","lane_result_q_reg[1][30]/D","P2 lane result capture","FDCE=2;LUT3=1;LUT4=1;LUT6=4"
194,0.487,5.000,4.510,1.230,3.280,0.727,6,"FSM_onehot_st_q_reg[9]/C","lane_result_q_reg[1][3]/D","P2 lane result capture","FDCE=2;LUT3=1;LUT4=1;LUT6=4"
195,0.487,5.000,4.510,1.230,3.280,0.727,6,"FSM_onehot_st_q_reg[9]/C","lane_result_q_reg[1][4]/D","P2 lane result capture","FDCE=2;LUT3=1;LUT4=1;LUT6=4"
196,0.487,5.000,4.510,1.230,3.280,0.727,6,"FSM_onehot_st_q_reg[9]/C","lane_result_q_reg[1][5]/D","P2 lane result capture","FDCE=2;LUT3=1;LUT4=1;LUT6=4"
197,0.487,5.000,4.510,1.230,3.280,0.727,6,"FSM_onehot_st_q_reg[9]/C","lane_result_q_reg[1][6]/D","P2 lane result capture","FDCE=2;LUT3=1;LUT4=1;LUT6=4"
198,0.487,5.000,4.510,1.230,3.280,0.727,6,"FSM_onehot_st_q_reg[9]/C","lane_result_q_reg[1][9]/D","P2 lane result capture","FDCE=2;LUT3=1;LUT4=1;LUT6=4"
199,0.487,5.000,4.510,1.230,3.280,0.727,6,"FSM_onehot_st_q_reg[9]/C","lane_result_q_reg[2][10]/D","P2 lane result capture","FDCE=2;LUT3=1;LUT4=1;LUT6=4"
200,0.487,5.000,4.510,1.230,3.280,0.727,6,"FSM_onehot_st_q_reg[9]/C","lane_result_q_reg[2][13]/D","P2 lane result capture","FDCE=2;LUT3=1;LUT4=1;LUT6=4"
201,0.487,5.000,4.510,1.230,3.280,0.727,6,"FSM_onehot_st_q_reg[9]/C","lane_result_q_reg[2][14]/D","P2 lane result capture","FDCE=2;LUT3=1;LUT4=1;LUT6=4"
202,0.487,5.000,4.510,1.230,3.280,0.727,6,"FSM_onehot_st_q_reg[9]/C","lane_result_q_reg[2][19]/D","P2 lane result capture","FDCE=2;LUT3=1;LUT4=1;LUT6=4"
203,0.487,5.000,4.510,1.230,3.280,0.727,6,"FSM_onehot_st_q_reg[9]/C","lane_result_q_reg[2][20]/D","P2 lane result capture","FDCE=2;LUT3=1;LUT4=1;LUT6=4"
204,0.487,5.000,4.510,1.230,3.280,0.727,6,"FSM_onehot_st_q_reg[9]/C","lane_result_q_reg[2][21]/D","P2 lane result capture","FDCE=2;LUT3=1;LUT4=1;LUT6=4"
205,0.487,5.000,4.510,1.230,3.280,0.727,6,"FSM_onehot_st_q_reg[9]/C","lane_result_q_reg[2][22]/D","P2 lane result capture","FDCE=2;LUT3=1;LUT4=1;LUT6=4"
206,0.487,5.000,4.510,1.230,3.280,0.727,6,"FSM_onehot_st_q_reg[9]/C","lane_result_q_reg[2][25]/D","P2 lane result capture","FDCE=2;LUT3=1;LUT4=1;LUT6=4"
207,0.487,5.000,4.510,1.230,3.280,0.727,6,"FSM_onehot_st_q_reg[9]/C","lane_result_q_reg[2][26]/D","P2 lane result capture","FDCE=2;LUT3=1;LUT4=1;LUT6=4"
208,0.487,5.000,4.510,1.230,3.280,0.727,6,"FSM_onehot_st_q_reg[9]/C","lane_result_q_reg[2][29]/D","P2 lane result capture","FDCE=2;LUT3=1;LUT4=1;LUT6=4"
209,0.487,5.000,4.510,1.230,3.280,0.727,6,"FSM_onehot_st_q_reg[9]/C","lane_result_q_reg[2][30]/D","P2 lane result capture","FDCE=2;LUT3=1;LUT4=1;LUT6=4"
210,0.487,5.000,4.510,1.210,3.300,0.732,6,"FSM_onehot_st_q_reg[9]/C","lane_result_q_reg[2][39]/D","P2 lane result capture","FDCE=2;LUT3=1;LUT4=1;LUT6=4"
211,0.487,5.000,4.510,1.230,3.280,0.727,6,"FSM_onehot_st_q_reg[9]/C","lane_result_q_reg[2][3]/D","P2 lane result capture","FDCE=2;LUT3=1;LUT4=1;LUT6=4"
212,0.487,5.000,4.510,1.210,3.300,0.732,6,"FSM_onehot_st_q_reg[9]/C","lane_result_q_reg[2][43]/D","P2 lane result capture","FDCE=2;LUT3=1;LUT4=1;LUT6=4"
213,0.487,5.000,4.510,1.210,3.300,0.732,6,"FSM_onehot_st_q_reg[9]/C","lane_result_q_reg[2][47]/D","P2 lane result capture","FDCE=2;LUT3=1;LUT4=1;LUT6=4"
214,0.487,5.000,4.510,1.230,3.280,0.727,6,"FSM_onehot_st_q_reg[9]/C","lane_result_q_reg[2][4]/D","P2 lane result capture","FDCE=2;LUT3=1;LUT4=1;LUT6=4"
215,0.487,5.000,4.510,1.230,3.280,0.727,6,"FSM_onehot_st_q_reg[9]/C","lane_result_q_reg[2][5]/D","P2 lane result capture","FDCE=2;LUT3=1;LUT4=1;LUT6=4"
216,0.487,5.000,4.510,1.230,3.280,0.727,6,"FSM_onehot_st_q_reg[9]/C","lane_result_q_reg[2][6]/D","P2 lane result capture","FDCE=2;LUT3=1;LUT4=1;LUT6=4"
217,0.487,5.000,4.510,1.230,3.280,0.727,6,"FSM_onehot_st_q_reg[9]/C","lane_result_q_reg[2][8]/D","P2 lane result capture","FDCE=2;LUT3=1;LUT4=1;LUT6=4"
218,0.487,5.000,4.510,1.230,3.280,0.727,6,"FSM_onehot_st_q_reg[9]/C","lane_result_q_reg[2][9]/D","P2 lane result capture","FDCE=2;LUT3=1;LUT4=1;LUT6=4"
219,0.487,5.000,4.510,1.230,3.280,0.727,6,"FSM_onehot_st_q_reg[9]/C","lane_result_q_reg[3][10]/D","P2 lane result capture","FDCE=2;LUT3=1;LUT4=1;LUT6=4"
220,0.487,5.000,4.510,1.230,3.280,0.727,6,"FSM_onehot_st_q_reg[9]/C","lane_result_q_reg[3][12]/D","P2 lane result capture","FDCE=2;LUT3=1;LUT4=1;LUT6=4"
221,0.487,5.000,4.510,1.230,3.280,0.727,6,"FSM_onehot_st_q_reg[9]/C","lane_result_q_reg[3][13]/D","P2 lane result capture","FDCE=2;LUT3=1;LUT4=1;LUT6=4"
222,0.487,5.000,4.510,1.230,3.280,0.727,6,"FSM_onehot_st_q_reg[9]/C","lane_result_q_reg[3][14]/D","P2 lane result capture","FDCE=2;LUT3=1;LUT4=1;LUT6=4"
223,0.487,5.000,4.510,1.230,3.280,0.727,6,"FSM_onehot_st_q_reg[9]/C","lane_result_q_reg[3][19]/D","P2 lane result capture","FDCE=2;LUT3=1;LUT4=1;LUT6=4"
224,0.487,5.000,4.510,1.230,3.280,0.727,6,"FSM_onehot_st_q_reg[9]/C","lane_result_q_reg[3][20]/D","P2 lane result capture","FDCE=2;LUT3=1;LUT4=1;LUT6=4"
225,0.487,5.000,4.510,1.230,3.280,0.727,6,"FSM_onehot_st_q_reg[9]/C","lane_result_q_reg[3][21]/D","P2 lane result capture","FDCE=2;LUT3=1;LUT4=1;LUT6=4"
226,0.487,5.000,4.510,1.230,3.280,0.727,6,"FSM_onehot_st_q_reg[9]/C","lane_result_q_reg[3][22]/D","P2 lane result capture","FDCE=2;LUT3=1;LUT4=1;LUT6=4"
227,0.487,5.000,4.510,1.230,3.280,0.727,6,"FSM_onehot_st_q_reg[9]/C","lane_result_q_reg[3][25]/D","P2 lane result capture","FDCE=2;LUT3=1;LUT4=1;LUT6=4"
228,0.487,5.000,4.510,1.230,3.280,0.727,6,"FSM_onehot_st_q_reg[9]/C","lane_result_q_reg[3][26]/D","P2 lane result capture","FDCE=2;LUT3=1;LUT4=1;LUT6=4"
229,0.487,5.000,4.510,1.230,3.280,0.727,6,"FSM_onehot_st_q_reg[9]/C","lane_result_q_reg[3][28]/D","P2 lane result capture","FDCE=2;LUT3=1;LUT4=1;LUT6=4"
230,0.487,5.000,4.510,1.230,3.280,0.727,6,"FSM_onehot_st_q_reg[9]/C","lane_result_q_reg[3][29]/D","P2 lane result capture","FDCE=2;LUT3=1;LUT4=1;LUT6=4"
231,0.487,5.000,4.510,1.230,3.280,0.727,6,"FSM_onehot_st_q_reg[9]/C","lane_result_q_reg[3][30]/D","P2 lane result capture","FDCE=2;LUT3=1;LUT4=1;LUT6=4"
232,0.487,5.000,4.510,1.210,3.300,0.732,6,"FSM_onehot_st_q_reg[9]/C","lane_result_q_reg[3][39]/D","P2 lane result capture","FDCE=2;LUT3=1;LUT4=1;LUT6=4"
233,0.487,5.000,4.510,1.230,3.280,0.727,6,"FSM_onehot_st_q_reg[9]/C","lane_result_q_reg[3][3]/D","P2 lane result capture","FDCE=2;LUT3=1;LUT4=1;LUT6=4"
234,0.487,5.000,4.510,1.230,3.280,0.727,6,"FSM_onehot_st_q_reg[9]/C","lane_result_q_reg[3][4]/D","P2 lane result capture","FDCE=2;LUT3=1;LUT4=1;LUT6=4"
235,0.487,5.000,4.510,1.230,3.280,0.727,6,"FSM_onehot_st_q_reg[9]/C","lane_result_q_reg[3][5]/D","P2 lane result capture","FDCE=2;LUT3=1;LUT4=1;LUT6=4"
236,0.487,5.000,4.510,1.230,3.280,0.727,6,"FSM_onehot_st_q_reg[9]/C","lane_result_q_reg[3][6]/D","P2 lane result capture","FDCE=2;LUT3=1;LUT4=1;LUT6=4"
237,0.487,5.000,4.510,1.230,3.280,0.727,6,"FSM_onehot_st_q_reg[9]/C","lane_result_q_reg[3][9]/D","P2 lane result capture","FDCE=2;LUT3=1;LUT4=1;LUT6=4"
238,0.488,5.000,4.509,1.210,3.299,0.732,6,"FSM_onehot_st_q_reg[9]/C","lane_result_q_reg[0][44]/D","P2 lane result capture","FDCE=2;LUT3=1;LUT4=1;LUT6=4"
239,0.488,5.000,4.509,1.210,3.299,0.732,6,"FSM_onehot_st_q_reg[9]/C","lane_result_q_reg[1][39]/D","P2 lane result capture","FDCE=2;LUT3=1;LUT4=1;LUT6=4"
240,0.488,5.000,4.509,1.210,3.299,0.732,6,"FSM_onehot_st_q_reg[9]/C","lane_result_q_reg[1][40]/D","P2 lane result capture","FDCE=2;LUT3=1;LUT4=1;LUT6=4"
241,0.488,5.000,4.509,1.210,3.299,0.732,6,"FSM_onehot_st_q_reg[9]/C","lane_result_q_reg[1][43]/D","P2 lane result capture","FDCE=2;LUT3=1;LUT4=1;LUT6=4"
242,0.488,5.000,4.509,1.210,3.299,0.732,6,"FSM_onehot_st_q_reg[9]/C","lane_result_q_reg[2][44]/D","P2 lane result capture","FDCE=2;LUT3=1;LUT4=1;LUT6=4"
243,0.488,5.000,4.509,1.210,3.299,0.732,6,"FSM_onehot_st_q_reg[9]/C","lane_result_q_reg[3][40]/D","P2 lane result capture","FDCE=2;LUT3=1;LUT4=1;LUT6=4"
244,0.506,5.000,4.491,1.210,3.281,0.731,6,"FSM_onehot_st_q_reg[9]/C","lane_result_q_reg[0][11]/D","P2 lane result capture","FDCE=2;LUT3=1;LUT4=1;LUT6=4"
245,0.506,5.000,4.491,1.210,3.281,0.731,6,"FSM_onehot_st_q_reg[9]/C","lane_result_q_reg[0][15]/D","P2 lane result capture","FDCE=2;LUT3=1;LUT4=1;LUT6=4"
246,0.506,5.000,4.491,1.210,3.281,0.731,6,"FSM_onehot_st_q_reg[9]/C","lane_result_q_reg[0][7]/D","P2 lane result capture","FDCE=2;LUT3=1;LUT4=1;LUT6=4"
247,0.506,5.000,4.491,1.210,3.281,0.731,6,"FSM_onehot_st_q_reg[9]/C","lane_result_q_reg[2][11]/D","P2 lane result capture","FDCE=2;LUT3=1;LUT4=1;LUT6=4"
248,0.506,5.000,4.491,1.210,3.281,0.731,6,"FSM_onehot_st_q_reg[9]/C","lane_result_q_reg[2][15]/D","P2 lane result capture","FDCE=2;LUT3=1;LUT4=1;LUT6=4"
249,0.506,5.000,4.491,1.210,3.281,0.731,6,"FSM_onehot_st_q_reg[9]/C","lane_result_q_reg[2][7]/D","P2 lane result capture","FDCE=2;LUT3=1;LUT4=1;LUT6=4"
250,0.506,5.000,4.491,1.210,3.281,0.731,6,"FSM_onehot_st_q_reg[9]/C","lane_result_q_reg[3][7]/D","P2 lane result capture","FDCE=2;LUT3=1;LUT4=1;LUT6=4"
251,0.507,5.000,4.490,1.210,3.280,0.731,6,"FSM_onehot_st_q_reg[9]/C","lane_result_q_reg[0][12]/D","P2 lane result capture","FDCE=2;LUT3=1;LUT4=1;LUT6=4"
252,0.507,5.000,4.490,1.210,3.280,0.731,6,"FSM_onehot_st_q_reg[9]/C","lane_result_q_reg[1][11]/D","P2 lane result capture","FDCE=2;LUT3=1;LUT4=1;LUT6=4"
253,0.507,5.000,4.490,1.210,3.280,0.731,6,"FSM_onehot_st_q_reg[9]/C","lane_result_q_reg[1][7]/D","P2 lane result capture","FDCE=2;LUT3=1;LUT4=1;LUT6=4"
254,0.507,5.000,4.490,1.210,3.280,0.731,6,"FSM_onehot_st_q_reg[9]/C","lane_result_q_reg[1][8]/D","P2 lane result capture","FDCE=2;LUT3=1;LUT4=1;LUT6=4"
255,0.507,5.000,4.490,1.210,3.280,0.731,6,"FSM_onehot_st_q_reg[9]/C","lane_result_q_reg[2][12]/D","P2 lane result capture","FDCE=2;LUT3=1;LUT4=1;LUT6=4"
256,0.507,5.000,4.490,1.210,3.280,0.731,6,"FSM_onehot_st_q_reg[9]/C","lane_result_q_reg[3][8]/D","P2 lane result capture","FDCE=2;LUT3=1;LUT4=1;LUT6=4"
257,0.540,5.000,4.457,1.230,3.227,0.724,6,"FSM_onehot_st_q_reg[9]/C","lane_result_q_reg[1][47]/D","P2 lane result capture","FDCE=2;LUT3=1;LUT4=1;LUT6=4"
258,0.559,5.000,4.438,1.230,3.208,0.723,6,"FSM_onehot_st_q_reg[9]/C","lane_result_q_reg[1][15]/D","P2 lane result capture","FDCE=2;LUT3=1;LUT4=1;LUT6=4"
259,0.559,5.000,4.438,1.230,3.208,0.723,6,"FSM_onehot_st_q_reg[9]/C","lane_result_q_reg[1][31]/D","P2 lane result capture","FDCE=2;LUT3=1;LUT4=1;LUT6=4"
260,0.583,5.000,4.414,1.118,3.296,0.747,5,"gen_lane[0].i_p2_pop_slice/bool_result_q_reg[7]/C","gen_lane[0].i_p2_pop_slice/popcount_part_q_o_reg[0][3]/D","P2 popcount capture","FDCE=2;LUT3=1;LUT5=2;LUT6=2"
261,0.583,5.000,4.414,1.118,3.296,0.747,5,"gen_lane[0].i_p2_pop_slice/bool_result_q_reg[39]/C","gen_lane[0].i_p2_pop_slice/popcount_part_q_o_reg[1][3]/D","P2 popcount capture","FDCE=2;LUT3=1;LUT5=2;LUT6=2"
262,0.583,5.000,4.414,1.118,3.296,0.747,5,"gen_lane[1].i_p2_pop_slice/bool_result_q_reg[7]/C","gen_lane[1].i_p2_pop_slice/popcount_part_q_o_reg[0][3]/D","P2 popcount capture","FDCE=2;LUT3=1;LUT5=2;LUT6=2"
263,0.583,5.000,4.414,1.118,3.296,0.747,5,"gen_lane[1].i_p2_pop_slice/bool_result_q_reg[39]/C","gen_lane[1].i_p2_pop_slice/popcount_part_q_o_reg[1][3]/D","P2 popcount capture","FDCE=2;LUT3=1;LUT5=2;LUT6=2"
264,0.583,5.000,4.414,1.118,3.296,0.747,5,"gen_lane[2].i_p2_pop_slice/bool_result_q_reg[7]/C","gen_lane[2].i_p2_pop_slice/popcount_part_q_o_reg[0][3]/D","P2 popcount capture","FDCE=2;LUT3=1;LUT5=2;LUT6=2"
265,0.583,5.000,4.414,1.118,3.296,0.747,5,"gen_lane[2].i_p2_pop_slice/bool_result_q_reg[39]/C","gen_lane[2].i_p2_pop_slice/popcount_part_q_o_reg[1][3]/D","P2 popcount capture","FDCE=2;LUT3=1;LUT5=2;LUT6=2"
266,0.583,5.000,4.414,1.118,3.296,0.747,5,"gen_lane[3].i_p2_pop_slice/bool_result_q_reg[7]/C","gen_lane[3].i_p2_pop_slice/popcount_part_q_o_reg[0][3]/D","P2 popcount capture","FDCE=2;LUT3=1;LUT5=2;LUT6=2"
267,0.583,5.000,4.414,1.118,3.296,0.747,5,"gen_lane[3].i_p2_pop_slice/bool_result_q_reg[39]/C","gen_lane[3].i_p2_pop_slice/popcount_part_q_o_reg[1][3]/D","P2 popcount capture","FDCE=2;LUT3=1;LUT5=2;LUT6=2"
268,0.596,5.000,4.401,1.105,3.296,0.749,5,"gen_lane[0].i_p2_pop_slice/bool_result_q_reg[7]/C","gen_lane[0].i_p2_pop_slice/popcount_part_q_o_reg[0][5]/D","P2 popcount capture","FDCE=2;LUT3=1;LUT5=1;LUT6=3"
269,0.596,5.000,4.401,1.105,3.296,0.749,5,"gen_lane[0].i_p2_pop_slice/bool_result_q_reg[39]/C","gen_lane[0].i_p2_pop_slice/popcount_part_q_o_reg[1][5]/D","P2 popcount capture","FDCE=2;LUT3=1;LUT5=1;LUT6=3"
270,0.596,5.000,4.401,1.105,3.296,0.749,5,"gen_lane[1].i_p2_pop_slice/bool_result_q_reg[7]/C","gen_lane[1].i_p2_pop_slice/popcount_part_q_o_reg[0][5]/D","P2 popcount capture","FDCE=2;LUT3=1;LUT5=1;LUT6=3"
271,0.596,5.000,4.401,1.105,3.296,0.749,5,"gen_lane[1].i_p2_pop_slice/bool_result_q_reg[39]/C","gen_lane[1].i_p2_pop_slice/popcount_part_q_o_reg[1][5]/D","P2 popcount capture","FDCE=2;LUT3=1;LUT5=1;LUT6=3"
272,0.596,5.000,4.401,1.105,3.296,0.749,5,"gen_lane[2].i_p2_pop_slice/bool_result_q_reg[7]/C","gen_lane[2].i_p2_pop_slice/popcount_part_q_o_reg[0][5]/D","P2 popcount capture","FDCE=2;LUT3=1;LUT5=1;LUT6=3"
273,0.596,5.000,4.401,1.105,3.296,0.749,5,"gen_lane[2].i_p2_pop_slice/bool_result_q_reg[39]/C","gen_lane[2].i_p2_pop_slice/popcount_part_q_o_reg[1][5]/D","P2 popcount capture","FDCE=2;LUT3=1;LUT5=1;LUT6=3"
274,0.596,5.000,4.401,1.105,3.296,0.749,5,"gen_lane[3].i_p2_pop_slice/bool_result_q_reg[7]/C","gen_lane[3].i_p2_pop_slice/popcount_part_q_o_reg[0][5]/D","P2 popcount capture","FDCE=2;LUT3=1;LUT5=1;LUT6=3"
275,0.596,5.000,4.401,1.105,3.296,0.749,5,"gen_lane[3].i_p2_pop_slice/bool_result_q_reg[39]/C","gen_lane[3].i_p2_pop_slice/popcount_part_q_o_reg[1][5]/D","P2 popcount capture","FDCE=2;LUT3=1;LUT5=1;LUT6=3"
276,0.600,5.000,4.426,2.168,2.258,0.510,7,"gen_lane[3].i_p2_pop_slice/popcount_part_q_o_reg[0][0]/C","group_dist_q_reg[5]/D","P2 popcount capture","CARRY4=3;FDCE=2;LUT3=2;LUT5=1;LUT6=1"
277,0.602,5.000,4.395,1.105,3.290,0.749,5,"gen_lane[0].i_p2_pop_slice/bool_result_q_reg[7]/C","gen_lane[0].i_p2_pop_slice/popcount_part_q_o_reg[0][4]/D","P2 popcount capture","FDCE=2;LUT3=1;LUT5=1;LUT6=3"
278,0.602,5.000,4.395,1.105,3.290,0.749,5,"gen_lane[0].i_p2_pop_slice/bool_result_q_reg[39]/C","gen_lane[0].i_p2_pop_slice/popcount_part_q_o_reg[1][4]/D","P2 popcount capture","FDCE=2;LUT3=1;LUT5=1;LUT6=3"
279,0.602,5.000,4.395,1.105,3.290,0.749,5,"gen_lane[1].i_p2_pop_slice/bool_result_q_reg[7]/C","gen_lane[1].i_p2_pop_slice/popcount_part_q_o_reg[0][4]/D","P2 popcount capture","FDCE=2;LUT3=1;LUT5=1;LUT6=3"
280,0.602,5.000,4.395,1.105,3.290,0.749,5,"gen_lane[1].i_p2_pop_slice/bool_result_q_reg[39]/C","gen_lane[1].i_p2_pop_slice/popcount_part_q_o_reg[1][4]/D","P2 popcount capture","FDCE=2;LUT3=1;LUT5=1;LUT6=3"
281,0.602,5.000,4.395,1.105,3.290,0.749,5,"gen_lane[2].i_p2_pop_slice/bool_result_q_reg[7]/C","gen_lane[2].i_p2_pop_slice/popcount_part_q_o_reg[0][4]/D","P2 popcount capture","FDCE=2;LUT3=1;LUT5=1;LUT6=3"
282,0.602,5.000,4.395,1.105,3.290,0.749,5,"gen_lane[2].i_p2_pop_slice/bool_result_q_reg[39]/C","gen_lane[2].i_p2_pop_slice/popcount_part_q_o_reg[1][4]/D","P2 popcount capture","FDCE=2;LUT3=1;LUT5=1;LUT6=3"
283,0.602,5.000,4.395,1.105,3.290,0.749,5,"gen_lane[3].i_p2_pop_slice/bool_result_q_reg[7]/C","gen_lane[3].i_p2_pop_slice/popcount_part_q_o_reg[0][4]/D","P2 popcount capture","FDCE=2;LUT3=1;LUT5=1;LUT6=3"
284,0.602,5.000,4.395,1.105,3.290,0.749,5,"gen_lane[3].i_p2_pop_slice/bool_result_q_reg[39]/C","gen_lane[3].i_p2_pop_slice/popcount_part_q_o_reg[1][4]/D","P2 popcount capture","FDCE=2;LUT3=1;LUT5=1;LUT6=3"
285,0.680,5.000,4.346,2.088,2.258,0.520,7,"gen_lane[3].i_p2_pop_slice/popcount_part_q_o_reg[0][0]/C","group_dist_q_reg[4]/D","P2 popcount capture","CARRY4=3;FDCE=2;LUT3=2;LUT5=1;LUT6=1"
286,0.902,5.000,4.124,1.864,2.260,0.548,5,"gen_lane[3].i_p2_pop_slice/popcount_part_q_o_reg[0][0]/C","group_dist_q_reg[3]/D","P2 popcount capture","CARRY4=2;FDCE=2;LUT3=2;LUT5=1"
287,0.997,5.000,4.000,1.951,2.049,0.512,7,"a_q_reg[8]/C","FSM_onehot_st_q_reg[9]/D","TOP control","CARRY4=2;FDCE=2;LUT4=1;LUT5=1;LUT6=3"
288,0.997,5.000,4.000,1.951,2.049,0.512,7,"a_q_reg[8]/C","res_q_reg[1]/D","scalar response","CARRY4=2;FDCE=2;LUT4=1;LUT5=2;LUT6=2"
289,1.204,5.000,3.793,1.190,2.603,0.686,6,"gen_lane[0].i_p2_pop_slice/bool_result_q_reg[23]/C","gen_lane[0].i_p2_pop_slice/popcount_part_q_o_reg[0][2]/D","P2 popcount capture","FDCE=2;LUT3=1;LUT5=3;LUT6=2"
290,1.204,5.000,3.793,1.190,2.603,0.686,6,"gen_lane[0].i_p2_pop_slice/bool_result_q_reg[55]/C","gen_lane[0].i_p2_pop_slice/popcount_part_q_o_reg[1][2]/D","P2 popcount capture","FDCE=2;LUT3=1;LUT5=3;LUT6=2"
291,1.204,5.000,3.793,1.190,2.603,0.686,6,"gen_lane[1].i_p2_pop_slice/bool_result_q_reg[23]/C","gen_lane[1].i_p2_pop_slice/popcount_part_q_o_reg[0][2]/D","P2 popcount capture","FDCE=2;LUT3=1;LUT5=3;LUT6=2"
292,1.204,5.000,3.793,1.190,2.603,0.686,6,"gen_lane[1].i_p2_pop_slice/bool_result_q_reg[55]/C","gen_lane[1].i_p2_pop_slice/popcount_part_q_o_reg[1][2]/D","P2 popcount capture","FDCE=2;LUT3=1;LUT5=3;LUT6=2"
293,1.204,5.000,3.793,1.190,2.603,0.686,6,"gen_lane[2].i_p2_pop_slice/bool_result_q_reg[23]/C","gen_lane[2].i_p2_pop_slice/popcount_part_q_o_reg[0][2]/D","P2 popcount capture","FDCE=2;LUT3=1;LUT5=3;LUT6=2"
294,1.204,5.000,3.793,1.190,2.603,0.686,6,"gen_lane[2].i_p2_pop_slice/bool_result_q_reg[55]/C","gen_lane[2].i_p2_pop_slice/popcount_part_q_o_reg[1][2]/D","P2 popcount capture","FDCE=2;LUT3=1;LUT5=3;LUT6=2"
295,1.204,5.000,3.793,1.190,2.603,0.686,6,"gen_lane[3].i_p2_pop_slice/bool_result_q_reg[23]/C","gen_lane[3].i_p2_pop_slice/popcount_part_q_o_reg[0][2]/D","P2 popcount capture","FDCE=2;LUT3=1;LUT5=3;LUT6=2"
296,1.204,5.000,3.793,1.190,2.603,0.686,6,"gen_lane[3].i_p2_pop_slice/bool_result_q_reg[55]/C","gen_lane[3].i_p2_pop_slice/popcount_part_q_o_reg[1][2]/D","P2 popcount capture","FDCE=2;LUT3=1;LUT5=3;LUT6=2"
297,1.272,5.000,3.517,0.980,2.537,0.721,4,"a_q_reg[14]/C","ecc_product_q_reg[0]/CE","other","FDCE=2;LUT3=1;LUT5=2;LUT6=1"
298,1.272,5.000,3.517,0.980,2.537,0.721,4,"a_q_reg[14]/C","ecc_product_q_reg[100]/CE","other","FDCE=2;LUT3=1;LUT5=2;LUT6=1"
299,1.272,5.000,3.517,0.980,2.537,0.721,4,"a_q_reg[14]/C","ecc_product_q_reg[101]/CE","other","FDCE=2;LUT3=1;LUT5=2;LUT6=1"
300,1.272,5.000,3.517,0.980,2.537,0.721,4,"a_q_reg[14]/C","ecc_product_q_reg[102]/CE","other","FDCE=2;LUT3=1;LUT5=2;LUT6=1"
301,1.272,5.000,3.517,0.980,2.537,0.721,4,"a_q_reg[14]/C","ecc_product_q_reg[103]/CE","other","FDCE=2;LUT3=1;LUT5=2;LUT6=1"
302,1.272,5.000,3.517,0.980,2.537,0.721,4,"a_q_reg[14]/C","ecc_product_q_reg[104]/CE","other","FDCE=2;LUT3=1;LUT5=2;LUT6=1"
303,1.272,5.000,3.517,0.980,2.537,0.721,4,"a_q_reg[14]/C","ecc_product_q_reg[105]/CE","other","FDCE=2;LUT3=1;LUT5=2;LUT6=1"
304,1.272,5.000,3.517,0.980,2.537,0.721,4,"a_q_reg[14]/C","ecc_product_q_reg[106]/CE","other","FDCE=2;LUT3=1;LUT5=2;LUT6=1"
305,1.272,5.000,3.517,0.980,2.537,0.721,4,"a_q_reg[14]/C","ecc_product_q_reg[107]/CE","other","FDCE=2;LUT3=1;LUT5=2;LUT6=1"
306,1.272,5.000,3.517,0.980,2.537,0.721,4,"a_q_reg[14]/C","ecc_product_q_reg[108]/CE","other","FDCE=2;LUT3=1;LUT5=2;LUT6=1"
307,1.272,5.000,3.517,0.980,2.537,0.721,4,"a_q_reg[14]/C","ecc_product_q_reg[109]/CE","other","FDCE=2;LUT3=1;LUT5=2;LUT6=1"
308,1.272,5.000,3.517,0.980,2.537,0.721,4,"a_q_reg[14]/C","ecc_product_q_reg[10]/CE","other","FDCE=2;LUT3=1;LUT5=2;LUT6=1"
309,1.272,5.000,3.517,0.980,2.537,0.721,4,"a_q_reg[14]/C","ecc_product_q_reg[110]/CE","other","FDCE=2;LUT3=1;LUT5=2;LUT6=1"
310,1.272,5.000,3.517,0.980,2.537,0.721,4,"a_q_reg[14]/C","ecc_product_q_reg[111]/CE","other","FDCE=2;LUT3=1;LUT5=2;LUT6=1"
311,1.272,5.000,3.517,0.980,2.537,0.721,4,"a_q_reg[14]/C","ecc_product_q_reg[112]/CE","other","FDCE=2;LUT3=1;LUT5=2;LUT6=1"
312,1.272,5.000,3.517,0.980,2.537,0.721,4,"a_q_reg[14]/C","ecc_product_q_reg[113]/CE","other","FDCE=2;LUT3=1;LUT5=2;LUT6=1"
313,1.272,5.000,3.517,0.980,2.537,0.721,4,"a_q_reg[14]/C","ecc_product_q_reg[114]/CE","other","FDCE=2;LUT3=1;LUT5=2;LUT6=1"
314,1.272,5.000,3.517,0.980,2.537,0.721,4,"a_q_reg[14]/C","ecc_product_q_reg[115]/CE","other","FDCE=2;LUT3=1;LUT5=2;LUT6=1"
315,1.272,5.000,3.517,0.980,2.537,0.721,4,"a_q_reg[14]/C","ecc_product_q_reg[116]/CE","other","FDCE=2;LUT3=1;LUT5=2;LUT6=1"
316,1.272,5.000,3.517,0.980,2.537,0.721,4,"a_q_reg[14]/C","ecc_product_q_reg[117]/CE","other","FDCE=2;LUT3=1;LUT5=2;LUT6=1"
317,1.272,5.000,3.517,0.980,2.537,0.721,4,"a_q_reg[14]/C","ecc_product_q_reg[118]/CE","other","FDCE=2;LUT3=1;LUT5=2;LUT6=1"
318,1.272,5.000,3.517,0.980,2.537,0.721,4,"a_q_reg[14]/C","ecc_product_q_reg[119]/CE","other","FDCE=2;LUT3=1;LUT5=2;LUT6=1"
319,1.272,5.000,3.517,0.980,2.537,0.721,4,"a_q_reg[14]/C","ecc_product_q_reg[11]/CE","other","FDCE=2;LUT3=1;LUT5=2;LUT6=1"
320,1.272,5.000,3.517,0.980,2.537,0.721,4,"a_q_reg[14]/C","ecc_product_q_reg[120]/CE","other","FDCE=2;LUT3=1;LUT5=2;LUT6=1"
321,1.272,5.000,3.517,0.980,2.537,0.721,4,"a_q_reg[14]/C","ecc_product_q_reg[121]/CE","other","FDCE=2;LUT3=1;LUT5=2;LUT6=1"
322,1.272,5.000,3.517,0.980,2.537,0.721,4,"a_q_reg[14]/C","ecc_product_q_reg[122]/CE","other","FDCE=2;LUT3=1;LUT5=2;LUT6=1"
323,1.272,5.000,3.517,0.980,2.537,0.721,4,"a_q_reg[14]/C","ecc_product_q_reg[123]/CE","other","FDCE=2;LUT3=1;LUT5=2;LUT6=1"
324,1.272,5.000,3.517,0.980,2.537,0.721,4,"a_q_reg[14]/C","ecc_product_q_reg[124]/CE","other","FDCE=2;LUT3=1;LUT5=2;LUT6=1"
325,1.272,5.000,3.517,0.980,2.537,0.721,4,"a_q_reg[14]/C","ecc_product_q_reg[125]/CE","other","FDCE=2;LUT3=1;LUT5=2;LUT6=1"
326,1.272,5.000,3.517,0.980,2.537,0.721,4,"a_q_reg[14]/C","ecc_product_q_reg[126]/CE","other","FDCE=2;LUT3=1;LUT5=2;LUT6=1"
327,1.272,5.000,3.517,0.980,2.537,0.721,4,"a_q_reg[14]/C","ecc_product_q_reg[127]/CE","other","FDCE=2;LUT3=1;LUT5=2;LUT6=1"
328,1.272,5.000,3.517,0.980,2.537,0.721,4,"a_q_reg[14]/C","ecc_product_q_reg[128]/CE","other","FDCE=2;LUT3=1;LUT5=2;LUT6=1"
329,1.272,5.000,3.517,0.980,2.537,0.721,4,"a_q_reg[14]/C","ecc_product_q_reg[129]/CE","other","FDCE=2;LUT3=1;LUT5=2;LUT6=1"
330,1.272,5.000,3.517,0.980,2.537,0.721,4,"a_q_reg[14]/C","ecc_product_q_reg[12]/CE","other","FDCE=2;LUT3=1;LUT5=2;LUT6=1"
331,1.272,5.000,3.517,0.980,2.537,0.721,4,"a_q_reg[14]/C","ecc_product_q_reg[130]/CE","other","FDCE=2;LUT3=1;LUT5=2;LUT6=1"
332,1.272,5.000,3.517,0.980,2.537,0.721,4,"a_q_reg[14]/C","ecc_product_q_reg[131]/CE","other","FDCE=2;LUT3=1;LUT5=2;LUT6=1"
333,1.272,5.000,3.517,0.980,2.537,0.721,4,"a_q_reg[14]/C","ecc_product_q_reg[132]/CE","other","FDCE=2;LUT3=1;LUT5=2;LUT6=1"
334,1.272,5.000,3.517,0.980,2.537,0.721,4,"a_q_reg[14]/C","ecc_product_q_reg[133]/CE","other","FDCE=2;LUT3=1;LUT5=2;LUT6=1"
335,1.272,5.000,3.517,0.980,2.537,0.721,4,"a_q_reg[14]/C","ecc_product_q_reg[134]/CE","other","FDCE=2;LUT3=1;LUT5=2;LUT6=1"
336,1.272,5.000,3.517,0.980,2.537,0.721,4,"a_q_reg[14]/C","ecc_product_q_reg[135]/CE","other","FDCE=2;LUT3=1;LUT5=2;LUT6=1"
337,1.272,5.000,3.517,0.980,2.537,0.721,4,"a_q_reg[14]/C","ecc_product_q_reg[136]/CE","other","FDCE=2;LUT3=1;LUT5=2;LUT6=1"
338,1.272,5.000,3.517,0.980,2.537,0.721,4,"a_q_reg[14]/C","ecc_product_q_reg[137]/CE","other","FDCE=2;LUT3=1;LUT5=2;LUT6=1"
339,1.272,5.000,3.517,0.980,2.537,0.721,4,"a_q_reg[14]/C","ecc_product_q_reg[138]/CE","other","FDCE=2;LUT3=1;LUT5=2;LUT6=1"
340,1.272,5.000,3.517,0.980,2.537,0.721,4,"a_q_reg[14]/C","ecc_product_q_reg[139]/CE","other","FDCE=2;LUT3=1;LUT5=2;LUT6=1"
341,1.272,5.000,3.517,0.980,2.537,0.721,4,"a_q_reg[14]/C","ecc_product_q_reg[13]/CE","other","FDCE=2;LUT3=1;LUT5=2;LUT6=1"
342,1.272,5.000,3.517,0.980,2.537,0.721,4,"a_q_reg[14]/C","ecc_product_q_reg[140]/CE","other","FDCE=2;LUT3=1;LUT5=2;LUT6=1"
343,1.272,5.000,3.517,0.980,2.537,0.721,4,"a_q_reg[14]/C","ecc_product_q_reg[141]/CE","other","FDCE=2;LUT3=1;LUT5=2;LUT6=1"
344,1.272,5.000,3.517,0.980,2.537,0.721,4,"a_q_reg[14]/C","ecc_product_q_reg[142]/CE","other","FDCE=2;LUT3=1;LUT5=2;LUT6=1"
345,1.272,5.000,3.517,0.980,2.537,0.721,4,"a_q_reg[14]/C","ecc_product_q_reg[143]/CE","other","FDCE=2;LUT3=1;LUT5=2;LUT6=1"
346,1.272,5.000,3.517,0.980,2.537,0.721,4,"a_q_reg[14]/C","ecc_product_q_reg[144]/CE","other","FDCE=2;LUT3=1;LUT5=2;LUT6=1"
347,1.272,5.000,3.517,0.980,2.537,0.721,4,"a_q_reg[14]/C","ecc_product_q_reg[145]/CE","other","FDCE=2;LUT3=1;LUT5=2;LUT6=1"
348,1.272,5.000,3.517,0.980,2.537,0.721,4,"a_q_reg[14]/C","ecc_product_q_reg[146]/CE","other","FDCE=2;LUT3=1;LUT5=2;LUT6=1"
349,1.272,5.000,3.517,0.980,2.537,0.721,4,"a_q_reg[14]/C","ecc_product_q_reg[147]/CE","other","FDCE=2;LUT3=1;LUT5=2;LUT6=1"
350,1.272,5.000,3.517,0.980,2.537,0.721,4,"a_q_reg[14]/C","ecc_product_q_reg[148]/CE","other","FDCE=2;LUT3=1;LUT5=2;LUT6=1"
351,1.272,5.000,3.517,0.980,2.537,0.721,4,"a_q_reg[14]/C","ecc_product_q_reg[149]/CE","other","FDCE=2;LUT3=1;LUT5=2;LUT6=1"
352,1.272,5.000,3.517,0.980,2.537,0.721,4,"a_q_reg[14]/C","ecc_product_q_reg[14]/CE","other","FDCE=2;LUT3=1;LUT5=2;LUT6=1"
353,1.272,5.000,3.517,0.980,2.537,0.721,4,"a_q_reg[14]/C","ecc_product_q_reg[150]/CE","other","FDCE=2;LUT3=1;LUT5=2;LUT6=1"
354,1.272,5.000,3.517,0.980,2.537,0.721,4,"a_q_reg[14]/C","ecc_product_q_reg[151]/CE","other","FDCE=2;LUT3=1;LUT5=2;LUT6=1"
355,1.272,5.000,3.517,0.980,2.537,0.721,4,"a_q_reg[14]/C","ecc_product_q_reg[152]/CE","other","FDCE=2;LUT3=1;LUT5=2;LUT6=1"
356,1.272,5.000,3.517,0.980,2.537,0.721,4,"a_q_reg[14]/C","ecc_product_q_reg[153]/CE","other","FDCE=2;LUT3=1;LUT5=2;LUT6=1"
357,1.272,5.000,3.517,0.980,2.537,0.721,4,"a_q_reg[14]/C","ecc_product_q_reg[154]/CE","other","FDCE=2;LUT3=1;LUT5=2;LUT6=1"
358,1.272,5.000,3.517,0.980,2.537,0.721,4,"a_q_reg[14]/C","ecc_product_q_reg[155]/CE","other","FDCE=2;LUT3=1;LUT5=2;LUT6=1"
359,1.272,5.000,3.517,0.980,2.537,0.721,4,"a_q_reg[14]/C","ecc_product_q_reg[156]/CE","other","FDCE=2;LUT3=1;LUT5=2;LUT6=1"
360,1.272,5.000,3.517,0.980,2.537,0.721,4,"a_q_reg[14]/C","ecc_product_q_reg[157]/CE","other","FDCE=2;LUT3=1;LUT5=2;LUT6=1"
361,1.272,5.000,3.517,0.980,2.537,0.721,4,"a_q_reg[14]/C","ecc_product_q_reg[158]/CE","other","FDCE=2;LUT3=1;LUT5=2;LUT6=1"
362,1.272,5.000,3.517,0.980,2.537,0.721,4,"a_q_reg[14]/C","ecc_product_q_reg[159]/CE","other","FDCE=2;LUT3=1;LUT5=2;LUT6=1"
363,1.272,5.000,3.517,0.980,2.537,0.721,4,"a_q_reg[14]/C","ecc_product_q_reg[15]/CE","other","FDCE=2;LUT3=1;LUT5=2;LUT6=1"
364,1.272,5.000,3.517,0.980,2.537,0.721,4,"a_q_reg[14]/C","ecc_product_q_reg[160]/CE","other","FDCE=2;LUT3=1;LUT5=2;LUT6=1"
365,1.272,5.000,3.517,0.980,2.537,0.721,4,"a_q_reg[14]/C","ecc_product_q_reg[161]/CE","other","FDCE=2;LUT3=1;LUT5=2;LUT6=1"
366,1.272,5.000,3.517,0.980,2.537,0.721,4,"a_q_reg[14]/C","ecc_product_q_reg[162]/CE","other","FDCE=2;LUT3=1;LUT5=2;LUT6=1"
367,1.272,5.000,3.517,0.980,2.537,0.721,4,"a_q_reg[14]/C","ecc_product_q_reg[163]/CE","other","FDCE=2;LUT3=1;LUT5=2;LUT6=1"
368,1.272,5.000,3.517,0.980,2.537,0.721,4,"a_q_reg[14]/C","ecc_product_q_reg[164]/CE","other","FDCE=2;LUT3=1;LUT5=2;LUT6=1"
369,1.272,5.000,3.517,0.980,2.537,0.721,4,"a_q_reg[14]/C","ecc_product_q_reg[165]/CE","other","FDCE=2;LUT3=1;LUT5=2;LUT6=1"
370,1.272,5.000,3.517,0.980,2.537,0.721,4,"a_q_reg[14]/C","ecc_product_q_reg[166]/CE","other","FDCE=2;LUT3=1;LUT5=2;LUT6=1"
371,1.272,5.000,3.517,0.980,2.537,0.721,4,"a_q_reg[14]/C","ecc_product_q_reg[167]/CE","other","FDCE=2;LUT3=1;LUT5=2;LUT6=1"
372,1.272,5.000,3.517,0.980,2.537,0.721,4,"a_q_reg[14]/C","ecc_product_q_reg[168]/CE","other","FDCE=2;LUT3=1;LUT5=2;LUT6=1"
373,1.272,5.000,3.517,0.980,2.537,0.721,4,"a_q_reg[14]/C","ecc_product_q_reg[169]/CE","other","FDCE=2;LUT3=1;LUT5=2;LUT6=1"
374,1.272,5.000,3.517,0.980,2.537,0.721,4,"a_q_reg[14]/C","ecc_product_q_reg[16]/CE","other","FDCE=2;LUT3=1;LUT5=2;LUT6=1"
375,1.272,5.000,3.517,0.980,2.537,0.721,4,"a_q_reg[14]/C","ecc_product_q_reg[170]/CE","other","FDCE=2;LUT3=1;LUT5=2;LUT6=1"
376,1.272,5.000,3.517,0.980,2.537,0.721,4,"a_q_reg[14]/C","ecc_product_q_reg[171]/CE","other","FDCE=2;LUT3=1;LUT5=2;LUT6=1"
377,1.272,5.000,3.517,0.980,2.537,0.721,4,"a_q_reg[14]/C","ecc_product_q_reg[172]/CE","other","FDCE=2;LUT3=1;LUT5=2;LUT6=1"
378,1.272,5.000,3.517,0.980,2.537,0.721,4,"a_q_reg[14]/C","ecc_product_q_reg[173]/CE","other","FDCE=2;LUT3=1;LUT5=2;LUT6=1"
379,1.272,5.000,3.517,0.980,2.537,0.721,4,"a_q_reg[14]/C","ecc_product_q_reg[174]/CE","other","FDCE=2;LUT3=1;LUT5=2;LUT6=1"
380,1.272,5.000,3.517,0.980,2.537,0.721,4,"a_q_reg[14]/C","ecc_product_q_reg[175]/CE","other","FDCE=2;LUT3=1;LUT5=2;LUT6=1"
381,1.272,5.000,3.517,0.980,2.537,0.721,4,"a_q_reg[14]/C","ecc_product_q_reg[176]/CE","other","FDCE=2;LUT3=1;LUT5=2;LUT6=1"
382,1.272,5.000,3.517,0.980,2.537,0.721,4,"a_q_reg[14]/C","ecc_product_q_reg[177]/CE","other","FDCE=2;LUT3=1;LUT5=2;LUT6=1"
383,1.272,5.000,3.517,0.980,2.537,0.721,4,"a_q_reg[14]/C","ecc_product_q_reg[178]/CE","other","FDCE=2;LUT3=1;LUT5=2;LUT6=1"
384,1.272,5.000,3.517,0.980,2.537,0.721,4,"a_q_reg[14]/C","ecc_product_q_reg[179]/CE","other","FDCE=2;LUT3=1;LUT5=2;LUT6=1"
385,1.272,5.000,3.517,0.980,2.537,0.721,4,"a_q_reg[14]/C","ecc_product_q_reg[17]/CE","other","FDCE=2;LUT3=1;LUT5=2;LUT6=1"
386,1.272,5.000,3.517,0.980,2.537,0.721,4,"a_q_reg[14]/C","ecc_product_q_reg[180]/CE","other","FDCE=2;LUT3=1;LUT5=2;LUT6=1"
387,1.272,5.000,3.517,0.980,2.537,0.721,4,"a_q_reg[14]/C","ecc_product_q_reg[181]/CE","other","FDCE=2;LUT3=1;LUT5=2;LUT6=1"
388,1.272,5.000,3.517,0.980,2.537,0.721,4,"a_q_reg[14]/C","ecc_product_q_reg[182]/CE","other","FDCE=2;LUT3=1;LUT5=2;LUT6=1"
389,1.272,5.000,3.517,0.980,2.537,0.721,4,"a_q_reg[14]/C","ecc_product_q_reg[183]/CE","other","FDCE=2;LUT3=1;LUT5=2;LUT6=1"
390,1.272,5.000,3.517,0.980,2.537,0.721,4,"a_q_reg[14]/C","ecc_product_q_reg[184]/CE","other","FDCE=2;LUT3=1;LUT5=2;LUT6=1"
391,1.272,5.000,3.517,0.980,2.537,0.721,4,"a_q_reg[14]/C","ecc_product_q_reg[185]/CE","other","FDCE=2;LUT3=1;LUT5=2;LUT6=1"
392,1.272,5.000,3.517,0.980,2.537,0.721,4,"a_q_reg[14]/C","ecc_product_q_reg[186]/CE","other","FDCE=2;LUT3=1;LUT5=2;LUT6=1"
393,1.272,5.000,3.517,0.980,2.537,0.721,4,"a_q_reg[14]/C","ecc_product_q_reg[187]/CE","other","FDCE=2;LUT3=1;LUT5=2;LUT6=1"
394,1.272,5.000,3.517,0.980,2.537,0.721,4,"a_q_reg[14]/C","ecc_product_q_reg[188]/CE","other","FDCE=2;LUT3=1;LUT5=2;LUT6=1"
395,1.272,5.000,3.517,0.980,2.537,0.721,4,"a_q_reg[14]/C","ecc_product_q_reg[189]/CE","other","FDCE=2;LUT3=1;LUT5=2;LUT6=1"
396,1.272,5.000,3.517,0.980,2.537,0.721,4,"a_q_reg[14]/C","ecc_product_q_reg[18]/CE","other","FDCE=2;LUT3=1;LUT5=2;LUT6=1"
397,1.272,5.000,3.517,0.980,2.537,0.721,4,"a_q_reg[14]/C","ecc_product_q_reg[190]/CE","other","FDCE=2;LUT3=1;LUT5=2;LUT6=1"
398,1.272,5.000,3.517,0.980,2.537,0.721,4,"a_q_reg[14]/C","ecc_product_q_reg[191]/CE","other","FDCE=2;LUT3=1;LUT5=2;LUT6=1"
399,1.272,5.000,3.517,0.980,2.537,0.721,4,"a_q_reg[14]/C","ecc_product_q_reg[192]/CE","other","FDCE=2;LUT3=1;LUT5=2;LUT6=1"
400,1.272,5.000,3.517,0.980,2.537,0.721,4,"a_q_reg[14]/C","ecc_product_q_reg[193]/CE","other","FDCE=2;LUT3=1;LUT5=2;LUT6=1"
401,1.272,5.000,3.517,0.980,2.537,0.721,4,"a_q_reg[14]/C","ecc_product_q_reg[194]/CE","other","FDCE=2;LUT3=1;LUT5=2;LUT6=1"
402,1.272,5.000,3.517,0.980,2.537,0.721,4,"a_q_reg[14]/C","ecc_product_q_reg[195]/CE","other","FDCE=2;LUT3=1;LUT5=2;LUT6=1"
403,1.272,5.000,3.517,0.980,2.537,0.721,4,"a_q_reg[14]/C","ecc_product_q_reg[196]/CE","other","FDCE=2;LUT3=1;LUT5=2;LUT6=1"
404,1.272,5.000,3.517,0.980,2.537,0.721,4,"a_q_reg[14]/C","ecc_product_q_reg[197]/CE","other","FDCE=2;LUT3=1;LUT5=2;LUT6=1"
405,1.272,5.000,3.517,0.980,2.537,0.721,4,"a_q_reg[14]/C","ecc_product_q_reg[198]/CE","other","FDCE=2;LUT3=1;LUT5=2;LUT6=1"
406,1.272,5.000,3.517,0.980,2.537,0.721,4,"a_q_reg[14]/C","ecc_product_q_reg[199]/CE","other","FDCE=2;LUT3=1;LUT5=2;LUT6=1"
407,1.272,5.000,3.517,0.980,2.537,0.721,4,"a_q_reg[14]/C","ecc_product_q_reg[19]/CE","other","FDCE=2;LUT3=1;LUT5=2;LUT6=1"
408,1.272,5.000,3.517,0.980,2.537,0.721,4,"a_q_reg[14]/C","ecc_product_q_reg[1]/CE","other","FDCE=2;LUT3=1;LUT5=2;LUT6=1"
409,1.272,5.000,3.517,0.980,2.537,0.721,4,"a_q_reg[14]/C","ecc_product_q_reg[200]/CE","other","FDCE=2;LUT3=1;LUT5=2;LUT6=1"
410,1.272,5.000,3.517,0.980,2.537,0.721,4,"a_q_reg[14]/C","ecc_product_q_reg[201]/CE","other","FDCE=2;LUT3=1;LUT5=2;LUT6=1"
411,1.272,5.000,3.517,0.980,2.537,0.721,4,"a_q_reg[14]/C","ecc_product_q_reg[202]/CE","other","FDCE=2;LUT3=1;LUT5=2;LUT6=1"
412,1.272,5.000,3.517,0.980,2.537,0.721,4,"a_q_reg[14]/C","ecc_product_q_reg[203]/CE","other","FDCE=2;LUT3=1;LUT5=2;LUT6=1"
413,1.272,5.000,3.517,0.980,2.537,0.721,4,"a_q_reg[14]/C","ecc_product_q_reg[204]/CE","other","FDCE=2;LUT3=1;LUT5=2;LUT6=1"
414,1.272,5.000,3.517,0.980,2.537,0.721,4,"a_q_reg[14]/C","ecc_product_q_reg[205]/CE","other","FDCE=2;LUT3=1;LUT5=2;LUT6=1"
415,1.272,5.000,3.517,0.980,2.537,0.721,4,"a_q_reg[14]/C","ecc_product_q_reg[206]/CE","other","FDCE=2;LUT3=1;LUT5=2;LUT6=1"
416,1.272,5.000,3.517,0.980,2.537,0.721,4,"a_q_reg[14]/C","ecc_product_q_reg[207]/CE","other","FDCE=2;LUT3=1;LUT5=2;LUT6=1"
417,1.272,5.000,3.517,0.980,2.537,0.721,4,"a_q_reg[14]/C","ecc_product_q_reg[208]/CE","other","FDCE=2;LUT3=1;LUT5=2;LUT6=1"
418,1.272,5.000,3.517,0.980,2.537,0.721,4,"a_q_reg[14]/C","ecc_product_q_reg[209]/CE","other","FDCE=2;LUT3=1;LUT5=2;LUT6=1"
419,1.272,5.000,3.517,0.980,2.537,0.721,4,"a_q_reg[14]/C","ecc_product_q_reg[20]/CE","other","FDCE=2;LUT3=1;LUT5=2;LUT6=1"
420,1.272,5.000,3.517,0.980,2.537,0.721,4,"a_q_reg[14]/C","ecc_product_q_reg[210]/CE","other","FDCE=2;LUT3=1;LUT5=2;LUT6=1"
421,1.272,5.000,3.517,0.980,2.537,0.721,4,"a_q_reg[14]/C","ecc_product_q_reg[211]/CE","other","FDCE=2;LUT3=1;LUT5=2;LUT6=1"
422,1.272,5.000,3.517,0.980,2.537,0.721,4,"a_q_reg[14]/C","ecc_product_q_reg[212]/CE","other","FDCE=2;LUT3=1;LUT5=2;LUT6=1"
423,1.272,5.000,3.517,0.980,2.537,0.721,4,"a_q_reg[14]/C","ecc_product_q_reg[213]/CE","other","FDCE=2;LUT3=1;LUT5=2;LUT6=1"
424,1.272,5.000,3.517,0.980,2.537,0.721,4,"a_q_reg[14]/C","ecc_product_q_reg[214]/CE","other","FDCE=2;LUT3=1;LUT5=2;LUT6=1"
425,1.272,5.000,3.517,0.980,2.537,0.721,4,"a_q_reg[14]/C","ecc_product_q_reg[215]/CE","other","FDCE=2;LUT3=1;LUT5=2;LUT6=1"
426,1.272,5.000,3.517,0.980,2.537,0.721,4,"a_q_reg[14]/C","ecc_product_q_reg[216]/CE","other","FDCE=2;LUT3=1;LUT5=2;LUT6=1"
427,1.272,5.000,3.517,0.980,2.537,0.721,4,"a_q_reg[14]/C","ecc_product_q_reg[217]/CE","other","FDCE=2;LUT3=1;LUT5=2;LUT6=1"
428,1.272,5.000,3.517,0.980,2.537,0.721,4,"a_q_reg[14]/C","ecc_product_q_reg[218]/CE","other","FDCE=2;LUT3=1;LUT5=2;LUT6=1"
429,1.272,5.000,3.517,0.980,2.537,0.721,4,"a_q_reg[14]/C","ecc_product_q_reg[219]/CE","other","FDCE=2;LUT3=1;LUT5=2;LUT6=1"
430,1.272,5.000,3.517,0.980,2.537,0.721,4,"a_q_reg[14]/C","ecc_product_q_reg[21]/CE","other","FDCE=2;LUT3=1;LUT5=2;LUT6=1"
431,1.272,5.000,3.517,0.980,2.537,0.721,4,"a_q_reg[14]/C","ecc_product_q_reg[220]/CE","other","FDCE=2;LUT3=1;LUT5=2;LUT6=1"
432,1.272,5.000,3.517,0.980,2.537,0.721,4,"a_q_reg[14]/C","ecc_product_q_reg[221]/CE","other","FDCE=2;LUT3=1;LUT5=2;LUT6=1"
433,1.272,5.000,3.517,0.980,2.537,0.721,4,"a_q_reg[14]/C","ecc_product_q_reg[222]/CE","other","FDCE=2;LUT3=1;LUT5=2;LUT6=1"
434,1.272,5.000,3.517,0.980,2.537,0.721,4,"a_q_reg[14]/C","ecc_product_q_reg[223]/CE","other","FDCE=2;LUT3=1;LUT5=2;LUT6=1"
435,1.272,5.000,3.517,0.980,2.537,0.721,4,"a_q_reg[14]/C","ecc_product_q_reg[224]/CE","other","FDCE=2;LUT3=1;LUT5=2;LUT6=1"
436,1.272,5.000,3.517,0.980,2.537,0.721,4,"a_q_reg[14]/C","ecc_product_q_reg[225]/CE","other","FDCE=2;LUT3=1;LUT5=2;LUT6=1"
437,1.272,5.000,3.517,0.980,2.537,0.721,4,"a_q_reg[14]/C","ecc_product_q_reg[226]/CE","other","FDCE=2;LUT3=1;LUT5=2;LUT6=1"
438,1.272,5.000,3.517,0.980,2.537,0.721,4,"a_q_reg[14]/C","ecc_product_q_reg[227]/CE","other","FDCE=2;LUT3=1;LUT5=2;LUT6=1"
439,1.272,5.000,3.517,0.980,2.537,0.721,4,"a_q_reg[14]/C","ecc_product_q_reg[228]/CE","other","FDCE=2;LUT3=1;LUT5=2;LUT6=1"
440,1.272,5.000,3.517,0.980,2.537,0.721,4,"a_q_reg[14]/C","ecc_product_q_reg[229]/CE","other","FDCE=2;LUT3=1;LUT5=2;LUT6=1"
441,1.272,5.000,3.517,0.980,2.537,0.721,4,"a_q_reg[14]/C","ecc_product_q_reg[22]/CE","other","FDCE=2;LUT3=1;LUT5=2;LUT6=1"
442,1.272,5.000,3.517,0.980,2.537,0.721,4,"a_q_reg[14]/C","ecc_product_q_reg[230]/CE","other","FDCE=2;LUT3=1;LUT5=2;LUT6=1"
443,1.272,5.000,3.517,0.980,2.537,0.721,4,"a_q_reg[14]/C","ecc_product_q_reg[231]/CE","other","FDCE=2;LUT3=1;LUT5=2;LUT6=1"
444,1.272,5.000,3.517,0.980,2.537,0.721,4,"a_q_reg[14]/C","ecc_product_q_reg[232]/CE","other","FDCE=2;LUT3=1;LUT5=2;LUT6=1"
445,1.272,5.000,3.517,0.980,2.537,0.721,4,"a_q_reg[14]/C","ecc_product_q_reg[233]/CE","other","FDCE=2;LUT3=1;LUT5=2;LUT6=1"
446,1.272,5.000,3.517,0.980,2.537,0.721,4,"a_q_reg[14]/C","ecc_product_q_reg[234]/CE","other","FDCE=2;LUT3=1;LUT5=2;LUT6=1"
447,1.272,5.000,3.517,0.980,2.537,0.721,4,"a_q_reg[14]/C","ecc_product_q_reg[235]/CE","other","FDCE=2;LUT3=1;LUT5=2;LUT6=1"
448,1.272,5.000,3.517,0.980,2.537,0.721,4,"a_q_reg[14]/C","ecc_product_q_reg[236]/CE","other","FDCE=2;LUT3=1;LUT5=2;LUT6=1"
449,1.272,5.000,3.517,0.980,2.537,0.721,4,"a_q_reg[14]/C","ecc_product_q_reg[237]/CE","other","FDCE=2;LUT3=1;LUT5=2;LUT6=1"
450,1.272,5.000,3.517,0.980,2.537,0.721,4,"a_q_reg[14]/C","ecc_product_q_reg[238]/CE","other","FDCE=2;LUT3=1;LUT5=2;LUT6=1"
451,1.272,5.000,3.517,0.980,2.537,0.721,4,"a_q_reg[14]/C","ecc_product_q_reg[239]/CE","other","FDCE=2;LUT3=1;LUT5=2;LUT6=1"
452,1.272,5.000,3.517,0.980,2.537,0.721,4,"a_q_reg[14]/C","ecc_product_q_reg[23]/CE","other","FDCE=2;LUT3=1;LUT5=2;LUT6=1"
453,1.272,5.000,3.517,0.980,2.537,0.721,4,"a_q_reg[14]/C","ecc_product_q_reg[240]/CE","other","FDCE=2;LUT3=1;LUT5=2;LUT6=1"
454,1.272,5.000,3.517,0.980,2.537,0.721,4,"a_q_reg[14]/C","ecc_product_q_reg[241]/CE","other","FDCE=2;LUT3=1;LUT5=2;LUT6=1"
455,1.272,5.000,3.517,0.980,2.537,0.721,4,"a_q_reg[14]/C","ecc_product_q_reg[242]/CE","other","FDCE=2;LUT3=1;LUT5=2;LUT6=1"
456,1.272,5.000,3.517,0.980,2.537,0.721,4,"a_q_reg[14]/C","ecc_product_q_reg[243]/CE","other","FDCE=2;LUT3=1;LUT5=2;LUT6=1"
457,1.272,5.000,3.517,0.980,2.537,0.721,4,"a_q_reg[14]/C","ecc_product_q_reg[244]/CE","other","FDCE=2;LUT3=1;LUT5=2;LUT6=1"
458,1.272,5.000,3.517,0.980,2.537,0.721,4,"a_q_reg[14]/C","ecc_product_q_reg[245]/CE","other","FDCE=2;LUT3=1;LUT5=2;LUT6=1"
459,1.272,5.000,3.517,0.980,2.537,0.721,4,"a_q_reg[14]/C","ecc_product_q_reg[246]/CE","other","FDCE=2;LUT3=1;LUT5=2;LUT6=1"
460,1.272,5.000,3.517,0.980,2.537,0.721,4,"a_q_reg[14]/C","ecc_product_q_reg[247]/CE","other","FDCE=2;LUT3=1;LUT5=2;LUT6=1"
461,1.272,5.000,3.517,0.980,2.537,0.721,4,"a_q_reg[14]/C","ecc_product_q_reg[248]/CE","other","FDCE=2;LUT3=1;LUT5=2;LUT6=1"
462,1.272,5.000,3.517,0.980,2.537,0.721,4,"a_q_reg[14]/C","ecc_product_q_reg[249]/CE","other","FDCE=2;LUT3=1;LUT5=2;LUT6=1"
463,1.272,5.000,3.517,0.980,2.537,0.721,4,"a_q_reg[14]/C","ecc_product_q_reg[24]/CE","other","FDCE=2;LUT3=1;LUT5=2;LUT6=1"
464,1.272,5.000,3.517,0.980,2.537,0.721,4,"a_q_reg[14]/C","ecc_product_q_reg[250]/CE","other","FDCE=2;LUT3=1;LUT5=2;LUT6=1"
465,1.272,5.000,3.517,0.980,2.537,0.721,4,"a_q_reg[14]/C","ecc_product_q_reg[251]/CE","other","FDCE=2;LUT3=1;LUT5=2;LUT6=1"
466,1.272,5.000,3.517,0.980,2.537,0.721,4,"a_q_reg[14]/C","ecc_product_q_reg[252]/CE","other","FDCE=2;LUT3=1;LUT5=2;LUT6=1"
467,1.272,5.000,3.517,0.980,2.537,0.721,4,"a_q_reg[14]/C","ecc_product_q_reg[253]/CE","other","FDCE=2;LUT3=1;LUT5=2;LUT6=1"
468,1.272,5.000,3.517,0.980,2.537,0.721,4,"a_q_reg[14]/C","ecc_product_q_reg[254]/CE","other","FDCE=2;LUT3=1;LUT5=2;LUT6=1"
469,1.272,5.000,3.517,0.980,2.537,0.721,4,"a_q_reg[14]/C","ecc_product_q_reg[255]/CE","other","FDCE=2;LUT3=1;LUT5=2;LUT6=1"
470,1.272,5.000,3.517,0.980,2.537,0.721,4,"a_q_reg[14]/C","ecc_product_q_reg[256]/CE","other","FDCE=2;LUT3=1;LUT5=2;LUT6=1"
471,1.272,5.000,3.517,0.980,2.537,0.721,4,"a_q_reg[14]/C","ecc_product_q_reg[257]/CE","other","FDCE=2;LUT3=1;LUT5=2;LUT6=1"
472,1.272,5.000,3.517,0.980,2.537,0.721,4,"a_q_reg[14]/C","ecc_product_q_reg[258]/CE","other","FDCE=2;LUT3=1;LUT5=2;LUT6=1"
473,1.272,5.000,3.517,0.980,2.537,0.721,4,"a_q_reg[14]/C","ecc_product_q_reg[259]/CE","other","FDCE=2;LUT3=1;LUT5=2;LUT6=1"
474,1.272,5.000,3.517,0.980,2.537,0.721,4,"a_q_reg[14]/C","ecc_product_q_reg[25]/CE","other","FDCE=2;LUT3=1;LUT5=2;LUT6=1"
475,1.272,5.000,3.517,0.980,2.537,0.721,4,"a_q_reg[14]/C","ecc_product_q_reg[260]/CE","other","FDCE=2;LUT3=1;LUT5=2;LUT6=1"
476,1.272,5.000,3.517,0.980,2.537,0.721,4,"a_q_reg[14]/C","ecc_product_q_reg[261]/CE","other","FDCE=2;LUT3=1;LUT5=2;LUT6=1"
477,1.272,5.000,3.517,0.980,2.537,0.721,4,"a_q_reg[14]/C","ecc_product_q_reg[262]/CE","other","FDCE=2;LUT3=1;LUT5=2;LUT6=1"
478,1.272,5.000,3.517,0.980,2.537,0.721,4,"a_q_reg[14]/C","ecc_product_q_reg[263]/CE","other","FDCE=2;LUT3=1;LUT5=2;LUT6=1"
479,1.272,5.000,3.517,0.980,2.537,0.721,4,"a_q_reg[14]/C","ecc_product_q_reg[264]/CE","other","FDCE=2;LUT3=1;LUT5=2;LUT6=1"
480,1.272,5.000,3.517,0.980,2.537,0.721,4,"a_q_reg[14]/C","ecc_product_q_reg[265]/CE","other","FDCE=2;LUT3=1;LUT5=2;LUT6=1"
481,1.272,5.000,3.517,0.980,2.537,0.721,4,"a_q_reg[14]/C","ecc_product_q_reg[266]/CE","other","FDCE=2;LUT3=1;LUT5=2;LUT6=1"
482,1.272,5.000,3.517,0.980,2.537,0.721,4,"a_q_reg[14]/C","ecc_product_q_reg[267]/CE","other","FDCE=2;LUT3=1;LUT5=2;LUT6=1"
483,1.272,5.000,3.517,0.980,2.537,0.721,4,"a_q_reg[14]/C","ecc_product_q_reg[268]/CE","other","FDCE=2;LUT3=1;LUT5=2;LUT6=1"
484,1.272,5.000,3.517,0.980,2.537,0.721,4,"a_q_reg[14]/C","ecc_product_q_reg[269]/CE","other","FDCE=2;LUT3=1;LUT5=2;LUT6=1"
485,1.272,5.000,3.517,0.980,2.537,0.721,4,"a_q_reg[14]/C","ecc_product_q_reg[26]/CE","other","FDCE=2;LUT3=1;LUT5=2;LUT6=1"
486,1.272,5.000,3.517,0.980,2.537,0.721,4,"a_q_reg[14]/C","ecc_product_q_reg[270]/CE","other","FDCE=2;LUT3=1;LUT5=2;LUT6=1"
487,1.272,5.000,3.517,0.980,2.537,0.721,4,"a_q_reg[14]/C","ecc_product_q_reg[271]/CE","other","FDCE=2;LUT3=1;LUT5=2;LUT6=1"
488,1.272,5.000,3.517,0.980,2.537,0.721,4,"a_q_reg[14]/C","ecc_product_q_reg[272]/CE","other","FDCE=2;LUT3=1;LUT5=2;LUT6=1"
489,1.272,5.000,3.517,0.980,2.537,0.721,4,"a_q_reg[14]/C","ecc_product_q_reg[273]/CE","other","FDCE=2;LUT3=1;LUT5=2;LUT6=1"
490,1.272,5.000,3.517,0.980,2.537,0.721,4,"a_q_reg[14]/C","ecc_product_q_reg[274]/CE","other","FDCE=2;LUT3=1;LUT5=2;LUT6=1"
491,1.272,5.000,3.517,0.980,2.537,0.721,4,"a_q_reg[14]/C","ecc_product_q_reg[275]/CE","other","FDCE=2;LUT3=1;LUT5=2;LUT6=1"
492,1.272,5.000,3.517,0.980,2.537,0.721,4,"a_q_reg[14]/C","ecc_product_q_reg[276]/CE","other","FDCE=2;LUT3=1;LUT5=2;LUT6=1"
493,1.272,5.000,3.517,0.980,2.537,0.721,4,"a_q_reg[14]/C","ecc_product_q_reg[277]/CE","other","FDCE=2;LUT3=1;LUT5=2;LUT6=1"
494,1.272,5.000,3.517,0.980,2.537,0.721,4,"a_q_reg[14]/C","ecc_product_q_reg[278]/CE","other","FDCE=2;LUT3=1;LUT5=2;LUT6=1"
495,1.272,5.000,3.517,0.980,2.537,0.721,4,"a_q_reg[14]/C","ecc_product_q_reg[279]/CE","other","FDCE=2;LUT3=1;LUT5=2;LUT6=1"
496,1.272,5.000,3.517,0.980,2.537,0.721,4,"a_q_reg[14]/C","ecc_product_q_reg[27]/CE","other","FDCE=2;LUT3=1;LUT5=2;LUT6=1"
497,1.272,5.000,3.517,0.980,2.537,0.721,4,"a_q_reg[14]/C","ecc_product_q_reg[280]/CE","other","FDCE=2;LUT3=1;LUT5=2;LUT6=1"
498,1.272,5.000,3.517,0.980,2.537,0.721,4,"a_q_reg[14]/C","ecc_product_q_reg[281]/CE","other","FDCE=2;LUT3=1;LUT5=2;LUT6=1"
499,1.272,5.000,3.517,0.980,2.537,0.721,4,"a_q_reg[14]/C","ecc_product_q_reg[282]/CE","other","FDCE=2;LUT3=1;LUT5=2;LUT6=1"
500,1.272,5.000,3.517,0.980,2.537,0.721,4,"a_q_reg[14]/C","ecc_product_q_reg[283]/CE","other","FDCE=2;LUT3=1;LUT5=2;LUT6=1"
501,1.272,5.000,3.517,0.980,2.537,0.721,4,"a_q_reg[14]/C","ecc_product_q_reg[284]/CE","other","FDCE=2;LUT3=1;LUT5=2;LUT6=1"
502,1.272,5.000,3.517,0.980,2.537,0.721,4,"a_q_reg[14]/C","ecc_product_q_reg[285]/CE","other","FDCE=2;LUT3=1;LUT5=2;LUT6=1"
503,1.272,5.000,3.517,0.980,2.537,0.721,4,"a_q_reg[14]/C","ecc_product_q_reg[286]/CE","other","FDCE=2;LUT3=1;LUT5=2;LUT6=1"
504,1.272,5.000,3.517,0.980,2.537,0.721,4,"a_q_reg[14]/C","ecc_product_q_reg[287]/CE","other","FDCE=2;LUT3=1;LUT5=2;LUT6=1"
505,1.272,5.000,3.517,0.980,2.537,0.721,4,"a_q_reg[14]/C","ecc_product_q_reg[288]/CE","other","FDCE=2;LUT3=1;LUT5=2;LUT6=1"
506,1.272,5.000,3.517,0.980,2.537,0.721,4,"a_q_reg[14]/C","ecc_product_q_reg[289]/CE","other","FDCE=2;LUT3=1;LUT5=2;LUT6=1"
507,1.272,5.000,3.517,0.980,2.537,0.721,4,"a_q_reg[14]/C","ecc_product_q_reg[28]/CE","other","FDCE=2;LUT3=1;LUT5=2;LUT6=1"
508,1.272,5.000,3.517,0.980,2.537,0.721,4,"a_q_reg[14]/C","ecc_product_q_reg[290]/CE","other","FDCE=2;LUT3=1;LUT5=2;LUT6=1"
509,1.272,5.000,3.517,0.980,2.537,0.721,4,"a_q_reg[14]/C","ecc_product_q_reg[291]/CE","other","FDCE=2;LUT3=1;LUT5=2;LUT6=1"
510,1.272,5.000,3.517,0.980,2.537,0.721,4,"a_q_reg[14]/C","ecc_product_q_reg[292]/CE","other","FDCE=2;LUT3=1;LUT5=2;LUT6=1"
511,1.272,5.000,3.517,0.980,2.537,0.721,4,"a_q_reg[14]/C","ecc_product_q_reg[293]/CE","other","FDCE=2;LUT3=1;LUT5=2;LUT6=1"
512,1.272,5.000,3.517,0.980,2.537,0.721,4,"a_q_reg[14]/C","ecc_product_q_reg[294]/CE","other","FDCE=2;LUT3=1;LUT5=2;LUT6=1"
513,1.272,5.000,3.517,0.980,2.537,0.721,4,"a_q_reg[14]/C","ecc_product_q_reg[295]/CE","other","FDCE=2;LUT3=1;LUT5=2;LUT6=1"
514,1.272,5.000,3.517,0.980,2.537,0.721,4,"a_q_reg[14]/C","ecc_product_q_reg[296]/CE","other","FDCE=2;LUT3=1;LUT5=2;LUT6=1"
515,1.272,5.000,3.517,0.980,2.537,0.721,4,"a_q_reg[14]/C","ecc_product_q_reg[297]/CE","other","FDCE=2;LUT3=1;LUT5=2;LUT6=1"
516,1.272,5.000,3.517,0.980,2.537,0.721,4,"a_q_reg[14]/C","ecc_product_q_reg[298]/CE","other","FDCE=2;LUT3=1;LUT5=2;LUT6=1"
517,1.272,5.000,3.517,0.980,2.537,0.721,4,"a_q_reg[14]/C","ecc_product_q_reg[299]/CE","other","FDCE=2;LUT3=1;LUT5=2;LUT6=1"
518,1.272,5.000,3.517,0.980,2.537,0.721,4,"a_q_reg[14]/C","ecc_product_q_reg[29]/CE","other","FDCE=2;LUT3=1;LUT5=2;LUT6=1"
519,1.272,5.000,3.517,0.980,2.537,0.721,4,"a_q_reg[14]/C","ecc_product_q_reg[2]/CE","other","FDCE=2;LUT3=1;LUT5=2;LUT6=1"
520,1.272,5.000,3.517,0.980,2.537,0.721,4,"a_q_reg[14]/C","ecc_product_q_reg[300]/CE","other","FDCE=2;LUT3=1;LUT5=2;LUT6=1"
521,1.272,5.000,3.517,0.980,2.537,0.721,4,"a_q_reg[14]/C","ecc_product_q_reg[301]/CE","other","FDCE=2;LUT3=1;LUT5=2;LUT6=1"
522,1.272,5.000,3.517,0.980,2.537,0.721,4,"a_q_reg[14]/C","ecc_product_q_reg[302]/CE","other","FDCE=2;LUT3=1;LUT5=2;LUT6=1"
523,1.272,5.000,3.517,0.980,2.537,0.721,4,"a_q_reg[14]/C","ecc_product_q_reg[303]/CE","other","FDCE=2;LUT3=1;LUT5=2;LUT6=1"
524,1.272,5.000,3.517,0.980,2.537,0.721,4,"a_q_reg[14]/C","ecc_product_q_reg[304]/CE","other","FDCE=2;LUT3=1;LUT5=2;LUT6=1"
525,1.272,5.000,3.517,0.980,2.537,0.721,4,"a_q_reg[14]/C","ecc_product_q_reg[305]/CE","other","FDCE=2;LUT3=1;LUT5=2;LUT6=1"
526,1.272,5.000,3.517,0.980,2.537,0.721,4,"a_q_reg[14]/C","ecc_product_q_reg[306]/CE","other","FDCE=2;LUT3=1;LUT5=2;LUT6=1"
527,1.272,5.000,3.517,0.980,2.537,0.721,4,"a_q_reg[14]/C","ecc_product_q_reg[307]/CE","other","FDCE=2;LUT3=1;LUT5=2;LUT6=1"
528,1.272,5.000,3.517,0.980,2.537,0.721,4,"a_q_reg[14]/C","ecc_product_q_reg[308]/CE","other","FDCE=2;LUT3=1;LUT5=2;LUT6=1"
529,1.272,5.000,3.517,0.980,2.537,0.721,4,"a_q_reg[14]/C","ecc_product_q_reg[309]/CE","other","FDCE=2;LUT3=1;LUT5=2;LUT6=1"
530,1.272,5.000,3.517,0.980,2.537,0.721,4,"a_q_reg[14]/C","ecc_product_q_reg[30]/CE","other","FDCE=2;LUT3=1;LUT5=2;LUT6=1"
531,1.272,5.000,3.517,0.980,2.537,0.721,4,"a_q_reg[14]/C","ecc_product_q_reg[310]/CE","other","FDCE=2;LUT3=1;LUT5=2;LUT6=1"
532,1.272,5.000,3.517,0.980,2.537,0.721,4,"a_q_reg[14]/C","ecc_product_q_reg[311]/CE","other","FDCE=2;LUT3=1;LUT5=2;LUT6=1"
533,1.272,5.000,3.517,0.980,2.537,0.721,4,"a_q_reg[14]/C","ecc_product_q_reg[312]/CE","other","FDCE=2;LUT3=1;LUT5=2;LUT6=1"
534,1.272,5.000,3.517,0.980,2.537,0.721,4,"a_q_reg[14]/C","ecc_product_q_reg[313]/CE","other","FDCE=2;LUT3=1;LUT5=2;LUT6=1"
535,1.272,5.000,3.517,0.980,2.537,0.721,4,"a_q_reg[14]/C","ecc_product_q_reg[314]/CE","other","FDCE=2;LUT3=1;LUT5=2;LUT6=1"
536,1.272,5.000,3.517,0.980,2.537,0.721,4,"a_q_reg[14]/C","ecc_product_q_reg[315]/CE","other","FDCE=2;LUT3=1;LUT5=2;LUT6=1"
537,1.272,5.000,3.517,0.980,2.537,0.721,4,"a_q_reg[14]/C","ecc_product_q_reg[316]/CE","other","FDCE=2;LUT3=1;LUT5=2;LUT6=1"
538,1.272,5.000,3.517,0.980,2.537,0.721,4,"a_q_reg[14]/C","ecc_product_q_reg[317]/CE","other","FDCE=2;LUT3=1;LUT5=2;LUT6=1"
539,1.272,5.000,3.517,0.980,2.537,0.721,4,"a_q_reg[14]/C","ecc_product_q_reg[318]/CE","other","FDCE=2;LUT3=1;LUT5=2;LUT6=1"
540,1.272,5.000,3.517,0.980,2.537,0.721,4,"a_q_reg[14]/C","ecc_product_q_reg[319]/CE","other","FDCE=2;LUT3=1;LUT5=2;LUT6=1"
541,1.272,5.000,3.517,0.980,2.537,0.721,4,"a_q_reg[14]/C","ecc_product_q_reg[31]/CE","other","FDCE=2;LUT3=1;LUT5=2;LUT6=1"
542,1.272,5.000,3.517,0.980,2.537,0.721,4,"a_q_reg[14]/C","ecc_product_q_reg[320]/CE","other","FDCE=2;LUT3=1;LUT5=2;LUT6=1"
543,1.272,5.000,3.517,0.980,2.537,0.721,4,"a_q_reg[14]/C","ecc_product_q_reg[321]/CE","other","FDCE=2;LUT3=1;LUT5=2;LUT6=1"
544,1.272,5.000,3.517,0.980,2.537,0.721,4,"a_q_reg[14]/C","ecc_product_q_reg[322]/CE","other","FDCE=2;LUT3=1;LUT5=2;LUT6=1"
545,1.272,5.000,3.517,0.980,2.537,0.721,4,"a_q_reg[14]/C","ecc_product_q_reg[323]/CE","other","FDCE=2;LUT3=1;LUT5=2;LUT6=1"
546,1.272,5.000,3.517,0.980,2.537,0.721,4,"a_q_reg[14]/C","ecc_product_q_reg[324]/CE","other","FDCE=2;LUT3=1;LUT5=2;LUT6=1"
547,1.272,5.000,3.517,0.980,2.537,0.721,4,"a_q_reg[14]/C","ecc_product_q_reg[325]/CE","other","FDCE=2;LUT3=1;LUT5=2;LUT6=1"
548,1.272,5.000,3.517,0.980,2.537,0.721,4,"a_q_reg[14]/C","ecc_product_q_reg[326]/CE","other","FDCE=2;LUT3=1;LUT5=2;LUT6=1"
549,1.272,5.000,3.517,0.980,2.537,0.721,4,"a_q_reg[14]/C","ecc_product_q_reg[327]/CE","other","FDCE=2;LUT3=1;LUT5=2;LUT6=1"
550,1.272,5.000,3.517,0.980,2.537,0.721,4,"a_q_reg[14]/C","ecc_product_q_reg[328]/CE","other","FDCE=2;LUT3=1;LUT5=2;LUT6=1"
551,1.272,5.000,3.517,0.980,2.537,0.721,4,"a_q_reg[14]/C","ecc_product_q_reg[329]/CE","other","FDCE=2;LUT3=1;LUT5=2;LUT6=1"
552,1.272,5.000,3.517,0.980,2.537,0.721,4,"a_q_reg[14]/C","ecc_product_q_reg[32]/CE","other","FDCE=2;LUT3=1;LUT5=2;LUT6=1"
553,1.272,5.000,3.517,0.980,2.537,0.721,4,"a_q_reg[14]/C","ecc_product_q_reg[330]/CE","other","FDCE=2;LUT3=1;LUT5=2;LUT6=1"
554,1.272,5.000,3.517,0.980,2.537,0.721,4,"a_q_reg[14]/C","ecc_product_q_reg[331]/CE","other","FDCE=2;LUT3=1;LUT5=2;LUT6=1"
555,1.272,5.000,3.517,0.980,2.537,0.721,4,"a_q_reg[14]/C","ecc_product_q_reg[332]/CE","other","FDCE=2;LUT3=1;LUT5=2;LUT6=1"
556,1.272,5.000,3.517,0.980,2.537,0.721,4,"a_q_reg[14]/C","ecc_product_q_reg[333]/CE","other","FDCE=2;LUT3=1;LUT5=2;LUT6=1"
557,1.272,5.000,3.517,0.980,2.537,0.721,4,"a_q_reg[14]/C","ecc_product_q_reg[334]/CE","other","FDCE=2;LUT3=1;LUT5=2;LUT6=1"
558,1.272,5.000,3.517,0.980,2.537,0.721,4,"a_q_reg[14]/C","ecc_product_q_reg[335]/CE","other","FDCE=2;LUT3=1;LUT5=2;LUT6=1"
559,1.272,5.000,3.517,0.980,2.537,0.721,4,"a_q_reg[14]/C","ecc_product_q_reg[336]/CE","other","FDCE=2;LUT3=1;LUT5=2;LUT6=1"
560,1.272,5.000,3.517,0.980,2.537,0.721,4,"a_q_reg[14]/C","ecc_product_q_reg[337]/CE","other","FDCE=2;LUT3=1;LUT5=2;LUT6=1"
561,1.272,5.000,3.517,0.980,2.537,0.721,4,"a_q_reg[14]/C","ecc_product_q_reg[338]/CE","other","FDCE=2;LUT3=1;LUT5=2;LUT6=1"
562,1.272,5.000,3.517,0.980,2.537,0.721,4,"a_q_reg[14]/C","ecc_product_q_reg[339]/CE","other","FDCE=2;LUT3=1;LUT5=2;LUT6=1"
563,1.272,5.000,3.517,0.980,2.537,0.721,4,"a_q_reg[14]/C","ecc_product_q_reg[33]/CE","other","FDCE=2;LUT3=1;LUT5=2;LUT6=1"
564,1.272,5.000,3.517,0.980,2.537,0.721,4,"a_q_reg[14]/C","ecc_product_q_reg[340]/CE","other","FDCE=2;LUT3=1;LUT5=2;LUT6=1"
565,1.272,5.000,3.517,0.980,2.537,0.721,4,"a_q_reg[14]/C","ecc_product_q_reg[341]/CE","other","FDCE=2;LUT3=1;LUT5=2;LUT6=1"
566,1.272,5.000,3.517,0.980,2.537,0.721,4,"a_q_reg[14]/C","ecc_product_q_reg[342]/CE","other","FDCE=2;LUT3=1;LUT5=2;LUT6=1"
567,1.272,5.000,3.517,0.980,2.537,0.721,4,"a_q_reg[14]/C","ecc_product_q_reg[343]/CE","other","FDCE=2;LUT3=1;LUT5=2;LUT6=1"
568,1.272,5.000,3.517,0.980,2.537,0.721,4,"a_q_reg[14]/C","ecc_product_q_reg[344]/CE","other","FDCE=2;LUT3=1;LUT5=2;LUT6=1"
569,1.272,5.000,3.517,0.980,2.537,0.721,4,"a_q_reg[14]/C","ecc_product_q_reg[345]/CE","other","FDCE=2;LUT3=1;LUT5=2;LUT6=1"
570,1.272,5.000,3.517,0.980,2.537,0.721,4,"a_q_reg[14]/C","ecc_product_q_reg[346]/CE","other","FDCE=2;LUT3=1;LUT5=2;LUT6=1"
571,1.272,5.000,3.517,0.980,2.537,0.721,4,"a_q_reg[14]/C","ecc_product_q_reg[347]/CE","other","FDCE=2;LUT3=1;LUT5=2;LUT6=1"
572,1.272,5.000,3.517,0.980,2.537,0.721,4,"a_q_reg[14]/C","ecc_product_q_reg[348]/CE","other","FDCE=2;LUT3=1;LUT5=2;LUT6=1"
573,1.272,5.000,3.517,0.980,2.537,0.721,4,"a_q_reg[14]/C","ecc_product_q_reg[349]/CE","other","FDCE=2;LUT3=1;LUT5=2;LUT6=1"
574,1.272,5.000,3.517,0.980,2.537,0.721,4,"a_q_reg[14]/C","ecc_product_q_reg[34]/CE","other","FDCE=2;LUT3=1;LUT5=2;LUT6=1"
575,1.272,5.000,3.517,0.980,2.537,0.721,4,"a_q_reg[14]/C","ecc_product_q_reg[350]/CE","other","FDCE=2;LUT3=1;LUT5=2;LUT6=1"
576,1.272,5.000,3.517,0.980,2.537,0.721,4,"a_q_reg[14]/C","ecc_product_q_reg[351]/CE","other","FDCE=2;LUT3=1;LUT5=2;LUT6=1"
577,1.272,5.000,3.517,0.980,2.537,0.721,4,"a_q_reg[14]/C","ecc_product_q_reg[352]/CE","other","FDCE=2;LUT3=1;LUT5=2;LUT6=1"
578,1.272,5.000,3.517,0.980,2.537,0.721,4,"a_q_reg[14]/C","ecc_product_q_reg[353]/CE","other","FDCE=2;LUT3=1;LUT5=2;LUT6=1"
579,1.272,5.000,3.517,0.980,2.537,0.721,4,"a_q_reg[14]/C","ecc_product_q_reg[354]/CE","other","FDCE=2;LUT3=1;LUT5=2;LUT6=1"
580,1.272,5.000,3.517,0.980,2.537,0.721,4,"a_q_reg[14]/C","ecc_product_q_reg[355]/CE","other","FDCE=2;LUT3=1;LUT5=2;LUT6=1"
581,1.272,5.000,3.517,0.980,2.537,0.721,4,"a_q_reg[14]/C","ecc_product_q_reg[356]/CE","other","FDCE=2;LUT3=1;LUT5=2;LUT6=1"
582,1.272,5.000,3.517,0.980,2.537,0.721,4,"a_q_reg[14]/C","ecc_product_q_reg[357]/CE","other","FDCE=2;LUT3=1;LUT5=2;LUT6=1"
583,1.272,5.000,3.517,0.980,2.537,0.721,4,"a_q_reg[14]/C","ecc_product_q_reg[358]/CE","other","FDCE=2;LUT3=1;LUT5=2;LUT6=1"
584,1.272,5.000,3.517,0.980,2.537,0.721,4,"a_q_reg[14]/C","ecc_product_q_reg[359]/CE","other","FDCE=2;LUT3=1;LUT5=2;LUT6=1"
585,1.272,5.000,3.517,0.980,2.537,0.721,4,"a_q_reg[14]/C","ecc_product_q_reg[35]/CE","other","FDCE=2;LUT3=1;LUT5=2;LUT6=1"
586,1.272,5.000,3.517,0.980,2.537,0.721,4,"a_q_reg[14]/C","ecc_product_q_reg[360]/CE","other","FDCE=2;LUT3=1;LUT5=2;LUT6=1"
587,1.272,5.000,3.517,0.980,2.537,0.721,4,"a_q_reg[14]/C","ecc_product_q_reg[361]/CE","other","FDCE=2;LUT3=1;LUT5=2;LUT6=1"
588,1.272,5.000,3.517,0.980,2.537,0.721,4,"a_q_reg[14]/C","ecc_product_q_reg[362]/CE","other","FDCE=2;LUT3=1;LUT5=2;LUT6=1"
589,1.272,5.000,3.517,0.980,2.537,0.721,4,"a_q_reg[14]/C","ecc_product_q_reg[363]/CE","other","FDCE=2;LUT3=1;LUT5=2;LUT6=1"
590,1.272,5.000,3.517,0.980,2.537,0.721,4,"a_q_reg[14]/C","ecc_product_q_reg[364]/CE","other","FDCE=2;LUT3=1;LUT5=2;LUT6=1"
591,1.272,5.000,3.517,0.980,2.537,0.721,4,"a_q_reg[14]/C","ecc_product_q_reg[365]/CE","other","FDCE=2;LUT3=1;LUT5=2;LUT6=1"
592,1.272,5.000,3.517,0.980,2.537,0.721,4,"a_q_reg[14]/C","ecc_product_q_reg[366]/CE","other","FDCE=2;LUT3=1;LUT5=2;LUT6=1"
593,1.272,5.000,3.517,0.980,2.537,0.721,4,"a_q_reg[14]/C","ecc_product_q_reg[367]/CE","other","FDCE=2;LUT3=1;LUT5=2;LUT6=1"
594,1.272,5.000,3.517,0.980,2.537,0.721,4,"a_q_reg[14]/C","ecc_product_q_reg[368]/CE","other","FDCE=2;LUT3=1;LUT5=2;LUT6=1"
595,1.272,5.000,3.517,0.980,2.537,0.721,4,"a_q_reg[14]/C","ecc_product_q_reg[369]/CE","other","FDCE=2;LUT3=1;LUT5=2;LUT6=1"
596,1.272,5.000,3.517,0.980,2.537,0.721,4,"a_q_reg[14]/C","ecc_product_q_reg[36]/CE","other","FDCE=2;LUT3=1;LUT5=2;LUT6=1"
597,1.272,5.000,3.517,0.980,2.537,0.721,4,"a_q_reg[14]/C","ecc_product_q_reg[370]/CE","other","FDCE=2;LUT3=1;LUT5=2;LUT6=1"
598,1.272,5.000,3.517,0.980,2.537,0.721,4,"a_q_reg[14]/C","ecc_product_q_reg[371]/CE","other","FDCE=2;LUT3=1;LUT5=2;LUT6=1"
599,1.272,5.000,3.517,0.980,2.537,0.721,4,"a_q_reg[14]/C","ecc_product_q_reg[372]/CE","other","FDCE=2;LUT3=1;LUT5=2;LUT6=1"
600,1.272,5.000,3.517,0.980,2.537,0.721,4,"a_q_reg[14]/C","ecc_product_q_reg[373]/CE","other","FDCE=2;LUT3=1;LUT5=2;LUT6=1"
601,1.272,5.000,3.517,0.980,2.537,0.721,4,"a_q_reg[14]/C","ecc_product_q_reg[374]/CE","other","FDCE=2;LUT3=1;LUT5=2;LUT6=1"
602,1.272,5.000,3.517,0.980,2.537,0.721,4,"a_q_reg[14]/C","ecc_product_q_reg[375]/CE","other","FDCE=2;LUT3=1;LUT5=2;LUT6=1"
603,1.272,5.000,3.517,0.980,2.537,0.721,4,"a_q_reg[14]/C","ecc_product_q_reg[376]/CE","other","FDCE=2;LUT3=1;LUT5=2;LUT6=1"
604,1.272,5.000,3.517,0.980,2.537,0.721,4,"a_q_reg[14]/C","ecc_product_q_reg[377]/CE","other","FDCE=2;LUT3=1;LUT5=2;LUT6=1"
605,1.272,5.000,3.517,0.980,2.537,0.721,4,"a_q_reg[14]/C","ecc_product_q_reg[378]/CE","other","FDCE=2;LUT3=1;LUT5=2;LUT6=1"
606,1.272,5.000,3.517,0.980,2.537,0.721,4,"a_q_reg[14]/C","ecc_product_q_reg[379]/CE","other","FDCE=2;LUT3=1;LUT5=2;LUT6=1"
607,1.272,5.000,3.517,0.980,2.537,0.721,4,"a_q_reg[14]/C","ecc_product_q_reg[37]/CE","other","FDCE=2;LUT3=1;LUT5=2;LUT6=1"
608,1.272,5.000,3.517,0.980,2.537,0.721,4,"a_q_reg[14]/C","ecc_product_q_reg[380]/CE","other","FDCE=2;LUT3=1;LUT5=2;LUT6=1"
609,1.272,5.000,3.517,0.980,2.537,0.721,4,"a_q_reg[14]/C","ecc_product_q_reg[381]/CE","other","FDCE=2;LUT3=1;LUT5=2;LUT6=1"
610,1.272,5.000,3.517,0.980,2.537,0.721,4,"a_q_reg[14]/C","ecc_product_q_reg[382]/CE","other","FDCE=2;LUT3=1;LUT5=2;LUT6=1"
611,1.272,5.000,3.517,0.980,2.537,0.721,4,"a_q_reg[14]/C","ecc_product_q_reg[383]/CE","other","FDCE=2;LUT3=1;LUT5=2;LUT6=1"
612,1.272,5.000,3.517,0.980,2.537,0.721,4,"a_q_reg[14]/C","ecc_product_q_reg[384]/CE","other","FDCE=2;LUT3=1;LUT5=2;LUT6=1"
613,1.272,5.000,3.517,0.980,2.537,0.721,4,"a_q_reg[14]/C","ecc_product_q_reg[385]/CE","other","FDCE=2;LUT3=1;LUT5=2;LUT6=1"
614,1.272,5.000,3.517,0.980,2.537,0.721,4,"a_q_reg[14]/C","ecc_product_q_reg[386]/CE","other","FDCE=2;LUT3=1;LUT5=2;LUT6=1"
615,1.272,5.000,3.517,0.980,2.537,0.721,4,"a_q_reg[14]/C","ecc_product_q_reg[387]/CE","other","FDCE=2;LUT3=1;LUT5=2;LUT6=1"
616,1.272,5.000,3.517,0.980,2.537,0.721,4,"a_q_reg[14]/C","ecc_product_q_reg[388]/CE","other","FDCE=2;LUT3=1;LUT5=2;LUT6=1"
617,1.272,5.000,3.517,0.980,2.537,0.721,4,"a_q_reg[14]/C","ecc_product_q_reg[389]/CE","other","FDCE=2;LUT3=1;LUT5=2;LUT6=1"
618,1.272,5.000,3.517,0.980,2.537,0.721,4,"a_q_reg[14]/C","ecc_product_q_reg[38]/CE","other","FDCE=2;LUT3=1;LUT5=2;LUT6=1"
619,1.272,5.000,3.517,0.980,2.537,0.721,4,"a_q_reg[14]/C","ecc_product_q_reg[390]/CE","other","FDCE=2;LUT3=1;LUT5=2;LUT6=1"
620,1.272,5.000,3.517,0.980,2.537,0.721,4,"a_q_reg[14]/C","ecc_product_q_reg[391]/CE","other","FDCE=2;LUT3=1;LUT5=2;LUT6=1"
621,1.272,5.000,3.517,0.980,2.537,0.721,4,"a_q_reg[14]/C","ecc_product_q_reg[392]/CE","other","FDCE=2;LUT3=1;LUT5=2;LUT6=1"
622,1.272,5.000,3.517,0.980,2.537,0.721,4,"a_q_reg[14]/C","ecc_product_q_reg[393]/CE","other","FDCE=2;LUT3=1;LUT5=2;LUT6=1"
623,1.272,5.000,3.517,0.980,2.537,0.721,4,"a_q_reg[14]/C","ecc_product_q_reg[394]/CE","other","FDCE=2;LUT3=1;LUT5=2;LUT6=1"
624,1.272,5.000,3.517,0.980,2.537,0.721,4,"a_q_reg[14]/C","ecc_product_q_reg[395]/CE","other","FDCE=2;LUT3=1;LUT5=2;LUT6=1"
625,1.272,5.000,3.517,0.980,2.537,0.721,4,"a_q_reg[14]/C","ecc_product_q_reg[396]/CE","other","FDCE=2;LUT3=1;LUT5=2;LUT6=1"
626,1.272,5.000,3.517,0.980,2.537,0.721,4,"a_q_reg[14]/C","ecc_product_q_reg[397]/CE","other","FDCE=2;LUT3=1;LUT5=2;LUT6=1"
627,1.272,5.000,3.517,0.980,2.537,0.721,4,"a_q_reg[14]/C","ecc_product_q_reg[398]/CE","other","FDCE=2;LUT3=1;LUT5=2;LUT6=1"
628,1.272,5.000,3.517,0.980,2.537,0.721,4,"a_q_reg[14]/C","ecc_product_q_reg[399]/CE","other","FDCE=2;LUT3=1;LUT5=2;LUT6=1"
629,1.272,5.000,3.517,0.980,2.537,0.721,4,"a_q_reg[14]/C","ecc_product_q_reg[39]/CE","other","FDCE=2;LUT3=1;LUT5=2;LUT6=1"
630,1.272,5.000,3.517,0.980,2.537,0.721,4,"a_q_reg[14]/C","ecc_product_q_reg[3]/CE","other","FDCE=2;LUT3=1;LUT5=2;LUT6=1"
631,1.272,5.000,3.517,0.980,2.537,0.721,4,"a_q_reg[14]/C","ecc_product_q_reg[400]/CE","other","FDCE=2;LUT3=1;LUT5=2;LUT6=1"
632,1.272,5.000,3.517,0.980,2.537,0.721,4,"a_q_reg[14]/C","ecc_product_q_reg[401]/CE","other","FDCE=2;LUT3=1;LUT5=2;LUT6=1"
633,1.272,5.000,3.517,0.980,2.537,0.721,4,"a_q_reg[14]/C","ecc_product_q_reg[402]/CE","other","FDCE=2;LUT3=1;LUT5=2;LUT6=1"
634,1.272,5.000,3.517,0.980,2.537,0.721,4,"a_q_reg[14]/C","ecc_product_q_reg[403]/CE","other","FDCE=2;LUT3=1;LUT5=2;LUT6=1"
635,1.272,5.000,3.517,0.980,2.537,0.721,4,"a_q_reg[14]/C","ecc_product_q_reg[404]/CE","other","FDCE=2;LUT3=1;LUT5=2;LUT6=1"
636,1.272,5.000,3.517,0.980,2.537,0.721,4,"a_q_reg[14]/C","ecc_product_q_reg[405]/CE","other","FDCE=2;LUT3=1;LUT5=2;LUT6=1"
637,1.272,5.000,3.517,0.980,2.537,0.721,4,"a_q_reg[14]/C","ecc_product_q_reg[406]/CE","other","FDCE=2;LUT3=1;LUT5=2;LUT6=1"
638,1.272,5.000,3.517,0.980,2.537,0.721,4,"a_q_reg[14]/C","ecc_product_q_reg[407]/CE","other","FDCE=2;LUT3=1;LUT5=2;LUT6=1"
639,1.272,5.000,3.517,0.980,2.537,0.721,4,"a_q_reg[14]/C","ecc_product_q_reg[408]/CE","other","FDCE=2;LUT3=1;LUT5=2;LUT6=1"
640,1.272,5.000,3.517,0.980,2.537,0.721,4,"a_q_reg[14]/C","ecc_product_q_reg[409]/CE","other","FDCE=2;LUT3=1;LUT5=2;LUT6=1"
641,1.272,5.000,3.517,0.980,2.537,0.721,4,"a_q_reg[14]/C","ecc_product_q_reg[40]/CE","other","FDCE=2;LUT3=1;LUT5=2;LUT6=1"
642,1.272,5.000,3.517,0.980,2.537,0.721,4,"a_q_reg[14]/C","ecc_product_q_reg[410]/CE","other","FDCE=2;LUT3=1;LUT5=2;LUT6=1"
643,1.272,5.000,3.517,0.980,2.537,0.721,4,"a_q_reg[14]/C","ecc_product_q_reg[411]/CE","other","FDCE=2;LUT3=1;LUT5=2;LUT6=1"
644,1.272,5.000,3.517,0.980,2.537,0.721,4,"a_q_reg[14]/C","ecc_product_q_reg[412]/CE","other","FDCE=2;LUT3=1;LUT5=2;LUT6=1"
645,1.272,5.000,3.517,0.980,2.537,0.721,4,"a_q_reg[14]/C","ecc_product_q_reg[413]/CE","other","FDCE=2;LUT3=1;LUT5=2;LUT6=1"
646,1.272,5.000,3.517,0.980,2.537,0.721,4,"a_q_reg[14]/C","ecc_product_q_reg[414]/CE","other","FDCE=2;LUT3=1;LUT5=2;LUT6=1"
647,1.272,5.000,3.517,0.980,2.537,0.721,4,"a_q_reg[14]/C","ecc_product_q_reg[415]/CE","other","FDCE=2;LUT3=1;LUT5=2;LUT6=1"
648,1.272,5.000,3.517,0.980,2.537,0.721,4,"a_q_reg[14]/C","ecc_product_q_reg[416]/CE","other","FDCE=2;LUT3=1;LUT5=2;LUT6=1"
649,1.272,5.000,3.517,0.980,2.537,0.721,4,"a_q_reg[14]/C","ecc_product_q_reg[417]/CE","other","FDCE=2;LUT3=1;LUT5=2;LUT6=1"
650,1.272,5.000,3.517,0.980,2.537,0.721,4,"a_q_reg[14]/C","ecc_product_q_reg[418]/CE","other","FDCE=2;LUT3=1;LUT5=2;LUT6=1"
651,1.272,5.000,3.517,0.980,2.537,0.721,4,"a_q_reg[14]/C","ecc_product_q_reg[419]/CE","other","FDCE=2;LUT3=1;LUT5=2;LUT6=1"
652,1.272,5.000,3.517,0.980,2.537,0.721,4,"a_q_reg[14]/C","ecc_product_q_reg[41]/CE","other","FDCE=2;LUT3=1;LUT5=2;LUT6=1"
653,1.272,5.000,3.517,0.980,2.537,0.721,4,"a_q_reg[14]/C","ecc_product_q_reg[420]/CE","other","FDCE=2;LUT3=1;LUT5=2;LUT6=1"
654,1.272,5.000,3.517,0.980,2.537,0.721,4,"a_q_reg[14]/C","ecc_product_q_reg[421]/CE","other","FDCE=2;LUT3=1;LUT5=2;LUT6=1"
655,1.272,5.000,3.517,0.980,2.537,0.721,4,"a_q_reg[14]/C","ecc_product_q_reg[422]/CE","other","FDCE=2;LUT3=1;LUT5=2;LUT6=1"
656,1.272,5.000,3.517,0.980,2.537,0.721,4,"a_q_reg[14]/C","ecc_product_q_reg[423]/CE","other","FDCE=2;LUT3=1;LUT5=2;LUT6=1"
657,1.272,5.000,3.517,0.980,2.537,0.721,4,"a_q_reg[14]/C","ecc_product_q_reg[424]/CE","other","FDCE=2;LUT3=1;LUT5=2;LUT6=1"
658,1.272,5.000,3.517,0.980,2.537,0.721,4,"a_q_reg[14]/C","ecc_product_q_reg[425]/CE","other","FDCE=2;LUT3=1;LUT5=2;LUT6=1"
659,1.272,5.000,3.517,0.980,2.537,0.721,4,"a_q_reg[14]/C","ecc_product_q_reg[426]/CE","other","FDCE=2;LUT3=1;LUT5=2;LUT6=1"
660,1.272,5.000,3.517,0.980,2.537,0.721,4,"a_q_reg[14]/C","ecc_product_q_reg[427]/CE","other","FDCE=2;LUT3=1;LUT5=2;LUT6=1"
661,1.272,5.000,3.517,0.980,2.537,0.721,4,"a_q_reg[14]/C","ecc_product_q_reg[428]/CE","other","FDCE=2;LUT3=1;LUT5=2;LUT6=1"
662,1.272,5.000,3.517,0.980,2.537,0.721,4,"a_q_reg[14]/C","ecc_product_q_reg[429]/CE","other","FDCE=2;LUT3=1;LUT5=2;LUT6=1"
663,1.272,5.000,3.517,0.980,2.537,0.721,4,"a_q_reg[14]/C","ecc_product_q_reg[42]/CE","other","FDCE=2;LUT3=1;LUT5=2;LUT6=1"
664,1.272,5.000,3.517,0.980,2.537,0.721,4,"a_q_reg[14]/C","ecc_product_q_reg[430]/CE","other","FDCE=2;LUT3=1;LUT5=2;LUT6=1"
665,1.272,5.000,3.517,0.980,2.537,0.721,4,"a_q_reg[14]/C","ecc_product_q_reg[431]/CE","other","FDCE=2;LUT3=1;LUT5=2;LUT6=1"
666,1.272,5.000,3.517,0.980,2.537,0.721,4,"a_q_reg[14]/C","ecc_product_q_reg[432]/CE","other","FDCE=2;LUT3=1;LUT5=2;LUT6=1"
667,1.272,5.000,3.517,0.980,2.537,0.721,4,"a_q_reg[14]/C","ecc_product_q_reg[433]/CE","other","FDCE=2;LUT3=1;LUT5=2;LUT6=1"
668,1.272,5.000,3.517,0.980,2.537,0.721,4,"a_q_reg[14]/C","ecc_product_q_reg[434]/CE","other","FDCE=2;LUT3=1;LUT5=2;LUT6=1"
669,1.272,5.000,3.517,0.980,2.537,0.721,4,"a_q_reg[14]/C","ecc_product_q_reg[435]/CE","other","FDCE=2;LUT3=1;LUT5=2;LUT6=1"
670,1.272,5.000,3.517,0.980,2.537,0.721,4,"a_q_reg[14]/C","ecc_product_q_reg[436]/CE","other","FDCE=2;LUT3=1;LUT5=2;LUT6=1"
671,1.272,5.000,3.517,0.980,2.537,0.721,4,"a_q_reg[14]/C","ecc_product_q_reg[437]/CE","other","FDCE=2;LUT3=1;LUT5=2;LUT6=1"
672,1.272,5.000,3.517,0.980,2.537,0.721,4,"a_q_reg[14]/C","ecc_product_q_reg[438]/CE","other","FDCE=2;LUT3=1;LUT5=2;LUT6=1"
673,1.272,5.000,3.517,0.980,2.537,0.721,4,"a_q_reg[14]/C","ecc_product_q_reg[439]/CE","other","FDCE=2;LUT3=1;LUT5=2;LUT6=1"
674,1.272,5.000,3.517,0.980,2.537,0.721,4,"a_q_reg[14]/C","ecc_product_q_reg[43]/CE","other","FDCE=2;LUT3=1;LUT5=2;LUT6=1"
675,1.272,5.000,3.517,0.980,2.537,0.721,4,"a_q_reg[14]/C","ecc_product_q_reg[440]/CE","other","FDCE=2;LUT3=1;LUT5=2;LUT6=1"
676,1.272,5.000,3.517,0.980,2.537,0.721,4,"a_q_reg[14]/C","ecc_product_q_reg[441]/CE","other","FDCE=2;LUT3=1;LUT5=2;LUT6=1"
677,1.272,5.000,3.517,0.980,2.537,0.721,4,"a_q_reg[14]/C","ecc_product_q_reg[442]/CE","other","FDCE=2;LUT3=1;LUT5=2;LUT6=1"
678,1.272,5.000,3.517,0.980,2.537,0.721,4,"a_q_reg[14]/C","ecc_product_q_reg[443]/CE","other","FDCE=2;LUT3=1;LUT5=2;LUT6=1"
679,1.272,5.000,3.517,0.980,2.537,0.721,4,"a_q_reg[14]/C","ecc_product_q_reg[444]/CE","other","FDCE=2;LUT3=1;LUT5=2;LUT6=1"
680,1.272,5.000,3.517,0.980,2.537,0.721,4,"a_q_reg[14]/C","ecc_product_q_reg[445]/CE","other","FDCE=2;LUT3=1;LUT5=2;LUT6=1"
681,1.272,5.000,3.517,0.980,2.537,0.721,4,"a_q_reg[14]/C","ecc_product_q_reg[446]/CE","other","FDCE=2;LUT3=1;LUT5=2;LUT6=1"
682,1.272,5.000,3.517,0.980,2.537,0.721,4,"a_q_reg[14]/C","ecc_product_q_reg[447]/CE","other","FDCE=2;LUT3=1;LUT5=2;LUT6=1"
683,1.272,5.000,3.517,0.980,2.537,0.721,4,"a_q_reg[14]/C","ecc_product_q_reg[448]/CE","other","FDCE=2;LUT3=1;LUT5=2;LUT6=1"
684,1.272,5.000,3.517,0.980,2.537,0.721,4,"a_q_reg[14]/C","ecc_product_q_reg[449]/CE","other","FDCE=2;LUT3=1;LUT5=2;LUT6=1"
685,1.272,5.000,3.517,0.980,2.537,0.721,4,"a_q_reg[14]/C","ecc_product_q_reg[44]/CE","other","FDCE=2;LUT3=1;LUT5=2;LUT6=1"
686,1.272,5.000,3.517,0.980,2.537,0.721,4,"a_q_reg[14]/C","ecc_product_q_reg[450]/CE","other","FDCE=2;LUT3=1;LUT5=2;LUT6=1"
687,1.272,5.000,3.517,0.980,2.537,0.721,4,"a_q_reg[14]/C","ecc_product_q_reg[451]/CE","other","FDCE=2;LUT3=1;LUT5=2;LUT6=1"
688,1.272,5.000,3.517,0.980,2.537,0.721,4,"a_q_reg[14]/C","ecc_product_q_reg[452]/CE","other","FDCE=2;LUT3=1;LUT5=2;LUT6=1"
689,1.272,5.000,3.517,0.980,2.537,0.721,4,"a_q_reg[14]/C","ecc_product_q_reg[453]/CE","other","FDCE=2;LUT3=1;LUT5=2;LUT6=1"
690,1.272,5.000,3.517,0.980,2.537,0.721,4,"a_q_reg[14]/C","ecc_product_q_reg[454]/CE","other","FDCE=2;LUT3=1;LUT5=2;LUT6=1"
691,1.272,5.000,3.517,0.980,2.537,0.721,4,"a_q_reg[14]/C","ecc_product_q_reg[455]/CE","other","FDCE=2;LUT3=1;LUT5=2;LUT6=1"
692,1.272,5.000,3.517,0.980,2.537,0.721,4,"a_q_reg[14]/C","ecc_product_q_reg[456]/CE","other","FDCE=2;LUT3=1;LUT5=2;LUT6=1"
693,1.272,5.000,3.517,0.980,2.537,0.721,4,"a_q_reg[14]/C","ecc_product_q_reg[457]/CE","other","FDCE=2;LUT3=1;LUT5=2;LUT6=1"
694,1.272,5.000,3.517,0.980,2.537,0.721,4,"a_q_reg[14]/C","ecc_product_q_reg[458]/CE","other","FDCE=2;LUT3=1;LUT5=2;LUT6=1"
695,1.272,5.000,3.517,0.980,2.537,0.721,4,"a_q_reg[14]/C","ecc_product_q_reg[459]/CE","other","FDCE=2;LUT3=1;LUT5=2;LUT6=1"
696,1.272,5.000,3.517,0.980,2.537,0.721,4,"a_q_reg[14]/C","ecc_product_q_reg[45]/CE","other","FDCE=2;LUT3=1;LUT5=2;LUT6=1"
697,1.272,5.000,3.517,0.980,2.537,0.721,4,"a_q_reg[14]/C","ecc_product_q_reg[460]/CE","other","FDCE=2;LUT3=1;LUT5=2;LUT6=1"
698,1.272,5.000,3.517,0.980,2.537,0.721,4,"a_q_reg[14]/C","ecc_product_q_reg[461]/CE","other","FDCE=2;LUT3=1;LUT5=2;LUT6=1"
699,1.272,5.000,3.517,0.980,2.537,0.721,4,"a_q_reg[14]/C","ecc_product_q_reg[462]/CE","other","FDCE=2;LUT3=1;LUT5=2;LUT6=1"
700,1.272,5.000,3.517,0.980,2.537,0.721,4,"a_q_reg[14]/C","ecc_product_q_reg[463]/CE","other","FDCE=2;LUT3=1;LUT5=2;LUT6=1"
701,1.272,5.000,3.517,0.980,2.537,0.721,4,"a_q_reg[14]/C","ecc_product_q_reg[464]/CE","other","FDCE=2;LUT3=1;LUT5=2;LUT6=1"
702,1.272,5.000,3.517,0.980,2.537,0.721,4,"a_q_reg[14]/C","ecc_product_q_reg[465]/CE","other","FDCE=2;LUT3=1;LUT5=2;LUT6=1"
703,1.272,5.000,3.517,0.980,2.537,0.721,4,"a_q_reg[14]/C","ecc_product_q_reg[466]/CE","other","FDCE=2;LUT3=1;LUT5=2;LUT6=1"
704,1.272,5.000,3.517,0.980,2.537,0.721,4,"a_q_reg[14]/C","ecc_product_q_reg[467]/CE","other","FDCE=2;LUT3=1;LUT5=2;LUT6=1"
705,1.272,5.000,3.517,0.980,2.537,0.721,4,"a_q_reg[14]/C","ecc_product_q_reg[468]/CE","other","FDCE=2;LUT3=1;LUT5=2;LUT6=1"
706,1.272,5.000,3.517,0.980,2.537,0.721,4,"a_q_reg[14]/C","ecc_product_q_reg[469]/CE","other","FDCE=2;LUT3=1;LUT5=2;LUT6=1"
707,1.272,5.000,3.517,0.980,2.537,0.721,4,"a_q_reg[14]/C","ecc_product_q_reg[46]/CE","other","FDCE=2;LUT3=1;LUT5=2;LUT6=1"
708,1.272,5.000,3.517,0.980,2.537,0.721,4,"a_q_reg[14]/C","ecc_product_q_reg[470]/CE","other","FDCE=2;LUT3=1;LUT5=2;LUT6=1"
709,1.272,5.000,3.517,0.980,2.537,0.721,4,"a_q_reg[14]/C","ecc_product_q_reg[471]/CE","other","FDCE=2;LUT3=1;LUT5=2;LUT6=1"
710,1.272,5.000,3.517,0.980,2.537,0.721,4,"a_q_reg[14]/C","ecc_product_q_reg[472]/CE","other","FDCE=2;LUT3=1;LUT5=2;LUT6=1"
711,1.272,5.000,3.517,0.980,2.537,0.721,4,"a_q_reg[14]/C","ecc_product_q_reg[473]/CE","other","FDCE=2;LUT3=1;LUT5=2;LUT6=1"
712,1.272,5.000,3.517,0.980,2.537,0.721,4,"a_q_reg[14]/C","ecc_product_q_reg[474]/CE","other","FDCE=2;LUT3=1;LUT5=2;LUT6=1"
713,1.272,5.000,3.517,0.980,2.537,0.721,4,"a_q_reg[14]/C","ecc_product_q_reg[475]/CE","other","FDCE=2;LUT3=1;LUT5=2;LUT6=1"
714,1.272,5.000,3.517,0.980,2.537,0.721,4,"a_q_reg[14]/C","ecc_product_q_reg[476]/CE","other","FDCE=2;LUT3=1;LUT5=2;LUT6=1"
715,1.272,5.000,3.517,0.980,2.537,0.721,4,"a_q_reg[14]/C","ecc_product_q_reg[477]/CE","other","FDCE=2;LUT3=1;LUT5=2;LUT6=1"
716,1.272,5.000,3.517,0.980,2.537,0.721,4,"a_q_reg[14]/C","ecc_product_q_reg[478]/CE","other","FDCE=2;LUT3=1;LUT5=2;LUT6=1"
717,1.272,5.000,3.517,0.980,2.537,0.721,4,"a_q_reg[14]/C","ecc_product_q_reg[479]/CE","other","FDCE=2;LUT3=1;LUT5=2;LUT6=1"
718,1.272,5.000,3.517,0.980,2.537,0.721,4,"a_q_reg[14]/C","ecc_product_q_reg[47]/CE","other","FDCE=2;LUT3=1;LUT5=2;LUT6=1"
719,1.272,5.000,3.517,0.980,2.537,0.721,4,"a_q_reg[14]/C","ecc_product_q_reg[480]/CE","other","FDCE=2;LUT3=1;LUT5=2;LUT6=1"
720,1.272,5.000,3.517,0.980,2.537,0.721,4,"a_q_reg[14]/C","ecc_product_q_reg[481]/CE","other","FDCE=2;LUT3=1;LUT5=2;LUT6=1"
721,1.272,5.000,3.517,0.980,2.537,0.721,4,"a_q_reg[14]/C","ecc_product_q_reg[482]/CE","other","FDCE=2;LUT3=1;LUT5=2;LUT6=1"
722,1.272,5.000,3.517,0.980,2.537,0.721,4,"a_q_reg[14]/C","ecc_product_q_reg[483]/CE","other","FDCE=2;LUT3=1;LUT5=2;LUT6=1"
723,1.272,5.000,3.517,0.980,2.537,0.721,4,"a_q_reg[14]/C","ecc_product_q_reg[484]/CE","other","FDCE=2;LUT3=1;LUT5=2;LUT6=1"
724,1.272,5.000,3.517,0.980,2.537,0.721,4,"a_q_reg[14]/C","ecc_product_q_reg[485]/CE","other","FDCE=2;LUT3=1;LUT5=2;LUT6=1"
725,1.272,5.000,3.517,0.980,2.537,0.721,4,"a_q_reg[14]/C","ecc_product_q_reg[486]/CE","other","FDCE=2;LUT3=1;LUT5=2;LUT6=1"
726,1.272,5.000,3.517,0.980,2.537,0.721,4,"a_q_reg[14]/C","ecc_product_q_reg[487]/CE","other","FDCE=2;LUT3=1;LUT5=2;LUT6=1"
727,1.272,5.000,3.517,0.980,2.537,0.721,4,"a_q_reg[14]/C","ecc_product_q_reg[488]/CE","other","FDCE=2;LUT3=1;LUT5=2;LUT6=1"
728,1.272,5.000,3.517,0.980,2.537,0.721,4,"a_q_reg[14]/C","ecc_product_q_reg[489]/CE","other","FDCE=2;LUT3=1;LUT5=2;LUT6=1"
729,1.272,5.000,3.517,0.980,2.537,0.721,4,"a_q_reg[14]/C","ecc_product_q_reg[48]/CE","other","FDCE=2;LUT3=1;LUT5=2;LUT6=1"
730,1.272,5.000,3.517,0.980,2.537,0.721,4,"a_q_reg[14]/C","ecc_product_q_reg[490]/CE","other","FDCE=2;LUT3=1;LUT5=2;LUT6=1"
731,1.272,5.000,3.517,0.980,2.537,0.721,4,"a_q_reg[14]/C","ecc_product_q_reg[491]/CE","other","FDCE=2;LUT3=1;LUT5=2;LUT6=1"
732,1.272,5.000,3.517,0.980,2.537,0.721,4,"a_q_reg[14]/C","ecc_product_q_reg[492]/CE","other","FDCE=2;LUT3=1;LUT5=2;LUT6=1"
733,1.272,5.000,3.517,0.980,2.537,0.721,4,"a_q_reg[14]/C","ecc_product_q_reg[493]/CE","other","FDCE=2;LUT3=1;LUT5=2;LUT6=1"
734,1.272,5.000,3.517,0.980,2.537,0.721,4,"a_q_reg[14]/C","ecc_product_q_reg[494]/CE","other","FDCE=2;LUT3=1;LUT5=2;LUT6=1"
735,1.272,5.000,3.517,0.980,2.537,0.721,4,"a_q_reg[14]/C","ecc_product_q_reg[495]/CE","other","FDCE=2;LUT3=1;LUT5=2;LUT6=1"
736,1.272,5.000,3.517,0.980,2.537,0.721,4,"a_q_reg[14]/C","ecc_product_q_reg[496]/CE","other","FDCE=2;LUT3=1;LUT5=2;LUT6=1"
737,1.272,5.000,3.517,0.980,2.537,0.721,4,"a_q_reg[14]/C","ecc_product_q_reg[497]/CE","other","FDCE=2;LUT3=1;LUT5=2;LUT6=1"
738,1.272,5.000,3.517,0.980,2.537,0.721,4,"a_q_reg[14]/C","ecc_product_q_reg[498]/CE","other","FDCE=2;LUT3=1;LUT5=2;LUT6=1"
739,1.272,5.000,3.517,0.980,2.537,0.721,4,"a_q_reg[14]/C","ecc_product_q_reg[499]/CE","other","FDCE=2;LUT3=1;LUT5=2;LUT6=1"
740,1.272,5.000,3.517,0.980,2.537,0.721,4,"a_q_reg[14]/C","ecc_product_q_reg[49]/CE","other","FDCE=2;LUT3=1;LUT5=2;LUT6=1"
741,1.272,5.000,3.517,0.980,2.537,0.721,4,"a_q_reg[14]/C","ecc_product_q_reg[4]/CE","other","FDCE=2;LUT3=1;LUT5=2;LUT6=1"
742,1.272,5.000,3.517,0.980,2.537,0.721,4,"a_q_reg[14]/C","ecc_product_q_reg[500]/CE","other","FDCE=2;LUT3=1;LUT5=2;LUT6=1"
743,1.272,5.000,3.517,0.980,2.537,0.721,4,"a_q_reg[14]/C","ecc_product_q_reg[501]/CE","other","FDCE=2;LUT3=1;LUT5=2;LUT6=1"
744,1.272,5.000,3.517,0.980,2.537,0.721,4,"a_q_reg[14]/C","ecc_product_q_reg[502]/CE","other","FDCE=2;LUT3=1;LUT5=2;LUT6=1"
745,1.272,5.000,3.517,0.980,2.537,0.721,4,"a_q_reg[14]/C","ecc_product_q_reg[503]/CE","other","FDCE=2;LUT3=1;LUT5=2;LUT6=1"
746,1.272,5.000,3.517,0.980,2.537,0.721,4,"a_q_reg[14]/C","ecc_product_q_reg[504]/CE","other","FDCE=2;LUT3=1;LUT5=2;LUT6=1"
747,1.272,5.000,3.517,0.980,2.537,0.721,4,"a_q_reg[14]/C","ecc_product_q_reg[505]/CE","other","FDCE=2;LUT3=1;LUT5=2;LUT6=1"
748,1.272,5.000,3.517,0.980,2.537,0.721,4,"a_q_reg[14]/C","ecc_product_q_reg[506]/CE","other","FDCE=2;LUT3=1;LUT5=2;LUT6=1"
749,1.272,5.000,3.517,0.980,2.537,0.721,4,"a_q_reg[14]/C","ecc_product_q_reg[507]/CE","other","FDCE=2;LUT3=1;LUT5=2;LUT6=1"
750,1.272,5.000,3.517,0.980,2.537,0.721,4,"a_q_reg[14]/C","ecc_product_q_reg[508]/CE","other","FDCE=2;LUT3=1;LUT5=2;LUT6=1"
751,1.272,5.000,3.517,0.980,2.537,0.721,4,"a_q_reg[14]/C","ecc_product_q_reg[509]/CE","other","FDCE=2;LUT3=1;LUT5=2;LUT6=1"
752,1.272,5.000,3.517,0.980,2.537,0.721,4,"a_q_reg[14]/C","ecc_product_q_reg[50]/CE","other","FDCE=2;LUT3=1;LUT5=2;LUT6=1"
753,1.272,5.000,3.517,0.980,2.537,0.721,4,"a_q_reg[14]/C","ecc_product_q_reg[510]/CE","other","FDCE=2;LUT3=1;LUT5=2;LUT6=1"
754,1.272,5.000,3.517,0.980,2.537,0.721,4,"a_q_reg[14]/C","ecc_product_q_reg[511]/CE","other","FDCE=2;LUT3=1;LUT5=2;LUT6=1"
755,1.272,5.000,3.517,0.980,2.537,0.721,4,"a_q_reg[14]/C","ecc_product_q_reg[51]/CE","other","FDCE=2;LUT3=1;LUT5=2;LUT6=1"
756,1.272,5.000,3.517,0.980,2.537,0.721,4,"a_q_reg[14]/C","ecc_product_q_reg[52]/CE","other","FDCE=2;LUT3=1;LUT5=2;LUT6=1"
757,1.272,5.000,3.517,0.980,2.537,0.721,4,"a_q_reg[14]/C","ecc_product_q_reg[53]/CE","other","FDCE=2;LUT3=1;LUT5=2;LUT6=1"
758,1.272,5.000,3.517,0.980,2.537,0.721,4,"a_q_reg[14]/C","ecc_product_q_reg[54]/CE","other","FDCE=2;LUT3=1;LUT5=2;LUT6=1"
759,1.272,5.000,3.517,0.980,2.537,0.721,4,"a_q_reg[14]/C","ecc_product_q_reg[55]/CE","other","FDCE=2;LUT3=1;LUT5=2;LUT6=1"
760,1.272,5.000,3.517,0.980,2.537,0.721,4,"a_q_reg[14]/C","ecc_product_q_reg[56]/CE","other","FDCE=2;LUT3=1;LUT5=2;LUT6=1"
761,1.272,5.000,3.517,0.980,2.537,0.721,4,"a_q_reg[14]/C","ecc_product_q_reg[57]/CE","other","FDCE=2;LUT3=1;LUT5=2;LUT6=1"
762,1.272,5.000,3.517,0.980,2.537,0.721,4,"a_q_reg[14]/C","ecc_product_q_reg[58]/CE","other","FDCE=2;LUT3=1;LUT5=2;LUT6=1"
763,1.272,5.000,3.517,0.980,2.537,0.721,4,"a_q_reg[14]/C","ecc_product_q_reg[59]/CE","other","FDCE=2;LUT3=1;LUT5=2;LUT6=1"
764,1.272,5.000,3.517,0.980,2.537,0.721,4,"a_q_reg[14]/C","ecc_product_q_reg[5]/CE","other","FDCE=2;LUT3=1;LUT5=2;LUT6=1"
765,1.272,5.000,3.517,0.980,2.537,0.721,4,"a_q_reg[14]/C","ecc_product_q_reg[60]/CE","other","FDCE=2;LUT3=1;LUT5=2;LUT6=1"
766,1.272,5.000,3.517,0.980,2.537,0.721,4,"a_q_reg[14]/C","ecc_product_q_reg[61]/CE","other","FDCE=2;LUT3=1;LUT5=2;LUT6=1"
767,1.272,5.000,3.517,0.980,2.537,0.721,4,"a_q_reg[14]/C","ecc_product_q_reg[62]/CE","other","FDCE=2;LUT3=1;LUT5=2;LUT6=1"
768,1.272,5.000,3.517,0.980,2.537,0.721,4,"a_q_reg[14]/C","ecc_product_q_reg[63]/CE","other","FDCE=2;LUT3=1;LUT5=2;LUT6=1"
769,1.272,5.000,3.517,0.980,2.537,0.721,4,"a_q_reg[14]/C","ecc_product_q_reg[64]/CE","other","FDCE=2;LUT3=1;LUT5=2;LUT6=1"
770,1.272,5.000,3.517,0.980,2.537,0.721,4,"a_q_reg[14]/C","ecc_product_q_reg[65]/CE","other","FDCE=2;LUT3=1;LUT5=2;LUT6=1"
771,1.272,5.000,3.517,0.980,2.537,0.721,4,"a_q_reg[14]/C","ecc_product_q_reg[66]/CE","other","FDCE=2;LUT3=1;LUT5=2;LUT6=1"
772,1.272,5.000,3.517,0.980,2.537,0.721,4,"a_q_reg[14]/C","ecc_product_q_reg[67]/CE","other","FDCE=2;LUT3=1;LUT5=2;LUT6=1"
773,1.272,5.000,3.517,0.980,2.537,0.721,4,"a_q_reg[14]/C","ecc_product_q_reg[68]/CE","other","FDCE=2;LUT3=1;LUT5=2;LUT6=1"
774,1.272,5.000,3.517,0.980,2.537,0.721,4,"a_q_reg[14]/C","ecc_product_q_reg[69]/CE","other","FDCE=2;LUT3=1;LUT5=2;LUT6=1"
775,1.272,5.000,3.517,0.980,2.537,0.721,4,"a_q_reg[14]/C","ecc_product_q_reg[6]/CE","other","FDCE=2;LUT3=1;LUT5=2;LUT6=1"
776,1.272,5.000,3.517,0.980,2.537,0.721,4,"a_q_reg[14]/C","ecc_product_q_reg[70]/CE","other","FDCE=2;LUT3=1;LUT5=2;LUT6=1"
777,1.272,5.000,3.517,0.980,2.537,0.721,4,"a_q_reg[14]/C","ecc_product_q_reg[71]/CE","other","FDCE=2;LUT3=1;LUT5=2;LUT6=1"
778,1.272,5.000,3.517,0.980,2.537,0.721,4,"a_q_reg[14]/C","ecc_product_q_reg[72]/CE","other","FDCE=2;LUT3=1;LUT5=2;LUT6=1"
779,1.272,5.000,3.517,0.980,2.537,0.721,4,"a_q_reg[14]/C","ecc_product_q_reg[73]/CE","other","FDCE=2;LUT3=1;LUT5=2;LUT6=1"
780,1.272,5.000,3.517,0.980,2.537,0.721,4,"a_q_reg[14]/C","ecc_product_q_reg[74]/CE","other","FDCE=2;LUT3=1;LUT5=2;LUT6=1"
781,1.272,5.000,3.517,0.980,2.537,0.721,4,"a_q_reg[14]/C","ecc_product_q_reg[75]/CE","other","FDCE=2;LUT3=1;LUT5=2;LUT6=1"
782,1.272,5.000,3.517,0.980,2.537,0.721,4,"a_q_reg[14]/C","ecc_product_q_reg[76]/CE","other","FDCE=2;LUT3=1;LUT5=2;LUT6=1"
783,1.272,5.000,3.517,0.980,2.537,0.721,4,"a_q_reg[14]/C","ecc_product_q_reg[77]/CE","other","FDCE=2;LUT3=1;LUT5=2;LUT6=1"
784,1.272,5.000,3.517,0.980,2.537,0.721,4,"a_q_reg[14]/C","ecc_product_q_reg[78]/CE","other","FDCE=2;LUT3=1;LUT5=2;LUT6=1"
785,1.272,5.000,3.517,0.980,2.537,0.721,4,"a_q_reg[14]/C","ecc_product_q_reg[79]/CE","other","FDCE=2;LUT3=1;LUT5=2;LUT6=1"
786,1.272,5.000,3.517,0.980,2.537,0.721,4,"a_q_reg[14]/C","ecc_product_q_reg[7]/CE","other","FDCE=2;LUT3=1;LUT5=2;LUT6=1"
787,1.272,5.000,3.517,0.980,2.537,0.721,4,"a_q_reg[14]/C","ecc_product_q_reg[80]/CE","other","FDCE=2;LUT3=1;LUT5=2;LUT6=1"
788,1.272,5.000,3.517,0.980,2.537,0.721,4,"a_q_reg[14]/C","ecc_product_q_reg[81]/CE","other","FDCE=2;LUT3=1;LUT5=2;LUT6=1"
789,1.272,5.000,3.517,0.980,2.537,0.721,4,"a_q_reg[14]/C","ecc_product_q_reg[82]/CE","other","FDCE=2;LUT3=1;LUT5=2;LUT6=1"
790,1.272,5.000,3.517,0.980,2.537,0.721,4,"a_q_reg[14]/C","ecc_product_q_reg[83]/CE","other","FDCE=2;LUT3=1;LUT5=2;LUT6=1"
791,1.272,5.000,3.517,0.980,2.537,0.721,4,"a_q_reg[14]/C","ecc_product_q_reg[84]/CE","other","FDCE=2;LUT3=1;LUT5=2;LUT6=1"
792,1.272,5.000,3.517,0.980,2.537,0.721,4,"a_q_reg[14]/C","ecc_product_q_reg[85]/CE","other","FDCE=2;LUT3=1;LUT5=2;LUT6=1"
793,1.272,5.000,3.517,0.980,2.537,0.721,4,"a_q_reg[14]/C","ecc_product_q_reg[86]/CE","other","FDCE=2;LUT3=1;LUT5=2;LUT6=1"
794,1.272,5.000,3.517,0.980,2.537,0.721,4,"a_q_reg[14]/C","ecc_product_q_reg[87]/CE","other","FDCE=2;LUT3=1;LUT5=2;LUT6=1"
795,1.272,5.000,3.517,0.980,2.537,0.721,4,"a_q_reg[14]/C","ecc_product_q_reg[88]/CE","other","FDCE=2;LUT3=1;LUT5=2;LUT6=1"
796,1.272,5.000,3.517,0.980,2.537,0.721,4,"a_q_reg[14]/C","ecc_product_q_reg[89]/CE","other","FDCE=2;LUT3=1;LUT5=2;LUT6=1"
797,1.272,5.000,3.517,0.980,2.537,0.721,4,"a_q_reg[14]/C","ecc_product_q_reg[8]/CE","other","FDCE=2;LUT3=1;LUT5=2;LUT6=1"
798,1.272,5.000,3.517,0.980,2.537,0.721,4,"a_q_reg[14]/C","ecc_product_q_reg[90]/CE","other","FDCE=2;LUT3=1;LUT5=2;LUT6=1"
799,1.272,5.000,3.517,0.980,2.537,0.721,4,"a_q_reg[14]/C","ecc_product_q_reg[91]/CE","other","FDCE=2;LUT3=1;LUT5=2;LUT6=1"
800,1.272,5.000,3.517,0.980,2.537,0.721,4,"a_q_reg[14]/C","ecc_product_q_reg[92]/CE","other","FDCE=2;LUT3=1;LUT5=2;LUT6=1"
801,1.272,5.000,3.517,0.980,2.537,0.721,4,"a_q_reg[14]/C","ecc_product_q_reg[93]/CE","other","FDCE=2;LUT3=1;LUT5=2;LUT6=1"
802,1.272,5.000,3.517,0.980,2.537,0.721,4,"a_q_reg[14]/C","ecc_product_q_reg[94]/CE","other","FDCE=2;LUT3=1;LUT5=2;LUT6=1"
803,1.272,5.000,3.517,0.980,2.537,0.721,4,"a_q_reg[14]/C","ecc_product_q_reg[95]/CE","other","FDCE=2;LUT3=1;LUT5=2;LUT6=1"
804,1.272,5.000,3.517,0.980,2.537,0.721,4,"a_q_reg[14]/C","ecc_product_q_reg[96]/CE","other","FDCE=2;LUT3=1;LUT5=2;LUT6=1"
805,1.272,5.000,3.517,0.980,2.537,0.721,4,"a_q_reg[14]/C","ecc_product_q_reg[97]/CE","other","FDCE=2;LUT3=1;LUT5=2;LUT6=1"
806,1.272,5.000,3.517,0.980,2.537,0.721,4,"a_q_reg[14]/C","ecc_product_q_reg[98]/CE","other","FDCE=2;LUT3=1;LUT5=2;LUT6=1"
807,1.272,5.000,3.517,0.980,2.537,0.721,4,"a_q_reg[14]/C","ecc_product_q_reg[99]/CE","other","FDCE=2;LUT3=1;LUT5=2;LUT6=1"
808,1.272,5.000,3.517,0.980,2.537,0.721,4,"a_q_reg[14]/C","ecc_product_q_reg[9]/CE","other","FDCE=2;LUT3=1;LUT5=2;LUT6=1"
809,1.286,5.000,3.711,1.190,2.521,0.679,6,"a_q_reg[4]/C","uop_p0_q_reg[dst_addr][4]/D","TOP control","FDCE=2;LUT4=1;LUT5=2;LUT6=3"
810,1.286,5.000,3.711,1.190,2.521,0.679,6,"a_q_reg[4]/C","uop_p0_q_reg[dst_addr][5]/D","TOP control","FDCE=2;LUT4=1;LUT5=2;LUT6=3"
811,1.286,5.000,3.711,1.190,2.521,0.679,6,"a_q_reg[4]/C","uop_p0_q_reg[src0_addr][2]/D","TOP control","FDCE=2;LUT4=1;LUT5=2;LUT6=3"
812,1.286,5.000,3.711,1.190,2.521,0.679,6,"a_q_reg[4]/C","uop_p0_q_reg[src0_addr][3]/D","TOP control","FDCE=2;LUT4=1;LUT5=2;LUT6=3"
813,1.286,5.000,3.711,1.190,2.521,0.679,6,"a_q_reg[4]/C","uop_p0_q_reg[src0_addr][4]/D","TOP control","FDCE=2;LUT4=1;LUT5=2;LUT6=3"
814,1.321,5.000,3.676,1.190,2.486,0.676,6,"a_q_reg[4]/C","uop_p0_q_reg[valid]/D","TOP control","FDCE=2;LUT4=1;LUT5=1;LUT6=4"
815,1.323,5.000,3.674,1.203,2.471,0.673,6,"hmatch_best_dist_q_reg[1]/C","hmatch_budget_q_reg[10]/D","HMATCH reduction/compare","FDCE=2;LUT5=1;LUT6=5"
816,1.323,5.000,3.674,1.203,2.471,0.673,6,"hmatch_best_dist_q_reg[1]/C","hmatch_budget_q_reg[11]_inv/D","HMATCH reduction/compare","FDCE=1;FDPE=1;LUT5=2;LUT6=4"
817,1.374,5.000,3.623,1.210,2.413,0.666,6,"hsim_total_q_reg[0]/C","hmatch_budget_q_reg[9]/D","HMATCH reduction/compare","FDCE=2;LUT3=1;LUT5=1;LUT6=4"
818,1.409,5.000,3.380,0.980,2.400,0.710,4,"a_q_reg[14]/C","ecc_leaf_prod_q_reg[0]/CE","other","FDCE=2;LUT4=1;LUT5=1;LUT6=2"
819,1.409,5.000,3.380,0.980,2.400,0.710,4,"a_q_reg[14]/C","ecc_leaf_prod_q_reg[10]/CE","other","FDCE=2;LUT4=1;LUT5=1;LUT6=2"
820,1.409,5.000,3.380,0.980,2.400,0.710,4,"a_q_reg[14]/C","ecc_leaf_prod_q_reg[11]/CE","other","FDCE=2;LUT4=1;LUT5=1;LUT6=2"
821,1.409,5.000,3.380,0.980,2.400,0.710,4,"a_q_reg[14]/C","ecc_leaf_prod_q_reg[12]/CE","other","FDCE=2;LUT4=1;LUT5=1;LUT6=2"
822,1.409,5.000,3.380,0.980,2.400,0.710,4,"a_q_reg[14]/C","ecc_leaf_prod_q_reg[13]/CE","other","FDCE=2;LUT4=1;LUT5=1;LUT6=2"
823,1.409,5.000,3.380,0.980,2.400,0.710,4,"a_q_reg[14]/C","ecc_leaf_prod_q_reg[14]/CE","other","FDCE=2;LUT4=1;LUT5=1;LUT6=2"
824,1.409,5.000,3.380,0.980,2.400,0.710,4,"a_q_reg[14]/C","ecc_leaf_prod_q_reg[15]/CE","other","FDCE=2;LUT4=1;LUT5=1;LUT6=2"
825,1.409,5.000,3.380,0.980,2.400,0.710,4,"a_q_reg[14]/C","ecc_leaf_prod_q_reg[16]/CE","other","FDCE=2;LUT4=1;LUT5=1;LUT6=2"
826,1.409,5.000,3.380,0.980,2.400,0.710,4,"a_q_reg[14]/C","ecc_leaf_prod_q_reg[17]/CE","other","FDCE=2;LUT4=1;LUT5=1;LUT6=2"
827,1.409,5.000,3.380,0.980,2.400,0.710,4,"a_q_reg[14]/C","ecc_leaf_prod_q_reg[18]/CE","other","FDCE=2;LUT4=1;LUT5=1;LUT6=2"
828,1.409,5.000,3.380,0.980,2.400,0.710,4,"a_q_reg[14]/C","ecc_leaf_prod_q_reg[19]/CE","other","FDCE=2;LUT4=1;LUT5=1;LUT6=2"
829,1.409,5.000,3.380,0.980,2.400,0.710,4,"a_q_reg[14]/C","ecc_leaf_prod_q_reg[1]/CE","other","FDCE=2;LUT4=1;LUT5=1;LUT6=2"
830,1.409,5.000,3.380,0.980,2.400,0.710,4,"a_q_reg[14]/C","ecc_leaf_prod_q_reg[20]/CE","other","FDCE=2;LUT4=1;LUT5=1;LUT6=2"
831,1.409,5.000,3.380,0.980,2.400,0.710,4,"a_q_reg[14]/C","ecc_leaf_prod_q_reg[21]/CE","other","FDCE=2;LUT4=1;LUT5=1;LUT6=2"
832,1.409,5.000,3.380,0.980,2.400,0.710,4,"a_q_reg[14]/C","ecc_leaf_prod_q_reg[22]/CE","other","FDCE=2;LUT4=1;LUT5=1;LUT6=2"
833,1.409,5.000,3.380,0.980,2.400,0.710,4,"a_q_reg[14]/C","ecc_leaf_prod_q_reg[23]/CE","other","FDCE=2;LUT4=1;LUT5=1;LUT6=2"
834,1.409,5.000,3.380,0.980,2.400,0.710,4,"a_q_reg[14]/C","ecc_leaf_prod_q_reg[24]/CE","other","FDCE=2;LUT4=1;LUT5=1;LUT6=2"
835,1.409,5.000,3.380,0.980,2.400,0.710,4,"a_q_reg[14]/C","ecc_leaf_prod_q_reg[25]/CE","other","FDCE=2;LUT4=1;LUT5=1;LUT6=2"
836,1.409,5.000,3.380,0.980,2.400,0.710,4,"a_q_reg[14]/C","ecc_leaf_prod_q_reg[26]/CE","other","FDCE=2;LUT4=1;LUT5=1;LUT6=2"
837,1.409,5.000,3.380,0.980,2.400,0.710,4,"a_q_reg[14]/C","ecc_leaf_prod_q_reg[27]/CE","other","FDCE=2;LUT4=1;LUT5=1;LUT6=2"
838,1.409,5.000,3.380,0.980,2.400,0.710,4,"a_q_reg[14]/C","ecc_leaf_prod_q_reg[28]/CE","other","FDCE=2;LUT4=1;LUT5=1;LUT6=2"
839,1.409,5.000,3.380,0.980,2.400,0.710,4,"a_q_reg[14]/C","ecc_leaf_prod_q_reg[29]/CE","other","FDCE=2;LUT4=1;LUT5=1;LUT6=2"
840,1.409,5.000,3.380,0.980,2.400,0.710,4,"a_q_reg[14]/C","ecc_leaf_prod_q_reg[2]/CE","other","FDCE=2;LUT4=1;LUT5=1;LUT6=2"
841,1.409,5.000,3.380,0.980,2.400,0.710,4,"a_q_reg[14]/C","ecc_leaf_prod_q_reg[30]/CE","other","FDCE=2;LUT4=1;LUT5=1;LUT6=2"
842,1.409,5.000,3.380,0.980,2.400,0.710,4,"a_q_reg[14]/C","ecc_leaf_prod_q_reg[31]/CE","other","FDCE=2;LUT4=1;LUT5=1;LUT6=2"
843,1.409,5.000,3.380,0.980,2.400,0.710,4,"a_q_reg[14]/C","ecc_leaf_prod_q_reg[32]/CE","other","FDCE=2;LUT4=1;LUT5=1;LUT6=2"
844,1.409,5.000,3.380,0.980,2.400,0.710,4,"a_q_reg[14]/C","ecc_leaf_prod_q_reg[33]/CE","other","FDCE=2;LUT4=1;LUT5=1;LUT6=2"
845,1.409,5.000,3.380,0.980,2.400,0.710,4,"a_q_reg[14]/C","ecc_leaf_prod_q_reg[34]/CE","other","FDCE=2;LUT4=1;LUT5=1;LUT6=2"
846,1.409,5.000,3.380,0.980,2.400,0.710,4,"a_q_reg[14]/C","ecc_leaf_prod_q_reg[35]/CE","other","FDCE=2;LUT4=1;LUT5=1;LUT6=2"
847,1.409,5.000,3.380,0.980,2.400,0.710,4,"a_q_reg[14]/C","ecc_leaf_prod_q_reg[36]/CE","other","FDCE=2;LUT4=1;LUT5=1;LUT6=2"
848,1.409,5.000,3.380,0.980,2.400,0.710,4,"a_q_reg[14]/C","ecc_leaf_prod_q_reg[37]/CE","other","FDCE=2;LUT4=1;LUT5=1;LUT6=2"
849,1.409,5.000,3.380,0.980,2.400,0.710,4,"a_q_reg[14]/C","ecc_leaf_prod_q_reg[38]/CE","other","FDCE=2;LUT4=1;LUT5=1;LUT6=2"
850,1.409,5.000,3.380,0.980,2.400,0.710,4,"a_q_reg[14]/C","ecc_leaf_prod_q_reg[39]/CE","other","FDCE=2;LUT4=1;LUT5=1;LUT6=2"
851,1.409,5.000,3.380,0.980,2.400,0.710,4,"a_q_reg[14]/C","ecc_leaf_prod_q_reg[3]/CE","other","FDCE=2;LUT4=1;LUT5=1;LUT6=2"
852,1.409,5.000,3.380,0.980,2.400,0.710,4,"a_q_reg[14]/C","ecc_leaf_prod_q_reg[40]/CE","other","FDCE=2;LUT4=1;LUT5=1;LUT6=2"
853,1.409,5.000,3.380,0.980,2.400,0.710,4,"a_q_reg[14]/C","ecc_leaf_prod_q_reg[41]/CE","other","FDCE=2;LUT4=1;LUT5=1;LUT6=2"
854,1.409,5.000,3.380,0.980,2.400,0.710,4,"a_q_reg[14]/C","ecc_leaf_prod_q_reg[42]/CE","other","FDCE=2;LUT4=1;LUT5=1;LUT6=2"
855,1.409,5.000,3.380,0.980,2.400,0.710,4,"a_q_reg[14]/C","ecc_leaf_prod_q_reg[43]/CE","other","FDCE=2;LUT4=1;LUT5=1;LUT6=2"
856,1.409,5.000,3.380,0.980,2.400,0.710,4,"a_q_reg[14]/C","ecc_leaf_prod_q_reg[44]/CE","other","FDCE=2;LUT4=1;LUT5=1;LUT6=2"
857,1.409,5.000,3.380,0.980,2.400,0.710,4,"a_q_reg[14]/C","ecc_leaf_prod_q_reg[45]/CE","other","FDCE=2;LUT4=1;LUT5=1;LUT6=2"
858,1.409,5.000,3.380,0.980,2.400,0.710,4,"a_q_reg[14]/C","ecc_leaf_prod_q_reg[46]/CE","other","FDCE=2;LUT4=1;LUT5=1;LUT6=2"
859,1.409,5.000,3.380,0.980,2.400,0.710,4,"a_q_reg[14]/C","ecc_leaf_prod_q_reg[47]/CE","other","FDCE=2;LUT4=1;LUT5=1;LUT6=2"
860,1.409,5.000,3.380,0.980,2.400,0.710,4,"a_q_reg[14]/C","ecc_leaf_prod_q_reg[48]/CE","other","FDCE=2;LUT4=1;LUT5=1;LUT6=2"
861,1.409,5.000,3.380,0.980,2.400,0.710,4,"a_q_reg[14]/C","ecc_leaf_prod_q_reg[49]/CE","other","FDCE=2;LUT4=1;LUT5=1;LUT6=2"
862,1.409,5.000,3.380,0.980,2.400,0.710,4,"a_q_reg[14]/C","ecc_leaf_prod_q_reg[4]/CE","other","FDCE=2;LUT4=1;LUT5=1;LUT6=2"
863,1.409,5.000,3.380,0.980,2.400,0.710,4,"a_q_reg[14]/C","ecc_leaf_prod_q_reg[50]/CE","other","FDCE=2;LUT4=1;LUT5=1;LUT6=2"
864,1.409,5.000,3.380,0.980,2.400,0.710,4,"a_q_reg[14]/C","ecc_leaf_prod_q_reg[51]/CE","other","FDCE=2;LUT4=1;LUT5=1;LUT6=2"
865,1.409,5.000,3.380,0.980,2.400,0.710,4,"a_q_reg[14]/C","ecc_leaf_prod_q_reg[52]/CE","other","FDCE=2;LUT4=1;LUT5=1;LUT6=2"
866,1.409,5.000,3.380,0.980,2.400,0.710,4,"a_q_reg[14]/C","ecc_leaf_prod_q_reg[53]/CE","other","FDCE=2;LUT4=1;LUT5=1;LUT6=2"
867,1.409,5.000,3.380,0.980,2.400,0.710,4,"a_q_reg[14]/C","ecc_leaf_prod_q_reg[54]/CE","other","FDCE=2;LUT4=1;LUT5=1;LUT6=2"
868,1.409,5.000,3.380,0.980,2.400,0.710,4,"a_q_reg[14]/C","ecc_leaf_prod_q_reg[55]/CE","other","FDCE=2;LUT4=1;LUT5=1;LUT6=2"
869,1.409,5.000,3.380,0.980,2.400,0.710,4,"a_q_reg[14]/C","ecc_leaf_prod_q_reg[5]/CE","other","FDCE=2;LUT4=1;LUT5=1;LUT6=2"
870,1.409,5.000,3.380,0.980,2.400,0.710,4,"a_q_reg[14]/C","ecc_leaf_prod_q_reg[6]/CE","other","FDCE=2;LUT4=1;LUT5=1;LUT6=2"
871,1.409,5.000,3.380,0.980,2.400,0.710,4,"a_q_reg[14]/C","ecc_leaf_prod_q_reg[7]/CE","other","FDCE=2;LUT4=1;LUT5=1;LUT6=2"
872,1.409,5.000,3.380,0.980,2.400,0.710,4,"a_q_reg[14]/C","ecc_leaf_prod_q_reg[8]/CE","other","FDCE=2;LUT4=1;LUT5=1;LUT6=2"
873,1.409,5.000,3.380,0.980,2.400,0.710,4,"a_q_reg[14]/C","ecc_leaf_prod_q_reg[9]/CE","other","FDCE=2;LUT4=1;LUT5=1;LUT6=2"
874,1.412,5.000,3.377,0.980,2.397,0.710,4,"a_q_reg[14]/C","ecc_leaf_prod_q_reg[56]/CE","other","FDCE=2;LUT4=1;LUT5=1;LUT6=2"
875,1.412,5.000,3.377,0.980,2.397,0.710,4,"a_q_reg[14]/C","ecc_leaf_prod_q_reg[57]/CE","other","FDCE=2;LUT4=1;LUT5=1;LUT6=2"
876,1.412,5.000,3.377,0.980,2.397,0.710,4,"a_q_reg[14]/C","ecc_leaf_prod_q_reg[58]/CE","other","FDCE=2;LUT4=1;LUT5=1;LUT6=2"
877,1.412,5.000,3.377,0.980,2.397,0.710,4,"a_q_reg[14]/C","ecc_leaf_prod_q_reg[59]/CE","other","FDCE=2;LUT4=1;LUT5=1;LUT6=2"
878,1.412,5.000,3.377,0.980,2.397,0.710,4,"a_q_reg[14]/C","ecc_leaf_prod_q_reg[60]/CE","other","FDCE=2;LUT4=1;LUT5=1;LUT6=2"
879,1.412,5.000,3.377,0.980,2.397,0.710,4,"a_q_reg[14]/C","ecc_leaf_prod_q_reg[61]/CE","other","FDCE=2;LUT4=1;LUT5=1;LUT6=2"
880,1.412,5.000,3.377,0.980,2.397,0.710,4,"a_q_reg[14]/C","ecc_leaf_prod_q_reg[62]/CE","other","FDCE=2;LUT4=1;LUT5=1;LUT6=2"
881,1.447,5.000,3.579,1.687,1.892,0.529,5,"gen_lane[3].i_p2_pop_slice/popcount_part_q_o_reg[0][0]/C","group_dist_q_reg[2]/D","P2 popcount capture","CARRY4=2;FDCE=2;LUT3=2;LUT6=1"
882,1.449,5.000,3.548,1.846,1.702,0.480,6,"a_q_reg[8]/C","FSM_onehot_st_q_reg[23]/D","TOP control","CARRY4=2;FDCE=2;LUT4=1;LUT5=1;LUT6=2"
883,1.511,5.000,3.278,0.980,2.298,0.701,4,"uop_p3_q_reg[class_idx][1]/C","hmatch_budget_q_reg[0]/CE","TOP control","FDCE=2;LUT3=1;LUT5=1;LUT6=2"
884,1.511,5.000,3.278,0.980,2.298,0.701,4,"uop_p3_q_reg[class_idx][1]/C","hmatch_budget_q_reg[10]/CE","TOP control","FDCE=2;LUT3=1;LUT5=1;LUT6=2"
885,1.511,5.000,3.278,0.980,2.298,0.701,4,"uop_p3_q_reg[class_idx][1]/C","hmatch_budget_q_reg[11]_inv/CE","TOP control","FDCE=1;FDPE=1;LUT3=1;LUT5=1;LUT6=2"
886,1.511,5.000,3.278,0.980,2.298,0.701,4,"uop_p3_q_reg[class_idx][1]/C","hmatch_budget_q_reg[1]/CE","TOP control","FDCE=2;LUT3=1;LUT5=1;LUT6=2"
887,1.511,5.000,3.278,0.980,2.298,0.701,4,"uop_p3_q_reg[class_idx][1]/C","hmatch_budget_q_reg[2]/CE","TOP control","FDCE=2;LUT3=1;LUT5=1;LUT6=2"
888,1.511,5.000,3.278,0.980,2.298,0.701,4,"uop_p3_q_reg[class_idx][1]/C","hmatch_budget_q_reg[3]/CE","TOP control","FDCE=2;LUT3=1;LUT5=1;LUT6=2"
889,1.511,5.000,3.278,0.980,2.298,0.701,4,"uop_p3_q_reg[class_idx][1]/C","hmatch_budget_q_reg[4]/CE","TOP control","FDCE=2;LUT3=1;LUT5=1;LUT6=2"
890,1.511,5.000,3.278,0.980,2.298,0.701,4,"uop_p3_q_reg[class_idx][1]/C","hmatch_budget_q_reg[5]/CE","TOP control","FDCE=2;LUT3=1;LUT5=1;LUT6=2"
891,1.511,5.000,3.278,0.980,2.298,0.701,4,"uop_p3_q_reg[class_idx][1]/C","hmatch_budget_q_reg[6]/CE","TOP control","FDCE=2;LUT3=1;LUT5=1;LUT6=2"
892,1.511,5.000,3.278,0.980,2.298,0.701,4,"uop_p3_q_reg[class_idx][1]/C","hmatch_budget_q_reg[7]/CE","TOP control","FDCE=2;LUT3=1;LUT5=1;LUT6=2"
893,1.511,5.000,3.278,0.980,2.298,0.701,4,"uop_p3_q_reg[class_idx][1]/C","hmatch_budget_q_reg[8]/CE","TOP control","FDCE=2;LUT3=1;LUT5=1;LUT6=2"
894,1.511,5.000,3.278,0.980,2.298,0.701,4,"uop_p3_q_reg[class_idx][1]/C","hmatch_budget_q_reg[9]/CE","TOP control","FDCE=2;LUT3=1;LUT5=1;LUT6=2"
895,1.517,5.000,3.272,0.980,2.292,0.700,4,"clr_cnt_q_reg[0]/C","FSM_onehot_st_q_reg[0]/CE","TOP control","FDCE=2;LUT4=1;LUT6=3"
896,1.517,5.000,3.272,0.980,2.292,0.700,4,"clr_cnt_q_reg[0]/C","FSM_onehot_st_q_reg[10]/CE","TOP control","FDCE=2;LUT4=1;LUT6=3"
897,1.517,5.000,3.272,0.980,2.292,0.700,4,"clr_cnt_q_reg[0]/C","FSM_onehot_st_q_reg[11]/CE","TOP control","FDCE=2;LUT4=1;LUT6=3"
898,1.517,5.000,3.272,0.980,2.292,0.700,4,"clr_cnt_q_reg[0]/C","FSM_onehot_st_q_reg[12]/CE","TOP control","FDCE=2;LUT4=1;LUT6=3"
899,1.517,5.000,3.272,0.980,2.292,0.700,4,"clr_cnt_q_reg[0]/C","FSM_onehot_st_q_reg[13]/CE","TOP control","FDCE=2;LUT4=1;LUT6=3"
900,1.517,5.000,3.272,0.980,2.292,0.700,4,"clr_cnt_q_reg[0]/C","FSM_onehot_st_q_reg[14]/CE","TOP control","FDCE=2;LUT4=1;LUT6=3"
901,1.517,5.000,3.272,0.980,2.292,0.700,4,"clr_cnt_q_reg[0]/C","FSM_onehot_st_q_reg[15]/CE","TOP control","FDCE=2;LUT4=1;LUT6=3"
902,1.517,5.000,3.272,0.980,2.292,0.700,4,"clr_cnt_q_reg[0]/C","FSM_onehot_st_q_reg[16]/CE","TOP control","FDCE=2;LUT4=1;LUT6=3"
903,1.517,5.000,3.272,0.980,2.292,0.700,4,"clr_cnt_q_reg[0]/C","FSM_onehot_st_q_reg[17]/CE","TOP control","FDCE=2;LUT4=1;LUT6=3"
904,1.517,5.000,3.272,0.980,2.292,0.700,4,"clr_cnt_q_reg[0]/C","FSM_onehot_st_q_reg[18]/CE","TOP control","FDCE=2;LUT4=1;LUT6=3"
905,1.517,5.000,3.272,0.980,2.292,0.700,4,"clr_cnt_q_reg[0]/C","FSM_onehot_st_q_reg[19]/CE","TOP control","FDCE=2;LUT4=1;LUT6=3"
906,1.517,5.000,3.272,0.980,2.292,0.700,4,"clr_cnt_q_reg[0]/C","FSM_onehot_st_q_reg[1]/CE","TOP control","FDCE=2;LUT4=1;LUT6=3"
907,1.517,5.000,3.272,0.980,2.292,0.700,4,"clr_cnt_q_reg[0]/C","FSM_onehot_st_q_reg[1]_rep/CE","TOP control","FDCE=2;LUT4=1;LUT6=3"
908,1.517,5.000,3.272,0.980,2.292,0.700,4,"clr_cnt_q_reg[0]/C","FSM_onehot_st_q_reg[1]_rep__0/CE","TOP control","FDCE=2;LUT4=1;LUT6=3"
909,1.517,5.000,3.272,0.980,2.292,0.700,4,"clr_cnt_q_reg[0]/C","FSM_onehot_st_q_reg[1]_rep__1/CE","TOP control","FDCE=2;LUT4=1;LUT6=3"
910,1.517,5.000,3.272,0.980,2.292,0.700,4,"clr_cnt_q_reg[0]/C","FSM_onehot_st_q_reg[1]_rep__2/CE","TOP control","FDCE=2;LUT4=1;LUT6=3"
911,1.517,5.000,3.272,0.980,2.292,0.700,4,"clr_cnt_q_reg[0]/C","FSM_onehot_st_q_reg[1]_rep__3/CE","TOP control","FDCE=2;LUT4=1;LUT6=3"
912,1.517,5.000,3.272,0.980,2.292,0.700,4,"clr_cnt_q_reg[0]/C","FSM_onehot_st_q_reg[1]_rep__4/CE","TOP control","FDCE=2;LUT4=1;LUT6=3"
913,1.517,5.000,3.272,0.980,2.292,0.700,4,"clr_cnt_q_reg[0]/C","FSM_onehot_st_q_reg[1]_rep__5/CE","TOP control","FDCE=2;LUT4=1;LUT6=3"
914,1.517,5.000,3.272,0.980,2.292,0.700,4,"clr_cnt_q_reg[0]/C","FSM_onehot_st_q_reg[1]_rep__6/CE","TOP control","FDCE=2;LUT4=1;LUT6=3"
915,1.517,5.000,3.272,0.980,2.292,0.700,4,"clr_cnt_q_reg[0]/C","FSM_onehot_st_q_reg[20]/CE","TOP control","FDCE=2;LUT4=1;LUT6=3"
916,1.517,5.000,3.272,0.980,2.292,0.700,4,"clr_cnt_q_reg[0]/C","FSM_onehot_st_q_reg[21]/CE","TOP control","FDCE=2;LUT4=1;LUT6=3"
917,1.517,5.000,3.272,0.980,2.292,0.700,4,"clr_cnt_q_reg[0]/C","FSM_onehot_st_q_reg[22]/CE","TOP control","FDCE=2;LUT4=1;LUT6=3"
918,1.517,5.000,3.272,0.980,2.292,0.700,4,"clr_cnt_q_reg[0]/C","FSM_onehot_st_q_reg[23]/CE","TOP control","FDCE=2;LUT4=1;LUT6=3"
919,1.517,5.000,3.272,0.980,2.292,0.700,4,"clr_cnt_q_reg[0]/C","FSM_onehot_st_q_reg[24]/CE","TOP control","FDCE=2;LUT4=1;LUT6=3"
920,1.517,5.000,3.272,0.980,2.292,0.700,4,"clr_cnt_q_reg[0]/C","FSM_onehot_st_q_reg[25]/CE","TOP control","FDCE=2;LUT4=1;LUT6=3"
921,1.517,5.000,3.272,0.980,2.292,0.700,4,"clr_cnt_q_reg[0]/C","FSM_onehot_st_q_reg[25]_rep/CE","TOP control","FDCE=2;LUT4=1;LUT6=3"
922,1.517,5.000,3.272,0.980,2.292,0.700,4,"clr_cnt_q_reg[0]/C","FSM_onehot_st_q_reg[25]_rep__0/CE","TOP control","FDCE=2;LUT4=1;LUT6=3"
923,1.517,5.000,3.272,0.980,2.292,0.700,4,"clr_cnt_q_reg[0]/C","FSM_onehot_st_q_reg[26]/CE","TOP control","FDCE=2;LUT4=1;LUT6=3"
924,1.517,5.000,3.272,0.980,2.292,0.700,4,"clr_cnt_q_reg[0]/C","FSM_onehot_st_q_reg[27]/CE","TOP control","FDCE=2;LUT4=1;LUT6=3"
925,1.517,5.000,3.272,0.980,2.292,0.700,4,"clr_cnt_q_reg[0]/C","FSM_onehot_st_q_reg[27]_rep/CE","TOP control","FDCE=2;LUT4=1;LUT6=3"
926,1.517,5.000,3.272,0.980,2.292,0.700,4,"clr_cnt_q_reg[0]/C","FSM_onehot_st_q_reg[27]_rep__0/CE","TOP control","FDCE=2;LUT4=1;LUT6=3"
927,1.517,5.000,3.272,0.980,2.292,0.700,4,"clr_cnt_q_reg[0]/C","FSM_onehot_st_q_reg[28]/CE","TOP control","FDCE=1;FDPE=1;LUT4=1;LUT6=3"
928,1.517,5.000,3.272,0.980,2.292,0.700,4,"clr_cnt_q_reg[0]/C","FSM_onehot_st_q_reg[29]/CE","TOP control","FDCE=2;LUT4=1;LUT6=3"
929,1.517,5.000,3.272,0.980,2.292,0.700,4,"clr_cnt_q_reg[0]/C","FSM_onehot_st_q_reg[2]/CE","TOP control","FDCE=2;LUT4=1;LUT6=3"
930,1.517,5.000,3.272,0.980,2.292,0.700,4,"clr_cnt_q_reg[0]/C","FSM_onehot_st_q_reg[2]_rep/CE","TOP control","FDCE=2;LUT4=1;LUT6=3"
931,1.517,5.000,3.272,0.980,2.292,0.700,4,"clr_cnt_q_reg[0]/C","FSM_onehot_st_q_reg[2]_rep__0/CE","TOP control","FDCE=2;LUT4=1;LUT6=3"
932,1.517,5.000,3.272,0.980,2.292,0.700,4,"clr_cnt_q_reg[0]/C","FSM_onehot_st_q_reg[2]_rep__1/CE","TOP control","FDCE=2;LUT4=1;LUT6=3"
933,1.517,5.000,3.272,0.980,2.292,0.700,4,"clr_cnt_q_reg[0]/C","FSM_onehot_st_q_reg[2]_rep__2/CE","TOP control","FDCE=2;LUT4=1;LUT6=3"
934,1.517,5.000,3.272,0.980,2.292,0.700,4,"clr_cnt_q_reg[0]/C","FSM_onehot_st_q_reg[30]/CE","TOP control","FDCE=2;LUT4=1;LUT6=3"
935,1.517,5.000,3.272,0.980,2.292,0.700,4,"clr_cnt_q_reg[0]/C","FSM_onehot_st_q_reg[31]/CE","TOP control","FDCE=2;LUT4=1;LUT6=3"
936,1.517,5.000,3.272,0.980,2.292,0.700,4,"clr_cnt_q_reg[0]/C","FSM_onehot_st_q_reg[3]/CE","TOP control","FDCE=2;LUT4=1;LUT6=3"
937,1.517,5.000,3.272,0.980,2.292,0.700,4,"clr_cnt_q_reg[0]/C","FSM_onehot_st_q_reg[3]_rep/CE","TOP control","FDCE=2;LUT4=1;LUT6=3"
938,1.517,5.000,3.272,0.980,2.292,0.700,4,"clr_cnt_q_reg[0]/C","FSM_onehot_st_q_reg[4]/CE","TOP control","FDCE=2;LUT4=1;LUT6=3"
939,1.517,5.000,3.272,0.980,2.292,0.700,4,"clr_cnt_q_reg[0]/C","FSM_onehot_st_q_reg[5]/CE","TOP control","FDCE=2;LUT4=1;LUT6=3"
940,1.517,5.000,3.272,0.980,2.292,0.700,4,"clr_cnt_q_reg[0]/C","FSM_onehot_st_q_reg[6]/CE","TOP control","FDCE=2;LUT4=1;LUT6=3"
941,1.517,5.000,3.272,0.980,2.292,0.700,4,"clr_cnt_q_reg[0]/C","FSM_onehot_st_q_reg[7]/CE","TOP control","FDCE=2;LUT4=1;LUT6=3"
942,1.517,5.000,3.272,0.980,2.292,0.700,4,"clr_cnt_q_reg[0]/C","FSM_onehot_st_q_reg[8]/CE","TOP control","FDCE=2;LUT4=1;LUT6=3"
943,1.517,5.000,3.272,0.980,2.292,0.700,4,"clr_cnt_q_reg[0]/C","FSM_onehot_st_q_reg[9]/CE","TOP control","FDCE=2;LUT4=1;LUT6=3"
944,1.526,5.000,3.471,0.980,2.491,0.718,4,"ecc_leaf_id_q_reg[3]/C","ecc_product_q_reg[100]/D","other","FDCE=2;LUT5=1;LUT6=3"
945,1.526,5.000,3.471,0.980,2.491,0.718,4,"ecc_leaf_id_q_reg[3]/C","ecc_product_q_reg[101]/D","other","FDCE=2;LUT5=1;LUT6=3"
946,1.526,5.000,3.471,0.980,2.491,0.718,4,"ecc_leaf_id_q_reg[3]/C","ecc_product_q_reg[102]/D","other","FDCE=2;LUT5=1;LUT6=3"
947,1.526,5.000,3.471,0.980,2.491,0.718,4,"ecc_leaf_id_q_reg[3]/C","ecc_product_q_reg[103]/D","other","FDCE=2;LUT5=1;LUT6=3"
948,1.526,5.000,3.471,0.980,2.491,0.718,4,"ecc_leaf_id_q_reg[3]/C","ecc_product_q_reg[104]/D","other","FDCE=2;LUT5=1;LUT6=3"
949,1.526,5.000,3.471,0.980,2.491,0.718,4,"ecc_leaf_id_q_reg[3]/C","ecc_product_q_reg[105]/D","other","FDCE=2;LUT5=1;LUT6=3"
950,1.526,5.000,3.471,0.980,2.491,0.718,4,"ecc_leaf_id_q_reg[3]/C","ecc_product_q_reg[106]/D","other","FDCE=2;LUT5=1;LUT6=3"
951,1.526,5.000,3.471,0.980,2.491,0.718,4,"ecc_leaf_id_q_reg[3]/C","ecc_product_q_reg[107]/D","other","FDCE=2;LUT5=1;LUT6=3"
952,1.526,5.000,3.471,0.980,2.491,0.718,4,"ecc_leaf_id_q_reg[3]/C","ecc_product_q_reg[108]/D","other","FDCE=2;LUT5=1;LUT6=3"
953,1.526,5.000,3.471,0.980,2.491,0.718,4,"ecc_leaf_id_q_reg[3]/C","ecc_product_q_reg[109]/D","other","FDCE=2;LUT5=1;LUT6=3"
954,1.526,5.000,3.471,0.980,2.491,0.718,4,"ecc_leaf_id_q_reg[3]/C","ecc_product_q_reg[110]/D","other","FDCE=2;LUT5=1;LUT6=3"
955,1.526,5.000,3.471,0.980,2.491,0.718,4,"ecc_leaf_id_q_reg[3]/C","ecc_product_q_reg[111]/D","other","FDCE=2;LUT5=1;LUT6=3"
956,1.526,5.000,3.471,0.980,2.491,0.718,4,"ecc_leaf_id_q_reg[3]/C","ecc_product_q_reg[112]/D","other","FDCE=2;LUT5=1;LUT6=3"
957,1.526,5.000,3.471,0.980,2.491,0.718,4,"ecc_leaf_id_q_reg[3]/C","ecc_product_q_reg[113]/D","other","FDCE=2;LUT5=1;LUT6=3"
958,1.526,5.000,3.471,0.980,2.491,0.718,4,"ecc_leaf_id_q_reg[3]/C","ecc_product_q_reg[114]/D","other","FDCE=2;LUT5=1;LUT6=3"
959,1.526,5.000,3.471,0.980,2.491,0.718,4,"ecc_leaf_id_q_reg[3]/C","ecc_product_q_reg[115]/D","other","FDCE=2;LUT5=1;LUT6=3"
960,1.526,5.000,3.471,0.980,2.491,0.718,4,"ecc_leaf_id_q_reg[3]/C","ecc_product_q_reg[116]/D","other","FDCE=2;LUT5=1;LUT6=3"
961,1.526,5.000,3.471,0.980,2.491,0.718,4,"ecc_leaf_id_q_reg[3]/C","ecc_product_q_reg[117]/D","other","FDCE=2;LUT5=1;LUT6=3"
962,1.526,5.000,3.471,0.980,2.491,0.718,4,"ecc_leaf_id_q_reg[3]/C","ecc_product_q_reg[118]/D","other","FDCE=2;LUT5=1;LUT6=3"
963,1.526,5.000,3.471,0.980,2.491,0.718,4,"ecc_leaf_id_q_reg[3]/C","ecc_product_q_reg[119]/D","other","FDCE=2;LUT5=1;LUT6=3"
964,1.526,5.000,3.471,0.980,2.491,0.718,4,"ecc_leaf_id_q_reg[3]/C","ecc_product_q_reg[120]/D","other","FDCE=2;LUT5=1;LUT6=3"
965,1.526,5.000,3.471,0.980,2.491,0.718,4,"ecc_leaf_id_q_reg[3]/C","ecc_product_q_reg[121]/D","other","FDCE=2;LUT5=1;LUT6=3"
966,1.526,5.000,3.471,0.980,2.491,0.718,4,"ecc_leaf_id_q_reg[3]/C","ecc_product_q_reg[122]/D","other","FDCE=2;LUT5=1;LUT6=3"
967,1.526,5.000,3.471,0.980,2.491,0.718,4,"ecc_leaf_id_q_reg[3]/C","ecc_product_q_reg[123]/D","other","FDCE=2;LUT5=1;LUT6=3"
968,1.526,5.000,3.471,0.980,2.491,0.718,4,"ecc_leaf_id_q_reg[3]/C","ecc_product_q_reg[124]/D","other","FDCE=2;LUT5=1;LUT6=3"
969,1.526,5.000,3.471,0.980,2.491,0.718,4,"ecc_leaf_id_q_reg[3]/C","ecc_product_q_reg[125]/D","other","FDCE=2;LUT5=1;LUT6=3"
970,1.526,5.000,3.471,0.980,2.491,0.718,4,"ecc_leaf_id_q_reg[3]/C","ecc_product_q_reg[126]/D","other","FDCE=2;LUT5=1;LUT6=3"
971,1.526,5.000,3.471,0.980,2.491,0.718,4,"ecc_leaf_id_q_reg[3]/C","ecc_product_q_reg[143]/D","other","FDCE=2;LUT5=1;LUT6=3"
972,1.526,5.000,3.471,0.980,2.491,0.718,4,"ecc_leaf_id_q_reg[3]/C","ecc_product_q_reg[144]/D","other","FDCE=2;LUT5=1;LUT6=3"
973,1.526,5.000,3.471,0.980,2.491,0.718,4,"ecc_leaf_id_q_reg[3]/C","ecc_product_q_reg[145]/D","other","FDCE=2;LUT5=1;LUT6=3"
974,1.526,5.000,3.471,0.980,2.491,0.718,4,"ecc_leaf_id_q_reg[3]/C","ecc_product_q_reg[146]/D","other","FDCE=2;LUT5=1;LUT6=3"
975,1.526,5.000,3.471,0.980,2.491,0.718,4,"ecc_leaf_id_q_reg[3]/C","ecc_product_q_reg[147]/D","other","FDCE=2;LUT5=1;LUT6=3"
976,1.526,5.000,3.471,0.980,2.491,0.718,4,"ecc_leaf_id_q_reg[3]/C","ecc_product_q_reg[148]/D","other","FDCE=2;LUT5=1;LUT6=3"
977,1.526,5.000,3.471,0.980,2.491,0.718,4,"ecc_leaf_id_q_reg[3]/C","ecc_product_q_reg[149]/D","other","FDCE=2;LUT5=1;LUT6=3"
978,1.526,5.000,3.471,0.980,2.491,0.718,4,"ecc_leaf_id_q_reg[3]/C","ecc_product_q_reg[150]/D","other","FDCE=2;LUT5=1;LUT6=3"
979,1.526,5.000,3.471,0.980,2.491,0.718,4,"ecc_leaf_id_q_reg[3]/C","ecc_product_q_reg[151]/D","other","FDCE=2;LUT5=1;LUT6=3"
980,1.526,5.000,3.471,0.980,2.491,0.718,4,"ecc_leaf_id_q_reg[3]/C","ecc_product_q_reg[152]/D","other","FDCE=2;LUT5=1;LUT6=3"
981,1.526,5.000,3.471,0.980,2.491,0.718,4,"ecc_leaf_id_q_reg[3]/C","ecc_product_q_reg[153]/D","other","FDCE=2;LUT5=1;LUT6=3"
982,1.526,5.000,3.471,0.980,2.491,0.718,4,"ecc_leaf_id_q_reg[3]/C","ecc_product_q_reg[154]/D","other","FDCE=2;LUT5=1;LUT6=3"
983,1.526,5.000,3.471,0.980,2.491,0.718,4,"ecc_leaf_id_q_reg[3]/C","ecc_product_q_reg[155]/D","other","FDCE=2;LUT5=1;LUT6=3"
984,1.526,5.000,3.471,0.980,2.491,0.718,4,"ecc_leaf_id_q_reg[3]/C","ecc_product_q_reg[156]/D","other","FDCE=2;LUT5=1;LUT6=3"
985,1.526,5.000,3.471,0.980,2.491,0.718,4,"ecc_leaf_id_q_reg[3]/C","ecc_product_q_reg[157]/D","other","FDCE=2;LUT5=1;LUT6=3"
986,1.526,5.000,3.471,0.980,2.491,0.718,4,"ecc_leaf_id_q_reg[3]/C","ecc_product_q_reg[158]/D","other","FDCE=2;LUT5=1;LUT6=3"
987,1.526,5.000,3.471,0.980,2.491,0.718,4,"ecc_leaf_id_q_reg[3]/C","ecc_product_q_reg[159]/D","other","FDCE=2;LUT4=1;LUT5=1;LUT6=2"
988,1.526,5.000,3.471,0.980,2.491,0.718,4,"ecc_leaf_id_q_reg[3]/C","ecc_product_q_reg[15]/D","other","FDCE=2;LUT5=1;LUT6=3"
989,1.526,5.000,3.471,0.980,2.491,0.718,4,"ecc_leaf_id_q_reg[3]/C","ecc_product_q_reg[160]/D","other","FDCE=2;LUT5=1;LUT6=3"
990,1.526,5.000,3.471,0.980,2.491,0.718,4,"ecc_leaf_id_q_reg[3]/C","ecc_product_q_reg[161]/D","other","FDCE=2;LUT5=1;LUT6=3"
991,1.526,5.000,3.471,0.980,2.491,0.718,4,"ecc_leaf_id_q_reg[3]/C","ecc_product_q_reg[162]/D","other","FDCE=2;LUT5=1;LUT6=3"
992,1.526,5.000,3.471,0.980,2.491,0.718,4,"ecc_leaf_id_q_reg[3]/C","ecc_product_q_reg[163]/D","other","FDCE=2;LUT5=1;LUT6=3"
993,1.526,5.000,3.471,0.980,2.491,0.718,4,"ecc_leaf_id_q_reg[3]/C","ecc_product_q_reg[164]/D","other","FDCE=2;LUT5=1;LUT6=3"
994,1.526,5.000,3.471,0.980,2.491,0.718,4,"ecc_leaf_id_q_reg[3]/C","ecc_product_q_reg[165]/D","other","FDCE=2;LUT5=1;LUT6=3"
995,1.526,5.000,3.471,0.980,2.491,0.718,4,"ecc_leaf_id_q_reg[3]/C","ecc_product_q_reg[166]/D","other","FDCE=2;LUT5=1;LUT6=3"
996,1.526,5.000,3.471,0.980,2.491,0.718,4,"ecc_leaf_id_q_reg[3]/C","ecc_product_q_reg[167]/D","other","FDCE=2;LUT5=1;LUT6=3"
997,1.526,5.000,3.471,0.980,2.491,0.718,4,"ecc_leaf_id_q_reg[3]/C","ecc_product_q_reg[168]/D","other","FDCE=2;LUT5=1;LUT6=3"
998,1.526,5.000,3.471,0.980,2.491,0.718,4,"ecc_leaf_id_q_reg[3]/C","ecc_product_q_reg[169]/D","other","FDCE=2;LUT5=1;LUT6=3"
999,1.526,5.000,3.471,0.980,2.491,0.718,4,"ecc_leaf_id_q_reg[3]/C","ecc_product_q_reg[16]/D","other","FDCE=2;LUT5=1;LUT6=3"
1000,1.526,5.000,3.471,0.980,2.491,0.718,4,"ecc_leaf_id_q_reg[3]/C","ecc_product_q_reg[170]/D","other","FDCE=2;LUT5=1;LUT6=3"
