rank,slack_ns,required_time_ns,data_path_delay_ns,logic_delay_ns,route_delay_ns,route_ratio,logic_levels,startpoint,endpoint,path_class,main_cells
1,0.267,5.714,5.444,1.190,4.254,0.781,6,"src0_q_reg[0][1]/C","gen_lane[0].i_p2_pop_slice/popcount_q_o_reg[3]/D","P2 popcount capture","FDCE=2;LUT3=2;LUT6=4"
2,0.267,5.714,5.444,1.190,4.254,0.781,6,"src0_q_reg[0][1]/C","gen_lane[0].i_p2_pop_slice/popcount_q_o_reg[5]/D","P2 popcount capture","FDCE=2;LUT3=1;LUT6=5"
3,0.267,5.714,5.444,1.190,4.254,0.781,6,"src0_q_reg[0][1]/C","gen_lane[0].i_p2_pop_slice/popcount_q_o_reg[6]/D","P2 popcount capture","FDCE=2;LUT3=1;LUT6=5"
4,0.267,5.714,5.444,1.190,4.254,0.781,6,"src0_q_reg[1][1]/C","gen_lane[1].i_p2_pop_slice/popcount_q_o_reg[3]/D","P2 popcount capture","FDCE=2;LUT3=2;LUT6=4"
5,0.267,5.714,5.444,1.190,4.254,0.781,6,"src0_q_reg[1][1]/C","gen_lane[1].i_p2_pop_slice/popcount_q_o_reg[5]/D","P2 popcount capture","FDCE=2;LUT3=1;LUT6=5"
6,0.267,5.714,5.444,1.190,4.254,0.781,6,"src0_q_reg[1][1]/C","gen_lane[1].i_p2_pop_slice/popcount_q_o_reg[6]/D","P2 popcount capture","FDCE=2;LUT3=1;LUT6=5"
7,0.267,5.714,5.444,1.190,4.254,0.781,6,"src0_q_reg[2][1]/C","gen_lane[2].i_p2_pop_slice/popcount_q_o_reg[3]/D","P2 popcount capture","FDCE=2;LUT3=2;LUT6=4"
8,0.267,5.714,5.444,1.190,4.254,0.781,6,"src0_q_reg[2][1]/C","gen_lane[2].i_p2_pop_slice/popcount_q_o_reg[5]/D","P2 popcount capture","FDCE=2;LUT3=1;LUT6=5"
9,0.267,5.714,5.444,1.190,4.254,0.781,6,"src0_q_reg[2][1]/C","gen_lane[2].i_p2_pop_slice/popcount_q_o_reg[6]/D","P2 popcount capture","FDCE=2;LUT3=1;LUT6=5"
10,0.267,5.714,5.444,1.190,4.254,0.781,6,"src0_q_reg[3][1]/C","gen_lane[3].i_p2_pop_slice/popcount_q_o_reg[3]/D","P2 popcount capture","FDCE=2;LUT3=2;LUT6=4"
11,0.267,5.714,5.444,1.190,4.254,0.781,6,"src0_q_reg[3][1]/C","gen_lane[3].i_p2_pop_slice/popcount_q_o_reg[5]/D","P2 popcount capture","FDCE=2;LUT3=1;LUT6=5"
12,0.267,5.714,5.444,1.190,4.254,0.781,6,"src0_q_reg[3][1]/C","gen_lane[3].i_p2_pop_slice/popcount_q_o_reg[6]/D","P2 popcount capture","FDCE=2;LUT3=1;LUT6=5"
13,0.321,5.714,5.390,1.190,4.200,0.779,6,"src0_q_reg[0][1]/C","gen_lane[0].i_p2_pop_slice/popcount_q_o_reg[4]/D","P2 popcount capture","FDCE=2;LUT3=1;LUT6=5"
14,0.321,5.714,5.390,1.190,4.200,0.779,6,"src0_q_reg[1][1]/C","gen_lane[1].i_p2_pop_slice/popcount_q_o_reg[4]/D","P2 popcount capture","FDCE=2;LUT3=1;LUT6=5"
15,0.321,5.714,5.390,1.190,4.200,0.779,6,"src0_q_reg[2][1]/C","gen_lane[2].i_p2_pop_slice/popcount_q_o_reg[4]/D","P2 popcount capture","FDCE=2;LUT3=1;LUT6=5"
16,0.321,5.714,5.390,1.190,4.200,0.779,6,"src0_q_reg[3][1]/C","gen_lane[3].i_p2_pop_slice/popcount_q_o_reg[4]/D","P2 popcount capture","FDCE=2;LUT3=1;LUT6=5"
17,0.453,5.714,4.907,1.085,3.822,0.779,5,"op_q_reg[0]/C","i_vrf/vrf_b2_reg_r1_0_63_6_8/RAMB/I","VRF/read/writeback","FDCE=1;LUT3=2;LUT5=1;LUT6=1;RAMD64E=1"
18,0.453,5.714,4.907,1.085,3.822,0.779,5,"op_q_reg[0]/C","i_vrf/vrf_b2_reg_r2_0_63_6_8/RAMB/I","VRF/read/writeback","FDCE=1;LUT3=2;LUT5=1;LUT6=1;RAMD64E=2"
19,0.457,5.714,4.907,1.085,3.822,0.779,5,"op_q_reg[0]/C","i_vrf/vrf_b2_reg_r1_0_63_3_5/RAMC/I","VRF/read/writeback","FDCE=1;LUT3=2;LUT5=1;LUT6=1;RAMD64E=1"
20,0.457,5.714,4.907,1.085,3.822,0.779,5,"op_q_reg[0]/C","i_vrf/vrf_b2_reg_r2_0_63_3_5/RAMC/I","VRF/read/writeback","FDCE=1;LUT3=2;LUT5=1;LUT6=1;RAMD64E=2"
21,0.462,5.714,4.907,1.085,3.822,0.779,5,"op_q_reg[0]/C","i_vrf/vrf_b2_reg_r1_0_63_6_8/RAMA/I","VRF/read/writeback","FDCE=1;LUT3=2;LUT5=1;LUT6=1;RAMD64E=1"
22,0.462,5.714,4.907,1.085,3.822,0.779,5,"op_q_reg[0]/C","i_vrf/vrf_b2_reg_r2_0_63_6_8/RAMA/I","VRF/read/writeback","FDCE=1;LUT3=2;LUT5=1;LUT6=1;RAMD64E=2"
23,0.478,5.714,5.233,2.540,2.693,0.515,8,"gen_lane[2].i_p2_pop_slice/popcount_q_o_reg[4]/C","hmatch_budget_q_reg[1]/D","P2 popcount capture","CARRY4=3;FDCE=2;LUT2=1;LUT3=1;LUT5=1;LUT6=2"
24,0.478,5.714,5.233,2.540,2.693,0.515,8,"gen_lane[2].i_p2_pop_slice/popcount_q_o_reg[4]/C","hmatch_budget_q_reg[2]/D","P2 popcount capture","CARRY4=3;FDCE=2;LUT2=1;LUT3=1;LUT5=1;LUT6=2"
25,0.478,5.714,5.233,2.540,2.693,0.515,8,"gen_lane[2].i_p2_pop_slice/popcount_q_o_reg[4]/C","hmatch_budget_q_reg[3]/D","P2 popcount capture","CARRY4=3;FDCE=2;LUT2=1;LUT3=1;LUT5=1;LUT6=2"
26,0.478,5.714,5.233,2.540,2.693,0.515,8,"gen_lane[2].i_p2_pop_slice/popcount_q_o_reg[4]/C","hmatch_budget_q_reg[4]/D","P2 popcount capture","CARRY4=3;FDCE=2;LUT2=1;LUT3=1;LUT5=1;LUT6=2"
27,0.478,5.714,5.233,2.540,2.693,0.515,8,"gen_lane[2].i_p2_pop_slice/popcount_q_o_reg[4]/C","hmatch_budget_q_reg[5]/D","P2 popcount capture","CARRY4=3;FDCE=2;LUT2=1;LUT3=1;LUT5=1;LUT6=2"
28,0.478,5.714,5.233,2.540,2.693,0.515,8,"gen_lane[2].i_p2_pop_slice/popcount_q_o_reg[4]/C","hmatch_budget_q_reg[6]/D","P2 popcount capture","CARRY4=3;FDCE=2;LUT2=1;LUT3=1;LUT5=1;LUT6=2"
29,0.478,5.714,5.233,2.540,2.693,0.515,8,"gen_lane[2].i_p2_pop_slice/popcount_q_o_reg[4]/C","hmatch_budget_q_reg[7]/D","P2 popcount capture","CARRY4=3;FDCE=2;LUT2=1;LUT3=1;LUT5=1;LUT6=2"
30,0.478,5.714,5.233,2.540,2.693,0.515,8,"gen_lane[2].i_p2_pop_slice/popcount_q_o_reg[4]/C","hmatch_budget_q_reg[8]/D","P2 popcount capture","CARRY4=3;FDCE=2;LUT2=1;LUT3=1;LUT5=1;LUT6=2"
31,0.478,5.714,5.233,2.540,2.693,0.515,8,"gen_lane[2].i_p2_pop_slice/popcount_q_o_reg[4]/C","hmatch_budget_q_reg[9]/D","P2 popcount capture","CARRY4=3;FDCE=2;LUT2=1;LUT3=1;LUT5=1;LUT6=2"
32,0.478,5.714,5.233,2.540,2.693,0.515,8,"gen_lane[2].i_p2_pop_slice/popcount_q_o_reg[4]/C","hmatch_update_q_reg/D","HMATCH reduction/compare","CARRY4=3;FDCE=2;LUT2=1;LUT3=1;LUT5=1;LUT6=2"
33,0.654,5.714,4.849,1.951,2.898,0.598,7,"a_q_reg[4]/C","res_q_reg[0]/CE","scalar response","CARRY4=2;FDCE=2;LUT4=2;LUT5=1;LUT6=2"
34,0.654,5.714,4.849,1.951,2.898,0.598,7,"a_q_reg[4]/C","res_q_reg[10]/CE","scalar response","CARRY4=2;FDCE=2;LUT4=2;LUT5=1;LUT6=2"
35,0.654,5.714,4.849,1.951,2.898,0.598,7,"a_q_reg[4]/C","res_q_reg[11]/CE","scalar response","CARRY4=2;FDCE=2;LUT4=2;LUT5=1;LUT6=2"
36,0.654,5.714,4.849,1.951,2.898,0.598,7,"a_q_reg[4]/C","res_q_reg[12]/CE","scalar response","CARRY4=2;FDCE=2;LUT4=2;LUT5=1;LUT6=2"
37,0.654,5.714,4.849,1.951,2.898,0.598,7,"a_q_reg[4]/C","res_q_reg[13]/CE","scalar response","CARRY4=2;FDCE=2;LUT4=2;LUT5=1;LUT6=2"
38,0.654,5.714,4.849,1.951,2.898,0.598,7,"a_q_reg[4]/C","res_q_reg[14]/CE","scalar response","CARRY4=2;FDCE=2;LUT4=2;LUT5=1;LUT6=2"
39,0.654,5.714,4.849,1.951,2.898,0.598,7,"a_q_reg[4]/C","res_q_reg[15]/CE","scalar response","CARRY4=2;FDCE=2;LUT4=2;LUT5=1;LUT6=2"
40,0.654,5.714,4.849,1.951,2.898,0.598,7,"a_q_reg[4]/C","res_q_reg[16]/CE","scalar response","CARRY4=2;FDCE=2;LUT4=2;LUT5=1;LUT6=2"
41,0.654,5.714,4.849,1.951,2.898,0.598,7,"a_q_reg[4]/C","res_q_reg[17]/CE","scalar response","CARRY4=2;FDCE=2;LUT4=2;LUT5=1;LUT6=2"
42,0.654,5.714,4.849,1.951,2.898,0.598,7,"a_q_reg[4]/C","res_q_reg[18]/CE","scalar response","CARRY4=2;FDCE=2;LUT4=2;LUT5=1;LUT6=2"
43,0.654,5.714,4.849,1.951,2.898,0.598,7,"a_q_reg[4]/C","res_q_reg[19]/CE","scalar response","CARRY4=2;FDCE=2;LUT4=2;LUT5=1;LUT6=2"
44,0.654,5.714,4.849,1.951,2.898,0.598,7,"a_q_reg[4]/C","res_q_reg[1]/CE","scalar response","CARRY4=2;FDCE=2;LUT4=2;LUT5=1;LUT6=2"
45,0.654,5.714,4.849,1.951,2.898,0.598,7,"a_q_reg[4]/C","res_q_reg[20]/CE","scalar response","CARRY4=2;FDCE=2;LUT4=2;LUT5=1;LUT6=2"
46,0.654,5.714,4.849,1.951,2.898,0.598,7,"a_q_reg[4]/C","res_q_reg[21]/CE","scalar response","CARRY4=2;FDCE=2;LUT4=2;LUT5=1;LUT6=2"
47,0.654,5.714,4.849,1.951,2.898,0.598,7,"a_q_reg[4]/C","res_q_reg[22]/CE","scalar response","CARRY4=2;FDCE=2;LUT4=2;LUT5=1;LUT6=2"
48,0.654,5.714,4.849,1.951,2.898,0.598,7,"a_q_reg[4]/C","res_q_reg[23]/CE","scalar response","CARRY4=2;FDCE=2;LUT4=2;LUT5=1;LUT6=2"
49,0.654,5.714,4.849,1.951,2.898,0.598,7,"a_q_reg[4]/C","res_q_reg[24]/CE","scalar response","CARRY4=2;FDCE=2;LUT4=2;LUT5=1;LUT6=2"
50,0.654,5.714,4.849,1.951,2.898,0.598,7,"a_q_reg[4]/C","res_q_reg[25]/CE","scalar response","CARRY4=2;FDCE=2;LUT4=2;LUT5=1;LUT6=2"
51,0.654,5.714,4.849,1.951,2.898,0.598,7,"a_q_reg[4]/C","res_q_reg[26]/CE","scalar response","CARRY4=2;FDCE=2;LUT4=2;LUT5=1;LUT6=2"
52,0.654,5.714,4.849,1.951,2.898,0.598,7,"a_q_reg[4]/C","res_q_reg[27]/CE","scalar response","CARRY4=2;FDCE=2;LUT4=2;LUT5=1;LUT6=2"
53,0.654,5.714,4.849,1.951,2.898,0.598,7,"a_q_reg[4]/C","res_q_reg[28]/CE","scalar response","CARRY4=2;FDCE=2;LUT4=2;LUT5=1;LUT6=2"
54,0.654,5.714,4.849,1.951,2.898,0.598,7,"a_q_reg[4]/C","res_q_reg[29]/CE","scalar response","CARRY4=2;FDCE=2;LUT4=2;LUT5=1;LUT6=2"
55,0.654,5.714,4.849,1.951,2.898,0.598,7,"a_q_reg[4]/C","res_q_reg[2]/CE","scalar response","CARRY4=2;FDCE=2;LUT4=2;LUT5=1;LUT6=2"
56,0.654,5.714,4.849,1.951,2.898,0.598,7,"a_q_reg[4]/C","res_q_reg[30]/CE","scalar response","CARRY4=2;FDCE=2;LUT4=2;LUT5=1;LUT6=2"
57,0.654,5.714,4.849,1.951,2.898,0.598,7,"a_q_reg[4]/C","res_q_reg[31]/CE","scalar response","CARRY4=2;FDCE=2;LUT4=2;LUT5=1;LUT6=2"
58,0.654,5.714,4.849,1.951,2.898,0.598,7,"a_q_reg[4]/C","res_q_reg[32]/CE","scalar response","CARRY4=2;FDCE=2;LUT4=2;LUT5=1;LUT6=2"
59,0.654,5.714,4.849,1.951,2.898,0.598,7,"a_q_reg[4]/C","res_q_reg[33]/CE","scalar response","CARRY4=2;FDCE=2;LUT4=2;LUT5=1;LUT6=2"
60,0.654,5.714,4.849,1.951,2.898,0.598,7,"a_q_reg[4]/C","res_q_reg[34]/CE","scalar response","CARRY4=2;FDCE=2;LUT4=2;LUT5=1;LUT6=2"
61,0.654,5.714,4.849,1.951,2.898,0.598,7,"a_q_reg[4]/C","res_q_reg[35]/CE","scalar response","CARRY4=2;FDCE=2;LUT4=2;LUT5=1;LUT6=2"
62,0.654,5.714,4.849,1.951,2.898,0.598,7,"a_q_reg[4]/C","res_q_reg[36]/CE","scalar response","CARRY4=2;FDCE=2;LUT4=2;LUT5=1;LUT6=2"
63,0.654,5.714,4.849,1.951,2.898,0.598,7,"a_q_reg[4]/C","res_q_reg[37]/CE","scalar response","CARRY4=2;FDCE=2;LUT4=2;LUT5=1;LUT6=2"
64,0.654,5.714,4.849,1.951,2.898,0.598,7,"a_q_reg[4]/C","res_q_reg[38]/CE","scalar response","CARRY4=2;FDCE=2;LUT4=2;LUT5=1;LUT6=2"
65,0.654,5.714,4.849,1.951,2.898,0.598,7,"a_q_reg[4]/C","res_q_reg[39]/CE","scalar response","CARRY4=2;FDCE=2;LUT4=2;LUT5=1;LUT6=2"
66,0.654,5.714,4.849,1.951,2.898,0.598,7,"a_q_reg[4]/C","res_q_reg[3]/CE","scalar response","CARRY4=2;FDCE=2;LUT4=2;LUT5=1;LUT6=2"
67,0.654,5.714,4.849,1.951,2.898,0.598,7,"a_q_reg[4]/C","res_q_reg[40]/CE","scalar response","CARRY4=2;FDCE=2;LUT4=2;LUT5=1;LUT6=2"
68,0.654,5.714,4.849,1.951,2.898,0.598,7,"a_q_reg[4]/C","res_q_reg[41]/CE","scalar response","CARRY4=2;FDCE=2;LUT4=2;LUT5=1;LUT6=2"
69,0.654,5.714,4.849,1.951,2.898,0.598,7,"a_q_reg[4]/C","res_q_reg[42]/CE","scalar response","CARRY4=2;FDCE=2;LUT4=2;LUT5=1;LUT6=2"
70,0.654,5.714,4.849,1.951,2.898,0.598,7,"a_q_reg[4]/C","res_q_reg[43]/CE","scalar response","CARRY4=2;FDCE=2;LUT4=2;LUT5=1;LUT6=2"
71,0.654,5.714,4.849,1.951,2.898,0.598,7,"a_q_reg[4]/C","res_q_reg[44]/CE","scalar response","CARRY4=2;FDCE=2;LUT4=2;LUT5=1;LUT6=2"
72,0.654,5.714,4.849,1.951,2.898,0.598,7,"a_q_reg[4]/C","res_q_reg[45]/CE","scalar response","CARRY4=2;FDCE=2;LUT4=2;LUT5=1;LUT6=2"
73,0.654,5.714,4.849,1.951,2.898,0.598,7,"a_q_reg[4]/C","res_q_reg[46]/CE","scalar response","CARRY4=2;FDCE=2;LUT4=2;LUT5=1;LUT6=2"
74,0.654,5.714,4.849,1.951,2.898,0.598,7,"a_q_reg[4]/C","res_q_reg[47]/CE","scalar response","CARRY4=2;FDCE=2;LUT4=2;LUT5=1;LUT6=2"
75,0.654,5.714,4.849,1.951,2.898,0.598,7,"a_q_reg[4]/C","res_q_reg[48]/CE","scalar response","CARRY4=2;FDCE=2;LUT4=2;LUT5=1;LUT6=2"
76,0.654,5.714,4.849,1.951,2.898,0.598,7,"a_q_reg[4]/C","res_q_reg[49]/CE","scalar response","CARRY4=2;FDCE=2;LUT4=2;LUT5=1;LUT6=2"
77,0.654,5.714,4.849,1.951,2.898,0.598,7,"a_q_reg[4]/C","res_q_reg[4]/CE","scalar response","CARRY4=2;FDCE=2;LUT4=2;LUT5=1;LUT6=2"
78,0.654,5.714,4.849,1.951,2.898,0.598,7,"a_q_reg[4]/C","res_q_reg[50]/CE","scalar response","CARRY4=2;FDCE=2;LUT4=2;LUT5=1;LUT6=2"
79,0.654,5.714,4.849,1.951,2.898,0.598,7,"a_q_reg[4]/C","res_q_reg[51]/CE","scalar response","CARRY4=2;FDCE=2;LUT4=2;LUT5=1;LUT6=2"
80,0.654,5.714,4.849,1.951,2.898,0.598,7,"a_q_reg[4]/C","res_q_reg[52]/CE","scalar response","CARRY4=2;FDCE=2;LUT4=2;LUT5=1;LUT6=2"
81,0.654,5.714,4.849,1.951,2.898,0.598,7,"a_q_reg[4]/C","res_q_reg[53]/CE","scalar response","CARRY4=2;FDCE=2;LUT4=2;LUT5=1;LUT6=2"
82,0.654,5.714,4.849,1.951,2.898,0.598,7,"a_q_reg[4]/C","res_q_reg[54]/CE","scalar response","CARRY4=2;FDCE=2;LUT4=2;LUT5=1;LUT6=2"
83,0.654,5.714,4.849,1.951,2.898,0.598,7,"a_q_reg[4]/C","res_q_reg[55]/CE","scalar response","CARRY4=2;FDCE=2;LUT4=2;LUT5=1;LUT6=2"
84,0.654,5.714,4.849,1.951,2.898,0.598,7,"a_q_reg[4]/C","res_q_reg[56]/CE","scalar response","CARRY4=2;FDCE=2;LUT4=2;LUT5=1;LUT6=2"
85,0.654,5.714,4.849,1.951,2.898,0.598,7,"a_q_reg[4]/C","res_q_reg[57]/CE","scalar response","CARRY4=2;FDCE=2;LUT4=2;LUT5=1;LUT6=2"
86,0.654,5.714,4.849,1.951,2.898,0.598,7,"a_q_reg[4]/C","res_q_reg[58]/CE","scalar response","CARRY4=2;FDCE=2;LUT4=2;LUT5=1;LUT6=2"
87,0.654,5.714,4.849,1.951,2.898,0.598,7,"a_q_reg[4]/C","res_q_reg[59]/CE","scalar response","CARRY4=2;FDCE=2;LUT4=2;LUT5=1;LUT6=2"
88,0.654,5.714,4.849,1.951,2.898,0.598,7,"a_q_reg[4]/C","res_q_reg[5]/CE","scalar response","CARRY4=2;FDCE=2;LUT4=2;LUT5=1;LUT6=2"
89,0.654,5.714,4.849,1.951,2.898,0.598,7,"a_q_reg[4]/C","res_q_reg[60]/CE","scalar response","CARRY4=2;FDCE=2;LUT4=2;LUT5=1;LUT6=2"
90,0.654,5.714,4.849,1.951,2.898,0.598,7,"a_q_reg[4]/C","res_q_reg[61]/CE","scalar response","CARRY4=2;FDCE=2;LUT4=2;LUT5=1;LUT6=2"
91,0.654,5.714,4.849,1.951,2.898,0.598,7,"a_q_reg[4]/C","res_q_reg[62]/CE","scalar response","CARRY4=2;FDCE=2;LUT4=2;LUT5=1;LUT6=2"
92,0.654,5.714,4.849,1.951,2.898,0.598,7,"a_q_reg[4]/C","res_q_reg[63]/CE","scalar response","CARRY4=2;FDCE=2;LUT4=2;LUT5=1;LUT6=2"
93,0.654,5.714,4.849,1.951,2.898,0.598,7,"a_q_reg[4]/C","res_q_reg[6]/CE","scalar response","CARRY4=2;FDCE=2;LUT4=2;LUT5=1;LUT6=2"
94,0.654,5.714,4.849,1.951,2.898,0.598,7,"a_q_reg[4]/C","res_q_reg[7]/CE","scalar response","CARRY4=2;FDCE=2;LUT4=2;LUT5=1;LUT6=2"
95,0.654,5.714,4.849,1.951,2.898,0.598,7,"a_q_reg[4]/C","res_q_reg[8]/CE","scalar response","CARRY4=2;FDCE=2;LUT4=2;LUT5=1;LUT6=2"
96,0.654,5.714,4.849,1.951,2.898,0.598,7,"a_q_reg[4]/C","res_q_reg[9]/CE","scalar response","CARRY4=2;FDCE=2;LUT4=2;LUT5=1;LUT6=2"
97,0.665,5.714,4.838,1.951,2.887,0.597,7,"a_q_reg[4]/C","hmatch_best_idx_q_reg[0]/CE","HMATCH reduction/compare","CARRY4=2;FDCE=2;LUT3=1;LUT4=2;LUT6=2"
98,0.665,5.714,4.838,1.951,2.887,0.597,7,"a_q_reg[4]/C","hmatch_best_idx_q_reg[1]/CE","HMATCH reduction/compare","CARRY4=2;FDCE=2;LUT3=1;LUT4=2;LUT6=2"
99,0.665,5.714,4.838,1.951,2.887,0.597,7,"a_q_reg[4]/C","hmatch_best_idx_q_reg[2]/CE","HMATCH reduction/compare","CARRY4=2;FDCE=2;LUT3=1;LUT4=2;LUT6=2"
100,0.665,5.714,4.838,1.951,2.887,0.597,7,"a_q_reg[4]/C","hmatch_best_idx_q_reg[3]/CE","HMATCH reduction/compare","CARRY4=2;FDCE=2;LUT3=1;LUT4=2;LUT6=2"
101,0.665,5.714,4.838,1.951,2.887,0.597,7,"a_q_reg[4]/C","hmatch_best_idx_q_reg[4]/CE","HMATCH reduction/compare","CARRY4=2;FDCE=2;LUT3=1;LUT4=2;LUT6=2"
102,0.665,5.714,4.838,1.951,2.887,0.597,7,"a_q_reg[4]/C","hmatch_best_idx_q_reg[5]/CE","HMATCH reduction/compare","CARRY4=2;FDCE=2;LUT3=1;LUT4=2;LUT6=2"
103,0.665,5.714,4.838,1.951,2.887,0.597,7,"a_q_reg[4]/C","hmatch_best_idx_q_reg[6]/CE","HMATCH reduction/compare","CARRY4=2;FDCE=2;LUT3=1;LUT4=2;LUT6=2"
104,0.665,5.714,4.838,1.951,2.887,0.597,7,"a_q_reg[4]/C","hmatch_best_idx_q_reg[7]/CE","HMATCH reduction/compare","CARRY4=2;FDCE=2;LUT3=1;LUT4=2;LUT6=2"
105,0.688,5.714,4.815,1.951,2.864,0.595,7,"a_q_reg[4]/C","hmatch_class_slot_q_reg[0]/CE","other","CARRY4=2;FDCE=2;LUT4=2;LUT6=3"
106,0.688,5.714,4.815,1.951,2.864,0.595,7,"a_q_reg[4]/C","hmatch_class_slot_q_reg[1]/CE","other","CARRY4=2;FDCE=2;LUT4=2;LUT6=3"
107,0.688,5.714,4.815,1.951,2.864,0.595,7,"a_q_reg[4]/C","hmatch_class_slot_q_reg[2]/CE","other","CARRY4=2;FDCE=2;LUT4=2;LUT6=3"
108,0.688,5.714,4.815,1.951,2.864,0.595,7,"a_q_reg[4]/C","hmatch_class_slot_q_reg[3]/CE","other","CARRY4=2;FDCE=2;LUT4=2;LUT6=3"
109,0.696,5.714,4.807,1.951,2.856,0.594,7,"a_q_reg[4]/C","hmatch_budget_q_reg[0]/CE","other","CARRY4=2;FDCE=2;LUT4=2;LUT5=1;LUT6=2"
110,0.696,5.714,4.807,1.951,2.856,0.594,7,"a_q_reg[4]/C","hmatch_budget_q_reg[10]/CE","other","CARRY4=2;FDCE=2;LUT4=2;LUT5=1;LUT6=2"
111,0.696,5.714,4.807,1.951,2.856,0.594,7,"a_q_reg[4]/C","hmatch_budget_q_reg[1]/CE","other","CARRY4=2;FDCE=2;LUT4=2;LUT5=1;LUT6=2"
112,0.696,5.714,4.807,1.951,2.856,0.594,7,"a_q_reg[4]/C","hmatch_budget_q_reg[2]/CE","other","CARRY4=2;FDCE=2;LUT4=2;LUT5=1;LUT6=2"
113,0.696,5.714,4.807,1.951,2.856,0.594,7,"a_q_reg[4]/C","hmatch_budget_q_reg[3]/CE","other","CARRY4=2;FDCE=2;LUT4=2;LUT5=1;LUT6=2"
114,0.696,5.714,4.807,1.951,2.856,0.594,7,"a_q_reg[4]/C","hmatch_budget_q_reg[4]/CE","other","CARRY4=2;FDCE=2;LUT4=2;LUT5=1;LUT6=2"
115,0.696,5.714,4.807,1.951,2.856,0.594,7,"a_q_reg[4]/C","hmatch_budget_q_reg[5]/CE","other","CARRY4=2;FDCE=2;LUT4=2;LUT5=1;LUT6=2"
116,0.696,5.714,4.807,1.951,2.856,0.594,7,"a_q_reg[4]/C","hmatch_budget_q_reg[6]/CE","other","CARRY4=2;FDCE=2;LUT4=2;LUT5=1;LUT6=2"
117,0.696,5.714,4.807,1.951,2.856,0.594,7,"a_q_reg[4]/C","hmatch_budget_q_reg[7]/CE","other","CARRY4=2;FDCE=2;LUT4=2;LUT5=1;LUT6=2"
118,0.696,5.714,4.807,1.951,2.856,0.594,7,"a_q_reg[4]/C","hmatch_budget_q_reg[8]/CE","other","CARRY4=2;FDCE=2;LUT4=2;LUT5=1;LUT6=2"
119,0.696,5.714,4.807,1.951,2.856,0.594,7,"a_q_reg[4]/C","hmatch_budget_q_reg[9]/CE","other","CARRY4=2;FDCE=2;LUT4=2;LUT5=1;LUT6=2"
120,0.696,5.714,4.807,1.951,2.856,0.594,7,"a_q_reg[4]/C","hsim_total_q_reg[0]/CE","HMATCH reduction/compare","CARRY4=2;FDCE=2;LUT4=2;LUT5=1;LUT6=2"
121,0.696,5.714,4.807,1.951,2.856,0.594,7,"a_q_reg[4]/C","hsim_total_q_reg[10]/CE","HMATCH reduction/compare","CARRY4=2;FDCE=2;LUT4=2;LUT5=1;LUT6=2"
122,0.696,5.714,4.807,1.951,2.856,0.594,7,"a_q_reg[4]/C","hsim_total_q_reg[1]/CE","HMATCH reduction/compare","CARRY4=2;FDCE=2;LUT4=2;LUT5=1;LUT6=2"
123,0.696,5.714,4.807,1.951,2.856,0.594,7,"a_q_reg[4]/C","hsim_total_q_reg[2]/CE","HMATCH reduction/compare","CARRY4=2;FDCE=2;LUT4=2;LUT5=1;LUT6=2"
124,0.696,5.714,4.807,1.951,2.856,0.594,7,"a_q_reg[4]/C","hsim_total_q_reg[3]/CE","HMATCH reduction/compare","CARRY4=2;FDCE=2;LUT4=2;LUT5=1;LUT6=2"
125,0.696,5.714,4.807,1.951,2.856,0.594,7,"a_q_reg[4]/C","hsim_total_q_reg[4]/CE","HMATCH reduction/compare","CARRY4=2;FDCE=2;LUT4=2;LUT5=1;LUT6=2"
126,0.696,5.714,4.807,1.951,2.856,0.594,7,"a_q_reg[4]/C","hsim_total_q_reg[5]/CE","HMATCH reduction/compare","CARRY4=2;FDCE=2;LUT4=2;LUT5=1;LUT6=2"
127,0.696,5.714,4.807,1.951,2.856,0.594,7,"a_q_reg[4]/C","hsim_total_q_reg[6]/CE","HMATCH reduction/compare","CARRY4=2;FDCE=2;LUT4=2;LUT5=1;LUT6=2"
128,0.696,5.714,4.807,1.951,2.856,0.594,7,"a_q_reg[4]/C","hsim_total_q_reg[7]/CE","HMATCH reduction/compare","CARRY4=2;FDCE=2;LUT4=2;LUT5=1;LUT6=2"
129,0.696,5.714,4.807,1.951,2.856,0.594,7,"a_q_reg[4]/C","hsim_total_q_reg[8]/CE","HMATCH reduction/compare","CARRY4=2;FDCE=2;LUT4=2;LUT5=1;LUT6=2"
130,0.696,5.714,4.807,1.951,2.856,0.594,7,"a_q_reg[4]/C","hsim_total_q_reg[9]/CE","HMATCH reduction/compare","CARRY4=2;FDCE=2;LUT4=2;LUT5=1;LUT6=2"
131,0.854,5.714,4.510,1.085,3.425,0.759,5,"op_q_reg[0]/C","i_vrf/vrf_b2_reg_r1_0_63_63_63/DP/I","VRF/read/writeback","FDCE=1;LUT3=2;LUT4=1;LUT5=1;RAMD64E=1"
132,0.854,5.714,4.510,1.085,3.425,0.759,5,"op_q_reg[0]/C","i_vrf/vrf_b2_reg_r2_0_63_63_63/DP/I","VRF/read/writeback","FDCE=1;LUT3=2;LUT4=1;LUT5=1;RAMD64E=2"
133,0.863,5.714,4.497,1.085,3.412,0.759,5,"op_q_reg[0]/C","i_vrf/vrf_b2_reg_r1_0_63_0_2/RAMB/I","VRF/read/writeback","FDCE=1;LUT3=2;LUT4=1;LUT5=1;RAMD64E=1"
134,0.863,5.714,4.497,1.085,3.412,0.759,5,"op_q_reg[0]/C","i_vrf/vrf_b2_reg_r1_0_63_12_14/RAMB/I","VRF/read/writeback","FDCE=1;LUT3=2;LUT4=1;LUT5=1;RAMD64E=1"
135,0.863,5.714,4.497,1.085,3.412,0.759,5,"op_q_reg[0]/C","i_vrf/vrf_b2_reg_r1_0_63_15_17/RAMB/I","VRF/read/writeback","FDCE=1;LUT3=2;LUT4=1;LUT5=1;RAMD64E=1"
136,0.863,5.714,4.497,1.085,3.412,0.759,5,"op_q_reg[0]/C","i_vrf/vrf_b2_reg_r1_0_63_18_20/RAMB/I","VRF/read/writeback","FDCE=1;LUT3=2;LUT4=1;LUT5=1;RAMD64E=1"
137,0.863,5.714,4.497,1.085,3.412,0.759,5,"op_q_reg[0]/C","i_vrf/vrf_b2_reg_r1_0_63_21_23/RAMB/I","VRF/read/writeback","FDCE=1;LUT3=2;LUT4=1;LUT5=1;RAMD64E=1"
138,0.863,5.714,4.497,1.085,3.412,0.759,5,"op_q_reg[0]/C","i_vrf/vrf_b2_reg_r1_0_63_24_26/RAMB/I","VRF/read/writeback","FDCE=1;LUT3=2;LUT4=1;LUT5=1;RAMD64E=1"
139,0.863,5.714,4.497,1.085,3.412,0.759,5,"op_q_reg[0]/C","i_vrf/vrf_b2_reg_r1_0_63_27_29/RAMB/I","VRF/read/writeback","FDCE=1;LUT3=2;LUT4=1;LUT5=1;RAMD64E=1"
140,0.863,5.714,4.497,1.085,3.412,0.759,5,"op_q_reg[0]/C","i_vrf/vrf_b2_reg_r1_0_63_30_32/RAMB/I","VRF/read/writeback","FDCE=1;LUT3=2;LUT4=1;LUT5=1;RAMD64E=1"
141,0.863,5.714,4.497,1.085,3.412,0.759,5,"op_q_reg[0]/C","i_vrf/vrf_b2_reg_r1_0_63_33_35/RAMB/I","VRF/read/writeback","FDCE=1;LUT3=2;LUT4=1;LUT5=1;RAMD64E=1"
142,0.863,5.714,4.497,1.085,3.412,0.759,5,"op_q_reg[0]/C","i_vrf/vrf_b2_reg_r1_0_63_36_38/RAMB/I","VRF/read/writeback","FDCE=1;LUT3=2;LUT4=1;LUT5=1;RAMD64E=1"
143,0.863,5.714,4.497,1.085,3.412,0.759,5,"op_q_reg[0]/C","i_vrf/vrf_b2_reg_r1_0_63_39_41/RAMB/I","VRF/read/writeback","FDCE=1;LUT3=2;LUT4=1;LUT5=1;RAMD64E=1"
144,0.863,5.714,4.497,1.085,3.412,0.759,5,"op_q_reg[0]/C","i_vrf/vrf_b2_reg_r1_0_63_3_5/RAMB/I","VRF/read/writeback","FDCE=1;LUT3=2;LUT4=1;LUT5=1;RAMD64E=1"
145,0.863,5.714,4.497,1.085,3.412,0.759,5,"op_q_reg[0]/C","i_vrf/vrf_b2_reg_r1_0_63_42_44/RAMB/I","VRF/read/writeback","FDCE=1;LUT3=2;LUT4=1;LUT5=1;RAMD64E=1"
146,0.863,5.714,4.497,1.085,3.412,0.759,5,"op_q_reg[0]/C","i_vrf/vrf_b2_reg_r1_0_63_45_47/RAMB/I","VRF/read/writeback","FDCE=1;LUT3=2;LUT4=1;LUT5=1;RAMD64E=1"
147,0.863,5.714,4.497,1.085,3.412,0.759,5,"op_q_reg[0]/C","i_vrf/vrf_b2_reg_r1_0_63_48_50/RAMB/I","VRF/read/writeback","FDCE=1;LUT3=2;LUT4=1;LUT5=1;RAMD64E=1"
148,0.863,5.714,4.497,1.085,3.412,0.759,5,"op_q_reg[0]/C","i_vrf/vrf_b2_reg_r1_0_63_51_53/RAMB/I","VRF/read/writeback","FDCE=1;LUT3=2;LUT4=1;LUT5=1;RAMD64E=1"
149,0.863,5.714,4.497,1.085,3.412,0.759,5,"op_q_reg[0]/C","i_vrf/vrf_b2_reg_r1_0_63_54_56/RAMB/I","VRF/read/writeback","FDCE=1;LUT3=2;LUT4=1;LUT5=1;RAMD64E=1"
150,0.863,5.714,4.497,1.085,3.412,0.759,5,"op_q_reg[0]/C","i_vrf/vrf_b2_reg_r1_0_63_57_59/RAMB/I","VRF/read/writeback","FDCE=1;LUT3=2;LUT4=1;LUT5=1;RAMD64E=1"
151,0.863,5.714,4.497,1.085,3.412,0.759,5,"op_q_reg[0]/C","i_vrf/vrf_b2_reg_r1_0_63_60_62/RAMB/I","VRF/read/writeback","FDCE=1;LUT3=2;LUT4=1;LUT5=1;RAMD64E=1"
152,0.863,5.714,4.497,1.085,3.412,0.759,5,"op_q_reg[0]/C","i_vrf/vrf_b2_reg_r1_0_63_9_11/RAMB/I","VRF/read/writeback","FDCE=1;LUT3=2;LUT4=1;LUT5=1;RAMD64E=1"
153,0.863,5.714,4.497,1.085,3.412,0.759,5,"op_q_reg[0]/C","i_vrf/vrf_b2_reg_r2_0_63_0_2/RAMB/I","VRF/read/writeback","FDCE=1;LUT3=2;LUT4=1;LUT5=1;RAMD64E=2"
154,0.863,5.714,4.497,1.085,3.412,0.759,5,"op_q_reg[0]/C","i_vrf/vrf_b2_reg_r2_0_63_12_14/RAMB/I","VRF/read/writeback","FDCE=1;LUT3=2;LUT4=1;LUT5=1;RAMD64E=2"
155,0.863,5.714,4.497,1.085,3.412,0.759,5,"op_q_reg[0]/C","i_vrf/vrf_b2_reg_r2_0_63_15_17/RAMB/I","VRF/read/writeback","FDCE=1;LUT3=2;LUT4=1;LUT5=1;RAMD64E=2"
156,0.863,5.714,4.497,1.085,3.412,0.759,5,"op_q_reg[0]/C","i_vrf/vrf_b2_reg_r2_0_63_18_20/RAMB/I","VRF/read/writeback","FDCE=1;LUT3=2;LUT4=1;LUT5=1;RAMD64E=2"
157,0.863,5.714,4.497,1.085,3.412,0.759,5,"op_q_reg[0]/C","i_vrf/vrf_b2_reg_r2_0_63_21_23/RAMB/I","VRF/read/writeback","FDCE=1;LUT3=2;LUT4=1;LUT5=1;RAMD64E=2"
158,0.863,5.714,4.497,1.085,3.412,0.759,5,"op_q_reg[0]/C","i_vrf/vrf_b2_reg_r2_0_63_24_26/RAMB/I","VRF/read/writeback","FDCE=1;LUT3=2;LUT4=1;LUT5=1;RAMD64E=2"
159,0.863,5.714,4.497,1.085,3.412,0.759,5,"op_q_reg[0]/C","i_vrf/vrf_b2_reg_r2_0_63_27_29/RAMB/I","VRF/read/writeback","FDCE=1;LUT3=2;LUT4=1;LUT5=1;RAMD64E=2"
160,0.863,5.714,4.497,1.085,3.412,0.759,5,"op_q_reg[0]/C","i_vrf/vrf_b2_reg_r2_0_63_30_32/RAMB/I","VRF/read/writeback","FDCE=1;LUT3=2;LUT4=1;LUT5=1;RAMD64E=2"
161,0.863,5.714,4.497,1.085,3.412,0.759,5,"op_q_reg[0]/C","i_vrf/vrf_b2_reg_r2_0_63_33_35/RAMB/I","VRF/read/writeback","FDCE=1;LUT3=2;LUT4=1;LUT5=1;RAMD64E=2"
162,0.863,5.714,4.497,1.085,3.412,0.759,5,"op_q_reg[0]/C","i_vrf/vrf_b2_reg_r2_0_63_36_38/RAMB/I","VRF/read/writeback","FDCE=1;LUT3=2;LUT4=1;LUT5=1;RAMD64E=2"
163,0.863,5.714,4.497,1.085,3.412,0.759,5,"op_q_reg[0]/C","i_vrf/vrf_b2_reg_r2_0_63_39_41/RAMB/I","VRF/read/writeback","FDCE=1;LUT3=2;LUT4=1;LUT5=1;RAMD64E=2"
164,0.863,5.714,4.497,1.085,3.412,0.759,5,"op_q_reg[0]/C","i_vrf/vrf_b2_reg_r2_0_63_3_5/RAMB/I","VRF/read/writeback","FDCE=1;LUT3=2;LUT4=1;LUT5=1;RAMD64E=2"
165,0.863,5.714,4.497,1.085,3.412,0.759,5,"op_q_reg[0]/C","i_vrf/vrf_b2_reg_r2_0_63_42_44/RAMB/I","VRF/read/writeback","FDCE=1;LUT3=2;LUT4=1;LUT5=1;RAMD64E=2"
166,0.863,5.714,4.497,1.085,3.412,0.759,5,"op_q_reg[0]/C","i_vrf/vrf_b2_reg_r2_0_63_45_47/RAMB/I","VRF/read/writeback","FDCE=1;LUT3=2;LUT4=1;LUT5=1;RAMD64E=2"
167,0.863,5.714,4.497,1.085,3.412,0.759,5,"op_q_reg[0]/C","i_vrf/vrf_b2_reg_r2_0_63_48_50/RAMB/I","VRF/read/writeback","FDCE=1;LUT3=2;LUT4=1;LUT5=1;RAMD64E=2"
168,0.863,5.714,4.497,1.085,3.412,0.759,5,"op_q_reg[0]/C","i_vrf/vrf_b2_reg_r2_0_63_51_53/RAMB/I","VRF/read/writeback","FDCE=1;LUT3=2;LUT4=1;LUT5=1;RAMD64E=2"
169,0.863,5.714,4.497,1.085,3.412,0.759,5,"op_q_reg[0]/C","i_vrf/vrf_b2_reg_r2_0_63_54_56/RAMB/I","VRF/read/writeback","FDCE=1;LUT3=2;LUT4=1;LUT5=1;RAMD64E=2"
170,0.863,5.714,4.497,1.085,3.412,0.759,5,"op_q_reg[0]/C","i_vrf/vrf_b2_reg_r2_0_63_57_59/RAMB/I","VRF/read/writeback","FDCE=1;LUT3=2;LUT4=1;LUT5=1;RAMD64E=2"
171,0.863,5.714,4.497,1.085,3.412,0.759,5,"op_q_reg[0]/C","i_vrf/vrf_b2_reg_r2_0_63_60_62/RAMB/I","VRF/read/writeback","FDCE=1;LUT3=2;LUT4=1;LUT5=1;RAMD64E=2"
172,0.863,5.714,4.497,1.085,3.412,0.759,5,"op_q_reg[0]/C","i_vrf/vrf_b2_reg_r2_0_63_9_11/RAMB/I","VRF/read/writeback","FDCE=1;LUT3=2;LUT4=1;LUT5=1;RAMD64E=2"
173,0.867,5.714,4.497,1.085,3.412,0.759,5,"op_q_reg[0]/C","i_vrf/vrf_b2_reg_r1_0_63_0_2/RAMC/I","VRF/read/writeback","FDCE=1;LUT3=2;LUT4=1;LUT5=1;RAMD64E=1"
174,0.867,5.714,4.497,1.085,3.412,0.759,5,"op_q_reg[0]/C","i_vrf/vrf_b2_reg_r1_0_63_12_14/RAMC/I","VRF/read/writeback","FDCE=1;LUT3=2;LUT4=1;LUT5=1;RAMD64E=1"
175,0.867,5.714,4.497,1.085,3.412,0.759,5,"op_q_reg[0]/C","i_vrf/vrf_b2_reg_r1_0_63_15_17/RAMC/I","VRF/read/writeback","FDCE=1;LUT3=2;LUT4=1;LUT5=1;RAMD64E=1"
176,0.867,5.714,4.497,1.085,3.412,0.759,5,"op_q_reg[0]/C","i_vrf/vrf_b2_reg_r1_0_63_18_20/RAMC/I","VRF/read/writeback","FDCE=1;LUT3=2;LUT4=1;LUT5=1;RAMD64E=1"
177,0.867,5.714,4.497,1.085,3.412,0.759,5,"op_q_reg[0]/C","i_vrf/vrf_b2_reg_r1_0_63_21_23/RAMC/I","VRF/read/writeback","FDCE=1;LUT3=2;LUT4=1;LUT5=1;RAMD64E=1"
178,0.867,5.714,4.497,1.085,3.412,0.759,5,"op_q_reg[0]/C","i_vrf/vrf_b2_reg_r1_0_63_24_26/RAMC/I","VRF/read/writeback","FDCE=1;LUT3=2;LUT4=1;LUT5=1;RAMD64E=1"
179,0.867,5.714,4.497,1.085,3.412,0.759,5,"op_q_reg[0]/C","i_vrf/vrf_b2_reg_r1_0_63_27_29/RAMC/I","VRF/read/writeback","FDCE=1;LUT3=2;LUT4=1;LUT5=1;RAMD64E=1"
180,0.867,5.714,4.497,1.085,3.412,0.759,5,"op_q_reg[0]/C","i_vrf/vrf_b2_reg_r1_0_63_30_32/RAMC/I","VRF/read/writeback","FDCE=1;LUT3=2;LUT4=1;LUT5=1;RAMD64E=1"
181,0.867,5.714,4.497,1.085,3.412,0.759,5,"op_q_reg[0]/C","i_vrf/vrf_b2_reg_r1_0_63_33_35/RAMC/I","VRF/read/writeback","FDCE=1;LUT3=2;LUT4=1;LUT5=1;RAMD64E=1"
182,0.867,5.714,4.497,1.085,3.412,0.759,5,"op_q_reg[0]/C","i_vrf/vrf_b2_reg_r1_0_63_36_38/RAMC/I","VRF/read/writeback","FDCE=1;LUT3=2;LUT4=1;LUT5=1;RAMD64E=1"
183,0.867,5.714,4.497,1.085,3.412,0.759,5,"op_q_reg[0]/C","i_vrf/vrf_b2_reg_r1_0_63_39_41/RAMC/I","VRF/read/writeback","FDCE=1;LUT3=2;LUT4=1;LUT5=1;RAMD64E=1"
184,0.867,5.714,4.497,1.085,3.412,0.759,5,"op_q_reg[0]/C","i_vrf/vrf_b2_reg_r1_0_63_42_44/RAMC/I","VRF/read/writeback","FDCE=1;LUT3=2;LUT4=1;LUT5=1;RAMD64E=1"
185,0.867,5.714,4.497,1.085,3.412,0.759,5,"op_q_reg[0]/C","i_vrf/vrf_b2_reg_r1_0_63_45_47/RAMC/I","VRF/read/writeback","FDCE=1;LUT3=2;LUT4=1;LUT5=1;RAMD64E=1"
186,0.867,5.714,4.497,1.085,3.412,0.759,5,"op_q_reg[0]/C","i_vrf/vrf_b2_reg_r1_0_63_48_50/RAMC/I","VRF/read/writeback","FDCE=1;LUT3=2;LUT4=1;LUT5=1;RAMD64E=1"
187,0.867,5.714,4.497,1.085,3.412,0.759,5,"op_q_reg[0]/C","i_vrf/vrf_b2_reg_r1_0_63_51_53/RAMC/I","VRF/read/writeback","FDCE=1;LUT3=2;LUT4=1;LUT5=1;RAMD64E=1"
188,0.867,5.714,4.497,1.085,3.412,0.759,5,"op_q_reg[0]/C","i_vrf/vrf_b2_reg_r1_0_63_54_56/RAMC/I","VRF/read/writeback","FDCE=1;LUT3=2;LUT4=1;LUT5=1;RAMD64E=1"
189,0.867,5.714,4.497,1.085,3.412,0.759,5,"op_q_reg[0]/C","i_vrf/vrf_b2_reg_r1_0_63_57_59/RAMC/I","VRF/read/writeback","FDCE=1;LUT3=2;LUT4=1;LUT5=1;RAMD64E=1"
190,0.867,5.714,4.497,1.085,3.412,0.759,5,"op_q_reg[0]/C","i_vrf/vrf_b2_reg_r1_0_63_60_62/RAMC/I","VRF/read/writeback","FDCE=1;LUT3=2;LUT4=1;LUT5=1;RAMD64E=1"
191,0.867,5.714,4.497,1.085,3.412,0.759,5,"op_q_reg[0]/C","i_vrf/vrf_b2_reg_r1_0_63_6_8/RAMC/I","VRF/read/writeback","FDCE=1;LUT3=2;LUT4=1;LUT5=1;RAMD64E=1"
192,0.867,5.714,4.497,1.085,3.412,0.759,5,"op_q_reg[0]/C","i_vrf/vrf_b2_reg_r1_0_63_9_11/RAMC/I","VRF/read/writeback","FDCE=1;LUT3=2;LUT4=1;LUT5=1;RAMD64E=1"
193,0.867,5.714,4.497,1.085,3.412,0.759,5,"op_q_reg[0]/C","i_vrf/vrf_b2_reg_r2_0_63_0_2/RAMC/I","VRF/read/writeback","FDCE=1;LUT3=2;LUT4=1;LUT5=1;RAMD64E=2"
194,0.867,5.714,4.497,1.085,3.412,0.759,5,"op_q_reg[0]/C","i_vrf/vrf_b2_reg_r2_0_63_12_14/RAMC/I","VRF/read/writeback","FDCE=1;LUT3=2;LUT4=1;LUT5=1;RAMD64E=2"
195,0.867,5.714,4.497,1.085,3.412,0.759,5,"op_q_reg[0]/C","i_vrf/vrf_b2_reg_r2_0_63_15_17/RAMC/I","VRF/read/writeback","FDCE=1;LUT3=2;LUT4=1;LUT5=1;RAMD64E=2"
196,0.867,5.714,4.497,1.085,3.412,0.759,5,"op_q_reg[0]/C","i_vrf/vrf_b2_reg_r2_0_63_18_20/RAMC/I","VRF/read/writeback","FDCE=1;LUT3=2;LUT4=1;LUT5=1;RAMD64E=2"
197,0.867,5.714,4.497,1.085,3.412,0.759,5,"op_q_reg[0]/C","i_vrf/vrf_b2_reg_r2_0_63_21_23/RAMC/I","VRF/read/writeback","FDCE=1;LUT3=2;LUT4=1;LUT5=1;RAMD64E=2"
198,0.867,5.714,4.497,1.085,3.412,0.759,5,"op_q_reg[0]/C","i_vrf/vrf_b2_reg_r2_0_63_24_26/RAMC/I","VRF/read/writeback","FDCE=1;LUT3=2;LUT4=1;LUT5=1;RAMD64E=2"
199,0.867,5.714,4.497,1.085,3.412,0.759,5,"op_q_reg[0]/C","i_vrf/vrf_b2_reg_r2_0_63_27_29/RAMC/I","VRF/read/writeback","FDCE=1;LUT3=2;LUT4=1;LUT5=1;RAMD64E=2"
200,0.867,5.714,4.497,1.085,3.412,0.759,5,"op_q_reg[0]/C","i_vrf/vrf_b2_reg_r2_0_63_30_32/RAMC/I","VRF/read/writeback","FDCE=1;LUT3=2;LUT4=1;LUT5=1;RAMD64E=2"
201,0.867,5.714,4.497,1.085,3.412,0.759,5,"op_q_reg[0]/C","i_vrf/vrf_b2_reg_r2_0_63_33_35/RAMC/I","VRF/read/writeback","FDCE=1;LUT3=2;LUT4=1;LUT5=1;RAMD64E=2"
202,0.867,5.714,4.497,1.085,3.412,0.759,5,"op_q_reg[0]/C","i_vrf/vrf_b2_reg_r2_0_63_36_38/RAMC/I","VRF/read/writeback","FDCE=1;LUT3=2;LUT4=1;LUT5=1;RAMD64E=2"
203,0.867,5.714,4.497,1.085,3.412,0.759,5,"op_q_reg[0]/C","i_vrf/vrf_b2_reg_r2_0_63_39_41/RAMC/I","VRF/read/writeback","FDCE=1;LUT3=2;LUT4=1;LUT5=1;RAMD64E=2"
204,0.867,5.714,4.497,1.085,3.412,0.759,5,"op_q_reg[0]/C","i_vrf/vrf_b2_reg_r2_0_63_42_44/RAMC/I","VRF/read/writeback","FDCE=1;LUT3=2;LUT4=1;LUT5=1;RAMD64E=2"
205,0.867,5.714,4.497,1.085,3.412,0.759,5,"op_q_reg[0]/C","i_vrf/vrf_b2_reg_r2_0_63_45_47/RAMC/I","VRF/read/writeback","FDCE=1;LUT3=2;LUT4=1;LUT5=1;RAMD64E=2"
206,0.867,5.714,4.497,1.085,3.412,0.759,5,"op_q_reg[0]/C","i_vrf/vrf_b2_reg_r2_0_63_48_50/RAMC/I","VRF/read/writeback","FDCE=1;LUT3=2;LUT4=1;LUT5=1;RAMD64E=2"
207,0.867,5.714,4.497,1.085,3.412,0.759,5,"op_q_reg[0]/C","i_vrf/vrf_b2_reg_r2_0_63_51_53/RAMC/I","VRF/read/writeback","FDCE=1;LUT3=2;LUT4=1;LUT5=1;RAMD64E=2"
208,0.867,5.714,4.497,1.085,3.412,0.759,5,"op_q_reg[0]/C","i_vrf/vrf_b2_reg_r2_0_63_54_56/RAMC/I","VRF/read/writeback","FDCE=1;LUT3=2;LUT4=1;LUT5=1;RAMD64E=2"
209,0.867,5.714,4.497,1.085,3.412,0.759,5,"op_q_reg[0]/C","i_vrf/vrf_b2_reg_r2_0_63_57_59/RAMC/I","VRF/read/writeback","FDCE=1;LUT3=2;LUT4=1;LUT5=1;RAMD64E=2"
210,0.867,5.714,4.497,1.085,3.412,0.759,5,"op_q_reg[0]/C","i_vrf/vrf_b2_reg_r2_0_63_60_62/RAMC/I","VRF/read/writeback","FDCE=1;LUT3=2;LUT4=1;LUT5=1;RAMD64E=2"
211,0.867,5.714,4.497,1.085,3.412,0.759,5,"op_q_reg[0]/C","i_vrf/vrf_b2_reg_r2_0_63_6_8/RAMC/I","VRF/read/writeback","FDCE=1;LUT3=2;LUT4=1;LUT5=1;RAMD64E=2"
212,0.867,5.714,4.497,1.085,3.412,0.759,5,"op_q_reg[0]/C","i_vrf/vrf_b2_reg_r2_0_63_9_11/RAMC/I","VRF/read/writeback","FDCE=1;LUT3=2;LUT4=1;LUT5=1;RAMD64E=2"
213,0.872,5.714,4.497,1.085,3.412,0.759,5,"op_q_reg[0]/C","i_vrf/vrf_b2_reg_r1_0_63_0_2/RAMA/I","VRF/read/writeback","FDCE=1;LUT3=2;LUT4=1;LUT5=1;RAMD64E=1"
214,0.872,5.714,4.497,1.085,3.412,0.759,5,"op_q_reg[0]/C","i_vrf/vrf_b2_reg_r1_0_63_12_14/RAMA/I","VRF/read/writeback","FDCE=1;LUT3=2;LUT4=1;LUT5=1;RAMD64E=1"
215,0.872,5.714,4.497,1.085,3.412,0.759,5,"op_q_reg[0]/C","i_vrf/vrf_b2_reg_r1_0_63_15_17/RAMA/I","VRF/read/writeback","FDCE=1;LUT3=2;LUT4=1;LUT5=1;RAMD64E=1"
216,0.872,5.714,4.497,1.085,3.412,0.759,5,"op_q_reg[0]/C","i_vrf/vrf_b2_reg_r1_0_63_18_20/RAMA/I","VRF/read/writeback","FDCE=1;LUT3=2;LUT4=1;LUT5=1;RAMD64E=1"
217,0.872,5.714,4.497,1.085,3.412,0.759,5,"op_q_reg[0]/C","i_vrf/vrf_b2_reg_r1_0_63_21_23/RAMA/I","VRF/read/writeback","FDCE=1;LUT3=2;LUT4=1;LUT5=1;RAMD64E=1"
218,0.872,5.714,4.497,1.085,3.412,0.759,5,"op_q_reg[0]/C","i_vrf/vrf_b2_reg_r1_0_63_24_26/RAMA/I","VRF/read/writeback","FDCE=1;LUT3=2;LUT4=1;LUT5=1;RAMD64E=1"
219,0.872,5.714,4.497,1.085,3.412,0.759,5,"op_q_reg[0]/C","i_vrf/vrf_b2_reg_r1_0_63_27_29/RAMA/I","VRF/read/writeback","FDCE=1;LUT3=2;LUT4=1;LUT5=1;RAMD64E=1"
220,0.872,5.714,4.497,1.085,3.412,0.759,5,"op_q_reg[0]/C","i_vrf/vrf_b2_reg_r1_0_63_30_32/RAMA/I","VRF/read/writeback","FDCE=1;LUT3=2;LUT4=1;LUT5=1;RAMD64E=1"
221,0.872,5.714,4.497,1.085,3.412,0.759,5,"op_q_reg[0]/C","i_vrf/vrf_b2_reg_r1_0_63_33_35/RAMA/I","VRF/read/writeback","FDCE=1;LUT3=2;LUT4=1;LUT5=1;RAMD64E=1"
222,0.872,5.714,4.497,1.085,3.412,0.759,5,"op_q_reg[0]/C","i_vrf/vrf_b2_reg_r1_0_63_36_38/RAMA/I","VRF/read/writeback","FDCE=1;LUT3=2;LUT4=1;LUT5=1;RAMD64E=1"
223,0.872,5.714,4.497,1.085,3.412,0.759,5,"op_q_reg[0]/C","i_vrf/vrf_b2_reg_r1_0_63_39_41/RAMA/I","VRF/read/writeback","FDCE=1;LUT3=2;LUT4=1;LUT5=1;RAMD64E=1"
224,0.872,5.714,4.497,1.085,3.412,0.759,5,"op_q_reg[0]/C","i_vrf/vrf_b2_reg_r1_0_63_3_5/RAMA/I","VRF/read/writeback","FDCE=1;LUT3=2;LUT4=1;LUT5=1;RAMD64E=1"
225,0.872,5.714,4.497,1.085,3.412,0.759,5,"op_q_reg[0]/C","i_vrf/vrf_b2_reg_r1_0_63_42_44/RAMA/I","VRF/read/writeback","FDCE=1;LUT3=2;LUT4=1;LUT5=1;RAMD64E=1"
226,0.872,5.714,4.497,1.085,3.412,0.759,5,"op_q_reg[0]/C","i_vrf/vrf_b2_reg_r1_0_63_45_47/RAMA/I","VRF/read/writeback","FDCE=1;LUT3=2;LUT4=1;LUT5=1;RAMD64E=1"
227,0.872,5.714,4.497,1.085,3.412,0.759,5,"op_q_reg[0]/C","i_vrf/vrf_b2_reg_r1_0_63_48_50/RAMA/I","VRF/read/writeback","FDCE=1;LUT3=2;LUT4=1;LUT5=1;RAMD64E=1"
228,0.872,5.714,4.497,1.085,3.412,0.759,5,"op_q_reg[0]/C","i_vrf/vrf_b2_reg_r1_0_63_51_53/RAMA/I","VRF/read/writeback","FDCE=1;LUT3=2;LUT4=1;LUT5=1;RAMD64E=1"
229,0.872,5.714,4.497,1.085,3.412,0.759,5,"op_q_reg[0]/C","i_vrf/vrf_b2_reg_r1_0_63_54_56/RAMA/I","VRF/read/writeback","FDCE=1;LUT3=2;LUT4=1;LUT5=1;RAMD64E=1"
230,0.872,5.714,4.497,1.085,3.412,0.759,5,"op_q_reg[0]/C","i_vrf/vrf_b2_reg_r1_0_63_57_59/RAMA/I","VRF/read/writeback","FDCE=1;LUT3=2;LUT4=1;LUT5=1;RAMD64E=1"
231,0.872,5.714,4.497,1.085,3.412,0.759,5,"op_q_reg[0]/C","i_vrf/vrf_b2_reg_r1_0_63_60_62/RAMA/I","VRF/read/writeback","FDCE=1;LUT3=2;LUT4=1;LUT5=1;RAMD64E=1"
232,0.872,5.714,4.497,1.085,3.412,0.759,5,"op_q_reg[0]/C","i_vrf/vrf_b2_reg_r1_0_63_9_11/RAMA/I","VRF/read/writeback","FDCE=1;LUT3=2;LUT4=1;LUT5=1;RAMD64E=1"
233,0.872,5.714,4.497,1.085,3.412,0.759,5,"op_q_reg[0]/C","i_vrf/vrf_b2_reg_r2_0_63_0_2/RAMA/I","VRF/read/writeback","FDCE=1;LUT3=2;LUT4=1;LUT5=1;RAMD64E=2"
234,0.872,5.714,4.497,1.085,3.412,0.759,5,"op_q_reg[0]/C","i_vrf/vrf_b2_reg_r2_0_63_12_14/RAMA/I","VRF/read/writeback","FDCE=1;LUT3=2;LUT4=1;LUT5=1;RAMD64E=2"
235,0.872,5.714,4.497,1.085,3.412,0.759,5,"op_q_reg[0]/C","i_vrf/vrf_b2_reg_r2_0_63_15_17/RAMA/I","VRF/read/writeback","FDCE=1;LUT3=2;LUT4=1;LUT5=1;RAMD64E=2"
236,0.872,5.714,4.497,1.085,3.412,0.759,5,"op_q_reg[0]/C","i_vrf/vrf_b2_reg_r2_0_63_18_20/RAMA/I","VRF/read/writeback","FDCE=1;LUT3=2;LUT4=1;LUT5=1;RAMD64E=2"
237,0.872,5.714,4.497,1.085,3.412,0.759,5,"op_q_reg[0]/C","i_vrf/vrf_b2_reg_r2_0_63_21_23/RAMA/I","VRF/read/writeback","FDCE=1;LUT3=2;LUT4=1;LUT5=1;RAMD64E=2"
238,0.872,5.714,4.497,1.085,3.412,0.759,5,"op_q_reg[0]/C","i_vrf/vrf_b2_reg_r2_0_63_24_26/RAMA/I","VRF/read/writeback","FDCE=1;LUT3=2;LUT4=1;LUT5=1;RAMD64E=2"
239,0.872,5.714,4.497,1.085,3.412,0.759,5,"op_q_reg[0]/C","i_vrf/vrf_b2_reg_r2_0_63_27_29/RAMA/I","VRF/read/writeback","FDCE=1;LUT3=2;LUT4=1;LUT5=1;RAMD64E=2"
240,0.872,5.714,4.497,1.085,3.412,0.759,5,"op_q_reg[0]/C","i_vrf/vrf_b2_reg_r2_0_63_30_32/RAMA/I","VRF/read/writeback","FDCE=1;LUT3=2;LUT4=1;LUT5=1;RAMD64E=2"
241,0.872,5.714,4.497,1.085,3.412,0.759,5,"op_q_reg[0]/C","i_vrf/vrf_b2_reg_r2_0_63_33_35/RAMA/I","VRF/read/writeback","FDCE=1;LUT3=2;LUT4=1;LUT5=1;RAMD64E=2"
242,0.872,5.714,4.497,1.085,3.412,0.759,5,"op_q_reg[0]/C","i_vrf/vrf_b2_reg_r2_0_63_36_38/RAMA/I","VRF/read/writeback","FDCE=1;LUT3=2;LUT4=1;LUT5=1;RAMD64E=2"
243,0.872,5.714,4.497,1.085,3.412,0.759,5,"op_q_reg[0]/C","i_vrf/vrf_b2_reg_r2_0_63_39_41/RAMA/I","VRF/read/writeback","FDCE=1;LUT3=2;LUT4=1;LUT5=1;RAMD64E=2"
244,0.872,5.714,4.497,1.085,3.412,0.759,5,"op_q_reg[0]/C","i_vrf/vrf_b2_reg_r2_0_63_3_5/RAMA/I","VRF/read/writeback","FDCE=1;LUT3=2;LUT4=1;LUT5=1;RAMD64E=2"
245,0.872,5.714,4.497,1.085,3.412,0.759,5,"op_q_reg[0]/C","i_vrf/vrf_b2_reg_r2_0_63_42_44/RAMA/I","VRF/read/writeback","FDCE=1;LUT3=2;LUT4=1;LUT5=1;RAMD64E=2"
246,0.872,5.714,4.497,1.085,3.412,0.759,5,"op_q_reg[0]/C","i_vrf/vrf_b2_reg_r2_0_63_45_47/RAMA/I","VRF/read/writeback","FDCE=1;LUT3=2;LUT4=1;LUT5=1;RAMD64E=2"
247,0.872,5.714,4.497,1.085,3.412,0.759,5,"op_q_reg[0]/C","i_vrf/vrf_b2_reg_r2_0_63_48_50/RAMA/I","VRF/read/writeback","FDCE=1;LUT3=2;LUT4=1;LUT5=1;RAMD64E=2"
248,0.872,5.714,4.497,1.085,3.412,0.759,5,"op_q_reg[0]/C","i_vrf/vrf_b2_reg_r2_0_63_51_53/RAMA/I","VRF/read/writeback","FDCE=1;LUT3=2;LUT4=1;LUT5=1;RAMD64E=2"
249,0.872,5.714,4.497,1.085,3.412,0.759,5,"op_q_reg[0]/C","i_vrf/vrf_b2_reg_r2_0_63_54_56/RAMA/I","VRF/read/writeback","FDCE=1;LUT3=2;LUT4=1;LUT5=1;RAMD64E=2"
250,0.872,5.714,4.497,1.085,3.412,0.759,5,"op_q_reg[0]/C","i_vrf/vrf_b2_reg_r2_0_63_57_59/RAMA/I","VRF/read/writeback","FDCE=1;LUT3=2;LUT4=1;LUT5=1;RAMD64E=2"
251,0.872,5.714,4.497,1.085,3.412,0.759,5,"op_q_reg[0]/C","i_vrf/vrf_b2_reg_r2_0_63_60_62/RAMA/I","VRF/read/writeback","FDCE=1;LUT3=2;LUT4=1;LUT5=1;RAMD64E=2"
252,0.872,5.714,4.497,1.085,3.412,0.759,5,"op_q_reg[0]/C","i_vrf/vrf_b2_reg_r2_0_63_9_11/RAMA/I","VRF/read/writeback","FDCE=1;LUT3=2;LUT4=1;LUT5=1;RAMD64E=2"
253,0.945,5.714,4.766,1.105,3.661,0.768,5,"src0_q_reg[0][43]/C","gen_lane[0].i_p2_pop_slice/popcount_q_o_reg[2]/D","P2 popcount capture","FDCE=2;LUT3=1;LUT5=2;LUT6=2"
254,0.945,5.714,4.766,1.105,3.661,0.768,5,"src0_q_reg[1][43]/C","gen_lane[1].i_p2_pop_slice/popcount_q_o_reg[2]/D","P2 popcount capture","FDCE=2;LUT3=1;LUT5=2;LUT6=2"
255,0.945,5.714,4.766,1.105,3.661,0.768,5,"src0_q_reg[2][43]/C","gen_lane[2].i_p2_pop_slice/popcount_q_o_reg[2]/D","P2 popcount capture","FDCE=2;LUT3=1;LUT5=2;LUT6=2"
256,0.945,5.714,4.766,1.105,3.661,0.768,5,"src0_q_reg[3][43]/C","gen_lane[3].i_p2_pop_slice/popcount_q_o_reg[2]/D","P2 popcount capture","FDCE=2;LUT3=1;LUT5=2;LUT6=2"
257,0.973,5.714,4.510,1.085,3.425,0.759,5,"op_q_reg[0]/C","i_vrf/vrf_b2_reg_r1_0_63_63_63/SP/I","VRF/read/writeback","FDCE=1;LUT3=2;LUT4=1;LUT5=1;RAMD64E=2"
258,0.973,5.714,4.510,1.085,3.425,0.759,5,"op_q_reg[0]/C","i_vrf/vrf_b2_reg_r2_0_63_63_63/SP/I","VRF/read/writeback","FDCE=1;LUT3=2;LUT4=1;LUT5=1;RAMD64E=2"
259,0.973,5.714,4.738,2.435,2.303,0.486,7,"gen_lane[2].i_p2_pop_slice/popcount_q_o_reg[4]/C","hmatch_budget_q_reg[0]/D","P2 popcount capture","CARRY4=3;FDCE=2;LUT3=1;LUT5=1;LUT6=2"
260,0.973,5.714,4.738,2.435,2.303,0.486,7,"gen_lane[2].i_p2_pop_slice/popcount_q_o_reg[4]/C","hmatch_budget_q_reg[10]/D","P2 popcount capture","CARRY4=3;FDCE=2;LUT3=1;LUT5=1;LUT6=2"
261,0.977,5.714,4.734,1.085,3.649,0.771,5,"src0_q_reg[0][63]/C","gen_lane[0].i_p2_pop_slice/popcount_q_o_reg[1]/D","P2 popcount capture","FDCE=2;LUT5=2;LUT6=3"
262,0.977,5.714,4.734,1.085,3.649,0.771,5,"src0_q_reg[1][63]/C","gen_lane[1].i_p2_pop_slice/popcount_q_o_reg[1]/D","P2 popcount capture","FDCE=2;LUT5=2;LUT6=3"
263,0.977,5.714,4.734,1.085,3.649,0.771,5,"src0_q_reg[2][63]/C","gen_lane[2].i_p2_pop_slice/popcount_q_o_reg[1]/D","P2 popcount capture","FDCE=2;LUT5=2;LUT6=3"
264,0.977,5.714,4.734,1.085,3.649,0.771,5,"src0_q_reg[3][63]/C","gen_lane[3].i_p2_pop_slice/popcount_q_o_reg[1]/D","P2 popcount capture","FDCE=2;LUT5=2;LUT6=3"
265,0.983,5.714,4.728,2.488,2.240,0.474,9,"gen_lane[2].i_p2_pop_slice/popcount_q_o_reg[2]/C","hsim_total_q_reg[10]/D","HMATCH reduction/compare","CARRY4=4;FDCE=2;LUT2=2;LUT3=1;LUT5=1;LUT6=1"
266,0.991,5.714,4.373,1.085,3.288,0.752,5,"uop_p3_q_reg[chunk_idx][1]/C","i_vrf/vrf_b0_reg_r1_0_63_63_63/DP/I","VRF/read/writeback","FDCE=1;LUT4=1;LUT5=2;LUT6=1;RAMD64E=1"
267,0.991,5.714,4.373,1.085,3.288,0.752,5,"uop_p3_q_reg[chunk_idx][1]/C","i_vrf/vrf_b0_reg_r2_0_63_63_63/DP/I","VRF/read/writeback","FDCE=1;LUT4=1;LUT5=2;LUT6=1;RAMD64E=2"
268,0.991,5.714,4.373,1.085,3.288,0.752,5,"uop_p3_q_reg[chunk_idx][1]/C","i_vrf/vrf_b1_reg_r1_0_63_63_63/DP/I","VRF/read/writeback","FDCE=1;LUT4=1;LUT5=2;LUT6=1;RAMD64E=1"
269,0.991,5.714,4.373,1.085,3.288,0.752,5,"uop_p3_q_reg[chunk_idx][1]/C","i_vrf/vrf_b1_reg_r2_0_63_63_63/DP/I","VRF/read/writeback","FDCE=1;LUT4=1;LUT5=2;LUT6=1;RAMD64E=2"
270,0.991,5.714,4.373,1.085,3.288,0.752,5,"uop_p3_q_reg[chunk_idx][1]/C","i_vrf/vrf_b3_reg_r1_0_63_63_63/DP/I","VRF/read/writeback","FDCE=1;LUT4=1;LUT5=2;LUT6=1;RAMD64E=1"
271,0.991,5.714,4.373,1.085,3.288,0.752,5,"uop_p3_q_reg[chunk_idx][1]/C","i_vrf/vrf_b3_reg_r2_0_63_63_63/DP/I","VRF/read/writeback","FDCE=1;LUT4=1;LUT5=2;LUT6=1;RAMD64E=2"
272,1.000,5.714,4.360,1.085,3.275,0.751,5,"uop_p3_q_reg[chunk_idx][1]/C","i_vrf/vrf_b0_reg_r1_0_63_0_2/RAMB/I","VRF/read/writeback","FDCE=1;LUT4=1;LUT5=2;LUT6=1;RAMD64E=1"
273,1.000,5.714,4.360,1.085,3.275,0.751,5,"uop_p3_q_reg[chunk_idx][1]/C","i_vrf/vrf_b0_reg_r1_0_63_12_14/RAMB/I","VRF/read/writeback","FDCE=1;LUT4=1;LUT5=2;LUT6=1;RAMD64E=1"
274,1.000,5.714,4.360,1.085,3.275,0.751,5,"uop_p3_q_reg[chunk_idx][1]/C","i_vrf/vrf_b0_reg_r1_0_63_15_17/RAMB/I","VRF/read/writeback","FDCE=1;LUT4=1;LUT5=2;LUT6=1;RAMD64E=1"
275,1.000,5.714,4.360,1.085,3.275,0.751,5,"uop_p3_q_reg[chunk_idx][1]/C","i_vrf/vrf_b0_reg_r1_0_63_18_20/RAMB/I","VRF/read/writeback","FDCE=1;LUT4=1;LUT5=2;LUT6=1;RAMD64E=1"
276,1.000,5.714,4.360,1.085,3.275,0.751,5,"uop_p3_q_reg[chunk_idx][1]/C","i_vrf/vrf_b0_reg_r1_0_63_21_23/RAMB/I","VRF/read/writeback","FDCE=1;LUT4=1;LUT5=2;LUT6=1;RAMD64E=1"
277,1.000,5.714,4.360,1.085,3.275,0.751,5,"uop_p3_q_reg[chunk_idx][1]/C","i_vrf/vrf_b0_reg_r1_0_63_24_26/RAMB/I","VRF/read/writeback","FDCE=1;LUT4=1;LUT5=2;LUT6=1;RAMD64E=1"
278,1.000,5.714,4.360,1.085,3.275,0.751,5,"uop_p3_q_reg[chunk_idx][1]/C","i_vrf/vrf_b0_reg_r1_0_63_27_29/RAMB/I","VRF/read/writeback","FDCE=1;LUT4=1;LUT5=2;LUT6=1;RAMD64E=1"
279,1.000,5.714,4.360,1.085,3.275,0.751,5,"uop_p3_q_reg[chunk_idx][1]/C","i_vrf/vrf_b0_reg_r1_0_63_30_32/RAMB/I","VRF/read/writeback","FDCE=1;LUT4=1;LUT5=2;LUT6=1;RAMD64E=1"
280,1.000,5.714,4.360,1.085,3.275,0.751,5,"uop_p3_q_reg[chunk_idx][1]/C","i_vrf/vrf_b0_reg_r1_0_63_33_35/RAMB/I","VRF/read/writeback","FDCE=1;LUT4=1;LUT5=2;LUT6=1;RAMD64E=1"
281,1.000,5.714,4.360,1.085,3.275,0.751,5,"uop_p3_q_reg[chunk_idx][1]/C","i_vrf/vrf_b0_reg_r1_0_63_36_38/RAMB/I","VRF/read/writeback","FDCE=1;LUT4=1;LUT5=2;LUT6=1;RAMD64E=1"
282,1.000,5.714,4.360,1.085,3.275,0.751,5,"uop_p3_q_reg[chunk_idx][1]/C","i_vrf/vrf_b0_reg_r1_0_63_39_41/RAMB/I","VRF/read/writeback","FDCE=1;LUT4=1;LUT5=2;LUT6=1;RAMD64E=1"
283,1.000,5.714,4.360,1.085,3.275,0.751,5,"uop_p3_q_reg[chunk_idx][1]/C","i_vrf/vrf_b0_reg_r1_0_63_3_5/RAMB/I","VRF/read/writeback","FDCE=1;LUT4=1;LUT5=2;LUT6=1;RAMD64E=1"
284,1.000,5.714,4.360,1.085,3.275,0.751,5,"uop_p3_q_reg[chunk_idx][1]/C","i_vrf/vrf_b0_reg_r1_0_63_42_44/RAMB/I","VRF/read/writeback","FDCE=1;LUT4=1;LUT5=2;LUT6=1;RAMD64E=1"
285,1.000,5.714,4.360,1.085,3.275,0.751,5,"uop_p3_q_reg[chunk_idx][1]/C","i_vrf/vrf_b0_reg_r1_0_63_45_47/RAMB/I","VRF/read/writeback","FDCE=1;LUT4=1;LUT5=2;LUT6=1;RAMD64E=1"
286,1.000,5.714,4.360,1.085,3.275,0.751,5,"uop_p3_q_reg[chunk_idx][1]/C","i_vrf/vrf_b0_reg_r1_0_63_48_50/RAMB/I","VRF/read/writeback","FDCE=1;LUT4=1;LUT5=2;LUT6=1;RAMD64E=1"
287,1.000,5.714,4.360,1.085,3.275,0.751,5,"uop_p3_q_reg[chunk_idx][1]/C","i_vrf/vrf_b0_reg_r1_0_63_51_53/RAMB/I","VRF/read/writeback","FDCE=1;LUT4=1;LUT5=2;LUT6=1;RAMD64E=1"
288,1.000,5.714,4.360,1.085,3.275,0.751,5,"uop_p3_q_reg[chunk_idx][1]/C","i_vrf/vrf_b0_reg_r1_0_63_54_56/RAMB/I","VRF/read/writeback","FDCE=1;LUT4=1;LUT5=2;LUT6=1;RAMD64E=1"
289,1.000,5.714,4.360,1.085,3.275,0.751,5,"uop_p3_q_reg[chunk_idx][1]/C","i_vrf/vrf_b0_reg_r1_0_63_57_59/RAMB/I","VRF/read/writeback","FDCE=1;LUT4=1;LUT5=2;LUT6=1;RAMD64E=1"
290,1.000,5.714,4.360,1.085,3.275,0.751,5,"uop_p3_q_reg[chunk_idx][1]/C","i_vrf/vrf_b0_reg_r1_0_63_60_62/RAMB/I","VRF/read/writeback","FDCE=1;LUT4=1;LUT5=2;LUT6=1;RAMD64E=1"
291,1.000,5.714,4.360,1.085,3.275,0.751,5,"uop_p3_q_reg[chunk_idx][1]/C","i_vrf/vrf_b0_reg_r1_0_63_6_8/RAMB/I","VRF/read/writeback","FDCE=1;LUT4=1;LUT5=2;LUT6=1;RAMD64E=1"
292,1.000,5.714,4.360,1.085,3.275,0.751,5,"uop_p3_q_reg[chunk_idx][1]/C","i_vrf/vrf_b0_reg_r1_0_63_9_11/RAMB/I","VRF/read/writeback","FDCE=1;LUT4=1;LUT5=2;LUT6=1;RAMD64E=1"
293,1.000,5.714,4.360,1.085,3.275,0.751,5,"uop_p3_q_reg[chunk_idx][1]/C","i_vrf/vrf_b0_reg_r2_0_63_0_2/RAMB/I","VRF/read/writeback","FDCE=1;LUT4=1;LUT5=2;LUT6=1;RAMD64E=2"
294,1.000,5.714,4.360,1.085,3.275,0.751,5,"uop_p3_q_reg[chunk_idx][1]/C","i_vrf/vrf_b0_reg_r2_0_63_12_14/RAMB/I","VRF/read/writeback","FDCE=1;LUT4=1;LUT5=2;LUT6=1;RAMD64E=2"
295,1.000,5.714,4.360,1.085,3.275,0.751,5,"uop_p3_q_reg[chunk_idx][1]/C","i_vrf/vrf_b0_reg_r2_0_63_15_17/RAMB/I","VRF/read/writeback","FDCE=1;LUT4=1;LUT5=2;LUT6=1;RAMD64E=2"
296,1.000,5.714,4.360,1.085,3.275,0.751,5,"uop_p3_q_reg[chunk_idx][1]/C","i_vrf/vrf_b0_reg_r2_0_63_18_20/RAMB/I","VRF/read/writeback","FDCE=1;LUT4=1;LUT5=2;LUT6=1;RAMD64E=2"
297,1.000,5.714,4.360,1.085,3.275,0.751,5,"uop_p3_q_reg[chunk_idx][1]/C","i_vrf/vrf_b0_reg_r2_0_63_21_23/RAMB/I","VRF/read/writeback","FDCE=1;LUT4=1;LUT5=2;LUT6=1;RAMD64E=2"
298,1.000,5.714,4.360,1.085,3.275,0.751,5,"uop_p3_q_reg[chunk_idx][1]/C","i_vrf/vrf_b0_reg_r2_0_63_24_26/RAMB/I","VRF/read/writeback","FDCE=1;LUT4=1;LUT5=2;LUT6=1;RAMD64E=2"
299,1.000,5.714,4.360,1.085,3.275,0.751,5,"uop_p3_q_reg[chunk_idx][1]/C","i_vrf/vrf_b0_reg_r2_0_63_27_29/RAMB/I","VRF/read/writeback","FDCE=1;LUT4=1;LUT5=2;LUT6=1;RAMD64E=2"
300,1.000,5.714,4.360,1.085,3.275,0.751,5,"uop_p3_q_reg[chunk_idx][1]/C","i_vrf/vrf_b0_reg_r2_0_63_30_32/RAMB/I","VRF/read/writeback","FDCE=1;LUT4=1;LUT5=2;LUT6=1;RAMD64E=2"
301,1.000,5.714,4.360,1.085,3.275,0.751,5,"uop_p3_q_reg[chunk_idx][1]/C","i_vrf/vrf_b0_reg_r2_0_63_33_35/RAMB/I","VRF/read/writeback","FDCE=1;LUT4=1;LUT5=2;LUT6=1;RAMD64E=2"
302,1.000,5.714,4.360,1.085,3.275,0.751,5,"uop_p3_q_reg[chunk_idx][1]/C","i_vrf/vrf_b0_reg_r2_0_63_36_38/RAMB/I","VRF/read/writeback","FDCE=1;LUT4=1;LUT5=2;LUT6=1;RAMD64E=2"
303,1.000,5.714,4.360,1.085,3.275,0.751,5,"uop_p3_q_reg[chunk_idx][1]/C","i_vrf/vrf_b0_reg_r2_0_63_39_41/RAMB/I","VRF/read/writeback","FDCE=1;LUT4=1;LUT5=2;LUT6=1;RAMD64E=2"
304,1.000,5.714,4.360,1.085,3.275,0.751,5,"uop_p3_q_reg[chunk_idx][1]/C","i_vrf/vrf_b0_reg_r2_0_63_3_5/RAMB/I","VRF/read/writeback","FDCE=1;LUT4=1;LUT5=2;LUT6=1;RAMD64E=2"
305,1.000,5.714,4.360,1.085,3.275,0.751,5,"uop_p3_q_reg[chunk_idx][1]/C","i_vrf/vrf_b0_reg_r2_0_63_42_44/RAMB/I","VRF/read/writeback","FDCE=1;LUT4=1;LUT5=2;LUT6=1;RAMD64E=2"
306,1.000,5.714,4.360,1.085,3.275,0.751,5,"uop_p3_q_reg[chunk_idx][1]/C","i_vrf/vrf_b0_reg_r2_0_63_45_47/RAMB/I","VRF/read/writeback","FDCE=1;LUT4=1;LUT5=2;LUT6=1;RAMD64E=2"
307,1.000,5.714,4.360,1.085,3.275,0.751,5,"uop_p3_q_reg[chunk_idx][1]/C","i_vrf/vrf_b0_reg_r2_0_63_48_50/RAMB/I","VRF/read/writeback","FDCE=1;LUT4=1;LUT5=2;LUT6=1;RAMD64E=2"
308,1.000,5.714,4.360,1.085,3.275,0.751,5,"uop_p3_q_reg[chunk_idx][1]/C","i_vrf/vrf_b0_reg_r2_0_63_51_53/RAMB/I","VRF/read/writeback","FDCE=1;LUT4=1;LUT5=2;LUT6=1;RAMD64E=2"
309,1.000,5.714,4.360,1.085,3.275,0.751,5,"uop_p3_q_reg[chunk_idx][1]/C","i_vrf/vrf_b0_reg_r2_0_63_54_56/RAMB/I","VRF/read/writeback","FDCE=1;LUT4=1;LUT5=2;LUT6=1;RAMD64E=2"
310,1.000,5.714,4.360,1.085,3.275,0.751,5,"uop_p3_q_reg[chunk_idx][1]/C","i_vrf/vrf_b0_reg_r2_0_63_57_59/RAMB/I","VRF/read/writeback","FDCE=1;LUT4=1;LUT5=2;LUT6=1;RAMD64E=2"
311,1.000,5.714,4.360,1.085,3.275,0.751,5,"uop_p3_q_reg[chunk_idx][1]/C","i_vrf/vrf_b0_reg_r2_0_63_60_62/RAMB/I","VRF/read/writeback","FDCE=1;LUT4=1;LUT5=2;LUT6=1;RAMD64E=2"
312,1.000,5.714,4.360,1.085,3.275,0.751,5,"uop_p3_q_reg[chunk_idx][1]/C","i_vrf/vrf_b0_reg_r2_0_63_6_8/RAMB/I","VRF/read/writeback","FDCE=1;LUT4=1;LUT5=2;LUT6=1;RAMD64E=2"
313,1.000,5.714,4.360,1.085,3.275,0.751,5,"uop_p3_q_reg[chunk_idx][1]/C","i_vrf/vrf_b0_reg_r2_0_63_9_11/RAMB/I","VRF/read/writeback","FDCE=1;LUT4=1;LUT5=2;LUT6=1;RAMD64E=2"
314,1.000,5.714,4.360,1.085,3.275,0.751,5,"uop_p3_q_reg[chunk_idx][1]/C","i_vrf/vrf_b1_reg_r1_0_63_0_2/RAMB/I","VRF/read/writeback","FDCE=1;LUT4=1;LUT5=2;LUT6=1;RAMD64E=1"
315,1.000,5.714,4.360,1.085,3.275,0.751,5,"uop_p3_q_reg[chunk_idx][1]/C","i_vrf/vrf_b1_reg_r1_0_63_12_14/RAMB/I","VRF/read/writeback","FDCE=1;LUT4=1;LUT5=2;LUT6=1;RAMD64E=1"
316,1.000,5.714,4.360,1.085,3.275,0.751,5,"uop_p3_q_reg[chunk_idx][1]/C","i_vrf/vrf_b1_reg_r1_0_63_15_17/RAMB/I","VRF/read/writeback","FDCE=1;LUT4=1;LUT5=2;LUT6=1;RAMD64E=1"
317,1.000,5.714,4.360,1.085,3.275,0.751,5,"uop_p3_q_reg[chunk_idx][1]/C","i_vrf/vrf_b1_reg_r1_0_63_18_20/RAMB/I","VRF/read/writeback","FDCE=1;LUT4=1;LUT5=2;LUT6=1;RAMD64E=1"
318,1.000,5.714,4.360,1.085,3.275,0.751,5,"uop_p3_q_reg[chunk_idx][1]/C","i_vrf/vrf_b1_reg_r1_0_63_21_23/RAMB/I","VRF/read/writeback","FDCE=1;LUT4=1;LUT5=2;LUT6=1;RAMD64E=1"
319,1.000,5.714,4.360,1.085,3.275,0.751,5,"uop_p3_q_reg[chunk_idx][1]/C","i_vrf/vrf_b1_reg_r1_0_63_24_26/RAMB/I","VRF/read/writeback","FDCE=1;LUT4=1;LUT5=2;LUT6=1;RAMD64E=1"
320,1.000,5.714,4.360,1.085,3.275,0.751,5,"uop_p3_q_reg[chunk_idx][1]/C","i_vrf/vrf_b1_reg_r1_0_63_27_29/RAMB/I","VRF/read/writeback","FDCE=1;LUT4=1;LUT5=2;LUT6=1;RAMD64E=1"
321,1.000,5.714,4.360,1.085,3.275,0.751,5,"uop_p3_q_reg[chunk_idx][1]/C","i_vrf/vrf_b1_reg_r1_0_63_30_32/RAMB/I","VRF/read/writeback","FDCE=1;LUT4=1;LUT5=2;LUT6=1;RAMD64E=1"
322,1.000,5.714,4.360,1.085,3.275,0.751,5,"uop_p3_q_reg[chunk_idx][1]/C","i_vrf/vrf_b1_reg_r1_0_63_33_35/RAMB/I","VRF/read/writeback","FDCE=1;LUT4=1;LUT5=2;LUT6=1;RAMD64E=1"
323,1.000,5.714,4.360,1.085,3.275,0.751,5,"uop_p3_q_reg[chunk_idx][1]/C","i_vrf/vrf_b1_reg_r1_0_63_36_38/RAMB/I","VRF/read/writeback","FDCE=1;LUT4=1;LUT5=2;LUT6=1;RAMD64E=1"
324,1.000,5.714,4.360,1.085,3.275,0.751,5,"uop_p3_q_reg[chunk_idx][1]/C","i_vrf/vrf_b1_reg_r1_0_63_39_41/RAMB/I","VRF/read/writeback","FDCE=1;LUT4=1;LUT5=2;LUT6=1;RAMD64E=1"
325,1.000,5.714,4.360,1.085,3.275,0.751,5,"uop_p3_q_reg[chunk_idx][1]/C","i_vrf/vrf_b1_reg_r1_0_63_3_5/RAMB/I","VRF/read/writeback","FDCE=1;LUT4=1;LUT5=2;LUT6=1;RAMD64E=1"
326,1.000,5.714,4.360,1.085,3.275,0.751,5,"uop_p3_q_reg[chunk_idx][1]/C","i_vrf/vrf_b1_reg_r1_0_63_42_44/RAMB/I","VRF/read/writeback","FDCE=1;LUT4=1;LUT5=2;LUT6=1;RAMD64E=1"
327,1.000,5.714,4.360,1.085,3.275,0.751,5,"uop_p3_q_reg[chunk_idx][1]/C","i_vrf/vrf_b1_reg_r1_0_63_45_47/RAMB/I","VRF/read/writeback","FDCE=1;LUT4=1;LUT5=2;LUT6=1;RAMD64E=1"
328,1.000,5.714,4.360,1.085,3.275,0.751,5,"uop_p3_q_reg[chunk_idx][1]/C","i_vrf/vrf_b1_reg_r1_0_63_48_50/RAMB/I","VRF/read/writeback","FDCE=1;LUT4=1;LUT5=2;LUT6=1;RAMD64E=1"
329,1.000,5.714,4.360,1.085,3.275,0.751,5,"uop_p3_q_reg[chunk_idx][1]/C","i_vrf/vrf_b1_reg_r1_0_63_51_53/RAMB/I","VRF/read/writeback","FDCE=1;LUT4=1;LUT5=2;LUT6=1;RAMD64E=1"
330,1.000,5.714,4.360,1.085,3.275,0.751,5,"uop_p3_q_reg[chunk_idx][1]/C","i_vrf/vrf_b1_reg_r1_0_63_54_56/RAMB/I","VRF/read/writeback","FDCE=1;LUT4=1;LUT5=2;LUT6=1;RAMD64E=1"
331,1.000,5.714,4.360,1.085,3.275,0.751,5,"uop_p3_q_reg[chunk_idx][1]/C","i_vrf/vrf_b1_reg_r1_0_63_57_59/RAMB/I","VRF/read/writeback","FDCE=1;LUT4=1;LUT5=2;LUT6=1;RAMD64E=1"
332,1.000,5.714,4.360,1.085,3.275,0.751,5,"uop_p3_q_reg[chunk_idx][1]/C","i_vrf/vrf_b1_reg_r1_0_63_60_62/RAMB/I","VRF/read/writeback","FDCE=1;LUT4=1;LUT5=2;LUT6=1;RAMD64E=1"
333,1.000,5.714,4.360,1.085,3.275,0.751,5,"uop_p3_q_reg[chunk_idx][1]/C","i_vrf/vrf_b1_reg_r1_0_63_6_8/RAMB/I","VRF/read/writeback","FDCE=1;LUT4=1;LUT5=2;LUT6=1;RAMD64E=1"
334,1.000,5.714,4.360,1.085,3.275,0.751,5,"uop_p3_q_reg[chunk_idx][1]/C","i_vrf/vrf_b1_reg_r1_0_63_9_11/RAMB/I","VRF/read/writeback","FDCE=1;LUT4=1;LUT5=2;LUT6=1;RAMD64E=1"
335,1.000,5.714,4.360,1.085,3.275,0.751,5,"uop_p3_q_reg[chunk_idx][1]/C","i_vrf/vrf_b1_reg_r2_0_63_0_2/RAMB/I","VRF/read/writeback","FDCE=1;LUT4=1;LUT5=2;LUT6=1;RAMD64E=2"
336,1.000,5.714,4.360,1.085,3.275,0.751,5,"uop_p3_q_reg[chunk_idx][1]/C","i_vrf/vrf_b1_reg_r2_0_63_12_14/RAMB/I","VRF/read/writeback","FDCE=1;LUT4=1;LUT5=2;LUT6=1;RAMD64E=2"
337,1.000,5.714,4.360,1.085,3.275,0.751,5,"uop_p3_q_reg[chunk_idx][1]/C","i_vrf/vrf_b1_reg_r2_0_63_15_17/RAMB/I","VRF/read/writeback","FDCE=1;LUT4=1;LUT5=2;LUT6=1;RAMD64E=2"
338,1.000,5.714,4.360,1.085,3.275,0.751,5,"uop_p3_q_reg[chunk_idx][1]/C","i_vrf/vrf_b1_reg_r2_0_63_18_20/RAMB/I","VRF/read/writeback","FDCE=1;LUT4=1;LUT5=2;LUT6=1;RAMD64E=2"
339,1.000,5.714,4.360,1.085,3.275,0.751,5,"uop_p3_q_reg[chunk_idx][1]/C","i_vrf/vrf_b1_reg_r2_0_63_21_23/RAMB/I","VRF/read/writeback","FDCE=1;LUT4=1;LUT5=2;LUT6=1;RAMD64E=2"
340,1.000,5.714,4.360,1.085,3.275,0.751,5,"uop_p3_q_reg[chunk_idx][1]/C","i_vrf/vrf_b1_reg_r2_0_63_24_26/RAMB/I","VRF/read/writeback","FDCE=1;LUT4=1;LUT5=2;LUT6=1;RAMD64E=2"
341,1.000,5.714,4.360,1.085,3.275,0.751,5,"uop_p3_q_reg[chunk_idx][1]/C","i_vrf/vrf_b1_reg_r2_0_63_27_29/RAMB/I","VRF/read/writeback","FDCE=1;LUT4=1;LUT5=2;LUT6=1;RAMD64E=2"
342,1.000,5.714,4.360,1.085,3.275,0.751,5,"uop_p3_q_reg[chunk_idx][1]/C","i_vrf/vrf_b1_reg_r2_0_63_30_32/RAMB/I","VRF/read/writeback","FDCE=1;LUT4=1;LUT5=2;LUT6=1;RAMD64E=2"
343,1.000,5.714,4.360,1.085,3.275,0.751,5,"uop_p3_q_reg[chunk_idx][1]/C","i_vrf/vrf_b1_reg_r2_0_63_33_35/RAMB/I","VRF/read/writeback","FDCE=1;LUT4=1;LUT5=2;LUT6=1;RAMD64E=2"
344,1.000,5.714,4.360,1.085,3.275,0.751,5,"uop_p3_q_reg[chunk_idx][1]/C","i_vrf/vrf_b1_reg_r2_0_63_36_38/RAMB/I","VRF/read/writeback","FDCE=1;LUT4=1;LUT5=2;LUT6=1;RAMD64E=2"
345,1.000,5.714,4.360,1.085,3.275,0.751,5,"uop_p3_q_reg[chunk_idx][1]/C","i_vrf/vrf_b1_reg_r2_0_63_39_41/RAMB/I","VRF/read/writeback","FDCE=1;LUT4=1;LUT5=2;LUT6=1;RAMD64E=2"
346,1.000,5.714,4.360,1.085,3.275,0.751,5,"uop_p3_q_reg[chunk_idx][1]/C","i_vrf/vrf_b1_reg_r2_0_63_3_5/RAMB/I","VRF/read/writeback","FDCE=1;LUT4=1;LUT5=2;LUT6=1;RAMD64E=2"
347,1.000,5.714,4.360,1.085,3.275,0.751,5,"uop_p3_q_reg[chunk_idx][1]/C","i_vrf/vrf_b1_reg_r2_0_63_42_44/RAMB/I","VRF/read/writeback","FDCE=1;LUT4=1;LUT5=2;LUT6=1;RAMD64E=2"
348,1.000,5.714,4.360,1.085,3.275,0.751,5,"uop_p3_q_reg[chunk_idx][1]/C","i_vrf/vrf_b1_reg_r2_0_63_45_47/RAMB/I","VRF/read/writeback","FDCE=1;LUT4=1;LUT5=2;LUT6=1;RAMD64E=2"
349,1.000,5.714,4.360,1.085,3.275,0.751,5,"uop_p3_q_reg[chunk_idx][1]/C","i_vrf/vrf_b1_reg_r2_0_63_48_50/RAMB/I","VRF/read/writeback","FDCE=1;LUT4=1;LUT5=2;LUT6=1;RAMD64E=2"
350,1.000,5.714,4.360,1.085,3.275,0.751,5,"uop_p3_q_reg[chunk_idx][1]/C","i_vrf/vrf_b1_reg_r2_0_63_51_53/RAMB/I","VRF/read/writeback","FDCE=1;LUT4=1;LUT5=2;LUT6=1;RAMD64E=2"
351,1.000,5.714,4.360,1.085,3.275,0.751,5,"uop_p3_q_reg[chunk_idx][1]/C","i_vrf/vrf_b1_reg_r2_0_63_54_56/RAMB/I","VRF/read/writeback","FDCE=1;LUT4=1;LUT5=2;LUT6=1;RAMD64E=2"
352,1.000,5.714,4.360,1.085,3.275,0.751,5,"uop_p3_q_reg[chunk_idx][1]/C","i_vrf/vrf_b1_reg_r2_0_63_57_59/RAMB/I","VRF/read/writeback","FDCE=1;LUT4=1;LUT5=2;LUT6=1;RAMD64E=2"
353,1.000,5.714,4.360,1.085,3.275,0.751,5,"uop_p3_q_reg[chunk_idx][1]/C","i_vrf/vrf_b1_reg_r2_0_63_60_62/RAMB/I","VRF/read/writeback","FDCE=1;LUT4=1;LUT5=2;LUT6=1;RAMD64E=2"
354,1.000,5.714,4.360,1.085,3.275,0.751,5,"uop_p3_q_reg[chunk_idx][1]/C","i_vrf/vrf_b1_reg_r2_0_63_6_8/RAMB/I","VRF/read/writeback","FDCE=1;LUT4=1;LUT5=2;LUT6=1;RAMD64E=2"
355,1.000,5.714,4.360,1.085,3.275,0.751,5,"uop_p3_q_reg[chunk_idx][1]/C","i_vrf/vrf_b1_reg_r2_0_63_9_11/RAMB/I","VRF/read/writeback","FDCE=1;LUT4=1;LUT5=2;LUT6=1;RAMD64E=2"
356,1.000,5.714,4.360,1.085,3.275,0.751,5,"uop_p3_q_reg[chunk_idx][1]/C","i_vrf/vrf_b3_reg_r1_0_63_0_2/RAMB/I","VRF/read/writeback","FDCE=1;LUT4=1;LUT5=2;LUT6=1;RAMD64E=1"
357,1.000,5.714,4.360,1.085,3.275,0.751,5,"uop_p3_q_reg[chunk_idx][1]/C","i_vrf/vrf_b3_reg_r1_0_63_12_14/RAMB/I","VRF/read/writeback","FDCE=1;LUT4=1;LUT5=2;LUT6=1;RAMD64E=1"
358,1.000,5.714,4.360,1.085,3.275,0.751,5,"uop_p3_q_reg[chunk_idx][1]/C","i_vrf/vrf_b3_reg_r1_0_63_15_17/RAMB/I","VRF/read/writeback","FDCE=1;LUT4=1;LUT5=2;LUT6=1;RAMD64E=1"
359,1.000,5.714,4.360,1.085,3.275,0.751,5,"uop_p3_q_reg[chunk_idx][1]/C","i_vrf/vrf_b3_reg_r1_0_63_18_20/RAMB/I","VRF/read/writeback","FDCE=1;LUT4=1;LUT5=2;LUT6=1;RAMD64E=1"
360,1.000,5.714,4.360,1.085,3.275,0.751,5,"uop_p3_q_reg[chunk_idx][1]/C","i_vrf/vrf_b3_reg_r1_0_63_21_23/RAMB/I","VRF/read/writeback","FDCE=1;LUT4=1;LUT5=2;LUT6=1;RAMD64E=1"
361,1.000,5.714,4.360,1.085,3.275,0.751,5,"uop_p3_q_reg[chunk_idx][1]/C","i_vrf/vrf_b3_reg_r1_0_63_24_26/RAMB/I","VRF/read/writeback","FDCE=1;LUT4=1;LUT5=2;LUT6=1;RAMD64E=1"
362,1.000,5.714,4.360,1.085,3.275,0.751,5,"uop_p3_q_reg[chunk_idx][1]/C","i_vrf/vrf_b3_reg_r1_0_63_27_29/RAMB/I","VRF/read/writeback","FDCE=1;LUT4=1;LUT5=2;LUT6=1;RAMD64E=1"
363,1.000,5.714,4.360,1.085,3.275,0.751,5,"uop_p3_q_reg[chunk_idx][1]/C","i_vrf/vrf_b3_reg_r1_0_63_30_32/RAMB/I","VRF/read/writeback","FDCE=1;LUT4=1;LUT5=2;LUT6=1;RAMD64E=1"
364,1.000,5.714,4.360,1.085,3.275,0.751,5,"uop_p3_q_reg[chunk_idx][1]/C","i_vrf/vrf_b3_reg_r1_0_63_33_35/RAMB/I","VRF/read/writeback","FDCE=1;LUT4=1;LUT5=2;LUT6=1;RAMD64E=1"
365,1.000,5.714,4.360,1.085,3.275,0.751,5,"uop_p3_q_reg[chunk_idx][1]/C","i_vrf/vrf_b3_reg_r1_0_63_36_38/RAMB/I","VRF/read/writeback","FDCE=1;LUT4=1;LUT5=2;LUT6=1;RAMD64E=1"
366,1.000,5.714,4.360,1.085,3.275,0.751,5,"uop_p3_q_reg[chunk_idx][1]/C","i_vrf/vrf_b3_reg_r1_0_63_39_41/RAMB/I","VRF/read/writeback","FDCE=1;LUT4=1;LUT5=2;LUT6=1;RAMD64E=1"
367,1.000,5.714,4.360,1.085,3.275,0.751,5,"uop_p3_q_reg[chunk_idx][1]/C","i_vrf/vrf_b3_reg_r1_0_63_3_5/RAMB/I","VRF/read/writeback","FDCE=1;LUT4=1;LUT5=2;LUT6=1;RAMD64E=1"
368,1.000,5.714,4.360,1.085,3.275,0.751,5,"uop_p3_q_reg[chunk_idx][1]/C","i_vrf/vrf_b3_reg_r1_0_63_42_44/RAMB/I","VRF/read/writeback","FDCE=1;LUT4=1;LUT5=2;LUT6=1;RAMD64E=1"
369,1.000,5.714,4.360,1.085,3.275,0.751,5,"uop_p3_q_reg[chunk_idx][1]/C","i_vrf/vrf_b3_reg_r1_0_63_45_47/RAMB/I","VRF/read/writeback","FDCE=1;LUT4=1;LUT5=2;LUT6=1;RAMD64E=1"
370,1.000,5.714,4.360,1.085,3.275,0.751,5,"uop_p3_q_reg[chunk_idx][1]/C","i_vrf/vrf_b3_reg_r1_0_63_48_50/RAMB/I","VRF/read/writeback","FDCE=1;LUT4=1;LUT5=2;LUT6=1;RAMD64E=1"
371,1.000,5.714,4.360,1.085,3.275,0.751,5,"uop_p3_q_reg[chunk_idx][1]/C","i_vrf/vrf_b3_reg_r1_0_63_51_53/RAMB/I","VRF/read/writeback","FDCE=1;LUT4=1;LUT5=2;LUT6=1;RAMD64E=1"
372,1.000,5.714,4.360,1.085,3.275,0.751,5,"uop_p3_q_reg[chunk_idx][1]/C","i_vrf/vrf_b3_reg_r1_0_63_54_56/RAMB/I","VRF/read/writeback","FDCE=1;LUT4=1;LUT5=2;LUT6=1;RAMD64E=1"
373,1.000,5.714,4.360,1.085,3.275,0.751,5,"uop_p3_q_reg[chunk_idx][1]/C","i_vrf/vrf_b3_reg_r1_0_63_57_59/RAMB/I","VRF/read/writeback","FDCE=1;LUT4=1;LUT5=2;LUT6=1;RAMD64E=1"
374,1.000,5.714,4.360,1.085,3.275,0.751,5,"uop_p3_q_reg[chunk_idx][1]/C","i_vrf/vrf_b3_reg_r1_0_63_60_62/RAMB/I","VRF/read/writeback","FDCE=1;LUT4=1;LUT5=2;LUT6=1;RAMD64E=1"
375,1.000,5.714,4.360,1.085,3.275,0.751,5,"uop_p3_q_reg[chunk_idx][1]/C","i_vrf/vrf_b3_reg_r1_0_63_6_8/RAMB/I","VRF/read/writeback","FDCE=1;LUT4=1;LUT5=2;LUT6=1;RAMD64E=1"
376,1.000,5.714,4.360,1.085,3.275,0.751,5,"uop_p3_q_reg[chunk_idx][1]/C","i_vrf/vrf_b3_reg_r1_0_63_9_11/RAMB/I","VRF/read/writeback","FDCE=1;LUT4=1;LUT5=2;LUT6=1;RAMD64E=1"
377,1.000,5.714,4.360,1.085,3.275,0.751,5,"uop_p3_q_reg[chunk_idx][1]/C","i_vrf/vrf_b3_reg_r2_0_63_0_2/RAMB/I","VRF/read/writeback","FDCE=1;LUT4=1;LUT5=2;LUT6=1;RAMD64E=2"
378,1.000,5.714,4.360,1.085,3.275,0.751,5,"uop_p3_q_reg[chunk_idx][1]/C","i_vrf/vrf_b3_reg_r2_0_63_12_14/RAMB/I","VRF/read/writeback","FDCE=1;LUT4=1;LUT5=2;LUT6=1;RAMD64E=2"
379,1.000,5.714,4.360,1.085,3.275,0.751,5,"uop_p3_q_reg[chunk_idx][1]/C","i_vrf/vrf_b3_reg_r2_0_63_15_17/RAMB/I","VRF/read/writeback","FDCE=1;LUT4=1;LUT5=2;LUT6=1;RAMD64E=2"
380,1.000,5.714,4.360,1.085,3.275,0.751,5,"uop_p3_q_reg[chunk_idx][1]/C","i_vrf/vrf_b3_reg_r2_0_63_18_20/RAMB/I","VRF/read/writeback","FDCE=1;LUT4=1;LUT5=2;LUT6=1;RAMD64E=2"
381,1.000,5.714,4.360,1.085,3.275,0.751,5,"uop_p3_q_reg[chunk_idx][1]/C","i_vrf/vrf_b3_reg_r2_0_63_21_23/RAMB/I","VRF/read/writeback","FDCE=1;LUT4=1;LUT5=2;LUT6=1;RAMD64E=2"
382,1.000,5.714,4.360,1.085,3.275,0.751,5,"uop_p3_q_reg[chunk_idx][1]/C","i_vrf/vrf_b3_reg_r2_0_63_24_26/RAMB/I","VRF/read/writeback","FDCE=1;LUT4=1;LUT5=2;LUT6=1;RAMD64E=2"
383,1.000,5.714,4.360,1.085,3.275,0.751,5,"uop_p3_q_reg[chunk_idx][1]/C","i_vrf/vrf_b3_reg_r2_0_63_27_29/RAMB/I","VRF/read/writeback","FDCE=1;LUT4=1;LUT5=2;LUT6=1;RAMD64E=2"
384,1.000,5.714,4.360,1.085,3.275,0.751,5,"uop_p3_q_reg[chunk_idx][1]/C","i_vrf/vrf_b3_reg_r2_0_63_30_32/RAMB/I","VRF/read/writeback","FDCE=1;LUT4=1;LUT5=2;LUT6=1;RAMD64E=2"
385,1.000,5.714,4.360,1.085,3.275,0.751,5,"uop_p3_q_reg[chunk_idx][1]/C","i_vrf/vrf_b3_reg_r2_0_63_33_35/RAMB/I","VRF/read/writeback","FDCE=1;LUT4=1;LUT5=2;LUT6=1;RAMD64E=2"
386,1.000,5.714,4.360,1.085,3.275,0.751,5,"uop_p3_q_reg[chunk_idx][1]/C","i_vrf/vrf_b3_reg_r2_0_63_36_38/RAMB/I","VRF/read/writeback","FDCE=1;LUT4=1;LUT5=2;LUT6=1;RAMD64E=2"
387,1.000,5.714,4.360,1.085,3.275,0.751,5,"uop_p3_q_reg[chunk_idx][1]/C","i_vrf/vrf_b3_reg_r2_0_63_39_41/RAMB/I","VRF/read/writeback","FDCE=1;LUT4=1;LUT5=2;LUT6=1;RAMD64E=2"
388,1.000,5.714,4.360,1.085,3.275,0.751,5,"uop_p3_q_reg[chunk_idx][1]/C","i_vrf/vrf_b3_reg_r2_0_63_3_5/RAMB/I","VRF/read/writeback","FDCE=1;LUT4=1;LUT5=2;LUT6=1;RAMD64E=2"
389,1.000,5.714,4.360,1.085,3.275,0.751,5,"uop_p3_q_reg[chunk_idx][1]/C","i_vrf/vrf_b3_reg_r2_0_63_42_44/RAMB/I","VRF/read/writeback","FDCE=1;LUT4=1;LUT5=2;LUT6=1;RAMD64E=2"
390,1.000,5.714,4.360,1.085,3.275,0.751,5,"uop_p3_q_reg[chunk_idx][1]/C","i_vrf/vrf_b3_reg_r2_0_63_45_47/RAMB/I","VRF/read/writeback","FDCE=1;LUT4=1;LUT5=2;LUT6=1;RAMD64E=2"
391,1.000,5.714,4.360,1.085,3.275,0.751,5,"uop_p3_q_reg[chunk_idx][1]/C","i_vrf/vrf_b3_reg_r2_0_63_48_50/RAMB/I","VRF/read/writeback","FDCE=1;LUT4=1;LUT5=2;LUT6=1;RAMD64E=2"
392,1.000,5.714,4.360,1.085,3.275,0.751,5,"uop_p3_q_reg[chunk_idx][1]/C","i_vrf/vrf_b3_reg_r2_0_63_51_53/RAMB/I","VRF/read/writeback","FDCE=1;LUT4=1;LUT5=2;LUT6=1;RAMD64E=2"
393,1.000,5.714,4.360,1.085,3.275,0.751,5,"uop_p3_q_reg[chunk_idx][1]/C","i_vrf/vrf_b3_reg_r2_0_63_54_56/RAMB/I","VRF/read/writeback","FDCE=1;LUT4=1;LUT5=2;LUT6=1;RAMD64E=2"
394,1.000,5.714,4.360,1.085,3.275,0.751,5,"uop_p3_q_reg[chunk_idx][1]/C","i_vrf/vrf_b3_reg_r2_0_63_57_59/RAMB/I","VRF/read/writeback","FDCE=1;LUT4=1;LUT5=2;LUT6=1;RAMD64E=2"
395,1.000,5.714,4.360,1.085,3.275,0.751,5,"uop_p3_q_reg[chunk_idx][1]/C","i_vrf/vrf_b3_reg_r2_0_63_60_62/RAMB/I","VRF/read/writeback","FDCE=1;LUT4=1;LUT5=2;LUT6=1;RAMD64E=2"
396,1.000,5.714,4.360,1.085,3.275,0.751,5,"uop_p3_q_reg[chunk_idx][1]/C","i_vrf/vrf_b3_reg_r2_0_63_6_8/RAMB/I","VRF/read/writeback","FDCE=1;LUT4=1;LUT5=2;LUT6=1;RAMD64E=2"
397,1.000,5.714,4.360,1.085,3.275,0.751,5,"uop_p3_q_reg[chunk_idx][1]/C","i_vrf/vrf_b3_reg_r2_0_63_9_11/RAMB/I","VRF/read/writeback","FDCE=1;LUT4=1;LUT5=2;LUT6=1;RAMD64E=2"
398,1.004,5.714,4.360,1.085,3.275,0.751,5,"uop_p3_q_reg[chunk_idx][1]/C","i_vrf/vrf_b0_reg_r1_0_63_0_2/RAMC/I","VRF/read/writeback","FDCE=1;LUT4=1;LUT5=2;LUT6=1;RAMD64E=1"
399,1.004,5.714,4.360,1.085,3.275,0.751,5,"uop_p3_q_reg[chunk_idx][1]/C","i_vrf/vrf_b0_reg_r1_0_63_12_14/RAMC/I","VRF/read/writeback","FDCE=1;LUT4=1;LUT5=2;LUT6=1;RAMD64E=1"
400,1.004,5.714,4.360,1.085,3.275,0.751,5,"uop_p3_q_reg[chunk_idx][1]/C","i_vrf/vrf_b0_reg_r1_0_63_15_17/RAMC/I","VRF/read/writeback","FDCE=1;LUT4=1;LUT5=2;LUT6=1;RAMD64E=1"
401,1.004,5.714,4.360,1.085,3.275,0.751,5,"uop_p3_q_reg[chunk_idx][1]/C","i_vrf/vrf_b0_reg_r1_0_63_18_20/RAMC/I","VRF/read/writeback","FDCE=1;LUT4=1;LUT5=2;LUT6=1;RAMD64E=1"
402,1.004,5.714,4.360,1.085,3.275,0.751,5,"uop_p3_q_reg[chunk_idx][1]/C","i_vrf/vrf_b0_reg_r1_0_63_21_23/RAMC/I","VRF/read/writeback","FDCE=1;LUT4=1;LUT5=2;LUT6=1;RAMD64E=1"
403,1.004,5.714,4.360,1.085,3.275,0.751,5,"uop_p3_q_reg[chunk_idx][1]/C","i_vrf/vrf_b0_reg_r1_0_63_24_26/RAMC/I","VRF/read/writeback","FDCE=1;LUT4=1;LUT5=2;LUT6=1;RAMD64E=1"
404,1.004,5.714,4.360,1.085,3.275,0.751,5,"uop_p3_q_reg[chunk_idx][1]/C","i_vrf/vrf_b0_reg_r1_0_63_27_29/RAMC/I","VRF/read/writeback","FDCE=1;LUT4=1;LUT5=2;LUT6=1;RAMD64E=1"
405,1.004,5.714,4.360,1.085,3.275,0.751,5,"uop_p3_q_reg[chunk_idx][1]/C","i_vrf/vrf_b0_reg_r1_0_63_30_32/RAMC/I","VRF/read/writeback","FDCE=1;LUT4=1;LUT5=2;LUT6=1;RAMD64E=1"
406,1.004,5.714,4.360,1.085,3.275,0.751,5,"uop_p3_q_reg[chunk_idx][1]/C","i_vrf/vrf_b0_reg_r1_0_63_33_35/RAMC/I","VRF/read/writeback","FDCE=1;LUT4=1;LUT5=2;LUT6=1;RAMD64E=1"
407,1.004,5.714,4.360,1.085,3.275,0.751,5,"uop_p3_q_reg[chunk_idx][1]/C","i_vrf/vrf_b0_reg_r1_0_63_36_38/RAMC/I","VRF/read/writeback","FDCE=1;LUT4=1;LUT5=2;LUT6=1;RAMD64E=1"
408,1.004,5.714,4.360,1.085,3.275,0.751,5,"uop_p3_q_reg[chunk_idx][1]/C","i_vrf/vrf_b0_reg_r1_0_63_39_41/RAMC/I","VRF/read/writeback","FDCE=1;LUT4=1;LUT5=2;LUT6=1;RAMD64E=1"
409,1.004,5.714,4.360,1.085,3.275,0.751,5,"uop_p3_q_reg[chunk_idx][1]/C","i_vrf/vrf_b0_reg_r1_0_63_3_5/RAMC/I","VRF/read/writeback","FDCE=1;LUT4=1;LUT5=2;LUT6=1;RAMD64E=1"
410,1.004,5.714,4.360,1.085,3.275,0.751,5,"uop_p3_q_reg[chunk_idx][1]/C","i_vrf/vrf_b0_reg_r1_0_63_42_44/RAMC/I","VRF/read/writeback","FDCE=1;LUT4=1;LUT5=2;LUT6=1;RAMD64E=1"
411,1.004,5.714,4.360,1.085,3.275,0.751,5,"uop_p3_q_reg[chunk_idx][1]/C","i_vrf/vrf_b0_reg_r1_0_63_45_47/RAMC/I","VRF/read/writeback","FDCE=1;LUT4=1;LUT5=2;LUT6=1;RAMD64E=1"
412,1.004,5.714,4.360,1.085,3.275,0.751,5,"uop_p3_q_reg[chunk_idx][1]/C","i_vrf/vrf_b0_reg_r1_0_63_48_50/RAMC/I","VRF/read/writeback","FDCE=1;LUT4=1;LUT5=2;LUT6=1;RAMD64E=1"
413,1.004,5.714,4.360,1.085,3.275,0.751,5,"uop_p3_q_reg[chunk_idx][1]/C","i_vrf/vrf_b0_reg_r1_0_63_51_53/RAMC/I","VRF/read/writeback","FDCE=1;LUT4=1;LUT5=2;LUT6=1;RAMD64E=1"
414,1.004,5.714,4.360,1.085,3.275,0.751,5,"uop_p3_q_reg[chunk_idx][1]/C","i_vrf/vrf_b0_reg_r1_0_63_54_56/RAMC/I","VRF/read/writeback","FDCE=1;LUT4=1;LUT5=2;LUT6=1;RAMD64E=1"
415,1.004,5.714,4.360,1.085,3.275,0.751,5,"uop_p3_q_reg[chunk_idx][1]/C","i_vrf/vrf_b0_reg_r1_0_63_57_59/RAMC/I","VRF/read/writeback","FDCE=1;LUT4=1;LUT5=2;LUT6=1;RAMD64E=1"
416,1.004,5.714,4.360,1.085,3.275,0.751,5,"uop_p3_q_reg[chunk_idx][1]/C","i_vrf/vrf_b0_reg_r1_0_63_60_62/RAMC/I","VRF/read/writeback","FDCE=1;LUT4=1;LUT5=2;LUT6=1;RAMD64E=1"
417,1.004,5.714,4.360,1.085,3.275,0.751,5,"uop_p3_q_reg[chunk_idx][1]/C","i_vrf/vrf_b0_reg_r1_0_63_6_8/RAMC/I","VRF/read/writeback","FDCE=1;LUT4=1;LUT5=2;LUT6=1;RAMD64E=1"
418,1.004,5.714,4.360,1.085,3.275,0.751,5,"uop_p3_q_reg[chunk_idx][1]/C","i_vrf/vrf_b0_reg_r1_0_63_9_11/RAMC/I","VRF/read/writeback","FDCE=1;LUT4=1;LUT5=2;LUT6=1;RAMD64E=1"
419,1.004,5.714,4.360,1.085,3.275,0.751,5,"uop_p3_q_reg[chunk_idx][1]/C","i_vrf/vrf_b0_reg_r2_0_63_0_2/RAMC/I","VRF/read/writeback","FDCE=1;LUT4=1;LUT5=2;LUT6=1;RAMD64E=2"
420,1.004,5.714,4.360,1.085,3.275,0.751,5,"uop_p3_q_reg[chunk_idx][1]/C","i_vrf/vrf_b0_reg_r2_0_63_12_14/RAMC/I","VRF/read/writeback","FDCE=1;LUT4=1;LUT5=2;LUT6=1;RAMD64E=2"
421,1.004,5.714,4.360,1.085,3.275,0.751,5,"uop_p3_q_reg[chunk_idx][1]/C","i_vrf/vrf_b0_reg_r2_0_63_15_17/RAMC/I","VRF/read/writeback","FDCE=1;LUT4=1;LUT5=2;LUT6=1;RAMD64E=2"
422,1.004,5.714,4.360,1.085,3.275,0.751,5,"uop_p3_q_reg[chunk_idx][1]/C","i_vrf/vrf_b0_reg_r2_0_63_18_20/RAMC/I","VRF/read/writeback","FDCE=1;LUT4=1;LUT5=2;LUT6=1;RAMD64E=2"
423,1.004,5.714,4.360,1.085,3.275,0.751,5,"uop_p3_q_reg[chunk_idx][1]/C","i_vrf/vrf_b0_reg_r2_0_63_21_23/RAMC/I","VRF/read/writeback","FDCE=1;LUT4=1;LUT5=2;LUT6=1;RAMD64E=2"
424,1.004,5.714,4.360,1.085,3.275,0.751,5,"uop_p3_q_reg[chunk_idx][1]/C","i_vrf/vrf_b0_reg_r2_0_63_24_26/RAMC/I","VRF/read/writeback","FDCE=1;LUT4=1;LUT5=2;LUT6=1;RAMD64E=2"
425,1.004,5.714,4.360,1.085,3.275,0.751,5,"uop_p3_q_reg[chunk_idx][1]/C","i_vrf/vrf_b0_reg_r2_0_63_27_29/RAMC/I","VRF/read/writeback","FDCE=1;LUT4=1;LUT5=2;LUT6=1;RAMD64E=2"
426,1.004,5.714,4.360,1.085,3.275,0.751,5,"uop_p3_q_reg[chunk_idx][1]/C","i_vrf/vrf_b0_reg_r2_0_63_30_32/RAMC/I","VRF/read/writeback","FDCE=1;LUT4=1;LUT5=2;LUT6=1;RAMD64E=2"
427,1.004,5.714,4.360,1.085,3.275,0.751,5,"uop_p3_q_reg[chunk_idx][1]/C","i_vrf/vrf_b0_reg_r2_0_63_33_35/RAMC/I","VRF/read/writeback","FDCE=1;LUT4=1;LUT5=2;LUT6=1;RAMD64E=2"
428,1.004,5.714,4.360,1.085,3.275,0.751,5,"uop_p3_q_reg[chunk_idx][1]/C","i_vrf/vrf_b0_reg_r2_0_63_36_38/RAMC/I","VRF/read/writeback","FDCE=1;LUT4=1;LUT5=2;LUT6=1;RAMD64E=2"
429,1.004,5.714,4.360,1.085,3.275,0.751,5,"uop_p3_q_reg[chunk_idx][1]/C","i_vrf/vrf_b0_reg_r2_0_63_39_41/RAMC/I","VRF/read/writeback","FDCE=1;LUT4=1;LUT5=2;LUT6=1;RAMD64E=2"
430,1.004,5.714,4.360,1.085,3.275,0.751,5,"uop_p3_q_reg[chunk_idx][1]/C","i_vrf/vrf_b0_reg_r2_0_63_3_5/RAMC/I","VRF/read/writeback","FDCE=1;LUT4=1;LUT5=2;LUT6=1;RAMD64E=2"
431,1.004,5.714,4.360,1.085,3.275,0.751,5,"uop_p3_q_reg[chunk_idx][1]/C","i_vrf/vrf_b0_reg_r2_0_63_42_44/RAMC/I","VRF/read/writeback","FDCE=1;LUT4=1;LUT5=2;LUT6=1;RAMD64E=2"
432,1.004,5.714,4.360,1.085,3.275,0.751,5,"uop_p3_q_reg[chunk_idx][1]/C","i_vrf/vrf_b0_reg_r2_0_63_45_47/RAMC/I","VRF/read/writeback","FDCE=1;LUT4=1;LUT5=2;LUT6=1;RAMD64E=2"
433,1.004,5.714,4.360,1.085,3.275,0.751,5,"uop_p3_q_reg[chunk_idx][1]/C","i_vrf/vrf_b0_reg_r2_0_63_48_50/RAMC/I","VRF/read/writeback","FDCE=1;LUT4=1;LUT5=2;LUT6=1;RAMD64E=2"
434,1.004,5.714,4.360,1.085,3.275,0.751,5,"uop_p3_q_reg[chunk_idx][1]/C","i_vrf/vrf_b0_reg_r2_0_63_51_53/RAMC/I","VRF/read/writeback","FDCE=1;LUT4=1;LUT5=2;LUT6=1;RAMD64E=2"
435,1.004,5.714,4.360,1.085,3.275,0.751,5,"uop_p3_q_reg[chunk_idx][1]/C","i_vrf/vrf_b0_reg_r2_0_63_54_56/RAMC/I","VRF/read/writeback","FDCE=1;LUT4=1;LUT5=2;LUT6=1;RAMD64E=2"
436,1.004,5.714,4.360,1.085,3.275,0.751,5,"uop_p3_q_reg[chunk_idx][1]/C","i_vrf/vrf_b0_reg_r2_0_63_57_59/RAMC/I","VRF/read/writeback","FDCE=1;LUT4=1;LUT5=2;LUT6=1;RAMD64E=2"
437,1.004,5.714,4.360,1.085,3.275,0.751,5,"uop_p3_q_reg[chunk_idx][1]/C","i_vrf/vrf_b0_reg_r2_0_63_60_62/RAMC/I","VRF/read/writeback","FDCE=1;LUT4=1;LUT5=2;LUT6=1;RAMD64E=2"
438,1.004,5.714,4.360,1.085,3.275,0.751,5,"uop_p3_q_reg[chunk_idx][1]/C","i_vrf/vrf_b0_reg_r2_0_63_6_8/RAMC/I","VRF/read/writeback","FDCE=1;LUT4=1;LUT5=2;LUT6=1;RAMD64E=2"
439,1.004,5.714,4.360,1.085,3.275,0.751,5,"uop_p3_q_reg[chunk_idx][1]/C","i_vrf/vrf_b0_reg_r2_0_63_9_11/RAMC/I","VRF/read/writeback","FDCE=1;LUT4=1;LUT5=2;LUT6=1;RAMD64E=2"
440,1.004,5.714,4.360,1.085,3.275,0.751,5,"uop_p3_q_reg[chunk_idx][1]/C","i_vrf/vrf_b1_reg_r1_0_63_0_2/RAMC/I","VRF/read/writeback","FDCE=1;LUT4=1;LUT5=2;LUT6=1;RAMD64E=1"
441,1.004,5.714,4.360,1.085,3.275,0.751,5,"uop_p3_q_reg[chunk_idx][1]/C","i_vrf/vrf_b1_reg_r1_0_63_12_14/RAMC/I","VRF/read/writeback","FDCE=1;LUT4=1;LUT5=2;LUT6=1;RAMD64E=1"
442,1.004,5.714,4.360,1.085,3.275,0.751,5,"uop_p3_q_reg[chunk_idx][1]/C","i_vrf/vrf_b1_reg_r1_0_63_15_17/RAMC/I","VRF/read/writeback","FDCE=1;LUT4=1;LUT5=2;LUT6=1;RAMD64E=1"
443,1.004,5.714,4.360,1.085,3.275,0.751,5,"uop_p3_q_reg[chunk_idx][1]/C","i_vrf/vrf_b1_reg_r1_0_63_18_20/RAMC/I","VRF/read/writeback","FDCE=1;LUT4=1;LUT5=2;LUT6=1;RAMD64E=1"
444,1.004,5.714,4.360,1.085,3.275,0.751,5,"uop_p3_q_reg[chunk_idx][1]/C","i_vrf/vrf_b1_reg_r1_0_63_21_23/RAMC/I","VRF/read/writeback","FDCE=1;LUT4=1;LUT5=2;LUT6=1;RAMD64E=1"
445,1.004,5.714,4.360,1.085,3.275,0.751,5,"uop_p3_q_reg[chunk_idx][1]/C","i_vrf/vrf_b1_reg_r1_0_63_24_26/RAMC/I","VRF/read/writeback","FDCE=1;LUT4=1;LUT5=2;LUT6=1;RAMD64E=1"
446,1.004,5.714,4.360,1.085,3.275,0.751,5,"uop_p3_q_reg[chunk_idx][1]/C","i_vrf/vrf_b1_reg_r1_0_63_27_29/RAMC/I","VRF/read/writeback","FDCE=1;LUT4=1;LUT5=2;LUT6=1;RAMD64E=1"
447,1.004,5.714,4.360,1.085,3.275,0.751,5,"uop_p3_q_reg[chunk_idx][1]/C","i_vrf/vrf_b1_reg_r1_0_63_30_32/RAMC/I","VRF/read/writeback","FDCE=1;LUT4=1;LUT5=2;LUT6=1;RAMD64E=1"
448,1.004,5.714,4.360,1.085,3.275,0.751,5,"uop_p3_q_reg[chunk_idx][1]/C","i_vrf/vrf_b1_reg_r1_0_63_33_35/RAMC/I","VRF/read/writeback","FDCE=1;LUT4=1;LUT5=2;LUT6=1;RAMD64E=1"
449,1.004,5.714,4.360,1.085,3.275,0.751,5,"uop_p3_q_reg[chunk_idx][1]/C","i_vrf/vrf_b1_reg_r1_0_63_36_38/RAMC/I","VRF/read/writeback","FDCE=1;LUT4=1;LUT5=2;LUT6=1;RAMD64E=1"
450,1.004,5.714,4.360,1.085,3.275,0.751,5,"uop_p3_q_reg[chunk_idx][1]/C","i_vrf/vrf_b1_reg_r1_0_63_39_41/RAMC/I","VRF/read/writeback","FDCE=1;LUT4=1;LUT5=2;LUT6=1;RAMD64E=1"
451,1.004,5.714,4.360,1.085,3.275,0.751,5,"uop_p3_q_reg[chunk_idx][1]/C","i_vrf/vrf_b1_reg_r1_0_63_3_5/RAMC/I","VRF/read/writeback","FDCE=1;LUT4=1;LUT5=2;LUT6=1;RAMD64E=1"
452,1.004,5.714,4.360,1.085,3.275,0.751,5,"uop_p3_q_reg[chunk_idx][1]/C","i_vrf/vrf_b1_reg_r1_0_63_42_44/RAMC/I","VRF/read/writeback","FDCE=1;LUT4=1;LUT5=2;LUT6=1;RAMD64E=1"
453,1.004,5.714,4.360,1.085,3.275,0.751,5,"uop_p3_q_reg[chunk_idx][1]/C","i_vrf/vrf_b1_reg_r1_0_63_45_47/RAMC/I","VRF/read/writeback","FDCE=1;LUT4=1;LUT5=2;LUT6=1;RAMD64E=1"
454,1.004,5.714,4.360,1.085,3.275,0.751,5,"uop_p3_q_reg[chunk_idx][1]/C","i_vrf/vrf_b1_reg_r1_0_63_48_50/RAMC/I","VRF/read/writeback","FDCE=1;LUT4=1;LUT5=2;LUT6=1;RAMD64E=1"
455,1.004,5.714,4.360,1.085,3.275,0.751,5,"uop_p3_q_reg[chunk_idx][1]/C","i_vrf/vrf_b1_reg_r1_0_63_51_53/RAMC/I","VRF/read/writeback","FDCE=1;LUT4=1;LUT5=2;LUT6=1;RAMD64E=1"
456,1.004,5.714,4.360,1.085,3.275,0.751,5,"uop_p3_q_reg[chunk_idx][1]/C","i_vrf/vrf_b1_reg_r1_0_63_54_56/RAMC/I","VRF/read/writeback","FDCE=1;LUT4=1;LUT5=2;LUT6=1;RAMD64E=1"
457,1.004,5.714,4.360,1.085,3.275,0.751,5,"uop_p3_q_reg[chunk_idx][1]/C","i_vrf/vrf_b1_reg_r1_0_63_57_59/RAMC/I","VRF/read/writeback","FDCE=1;LUT4=1;LUT5=2;LUT6=1;RAMD64E=1"
458,1.004,5.714,4.360,1.085,3.275,0.751,5,"uop_p3_q_reg[chunk_idx][1]/C","i_vrf/vrf_b1_reg_r1_0_63_60_62/RAMC/I","VRF/read/writeback","FDCE=1;LUT4=1;LUT5=2;LUT6=1;RAMD64E=1"
459,1.004,5.714,4.360,1.085,3.275,0.751,5,"uop_p3_q_reg[chunk_idx][1]/C","i_vrf/vrf_b1_reg_r1_0_63_6_8/RAMC/I","VRF/read/writeback","FDCE=1;LUT4=1;LUT5=2;LUT6=1;RAMD64E=1"
460,1.004,5.714,4.360,1.085,3.275,0.751,5,"uop_p3_q_reg[chunk_idx][1]/C","i_vrf/vrf_b1_reg_r1_0_63_9_11/RAMC/I","VRF/read/writeback","FDCE=1;LUT4=1;LUT5=2;LUT6=1;RAMD64E=1"
461,1.004,5.714,4.360,1.085,3.275,0.751,5,"uop_p3_q_reg[chunk_idx][1]/C","i_vrf/vrf_b1_reg_r2_0_63_0_2/RAMC/I","VRF/read/writeback","FDCE=1;LUT4=1;LUT5=2;LUT6=1;RAMD64E=2"
462,1.004,5.714,4.360,1.085,3.275,0.751,5,"uop_p3_q_reg[chunk_idx][1]/C","i_vrf/vrf_b1_reg_r2_0_63_12_14/RAMC/I","VRF/read/writeback","FDCE=1;LUT4=1;LUT5=2;LUT6=1;RAMD64E=2"
463,1.004,5.714,4.360,1.085,3.275,0.751,5,"uop_p3_q_reg[chunk_idx][1]/C","i_vrf/vrf_b1_reg_r2_0_63_15_17/RAMC/I","VRF/read/writeback","FDCE=1;LUT4=1;LUT5=2;LUT6=1;RAMD64E=2"
464,1.004,5.714,4.360,1.085,3.275,0.751,5,"uop_p3_q_reg[chunk_idx][1]/C","i_vrf/vrf_b1_reg_r2_0_63_18_20/RAMC/I","VRF/read/writeback","FDCE=1;LUT4=1;LUT5=2;LUT6=1;RAMD64E=2"
465,1.004,5.714,4.360,1.085,3.275,0.751,5,"uop_p3_q_reg[chunk_idx][1]/C","i_vrf/vrf_b1_reg_r2_0_63_21_23/RAMC/I","VRF/read/writeback","FDCE=1;LUT4=1;LUT5=2;LUT6=1;RAMD64E=2"
466,1.004,5.714,4.360,1.085,3.275,0.751,5,"uop_p3_q_reg[chunk_idx][1]/C","i_vrf/vrf_b1_reg_r2_0_63_24_26/RAMC/I","VRF/read/writeback","FDCE=1;LUT4=1;LUT5=2;LUT6=1;RAMD64E=2"
467,1.004,5.714,4.360,1.085,3.275,0.751,5,"uop_p3_q_reg[chunk_idx][1]/C","i_vrf/vrf_b1_reg_r2_0_63_27_29/RAMC/I","VRF/read/writeback","FDCE=1;LUT4=1;LUT5=2;LUT6=1;RAMD64E=2"
468,1.004,5.714,4.360,1.085,3.275,0.751,5,"uop_p3_q_reg[chunk_idx][1]/C","i_vrf/vrf_b1_reg_r2_0_63_30_32/RAMC/I","VRF/read/writeback","FDCE=1;LUT4=1;LUT5=2;LUT6=1;RAMD64E=2"
469,1.004,5.714,4.360,1.085,3.275,0.751,5,"uop_p3_q_reg[chunk_idx][1]/C","i_vrf/vrf_b1_reg_r2_0_63_33_35/RAMC/I","VRF/read/writeback","FDCE=1;LUT4=1;LUT5=2;LUT6=1;RAMD64E=2"
470,1.004,5.714,4.360,1.085,3.275,0.751,5,"uop_p3_q_reg[chunk_idx][1]/C","i_vrf/vrf_b1_reg_r2_0_63_36_38/RAMC/I","VRF/read/writeback","FDCE=1;LUT4=1;LUT5=2;LUT6=1;RAMD64E=2"
471,1.004,5.714,4.360,1.085,3.275,0.751,5,"uop_p3_q_reg[chunk_idx][1]/C","i_vrf/vrf_b1_reg_r2_0_63_39_41/RAMC/I","VRF/read/writeback","FDCE=1;LUT4=1;LUT5=2;LUT6=1;RAMD64E=2"
472,1.004,5.714,4.360,1.085,3.275,0.751,5,"uop_p3_q_reg[chunk_idx][1]/C","i_vrf/vrf_b1_reg_r2_0_63_3_5/RAMC/I","VRF/read/writeback","FDCE=1;LUT4=1;LUT5=2;LUT6=1;RAMD64E=2"
473,1.004,5.714,4.360,1.085,3.275,0.751,5,"uop_p3_q_reg[chunk_idx][1]/C","i_vrf/vrf_b1_reg_r2_0_63_42_44/RAMC/I","VRF/read/writeback","FDCE=1;LUT4=1;LUT5=2;LUT6=1;RAMD64E=2"
474,1.004,5.714,4.360,1.085,3.275,0.751,5,"uop_p3_q_reg[chunk_idx][1]/C","i_vrf/vrf_b1_reg_r2_0_63_45_47/RAMC/I","VRF/read/writeback","FDCE=1;LUT4=1;LUT5=2;LUT6=1;RAMD64E=2"
475,1.004,5.714,4.360,1.085,3.275,0.751,5,"uop_p3_q_reg[chunk_idx][1]/C","i_vrf/vrf_b1_reg_r2_0_63_48_50/RAMC/I","VRF/read/writeback","FDCE=1;LUT4=1;LUT5=2;LUT6=1;RAMD64E=2"
476,1.004,5.714,4.360,1.085,3.275,0.751,5,"uop_p3_q_reg[chunk_idx][1]/C","i_vrf/vrf_b1_reg_r2_0_63_51_53/RAMC/I","VRF/read/writeback","FDCE=1;LUT4=1;LUT5=2;LUT6=1;RAMD64E=2"
477,1.004,5.714,4.360,1.085,3.275,0.751,5,"uop_p3_q_reg[chunk_idx][1]/C","i_vrf/vrf_b1_reg_r2_0_63_54_56/RAMC/I","VRF/read/writeback","FDCE=1;LUT4=1;LUT5=2;LUT6=1;RAMD64E=2"
478,1.004,5.714,4.360,1.085,3.275,0.751,5,"uop_p3_q_reg[chunk_idx][1]/C","i_vrf/vrf_b1_reg_r2_0_63_57_59/RAMC/I","VRF/read/writeback","FDCE=1;LUT4=1;LUT5=2;LUT6=1;RAMD64E=2"
479,1.004,5.714,4.360,1.085,3.275,0.751,5,"uop_p3_q_reg[chunk_idx][1]/C","i_vrf/vrf_b1_reg_r2_0_63_60_62/RAMC/I","VRF/read/writeback","FDCE=1;LUT4=1;LUT5=2;LUT6=1;RAMD64E=2"
480,1.004,5.714,4.360,1.085,3.275,0.751,5,"uop_p3_q_reg[chunk_idx][1]/C","i_vrf/vrf_b1_reg_r2_0_63_6_8/RAMC/I","VRF/read/writeback","FDCE=1;LUT4=1;LUT5=2;LUT6=1;RAMD64E=2"
481,1.004,5.714,4.360,1.085,3.275,0.751,5,"uop_p3_q_reg[chunk_idx][1]/C","i_vrf/vrf_b1_reg_r2_0_63_9_11/RAMC/I","VRF/read/writeback","FDCE=1;LUT4=1;LUT5=2;LUT6=1;RAMD64E=2"
482,1.004,5.714,4.360,1.085,3.275,0.751,5,"uop_p3_q_reg[chunk_idx][1]/C","i_vrf/vrf_b3_reg_r1_0_63_0_2/RAMC/I","VRF/read/writeback","FDCE=1;LUT4=1;LUT5=2;LUT6=1;RAMD64E=1"
483,1.004,5.714,4.360,1.085,3.275,0.751,5,"uop_p3_q_reg[chunk_idx][1]/C","i_vrf/vrf_b3_reg_r1_0_63_12_14/RAMC/I","VRF/read/writeback","FDCE=1;LUT4=1;LUT5=2;LUT6=1;RAMD64E=1"
484,1.004,5.714,4.360,1.085,3.275,0.751,5,"uop_p3_q_reg[chunk_idx][1]/C","i_vrf/vrf_b3_reg_r1_0_63_15_17/RAMC/I","VRF/read/writeback","FDCE=1;LUT4=1;LUT5=2;LUT6=1;RAMD64E=1"
485,1.004,5.714,4.360,1.085,3.275,0.751,5,"uop_p3_q_reg[chunk_idx][1]/C","i_vrf/vrf_b3_reg_r1_0_63_18_20/RAMC/I","VRF/read/writeback","FDCE=1;LUT4=1;LUT5=2;LUT6=1;RAMD64E=1"
486,1.004,5.714,4.360,1.085,3.275,0.751,5,"uop_p3_q_reg[chunk_idx][1]/C","i_vrf/vrf_b3_reg_r1_0_63_21_23/RAMC/I","VRF/read/writeback","FDCE=1;LUT4=1;LUT5=2;LUT6=1;RAMD64E=1"
487,1.004,5.714,4.360,1.085,3.275,0.751,5,"uop_p3_q_reg[chunk_idx][1]/C","i_vrf/vrf_b3_reg_r1_0_63_24_26/RAMC/I","VRF/read/writeback","FDCE=1;LUT4=1;LUT5=2;LUT6=1;RAMD64E=1"
488,1.004,5.714,4.360,1.085,3.275,0.751,5,"uop_p3_q_reg[chunk_idx][1]/C","i_vrf/vrf_b3_reg_r1_0_63_27_29/RAMC/I","VRF/read/writeback","FDCE=1;LUT4=1;LUT5=2;LUT6=1;RAMD64E=1"
489,1.004,5.714,4.360,1.085,3.275,0.751,5,"uop_p3_q_reg[chunk_idx][1]/C","i_vrf/vrf_b3_reg_r1_0_63_30_32/RAMC/I","VRF/read/writeback","FDCE=1;LUT4=1;LUT5=2;LUT6=1;RAMD64E=1"
490,1.004,5.714,4.360,1.085,3.275,0.751,5,"uop_p3_q_reg[chunk_idx][1]/C","i_vrf/vrf_b3_reg_r1_0_63_33_35/RAMC/I","VRF/read/writeback","FDCE=1;LUT4=1;LUT5=2;LUT6=1;RAMD64E=1"
491,1.004,5.714,4.360,1.085,3.275,0.751,5,"uop_p3_q_reg[chunk_idx][1]/C","i_vrf/vrf_b3_reg_r1_0_63_36_38/RAMC/I","VRF/read/writeback","FDCE=1;LUT4=1;LUT5=2;LUT6=1;RAMD64E=1"
492,1.004,5.714,4.360,1.085,3.275,0.751,5,"uop_p3_q_reg[chunk_idx][1]/C","i_vrf/vrf_b3_reg_r1_0_63_39_41/RAMC/I","VRF/read/writeback","FDCE=1;LUT4=1;LUT5=2;LUT6=1;RAMD64E=1"
493,1.004,5.714,4.360,1.085,3.275,0.751,5,"uop_p3_q_reg[chunk_idx][1]/C","i_vrf/vrf_b3_reg_r1_0_63_3_5/RAMC/I","VRF/read/writeback","FDCE=1;LUT4=1;LUT5=2;LUT6=1;RAMD64E=1"
494,1.004,5.714,4.360,1.085,3.275,0.751,5,"uop_p3_q_reg[chunk_idx][1]/C","i_vrf/vrf_b3_reg_r1_0_63_42_44/RAMC/I","VRF/read/writeback","FDCE=1;LUT4=1;LUT5=2;LUT6=1;RAMD64E=1"
495,1.004,5.714,4.360,1.085,3.275,0.751,5,"uop_p3_q_reg[chunk_idx][1]/C","i_vrf/vrf_b3_reg_r1_0_63_45_47/RAMC/I","VRF/read/writeback","FDCE=1;LUT4=1;LUT5=2;LUT6=1;RAMD64E=1"
496,1.004,5.714,4.360,1.085,3.275,0.751,5,"uop_p3_q_reg[chunk_idx][1]/C","i_vrf/vrf_b3_reg_r1_0_63_48_50/RAMC/I","VRF/read/writeback","FDCE=1;LUT4=1;LUT5=2;LUT6=1;RAMD64E=1"
497,1.004,5.714,4.360,1.085,3.275,0.751,5,"uop_p3_q_reg[chunk_idx][1]/C","i_vrf/vrf_b3_reg_r1_0_63_51_53/RAMC/I","VRF/read/writeback","FDCE=1;LUT4=1;LUT5=2;LUT6=1;RAMD64E=1"
498,1.004,5.714,4.360,1.085,3.275,0.751,5,"uop_p3_q_reg[chunk_idx][1]/C","i_vrf/vrf_b3_reg_r1_0_63_54_56/RAMC/I","VRF/read/writeback","FDCE=1;LUT4=1;LUT5=2;LUT6=1;RAMD64E=1"
499,1.004,5.714,4.360,1.085,3.275,0.751,5,"uop_p3_q_reg[chunk_idx][1]/C","i_vrf/vrf_b3_reg_r1_0_63_57_59/RAMC/I","VRF/read/writeback","FDCE=1;LUT4=1;LUT5=2;LUT6=1;RAMD64E=1"
500,1.004,5.714,4.360,1.085,3.275,0.751,5,"uop_p3_q_reg[chunk_idx][1]/C","i_vrf/vrf_b3_reg_r1_0_63_60_62/RAMC/I","VRF/read/writeback","FDCE=1;LUT4=1;LUT5=2;LUT6=1;RAMD64E=1"
501,1.004,5.714,4.360,1.085,3.275,0.751,5,"uop_p3_q_reg[chunk_idx][1]/C","i_vrf/vrf_b3_reg_r1_0_63_6_8/RAMC/I","VRF/read/writeback","FDCE=1;LUT4=1;LUT5=2;LUT6=1;RAMD64E=1"
502,1.004,5.714,4.360,1.085,3.275,0.751,5,"uop_p3_q_reg[chunk_idx][1]/C","i_vrf/vrf_b3_reg_r1_0_63_9_11/RAMC/I","VRF/read/writeback","FDCE=1;LUT4=1;LUT5=2;LUT6=1;RAMD64E=1"
503,1.004,5.714,4.360,1.085,3.275,0.751,5,"uop_p3_q_reg[chunk_idx][1]/C","i_vrf/vrf_b3_reg_r2_0_63_0_2/RAMC/I","VRF/read/writeback","FDCE=1;LUT4=1;LUT5=2;LUT6=1;RAMD64E=2"
504,1.004,5.714,4.360,1.085,3.275,0.751,5,"uop_p3_q_reg[chunk_idx][1]/C","i_vrf/vrf_b3_reg_r2_0_63_12_14/RAMC/I","VRF/read/writeback","FDCE=1;LUT4=1;LUT5=2;LUT6=1;RAMD64E=2"
505,1.004,5.714,4.360,1.085,3.275,0.751,5,"uop_p3_q_reg[chunk_idx][1]/C","i_vrf/vrf_b3_reg_r2_0_63_15_17/RAMC/I","VRF/read/writeback","FDCE=1;LUT4=1;LUT5=2;LUT6=1;RAMD64E=2"
506,1.004,5.714,4.360,1.085,3.275,0.751,5,"uop_p3_q_reg[chunk_idx][1]/C","i_vrf/vrf_b3_reg_r2_0_63_18_20/RAMC/I","VRF/read/writeback","FDCE=1;LUT4=1;LUT5=2;LUT6=1;RAMD64E=2"
507,1.004,5.714,4.360,1.085,3.275,0.751,5,"uop_p3_q_reg[chunk_idx][1]/C","i_vrf/vrf_b3_reg_r2_0_63_21_23/RAMC/I","VRF/read/writeback","FDCE=1;LUT4=1;LUT5=2;LUT6=1;RAMD64E=2"
508,1.004,5.714,4.360,1.085,3.275,0.751,5,"uop_p3_q_reg[chunk_idx][1]/C","i_vrf/vrf_b3_reg_r2_0_63_24_26/RAMC/I","VRF/read/writeback","FDCE=1;LUT4=1;LUT5=2;LUT6=1;RAMD64E=2"
509,1.004,5.714,4.360,1.085,3.275,0.751,5,"uop_p3_q_reg[chunk_idx][1]/C","i_vrf/vrf_b3_reg_r2_0_63_27_29/RAMC/I","VRF/read/writeback","FDCE=1;LUT4=1;LUT5=2;LUT6=1;RAMD64E=2"
510,1.004,5.714,4.360,1.085,3.275,0.751,5,"uop_p3_q_reg[chunk_idx][1]/C","i_vrf/vrf_b3_reg_r2_0_63_30_32/RAMC/I","VRF/read/writeback","FDCE=1;LUT4=1;LUT5=2;LUT6=1;RAMD64E=2"
511,1.004,5.714,4.360,1.085,3.275,0.751,5,"uop_p3_q_reg[chunk_idx][1]/C","i_vrf/vrf_b3_reg_r2_0_63_33_35/RAMC/I","VRF/read/writeback","FDCE=1;LUT4=1;LUT5=2;LUT6=1;RAMD64E=2"
512,1.004,5.714,4.360,1.085,3.275,0.751,5,"uop_p3_q_reg[chunk_idx][1]/C","i_vrf/vrf_b3_reg_r2_0_63_36_38/RAMC/I","VRF/read/writeback","FDCE=1;LUT4=1;LUT5=2;LUT6=1;RAMD64E=2"
513,1.004,5.714,4.360,1.085,3.275,0.751,5,"uop_p3_q_reg[chunk_idx][1]/C","i_vrf/vrf_b3_reg_r2_0_63_39_41/RAMC/I","VRF/read/writeback","FDCE=1;LUT4=1;LUT5=2;LUT6=1;RAMD64E=2"
514,1.004,5.714,4.360,1.085,3.275,0.751,5,"uop_p3_q_reg[chunk_idx][1]/C","i_vrf/vrf_b3_reg_r2_0_63_3_5/RAMC/I","VRF/read/writeback","FDCE=1;LUT4=1;LUT5=2;LUT6=1;RAMD64E=2"
515,1.004,5.714,4.360,1.085,3.275,0.751,5,"uop_p3_q_reg[chunk_idx][1]/C","i_vrf/vrf_b3_reg_r2_0_63_42_44/RAMC/I","VRF/read/writeback","FDCE=1;LUT4=1;LUT5=2;LUT6=1;RAMD64E=2"
516,1.004,5.714,4.360,1.085,3.275,0.751,5,"uop_p3_q_reg[chunk_idx][1]/C","i_vrf/vrf_b3_reg_r2_0_63_45_47/RAMC/I","VRF/read/writeback","FDCE=1;LUT4=1;LUT5=2;LUT6=1;RAMD64E=2"
517,1.004,5.714,4.360,1.085,3.275,0.751,5,"uop_p3_q_reg[chunk_idx][1]/C","i_vrf/vrf_b3_reg_r2_0_63_48_50/RAMC/I","VRF/read/writeback","FDCE=1;LUT4=1;LUT5=2;LUT6=1;RAMD64E=2"
518,1.004,5.714,4.360,1.085,3.275,0.751,5,"uop_p3_q_reg[chunk_idx][1]/C","i_vrf/vrf_b3_reg_r2_0_63_51_53/RAMC/I","VRF/read/writeback","FDCE=1;LUT4=1;LUT5=2;LUT6=1;RAMD64E=2"
519,1.004,5.714,4.360,1.085,3.275,0.751,5,"uop_p3_q_reg[chunk_idx][1]/C","i_vrf/vrf_b3_reg_r2_0_63_54_56/RAMC/I","VRF/read/writeback","FDCE=1;LUT4=1;LUT5=2;LUT6=1;RAMD64E=2"
520,1.004,5.714,4.360,1.085,3.275,0.751,5,"uop_p3_q_reg[chunk_idx][1]/C","i_vrf/vrf_b3_reg_r2_0_63_57_59/RAMC/I","VRF/read/writeback","FDCE=1;LUT4=1;LUT5=2;LUT6=1;RAMD64E=2"
521,1.004,5.714,4.360,1.085,3.275,0.751,5,"uop_p3_q_reg[chunk_idx][1]/C","i_vrf/vrf_b3_reg_r2_0_63_60_62/RAMC/I","VRF/read/writeback","FDCE=1;LUT4=1;LUT5=2;LUT6=1;RAMD64E=2"
522,1.004,5.714,4.360,1.085,3.275,0.751,5,"uop_p3_q_reg[chunk_idx][1]/C","i_vrf/vrf_b3_reg_r2_0_63_6_8/RAMC/I","VRF/read/writeback","FDCE=1;LUT4=1;LUT5=2;LUT6=1;RAMD64E=2"
523,1.004,5.714,4.360,1.085,3.275,0.751,5,"uop_p3_q_reg[chunk_idx][1]/C","i_vrf/vrf_b3_reg_r2_0_63_9_11/RAMC/I","VRF/read/writeback","FDCE=1;LUT4=1;LUT5=2;LUT6=1;RAMD64E=2"
524,1.009,5.714,4.360,1.085,3.275,0.751,5,"uop_p3_q_reg[chunk_idx][1]/C","i_vrf/vrf_b0_reg_r1_0_63_0_2/RAMA/I","VRF/read/writeback","FDCE=1;LUT4=1;LUT5=2;LUT6=1;RAMD64E=1"
525,1.009,5.714,4.360,1.085,3.275,0.751,5,"uop_p3_q_reg[chunk_idx][1]/C","i_vrf/vrf_b0_reg_r1_0_63_12_14/RAMA/I","VRF/read/writeback","FDCE=1;LUT4=1;LUT5=2;LUT6=1;RAMD64E=1"
526,1.009,5.714,4.360,1.085,3.275,0.751,5,"uop_p3_q_reg[chunk_idx][1]/C","i_vrf/vrf_b0_reg_r1_0_63_15_17/RAMA/I","VRF/read/writeback","FDCE=1;LUT4=1;LUT5=2;LUT6=1;RAMD64E=1"
527,1.009,5.714,4.360,1.085,3.275,0.751,5,"uop_p3_q_reg[chunk_idx][1]/C","i_vrf/vrf_b0_reg_r1_0_63_18_20/RAMA/I","VRF/read/writeback","FDCE=1;LUT4=1;LUT5=2;LUT6=1;RAMD64E=1"
528,1.009,5.714,4.360,1.085,3.275,0.751,5,"uop_p3_q_reg[chunk_idx][1]/C","i_vrf/vrf_b0_reg_r1_0_63_21_23/RAMA/I","VRF/read/writeback","FDCE=1;LUT4=1;LUT5=2;LUT6=1;RAMD64E=1"
529,1.009,5.714,4.360,1.085,3.275,0.751,5,"uop_p3_q_reg[chunk_idx][1]/C","i_vrf/vrf_b0_reg_r1_0_63_24_26/RAMA/I","VRF/read/writeback","FDCE=1;LUT4=1;LUT5=2;LUT6=1;RAMD64E=1"
530,1.009,5.714,4.360,1.085,3.275,0.751,5,"uop_p3_q_reg[chunk_idx][1]/C","i_vrf/vrf_b0_reg_r1_0_63_27_29/RAMA/I","VRF/read/writeback","FDCE=1;LUT4=1;LUT5=2;LUT6=1;RAMD64E=1"
531,1.009,5.714,4.360,1.085,3.275,0.751,5,"uop_p3_q_reg[chunk_idx][1]/C","i_vrf/vrf_b0_reg_r1_0_63_30_32/RAMA/I","VRF/read/writeback","FDCE=1;LUT4=1;LUT5=2;LUT6=1;RAMD64E=1"
532,1.009,5.714,4.360,1.085,3.275,0.751,5,"uop_p3_q_reg[chunk_idx][1]/C","i_vrf/vrf_b0_reg_r1_0_63_33_35/RAMA/I","VRF/read/writeback","FDCE=1;LUT4=1;LUT5=2;LUT6=1;RAMD64E=1"
533,1.009,5.714,4.360,1.085,3.275,0.751,5,"uop_p3_q_reg[chunk_idx][1]/C","i_vrf/vrf_b0_reg_r1_0_63_36_38/RAMA/I","VRF/read/writeback","FDCE=1;LUT4=1;LUT5=2;LUT6=1;RAMD64E=1"
534,1.009,5.714,4.360,1.085,3.275,0.751,5,"uop_p3_q_reg[chunk_idx][1]/C","i_vrf/vrf_b0_reg_r1_0_63_39_41/RAMA/I","VRF/read/writeback","FDCE=1;LUT4=1;LUT5=2;LUT6=1;RAMD64E=1"
535,1.009,5.714,4.360,1.085,3.275,0.751,5,"uop_p3_q_reg[chunk_idx][1]/C","i_vrf/vrf_b0_reg_r1_0_63_3_5/RAMA/I","VRF/read/writeback","FDCE=1;LUT4=1;LUT5=2;LUT6=1;RAMD64E=1"
536,1.009,5.714,4.360,1.085,3.275,0.751,5,"uop_p3_q_reg[chunk_idx][1]/C","i_vrf/vrf_b0_reg_r1_0_63_42_44/RAMA/I","VRF/read/writeback","FDCE=1;LUT4=1;LUT5=2;LUT6=1;RAMD64E=1"
537,1.009,5.714,4.360,1.085,3.275,0.751,5,"uop_p3_q_reg[chunk_idx][1]/C","i_vrf/vrf_b0_reg_r1_0_63_45_47/RAMA/I","VRF/read/writeback","FDCE=1;LUT4=1;LUT5=2;LUT6=1;RAMD64E=1"
538,1.009,5.714,4.360,1.085,3.275,0.751,5,"uop_p3_q_reg[chunk_idx][1]/C","i_vrf/vrf_b0_reg_r1_0_63_48_50/RAMA/I","VRF/read/writeback","FDCE=1;LUT4=1;LUT5=2;LUT6=1;RAMD64E=1"
539,1.009,5.714,4.360,1.085,3.275,0.751,5,"uop_p3_q_reg[chunk_idx][1]/C","i_vrf/vrf_b0_reg_r1_0_63_51_53/RAMA/I","VRF/read/writeback","FDCE=1;LUT4=1;LUT5=2;LUT6=1;RAMD64E=1"
540,1.009,5.714,4.360,1.085,3.275,0.751,5,"uop_p3_q_reg[chunk_idx][1]/C","i_vrf/vrf_b0_reg_r1_0_63_54_56/RAMA/I","VRF/read/writeback","FDCE=1;LUT4=1;LUT5=2;LUT6=1;RAMD64E=1"
541,1.009,5.714,4.360,1.085,3.275,0.751,5,"uop_p3_q_reg[chunk_idx][1]/C","i_vrf/vrf_b0_reg_r1_0_63_57_59/RAMA/I","VRF/read/writeback","FDCE=1;LUT4=1;LUT5=2;LUT6=1;RAMD64E=1"
542,1.009,5.714,4.360,1.085,3.275,0.751,5,"uop_p3_q_reg[chunk_idx][1]/C","i_vrf/vrf_b0_reg_r1_0_63_60_62/RAMA/I","VRF/read/writeback","FDCE=1;LUT4=1;LUT5=2;LUT6=1;RAMD64E=1"
543,1.009,5.714,4.360,1.085,3.275,0.751,5,"uop_p3_q_reg[chunk_idx][1]/C","i_vrf/vrf_b0_reg_r1_0_63_6_8/RAMA/I","VRF/read/writeback","FDCE=1;LUT4=1;LUT5=2;LUT6=1;RAMD64E=1"
544,1.009,5.714,4.360,1.085,3.275,0.751,5,"uop_p3_q_reg[chunk_idx][1]/C","i_vrf/vrf_b0_reg_r1_0_63_9_11/RAMA/I","VRF/read/writeback","FDCE=1;LUT4=1;LUT5=2;LUT6=1;RAMD64E=1"
545,1.009,5.714,4.360,1.085,3.275,0.751,5,"uop_p3_q_reg[chunk_idx][1]/C","i_vrf/vrf_b0_reg_r2_0_63_0_2/RAMA/I","VRF/read/writeback","FDCE=1;LUT4=1;LUT5=2;LUT6=1;RAMD64E=2"
546,1.009,5.714,4.360,1.085,3.275,0.751,5,"uop_p3_q_reg[chunk_idx][1]/C","i_vrf/vrf_b0_reg_r2_0_63_12_14/RAMA/I","VRF/read/writeback","FDCE=1;LUT4=1;LUT5=2;LUT6=1;RAMD64E=2"
547,1.009,5.714,4.360,1.085,3.275,0.751,5,"uop_p3_q_reg[chunk_idx][1]/C","i_vrf/vrf_b0_reg_r2_0_63_15_17/RAMA/I","VRF/read/writeback","FDCE=1;LUT4=1;LUT5=2;LUT6=1;RAMD64E=2"
548,1.009,5.714,4.360,1.085,3.275,0.751,5,"uop_p3_q_reg[chunk_idx][1]/C","i_vrf/vrf_b0_reg_r2_0_63_18_20/RAMA/I","VRF/read/writeback","FDCE=1;LUT4=1;LUT5=2;LUT6=1;RAMD64E=2"
549,1.009,5.714,4.360,1.085,3.275,0.751,5,"uop_p3_q_reg[chunk_idx][1]/C","i_vrf/vrf_b0_reg_r2_0_63_21_23/RAMA/I","VRF/read/writeback","FDCE=1;LUT4=1;LUT5=2;LUT6=1;RAMD64E=2"
550,1.009,5.714,4.360,1.085,3.275,0.751,5,"uop_p3_q_reg[chunk_idx][1]/C","i_vrf/vrf_b0_reg_r2_0_63_24_26/RAMA/I","VRF/read/writeback","FDCE=1;LUT4=1;LUT5=2;LUT6=1;RAMD64E=2"
551,1.009,5.714,4.360,1.085,3.275,0.751,5,"uop_p3_q_reg[chunk_idx][1]/C","i_vrf/vrf_b0_reg_r2_0_63_27_29/RAMA/I","VRF/read/writeback","FDCE=1;LUT4=1;LUT5=2;LUT6=1;RAMD64E=2"
552,1.009,5.714,4.360,1.085,3.275,0.751,5,"uop_p3_q_reg[chunk_idx][1]/C","i_vrf/vrf_b0_reg_r2_0_63_30_32/RAMA/I","VRF/read/writeback","FDCE=1;LUT4=1;LUT5=2;LUT6=1;RAMD64E=2"
553,1.009,5.714,4.360,1.085,3.275,0.751,5,"uop_p3_q_reg[chunk_idx][1]/C","i_vrf/vrf_b0_reg_r2_0_63_33_35/RAMA/I","VRF/read/writeback","FDCE=1;LUT4=1;LUT5=2;LUT6=1;RAMD64E=2"
554,1.009,5.714,4.360,1.085,3.275,0.751,5,"uop_p3_q_reg[chunk_idx][1]/C","i_vrf/vrf_b0_reg_r2_0_63_36_38/RAMA/I","VRF/read/writeback","FDCE=1;LUT4=1;LUT5=2;LUT6=1;RAMD64E=2"
555,1.009,5.714,4.360,1.085,3.275,0.751,5,"uop_p3_q_reg[chunk_idx][1]/C","i_vrf/vrf_b0_reg_r2_0_63_39_41/RAMA/I","VRF/read/writeback","FDCE=1;LUT4=1;LUT5=2;LUT6=1;RAMD64E=2"
556,1.009,5.714,4.360,1.085,3.275,0.751,5,"uop_p3_q_reg[chunk_idx][1]/C","i_vrf/vrf_b0_reg_r2_0_63_3_5/RAMA/I","VRF/read/writeback","FDCE=1;LUT4=1;LUT5=2;LUT6=1;RAMD64E=2"
557,1.009,5.714,4.360,1.085,3.275,0.751,5,"uop_p3_q_reg[chunk_idx][1]/C","i_vrf/vrf_b0_reg_r2_0_63_42_44/RAMA/I","VRF/read/writeback","FDCE=1;LUT4=1;LUT5=2;LUT6=1;RAMD64E=2"
558,1.009,5.714,4.360,1.085,3.275,0.751,5,"uop_p3_q_reg[chunk_idx][1]/C","i_vrf/vrf_b0_reg_r2_0_63_45_47/RAMA/I","VRF/read/writeback","FDCE=1;LUT4=1;LUT5=2;LUT6=1;RAMD64E=2"
559,1.009,5.714,4.360,1.085,3.275,0.751,5,"uop_p3_q_reg[chunk_idx][1]/C","i_vrf/vrf_b0_reg_r2_0_63_48_50/RAMA/I","VRF/read/writeback","FDCE=1;LUT4=1;LUT5=2;LUT6=1;RAMD64E=2"
560,1.009,5.714,4.360,1.085,3.275,0.751,5,"uop_p3_q_reg[chunk_idx][1]/C","i_vrf/vrf_b0_reg_r2_0_63_51_53/RAMA/I","VRF/read/writeback","FDCE=1;LUT4=1;LUT5=2;LUT6=1;RAMD64E=2"
561,1.009,5.714,4.360,1.085,3.275,0.751,5,"uop_p3_q_reg[chunk_idx][1]/C","i_vrf/vrf_b0_reg_r2_0_63_54_56/RAMA/I","VRF/read/writeback","FDCE=1;LUT4=1;LUT5=2;LUT6=1;RAMD64E=2"
562,1.009,5.714,4.360,1.085,3.275,0.751,5,"uop_p3_q_reg[chunk_idx][1]/C","i_vrf/vrf_b0_reg_r2_0_63_57_59/RAMA/I","VRF/read/writeback","FDCE=1;LUT4=1;LUT5=2;LUT6=1;RAMD64E=2"
563,1.009,5.714,4.360,1.085,3.275,0.751,5,"uop_p3_q_reg[chunk_idx][1]/C","i_vrf/vrf_b0_reg_r2_0_63_60_62/RAMA/I","VRF/read/writeback","FDCE=1;LUT4=1;LUT5=2;LUT6=1;RAMD64E=2"
564,1.009,5.714,4.360,1.085,3.275,0.751,5,"uop_p3_q_reg[chunk_idx][1]/C","i_vrf/vrf_b0_reg_r2_0_63_6_8/RAMA/I","VRF/read/writeback","FDCE=1;LUT4=1;LUT5=2;LUT6=1;RAMD64E=2"
565,1.009,5.714,4.360,1.085,3.275,0.751,5,"uop_p3_q_reg[chunk_idx][1]/C","i_vrf/vrf_b0_reg_r2_0_63_9_11/RAMA/I","VRF/read/writeback","FDCE=1;LUT4=1;LUT5=2;LUT6=1;RAMD64E=2"
566,1.009,5.714,4.360,1.085,3.275,0.751,5,"uop_p3_q_reg[chunk_idx][1]/C","i_vrf/vrf_b1_reg_r1_0_63_0_2/RAMA/I","VRF/read/writeback","FDCE=1;LUT4=1;LUT5=2;LUT6=1;RAMD64E=1"
567,1.009,5.714,4.360,1.085,3.275,0.751,5,"uop_p3_q_reg[chunk_idx][1]/C","i_vrf/vrf_b1_reg_r1_0_63_12_14/RAMA/I","VRF/read/writeback","FDCE=1;LUT4=1;LUT5=2;LUT6=1;RAMD64E=1"
568,1.009,5.714,4.360,1.085,3.275,0.751,5,"uop_p3_q_reg[chunk_idx][1]/C","i_vrf/vrf_b1_reg_r1_0_63_15_17/RAMA/I","VRF/read/writeback","FDCE=1;LUT4=1;LUT5=2;LUT6=1;RAMD64E=1"
569,1.009,5.714,4.360,1.085,3.275,0.751,5,"uop_p3_q_reg[chunk_idx][1]/C","i_vrf/vrf_b1_reg_r1_0_63_18_20/RAMA/I","VRF/read/writeback","FDCE=1;LUT4=1;LUT5=2;LUT6=1;RAMD64E=1"
570,1.009,5.714,4.360,1.085,3.275,0.751,5,"uop_p3_q_reg[chunk_idx][1]/C","i_vrf/vrf_b1_reg_r1_0_63_21_23/RAMA/I","VRF/read/writeback","FDCE=1;LUT4=1;LUT5=2;LUT6=1;RAMD64E=1"
571,1.009,5.714,4.360,1.085,3.275,0.751,5,"uop_p3_q_reg[chunk_idx][1]/C","i_vrf/vrf_b1_reg_r1_0_63_24_26/RAMA/I","VRF/read/writeback","FDCE=1;LUT4=1;LUT5=2;LUT6=1;RAMD64E=1"
572,1.009,5.714,4.360,1.085,3.275,0.751,5,"uop_p3_q_reg[chunk_idx][1]/C","i_vrf/vrf_b1_reg_r1_0_63_27_29/RAMA/I","VRF/read/writeback","FDCE=1;LUT4=1;LUT5=2;LUT6=1;RAMD64E=1"
573,1.009,5.714,4.360,1.085,3.275,0.751,5,"uop_p3_q_reg[chunk_idx][1]/C","i_vrf/vrf_b1_reg_r1_0_63_30_32/RAMA/I","VRF/read/writeback","FDCE=1;LUT4=1;LUT5=2;LUT6=1;RAMD64E=1"
574,1.009,5.714,4.360,1.085,3.275,0.751,5,"uop_p3_q_reg[chunk_idx][1]/C","i_vrf/vrf_b1_reg_r1_0_63_33_35/RAMA/I","VRF/read/writeback","FDCE=1;LUT4=1;LUT5=2;LUT6=1;RAMD64E=1"
575,1.009,5.714,4.360,1.085,3.275,0.751,5,"uop_p3_q_reg[chunk_idx][1]/C","i_vrf/vrf_b1_reg_r1_0_63_36_38/RAMA/I","VRF/read/writeback","FDCE=1;LUT4=1;LUT5=2;LUT6=1;RAMD64E=1"
576,1.009,5.714,4.360,1.085,3.275,0.751,5,"uop_p3_q_reg[chunk_idx][1]/C","i_vrf/vrf_b1_reg_r1_0_63_39_41/RAMA/I","VRF/read/writeback","FDCE=1;LUT4=1;LUT5=2;LUT6=1;RAMD64E=1"
577,1.009,5.714,4.360,1.085,3.275,0.751,5,"uop_p3_q_reg[chunk_idx][1]/C","i_vrf/vrf_b1_reg_r1_0_63_3_5/RAMA/I","VRF/read/writeback","FDCE=1;LUT4=1;LUT5=2;LUT6=1;RAMD64E=1"
578,1.009,5.714,4.360,1.085,3.275,0.751,5,"uop_p3_q_reg[chunk_idx][1]/C","i_vrf/vrf_b1_reg_r1_0_63_42_44/RAMA/I","VRF/read/writeback","FDCE=1;LUT4=1;LUT5=2;LUT6=1;RAMD64E=1"
579,1.009,5.714,4.360,1.085,3.275,0.751,5,"uop_p3_q_reg[chunk_idx][1]/C","i_vrf/vrf_b1_reg_r1_0_63_45_47/RAMA/I","VRF/read/writeback","FDCE=1;LUT4=1;LUT5=2;LUT6=1;RAMD64E=1"
580,1.009,5.714,4.360,1.085,3.275,0.751,5,"uop_p3_q_reg[chunk_idx][1]/C","i_vrf/vrf_b1_reg_r1_0_63_48_50/RAMA/I","VRF/read/writeback","FDCE=1;LUT4=1;LUT5=2;LUT6=1;RAMD64E=1"
581,1.009,5.714,4.360,1.085,3.275,0.751,5,"uop_p3_q_reg[chunk_idx][1]/C","i_vrf/vrf_b1_reg_r1_0_63_51_53/RAMA/I","VRF/read/writeback","FDCE=1;LUT4=1;LUT5=2;LUT6=1;RAMD64E=1"
582,1.009,5.714,4.360,1.085,3.275,0.751,5,"uop_p3_q_reg[chunk_idx][1]/C","i_vrf/vrf_b1_reg_r1_0_63_54_56/RAMA/I","VRF/read/writeback","FDCE=1;LUT4=1;LUT5=2;LUT6=1;RAMD64E=1"
583,1.009,5.714,4.360,1.085,3.275,0.751,5,"uop_p3_q_reg[chunk_idx][1]/C","i_vrf/vrf_b1_reg_r1_0_63_57_59/RAMA/I","VRF/read/writeback","FDCE=1;LUT4=1;LUT5=2;LUT6=1;RAMD64E=1"
584,1.009,5.714,4.360,1.085,3.275,0.751,5,"uop_p3_q_reg[chunk_idx][1]/C","i_vrf/vrf_b1_reg_r1_0_63_60_62/RAMA/I","VRF/read/writeback","FDCE=1;LUT4=1;LUT5=2;LUT6=1;RAMD64E=1"
585,1.009,5.714,4.360,1.085,3.275,0.751,5,"uop_p3_q_reg[chunk_idx][1]/C","i_vrf/vrf_b1_reg_r1_0_63_6_8/RAMA/I","VRF/read/writeback","FDCE=1;LUT4=1;LUT5=2;LUT6=1;RAMD64E=1"
586,1.009,5.714,4.360,1.085,3.275,0.751,5,"uop_p3_q_reg[chunk_idx][1]/C","i_vrf/vrf_b1_reg_r1_0_63_9_11/RAMA/I","VRF/read/writeback","FDCE=1;LUT4=1;LUT5=2;LUT6=1;RAMD64E=1"
587,1.009,5.714,4.360,1.085,3.275,0.751,5,"uop_p3_q_reg[chunk_idx][1]/C","i_vrf/vrf_b1_reg_r2_0_63_0_2/RAMA/I","VRF/read/writeback","FDCE=1;LUT4=1;LUT5=2;LUT6=1;RAMD64E=2"
588,1.009,5.714,4.360,1.085,3.275,0.751,5,"uop_p3_q_reg[chunk_idx][1]/C","i_vrf/vrf_b1_reg_r2_0_63_12_14/RAMA/I","VRF/read/writeback","FDCE=1;LUT4=1;LUT5=2;LUT6=1;RAMD64E=2"
589,1.009,5.714,4.360,1.085,3.275,0.751,5,"uop_p3_q_reg[chunk_idx][1]/C","i_vrf/vrf_b1_reg_r2_0_63_15_17/RAMA/I","VRF/read/writeback","FDCE=1;LUT4=1;LUT5=2;LUT6=1;RAMD64E=2"
590,1.009,5.714,4.360,1.085,3.275,0.751,5,"uop_p3_q_reg[chunk_idx][1]/C","i_vrf/vrf_b1_reg_r2_0_63_18_20/RAMA/I","VRF/read/writeback","FDCE=1;LUT4=1;LUT5=2;LUT6=1;RAMD64E=2"
591,1.009,5.714,4.360,1.085,3.275,0.751,5,"uop_p3_q_reg[chunk_idx][1]/C","i_vrf/vrf_b1_reg_r2_0_63_21_23/RAMA/I","VRF/read/writeback","FDCE=1;LUT4=1;LUT5=2;LUT6=1;RAMD64E=2"
592,1.009,5.714,4.360,1.085,3.275,0.751,5,"uop_p3_q_reg[chunk_idx][1]/C","i_vrf/vrf_b1_reg_r2_0_63_24_26/RAMA/I","VRF/read/writeback","FDCE=1;LUT4=1;LUT5=2;LUT6=1;RAMD64E=2"
593,1.009,5.714,4.360,1.085,3.275,0.751,5,"uop_p3_q_reg[chunk_idx][1]/C","i_vrf/vrf_b1_reg_r2_0_63_27_29/RAMA/I","VRF/read/writeback","FDCE=1;LUT4=1;LUT5=2;LUT6=1;RAMD64E=2"
594,1.009,5.714,4.360,1.085,3.275,0.751,5,"uop_p3_q_reg[chunk_idx][1]/C","i_vrf/vrf_b1_reg_r2_0_63_30_32/RAMA/I","VRF/read/writeback","FDCE=1;LUT4=1;LUT5=2;LUT6=1;RAMD64E=2"
595,1.009,5.714,4.360,1.085,3.275,0.751,5,"uop_p3_q_reg[chunk_idx][1]/C","i_vrf/vrf_b1_reg_r2_0_63_33_35/RAMA/I","VRF/read/writeback","FDCE=1;LUT4=1;LUT5=2;LUT6=1;RAMD64E=2"
596,1.009,5.714,4.360,1.085,3.275,0.751,5,"uop_p3_q_reg[chunk_idx][1]/C","i_vrf/vrf_b1_reg_r2_0_63_36_38/RAMA/I","VRF/read/writeback","FDCE=1;LUT4=1;LUT5=2;LUT6=1;RAMD64E=2"
597,1.009,5.714,4.360,1.085,3.275,0.751,5,"uop_p3_q_reg[chunk_idx][1]/C","i_vrf/vrf_b1_reg_r2_0_63_39_41/RAMA/I","VRF/read/writeback","FDCE=1;LUT4=1;LUT5=2;LUT6=1;RAMD64E=2"
598,1.009,5.714,4.360,1.085,3.275,0.751,5,"uop_p3_q_reg[chunk_idx][1]/C","i_vrf/vrf_b1_reg_r2_0_63_3_5/RAMA/I","VRF/read/writeback","FDCE=1;LUT4=1;LUT5=2;LUT6=1;RAMD64E=2"
599,1.009,5.714,4.360,1.085,3.275,0.751,5,"uop_p3_q_reg[chunk_idx][1]/C","i_vrf/vrf_b1_reg_r2_0_63_42_44/RAMA/I","VRF/read/writeback","FDCE=1;LUT4=1;LUT5=2;LUT6=1;RAMD64E=2"
600,1.009,5.714,4.360,1.085,3.275,0.751,5,"uop_p3_q_reg[chunk_idx][1]/C","i_vrf/vrf_b1_reg_r2_0_63_45_47/RAMA/I","VRF/read/writeback","FDCE=1;LUT4=1;LUT5=2;LUT6=1;RAMD64E=2"
601,1.009,5.714,4.360,1.085,3.275,0.751,5,"uop_p3_q_reg[chunk_idx][1]/C","i_vrf/vrf_b1_reg_r2_0_63_48_50/RAMA/I","VRF/read/writeback","FDCE=1;LUT4=1;LUT5=2;LUT6=1;RAMD64E=2"
602,1.009,5.714,4.360,1.085,3.275,0.751,5,"uop_p3_q_reg[chunk_idx][1]/C","i_vrf/vrf_b1_reg_r2_0_63_51_53/RAMA/I","VRF/read/writeback","FDCE=1;LUT4=1;LUT5=2;LUT6=1;RAMD64E=2"
603,1.009,5.714,4.360,1.085,3.275,0.751,5,"uop_p3_q_reg[chunk_idx][1]/C","i_vrf/vrf_b1_reg_r2_0_63_54_56/RAMA/I","VRF/read/writeback","FDCE=1;LUT4=1;LUT5=2;LUT6=1;RAMD64E=2"
604,1.009,5.714,4.360,1.085,3.275,0.751,5,"uop_p3_q_reg[chunk_idx][1]/C","i_vrf/vrf_b1_reg_r2_0_63_57_59/RAMA/I","VRF/read/writeback","FDCE=1;LUT4=1;LUT5=2;LUT6=1;RAMD64E=2"
605,1.009,5.714,4.360,1.085,3.275,0.751,5,"uop_p3_q_reg[chunk_idx][1]/C","i_vrf/vrf_b1_reg_r2_0_63_60_62/RAMA/I","VRF/read/writeback","FDCE=1;LUT4=1;LUT5=2;LUT6=1;RAMD64E=2"
606,1.009,5.714,4.360,1.085,3.275,0.751,5,"uop_p3_q_reg[chunk_idx][1]/C","i_vrf/vrf_b1_reg_r2_0_63_6_8/RAMA/I","VRF/read/writeback","FDCE=1;LUT4=1;LUT5=2;LUT6=1;RAMD64E=2"
607,1.009,5.714,4.360,1.085,3.275,0.751,5,"uop_p3_q_reg[chunk_idx][1]/C","i_vrf/vrf_b1_reg_r2_0_63_9_11/RAMA/I","VRF/read/writeback","FDCE=1;LUT4=1;LUT5=2;LUT6=1;RAMD64E=2"
608,1.009,5.714,4.360,1.085,3.275,0.751,5,"uop_p3_q_reg[chunk_idx][1]/C","i_vrf/vrf_b3_reg_r1_0_63_0_2/RAMA/I","VRF/read/writeback","FDCE=1;LUT4=1;LUT5=2;LUT6=1;RAMD64E=1"
609,1.009,5.714,4.360,1.085,3.275,0.751,5,"uop_p3_q_reg[chunk_idx][1]/C","i_vrf/vrf_b3_reg_r1_0_63_12_14/RAMA/I","VRF/read/writeback","FDCE=1;LUT4=1;LUT5=2;LUT6=1;RAMD64E=1"
610,1.009,5.714,4.360,1.085,3.275,0.751,5,"uop_p3_q_reg[chunk_idx][1]/C","i_vrf/vrf_b3_reg_r1_0_63_15_17/RAMA/I","VRF/read/writeback","FDCE=1;LUT4=1;LUT5=2;LUT6=1;RAMD64E=1"
611,1.009,5.714,4.360,1.085,3.275,0.751,5,"uop_p3_q_reg[chunk_idx][1]/C","i_vrf/vrf_b3_reg_r1_0_63_18_20/RAMA/I","VRF/read/writeback","FDCE=1;LUT4=1;LUT5=2;LUT6=1;RAMD64E=1"
612,1.009,5.714,4.360,1.085,3.275,0.751,5,"uop_p3_q_reg[chunk_idx][1]/C","i_vrf/vrf_b3_reg_r1_0_63_21_23/RAMA/I","VRF/read/writeback","FDCE=1;LUT4=1;LUT5=2;LUT6=1;RAMD64E=1"
613,1.009,5.714,4.360,1.085,3.275,0.751,5,"uop_p3_q_reg[chunk_idx][1]/C","i_vrf/vrf_b3_reg_r1_0_63_24_26/RAMA/I","VRF/read/writeback","FDCE=1;LUT4=1;LUT5=2;LUT6=1;RAMD64E=1"
614,1.009,5.714,4.360,1.085,3.275,0.751,5,"uop_p3_q_reg[chunk_idx][1]/C","i_vrf/vrf_b3_reg_r1_0_63_27_29/RAMA/I","VRF/read/writeback","FDCE=1;LUT4=1;LUT5=2;LUT6=1;RAMD64E=1"
615,1.009,5.714,4.360,1.085,3.275,0.751,5,"uop_p3_q_reg[chunk_idx][1]/C","i_vrf/vrf_b3_reg_r1_0_63_30_32/RAMA/I","VRF/read/writeback","FDCE=1;LUT4=1;LUT5=2;LUT6=1;RAMD64E=1"
616,1.009,5.714,4.360,1.085,3.275,0.751,5,"uop_p3_q_reg[chunk_idx][1]/C","i_vrf/vrf_b3_reg_r1_0_63_33_35/RAMA/I","VRF/read/writeback","FDCE=1;LUT4=1;LUT5=2;LUT6=1;RAMD64E=1"
617,1.009,5.714,4.360,1.085,3.275,0.751,5,"uop_p3_q_reg[chunk_idx][1]/C","i_vrf/vrf_b3_reg_r1_0_63_36_38/RAMA/I","VRF/read/writeback","FDCE=1;LUT4=1;LUT5=2;LUT6=1;RAMD64E=1"
618,1.009,5.714,4.360,1.085,3.275,0.751,5,"uop_p3_q_reg[chunk_idx][1]/C","i_vrf/vrf_b3_reg_r1_0_63_39_41/RAMA/I","VRF/read/writeback","FDCE=1;LUT4=1;LUT5=2;LUT6=1;RAMD64E=1"
619,1.009,5.714,4.360,1.085,3.275,0.751,5,"uop_p3_q_reg[chunk_idx][1]/C","i_vrf/vrf_b3_reg_r1_0_63_3_5/RAMA/I","VRF/read/writeback","FDCE=1;LUT4=1;LUT5=2;LUT6=1;RAMD64E=1"
620,1.009,5.714,4.360,1.085,3.275,0.751,5,"uop_p3_q_reg[chunk_idx][1]/C","i_vrf/vrf_b3_reg_r1_0_63_42_44/RAMA/I","VRF/read/writeback","FDCE=1;LUT4=1;LUT5=2;LUT6=1;RAMD64E=1"
621,1.009,5.714,4.360,1.085,3.275,0.751,5,"uop_p3_q_reg[chunk_idx][1]/C","i_vrf/vrf_b3_reg_r1_0_63_45_47/RAMA/I","VRF/read/writeback","FDCE=1;LUT4=1;LUT5=2;LUT6=1;RAMD64E=1"
622,1.009,5.714,4.360,1.085,3.275,0.751,5,"uop_p3_q_reg[chunk_idx][1]/C","i_vrf/vrf_b3_reg_r1_0_63_48_50/RAMA/I","VRF/read/writeback","FDCE=1;LUT4=1;LUT5=2;LUT6=1;RAMD64E=1"
623,1.009,5.714,4.360,1.085,3.275,0.751,5,"uop_p3_q_reg[chunk_idx][1]/C","i_vrf/vrf_b3_reg_r1_0_63_51_53/RAMA/I","VRF/read/writeback","FDCE=1;LUT4=1;LUT5=2;LUT6=1;RAMD64E=1"
624,1.009,5.714,4.360,1.085,3.275,0.751,5,"uop_p3_q_reg[chunk_idx][1]/C","i_vrf/vrf_b3_reg_r1_0_63_54_56/RAMA/I","VRF/read/writeback","FDCE=1;LUT4=1;LUT5=2;LUT6=1;RAMD64E=1"
625,1.009,5.714,4.360,1.085,3.275,0.751,5,"uop_p3_q_reg[chunk_idx][1]/C","i_vrf/vrf_b3_reg_r1_0_63_57_59/RAMA/I","VRF/read/writeback","FDCE=1;LUT4=1;LUT5=2;LUT6=1;RAMD64E=1"
626,1.009,5.714,4.360,1.085,3.275,0.751,5,"uop_p3_q_reg[chunk_idx][1]/C","i_vrf/vrf_b3_reg_r1_0_63_60_62/RAMA/I","VRF/read/writeback","FDCE=1;LUT4=1;LUT5=2;LUT6=1;RAMD64E=1"
627,1.009,5.714,4.360,1.085,3.275,0.751,5,"uop_p3_q_reg[chunk_idx][1]/C","i_vrf/vrf_b3_reg_r1_0_63_6_8/RAMA/I","VRF/read/writeback","FDCE=1;LUT4=1;LUT5=2;LUT6=1;RAMD64E=1"
628,1.009,5.714,4.360,1.085,3.275,0.751,5,"uop_p3_q_reg[chunk_idx][1]/C","i_vrf/vrf_b3_reg_r1_0_63_9_11/RAMA/I","VRF/read/writeback","FDCE=1;LUT4=1;LUT5=2;LUT6=1;RAMD64E=1"
629,1.009,5.714,4.360,1.085,3.275,0.751,5,"uop_p3_q_reg[chunk_idx][1]/C","i_vrf/vrf_b3_reg_r2_0_63_0_2/RAMA/I","VRF/read/writeback","FDCE=1;LUT4=1;LUT5=2;LUT6=1;RAMD64E=2"
630,1.009,5.714,4.360,1.085,3.275,0.751,5,"uop_p3_q_reg[chunk_idx][1]/C","i_vrf/vrf_b3_reg_r2_0_63_12_14/RAMA/I","VRF/read/writeback","FDCE=1;LUT4=1;LUT5=2;LUT6=1;RAMD64E=2"
631,1.009,5.714,4.360,1.085,3.275,0.751,5,"uop_p3_q_reg[chunk_idx][1]/C","i_vrf/vrf_b3_reg_r2_0_63_15_17/RAMA/I","VRF/read/writeback","FDCE=1;LUT4=1;LUT5=2;LUT6=1;RAMD64E=2"
632,1.009,5.714,4.360,1.085,3.275,0.751,5,"uop_p3_q_reg[chunk_idx][1]/C","i_vrf/vrf_b3_reg_r2_0_63_18_20/RAMA/I","VRF/read/writeback","FDCE=1;LUT4=1;LUT5=2;LUT6=1;RAMD64E=2"
633,1.009,5.714,4.360,1.085,3.275,0.751,5,"uop_p3_q_reg[chunk_idx][1]/C","i_vrf/vrf_b3_reg_r2_0_63_21_23/RAMA/I","VRF/read/writeback","FDCE=1;LUT4=1;LUT5=2;LUT6=1;RAMD64E=2"
634,1.009,5.714,4.360,1.085,3.275,0.751,5,"uop_p3_q_reg[chunk_idx][1]/C","i_vrf/vrf_b3_reg_r2_0_63_24_26/RAMA/I","VRF/read/writeback","FDCE=1;LUT4=1;LUT5=2;LUT6=1;RAMD64E=2"
635,1.009,5.714,4.360,1.085,3.275,0.751,5,"uop_p3_q_reg[chunk_idx][1]/C","i_vrf/vrf_b3_reg_r2_0_63_27_29/RAMA/I","VRF/read/writeback","FDCE=1;LUT4=1;LUT5=2;LUT6=1;RAMD64E=2"
636,1.009,5.714,4.360,1.085,3.275,0.751,5,"uop_p3_q_reg[chunk_idx][1]/C","i_vrf/vrf_b3_reg_r2_0_63_30_32/RAMA/I","VRF/read/writeback","FDCE=1;LUT4=1;LUT5=2;LUT6=1;RAMD64E=2"
637,1.009,5.714,4.360,1.085,3.275,0.751,5,"uop_p3_q_reg[chunk_idx][1]/C","i_vrf/vrf_b3_reg_r2_0_63_33_35/RAMA/I","VRF/read/writeback","FDCE=1;LUT4=1;LUT5=2;LUT6=1;RAMD64E=2"
638,1.009,5.714,4.360,1.085,3.275,0.751,5,"uop_p3_q_reg[chunk_idx][1]/C","i_vrf/vrf_b3_reg_r2_0_63_36_38/RAMA/I","VRF/read/writeback","FDCE=1;LUT4=1;LUT5=2;LUT6=1;RAMD64E=2"
639,1.009,5.714,4.360,1.085,3.275,0.751,5,"uop_p3_q_reg[chunk_idx][1]/C","i_vrf/vrf_b3_reg_r2_0_63_39_41/RAMA/I","VRF/read/writeback","FDCE=1;LUT4=1;LUT5=2;LUT6=1;RAMD64E=2"
640,1.009,5.714,4.360,1.085,3.275,0.751,5,"uop_p3_q_reg[chunk_idx][1]/C","i_vrf/vrf_b3_reg_r2_0_63_3_5/RAMA/I","VRF/read/writeback","FDCE=1;LUT4=1;LUT5=2;LUT6=1;RAMD64E=2"
641,1.009,5.714,4.360,1.085,3.275,0.751,5,"uop_p3_q_reg[chunk_idx][1]/C","i_vrf/vrf_b3_reg_r2_0_63_42_44/RAMA/I","VRF/read/writeback","FDCE=1;LUT4=1;LUT5=2;LUT6=1;RAMD64E=2"
642,1.009,5.714,4.360,1.085,3.275,0.751,5,"uop_p3_q_reg[chunk_idx][1]/C","i_vrf/vrf_b3_reg_r2_0_63_45_47/RAMA/I","VRF/read/writeback","FDCE=1;LUT4=1;LUT5=2;LUT6=1;RAMD64E=2"
643,1.009,5.714,4.360,1.085,3.275,0.751,5,"uop_p3_q_reg[chunk_idx][1]/C","i_vrf/vrf_b3_reg_r2_0_63_48_50/RAMA/I","VRF/read/writeback","FDCE=1;LUT4=1;LUT5=2;LUT6=1;RAMD64E=2"
644,1.009,5.714,4.360,1.085,3.275,0.751,5,"uop_p3_q_reg[chunk_idx][1]/C","i_vrf/vrf_b3_reg_r2_0_63_51_53/RAMA/I","VRF/read/writeback","FDCE=1;LUT4=1;LUT5=2;LUT6=1;RAMD64E=2"
645,1.009,5.714,4.360,1.085,3.275,0.751,5,"uop_p3_q_reg[chunk_idx][1]/C","i_vrf/vrf_b3_reg_r2_0_63_54_56/RAMA/I","VRF/read/writeback","FDCE=1;LUT4=1;LUT5=2;LUT6=1;RAMD64E=2"
646,1.009,5.714,4.360,1.085,3.275,0.751,5,"uop_p3_q_reg[chunk_idx][1]/C","i_vrf/vrf_b3_reg_r2_0_63_57_59/RAMA/I","VRF/read/writeback","FDCE=1;LUT4=1;LUT5=2;LUT6=1;RAMD64E=2"
647,1.009,5.714,4.360,1.085,3.275,0.751,5,"uop_p3_q_reg[chunk_idx][1]/C","i_vrf/vrf_b3_reg_r2_0_63_60_62/RAMA/I","VRF/read/writeback","FDCE=1;LUT4=1;LUT5=2;LUT6=1;RAMD64E=2"
648,1.009,5.714,4.360,1.085,3.275,0.751,5,"uop_p3_q_reg[chunk_idx][1]/C","i_vrf/vrf_b3_reg_r2_0_63_6_8/RAMA/I","VRF/read/writeback","FDCE=1;LUT4=1;LUT5=2;LUT6=1;RAMD64E=2"
649,1.009,5.714,4.360,1.085,3.275,0.751,5,"uop_p3_q_reg[chunk_idx][1]/C","i_vrf/vrf_b3_reg_r2_0_63_9_11/RAMA/I","VRF/read/writeback","FDCE=1;LUT4=1;LUT5=2;LUT6=1;RAMD64E=2"
650,1.036,5.714,4.675,2.544,2.131,0.456,9,"gen_lane[2].i_p2_pop_slice/popcount_q_o_reg[2]/C","hsim_total_q_reg[9]/D","HMATCH reduction/compare","CARRY4=4;FDCE=2;LUT2=2;LUT3=1;LUT5=1;LUT6=1"
651,1.046,5.714,4.665,2.245,2.420,0.519,7,"gen_lane[2].i_p2_pop_slice/popcount_q_o_reg[2]/C","hsim_total_q_reg[7]/D","HMATCH reduction/compare","CARRY4=3;FDCE=2;LUT2=2;LUT3=1;LUT5=1"
652,1.110,5.714,4.373,1.085,3.288,0.752,5,"uop_p3_q_reg[chunk_idx][1]/C","i_vrf/vrf_b0_reg_r1_0_63_63_63/SP/I","VRF/read/writeback","FDCE=1;LUT4=1;LUT5=2;LUT6=1;RAMD64E=2"
653,1.110,5.714,4.373,1.085,3.288,0.752,5,"uop_p3_q_reg[chunk_idx][1]/C","i_vrf/vrf_b0_reg_r2_0_63_63_63/SP/I","VRF/read/writeback","FDCE=1;LUT4=1;LUT5=2;LUT6=1;RAMD64E=2"
654,1.110,5.714,4.373,1.085,3.288,0.752,5,"uop_p3_q_reg[chunk_idx][1]/C","i_vrf/vrf_b1_reg_r1_0_63_63_63/SP/I","VRF/read/writeback","FDCE=1;LUT4=1;LUT5=2;LUT6=1;RAMD64E=2"
655,1.110,5.714,4.373,1.085,3.288,0.752,5,"uop_p3_q_reg[chunk_idx][1]/C","i_vrf/vrf_b1_reg_r2_0_63_63_63/SP/I","VRF/read/writeback","FDCE=1;LUT4=1;LUT5=2;LUT6=1;RAMD64E=2"
656,1.110,5.714,4.373,1.085,3.288,0.752,5,"uop_p3_q_reg[chunk_idx][1]/C","i_vrf/vrf_b3_reg_r1_0_63_63_63/SP/I","VRF/read/writeback","FDCE=1;LUT4=1;LUT5=2;LUT6=1;RAMD64E=2"
657,1.110,5.714,4.373,1.085,3.288,0.752,5,"uop_p3_q_reg[chunk_idx][1]/C","i_vrf/vrf_b3_reg_r2_0_63_63_63/SP/I","VRF/read/writeback","FDCE=1;LUT4=1;LUT5=2;LUT6=1;RAMD64E=2"
658,1.123,5.714,4.588,2.457,2.131,0.464,9,"gen_lane[2].i_p2_pop_slice/popcount_q_o_reg[2]/C","hsim_total_q_reg[8]/D","HMATCH reduction/compare","CARRY4=4;FDCE=2;LUT2=2;LUT3=1;LUT5=1;LUT6=1"
659,1.155,5.714,4.348,1.846,2.502,0.575,6,"a_q_reg[4]/C","hmatch_best_dist_q_reg[0]/CE","HMATCH reduction/compare","CARRY4=2;FDCE=2;LUT4=2;LUT6=2"
660,1.155,5.714,4.348,1.846,2.502,0.575,6,"a_q_reg[4]/C","hmatch_best_dist_q_reg[10]/CE","HMATCH reduction/compare","CARRY4=2;FDCE=2;LUT4=2;LUT6=2"
661,1.155,5.714,4.348,1.846,2.502,0.575,6,"a_q_reg[4]/C","hmatch_best_dist_q_reg[1]/CE","HMATCH reduction/compare","CARRY4=2;FDCE=2;LUT4=2;LUT6=2"
662,1.155,5.714,4.348,1.846,2.502,0.575,6,"a_q_reg[4]/C","hmatch_best_dist_q_reg[2]/CE","HMATCH reduction/compare","CARRY4=2;FDCE=2;LUT4=2;LUT6=2"
663,1.155,5.714,4.348,1.846,2.502,0.575,6,"a_q_reg[4]/C","hmatch_best_dist_q_reg[3]/CE","HMATCH reduction/compare","CARRY4=2;FDCE=2;LUT4=2;LUT6=2"
664,1.155,5.714,4.348,1.846,2.502,0.575,6,"a_q_reg[4]/C","hmatch_best_dist_q_reg[4]/CE","HMATCH reduction/compare","CARRY4=2;FDCE=2;LUT4=2;LUT6=2"
665,1.155,5.714,4.348,1.846,2.502,0.575,6,"a_q_reg[4]/C","hmatch_best_dist_q_reg[5]/CE","HMATCH reduction/compare","CARRY4=2;FDCE=2;LUT4=2;LUT6=2"
666,1.155,5.714,4.348,1.846,2.502,0.575,6,"a_q_reg[4]/C","hmatch_best_dist_q_reg[6]/CE","HMATCH reduction/compare","CARRY4=2;FDCE=2;LUT4=2;LUT6=2"
667,1.155,5.714,4.348,1.846,2.502,0.575,6,"a_q_reg[4]/C","hmatch_best_dist_q_reg[7]/CE","HMATCH reduction/compare","CARRY4=2;FDCE=2;LUT4=2;LUT6=2"
668,1.155,5.714,4.348,1.846,2.502,0.575,6,"a_q_reg[4]/C","hmatch_best_dist_q_reg[8]/CE","HMATCH reduction/compare","CARRY4=2;FDCE=2;LUT4=2;LUT6=2"
669,1.155,5.714,4.348,1.846,2.502,0.575,6,"a_q_reg[4]/C","hmatch_best_dist_q_reg[9]/CE","HMATCH reduction/compare","CARRY4=2;FDCE=2;LUT4=2;LUT6=2"
670,1.285,5.714,4.426,2.176,2.250,0.508,7,"gen_lane[2].i_p2_pop_slice/popcount_q_o_reg[2]/C","hsim_total_q_reg[6]/D","HMATCH reduction/compare","CARRY4=3;FDCE=2;LUT2=2;LUT3=1;LUT5=1"
671,1.286,5.714,4.425,1.951,2.474,0.559,7,"a_q_reg[4]/C","uop_p0_q_reg[arch_op][0]/D","TOP control","CARRY4=2;FDCE=2;LUT4=2;LUT5=1;LUT6=2"
672,1.286,5.714,4.425,1.951,2.474,0.559,7,"a_q_reg[4]/C","uop_p0_q_reg[class_count][2]/D","TOP control","CARRY4=2;FDCE=2;LUT4=3;LUT6=2"
673,1.286,5.714,4.425,1.951,2.474,0.559,7,"a_q_reg[4]/C","uop_p0_q_reg[class_count][3]/D","TOP control","CARRY4=2;FDCE=2;LUT4=3;LUT6=2"
674,1.286,5.714,4.425,1.951,2.474,0.559,7,"a_q_reg[4]/C","uop_p0_q_reg[class_count][4]/D","TOP control","CARRY4=2;FDCE=2;LUT4=3;LUT6=2"
675,1.286,5.714,4.425,1.951,2.474,0.559,7,"a_q_reg[4]/C","uop_p0_q_reg[class_count][5]/D","TOP control","CARRY4=2;FDCE=2;LUT4=3;LUT6=2"
676,1.286,5.714,4.425,1.951,2.474,0.559,7,"a_q_reg[4]/C","uop_p0_q_reg[class_count][6]/D","TOP control","CARRY4=2;FDCE=2;LUT4=3;LUT6=2"
677,1.286,5.714,4.425,1.951,2.474,0.559,7,"a_q_reg[4]/C","uop_p0_q_reg[class_count][7]/D","TOP control","CARRY4=2;FDCE=2;LUT4=3;LUT6=2"
678,1.309,5.714,4.402,1.951,2.451,0.557,7,"a_q_reg[4]/C","uop_p0_q_reg[op_type][1]/D","TOP control","CARRY4=2;FDCE=2;LUT4=3;LUT6=2"
679,1.309,5.714,4.402,1.951,2.451,0.557,7,"a_q_reg[4]/C","uop_p0_q_reg[src0_addr][3]/D","TOP control","CARRY4=2;FDCE=2;LUT3=1;LUT4=2;LUT6=2"
680,1.309,5.714,4.402,1.951,2.451,0.557,7,"a_q_reg[4]/C","uop_p0_q_reg[src0_base][2]/D","TOP control","CARRY4=2;FDCE=2;LUT3=1;LUT4=2;LUT6=2"
681,1.309,5.714,4.402,1.951,2.451,0.557,7,"a_q_reg[4]/C","uop_p0_q_reg[src0_base][3]/D","TOP control","CARRY4=2;FDCE=2;LUT3=1;LUT4=2;LUT6=2"
682,1.309,5.714,4.402,1.951,2.451,0.557,7,"a_q_reg[4]/C","uop_p0_q_reg[src0_base][4]/D","TOP control","CARRY4=2;FDCE=2;LUT4=3;LUT6=2"
683,1.309,5.714,4.402,1.951,2.451,0.557,7,"a_q_reg[4]/C","uop_p0_q_reg[src0_base][5]/D","TOP control","CARRY4=2;FDCE=2;LUT4=3;LUT6=2"
684,1.316,5.714,4.395,1.951,2.444,0.556,7,"a_q_reg[4]/C","FSM_onehot_st_q_reg[10]/D","TOP control","CARRY4=2;FDCE=2;LUT4=2;LUT6=3"
685,1.316,5.714,4.395,1.951,2.444,0.556,7,"a_q_reg[4]/C","FSM_onehot_st_q_reg[4]/D","TOP control","CARRY4=2;FDCE=2;LUT4=2;LUT6=3"
686,1.316,5.714,4.395,1.951,2.444,0.556,7,"a_q_reg[4]/C","uop_p0_q_reg[class_count][0]/D","TOP control","CARRY4=2;FDCE=2;LUT4=2;LUT5=2;LUT6=1"
687,1.316,5.714,4.395,1.951,2.444,0.556,7,"a_q_reg[4]/C","uop_p0_q_reg[class_count][1]/D","TOP control","CARRY4=2;FDCE=2;LUT4=2;LUT5=2;LUT6=1"
688,1.316,5.714,4.395,1.951,2.444,0.556,7,"a_q_reg[4]/C","uop_p0_q_reg[src1_addr][2]/D","TOP control","CARRY4=2;FDCE=2;LUT4=2;LUT6=3"
689,1.316,5.714,4.395,1.951,2.444,0.556,7,"a_q_reg[4]/C","uop_p0_q_reg[src1_addr][3]/D","TOP control","CARRY4=2;FDCE=2;LUT4=2;LUT6=3"
690,1.316,5.714,4.395,1.951,2.444,0.556,7,"a_q_reg[4]/C","uop_p0_q_reg[src1_base][2]/D","TOP control","CARRY4=2;FDCE=2;LUT4=2;LUT6=3"
691,1.316,5.714,4.395,1.951,2.444,0.556,7,"a_q_reg[4]/C","uop_p0_q_reg[src1_base][3]/D","TOP control","CARRY4=2;FDCE=2;LUT4=2;LUT5=1;LUT6=2"
692,1.316,5.714,4.395,1.951,2.444,0.556,7,"a_q_reg[4]/C","uop_p0_q_reg[valid]/D","TOP control","CARRY4=2;FDCE=2;LUT4=2;LUT6=3"
693,1.327,5.714,4.384,1.951,2.433,0.555,7,"a_q_reg[4]/C","uop_p0_q_reg[arch_op][3]/D","TOP control","CARRY4=2;FDCE=2;LUT4=3;LUT6=2"
694,1.327,5.714,4.384,1.951,2.433,0.555,7,"a_q_reg[4]/C","uop_p0_q_reg[is_last_class]/D","TOP control","CARRY4=2;FDCE=2;LUT4=2;LUT6=3"
695,1.327,5.714,4.384,1.951,2.433,0.555,7,"a_q_reg[4]/C","uop_p0_q_reg[op_type][0]/D","TOP control","CARRY4=2;FDCE=2;LUT4=3;LUT6=2"
696,1.327,5.714,4.384,1.951,2.433,0.555,7,"a_q_reg[4]/C","uop_p0_q_reg[src0_addr][2]/D","TOP control","CARRY4=2;FDCE=2;LUT4=2;LUT5=1;LUT6=2"
697,1.327,5.714,4.384,1.951,2.433,0.555,7,"a_q_reg[4]/C","uop_p0_q_reg[src0_addr][4]/D","TOP control","CARRY4=2;FDCE=2;LUT4=2;LUT6=3"
698,1.327,5.714,4.384,1.951,2.433,0.555,7,"a_q_reg[4]/C","uop_p0_q_reg[src1_addr][4]/D","TOP control","CARRY4=2;FDCE=2;LUT4=2;LUT6=3"
699,1.327,5.714,4.384,1.951,2.433,0.555,7,"a_q_reg[4]/C","uop_p0_q_reg[src1_base][4]/D","TOP control","CARRY4=2;FDCE=2;LUT4=2;LUT6=3"
700,1.327,5.714,4.384,1.951,2.433,0.555,7,"a_q_reg[4]/C","uop_p0_q_reg[src1_base][5]/D","TOP control","CARRY4=2;FDCE=2;LUT4=2;LUT6=3"
701,1.338,5.714,4.373,2.232,2.141,0.490,7,"gen_lane[2].i_p2_pop_slice/popcount_q_o_reg[2]/C","hsim_total_q_reg[5]/D","HMATCH reduction/compare","CARRY4=3;FDCE=2;LUT2=2;LUT3=1;LUT5=1"
702,1.403,5.714,4.340,1.286,3.054,0.704,6,"FSM_onehot_st_q_reg[2]/C","lane_result_q_reg[3][20]/D","P2 lane result capture","FDCE=2;LUT4=1;LUT6=4;MUXF7=1"
703,1.403,5.714,4.340,1.286,3.054,0.704,6,"FSM_onehot_st_q_reg[2]/C","lane_result_q_reg[3][4]/D","P2 lane result capture","FDCE=2;LUT4=1;LUT6=4;MUXF7=1"
704,1.414,5.714,4.329,1.286,3.043,0.703,6,"FSM_onehot_st_q_reg[2]/C","lane_result_q_reg[0][52]/D","P2 lane result capture","FDCE=2;LUT4=1;LUT6=4;MUXF7=1"
705,1.425,5.714,4.286,2.145,2.141,0.500,7,"gen_lane[2].i_p2_pop_slice/popcount_q_o_reg[2]/C","hsim_total_q_reg[4]/D","HMATCH reduction/compare","CARRY4=3;FDCE=2;LUT2=2;LUT3=1;LUT5=1"
706,1.429,5.714,4.282,1.105,3.177,0.742,5,"hperm_lane_base_q_reg[1]/C","lane_result_q_reg[0][55]/D","P2 lane result capture","FDCE=2;LUT4=1;LUT6=4"
707,1.429,5.714,4.282,1.105,3.177,0.742,5,"hperm_lane_base_q_reg[1]/C","lane_result_q_reg[0][63]/D","P2 lane result capture","FDCE=2;LUT4=1;LUT6=4"
708,1.429,5.714,4.282,1.105,3.177,0.742,5,"hperm_lane_base_q_reg[1]/C","lane_result_q_reg[2][55]/D","P2 lane result capture","FDCE=2;LUT4=1;LUT6=4"
709,1.429,5.714,4.282,1.105,3.177,0.742,5,"hperm_lane_base_q_reg[1]/C","lane_result_q_reg[2][63]/D","P2 lane result capture","FDCE=2;LUT4=1;LUT6=4"
710,1.432,5.714,4.311,1.286,3.025,0.702,6,"FSM_onehot_st_q_reg[2]/C","lane_result_q_reg[3][21]/D","P2 lane result capture","FDCE=2;LUT4=1;LUT6=4;MUXF7=1"
711,1.432,5.714,4.311,1.286,3.025,0.702,6,"FSM_onehot_st_q_reg[2]/C","lane_result_q_reg[3][5]/D","P2 lane result capture","FDCE=2;LUT4=1;LUT6=4;MUXF7=1"
712,1.434,5.714,4.277,1.865,2.412,0.564,6,"gen_lane[2].i_p2_pop_slice/popcount_q_o_reg[2]/C","hsim_total_q_reg[3]/D","HMATCH reduction/compare","CARRY4=2;FDCE=2;LUT2=2;LUT3=1;LUT5=1"
713,1.441,5.714,4.270,1.190,3.080,0.721,6,"FSM_onehot_st_q_reg[2]/C","lane_result_q_reg[0][40]/D","P2 lane result capture","FDCE=2;LUT4=1;LUT5=1;LUT6=4"
714,1.441,5.714,4.270,1.190,3.080,0.721,6,"FSM_onehot_st_q_reg[2]/C","lane_result_q_reg[0][41]/D","P2 lane result capture","FDCE=2;LUT4=1;LUT5=1;LUT6=4"
715,1.441,5.714,4.270,1.190,3.080,0.721,6,"FSM_onehot_st_q_reg[2]/C","lane_result_q_reg[0][42]/D","P2 lane result capture","FDCE=2;LUT4=1;LUT5=1;LUT6=4"
716,1.441,5.714,4.270,1.190,3.080,0.721,6,"FSM_onehot_st_q_reg[2]/C","lane_result_q_reg[1][40]/D","P2 lane result capture","FDCE=2;LUT4=1;LUT5=1;LUT6=4"
717,1.441,5.714,4.270,1.190,3.080,0.721,6,"FSM_onehot_st_q_reg[2]/C","lane_result_q_reg[1][41]/D","P2 lane result capture","FDCE=2;LUT4=1;LUT5=1;LUT6=4"
718,1.441,5.714,4.270,1.190,3.080,0.721,6,"FSM_onehot_st_q_reg[2]/C","lane_result_q_reg[1][42]/D","P2 lane result capture","FDCE=2;LUT4=1;LUT5=1;LUT6=4"
719,1.441,5.714,4.270,1.190,3.080,0.721,6,"FSM_onehot_st_q_reg[2]/C","lane_result_q_reg[2][40]/D","P2 lane result capture","FDCE=2;LUT4=1;LUT5=1;LUT6=4"
720,1.441,5.714,4.270,1.190,3.080,0.721,6,"FSM_onehot_st_q_reg[2]/C","lane_result_q_reg[2][41]/D","P2 lane result capture","FDCE=2;LUT4=1;LUT5=1;LUT6=4"
721,1.441,5.714,4.270,1.190,3.080,0.721,6,"FSM_onehot_st_q_reg[2]/C","lane_result_q_reg[2][42]/D","P2 lane result capture","FDCE=2;LUT4=1;LUT5=1;LUT6=4"
722,1.443,5.714,4.300,1.286,3.014,0.701,6,"FSM_onehot_st_q_reg[2]/C","lane_result_q_reg[0][53]/D","P2 lane result capture","FDCE=2;LUT4=1;LUT6=4;MUXF7=1"
723,1.445,5.714,4.266,1.190,3.076,0.721,6,"FSM_onehot_st_q_reg[2]/C","lane_result_q_reg[0][43]/D","P2 lane result capture","FDCE=2;LUT4=1;LUT5=1;LUT6=4"
724,1.445,5.714,4.266,1.190,3.076,0.721,6,"FSM_onehot_st_q_reg[2]/C","lane_result_q_reg[1][43]/D","P2 lane result capture","FDCE=2;LUT4=1;LUT5=1;LUT6=4"
725,1.445,5.714,4.266,1.190,3.076,0.721,6,"FSM_onehot_st_q_reg[2]/C","lane_result_q_reg[2][43]/D","P2 lane result capture","FDCE=2;LUT4=1;LUT5=1;LUT6=4"
726,1.447,5.714,4.264,1.190,3.074,0.721,6,"FSM_onehot_st_q_reg[2]/C","lane_result_q_reg[1][8]/D","P2 lane result capture","FDCE=2;LUT4=1;LUT5=1;LUT6=4"
727,1.447,5.714,4.264,1.190,3.074,0.721,6,"FSM_onehot_st_q_reg[2]/C","lane_result_q_reg[1][9]/D","P2 lane result capture","FDCE=2;LUT4=1;LUT5=1;LUT6=4"
728,1.447,5.714,4.264,1.190,3.074,0.721,6,"FSM_onehot_st_q_reg[2]/C","lane_result_q_reg[2][8]/D","P2 lane result capture","FDCE=2;LUT4=1;LUT5=1;LUT6=4"
729,1.447,5.714,4.264,1.190,3.074,0.721,6,"FSM_onehot_st_q_reg[2]/C","lane_result_q_reg[2][9]/D","P2 lane result capture","FDCE=2;LUT4=1;LUT5=1;LUT6=4"
730,1.447,5.714,4.264,1.190,3.074,0.721,6,"FSM_onehot_st_q_reg[2]/C","lane_result_q_reg[3][8]/D","P2 lane result capture","FDCE=2;LUT4=1;LUT5=1;LUT6=4"
731,1.447,5.714,4.264,1.190,3.074,0.721,6,"FSM_onehot_st_q_reg[2]/C","lane_result_q_reg[3][9]/D","P2 lane result capture","FDCE=2;LUT4=1;LUT5=1;LUT6=4"
732,1.449,5.714,4.262,1.085,3.177,0.745,5,"hperm_lane_base_q_reg[1]/C","lane_result_q_reg[1][55]/D","P2 lane result capture","FDCE=2;LUT4=1;LUT6=4"
733,1.449,5.714,4.262,1.085,3.177,0.745,5,"hperm_lane_base_q_reg[1]/C","lane_result_q_reg[1][63]/D","P2 lane result capture","FDCE=2;LUT4=1;LUT6=4"
734,1.452,5.714,4.259,1.190,3.069,0.721,6,"FSM_onehot_st_q_reg[2]/C","lane_result_q_reg[1][7]/D","P2 lane result capture","FDCE=2;LUT4=1;LUT5=1;LUT6=4"
735,1.452,5.714,4.259,1.190,3.069,0.721,6,"FSM_onehot_st_q_reg[2]/C","lane_result_q_reg[2][7]/D","P2 lane result capture","FDCE=2;LUT4=1;LUT5=1;LUT6=4"
736,1.452,5.714,4.259,1.190,3.069,0.721,6,"FSM_onehot_st_q_reg[2]/C","lane_result_q_reg[3][7]/D","P2 lane result capture","FDCE=2;LUT4=1;LUT5=1;LUT6=4"
737,1.458,5.714,4.253,1.190,3.063,0.720,6,"FSM_onehot_st_q_reg[2]/C","lane_result_q_reg[1][6]/D","P2 lane result capture","FDCE=2;LUT4=1;LUT5=1;LUT6=4"
738,1.458,5.714,4.253,1.190,3.063,0.720,6,"FSM_onehot_st_q_reg[2]/C","lane_result_q_reg[2][6]/D","P2 lane result capture","FDCE=2;LUT4=1;LUT5=1;LUT6=4"
739,1.458,5.714,4.253,1.190,3.063,0.720,6,"FSM_onehot_st_q_reg[2]/C","lane_result_q_reg[3][6]/D","P2 lane result capture","FDCE=2;LUT4=1;LUT5=1;LUT6=4"
740,1.460,5.714,4.251,1.190,3.061,0.720,6,"FSM_onehot_st_q_reg[2]/C","lane_result_q_reg[1][0]/D","P2 lane result capture","FDCE=2;LUT4=1;LUT5=1;LUT6=4"
741,1.460,5.714,4.251,1.190,3.061,0.720,6,"FSM_onehot_st_q_reg[2]/C","lane_result_q_reg[1][1]/D","P2 lane result capture","FDCE=2;LUT4=1;LUT5=1;LUT6=4"
742,1.460,5.714,4.251,1.190,3.061,0.720,6,"FSM_onehot_st_q_reg[2]/C","lane_result_q_reg[2][0]/D","P2 lane result capture","FDCE=2;LUT4=1;LUT5=1;LUT6=4"
743,1.460,5.714,4.251,1.190,3.061,0.720,6,"FSM_onehot_st_q_reg[2]/C","lane_result_q_reg[2][1]/D","P2 lane result capture","FDCE=2;LUT4=1;LUT5=1;LUT6=4"
744,1.460,5.714,4.251,1.190,3.061,0.720,6,"FSM_onehot_st_q_reg[2]/C","lane_result_q_reg[3][0]/D","P2 lane result capture","FDCE=2;LUT4=1;LUT5=1;LUT6=4"
745,1.460,5.714,4.251,1.190,3.061,0.720,6,"FSM_onehot_st_q_reg[2]/C","lane_result_q_reg[3][1]/D","P2 lane result capture","FDCE=2;LUT4=1;LUT5=1;LUT6=4"
746,1.466,5.714,4.245,1.190,3.055,0.720,6,"FSM_onehot_st_q_reg[2]/C","lane_result_q_reg[0][32]/D","P2 lane result capture","FDCE=2;LUT4=1;LUT5=1;LUT6=4"
747,1.466,5.714,4.245,1.190,3.055,0.720,6,"FSM_onehot_st_q_reg[2]/C","lane_result_q_reg[0][33]/D","P2 lane result capture","FDCE=2;LUT4=1;LUT5=1;LUT6=4"
748,1.466,5.714,4.245,1.190,3.055,0.720,6,"FSM_onehot_st_q_reg[2]/C","lane_result_q_reg[0][34]/D","P2 lane result capture","FDCE=2;LUT4=1;LUT5=1;LUT6=4"
749,1.466,5.714,4.245,1.190,3.055,0.720,6,"FSM_onehot_st_q_reg[2]/C","lane_result_q_reg[1][32]/D","P2 lane result capture","FDCE=2;LUT4=1;LUT5=1;LUT6=4"
750,1.466,5.714,4.245,1.190,3.055,0.720,6,"FSM_onehot_st_q_reg[2]/C","lane_result_q_reg[1][33]/D","P2 lane result capture","FDCE=2;LUT4=1;LUT5=1;LUT6=4"
751,1.466,5.714,4.245,1.190,3.055,0.720,6,"FSM_onehot_st_q_reg[2]/C","lane_result_q_reg[1][34]/D","P2 lane result capture","FDCE=2;LUT4=1;LUT5=1;LUT6=4"
752,1.466,5.714,4.245,1.190,3.055,0.720,6,"FSM_onehot_st_q_reg[2]/C","lane_result_q_reg[2][32]/D","P2 lane result capture","FDCE=2;LUT4=1;LUT5=1;LUT6=4"
753,1.466,5.714,4.245,1.190,3.055,0.720,6,"FSM_onehot_st_q_reg[2]/C","lane_result_q_reg[2][33]/D","P2 lane result capture","FDCE=2;LUT4=1;LUT5=1;LUT6=4"
754,1.466,5.714,4.245,1.190,3.055,0.720,6,"FSM_onehot_st_q_reg[2]/C","lane_result_q_reg[2][34]/D","P2 lane result capture","FDCE=2;LUT4=1;LUT5=1;LUT6=4"
755,1.470,5.714,4.241,1.190,3.051,0.719,6,"FSM_onehot_st_q_reg[2]/C","lane_result_q_reg[0][35]/D","P2 lane result capture","FDCE=2;LUT4=1;LUT5=1;LUT6=4"
756,1.470,5.714,4.241,1.190,3.051,0.719,6,"FSM_onehot_st_q_reg[2]/C","lane_result_q_reg[1][35]/D","P2 lane result capture","FDCE=2;LUT4=1;LUT5=1;LUT6=4"
757,1.470,5.714,4.241,1.190,3.051,0.719,6,"FSM_onehot_st_q_reg[2]/C","lane_result_q_reg[2][35]/D","P2 lane result capture","FDCE=2;LUT4=1;LUT5=1;LUT6=4"
758,1.471,5.714,4.240,1.190,3.050,0.719,6,"FSM_onehot_st_q_reg[2]/C","lane_result_q_reg[0][47]/D","P2 lane result capture","FDCE=2;LUT4=1;LUT5=1;LUT6=4"
759,1.471,5.714,4.240,1.190,3.050,0.719,6,"FSM_onehot_st_q_reg[2]/C","lane_result_q_reg[0][62]/D","P2 lane result capture","FDCE=2;LUT4=1;LUT5=1;LUT6=4"
760,1.471,5.714,4.240,1.190,3.050,0.719,6,"FSM_onehot_st_q_reg[2]/C","lane_result_q_reg[1][47]/D","P2 lane result capture","FDCE=2;LUT4=1;LUT5=1;LUT6=4"
761,1.471,5.714,4.240,1.190,3.050,0.719,6,"FSM_onehot_st_q_reg[2]/C","lane_result_q_reg[1][62]/D","P2 lane result capture","FDCE=2;LUT4=1;LUT5=1;LUT6=4"
762,1.471,5.714,4.240,1.190,3.050,0.719,6,"FSM_onehot_st_q_reg[2]/C","lane_result_q_reg[2][47]/D","P2 lane result capture","FDCE=2;LUT4=1;LUT5=1;LUT6=4"
763,1.471,5.714,4.240,1.190,3.050,0.719,6,"FSM_onehot_st_q_reg[2]/C","lane_result_q_reg[2][62]/D","P2 lane result capture","FDCE=2;LUT4=1;LUT5=1;LUT6=4"
764,1.472,5.714,4.239,1.190,3.049,0.719,6,"FSM_onehot_st_q_reg[2]/C","lane_result_q_reg[3][63]/D","P2 lane result capture","FDCE=2;LUT4=1;LUT5=1;LUT6=4"
765,1.483,5.714,4.228,1.105,3.123,0.739,5,"hperm_lane_base_q_reg[1]/C","lane_result_q_reg[0][39]/D","P2 lane result capture","FDCE=2;LUT4=1;LUT6=4"
766,1.483,5.714,4.228,1.105,3.123,0.739,5,"hperm_lane_base_q_reg[1]/C","lane_result_q_reg[2][39]/D","P2 lane result capture","FDCE=2;LUT4=1;LUT6=4"
767,1.484,5.714,4.227,1.190,3.037,0.718,6,"FSM_onehot_st_q_reg[2]/C","lane_result_q_reg[3][59]/D","P2 lane result capture","FDCE=2;LUT4=1;LUT5=1;LUT6=4"
768,1.491,5.714,4.220,1.190,3.030,0.718,6,"FSM_onehot_st_q_reg[2]/C","lane_result_q_reg[3][55]/D","P2 lane result capture","FDCE=2;LUT4=1;LUT5=1;LUT6=4"
769,1.495,5.714,4.216,1.190,3.026,0.718,6,"FSM_onehot_st_q_reg[2]/C","lane_result_q_reg[0][24]/D","P2 lane result capture","FDCE=2;LUT4=1;LUT5=1;LUT6=4"
770,1.495,5.714,4.216,1.190,3.026,0.718,6,"FSM_onehot_st_q_reg[2]/C","lane_result_q_reg[0][25]/D","P2 lane result capture","FDCE=2;LUT4=1;LUT5=1;LUT6=4"
771,1.495,5.714,4.216,1.190,3.026,0.718,6,"FSM_onehot_st_q_reg[2]/C","lane_result_q_reg[0][26]/D","P2 lane result capture","FDCE=2;LUT4=1;LUT5=1;LUT6=4"
772,1.495,5.714,4.216,1.190,3.026,0.718,6,"FSM_onehot_st_q_reg[2]/C","lane_result_q_reg[1][24]/D","P2 lane result capture","FDCE=2;LUT4=1;LUT5=1;LUT6=4"
773,1.495,5.714,4.216,1.190,3.026,0.718,6,"FSM_onehot_st_q_reg[2]/C","lane_result_q_reg[1][25]/D","P2 lane result capture","FDCE=2;LUT4=1;LUT5=1;LUT6=4"
774,1.495,5.714,4.216,1.190,3.026,0.718,6,"FSM_onehot_st_q_reg[2]/C","lane_result_q_reg[1][26]/D","P2 lane result capture","FDCE=2;LUT4=1;LUT5=1;LUT6=4"
775,1.495,5.714,4.216,1.190,3.026,0.718,6,"FSM_onehot_st_q_reg[2]/C","lane_result_q_reg[2][24]/D","P2 lane result capture","FDCE=2;LUT4=1;LUT5=1;LUT6=4"
776,1.495,5.714,4.216,1.190,3.026,0.718,6,"FSM_onehot_st_q_reg[2]/C","lane_result_q_reg[2][25]/D","P2 lane result capture","FDCE=2;LUT4=1;LUT5=1;LUT6=4"
777,1.495,5.714,4.216,1.190,3.026,0.718,6,"FSM_onehot_st_q_reg[2]/C","lane_result_q_reg[2][26]/D","P2 lane result capture","FDCE=2;LUT4=1;LUT5=1;LUT6=4"
778,1.496,5.714,4.215,1.105,3.110,0.738,5,"hperm_lane_base_q_reg[1]_rep/C","lane_result_q_reg[0][54]/D","P2 lane result capture","FDCE=2;LUT4=1;LUT6=4"
779,1.496,5.714,4.215,1.105,3.110,0.738,5,"hperm_lane_base_q_reg[1]_rep/C","lane_result_q_reg[2][54]/D","P2 lane result capture","FDCE=2;LUT4=1;LUT6=4"
780,1.499,5.714,4.212,1.190,3.022,0.717,6,"FSM_onehot_st_q_reg[2]/C","lane_result_q_reg[0][27]/D","P2 lane result capture","FDCE=2;LUT4=1;LUT5=1;LUT6=4"
781,1.499,5.714,4.212,1.190,3.022,0.717,6,"FSM_onehot_st_q_reg[2]/C","lane_result_q_reg[1][27]/D","P2 lane result capture","FDCE=2;LUT4=1;LUT5=1;LUT6=4"
782,1.499,5.714,4.212,1.190,3.022,0.717,6,"FSM_onehot_st_q_reg[2]/C","lane_result_q_reg[2][27]/D","P2 lane result capture","FDCE=2;LUT4=1;LUT5=1;LUT6=4"
783,1.500,5.714,4.211,1.105,3.106,0.738,5,"hperm_lane_base_q_reg[1]_rep__1/C","lane_result_q_reg[2][56]/D","P2 lane result capture","FDCE=2;LUT4=1;LUT6=4"
784,1.500,5.714,4.211,1.105,3.106,0.738,5,"hperm_lane_base_q_reg[1]_rep__0/C","lane_result_q_reg[2][57]/D","P2 lane result capture","FDCE=2;LUT4=1;LUT6=4"
785,1.500,5.714,4.211,1.105,3.106,0.738,5,"hperm_lane_base_q_reg[1]_rep__1/C","lane_result_q_reg[2][60]/D","P2 lane result capture","FDCE=2;LUT4=1;LUT6=4"
786,1.500,5.714,4.211,1.105,3.106,0.738,5,"hperm_lane_base_q_reg[1]_rep__0/C","lane_result_q_reg[2][61]/D","P2 lane result capture","FDCE=2;LUT4=1;LUT6=4"
787,1.503,5.714,4.208,1.085,3.123,0.742,5,"hperm_lane_base_q_reg[1]/C","lane_result_q_reg[1][39]/D","P2 lane result capture","FDCE=2;LUT4=1;LUT6=4"
788,1.505,5.714,4.206,1.105,3.101,0.737,5,"hperm_lane_base_q_reg[1]/C","lane_result_q_reg[0][59]/D","P2 lane result capture","FDCE=2;LUT4=1;LUT6=4"
789,1.505,5.714,4.206,1.105,3.101,0.737,5,"hperm_lane_base_q_reg[1]/C","lane_result_q_reg[2][59]/D","P2 lane result capture","FDCE=2;LUT4=1;LUT6=4"
790,1.507,5.714,4.204,1.105,3.099,0.737,5,"hperm_lane_base_q_reg[1]_rep__1/C","lane_result_q_reg[0][56]/D","P2 lane result capture","FDCE=2;LUT4=1;LUT6=4"
791,1.507,5.714,4.204,1.105,3.099,0.737,5,"hperm_lane_base_q_reg[1]_rep__0/C","lane_result_q_reg[0][57]/D","P2 lane result capture","FDCE=2;LUT4=1;LUT6=4"
792,1.507,5.714,4.204,1.105,3.099,0.737,5,"hperm_lane_base_q_reg[1]_rep/C","lane_result_q_reg[0][58]/D","P2 lane result capture","FDCE=2;LUT4=1;LUT6=4"
793,1.507,5.714,4.204,1.105,3.099,0.737,5,"hperm_lane_base_q_reg[1]_rep__1/C","lane_result_q_reg[0][60]/D","P2 lane result capture","FDCE=2;LUT4=1;LUT6=4"
794,1.507,5.714,4.204,1.105,3.099,0.737,5,"hperm_lane_base_q_reg[1]_rep__0/C","lane_result_q_reg[0][61]/D","P2 lane result capture","FDCE=2;LUT4=1;LUT6=4"
795,1.507,5.714,4.204,1.105,3.099,0.737,5,"hperm_lane_base_q_reg[1]_rep/C","lane_result_q_reg[2][58]/D","P2 lane result capture","FDCE=2;LUT4=1;LUT6=4"
796,1.514,5.714,4.197,1.190,3.007,0.716,6,"FSM_onehot_st_q_reg[2]/C","lane_result_q_reg[0][48]/D","P2 lane result capture","FDCE=2;LUT4=1;LUT5=1;LUT6=4"
797,1.514,5.714,4.197,1.190,3.007,0.716,6,"FSM_onehot_st_q_reg[2]/C","lane_result_q_reg[0][49]/D","P2 lane result capture","FDCE=2;LUT4=1;LUT5=1;LUT6=4"
798,1.514,5.714,4.197,1.190,3.007,0.716,6,"FSM_onehot_st_q_reg[2]/C","lane_result_q_reg[1][48]/D","P2 lane result capture","FDCE=2;LUT4=1;LUT5=1;LUT6=4"
799,1.514,5.714,4.197,1.190,3.007,0.716,6,"FSM_onehot_st_q_reg[2]/C","lane_result_q_reg[1][49]/D","P2 lane result capture","FDCE=2;LUT4=1;LUT5=1;LUT6=4"
800,1.514,5.714,4.197,1.190,3.007,0.716,6,"FSM_onehot_st_q_reg[2]/C","lane_result_q_reg[2][48]/D","P2 lane result capture","FDCE=2;LUT4=1;LUT5=1;LUT6=4"
801,1.514,5.714,4.197,1.190,3.007,0.716,6,"FSM_onehot_st_q_reg[2]/C","lane_result_q_reg[2][49]/D","P2 lane result capture","FDCE=2;LUT4=1;LUT5=1;LUT6=4"
802,1.516,5.714,4.195,1.085,3.110,0.741,5,"hperm_lane_base_q_reg[1]_rep/C","lane_result_q_reg[1][54]/D","P2 lane result capture","FDCE=2;LUT4=1;LUT6=4"
803,1.519,5.714,4.192,1.190,3.002,0.716,6,"FSM_onehot_st_q_reg[2]/C","lane_result_q_reg[1][56]/D","P2 lane result capture","FDCE=2;LUT4=1;LUT6=5"
804,1.519,5.714,4.192,1.190,3.002,0.716,6,"FSM_onehot_st_q_reg[2]/C","lane_result_q_reg[1][57]/D","P2 lane result capture","FDCE=2;LUT4=1;LUT6=5"
805,1.520,5.714,4.191,1.190,3.001,0.716,6,"FSM_onehot_st_q_reg[2]/C","lane_result_q_reg[0][16]/D","P2 lane result capture","FDCE=2;LUT4=1;LUT5=1;LUT6=4"
806,1.520,5.714,4.191,1.190,3.001,0.716,6,"FSM_onehot_st_q_reg[2]/C","lane_result_q_reg[0][17]/D","P2 lane result capture","FDCE=2;LUT4=1;LUT5=1;LUT6=4"
807,1.520,5.714,4.191,1.190,3.001,0.716,6,"FSM_onehot_st_q_reg[2]/C","lane_result_q_reg[0][18]/D","P2 lane result capture","FDCE=2;LUT4=1;LUT5=1;LUT6=4"
808,1.520,5.714,4.191,1.190,3.001,0.716,6,"FSM_onehot_st_q_reg[2]/C","lane_result_q_reg[1][16]/D","P2 lane result capture","FDCE=2;LUT4=1;LUT5=1;LUT6=4"
809,1.520,5.714,4.191,1.190,3.001,0.716,6,"FSM_onehot_st_q_reg[2]/C","lane_result_q_reg[1][17]/D","P2 lane result capture","FDCE=2;LUT4=1;LUT5=1;LUT6=4"
810,1.520,5.714,4.191,1.190,3.001,0.716,6,"FSM_onehot_st_q_reg[2]/C","lane_result_q_reg[1][18]/D","P2 lane result capture","FDCE=2;LUT4=1;LUT5=1;LUT6=4"
811,1.520,5.714,4.191,1.190,3.001,0.716,6,"FSM_onehot_st_q_reg[2]/C","lane_result_q_reg[2][16]/D","P2 lane result capture","FDCE=2;LUT4=1;LUT5=1;LUT6=4"
812,1.520,5.714,4.191,1.190,3.001,0.716,6,"FSM_onehot_st_q_reg[2]/C","lane_result_q_reg[2][17]/D","P2 lane result capture","FDCE=2;LUT4=1;LUT5=1;LUT6=4"
813,1.520,5.714,4.191,1.190,3.001,0.716,6,"FSM_onehot_st_q_reg[2]/C","lane_result_q_reg[2][18]/D","P2 lane result capture","FDCE=2;LUT4=1;LUT5=1;LUT6=4"
814,1.524,5.714,4.187,1.190,2.997,0.716,6,"FSM_onehot_st_q_reg[2]/C","lane_result_q_reg[0][19]/D","P2 lane result capture","FDCE=2;LUT4=1;LUT5=1;LUT6=4"
815,1.524,5.714,4.187,1.190,2.997,0.716,6,"FSM_onehot_st_q_reg[2]/C","lane_result_q_reg[1][19]/D","P2 lane result capture","FDCE=2;LUT4=1;LUT5=1;LUT6=4"
816,1.524,5.714,4.187,1.190,2.997,0.716,6,"FSM_onehot_st_q_reg[2]/C","lane_result_q_reg[2][19]/D","P2 lane result capture","FDCE=2;LUT4=1;LUT5=1;LUT6=4"
817,1.525,5.714,4.186,1.190,2.996,0.716,6,"FSM_onehot_st_q_reg[2]/C","lane_result_q_reg[0][31]/D","P2 lane result capture","FDCE=2;LUT4=1;LUT5=1;LUT6=4"
818,1.525,5.714,4.186,1.190,2.996,0.716,6,"FSM_onehot_st_q_reg[2]/C","lane_result_q_reg[0][46]/D","P2 lane result capture","FDCE=2;LUT4=1;LUT5=1;LUT6=4"
819,1.525,5.714,4.186,1.190,2.996,0.716,6,"FSM_onehot_st_q_reg[2]/C","lane_result_q_reg[1][31]/D","P2 lane result capture","FDCE=2;LUT4=1;LUT5=1;LUT6=4"
820,1.525,5.714,4.186,1.190,2.996,0.716,6,"FSM_onehot_st_q_reg[2]/C","lane_result_q_reg[1][46]/D","P2 lane result capture","FDCE=2;LUT4=1;LUT5=1;LUT6=4"
821,1.525,5.714,4.186,1.190,2.996,0.716,6,"FSM_onehot_st_q_reg[2]/C","lane_result_q_reg[2][31]/D","P2 lane result capture","FDCE=2;LUT4=1;LUT5=1;LUT6=4"
822,1.525,5.714,4.186,1.190,2.996,0.716,6,"FSM_onehot_st_q_reg[2]/C","lane_result_q_reg[2][46]/D","P2 lane result capture","FDCE=2;LUT4=1;LUT5=1;LUT6=4"
823,1.525,5.714,4.186,1.085,3.101,0.741,5,"hperm_lane_base_q_reg[1]/C","lane_result_q_reg[1][59]/D","P2 lane result capture","FDCE=2;LUT4=1;LUT6=4"
824,1.526,5.714,4.185,1.190,2.995,0.716,6,"FSM_onehot_st_q_reg[2]/C","lane_result_q_reg[3][47]/D","P2 lane result capture","FDCE=2;LUT4=1;LUT5=1;LUT6=4"
825,1.527,5.714,4.184,1.085,3.099,0.741,5,"hperm_lane_base_q_reg[1]_rep/C","lane_result_q_reg[1][58]/D","P2 lane result capture","FDCE=2;LUT4=1;LUT6=4"
826,1.527,5.714,4.184,1.085,3.099,0.741,5,"hperm_lane_base_q_reg[1]_rep__1/C","lane_result_q_reg[1][60]/D","P2 lane result capture","FDCE=2;LUT4=1;LUT6=4"
827,1.527,5.714,4.184,1.085,3.099,0.741,5,"hperm_lane_base_q_reg[1]_rep__0/C","lane_result_q_reg[1][61]/D","P2 lane result capture","FDCE=2;LUT4=1;LUT6=4"
828,1.527,5.714,4.184,1.085,3.099,0.741,5,"hperm_lane_base_q_reg[1]_rep__1/C","lane_result_q_reg[3][56]/D","P2 lane result capture","FDCE=2;LUT4=1;LUT6=4"
829,1.527,5.714,4.184,1.085,3.099,0.741,5,"hperm_lane_base_q_reg[1]_rep__0/C","lane_result_q_reg[3][57]/D","P2 lane result capture","FDCE=2;LUT4=1;LUT6=4"
830,1.527,5.714,4.184,1.085,3.099,0.741,5,"hperm_lane_base_q_reg[1]_rep/C","lane_result_q_reg[3][58]/D","P2 lane result capture","FDCE=2;LUT4=1;LUT6=4"
831,1.530,5.714,4.181,1.190,2.991,0.715,6,"FSM_onehot_st_q_reg[2]/C","lane_result_q_reg[3][51]/D","P2 lane result capture","FDCE=2;LUT4=1;LUT5=1;LUT6=4"
832,1.537,5.714,4.174,1.190,2.984,0.715,6,"FSM_onehot_st_q_reg[2]/C","lane_result_q_reg[3][62]/D","P2 lane result capture","FDCE=2;LUT4=1;LUT6=5"
833,1.538,5.714,4.173,1.190,2.983,0.715,6,"FSM_onehot_st_q_reg[2]/C","lane_result_q_reg[3][43]/D","P2 lane result capture","FDCE=2;LUT4=1;LUT5=1;LUT6=4"
834,1.541,5.714,4.170,1.190,2.980,0.715,6,"FSM_onehot_st_q_reg[2]/C","lane_result_q_reg[3][60]/D","P2 lane result capture","FDCE=2;LUT4=1;LUT6=5"
835,1.545,5.714,4.166,1.190,2.976,0.714,6,"FSM_onehot_st_q_reg[2]/C","lane_result_q_reg[3][39]/D","P2 lane result capture","FDCE=2;LUT4=1;LUT5=1;LUT6=4"
836,1.556,5.714,4.155,1.190,2.965,0.714,6,"FSM_onehot_st_q_reg[2]/C","lane_result_q_reg[3][54]/D","P2 lane result capture","FDCE=2;LUT4=1;LUT5=1;LUT6=4"
837,1.564,5.714,4.147,1.085,3.062,0.738,5,"hperm_lane_base_q_reg[0]/C","lane_result_q_reg[0][28]/D","P2 lane result capture","FDCE=2;LUT2=1;LUT6=4"
838,1.564,5.714,4.147,1.085,3.062,0.738,5,"hperm_lane_base_q_reg[0]/C","lane_result_q_reg[0][29]/D","P2 lane result capture","FDCE=2;LUT2=1;LUT6=4"
839,1.564,5.714,4.147,1.085,3.062,0.738,5,"hperm_lane_base_q_reg[0]/C","lane_result_q_reg[0][44]/D","P2 lane result capture","FDCE=2;LUT2=1;LUT6=4"
840,1.564,5.714,4.147,1.085,3.062,0.738,5,"hperm_lane_base_q_reg[0]/C","lane_result_q_reg[0][45]/D","P2 lane result capture","FDCE=2;LUT2=1;LUT6=4"
841,1.564,5.714,4.147,1.085,3.062,0.738,5,"hperm_lane_base_q_reg[0]/C","lane_result_q_reg[1][20]/D","P2 lane result capture","FDCE=2;LUT2=1;LUT6=4"
842,1.564,5.714,4.147,1.085,3.062,0.738,5,"hperm_lane_base_q_reg[0]/C","lane_result_q_reg[1][21]/D","P2 lane result capture","FDCE=2;LUT2=1;LUT6=4"
843,1.564,5.714,4.147,1.085,3.062,0.738,5,"hperm_lane_base_q_reg[0]/C","lane_result_q_reg[1][28]/D","P2 lane result capture","FDCE=2;LUT2=1;LUT6=4"
844,1.564,5.714,4.147,1.085,3.062,0.738,5,"hperm_lane_base_q_reg[0]/C","lane_result_q_reg[1][29]/D","P2 lane result capture","FDCE=2;LUT2=1;LUT6=4"
845,1.564,5.714,4.147,1.085,3.062,0.738,5,"hperm_lane_base_q_reg[0]/C","lane_result_q_reg[1][44]/D","P2 lane result capture","FDCE=2;LUT2=1;LUT6=4"
846,1.564,5.714,4.147,1.085,3.062,0.738,5,"hperm_lane_base_q_reg[0]/C","lane_result_q_reg[1][45]/D","P2 lane result capture","FDCE=2;LUT2=1;LUT6=4"
847,1.564,5.714,4.147,1.085,3.062,0.738,5,"hperm_lane_base_q_reg[0]/C","lane_result_q_reg[1][52]/D","P2 lane result capture","FDCE=2;LUT2=1;LUT6=4"
848,1.564,5.714,4.147,1.085,3.062,0.738,5,"hperm_lane_base_q_reg[0]/C","lane_result_q_reg[1][53]/D","P2 lane result capture","FDCE=2;LUT2=1;LUT6=4"
849,1.564,5.714,4.147,1.085,3.062,0.738,5,"hperm_lane_base_q_reg[0]/C","lane_result_q_reg[2][20]/D","P2 lane result capture","FDCE=2;LUT2=1;LUT6=4"
850,1.564,5.714,4.147,1.085,3.062,0.738,5,"hperm_lane_base_q_reg[0]/C","lane_result_q_reg[2][21]/D","P2 lane result capture","FDCE=2;LUT2=1;LUT6=4"
851,1.564,5.714,4.147,1.085,3.062,0.738,5,"hperm_lane_base_q_reg[0]/C","lane_result_q_reg[2][28]/D","P2 lane result capture","FDCE=2;LUT2=1;LUT6=4"
852,1.564,5.714,4.147,1.085,3.062,0.738,5,"hperm_lane_base_q_reg[0]/C","lane_result_q_reg[2][29]/D","P2 lane result capture","FDCE=2;LUT2=1;LUT6=4"
853,1.564,5.714,4.147,1.085,3.062,0.738,5,"hperm_lane_base_q_reg[0]/C","lane_result_q_reg[2][44]/D","P2 lane result capture","FDCE=2;LUT2=1;LUT6=4"
854,1.564,5.714,4.147,1.085,3.062,0.738,5,"hperm_lane_base_q_reg[0]/C","lane_result_q_reg[2][45]/D","P2 lane result capture","FDCE=2;LUT2=1;LUT6=4"
855,1.564,5.714,4.147,1.085,3.062,0.738,5,"hperm_lane_base_q_reg[0]/C","lane_result_q_reg[3][16]/D","P2 lane result capture","FDCE=2;LUT2=1;LUT6=4"
856,1.564,5.714,4.147,1.085,3.062,0.738,5,"hperm_lane_base_q_reg[0]/C","lane_result_q_reg[3][17]/D","P2 lane result capture","FDCE=2;LUT2=1;LUT6=4"
857,1.564,5.714,4.147,1.085,3.062,0.738,5,"hperm_lane_base_q_reg[0]/C","lane_result_q_reg[3][24]/D","P2 lane result capture","FDCE=2;LUT2=1;LUT6=4"
858,1.564,5.714,4.147,1.085,3.062,0.738,5,"hperm_lane_base_q_reg[0]/C","lane_result_q_reg[3][25]/D","P2 lane result capture","FDCE=2;LUT2=1;LUT6=4"
859,1.564,5.714,4.147,1.085,3.062,0.738,5,"hperm_lane_base_q_reg[0]/C","lane_result_q_reg[3][28]/D","P2 lane result capture","FDCE=2;LUT2=1;LUT6=4"
860,1.564,5.714,4.147,1.085,3.062,0.738,5,"hperm_lane_base_q_reg[0]/C","lane_result_q_reg[3][29]/D","P2 lane result capture","FDCE=2;LUT2=1;LUT6=4"
861,1.566,5.714,4.145,1.085,3.060,0.738,5,"hperm_lane_base_q_reg[0]/C","lane_result_q_reg[0][23]/D","P2 lane result capture","FDCE=2;LUT2=1;LUT6=4"
862,1.566,5.714,4.145,1.085,3.060,0.738,5,"hperm_lane_base_q_reg[0]/C","lane_result_q_reg[1][12]/D","P2 lane result capture","FDCE=2;LUT2=1;LUT6=4"
863,1.566,5.714,4.145,1.085,3.060,0.738,5,"hperm_lane_base_q_reg[0]/C","lane_result_q_reg[1][13]/D","P2 lane result capture","FDCE=2;LUT2=1;LUT6=4"
864,1.566,5.714,4.145,1.085,3.060,0.738,5,"hperm_lane_base_q_reg[0]/C","lane_result_q_reg[1][23]/D","P2 lane result capture","FDCE=2;LUT2=1;LUT6=4"
865,1.566,5.714,4.145,1.085,3.060,0.738,5,"hperm_lane_base_q_reg[0]/C","lane_result_q_reg[2][12]/D","P2 lane result capture","FDCE=2;LUT2=1;LUT6=4"
866,1.566,5.714,4.145,1.085,3.060,0.738,5,"hperm_lane_base_q_reg[0]/C","lane_result_q_reg[2][13]/D","P2 lane result capture","FDCE=2;LUT2=1;LUT6=4"
867,1.566,5.714,4.145,1.085,3.060,0.738,5,"hperm_lane_base_q_reg[0]/C","lane_result_q_reg[2][23]/D","P2 lane result capture","FDCE=2;LUT2=1;LUT6=4"
868,1.566,5.714,4.145,1.085,3.060,0.738,5,"hperm_lane_base_q_reg[0]/C","lane_result_q_reg[3][12]/D","P2 lane result capture","FDCE=2;LUT2=1;LUT6=4"
869,1.566,5.714,4.145,1.085,3.060,0.738,5,"hperm_lane_base_q_reg[0]/C","lane_result_q_reg[3][13]/D","P2 lane result capture","FDCE=2;LUT2=1;LUT6=4"
870,1.566,5.714,4.145,1.085,3.060,0.738,5,"hperm_lane_base_q_reg[0]/C","lane_result_q_reg[3][19]/D","P2 lane result capture","FDCE=2;LUT2=1;LUT6=4"
871,1.566,5.714,4.145,1.085,3.060,0.738,5,"hperm_lane_base_q_reg[0]/C","lane_result_q_reg[3][23]/D","P2 lane result capture","FDCE=2;LUT2=1;LUT6=4"
872,1.566,5.714,4.145,1.085,3.060,0.738,5,"hperm_lane_base_q_reg[0]/C","lane_result_q_reg[3][27]/D","P2 lane result capture","FDCE=2;LUT2=1;LUT6=4"
873,1.566,5.714,4.145,1.085,3.060,0.738,5,"hperm_lane_base_q_reg[0]/C","lane_result_q_reg[3][31]/D","P2 lane result capture","FDCE=2;LUT2=1;LUT6=4"
874,1.568,5.714,4.143,1.085,3.058,0.738,5,"hperm_lane_base_q_reg[0]/C","lane_result_q_reg[1][11]/D","P2 lane result capture","FDCE=2;LUT2=1;LUT6=4"
875,1.568,5.714,4.143,1.085,3.058,0.738,5,"hperm_lane_base_q_reg[0]/C","lane_result_q_reg[1][15]/D","P2 lane result capture","FDCE=2;LUT2=1;LUT6=4"
876,1.568,5.714,4.143,1.085,3.058,0.738,5,"hperm_lane_base_q_reg[0]/C","lane_result_q_reg[2][11]/D","P2 lane result capture","FDCE=2;LUT2=1;LUT6=4"
877,1.568,5.714,4.143,1.085,3.058,0.738,5,"hperm_lane_base_q_reg[0]/C","lane_result_q_reg[2][15]/D","P2 lane result capture","FDCE=2;LUT2=1;LUT6=4"
878,1.568,5.714,4.143,1.085,3.058,0.738,5,"hperm_lane_base_q_reg[0]/C","lane_result_q_reg[3][11]/D","P2 lane result capture","FDCE=2;LUT2=1;LUT6=4"
879,1.568,5.714,4.143,1.085,3.058,0.738,5,"hperm_lane_base_q_reg[0]/C","lane_result_q_reg[3][15]/D","P2 lane result capture","FDCE=2;LUT2=1;LUT6=4"
880,1.569,5.714,4.142,1.085,3.057,0.738,5,"hperm_lane_base_q_reg[0]/C","lane_result_q_reg[0][22]/D","P2 lane result capture","FDCE=2;LUT2=1;LUT6=4"
881,1.569,5.714,4.142,1.085,3.057,0.738,5,"hperm_lane_base_q_reg[0]/C","lane_result_q_reg[0][30]/D","P2 lane result capture","FDCE=2;LUT2=1;LUT6=4"
882,1.569,5.714,4.142,1.085,3.057,0.738,5,"hperm_lane_base_q_reg[0]/C","lane_result_q_reg[0][50]/D","P2 lane result capture","FDCE=2;LUT2=1;LUT6=4"
883,1.569,5.714,4.142,1.085,3.057,0.738,5,"hperm_lane_base_q_reg[0]/C","lane_result_q_reg[1][22]/D","P2 lane result capture","FDCE=2;LUT2=1;LUT6=4"
884,1.569,5.714,4.142,1.085,3.057,0.738,5,"hperm_lane_base_q_reg[0]/C","lane_result_q_reg[1][30]/D","P2 lane result capture","FDCE=2;LUT2=1;LUT6=4"
885,1.569,5.714,4.142,1.085,3.057,0.738,5,"hperm_lane_base_q_reg[0]/C","lane_result_q_reg[1][50]/D","P2 lane result capture","FDCE=2;LUT2=1;LUT6=4"
886,1.569,5.714,4.142,1.085,3.057,0.738,5,"hperm_lane_base_q_reg[0]/C","lane_result_q_reg[2][22]/D","P2 lane result capture","FDCE=2;LUT2=1;LUT6=4"
887,1.569,5.714,4.142,1.085,3.057,0.738,5,"hperm_lane_base_q_reg[0]/C","lane_result_q_reg[2][30]/D","P2 lane result capture","FDCE=2;LUT2=1;LUT6=4"
888,1.569,5.714,4.142,1.085,3.057,0.738,5,"hperm_lane_base_q_reg[0]/C","lane_result_q_reg[2][50]/D","P2 lane result capture","FDCE=2;LUT2=1;LUT6=4"
889,1.569,5.714,4.142,1.085,3.057,0.738,5,"hperm_lane_base_q_reg[0]/C","lane_result_q_reg[3][18]/D","P2 lane result capture","FDCE=2;LUT2=1;LUT6=4"
890,1.569,5.714,4.142,1.085,3.057,0.738,5,"hperm_lane_base_q_reg[0]/C","lane_result_q_reg[3][22]/D","P2 lane result capture","FDCE=2;LUT2=1;LUT6=4"
891,1.569,5.714,4.142,1.085,3.057,0.738,5,"hperm_lane_base_q_reg[0]/C","lane_result_q_reg[3][26]/D","P2 lane result capture","FDCE=2;LUT2=1;LUT6=4"
892,1.569,5.714,4.142,1.085,3.057,0.738,5,"hperm_lane_base_q_reg[0]/C","lane_result_q_reg[3][30]/D","P2 lane result capture","FDCE=2;LUT2=1;LUT6=4"
893,1.570,5.714,4.141,1.085,3.056,0.738,5,"hperm_lane_base_q_reg[0]/C","lane_result_q_reg[0][0]/D","P2 lane result capture","FDCE=2;LUT2=1;LUT6=4"
894,1.570,5.714,4.141,1.085,3.056,0.738,5,"hperm_lane_base_q_reg[0]/C","lane_result_q_reg[0][12]/D","P2 lane result capture","FDCE=2;LUT2=1;LUT6=4"
895,1.570,5.714,4.141,1.085,3.056,0.738,5,"hperm_lane_base_q_reg[0]/C","lane_result_q_reg[0][13]/D","P2 lane result capture","FDCE=2;LUT2=1;LUT6=4"
896,1.570,5.714,4.141,1.085,3.056,0.738,5,"hperm_lane_base_q_reg[0]/C","lane_result_q_reg[0][1]/D","P2 lane result capture","FDCE=2;LUT2=1;LUT6=4"
897,1.570,5.714,4.141,1.085,3.056,0.738,5,"hperm_lane_base_q_reg[0]/C","lane_result_q_reg[0][20]/D","P2 lane result capture","FDCE=2;LUT2=1;LUT6=4"
898,1.570,5.714,4.141,1.085,3.056,0.738,5,"hperm_lane_base_q_reg[0]/C","lane_result_q_reg[0][21]/D","P2 lane result capture","FDCE=2;LUT2=1;LUT6=4"
899,1.570,5.714,4.141,1.085,3.056,0.738,5,"hperm_lane_base_q_reg[0]/C","lane_result_q_reg[0][4]/D","P2 lane result capture","FDCE=2;LUT2=1;LUT6=4"
900,1.570,5.714,4.141,1.085,3.056,0.738,5,"hperm_lane_base_q_reg[0]/C","lane_result_q_reg[0][5]/D","P2 lane result capture","FDCE=2;LUT2=1;LUT6=4"
901,1.570,5.714,4.141,1.085,3.056,0.738,5,"hperm_lane_base_q_reg[0]/C","lane_result_q_reg[0][8]/D","P2 lane result capture","FDCE=2;LUT2=1;LUT6=4"
902,1.570,5.714,4.141,1.085,3.056,0.738,5,"hperm_lane_base_q_reg[0]/C","lane_result_q_reg[0][9]/D","P2 lane result capture","FDCE=2;LUT2=1;LUT6=4"
903,1.570,5.714,4.141,1.085,3.056,0.738,5,"hperm_lane_base_q_reg[0]/C","lane_result_q_reg[3][32]/D","P2 lane result capture","FDCE=2;LUT2=1;LUT6=4"
904,1.570,5.714,4.141,1.085,3.056,0.738,5,"hperm_lane_base_q_reg[0]/C","lane_result_q_reg[3][33]/D","P2 lane result capture","FDCE=2;LUT2=1;LUT6=4"
905,1.570,5.714,4.141,1.085,3.056,0.738,5,"hperm_lane_base_q_reg[0]/C","lane_result_q_reg[3][40]/D","P2 lane result capture","FDCE=2;LUT2=1;LUT6=4"
906,1.570,5.714,4.141,1.085,3.056,0.738,5,"hperm_lane_base_q_reg[0]/C","lane_result_q_reg[3][41]/D","P2 lane result capture","FDCE=2;LUT2=1;LUT6=4"
907,1.570,5.714,4.141,1.085,3.056,0.738,5,"hperm_lane_base_q_reg[0]/C","lane_result_q_reg[3][44]/D","P2 lane result capture","FDCE=2;LUT2=1;LUT6=4"
908,1.570,5.714,4.141,1.085,3.056,0.738,5,"hperm_lane_base_q_reg[0]/C","lane_result_q_reg[3][45]/D","P2 lane result capture","FDCE=2;LUT2=1;LUT6=4"
909,1.570,5.714,4.141,1.190,2.951,0.713,6,"FSM_onehot_st_q_reg[2]/C","lane_result_q_reg[3][61]/D","P2 lane result capture","FDCE=2;LUT4=1;LUT6=5"
910,1.571,5.714,4.140,1.085,3.055,0.738,5,"hperm_lane_base_q_reg[0]/C","lane_result_q_reg[1][10]/D","P2 lane result capture","FDCE=2;LUT2=1;LUT6=4"
911,1.571,5.714,4.140,1.085,3.055,0.738,5,"hperm_lane_base_q_reg[0]/C","lane_result_q_reg[1][14]/D","P2 lane result capture","FDCE=2;LUT2=1;LUT6=4"
912,1.571,5.714,4.140,1.085,3.055,0.738,5,"hperm_lane_base_q_reg[0]/C","lane_result_q_reg[2][10]/D","P2 lane result capture","FDCE=2;LUT2=1;LUT6=4"
913,1.571,5.714,4.140,1.085,3.055,0.738,5,"hperm_lane_base_q_reg[0]/C","lane_result_q_reg[2][14]/D","P2 lane result capture","FDCE=2;LUT2=1;LUT6=4"
914,1.571,5.714,4.140,1.085,3.055,0.738,5,"hperm_lane_base_q_reg[0]/C","lane_result_q_reg[3][10]/D","P2 lane result capture","FDCE=2;LUT2=1;LUT6=4"
915,1.571,5.714,4.140,1.085,3.055,0.738,5,"hperm_lane_base_q_reg[0]/C","lane_result_q_reg[3][14]/D","P2 lane result capture","FDCE=2;LUT2=1;LUT6=4"
916,1.572,5.714,4.139,1.085,3.054,0.738,5,"hperm_lane_base_q_reg[0]/C","lane_result_q_reg[0][11]/D","P2 lane result capture","FDCE=2;LUT2=1;LUT6=4"
917,1.572,5.714,4.139,1.085,3.054,0.738,5,"hperm_lane_base_q_reg[0]/C","lane_result_q_reg[0][15]/D","P2 lane result capture","FDCE=2;LUT2=1;LUT6=4"
918,1.572,5.714,4.139,1.085,3.054,0.738,5,"hperm_lane_base_q_reg[0]/C","lane_result_q_reg[0][3]/D","P2 lane result capture","FDCE=2;LUT2=1;LUT6=4"
919,1.572,5.714,4.139,1.085,3.054,0.738,5,"hperm_lane_base_q_reg[0]/C","lane_result_q_reg[0][7]/D","P2 lane result capture","FDCE=2;LUT2=1;LUT6=4"
920,1.572,5.714,4.139,1.085,3.054,0.738,5,"hperm_lane_base_q_reg[0]/C","lane_result_q_reg[3][35]/D","P2 lane result capture","FDCE=2;LUT2=1;LUT6=4"
921,1.575,5.714,4.136,1.085,3.051,0.738,5,"hperm_lane_base_q_reg[0]/C","lane_result_q_reg[0][10]/D","P2 lane result capture","FDCE=2;LUT2=1;LUT6=4"
922,1.575,5.714,4.136,1.085,3.051,0.738,5,"hperm_lane_base_q_reg[0]/C","lane_result_q_reg[0][14]/D","P2 lane result capture","FDCE=2;LUT2=1;LUT6=4"
923,1.575,5.714,4.136,1.085,3.051,0.738,5,"hperm_lane_base_q_reg[0]/C","lane_result_q_reg[0][2]/D","P2 lane result capture","FDCE=2;LUT2=1;LUT6=4"
924,1.575,5.714,4.136,1.085,3.051,0.738,5,"hperm_lane_base_q_reg[0]/C","lane_result_q_reg[0][6]/D","P2 lane result capture","FDCE=2;LUT2=1;LUT6=4"
925,1.575,5.714,4.136,1.085,3.051,0.738,5,"hperm_lane_base_q_reg[0]/C","lane_result_q_reg[3][34]/D","P2 lane result capture","FDCE=2;LUT2=1;LUT6=4"
926,1.575,5.714,4.136,1.085,3.051,0.738,5,"hperm_lane_base_q_reg[0]/C","lane_result_q_reg[3][38]/D","P2 lane result capture","FDCE=2;LUT2=1;LUT6=4"
927,1.575,5.714,4.136,1.085,3.051,0.738,5,"hperm_lane_base_q_reg[0]/C","lane_result_q_reg[3][42]/D","P2 lane result capture","FDCE=2;LUT2=1;LUT6=4"
928,1.575,5.714,4.136,1.085,3.051,0.738,5,"hperm_lane_base_q_reg[0]/C","lane_result_q_reg[3][46]/D","P2 lane result capture","FDCE=2;LUT2=1;LUT6=4"
929,1.577,5.714,4.134,1.085,3.049,0.738,5,"hperm_lane_base_q_reg[0]/C","lane_result_q_reg[1][36]/D","P2 lane result capture","FDCE=2;LUT2=1;LUT6=4"
930,1.577,5.714,4.134,1.085,3.049,0.738,5,"hperm_lane_base_q_reg[0]/C","lane_result_q_reg[1][37]/D","P2 lane result capture","FDCE=2;LUT2=1;LUT6=4"
931,1.577,5.714,4.134,1.085,3.049,0.738,5,"hperm_lane_base_q_reg[0]/C","lane_result_q_reg[2][4]/D","P2 lane result capture","FDCE=2;LUT2=1;LUT6=4"
932,1.577,5.714,4.134,1.085,3.049,0.738,5,"hperm_lane_base_q_reg[0]/C","lane_result_q_reg[2][52]/D","P2 lane result capture","FDCE=2;LUT2=1;LUT6=4"
933,1.577,5.714,4.134,1.085,3.049,0.738,5,"hperm_lane_base_q_reg[0]/C","lane_result_q_reg[2][53]/D","P2 lane result capture","FDCE=2;LUT2=1;LUT6=4"
934,1.577,5.714,4.134,1.085,3.049,0.738,5,"hperm_lane_base_q_reg[0]/C","lane_result_q_reg[2][5]/D","P2 lane result capture","FDCE=2;LUT2=1;LUT6=4"
935,1.577,5.714,4.134,1.085,3.049,0.738,5,"hperm_lane_base_q_reg[0]/C","lane_result_q_reg[3][36]/D","P2 lane result capture","FDCE=2;LUT2=1;LUT6=4"
936,1.577,5.714,4.134,1.085,3.049,0.738,5,"hperm_lane_base_q_reg[0]/C","lane_result_q_reg[3][37]/D","P2 lane result capture","FDCE=2;LUT2=1;LUT6=4"
937,1.577,5.714,4.134,1.085,3.049,0.738,5,"hperm_lane_base_q_reg[0]/C","lane_result_q_reg[3][48]/D","P2 lane result capture","FDCE=2;LUT2=1;LUT6=4"
938,1.577,5.714,4.134,1.085,3.049,0.738,5,"hperm_lane_base_q_reg[0]/C","lane_result_q_reg[3][49]/D","P2 lane result capture","FDCE=2;LUT2=1;LUT6=4"
939,1.577,5.714,4.134,1.085,3.049,0.738,5,"hperm_lane_base_q_reg[0]/C","lane_result_q_reg[3][52]/D","P2 lane result capture","FDCE=2;LUT2=1;LUT6=4"
940,1.577,5.714,4.134,1.085,3.049,0.738,5,"hperm_lane_base_q_reg[0]/C","lane_result_q_reg[3][53]/D","P2 lane result capture","FDCE=2;LUT2=1;LUT6=4"
941,1.579,5.714,4.132,1.085,3.047,0.737,5,"hperm_lane_base_q_reg[0]/C","lane_result_q_reg[0][51]/D","P2 lane result capture","FDCE=2;LUT2=1;LUT6=4"
942,1.579,5.714,4.132,1.085,3.047,0.737,5,"hperm_lane_base_q_reg[0]/C","lane_result_q_reg[1][3]/D","P2 lane result capture","FDCE=2;LUT2=1;LUT6=4"
943,1.579,5.714,4.132,1.085,3.047,0.737,5,"hperm_lane_base_q_reg[0]/C","lane_result_q_reg[1][51]/D","P2 lane result capture","FDCE=2;LUT2=1;LUT6=4"
944,1.579,5.714,4.132,1.085,3.047,0.737,5,"hperm_lane_base_q_reg[0]/C","lane_result_q_reg[2][3]/D","P2 lane result capture","FDCE=2;LUT2=1;LUT6=4"
945,1.579,5.714,4.132,1.085,3.047,0.737,5,"hperm_lane_base_q_reg[0]/C","lane_result_q_reg[2][51]/D","P2 lane result capture","FDCE=2;LUT2=1;LUT6=4"
946,1.579,5.714,4.132,1.085,3.047,0.737,5,"hperm_lane_base_q_reg[0]/C","lane_result_q_reg[3][3]/D","P2 lane result capture","FDCE=2;LUT2=1;LUT6=4"
947,1.582,5.714,4.129,1.085,3.044,0.737,5,"hperm_lane_base_q_reg[0]/C","lane_result_q_reg[0][38]/D","P2 lane result capture","FDCE=2;LUT2=1;LUT6=4"
948,1.582,5.714,4.129,1.085,3.044,0.737,5,"hperm_lane_base_q_reg[0]/C","lane_result_q_reg[1][2]/D","P2 lane result capture","FDCE=2;LUT2=1;LUT6=4"
949,1.582,5.714,4.129,1.085,3.044,0.737,5,"hperm_lane_base_q_reg[0]/C","lane_result_q_reg[1][38]/D","P2 lane result capture","FDCE=2;LUT2=1;LUT6=4"
950,1.582,5.714,4.129,1.085,3.044,0.737,5,"hperm_lane_base_q_reg[0]/C","lane_result_q_reg[2][2]/D","P2 lane result capture","FDCE=2;LUT2=1;LUT6=4"
951,1.582,5.714,4.129,1.085,3.044,0.737,5,"hperm_lane_base_q_reg[0]/C","lane_result_q_reg[2][38]/D","P2 lane result capture","FDCE=2;LUT2=1;LUT6=4"
952,1.582,5.714,4.129,1.085,3.044,0.737,5,"hperm_lane_base_q_reg[0]/C","lane_result_q_reg[3][2]/D","P2 lane result capture","FDCE=2;LUT2=1;LUT6=4"
953,1.582,5.714,4.129,1.085,3.044,0.737,5,"hperm_lane_base_q_reg[0]/C","lane_result_q_reg[3][50]/D","P2 lane result capture","FDCE=2;LUT2=1;LUT6=4"
954,1.583,5.714,4.128,1.085,3.043,0.737,5,"hperm_lane_base_q_reg[0]/C","lane_result_q_reg[0][36]/D","P2 lane result capture","FDCE=2;LUT2=1;LUT6=4"
955,1.583,5.714,4.128,1.085,3.043,0.737,5,"hperm_lane_base_q_reg[0]/C","lane_result_q_reg[0][37]/D","P2 lane result capture","FDCE=2;LUT2=1;LUT6=4"
956,1.583,5.714,4.128,1.085,3.043,0.737,5,"hperm_lane_base_q_reg[0]/C","lane_result_q_reg[1][4]/D","P2 lane result capture","FDCE=2;LUT2=1;LUT6=4"
957,1.583,5.714,4.128,1.085,3.043,0.737,5,"hperm_lane_base_q_reg[0]/C","lane_result_q_reg[1][5]/D","P2 lane result capture","FDCE=2;LUT2=1;LUT6=4"
958,1.583,5.714,4.128,1.085,3.043,0.737,5,"hperm_lane_base_q_reg[0]/C","lane_result_q_reg[2][36]/D","P2 lane result capture","FDCE=2;LUT2=1;LUT6=4"
959,1.583,5.714,4.128,1.085,3.043,0.737,5,"hperm_lane_base_q_reg[0]/C","lane_result_q_reg[2][37]/D","P2 lane result capture","FDCE=2;LUT2=1;LUT6=4"
960,1.779,5.714,3.932,1.846,2.086,0.531,6,"a_q_reg[4]/C","uop_p0_q_reg[src0_addr][5]/D","TOP control","CARRY4=2;FDCE=2;LUT4=2;LUT6=2"
961,1.779,5.714,3.932,1.846,2.086,0.531,6,"a_q_reg[4]/C","uop_p0_q_reg[src1_addr][5]/D","TOP control","CARRY4=2;FDCE=2;LUT4=2;LUT6=2"
962,1.805,5.714,3.899,0.980,2.919,0.749,4,"op_q_reg[0]/C","i_vrf/vrf_b2_reg_r1_0_63_0_2/RAMA/WADR1","VRF/read/writeback","FDCE=1;LUT3=2;LUT5=2;RAMD64E=1"
963,1.805,5.714,3.899,0.980,2.919,0.749,4,"op_q_reg[0]/C","i_vrf/vrf_b2_reg_r1_0_63_0_2/RAMB/WADR1","VRF/read/writeback","FDCE=1;LUT3=2;LUT5=2;RAMD64E=1"
964,1.805,5.714,3.899,0.980,2.919,0.749,4,"op_q_reg[0]/C","i_vrf/vrf_b2_reg_r1_0_63_0_2/RAMC/WADR1","VRF/read/writeback","FDCE=1;LUT3=2;LUT5=2;RAMD64E=1"
965,1.805,5.714,3.899,0.980,2.919,0.749,4,"op_q_reg[0]/C","i_vrf/vrf_b2_reg_r1_0_63_0_2/RAMD/WADR1","VRF/read/writeback","FDCE=1;LUT3=2;LUT5=2;RAMD64E=1"
966,1.805,5.714,3.899,0.980,2.919,0.749,4,"op_q_reg[0]/C","i_vrf/vrf_b2_reg_r1_0_63_12_14/RAMA/WADR1","VRF/read/writeback","FDCE=1;LUT3=2;LUT5=2;RAMD64E=1"
967,1.805,5.714,3.899,0.980,2.919,0.749,4,"op_q_reg[0]/C","i_vrf/vrf_b2_reg_r1_0_63_12_14/RAMB/WADR1","VRF/read/writeback","FDCE=1;LUT3=2;LUT5=2;RAMD64E=1"
968,1.805,5.714,3.899,0.980,2.919,0.749,4,"op_q_reg[0]/C","i_vrf/vrf_b2_reg_r1_0_63_12_14/RAMC/WADR1","VRF/read/writeback","FDCE=1;LUT3=2;LUT5=2;RAMD64E=1"
969,1.805,5.714,3.899,0.980,2.919,0.749,4,"op_q_reg[0]/C","i_vrf/vrf_b2_reg_r1_0_63_12_14/RAMD/WADR1","VRF/read/writeback","FDCE=1;LUT3=2;LUT5=2;RAMD64E=1"
970,1.805,5.714,3.899,0.980,2.919,0.749,4,"op_q_reg[0]/C","i_vrf/vrf_b2_reg_r1_0_63_15_17/RAMA/WADR1","VRF/read/writeback","FDCE=1;LUT3=2;LUT5=2;RAMD64E=1"
971,1.805,5.714,3.899,0.980,2.919,0.749,4,"op_q_reg[0]/C","i_vrf/vrf_b2_reg_r1_0_63_15_17/RAMB/WADR1","VRF/read/writeback","FDCE=1;LUT3=2;LUT5=2;RAMD64E=1"
972,1.805,5.714,3.899,0.980,2.919,0.749,4,"op_q_reg[0]/C","i_vrf/vrf_b2_reg_r1_0_63_15_17/RAMC/WADR1","VRF/read/writeback","FDCE=1;LUT3=2;LUT5=2;RAMD64E=1"
973,1.805,5.714,3.899,0.980,2.919,0.749,4,"op_q_reg[0]/C","i_vrf/vrf_b2_reg_r1_0_63_15_17/RAMD/WADR1","VRF/read/writeback","FDCE=1;LUT3=2;LUT5=2;RAMD64E=1"
974,1.805,5.714,3.899,0.980,2.919,0.749,4,"op_q_reg[0]/C","i_vrf/vrf_b2_reg_r1_0_63_18_20/RAMA/WADR1","VRF/read/writeback","FDCE=1;LUT3=2;LUT5=2;RAMD64E=1"
975,1.805,5.714,3.899,0.980,2.919,0.749,4,"op_q_reg[0]/C","i_vrf/vrf_b2_reg_r1_0_63_18_20/RAMB/WADR1","VRF/read/writeback","FDCE=1;LUT3=2;LUT5=2;RAMD64E=1"
976,1.805,5.714,3.899,0.980,2.919,0.749,4,"op_q_reg[0]/C","i_vrf/vrf_b2_reg_r1_0_63_18_20/RAMC/WADR1","VRF/read/writeback","FDCE=1;LUT3=2;LUT5=2;RAMD64E=1"
977,1.805,5.714,3.899,0.980,2.919,0.749,4,"op_q_reg[0]/C","i_vrf/vrf_b2_reg_r1_0_63_18_20/RAMD/WADR1","VRF/read/writeback","FDCE=1;LUT3=2;LUT5=2;RAMD64E=1"
978,1.805,5.714,3.899,0.980,2.919,0.749,4,"op_q_reg[0]/C","i_vrf/vrf_b2_reg_r1_0_63_21_23/RAMA/WADR1","VRF/read/writeback","FDCE=1;LUT3=2;LUT5=2;RAMD64E=1"
979,1.805,5.714,3.899,0.980,2.919,0.749,4,"op_q_reg[0]/C","i_vrf/vrf_b2_reg_r1_0_63_21_23/RAMB/WADR1","VRF/read/writeback","FDCE=1;LUT3=2;LUT5=2;RAMD64E=1"
980,1.805,5.714,3.899,0.980,2.919,0.749,4,"op_q_reg[0]/C","i_vrf/vrf_b2_reg_r1_0_63_21_23/RAMC/WADR1","VRF/read/writeback","FDCE=1;LUT3=2;LUT5=2;RAMD64E=1"
981,1.805,5.714,3.899,0.980,2.919,0.749,4,"op_q_reg[0]/C","i_vrf/vrf_b2_reg_r1_0_63_21_23/RAMD/WADR1","VRF/read/writeback","FDCE=1;LUT3=2;LUT5=2;RAMD64E=1"
982,1.805,5.714,3.899,0.980,2.919,0.749,4,"op_q_reg[0]/C","i_vrf/vrf_b2_reg_r1_0_63_24_26/RAMA/WADR1","VRF/read/writeback","FDCE=1;LUT3=2;LUT5=2;RAMD64E=1"
983,1.805,5.714,3.899,0.980,2.919,0.749,4,"op_q_reg[0]/C","i_vrf/vrf_b2_reg_r1_0_63_24_26/RAMB/WADR1","VRF/read/writeback","FDCE=1;LUT3=2;LUT5=2;RAMD64E=1"
984,1.805,5.714,3.899,0.980,2.919,0.749,4,"op_q_reg[0]/C","i_vrf/vrf_b2_reg_r1_0_63_24_26/RAMC/WADR1","VRF/read/writeback","FDCE=1;LUT3=2;LUT5=2;RAMD64E=1"
985,1.805,5.714,3.899,0.980,2.919,0.749,4,"op_q_reg[0]/C","i_vrf/vrf_b2_reg_r1_0_63_24_26/RAMD/WADR1","VRF/read/writeback","FDCE=1;LUT3=2;LUT5=2;RAMD64E=1"
986,1.805,5.714,3.899,0.980,2.919,0.749,4,"op_q_reg[0]/C","i_vrf/vrf_b2_reg_r1_0_63_27_29/RAMA/WADR1","VRF/read/writeback","FDCE=1;LUT3=2;LUT5=2;RAMD64E=1"
987,1.805,5.714,3.899,0.980,2.919,0.749,4,"op_q_reg[0]/C","i_vrf/vrf_b2_reg_r1_0_63_27_29/RAMB/WADR1","VRF/read/writeback","FDCE=1;LUT3=2;LUT5=2;RAMD64E=1"
988,1.805,5.714,3.899,0.980,2.919,0.749,4,"op_q_reg[0]/C","i_vrf/vrf_b2_reg_r1_0_63_27_29/RAMC/WADR1","VRF/read/writeback","FDCE=1;LUT3=2;LUT5=2;RAMD64E=1"
989,1.805,5.714,3.899,0.980,2.919,0.749,4,"op_q_reg[0]/C","i_vrf/vrf_b2_reg_r1_0_63_27_29/RAMD/WADR1","VRF/read/writeback","FDCE=1;LUT3=2;LUT5=2;RAMD64E=1"
990,1.805,5.714,3.899,0.980,2.919,0.749,4,"op_q_reg[0]/C","i_vrf/vrf_b2_reg_r1_0_63_30_32/RAMA/WADR1","VRF/read/writeback","FDCE=1;LUT3=2;LUT5=2;RAMD64E=1"
991,1.805,5.714,3.899,0.980,2.919,0.749,4,"op_q_reg[0]/C","i_vrf/vrf_b2_reg_r1_0_63_30_32/RAMB/WADR1","VRF/read/writeback","FDCE=1;LUT3=2;LUT5=2;RAMD64E=1"
992,1.805,5.714,3.899,0.980,2.919,0.749,4,"op_q_reg[0]/C","i_vrf/vrf_b2_reg_r1_0_63_30_32/RAMC/WADR1","VRF/read/writeback","FDCE=1;LUT3=2;LUT5=2;RAMD64E=1"
993,1.805,5.714,3.899,0.980,2.919,0.749,4,"op_q_reg[0]/C","i_vrf/vrf_b2_reg_r1_0_63_30_32/RAMD/WADR1","VRF/read/writeback","FDCE=1;LUT3=2;LUT5=2;RAMD64E=1"
994,1.805,5.714,3.899,0.980,2.919,0.749,4,"op_q_reg[0]/C","i_vrf/vrf_b2_reg_r1_0_63_33_35/RAMA/WADR1","VRF/read/writeback","FDCE=1;LUT3=2;LUT5=2;RAMD64E=1"
995,1.805,5.714,3.899,0.980,2.919,0.749,4,"op_q_reg[0]/C","i_vrf/vrf_b2_reg_r1_0_63_33_35/RAMB/WADR1","VRF/read/writeback","FDCE=1;LUT3=2;LUT5=2;RAMD64E=1"
996,1.805,5.714,3.899,0.980,2.919,0.749,4,"op_q_reg[0]/C","i_vrf/vrf_b2_reg_r1_0_63_33_35/RAMC/WADR1","VRF/read/writeback","FDCE=1;LUT3=2;LUT5=2;RAMD64E=1"
997,1.805,5.714,3.899,0.980,2.919,0.749,4,"op_q_reg[0]/C","i_vrf/vrf_b2_reg_r1_0_63_33_35/RAMD/WADR1","VRF/read/writeback","FDCE=1;LUT3=2;LUT5=2;RAMD64E=1"
998,1.805,5.714,3.899,0.980,2.919,0.749,4,"op_q_reg[0]/C","i_vrf/vrf_b2_reg_r1_0_63_36_38/RAMA/WADR1","VRF/read/writeback","FDCE=1;LUT3=2;LUT5=2;RAMD64E=1"
999,1.805,5.714,3.899,0.980,2.919,0.749,4,"op_q_reg[0]/C","i_vrf/vrf_b2_reg_r1_0_63_36_38/RAMB/WADR1","VRF/read/writeback","FDCE=1;LUT3=2;LUT5=2;RAMD64E=1"
1000,1.805,5.714,3.899,0.980,2.919,0.749,4,"op_q_reg[0]/C","i_vrf/vrf_b2_reg_r1_0_63_36_38/RAMC/WADR1","VRF/read/writeback","FDCE=1;LUT3=2;LUT5=2;RAMD64E=1"
