rank,slack_ns,required_time_ns,data_path_delay_ns,logic_delay_ns,route_delay_ns,route_ratio,logic_levels,startpoint,endpoint,path_class,main_cells
1,-0.447,5.000,5.444,1.190,4.254,0.781,6,"src0_q_reg[0][1]/C","gen_lane[0].i_p2_pop_slice/popcount_q_o_reg[3]/D","P2 popcount capture","FDCE=2;LUT3=2;LUT6=4"
2,-0.447,5.000,5.444,1.190,4.254,0.781,6,"src0_q_reg[0][1]/C","gen_lane[0].i_p2_pop_slice/popcount_q_o_reg[5]/D","P2 popcount capture","FDCE=2;LUT3=1;LUT6=5"
3,-0.447,5.000,5.444,1.190,4.254,0.781,6,"src0_q_reg[0][1]/C","gen_lane[0].i_p2_pop_slice/popcount_q_o_reg[6]/D","P2 popcount capture","FDCE=2;LUT3=1;LUT6=5"
4,-0.447,5.000,5.444,1.190,4.254,0.781,6,"src0_q_reg[1][1]/C","gen_lane[1].i_p2_pop_slice/popcount_q_o_reg[3]/D","P2 popcount capture","FDCE=2;LUT3=2;LUT6=4"
5,-0.447,5.000,5.444,1.190,4.254,0.781,6,"src0_q_reg[1][1]/C","gen_lane[1].i_p2_pop_slice/popcount_q_o_reg[5]/D","P2 popcount capture","FDCE=2;LUT3=1;LUT6=5"
6,-0.447,5.000,5.444,1.190,4.254,0.781,6,"src0_q_reg[1][1]/C","gen_lane[1].i_p2_pop_slice/popcount_q_o_reg[6]/D","P2 popcount capture","FDCE=2;LUT3=1;LUT6=5"
7,-0.447,5.000,5.444,1.190,4.254,0.781,6,"src0_q_reg[2][1]/C","gen_lane[2].i_p2_pop_slice/popcount_q_o_reg[3]/D","P2 popcount capture","FDCE=2;LUT3=2;LUT6=4"
8,-0.447,5.000,5.444,1.190,4.254,0.781,6,"src0_q_reg[2][1]/C","gen_lane[2].i_p2_pop_slice/popcount_q_o_reg[5]/D","P2 popcount capture","FDCE=2;LUT3=1;LUT6=5"
9,-0.447,5.000,5.444,1.190,4.254,0.781,6,"src0_q_reg[2][1]/C","gen_lane[2].i_p2_pop_slice/popcount_q_o_reg[6]/D","P2 popcount capture","FDCE=2;LUT3=1;LUT6=5"
10,-0.447,5.000,5.444,1.190,4.254,0.781,6,"src0_q_reg[3][1]/C","gen_lane[3].i_p2_pop_slice/popcount_q_o_reg[3]/D","P2 popcount capture","FDCE=2;LUT3=2;LUT6=4"
11,-0.447,5.000,5.444,1.190,4.254,0.781,6,"src0_q_reg[3][1]/C","gen_lane[3].i_p2_pop_slice/popcount_q_o_reg[5]/D","P2 popcount capture","FDCE=2;LUT3=1;LUT6=5"
12,-0.447,5.000,5.444,1.190,4.254,0.781,6,"src0_q_reg[3][1]/C","gen_lane[3].i_p2_pop_slice/popcount_q_o_reg[6]/D","P2 popcount capture","FDCE=2;LUT3=1;LUT6=5"
13,-0.393,5.000,5.390,1.190,4.200,0.779,6,"src0_q_reg[0][1]/C","gen_lane[0].i_p2_pop_slice/popcount_q_o_reg[4]/D","P2 popcount capture","FDCE=2;LUT3=1;LUT6=5"
14,-0.393,5.000,5.390,1.190,4.200,0.779,6,"src0_q_reg[1][1]/C","gen_lane[1].i_p2_pop_slice/popcount_q_o_reg[4]/D","P2 popcount capture","FDCE=2;LUT3=1;LUT6=5"
15,-0.393,5.000,5.390,1.190,4.200,0.779,6,"src0_q_reg[2][1]/C","gen_lane[2].i_p2_pop_slice/popcount_q_o_reg[4]/D","P2 popcount capture","FDCE=2;LUT3=1;LUT6=5"
16,-0.393,5.000,5.390,1.190,4.200,0.779,6,"src0_q_reg[3][1]/C","gen_lane[3].i_p2_pop_slice/popcount_q_o_reg[4]/D","P2 popcount capture","FDCE=2;LUT3=1;LUT6=5"
17,-0.236,5.000,5.233,2.540,2.693,0.515,8,"gen_lane[2].i_p2_pop_slice/popcount_q_o_reg[4]/C","hmatch_budget_q_reg[1]/D","P2 popcount capture","CARRY4=3;FDCE=2;LUT2=1;LUT3=1;LUT5=1;LUT6=2"
18,-0.236,5.000,5.233,2.540,2.693,0.515,8,"gen_lane[2].i_p2_pop_slice/popcount_q_o_reg[4]/C","hmatch_budget_q_reg[2]/D","P2 popcount capture","CARRY4=3;FDCE=2;LUT2=1;LUT3=1;LUT5=1;LUT6=2"
19,-0.236,5.000,5.233,2.540,2.693,0.515,8,"gen_lane[2].i_p2_pop_slice/popcount_q_o_reg[4]/C","hmatch_budget_q_reg[3]/D","P2 popcount capture","CARRY4=3;FDCE=2;LUT2=1;LUT3=1;LUT5=1;LUT6=2"
20,-0.236,5.000,5.233,2.540,2.693,0.515,8,"gen_lane[2].i_p2_pop_slice/popcount_q_o_reg[4]/C","hmatch_budget_q_reg[4]/D","P2 popcount capture","CARRY4=3;FDCE=2;LUT2=1;LUT3=1;LUT5=1;LUT6=2"
21,-0.236,5.000,5.233,2.540,2.693,0.515,8,"gen_lane[2].i_p2_pop_slice/popcount_q_o_reg[4]/C","hmatch_budget_q_reg[5]/D","P2 popcount capture","CARRY4=3;FDCE=2;LUT2=1;LUT3=1;LUT5=1;LUT6=2"
22,-0.236,5.000,5.233,2.540,2.693,0.515,8,"gen_lane[2].i_p2_pop_slice/popcount_q_o_reg[4]/C","hmatch_budget_q_reg[6]/D","P2 popcount capture","CARRY4=3;FDCE=2;LUT2=1;LUT3=1;LUT5=1;LUT6=2"
23,-0.236,5.000,5.233,2.540,2.693,0.515,8,"gen_lane[2].i_p2_pop_slice/popcount_q_o_reg[4]/C","hmatch_budget_q_reg[7]/D","P2 popcount capture","CARRY4=3;FDCE=2;LUT2=1;LUT3=1;LUT5=1;LUT6=2"
24,-0.236,5.000,5.233,2.540,2.693,0.515,8,"gen_lane[2].i_p2_pop_slice/popcount_q_o_reg[4]/C","hmatch_budget_q_reg[8]/D","P2 popcount capture","CARRY4=3;FDCE=2;LUT2=1;LUT3=1;LUT5=1;LUT6=2"
25,-0.236,5.000,5.233,2.540,2.693,0.515,8,"gen_lane[2].i_p2_pop_slice/popcount_q_o_reg[4]/C","hmatch_budget_q_reg[9]/D","P2 popcount capture","CARRY4=3;FDCE=2;LUT2=1;LUT3=1;LUT5=1;LUT6=2"
26,-0.236,5.000,5.233,2.540,2.693,0.515,8,"gen_lane[2].i_p2_pop_slice/popcount_q_o_reg[4]/C","hmatch_update_q_reg/D","HMATCH reduction/compare","CARRY4=3;FDCE=2;LUT2=1;LUT3=1;LUT5=1;LUT6=2"
27,-0.124,5.000,4.770,1.085,3.685,0.773,5,"uop_p3_q_reg[chunk_idx][1]/C","i_vrf/vrf_b2_reg_r1_0_63_6_8/RAMB/I","VRF/read/writeback","FDCE=1;LUT5=2;LUT6=2;RAMD64E=1"
28,-0.124,5.000,4.770,1.085,3.685,0.773,5,"uop_p3_q_reg[chunk_idx][1]/C","i_vrf/vrf_b2_reg_r2_0_63_6_8/RAMB/I","VRF/read/writeback","FDCE=1;LUT5=2;LUT6=2;RAMD64E=2"
29,-0.120,5.000,4.770,1.085,3.685,0.773,5,"uop_p3_q_reg[chunk_idx][1]/C","i_vrf/vrf_b2_reg_r1_0_63_3_5/RAMC/I","VRF/read/writeback","FDCE=1;LUT5=2;LUT6=2;RAMD64E=1"
30,-0.120,5.000,4.770,1.085,3.685,0.773,5,"uop_p3_q_reg[chunk_idx][1]/C","i_vrf/vrf_b2_reg_r2_0_63_3_5/RAMC/I","VRF/read/writeback","FDCE=1;LUT5=2;LUT6=2;RAMD64E=2"
31,-0.115,5.000,4.770,1.085,3.685,0.773,5,"uop_p3_q_reg[chunk_idx][1]/C","i_vrf/vrf_b2_reg_r1_0_63_6_8/RAMA/I","VRF/read/writeback","FDCE=1;LUT5=2;LUT6=2;RAMD64E=1"
32,-0.115,5.000,4.770,1.085,3.685,0.773,5,"uop_p3_q_reg[chunk_idx][1]/C","i_vrf/vrf_b2_reg_r2_0_63_6_8/RAMA/I","VRF/read/writeback","FDCE=1;LUT5=2;LUT6=2;RAMD64E=2"
33,-0.060,5.000,4.849,1.951,2.898,0.598,7,"a_q_reg[4]/C","res_q_reg[0]/CE","scalar response","CARRY4=2;FDCE=2;LUT4=2;LUT5=1;LUT6=2"
34,-0.060,5.000,4.849,1.951,2.898,0.598,7,"a_q_reg[4]/C","res_q_reg[10]/CE","scalar response","CARRY4=2;FDCE=2;LUT4=2;LUT5=1;LUT6=2"
35,-0.060,5.000,4.849,1.951,2.898,0.598,7,"a_q_reg[4]/C","res_q_reg[11]/CE","scalar response","CARRY4=2;FDCE=2;LUT4=2;LUT5=1;LUT6=2"
36,-0.060,5.000,4.849,1.951,2.898,0.598,7,"a_q_reg[4]/C","res_q_reg[12]/CE","scalar response","CARRY4=2;FDCE=2;LUT4=2;LUT5=1;LUT6=2"
37,-0.060,5.000,4.849,1.951,2.898,0.598,7,"a_q_reg[4]/C","res_q_reg[13]/CE","scalar response","CARRY4=2;FDCE=2;LUT4=2;LUT5=1;LUT6=2"
38,-0.060,5.000,4.849,1.951,2.898,0.598,7,"a_q_reg[4]/C","res_q_reg[14]/CE","scalar response","CARRY4=2;FDCE=2;LUT4=2;LUT5=1;LUT6=2"
39,-0.060,5.000,4.849,1.951,2.898,0.598,7,"a_q_reg[4]/C","res_q_reg[15]/CE","scalar response","CARRY4=2;FDCE=2;LUT4=2;LUT5=1;LUT6=2"
40,-0.060,5.000,4.849,1.951,2.898,0.598,7,"a_q_reg[4]/C","res_q_reg[16]/CE","scalar response","CARRY4=2;FDCE=2;LUT4=2;LUT5=1;LUT6=2"
41,-0.060,5.000,4.849,1.951,2.898,0.598,7,"a_q_reg[4]/C","res_q_reg[17]/CE","scalar response","CARRY4=2;FDCE=2;LUT4=2;LUT5=1;LUT6=2"
42,-0.060,5.000,4.849,1.951,2.898,0.598,7,"a_q_reg[4]/C","res_q_reg[18]/CE","scalar response","CARRY4=2;FDCE=2;LUT4=2;LUT5=1;LUT6=2"
43,-0.060,5.000,4.849,1.951,2.898,0.598,7,"a_q_reg[4]/C","res_q_reg[19]/CE","scalar response","CARRY4=2;FDCE=2;LUT4=2;LUT5=1;LUT6=2"
44,-0.060,5.000,4.849,1.951,2.898,0.598,7,"a_q_reg[4]/C","res_q_reg[1]/CE","scalar response","CARRY4=2;FDCE=2;LUT4=2;LUT5=1;LUT6=2"
45,-0.060,5.000,4.849,1.951,2.898,0.598,7,"a_q_reg[4]/C","res_q_reg[20]/CE","scalar response","CARRY4=2;FDCE=2;LUT4=2;LUT5=1;LUT6=2"
46,-0.060,5.000,4.849,1.951,2.898,0.598,7,"a_q_reg[4]/C","res_q_reg[21]/CE","scalar response","CARRY4=2;FDCE=2;LUT4=2;LUT5=1;LUT6=2"
47,-0.060,5.000,4.849,1.951,2.898,0.598,7,"a_q_reg[4]/C","res_q_reg[22]/CE","scalar response","CARRY4=2;FDCE=2;LUT4=2;LUT5=1;LUT6=2"
48,-0.060,5.000,4.849,1.951,2.898,0.598,7,"a_q_reg[4]/C","res_q_reg[23]/CE","scalar response","CARRY4=2;FDCE=2;LUT4=2;LUT5=1;LUT6=2"
49,-0.060,5.000,4.849,1.951,2.898,0.598,7,"a_q_reg[4]/C","res_q_reg[24]/CE","scalar response","CARRY4=2;FDCE=2;LUT4=2;LUT5=1;LUT6=2"
50,-0.060,5.000,4.849,1.951,2.898,0.598,7,"a_q_reg[4]/C","res_q_reg[25]/CE","scalar response","CARRY4=2;FDCE=2;LUT4=2;LUT5=1;LUT6=2"
51,-0.060,5.000,4.849,1.951,2.898,0.598,7,"a_q_reg[4]/C","res_q_reg[26]/CE","scalar response","CARRY4=2;FDCE=2;LUT4=2;LUT5=1;LUT6=2"
52,-0.060,5.000,4.849,1.951,2.898,0.598,7,"a_q_reg[4]/C","res_q_reg[27]/CE","scalar response","CARRY4=2;FDCE=2;LUT4=2;LUT5=1;LUT6=2"
53,-0.060,5.000,4.849,1.951,2.898,0.598,7,"a_q_reg[4]/C","res_q_reg[28]/CE","scalar response","CARRY4=2;FDCE=2;LUT4=2;LUT5=1;LUT6=2"
54,-0.060,5.000,4.849,1.951,2.898,0.598,7,"a_q_reg[4]/C","res_q_reg[29]/CE","scalar response","CARRY4=2;FDCE=2;LUT4=2;LUT5=1;LUT6=2"
55,-0.060,5.000,4.849,1.951,2.898,0.598,7,"a_q_reg[4]/C","res_q_reg[2]/CE","scalar response","CARRY4=2;FDCE=2;LUT4=2;LUT5=1;LUT6=2"
56,-0.060,5.000,4.849,1.951,2.898,0.598,7,"a_q_reg[4]/C","res_q_reg[30]/CE","scalar response","CARRY4=2;FDCE=2;LUT4=2;LUT5=1;LUT6=2"
57,-0.060,5.000,4.849,1.951,2.898,0.598,7,"a_q_reg[4]/C","res_q_reg[31]/CE","scalar response","CARRY4=2;FDCE=2;LUT4=2;LUT5=1;LUT6=2"
58,-0.060,5.000,4.849,1.951,2.898,0.598,7,"a_q_reg[4]/C","res_q_reg[32]/CE","scalar response","CARRY4=2;FDCE=2;LUT4=2;LUT5=1;LUT6=2"
59,-0.060,5.000,4.849,1.951,2.898,0.598,7,"a_q_reg[4]/C","res_q_reg[33]/CE","scalar response","CARRY4=2;FDCE=2;LUT4=2;LUT5=1;LUT6=2"
60,-0.060,5.000,4.849,1.951,2.898,0.598,7,"a_q_reg[4]/C","res_q_reg[34]/CE","scalar response","CARRY4=2;FDCE=2;LUT4=2;LUT5=1;LUT6=2"
61,-0.060,5.000,4.849,1.951,2.898,0.598,7,"a_q_reg[4]/C","res_q_reg[35]/CE","scalar response","CARRY4=2;FDCE=2;LUT4=2;LUT5=1;LUT6=2"
62,-0.060,5.000,4.849,1.951,2.898,0.598,7,"a_q_reg[4]/C","res_q_reg[36]/CE","scalar response","CARRY4=2;FDCE=2;LUT4=2;LUT5=1;LUT6=2"
63,-0.060,5.000,4.849,1.951,2.898,0.598,7,"a_q_reg[4]/C","res_q_reg[37]/CE","scalar response","CARRY4=2;FDCE=2;LUT4=2;LUT5=1;LUT6=2"
64,-0.060,5.000,4.849,1.951,2.898,0.598,7,"a_q_reg[4]/C","res_q_reg[38]/CE","scalar response","CARRY4=2;FDCE=2;LUT4=2;LUT5=1;LUT6=2"
65,-0.060,5.000,4.849,1.951,2.898,0.598,7,"a_q_reg[4]/C","res_q_reg[39]/CE","scalar response","CARRY4=2;FDCE=2;LUT4=2;LUT5=1;LUT6=2"
66,-0.060,5.000,4.849,1.951,2.898,0.598,7,"a_q_reg[4]/C","res_q_reg[3]/CE","scalar response","CARRY4=2;FDCE=2;LUT4=2;LUT5=1;LUT6=2"
67,-0.060,5.000,4.849,1.951,2.898,0.598,7,"a_q_reg[4]/C","res_q_reg[40]/CE","scalar response","CARRY4=2;FDCE=2;LUT4=2;LUT5=1;LUT6=2"
68,-0.060,5.000,4.849,1.951,2.898,0.598,7,"a_q_reg[4]/C","res_q_reg[41]/CE","scalar response","CARRY4=2;FDCE=2;LUT4=2;LUT5=1;LUT6=2"
69,-0.060,5.000,4.849,1.951,2.898,0.598,7,"a_q_reg[4]/C","res_q_reg[42]/CE","scalar response","CARRY4=2;FDCE=2;LUT4=2;LUT5=1;LUT6=2"
70,-0.060,5.000,4.849,1.951,2.898,0.598,7,"a_q_reg[4]/C","res_q_reg[43]/CE","scalar response","CARRY4=2;FDCE=2;LUT4=2;LUT5=1;LUT6=2"
71,-0.060,5.000,4.849,1.951,2.898,0.598,7,"a_q_reg[4]/C","res_q_reg[44]/CE","scalar response","CARRY4=2;FDCE=2;LUT4=2;LUT5=1;LUT6=2"
72,-0.060,5.000,4.849,1.951,2.898,0.598,7,"a_q_reg[4]/C","res_q_reg[45]/CE","scalar response","CARRY4=2;FDCE=2;LUT4=2;LUT5=1;LUT6=2"
73,-0.060,5.000,4.849,1.951,2.898,0.598,7,"a_q_reg[4]/C","res_q_reg[46]/CE","scalar response","CARRY4=2;FDCE=2;LUT4=2;LUT5=1;LUT6=2"
74,-0.060,5.000,4.849,1.951,2.898,0.598,7,"a_q_reg[4]/C","res_q_reg[47]/CE","scalar response","CARRY4=2;FDCE=2;LUT4=2;LUT5=1;LUT6=2"
75,-0.060,5.000,4.849,1.951,2.898,0.598,7,"a_q_reg[4]/C","res_q_reg[48]/CE","scalar response","CARRY4=2;FDCE=2;LUT4=2;LUT5=1;LUT6=2"
76,-0.060,5.000,4.849,1.951,2.898,0.598,7,"a_q_reg[4]/C","res_q_reg[49]/CE","scalar response","CARRY4=2;FDCE=2;LUT4=2;LUT5=1;LUT6=2"
77,-0.060,5.000,4.849,1.951,2.898,0.598,7,"a_q_reg[4]/C","res_q_reg[4]/CE","scalar response","CARRY4=2;FDCE=2;LUT4=2;LUT5=1;LUT6=2"
78,-0.060,5.000,4.849,1.951,2.898,0.598,7,"a_q_reg[4]/C","res_q_reg[50]/CE","scalar response","CARRY4=2;FDCE=2;LUT4=2;LUT5=1;LUT6=2"
79,-0.060,5.000,4.849,1.951,2.898,0.598,7,"a_q_reg[4]/C","res_q_reg[51]/CE","scalar response","CARRY4=2;FDCE=2;LUT4=2;LUT5=1;LUT6=2"
80,-0.060,5.000,4.849,1.951,2.898,0.598,7,"a_q_reg[4]/C","res_q_reg[52]/CE","scalar response","CARRY4=2;FDCE=2;LUT4=2;LUT5=1;LUT6=2"
81,-0.060,5.000,4.849,1.951,2.898,0.598,7,"a_q_reg[4]/C","res_q_reg[53]/CE","scalar response","CARRY4=2;FDCE=2;LUT4=2;LUT5=1;LUT6=2"
82,-0.060,5.000,4.849,1.951,2.898,0.598,7,"a_q_reg[4]/C","res_q_reg[54]/CE","scalar response","CARRY4=2;FDCE=2;LUT4=2;LUT5=1;LUT6=2"
83,-0.060,5.000,4.849,1.951,2.898,0.598,7,"a_q_reg[4]/C","res_q_reg[55]/CE","scalar response","CARRY4=2;FDCE=2;LUT4=2;LUT5=1;LUT6=2"
84,-0.060,5.000,4.849,1.951,2.898,0.598,7,"a_q_reg[4]/C","res_q_reg[56]/CE","scalar response","CARRY4=2;FDCE=2;LUT4=2;LUT5=1;LUT6=2"
85,-0.060,5.000,4.849,1.951,2.898,0.598,7,"a_q_reg[4]/C","res_q_reg[57]/CE","scalar response","CARRY4=2;FDCE=2;LUT4=2;LUT5=1;LUT6=2"
86,-0.060,5.000,4.849,1.951,2.898,0.598,7,"a_q_reg[4]/C","res_q_reg[58]/CE","scalar response","CARRY4=2;FDCE=2;LUT4=2;LUT5=1;LUT6=2"
87,-0.060,5.000,4.849,1.951,2.898,0.598,7,"a_q_reg[4]/C","res_q_reg[59]/CE","scalar response","CARRY4=2;FDCE=2;LUT4=2;LUT5=1;LUT6=2"
88,-0.060,5.000,4.849,1.951,2.898,0.598,7,"a_q_reg[4]/C","res_q_reg[5]/CE","scalar response","CARRY4=2;FDCE=2;LUT4=2;LUT5=1;LUT6=2"
89,-0.060,5.000,4.849,1.951,2.898,0.598,7,"a_q_reg[4]/C","res_q_reg[60]/CE","scalar response","CARRY4=2;FDCE=2;LUT4=2;LUT5=1;LUT6=2"
90,-0.060,5.000,4.849,1.951,2.898,0.598,7,"a_q_reg[4]/C","res_q_reg[61]/CE","scalar response","CARRY4=2;FDCE=2;LUT4=2;LUT5=1;LUT6=2"
91,-0.060,5.000,4.849,1.951,2.898,0.598,7,"a_q_reg[4]/C","res_q_reg[62]/CE","scalar response","CARRY4=2;FDCE=2;LUT4=2;LUT5=1;LUT6=2"
92,-0.060,5.000,4.849,1.951,2.898,0.598,7,"a_q_reg[4]/C","res_q_reg[63]/CE","scalar response","CARRY4=2;FDCE=2;LUT4=2;LUT5=1;LUT6=2"
93,-0.060,5.000,4.849,1.951,2.898,0.598,7,"a_q_reg[4]/C","res_q_reg[6]/CE","scalar response","CARRY4=2;FDCE=2;LUT4=2;LUT5=1;LUT6=2"
94,-0.060,5.000,4.849,1.951,2.898,0.598,7,"a_q_reg[4]/C","res_q_reg[7]/CE","scalar response","CARRY4=2;FDCE=2;LUT4=2;LUT5=1;LUT6=2"
95,-0.060,5.000,4.849,1.951,2.898,0.598,7,"a_q_reg[4]/C","res_q_reg[8]/CE","scalar response","CARRY4=2;FDCE=2;LUT4=2;LUT5=1;LUT6=2"
96,-0.060,5.000,4.849,1.951,2.898,0.598,7,"a_q_reg[4]/C","res_q_reg[9]/CE","scalar response","CARRY4=2;FDCE=2;LUT4=2;LUT5=1;LUT6=2"
97,-0.049,5.000,4.838,1.951,2.887,0.597,7,"a_q_reg[4]/C","hmatch_best_idx_q_reg[0]/CE","HMATCH reduction/compare","CARRY4=2;FDCE=2;LUT3=1;LUT4=2;LUT6=2"
98,-0.049,5.000,4.838,1.951,2.887,0.597,7,"a_q_reg[4]/C","hmatch_best_idx_q_reg[1]/CE","HMATCH reduction/compare","CARRY4=2;FDCE=2;LUT3=1;LUT4=2;LUT6=2"
99,-0.049,5.000,4.838,1.951,2.887,0.597,7,"a_q_reg[4]/C","hmatch_best_idx_q_reg[2]/CE","HMATCH reduction/compare","CARRY4=2;FDCE=2;LUT3=1;LUT4=2;LUT6=2"
100,-0.049,5.000,4.838,1.951,2.887,0.597,7,"a_q_reg[4]/C","hmatch_best_idx_q_reg[3]/CE","HMATCH reduction/compare","CARRY4=2;FDCE=2;LUT3=1;LUT4=2;LUT6=2"
101,-0.049,5.000,4.838,1.951,2.887,0.597,7,"a_q_reg[4]/C","hmatch_best_idx_q_reg[4]/CE","HMATCH reduction/compare","CARRY4=2;FDCE=2;LUT3=1;LUT4=2;LUT6=2"
102,-0.049,5.000,4.838,1.951,2.887,0.597,7,"a_q_reg[4]/C","hmatch_best_idx_q_reg[5]/CE","HMATCH reduction/compare","CARRY4=2;FDCE=2;LUT3=1;LUT4=2;LUT6=2"
103,-0.049,5.000,4.838,1.951,2.887,0.597,7,"a_q_reg[4]/C","hmatch_best_idx_q_reg[6]/CE","HMATCH reduction/compare","CARRY4=2;FDCE=2;LUT3=1;LUT4=2;LUT6=2"
104,-0.049,5.000,4.838,1.951,2.887,0.597,7,"a_q_reg[4]/C","hmatch_best_idx_q_reg[7]/CE","HMATCH reduction/compare","CARRY4=2;FDCE=2;LUT3=1;LUT4=2;LUT6=2"
105,-0.026,5.000,4.815,1.951,2.864,0.595,7,"a_q_reg[4]/C","hmatch_class_slot_q_reg[0]/CE","other","CARRY4=2;FDCE=2;LUT4=2;LUT6=3"
106,-0.026,5.000,4.815,1.951,2.864,0.595,7,"a_q_reg[4]/C","hmatch_class_slot_q_reg[1]/CE","other","CARRY4=2;FDCE=2;LUT4=2;LUT6=3"
107,-0.026,5.000,4.815,1.951,2.864,0.595,7,"a_q_reg[4]/C","hmatch_class_slot_q_reg[2]/CE","other","CARRY4=2;FDCE=2;LUT4=2;LUT6=3"
108,-0.026,5.000,4.815,1.951,2.864,0.595,7,"a_q_reg[4]/C","hmatch_class_slot_q_reg[3]/CE","other","CARRY4=2;FDCE=2;LUT4=2;LUT6=3"
109,-0.018,5.000,4.807,1.951,2.856,0.594,7,"a_q_reg[4]/C","hmatch_budget_q_reg[0]/CE","other","CARRY4=2;FDCE=2;LUT4=2;LUT5=1;LUT6=2"
110,-0.018,5.000,4.807,1.951,2.856,0.594,7,"a_q_reg[4]/C","hmatch_budget_q_reg[10]/CE","other","CARRY4=2;FDCE=2;LUT4=2;LUT5=1;LUT6=2"
111,-0.018,5.000,4.807,1.951,2.856,0.594,7,"a_q_reg[4]/C","hmatch_budget_q_reg[1]/CE","other","CARRY4=2;FDCE=2;LUT4=2;LUT5=1;LUT6=2"
112,-0.018,5.000,4.807,1.951,2.856,0.594,7,"a_q_reg[4]/C","hmatch_budget_q_reg[2]/CE","other","CARRY4=2;FDCE=2;LUT4=2;LUT5=1;LUT6=2"
113,-0.018,5.000,4.807,1.951,2.856,0.594,7,"a_q_reg[4]/C","hmatch_budget_q_reg[3]/CE","other","CARRY4=2;FDCE=2;LUT4=2;LUT5=1;LUT6=2"
114,-0.018,5.000,4.807,1.951,2.856,0.594,7,"a_q_reg[4]/C","hmatch_budget_q_reg[4]/CE","other","CARRY4=2;FDCE=2;LUT4=2;LUT5=1;LUT6=2"
115,-0.018,5.000,4.807,1.951,2.856,0.594,7,"a_q_reg[4]/C","hmatch_budget_q_reg[5]/CE","other","CARRY4=2;FDCE=2;LUT4=2;LUT5=1;LUT6=2"
116,-0.018,5.000,4.807,1.951,2.856,0.594,7,"a_q_reg[4]/C","hmatch_budget_q_reg[6]/CE","other","CARRY4=2;FDCE=2;LUT4=2;LUT5=1;LUT6=2"
117,-0.018,5.000,4.807,1.951,2.856,0.594,7,"a_q_reg[4]/C","hmatch_budget_q_reg[7]/CE","other","CARRY4=2;FDCE=2;LUT4=2;LUT5=1;LUT6=2"
118,-0.018,5.000,4.807,1.951,2.856,0.594,7,"a_q_reg[4]/C","hmatch_budget_q_reg[8]/CE","other","CARRY4=2;FDCE=2;LUT4=2;LUT5=1;LUT6=2"
119,-0.018,5.000,4.807,1.951,2.856,0.594,7,"a_q_reg[4]/C","hmatch_budget_q_reg[9]/CE","other","CARRY4=2;FDCE=2;LUT4=2;LUT5=1;LUT6=2"
120,-0.018,5.000,4.807,1.951,2.856,0.594,7,"a_q_reg[4]/C","hsim_total_q_reg[0]/CE","HMATCH reduction/compare","CARRY4=2;FDCE=2;LUT4=2;LUT5=1;LUT6=2"
121,-0.018,5.000,4.807,1.951,2.856,0.594,7,"a_q_reg[4]/C","hsim_total_q_reg[10]/CE","HMATCH reduction/compare","CARRY4=2;FDCE=2;LUT4=2;LUT5=1;LUT6=2"
122,-0.018,5.000,4.807,1.951,2.856,0.594,7,"a_q_reg[4]/C","hsim_total_q_reg[1]/CE","HMATCH reduction/compare","CARRY4=2;FDCE=2;LUT4=2;LUT5=1;LUT6=2"
123,-0.018,5.000,4.807,1.951,2.856,0.594,7,"a_q_reg[4]/C","hsim_total_q_reg[2]/CE","HMATCH reduction/compare","CARRY4=2;FDCE=2;LUT4=2;LUT5=1;LUT6=2"
124,-0.018,5.000,4.807,1.951,2.856,0.594,7,"a_q_reg[4]/C","hsim_total_q_reg[3]/CE","HMATCH reduction/compare","CARRY4=2;FDCE=2;LUT4=2;LUT5=1;LUT6=2"
125,-0.018,5.000,4.807,1.951,2.856,0.594,7,"a_q_reg[4]/C","hsim_total_q_reg[4]/CE","HMATCH reduction/compare","CARRY4=2;FDCE=2;LUT4=2;LUT5=1;LUT6=2"
126,-0.018,5.000,4.807,1.951,2.856,0.594,7,"a_q_reg[4]/C","hsim_total_q_reg[5]/CE","HMATCH reduction/compare","CARRY4=2;FDCE=2;LUT4=2;LUT5=1;LUT6=2"
127,-0.018,5.000,4.807,1.951,2.856,0.594,7,"a_q_reg[4]/C","hsim_total_q_reg[6]/CE","HMATCH reduction/compare","CARRY4=2;FDCE=2;LUT4=2;LUT5=1;LUT6=2"
128,-0.018,5.000,4.807,1.951,2.856,0.594,7,"a_q_reg[4]/C","hsim_total_q_reg[7]/CE","HMATCH reduction/compare","CARRY4=2;FDCE=2;LUT4=2;LUT5=1;LUT6=2"
129,-0.018,5.000,4.807,1.951,2.856,0.594,7,"a_q_reg[4]/C","hsim_total_q_reg[8]/CE","HMATCH reduction/compare","CARRY4=2;FDCE=2;LUT4=2;LUT5=1;LUT6=2"
130,-0.018,5.000,4.807,1.951,2.856,0.594,7,"a_q_reg[4]/C","hsim_total_q_reg[9]/CE","HMATCH reduction/compare","CARRY4=2;FDCE=2;LUT4=2;LUT5=1;LUT6=2"
131,0.231,5.000,4.766,1.105,3.661,0.768,5,"src0_q_reg[0][43]/C","gen_lane[0].i_p2_pop_slice/popcount_q_o_reg[2]/D","P2 popcount capture","FDCE=2;LUT3=1;LUT5=2;LUT6=2"
132,0.231,5.000,4.766,1.105,3.661,0.768,5,"src0_q_reg[1][43]/C","gen_lane[1].i_p2_pop_slice/popcount_q_o_reg[2]/D","P2 popcount capture","FDCE=2;LUT3=1;LUT5=2;LUT6=2"
133,0.231,5.000,4.766,1.105,3.661,0.768,5,"src0_q_reg[2][43]/C","gen_lane[2].i_p2_pop_slice/popcount_q_o_reg[2]/D","P2 popcount capture","FDCE=2;LUT3=1;LUT5=2;LUT6=2"
134,0.231,5.000,4.766,1.105,3.661,0.768,5,"src0_q_reg[3][43]/C","gen_lane[3].i_p2_pop_slice/popcount_q_o_reg[2]/D","P2 popcount capture","FDCE=2;LUT3=1;LUT5=2;LUT6=2"
135,0.259,5.000,4.738,2.435,2.303,0.486,7,"gen_lane[2].i_p2_pop_slice/popcount_q_o_reg[4]/C","hmatch_budget_q_reg[0]/D","P2 popcount capture","CARRY4=3;FDCE=2;LUT3=1;LUT5=1;LUT6=2"
136,0.259,5.000,4.738,2.435,2.303,0.486,7,"gen_lane[2].i_p2_pop_slice/popcount_q_o_reg[4]/C","hmatch_budget_q_reg[10]/D","P2 popcount capture","CARRY4=3;FDCE=2;LUT3=1;LUT5=1;LUT6=2"
137,0.263,5.000,4.734,1.085,3.649,0.771,5,"src0_q_reg[0][63]/C","gen_lane[0].i_p2_pop_slice/popcount_q_o_reg[1]/D","P2 popcount capture","FDCE=2;LUT5=2;LUT6=3"
138,0.263,5.000,4.734,1.085,3.649,0.771,5,"src0_q_reg[1][63]/C","gen_lane[1].i_p2_pop_slice/popcount_q_o_reg[1]/D","P2 popcount capture","FDCE=2;LUT5=2;LUT6=3"
139,0.263,5.000,4.734,1.085,3.649,0.771,5,"src0_q_reg[2][63]/C","gen_lane[2].i_p2_pop_slice/popcount_q_o_reg[1]/D","P2 popcount capture","FDCE=2;LUT5=2;LUT6=3"
140,0.263,5.000,4.734,1.085,3.649,0.771,5,"src0_q_reg[3][63]/C","gen_lane[3].i_p2_pop_slice/popcount_q_o_reg[1]/D","P2 popcount capture","FDCE=2;LUT5=2;LUT6=3"
141,0.269,5.000,4.728,2.488,2.240,0.474,9,"gen_lane[2].i_p2_pop_slice/popcount_q_o_reg[2]/C","hsim_total_q_reg[10]/D","HMATCH reduction/compare","CARRY4=4;FDCE=2;LUT2=2;LUT3=1;LUT5=1;LUT6=1"
142,0.277,5.000,4.373,1.085,3.288,0.752,5,"uop_p3_q_reg[chunk_idx][1]/C","i_vrf/vrf_b0_reg_r1_0_63_63_63/DP/I","VRF/read/writeback","FDCE=1;LUT4=1;LUT5=2;LUT6=1;RAMD64E=1"
143,0.277,5.000,4.373,1.085,3.288,0.752,5,"uop_p3_q_reg[chunk_idx][1]/C","i_vrf/vrf_b0_reg_r2_0_63_63_63/DP/I","VRF/read/writeback","FDCE=1;LUT4=1;LUT5=2;LUT6=1;RAMD64E=2"
144,0.277,5.000,4.373,1.085,3.288,0.752,5,"uop_p3_q_reg[chunk_idx][1]/C","i_vrf/vrf_b1_reg_r1_0_63_63_63/DP/I","VRF/read/writeback","FDCE=1;LUT4=1;LUT5=2;LUT6=1;RAMD64E=1"
145,0.277,5.000,4.373,1.085,3.288,0.752,5,"uop_p3_q_reg[chunk_idx][1]/C","i_vrf/vrf_b1_reg_r2_0_63_63_63/DP/I","VRF/read/writeback","FDCE=1;LUT4=1;LUT5=2;LUT6=1;RAMD64E=2"
146,0.277,5.000,4.373,1.085,3.288,0.752,5,"uop_p3_q_reg[chunk_idx][1]/C","i_vrf/vrf_b2_reg_r1_0_63_63_63/DP/I","VRF/read/writeback","FDCE=1;LUT4=1;LUT5=2;LUT6=1;RAMD64E=1"
147,0.277,5.000,4.373,1.085,3.288,0.752,5,"uop_p3_q_reg[chunk_idx][1]/C","i_vrf/vrf_b2_reg_r2_0_63_63_63/DP/I","VRF/read/writeback","FDCE=1;LUT4=1;LUT5=2;LUT6=1;RAMD64E=2"
148,0.277,5.000,4.373,1.085,3.288,0.752,5,"uop_p3_q_reg[chunk_idx][1]/C","i_vrf/vrf_b3_reg_r1_0_63_63_63/DP/I","VRF/read/writeback","FDCE=1;LUT4=1;LUT5=2;LUT6=1;RAMD64E=1"
149,0.277,5.000,4.373,1.085,3.288,0.752,5,"uop_p3_q_reg[chunk_idx][1]/C","i_vrf/vrf_b3_reg_r2_0_63_63_63/DP/I","VRF/read/writeback","FDCE=1;LUT4=1;LUT5=2;LUT6=1;RAMD64E=2"
150,0.286,5.000,4.360,1.085,3.275,0.751,5,"uop_p3_q_reg[chunk_idx][1]/C","i_vrf/vrf_b0_reg_r1_0_63_0_2/RAMB/I","VRF/read/writeback","FDCE=1;LUT4=1;LUT5=2;LUT6=1;RAMD64E=1"
151,0.286,5.000,4.360,1.085,3.275,0.751,5,"uop_p3_q_reg[chunk_idx][1]/C","i_vrf/vrf_b0_reg_r1_0_63_12_14/RAMB/I","VRF/read/writeback","FDCE=1;LUT4=1;LUT5=2;LUT6=1;RAMD64E=1"
152,0.286,5.000,4.360,1.085,3.275,0.751,5,"uop_p3_q_reg[chunk_idx][1]/C","i_vrf/vrf_b0_reg_r1_0_63_15_17/RAMB/I","VRF/read/writeback","FDCE=1;LUT4=1;LUT5=2;LUT6=1;RAMD64E=1"
153,0.286,5.000,4.360,1.085,3.275,0.751,5,"uop_p3_q_reg[chunk_idx][1]/C","i_vrf/vrf_b0_reg_r1_0_63_18_20/RAMB/I","VRF/read/writeback","FDCE=1;LUT4=1;LUT5=2;LUT6=1;RAMD64E=1"
154,0.286,5.000,4.360,1.085,3.275,0.751,5,"uop_p3_q_reg[chunk_idx][1]/C","i_vrf/vrf_b0_reg_r1_0_63_21_23/RAMB/I","VRF/read/writeback","FDCE=1;LUT4=1;LUT5=2;LUT6=1;RAMD64E=1"
155,0.286,5.000,4.360,1.085,3.275,0.751,5,"uop_p3_q_reg[chunk_idx][1]/C","i_vrf/vrf_b0_reg_r1_0_63_24_26/RAMB/I","VRF/read/writeback","FDCE=1;LUT4=1;LUT5=2;LUT6=1;RAMD64E=1"
156,0.286,5.000,4.360,1.085,3.275,0.751,5,"uop_p3_q_reg[chunk_idx][1]/C","i_vrf/vrf_b0_reg_r1_0_63_27_29/RAMB/I","VRF/read/writeback","FDCE=1;LUT4=1;LUT5=2;LUT6=1;RAMD64E=1"
157,0.286,5.000,4.360,1.085,3.275,0.751,5,"uop_p3_q_reg[chunk_idx][1]/C","i_vrf/vrf_b0_reg_r1_0_63_30_32/RAMB/I","VRF/read/writeback","FDCE=1;LUT4=1;LUT5=2;LUT6=1;RAMD64E=1"
158,0.286,5.000,4.360,1.085,3.275,0.751,5,"uop_p3_q_reg[chunk_idx][1]/C","i_vrf/vrf_b0_reg_r1_0_63_33_35/RAMB/I","VRF/read/writeback","FDCE=1;LUT4=1;LUT5=2;LUT6=1;RAMD64E=1"
159,0.286,5.000,4.360,1.085,3.275,0.751,5,"uop_p3_q_reg[chunk_idx][1]/C","i_vrf/vrf_b0_reg_r1_0_63_36_38/RAMB/I","VRF/read/writeback","FDCE=1;LUT4=1;LUT5=2;LUT6=1;RAMD64E=1"
160,0.286,5.000,4.360,1.085,3.275,0.751,5,"uop_p3_q_reg[chunk_idx][1]/C","i_vrf/vrf_b0_reg_r1_0_63_39_41/RAMB/I","VRF/read/writeback","FDCE=1;LUT4=1;LUT5=2;LUT6=1;RAMD64E=1"
161,0.286,5.000,4.360,1.085,3.275,0.751,5,"uop_p3_q_reg[chunk_idx][1]/C","i_vrf/vrf_b0_reg_r1_0_63_3_5/RAMB/I","VRF/read/writeback","FDCE=1;LUT4=1;LUT5=2;LUT6=1;RAMD64E=1"
162,0.286,5.000,4.360,1.085,3.275,0.751,5,"uop_p3_q_reg[chunk_idx][1]/C","i_vrf/vrf_b0_reg_r1_0_63_42_44/RAMB/I","VRF/read/writeback","FDCE=1;LUT4=1;LUT5=2;LUT6=1;RAMD64E=1"
163,0.286,5.000,4.360,1.085,3.275,0.751,5,"uop_p3_q_reg[chunk_idx][1]/C","i_vrf/vrf_b0_reg_r1_0_63_45_47/RAMB/I","VRF/read/writeback","FDCE=1;LUT4=1;LUT5=2;LUT6=1;RAMD64E=1"
164,0.286,5.000,4.360,1.085,3.275,0.751,5,"uop_p3_q_reg[chunk_idx][1]/C","i_vrf/vrf_b0_reg_r1_0_63_48_50/RAMB/I","VRF/read/writeback","FDCE=1;LUT4=1;LUT5=2;LUT6=1;RAMD64E=1"
165,0.286,5.000,4.360,1.085,3.275,0.751,5,"uop_p3_q_reg[chunk_idx][1]/C","i_vrf/vrf_b0_reg_r1_0_63_51_53/RAMB/I","VRF/read/writeback","FDCE=1;LUT4=1;LUT5=2;LUT6=1;RAMD64E=1"
166,0.286,5.000,4.360,1.085,3.275,0.751,5,"uop_p3_q_reg[chunk_idx][1]/C","i_vrf/vrf_b0_reg_r1_0_63_54_56/RAMB/I","VRF/read/writeback","FDCE=1;LUT4=1;LUT5=2;LUT6=1;RAMD64E=1"
167,0.286,5.000,4.360,1.085,3.275,0.751,5,"uop_p3_q_reg[chunk_idx][1]/C","i_vrf/vrf_b0_reg_r1_0_63_57_59/RAMB/I","VRF/read/writeback","FDCE=1;LUT4=1;LUT5=2;LUT6=1;RAMD64E=1"
168,0.286,5.000,4.360,1.085,3.275,0.751,5,"uop_p3_q_reg[chunk_idx][1]/C","i_vrf/vrf_b0_reg_r1_0_63_60_62/RAMB/I","VRF/read/writeback","FDCE=1;LUT4=1;LUT5=2;LUT6=1;RAMD64E=1"
169,0.286,5.000,4.360,1.085,3.275,0.751,5,"uop_p3_q_reg[chunk_idx][1]/C","i_vrf/vrf_b0_reg_r1_0_63_6_8/RAMB/I","VRF/read/writeback","FDCE=1;LUT4=1;LUT5=2;LUT6=1;RAMD64E=1"
170,0.286,5.000,4.360,1.085,3.275,0.751,5,"uop_p3_q_reg[chunk_idx][1]/C","i_vrf/vrf_b0_reg_r1_0_63_9_11/RAMB/I","VRF/read/writeback","FDCE=1;LUT4=1;LUT5=2;LUT6=1;RAMD64E=1"
171,0.286,5.000,4.360,1.085,3.275,0.751,5,"uop_p3_q_reg[chunk_idx][1]/C","i_vrf/vrf_b0_reg_r2_0_63_0_2/RAMB/I","VRF/read/writeback","FDCE=1;LUT4=1;LUT5=2;LUT6=1;RAMD64E=2"
172,0.286,5.000,4.360,1.085,3.275,0.751,5,"uop_p3_q_reg[chunk_idx][1]/C","i_vrf/vrf_b0_reg_r2_0_63_12_14/RAMB/I","VRF/read/writeback","FDCE=1;LUT4=1;LUT5=2;LUT6=1;RAMD64E=2"
173,0.286,5.000,4.360,1.085,3.275,0.751,5,"uop_p3_q_reg[chunk_idx][1]/C","i_vrf/vrf_b0_reg_r2_0_63_15_17/RAMB/I","VRF/read/writeback","FDCE=1;LUT4=1;LUT5=2;LUT6=1;RAMD64E=2"
174,0.286,5.000,4.360,1.085,3.275,0.751,5,"uop_p3_q_reg[chunk_idx][1]/C","i_vrf/vrf_b0_reg_r2_0_63_18_20/RAMB/I","VRF/read/writeback","FDCE=1;LUT4=1;LUT5=2;LUT6=1;RAMD64E=2"
175,0.286,5.000,4.360,1.085,3.275,0.751,5,"uop_p3_q_reg[chunk_idx][1]/C","i_vrf/vrf_b0_reg_r2_0_63_21_23/RAMB/I","VRF/read/writeback","FDCE=1;LUT4=1;LUT5=2;LUT6=1;RAMD64E=2"
176,0.286,5.000,4.360,1.085,3.275,0.751,5,"uop_p3_q_reg[chunk_idx][1]/C","i_vrf/vrf_b0_reg_r2_0_63_24_26/RAMB/I","VRF/read/writeback","FDCE=1;LUT4=1;LUT5=2;LUT6=1;RAMD64E=2"
177,0.286,5.000,4.360,1.085,3.275,0.751,5,"uop_p3_q_reg[chunk_idx][1]/C","i_vrf/vrf_b0_reg_r2_0_63_27_29/RAMB/I","VRF/read/writeback","FDCE=1;LUT4=1;LUT5=2;LUT6=1;RAMD64E=2"
178,0.286,5.000,4.360,1.085,3.275,0.751,5,"uop_p3_q_reg[chunk_idx][1]/C","i_vrf/vrf_b0_reg_r2_0_63_30_32/RAMB/I","VRF/read/writeback","FDCE=1;LUT4=1;LUT5=2;LUT6=1;RAMD64E=2"
179,0.286,5.000,4.360,1.085,3.275,0.751,5,"uop_p3_q_reg[chunk_idx][1]/C","i_vrf/vrf_b0_reg_r2_0_63_33_35/RAMB/I","VRF/read/writeback","FDCE=1;LUT4=1;LUT5=2;LUT6=1;RAMD64E=2"
180,0.286,5.000,4.360,1.085,3.275,0.751,5,"uop_p3_q_reg[chunk_idx][1]/C","i_vrf/vrf_b0_reg_r2_0_63_36_38/RAMB/I","VRF/read/writeback","FDCE=1;LUT4=1;LUT5=2;LUT6=1;RAMD64E=2"
181,0.286,5.000,4.360,1.085,3.275,0.751,5,"uop_p3_q_reg[chunk_idx][1]/C","i_vrf/vrf_b0_reg_r2_0_63_39_41/RAMB/I","VRF/read/writeback","FDCE=1;LUT4=1;LUT5=2;LUT6=1;RAMD64E=2"
182,0.286,5.000,4.360,1.085,3.275,0.751,5,"uop_p3_q_reg[chunk_idx][1]/C","i_vrf/vrf_b0_reg_r2_0_63_3_5/RAMB/I","VRF/read/writeback","FDCE=1;LUT4=1;LUT5=2;LUT6=1;RAMD64E=2"
183,0.286,5.000,4.360,1.085,3.275,0.751,5,"uop_p3_q_reg[chunk_idx][1]/C","i_vrf/vrf_b0_reg_r2_0_63_42_44/RAMB/I","VRF/read/writeback","FDCE=1;LUT4=1;LUT5=2;LUT6=1;RAMD64E=2"
184,0.286,5.000,4.360,1.085,3.275,0.751,5,"uop_p3_q_reg[chunk_idx][1]/C","i_vrf/vrf_b0_reg_r2_0_63_45_47/RAMB/I","VRF/read/writeback","FDCE=1;LUT4=1;LUT5=2;LUT6=1;RAMD64E=2"
185,0.286,5.000,4.360,1.085,3.275,0.751,5,"uop_p3_q_reg[chunk_idx][1]/C","i_vrf/vrf_b0_reg_r2_0_63_48_50/RAMB/I","VRF/read/writeback","FDCE=1;LUT4=1;LUT5=2;LUT6=1;RAMD64E=2"
186,0.286,5.000,4.360,1.085,3.275,0.751,5,"uop_p3_q_reg[chunk_idx][1]/C","i_vrf/vrf_b0_reg_r2_0_63_51_53/RAMB/I","VRF/read/writeback","FDCE=1;LUT4=1;LUT5=2;LUT6=1;RAMD64E=2"
187,0.286,5.000,4.360,1.085,3.275,0.751,5,"uop_p3_q_reg[chunk_idx][1]/C","i_vrf/vrf_b0_reg_r2_0_63_54_56/RAMB/I","VRF/read/writeback","FDCE=1;LUT4=1;LUT5=2;LUT6=1;RAMD64E=2"
188,0.286,5.000,4.360,1.085,3.275,0.751,5,"uop_p3_q_reg[chunk_idx][1]/C","i_vrf/vrf_b0_reg_r2_0_63_57_59/RAMB/I","VRF/read/writeback","FDCE=1;LUT4=1;LUT5=2;LUT6=1;RAMD64E=2"
189,0.286,5.000,4.360,1.085,3.275,0.751,5,"uop_p3_q_reg[chunk_idx][1]/C","i_vrf/vrf_b0_reg_r2_0_63_60_62/RAMB/I","VRF/read/writeback","FDCE=1;LUT4=1;LUT5=2;LUT6=1;RAMD64E=2"
190,0.286,5.000,4.360,1.085,3.275,0.751,5,"uop_p3_q_reg[chunk_idx][1]/C","i_vrf/vrf_b0_reg_r2_0_63_6_8/RAMB/I","VRF/read/writeback","FDCE=1;LUT4=1;LUT5=2;LUT6=1;RAMD64E=2"
191,0.286,5.000,4.360,1.085,3.275,0.751,5,"uop_p3_q_reg[chunk_idx][1]/C","i_vrf/vrf_b0_reg_r2_0_63_9_11/RAMB/I","VRF/read/writeback","FDCE=1;LUT4=1;LUT5=2;LUT6=1;RAMD64E=2"
192,0.286,5.000,4.360,1.085,3.275,0.751,5,"uop_p3_q_reg[chunk_idx][1]/C","i_vrf/vrf_b1_reg_r1_0_63_0_2/RAMB/I","VRF/read/writeback","FDCE=1;LUT4=1;LUT5=2;LUT6=1;RAMD64E=1"
193,0.286,5.000,4.360,1.085,3.275,0.751,5,"uop_p3_q_reg[chunk_idx][1]/C","i_vrf/vrf_b1_reg_r1_0_63_12_14/RAMB/I","VRF/read/writeback","FDCE=1;LUT4=1;LUT5=2;LUT6=1;RAMD64E=1"
194,0.286,5.000,4.360,1.085,3.275,0.751,5,"uop_p3_q_reg[chunk_idx][1]/C","i_vrf/vrf_b1_reg_r1_0_63_15_17/RAMB/I","VRF/read/writeback","FDCE=1;LUT4=1;LUT5=2;LUT6=1;RAMD64E=1"
195,0.286,5.000,4.360,1.085,3.275,0.751,5,"uop_p3_q_reg[chunk_idx][1]/C","i_vrf/vrf_b1_reg_r1_0_63_18_20/RAMB/I","VRF/read/writeback","FDCE=1;LUT4=1;LUT5=2;LUT6=1;RAMD64E=1"
196,0.286,5.000,4.360,1.085,3.275,0.751,5,"uop_p3_q_reg[chunk_idx][1]/C","i_vrf/vrf_b1_reg_r1_0_63_21_23/RAMB/I","VRF/read/writeback","FDCE=1;LUT4=1;LUT5=2;LUT6=1;RAMD64E=1"
197,0.286,5.000,4.360,1.085,3.275,0.751,5,"uop_p3_q_reg[chunk_idx][1]/C","i_vrf/vrf_b1_reg_r1_0_63_24_26/RAMB/I","VRF/read/writeback","FDCE=1;LUT4=1;LUT5=2;LUT6=1;RAMD64E=1"
198,0.286,5.000,4.360,1.085,3.275,0.751,5,"uop_p3_q_reg[chunk_idx][1]/C","i_vrf/vrf_b1_reg_r1_0_63_27_29/RAMB/I","VRF/read/writeback","FDCE=1;LUT4=1;LUT5=2;LUT6=1;RAMD64E=1"
199,0.286,5.000,4.360,1.085,3.275,0.751,5,"uop_p3_q_reg[chunk_idx][1]/C","i_vrf/vrf_b1_reg_r1_0_63_30_32/RAMB/I","VRF/read/writeback","FDCE=1;LUT4=1;LUT5=2;LUT6=1;RAMD64E=1"
200,0.286,5.000,4.360,1.085,3.275,0.751,5,"uop_p3_q_reg[chunk_idx][1]/C","i_vrf/vrf_b1_reg_r1_0_63_33_35/RAMB/I","VRF/read/writeback","FDCE=1;LUT4=1;LUT5=2;LUT6=1;RAMD64E=1"
201,0.286,5.000,4.360,1.085,3.275,0.751,5,"uop_p3_q_reg[chunk_idx][1]/C","i_vrf/vrf_b1_reg_r1_0_63_36_38/RAMB/I","VRF/read/writeback","FDCE=1;LUT4=1;LUT5=2;LUT6=1;RAMD64E=1"
202,0.286,5.000,4.360,1.085,3.275,0.751,5,"uop_p3_q_reg[chunk_idx][1]/C","i_vrf/vrf_b1_reg_r1_0_63_39_41/RAMB/I","VRF/read/writeback","FDCE=1;LUT4=1;LUT5=2;LUT6=1;RAMD64E=1"
203,0.286,5.000,4.360,1.085,3.275,0.751,5,"uop_p3_q_reg[chunk_idx][1]/C","i_vrf/vrf_b1_reg_r1_0_63_3_5/RAMB/I","VRF/read/writeback","FDCE=1;LUT4=1;LUT5=2;LUT6=1;RAMD64E=1"
204,0.286,5.000,4.360,1.085,3.275,0.751,5,"uop_p3_q_reg[chunk_idx][1]/C","i_vrf/vrf_b1_reg_r1_0_63_42_44/RAMB/I","VRF/read/writeback","FDCE=1;LUT4=1;LUT5=2;LUT6=1;RAMD64E=1"
205,0.286,5.000,4.360,1.085,3.275,0.751,5,"uop_p3_q_reg[chunk_idx][1]/C","i_vrf/vrf_b1_reg_r1_0_63_45_47/RAMB/I","VRF/read/writeback","FDCE=1;LUT4=1;LUT5=2;LUT6=1;RAMD64E=1"
206,0.286,5.000,4.360,1.085,3.275,0.751,5,"uop_p3_q_reg[chunk_idx][1]/C","i_vrf/vrf_b1_reg_r1_0_63_48_50/RAMB/I","VRF/read/writeback","FDCE=1;LUT4=1;LUT5=2;LUT6=1;RAMD64E=1"
207,0.286,5.000,4.360,1.085,3.275,0.751,5,"uop_p3_q_reg[chunk_idx][1]/C","i_vrf/vrf_b1_reg_r1_0_63_51_53/RAMB/I","VRF/read/writeback","FDCE=1;LUT4=1;LUT5=2;LUT6=1;RAMD64E=1"
208,0.286,5.000,4.360,1.085,3.275,0.751,5,"uop_p3_q_reg[chunk_idx][1]/C","i_vrf/vrf_b1_reg_r1_0_63_54_56/RAMB/I","VRF/read/writeback","FDCE=1;LUT4=1;LUT5=2;LUT6=1;RAMD64E=1"
209,0.286,5.000,4.360,1.085,3.275,0.751,5,"uop_p3_q_reg[chunk_idx][1]/C","i_vrf/vrf_b1_reg_r1_0_63_57_59/RAMB/I","VRF/read/writeback","FDCE=1;LUT4=1;LUT5=2;LUT6=1;RAMD64E=1"
210,0.286,5.000,4.360,1.085,3.275,0.751,5,"uop_p3_q_reg[chunk_idx][1]/C","i_vrf/vrf_b1_reg_r1_0_63_60_62/RAMB/I","VRF/read/writeback","FDCE=1;LUT4=1;LUT5=2;LUT6=1;RAMD64E=1"
211,0.286,5.000,4.360,1.085,3.275,0.751,5,"uop_p3_q_reg[chunk_idx][1]/C","i_vrf/vrf_b1_reg_r1_0_63_6_8/RAMB/I","VRF/read/writeback","FDCE=1;LUT4=1;LUT5=2;LUT6=1;RAMD64E=1"
212,0.286,5.000,4.360,1.085,3.275,0.751,5,"uop_p3_q_reg[chunk_idx][1]/C","i_vrf/vrf_b1_reg_r1_0_63_9_11/RAMB/I","VRF/read/writeback","FDCE=1;LUT4=1;LUT5=2;LUT6=1;RAMD64E=1"
213,0.286,5.000,4.360,1.085,3.275,0.751,5,"uop_p3_q_reg[chunk_idx][1]/C","i_vrf/vrf_b1_reg_r2_0_63_0_2/RAMB/I","VRF/read/writeback","FDCE=1;LUT4=1;LUT5=2;LUT6=1;RAMD64E=2"
214,0.286,5.000,4.360,1.085,3.275,0.751,5,"uop_p3_q_reg[chunk_idx][1]/C","i_vrf/vrf_b1_reg_r2_0_63_12_14/RAMB/I","VRF/read/writeback","FDCE=1;LUT4=1;LUT5=2;LUT6=1;RAMD64E=2"
215,0.286,5.000,4.360,1.085,3.275,0.751,5,"uop_p3_q_reg[chunk_idx][1]/C","i_vrf/vrf_b1_reg_r2_0_63_15_17/RAMB/I","VRF/read/writeback","FDCE=1;LUT4=1;LUT5=2;LUT6=1;RAMD64E=2"
216,0.286,5.000,4.360,1.085,3.275,0.751,5,"uop_p3_q_reg[chunk_idx][1]/C","i_vrf/vrf_b1_reg_r2_0_63_18_20/RAMB/I","VRF/read/writeback","FDCE=1;LUT4=1;LUT5=2;LUT6=1;RAMD64E=2"
217,0.286,5.000,4.360,1.085,3.275,0.751,5,"uop_p3_q_reg[chunk_idx][1]/C","i_vrf/vrf_b1_reg_r2_0_63_21_23/RAMB/I","VRF/read/writeback","FDCE=1;LUT4=1;LUT5=2;LUT6=1;RAMD64E=2"
218,0.286,5.000,4.360,1.085,3.275,0.751,5,"uop_p3_q_reg[chunk_idx][1]/C","i_vrf/vrf_b1_reg_r2_0_63_24_26/RAMB/I","VRF/read/writeback","FDCE=1;LUT4=1;LUT5=2;LUT6=1;RAMD64E=2"
219,0.286,5.000,4.360,1.085,3.275,0.751,5,"uop_p3_q_reg[chunk_idx][1]/C","i_vrf/vrf_b1_reg_r2_0_63_27_29/RAMB/I","VRF/read/writeback","FDCE=1;LUT4=1;LUT5=2;LUT6=1;RAMD64E=2"
220,0.286,5.000,4.360,1.085,3.275,0.751,5,"uop_p3_q_reg[chunk_idx][1]/C","i_vrf/vrf_b1_reg_r2_0_63_30_32/RAMB/I","VRF/read/writeback","FDCE=1;LUT4=1;LUT5=2;LUT6=1;RAMD64E=2"
221,0.286,5.000,4.360,1.085,3.275,0.751,5,"uop_p3_q_reg[chunk_idx][1]/C","i_vrf/vrf_b1_reg_r2_0_63_33_35/RAMB/I","VRF/read/writeback","FDCE=1;LUT4=1;LUT5=2;LUT6=1;RAMD64E=2"
222,0.286,5.000,4.360,1.085,3.275,0.751,5,"uop_p3_q_reg[chunk_idx][1]/C","i_vrf/vrf_b1_reg_r2_0_63_36_38/RAMB/I","VRF/read/writeback","FDCE=1;LUT4=1;LUT5=2;LUT6=1;RAMD64E=2"
223,0.286,5.000,4.360,1.085,3.275,0.751,5,"uop_p3_q_reg[chunk_idx][1]/C","i_vrf/vrf_b1_reg_r2_0_63_39_41/RAMB/I","VRF/read/writeback","FDCE=1;LUT4=1;LUT5=2;LUT6=1;RAMD64E=2"
224,0.286,5.000,4.360,1.085,3.275,0.751,5,"uop_p3_q_reg[chunk_idx][1]/C","i_vrf/vrf_b1_reg_r2_0_63_3_5/RAMB/I","VRF/read/writeback","FDCE=1;LUT4=1;LUT5=2;LUT6=1;RAMD64E=2"
225,0.286,5.000,4.360,1.085,3.275,0.751,5,"uop_p3_q_reg[chunk_idx][1]/C","i_vrf/vrf_b1_reg_r2_0_63_42_44/RAMB/I","VRF/read/writeback","FDCE=1;LUT4=1;LUT5=2;LUT6=1;RAMD64E=2"
226,0.286,5.000,4.360,1.085,3.275,0.751,5,"uop_p3_q_reg[chunk_idx][1]/C","i_vrf/vrf_b1_reg_r2_0_63_45_47/RAMB/I","VRF/read/writeback","FDCE=1;LUT4=1;LUT5=2;LUT6=1;RAMD64E=2"
227,0.286,5.000,4.360,1.085,3.275,0.751,5,"uop_p3_q_reg[chunk_idx][1]/C","i_vrf/vrf_b1_reg_r2_0_63_48_50/RAMB/I","VRF/read/writeback","FDCE=1;LUT4=1;LUT5=2;LUT6=1;RAMD64E=2"
228,0.286,5.000,4.360,1.085,3.275,0.751,5,"uop_p3_q_reg[chunk_idx][1]/C","i_vrf/vrf_b1_reg_r2_0_63_51_53/RAMB/I","VRF/read/writeback","FDCE=1;LUT4=1;LUT5=2;LUT6=1;RAMD64E=2"
229,0.286,5.000,4.360,1.085,3.275,0.751,5,"uop_p3_q_reg[chunk_idx][1]/C","i_vrf/vrf_b1_reg_r2_0_63_54_56/RAMB/I","VRF/read/writeback","FDCE=1;LUT4=1;LUT5=2;LUT6=1;RAMD64E=2"
230,0.286,5.000,4.360,1.085,3.275,0.751,5,"uop_p3_q_reg[chunk_idx][1]/C","i_vrf/vrf_b1_reg_r2_0_63_57_59/RAMB/I","VRF/read/writeback","FDCE=1;LUT4=1;LUT5=2;LUT6=1;RAMD64E=2"
231,0.286,5.000,4.360,1.085,3.275,0.751,5,"uop_p3_q_reg[chunk_idx][1]/C","i_vrf/vrf_b1_reg_r2_0_63_60_62/RAMB/I","VRF/read/writeback","FDCE=1;LUT4=1;LUT5=2;LUT6=1;RAMD64E=2"
232,0.286,5.000,4.360,1.085,3.275,0.751,5,"uop_p3_q_reg[chunk_idx][1]/C","i_vrf/vrf_b1_reg_r2_0_63_6_8/RAMB/I","VRF/read/writeback","FDCE=1;LUT4=1;LUT5=2;LUT6=1;RAMD64E=2"
233,0.286,5.000,4.360,1.085,3.275,0.751,5,"uop_p3_q_reg[chunk_idx][1]/C","i_vrf/vrf_b1_reg_r2_0_63_9_11/RAMB/I","VRF/read/writeback","FDCE=1;LUT4=1;LUT5=2;LUT6=1;RAMD64E=2"
234,0.286,5.000,4.360,1.085,3.275,0.751,5,"uop_p3_q_reg[chunk_idx][1]/C","i_vrf/vrf_b2_reg_r1_0_63_0_2/RAMB/I","VRF/read/writeback","FDCE=1;LUT4=1;LUT5=2;LUT6=1;RAMD64E=1"
235,0.286,5.000,4.360,1.085,3.275,0.751,5,"uop_p3_q_reg[chunk_idx][1]/C","i_vrf/vrf_b2_reg_r1_0_63_12_14/RAMB/I","VRF/read/writeback","FDCE=1;LUT4=1;LUT5=2;LUT6=1;RAMD64E=1"
236,0.286,5.000,4.360,1.085,3.275,0.751,5,"uop_p3_q_reg[chunk_idx][1]/C","i_vrf/vrf_b2_reg_r1_0_63_15_17/RAMB/I","VRF/read/writeback","FDCE=1;LUT4=1;LUT5=2;LUT6=1;RAMD64E=1"
237,0.286,5.000,4.360,1.085,3.275,0.751,5,"uop_p3_q_reg[chunk_idx][1]/C","i_vrf/vrf_b2_reg_r1_0_63_18_20/RAMB/I","VRF/read/writeback","FDCE=1;LUT4=1;LUT5=2;LUT6=1;RAMD64E=1"
238,0.286,5.000,4.360,1.085,3.275,0.751,5,"uop_p3_q_reg[chunk_idx][1]/C","i_vrf/vrf_b2_reg_r1_0_63_21_23/RAMB/I","VRF/read/writeback","FDCE=1;LUT4=1;LUT5=2;LUT6=1;RAMD64E=1"
239,0.286,5.000,4.360,1.085,3.275,0.751,5,"uop_p3_q_reg[chunk_idx][1]/C","i_vrf/vrf_b2_reg_r1_0_63_24_26/RAMB/I","VRF/read/writeback","FDCE=1;LUT4=1;LUT5=2;LUT6=1;RAMD64E=1"
240,0.286,5.000,4.360,1.085,3.275,0.751,5,"uop_p3_q_reg[chunk_idx][1]/C","i_vrf/vrf_b2_reg_r1_0_63_27_29/RAMB/I","VRF/read/writeback","FDCE=1;LUT4=1;LUT5=2;LUT6=1;RAMD64E=1"
241,0.286,5.000,4.360,1.085,3.275,0.751,5,"uop_p3_q_reg[chunk_idx][1]/C","i_vrf/vrf_b2_reg_r1_0_63_30_32/RAMB/I","VRF/read/writeback","FDCE=1;LUT4=1;LUT5=2;LUT6=1;RAMD64E=1"
242,0.286,5.000,4.360,1.085,3.275,0.751,5,"uop_p3_q_reg[chunk_idx][1]/C","i_vrf/vrf_b2_reg_r1_0_63_33_35/RAMB/I","VRF/read/writeback","FDCE=1;LUT4=1;LUT5=2;LUT6=1;RAMD64E=1"
243,0.286,5.000,4.360,1.085,3.275,0.751,5,"uop_p3_q_reg[chunk_idx][1]/C","i_vrf/vrf_b2_reg_r1_0_63_36_38/RAMB/I","VRF/read/writeback","FDCE=1;LUT4=1;LUT5=2;LUT6=1;RAMD64E=1"
244,0.286,5.000,4.360,1.085,3.275,0.751,5,"uop_p3_q_reg[chunk_idx][1]/C","i_vrf/vrf_b2_reg_r1_0_63_39_41/RAMB/I","VRF/read/writeback","FDCE=1;LUT4=1;LUT5=2;LUT6=1;RAMD64E=1"
245,0.286,5.000,4.360,1.085,3.275,0.751,5,"uop_p3_q_reg[chunk_idx][1]/C","i_vrf/vrf_b2_reg_r1_0_63_3_5/RAMB/I","VRF/read/writeback","FDCE=1;LUT4=1;LUT5=2;LUT6=1;RAMD64E=1"
246,0.286,5.000,4.360,1.085,3.275,0.751,5,"uop_p3_q_reg[chunk_idx][1]/C","i_vrf/vrf_b2_reg_r1_0_63_42_44/RAMB/I","VRF/read/writeback","FDCE=1;LUT4=1;LUT5=2;LUT6=1;RAMD64E=1"
247,0.286,5.000,4.360,1.085,3.275,0.751,5,"uop_p3_q_reg[chunk_idx][1]/C","i_vrf/vrf_b2_reg_r1_0_63_45_47/RAMB/I","VRF/read/writeback","FDCE=1;LUT4=1;LUT5=2;LUT6=1;RAMD64E=1"
248,0.286,5.000,4.360,1.085,3.275,0.751,5,"uop_p3_q_reg[chunk_idx][1]/C","i_vrf/vrf_b2_reg_r1_0_63_48_50/RAMB/I","VRF/read/writeback","FDCE=1;LUT4=1;LUT5=2;LUT6=1;RAMD64E=1"
249,0.286,5.000,4.360,1.085,3.275,0.751,5,"uop_p3_q_reg[chunk_idx][1]/C","i_vrf/vrf_b2_reg_r1_0_63_51_53/RAMB/I","VRF/read/writeback","FDCE=1;LUT4=1;LUT5=2;LUT6=1;RAMD64E=1"
250,0.286,5.000,4.360,1.085,3.275,0.751,5,"uop_p3_q_reg[chunk_idx][1]/C","i_vrf/vrf_b2_reg_r1_0_63_54_56/RAMB/I","VRF/read/writeback","FDCE=1;LUT4=1;LUT5=2;LUT6=1;RAMD64E=1"
251,0.286,5.000,4.360,1.085,3.275,0.751,5,"uop_p3_q_reg[chunk_idx][1]/C","i_vrf/vrf_b2_reg_r1_0_63_57_59/RAMB/I","VRF/read/writeback","FDCE=1;LUT4=1;LUT5=2;LUT6=1;RAMD64E=1"
252,0.286,5.000,4.360,1.085,3.275,0.751,5,"uop_p3_q_reg[chunk_idx][1]/C","i_vrf/vrf_b2_reg_r1_0_63_60_62/RAMB/I","VRF/read/writeback","FDCE=1;LUT4=1;LUT5=2;LUT6=1;RAMD64E=1"
253,0.286,5.000,4.360,1.085,3.275,0.751,5,"uop_p3_q_reg[chunk_idx][1]/C","i_vrf/vrf_b2_reg_r1_0_63_9_11/RAMB/I","VRF/read/writeback","FDCE=1;LUT4=1;LUT5=2;LUT6=1;RAMD64E=1"
254,0.286,5.000,4.360,1.085,3.275,0.751,5,"uop_p3_q_reg[chunk_idx][1]/C","i_vrf/vrf_b2_reg_r2_0_63_0_2/RAMB/I","VRF/read/writeback","FDCE=1;LUT4=1;LUT5=2;LUT6=1;RAMD64E=2"
255,0.286,5.000,4.360,1.085,3.275,0.751,5,"uop_p3_q_reg[chunk_idx][1]/C","i_vrf/vrf_b2_reg_r2_0_63_12_14/RAMB/I","VRF/read/writeback","FDCE=1;LUT4=1;LUT5=2;LUT6=1;RAMD64E=2"
256,0.286,5.000,4.360,1.085,3.275,0.751,5,"uop_p3_q_reg[chunk_idx][1]/C","i_vrf/vrf_b2_reg_r2_0_63_15_17/RAMB/I","VRF/read/writeback","FDCE=1;LUT4=1;LUT5=2;LUT6=1;RAMD64E=2"
257,0.286,5.000,4.360,1.085,3.275,0.751,5,"uop_p3_q_reg[chunk_idx][1]/C","i_vrf/vrf_b2_reg_r2_0_63_18_20/RAMB/I","VRF/read/writeback","FDCE=1;LUT4=1;LUT5=2;LUT6=1;RAMD64E=2"
258,0.286,5.000,4.360,1.085,3.275,0.751,5,"uop_p3_q_reg[chunk_idx][1]/C","i_vrf/vrf_b2_reg_r2_0_63_21_23/RAMB/I","VRF/read/writeback","FDCE=1;LUT4=1;LUT5=2;LUT6=1;RAMD64E=2"
259,0.286,5.000,4.360,1.085,3.275,0.751,5,"uop_p3_q_reg[chunk_idx][1]/C","i_vrf/vrf_b2_reg_r2_0_63_24_26/RAMB/I","VRF/read/writeback","FDCE=1;LUT4=1;LUT5=2;LUT6=1;RAMD64E=2"
260,0.286,5.000,4.360,1.085,3.275,0.751,5,"uop_p3_q_reg[chunk_idx][1]/C","i_vrf/vrf_b2_reg_r2_0_63_27_29/RAMB/I","VRF/read/writeback","FDCE=1;LUT4=1;LUT5=2;LUT6=1;RAMD64E=2"
261,0.286,5.000,4.360,1.085,3.275,0.751,5,"uop_p3_q_reg[chunk_idx][1]/C","i_vrf/vrf_b2_reg_r2_0_63_30_32/RAMB/I","VRF/read/writeback","FDCE=1;LUT4=1;LUT5=2;LUT6=1;RAMD64E=2"
262,0.286,5.000,4.360,1.085,3.275,0.751,5,"uop_p3_q_reg[chunk_idx][1]/C","i_vrf/vrf_b2_reg_r2_0_63_33_35/RAMB/I","VRF/read/writeback","FDCE=1;LUT4=1;LUT5=2;LUT6=1;RAMD64E=2"
263,0.286,5.000,4.360,1.085,3.275,0.751,5,"uop_p3_q_reg[chunk_idx][1]/C","i_vrf/vrf_b2_reg_r2_0_63_36_38/RAMB/I","VRF/read/writeback","FDCE=1;LUT4=1;LUT5=2;LUT6=1;RAMD64E=2"
264,0.286,5.000,4.360,1.085,3.275,0.751,5,"uop_p3_q_reg[chunk_idx][1]/C","i_vrf/vrf_b2_reg_r2_0_63_39_41/RAMB/I","VRF/read/writeback","FDCE=1;LUT4=1;LUT5=2;LUT6=1;RAMD64E=2"
265,0.286,5.000,4.360,1.085,3.275,0.751,5,"uop_p3_q_reg[chunk_idx][1]/C","i_vrf/vrf_b2_reg_r2_0_63_3_5/RAMB/I","VRF/read/writeback","FDCE=1;LUT4=1;LUT5=2;LUT6=1;RAMD64E=2"
266,0.286,5.000,4.360,1.085,3.275,0.751,5,"uop_p3_q_reg[chunk_idx][1]/C","i_vrf/vrf_b2_reg_r2_0_63_42_44/RAMB/I","VRF/read/writeback","FDCE=1;LUT4=1;LUT5=2;LUT6=1;RAMD64E=2"
267,0.286,5.000,4.360,1.085,3.275,0.751,5,"uop_p3_q_reg[chunk_idx][1]/C","i_vrf/vrf_b2_reg_r2_0_63_45_47/RAMB/I","VRF/read/writeback","FDCE=1;LUT4=1;LUT5=2;LUT6=1;RAMD64E=2"
268,0.286,5.000,4.360,1.085,3.275,0.751,5,"uop_p3_q_reg[chunk_idx][1]/C","i_vrf/vrf_b2_reg_r2_0_63_48_50/RAMB/I","VRF/read/writeback","FDCE=1;LUT4=1;LUT5=2;LUT6=1;RAMD64E=2"
269,0.286,5.000,4.360,1.085,3.275,0.751,5,"uop_p3_q_reg[chunk_idx][1]/C","i_vrf/vrf_b2_reg_r2_0_63_51_53/RAMB/I","VRF/read/writeback","FDCE=1;LUT4=1;LUT5=2;LUT6=1;RAMD64E=2"
270,0.286,5.000,4.360,1.085,3.275,0.751,5,"uop_p3_q_reg[chunk_idx][1]/C","i_vrf/vrf_b2_reg_r2_0_63_54_56/RAMB/I","VRF/read/writeback","FDCE=1;LUT4=1;LUT5=2;LUT6=1;RAMD64E=2"
271,0.286,5.000,4.360,1.085,3.275,0.751,5,"uop_p3_q_reg[chunk_idx][1]/C","i_vrf/vrf_b2_reg_r2_0_63_57_59/RAMB/I","VRF/read/writeback","FDCE=1;LUT4=1;LUT5=2;LUT6=1;RAMD64E=2"
272,0.286,5.000,4.360,1.085,3.275,0.751,5,"uop_p3_q_reg[chunk_idx][1]/C","i_vrf/vrf_b2_reg_r2_0_63_60_62/RAMB/I","VRF/read/writeback","FDCE=1;LUT4=1;LUT5=2;LUT6=1;RAMD64E=2"
273,0.286,5.000,4.360,1.085,3.275,0.751,5,"uop_p3_q_reg[chunk_idx][1]/C","i_vrf/vrf_b2_reg_r2_0_63_9_11/RAMB/I","VRF/read/writeback","FDCE=1;LUT4=1;LUT5=2;LUT6=1;RAMD64E=2"
274,0.286,5.000,4.360,1.085,3.275,0.751,5,"uop_p3_q_reg[chunk_idx][1]/C","i_vrf/vrf_b3_reg_r1_0_63_0_2/RAMB/I","VRF/read/writeback","FDCE=1;LUT4=1;LUT5=2;LUT6=1;RAMD64E=1"
275,0.286,5.000,4.360,1.085,3.275,0.751,5,"uop_p3_q_reg[chunk_idx][1]/C","i_vrf/vrf_b3_reg_r1_0_63_12_14/RAMB/I","VRF/read/writeback","FDCE=1;LUT4=1;LUT5=2;LUT6=1;RAMD64E=1"
276,0.286,5.000,4.360,1.085,3.275,0.751,5,"uop_p3_q_reg[chunk_idx][1]/C","i_vrf/vrf_b3_reg_r1_0_63_15_17/RAMB/I","VRF/read/writeback","FDCE=1;LUT4=1;LUT5=2;LUT6=1;RAMD64E=1"
277,0.286,5.000,4.360,1.085,3.275,0.751,5,"uop_p3_q_reg[chunk_idx][1]/C","i_vrf/vrf_b3_reg_r1_0_63_18_20/RAMB/I","VRF/read/writeback","FDCE=1;LUT4=1;LUT5=2;LUT6=1;RAMD64E=1"
278,0.286,5.000,4.360,1.085,3.275,0.751,5,"uop_p3_q_reg[chunk_idx][1]/C","i_vrf/vrf_b3_reg_r1_0_63_21_23/RAMB/I","VRF/read/writeback","FDCE=1;LUT4=1;LUT5=2;LUT6=1;RAMD64E=1"
279,0.286,5.000,4.360,1.085,3.275,0.751,5,"uop_p3_q_reg[chunk_idx][1]/C","i_vrf/vrf_b3_reg_r1_0_63_24_26/RAMB/I","VRF/read/writeback","FDCE=1;LUT4=1;LUT5=2;LUT6=1;RAMD64E=1"
280,0.286,5.000,4.360,1.085,3.275,0.751,5,"uop_p3_q_reg[chunk_idx][1]/C","i_vrf/vrf_b3_reg_r1_0_63_27_29/RAMB/I","VRF/read/writeback","FDCE=1;LUT4=1;LUT5=2;LUT6=1;RAMD64E=1"
281,0.286,5.000,4.360,1.085,3.275,0.751,5,"uop_p3_q_reg[chunk_idx][1]/C","i_vrf/vrf_b3_reg_r1_0_63_30_32/RAMB/I","VRF/read/writeback","FDCE=1;LUT4=1;LUT5=2;LUT6=1;RAMD64E=1"
282,0.286,5.000,4.360,1.085,3.275,0.751,5,"uop_p3_q_reg[chunk_idx][1]/C","i_vrf/vrf_b3_reg_r1_0_63_33_35/RAMB/I","VRF/read/writeback","FDCE=1;LUT4=1;LUT5=2;LUT6=1;RAMD64E=1"
283,0.286,5.000,4.360,1.085,3.275,0.751,5,"uop_p3_q_reg[chunk_idx][1]/C","i_vrf/vrf_b3_reg_r1_0_63_36_38/RAMB/I","VRF/read/writeback","FDCE=1;LUT4=1;LUT5=2;LUT6=1;RAMD64E=1"
284,0.286,5.000,4.360,1.085,3.275,0.751,5,"uop_p3_q_reg[chunk_idx][1]/C","i_vrf/vrf_b3_reg_r1_0_63_39_41/RAMB/I","VRF/read/writeback","FDCE=1;LUT4=1;LUT5=2;LUT6=1;RAMD64E=1"
285,0.286,5.000,4.360,1.085,3.275,0.751,5,"uop_p3_q_reg[chunk_idx][1]/C","i_vrf/vrf_b3_reg_r1_0_63_3_5/RAMB/I","VRF/read/writeback","FDCE=1;LUT4=1;LUT5=2;LUT6=1;RAMD64E=1"
286,0.286,5.000,4.360,1.085,3.275,0.751,5,"uop_p3_q_reg[chunk_idx][1]/C","i_vrf/vrf_b3_reg_r1_0_63_42_44/RAMB/I","VRF/read/writeback","FDCE=1;LUT4=1;LUT5=2;LUT6=1;RAMD64E=1"
287,0.286,5.000,4.360,1.085,3.275,0.751,5,"uop_p3_q_reg[chunk_idx][1]/C","i_vrf/vrf_b3_reg_r1_0_63_45_47/RAMB/I","VRF/read/writeback","FDCE=1;LUT4=1;LUT5=2;LUT6=1;RAMD64E=1"
288,0.286,5.000,4.360,1.085,3.275,0.751,5,"uop_p3_q_reg[chunk_idx][1]/C","i_vrf/vrf_b3_reg_r1_0_63_48_50/RAMB/I","VRF/read/writeback","FDCE=1;LUT4=1;LUT5=2;LUT6=1;RAMD64E=1"
289,0.286,5.000,4.360,1.085,3.275,0.751,5,"uop_p3_q_reg[chunk_idx][1]/C","i_vrf/vrf_b3_reg_r1_0_63_51_53/RAMB/I","VRF/read/writeback","FDCE=1;LUT4=1;LUT5=2;LUT6=1;RAMD64E=1"
290,0.286,5.000,4.360,1.085,3.275,0.751,5,"uop_p3_q_reg[chunk_idx][1]/C","i_vrf/vrf_b3_reg_r1_0_63_54_56/RAMB/I","VRF/read/writeback","FDCE=1;LUT4=1;LUT5=2;LUT6=1;RAMD64E=1"
291,0.286,5.000,4.360,1.085,3.275,0.751,5,"uop_p3_q_reg[chunk_idx][1]/C","i_vrf/vrf_b3_reg_r1_0_63_57_59/RAMB/I","VRF/read/writeback","FDCE=1;LUT4=1;LUT5=2;LUT6=1;RAMD64E=1"
292,0.286,5.000,4.360,1.085,3.275,0.751,5,"uop_p3_q_reg[chunk_idx][1]/C","i_vrf/vrf_b3_reg_r1_0_63_60_62/RAMB/I","VRF/read/writeback","FDCE=1;LUT4=1;LUT5=2;LUT6=1;RAMD64E=1"
293,0.286,5.000,4.360,1.085,3.275,0.751,5,"uop_p3_q_reg[chunk_idx][1]/C","i_vrf/vrf_b3_reg_r1_0_63_6_8/RAMB/I","VRF/read/writeback","FDCE=1;LUT4=1;LUT5=2;LUT6=1;RAMD64E=1"
294,0.286,5.000,4.360,1.085,3.275,0.751,5,"uop_p3_q_reg[chunk_idx][1]/C","i_vrf/vrf_b3_reg_r1_0_63_9_11/RAMB/I","VRF/read/writeback","FDCE=1;LUT4=1;LUT5=2;LUT6=1;RAMD64E=1"
295,0.286,5.000,4.360,1.085,3.275,0.751,5,"uop_p3_q_reg[chunk_idx][1]/C","i_vrf/vrf_b3_reg_r2_0_63_0_2/RAMB/I","VRF/read/writeback","FDCE=1;LUT4=1;LUT5=2;LUT6=1;RAMD64E=2"
296,0.286,5.000,4.360,1.085,3.275,0.751,5,"uop_p3_q_reg[chunk_idx][1]/C","i_vrf/vrf_b3_reg_r2_0_63_12_14/RAMB/I","VRF/read/writeback","FDCE=1;LUT4=1;LUT5=2;LUT6=1;RAMD64E=2"
297,0.286,5.000,4.360,1.085,3.275,0.751,5,"uop_p3_q_reg[chunk_idx][1]/C","i_vrf/vrf_b3_reg_r2_0_63_15_17/RAMB/I","VRF/read/writeback","FDCE=1;LUT4=1;LUT5=2;LUT6=1;RAMD64E=2"
298,0.286,5.000,4.360,1.085,3.275,0.751,5,"uop_p3_q_reg[chunk_idx][1]/C","i_vrf/vrf_b3_reg_r2_0_63_18_20/RAMB/I","VRF/read/writeback","FDCE=1;LUT4=1;LUT5=2;LUT6=1;RAMD64E=2"
299,0.286,5.000,4.360,1.085,3.275,0.751,5,"uop_p3_q_reg[chunk_idx][1]/C","i_vrf/vrf_b3_reg_r2_0_63_21_23/RAMB/I","VRF/read/writeback","FDCE=1;LUT4=1;LUT5=2;LUT6=1;RAMD64E=2"
300,0.286,5.000,4.360,1.085,3.275,0.751,5,"uop_p3_q_reg[chunk_idx][1]/C","i_vrf/vrf_b3_reg_r2_0_63_24_26/RAMB/I","VRF/read/writeback","FDCE=1;LUT4=1;LUT5=2;LUT6=1;RAMD64E=2"
301,0.286,5.000,4.360,1.085,3.275,0.751,5,"uop_p3_q_reg[chunk_idx][1]/C","i_vrf/vrf_b3_reg_r2_0_63_27_29/RAMB/I","VRF/read/writeback","FDCE=1;LUT4=1;LUT5=2;LUT6=1;RAMD64E=2"
302,0.286,5.000,4.360,1.085,3.275,0.751,5,"uop_p3_q_reg[chunk_idx][1]/C","i_vrf/vrf_b3_reg_r2_0_63_30_32/RAMB/I","VRF/read/writeback","FDCE=1;LUT4=1;LUT5=2;LUT6=1;RAMD64E=2"
303,0.286,5.000,4.360,1.085,3.275,0.751,5,"uop_p3_q_reg[chunk_idx][1]/C","i_vrf/vrf_b3_reg_r2_0_63_33_35/RAMB/I","VRF/read/writeback","FDCE=1;LUT4=1;LUT5=2;LUT6=1;RAMD64E=2"
304,0.286,5.000,4.360,1.085,3.275,0.751,5,"uop_p3_q_reg[chunk_idx][1]/C","i_vrf/vrf_b3_reg_r2_0_63_36_38/RAMB/I","VRF/read/writeback","FDCE=1;LUT4=1;LUT5=2;LUT6=1;RAMD64E=2"
305,0.286,5.000,4.360,1.085,3.275,0.751,5,"uop_p3_q_reg[chunk_idx][1]/C","i_vrf/vrf_b3_reg_r2_0_63_39_41/RAMB/I","VRF/read/writeback","FDCE=1;LUT4=1;LUT5=2;LUT6=1;RAMD64E=2"
306,0.286,5.000,4.360,1.085,3.275,0.751,5,"uop_p3_q_reg[chunk_idx][1]/C","i_vrf/vrf_b3_reg_r2_0_63_3_5/RAMB/I","VRF/read/writeback","FDCE=1;LUT4=1;LUT5=2;LUT6=1;RAMD64E=2"
307,0.286,5.000,4.360,1.085,3.275,0.751,5,"uop_p3_q_reg[chunk_idx][1]/C","i_vrf/vrf_b3_reg_r2_0_63_42_44/RAMB/I","VRF/read/writeback","FDCE=1;LUT4=1;LUT5=2;LUT6=1;RAMD64E=2"
308,0.286,5.000,4.360,1.085,3.275,0.751,5,"uop_p3_q_reg[chunk_idx][1]/C","i_vrf/vrf_b3_reg_r2_0_63_45_47/RAMB/I","VRF/read/writeback","FDCE=1;LUT4=1;LUT5=2;LUT6=1;RAMD64E=2"
309,0.286,5.000,4.360,1.085,3.275,0.751,5,"uop_p3_q_reg[chunk_idx][1]/C","i_vrf/vrf_b3_reg_r2_0_63_48_50/RAMB/I","VRF/read/writeback","FDCE=1;LUT4=1;LUT5=2;LUT6=1;RAMD64E=2"
310,0.286,5.000,4.360,1.085,3.275,0.751,5,"uop_p3_q_reg[chunk_idx][1]/C","i_vrf/vrf_b3_reg_r2_0_63_51_53/RAMB/I","VRF/read/writeback","FDCE=1;LUT4=1;LUT5=2;LUT6=1;RAMD64E=2"
311,0.286,5.000,4.360,1.085,3.275,0.751,5,"uop_p3_q_reg[chunk_idx][1]/C","i_vrf/vrf_b3_reg_r2_0_63_54_56/RAMB/I","VRF/read/writeback","FDCE=1;LUT4=1;LUT5=2;LUT6=1;RAMD64E=2"
312,0.286,5.000,4.360,1.085,3.275,0.751,5,"uop_p3_q_reg[chunk_idx][1]/C","i_vrf/vrf_b3_reg_r2_0_63_57_59/RAMB/I","VRF/read/writeback","FDCE=1;LUT4=1;LUT5=2;LUT6=1;RAMD64E=2"
313,0.286,5.000,4.360,1.085,3.275,0.751,5,"uop_p3_q_reg[chunk_idx][1]/C","i_vrf/vrf_b3_reg_r2_0_63_60_62/RAMB/I","VRF/read/writeback","FDCE=1;LUT4=1;LUT5=2;LUT6=1;RAMD64E=2"
314,0.286,5.000,4.360,1.085,3.275,0.751,5,"uop_p3_q_reg[chunk_idx][1]/C","i_vrf/vrf_b3_reg_r2_0_63_6_8/RAMB/I","VRF/read/writeback","FDCE=1;LUT4=1;LUT5=2;LUT6=1;RAMD64E=2"
315,0.286,5.000,4.360,1.085,3.275,0.751,5,"uop_p3_q_reg[chunk_idx][1]/C","i_vrf/vrf_b3_reg_r2_0_63_9_11/RAMB/I","VRF/read/writeback","FDCE=1;LUT4=1;LUT5=2;LUT6=1;RAMD64E=2"
316,0.290,5.000,4.360,1.085,3.275,0.751,5,"uop_p3_q_reg[chunk_idx][1]/C","i_vrf/vrf_b0_reg_r1_0_63_0_2/RAMC/I","VRF/read/writeback","FDCE=1;LUT4=1;LUT5=2;LUT6=1;RAMD64E=1"
317,0.290,5.000,4.360,1.085,3.275,0.751,5,"uop_p3_q_reg[chunk_idx][1]/C","i_vrf/vrf_b0_reg_r1_0_63_12_14/RAMC/I","VRF/read/writeback","FDCE=1;LUT4=1;LUT5=2;LUT6=1;RAMD64E=1"
318,0.290,5.000,4.360,1.085,3.275,0.751,5,"uop_p3_q_reg[chunk_idx][1]/C","i_vrf/vrf_b0_reg_r1_0_63_15_17/RAMC/I","VRF/read/writeback","FDCE=1;LUT4=1;LUT5=2;LUT6=1;RAMD64E=1"
319,0.290,5.000,4.360,1.085,3.275,0.751,5,"uop_p3_q_reg[chunk_idx][1]/C","i_vrf/vrf_b0_reg_r1_0_63_18_20/RAMC/I","VRF/read/writeback","FDCE=1;LUT4=1;LUT5=2;LUT6=1;RAMD64E=1"
320,0.290,5.000,4.360,1.085,3.275,0.751,5,"uop_p3_q_reg[chunk_idx][1]/C","i_vrf/vrf_b0_reg_r1_0_63_21_23/RAMC/I","VRF/read/writeback","FDCE=1;LUT4=1;LUT5=2;LUT6=1;RAMD64E=1"
321,0.290,5.000,4.360,1.085,3.275,0.751,5,"uop_p3_q_reg[chunk_idx][1]/C","i_vrf/vrf_b0_reg_r1_0_63_24_26/RAMC/I","VRF/read/writeback","FDCE=1;LUT4=1;LUT5=2;LUT6=1;RAMD64E=1"
322,0.290,5.000,4.360,1.085,3.275,0.751,5,"uop_p3_q_reg[chunk_idx][1]/C","i_vrf/vrf_b0_reg_r1_0_63_27_29/RAMC/I","VRF/read/writeback","FDCE=1;LUT4=1;LUT5=2;LUT6=1;RAMD64E=1"
323,0.290,5.000,4.360,1.085,3.275,0.751,5,"uop_p3_q_reg[chunk_idx][1]/C","i_vrf/vrf_b0_reg_r1_0_63_30_32/RAMC/I","VRF/read/writeback","FDCE=1;LUT4=1;LUT5=2;LUT6=1;RAMD64E=1"
324,0.290,5.000,4.360,1.085,3.275,0.751,5,"uop_p3_q_reg[chunk_idx][1]/C","i_vrf/vrf_b0_reg_r1_0_63_33_35/RAMC/I","VRF/read/writeback","FDCE=1;LUT4=1;LUT5=2;LUT6=1;RAMD64E=1"
325,0.290,5.000,4.360,1.085,3.275,0.751,5,"uop_p3_q_reg[chunk_idx][1]/C","i_vrf/vrf_b0_reg_r1_0_63_36_38/RAMC/I","VRF/read/writeback","FDCE=1;LUT4=1;LUT5=2;LUT6=1;RAMD64E=1"
326,0.290,5.000,4.360,1.085,3.275,0.751,5,"uop_p3_q_reg[chunk_idx][1]/C","i_vrf/vrf_b0_reg_r1_0_63_39_41/RAMC/I","VRF/read/writeback","FDCE=1;LUT4=1;LUT5=2;LUT6=1;RAMD64E=1"
327,0.290,5.000,4.360,1.085,3.275,0.751,5,"uop_p3_q_reg[chunk_idx][1]/C","i_vrf/vrf_b0_reg_r1_0_63_3_5/RAMC/I","VRF/read/writeback","FDCE=1;LUT4=1;LUT5=2;LUT6=1;RAMD64E=1"
328,0.290,5.000,4.360,1.085,3.275,0.751,5,"uop_p3_q_reg[chunk_idx][1]/C","i_vrf/vrf_b0_reg_r1_0_63_42_44/RAMC/I","VRF/read/writeback","FDCE=1;LUT4=1;LUT5=2;LUT6=1;RAMD64E=1"
329,0.290,5.000,4.360,1.085,3.275,0.751,5,"uop_p3_q_reg[chunk_idx][1]/C","i_vrf/vrf_b0_reg_r1_0_63_45_47/RAMC/I","VRF/read/writeback","FDCE=1;LUT4=1;LUT5=2;LUT6=1;RAMD64E=1"
330,0.290,5.000,4.360,1.085,3.275,0.751,5,"uop_p3_q_reg[chunk_idx][1]/C","i_vrf/vrf_b0_reg_r1_0_63_48_50/RAMC/I","VRF/read/writeback","FDCE=1;LUT4=1;LUT5=2;LUT6=1;RAMD64E=1"
331,0.290,5.000,4.360,1.085,3.275,0.751,5,"uop_p3_q_reg[chunk_idx][1]/C","i_vrf/vrf_b0_reg_r1_0_63_51_53/RAMC/I","VRF/read/writeback","FDCE=1;LUT4=1;LUT5=2;LUT6=1;RAMD64E=1"
332,0.290,5.000,4.360,1.085,3.275,0.751,5,"uop_p3_q_reg[chunk_idx][1]/C","i_vrf/vrf_b0_reg_r1_0_63_54_56/RAMC/I","VRF/read/writeback","FDCE=1;LUT4=1;LUT5=2;LUT6=1;RAMD64E=1"
333,0.290,5.000,4.360,1.085,3.275,0.751,5,"uop_p3_q_reg[chunk_idx][1]/C","i_vrf/vrf_b0_reg_r1_0_63_57_59/RAMC/I","VRF/read/writeback","FDCE=1;LUT4=1;LUT5=2;LUT6=1;RAMD64E=1"
334,0.290,5.000,4.360,1.085,3.275,0.751,5,"uop_p3_q_reg[chunk_idx][1]/C","i_vrf/vrf_b0_reg_r1_0_63_60_62/RAMC/I","VRF/read/writeback","FDCE=1;LUT4=1;LUT5=2;LUT6=1;RAMD64E=1"
335,0.290,5.000,4.360,1.085,3.275,0.751,5,"uop_p3_q_reg[chunk_idx][1]/C","i_vrf/vrf_b0_reg_r1_0_63_6_8/RAMC/I","VRF/read/writeback","FDCE=1;LUT4=1;LUT5=2;LUT6=1;RAMD64E=1"
336,0.290,5.000,4.360,1.085,3.275,0.751,5,"uop_p3_q_reg[chunk_idx][1]/C","i_vrf/vrf_b0_reg_r1_0_63_9_11/RAMC/I","VRF/read/writeback","FDCE=1;LUT4=1;LUT5=2;LUT6=1;RAMD64E=1"
337,0.290,5.000,4.360,1.085,3.275,0.751,5,"uop_p3_q_reg[chunk_idx][1]/C","i_vrf/vrf_b0_reg_r2_0_63_0_2/RAMC/I","VRF/read/writeback","FDCE=1;LUT4=1;LUT5=2;LUT6=1;RAMD64E=2"
338,0.290,5.000,4.360,1.085,3.275,0.751,5,"uop_p3_q_reg[chunk_idx][1]/C","i_vrf/vrf_b0_reg_r2_0_63_12_14/RAMC/I","VRF/read/writeback","FDCE=1;LUT4=1;LUT5=2;LUT6=1;RAMD64E=2"
339,0.290,5.000,4.360,1.085,3.275,0.751,5,"uop_p3_q_reg[chunk_idx][1]/C","i_vrf/vrf_b0_reg_r2_0_63_15_17/RAMC/I","VRF/read/writeback","FDCE=1;LUT4=1;LUT5=2;LUT6=1;RAMD64E=2"
340,0.290,5.000,4.360,1.085,3.275,0.751,5,"uop_p3_q_reg[chunk_idx][1]/C","i_vrf/vrf_b0_reg_r2_0_63_18_20/RAMC/I","VRF/read/writeback","FDCE=1;LUT4=1;LUT5=2;LUT6=1;RAMD64E=2"
341,0.290,5.000,4.360,1.085,3.275,0.751,5,"uop_p3_q_reg[chunk_idx][1]/C","i_vrf/vrf_b0_reg_r2_0_63_21_23/RAMC/I","VRF/read/writeback","FDCE=1;LUT4=1;LUT5=2;LUT6=1;RAMD64E=2"
342,0.290,5.000,4.360,1.085,3.275,0.751,5,"uop_p3_q_reg[chunk_idx][1]/C","i_vrf/vrf_b0_reg_r2_0_63_24_26/RAMC/I","VRF/read/writeback","FDCE=1;LUT4=1;LUT5=2;LUT6=1;RAMD64E=2"
343,0.290,5.000,4.360,1.085,3.275,0.751,5,"uop_p3_q_reg[chunk_idx][1]/C","i_vrf/vrf_b0_reg_r2_0_63_27_29/RAMC/I","VRF/read/writeback","FDCE=1;LUT4=1;LUT5=2;LUT6=1;RAMD64E=2"
344,0.290,5.000,4.360,1.085,3.275,0.751,5,"uop_p3_q_reg[chunk_idx][1]/C","i_vrf/vrf_b0_reg_r2_0_63_30_32/RAMC/I","VRF/read/writeback","FDCE=1;LUT4=1;LUT5=2;LUT6=1;RAMD64E=2"
345,0.290,5.000,4.360,1.085,3.275,0.751,5,"uop_p3_q_reg[chunk_idx][1]/C","i_vrf/vrf_b0_reg_r2_0_63_33_35/RAMC/I","VRF/read/writeback","FDCE=1;LUT4=1;LUT5=2;LUT6=1;RAMD64E=2"
346,0.290,5.000,4.360,1.085,3.275,0.751,5,"uop_p3_q_reg[chunk_idx][1]/C","i_vrf/vrf_b0_reg_r2_0_63_36_38/RAMC/I","VRF/read/writeback","FDCE=1;LUT4=1;LUT5=2;LUT6=1;RAMD64E=2"
347,0.290,5.000,4.360,1.085,3.275,0.751,5,"uop_p3_q_reg[chunk_idx][1]/C","i_vrf/vrf_b0_reg_r2_0_63_39_41/RAMC/I","VRF/read/writeback","FDCE=1;LUT4=1;LUT5=2;LUT6=1;RAMD64E=2"
348,0.290,5.000,4.360,1.085,3.275,0.751,5,"uop_p3_q_reg[chunk_idx][1]/C","i_vrf/vrf_b0_reg_r2_0_63_3_5/RAMC/I","VRF/read/writeback","FDCE=1;LUT4=1;LUT5=2;LUT6=1;RAMD64E=2"
349,0.290,5.000,4.360,1.085,3.275,0.751,5,"uop_p3_q_reg[chunk_idx][1]/C","i_vrf/vrf_b0_reg_r2_0_63_42_44/RAMC/I","VRF/read/writeback","FDCE=1;LUT4=1;LUT5=2;LUT6=1;RAMD64E=2"
350,0.290,5.000,4.360,1.085,3.275,0.751,5,"uop_p3_q_reg[chunk_idx][1]/C","i_vrf/vrf_b0_reg_r2_0_63_45_47/RAMC/I","VRF/read/writeback","FDCE=1;LUT4=1;LUT5=2;LUT6=1;RAMD64E=2"
351,0.290,5.000,4.360,1.085,3.275,0.751,5,"uop_p3_q_reg[chunk_idx][1]/C","i_vrf/vrf_b0_reg_r2_0_63_48_50/RAMC/I","VRF/read/writeback","FDCE=1;LUT4=1;LUT5=2;LUT6=1;RAMD64E=2"
352,0.290,5.000,4.360,1.085,3.275,0.751,5,"uop_p3_q_reg[chunk_idx][1]/C","i_vrf/vrf_b0_reg_r2_0_63_51_53/RAMC/I","VRF/read/writeback","FDCE=1;LUT4=1;LUT5=2;LUT6=1;RAMD64E=2"
353,0.290,5.000,4.360,1.085,3.275,0.751,5,"uop_p3_q_reg[chunk_idx][1]/C","i_vrf/vrf_b0_reg_r2_0_63_54_56/RAMC/I","VRF/read/writeback","FDCE=1;LUT4=1;LUT5=2;LUT6=1;RAMD64E=2"
354,0.290,5.000,4.360,1.085,3.275,0.751,5,"uop_p3_q_reg[chunk_idx][1]/C","i_vrf/vrf_b0_reg_r2_0_63_57_59/RAMC/I","VRF/read/writeback","FDCE=1;LUT4=1;LUT5=2;LUT6=1;RAMD64E=2"
355,0.290,5.000,4.360,1.085,3.275,0.751,5,"uop_p3_q_reg[chunk_idx][1]/C","i_vrf/vrf_b0_reg_r2_0_63_60_62/RAMC/I","VRF/read/writeback","FDCE=1;LUT4=1;LUT5=2;LUT6=1;RAMD64E=2"
356,0.290,5.000,4.360,1.085,3.275,0.751,5,"uop_p3_q_reg[chunk_idx][1]/C","i_vrf/vrf_b0_reg_r2_0_63_6_8/RAMC/I","VRF/read/writeback","FDCE=1;LUT4=1;LUT5=2;LUT6=1;RAMD64E=2"
357,0.290,5.000,4.360,1.085,3.275,0.751,5,"uop_p3_q_reg[chunk_idx][1]/C","i_vrf/vrf_b0_reg_r2_0_63_9_11/RAMC/I","VRF/read/writeback","FDCE=1;LUT4=1;LUT5=2;LUT6=1;RAMD64E=2"
358,0.290,5.000,4.360,1.085,3.275,0.751,5,"uop_p3_q_reg[chunk_idx][1]/C","i_vrf/vrf_b1_reg_r1_0_63_0_2/RAMC/I","VRF/read/writeback","FDCE=1;LUT4=1;LUT5=2;LUT6=1;RAMD64E=1"
359,0.290,5.000,4.360,1.085,3.275,0.751,5,"uop_p3_q_reg[chunk_idx][1]/C","i_vrf/vrf_b1_reg_r1_0_63_12_14/RAMC/I","VRF/read/writeback","FDCE=1;LUT4=1;LUT5=2;LUT6=1;RAMD64E=1"
360,0.290,5.000,4.360,1.085,3.275,0.751,5,"uop_p3_q_reg[chunk_idx][1]/C","i_vrf/vrf_b1_reg_r1_0_63_15_17/RAMC/I","VRF/read/writeback","FDCE=1;LUT4=1;LUT5=2;LUT6=1;RAMD64E=1"
361,0.290,5.000,4.360,1.085,3.275,0.751,5,"uop_p3_q_reg[chunk_idx][1]/C","i_vrf/vrf_b1_reg_r1_0_63_18_20/RAMC/I","VRF/read/writeback","FDCE=1;LUT4=1;LUT5=2;LUT6=1;RAMD64E=1"
362,0.290,5.000,4.360,1.085,3.275,0.751,5,"uop_p3_q_reg[chunk_idx][1]/C","i_vrf/vrf_b1_reg_r1_0_63_21_23/RAMC/I","VRF/read/writeback","FDCE=1;LUT4=1;LUT5=2;LUT6=1;RAMD64E=1"
363,0.290,5.000,4.360,1.085,3.275,0.751,5,"uop_p3_q_reg[chunk_idx][1]/C","i_vrf/vrf_b1_reg_r1_0_63_24_26/RAMC/I","VRF/read/writeback","FDCE=1;LUT4=1;LUT5=2;LUT6=1;RAMD64E=1"
364,0.290,5.000,4.360,1.085,3.275,0.751,5,"uop_p3_q_reg[chunk_idx][1]/C","i_vrf/vrf_b1_reg_r1_0_63_27_29/RAMC/I","VRF/read/writeback","FDCE=1;LUT4=1;LUT5=2;LUT6=1;RAMD64E=1"
365,0.290,5.000,4.360,1.085,3.275,0.751,5,"uop_p3_q_reg[chunk_idx][1]/C","i_vrf/vrf_b1_reg_r1_0_63_30_32/RAMC/I","VRF/read/writeback","FDCE=1;LUT4=1;LUT5=2;LUT6=1;RAMD64E=1"
366,0.290,5.000,4.360,1.085,3.275,0.751,5,"uop_p3_q_reg[chunk_idx][1]/C","i_vrf/vrf_b1_reg_r1_0_63_33_35/RAMC/I","VRF/read/writeback","FDCE=1;LUT4=1;LUT5=2;LUT6=1;RAMD64E=1"
367,0.290,5.000,4.360,1.085,3.275,0.751,5,"uop_p3_q_reg[chunk_idx][1]/C","i_vrf/vrf_b1_reg_r1_0_63_36_38/RAMC/I","VRF/read/writeback","FDCE=1;LUT4=1;LUT5=2;LUT6=1;RAMD64E=1"
368,0.290,5.000,4.360,1.085,3.275,0.751,5,"uop_p3_q_reg[chunk_idx][1]/C","i_vrf/vrf_b1_reg_r1_0_63_39_41/RAMC/I","VRF/read/writeback","FDCE=1;LUT4=1;LUT5=2;LUT6=1;RAMD64E=1"
369,0.290,5.000,4.360,1.085,3.275,0.751,5,"uop_p3_q_reg[chunk_idx][1]/C","i_vrf/vrf_b1_reg_r1_0_63_3_5/RAMC/I","VRF/read/writeback","FDCE=1;LUT4=1;LUT5=2;LUT6=1;RAMD64E=1"
370,0.290,5.000,4.360,1.085,3.275,0.751,5,"uop_p3_q_reg[chunk_idx][1]/C","i_vrf/vrf_b1_reg_r1_0_63_42_44/RAMC/I","VRF/read/writeback","FDCE=1;LUT4=1;LUT5=2;LUT6=1;RAMD64E=1"
371,0.290,5.000,4.360,1.085,3.275,0.751,5,"uop_p3_q_reg[chunk_idx][1]/C","i_vrf/vrf_b1_reg_r1_0_63_45_47/RAMC/I","VRF/read/writeback","FDCE=1;LUT4=1;LUT5=2;LUT6=1;RAMD64E=1"
372,0.290,5.000,4.360,1.085,3.275,0.751,5,"uop_p3_q_reg[chunk_idx][1]/C","i_vrf/vrf_b1_reg_r1_0_63_48_50/RAMC/I","VRF/read/writeback","FDCE=1;LUT4=1;LUT5=2;LUT6=1;RAMD64E=1"
373,0.290,5.000,4.360,1.085,3.275,0.751,5,"uop_p3_q_reg[chunk_idx][1]/C","i_vrf/vrf_b1_reg_r1_0_63_51_53/RAMC/I","VRF/read/writeback","FDCE=1;LUT4=1;LUT5=2;LUT6=1;RAMD64E=1"
374,0.290,5.000,4.360,1.085,3.275,0.751,5,"uop_p3_q_reg[chunk_idx][1]/C","i_vrf/vrf_b1_reg_r1_0_63_54_56/RAMC/I","VRF/read/writeback","FDCE=1;LUT4=1;LUT5=2;LUT6=1;RAMD64E=1"
375,0.290,5.000,4.360,1.085,3.275,0.751,5,"uop_p3_q_reg[chunk_idx][1]/C","i_vrf/vrf_b1_reg_r1_0_63_57_59/RAMC/I","VRF/read/writeback","FDCE=1;LUT4=1;LUT5=2;LUT6=1;RAMD64E=1"
376,0.290,5.000,4.360,1.085,3.275,0.751,5,"uop_p3_q_reg[chunk_idx][1]/C","i_vrf/vrf_b1_reg_r1_0_63_60_62/RAMC/I","VRF/read/writeback","FDCE=1;LUT4=1;LUT5=2;LUT6=1;RAMD64E=1"
377,0.290,5.000,4.360,1.085,3.275,0.751,5,"uop_p3_q_reg[chunk_idx][1]/C","i_vrf/vrf_b1_reg_r1_0_63_6_8/RAMC/I","VRF/read/writeback","FDCE=1;LUT4=1;LUT5=2;LUT6=1;RAMD64E=1"
378,0.290,5.000,4.360,1.085,3.275,0.751,5,"uop_p3_q_reg[chunk_idx][1]/C","i_vrf/vrf_b1_reg_r1_0_63_9_11/RAMC/I","VRF/read/writeback","FDCE=1;LUT4=1;LUT5=2;LUT6=1;RAMD64E=1"
379,0.290,5.000,4.360,1.085,3.275,0.751,5,"uop_p3_q_reg[chunk_idx][1]/C","i_vrf/vrf_b1_reg_r2_0_63_0_2/RAMC/I","VRF/read/writeback","FDCE=1;LUT4=1;LUT5=2;LUT6=1;RAMD64E=2"
380,0.290,5.000,4.360,1.085,3.275,0.751,5,"uop_p3_q_reg[chunk_idx][1]/C","i_vrf/vrf_b1_reg_r2_0_63_12_14/RAMC/I","VRF/read/writeback","FDCE=1;LUT4=1;LUT5=2;LUT6=1;RAMD64E=2"
381,0.290,5.000,4.360,1.085,3.275,0.751,5,"uop_p3_q_reg[chunk_idx][1]/C","i_vrf/vrf_b1_reg_r2_0_63_15_17/RAMC/I","VRF/read/writeback","FDCE=1;LUT4=1;LUT5=2;LUT6=1;RAMD64E=2"
382,0.290,5.000,4.360,1.085,3.275,0.751,5,"uop_p3_q_reg[chunk_idx][1]/C","i_vrf/vrf_b1_reg_r2_0_63_18_20/RAMC/I","VRF/read/writeback","FDCE=1;LUT4=1;LUT5=2;LUT6=1;RAMD64E=2"
383,0.290,5.000,4.360,1.085,3.275,0.751,5,"uop_p3_q_reg[chunk_idx][1]/C","i_vrf/vrf_b1_reg_r2_0_63_21_23/RAMC/I","VRF/read/writeback","FDCE=1;LUT4=1;LUT5=2;LUT6=1;RAMD64E=2"
384,0.290,5.000,4.360,1.085,3.275,0.751,5,"uop_p3_q_reg[chunk_idx][1]/C","i_vrf/vrf_b1_reg_r2_0_63_24_26/RAMC/I","VRF/read/writeback","FDCE=1;LUT4=1;LUT5=2;LUT6=1;RAMD64E=2"
385,0.290,5.000,4.360,1.085,3.275,0.751,5,"uop_p3_q_reg[chunk_idx][1]/C","i_vrf/vrf_b1_reg_r2_0_63_27_29/RAMC/I","VRF/read/writeback","FDCE=1;LUT4=1;LUT5=2;LUT6=1;RAMD64E=2"
386,0.290,5.000,4.360,1.085,3.275,0.751,5,"uop_p3_q_reg[chunk_idx][1]/C","i_vrf/vrf_b1_reg_r2_0_63_30_32/RAMC/I","VRF/read/writeback","FDCE=1;LUT4=1;LUT5=2;LUT6=1;RAMD64E=2"
387,0.290,5.000,4.360,1.085,3.275,0.751,5,"uop_p3_q_reg[chunk_idx][1]/C","i_vrf/vrf_b1_reg_r2_0_63_33_35/RAMC/I","VRF/read/writeback","FDCE=1;LUT4=1;LUT5=2;LUT6=1;RAMD64E=2"
388,0.290,5.000,4.360,1.085,3.275,0.751,5,"uop_p3_q_reg[chunk_idx][1]/C","i_vrf/vrf_b1_reg_r2_0_63_36_38/RAMC/I","VRF/read/writeback","FDCE=1;LUT4=1;LUT5=2;LUT6=1;RAMD64E=2"
389,0.290,5.000,4.360,1.085,3.275,0.751,5,"uop_p3_q_reg[chunk_idx][1]/C","i_vrf/vrf_b1_reg_r2_0_63_39_41/RAMC/I","VRF/read/writeback","FDCE=1;LUT4=1;LUT5=2;LUT6=1;RAMD64E=2"
390,0.290,5.000,4.360,1.085,3.275,0.751,5,"uop_p3_q_reg[chunk_idx][1]/C","i_vrf/vrf_b1_reg_r2_0_63_3_5/RAMC/I","VRF/read/writeback","FDCE=1;LUT4=1;LUT5=2;LUT6=1;RAMD64E=2"
391,0.290,5.000,4.360,1.085,3.275,0.751,5,"uop_p3_q_reg[chunk_idx][1]/C","i_vrf/vrf_b1_reg_r2_0_63_42_44/RAMC/I","VRF/read/writeback","FDCE=1;LUT4=1;LUT5=2;LUT6=1;RAMD64E=2"
392,0.290,5.000,4.360,1.085,3.275,0.751,5,"uop_p3_q_reg[chunk_idx][1]/C","i_vrf/vrf_b1_reg_r2_0_63_45_47/RAMC/I","VRF/read/writeback","FDCE=1;LUT4=1;LUT5=2;LUT6=1;RAMD64E=2"
393,0.290,5.000,4.360,1.085,3.275,0.751,5,"uop_p3_q_reg[chunk_idx][1]/C","i_vrf/vrf_b1_reg_r2_0_63_48_50/RAMC/I","VRF/read/writeback","FDCE=1;LUT4=1;LUT5=2;LUT6=1;RAMD64E=2"
394,0.290,5.000,4.360,1.085,3.275,0.751,5,"uop_p3_q_reg[chunk_idx][1]/C","i_vrf/vrf_b1_reg_r2_0_63_51_53/RAMC/I","VRF/read/writeback","FDCE=1;LUT4=1;LUT5=2;LUT6=1;RAMD64E=2"
395,0.290,5.000,4.360,1.085,3.275,0.751,5,"uop_p3_q_reg[chunk_idx][1]/C","i_vrf/vrf_b1_reg_r2_0_63_54_56/RAMC/I","VRF/read/writeback","FDCE=1;LUT4=1;LUT5=2;LUT6=1;RAMD64E=2"
396,0.290,5.000,4.360,1.085,3.275,0.751,5,"uop_p3_q_reg[chunk_idx][1]/C","i_vrf/vrf_b1_reg_r2_0_63_57_59/RAMC/I","VRF/read/writeback","FDCE=1;LUT4=1;LUT5=2;LUT6=1;RAMD64E=2"
397,0.290,5.000,4.360,1.085,3.275,0.751,5,"uop_p3_q_reg[chunk_idx][1]/C","i_vrf/vrf_b1_reg_r2_0_63_60_62/RAMC/I","VRF/read/writeback","FDCE=1;LUT4=1;LUT5=2;LUT6=1;RAMD64E=2"
398,0.290,5.000,4.360,1.085,3.275,0.751,5,"uop_p3_q_reg[chunk_idx][1]/C","i_vrf/vrf_b1_reg_r2_0_63_6_8/RAMC/I","VRF/read/writeback","FDCE=1;LUT4=1;LUT5=2;LUT6=1;RAMD64E=2"
399,0.290,5.000,4.360,1.085,3.275,0.751,5,"uop_p3_q_reg[chunk_idx][1]/C","i_vrf/vrf_b1_reg_r2_0_63_9_11/RAMC/I","VRF/read/writeback","FDCE=1;LUT4=1;LUT5=2;LUT6=1;RAMD64E=2"
400,0.290,5.000,4.360,1.085,3.275,0.751,5,"uop_p3_q_reg[chunk_idx][1]/C","i_vrf/vrf_b2_reg_r1_0_63_0_2/RAMC/I","VRF/read/writeback","FDCE=1;LUT4=1;LUT5=2;LUT6=1;RAMD64E=1"
401,0.290,5.000,4.360,1.085,3.275,0.751,5,"uop_p3_q_reg[chunk_idx][1]/C","i_vrf/vrf_b2_reg_r1_0_63_12_14/RAMC/I","VRF/read/writeback","FDCE=1;LUT4=1;LUT5=2;LUT6=1;RAMD64E=1"
402,0.290,5.000,4.360,1.085,3.275,0.751,5,"uop_p3_q_reg[chunk_idx][1]/C","i_vrf/vrf_b2_reg_r1_0_63_15_17/RAMC/I","VRF/read/writeback","FDCE=1;LUT4=1;LUT5=2;LUT6=1;RAMD64E=1"
403,0.290,5.000,4.360,1.085,3.275,0.751,5,"uop_p3_q_reg[chunk_idx][1]/C","i_vrf/vrf_b2_reg_r1_0_63_18_20/RAMC/I","VRF/read/writeback","FDCE=1;LUT4=1;LUT5=2;LUT6=1;RAMD64E=1"
404,0.290,5.000,4.360,1.085,3.275,0.751,5,"uop_p3_q_reg[chunk_idx][1]/C","i_vrf/vrf_b2_reg_r1_0_63_21_23/RAMC/I","VRF/read/writeback","FDCE=1;LUT4=1;LUT5=2;LUT6=1;RAMD64E=1"
405,0.290,5.000,4.360,1.085,3.275,0.751,5,"uop_p3_q_reg[chunk_idx][1]/C","i_vrf/vrf_b2_reg_r1_0_63_24_26/RAMC/I","VRF/read/writeback","FDCE=1;LUT4=1;LUT5=2;LUT6=1;RAMD64E=1"
406,0.290,5.000,4.360,1.085,3.275,0.751,5,"uop_p3_q_reg[chunk_idx][1]/C","i_vrf/vrf_b2_reg_r1_0_63_27_29/RAMC/I","VRF/read/writeback","FDCE=1;LUT4=1;LUT5=2;LUT6=1;RAMD64E=1"
407,0.290,5.000,4.360,1.085,3.275,0.751,5,"uop_p3_q_reg[chunk_idx][1]/C","i_vrf/vrf_b2_reg_r1_0_63_30_32/RAMC/I","VRF/read/writeback","FDCE=1;LUT4=1;LUT5=2;LUT6=1;RAMD64E=1"
408,0.290,5.000,4.360,1.085,3.275,0.751,5,"uop_p3_q_reg[chunk_idx][1]/C","i_vrf/vrf_b2_reg_r1_0_63_33_35/RAMC/I","VRF/read/writeback","FDCE=1;LUT4=1;LUT5=2;LUT6=1;RAMD64E=1"
409,0.290,5.000,4.360,1.085,3.275,0.751,5,"uop_p3_q_reg[chunk_idx][1]/C","i_vrf/vrf_b2_reg_r1_0_63_36_38/RAMC/I","VRF/read/writeback","FDCE=1;LUT4=1;LUT5=2;LUT6=1;RAMD64E=1"
410,0.290,5.000,4.360,1.085,3.275,0.751,5,"uop_p3_q_reg[chunk_idx][1]/C","i_vrf/vrf_b2_reg_r1_0_63_39_41/RAMC/I","VRF/read/writeback","FDCE=1;LUT4=1;LUT5=2;LUT6=1;RAMD64E=1"
411,0.290,5.000,4.360,1.085,3.275,0.751,5,"uop_p3_q_reg[chunk_idx][1]/C","i_vrf/vrf_b2_reg_r1_0_63_42_44/RAMC/I","VRF/read/writeback","FDCE=1;LUT4=1;LUT5=2;LUT6=1;RAMD64E=1"
412,0.290,5.000,4.360,1.085,3.275,0.751,5,"uop_p3_q_reg[chunk_idx][1]/C","i_vrf/vrf_b2_reg_r1_0_63_45_47/RAMC/I","VRF/read/writeback","FDCE=1;LUT4=1;LUT5=2;LUT6=1;RAMD64E=1"
413,0.290,5.000,4.360,1.085,3.275,0.751,5,"uop_p3_q_reg[chunk_idx][1]/C","i_vrf/vrf_b2_reg_r1_0_63_48_50/RAMC/I","VRF/read/writeback","FDCE=1;LUT4=1;LUT5=2;LUT6=1;RAMD64E=1"
414,0.290,5.000,4.360,1.085,3.275,0.751,5,"uop_p3_q_reg[chunk_idx][1]/C","i_vrf/vrf_b2_reg_r1_0_63_51_53/RAMC/I","VRF/read/writeback","FDCE=1;LUT4=1;LUT5=2;LUT6=1;RAMD64E=1"
415,0.290,5.000,4.360,1.085,3.275,0.751,5,"uop_p3_q_reg[chunk_idx][1]/C","i_vrf/vrf_b2_reg_r1_0_63_54_56/RAMC/I","VRF/read/writeback","FDCE=1;LUT4=1;LUT5=2;LUT6=1;RAMD64E=1"
416,0.290,5.000,4.360,1.085,3.275,0.751,5,"uop_p3_q_reg[chunk_idx][1]/C","i_vrf/vrf_b2_reg_r1_0_63_57_59/RAMC/I","VRF/read/writeback","FDCE=1;LUT4=1;LUT5=2;LUT6=1;RAMD64E=1"
417,0.290,5.000,4.360,1.085,3.275,0.751,5,"uop_p3_q_reg[chunk_idx][1]/C","i_vrf/vrf_b2_reg_r1_0_63_60_62/RAMC/I","VRF/read/writeback","FDCE=1;LUT4=1;LUT5=2;LUT6=1;RAMD64E=1"
418,0.290,5.000,4.360,1.085,3.275,0.751,5,"uop_p3_q_reg[chunk_idx][1]/C","i_vrf/vrf_b2_reg_r1_0_63_6_8/RAMC/I","VRF/read/writeback","FDCE=1;LUT4=1;LUT5=2;LUT6=1;RAMD64E=1"
419,0.290,5.000,4.360,1.085,3.275,0.751,5,"uop_p3_q_reg[chunk_idx][1]/C","i_vrf/vrf_b2_reg_r1_0_63_9_11/RAMC/I","VRF/read/writeback","FDCE=1;LUT4=1;LUT5=2;LUT6=1;RAMD64E=1"
420,0.290,5.000,4.360,1.085,3.275,0.751,5,"uop_p3_q_reg[chunk_idx][1]/C","i_vrf/vrf_b2_reg_r2_0_63_0_2/RAMC/I","VRF/read/writeback","FDCE=1;LUT4=1;LUT5=2;LUT6=1;RAMD64E=2"
421,0.290,5.000,4.360,1.085,3.275,0.751,5,"uop_p3_q_reg[chunk_idx][1]/C","i_vrf/vrf_b2_reg_r2_0_63_12_14/RAMC/I","VRF/read/writeback","FDCE=1;LUT4=1;LUT5=2;LUT6=1;RAMD64E=2"
422,0.290,5.000,4.360,1.085,3.275,0.751,5,"uop_p3_q_reg[chunk_idx][1]/C","i_vrf/vrf_b2_reg_r2_0_63_15_17/RAMC/I","VRF/read/writeback","FDCE=1;LUT4=1;LUT5=2;LUT6=1;RAMD64E=2"
423,0.290,5.000,4.360,1.085,3.275,0.751,5,"uop_p3_q_reg[chunk_idx][1]/C","i_vrf/vrf_b2_reg_r2_0_63_18_20/RAMC/I","VRF/read/writeback","FDCE=1;LUT4=1;LUT5=2;LUT6=1;RAMD64E=2"
424,0.290,5.000,4.360,1.085,3.275,0.751,5,"uop_p3_q_reg[chunk_idx][1]/C","i_vrf/vrf_b2_reg_r2_0_63_21_23/RAMC/I","VRF/read/writeback","FDCE=1;LUT4=1;LUT5=2;LUT6=1;RAMD64E=2"
425,0.290,5.000,4.360,1.085,3.275,0.751,5,"uop_p3_q_reg[chunk_idx][1]/C","i_vrf/vrf_b2_reg_r2_0_63_24_26/RAMC/I","VRF/read/writeback","FDCE=1;LUT4=1;LUT5=2;LUT6=1;RAMD64E=2"
426,0.290,5.000,4.360,1.085,3.275,0.751,5,"uop_p3_q_reg[chunk_idx][1]/C","i_vrf/vrf_b2_reg_r2_0_63_27_29/RAMC/I","VRF/read/writeback","FDCE=1;LUT4=1;LUT5=2;LUT6=1;RAMD64E=2"
427,0.290,5.000,4.360,1.085,3.275,0.751,5,"uop_p3_q_reg[chunk_idx][1]/C","i_vrf/vrf_b2_reg_r2_0_63_30_32/RAMC/I","VRF/read/writeback","FDCE=1;LUT4=1;LUT5=2;LUT6=1;RAMD64E=2"
428,0.290,5.000,4.360,1.085,3.275,0.751,5,"uop_p3_q_reg[chunk_idx][1]/C","i_vrf/vrf_b2_reg_r2_0_63_33_35/RAMC/I","VRF/read/writeback","FDCE=1;LUT4=1;LUT5=2;LUT6=1;RAMD64E=2"
429,0.290,5.000,4.360,1.085,3.275,0.751,5,"uop_p3_q_reg[chunk_idx][1]/C","i_vrf/vrf_b2_reg_r2_0_63_36_38/RAMC/I","VRF/read/writeback","FDCE=1;LUT4=1;LUT5=2;LUT6=1;RAMD64E=2"
430,0.290,5.000,4.360,1.085,3.275,0.751,5,"uop_p3_q_reg[chunk_idx][1]/C","i_vrf/vrf_b2_reg_r2_0_63_39_41/RAMC/I","VRF/read/writeback","FDCE=1;LUT4=1;LUT5=2;LUT6=1;RAMD64E=2"
431,0.290,5.000,4.360,1.085,3.275,0.751,5,"uop_p3_q_reg[chunk_idx][1]/C","i_vrf/vrf_b2_reg_r2_0_63_42_44/RAMC/I","VRF/read/writeback","FDCE=1;LUT4=1;LUT5=2;LUT6=1;RAMD64E=2"
432,0.290,5.000,4.360,1.085,3.275,0.751,5,"uop_p3_q_reg[chunk_idx][1]/C","i_vrf/vrf_b2_reg_r2_0_63_45_47/RAMC/I","VRF/read/writeback","FDCE=1;LUT4=1;LUT5=2;LUT6=1;RAMD64E=2"
433,0.290,5.000,4.360,1.085,3.275,0.751,5,"uop_p3_q_reg[chunk_idx][1]/C","i_vrf/vrf_b2_reg_r2_0_63_48_50/RAMC/I","VRF/read/writeback","FDCE=1;LUT4=1;LUT5=2;LUT6=1;RAMD64E=2"
434,0.290,5.000,4.360,1.085,3.275,0.751,5,"uop_p3_q_reg[chunk_idx][1]/C","i_vrf/vrf_b2_reg_r2_0_63_51_53/RAMC/I","VRF/read/writeback","FDCE=1;LUT4=1;LUT5=2;LUT6=1;RAMD64E=2"
435,0.290,5.000,4.360,1.085,3.275,0.751,5,"uop_p3_q_reg[chunk_idx][1]/C","i_vrf/vrf_b2_reg_r2_0_63_54_56/RAMC/I","VRF/read/writeback","FDCE=1;LUT4=1;LUT5=2;LUT6=1;RAMD64E=2"
436,0.290,5.000,4.360,1.085,3.275,0.751,5,"uop_p3_q_reg[chunk_idx][1]/C","i_vrf/vrf_b2_reg_r2_0_63_57_59/RAMC/I","VRF/read/writeback","FDCE=1;LUT4=1;LUT5=2;LUT6=1;RAMD64E=2"
437,0.290,5.000,4.360,1.085,3.275,0.751,5,"uop_p3_q_reg[chunk_idx][1]/C","i_vrf/vrf_b2_reg_r2_0_63_60_62/RAMC/I","VRF/read/writeback","FDCE=1;LUT4=1;LUT5=2;LUT6=1;RAMD64E=2"
438,0.290,5.000,4.360,1.085,3.275,0.751,5,"uop_p3_q_reg[chunk_idx][1]/C","i_vrf/vrf_b2_reg_r2_0_63_6_8/RAMC/I","VRF/read/writeback","FDCE=1;LUT4=1;LUT5=2;LUT6=1;RAMD64E=2"
439,0.290,5.000,4.360,1.085,3.275,0.751,5,"uop_p3_q_reg[chunk_idx][1]/C","i_vrf/vrf_b2_reg_r2_0_63_9_11/RAMC/I","VRF/read/writeback","FDCE=1;LUT4=1;LUT5=2;LUT6=1;RAMD64E=2"
440,0.290,5.000,4.360,1.085,3.275,0.751,5,"uop_p3_q_reg[chunk_idx][1]/C","i_vrf/vrf_b3_reg_r1_0_63_0_2/RAMC/I","VRF/read/writeback","FDCE=1;LUT4=1;LUT5=2;LUT6=1;RAMD64E=1"
441,0.290,5.000,4.360,1.085,3.275,0.751,5,"uop_p3_q_reg[chunk_idx][1]/C","i_vrf/vrf_b3_reg_r1_0_63_12_14/RAMC/I","VRF/read/writeback","FDCE=1;LUT4=1;LUT5=2;LUT6=1;RAMD64E=1"
442,0.290,5.000,4.360,1.085,3.275,0.751,5,"uop_p3_q_reg[chunk_idx][1]/C","i_vrf/vrf_b3_reg_r1_0_63_15_17/RAMC/I","VRF/read/writeback","FDCE=1;LUT4=1;LUT5=2;LUT6=1;RAMD64E=1"
443,0.290,5.000,4.360,1.085,3.275,0.751,5,"uop_p3_q_reg[chunk_idx][1]/C","i_vrf/vrf_b3_reg_r1_0_63_18_20/RAMC/I","VRF/read/writeback","FDCE=1;LUT4=1;LUT5=2;LUT6=1;RAMD64E=1"
444,0.290,5.000,4.360,1.085,3.275,0.751,5,"uop_p3_q_reg[chunk_idx][1]/C","i_vrf/vrf_b3_reg_r1_0_63_21_23/RAMC/I","VRF/read/writeback","FDCE=1;LUT4=1;LUT5=2;LUT6=1;RAMD64E=1"
445,0.290,5.000,4.360,1.085,3.275,0.751,5,"uop_p3_q_reg[chunk_idx][1]/C","i_vrf/vrf_b3_reg_r1_0_63_24_26/RAMC/I","VRF/read/writeback","FDCE=1;LUT4=1;LUT5=2;LUT6=1;RAMD64E=1"
446,0.290,5.000,4.360,1.085,3.275,0.751,5,"uop_p3_q_reg[chunk_idx][1]/C","i_vrf/vrf_b3_reg_r1_0_63_27_29/RAMC/I","VRF/read/writeback","FDCE=1;LUT4=1;LUT5=2;LUT6=1;RAMD64E=1"
447,0.290,5.000,4.360,1.085,3.275,0.751,5,"uop_p3_q_reg[chunk_idx][1]/C","i_vrf/vrf_b3_reg_r1_0_63_30_32/RAMC/I","VRF/read/writeback","FDCE=1;LUT4=1;LUT5=2;LUT6=1;RAMD64E=1"
448,0.290,5.000,4.360,1.085,3.275,0.751,5,"uop_p3_q_reg[chunk_idx][1]/C","i_vrf/vrf_b3_reg_r1_0_63_33_35/RAMC/I","VRF/read/writeback","FDCE=1;LUT4=1;LUT5=2;LUT6=1;RAMD64E=1"
449,0.290,5.000,4.360,1.085,3.275,0.751,5,"uop_p3_q_reg[chunk_idx][1]/C","i_vrf/vrf_b3_reg_r1_0_63_36_38/RAMC/I","VRF/read/writeback","FDCE=1;LUT4=1;LUT5=2;LUT6=1;RAMD64E=1"
450,0.290,5.000,4.360,1.085,3.275,0.751,5,"uop_p3_q_reg[chunk_idx][1]/C","i_vrf/vrf_b3_reg_r1_0_63_39_41/RAMC/I","VRF/read/writeback","FDCE=1;LUT4=1;LUT5=2;LUT6=1;RAMD64E=1"
451,0.290,5.000,4.360,1.085,3.275,0.751,5,"uop_p3_q_reg[chunk_idx][1]/C","i_vrf/vrf_b3_reg_r1_0_63_3_5/RAMC/I","VRF/read/writeback","FDCE=1;LUT4=1;LUT5=2;LUT6=1;RAMD64E=1"
452,0.290,5.000,4.360,1.085,3.275,0.751,5,"uop_p3_q_reg[chunk_idx][1]/C","i_vrf/vrf_b3_reg_r1_0_63_42_44/RAMC/I","VRF/read/writeback","FDCE=1;LUT4=1;LUT5=2;LUT6=1;RAMD64E=1"
453,0.290,5.000,4.360,1.085,3.275,0.751,5,"uop_p3_q_reg[chunk_idx][1]/C","i_vrf/vrf_b3_reg_r1_0_63_45_47/RAMC/I","VRF/read/writeback","FDCE=1;LUT4=1;LUT5=2;LUT6=1;RAMD64E=1"
454,0.290,5.000,4.360,1.085,3.275,0.751,5,"uop_p3_q_reg[chunk_idx][1]/C","i_vrf/vrf_b3_reg_r1_0_63_48_50/RAMC/I","VRF/read/writeback","FDCE=1;LUT4=1;LUT5=2;LUT6=1;RAMD64E=1"
455,0.290,5.000,4.360,1.085,3.275,0.751,5,"uop_p3_q_reg[chunk_idx][1]/C","i_vrf/vrf_b3_reg_r1_0_63_51_53/RAMC/I","VRF/read/writeback","FDCE=1;LUT4=1;LUT5=2;LUT6=1;RAMD64E=1"
456,0.290,5.000,4.360,1.085,3.275,0.751,5,"uop_p3_q_reg[chunk_idx][1]/C","i_vrf/vrf_b3_reg_r1_0_63_54_56/RAMC/I","VRF/read/writeback","FDCE=1;LUT4=1;LUT5=2;LUT6=1;RAMD64E=1"
457,0.290,5.000,4.360,1.085,3.275,0.751,5,"uop_p3_q_reg[chunk_idx][1]/C","i_vrf/vrf_b3_reg_r1_0_63_57_59/RAMC/I","VRF/read/writeback","FDCE=1;LUT4=1;LUT5=2;LUT6=1;RAMD64E=1"
458,0.290,5.000,4.360,1.085,3.275,0.751,5,"uop_p3_q_reg[chunk_idx][1]/C","i_vrf/vrf_b3_reg_r1_0_63_60_62/RAMC/I","VRF/read/writeback","FDCE=1;LUT4=1;LUT5=2;LUT6=1;RAMD64E=1"
459,0.290,5.000,4.360,1.085,3.275,0.751,5,"uop_p3_q_reg[chunk_idx][1]/C","i_vrf/vrf_b3_reg_r1_0_63_6_8/RAMC/I","VRF/read/writeback","FDCE=1;LUT4=1;LUT5=2;LUT6=1;RAMD64E=1"
460,0.290,5.000,4.360,1.085,3.275,0.751,5,"uop_p3_q_reg[chunk_idx][1]/C","i_vrf/vrf_b3_reg_r1_0_63_9_11/RAMC/I","VRF/read/writeback","FDCE=1;LUT4=1;LUT5=2;LUT6=1;RAMD64E=1"
461,0.290,5.000,4.360,1.085,3.275,0.751,5,"uop_p3_q_reg[chunk_idx][1]/C","i_vrf/vrf_b3_reg_r2_0_63_0_2/RAMC/I","VRF/read/writeback","FDCE=1;LUT4=1;LUT5=2;LUT6=1;RAMD64E=2"
462,0.290,5.000,4.360,1.085,3.275,0.751,5,"uop_p3_q_reg[chunk_idx][1]/C","i_vrf/vrf_b3_reg_r2_0_63_12_14/RAMC/I","VRF/read/writeback","FDCE=1;LUT4=1;LUT5=2;LUT6=1;RAMD64E=2"
463,0.290,5.000,4.360,1.085,3.275,0.751,5,"uop_p3_q_reg[chunk_idx][1]/C","i_vrf/vrf_b3_reg_r2_0_63_15_17/RAMC/I","VRF/read/writeback","FDCE=1;LUT4=1;LUT5=2;LUT6=1;RAMD64E=2"
464,0.290,5.000,4.360,1.085,3.275,0.751,5,"uop_p3_q_reg[chunk_idx][1]/C","i_vrf/vrf_b3_reg_r2_0_63_18_20/RAMC/I","VRF/read/writeback","FDCE=1;LUT4=1;LUT5=2;LUT6=1;RAMD64E=2"
465,0.290,5.000,4.360,1.085,3.275,0.751,5,"uop_p3_q_reg[chunk_idx][1]/C","i_vrf/vrf_b3_reg_r2_0_63_21_23/RAMC/I","VRF/read/writeback","FDCE=1;LUT4=1;LUT5=2;LUT6=1;RAMD64E=2"
466,0.290,5.000,4.360,1.085,3.275,0.751,5,"uop_p3_q_reg[chunk_idx][1]/C","i_vrf/vrf_b3_reg_r2_0_63_24_26/RAMC/I","VRF/read/writeback","FDCE=1;LUT4=1;LUT5=2;LUT6=1;RAMD64E=2"
467,0.290,5.000,4.360,1.085,3.275,0.751,5,"uop_p3_q_reg[chunk_idx][1]/C","i_vrf/vrf_b3_reg_r2_0_63_27_29/RAMC/I","VRF/read/writeback","FDCE=1;LUT4=1;LUT5=2;LUT6=1;RAMD64E=2"
468,0.290,5.000,4.360,1.085,3.275,0.751,5,"uop_p3_q_reg[chunk_idx][1]/C","i_vrf/vrf_b3_reg_r2_0_63_30_32/RAMC/I","VRF/read/writeback","FDCE=1;LUT4=1;LUT5=2;LUT6=1;RAMD64E=2"
469,0.290,5.000,4.360,1.085,3.275,0.751,5,"uop_p3_q_reg[chunk_idx][1]/C","i_vrf/vrf_b3_reg_r2_0_63_33_35/RAMC/I","VRF/read/writeback","FDCE=1;LUT4=1;LUT5=2;LUT6=1;RAMD64E=2"
470,0.290,5.000,4.360,1.085,3.275,0.751,5,"uop_p3_q_reg[chunk_idx][1]/C","i_vrf/vrf_b3_reg_r2_0_63_36_38/RAMC/I","VRF/read/writeback","FDCE=1;LUT4=1;LUT5=2;LUT6=1;RAMD64E=2"
471,0.290,5.000,4.360,1.085,3.275,0.751,5,"uop_p3_q_reg[chunk_idx][1]/C","i_vrf/vrf_b3_reg_r2_0_63_39_41/RAMC/I","VRF/read/writeback","FDCE=1;LUT4=1;LUT5=2;LUT6=1;RAMD64E=2"
472,0.290,5.000,4.360,1.085,3.275,0.751,5,"uop_p3_q_reg[chunk_idx][1]/C","i_vrf/vrf_b3_reg_r2_0_63_3_5/RAMC/I","VRF/read/writeback","FDCE=1;LUT4=1;LUT5=2;LUT6=1;RAMD64E=2"
473,0.290,5.000,4.360,1.085,3.275,0.751,5,"uop_p3_q_reg[chunk_idx][1]/C","i_vrf/vrf_b3_reg_r2_0_63_42_44/RAMC/I","VRF/read/writeback","FDCE=1;LUT4=1;LUT5=2;LUT6=1;RAMD64E=2"
474,0.290,5.000,4.360,1.085,3.275,0.751,5,"uop_p3_q_reg[chunk_idx][1]/C","i_vrf/vrf_b3_reg_r2_0_63_45_47/RAMC/I","VRF/read/writeback","FDCE=1;LUT4=1;LUT5=2;LUT6=1;RAMD64E=2"
475,0.290,5.000,4.360,1.085,3.275,0.751,5,"uop_p3_q_reg[chunk_idx][1]/C","i_vrf/vrf_b3_reg_r2_0_63_48_50/RAMC/I","VRF/read/writeback","FDCE=1;LUT4=1;LUT5=2;LUT6=1;RAMD64E=2"
476,0.290,5.000,4.360,1.085,3.275,0.751,5,"uop_p3_q_reg[chunk_idx][1]/C","i_vrf/vrf_b3_reg_r2_0_63_51_53/RAMC/I","VRF/read/writeback","FDCE=1;LUT4=1;LUT5=2;LUT6=1;RAMD64E=2"
477,0.290,5.000,4.360,1.085,3.275,0.751,5,"uop_p3_q_reg[chunk_idx][1]/C","i_vrf/vrf_b3_reg_r2_0_63_54_56/RAMC/I","VRF/read/writeback","FDCE=1;LUT4=1;LUT5=2;LUT6=1;RAMD64E=2"
478,0.290,5.000,4.360,1.085,3.275,0.751,5,"uop_p3_q_reg[chunk_idx][1]/C","i_vrf/vrf_b3_reg_r2_0_63_57_59/RAMC/I","VRF/read/writeback","FDCE=1;LUT4=1;LUT5=2;LUT6=1;RAMD64E=2"
479,0.290,5.000,4.360,1.085,3.275,0.751,5,"uop_p3_q_reg[chunk_idx][1]/C","i_vrf/vrf_b3_reg_r2_0_63_60_62/RAMC/I","VRF/read/writeback","FDCE=1;LUT4=1;LUT5=2;LUT6=1;RAMD64E=2"
480,0.290,5.000,4.360,1.085,3.275,0.751,5,"uop_p3_q_reg[chunk_idx][1]/C","i_vrf/vrf_b3_reg_r2_0_63_6_8/RAMC/I","VRF/read/writeback","FDCE=1;LUT4=1;LUT5=2;LUT6=1;RAMD64E=2"
481,0.290,5.000,4.360,1.085,3.275,0.751,5,"uop_p3_q_reg[chunk_idx][1]/C","i_vrf/vrf_b3_reg_r2_0_63_9_11/RAMC/I","VRF/read/writeback","FDCE=1;LUT4=1;LUT5=2;LUT6=1;RAMD64E=2"
482,0.295,5.000,4.360,1.085,3.275,0.751,5,"uop_p3_q_reg[chunk_idx][1]/C","i_vrf/vrf_b0_reg_r1_0_63_0_2/RAMA/I","VRF/read/writeback","FDCE=1;LUT4=1;LUT5=2;LUT6=1;RAMD64E=1"
483,0.295,5.000,4.360,1.085,3.275,0.751,5,"uop_p3_q_reg[chunk_idx][1]/C","i_vrf/vrf_b0_reg_r1_0_63_12_14/RAMA/I","VRF/read/writeback","FDCE=1;LUT4=1;LUT5=2;LUT6=1;RAMD64E=1"
484,0.295,5.000,4.360,1.085,3.275,0.751,5,"uop_p3_q_reg[chunk_idx][1]/C","i_vrf/vrf_b0_reg_r1_0_63_15_17/RAMA/I","VRF/read/writeback","FDCE=1;LUT4=1;LUT5=2;LUT6=1;RAMD64E=1"
485,0.295,5.000,4.360,1.085,3.275,0.751,5,"uop_p3_q_reg[chunk_idx][1]/C","i_vrf/vrf_b0_reg_r1_0_63_18_20/RAMA/I","VRF/read/writeback","FDCE=1;LUT4=1;LUT5=2;LUT6=1;RAMD64E=1"
486,0.295,5.000,4.360,1.085,3.275,0.751,5,"uop_p3_q_reg[chunk_idx][1]/C","i_vrf/vrf_b0_reg_r1_0_63_21_23/RAMA/I","VRF/read/writeback","FDCE=1;LUT4=1;LUT5=2;LUT6=1;RAMD64E=1"
487,0.295,5.000,4.360,1.085,3.275,0.751,5,"uop_p3_q_reg[chunk_idx][1]/C","i_vrf/vrf_b0_reg_r1_0_63_24_26/RAMA/I","VRF/read/writeback","FDCE=1;LUT4=1;LUT5=2;LUT6=1;RAMD64E=1"
488,0.295,5.000,4.360,1.085,3.275,0.751,5,"uop_p3_q_reg[chunk_idx][1]/C","i_vrf/vrf_b0_reg_r1_0_63_27_29/RAMA/I","VRF/read/writeback","FDCE=1;LUT4=1;LUT5=2;LUT6=1;RAMD64E=1"
489,0.295,5.000,4.360,1.085,3.275,0.751,5,"uop_p3_q_reg[chunk_idx][1]/C","i_vrf/vrf_b0_reg_r1_0_63_30_32/RAMA/I","VRF/read/writeback","FDCE=1;LUT4=1;LUT5=2;LUT6=1;RAMD64E=1"
490,0.295,5.000,4.360,1.085,3.275,0.751,5,"uop_p3_q_reg[chunk_idx][1]/C","i_vrf/vrf_b0_reg_r1_0_63_33_35/RAMA/I","VRF/read/writeback","FDCE=1;LUT4=1;LUT5=2;LUT6=1;RAMD64E=1"
491,0.295,5.000,4.360,1.085,3.275,0.751,5,"uop_p3_q_reg[chunk_idx][1]/C","i_vrf/vrf_b0_reg_r1_0_63_36_38/RAMA/I","VRF/read/writeback","FDCE=1;LUT4=1;LUT5=2;LUT6=1;RAMD64E=1"
492,0.295,5.000,4.360,1.085,3.275,0.751,5,"uop_p3_q_reg[chunk_idx][1]/C","i_vrf/vrf_b0_reg_r1_0_63_39_41/RAMA/I","VRF/read/writeback","FDCE=1;LUT4=1;LUT5=2;LUT6=1;RAMD64E=1"
493,0.295,5.000,4.360,1.085,3.275,0.751,5,"uop_p3_q_reg[chunk_idx][1]/C","i_vrf/vrf_b0_reg_r1_0_63_3_5/RAMA/I","VRF/read/writeback","FDCE=1;LUT4=1;LUT5=2;LUT6=1;RAMD64E=1"
494,0.295,5.000,4.360,1.085,3.275,0.751,5,"uop_p3_q_reg[chunk_idx][1]/C","i_vrf/vrf_b0_reg_r1_0_63_42_44/RAMA/I","VRF/read/writeback","FDCE=1;LUT4=1;LUT5=2;LUT6=1;RAMD64E=1"
495,0.295,5.000,4.360,1.085,3.275,0.751,5,"uop_p3_q_reg[chunk_idx][1]/C","i_vrf/vrf_b0_reg_r1_0_63_45_47/RAMA/I","VRF/read/writeback","FDCE=1;LUT4=1;LUT5=2;LUT6=1;RAMD64E=1"
496,0.295,5.000,4.360,1.085,3.275,0.751,5,"uop_p3_q_reg[chunk_idx][1]/C","i_vrf/vrf_b0_reg_r1_0_63_48_50/RAMA/I","VRF/read/writeback","FDCE=1;LUT4=1;LUT5=2;LUT6=1;RAMD64E=1"
497,0.295,5.000,4.360,1.085,3.275,0.751,5,"uop_p3_q_reg[chunk_idx][1]/C","i_vrf/vrf_b0_reg_r1_0_63_51_53/RAMA/I","VRF/read/writeback","FDCE=1;LUT4=1;LUT5=2;LUT6=1;RAMD64E=1"
498,0.295,5.000,4.360,1.085,3.275,0.751,5,"uop_p3_q_reg[chunk_idx][1]/C","i_vrf/vrf_b0_reg_r1_0_63_54_56/RAMA/I","VRF/read/writeback","FDCE=1;LUT4=1;LUT5=2;LUT6=1;RAMD64E=1"
499,0.295,5.000,4.360,1.085,3.275,0.751,5,"uop_p3_q_reg[chunk_idx][1]/C","i_vrf/vrf_b0_reg_r1_0_63_57_59/RAMA/I","VRF/read/writeback","FDCE=1;LUT4=1;LUT5=2;LUT6=1;RAMD64E=1"
500,0.295,5.000,4.360,1.085,3.275,0.751,5,"uop_p3_q_reg[chunk_idx][1]/C","i_vrf/vrf_b0_reg_r1_0_63_60_62/RAMA/I","VRF/read/writeback","FDCE=1;LUT4=1;LUT5=2;LUT6=1;RAMD64E=1"
501,0.295,5.000,4.360,1.085,3.275,0.751,5,"uop_p3_q_reg[chunk_idx][1]/C","i_vrf/vrf_b0_reg_r1_0_63_6_8/RAMA/I","VRF/read/writeback","FDCE=1;LUT4=1;LUT5=2;LUT6=1;RAMD64E=1"
502,0.295,5.000,4.360,1.085,3.275,0.751,5,"uop_p3_q_reg[chunk_idx][1]/C","i_vrf/vrf_b0_reg_r1_0_63_9_11/RAMA/I","VRF/read/writeback","FDCE=1;LUT4=1;LUT5=2;LUT6=1;RAMD64E=1"
503,0.295,5.000,4.360,1.085,3.275,0.751,5,"uop_p3_q_reg[chunk_idx][1]/C","i_vrf/vrf_b0_reg_r2_0_63_0_2/RAMA/I","VRF/read/writeback","FDCE=1;LUT4=1;LUT5=2;LUT6=1;RAMD64E=2"
504,0.295,5.000,4.360,1.085,3.275,0.751,5,"uop_p3_q_reg[chunk_idx][1]/C","i_vrf/vrf_b0_reg_r2_0_63_12_14/RAMA/I","VRF/read/writeback","FDCE=1;LUT4=1;LUT5=2;LUT6=1;RAMD64E=2"
505,0.295,5.000,4.360,1.085,3.275,0.751,5,"uop_p3_q_reg[chunk_idx][1]/C","i_vrf/vrf_b0_reg_r2_0_63_15_17/RAMA/I","VRF/read/writeback","FDCE=1;LUT4=1;LUT5=2;LUT6=1;RAMD64E=2"
506,0.295,5.000,4.360,1.085,3.275,0.751,5,"uop_p3_q_reg[chunk_idx][1]/C","i_vrf/vrf_b0_reg_r2_0_63_18_20/RAMA/I","VRF/read/writeback","FDCE=1;LUT4=1;LUT5=2;LUT6=1;RAMD64E=2"
507,0.295,5.000,4.360,1.085,3.275,0.751,5,"uop_p3_q_reg[chunk_idx][1]/C","i_vrf/vrf_b0_reg_r2_0_63_21_23/RAMA/I","VRF/read/writeback","FDCE=1;LUT4=1;LUT5=2;LUT6=1;RAMD64E=2"
508,0.295,5.000,4.360,1.085,3.275,0.751,5,"uop_p3_q_reg[chunk_idx][1]/C","i_vrf/vrf_b0_reg_r2_0_63_24_26/RAMA/I","VRF/read/writeback","FDCE=1;LUT4=1;LUT5=2;LUT6=1;RAMD64E=2"
509,0.295,5.000,4.360,1.085,3.275,0.751,5,"uop_p3_q_reg[chunk_idx][1]/C","i_vrf/vrf_b0_reg_r2_0_63_27_29/RAMA/I","VRF/read/writeback","FDCE=1;LUT4=1;LUT5=2;LUT6=1;RAMD64E=2"
510,0.295,5.000,4.360,1.085,3.275,0.751,5,"uop_p3_q_reg[chunk_idx][1]/C","i_vrf/vrf_b0_reg_r2_0_63_30_32/RAMA/I","VRF/read/writeback","FDCE=1;LUT4=1;LUT5=2;LUT6=1;RAMD64E=2"
511,0.295,5.000,4.360,1.085,3.275,0.751,5,"uop_p3_q_reg[chunk_idx][1]/C","i_vrf/vrf_b0_reg_r2_0_63_33_35/RAMA/I","VRF/read/writeback","FDCE=1;LUT4=1;LUT5=2;LUT6=1;RAMD64E=2"
512,0.295,5.000,4.360,1.085,3.275,0.751,5,"uop_p3_q_reg[chunk_idx][1]/C","i_vrf/vrf_b0_reg_r2_0_63_36_38/RAMA/I","VRF/read/writeback","FDCE=1;LUT4=1;LUT5=2;LUT6=1;RAMD64E=2"
513,0.295,5.000,4.360,1.085,3.275,0.751,5,"uop_p3_q_reg[chunk_idx][1]/C","i_vrf/vrf_b0_reg_r2_0_63_39_41/RAMA/I","VRF/read/writeback","FDCE=1;LUT4=1;LUT5=2;LUT6=1;RAMD64E=2"
514,0.295,5.000,4.360,1.085,3.275,0.751,5,"uop_p3_q_reg[chunk_idx][1]/C","i_vrf/vrf_b0_reg_r2_0_63_3_5/RAMA/I","VRF/read/writeback","FDCE=1;LUT4=1;LUT5=2;LUT6=1;RAMD64E=2"
515,0.295,5.000,4.360,1.085,3.275,0.751,5,"uop_p3_q_reg[chunk_idx][1]/C","i_vrf/vrf_b0_reg_r2_0_63_42_44/RAMA/I","VRF/read/writeback","FDCE=1;LUT4=1;LUT5=2;LUT6=1;RAMD64E=2"
516,0.295,5.000,4.360,1.085,3.275,0.751,5,"uop_p3_q_reg[chunk_idx][1]/C","i_vrf/vrf_b0_reg_r2_0_63_45_47/RAMA/I","VRF/read/writeback","FDCE=1;LUT4=1;LUT5=2;LUT6=1;RAMD64E=2"
517,0.295,5.000,4.360,1.085,3.275,0.751,5,"uop_p3_q_reg[chunk_idx][1]/C","i_vrf/vrf_b0_reg_r2_0_63_48_50/RAMA/I","VRF/read/writeback","FDCE=1;LUT4=1;LUT5=2;LUT6=1;RAMD64E=2"
518,0.295,5.000,4.360,1.085,3.275,0.751,5,"uop_p3_q_reg[chunk_idx][1]/C","i_vrf/vrf_b0_reg_r2_0_63_51_53/RAMA/I","VRF/read/writeback","FDCE=1;LUT4=1;LUT5=2;LUT6=1;RAMD64E=2"
519,0.295,5.000,4.360,1.085,3.275,0.751,5,"uop_p3_q_reg[chunk_idx][1]/C","i_vrf/vrf_b0_reg_r2_0_63_54_56/RAMA/I","VRF/read/writeback","FDCE=1;LUT4=1;LUT5=2;LUT6=1;RAMD64E=2"
520,0.295,5.000,4.360,1.085,3.275,0.751,5,"uop_p3_q_reg[chunk_idx][1]/C","i_vrf/vrf_b0_reg_r2_0_63_57_59/RAMA/I","VRF/read/writeback","FDCE=1;LUT4=1;LUT5=2;LUT6=1;RAMD64E=2"
521,0.295,5.000,4.360,1.085,3.275,0.751,5,"uop_p3_q_reg[chunk_idx][1]/C","i_vrf/vrf_b0_reg_r2_0_63_60_62/RAMA/I","VRF/read/writeback","FDCE=1;LUT4=1;LUT5=2;LUT6=1;RAMD64E=2"
522,0.295,5.000,4.360,1.085,3.275,0.751,5,"uop_p3_q_reg[chunk_idx][1]/C","i_vrf/vrf_b0_reg_r2_0_63_6_8/RAMA/I","VRF/read/writeback","FDCE=1;LUT4=1;LUT5=2;LUT6=1;RAMD64E=2"
523,0.295,5.000,4.360,1.085,3.275,0.751,5,"uop_p3_q_reg[chunk_idx][1]/C","i_vrf/vrf_b0_reg_r2_0_63_9_11/RAMA/I","VRF/read/writeback","FDCE=1;LUT4=1;LUT5=2;LUT6=1;RAMD64E=2"
524,0.295,5.000,4.360,1.085,3.275,0.751,5,"uop_p3_q_reg[chunk_idx][1]/C","i_vrf/vrf_b1_reg_r1_0_63_0_2/RAMA/I","VRF/read/writeback","FDCE=1;LUT4=1;LUT5=2;LUT6=1;RAMD64E=1"
525,0.295,5.000,4.360,1.085,3.275,0.751,5,"uop_p3_q_reg[chunk_idx][1]/C","i_vrf/vrf_b1_reg_r1_0_63_12_14/RAMA/I","VRF/read/writeback","FDCE=1;LUT4=1;LUT5=2;LUT6=1;RAMD64E=1"
526,0.295,5.000,4.360,1.085,3.275,0.751,5,"uop_p3_q_reg[chunk_idx][1]/C","i_vrf/vrf_b1_reg_r1_0_63_15_17/RAMA/I","VRF/read/writeback","FDCE=1;LUT4=1;LUT5=2;LUT6=1;RAMD64E=1"
527,0.295,5.000,4.360,1.085,3.275,0.751,5,"uop_p3_q_reg[chunk_idx][1]/C","i_vrf/vrf_b1_reg_r1_0_63_18_20/RAMA/I","VRF/read/writeback","FDCE=1;LUT4=1;LUT5=2;LUT6=1;RAMD64E=1"
528,0.295,5.000,4.360,1.085,3.275,0.751,5,"uop_p3_q_reg[chunk_idx][1]/C","i_vrf/vrf_b1_reg_r1_0_63_21_23/RAMA/I","VRF/read/writeback","FDCE=1;LUT4=1;LUT5=2;LUT6=1;RAMD64E=1"
529,0.295,5.000,4.360,1.085,3.275,0.751,5,"uop_p3_q_reg[chunk_idx][1]/C","i_vrf/vrf_b1_reg_r1_0_63_24_26/RAMA/I","VRF/read/writeback","FDCE=1;LUT4=1;LUT5=2;LUT6=1;RAMD64E=1"
530,0.295,5.000,4.360,1.085,3.275,0.751,5,"uop_p3_q_reg[chunk_idx][1]/C","i_vrf/vrf_b1_reg_r1_0_63_27_29/RAMA/I","VRF/read/writeback","FDCE=1;LUT4=1;LUT5=2;LUT6=1;RAMD64E=1"
531,0.295,5.000,4.360,1.085,3.275,0.751,5,"uop_p3_q_reg[chunk_idx][1]/C","i_vrf/vrf_b1_reg_r1_0_63_30_32/RAMA/I","VRF/read/writeback","FDCE=1;LUT4=1;LUT5=2;LUT6=1;RAMD64E=1"
532,0.295,5.000,4.360,1.085,3.275,0.751,5,"uop_p3_q_reg[chunk_idx][1]/C","i_vrf/vrf_b1_reg_r1_0_63_33_35/RAMA/I","VRF/read/writeback","FDCE=1;LUT4=1;LUT5=2;LUT6=1;RAMD64E=1"
533,0.295,5.000,4.360,1.085,3.275,0.751,5,"uop_p3_q_reg[chunk_idx][1]/C","i_vrf/vrf_b1_reg_r1_0_63_36_38/RAMA/I","VRF/read/writeback","FDCE=1;LUT4=1;LUT5=2;LUT6=1;RAMD64E=1"
534,0.295,5.000,4.360,1.085,3.275,0.751,5,"uop_p3_q_reg[chunk_idx][1]/C","i_vrf/vrf_b1_reg_r1_0_63_39_41/RAMA/I","VRF/read/writeback","FDCE=1;LUT4=1;LUT5=2;LUT6=1;RAMD64E=1"
535,0.295,5.000,4.360,1.085,3.275,0.751,5,"uop_p3_q_reg[chunk_idx][1]/C","i_vrf/vrf_b1_reg_r1_0_63_3_5/RAMA/I","VRF/read/writeback","FDCE=1;LUT4=1;LUT5=2;LUT6=1;RAMD64E=1"
536,0.295,5.000,4.360,1.085,3.275,0.751,5,"uop_p3_q_reg[chunk_idx][1]/C","i_vrf/vrf_b1_reg_r1_0_63_42_44/RAMA/I","VRF/read/writeback","FDCE=1;LUT4=1;LUT5=2;LUT6=1;RAMD64E=1"
537,0.295,5.000,4.360,1.085,3.275,0.751,5,"uop_p3_q_reg[chunk_idx][1]/C","i_vrf/vrf_b1_reg_r1_0_63_45_47/RAMA/I","VRF/read/writeback","FDCE=1;LUT4=1;LUT5=2;LUT6=1;RAMD64E=1"
538,0.295,5.000,4.360,1.085,3.275,0.751,5,"uop_p3_q_reg[chunk_idx][1]/C","i_vrf/vrf_b1_reg_r1_0_63_48_50/RAMA/I","VRF/read/writeback","FDCE=1;LUT4=1;LUT5=2;LUT6=1;RAMD64E=1"
539,0.295,5.000,4.360,1.085,3.275,0.751,5,"uop_p3_q_reg[chunk_idx][1]/C","i_vrf/vrf_b1_reg_r1_0_63_51_53/RAMA/I","VRF/read/writeback","FDCE=1;LUT4=1;LUT5=2;LUT6=1;RAMD64E=1"
540,0.295,5.000,4.360,1.085,3.275,0.751,5,"uop_p3_q_reg[chunk_idx][1]/C","i_vrf/vrf_b1_reg_r1_0_63_54_56/RAMA/I","VRF/read/writeback","FDCE=1;LUT4=1;LUT5=2;LUT6=1;RAMD64E=1"
541,0.295,5.000,4.360,1.085,3.275,0.751,5,"uop_p3_q_reg[chunk_idx][1]/C","i_vrf/vrf_b1_reg_r1_0_63_57_59/RAMA/I","VRF/read/writeback","FDCE=1;LUT4=1;LUT5=2;LUT6=1;RAMD64E=1"
542,0.295,5.000,4.360,1.085,3.275,0.751,5,"uop_p3_q_reg[chunk_idx][1]/C","i_vrf/vrf_b1_reg_r1_0_63_60_62/RAMA/I","VRF/read/writeback","FDCE=1;LUT4=1;LUT5=2;LUT6=1;RAMD64E=1"
543,0.295,5.000,4.360,1.085,3.275,0.751,5,"uop_p3_q_reg[chunk_idx][1]/C","i_vrf/vrf_b1_reg_r1_0_63_6_8/RAMA/I","VRF/read/writeback","FDCE=1;LUT4=1;LUT5=2;LUT6=1;RAMD64E=1"
544,0.295,5.000,4.360,1.085,3.275,0.751,5,"uop_p3_q_reg[chunk_idx][1]/C","i_vrf/vrf_b1_reg_r1_0_63_9_11/RAMA/I","VRF/read/writeback","FDCE=1;LUT4=1;LUT5=2;LUT6=1;RAMD64E=1"
545,0.295,5.000,4.360,1.085,3.275,0.751,5,"uop_p3_q_reg[chunk_idx][1]/C","i_vrf/vrf_b1_reg_r2_0_63_0_2/RAMA/I","VRF/read/writeback","FDCE=1;LUT4=1;LUT5=2;LUT6=1;RAMD64E=2"
546,0.295,5.000,4.360,1.085,3.275,0.751,5,"uop_p3_q_reg[chunk_idx][1]/C","i_vrf/vrf_b1_reg_r2_0_63_12_14/RAMA/I","VRF/read/writeback","FDCE=1;LUT4=1;LUT5=2;LUT6=1;RAMD64E=2"
547,0.295,5.000,4.360,1.085,3.275,0.751,5,"uop_p3_q_reg[chunk_idx][1]/C","i_vrf/vrf_b1_reg_r2_0_63_15_17/RAMA/I","VRF/read/writeback","FDCE=1;LUT4=1;LUT5=2;LUT6=1;RAMD64E=2"
548,0.295,5.000,4.360,1.085,3.275,0.751,5,"uop_p3_q_reg[chunk_idx][1]/C","i_vrf/vrf_b1_reg_r2_0_63_18_20/RAMA/I","VRF/read/writeback","FDCE=1;LUT4=1;LUT5=2;LUT6=1;RAMD64E=2"
549,0.295,5.000,4.360,1.085,3.275,0.751,5,"uop_p3_q_reg[chunk_idx][1]/C","i_vrf/vrf_b1_reg_r2_0_63_21_23/RAMA/I","VRF/read/writeback","FDCE=1;LUT4=1;LUT5=2;LUT6=1;RAMD64E=2"
550,0.295,5.000,4.360,1.085,3.275,0.751,5,"uop_p3_q_reg[chunk_idx][1]/C","i_vrf/vrf_b1_reg_r2_0_63_24_26/RAMA/I","VRF/read/writeback","FDCE=1;LUT4=1;LUT5=2;LUT6=1;RAMD64E=2"
551,0.295,5.000,4.360,1.085,3.275,0.751,5,"uop_p3_q_reg[chunk_idx][1]/C","i_vrf/vrf_b1_reg_r2_0_63_27_29/RAMA/I","VRF/read/writeback","FDCE=1;LUT4=1;LUT5=2;LUT6=1;RAMD64E=2"
552,0.295,5.000,4.360,1.085,3.275,0.751,5,"uop_p3_q_reg[chunk_idx][1]/C","i_vrf/vrf_b1_reg_r2_0_63_30_32/RAMA/I","VRF/read/writeback","FDCE=1;LUT4=1;LUT5=2;LUT6=1;RAMD64E=2"
553,0.295,5.000,4.360,1.085,3.275,0.751,5,"uop_p3_q_reg[chunk_idx][1]/C","i_vrf/vrf_b1_reg_r2_0_63_33_35/RAMA/I","VRF/read/writeback","FDCE=1;LUT4=1;LUT5=2;LUT6=1;RAMD64E=2"
554,0.295,5.000,4.360,1.085,3.275,0.751,5,"uop_p3_q_reg[chunk_idx][1]/C","i_vrf/vrf_b1_reg_r2_0_63_36_38/RAMA/I","VRF/read/writeback","FDCE=1;LUT4=1;LUT5=2;LUT6=1;RAMD64E=2"
555,0.295,5.000,4.360,1.085,3.275,0.751,5,"uop_p3_q_reg[chunk_idx][1]/C","i_vrf/vrf_b1_reg_r2_0_63_39_41/RAMA/I","VRF/read/writeback","FDCE=1;LUT4=1;LUT5=2;LUT6=1;RAMD64E=2"
556,0.295,5.000,4.360,1.085,3.275,0.751,5,"uop_p3_q_reg[chunk_idx][1]/C","i_vrf/vrf_b1_reg_r2_0_63_3_5/RAMA/I","VRF/read/writeback","FDCE=1;LUT4=1;LUT5=2;LUT6=1;RAMD64E=2"
557,0.295,5.000,4.360,1.085,3.275,0.751,5,"uop_p3_q_reg[chunk_idx][1]/C","i_vrf/vrf_b1_reg_r2_0_63_42_44/RAMA/I","VRF/read/writeback","FDCE=1;LUT4=1;LUT5=2;LUT6=1;RAMD64E=2"
558,0.295,5.000,4.360,1.085,3.275,0.751,5,"uop_p3_q_reg[chunk_idx][1]/C","i_vrf/vrf_b1_reg_r2_0_63_45_47/RAMA/I","VRF/read/writeback","FDCE=1;LUT4=1;LUT5=2;LUT6=1;RAMD64E=2"
559,0.295,5.000,4.360,1.085,3.275,0.751,5,"uop_p3_q_reg[chunk_idx][1]/C","i_vrf/vrf_b1_reg_r2_0_63_48_50/RAMA/I","VRF/read/writeback","FDCE=1;LUT4=1;LUT5=2;LUT6=1;RAMD64E=2"
560,0.295,5.000,4.360,1.085,3.275,0.751,5,"uop_p3_q_reg[chunk_idx][1]/C","i_vrf/vrf_b1_reg_r2_0_63_51_53/RAMA/I","VRF/read/writeback","FDCE=1;LUT4=1;LUT5=2;LUT6=1;RAMD64E=2"
561,0.295,5.000,4.360,1.085,3.275,0.751,5,"uop_p3_q_reg[chunk_idx][1]/C","i_vrf/vrf_b1_reg_r2_0_63_54_56/RAMA/I","VRF/read/writeback","FDCE=1;LUT4=1;LUT5=2;LUT6=1;RAMD64E=2"
562,0.295,5.000,4.360,1.085,3.275,0.751,5,"uop_p3_q_reg[chunk_idx][1]/C","i_vrf/vrf_b1_reg_r2_0_63_57_59/RAMA/I","VRF/read/writeback","FDCE=1;LUT4=1;LUT5=2;LUT6=1;RAMD64E=2"
563,0.295,5.000,4.360,1.085,3.275,0.751,5,"uop_p3_q_reg[chunk_idx][1]/C","i_vrf/vrf_b1_reg_r2_0_63_60_62/RAMA/I","VRF/read/writeback","FDCE=1;LUT4=1;LUT5=2;LUT6=1;RAMD64E=2"
564,0.295,5.000,4.360,1.085,3.275,0.751,5,"uop_p3_q_reg[chunk_idx][1]/C","i_vrf/vrf_b1_reg_r2_0_63_6_8/RAMA/I","VRF/read/writeback","FDCE=1;LUT4=1;LUT5=2;LUT6=1;RAMD64E=2"
565,0.295,5.000,4.360,1.085,3.275,0.751,5,"uop_p3_q_reg[chunk_idx][1]/C","i_vrf/vrf_b1_reg_r2_0_63_9_11/RAMA/I","VRF/read/writeback","FDCE=1;LUT4=1;LUT5=2;LUT6=1;RAMD64E=2"
566,0.295,5.000,4.360,1.085,3.275,0.751,5,"uop_p3_q_reg[chunk_idx][1]/C","i_vrf/vrf_b2_reg_r1_0_63_0_2/RAMA/I","VRF/read/writeback","FDCE=1;LUT4=1;LUT5=2;LUT6=1;RAMD64E=1"
567,0.295,5.000,4.360,1.085,3.275,0.751,5,"uop_p3_q_reg[chunk_idx][1]/C","i_vrf/vrf_b2_reg_r1_0_63_12_14/RAMA/I","VRF/read/writeback","FDCE=1;LUT4=1;LUT5=2;LUT6=1;RAMD64E=1"
568,0.295,5.000,4.360,1.085,3.275,0.751,5,"uop_p3_q_reg[chunk_idx][1]/C","i_vrf/vrf_b2_reg_r1_0_63_15_17/RAMA/I","VRF/read/writeback","FDCE=1;LUT4=1;LUT5=2;LUT6=1;RAMD64E=1"
569,0.295,5.000,4.360,1.085,3.275,0.751,5,"uop_p3_q_reg[chunk_idx][1]/C","i_vrf/vrf_b2_reg_r1_0_63_18_20/RAMA/I","VRF/read/writeback","FDCE=1;LUT4=1;LUT5=2;LUT6=1;RAMD64E=1"
570,0.295,5.000,4.360,1.085,3.275,0.751,5,"uop_p3_q_reg[chunk_idx][1]/C","i_vrf/vrf_b2_reg_r1_0_63_21_23/RAMA/I","VRF/read/writeback","FDCE=1;LUT4=1;LUT5=2;LUT6=1;RAMD64E=1"
571,0.295,5.000,4.360,1.085,3.275,0.751,5,"uop_p3_q_reg[chunk_idx][1]/C","i_vrf/vrf_b2_reg_r1_0_63_24_26/RAMA/I","VRF/read/writeback","FDCE=1;LUT4=1;LUT5=2;LUT6=1;RAMD64E=1"
572,0.295,5.000,4.360,1.085,3.275,0.751,5,"uop_p3_q_reg[chunk_idx][1]/C","i_vrf/vrf_b2_reg_r1_0_63_27_29/RAMA/I","VRF/read/writeback","FDCE=1;LUT4=1;LUT5=2;LUT6=1;RAMD64E=1"
573,0.295,5.000,4.360,1.085,3.275,0.751,5,"uop_p3_q_reg[chunk_idx][1]/C","i_vrf/vrf_b2_reg_r1_0_63_30_32/RAMA/I","VRF/read/writeback","FDCE=1;LUT4=1;LUT5=2;LUT6=1;RAMD64E=1"
574,0.295,5.000,4.360,1.085,3.275,0.751,5,"uop_p3_q_reg[chunk_idx][1]/C","i_vrf/vrf_b2_reg_r1_0_63_33_35/RAMA/I","VRF/read/writeback","FDCE=1;LUT4=1;LUT5=2;LUT6=1;RAMD64E=1"
575,0.295,5.000,4.360,1.085,3.275,0.751,5,"uop_p3_q_reg[chunk_idx][1]/C","i_vrf/vrf_b2_reg_r1_0_63_36_38/RAMA/I","VRF/read/writeback","FDCE=1;LUT4=1;LUT5=2;LUT6=1;RAMD64E=1"
576,0.295,5.000,4.360,1.085,3.275,0.751,5,"uop_p3_q_reg[chunk_idx][1]/C","i_vrf/vrf_b2_reg_r1_0_63_39_41/RAMA/I","VRF/read/writeback","FDCE=1;LUT4=1;LUT5=2;LUT6=1;RAMD64E=1"
577,0.295,5.000,4.360,1.085,3.275,0.751,5,"uop_p3_q_reg[chunk_idx][1]/C","i_vrf/vrf_b2_reg_r1_0_63_3_5/RAMA/I","VRF/read/writeback","FDCE=1;LUT4=1;LUT5=2;LUT6=1;RAMD64E=1"
578,0.295,5.000,4.360,1.085,3.275,0.751,5,"uop_p3_q_reg[chunk_idx][1]/C","i_vrf/vrf_b2_reg_r1_0_63_42_44/RAMA/I","VRF/read/writeback","FDCE=1;LUT4=1;LUT5=2;LUT6=1;RAMD64E=1"
579,0.295,5.000,4.360,1.085,3.275,0.751,5,"uop_p3_q_reg[chunk_idx][1]/C","i_vrf/vrf_b2_reg_r1_0_63_45_47/RAMA/I","VRF/read/writeback","FDCE=1;LUT4=1;LUT5=2;LUT6=1;RAMD64E=1"
580,0.295,5.000,4.360,1.085,3.275,0.751,5,"uop_p3_q_reg[chunk_idx][1]/C","i_vrf/vrf_b2_reg_r1_0_63_48_50/RAMA/I","VRF/read/writeback","FDCE=1;LUT4=1;LUT5=2;LUT6=1;RAMD64E=1"
581,0.295,5.000,4.360,1.085,3.275,0.751,5,"uop_p3_q_reg[chunk_idx][1]/C","i_vrf/vrf_b2_reg_r1_0_63_51_53/RAMA/I","VRF/read/writeback","FDCE=1;LUT4=1;LUT5=2;LUT6=1;RAMD64E=1"
582,0.295,5.000,4.360,1.085,3.275,0.751,5,"uop_p3_q_reg[chunk_idx][1]/C","i_vrf/vrf_b2_reg_r1_0_63_54_56/RAMA/I","VRF/read/writeback","FDCE=1;LUT4=1;LUT5=2;LUT6=1;RAMD64E=1"
583,0.295,5.000,4.360,1.085,3.275,0.751,5,"uop_p3_q_reg[chunk_idx][1]/C","i_vrf/vrf_b2_reg_r1_0_63_57_59/RAMA/I","VRF/read/writeback","FDCE=1;LUT4=1;LUT5=2;LUT6=1;RAMD64E=1"
584,0.295,5.000,4.360,1.085,3.275,0.751,5,"uop_p3_q_reg[chunk_idx][1]/C","i_vrf/vrf_b2_reg_r1_0_63_60_62/RAMA/I","VRF/read/writeback","FDCE=1;LUT4=1;LUT5=2;LUT6=1;RAMD64E=1"
585,0.295,5.000,4.360,1.085,3.275,0.751,5,"uop_p3_q_reg[chunk_idx][1]/C","i_vrf/vrf_b2_reg_r1_0_63_9_11/RAMA/I","VRF/read/writeback","FDCE=1;LUT4=1;LUT5=2;LUT6=1;RAMD64E=1"
586,0.295,5.000,4.360,1.085,3.275,0.751,5,"uop_p3_q_reg[chunk_idx][1]/C","i_vrf/vrf_b2_reg_r2_0_63_0_2/RAMA/I","VRF/read/writeback","FDCE=1;LUT4=1;LUT5=2;LUT6=1;RAMD64E=2"
587,0.295,5.000,4.360,1.085,3.275,0.751,5,"uop_p3_q_reg[chunk_idx][1]/C","i_vrf/vrf_b2_reg_r2_0_63_12_14/RAMA/I","VRF/read/writeback","FDCE=1;LUT4=1;LUT5=2;LUT6=1;RAMD64E=2"
588,0.295,5.000,4.360,1.085,3.275,0.751,5,"uop_p3_q_reg[chunk_idx][1]/C","i_vrf/vrf_b2_reg_r2_0_63_15_17/RAMA/I","VRF/read/writeback","FDCE=1;LUT4=1;LUT5=2;LUT6=1;RAMD64E=2"
589,0.295,5.000,4.360,1.085,3.275,0.751,5,"uop_p3_q_reg[chunk_idx][1]/C","i_vrf/vrf_b2_reg_r2_0_63_18_20/RAMA/I","VRF/read/writeback","FDCE=1;LUT4=1;LUT5=2;LUT6=1;RAMD64E=2"
590,0.295,5.000,4.360,1.085,3.275,0.751,5,"uop_p3_q_reg[chunk_idx][1]/C","i_vrf/vrf_b2_reg_r2_0_63_21_23/RAMA/I","VRF/read/writeback","FDCE=1;LUT4=1;LUT5=2;LUT6=1;RAMD64E=2"
591,0.295,5.000,4.360,1.085,3.275,0.751,5,"uop_p3_q_reg[chunk_idx][1]/C","i_vrf/vrf_b2_reg_r2_0_63_24_26/RAMA/I","VRF/read/writeback","FDCE=1;LUT4=1;LUT5=2;LUT6=1;RAMD64E=2"
592,0.295,5.000,4.360,1.085,3.275,0.751,5,"uop_p3_q_reg[chunk_idx][1]/C","i_vrf/vrf_b2_reg_r2_0_63_27_29/RAMA/I","VRF/read/writeback","FDCE=1;LUT4=1;LUT5=2;LUT6=1;RAMD64E=2"
593,0.295,5.000,4.360,1.085,3.275,0.751,5,"uop_p3_q_reg[chunk_idx][1]/C","i_vrf/vrf_b2_reg_r2_0_63_30_32/RAMA/I","VRF/read/writeback","FDCE=1;LUT4=1;LUT5=2;LUT6=1;RAMD64E=2"
594,0.295,5.000,4.360,1.085,3.275,0.751,5,"uop_p3_q_reg[chunk_idx][1]/C","i_vrf/vrf_b2_reg_r2_0_63_33_35/RAMA/I","VRF/read/writeback","FDCE=1;LUT4=1;LUT5=2;LUT6=1;RAMD64E=2"
595,0.295,5.000,4.360,1.085,3.275,0.751,5,"uop_p3_q_reg[chunk_idx][1]/C","i_vrf/vrf_b2_reg_r2_0_63_36_38/RAMA/I","VRF/read/writeback","FDCE=1;LUT4=1;LUT5=2;LUT6=1;RAMD64E=2"
596,0.295,5.000,4.360,1.085,3.275,0.751,5,"uop_p3_q_reg[chunk_idx][1]/C","i_vrf/vrf_b2_reg_r2_0_63_39_41/RAMA/I","VRF/read/writeback","FDCE=1;LUT4=1;LUT5=2;LUT6=1;RAMD64E=2"
597,0.295,5.000,4.360,1.085,3.275,0.751,5,"uop_p3_q_reg[chunk_idx][1]/C","i_vrf/vrf_b2_reg_r2_0_63_3_5/RAMA/I","VRF/read/writeback","FDCE=1;LUT4=1;LUT5=2;LUT6=1;RAMD64E=2"
598,0.295,5.000,4.360,1.085,3.275,0.751,5,"uop_p3_q_reg[chunk_idx][1]/C","i_vrf/vrf_b2_reg_r2_0_63_42_44/RAMA/I","VRF/read/writeback","FDCE=1;LUT4=1;LUT5=2;LUT6=1;RAMD64E=2"
599,0.295,5.000,4.360,1.085,3.275,0.751,5,"uop_p3_q_reg[chunk_idx][1]/C","i_vrf/vrf_b2_reg_r2_0_63_45_47/RAMA/I","VRF/read/writeback","FDCE=1;LUT4=1;LUT5=2;LUT6=1;RAMD64E=2"
600,0.295,5.000,4.360,1.085,3.275,0.751,5,"uop_p3_q_reg[chunk_idx][1]/C","i_vrf/vrf_b2_reg_r2_0_63_48_50/RAMA/I","VRF/read/writeback","FDCE=1;LUT4=1;LUT5=2;LUT6=1;RAMD64E=2"
601,0.295,5.000,4.360,1.085,3.275,0.751,5,"uop_p3_q_reg[chunk_idx][1]/C","i_vrf/vrf_b2_reg_r2_0_63_51_53/RAMA/I","VRF/read/writeback","FDCE=1;LUT4=1;LUT5=2;LUT6=1;RAMD64E=2"
602,0.295,5.000,4.360,1.085,3.275,0.751,5,"uop_p3_q_reg[chunk_idx][1]/C","i_vrf/vrf_b2_reg_r2_0_63_54_56/RAMA/I","VRF/read/writeback","FDCE=1;LUT4=1;LUT5=2;LUT6=1;RAMD64E=2"
603,0.295,5.000,4.360,1.085,3.275,0.751,5,"uop_p3_q_reg[chunk_idx][1]/C","i_vrf/vrf_b2_reg_r2_0_63_57_59/RAMA/I","VRF/read/writeback","FDCE=1;LUT4=1;LUT5=2;LUT6=1;RAMD64E=2"
604,0.295,5.000,4.360,1.085,3.275,0.751,5,"uop_p3_q_reg[chunk_idx][1]/C","i_vrf/vrf_b2_reg_r2_0_63_60_62/RAMA/I","VRF/read/writeback","FDCE=1;LUT4=1;LUT5=2;LUT6=1;RAMD64E=2"
605,0.295,5.000,4.360,1.085,3.275,0.751,5,"uop_p3_q_reg[chunk_idx][1]/C","i_vrf/vrf_b2_reg_r2_0_63_9_11/RAMA/I","VRF/read/writeback","FDCE=1;LUT4=1;LUT5=2;LUT6=1;RAMD64E=2"
606,0.295,5.000,4.360,1.085,3.275,0.751,5,"uop_p3_q_reg[chunk_idx][1]/C","i_vrf/vrf_b3_reg_r1_0_63_0_2/RAMA/I","VRF/read/writeback","FDCE=1;LUT4=1;LUT5=2;LUT6=1;RAMD64E=1"
607,0.295,5.000,4.360,1.085,3.275,0.751,5,"uop_p3_q_reg[chunk_idx][1]/C","i_vrf/vrf_b3_reg_r1_0_63_12_14/RAMA/I","VRF/read/writeback","FDCE=1;LUT4=1;LUT5=2;LUT6=1;RAMD64E=1"
608,0.295,5.000,4.360,1.085,3.275,0.751,5,"uop_p3_q_reg[chunk_idx][1]/C","i_vrf/vrf_b3_reg_r1_0_63_15_17/RAMA/I","VRF/read/writeback","FDCE=1;LUT4=1;LUT5=2;LUT6=1;RAMD64E=1"
609,0.295,5.000,4.360,1.085,3.275,0.751,5,"uop_p3_q_reg[chunk_idx][1]/C","i_vrf/vrf_b3_reg_r1_0_63_18_20/RAMA/I","VRF/read/writeback","FDCE=1;LUT4=1;LUT5=2;LUT6=1;RAMD64E=1"
610,0.295,5.000,4.360,1.085,3.275,0.751,5,"uop_p3_q_reg[chunk_idx][1]/C","i_vrf/vrf_b3_reg_r1_0_63_21_23/RAMA/I","VRF/read/writeback","FDCE=1;LUT4=1;LUT5=2;LUT6=1;RAMD64E=1"
611,0.295,5.000,4.360,1.085,3.275,0.751,5,"uop_p3_q_reg[chunk_idx][1]/C","i_vrf/vrf_b3_reg_r1_0_63_24_26/RAMA/I","VRF/read/writeback","FDCE=1;LUT4=1;LUT5=2;LUT6=1;RAMD64E=1"
612,0.295,5.000,4.360,1.085,3.275,0.751,5,"uop_p3_q_reg[chunk_idx][1]/C","i_vrf/vrf_b3_reg_r1_0_63_27_29/RAMA/I","VRF/read/writeback","FDCE=1;LUT4=1;LUT5=2;LUT6=1;RAMD64E=1"
613,0.295,5.000,4.360,1.085,3.275,0.751,5,"uop_p3_q_reg[chunk_idx][1]/C","i_vrf/vrf_b3_reg_r1_0_63_30_32/RAMA/I","VRF/read/writeback","FDCE=1;LUT4=1;LUT5=2;LUT6=1;RAMD64E=1"
614,0.295,5.000,4.360,1.085,3.275,0.751,5,"uop_p3_q_reg[chunk_idx][1]/C","i_vrf/vrf_b3_reg_r1_0_63_33_35/RAMA/I","VRF/read/writeback","FDCE=1;LUT4=1;LUT5=2;LUT6=1;RAMD64E=1"
615,0.295,5.000,4.360,1.085,3.275,0.751,5,"uop_p3_q_reg[chunk_idx][1]/C","i_vrf/vrf_b3_reg_r1_0_63_36_38/RAMA/I","VRF/read/writeback","FDCE=1;LUT4=1;LUT5=2;LUT6=1;RAMD64E=1"
616,0.295,5.000,4.360,1.085,3.275,0.751,5,"uop_p3_q_reg[chunk_idx][1]/C","i_vrf/vrf_b3_reg_r1_0_63_39_41/RAMA/I","VRF/read/writeback","FDCE=1;LUT4=1;LUT5=2;LUT6=1;RAMD64E=1"
617,0.295,5.000,4.360,1.085,3.275,0.751,5,"uop_p3_q_reg[chunk_idx][1]/C","i_vrf/vrf_b3_reg_r1_0_63_3_5/RAMA/I","VRF/read/writeback","FDCE=1;LUT4=1;LUT5=2;LUT6=1;RAMD64E=1"
618,0.295,5.000,4.360,1.085,3.275,0.751,5,"uop_p3_q_reg[chunk_idx][1]/C","i_vrf/vrf_b3_reg_r1_0_63_42_44/RAMA/I","VRF/read/writeback","FDCE=1;LUT4=1;LUT5=2;LUT6=1;RAMD64E=1"
619,0.295,5.000,4.360,1.085,3.275,0.751,5,"uop_p3_q_reg[chunk_idx][1]/C","i_vrf/vrf_b3_reg_r1_0_63_45_47/RAMA/I","VRF/read/writeback","FDCE=1;LUT4=1;LUT5=2;LUT6=1;RAMD64E=1"
620,0.295,5.000,4.360,1.085,3.275,0.751,5,"uop_p3_q_reg[chunk_idx][1]/C","i_vrf/vrf_b3_reg_r1_0_63_48_50/RAMA/I","VRF/read/writeback","FDCE=1;LUT4=1;LUT5=2;LUT6=1;RAMD64E=1"
621,0.295,5.000,4.360,1.085,3.275,0.751,5,"uop_p3_q_reg[chunk_idx][1]/C","i_vrf/vrf_b3_reg_r1_0_63_51_53/RAMA/I","VRF/read/writeback","FDCE=1;LUT4=1;LUT5=2;LUT6=1;RAMD64E=1"
622,0.295,5.000,4.360,1.085,3.275,0.751,5,"uop_p3_q_reg[chunk_idx][1]/C","i_vrf/vrf_b3_reg_r1_0_63_54_56/RAMA/I","VRF/read/writeback","FDCE=1;LUT4=1;LUT5=2;LUT6=1;RAMD64E=1"
623,0.295,5.000,4.360,1.085,3.275,0.751,5,"uop_p3_q_reg[chunk_idx][1]/C","i_vrf/vrf_b3_reg_r1_0_63_57_59/RAMA/I","VRF/read/writeback","FDCE=1;LUT4=1;LUT5=2;LUT6=1;RAMD64E=1"
624,0.295,5.000,4.360,1.085,3.275,0.751,5,"uop_p3_q_reg[chunk_idx][1]/C","i_vrf/vrf_b3_reg_r1_0_63_60_62/RAMA/I","VRF/read/writeback","FDCE=1;LUT4=1;LUT5=2;LUT6=1;RAMD64E=1"
625,0.295,5.000,4.360,1.085,3.275,0.751,5,"uop_p3_q_reg[chunk_idx][1]/C","i_vrf/vrf_b3_reg_r1_0_63_6_8/RAMA/I","VRF/read/writeback","FDCE=1;LUT4=1;LUT5=2;LUT6=1;RAMD64E=1"
626,0.295,5.000,4.360,1.085,3.275,0.751,5,"uop_p3_q_reg[chunk_idx][1]/C","i_vrf/vrf_b3_reg_r1_0_63_9_11/RAMA/I","VRF/read/writeback","FDCE=1;LUT4=1;LUT5=2;LUT6=1;RAMD64E=1"
627,0.295,5.000,4.360,1.085,3.275,0.751,5,"uop_p3_q_reg[chunk_idx][1]/C","i_vrf/vrf_b3_reg_r2_0_63_0_2/RAMA/I","VRF/read/writeback","FDCE=1;LUT4=1;LUT5=2;LUT6=1;RAMD64E=2"
628,0.295,5.000,4.360,1.085,3.275,0.751,5,"uop_p3_q_reg[chunk_idx][1]/C","i_vrf/vrf_b3_reg_r2_0_63_12_14/RAMA/I","VRF/read/writeback","FDCE=1;LUT4=1;LUT5=2;LUT6=1;RAMD64E=2"
629,0.295,5.000,4.360,1.085,3.275,0.751,5,"uop_p3_q_reg[chunk_idx][1]/C","i_vrf/vrf_b3_reg_r2_0_63_15_17/RAMA/I","VRF/read/writeback","FDCE=1;LUT4=1;LUT5=2;LUT6=1;RAMD64E=2"
630,0.295,5.000,4.360,1.085,3.275,0.751,5,"uop_p3_q_reg[chunk_idx][1]/C","i_vrf/vrf_b3_reg_r2_0_63_18_20/RAMA/I","VRF/read/writeback","FDCE=1;LUT4=1;LUT5=2;LUT6=1;RAMD64E=2"
631,0.295,5.000,4.360,1.085,3.275,0.751,5,"uop_p3_q_reg[chunk_idx][1]/C","i_vrf/vrf_b3_reg_r2_0_63_21_23/RAMA/I","VRF/read/writeback","FDCE=1;LUT4=1;LUT5=2;LUT6=1;RAMD64E=2"
632,0.295,5.000,4.360,1.085,3.275,0.751,5,"uop_p3_q_reg[chunk_idx][1]/C","i_vrf/vrf_b3_reg_r2_0_63_24_26/RAMA/I","VRF/read/writeback","FDCE=1;LUT4=1;LUT5=2;LUT6=1;RAMD64E=2"
633,0.295,5.000,4.360,1.085,3.275,0.751,5,"uop_p3_q_reg[chunk_idx][1]/C","i_vrf/vrf_b3_reg_r2_0_63_27_29/RAMA/I","VRF/read/writeback","FDCE=1;LUT4=1;LUT5=2;LUT6=1;RAMD64E=2"
634,0.295,5.000,4.360,1.085,3.275,0.751,5,"uop_p3_q_reg[chunk_idx][1]/C","i_vrf/vrf_b3_reg_r2_0_63_30_32/RAMA/I","VRF/read/writeback","FDCE=1;LUT4=1;LUT5=2;LUT6=1;RAMD64E=2"
635,0.295,5.000,4.360,1.085,3.275,0.751,5,"uop_p3_q_reg[chunk_idx][1]/C","i_vrf/vrf_b3_reg_r2_0_63_33_35/RAMA/I","VRF/read/writeback","FDCE=1;LUT4=1;LUT5=2;LUT6=1;RAMD64E=2"
636,0.295,5.000,4.360,1.085,3.275,0.751,5,"uop_p3_q_reg[chunk_idx][1]/C","i_vrf/vrf_b3_reg_r2_0_63_36_38/RAMA/I","VRF/read/writeback","FDCE=1;LUT4=1;LUT5=2;LUT6=1;RAMD64E=2"
637,0.295,5.000,4.360,1.085,3.275,0.751,5,"uop_p3_q_reg[chunk_idx][1]/C","i_vrf/vrf_b3_reg_r2_0_63_39_41/RAMA/I","VRF/read/writeback","FDCE=1;LUT4=1;LUT5=2;LUT6=1;RAMD64E=2"
638,0.295,5.000,4.360,1.085,3.275,0.751,5,"uop_p3_q_reg[chunk_idx][1]/C","i_vrf/vrf_b3_reg_r2_0_63_3_5/RAMA/I","VRF/read/writeback","FDCE=1;LUT4=1;LUT5=2;LUT6=1;RAMD64E=2"
639,0.295,5.000,4.360,1.085,3.275,0.751,5,"uop_p3_q_reg[chunk_idx][1]/C","i_vrf/vrf_b3_reg_r2_0_63_42_44/RAMA/I","VRF/read/writeback","FDCE=1;LUT4=1;LUT5=2;LUT6=1;RAMD64E=2"
640,0.295,5.000,4.360,1.085,3.275,0.751,5,"uop_p3_q_reg[chunk_idx][1]/C","i_vrf/vrf_b3_reg_r2_0_63_45_47/RAMA/I","VRF/read/writeback","FDCE=1;LUT4=1;LUT5=2;LUT6=1;RAMD64E=2"
641,0.295,5.000,4.360,1.085,3.275,0.751,5,"uop_p3_q_reg[chunk_idx][1]/C","i_vrf/vrf_b3_reg_r2_0_63_48_50/RAMA/I","VRF/read/writeback","FDCE=1;LUT4=1;LUT5=2;LUT6=1;RAMD64E=2"
642,0.295,5.000,4.360,1.085,3.275,0.751,5,"uop_p3_q_reg[chunk_idx][1]/C","i_vrf/vrf_b3_reg_r2_0_63_51_53/RAMA/I","VRF/read/writeback","FDCE=1;LUT4=1;LUT5=2;LUT6=1;RAMD64E=2"
643,0.295,5.000,4.360,1.085,3.275,0.751,5,"uop_p3_q_reg[chunk_idx][1]/C","i_vrf/vrf_b3_reg_r2_0_63_54_56/RAMA/I","VRF/read/writeback","FDCE=1;LUT4=1;LUT5=2;LUT6=1;RAMD64E=2"
644,0.295,5.000,4.360,1.085,3.275,0.751,5,"uop_p3_q_reg[chunk_idx][1]/C","i_vrf/vrf_b3_reg_r2_0_63_57_59/RAMA/I","VRF/read/writeback","FDCE=1;LUT4=1;LUT5=2;LUT6=1;RAMD64E=2"
645,0.295,5.000,4.360,1.085,3.275,0.751,5,"uop_p3_q_reg[chunk_idx][1]/C","i_vrf/vrf_b3_reg_r2_0_63_60_62/RAMA/I","VRF/read/writeback","FDCE=1;LUT4=1;LUT5=2;LUT6=1;RAMD64E=2"
646,0.295,5.000,4.360,1.085,3.275,0.751,5,"uop_p3_q_reg[chunk_idx][1]/C","i_vrf/vrf_b3_reg_r2_0_63_6_8/RAMA/I","VRF/read/writeback","FDCE=1;LUT4=1;LUT5=2;LUT6=1;RAMD64E=2"
647,0.295,5.000,4.360,1.085,3.275,0.751,5,"uop_p3_q_reg[chunk_idx][1]/C","i_vrf/vrf_b3_reg_r2_0_63_9_11/RAMA/I","VRF/read/writeback","FDCE=1;LUT4=1;LUT5=2;LUT6=1;RAMD64E=2"
648,0.322,5.000,4.675,2.544,2.131,0.456,9,"gen_lane[2].i_p2_pop_slice/popcount_q_o_reg[2]/C","hsim_total_q_reg[9]/D","HMATCH reduction/compare","CARRY4=4;FDCE=2;LUT2=2;LUT3=1;LUT5=1;LUT6=1"
649,0.332,5.000,4.665,2.245,2.420,0.519,7,"gen_lane[2].i_p2_pop_slice/popcount_q_o_reg[2]/C","hsim_total_q_reg[7]/D","HMATCH reduction/compare","CARRY4=3;FDCE=2;LUT2=2;LUT3=1;LUT5=1"
650,0.396,5.000,4.373,1.085,3.288,0.752,5,"uop_p3_q_reg[chunk_idx][1]/C","i_vrf/vrf_b0_reg_r1_0_63_63_63/SP/I","VRF/read/writeback","FDCE=1;LUT4=1;LUT5=2;LUT6=1;RAMD64E=2"
651,0.396,5.000,4.373,1.085,3.288,0.752,5,"uop_p3_q_reg[chunk_idx][1]/C","i_vrf/vrf_b0_reg_r2_0_63_63_63/SP/I","VRF/read/writeback","FDCE=1;LUT4=1;LUT5=2;LUT6=1;RAMD64E=2"
652,0.396,5.000,4.373,1.085,3.288,0.752,5,"uop_p3_q_reg[chunk_idx][1]/C","i_vrf/vrf_b1_reg_r1_0_63_63_63/SP/I","VRF/read/writeback","FDCE=1;LUT4=1;LUT5=2;LUT6=1;RAMD64E=2"
653,0.396,5.000,4.373,1.085,3.288,0.752,5,"uop_p3_q_reg[chunk_idx][1]/C","i_vrf/vrf_b1_reg_r2_0_63_63_63/SP/I","VRF/read/writeback","FDCE=1;LUT4=1;LUT5=2;LUT6=1;RAMD64E=2"
654,0.396,5.000,4.373,1.085,3.288,0.752,5,"uop_p3_q_reg[chunk_idx][1]/C","i_vrf/vrf_b2_reg_r1_0_63_63_63/SP/I","VRF/read/writeback","FDCE=1;LUT4=1;LUT5=2;LUT6=1;RAMD64E=2"
655,0.396,5.000,4.373,1.085,3.288,0.752,5,"uop_p3_q_reg[chunk_idx][1]/C","i_vrf/vrf_b2_reg_r2_0_63_63_63/SP/I","VRF/read/writeback","FDCE=1;LUT4=1;LUT5=2;LUT6=1;RAMD64E=2"
656,0.396,5.000,4.373,1.085,3.288,0.752,5,"uop_p3_q_reg[chunk_idx][1]/C","i_vrf/vrf_b3_reg_r1_0_63_63_63/SP/I","VRF/read/writeback","FDCE=1;LUT4=1;LUT5=2;LUT6=1;RAMD64E=2"
657,0.396,5.000,4.373,1.085,3.288,0.752,5,"uop_p3_q_reg[chunk_idx][1]/C","i_vrf/vrf_b3_reg_r2_0_63_63_63/SP/I","VRF/read/writeback","FDCE=1;LUT4=1;LUT5=2;LUT6=1;RAMD64E=2"
658,0.409,5.000,4.588,2.457,2.131,0.464,9,"gen_lane[2].i_p2_pop_slice/popcount_q_o_reg[2]/C","hsim_total_q_reg[8]/D","HMATCH reduction/compare","CARRY4=4;FDCE=2;LUT2=2;LUT3=1;LUT5=1;LUT6=1"
659,0.441,5.000,4.348,1.846,2.502,0.575,6,"a_q_reg[4]/C","hmatch_best_dist_q_reg[0]/CE","HMATCH reduction/compare","CARRY4=2;FDCE=2;LUT4=2;LUT6=2"
660,0.441,5.000,4.348,1.846,2.502,0.575,6,"a_q_reg[4]/C","hmatch_best_dist_q_reg[10]/CE","HMATCH reduction/compare","CARRY4=2;FDCE=2;LUT4=2;LUT6=2"
661,0.441,5.000,4.348,1.846,2.502,0.575,6,"a_q_reg[4]/C","hmatch_best_dist_q_reg[1]/CE","HMATCH reduction/compare","CARRY4=2;FDCE=2;LUT4=2;LUT6=2"
662,0.441,5.000,4.348,1.846,2.502,0.575,6,"a_q_reg[4]/C","hmatch_best_dist_q_reg[2]/CE","HMATCH reduction/compare","CARRY4=2;FDCE=2;LUT4=2;LUT6=2"
663,0.441,5.000,4.348,1.846,2.502,0.575,6,"a_q_reg[4]/C","hmatch_best_dist_q_reg[3]/CE","HMATCH reduction/compare","CARRY4=2;FDCE=2;LUT4=2;LUT6=2"
664,0.441,5.000,4.348,1.846,2.502,0.575,6,"a_q_reg[4]/C","hmatch_best_dist_q_reg[4]/CE","HMATCH reduction/compare","CARRY4=2;FDCE=2;LUT4=2;LUT6=2"
665,0.441,5.000,4.348,1.846,2.502,0.575,6,"a_q_reg[4]/C","hmatch_best_dist_q_reg[5]/CE","HMATCH reduction/compare","CARRY4=2;FDCE=2;LUT4=2;LUT6=2"
666,0.441,5.000,4.348,1.846,2.502,0.575,6,"a_q_reg[4]/C","hmatch_best_dist_q_reg[6]/CE","HMATCH reduction/compare","CARRY4=2;FDCE=2;LUT4=2;LUT6=2"
667,0.441,5.000,4.348,1.846,2.502,0.575,6,"a_q_reg[4]/C","hmatch_best_dist_q_reg[7]/CE","HMATCH reduction/compare","CARRY4=2;FDCE=2;LUT4=2;LUT6=2"
668,0.441,5.000,4.348,1.846,2.502,0.575,6,"a_q_reg[4]/C","hmatch_best_dist_q_reg[8]/CE","HMATCH reduction/compare","CARRY4=2;FDCE=2;LUT4=2;LUT6=2"
669,0.441,5.000,4.348,1.846,2.502,0.575,6,"a_q_reg[4]/C","hmatch_best_dist_q_reg[9]/CE","HMATCH reduction/compare","CARRY4=2;FDCE=2;LUT4=2;LUT6=2"
670,0.571,5.000,4.426,2.176,2.250,0.508,7,"gen_lane[2].i_p2_pop_slice/popcount_q_o_reg[2]/C","hsim_total_q_reg[6]/D","HMATCH reduction/compare","CARRY4=3;FDCE=2;LUT2=2;LUT3=1;LUT5=1"
671,0.572,5.000,4.425,1.951,2.474,0.559,7,"a_q_reg[4]/C","uop_p0_q_reg[arch_op][0]/D","TOP control","CARRY4=2;FDCE=2;LUT4=2;LUT5=1;LUT6=2"
672,0.572,5.000,4.425,1.951,2.474,0.559,7,"a_q_reg[4]/C","uop_p0_q_reg[class_count][2]/D","TOP control","CARRY4=2;FDCE=2;LUT4=3;LUT6=2"
673,0.572,5.000,4.425,1.951,2.474,0.559,7,"a_q_reg[4]/C","uop_p0_q_reg[class_count][3]/D","TOP control","CARRY4=2;FDCE=2;LUT4=3;LUT6=2"
674,0.572,5.000,4.425,1.951,2.474,0.559,7,"a_q_reg[4]/C","uop_p0_q_reg[class_count][4]/D","TOP control","CARRY4=2;FDCE=2;LUT4=3;LUT6=2"
675,0.572,5.000,4.425,1.951,2.474,0.559,7,"a_q_reg[4]/C","uop_p0_q_reg[class_count][5]/D","TOP control","CARRY4=2;FDCE=2;LUT4=3;LUT6=2"
676,0.572,5.000,4.425,1.951,2.474,0.559,7,"a_q_reg[4]/C","uop_p0_q_reg[class_count][6]/D","TOP control","CARRY4=2;FDCE=2;LUT4=3;LUT6=2"
677,0.572,5.000,4.425,1.951,2.474,0.559,7,"a_q_reg[4]/C","uop_p0_q_reg[class_count][7]/D","TOP control","CARRY4=2;FDCE=2;LUT4=3;LUT6=2"
678,0.595,5.000,4.402,1.951,2.451,0.557,7,"a_q_reg[4]/C","uop_p0_q_reg[op_type][1]/D","TOP control","CARRY4=2;FDCE=2;LUT4=3;LUT6=2"
679,0.595,5.000,4.402,1.951,2.451,0.557,7,"a_q_reg[4]/C","uop_p0_q_reg[src0_addr][3]/D","TOP control","CARRY4=2;FDCE=2;LUT3=1;LUT4=2;LUT6=2"
680,0.595,5.000,4.402,1.951,2.451,0.557,7,"a_q_reg[4]/C","uop_p0_q_reg[src0_base][2]/D","TOP control","CARRY4=2;FDCE=2;LUT3=1;LUT4=2;LUT6=2"
681,0.595,5.000,4.402,1.951,2.451,0.557,7,"a_q_reg[4]/C","uop_p0_q_reg[src0_base][3]/D","TOP control","CARRY4=2;FDCE=2;LUT3=1;LUT4=2;LUT6=2"
682,0.595,5.000,4.402,1.951,2.451,0.557,7,"a_q_reg[4]/C","uop_p0_q_reg[src0_base][4]/D","TOP control","CARRY4=2;FDCE=2;LUT4=3;LUT6=2"
683,0.595,5.000,4.402,1.951,2.451,0.557,7,"a_q_reg[4]/C","uop_p0_q_reg[src0_base][5]/D","TOP control","CARRY4=2;FDCE=2;LUT4=3;LUT6=2"
684,0.602,5.000,4.395,1.951,2.444,0.556,7,"a_q_reg[4]/C","FSM_onehot_st_q_reg[10]/D","TOP control","CARRY4=2;FDCE=2;LUT4=2;LUT6=3"
685,0.602,5.000,4.395,1.951,2.444,0.556,7,"a_q_reg[4]/C","FSM_onehot_st_q_reg[4]/D","TOP control","CARRY4=2;FDCE=2;LUT4=2;LUT6=3"
686,0.602,5.000,4.395,1.951,2.444,0.556,7,"a_q_reg[4]/C","uop_p0_q_reg[class_count][0]/D","TOP control","CARRY4=2;FDCE=2;LUT4=2;LUT5=2;LUT6=1"
687,0.602,5.000,4.395,1.951,2.444,0.556,7,"a_q_reg[4]/C","uop_p0_q_reg[class_count][1]/D","TOP control","CARRY4=2;FDCE=2;LUT4=2;LUT5=2;LUT6=1"
688,0.602,5.000,4.395,1.951,2.444,0.556,7,"a_q_reg[4]/C","uop_p0_q_reg[src1_addr][2]/D","TOP control","CARRY4=2;FDCE=2;LUT4=2;LUT6=3"
689,0.602,5.000,4.395,1.951,2.444,0.556,7,"a_q_reg[4]/C","uop_p0_q_reg[src1_addr][3]/D","TOP control","CARRY4=2;FDCE=2;LUT4=2;LUT6=3"
690,0.602,5.000,4.395,1.951,2.444,0.556,7,"a_q_reg[4]/C","uop_p0_q_reg[src1_base][2]/D","TOP control","CARRY4=2;FDCE=2;LUT4=2;LUT6=3"
691,0.602,5.000,4.395,1.951,2.444,0.556,7,"a_q_reg[4]/C","uop_p0_q_reg[src1_base][3]/D","TOP control","CARRY4=2;FDCE=2;LUT4=2;LUT5=1;LUT6=2"
692,0.602,5.000,4.395,1.951,2.444,0.556,7,"a_q_reg[4]/C","uop_p0_q_reg[valid]/D","TOP control","CARRY4=2;FDCE=2;LUT4=2;LUT6=3"
693,0.613,5.000,4.384,1.951,2.433,0.555,7,"a_q_reg[4]/C","uop_p0_q_reg[arch_op][3]/D","TOP control","CARRY4=2;FDCE=2;LUT4=3;LUT6=2"
694,0.613,5.000,4.384,1.951,2.433,0.555,7,"a_q_reg[4]/C","uop_p0_q_reg[is_last_class]/D","TOP control","CARRY4=2;FDCE=2;LUT4=2;LUT6=3"
695,0.613,5.000,4.384,1.951,2.433,0.555,7,"a_q_reg[4]/C","uop_p0_q_reg[op_type][0]/D","TOP control","CARRY4=2;FDCE=2;LUT4=3;LUT6=2"
696,0.613,5.000,4.384,1.951,2.433,0.555,7,"a_q_reg[4]/C","uop_p0_q_reg[src0_addr][2]/D","TOP control","CARRY4=2;FDCE=2;LUT4=2;LUT5=1;LUT6=2"
697,0.613,5.000,4.384,1.951,2.433,0.555,7,"a_q_reg[4]/C","uop_p0_q_reg[src0_addr][4]/D","TOP control","CARRY4=2;FDCE=2;LUT4=2;LUT6=3"
698,0.613,5.000,4.384,1.951,2.433,0.555,7,"a_q_reg[4]/C","uop_p0_q_reg[src1_addr][4]/D","TOP control","CARRY4=2;FDCE=2;LUT4=2;LUT6=3"
699,0.613,5.000,4.384,1.951,2.433,0.555,7,"a_q_reg[4]/C","uop_p0_q_reg[src1_base][4]/D","TOP control","CARRY4=2;FDCE=2;LUT4=2;LUT6=3"
700,0.613,5.000,4.384,1.951,2.433,0.555,7,"a_q_reg[4]/C","uop_p0_q_reg[src1_base][5]/D","TOP control","CARRY4=2;FDCE=2;LUT4=2;LUT6=3"
701,0.624,5.000,4.373,2.232,2.141,0.490,7,"gen_lane[2].i_p2_pop_slice/popcount_q_o_reg[2]/C","hsim_total_q_reg[5]/D","HMATCH reduction/compare","CARRY4=3;FDCE=2;LUT2=2;LUT3=1;LUT5=1"
702,0.689,5.000,4.340,1.286,3.054,0.704,6,"FSM_onehot_st_q_reg[2]/C","lane_result_q_reg[3][20]/D","P2 lane result capture","FDCE=2;LUT4=1;LUT6=4;MUXF7=1"
703,0.689,5.000,4.340,1.286,3.054,0.704,6,"FSM_onehot_st_q_reg[2]/C","lane_result_q_reg[3][4]/D","P2 lane result capture","FDCE=2;LUT4=1;LUT6=4;MUXF7=1"
704,0.700,5.000,4.329,1.286,3.043,0.703,6,"FSM_onehot_st_q_reg[2]/C","lane_result_q_reg[0][52]/D","P2 lane result capture","FDCE=2;LUT4=1;LUT6=4;MUXF7=1"
705,0.711,5.000,4.286,2.145,2.141,0.500,7,"gen_lane[2].i_p2_pop_slice/popcount_q_o_reg[2]/C","hsim_total_q_reg[4]/D","HMATCH reduction/compare","CARRY4=3;FDCE=2;LUT2=2;LUT3=1;LUT5=1"
706,0.715,5.000,4.282,1.105,3.177,0.742,5,"hperm_lane_base_q_reg[1]/C","lane_result_q_reg[0][55]/D","P2 lane result capture","FDCE=2;LUT4=1;LUT6=4"
707,0.715,5.000,4.282,1.105,3.177,0.742,5,"hperm_lane_base_q_reg[1]/C","lane_result_q_reg[0][63]/D","P2 lane result capture","FDCE=2;LUT4=1;LUT6=4"
708,0.715,5.000,4.282,1.105,3.177,0.742,5,"hperm_lane_base_q_reg[1]/C","lane_result_q_reg[2][55]/D","P2 lane result capture","FDCE=2;LUT4=1;LUT6=4"
709,0.715,5.000,4.282,1.105,3.177,0.742,5,"hperm_lane_base_q_reg[1]/C","lane_result_q_reg[2][63]/D","P2 lane result capture","FDCE=2;LUT4=1;LUT6=4"
710,0.718,5.000,4.311,1.286,3.025,0.702,6,"FSM_onehot_st_q_reg[2]/C","lane_result_q_reg[3][21]/D","P2 lane result capture","FDCE=2;LUT4=1;LUT6=4;MUXF7=1"
711,0.718,5.000,4.311,1.286,3.025,0.702,6,"FSM_onehot_st_q_reg[2]/C","lane_result_q_reg[3][5]/D","P2 lane result capture","FDCE=2;LUT4=1;LUT6=4;MUXF7=1"
712,0.720,5.000,4.277,1.865,2.412,0.564,6,"gen_lane[2].i_p2_pop_slice/popcount_q_o_reg[2]/C","hsim_total_q_reg[3]/D","HMATCH reduction/compare","CARRY4=2;FDCE=2;LUT2=2;LUT3=1;LUT5=1"
713,0.727,5.000,4.270,1.190,3.080,0.721,6,"FSM_onehot_st_q_reg[2]/C","lane_result_q_reg[0][40]/D","P2 lane result capture","FDCE=2;LUT4=1;LUT5=1;LUT6=4"
714,0.727,5.000,4.270,1.190,3.080,0.721,6,"FSM_onehot_st_q_reg[2]/C","lane_result_q_reg[0][41]/D","P2 lane result capture","FDCE=2;LUT4=1;LUT5=1;LUT6=4"
715,0.727,5.000,4.270,1.190,3.080,0.721,6,"FSM_onehot_st_q_reg[2]/C","lane_result_q_reg[0][42]/D","P2 lane result capture","FDCE=2;LUT4=1;LUT5=1;LUT6=4"
716,0.727,5.000,4.270,1.190,3.080,0.721,6,"FSM_onehot_st_q_reg[2]/C","lane_result_q_reg[1][40]/D","P2 lane result capture","FDCE=2;LUT4=1;LUT5=1;LUT6=4"
717,0.727,5.000,4.270,1.190,3.080,0.721,6,"FSM_onehot_st_q_reg[2]/C","lane_result_q_reg[1][41]/D","P2 lane result capture","FDCE=2;LUT4=1;LUT5=1;LUT6=4"
718,0.727,5.000,4.270,1.190,3.080,0.721,6,"FSM_onehot_st_q_reg[2]/C","lane_result_q_reg[1][42]/D","P2 lane result capture","FDCE=2;LUT4=1;LUT5=1;LUT6=4"
719,0.727,5.000,4.270,1.190,3.080,0.721,6,"FSM_onehot_st_q_reg[2]/C","lane_result_q_reg[2][40]/D","P2 lane result capture","FDCE=2;LUT4=1;LUT5=1;LUT6=4"
720,0.727,5.000,4.270,1.190,3.080,0.721,6,"FSM_onehot_st_q_reg[2]/C","lane_result_q_reg[2][41]/D","P2 lane result capture","FDCE=2;LUT4=1;LUT5=1;LUT6=4"
721,0.727,5.000,4.270,1.190,3.080,0.721,6,"FSM_onehot_st_q_reg[2]/C","lane_result_q_reg[2][42]/D","P2 lane result capture","FDCE=2;LUT4=1;LUT5=1;LUT6=4"
722,0.729,5.000,4.300,1.286,3.014,0.701,6,"FSM_onehot_st_q_reg[2]/C","lane_result_q_reg[0][53]/D","P2 lane result capture","FDCE=2;LUT4=1;LUT6=4;MUXF7=1"
723,0.731,5.000,4.266,1.190,3.076,0.721,6,"FSM_onehot_st_q_reg[2]/C","lane_result_q_reg[0][43]/D","P2 lane result capture","FDCE=2;LUT4=1;LUT5=1;LUT6=4"
724,0.731,5.000,4.266,1.190,3.076,0.721,6,"FSM_onehot_st_q_reg[2]/C","lane_result_q_reg[1][43]/D","P2 lane result capture","FDCE=2;LUT4=1;LUT5=1;LUT6=4"
725,0.731,5.000,4.266,1.190,3.076,0.721,6,"FSM_onehot_st_q_reg[2]/C","lane_result_q_reg[2][43]/D","P2 lane result capture","FDCE=2;LUT4=1;LUT5=1;LUT6=4"
726,0.733,5.000,4.264,1.190,3.074,0.721,6,"FSM_onehot_st_q_reg[2]/C","lane_result_q_reg[1][8]/D","P2 lane result capture","FDCE=2;LUT4=1;LUT5=1;LUT6=4"
727,0.733,5.000,4.264,1.190,3.074,0.721,6,"FSM_onehot_st_q_reg[2]/C","lane_result_q_reg[1][9]/D","P2 lane result capture","FDCE=2;LUT4=1;LUT5=1;LUT6=4"
728,0.733,5.000,4.264,1.190,3.074,0.721,6,"FSM_onehot_st_q_reg[2]/C","lane_result_q_reg[2][8]/D","P2 lane result capture","FDCE=2;LUT4=1;LUT5=1;LUT6=4"
729,0.733,5.000,4.264,1.190,3.074,0.721,6,"FSM_onehot_st_q_reg[2]/C","lane_result_q_reg[2][9]/D","P2 lane result capture","FDCE=2;LUT4=1;LUT5=1;LUT6=4"
730,0.733,5.000,4.264,1.190,3.074,0.721,6,"FSM_onehot_st_q_reg[2]/C","lane_result_q_reg[3][8]/D","P2 lane result capture","FDCE=2;LUT4=1;LUT5=1;LUT6=4"
731,0.733,5.000,4.264,1.190,3.074,0.721,6,"FSM_onehot_st_q_reg[2]/C","lane_result_q_reg[3][9]/D","P2 lane result capture","FDCE=2;LUT4=1;LUT5=1;LUT6=4"
732,0.735,5.000,4.262,1.085,3.177,0.745,5,"hperm_lane_base_q_reg[1]/C","lane_result_q_reg[1][55]/D","P2 lane result capture","FDCE=2;LUT4=1;LUT6=4"
733,0.735,5.000,4.262,1.085,3.177,0.745,5,"hperm_lane_base_q_reg[1]/C","lane_result_q_reg[1][63]/D","P2 lane result capture","FDCE=2;LUT4=1;LUT6=4"
734,0.738,5.000,4.259,1.190,3.069,0.721,6,"FSM_onehot_st_q_reg[2]/C","lane_result_q_reg[1][7]/D","P2 lane result capture","FDCE=2;LUT4=1;LUT5=1;LUT6=4"
735,0.738,5.000,4.259,1.190,3.069,0.721,6,"FSM_onehot_st_q_reg[2]/C","lane_result_q_reg[2][7]/D","P2 lane result capture","FDCE=2;LUT4=1;LUT5=1;LUT6=4"
736,0.738,5.000,4.259,1.190,3.069,0.721,6,"FSM_onehot_st_q_reg[2]/C","lane_result_q_reg[3][7]/D","P2 lane result capture","FDCE=2;LUT4=1;LUT5=1;LUT6=4"
737,0.744,5.000,4.253,1.190,3.063,0.720,6,"FSM_onehot_st_q_reg[2]/C","lane_result_q_reg[1][6]/D","P2 lane result capture","FDCE=2;LUT4=1;LUT5=1;LUT6=4"
738,0.744,5.000,4.253,1.190,3.063,0.720,6,"FSM_onehot_st_q_reg[2]/C","lane_result_q_reg[2][6]/D","P2 lane result capture","FDCE=2;LUT4=1;LUT5=1;LUT6=4"
739,0.744,5.000,4.253,1.190,3.063,0.720,6,"FSM_onehot_st_q_reg[2]/C","lane_result_q_reg[3][6]/D","P2 lane result capture","FDCE=2;LUT4=1;LUT5=1;LUT6=4"
740,0.746,5.000,4.251,1.190,3.061,0.720,6,"FSM_onehot_st_q_reg[2]/C","lane_result_q_reg[1][0]/D","P2 lane result capture","FDCE=2;LUT4=1;LUT5=1;LUT6=4"
741,0.746,5.000,4.251,1.190,3.061,0.720,6,"FSM_onehot_st_q_reg[2]/C","lane_result_q_reg[1][1]/D","P2 lane result capture","FDCE=2;LUT4=1;LUT5=1;LUT6=4"
742,0.746,5.000,4.251,1.190,3.061,0.720,6,"FSM_onehot_st_q_reg[2]/C","lane_result_q_reg[2][0]/D","P2 lane result capture","FDCE=2;LUT4=1;LUT5=1;LUT6=4"
743,0.746,5.000,4.251,1.190,3.061,0.720,6,"FSM_onehot_st_q_reg[2]/C","lane_result_q_reg[2][1]/D","P2 lane result capture","FDCE=2;LUT4=1;LUT5=1;LUT6=4"
744,0.746,5.000,4.251,1.190,3.061,0.720,6,"FSM_onehot_st_q_reg[2]/C","lane_result_q_reg[3][0]/D","P2 lane result capture","FDCE=2;LUT4=1;LUT5=1;LUT6=4"
745,0.746,5.000,4.251,1.190,3.061,0.720,6,"FSM_onehot_st_q_reg[2]/C","lane_result_q_reg[3][1]/D","P2 lane result capture","FDCE=2;LUT4=1;LUT5=1;LUT6=4"
746,0.752,5.000,4.245,1.190,3.055,0.720,6,"FSM_onehot_st_q_reg[2]/C","lane_result_q_reg[0][32]/D","P2 lane result capture","FDCE=2;LUT4=1;LUT5=1;LUT6=4"
747,0.752,5.000,4.245,1.190,3.055,0.720,6,"FSM_onehot_st_q_reg[2]/C","lane_result_q_reg[0][33]/D","P2 lane result capture","FDCE=2;LUT4=1;LUT5=1;LUT6=4"
748,0.752,5.000,4.245,1.190,3.055,0.720,6,"FSM_onehot_st_q_reg[2]/C","lane_result_q_reg[0][34]/D","P2 lane result capture","FDCE=2;LUT4=1;LUT5=1;LUT6=4"
749,0.752,5.000,4.245,1.190,3.055,0.720,6,"FSM_onehot_st_q_reg[2]/C","lane_result_q_reg[1][32]/D","P2 lane result capture","FDCE=2;LUT4=1;LUT5=1;LUT6=4"
750,0.752,5.000,4.245,1.190,3.055,0.720,6,"FSM_onehot_st_q_reg[2]/C","lane_result_q_reg[1][33]/D","P2 lane result capture","FDCE=2;LUT4=1;LUT5=1;LUT6=4"
751,0.752,5.000,4.245,1.190,3.055,0.720,6,"FSM_onehot_st_q_reg[2]/C","lane_result_q_reg[1][34]/D","P2 lane result capture","FDCE=2;LUT4=1;LUT5=1;LUT6=4"
752,0.752,5.000,4.245,1.190,3.055,0.720,6,"FSM_onehot_st_q_reg[2]/C","lane_result_q_reg[2][32]/D","P2 lane result capture","FDCE=2;LUT4=1;LUT5=1;LUT6=4"
753,0.752,5.000,4.245,1.190,3.055,0.720,6,"FSM_onehot_st_q_reg[2]/C","lane_result_q_reg[2][33]/D","P2 lane result capture","FDCE=2;LUT4=1;LUT5=1;LUT6=4"
754,0.752,5.000,4.245,1.190,3.055,0.720,6,"FSM_onehot_st_q_reg[2]/C","lane_result_q_reg[2][34]/D","P2 lane result capture","FDCE=2;LUT4=1;LUT5=1;LUT6=4"
755,0.756,5.000,4.241,1.190,3.051,0.719,6,"FSM_onehot_st_q_reg[2]/C","lane_result_q_reg[0][35]/D","P2 lane result capture","FDCE=2;LUT4=1;LUT5=1;LUT6=4"
756,0.756,5.000,4.241,1.190,3.051,0.719,6,"FSM_onehot_st_q_reg[2]/C","lane_result_q_reg[1][35]/D","P2 lane result capture","FDCE=2;LUT4=1;LUT5=1;LUT6=4"
757,0.756,5.000,4.241,1.190,3.051,0.719,6,"FSM_onehot_st_q_reg[2]/C","lane_result_q_reg[2][35]/D","P2 lane result capture","FDCE=2;LUT4=1;LUT5=1;LUT6=4"
758,0.757,5.000,4.240,1.190,3.050,0.719,6,"FSM_onehot_st_q_reg[2]/C","lane_result_q_reg[0][47]/D","P2 lane result capture","FDCE=2;LUT4=1;LUT5=1;LUT6=4"
759,0.757,5.000,4.240,1.190,3.050,0.719,6,"FSM_onehot_st_q_reg[2]/C","lane_result_q_reg[0][62]/D","P2 lane result capture","FDCE=2;LUT4=1;LUT5=1;LUT6=4"
760,0.757,5.000,4.240,1.190,3.050,0.719,6,"FSM_onehot_st_q_reg[2]/C","lane_result_q_reg[1][47]/D","P2 lane result capture","FDCE=2;LUT4=1;LUT5=1;LUT6=4"
761,0.757,5.000,4.240,1.190,3.050,0.719,6,"FSM_onehot_st_q_reg[2]/C","lane_result_q_reg[1][62]/D","P2 lane result capture","FDCE=2;LUT4=1;LUT5=1;LUT6=4"
762,0.757,5.000,4.240,1.190,3.050,0.719,6,"FSM_onehot_st_q_reg[2]/C","lane_result_q_reg[2][47]/D","P2 lane result capture","FDCE=2;LUT4=1;LUT5=1;LUT6=4"
763,0.757,5.000,4.240,1.190,3.050,0.719,6,"FSM_onehot_st_q_reg[2]/C","lane_result_q_reg[2][62]/D","P2 lane result capture","FDCE=2;LUT4=1;LUT5=1;LUT6=4"
764,0.758,5.000,4.239,1.190,3.049,0.719,6,"FSM_onehot_st_q_reg[2]/C","lane_result_q_reg[3][63]/D","P2 lane result capture","FDCE=2;LUT4=1;LUT5=1;LUT6=4"
765,0.769,5.000,4.228,1.105,3.123,0.739,5,"hperm_lane_base_q_reg[1]/C","lane_result_q_reg[0][39]/D","P2 lane result capture","FDCE=2;LUT4=1;LUT6=4"
766,0.769,5.000,4.228,1.105,3.123,0.739,5,"hperm_lane_base_q_reg[1]/C","lane_result_q_reg[2][39]/D","P2 lane result capture","FDCE=2;LUT4=1;LUT6=4"
767,0.770,5.000,4.227,1.190,3.037,0.718,6,"FSM_onehot_st_q_reg[2]/C","lane_result_q_reg[3][59]/D","P2 lane result capture","FDCE=2;LUT4=1;LUT5=1;LUT6=4"
768,0.777,5.000,4.220,1.190,3.030,0.718,6,"FSM_onehot_st_q_reg[2]/C","lane_result_q_reg[3][55]/D","P2 lane result capture","FDCE=2;LUT4=1;LUT5=1;LUT6=4"
769,0.781,5.000,4.216,1.190,3.026,0.718,6,"FSM_onehot_st_q_reg[2]/C","lane_result_q_reg[0][24]/D","P2 lane result capture","FDCE=2;LUT4=1;LUT5=1;LUT6=4"
770,0.781,5.000,4.216,1.190,3.026,0.718,6,"FSM_onehot_st_q_reg[2]/C","lane_result_q_reg[0][25]/D","P2 lane result capture","FDCE=2;LUT4=1;LUT5=1;LUT6=4"
771,0.781,5.000,4.216,1.190,3.026,0.718,6,"FSM_onehot_st_q_reg[2]/C","lane_result_q_reg[0][26]/D","P2 lane result capture","FDCE=2;LUT4=1;LUT5=1;LUT6=4"
772,0.781,5.000,4.216,1.190,3.026,0.718,6,"FSM_onehot_st_q_reg[2]/C","lane_result_q_reg[1][24]/D","P2 lane result capture","FDCE=2;LUT4=1;LUT5=1;LUT6=4"
773,0.781,5.000,4.216,1.190,3.026,0.718,6,"FSM_onehot_st_q_reg[2]/C","lane_result_q_reg[1][25]/D","P2 lane result capture","FDCE=2;LUT4=1;LUT5=1;LUT6=4"
774,0.781,5.000,4.216,1.190,3.026,0.718,6,"FSM_onehot_st_q_reg[2]/C","lane_result_q_reg[1][26]/D","P2 lane result capture","FDCE=2;LUT4=1;LUT5=1;LUT6=4"
775,0.781,5.000,4.216,1.190,3.026,0.718,6,"FSM_onehot_st_q_reg[2]/C","lane_result_q_reg[2][24]/D","P2 lane result capture","FDCE=2;LUT4=1;LUT5=1;LUT6=4"
776,0.781,5.000,4.216,1.190,3.026,0.718,6,"FSM_onehot_st_q_reg[2]/C","lane_result_q_reg[2][25]/D","P2 lane result capture","FDCE=2;LUT4=1;LUT5=1;LUT6=4"
777,0.781,5.000,4.216,1.190,3.026,0.718,6,"FSM_onehot_st_q_reg[2]/C","lane_result_q_reg[2][26]/D","P2 lane result capture","FDCE=2;LUT4=1;LUT5=1;LUT6=4"
778,0.782,5.000,4.215,1.105,3.110,0.738,5,"hperm_lane_base_q_reg[1]_rep/C","lane_result_q_reg[0][54]/D","P2 lane result capture","FDCE=2;LUT4=1;LUT6=4"
779,0.782,5.000,4.215,1.105,3.110,0.738,5,"hperm_lane_base_q_reg[1]_rep/C","lane_result_q_reg[2][54]/D","P2 lane result capture","FDCE=2;LUT4=1;LUT6=4"
780,0.785,5.000,4.212,1.190,3.022,0.717,6,"FSM_onehot_st_q_reg[2]/C","lane_result_q_reg[0][27]/D","P2 lane result capture","FDCE=2;LUT4=1;LUT5=1;LUT6=4"
781,0.785,5.000,4.212,1.190,3.022,0.717,6,"FSM_onehot_st_q_reg[2]/C","lane_result_q_reg[1][27]/D","P2 lane result capture","FDCE=2;LUT4=1;LUT5=1;LUT6=4"
782,0.785,5.000,4.212,1.190,3.022,0.717,6,"FSM_onehot_st_q_reg[2]/C","lane_result_q_reg[2][27]/D","P2 lane result capture","FDCE=2;LUT4=1;LUT5=1;LUT6=4"
783,0.786,5.000,4.211,1.105,3.106,0.738,5,"hperm_lane_base_q_reg[1]_rep__1/C","lane_result_q_reg[2][56]/D","P2 lane result capture","FDCE=2;LUT4=1;LUT6=4"
784,0.786,5.000,4.211,1.105,3.106,0.738,5,"hperm_lane_base_q_reg[1]_rep__0/C","lane_result_q_reg[2][57]/D","P2 lane result capture","FDCE=2;LUT4=1;LUT6=4"
785,0.786,5.000,4.211,1.105,3.106,0.738,5,"hperm_lane_base_q_reg[1]_rep__1/C","lane_result_q_reg[2][60]/D","P2 lane result capture","FDCE=2;LUT4=1;LUT6=4"
786,0.786,5.000,4.211,1.105,3.106,0.738,5,"hperm_lane_base_q_reg[1]_rep__0/C","lane_result_q_reg[2][61]/D","P2 lane result capture","FDCE=2;LUT4=1;LUT6=4"
787,0.789,5.000,4.208,1.085,3.123,0.742,5,"hperm_lane_base_q_reg[1]/C","lane_result_q_reg[1][39]/D","P2 lane result capture","FDCE=2;LUT4=1;LUT6=4"
788,0.791,5.000,4.206,1.105,3.101,0.737,5,"hperm_lane_base_q_reg[1]/C","lane_result_q_reg[0][59]/D","P2 lane result capture","FDCE=2;LUT4=1;LUT6=4"
789,0.791,5.000,4.206,1.105,3.101,0.737,5,"hperm_lane_base_q_reg[1]/C","lane_result_q_reg[2][59]/D","P2 lane result capture","FDCE=2;LUT4=1;LUT6=4"
790,0.793,5.000,4.204,1.105,3.099,0.737,5,"hperm_lane_base_q_reg[1]_rep__1/C","lane_result_q_reg[0][56]/D","P2 lane result capture","FDCE=2;LUT4=1;LUT6=4"
791,0.793,5.000,4.204,1.105,3.099,0.737,5,"hperm_lane_base_q_reg[1]_rep__0/C","lane_result_q_reg[0][57]/D","P2 lane result capture","FDCE=2;LUT4=1;LUT6=4"
792,0.793,5.000,4.204,1.105,3.099,0.737,5,"hperm_lane_base_q_reg[1]_rep/C","lane_result_q_reg[0][58]/D","P2 lane result capture","FDCE=2;LUT4=1;LUT6=4"
793,0.793,5.000,4.204,1.105,3.099,0.737,5,"hperm_lane_base_q_reg[1]_rep__1/C","lane_result_q_reg[0][60]/D","P2 lane result capture","FDCE=2;LUT4=1;LUT6=4"
794,0.793,5.000,4.204,1.105,3.099,0.737,5,"hperm_lane_base_q_reg[1]_rep__0/C","lane_result_q_reg[0][61]/D","P2 lane result capture","FDCE=2;LUT4=1;LUT6=4"
795,0.793,5.000,4.204,1.105,3.099,0.737,5,"hperm_lane_base_q_reg[1]_rep/C","lane_result_q_reg[2][58]/D","P2 lane result capture","FDCE=2;LUT4=1;LUT6=4"
796,0.800,5.000,4.197,1.190,3.007,0.716,6,"FSM_onehot_st_q_reg[2]/C","lane_result_q_reg[0][48]/D","P2 lane result capture","FDCE=2;LUT4=1;LUT5=1;LUT6=4"
797,0.800,5.000,4.197,1.190,3.007,0.716,6,"FSM_onehot_st_q_reg[2]/C","lane_result_q_reg[0][49]/D","P2 lane result capture","FDCE=2;LUT4=1;LUT5=1;LUT6=4"
798,0.800,5.000,4.197,1.190,3.007,0.716,6,"FSM_onehot_st_q_reg[2]/C","lane_result_q_reg[1][48]/D","P2 lane result capture","FDCE=2;LUT4=1;LUT5=1;LUT6=4"
799,0.800,5.000,4.197,1.190,3.007,0.716,6,"FSM_onehot_st_q_reg[2]/C","lane_result_q_reg[1][49]/D","P2 lane result capture","FDCE=2;LUT4=1;LUT5=1;LUT6=4"
800,0.800,5.000,4.197,1.190,3.007,0.716,6,"FSM_onehot_st_q_reg[2]/C","lane_result_q_reg[2][48]/D","P2 lane result capture","FDCE=2;LUT4=1;LUT5=1;LUT6=4"
801,0.800,5.000,4.197,1.190,3.007,0.716,6,"FSM_onehot_st_q_reg[2]/C","lane_result_q_reg[2][49]/D","P2 lane result capture","FDCE=2;LUT4=1;LUT5=1;LUT6=4"
802,0.802,5.000,4.195,1.085,3.110,0.741,5,"hperm_lane_base_q_reg[1]_rep/C","lane_result_q_reg[1][54]/D","P2 lane result capture","FDCE=2;LUT4=1;LUT6=4"
803,0.805,5.000,4.192,1.190,3.002,0.716,6,"FSM_onehot_st_q_reg[2]/C","lane_result_q_reg[1][56]/D","P2 lane result capture","FDCE=2;LUT4=1;LUT6=5"
804,0.805,5.000,4.192,1.190,3.002,0.716,6,"FSM_onehot_st_q_reg[2]/C","lane_result_q_reg[1][57]/D","P2 lane result capture","FDCE=2;LUT4=1;LUT6=5"
805,0.806,5.000,4.191,1.190,3.001,0.716,6,"FSM_onehot_st_q_reg[2]/C","lane_result_q_reg[0][16]/D","P2 lane result capture","FDCE=2;LUT4=1;LUT5=1;LUT6=4"
806,0.806,5.000,4.191,1.190,3.001,0.716,6,"FSM_onehot_st_q_reg[2]/C","lane_result_q_reg[0][17]/D","P2 lane result capture","FDCE=2;LUT4=1;LUT5=1;LUT6=4"
807,0.806,5.000,4.191,1.190,3.001,0.716,6,"FSM_onehot_st_q_reg[2]/C","lane_result_q_reg[0][18]/D","P2 lane result capture","FDCE=2;LUT4=1;LUT5=1;LUT6=4"
808,0.806,5.000,4.191,1.190,3.001,0.716,6,"FSM_onehot_st_q_reg[2]/C","lane_result_q_reg[1][16]/D","P2 lane result capture","FDCE=2;LUT4=1;LUT5=1;LUT6=4"
809,0.806,5.000,4.191,1.190,3.001,0.716,6,"FSM_onehot_st_q_reg[2]/C","lane_result_q_reg[1][17]/D","P2 lane result capture","FDCE=2;LUT4=1;LUT5=1;LUT6=4"
810,0.806,5.000,4.191,1.190,3.001,0.716,6,"FSM_onehot_st_q_reg[2]/C","lane_result_q_reg[1][18]/D","P2 lane result capture","FDCE=2;LUT4=1;LUT5=1;LUT6=4"
811,0.806,5.000,4.191,1.190,3.001,0.716,6,"FSM_onehot_st_q_reg[2]/C","lane_result_q_reg[2][16]/D","P2 lane result capture","FDCE=2;LUT4=1;LUT5=1;LUT6=4"
812,0.806,5.000,4.191,1.190,3.001,0.716,6,"FSM_onehot_st_q_reg[2]/C","lane_result_q_reg[2][17]/D","P2 lane result capture","FDCE=2;LUT4=1;LUT5=1;LUT6=4"
813,0.806,5.000,4.191,1.190,3.001,0.716,6,"FSM_onehot_st_q_reg[2]/C","lane_result_q_reg[2][18]/D","P2 lane result capture","FDCE=2;LUT4=1;LUT5=1;LUT6=4"
814,0.810,5.000,4.187,1.190,2.997,0.716,6,"FSM_onehot_st_q_reg[2]/C","lane_result_q_reg[0][19]/D","P2 lane result capture","FDCE=2;LUT4=1;LUT5=1;LUT6=4"
815,0.810,5.000,4.187,1.190,2.997,0.716,6,"FSM_onehot_st_q_reg[2]/C","lane_result_q_reg[1][19]/D","P2 lane result capture","FDCE=2;LUT4=1;LUT5=1;LUT6=4"
816,0.810,5.000,4.187,1.190,2.997,0.716,6,"FSM_onehot_st_q_reg[2]/C","lane_result_q_reg[2][19]/D","P2 lane result capture","FDCE=2;LUT4=1;LUT5=1;LUT6=4"
817,0.811,5.000,4.186,1.190,2.996,0.716,6,"FSM_onehot_st_q_reg[2]/C","lane_result_q_reg[0][31]/D","P2 lane result capture","FDCE=2;LUT4=1;LUT5=1;LUT6=4"
818,0.811,5.000,4.186,1.190,2.996,0.716,6,"FSM_onehot_st_q_reg[2]/C","lane_result_q_reg[0][46]/D","P2 lane result capture","FDCE=2;LUT4=1;LUT5=1;LUT6=4"
819,0.811,5.000,4.186,1.190,2.996,0.716,6,"FSM_onehot_st_q_reg[2]/C","lane_result_q_reg[1][31]/D","P2 lane result capture","FDCE=2;LUT4=1;LUT5=1;LUT6=4"
820,0.811,5.000,4.186,1.190,2.996,0.716,6,"FSM_onehot_st_q_reg[2]/C","lane_result_q_reg[1][46]/D","P2 lane result capture","FDCE=2;LUT4=1;LUT5=1;LUT6=4"
821,0.811,5.000,4.186,1.190,2.996,0.716,6,"FSM_onehot_st_q_reg[2]/C","lane_result_q_reg[2][31]/D","P2 lane result capture","FDCE=2;LUT4=1;LUT5=1;LUT6=4"
822,0.811,5.000,4.186,1.190,2.996,0.716,6,"FSM_onehot_st_q_reg[2]/C","lane_result_q_reg[2][46]/D","P2 lane result capture","FDCE=2;LUT4=1;LUT5=1;LUT6=4"
823,0.811,5.000,4.186,1.085,3.101,0.741,5,"hperm_lane_base_q_reg[1]/C","lane_result_q_reg[1][59]/D","P2 lane result capture","FDCE=2;LUT4=1;LUT6=4"
824,0.812,5.000,4.185,1.190,2.995,0.716,6,"FSM_onehot_st_q_reg[2]/C","lane_result_q_reg[3][47]/D","P2 lane result capture","FDCE=2;LUT4=1;LUT5=1;LUT6=4"
825,0.813,5.000,4.184,1.085,3.099,0.741,5,"hperm_lane_base_q_reg[1]_rep/C","lane_result_q_reg[1][58]/D","P2 lane result capture","FDCE=2;LUT4=1;LUT6=4"
826,0.813,5.000,4.184,1.085,3.099,0.741,5,"hperm_lane_base_q_reg[1]_rep__1/C","lane_result_q_reg[1][60]/D","P2 lane result capture","FDCE=2;LUT4=1;LUT6=4"
827,0.813,5.000,4.184,1.085,3.099,0.741,5,"hperm_lane_base_q_reg[1]_rep__0/C","lane_result_q_reg[1][61]/D","P2 lane result capture","FDCE=2;LUT4=1;LUT6=4"
828,0.813,5.000,4.184,1.085,3.099,0.741,5,"hperm_lane_base_q_reg[1]_rep__1/C","lane_result_q_reg[3][56]/D","P2 lane result capture","FDCE=2;LUT4=1;LUT6=4"
829,0.813,5.000,4.184,1.085,3.099,0.741,5,"hperm_lane_base_q_reg[1]_rep__0/C","lane_result_q_reg[3][57]/D","P2 lane result capture","FDCE=2;LUT4=1;LUT6=4"
830,0.813,5.000,4.184,1.085,3.099,0.741,5,"hperm_lane_base_q_reg[1]_rep/C","lane_result_q_reg[3][58]/D","P2 lane result capture","FDCE=2;LUT4=1;LUT6=4"
831,0.816,5.000,4.181,1.190,2.991,0.715,6,"FSM_onehot_st_q_reg[2]/C","lane_result_q_reg[3][51]/D","P2 lane result capture","FDCE=2;LUT4=1;LUT5=1;LUT6=4"
832,0.823,5.000,4.174,1.190,2.984,0.715,6,"FSM_onehot_st_q_reg[2]/C","lane_result_q_reg[3][62]/D","P2 lane result capture","FDCE=2;LUT4=1;LUT6=5"
833,0.824,5.000,4.173,1.190,2.983,0.715,6,"FSM_onehot_st_q_reg[2]/C","lane_result_q_reg[3][43]/D","P2 lane result capture","FDCE=2;LUT4=1;LUT5=1;LUT6=4"
834,0.827,5.000,4.170,1.190,2.980,0.715,6,"FSM_onehot_st_q_reg[2]/C","lane_result_q_reg[3][60]/D","P2 lane result capture","FDCE=2;LUT4=1;LUT6=5"
835,0.831,5.000,4.166,1.190,2.976,0.714,6,"FSM_onehot_st_q_reg[2]/C","lane_result_q_reg[3][39]/D","P2 lane result capture","FDCE=2;LUT4=1;LUT5=1;LUT6=4"
836,0.842,5.000,4.155,1.190,2.965,0.714,6,"FSM_onehot_st_q_reg[2]/C","lane_result_q_reg[3][54]/D","P2 lane result capture","FDCE=2;LUT4=1;LUT5=1;LUT6=4"
837,0.850,5.000,4.147,1.085,3.062,0.738,5,"hperm_lane_base_q_reg[0]/C","lane_result_q_reg[0][28]/D","P2 lane result capture","FDCE=2;LUT2=1;LUT6=4"
838,0.850,5.000,4.147,1.085,3.062,0.738,5,"hperm_lane_base_q_reg[0]/C","lane_result_q_reg[0][29]/D","P2 lane result capture","FDCE=2;LUT2=1;LUT6=4"
839,0.850,5.000,4.147,1.085,3.062,0.738,5,"hperm_lane_base_q_reg[0]/C","lane_result_q_reg[0][44]/D","P2 lane result capture","FDCE=2;LUT2=1;LUT6=4"
840,0.850,5.000,4.147,1.085,3.062,0.738,5,"hperm_lane_base_q_reg[0]/C","lane_result_q_reg[0][45]/D","P2 lane result capture","FDCE=2;LUT2=1;LUT6=4"
841,0.850,5.000,4.147,1.085,3.062,0.738,5,"hperm_lane_base_q_reg[0]/C","lane_result_q_reg[1][20]/D","P2 lane result capture","FDCE=2;LUT2=1;LUT6=4"
842,0.850,5.000,4.147,1.085,3.062,0.738,5,"hperm_lane_base_q_reg[0]/C","lane_result_q_reg[1][21]/D","P2 lane result capture","FDCE=2;LUT2=1;LUT6=4"
843,0.850,5.000,4.147,1.085,3.062,0.738,5,"hperm_lane_base_q_reg[0]/C","lane_result_q_reg[1][28]/D","P2 lane result capture","FDCE=2;LUT2=1;LUT6=4"
844,0.850,5.000,4.147,1.085,3.062,0.738,5,"hperm_lane_base_q_reg[0]/C","lane_result_q_reg[1][29]/D","P2 lane result capture","FDCE=2;LUT2=1;LUT6=4"
845,0.850,5.000,4.147,1.085,3.062,0.738,5,"hperm_lane_base_q_reg[0]/C","lane_result_q_reg[1][44]/D","P2 lane result capture","FDCE=2;LUT2=1;LUT6=4"
846,0.850,5.000,4.147,1.085,3.062,0.738,5,"hperm_lane_base_q_reg[0]/C","lane_result_q_reg[1][45]/D","P2 lane result capture","FDCE=2;LUT2=1;LUT6=4"
847,0.850,5.000,4.147,1.085,3.062,0.738,5,"hperm_lane_base_q_reg[0]/C","lane_result_q_reg[1][52]/D","P2 lane result capture","FDCE=2;LUT2=1;LUT6=4"
848,0.850,5.000,4.147,1.085,3.062,0.738,5,"hperm_lane_base_q_reg[0]/C","lane_result_q_reg[1][53]/D","P2 lane result capture","FDCE=2;LUT2=1;LUT6=4"
849,0.850,5.000,4.147,1.085,3.062,0.738,5,"hperm_lane_base_q_reg[0]/C","lane_result_q_reg[2][20]/D","P2 lane result capture","FDCE=2;LUT2=1;LUT6=4"
850,0.850,5.000,4.147,1.085,3.062,0.738,5,"hperm_lane_base_q_reg[0]/C","lane_result_q_reg[2][21]/D","P2 lane result capture","FDCE=2;LUT2=1;LUT6=4"
851,0.850,5.000,4.147,1.085,3.062,0.738,5,"hperm_lane_base_q_reg[0]/C","lane_result_q_reg[2][28]/D","P2 lane result capture","FDCE=2;LUT2=1;LUT6=4"
852,0.850,5.000,4.147,1.085,3.062,0.738,5,"hperm_lane_base_q_reg[0]/C","lane_result_q_reg[2][29]/D","P2 lane result capture","FDCE=2;LUT2=1;LUT6=4"
853,0.850,5.000,4.147,1.085,3.062,0.738,5,"hperm_lane_base_q_reg[0]/C","lane_result_q_reg[2][44]/D","P2 lane result capture","FDCE=2;LUT2=1;LUT6=4"
854,0.850,5.000,4.147,1.085,3.062,0.738,5,"hperm_lane_base_q_reg[0]/C","lane_result_q_reg[2][45]/D","P2 lane result capture","FDCE=2;LUT2=1;LUT6=4"
855,0.850,5.000,4.147,1.085,3.062,0.738,5,"hperm_lane_base_q_reg[0]/C","lane_result_q_reg[3][16]/D","P2 lane result capture","FDCE=2;LUT2=1;LUT6=4"
856,0.850,5.000,4.147,1.085,3.062,0.738,5,"hperm_lane_base_q_reg[0]/C","lane_result_q_reg[3][17]/D","P2 lane result capture","FDCE=2;LUT2=1;LUT6=4"
857,0.850,5.000,4.147,1.085,3.062,0.738,5,"hperm_lane_base_q_reg[0]/C","lane_result_q_reg[3][24]/D","P2 lane result capture","FDCE=2;LUT2=1;LUT6=4"
858,0.850,5.000,4.147,1.085,3.062,0.738,5,"hperm_lane_base_q_reg[0]/C","lane_result_q_reg[3][25]/D","P2 lane result capture","FDCE=2;LUT2=1;LUT6=4"
859,0.850,5.000,4.147,1.085,3.062,0.738,5,"hperm_lane_base_q_reg[0]/C","lane_result_q_reg[3][28]/D","P2 lane result capture","FDCE=2;LUT2=1;LUT6=4"
860,0.850,5.000,4.147,1.085,3.062,0.738,5,"hperm_lane_base_q_reg[0]/C","lane_result_q_reg[3][29]/D","P2 lane result capture","FDCE=2;LUT2=1;LUT6=4"
861,0.852,5.000,4.145,1.085,3.060,0.738,5,"hperm_lane_base_q_reg[0]/C","lane_result_q_reg[0][23]/D","P2 lane result capture","FDCE=2;LUT2=1;LUT6=4"
862,0.852,5.000,4.145,1.085,3.060,0.738,5,"hperm_lane_base_q_reg[0]/C","lane_result_q_reg[1][12]/D","P2 lane result capture","FDCE=2;LUT2=1;LUT6=4"
863,0.852,5.000,4.145,1.085,3.060,0.738,5,"hperm_lane_base_q_reg[0]/C","lane_result_q_reg[1][13]/D","P2 lane result capture","FDCE=2;LUT2=1;LUT6=4"
864,0.852,5.000,4.145,1.085,3.060,0.738,5,"hperm_lane_base_q_reg[0]/C","lane_result_q_reg[1][23]/D","P2 lane result capture","FDCE=2;LUT2=1;LUT6=4"
865,0.852,5.000,4.145,1.085,3.060,0.738,5,"hperm_lane_base_q_reg[0]/C","lane_result_q_reg[2][12]/D","P2 lane result capture","FDCE=2;LUT2=1;LUT6=4"
866,0.852,5.000,4.145,1.085,3.060,0.738,5,"hperm_lane_base_q_reg[0]/C","lane_result_q_reg[2][13]/D","P2 lane result capture","FDCE=2;LUT2=1;LUT6=4"
867,0.852,5.000,4.145,1.085,3.060,0.738,5,"hperm_lane_base_q_reg[0]/C","lane_result_q_reg[2][23]/D","P2 lane result capture","FDCE=2;LUT2=1;LUT6=4"
868,0.852,5.000,4.145,1.085,3.060,0.738,5,"hperm_lane_base_q_reg[0]/C","lane_result_q_reg[3][12]/D","P2 lane result capture","FDCE=2;LUT2=1;LUT6=4"
869,0.852,5.000,4.145,1.085,3.060,0.738,5,"hperm_lane_base_q_reg[0]/C","lane_result_q_reg[3][13]/D","P2 lane result capture","FDCE=2;LUT2=1;LUT6=4"
870,0.852,5.000,4.145,1.085,3.060,0.738,5,"hperm_lane_base_q_reg[0]/C","lane_result_q_reg[3][19]/D","P2 lane result capture","FDCE=2;LUT2=1;LUT6=4"
871,0.852,5.000,4.145,1.085,3.060,0.738,5,"hperm_lane_base_q_reg[0]/C","lane_result_q_reg[3][23]/D","P2 lane result capture","FDCE=2;LUT2=1;LUT6=4"
872,0.852,5.000,4.145,1.085,3.060,0.738,5,"hperm_lane_base_q_reg[0]/C","lane_result_q_reg[3][27]/D","P2 lane result capture","FDCE=2;LUT2=1;LUT6=4"
873,0.852,5.000,4.145,1.085,3.060,0.738,5,"hperm_lane_base_q_reg[0]/C","lane_result_q_reg[3][31]/D","P2 lane result capture","FDCE=2;LUT2=1;LUT6=4"
874,0.854,5.000,4.143,1.085,3.058,0.738,5,"hperm_lane_base_q_reg[0]/C","lane_result_q_reg[1][11]/D","P2 lane result capture","FDCE=2;LUT2=1;LUT6=4"
875,0.854,5.000,4.143,1.085,3.058,0.738,5,"hperm_lane_base_q_reg[0]/C","lane_result_q_reg[1][15]/D","P2 lane result capture","FDCE=2;LUT2=1;LUT6=4"
876,0.854,5.000,4.143,1.085,3.058,0.738,5,"hperm_lane_base_q_reg[0]/C","lane_result_q_reg[2][11]/D","P2 lane result capture","FDCE=2;LUT2=1;LUT6=4"
877,0.854,5.000,4.143,1.085,3.058,0.738,5,"hperm_lane_base_q_reg[0]/C","lane_result_q_reg[2][15]/D","P2 lane result capture","FDCE=2;LUT2=1;LUT6=4"
878,0.854,5.000,4.143,1.085,3.058,0.738,5,"hperm_lane_base_q_reg[0]/C","lane_result_q_reg[3][11]/D","P2 lane result capture","FDCE=2;LUT2=1;LUT6=4"
879,0.854,5.000,4.143,1.085,3.058,0.738,5,"hperm_lane_base_q_reg[0]/C","lane_result_q_reg[3][15]/D","P2 lane result capture","FDCE=2;LUT2=1;LUT6=4"
880,0.855,5.000,4.142,1.085,3.057,0.738,5,"hperm_lane_base_q_reg[0]/C","lane_result_q_reg[0][22]/D","P2 lane result capture","FDCE=2;LUT2=1;LUT6=4"
881,0.855,5.000,4.142,1.085,3.057,0.738,5,"hperm_lane_base_q_reg[0]/C","lane_result_q_reg[0][30]/D","P2 lane result capture","FDCE=2;LUT2=1;LUT6=4"
882,0.855,5.000,4.142,1.085,3.057,0.738,5,"hperm_lane_base_q_reg[0]/C","lane_result_q_reg[0][50]/D","P2 lane result capture","FDCE=2;LUT2=1;LUT6=4"
883,0.855,5.000,4.142,1.085,3.057,0.738,5,"hperm_lane_base_q_reg[0]/C","lane_result_q_reg[1][22]/D","P2 lane result capture","FDCE=2;LUT2=1;LUT6=4"
884,0.855,5.000,4.142,1.085,3.057,0.738,5,"hperm_lane_base_q_reg[0]/C","lane_result_q_reg[1][30]/D","P2 lane result capture","FDCE=2;LUT2=1;LUT6=4"
885,0.855,5.000,4.142,1.085,3.057,0.738,5,"hperm_lane_base_q_reg[0]/C","lane_result_q_reg[1][50]/D","P2 lane result capture","FDCE=2;LUT2=1;LUT6=4"
886,0.855,5.000,4.142,1.085,3.057,0.738,5,"hperm_lane_base_q_reg[0]/C","lane_result_q_reg[2][22]/D","P2 lane result capture","FDCE=2;LUT2=1;LUT6=4"
887,0.855,5.000,4.142,1.085,3.057,0.738,5,"hperm_lane_base_q_reg[0]/C","lane_result_q_reg[2][30]/D","P2 lane result capture","FDCE=2;LUT2=1;LUT6=4"
888,0.855,5.000,4.142,1.085,3.057,0.738,5,"hperm_lane_base_q_reg[0]/C","lane_result_q_reg[2][50]/D","P2 lane result capture","FDCE=2;LUT2=1;LUT6=4"
889,0.855,5.000,4.142,1.085,3.057,0.738,5,"hperm_lane_base_q_reg[0]/C","lane_result_q_reg[3][18]/D","P2 lane result capture","FDCE=2;LUT2=1;LUT6=4"
890,0.855,5.000,4.142,1.085,3.057,0.738,5,"hperm_lane_base_q_reg[0]/C","lane_result_q_reg[3][22]/D","P2 lane result capture","FDCE=2;LUT2=1;LUT6=4"
891,0.855,5.000,4.142,1.085,3.057,0.738,5,"hperm_lane_base_q_reg[0]/C","lane_result_q_reg[3][26]/D","P2 lane result capture","FDCE=2;LUT2=1;LUT6=4"
892,0.855,5.000,4.142,1.085,3.057,0.738,5,"hperm_lane_base_q_reg[0]/C","lane_result_q_reg[3][30]/D","P2 lane result capture","FDCE=2;LUT2=1;LUT6=4"
893,0.856,5.000,4.141,1.085,3.056,0.738,5,"hperm_lane_base_q_reg[0]/C","lane_result_q_reg[0][0]/D","P2 lane result capture","FDCE=2;LUT2=1;LUT6=4"
894,0.856,5.000,4.141,1.085,3.056,0.738,5,"hperm_lane_base_q_reg[0]/C","lane_result_q_reg[0][12]/D","P2 lane result capture","FDCE=2;LUT2=1;LUT6=4"
895,0.856,5.000,4.141,1.085,3.056,0.738,5,"hperm_lane_base_q_reg[0]/C","lane_result_q_reg[0][13]/D","P2 lane result capture","FDCE=2;LUT2=1;LUT6=4"
896,0.856,5.000,4.141,1.085,3.056,0.738,5,"hperm_lane_base_q_reg[0]/C","lane_result_q_reg[0][1]/D","P2 lane result capture","FDCE=2;LUT2=1;LUT6=4"
897,0.856,5.000,4.141,1.085,3.056,0.738,5,"hperm_lane_base_q_reg[0]/C","lane_result_q_reg[0][20]/D","P2 lane result capture","FDCE=2;LUT2=1;LUT6=4"
898,0.856,5.000,4.141,1.085,3.056,0.738,5,"hperm_lane_base_q_reg[0]/C","lane_result_q_reg[0][21]/D","P2 lane result capture","FDCE=2;LUT2=1;LUT6=4"
899,0.856,5.000,4.141,1.085,3.056,0.738,5,"hperm_lane_base_q_reg[0]/C","lane_result_q_reg[0][4]/D","P2 lane result capture","FDCE=2;LUT2=1;LUT6=4"
900,0.856,5.000,4.141,1.085,3.056,0.738,5,"hperm_lane_base_q_reg[0]/C","lane_result_q_reg[0][5]/D","P2 lane result capture","FDCE=2;LUT2=1;LUT6=4"
901,0.856,5.000,4.141,1.085,3.056,0.738,5,"hperm_lane_base_q_reg[0]/C","lane_result_q_reg[0][8]/D","P2 lane result capture","FDCE=2;LUT2=1;LUT6=4"
902,0.856,5.000,4.141,1.085,3.056,0.738,5,"hperm_lane_base_q_reg[0]/C","lane_result_q_reg[0][9]/D","P2 lane result capture","FDCE=2;LUT2=1;LUT6=4"
903,0.856,5.000,4.141,1.085,3.056,0.738,5,"hperm_lane_base_q_reg[0]/C","lane_result_q_reg[3][32]/D","P2 lane result capture","FDCE=2;LUT2=1;LUT6=4"
904,0.856,5.000,4.141,1.085,3.056,0.738,5,"hperm_lane_base_q_reg[0]/C","lane_result_q_reg[3][33]/D","P2 lane result capture","FDCE=2;LUT2=1;LUT6=4"
905,0.856,5.000,4.141,1.085,3.056,0.738,5,"hperm_lane_base_q_reg[0]/C","lane_result_q_reg[3][40]/D","P2 lane result capture","FDCE=2;LUT2=1;LUT6=4"
906,0.856,5.000,4.141,1.085,3.056,0.738,5,"hperm_lane_base_q_reg[0]/C","lane_result_q_reg[3][41]/D","P2 lane result capture","FDCE=2;LUT2=1;LUT6=4"
907,0.856,5.000,4.141,1.085,3.056,0.738,5,"hperm_lane_base_q_reg[0]/C","lane_result_q_reg[3][44]/D","P2 lane result capture","FDCE=2;LUT2=1;LUT6=4"
908,0.856,5.000,4.141,1.085,3.056,0.738,5,"hperm_lane_base_q_reg[0]/C","lane_result_q_reg[3][45]/D","P2 lane result capture","FDCE=2;LUT2=1;LUT6=4"
909,0.856,5.000,4.141,1.190,2.951,0.713,6,"FSM_onehot_st_q_reg[2]/C","lane_result_q_reg[3][61]/D","P2 lane result capture","FDCE=2;LUT4=1;LUT6=5"
910,0.857,5.000,4.140,1.085,3.055,0.738,5,"hperm_lane_base_q_reg[0]/C","lane_result_q_reg[1][10]/D","P2 lane result capture","FDCE=2;LUT2=1;LUT6=4"
911,0.857,5.000,4.140,1.085,3.055,0.738,5,"hperm_lane_base_q_reg[0]/C","lane_result_q_reg[1][14]/D","P2 lane result capture","FDCE=2;LUT2=1;LUT6=4"
912,0.857,5.000,4.140,1.085,3.055,0.738,5,"hperm_lane_base_q_reg[0]/C","lane_result_q_reg[2][10]/D","P2 lane result capture","FDCE=2;LUT2=1;LUT6=4"
913,0.857,5.000,4.140,1.085,3.055,0.738,5,"hperm_lane_base_q_reg[0]/C","lane_result_q_reg[2][14]/D","P2 lane result capture","FDCE=2;LUT2=1;LUT6=4"
914,0.857,5.000,4.140,1.085,3.055,0.738,5,"hperm_lane_base_q_reg[0]/C","lane_result_q_reg[3][10]/D","P2 lane result capture","FDCE=2;LUT2=1;LUT6=4"
915,0.857,5.000,4.140,1.085,3.055,0.738,5,"hperm_lane_base_q_reg[0]/C","lane_result_q_reg[3][14]/D","P2 lane result capture","FDCE=2;LUT2=1;LUT6=4"
916,0.858,5.000,4.139,1.085,3.054,0.738,5,"hperm_lane_base_q_reg[0]/C","lane_result_q_reg[0][11]/D","P2 lane result capture","FDCE=2;LUT2=1;LUT6=4"
917,0.858,5.000,4.139,1.085,3.054,0.738,5,"hperm_lane_base_q_reg[0]/C","lane_result_q_reg[0][15]/D","P2 lane result capture","FDCE=2;LUT2=1;LUT6=4"
918,0.858,5.000,4.139,1.085,3.054,0.738,5,"hperm_lane_base_q_reg[0]/C","lane_result_q_reg[0][3]/D","P2 lane result capture","FDCE=2;LUT2=1;LUT6=4"
919,0.858,5.000,4.139,1.085,3.054,0.738,5,"hperm_lane_base_q_reg[0]/C","lane_result_q_reg[0][7]/D","P2 lane result capture","FDCE=2;LUT2=1;LUT6=4"
920,0.858,5.000,4.139,1.085,3.054,0.738,5,"hperm_lane_base_q_reg[0]/C","lane_result_q_reg[3][35]/D","P2 lane result capture","FDCE=2;LUT2=1;LUT6=4"
921,0.861,5.000,4.136,1.085,3.051,0.738,5,"hperm_lane_base_q_reg[0]/C","lane_result_q_reg[0][10]/D","P2 lane result capture","FDCE=2;LUT2=1;LUT6=4"
922,0.861,5.000,4.136,1.085,3.051,0.738,5,"hperm_lane_base_q_reg[0]/C","lane_result_q_reg[0][14]/D","P2 lane result capture","FDCE=2;LUT2=1;LUT6=4"
923,0.861,5.000,4.136,1.085,3.051,0.738,5,"hperm_lane_base_q_reg[0]/C","lane_result_q_reg[0][2]/D","P2 lane result capture","FDCE=2;LUT2=1;LUT6=4"
924,0.861,5.000,4.136,1.085,3.051,0.738,5,"hperm_lane_base_q_reg[0]/C","lane_result_q_reg[0][6]/D","P2 lane result capture","FDCE=2;LUT2=1;LUT6=4"
925,0.861,5.000,4.136,1.085,3.051,0.738,5,"hperm_lane_base_q_reg[0]/C","lane_result_q_reg[3][34]/D","P2 lane result capture","FDCE=2;LUT2=1;LUT6=4"
926,0.861,5.000,4.136,1.085,3.051,0.738,5,"hperm_lane_base_q_reg[0]/C","lane_result_q_reg[3][38]/D","P2 lane result capture","FDCE=2;LUT2=1;LUT6=4"
927,0.861,5.000,4.136,1.085,3.051,0.738,5,"hperm_lane_base_q_reg[0]/C","lane_result_q_reg[3][42]/D","P2 lane result capture","FDCE=2;LUT2=1;LUT6=4"
928,0.861,5.000,4.136,1.085,3.051,0.738,5,"hperm_lane_base_q_reg[0]/C","lane_result_q_reg[3][46]/D","P2 lane result capture","FDCE=2;LUT2=1;LUT6=4"
929,0.863,5.000,4.134,1.085,3.049,0.738,5,"hperm_lane_base_q_reg[0]/C","lane_result_q_reg[1][36]/D","P2 lane result capture","FDCE=2;LUT2=1;LUT6=4"
930,0.863,5.000,4.134,1.085,3.049,0.738,5,"hperm_lane_base_q_reg[0]/C","lane_result_q_reg[1][37]/D","P2 lane result capture","FDCE=2;LUT2=1;LUT6=4"
931,0.863,5.000,4.134,1.085,3.049,0.738,5,"hperm_lane_base_q_reg[0]/C","lane_result_q_reg[2][4]/D","P2 lane result capture","FDCE=2;LUT2=1;LUT6=4"
932,0.863,5.000,4.134,1.085,3.049,0.738,5,"hperm_lane_base_q_reg[0]/C","lane_result_q_reg[2][52]/D","P2 lane result capture","FDCE=2;LUT2=1;LUT6=4"
933,0.863,5.000,4.134,1.085,3.049,0.738,5,"hperm_lane_base_q_reg[0]/C","lane_result_q_reg[2][53]/D","P2 lane result capture","FDCE=2;LUT2=1;LUT6=4"
934,0.863,5.000,4.134,1.085,3.049,0.738,5,"hperm_lane_base_q_reg[0]/C","lane_result_q_reg[2][5]/D","P2 lane result capture","FDCE=2;LUT2=1;LUT6=4"
935,0.863,5.000,4.134,1.085,3.049,0.738,5,"hperm_lane_base_q_reg[0]/C","lane_result_q_reg[3][36]/D","P2 lane result capture","FDCE=2;LUT2=1;LUT6=4"
936,0.863,5.000,4.134,1.085,3.049,0.738,5,"hperm_lane_base_q_reg[0]/C","lane_result_q_reg[3][37]/D","P2 lane result capture","FDCE=2;LUT2=1;LUT6=4"
937,0.863,5.000,4.134,1.085,3.049,0.738,5,"hperm_lane_base_q_reg[0]/C","lane_result_q_reg[3][48]/D","P2 lane result capture","FDCE=2;LUT2=1;LUT6=4"
938,0.863,5.000,4.134,1.085,3.049,0.738,5,"hperm_lane_base_q_reg[0]/C","lane_result_q_reg[3][49]/D","P2 lane result capture","FDCE=2;LUT2=1;LUT6=4"
939,0.863,5.000,4.134,1.085,3.049,0.738,5,"hperm_lane_base_q_reg[0]/C","lane_result_q_reg[3][52]/D","P2 lane result capture","FDCE=2;LUT2=1;LUT6=4"
940,0.863,5.000,4.134,1.085,3.049,0.738,5,"hperm_lane_base_q_reg[0]/C","lane_result_q_reg[3][53]/D","P2 lane result capture","FDCE=2;LUT2=1;LUT6=4"
941,0.865,5.000,4.132,1.085,3.047,0.737,5,"hperm_lane_base_q_reg[0]/C","lane_result_q_reg[0][51]/D","P2 lane result capture","FDCE=2;LUT2=1;LUT6=4"
942,0.865,5.000,4.132,1.085,3.047,0.737,5,"hperm_lane_base_q_reg[0]/C","lane_result_q_reg[1][3]/D","P2 lane result capture","FDCE=2;LUT2=1;LUT6=4"
943,0.865,5.000,4.132,1.085,3.047,0.737,5,"hperm_lane_base_q_reg[0]/C","lane_result_q_reg[1][51]/D","P2 lane result capture","FDCE=2;LUT2=1;LUT6=4"
944,0.865,5.000,4.132,1.085,3.047,0.737,5,"hperm_lane_base_q_reg[0]/C","lane_result_q_reg[2][3]/D","P2 lane result capture","FDCE=2;LUT2=1;LUT6=4"
945,0.865,5.000,4.132,1.085,3.047,0.737,5,"hperm_lane_base_q_reg[0]/C","lane_result_q_reg[2][51]/D","P2 lane result capture","FDCE=2;LUT2=1;LUT6=4"
946,0.865,5.000,4.132,1.085,3.047,0.737,5,"hperm_lane_base_q_reg[0]/C","lane_result_q_reg[3][3]/D","P2 lane result capture","FDCE=2;LUT2=1;LUT6=4"
947,0.868,5.000,4.129,1.085,3.044,0.737,5,"hperm_lane_base_q_reg[0]/C","lane_result_q_reg[0][38]/D","P2 lane result capture","FDCE=2;LUT2=1;LUT6=4"
948,0.868,5.000,4.129,1.085,3.044,0.737,5,"hperm_lane_base_q_reg[0]/C","lane_result_q_reg[1][2]/D","P2 lane result capture","FDCE=2;LUT2=1;LUT6=4"
949,0.868,5.000,4.129,1.085,3.044,0.737,5,"hperm_lane_base_q_reg[0]/C","lane_result_q_reg[1][38]/D","P2 lane result capture","FDCE=2;LUT2=1;LUT6=4"
950,0.868,5.000,4.129,1.085,3.044,0.737,5,"hperm_lane_base_q_reg[0]/C","lane_result_q_reg[2][2]/D","P2 lane result capture","FDCE=2;LUT2=1;LUT6=4"
951,0.868,5.000,4.129,1.085,3.044,0.737,5,"hperm_lane_base_q_reg[0]/C","lane_result_q_reg[2][38]/D","P2 lane result capture","FDCE=2;LUT2=1;LUT6=4"
952,0.868,5.000,4.129,1.085,3.044,0.737,5,"hperm_lane_base_q_reg[0]/C","lane_result_q_reg[3][2]/D","P2 lane result capture","FDCE=2;LUT2=1;LUT6=4"
953,0.868,5.000,4.129,1.085,3.044,0.737,5,"hperm_lane_base_q_reg[0]/C","lane_result_q_reg[3][50]/D","P2 lane result capture","FDCE=2;LUT2=1;LUT6=4"
954,0.869,5.000,4.128,1.085,3.043,0.737,5,"hperm_lane_base_q_reg[0]/C","lane_result_q_reg[0][36]/D","P2 lane result capture","FDCE=2;LUT2=1;LUT6=4"
955,0.869,5.000,4.128,1.085,3.043,0.737,5,"hperm_lane_base_q_reg[0]/C","lane_result_q_reg[0][37]/D","P2 lane result capture","FDCE=2;LUT2=1;LUT6=4"
956,0.869,5.000,4.128,1.085,3.043,0.737,5,"hperm_lane_base_q_reg[0]/C","lane_result_q_reg[1][4]/D","P2 lane result capture","FDCE=2;LUT2=1;LUT6=4"
957,0.869,5.000,4.128,1.085,3.043,0.737,5,"hperm_lane_base_q_reg[0]/C","lane_result_q_reg[1][5]/D","P2 lane result capture","FDCE=2;LUT2=1;LUT6=4"
958,0.869,5.000,4.128,1.085,3.043,0.737,5,"hperm_lane_base_q_reg[0]/C","lane_result_q_reg[2][36]/D","P2 lane result capture","FDCE=2;LUT2=1;LUT6=4"
959,0.869,5.000,4.128,1.085,3.043,0.737,5,"hperm_lane_base_q_reg[0]/C","lane_result_q_reg[2][37]/D","P2 lane result capture","FDCE=2;LUT2=1;LUT6=4"
960,1.065,5.000,3.932,1.846,2.086,0.531,6,"a_q_reg[4]/C","uop_p0_q_reg[src0_addr][5]/D","TOP control","CARRY4=2;FDCE=2;LUT4=2;LUT6=2"
961,1.065,5.000,3.932,1.846,2.086,0.531,6,"a_q_reg[4]/C","uop_p0_q_reg[src1_addr][5]/D","TOP control","CARRY4=2;FDCE=2;LUT4=2;LUT6=2"
962,1.148,5.000,3.775,0.993,2.782,0.737,4,"uop_p3_q_reg[op_type][1]/C","i_vrf/bank_ra_data_o_reg[0][0]/D","VRF/read/writeback","FDCE=2;LUT5=2;LUT6=1;RAMD64E=1"
963,1.148,5.000,3.775,0.993,2.782,0.737,4,"uop_p3_q_reg[op_type][1]/C","i_vrf/bank_ra_data_o_reg[0][10]/D","VRF/read/writeback","FDCE=2;LUT5=2;LUT6=1;RAMD64E=1"
964,1.148,5.000,3.775,0.993,2.782,0.737,4,"uop_p3_q_reg[op_type][1]/C","i_vrf/bank_ra_data_o_reg[0][11]/D","VRF/read/writeback","FDCE=2;LUT5=2;LUT6=1;RAMD64E=1"
965,1.148,5.000,3.775,0.993,2.782,0.737,4,"uop_p3_q_reg[op_type][1]/C","i_vrf/bank_ra_data_o_reg[0][12]/D","VRF/read/writeback","FDCE=2;LUT5=2;LUT6=1;RAMD64E=1"
966,1.148,5.000,3.775,0.993,2.782,0.737,4,"uop_p3_q_reg[op_type][1]/C","i_vrf/bank_ra_data_o_reg[0][13]/D","VRF/read/writeback","FDCE=2;LUT5=2;LUT6=1;RAMD64E=1"
967,1.148,5.000,3.775,0.993,2.782,0.737,4,"uop_p3_q_reg[op_type][1]/C","i_vrf/bank_ra_data_o_reg[0][14]/D","VRF/read/writeback","FDCE=2;LUT5=2;LUT6=1;RAMD64E=1"
968,1.148,5.000,3.775,0.993,2.782,0.737,4,"uop_p3_q_reg[op_type][1]/C","i_vrf/bank_ra_data_o_reg[0][15]/D","VRF/read/writeback","FDCE=2;LUT5=2;LUT6=1;RAMD64E=1"
969,1.148,5.000,3.775,0.993,2.782,0.737,4,"uop_p3_q_reg[op_type][1]/C","i_vrf/bank_ra_data_o_reg[0][16]/D","VRF/read/writeback","FDCE=2;LUT5=2;LUT6=1;RAMD64E=1"
970,1.148,5.000,3.775,0.993,2.782,0.737,4,"uop_p3_q_reg[op_type][1]/C","i_vrf/bank_ra_data_o_reg[0][17]/D","VRF/read/writeback","FDCE=2;LUT5=2;LUT6=1;RAMD64E=1"
971,1.148,5.000,3.775,0.993,2.782,0.737,4,"uop_p3_q_reg[op_type][1]/C","i_vrf/bank_ra_data_o_reg[0][18]/D","VRF/read/writeback","FDCE=2;LUT5=2;LUT6=1;RAMD64E=1"
972,1.148,5.000,3.775,0.993,2.782,0.737,4,"uop_p3_q_reg[op_type][1]/C","i_vrf/bank_ra_data_o_reg[0][19]/D","VRF/read/writeback","FDCE=2;LUT5=2;LUT6=1;RAMD64E=1"
973,1.148,5.000,3.775,0.993,2.782,0.737,4,"uop_p3_q_reg[op_type][1]/C","i_vrf/bank_ra_data_o_reg[0][1]/D","VRF/read/writeback","FDCE=2;LUT5=2;LUT6=1;RAMD64E=1"
974,1.148,5.000,3.775,0.993,2.782,0.737,4,"uop_p3_q_reg[op_type][1]/C","i_vrf/bank_ra_data_o_reg[0][20]/D","VRF/read/writeback","FDCE=2;LUT5=2;LUT6=1;RAMD64E=1"
975,1.148,5.000,3.775,0.993,2.782,0.737,4,"uop_p3_q_reg[op_type][1]/C","i_vrf/bank_ra_data_o_reg[0][21]/D","VRF/read/writeback","FDCE=2;LUT5=2;LUT6=1;RAMD64E=1"
976,1.148,5.000,3.775,0.993,2.782,0.737,4,"uop_p3_q_reg[op_type][1]/C","i_vrf/bank_ra_data_o_reg[0][22]/D","VRF/read/writeback","FDCE=2;LUT5=2;LUT6=1;RAMD64E=1"
977,1.148,5.000,3.775,0.993,2.782,0.737,4,"uop_p3_q_reg[op_type][1]/C","i_vrf/bank_ra_data_o_reg[0][23]/D","VRF/read/writeback","FDCE=2;LUT5=2;LUT6=1;RAMD64E=1"
978,1.148,5.000,3.775,0.993,2.782,0.737,4,"uop_p3_q_reg[op_type][1]/C","i_vrf/bank_ra_data_o_reg[0][24]/D","VRF/read/writeback","FDCE=2;LUT5=2;LUT6=1;RAMD64E=1"
979,1.148,5.000,3.775,0.993,2.782,0.737,4,"uop_p3_q_reg[op_type][1]/C","i_vrf/bank_ra_data_o_reg[0][25]/D","VRF/read/writeback","FDCE=2;LUT5=2;LUT6=1;RAMD64E=1"
980,1.148,5.000,3.775,0.993,2.782,0.737,4,"uop_p3_q_reg[op_type][1]/C","i_vrf/bank_ra_data_o_reg[0][26]/D","VRF/read/writeback","FDCE=2;LUT5=2;LUT6=1;RAMD64E=1"
981,1.148,5.000,3.775,0.993,2.782,0.737,4,"uop_p3_q_reg[op_type][1]/C","i_vrf/bank_ra_data_o_reg[0][27]/D","VRF/read/writeback","FDCE=2;LUT5=2;LUT6=1;RAMD64E=1"
982,1.148,5.000,3.775,0.993,2.782,0.737,4,"uop_p3_q_reg[op_type][1]/C","i_vrf/bank_ra_data_o_reg[0][28]/D","VRF/read/writeback","FDCE=2;LUT5=2;LUT6=1;RAMD64E=1"
983,1.148,5.000,3.775,0.993,2.782,0.737,4,"uop_p3_q_reg[op_type][1]/C","i_vrf/bank_ra_data_o_reg[0][29]/D","VRF/read/writeback","FDCE=2;LUT5=2;LUT6=1;RAMD64E=1"
984,1.148,5.000,3.775,0.993,2.782,0.737,4,"uop_p3_q_reg[op_type][1]/C","i_vrf/bank_ra_data_o_reg[0][2]/D","VRF/read/writeback","FDCE=2;LUT5=2;LUT6=1;RAMD64E=1"
985,1.148,5.000,3.775,0.993,2.782,0.737,4,"uop_p3_q_reg[op_type][1]/C","i_vrf/bank_ra_data_o_reg[0][30]/D","VRF/read/writeback","FDCE=2;LUT5=2;LUT6=1;RAMD64E=1"
986,1.148,5.000,3.775,0.993,2.782,0.737,4,"uop_p3_q_reg[op_type][1]/C","i_vrf/bank_ra_data_o_reg[0][31]/D","VRF/read/writeback","FDCE=2;LUT5=2;LUT6=1;RAMD64E=1"
987,1.148,5.000,3.775,0.993,2.782,0.737,4,"uop_p3_q_reg[op_type][1]/C","i_vrf/bank_ra_data_o_reg[0][32]/D","VRF/read/writeback","FDCE=2;LUT5=2;LUT6=1;RAMD64E=1"
988,1.148,5.000,3.775,0.993,2.782,0.737,4,"uop_p3_q_reg[op_type][1]/C","i_vrf/bank_ra_data_o_reg[0][33]/D","VRF/read/writeback","FDCE=2;LUT5=2;LUT6=1;RAMD64E=1"
989,1.148,5.000,3.775,0.993,2.782,0.737,4,"uop_p3_q_reg[op_type][1]/C","i_vrf/bank_ra_data_o_reg[0][34]/D","VRF/read/writeback","FDCE=2;LUT5=2;LUT6=1;RAMD64E=1"
990,1.148,5.000,3.775,0.993,2.782,0.737,4,"uop_p3_q_reg[op_type][1]/C","i_vrf/bank_ra_data_o_reg[0][35]/D","VRF/read/writeback","FDCE=2;LUT5=2;LUT6=1;RAMD64E=1"
991,1.148,5.000,3.775,0.993,2.782,0.737,4,"uop_p3_q_reg[op_type][1]/C","i_vrf/bank_ra_data_o_reg[0][36]/D","VRF/read/writeback","FDCE=2;LUT5=2;LUT6=1;RAMD64E=1"
992,1.148,5.000,3.775,0.993,2.782,0.737,4,"uop_p3_q_reg[op_type][1]/C","i_vrf/bank_ra_data_o_reg[0][37]/D","VRF/read/writeback","FDCE=2;LUT5=2;LUT6=1;RAMD64E=1"
993,1.148,5.000,3.775,0.993,2.782,0.737,4,"uop_p3_q_reg[op_type][1]/C","i_vrf/bank_ra_data_o_reg[0][38]/D","VRF/read/writeback","FDCE=2;LUT5=2;LUT6=1;RAMD64E=1"
994,1.148,5.000,3.775,0.993,2.782,0.737,4,"uop_p3_q_reg[op_type][1]/C","i_vrf/bank_ra_data_o_reg[0][39]/D","VRF/read/writeback","FDCE=2;LUT5=2;LUT6=1;RAMD64E=1"
995,1.148,5.000,3.775,0.993,2.782,0.737,4,"uop_p3_q_reg[op_type][1]/C","i_vrf/bank_ra_data_o_reg[0][3]/D","VRF/read/writeback","FDCE=2;LUT5=2;LUT6=1;RAMD64E=1"
996,1.148,5.000,3.775,0.993,2.782,0.737,4,"uop_p3_q_reg[op_type][1]/C","i_vrf/bank_ra_data_o_reg[0][40]/D","VRF/read/writeback","FDCE=2;LUT5=2;LUT6=1;RAMD64E=1"
997,1.148,5.000,3.775,0.993,2.782,0.737,4,"uop_p3_q_reg[op_type][1]/C","i_vrf/bank_ra_data_o_reg[0][41]/D","VRF/read/writeback","FDCE=2;LUT5=2;LUT6=1;RAMD64E=1"
998,1.148,5.000,3.775,0.993,2.782,0.737,4,"uop_p3_q_reg[op_type][1]/C","i_vrf/bank_ra_data_o_reg[0][42]/D","VRF/read/writeback","FDCE=2;LUT5=2;LUT6=1;RAMD64E=1"
999,1.148,5.000,3.775,0.993,2.782,0.737,4,"uop_p3_q_reg[op_type][1]/C","i_vrf/bank_ra_data_o_reg[0][43]/D","VRF/read/writeback","FDCE=2;LUT5=2;LUT6=1;RAMD64E=1"
1000,1.148,5.000,3.775,0.993,2.782,0.737,4,"uop_p3_q_reg[op_type][1]/C","i_vrf/bank_ra_data_o_reg[0][44]/D","VRF/read/writeback","FDCE=2;LUT5=2;LUT6=1;RAMD64E=1"
